Id,District
440010301001000,66
440010301001001,66
440010301001002,66
440010301001003,66
440010301001004,66
440010301001005,66
440010301001006,66
440010301001007,66
440010301001008,66
440010301001009,66
440010301001010,66
440010301001011,66
440010301001012,66
440010301001013,66
440010301001014,66
440010301001015,66
440010301001016,66
440010301001017,66
440010301001018,66
440010301001019,66
440010301001020,66
440010301001021,66
440010301001022,66
440010301001023,66
440010301001024,66
440010301001025,66
440010301001026,66
440010301001027,66
440010301001028,66
440010301001029,66
440010301001030,66
440010301001031,66
440010301001032,66
440010301001033,66
440010301001034,66
440010301001035,66
440010301001036,66
440010301002000,66
440010301002001,66
440010301002002,66
440010301002003,66
440010301002004,66
440010301002005,66
440010301002006,66
440010301002007,66
440010301002008,66
440010301002009,66
440010301002010,66
440010301002011,66
440010301002012,66
440010301002013,66
440010301002014,66
440010301002015,66
440010301002016,66
440010301002017,66
440010301002018,66
440010301002019,66
440010301002020,66
440010301002021,66
440010301002022,66
440010301003000,66
440010301003001,66
440010301003002,66
440010301003003,66
440010301003004,66
440010301003005,66
440010301003006,66
440010301003007,66
440010301003008,66
440010301003009,66
440010301003010,66
440010301003011,66
440010301003012,66
440010301003013,66
440010301003014,66
440010301003015,66
440010301003016,66
440010301003017,66
440010301003018,66
440010301003019,66
440010301003020,66
440010301003021,66
440010301003022,66
440010301003023,66
440010301003024,66
440010301003025,66
440010301003026,66
440010301003027,66
440010301003028,66
440010301003029,66
440010301003030,66
440010301003031,66
440010301003032,66
440010301004000,66
440010301004001,66
440010301004002,66
440010301004003,66
440010301004004,66
440010301004005,66
440010301004006,66
440010301004007,66
440010301004008,66
440010301004009,66
440010301004010,66
440010301004011,66
440010301004012,66
440010301004013,66
440010301004014,66
440010301004015,66
440010301004016,66
440010301004017,66
440010301004018,66
440010301004019,66
440010301004020,66
440010301004021,66
440010301004022,66
440010301004023,66
440010301004024,66
440010301004025,66
440010301004026,66
440010301004027,66
440010301004028,66
440010301004029,66
440010301004030,66
440010301004031,66
440010303001000,67
440010303001001,67
440010303001002,67
440010303001003,67
440010303001004,67
440010303001005,67
440010303001006,67
440010303001007,67
440010303001008,67
440010303001009,67
440010303001010,67
440010303001011,67
440010303001012,67
440010303001013,67
440010303001014,67
440010303001015,67
440010303001016,67
440010303001017,67
440010303001018,67
440010303001019,67
440010303001020,67
440010303001021,67
440010303001022,67
440010303001023,67
440010303001024,67
440010303001025,67
440010303001026,67
440010303001027,67
440010303001028,67
440010303001029,67
440010303002000,67
440010303002001,67
440010303002002,67
440010303002003,67
440010303002004,67
440010303002005,67
440010303002006,67
440010303002007,67
440010303002008,67
440010303002009,67
440010303002010,67
440010303002011,67
440010303002012,67
440010303002013,67
440010303002014,67
440010303002015,67
440010303002016,67
440010303002017,67
440010303002018,67
440010303002019,67
440010303002020,67
440010303002021,67
440010303002022,67
440010303002023,67
440010303002024,67
440010303002025,67
440010303002026,67
440010303002027,67
440010303002028,67
440010303002029,67
440010303002030,67
440010303002031,67
440010303002032,67
440010303002033,67
440010303002034,67
440010303003000,67
440010303003001,67
440010303003002,67
440010303003003,67
440010303003004,67
440010303003005,67
440010303003006,67
440010303003007,67
440010303003008,67
440010303003009,67
440010303003010,67
440010303003011,67
440010303003012,67
440010303003013,67
440010303003014,67
440010303003015,67
440010303003016,67
440010303003017,67
440010303003018,67
440010303003019,67
440010303003020,67
440010303003021,67
440010303003022,67
440010303003023,67
440010303003024,67
440010303003025,67
440010305001000,67
440010305001001,67
440010305001002,67
440010305001003,67
440010305001004,67
440010305001005,67
440010305001006,67
440010305001007,67
440010305001008,67
440010305001009,67
440010305001010,67
440010305001011,67
440010305001012,67
440010305001013,67
440010305001014,67
440010305001015,67
440010305001016,67
440010305001017,67
440010305001018,67
440010305001019,67
440010305001020,67
440010305001021,67
440010305001022,67
440010305001023,67
440010305001024,67
440010305001025,67
440010305001026,67
440010306011000,67
440010306011001,67
440010306011002,67
440010306011003,67
440010306011004,67
440010306011005,67
440010306011006,67
440010306011007,67
440010306011008,67
440010306011009,67
440010306011010,67
440010306011011,67
440010306011012,67
440010306011013,67
440010306011014,67
440010306011015,67
440010306011016,67
440010306011017,67
440010306011018,67
440010306011019,67
440010306011020,67
440010306011021,67
440010306011022,67
440010306011023,67
440010306011024,67
440010306011025,67
440010306011026,67
440010306012000,67
440010306012001,67
440010306012002,67
440010306012003,67
440010306012004,67
440010306012005,67
440010306012006,67
440010306012007,67
440010306012008,67
440010306012009,67
440010306012010,67
440010306012011,67
440010306012012,67
440010306012013,67
440010306012014,67
440010306012015,67
440010306012016,67
440010306012017,67
440010306012018,67
440010306012019,67
440010306012020,67
440010306012021,67
440010306012022,67
440010306012023,67
440010306012024,67
440010306012025,67
440010306012026,67
440010306012027,67
440010306012028,67
440010306012029,67
440010306013000,67
440010306013001,67
440010306013002,67
440010306013003,67
440010306013004,67
440010306013005,67
440010306013006,67
440010306013007,67
440010306013008,67
440010306013009,67
440010306013010,67
440010306013011,67
440010306013012,67
440010306013013,67
440010306013014,67
440010306013015,67
440010306013016,67
440010306013017,67
440010306013018,67
440010306013019,67
440010306013020,67
440010306013021,67
440010306013022,67
440010306013023,67
440010306013024,67
440010306013025,67
440010306013026,67
440010306013027,67
440010306023000,68
440010306023001,68
440010306023002,68
440010306023003,68
440010306023004,68
440010306023005,68
440010306023006,68
440010306023007,68
440010306023008,68
440010306023009,68
440010306023010,68
440010306023011,68
440010306023012,68
440010306023013,68
440010306023014,68
440010306023015,68
440010306023016,68
440010306023017,68
440010306023018,68
440010306023019,68
440010306023020,68
440010306024000,68
440010306024001,68
440010306024002,68
440010306024003,68
440010306024004,68
440010306024005,68
440010306024006,68
440010306024007,68
440010306024008,68
440010306024009,68
440010306024010,68
440010306024011,68
440010306024012,68
440010306024013,68
440010306024014,68
440010306024015,68
440010306024016,68
440010306024017,68
440010306024018,68
440010306024019,68
440010306024020,68
440010306024021,68
440010307004000,68
440010307004001,68
440010307004002,68
440010307004003,68
440010307004004,68
440010307004005,68
440010307004006,68
440010307004007,68
440010307004008,68
440010307004009,68
440010307004010,68
440010307004011,68
440010307004012,68
440010307004013,68
440010307004014,68
440010307004015,68
440010307004016,68
440010307004017,68
440010307004018,68
440010307004019,68
440010307004020,68
440010307004021,68
440010307004022,68
440010307004023,68
440010308001000,69
440010308001001,69
440010308001002,69
440010308001003,69
440010308001004,69
440010308001005,69
440010308001006,69
440010308001007,69
440010308001008,69
440010308001009,69
440010308001010,69
440010308001011,69
440010308001012,69
440010308001013,69
440010308001014,69
440010308001015,69
440010308001016,69
440010308001017,69
440010308001018,69
440010308001019,69
440010308002000,69
440010308002001,69
440010308002002,69
440010308002003,69
440010308002004,69
440010308002005,69
440010308002006,69
440010308002007,69
440010308002008,69
440010308002009,69
440010308002010,69
440010308002011,69
440010308002012,69
440010308002013,69
440010308002014,69
440010308002015,69
440010308002016,69
440010308002017,69
440010308002018,69
440010308002019,69
440010308002020,69
440010308002021,69
440010308002022,69
440010308002023,69
440010308002024,69
440010308002025,69
440010308002026,69
440010308002027,69
440010308002028,69
440010308002029,69
440010308002030,69
440010308003000,69
440010308003001,69
440010308003002,69
440010308003003,69
440010308003004,69
440010308003005,69
440010308003006,69
440010308003007,69
440010308003008,69
440010308003009,69
440010308003010,69
440010308003011,69
440010308003012,69
440010308003013,69
440010308003014,69
440010308003015,69
440010308003016,69
440010308003017,69
440010308003018,69
440010308003019,69
440010308003020,69
440010308003021,69
440010308003022,69
440010308003023,69
440010308003024,69
440010308003025,69
440010308004000,69
440010308004001,69
440010308004002,69
440010308004003,69
440010308004004,69
440010308004005,69
440010308004006,69
440010308004007,69
440010308004008,69
440010308004009,69
440010308004010,69
440010308004011,69
440010309012000,69
440010309012001,69
440010309012002,69
440010309012003,69
440010309012004,69
440010309012005,69
440010309012006,69
440010309012007,69
440010309012008,69
440010309012009,69
440010309012010,69
440010309012011,69
440010309012012,69
440010309012013,69
440010309012014,69
440010309012015,69
440010309012016,69
440010309012017,69
440010309012018,69
440010309012019,69
440010309012020,69
440010309012021,69
440010309012022,69
440010309012023,69
440010309012024,69
440010309012025,69
440010309012026,69
440010309012027,69
440010309012028,69
440010309012029,69
440010309012030,69
440010309012031,69
440010309012032,69
440010309012033,69
440010309012034,69
440010309012035,69
440010309012036,69
440010309012037,69
440010309012038,69
440010309012039,69
440010309012040,69
440010309012041,69
440010309012042,69
440010309012043,69
440010309012044,69
440010309012045,69
440010309012046,69
440010309012047,69
440010309012048,69
440010309012049,69
440010309012050,69
440010309012051,69
440010309013000,69
440010309013001,69
440010309013002,69
440010309013003,69
440010309013004,69
440010309013005,69
440010309013006,69
440010309013007,69
440010309013008,69
440010309013009,69
440010309013010,69
440010309013011,69
440010309013012,69
440010309013013,69
440010309013014,69
440010309013015,69
440010309013016,69
440010309013017,69
440010309013018,69
440010309013019,69
440010309013020,69
440010309013021,69
440010309013022,69
440010309013023,69
440010309013024,69
440010309013025,69
440010309013026,69
440010309013027,69
440010309013028,69
440010309013029,69
440010309013030,69
440010309013031,69
440010309013032,69
440010309013033,69
440010309013034,69
440010309013035,69
440010309013036,69
440010309013037,69
440010309013038,69
440010309013039,69
440010309013040,69
440010309013041,69
440010309021000,68
440010309021001,68
440010309021002,68
440010309021003,68
440010309021004,68
440010309021005,68
440010309021006,68
440010309021007,68
440010309021008,68
440010309021009,68
440010309021010,68
440010309021011,68
440010309021012,68
440010309021013,68
440010309021014,68
440010309021015,68
440010309021016,68
440010309021017,68
440010309021018,68
440010309021019,68
440010309022000,68
440010309022001,68
440010309022002,68
440010309022003,68
440010309022004,68
440010309022005,68
440010309022006,68
440010309022007,68
440010309022008,68
440010309022009,68
440010309022010,68
440010309022011,68
440010309022012,68
440010309022013,68
440010309022014,68
440010309022015,68
440010309022016,68
440010309022017,68
440010309022018,68
440010309022019,68
440010309022020,68
440010309022021,68
440010309022022,68
440010309022023,68
440010309022024,68
440010309022025,68
440010309022026,68
440010309022027,68
440010309022028,68
440010309022029,68
440010309022030,68
440010309022031,68
440010309022032,68
440010309022033,68
440010309022034,68
440010309022035,68
440010309022036,68
440010309022037,68
440010309022038,68
440010309022039,68
440010309022040,68
440010309022041,68
440010309022042,68
440010309022043,68
440010309022044,68
440010309022045,68
440010309022046,68
440010309022047,68
440010309022048,68
440010309023000,68
440010309023001,68
440010309023002,68
440010309023003,68
440010309023004,68
440010309023005,68
440010309023006,68
440010309023007,68
440010309023008,68
440010309023009,68
440010309023010,68
440010309023011,68
440010309023012,68
440010309023013,68
440010309023014,68
440010309023015,68
440010309023016,68
440010309023017,68
440010309023018,68
440010309023019,68
440010309023020,68
440010309023021,68
440010309023022,68
440010309023023,68
440010309023024,68
440010309023025,68
440010309023026,68
440010309023027,68
440010309023028,68
440010309023029,68
440010309023030,68
440010309023031,68
440010309023032,68
440010309023033,68
440010309023034,68
440010309023035,68
440010309023036,68
440010309023037,68
440010309023038,68
440010309023039,68
440010309023040,68
440010309023041,68
440010309023042,68
440010309023043,68
440010309023044,68
440010309023045,68
440010309023046,68
440010309023047,68
440010309023048,68
440010309023049,68
440010309023050,68
440010309023051,68
440010309023052,68
440010309023053,68
440010309023054,68
440010309023055,68
440010309023056,68
440010309023057,68
440030201011000,27
440030201011001,27
440030201011002,27
440030201011003,27
440030201011004,27
440030201011005,27
440030201011006,27
440030201011007,27
440030201011008,27
440030201011009,27
440030201011010,27
440030201011011,27
440030201011012,27
440030201011013,27
440030201011014,27
440030201011015,27
440030201011016,27
440030201011017,27
440030201011018,27
440030201011019,27
440030201011020,27
440030201011021,27
440030201011022,27
440030201011023,27
440030201011024,27
440030201011025,27
440030201011026,27
440030201011027,27
440030201011028,27
440030201011029,27
440030201011030,27
440030201011031,27
440030201012000,27
440030201012001,27
440030201012002,27
440030201012003,27
440030201012004,27
440030201012005,27
440030201012006,27
440030201012007,27
440030201012008,27
440030201012009,27
440030201012010,27
440030201012011,27
440030201012012,27
440030201012013,27
440030201012014,27
440030201012015,27
440030201012016,27
440030201012017,27
440030201012018,27
440030201012019,27
440030201012020,27
440030201012021,27
440030201012022,27
440030201012023,27
440030201012024,27
440030201012025,27
440030201012026,27
440030201012027,27
440030201012028,27
440030201013000,27
440030201013001,27
440030201013002,27
440030201013003,27
440030201013004,27
440030201013005,27
440030201013006,27
440030201013007,27
440030201013008,27
440030201013009,27
440030201013010,27
440030201013011,27
440030201013012,27
440030201013013,27
440030201013014,27
440030201013015,27
440030201013016,27
440030201013017,27
440030201013018,27
440030201013019,27
440030201013020,27
440030201013021,27
440030201013022,27
440030201013023,27
440030201013024,27
440030201013025,27
440030201013026,27
440030201021000,27
440030201021001,27
440030201021002,27
440030201021003,27
440030201021004,27
440030201021005,27
440030201021006,27
440030201021007,27
440030201021008,27
440030201021009,27
440030201021010,27
440030201021011,27
440030201021012,27
440030201021013,27
440030201021014,27
440030201021015,27
440030201021016,27
440030201021017,27
440030201021018,27
440030201021019,27
440030203002000,25
440030203002001,25
440030203002002,25
440030203002003,25
440030203002004,25
440030203002005,25
440030203002006,25
440030203002007,25
440030203002008,25
440030203002009,25
440030203002010,25
440030203002011,25
440030203002012,25
440030203002013,25
440030203002014,25
440030203002015,25
440030203002016,25
440030203002017,25
440030203002018,25
440030203002019,25
440030203003000,25
440030203003001,25
440030203003002,25
440030203003003,25
440030203003004,25
440030203003005,25
440030203003006,25
440030203003007,25
440030203003008,25
440030203003009,25
440030203003010,25
440030203003011,25
440030203003012,25
440030203003013,25
440030203003014,25
440030203003015,25
440030203003016,25
440030203003017,25
440030203003018,25
440030203003019,25
440030203003020,25
440030203003021,25
440030203003022,25
440030203003023,25
440030203003024,25
440030203003025,25
440030203003026,25
440030203003027,25
440030203003028,25
440030203003029,25
440030203003030,25
440030203003031,25
440030203003032,25
440030203004000,25
440030203004001,25
440030203004002,25
440030203004003,25
440030203004004,25
440030203004005,25
440030203004006,25
440030203004007,25
440030203004008,25
440030203004009,25
440030203004010,25
440030203004011,25
440030203004012,25
440030203004013,25
440030203004014,25
440030203004015,25
440030203004016,25
440030203005000,25
440030203005001,25
440030203005002,25
440030203005003,25
440030203005004,25
440030203005005,25
440030203005006,25
440030203005007,25
440030203005008,25
440030203005009,25
440030203005010,25
440030203005011,25
440030203005012,25
440030203005013,25
440030203005014,25
440030203005015,25
440030203005016,25
440030203005017,25
440030203005018,25
440030203005019,25
440030203005020,25
440030203005021,25
440030204001000,26
440030204001001,26
440030204001002,26
440030204001003,26
440030204001004,26
440030204001005,26
440030204001006,26
440030204001007,26
440030204001008,26
440030204001009,26
440030204001010,26
440030204001011,26
440030204001012,26
440030204001013,26
440030204002000,26
440030204002001,26
440030204002002,26
440030204002003,26
440030204002004,26
440030204002005,26
440030204002006,26
440030204002007,26
440030204002008,26
440030204002009,26
440030204002010,26
440030204002011,26
440030204002012,26
440030204002013,26
440030204002014,26
440030204002015,26
440030204003000,26
440030204003001,26
440030204003002,26
440030204003003,26
440030204003004,26
440030204003005,26
440030204003006,26
440030204003007,26
440030204003008,26
440030204003009,26
440030204003010,26
440030204003011,26
440030204003012,26
440030204003013,26
440030204003014,26
440030204003015,26
440030204003016,26
440030204003017,26
440030204003018,26
440030204003019,26
440030204003020,26
440030204003021,26
440030204003022,26
440030204003023,26
440030204003024,26
440030204003025,26
440030204003026,26
440030204003027,26
440030204003028,26
440030204003029,26
440030204003030,26
440030205001000,26
440030205001001,26
440030205001002,26
440030205001003,26
440030205001004,26
440030205001005,26
440030205001006,26
440030205001007,26
440030205001008,26
440030205001009,26
440030205001010,26
440030205001011,26
440030205001012,26
440030205001013,26
440030205001014,26
440030205001015,26
440030205001016,26
440030205001017,26
440030205001018,26
440030205001019,26
440030205001020,26
440030205001021,26
440030205001022,26
440030205001023,26
440030205001024,26
440030205001025,26
440030205001026,26
440030205001027,26
440030205001028,26
440030205001029,26
440030205001030,26
440030205001031,26
440030205001032,26
440030205001033,26
440030205001034,26
440030205001035,26
440030205001036,26
440030205001037,26
440030205001038,26
440030205001039,26
440030205001040,26
440030205001041,26
440030205002000,26
440030205002001,26
440030205002002,26
440030205002003,26
440030205002004,26
440030205002005,26
440030205002006,26
440030205002007,26
440030205002008,26
440030205002009,26
440030205002010,26
440030205002011,26
440030205002012,26
440030205002013,26
440030205002014,26
440030205002015,26
440030205002016,26
440030205002017,26
440030205002018,26
440030205002019,26
440030205002020,26
440030205002021,26
440030205002022,26
440030205002023,26
440030205002024,26
440030205002025,26
440030205002026,26
440030205002027,26
440030205002028,26
440030205002029,26
440030205003000,26
440030205003001,26
440030205003002,26
440030205003003,26
440030205003004,26
440030205003005,26
440030205003006,26
440030205003007,26
440030205003008,26
440030205003009,26
440030205003010,26
440030205003011,26
440030205003012,26
440030205003013,26
440030205003014,26
440030205003015,26
440030205003016,26
440030205003017,26
440030205003018,26
440030206011000,26
440030206011001,26
440030206011002,26
440030206011003,26
440030206011004,26
440030206011005,26
440030206011006,26
440030206011007,26
440030206011008,26
440030206011009,26
440030206011010,26
440030206011011,26
440030206011012,26
440030206011013,26
440030206011014,26
440030206011015,26
440030206011016,26
440030206011017,26
440030206011018,26
440030206011019,26
440030206011020,26
440030206011021,26
440030206011022,26
440030206011023,26
440030206011024,26
440030206011025,26
440030206011026,26
440030206011027,26
440030206011028,26
440030206011029,26
440030206013000,28
440030206013001,28
440030206013002,28
440030206013003,28
440030206013004,28
440030206013005,28
440030206013006,28
440030206013007,28
440030206013008,28
440030206013009,28
440030206013010,28
440030206013011,28
440030206014000,26
440030206014001,26
440030206014002,26
440030206014003,26
440030206014004,26
440030206014005,26
440030206014006,26
440030206014007,26
440030206014008,26
440030206014009,26
440030206014010,26
440030206014011,26
440030206014012,26
440030206014013,26
440030206014014,26
440030206014015,26
440030206014016,26
440030206014017,26
440030206014018,26
440030206014019,26
440030206014020,26
440030206014021,26
440030206014022,26
440030206014023,26
440030206032000,29
440030206032001,29
440030206032002,29
440030206032003,29
440030206032004,29
440030206032005,29
440030206032006,29
440030206032007,29
440030206032008,29
440030206032009,29
440030206032010,29
440030206032011,29
440030206032012,29
440030206032013,29
440030206032014,29
440030206032015,29
440030206032016,29
440030206032017,29
440030206032018,29
440030206032019,29
440030206032020,29
440030206032021,29
440030206032022,29
440030206032023,29
440030206041000,28
440030206041001,28
440030206041002,28
440030206041003,28
440030206041004,28
440030206041005,28
440030206041006,28
440030206041007,28
440030206041008,28
440030206041009,28
440030206041010,28
440030206041011,28
440030206041012,28
440030206041013,28
440030206041014,28
440030206041015,28
440030206041016,28
440030206041017,28
440030206041018,28
440030206041019,28
440030206041020,28
440030206041021,28
440030206041022,28
440030206041023,28
440030206041024,28
440030206041025,28
440030206041026,28
440030206041027,28
440030206041028,28
440030206041029,28
440030206041030,28
440030206041031,28
440030206041032,28
440030206042000,25
440030206042001,25
440030206042002,25
440030206042003,25
440030206042004,25
440030206042005,25
440030206042006,25
440030206042007,25
440030206042008,25
440030206042009,25
440030206042010,25
440030206042011,25
440030206042012,25
440030206042013,25
440030206042014,25
440030206042015,25
440030206042016,25
440030206042017,25
440030206042018,25
440030206042019,25
440030206042020,25
440030206042021,25
440030206042022,25
440030206042023,25
440030206042024,25
440030206042025,25
440030206042026,25
440030206042027,25
440030206042028,25
440030207011000,40
440030207011001,40
440030207011002,40
440030207011003,40
440030207011004,40
440030207011005,40
440030207011006,40
440030207011007,40
440030207011008,40
440030207011009,40
440030207011010,40
440030207011011,40
440030207011012,40
440030207011013,40
440030207011014,40
440030207011015,40
440030207011016,40
440030207011017,40
440030207011018,40
440030207011019,40
440030207011020,40
440030207011021,40
440030207011022,40
440030207011023,40
440030207011024,40
440030207011025,40
440030207011026,40
440030207011027,40
440030207011028,40
440030207011029,40
440030207011030,40
440030207011031,40
440030207011032,40
440030207011033,40
440030207011034,40
440030207011035,40
440030207011036,40
440030207011037,40
440030207011038,40
440030207011039,40
440030207011040,40
440030207011041,40
440030207011042,40
440030207011043,40
440030207011044,40
440030207011045,40
440030207011046,40
440030207011047,40
440030207011048,40
440030207011049,40
440030207011050,40
440030207011051,40
440030207011052,40
440030207011053,40
440030207011054,40
440030207011055,40
440030207011056,40
440030207011057,40
440030207011058,40
440030207011059,40
440030207011060,40
440030207011061,40
440030207011062,40
440030207011063,40
440030207011064,40
440030207011065,40
440030207011066,40
440030207011067,40
440030207011068,40
440030207011069,40
440030207011070,40
440030207011071,40
440030207011072,40
440030207011073,40
440030207011074,40
440030207011075,40
440030207011076,40
440030207011077,40
440030207011078,40
440030207011079,40
440030207011080,40
440030207011081,40
440030207011082,40
440030207011083,40
440030207011084,40
440030207011085,40
440030207011086,40
440030207011087,40
440030207011088,40
440030207011089,40
440030207011090,40
440030207011091,40
440030207011092,40
440030207011093,40
440030207011094,40
440030207011095,40
440030207011096,40
440030207011097,40
440030207011098,40
440030207011099,40
440030207011100,40
440030207011101,40
440030207011102,40
440030207011103,40
440030207021000,28
440030207021001,28
440030207021002,28
440030207021003,28
440030207021004,28
440030207021005,28
440030207021006,28
440030207021007,28
440030207021008,28
440030207021009,28
440030207021010,28
440030207021011,28
440030207021012,28
440030207021013,28
440030207021014,28
440030207021015,28
440030207021016,28
440030207021017,28
440030207021018,28
440030207021019,28
440030207021020,28
440030207021021,28
440030207021022,28
440030207021023,28
440030207021024,28
440030207021025,28
440030207021026,28
440030207021027,28
440030207021028,28
440030207021029,28
440030207021030,28
440030207021031,28
440030207021032,28
440030207021033,28
440030207021034,28
440030207021035,28
440030207021036,28
440030207021037,28
440030207021038,28
440030207031000,28
440030207031001,28
440030207031002,28
440030207031003,28
440030207031004,28
440030207031005,28
440030207031006,28
440030207031007,28
440030207031008,28
440030207031009,28
440030207031010,28
440030207031011,28
440030207031012,28
440030207031013,28
440030207031014,28
440030207031015,28
440030207031016,28
440030207031017,28
440030207031018,28
440030207031019,28
440030207031020,28
440030207031021,28
440030207031022,28
440030207031023,28
440030207031024,28
440030207031025,28
440030207031026,28
440030207031027,28
440030207031028,28
440030207031029,28
440030207031030,28
440030207031031,28
440030207031032,28
440030207031033,28
440030207031034,28
440030207031035,28
440030207031036,28
440030207031037,28
440030207032000,29
440030207032001,29
440030207032002,29
440030207032003,29
440030207032004,29
440030207032005,29
440030207032006,29
440030207032007,29
440030207032008,29
440030207032009,29
440030207032010,29
440030207032011,29
440030207032012,29
440030207032013,29
440030207032014,29
440030207032015,29
440030207032016,29
440030207032017,29
440030207032018,29
440030207032019,29
440030207032020,29
440030207032021,29
440030207032022,29
440030207032023,29
440030207032024,29
440030207032025,29
440030207032026,29
440030209011000,30
440030209011001,30
440030209011002,30
440030209011003,30
440030209011004,30
440030209011005,30
440030209011006,30
440030209011007,30
440030209011008,30
440030209011009,30
440030209011010,30
440030209011011,30
440030209011012,30
440030209011013,30
440030209011014,30
440030209011015,30
440030209011016,30
440030209011017,30
440030209011018,30
440030209011019,30
440030209011020,30
440030209011021,30
440030209011022,30
440030209011023,30
440030209011024,30
440030209011025,30
440030209011026,30
440030209011027,30
440030209011028,30
440030209011029,30
440030209011030,30
440030209011031,30
440030209011032,30
440030209011033,30
440030209011034,30
440030209011035,30
440030209011036,30
440030209011037,30
440030209011038,30
440030209011039,30
440030209011040,30
440030209011041,30
440030209012000,30
440030209012001,30
440030209012002,30
440030209012003,30
440030209012004,30
440030209012005,30
440030209012006,30
440030209012007,30
440030209012008,30
440030209012009,30
440030209012010,30
440030209012011,30
440030209012012,30
440030209012013,30
440030209012014,30
440030209012015,30
440030209012016,30
440030209012017,30
440030209012018,30
440030209012019,30
440030209012020,30
440030209012021,30
440030209012022,30
440030209012023,30
440030209012024,30
440030209012025,30
440030209013000,30
440030209013001,30
440030209013002,30
440030209013003,30
440030209013004,30
440030209013005,30
440030209013006,30
440030209013007,30
440030209013008,30
440030209013009,30
440030209013010,30
440030209013011,30
440030209013012,30
440030209013013,30
440030209013014,30
440030209013015,30
440030209013016,30
440030209013017,30
440030209013018,30
440030209013019,30
440030209013020,30
440030209013021,30
440030209013022,30
440030209013023,30
440030209013024,30
440030209013025,30
440030209013026,30
440030209013027,30
440030209013028,30
440030209013029,30
440030209014000,30
440030209014001,30
440030209014002,30
440030209014003,30
440030209014004,30
440030209014005,30
440030209014006,30
440030209014007,30
440030209014008,30
440030209014009,30
440030209014010,30
440030209014011,30
440030209014012,30
440030209014013,30
440030209014014,30
440030209014015,30
440030209014016,30
440030209014017,30
440030209014018,30
440030209014019,30
440030209014020,30
440030209014021,30
440030209014022,30
440030209014023,30
440030209014024,30
440030209014025,30
440030209014026,30
440030209014027,30
440030209014028,30
440030209031000,30
440030209031001,30
440030209031002,30
440030209031003,30
440030209031004,30
440030209031005,30
440030209031006,30
440030209031007,30
440030209031008,30
440030209031009,30
440030209031010,30
440030209031011,30
440030209031012,30
440030209031013,30
440030209031014,30
440030209031015,30
440030209031016,30
440030209031017,30
440030209031018,30
440030209031019,30
440030209031020,30
440030209031021,30
440030209031022,30
440030209031023,30
440030209031024,30
440030209031025,30
440030209031026,30
440030209031027,30
440030209031028,30
440030209031029,30
440030209031030,30
440030209031031,30
440030209031032,30
440030209031033,30
440030209031034,30
440030209031035,30
440030209031036,30
440030209031037,30
440030209031038,30
440030209031039,30
440030209031040,30
440030209031041,30
440030209031042,30
440030209031043,30
440030209031044,30
440030209031045,30
440030209031046,30
440030209031047,30
440030209031048,30
440030209031049,30
440030209031050,30
440030209031051,30
440030209031052,30
440030209031053,30
440030209031054,30
440030209032000,30
440030209032001,30
440030209032002,30
440030209032003,30
440030209032004,30
440030209032005,30
440030209032006,30
440030209032007,30
440030209032008,30
440030209032009,30
440030209032010,30
440030209032011,30
440030209032012,30
440030209032013,30
440030209032014,30
440030209032015,30
440030209032016,30
440030209032017,30
440030209032018,30
440030209032019,30
440030209032020,30
440030209032021,30
440030209032022,30
440030209032023,30
440030209032024,30
440030209032025,30
440030209032026,30
440030209032027,30
440030209032028,30
440030209032029,30
440030209032030,30
440030209032031,30
440030209032032,30
440030209032033,30
440030209032034,30
440030209032035,30
440030209032036,30
440030209032037,30
440030209032038,30
440030209032039,30
440030209032040,30
440030209032041,30
440030209032042,30
440030209032043,30
440030209032044,30
440030209032045,30
440030209032046,30
440030209032047,30
440030209032048,30
440030209032049,30
440030209032050,30
440030209032051,30
440030209032052,30
440030209032053,30
440030209032054,30
440030209032055,30
440030209032056,30
440030209032057,30
440030209032058,30
440030209032059,30
440030209032060,30
440030209032061,30
440030209032062,30
440030209032063,30
440030209032064,30
440030209032065,30
440030209032066,30
440030209032067,30
440030209032068,30
440030209032069,30
440030209033000,30
440030209033001,30
440030209033002,30
440030209033003,30
440030209033004,30
440030209033005,30
440030209033006,30
440030209033007,30
440030209033008,30
440030209033009,30
440030209033010,30
440030209033011,30
440030209033012,30
440030209033013,30
440030209033014,30
440030209033015,30
440030209033016,30
440030209033017,30
440030209033018,30
440030209033019,30
440030209033020,30
440030209033021,30
440030209033022,30
440030209033023,30
440030209033024,30
440030209033025,30
440030209033026,30
440030209033027,30
440030209033028,30
440030209033029,30
440030209041000,30
440030209041001,30
440030209041002,30
440030209041003,30
440030209041004,30
440030209041005,30
440030209041006,30
440030209041007,30
440030209041008,30
440030209041009,30
440030209041010,30
440030209041011,30
440030209041012,30
440030209041013,30
440030209041014,30
440030209041015,30
440030209041016,30
440030209041017,30
440030209041018,30
440030209041019,30
440030209041020,30
440030209041021,30
440030209041022,30
440030209041023,30
440030209041024,30
440030209041025,30
440030209041026,30
440030209041027,30
440030209041028,30
440030209041029,30
440030209041030,30
440030209041031,30
440030209041032,30
440030209041033,30
440030209041034,30
440030209041035,30
440030209041036,30
440030209041037,30
440030209041038,30
440030209041039,30
440030209041040,30
440030209041041,30
440030209041042,30
440030209041043,30
440030209041044,30
440030209041045,30
440030209041046,30
440030209041047,30
440030209041048,30
440030209041049,30
440030209041050,30
440030209042000,30
440030209042001,30
440030209042002,30
440030209042003,30
440030209042004,30
440030209042005,30
440030209042006,30
440030209042007,30
440030209042008,30
440030209042009,30
440030209042010,30
440030209042011,30
440030209042012,30
440030209042013,30
440030209042014,30
440030209042015,30
440030209042016,30
440030209042017,30
440030209042018,30
440030209042019,30
440030209042020,30
440030209042021,30
440030209042022,30
440030209042023,30
440030209042024,30
440030209042025,30
440030209042026,30
440030209042027,30
440030209042028,30
440030209042029,30
440030209042030,30
440030209042031,30
440030209042032,30
440030209042033,30
440030209042034,30
440030209042035,30
440030209042036,30
440030209042037,30
440030209042038,30
440030209042039,30
440030209042040,30
440030209042041,30
440030209042042,30
440030209042043,30
440030209042044,30
440030209042045,30
440030209042046,30
440030209042047,30
440030209042048,30
440030209042049,30
440030209042050,30
440030210011000,19
440030210011001,19
440030210011002,19
440030210011003,19
440030210011004,19
440030210011005,19
440030210011006,19
440030210011007,19
440030210011008,19
440030210011009,19
440030210011010,19
440030210011011,19
440030210011012,19
440030210011013,19
440030210011014,19
440030210011015,19
440030210011016,19
440030210011017,19
440030210011018,19
440030210011019,19
440030210011020,19
440030210011021,19
440030210011022,19
440030210011023,19
440030210011024,19
440030210011025,19
440030210011026,19
440030210011027,19
440030210011028,19
440030210011029,19
440030210011030,19
440030210011031,19
440030210011032,19
440030210011033,19
440030210011034,19
440030210011035,19
440030210021000,19
440030210021001,19
440030210021002,19
440030210021003,19
440030210021004,19
440030210021005,19
440030210021006,19
440030210021007,19
440030210021008,19
440030210021009,19
440030210021010,19
440030210021011,19
440030210021012,19
440030210021013,19
440030210021014,19
440030210021015,19
440030210021016,19
440030210021017,19
440030210021018,19
440030210021019,19
440030210021020,19
440030210021021,19
440030210021022,19
440030210021023,19
440030210021024,19
440030210021025,19
440030210021026,19
440030210021027,19
440030210021028,19
440030210021029,19
440030210021030,19
440030210021031,19
440030210021032,19
440030210021033,19
440030210021034,19
440030210021035,19
440030210021036,19
440030210022000,19
440030210022001,19
440030210022002,19
440030210022003,19
440030210022004,19
440030210022005,19
440030210022006,19
440030210022007,19
440030210022008,19
440030210022009,19
440030210022010,19
440030210022011,19
440030210022012,19
440030210022013,19
440030210022014,19
440030210022015,19
440030210022016,19
440030210022017,19
440030210022018,19
440030210022019,19
440030210022020,19
440030210022021,19
440030210022022,19
440030210022023,19
440030210022024,19
440030210022025,19
440030210022026,19
440030210022027,19
440030210022028,19
440030210022029,19
440030210022030,19
440030210022031,19
440030210022032,19
440030210022033,19
440030210022034,19
440030210022035,19
440030210022036,19
440030210022037,19
440030210022038,19
440030210022039,19
440030210022040,19
440030210023000,19
440030210023001,19
440030210023002,19
440030210023003,19
440030210023004,19
440030210023005,19
440030210023006,19
440030210023007,19
440030210023008,19
440030210023009,19
440030210023010,19
440030210023011,19
440030210023012,19
440030210023013,19
440030210023014,19
440030210024000,19
440030210024001,19
440030210024002,19
440030210024003,19
440030210024004,19
440030210024005,19
440030210024006,19
440030210024007,19
440030210024008,19
440030210024009,19
440030210024010,19
440030210024011,19
440030210024012,19
440030210024013,19
440030210024014,19
440030210024015,19
440030210024016,19
440030210024017,19
440030210024018,19
440030210024019,19
440030210024020,19
440030210024021,19
440030210024022,19
440030210024023,19
440030210024024,19
440030210024025,19
440030210024026,19
440030210024027,19
440030210024028,19
440030210024029,19
440030210024030,19
440030210024031,19
440030210024032,19
440030211001000,20
440030211001001,20
440030211001002,20
440030211001003,20
440030211001004,20
440030211001005,20
440030211001006,20
440030211001007,20
440030211001008,20
440030211001009,20
440030211001010,20
440030211001011,20
440030211001012,20
440030211001013,20
440030211001014,20
440030211001015,20
440030211001016,20
440030211001017,20
440030211001018,20
440030211001019,20
440030211001020,20
440030211001021,20
440030211001022,20
440030211001023,20
440030211001024,20
440030211001025,20
440030211001026,20
440030211001027,20
440030211001028,20
440030211001029,20
440030211001030,20
440030211001031,20
440030211001032,20
440030211001033,20
440030211001034,20
440030211001035,20
440030211001036,20
440030211001037,20
440030211001038,20
440030211001039,20
440030211001040,20
440030211001041,20
440030211001042,20
440030211002000,20
440030211002001,20
440030211002002,20
440030211002003,20
440030211002004,20
440030211002005,20
440030211002006,20
440030211002007,20
440030211002008,20
440030211002009,20
440030211002010,20
440030211002011,20
440030211002012,20
440030211002013,20
440030211002014,20
440030211002015,20
440030211002016,20
440030211002017,20
440030211002018,20
440030211002019,20
440030211002020,20
440030211002021,20
440030211002022,20
440030211002023,20
440030211002024,20
440030211002025,20
440030211002026,20
440030211002027,20
440030211002028,20
440030211002029,20
440030211002030,20
440030211002031,20
440030211002032,20
440030211002033,20
440030211002034,20
440030211002035,20
440030211002036,20
440030211002037,20
440030211002038,20
440030211002039,20
440030211002040,20
440030211002041,20
440030211002042,20
440030211002043,20
440030211002044,20
440030211002045,20
440030211002046,20
440030211002047,20
440030211002048,20
440030211002049,20
440030211002050,20
440030211002051,20
440030211002052,20
440030211002053,20
440030211002054,20
440030211002055,20
440030211002056,20
440030211002057,20
440030211002058,20
440030212001000,19
440030212001001,19
440030212001002,19
440030212001003,19
440030212001004,19
440030212001005,19
440030212001006,19
440030212001007,19
440030212001008,19
440030212001009,19
440030212001010,19
440030212001011,19
440030212001012,19
440030212003000,21
440030212003001,21
440030212003002,21
440030212003003,21
440030212003004,21
440030212003005,21
440030212003006,21
440030212003007,21
440030212003008,21
440030212003009,21
440030212003010,21
440030212003011,21
440030212003012,21
440030212003013,21
440030212003014,21
440030212003015,21
440030212003016,21
440030212003017,21
440030212003018,21
440030212003019,21
440030212003020,21
440030212003021,21
440030212003022,21
440030212003023,21
440030212003024,21
440030213001000,19
440030213001001,19
440030213001002,19
440030213001003,19
440030213001004,19
440030213001005,19
440030213001006,19
440030213001007,19
440030213001008,19
440030213001009,19
440030213001010,19
440030213001011,19
440030213001012,19
440030213001013,19
440030213001014,19
440030213001015,19
440030213001016,19
440030213001017,19
440030213001018,19
440030213001019,19
440030213001020,19
440030213001021,19
440030213001022,19
440030213001023,19
440030213001024,19
440030213001025,19
440030213001026,19
440030213001027,19
440030213001028,19
440030213001029,19
440030213001030,19
440030213001031,19
440030213001032,19
440030213001033,19
440030213001034,19
440030213001035,19
440030213001036,19
440030213003000,19
440030213003001,19
440030213003002,19
440030213003003,19
440030213003004,19
440030213003005,19
440030213003006,19
440030213003007,19
440030213003008,19
440030213003009,19
440030213003010,19
440030213003011,19
440030213003012,19
440030213003013,19
440030213003014,19
440030213003015,19
440030213003016,19
440030213003017,19
440030213003018,19
440030213004000,19
440030213004001,19
440030213004002,19
440030213004003,19
440030213004004,19
440030213004005,19
440030213004006,19
440030213004007,19
440030213004008,19
440030213004009,19
440030213004010,19
440030213004011,19
440030213004012,19
440030213004013,19
440030213004014,19
440030213004015,19
440030213004016,19
440030213004017,19
440030213004018,19
440030213004019,19
440030213004020,19
440030213004021,19
440030213004022,19
440030213004023,19
440030213004024,19
440030213004025,19
440030213004026,19
440030213004027,19
440030213004028,19
440030213004029,19
440030213004030,19
440030213004031,19
440030213004032,19
440030213004033,19
440030213004034,19
440030213004035,19
440030213004036,19
440030213004037,19
440030213004038,19
440030213004039,19
440030213004040,19
440030213004041,19
440030213004042,19
440030213004043,19
440030213004044,19
440030213004045,19
440030213004046,19
440030213004047,19
440030213004048,19
440030213004049,19
440030213004050,19
440030213004051,19
440030214012000,21
440030214012001,21
440030214012002,21
440030214012003,21
440030214012004,21
440030214012005,21
440030214012006,21
440030214012007,21
440030214012008,21
440030214012009,21
440030214012010,21
440030214012011,21
440030214012012,21
440030214012013,21
440030214012014,21
440030214012015,21
440030214013000,21
440030214013001,21
440030214013002,21
440030214013003,21
440030214013004,21
440030214013005,21
440030214013006,21
440030214013007,21
440030214013008,21
440030214013009,21
440030214013010,21
440030214013011,21
440030214013012,21
440030214013013,21
440030214013014,21
440030214013015,21
440030214013016,21
440030214013017,21
440030214013018,21
440030214013019,21
440030214013020,21
440030214013021,21
440030214013022,21
440030214013023,21
440030214013024,21
440030214013025,21
440030214013026,21
440030214013027,21
440030214013028,21
440030214013029,21
440030214013030,21
440030214013031,21
440030214013032,21
440030214013033,21
440030214013034,21
440030214013035,21
440030214013036,21
440030214013037,21
440030214013038,21
440030214013039,21
440030214013040,21
440030214013041,21
440030214021000,21
440030214021001,21
440030214021002,21
440030214021003,21
440030214021004,21
440030214021005,21
440030214021006,21
440030214021007,21
440030214021008,21
440030214021009,21
440030214021010,21
440030214021011,21
440030214021012,21
440030214021013,21
440030214021014,21
440030214021015,21
440030214021016,21
440030214021017,21
440030214021018,21
440030214021019,21
440030214021020,21
440030214021021,21
440030214021022,21
440030214021023,21
440030214021024,21
440030214021025,21
440030214021026,21
440030214021027,21
440030214021028,21
440030214021029,21
440030214021030,21
440030214021031,21
440030214021032,21
440030214021033,21
440030214021034,21
440030214021035,21
440030214021036,21
440030214021037,21
440030214022000,21
440030214022001,21
440030214022002,21
440030214022003,21
440030214022004,21
440030214022005,21
440030214022006,21
440030214022007,21
440030214022008,21
440030214022009,21
440030214022010,21
440030214022011,21
440030214022012,21
440030214022013,21
440030214022014,21
440030214022015,21
440030214022016,21
440030214022017,21
440030215011000,21
440030215011001,21
440030215011002,21
440030215011003,21
440030215011004,21
440030215011005,21
440030215011006,21
440030215011007,21
440030215011008,21
440030215011009,21
440030215011010,21
440030215011011,21
440030215011012,21
440030215011013,21
440030215011014,21
440030215011015,21
440030215011016,21
440030215011017,21
440030215011018,21
440030215011019,21
440030215011020,21
440030215012000,21
440030215012001,21
440030215012002,21
440030215012003,21
440030215012004,21
440030215012005,21
440030215012006,21
440030215012007,21
440030215012008,21
440030215012009,21
440030215012010,21
440030215012011,21
440030215012012,21
440030215012013,21
440030215012014,21
440030215012015,21
440030215012016,21
440030215012017,21
440030215012018,21
440030215012019,21
440030215012020,21
440030215013000,22
440030215013001,22
440030215013002,22
440030215013003,22
440030215013004,22
440030215013005,22
440030215013006,22
440030215013007,22
440030215013008,22
440030215013009,22
440030215013010,22
440030215013011,22
440030215013012,22
440030215013013,22
440030215013014,22
440030215013015,22
440030215013016,22
440030215013017,22
440030215013018,22
440030215013019,22
440030215013020,22
440030215013021,22
440030215013022,22
440030215013023,22
440030215013024,22
440030215013025,22
440030215013026,22
440030215021000,22
440030215021001,22
440030215021002,22
440030215021003,22
440030215021004,22
440030215021005,22
440030215021006,22
440030215021007,22
440030215021008,22
440030215021009,22
440030215021010,22
440030215021011,22
440030215021012,22
440030215021013,22
440030215021014,22
440030215021015,22
440030215021016,22
440030215021017,22
440030215021018,22
440030215021019,22
440030215021020,22
440030215021021,22
440030215022000,22
440030215022001,22
440030215022002,22
440030215022003,22
440030215022004,22
440030215022005,22
440030215022006,22
440030215022007,22
440030215022008,22
440030215022009,22
440030215022010,22
440030215022011,22
440030215022012,22
440030215022013,22
440030215022014,22
440030215022015,22
440030215022016,22
440030215022017,22
440030215022018,22
440030215022019,22
440030215022020,22
440030215022021,22
440030215022022,22
440030215022023,22
440030215022024,22
440030215022025,22
440030215022026,22
440030215022027,22
440030215022028,22
440030215022029,22
440030215023000,22
440030215023001,22
440030215023002,22
440030215023003,22
440030215023004,22
440030215023005,22
440030215023006,22
440030215023007,22
440030215023008,22
440030215023009,22
440030215023010,22
440030215023011,22
440030215023012,22
440030215023013,22
440030215023014,22
440030215023015,22
440030215023016,22
440030215023017,22
440030215023018,22
440030215023019,22
440030215023020,22
440030215023021,22
440030215023022,22
440030215023023,22
440030215023024,22
440030215023025,22
440030215023026,22
440030215023027,22
440030215023028,22
440030215023029,22
440030215023030,22
440030215023031,22
440030215023032,22
440030215023033,22
440030215023034,22
440030215023035,22
440030215023036,22
440030215024000,22
440030215024001,22
440030215024002,22
440030215024003,22
440030215024004,22
440030215024005,22
440030215024006,22
440030215024007,22
440030215024008,22
440030215024009,22
440030215024010,22
440030215024011,22
440030215024012,22
440030215024013,22
440030215024014,22
440030215024015,22
440030215024016,22
440030215024017,22
440030215024018,22
440030215024019,22
440030215024020,22
440030215024021,22
440030215024022,22
440030215024023,22
440030215024024,22
440030215024025,22
440030215024026,22
440030216001000,22
440030216001001,22
440030216001002,22
440030216001003,22
440030216001004,22
440030216001005,22
440030216001006,22
440030216001007,22
440030216001008,22
440030216001009,22
440030216001010,22
440030216001011,22
440030216001012,22
440030216001013,22
440030216001014,22
440030216001015,22
440030216001016,22
440030216001017,22
440030216001018,22
440030216001019,22
440030216001020,22
440030216001021,22
440030216001022,22
440030216001023,22
440030216001024,22
440030216001025,22
440030216001026,22
440030216001027,22
440030216001028,22
440030216001029,22
440030216001030,22
440030216002000,22
440030216002001,22
440030216002002,22
440030216002003,22
440030216002004,22
440030216002005,22
440030216002006,22
440030216002007,22
440030216002008,22
440030216002009,22
440030216002010,22
440030216002011,22
440030216002012,22
440030216002013,22
440030216002014,22
440030216002015,22
440030216002016,22
440030217001000,22
440030217001001,22
440030217001002,22
440030217001003,22
440030217001004,22
440030217001005,22
440030217001006,22
440030217001007,22
440030217001008,22
440030217001009,22
440030217001010,22
440030217001011,22
440030217001012,22
440030217001013,22
440030217001014,22
440030217001015,22
440030217001016,22
440030217001017,22
440030217001018,22
440030217001019,22
440030217001020,22
440030217001021,22
440030217001022,22
440030217001023,22
440030217001024,22
440030217001025,22
440030217001026,22
440030217001027,22
440030217001028,22
440030217001029,22
440030217001030,22
440030217001031,22
440030217001032,22
440030217003000,22
440030217003001,22
440030217003002,22
440030217003003,22
440030217003004,22
440030217003005,22
440030217003006,22
440030217003007,22
440030217003008,22
440030217003009,22
440030217003010,22
440030217003011,22
440030217003012,22
440030217003013,22
440030217003014,22
440030217003015,22
440030217003016,22
440030217003017,22
440030217003018,22
440030217003019,22
440030217003020,22
440030217005000,23
440030217005001,23
440030217005002,23
440030217005003,23
440030217005004,23
440030217005005,23
440030217005006,23
440030217005007,23
440030217005008,23
440030217005009,23
440030217005010,23
440030217005011,23
440030217005012,23
440030217005013,23
440030217005014,23
440030218001000,22
440030218001001,22
440030218001002,22
440030218001003,22
440030218001004,22
440030218001005,22
440030218001006,22
440030218001007,22
440030218001008,22
440030218001009,22
440030218001010,22
440030218001011,22
440030218001012,22
440030218001013,22
440030218001014,22
440030218001015,22
440030218001016,22
440030218001017,22
440030218001018,22
440030218001019,22
440030218001020,22
440030218001021,22
440030218001022,22
440030218001023,22
440030218001024,22
440030218001025,22
440030218001026,22
440030218001027,22
440030218001028,22
440030218001029,22
440030218001030,22
440030218001031,22
440030218001032,22
440030218001033,22
440030218001034,22
440030218001035,22
440030218001036,22
440030218001037,22
440030218001038,22
440030218001039,22
440030218001040,22
440030218001041,22
440030218001042,22
440030218001043,22
440030218001044,22
440030218001045,22
440030218001046,22
440030218001047,22
440030219013000,23
440030219013001,23
440030219013002,23
440030219013003,23
440030219013004,23
440030219013005,23
440030219013006,23
440030219013007,23
440030219013008,23
440030219013009,23
440030219013010,23
440030219013011,23
440030219013012,23
440030219013013,23
440030219013014,23
440030219013015,23
440030219013016,23
440030219013017,23
440030219013018,23
440030219013019,23
440030219013020,23
440030219013021,23
440030219014000,23
440030219014001,23
440030219014002,23
440030219014003,23
440030219014004,23
440030219014005,23
440030219014006,23
440030219014007,23
440030219014008,23
440030219014009,23
440030219014010,23
440030219014011,23
440030219014012,23
440030219014013,23
440030219014014,23
440030219014015,23
440030219014016,23
440030219014017,23
440030219014018,23
440030219014019,23
440030219014020,23
440030219014021,23
440030219014022,23
440030219014023,23
440030219014024,23
440030219014025,23
440030219014026,23
440030219014027,23
440030219014028,23
440030219014029,23
440030219014030,23
440030219014031,23
440030219014032,23
440030219022000,23
440030219022001,23
440030219022002,23
440030219022003,23
440030219022004,23
440030219022005,23
440030219022006,23
440030219022007,23
440030219022008,23
440030219022009,23
440030219022010,23
440030219022011,23
440030219022012,23
440030219022013,23
440030219022014,23
440030219022015,23
440030219022016,23
440030219022017,23
440030219022018,23
440030219023000,23
440030219023001,23
440030219023002,23
440030219023003,23
440030219023004,23
440030219023005,23
440030219023006,23
440030219023007,23
440030219023008,23
440030219023009,23
440030219023010,23
440030219023011,23
440030219023012,23
440030219023013,23
440030219023014,23
440030219023015,23
440030219023016,23
440030219023017,23
440030219023018,23
440030219023019,23
440030219023020,23
440030219031000,23
440030219031001,23
440030219031002,23
440030219031003,23
440030219031004,23
440030219031005,23
440030219031006,23
440030219031007,23
440030219031008,23
440030219031009,23
440030219031010,23
440030219031011,23
440030219031012,23
440030219031013,23
440030219031014,23
440030219031015,23
440030219031016,23
440030219031017,23
440030219031018,23
440030219031019,23
440030219031020,23
440030219031021,23
440030219031022,23
440030219031023,23
440030219031024,23
440030219031025,23
440030219031026,23
440030219031027,23
440030219031028,23
440030219031029,23
440030219031030,23
440030219031031,23
440030219031032,23
440030219031033,23
440030219031034,23
440030219031035,23
440030219032000,23
440030219032001,23
440030219032002,23
440030219032003,23
440030219032004,23
440030219032005,23
440030219032006,23
440030219032007,23
440030219032008,23
440030219032009,23
440030219032010,23
440030219032011,23
440030219032012,23
440030219032013,23
440030219032014,23
440030219032015,23
440030219032016,23
440030219032017,23
440030219032018,23
440030219032019,23
440030219033000,23
440030219033001,23
440030219033002,23
440030219033003,23
440030219033004,23
440030219033005,23
440030219033006,23
440030219033007,23
440030219033008,23
440030219033009,23
440030219033010,23
440030219033011,23
440030219033012,23
440030219033013,23
440030219033014,23
440030219033015,23
440030219033016,23
440030219033017,23
440030219033018,23
440030219033019,23
440030219033020,23
440030219033021,23
440030219033022,23
440030220001000,23
440030220001001,23
440030220001002,23
440030220001003,23
440030220001004,23
440030220001005,23
440030220001006,23
440030220001007,23
440030220001008,23
440030220001009,23
440030220001010,23
440030220001011,23
440030220001012,23
440030220001013,23
440030220001014,23
440030220001015,23
440030220001016,23
440030220001017,23
440030220001018,23
440030220001019,23
440030220001020,23
440030220001021,23
440030220001022,23
440030220001023,23
440030220001024,23
440030220001025,23
440030220001026,23
440030220001027,23
440030221001000,20
440030221001001,20
440030221001002,20
440030221001003,20
440030221001004,20
440030221001005,20
440030221001006,20
440030221001007,20
440030221001008,20
440030221001009,20
440030221001010,20
440030221001011,20
440030221001012,20
440030221001013,20
440030221001014,20
440030221001015,20
440030221001016,20
440030221001017,20
440030221001018,20
440030221001019,20
440030221001020,20
440030221001021,20
440030221001022,20
440030221001023,20
440030221001024,20
440030221001025,20
440030221001026,20
440030221001027,20
440030221001028,20
440030221001029,20
440030221001030,20
440030221001031,20
440030221001032,20
440030221001033,20
440030221001034,20
440030221001035,20
440030221001036,20
440030221001037,20
440030221001038,20
440030221001039,20
440030221001040,20
440030221001041,20
440030221001042,20
440030221001043,20
440030221001044,20
440030221001045,20
440030221001046,20
440030221001047,20
440030221001048,20
440030221001049,20
440030221001050,20
440030221001051,20
440030221001052,20
440030221001053,20
440030221001054,20
440030221001055,20
440030221001056,20
440030221001057,20
440030221001058,20
440030221001059,20
440030221001060,20
440030221001061,20
440030221001062,20
440030221001063,20
440030221001064,20
440030221001065,20
440030221001066,20
440030221001067,20
440030221001068,20
440030221001069,20
440030221001070,20
440030221001071,20
440030221001072,20
440030221001073,20
440030221001074,20
440030221002000,20
440030221002001,20
440030221002002,20
440030221002003,20
440030221002004,20
440030221002005,20
440030221002006,20
440030221002007,20
440030221002008,20
440030221002009,20
440030221002010,20
440030221002011,20
440030221002012,20
440030221002013,20
440030221002014,20
440030221002015,20
440030221002016,20
440030221002017,20
440030221002018,20
440030221002019,20
440030221002020,20
440030221002021,20
440030221002022,20
440030221002023,20
440030221002024,20
440030221002025,20
440030221002026,20
440030221002027,20
440030221002028,20
440030221002029,20
440030221002030,20
440030221002031,20
440030221002032,20
440030221002033,20
440030221002034,20
440030221002035,20
440030221002036,20
440030221004000,20
440030221004001,20
440030221004002,20
440030221004003,20
440030221004004,20
440030221004005,20
440030221004006,20
440030221004007,20
440030221004008,20
440030221004009,20
440030221004010,20
440030221004011,20
440030221004012,20
440030221004013,20
440030221004014,20
440030221004015,20
440030221004016,20
440030221004017,20
440030221004018,20
440030221004019,20
440030221004020,20
440030221004021,20
440030221004022,20
440030221004023,20
440030221004024,20
440030222011000,24
440030222011001,24
440030222011002,24
440030222011003,24
440030222011004,24
440030222011005,24
440030222011006,24
440030222011007,24
440030222011008,24
440030222011009,24
440030222011010,24
440030222011011,24
440030222011012,24
440030222011013,24
440030222011014,24
440030222011015,24
440030222011016,24
440030222011017,24
440030222011018,24
440030222011019,24
440030222011020,24
440030222011021,24
440030222011022,24
440030222011023,24
440030222011024,24
440030222011025,24
440030222011026,24
440030222011027,24
440030222011028,24
440030222011029,24
440030222012000,24
440030222012001,24
440030222012002,24
440030222012003,24
440030222012004,24
440030222012005,24
440030222012006,24
440030222012007,24
440030222012008,24
440030222012009,24
440030222012010,24
440030222012011,24
440030222012012,24
440030222012013,24
440030222012014,24
440030222012015,24
440030222012016,24
440030222012017,24
440030222012018,24
440030222012019,24
440030222012020,24
440030222012021,24
440030222012022,24
440030222012023,24
440030222013000,24
440030222013001,24
440030222013002,24
440030222013003,24
440030222013004,24
440030222013005,24
440030222013006,24
440030222013007,24
440030222013008,24
440030222013009,24
440030222013010,24
440030222013011,24
440030222013012,24
440030222013013,24
440030222013014,24
440030222013015,24
440030222013016,24
440030222013017,24
440030222013018,24
440030222013019,24
440030222013020,24
440030222013021,24
440030222013022,24
440030222013023,24
440030222013024,24
440030222013025,24
440030222013026,24
440030222013027,24
440030222013028,24
440030222013029,24
440030222013030,24
440030222013031,24
440030222013032,24
440030222013033,24
440030222013034,24
440030222013035,24
440030222013036,24
440030222013037,24
440030222013038,24
440030222013039,24
440030222013040,24
440030222013041,24
440030222013042,24
440030222014000,24
440030222014001,24
440030222014002,24
440030222014003,24
440030222014004,24
440030222014005,24
440030222014006,24
440030222014007,24
440030222014008,24
440030222014009,24
440030222014010,24
440030222014011,24
440030222014012,24
440030222014013,24
440030222015000,24
440030222015001,24
440030222015002,24
440030222015003,24
440030222015004,24
440030222015005,24
440030222015006,24
440030222015007,24
440030222015008,24
440030222015009,24
440030222021000,27
440030222021001,27
440030222021002,27
440030222021003,27
440030222021004,27
440030222021005,27
440030222021006,27
440030222021007,27
440030222021008,27
440030222021009,27
440030222021010,27
440030222021011,27
440030222021012,27
440030222021013,27
440030222021014,27
440030222021015,27
440030222021016,27
440030222021017,27
440030222021018,27
440030222021019,27
440030222021020,27
440030222021021,27
440030222021022,27
440030222021023,27
440030222022000,24
440030222022001,24
440030222022002,24
440030222022003,24
440030222022004,24
440030222022005,24
440030222022006,24
440030222022007,24
440030222022008,24
440030222022009,24
440030222022010,24
440030222022011,24
440030222022012,24
440030222022013,24
440030222022014,24
440030222022015,24
440030222022016,24
440030222022017,24
440030222022018,24
440030222022019,24
440030222022020,24
440030222022021,24
440030222022022,24
440030222022023,24
440030222022024,24
440030222022025,24
440030222022026,24
440030222022027,24
440030222022028,24
440030222022029,24
440030222022030,24
440030222022031,24
440030222022032,24
440030222023000,24
440030222023001,24
440030222023002,24
440030222023003,24
440030222023004,24
440030222023005,24
440030222023006,24
440030222023007,24
440030222023008,24
440030222023009,24
440030222023010,24
440030222023011,24
440030222023012,24
440030222023013,24
440030222023014,24
440030222023015,24
440030222023016,24
440030222023017,24
440030222023018,24
440030222023019,24
440030222023020,24
440030222023021,24
440030222023022,24
440030222023023,24
440030222023024,24
440030223002000,26
440030223002001,26
440030223002002,26
440030223002003,26
440030223002004,26
440030223002005,26
440030223002006,26
440030223002007,26
440030223002008,26
440030223002009,26
440030223002010,26
440030223002011,26
440030223002012,26
440030223002013,26
440030223002014,26
440030223002015,26
440030223002016,26
440030223002017,26
440030223002018,26
440030223002019,26
440030223002020,26
440030223002021,26
440030223002022,26
440030223002023,26
440030223002024,26
440030223002025,26
440030223002026,26
440030223002027,26
440030224001000,24
440030224001001,24
440030224001002,24
440030224001003,24
440030224001004,24
440030224001005,24
440030224001006,24
440030224001007,24
440030224001008,24
440030224001009,24
440030224001010,24
440030224001011,24
440030224001012,24
440030224001013,24
440030224001014,24
440030224001015,24
440030224001016,24
440030224001017,24
440030224001018,24
440030224001019,24
440030224001020,24
440030224001021,24
440030224001022,24
440030224001023,24
440030224001024,24
440030224001025,24
440030224001026,24
440030224001027,24
440030224001028,24
440030224001029,24
440030224001030,24
440030224001031,24
440030224001032,24
440030224001033,24
440030224001034,24
440030224001035,24
440030224001036,24
440030224001037,24
440030224001038,24
440030224001039,24
440030224001040,24
440030224001041,24
440030224002000,24
440030224002001,24
440030224002002,24
440030224002003,24
440030224002004,24
440030224002005,24
440030224002006,24
440030224002007,24
440030224002008,24
440030224002009,24
440030224002010,24
440030224002011,24
440030224002012,24
440030224002013,24
440030224002014,24
440030224002015,24
440030224002016,24
440030224002017,24
440030224002018,24
440030224002019,24
440030224002020,24
440030224002021,24
440030224002022,24
440030224002023,24
440030224002024,24
440030224002025,24
440030224002026,24
440030224002027,24
440030224002028,24
440050401021000,72
440050401021001,72
440050401021002,72
440050401021003,72
440050401021004,72
440050401021005,72
440050401021006,72
440050401021007,72
440050401021008,72
440050401021009,72
440050401021010,72
440050401021011,72
440050401021012,72
440050401021013,72
440050401021014,72
440050401021015,72
440050401021016,72
440050401021017,72
440050401021018,72
440050401021019,72
440050401021020,72
440050401021021,72
440050401021022,72
440050401021023,72
440050401021024,72
440050401021025,72
440050401021026,72
440050401022000,72
440050401022001,72
440050401022002,72
440050401022003,72
440050401022004,72
440050401022005,72
440050401022006,72
440050401022007,72
440050401022008,72
440050401022009,72
440050401022010,72
440050401022011,72
440050401022012,72
440050401022013,72
440050401022014,72
440050401022015,72
440050401022016,72
440050401022017,72
440050401022018,72
440050401022019,72
440050401022020,72
440050401022021,72
440050401022022,72
440050401022023,72
440050401022024,72
440050401022025,72
440050401031000,69
440050401031001,69
440050401031002,69
440050401031003,69
440050401031004,69
440050401031005,69
440050401031006,69
440050401031007,69
440050401031008,69
440050401036000,72
440050401036001,72
440050401036002,72
440050401036003,72
440050401036004,72
440050401036005,72
440050401036006,72
440050401036007,72
440050401036008,72
440050401036009,72
440050401036010,72
440050401036011,72
440050401036012,72
440050401036013,72
440050401036014,72
440050401036015,72
440050401036016,72
440050401036017,72
440050401036018,72
440050401036019,72
440050401036020,72
440050401036021,72
440050401036022,72
440050401036023,72
440050401036024,72
440050401036025,72
440050401036026,72
440050401036027,72
440050401036028,72
440050401036029,72
440050401036030,72
440050401036031,72
440050401036032,72
440050401036033,72
440050401036034,72
440050401036035,72
440050401036036,72
440050401036037,72
440050401036038,72
440050401036039,72
440050401036040,72
440050401036041,72
440050401036042,72
440050401036043,72
440050402001000,74
440050402001001,74
440050402001002,74
440050402001003,74
440050402001004,74
440050402001005,74
440050402001006,74
440050402001007,74
440050402001008,74
440050402001009,74
440050402001010,74
440050402001011,74
440050402001012,74
440050402001013,74
440050402001014,74
440050402001015,74
440050402001016,74
440050402001017,74
440050402001018,74
440050402001019,74
440050402001020,74
440050402001021,74
440050402001022,74
440050402001023,74
440050402001024,74
440050402001025,74
440050402001026,74
440050402001027,74
440050402001028,74
440050402001029,74
440050402001030,74
440050402001031,74
440050402002000,74
440050402002001,74
440050402002002,74
440050402002003,74
440050402002004,74
440050402002005,74
440050402002006,74
440050402002007,74
440050402002008,74
440050402002009,74
440050402002010,74
440050402002011,74
440050402002012,74
440050402002013,74
440050402002014,74
440050402002015,74
440050402002016,74
440050402002017,74
440050402002018,74
440050402002019,74
440050402002020,74
440050402002021,74
440050402002022,74
440050402002023,74
440050402002024,74
440050402002025,74
440050402002026,74
440050402002027,74
440050402002028,74
440050402002029,74
440050402002030,74
440050402002031,74
440050402002032,74
440050402002033,74
440050402002034,74
440050402002035,74
440050402002036,74
440050402002037,74
440050402002038,74
440050402002039,74
440050402002040,74
440050403031000,74
440050403031001,74
440050403031002,74
440050403031003,74
440050403031004,74
440050403031005,74
440050403031006,74
440050403031007,74
440050403032000,74
440050403032001,74
440050403032002,74
440050403032003,74
440050403032004,74
440050403032005,74
440050403032006,74
440050403032007,74
440050403032008,74
440050403032009,74
440050403032010,74
440050403032011,74
440050403032012,74
440050403032013,74
440050403032014,74
440050403032015,74
440050403032016,74
440050403032017,74
440050403032018,74
440050403032019,74
440050403032020,74
440050403032021,74
440050403032022,74
440050403032023,74
440050403032024,74
440050403032025,74
440050403032026,74
440050403032027,74
440050403032028,74
440050403032029,74
440050403032030,74
440050403032031,74
440050403032032,74
440050403032033,74
440050403032034,74
440050403041000,74
440050403041001,74
440050403041002,74
440050403041003,74
440050403041004,74
440050403041005,74
440050403041006,74
440050403041007,74
440050403041008,74
440050403041009,74
440050403041010,74
440050403041011,74
440050403041012,74
440050403041013,74
440050403041014,74
440050403041015,74
440050403041016,74
440050403041017,74
440050403041018,74
440050403041019,74
440050403041020,74
440050403042000,74
440050403042001,74
440050403042002,74
440050403042003,74
440050403042004,74
440050403042005,74
440050403042006,74
440050403042007,74
440050403042008,74
440050403042009,74
440050403042010,74
440050403042011,74
440050403042012,74
440050403042013,74
440050403042014,74
440050403042015,74
440050403042016,74
440050403042017,74
440050403042018,74
440050403042019,74
440050403042020,74
440050403042021,74
440050403042022,74
440050403042023,74
440050403042024,74
440050403042025,74
440050403042026,74
440050403042027,74
440050403042028,74
440050405001000,73
440050405001001,73
440050405001002,73
440050405001003,73
440050405001004,73
440050405001005,73
440050405001006,73
440050405001007,73
440050405001008,73
440050405001009,73
440050405001010,73
440050405001011,73
440050405001012,73
440050405001013,73
440050405001014,73
440050405001015,73
440050405001016,73
440050405001017,73
440050405001018,73
440050405001019,73
440050405001020,73
440050405001021,73
440050405001022,73
440050405001023,73
440050405001024,73
440050405001025,73
440050405001026,73
440050405001027,73
440050405001028,73
440050405001029,73
440050405001030,73
440050405001031,73
440050405001032,73
440050405001033,73
440050405001034,73
440050405001035,73
440050405001036,73
440050405002000,73
440050405002001,73
440050405002002,73
440050405002003,73
440050405002004,73
440050405002005,73
440050405002006,73
440050405002007,73
440050405002008,73
440050405002009,73
440050405002010,73
440050405002011,73
440050405002012,73
440050405002013,73
440050405002014,73
440050405002015,73
440050405002016,73
440050405002017,73
440050405002018,73
440050405002019,73
440050405002020,73
440050405002021,73
440050405002022,73
440050405002023,73
440050405002024,73
440050405002025,73
440050405002026,73
440050405002027,73
440050405002028,73
440050405002029,73
440050405002030,73
440050405002031,73
440050405002032,73
440050405002033,73
440050405002034,73
440050405002035,73
440050405002036,73
440050405002037,73
440050405002038,73
440050405002039,73
440050405002040,73
440050405002041,73
440050405002042,73
440050405002043,73
440050405002044,73
440050405002045,73
440050406001000,73
440050406001001,73
440050406001002,73
440050406001003,73
440050406001004,73
440050406001005,73
440050406001006,73
440050406001007,73
440050406001008,73
440050406001009,73
440050406001010,73
440050406001011,73
440050406001012,73
440050406001013,73
440050406001014,73
440050406001015,73
440050406001016,73
440050406001017,73
440050406001018,73
440050406001019,73
440050406001020,73
440050406001021,73
440050406001022,73
440050406002000,73
440050406002001,73
440050406002002,73
440050406002003,73
440050406002004,73
440050406002005,73
440050406002006,73
440050406002007,73
440050406002008,73
440050406002009,73
440050406002010,73
440050406002011,73
440050407001000,73
440050407001001,73
440050407001002,73
440050407001003,73
440050407001004,73
440050407001005,73
440050407001006,73
440050407001007,73
440050407001008,73
440050407001009,73
440050407001010,73
440050407001011,73
440050407001012,73
440050407001013,73
440050407001014,73
440050407001015,73
440050407001016,73
440050407001017,73
440050407001018,73
440050407001019,73
440050407001020,73
440050407001021,73
440050407001022,73
440050407001023,73
440050407001024,73
440050407001025,73
440050407001026,73
440050407001027,73
440050407001028,73
440050407001029,73
440050407001030,73
440050407003000,75
440050407003001,75
440050407003002,75
440050407003003,75
440050407003004,75
440050407003005,75
440050407003006,75
440050407003007,75
440050407003008,75
440050407003009,75
440050407003010,75
440050407003011,75
440050407003012,75
440050407003013,75
440050407003014,75
440050407003015,75
440050407003016,75
440050407003017,75
440050407003018,75
440050407003019,75
440050407003020,75
440050407003021,75
440050407003022,75
440050408001000,75
440050408001001,75
440050408001002,75
440050408001003,75
440050408001004,75
440050408001005,75
440050408001006,75
440050408001007,75
440050408001008,75
440050408001009,75
440050408001010,75
440050408001011,75
440050408001012,75
440050408001013,75
440050408001014,75
440050408001015,75
440050408001016,75
440050408001017,75
440050408001018,75
440050408001019,75
440050408001020,75
440050408001021,75
440050408001022,75
440050408001023,75
440050408001024,75
440050408001025,75
440050408001026,75
440050408001027,75
440050408001028,75
440050408001029,75
440050408001030,75
440050408001031,75
440050408001032,75
440050408001033,75
440050408001034,75
440050408001035,75
440050408002000,75
440050408002001,75
440050408002002,75
440050408002003,75
440050408002004,75
440050408002005,75
440050408002006,75
440050408002007,75
440050408002008,75
440050408002009,75
440050408002010,75
440050408002011,75
440050408002012,75
440050408002013,75
440050408002014,75
440050408002015,75
440050408002016,75
440050408002017,75
440050408002018,75
440050408002019,75
440050408002020,75
440050408002021,75
440050408002022,75
440050408002023,75
440050408003000,75
440050408003001,75
440050408003002,75
440050408003003,75
440050408003004,75
440050408003005,75
440050408003006,75
440050408003007,75
440050408003008,75
440050408003009,75
440050408003010,75
440050408003011,75
440050408003012,75
440050408003013,75
440050408003014,75
440050408003015,75
440050408003016,75
440050409001000,75
440050409001001,75
440050409001002,75
440050409001003,75
440050409001004,75
440050409001005,75
440050409001006,75
440050409001007,75
440050409001008,75
440050409001009,75
440050409001010,75
440050409001011,75
440050409001012,75
440050409001013,75
440050409001014,75
440050409003000,75
440050409003001,75
440050409003002,75
440050409003003,75
440050409003004,75
440050409003005,75
440050409003006,75
440050409003007,75
440050409003008,75
440050409003009,75
440050409003010,75
440050409003011,75
440050409003012,75
440050409003013,75
440050409003014,75
440050409003015,75
440050409003016,75
440050409003017,75
440050409003018,75
440050409003019,75
440050409003020,75
440050409003021,75
440050409003022,75
440050409003023,75
440050409003024,75
440050409003025,75
440050409003026,75
440050409003027,75
440050409004000,75
440050409004001,75
440050409004002,75
440050409004003,75
440050409004004,75
440050409004005,75
440050409004006,75
440050410001000,75
440050410001001,75
440050410001002,75
440050410001003,75
440050410001004,75
440050410001005,75
440050410001006,75
440050410001007,75
440050410001008,75
440050410001009,75
440050410001010,75
440050410001011,75
440050410001012,75
440050410001013,75
440050410001014,75
440050410001015,75
440050410001016,75
440050410001017,75
440050410001018,75
440050410001019,75
440050410001020,75
440050410001021,75
440050410001022,75
440050410001023,75
440050410001024,75
440050410001025,75
440050410001026,75
440050410001027,75
440050410001028,75
440050410001029,75
440050410001030,75
440050410001031,75
440050410001032,75
440050410001033,75
440050410001034,75
440050410001035,75
440050410001036,75
440050410001037,75
440050410001038,75
440050410001039,75
440050410001040,75
440050410001041,75
440050410001042,75
440050410002000,75
440050410002001,75
440050410002002,75
440050410002003,75
440050410002004,75
440050410002005,75
440050410002006,75
440050410002007,75
440050410002008,75
440050410002009,75
440050410002010,75
440050410002011,75
440050410002012,75
440050410002013,75
440050410002014,75
440050410002015,75
440050410002016,75
440050410002017,75
440050410002018,75
440050410002019,75
440050410002020,75
440050410002021,75
440050410002022,75
440050410002023,75
440050410002024,75
440050410002025,75
440050410002026,75
440050410002027,75
440050410002028,75
440050410002029,75
440050410002030,75
440050410002031,75
440050410002032,75
440050410002033,75
440050410002034,75
440050411002000,75
440050411002001,75
440050411002002,75
440050411002003,75
440050411002004,75
440050411002005,75
440050411002006,75
440050411002007,75
440050411003000,75
440050411003001,75
440050411003002,75
440050411003003,75
440050411003004,75
440050411003005,75
440050411003006,75
440050411003007,75
440050411003008,75
440050411003009,75
440050411003010,75
440050411003011,75
440050411003012,75
440050411003013,75
440050411003014,75
440050411003015,75
440050411003016,75
440050411003017,75
440050411003018,75
440050411003019,75
440050411003020,75
440050411003021,75
440050411003022,75
440050411003023,75
440050411003024,75
440050411003025,75
440050411003026,75
440050411003027,75
440050411003028,75
440050411003029,75
440050411003030,75
440050411003031,75
440050411003032,75
440050411003033,75
440050411003034,75
440050413001000,74
440050413001001,74
440050413001002,74
440050413001003,74
440050413001004,74
440050413001005,74
440050413001006,74
440050413001007,74
440050413001008,74
440050413001009,74
440050413001010,74
440050413001011,74
440050413001012,74
440050413001013,74
440050413001014,74
440050413001015,74
440050413001016,74
440050413001017,74
440050413001018,74
440050413001019,74
440050413001020,74
440050413001021,74
440050413001022,74
440050413001023,74
440050413001024,74
440050413001025,74
440050413001026,74
440050413001027,74
440050413001028,74
440050413001029,74
440050413001030,74
440050413001031,74
440050413001032,74
440050413001033,74
440050413001034,74
440050413001035,74
440050413001036,74
440050413001037,74
440050413001038,74
440050413001039,74
440050413001040,74
440050413001041,74
440050413001042,74
440050413001043,74
440050413001044,74
440050413001045,74
440050413002000,74
440050413002001,74
440050413002002,74
440050413002003,74
440050413002004,74
440050413002005,74
440050413002006,74
440050413002007,74
440050413002008,74
440050413002009,74
440050413002010,74
440050413002011,74
440050413002012,74
440050413002013,74
440050413002014,74
440050413002015,74
440050413002016,74
440050413002017,74
440050413002018,74
440050413002019,74
440050413002020,74
440050413003000,74
440050413003001,74
440050413003002,74
440050413003003,74
440050413003004,74
440050413003005,74
440050413003006,74
440050413003007,74
440050413003008,74
440050413003009,74
440050413003010,74
440050413003011,74
440050413003012,74
440050413003013,74
440050413003014,74
440050413003015,74
440050413003016,74
440050413003017,74
440050413003018,74
440050413003019,74
440050413003020,74
440050413003021,74
440050413004000,74
440050413004001,74
440050413004002,74
440050413004003,74
440050413004004,74
440050413004005,74
440050413004006,74
440050413004007,74
440050413004008,74
440050413004009,74
440050413004010,74
440050413004011,74
440050413004012,74
440050413004013,74
440050413004014,74
440050413004015,74
440050413004016,74
440050413004017,74
440050413004018,74
440050413004019,74
440050413004020,74
440050413004021,74
440050413004022,74
440050413004023,74
440050413004024,74
440050413004025,74
440050413004026,74
440050413004027,74
440050413004028,74
440050413004029,74
440050413004030,74
440050413004031,74
440050413004032,74
440050413004033,74
440050413004034,74
440050413004035,74
440050413004036,74
440050413004037,74
440050413004038,74
440050413004039,74
440050413004040,74
440050413004041,74
440050413004042,74
440050413004043,74
440050413004044,74
440050413004045,74
440050413004046,74
440050413004047,74
440050413004048,74
440050413004049,74
440050413004050,74
440050413004051,74
440050413004052,74
440050413004053,74
440050413004054,74
440050413004055,74
440050413004056,74
440050413004057,74
440050413004058,74
440050413004059,74
440050413004060,74
440050413004061,74
440050413004062,74
440050413004063,74
440050413004064,74
440050413004065,74
440050413004066,74
440050413004067,74
440050413004068,74
440050413004069,74
440050413004070,74
440050413005000,74
440050413005001,74
440050413005002,74
440050413005003,74
440050413005004,74
440050413005005,74
440050413005006,74
440050413005007,74
440050413005008,74
440050413005009,74
440050413005010,74
440050413005011,74
440050413005012,74
440050413005013,74
440050413005014,74
440050413005015,74
440050413005016,74
440050413005017,74
440050413005018,74
440050413005019,74
440050413005020,74
440050413005021,74
440050413005022,74
440050413005023,74
440050413005024,74
440050413005025,74
440050413005026,74
440050413005027,74
440050413005028,74
440050413005029,74
440050413005030,74
440050413005031,74
440050413005032,74
440050413005033,74
440050413005034,74
440050413005035,74
440050413005036,74
440050413005037,74
440050413005038,74
440050413005039,74
440050413005040,74
440050413005041,74
440050413005042,74
440050413005043,74
440050413005044,74
440050413005045,74
440050413005046,74
440050413005047,74
440050413005048,74
440050413005049,74
440050413005050,74
440050413005051,74
440050413005052,74
440050413005053,74
440050413005054,74
440050413005055,74
440050413005056,74
440050413005057,74
440050413005058,74
440050413005059,74
440050413005060,74
440050413005061,74
440050413005062,74
440050413005063,74
440050414001000,71
440050414001001,71
440050414001002,71
440050414001003,71
440050414001004,71
440050414001005,71
440050414001006,71
440050414001007,71
440050414001008,71
440050414001009,71
440050414001010,71
440050414001011,71
440050414001012,71
440050414001013,71
440050414001014,71
440050414001015,71
440050414001016,71
440050414001017,71
440050414001018,71
440050414001019,71
440050414001020,71
440050414001021,71
440050414001022,71
440050414001023,71
440050414001024,71
440050414001025,71
440050414001026,71
440050414001027,71
440050414001028,71
440050414001029,71
440050414001030,71
440050414001031,71
440050414001032,71
440050414001033,71
440050414001034,71
440050414001035,71
440050414001036,71
440050414001037,71
440050414001038,71
440050414001039,71
440050414001040,71
440050414002000,71
440050414002001,71
440050414002002,71
440050414002003,71
440050414002004,71
440050414002005,71
440050414002006,71
440050414002007,71
440050414002008,71
440050414002009,71
440050414002010,71
440050414002011,71
440050414002012,71
440050414002013,71
440050414002014,71
440050414002015,71
440050414002016,71
440050414002017,71
440050414002018,71
440050414002019,71
440050414002020,71
440050414002021,71
440050414002022,71
440050414002023,71
440050414002024,71
440050414002025,71
440050414002026,71
440050414002027,71
440050414002028,71
440050414002029,71
440050414002030,71
440050414002031,71
440050414002032,71
440050414002033,71
440050414002034,71
440050414002035,71
440050414002036,71
440050414002037,71
440050414002038,71
440050414002039,71
440050414002040,71
440050414002041,71
440050414002042,71
440050414002043,71
440050414002044,71
440050414002045,71
440050414002046,71
440050414002047,71
440050414002048,71
440050414002049,71
440050414002050,71
440050414002051,71
440050414002052,71
440050414002053,71
440050414002054,71
440050414002055,71
440050414002056,71
440050414002057,71
440050414002058,71
440050414002059,71
440050414002060,71
440050414002061,71
440050414002062,71
440050414002063,71
440050414002064,71
440050414002065,71
440050414002066,71
440050414002067,71
440050414002068,71
440050414002069,71
440050414002070,71
440050414002071,71
440050414002072,71
440050414002073,71
440050414002074,71
440050414002075,71
440050414002076,71
440050414002077,71
440050414002078,71
440050414002079,71
440050414002080,71
440050414002081,71
440050414002082,71
440050414002083,71
440050414002084,71
440050414002085,71
440050414002086,71
440050414002087,71
440050414002088,71
440050414002089,71
440050414002090,71
440050414002091,71
440050416011000,70
440050416011001,70
440050416011002,70
440050416011003,70
440050416011004,70
440050416011005,70
440050416011006,70
440050416011007,70
440050416011008,70
440050416011009,70
440050416011010,70
440050416011011,70
440050416011012,70
440050416011013,70
440050416011014,70
440050416011015,70
440050416011016,70
440050416011017,70
440050416011018,70
440050416011019,70
440050416011020,70
440050416011021,70
440050416011022,70
440050416011023,70
440050416011024,70
440050416011025,70
440050416011026,70
440050416012000,70
440050416012001,70
440050416012002,70
440050416012003,70
440050416012004,70
440050416012005,70
440050416012006,70
440050416012007,70
440050416012008,70
440050416012009,70
440050416012010,70
440050416012011,70
440050416012012,70
440050416012013,70
440050416012014,70
440050416012015,70
440050416012016,70
440050416012017,70
440050416012018,70
440050416012019,70
440050416012020,70
440050416012021,70
440050416012022,70
440050416012023,70
440050416012024,70
440050416012025,70
440050416012026,70
440050416012027,70
440050416012028,70
440050416012029,70
440050416012030,70
440050416012031,70
440050416012032,70
440050416021000,70
440050416021001,70
440050416021002,70
440050416021003,70
440050416021004,70
440050416021005,70
440050416021006,70
440050416021007,70
440050416021008,70
440050416021009,70
440050416021010,70
440050416021011,70
440050416021012,70
440050416021013,70
440050416021014,70
440050416021015,70
440050416021016,70
440050416021017,70
440050416021018,70
440050416021019,70
440050416021020,70
440050416021021,70
440050416021022,70
440050416021023,70
440050416021024,70
440050416021025,70
440050416021026,70
440050416021027,70
440050416021028,70
440050416021029,70
440050416021030,70
440050416021031,70
440050416021032,70
440050416021033,70
440050416021034,70
440050416021035,70
440050416021036,70
440050416021037,70
440050416021038,70
440050416022000,70
440050416022001,70
440050416022002,70
440050416022003,70
440050416022004,70
440050416022005,70
440050416022006,70
440050416022007,70
440050416022008,70
440050416022009,70
440050416022010,70
440050416022011,70
440050416022012,70
440050416022013,70
440050416022014,70
440050416022015,70
440050416022016,70
440050416022017,70
440050416022018,70
440050416022019,70
440050416022020,70
440050416022021,70
440050416022022,70
440050416022023,70
440050416022024,70
440050416022025,70
440050416022026,70
440050416022027,70
440050416022028,70
440050416022029,70
440050416022030,70
440050416022031,70
440050416022032,70
440050416022033,70
440050416022034,70
440050416022035,70
440050416022036,70
440050416022037,70
440050416022038,70
440050416022039,70
440050416022040,70
440050416022041,70
440050416022042,70
440050416022043,70
440050416022044,70
440050416022045,70
440050416022046,70
440050416022047,70
440050416022048,70
440050416022049,70
440050416022050,70
440050416022051,70
440050416022052,70
440050416022053,70
440050416022054,70
440050416022055,70
440050416022056,70
440050416022057,70
440050416022058,70
440050416022059,70
440050416022060,70
440050416022061,70
440050416022062,70
440050416022063,70
440050417011000,70
440050417011001,70
440050417011002,70
440050417011003,70
440050417011004,70
440050417011005,70
440050417011006,70
440050417011007,70
440050417011008,70
440050417011009,70
440050417011010,70
440050417011011,70
440050417011012,70
440050417011013,70
440050417011014,70
440050417011015,70
440050417011016,70
440050417011017,70
440050417011018,70
440050417011019,70
440050417011020,70
440050417011021,70
440050417011022,70
440050417011023,70
440050417011024,70
440050417011025,70
440050417011026,70
440050417011027,70
440050417011028,70
440050417011029,70
440050417011030,70
440050417011031,70
440050417011032,70
440050417011033,70
440050417011034,70
440050417011035,70
440050417011036,70
440050417011037,70
440050417011038,70
440050417011039,70
440050417011040,70
440050417011041,70
440050417011042,70
440050417011043,70
440050417011044,70
440050417011045,70
440050417011046,70
440050417011047,70
440050417011048,70
440050417011049,70
440050417011050,70
440050417011051,70
440050417011052,70
440050417011053,70
440050417011054,70
440050417011055,70
440050417011056,70
440050417011057,70
440050417011058,70
440050417011059,70
440050417011060,70
440050417011061,70
440050417011062,70
440050417011063,70
440050417011064,70
440050417011065,70
440050417011066,70
440050417011067,70
440050417011068,70
440050417011069,70
440050417011070,70
440050417011071,70
440050417011072,70
440050417011073,70
440050417011074,70
440050417011075,70
440050417021000,71
440050417021001,71
440050417021002,71
440050417021003,71
440050417021004,71
440050417021005,71
440050417021006,71
440050417021007,71
440050417021008,71
440050417021009,71
440050417021010,71
440050417021011,71
440050417021012,71
440050417021013,71
440050417021014,71
440050417021015,71
440050417021016,71
440050417021017,71
440050417021018,71
440050417021019,71
440050417021020,71
440050417021021,71
440050417021022,71
440050417021023,71
440050417021024,71
440050417021025,71
440050417021026,71
440050417021027,71
440050417021028,71
440050417022000,71
440050417022001,71
440050417022002,71
440050417022003,71
440050417022004,71
440050417022005,71
440050417022006,71
440050417022007,71
440050417022008,71
440050417022009,71
440050417022010,71
440050417022011,71
440050417022012,71
440050417022013,71
440050417022014,71
440050417022015,71
440050417022016,71
440050417022017,71
440050417022018,71
440050417022019,71
440050417022020,71
440050417022021,71
440050417022022,71
440050417022023,71
440050417022024,71
440050417022025,71
440050417022026,71
440050417022027,71
440050417022028,71
440050417022029,71
440050417022030,71
440050417022031,71
440050417023000,71
440050417023001,71
440050417023002,71
440050417023003,71
440050417023004,71
440050417023005,71
440050417023006,71
440050417023007,71
440050417023008,71
440050417023009,71
440050417023010,71
440050417023011,71
440050417023012,71
440050417023013,71
440050417023014,71
440050417023015,71
440050417023016,71
440050417023017,71
440050417023018,71
440050417023019,71
440050417023020,71
440050417023021,71
440050417023022,71
440050417023023,71
440050417023024,71
440050417023025,71
440050417023026,71
440050417023027,71
440050417023028,71
440050417023029,71
440050417023030,71
440050417023031,71
440050417023032,71
440050417023033,71
440050417023034,71
440050417023035,71
440050417023036,71
440050417023037,71
440050417023038,71
440070001011000,12
440070001011001,12
440070001011002,12
440070001011003,12
440070001011004,12
440070001011005,12
440070001011006,12
440070001011007,12
440070001011008,12
440070001011009,12
440070001011010,12
440070001011011,12
440070001011012,12
440070001011013,12
440070001011014,12
440070001012000,12
440070001012001,12
440070001012002,12
440070001012003,12
440070001012004,12
440070001012005,12
440070001012006,12
440070001012007,12
440070001013000,12
440070001013001,12
440070001013002,12
440070001013003,12
440070001013004,12
440070001013005,12
440070001013006,12
440070001013007,12
440070001013008,12
440070001013009,12
440070001013010,12
440070001013011,12
440070001013012,12
440070001013013,12
440070001013014,12
440070001013015,12
440070001013016,12
440070001013017,12
440070001013018,12
440070001013019,12
440070001013020,12
440070001013021,12
440070001013022,12
440070001014000,12
440070001014001,12
440070001014002,12
440070001014003,12
440070001014004,12
440070001014005,12
440070001014006,12
440070001014007,12
440070001014008,12
440070001014009,12
440070001014010,12
440070001014011,12
440070001014012,12
440070001021000,12
440070001021001,12
440070001021002,12
440070001021003,12
440070001021004,12
440070001021005,12
440070001021006,12
440070001021007,12
440070001021008,12
440070001021009,12
440070001021010,12
440070001021011,12
440070001021012,12
440070001021013,12
440070001021014,12
440070001021015,12
440070001021016,12
440070001023000,11
440070001023001,11
440070001023002,11
440070001023003,11
440070001023004,11
440070001023005,11
440070001023006,11
440070001023007,11
440070001023008,11
440070001023009,11
440070001023010,11
440070001023011,11
440070001023012,11
440070001023013,11
440070001023014,11
440070001023015,11
440070001023016,11
440070002003000,11
440070002003001,11
440070002003002,11
440070002003003,11
440070002003004,11
440070002003005,11
440070002003006,11
440070002003007,11
440070002003008,11
440070002003009,11
440070002004000,11
440070002004001,11
440070002004002,11
440070002004003,11
440070002004004,11
440070002004005,11
440070002004006,11
440070002004007,11
440070002004008,11
440070002004009,11
440070003002000,11
440070003002001,11
440070003002002,11
440070003002003,11
440070003002004,11
440070003002005,11
440070003002006,11
440070003002007,11
440070003002008,11
440070003002009,11
440070003003000,11
440070003003001,11
440070003003002,11
440070003003003,11
440070003003004,11
440070003003005,11
440070003003006,11
440070003003007,11
440070003004000,11
440070003004001,11
440070003004002,11
440070003004003,11
440070003004004,11
440070003004005,11
440070003004006,11
440070003004007,11
440070003004008,11
440070003004009,11
440070003004010,11
440070003004011,11
440070003004012,11
440070003004013,11
440070003006000,10
440070003006001,10
440070003006002,10
440070003006003,10
440070003006004,10
440070003006005,10
440070003006006,10
440070003006007,10
440070003006008,10
440070003006009,10
440070003006010,10
440070003006011,10
440070003006012,10
440070003006013,10
440070003006014,10
440070003006015,10
440070003006016,10
440070004002000,12
440070004002001,12
440070004002002,12
440070004002003,12
440070004002004,12
440070004002005,12
440070004002006,12
440070004002007,12
440070004002008,12
440070004003000,12
440070004003001,12
440070004003002,12
440070004003003,12
440070004003004,12
440070004003005,12
440070004003006,12
440070004003007,12
440070004003008,12
440070004003009,12
440070004003010,12
440070004003011,12
440070004003012,12
440070004003013,12
440070004004000,12
440070004004001,12
440070004004002,12
440070004004003,12
440070004004004,12
440070004004005,12
440070004004006,12
440070004004007,12
440070004004008,12
440070004004009,12
440070004004010,12
440070005001000,12
440070005001001,12
440070005001002,12
440070005001003,12
440070005001004,12
440070005001005,12
440070005001006,12
440070005001007,12
440070005001008,12
440070005001009,12
440070005001010,12
440070005001011,12
440070005001012,12
440070005001013,12
440070005001014,12
440070005001015,12
440070005001016,12
440070005001017,12
440070005001018,12
440070005001019,12
440070005002000,12
440070005002001,12
440070005002002,12
440070005002003,12
440070005002004,12
440070005002005,12
440070005002006,12
440070005002007,12
440070005002008,12
440070005003000,12
440070005003001,12
440070005003002,12
440070005003003,12
440070005003004,12
440070005003005,12
440070005003006,12
440070005003007,12
440070005003008,12
440070005003009,12
440070005003010,12
440070005003011,12
440070005003012,12
440070005003013,12
440070005003014,12
440070005003015,12
440070007001000,2
440070007001001,2
440070007001002,2
440070007001003,2
440070007001004,2
440070007001005,2
440070007001006,2
440070007001007,2
440070007001008,2
440070007001009,2
440070008003000,2
440070008003001,2
440070008003002,2
440070008003003,2
440070008003004,2
440070008003005,2
440070008003006,2
440070008003007,2
440070008003008,2
440070008003009,2
440070008003010,2
440070008003011,2
440070008003012,2
440070008003013,2
440070008003014,2
440070008003015,2
440070008003016,2
440070008003017,2
440070008003018,2
440070008003019,2
440070008003020,2
440070008003021,2
440070008003022,2
440070008003023,2
440070008003024,2
440070008003025,2
440070008003026,2
440070008003027,2
440070008003028,2
440070008003029,2
440070008003030,2
440070008003031,2
440070008003032,2
440070008003033,2
440070008003034,2
440070008003035,2
440070008003036,2
440070008003037,2
440070008003038,2
440070008003039,2
440070008003040,2
440070008003041,2
440070008003042,2
440070008003043,2
440070008003044,2
440070008003045,2
440070008003046,2
440070008003047,2
440070008003048,2
440070008003049,2
440070008003050,2
440070008003051,2
440070008003052,2
440070008003053,2
440070008003054,2
440070008003055,2
440070008003056,2
440070008003057,2
440070008003058,2
440070008003059,2
440070008003060,2
440070008003061,2
440070008003062,2
440070008003063,2
440070008003064,2
440070008003065,2
440070008003066,2
440070008003067,2
440070008003068,2
440070008003069,2
440070008003070,2
440070008003071,2
440070008003072,2
440070008003073,2
440070008003074,2
440070009001000,8
440070009001001,8
440070009001002,8
440070009001003,8
440070009001004,8
440070009001005,8
440070009001006,8
440070009001007,8
440070009001008,8
440070009001009,8
440070009001010,8
440070009001011,8
440070009001012,8
440070009001013,8
440070009001014,8
440070009001015,8
440070009001016,8
440070009001017,8
440070009001018,8
440070009001019,8
440070009001020,8
440070009001021,8
440070009001022,8
440070009001023,8
440070009001024,8
440070009001025,8
440070009001026,8
440070009001027,8
440070009001028,8
440070009001029,8
440070009001030,8
440070009001031,8
440070009001032,8
440070009001033,8
440070009001034,8
440070009001035,8
440070009001036,8
440070009001037,8
440070009001038,8
440070009001039,8
440070009001040,8
440070009001041,8
440070009001042,8
440070009001043,8
440070009001044,8
440070009001045,8
440070009001046,8
440070009001047,8
440070009001048,8
440070009001049,8
440070009001050,8
440070009001051,8
440070009001052,8
440070009001053,8
440070009001054,8
440070009001055,8
440070009001056,8
440070009001057,8
440070009002000,8
440070009002001,8
440070009002002,8
440070009002003,8
440070009002004,8
440070009002005,8
440070009002006,8
440070009002007,8
440070009002008,8
440070009002009,8
440070010001000,8
440070010001001,8
440070010001002,8
440070010001003,8
440070010001004,8
440070010001005,8
440070010001006,8
440070010001007,8
440070010001008,8
440070010001009,8
440070010001010,8
440070010001011,8
440070010001012,8
440070010001013,8
440070010001014,8
440070010001015,8
440070010001016,8
440070010001017,8
440070010002000,8
440070010002001,8
440070010002002,8
440070010002003,8
440070010002004,8
440070010002005,8
440070010002006,8
440070010002007,8
440070010002008,8
440070010002009,8
440070010002010,8
440070010002011,8
440070010002012,8
440070010002013,8
440070010002014,8
440070010002015,8
440070010002016,8
440070010002017,8
440070010002018,8
440070010002019,8
440070010002020,8
440070010002021,8
440070010002022,8
440070010002023,8
440070010002024,8
440070011001000,8
440070011001001,8
440070011001002,8
440070011001003,8
440070011001004,8
440070011001005,8
440070011001006,8
440070011001007,8
440070011001008,8
440070011001009,8
440070011001010,8
440070011001011,8
440070011001012,8
440070011001013,8
440070011001014,8
440070011001015,8
440070011001016,8
440070011001017,8
440070011001018,8
440070011003000,8
440070011003001,8
440070011003002,8
440070011003003,8
440070011003004,8
440070011003005,8
440070011003006,8
440070011003007,8
440070012001000,9
440070012001001,9
440070012001002,9
440070012001003,9
440070012001004,9
440070012001005,9
440070012001006,9
440070012001007,9
440070012001008,9
440070012001009,9
440070012001010,9
440070012001011,9
440070012003000,11
440070012003001,11
440070012003002,11
440070012003003,11
440070012003004,11
440070012003005,11
440070012003006,11
440070012003007,11
440070012003008,11
440070012003009,11
440070012003010,11
440070012003011,11
440070012003012,11
440070012003013,11
440070013004000,9
440070013004001,9
440070013004002,9
440070013004003,9
440070013004004,9
440070013004005,9
440070013004006,9
440070013004007,9
440070013004008,9
440070013004009,9
440070013004010,9
440070013004011,9
440070013004012,9
440070013004013,9
440070013004014,9
440070013004015,9
440070013004016,9
440070013004017,9
440070014002000,10
440070014002001,10
440070014002002,10
440070014002003,10
440070014003000,10
440070014003001,10
440070014003002,10
440070014003003,10
440070014003004,10
440070014003005,10
440070014003006,10
440070014004000,10
440070014004001,10
440070014004002,10
440070014004003,10
440070014004004,10
440070014004005,10
440070014004006,10
440070014004007,10
440070014004008,10
440070014004009,10
440070014004010,10
440070014004011,10
440070014004012,10
440070014004013,10
440070014004014,10
440070014004015,10
440070014004016,10
440070014004017,10
440070014004018,10
440070014004019,10
440070014004020,10
440070014004021,10
440070014004022,10
440070014004023,10
440070014004024,10
440070014004025,10
440070014004026,10
440070014004027,10
440070014004028,10
440070014004029,10
440070014004030,10
440070015001000,10
440070015001001,10
440070015001002,10
440070015001003,10
440070015001004,10
440070015001005,10
440070015001006,10
440070015001007,10
440070015001008,10
440070015001009,10
440070015001010,10
440070015001011,10
440070015001012,10
440070015001013,10
440070015001014,10
440070015001015,10
440070015001016,10
440070015001017,10
440070015001018,10
440070015001019,10
440070015001020,10
440070015001021,10
440070015001022,10
440070015001023,10
440070015001024,10
440070015001025,10
440070015001026,10
440070015001027,10
440070015001028,10
440070015001029,10
440070015001030,10
440070015002000,10
440070015002001,10
440070015002002,10
440070015002003,10
440070015002004,10
440070015002005,10
440070015002006,10
440070015002007,10
440070015002008,10
440070015002009,10
440070015002010,10
440070015002011,10
440070015003000,10
440070015003001,10
440070015003002,10
440070015003003,10
440070015003004,10
440070015003005,10
440070015003006,10
440070015003007,10
440070015003008,10
440070015003009,10
440070015003010,10
440070015003011,10
440070015003012,10
440070015003013,10
440070015003014,10
440070015003015,10
440070016003000,9
440070016003001,9
440070016003002,9
440070016003003,9
440070016003004,9
440070016003005,9
440070016003006,9
440070016003007,9
440070016003008,9
440070016003009,9
440070016003010,9
440070016003011,9
440070016003012,9
440070016004000,9
440070016004001,9
440070016004002,9
440070016004003,9
440070016004004,9
440070016004005,9
440070016004006,9
440070016004007,9
440070016004008,9
440070016006000,13
440070016006001,13
440070016006002,13
440070016006003,13
440070016006004,13
440070016006005,13
440070016006006,13
440070016006007,13
440070016007000,13
440070016007001,13
440070016007002,13
440070016007003,13
440070016007004,13
440070016007005,13
440070016007006,13
440070016007007,13
440070016007008,13
440070017003000,13
440070017003001,13
440070017003002,13
440070017003003,13
440070017003004,13
440070017003005,13
440070017003006,13
440070017003007,13
440070017003008,13
440070017003009,13
440070017003010,13
440070017003011,13
440070017003012,13
440070017003013,13
440070017003014,13
440070017003015,13
440070017003016,13
440070017003017,13
440070017003018,13
440070017003019,13
440070017003020,13
440070017003021,13
440070017003022,13
440070017003023,13
440070018001000,13
440070018001001,13
440070018001002,13
440070018001003,13
440070018001004,13
440070018001005,13
440070018001006,13
440070018001007,13
440070018001008,13
440070018001009,13
440070018001010,13
440070018001011,13
440070018001012,13
440070018001013,13
440070018001014,13
440070018001015,13
440070018001016,13
440070018001017,13
440070018001018,13
440070018001019,13
440070018003000,9
440070018003001,9
440070018004000,13
440070018004001,13
440070018004002,13
440070018004003,13
440070018004004,13
440070018004005,13
440070018004006,13
440070018004007,13
440070018004008,13
440070018004009,13
440070018004010,13
440070018005000,13
440070018005001,13
440070018005002,13
440070018005003,13
440070018005004,13
440070018005005,13
440070018005006,13
440070018005007,13
440070018006000,13
440070018006001,13
440070018006002,13
440070018006003,13
440070018006004,13
440070018006005,13
440070018006006,13
440070018006007,13
440070018006008,13
440070018006009,13
440070018006010,13
440070018006011,13
440070018006012,13
440070018006013,13
440070018006014,13
440070018006015,13
440070018006016,13
440070018006017,13
440070018006018,13
440070018006019,13
440070018006020,13
440070019001000,8
440070019001001,8
440070019001002,8
440070019001003,8
440070019001004,8
440070019001005,8
440070019001006,8
440070019001007,8
440070019001008,8
440070019001009,8
440070019001010,8
440070019001011,8
440070019001012,8
440070019001013,8
440070019001014,8
440070019001015,8
440070019001016,8
440070019002000,8
440070019002001,8
440070019002002,8
440070019002003,8
440070019002004,8
440070019002005,8
440070019002006,8
440070019002007,8
440070019002008,8
440070019002009,8
440070019002010,8
440070019002011,8
440070019002012,8
440070019002013,8
440070019002014,8
440070019004000,6
440070019004001,6
440070019004002,6
440070019004003,6
440070019004004,6
440070019004005,6
440070019004006,6
440070019004007,6
440070019004008,6
440070019005000,8
440070019005001,8
440070019005002,8
440070019005003,8
440070019005004,8
440070019005005,8
440070019005006,8
440070019005007,8
440070019005008,8
440070019005009,8
440070019005010,8
440070019006000,8
440070019006001,8
440070019006002,8
440070019006003,8
440070019006004,8
440070019006005,8
440070019006006,8
440070019006007,8
440070019006008,8
440070019006009,8
440070019006010,8
440070020001000,6
440070020001001,6
440070020001002,6
440070020001003,6
440070020001004,6
440070020001005,6
440070020001006,6
440070020001007,6
440070020001008,6
440070020001009,6
440070020001010,6
440070020001011,6
440070020001012,6
440070020001013,6
440070020001014,6
440070020001015,6
440070020001016,6
440070020001017,6
440070020001018,6
440070020001019,6
440070020002000,6
440070020002001,6
440070020002002,6
440070020002003,6
440070020002004,6
440070020002005,6
440070020002006,6
440070020002007,6
440070020002008,6
440070020002009,6
440070020002010,6
440070021012000,7
440070021012001,7
440070021012002,7
440070021012003,7
440070021012004,7
440070021012005,7
440070021012006,7
440070021012007,7
440070021012008,7
440070021012009,7
440070021012010,7
440070021012011,7
440070021012012,7
440070021012013,7
440070021012014,7
440070021012015,7
440070021013000,7
440070021013001,7
440070021013002,7
440070021013003,7
440070021013004,7
440070021013005,7
440070021013006,7
440070021013007,7
440070021013008,7
440070021013009,7
440070021013010,7
440070021013011,7
440070021013012,7
440070021013013,7
440070021021000,7
440070021021001,7
440070021021002,7
440070021021003,7
440070021021004,7
440070021021005,7
440070021021006,7
440070021021007,7
440070021021008,7
440070021021009,7
440070021023000,7
440070021023001,7
440070021023002,7
440070021023003,7
440070021023004,7
440070021023005,7
440070021023006,7
440070021023007,7
440070021023008,7
440070021023009,7
440070021023010,7
440070021023011,7
440070021023012,7
440070021023013,7
440070021023014,7
440070021023015,7
440070021023016,7
440070021023017,7
440070021023018,7
440070021023019,7
440070021023020,7
440070021024000,7
440070021024001,7
440070021024002,7
440070021024003,7
440070021024004,7
440070021024005,7
440070021024006,7
440070021024007,7
440070021024008,7
440070021024009,7
440070021024010,7
440070021024011,7
440070021024012,7
440070021024013,7
440070021024014,7
440070021024015,7
440070021024016,7
440070021025000,7
440070021025001,7
440070021025002,7
440070021025003,7
440070021025004,7
440070021025005,7
440070021025006,7
440070021025007,7
440070021025008,7
440070021025009,7
440070021025010,7
440070021025011,7
440070022002000,8
440070022002001,8
440070022002002,8
440070022002003,8
440070022002004,8
440070022002005,8
440070022002006,8
440070022002007,8
440070022002008,8
440070022002009,8
440070022002010,8
440070022002011,8
440070022002012,8
440070022002013,8
440070022002014,8
440070022002015,8
440070022002016,8
440070022002017,8
440070022002018,8
440070022002019,8
440070022002020,8
440070023001000,5
440070023001001,5
440070023001002,5
440070023001003,5
440070023001004,5
440070023001005,5
440070023001006,5
440070023001007,5
440070023002000,7
440070023002001,7
440070023002002,7
440070023002003,7
440070023002004,7
440070023002005,7
440070023002006,7
440070023002007,7
440070023002008,7
440070023002009,7
440070023002010,7
440070023002011,7
440070023003000,7
440070023003001,7
440070023003002,7
440070023003003,7
440070023003004,7
440070023003005,7
440070023003006,7
440070023004000,7
440070023004001,7
440070023004002,7
440070023004003,7
440070023004004,7
440070023004005,7
440070023004006,7
440070023004007,7
440070023004008,7
440070023004009,7
440070023004010,7
440070023004011,7
440070023005000,5
440070023005001,5
440070023005002,5
440070023005003,5
440070023005004,5
440070023005005,5
440070023005006,5
440070023005007,5
440070023005008,5
440070023005009,5
440070023005010,5
440070023005011,5
440070023005012,5
440070023005013,5
440070023005014,5
440070023005015,5
440070023006000,7
440070023006001,7
440070023006002,7
440070023006003,7
440070023006004,7
440070023006005,7
440070023006006,7
440070023006007,7
440070023006008,7
440070023006009,7
440070023006010,7
440070023006011,7
440070023006012,7
440070023006013,7
440070024001000,5
440070024001001,5
440070024001002,5
440070024001003,5
440070024001004,5
440070024001005,5
440070024001006,5
440070024001007,5
440070024001008,5
440070024001009,5
440070024001010,5
440070024002000,5
440070024002001,5
440070024002002,5
440070024002003,5
440070024002004,5
440070024002005,5
440070024002006,5
440070024002007,5
440070024002008,5
440070024002009,5
440070024002010,5
440070024002011,5
440070024002012,5
440070024002013,5
440070024002014,5
440070024002015,5
440070024002016,5
440070024002017,5
440070024002018,5
440070024004000,6
440070024004001,6
440070024004002,6
440070024004003,6
440070024004004,6
440070024004005,6
440070024004006,6
440070024004007,6
440070024004008,6
440070024004009,6
440070024004010,6
440070024004011,6
440070024004012,6
440070024004013,6
440070024004014,6
440070024004015,6
440070024004016,6
440070024005000,6
440070024005001,6
440070024005002,6
440070024005003,6
440070024005004,6
440070024005005,6
440070024005006,6
440070024005007,6
440070024005008,6
440070024005009,6
440070024005010,6
440070024005011,6
440070024005012,6
440070024005013,6
440070024005014,6
440070024005015,6
440070025001000,3
440070025001001,3
440070025001002,3
440070025001003,3
440070025001004,3
440070025001005,3
440070025001006,3
440070025001007,3
440070025001008,3
440070025001009,3
440070025001010,3
440070025001011,3
440070026002000,3
440070026002001,3
440070026002002,3
440070026002003,3
440070026002004,3
440070026002005,3
440070026002006,3
440070026002007,3
440070026002008,3
440070026002009,3
440070026002010,3
440070026002011,3
440070026002012,3
440070026002013,3
440070026002014,3
440070026002015,3
440070026002016,3
440070026002017,3
440070026002018,3
440070026002019,3
440070026003000,3
440070026003001,3
440070026003002,3
440070026003003,3
440070026003004,3
440070026003005,3
440070026003006,3
440070026003007,3
440070026003008,3
440070026003009,3
440070026003010,3
440070026003011,3
440070026003012,3
440070026003013,3
440070026003014,3
440070027001000,3
440070027001001,3
440070027001002,3
440070027001003,3
440070027001004,3
440070027001005,3
440070027001006,3
440070027001007,3
440070027001008,3
440070027001009,3
440070027001010,3
440070027001011,3
440070027001012,3
440070027001013,3
440070027001014,3
440070027001015,3
440070027002000,3
440070027002001,3
440070027002002,3
440070027002003,3
440070027002004,3
440070027002005,3
440070027002006,3
440070027002007,3
440070027002008,3
440070027002009,3
440070027002010,3
440070027002011,3
440070027002012,3
440070027003000,3
440070027003001,3
440070027003002,3
440070027003003,3
440070027003004,3
440070027003005,3
440070027003006,3
440070027003007,3
440070027003008,3
440070027003009,3
440070027003010,3
440070027003011,3
440070027003012,3
440070027003013,3
440070027003014,3
440070027003015,3
440070027003016,3
440070027003017,3
440070027003018,3
440070027003019,3
440070027004000,5
440070027004001,5
440070027004002,5
440070027004003,5
440070027004004,5
440070027004005,5
440070027004006,5
440070027004007,5
440070028001000,5
440070028001001,5
440070028001002,5
440070028001003,5
440070028001004,5
440070028001005,5
440070028001006,5
440070028001007,5
440070028001008,5
440070028001009,5
440070028001010,5
440070028001011,5
440070028001012,5
440070028001013,5
440070028001014,5
440070028001015,5
440070028001016,5
440070028001017,5
440070028001018,5
440070028001019,5
440070028001020,5
440070028001021,5
440070028001022,5
440070028001023,5
440070028001024,5
440070028001025,5
440070028001026,5
440070028001027,5
440070028003000,3
440070028003001,3
440070028003002,3
440070028003003,3
440070028003004,3
440070028003005,3
440070028003006,3
440070028003007,3
440070028003008,3
440070028003009,3
440070028003010,3
440070028003011,3
440070028003012,3
440070029001000,5
440070029001001,5
440070029001002,5
440070029001003,5
440070029001004,5
440070029001005,5
440070029001006,5
440070029001007,5
440070029001008,5
440070029001009,5
440070029001010,5
440070029001011,5
440070029001012,5
440070029001013,5
440070029001014,5
440070029001015,5
440070029001016,5
440070029001017,5
440070029001018,5
440070029001019,5
440070029001020,5
440070029001021,5
440070029001022,5
440070029001023,5
440070029001024,5
440070029001025,5
440070029001026,5
440070029001027,5
440070029001028,5
440070029001029,5
440070029001030,5
440070029003000,3
440070029003001,3
440070029003002,3
440070029003003,3
440070029003004,3
440070029003005,3
440070029003006,3
440070029003007,3
440070029003008,3
440070029003009,3
440070029003010,3
440070029003011,3
440070029003012,3
440070029003013,3
440070029003014,3
440070029003015,3
440070029003016,3
440070029003017,3
440070029003018,3
440070029003019,3
440070029003020,3
440070029003021,3
440070029003022,3
440070029003023,3
440070029003024,3
440070029003025,3
440070029004000,3
440070029004001,3
440070029004002,3
440070029004003,3
440070029004004,3
440070029004005,3
440070029004006,3
440070029004007,3
440070029004008,3
440070029004009,3
440070029004010,3
440070029004011,3
440070029004012,3
440070029004013,3
440070029004014,3
440070029004015,3
440070029004016,3
440070029004017,3
440070029004018,3
440070029004019,3
440070029004020,3
440070029004021,3
440070029004022,3
440070029004023,3
440070029004024,3
440070029004025,3
440070029004026,3
440070029004027,3
440070029004028,3
440070029004029,3
440070029004030,3
440070029004031,3
440070029004032,3
440070029004033,3
440070029004034,3
440070029004035,3
440070029004036,3
440070029004037,3
440070029004038,3
440070029004039,3
440070031001000,4
440070031001001,4
440070031001002,4
440070031001003,4
440070031001004,4
440070031001005,4
440070031001006,4
440070031001007,4
440070031001008,4
440070031002000,4
440070031002001,4
440070031002002,4
440070031002003,4
440070031002004,4
440070031002005,4
440070031002006,4
440070031002007,4
440070031002008,4
440070031002009,4
440070031002010,4
440070031002011,4
440070031002012,4
440070031003000,4
440070031003001,4
440070031003002,4
440070031003003,4
440070031004000,1
440070031004001,1
440070031004002,1
440070031004003,1
440070031004004,1
440070031004005,1
440070031004006,1
440070031004007,1
440070031004008,1
440070031004009,1
440070031004010,1
440070031004011,1
440070031004012,1
440070031004013,1
440070031004014,1
440070031004015,1
440070031004016,1
440070031004017,1
440070031004018,1
440070031004019,1
440070032001000,4
440070032001001,4
440070032001002,4
440070032001003,4
440070032001004,4
440070032001005,4
440070032001006,4
440070032002000,4
440070032002001,4
440070032002002,4
440070032002003,4
440070032002004,4
440070032002005,4
440070032002006,4
440070032002007,4
440070032002008,4
440070032002009,4
440070032002010,4
440070032002011,4
440070032002012,4
440070032002013,4
440070032002014,4
440070032003000,4
440070032003001,4
440070032003002,4
440070032003003,4
440070032003004,4
440070032003005,4
440070032003006,4
440070032003007,4
440070032003008,4
440070032003009,4
440070032003010,4
440070032003011,4
440070032003012,4
440070032003013,4
440070032004000,4
440070032004001,4
440070032004002,4
440070032004003,4
440070032004004,4
440070032004005,4
440070032004006,4
440070032004007,4
440070032004008,4
440070032004009,4
440070032004010,4
440070032004011,4
440070032004012,4
440070032004013,4
440070032004014,4
440070033001000,4
440070033001001,4
440070033001002,4
440070033001003,4
440070033001004,4
440070033001005,4
440070033001006,4
440070033001007,4
440070033001008,4
440070033001009,4
440070033001010,4
440070033001011,4
440070033001012,4
440070033001013,4
440070033001014,4
440070033001015,4
440070033001016,4
440070033001017,4
440070033001018,4
440070033001019,4
440070033002000,4
440070033002001,4
440070033002002,4
440070033002003,4
440070033002004,4
440070033002005,4
440070033002006,4
440070033002007,4
440070033002008,4
440070033002009,4
440070033002010,4
440070033002011,4
440070033002012,4
440070033002013,4
440070033002014,4
440070033002015,4
440070033002016,4
440070033002017,4
440070033003000,4
440070033003001,4
440070033003002,4
440070033003003,4
440070033003004,4
440070033003005,4
440070033003006,4
440070033003007,4
440070033003008,4
440070033003009,4
440070033003010,4
440070033003011,4
440070033003012,4
440070033003013,4
440070033003014,4
440070033003015,4
440070033003016,4
440070033003017,4
440070033003018,4
440070033003019,4
440070033003020,4
440070033003021,4
440070033003022,4
440070034001000,4
440070034001001,4
440070034001002,4
440070034001003,4
440070034001004,4
440070034001005,4
440070034001006,4
440070034001007,4
440070034001008,4
440070034001009,4
440070034001010,4
440070034001011,4
440070034001012,4
440070034001013,4
440070034001014,4
440070034001015,4
440070034001016,4
440070034001017,4
440070034001018,4
440070034001019,4
440070034001020,4
440070034001021,4
440070034001022,4
440070034001023,4
440070034001024,4
440070034001025,4
440070034001026,4
440070034001027,4
440070034001028,4
440070034001029,4
440070034001030,4
440070034001031,4
440070034001032,4
440070034001033,4
440070034001034,4
440070034001035,4
440070034001036,4
440070034001037,4
440070034001038,4
440070034001039,4
440070034001040,4
440070034001041,4
440070034001042,4
440070034003000,1
440070034003001,1
440070034003002,1
440070034003003,1
440070034003004,1
440070034003005,1
440070034003006,1
440070034003007,1
440070034003008,1
440070034003009,1
440070034003010,1
440070034003011,1
440070034003012,1
440070034003013,1
440070034003014,1
440070034003015,1
440070034003016,1
440070034003017,1
440070034003018,1
440070034003019,1
440070034003020,1
440070034003021,1
440070034003022,1
440070034003023,1
440070034003024,1
440070035001000,1
440070035001001,1
440070035001002,1
440070035001003,1
440070035001004,1
440070035001005,1
440070035001006,1
440070035001007,1
440070035001008,1
440070035001009,1
440070035001010,1
440070035001011,1
440070035001012,1
440070035001013,1
440070035001014,1
440070035001015,1
440070035001016,1
440070035002000,2
440070035002001,2
440070035002002,2
440070035002003,2
440070035002004,2
440070035002005,2
440070035002006,2
440070035002007,2
440070035002008,2
440070035002009,2
440070035002010,2
440070035002011,2
440070035002012,2
440070035002013,2
440070035002014,2
440070035002015,2
440070035002016,2
440070035002017,2
440070035002018,2
440070035002019,2
440070035002020,2
440070035002021,2
440070035003000,2
440070035003001,2
440070035003002,2
440070035003003,2
440070035003004,2
440070035003005,2
440070035003006,2
440070035003007,2
440070035003008,2
440070035003009,2
440070036022000,1
440070036022001,1
440070036022002,1
440070036022003,1
440070036022004,1
440070036022005,1
440070036022006,1
440070036022007,1
440070036022008,1
440070036022009,1
440070036022010,1
440070036022011,1
440070036022012,1
440070036022013,1
440070036023000,1
440070036023001,1
440070036023002,1
440070036023003,1
440070036023004,1
440070036023005,1
440070036023006,1
440070036023007,1
440070036023008,1
440070036023009,1
440070036023010,1
440070036023011,1
440070036023012,1
440070036023013,1
440070036023014,1
440070036023015,1
440070036023016,1
440070036023017,1
440070036023018,1
440070036023019,1
440070036023020,1
440070036023021,1
440070036023022,1
440070036023023,1
440070036023024,1
440070036023025,1
440070037001000,2
440070037001001,2
440070037001002,2
440070037001003,2
440070037001004,2
440070037001005,2
440070037001006,2
440070037001007,2
440070037001008,2
440070037001009,2
440070037001010,2
440070037001011,2
440070037001012,2
440070037001013,2
440070037001014,2
440070037001015,2
440070037001016,2
440070037003000,2
440070037003001,2
440070037003002,2
440070037003003,2
440070037003004,2
440070037003005,2
440070037003006,2
440070037003007,2
440070037003008,2
440070037003009,2
440070037003010,2
440070037003011,2
440070037003012,2
440070037003013,2
440070037003014,2
440070037003015,2
440070037003016,2
440070037003017,2
440070037004000,2
440070037004001,2
440070037004002,2
440070037004003,2
440070037004004,2
440070037004005,2
440070037004006,2
440070037004007,2
440070037004008,2
440070037004009,2
440070037004010,2
440070037004011,2
440070101011000,63
440070101011001,63
440070101011002,63
440070101011003,63
440070101011004,63
440070101011005,63
440070101011006,63
440070101011007,63
440070101011008,63
440070101011009,63
440070101011010,63
440070101011011,63
440070101011012,63
440070101011013,63
440070101011014,63
440070101011015,63
440070101011016,63
440070101011017,63
440070101011018,63
440070101011019,63
440070101011020,63
440070101012000,63
440070101012001,63
440070101012002,63
440070101012003,63
440070101012004,63
440070101012005,63
440070101012006,63
440070101012007,63
440070101012008,63
440070101012009,63
440070101012010,63
440070101012011,63
440070101012012,63
440070101012013,63
440070101012014,63
440070101012015,63
440070101012016,63
440070101012017,63
440070101012018,63
440070101013000,63
440070101013001,63
440070101013002,63
440070101013003,63
440070101013004,63
440070101013005,63
440070101013006,63
440070101013007,63
440070101013008,63
440070101013009,63
440070101013010,63
440070101013011,63
440070101013012,63
440070101013013,63
440070101013014,63
440070101013015,63
440070101013016,63
440070101013017,63
440070101013018,63
440070101013019,63
440070101013020,63
440070101013021,63
440070101013022,63
440070101013023,63
440070101013024,63
440070101014000,63
440070101014001,63
440070101014002,63
440070101014003,63
440070101014004,63
440070101014005,63
440070101014006,63
440070101014007,63
440070101014008,63
440070101014009,63
440070101014010,63
440070101014011,63
440070101014012,63
440070101014013,63
440070101014014,63
440070101014015,63
440070101014016,63
440070101014017,63
440070101014018,63
440070101014019,63
440070101014020,63
440070101014021,63
440070101014022,63
440070101014023,63
440070101014024,63
440070101014025,63
440070101014026,63
440070101014027,63
440070101014028,63
440070101021000,63
440070101021001,63
440070101021002,63
440070101021003,63
440070101021004,63
440070101021005,63
440070101021006,63
440070101021007,63
440070101021008,63
440070101021009,63
440070101021010,63
440070101021011,63
440070101021012,63
440070101021013,63
440070101021014,63
440070101021015,63
440070101021016,63
440070101021017,63
440070101021018,63
440070101022000,63
440070101022001,63
440070101022002,63
440070101022003,63
440070101022004,63
440070101022005,63
440070101022006,63
440070101022007,63
440070101022008,63
440070101022009,63
440070101022010,63
440070101022011,63
440070101022012,63
440070101022013,63
440070101022014,63
440070101022015,63
440070101022016,63
440070101022017,63
440070101022018,63
440070101022019,63
440070101022020,63
440070101022021,63
440070101022022,63
440070101022023,63
440070101022024,63
440070101022025,63
440070101022026,63
440070101022027,63
440070101023000,63
440070101023001,63
440070101023002,63
440070101023003,63
440070101023004,63
440070101023005,63
440070101023006,63
440070101023007,63
440070101023008,63
440070101023009,63
440070101023010,63
440070101023011,63
440070101023012,63
440070101023013,63
440070101023014,63
440070101023015,63
440070101023016,63
440070101023017,63
440070101023018,63
440070101023019,63
440070101023020,63
440070101023021,63
440070101023022,63
440070101023023,63
440070101023024,63
440070101023025,63
440070101023026,63
440070101023027,63
440070101023028,63
440070101023029,63
440070101023030,63
440070101023031,63
440070101023032,63
440070101023033,63
440070101024000,63
440070101024001,63
440070101024002,63
440070101024003,63
440070101024004,63
440070101024005,63
440070101024006,63
440070101024007,63
440070101024008,63
440070102001000,63
440070102001001,63
440070102001002,63
440070102001003,63
440070102001004,63
440070102001005,63
440070102001006,63
440070102001007,63
440070102001008,63
440070102001009,63
440070102001010,63
440070102001011,63
440070102001012,63
440070102001013,63
440070102001014,63
440070102001015,63
440070102001016,63
440070102001017,63
440070102001018,63
440070102001019,63
440070102001020,63
440070102001021,63
440070102001022,63
440070102001023,63
440070102001024,63
440070102001025,63
440070102001026,63
440070102002000,63
440070102002001,63
440070102002002,63
440070102002003,63
440070102002004,63
440070102002005,63
440070102002006,63
440070102002007,63
440070102002008,63
440070102002009,63
440070102005000,64
440070102005001,64
440070102005002,64
440070102005003,64
440070102005004,64
440070102005005,64
440070102005006,64
440070102005007,64
440070102005008,64
440070102005009,64
440070102005010,64
440070102005011,64
440070102005012,64
440070102005013,64
440070102005014,64
440070102005015,64
440070102005016,64
440070102005017,64
440070102005018,64
440070102005019,64
440070102005020,64
440070102005021,64
440070102005022,64
440070102005023,64
440070102005024,64
440070102005025,64
440070102005026,64
440070102005027,64
440070102005028,64
440070102005029,64
440070102005030,64
440070102006000,64
440070102006001,64
440070102006002,64
440070102006003,64
440070102006004,64
440070102006005,64
440070102006006,64
440070102006007,64
440070102006008,64
440070102006009,64
440070102006010,64
440070102006011,64
440070102006012,64
440070102006013,64
440070103001000,63
440070103001001,63
440070103001002,63
440070103001003,63
440070103001004,63
440070103001005,63
440070103001006,63
440070103001007,63
440070103001008,63
440070103001009,63
440070103001010,63
440070103001011,63
440070103001012,63
440070103001013,63
440070103001014,63
440070103001015,63
440070103001016,63
440070103001017,63
440070103001018,63
440070103001019,63
440070103001020,63
440070103001021,63
440070103002000,63
440070103002001,63
440070103002002,63
440070103002003,63
440070103002004,63
440070103002005,63
440070103002006,63
440070103002007,63
440070103002008,63
440070103002009,63
440070103002010,63
440070103002011,63
440070103002012,63
440070103002013,63
440070103002014,63
440070103002015,63
440070103002016,63
440070103002017,63
440070103002018,63
440070103002019,63
440070103002020,63
440070103002021,63
440070103002022,63
440070103002023,63
440070103002024,63
440070103002025,63
440070103002026,63
440070103002027,63
440070103002028,63
440070103002029,63
440070103002030,63
440070103002031,63
440070103002032,63
440070103002033,63
440070103002034,63
440070103002035,63
440070103002036,63
440070103002037,63
440070103002038,63
440070103002039,63
440070103002040,63
440070103003000,63
440070103003001,63
440070103003002,63
440070103003003,63
440070103003004,63
440070103003005,63
440070103003006,63
440070103003007,63
440070103003008,63
440070103003009,63
440070103003010,63
440070103003011,63
440070103003012,63
440070103003013,63
440070103003014,63
440070103003015,63
440070103003016,63
440070103003017,63
440070103003018,63
440070103003019,63
440070103003020,63
440070103003021,63
440070103003022,63
440070103003023,63
440070103003024,63
440070103003025,63
440070103003026,63
440070103003027,63
440070103003028,63
440070104001000,64
440070104001001,64
440070104001002,64
440070104001003,64
440070104001004,64
440070104001005,64
440070104001006,64
440070104001007,64
440070104001008,64
440070104001009,64
440070104001010,64
440070104001011,64
440070104001012,64
440070104001013,64
440070104001014,64
440070104001015,64
440070104001016,64
440070104001017,64
440070104001018,64
440070104002000,64
440070104002001,64
440070104002002,64
440070104002003,64
440070104002004,64
440070104002005,64
440070104002006,64
440070104002007,64
440070104002008,64
440070104002009,64
440070104002010,64
440070104002011,64
440070104002012,64
440070104002013,64
440070104002014,64
440070104002015,64
440070104002016,64
440070104002017,64
440070104002018,64
440070104002019,64
440070104003000,64
440070104003001,64
440070104003002,64
440070104003003,64
440070104003004,64
440070104003005,64
440070104003006,64
440070104003007,64
440070104003008,64
440070104003009,64
440070104003010,64
440070104003011,64
440070104003012,64
440070104003013,64
440070104003014,64
440070104003015,64
440070104003016,64
440070104003017,64
440070104003018,64
440070104003019,64
440070104003020,64
440070104003021,64
440070104003022,64
440070104003023,64
440070104003024,64
440070104003025,64
440070104003026,64
440070104003027,64
440070104003028,64
440070104003029,64
440070104003030,64
440070104003031,64
440070104003032,64
440070104003033,64
440070104003034,64
440070104003035,64
440070104003036,64
440070104003037,64
440070104003038,64
440070104003039,64
440070104003040,64
440070104003041,64
440070104003042,64
440070104003043,64
440070104003044,64
440070104003045,64
440070104003046,64
440070104003047,64
440070104003048,64
440070104003049,64
440070104003050,64
440070104003051,64
440070104003052,64
440070104003053,64
440070104003054,64
440070104003055,64
440070104003056,64
440070104003057,64
440070104003058,64
440070104003059,64
440070104003060,64
440070104003061,64
440070104003062,64
440070104003063,64
440070104003064,64
440070104003065,64
440070104003066,64
440070104003067,64
440070104003068,64
440070104003069,64
440070104003070,64
440070104003071,64
440070104003072,64
440070104003073,64
440070104003074,64
440070104003075,64
440070104004000,64
440070104004001,64
440070104004002,64
440070104004003,64
440070104004004,64
440070104004005,64
440070104004006,64
440070104004007,64
440070104004008,64
440070104004009,64
440070104004010,64
440070104004011,64
440070104004012,64
440070104004013,64
440070104004014,64
440070104004015,64
440070104004016,64
440070104004017,64
440070104004018,64
440070104004019,64
440070104004020,64
440070104004021,64
440070104004022,64
440070104004023,64
440070104004024,64
440070104004025,64
440070104004026,64
440070104004027,64
440070104004028,64
440070104004029,64
440070104004030,64
440070104005000,64
440070104005001,64
440070104005002,64
440070104005003,64
440070104005004,64
440070104005005,64
440070104005006,64
440070104005007,64
440070104005008,64
440070104005009,64
440070104005010,64
440070104005011,64
440070104005012,64
440070104005013,64
440070104005014,64
440070104005015,64
440070104005016,64
440070104005017,64
440070104005018,64
440070105012000,64
440070105012001,64
440070105012002,64
440070105012003,64
440070105012004,64
440070105012005,64
440070105012006,64
440070105012007,64
440070105012008,64
440070105012009,64
440070105012010,64
440070105012011,64
440070105012012,64
440070105012013,64
440070105012014,64
440070105012015,64
440070105012016,64
440070105012017,64
440070105012018,64
440070105012019,64
440070105012020,64
440070105012021,64
440070105012022,64
440070105012023,64
440070105012024,64
440070105012025,64
440070105012026,64
440070105012027,64
440070105012028,64
440070105012029,64
440070105012030,64
440070105012031,64
440070105012032,64
440070105012033,64
440070105012034,64
440070105012035,64
440070105013000,65
440070105013001,65
440070105013002,65
440070105013003,65
440070105013004,65
440070105013005,65
440070105013006,65
440070105013007,65
440070105013008,65
440070105013009,65
440070105013010,65
440070105013011,65
440070105013012,65
440070105013013,65
440070105013014,65
440070105013015,65
440070105013016,65
440070105013017,65
440070105013018,65
440070105013019,65
440070105013020,65
440070105013021,65
440070105013022,65
440070105013023,65
440070105013024,65
440070105013025,65
440070105013026,65
440070105013027,65
440070105013028,65
440070105013029,65
440070105013030,65
440070105013031,65
440070105013032,65
440070105013033,65
440070105013034,65
440070105013035,65
440070105013036,65
440070105013037,65
440070105022000,64
440070105022001,64
440070105022002,64
440070105022003,64
440070105022004,64
440070105022005,64
440070105022006,64
440070105022007,64
440070105022008,64
440070105022009,64
440070105022010,64
440070105022011,64
440070105022012,64
440070105022013,64
440070105023000,65
440070105023001,65
440070105023002,65
440070105023003,65
440070105023004,65
440070105023005,65
440070105023006,65
440070105023007,65
440070105023008,65
440070105023009,65
440070105023010,65
440070105023011,65
440070105023012,65
440070105023013,65
440070105023014,65
440070105023015,65
440070105023016,65
440070105023017,65
440070105023018,65
440070105023019,65
440070105023020,65
440070105023021,65
440070105023022,65
440070105023023,65
440070105023024,65
440070105023025,65
440070105023026,65
440070105023027,65
440070105023028,65
440070105023029,65
440070105023030,65
440070105023031,65
440070105023032,65
440070105023033,65
440070105023034,65
440070105023035,65
440070105023036,65
440070105023037,65
440070105023038,65
440070105023039,65
440070105023040,65
440070105023041,65
440070105023042,65
440070105024000,65
440070105024001,65
440070105024002,65
440070105024003,65
440070105024004,65
440070105024005,65
440070105024006,65
440070105024007,65
440070105024008,65
440070105024009,65
440070105024010,65
440070105024011,65
440070105024012,65
440070105024013,65
440070105024014,65
440070106001000,65
440070106001001,65
440070106001002,65
440070106001003,65
440070106001004,65
440070106001005,65
440070106001006,65
440070106001007,65
440070106001008,65
440070106001009,65
440070106001010,65
440070106001011,65
440070106001012,65
440070106001013,65
440070106001014,65
440070106001015,65
440070106001016,65
440070106001017,65
440070106001018,65
440070106001019,65
440070106001020,65
440070106001021,65
440070106001022,65
440070106001023,65
440070106002000,65
440070106002001,65
440070106002002,65
440070106002003,65
440070106002004,65
440070106002005,65
440070106002006,65
440070106002007,65
440070106002008,65
440070106002009,65
440070106002010,65
440070106002011,65
440070106002012,65
440070106002013,65
440070106002014,65
440070106002015,65
440070106002016,65
440070106002017,65
440070106002018,65
440070106002019,65
440070106002020,65
440070106002021,65
440070106002022,65
440070106002023,65
440070106002024,65
440070106002025,65
440070106002026,65
440070106002027,65
440070106002028,65
440070106002029,65
440070106002030,65
440070106002031,65
440070106002032,65
440070106002033,65
440070106002034,65
440070106002035,65
440070106002036,65
440070106002037,65
440070106002038,65
440070106002039,65
440070106002040,65
440070106002041,65
440070106002042,65
440070106002043,65
440070106002044,65
440070106002045,65
440070106002046,65
440070106003000,65
440070106003001,65
440070106003002,65
440070106003003,65
440070106003004,65
440070106003005,65
440070106003006,65
440070106003007,65
440070106003008,65
440070106003009,65
440070106003010,65
440070106003011,65
440070106003012,65
440070106003013,65
440070106003014,65
440070106004000,65
440070106004001,65
440070106004002,65
440070106004003,65
440070106004004,65
440070106004005,65
440070106004006,65
440070106004007,65
440070106004008,65
440070106004009,65
440070106004010,65
440070106004011,65
440070106004012,65
440070106004013,65
440070106004014,65
440070106004015,65
440070106004016,65
440070106004017,65
440070106004018,65
440070106004019,65
440070106004020,65
440070106004021,65
440070106004022,65
440070106004023,65
440070106004024,65
440070106004025,65
440070106004026,65
440070106004027,65
440070106004028,65
440070106004029,65
440070106004030,65
440070106004031,65
440070106004032,65
440070106004033,65
440070106004034,65
440070106004035,65
440070106004036,65
440070106004037,65
440070106004038,65
440070106004039,65
440070106004040,65
440070106004041,65
440070106004042,65
440070106004043,65
440070106004044,65
440070106004045,65
440070106004046,65
440070106005000,65
440070106005001,65
440070106005002,65
440070106005003,65
440070106005004,65
440070106005005,65
440070106005006,65
440070106005007,65
440070106005008,65
440070106005009,65
440070106005010,65
440070106005011,65
440070106005012,65
440070106005013,65
440070106005014,65
440070106005015,65
440070106005016,65
440070106005017,65
440070106005018,65
440070106005019,65
440070106005020,65
440070106005021,65
440070106005022,65
440070106005023,65
440070106005024,65
440070106005025,65
440070106005026,65
440070106005027,65
440070106006000,65
440070106006001,65
440070106006002,65
440070106006003,65
440070106006004,65
440070106006005,65
440070106006006,65
440070106006007,65
440070106006008,65
440070106006009,65
440070106006010,65
440070106006011,65
440070106006012,65
440070106006013,65
440070106006014,65
440070106006015,65
440070106006016,65
440070106006017,65
440070106006018,65
440070106006019,65
440070106006020,65
440070106006021,65
440070106006022,65
440070106006023,65
440070106006024,65
440070106006025,65
440070107021000,66
440070107021001,66
440070107021002,66
440070107021003,66
440070107021004,66
440070107021005,66
440070107021006,66
440070107021007,66
440070107021008,66
440070107021009,66
440070107021010,66
440070107021011,66
440070107021012,66
440070107021013,66
440070107021014,66
440070107021015,66
440070107021016,66
440070107021017,66
440070107025000,65
440070107025001,65
440070107025002,65
440070107025003,65
440070107025004,65
440070107025005,65
440070107025006,65
440070107025007,65
440070107025008,65
440070107025009,65
440070107025010,65
440070107025011,65
440070107025012,65
440070107025013,65
440070107025014,65
440070107025015,65
440070107025016,65
440070107025017,65
440070107025018,65
440070107025019,65
440070107025020,65
440070107025021,65
440070107025022,65
440070107025023,65
440070107025024,65
440070107025025,65
440070107025026,65
440070107025027,65
440070107025028,65
440070107025029,65
440070107025030,65
440070107025031,65
440070107025032,65
440070108001000,56
440070108001001,56
440070108001002,56
440070108001003,56
440070108001004,56
440070108001005,56
440070108001006,56
440070108001007,56
440070108001008,56
440070108001009,56
440070108001010,56
440070108001011,56
440070108001012,56
440070108001013,56
440070108001014,56
440070108001015,56
440070108001016,56
440070108001017,56
440070108001018,56
440070108001019,56
440070108001020,56
440070108001021,56
440070108001022,56
440070108001023,56
440070108001024,56
440070108001025,56
440070108001026,56
440070108001027,56
440070108001028,56
440070108002000,56
440070108002001,56
440070108002002,56
440070108002003,56
440070108002004,56
440070108002005,56
440070108002006,56
440070108002007,56
440070108002008,56
440070108002009,56
440070108002010,56
440070108002011,56
440070108003000,56
440070108003001,56
440070108003002,56
440070108003003,56
440070108003004,56
440070108003005,56
440070108003006,56
440070108003007,56
440070108003008,56
440070108003009,56
440070109002000,56
440070109002001,56
440070109002002,56
440070109002003,56
440070109002004,56
440070109002005,56
440070109002006,56
440070109002007,56
440070109002008,56
440070109002009,56
440070109002010,56
440070110001000,57
440070110001001,57
440070110001002,57
440070110001003,57
440070110001004,57
440070110001005,57
440070110001006,57
440070110001007,57
440070110001008,57
440070110001009,57
440070110001010,57
440070110001011,57
440070110002000,56
440070110002001,56
440070110002002,56
440070110002003,56
440070110002004,56
440070110002005,56
440070110002006,56
440070110002007,56
440070110002008,56
440070110002009,56
440070110002010,56
440070110002011,56
440070110002012,56
440070110002013,56
440070110002014,56
440070110002015,56
440070110002016,56
440070110002017,56
440070111001000,57
440070111001001,57
440070111001002,57
440070111001003,57
440070111001004,57
440070111001005,57
440070111001006,57
440070111001007,57
440070111001008,57
440070111001009,57
440070111001010,57
440070111001011,57
440070112001000,52
440070112001001,52
440070112001002,52
440070112001003,52
440070112001004,52
440070112001005,52
440070112001006,52
440070112001007,52
440070112001008,52
440070112001009,52
440070112001010,52
440070112001011,52
440070112001012,52
440070112001013,52
440070112001014,52
440070112001015,52
440070112001016,52
440070112001017,52
440070112001018,52
440070112001019,52
440070112002000,57
440070112002001,57
440070112002002,57
440070112002003,57
440070112002004,57
440070112002005,57
440070112002006,57
440070112002007,57
440070112002008,57
440070112002009,57
440070112002010,57
440070112002011,57
440070112002012,57
440070112002013,57
440070112002014,57
440070112002015,57
440070112002016,57
440070112002017,57
440070112002018,57
440070112002019,57
440070112002020,57
440070112002021,57
440070112002022,57
440070112002023,57
440070112002024,57
440070112002025,57
440070112002026,57
440070112002027,57
440070112002028,57
440070112002029,57
440070112002030,57
440070112002031,57
440070112002032,57
440070112002033,57
440070112002034,57
440070112002035,57
440070112002036,57
440070112002037,57
440070112002038,57
440070112002039,57
440070112002040,57
440070112002041,57
440070112002042,57
440070112002043,57
440070112002044,57
440070112002045,57
440070112002046,57
440070112003000,57
440070112003001,57
440070112003002,57
440070112003003,57
440070112003004,57
440070112003005,57
440070112003006,57
440070112003007,57
440070112003008,57
440070112003009,57
440070112003010,57
440070112004000,57
440070112004001,57
440070112004002,57
440070112004003,57
440070112004004,57
440070112004005,57
440070112004006,57
440070112004007,57
440070112004008,57
440070112004009,57
440070112004010,57
440070112004011,57
440070112004012,57
440070112005000,57
440070112005001,57
440070112005002,57
440070112005003,57
440070112005004,57
440070112005005,57
440070112005006,57
440070112005007,57
440070112005008,57
440070112005009,57
440070112005010,57
440070112005011,57
440070112005012,57
440070112005013,57
440070112005014,57
440070112005015,57
440070112005016,57
440070113011000,57
440070113011001,57
440070113011002,57
440070113011003,57
440070113011004,57
440070113011005,57
440070113011006,57
440070113011007,57
440070113011008,57
440070113011009,57
440070113011010,57
440070113011011,57
440070113011012,57
440070113011013,57
440070113011014,57
440070113011015,57
440070113011016,57
440070113011017,57
440070113011018,57
440070113011019,57
440070113011020,57
440070113011021,57
440070113011022,57
440070113011023,57
440070113011024,57
440070113011025,57
440070113011026,57
440070113011027,57
440070113012000,57
440070113012001,57
440070113012002,57
440070113012003,57
440070113012004,57
440070113012005,57
440070113012006,57
440070113012007,57
440070113012008,57
440070113012009,57
440070113012010,57
440070113012011,57
440070113012012,57
440070113012013,57
440070113012014,57
440070113012015,57
440070113012016,57
440070113012017,57
440070113012018,57
440070113012019,57
440070113012020,57
440070113012021,57
440070113012022,57
440070113012023,57
440070113012024,57
440070113012025,57
440070113012026,57
440070113012027,57
440070113013000,57
440070113013001,57
440070113013002,57
440070113013003,57
440070113013004,57
440070113013005,57
440070113013006,57
440070113013007,57
440070113013008,57
440070113013009,57
440070113013010,57
440070113013011,57
440070113013012,57
440070113013013,57
440070113013014,57
440070113013015,57
440070113013016,57
440070113013017,57
440070113013018,57
440070113013019,57
440070113022000,52
440070113022001,52
440070113022002,52
440070113022003,52
440070113022004,52
440070113022005,52
440070113022006,52
440070113022007,52
440070113022008,52
440070113022009,52
440070113022010,52
440070113022011,52
440070113022012,52
440070113022013,52
440070113022014,52
440070113022015,52
440070113022016,52
440070113022017,52
440070113022018,52
440070113022019,52
440070113022020,52
440070113022021,52
440070113022022,52
440070113022023,52
440070113022024,52
440070113022025,52
440070113022026,52
440070113022027,52
440070113022028,52
440070113022029,52
440070113022030,52
440070113022031,52
440070113022032,52
440070113022033,52
440070113022034,52
440070113022035,52
440070113022036,52
440070113022037,52
440070113022038,52
440070113022039,52
440070113022040,52
440070113022041,52
440070113023000,52
440070113023001,52
440070113023002,52
440070113023003,52
440070113023004,52
440070113023005,52
440070113023006,52
440070113023007,52
440070113023008,52
440070113023009,52
440070113023010,52
440070113023011,52
440070113023012,52
440070113023013,52
440070113023014,52
440070113023015,52
440070113023016,52
440070113023017,52
440070113023018,52
440070113023019,52
440070113023020,52
440070113023021,52
440070113023022,52
440070113023023,52
440070113023024,52
440070113023025,52
440070113023026,52
440070113023027,52
440070113023028,52
440070113023029,52
440070113023030,52
440070114011000,52
440070114011001,52
440070114011002,52
440070114011003,52
440070114011004,52
440070114011005,52
440070114011006,52
440070114011007,52
440070114011008,52
440070114011009,52
440070114011010,52
440070114011011,52
440070114011012,52
440070114011013,52
440070114011014,52
440070114011015,52
440070114011016,52
440070114011017,52
440070114011018,52
440070114011019,52
440070114011020,52
440070114011021,52
440070114011022,52
440070114011023,52
440070114011024,52
440070114011025,52
440070114011026,52
440070114011027,52
440070114011028,52
440070114011029,52
440070114011030,52
440070114011031,52
440070114014000,52
440070114014001,52
440070114014002,52
440070114014003,52
440070114014004,52
440070114014005,52
440070114014006,52
440070114014007,52
440070114014008,52
440070114014009,52
440070114014010,52
440070114014011,52
440070114014012,52
440070114014013,52
440070114014014,52
440070114014015,52
440070114014016,52
440070114014017,52
440070114014018,52
440070114014019,52
440070114014020,52
440070114014021,52
440070114014022,52
440070114014023,52
440070114014024,52
440070114014025,52
440070114014026,52
440070114014027,52
440070114014028,52
440070114014029,52
440070114014030,52
440070114014031,52
440070114014032,52
440070114014033,52
440070114014034,52
440070114014035,52
440070114014036,52
440070114032000,45
440070114032001,45
440070114032002,45
440070114032003,45
440070114032004,45
440070114032005,45
440070114032006,45
440070114032007,45
440070114032008,45
440070114032009,45
440070114032010,45
440070114032011,45
440070114032012,45
440070114032013,45
440070114032014,45
440070114032015,45
440070114032016,45
440070114032017,45
440070114032018,45
440070114032019,45
440070114032020,45
440070114032021,45
440070114032022,45
440070114032023,45
440070114032024,45
440070114032025,45
440070114032026,45
440070114032027,45
440070114032028,45
440070114032029,45
440070114032030,45
440070114032031,45
440070114032032,45
440070114032033,45
440070114032034,45
440070114032035,45
440070114032036,45
440070114032037,45
440070114032038,45
440070114032039,45
440070114032040,45
440070114032041,45
440070114032042,45
440070114032043,45
440070114032044,45
440070114032045,45
440070114032046,45
440070114032047,45
440070114032048,45
440070114032049,45
440070114032050,45
440070114032051,45
440070114033000,45
440070114033001,45
440070114033002,45
440070114033003,45
440070114033004,45
440070114033005,45
440070114033006,45
440070114033007,45
440070114033008,45
440070114033009,45
440070114033010,45
440070114033011,45
440070114033012,45
440070114033013,45
440070114033014,45
440070114033015,45
440070114033016,45
440070114033017,45
440070114033018,45
440070114033019,45
440070114033020,45
440070114033021,45
440070114033022,45
440070114033023,45
440070114033024,45
440070114033025,45
440070114034000,45
440070114034001,45
440070114034002,45
440070114034003,45
440070114034004,45
440070114034005,45
440070114034006,45
440070114034007,45
440070114034008,45
440070114034009,45
440070114034010,45
440070114034011,45
440070114034012,45
440070114034013,45
440070114034014,45
440070114034015,45
440070114034016,45
440070114034017,45
440070114034018,45
440070114034019,45
440070114034020,45
440070114034021,45
440070114034022,45
440070114034023,45
440070114034024,45
440070114034025,45
440070114034026,45
440070114034027,45
440070114034028,45
440070114034029,45
440070114034030,45
440070114034031,45
440070114034032,45
440070114034033,45
440070114034034,45
440070114034035,45
440070114034036,45
440070114034037,45
440070114034038,45
440070114034039,45
440070115002000,45
440070115002001,45
440070115002002,45
440070115002003,45
440070115002004,45
440070115002005,45
440070115002006,45
440070115002007,45
440070115002008,45
440070115002009,45
440070115002010,45
440070115002011,45
440070115002012,45
440070115002013,45
440070115002014,45
440070115002015,45
440070115002016,45
440070115002017,45
440070115002018,45
440070115002019,45
440070115002020,45
440070115002021,45
440070115002022,45
440070115002023,45
440070115002024,45
440070115002025,45
440070115002026,45
440070115002027,45
440070115002028,45
440070115002029,45
440070115002030,45
440070115004000,45
440070115004001,45
440070115004002,45
440070115004003,45
440070115004004,45
440070115004005,45
440070115004006,45
440070115004007,45
440070115004008,45
440070115004009,45
440070115004010,45
440070115004011,45
440070115004012,45
440070115004013,45
440070115004014,45
440070115004015,45
440070115004016,45
440070115004017,45
440070115004018,45
440070115004019,45
440070115004020,45
440070115004021,45
440070115004022,45
440070115004023,45
440070115004024,45
440070115004025,45
440070115004026,45
440070115004027,45
440070115004028,45
440070115004029,45
440070115004030,45
440070115004031,45
440070115004032,45
440070116001000,46
440070116001001,46
440070116001002,46
440070116001003,46
440070116001004,46
440070116001005,46
440070116001006,46
440070116001007,46
440070116001008,46
440070116001009,46
440070116001010,46
440070116001011,46
440070116001012,46
440070116001013,46
440070116001014,46
440070116001015,46
440070116001016,46
440070116001017,46
440070116001018,46
440070116001019,46
440070116001020,46
440070116001021,46
440070116001022,46
440070116001023,46
440070116001024,46
440070116001025,46
440070116001026,46
440070116002000,44
440070116002001,44
440070116002002,44
440070116002003,44
440070116002004,44
440070116002005,44
440070116002006,44
440070116002007,44
440070116002008,44
440070116002009,44
440070116002010,44
440070116002011,44
440070116002012,44
440070116002013,44
440070116002014,44
440070116002015,44
440070116002016,44
440070116002017,44
440070116002018,44
440070116002019,44
440070116002020,44
440070116002021,44
440070116002022,44
440070116002023,44
440070116002024,44
440070116002025,44
440070116002026,44
440070116002027,44
440070116002028,44
440070116002029,44
440070116002030,44
440070116002031,44
440070116002032,44
440070116002033,44
440070116002034,44
440070116002035,44
440070116002036,44
440070116002037,44
440070116002038,44
440070116002039,44
440070116002040,44
440070116002041,44
440070116002042,44
440070116002043,44
440070116002044,44
440070116002045,44
440070116002046,44
440070116002047,44
440070116002048,44
440070116002049,44
440070116002050,44
440070116002051,44
440070116002052,44
440070116002053,44
440070116002054,44
440070116002055,44
440070116002056,44
440070116002057,44
440070116002058,44
440070116003000,46
440070116003001,46
440070116003002,46
440070116003003,46
440070116003004,46
440070116003005,46
440070116003006,46
440070116003007,46
440070116003008,46
440070116003009,46
440070116003010,46
440070116003011,46
440070116003012,46
440070116003013,46
440070116003014,46
440070116003015,46
440070116003016,46
440070116003017,46
440070117011000,46
440070117011001,46
440070117011002,46
440070117011003,46
440070117011004,46
440070117011005,46
440070117011006,46
440070117011007,46
440070117011008,46
440070117011009,46
440070117011010,46
440070117011011,46
440070117011012,46
440070117011013,46
440070117011014,46
440070117011015,46
440070117011016,46
440070117011017,46
440070117011018,46
440070117011019,46
440070117011020,46
440070117011021,46
440070117011022,46
440070117011023,46
440070117011024,46
440070117011025,46
440070117011026,46
440070117011027,46
440070117011028,46
440070117011029,46
440070117011030,46
440070117011031,46
440070117011032,46
440070117011033,46
440070117011034,46
440070117011035,46
440070117011036,46
440070117011037,46
440070117011038,46
440070117011039,46
440070117011040,46
440070117011041,46
440070117011042,46
440070117011043,46
440070117011044,46
440070117011045,46
440070117011046,46
440070117011047,46
440070117012000,46
440070117012001,46
440070117012002,46
440070117012003,46
440070117012004,46
440070117012005,46
440070117012006,46
440070117012007,46
440070117012008,46
440070117012009,46
440070117012010,46
440070117012011,46
440070117012012,46
440070117012013,46
440070117012014,46
440070117012015,46
440070117012016,46
440070117012017,46
440070117012018,46
440070117012019,46
440070117012020,46
440070117012021,46
440070117012022,46
440070117012023,46
440070117012024,46
440070117012025,46
440070117012026,46
440070117012027,46
440070117012028,46
440070117012029,46
440070117013000,46
440070117013001,46
440070117013002,46
440070117013003,46
440070117013004,46
440070117013005,46
440070117013006,46
440070117013007,46
440070117013008,46
440070117013009,46
440070117013010,46
440070117013011,46
440070117013012,46
440070117013013,46
440070117013014,46
440070117021000,46
440070117021001,46
440070117021002,46
440070117021003,46
440070117021004,46
440070117021005,46
440070117021006,46
440070117021007,46
440070117021008,46
440070117021009,46
440070117021010,46
440070117021011,46
440070117021012,46
440070117021013,46
440070117021014,46
440070117021015,46
440070117021016,46
440070117021017,46
440070117021018,46
440070117021019,46
440070117021020,46
440070117021021,46
440070117021022,46
440070117021023,46
440070117021024,46
440070117021025,46
440070117021026,46
440070117021027,46
440070117021028,46
440070117021029,46
440070117021030,46
440070117021031,46
440070117021032,46
440070117021033,46
440070117021034,46
440070117021035,46
440070117021036,46
440070117021037,46
440070117021038,46
440070117021039,46
440070117021040,46
440070117022000,46
440070117022001,46
440070117022002,46
440070117022003,46
440070117022004,46
440070117022005,46
440070117022006,46
440070117022007,46
440070117022008,46
440070117022009,46
440070117022010,46
440070117022011,46
440070117022012,46
440070117022013,46
440070117022014,46
440070117022015,46
440070117022016,46
440070117022017,46
440070117022018,46
440070117022019,46
440070117022020,46
440070117022021,46
440070117022022,46
440070117022023,46
440070117022024,46
440070117022025,46
440070117022026,46
440070117022027,46
440070117023000,46
440070117023001,46
440070117023002,46
440070117023003,46
440070117023004,46
440070117023005,46
440070117023006,46
440070117023007,46
440070117023008,46
440070117023009,46
440070117023010,46
440070117023011,46
440070117023012,46
440070117023013,46
440070117023014,46
440070117023015,46
440070117023016,46
440070117023017,46
440070117023018,46
440070117023019,46
440070117023020,46
440070117023021,46
440070117023022,46
440070117023023,46
440070117023024,46
440070117023025,46
440070117023026,46
440070117023027,46
440070117023028,46
440070117023029,46
440070117023030,46
440070117023031,46
440070117023032,46
440070117023033,46
440070117023034,46
440070117023035,46
440070117023036,46
440070117023037,46
440070117023038,46
440070117023039,46
440070117023040,46
440070117023041,46
440070117023042,46
440070117023043,46
440070117023044,46
440070117023045,46
440070117023046,46
440070117023047,46
440070117023048,46
440070117023049,46
440070117023050,46
440070117023051,46
440070117023052,46
440070117023053,46
440070117023054,46
440070117023055,46
440070117023056,46
440070117023057,46
440070117023058,46
440070117023059,46
440070117023060,46
440070117023061,46
440070117023062,46
440070117023063,46
440070117023064,46
440070117023065,46
440070117023066,46
440070117023067,46
440070118001000,55
440070118001001,55
440070118001002,55
440070118001003,55
440070118001004,55
440070118001005,55
440070118001006,55
440070118001007,55
440070118001008,55
440070118001009,55
440070118001010,55
440070118001011,55
440070118001012,55
440070118001013,55
440070118001014,55
440070118001015,55
440070118001016,55
440070118001017,55
440070118001018,55
440070118001019,55
440070118001020,55
440070118001021,55
440070118001022,55
440070118001023,55
440070118001024,55
440070118001025,55
440070118001026,55
440070118001027,55
440070118001028,55
440070118001029,55
440070118001030,55
440070118001031,55
440070118001032,55
440070118001033,55
440070118001034,55
440070118001035,55
440070118001036,55
440070118001037,55
440070118001038,55
440070118001039,55
440070118001040,55
440070118001041,55
440070118001042,55
440070118001043,55
440070118001044,55
440070118001045,55
440070118001046,55
440070118001047,55
440070118001048,55
440070118001049,55
440070118001050,55
440070118001051,55
440070118002000,55
440070118002001,55
440070118002002,55
440070118002003,55
440070118002004,55
440070118002005,55
440070118002006,55
440070118002007,55
440070118002008,55
440070118002009,55
440070118002010,55
440070118002011,55
440070118002012,55
440070118002013,55
440070118002014,55
440070118002015,55
440070118002016,55
440070118002017,55
440070118002018,55
440070118002019,55
440070118002020,55
440070118002021,55
440070118002022,55
440070118002023,55
440070118002024,55
440070118002025,55
440070118002026,55
440070118002027,55
440070118002028,55
440070118003000,55
440070118003001,55
440070118003002,55
440070118003003,55
440070118003004,55
440070118003005,55
440070118003006,55
440070118003007,55
440070118003008,55
440070118003009,55
440070118003010,55
440070118003011,55
440070118003012,55
440070118003013,55
440070118003014,55
440070118003015,55
440070118003016,55
440070118003017,55
440070118003018,55
440070118003019,55
440070118003020,55
440070118003021,55
440070118003022,55
440070118003023,55
440070118003024,55
440070118003025,55
440070118004000,55
440070118004001,55
440070118004002,55
440070118004003,55
440070118004004,55
440070118004005,55
440070118004006,55
440070118004007,55
440070118004008,55
440070118004009,55
440070118004010,55
440070118004011,55
440070118004012,55
440070118004013,55
440070118004014,55
440070118005000,55
440070118005001,55
440070118005002,55
440070118005003,55
440070118005004,55
440070118005005,55
440070118005006,55
440070118005007,55
440070118005008,55
440070118005009,55
440070118005010,55
440070118005011,55
440070118005012,55
440070118005013,55
440070118005014,55
440070118005015,55
440070118005016,55
440070118005017,55
440070118005018,55
440070118005019,55
440070118005020,55
440070118005021,55
440070118005022,55
440070118005023,55
440070118005024,55
440070118005025,55
440070118005026,55
440070118005027,55
440070118005028,55
440070118005029,55
440070119011000,55
440070119011001,55
440070119011002,55
440070119011003,55
440070119011004,55
440070119011005,55
440070119011006,55
440070119011007,55
440070119011008,55
440070119011009,55
440070119011010,55
440070119011011,55
440070119011012,55
440070119011013,55
440070119011014,55
440070119011015,55
440070119011016,55
440070119011017,55
440070119011018,55
440070119011019,55
440070119011020,55
440070119011021,55
440070119011022,55
440070119011023,55
440070119011024,55
440070119011025,55
440070119011026,55
440070119011027,55
440070119011028,55
440070119022000,55
440070119022001,55
440070119022002,55
440070119022003,55
440070119022004,55
440070119022005,55
440070119022006,55
440070119022007,55
440070119022008,55
440070119022009,55
440070119022010,55
440070119022011,55
440070119022012,55
440070119022013,55
440070119022014,55
440070119022015,55
440070119022016,55
440070119022017,55
440070119022018,55
440070119023000,55
440070119023001,55
440070119023002,55
440070119023003,55
440070119023004,55
440070119023005,55
440070119023006,55
440070119023007,55
440070119023008,55
440070119023009,55
440070119023010,55
440070119023011,55
440070119023012,55
440070119023013,55
440070119023014,55
440070119023015,55
440070119023016,55
440070119023017,55
440070119023018,55
440070119023019,55
440070119023020,55
440070119023021,55
440070119023022,55
440070119023023,55
440070119023024,55
440070119023025,55
440070119023026,55
440070119023027,55
440070119023028,55
440070119023029,55
440070119023030,55
440070119023031,55
440070119023032,55
440070119023033,55
440070119023034,55
440070119023035,55
440070119023036,55
440070119023037,55
440070119023038,55
440070119023039,55
440070119023040,55
440070119023041,55
440070119023042,55
440070119023043,55
440070119023044,55
440070120004000,54
440070120004001,54
440070120004002,54
440070120004003,54
440070120004004,54
440070120004005,54
440070120004006,54
440070120004007,54
440070120004008,54
440070120004009,54
440070120004010,54
440070120004011,54
440070120004012,54
440070120004013,54
440070120004014,54
440070120004015,54
440070120004016,54
440070120004017,54
440070120004018,54
440070120004019,54
440070120004020,54
440070120005000,54
440070120005001,54
440070120005002,54
440070120005003,54
440070120005004,54
440070120005005,54
440070120005006,54
440070120005007,54
440070120005008,54
440070120005009,54
440070120005010,54
440070120005011,54
440070120005012,54
440070120005013,54
440070120005014,54
440070120005015,54
440070120005016,54
440070120005017,54
440070120005018,54
440070120005019,54
440070120005020,54
440070120005021,54
440070120005022,54
440070120005023,54
440070120005024,54
440070120005025,54
440070120005026,54
440070120005027,54
440070120005028,54
440070120005029,54
440070120005030,54
440070120005031,54
440070120005032,54
440070120005033,54
440070120005034,54
440070120005035,54
440070120005036,54
440070120005037,54
440070121021000,54
440070121021001,54
440070121021002,54
440070121021003,54
440070121021004,54
440070121021005,54
440070121021006,54
440070121021007,54
440070121021008,54
440070121021009,54
440070121021010,54
440070121021011,54
440070121021012,54
440070121021013,54
440070121021014,54
440070121021015,54
440070121021016,54
440070121021017,54
440070121021018,54
440070121021019,54
440070121021020,54
440070121023000,6
440070121023001,6
440070121023002,6
440070121023003,6
440070121023004,6
440070121023005,6
440070121023006,6
440070121023007,6
440070121023008,6
440070121023009,6
440070121023010,6
440070121023011,6
440070121023012,6
440070121023013,6
440070121023014,6
440070121023015,6
440070121023016,6
440070121023017,6
440070121023018,6
440070121023019,6
440070121031000,54
440070121031001,54
440070121031002,54
440070121031003,54
440070121031004,54
440070121031005,54
440070121031006,54
440070121031007,54
440070121031008,54
440070121031009,54
440070121032000,54
440070121032001,54
440070121032002,54
440070121032003,54
440070121032004,54
440070121032005,54
440070121032006,54
440070121032007,54
440070121032008,54
440070121032009,54
440070121032010,54
440070121032011,54
440070121032012,54
440070121032013,54
440070121032014,54
440070121032015,54
440070121032016,54
440070121032017,54
440070121041000,54
440070121041001,54
440070121041002,54
440070121041003,54
440070121041004,54
440070121041005,54
440070121041006,54
440070121041007,54
440070121041008,54
440070121041009,54
440070121041010,54
440070121041011,54
440070121041012,54
440070121041013,54
440070121041014,54
440070121041015,54
440070121041016,54
440070121041017,54
440070121041018,54
440070121042000,54
440070121042001,54
440070121042002,54
440070121042003,54
440070121042004,54
440070121042005,54
440070121042006,54
440070121042007,54
440070121042008,54
440070121042009,54
440070121042010,54
440070121042011,54
440070121042012,54
440070121042013,54
440070121042014,54
440070121042015,54
440070121042016,54
440070121042017,54
440070121042018,54
440070121042019,54
440070121042020,54
440070121042021,54
440070121042022,54
440070121042023,54
440070121043000,54
440070121043001,54
440070121043002,54
440070121043003,54
440070121043004,54
440070121043005,54
440070121043006,54
440070121043007,54
440070121043008,54
440070121043009,54
440070121043010,54
440070121043011,54
440070121043012,54
440070121043013,54
440070121043014,54
440070121043015,54
440070121043016,54
440070121043017,54
440070121043018,54
440070121043019,54
440070121043020,54
440070121043021,54
440070121043022,54
440070121043023,54
440070121043024,54
440070121043025,54
440070121043026,54
440070121043027,54
440070121043028,54
440070121043029,54
440070122002000,42
440070122002001,42
440070122002002,42
440070122002003,42
440070122002004,42
440070122002005,42
440070122002006,42
440070122002007,42
440070122002008,42
440070122002009,42
440070122002010,42
440070122002011,42
440070122002012,42
440070122002013,42
440070122002014,42
440070122002015,42
440070122002016,42
440070122002017,42
440070122002018,42
440070122002019,42
440070122002020,42
440070122002021,42
440070122002022,42
440070122002023,42
440070122002024,42
440070122002025,42
440070122002026,42
440070122002027,42
440070122002028,42
440070122002029,42
440070122002030,42
440070122002031,42
440070122002032,42
440070122002033,42
440070122002034,42
440070122002035,42
440070122002036,42
440070122002037,42
440070122002038,42
440070122002039,42
440070122002040,42
440070122002041,42
440070122002042,42
440070122002043,42
440070122002044,42
440070122002045,42
440070122002046,42
440070122002047,42
440070122002048,42
440070122002049,42
440070122002050,42
440070122002051,42
440070122003000,42
440070122003001,42
440070122003002,42
440070122003003,42
440070122003004,42
440070122003005,42
440070122003006,42
440070122003007,42
440070122003008,42
440070122003009,42
440070122003010,42
440070122003011,42
440070122003012,42
440070122003013,42
440070122003014,42
440070122003015,42
440070122003016,42
440070122003017,42
440070122003018,42
440070122003019,42
440070122003020,42
440070122003021,42
440070122003022,42
440070122003023,42
440070122003024,42
440070122003025,42
440070122003026,42
440070122003027,42
440070122003028,42
440070122003029,42
440070122003030,42
440070122003031,42
440070122003032,42
440070122003033,42
440070122003034,42
440070122003035,42
440070122003036,42
440070122003037,42
440070122003038,42
440070122003039,42
440070122003040,42
440070122003041,42
440070122003042,42
440070122003043,42
440070122003044,42
440070122003045,42
440070122003046,42
440070122003047,42
440070123001000,43
440070123001001,43
440070123001002,43
440070123001003,43
440070123001004,43
440070123001005,43
440070123001006,43
440070123001007,43
440070123001008,43
440070123001009,43
440070123001010,43
440070123001011,43
440070123001012,43
440070123001013,43
440070123001014,43
440070123001015,43
440070123001016,43
440070123001017,43
440070123001018,43
440070123001019,43
440070123001020,43
440070123001021,43
440070123001022,43
440070123001023,43
440070123001024,43
440070123001025,43
440070123001026,43
440070123001027,43
440070123001028,43
440070123001029,43
440070123001030,43
440070123001031,43
440070123001032,43
440070123001033,43
440070123001034,43
440070123001035,43
440070123001036,43
440070123001037,43
440070123001038,43
440070123001039,43
440070123001040,43
440070123001041,43
440070123001042,43
440070123001043,43
440070123001044,43
440070123001045,43
440070123002000,43
440070123002001,43
440070123002002,43
440070123002003,43
440070123002004,43
440070123002005,43
440070123002006,43
440070123002007,43
440070123002008,43
440070123002009,43
440070123002010,43
440070123002011,43
440070123002012,43
440070123002013,43
440070123002014,43
440070123002015,43
440070123002016,43
440070123002017,43
440070123002018,43
440070123002019,43
440070123002020,43
440070123002021,43
440070123002022,43
440070123002023,43
440070123002024,43
440070123002025,43
440070123002026,43
440070123002027,43
440070123002028,43
440070123002029,43
440070123002030,43
440070123002031,43
440070123002032,43
440070123002033,43
440070123002034,43
440070123002035,43
440070123002036,43
440070123002037,43
440070123002038,43
440070123002039,43
440070123002040,43
440070123002041,43
440070123002042,43
440070123002043,43
440070123002044,43
440070123002045,43
440070123002046,43
440070123002047,43
440070123002048,43
440070123002049,43
440070123002050,43
440070123002051,43
440070123002052,43
440070123002053,43
440070123002054,43
440070123003000,43
440070123003001,43
440070123003002,43
440070123003003,43
440070123003004,43
440070123003005,43
440070123003006,43
440070123003007,43
440070123003008,43
440070123003009,43
440070123003010,43
440070123003011,43
440070123003012,43
440070123003013,43
440070123003014,43
440070123003015,43
440070123003016,43
440070123003017,43
440070123003018,43
440070123003019,43
440070123003020,43
440070123003021,43
440070123003022,43
440070123003023,43
440070123003024,43
440070123003025,43
440070123003026,43
440070123003027,43
440070123003028,43
440070123003029,43
440070123003030,43
440070123003031,43
440070123003032,43
440070123003033,43
440070123003034,43
440070123003035,43
440070123003036,43
440070124011000,43
440070124011001,43
440070124011002,43
440070124011003,43
440070124011004,43
440070124011005,43
440070124011006,43
440070124011007,43
440070124011008,43
440070124011009,43
440070124011010,43
440070124011011,43
440070124011012,43
440070124011013,43
440070124011014,43
440070124011015,43
440070124011016,43
440070124011017,43
440070124011018,43
440070124011019,43
440070124011020,43
440070124011021,43
440070124012000,43
440070124012001,43
440070124012002,43
440070124012003,43
440070124012004,43
440070124012005,43
440070124012006,43
440070124012007,43
440070124012008,43
440070124012009,43
440070124012010,43
440070124012011,43
440070124012012,43
440070124012013,43
440070124012014,43
440070124012015,43
440070124012016,43
440070124012017,43
440070124012018,43
440070124012019,43
440070124012020,43
440070124012021,43
440070124012022,43
440070124012023,43
440070124012024,43
440070124012025,43
440070124012026,43
440070124012027,43
440070124013000,43
440070124013001,43
440070124013002,43
440070124013003,43
440070124013004,43
440070124013005,43
440070124013006,43
440070124013007,43
440070124013008,43
440070124013009,43
440070124013010,43
440070124013011,43
440070124013012,43
440070124013013,43
440070124013014,43
440070124013015,43
440070124013016,43
440070124013017,43
440070124014000,43
440070124014001,43
440070124014002,43
440070124014003,43
440070124014004,43
440070124014005,43
440070124014006,43
440070124014007,43
440070124014008,43
440070124014009,43
440070124014010,43
440070124014011,43
440070124014012,43
440070124014013,43
440070124014014,43
440070124014015,43
440070124014016,43
440070124014017,43
440070124014018,43
440070124014019,43
440070124014020,43
440070124014021,43
440070124014022,43
440070124014023,43
440070124014024,43
440070124014025,43
440070124014026,43
440070124015000,42
440070124015001,42
440070124015002,42
440070124015003,42
440070124015004,42
440070124015005,42
440070124015006,42
440070124015007,42
440070124015008,42
440070124015009,42
440070124015010,42
440070124015011,42
440070124015012,42
440070124015013,42
440070124015014,42
440070124015015,42
440070124015016,42
440070124015017,42
440070124015018,42
440070124015019,42
440070124015020,42
440070124015021,42
440070124016000,43
440070124016001,43
440070124016002,43
440070124016003,43
440070124016004,43
440070124016005,43
440070124016006,43
440070124016007,43
440070124016008,43
440070124016009,43
440070124016010,43
440070124016011,43
440070124016012,43
440070124016013,43
440070124016014,43
440070124016015,43
440070124016016,43
440070124016017,43
440070124016018,43
440070124016019,43
440070124016020,43
440070124016021,43
440070124016022,43
440070124016023,43
440070124016024,43
440070124016025,43
440070124016026,43
440070124016027,43
440070124016028,43
440070124016029,43
440070124016030,43
440070124016031,43
440070124016032,43
440070124016033,43
440070125001000,42
440070125001001,42
440070125001002,42
440070125001003,42
440070125001004,42
440070125001005,42
440070125001006,42
440070125001007,42
440070125001008,42
440070125001009,42
440070125001010,42
440070125001011,42
440070125001012,42
440070125001013,42
440070125001014,42
440070125001015,42
440070125001016,42
440070125001017,42
440070125001018,42
440070125001019,42
440070125001020,42
440070125001021,42
440070125001022,42
440070125001023,42
440070125001024,42
440070125001025,42
440070125001026,42
440070125001027,42
440070125001028,42
440070125001029,42
440070125001030,42
440070125002000,42
440070125002001,42
440070125002002,42
440070125002003,42
440070125002004,42
440070125002005,42
440070125002006,42
440070125002007,42
440070125002008,42
440070125002009,42
440070125002010,42
440070125002011,42
440070125002012,42
440070125002013,42
440070125002014,42
440070125002015,42
440070125002016,42
440070125002017,42
440070125002018,42
440070125002019,42
440070125002020,42
440070125002021,42
440070125002022,42
440070125002023,42
440070125002024,42
440070125002025,42
440070125002026,42
440070125002027,42
440070125002028,42
440070125003000,42
440070125003001,42
440070125003002,42
440070125003003,42
440070125003004,42
440070125003005,42
440070125003006,42
440070125003007,42
440070125003008,42
440070125003009,42
440070125003010,42
440070125003011,42
440070125003012,42
440070125003013,42
440070125003014,42
440070125003015,42
440070125003016,42
440070125003017,42
440070125003018,42
440070125003019,42
440070125003020,42
440070125003021,42
440070125003022,42
440070125003023,42
440070125003024,42
440070125003025,42
440070126011000,53
440070126011001,53
440070126011002,53
440070126011003,53
440070126011004,53
440070126011005,53
440070126011006,53
440070126011007,53
440070126011008,53
440070126011009,53
440070126011010,53
440070126011011,53
440070126011012,53
440070126011013,53
440070126011014,53
440070126011015,53
440070126011016,53
440070126011017,53
440070126011018,53
440070126011019,53
440070126011020,53
440070126011021,53
440070126011022,53
440070126011023,53
440070126011024,53
440070126011025,53
440070126011026,53
440070126011027,53
440070126011028,53
440070126011029,53
440070126011030,53
440070126011031,53
440070126011032,53
440070126011033,53
440070126011034,53
440070126011035,53
440070126011036,53
440070126011037,53
440070126011038,53
440070126011039,53
440070126011040,53
440070126011041,53
440070126011042,53
440070126011043,53
440070126011044,53
440070126011045,53
440070126011046,53
440070126011047,53
440070126011048,53
440070126011049,53
440070126011050,53
440070126011051,53
440070126011052,53
440070126021000,44
440070126021001,44
440070126021002,44
440070126021003,44
440070126021004,44
440070126021005,44
440070126021006,44
440070126021007,44
440070126021008,44
440070126021009,44
440070126021010,44
440070126021011,44
440070126021012,44
440070126021013,44
440070126021014,44
440070126021015,44
440070126021016,44
440070126021017,44
440070126021018,44
440070126021019,44
440070126021020,44
440070126021021,44
440070126021022,44
440070126021023,44
440070126021024,44
440070126021025,44
440070126021026,44
440070126021027,44
440070126021028,44
440070126021029,44
440070126021030,44
440070126022000,44
440070126022001,44
440070126022002,44
440070126022003,44
440070126022004,44
440070126022005,44
440070126022006,44
440070126022007,44
440070126022008,44
440070126022009,44
440070126022010,44
440070126022011,44
440070126022012,44
440070126022013,44
440070126022014,44
440070126022015,44
440070126022016,44
440070126022017,44
440070126022018,44
440070126022019,44
440070126022020,44
440070126022021,44
440070126022022,44
440070126022023,44
440070126022024,44
440070126022025,44
440070126022026,44
440070126022027,44
440070126022028,44
440070126023000,44
440070126023001,44
440070126023002,44
440070126023003,44
440070126023004,44
440070126023005,44
440070126023006,44
440070126023007,44
440070126023008,44
440070126023009,44
440070126023010,44
440070126023011,44
440070126023012,44
440070126023013,44
440070126023014,44
440070126023015,44
440070126023016,44
440070126023017,44
440070126023018,44
440070126023019,44
440070126023020,44
440070126023021,44
440070126023022,44
440070126023023,44
440070126023024,44
440070126023025,44
440070126023026,44
440070126023027,44
440070126023028,44
440070126023029,44
440070126023030,44
440070126023031,44
440070126023032,44
440070126023033,44
440070126024000,44
440070126024001,44
440070126024002,44
440070126024003,44
440070126024004,44
440070126024005,44
440070126024006,44
440070126024007,44
440070126024008,44
440070126024009,44
440070126024010,44
440070126024011,44
440070126024012,44
440070126024013,44
440070126024014,44
440070126024015,44
440070126024016,44
440070126024017,44
440070126024018,44
440070126024019,44
440070126024020,44
440070126024021,44
440070126024022,44
440070126024023,44
440070126026000,44
440070126026001,44
440070126026002,44
440070126026003,44
440070126026004,44
440070126026005,44
440070126026006,44
440070126026007,44
440070126026008,44
440070126026009,44
440070126026010,44
440070126026011,44
440070126026012,44
440070126026013,44
440070126026014,44
440070126026015,44
440070126026016,44
440070126026017,44
440070126026018,44
440070126026019,44
440070126026020,44
440070126026021,44
440070126026022,44
440070126026023,44
440070126026024,44
440070126026025,44
440070126026026,44
440070126026027,44
440070126026028,44
440070127011000,53
440070127011001,53
440070127011002,53
440070127011003,53
440070127011004,53
440070127011005,53
440070127011006,53
440070127011007,53
440070127011008,53
440070127011009,53
440070127011010,53
440070127011011,53
440070127011012,53
440070127011013,53
440070127011014,53
440070127011015,53
440070127011016,53
440070127011017,53
440070127011018,53
440070127011019,53
440070127011020,53
440070127011021,53
440070127011022,53
440070127011023,53
440070127011024,53
440070127011025,53
440070127011026,53
440070127012000,53
440070127012001,53
440070127012002,53
440070127012003,53
440070127012004,53
440070127012005,53
440070127012006,53
440070127012007,53
440070127012008,53
440070127012009,53
440070127012010,53
440070127012011,53
440070127012012,53
440070127012013,53
440070127012014,53
440070127012015,53
440070127012016,53
440070127012017,53
440070127012018,53
440070127012019,53
440070127012020,53
440070127012021,53
440070127012022,53
440070127012023,53
440070127012024,53
440070127012025,53
440070127013000,53
440070127013001,53
440070127013002,53
440070127013003,53
440070127013004,53
440070127013005,53
440070127013006,53
440070127013007,53
440070127013008,53
440070127013009,53
440070127013010,53
440070127013011,53
440070127013012,53
440070127013013,53
440070127013014,53
440070127013015,53
440070127013016,53
440070127013017,53
440070127013018,53
440070127013019,53
440070127013020,53
440070127013021,53
440070127013022,53
440070127013023,53
440070127013024,53
440070127013025,53
440070127013026,53
440070127013027,53
440070127013028,53
440070127013029,53
440070127013030,53
440070127013031,53
440070127013032,53
440070127013033,53
440070127013034,53
440070127013035,53
440070127013036,53
440070127013037,53
440070127013038,53
440070127013039,53
440070127022000,53
440070127022001,53
440070127022002,53
440070127022003,53
440070127022004,53
440070127022005,53
440070127022006,53
440070127022007,53
440070127022008,53
440070127022009,53
440070127022010,53
440070127022011,53
440070127022012,53
440070127022013,53
440070127022014,53
440070127022015,53
440070127022016,53
440070127022017,53
440070127022018,53
440070127022019,53
440070128011000,48
440070128011001,48
440070128011002,48
440070128011003,48
440070128011004,48
440070128011005,48
440070128011006,48
440070128011007,48
440070128011008,48
440070128011009,48
440070128011010,48
440070128011011,48
440070128011012,48
440070128011013,48
440070128011014,48
440070128011015,48
440070128011016,48
440070128011017,48
440070128011018,48
440070128011019,48
440070128011020,48
440070128011021,48
440070128011022,48
440070128011023,48
440070128012000,48
440070128012001,48
440070128012002,48
440070128012003,48
440070128012004,48
440070128012005,48
440070128012006,48
440070128012007,48
440070128012008,48
440070128012009,48
440070128012010,48
440070128012011,48
440070128012012,48
440070128012013,48
440070128012014,48
440070128012015,48
440070128012016,48
440070128012017,48
440070128012018,48
440070128012019,48
440070128012020,48
440070128012021,48
440070128012022,48
440070128013000,48
440070128013001,48
440070128013002,48
440070128013003,48
440070128013004,48
440070128013005,48
440070128013006,48
440070128013007,48
440070128013008,48
440070128013009,48
440070128013010,48
440070128013011,48
440070128013012,48
440070128013013,48
440070128013014,48
440070128013015,48
440070128013016,48
440070128013017,48
440070128013018,48
440070128013019,48
440070128013020,48
440070128013021,48
440070128013022,48
440070128013023,48
440070128013024,48
440070128013025,48
440070128013026,48
440070128013027,48
440070128013028,48
440070128013029,48
440070128013030,48
440070128013031,48
440070128013032,48
440070128013033,48
440070128013034,48
440070128013035,48
440070128013036,48
440070128013037,48
440070128013038,48
440070128013039,48
440070128013040,48
440070128013041,48
440070128013042,48
440070128013043,48
440070128013044,48
440070128013045,48
440070128013046,48
440070128013047,48
440070128013048,48
440070128013049,48
440070128013050,48
440070128013051,48
440070128013052,48
440070128013053,48
440070128013054,48
440070128013055,48
440070128013056,48
440070128013057,48
440070128013058,48
440070128013059,48
440070128013060,48
440070128013061,48
440070128013062,48
440070128013063,48
440070128013064,48
440070128013065,48
440070128013066,48
440070128013067,48
440070128013068,48
440070128013069,48
440070128021000,48
440070128021001,48
440070128021002,48
440070128021003,48
440070128021004,48
440070128021005,48
440070128021006,48
440070128021007,48
440070128021008,48
440070128021009,48
440070128021010,48
440070128021011,48
440070128021012,48
440070128021013,48
440070128021014,48
440070128021015,48
440070128021016,48
440070128021017,48
440070128021018,48
440070128021019,48
440070128021020,48
440070128021021,48
440070128021022,48
440070128021023,48
440070128021024,48
440070128021025,48
440070128021026,48
440070128021027,48
440070128021028,48
440070128021029,48
440070128021030,48
440070128021031,48
440070128021032,48
440070128021033,48
440070128021034,48
440070128021035,48
440070128021036,48
440070128022000,48
440070128022001,48
440070128022002,48
440070128022003,48
440070128022004,48
440070128022005,48
440070128022006,48
440070128022007,48
440070128022008,48
440070128022009,48
440070128022010,48
440070128022011,48
440070128022012,48
440070128022013,48
440070128022014,48
440070128022015,48
440070128022016,48
440070128022017,48
440070128022018,48
440070128022019,48
440070128022020,48
440070128022021,48
440070128022022,48
440070128022023,48
440070128022024,48
440070128022025,48
440070128022026,48
440070128022027,48
440070128022028,48
440070128022029,48
440070128022030,48
440070128022031,48
440070128022032,48
440070128022033,48
440070128022034,48
440070128022035,48
440070128022036,48
440070128022037,48
440070128022038,48
440070128022039,48
440070128022040,48
440070128022041,48
440070128022042,48
440070128022043,48
440070128022044,48
440070128022045,48
440070128022046,48
440070128022047,48
440070128022048,48
440070128022049,48
440070128022050,48
440070128022051,48
440070128022052,48
440070128022053,48
440070128022054,48
440070128022055,48
440070128022056,48
440070128022057,48
440070128022058,48
440070128022059,48
440070128022060,48
440070128022061,48
440070128031000,48
440070128031001,48
440070128031002,48
440070128031003,48
440070128031004,48
440070128031005,48
440070128031006,48
440070128031007,48
440070128031008,48
440070128031009,48
440070128031010,48
440070128031011,48
440070128031012,48
440070128031013,48
440070128031014,48
440070128031015,48
440070128031016,48
440070128031017,48
440070128031018,48
440070128031019,48
440070128031020,48
440070128031021,48
440070128031022,48
440070128031023,48
440070128031024,48
440070128031025,48
440070128031026,48
440070128031027,48
440070128031028,48
440070128031029,48
440070128031030,48
440070128031031,48
440070128031032,48
440070128031033,48
440070128031034,48
440070128031035,48
440070128031036,48
440070128031037,48
440070128031038,48
440070128031039,48
440070128031040,48
440070128031041,48
440070128031042,48
440070128031043,48
440070128031044,48
440070128031045,48
440070128031046,48
440070128031047,48
440070128031048,48
440070128031049,48
440070128031050,48
440070128031051,48
440070128031052,48
440070128031053,48
440070128031054,48
440070128031055,48
440070128031056,48
440070128031057,48
440070128031058,48
440070128031059,48
440070128031060,48
440070128031061,48
440070128031062,48
440070128031063,48
440070128031064,48
440070128031065,48
440070128031066,48
440070128032000,48
440070128032001,48
440070128032002,48
440070128032003,48
440070128032004,48
440070128032005,48
440070128032006,48
440070128032007,48
440070128032008,48
440070128032009,48
440070128032010,48
440070128032011,48
440070128032012,48
440070128032013,48
440070128032014,48
440070128032015,48
440070128032016,48
440070128032017,48
440070128032018,48
440070128032019,48
440070128032020,48
440070128032021,48
440070128032022,48
440070128032023,48
440070128032024,48
440070128032025,48
440070128032026,48
440070128032027,48
440070128032028,48
440070128032029,48
440070128032030,48
440070128032031,48
440070128032032,48
440070128032033,48
440070128032034,48
440070128032035,48
440070128032036,48
440070128032037,48
440070128032038,48
440070128032039,48
440070128032040,48
440070128032041,48
440070128032042,48
440070128032043,48
440070128032044,48
440070128032045,48
440070128032046,48
440070128032047,48
440070128032048,48
440070128032049,48
440070128032050,48
440070128032051,48
440070128032052,48
440070128032053,48
440070128032054,48
440070128032055,48
440070128032056,48
440070128032057,48
440070128032058,48
440070128032059,48
440070128032060,48
440070128032061,48
440070128032062,48
440070128032063,48
440070128032064,48
440070128032065,48
440070128032066,48
440070128032067,48
440070128032068,48
440070128032069,48
440070128032070,48
440070128032071,48
440070128032072,48
440070128032073,48
440070128032074,48
440070128032075,48
440070128032076,48
440070128032077,48
440070128032078,48
440070128032079,48
440070128032080,48
440070128032081,48
440070128032082,48
440070128032083,48
440070128032084,48
440070128032085,48
440070128032086,48
440070129001000,47
440070129001001,47
440070129001002,47
440070129001003,47
440070129001004,47
440070129001005,47
440070129001006,47
440070129001007,47
440070129001008,47
440070129001009,47
440070129001010,47
440070129001011,47
440070129001012,47
440070129001013,47
440070129001014,47
440070129001015,47
440070129001016,47
440070129001017,47
440070129001018,47
440070129001019,47
440070129001020,47
440070129001021,47
440070129001022,47
440070129001023,47
440070129001024,47
440070129001025,47
440070129001026,47
440070129001027,47
440070129001028,47
440070129002000,47
440070129002001,47
440070129002002,47
440070129002003,47
440070129002004,47
440070129002005,47
440070129002006,47
440070129002007,47
440070129002008,47
440070129002009,47
440070129002010,47
440070129002011,47
440070129002012,47
440070129002013,47
440070129002014,47
440070129002015,47
440070129002016,47
440070129002017,47
440070129002018,47
440070129002019,47
440070129002020,47
440070129002021,47
440070129002022,47
440070129002023,47
440070129002024,47
440070129002025,47
440070129002026,47
440070129002027,47
440070129002028,47
440070129002029,47
440070129002030,47
440070129002031,47
440070129002032,47
440070129003000,47
440070129003001,47
440070129003002,47
440070129003003,47
440070129003004,47
440070129003005,47
440070129003006,47
440070129003007,47
440070129003008,47
440070129003009,47
440070129003010,47
440070129003011,47
440070129003012,47
440070129003013,47
440070129003014,47
440070129003015,47
440070129003016,47
440070129003017,47
440070129003018,47
440070129003019,47
440070129003020,47
440070129003021,47
440070129004000,47
440070129004001,47
440070129004002,47
440070129004003,47
440070129004004,47
440070129004005,47
440070129004006,47
440070129004007,47
440070129004008,47
440070129004009,47
440070129004010,47
440070129004011,47
440070129004012,47
440070129004013,47
440070129004014,47
440070129004015,47
440070129004016,47
440070129004017,47
440070129004018,47
440070129004019,47
440070129004020,47
440070130011000,47
440070130011001,47
440070130011002,47
440070130011003,47
440070130011004,47
440070130011005,47
440070130011006,47
440070130011007,47
440070130011008,47
440070130011009,47
440070130011010,47
440070130011011,47
440070130011012,47
440070130011013,47
440070130011014,47
440070130011015,47
440070130011016,47
440070130011017,47
440070130011018,47
440070130011019,47
440070130011020,47
440070130011021,47
440070130011022,47
440070130011023,47
440070130011024,47
440070130011025,47
440070130011026,47
440070130011027,47
440070130011028,47
440070130011029,47
440070130011030,47
440070130011031,47
440070130011032,47
440070130011033,47
440070130011034,47
440070130011035,47
440070130011036,47
440070130011037,47
440070130011038,47
440070130011039,47
440070130011040,47
440070130011041,47
440070130011042,47
440070130011043,47
440070130011044,47
440070130011045,47
440070130011046,47
440070130011047,47
440070130011048,47
440070130011049,47
440070130011050,47
440070130011051,47
440070130011052,47
440070130011053,47
440070130011054,47
440070130011055,47
440070130011056,47
440070130011057,47
440070130011058,47
440070130012000,47
440070130012001,47
440070130012002,47
440070130012003,47
440070130012004,47
440070130012005,47
440070130012006,47
440070130012007,47
440070130012008,47
440070130012009,47
440070130012010,47
440070130012011,47
440070130012012,47
440070130012013,47
440070130012014,47
440070130012015,47
440070130012016,47
440070130012017,47
440070130012018,47
440070130012019,47
440070130012020,47
440070130012021,47
440070130012022,47
440070130012023,47
440070130012024,47
440070130012025,47
440070130012026,47
440070130012027,47
440070130012028,47
440070130012029,47
440070130012030,47
440070130012031,47
440070130012032,47
440070130012033,47
440070130012034,47
440070130012035,47
440070130012036,47
440070130012037,47
440070130012038,47
440070130012039,47
440070130012040,47
440070130012041,47
440070130013000,47
440070130013001,47
440070130013002,47
440070130013003,47
440070130013004,47
440070130013005,47
440070130013006,47
440070130013007,47
440070130013008,47
440070130013009,47
440070130013010,47
440070130013011,47
440070130013012,47
440070130013013,47
440070130013014,47
440070130013015,47
440070130013016,47
440070130013017,47
440070130013018,47
440070130013019,47
440070130013020,47
440070130013021,47
440070130013022,47
440070130013023,47
440070130013024,47
440070130013025,47
440070130013026,47
440070130013027,47
440070130013028,47
440070130013029,47
440070130013030,47
440070130013031,47
440070130013032,47
440070130013033,47
440070130013034,47
440070130013035,47
440070130013036,47
440070130013037,47
440070130013038,47
440070130013039,47
440070130013040,47
440070130013041,47
440070130013042,47
440070130013043,47
440070130013044,47
440070130022000,47
440070130022001,47
440070130022002,47
440070130022003,47
440070130022004,47
440070130022005,47
440070130022006,47
440070130022007,47
440070130022008,47
440070130022009,47
440070130022010,47
440070130022011,47
440070130022012,47
440070130022013,47
440070130022014,47
440070130022015,47
440070130022016,47
440070130022017,47
440070130022018,47
440070130022019,47
440070130022020,47
440070130022021,47
440070130022022,47
440070130022023,47
440070130022024,47
440070130022025,47
440070130022026,47
440070130022027,47
440070130022028,47
440070130022029,47
440070130022030,47
440070130022031,47
440070130022032,47
440070130022033,47
440070130022034,47
440070130022035,47
440070130022036,47
440070130022037,47
440070130022038,47
440070130022039,47
440070130022040,47
440070130022041,47
440070130022042,47
440070130022043,47
440070130022044,47
440070130023000,47
440070130023001,47
440070130023002,47
440070130023003,47
440070130023004,47
440070130023005,47
440070130023006,47
440070130023007,47
440070130023008,47
440070130023009,47
440070130023010,47
440070130023011,47
440070130023012,47
440070130023013,47
440070130023014,47
440070130023015,47
440070130023016,47
440070130023017,47
440070130023018,47
440070130023019,47
440070130023020,47
440070131023000,53
440070131023001,53
440070131023002,53
440070131023003,53
440070131023004,53
440070131023005,53
440070131023006,53
440070131023007,53
440070131023008,53
440070131023009,53
440070131023010,53
440070131023011,53
440070131023012,53
440070131023013,53
440070131023014,53
440070131023015,53
440070131023016,53
440070131023017,53
440070131023018,53
440070131023019,53
440070131023020,53
440070131023021,53
440070131023022,53
440070131023023,53
440070131023024,53
440070131023025,53
440070131023026,53
440070131023027,53
440070131023028,53
440070131023029,53
440070131023030,53
440070131023031,53
440070131023032,53
440070131023033,53
440070131023034,53
440070131023035,53
440070131023036,53
440070131023037,53
440070131023038,53
440070131023039,53
440070131023040,53
440070131023041,53
440070131023042,53
440070131023043,53
440070131023044,53
440070131023045,53
440070131023046,53
440070131023047,53
440070131023048,53
440070132011000,41
440070132011001,41
440070132011002,41
440070132011003,41
440070132011004,41
440070132011005,41
440070132011006,41
440070132011007,41
440070132011008,41
440070132011009,41
440070132011010,41
440070132011011,41
440070132011012,41
440070132011013,41
440070132011014,41
440070132011015,41
440070132011016,41
440070132011017,41
440070132011018,41
440070132011019,41
440070132011020,41
440070132011021,41
440070132011022,41
440070132011023,41
440070132011024,41
440070132011025,41
440070132011026,41
440070132011027,41
440070132011028,41
440070132011029,41
440070132011030,41
440070132011031,41
440070132012000,41
440070132012001,41
440070132012002,41
440070132012003,41
440070132012004,41
440070132012005,41
440070132012006,41
440070132012007,41
440070132012008,41
440070132012009,41
440070132012010,41
440070132012011,41
440070132012012,41
440070132012013,41
440070132012014,41
440070132012015,41
440070132012016,41
440070132012017,41
440070132012018,41
440070132012019,41
440070132012020,41
440070132012021,41
440070132012022,41
440070132012023,41
440070132012024,41
440070132012025,41
440070132012026,41
440070132012027,41
440070132012028,41
440070132012029,41
440070132012030,41
440070132012031,41
440070132012032,41
440070132012033,41
440070132012034,41
440070132012035,41
440070132012036,41
440070132012037,41
440070132012038,41
440070132012039,41
440070132013000,41
440070132013001,41
440070132013002,41
440070132013003,41
440070132013004,41
440070132013005,41
440070132013006,41
440070132013007,41
440070132013008,41
440070132013009,41
440070132013010,41
440070132013011,41
440070132013012,41
440070132013013,41
440070132013014,41
440070132013015,41
440070132013016,41
440070132013017,41
440070132013018,41
440070132013019,41
440070132013020,41
440070132013021,41
440070132013022,41
440070132013023,41
440070132013024,41
440070132013025,41
440070132013026,41
440070132013027,41
440070132013028,41
440070132013029,41
440070132013030,41
440070132013031,41
440070132013032,41
440070132013033,41
440070132013034,41
440070132013035,41
440070132013036,41
440070132013037,41
440070132013038,41
440070132013039,41
440070132013040,41
440070132013041,41
440070132013042,41
440070132013043,41
440070132013044,41
440070132013045,41
440070132013046,41
440070132013047,41
440070132013048,41
440070132013049,41
440070132013050,41
440070132013051,41
440070132013052,41
440070132013053,41
440070132013054,41
440070132013055,41
440070132013056,41
440070132013057,41
440070132013058,41
440070132013059,41
440070132013060,41
440070132013061,41
440070132013062,41
440070132013063,41
440070132013064,41
440070132013065,41
440070132013066,41
440070132013067,41
440070132013068,41
440070132013069,41
440070132013070,41
440070132013071,41
440070132013072,41
440070132013073,41
440070132013074,41
440070132013075,41
440070132013076,41
440070132013077,41
440070132013078,41
440070132013079,41
440070132013080,41
440070132013081,41
440070132013082,41
440070132014000,41
440070132014001,41
440070132014002,41
440070132014003,41
440070132014004,41
440070132014005,41
440070132014006,41
440070132014007,41
440070132014008,41
440070132014009,41
440070132014010,41
440070132014011,41
440070132014012,41
440070132014013,41
440070132014014,41
440070132014015,41
440070132014016,41
440070132014017,41
440070132014018,41
440070132014019,41
440070132014020,41
440070132014021,41
440070132014022,41
440070132014023,41
440070132014024,41
440070132014025,41
440070132014026,41
440070132014027,41
440070132014028,41
440070132014029,41
440070132014030,41
440070132014031,41
440070132014032,41
440070132014033,41
440070132014034,41
440070132014035,41
440070132014036,41
440070132014037,41
440070132021000,41
440070132021001,41
440070132021002,41
440070132021003,41
440070132021004,41
440070132021005,41
440070132021006,41
440070132021007,41
440070132021008,41
440070132021009,41
440070132021010,41
440070132021011,41
440070132021012,41
440070132021013,41
440070132021014,41
440070132021015,41
440070132021016,41
440070132021017,41
440070132021018,41
440070132021019,41
440070132021020,41
440070132021021,41
440070132021022,41
440070132021023,41
440070132021024,41
440070132021025,41
440070132021026,41
440070132021027,41
440070132021028,41
440070132021029,41
440070132021030,41
440070132021031,41
440070132021032,41
440070132021033,41
440070132021034,41
440070132021035,41
440070132021036,41
440070132021037,41
440070132021038,41
440070132021039,41
440070132021040,41
440070132021041,41
440070132021042,41
440070132022000,41
440070132022001,41
440070132022002,41
440070132022003,41
440070132022004,41
440070132022005,41
440070132022006,41
440070132022007,41
440070132022008,41
440070132022009,41
440070132022010,41
440070132022011,41
440070132022012,41
440070132022013,41
440070132022014,41
440070132022015,41
440070132022016,41
440070132022017,41
440070132022018,41
440070132022019,41
440070132022020,41
440070132022021,41
440070132022022,41
440070132022023,41
440070132022024,41
440070132022025,41
440070132022026,41
440070132022027,41
440070132022028,41
440070132022029,41
440070132022030,41
440070132022031,41
440070132022032,41
440070132022033,41
440070132022034,41
440070132022035,41
440070132022036,41
440070132022037,41
440070132022038,41
440070132023000,41
440070132023001,41
440070132023002,41
440070132023003,41
440070132023004,41
440070132023005,41
440070132023006,41
440070132023007,41
440070132023008,41
440070132023009,41
440070132023010,41
440070132023011,41
440070132023012,41
440070132023013,41
440070132023014,41
440070132023015,41
440070132023016,41
440070132023017,41
440070132023018,41
440070132023019,41
440070132023020,41
440070132023021,41
440070132023022,41
440070132023023,41
440070132023024,41
440070132023025,41
440070132023026,41
440070132023027,41
440070132023028,41
440070132023029,41
440070132023030,41
440070132023031,41
440070132023032,41
440070132023033,41
440070132023034,41
440070132023035,41
440070132023036,41
440070132023037,41
440070132023038,41
440070132023039,41
440070132023040,41
440070132023041,41
440070132023042,41
440070132023043,41
440070132023044,41
440070132023045,41
440070132023046,41
440070132023047,41
440070132023048,41
440070132023049,41
440070132023050,41
440070132023051,41
440070132023052,41
440070132023053,41
440070132023054,41
440070132023055,41
440070132023056,41
440070132023057,41
440070132023058,41
440070132023059,41
440070132023060,41
440070132023061,41
440070132023062,41
440070132023063,41
440070132023064,41
440070132023065,41
440070132023066,41
440070132023067,41
440070132023068,41
440070132023069,41
440070132023070,41
440070132023071,41
440070132023072,41
440070132023073,41
440070132023074,41
440070132023075,41
440070132023076,41
440070132023077,41
440070132023078,41
440070132023079,41
440070132023080,41
440070132023081,41
440070132023082,41
440070132023083,41
440070132023084,41
440070132023085,41
440070132023086,41
440070132023087,41
440070132023088,41
440070132023089,41
440070132023090,41
440070132023091,41
440070133001000,40
440070133001001,40
440070133001002,40
440070133001003,40
440070133001004,40
440070133001005,40
440070133001006,40
440070133001007,40
440070133001008,40
440070133001009,40
440070133001010,40
440070133001011,40
440070133001012,40
440070133001013,40
440070133001014,40
440070133001015,40
440070133001016,40
440070133001017,40
440070133001018,40
440070133001019,40
440070133001020,40
440070133001021,40
440070133001022,40
440070133001023,40
440070133001024,40
440070133001025,40
440070133001026,40
440070133001027,40
440070133001028,40
440070133001029,40
440070133001030,40
440070133001031,40
440070133001032,40
440070133001033,40
440070133001034,40
440070133001035,40
440070133001036,40
440070133001037,40
440070133001038,40
440070133001039,40
440070133001040,40
440070133001041,40
440070133001042,40
440070133001043,40
440070133001044,40
440070133001045,40
440070133001046,40
440070133001047,40
440070133001048,40
440070133001049,40
440070133001050,40
440070133001051,40
440070133001052,40
440070133001053,40
440070133001054,40
440070133001055,40
440070133001056,40
440070133001057,40
440070133001058,40
440070133001059,40
440070133001060,40
440070133001061,40
440070133001062,40
440070133001063,40
440070133001064,40
440070133001065,40
440070133001066,40
440070133001067,40
440070133001068,40
440070133001069,40
440070133001070,40
440070133001071,40
440070133001072,40
440070133001073,40
440070133001074,40
440070133002000,40
440070133002001,40
440070133002002,40
440070133002003,40
440070133002004,40
440070133002005,40
440070133002006,40
440070133002007,40
440070133002008,40
440070133002009,40
440070133002010,40
440070133002011,40
440070133002012,40
440070133002013,40
440070133002014,40
440070133002015,40
440070133002016,40
440070133002017,40
440070133002018,40
440070133002019,40
440070133002020,40
440070133002021,40
440070133002022,40
440070133002023,40
440070133002024,40
440070133002025,40
440070133002026,40
440070133002027,40
440070133002028,40
440070133002029,40
440070133002030,40
440070133002031,40
440070133002032,40
440070133002033,40
440070133002034,40
440070133002035,40
440070133002036,40
440070133002037,40
440070133002038,40
440070133002039,40
440070133003000,40
440070133003001,40
440070133003002,40
440070133003003,40
440070133003004,40
440070133003005,40
440070133003006,40
440070133003007,40
440070133003008,40
440070133003009,40
440070133003010,40
440070133003011,40
440070133003012,40
440070133003013,40
440070133003014,40
440070133003015,40
440070133003016,40
440070133003017,40
440070133003018,40
440070133003019,40
440070133003020,40
440070133003021,40
440070133003022,40
440070133003023,40
440070133003024,40
440070133003025,40
440070133003026,40
440070133003027,40
440070133003028,40
440070133004000,40
440070133004001,40
440070133004002,40
440070133004003,40
440070133004004,40
440070133004005,40
440070133004006,40
440070133004007,40
440070133004008,40
440070133004009,40
440070133004010,40
440070133004011,40
440070133004012,40
440070133004013,40
440070133004014,40
440070133004015,40
440070133004016,40
440070133004017,40
440070133004018,40
440070133004019,40
440070133004020,40
440070133004021,40
440070133004022,40
440070133004023,40
440070133004024,40
440070133004025,40
440070133004026,40
440070133004027,40
440070133004028,40
440070133004029,40
440070133004030,40
440070133004031,40
440070133004032,40
440070133004033,40
440070133004034,40
440070133004035,40
440070133004036,40
440070133004037,40
440070133004038,40
440070133004039,40
440070133004040,40
440070133004041,40
440070133004042,40
440070133004043,40
440070133004044,40
440070133004045,40
440070133004046,40
440070133004047,40
440070133004048,40
440070133004049,40
440070133004050,40
440070133004051,40
440070134001000,18
440070134001001,18
440070134001002,18
440070134001003,18
440070134001004,18
440070134001005,18
440070134001006,18
440070134001007,18
440070134001008,18
440070134001009,18
440070134001010,18
440070134001011,18
440070134002000,18
440070134002001,18
440070134002002,18
440070134002003,18
440070134002004,18
440070134002005,18
440070134002006,18
440070134002007,18
440070134002008,18
440070134002009,18
440070134002010,18
440070134002011,18
440070134002012,18
440070134002013,18
440070134002014,18
440070134002015,18
440070134002016,18
440070135001000,18
440070135001001,18
440070135001002,18
440070135001003,18
440070135001004,18
440070135001005,18
440070135001006,18
440070135001007,18
440070135001008,18
440070135001009,18
440070135001010,18
440070135002000,18
440070135002001,18
440070135002002,18
440070135002003,18
440070135002004,18
440070135002005,18
440070135002006,18
440070135002007,18
440070135003000,18
440070135003001,18
440070135003002,18
440070135003003,18
440070135003004,18
440070135003005,18
440070135004000,18
440070135004001,18
440070135004002,18
440070135004003,18
440070135004004,18
440070135004005,18
440070135004006,18
440070135004007,18
440070135004008,18
440070135004009,18
440070135004010,18
440070135005000,18
440070135005001,18
440070135005002,18
440070135005003,18
440070135005004,18
440070135005005,18
440070135005006,18
440070135005007,18
440070135005008,18
440070135005009,18
440070135005010,18
440070135005011,18
440070135005012,18
440070135005013,18
440070135005014,18
440070135005015,18
440070135005016,18
440070135005017,18
440070135005018,18
440070135005019,18
440070135005020,18
440070135005021,18
440070135005022,18
440070135005023,18
440070135005024,18
440070135005025,18
440070136001000,18
440070136001001,18
440070136001002,18
440070136001003,18
440070136001004,18
440070136001005,18
440070136001006,18
440070136001007,18
440070136001008,18
440070136001009,18
440070136001010,18
440070136001011,18
440070136001012,18
440070136001013,18
440070136001014,18
440070136001015,18
440070136001016,18
440070136001017,18
440070136001018,18
440070136001019,18
440070136001020,18
440070136001021,18
440070136001022,18
440070136001023,18
440070136001024,18
440070136001025,18
440070136001026,18
440070136001027,18
440070136001028,18
440070136001029,18
440070136001030,18
440070136001031,18
440070136001032,18
440070137011000,18
440070137011001,18
440070137011002,18
440070137011003,18
440070137011004,18
440070137011005,18
440070137011006,18
440070137011007,18
440070137011008,18
440070137011009,18
440070137011010,18
440070137011011,18
440070137011012,18
440070137011013,18
440070137011014,18
440070137011015,18
440070137011016,18
440070137011017,18
440070137011018,18
440070137011019,18
440070137011020,18
440070137011021,18
440070137011022,18
440070137011023,18
440070137011024,18
440070137011025,18
440070137011026,18
440070137011027,18
440070137012000,18
440070137012001,18
440070137012002,18
440070137012003,18
440070137012004,18
440070137012005,18
440070137012006,18
440070137012007,18
440070137012008,18
440070137012009,18
440070137012010,18
440070137012011,18
440070137012012,18
440070137012013,18
440070137012014,18
440070137012015,18
440070137012016,18
440070137012017,18
440070137012018,18
440070137012019,18
440070137012020,18
440070137012021,18
440070137012022,18
440070137012023,18
440070137012024,18
440070137012025,18
440070137012026,18
440070137012027,18
440070137012028,18
440070137012029,18
440070137012030,18
440070137012031,18
440070137012032,18
440070137012033,18
440070137012034,18
440070137012035,18
440070137012036,18
440070137012037,18
440070137012038,18
440070137023000,17
440070137023001,17
440070137023002,17
440070137023003,17
440070137023004,17
440070137023005,17
440070137023006,17
440070137023007,17
440070137023008,17
440070137023009,17
440070137023010,17
440070137023011,17
440070137023012,17
440070137023013,17
440070137023014,17
440070137023015,17
440070137023016,17
440070137023017,17
440070138001000,16
440070138001001,16
440070138001002,16
440070138001003,16
440070138001004,16
440070138001005,16
440070138001006,16
440070138001007,16
440070138001008,16
440070138001009,16
440070138001010,16
440070138001011,16
440070138001012,16
440070138001013,16
440070138001014,16
440070138001015,16
440070138001016,16
440070138001017,16
440070138001018,16
440070138001019,16
440070138001020,16
440070138001021,16
440070138001022,16
440070138001023,16
440070138001024,16
440070138001025,16
440070138001026,16
440070138001027,16
440070138001028,16
440070138001029,16
440070138001030,16
440070138001031,16
440070138001032,16
440070138001033,16
440070138001034,16
440070138001035,16
440070138001036,16
440070138001037,16
440070138001038,16
440070138001039,16
440070138001040,16
440070138001041,16
440070138002000,16
440070138002001,16
440070138002002,16
440070138002003,16
440070138002004,16
440070138002005,16
440070138002006,16
440070138002007,16
440070138002008,16
440070138002009,16
440070138002010,16
440070138002011,16
440070138002012,16
440070138002013,16
440070138002014,16
440070138002015,16
440070138002016,16
440070138002017,16
440070138003000,16
440070138003001,16
440070138003002,16
440070138003003,16
440070138003004,16
440070138003005,16
440070138003006,16
440070138003007,16
440070138003008,16
440070138003009,16
440070138003010,16
440070138003011,16
440070138003012,16
440070138003013,16
440070138003014,16
440070138004000,16
440070138004001,16
440070138004002,16
440070138004003,16
440070138004004,16
440070138004005,16
440070138004006,16
440070138004007,16
440070138004008,16
440070138004009,16
440070138004010,16
440070138004011,16
440070138004012,16
440070138004013,16
440070138004014,16
440070138004015,16
440070138004016,16
440070138004017,16
440070138004018,16
440070138004019,16
440070138004020,16
440070138004021,16
440070138004022,16
440070138004023,16
440070138004024,16
440070138004025,16
440070138004026,16
440070139001000,16
440070139001001,16
440070139001002,16
440070139001003,16
440070139001004,16
440070139001005,16
440070139001006,16
440070139001007,16
440070139001008,16
440070139001009,16
440070139001010,16
440070139001011,16
440070139001012,16
440070139001013,16
440070139001014,16
440070139001015,16
440070139001016,16
440070139001017,16
440070139001018,16
440070139001019,16
440070139001020,16
440070139002000,16
440070139002001,16
440070139002002,16
440070139002003,16
440070139002004,16
440070139002005,16
440070139002006,16
440070139002007,16
440070139002008,16
440070139002009,16
440070139002010,16
440070139002011,16
440070139002012,16
440070139002013,16
440070139002014,16
440070139002015,16
440070139002016,16
440070139002017,16
440070139002018,16
440070139002019,16
440070139002020,16
440070139002021,16
440070139002022,16
440070139002023,16
440070139002024,16
440070139002025,16
440070139002026,16
440070139002027,16
440070139003000,16
440070139003001,16
440070139003002,16
440070139003003,16
440070139003004,16
440070139003005,16
440070139003006,16
440070139003007,16
440070139003008,16
440070139003009,16
440070139003010,16
440070139003011,16
440070139003012,16
440070139003013,16
440070139003014,16
440070139003015,16
440070139003016,16
440070139003017,16
440070139003018,16
440070139003019,16
440070139003020,16
440070139003021,16
440070139003022,16
440070139003023,16
440070139003024,16
440070139003025,16
440070139003026,16
440070139003027,16
440070139003028,16
440070139003029,16
440070139003030,16
440070139003031,16
440070140004000,17
440070140004001,17
440070140004002,17
440070140004003,17
440070140004004,17
440070140004005,17
440070140004006,17
440070140004007,17
440070140004008,17
440070140004009,17
440070140004010,17
440070140004011,17
440070140004012,17
440070140004013,17
440070140004014,17
440070140004015,17
440070140004016,17
440070140004017,17
440070140005000,17
440070140005001,17
440070140005002,17
440070140005003,17
440070140005004,17
440070140005005,17
440070140005006,17
440070140005007,17
440070140005008,17
440070140005009,17
440070140005010,17
440070140005011,17
440070140005012,17
440070140005013,17
440070140005014,17
440070140005015,17
440070140005016,17
440070140005017,17
440070140005018,17
440070140005019,17
440070140005020,17
440070140005021,17
440070140005022,17
440070140005023,17
440070140005024,17
440070140005025,17
440070140005026,17
440070140005027,17
440070141001000,14
440070141001001,14
440070141001002,14
440070141001003,14
440070141001004,14
440070141001005,14
440070141001006,14
440070141001007,14
440070141001008,14
440070141001009,14
440070141001010,14
440070141001011,14
440070141001012,14
440070141001013,14
440070141001014,14
440070141001015,14
440070141001016,14
440070141001017,14
440070141001018,14
440070141001019,14
440070141001020,14
440070141001021,14
440070141001022,14
440070141001023,14
440070141001024,14
440070141001025,14
440070141001026,14
440070141001027,14
440070141001028,14
440070141002000,14
440070141002001,14
440070141002002,14
440070141002003,14
440070141002004,14
440070141002005,14
440070141002006,14
440070141002007,14
440070141002008,14
440070141002009,14
440070141002010,14
440070141002011,14
440070141002012,14
440070141002013,14
440070141002014,14
440070141002015,14
440070141003000,14
440070141003001,14
440070141003002,14
440070141003003,14
440070141003004,14
440070141003005,14
440070141003006,14
440070141003007,14
440070141003008,14
440070141003009,14
440070141003010,14
440070141003011,14
440070141003012,14
440070141003013,14
440070141003014,14
440070141003015,14
440070141003016,14
440070141003017,14
440070141003018,14
440070141003019,14
440070141003020,14
440070141003021,14
440070141003022,14
440070141003023,14
440070141003024,14
440070141003025,14
440070141003026,14
440070141003027,14
440070142001000,15
440070142001001,15
440070142001002,15
440070142001003,15
440070142001004,15
440070142001005,15
440070142001006,15
440070142001007,15
440070142001008,15
440070142001009,15
440070142001010,15
440070142001011,15
440070142001012,15
440070142001013,15
440070142001014,15
440070142001015,15
440070142001016,15
440070142003000,15
440070142003001,15
440070142003002,15
440070142003003,15
440070142003004,15
440070142003005,15
440070142003006,15
440070142003007,15
440070142003008,15
440070142003009,15
440070142003010,15
440070142003011,15
440070142003012,15
440070142003013,15
440070142003014,15
440070142003015,15
440070142003016,15
440070142003017,15
440070142003018,15
440070142003019,15
440070142003020,15
440070142003021,15
440070142003022,15
440070142003023,15
440070142003024,15
440070142003025,15
440070142003026,15
440070142003027,15
440070142003028,15
440070142003029,15
440070142003030,15
440070142003031,15
440070142003032,15
440070142003033,15
440070143002000,17
440070143002001,17
440070143002002,17
440070143002003,17
440070143002004,17
440070143002005,17
440070143002006,17
440070143002007,17
440070143002008,17
440070143002009,17
440070143002010,17
440070143002011,17
440070143002012,17
440070143002013,17
440070143002014,17
440070143002015,17
440070143002016,17
440070143002017,17
440070143002018,17
440070143002019,17
440070143002020,17
440070143002021,17
440070143002022,17
440070143002023,17
440070143002024,17
440070143002025,17
440070143002026,17
440070143002027,17
440070143002028,17
440070143002029,17
440070143002030,17
440070143002031,17
440070143002032,17
440070143002033,17
440070143002034,17
440070143002035,17
440070143002036,17
440070143002037,17
440070143002038,17
440070143002039,17
440070143002040,17
440070143002041,17
440070143002042,17
440070143002043,17
440070143002044,17
440070143002045,17
440070143002046,17
440070143002047,17
440070143002048,17
440070143002049,17
440070143002050,17
440070143002051,17
440070143002052,17
440070143002053,17
440070143002054,17
440070144001000,16
440070144001001,16
440070144001002,16
440070144001003,16
440070144001004,16
440070144001005,16
440070144001006,16
440070144001007,16
440070144001008,16
440070144001009,16
440070144001010,16
440070144001011,16
440070144001012,16
440070144001013,16
440070144001014,16
440070144001015,16
440070144001016,16
440070144001017,16
440070144001018,16
440070144001019,16
440070144001020,16
440070144001021,16
440070144001022,16
440070144001023,16
440070144001024,16
440070144001025,16
440070144001026,16
440070144001027,16
440070144001028,16
440070144001029,16
440070144001030,16
440070144001031,16
440070144001032,16
440070144001033,16
440070144001034,16
440070144001035,16
440070144001036,16
440070144001037,16
440070144001038,16
440070144002000,15
440070144002001,15
440070144002002,15
440070144002003,15
440070144002004,15
440070144002005,15
440070144002006,15
440070144002007,15
440070144002008,15
440070144002009,15
440070144002010,15
440070144002011,15
440070144002012,15
440070144002013,15
440070144002014,15
440070144002015,15
440070144002016,15
440070144002017,15
440070144002018,15
440070144002019,15
440070144002020,15
440070144002021,15
440070144002022,15
440070144002023,15
440070144002024,15
440070144002025,15
440070144002026,15
440070144002027,15
440070144002028,15
440070144002029,15
440070144003000,15
440070144003001,15
440070144003002,15
440070144003003,15
440070144003004,15
440070144003005,15
440070144003006,15
440070144003007,15
440070144003008,15
440070144003009,15
440070144003010,15
440070144003011,15
440070144003012,15
440070144003013,15
440070144003014,15
440070144003015,15
440070144003016,15
440070144003017,15
440070144003018,15
440070144003019,15
440070144003020,15
440070144003021,15
440070144003022,15
440070144003023,15
440070144003024,15
440070144003025,15
440070144003026,15
440070144003027,15
440070144003028,15
440070144003029,15
440070144003030,15
440070144003031,15
440070144003032,15
440070144003033,15
440070144003034,15
440070144003035,15
440070144003036,15
440070145012000,15
440070145012001,15
440070145012002,15
440070145012003,15
440070145012004,15
440070145012005,15
440070145012006,15
440070145012007,15
440070145012008,15
440070145012009,15
440070145012010,15
440070145012011,15
440070145012012,15
440070145012013,15
440070145012014,15
440070145012015,15
440070145012016,15
440070145012017,15
440070145012018,15
440070145012019,15
440070145012020,15
440070145012021,15
440070145012022,15
440070145012023,15
440070145012024,15
440070145012025,15
440070145012026,15
440070145012027,15
440070145012028,15
440070145012029,15
440070145012030,15
440070145012031,15
440070145012032,15
440070145012033,15
440070145012034,15
440070145012035,15
440070146001000,15
440070146001001,15
440070146001002,15
440070146001003,15
440070146001004,15
440070146001005,15
440070146001006,15
440070146001007,15
440070146001008,15
440070146001009,15
440070146001010,15
440070146001011,15
440070146001012,15
440070146001013,15
440070146001014,15
440070146001015,15
440070146001016,15
440070146003000,15
440070146003001,15
440070146003002,15
440070146003003,15
440070146003004,15
440070146003005,15
440070146003006,15
440070146003007,15
440070146003008,15
440070146003009,15
440070146003010,15
440070146003011,15
440070146003012,15
440070146003013,15
440070146003014,15
440070146003015,15
440070146003016,15
440070146003017,15
440070146003018,15
440070146003019,15
440070146003020,15
440070146003021,15
440070146003022,15
440070146003023,15
440070146003024,15
440070146003025,15
440070146003026,15
440070146003027,15
440070146003028,15
440070146003029,15
440070147001000,14
440070147001001,14
440070147001002,14
440070147001003,14
440070147001004,14
440070147001005,14
440070147001006,14
440070147001007,14
440070147001008,14
440070147001009,14
440070147001010,14
440070147001011,14
440070147001012,14
440070147001013,14
440070147001014,14
440070147001015,14
440070147001016,14
440070147001017,14
440070147001018,14
440070147001019,14
440070147001020,14
440070147001021,14
440070147001022,14
440070147001023,14
440070147001024,14
440070147002000,14
440070147002001,14
440070147002002,14
440070147002003,14
440070147002004,14
440070147002005,14
440070147002006,14
440070147002007,14
440070147002008,14
440070147002009,14
440070147002010,14
440070147002011,14
440070147002012,14
440070147002013,14
440070147002014,14
440070147002015,14
440070147002016,14
440070147002017,14
440070147002018,14
440070147002019,14
440070147002020,14
440070147002021,14
440070147002022,14
440070147002023,14
440070147002024,14
440070147002025,14
440070147002026,14
440070147002027,14
440070147002028,14
440070147002029,14
440070147005000,17
440070147005001,17
440070147005002,17
440070147005003,17
440070147005004,17
440070147005005,17
440070147005006,17
440070147005007,17
440070147005008,17
440070147005009,17
440070147005010,17
440070147005011,17
440070147005012,17
440070147006000,14
440070147006001,14
440070147006002,14
440070147006003,14
440070147006004,14
440070147006005,14
440070147006006,14
440070147006007,14
440070147006008,14
440070147006009,14
440070147006010,14
440070147006011,14
440070147006012,14
440070147006013,14
440070147006014,14
440070147006015,14
440070147006016,14
440070147006017,14
440070147006018,14
440070147006019,14
440070147006020,14
440070147006021,14
440070147006022,14
440070150002000,58
440070150002001,58
440070150002002,58
440070150002003,58
440070150002004,58
440070150002005,58
440070150002006,58
440070150002007,58
440070150002008,58
440070150002009,58
440070150002010,58
440070150002011,58
440070150002012,58
440070150002013,58
440070150002014,58
440070150002015,58
440070150002016,58
440070150002017,58
440070150002018,58
440070150002019,58
440070150002020,58
440070150002021,58
440070150002022,58
440070150002023,58
440070150002024,58
440070150002025,58
440070150002026,58
440070150002027,58
440070150002028,58
440070150002029,58
440070150002030,58
440070150002031,58
440070150002032,58
440070150002033,58
440070151002000,58
440070151002001,58
440070151002002,58
440070151002003,58
440070151002004,58
440070151002005,58
440070151002006,58
440070151002007,58
440070151002008,58
440070151002009,58
440070151002010,58
440070151002011,58
440070151002012,58
440070151002013,58
440070151002014,58
440070151002015,58
440070151002016,58
440070151002017,58
440070151002018,58
440070151002019,58
440070151002020,58
440070151002021,58
440070151002022,58
440070151002023,58
440070151003000,58
440070151003001,58
440070151003002,58
440070151003003,58
440070151003004,58
440070151003005,58
440070151003006,58
440070151003007,58
440070151003008,58
440070151003009,58
440070151003010,58
440070152002000,59
440070152002001,59
440070152002002,59
440070152002003,59
440070152002004,59
440070152002005,59
440070152002006,59
440070152002007,59
440070152002008,59
440070152002009,59
440070152002010,59
440070152002011,59
440070152002012,59
440070152002013,59
440070152002014,59
440070152002015,59
440070152002016,59
440070152002017,59
440070152002018,59
440070152002019,59
440070152002020,59
440070152002021,59
440070152002022,59
440070152002023,59
440070152002024,59
440070152002025,59
440070152002026,59
440070152002027,59
440070152002028,59
440070153001000,60
440070153001001,60
440070153001002,60
440070153001003,60
440070153001004,60
440070153001005,60
440070153001006,60
440070153001007,60
440070153001008,60
440070153001009,60
440070153001010,60
440070153001011,60
440070153001012,60
440070153001013,60
440070153001014,60
440070153001015,60
440070153001016,60
440070153001017,60
440070153001018,60
440070153001019,60
440070153001020,60
440070153002000,60
440070153002001,60
440070153002002,60
440070153002003,60
440070153002004,60
440070153002005,60
440070153002006,60
440070153002007,60
440070153002008,60
440070153002009,60
440070153002010,60
440070153002011,60
440070153002012,60
440070153002013,60
440070153002014,60
440070153002015,60
440070153002016,60
440070153002017,60
440070153002018,60
440070154001000,60
440070154001001,60
440070154001002,60
440070154001003,60
440070154001004,60
440070154001005,60
440070154001006,60
440070154001007,60
440070154002000,60
440070154002001,60
440070154002002,60
440070154002003,60
440070154002004,60
440070154002005,60
440070154002006,60
440070154002007,60
440070154002008,60
440070155001000,60
440070155001001,60
440070155001002,60
440070155001003,60
440070155001004,60
440070155001005,60
440070155001006,60
440070155001007,60
440070155001008,60
440070155001009,60
440070155001010,60
440070155001011,60
440070155001012,60
440070155001013,60
440070155001014,60
440070155001015,60
440070155001016,60
440070155001017,60
440070155001018,60
440070155001019,60
440070155001020,60
440070155002000,60
440070155002001,60
440070155002002,60
440070155002003,60
440070155002004,60
440070155002005,60
440070155002006,60
440070155002007,60
440070155002008,60
440070155002009,60
440070155002010,60
440070155002011,60
440070155002012,60
440070155002013,60
440070155002014,60
440070155002015,60
440070155003000,60
440070155003001,60
440070155003002,60
440070155003003,60
440070155003004,60
440070155003005,60
440070155003006,60
440070155003007,60
440070155003008,60
440070155003009,60
440070155003010,60
440070155003011,60
440070155003012,60
440070155003013,60
440070155003014,60
440070155003015,60
440070155003016,60
440070155003017,60
440070155003018,60
440070155003019,60
440070155004000,60
440070155004001,60
440070155004002,60
440070155004003,60
440070155004004,60
440070155004005,60
440070155004006,60
440070155004007,60
440070155004008,60
440070157001000,61
440070157001001,61
440070157001002,61
440070157001003,61
440070157001004,61
440070157001005,61
440070157001006,61
440070157001007,61
440070157001008,61
440070157001009,61
440070157001010,61
440070157001011,61
440070157001012,61
440070157001013,61
440070157001014,61
440070157001015,61
440070157001016,61
440070157001017,61
440070157001018,61
440070157001019,61
440070157001020,61
440070157002000,61
440070157002001,61
440070157002002,61
440070157002003,61
440070157002004,61
440070157002005,61
440070157002006,61
440070157002007,61
440070157002008,61
440070157002009,61
440070157002010,61
440070157002011,61
440070157002012,61
440070157002013,61
440070157002014,61
440070157002015,61
440070157002016,61
440070157002017,61
440070157002018,61
440070157002019,61
440070157002020,61
440070157003000,61
440070157003001,61
440070157003002,61
440070157003003,61
440070157003004,61
440070157003005,61
440070157003006,61
440070157003007,61
440070157003008,61
440070157003009,61
440070157003010,61
440070157003011,61
440070157003012,61
440070157003013,61
440070157003014,61
440070157003015,61
440070157003016,61
440070157003017,61
440070157003018,61
440070157004000,61
440070157004001,61
440070157004002,61
440070157004003,61
440070157004004,61
440070157004005,61
440070157004006,61
440070157004007,61
440070157004008,61
440070157004009,61
440070157004010,61
440070157004011,61
440070157004012,61
440070157004013,61
440070158001000,61
440070158001001,61
440070158001002,61
440070158001003,61
440070158001004,61
440070158001005,61
440070158001006,61
440070158001007,61
440070158001008,61
440070158001009,61
440070158001010,61
440070158001011,61
440070158001012,61
440070158001013,61
440070158001014,61
440070158001015,61
440070158001016,61
440070158001017,61
440070158001018,61
440070158001019,61
440070158001020,61
440070158001021,61
440070158001022,61
440070158001023,61
440070158001024,61
440070158001025,61
440070158002000,61
440070158002001,61
440070158002002,61
440070158002003,61
440070158002004,61
440070158002005,61
440070158002006,61
440070158002007,61
440070158002008,61
440070158002009,61
440070158002010,61
440070158002011,61
440070158002012,61
440070158002013,61
440070158003000,61
440070158003001,61
440070158003002,61
440070158003003,61
440070158003004,61
440070158003005,61
440070158003006,61
440070158003007,61
440070158003008,61
440070158003009,61
440070158003010,61
440070158003011,61
440070158003012,61
440070158004000,61
440070158004001,61
440070158004002,61
440070158004003,61
440070158004004,61
440070158004005,61
440070158004006,61
440070158004007,61
440070158004008,61
440070158005000,61
440070158005001,61
440070158005002,61
440070158005003,61
440070158005004,61
440070158005005,61
440070158005006,61
440070158005007,61
440070158005008,61
440070159002000,61
440070159002001,61
440070159002002,61
440070159002003,61
440070159002004,61
440070159002005,61
440070159002006,61
440070159002007,61
440070159002008,61
440070159002009,61
440070159003000,61
440070159003001,61
440070159003002,61
440070159003003,61
440070159003004,61
440070159003005,61
440070159003006,61
440070159003007,61
440070159003008,61
440070159003009,61
440070159003010,61
440070159003011,61
440070160002000,60
440070160002001,60
440070160002002,60
440070160002003,60
440070160002004,60
440070160002005,60
440070160002006,60
440070160002007,60
440070160002008,60
440070160002009,60
440070160002010,60
440070160002011,60
440070160002012,60
440070160002013,60
440070160002014,60
440070160002015,60
440070160003000,60
440070160003001,60
440070160003002,60
440070160003003,60
440070160003004,60
440070160003005,60
440070160003006,60
440070160003007,60
440070160003008,60
440070160003009,60
440070160003010,60
440070160003011,60
440070160003012,60
440070160003013,60
440070160003014,60
440070160003015,60
440070160003016,60
440070160003017,60
440070160003018,60
440070160003019,60
440070160003020,60
440070160003021,60
440070160003022,60
440070160003023,60
440070161001000,59
440070161001001,59
440070161001002,59
440070161001003,59
440070161001004,59
440070161001005,59
440070161001006,59
440070161001007,59
440070161001008,59
440070161001009,59
440070161001010,59
440070161001011,59
440070161001012,59
440070161001013,59
440070161001014,59
440070161001015,59
440070161001016,59
440070161001017,59
440070161001018,59
440070161001019,59
440070161001020,59
440070161001021,59
440070161001022,59
440070161001023,59
440070161001024,59
440070161001025,59
440070161001026,59
440070161001027,59
440070161002000,59
440070161002001,59
440070161002002,59
440070161002003,59
440070161002004,59
440070161002005,59
440070161002006,59
440070161002007,59
440070161002008,59
440070161002009,59
440070161002010,59
440070161002011,59
440070161002012,59
440070161002013,59
440070161002014,59
440070161002015,59
440070161002016,59
440070161002017,59
440070161002018,59
440070161002019,59
440070161002020,59
440070161002021,59
440070161002022,59
440070161002023,59
440070161002024,59
440070161002025,59
440070161002026,59
440070161002027,59
440070161002028,59
440070161002029,59
440070161002030,59
440070161002031,59
440070161002032,59
440070161002033,59
440070161002034,59
440070163001000,58
440070163001001,58
440070163001002,58
440070163001003,58
440070163001004,58
440070163001005,58
440070163001006,58
440070163001007,58
440070163001008,58
440070163001009,58
440070163001010,58
440070163001011,58
440070163001012,58
440070163001013,58
440070163001014,58
440070163001015,58
440070163001016,58
440070163001017,58
440070163001018,58
440070163001019,58
440070163001020,58
440070163001021,58
440070163001022,58
440070163001023,58
440070163001024,58
440070163002000,58
440070163002001,58
440070163002002,58
440070163002003,58
440070163002004,58
440070163002005,58
440070163002006,58
440070163002007,58
440070163002008,58
440070163002009,58
440070163002010,58
440070163002011,58
440070163002012,58
440070163002013,58
440070163002014,58
440070163002015,58
440070163002016,58
440070163002017,58
440070163002018,58
440070163002019,58
440070163002020,58
440070163002021,58
440070163002022,58
440070163002023,58
440070163002024,58
440070163002025,58
440070163002026,58
440070163002027,58
440070163003000,58
440070163003001,58
440070163003002,58
440070163003003,58
440070163003004,58
440070163003005,58
440070163003006,58
440070163003007,58
440070163003008,58
440070163003009,58
440070163003010,58
440070163003011,58
440070163003012,58
440070164002000,59
440070164002001,59
440070164002002,59
440070164002003,59
440070164002004,59
440070164002005,59
440070164002006,59
440070164002007,59
440070164002008,59
440070164002009,59
440070164002010,59
440070164002011,59
440070164002012,59
440070164002013,59
440070164002014,59
440070164002015,59
440070164002016,59
440070164003000,58
440070164003001,58
440070164003002,58
440070164003003,58
440070164003004,58
440070164003005,58
440070164003006,58
440070164003007,58
440070164003008,58
440070164003009,58
440070164003010,58
440070164003011,58
440070164003012,58
440070164003013,58
440070164003014,58
440070164003015,58
440070164003016,58
440070164003017,58
440070164003018,58
440070164003019,58
440070164003020,58
440070164003021,58
440070164003022,58
440070164003023,58
440070164003024,58
440070164003025,58
440070164003026,58
440070164003027,58
440070164003028,58
440070164003029,58
440070164003030,58
440070164003031,58
440070164003032,58
440070165001000,59
440070165001001,59
440070165001002,59
440070165001003,59
440070165001004,59
440070165001005,59
440070165001006,59
440070165001007,59
440070165001008,59
440070165001009,59
440070165001010,59
440070165001011,59
440070165001012,59
440070165001013,59
440070165001014,59
440070165001015,59
440070165001016,59
440070165001017,59
440070165001018,59
440070165001019,59
440070165001020,59
440070165001021,59
440070165001022,59
440070165001023,59
440070165001024,59
440070165001025,59
440070165001026,59
440070165001027,59
440070165001028,59
440070165001029,59
440070165001030,59
440070165001031,59
440070165001032,59
440070165001033,59
440070165001034,59
440070165002000,59
440070165002001,59
440070165002002,59
440070165002003,59
440070165002004,59
440070165002005,59
440070165002006,59
440070165002007,59
440070165002008,59
440070165002009,59
440070165002010,59
440070165002011,59
440070165002012,59
440070165002013,59
440070165002014,59
440070165002015,59
440070165002016,59
440070165002017,59
440070165002018,59
440070165002019,59
440070165002020,59
440070165002021,59
440070165002022,59
440070165002023,59
440070165002024,59
440070165002025,59
440070165002026,59
440070165003000,59
440070165003001,59
440070165003002,59
440070165003003,59
440070165003004,59
440070165003005,59
440070165003006,59
440070165003007,59
440070165003008,59
440070165003009,59
440070165003010,59
440070165003011,59
440070165003012,59
440070165003013,59
440070165003014,59
440070165003015,59
440070165003016,59
440070165003017,59
440070166001000,59
440070166001001,59
440070166001002,59
440070166001003,59
440070166001004,59
440070166001005,59
440070166001006,59
440070166001007,59
440070166001008,59
440070166001009,59
440070166001010,59
440070166001011,59
440070166001012,59
440070166001013,59
440070166001014,59
440070166001015,59
440070166001016,59
440070166001017,59
440070166001018,59
440070166001019,59
440070166001020,59
440070166001021,59
440070166001022,59
440070166001023,59
440070166001024,59
440070166001025,59
440070166001026,59
440070166001027,59
440070166001028,59
440070166001029,59
440070166001030,59
440070166001031,59
440070166001032,59
440070166001033,59
440070166001034,59
440070166001035,59
440070167002000,62
440070167002001,62
440070167002002,62
440070167002003,62
440070167002004,62
440070167002005,62
440070167002006,62
440070167002007,62
440070167002008,62
440070167002009,62
440070167002010,62
440070167002011,62
440070167002012,62
440070167002013,62
440070167002014,62
440070167002015,62
440070167002016,62
440070167002017,62
440070167002018,62
440070167002019,62
440070167002020,62
440070167002021,62
440070167002022,62
440070167002023,62
440070167002024,62
440070167002025,62
440070167002026,62
440070167002027,62
440070167002028,62
440070167002029,62
440070167002030,62
440070167002031,62
440070167002032,62
440070167002033,62
440070167002034,62
440070167002035,62
440070167002036,62
440070167002037,62
440070167002038,62
440070167002039,62
440070167002040,62
440070167002041,62
440070167002042,62
440070167002043,62
440070167002044,62
440070169003000,61
440070169003001,61
440070169003002,61
440070169003003,61
440070169003004,61
440070169003005,61
440070169003006,61
440070169003007,61
440070169003008,61
440070169003009,61
440070169003010,61
440070169003011,61
440070170001000,62
440070170001001,62
440070170001002,62
440070170001003,62
440070170001004,62
440070170001005,62
440070170001006,62
440070170001007,62
440070170001008,62
440070170001009,62
440070170001010,62
440070170001011,62
440070170001012,62
440070170001013,62
440070170001014,62
440070170001015,62
440070170001016,62
440070170001017,62
440070170001018,62
440070170001019,62
440070170001020,62
440070170001021,62
440070170001022,62
440070170002000,62
440070170002001,62
440070170002002,62
440070170002003,62
440070170002004,62
440070170002005,62
440070170002006,62
440070170002007,62
440070170002008,62
440070170002009,62
440070170002010,62
440070170002011,62
440070170002012,62
440070170002013,62
440070170002014,62
440070170002015,62
440070170002016,62
440070170002017,62
440070170002018,62
440070170002019,62
440070170002020,62
440070170002021,62
440070170002022,62
440070170002023,62
440070170002024,62
440070170002025,62
440070170002026,62
440070170002027,62
440070170002028,62
440070170002029,62
440070170002030,62
440070170002031,62
440070170002032,62
440070170002033,62
440070170002034,62
440070170002035,62
440070170002036,62
440070170002037,62
440070170002038,62
440070170002039,62
440070170002040,62
440070170002041,62
440070170003000,62
440070170003001,62
440070170003002,62
440070170003003,62
440070170003004,62
440070170003005,62
440070170003006,62
440070170003007,62
440070170003008,62
440070170003009,62
440070170003010,62
440070170003011,62
440070170003012,62
440070170003013,62
440070170003014,62
440070170004000,62
440070170004001,62
440070170004002,62
440070170004003,62
440070170004004,62
440070170004005,62
440070170004006,62
440070170004007,62
440070170004008,62
440070170004009,62
440070170004010,62
440070170004011,62
440070170004012,62
440070170004013,62
440070170004014,62
440070170004015,62
440070170004016,62
440070170004017,62
440070170004018,62
440070170004019,62
440070171001000,62
440070171001001,62
440070171001002,62
440070171001003,62
440070171001004,62
440070171001005,62
440070171001006,62
440070171001007,62
440070171001008,62
440070171001009,62
440070171001010,62
440070171001011,62
440070171001012,62
440070171001013,62
440070171001014,62
440070171001015,62
440070171001016,62
440070171001017,62
440070171001018,62
440070171001019,62
440070171001020,62
440070171001021,62
440070171001022,62
440070171001023,62
440070171001024,62
440070171003000,62
440070171003001,62
440070171003002,62
440070171003003,62
440070171003004,62
440070171003005,62
440070171003006,62
440070171003007,62
440070171003008,62
440070171003009,62
440070171003010,62
440070171003011,62
440070171003012,62
440070171003013,62
440070171003014,62
440070171003015,62
440070171003016,62
440070171003017,62
440070171003018,62
440070171003019,62
440070171003020,62
440070171003021,62
440070171003022,62
440070171003023,62
440070171003024,62
440070171003025,62
440070171003026,62
440070171003027,62
440070171003028,62
440070171003029,62
440070171003030,62
440070171003031,62
440070171003032,62
440070171003033,62
440070171003034,62
440070171003035,62
440070171003036,62
440070171003037,62
440070171003038,62
440070171003039,62
440070171003040,62
440070171004000,62
440070171004001,62
440070171004002,62
440070171004003,62
440070171004004,62
440070171004005,62
440070171004006,62
440070171004007,62
440070171004008,62
440070171004009,62
440070171004010,62
440070171004011,62
440070171004012,62
440070173001000,49
440070173001001,49
440070173001002,49
440070173001003,49
440070173001004,49
440070173001005,49
440070173001006,49
440070173001007,49
440070173001008,49
440070173001009,49
440070173001010,49
440070173001011,49
440070173001012,49
440070173001013,49
440070173001014,49
440070173001015,49
440070173001016,49
440070173001017,49
440070173001018,49
440070173001019,49
440070173002000,49
440070173002001,49
440070173002002,49
440070173002003,49
440070173002004,49
440070173002005,49
440070173002006,49
440070173002007,49
440070173002008,49
440070173002009,49
440070173002010,49
440070173002011,49
440070173002012,49
440070173002013,49
440070173002014,49
440070173002015,49
440070173002016,49
440070173002017,49
440070173002018,49
440070173002019,49
440070173003000,49
440070173003001,49
440070173003002,49
440070173003003,49
440070173003004,49
440070173003005,49
440070173003006,49
440070173003007,49
440070173003008,49
440070173003009,49
440070173003010,49
440070173003011,49
440070173003012,49
440070173003013,49
440070173003014,49
440070173003015,49
440070174001000,49
440070174001001,49
440070174001002,49
440070174001003,49
440070174001004,49
440070174001005,49
440070174001006,49
440070174001007,49
440070174001008,49
440070174001009,49
440070174001010,49
440070174001011,49
440070174001012,49
440070174001013,49
440070174001014,49
440070174001015,49
440070174001016,49
440070174001017,49
440070174001018,49
440070174001019,49
440070174001020,49
440070174001021,49
440070174001022,49
440070174001023,49
440070174002000,49
440070174002001,49
440070174002002,49
440070174002003,49
440070174002004,49
440070174002005,49
440070174002006,49
440070174002007,49
440070174002008,49
440070174002009,49
440070174002010,49
440070174002011,49
440070174002012,49
440070174002013,49
440070174003000,49
440070174003001,49
440070174003002,49
440070174003003,49
440070174003004,49
440070174003005,49
440070174003006,49
440070174003007,49
440070174003008,49
440070174003009,49
440070174003010,49
440070174003011,49
440070174003012,49
440070174003013,49
440070174003014,49
440070175001000,50
440070175001001,50
440070175001002,50
440070175001003,50
440070175001004,50
440070175001005,50
440070175001006,50
440070175001007,50
440070175001008,50
440070175001009,50
440070175001010,50
440070175001011,50
440070175001012,50
440070175001013,50
440070175001014,50
440070175001015,50
440070175001016,50
440070175001017,50
440070175001018,50
440070175001019,50
440070175001020,50
440070175002000,50
440070175002001,50
440070175002002,50
440070175002003,50
440070175002004,50
440070175002005,50
440070175002006,50
440070175002007,50
440070175002008,50
440070175002009,50
440070175002010,50
440070175002011,50
440070175002012,50
440070175002013,50
440070175002014,50
440070175003000,50
440070175003001,50
440070175003002,50
440070175003003,50
440070175003004,50
440070175003005,50
440070175003006,50
440070175003007,50
440070175003008,50
440070175003009,50
440070175003010,50
440070175003011,50
440070175003012,50
440070175003013,50
440070175003014,50
440070175003015,50
440070175003016,50
440070175003017,50
440070175003018,50
440070176002000,50
440070176002001,50
440070176002002,50
440070176002003,50
440070176002004,50
440070176002005,50
440070176002006,50
440070176002007,50
440070176002008,50
440070176002009,50
440070176002010,50
440070176002011,50
440070176002012,50
440070176002013,50
440070176002014,50
440070176002015,50
440070176002016,50
440070176002017,50
440070176002018,50
440070177001000,50
440070177001001,50
440070177001002,50
440070177001003,50
440070177001004,50
440070177001005,50
440070177001006,50
440070177001007,50
440070177001008,50
440070177001009,50
440070177001010,50
440070177001011,50
440070177001012,50
440070177001013,50
440070177001014,50
440070177001015,50
440070177001016,50
440070177001017,50
440070177001018,50
440070177001019,50
440070177001020,50
440070177001021,50
440070177001022,50
440070177001023,50
440070177001024,50
440070177001025,50
440070177001026,50
440070177001027,50
440070177001028,50
440070177001029,50
440070177002000,50
440070177002001,50
440070177002002,50
440070177002003,50
440070177002004,50
440070177002005,50
440070177002006,50
440070177002007,50
440070177002008,50
440070177002009,50
440070177002010,50
440070177002011,50
440070177002012,50
440070177002013,50
440070177002014,50
440070177002015,50
440070177002016,50
440070177002017,50
440070177002018,50
440070177003000,50
440070177003001,50
440070177003002,50
440070177003003,50
440070177003004,50
440070177003005,50
440070177003006,50
440070177003007,50
440070177003008,50
440070177003009,50
440070177003010,50
440070177003011,50
440070177003012,50
440070177003013,50
440070177003014,50
440070177003015,50
440070177003016,50
440070178001000,50
440070178001001,50
440070178001002,50
440070178001003,50
440070178001004,50
440070178001005,50
440070178001006,50
440070178001007,50
440070178001008,50
440070178001009,50
440070178002000,50
440070178002001,50
440070178002002,50
440070178002003,50
440070178002004,50
440070178002005,50
440070178002006,50
440070178002007,50
440070178002008,50
440070179002000,50
440070179002001,50
440070179002002,50
440070179002003,50
440070179002004,50
440070179002005,50
440070179002006,50
440070179002007,50
440070179002008,50
440070179002009,50
440070179002010,50
440070179002011,50
440070179002012,50
440070179002013,50
440070179002014,50
440070179002015,50
440070179002016,50
440070179002017,50
440070180001000,49
440070180001001,49
440070180001002,49
440070180001003,49
440070180001004,49
440070180001005,49
440070180001006,49
440070180001007,49
440070180001008,49
440070180001009,49
440070180001010,49
440070180001011,49
440070180001012,49
440070180001013,49
440070180001014,49
440070180001015,49
440070180001016,49
440070180001017,49
440070180001018,49
440070180001019,49
440070180002000,49
440070180002001,49
440070180002002,49
440070180002003,49
440070180002004,49
440070180002005,49
440070180002006,49
440070180002007,49
440070180002008,49
440070180002009,49
440070180002010,49
440070180002011,49
440070180002012,49
440070180002013,49
440070180002014,49
440070180002015,49
440070180002016,49
440070180002017,49
440070180002018,49
440070180002019,49
440070180002020,49
440070180002021,49
440070180002022,49
440070180002023,49
440070180002024,49
440070180002025,49
440070180002026,49
440070180002027,49
440070180002028,49
440070180002029,49
440070180002030,49
440070180002031,49
440070180002032,49
440070180003000,49
440070180003001,49
440070180003002,49
440070180003003,49
440070180003004,49
440070180003005,49
440070180003006,49
440070180003007,49
440070180003008,49
440070180003009,49
440070180003010,49
440070180003011,49
440070180003012,49
440070180003013,49
440070180003014,49
440070180003015,49
440070180003016,49
440070180003017,49
440070180003018,49
440070180003019,49
440070180003020,49
440070180003021,49
440070181001000,49
440070181001001,49
440070181001002,49
440070181001003,49
440070181001004,49
440070181001005,49
440070181001006,49
440070181001007,49
440070181001008,49
440070181001009,49
440070181001010,49
440070182001000,51
440070182001001,51
440070182001002,51
440070182001003,51
440070182001004,51
440070182001005,51
440070182001006,51
440070182001007,51
440070182002000,51
440070182002001,51
440070182002002,51
440070182002003,51
440070182002004,51
440070182002005,51
440070182002006,51
440070182002007,51
440070182002008,51
440070182002009,51
440070182002010,51
440070182002011,51
440070182002012,51
440070182002013,51
440070182002014,51
440070184001000,51
440070184001001,51
440070184001002,51
440070184001003,51
440070184001004,51
440070184001005,51
440070184001006,51
440070184001007,51
440070184001008,51
440070184001009,51
440070184001010,51
440070184001011,51
440070184001012,51
440070184002000,51
440070184002001,51
440070184002002,51
440070184002003,51
440070184002004,51
440070184002005,51
440070184002006,51
440070184002007,51
440070184002008,51
440070184002009,51
440070184002010,51
440070184002011,51
440070184002012,51
440070184002013,51
440070184002014,51
440070184002015,51
440070184002016,51
440070184002017,51
440070184002018,51
440070184003000,51
440070184003001,51
440070184003002,51
440070184003003,51
440070184003004,51
440070184003005,51
440070184003006,51
440070184003007,51
440070184003008,51
440070184003009,51
440070184003010,51
440070184003011,51
440070184003012,51
440070184003013,51
440070184003014,51
440070184003015,51
440070184004000,51
440070184004001,51
440070184004002,51
440070184004003,51
440070184004004,51
440070184004005,51
440070184004006,51
440070184004007,51
440070184004008,51
440070184004009,51
440070184004010,51
440070184004011,51
440070184005000,51
440070184005001,51
440070184005002,51
440070184005003,51
440070184005004,51
440070184005005,51
440070184005006,51
440070184005007,51
440070184005008,51
440070184005009,51
440070184005010,51
440070184005011,51
440070184005012,51
440070184005013,51
440070184005014,51
440070184005015,51
440070184005016,51
440070184005017,51
440070184005018,51
440070185002000,51
440070185002001,51
440070185002002,51
440070185002003,51
440070185002004,51
440070185002005,51
440070185002006,51
440070185002007,51
440070185002008,51
440070185002009,51
440070185002010,51
440070185002011,51
440070185002012,51
440070185002013,51
440070185002014,51
440070185002015,51
440070185002016,51
440070185002017,51
440070185002018,51
440070185002019,51
440070185002020,51
440070185002021,51
440070185002022,51
440070185002023,51
440070185002024,51
440090415001000,36
440090415001001,36
440090415001002,36
440090415001003,36
440090415001004,36
440090415001005,36
440090415001006,36
440090415001007,36
440090415001008,36
440090415001009,36
440090415001010,36
440090415001011,36
440090415001012,36
440090415001013,36
440090415001014,36
440090415001015,36
440090415001016,36
440090415001017,36
440090415001018,36
440090415001019,36
440090415001020,36
440090415001021,36
440090415001022,36
440090415001023,36
440090415001024,36
440090415001025,36
440090415001026,36
440090415001027,36
440090415001028,36
440090415001029,36
440090415001030,36
440090415001031,36
440090415001032,36
440090415001033,36
440090415001034,36
440090415001035,36
440090415001036,36
440090415001037,36
440090415001038,36
440090415001039,36
440090415001040,36
440090415001041,36
440090415001042,36
440090415001043,36
440090415001044,36
440090415001045,36
440090415001046,36
440090415001047,36
440090415001048,36
440090415001049,36
440090415001050,36
440090415001051,36
440090415001052,36
440090415001053,36
440090415001054,36
440090415001055,36
440090415001056,36
440090415001057,36
440090415001058,36
440090415001059,36
440090415001060,36
440090415001061,36
440090415001062,36
440090415001063,36
440090415001064,36
440090415001065,36
440090415001066,36
440090415001067,36
440090415001068,36
440090415001069,36
440090415001070,36
440090415001071,36
440090415001072,36
440090415001073,36
440090415001074,36
440090415001075,36
440090415001076,36
440090415001077,36
440090415001078,36
440090415001079,36
440090415001080,36
440090415001081,36
440090415001082,36
440090415001083,36
440090415002000,36
440090415002001,36
440090415002002,36
440090415002003,36
440090415002004,36
440090415002005,36
440090415002006,36
440090415002007,36
440090415002008,36
440090415002009,36
440090415002010,36
440090415002011,36
440090415002012,36
440090415002013,36
440090501021000,32
440090501021001,32
440090501021002,32
440090501021003,32
440090501021004,32
440090501021005,32
440090501021006,32
440090501021007,32
440090501021008,32
440090501021009,32
440090501021010,32
440090501021011,32
440090501021012,32
440090501021013,32
440090501021014,32
440090501021015,32
440090501021016,32
440090501021017,32
440090501021018,32
440090501021019,32
440090501021020,32
440090501021021,32
440090501021022,32
440090501021023,32
440090501021024,32
440090501021025,32
440090501021026,32
440090501021027,32
440090501021028,32
440090501021029,32
440090501021030,32
440090501021031,32
440090501021032,32
440090501021033,32
440090501021034,32
440090501031000,31
440090501031001,31
440090501031002,31
440090501031003,31
440090501031004,31
440090501031005,31
440090501031006,31
440090501031007,31
440090501031008,31
440090501031009,31
440090501031010,31
440090501031011,31
440090501031012,31
440090501031013,31
440090501031014,31
440090501031015,31
440090501031016,31
440090501031017,31
440090501031018,31
440090501031019,31
440090501031020,31
440090501031021,31
440090501031022,31
440090501031023,31
440090501031024,31
440090501031025,31
440090501031026,31
440090501031027,31
440090501031028,31
440090501031029,31
440090501031030,31
440090501031031,31
440090501031032,31
440090501031033,31
440090501033000,31
440090501033001,31
440090501033002,31
440090501033003,31
440090501033004,31
440090501033005,31
440090501033006,31
440090501033007,31
440090501033008,31
440090501033009,31
440090501033010,31
440090501033011,31
440090501033012,31
440090501033013,31
440090501033014,31
440090501033015,31
440090501033016,31
440090501033017,31
440090501033018,31
440090501033019,31
440090501033020,31
440090501034000,31
440090501034001,31
440090501034002,31
440090501034003,31
440090501034004,31
440090501034005,31
440090501034006,31
440090501034007,31
440090501034008,31
440090501034009,31
440090501034010,31
440090501034011,31
440090501034012,31
440090501034013,31
440090501034014,31
440090501034015,31
440090501034016,31
440090501034017,31
440090501034018,31
440090501034019,31
440090501035000,31
440090501035001,31
440090501035002,31
440090501035003,31
440090501035004,31
440090501035005,31
440090501035006,31
440090501035007,31
440090501035008,31
440090501035009,31
440090501035010,31
440090501035011,31
440090501035012,31
440090501035013,31
440090501035014,31
440090501035015,31
440090501035016,31
440090501035017,31
440090501035018,31
440090501035019,31
440090501035020,31
440090501035021,31
440090501035022,31
440090501035023,31
440090501035024,31
440090501035025,31
440090501035026,31
440090501035027,31
440090501035028,31
440090501035029,31
440090501035030,31
440090501035031,31
440090501035032,31
440090501035033,31
440090501035034,31
440090501041000,31
440090501041001,31
440090501041002,31
440090501041003,31
440090501041004,31
440090501041005,31
440090501041006,31
440090501041007,31
440090501041008,31
440090501041009,31
440090501041010,31
440090501041011,31
440090501041012,31
440090501041013,31
440090501041014,31
440090501041015,31
440090501041016,31
440090501041017,31
440090501041018,31
440090501041019,31
440090501041020,31
440090501041021,31
440090501041022,31
440090501041023,31
440090501041024,31
440090501041025,31
440090501041026,31
440090501041027,31
440090501041028,31
440090501041029,31
440090501041030,31
440090501041031,31
440090501041032,31
440090501041033,31
440090501041034,31
440090501041035,31
440090501041036,31
440090501041037,31
440090501041038,31
440090501041039,31
440090501041040,31
440090501041041,31
440090501041042,31
440090501041043,31
440090501041044,31
440090501041045,31
440090501041046,31
440090501041047,31
440090501041048,31
440090501041049,31
440090501041050,31
440090501041051,31
440090501041052,31
440090501041053,31
440090501041054,31
440090501041055,31
440090501041056,31
440090501041057,31
440090501041058,31
440090501042000,31
440090501042001,31
440090501042002,31
440090501042003,31
440090501042004,31
440090501042005,31
440090501042006,31
440090501042007,31
440090501042008,31
440090501042009,31
440090501042010,31
440090501042011,31
440090501042012,31
440090501042013,31
440090501042014,31
440090501042015,31
440090501042016,31
440090501042017,31
440090501042018,31
440090501042019,31
440090501042020,31
440090501042021,31
440090501042022,31
440090501042023,31
440090501042024,31
440090501042025,31
440090503012000,32
440090503012001,32
440090503012002,32
440090503012003,32
440090503012004,32
440090503012005,32
440090503012006,32
440090503012007,32
440090503012008,32
440090503012009,32
440090503013000,32
440090503013001,32
440090503013002,32
440090503013003,32
440090503013004,32
440090503013005,32
440090503013006,32
440090503013007,32
440090503013008,32
440090503013009,32
440090503013010,32
440090503013011,32
440090503013012,32
440090503013013,32
440090503013014,32
440090503013015,32
440090503013016,32
440090503013017,32
440090503013018,32
440090503013019,32
440090503013020,32
440090503013021,32
440090503013022,32
440090503013023,32
440090503013024,32
440090503013025,32
440090503013026,32
440090503013027,32
440090503013028,32
440090503021000,32
440090503021001,32
440090503021002,32
440090503021003,32
440090503021004,32
440090503021005,32
440090503021006,32
440090503021007,32
440090503021008,32
440090503021009,32
440090503021010,32
440090503021011,32
440090503021012,32
440090503021013,32
440090503021014,32
440090503021015,32
440090503021016,32
440090503021017,32
440090503021018,32
440090503021019,32
440090503021020,32
440090503021021,32
440090503021022,32
440090503021023,32
440090503021024,32
440090503021025,32
440090503021026,32
440090503021027,32
440090503021028,32
440090503021029,32
440090503021030,32
440090503022000,32
440090503022001,32
440090503022002,32
440090503022003,32
440090503022004,32
440090503022005,32
440090503022006,32
440090503022007,32
440090503022008,32
440090503022009,32
440090503022010,32
440090503023000,32
440090503023001,32
440090503023002,32
440090503023003,32
440090503023004,32
440090503023005,32
440090503023006,32
440090503023007,32
440090503023008,32
440090503023009,32
440090503023010,32
440090503023011,32
440090503023012,32
440090503023013,32
440090503023014,32
440090503023015,32
440090503023016,32
440090503023017,32
440090503023018,32
440090503023019,32
440090503023020,32
440090503023021,32
440090503023022,32
440090503023023,32
440090503023024,32
440090503023025,32
440090503023026,32
440090503023027,32
440090503023028,32
440090503023029,32
440090503023030,32
440090503023031,32
440090503023032,32
440090503023033,32
440090503023034,32
440090503023035,32
440090503023036,32
440090503023037,32
440090504021000,32
440090504021001,32
440090504021002,32
440090504021003,32
440090504021004,32
440090504021005,32
440090504021006,32
440090504021007,32
440090504021008,32
440090504021009,32
440090504021010,32
440090504021011,32
440090504021012,32
440090504021013,32
440090504021014,32
440090504021015,32
440090504021016,32
440090504021017,32
440090504021018,32
440090504021019,32
440090504021020,32
440090504022000,32
440090504022001,32
440090504022002,32
440090504022003,32
440090504022004,32
440090504022005,32
440090504022006,32
440090504022007,32
440090504022008,32
440090504022009,32
440090504022010,32
440090504022011,32
440090504022012,32
440090504022013,32
440090504022014,32
440090504022015,32
440090504022016,32
440090504022017,32
440090504022018,32
440090504022019,32
440090504022020,32
440090504022021,32
440090504022022,32
440090504022023,32
440090504022024,32
440090504022025,32
440090504022026,32
440090504022027,32
440090504022028,32
440090504022029,32
440090504022030,32
440090504022031,32
440090504022032,32
440090504022033,32
440090504022034,32
440090504022035,32
440090504022036,32
440090504022037,32
440090504022038,32
440090504022039,32
440090504022040,32
440090504022041,32
440090504022042,32
440090504022043,32
440090504022044,32
440090504022045,32
440090504022046,32
440090504022047,32
440090504022048,32
440090504022049,32
440090504022050,32
440090504022051,32
440090504022052,32
440090504023000,32
440090504023001,32
440090504023002,32
440090504023003,32
440090504023004,32
440090504023005,32
440090504023006,32
440090504023007,32
440090504023008,32
440090504023009,32
440090504023010,32
440090504023011,32
440090504023012,32
440090504023013,32
440090504023014,32
440090504023015,32
440090504023016,32
440090504023017,32
440090504023018,32
440090504023019,32
440090504023020,32
440090504023021,32
440090504023022,32
440090504023023,32
440090504023024,32
440090504023025,32
440090504023026,32
440090504023027,32
440090504023028,32
440090504023029,32
440090504023030,32
440090504023031,32
440090504023032,32
440090504023033,32
440090504023034,32
440090504023035,32
440090504023036,32
440090504023037,32
440090504023038,32
440090504023039,32
440090504023040,32
440090504023041,32
440090504023042,32
440090504023043,32
440090504023044,32
440090504023045,32
440090504023046,32
440090504023047,32
440090504023048,32
440090504023049,32
440090504023050,32
440090504023051,32
440090504023052,32
440090504023053,32
440090504023054,32
440090504023055,32
440090504023056,32
440090504023057,32
440090504023058,32
440090504023059,32
440090504023060,32
440090504023061,32
440090504023062,32
440090504023063,32
440090504023064,32
440090505002000,39
440090505002001,39
440090505002002,39
440090505002003,39
440090505002004,39
440090505002005,39
440090505002006,39
440090505002007,39
440090505002008,39
440090505002009,39
440090505002010,39
440090505002011,39
440090505002012,39
440090505002013,39
440090505002014,39
440090505002015,39
440090505002016,39
440090505002017,39
440090505002018,39
440090505002019,39
440090505002020,39
440090505002021,39
440090505002022,39
440090505002023,39
440090505002024,39
440090505002025,39
440090505002026,39
440090505002027,39
440090505002028,39
440090505002029,39
440090505002030,39
440090505002031,39
440090505002032,39
440090505002033,39
440090505002034,39
440090505002035,39
440090505002036,39
440090505002037,39
440090505002038,39
440090505002039,39
440090505002040,39
440090505002041,39
440090505002042,39
440090505002043,39
440090505002044,39
440090505002045,39
440090505002046,39
440090505002047,39
440090505002048,39
440090505002049,39
440090505002050,39
440090505002051,39
440090505002052,39
440090505002053,39
440090505002054,39
440090505002055,39
440090505002056,39
440090505002057,39
440090505002058,39
440090505002059,39
440090505002060,39
440090505002061,39
440090505002062,39
440090505002063,39
440090505002064,39
440090505002065,39
440090505002066,39
440090505002067,39
440090505002068,39
440090505002069,39
440090505002070,39
440090505002071,39
440090505002072,39
440090505002073,39
440090505002074,39
440090505002075,39
440090505002076,39
440090505002077,39
440090505002078,39
440090505002079,39
440090505002080,39
440090505002081,39
440090505002082,39
440090505002083,39
440090505002084,39
440090505002085,39
440090505002086,39
440090505002087,39
440090505002088,39
440090505002089,39
440090505002090,39
440090505002091,39
440090505002092,39
440090505002093,39
440090506001000,39
440090506001001,39
440090506001002,39
440090506001003,39
440090506001004,39
440090506001005,39
440090506001006,39
440090506001007,39
440090506001008,39
440090506001009,39
440090506001010,39
440090506001011,39
440090506001012,39
440090506001013,39
440090506001014,39
440090506001015,39
440090506001016,39
440090506001017,39
440090506001018,39
440090506001019,39
440090506001020,39
440090506001021,39
440090506001022,39
440090506001023,39
440090506001024,39
440090506001025,39
440090506001026,39
440090506001027,39
440090506001028,39
440090506001029,39
440090506001030,39
440090506001031,39
440090506001032,39
440090506001033,39
440090506001034,39
440090506001035,39
440090506001036,39
440090506001037,39
440090506001038,39
440090506001039,39
440090506001040,39
440090506001041,39
440090506001042,39
440090506001043,39
440090506001044,39
440090506001045,39
440090506001046,39
440090506001047,39
440090506001048,39
440090506001049,39
440090506001050,39
440090506001051,39
440090506001052,39
440090506001053,39
440090506001054,39
440090506001055,39
440090506001056,39
440090506001057,39
440090506001058,39
440090506001059,39
440090506001060,39
440090506001061,39
440090506001062,39
440090506001063,39
440090506001064,39
440090506001065,39
440090506001066,39
440090506001067,39
440090506001068,39
440090506001069,39
440090506001070,39
440090506001071,39
440090506001072,39
440090506001073,39
440090506001074,39
440090506001075,39
440090506001076,39
440090506001077,39
440090506001078,39
440090506002000,39
440090506002001,39
440090506002002,39
440090506002003,39
440090506002004,39
440090506002005,39
440090506002006,39
440090506002007,39
440090506002008,39
440090506002009,39
440090506002010,39
440090506002011,39
440090506002012,39
440090506002013,39
440090506002014,39
440090506002015,39
440090506002016,39
440090506002017,39
440090506002018,39
440090506002019,39
440090506002020,39
440090506002021,39
440090506002022,39
440090506002023,39
440090506002024,39
440090506002025,39
440090506002026,39
440090506002027,39
440090506002028,39
440090506002029,39
440090506002030,39
440090506002031,39
440090506002032,39
440090506002033,39
440090506002034,39
440090506002035,39
440090506002036,39
440090506002037,39
440090506002038,39
440090506002039,39
440090506002040,39
440090506002041,39
440090506002042,39
440090506002043,39
440090506002044,39
440090506002045,39
440090506002046,39
440090506002047,39
440090506002048,39
440090506002049,39
440090506002050,39
440090506002051,39
440090506002052,39
440090506002053,39
440090506002054,39
440090506002055,39
440090506002056,39
440090506002057,39
440090506002058,39
440090506002059,39
440090506002060,39
440090506002061,39
440090506002062,39
440090506002063,39
440090506002064,39
440090506002065,39
440090506002066,39
440090506002067,39
440090506002068,39
440090506002069,39
440090506002070,39
440090506002071,39
440090506002072,39
440090506002073,39
440090506002074,39
440090506002075,39
440090506002076,39
440090506002077,39
440090506002078,39
440090506002079,39
440090506002080,39
440090506002081,39
440090506002082,39
440090506002083,39
440090506002084,39
440090506002085,39
440090506002086,39
440090506002087,39
440090506002088,39
440090506002089,39
440090506002090,39
440090506002091,39
440090506002092,39
440090506002093,39
440090506002094,39
440090506002095,39
440090506002096,39
440090506002097,39
440090506003000,39
440090506003001,39
440090506003002,39
440090506003003,39
440090506003004,39
440090506003005,39
440090506003006,39
440090506003007,39
440090506003008,39
440090506003009,39
440090506003010,39
440090506003011,39
440090506003012,39
440090506003013,39
440090506003014,39
440090506003015,39
440090506003016,39
440090506003017,39
440090506003018,39
440090506003019,39
440090506003020,39
440090506003021,39
440090506003022,39
440090506003023,39
440090506003024,39
440090506003025,39
440090506003026,39
440090506003027,39
440090506003028,39
440090506003029,39
440090506003030,39
440090506003031,39
440090506003032,39
440090506003033,39
440090506003034,39
440090506003035,39
440090506003036,39
440090506003037,39
440090506003038,39
440090506003039,39
440090506003040,39
440090506003041,39
440090506003042,39
440090506003043,39
440090506003044,39
440090506003045,39
440090506003046,39
440090506003047,39
440090506003048,39
440090506003049,39
440090506003050,39
440090506003051,39
440090506004000,39
440090506004001,39
440090506004002,39
440090506004003,39
440090506004004,39
440090506004005,39
440090506004006,39
440090506004007,39
440090506004008,39
440090506004009,39
440090506004010,39
440090506004011,39
440090506004012,39
440090506004013,39
440090506004014,39
440090506004015,39
440090506004016,39
440090506004017,39
440090506004018,39
440090506004019,39
440090506004020,39
440090506004021,39
440090506004022,39
440090506004023,39
440090506004024,39
440090506004025,39
440090506004026,39
440090506004027,39
440090506004028,39
440090506004029,39
440090506004030,39
440090506004031,39
440090506004032,39
440090506004033,39
440090506004034,39
440090506004035,39
440090506004036,39
440090506004037,39
440090506004038,39
440090506004039,39
440090506004040,39
440090506004041,39
440090506004042,39
440090506004043,39
440090506004044,39
440090506004045,39
440090506004046,39
440090506004047,39
440090506004048,39
440090506004049,39
440090506004050,39
440090507002000,38
440090507002001,38
440090507002002,38
440090507002003,38
440090507002004,38
440090507002005,38
440090507002006,38
440090507002007,38
440090507002008,38
440090507002009,38
440090507002010,38
440090507002011,38
440090507002012,38
440090507002013,38
440090507002014,38
440090507002015,38
440090507002016,38
440090507002017,38
440090507002018,38
440090507002019,38
440090507002020,38
440090507002021,38
440090507002022,38
440090507002023,38
440090507002024,38
440090507002025,38
440090507002026,38
440090507002027,38
440090507002028,38
440090507002029,38
440090507002030,38
440090507002031,38
440090507004000,38
440090507004001,38
440090507004002,38
440090507004003,38
440090507004004,38
440090507004005,38
440090507004006,38
440090507004007,38
440090507004008,38
440090507004009,38
440090507004010,38
440090507004011,38
440090507004012,38
440090507004013,38
440090507004014,38
440090507004015,38
440090507004016,38
440090507004017,38
440090507004018,38
440090507004019,38
440090507004020,38
440090507004021,38
440090507004022,38
440090507004023,38
440090507004024,38
440090507004025,38
440090507004026,38
440090507004027,38
440090507004028,38
440090507004029,38
440090507004030,38
440090507004031,38
440090507004032,38
440090507004033,38
440090507004034,38
440090507004035,38
440090507004036,38
440090507004037,38
440090507004038,38
440090507004039,38
440090507004040,38
440090507004041,38
440090507004042,38
440090507004043,38
440090507004044,38
440090507004045,38
440090507004046,38
440090507004047,38
440090507004048,38
440090507004049,38
440090507004050,38
440090507004051,38
440090507004052,38
440090507004053,38
440090507005000,38
440090507005001,38
440090507005002,38
440090507005003,38
440090507005004,38
440090507005005,38
440090507005006,38
440090507005007,38
440090507005008,38
440090507005009,38
440090507005010,38
440090507005011,38
440090507005012,38
440090507005013,38
440090507005014,38
440090507005015,38
440090507005016,38
440090507005017,38
440090507005018,38
440090507005019,38
440090507005020,38
440090507005021,38
440090507005022,38
440090507005023,38
440090507005024,38
440090507005025,38
440090507005026,38
440090507005027,38
440090507006000,38
440090507006001,38
440090507006002,38
440090507006003,38
440090507006004,38
440090507006005,38
440090507006006,38
440090507006007,38
440090507006008,38
440090507006009,38
440090507006010,38
440090507006011,38
440090507006012,38
440090507006013,38
440090507006014,38
440090507006015,38
440090507006016,38
440090507006017,38
440090507006018,38
440090507006019,38
440090507006020,38
440090507006021,38
440090507006022,38
440090507006023,38
440090507006024,38
440090507006025,38
440090507006026,38
440090507006027,38
440090507006028,38
440090507006029,38
440090507006030,38
440090507006031,38
440090508011000,38
440090508011001,38
440090508011002,38
440090508011003,38
440090508011004,38
440090508011005,38
440090508011006,38
440090508011007,38
440090508011008,38
440090508011009,38
440090508011010,38
440090508011011,38
440090508011012,38
440090508011013,38
440090508011014,38
440090508011015,38
440090508011016,38
440090508011017,38
440090508011018,38
440090508011019,38
440090508011020,38
440090508011021,38
440090508011022,38
440090508011023,38
440090508011024,38
440090508011025,38
440090508011026,38
440090508011027,38
440090508011028,38
440090508011029,38
440090508011030,38
440090508012000,37
440090508012001,37
440090508012002,37
440090508012003,37
440090508012004,37
440090508012005,37
440090508012006,37
440090508012007,37
440090508012008,37
440090508012009,37
440090508012010,37
440090508012011,37
440090508012012,37
440090508012013,37
440090508012014,37
440090508012015,37
440090508013000,37
440090508013001,37
440090508013002,37
440090508013003,37
440090508013004,37
440090508013005,37
440090508013006,37
440090508013007,37
440090508013008,37
440090508013009,37
440090508013010,37
440090508013011,37
440090508013012,37
440090508013013,37
440090508014000,37
440090508014001,37
440090508014002,37
440090508014003,37
440090508014004,37
440090508014005,37
440090508014006,37
440090508014007,37
440090508014008,37
440090508014009,37
440090508014010,37
440090508014011,37
440090508014012,37
440090508014013,37
440090508014014,37
440090508014015,37
440090508014016,37
440090508014017,37
440090508014018,37
440090508014019,37
440090508014020,37
440090508015000,38
440090508015001,38
440090508015002,38
440090508015003,38
440090508015004,38
440090508015005,38
440090508015006,38
440090508015007,38
440090508015008,38
440090508015009,38
440090508015010,38
440090508015011,38
440090508015012,38
440090508015013,38
440090508015014,38
440090508015015,38
440090508015016,38
440090508015017,38
440090508015018,38
440090508015019,38
440090508015020,38
440090508021000,37
440090508021001,37
440090508021002,37
440090508021003,37
440090508021004,37
440090508021005,37
440090508021006,37
440090508021007,37
440090508021008,37
440090508021009,37
440090508021010,37
440090508021011,37
440090508021012,37
440090508021013,37
440090508021014,37
440090508021015,37
440090508021016,37
440090508021017,37
440090508021018,37
440090508021019,37
440090508021020,37
440090508021021,37
440090508021022,37
440090508021023,37
440090508021024,37
440090508021025,37
440090508021026,37
440090508021027,37
440090508021028,37
440090508021029,37
440090508021030,37
440090508022000,37
440090508022001,37
440090508022002,37
440090508022003,37
440090508022004,37
440090508022005,37
440090508022006,37
440090508022007,37
440090508022008,37
440090508022009,37
440090508022010,37
440090508022011,37
440090508022012,37
440090508022013,37
440090508022014,37
440090508022015,37
440090508022016,37
440090508022017,37
440090508022018,37
440090508022019,37
440090508022020,37
440090508022021,37
440090508022022,37
440090508022023,37
440090508022024,37
440090508022025,37
440090508022026,37
440090508022027,37
440090508022028,37
440090508022029,37
440090508022030,37
440090508022031,37
440090508022032,37
440090508022033,37
440090508022034,37
440090508022035,37
440090508022036,37
440090508022037,37
440090508022038,37
440090508022039,37
440090509011000,38
440090509011001,38
440090509011002,38
440090509011003,38
440090509011004,38
440090509011005,38
440090509011006,38
440090509011007,38
440090509011008,38
440090509011009,38
440090509011010,38
440090509011011,38
440090509011012,38
440090509011013,38
440090509011014,38
440090509011015,38
440090509011016,38
440090509011017,38
440090509011018,38
440090509011019,38
440090509011020,38
440090509011021,38
440090509011022,38
440090509011023,38
440090509011024,38
440090509011025,38
440090509011026,38
440090509011027,38
440090509011028,38
440090509011029,38
440090509011030,38
440090509011031,38
440090509011032,38
440090509011033,38
440090509011034,38
440090509011035,38
440090509011036,38
440090509011037,38
440090509011038,38
440090509011039,38
440090509011040,38
440090509011041,38
440090509011042,38
440090509023000,37
440090509023001,37
440090509023002,37
440090509023003,37
440090509023004,37
440090509023005,37
440090509023006,37
440090509023007,37
440090509023008,37
440090509023009,37
440090509023010,37
440090509023011,37
440090509023012,37
440090509023013,37
440090509023014,37
440090509023015,37
440090509023016,37
440090509023017,37
440090509024000,37
440090509024001,37
440090509024002,37
440090509024003,37
440090509024004,37
440090509024005,37
440090509024006,37
440090509024007,37
440090509024008,37
440090509024009,37
440090509024010,37
440090509024011,37
440090509024012,37
440090509024013,37
440090509024014,37
440090509024015,37
440090509024016,37
440090509024017,37
440090509024018,37
440090510001000,37
440090510001001,37
440090510001002,37
440090510001003,37
440090510001004,37
440090510001005,37
440090510001006,37
440090510001007,37
440090510001008,37
440090510001009,37
440090510001010,37
440090510001011,37
440090510001012,37
440090510001013,37
440090510001014,37
440090510001015,37
440090510001016,37
440090510001017,37
440090510001018,37
440090510001019,37
440090510001020,37
440090510001021,37
440090510001022,37
440090510001023,37
440090510001024,37
440090510001025,37
440090510001026,37
440090510001027,37
440090510001028,37
440090510001029,37
440090510001030,37
440090510001031,37
440090510001032,37
440090510001033,37
440090510001034,37
440090510001035,37
440090510001036,37
440090510001037,37
440090510001038,37
440090510001039,37
440090510001040,37
440090510001041,37
440090510001042,37
440090510001043,37
440090510001044,37
440090510001045,37
440090510001046,37
440090510003000,37
440090510003001,37
440090510003002,37
440090510003003,37
440090510003004,37
440090510003005,37
440090510003006,37
440090510003007,37
440090510003008,37
440090510003009,37
440090510003010,37
440090510003011,37
440090510003012,37
440090510003013,37
440090510003014,37
440090510003015,37
440090510003016,37
440090510003017,37
440090510003018,37
440090510003019,37
440090510003020,37
440090510003021,37
440090510003022,37
440090510003023,37
440090510003024,37
440090510004000,37
440090510004001,37
440090510004002,37
440090510004003,37
440090510004004,37
440090510004005,37
440090510004006,37
440090510004007,37
440090510004008,37
440090510004009,37
440090510004010,37
440090510004011,37
440090510004012,37
440090510004013,37
440090510004014,37
440090510004015,37
440090510004016,37
440090510004017,37
440090510004018,37
440090510004019,37
440090510004020,37
440090510004021,37
440090510004022,37
440090510004023,37
440090510004024,37
440090510004025,37
440090510005000,37
440090510005001,37
440090510005002,37
440090510005003,37
440090510005004,37
440090510005005,37
440090510005006,37
440090510005007,37
440090510005008,37
440090510005009,37
440090510005010,37
440090510005011,37
440090510005012,37
440090510005013,37
440090510005014,37
440090510005015,37
440090510005016,37
440090510005017,37
440090510005018,37
440090510005019,37
440090510005020,37
440090510005021,37
440090510005022,37
440090510005023,37
440090510005024,37
440090510005025,37
440090511011000,36
440090511011001,36
440090511011002,36
440090511011003,36
440090511011004,36
440090511011005,36
440090511011006,36
440090511011007,36
440090511011008,36
440090511011009,36
440090511011010,36
440090511011011,36
440090511011012,36
440090511011013,36
440090511011014,36
440090511011015,36
440090511011016,36
440090511011017,36
440090511011018,36
440090511011019,36
440090511011020,36
440090511011021,36
440090511011022,36
440090511011023,36
440090511011024,36
440090511011025,36
440090511011026,36
440090511011027,36
440090511011028,36
440090511011029,36
440090511011030,36
440090511011031,36
440090511011032,36
440090511011033,36
440090511011034,36
440090511011035,36
440090511011036,36
440090511011037,36
440090511011038,36
440090511012000,36
440090511012001,36
440090511012002,36
440090511012003,36
440090511012004,36
440090511012005,36
440090511012006,36
440090511012007,36
440090511012008,36
440090511012009,36
440090511012010,36
440090511012011,36
440090511012012,36
440090511012013,36
440090511012014,36
440090511012015,36
440090511012016,36
440090511012017,36
440090511012018,36
440090511012019,36
440090511012020,36
440090511012021,36
440090511012022,36
440090511012023,36
440090511012024,36
440090511012025,36
440090511012026,36
440090511012027,36
440090511012028,36
440090511012029,36
440090511012030,36
440090511012031,36
440090511012032,36
440090511012033,36
440090511012034,36
440090511012035,36
440090511012036,36
440090511012037,36
440090511012038,36
440090511012039,36
440090511012040,36
440090511012041,36
440090511012042,36
440090511012043,36
440090511012044,36
440090511012045,36
440090511012046,36
440090511013000,36
440090511013001,36
440090511013002,36
440090511013003,36
440090511013004,36
440090511013005,36
440090511013006,36
440090511013007,36
440090511013008,36
440090511013009,36
440090511013010,36
440090511013011,36
440090511013012,36
440090511013013,36
440090511013014,36
440090511013015,36
440090511013016,36
440090511013017,36
440090511013018,36
440090511013019,36
440090511013020,36
440090511013021,36
440090511013022,36
440090511013023,36
440090511013024,36
440090511013025,36
440090511013026,36
440090511013027,36
440090511013028,36
440090511013029,36
440090511013030,36
440090511013031,36
440090511013032,36
440090511013033,36
440090511013034,36
440090511013035,36
440090511013036,36
440090511013037,36
440090511013038,36
440090511013039,36
440090511013040,36
440090511013041,36
440090511013042,36
440090511013043,36
440090511013044,36
440090511013045,36
440090511013046,36
440090511013047,36
440090511013048,36
440090511013049,36
440090511013050,36
440090511013051,36
440090511013052,36
440090511013053,36
440090511013054,36
440090511013055,36
440090511013056,36
440090511013057,36
440090511013058,36
440090511013059,36
440090511013060,36
440090511013061,36
440090511013062,36
440090511013063,36
440090511013064,36
440090511013065,36
440090511013066,36
440090511013067,36
440090511013068,36
440090511013069,36
440090511013070,36
440090511013071,36
440090511013072,36
440090511013073,36
440090511013074,36
440090511013075,36
440090511013076,36
440090511013077,36
440090511013078,36
440090511013079,36
440090511013080,36
440090511013081,36
440090511013082,36
440090511013083,36
440090511013084,36
440090511013085,36
440090511013086,36
440090511013087,36
440090511013088,36
440090511013089,36
440090511013090,36
440090511013091,36
440090511013092,36
440090511013093,36
440090511013094,36
440090511014000,36
440090511014001,36
440090511014002,36
440090511014003,36
440090511014004,36
440090511014005,36
440090511014006,36
440090511014007,36
440090511014008,36
440090511014009,36
440090511014010,36
440090511014011,36
440090511014012,36
440090511014013,36
440090511014014,36
440090511014015,36
440090511014016,36
440090511014017,36
440090511014018,36
440090511014019,36
440090511014020,36
440090511014021,36
440090511014022,36
440090511014023,36
440090511014024,36
440090511014025,36
440090511014026,36
440090511014027,36
440090511014028,36
440090511014029,36
440090511014030,36
440090511014031,36
440090511014032,36
440090511014033,36
440090511014034,36
440090511014035,36
440090511014036,36
440090511014037,36
440090511014038,36
440090511014039,36
440090511014040,36
440090511014041,36
440090511014042,36
440090511014043,36
440090511014044,36
440090511014045,36
440090511014046,36
440090511014047,36
440090511014048,36
440090511014049,36
440090511014050,36
440090511014051,36
440090511014052,36
440090511014053,36
440090511014054,36
440090511014055,36
440090511014056,36
440090511014057,36
440090511014058,36
440090511014059,36
440090511014060,36
440090511014061,36
440090511014062,36
440090511014063,36
440090511014064,36
440090511014065,36
440090511014066,36
440090511014067,36
440090511014068,36
440090511014069,36
440090511014070,36
440090511014071,36
440090511014072,36
440090511014073,36
440090511014074,36
440090511014075,36
440090511014076,36
440090511014077,36
440090511014078,36
440090511014079,36
440090511014080,36
440090511014081,36
440090511014082,36
440090511014083,36
440090511014084,36
440090511014085,36
440090511014086,36
440090511014087,36
440090511014088,36
440090511014089,36
440090511014090,36
440090511014091,36
440090511014092,36
440090511014093,36
440090511014094,36
440090511014095,36
440090511014096,36
440090511014097,36
440090511014098,36
440090511014099,36
440090511014100,36
440090511014101,36
440090511014102,36
440090511014103,36
440090511014104,36
440090511014105,36
440090511014106,36
440090511014107,36
440090511014108,36
440090511014109,36
440090511014110,36
440090511014111,36
440090511014112,36
440090511014113,36
440090511014114,36
440090511014115,36
440090511014116,36
440090511014117,36
440090511014118,36
440090511014119,36
440090511014120,36
440090511014121,36
440090511014122,36
440090511014123,36
440090511014124,36
440090511021000,36
440090511021001,36
440090511021002,36
440090511021003,36
440090511021004,36
440090511021005,36
440090511021006,36
440090511021007,36
440090511021008,36
440090511021009,36
440090511021010,36
440090511021011,36
440090511021012,36
440090511021013,36
440090511021014,36
440090511021015,36
440090511021016,36
440090511021017,36
440090511021018,36
440090511021019,36
440090511021020,36
440090511021021,36
440090511021022,36
440090511021023,36
440090511021024,36
440090511021025,36
440090511021026,36
440090511021027,36
440090511021028,36
440090511021029,36
440090511021030,36
440090511021031,36
440090511021032,36
440090511021033,36
440090511021034,36
440090511021035,36
440090511021036,36
440090511021037,36
440090511021038,36
440090511021039,36
440090511021040,36
440090511021041,36
440090511021042,36
440090511021043,36
440090511021044,36
440090511021045,36
440090511021046,36
440090511021047,36
440090511021048,36
440090511021049,36
440090511021050,36
440090511021051,36
440090511021052,36
440090511021053,36
440090511021054,36
440090511021055,36
440090511021056,36
440090511021057,36
440090511021058,36
440090511021059,36
440090511021060,36
440090511021061,36
440090511021062,36
440090511022000,36
440090511022001,36
440090511022002,36
440090511022003,36
440090511022004,36
440090511022005,36
440090511022006,36
440090511022007,36
440090511022008,36
440090511022009,36
440090511022010,36
440090511022011,36
440090511022012,36
440090511022013,36
440090511022014,36
440090511022015,36
440090511022016,36
440090511022017,36
440090511022018,36
440090511022019,36
440090511022020,36
440090511022021,36
440090511022022,36
440090511022023,36
440090511022024,36
440090511023000,36
440090511023001,36
440090511023002,36
440090511023003,36
440090511023004,36
440090511023005,36
440090511023006,36
440090511023007,36
440090511023008,36
440090511023009,36
440090511023010,36
440090511023011,36
440090511023012,36
440090511023013,36
440090511023014,36
440090511023015,36
440090511023016,36
440090511023017,36
440090511023018,36
440090511023019,36
440090511023020,36
440090511023021,36
440090511023022,36
440090511023023,36
440090511023024,36
440090511023025,36
440090511023026,36
440090511023027,36
440090512021000,34
440090512021001,34
440090512021002,34
440090512021003,34
440090512021004,34
440090512021005,34
440090512021006,34
440090512021007,34
440090512021008,34
440090512021009,34
440090512021010,34
440090512021011,34
440090512021012,34
440090512021013,34
440090512021014,34
440090512021015,34
440090512021016,34
440090512021017,34
440090512021018,34
440090512021019,34
440090512021020,34
440090512021021,34
440090512021022,34
440090512021023,34
440090512021024,34
440090512021025,34
440090512021026,34
440090512021027,34
440090512021028,34
440090512021029,34
440090512021030,34
440090512021031,34
440090512021032,34
440090512021033,34
440090512021034,34
440090512021035,34
440090512021036,34
440090512021037,34
440090512021038,34
440090512021039,34
440090512021040,34
440090512021041,34
440090512021042,34
440090512021043,34
440090512021044,34
440090512021045,34
440090512021046,34
440090512021047,34
440090512021048,34
440090512021049,34
440090512021050,34
440090512021051,34
440090512021052,34
440090512021053,34
440090512021054,34
440090512021055,34
440090512022000,34
440090512022001,34
440090512022002,34
440090512022003,34
440090512022004,34
440090512022005,34
440090512022006,34
440090512022007,34
440090512022008,34
440090512022009,34
440090512022010,34
440090512022011,34
440090512022012,34
440090512022013,34
440090512022014,34
440090512022015,34
440090512022016,34
440090512022017,34
440090512022018,34
440090512022019,34
440090512022020,34
440090512022021,34
440090512022022,34
440090512022023,34
440090512022024,34
440090512022025,34
440090512022026,34
440090512023000,34
440090512023001,34
440090512023002,34
440090512023003,34
440090512023004,34
440090512023005,34
440090512023006,34
440090512023007,34
440090512023008,34
440090512023009,34
440090512023010,34
440090512023011,34
440090512023012,34
440090512023013,34
440090512023014,34
440090512023015,34
440090512024000,33
440090512024001,33
440090512024002,33
440090512024003,33
440090512024004,33
440090512024005,33
440090512024006,33
440090512024007,33
440090512024008,33
440090512024009,33
440090512024010,33
440090512024011,33
440090512024012,33
440090512024013,33
440090512024014,33
440090512024015,33
440090512024016,33
440090512024017,33
440090512024018,33
440090512024019,33
440090512024020,33
440090512024021,33
440090512024022,33
440090512024023,33
440090512024024,33
440090512024025,33
440090512024026,33
440090512024027,33
440090512024028,33
440090512024029,33
440090512024030,33
440090513022000,36
440090513022001,36
440090513022002,36
440090513022003,36
440090513022004,36
440090513022005,36
440090513022006,36
440090513022007,36
440090513022008,36
440090513022009,36
440090513022010,36
440090513022011,36
440090513022012,36
440090513022013,36
440090513023000,36
440090513023001,36
440090513023002,36
440090513023003,36
440090513023004,36
440090513023005,36
440090513023006,36
440090513023007,36
440090513023008,36
440090513023009,36
440090513023010,36
440090513024000,36
440090513024001,36
440090513024002,36
440090513024003,36
440090513024004,36
440090513024005,36
440090513024006,36
440090513024007,36
440090513024008,36
440090513024009,36
440090513024010,36
440090513024011,36
440090513024012,36
440090513024013,36
440090513024014,36
440090513024015,36
440090513024016,36
440090513024017,36
440090513024018,36
440090513024019,36
440090513024020,36
440090513024021,36
440090513024022,36
440090513024023,36
440090513024024,36
440090513024025,36
440090513024026,36
440090513024027,36
440090513025000,36
440090513025001,36
440090513025002,36
440090513025003,36
440090513025004,36
440090513025005,36
440090513025006,36
440090513025007,36
440090513025008,36
440090513025009,36
440090513025010,36
440090513025011,36
440090513025012,36
440090513025013,36
440090513025014,36
440090513025015,36
440090513025016,36
440090513025017,36
440090513025018,36
440090513025019,36
440090513025020,36
440090513025021,36
440090513025022,36
440090513025023,36
440090513025024,36
440090513025025,36
440090513025026,36
440090513025027,36
440090513025028,36
440090513025029,36
440090513025030,36
440090513025031,36
440090513025032,36
440090513025033,36
440090513025034,36
440090513025035,36
440090513025036,36
440090513025037,36
440090513025038,36
440090513025039,36
440090513025040,36
440090513025041,36
440090513025042,36
440090513025043,36
440090513025044,36
440090513025045,36
440090513025046,36
440090513051000,33
440090513051001,33
440090513051002,33
440090513051003,33
440090513051004,33
440090513051005,33
440090513051006,33
440090513051007,33
440090513051008,33
440090513051009,33
440090513051010,33
440090513051011,33
440090513051012,33
440090513051013,33
440090513051014,33
440090513051015,33
440090513051016,33
440090513051017,33
440090513051018,33
440090513051019,33
440090513051020,33
440090513051021,33
440090513051022,33
440090513051023,33
440090513051024,33
440090513051025,33
440090513051026,33
440090513051027,33
440090513051028,33
440090513051029,33
440090513051030,33
440090513051031,33
440090513051032,33
440090513051033,33
440090513051034,33
440090513051035,33
440090513051036,33
440090513051037,33
440090513051038,33
440090513051039,33
440090513051040,33
440090513051041,33
440090513051042,33
440090513051043,33
440090513051044,33
440090513051045,33
440090513051046,33
440090513051047,33
440090513051048,33
440090513052000,33
440090513052001,33
440090513052002,33
440090513052003,33
440090513052004,33
440090513052005,33
440090513052006,33
440090513052007,33
440090513052008,33
440090513052009,33
440090513052010,33
440090513052011,33
440090513052012,33
440090513052013,33
440090513052014,33
440090513052015,33
440090513052016,33
440090513052017,33
440090513052018,33
440090513052019,33
440090513052020,33
440090513052021,33
440090513052022,33
440090513052023,33
440090513052024,33
440090513052025,33
440090513052026,33
440090513052027,33
440090513052028,33
440090513052029,33
440090513052030,33
440090513052031,33
440090513052032,33
440090513052033,33
440090513052034,33
440090513052035,33
440090513052036,33
440090513052037,33
440090513052038,33
440090513052039,33
440090513052040,33
440090513052041,33
440090513052042,33
440090513052043,33
440090513052044,33
440090513052045,33
440090513052046,33
440090513061000,35
440090513061001,35
440090513061002,35
440090513061003,35
440090513061004,35
440090513061005,35
440090513061006,35
440090513061007,35
440090513061008,35
440090513061009,35
440090513061010,35
440090513061011,35
440090513061012,35
440090513061013,35
440090513061014,35
440090513061015,35
440090513061016,35
440090513061017,35
440090513061018,35
440090513061019,35
440090513061020,35
440090513061021,35
440090513061022,35
440090513061023,35
440090513061024,35
440090513061025,35
440090513061026,35
440090513061027,35
440090513061028,35
440090513061029,35
440090513061030,35
440090513061031,35
440090513061032,35
440090513061033,35
440090513061034,35
440090513061035,35
440090513061036,35
440090513061037,35
440090513061038,35
440090513061039,35
440090513061040,35
440090513061041,35
440090513061042,35
440090513061043,35
440090513061044,35
440090513061045,35
440090513061046,35
440090513061047,35
440090513061048,35
440090513061049,35
440090513061050,35
440090513061051,35
440090513061052,35
440090513061053,35
440090513061054,35
440090513061055,35
440090513061056,35
440090513061057,35
440090513061058,35
440090513061059,35
440090513061060,35
440090513061061,35
440090513061062,35
440090513061063,35
440090513061064,35
440090513061065,35
440090513061066,35
440090513061067,35
440090513061068,35
440090513061069,35
440090513061070,35
440090513061071,35
440090513061072,35
440090513061073,35
440090513061074,35
440090513061075,35
440090513061076,35
440090513061077,35
440090513061078,35
440090513061079,35
440090513061080,35
440090513061081,35
440090513061082,35
440090513061083,35
440090513061084,35
440090513061085,35
440090513061086,35
440090514001000,35
440090514001001,35
440090514001002,35
440090514001003,35
440090514001004,35
440090514001005,35
440090514001006,35
440090514001007,35
440090514001008,35
440090514001009,35
440090514001010,35
440090514001011,35
440090514001012,35
440090514001013,35
440090514001014,35
440090514001015,35
440090514001016,35
440090514001017,35
440090514001018,35
440090514001019,35
440090514001020,35
440090514001021,35
440090514001022,35
440090514001023,35
440090514001024,35
440090514001025,35
440090514001026,35
440090514001027,35
440090514001028,35
440090514001029,35
440090514001030,35
440090514001031,35
440090514001032,35
440090514001033,35
440090514001034,35
440090514001035,35
440090514001036,35
440090514001037,35
440090515021000,33
440090515021001,33
440090515021002,33
440090515021003,33
440090515021004,33
440090515021005,33
440090515021006,33
440090515021007,33
440090515021008,33
440090515021009,33
440090515021010,33
440090515021011,33
440090515021012,33
440090515021013,33
440090515021014,33
440090515021015,33
440090515021016,33
440090515021017,33
440090515021018,33
440090515021019,33
440090515021020,33
440090515021021,33
440090515021022,33
440090515021023,33
440090515021024,33
440090515021025,33
440090515021026,33
440090515021027,33
440090515021028,33
440090515021029,33
440090515021030,33
440090515021031,33
440090515021032,33
440090515021033,33
440090515021034,33
440090515021035,33
440090515021036,33
440090515021037,33
440090515021038,33
440090515021039,33
440090515021040,33
440090515021041,33
440090515021042,33
440090515021043,33
440090515021044,33
440090515021045,33
440090515021046,33
440090515021047,33
440090515021048,33
440090515021049,33
440090515021050,33
440090515021051,33
440090515021052,33
440090515021053,33
440090515021054,33
440090515021055,33
440090515021056,33
440090515021057,33
440090515021058,33
440090515021059,33
440090515021060,33
440090515021061,33
440090515021062,33
440090515021063,33
440090515021064,33
440090515022000,33
440090515022001,33
440090515022002,33
440090515022003,33
440090515022004,33
440090515022005,33
440090515022006,33
440090515022007,33
440090515022008,33
440090515022009,33
440090515022010,33
440090515022011,33
440090515022012,33
440090515022013,33
440090515022014,33
440090515022015,33
440090515022016,33
440090515022017,33
440090515022018,33
440090515022019,33
440090515022020,33
440090515022021,33
440090515022022,33
440090515022023,33
440090515022024,33
440090515022025,33
440090515022026,33
440090515022027,33
440090515022028,33
440090515022029,33
440090515022030,33
440090515022031,33
440090515022032,33
440090515022033,33
440090515022034,33
440090515022035,33
440090515022036,33
440090515023000,33
440090515023001,33
440090515023002,33
440090515023003,33
440090515023004,33
440090515023005,33
440090515023006,33
440090515023007,33
440090515023008,33
440090515023009,33
440090515023010,33
440090515023011,33
440090515023012,33
440090515023013,33
440090515023014,33
440090515023015,33
440090515023016,33
440090515023017,33
440090515023018,33
440090515023019,33
440090515023020,33
440090515023021,33
440090515023022,33
440090515023023,33
440090515023024,33
440090515024000,33
440090515024001,33
440090515024002,33
440090515024003,33
440090515024004,33
440090515024005,33
440090515024006,33
440090515024007,33
440090515024008,33
440090515024009,33
440090515024010,33
440090515024011,33
440090515024012,33
440090515024013,33
440090515024014,33
440090515024015,33
440090515024016,33
440090515024017,33
440090515024018,33
440090515024019,33
440090515024020,33
440090515024021,33
440090515024022,33
440090515024023,33
440090515024024,33
440090515024025,33
440090515024026,33
440090515024027,33
440090515024028,33
440090515024029,33
440090515024030,33
440090515024031,33
440090515024032,33
440090515024033,33
440090515024034,33
440090515024035,33
440090515024036,33
440090515024037,33
440090515024038,33
440090515024039,33
440090515024040,33
440090515024041,33
440090515024042,33
440090515024043,33
440090515024044,33
440090515024045,33
440090515024046,33
440090515024047,33
440090515025000,33
440090515025001,33
440090515025002,33
440090515025003,33
440090515025004,33
440090515025005,33
440090515025006,33
440090515025007,33
440090515025008,33
440090515025009,33
440090515025010,33
440090515025011,33
440090515025012,33
440090515025013,33
440090515025014,33
440090515025015,33
440090515025016,33
440090515025017,33
440090515025018,33
440090515025019,33
440090515025020,33
440090515025021,33
440090515025022,33
440090515025023,33
440090515025024,33
440090515025025,33
440090515025026,33
440090515025027,33
440090515025028,33
440090515025029,33
440090515025030,33
440090515025031,33
440090515025032,33
440090515025033,33
440090515032000,34
440090515032001,34
440090515032002,34
440090515032003,34
440090515032004,34
440090515032005,34
440090515032006,34
440090515032007,34
440090515032008,34
440090515032009,34
440090515032010,34
440090515032011,34
440090515032012,34
440090515032013,34
440090515032014,34
440090515032015,34
440090515032016,34
440090515032017,34
440090515032018,34
440090515032019,34
440090515032020,34
440090515032021,34
440090515032022,34
440090515032023,34
440090515032024,34
440090515032025,34
440090515032026,34
440090515032027,34
440090515032028,34
440090515032029,34
440090515032030,34
440090515032031,34
440090515032032,34
440090515032033,34
440090515032034,34
440090515032035,34
440090515032036,34
440090515032037,34
440090515032038,34
440090515032039,34
440090515032040,34
440090515032041,34
440090515032042,34
440090515032043,34
440090515032044,34
440090515032045,34
440090515032046,34
440090515032047,34
440090515032048,34
440090515032049,34
440090515032050,34
440090515032051,34
440090515033000,34
440090515033001,34
440090515033002,34
440090515033003,34
440090515033004,34
440090515033005,34
440090515033006,34
440090515033007,34
440090515033008,34
440090515033009,34
440090515033010,34
440090515033011,34
440090515033012,34
440090515033013,34
440090515033014,34
440090515033015,34
440090515033016,34
440090515033017,34
440090515033018,34
440090515033019,34
440090515033020,34
440090515033021,34
440090515033022,34
440090515033023,34
440090515033024,34
440090515033025,34
440090515033026,34
440090515033027,34
440090515033028,34
440090515033029,34
440090515033030,34
440090515033031,34
440090515033032,34
440090515033033,34
440090515033034,34
440090515033035,34
440090515033036,34
440090515033037,34
440090515033038,34
440090515033039,34
440090515033040,34
440090515033041,34
440090515033042,34
440090515033043,34
440090515033044,34
440090515033045,34
440090515033046,34
440090515033047,34
440090515033048,34
440090515033049,34
440090515033050,34
440090515033051,34
440090515033052,34
440090515033053,34
440090515033054,34
440090515033055,34
440090515041000,34
440090515041001,34
440090515041002,34
440090515041003,34
440090515041004,34
440090515041005,34
440090515041006,34
440090515041007,34
440090515041008,34
440090515041009,34
440090515041010,34
440090515041011,34
440090515041012,34
440090515041013,34
440090515041014,34
440090515041015,34
440090515041016,34
440090515041017,34
440090515041018,34
440090515041019,34
440090515041020,34
440090515041021,34
440090515041022,34
440090515041023,34
440090515041024,34
440090515041025,34
440090515041026,34
440090515041027,34
440090515041028,34
440090515041029,34
440090515041030,34
440090515041031,34
440090515041032,34
440090515041033,34
440090515041034,34
440090515041035,34
440090515041036,34
440090515041037,34
440090515041038,34
440090515041039,34
440090515041040,34
440090515041041,34
440090515041042,34
440090515041043,34
440090515041044,34
440090515041045,34
440090515041046,34
440090515041047,34
440090515041048,34
440090515041049,34
440090515041050,34
440090515041051,34
440090515041052,34
440090515041053,34
440090515042000,34
440090515042001,34
440090515042002,34
440090515042003,34
440090515042004,34
440090515042005,34
440090515042006,34
440090515042007,34
440090515042008,34
440090515042009,34
440090515042010,34
440090515042011,34
440090515042012,34
440090515042013,34
440090515042014,34
440090515042015,34
440090515042016,34
440090515042017,34
440090515042018,34
440090515042019,34
440090515042020,34
440090515042021,34
440090515042022,34
440090515042023,34
440090515042024,34
440090515042025,34
440090515042026,34
440090515042027,34
440090515042028,34
440090515042029,34
440090515042030,34
440090515042031,34
440090515042032,34
440090515042033,34
440090515042034,34
440090515042035,34
440090515042036,34
440090515042037,34
440090515042038,34
440090515042039,34
440090515042040,34
440090515042041,34
440090515042042,34
440090515042043,34
440090515042044,34
440090515042045,34
440090515042046,34
440090515042047,34
440090515042048,34
440090515042049,34
440090515042050,34
440090515042051,34
440090515042052,34
440090515042053,34
440090515042054,34
440090515042055,34
440090515042056,34
440090515042057,34
440090515042058,34
440090515042059,34
440090515042060,34
440090515042061,34
440090515042062,34
440090515042063,34
440090515042064,34
440090515042065,34
440090515042066,34
440090515043000,34
440090515043001,34
440090515043002,34
440090515043003,34
440090515043004,34
440090515043005,34
440090515043006,34
440090515043007,34
440090515043008,34
440090515043009,34
440090515043010,34
440090515043011,34
440090515043012,34
440090515043013,34
440090515043014,34
440090515043015,34
440090515043016,34
440090515043017,34
440090515043018,34
440090515043019,34
440090515043020,34
440090515043021,34
440090515043022,34
440090515043023,34
440090515043024,34
440090515043025,34
440090515043026,34
440090515043027,34
440090515043028,34
440090515043029,34
440090515043030,34
440090515043031,34
440090515043032,34
440090515043033,34
440090515043034,34
440090515043035,34
440090515043036,34
440090515043037,34
440090515043038,34
440090515043039,34
440090515043040,34
440090515043041,34
440090515043042,34
440090515043043,34
440090515043044,34
440090515043045,34
440090515043046,34
440090515043047,34
440090515043048,34
440090515043049,34
440090515043050,34
440090515044000,34
440090515044001,34
440090515044002,34
440090515044003,34
440090515044004,34
440090515044005,34
440090515044006,34
440090515044007,34
440090515044008,34
440090515044009,34
440090515044010,34
440090515044011,34
440090515044012,34
440090515044013,34
440090515044014,34
440090515044015,34
440090515044016,34
440090515044017,34
440090515044018,34
440090515044019,34
440090515044020,34
440090515044021,34
440090515044022,34
440090515044023,34
440090515044024,34
440090515044025,34
440090515044026,34
440090515044027,34
440090515044028,34
440090515044029,34
440090515044030,34
440090515044031,34
440090515044032,34
440090515044033,34
440090515044034,34
440090515044035,34
440090515044036,34
440090515044037,34
440090515044038,34
440090515044039,34
440090515044040,34
440090515044041,34
440090515044042,34
440090515044043,34
440090515044044,34
440090515044045,34
440090515044046,34
440090515044047,34
440090515044048,34
440090515044049,34
440090515044050,34
440090515044051,34
440090515044052,34
440090515044053,34
440090515044054,34
440090515044055,34
440099902000001,36
440099902000002,36
440070008001000,1
440070008001001,1
440070008001002,1
440070008001003,1
440070008001004,1
440070008001005,1
440070008001006,1
440070008001007,1
440070008001008,1
440070008001009,1
440070008001010,1
440070008001016,1
440070008001020,1
440070008001021,1
440070008001022,1
440070008001023,1
440070008001041,1
440070026001000,1
440070026001008,1
440070026001009,1
440070026001010,1
440070026001011,1
440070026001012,1
440070026001013,1
440070031005022,1
440070031005024,1
440070031005025,1
440070031005031,1
440070031005032,1
440070031005033,1
440070031005034,1
440070031005035,1
440070031005036,1
440070031005037,1
440070031005038,1
440070031005043,1
440070031005044,1
440070031005045,1
440070031005046,1
440070031005047,1
440070034002006,1
440070034002008,1
440070034002011,1
440070034002012,1
440070034002015,1
440070034002028,1
440070034002029,1
440070034002030,1
440070034002031,1
440070034002032,1
440070034002033,1
440070034002034,1
440070034002042,1
440070034002043,1
440070034002044,1
440070034004014,1
440070034004015,1
440070034004024,1
440070034004026,1
440070034004027,1
440070034004028,1
440070034004029,1
440070034004030,1
440070034004031,1
440070034004032,1
440070034004033,1
440070034004034,1
440070034004035,1
440070034004036,1
440070034004037,1
440070035004000,1
440070035004001,1
440070035004002,1
440070035004003,1
440070035004004,1
440070035004005,1
440070035004006,1
440070035004007,1
440070035004008,1
440070035004009,1
440070035004010,1
440070035004011,1
440070035004012,1
440070035004013,1
440070035004014,1
440070035004015,1
440070035004016,1
440070035004017,1
440070035004018,1
440070035004019,1
440070036011000,1
440070036011001,1
440070036011002,1
440070036011003,1
440070036011004,1
440070036011005,1
440070036011006,1
440070036011007,1
440070036011008,1
440070036011009,1
440070036011010,1
440070036011011,1
440070036011012,1
440070036011013,1
440070036011014,1
440070036011015,1
440070036011016,1
440070036011017,1
440070036011018,1
440070036011019,1
440070036011020,1
440070036011021,1
440070036011022,1
440070036011023,1
440070036011024,1
440070036011025,1
440070036011026,1
440070036011027,1
440070036012002,1
440070036012003,1
440070036012004,1
440070036012005,1
440070036012009,1
440070036012010,1
440070036012013,1
440070036012014,1
440070036012015,1
440070036012016,1
440070036012017,1
440070036012018,1
440070036021000,1
440070036021001,1
440070036021002,1
440070036021003,1
440070036021004,1
440070036021005,1
440070036021006,1
440070037002010,1
440070004001000,2
440070006001000,2
440070006001001,2
440070006001002,2
440070006001003,2
440070006001004,2
440070006001005,2
440070006001006,2
440070006001007,2
440070006001008,2
440070006001010,2
440070006001011,2
440070006001012,2
440070006001013,2
440070006001014,2
440070006001015,2
440070006001016,2
440070006001017,2
440070006001018,2
440070006001019,2
440070006001020,2
440070006001021,2
440070006001022,2
440070006001028,2
440070006001038,2
440070006001039,2
440070006001040,2
440070006001041,2
440070006001042,2
440070006001043,2
440070006001044,2
440070006001045,2
440070006001046,2
440070006001047,2
440070006001048,2
440070006001049,2
440070006001050,2
440070006001051,2
440070006001052,2
440070006001053,2
440070006001054,2
440070006001055,2
440070006001056,2
440070006001057,2
440070006001058,2
440070006001059,2
440070006001060,2
440070006001063,2
440070006001067,2
440070006001068,2
440070006001069,2
440070006001070,2
440070006001071,2
440070006001072,2
440070006001073,2
440070006001074,2
440070006001075,2
440070006002000,2
440070006002001,2
440070006002002,2
440070007002001,2
440070007002002,2
440070007002003,2
440070007002004,2
440070007002010,2
440070007002019,2
440070007002020,2
440070007003000,2
440070007003001,2
440070007003003,2
440070007003004,2
440070008001011,2
440070008001012,2
440070008001013,2
440070008001014,2
440070008001015,2
440070008001017,2
440070008001018,2
440070008001019,2
440070008001024,2
440070008001025,2
440070008001026,2
440070008001027,2
440070008001028,2
440070008001029,2
440070008001030,2
440070008001031,2
440070008001032,2
440070008001033,2
440070008001034,2
440070008001035,2
440070008001036,2
440070008001037,2
440070008001038,2
440070008001039,2
440070008001040,2
440070008001042,2
440070008001043,2
440070008001044,2
440070008001045,2
440070008001046,2
440070008001047,2
440070008001048,2
440070008001049,2
440070008001050,2
440070008001051,2
440070008001052,2
440070008001053,2
440070008001054,2
440070008001055,2
440070008001056,2
440070008001057,2
440070008001060,2
440070008001063,2
440070008001064,2
440070008001065,2
440070008001066,2
440070008001067,2
440070008001068,2
440070008001069,2
440070008001070,2
440070008001071,2
440070008001072,2
440070008001073,2
440070008001074,2
440070008001075,2
440070008001076,2
440070008001077,2
440070008001078,2
440070008001079,2
440070008001080,2
440070008001081,2
440070008001082,2
440070008001083,2
440070008001084,2
440070008001085,2
440070008001086,2
440070008002000,2
440070008002001,2
440070008002002,2
440070008002003,2
440070008002004,2
440070008002005,2
440070008002007,2
440070008002008,2
440070008002009,2
440070008002010,2
440070008002011,2
440070008002012,2
440070008002013,2
440070008002014,2
440070008002015,2
440070008002016,2
440070008002017,2
440070008002018,2
440070008002019,2
440070008002020,2
440070008002021,2
440070008002022,2
440070008002023,2
440070008002024,2
440070008002025,2
440070008002026,2
440070025002000,2
440070025002001,2
440070025002002,2
440070025002003,2
440070025002004,2
440070025002005,2
440070025002006,2
440070025002007,2
440070025002008,2
440070025002009,2
440070025002010,2
440070025002011,2
440070025002017,2
440070025002019,2
440070025002020,2
440070025002021,2
440070025002022,2
440070025002023,2
440070025002028,2
440070025002029,2
440070025002030,2
440070025002031,2
440070025002032,2
440070025002033,2
440070025002034,2
440070025002035,2
440070025002036,2
440070025002055,2
440070025002056,2
440070025002057,2
440070025002058,2
440070025002059,2
440070025002060,2
440070025002061,2
440070035004020,2
440070035004021,2
440070035004022,2
440070035004023,2
440070035004024,2
440070035004025,2
440070035004026,2
440070035004027,2
440070035004028,2
440070035004029,2
440070035004030,2
440070036011028,2
440070036011029,2
440070036012000,2
440070036012001,2
440070036012006,2
440070036012007,2
440070036012008,2
440070036012011,2
440070036012012,2
440070036012019,2
440070036012020,2
440070036021007,2
440070036021008,2
440070037002000,2
440070037002001,2
440070037002002,2
440070037002003,2
440070037002004,2
440070037002005,2
440070037002006,2
440070037002007,2
440070037002008,2
440070037002009,2
440070037002011,2
440070037002012,2
440070037002013,2
440070037002014,2
440070037002015,2
440070037002016,2
440070037002017,2
440070037002018,2
440070037002019,2
440070037002020,2
440070037002021,2
440070037002022,2
440070037002023,2
440070037002024,2
440070037002025,2
440070037002026,2
440070037002027,2
440070037002028,2
440070037002029,2
440070037002030,2
440070037002031,2
440070037002032,2
440070037002033,2
440070037002034,2
440070037002035,2
440070037002036,2
440070037002037,2
440070037002038,2
440070037002039,2
440070037002040,2
440070037002041,2
440070037002042,2
440070037002043,2
440070037002044,2
440070037002045,2
440070037002046,2
440070037002047,2
440070037002048,2
440070037002049,2
440070037002050,2
440070037002051,2
440070037002052,2
440070037002053,2
440070037002054,2
440070037002055,2
440070022001000,3
440070026001001,3
440070026001002,3
440070026001003,3
440070026001004,3
440070026001005,3
440070026001006,3
440070026001007,3
440070026001014,3
440070026001015,3
440070028002015,3
440070028002016,3
440070028002017,3
440070028002018,3
440070028002019,3
440070028002021,3
440070028002022,3
440070028002023,3
440070028002024,3
440070028002025,3
440070028002026,3
440070028002028,3
440070028004007,3
440070028004008,3
440070029002010,3
440070029002011,3
440070029005017,3
440070029005018,3
440070029005025,3
440070029005026,3
440070029005027,3
440070029005028,3
440070029005029,3
440070029005031,3
440070029005032,3
440070029005033,3
440070029005034,3
440070029005037,3
440070029005038,3
440070031005000,4
440070031005001,4
440070031005002,4
440070031005003,4
440070031005004,4
440070031005005,4
440070031005006,4
440070031005007,4
440070031005008,4
440070031005009,4
440070031005010,4
440070031005011,4
440070031005012,4
440070031005013,4
440070031005014,4
440070031005015,4
440070031005016,4
440070031005017,4
440070031005018,4
440070031005019,4
440070031005020,4
440070031005021,4
440070031005023,4
440070031005026,4
440070031005027,4
440070031005028,4
440070031005029,4
440070031005030,4
440070031005039,4
440070031005040,4
440070031005041,4
440070031005042,4
440070031005048,4
440070031005049,4
440070033004000,4
440070033004001,4
440070033004002,4
440070033004003,4
440070033004004,4
440070033004005,4
440070033004006,4
440070033004010,4
440070033004011,4
440070033004012,4
440070033004017,4
440070033004018,4
440070033004019,4
440070033004020,4
440070033004021,4
440070033004022,4
440070033004023,4
440070033004024,4
440070033004025,4
440070033004026,4
440070033004027,4
440070033004028,4
440070033004029,4
440070033004030,4
440070033004031,4
440070033004032,4
440070033004033,4
440070033004034,4
440070033004035,4
440070033004036,4
440070033004037,4
440070033004038,4
440070033004039,4
440070033004040,4
440070033004041,4
440070033004042,4
440070033004043,4
440070033004044,4
440070033004045,4
440070033004046,4
440070033004047,4
440070033004049,4
440070033004051,4
440070033004052,4
440070034002000,4
440070034002001,4
440070034002002,4
440070034002003,4
440070034002004,4
440070034002005,4
440070034002007,4
440070034002009,4
440070034002010,4
440070034002013,4
440070034002014,4
440070034002016,4
440070034002017,4
440070034002018,4
440070034002019,4
440070034002020,4
440070034002021,4
440070034002022,4
440070034002023,4
440070034002024,4
440070034002025,4
440070034002026,4
440070034002027,4
440070034002035,4
440070034002036,4
440070034002037,4
440070034002038,4
440070034002039,4
440070034002040,4
440070034002041,4
440070034004000,4
440070034004001,4
440070034004002,4
440070034004003,4
440070034004004,4
440070034004005,4
440070034004006,4
440070034004007,4
440070034004008,4
440070034004009,4
440070034004010,4
440070034004011,4
440070034004012,4
440070034004013,4
440070034004016,4
440070034004017,4
440070034004018,4
440070034004019,4
440070034004020,4
440070034004021,4
440070034004022,4
440070034004023,4
440070034004025,4
440070024003006,5
440070024003014,5
440070024003015,5
440070024003016,5
440070024003017,5
440070028002000,5
440070028002001,5
440070028002002,5
440070028002003,5
440070028002004,5
440070028002005,5
440070028002006,5
440070028002007,5
440070028002008,5
440070028002009,5
440070028002010,5
440070028002011,5
440070028002012,5
440070028002013,5
440070028002014,5
440070028002020,5
440070028002027,5
440070028004000,5
440070028004001,5
440070028004002,5
440070028004003,5
440070028004004,5
440070028004005,5
440070028004006,5
440070028004009,5
440070028004010,5
440070028004011,5
440070028004012,5
440070028004013,5
440070028004014,5
440070028004015,5
440070028004016,5
440070028004017,5
440070028004018,5
440070028004019,5
440070029002000,5
440070029002001,5
440070029002002,5
440070029002003,5
440070029002004,5
440070029002005,5
440070029002006,5
440070029002007,5
440070029002008,5
440070029002009,5
440070029005000,5
440070029005001,5
440070029005002,5
440070029005003,5
440070029005004,5
440070029005005,5
440070029005006,5
440070029005007,5
440070029005008,5
440070029005009,5
440070029005010,5
440070029005011,5
440070029005012,5
440070029005013,5
440070029005014,5
440070029005015,5
440070029005016,5
440070029005019,5
440070029005020,5
440070029005021,5
440070029005022,5
440070029005023,5
440070029005024,5
440070029005030,5
440070029005035,5
440070029005036,5
440070033004007,5
440070033004008,5
440070033004009,5
440070033004013,5
440070033004014,5
440070033004015,5
440070033004016,5
440070033004048,5
440070033004050,5
440070019003000,6
440070019003001,6
440070019003002,6
440070019003003,6
440070019003004,6
440070019003005,6
440070019003006,6
440070019003011,6
440070019003018,6
440070020003000,6
440070020003001,6
440070020003002,6
440070020003003,6
440070020003004,6
440070020003005,6
440070020003006,6
440070020003007,6
440070020003008,6
440070020004007,6
440070020004008,6
440070020004011,6
440070020004012,6
440070020004013,6
440070020004014,6
440070020004015,6
440070021011000,6
440070021022005,6
440070021022006,6
440070021022007,6
440070021022009,6
440070024003000,6
440070024003001,6
440070024003002,6
440070024003003,6
440070024003004,6
440070024003005,6
440070024003007,6
440070024003008,6
440070024003009,6
440070024003010,6
440070024003011,6
440070024003012,6
440070024003013,6
440070024003018,6
440070024003019,6
440070024003020,6
440070024006000,6
440070024006001,6
440070024006002,6
440070024006003,6
440070024006004,6
440070024006005,6
440070024006006,6
440070024006007,6
440070024006008,6
440070024006009,6
440070024006010,6
440070024006011,6
440070024006012,6
440070024006013,6
440070024006014,6
440070024006015,6
440070024006017,6
440070120001014,6
440070120001015,6
440070120001016,6
440070120001017,6
440070120001018,6
440070120001019,6
440070120001020,6
440070120001021,6
440070120001022,6
440070120001023,6
440070120001027,6
440070120001028,6
440070120002001,6
440070120002002,6
440070120002005,6
440070120002006,6
440070120002007,6
440070120002008,6
440070120002012,6
440070120002013,6
440070120002014,6
440070120002016,6
440070120002017,6
440070120002018,6
440070120002019,6
440070120002020,6
440070120002021,6
440070120002022,6
440070120002023,6
440070120002024,6
440070120002025,6
440070120002026,6
440070120002027,6
440070120002028,6
440070120002029,6
440070120003003,6
440070120003004,6
440070120003005,6
440070120003006,6
440070120003007,6
440070120003008,6
440070120003009,6
440070120003010,6
440070120003011,6
440070120003012,6
440070120003013,6
440070120003017,6
440070120003018,6
440070120003019,6
440070120003020,6
440070120003021,6
440070120003022,6
440070120003023,6
440070120003024,6
440070120003025,6
440070120003027,6
440070120003028,6
440070121022009,6
440070121022010,6
440070121022011,6
440070121022012,6
440070121022013,6
440070121022018,6
440070121022019,6
440070121022026,6
440070006002003,12
440070006002004,12
440070006002005,12
440070006002006,12
440070006002007,12
440070006002008,12
440070006002009,12
440070006002010,12
440070006002011,12
440070006002012,12
440070006002013,12
440070006002014,12
440070006002015,12
440070006002016,12
440070006002017,12
440070006002018,12
440070006002019,12
440070006002020,12
440070006002021,12
440070006002022,12
440070006002023,12
440070006002024,12
440070006002025,12
440070006002026,12
440070006002027,12
440070006002028,12
440070006002029,12
440070016001009,13
440070016001010,13
440070016001012,13
440070016001013,13
440070016002019,13
440070016002020,13
440070016002021,13
440070016005000,13
440070016005001,13
440070016005002,13
440070016005003,13
440070016005004,13
440070016005005,13
440070017001000,13
440070017001001,13
440070017001002,13
440070017001003,13
440070017001004,13
440070017001005,13
440070017002000,13
440070017002001,13
440070017002009,13
440070017002010,13
440070018002004,13
440070018002005,13
440070018002009,13
440070018002010,13
440070018002011,13
440070018002012,13
440070018002013,13
440070018002014,13
440070018002015,13
440070018002018,13
440070020003009,13
440070020003010,13
440070020003011,13
440070020003012,13
440070020003013,13
440070020003014,13
440070020003015,13
440070020003016,13
440070124021000,13
440070124021001,13
440070124021002,13
440070124021003,13
440070124021004,13
440070124021005,13
440070124021006,13
440070124021007,13
440070124021008,13
440070124021009,13
440070124021010,13
440070124021011,13
440070124021012,13
440070124021013,13
440070124021014,13
440070124021022,13
440070124021023,13
440070124021024,13
440070124021025,13
440070124021026,13
440070124021027,13
440070124021028,13
440070124021029,13
440070124021030,13
440070124021031,13
440070124021032,13
440070124021033,13
440070124021034,13
440070124021035,13
440070124021036,13
440070124021038,13
440070124021039,13
440070124022000,13
440070124022001,13
440070124022002,13
440070124022003,13
440070124022004,13
440070124022005,13
440070124022006,13
440070124022007,13
440070124022008,13
440070124022009,13
440070124022010,13
440070124022011,13
440070124022012,13
440070124022021,13
440070124022022,13
440070124022023,13
440070124022024,13
440070124022025,13
440070124022026,13
440070124022027,13
440070016005006,14
440070016005007,14
440070016005008,14
440070016005009,14
440070017001006,14
440070017001007,14
440070017001008,14
440070017001009,14
440070017001010,14
440070017001011,14
440070017002002,14
440070017002003,14
440070017002004,14
440070017002005,14
440070017002006,14
440070017002007,14
440070017002008,14
440070017002011,14
440070017002012,14
440070017002013,14
440070017002014,14
440070017002015,14
440070017002016,14
440070017002017,14
440070017002018,14
440070017002019,14
440070140002001,14
440070140002002,14
440070140002003,14
440070140002004,14
440070140002005,14
440070140002006,14
440070140003000,14
440070140003001,14
440070140003002,14
440070140003003,14
440070140003004,14
440070140003005,14
440070140003008,14
440070140003009,14
440070140003010,14
440070140003011,14
440070140003033,14
440070141004000,14
440070141004001,14
440070141004002,14
440070141004003,14
440070141004004,14
440070141004005,14
440070141004006,14
440070141004007,14
440070141004008,14
440070141004009,14
440070141004010,14
440070141004011,14
440070141004012,14
440070141004013,14
440070141004014,14
440070141004015,14
440070141004016,14
440070141004017,14
440070141004018,14
440070141004019,14
440070141004020,14
440070141004021,14
440070141004022,14
440070141004023,14
440070141004024,14
440070141004026,14
440070141004030,14
440070141004031,14
440070147003000,14
440070147003001,14
440070147003002,14
440070147003003,14
440070147003004,14
440070147003005,14
440070147003006,14
440070147003007,14
440070147003008,14
440070147003009,14
440070147003010,14
440070147004000,14
440070147004001,14
440070147004002,14
440070147004003,14
440070147004004,14
440070147004005,14
440070147004006,14
440070147004007,14
440070147004008,14
440070147004009,14
440070147004010,14
440070147004011,14
440070147004012,14
440070147004013,14
440070147004014,14
440070147004015,14
440070147004016,14
440070147004017,14
440070147004018,14
440070147004021,14
440070148001006,14
440070148001007,14
440070148001008,14
440070148001009,14
440070148001010,14
440070148001011,14
440070148001012,14
440070148001013,14
440070148001014,14
440070148001015,14
440070148001016,14
440070148001017,14
440070148001018,14
440070148001019,14
440070148001020,14
440070148001024,14
440070148001025,14
440070148001027,14
440070148001028,14
440070148001054,14
440070148003000,14
440070142002030,15
440070142002031,15
440070142002032,15
440070142002033,15
440070142002034,15
440070142002035,15
440070142002036,15
440070142002037,15
440070142002038,15
440070142002039,15
440070142002040,15
440070142002061,15
440070142002064,15
440070142002065,15
440070142002066,15
440070142002067,15
440070145011000,15
440070145011001,15
440070145011002,15
440070145011003,15
440070145011004,15
440070145011005,15
440070145011006,15
440070145011007,15
440070145011008,15
440070145011009,15
440070145011010,15
440070145011011,15
440070145011012,15
440070145011013,15
440070145011017,15
440070145011029,15
440070145011030,15
440070145011031,15
440070145011032,15
440070145011033,15
440070145011034,15
440070145011035,15
440070145011036,15
440070145011037,15
440070145013008,15
440070145013009,15
440070145013010,15
440070145013011,15
440070145013012,15
440070145013013,15
440070145013014,15
440070145013015,15
440070145013016,15
440070145013017,15
440070145013018,15
440070145013019,15
440070145013020,15
440070145013021,15
440070145013022,15
440070145013023,15
440070145013024,15
440070145013025,15
440070145013026,15
440070145013027,15
440070145013028,15
440070145013029,15
440070145021013,15
440070145021014,15
440070145021015,15
440070145021020,15
440070145022029,15
440070145022030,15
440070145022031,15
440070145022035,15
440070145022036,15
440070145022037,15
440070145022038,15
440070145022039,15
440070145022040,15
440070145022041,15
440070145022042,15
440070145022043,15
440070145022044,15
440070145022045,15
440070145022046,15
440070145022047,15
440070145022048,15
440070145022049,15
440070145022050,15
440070146002000,15
440070146002001,15
440070146002002,15
440070146002003,15
440070146002004,15
440070146002005,15
440070146002038,15
440070146002062,15
440070146002063,15
440070146002064,15
440070146002065,15
440070146002066,15
440070146002067,15
440070146002068,15
440070146002069,15
440070146002070,15
440070146002071,15
440070136002001,16
440070136002002,16
440070136002003,16
440070136002004,16
440070136002007,16
440070136002008,16
440070136002014,16
440070136002015,16
440070136002016,16
440070136002017,16
440070136002018,16
440070136002019,16
440070136002020,16
440070136002021,16
440070136002022,16
440070136002023,16
440070136002024,16
440070136002025,16
440070136002026,16
440070136002027,16
440070136002028,16
440070136002029,16
440070136002030,16
440070136002031,16
440070136002032,16
440070136002033,16
440070136002034,16
440070136002035,16
440070136003013,16
440070136003014,16
440070136003015,16
440070136003016,16
440070136003017,16
440070136003018,16
440070136003019,16
440070136003020,16
440070136003021,16
440070137013018,16
440070137013019,16
440070137013020,16
440070137013021,16
440070137014018,16
440070137014019,16
440070137014020,16
440070137014021,16
440070137014022,16
440070137014023,16
440070137014024,16
440070137014025,16
440070138005000,16
440070138005009,16
440070138005010,16
440070138005011,16
440070138005012,16
440070138005013,16
440070138005014,16
440070138005015,16
440070138005016,16
440070138005017,16
440070138005019,16
440070138005020,16
440070138005021,16
440070142002000,16
440070142002001,16
440070142002002,16
440070142002003,16
440070142002004,16
440070142002005,16
440070142002006,16
440070142002007,16
440070142002008,16
440070142002009,16
440070142002010,16
440070142002011,16
440070142002012,16
440070142002013,16
440070142002014,16
440070142002017,16
440070142002060,16
440070143001026,16
440070143001027,16
440070143001028,16
440070143001029,16
440070143001030,16
440070143001031,16
440070143003020,16
440070143003021,16
440070143003022,16
440070143003023,16
440070143003025,16
440070143003029,16
440070143003030,16
440070143003031,16
440070143003032,16
440070143003033,16
440070143003034,16
440070143003035,16
440070143003036,16
440070143004000,16
440070143004001,16
440070143004002,16
440070143004007,16
440070143004008,16
440070143004009,16
440070143004010,16
440070143004011,16
440070143004012,16
440070143004013,16
440070143004014,16
440070143004015,16
440070143004016,16
440070143004020,16
440070143004021,16
440070143004022,16
440070143004023,16
440070143004024,16
440070143004025,16
440070143004026,16
440070143004027,16
440070143004028,16
440070143004029,16
440070143004030,16
440070143004031,16
440070143004032,16
440070143004033,16
440070143004034,16
440070145021000,16
440070145021001,16
440070145021002,16
440070145021003,16
440070145021004,16
440070145021005,16
440070145021006,16
440070145021016,16
440070145021017,16
440070145021018,16
440070145021021,16
440070145021022,16
440070145021023,16
440070145021024,16
440070145021025,16
440070145022000,16
440070145022001,16
440070145022002,16
440070145022003,16
440070145022004,16
440070145022005,16
440070145022006,16
440070145022007,16
440070145022008,16
440070145022009,16
440070145022010,16
440070145022011,16
440070145022012,16
440070145022013,16
440070145022014,16
440070145022015,16
440070145022016,16
440070145022017,16
440070145022018,16
440070145022019,16
440070145022020,16
440070145022021,16
440070145022022,16
440070145022023,16
440070145022024,16
440070145022025,16
440070145022026,16
440070145022027,16
440070145022028,16
440070145022032,16
440070145022033,16
440070145022034,16
440070145023006,16
440070145023007,16
440070145023008,16
440070145023009,16
440070145023010,16
440070145023011,16
440070145023016,16
440070145023017,16
440070145023018,16
440070145023019,16
440070145023020,16
440070145023024,16
440070145023027,16
440070145023028,16
440070145023029,16
440070145023030,16
440070145023031,16
440070145023032,16
440070145023033,16
440070145023034,16
440070145023035,16
440070137021000,17
440070137021001,17
440070137021002,17
440070137021003,17
440070137021004,17
440070137021005,17
440070137021006,17
440070137021007,17
440070137021008,17
440070137021009,17
440070137021010,17
440070137021011,17
440070137021015,17
440070137021016,17
440070137022001,17
440070137022002,17
440070137022003,17
440070137022004,17
440070137022005,17
440070137022006,17
440070137022007,17
440070137022008,17
440070137022009,17
440070137022010,17
440070137022011,17
440070137022013,17
440070137022014,17
440070138005001,17
440070138005002,17
440070138005003,17
440070138005004,17
440070138005005,17
440070138005006,17
440070138005007,17
440070138005008,17
440070138005018,17
440070138005022,17
440070140001003,17
440070140001004,17
440070140001008,17
440070140001035,17
440070140002000,17
440070140002007,17
440070140002008,17
440070140002009,17
440070140002010,17
440070140002011,17
440070140002012,17
440070140002013,17
440070140002014,17
440070140002015,17
440070140002016,17
440070140002017,17
440070140002018,17
440070140002019,17
440070140002020,17
440070140002021,17
440070140002022,17
440070140002023,17
440070140002024,17
440070140002025,17
440070140002026,17
440070140002027,17
440070140002028,17
440070140002029,17
440070140002030,17
440070140002031,17
440070140002032,17
440070140002033,17
440070140002034,17
440070140002035,17
440070140002036,17
440070140002037,17
440070140002038,17
440070140002039,17
440070140002040,17
440070140002041,17
440070140002042,17
440070140002043,17
440070140002044,17
440070140002045,17
440070140003006,17
440070140003007,17
440070140003012,17
440070140003013,17
440070140003014,17
440070140003015,17
440070140003016,17
440070140003017,17
440070140003018,17
440070140003019,17
440070140003020,17
440070140003021,17
440070140003022,17
440070140003023,17
440070140003024,17
440070140003025,17
440070140003026,17
440070140003027,17
440070140003028,17
440070140003029,17
440070140003030,17
440070140003031,17
440070140003032,17
440070141004025,17
440070141004027,17
440070141004028,17
440070141004029,17
440070141004032,17
440070141004033,17
440070141004034,17
440070143001000,17
440070143001001,17
440070143001002,17
440070143001003,17
440070143001004,17
440070143001005,17
440070143001006,17
440070143001007,17
440070143001008,17
440070143001009,17
440070143001010,17
440070143001011,17
440070143001012,17
440070143001013,17
440070143001014,17
440070143001015,17
440070143001016,17
440070143001017,17
440070143001018,17
440070143001019,17
440070143001020,17
440070143001021,17
440070143001022,17
440070143001023,17
440070143001024,17
440070143001025,17
440070143003000,17
440070143003001,17
440070143003002,17
440070143003003,17
440070143003004,17
440070143003005,17
440070143003006,17
440070143003007,17
440070143003008,17
440070143003009,17
440070143003010,17
440070143003011,17
440070143003012,17
440070143003013,17
440070143003014,17
440070143003015,17
440070143003016,17
440070143003017,17
440070143003018,17
440070143003019,17
440070143003024,17
440070143003026,17
440070143003027,17
440070143003028,17
440070143004003,17
440070143004004,17
440070143004005,17
440070143004006,17
440070143004017,17
440070143004018,17
440070143004019,17
440070145021007,17
440070145021008,17
440070145021009,17
440070145021010,17
440070145021011,17
440070145021012,17
440070145021019,17
440070145021026,17
440070145021027,17
440070145023000,17
440070145023001,17
440070145023002,17
440070145023003,17
440070145023004,17
440070145023005,17
440070145023012,17
440070145023013,17
440070145023014,17
440070145023015,17
440070145023021,17
440070145023022,17
440070145023023,17
440070145023025,17
440070145023026,17
440070147003011,17
440070147003012,17
440070147003013,17
440070147003014,17
440070147003015,17
440070147003016,17
440070147003017,17
440070147003018,17
440070147003019,17
440070147003020,17
440070147003021,17
440070147004019,17
440070147004020,17
440070148002026,17
440070148002027,17
440070148002028,17
440070148002029,17
440070148002034,17
440070148003001,17
440070148003002,17
440070148003003,17
440070148003007,17
440070148003011,17
440070148003012,17
440070148003013,17
440070148003014,17
440070148003015,17
440070148003016,17
440070148003017,17
440070148003018,17
440070148003019,17
440070148003020,17
440070148003021,17
440070148003022,17
440070148003023,17
440070148003024,17
440070148003025,17
440070148003026,17
440070148003027,17
440070148003028,17
440070148003029,17
440070148003030,17
440070148003031,17
440070148003032,17
440070148003033,17
440070148003034,17
440070148003035,17
440070148003036,17
440070134003007,18
440070134003008,18
440070134003009,18
440070134003013,18
440070134004000,18
440070134004001,18
440070134004002,18
440070136002000,18
440070136002005,18
440070136002006,18
440070136002009,18
440070136002010,18
440070136002011,18
440070136002012,18
440070136002013,18
440070136003000,18
440070136003001,18
440070136003002,18
440070136003003,18
440070136003004,18
440070136003005,18
440070136003006,18
440070136003007,18
440070136003008,18
440070136003009,18
440070136003010,18
440070136003011,18
440070136003012,18
440070136003022,18
440070136003023,18
440070136003024,18
440070136003025,18
440070136003026,18
440070136003027,18
440070136003028,18
440070137013000,18
440070137013001,18
440070137013002,18
440070137013003,18
440070137013004,18
440070137013005,18
440070137013006,18
440070137013007,18
440070137013008,18
440070137013009,18
440070137013010,18
440070137013011,18
440070137013012,18
440070137013013,18
440070137013014,18
440070137013015,18
440070137013016,18
440070137013017,18
440070137014000,18
440070137014001,18
440070137014002,18
440070137014003,18
440070137014004,18
440070137014005,18
440070137014006,18
440070137014007,18
440070137014008,18
440070137014009,18
440070137014010,18
440070137014011,18
440070137014012,18
440070137014013,18
440070137014014,18
440070137014015,18
440070137014016,18
440070137014017,18
440070137021012,18
440070137021013,18
440070137021014,18
440070137022000,18
440070137022012,18
440070140001000,18
440070140001001,18
440070140001002,18
440070140001005,18
440070140001006,18
440070140001007,18
440070140001009,18
440070140001010,18
440070140001011,18
440070140001012,18
440070140001013,18
440070140001014,18
440070140001015,18
440070140001016,18
440070140001017,18
440070140001018,18
440070140001019,18
440070140001020,18
440070140001021,18
440070140001022,18
440070140001023,18
440070140001024,18
440070140001025,18
440070140001026,18
440070140001027,18
440070140001028,18
440070140001029,18
440070140001030,18
440070140001031,18
440070140001032,18
440070140001033,18
440070140001034,18
440030210012000,19
440030210012001,19
440030210012002,19
440030210012003,19
440030210012004,19
440030210012005,19
440030210012009,19
440030210012010,19
440030210012011,19
440030210012012,19
440030210012013,19
440030210012014,19
440030210012015,19
440030210012016,19
440030210012017,19
440030210012018,19
440030210012019,19
440030212002000,19
440030213002002,19
440030213002003,19
440030213002004,19
440030213002005,19
440030213002006,19
440030213002007,19
440030213002008,19
440030213002009,19
440030213002010,19
440030213002011,19
440030213002012,19
440030213002013,19
440030213002014,19
440030213002015,19
440030213002016,19
440030213002032,19
440030213002033,19
440030213002034,19
440030213002035,19
440030213002036,19
440030213002037,19
440030213002038,19
440070134003000,19
440070134003001,19
440070134003002,19
440070134003003,19
440070134003004,19
440070134003005,19
440070134003006,19
440070134003010,19
440070134003011,19
440070134003012,19
440070134003014,19
440070134003015,19
440070134003016,19
440070134003017,19
440070134003018,19
440070134004003,19
440070134004004,19
440070134004005,19
440070134004006,19
440070134004007,19
440070134004008,19
440070134004009,19
440070134004010,19
440070134004011,19
440070134004012,19
440070134004013,19
440070134004014,19
440070134004015,19
440070134004016,19
440070134004017,19
440030210012006,20
440030210012007,20
440030210012008,20
440030211003012,20
440030211003017,20
440030211003018,20
440030211003019,20
440030211003020,20
440030211003023,20
440030211003024,20
440030211003031,20
440030211003034,20
440030211004000,20
440030211004001,20
440030211004002,20
440030211004003,20
440030211004004,20
440030211004005,20
440030211004006,20
440030211004007,20
440030211004008,20
440030211004009,20
440030211004010,20
440030211004011,20
440030211004012,20
440030211004013,20
440030211004014,20
440030211004015,20
440030211004016,20
440030211004017,20
440030211004018,20
440030211004019,20
440030211004020,20
440030211004021,20
440030211004022,20
440030211004023,20
440030211004024,20
440030211004025,20
440030211004026,20
440030211004027,20
440030211004028,20
440030211004029,20
440030211004030,20
440030211004031,20
440030211004032,20
440030211004033,20
440030211004034,20
440030211004035,20
440030211004036,20
440030211004037,20
440030211004038,20
440030211004039,20
440030211004040,20
440030211004041,20
440030211004042,20
440030211004043,20
440030211004044,20
440030211004045,20
440030211004046,20
440030211004047,20
440030211004048,20
440030211004049,20
440030211004050,20
440030211004051,20
440030211004052,20
440030211004053,20
440030211004054,20
440030211004055,20
440030211004056,20
440030211004057,20
440030211004058,20
440030211004059,20
440030211004060,20
440030211004062,20
440030211004063,20
440030212002003,20
440030212002010,20
440030212002011,20
440030212002012,20
440030219011000,20
440030219011001,20
440030219011002,20
440030219011003,20
440030219011004,20
440030219011005,20
440030219011006,20
440030219011007,20
440030219011008,20
440030219011009,20
440030219011010,20
440030219011011,20
440030219011012,20
440030219011013,20
440030219011014,20
440030219011015,20
440030219011016,20
440030219011017,20
440030219011018,20
440030219011019,20
440030219011020,20
440030219011021,20
440030219011022,20
440030219011023,20
440030219012012,20
440030220002000,20
440030220002001,20
440030220002002,20
440030220002003,20
440030220002004,20
440030220002006,20
440030220002007,20
440030220002008,20
440030220002009,20
440030220002010,20
440030220002011,20
440030220002012,20
440030220002013,20
440030220002014,20
440030220002015,20
440030220002016,20
440030220002017,20
440030220002018,20
440030220002019,20
440030220002020,20
440030220002021,20
440030220002022,20
440030220002023,20
440030220002024,20
440030220002029,20
440030220002030,20
440030220002031,20
440030220002032,20
440030220002033,20
440030220003000,20
440030220003001,20
440030220003002,20
440030220003003,20
440030220003004,20
440030220003005,20
440030220003006,20
440030220003007,20
440030220003008,20
440030220003009,20
440030220003015,20
440030223003000,20
440030223003020,20
440030223003021,20
440030223003044,20
440030223003045,20
440030223003046,20
440030223003053,20
440030223003058,20
440030223004000,20
440030223004001,20
440030223004002,20
440030223004003,20
440030223004004,20
440030223004005,20
440030223004006,20
440030223004007,20
440030223004008,20
440030223004009,20
440030223004010,20
440030223004011,20
440030223004012,20
440030223004013,20
440030223004014,20
440030223004015,20
440030223004016,20
440030223004017,20
440030223004018,20
440030223004019,20
440030223004020,20
440030223004021,20
440030223004022,20
440030223004023,20
440030223004026,20
440030223004027,20
440039800001003,20
440039800001004,20
440039800001007,20
440039800001010,20
440039800001011,20
440039800001018,20
440039800001019,20
440039800001020,20
440039800001023,20
440039800001024,20
440039800001025,20
440039800001026,20
440070142002015,20
440070142002016,20
440070142002018,20
440070142002019,20
440070142002020,20
440070142002021,20
440070142002022,20
440070142002023,20
440070142002024,20
440070142002025,20
440070142002026,20
440070142002027,20
440070142002028,20
440070142002029,20
440070142002041,20
440070142002042,20
440070142002043,20
440070142002044,20
440070142002045,20
440070142002046,20
440070142002047,20
440070142002048,20
440070142002049,20
440070142002050,20
440070142002051,20
440070142002052,20
440070142002053,20
440070142002054,20
440070142002055,20
440070142002056,20
440070142002057,20
440070142002058,20
440070142002059,20
440070142002062,20
440070142002063,20
440070142002068,20
440070142002069,20
440070142002070,20
440070142002071,20
440070142002072,20
440070142002073,20
440030211003000,21
440030211003001,21
440030211003002,21
440030211003003,21
440030211003004,21
440030211003005,21
440030211003006,21
440030211003007,21
440030211003008,21
440030211003009,21
440030211003010,21
440030211003011,21
440030211003013,21
440030211003014,21
440030211003015,21
440030211003016,21
440030211003021,21
440030211003022,21
440030211003025,21
440030211003026,21
440030211003027,21
440030211003028,21
440030211003029,21
440030211003030,21
440030211003032,21
440030211003033,21
440030211003035,21
440030211003036,21
440030211003037,21
440030211003038,21
440030211004061,21
440030212002001,21
440030212002002,21
440030212002004,21
440030212002005,21
440030212002006,21
440030212002007,21
440030212002008,21
440030212002009,21
440030212002013,21
440030212002014,21
440030212002015,21
440030212002016,21
440030212002017,21
440030212002018,21
440030212002019,21
440030213002000,21
440030213002001,21
440030213002017,21
440030213002018,21
440030213002019,21
440030213002020,21
440030213002021,21
440030213002022,21
440030213002023,21
440030213002024,21
440030213002025,21
440030213002026,21
440030213002027,21
440030213002028,21
440030213002029,21
440030213002030,21
440030213002031,21
440030214011000,21
440030214011001,21
440030214011002,21
440030214011003,21
440030214011004,21
440030214011005,21
440030214011006,21
440030214011007,21
440030214011008,21
440030214011009,21
440030214011010,21
440030214011011,21
440030214011012,21
440030214011013,21
440030214011014,21
440030214011015,21
440030214011016,21
440030214011017,21
440030214011018,21
440030214011019,21
440030214011020,21
440030214011021,21
440030214011022,21
440030214011023,21
440030214011024,21
440030214011025,21
440030214011026,21
440030214011027,21
440030214023000,21
440030214023001,21
440030214023002,21
440030214023003,21
440030214023004,21
440030214023005,21
440030214023006,21
440030214023007,21
440030214023011,21
440030214023012,21
440030214023013,21
440030214023018,21
440030215014000,21
440030215014001,21
440030215014002,21
440030215014003,21
440030215014004,21
440030215014005,21
440030215014006,21
440030215014007,21
440030215014008,21
440030215014009,21
440030215014010,21
440030215014011,21
440030215014012,21
440030215014013,21
440030215014014,21
440030215014015,21
440030215014016,21
440030215014017,21
440030215014018,21
440030215014019,21
440030219021000,21
440039800001000,21
440039800001001,21
440039800001002,21
440039800001005,21
440039800001006,21
440039800001008,21
440039800001009,21
440039800001012,21
440039800001013,21
440039800001014,21
440039800001021,21
440039800001022,21
440039800001027,21
440039800001028,21
440039800001029,21
440039800001030,21
440030214023008,22
440030214023009,22
440030214023010,22
440030214023014,22
440030214023015,22
440030214023016,22
440030214023017,22
440030215014020,22
440030215014021,22
440030215014022,22
440030217002002,22
440030217002003,22
440030217002004,22
440030217002005,22
440030217002006,22
440030217002007,22
440030217002008,22
440030217002009,22
440030217002010,22
440030217002011,22
440030217002012,22
440030217002013,22
440030217002014,22
440030217002015,22
440030217002016,22
440030217002017,22
440030217002018,22
440030217002019,22
440030217002020,22
440030217002021,22
440030217002022,22
440030217002023,22
440030217002024,22
440030217002025,22
440030217002026,22
440030217002027,22
440030217002028,22
440030217002029,22
440030217002030,22
440030217002031,22
440030217002032,22
440030217002033,22
440030217002034,22
440030217002035,22
440030217004000,22
440030217004009,22
440030217004010,22
440030217004011,22
440030217004012,22
440030217004013,22
440030217004014,22
440030217004015,22
440030217004016,22
440030217004029,22
440030217004030,22
440030217004031,22
440030218002000,22
440030218002001,22
440030218002022,22
440030218002023,22
440030218002024,22
440030218002025,22
440030218002026,22
440030218002027,22
440030218002028,22
440030218002029,22
440030218002030,22
440030218002031,22
440030218002032,22
440030218002034,22
440030218002035,22
440030218002036,22
440030214011028,23
440030214011029,23
440030214011030,23
440030214011031,23
440030214011032,23
440030214011033,23
440030214011034,23
440030214011035,23
440030217002000,23
440030217002001,23
440030217004001,23
440030217004002,23
440030217004003,23
440030217004004,23
440030217004005,23
440030217004006,23
440030217004007,23
440030217004008,23
440030217004017,23
440030217004018,23
440030217004019,23
440030217004020,23
440030217004021,23
440030217004022,23
440030217004023,23
440030217004024,23
440030217004025,23
440030217004026,23
440030217004027,23
440030217004028,23
440030218002002,23
440030218002003,23
440030218002004,23
440030218002005,23
440030218002006,23
440030218002007,23
440030218002008,23
440030218002009,23
440030218002010,23
440030218002011,23
440030218002012,23
440030218002013,23
440030218002014,23
440030218002015,23
440030218002016,23
440030218002017,23
440030218002018,23
440030218002019,23
440030218002020,23
440030218002021,23
440030218002033,23
440030219011024,23
440030219012000,23
440030219012001,23
440030219012002,23
440030219012003,23
440030219012004,23
440030219012005,23
440030219012006,23
440030219012007,23
440030219012008,23
440030219012009,23
440030219012010,23
440030219012011,23
440030219012013,23
440030219012014,23
440030219012015,23
440030219012016,23
440030219012017,23
440030219012018,23
440030219012019,23
440030219012020,23
440030219012021,23
440030219012022,23
440030219012023,23
440030219012024,23
440030219012025,23
440030219012026,23
440030219012027,23
440070121024010,6
440070121024011,6
440070121024012,6
440070020004000,7
440070020004001,7
440070020004002,7
440070020004003,7
440070020004004,7
440070020004005,7
440070020004006,7
440070020004009,7
440070020004010,7
440070020004016,7
440070021011001,7
440070021011002,7
440070021011003,7
440070021011004,7
440070021011005,7
440070021011006,7
440070021011007,7
440070021011008,7
440070021011009,7
440070021011010,7
440070021011011,7
440070021011012,7
440070021022000,7
440070021022001,7
440070021022002,7
440070021022003,7
440070021022004,7
440070021022008,7
440070022003000,7
440070022003001,7
440070022003002,7
440070022003003,7
440070022003004,7
440070022003005,7
440070022004001,7
440070022004002,7
440070022004003,7
440070022004004,7
440070022004005,7
440070022004006,7
440070022004007,7
440070022004008,7
440070022004009,7
440070024006016,7
440070024006018,7
440070024006019,7
440070008001058,8
440070008001059,8
440070008001061,8
440070008001062,8
440070008001087,8
440070008002006,8
440070011002000,8
440070011002001,8
440070011002002,8
440070011002003,8
440070011002004,8
440070011002005,8
440070011002006,8
440070011002007,8
440070011002008,8
440070011002009,8
440070011002010,8
440070011002011,8
440070011002012,8
440070011002013,8
440070011002014,8
440070011002015,8
440070011002016,8
440070011002017,8
440070011002018,8
440070011002019,8
440070011002020,8
440070011002021,8
440070011002022,8
440070011002023,8
440070011002024,8
440070011002025,8
440070011002026,8
440070011002027,8
440070011002028,8
440070012002002,8
440070013001000,8
440070022001001,8
440070022001002,8
440070022001003,8
440070022001004,8
440070022001005,8
440070022001006,8
440070022001007,8
440070022001008,8
440070022001009,8
440070022001010,8
440070022001011,8
440070022003006,8
440070022003007,8
440070022004000,8
440070025002012,8
440070025002013,8
440070025002014,8
440070025002015,8
440070025002016,8
440070025002018,8
440070025002024,8
440070025002025,8
440070025002026,8
440070025002027,8
440070025002037,8
440070025002038,8
440070025002039,8
440070025002040,8
440070025002041,8
440070025002042,8
440070025002043,8
440070025002044,8
440070025002045,8
440070025002046,8
440070025002047,8
440070025002048,8
440070025002049,8
440070025002050,8
440070025002051,8
440070025002052,8
440070025002053,8
440070025002054,8
440070025002062,8
440070025002063,8
440070003001000,9
440070004001001,9
440070007002000,9
440070007002005,9
440070007002006,9
440070007002007,9
440070007002008,9
440070007002009,9
440070007002011,9
440070007002012,9
440070007002013,9
440070007002014,9
440070007002015,9
440070007002016,9
440070007002017,9
440070007002018,9
440070007002021,9
440070007002022,9
440070007002023,9
440070007002024,9
440070007002025,9
440070007002026,9
440070007002027,9
440070007002028,9
440070007002029,9
440070007003002,9
440070007003005,9
440070007003006,9
440070007003007,9
440070007003008,9
440070007003009,9
440070007003010,9
440070007003011,9
440070007003012,9
440070007003013,9
440070007003014,9
440070007003015,9
440070007003016,9
440070007003017,9
440070007003018,9
440070007003019,9
440070007003020,9
440070007003021,9
440070011002029,9
440070012002000,9
440070012002001,9
440070012002003,9
440070012002004,9
440070012002005,9
440070012002006,9
440070012002007,9
440070012002008,9
440070012002009,9
440070012002010,9
440070012002011,9
440070012002012,9
440070012002013,9
440070012002014,9
440070012002015,9
440070012002016,9
440070013001001,9
440070013001002,9
440070013001003,9
440070013001004,9
440070013001005,9
440070013001006,9
440070013001007,9
440070013001008,9
440070013002000,9
440070013002001,9
440070013002002,9
440070013002003,9
440070013002004,9
440070013002005,9
440070013003000,9
440070013003001,9
440070014001000,9
440070014001001,9
440070014001002,9
440070014001003,9
440070014005005,9
440070014005006,9
440070014005007,9
440070016001000,9
440070016001001,9
440070016001002,9
440070016001003,9
440070016001004,9
440070016001005,9
440070016001006,9
440070016001007,9
440070016001008,9
440070016001011,9
440070016001014,9
440070016002000,9
440070016002001,9
440070016002002,9
440070016002003,9
440070016002004,9
440070016002005,9
440070016002006,9
440070016002007,9
440070016002008,9
440070016002009,9
440070016002010,9
440070016002011,9
440070016002012,9
440070016002013,9
440070016002014,9
440070016002015,9
440070016002016,9
440070016002017,9
440070016002018,9
440070016002022,9
440070016002023,9
440070016002024,9
440070016002025,9
440070018002000,9
440070018002001,9
440070018002002,9
440070018002003,9
440070018002006,9
440070018002007,9
440070018002008,9
440070018002016,9
440070018002017,9
440070019003007,9
440070019003008,9
440070019003009,9
440070019003010,9
440070019003012,9
440070019003013,9
440070019003014,9
440070019003015,9
440070019003016,9
440070019003017,9
440070001022006,10
440070001022007,10
440070001022008,10
440070001022009,10
440070001022010,10
440070001022011,10
440070001022012,10
440070001022013,10
440070001022014,10
440070001022015,10
440070001022016,10
440070001022017,10
440070001022018,10
440070001022019,10
440070001022020,10
440070001022021,10
440070001022022,10
440070001022023,10
440070001022024,10
440070001022025,10
440070001022026,10
440070001022027,10
440070001022028,10
440070001022029,10
440070001022030,10
440070001022031,10
440070001022032,10
440070001022033,10
440070001022034,10
440070001022035,10
440070001022036,10
440070001022037,10
440070001022038,10
440070001022039,10
440070001022040,10
440070001022041,10
440070001022042,10
440070001022043,10
440070001022044,10
440070001022047,10
440070001024005,10
440070001024009,10
440070001024010,10
440070001024011,10
440070001024012,10
440070001024013,10
440070001024014,10
440070001024015,10
440070001024016,10
440070001024017,10
440070001024018,10
440070001024019,10
440070001024020,10
440070001024021,10
440070001024022,10
440070001024023,10
440070001024024,10
440070001024025,10
440070001024026,10
440070001024027,10
440070001024028,10
440070001024029,10
440070001024030,10
440070001024031,10
440070001024032,10
440070001024033,10
440070001024034,10
440070001024035,10
440070001024036,10
440070001024037,10
440070001024038,10
440070001024039,10
440070001024040,10
440070001024041,10
440070001024042,10
440070001024043,10
440070001024044,10
440070001024045,10
440070001024046,10
440070001024047,10
440070001024048,10
440070001024049,10
440070001024050,10
440070001024051,10
440070001024052,10
440070001024053,10
440070001024054,10
440070001024055,10
440070001024056,10
440070001024057,10
440070001024058,10
440070001024059,10
440070001024060,10
440070001024061,10
440070001024062,10
440070001024063,10
440070001024064,10
440070001024065,10
440070002001012,10
440070002001013,10
440070002001014,10
440070002001015,10
440070002001016,10
440070002002007,10
440070002002008,10
440070002002009,10
440070002002010,10
440070002002011,10
440070002002012,10
440070002005014,10
440070002005015,10
440070002005016,10
440070002005017,10
440070002005018,10
440070002005019,10
440070002005021,10
440070002005023,10
440070002005024,10
440070002005025,10
440070003005001,10
440070003005002,10
440070003005003,10
440070003005004,10
440070003005005,10
440070003005006,10
440070003005007,10
440070003005008,10
440070003005009,10
440070003005010,10
440070003005011,10
440070003005012,10
440070003005013,10
440070003005014,10
440070003005015,10
440070003005016,10
440070003005017,10
440070003005018,10
440070013002006,10
440070013002007,10
440070013002008,10
440070013003002,10
440070013003003,10
440070013003004,10
440070013003005,10
440070013003006,10
440070013003007,10
440070013003008,10
440070013003009,10
440070014001004,10
440070014001005,10
440070014005000,10
440070014005001,10
440070014005002,10
440070014005003,10
440070014005004,10
440070014005008,10
440070014005009,10
440070014005010,10
440070014005011,10
440070014005012,10
440070014005013,10
440070014005014,10
440070001022000,11
440070001022001,11
440070001022002,11
440070001022003,11
440070001022004,11
440070001022005,11
440070001022045,11
440070001022046,11
440070001024000,11
440070001024001,11
440070001024002,11
440070001024003,11
440070001024004,11
440070001024006,11
440070001024007,11
440070001024008,11
440070002001000,11
440070002001001,11
440070002001002,11
440070002001003,11
440070002001004,11
440070002001005,11
440070002001006,11
440070002001007,11
440070002001008,11
440070002001009,11
440070002001010,11
440070002001011,11
440070002002000,11
440070002002001,11
440070002002002,11
440070002002003,11
440070002002004,11
440070002002005,11
440070002002006,11
440070002005000,11
440070002005001,11
440070002005002,11
440070002005003,11
440070002005004,11
440070002005005,11
440070002005006,11
440070002005007,11
440070002005008,11
440070002005009,11
440070002005010,11
440070002005011,11
440070002005012,11
440070002005013,11
440070002005020,11
440070002005022,11
440070003001001,11
440070003001002,11
440070003001003,11
440070003001004,11
440070003001005,11
440070003001006,11
440070003005000,11
440070004001002,12
440070004001003,12
440070004001004,12
440070004001005,12
440070004001006,12
440070004001007,12
440070004001008,12
440070004001009,12
440070004001010,12
440070004001011,12
440070006001009,12
440070006001023,12
440070006001024,12
440070006001025,12
440070006001026,12
440070006001027,12
440070006001029,12
440070006001030,12
440070006001031,12
440070006001032,12
440070006001033,12
440070006001034,12
440070006001035,12
440070006001036,12
440070006001037,12
440070006001061,12
440070006001062,12
440070006001064,12
440070006001065,12
440070006001066,12
440070006001076,12
440070006001077,12
440070006001078,12
440070006001079,12
440070006001080,12
440070006001081,12
440070006001082,12
440070006001083,12
440070006001084,12
440070006001085,12
440070006001086,12
440070006001087,12
440070006001088,12
440070006001089,12
440070006001090,12
440070006001091,12
440070006001092,12
440070006001093,12
440070006001094,12
440070006001095,12
440070006001096,12
440070006001097,12
440070006001098,12
440070006001099,12
440070006001100,12
440030219021001,23
440030219021002,23
440030219021003,23
440030219021004,23
440030219021005,23
440030219021006,23
440030219021007,23
440030219021008,23
440030219021009,23
440030219021010,23
440030219021011,23
440030219021012,23
440030219021013,23
440030219021014,23
440030219021015,23
440030219021016,23
440030219021017,23
440030219021018,23
440030219021019,23
440030219021020,23
440039800001015,23
440039800001016,23
440039800001017,23
440030220002005,24
440030220002025,24
440030220002026,24
440030220002027,24
440030220002028,24
440030220003010,24
440030220003011,24
440030220003012,24
440030220003013,24
440030220003014,24
440030220003016,24
440030220003017,24
440030220003018,24
440030220003019,24
440030220003020,24
440030220003021,24
440030220003022,24
440030220003023,24
440030220003024,24
440030220003025,24
440030220003026,24
440030220003027,24
440030220003028,24
440030220003029,24
440030220003030,24
440030221003000,24
440030221003001,24
440030221003018,24
440030221003019,24
440030221003020,24
440030221003022,24
440030221003023,24
440030221003024,24
440030221003025,24
440030221003026,24
440030221003027,24
440030221003028,24
440030221003029,24
440030221003030,24
440030221003031,24
440030221003032,24
440030221003033,24
440030221003034,24
440030221003035,24
440030221003058,24
440030221003059,24
440030221003060,24
440030221003061,24
440030223001012,24
440030223001013,24
440030201022000,25
440030201022001,25
440030201022002,25
440030201022003,25
440030201022004,25
440030201022005,25
440030201022006,25
440030201022007,25
440030201022013,25
440030201023003,25
440030201023004,25
440030201023005,25
440030201023006,25
440030201023007,25
440030201023008,25
440030201023009,25
440030201023010,25
440030201023011,25
440030201023012,25
440030201023013,25
440030201023024,25
440030201023025,25
440030201023026,25
440030201023027,25
440030201023028,25
440030201023029,25
440030201023030,25
440030201023031,25
440030202001006,25
440030202001007,25
440030202001008,25
440030202001009,25
440030202001010,25
440030202001011,25
440030202001012,25
440030202001013,25
440030202001014,25
440030202001015,25
440030202001016,25
440030202001017,25
440030202001025,25
440030202002002,25
440030202002003,25
440030202002004,25
440030202002005,25
440030202002006,25
440030202002007,25
440030202002008,25
440030202002009,25
440030202002010,25
440030202002011,25
440030202002012,25
440030202002013,25
440030202002014,25
440030202002015,25
440030202002016,25
440030202002017,25
440030202002018,25
440030202002019,25
440030202002020,25
440030202002021,25
440030202002022,25
440030202002023,25
440030202002024,25
440030202002025,25
440030202002026,25
440030202002027,25
440030202002028,25
440030202003000,25
440030202003001,25
440030202003002,25
440030202003003,25
440030202003004,25
440030202003005,25
440030202003006,25
440030202003007,25
440030202003008,25
440030202003009,25
440030202003010,25
440030202003011,25
440030202003012,25
440030202003013,25
440030202003014,25
440030202003015,25
440030202003016,25
440030202003017,25
440030202003018,25
440030202003026,25
440030202003027,25
440030202003028,25
440030202003029,25
440030202003030,25
440030202003031,25
440030202003032,25
440030202003033,25
440030202003034,25
440030202003035,25
440030202003036,25
440030202003038,25
440030202003039,25
440030202003040,25
440030203001003,25
440030203001004,25
440030203001006,25
440030203001007,25
440030203001008,25
440030203001011,25
440030203001012,25
440030203001013,25
440030203001014,25
440030203001015,25
440030203001016,25
440030206012003,25
440030206012004,25
440030206012005,25
440030206012006,25
440030206012007,25
440030206012008,25
440030206012009,25
440030206012010,25
440030206012011,25
440030206012012,25
440030206012013,25
440030206012014,25
440030206012015,25
440030206012016,25
440030206012017,25
440030206012018,25
440030206012019,25
440030206012020,25
440030206012021,25
440030206012022,25
440030206012023,25
440030206012024,25
440030206012025,25
440030206012026,25
440030206012027,25
440030206012028,25
440030206012029,25
440030206012030,25
440030206043000,25
440030206043001,25
440030206043002,25
440030206043003,25
440030206043004,25
440030206043005,25
440030206043010,25
440030206043011,25
440030206043012,25
440030206043013,25
440030206043014,25
440030206043044,25
440030206043045,25
440030206043046,25
440030206043047,25
440030206043048,25
440030206043049,25
440030206043050,25
440030206043051,25
440030206043052,25
440030206043053,25
440030206043054,25
440030206043055,25
440030206043056,25
440030206043057,25
440030202001000,26
440030202001001,26
440030202001002,26
440030202001003,26
440030202001004,26
440030202001005,26
440030202001018,26
440030202001019,26
440030202001020,26
440030202001021,26
440030202001022,26
440030202001023,26
440030202001024,26
440030202001026,26
440030202001027,26
440030202001028,26
440030202001029,26
440030202001030,26
440030202001031,26
440030202001032,26
440030202002000,26
440030202002001,26
440030203001000,26
440030203001001,26
440030203001002,26
440030203001005,26
440030203001009,26
440030203001010,26
440030206012000,26
440030206012001,26
440030206012002,26
440030221003002,26
440030221003003,26
440030221003004,26
440030221003005,26
440030221003006,26
440030221003007,26
440030221003008,26
440030221003009,26
440030221003010,26
440030221003011,26
440030221003012,26
440030221003013,26
440030221003014,26
440030221003015,26
440030221003016,26
440030221003017,26
440030221003021,26
440030221003036,26
440030221003037,26
440030221003038,26
440030221003039,26
440030221003040,26
440030221003041,26
440030221003042,26
440030221003043,26
440030221003044,26
440030221003045,26
440030221003046,26
440030221003047,26
440030221003048,26
440030221003049,26
440030221003050,26
440030221003051,26
440030221003052,26
440030221003053,26
440030221003054,26
440030221003055,26
440030221003056,26
440030221003057,26
440030221003062,26
440030223003001,26
440030223003002,26
440030223003003,26
440030223003004,26
440030223003005,26
440030223003006,26
440030223003007,26
440030223003008,26
440030223003009,26
440030223003010,26
440030223003011,26
440030223003012,26
440030223003013,26
440030223003014,26
440030223003015,26
440030223003016,26
440030223003017,26
440030223003018,26
440030223003019,26
440030223003022,26
440030223003023,26
440030223003024,26
440030223003025,26
440030223003026,26
440030223003027,26
440030223003028,26
440030223003029,26
440030223003030,26
440030223003031,26
440030223003032,26
440030223003033,26
440030223003034,26
440030223003035,26
440030223003036,26
440030223003037,26
440030223003038,26
440030223003039,26
440030223003040,26
440030223003041,26
440030223003042,26
440030223003043,26
440030223003047,26
440030223003048,26
440030223003049,26
440030223003050,26
440030223003051,26
440030223003052,26
440030223003054,26
440030223003055,26
440030223003056,26
440030223003057,26
440030223004024,26
440030223004025,26
440030201022008,27
440030201022009,27
440030201022010,27
440030201022011,27
440030201022012,27
440030201022014,27
440030201022015,27
440030201022016,27
440030201022017,27
440030201022018,27
440030201022019,27
440030201022020,27
440030201022021,27
440030201022022,27
440030201022023,27
440030201022024,27
440030201022025,27
440030201022026,27
440030201023000,27
440030201023001,27
440030201023002,27
440030201023014,27
440030201023015,27
440030201023016,27
440030201023017,27
440030201023018,27
440030201023019,27
440030201023020,27
440030201023021,27
440030201023022,27
440030201023023,27
440030201023032,27
440030201023033,27
440030201023034,27
440030201023035,27
440030201023036,27
440030201023037,27
440030201023038,27
440030201023039,27
440030201023040,27
440030202003019,27
440030202003020,27
440030202003021,27
440030202003022,27
440030202003023,27
440030202003024,27
440030202003025,27
440030202003037,27
440030202003041,27
440030202003042,27
440030202003043,27
440030202003044,27
440030206031000,27
440030206031001,27
440030206031002,27
440030206031003,27
440030206031004,27
440030206031005,27
440030206031006,27
440030206031007,27
440030206031008,27
440030206031009,27
440030206031010,27
440030206031011,27
440030206031012,27
440030206031013,27
440030206031015,27
440030206031016,27
440030206031017,27
440030206031026,27
440030206031027,27
440030206031028,27
440030206031029,27
440030206031030,27
440030206031031,27
440030206031032,27
440030206031033,27
440030206031034,27
440030206031035,27
440030206031036,27
440030206031037,27
440030206031038,27
440030206031039,27
440030206031040,27
440030206031041,27
440030206031042,27
440030206031043,27
440030206031044,27
440030206031045,27
440030206031046,27
440030206031047,27
440030206031048,27
440030206031049,27
440030206031050,27
440030206031051,27
440030206031052,27
440030206031053,27
440030206031054,27
440030206031055,27
440030206031056,27
440030206031057,27
440030206031058,27
440030206031059,27
440030206031060,27
440030206031061,27
440030206031062,27
440030206033056,27
440030223001000,27
440030223001001,27
440030223001002,27
440030223001003,27
440030223001004,27
440030223001005,27
440030223001006,27
440030223001007,27
440030223001008,27
440030223001009,27
440030223001010,27
440030223001011,27
440030223001014,27
440030206021000,28
440030206021001,28
440030206021002,28
440030206021003,28
440030206021004,28
440030206021005,28
440030206021006,28
440030206021007,28
440030206021008,28
440030206021009,28
440030206021010,28
440030206021011,28
440030206021012,28
440030206021013,28
440030206021014,28
440030206021015,28
440030206021016,28
440030206021017,28
440030206021018,28
440030206021019,28
440030206021020,28
440030206021021,28
440030206021022,28
440030206021023,28
440030206021024,28
440030206021025,28
440030206021026,28
440030206021027,28
440030206021028,28
440030206021029,28
440030206021030,28
440030206021043,28
440030206022000,28
440030206022001,28
440030206022002,28
440030206022003,28
440030206022004,28
440030206022005,28
440030206022006,28
440030206022007,28
440030206022008,28
440030206022009,28
440030206022010,28
440030206022011,28
440030206022012,28
440030206022013,28
440030206022014,28
440030206022015,28
440030206022016,28
440030206022017,28
440030206022019,28
440030206022020,28
440030206022022,28
440030206022023,28
440030206022025,28
440030206022026,28
440030206022027,28
440030206022028,28
440030206022029,28
440030206022030,28
440030206022031,28
440030206022040,28
440030206022041,28
440030207022000,28
440030207022001,28
440030207022002,28
440030207022003,28
440030207022004,28
440030207022005,28
440030207022006,28
440030207022007,28
440030207022008,28
440030207022009,28
440030207022010,28
440030207022011,28
440030207022012,28
440030207022013,28
440030207022014,28
440030207022015,28
440030207022016,28
440030207022017,28
440030207022018,28
440030207022019,28
440030207022020,28
440030207022021,28
440030207022022,28
440030207022023,28
440030207022024,28
440030207022025,28
440030207022026,28
440030207022027,28
440030207022028,28
440030207022029,28
440030207022030,28
440030207022031,28
440030207022032,28
440030207022033,28
440030207022034,28
440030207022035,28
440030207022036,28
440030207022037,28
440030207022038,28
440030207022039,28
440030207022040,28
440030207022041,28
440030207022042,28
440030207022043,28
440030207022044,28
440030207022045,28
440030207022046,28
440030207022048,28
440030207022051,28
440030207022052,28
440030207022053,28
440030207022054,28
440030207022067,28
440030207022068,28
440030207033000,28
440030207033001,28
440030207033002,28
440030207033003,28
440030207033004,28
440030207033005,28
440030207033006,28
440030207033007,28
440030207033008,28
440030207033009,28
440030207033010,28
440030207033011,28
440030207033012,28
440030207033013,28
440030207033014,28
440030207033015,28
440030207033016,28
440030207033017,28
440030207033018,28
440030207033019,28
440030207033020,28
440030207033021,28
440030207033022,28
440030207033023,28
440030207033024,28
440030207033025,28
440030207033026,28
440030207033028,28
440030207033030,28
440030207033031,28
440030207033032,28
440030207033033,28
440030207033034,28
440030207033035,28
440030207033036,28
440030207033037,28
440030207033046,28
440030207033047,28
440030207033048,28
440030207033049,28
440030207033050,28
440030207033051,28
440030206021031,29
440030206021032,29
440030206021033,29
440030206021034,29
440030206021035,29
440030206021036,29
440030206021037,29
440030206021038,29
440030206021039,29
440030206021040,29
440030206021041,29
440030206021042,29
440030206021044,29
440030206021045,29
440030206021046,29
440030206021047,29
440030206022018,29
440030206022021,29
440030206022024,29
440030206022032,29
440030206022033,29
440030206022034,29
440030206022035,29
440030206022036,29
440030206022037,29
440030206022038,29
440030206022039,29
440030206031014,29
440030206031018,29
440030206031019,29
440030206031020,29
440030206031021,29
440030206031022,29
440030206031023,29
440030206031024,29
440030206031025,29
440030206033000,29
440030206033001,29
440030206033002,29
440030206033003,29
440030206033004,29
440030206033005,29
440030206033006,29
440030206033007,29
440030206033008,29
440030206033009,29
440030206033010,29
440030206033011,29
440030206033012,29
440030206033013,29
440030206033014,29
440030206033015,29
440030206033016,29
440030206033017,29
440030206033018,29
440030206033019,29
440030206033020,29
440030206033021,29
440030206033022,29
440030206033023,29
440030206033024,29
440030206033025,29
440030206033026,29
440030206033027,29
440030206033028,29
440030206033029,29
440030206033030,29
440030206033031,29
440030206033032,29
440030206033033,29
440030206033034,29
440030206033035,29
440030206033036,29
440030206033037,29
440030206033038,29
440030206033039,29
440030206033040,29
440030206033041,29
440030206033042,29
440030206033043,29
440030206033044,29
440030206033045,29
440030206033046,29
440030206033047,29
440030206033048,29
440030206033049,29
440030206033050,29
440030206033051,29
440030206033052,29
440030206033053,29
440030206033054,29
440030206033055,29
440030206033057,29
440030206033058,29
440030206033059,29
440030206033060,29
440030206033061,29
440030206033062,29
440030206033063,29
440030206043006,29
440030206043007,29
440030206043008,29
440030206043009,29
440030206043015,29
440030206043016,29
440030206043017,29
440030206043018,29
440030206043019,29
440030206043020,29
440030206043021,29
440030206043022,29
440030206043023,29
440030206043024,29
440030206043025,29
440030206043026,29
440030206043027,29
440030206043028,29
440030206043029,29
440030206043030,29
440030206043031,29
440030206043032,29
440030206043033,29
440030206043034,29
440030206043035,29
440030206043036,29
440030206043037,29
440030206043038,29
440030206043039,29
440030206043040,29
440030206043041,29
440030206043042,29
440030206043043,29
440030207033027,29
440030207033029,29
440030207033038,29
440030207033039,29
440030207033040,29
440030207033041,29
440030207033042,29
440030207033043,29
440030207033044,29
440030207033045,29
440030207033052,29
440030207033053,29
440030207033054,29
440030207033055,29
440030207033056,29
440030207033057,29
440030207033058,29
440030207033059,29
440030207033060,29
440030207033061,29
440030207033062,29
440030207033063,29
440030207033064,29
440030207033065,29
440030207033066,29
440030207033067,29
440030207033068,29
440030207033069,29
440030207033070,29
440030207033071,29
440030207033072,29
440030207033073,29
440030207033074,29
440030208001000,29
440030208001001,29
440030208001002,29
440030208001003,29
440030208001004,29
440030208001005,29
440030208001006,29
440030208001007,29
440030208001008,29
440030208001009,29
440030208001010,29
440030208001011,29
440030208001012,29
440030208001013,29
440030208001014,29
440030208001015,29
440030208001016,29
440030208001017,29
440030208001018,29
440030208001019,29
440030208001020,29
440030208001021,29
440030208001022,29
440030208001024,29
440030208001025,29
440030208001037,29
440030208001042,29
440030208001043,29
440030208001044,29
440030208001045,29
440030208001046,29
440030208002020,29
440030208002021,29
440030208002022,29
440030208002023,29
440030208002024,29
440030208002025,29
440030208002026,29
440030208002027,29
440030208002028,29
440030208002029,29
440030208002030,29
440030208002031,29
440030208002032,29
440030208002033,29
440030208002034,29
440030208002035,29
440030208002036,29
440030208002037,29
440030208002038,29
440030208002039,29
440030208002040,29
440030208002041,29
440030208002042,29
440030208002043,29
440030208002047,29
440030208002050,29
440030208002055,29
440030208002082,29
440030208002083,29
440030208002084,29
440030208002087,29
440030208003000,29
440030208003001,29
440030208003002,29
440030208003003,29
440030208003004,29
440030208003005,29
440030208003006,29
440030208003007,29
440030208003008,29
440030208003009,29
440030208003010,29
440030208003011,29
440030208003012,29
440030208003013,29
440030208003014,29
440030208003015,29
440030208003016,29
440030208003017,29
440030208003018,29
440030208003019,29
440030208003020,29
440030208003021,29
440030208003022,29
440030208003023,29
440030208003024,29
440030208003025,29
440030208003026,29
440030208003027,29
440030208003028,29
440030208003029,29
440030208003030,29
440030208003031,29
440030208003032,29
440030208003033,29
440030208003034,29
440030208003035,29
440030208003036,29
440030208003037,29
440030208003038,29
440030208003039,29
440030208003040,29
440030208003041,29
440030208003042,29
440030208003043,29
440030208003044,29
440030208003045,29
440030208003046,29
440030208003047,29
440030208003048,29
440030208003049,29
440030208003050,29
440030208003051,29
440030208003052,29
440030208003053,29
440030208003054,29
440030208003055,29
440030208003056,29
440030208003057,29
440030208003058,29
440030208003059,29
440030208003060,29
440030208003061,29
440030208003062,29
440030208003064,29
440030208003065,29
440030208003066,29
440030208003067,29
440030208003068,29
440030208003069,29
440030208003070,29
440030208003071,29
440030208003072,29
440030208003073,29
440030208003074,29
440030208003075,29
440030208003076,29
440030208003077,29
440030208003078,29
440030208003079,29
440030208003080,29
440030208003081,29
440030208003082,29
440030208003083,29
440030208003084,29
440030208003085,29
440030208003086,29
440030208001023,30
440030208001026,30
440030208001027,30
440030208001028,30
440030208001029,30
440030208001030,30
440030208001031,30
440030208001032,30
440030208001033,30
440030208001034,30
440030208001035,30
440030208001036,30
440030208001038,30
440030208001039,30
440030208001040,30
440030208001041,30
440030208002000,30
440030208002001,30
440030208002002,30
440030208002003,30
440030208002004,30
440030208002005,30
440030208002006,30
440030208002007,30
440030208002008,30
440030208002009,30
440030208002010,30
440030208002011,30
440030208002012,30
440030208002013,30
440030208002014,30
440030208002015,30
440030208002016,30
440030208002017,30
440030208002018,30
440030208002019,30
440030208002044,30
440030208002045,30
440030208002046,30
440030208002048,30
440030208002049,30
440030208002051,30
440030208002052,30
440030208002053,30
440030208002054,30
440030208002056,30
440030208002057,30
440030208002058,30
440030208002059,30
440030208002060,30
440030208002061,30
440030208002062,30
440030208002063,30
440030208002064,30
440030208002065,30
440030208002066,30
440030208002067,30
440030208002068,30
440030208002069,30
440030208002070,30
440030208002071,30
440030208002072,30
440030208002073,30
440030208002074,30
440030208002075,30
440030208002076,30
440030208002077,30
440030208002078,30
440030208002079,30
440030208002080,30
440030208002081,30
440030208002085,30
440030208002086,30
440030208002088,30
440030208003063,30
440090501022000,31
440090501022002,31
440090501022003,31
440090501022004,31
440090501022005,31
440090501022006,31
440090501022007,31
440090501022008,31
440090501022009,31
440090501022010,31
440090501022011,31
440090501022012,31
440090501022013,31
440090501022014,31
440090501022015,31
440090501022016,31
440090501022017,31
440090501022018,31
440090501022019,31
440090501022020,31
440090501022021,31
440090501022022,31
440090501032000,31
440090501032001,31
440090501032002,31
440090501032003,31
440090501032004,31
440090501032005,31
440090501032006,31
440090501032007,31
440090501032008,31
440090501032009,31
440090501032011,31
440090501032012,31
440090501032013,31
440090501032014,31
440090501032015,31
440090501032016,31
440090501032017,31
440090501032018,31
440090501032019,31
440090501032020,31
440090501032022,31
440090501032023,31
440090501032024,31
440090501032025,31
440090501032026,31
440090501032027,31
440090501032028,31
440090501032029,31
440090501032030,31
440090501032031,31
440090501032032,31
440090501032033,31
440090501032034,31
440090501032035,31
440090501032036,31
440090501032037,31
440090501032038,31
440090501032039,31
440090501032040,31
440090501032041,31
440090501032042,31
440090501032043,31
440090501032044,31
440090501032045,31
440090501032046,31
440090501032047,31
440090501032048,31
440090501032049,31
440090501032050,31
440090501032051,31
440090501032052,31
440090501032053,31
440090501032054,31
440090501032055,31
440090501032056,31
440090501032057,31
440090501032058,31
440090501032059,31
440090501032060,31
440090501032061,31
440090501032062,31
440090501032063,31
440090501032064,31
440090501032065,31
440090501032066,31
440090501032067,31
440090501032068,31
440090501032069,31
440090501032070,31
440090501032071,31
440090501032072,31
440090501032073,31
440090501032074,31
440090501032075,31
440090501032076,31
440090501032077,31
440090501032078,31
440090501032079,31
440090501032080,31
440090501032081,31
440090501032082,31
440090501032083,31
440090501032084,31
440090501032085,31
440090501032086,31
440090501032087,31
440090501032088,31
440090501032089,31
440090501032090,31
440090501032091,31
440090501032092,31
440090501032093,31
440090501032094,31
440090501032095,31
440090501032096,31
440090501032097,31
440090501032098,31
440090501032099,31
440090501032100,31
440090501032101,31
440090501032102,31
440090501032103,31
440090501032104,31
440090501032105,31
440090501032106,31
440090501032107,31
440090501032108,31
440090501032109,31
440090501032110,31
440090501032111,31
440090501032112,31
440090501032113,31
440090501032114,31
440090501032115,31
440090501032116,31
440090501032117,31
440090501032118,31
440090501032119,31
440090501032120,31
440090501032121,31
440090501032122,31
440090501032123,31
440090501032124,31
440090501032125,31
440090501032126,31
440090501032127,31
440090501032128,31
440090501032129,31
440090501032130,31
440090501032131,31
440090501032132,31
440090501032133,31
440090501032134,31
440090501032135,31
440090501032136,31
440090501032137,31
440090501032138,31
440090501032139,31
440090501032140,31
440090501032141,31
440090501032146,31
440090501032147,31
440090501032148,31
440090501032149,31
440090501032150,31
440090501032151,31
440090501032152,31
440090501032153,31
440090501032154,31
440090501032155,31
440090501032156,31
440090501032157,31
440090501032158,31
440090501032159,31
440090501032160,31
440090501032161,31
440090501032162,31
440090501032163,31
440090501032164,31
440090501032165,31
440090501032166,31
440090501032167,31
440090501032168,31
440090501032169,31
440090501032170,31
440090501032171,31
440090501032172,31
440090501032173,31
440090501032174,31
440090501032175,31
440090501032176,31
440090501032177,31
440090501032178,31
440090501032179,31
440090501032180,31
440090501032181,31
440090501032182,31
440090501032183,31
440090501032184,31
440090501032185,31
440090501032186,31
440090501032187,31
440090501032188,31
440090501032189,31
440090501032190,31
440090501032191,31
440090501032197,31
440090501032198,31
440090501032199,31
440090501032200,31
440090501032203,31
440090501032204,31
440090501032208,31
440090501032209,31
440090501032210,31
440090501032211,31
440090501032212,31
440090501032213,31
440090501032214,31
440090501032216,31
440090501032217,31
440090501032218,31
440090501032219,31
440090501032220,31
440090501032221,31
440090501032222,31
440090501032223,31
440090501032224,31
440090501032225,31
440090501032226,31
440090501032227,31
440090501032228,31
440090501032229,31
440090501032230,31
440090501032231,31
440090501032232,31
440090501032233,31
440090503011000,31
440090503011001,31
440090503011002,31
440090503011003,31
440090503011004,31
440090503011005,31
440090503011006,31
440090503011007,31
440090503011008,31
440090503011009,31
440090503011010,31
440090503011011,31
440090503011012,31
440090503011013,31
440090503011014,31
440090503011015,31
440090503011016,31
440090503011017,31
440090503011018,31
440090503011019,31
440090503011020,31
440090503011021,31
440090503011022,31
440090503011023,31
440090503011024,31
440090503011025,31
440090503011026,31
440090503011027,31
440090503011028,31
440090503011029,31
440090503011030,31
440090503011031,31
440090503011032,31
440090503011033,31
440090503011034,31
440090503011035,31
440090503011036,31
440090503011037,31
440090503011038,31
440090503011039,31
440090503011040,31
440090503011041,31
440090503011042,31
440090503011043,31
440090503011044,31
440090503011045,31
440090503011046,31
440090503011047,31
440090503011048,31
440090503011051,31
440090503011052,31
440090504011001,31
440090504011014,31
440090504011015,31
440090504011016,31
440090504011017,31
440090504011021,31
440090504011022,31
440090504011023,31
440090504011024,31
440090504011025,31
440090504012046,31
440090504012047,31
440090504012048,31
440090505001091,31
440090505001097,31
440090505001098,31
440090505001099,31
440090505001100,31
440090505001101,31
440090505001102,31
440090505001103,31
440090505001104,31
440090505001105,31
440090505001106,31
440090505001107,31
440090505001108,31
440090505001109,31
440090505001110,31
440090505001111,31
440090505001112,31
440090505001113,31
440090505001114,31
440090505001115,31
440090505001116,31
440090505001119,31
440090505001120,31
440090505001121,31
440090505003000,31
440090505003001,31
440090505003051,31
440090505003052,31
440090505003053,31
440090505003054,31
440090505003055,31
440090505003056,31
440090505003057,31
440090505003058,31
440090505003059,31
440090505003060,31
440090505003061,31
440090505003062,31
440090505003071,31
440090505003072,31
440090505003073,31
440090505003074,31
440090505003075,31
440090505003076,31
440090505003077,31
440090505003078,31
440090505003079,31
440090505003080,31
440090505003085,31
440090505003086,31
440090505003087,31
440090505003088,31
440099901000001,31
440099901000002,31
440099901000003,31
440090501022001,32
440090501022023,32
440090501022024,32
440090501032010,32
440090501032021,32
440090501032142,32
440090501032143,32
440090501032144,32
440090501032145,32
440090501032192,32
440090501032193,32
440090501032194,32
440090501032195,32
440090501032196,32
440090501032201,32
440090501032202,32
440090501032205,32
440090501032206,32
440090501032207,32
440090501032215,32
440090503011049,32
440090503011050,32
440090504011000,32
440090504011002,32
440090504011003,32
440090504011004,32
440090504011005,32
440090504011006,32
440090504011007,32
440090504011008,32
440090504011009,32
440090504011010,32
440090504011011,32
440090504011012,32
440090504011013,32
440090504011018,32
440090504011019,32
440090504011020,32
440090504011026,32
440090504011027,32
440090504011028,32
440090504012000,32
440090504012001,32
440090504012002,32
440090504012003,32
440090504012004,32
440090504012005,32
440090504012006,32
440090504012007,32
440090504012008,32
440090504012009,32
440090504012010,32
440090504012011,32
440090504012012,32
440090504012013,32
440090504012014,32
440090504012015,32
440090504012016,32
440090504012017,32
440090504012018,32
440090504012019,32
440090504012020,32
440090504012021,32
440090504012022,32
440090504012023,32
440090504012024,32
440090504012025,32
440090504012026,32
440090504012027,32
440090504012028,32
440090504012029,32
440090504012030,32
440090504012031,32
440090504012032,32
440090504012033,32
440090504012034,32
440090504012035,32
440090504012036,32
440090504012037,32
440090504012038,32
440090504012039,32
440090504012040,32
440090504012041,32
440090504012042,32
440090504012043,32
440090504012044,32
440090504012045,32
440090504012049,32
440090504012050,32
440099901000004,32
440099901000005,32
440099901000006,32
440099901000007,32
440099901000008,32
440099901000009,32
440090512011003,33
440090512011004,33
440090512011005,33
440090512011018,33
440090512011019,33
440090513062009,33
440090513063000,33
440090513063001,33
440090513063002,33
440090513063003,33
440090513063004,33
440090513063005,33
440090513063006,33
440090513063007,33
440090513063034,33
440090513063035,33
440090513063036,33
440090513063037,33
440090515031000,33
440090515031001,33
440090515031003,33
440090515031004,33
440090515031005,33
440090515031006,33
440090515031007,33
440090515031008,33
440090515031009,33
440090515031010,33
440090515031011,33
440090515031012,33
440090515031013,33
440090515031014,33
440090515031015,33
440090515031016,33
440090515031017,33
440090515031019,33
440090515031054,33
440099901000010,33
440099901000011,33
440099901000012,33
440099901000013,33
440099901000014,33
440099901000015,33
440099901000016,33
440090512011000,34
440090512011001,34
440090512011002,34
440090512011006,34
440090512011007,34
440090512011008,34
440090512011009,34
440090512011010,34
440090512011011,34
440090512011012,34
440090512011013,34
440090512011014,34
440090512011015,34
440090512011016,34
440090512011017,34
440090512011020,34
440090512011021,34
440090512011022,34
440090512011023,34
440090512012000,34
440090512012001,34
440090512012002,34
440090512012003,34
440090512012006,34
440090512012013,34
440090512012014,34
440090512012015,34
440090512012016,34
440090512012017,34
440090512012018,34
440090512012019,34
440090512012020,34
440090512012021,34
440090512012022,34
440090512012023,34
440090512012024,34
440090512012025,34
440090512012026,34
440090512012028,34
440090512012029,34
440090512012030,34
440090513041000,34
440090513041001,34
440090513041002,34
440090513041003,34
440090513041064,34
440090513041065,34
440090513041067,34
440090513041068,34
440090513041069,34
440090513041070,34
440090513041073,34
440090513041074,34
440090515031002,34
440090515031018,34
440090515031020,34
440090515031021,34
440090515031022,34
440090515031023,34
440090515031024,34
440090515031025,34
440090515031026,34
440090515031027,34
440090515031028,34
440090515031029,34
440090515031030,34
440090515031031,34
440090515031032,34
440090515031033,34
440090515031034,34
440090515031035,34
440090515031036,34
440090515031037,34
440090515031038,34
440090515031039,34
440090515031040,34
440090515031041,34
440090515031042,34
440090515031043,34
440090515031044,34
440090515031045,34
440090515031046,34
440090515031047,34
440090515031048,34
440090515031049,34
440090515031050,34
440090515031051,34
440090515031052,34
440090515031053,34
440099901000017,34
440099901000018,34
440099901000019,34
440099901000020,34
440099901000021,34
440099901000022,34
440099901000023,34
440099901000024,34
440099901000025,34
440090512012004,35
440090512012005,35
440090512012007,35
440090512012008,35
440090512012009,35
440090512012010,35
440090512012011,35
440090512012012,35
440090512012027,35
440090512012031,35
440090513021000,35
440090513021001,35
440090513021002,35
440090513021003,35
440090513021004,35
440090513026000,35
440090513026001,35
440090513026002,35
440090513026003,35
440090513026004,35
440090513026005,35
440090513026006,35
440090513026007,35
440090513026008,35
440090513026009,35
440090513026010,35
440090513026011,35
440090513026012,35
440090513026013,35
440090513026014,35
440090513026015,35
440090513026016,35
440090513026017,35
440090513026018,35
440090513026019,35
440090513026020,35
440090513026021,35
440090513026022,35
440090513026023,35
440090513026024,35
440090513026025,35
440090513026026,35
440090513026027,35
440090513026028,35
440090513026029,35
440090513026030,35
440090513026031,35
440090513026032,35
440090513026033,35
440090513026034,35
440090513026035,35
440090513026036,35
440090513026037,35
440090513026038,35
440090513026039,35
440090513026040,35
440090513026041,35
440090513026042,35
440090513026043,35
440090513026044,35
440090513026045,35
440090513026046,35
440090513026047,35
440090513026048,35
440090513026049,35
440090513026051,35
440090513026054,35
440090513026058,35
440090513041004,35
440090513041005,35
440090513041006,35
440090513041007,35
440090513041008,35
440090513041009,35
440090513041010,35
440090513041011,35
440090513041012,35
440090513041013,35
440090513041014,35
440090513041015,35
440090513041016,35
440090513041017,35
440090513041018,35
440090513041019,35
440090513041020,35
440090513041021,35
440090513041022,35
440090513041023,35
440090513041024,35
440090513041025,35
440090513041026,35
440090513041027,35
440090513041028,35
440090513041043,35
440090513041066,35
440090513062000,35
440090513062001,35
440090513062002,35
440090513062003,35
440090513062004,35
440090513062005,35
440090513062006,35
440090513062007,35
440090513062008,35
440090513062010,35
440090513062011,35
440090513062012,35
440090513062013,35
440090513062014,35
440090513062015,35
440090513062016,35
440090513062017,35
440090513062018,35
440090513062019,35
440090513062020,35
440090513062021,35
440090513063008,35
440090513063009,35
440090513063010,35
440090513063011,35
440090513063012,35
440090513063013,35
440090513063014,35
440090513063015,35
440090513063016,35
440090513063017,35
440090513063018,35
440090513063019,35
440090513063020,35
440090513063021,35
440090513063022,35
440090513063023,35
440090513063024,35
440090513063025,35
440090513063026,35
440090513063027,35
440090513063028,35
440090513063029,35
440090513063030,35
440090513063031,35
440090513063032,35
440090513063033,35
440090513063038,35
440090509012000,36
440090509012001,36
440090509012006,36
440090509012011,36
440090509012014,36
440090509012015,36
440090509012016,36
440090509012054,36
440090509013014,36
440090509021017,36
440090509021018,36
440090509021022,36
440090509021023,36
440090509021024,36
440090509021025,36
440090509021026,36
440090509021027,36
440090509022001,36
440090509022003,36
440090509022008,36
440090509022009,36
440090509022010,36
440090509022011,36
440090509022012,36
440090509022013,36
440090509022014,36
440090509022015,36
440090509022016,36
440090509022017,36
440090509022018,36
440090509022019,36
440090509022020,36
440090509022021,36
440090509022022,36
440090509022023,36
440090509022024,36
440090509022025,36
440090509022026,36
440090509022027,36
440090509022028,36
440090509022029,36
440090509022030,36
440090509022031,36
440090509022032,36
440090509022033,36
440090509022034,36
440090509022042,36
440090509022043,36
440090510002000,36
440090510002004,36
440090510002030,36
440090513021005,36
440090513021006,36
440090513021007,36
440090513021008,36
440090513021009,36
440090513021010,36
440090513021011,36
440090513021012,36
440090513021013,36
440090513021014,36
440090513021015,36
440090513021016,36
440090513021017,36
440090513021018,36
440090513021019,36
440090513021020,36
440090513021021,36
440090513021022,36
440090513021023,36
440090513021024,36
440090513021025,36
440090513021026,36
440090513021027,36
440090513021028,36
440090513021029,36
440090513021030,36
440090513021031,36
440090513021032,36
440090513021033,36
440090513021034,36
440090513021035,36
440090513021036,36
440090513021037,36
440090513021038,36
440090513021039,36
440090513021040,36
440090513021041,36
440090513026050,36
440090513026052,36
440090513026053,36
440090513026055,36
440090513026056,36
440090513026057,36
440090513041029,36
440090513041030,36
440090513041031,36
440090513041032,36
440090513041033,36
440090513041034,36
440090513041035,36
440090513041036,36
440090513041037,36
440090513041038,36
440090513041039,36
440090513041040,36
440090513041041,36
440090513041042,36
440090513041044,36
440090513041045,36
440090513041046,36
440090513041047,36
440090513041048,36
440090513041049,36
440090513041050,36
440090513041051,36
440090513041052,36
440090513041053,36
440090513041054,36
440090513041055,36
440090513041056,36
440090513041057,36
440090513041058,36
440090513041059,36
440090513041060,36
440090513041061,36
440090513041062,36
440090513041063,36
440090513041071,36
440090513041072,36
440099901000026,36
440099901000027,36
440099901000028,36
440099901000029,36
440099901000030,36
440099901000031,36
440099901000032,36
440099901000033,36
440099901000034,36
440099901000035,36
440099901000036,36
440090509012002,37
440090509012003,37
440090509012004,37
440090509012005,37
440090509012007,37
440090509012008,37
440090509012009,37
440090509012010,37
440090509012012,37
440090509012013,37
440090509012017,37
440090509012018,37
440090509012019,37
440090509012020,37
440090509012021,37
440090509012022,37
440090509012023,37
440090509012024,37
440090509012025,37
440090509012026,37
440090509012027,37
440090509012028,37
440090509012029,37
440090509012030,37
440090509012031,37
440090509012032,37
440090509012033,37
440090509012034,37
440090509012035,37
440090509012036,37
440090509012037,37
440090509012038,37
440090509012039,37
440090509012040,37
440090509012041,37
440090509012042,37
440090509012043,37
440090509012044,37
440090509012045,37
440090509012046,37
440090509012047,37
440090509012048,37
440090509012049,37
440090509012050,37
440090509012051,37
440090509012052,37
440090509012053,37
440090509013015,37
440090509013016,37
440090509013036,37
440090509013038,37
440090509022035,37
440090509022036,37
440090509022037,37
440090509022038,37
440090509022039,37
440090509022040,37
440090509022041,37
440090509022044,37
440090509022045,37
440090509022046,37
440090510002001,37
440090510002002,37
440090510002003,37
440090510002005,37
440090510002006,37
440090510002007,37
440090510002008,37
440090510002009,37
440090510002010,37
440090510002011,37
440090510002012,37
440090510002013,37
440090510002014,37
440090510002015,37
440090510002016,37
440090510002017,37
440090510002018,37
440090510002019,37
440090510002020,37
440090510002021,37
440090510002022,37
440090510002023,37
440090510002024,37
440090510002025,37
440090510002026,37
440090510002027,37
440090510002028,37
440090510002029,37
440090510002031,37
440090510002032,37
440090510002033,37
440090510002034,37
440090510002035,37
440090510002036,37
440090510002037,37
440090510002038,37
440090510002039,37
440090510002040,37
440090510002041,37
440090510002042,37
440090510002043,37
440090510002044,37
440090510002045,37
440090510002046,37
440090510002047,37
440090510002048,37
440090510002049,37
440090510002050,37
440090510002051,37
440090510002052,37
440090510002053,37
440090510002054,37
440090510002055,37
440090510002056,37
440090510002057,37
440090510002058,37
440090510002059,37
440090510002060,37
440090510002061,37
440090510002062,37
440090510002063,37
440090510002064,37
440090510002065,37
440090510002066,37
440099901000037,37
440099901000038,37
440099901000039,37
440099901000040,37
440099901000041,37
440099901000042,37
440099901000043,37
440099901000044,37
440099901000045,37
440099901000046,37
440099901000047,37
440090507001011,38
440090507001015,38
440090507001018,38
440090507001019,38
440090507001020,38
440090507001021,38
440090507001022,38
440090507001023,38
440090507001025,38
440090507001026,38
440090507001027,38
440090507001029,38
440090507001030,38
440090507001031,38
440090507001032,38
440090507001033,38
440090507001034,38
440090507001035,38
440090507001036,38
440090507001037,38
440090507001038,38
440090507001039,38
440090507001040,38
440090507001041,38
440090507001043,38
440090507001044,38
440090507001045,38
440090507001046,38
440090507001047,38
440090507001048,38
440090507001049,38
440090507001050,38
440090507001054,38
440090507003015,38
440090507003017,38
440090507003018,38
440090507003019,38
440090507003020,38
440090507003021,38
440090507003022,38
440090507003023,38
440090507003024,38
440090507003031,38
440090507003032,38
440090507003033,38
440090507003034,38
440090507003035,38
440090507003036,38
440090507003037,38
440090507003038,38
440090507003039,38
440090507003040,38
440090507003041,38
440090507003042,38
440090507003043,38
440090507003044,38
440090507003045,38
440090507003046,38
440090507003047,38
440090507003048,38
440090507003049,38
440090507003050,38
440090507003051,38
440090507003052,38
440090507003053,38
440090507003054,38
440090507003055,38
440090507003056,38
440090507003057,38
440090507003058,38
440090507003059,38
440090507003060,38
440090507003061,38
440090507003062,38
440090507003063,38
440090507003064,38
440090507003065,38
440090507003066,38
440090507003067,38
440090507003068,38
440090507003069,38
440090507003070,38
440090507003071,38
440090507003072,38
440090507003073,38
440090507003074,38
440090507003075,38
440090507003076,38
440090507003077,38
440090507003078,38
440090507003079,38
440090507003080,38
440090507003081,38
440090507003082,38
440090507003083,38
440090507003084,38
440090507003085,38
440090507003086,38
440090507003088,38
440090507003089,38
440090507003090,38
440090507003091,38
440090507003092,38
440090507003093,38
440090507003094,38
440090507003095,38
440090509013000,38
440090509013001,38
440090509013002,38
440090509013003,38
440090509013004,38
440090509013005,38
440090509013006,38
440090509013007,38
440090509013008,38
440090509013009,38
440090509013010,38
440090509013011,38
440090509013012,38
440090509013013,38
440090509013017,38
440090509013018,38
440090509013019,38
440090509013020,38
440090509013021,38
440090509013022,38
440090509013023,38
440090509013024,38
440090509013025,38
440090509013026,38
440090509013027,38
440090509013028,38
440090509013029,38
440090509013030,38
440090509013031,38
440090509013032,38
440090509013033,38
440090509013034,38
440090509013035,38
440090509013037,38
440090509013039,38
440090509013040,38
440090509021000,38
440090509021001,38
440090509021002,38
440090509021003,38
440090509021004,38
440090509021005,38
440090509021006,38
440090509021007,38
440090509021008,38
440090509021009,38
440090509021010,38
440090509021011,38
440090509021012,38
440090509021013,38
440090509021014,38
440090509021015,38
440090509021016,38
440090509021019,38
440090509021020,38
440090509021021,38
440090509021028,38
440090509021029,38
440090509022000,38
440090509022002,38
440090509022004,38
440090509022005,38
440090509022006,38
440090509022007,38
440090505001000,39
440090505001001,39
440090505001002,39
440090505001003,39
440090505001004,39
440090505001005,39
440090505001006,39
440090505001007,39
440090505001008,39
440090505001009,39
440090505001010,39
440090505001011,39
440090505001012,39
440090505001013,39
440090505001014,39
440090505001015,39
440090505001016,39
440090505001017,39
440090505001018,39
440090505001019,39
440090505001020,39
440090505001021,39
440090505001022,39
440090505001023,39
440090505001024,39
440090505001025,39
440090505001026,39
440090505001027,39
440090505001028,39
440090505001029,39
440090505001030,39
440090505001031,39
440090505001032,39
440090505001033,39
440090505001034,39
440090505001035,39
440090505001036,39
440090505001037,39
440090505001038,39
440090505001039,39
440090505001040,39
440090505001041,39
440090505001042,39
440090505001043,39
440090505001044,39
440090505001045,39
440090505001046,39
440090505001047,39
440090505001048,39
440090505001049,39
440090505001050,39
440090505001051,39
440090505001052,39
440090505001053,39
440090505001054,39
440090505001055,39
440090505001056,39
440090505001057,39
440090505001058,39
440090505001059,39
440090505001060,39
440090505001061,39
440090505001062,39
440090505001063,39
440090505001064,39
440090505001065,39
440090505001066,39
440090505001067,39
440090505001068,39
440090505001069,39
440090505001070,39
440090505001071,39
440090505001072,39
440090505001073,39
440090505001074,39
440090505001075,39
440090505001076,39
440090505001077,39
440090505001078,39
440090505001079,39
440090505001080,39
440090505001081,39
440090505001082,39
440090505001083,39
440090505001084,39
440090505001085,39
440090505001086,39
440090505001087,39
440090505001088,39
440090505001089,39
440090505001090,39
440090505001092,39
440090505001093,39
440090505001094,39
440090505001095,39
440090505001096,39
440090505001117,39
440090505001118,39
440090505001122,39
440090505001123,39
440090505001124,39
440090505003002,39
440090505003003,39
440090505003004,39
440090505003005,39
440090505003006,39
440090505003007,39
440090505003008,39
440090505003009,39
440090505003010,39
440090505003011,39
440090505003012,39
440090505003013,39
440090505003014,39
440090505003015,39
440090505003016,39
440090505003017,39
440090505003018,39
440090505003019,39
440090505003020,39
440090505003021,39
440090505003022,39
440090505003023,39
440090505003024,39
440090505003025,39
440090505003026,39
440090505003027,39
440090505003028,39
440090505003029,39
440090505003030,39
440090505003031,39
440090505003032,39
440090505003033,39
440090505003034,39
440090505003035,39
440090505003036,39
440090505003037,39
440090505003038,39
440090505003039,39
440090505003040,39
440090505003041,39
440090505003042,39
440090505003043,39
440090505003044,39
440090505003045,39
440090505003046,39
440090505003047,39
440090505003048,39
440090505003049,39
440090505003050,39
440090505003063,39
440090505003064,39
440090505003065,39
440090505003066,39
440090505003067,39
440090505003068,39
440090505003069,39
440090505003070,39
440090505003081,39
440090505003082,39
440090505003083,39
440090505003084,39
440090507001000,39
440090507001001,39
440090507001002,39
440090507001003,39
440090507001004,39
440090507001005,39
440090507001006,39
440090507001007,39
440090507001008,39
440090507001009,39
440090507001010,39
440090507001012,39
440090507001013,39
440090507001014,39
440090507001016,39
440090507001017,39
440090507001024,39
440090507001028,39
440090507001042,39
440090507001051,39
440090507001052,39
440090507001053,39
440090507001055,39
440090507003000,39
440090507003001,39
440090507003002,39
440090507003003,39
440090507003004,39
440090507003005,39
440090507003006,39
440090507003007,39
440090507003008,39
440090507003009,39
440090507003010,39
440090507003011,39
440090507003012,39
440090507003013,39
440090507003014,39
440090507003016,39
440090507003025,39
440090507003026,39
440090507003027,39
440090507003028,39
440090507003029,39
440090507003030,39
440090507003087,39
440030207022047,40
440030207022049,40
440030207022050,40
440030207022055,40
440030207022056,40
440030207022057,40
440030207022058,40
440030207022059,40
440030207022060,40
440030207022061,40
440030207022062,40
440030207022063,40
440030207022064,40
440030207022065,40
440030207022066,40
440030207022069,40
440030207022070,40
440030207022071,40
440030207022072,40
440030207022073,40
440030207022074,40
440030207022075,40
440070131011006,40
440070131011007,40
440070131011008,40
440070131011010,40
440070131011011,40
440070131011012,40
440070131011013,40
440070131011014,40
440070131011015,40
440070131011016,40
440070131011017,40
440070131011018,40
440070131011019,40
440070131011020,40
440070131011021,40
440070131011022,40
440070131011023,40
440070131011024,40
440070131011025,40
440070131011026,40
440070131011027,40
440070131011028,40
440070131011029,40
440070131011030,40
440070131011031,40
440070131011032,40
440070131011033,40
440070131011034,40
440070131011035,40
440070131011036,40
440070131011037,40
440070131011038,40
440070131011039,40
440070131011040,40
440070131011041,40
440070131011042,40
440070131011043,40
440070131011044,40
440070131011045,40
440070131011046,40
440070131011047,40
440070131011048,40
440070131011049,40
440070131011050,40
440070131011051,40
440070131011052,40
440070131011053,40
440070131011054,40
440070131011055,40
440070131011056,40
440070131011057,40
440070131011058,40
440070131011059,40
440070131011060,40
440070131011061,40
440070131011062,40
440070131011063,40
440070131011064,40
440070131011066,40
440070131011067,40
440070131012019,40
440070131012023,40
440070131012024,40
440070131012025,40
440070131012026,40
440070131012027,40
440070131012028,40
440070131012029,40
440070131012030,40
440070131012031,40
440070131012032,40
440070131012034,40
440070131012038,40
440070131012040,40
440070131012044,40
440070131012045,40
440070131012046,40
440070131012047,40
440070131012048,40
440070131012049,40
440070131012050,40
440070131012051,40
440070131012052,40
440070131012053,40
440070131012054,40
440070131012055,40
440070131012056,40
440070131012057,40
440070131012058,40
440070131012059,40
440070131012060,40
440070131012061,40
440070131012062,40
440070131012063,40
440070131012064,40
440070131012065,40
440070131012066,40
440070131012067,40
440070131012068,40
440070131012069,40
440070131012070,40
440070131012071,40
440070131012072,40
440070131012073,40
440070131012074,40
440070131012075,40
440070131012076,40
440070131012077,40
440070131012078,40
440070131012079,40
440070131012080,40
440070131013000,40
440070131013001,40
440070131013002,40
440070131013003,40
440070131013005,40
440070131013014,40
440070131013015,40
440070131013016,40
440070131013017,40
440070131013018,40
440070131013019,40
440070131013020,40
440070131013021,40
440070131013022,40
440070156001003,60
440070156001004,60
440070156001007,60
440070156001008,60
440070156002001,60
440070156002002,60
440070156002003,60
440070156002004,60
440070156003001,60
440070156003002,60
440070156003005,60
440070156003006,60
440070156003009,60
440070156003010,60
440070156003011,60
440070156003012,60
440070156003013,60
440070156003014,60
440070156003015,60
440070156003016,60
440070159001007,60
440070159001008,60
440070159001009,60
440070159001016,60
440070159004001,60
440070159004002,60
440070159004003,60
440070159004004,60
440070159004005,60
440070159004007,60
440070159004008,60
440070159004011,60
440070159004012,60
440070160001000,60
440070160001001,60
440070160001002,60
440070160001003,60
440070160001004,60
440070160001005,60
440070160001006,60
440070160001007,60
440070160001008,60
440070160001009,60
440070160001010,60
440070160001011,60
440070160001012,60
440070160001013,60
440070160001014,60
440070160001015,60
440070160001016,60
440070160001017,60
440070160001018,60
440070160001021,60
440070160001022,60
440070160001023,60
440070160001024,60
440070160001025,60
440070160001026,60
440070160001029,60
440070160001030,60
440070160001031,60
440070160001032,60
440070160001033,60
440070167001000,60
440070168001004,60
440070168001005,60
440070168001006,60
440070168001007,60
440070168001015,60
440070168001016,60
440070168001017,60
440070168001026,60
440070168003002,60
440070168003003,60
440070171002000,60
440070171002001,60
440070171002002,60
440070171002003,60
440070171002004,60
440070171002005,60
440070171002006,60
440070171002007,60
440070171002008,60
440070171002009,60
440070156001000,61
440070156001001,61
440070156001002,61
440070156001005,61
440070156001006,61
440070156001009,61
440070156002000,61
440070156002005,61
440070156002006,61
440070156003000,61
440070156003003,61
440070156003004,61
440070156003007,61
440070156003008,61
440070159001000,61
440070159001001,61
440070159001002,61
440070159001003,61
440070159001004,61
440070159001005,61
440070159001006,61
440070159001010,61
440070159001011,61
440070159001012,61
440070159001013,61
440070159001014,61
440070159001015,61
440070159001017,61
440070159001018,61
440070159004000,61
440070159004006,61
440070159004009,61
440070159004010,61
440070168001000,61
440070168001001,61
440070168001002,61
440070168001003,61
440070168001008,61
440070168001009,61
440070168001010,61
440070168001011,61
440070168001012,61
440070168001013,61
440070168001014,61
440070168001018,61
440070168001019,61
440070168001020,61
440070168001021,61
440070168001022,61
440070168001023,61
440070168001024,61
440070168001025,61
440070168001027,61
440070168002000,61
440070168002001,61
440070168002002,61
440070168002003,61
440070168002004,61
440070168002005,61
440070168002006,61
440070168002008,61
440070168002009,61
440070168003000,61
440070168003001,61
440070168003005,61
440070168003006,61
440070168003007,61
440070168003008,61
440070169001000,61
440070169001001,61
440070169001002,61
440070169001003,61
440070169001004,61
440070169001005,61
440070169001006,61
440070169001011,61
440070169001012,61
440070169001013,61
440070169002000,61
440070169002011,61
440070160001028,62
440070167001001,62
440070167001002,62
440070167001003,62
440070167001004,62
440070167001005,62
440070167001006,62
440070167001007,62
440070167001008,62
440070167001009,62
440070167001010,62
440070167001011,62
440070167001012,62
440070167001013,62
440070167001014,62
440070167001015,62
440070167001016,62
440070167001017,62
440070167001018,62
440070167001019,62
440070167001020,62
440070167001021,62
440070168002007,62
440070168002010,62
440070168002011,62
440070168002012,62
440070168002013,62
440070168002014,62
440070168002015,62
440070168002016,62
440070168002017,62
440070168003004,62
440070168003009,62
440070168003010,62
440070168003011,62
440070168003012,62
440070168003013,62
440070168003014,62
440070168003015,62
440070168003016,62
440070168003017,62
440070168003018,62
440070168003019,62
440070168003020,62
440070168003021,62
440070168003022,62
440070168003023,62
440070169001007,62
440070169001008,62
440070169001009,62
440070169001010,62
440070169001014,62
440070169002001,62
440070169002002,62
440070169002003,62
440070169002004,62
440070169002005,62
440070169002006,62
440070169002007,62
440070169002008,62
440070169002009,62
440070169002010,62
440070169002012,62
440070169002013,62
440070169002014,62
440070169002015,62
440070169002016,62
440070169002017,62
440070169002018,62
440070169002019,62
440070169002020,62
440070169002021,62
440070169002022,62
440070169002023,62
440070169002024,62
440070169002025,62
440070169002026,62
440070169002027,62
440070169002028,62
440070169002029,62
440070169002030,62
440070169002031,62
440070169002032,62
440070169002033,62
440070169002034,62
440070169002035,62
440070169002036,62
440070169002037,62
440070171002010,62
440070171002011,62
440070171002012,62
440070171002013,62
440070171002014,62
440070171002015,62
440070171002016,62
440070171002017,62
440070171002018,62
440070171002019,62
440070171002020,62
440070102003001,63
440070102003002,63
440070102004000,63
440070102004001,63
440070102004002,63
440070102004005,63
440070102004006,63
440070102004007,63
440070102004008,63
440070102004009,63
440070102004010,63
440070102004013,63
440070102004014,63
440070102004015,63
440070102004016,63
440070102004017,63
440070102004018,63
440070102007000,63
440070102007001,63
440070102007002,63
440070102007003,63
440070102007004,63
440070102007009,63
440070102007010,63
440070105011000,63
440070105011001,63
440070105011002,63
440070105011003,63
440070105011004,63
440070105011005,63
440070105011006,63
440070105011007,63
440070105011008,63
440070105011009,63
440070105011010,63
440070105011011,63
440070105011012,63
440070105011013,63
440070105011014,63
440070105011022,63
440070105011026,63
440070105011034,63
440070105011036,63
440070105011037,63
440070105011040,63
440070102003000,64
440070102003003,64
440070102003004,64
440070102003005,64
440070102003006,64
440070102003007,64
440070102003008,64
440070102003009,64
440070102003010,64
440070102003011,64
440070102003012,64
440070102003013,64
440070102004003,64
440070102004004,64
440070102004011,64
440070102004012,64
440070102007005,64
440070102007006,64
440070102007007,64
440070102007008,64
440070102007011,64
440070102007012,64
440070102007013,64
440070102007014,64
440070102007015,64
440070102007016,64
440070102007017,64
440070102007018,64
440070102007019,64
440070102007020,64
440070102007021,64
440070102007022,64
440070102007023,64
440070102007024,64
440070105021000,64
440070105021001,64
440070105021002,64
440070105021003,64
440070105021004,64
440070105021005,64
440070105021006,64
440070105021007,64
440070105021008,64
440070105021009,64
440070105021010,64
440070105021011,64
440070105021012,64
440070105021013,64
440070105021014,64
440070105021015,64
440070105021016,64
440070105021017,64
440070105021018,64
440070105021019,64
440070105021020,64
440070105021022,64
440070105021023,64
440070105021024,64
440070105021025,64
440070105021026,64
440070105021027,64
440070105021037,64
440070105011015,65
440070105011016,65
440070105011017,65
440070105011018,65
440070105011019,65
440070105011020,65
440070105011021,65
440070105011023,65
440070105011024,65
440070105011025,65
440070105011027,65
440070105011028,65
440070105011029,65
440070105011030,65
440070105011031,65
440070105011032,65
440070105011033,65
440070105011035,65
440070105011038,65
440070105011039,65
440070105011041,65
440070105011042,65
440070105011043,65
440070105011044,65
440070105011045,65
440070105011046,65
440070105011047,65
440070105011048,65
440070105011049,65
440070105011050,65
440070105021021,65
440070105021028,65
440070105021029,65
440070105021030,65
440070105021031,65
440070105021032,65
440070105021033,65
440070105021034,65
440070105021035,65
440070105021036,65
440070105021038,65
440070105021039,65
440070105021040,65
440070105021041,65
440070105021042,65
440070107011001,65
440070107011009,65
440070107012002,65
440070107012003,65
440070107012004,65
440070107012005,65
440070107022006,65
440070107022007,65
440070107022008,65
440070107022009,65
440070107022019,65
440070107022020,65
440070107022021,65
440070107022022,65
440070107023007,65
440070107023008,65
440070107023009,65
440070107023010,65
440070107024009,65
440070107024010,65
440010302001002,66
440010302001003,66
440010302001004,66
440010302001005,66
440010302001006,66
440010302001007,66
440010302001008,66
440010302001009,66
440010302001010,66
440010302001011,66
440010302001012,66
440010302001013,66
440010302001014,66
440010302001015,66
440010302001016,66
440010302001017,66
440010302001018,66
440010302001019,66
440010302001020,66
440010302001021,66
440010302001022,66
440010302001023,66
440010302001024,66
440010302001025,66
440010302001026,66
440010302001027,66
440010302001028,66
440010302001029,66
440010302001030,66
440010302001031,66
440010302001032,66
440010302001033,66
440010302001034,66
440010302001035,66
440010302001036,66
440010302001037,66
440010302001038,66
440010302002000,66
440010302002001,66
440010302002002,66
440010302002003,66
440010302002004,66
440010302002005,66
440010302002006,66
440010302002007,66
440010302002008,66
440010302002009,66
440010302002011,66
440010302002012,66
440010302002013,66
440010302002014,66
440010302002015,66
440010302002016,66
440010302002018,66
440010302002019,66
440010302002020,66
440010302002021,66
440010302002022,66
440010302002023,66
440010302002024,66
440010302003024,66
440010302003025,66
440010302003026,66
440010302003027,66
440010302003028,66
440010302003029,66
440010304001001,66
440010304001002,66
440010304001003,66
440010304001004,66
440010304001006,66
440010304001008,66
440010304001009,66
440010304001010,66
440010304001011,66
440010304001016,66
440010304001017,66
440010304001018,66
440010304001019,66
440010304001020,66
440010304001021,66
440010304001022,66
440010304001023,66
440010304001024,66
440010304001025,66
440010304001026,66
440010304002002,66
440010304002003,66
440010304002004,66
440010304002005,66
440010304002006,66
440010304002007,66
440010304002012,66
440010304003000,66
440010304003001,66
440010304003002,66
440010304003003,66
440010304003004,66
440010304003005,66
440010304003006,66
440010304003007,66
440010304003008,66
440010304003009,66
440010304003010,66
440010304003011,66
440010304003012,66
440010304003013,66
440010304003014,66
440010304003015,66
440010304003016,66
440010304003017,66
440010304003018,66
440010304003019,66
440010304003020,66
440010304003021,66
440010304003022,66
440010304003023,66
440010304003024,66
440010304003025,66
440010304003026,66
440010304003027,66
440010304003030,66
440010304003031,66
440070107011000,66
440070107011002,66
440070107011003,66
440070107011004,66
440070107011005,66
440070107011006,66
440070107011007,66
440070107011008,66
440070107011010,66
440070107011011,66
440070107011012,66
440070107011013,66
440070107011014,66
440070107011015,66
440070107011016,66
440070107011017,66
440070107011018,66
440070107011019,66
440070107011020,66
440070107012000,66
440070107012001,66
440070107012006,66
440070107012007,66
440070107012008,66
440070107012009,66
440070107012010,66
440070107012011,66
440070107012012,66
440070131021004,40
440070131021005,40
440070131021006,40
440070131021007,40
440070131021008,40
440070131021009,40
440070131021010,40
440070131021018,40
440070131021019,40
440070131021020,40
440070131021021,40
440070131021022,40
440070131021023,40
440070131021024,40
440070131021025,40
440070131021026,40
440070131021027,40
440070131021028,40
440070131021029,40
440070131021030,40
440070131021031,40
440070131021032,40
440070131021033,40
440070131021034,40
440070131021035,40
440070131021036,40
440070131021037,40
440070131021038,40
440070131021039,40
440070131021040,40
440070131021041,40
440070131021042,40
440070131021043,40
440070131021044,40
440070131021045,40
440070131021046,40
440070131021047,40
440070131021048,40
440070131021049,40
440070131021050,40
440070131021051,40
440070131021052,40
440070131021053,40
440070131021054,40
440070131021055,40
440070131021056,40
440070131021057,40
440070131021058,40
440070131022002,40
440070131022003,40
440070131022004,40
440070131022005,40
440070131022006,40
440070131022007,40
440070131022008,40
440070131022009,40
440070131022010,40
440070131022011,40
440070131022012,40
440070131022013,40
440070131022014,40
440070131022015,40
440070131022016,40
440070131022017,40
440070131022018,40
440070131022019,40
440070131022020,40
440070131022021,40
440070131022022,40
440070131022023,40
440070131022024,40
440070131022025,40
440070131022026,40
440070131022027,40
440070131022028,40
440070131022032,40
440070131022033,40
440070131022034,40
440070131022035,40
440070131022036,40
440070131022037,40
440070131022038,40
440070131022039,40
440070131022040,40
440070131022041,40
440070131022042,40
440070131022043,40
440070131022044,40
440070131022045,40
440070131022046,40
440070131022047,40
440070131022048,40
440070131022049,40
440070131022051,40
440070131022052,40
440070131022053,40
440070131022055,40
440070145011014,41
440070145011015,41
440070145011016,41
440070145011018,41
440070145011019,41
440070145011020,41
440070145011021,41
440070145011022,41
440070145011023,41
440070145011024,41
440070145011025,41
440070145011026,41
440070145011027,41
440070145011028,41
440070145011038,41
440070145011039,41
440070145013000,41
440070145013001,41
440070145013002,41
440070145013003,41
440070145013004,41
440070145013005,41
440070145013006,41
440070145013007,41
440070146002006,41
440070146002007,41
440070146002008,41
440070146002009,41
440070146002010,41
440070146002011,41
440070146002012,41
440070146002013,41
440070146002014,41
440070146002015,41
440070146002016,41
440070146002017,41
440070146002018,41
440070146002019,41
440070146002020,41
440070146002021,41
440070146002022,41
440070146002023,41
440070146002024,41
440070146002025,41
440070146002026,41
440070146002027,41
440070146002028,41
440070146002029,41
440070146002030,41
440070146002031,41
440070146002032,41
440070146002033,41
440070146002034,41
440070146002035,41
440070146002036,41
440070146002037,41
440070146002039,41
440070146002040,41
440070146002041,41
440070146002042,41
440070146002043,41
440070146002044,41
440070146002045,41
440070146002046,41
440070146002047,41
440070146002048,41
440070146002049,41
440070146002050,41
440070146002051,41
440070146002052,41
440070146002053,41
440070146002054,41
440070146002055,41
440070146002056,41
440070146002057,41
440070146002058,41
440070146002059,41
440070146002060,41
440070146002061,41
440070146002072,41
440070146002073,41
440070122001001,42
440070122001002,42
440070122001003,42
440070122001004,42
440070122001005,42
440070122001006,42
440070122001007,42
440070122001008,42
440070122001009,42
440070122001010,42
440070122001011,42
440070122001012,42
440070122001013,42
440070122001014,42
440070122001015,42
440070122001016,42
440070122001017,42
440070122001018,42
440070122001019,42
440070122001020,42
440070122001021,42
440070122001022,42
440070122001023,42
440070122001024,42
440070122001025,42
440070122001026,42
440070122001027,42
440070122001028,42
440070122001029,42
440070122001030,42
440070122001031,42
440070122001032,42
440070124021015,42
440070124021016,42
440070124021017,42
440070124021018,42
440070124021019,42
440070124021020,42
440070124021021,42
440070124021037,42
440070124022013,42
440070124022014,42
440070124022015,42
440070124022016,42
440070124022017,42
440070124022018,42
440070124022019,42
440070124022020,42
440070148001000,42
440070148001001,42
440070148001002,42
440070148001003,42
440070148001004,42
440070148001005,42
440070148001021,42
440070148001022,42
440070148001023,42
440070148001026,42
440070148001029,42
440070148001030,42
440070148001031,42
440070148001032,42
440070148001033,42
440070148001034,42
440070148001035,42
440070148001036,42
440070148001037,42
440070148001038,42
440070148001039,42
440070148001040,42
440070148001041,42
440070148001042,42
440070148001043,42
440070148001044,42
440070148001045,42
440070148001046,42
440070148001047,42
440070148001048,42
440070148001049,42
440070148001050,42
440070148001051,42
440070148001052,42
440070148001053,42
440070148001055,42
440070148002000,42
440070148002001,42
440070148002002,42
440070148002003,42
440070148002004,42
440070148002005,42
440070148002006,42
440070148002007,42
440070148002008,42
440070148002009,42
440070148002010,42
440070148002011,42
440070148002012,42
440070148002013,42
440070148002014,42
440070148002015,42
440070148002016,42
440070148002017,42
440070148002018,42
440070148002019,42
440070148002020,42
440070148002021,42
440070148002022,42
440070148002023,42
440070148002024,42
440070148002025,42
440070148002030,42
440070148002031,42
440070148002032,42
440070148002033,42
440070148002035,42
440070148002036,42
440070148003004,42
440070148003005,42
440070148003006,42
440070148003008,42
440070148003009,42
440070148003010,42
440070122001000,43
440070122004031,43
440070122004032,43
440070122004033,43
440070122004034,43
440070122004035,43
440070122004036,43
440070122004037,43
440070122004038,43
440070122004039,43
440070122004040,43
440070122004041,43
440070122004042,43
440070122004043,43
440070122004044,43
440070122004045,43
440070122004046,43
440070122004047,43
440070122004048,43
440070122004049,43
440070122004050,43
440070122004051,43
440070122004052,43
440070122004053,43
440070122004054,43
440070122004055,43
440070122004056,43
440070122004057,43
440070122004058,43
440070122004059,43
440070122004060,43
440070122004061,43
440070122004062,43
440070122004063,43
440070122004064,43
440070122004065,43
440070122004066,43
440070122004067,43
440070122004068,43
440070122004069,43
440070116004049,44
440070116004050,44
440070116004069,44
440070116004070,44
440070116004071,44
440070116004072,44
440070116004073,44
440070116004074,44
440070116004075,44
440070116004076,44
440070116004077,44
440070116004078,44
440070116004079,44
440070116004080,44
440070116004081,44
440070116004082,44
440070116004083,44
440070116004084,44
440070116004085,44
440070116004086,44
440070116004087,44
440070116004088,44
440070116004092,44
440070116004093,44
440070116004094,44
440070116004095,44
440070116004096,44
440070116004097,44
440070116004098,44
440070116004099,44
440070116004100,44
440070116004101,44
440070116004102,44
440070116004103,44
440070116004104,44
440070116004105,44
440070116004106,44
440070116004107,44
440070116004108,44
440070116004110,44
440070122004000,44
440070122004001,44
440070122004002,44
440070122004003,44
440070122004004,44
440070122004005,44
440070122004006,44
440070122004007,44
440070122004008,44
440070122004009,44
440070122004010,44
440070122004011,44
440070122004012,44
440070122004013,44
440070122004014,44
440070122004015,44
440070122004016,44
440070122004017,44
440070122004018,44
440070122004019,44
440070122004020,44
440070122004021,44
440070122004022,44
440070122004023,44
440070122004024,44
440070122004025,44
440070122004026,44
440070122004027,44
440070122004028,44
440070122004029,44
440070122004030,44
440070122004070,44
440070126012039,44
440070126012040,44
440070126012041,44
440070126012043,44
440070126012044,44
440070126012045,44
440070126012046,44
440070126012047,44
440070126012048,44
440070126012049,44
440070126012050,44
440070126012051,44
440070126012052,44
440070126012053,44
440070126012054,44
440070126012055,44
440070126012056,44
440070126012057,44
440070126012058,44
440070126012059,44
440070126012060,44
440070126012061,44
440070126012062,44
440070126012063,44
440070126012064,44
440070126012065,44
440070126012066,44
440070126012067,44
440070126012068,44
440070126012069,44
440070126025013,44
440070126025014,44
440070126025015,44
440070126025016,44
440070126025018,44
440070126025021,44
440070126025022,44
440070126025023,44
440070126025024,44
440070126025025,44
440070126025026,44
440070126025029,44
440070127021000,44
440070127021001,44
440070127021002,44
440070127021003,44
440070127021004,44
440070127021005,44
440070127021006,44
440070127021007,44
440070127021008,44
440070127021009,44
440070127021010,44
440070127021011,44
440070127021012,44
440070127021013,44
440070127021014,44
440070127021015,44
440070127021016,44
440070127021017,44
440070127021018,44
440070127021019,44
440070127021020,44
440070127021021,44
440070127021022,44
440070127021023,44
440070127021024,44
440070127021025,44
440070127021026,44
440070127021027,44
440070127021028,44
440070127021029,44
440070127021030,44
440070127021031,44
440070127021032,44
440070127021033,44
440070127021034,44
440070127021035,44
440070127021036,44
440070127021037,44
440070127021038,44
440070127021039,44
440070127021040,44
440070127021041,44
440070127021042,44
440070127021047,44
440070127021048,44
440070127021049,44
440070127021050,44
440070127021051,44
440070127021052,44
440070127021053,44
440070127021054,44
440070127021055,44
440070127021056,44
440070127021057,44
440070127021058,44
440070127021059,44
440070127021060,44
440070127021061,44
440070127021062,44
440070127023029,44
440070114012020,45
440070114012021,45
440070114012022,45
440070114012023,45
440070114013017,45
440070114013018,45
440070114015017,45
440070114015018,45
440070114015019,45
440070114015020,45
440070114015021,45
440070114015022,45
440070114015023,45
440070114015024,45
440070114015025,45
440070114015026,45
440070114015027,45
440070114015028,45
440070114015029,45
440070114015030,45
440070114015031,45
440070114015032,45
440070114015033,45
440070114015034,45
440070114015035,45
440070114015036,45
440070114015037,45
440070114015038,45
440070114015039,45
440070114022047,45
440070114022048,45
440070114022049,45
440070114022050,45
440070114022065,45
440070114022066,45
440070114022067,45
440070114022068,45
440070114022069,45
440070114031001,45
440070114031002,45
440070114031003,45
440070114031004,45
440070114031005,45
440070114031006,45
440070114031007,45
440070114031008,45
440070114031009,45
440070114031010,45
440070114031012,45
440070114031013,45
440070114031014,45
440070114031015,45
440070114031016,45
440070115001000,45
440070115001001,45
440070115001002,45
440070115001003,45
440070115001004,45
440070115001005,45
440070115001006,45
440070115001007,45
440070115003000,45
440070115003001,45
440070115003002,45
440070115003003,45
440070115003004,45
440070115003007,45
440070115003008,45
440070115003009,45
440070115003010,45
440070115003011,45
440070115003013,45
440070115003014,45
440070115003015,45
440070115003016,45
440070115003017,45
440070115003018,45
440070115003019,45
440070115003020,45
440070115003021,45
440070115003022,45
440070115003023,45
440070115003024,45
440070115003025,45
440070115003026,45
440070115003027,45
440070115003028,45
440070115003029,45
440070115003030,45
440070115003031,45
440070115003032,45
440070115003033,45
440070115003034,45
440070115003038,45
440070115003039,45
440070115003040,45
440070115003042,45
440070115001008,46
440070115001009,46
440070115001010,46
440070115001011,46
440070115001012,46
440070115001013,46
440070115001014,46
440070115001015,46
440070115001016,46
440070115001017,46
440070115001018,46
440070115001019,46
440070115001020,46
440070115001021,46
440070115001022,46
440070115001023,46
440070115001024,46
440070115001025,46
440070115001026,46
440070115001027,46
440070115001028,46
440070115001029,46
440070115001030,46
440070115001031,46
440070115001032,46
440070115001033,46
440070115001034,46
440070115001035,46
440070115001036,46
440070115001037,46
440070115001038,46
440070115001039,46
440070115001040,46
440070115001041,46
440070115001042,46
440070115001043,46
440070115001044,46
440070115001045,46
440070115001046,46
440070115001047,46
440070115001048,46
440070115001049,46
440070115001050,46
440070115001051,46
440070115001052,46
440070115001053,46
440070115001054,46
440070115001055,46
440070115001056,46
440070115001057,46
440070115001058,46
440070115001059,46
440070115001060,46
440070115001061,46
440070115001062,46
440070115001063,46
440070115001064,46
440070115001065,46
440070115001066,46
440070115001067,46
440070115001068,46
440070115001069,46
440070115001070,46
440070115001071,46
440070115001072,46
440070115001073,46
440070115001074,46
440070115001075,46
440070115001076,46
440070115001077,46
440070115001078,46
440070115003005,46
440070115003006,46
440070115003012,46
440070115003035,46
440070115003036,46
440070115003037,46
440070115003041,46
440070116004000,46
440070116004001,46
440070116004002,46
440070116004003,46
440070116004004,46
440070116004005,46
440070116004006,46
440070116004007,46
440070116004008,46
440070116004009,46
440070116004010,46
440070116004011,46
440070116004012,46
440070116004013,46
440070116004014,46
440070116004015,46
440070116004016,46
440070116004017,46
440070116004018,46
440070116004019,46
440070116004020,46
440070116004021,46
440070116004022,46
440070116004023,46
440070116004024,46
440070116004025,46
440070116004026,46
440070116004027,46
440070116004028,46
440070116004029,46
440070116004030,46
440070116004031,46
440070116004032,46
440070116004033,46
440070116004034,46
440070116004035,46
440070116004036,46
440070116004037,46
440070116004038,46
440070116004039,46
440070116004040,46
440070116004041,46
440070116004042,46
440070116004043,46
440070116004044,46
440070116004045,46
440070116004046,46
440070116004047,46
440070116004048,46
440070116004051,46
440070116004052,46
440070116004053,46
440070116004054,46
440070116004055,46
440070116004056,46
440070116004057,46
440070116004058,46
440070116004059,46
440070116004060,46
440070116004061,46
440070116004062,46
440070116004063,46
440070116004064,46
440070116004065,46
440070116004066,46
440070116004067,46
440070116004068,46
440070116004089,46
440070116004090,46
440070116004091,46
440070116004109,46
440070150001000,46
440070150001001,46
440070150001002,46
440070150001003,46
440070150001004,46
440070150001005,46
440070150001006,46
440070150001007,46
440070150001008,46
440070150001009,46
440070150001010,46
440070150001011,46
440070150001012,46
440070150001013,46
440070150001014,46
440070150001022,46
440070151001008,46
440070130021005,47
440070130021006,47
440070130021008,47
440070130021009,47
440070130021010,47
440070130021021,47
440070130021022,47
440070130021023,47
440070130021033,47
440070130021036,47
440070130021037,47
440070130021038,47
440070130021044,47
440070130021045,47
440070130021046,47
440070130021052,47
440070130021053,47
440070130021054,47
440070130021082,47
440070130021084,47
440070130021090,47
440070130021091,47
440070130021092,47
440070130021093,47
440070130021094,47
440070130021095,47
440070130021096,47
440070130021097,47
440070130021098,47
440070130021099,47
440070130021100,47
440070130021101,47
440070130021102,47
440070130021103,47
440070130021104,47
440070130021105,47
440070130021106,47
440070130021107,47
440070130021108,47
440070130021109,47
440070130021110,47
440070130021111,47
440070130021112,47
440070130024022,47
440070130024023,47
440070130024024,47
440070130024025,47
440070130024026,47
440070130024027,47
440070130024028,47
440070130024029,47
440070130024030,47
440070130024031,47
440070130024032,47
440070130024033,47
440070130024034,47
440070130024035,47
440070130024036,47
440070130024037,47
440070130024038,47
440070130024039,47
440070130024040,47
440070130024041,47
440070130024042,47
440070130024043,47
440070130024044,47
440070130024045,47
440070130024046,47
440070130024047,47
440070130024048,47
440070130024049,47
440070131011000,47
440070131011001,47
440070131011002,47
440070131011003,47
440070131011004,47
440070131011005,47
440070131011009,47
440070131011065,47
440070131012000,47
440070131012001,47
440070131012002,47
440070131012003,47
440070131012004,47
440070131012005,47
440070131012006,47
440070131012007,47
440070131012008,47
440070131012009,47
440070131012010,47
440070131012011,47
440070131012012,47
440070131012013,47
440070131012014,47
440070131012015,47
440070131012016,47
440070131012017,47
440070131012018,47
440070131012020,47
440070131012021,47
440070131012022,47
440070131012033,47
440070131012035,47
440070131012036,47
440070131012037,47
440070131012039,47
440070131012041,47
440070131012042,47
440070131012043,47
440070131013004,47
440070131013006,47
440070131013007,47
440070131013008,47
440070131013009,47
440070131013010,47
440070131013011,47
440070131013012,47
440070131013013,47
440070131013023,47
440070130021000,48
440070130021001,48
440070130021002,48
440070130021003,48
440070130021004,48
440070130021007,48
440070130021011,48
440070130021012,48
440070130021013,48
440070130021014,48
440070130021015,48
440070130021016,48
440070130021017,48
440070130021018,48
440070130021019,48
440070130021020,48
440070130021024,48
440070130021025,48
440070130021026,48
440070130021027,48
440070130021028,48
440070130021029,48
440070130021030,48
440070130021031,48
440070130021032,48
440070130021034,48
440070130021035,48
440070130021039,48
440070130021040,48
440070130021041,48
440070130021042,48
440070130021043,48
440070130021047,48
440070130021048,48
440070130021049,48
440070130021050,48
440070130021051,48
440070130021055,48
440070130021056,48
440070130021057,48
440070130021058,48
440070130021059,48
440070130021060,48
440070130021061,48
440070130021062,48
440070130021063,48
440070130021064,48
440070130021065,48
440070130021066,48
440070130021067,48
440070130021068,48
440070130021069,48
440070130021070,48
440070130021071,48
440070130021072,48
440070130021073,48
440070130021074,48
440070130021075,48
440070130021076,48
440070130021077,48
440070130021078,48
440070130021079,48
440070130021080,48
440070130021081,48
440070130021083,48
440070130021085,48
440070130021086,48
440070130021087,48
440070130021088,48
440070130021089,48
440070130021113,48
440070130024000,48
440070130024001,48
440070130024002,48
440070130024003,48
440070130024004,48
440070130024005,48
440070130024006,48
440070130024007,48
440070130024008,48
440070130024009,48
440070130024010,48
440070130024011,48
440070130024012,48
440070130024013,48
440070130024014,48
440070130024015,48
440070130024016,48
440070130024017,48
440070130024018,48
440070130024019,48
440070130024020,48
440070130024021,48
440070176001000,49
440070176001001,49
440070176001002,49
440070176001003,49
440070176001004,49
440070176001005,49
440070176001006,49
440070176001007,49
440070176001008,49
440070176001009,49
440070176001010,49
440070176001011,49
440070176001012,49
440070176001013,49
440070176001014,49
440070176001015,49
440070176001016,49
440070176001017,49
440070176001019,49
440070176001020,49
440070178003003,49
440070179001000,49
440070179001001,49
440070179001002,49
440070179001003,49
440070179001004,49
440070179001005,49
440070179001007,49
440070179001008,49
440070179001009,49
440070179001010,49
440070179001011,49
440070179001013,49
440070179003005,49
440070181002019,49
440070181002021,49
440070181002022,49
440070181002023,49
440070181002024,49
440070181002025,49
440070181002026,49
440070183001008,49
440070183001009,49
440070183001010,49
440070183001011,49
440070183001012,49
440070183001013,49
440070183001014,49
440070183001015,49
440070183001016,49
440070183001017,49
440070185001002,49
440070185001003,49
440070176001018,50
440070178003000,50
440070178003001,50
440070178003002,50
440070178003004,50
440070178003005,50
440070178003006,50
440070178003007,50
440070178003008,50
440070179001006,50
440070179001012,50
440070179003000,50
440070179003001,50
440070179003002,50
440070179003003,50
440070179003004,50
440070179003006,50
440070179003007,50
440070179003008,50
440070179003009,50
440070179003010,50
440070179003011,50
440070179003012,50
440070179003013,50
440070179003014,50
440070185003000,50
440070185003001,50
440070185003002,50
440070185003003,50
440070185003004,50
440070185003005,50
440070185003006,50
440070185003007,50
440070185003008,50
440070185003009,50
440070185003010,50
440070185003011,50
440070185003012,50
440070185003013,50
440070185003014,50
440070185003015,50
440070185003016,50
440070185003017,50
440070185003018,50
440070185003019,50
440070185003020,50
440070185003021,50
440070185003026,50
440070185003027,50
440070185003028,50
440070185003029,50
440070185003030,50
440070185003031,50
440070185003032,50
440070114021030,51
440070114021031,51
440070114021032,51
440070114021033,51
440070114021034,51
440070114021035,51
440070114021036,51
440070114021037,51
440070114021038,51
440070114021040,51
440070114021042,51
440070114021058,51
440070114021059,51
440070114021060,51
440070114021061,51
440070114022025,51
440070114031000,51
440070114031011,51
440070181002000,51
440070181002001,51
440070181002002,51
440070181002003,51
440070181002004,51
440070181002005,51
440070181002006,51
440070181002007,51
440070181002008,51
440070181002009,51
440070181002010,51
440070181002011,51
440070181002012,51
440070181002013,51
440070181002014,51
440070181002015,51
440070181002016,51
440070181002017,51
440070181002018,51
440070181002020,51
440070181002027,51
440070181002028,51
440070183001000,51
440070183001001,51
440070183001002,51
440070183001003,51
440070183001004,51
440070183001005,51
440070183001006,51
440070183001007,51
440070183001018,51
440070183001019,51
440070185001000,51
440070185001001,51
440070185001004,51
440070185001005,51
440070185001006,51
440070185003022,51
440070185003023,51
440070185003024,51
440070185003025,51
440070113021000,52
440070113021001,52
440070113021002,52
440070113021003,52
440070113021004,52
440070113021005,52
440070113021006,52
440070113021007,52
440070113021008,52
440070113021009,52
440070113021010,52
440070113021011,52
440070113021012,52
440070113021013,52
440070113021014,52
440070113021015,52
440070113021016,52
440070113021017,52
440070113021018,52
440070113021019,52
440070113021020,52
440070113021023,52
440070114012000,52
440070114012001,52
440070114012002,52
440070114012003,52
440070114012004,52
440070114012005,52
440070114012006,52
440070114012007,52
440070114012008,52
440070114012009,52
440070114012010,52
440070114012011,52
440070114012012,52
440070114012013,52
440070114012014,52
440070114012015,52
440070114012016,52
440070114012017,52
440070114012018,52
440070114012019,52
440070114012024,52
440070114012025,52
440070114012026,52
440070114012027,52
440070114012028,52
440070114013000,52
440070114013001,52
440070114013002,52
440070114013003,52
440070114013004,52
440070114013005,52
440070114013006,52
440070114013007,52
440070114013008,52
440070114013009,52
440070114013010,52
440070114013011,52
440070114013012,52
440070114013013,52
440070114013014,52
440070114013015,52
440070114013016,52
440070114013019,52
440070114013020,52
440070114013021,52
440070114013022,52
440070114013023,52
440070114013024,52
440070114013025,52
440070114013026,52
440070114013027,52
440070114015000,52
440070114015001,52
440070114015002,52
440070114015003,52
440070114015004,52
440070114015005,52
440070114015006,52
440070114015007,52
440070114015008,52
440070114015009,52
440070114015010,52
440070114015011,52
440070114015012,52
440070114015013,52
440070114015014,52
440070114015015,52
440070114015016,52
440070114015040,52
440070114021000,52
440070114021001,52
440070114021002,52
440070114021003,52
440070114021004,52
440070114021005,52
440070114021006,52
440070114021007,52
440070114021008,52
440070114021009,52
440070114021010,52
440070114021011,52
440070114021012,52
440070114021013,52
440070114021014,52
440070114021015,52
440070114021016,52
440070114021017,52
440070114021018,52
440070114021019,52
440070114021020,52
440070114021021,52
440070114021022,52
440070114021023,52
440070114021024,52
440070114021025,52
440070114021026,52
440070114021027,52
440070114021028,52
440070114021029,52
440070114021039,52
440070114021041,52
440070114021043,52
440070114021044,52
440070114021045,52
440070114021046,52
440070114021047,52
440070114021048,52
440070114021049,52
440070114021050,52
440070114021051,52
440070114021052,52
440070114021053,52
440070114021054,52
440070114021055,52
440070114021056,52
440070114021057,52
440070114022000,52
440070114022001,52
440070114022002,52
440070114022003,52
440070114022004,52
440070114022005,52
440070114022006,52
440070114022007,52
440070114022008,52
440070114022009,52
440070114022010,52
440070114022011,52
440070114022012,52
440070114022013,52
440070114022014,52
440070114022015,52
440070114022016,52
440070114022017,52
440070114022018,52
440070114022019,52
440070114022020,52
440070114022021,52
440070114022022,52
440070114022023,52
440070114022024,52
440070114022026,52
440070114022027,52
440070114022028,52
440070114022029,52
440070114022030,52
440070114022031,52
440070114022032,52
440070114022033,52
440070114022034,52
440070114022035,52
440070114022036,52
440070114022037,52
440070114022038,52
440070114022039,52
440070114022040,52
440070114022041,52
440070114022042,52
440070114022043,52
440070114022044,52
440070114022045,52
440070114022046,52
440070114022051,52
440070114022052,52
440070114022053,52
440070114022054,52
440070114022055,52
440070114022056,52
440070114022057,52
440070114022058,52
440070114022059,52
440070114022060,52
440070114022061,52
440070114022062,52
440070114022063,52
440070114022064,52
440070114022070,52
440070114022071,52
440070114022072,52
440070126012000,53
440070126012001,53
440070126012002,53
440070126012003,53
440070126012004,53
440070126012005,53
440070126012006,53
440070126012007,53
440070126012008,53
440070126012009,53
440070126012010,53
440070126012011,53
440070126012012,53
440070126012013,53
440070126012014,53
440070126012015,53
440070126012016,53
440070126012017,53
440070126012018,53
440070126012019,53
440070126012020,53
440070126012021,53
440070126012022,53
440070126012023,53
440070126012024,53
440070126012025,53
440070126012026,53
440070126012027,53
440070126012028,53
440070126012029,53
440070126012030,53
440070126012031,53
440070126012032,53
440070126012033,53
440070126012034,53
440070126012035,53
440070126012036,53
440070126012037,53
440070126012038,53
440070126012042,53
440070126012070,53
440070126025000,53
440070126025001,53
440070126025002,53
440070126025003,53
440070126025004,53
440070126025005,53
440070126025006,53
440070126025007,53
440070126025008,53
440070126025009,53
440070126025010,53
440070126025011,53
440070126025012,53
440070126025017,53
440070126025019,53
440070126025020,53
440070126025027,53
440070126025028,53
440070127021043,53
440070127021044,53
440070127021045,53
440070127021046,53
440070127021063,53
440070127023000,53
440070127023001,53
440070127023002,53
440070127023003,53
440070127023004,53
440070127023005,53
440070127023006,53
440070127023007,53
440070127023008,53
440070127023009,53
440070127023010,53
440070127023011,53
440070127023012,53
440070127023013,53
440070127023014,53
440070127023015,53
440070127023016,53
440070127023017,53
440070127023018,53
440070127023019,53
440070127023020,53
440070127023021,53
440070127023022,53
440070127023023,53
440070127023024,53
440070127023025,53
440070127023026,53
440070127023027,53
440070127023028,53
440070131021000,53
440070131021001,53
440070131021002,53
440070131021003,53
440070131021011,53
440070131021012,53
440070131021013,53
440070131021014,53
440070131021015,53
440070131021016,53
440070131021017,53
440070131021059,53
440070131022000,53
440070131022001,53
440070131022029,53
440070131022030,53
440070131022031,53
440070131022050,53
440070131022054,53
440070119012002,54
440070119012003,54
440070119012004,54
440070119012005,54
440070119012006,54
440070119012007,54
440070119012017,54
440070119012018,54
440070119012031,54
440070119021000,54
440070119021001,54
440070119021002,54
440070119021003,54
440070119021004,54
440070119021005,54
440070119021006,54
440070119021016,54
440070119021018,54
440070120001000,54
440070120001001,54
440070120001002,54
440070120001003,54
440070120001004,54
440070120001005,54
440070120001006,54
440070120001007,54
440070120001008,54
440070120001009,54
440070120001010,54
440070120001011,54
440070120001012,54
440070120001013,54
440070120001024,54
440070120001025,54
440070120001026,54
440070120002000,54
440070120002003,54
440070120002004,54
440070120002009,54
440070120002010,54
440070120002011,54
440070120003000,54
440070120003001,54
440070120003002,54
440070120003014,54
440070120003015,54
440070120003016,54
440070120003026,54
440070121022000,54
440070121022001,54
440070121022002,54
440070121022003,54
440070121022004,54
440070121022005,54
440070121022006,54
440070121022007,54
440070121022008,54
440070121022014,54
440070121022015,54
440070121022016,54
440070121022017,54
440070121022020,54
440070121022021,54
440070121022022,54
440070121022023,54
440070121022024,54
440070121022025,54
440070121022027,54
440070121024000,54
440070121024001,54
440070121024002,54
440070121024003,54
440070121024004,54
440070121024005,54
440070121024006,54
440070121024007,54
440070121024008,54
440070121024009,54
440070121024013,54
440070119012000,55
440070119012001,55
440070119012008,55
440070119012009,55
440070119012010,55
440070119012011,55
440070119012012,55
440070119012013,55
440070119012014,55
440070119012015,55
440070119012016,55
440070119012019,55
440070119012020,55
440070119012021,55
440070119012022,55
440070119012023,55
440070119012024,55
440070119012025,55
440070119012026,55
440070119012027,55
440070119012028,55
440070119012029,55
440070119012030,55
440070119012032,55
440070119012033,55
440070119012034,55
440070119012035,55
440070119012036,55
440070119021007,55
440070119021008,55
440070119021009,55
440070119021010,55
440070119021011,55
440070119021012,55
440070119021013,55
440070119021014,55
440070119021015,55
440070119021017,55
440070119021019,55
440070120002015,55
440070109001012,56
440070109001014,56
440070109001015,56
440070109001016,56
440070109001017,56
440070109003007,56
440070109003008,56
440070110003000,56
440070110003001,56
440070110003002,56
440070110003003,56
440070110003004,56
440070110003005,56
440070110003006,56
440070110003007,56
440070110003008,56
440070110003011,56
440070111002007,56
440070111002008,56
440070111002009,56
440070111002010,56
440070111002011,56
440070111002012,56
440070111002013,56
440070111002014,56
440070111002015,56
440070111002016,56
440070111002017,56
440070111002018,56
440070111002019,56
440070111002020,56
440070109001000,57
440070109001001,57
440070109001002,57
440070109001003,57
440070109001004,57
440070109001005,57
440070109001006,57
440070109001007,57
440070109001008,57
440070109001009,57
440070109001010,57
440070109001011,57
440070109001013,57
440070109003000,57
440070109003001,57
440070109003002,57
440070109003003,57
440070109003004,57
440070109003005,57
440070109003006,57
440070109003009,57
440070109003010,57
440070109003011,57
440070109003012,57
440070110003009,57
440070110003010,57
440070111002000,57
440070111002001,57
440070111002002,57
440070111002003,57
440070111002004,57
440070111002005,57
440070111002006,57
440070113021021,57
440070113021022,57
440070150001015,58
440070150001016,58
440070150001017,58
440070150001018,58
440070150001019,58
440070150001020,58
440070150001021,58
440070150001023,58
440070150001024,58
440070150001025,58
440070150001026,58
440070150001027,58
440070150001028,58
440070150001029,58
440070150001030,58
440070151001002,58
440070151001003,58
440070151001004,58
440070151001005,58
440070151001006,58
440070151001007,58
440070151001013,58
440070151001014,58
440070151001015,58
440070151001016,58
440070151001017,58
440070161003007,58
440070161003008,58
440070161003009,58
440070161003010,58
440070161003011,58
440070161003012,58
440070161003013,58
440070161003014,58
440070161003015,58
440070161003016,58
440070161003017,58
440070161003018,58
440070161003019,58
440070161003020,58
440070161003021,58
440070161003022,58
440070161004000,58
440070161004001,58
440070161004002,58
440070161004003,58
440070161004004,58
440070161004007,58
440070161004008,58
440070161004009,58
440070161004011,58
440070161004012,58
440070161004013,58
440070161004014,58
440070161004015,58
440070161004016,58
440070161004017,58
440070161004018,58
440070161004019,58
440070161004020,58
440070161004021,58
440070161004022,58
440070161004023,58
440070164001005,58
440070164001006,58
440070164001007,58
440070164001008,58
440070164001009,58
440070164001010,58
440070164001011,58
440070164001012,58
440070164001013,58
440070151001000,59
440070151001001,59
440070151001009,59
440070151001010,59
440070151001011,59
440070151001012,59
440070152001000,59
440070152001001,59
440070152001002,59
440070152001003,59
440070152001004,59
440070152001005,59
440070152001006,59
440070152001007,59
440070152001008,59
440070152001009,59
440070152001010,59
440070152001011,59
440070152001012,59
440070152001013,59
440070152001014,59
440070152001015,59
440070152001016,59
440070152001017,59
440070152001018,59
440070152001019,59
440070152001020,59
440070152001021,59
440070152001022,59
440070152001023,59
440070152001025,59
440070152001026,59
440070152001027,59
440070160001019,59
440070160001020,59
440070160001027,59
440070161003000,59
440070161003001,59
440070161003002,59
440070161003003,59
440070161003004,59
440070161003005,59
440070161003006,59
440070161004005,59
440070161004006,59
440070161004010,59
440070164001000,59
440070164001001,59
440070164001002,59
440070164001003,59
440070164001004,59
440070164001014,59
440070164001015,59
440070164001016,59
440070164001017,59
440070164001018,59
440070164001019,59
440070164001020,59
440070164001021,59
440070164001022,59
440070164001023,59
440070164001024,59
440070164001025,59
440070164001026,59
440070164001027,59
440070164001028,59
440070164001029,59
440070164001030,59
440070164001031,59
440070152001024,60
440070107022000,66
440070107022001,66
440070107022002,66
440070107022003,66
440070107022004,66
440070107022005,66
440070107022010,66
440070107022011,66
440070107022012,66
440070107022013,66
440070107022014,66
440070107022015,66
440070107022016,66
440070107022017,66
440070107022018,66
440070107022023,66
440070107022024,66
440070107022025,66
440070107023000,66
440070107023001,66
440070107023002,66
440070107023003,66
440070107023004,66
440070107023005,66
440070107023006,66
440070107023011,66
440070107023012,66
440070107023013,66
440070107023014,66
440070107023015,66
440070107023016,66
440070107023017,66
440070107023018,66
440070107023019,66
440070107023020,66
440070107024000,66
440070107024001,66
440070107024002,66
440070107024003,66
440070107024004,66
440070107024005,66
440070107024006,66
440070107024007,66
440070107024008,66
440070107024011,66
440070107024012,66
440070107024013,66
440070107024014,66
440070107024015,66
440070107024016,66
440070107024017,66
440070107024018,66
440070107024019,66
440070107024020,66
440070107024021,66
440070107024022,66
440070107024023,66
440070107024024,66
440070107024025,66
440070107024026,66
440070107024027,66
440010302001000,67
440010302001001,67
440010302002010,67
440010302002017,67
440010302003000,67
440010302003001,67
440010302003002,67
440010302003003,67
440010302003004,67
440010302003005,67
440010302003006,67
440010302003007,67
440010302003008,67
440010302003009,67
440010302003010,67
440010302003011,67
440010302003012,67
440010302003013,67
440010302003014,67
440010302003015,67
440010302003016,67
440010302003017,67
440010302003018,67
440010302003019,67
440010302003020,67
440010302003021,67
440010302003022,67
440010302003023,67
440010302003030,67
440010304001000,67
440010304001005,67
440010304001007,67
440010304001012,67
440010304001013,67
440010304001014,67
440010304001015,67
440010304002000,67
440010304002001,67
440010304002008,67
440010304002009,67
440010304002010,67
440010304002011,67
440010304002013,67
440010304002014,67
440010304002015,67
440010304002016,67
440010304002017,67
440010304002018,67
440010304002019,67
440010304002020,67
440010304002021,67
440010304002022,67
440010304002023,67
440010304002024,67
440010304002025,67
440010304002026,67
440010304002027,67
440010304002028,67
440010304002029,67
440010304002030,67
440010304002031,67
440010304003028,67
440010304003029,67
440010305002000,67
440010305002001,67
440010305002002,67
440010305002003,67
440010305002004,67
440010305002005,67
440010305002006,67
440010305002007,67
440010305002008,67
440010305002009,67
440010305002010,67
440010305002011,67
440010305002012,67
440010305002018,67
440010305002019,67
440010305002020,67
440010305002021,67
440010305002022,67
440010305002023,67
440010305002024,67
440010305002025,67
440010305002026,67
440010305002028,67
440010305003000,67
440010305003001,67
440010305003002,67
440010305003003,67
440010305003004,67
440010305003005,67
440010305003006,67
440010305003007,67
440010305003008,67
440010305003009,67
440010305003010,67
440010305003011,67
440010305003012,67
440010305003013,67
440010305003014,67
440010305003015,67
440010306021000,67
440010306021001,67
440010306021002,67
440010306021003,67
440010306021004,67
440010306021005,67
440010306021006,67
440010306021007,67
440010306021008,67
440010306021009,67
440010306021010,67
440010306021011,67
440010306021021,67
440010306021022,67
440010306021023,67
440010306022000,67
440010305002013,68
440010305002014,68
440010305002015,68
440010305002016,68
440010305002017,68
440010305002027,68
440010305003016,68
440010305003017,68
440010305003018,68
440010305003019,68
440010305003020,68
440010305003021,68
440010305003022,68
440010305003023,68
440010305003024,68
440010305003025,68
440010305003026,68
440010305003027,68
440010305003028,68
440010305003029,68
440010305003030,68
440010305003031,68
440010305003032,68
440010305003033,68
440010305003034,68
440010305003035,68
440010306021012,68
440010306021013,68
440010306021014,68
440010306021015,68
440010306021016,68
440010306021017,68
440010306021018,68
440010306021019,68
440010306021020,68
440010306022001,68
440010306022002,68
440010306022003,68
440010306022004,68
440010306022005,68
440010306022006,68
440010306022007,68
440010306022008,68
440010306022009,68
440010306022010,68
440010306022011,68
440010306022012,68
440010306022013,68
440010306022014,68
440010306022015,68
440010306022016,68
440010306022017,68
440010306022018,68
440010306022019,68
440010306022020,68
440010307001004,68
440010307001005,68
440010307001006,68
440010307001011,68
440010307001012,68
440010307002001,68
440010307002002,68
440010307002003,68
440010307002006,68
440010307003003,68
440010307003004,68
440010307003005,68
440010307003007,68
440010307003008,68
440010307003009,68
440010309011000,68
440010309011001,68
440010309011002,68
440010309011003,68
440010309011004,68
440010309011005,68
440010309011006,68
440010309011007,68
440010309011008,68
440010309011009,68
440010309011010,68
440010309011011,68
440010309011012,68
440010309011013,68
440010309011014,68
440010309011015,68
440010309011016,68
440010309011017,68
440010309011018,68
440010309011019,68
440010309011020,68
440010309011021,68
440010309011022,68
440010309011023,68
440010309011024,68
440010309011025,68
440010309011026,68
440010309011027,68
440010309011028,68
440010309011030,68
440010309011031,68
440010309011034,68
440010309024000,68
440010309024001,68
440010309024002,68
440010309024003,68
440010309024004,68
440010309024005,68
440010309024006,68
440010309024011,68
440010309024012,68
440010309024014,68
440010309024016,68
440010309024017,68
440010309024019,68
440010309024023,68
440010307001000,69
440010307001001,69
440010307001002,69
440010307001003,69
440010307001007,69
440010307001008,69
440010307001009,69
440010307001010,69
440010307002000,69
440010307002004,69
440010307002005,69
440010307003000,69
440010307003001,69
440010307003002,69
440010307003006,69
440010309011029,69
440010309011032,69
440010309011033,69
440010309011035,69
440010309011036,69
440010309024007,69
440010309024008,69
440010309024009,69
440010309024010,69
440010309024013,69
440010309024015,69
440010309024018,69
440010309024020,69
440010309024021,69
440010309024022,69
440050401013045,69
440050401013050,69
440050401013051,69
440050401013053,69
440050401033000,69
440050401033001,69
440050401033002,69
440050401033003,69
440050401033004,69
440050401033005,69
440050401033006,69
440050401033007,69
440050401033008,69
440050401033009,69
440050401033010,69
440050401033011,69
440050401033012,69
440050401033013,69
440050401033014,69
440050401033015,69
440050401033016,69
440050401033017,69
440050401033018,69
440050401033019,69
440050401033020,69
440050401033021,69
440050401033022,69
440050401033023,69
440050401033024,69
440050401033025,69
440050401033026,69
440050401033027,69
440050401033028,69
440050401033029,69
440050401033030,69
440050401033031,69
440050401033032,69
440050401033033,69
440050401033034,69
440050401033035,69
440050401033036,69
440050401033037,69
440050401033038,69
440050401033039,69
440050401033040,69
440050401033041,69
440050401033042,69
440050401033043,69
440050401033044,69
440050401033045,69
440050401033046,69
440050401033047,69
440050401033048,69
440050401033049,69
440050401033050,69
440050401033051,69
440050401033052,69
440050401033054,69
440050401034067,69
440050401034068,69
440050401034069,69
440050401035000,69
440050401035001,69
440050401035002,69
440050401035003,69
440050401035004,69
440050401035005,69
440050401035006,69
440050401035007,69
440050401035008,69
440050401035012,69
440050401035013,69
440050401035014,69
440050401035015,69
440050401035016,69
440050401035018,69
440050401035049,69
440050401035050,69
440059900000006,69
440059900000007,69
440059900000008,69
440059900000012,69
440059900000013,69
440059900000014,69
440059900000015,69
440050401011000,70
440050401011001,70
440050401011002,70
440050401011003,70
440050401011004,70
440050401011005,70
440050401011006,70
440050401011007,70
440050401011008,70
440050401011009,70
440050401011010,70
440050401011011,70
440050401011012,70
440050401011013,70
440050401011014,70
440050401011015,70
440050401011016,70
440050401011017,70
440050401011018,70
440050401011019,70
440050401011020,70
440050401011021,70
440050401011022,70
440050401011023,70
440050401011024,70
440050401011025,70
440050401011026,70
440050401011027,70
440050401011028,70
440050401011029,70
440050401011030,70
440050401011031,70
440050401011032,70
440050401011033,70
440050401011034,70
440050401011035,70
440050401011036,70
440050401011037,70
440050401011038,70
440050401011039,70
440050401011041,70
440050401011042,70
440050401011043,70
440050401011044,70
440050401011045,70
440050401011046,70
440050401011047,70
440050401011048,70
440050401012015,70
440050401012016,70
440050401012020,70
440050401012022,70
440050401012023,70
440050401012025,70
440050401012026,70
440050401012027,70
440050401012028,70
440050401012031,70
440050401013000,70
440050401013001,70
440050401013002,70
440050401013003,70
440050401013004,70
440050401013005,70
440050401013006,70
440050401013007,70
440050401013008,70
440050401013009,70
440050401013010,70
440050401013011,70
440050401013012,70
440050401013013,70
440050401013014,70
440050401013015,70
440050401013016,70
440050401013017,70
440050401013018,70
440050401013019,70
440050401013020,70
440050401013021,70
440050401013022,70
440050401013023,70
440050401013024,70
440050401013025,70
440050401013026,70
440050401013027,70
440050401013028,70
440050401013029,70
440050401013030,70
440050401013031,70
440050401013032,70
440050401013033,70
440050401013034,70
440050401013035,70
440050401013036,70
440050401013037,70
440050401013038,70
440050401013039,70
440050401013040,70
440050401013041,70
440050401013054,70
440050401013055,70
440050401013056,70
440050401023017,70
440059900000001,70
440059900000002,70
440059900000003,70
440059900000004,70
440059900000055,70
440050401011040,71
440050401011049,71
440050401011050,71
440050401012000,71
440050401012001,71
440050401012002,71
440050401012003,71
440050401012004,71
440050401012005,71
440050401012006,71
440050401012007,71
440050401012008,71
440050401012009,71
440050401012010,71
440050401012011,71
440050401012012,71
440050401012013,71
440050401012014,71
440050401012017,71
440050401012018,71
440050401012019,71
440050401012021,71
440050401012024,71
440050401012029,71
440050401012030,71
440050401012032,71
440050401012033,71
440050401012034,71
440050401012035,71
440050401013042,71
440050401013043,71
440050401013044,71
440050401013046,71
440050401013047,71
440050401013048,71
440050401013049,71
440050401013052,71
440050401023000,71
440050401023001,71
440050401023002,71
440050401023003,71
440050401023004,71
440050401023005,71
440050401023006,71
440050401023007,71
440050401023008,71
440050401023009,71
440050401023010,71
440050401023011,71
440050401023012,71
440050401023013,71
440050401023014,71
440050401023015,71
440050401023016,71
440050401023018,71
440050401023019,71
440050401023020,71
440050401023021,71
440050401023022,71
440050401023023,71
440050401023024,71
440050401023025,71
440050401023026,71
440050401023027,71
440050401023028,71
440050401023029,71
440050401023030,71
440050401023031,71
440050401023032,71
440050401023033,71
440050401023034,71
440050401023035,71
440050401023036,71
440050401023037,71
440050401023038,71
440050401023061,71
440050401023064,71
440050401023065,71
440050401032000,71
440050401032001,71
440050401032002,71
440050401032003,71
440050401032004,71
440050401032005,71
440050401032006,71
440050401032007,71
440050401032009,71
440050401034000,71
440050401034001,71
440050401034002,71
440050401034003,71
440050401034004,71
440050401034005,71
440050401034006,71
440050401034007,71
440050401034008,71
440050401034009,71
440050401034010,71
440050401034011,71
440050401034012,71
440050401034013,71
440050401034014,71
440050401034015,71
440050401034016,71
440050401034017,71
440050401034018,71
440050401034019,71
440050401034020,71
440050401034021,71
440050401034022,71
440050401034023,71
440050401034024,71
440050401034025,71
440050401034026,71
440050401034027,71
440050401034028,71
440050401034029,71
440050401034030,71
440050401034031,71
440050401034032,71
440050401034033,71
440050401034034,71
440050401034035,71
440050401034036,71
440050401034037,71
440050401034038,71
440050401034039,71
440050401034040,71
440050401034041,71
440050401034042,71
440050401034043,71
440050401034044,71
440050401034045,71
440050401034046,71
440050401034047,71
440050401034048,71
440050401034049,71
440050401034060,71
440050401034061,71
440050401034062,71
440050401034063,71
440050401034064,71
440050401034070,71
440050401034071,71
440050401035009,71
440050401035010,71
440050401035011,71
440050401035017,71
440050401035019,71
440050401035020,71
440050401035021,71
440050401035022,71
440050401035023,71
440050401035024,71
440050401035025,71
440050401035026,71
440050401035027,71
440050401035028,71
440050401035029,71
440050401035030,71
440050401035031,71
440050401035032,71
440050401035033,71
440050401035034,71
440050401035035,71
440050401035036,71
440050401035037,71
440050401035038,71
440050401035039,71
440050401035040,71
440050401035041,71
440050401035042,71
440050401035043,71
440050401035044,71
440050401035046,71
440050401035047,71
440050401035048,71
440059900000005,71
440059900000009,71
440059900000010,71
440059900000011,71
440059900000048,71
440059900000049,71
440059900000050,71
440059900000051,71
440059900000052,71
440059900000053,71
440059900000054,71
440059900000056,71
440059900000061,71
440059900000062,71
440059900000073,71
440059900000074,71
440059900000075,71
440050401023039,72
440050401023040,72
440050401023041,72
440050401023042,72
440050401023043,72
440050401023044,72
440050401023045,72
440050401023046,72
440050401023047,72
440050401023048,72
440050401023049,72
440050401023050,72
440050401023051,72
440050401023052,72
440050401023053,72
440050401023054,72
440050401023055,72
440050401023056,72
440050401023057,72
440050401023058,72
440050401023059,72
440050401023060,72
440050401023062,72
440050401023063,72
440050401032008,72
440050401032010,72
440050401032011,72
440050401032012,72
440050401032013,72
440050401032014,72
440050401032015,72
440050401032016,72
440050401032017,72
440050401032018,72
440050401032019,72
440050401032020,72
440050401032021,72
440050401032022,72
440050401032023,72
440050401032024,72
440050401032025,72
440050401032026,72
440050401032027,72
440050401032028,72
440050401032029,72
440050401032030,72
440050401032031,72
440050401032032,72
440050401032033,72
440050401032034,72
440050401032035,72
440050401032036,72
440050401032037,72
440050401032038,72
440050401034050,72
440050401034051,72
440050401034052,72
440050401034053,72
440050401034054,72
440050401034055,72
440050401034056,72
440050401034057,72
440050401034058,72
440050401034059,72
440050401034065,72
440050401034066,72
440050401034072,72
440050401035045,72
440050404001000,72
440050404001001,72
440050404001002,72
440050404001003,72
440050404001004,72
440050404001005,72
440050404001006,72
440050404001007,72
440050404001008,72
440050404001009,72
440050404001010,72
440050404001011,72
440050404001012,72
440050404001013,72
440050404001014,72
440050404001015,72
440050404001016,72
440050404001017,72
440050404001018,72
440050404001019,72
440050404001020,72
440050404001021,72
440050404001022,72
440050404001023,72
440050404001024,72
440050404001025,72
440050404001026,72
440050404001027,72
440050404001028,72
440050404001029,72
440050404001030,72
440050404001031,72
440050404001032,72
440050404001033,72
440050404001034,72
440050404001035,72
440050404001036,72
440050404001037,72
440050404001038,72
440050404001039,72
440050404001040,72
440050404001041,72
440050404001042,72
440050404001043,72
440050404001044,72
440050404001045,72
440050404001046,72
440050404001048,72
440050404001049,72
440050404001050,72
440050404001051,72
440050404001052,72
440050404001053,72
440050404001054,72
440050404001055,72
440050404001056,72
440050404001057,72
440050404001059,72
440050404001060,72
440050404002000,72
440050404002001,72
440050404002002,72
440050404002003,72
440050404002004,72
440050404002005,72
440050404002006,72
440050404002007,72
440050404002013,72
440050404002014,72
440050404002015,72
440050404002016,72
440050404002017,72
440050404002029,72
440050404002040,72
440050404003000,72
440050404003001,72
440050404003002,72
440050404003003,72
440050404003004,72
440050404003005,72
440050404003006,72
440050404003007,72
440050404003008,72
440050404003009,72
440050404003011,72
440050404003012,72
440050404003013,72
440050404003014,72
440050404003015,72
440050404003016,72
440050404003017,72
440050404003018,72
440050404003019,72
440050404003020,72
440050404003021,72
440050404003022,72
440050404003023,72
440050404003024,72
440050404003025,72
440050404003027,72
440050404003028,72
440050404003029,72
440050404003030,72
440050404003031,72
440050404003032,72
440050404003033,72
440050404003034,72
440050404003035,72
440050404003036,72
440050404003037,72
440050404003038,72
440050404003039,72
440050404003040,72
440050404003041,72
440050404003042,72
440050404003043,72
440050404003044,72
440050404003045,72
440050404003046,72
440050404003047,72
440050404003048,72
440050404003049,72
440050404003050,72
440050404003051,72
440050404003054,72
440050404003055,72
440050404003056,72
440059900000047,72
440059900000057,72
440059900000058,72
440059900000059,72
440059900000060,72
440059900000065,72
440059900000066,72
440059900000067,72
440050403021003,73
440050403021004,73
440050403021005,73
440050403021006,73
440050403021007,73
440050403021008,73
440050403021009,73
440050403021010,73
440050403021011,73
440050403021012,73
440050403021013,73
440050403021014,73
440050403021015,73
440050403021016,73
440050403021017,73
440050403021018,73
440050403021019,73
440050403021020,73
440050403021026,73
440050403021027,73
440050403021028,73
440050403021029,73
440050403021030,73
440050403021031,73
440050403021032,73
440050403021033,73
440050403021034,73
440050403021035,73
440050403021036,73
440050403021037,73
440050403021038,73
440050403022012,73
440050403022013,73
440050403022014,73
440050403022015,73
440050403022016,73
440050403022017,73
440050403022018,73
440050403022019,73
440050403022020,73
440050403022021,73
440050403022022,73
440050403022023,73
440050403022024,73
440050403022026,73
440050403022027,73
440050403022028,73
440050403022029,73
440050403022030,73
440050403022031,73
440050403022032,73
440050403022033,73
440050403022034,73
440050403022035,73
440050404002020,73
440050404002021,73
440050404002023,73
440050404002024,73
440050404002025,73
440050404002026,73
440050404002027,73
440050404002028,73
440050404002030,73
440050404002031,73
440050404002032,73
440050404002033,73
440050404002034,73
440050404002035,73
440050404002036,73
440050404002037,73
440050404002038,73
440050404002039,73
440050404002041,73
440050404002042,73
440050404003010,73
440050404003026,73
440050405003000,73
440050405003001,73
440050405003002,73
440050405003003,73
440050405003007,73
440050405003008,73
440050405003009,73
440050405003010,73
440050405003011,73
440050405003012,73
440050406003000,73
440050406003001,73
440050406003002,73
440050406003003,73
440050406003004,73
440050406003005,73
440050406003006,73
440050406003007,73
440050406003008,73
440050406003009,73
440050406003010,73
440050406003012,73
440050406003013,73
440050406003014,73
440050406003015,73
440050406003016,73
440050406004000,73
440050406004019,73
440050407002000,73
440050407002001,73
440050407002002,73
440050407002003,73
440050407002007,73
440050407002008,73
440050407002009,73
440050411001000,73
440050411001001,73
440050411001002,73
440050411001003,73
440050411001004,73
440050411001005,73
440050411001006,73
440050411001007,73
440050412001001,73
440050412001002,73
440050412001003,73
440050412001004,73
440050412001005,73
440050412001006,73
440050412001007,73
440050412001008,73
440050412001009,73
440050412001010,73
440050412001011,73
440050412001012,73
440050412001013,73
440050412001014,73
440050412001015,73
440050412001016,73
440050412001017,73
440050412001018,73
440050412001019,73
440050412001020,73
440050412001021,73
440050412001022,73
440050412001023,73
440050412001024,73
440050412001025,73
440050412001026,73
440050412001027,73
440050412001028,73
440050412001029,73
440050412001030,73
440050412001031,73
440050412001032,73
440050412001033,73
440050412001034,73
440050412001035,73
440050412001036,73
440050412001037,73
440050412001038,73
440050412001039,73
440050412001040,73
440050412001041,73
440050412001042,73
440050412001043,73
440050412001044,73
440050412001045,73
440050412001046,73
440050412001047,73
440050412001048,73
440050412001049,73
440050412001050,73
440050412001051,73
440050412001052,73
440050412001053,73
440050412001054,73
440050412001055,73
440050412001056,73
440050412001057,73
440050412001058,73
440050412001059,73
440050412001060,73
440050412001061,73
440050412001062,73
440050412001063,73
440050412001064,73
440050412001065,73
440050412001066,73
440050412001067,73
440050412001068,73
440050412001069,73
440050412001070,73
440050412001071,73
440050412001072,73
440050412001073,73
440050412001074,73
440050412001075,73
440050412001076,73
440050412001077,73
440050412001078,73
440050412001079,73
440050412001080,73
440050412001081,73
440050412001082,73
440050412001083,73
440050412001084,73
440059900000022,73
440059900000023,73
440050401033053,74
440050403021000,74
440050403021001,74
440050403021002,74
440050403021021,74
440050403021022,74
440050403021023,74
440050403021024,74
440050403021025,74
440050403022000,74
440050403022001,74
440050403022002,74
440050403022003,74
440050403022004,74
440050403022005,74
440050403022006,74
440050403022007,74
440050403022008,74
440050403022009,74
440050403022010,74
440050403022011,74
440050403022025,74
440050404002008,74
440050404002009,74
440050404002010,74
440050404002011,74
440050404002012,74
440050404002018,74
440050404002019,74
440050404002022,74
440050409002001,74
440050412001000,74
440059900000016,74
440059900000017,74
440059900000018,74
440059900000019,74
440059900000020,74
440059900000021,74
440059900000024,74
440059900000025,74
440059900000026,74
440059900000031,74
440059900000032,74
440059900000033,74
440059900000034,74
440059900000035,74
440059900000036,74
440059900000037,74
440059900000045,74
440059900000068,74
440059900000069,74
440059900000070,74
440059900000071,74
440050404001047,75
440050404001058,75
440050404003052,75
440050404003053,75
440050405003004,75
440050405003005,75
440050405003006,75
440050406003011,75
440050406003017,75
440050406004001,75
440050406004002,75
440050406004003,75
440050406004004,75
440050406004005,75
440050406004006,75
440050406004007,75
440050406004008,75
440050406004009,75
440050406004010,75
440050406004011,75
440050406004012,75
440050406004013,75
440050406004014,75
440050406004015,75
440050406004016,75
440050406004017,75
440050406004018,75
440050406004020,75
440050406004021,75
440050406004022,75
440050406004023,75
440050406004024,75
440050406004025,75
440050406004026,75
440050407002004,75
440050407002005,75
440050407002006,75
440050407002010,75
440050407002011,75
440050407002012,75
440050407002013,75
440050407002014,75
440050407002015,75
440050407002016,75
440050407002017,75
440050407002018,75
440050407002019,75
440050407002020,75
440050407002021,75
440050407002022,75
440050407002023,75
440050407002024,75
440050407002025,75
440050407002026,75
440050407002027,75
440050407002028,75
440050407002029,75
440050407002030,75
440050407002031,75
440050407002032,75
440050407002033,75
440050407002034,75
440050407002035,75
440050407002036,75
440050407002037,75
440050407002038,75
440050407002039,75
440050407002040,75
440050409002000,75
440050409002002,75
440050409002003,75
440050409002004,75
440050409002005,75
440050409002006,75
440050409002007,75
440050409002008,75
440050409002009,75
440050409002010,75
440050409002011,75
440050409002012,75
440050409002013,75
440050409002014,75
440050409002015,75
440050409002016,75
440050409002017,75
440050409002018,75
440050409002019,75
440050409002020,75
440050409002021,75
440050409002022,75
440050409002023,75
440050409002024,75
440050409002025,75
440050409002026,75
440050409002027,75
440050409002028,75
440050409002029,75
440050409002030,75
440050409002031,75
440050409002032,75
440050409002033,75
440050409002034,75
440050409002035,75
440050409002036,75
440050409002037,75
440050409002038,75
440050409002039,75
440050409002040,75
440050409002041,75
440050409002042,75
440050409002043,75
440050409002044,75
440050409002045,75
440050409002046,75
440050409002047,75
440050409002048,75
440050409002049,75
440050409002050,75
440050409002051,75
440050409002052,75
440050409002053,75
440050409002054,75
440050409002055,75
440050409002056,75
440050409002057,75
440050409002058,75
440050409002059,75
440050409002060,75
440050409002061,75
440050409002062,75
440050409002063,75
440050409002064,75
440050409002065,75
440050409002066,75
440050409002067,75
440050409002068,75
440050409002069,75
440050409002070,75
440050409002071,75
440050409002072,75
440050409002073,75
440050409002074,75
440050409002075,75
440050409002076,75
440050409002077,75
440050409002078,75
440050409002079,75
440050409002080,75
440050409002081,75
440050409002082,75
440050409002083,75
440050409002084,75
440050409002085,75
440050409002086,75
440050409002087,75
440050409002088,75
440050409002089,75
440050409002090,75
440050409002091,75
440050409002092,75
440050409002093,75
440050409002094,75
440050409002095,75
440050409002096,75
440050409002097,75
440050409002098,75
440050409002099,75
440050409002100,75
440050409002101,75
440050409002102,75
440050409002103,75
440050409002104,75
440050409002105,75
440050409002106,75
440050409002107,75
440050409002108,75
440050411001008,75
440050411001009,75
440050411001010,75
440050411001011,75
440050411001012,75
440050411001013,75
440050411001014,75
440050411001015,75
440050411001016,75
440050411001017,75
440050411001018,75
440050411001019,75
440050411001020,75
440050411001021,75
440050411001022,75
440050411001023,75
440050411001024,75
440050411001025,75
440050411001026,75
440050411001027,75
440050411001028,75
440050412001085,75
440059900000027,75
440059900000028,75
440059900000029,75
440059900000030,75
440059900000038,75
440059900000039,75
440059900000040,75
440059900000041,75
440059900000042,75
440059900000043,75
440059900000044,75
440059900000046,75
440059900000063,75
440059900000064,75
440059900000072,75
440059900000076,75
440059900000077,75