Id,District
500019601001000,A-4
500019601001001,A-4
500019601001002,A-4
500019601001003,A-4
500019601001004,A-4
500019601001005,A-4
500019601001006,A-4
500019601001007,A-4
500019601001008,A-4
500019601001009,A-4
500019601001010,A-4
500019601001011,A-4
500019601001012,A-4
500019601001013,A-4
500019601001014,A-4
500019601001015,A-4
500019601001016,A-4
500019601001017,A-4
500019601001018,A-4
500019601001019,A-4
500019601001020,A-4
500019601001021,A-4
500019601001022,A-4
500019601001023,A-4
500019601001024,A-4
500019601001025,A-4
500019601001026,A-4
500019601001027,A-4
500019601001028,A-4
500019601001029,A-4
500019601001030,A-4
500019601001031,A-4
500019601001032,A-4
500019601001033,A-4
500019601001034,A-4
500019601001035,A-4
500019601001036,A-4
500019601001037,A-4
500019601001038,A-4
500019601001039,A-4
500019601001040,A-4
500019601001041,A-4
500019601001042,A-4
500019601001043,A-4
500019601001044,A-4
500019601001045,A-4
500019601001046,A-4
500019601001047,A-4
500019601001048,A-4
500019601001049,A-4
500019601001050,A-4
500019601001051,A-4
500019601001052,A-4
500019601002000,A-4
500019601002001,A-4
500019601002002,A-4
500019601002003,A-4
500019601002004,A-4
500019601002005,A-4
500019601002006,A-4
500019601002007,A-4
500019601002008,A-4
500019601002009,A-4
500019601002010,A-4
500019601002011,A-4
500019601002012,A-4
500019601002013,A-4
500019601002014,A-4
500019601002015,A-4
500019601002016,A-4
500019601002017,A-4
500019601002018,A-4
500019601002019,A-4
500019601002020,A-4
500019601002021,A-4
500019601002022,A-4
500019601002023,A-4
500019601002024,A-4
500019601002025,A-4
500019601002026,A-4
500019601002027,A-4
500019601002028,A-4
500019601002029,A-4
500019601002030,A-4
500019601002031,A-4
500019601002032,A-4
500019601002033,A-4
500019601002034,A-4
500019601002035,A-4
500019601002036,A-4
500019601003000,A-4
500019601003001,A-4
500019601003002,A-4
500019601003003,A-4
500019601003004,A-4
500019601003005,A-4
500019601003006,A-4
500019601003007,A-4
500019601003008,A-4
500019601003009,A-4
500019601003010,A-4
500019601003011,A-4
500019601003012,A-4
500019601003013,A-4
500019601003014,A-4
500019601003015,A-4
500019601003016,A-4
500019601003017,A-4
500019601003018,A-4
500019601003019,A-4
500019601003020,A-4
500019601003021,A-4
500019601003022,A-4
500019601003023,A-4
500019601003024,A-4
500019601003025,A-4
500019601003026,A-4
500019601003027,A-4
500019601003028,A-4
500019601003029,A-4
500019601003030,A-4
500019601003031,A-4
500019601003032,A-4
500019601003033,A-4
500019601003034,A-4
500019601003035,A-4
500019601003036,A-4
500019601003037,A-4
500019601003038,A-4
500019601003039,A-4
500019601003040,A-4
500019601003041,A-4
500019601003042,A-4
500019601003043,A-4
500019601003044,A-4
500019601003045,A-4
500019601003046,A-4
500019601003047,A-4
500019601003048,A-4
500019601003049,A-4
500019601003050,A-4
500019601003051,A-4
500019601003052,A-4
500019601003053,A-4
500019601003054,A-4
500019601003055,A-4
500019601003056,A-4
500019601003057,A-4
500019601003058,A-4
500019601003059,A-4
500019601003060,A-4
500019601003061,A-4
500019601003062,A-4
500019601003063,A-4
500019601003064,A-4
500019601003065,A-4
500019601003066,A-4
500019601003067,A-4
500019601003068,A-4
500019601003069,A-4
500019601003070,A-4
500019601003071,A-4
500019601003072,A-4
500019601003073,A-4
500019601003074,A-4
500019601003075,A-4
500019601003076,A-4
500019601003077,A-4
500019601003078,A-4
500019601003079,A-4
500019601003080,A-4
500019601003081,A-4
500019601003082,A-4
500019601003083,A-4
500019601003084,A-4
500019601003085,A-4
500019601003086,A-4
500019601003087,A-4
500019601003088,A-4
500019601003089,A-4
500019602001000,A-3
500019602001001,A-3
500019602001002,A-3
500019602001003,A-3
500019602001004,A-3
500019602001005,A-3
500019602001006,A-3
500019602001007,A-3
500019602001008,A-3
500019602001009,A-3
500019602001010,A-3
500019602001011,A-3
500019602001012,A-3
500019602001013,A-3
500019602001014,A-3
500019602001015,A-3
500019602001016,A-3
500019602001017,A-3
500019602001018,A-3
500019602001019,A-3
500019602001020,A-3
500019602001021,A-3
500019602001022,A-3
500019602001023,A-3
500019602001024,A-3
500019602001025,A-3
500019602001026,A-3
500019602001027,A-3
500019602001028,A-3
500019602001029,A-3
500019602001030,A-3
500019602001031,A-3
500019602001032,A-3
500019602001033,A-3
500019602001034,A-3
500019602001035,A-3
500019602001036,A-3
500019602001037,A-3
500019602001038,A-3
500019602001039,A-3
500019602001040,A-3
500019602001041,A-3
500019602001042,A-3
500019602001043,A-3
500019602001044,A-3
500019602001045,A-3
500019602001046,A-3
500019602001047,A-3
500019602001048,A-3
500019602001049,A-3
500019602001050,A-3
500019602001051,A-3
500019602001052,A-3
500019602001053,A-3
500019602001054,A-3
500019602001055,A-3
500019602001056,A-3
500019602001057,A-3
500019602001058,A-3
500019602001059,A-3
500019602001060,A-3
500019602001061,A-3
500019602001062,A-3
500019602001063,A-3
500019602001064,A-3
500019602001065,A-3
500019602001066,A-3
500019602001067,A-3
500019602001068,A-3
500019602001069,A-3
500019602001070,A-3
500019602002000,A-3
500019602002001,A-3
500019602002002,A-3
500019602002003,A-3
500019602002004,A-3
500019602002005,A-3
500019602002006,A-3
500019602002007,A-3
500019602002008,A-3
500019602002009,A-3
500019602002010,A-3
500019602002011,A-3
500019602002012,A-3
500019602002013,A-3
500019602002014,A-3
500019602002015,A-3
500019602002016,A-3
500019602002017,A-3
500019602002018,A-3
500019602002019,A-3
500019602002020,A-3
500019602002021,A-3
500019602002022,A-3
500019602002023,A-3
500019602002024,A-3
500019602002025,A-3
500019602002026,A-3
500019602002027,A-3
500019602002028,A-3
500019602002029,A-3
500019602002030,A-3
500019602002031,A-3
500019602002032,A-3
500019602002033,A-3
500019602002034,A-3
500019602002035,A-3
500019602002036,A-3
500019602002037,A-3
500019602002038,A-3
500019602002039,A-3
500019602002040,A-3
500019602002041,A-3
500019602002042,A-3
500019602002043,A-3
500019602002044,A-3
500019602002045,A-3
500019602002046,A-3
500019602002047,A-3
500019602002048,A-3
500019602002049,A-3
500019602002050,A-3
500019602002051,A-3
500019602002052,A-3
500019602002053,A-3
500019602002054,A-3
500019602002055,A-3
500019602002056,A-3
500019602002057,A-3
500019602002058,A-3
500019602002059,A-3
500019602002060,A-3
500019602002061,A-3
500019602002062,A-3
500019602002063,A-3
500019602002064,A-3
500019602002065,A-3
500019602002066,A-3
500019602002067,A-3
500019602002068,A-3
500019602002069,A-3
500019602002070,A-3
500019602002071,A-3
500019602002072,A-3
500019602002073,A-3
500019602002074,A-3
500019602002075,A-3
500019602002076,A-3
500019602002077,A-3
500019602002078,A-3
500019602002079,A-3
500019602002080,A-3
500019602002081,A-3
500019602002082,A-3
500019602002083,A-3
500019602002084,A-3
500019602002085,A-3
500019602002086,A-3
500019602002087,A-3
500019602002088,A-3
500019602002089,A-3
500019602002090,A-3
500019602002091,A-3
500019602002092,A-3
500019602002093,A-3
500019602002094,A-3
500019602002095,A-3
500019602002096,A-3
500019602002097,A-3
500019602002098,A-3
500019602002099,A-3
500019602002100,A-3
500019602002101,A-3
500019602002102,A-3
500019602002103,A-3
500019602002104,A-3
500019602002105,A-3
500019602002106,A-3
500019602002107,A-3
500019602002108,A-3
500019602002109,A-3
500019602002110,A-3
500019602002111,A-3
500019602002112,A-3
500019602002113,A-3
500019602002114,A-3
500019602002115,A-3
500019602002116,A-3
500019602002117,A-3
500019602002118,A-3
500019602002119,A-3
500019602002120,A-3
500019602002121,A-3
500019602002122,A-3
500019602002123,A-3
500019603001000,A-3
500019603001001,A-3
500019603001002,A-3
500019603001003,A-3
500019603001004,A-3
500019603001005,A-3
500019603001006,A-3
500019603001007,A-3
500019603001008,A-3
500019603001009,A-3
500019603001010,A-3
500019603001011,A-3
500019603001012,A-3
500019603001013,A-3
500019603001014,A-3
500019603001015,A-3
500019603001016,A-3
500019603001017,A-3
500019603001018,A-3
500019603001019,A-3
500019603001020,A-3
500019603001021,A-3
500019603001022,A-3
500019603001023,A-3
500019603001024,A-3
500019603001025,A-3
500019603001026,A-3
500019603001027,A-3
500019603002000,A-3
500019603002001,A-3
500019603002002,A-3
500019603002003,A-3
500019603002004,A-3
500019603002005,A-3
500019603002006,A-3
500019603002007,A-3
500019603002008,A-3
500019603002009,A-3
500019603002010,A-3
500019603002011,A-3
500019603002012,A-3
500019603002013,A-3
500019603002014,A-3
500019603002015,A-3
500019603002016,A-3
500019603002017,A-3
500019603002018,A-3
500019603002019,A-3
500019603002020,A-3
500019603002021,A-3
500019603002022,A-3
500019603002023,A-3
500019603002024,A-3
500019603002025,A-3
500019603002026,A-3
500019603002027,A-3
500019603002028,A-3
500019603002029,A-3
500019603002030,A-3
500019603002031,A-3
500019603002032,A-3
500019603002033,A-3
500019603002034,A-3
500019603002035,A-3
500019603002036,A-3
500019603002037,A-3
500019603002038,A-3
500019603002039,A-3
500019604001000,A-5
500019604001001,A-5
500019604001002,A-5
500019604001003,A-5
500019604001004,A-5
500019604001005,A-5
500019604001006,A-5
500019604001007,A-5
500019604001008,A-5
500019604001009,A-5
500019604001010,A-5
500019604001011,A-5
500019604001012,A-5
500019604001013,A-5
500019604001014,A-5
500019604001015,A-5
500019604001016,A-5
500019604001017,A-5
500019604001018,A-5
500019604001019,A-5
500019604001020,A-5
500019604001021,A-5
500019604001022,A-5
500019604001023,A-5
500019604001024,A-5
500019604001025,A-5
500019604001026,A-5
500019604001027,A-5
500019604001028,A-5
500019604001029,A-5
500019604001030,A-5
500019604001031,A-5
500019604001032,A-5
500019604001033,A-5
500019604001034,A-5
500019604001035,A-5
500019604001036,A-5
500019604001037,A-5
500019604001038,A-5
500019604001039,A-5
500019604001040,A-5
500019604001041,A-5
500019604001042,A-5
500019604001043,A-5
500019604001044,A-5
500019604001045,A-5
500019604001046,A-5
500019604001047,A-5
500019604001048,A-5
500019604001049,A-5
500019604001050,A-5
500019604001051,A-5
500019604001052,A-5
500019604001053,A-5
500019604001054,A-5
500019604001055,A-5
500019604001056,A-5
500019604001057,A-5
500019604001058,A-5
500019604001059,A-5
500019604001060,A-5
500019604001061,A-5
500019604001062,A-5
500019604001063,A-5
500019604001064,A-5
500019604001065,A-5
500019604001066,A-5
500019604001067,A-5
500019604001068,A-5
500019604001069,A-5
500019604001070,A-5
500019604001071,A-5
500019604001072,A-5
500019604001073,A-5
500019604001074,A-5
500019604001075,A-5
500019604001076,A-5
500019604001077,A-5
500019604001078,A-5
500019604001079,A-5
500019604001080,A-5
500019604001081,A-5
500019604001082,A-5
500019604001083,A-5
500019604001084,A-5
500019604001085,A-5
500019604001086,A-5
500019604001087,A-5
500019604001088,A-5
500019604001089,A-5
500019604001090,A-5
500019604001091,A-5
500019604001092,A-5
500019604001093,A-5
500019604001094,A-5
500019604001095,A-5
500019604001096,A-5
500019604001097,A-5
500019604001098,A-5
500019604001099,A-5
500019604001100,A-5
500019604001101,A-5
500019604001102,A-5
500019604001103,A-5
500019604001104,A-5
500019604001105,A-5
500019604001106,A-5
500019604001107,A-5
500019604001108,A-5
500019604001109,A-5
500019604001110,A-5
500019604001111,A-5
500019604001112,A-5
500019604001113,A-5
500019604002000,A-3
500019604002001,A-3
500019604002002,A-3
500019604002003,A-3
500019604002004,A-3
500019604002005,A-3
500019604002006,A-3
500019604002007,A-3
500019604002008,A-3
500019604002009,A-3
500019604002010,A-3
500019604002011,A-3
500019604002012,A-3
500019604002013,A-3
500019604002054,A-3
500019604002055,A-3
500019604002056,A-3
500019604002014,A-3
500019604002015,A-3
500019604002016,A-3
500019604002017,A-3
500019604002018,A-3
500019604002019,A-3
500019604002020,A-3
500019604002021,A-3
500019604002022,A-3
500019604002023,A-3
500019604002024,A-3
500019604002025,A-3
500019604002026,A-3
500019604002027,A-3
500019604002028,A-3
500019604002029,A-3
500019604002030,A-3
500019604002031,A-3
500019604002032,A-3
500019604002033,A-3
500019604002034,A-3
500019604002035,A-3
500019604002036,A-3
500019604002037,A-3
500019604002038,A-3
500019604002039,A-3
500019604002040,A-3
500019604002041,A-3
500019604002042,A-3
500019604002043,A-3
500019604002044,A-3
500019604002045,A-3
500019604002046,A-3
500019604002047,A-3
500019604002048,A-3
500019604002049,A-3
500019604002050,A-3
500019604002051,A-3
500019604002052,A-3
500019604002053,A-3
500019604002057,A-3
500019604002058,A-3
500019604002059,A-3
500019604002060,A-3
500019604002061,A-3
500019604002062,A-3
500019604002063,A-3
500019604002064,A-3
500019604002065,A-3
500019604002066,A-3
500019604002067,A-3
500019604002068,A-3
500019604002069,A-3
500019604002070,A-3
500019604002071,A-3
500019604002072,A-3
500019604002073,A-3
500019604002074,A-3
500019604002075,A-3
500019604002076,A-3
500019604002077,A-3
500019604002078,A-3
500019604002079,A-3
500019604002080,A-3
500019604002081,A-3
500019604003000,A-3
500019604003001,A-3
500019604003002,A-3
500019604003003,A-3
500019604003004,A-3
500019604003005,A-3
500019604003006,A-3
500019604003007,A-3
500019604003008,A-3
500019604003009,A-3
500019604003010,A-3
500019604003011,A-3
500019604003012,A-3
500019604003013,A-3
500019604003014,A-3
500019604003015,A-3
500019604003016,A-3
500019604003017,A-3
500019604003018,A-3
500019604003019,A-3
500019604003020,A-3
500019604003021,A-3
500019604003022,A-3
500019604003023,A-3
500019604003024,A-3
500019604003025,A-3
500019604003026,A-3
500019604003027,A-3
500019604003028,A-3
500019604003029,A-3
500019604003030,A-3
500019604003031,A-3
500019604003032,A-3
500019604003033,A-3
500019604003034,A-3
500019604003035,A-3
500019604003036,A-3
500019604003037,A-3
500019604003038,A-3
500019604003039,A-3
500019604003040,A-3
500019604003041,A-3
500019604003042,A-3
500019604003043,A-3
500019604003044,A-3
500019604003045,A-3
500019604003046,A-3
500019604003047,A-3
500019604003048,A-3
500019604003049,A-3
500019604003050,A-3
500019604003051,A-3
500019604003052,A-3
500019604003053,A-3
500019604003054,A-3
500019604003055,A-3
500019604003056,A-3
500019604003057,A-3
500019604003058,A-3
500019604003059,A-3
500019604003060,A-3
500019604003061,A-3
500019604003062,A-3
500019604003063,A-3
500019604003064,A-3
500019604003065,A-3
500019604003066,A-3
500019604003067,A-3
500019604003068,A-3
500019604003069,A-3
500019604003070,A-3
500019604003071,A-3
500019604003072,A-3
500019604003073,A-3
500019604003074,A-3
500019604003075,A-3
500019604003076,A-3
500019604003077,A-3
500019604003078,A-3
500019604003079,A-3
500019604003080,A-3
500019604003081,A-3
500019604003082,A-3
500019604003083,A-3
500019604003084,A-3
500019604003085,A-3
500019604003086,A-3
500019604003087,A-3
500019604003088,A-3
500019604003089,A-3
500019604003090,A-3
500019604003091,A-3
500019604003092,A-3
500019604003093,A-3
500019604003094,A-3
500019604003095,A-3
500019604003096,A-3
500019604003097,A-3
500019604003098,A-3
500019604003099,A-3
500019604003100,A-3
500019604003101,A-3
500019604003102,A-3
500019604003103,A-3
500019604003104,A-3
500019604003105,A-3
500019604003106,A-3
500019604003107,A-3
500019604003108,A-3
500019604003109,A-3
500019604003110,A-3
500019604003111,A-3
500019604003112,A-3
500019604003113,A-3
500019604003114,A-3
500019604003115,A-3
500019604003116,A-3
500019604003117,A-3
500019604003118,A-3
500019604003119,A-3
500019604003120,A-3
500019604003121,A-3
500019604003122,A-3
500019604003123,A-3
500019604003124,A-3
500019604003125,A-3
500019604003126,A-3
500019604003127,A-3
500019604003128,A-3
500019604003129,A-3
500019604003130,A-3
500019604003131,A-3
500019604003132,A-3
500019604003133,A-3
500019604003134,A-3
500019604003135,A-3
500019604003136,A-3
500019604004000,A-5
500019604004001,A-5
500019604004002,A-5
500019604004003,A-5
500019604004004,A-5
500019604004005,A-5
500019604004006,A-5
500019604004007,A-5
500019604004008,A-5
500019604004009,A-5
500019604004010,A-5
500019604004011,A-5
500019604004012,A-5
500019604004013,A-5
500019604004014,A-5
500019604004015,A-5
500019604004016,A-5
500019604004017,A-5
500019604004018,A-5
500019604004019,A-5
500019604004020,A-5
500019604004021,A-5
500019604004022,A-5
500019604004023,A-5
500019604004024,A-5
500019604004025,A-5
500019604004026,A-5
500019604004027,A-5
500019604004028,A-5
500019604004029,A-5
500019604004030,A-5
500019604004031,A-5
500019604004032,A-5
500019604004033,A-5
500019604004034,A-5
500019604004035,A-5
500019604004036,A-5
500019604004037,A-5
500019604004038,A-5
500019604004039,A-5
500019604004040,A-5
500019604004041,A-5
500019604004042,A-5
500019604004043,A-5
500019604004044,A-5
500019604004045,A-5
500019604004046,A-5
500019604004047,A-5
500019604004048,A-5
500019604004049,A-5
500019604004050,A-5
500019604004051,A-5
500019604004052,A-5
500019604004053,A-5
500019604004054,A-5
500019604004055,A-5
500019604004056,A-5
500019604004057,A-5
500019604004058,A-5
500019605001000,A-4
500019605001001,A-4
500019605001002,A-4
500019605001003,A-4
500019605001004,A-4
500019605001005,A-4
500019605001006,A-4
500019605001007,A-4
500019605001008,A-4
500019605001009,A-4
500019605001010,A-4
500019605001011,A-4
500019605001012,A-4
500019605001013,A-4
500019605001014,A-4
500019605001015,A-4
500019605001016,A-4
500019605001017,A-4
500019605001018,A-4
500019605001019,A-4
500019605001020,A-4
500019605001021,A-4
500019605001022,A-4
500019605001023,A-4
500019605001024,A-4
500019605001025,A-4
500019605001026,A-4
500019605001027,A-4
500019605001028,A-4
500019605001029,A-4
500019605001030,A-4
500019605001031,A-4
500019605001032,A-4
500019605001033,A-4
500019605001034,A-4
500019605001035,A-4
500019605001036,A-4
500019605001037,A-4
500019605001038,A-4
500019605001039,A-4
500019605001040,A-4
500019605001041,A-4
500019605001042,A-4
500019605001043,A-4
500019605001044,A-4
500019605001045,A-4
500019605001046,A-4
500019605001047,A-4
500019605001048,A-4
500019605001049,A-4
500019605001050,A-4
500019605001051,A-4
500019605001052,A-4
500019605001053,A-4
500019605001054,A-4
500019605001055,A-4
500019605001056,A-4
500019605001057,A-4
500019605001058,A-4
500019605001059,A-4
500019605001060,A-4
500019605001061,A-4
500019605001062,A-4
500019605001063,A-4
500019605001064,A-4
500019605001065,A-4
500019605002000,A-4
500019605002001,A-4
500019605002002,A-4
500019605002003,A-4
500019605002004,A-4
500019605002005,A-4
500019605002006,A-4
500019605002007,A-4
500019605002008,A-4
500019605002009,A-4
500019605002010,A-4
500019605002011,A-4
500019605002012,A-4
500019605002013,A-4
500019605002014,A-4
500019605002015,A-4
500019605002016,A-4
500019605002017,A-4
500019605003000,A-4
500019605003001,A-4
500019605003002,A-4
500019605003003,A-4
500019605003004,A-4
500019605003005,A-4
500019605003006,A-4
500019605003007,A-4
500019605003008,A-4
500019605003009,A-4
500019605003010,A-4
500019605003011,A-4
500019605003012,A-4
500019605003013,A-4
500019605003014,A-4
500019605003015,A-4
500019605003016,A-4
500019605003017,A-4
500019605003018,A-4
500019605003019,A-4
500019605003020,A-4
500019605003021,A-4
500019605003022,A-4
500019605003023,A-4
500019605003024,A-4
500019606001000,A-4
500019606001001,A-4
500019606001002,A-4
500019606001003,A-4
500019606001004,A-4
500019606001005,A-4
500019606001006,A-4
500019606001007,A-4
500019606001008,A-4
500019606001009,A-4
500019606001010,A-4
500019606001011,A-4
500019606001012,A-4
500019606001013,A-4
500019606001014,A-4
500019606001015,A-4
500019606001016,A-4
500019606001017,A-4
500019606001018,A-4
500019606001019,A-4
500019606001020,A-4
500019606001021,A-4
500019606001022,A-4
500019606001023,A-4
500019606001024,A-4
500019606001025,A-4
500019606001026,A-4
500019606001027,A-4
500019606001028,A-4
500019606001029,A-4
500019606001030,A-4
500019606001031,A-4
500019606001032,A-4
500019606001033,A-4
500019606001034,A-4
500019606001035,A-4
500019606001036,A-4
500019606001037,A-4
500019606001038,A-4
500019606001039,A-4
500019606001040,A-4
500019606001041,A-4
500019606001042,A-4
500019606001043,A-4
500019606001044,A-4
500019606001045,A-4
500019606001046,A-4
500019606001047,A-4
500019606001048,A-4
500019606001049,A-4
500019606001050,A-4
500019606001051,A-4
500019606001052,A-4
500019606001053,A-4
500019606001054,A-4
500019606001055,A-4
500019606001056,A-4
500019606001057,A-4
500019606001058,A-4
500019606001059,A-4
500019606001060,A-4
500019606001061,A-4
500019606001062,A-4
500019606001063,A-4
500019606001064,A-4
500019606001065,A-4
500019606001066,A-4
500019606001067,A-4
500019606001068,A-4
500019606001069,A-4
500019606001070,A-4
500019606001071,A-4
500019606001072,A-4
500019606001073,A-4
500019606001074,A-4
500019606001075,A-4
500019606001076,A-4
500019606001077,A-4
500019606001078,A-4
500019606001079,A-4
500019606001080,A-4
500019606001081,A-4
500019606002000,A-2
500019606002001,A-2
500019606002002,A-2
500019606002003,A-2
500019606002004,A-2
500019606002005,A-2
500019606002006,A-2
500019606002007,A-2
500019606002008,A-2
500019606002009,A-2
500019606002010,A-2
500019606002011,A-2
500019606002012,A-2
500019606002013,A-2
500019606002014,A-2
500019606002015,A-2
500019606002016,A-2
500019606002017,A-2
500019606002018,A-2
500019606002019,A-2
500019606002020,A-2
500019606002021,A-2
500019606002022,A-2
500019606002023,A-2
500019606002024,A-2
500019606002025,A-2
500019606002026,A-2
500019606002027,A-2
500019606002028,A-2
500019606002029,A-2
500019606002030,A-2
500019606002031,A-2
500019606002032,A-2
500019606002033,A-2
500019606002034,A-2
500019606002035,A-2
500019606002036,A-2
500019606002037,A-2
500019606002038,A-2
500019606002039,A-2
500019606002040,A-2
500019606002041,A-2
500019606002042,A-2
500019606002043,A-2
500019606002044,A-2
500019606002045,A-2
500019606002046,A-2
500019606002047,A-2
500019606002048,A-2
500019606002049,A-2
500019606002050,A-2
500019606002051,A-2
500019606002052,A-2
500019606002053,A-2
500019606002054,A-2
500019606002055,A-2
500019606002058,A-2
500019606002059,A-2
500019606002060,A-2
500019606002068,A-2
500019606002069,A-2
500019606002093,A-2
500019606002094,A-2
500019606002095,A-2
500019606002056,A-2
500019606002057,A-2
500019606002061,A-2
500019606002062,A-2
500019606002063,A-2
500019606002064,A-2
500019606002065,A-2
500019606002066,A-2
500019606002067,A-2
500019606002070,A-2
500019606002071,A-2
500019606002072,A-2
500019606002073,A-2
500019606002074,A-2
500019606002075,A-2
500019606002076,A-2
500019606002077,A-2
500019606002078,A-2
500019606002079,A-2
500019606002080,A-2
500019606002081,A-2
500019606002082,A-2
500019606002083,A-2
500019606002084,A-2
500019606002085,A-2
500019606002086,A-2
500019606002087,A-2
500019606002088,A-2
500019606002089,A-2
500019606002090,A-2
500019606002091,A-2
500019606002092,A-2
500019606003000,OWA
500019606003001,OWA
500019606003002,OWA
500019606003003,OWA
500019606003004,OWA
500019606003005,OWA
500019606003006,OWA
500019606003007,OWA
500019606003008,OWA
500019606003009,OWA
500019606003010,OWA
500019606003011,OWA
500019606003012,OWA
500019606003013,OWA
500019606003014,OWA
500019606003015,OWA
500019606003016,OWA
500019606003017,OWA
500019606003018,OWA
500019606003019,OWA
500019606003020,OWA
500019606003021,OWA
500019606003022,OWA
500019606003023,OWA
500019606003024,OWA
500019606003025,OWA
500019606003026,OWA
500019606003027,OWA
500019606003028,OWA
500019606003029,OWA
500019606003030,OWA
500019606003031,OWA
500019606003032,OWA
500019606003033,OWA
500019606003034,OWA
500019606003035,OWA
500019606003036,OWA
500019606003037,OWA
500019606003038,OWA
500019606003039,OWA
500019606003040,OWA
500019606003041,OWA
500019606003042,OWA
500019606003043,OWA
500019606003044,OWA
500019606003045,OWA
500019606003046,OWA
500019606003047,OWA
500019606003048,OWA
500019606003049,OWA
500019606003050,OWA
500019606003051,OWA
500019606003052,OWA
500019606003053,OWA
500019606003054,OWA
500019606003097,OWA
500019606003098,OWA
500019606003099,OWA
500019606003100,OWA
500019606003101,OWA
500019606003102,OWA
500019606003112,OWA
500019606003113,OWA
500019606003115,OWA
500019606003055,A-2
500019606003056,A-2
500019606003057,A-2
500019606003058,A-2
500019606003059,A-2
500019606003060,A-2
500019606003061,A-2
500019606003062,A-2
500019606003063,A-2
500019606003064,A-2
500019606003065,A-2
500019606003066,A-2
500019606003067,A-2
500019606003068,A-2
500019606003069,A-2
500019606003070,A-2
500019606003071,A-2
500019606003072,A-2
500019606003073,A-2
500019606003074,A-2
500019606003075,A-2
500019606003076,A-2
500019606003077,A-2
500019606003078,A-2
500019606003079,A-2
500019606003080,A-2
500019606003081,A-2
500019606003082,A-2
500019606003083,A-2
500019606003084,A-2
500019606003085,A-2
500019606003086,A-2
500019606003087,A-2
500019606003088,A-2
500019606003089,A-2
500019606003090,A-2
500019606003091,A-2
500019606003092,A-2
500019606003093,A-2
500019606003094,A-2
500019606003095,A-2
500019606003096,A-2
500019606003103,A-2
500019606003104,A-2
500019606003105,A-2
500019606003106,A-2
500019606003107,A-2
500019606003108,A-2
500019606003109,A-2
500019606003110,A-2
500019606003111,A-2
500019606003114,A-2
500019607001000,A-1
500019607001001,A-1
500019607001002,A-1
500019607001003,A-1
500019607001004,A-1
500019607001005,A-1
500019607001006,A-1
500019607001007,A-1
500019607001008,A-1
500019607001009,A-1
500019607001010,A-1
500019607001011,A-1
500019607001012,A-1
500019607001013,A-1
500019607001014,A-1
500019607001015,A-1
500019607001016,A-1
500019607001017,A-1
500019607001018,A-1
500019607001019,A-1
500019607001020,A-1
500019607001021,A-1
500019607001022,A-1
500019607001023,A-1
500019607001024,A-1
500019607001025,A-1
500019607001026,A-1
500019607001027,A-1
500019607001028,A-1
500019607001029,A-1
500019607001030,A-1
500019607001031,A-1
500019607001032,A-1
500019607001033,A-1
500019607002000,A-1
500019607002001,A-1
500019607002002,A-1
500019607002003,A-1
500019607002004,A-1
500019607002005,A-1
500019607002006,A-1
500019607002007,A-1
500019607002008,A-1
500019607002009,A-1
500019607002010,A-1
500019607002011,A-1
500019607002012,A-1
500019607002013,A-1
500019607002014,A-1
500019607002015,A-1
500019607002016,A-1
500019607002017,A-1
500019607002018,A-1
500019607002019,A-1
500019607002020,A-1
500019607002021,A-1
500019607002022,A-1
500019607003000,A-1
500019607003001,A-1
500019607003002,A-1
500019607003003,A-1
500019607003004,A-1
500019607003005,A-1
500019607003006,A-1
500019607003007,A-1
500019607003008,A-1
500019607003009,A-1
500019607003010,A-1
500019607003011,A-1
500019607003012,A-1
500019607003013,A-1
500019607003014,A-1
500019607003015,A-1
500019607003016,A-1
500019607003017,A-1
500019607003018,A-1
500019607003019,A-1
500019607003020,A-1
500019607004000,A-1
500019607004001,A-1
500019607004002,A-1
500019607004003,A-1
500019607004004,A-1
500019607004005,A-1
500019607004006,A-1
500019607004007,A-1
500019607004008,A-1
500019607004009,A-1
500019607004010,A-1
500019607004011,A-1
500019607004012,A-1
500019607004013,A-1
500019607004014,A-1
500019607004015,A-1
500019607004016,A-1
500019607004017,A-1
500019607004018,A-1
500019607004019,A-1
500019607004020,A-1
500019607004021,A-1
500019607004022,A-1
500019607004023,A-1
500019607004024,A-1
500019607004025,A-1
500019607004026,A-1
500019607004027,A-1
500019607004028,A-1
500019607004029,A-1
500019607004030,A-1
500019607004031,A-1
500019607004032,A-1
500019607004033,A-1
500019607004034,A-1
500019607004035,A-1
500019608001000,A-1
500019608001001,A-1
500019608001002,A-1
500019608001003,A-1
500019608001004,A-1
500019608001005,A-1
500019608001006,A-1
500019608001007,A-1
500019608001008,A-1
500019608001009,A-1
500019608001010,A-1
500019608001011,A-1
500019608001012,A-1
500019608001013,A-1
500019608001014,A-1
500019608001015,A-1
500019608001016,A-1
500019608001017,A-1
500019608002000,A-1
500019608002001,A-1
500019608002002,A-1
500019608002003,A-1
500019608002004,A-1
500019608002005,A-1
500019608002006,A-1
500019608002007,A-1
500019608002008,A-1
500019608002009,A-1
500019608002010,A-1
500019608002011,A-1
500019608002012,A-1
500019608002013,A-1
500019608002014,A-1
500019608002015,A-1
500019608002016,A-1
500019608002017,A-1
500019608002018,A-1
500019608002019,A-1
500019608002020,A-1
500019608002021,A-1
500019608002022,A-1
500019608002023,A-1
500019608002024,A-1
500019608002025,A-1
500019608002026,A-1
500019608002027,A-1
500019608002028,A-1
500019608002029,A-1
500019608003000,A-1
500019608003001,A-1
500019608003002,A-1
500019608003003,A-1
500019608003004,A-1
500019608003005,A-1
500019608003006,A-1
500019608003007,A-1
500019608003008,A-1
500019608003009,A-1
500019608003010,A-1
500019608003011,A-1
500019608003012,A-1
500019608003013,A-1
500019608003014,A-1
500019608003015,A-1
500019608003016,A-1
500019608003017,A-1
500019608003018,A-1
500019608003019,A-1
500019608003020,A-1
500019608003021,A-1
500019608003022,A-1
500019608003023,A-1
500019608003024,A-1
500019608003025,A-1
500019608003026,A-1
500019608003027,A-1
500019608003028,A-1
500019608003029,A-1
500019608003030,A-1
500019608003031,A-1
500019608003032,A-1
500019608003033,A-1
500019608003034,A-1
500019608003035,A-1
500019608003036,A-1
500019608003037,A-1
500019608003038,A-1
500019608003039,A-1
500019608003040,A-1
500019608003041,A-1
500019608003042,A-1
500019608003043,A-1
500019608003044,A-1
500019608003045,A-1
500019608003046,A-1
500019608003047,A-1
500019608003048,A-1
500019608003049,A-1
500019609001000,A-2
500019609001001,A-2
500019609001002,A-2
500019609001003,A-2
500019609001004,A-2
500019609001005,A-2
500019609001006,A-2
500019609001007,A-2
500019609001008,A-2
500019609001009,A-2
500019609001010,A-2
500019609001011,A-2
500019609001012,A-2
500019609001013,A-2
500019609001014,A-2
500019609001015,A-2
500019609001016,A-2
500019609001017,A-2
500019609001018,A-2
500019609001019,A-2
500019609001020,A-2
500019609001021,A-2
500019609001022,A-2
500019609001023,A-2
500019609001024,A-2
500019609001025,A-2
500019609001026,A-2
500019609001027,A-2
500019609001028,A-2
500019609001029,A-2
500019609001030,A-2
500019609001031,A-2
500019609001032,A-2
500019609001033,A-2
500019609001034,A-2
500019609001035,A-2
500019609001036,A-2
500019609001037,A-2
500019609001038,A-2
500019609001039,A-2
500019609001040,A-2
500019609001041,A-2
500019609001042,A-2
500019609001043,A-2
500019609001044,A-2
500019609001045,A-2
500019609001046,A-2
500019609001047,A-2
500019609001048,A-2
500019609001049,A-2
500019609001050,A-2
500019609001051,A-2
500019609001052,A-2
500019609001053,A-2
500019609001054,A-2
500019609001055,A-2
500019609001056,A-2
500019609001064,A-2
500019609001065,A-2
500019609001066,A-2
500019609001076,A-2
500019609001077,A-2
500019609001100,A-2
500019609001101,A-2
500019609001102,A-2
500019609001104,A-2
500019609001057,A-R
500019609001058,A-R
500019609001059,A-R
500019609001060,A-R
500019609001061,A-R
500019609001062,A-R
500019609001063,A-R
500019609001067,A-R
500019609001068,A-R
500019609001069,A-R
500019609001070,A-R
500019609001071,A-R
500019609001072,A-R
500019609001073,A-R
500019609001074,A-R
500019609001075,A-R
500019609001078,A-R
500019609001079,A-R
500019609001080,A-R
500019609001081,A-R
500019609001082,A-R
500019609001083,A-R
500019609001084,A-R
500019609001085,A-R
500019609001086,A-R
500019609001087,A-R
500019609001088,A-R
500019609001089,A-R
500019609001090,A-R
500019609001091,A-R
500019609001092,A-R
500019609001093,A-R
500019609001094,A-R
500019609001095,A-R
500019609001096,A-R
500019609001097,A-R
500019609001098,A-R
500019609001099,A-R
500019609001103,A-R
500019609002000,A-5
500019609002001,A-5
500019609002002,A-5
500019609002003,A-5
500019609002004,A-5
500019609002005,A-5
500019609002006,A-5
500019609002007,A-5
500019609002008,A-5
500019609002009,A-5
500019609002010,A-5
500019609002011,A-5
500019609002012,A-5
500019609002013,A-5
500019609002014,A-5
500019609002015,A-5
500019609002016,A-5
500019609002017,A-5
500019609002018,A-5
500019609002019,A-5
500019609002020,A-5
500019609002021,A-5
500019609002022,A-5
500019609002023,A-5
500019609002024,A-5
500019609002025,A-5
500019609002026,A-5
500019609002027,A-5
500019609002028,A-5
500019609002029,A-5
500019609002030,A-5
500019609002031,A-5
500019609002032,A-5
500019609002033,A-5
500019609002034,A-5
500019609002035,A-5
500019609002036,A-5
500019609002037,A-5
500019609002038,A-5
500019609002039,A-5
500019609002040,A-5
500019609002041,A-5
500019609002042,A-5
500019609002043,A-5
500019609002044,A-5
500019609002045,A-5
500019609002046,A-5
500019609002047,A-5
500019609002048,A-5
500019609002049,A-5
500019609002050,A-5
500019609002051,A-5
500019609002052,A-5
500019609002053,A-5
500019609002054,A-5
500019609002055,A-5
500019609002056,A-5
500019609002057,A-5
500019609002058,A-5
500019609002059,A-5
500019609002060,A-5
500019609002061,A-5
500019609002062,A-5
500019609002063,A-5
500019609002064,A-5
500019609002065,A-5
500019609002066,A-5
500019609002067,A-5
500019609002068,A-5
500019609002069,A-5
500019609002070,A-5
500019609002071,A-5
500019609002072,A-5
500019609002073,A-5
500019609002074,A-5
500019609002075,A-5
500019609002076,A-5
500019609002077,A-5
500019609002078,A-5
500019609002079,A-5
500019609002080,A-5
500019609002081,A-5
500019609002082,A-5
500019609002083,A-5
500019609002084,A-5
500019609002085,A-5
500019609002086,A-5
500019609002087,A-5
500019609002088,A-5
500019609002089,A-5
500019609002090,A-5
500019609002091,A-5
500019609002092,A-5
500019609002093,A-5
500019609002094,A-5
500019609002095,A-5
500019609002096,A-5
500019609002097,A-5
500019609002098,A-5
500019609002099,A-5
500019609002100,A-5
500019609002101,A-5
500019609002102,A-5
500019609002103,A-5
500019609002104,A-5
500019609002105,A-5
500019609002106,A-5
500019609002107,A-5
500019609002108,A-5
500019609002109,A-5
500019609002110,A-5
500019609002111,A-5
500019609002112,A-5
500019609002113,A-5
500019609002114,A-5
500019609002115,A-5
500019609003000,A-R
500019609003001,A-R
500019609003002,A-R
500019609003003,A-R
500019609003004,A-R
500019609003005,A-R
500019609003006,A-R
500019609003007,A-R
500019609003008,A-R
500019609003009,A-R
500019609003010,A-R
500019609003011,A-R
500019609003012,A-R
500019609003013,A-R
500019609003014,A-R
500019609003015,A-R
500019609003016,A-R
500019609003017,A-R
500019609003018,A-R
500019609003019,A-R
500019609003020,A-R
500019609003021,A-R
500019609003022,A-R
500019609003023,A-R
500019609003024,A-R
500019609003025,A-R
500019609003026,A-R
500019609003027,A-R
500019609003028,A-R
500019609003029,A-R
500019609003030,A-R
500019609003031,A-R
500019609003032,A-R
500019609003033,A-R
500019609003034,A-R
500019609003035,A-R
500019609003036,A-R
500019609003037,A-R
500019609003038,A-R
500019609003039,A-R
500019609003040,A-R
500019609003041,A-R
500019609003042,A-R
500019609003043,A-R
500019609003044,A-R
500019609003045,A-R
500019609003046,A-R
500019609003047,A-R
500019609003048,A-R
500019609003049,A-R
500019609003050,A-R
500019609003051,A-R
500019609003052,A-R
500019609003053,A-R
500019609003054,A-R
500019609003055,A-R
500019609003056,A-R
500019609003057,A-R
500019609003058,A-R
500019609003059,A-R
500019609003060,A-R
500019609003061,A-R
500019609003062,A-R
500019609003063,A-R
500019609003064,A-R
500019609003065,A-R
500019609003066,A-R
500019609003067,A-R
500019609003068,A-R
500019609003069,A-R
500019609003070,A-R
500019609003071,A-R
500019609003072,A-R
500019609003073,A-R
500019609003074,A-R
500019609003075,A-R
500019609003076,A-R
500019609003077,A-R
500019609003078,A-R
500019609003079,A-R
500019609003080,A-R
500019609003081,A-R
500019609003082,A-R
500019609003083,A-R
500019609003084,A-R
500019609003085,A-R
500019609003086,A-R
500019609003087,A-R
500019609003088,A-R
500019609003089,A-R
500019609003090,A-R
500019609003091,A-R
500019609003092,A-R
500019609003093,A-R
500019609003094,A-R
500019609003095,A-R
500019609003096,A-R
500019609003097,A-R
500019609003098,A-R
500019609003099,A-R
500019609003100,A-R
500019609003101,A-R
500019609003102,A-R
500019609003103,A-R
500019609003104,A-R
500019609003105,A-R
500019609003106,A-R
500019609003107,A-R
500019609003108,A-R
500019609003109,A-R
500019609003110,A-R
500019609004000,A-R
500019609004001,A-R
500019609004002,A-R
500019609004003,A-R
500019609004004,A-R
500019609004005,A-R
500019609004006,A-R
500019609004007,A-R
500019609004008,A-R
500019609004009,A-R
500019609004010,A-R
500019609004011,A-R
500019609004012,A-R
500019609004013,A-R
500019609004014,A-R
500019609004015,A-R
500019609004016,A-R
500019609004017,A-R
500019609004018,A-R
500019609004019,A-R
500019609004020,A-R
500019609004021,A-R
500019609004022,A-R
500019609004023,A-R
500019609004024,A-R
500019609004025,A-R
500019609004026,A-R
500019609004027,A-R
500019609004028,A-R
500019609004029,A-R
500019609004030,A-R
500019609004031,A-R
500019609004032,A-R
500019609004033,A-R
500019609004034,A-R
500019609004035,A-R
500019609004036,A-R
500019609004037,A-R
500019609004038,A-R
500019609004039,A-R
500019609004040,A-R
500019609004041,A-R
500019609004042,A-R
500019609004043,A-R
500019609004044,A-R
500019609004045,A-R
500019609004046,A-R
500019609004047,A-R
500019609004048,A-R
500019609004049,A-R
500019609004050,A-R
500019609004051,A-R
500019609004052,A-R
500019609004053,A-R
500019609004054,A-R
500019609004055,A-R
500019609004056,A-R
500019609004057,A-R
500019609004058,A-R
500019609004059,A-R
500019609004060,A-R
500019609004061,A-R
500019609004062,A-R
500019609004063,A-R
500019609004064,A-R
500019609004065,A-R
500019609004066,A-R
500019609004067,A-R
500019609004068,A-R
500019609004069,A-R
500019609004070,A-R
500019609004071,A-R
500019609004072,A-R
500019609004073,A-R
500019609004074,A-R
500019609004075,A-R
500019609004076,A-R
500019609004077,A-R
500019609004078,A-R
500019609004079,A-R
500019609004080,A-R
500019609004081,A-R
500019609004082,A-R
500019609004083,A-R
500019609004084,A-R
500019609004085,A-R
500019609004086,A-R
500019609004087,A-R
500019609004088,A-R
500019609004089,A-R
500019609004090,A-R
500019609004091,A-R
500019609004092,A-R
500019609004093,A-R
500019609004094,A-R
500019609004095,A-R
500019609004096,A-R
500019609004097,A-R
500019609004098,A-R
500019609004099,A-R
500019609004100,A-R
500019609004101,A-R
500019609004102,A-R
500019609004103,A-R
500019609004104,A-R
500019609004105,A-R
500019609004106,A-R
500019609004107,A-R
500019609004108,A-R
500019609004109,A-R
500019609004110,A-R
500019609004111,A-R
500019609004112,A-R
500019609004113,A-R
500019609004114,A-R
500019609004115,A-R
500019609004116,A-R
500019609004117,A-R
500019609004118,A-R
500019609004119,A-R
500019609004120,A-R
500019609004121,A-R
500019609004122,A-R
500019609004123,A-R
500019609004124,A-R
500019609004125,A-R
500019609004126,A-R
500019609004127,A-R
500019609004128,A-R
500019609004129,A-R
500019609004130,A-R
500019609004131,A-R
500019610001000,A-2
500019610001001,A-2
500019610001002,A-2
500019610001003,A-2
500019610001004,A-2
500019610001005,A-2
500019610001006,A-2
500019610001007,A-2
500019610001008,A-2
500019610001009,A-2
500019610001010,A-2
500019610001011,A-2
500019610001012,A-2
500019610001013,A-2
500019610001014,A-2
500019610001015,A-2
500019610001016,A-2
500019610001017,A-2
500019610001018,A-2
500019610001019,A-2
500019610001020,A-2
500019610001021,A-2
500019610001022,A-2
500019610001023,A-2
500019610001024,A-2
500019610001025,A-2
500019610001026,A-2
500019610001027,A-2
500019610001028,A-2
500019610001029,A-2
500019610001030,A-2
500019610001031,A-2
500019610001032,A-2
500019610001033,A-2
500019610001034,A-2
500019610001035,A-2
500019610001036,A-2
500019610001037,A-2
500019610001038,A-2
500019610001039,A-2
500019610001040,A-2
500019610001041,A-2
500019610001042,A-2
500019610001043,A-2
500019610001044,A-2
500019610001045,A-2
500019610001046,A-2
500019610001047,A-2
500019610001048,A-2
500019610001049,A-2
500019610001050,A-2
500019610001051,A-2
500019610001052,A-2
500019610001053,A-2
500019610001054,A-2
500019610001055,A-2
500019610001056,A-2
500019610001057,A-2
500019610001058,A-2
500019610001059,A-2
500019610001060,A-2
500019610001061,A-2
500019610001062,A-2
500019610001063,A-2
500019610001064,A-2
500019610001065,A-2
500019610001066,A-2
500019610001067,A-2
500019610001068,A-2
500019610001069,A-2
500019610001070,A-2
500019610001071,A-2
500019610001072,A-2
500019610001073,A-2
500019610001074,A-2
500019610001075,A-2
500019610001076,A-2
500019610001077,A-2
500019610001078,A-2
500019610001079,A-2
500019610001080,A-2
500019610001081,A-2
500019610001082,A-2
500019610001083,A-2
500019610001084,A-2
500019610001085,A-2
500019610001086,A-2
500019610001087,A-2
500019610001088,A-2
500019610001089,A-2
500019610001090,A-2
500019610001091,A-2
500019610001092,A-2
500019610001093,A-2
500019610001094,A-2
500019610001095,A-2
500019610001096,A-2
500019610001097,A-2
500019610002000,A-2
500019610002001,A-2
500019610002002,A-2
500019610002003,A-2
500019610002004,A-2
500019610002005,A-2
500019610002006,A-2
500019610002007,A-2
500019610002008,A-2
500019610002009,A-2
500019610002010,A-2
500019610002011,A-2
500019610002012,A-2
500019610002013,A-2
500019610002014,A-2
500019610002015,A-2
500019610002016,A-2
500019610002017,A-2
500019610002018,A-2
500019610002019,A-2
500019610002020,A-2
500019610002021,A-2
500019610002022,A-2
500019610002023,A-2
500019610002024,A-2
500019610002025,A-2
500019610002026,A-2
500019610002027,A-2
500019610002028,A-2
500019610002029,A-2
500019610002030,A-2
500019610002031,A-2
500019610002032,A-2
500019610002033,A-2
500019610002034,A-2
500019610002035,A-2
500019610002036,A-2
500019610002037,A-2
500019610002038,A-2
500019610002039,A-2
500019610002040,A-2
500019610002041,A-2
500019610002042,A-2
500019610002043,A-2
500019610002044,A-2
500019610002045,A-2
500019610002046,A-2
500019610002047,A-2
500019610002048,A-2
500019610002049,A-2
500019610002050,A-2
500019610002051,A-2
500019610002052,A-2
500019610002053,A-2
500019610002054,A-2
500019610002055,A-2
500019610002056,A-2
500019610002057,A-2
500019610002058,A-2
500019610002059,A-2
500019610002060,A-2
500019610002061,A-2
500019610002062,A-2
500019610002063,A-2
500019610002064,A-2
500019610002065,A-2
500019610002066,A-2
500019610002067,A-2
500019610002068,A-2
500019610002069,A-2
500019610002070,A-2
500019610002071,A-2
500019610002072,A-2
500019610002073,A-2
500019610002074,A-2
500019610002075,A-2
500019610002076,A-2
500019610002077,A-2
500019610002078,A-2
500019610002079,A-2
500019610002080,A-2
500019610002081,A-2
500019610002082,A-2
500019610002083,A-2
500019610002084,A-2
500019610002085,A-2
500019610002086,A-2
500019610002087,A-2
500039702001000,B-R
500039702001001,B-R
500039702001002,B-R
500039702001003,B-R
500039702001004,B-R
500039702001005,B-R
500039702001006,B-R
500039702001007,B-R
500039702001008,B-R
500039702001009,B-R
500039702001010,B-R
500039702001011,B-R
500039702001012,B-R
500039702001013,B-R
500039702001014,B-R
500039702001015,B-R
500039702001016,B-R
500039702001017,B-R
500039702001018,B-R
500039702001019,B-R
500039702001020,B-R
500039702001021,B-R
500039702001022,B-R
500039702001023,B-R
500039702001024,B-R
500039702001025,B-R
500039702001026,B-R
500039702001027,B-R
500039702001028,B-R
500039702001029,B-R
500039702001030,B-R
500039702001031,B-R
500039702001032,B-R
500039702001033,B-R
500039702001034,B-R
500039702001035,B-R
500039702001036,B-R
500039702001037,B-R
500039702001038,B-R
500039702001039,B-R
500039702001040,B-R
500039702001041,B-R
500039702001042,B-R
500039702001043,B-R
500039702001044,B-R
500039702001045,B-R
500039702001046,B-R
500039702001047,B-R
500039702001048,B-R
500039702001049,B-R
500039702001050,B-R
500039702001051,B-R
500039702001052,B-R
500039702001053,B-R
500039702001054,B-R
500039702001055,B-R
500039702001056,B-R
500039702001057,B-R
500039702001058,B-R
500039702001059,B-R
500039702001060,B-R
500039702001061,B-R
500039702001062,B-R
500039702002000,B-R
500039702002001,B-R
500039702002002,B-R
500039702002003,B-R
500039702002004,B-R
500039702002005,B-R
500039702002006,B-R
500039702002007,B-R
500039702002008,B-R
500039702002009,B-R
500039702002010,B-R
500039702002011,B-R
500039702002012,B-R
500039702002013,B-R
500039702002014,B-R
500039702002015,B-R
500039702002016,B-R
500039702002017,B-R
500039702002018,B-R
500039702002019,B-R
500039702002020,B-R
500039702002021,B-R
500039702002022,B-R
500039702002023,B-R
500039702002024,B-R
500039702002025,B-R
500039702002026,B-R
500039702002027,B-R
500039702002028,B-R
500039702002029,B-R
500039702002030,B-R
500039702002031,B-R
500039702002032,B-R
500039702002033,B-R
500039702002034,B-R
500039702002035,B-R
500039702002036,B-R
500039702002037,B-R
500039702002038,B-R
500039702002039,B-R
500039702002040,B-R
500039702002041,B-R
500039702002042,B-R
500039702002043,B-R
500039702002044,B-R
500039702002045,B-R
500039702002046,B-R
500039702002047,B-R
500039702002048,B-R
500039702002049,B-R
500039702002050,B-R
500039702002051,B-R
500039702002052,B-R
500039702002053,B-R
500039702002054,B-R
500039702002055,B-R
500039702002056,B-R
500039702002057,B-R
500039702002058,B-R
500039702002059,B-R
500039702002060,B-R
500039702002061,B-R
500039702002062,B-R
500039702002063,B-R
500039702002064,B-R
500039702002065,B-R
500039703001000,R-B
500039703001001,R-B
500039703001002,R-B
500039703001003,R-B
500039703001004,R-B
500039703001005,R-B
500039703001006,R-B
500039703001007,R-B
500039703001008,R-B
500039703001009,R-B
500039703001010,R-B
500039703001011,R-B
500039703001012,R-B
500039703001013,R-B
500039703001014,R-B
500039703001015,R-B
500039703001016,R-B
500039703001017,R-B
500039703001018,R-B
500039703001019,R-B
500039703001020,R-B
500039703001021,R-B
500039703001022,R-B
500039703001023,R-B
500039703001024,R-B
500039703001025,R-B
500039703001026,R-B
500039703001027,R-B
500039703001028,R-B
500039703001029,R-B
500039703001030,R-B
500039703001031,R-B
500039703001032,R-B
500039703001033,R-B
500039703001034,R-B
500039703001035,R-B
500039703001036,R-B
500039703001037,R-B
500039703001038,R-B
500039703001039,R-B
500039703001040,R-B
500039703001041,R-B
500039703001042,R-B
500039703001043,R-B
500039703001044,R-B
500039703001045,R-B
500039703001046,R-B
500039703001047,R-B
500039703001048,R-B
500039703001049,R-B
500039703001050,R-B
500039703001051,R-B
500039703001052,R-B
500039703001053,R-B
500039703001054,R-B
500039703001055,R-B
500039703001056,R-B
500039703001057,R-B
500039703001058,R-B
500039703001059,R-B
500039703001060,R-B
500039703001061,R-B
500039703001062,R-B
500039703001063,R-B
500039703001064,R-B
500039703001065,R-B
500039703001066,R-B
500039703001067,R-B
500039703001068,R-B
500039703001069,R-B
500039703001070,R-B
500039703001071,R-B
500039703001072,R-B
500039703001076,R-B
500039703001097,R-B
500039703001073,R-B
500039703001074,R-B
500039703001075,R-B
500039703001077,R-B
500039703001078,B-4
500039703001079,B-4
500039703001080,B-4
500039703001081,B-4
500039703001082,B-4
500039703001083,B-4
500039703001084,B-4
500039703001085,B-4
500039703001086,B-4
500039703001087,B-4
500039703001088,B-4
500039703001089,B-4
500039703001090,B-4
500039703001091,B-4
500039703001092,B-4
500039703001093,B-4
500039703001094,B-4
500039703001095,B-4
500039703001096,B-4
500039703001098,B-4
500039703001099,B-4
500039703001100,B-4
500039703001101,B-4
500039703001102,B-4
500039703001103,B-4
500039703001104,B-4
500039703001105,B-4
500039703001106,B-4
500039703001107,B-4
500039703001108,B-4
500039703001109,B-4
500039703001110,B-4
500039703001111,B-4
500039703001112,B-4
500039703001113,B-4
500039703001114,B-4
500039703001115,B-4
500039703001116,B-4
500039703001117,B-4
500039703001118,B-4
500039703001119,B-4
500039703001120,B-4
500039703001121,B-4
500039703001122,B-4
500039703001123,B-4
500039703001124,B-4
500039703001125,B-4
500039703001126,B-4
500039703001127,B-4
500039703001128,B-4
500039703001129,B-4
500039703001130,B-4
500039704001000,B-4
500039704001001,B-4
500039704001002,B-4
500039704001003,B-4
500039704001004,B-4
500039704001005,B-4
500039704001006,B-4
500039704001007,B-4
500039704001008,B-4
500039704001009,B-4
500039704001010,B-4
500039704001011,B-4
500039704001012,B-4
500039704001013,B-4
500039704001014,B-4
500039704001015,B-4
500039704001016,B-4
500039704001017,B-4
500039704001018,B-4
500039704001019,B-4
500039704001020,B-4
500039704001021,B-4
500039704001022,B-4
500039704001023,B-4
500039704001024,B-4
500039704001025,B-4
500039704001026,B-4
500039704001027,B-4
500039704001028,B-4
500039704001029,B-4
500039704001030,B-4
500039704001031,B-4
500039704001032,B-4
500039704001033,B-4
500039704001034,B-4
500039704001035,B-4
500039704001036,B-4
500039704001037,B-4
500039704001038,B-4
500039704002000,B-4
500039704002001,B-4
500039704002002,B-4
500039704002003,B-4
500039704002004,B-4
500039704002005,B-4
500039704002006,B-4
500039704002007,B-4
500039704002008,B-4
500039704002009,B-4
500039704002010,B-4
500039704002011,B-4
500039704002012,B-4
500039704002013,B-4
500039704002014,B-4
500039704002015,B-4
500039704002016,B-4
500039704002017,B-4
500039704002018,B-4
500039704002019,B-4
500039704002020,B-4
500039704002021,B-4
500039704002022,B-4
500039704002023,B-4
500039704002024,B-4
500039704002025,B-4
500039704002026,B-4
500039704002027,B-4
500039704002028,B-4
500039704003000,B-4
500039704003001,B-4
500039704003002,B-4
500039704003003,B-4
500039704003004,B-4
500039704003005,B-4
500039704003006,B-4
500039704003007,B-4
500039704003008,B-4
500039704003009,B-4
500039704003010,B-4
500039704003011,B-4
500039704003012,B-4
500039704003013,B-4
500039704003014,B-4
500039704003015,B-4
500039704003016,B-4
500039704003017,B-4
500039704003018,B-4
500039704003019,B-4
500039704003020,B-4
500039704003021,B-4
500039704003022,B-4
500039704003023,B-4
500039704003024,B-4
500039704003025,B-4
500039704003026,B-4
500039704003027,B-4
500039704003028,B-4
500039704003029,B-4
500039704003030,B-4
500039704003031,B-4
500039704003032,B-4
500039704003033,B-4
500039704003034,B-4
500039704003035,B-4
500039704003036,B-4
500039704003037,B-4
500039704003038,B-4
500039704003039,B-4
500039704003040,B-4
500039704003041,B-4
500039704003042,B-4
500039704003043,B-4
500039704003044,B-4
500039704003045,B-4
500039704003046,B-4
500039704003047,B-4
500039704003048,B-4
500039704003049,B-4
500039704003050,B-4
500039704003051,B-4
500039704003052,B-4
500039704003053,B-4
500039704003054,B-4
500039704003055,B-4
500039704004000,B-4
500039704004001,B-4
500039704004002,B-4
500039704004003,B-4
500039704004004,B-4
500039704004005,B-4
500039704004006,B-4
500039704004007,B-4
500039704004008,B-4
500039704004009,B-4
500039704004010,B-4
500039704004011,B-4
500039704004012,B-4
500039704004013,B-4
500039704004014,B-4
500039704004015,B-4
500039704004016,B-4
500039704004017,B-4
500039704004018,B-4
500039704004019,B-4
500039704004020,B-4
500039704004021,B-4
500039704004022,B-4
500039704004023,B-4
500039704004024,B-4
500039704004025,B-4
500039704004026,B-4
500039704004027,B-4
500039704004028,B-4
500039704004029,B-4
500039704004030,B-4
500039704004031,B-4
500039704004032,B-4
500039704004033,B-4
500039704004034,B-4
500039704004035,B-4
500039704004036,B-4
500039704004037,B-4
500039704004038,B-4
500039704004039,B-4
500039704004040,B-4
500039704004041,B-4
500039704004042,B-4
500039704004043,B-4
500039704004044,B-4
500039704004045,B-4
500039704004046,B-4
500039704004047,B-4
500039704004048,B-4
500039704004049,B-4
500039704004050,B-4
500039704004051,B-4
500039704004052,B-4
500039704004053,B-4
500039704004054,B-4
500039704004055,B-4
500039704004056,B-4
500039704004057,B-4
500039704004058,B-4
500039704004059,B-4
500039704004060,B-4
500039704004061,B-4
500039704004062,B-4
500039704004063,B-4
500039704004064,B-4
500039704004065,B-4
500039704004066,B-4
500039704004067,B-4
500039704004068,B-4
500039704004069,B-4
500039704004070,B-4
500039704004071,B-4
500039704004072,B-4
500039704004073,B-4
500039704004074,B-4
500039704004075,B-4
500039704004076,B-4
500039704004077,B-4
500039704004078,B-4
500039704004079,B-4
500039704004080,B-4
500039704004081,B-4
500039704004082,B-4
500039704004083,B-4
500039704004084,B-4
500039704004085,B-4
500039704004086,B-4
500039704004087,B-4
500039704004088,B-4
500039704004089,B-4
500039704004090,B-4
500039704004091,B-4
500039704004092,B-4
500039704004093,B-4
500039704004094,B-4
500039704004095,B-4
500039704004096,B-4
500039705001000,B-R
500039705001001,B-R
500039705001002,B-R
500039705001030,B-R
500039705001031,B-R
500039705001032,B-R
500039705001033,B-R
500039705001034,B-R
500039705001035,B-R
500039705001036,B-R
500039705001037,B-R
500039705001038,B-R
500039705001039,B-R
500039705001040,B-R
500039705001041,B-R
500039705001042,B-R
500039705001043,B-R
500039705001044,B-R
500039705001066,B-R
500039705001067,B-R
500039705001068,B-R
500039705001069,B-R
500039705001070,B-R
500039705001071,B-R
500039705001072,B-R
500039705001073,B-R
500039705001074,B-R
500039705001003,B-R
500039705001004,B-R
500039705001005,B-R
500039705001006,B-R
500039705001007,B-R
500039705001008,B-R
500039705001009,B-R
500039705001010,B-R
500039705001011,B-R
500039705001012,B-R
500039705001013,B-R
500039705001014,B-R
500039705001015,B-R
500039705001016,B-R
500039705001017,B-R
500039705001018,B-R
500039705001019,B-R
500039705001020,B-R
500039705001021,B-R
500039705001022,B-R
500039705001023,B-R
500039705001024,B-R
500039705001025,B-R
500039705001026,B-R
500039705001027,B-R
500039705001028,B-R
500039705001029,B-R
500039705001045,B-R
500039705001046,B-R
500039705001047,B-R
500039705001048,B-R
500039705001049,B-R
500039705001050,B-R
500039705001051,B-R
500039705001052,B-R
500039705001053,B-R
500039705001054,B-R
500039705001055,B-R
500039705001056,B-R
500039705001057,B-R
500039705001058,B-R
500039705001059,B-R
500039705001060,B-R
500039705001061,B-R
500039705001062,B-R
500039705001063,B-R
500039705001064,B-R
500039705001065,B-R
500039705001075,B-R
500039705001076,B-R
500039705001077,B-R
500039705002000,WBW
500039705002001,WBW
500039705002002,WBW
500039705002003,WBW
500039705002004,WBW
500039705002005,WBW
500039705002006,WBW
500039705002007,WBW
500039705002008,WBW
500039705002009,WBW
500039705002010,WBW
500039705002011,WBW
500039705002012,WBW
500039705002013,WBW
500039705002014,WBW
500039705002015,WBW
500039705002016,WBW
500039705002017,WBW
500039705002018,WBW
500039705002019,WBW
500039705002020,WBW
500039705002021,WBW
500039705002022,WBW
500039705002023,WBW
500039705002024,WBW
500039705002025,WBW
500039705002026,WBW
500039705002027,WBW
500039705002028,WBW
500039705002029,WBW
500039705002030,WBW
500039705002031,WBW
500039705002032,WBW
500039705002033,WBW
500039705002034,WBW
500039705002035,WBW
500039705002036,WBW
500039705002037,WBW
500039705002038,WBW
500039705002039,WBW
500039705002040,WBW
500039705002041,WBW
500039705002042,WBW
500039705002043,WBW
500039705002044,WBW
500039705002045,WBW
500039705002046,WBW
500039705002047,WBW
500039705002048,WBW
500039705002049,WBW
500039705002050,WBW
500039705002051,WBW
500039705002052,WBW
500039705002053,WBW
500039705002054,WBW
500039705002055,WBW
500039705002056,WBW
500039705002057,WBW
500039705002058,WBW
500039705002059,WBW
500039705002060,WBW
500039705002061,WBW
500039705002062,WBW
500039705002063,WBW
500039705003000,WBW
500039705003001,WBW
500039705003002,WBW
500039705003003,WBW
500039705003004,WBW
500039705003005,WBW
500039705003006,WBW
500039705003007,WBW
500039705003008,WBW
500039705003009,WBW
500039705003010,WBW
500039705003011,WBW
500039705003012,WBW
500039705003013,WBW
500039705003014,WBW
500039705003015,WBW
500039705003016,WBW
500039705003017,WBW
500039705003018,WBW
500039705003019,WBW
500039705003020,WBW
500039705003021,WBW
500039705003022,WBW
500039705003023,WBW
500039705003024,WBW
500039705003025,WBW
500039705003026,WBW
500039705003027,WBW
500039705003028,WBW
500039705003029,WBW
500039705003030,WBW
500039705003031,WBW
500039705003032,WBW
500039705003033,WBW
500039705003034,WBW
500039705003035,WBW
500039705003036,WBW
500039705003037,WBW
500039705003038,WBW
500039705003039,WBW
500039705003040,WBW
500039705003041,WBW
500039705003042,WBW
500039705003043,WBW
500039705003044,WBW
500039705003045,WBW
500039705003046,WBW
500039705003047,WBW
500039705003048,WBW
500039705003049,WBW
500039705003050,WBW
500039705003051,WBW
500039705003052,WBW
500039705003053,WBW
500039705003054,WBW
500039705003055,WBW
500039705003056,WBW
500039705003057,WBW
500039705003058,WBW
500039705003059,WBW
500039705003060,WBW
500039705003061,WBW
500039705003062,WBW
500039706002000,B-3
500039706002001,B-3
500039706002002,B-3
500039706002003,B-3
500039706002004,B-3
500039706002005,B-3
500039706002006,B-3
500039706002007,B-3
500039706002008,B-3
500039706002009,B-3
500039706002010,B-3
500039706002011,B-3
500039706002012,B-3
500039706002013,B-3
500039706002014,B-3
500039706002015,B-3
500039706002016,B-3
500039706002017,B-3
500039706002107,B-3
500039706002018,B-1
500039706002019,B-1
500039706002020,B-1
500039706002021,B-1
500039706002022,B-1
500039706002023,B-1
500039706002024,B-1
500039706002025,B-1
500039706002026,B-1
500039706002027,B-1
500039706002028,B-1
500039706002029,B-1
500039706002030,B-1
500039706002031,B-1
500039706002032,B-1
500039706002033,B-1
500039706002034,B-1
500039706002035,B-1
500039706002036,B-1
500039706002037,B-1
500039706002038,B-1
500039706002039,B-1
500039706002040,B-1
500039706002041,B-1
500039706002064,B-1
500039706002066,B-1
500039706002067,B-1
500039706002068,B-1
500039706002069,B-1
500039706002070,B-1
500039706002071,B-1
500039706002072,B-1
500039706002073,B-1
500039706002074,B-1
500039706002075,B-1
500039706002076,B-1
500039706002077,B-1
500039706002078,B-1
500039706002079,B-1
500039706002080,B-1
500039706002081,B-1
500039706002082,B-1
500039706002083,B-1
500039706002084,B-1
500039706002085,B-1
500039706002086,B-1
500039706002087,B-1
500039706002088,B-1
500039706002089,B-1
500039706002090,B-1
500039706002091,B-1
500039706002092,B-1
500039706002093,B-1
500039706002094,B-1
500039706002095,B-1
500039706002096,B-1
500039706002097,B-1
500039706002098,B-1
500039706002099,B-1
500039706002100,B-1
500039706002101,B-1
500039706002102,B-1
500039706002103,B-1
500039706002104,B-1
500039706002106,B-1
500039706002042,WIB
500039706002043,WIB
500039706002044,WIB
500039706002045,WIB
500039706002046,WIB
500039706002047,WIB
500039706002048,WIB
500039706002049,WIB
500039706002050,WIB
500039706002051,WIB
500039706002052,WIB
500039706002053,WIB
500039706002054,WIB
500039706002055,WIB
500039706002056,WIB
500039706002057,WIB
500039706002058,WIB
500039706002059,WIB
500039706002060,WIB
500039706002061,WIB
500039706002062,WIB
500039706002063,WIB
500039706002065,WIB
500039706002105,WIB
500039706003000,WIB
500039706003001,WIB
500039706003002,WIB
500039706003003,WIB
500039706003004,WIB
500039706003005,WIB
500039706003006,WIB
500039706003007,WIB
500039706003008,WIB
500039706003009,WIB
500039706003010,WIB
500039706003011,WIB
500039706003012,WIB
500039706003013,WIB
500039706003014,WIB
500039706003015,WIB
500039706003016,WIB
500039706003017,WIB
500039706003018,WIB
500039706003019,WIB
500039706003020,WIB
500039706003021,WIB
500039706003022,WIB
500039706003023,WIB
500039706003024,WIB
500039706003025,WIB
500039706003026,WIB
500039706003027,WIB
500039706003028,WIB
500039706003029,WIB
500039706003030,WIB
500039706003031,WIB
500039706003032,WIB
500039706003033,WIB
500039706003034,WIB
500039706003035,WIB
500039706003036,WIB
500039706003037,WIB
500039706003038,WIB
500039706003039,WIB
500039706003040,WIB
500039706003041,WIB
500039706003042,WIB
500039706003043,WIB
500039706003044,WIB
500039706003045,WIB
500039706003046,WIB
500039706003047,WIB
500039706003048,WIB
500039706003049,WIB
500039706003050,WIB
500039706003051,WIB
500039706003052,WIB
500039706003053,WIB
500039706004000,WIB
500039706004001,WIB
500039706004002,WIB
500039706004003,WIB
500039706004004,WIB
500039706004005,WIB
500039706004006,WIB
500039706004007,WIB
500039706004008,WIB
500039706004009,WIB
500039706004010,WIB
500039706004011,WIB
500039706004012,WIB
500039706004013,WIB
500039706004014,WIB
500039706004015,WIB
500039706004016,WIB
500039706004017,WIB
500039706004018,WIB
500039706004019,WIB
500039706004020,WIB
500039706004021,WIB
500039706004022,WIB
500039706004023,WIB
500039706004024,WIB
500039706004025,WIB
500039706004026,WIB
500039706004027,WIB
500039706004028,WIB
500039706004029,WIB
500039706004030,WIB
500039706004031,WIB
500039706004032,WIB
500039706004033,WIB
500039706004034,WIB
500039706004035,WIB
500039706004036,WIB
500039706004037,WIB
500039706004038,WIB
500039706004039,WIB
500039706004040,WIB
500039706004041,WIB
500039706004042,WIB
500039706004043,WIB
500039706004044,WIB
500039706004045,WIB
500039706004046,WIB
500039706004047,WIB
500039706004048,WIB
500039706004049,WIB
500039706004050,WIB
500039706004051,WIB
500039706004052,WIB
500039706004053,WIB
500039706004054,WIB
500039706004055,WIB
500039706004056,WIB
500039706004057,WIB
500039706004058,WIB
500039706004059,WIB
500039706004060,WIB
500039706004061,WIB
500039706004062,WIB
500039706004063,WIB
500039706004064,WIB
500039706004065,WIB
500039706004066,WIB
500039706004067,WIB
500039706004068,WIB
500039706004069,WIB
500039706004070,WIB
500039706004071,WIB
500039706004072,WIB
500039706004073,WIB
500039706004074,WIB
500039706004075,WIB
500039706004076,WIB
500039706004077,WIB
500039706004078,WIB
500039706004079,WIB
500039706004080,WIB
500039706004081,WIB
500039706004082,WIB
500039706004083,WIB
500039706004084,WIB
500039706004085,WIB
500039706004086,WIB
500039706004087,WIB
500039706004088,WIB
500039706004089,WIB
500039706004090,WIB
500039706004091,WIB
500039706004092,WIB
500039706004093,WIB
500039706004094,WIB
500039706004095,WIB
500039706004096,WIB
500039707001000,B-4
500039707001001,B-4
500039707001002,B-4
500039707001003,B-4
500039707001004,B-4
500039707001005,B-4
500039707001006,B-4
500039707001007,B-4
500039707001008,B-4
500039707001009,B-4
500039707001010,B-4
500039707001011,B-4
500039707001012,B-4
500039707001013,B-4
500039707001014,B-4
500039707001015,B-4
500039707001016,B-4
500039707001017,B-4
500039707001018,B-4
500039707001019,B-4
500039707001020,B-4
500039707001021,B-4
500039707001022,B-4
500039707001023,B-4
500039707001024,B-4
500039707001025,B-4
500039707001026,B-4
500039707001027,B-4
500039707001028,B-4
500039707001029,B-4
500039707001030,B-4
500039707001031,B-4
500039707001032,B-4
500039707001033,B-4
500039707001034,B-4
500039707001035,B-4
500039707001036,B-4
500039707001037,B-4
500039707001038,B-4
500039707001039,B-4
500039707001040,B-4
500039707001041,B-4
500039707001042,B-4
500039707001043,B-4
500039707001044,B-4
500039707001045,B-4
500039707001046,B-4
500039707001047,B-4
500039707001048,B-4
500039707001049,B-4
500039707001050,B-4
500039707001051,B-4
500039707001052,B-4
500039707001053,B-4
500039707001054,B-4
500039707001055,B-4
500039707001056,B-4
500039707001057,B-4
500039707001058,B-4
500039707001059,B-4
500039707001060,B-4
500039707001061,B-4
500039707001062,B-4
500039707001063,B-4
500039707001064,B-4
500039707001065,B-4
500039707001066,B-4
500039707001067,B-4
500039707002000,B-4
500039707002001,B-4
500039707002002,B-4
500039707002003,B-4
500039707002004,B-4
500039707002005,B-4
500039707002006,B-4
500039707002007,B-4
500039707002008,B-4
500039707002009,B-4
500039707002010,B-4
500039707002011,B-4
500039707002012,B-4
500039707002013,B-4
500039707002014,B-4
500039707002015,B-4
500039707002016,B-4
500039707002017,B-4
500039707002018,B-4
500039707002019,B-4
500039707002020,B-4
500039707002021,B-4
500039707002022,B-4
500039707002023,B-4
500039707002024,B-4
500039707002025,B-4
500039707002026,B-4
500039707002027,B-4
500039707002028,B-4
500039707002029,B-4
500039707002030,B-4
500039707002031,B-4
500039707002032,B-4
500039707002033,B-4
500039707002034,B-4
500039707002035,B-4
500039707002036,B-4
500039707002037,B-4
500039707002038,B-4
500039707002039,B-4
500039707002040,B-4
500039707002041,B-4
500039707002042,B-4
500039707002043,B-4
500039707002044,B-4
500039707002045,B-4
500039707002046,B-4
500039707002047,B-4
500039707002048,B-4
500039707002049,B-4
500039707002050,B-4
500039707002051,B-4
500039707002052,B-4
500039707002053,B-4
500039707002054,B-4
500039707002055,B-4
500039707002056,B-4
500039707002057,B-4
500039707002058,B-4
500039707002059,B-4
500039707002060,B-4
500039707002061,B-4
500039707002062,B-4
500039707002063,B-4
500039708001000,B-3
500039708001001,B-3
500039708001002,B-3
500039708001003,B-3
500039708001004,B-3
500039708001005,B-3
500039708001006,B-3
500039708001007,B-3
500039708001008,B-3
500039708001009,B-3
500039708001010,B-3
500039708001011,B-3
500039708001012,B-3
500039708001013,B-3
500039708001014,B-3
500039708001015,B-3
500039708001016,B-3
500039708001017,B-3
500039708001018,B-3
500039708001019,B-3
500039708001020,B-3
500039708001021,B-3
500039708001022,B-3
500039708001023,B-3
500039708001024,B-3
500039708001025,B-3
500039708001026,B-3
500039708001027,B-3
500039708001028,B-3
500039708001029,B-3
500039708001030,B-3
500039708001031,B-3
500039708001032,B-3
500039708001033,B-3
500039708001034,B-3
500039708001035,B-3
500039708001036,B-3
500039708001037,B-3
500039708001038,B-3
500039708001039,B-3
500039708001040,B-3
500039708001041,B-3
500039708001042,B-3
500039708001043,B-3
500039708001044,B-3
500039708001045,B-3
500039708001046,B-3
500039708001047,B-3
500039708001048,B-3
500039708001049,B-3
500039708001050,B-3
500039708001051,B-3
500039708001052,B-3
500039708001053,B-3
500039708001054,B-3
500039708001055,B-3
500039708001056,B-3
500039708001057,B-3
500039708001058,B-3
500039708001059,B-3
500039708001060,B-3
500039708001061,B-3
500039708001062,B-3
500039708001063,B-3
500039708001064,B-3
500039708001065,B-3
500039708001066,B-3
500039708001067,B-3
500039708002000,B-3
500039708002001,B-3
500039708002002,B-3
500039708002003,B-3
500039708002004,B-3
500039708002005,B-3
500039708002006,B-3
500039708002007,B-3
500039708002008,B-3
500039708002009,B-3
500039708002010,B-3
500039708002011,B-3
500039708002012,B-3
500039708002013,B-3
500039708002014,B-3
500039708002015,B-3
500039708002016,B-3
500039708002017,B-3
500039708002018,B-3
500039708002019,B-3
500039708002020,B-3
500039708002021,B-3
500039708002022,B-3
500039708002023,B-3
500039708002024,B-3
500039708002025,B-3
500039708002026,B-3
500039708002027,B-3
500039708002028,B-3
500039708002029,B-3
500039708002030,B-3
500039708002031,B-3
500039708002032,B-3
500039708003000,B-3
500039708003001,B-3
500039708003002,B-3
500039708003003,B-3
500039708003004,B-3
500039708003005,B-3
500039708003006,B-3
500039708003007,B-3
500039708003008,B-3
500039708003009,B-3
500039708003010,B-3
500039708003011,B-3
500039708003012,B-3
500039708003013,B-3
500039708003014,B-3
500039708003015,B-3
500039708003016,B-3
500039708003017,B-3
500039708003018,B-3
500039708003019,B-3
500039708003020,B-3
500039708003021,B-3
500039708003022,B-3
500039708003023,B-3
500039708003024,B-3
500039708003025,B-3
500039708003026,B-3
500039708003027,B-3
500039708003028,B-3
500039708003029,B-3
500039708003030,B-3
500039708003031,B-3
500039708003032,B-3
500039708003033,B-3
500039708003034,B-3
500039708003035,B-3
500039708003036,B-3
500039708003037,B-3
500039708003038,B-3
500039708003039,B-3
500039708003040,B-3
500039708003041,B-3
500039708003042,B-3
500039708003043,B-3
500039708003044,B-3
500039708003045,B-3
500039708003046,B-3
500039708003047,B-3
500039708003048,B-3
500039708003049,B-3
500039708003050,B-3
500039708003051,B-3
500039708003052,B-3
500039708003053,B-3
500039709001000,B21
500039709001001,B21
500039709001002,B21
500039709001003,B21
500039709001004,B21
500039709001005,B21
500039709001006,B21
500039709001007,B21
500039709001008,B21
500039709001009,B21
500039709001010,B21
500039709001011,B21
500039709001012,B21
500039709001013,B21
500039709001014,B21
500039709001015,B21
500039709001016,B21
500039709001017,B21
500039709002000,B21
500039709002001,B21
500039709002002,B21
500039709002003,B21
500039709002004,B21
500039709002005,B21
500039709002006,B21
500039709002007,B21
500039709002008,B21
500039709002009,B21
500039709002010,B21
500039709002011,B21
500039709002012,B21
500039709002013,B21
500039709002014,B21
500039709002015,B21
500039709002016,B21
500039709002017,B21
500039709002018,B21
500039709002019,B21
500039709002020,B21
500039709002021,B21
500039709002022,B21
500039709002023,B21
500039709002024,B21
500039709002025,B21
500039709002026,B21
500039709002027,B21
500039709002028,B21
500039709002029,B21
500039709002030,B21
500039709002031,B21
500039709002032,B21
500039709002033,B21
500039709002034,B21
500039709002035,B21
500039709002036,B21
500039709002037,B21
500039709002038,B21
500039709002039,B21
500039709002040,B21
500039709002041,B21
500039709002042,B21
500039709002043,B21
500039710001000,B21
500039710001001,B21
500039710001002,B21
500039710001003,B21
500039710001004,B21
500039710001005,B21
500039710001006,B21
500039710001007,B21
500039710001008,B21
500039710001009,B21
500039710001010,B21
500039710001011,B21
500039710001012,B21
500039710001013,B21
500039710001014,B21
500039710001015,B21
500039710001016,B21
500039710001017,B21
500039710001018,B21
500039710001019,B21
500039710001020,B21
500039710001021,B21
500039710001022,B21
500039710001023,B21
500039710001024,B21
500039710001025,B21
500039710001026,B21
500039710001027,B21
500039710001028,B21
500039710001029,B21
500039710001030,B21
500039710001031,B21
500039710001032,B21
500039710001033,B21
500039710001034,B21
500039710001035,B21
500039710001036,B21
500039710001037,B21
500039710001038,B21
500039710001039,B21
500039710001040,B21
500039710001041,B21
500039710001042,B21
500039710001043,B21
500039710001044,B21
500039710001045,B21
500039710001046,B21
500039710001047,B21
500039710001048,B21
500039710001049,B21
500039710001050,B21
500039710001051,B21
500039710001052,B21
500039710001053,B21
500039710001054,B21
500039710001055,B21
500039710001056,B21
500039710002000,B21
500039710002001,B21
500039710002002,B21
500039710002003,B21
500039710002004,B21
500039710002005,B21
500039710002006,B21
500039710002007,B21
500039710002008,B21
500039710002009,B21
500039710002010,B21
500039710002011,B21
500039710002012,B21
500039710002013,B21
500039710002014,B21
500039710002015,B21
500039710002016,B21
500039710002017,B21
500039710002018,B21
500039710002019,B21
500039710002020,B21
500039710002021,B21
500039710002022,B21
500039710002023,B21
500039710002024,B21
500039710002025,B21
500039710002026,B21
500039710002027,B21
500039710002028,B21
500039710002029,B21
500039710002030,B21
500039710002031,B21
500039710002032,B21
500039710002033,B21
500039710002034,B21
500039710002035,B21
500039710002036,B21
500039710002037,B21
500039710002038,B21
500039710002039,B21
500039710002040,B21
500039710002041,B21
500039710002042,B21
500039710002043,B21
500039710002044,B21
500039710002045,B21
500039710002046,B21
500039710002047,B21
500039710002048,B21
500039710002049,B21
500039710002050,B21
500039710002051,B21
500039710002052,B21
500039710002053,B21
500039710002054,B21
500039710002055,B21
500039710002056,B21
500039710002057,B21
500039710002058,B21
500039710002059,B21
500039710002060,B21
500039710002061,B21
500039710002062,B21
500039710002063,B21
500039710002064,B21
500039710002065,B21
500039710002066,B21
500039710002067,B21
500039710002068,B21
500039710002069,B21
500039710002070,B21
500039710002071,B21
500039710002072,B21
500039710002073,B21
500039710002074,B21
500039710002075,B21
500039710002076,B21
500039710002077,B21
500039710002078,B21
500039710002079,B21
500039710002080,B21
500039710002081,B21
500039710002082,B21
500039710002083,B21
500039710002084,B21
500039710002085,B21
500039710002086,B21
500039710002087,B21
500039710002088,B21
500039710002089,B21
500039710002090,B21
500039710002091,B21
500039710002092,B21
500039710002093,B21
500039710002094,B21
500039710002095,B21
500039710002096,B21
500039710002097,B21
500039710002098,B21
500039710002099,B21
500039710002100,B21
500039710002101,B21
500039711002000,B21
500039711002001,B21
500039711002002,B21
500039711002003,B21
500039711002004,B21
500039711002006,B21
500039711002007,B21
500039711002008,B21
500039711002009,B21
500039711002010,B21
500039711003026,B21
500039712002000,B21
500039712002001,B21
500039712002002,B21
500039712002003,B21
500039712002004,B21
500039712002023,B21
500039712003000,B21
500039712003001,B21
500039712003002,B21
500039712003003,B21
500039712003004,B21
500039712003005,B21
500039712003006,B21
500039712003007,B21
500039712003008,B21
500039712003009,B21
500039712003010,B21
500039712003011,B21
500039712003012,B21
500039712003013,B21
500039712003014,B21
500039712003015,B21
500039712003016,B21
500039712003017,B21
500039712003018,B21
500039712003019,B21
500039712003020,B21
500039712003021,B21
500039712003022,B21
500039712003023,B21
500039712003024,B21
500039712003025,B21
500039712003026,B21
500039712003027,B21
500039712003028,B21
500039712003029,B21
500039712003030,B21
500039712004000,B21
500039712004001,B21
500039712004002,B21
500039712004003,B21
500039712004004,B21
500039712004005,B21
500039712004006,B21
500039712004007,B21
500039712004008,B21
500039712004009,B21
500039712004010,B21
500039712004011,B21
500039712004012,B21
500039712004013,B21
500039712004014,B21
500039712005000,B21
500039712005001,B21
500039713001000,B-1
500039713001001,B-1
500039713001002,B-1
500039713001003,B-1
500039713001004,B-1
500039713001005,B-1
500039713001006,B-1
500039713001007,B-1
500039713001008,B-1
500039713001009,B-1
500039713001010,B-1
500039713001011,B-1
500039713001012,B-1
500039713001013,B-1
500039713001014,B-1
500039713001015,B-1
500039713001016,B-1
500039713001017,B-1
500039713001018,B-1
500039713001019,B-1
500039713001020,B-1
500039713001021,B-1
500039713001022,B-1
500039713001023,B-1
500039713001024,B-1
500039713001025,B-1
500039713001026,B-1
500039713001027,B-1
500039713001028,B-1
500039713001029,B-1
500039713001030,B-1
500039713001031,B-1
500039713001032,B-1
500039713001033,B-1
500039713001034,B-1
500039713001035,B-1
500039713001036,B-1
500039713001037,B-1
500039713001038,B-1
500039713001039,B-1
500039713001040,B-1
500039713001041,B-1
500039713001042,B-1
500039713001043,B-1
500039713001044,B-1
500039713001045,B-1
500039713001046,B-1
500039713002000,B-1
500039713002001,B-1
500039713002002,B-1
500039713002003,B-1
500039713002004,B-1
500039713002005,B-1
500039713002006,B-1
500039713002007,B-1
500039713002008,B-1
500039713002009,B-1
500039713002010,B-1
500039713002011,B-1
500039713002012,B-1
500039713002013,B-1
500039713002014,B-1
500039713002015,B-1
500039713002016,B-1
500039713002017,B-1
500039713002018,B-1
500039713002019,B-1
500039713002020,B-1
500039713002021,B-1
500039713002022,B-1
500039713002023,B-1
500039713002024,B-1
500039713002025,B-1
500039713002026,B-1
500039713002027,B-1
500039713002028,B-1
500039713002029,B-1
500039713002030,B-1
500039713002031,B-1
500039713002032,B-1
500039713002033,B-1
500039713002034,B-1
500039713002035,B-1
500039713002036,B-1
500039713002037,B-1
500039713002038,B-1
500039713002039,B-1
500039713002040,B-1
500039713002041,B-1
500039713002042,B-1
500039713002043,B-1
500039713002044,B-1
500039713002045,B-1
500039713002046,B-1
500039713002047,B-1
500039713003000,B-1
500039713003001,B-1
500039713003002,B-1
500039713003003,B-1
500039713003004,B-1
500039713003005,B-1
500039713003006,B-1
500039713003007,B-1
500039713003008,B-1
500039713003009,B-1
500039713003010,B-1
500039713003011,B-1
500039713003012,B-1
500039713003013,B-1
500039713003014,B-1
500039713003015,B-1
500039713003016,B-1
500039713003017,B-1
500039713003018,B-1
500039713003019,B-1
500039713003020,B-1
500039713003021,B-1
500039713003022,B-1
500039713003023,B-1
500039713003024,B-1
500039713003025,B-1
500039713003026,B-1
500039713003027,B-1
500039713003028,B-1
500039713003029,B-1
500039713003030,B-1
500039713003031,B-1
500039713003032,B-1
500039713003033,B-1
500039713003034,B-1
500039713003035,B-1
500039713003036,B-1
500039713003037,B-1
500039713003038,B-1
500039713003039,B-1
500039713003040,B-1
500039713003041,B-1
500039713003042,B-1
500039713003043,B-1
500039713003044,B-1
500039713003045,B-1
500039713003046,B-1
500039713003047,B-1
500039713003048,B-1
500039713003049,B-1
500039713003050,B-1
500039713003051,B-1
500039713003052,B-1
500039713003053,B-1
500039713003054,B-1
500039713003055,B-1
500039713003056,B-1
500039713003057,B-1
500039713003058,B-1
500039713003059,B-1
500039713003060,B-1
500039713003061,B-1
500039713003062,B-1
500039713003063,B-1
500039713003064,B-1
500039713003065,B-1
500039713003066,B-1
500039713003067,B-1
500039713003068,B-1
500039713003069,B-1
500039713003070,B-1
500039713003071,B-1
500059570001000,ECO
500059570001001,ECO
500059570001002,ECO
500059570001003,ECO
500059570001004,ECO
500059570001005,ECO
500059570001006,ECO
500059570001007,ECO
500059570001008,ECO
500059570001009,ECO
500059570001010,ECO
500059570001011,ECO
500059570001012,ECO
500059570001013,ECO
500059570001014,ECO
500059570001015,ECO
500059570001016,ECO
500059570001017,ECO
500059570001018,ECO
500059570001019,ECO
500059570001020,ECO
500059570001021,ECO
500059570001022,ECO
500059570001023,ECO
500059570001024,ECO
500059570001025,ECO
500059570001026,ECO
500059570001027,ECO
500059570001028,ECO
500059570001029,ECO
500059570001030,ECO
500059570001031,ECO
500059570001032,ECO
500059570001033,ECO
500059570001034,ECO
500059570001035,ECO
500059570001036,ECO
500059570001037,ECO
500059570001038,ECO
500059570001039,ECO
500059570001040,ECO
500059570001041,ECO
500059570001042,ECO
500059570001043,ECO
500059570001044,ECO
500059570001045,ECO
500059570001046,ECO
500059570001047,ECO
500059570001061,ECO
500059570001123,ECO
500059570001124,ECO
500059570001130,ECO
500059570001131,ECO
500059570001132,ECO
500059570001133,ECO
500059570001134,ECO
500059570001135,ECO
500059570001136,ECO
500059570001137,ECO
500059570001138,ECO
500059570001139,ECO
500059570001140,ECO
500059570001141,ECO
500059570001144,ECO
500059570001145,ECO
500059570001146,ECO
500059570001147,ECO
500059570001148,ECO
500059570001149,ECO
500059570001048,CA4
500059570001049,CA4
500059570001050,CA4
500059570001051,CA4
500059570001052,CA4
500059570001053,CA4
500059570001054,CA4
500059570001055,CA4
500059570001056,CA4
500059570001057,CA4
500059570001058,CA4
500059570001059,CA4
500059570001060,CA4
500059570001062,CA4
500059570001063,CA4
500059570001064,CA4
500059570001065,CA4
500059570001066,CA4
500059570001067,CA4
500059570001068,CA4
500059570001069,CA4
500059570001070,CA4
500059570001071,CA4
500059570001072,CA4
500059570001073,CA4
500059570001074,CA4
500059570001075,CA4
500059570001076,CA4
500059570001077,CA4
500059570001078,CA4
500059570001079,CA4
500059570001080,CA4
500059570001081,CA4
500059570001082,CA4
500059570001083,CA4
500059570001084,CA4
500059570001085,CA4
500059570001086,CA4
500059570001087,CA4
500059570001088,CA4
500059570001089,CA4
500059570001090,CA4
500059570001091,CA4
500059570001092,CA4
500059570001093,CA4
500059570001094,CA4
500059570001095,CA4
500059570001096,CA4
500059570001097,CA4
500059570001098,CA4
500059570001099,CA4
500059570001100,CA4
500059570001101,CA4
500059570001102,CA4
500059570001103,CA4
500059570001104,CA4
500059570001105,CA4
500059570001106,CA4
500059570001107,CA4
500059570001108,CA4
500059570001109,CA4
500059570001110,CA4
500059570001111,CA4
500059570001112,CA4
500059570001113,CA4
500059570001114,CA4
500059570001115,CA4
500059570001116,CA4
500059570001117,CA4
500059570001118,CA4
500059570001119,CA4
500059570001120,CA4
500059570001121,CA4
500059570001122,CA4
500059570001125,CA4
500059570001126,CA4
500059570001127,CA4
500059570001128,CA4
500059570001129,CA4
500059570001142,CA4
500059570001143,CA4
500059570001150,CA4
500059570002000,CA2
500059570002001,CA2
500059570002002,CA2
500059570002003,CA2
500059570002004,CA2
500059570002005,CA2
500059570002006,CA2
500059570002007,CA2
500059570002008,CA2
500059570002009,CA2
500059570002010,CA2
500059570002011,CA2
500059570002012,CA2
500059570002013,CA2
500059570002014,CA2
500059570002015,CA2
500059570002016,CA2
500059570002017,CA2
500059570002018,CA2
500059570002019,CA2
500059570002020,CA2
500059570002021,CA2
500059570002022,CA2
500059570002023,CA2
500059570002024,CA2
500059570002025,CA2
500059570002026,CA2
500059570002027,CA2
500059570002028,CA2
500059570002029,CA2
500059570002030,CA2
500059570002031,CA2
500059570002032,CA2
500059570002033,CA2
500059570002034,CA2
500059570002035,CA2
500059570002036,CA2
500059570002037,CA2
500059570002038,CA2
500059570002039,CA2
500059570002040,CA2
500059570002041,CA2
500059570002042,CA2
500059570002043,CA2
500059570002044,CA2
500059570002045,CA2
500059570002046,CA2
500059570002047,CA2
500059570002048,CA2
500059570002049,CA2
500059570002050,CA2
500059570002051,CA2
500059570002052,CA2
500059570002053,CA2
500059570002054,CA2
500059570002055,CA2
500059570002056,CA2
500059570002057,CA2
500059570002058,CA2
500059570002059,CA2
500059570002060,CA2
500059570002061,CA2
500059570002062,CA2
500059570002063,CA2
500059570002064,CA2
500059570002065,CA2
500059570002066,CA2
500059570002067,CA2
500059570002068,CA2
500059570002069,CA2
500059570002070,CA2
500059570002071,CA2
500059570002072,CA2
500059570002073,CA2
500059570002074,CA2
500059570002075,CA2
500059570002076,CA2
500059570002077,CA2
500059570002078,CA2
500059570002079,CA2
500059570002080,CA2
500059570002081,CA2
500059570002082,CA2
500059570002083,CA2
500059570002084,CA2
500059570002085,CA2
500059570003000,OLC
500059570003001,OLC
500059570003002,OLC
500059570003003,OLC
500059570003004,OLC
500059570003005,OLC
500059570003006,OLC
500059570003007,OLC
500059570003008,OLC
500059570003009,OLC
500059570003010,OLC
500059570003011,OLC
500059570003012,OLC
500059570003013,OLC
500059570003014,OLC
500059570003015,OLC
500059570003016,OLC
500059570003017,OLC
500059570003018,OLC
500059570003019,OLC
500059570003020,OLC
500059570003021,OLC
500059570003022,OLC
500059570003023,OLC
500059570003024,OLC
500059570003025,OLC
500059570003026,OLC
500059570003027,OLC
500059570003028,OLC
500059570003029,OLC
500059570003030,OLC
500059570003031,OLC
500059570003032,OLC
500059570003033,OLC
500059570003034,OLC
500059570003035,OLC
500059570003036,OLC
500059570003037,OLC
500059570003038,OLC
500059570003039,OLC
500059570003040,OLC
500059570003041,OLC
500059570003042,OLC
500059570003043,OLC
500059570003044,OLC
500059570003045,OLC
500059570003046,OLC
500059570003047,OLC
500059570003048,OLC
500059570003049,OLC
500059570003050,OLC
500059570003051,OLC
500059570003052,OLC
500059570003053,OLC
500059570003054,OLC
500059570003055,OLC
500059570003065,OLC
500059570003066,OLC
500059570003067,OLC
500059570003068,OLC
500059570003069,OLC
500059570003070,OLC
500059570003071,OLC
500059570003073,OLC
500059570003074,OLC
500059570003075,OLC
500059570003076,OLC
500059570003077,OLC
500059570003078,OLC
500059570003079,OLC
500059570003080,OLC
500059570003081,OLC
500059570003087,OLC
500059570003088,OLC
500059570003089,OLC
500059570003090,OLC
500059570003091,OLC
500059570003092,OLC
500059570003124,OLC
500059570003128,OLC
500059570003179,OLC
500059570003180,OLC
500059570003181,OLC
500059570003182,OLC
500059570003186,OLC
500059570003056,OLC
500059570003057,OLC
500059570003058,OLC
500059570003059,OLC
500059570003060,OLC
500059570003061,OLC
500059570003062,OLC
500059570003063,OLC
500059570003064,OLC
500059570003072,OLC
500059570003082,OLC
500059570003083,OLC
500059570003084,OLC
500059570003085,OLC
500059570003086,OLC
500059570003093,OLC
500059570003094,OLC
500059570003095,OLC
500059570003096,OLC
500059570003097,OLC
500059570003099,OLC
500059570003100,OLC
500059570003101,OLC
500059570003102,OLC
500059570003103,OLC
500059570003104,OLC
500059570003105,OLC
500059570003106,OLC
500059570003107,OLC
500059570003115,OLC
500059570003116,OLC
500059570003117,OLC
500059570003118,OLC
500059570003119,OLC
500059570003120,OLC
500059570003121,OLC
500059570003122,OLC
500059570003123,OLC
500059570003125,OLC
500059570003126,OLC
500059570003127,OLC
500059570003129,OLC
500059570003130,OLC
500059570003131,OLC
500059570003132,OLC
500059570003133,OLC
500059570003134,OLC
500059570003135,OLC
500059570003136,OLC
500059570003137,OLC
500059570003138,OLC
500059570003139,OLC
500059570003140,OLC
500059570003141,OLC
500059570003142,OLC
500059570003143,OLC
500059570003144,OLC
500059570003145,OLC
500059570003146,OLC
500059570003157,OLC
500059570003161,OLC
500059570003162,OLC
500059570003163,OLC
500059570003164,OLC
500059570003165,OLC
500059570003166,OLC
500059570003168,OLC
500059570003169,OLC
500059570003170,OLC
500059570003171,OLC
500059570003173,OLC
500059570003174,OLC
500059570003175,OLC
500059570003176,OLC
500059570003177,OLC
500059570003178,OLC
500059570003183,OLC
500059570003184,OLC
500059570003187,OLC
500059570003098,CA2
500059570003108,CA2
500059570003109,CA2
500059570003110,CA2
500059570003111,CA2
500059570003112,CA2
500059570003113,CA2
500059570003114,CA2
500059570003147,CA2
500059570003148,CA2
500059570003149,CA2
500059570003150,CA2
500059570003151,CA2
500059570003152,CA2
500059570003153,CA2
500059570003154,CA2
500059570003155,CA2
500059570003156,CA2
500059570003158,CA2
500059570003159,CA2
500059570003160,CA2
500059570003167,CA2
500059570003172,CA2
500059570003185,CA2
500059571001000,CA4
500059571001001,CA4
500059571001002,CA4
500059571001003,CA4
500059571001004,CA4
500059571001005,CA4
500059571001006,CA4
500059571001007,CA4
500059571001008,CA4
500059571001009,CA4
500059571001010,CA4
500059571001011,CA4
500059571001012,CA4
500059571001013,CA4
500059571001014,CA4
500059571001015,CA4
500059571001016,CA4
500059571001017,CA4
500059571001018,CA4
500059571001019,CA4
500059571001020,CA4
500059571001021,CA4
500059571001022,CA4
500059571001023,CA4
500059571001024,CA4
500059571001025,CA4
500059571001026,CA4
500059571001027,CA4
500059571001028,CA4
500059571001029,CA4
500059571001030,CA4
500059571001031,CA4
500059571001032,CA4
500059571001033,CA4
500059571001034,CA4
500059571001035,CA4
500059571001036,CA4
500059571001037,CA4
500059571001038,CA4
500059571001039,CA4
500059571001040,CA4
500059571001041,CA4
500059571001042,CA4
500059571001043,CA4
500059571001044,CA4
500059571001045,CA4
500059571001046,CA4
500059571001047,CA4
500059571001048,CA4
500059571001049,CA4
500059571001050,CA4
500059571001051,CA4
500059571001052,CA4
500059571001053,CA4
500059571001054,CA4
500059571001055,CA4
500059571001056,CA4
500059571001057,CA4
500059571002000,CA4
500059571002001,CA4
500059571002002,CA4
500059571002003,CA4
500059571002004,CA4
500059571002005,CA4
500059571002006,CA4
500059571002007,CA4
500059571002008,CA4
500059571002009,CA4
500059571002010,CA4
500059571002011,CA4
500059571002012,CA4
500059571002013,CA4
500059571002014,CA4
500059571002015,CA4
500059571002016,CA4
500059571002017,CA4
500059571002018,CA4
500059571002019,CA4
500059571002020,CA4
500059571002025,CA4
500059571002027,CA4
500059571002028,CA4
500059571002029,CA4
500059571002030,CA4
500059571002031,CA4
500059571002032,CA4
500059571002033,CA4
500059571002034,CA4
500059571002035,CA4
500059571002036,CA4
500059571002037,CA4
500059571002038,CA4
500059571002039,CA4
500059571002040,CA4
500059571002041,CA4
500059571002042,CA4
500059571002043,CA4
500059571002044,CA4
500059571002045,CA4
500059571002046,CA4
500059571002047,CA4
500059571002048,CA4
500059571002049,CA4
500059571002050,CA4
500059571002069,CA4
500059571002078,CA4
500059571002021,E-C
500059571002022,E-C
500059571002023,E-C
500059571002024,E-C
500059571002026,E-C
500059571002051,E-C
500059571002052,E-C
500059571002053,E-C
500059571002054,E-C
500059571002055,E-C
500059571002056,E-C
500059571002057,E-C
500059571002058,E-C
500059571002059,E-C
500059571002060,E-C
500059571002061,E-C
500059571002062,E-C
500059571002063,E-C
500059571002064,E-C
500059571002065,E-C
500059571002066,E-C
500059571002067,E-C
500059571002068,E-C
500059571002070,E-C
500059571002071,E-C
500059571002072,E-C
500059571002073,E-C
500059571002074,E-C
500059571002075,E-C
500059571002076,E-C
500059571002077,E-C
500059572001000,CA4
500059572001001,CA4
500059572001002,CA4
500059572001003,CA4
500059572001004,CA4
500059572001005,CA4
500059572001006,CA4
500059572001007,CA4
500059572001008,CA4
500059572001009,CA4
500059572001010,CA4
500059572001011,CA4
500059572001012,CA4
500059572001013,CA4
500059572001014,CA4
500059572001015,CA4
500059572001016,CA4
500059572001017,CA4
500059572001018,CA4
500059572001019,CA4
500059572001020,CA4
500059572001021,CA4
500059572001022,CA4
500059572001023,CA4
500059572001024,CA4
500059572001025,CA4
500059572001026,CA4
500059572001027,CA4
500059572001028,CA4
500059572001029,CA4
500059572001030,CA4
500059572001031,CA4
500059572001032,CA4
500059572001033,CA4
500059572001034,CA4
500059572001035,CA4
500059572001036,CA4
500059572001037,CA4
500059572001038,CA4
500059572001039,CA4
500059572001040,CA4
500059572001041,CA4
500059572001042,CA4
500059572001043,CA4
500059572001044,CA4
500059572001045,CA4
500059572001046,CA4
500059572001047,CA4
500059572001048,CA4
500059572001049,CA4
500059572001050,CA4
500059572001051,CA4
500059572001052,CA4
500059572001053,CA4
500059572002000,CA4
500059572002001,CA4
500059572002002,CA4
500059572002003,CA4
500059572002004,CA4
500059572002005,CA4
500059572002006,CA4
500059572002007,CA4
500059572002008,CA4
500059572002009,CA4
500059572002010,CA4
500059572002011,CA4
500059572002012,CA4
500059572002013,CA4
500059572002014,CA4
500059572002015,CA4
500059572002016,CA4
500059572002017,CA4
500059572002018,CA4
500059572002019,CA4
500059572002020,CA4
500059572002021,CA4
500059572002022,CA4
500059572002023,CA4
500059572002024,CA4
500059572002025,CA4
500059572002026,CA4
500059572002027,CA4
500059572002028,CA4
500059572002029,CA4
500059572002030,CA4
500059572002031,CA4
500059572002032,CA4
500059572002033,CA4
500059572002034,CA4
500059572002035,CA4
500059572002036,CA4
500059572002037,CA4
500059572002038,CA4
500059572002039,CA4
500059572002040,CA4
500059572002041,CA4
500059572002042,CA4
500059572002043,CA4
500059572002044,CA4
500059572002045,CA4
500059572002046,CA4
500059572002047,CA4
500059572002048,CA4
500059572002049,CA4
500059572002050,CA4
500059572002051,CA4
500059572002052,CA4
500059572002053,CA4
500059573001000,CA4
500059573001001,CA4
500059573001002,CA4
500059573001003,CA4
500059573001004,CA4
500059573001005,CA4
500059573001006,CA4
500059573001007,CA4
500059573001008,CA4
500059573001009,CA4
500059573001010,CA4
500059573001011,CA4
500059573001012,CA4
500059573001013,CA4
500059573001014,CA4
500059573001015,CA4
500059573001016,CA4
500059573001017,CA4
500059573001018,CA4
500059573001019,CA4
500059573001020,CA4
500059573001021,CA4
500059573001022,CA4
500059573001023,CA4
500059573001024,CA4
500059573001025,CA4
500059573001026,CA4
500059573001027,CA4
500059573001028,CA4
500059573001029,CA4
500059573001030,CA4
500059573001031,CA4
500059573001032,CA4
500059573002000,CA4
500059573002001,CA4
500059573002002,CA4
500059573002003,CA4
500059573002004,CA4
500059573002005,CA4
500059573002006,CA4
500059573002007,CA4
500059573002008,CA4
500059573002009,CA4
500059573002010,CA4
500059573002011,CA4
500059573002012,CA4
500059573002013,CA4
500059573002014,CA4
500059573002015,CA4
500059573002016,CA4
500059573002017,CA4
500059573002018,CA4
500059573002019,CA4
500059573002020,CA4
500059573002021,CA4
500059573002022,CA4
500059573002023,CA4
500059573002024,CA4
500059573002025,CA4
500059573002026,CA4
500059573002027,CA4
500059573002028,CA4
500059573002029,CA4
500059573002030,CA4
500059573002031,CA4
500059573002032,CA4
500059573002033,CA4
500059573002034,CA4
500059573002035,CA4
500059573002036,CA4
500059573002037,CA4
500059573002038,CA4
500059573002039,CA4
500059573002040,CA4
500059573002041,CA4
500059573002042,CA4
500059573003000,CA4
500059573003001,CA4
500059573003002,CA4
500059573003003,CA4
500059573003004,CA4
500059573003005,CA4
500059573003006,CA4
500059573003007,CA4
500059573003008,CA4
500059573003009,CA4
500059573003010,CA4
500059573003011,CA4
500059573003012,CA4
500059573003013,CA4
500059573003014,CA4
500059573003015,CA4
500059573003016,CA4
500059573003017,CA4
500059573003018,CA4
500059573003019,CA4
500059573003020,CA4
500059573003021,CA4
500059573003022,CA4
500059573003023,CA4
500059573003024,CA4
500059573003025,CA4
500059573003026,CA4
500059573003027,CA4
500059573003028,CA4
500059573003029,CA4
500059573003030,CA4
500059573003031,CA4
500059573003032,CA4
500059573003033,CA4
500059573003034,CA4
500059573003035,CA4
500059573003036,CA4
500059573003037,CA4
500059573003038,CA4
500059573003039,CA4
500059573003040,CA4
500059573003041,CA4
500059573003042,CA4
500059573003043,CA4
500059573003044,CA4
500059573003045,CA4
500059573003046,CA4
500059573003047,CA4
500059573003048,CA4
500059573003049,CA4
500059573003050,CA4
500059573003051,CA4
500059573003052,CA4
500059573003053,CA4
500059573003054,CA4
500059573003055,CA4
500059573003056,CA4
500059573003057,CA4
500059573003058,CA4
500059573003059,CA4
500059573003060,CA4
500059573003061,CA4
500059573003062,CA4
500059573003063,CA4
500059574001000,CA3
500059574001001,CA3
500059574001002,CA3
500059574001003,CA3
500059574001004,CA3
500059574001005,CA3
500059574001006,CA3
500059574001007,CA3
500059574001008,CA3
500059574001009,CA3
500059574001010,CA3
500059574001011,CA3
500059574001012,CA3
500059574001013,CA3
500059574001014,CA3
500059574001015,CA3
500059574001016,CA3
500059574001017,CA3
500059574001018,CA3
500059574001019,CA3
500059574001020,CA3
500059574001021,CA3
500059574001022,CA3
500059574001023,CA3
500059574001024,CA3
500059574001025,CA3
500059574001026,CA3
500059574001027,CA3
500059574001028,CA3
500059574001029,CA3
500059574001030,CA3
500059574001031,CA3
500059574001032,CA3
500059574001033,CA3
500059574001034,CA3
500059574001035,CA3
500059574001036,CA3
500059574001037,CA3
500059574001038,CA3
500059574001039,CA3
500059574001040,CA3
500059574001041,CA3
500059574001042,CA3
500059574001043,CA3
500059574001044,CA3
500059574001045,CA3
500059574001046,CA3
500059574001047,CA3
500059574001048,CA3
500059574001049,CA3
500059574001050,CA3
500059574001051,CA3
500059574001052,CA3
500059574001053,CA3
500059574001054,CA3
500059574001055,CA3
500059574001056,CA3
500059574001057,CA3
500059574001058,CA3
500059574001059,CA3
500059574001060,CA3
500059574001061,CA3
500059574001062,CA3
500059574001063,CA3
500059574001064,CA3
500059574001065,CA3
500059574001066,CA3
500059574001067,CA3
500059574001068,CA3
500059574001069,CA3
500059574001070,CA3
500059574001071,CA3
500059574001072,CA3
500059574001073,CA3
500059574001074,CA3
500059574001075,CA3
500059574001076,CA3
500059574001077,CA3
500059574001078,CA3
500059574001079,CA3
500059574001080,CA3
500059574001081,CA3
500059574001082,CA3
500059574001083,CA3
500059574001084,CA3
500059574001085,CA3
500059574001086,CA3
500059574001087,CA3
500059574001088,CA3
500059574001089,CA3
500059574001090,CA3
500059574001091,CA3
500059574001092,CA3
500059574001093,CA3
500059574001094,CA3
500059574001095,CA3
500059574001096,CA3
500059574001097,CA3
500059574001098,CA3
500059574001099,CA3
500059574001100,CA3
500059574001101,CA3
500059574001102,CA3
500059574001103,CA3
500059574001104,CA3
500059574001105,CA3
500059574001106,CA3
500059574001107,CA3
500059574001108,CA3
500059574001109,CA3
500059574001110,CA3
500059574001111,CA3
500059574001112,CA3
500059574001113,CA3
500059574001114,CA3
500059574001115,CA3
500059574001116,CA3
500059574001117,CA3
500059574001118,CA3
500059574001119,CA3
500059574001120,CA3
500059574001121,CA3
500059574001122,CA3
500059574001123,CA3
500059574001124,CA3
500059574001125,CA3
500059574001126,CA3
500059574001127,CA3
500059574001128,CA3
500059574001129,CA3
500059574001130,CA3
500059574001131,CA3
500059574001132,CA3
500059574001133,CA3
500059574001134,CA3
500059574001135,CA3
500059574001136,CA3
500059574001137,CA3
500059574001138,CA3
500059574001139,CA3
500059574001140,CA3
500059574001141,CA3
500059574001142,CA3
500059574001143,CA3
500059574001144,CA3
500059574001145,CA3
500059574001146,CA3
500059574001147,CA3
500059574001148,CA3
500059574001149,CA3
500059574001150,CA3
500059574001151,CA3
500059574001152,CA3
500059574001153,CA3
500059574002000,CA3
500059574002001,CA3
500059574002002,CA3
500059574002003,CA3
500059574002004,CA3
500059574002005,CA3
500059574002006,CA3
500059574002007,CA3
500059574002008,CA3
500059574002009,CA3
500059574002010,CA3
500059574002011,CA3
500059574002012,CA3
500059574002013,CA3
500059574002014,CA3
500059574002015,CA3
500059574002016,CA3
500059574002017,CA3
500059574002018,CA3
500059574002019,CA3
500059574002020,CA3
500059574002021,CA3
500059574002022,CA3
500059574002023,CA3
500059574002024,CA3
500059574002025,CA3
500059574002026,CA3
500059574002027,CA3
500059574002028,CA3
500059574002029,CA3
500059574002030,CA3
500059574002031,CA3
500059574002032,CA3
500059574002033,CA3
500059574002034,CA3
500059574002035,CA3
500059574002036,CA3
500059574003000,CA3
500059574003001,CA3
500059574003002,CA3
500059574003003,CA3
500059574003004,CA3
500059574003005,CA3
500059574003006,CA3
500059574003007,CA3
500059574003008,CA3
500059574003009,CA3
500059574003010,CA3
500059574003011,CA3
500059574003012,CA3
500059574003013,CA3
500059574003014,CA3
500059574003015,CA3
500059574003016,CA3
500059574003017,CA3
500059574003018,CA3
500059574003019,CA3
500059574003020,CA3
500059574003021,CA3
500059574003022,CA3
500059574003023,CA3
500059574003024,CA3
500059574003025,CA3
500059574003026,CA3
500059574003027,CA3
500059574003028,CA3
500059574003029,CA3
500059574003030,CA3
500059574003031,CA3
500059575001000,CA3
500059575001001,CA3
500059575001002,CA3
500059575001003,CA3
500059575001004,CA3
500059575001005,CA3
500059575001006,CA3
500059575001007,CA3
500059575001008,CA3
500059575001009,CA3
500059575001010,CA3
500059575001011,CA3
500059575001012,CA3
500059575001013,CA3
500059575001014,CA3
500059575001015,CA3
500059575001016,CA3
500059575001017,CA3
500059575001018,CA3
500059575001019,CA3
500059575001020,CA3
500059575001021,CA3
500059575001022,CA3
500059575001023,CA3
500059575001024,CA3
500059575001025,CA3
500059575001026,CA3
500059575001027,CA3
500059575001028,CA3
500059575001029,CA3
500059575001030,CA3
500059575001031,CA3
500059575001032,CA3
500059575001033,CA3
500059575001034,CA3
500059575001035,CA3
500059575001036,CA3
500059575001037,CA3
500059575001038,CA3
500059575001039,CA3
500059575001040,CA3
500059575001041,CA3
500059575001042,CA3
500059575001043,CA3
500059575001044,CA3
500059575001045,CA3
500059575001046,CA3
500059575001047,CA3
500059575001048,CA3
500059575001049,CA3
500059575001050,CA3
500059575001051,CA3
500059575001052,CA3
500059575001053,CA3
500059575001054,CA3
500059575001055,CA3
500059575001056,CA3
500059575001057,CA3
500059575001058,CA3
500059575001059,CA3
500059575001060,CA3
500059575001061,CA3
500059575001062,CA3
500059575001063,CA3
500059575001064,CA3
500059575001065,CA3
500059575001066,CA3
500059575001067,CA3
500059575001068,CA3
500059575001069,CA3
500059575001070,CA3
500059575001071,CA3
500059575001072,CA3
500059575001073,CA3
500059575001074,CA3
500059575001075,CA3
500059575001076,CA3
500059575001077,CA3
500059575001078,CA3
500059575001079,CA3
500059575001080,CA3
500059575001081,CA3
500059575001082,CA3
500059575001083,CA3
500059575001084,CA3
500059575001085,CA3
500059575002000,CA3
500059575002001,CA3
500059575002002,CA3
500059575002003,CA3
500059575002004,CA3
500059575002005,CA3
500059575002006,CA3
500059575002007,CA3
500059575002008,CA3
500059575002009,CA3
500059575002010,CA3
500059575002011,CA3
500059575002012,CA3
500059575002013,CA3
500059575002014,CA3
500059575002015,CA3
500059575002016,CA3
500059575002017,CA3
500059575002018,CA3
500059575002019,CA3
500059575002020,CA3
500059575002021,CA3
500059575002022,CA3
500059575002023,CA3
500059575002024,CA3
500059575002025,CA3
500059575002026,CA3
500059575002027,CA3
500059575003000,CA3
500059575003001,CA3
500059575003002,CA3
500059575003003,CA3
500059575003004,CA3
500059575003005,CA3
500059575003006,CA3
500059575003007,CA3
500059575003008,CA3
500059575003009,CA3
500059575003010,CA3
500059575003011,CA3
500059575003012,CA3
500059575003013,CA3
500059575003014,CA3
500059575003015,CA3
500059575003016,CA3
500059575003017,CA3
500059575003018,CA3
500059575003019,CA3
500059575003020,CA3
500059575003021,CA3
500059575003022,CA3
500059575003023,CA3
500059575003024,CA3
500059575003025,CA3
500059575003026,CA3
500059575003027,CA3
500059575003028,CA3
500059575003029,CA3
500059575003030,CA3
500059575003031,CA3
500059575003032,CA3
500059575003033,CA3
500059575003034,CA3
500059575003035,CA3
500059575003036,CA3
500059575003037,CA3
500059575003038,CA3
500059575003039,CA3
500059575003040,CA3
500059575003041,CA3
500059576001000,CAW
500059576001001,CAW
500059576001002,CAW
500059576001003,CAW
500059576001004,CAW
500059576001005,CAW
500059576001006,CAW
500059576001007,CAW
500059576001008,CAW
500059576001009,CAW
500059576001010,CAW
500059576001011,CAW
500059576001012,CAW
500059576001013,CAW
500059576001014,CAW
500059576001015,CAW
500059576001016,CAW
500059576001017,CAW
500059576001018,CAW
500059576001019,CAW
500059576001020,CAW
500059576001021,CAW
500059576001022,CAW
500059576001023,CAW
500059576001024,CAW
500059576001025,CAW
500059576001026,CAW
500059576001027,CAW
500059576001028,CAW
500059576001029,CAW
500059576001030,CAW
500059576001031,CAW
500059576001032,CAW
500059576001033,CAW
500059576001034,CAW
500059576001035,CAW
500059576001036,CAW
500059576001037,CAW
500059576001038,CAW
500059576001039,CAW
500059576001040,CAW
500059576001041,CAW
500059576001042,CAW
500059576001043,CAW
500059576001044,CAW
500059576001045,CAW
500059576001046,CAW
500059576001047,CAW
500059576001048,CAW
500059576001049,CAW
500059576001050,CAW
500059576001051,CAW
500059576001052,CAW
500059576001053,CAW
500059576001054,CAW
500059576001055,CAW
500059576001056,CAW
500059576001057,CAW
500059576001058,CAW
500059576001059,CAW
500059576001060,CAW
500059576001061,CAW
500059576001062,CAW
500059576001063,CAW
500059576001064,CAW
500059576001065,CAW
500059576001066,CAW
500059576001067,CAW
500059576001068,CAW
500059576001069,CAW
500059576001070,CAW
500059576001071,CAW
500059576001072,CAW
500059576001073,CAW
500059576001074,CAW
500059576001075,CAW
500059576001076,CAW
500059576001077,CAW
500059576001078,CAW
500059576001079,CAW
500059576001080,CAW
500059576001081,CAW
500059576001082,CAW
500059576001083,CAW
500059576001084,CAW
500059576001085,CAW
500059576001086,CAW
500059576001087,CAW
500059576001088,CAW
500059576001089,CAW
500059576001090,CAW
500059576001091,CAW
500059576001092,CAW
500059576001093,CAW
500059576001094,CAW
500059576001095,CAW
500059576001096,CAW
500059576001097,CAW
500059576002000,CAW
500059576002001,CAW
500059576002002,CAW
500059576002003,CAW
500059576002004,CAW
500059576002005,CAW
500059576002006,CAW
500059576002007,CAW
500059576002008,CAW
500059576002009,CAW
500059576002010,CAW
500059576002011,CAW
500059576002012,CAW
500059576002013,CAW
500059576002014,CAW
500059576002015,CAW
500059576002016,CAW
500059576002017,CAW
500059576002018,CAW
500059576002019,CAW
500059576002020,CAW
500059576002021,CAW
500059576002022,CAW
500059576002023,CAW
500059576002024,CAW
500059576002025,CAW
500059576002026,CAW
500059576002027,CAW
500059576002028,CAW
500059576002029,CAW
500059576002030,CAW
500059576002031,CAW
500059576002032,CAW
500059576002033,CAW
500059576002034,CAW
500059576002035,CAW
500059576002036,CAW
500059576002037,CAW
500059576002038,CAW
500059576002039,CAW
500059576002040,CAW
500059576002041,CAW
500059576002042,CAW
500059576002043,CAW
500059576002044,CAW
500059576002045,CAW
500059576002046,CAW
500059576002047,CAW
500059576002048,CAW
500059576002049,CAW
500059576002050,CAW
500059576002051,CAW
500059576002052,CAW
500059576002053,CAW
500059576002054,CAW
500059576002055,CAW
500059576002056,CAW
500059576002057,CAW
500059576002058,CAW
500059576002059,CAW
500059576002060,CAW
500059576002061,CAW
500059576002062,CAW
500059576002063,CAW
500059576002064,CAW
500059576002065,CAW
500059576002066,CAW
500059576002067,CAW
500059576002068,CAW
500059576002069,CAW
500059576002070,CAW
500059576002071,CAW
500059576002072,CAW
500059576002073,CAW
500059576002074,CAW
500059576002075,CAW
500059576002076,CAW
500059576002077,CAW
500059576002078,CAW
500059576002079,CAW
500059576002080,CAW
500059576002081,CAW
500059576002082,CAW
500059576002083,CAW
500059576002084,CAW
500059576002085,CAW
500059576002086,CAW
500059576002087,CAW
500059576002088,CAW
500059576002089,CAW
500059577001000,CA2
500059577001001,CA2
500059577001002,CA2
500059577001003,CA2
500059577001004,CA2
500059577001005,CA2
500059577001006,CA2
500059577001007,CA2
500059577001008,CA2
500059577001009,CA2
500059577001010,CA2
500059577001011,CA2
500059577001012,CA2
500059577001013,CA2
500059577001014,CA2
500059577001015,CA2
500059577001016,CA2
500059577001017,CA2
500059577001018,CA2
500059577001019,CA2
500059577001020,CA2
500059577001021,CA2
500059577001022,CA2
500059577001023,CA2
500059577001024,CA2
500059577001025,CA2
500059577001026,CA2
500059577001027,CA2
500059577001028,CA2
500059577001029,CA2
500059577001030,CA2
500059577001031,CA2
500059577001032,CA2
500059577001033,CA2
500059577001034,CA2
500059577001035,CA2
500059577001036,CA2
500059577001037,CA2
500059577001038,CA2
500059577001039,CA2
500059577001040,CA2
500059577001041,CA2
500059577001042,CA2
500059577001043,CA2
500059577001044,CA2
500059577001045,CA2
500059577001046,CA2
500059577001047,CA2
500059577001048,CA2
500059577001049,CA2
500059577001050,CA2
500059577001051,CA2
500059577001052,CA2
500059577001053,CA2
500059577001054,CA2
500059577001055,CA2
500059577001056,CA2
500059577001057,CA2
500059577001058,CA2
500059577001059,CA2
500059577001060,CA2
500059577001061,CA2
500059577001062,CA2
500059577001063,CA2
500059577001064,CA2
500059577001065,CA2
500059577001066,CA2
500059577001067,CA2
500059577001068,CA2
500059577001069,CA2
500059577001070,CA2
500059577001071,CA2
500059577001072,CA2
500059577001073,CA2
500059577001074,CA2
500059577001075,CA2
500059577001076,CA2
500059577001077,CA2
500059577001078,CA2
500059577001079,CA2
500059577001080,CA2
500059577001081,CA2
500059577001082,CA2
500059577001083,CA2
500059577001084,CA2
500059577001085,CA2
500059577001086,CA2
500059577001087,CA2
500059577001088,CA2
500059577001089,CA2
500059577001090,CA2
500059577001091,CA2
500059577001092,CA2
500059577001093,CA2
500059577001094,CA2
500059577001095,CA2
500059577001096,CA2
500059577001097,CA2
500059577001098,CA2
500059577001099,CA2
500059577001100,CA2
500059577001101,CA2
500059577001102,CA2
500059577001103,CA2
500059577001104,CA2
500059577001105,CA2
500059577001106,CA2
500059577001107,CA2
500059577001108,CA2
500059577001109,CA2
500059577001110,CA2
500059577001111,CA2
500059577001112,CA2
500059577001113,CA2
500059577001114,CA2
500059577001115,CA2
500059577001116,CA2
500059577001117,CA2
500059577001118,CA2
500059577001119,CA2
500059577001120,CA2
500059577001121,CA2
500059577001122,CA2
500059577001123,CA2
500059577001124,CA2
500059577001125,CA2
500059577001126,CA2
500059577001127,CA2
500059577001128,CA2
500059577002000,CA2
500059577002001,CA2
500059577002002,CA2
500059577002003,CA2
500059577002004,CA2
500059577002005,CA2
500059577002006,CA2
500059577002007,CA2
500059577002008,CA2
500059577002009,CA2
500059577002010,CA2
500059577002011,CA2
500059577002012,CA2
500059577002013,CA2
500059577002014,CA2
500059577002015,CA2
500059577002016,CA2
500059577002017,CA2
500059577002018,CA2
500059577002019,CA2
500059577002020,CA2
500059577002021,CA2
500059577002022,CA2
500059577002023,CA2
500059577002024,CA2
500059577002025,CA2
500059577002026,CA2
500059577002027,CA2
500059577002028,CA2
500059577002029,CA2
500059577002030,CA2
500059577002031,CA2
500059577002032,CA2
500059577002033,CA2
500059577002034,CA2
500059577002035,CA2
500059577002036,CA2
500059577002037,CA2
500059577002038,CA2
500059577002039,CA2
500059577002040,CA2
500059577002041,CA2
500059577002042,CA2
500059577002043,CA2
500059577002044,CA2
500059577002045,CA2
500059577002046,CA2
500059577002047,CA2
500059577002048,CA2
500059577002049,CA2
500059577002050,CA2
500059577002051,CA2
500059577002052,CA2
500059577002053,CA2
500059577002054,CA2
500059577002055,CA2
500059577002056,CA2
500059577002057,CA2
500059577002058,CA2
500059577002059,CA2
500059577002060,CA2
500059577002061,CA2
500059577002062,CA2
500059577002063,CA2
500059577002064,CA2
500059577002065,CA2
500059577002066,CA2
500059577002067,CA2
500059577002068,CA2
500059577002069,CA2
500059577002070,CA2
500059577002071,CA2
500059577002072,CA2
500059577002073,CA2
500059577002074,CA2
500059577002075,CA2
500059577002076,CA2
500059577002077,CA2
500059577002078,CA2
500059577002079,CA2
500059577002080,CA2
500059577002081,CA2
500059577002082,CA2
500059577002083,CA2
500059577002084,CA2
500059577002085,CA2
500059577002086,CA2
500059577002087,CA2
500059578001000,CAW
500059578001001,CAW
500059578001002,CAW
500059578001003,CAW
500059578001004,CAW
500059578001005,CAW
500059578001006,CAW
500059578001007,CAW
500059578001008,CAW
500059578001009,CAW
500059578001010,CAW
500059578001011,CAW
500059578001012,CAW
500059578001013,CAW
500059578001014,CAW
500059578001015,CAW
500059578001016,CAW
500059578001017,CAW
500059578001018,CAW
500059578001019,CAW
500059578001020,CAW
500059578001021,CAW
500059578001022,CAW
500059578001023,CAW
500059578001024,CAW
500059578001025,CAW
500059578001026,CAW
500059578001027,CAW
500059578001028,CAW
500059578001029,CAW
500059578001030,CAW
500059578001031,CAW
500059578001032,CAW
500059578001033,CAW
500059578001034,CAW
500059578001035,CAW
500059578001036,CAW
500059578001037,CAW
500059578001038,CAW
500059578001039,CAW
500059578001040,CAW
500059578001041,CAW
500059578001042,CAW
500059578001043,CAW
500059578001044,CAW
500059578001045,CAW
500059578001046,CAW
500059578001047,CAW
500059578001048,CAW
500059578001049,CAW
500059578001050,CAW
500059578001051,CAW
500059578001052,CAW
500059578001053,CAW
500059578001054,CAW
500059578001055,CAW
500059578001056,CAW
500059578001057,CAW
500059578001058,CAW
500059578001059,CAW
500059578001060,CAW
500059578001061,CAW
500059578001062,CAW
500059578001063,CAW
500059578001064,CAW
500059578001065,CAW
500059578001066,CAW
500059578001067,CAW
500059578001068,CAW
500059578001069,CAW
500059578001070,CAW
500059578001071,CAW
500059578001072,CAW
500059578001073,CAW
500059578001074,CAW
500059578001075,CAW
500059578001076,CAW
500059578001077,CAW
500059578001078,CAW
500059578001079,CAW
500059578001080,CAW
500059578001081,CAW
500059578001082,CAW
500059578001083,CAW
500059578001084,CAW
500059578001085,CAW
500059578001086,CAW
500059578001087,CAW
500059578001088,CAW
500059578001089,CAW
500059578001090,CAW
500059578001091,CAW
500059578001092,CAW
500059578001093,CAW
500059578001094,CAW
500059578001095,CAW
500059578001096,CAW
500059578001097,CAW
500059578001098,CAW
500059578001099,CAW
500059578001100,CAW
500059578001101,CAW
500059578001102,CAW
500059578001103,CAW
500059578001104,CAW
500059578001105,CAW
500059578001106,CAW
500059578001107,CAW
500059578001108,CAW
500059578001109,CAW
500059578001110,CAW
500059578001111,CAW
500059578001112,CAW
500059578001113,CAW
500059578002000,O-C
500059578002001,O-C
500059578002002,O-C
500059578002003,O-C
500059578002004,O-C
500059578002005,O-C
500059578002006,O-C
500059578002007,O-C
500059578002008,O-C
500059578002009,O-C
500059578002010,O-C
500059578002011,O-C
500059578002012,O-C
500059578002013,O-C
500059578002014,O-C
500059578002015,O-C
500059578002016,O-C
500059578002017,O-C
500059578002018,O-C
500059578002019,O-C
500059578002020,O-C
500059578002021,O-C
500059578002022,O-C
500059578002023,O-C
500059578002024,O-C
500059578002025,O-C
500059578002026,O-C
500059578002027,O-C
500059578002028,O-C
500059578002029,O-C
500059578002030,O-C
500059578002031,O-C
500059578002032,O-C
500059578002033,O-C
500059578002034,O-C
500059578002035,O-C
500059578002036,O-C
500059578002037,O-C
500059578002038,O-C
500059578002039,O-C
500059578002040,O-C
500059578002041,O-C
500059578002042,O-C
500059578002043,O-C
500059578002044,O-C
500059578002045,O-C
500059578002046,O-C
500059578002047,O-C
500059578002048,O-C
500059578002049,O-C
500059578002050,O-C
500059578002051,O-C
500059578002052,O-C
500059578002053,O-C
500059578002054,O-C
500059578002055,O-C
500059578002056,O-C
500059578002057,O-C
500059578002058,O-C
500059578002059,O-C
500059578002060,O-C
500059578002061,O-C
500059578002062,O-C
500059578002063,O-C
500059578002064,O-C
500059578002065,O-C
500059578002066,O-C
500059578002067,O-C
500059578002068,O-C
500059578002069,O-C
500059578002070,O-C
500059578002071,O-C
500059578002072,O-C
500059578002073,O-C
500059578002074,O-C
500059578002075,O-C
500059578002076,O-C
500059578002077,O-C
500059578002078,O-C
500059578002079,O-C
500059578002080,O-C
500059578002081,O-C
500059578002082,O-C
500059578002083,O-C
500059578002084,O-C
500059578002085,O-C
500059578002086,O-C
500059578002087,O-C
500059578002088,O-C
500059578002089,O-C
500059578002090,O-C
500059578002091,O-C
500059578002092,O-C
500059578002093,O-C
500059578002094,O-C
500059578002095,O-C
500059578002096,O-C
500059578002097,O-C
500059578002098,O-C
500059578002099,O-C
500059578002100,O-C
500059578002101,O-C
500059578002102,O-C
500059578002103,O-C
500059578002104,O-C
500059578002105,O-C
500059578002106,O-C
500059578002107,O-C
500059578002108,O-C
500059578002109,O-C
500059578002110,O-C
500059578002111,O-C
500059578002112,O-C
500059578002113,O-C
500059578002114,O-C
500059578002115,O-C
500059578002116,O-C
500059578002117,O-C
500059578002118,O-C
500059578002119,O-C
500059578002120,O-C
500059578002121,O-C
500059578002122,O-C
500059578002123,O-C
500059578002124,O-C
500059578002125,O-C
500059578002126,O-C
500059578002127,O-C
500059578002128,O-C
500059578002129,O-C
500059578002130,O-C
500059578002131,O-C
500059578002132,O-C
500059578002133,O-C
500059578002134,O-C
500059578002135,O-C
500059578002136,O-C
500059578002137,O-C
500059578002138,O-C
500059578002139,O-C
500059578002140,O-C
500059578002141,O-C
500059578002142,O-C
500059578002143,O-C
500059578002144,O-C
500059578002145,O-C
500059578002146,O-C
500059578002147,O-C
500059578002148,O-C
500059578002149,O-C
500059578002150,O-C
500059578002151,O-C
500059578002152,O-C
500059578002153,O-C
500059578002154,O-C
500059578002155,O-C
500059578002156,O-C
500059578002157,O-C
500059578002158,O-C
500059578002159,O-C
500059578002160,O-C
500059578002161,O-C
500059578002162,O-C
500059578002163,O-C
500059578002164,O-C
500059578002165,O-C
500059578002166,O-C
500059578002167,O-C
500059578002168,O-C
500059578002169,O-C
500059578002170,O-C
500059578002171,O-C
500059578002172,O-C
500059578002173,O-C
500059578002174,O-C
500059578002175,O-C
500059578002176,O-C
500059578002177,O-C
500059578003000,CA1
500059578003001,CA1
500059578003002,CA1
500059578003003,CA1
500059578003004,CA1
500059578003005,CA1
500059578003006,CA1
500059578003007,CA1
500059578003008,CA1
500059578003009,CA1
500059578003010,CA1
500059578003011,CA1
500059578003012,CA1
500059578003013,CA1
500059578003014,CA1
500059578003015,CA1
500059578003016,CA1
500059578003017,CA1
500059578003018,CA1
500059578003019,CA1
500059578003020,CA1
500059578003021,CA1
500059578003022,CA1
500059578003023,CA1
500059578003024,CA1
500059578003025,CA1
500059578003026,CA1
500059578003027,CA1
500059578003028,CA1
500059578003029,CA1
500059578003030,CA1
500059578003031,CA1
500059578003032,CA1
500059578003033,CA1
500059578003034,CA1
500059578003035,CA1
500059578003036,CA1
500059578003037,CA1
500059578003038,CA1
500059578003039,CA1
500059578003040,CA1
500059578003041,CA1
500059578003042,CA1
500059578003043,CA1
500059578003044,CA1
500059578003045,CA1
500059578003046,CA1
500059578003047,CA1
500059578003048,CA1
500059578003049,CA1
500059578003050,CA1
500059578003051,CA1
500059578003052,CA1
500059578003053,CA1
500059578003054,CA1
500059578003055,CA1
500059578003056,CA1
500059578003057,CA1
500059578003058,CA1
500059578003059,CA1
500059578003060,CA1
500059578003061,CA1
500059578003062,CA1
500059578003063,CA1
500059578003064,CA1
500059578003065,CA1
500059578003066,CA1
500059578003067,CA1
500059578003068,CA1
500059578003069,CA1
500059578003070,CA1
500059578003071,CA1
500059578003072,CA1
500059578003073,CA1
500059578003074,CA1
500059578003075,CA1
500059578003076,CA1
500059578003077,CA1
500059578003078,CA1
500059578003079,CA1
500059578003080,CA1
500059578003081,CA1
500059578003082,CA1
500059578003083,CA1
500059578003084,CA1
500059578003085,CA1
500059578003086,CA1
500059578003087,CA1
500059578003088,CA1
500059578003089,CA1
500059578003090,CA1
500059578003091,CA1
500059578003092,CA1
500059578003093,CA1
500059578003094,CA1
500059578003095,CA1
500059578003096,CA1
500059578003097,CA1
500059578003098,CA1
500059578003099,CA1
500059578003100,CA1
500059578003101,CA1
500059578003102,CA1
500059578003103,CA1
500059578003104,CA1
500059578003105,CA1
500059578003106,CA1
500059578003107,CA1
500059578003108,CA1
500059578003109,CA1
500059578003110,CA1
500059578003111,CA1
500059578003112,CA1
500059578003113,CA1
500059578003114,CA1
500059578003115,CA1
500059578003116,CA1
500059578003117,CA1
500059578003118,CA1
500059578003119,CA1
500059579001000,CA1
500059579001001,CA1
500059579001002,CA1
500059579001003,CA1
500059579001004,CA1
500059579001005,CA1
500059579001006,CA1
500059579001007,CA1
500059579001008,CA1
500059579001009,CA1
500059579001010,CA1
500059579001011,CA1
500059579001012,CA1
500059579001013,CA1
500059579001014,CA1
500059579001015,CA1
500059579001016,CA1
500059579001017,CA1
500059579001018,CA1
500059579001019,CA1
500059579001020,CA1
500059579001021,CA1
500059579001022,CA1
500059579001023,CA1
500059579001024,CA1
500059579001025,CA1
500059579001026,CA1
500059579001027,CA1
500059579001028,CA1
500059579001029,CA1
500059579001030,CA1
500059579001031,CA1
500059579001032,CA1
500059579001033,CA1
500059579001034,CA1
500059579001035,CA1
500059579001036,CA1
500059579001037,CA1
500059579001038,CA1
500059579001039,CA1
500059579001040,CA1
500059579001041,CA1
500059579001042,CA1
500059579001043,CA1
500059579001044,CA1
500059579001045,CA1
500059579001046,CA1
500059579001047,CA1
500059579001048,CA1
500059579001049,CA1
500059579001050,CA1
500059579001051,CA1
500059579001052,CA1
500059579001053,CA1
500059579001054,CA1
500059579001055,CA1
500059579001056,CA1
500059579001057,CA1
500059579001058,CA1
500059579001059,CA1
500059579001060,CA1
500059579001061,CA1
500059579001062,CA1
500059579001063,CA1
500059579001064,CA1
500059579001065,CA1
500059579001066,CA1
500059579001067,CA1
500059579001068,CA1
500059579001069,CA1
500059579001070,CA1
500059579001071,CA1
500059579001072,CA1
500059579001073,CA1
500059579001074,CA1
500059579001075,CA1
500059579001076,CA1
500059579001077,CA1
500059579001078,CA1
500059579001079,CA1
500059579001080,CA1
500059579001081,CA1
500059579001082,CA1
500059579001083,CA1
500059579001084,CA1
500059579001085,CA1
500059579001086,CA1
500059579001087,CA1
500059579001088,CA1
500059579001089,CA1
500059579001090,CA1
500059579001091,CA1
500059579001092,CA1
500059579001093,CA1
500059579001094,CA1
500059579001095,CA1
500059579001096,CA1
500059579001097,CA1
500059579001098,CA1
500059579001099,CA1
500059579001100,CA1
500059579001101,CA1
500059579001102,CA1
500059579001103,CA1
500059579001104,CA1
500059579001105,CA1
500059579001106,CA1
500059579001107,CA1
500059579001108,CA1
500059579001109,CA1
500059579001110,CA1
500059579001111,CA1
500059579001112,CA1
500059579001113,CA1
500059579001114,CA1
500059579001115,CA1
500059579001116,CA1
500059579001117,CA1
500059579001118,CA1
500059579001119,CA1
500059579001120,CA1
500059579001121,CA1
500059579001122,CA1
500059579001123,CA1
500059579001124,CA1
500059579001125,CA1
500059579001126,CA1
500059579001127,CA1
500059579001128,CA1
500059579001129,CA1
500059579001130,CA1
500059579001131,CA1
500059579001132,CA1
500059579001133,CA1
500059579001134,CA1
500059579001135,CA1
500059579002000,CA1
500059579002001,CA1
500059579002002,CA1
500059579002003,CA1
500059579002004,CA1
500059579002005,CA1
500059579002006,CA1
500059579002007,CA1
500059579002008,CA1
500059579002009,CA1
500059579002010,CA1
500059579002011,CA1
500059579002012,CA1
500059579002013,CA1
500059579002014,CA1
500059579002015,CA1
500059579002016,CA1
500059579002017,CA1
500059579002018,CA1
500059579002019,CA1
500059579002020,CA1
500059579002021,CA1
500059579002022,CA1
500059579002023,CA1
500059579002024,CA1
500059579002025,CA1
500059579002026,CA1
500059579002027,CA1
500059579002028,CA1
500059579002029,CA1
500059579002030,CA1
500059579002031,CA1
500059579002032,CA1
500059579002033,CA1
500059579002034,CA1
500059579002035,CA1
500059579002036,CA1
500059579002037,CA1
500059579002038,CA1
500059579002039,CA1
500059579002040,CA1
500059579002041,CA1
500059579002042,CA1
500059579002043,CA1
500059579002044,CA1
500059579002045,CA1
500059579002046,CA1
500059579002047,CA1
500059579002048,CA1
500059579002049,CA1
500059579002050,CA1
500059579002051,CA1
500059579002052,CA1
500059579002053,CA1
500059579002054,CA1
500059579002055,CA1
500059579002056,CA1
500059579002057,CA1
500059579002058,CA1
500059579002059,CA1
500059579002060,CA1
500059579002061,CA1
500059579002062,CA1
500059579002063,CA1
500059579002064,CA1
500059579002065,CA1
500059579002066,CA1
500059579002067,CA1
500059579002068,CA1
500059579002069,CA1
500059579002070,CA1
500059579002071,CA1
500059579002072,CA1
500059579002073,CA1
500059579002074,CA1
500059579002075,CA1
500059579002076,CA1
500059579002077,CA1
500059579002078,CA1
500059579002079,CA1
500059579002080,CA1
500059579002081,CA1
500059579002082,CA1
500059579002083,CA1
500059579002084,CA1
500059579002085,CA1
500059579002086,CA1
500059579002087,CA1
500059579002088,CA1
500059579002089,CA1
500059579002090,CA1
500059579002091,CA1
500059579002092,CA1
500059579002093,CA1
500059579002094,CA1
500059579002095,CA1
500059579002096,CA1
500059579002097,CA1
500059579002098,CA1
500059579002099,CA1
500059579002100,CA1
500059579002101,CA1
500059579002102,CA1
500059579002103,CA1
500059579002104,CA1
500059579002105,CA1
500059579002106,CA1
500059579002107,CA1
500059579002108,CA1
500059579002109,CA1
500059579002110,CA1
500059579002111,CA1
500059579002112,CA1
500059579002113,CA1
500059579002114,CA1
500059579002115,CA1
500059579002116,CA1
500059579002117,CA1
500059579002118,CA1
500059579002119,CA1
500059579002120,CA1
500059579002121,CA1
500059579002122,CA1
500059579002123,CA1
500059579002124,CA1
500059579002125,CA1
500059579002126,CA1
500059579002127,CA1
500059579002128,CA1
500059579002129,CA1
500059579002130,CA1
500059579002131,CA1
500059579002132,CA1
500059579002133,CA1
500059579002134,CA1
500059579002135,CA1
500059579002136,CA1
500059579002137,CA1
500059579002138,CA1
500059579002139,CA1
500059579002140,CA1
500059579002141,CA1
500059579002142,CA1
500059579002143,CA1
500059579002144,CA1
500059579002145,CA1
500059579002146,CA1
500059579002147,CA1
500059579002148,CA1
500059579002149,CA1
500059579002150,CA1
500059579002151,CA1
500059579002152,CA1
500059579002153,CA1
500059579002154,CA1
500059579002155,CA1
500059579002156,CA1
500059579002157,CA1
500059579002158,CA1
500059579002159,CA1
500059579002160,CA1
500059579002161,CA1
500059579002162,CA1
500059579002163,CA1
500059579002164,CA1
500059579002165,CA1
500059579002166,CA1
500059579002167,CA1
500059579003000,CA1
500059579003001,CA1
500059579003002,CA1
500059579003003,CA1
500059579003004,CA1
500059579003005,CA1
500059579003006,CA1
500059579003007,CA1
500059579003008,CA1
500059579003009,CA1
500059579003010,CA1
500059579003011,CA1
500059579003012,CA1
500059579003013,CA1
500059579003014,CA1
500059579003015,CA1
500059579003016,CA1
500059579003017,CA1
500059579003018,CA1
500059579003019,CA1
500059579003020,CA1
500059579003021,CA1
500059579003022,CA1
500059579003023,CA1
500059579003024,CA1
500059579003025,CA1
500059579003026,CA1
500059579003027,CA1
500059579003028,CA1
500059579003029,CA1
500059579003030,CA1
500059579003031,CA1
500059579003032,CA1
500059579003033,CA1
500059579003034,CA1
500059579003035,CA1
500059579003036,CA1
500059579003037,CA1
500059579003038,CA1
500059579003039,CA1
500059579003040,CA1
500059579003041,CA1
500059579003042,CA1
500059579003043,CA1
500059579003044,CA1
500059579003045,CA1
500059579003046,CA1
500059579003047,CA1
500059579003048,CA1
500059579003049,CA1
500059579003050,CA1
500059579003051,CA1
500059579003052,CA1
500059579003053,CA1
500059579003054,CA1
500059579003055,CA1
500059579003056,CA1
500059579003057,CA1
500059579003058,CA1
500059579003059,CA1
500059579003060,CA1
500059579003061,CA1
500059579003062,CA1
500059579003063,CA1
500059579003064,CA1
500059579003065,CA1
500059579003066,CA1
500059579003067,CA1
500059579003068,CA1
500059579003069,CA1
500059579003070,CA1
500059579003071,CA1
500059579003072,CA1
500059579003073,CA1
500059579003074,CA1
500059579003075,CA1
500059579003076,CA1
500059579003077,CA1
500059579003078,CA1
500059579003079,CA1
500059579003080,CA1
500059579003081,CA1
500059579003082,CA1
500059579003083,CA1
500059579003084,CA1
500059579003085,CA1
500059579003086,CA1
500059579003087,CA1
500059579003088,CA1
500059579003089,CA1
500070021011002,GIC
500070021011003,GIC
500070021011004,GIC
500070021011005,GIC
500070021011006,GIC
500070021011007,GIC
500070021011008,GIC
500070021011009,GIC
500070021011010,GIC
500070021011011,GIC
500070021011012,GIC
500070021011013,GIC
500070021011014,GIC
500070021011015,GIC
500070021011016,GIC
500070021011017,GIC
500070021011018,GIC
500070021011019,GIC
500070021011020,GIC
500070021011021,GIC
500070021011022,GIC
500070021011023,GIC
500070021011024,GIC
500070021011025,GIC
500070021011026,GIC
500070021011027,GIC
500070021011028,GIC
500070021011029,GIC
500070021011030,GIC
500070021011031,GIC
500070021011034,GIC
500070021011035,GIC
500070021011036,GIC
500070021011037,GIC
500070021011038,GIC
500070021011039,GIC
500070021011040,GIC
500070021011041,GIC
500070021011042,GIC
500070021011043,GIC
500070021011045,GIC
500070021011046,GIC
500070021011047,GIC
500070021011048,GIC
500070021011049,GIC
500070021011050,GIC
500070021011051,GIC
500070021011052,GIC
500070021011053,GIC
500070021011054,GIC
500070021011055,GIC
500070021011056,GIC
500070021011057,GIC
500070021011058,GIC
500070021011059,GIC
500070021011060,GIC
500070021011064,GIC
500070021011065,GIC
500070021011066,GIC
500070021021012,GIC
500070021021013,GIC
500070021022001,GIC
500070021022002,GIC
500070021022003,GIC
500070021022004,GIC
500070022003056,C67
500070022003057,C67
500070022003058,C67
500070022003059,C67
500070024001000,C67
500070024001001,C67
500070024001002,C67
500070024001003,C67
500070024001004,C67
500070024001005,C67
500070024001006,C67
500070024001007,C67
500070024001008,C67
500070024002000,C67
500070024002001,C67
500070024002002,C67
500070024002003,C67
500070024002004,C67
500070024002005,C67
500070024002006,C67
500070024002007,C67
500070024003000,C67
500070024003001,C67
500070024003002,C67
500070024003003,C67
500070024003004,C67
500070024003005,C67
500070024003006,C67
500070024003007,C67
500070024003008,C67
500070024003009,C67
500070024003010,C67
500070024003011,C67
500070025001000,C67
500070025001001,C67
500070025001002,C67
500070025001003,C67
500070025001004,C67
500070025001005,C67
500070025001006,C67
500070025001007,C67
500070025001008,C67
500070025001009,C67
500070025001010,C67
500070025001011,C67
500070025001012,C67
500070025001013,C67
500070025001014,C67
500070025001015,C67
500070025001016,C67
500070025001017,C67
500070025001018,C67
500070025001019,C67
500070025001020,C67
500070025001021,C67
500070025001022,C67
500070025001023,C67
500070025001024,C67
500070025001025,C67
500070025001026,C67
500070025001027,C67
500070025001028,C67
500070025001029,C67
500070025002000,C67
500070025002001,C67
500070025002002,C67
500070025002003,C67
500070025002004,C67
500070025002005,C67
500070025002006,C67
500070025002007,C67
500070025003000,C67
500070025003001,C67
500070025003002,C67
500070025003003,C67
500070025003004,C67
500070025003005,C67
500070025003006,C67
500070025003007,C67
500070025003008,C67
500070025003009,C67
500070025003010,C67
500070025003011,C67
500070025003012,C67
500070025003013,C67
500070025003014,C67
500070025003015,C67
500070025003016,C67
500070025003017,C67
500070025003018,C67
500070025003019,C67
500070025003020,C67
500070025003021,C67
500070025003022,C67
500070025003023,C67
500070025003024,C67
500070025003025,C67
500070025003026,C67
500070025003027,C67
500070025003028,C67
500070025003029,C67
500070025003030,C67
500070025003031,C67
500070025003032,C67
500070025003033,C67
500070025003034,C67
500070025003035,C67
500070025003036,C67
500070025003037,C67
500070025003038,C67
500070025003039,C67
500070025003040,C67
500070026012000,C81
500070026023000,C81
500070026023011,C81
500070027011010,C81
500070027011014,C81
500070027011015,C81
500070027011016,C81
500070027011017,C81
500070027011018,C81
500070027011019,C81
500070027011020,C81
500070027011022,C81
500070027011023,C81
500070027011024,C81
500070027011025,C81
500070027011026,C81
500070027011027,C81
500070027011028,C81
500070027011029,C81
500070027011030,C81
500070027011031,C81
500070027011032,C81
500070027011033,C81
500070027012000,C81
500070027012001,C81
500070027012002,C81
500070027012003,C81
500070027012004,C81
500070027012005,C81
500070027012006,C81
500070027012007,C81
500070027012008,C81
500070027012009,C81
500070027012010,C81
500070027012011,C81
500070027012012,C81
500070027012013,C81
500070027012014,C81
500070027012015,C81
500070027012016,C81
500070027012017,C81
500070027012018,C81
500070027012019,C81
500070027012020,C81
500070027012021,C81
500070027012022,C81
500070027012023,C81
500070027012024,C81
500070027012025,C81
500070027012026,C81
500070027012027,C81
500070027012028,C81
500070027012029,C81
500070027012030,C81
500070027012031,C81
500070027012032,C81
500070027012033,C81
500070027012034,C81
500070027012035,C81
500070027012036,C81
500070027012037,C81
500070027012038,C81
500070027012039,C81
500070027012040,C81
500070027012041,C81
500070027012042,C81
500070027012043,C81
500070027013000,C81
500070027013001,C81
500070027013002,C81
500070027013003,C81
500070027013004,C81
500070027013005,C81
500070027013006,C81
500070027013007,C81
500070027013008,C81
500070027013009,C81
500070027013010,C81
500070027013011,C81
500070027013012,C81
500070027013013,C81
500070027013014,C81
500070027013015,C81
500070027013016,C81
500070027013017,C81
500070027013018,C81
500070027013019,C81
500070027013020,C81
500070027013021,C81
500070027013022,C81
500070027013023,C81
500070027013024,C81
500070027013025,C81
500070027013026,C81
500070027013027,C81
500070027013028,C81
500070027013029,C81
500070027013030,C81
500070027013031,C81
500070027013032,C81
500070027013033,C81
500070027013034,C81
500070027013035,C81
500070027013036,C81
500070027013037,C81
500070027013038,C81
500070027013039,C81
500070027013040,C81
500070027013041,C81
500070027013042,C81
500070027013043,C81
500070027013044,C81
500070027013045,C81
500070027013046,C81
500070027013047,C81
500070027013048,C81
500070027013049,C81
500070027013050,C81
500070027013051,C81
500070027013052,C81
500070027013053,C81
500070027013054,C81
500070027013055,C81
500070027013056,C81
500070027013057,C81
500070027013058,C81
500070027013059,C81
500070027021025,C81
500070027021027,C81
500070027021028,C81
500070027021029,C81
500070027021030,C81
500070027021031,C81
500070027021032,C81
500070027021035,C81
500070027021036,C81
500070027021037,C81
500070027021038,C81
500070027021039,C81
500070027021040,C81
500070027021041,C81
500070027021042,C81
500070027021043,C81
500070027021044,C81
500070027022000,C81
500070027022001,C81
500070027022002,C81
500070027022003,C81
500070027022004,C81
500070027022005,C81
500070027022006,C81
500070027022007,C81
500070027022008,C81
500070027022009,C81
500070027022010,C81
500070027022011,C81
500070027022012,C81
500070027022013,C81
500070027022014,C81
500070027022015,C81
500070027022016,C81
500070027022017,C81
500070027022018,C81
500070027022019,C81
500070027022020,C81
500070027022021,C81
500070027022022,C81
500070027022023,C81
500070027011000,C83
500070027011001,C83
500070027011002,C83
500070027011003,C83
500070027011004,C83
500070027011005,C83
500070027011006,C83
500070027011007,C83
500070027011008,C83
500070027011009,C83
500070027011011,C83
500070027011012,C83
500070027011013,C83
500070027011021,C83
500070027011034,C83
500070027021000,C83
500070027021001,C83
500070027021002,C83
500070027021003,C83
500070027021004,C83
500070027021005,C83
500070027021006,C83
500070027021007,C83
500070027021008,C83
500070027021009,C83
500070027021010,C83
500070027021011,C83
500070027021012,C83
500070027021013,C83
500070027021014,C83
500070027021015,C83
500070027021016,C83
500070027021017,C83
500070027021018,C83
500070027021019,C83
500070027021020,C83
500070027021021,C83
500070027021022,C83
500070027021023,C83
500070027021024,C83
500070027021026,C83
500070027021033,C83
500070027021034,C83
500070028001000,C-3
500070028001001,C-3
500070028001002,C-3
500070028001003,C-3
500070028001004,C-3
500070028001005,C-3
500070028001006,C-3
500070028001007,C-3
500070028001008,C-3
500070028001009,C-3
500070028001010,C-3
500070028001011,C-3
500070028001012,C-3
500070028001013,C-3
500070028001014,C-3
500070028001015,C-3
500070028001016,C-3
500070028001017,C-3
500070028001018,C-3
500070028001019,C-3
500070028001020,C-3
500070028001021,C-3
500070028001022,C-3
500070028002000,C-3
500070028002001,C-3
500070028002002,C-3
500070028002003,C-3
500070028002004,C-3
500070028002005,C-3
500070028002006,C-3
500070028002007,C-3
500070028002008,C-3
500070028002009,C-3
500070028002010,C-3
500070028002011,C-3
500070028002012,C-3
500070028002013,C-3
500070028002014,C-3
500070028002015,C-3
500070028002016,C-3
500070028002017,C-3
500070028002018,C-3
500070028002019,C-3
500070028002020,C-3
500070028002021,C-3
500070028002022,C-3
500070028002023,C-3
500070028002024,C-3
500070028002025,C-3
500070028002026,C-3
500070028002027,C-3
500070028002028,C-3
500070028002029,C-3
500070028002030,C-3
500070028002031,C-3
500070028002032,C-3
500070028002033,C-3
500070028002034,C-3
500070028002035,C-3
500070028002036,C-3
500070028002037,C-3
500070028002038,C-3
500070028002039,C-3
500070028002040,C-3
500070028002041,C-3
500070028002042,C-3
500070028002043,C-3
500070028002044,C-3
500070028002045,C-3
500070028002046,C-3
500070028002047,C-3
500070028002048,C-3
500070028002049,C-3
500070028002050,C-3
500070028002051,C-3
500070028002052,C-3
500070028002053,C-3
500070028002054,C-3
500070028002055,C-3
500070028002056,C-3
500070028002057,C-3
500070028002058,C-3
500070028002059,C-3
500070028002060,C-3
500070028002061,C-3
500070028002062,C-3
500070028002063,C-3
500070028002064,C-3
500070028002065,C-3
500070028002066,C-3
500070028002067,C-3
500070028002068,C-3
500070028002069,C-3
500070028002070,C-3
500070028002071,C-3
500070028002072,C-3
500070028002073,C-3
500070028002074,C-3
500070028002075,C-3
500070028002076,C-3
500070028002077,C-3
500070028002078,C-3
500070028002079,C-3
500070028002080,C-3
500070028002081,C-3
500070028002082,C-3
500070028002083,C-3
500070028002084,C-3
500070028002085,C-3
500070028002086,C-3
500070028002087,C-3
500070028002088,C-3
500070028002089,C-3
500070028002090,C-3
500070028002091,C-3
500070028002092,C-3
500070028002093,C-3
500070028002094,C-3
500070028002095,C-3
500070028002096,C-3
500070028002097,C-3
500070028002098,C-3
500070028002099,C-3
500070028002100,C-3
500070028002101,C-3
500070028002102,C-3
500070028002103,C-3
500070028002104,C-3
500070028002105,C-3
500070028002106,C-3
500070028002107,C-3
500070028002108,C-3
500070028002109,C-3
500070028002110,C-3
500070028002111,C-3
500070028002112,C-3
500070028002113,C-3
500070028002114,C-3
500070028002115,C-3
500070028002116,C-3
500070028002117,C-3
500070028002118,C-3
500070028002119,C-3
500070028002120,C-3
500070028002121,C-3
500070028002122,C-3
500070028002123,C-3
500070028002124,C-3
500070028002125,C-3
500070028002126,C-3
500070028002127,C-3
500070028003000,C-3
500070028003001,C-3
500070028003002,C-3
500070028003003,C-3
500070028003004,C-3
500070028003005,C-3
500070028003006,C-3
500070028003007,C-3
500070028003008,C-3
500070028003009,C-3
500070028003010,C-3
500070028003011,C-3
500070028003012,C-3
500070028003013,C-3
500070028003014,C-3
500070028003015,C-3
500070028003016,C-3
500070028003017,C-3
500070028003018,C-3
500070028003019,C-3
500070028003020,C-3
500070028003021,C-3
500070028003022,C-3
500070028003023,C-3
500070028003024,C-3
500070028003025,C-3
500070028003026,C-3
500070028003027,C-3
500070028003028,C-3
500070028003029,C-3
500070028003030,C-3
500070028003031,C-3
500070028003032,C-3
500070028003033,C-3
500070028003034,C-3
500070028003035,C-3
500070028003036,C-3
500070028003037,C-3
500070029001000,C83
500070029001001,C83
500070029001002,C83
500070029001003,C83
500070029001004,C83
500070029001005,C83
500070029001006,C83
500070029001007,C83
500070029001008,C83
500070029001009,C83
500070029001010,C83
500070029001011,C83
500070029001012,C83
500070029001013,C83
500070029001014,C83
500070029001015,C83
500070029001016,C83
500070029001017,C83
500070029001018,C83
500070029001019,C83
500070029001020,C83
500070029001021,C83
500070029001022,C83
500070029001023,C83
500070029001024,C83
500070029001025,C83
500070029001026,C83
500070029001027,C83
500070029001028,C83
500070029001029,C83
500070029001030,C83
500070029001031,C83
500070029001032,C83
500070029001033,C83
500070029001034,C83
500070029001035,C83
500070029001036,C83
500070029001037,C83
500070029001038,C83
500070029001039,C83
500070029001040,C83
500070029001041,C83
500070029001042,C83
500070029001043,C83
500070029001044,C83
500070029001045,C83
500070029001046,C83
500070029001047,C83
500070029001048,C83
500070029001049,C83
500070029001050,C83
500070029001051,C83
500070029001052,C83
500070029001053,C83
500070029001054,C83
500070029001055,C83
500070029001056,C83
500070029001057,C83
500070029001058,C83
500070029001059,C83
500070029001060,C83
500070029001061,C83
500070029001062,C83
500070029001063,C83
500070029001064,C83
500070029001065,C83
500070029001066,C83
500070029001067,C83
500070029001068,C83
500070029001069,C83
500070029001070,C83
500070029001071,C83
500070029001072,C83
500070029001073,C83
500070029001074,C83
500070029001075,C83
500070029001076,C83
500070029001077,C83
500070029001078,C83
500070029001079,C83
500070029001080,C83
500070029001081,C83
500070029001082,C83
500070029002000,C-3
500070029002001,C-3
500070029002002,C-3
500070029002003,C-3
500070029002004,C-3
500070029002005,C-3
500070029002006,C-3
500070029002007,C-3
500070029002008,C-3
500070029002009,C-3
500070029002010,C-3
500070029002011,C-3
500070029002012,C-3
500070029002013,C-3
500070029002014,C-3
500070029002015,C-3
500070029002016,C-3
500070029002017,C-3
500070029002018,C-3
500070029002019,C-3
500070029002020,C-3
500070029002021,C-3
500070029002022,C-3
500070029002023,C-3
500070029002024,C-3
500070029002025,C-3
500070029002026,C-3
500070029002027,C-3
500070029002028,C-3
500070029002029,C-3
500070029002030,C-3
500070029002031,C-3
500070029002032,C-3
500070029002033,C-3
500070029002034,C-3
500070029002035,C-3
500070029002036,C-3
500070029002037,C-3
500070029002038,C-3
500070029002039,C-3
500070029002040,C-3
500070029002041,C-3
500070029002042,C-3
500070029002043,C-3
500070029002044,C-3
500070029002045,C-3
500070029002046,C-3
500070029002047,C-3
500070029002048,C-3
500070029003000,C-3
500070029003001,C-3
500070029003002,C-3
500070029003003,C-3
500070029003004,C-3
500070029003005,C-3
500070029003006,C-3
500070029003007,C-3
500070029003008,C-3
500070029003009,C-3
500070029003010,C-3
500070029003011,C-3
500070029003012,C-3
500070029003013,C-3
500070029003014,C-3
500070029003015,C-3
500070029003016,C-3
500070029003017,C-3
500070029003018,C-3
500070029003019,C-3
500070029003020,C-3
500070029003021,C-3
500070029003022,C-3
500070029003023,C-3
500070029003024,C-3
500070029003025,C-3
500070029003026,C-3
500070029003027,C-3
500070029003028,C-3
500070029003029,C-3
500070029003030,C-3
500070029003031,C-3
500070029003032,C-3
500070029003033,C-3
500070029003034,C-3
500070029003035,C-3
500070029003036,C-3
500070029003037,C-3
500070029003038,C-3
500070029003039,C-3
500070029003040,C-3
500070029003041,C-3
500070029003042,C-3
500070029003043,C-3
500070029003044,C-3
500070029003045,C-3
500070029003046,C-3
500070029003047,C-3
500070029003048,C-3
500070029003049,C-3
500070029003050,C-3
500070029003051,C-3
500070029003052,C-3
500070029003053,C-3
500070029003054,C-3
500070029003055,C-3
500070029003056,C-3
500070029003057,C-3
500070029003058,C-3
500070029003059,C-3
500070029003060,C-3
500070029003061,C-3
500070029003062,C-3
500070029003063,C-3
500070029003064,C-3
500070029003065,C-3
500070029004000,WAC
500070029004001,WAC
500070029004002,WAC
500070029004003,WAC
500070029004004,WAC
500070029004005,WAC
500070029004006,WAC
500070029004007,WAC
500070029004008,WAC
500070029004009,WAC
500070029004010,WAC
500070029004011,WAC
500070029004012,WAC
500070029004013,WAC
500070029004014,WAC
500070029004015,WAC
500070029004016,WAC
500070029004017,WAC
500070029004018,WAC
500070029004019,WAC
500070029004020,WAC
500070029004021,WAC
500070029004022,WAC
500070029004023,WAC
500070029004024,WAC
500070029004025,WAC
500070029004026,WAC
500070029004027,WAC
500070029004028,WAC
500070029004029,WAC
500070029004030,WAC
500070029004031,WAC
500070029004032,WAC
500070029004033,WAC
500070029004034,WAC
500070029004035,WAC
500070029004036,WAC
500070029004037,WAC
500070029004038,WAC
500070029004039,WAC
500070029004040,WAC
500070029004041,WAC
500070029004042,WAC
500070029004043,WAC
500070029004044,WAC
500070029004045,WAC
500070029004046,WAC
500070029004047,WAC
500070029004048,WAC
500070029004049,WAC
500070029004050,WAC
500070029004051,WAC
500070029004052,WAC
500070029004053,WAC
500070029004054,WAC
500070029004055,WAC
500070029004056,WAC
500070029004057,WAC
500070029004058,WAC
500070029004059,WAC
500070029004060,WAC
500070029004061,WAC
500070029004062,WAC
500070029004063,WAC
500070029004064,WAC
500070029004065,WAC
500070029004066,WAC
500070029004067,WAC
500070029004068,WAC
500070029004069,WAC
500070029004070,WAC
500070029004071,WAC
500070029004072,WAC
500070029004073,WAC
500070029004074,WAC
500070029004075,WAC
500070029004076,WAC
500070029004077,WAC
500070029004078,WAC
500070029004079,WAC
500070029004080,WAC
500070029004081,WAC
500070029004082,WAC
500070029004083,WAC
500070029004084,WAC
500070029004085,WAC
500070029004086,WAC
500070029004087,WAC
500070030001000,C-1
500070030001001,C-1
500070030001002,C-1
500070030001003,C-1
500070030001004,C-1
500070030001005,C-1
500070030001006,C-1
500070030001007,C-1
500070030001008,C-1
500070030001009,C-1
500070030001010,C-1
500070030001011,C-1
500070030001012,C-1
500070030001013,C-1
500070030001014,C-1
500070030001015,C-1
500070030001016,C-1
500070030001017,C-1
500070030001018,C-1
500070030001019,C-1
500070030001020,C-1
500070030001021,C-1
500070030001022,C-1
500070030001023,C-1
500070030001024,C-1
500070030001025,C-1
500070030001026,C-1
500070030001027,C-1
500070030001028,C-1
500070030001029,C-1
500070030001030,C-1
500070030001031,C-1
500070030001032,C-1
500070030001033,C-1
500070030001034,C-1
500070030001035,C-1
500070030001036,C-1
500070030001037,C-1
500070030001038,C-1
500070030001039,C-1
500070030001040,C-1
500070030001041,C-1
500070030001042,C-1
500070030001043,C-1
500070030001044,C-1
500070030001045,C-1
500070030001046,C-1
500070030001047,C-1
500070030001048,C-1
500070030001049,C-1
500070030001050,C-1
500070030001051,C-1
500070030001052,C-1
500070030001053,C-1
500070030001054,C-1
500070030001055,C-1
500070030001056,C-1
500070030001057,C-1
500070030001058,C-1
500070030001059,C-1
500070030001060,C-1
500070030002000,C-1
500070030002001,C-1
500070030002002,C-1
500070030002003,C-1
500070030002004,C-1
500070030002005,C-1
500070030002006,C-1
500070030002007,C-1
500070030002008,C-1
500070030002009,C-1
500070030002010,C-1
500070030002011,C-1
500070030002012,C-1
500070030002013,C-1
500070030002014,C-1
500070030002015,C-1
500070030002016,C-1
500070030002017,C-1
500070030002018,C-1
500070030002019,C-1
500070030002020,C-1
500070030002021,C-1
500070030002022,C-1
500070030002023,C-1
500070030002024,C-1
500070030002025,C-1
500070030002026,C-1
500070030002027,C-1
500070030002028,C-1
500070030002029,C-1
500070030002030,C-1
500070030002031,C-1
500070030002032,C-1
500070030002033,C-1
500070030002034,C-1
500070030002035,C-1
500070030002036,C-1
500070030002037,C-1
500070030002038,C-1
500070030002039,C-1
500070030002040,C-1
500070030002041,C-1
500070030002042,C-1
500070030002043,C-1
500070030002044,C-1
500070030002045,C-1
500070030002046,C-1
500070030002047,C-1
500070030002048,C-1
500070030002049,C-1
500070030002050,C-1
500070030002051,C-1
500070030002052,C-1
500070030002053,C-1
500070030002054,C-1
500070030002055,C-1
500070030002056,C-1
500070030002057,C-1
500070030002058,C-1
500070030002059,C-1
500070030002060,C-1
500070030002061,C-1
500070030002062,C-1
500070030002063,C-1
500070030002064,C-1
500070030002065,C-1
500070030002066,C-1
500070030002067,C-1
500070030002068,C-1
500070030002069,C-1
500070030002070,C-1
500070030002071,C-1
500070030002072,C-1
500070030002073,C-1
500070030002074,C-1
500070030002075,C-1
500070030002076,C-1
500070030002077,C-1
500070030002078,C-1
500070030002079,C-1
500070030002080,C-1
500070030002081,C-1
500070030002082,C-1
500070030002083,C-1
500070030002084,C-1
500070030002085,C-1
500070030002086,C-1
500070030002087,C-1
500070030002088,C-1
500070030002089,C-1
500070030002090,C-1
500070030002091,C-1
500070031001000,C-2
500070031001001,C-2
500070031001002,C-2
500070031001003,C-2
500070031001004,C-2
500070031001005,C-2
500070031001006,C-2
500070031001007,C-2
500070031001008,C-2
500070031001009,C-2
500070031001010,C-2
500070031001011,C-2
500070031001012,C-2
500070031001013,C-2
500070031001014,C-2
500070031001015,C-2
500070031001016,C-2
500070031001017,C-2
500070031001018,C-2
500070031001019,C-2
500070031001020,C-2
500070031001021,C-2
500070031001022,C-2
500070031001023,C-2
500070031001024,C-2
500070031001025,C-2
500070031001026,C-2
500070031001027,C-2
500070031001028,C-2
500070031001029,C-2
500070031001030,C-2
500070031001031,C-2
500070031001032,C-2
500070031001033,C-2
500070031001034,C-2
500070031001035,C-2
500070031001036,C-2
500070031001037,C-2
500070031001038,C-2
500070031001039,C-2
500070031001040,C-2
500070031001041,C-2
500070031001042,C-2
500070031001043,C-2
500070031001044,C-2
500070031001045,C-2
500070031001046,C-2
500070031001047,C-2
500070031001048,C-2
500070031001049,C-2
500070031001050,C-2
500070031001051,C-2
500070031001052,C-2
500070031001053,C-2
500070031002000,C-2
500070031002001,C-2
500070031002002,C-2
500070031002003,C-2
500070031002004,C-2
500070031002005,C-2
500070031002006,C-2
500070031002007,C-2
500070031002008,C-2
500070031002009,C-2
500070031002010,C-2
500070031002011,C-2
500070031002012,C-2
500070031002013,C-2
500070031002014,C-2
500070031002015,C-2
500070031002016,C-2
500070031002017,C-2
500070031002018,C-2
500070031002019,C-2
500070031002020,C-2
500070031002021,C-2
500070031002022,C-2
500070031002023,C-2
500070031002024,C-2
500070031002025,C-2
500070031002026,C-2
500070031002027,C-2
500070031002028,C-2
500070031002029,C-2
500070031002030,C-2
500070031002031,C-2
500070031002032,C-2
500070031002033,C-2
500070031002034,C-2
500070031002035,C-2
500070031002036,C-2
500070031002037,C-2
500070031002038,C-2
500070031002039,C-2
500070031002040,C-2
500070031002041,C-2
500070031002042,C-2
500070031002043,C-2
500070031002044,C-2
500070031002045,C-2
500070031002046,C-2
500070031002047,C-2
500070031003000,C-2
500070031003001,C-2
500070031003002,C-2
500070031003003,C-2
500070031003004,C-2
500070031003005,C-2
500070031003006,C-2
500070031003007,C-2
500070031003008,C-2
500070031003009,C-2
500070031003010,C-2
500070031003011,C-2
500070031003012,C-2
500070031003013,C-2
500070031003014,C-2
500070031003015,C-2
500070031003016,C-2
500070031003017,C-2
500070031003018,C-2
500070031003019,C-2
500070031003020,C-2
500070031003021,C-2
500070031003022,C-2
500070031003023,C-2
500070031003024,C-2
500070031003025,C-2
500070031003026,C-2
500070031003027,C-2
500070031003028,C-2
500070031003029,C-2
500070031003030,C-2
500070031003031,C-2
500070031003032,C-2
500070031003033,C-2
500070031003034,C-2
500070031003035,C-2
500070031003036,C-2
500070031003037,C-2
500070031003038,C-2
500070031003039,C-2
500070031003040,C-2
500070031003041,C-2
500070031003042,C-2
500070031003043,C-2
500070031004000,C-2
500070031004001,C-2
500070031004002,C-2
500070031004003,C-2
500070031004004,C-2
500070031004005,C-2
500070031004006,C-2
500070031004007,C-2
500070031004008,C-2
500070031004009,C-2
500070031004010,C-2
500070031004011,C-2
500070031004012,C-2
500070031004013,C-2
500070031004014,C-2
500070031004015,C-2
500070031004016,C-2
500070031004017,C-2
500070031004018,C-2
500070031004019,C-2
500070031004020,C-2
500070031004021,C-2
500070031004022,C-2
500070031004023,C-2
500070031004024,C-2
500070031004025,C-2
500070031004026,C-2
500070031004027,C-2
500070031004028,C-2
500070031004029,C-2
500070031004030,C-2
500070031004031,C-2
500070031004032,C-2
500070031004033,C-2
500070031004034,C-2
500070031004035,C-2
500070031004036,C-2
500070031004037,C-2
500070031004038,C-2
500070031004039,C-2
500070031004040,C-2
500070031004041,C-2
500070031004042,C-2
500070031004043,C-2
500070031004044,C-2
500070031004045,C-2
500070031004046,C-2
500070031004047,C-2
500070031004048,C-2
500070031004049,C-2
500070031004050,C-2
500070031004051,C-2
500070031004052,C-2
500070033011030,C71
500070033011032,C71
500070033041021,C71
500070033042000,C71
500070033042001,C71
500070033042002,C71
500070033042003,C71
500070033042004,C71
500070033042005,C71
500070033042006,C71
500070033042007,C71
500070033042008,C71
500070033042009,C71
500070033042010,C71
500070033042011,C71
500070033042012,C71
500070033042013,C71
500070033042014,C71
500070033042015,C71
500070033042016,C71
500070033042017,C71
500070033042018,C71
500070033042019,C71
500070033042020,C71
500070033042021,C71
500070033042022,C71
500070033042023,C71
500070033042024,C71
500070033042025,C71
500070033042026,C71
500070033043000,C71
500070033043001,C71
500070033043002,C71
500070033043003,C71
500070033043005,C71
500070033043006,C71
500070033043007,C71
500070033043008,C71
500070033043009,C71
500070033043010,C71
500070033043011,C71
500070033043012,C71
500070033043013,C71
500070033043014,C71
500070033043015,C71
500070033043016,C71
500070033043017,C71
500070033043018,C71
500070033043019,C71
500070033043020,C71
500070033043021,C71
500070033043022,C71
500070033043023,C71
500070033043024,C71
500070033043025,C71
500070033043026,C71
500070033043027,C71
500070033043028,C71
500070033043029,C71
500070033043030,C71
500070033043031,C71
500070033043032,C71
500070033043033,C71
500070033043036,C71
500070033043037,C71
500070033043038,C71
500070033043039,C71
500070033043040,C71
500070033043041,C71
500070033043042,C71
500070034001005,C51
500070034001006,C51
500070034001007,C51
500070034001008,C51
500070034001016,C51
500070034001017,C51
500070034001020,C51
500070034001021,C51
500070034001022,C51
500070034001023,C51
500070034001024,C51
500070034001025,C51
500070034001026,C51
500070034001027,C51
500070034002000,C51
500070034002001,C51
500070034002002,C51
500070034002003,C51
500070034002004,C51
500070034002005,C51
500070034002006,C51
500070034002007,C51
500070034002008,C51
500070034002009,C51
500070034002010,C51
500070034002011,C51
500070034002012,C51
500070034002013,C51
500070034002015,C51
500070034002016,C51
500070034002017,C51
500070034002018,C51
500070034002019,C51
500070034002020,C51
500070034002021,C51
500070034002022,C51
500070034002023,C51
500070034002024,C51
500070034002025,C51
500070034002026,C51
500070034002027,C51
500070034002028,C51
500070034002029,C51
500070034002030,C51
500070034002031,C51
500070034002032,C51
500070034002033,C51
500070034002034,C51
500070034002035,C51
500070034002036,C51
500070034002037,C51
500070034002038,C51
500070034002039,C51
500070034002040,C51
500070034002041,C51
500070034002042,C51
500070034002043,C51
500070034002044,C51
500070034002045,C51
500070034002046,C51
500070034002047,C51
500070034002048,C51
500070034002049,C51
500070034002050,C51
500070034002051,C51
500070034002052,C51
500070034002053,C51
500070034002054,C51
500070034002055,C51
500070034002056,C51
500070034002057,C51
500070034002058,C51
500070034002059,C51
500070034002060,C51
500070034002061,C51
500070034002062,C51
500070034002063,C51
500070034002064,C51
500070034002065,C51
500070034002066,C51
500070034002067,C51
500070034002068,C51
500070034002069,C51
500070034003017,C51
500070034003018,C51
500070034003019,C51
500070034003020,C51
500070034003021,C51
500070034003023,C51
500070034003024,C51
500070034003025,C51
500070034003032,C51
500070034003033,C51
500070034004021,C51
500070034004022,C51
500070034004023,C51
500070034004024,C51
500070034004025,C51
500070034004026,C51
500070034004027,C51
500070034004028,C51
500070034004029,C51
500070034004030,C51
500070034004031,C51
500070034004032,C51
500070034004033,C51
500070034005000,C51
500070034005001,C51
500070034005002,C51
500070034005003,C51
500070034005004,C51
500070034005005,C51
500070034005006,C51
500070034005007,C51
500070034005008,C51
500070034005009,C51
500070034005010,C51
500070034005011,C51
500070034005012,C51
500070034005013,C51
500070034005014,C51
500070034005015,C51
500070034005016,C51
500070034005017,C51
500070034005018,C51
500070034005019,C51
500070034005020,C51
500070034005021,C51
500070034005022,C51
500070035011000,C41
500070035011001,C41
500070035011002,C41
500070035011003,C41
500070035011004,C41
500070035011005,C41
500070035011006,C41
500070035011007,C41
500070035011008,C41
500070035011009,C41
500070035011010,C41
500070035011011,C41
500070035011012,C41
500070035011013,C41
500070035011014,C41
500070035011015,C41
500070035011016,C41
500070035011017,C41
500070035011018,C41
500070035011019,C41
500070035011020,C41
500070035011021,C41
500070035011022,C41
500070035011023,C41
500070035011024,C41
500070035011025,C41
500070035011026,C41
500070035011027,C41
500070035011028,C41
500070035011029,C41
500070035011030,C41
500070035011031,C41
500070035011032,C41
500070035011033,C41
500070035011034,C41
500070035011035,C41
500070035011036,C41
500070035011037,C41
500070035011038,C41
500070035011039,C41
500070035011040,C41
500070035012000,C41
500070035012001,C41
500070035012002,C41
500070035012003,C41
500070035012004,C41
500070035012005,C41
500070035012006,C41
500070035012007,C41
500070035012008,C41
500070035012009,C41
500070035012010,C41
500070035012011,C41
500070035012012,C41
500070035012013,C41
500070035012014,C41
500070035012015,C41
500070035012016,C41
500070035012017,C41
500070035012018,C41
500070035012019,C41
500070035012020,C41
500070035012021,C41
500070035012022,C41
500070035012023,C41
500070035012024,C41
500070035012025,C41
500070035013000,C41
500070035013001,C41
500070035013002,C41
500070035013003,C41
500070035013004,C41
500070035013005,C41
500070035013006,C41
500070035013007,C41
500070035013008,C41
500070035013009,C41
500070035013010,C41
500070035013011,C41
500070035013012,C41
500070035013013,C41
500070035013014,C41
500070035013015,C41
500070035013016,C41
500070035013017,C41
500070035013018,C41
500070035013019,C41
500070035013020,C41
500070035013021,C41
500070035013022,C41
500070035013023,C41
500070035013024,C41
500070035013025,C41
500070035013026,C41
500070035013027,C41
500070035013028,C41
500070035013029,C41
500070035013030,C41
500070035013031,C41
500070035013032,C41
500070035013033,C41
500070035013034,C41
500070035013035,C41
500070035021004,C42
500070035021005,C42
500070035021006,C42
500070035021007,C42
500070035021008,C42
500070035021009,C42
500070035021010,C42
500070035021011,C42
500070035021012,C42
500070035021013,C42
500070035021014,C42
500070035021015,C42
500070035021016,C42
500070035021017,C42
500070035021018,C42
500070035021019,C42
500070035021020,C42
500070035021021,C42
500070035021022,C42
500070035021023,C42
500070035021024,C42
500070035021025,C42
500070035021026,C42
500070035021027,C42
500070035021028,C42
500070035021029,C42
500070035021030,C42
500070035021031,C42
500070035021032,C42
500070035021033,C42
500070035021034,C42
500070035021035,C42
500070035021036,C42
500070035021040,C42
500070035021041,C42
500070035021042,C42
500070035021043,C42
500070035021044,C42
500070035023000,C42
500070035023001,C42
500070035023002,C42
500070035023003,C42
500070035023004,C42
500070035023005,C42
500070035023006,C42
500070035023007,C42
500070035023008,C42
500070035023009,C42
500070035023010,C42
500070035023011,C42
500070035023012,C42
500070035023013,C42
500070035023014,C42
500070035023015,C42
500070035023016,C42
500070035023017,C42
500070035023018,C42
500070035023019,C42
500070035023020,C42
500070035023021,C42
500070035023022,C42
500070035023023,C42
500070035024000,C42
500070035024001,C42
500070035024002,C42
500070035024003,C42
500070035024004,C42
500070035024005,C42
500070035024006,C42
500070035024007,C42
500070035024008,C42
500070035024009,C42
500070035024010,C42
500070035024011,C42
500070035024012,C42
500070035024013,C42
500070035024014,C42
500070035024015,C42
500070035024016,C42
500070035024017,C42
500070035024018,C42
500070035024019,C42
500070035024020,C42
500070035024021,C42
500070035024022,C42
500070035024023,C42
500070035024024,C42
500070035024025,C42
500070035024026,C42
500070035024027,C42
500070035024028,C42
500070035024029,C42
500070035024030,C42
500070035024031,C42
500070035024032,C42
500070035024033,C42
500070035024034,C42
500070035024035,C42
500070035022000,C52
500070035022001,C52
500070035022002,C52
500070035022003,C52
500070035022004,C52
500070035022005,C52
500070035022006,C52
500070035022007,C52
500070035022008,C52
500070035022009,C52
500070035022010,C52
500070035022011,C52
500070035022012,C52
500070035022013,C52
500070035022014,C52
500070035022015,C52
500070035022016,C52
500070035031000,WAC
500070035031001,WAC
500070035031002,WAC
500070035031003,WAC
500070035031004,WAC
500070035031005,WAC
500070035031006,WAC
500070035031007,WAC
500070035031008,WAC
500070035031009,WAC
500070035031010,WAC
500070035031011,WAC
500070035031012,WAC
500070035031013,WAC
500070035031014,WAC
500070035031015,WAC
500070035031016,WAC
500070035031017,WAC
500070035031018,WAC
500070035031019,WAC
500070035031020,WAC
500070035031021,WAC
500070035031022,WAC
500070035031023,WAC
500070035031024,WAC
500070035031025,WAC
500070035031026,WAC
500070035031027,WAC
500070035031028,WAC
500070035031029,WAC
500070035031030,WAC
500070035031031,WAC
500070035031032,WAC
500070035031033,WAC
500070035031034,WAC
500070035031035,WAC
500070035031036,WAC
500070035031037,WAC
500070035031038,WAC
500070035031039,WAC
500070035031040,WAC
500070035031041,WAC
500070035031042,WAC
500070035031043,WAC
500070035031044,WAC
500070035031048,WAC
500070035031049,WAC
500070035031050,WAC
500070035031051,WAC
500070035031052,WAC
500070035031053,WAC
500070035031054,WAC
500070035031055,WAC
500070035031056,WAC
500070035031057,WAC
500070035031058,WAC
500070035031059,WAC
500070035031060,WAC
500070035031061,WAC
500070035031063,WAC
500070035031064,WAC
500070035031045,WAC
500070035031046,WAC
500070035031047,WAC
500070035031062,WAC
500099501001000,ECO
500099501001001,ECO
500099501001002,ECO
500099501001003,ECO
500099501001004,ECO
500099501001005,ECO
500099501001006,ECO
500099501001007,ECO
500099501001008,ECO
500099501001009,ECO
500099501001010,ECO
500099501001011,ECO
500099501001012,ECO
500099501001013,ECO
500099501001014,ECO
500099501001015,ECO
500099501001016,ECO
500099501001017,ECO
500099501001018,ECO
500099501001019,ECO
500099501001020,ECO
500099501001021,ECO
500099501001022,ECO
500099501001023,ECO
500099501001024,ECO
500099501001025,ECO
500099501001026,ECO
500099501001027,ECO
500099501001028,ECO
500099501001029,ECO
500099501001030,ECO
500099501001031,ECO
500099501001032,ECO
500099501001033,ECO
500099501001034,ECO
500099501001035,ECO
500099501001036,ECO
500099501001037,ECO
500099501001038,ECO
500099501001039,ECO
500099501001040,ECO
500099501001041,ECO
500099501001042,ECO
500099501001043,ECO
500099501001044,ECO
500099501001045,ECO
500099501001046,ECO
500099501001047,ECO
500099501001048,ECO
500099501001049,ECO
500099501001050,ECO
500099501001051,ECO
500099501001052,ECO
500099501001053,ECO
500099501001054,ECO
500099501001055,ECO
500099501001056,ECO
500099501001057,ECO
500099501001058,ECO
500099501001059,ECO
500099501001060,ECO
500099501001061,ECO
500099501001062,ECO
500099501001063,ECO
500099501001064,ECO
500099501001065,ECO
500099501001066,ECO
500099501001067,ECO
500099501001068,ECO
500099501001069,ECO
500099501001070,ECO
500099501001071,ECO
500099501001072,ECO
500099501001073,ECO
500099501001074,ECO
500099501001075,ECO
500099501001076,ECO
500099501001077,ECO
500099501001078,ECO
500099501001079,ECO
500099501001080,ECO
500099501001081,ECO
500099501001082,ECO
500099501001083,ECO
500099501001084,ECO
500099501001085,ECO
500099501001086,ECO
500099501001087,ECO
500099501001097,ECO
500099501001098,ECO
500099501001099,ECO
500099501001110,ECO
500099501001111,ECO
500099501001112,ECO
500099501001113,ECO
500099501001120,ECO
500099501001121,ECO
500099501001122,ECO
500099501001123,ECO
500099501001124,ECO
500099501001125,ECO
500099501001126,ECO
500099501001127,ECO
500099501001128,ECO
500099501001129,ECO
500099501001130,ECO
500099501001150,ECO
500099501001151,ECO
500099501001239,ECO
500099501001454,ECO
500099501001455,ECO
500099501001456,ECO
500099501001457,ECO
500099501001458,ECO
500099501001460,ECO
500099501001461,ECO
500099501001462,ECO
500099501001463,ECO
500099501001464,ECO
500099501001465,ECO
500099501001470,ECO
500099501001471,ECO
500099501001472,ECO
500099501001088,ECO
500099501001089,ECO
500099501001090,ECO
500099501001091,ECO
500099501001092,ECO
500099501001093,ECO
500099501001094,ECO
500099501001095,ECO
500099501001096,ECO
500099501001100,ECO
500099501001101,ECO
500099501001102,ECO
500099501001104,ECO
500099501001105,ECO
500099501001106,ECO
500099501001107,ECO
500099501001108,ECO
500099501001109,ECO
500099501001118,ECO
500099501001438,ECO
500099501001439,ECO
500099501001440,ECO
500099501001442,ECO
500099501001443,ECO
500099501001448,ECO
500099501001449,ECO
500099501001450,ECO
500099501001451,ECO
500099501001452,ECO
500099501001453,ECO
500099501001103,ECO
500099501001114,ECO
500099501001115,ECO
500099501001116,ECO
500099501001441,ECO
500099501001117,ECO
500099501001119,ECO
500099501001131,ECO
500099501001132,ECO
500099501001133,ECO
500099501001134,ECO
500099501001135,ECO
500099501001136,ECO
500099501001137,ECO
500099501001138,ECO
500099501001139,ECO
500099501001140,ECO
500099501001141,ECO
500099501001155,ECO
500099501001168,ECO
500099501001169,ECO
500099501001178,ECO
500099501001179,ECO
500099501001180,ECO
500099501001216,ECO
500099501001217,ECO
500099501001246,ECO
500099501001247,ECO
500099501001248,ECO
500099501001249,ECO
500099501001250,ECO
500099501001251,ECO
500099501001252,ECO
500099501001253,ECO
500099501001254,ECO
500099501001255,ECO
500099501001256,ECO
500099501001257,ECO
500099501001258,ECO
500099501001259,ECO
500099501001260,ECO
500099501001261,ECO
500099501001262,ECO
500099501001263,ECO
500099501001437,ECO
500099501001445,ECO
500099501001473,ECO
500099501001142,ECO
500099501001143,ECO
500099501001144,ECO
500099501001145,ECO
500099501001146,ECO
500099501001147,ECO
500099501001148,ECO
500099501001149,ECO
500099501001152,ECO
500099501001153,ECO
500099501001154,ECO
500099501001156,ECO
500099501001157,ECO
500099501001158,ECO
500099501001159,ECO
500099501001161,ECO
500099501001163,ECO
500099501001164,ECO
500099501001165,ECO
500099501001166,ECO
500099501001167,ECO
500099501001170,ECO
500099501001171,ECO
500099501001172,ECO
500099501001173,ECO
500099501001174,ECO
500099501001175,ECO
500099501001176,ECO
500099501001177,ECO
500099501001434,ECO
500099501001435,ECO
500099501001444,ECO
500099501001160,ECO
500099501001162,ECO
500099501001181,ECO
500099501001182,ECO
500099501001183,ECO
500099501001184,ECO
500099501001185,ECO
500099501001186,ECO
500099501001187,ECO
500099501001188,ECO
500099501001189,ECO
500099501001190,ECO
500099501001191,ECO
500099501001192,ECO
500099501001193,ECO
500099501001194,ECO
500099501001195,ECO
500099501001196,ECO
500099501001197,ECO
500099501001198,ECO
500099501001199,ECO
500099501001200,ECO
500099501001201,ECO
500099501001202,ECO
500099501001203,ECO
500099501001204,ECO
500099501001205,ECO
500099501001206,ECO
500099501001207,ECO
500099501001208,ECO
500099501001222,ECO
500099501001223,ECO
500099501001224,ECO
500099501001225,ECO
500099501001226,ECO
500099501001227,ECO
500099501001228,ECO
500099501001432,ECO
500099501001466,ECO
500099501001467,ECO
500099501001209,ECO
500099501001210,ECO
500099501001211,ECO
500099501001212,ECO
500099501001213,ECO
500099501001214,ECO
500099501001215,ECO
500099501001218,ECO
500099501001219,ECO
500099501001220,ECO
500099501001221,ECO
500099501001229,ECO
500099501001230,ECO
500099501001231,ECO
500099501001232,ECO
500099501001233,ECO
500099501001234,ECO
500099501001235,ECO
500099501001236,ECO
500099501001237,ECO
500099501001238,ECO
500099501001240,ECO
500099501001241,ECO
500099501001242,ECO
500099501001243,ECO
500099501001244,ECO
500099501001245,ECO
500099501001264,ECO
500099501001265,ECO
500099501001277,ECO
500099501001278,ECO
500099501001279,ECO
500099501001280,ECO
500099501001317,ECO
500099501001318,ECO
500099501001319,ECO
500099501001320,ECO
500099501001321,ECO
500099501001322,ECO
500099501001323,ECO
500099501001324,ECO
500099501001428,ECO
500099501001429,ECO
500099501001469,ECO
500099501001266,E-C
500099501001267,E-C
500099501001275,E-C
500099501001276,E-C
500099501001293,E-C
500099501001296,E-C
500099501001303,E-C
500099501001304,E-C
500099501001305,E-C
500099501001306,E-C
500099501001307,E-C
500099501001308,E-C
500099501001309,E-C
500099501001310,E-C
500099501001311,E-C
500099501001312,E-C
500099501001313,E-C
500099501001314,E-C
500099501001315,E-C
500099501001316,E-C
500099501001325,E-C
500099501001326,E-C
500099501001327,E-C
500099501001328,E-C
500099501001329,E-C
500099501001330,E-C
500099501001331,E-C
500099501001332,E-C
500099501001333,E-C
500099501001334,E-C
500099501001335,E-C
500099501001336,E-C
500099501001337,E-C
500099501001338,E-C
500099501001339,E-C
500099501001340,E-C
500099501001341,E-C
500099501001342,E-C
500099501001343,E-C
500099501001344,E-C
500099501001345,E-C
500099501001346,E-C
500099501001347,E-C
500099501001348,E-C
500099501001349,E-C
500099501001350,E-C
500099501001353,E-C
500099501001363,E-C
500099501001410,E-C
500099501001411,E-C
500099501001412,E-C
500099501001413,E-C
500099501001426,E-C
500099501001427,E-C
500099501001430,E-C
500099501001431,E-C
500099501001436,E-C
500099501001446,E-C
500099501001447,E-C
500099501001459,E-C
500099501001268,ECO
500099501001269,ECO
500099501001270,ECO
500099501001271,ECO
500099501001272,ECO
500099501001273,ECO
500099501001274,ECO
500099501001281,ECO
500099501001282,ECO
500099501001283,ECO
500099501001284,ECO
500099501001285,ECO
500099501001286,ECO
500099501001287,ECO
500099501001288,ECO
500099501001289,ECO
500099501001290,ECO
500099501001291,ECO
500099501001292,ECO
500099501001294,ECO
500099501001295,ECO
500099501001297,ECO
500099501001298,ECO
500099501001299,ECO
500099501001300,ECO
500099501001301,ECO
500099501001302,ECO
500099501001355,ECO
500099501001356,ECO
500099501001357,ECO
500099501001358,ECO
500099501001360,ECO
500099501001362,ECO
500099501001390,ECO
500099501001391,ECO
500099501001392,ECO
500099501001393,ECO
500099501001394,ECO
500099501001395,ECO
500099501001396,ECO
500099501001397,ECO
500099501001398,ECO
500099501001399,ECO
500099501001400,ECO
500099501001401,ECO
500099501001433,ECO
500099501001351,E-C
500099501001352,E-C
500099501001354,E-C
500099501001359,E-C
500099501001361,E-C
500099501001364,E-C
500099501001365,E-C
500099501001366,E-C
500099501001367,E-C
500099501001368,E-C
500099501001369,E-C
500099501001370,E-C
500099501001371,E-C
500099501001372,E-C
500099501001373,E-C
500099501001374,E-C
500099501001375,E-C
500099501001376,E-C
500099501001377,E-C
500099501001378,E-C
500099501001379,E-C
500099501001380,E-C
500099501001381,E-C
500099501001382,E-C
500099501001383,E-C
500099501001384,E-C
500099501001385,E-C
500099501001386,E-C
500099501001387,E-C
500099501001388,E-C
500099501001389,E-C
500099501001402,E-C
500099501001403,E-C
500099501001404,E-C
500099501001405,E-C
500099501001406,E-C
500099501001407,E-C
500099501001408,E-C
500099501001409,E-C
500099501001414,E-C
500099501001415,E-C
500099501001416,E-C
500099501001417,E-C
500099501001418,E-C
500099501001419,E-C
500099501001420,E-C
500099501001421,E-C
500099501001422,E-C
500099501001423,E-C
500099501001424,E-C
500099501001425,E-C
500099501001468,E-C
500099501002000,ECO
500099501002001,ECO
500099501002002,ECO
500099501002003,ECO
500099501002004,ECO
500099501002005,ECO
500099501002006,ECO
500099501002007,ECO
500099501002008,ECO
500099501002009,ECO
500099501002010,ECO
500099501002011,ECO
500099501002012,ECO
500099501002013,ECO
500099501002014,ECO
500099501002015,ECO
500099501002016,ECO
500099501002017,ECO
500099501002018,ECO
500099501002019,ECO
500099501002020,ECO
500099501002021,ECO
500099501002022,ECO
500099501002023,ECO
500099501002024,ECO
500099501002025,ECO
500099501002026,ECO
500099501002027,ECO
500099501002028,ECO
500099501002029,ECO
500099501002030,ECO
500099501002031,ECO
500099501002032,ECO
500099501002033,ECO
500099501002034,ECO
500099501002035,ECO
500099501002036,ECO
500099501002037,ECO
500099501002038,ECO
500099501002039,ECO
500099501002040,ECO
500099501002041,ECO
500099501002042,ECO
500099501002043,ECO
500099501002044,ECO
500099501002045,ECO
500099501002046,ECO
500099501002047,ECO
500099501002048,ECO
500099501002049,ECO
500099501002050,ECO
500099501002051,ECO
500099501002052,ECO
500099501002053,ECO
500099501002054,ECO
500099501002055,ECO
500099501002056,ECO
500099501002057,ECO
500099501002058,ECO
500099501002059,ECO
500099501002060,ECO
500099501002061,ECO
500099501002062,ECO
500099501002063,ECO
500099501002064,ECO
500099501002065,ECO
500099501002066,ECO
500099501002067,ECO
500099501002068,ECO
500099501002069,ECO
500099501002070,ECO
500099501002071,ECO
500099501002072,ECO
500099501002073,ECO
500099501002074,ECO
500099501002075,ECO
500099501002076,ECO
500099501002077,ECO
500099501002078,ECO
500099501002079,ECO
500099501002080,ECO
500099501002081,ECO
500099501002082,ECO
500099501002083,ECO
500099501002084,ECO
500099501002085,ECO
500099501002086,ECO
500099501002087,ECO
500099501002088,ECO
500099501002089,ECO
500099501002090,ECO
500099501002091,ECO
500099501002092,ECO
500099501002093,ECO
500099501002094,ECO
500099501002095,ECO
500099501002096,ECO
500099501002097,ECO
500099501002098,ECO
500099501002099,ECO
500099501002100,ECO
500099501002101,ECO
500099501002102,ECO
500099501002103,ECO
500099501002104,ECO
500099501002105,ECO
500099501002106,ECO
500099501002107,ECO
500099501002108,ECO
500099501002109,ECO
500099501002110,ECO
500099501002111,ECO
500099501002112,ECO
500099501002113,ECO
500099501002114,ECO
500099501002115,ECO
500099501002116,ECO
500099501002117,ECO
500099501002118,ECO
500099501002119,ECO
500099501002120,ECO
500099501002121,ECO
500099501002122,ECO
500099501002123,ECO
500099501002124,ECO
500099501002125,ECO
500099501002126,ECO
500099501002127,ECO
500099501002128,ECO
500099501002129,ECO
500099501002130,ECO
500099501002131,ECO
500099502001000,ECO
500099502001001,ECO
500099502001002,ECO
500099502001003,ECO
500099502001004,ECO
500099502001005,ECO
500099502001006,ECO
500099502001007,ECO
500099502001008,ECO
500099502001009,ECO
500099502001010,ECO
500099502001011,ECO
500099502001012,ECO
500099502001013,ECO
500099502001014,ECO
500099502001015,ECO
500099502001016,ECO
500099502001017,ECO
500099502001018,ECO
500099502001019,ECO
500099502001020,ECO
500099502001021,ECO
500099502001022,ECO
500099502001023,ECO
500099502001024,ECO
500099502001025,ECO
500099502001026,ECO
500099502001027,ECO
500099502001028,ECO
500099502001029,ECO
500099502001030,ECO
500099502001031,ECO
500099502001032,ECO
500099502001033,ECO
500099502001034,ECO
500099502001035,ECO
500099502001036,ECO
500099502001037,ECO
500099502001038,ECO
500099502001039,ECO
500099502001040,ECO
500099502001041,ECO
500099502001042,ECO
500099502001043,ECO
500099502001044,ECO
500099502001045,ECO
500099502001046,ECO
500099502001047,ECO
500099502001048,ECO
500099502001049,ECO
500099502001050,ECO
500099502001051,ECO
500099502001052,ECO
500099502001053,ECO
500099502001054,ECO
500099502001055,ECO
500099502001056,ECO
500099502001057,ECO
500099502001058,ECO
500099502001059,ECO
500099502001060,ECO
500099502001061,ECO
500099502001062,ECO
500099502001063,ECO
500099502001064,ECO
500099502001065,ECO
500099502001066,ECO
500099502001067,ECO
500099502001068,ECO
500099502001069,ECO
500099502001070,ECO
500099502001071,ECO
500099502001072,ECO
500099502001073,ECO
500099502001074,ECO
500099502001075,ECO
500099502001076,ECO
500099502001077,ECO
500099502001078,ECO
500099502001079,ECO
500099502001080,ECO
500099502001081,ECO
500099502001082,ECO
500099502001083,ECO
500099502001084,ECO
500099502001085,ECO
500099502001086,ECO
500099502001087,ECO
500099502001088,ECO
500099502001089,ECO
500099502001090,ECO
500099502001091,ECO
500099502001092,ECO
500099502001093,ECO
500099502001094,ECO
500099502001095,ECO
500099502001096,ECO
500099502001097,ECO
500099502001098,ECO
500099502001099,ECO
500099502001100,ECO
500099502001101,ECO
500099502001102,ECO
500099502001103,ECO
500099502001104,ECO
500099502001105,ECO
500099502001106,ECO
500099502001107,ECO
500099502001108,ECO
500099502001109,ECO
500099502001110,ECO
500099502001111,ECO
500099502001112,ECO
500099502001113,ECO
500099502001114,ECO
500099502001115,ECO
500099502001116,ECO
500099502001117,ECO
500099502001118,ECO
500099502001119,ECO
500099502001120,ECO
500099502001121,ECO
500099502001122,ECO
500099502001123,ECO
500099502001124,ECO
500099502001125,ECO
500099502001126,ECO
500099502001127,ECO
500099502001128,ECO
500099502001129,ECO
500099502001130,ECO
500099502001131,ECO
500099502001132,ECO
500099502001133,ECO
500099502001134,ECO
500099502001135,ECO
500099502001136,ECO
500099502001137,ECO
500099502001138,ECO
500099502001139,ECO
500099502001140,ECO
500099502001141,ECO
500099502001142,ECO
500099502001143,ECO
500099502001144,ECO
500099502001145,ECO
500099502001146,ECO
500099502001147,ECO
500099502001148,ECO
500099502001149,ECO
500099502001150,ECO
500099502001151,ECO
500099502001152,ECO
500099502001153,ECO
500099502001154,ECO
500099505001000,ECO
500099505001001,ECO
500099505001002,ECO
500099505001003,ECO
500099505001004,ECO
500099505001005,ECO
500099505001006,ECO
500099505001007,ECO
500099505001008,ECO
500099505001009,ECO
500099505001010,ECO
500099505001011,ECO
500099505001012,ECO
500099505001013,ECO
500099505001014,ECO
500099505001015,ECO
500099505001016,ECO
500099505001031,ECO
500099505001037,ECO
500099505001039,ECO
500099505001040,ECO
500099505001041,ECO
500099505001042,ECO
500099505001043,ECO
500099505001044,ECO
500099505001045,ECO
500099505001046,ECO
500099505001047,ECO
500099505001048,ECO
500099505001049,ECO
500099505001050,ECO
500099505001051,ECO
500099505001052,ECO
500099505001058,ECO
500099505001068,ECO
500099505001069,ECO
500099505001070,ECO
500099505001185,ECO
500099505001186,ECO
500099505001196,ECO
500099505001017,E-C
500099505001018,E-C
500099505001019,E-C
500099505001020,E-C
500099505001021,E-C
500099505001022,E-C
500099505001023,E-C
500099505001024,E-C
500099505001025,E-C
500099505001026,E-C
500099505001027,E-C
500099505001028,E-C
500099505001029,E-C
500099505001030,E-C
500099505001033,E-C
500099505001034,E-C
500099505001035,E-C
500099505001036,E-C
500099505001038,E-C
500099505001053,E-C
500099505001054,E-C
500099505001072,E-C
500099505001073,E-C
500099505001074,E-C
500099505001075,E-C
500099505001076,E-C
500099505001077,E-C
500099505001078,E-C
500099505001079,E-C
500099505001080,E-C
500099505001081,E-C
500099505001082,E-C
500099505001083,E-C
500099505001084,E-C
500099505001085,E-C
500099505001086,E-C
500099505001087,E-C
500099505001088,E-C
500099505001089,E-C
500099505001090,E-C
500099505001091,E-C
500099505001092,E-C
500099505001093,E-C
500099505001134,E-C
500099505001135,E-C
500099505001146,E-C
500099505001188,E-C
500099505001032,E-C
500099505001055,E-C
500099505001056,E-C
500099505001057,E-C
500099505001059,E-C
500099505001060,E-C
500099505001061,E-C
500099505001062,E-C
500099505001063,E-C
500099505001064,E-C
500099505001065,E-C
500099505001066,E-C
500099505001067,E-C
500099505001071,E-C
500099505001136,E-C
500099505001137,E-C
500099505001139,E-C
500099505001140,E-C
500099505001141,E-C
500099505001142,E-C
500099505001143,E-C
500099505001144,E-C
500099505001145,E-C
500099505001147,E-C
500099505001148,E-C
500099505001149,E-C
500099505001150,E-C
500099505001151,E-C
500099505001152,E-C
500099505001161,E-C
500099505001162,E-C
500099505001182,E-C
500099505001183,E-C
500099505001184,E-C
500099505001192,E-C
500099505001193,E-C
500099505001194,E-C
500099505001197,E-C
500099505001094,E-C
500099505001095,E-C
500099505001096,E-C
500099505001097,E-C
500099505001098,E-C
500099505001099,E-C
500099505001101,E-C
500099505001102,E-C
500099505001103,E-C
500099505001104,E-C
500099505001105,E-C
500099505001107,E-C
500099505001108,E-C
500099505001109,E-C
500099505001110,E-C
500099505001111,E-C
500099505001112,E-C
500099505001113,E-C
500099505001114,E-C
500099505001115,E-C
500099505001116,E-C
500099505001117,E-C
500099505001118,E-C
500099505001119,E-C
500099505001120,E-C
500099505001121,E-C
500099505001122,E-C
500099505001123,E-C
500099505001124,E-C
500099505001125,E-C
500099505001126,E-C
500099505001127,E-C
500099505001128,E-C
500099505001187,E-C
500099505001100,E-C
500099505001106,E-C
500099505001129,E-C
500099505001130,E-C
500099505001131,E-C
500099505001132,E-C
500099505001133,E-C
500099505001138,E-C
500099505001153,E-C
500099505001154,E-C
500099505001155,E-C
500099505001156,E-C
500099505001157,E-C
500099505001158,E-C
500099505001159,E-C
500099505001160,E-C
500099505001163,E-C
500099505001164,E-C
500099505001165,E-C
500099505001166,E-C
500099505001167,E-C
500099505001168,E-C
500099505001169,E-C
500099505001170,E-C
500099505001171,E-C
500099505001172,E-C
500099505001173,E-C
500099505001174,E-C
500099505001175,E-C
500099505001176,E-C
500099505001177,E-C
500099505001178,E-C
500099505001179,E-C
500099505001180,E-C
500099505001181,E-C
500099505001189,E-C
500099505001190,E-C
500099505001191,E-C
500099505001195,E-C
500099505003000,E-C
500099505003001,E-C
500099505003002,E-C
500099505003003,E-C
500099505003004,E-C
500099505003005,E-C
500099505003006,E-C
500099505003007,E-C
500099505003008,E-C
500099505003009,E-C
500099505003010,E-C
500099505003011,E-C
500099505003012,E-C
500099505003013,E-C
500099505003014,E-C
500099505003015,E-C
500099505003016,E-C
500099505003017,E-C
500099505003018,E-C
500099505003019,E-C
500099505003020,E-C
500099505003021,E-C
500099505003022,E-C
500099505003023,E-C
500099505003024,E-C
500099505003025,E-C
500099505003026,E-C
500099505003027,E-C
500099505003028,E-C
500099505003029,E-C
500099505003030,E-C
500099505003031,E-C
500099505003032,E-C
500099505003033,E-C
500099505003034,E-C
500099505003035,E-C
500099505003036,E-C
500099505003037,E-C
500099505003038,E-C
500099505003039,E-C
500099505003040,E-C
500099505003041,E-C
500099505003042,E-C
500099505003043,E-C
500099505003044,E-C
500099505003045,E-C
500099505003046,E-C
500099505003047,E-C
500099505003048,E-C
500099505003049,E-C
500099505003050,E-C
500099505002000,E-C
500099505002001,E-C
500099505002002,E-C
500099505002003,E-C
500099505002004,E-C
500099505002005,E-C
500099505002006,E-C
500099505002007,E-C
500099505002008,E-C
500099505002009,E-C
500099505002010,E-C
500099505002011,E-C
500099505002012,E-C
500099505002013,E-C
500099505002014,E-C
500099505002015,E-C
500099505002016,E-C
500099505002017,E-C
500099505002018,E-C
500099505002019,E-C
500099505002020,E-C
500099505002021,E-C
500099505002022,E-C
500099505002023,E-C
500099505002024,E-C
500099505002025,E-C
500099505002026,E-C
500099505002027,E-C
500099505002028,E-C
500099505002029,E-C
500099505002030,E-C
500099505002031,E-C
500099505002032,E-C
500099505002033,E-C
500099505002034,E-C
500099505002035,E-C
500099505002036,E-C
500099505002037,E-C
500099505002038,E-C
500099505002039,E-C
500099505002040,E-C
500099505002041,E-C
500099505002042,E-C
500099505002043,E-C
500099505002044,E-C
500099505002045,E-C
500099505002046,E-C
500099505002047,E-C
500099505002048,E-C
500099505002049,E-C
500099505002050,E-C
500099505002051,E-C
500099505002052,E-C
500099505002053,E-C
500099505002054,E-C
500099505002055,E-C
500099505002056,E-C
500099505002057,E-C
500099505002058,E-C
500099505002059,E-C
500099505002060,E-C
500099505002061,E-C
500099505002062,E-C
500099505002063,E-C
500099505002064,E-C
500099505002065,E-C
500099505002066,E-C
500099505002067,E-C
500099505002068,E-C
500099505002069,E-C
500099505002070,E-C
500099505002071,E-C
500099505002072,E-C
500099505002073,E-C
500099505002074,E-C
500099505002075,E-C
500099505002076,E-C
500099505002077,E-C
500099505002078,E-C
500099505002079,E-C
500099505002080,E-C
500099505002081,E-C
500099505002082,E-C
500099505002083,E-C
500099505002084,E-C
500099505002085,E-C
500099505002086,E-C
500099505002087,E-C
500099505002088,E-C
500099505002089,E-C
500099505002090,E-C
500099505002091,E-C
500099505002092,E-C
500099505002093,E-C
500099505002094,E-C
500099505002095,E-C
500099505002096,E-C
500099505002097,E-C
500099505002098,E-C
500099505002099,E-C
500099505002100,E-C
500099505002101,E-C
500099505002102,E-C
500099505002103,E-C
500099505002104,E-C
500099505002105,E-C
500099505002106,E-C
500099505002107,E-C
500099505002108,E-C
500099505002109,E-C
500099505002110,E-C
500099505002111,E-C
500099505002112,E-C
500099505002113,E-C
500099505002114,E-C
500099505002115,E-C
500099505002116,E-C
500099505002117,E-C
500099505002118,E-C
500099505002119,E-C
500099505002120,E-C
500099505002121,E-C
500099505002122,E-C
500099505002123,E-C
500099505002124,E-C
500099505002125,E-C
500099505002126,E-C
500099505002127,E-C
500099505002128,E-C
500099505002129,E-C
500099505002130,E-C
500099505002131,E-C
500099505002132,E-C
500099505002133,E-C
500099505002134,E-C
500099505002135,E-C
500099505002136,E-C
500099505002137,E-C
500099505002138,E-C
500099505002139,E-C
500099505002140,E-C
500099505002141,E-C
500099505002142,E-C
500099505002143,E-C
500099505002144,E-C
500099505002145,E-C
500099505002146,E-C
500099505002147,E-C
500099505002148,E-C
500099505002149,E-C
500099505002150,E-C
500099505002151,E-C
500099505002152,E-C
500099505002153,E-C
500099505002154,E-C
500099505002155,E-C
500099505002156,E-C
500099505002157,E-C
500099505002158,E-C
500099505002159,E-C
500099505002160,E-C
500099505002161,E-C
500099505002162,E-C
500099505002163,E-C
500099505002164,E-C
500099505002165,E-C
500099505002166,E-C
500099505002167,E-C
500099505002168,E-C
500110101001000,F-5
500110101001001,F-5
500110101001002,F-5
500110101001003,F-5
500110101001004,F-5
500110101001005,F-5
500110101001006,F-5
500110101001007,F-5
500110101001008,F-5
500110101001009,F-5
500110101001010,F-5
500110101001011,F-5
500110101001012,F-5
500110101001013,F-5
500110101001014,F-5
500110101001015,F-5
500110101001016,F-5
500110101001017,F-5
500110101001018,F-5
500110101001019,F-5
500110101001020,F-5
500110101001021,F-5
500110101001022,F-5
500110101001023,F-5
500110101001024,F-5
500110101001025,F-5
500110101001026,F-5
500110101001027,F-5
500110101001028,F-5
500110101001029,F-5
500110101001030,F-5
500110101001031,F-5
500110101001032,F-5
500110101001033,F-5
500110101001034,F-5
500110101001035,F-5
500110101001036,F-5
500110101001037,F-5
500110101001038,F-5
500110101001039,F-5
500110101001040,F-5
500110101001041,F-5
500110101001042,F-5
500110101001043,F-5
500110101001044,F-5
500110101001045,F-5
500110101001046,F-5
500110101001047,F-5
500110101001048,F-5
500110101001049,F-5
500110101001050,F-5
500110101001051,F-5
500110101001052,F-5
500110101001053,F-5
500110101001054,F-5
500110101001055,F-5
500110101001056,F-5
500110101001057,F-5
500110101001058,F-5
500110101001059,F-5
500110101001060,F-5
500110101001061,F-5
500110101001062,F-5
500110101001063,F-5
500110101001064,F-5
500110101001065,F-5
500110101001066,F-5
500110101001067,F-5
500110101001068,F-5
500110101001069,F-5
500110101001070,F-5
500110101001071,F-5
500110101001072,F-5
500110101001073,F-5
500110101001074,F-5
500110101001075,F-5
500110101001076,F-5
500110101001077,F-5
500110101001078,F-5
500110101001079,F-5
500110101001080,F-5
500110101001081,F-5
500110101001082,F-5
500110101001083,F-5
500110101001084,F-5
500110101001085,F-5
500110101001086,F-5
500110101001087,F-5
500110101001088,F-5
500110101001089,F-5
500110101001090,F-5
500110101001091,F-5
500110101001092,F-5
500110101001093,F-5
500110101001094,F-5
500110101001095,F-5
500110101001096,F-5
500110101001097,F-5
500110101001098,F-5
500110101001099,F-5
500110101001100,F-5
500110101001101,F-5
500110101001102,F-5
500110101001103,F-5
500110101001104,F-5
500110101001105,F-5
500110101001106,F-5
500110101001107,F-5
500110101001108,F-5
500110101001109,F-5
500110101001110,F-5
500110101001111,F-5
500110101001112,F-5
500110101001113,F-5
500110101001114,F-5
500110101001115,F-5
500110101001116,F-5
500110101001117,F-5
500110101001118,F-5
500110101001119,F-5
500110101001120,F-5
500110101001121,F-5
500110101001122,F-5
500110101001123,F-5
500110101001124,F-5
500110101002000,F-5
500110101002001,F-5
500110101002002,F-5
500110101002003,F-5
500110101002004,F-5
500110101002005,F-5
500110101002006,F-5
500110101002007,F-5
500110101002008,F-5
500110101002009,F-5
500110101002010,F-5
500110101002011,F-5
500110101002012,F-5
500110101002013,F-5
500110101002014,F-5
500110101002015,F-5
500110101002016,F-5
500110101002017,F-5
500110101002018,F-5
500110101002019,F-5
500110101002020,F-5
500110101002021,F-5
500110101002022,F-5
500110101002023,F-5
500110101002024,F-5
500110101002025,F-5
500110101002026,F-5
500110101002027,F-5
500110101002028,F-5
500110101002029,F-5
500110101002030,F-5
500110101002031,F-5
500110101002032,F-5
500110101002033,F-5
500110101002034,F-5
500110101002035,F-5
500110101002036,F-5
500110101002037,F-5
500110101002038,F-5
500110101002039,F-5
500110101002040,F-5
500110101002041,F-5
500110101002042,F-5
500110101002043,F-5
500110101002044,F-5
500110101002045,F-5
500110101002046,F-5
500110101002047,F-5
500110101002048,F-5
500110101002049,F-5
500110101002050,F-5
500110101002051,F-5
500110101002052,F-5
500110101002053,F-5
500110101002054,F-5
500110101002055,F-5
500110101002056,F-5
500110101002057,F-5
500110101002058,F-5
500110101002059,F-5
500110101002060,F-5
500110101002061,F-5
500110101002062,F-5
500110101003000,F-5
500110101003001,F-5
500110101003002,F-5
500110101003003,F-5
500110101003004,F-5
500110101003005,F-5
500110101003006,F-5
500110101003007,F-5
500110101003008,F-5
500110101003009,F-5
500110101003010,F-5
500110101003011,F-5
500110101003012,F-5
500110101003013,F-5
500110101003014,F-5
500110101003015,F-5
500110101003016,F-5
500110101003017,F-5
500110101003018,F-5
500110101003019,F-5
500110101003020,F-5
500110101003021,F-5
500110101003022,F-5
500110101003023,F-5
500110101003024,F-5
500110101003025,F-5
500110101003026,F-5
500110101003027,F-5
500110101003028,F-5
500110101003029,F-5
500110101003030,F-5
500110101003031,F-5
500110101003032,F-5
500110101003033,F-5
500110101003034,F-5
500110101003035,F-5
500110101003036,F-5
500110101003037,F-5
500110101003038,F-5
500110101003039,F-5
500110101003040,F-5
500110101003041,F-5
500110101003042,F-5
500110101003043,F-5
500110101003044,F-5
500110101003045,F-5
500110101003046,F-5
500110101003047,F-5
500110101003048,F-5
500110101003049,F-5
500110101003050,F-5
500110101003051,F-5
500110101003052,F-5
500110101003053,F-5
500110101003054,F-5
500110101003055,F-5
500110101003056,F-5
500110101003057,F-5
500110101004000,F-4
500110101004001,F-4
500110101004002,F-4
500110101004003,F-4
500110101004004,F-4
500110101004005,F-4
500110101004006,F-4
500110101004007,F-4
500110101004008,F-4
500110101004009,F-4
500110101004010,F-4
500110101004011,F-4
500110101004012,F-4
500110101004013,F-4
500110101004014,F-4
500110101004015,F-4
500110101004016,F-4
500110101004017,F-4
500110101004018,F-4
500110101004019,F-4
500110101004020,F-4
500110101004021,F-4
500110101004022,F-4
500110101004023,F-4
500110101004024,F-4
500110101004025,F-4
500110101004026,F-4
500110101004027,F-4
500110101004028,F-4
500110101004029,F-4
500110101004030,F-4
500110101004031,F-4
500110101004032,F-4
500110101004033,F-4
500110101004034,F-4
500110101004035,F-4
500110101004036,F-4
500110101004037,F-4
500110101004038,F-4
500110101004039,F-4
500110101004040,F-4
500110101004041,F-4
500110101004042,F-4
500110101004043,F-4
500110101004044,F-4
500110101004045,F-4
500110101004046,F-4
500110101004047,F-4
500110101004048,F-4
500110101004049,F-4
500110101004050,F-4
500110101004051,F-4
500110101004052,F-4
500110101004053,F-4
500110101004054,F-4
500110101004055,F-4
500110101004056,F-4
500110101004057,F-4
500110101004058,F-4
500110101004059,F-4
500110101004060,F-4
500110101004061,F-4
500110101004062,F-4
500110101004063,F-4
500110101004064,F-4
500110101004065,F-4
500110101004066,F-4
500110101004067,F-4
500110101004068,F-4
500110101004069,F-4
500110101004070,F-4
500110101004071,F-4
500110101004072,F-4
500110101004073,F-4
500110101004074,F-4
500110101004075,F-4
500110101004076,F-4
500110101004077,F-4
500110101004078,F-4
500110101004079,F-4
500110101004080,F-4
500110101004081,F-4
500110101004082,F-4
500110101004083,F-4
500110101004084,F-4
500110101004085,F-4
500110101004086,F-4
500110101004087,F-4
500110101004088,F-4
500110101004089,F-4
500110101004090,F-4
500110101004091,F-4
500110101004092,F-4
500110101004093,F-4
500110101004094,F-4
500110101004095,F-4
500110101004096,F-4
500110101004097,F-4
500110101004098,F-4
500110101004099,F-4
500110101004100,F-4
500110101004101,F-4
500110101004102,F-4
500110101004103,F-4
500110101004104,F-4
500110101004105,F-4
500110101004106,F-4
500110101004107,F-4
500110101004108,F-4
500110101004109,F-4
500110101004110,F-4
500110101004111,F-4
500110101004112,F-4
500110101004113,F-4
500110101004114,F-4
500110101004115,F-4
500110101004116,F-4
500110101004117,F-4
500110101004118,F-4
500110101004119,F-4
500110101004120,F-4
500110101004121,F-4
500110101004122,F-4
500110101004123,F-4
500110101004124,F-4
500110101004125,F-4
500110101004126,F-4
500110101005000,F-5
500110101005001,F-5
500110101005002,F-5
500110101005003,F-5
500110101005004,F-5
500110101005005,F-5
500110101005006,F-5
500110101005007,F-5
500110101005008,F-5
500110101005009,F-5
500110101005010,F-5
500110101005011,F-5
500110101005012,F-5
500110101005013,F-5
500110101005014,F-5
500110101005015,F-5
500110101005016,F-5
500110101005017,F-5
500110101005018,F-5
500110101005019,F-5
500110101005020,F-5
500110101005021,F-5
500110101005022,F-5
500110101005023,F-5
500110101005024,F-5
500110101005025,F-5
500110101005026,F-5
500110101005027,F-5
500110101005028,F-5
500110101005029,F-5
500110101005030,F-5
500110101005031,F-5
500110101005032,F-5
500110101005033,F-5
500110101005034,F-5
500110101005035,F-5
500110101005036,F-5
500110101005037,F-5
500110101005038,F-5
500110101005039,F-5
500110101005040,F-5
500110101005041,F-5
500110101005042,F-5
500110101005043,F-5
500110101005044,F-5
500110101005045,F-5
500110101005046,F-5
500110101005047,F-5
500110101005048,F-5
500110101005049,F-5
500110101005050,F-5
500110101005051,F-5
500110101005052,F-5
500110101005053,F-5
500110101005054,F-5
500110101005055,F-5
500110101005056,F-5
500110101005057,F-5
500110101005058,F-5
500110101005059,F-5
500110101005060,F-5
500110101005061,F-5
500110101005062,F-5
500110101005063,F-5
500110101005064,F-5
500110101005065,F-5
500110101005066,F-5
500110101005067,F-5
500110101005068,F-5
500110101005069,F-5
500110101005070,F-5
500110101005071,F-5
500110101005072,F-5
500110101005073,F-5
500110101005074,F-5
500110101005075,F-5
500110101005076,F-5
500110101005077,F-5
500110101005078,F-5
500110101005079,F-5
500110101005080,F-5
500110101005081,F-5
500110102001000,F-5
500110102001001,F-5
500110102001002,F-5
500110102001003,F-5
500110102001004,F-5
500110102001005,F-5
500110102001006,F-5
500110102001007,F-5
500110102001008,F-5
500110102001009,F-5
500110102001010,F-5
500110102001011,F-5
500110102001012,F-5
500110102001013,F-5
500110102001014,F-5
500110102001015,F-5
500110102001016,F-5
500110102001017,F-5
500110102001018,F-5
500110102001019,F-5
500110102001020,F-5
500110102001021,F-5
500110102001022,F-5
500110102001023,F-5
500110102001024,F-5
500110102001025,F-5
500110102001026,F-5
500110102001027,F-5
500110102001028,F-5
500110102001029,F-5
500110102001030,F-5
500110102001031,F-5
500110102001032,F-5
500110102001033,F-5
500110102001034,F-5
500110102001035,F-5
500110102001036,F-5
500110102001037,F-5
500110102001038,F-5
500110102001039,F-5
500110102001040,F-5
500110102001041,F-5
500110102001042,F-5
500110102001043,F-5
500110102001044,F-5
500110102001045,F-5
500110102001046,F-5
500110102001047,F-5
500110102001048,F-5
500110102001049,F-5
500110102001050,F-5
500110102001051,F-5
500110102001052,F-5
500110102001053,F-5
500110102001054,F-5
500110102001055,F-5
500110102001056,F-5
500110102001057,F-5
500110102001058,F-5
500110102001059,F-5
500110102001060,F-5
500110102001061,F-5
500110102001062,F-5
500110102001063,F-5
500110102001064,F-5
500110102001065,F-5
500110102001066,F-5
500110102001067,F-5
500110102001068,F-5
500110102001069,F-5
500110102001070,F-5
500110102001071,F-5
500110102001072,F-5
500110102001073,F-5
500110102001074,F-5
500110102001075,F-5
500110102001076,F-5
500110102001077,F-5
500110102001078,F-5
500110102001079,F-5
500110102001080,F-5
500110102001081,F-5
500110102001082,F-5
500110102001083,F-5
500110102001084,F-5
500110102001085,F-5
500110102001086,F-5
500110102001087,F-5
500110102001088,F-5
500110102001089,F-5
500110102001090,F-5
500110102001091,F-5
500110102001092,F-5
500110102001093,F-5
500110102001094,F-5
500110102001095,F-5
500110102001096,F-5
500110102001097,F-5
500110102001098,F-5
500110102001099,F-5
500110102002000,F-7
500110102002001,F-7
500110102002002,F-7
500110102002003,F-7
500110102002004,F-7
500110102002005,F-7
500110102002006,F-7
500110102002007,F-7
500110102002008,F-7
500110102002009,F-7
500110102002010,F-7
500110102002011,F-7
500110102002012,F-7
500110102002013,F-7
500110102002014,F-7
500110102002015,F-7
500110102002016,F-7
500110102002017,F-7
500110102002018,F-7
500110102002019,F-7
500110102002020,F-7
500110102002021,F-7
500110102002022,F-7
500110102002023,F-7
500110102002024,F-7
500110102002025,F-7
500110102002026,F-7
500110102002027,F-7
500110102002028,F-7
500110102002029,F-7
500110102002030,F-7
500110102002031,F-7
500110102002032,F-7
500110102002033,F-7
500110102002034,F-7
500110102002035,F-7
500110102002036,F-7
500110102002037,F-7
500110102002038,F-7
500110102002039,F-7
500110102003000,F-7
500110102003001,F-7
500110102003002,F-7
500110102003003,F-7
500110102003004,F-7
500110102003005,F-7
500110102003006,F-7
500110102003007,F-7
500110102003008,F-7
500110102003009,F-7
500110102003010,F-7
500110102003011,F-7
500110102003012,F-7
500110102003013,F-7
500110102003014,F-7
500110102003015,F-7
500110102003016,F-7
500110102003017,F-7
500110102003018,F-7
500110102003019,F-7
500110102003020,F-7
500110102003021,F-7
500110102003022,F-7
500110102003023,F-7
500110102003024,F-7
500110102003025,F-7
500110102003026,F-7
500110102003027,F-7
500110102003028,F-7
500110102003029,F-7
500110102003030,F-7
500110102003031,F-7
500110102003032,F-7
500110102003033,F-7
500110102003034,F-7
500110102003035,F-7
500110102003036,F-7
500110102003037,F-7
500110102003038,F-7
500110102003039,F-7
500110102003040,F-7
500110102003041,F-7
500110102003042,F-7
500110102003043,F-7
500110102003044,F-7
500110102003045,F-7
500110102003046,F-7
500110102003047,F-7
500110102003048,F-7
500110102003049,F-7
500110102003050,F-7
500110102003051,F-7
500110102003052,F-7
500110102003053,F-7
500110102003054,F-7
500110102003055,F-7
500110102003056,F-7
500110102003057,F-7
500110102003058,F-7
500110102003059,F-7
500110102003060,F-7
500110102003061,F-7
500110102003062,F-7
500110102003063,F-7
500110102003064,F-7
500110102003065,F-7
500110102003066,F-7
500110102003067,F-7
500110102003068,F-7
500110102003069,F-7
500110102003070,F-7
500110102003071,F-7
500110102003072,F-7
500110102003073,F-7
500110102003074,F-7
500110102003075,F-7
500110102003076,F-7
500110102003077,F-7
500110102003078,F-7
500110102003079,F-7
500110102003080,F-7
500110102003081,F-7
500110102003082,F-7
500110102003083,F-7
500110102003084,F-7
500110102003085,F-7
500110102003086,F-7
500110102003087,F-7
500110102003088,F-7
500110102003089,F-7
500110102003090,F-7
500110102003091,F-7
500110102003092,F-7
500110102003093,F-7
500110102003094,F-7
500110102003095,F-7
500110102003096,F-7
500110102003097,F-7
500110102003098,F-7
500110102003099,F-7
500110102003100,F-7
500110102003101,F-7
500110102003102,F-7
500110102003103,F-7
500110102003104,F-7
500110102003105,F-7
500110102003106,F-7
500110102003107,F-7
500110102003108,F-7
500110102003109,F-7
500110102003110,F-7
500110102003111,F-7
500110102003112,F-7
500110102003113,F-7
500110102003114,F-7
500110102003115,F-7
500110102003116,F-7
500110102003117,F-7
500110102003118,F-7
500110102003119,F-7
500110102003120,F-7
500110102003121,F-7
500110103001000,F-5
500110103001001,F-5
500110103001002,F-5
500110103001003,F-5
500110103001004,F-5
500110103001005,F-5
500110103001006,F-5
500110103001007,F-5
500110103001008,F-5
500110103001009,F-5
500110103001010,F-5
500110103001011,F-5
500110103001012,F-5
500110103001013,F-5
500110103001014,F-5
500110103001015,F-5
500110103001016,F-5
500110103001017,F-5
500110103001018,F-5
500110103001019,F-5
500110103001020,F-5
500110103001021,F-5
500110103001022,F-5
500110103001023,F-5
500110103001024,F-5
500110103001025,F-5
500110103001026,F-5
500110103001027,F-5
500110103001028,F-5
500110103001029,F-5
500110103001030,F-5
500110103001031,F-5
500110103001032,F-5
500110103001033,F-5
500110103001034,F-5
500110103001035,F-5
500110103001036,F-5
500110103001037,F-5
500110103001038,F-5
500110103001039,F-5
500110103001040,F-5
500110103001041,F-5
500110103001042,F-5
500110103001043,F-5
500110103001044,F-5
500110103001045,F-5
500110103002000,F-5
500110103002001,F-5
500110103002002,F-5
500110103002003,F-5
500110103002004,F-5
500110103002005,F-5
500110103002006,F-5
500110103002007,F-5
500110103002008,F-5
500110103002009,F-5
500110103002010,F-5
500110103002011,F-5
500110103002012,F-5
500110103002013,F-5
500110103002014,F-5
500110103002015,F-5
500110103002016,F-5
500110103002017,F-5
500110103002018,F-5
500110103002019,F-5
500110103002020,F-5
500110103002021,F-5
500110103002022,F-5
500110103002023,F-5
500110103002024,F-5
500110103002025,F-5
500110103002026,F-5
500110103002027,F-5
500110103002028,F-5
500110103002029,F-5
500110103002030,F-5
500110103002031,F-5
500110103002032,F-5
500110103002033,F-5
500110103002034,F-5
500110103002035,F-5
500110103002036,F-5
500110103002037,F-5
500110103002038,F-5
500110103002039,F-5
500110103002040,F-5
500110103002041,F-5
500110103002042,F-5
500110103002043,F-5
500110103002044,F-5
500110103002045,F-5
500110103002046,F-5
500110103002047,F-5
500110103002048,F-5
500110103002049,F-5
500110103002050,F-5
500110103002051,F-5
500110103002052,F-5
500110103002053,F-5
500110103002054,F-5
500110103002055,F-5
500110103002056,F-5
500110103002057,F-5
500110103002058,F-5
500110103002059,F-5
500110103002060,F-5
500110103002061,F-5
500110103002062,F-5
500110103002063,F-5
500110103002064,F-5
500110103002065,F-5
500110103002066,F-5
500110103002067,F-5
500110103002068,F-5
500110103002069,F-5
500110103003000,F-7
500110103003001,F-7
500110103003002,F-7
500110103003003,F-7
500110103003004,F-7
500110103003005,F-7
500110103003006,F-7
500110103003007,F-7
500110103003008,F-7
500110103003009,F-7
500110103003010,F-7
500110103003011,F-7
500110103003012,F-7
500110103003013,F-7
500110103003014,F-7
500110103003015,F-7
500110103003016,F-7
500110103003017,F-7
500110103003018,F-7
500110103003019,F-7
500110103003020,F-7
500110103003021,F-7
500110103003022,F-7
500110103003023,F-7
500110103003024,F-7
500110103003025,F-7
500110103003026,F-7
500110103003027,F-7
500110103003028,F-7
500110103003029,F-7
500110103003030,F-7
500110103003031,F-7
500110103003032,F-7
500110103003033,F-7
500110103003034,F-7
500110103003035,F-7
500110103003036,F-7
500110103003037,F-7
500110103003038,F-7
500110103003039,F-7
500110103003040,F-7
500110103003041,F-7
500110103003042,F-7
500110103003043,F-7
500110103003044,F-7
500110103003045,F-7
500110103003046,F-7
500110103003047,F-7
500110103003048,F-7
500110103003049,F-7
500110103003050,F-7
500110103003051,F-7
500110103003052,F-7
500110103003053,F-7
500110103003054,F-7
500110103003055,F-7
500110103003056,F-7
500110103003057,F-7
500110104001000,F-6
500110104001001,F-6
500110104001002,F-6
500110104001003,F-6
500110104001004,F-6
500110104001005,F-6
500110104001006,F-6
500110104001007,F-6
500110104001008,F-6
500110104001009,F-6
500110104001010,F-6
500110104001011,F-6
500110104001012,F-6
500110104001013,F-6
500110104001014,F-6
500110104001015,F-6
500110104001016,F-6
500110104001017,F-6
500110104001018,F-6
500110104001019,F-6
500110104001020,F-6
500110104001021,F-6
500110104001022,F-6
500110104001023,F-6
500110104001024,F-6
500110104001025,F-6
500110104001026,F-6
500110104001027,F-6
500110104001028,F-6
500110104001029,F-6
500110104001030,F-6
500110104001031,F-6
500110104001032,F-6
500110104001033,F-6
500110104001034,F-6
500110104001035,F-6
500110104001036,F-6
500110104001037,F-6
500110104001038,F-6
500110104001039,F-6
500110104001040,F-6
500110104001041,F-6
500110104001042,F-6
500110104001043,F-6
500110104001044,F-6
500110104001045,F-6
500110104001046,F-6
500110104001047,F-6
500110104001048,F-6
500110104001049,F-6
500110104001050,F-6
500110104001051,F-6
500110104001052,F-6
500110104001053,F-6
500110104001054,F-6
500110104001055,F-6
500110104001056,F-6
500110104001057,F-6
500110104001058,F-6
500110104001059,F-6
500110104001060,F-6
500110104001061,F-6
500110104001062,F-6
500110104001063,F-6
500110104001064,F-6
500110104001065,F-6
500110104001066,F-6
500110104001067,F-6
500110104001068,F-6
500110104001069,F-6
500110104001070,F-6
500110104001071,F-6
500110104001072,F-6
500110104001073,F-6
500110104001074,F-6
500110104001075,F-6
500110104001076,F-6
500110104001077,F-6
500110104001078,F-6
500110104001079,F-6
500110104001080,F-6
500110104002000,F-6
500110104002001,F-6
500110104002002,F-6
500110104002003,F-6
500110104002004,F-6
500110104002005,F-6
500110104002006,F-6
500110104002007,F-6
500110104002008,F-6
500110104002009,F-6
500110104002010,F-6
500110104002011,F-6
500110104002012,F-6
500110104002013,F-6
500110104002014,F-6
500110104002015,F-6
500110104002016,F-6
500110104002017,F-6
500110104002018,F-6
500110104002019,F-6
500110104002020,F-6
500110104002021,F-6
500110104002022,F-6
500110104002023,F-6
500110104002024,F-6
500110104002025,F-6
500110104002026,F-6
500110104002027,F-6
500110104002028,F-6
500110104002029,F-6
500110104002030,F-6
500110104002031,F-6
500110104002032,F-6
500110104002033,F-6
500110104002034,F-6
500110104002035,F-6
500110104002036,F-6
500110104002037,F-6
500110104002038,F-6
500110104002039,F-6
500110104002040,F-6
500110104002041,F-6
500110104002042,F-6
500110104002043,F-6
500110104002044,F-6
500110104002045,F-6
500110104002046,F-6
500110104002047,F-6
500110104002048,F-6
500110104002049,F-6
500110104002050,F-6
500110104002051,F-6
500110104002052,F-6
500110104002053,F-6
500110104002054,F-6
500110104002055,F-6
500110104002056,F-6
500110104002057,F-6
500110104002058,F-6
500110104002059,F-6
500110104002060,F-6
500110104002061,F-6
500110104002062,F-6
500110104002063,F-6
500110104002064,F-6
500110104002065,F-6
500110104002066,F-6
500110104002067,F-6
500110104002068,F-6
500110104003000,F-6
500110104003001,F-6
500110104003002,F-6
500110104003003,F-6
500110104003004,F-6
500110104003005,F-6
500110104003006,F-6
500110104003007,F-6
500110104003008,F-6
500110104003009,F-6
500110104003010,F-6
500110104003011,F-6
500110104003012,F-6
500110104003013,F-6
500110104003014,F-6
500110104003015,F-6
500110104003016,F-6
500110104003017,F-6
500110104003018,F-6
500110104003019,F-6
500110104003020,F-6
500110104003021,F-6
500110104003022,F-6
500110104003023,F-6
500110104003024,F-6
500110104003025,F-6
500110104003026,F-6
500110104003027,F-6
500110104003028,F-6
500110104003029,F-6
500110104003030,F-6
500110104003031,F-6
500110104003032,F-6
500110104003033,F-6
500110104003034,F-6
500110104003035,F-6
500110104003036,F-6
500110104003037,F-6
500110104003038,F-6
500110104003039,F-6
500110104003040,F-6
500110104003041,F-6
500110104003042,F-6
500110104003043,F-6
500110104003044,F-6
500110104003045,F-6
500110104003046,F-6
500110104003047,F-6
500110104003048,F-6
500110104003049,F-6
500110104003050,F-6
500110104003051,F-6
500110104003052,F-6
500110104003053,F-6
500110104003054,F-6
500110104003055,F-6
500110104003056,F-6
500110104003057,F-6
500110104003058,F-6
500110104003059,F-6
500110104003060,F-6
500110104003061,F-6
500110104003062,F-6
500110104003063,F-6
500110104003064,F-6
500110104003065,F-6
500110104003066,F-6
500110104003067,F-6
500110104003068,F-6
500110104003069,F-6
500110104003070,F-6
500110104003071,F-6
500110104003072,F-6
500110104003073,F-6
500110104003074,F-6
500110104003075,F-6
500110104003076,F-6
500110104003077,F-6
500110104003078,F-6
500110104003079,F-6
500110104003080,F-6
500110104003081,F-6
500110105001000,F-4
500110105001001,F-4
500110105001002,F-4
500110105001003,F-4
500110105001004,F-4
500110105001005,F-4
500110105001006,F-4
500110105001007,F-4
500110105001008,F-4
500110105001009,F-4
500110105001010,F-4
500110105001011,F-4
500110105001012,F-4
500110105001013,F-4
500110105001014,F-4
500110105001015,F-4
500110105001016,F-4
500110105001017,F-4
500110105001018,F-4
500110105001019,F-4
500110105001020,F-4
500110105001021,F-4
500110105001022,F-4
500110105001023,F-4
500110105001024,F-4
500110105001025,F-4
500110105001026,F-4
500110105001027,F-4
500110105001028,F-4
500110105001029,F-4
500110105001030,F-4
500110105001031,F-4
500110105001032,F-4
500110105001033,F-4
500110105001034,F-4
500110105001035,F-4
500110105001036,F-4
500110105001037,F-4
500110105001038,F-4
500110105001039,F-4
500110105001040,F-4
500110105001041,F-4
500110105001042,F-4
500110105001043,F-4
500110105002000,F-4
500110105002001,F-4
500110105002002,F-4
500110105002003,F-4
500110105002004,F-4
500110105002005,F-4
500110105002006,F-4
500110105002007,F-4
500110105002008,F-4
500110105002009,F-4
500110105002010,F-4
500110105002011,F-4
500110105002012,F-4
500110105002013,F-4
500110105002014,F-4
500110105002015,F-4
500110105002016,F-4
500110105002017,F-4
500110105002018,F-4
500110105002019,F-4
500110105002020,F-4
500110105002021,F-4
500110105002022,F-4
500110105002023,F-4
500110105002024,F-4
500110105002025,F-4
500110105002026,F-4
500110105002027,F-4
500110105002028,F-4
500110105002029,F-4
500110105002030,F-4
500110105002031,F-4
500110105002032,F-4
500110105002033,F-4
500110105002034,F-4
500110105002035,F-4
500110105002036,F-4
500110105002037,F-4
500110105002038,F-4
500110105002039,F-4
500110105002040,F-4
500110105002041,F-4
500110105002042,F-4
500110105002043,F-4
500110105002044,F-4
500110105002045,F-4
500110105002046,F-4
500110105002047,F-4
500110105002048,F-4
500110105002049,F-4
500110105002050,F-4
500110105002051,F-4
500110105002052,F-4
500110105002053,F-4
500110105002054,F-4
500110105002055,F-4
500110105002056,F-4
500110105002057,F-4
500110105002058,F-4
500110105002059,F-4
500110105002060,F-4
500110105002061,F-4
500110105003000,F-4
500110105003001,F-4
500110105003002,F-4
500110105003003,F-4
500110105003004,F-4
500110105003005,F-4
500110105003006,F-4
500110105003007,F-4
500110105003008,F-4
500110105003009,F-4
500110105003010,F-4
500110105003011,F-4
500110105003012,F-4
500110105003013,F-4
500110105003014,F-4
500110105003015,F-4
500110105003016,F-4
500110105003017,F-4
500110105003018,F-4
500110105003019,F-4
500110105003020,F-4
500110105003021,F-4
500110105003022,F-4
500110105003023,F-4
500110105003024,F-4
500110105003025,F-4
500110105003026,F-4
500110105003027,F-4
500110105003028,F-4
500110105003029,F-4
500110105003030,F-4
500110105003031,F-4
500110105003032,F-4
500110105003033,F-4
500110105003034,F-4
500110105003035,F-4
500110105003036,F-4
500110105003037,F-4
500110105003038,F-4
500110105003039,F-4
500110105003040,F-4
500110105003041,F-4
500110105003042,F-4
500110105003043,F-4
500110105003044,F-4
500110105003045,F-4
500110105003046,F-4
500110105003047,F-4
500110105003048,F-4
500110105003049,F-4
500110105003050,F-4
500110105003051,F-4
500110105003052,F-4
500110105003053,F-4
500110105003054,F-4
500110105003055,F-4
500110105003056,F-4
500110105003057,F-4
500110105004000,F-4
500110105004001,F-4
500110105004002,F-4
500110105004003,F-4
500110105004004,F-4
500110105004005,F-4
500110105004006,F-4
500110105004007,F-4
500110105004008,F-4
500110105004009,F-4
500110105004010,F-4
500110105004011,F-4
500110105004012,F-4
500110105004013,F-4
500110105004014,F-4
500110105004015,F-4
500110105004016,F-4
500110105004017,F-4
500110105004018,F-4
500110105004019,F-4
500110105004020,F-4
500110105004021,F-4
500110105004022,F-4
500110105004023,F-4
500110105004024,F-4
500110105004025,F-4
500110105004026,F-4
500110105004027,F-4
500110105004028,F-4
500110105004029,F-4
500110105004030,F-4
500110105004031,F-4
500110105004032,F-4
500110105004033,F-4
500110105004034,F-4
500110105004035,F-4
500110105004036,F-4
500110105004037,F-4
500110105004038,F-4
500110105004039,F-4
500110105004040,F-4
500110105004041,F-4
500110105004042,F-4
500110105004043,F-4
500110105004044,F-4
500110105004045,F-4
500110105004046,F-4
500110105004047,F-4
500110105004048,F-4
500110105004049,F-4
500110105004050,F-4
500110105004051,F-4
500110105004052,F-4
500110105004053,F-4
500110105004054,F-4
500110105004055,F-4
500110105004056,F-4
500110105004057,F-4
500110105004058,F-4
500110105004059,F-4
500110105004060,F-4
500110105004061,F-4
500110105004062,F-4
500110105005000,F-4
500110105005001,F-4
500110105005002,F-4
500110105005003,F-4
500110105005004,F-4
500110105005005,F-4
500110105005006,F-4
500110105005007,F-4
500110105005008,F-4
500110105005009,F-4
500110105005010,F-4
500110105005011,F-4
500110105005012,F-4
500110105005013,F-4
500110105005014,F-4
500110105005015,F-4
500110105005016,F-4
500110105005017,F-4
500110105005018,F-4
500110105005019,F-4
500110105005020,F-4
500110105005021,F-4
500110105005022,F-4
500110105005023,F-4
500110105005024,F-4
500110105005025,F-4
500110105005026,F-4
500110105005027,F-4
500110105005028,F-4
500110105005029,F-4
500110105005030,F-4
500110105005031,F-4
500110105005032,F-4
500110105005033,F-4
500110105005034,F-4
500110105005035,F-4
500110105005036,F-4
500110105005037,F-4
500110105005038,F-4
500110105005039,F-4
500110105005040,F-4
500110105005041,F-4
500110105005042,F-4
500110105005043,F-4
500110105005044,F-4
500110105005045,F-4
500110105005046,F-4
500110105005047,F-4
500110105005048,F-4
500110105005049,F-4
500110105005050,F-4
500110105005051,F-4
500110105005052,F-4
500110105005053,F-4
500110105005054,F-4
500110105005055,F-4
500110105005056,F-4
500110105005057,F-4
500110105005058,F-4
500110105005059,F-4
500110105005060,F-4
500110105005061,F-4
500110105005062,F-4
500110105005063,F-4
500110105005064,F-4
500110105005065,F-4
500110105005066,F-4
500110105005067,F-4
500110105005068,F-4
500110105005069,F-4
500110105005070,F-4
500110105005071,F-4
500110105005072,F-4
500110105005073,F-4
500110105005074,F-4
500110105005075,F-4
500110105005076,F-4
500110105005077,F-4
500110105005078,F-4
500110105005079,F-4
500110105005080,F-4
500110105005081,F-4
500110105005082,F-4
500110105005083,F-4
500110105005084,F-4
500110105005085,F-4
500110105005086,F-4
500110105005087,F-4
500110107001000,F31
500110107001001,F31
500110107001002,F31
500110107001003,F31
500110107001004,F31
500110107001005,F31
500110107001006,F31
500110107001007,F31
500110107001008,F31
500110107001009,F31
500110107001010,F31
500110107001011,F31
500110107001012,F31
500110107001013,F31
500110107001014,F31
500110107001015,F31
500110107001016,F31
500110107001017,F31
500110107001018,F31
500110107001019,F31
500110107001020,F31
500110107001021,F31
500110107001022,F31
500110107002000,F31
500110107002001,F31
500110107002002,F31
500110107002003,F31
500110107002004,F31
500110107002005,F31
500110107002006,F31
500110107002007,F31
500110107002008,F31
500110107002009,F31
500110107002010,F31
500110107002011,F31
500110107002012,F31
500110107002013,F31
500110107003000,F31
500110107003001,F31
500110107003002,F31
500110107003003,F31
500110107003004,F31
500110107003005,F31
500110107003006,F31
500110107003007,F31
500110107003008,F31
500110107003009,F31
500110107003010,F31
500110107004000,F31
500110107004001,F31
500110107004002,F31
500110107004003,F31
500110107004004,F31
500110107004005,F31
500110107004006,F31
500110107004007,F31
500110107004008,F31
500110107004009,F31
500110107004010,F31
500110107004011,F31
500110107004012,F31
500110107004013,F31
500110108001000,F31
500110108001001,F31
500110108001002,F31
500110108001003,F31
500110108001004,F31
500110108001005,F31
500110108001006,F31
500110108001007,F31
500110108001008,F31
500110108001009,F31
500110108001010,F31
500110108001011,F31
500110108001012,F31
500110108002000,F31
500110108002001,F31
500110108002002,F31
500110108002003,F31
500110108002004,F31
500110108002005,F31
500110108002006,F31
500110108002007,F31
500110108002008,F31
500110108002009,F31
500110108002010,F31
500110108002011,F31
500110108002012,F31
500110108002013,F31
500110108002014,F31
500110108003000,F31
500110108003001,F31
500110108003002,F31
500110108003003,F31
500110108003004,F31
500110108003005,F31
500110108003006,F31
500110108003007,F31
500110108003008,F31
500110108003009,F31
500110108003010,F31
500110108003011,F31
500110108003012,F31
500110108003013,F31
500110108003014,F31
500110108003015,F31
500110108003016,F31
500110108004000,F31
500110108004001,F31
500110108004002,F31
500110108004003,F31
500110108004004,F31
500110108004005,F31
500110108004006,F31
500110108004007,F31
500110108004008,F31
500110108004009,F31
500110108004010,F31
500110108004011,F31
500110108004012,F31
500110108004013,F31
500110108004014,F31
500110109001000,F-1
500110109001001,F-1
500110109001002,F-1
500110109001003,F-1
500110109001004,F-1
500110109001005,F-1
500110109001006,F-1
500110109001007,F-1
500110109001008,F-1
500110109001009,F-1
500110109001010,F-1
500110109001011,F-1
500110109001012,F-1
500110109001013,F-1
500110109001014,F-1
500110109001015,F-1
500110109001016,F-1
500110109001017,F-1
500110109001018,F-1
500110109001019,F-1
500110109001020,F-1
500110109001021,F-1
500110109001022,F-1
500110109001023,F-1
500110109001024,F-1
500110109001025,F-1
500110109001026,F-1
500110109001027,F-1
500110109001028,F-1
500110109001029,F-1
500110109001030,F-1
500110109001031,F-1
500110109001032,F-1
500110109001033,F-1
500110109001034,F-1
500110109001035,F-1
500110109001036,F-1
500110109001037,F-1
500110109001038,F-1
500110109001039,F-1
500110109001040,F-1
500110109002000,F-1
500110109002001,F-1
500110109002002,F-1
500110109002003,F-1
500110109002004,F-1
500110109002005,F-1
500110109002006,F-1
500110109002007,F-1
500110109002008,F-1
500110109002009,F-1
500110109002010,F-1
500110109002011,F-1
500110109002012,F-1
500110109002013,F-1
500110109002014,F-1
500110109002015,F-1
500110109002016,F-1
500110109002017,F-1
500110109002018,F-1
500110109002019,F-1
500110109002020,F-1
500110109002021,F-1
500110109002022,F-1
500110109002023,F-1
500110109002024,F-1
500110109002025,F-1
500110109002026,F-1
500110109002027,F-1
500110109002028,F-1
500110109002029,F-1
500110109002030,F-1
500110109002031,F-1
500110109002032,F-1
500110109002033,F-1
500110109002034,F-1
500110109002035,F-1
500110109002036,F-1
500110109002037,F-1
500110109002038,F-1
500110109002039,F-1
500110109002040,F-1
500110109002041,F-1
500110109002042,F-1
500110109002043,F-1
500110109002044,F-1
500110109002045,F-1
500110109002046,F-1
500110109002047,F-1
500110109002048,F-1
500110109002049,F-1
500110109002050,F-1
500110109002051,F-1
500110109002052,F-1
500110109002053,F-1
500110109002054,F-1
500110109002055,F-1
500110109002056,F-1
500110109002057,F-1
500110109002058,F-1
500110109002059,F-1
500110109002060,F-1
500110109002061,F-1
500110109002062,F-1
500110109003000,F-1
500110109003001,F-1
500110109003002,F-1
500110109003003,F-1
500110109003004,F-1
500110109003005,F-1
500110109003006,F-1
500110109003007,F-1
500110109003008,F-1
500110109003009,F-1
500110109003010,F-1
500110109003011,F-1
500110109003012,F-1
500110109003013,F-1
500110109003014,F-1
500110109003015,F-1
500110109003016,F-1
500110109003017,F-1
500110109003018,F-1
500110109003019,F-1
500110109003020,F-1
500110109003021,F-1
500110109003022,F-1
500110109003023,F-1
500110109003024,F-1
500110109003025,F-1
500110109003026,F-1
500110109003027,F-1
500110109003028,F-1
500110109003029,F-1
500110109003030,F-1
500110109003031,F-1
500110109003032,F-1
500110109003033,F-1
500110109003034,F-1
500110109003035,F-1
500110109003036,F-1
500110109003037,F-1
500110109003038,F-1
500110109003039,F-1
500110109003040,F-1
500110109003041,F-1
500110109003042,F-1
500110109003043,F-1
500110109003044,F-1
500110109003045,F-1
500110109003046,F-1
500110109003047,F-1
500110109003048,F-1
500110109003049,F-1
500110109003050,F-1
500110109003051,F-1
500110109003052,F-1
500110109003053,F-1
500110109003054,F-1
500110109003055,F-1
500110109003056,F-1
500110109003057,F-1
500110109003058,F-1
500110109003059,F-1
500110109003060,F-1
500110109003061,F-1
500110109003062,F-1
500110109003063,F-1
500110109003064,F-1
500110109003065,F-1
500110109003066,F-1
500110109003067,F-1
500110109003068,F-1
500110109003069,F-1
500110109003070,F-1
500110109003071,F-1
500110109003072,F-1
500110109003073,F-1
500110110001000,F-2
500110110001001,F-2
500110110001002,F-2
500110110001003,F-2
500110110001004,F-2
500110110001005,F-2
500110110001006,F-2
500110110001007,F-2
500110110001008,F-2
500110110001009,F-2
500110110001010,F-2
500110110001011,F-2
500110110001012,F-2
500110110001013,F-2
500110110001014,F-2
500110110001015,F-2
500110110001016,F-2
500110110001017,F-2
500110110001018,F-2
500110110001019,F-2
500110110001020,F-2
500110110001021,F-2
500110110001022,F-2
500110110001023,F-2
500110110001024,F-2
500110110001025,F-2
500110110001026,F-2
500110110001027,F-2
500110110001028,F-2
500110110001029,F-2
500110110001030,F-2
500110110001031,F-2
500110110001032,F-2
500110110001033,F-2
500110110001034,F-2
500110110001035,F-2
500110110001036,F-2
500110110001037,F-2
500110110001038,F-2
500110110001039,F-2
500110110001040,F-2
500110110001041,F-2
500110110001042,F-2
500110110001043,F-2
500110110001044,F-2
500110110001045,F-2
500110110001046,F-2
500110110001047,F-2
500110110001048,F-2
500110110001049,F-2
500110110001050,F-2
500110110001051,F-2
500110110001052,F-2
500110110001053,F-2
500110110001054,F-2
500110110001055,F-2
500110110001056,F-2
500110110001057,F-2
500110110001058,F-2
500110110001059,F-2
500110110001060,F-2
500110110001061,F-2
500110110001062,F-2
500110110001063,F-2
500110110001064,F-2
500110110001065,F-2
500110110002000,F-2
500110110002001,F-2
500110110002002,F-2
500110110002003,F-2
500110110002004,F-2
500110110002005,F-2
500110110002006,F-2
500110110002007,F-2
500110110002008,F-2
500110110002009,F-2
500110110002010,F-2
500110110002011,F-2
500110110002012,F-2
500110110002013,F-2
500110110002014,F-2
500110110002015,F-2
500110110002016,F-2
500110110002017,F-2
500110110002018,F-2
500110110002019,F-2
500110110002020,F-2
500110110002021,F-2
500110110002022,F-2
500110110002023,F-2
500110110002024,F-2
500110110002025,F-2
500110110002026,F-2
500110110002027,F-2
500110110002028,F-2
500110110002029,F-2
500110110002030,F-2
500110110002031,F-2
500110110002032,F-2
500110110002033,F-2
500110110002034,F-2
500110110002035,F-2
500110110002036,F-2
500110110002037,F-2
500110110002038,F-2
500110110002039,F-2
500110110002040,F-2
500110110002041,F-2
500110110002042,F-2
500110110002043,F-2
500110110002044,F-2
500110110002045,F-2
500110110002046,F-2
500110110002047,F-2
500110110002048,F-2
500110110002049,F-2
500110110002050,F-2
500110110002051,F-2
500110110002052,F-2
500110110002053,F-2
500110110002054,F-2
500110110002055,F-2
500110110002056,F-2
500110110002057,F-2
500110110002058,F-2
500110110002059,F-2
500110110002060,F-2
500110110002061,F-2
500110110002062,F-2
500110110002063,F-2
500110110002064,F-2
500110110002065,F-2
500110110002066,F-2
500110110002067,F-2
500110110002068,F-2
500110110002069,F-2
500110110002070,F-2
500110110002071,F-2
500110110002072,F-2
500110110002073,F-2
500110110002074,F-2
500110110002075,F-2
500110110002076,F-2
500110110002077,F-2
500110110002078,F-2
500110110002079,F-2
500110110002080,F-2
500110110002081,F-2
500110110002082,F-2
500110110002083,F-2
500110110002084,F-2
500110110002085,F-2
500110110002086,F-2
500110110002087,F-2
500110110002088,F-2
500110110002089,F-2
500110110002090,F-2
500110110002091,F-2
500110110002092,F-2
500110110002093,F-2
500110110002094,F-2
500110110002095,F-2
500110110002096,F-2
500110110002097,F-2
500110110002098,F-2
500110110002099,F-2
500110110002100,F-2
500110110002101,F-2
500110110002102,F-2
500110110002103,F-2
500110110002104,F-2
500110110002105,F-2
500110110002106,F-2
500110110002107,F-2
500110110002108,F-2
500110110002109,F-2
500110110002110,F-2
500110110002111,F-2
500110110002112,F-2
500110110002113,F-2
500110110002114,F-2
500110110002115,F-2
500110110002116,F-2
500110110002117,F-2
500110110002118,F-2
500110110002119,F-2
500110110002120,F-2
500110110003000,F-6
500110110003001,F-6
500110110003002,F-6
500110110003003,F-6
500110110003004,F-6
500110110003005,F-6
500110110003006,F-6
500110110003007,F-6
500110110003008,F-6
500110110003009,F-6
500110110003010,F-6
500110110003011,F-6
500110110003012,F-6
500110110003013,F-6
500110110003014,F-6
500110110003015,F-6
500110110003016,F-6
500110110003017,F-6
500110110003018,F-6
500110110003019,F-6
500110110003020,F-6
500110110003021,F-6
500110110003022,F-6
500110110003023,F-6
500110110003024,F-6
500110110003025,F-6
500110110003026,F-6
500110110003027,F-6
500110110003028,F-6
500110110003029,F-6
500110110003030,F-6
500110110003031,F-6
500110110003032,F-6
500110110003033,F-6
500110110003034,F-6
500110110003035,F-6
500110110003036,F-6
500110110003037,F-6
500110110003038,F-6
500110110003039,F-6
500110110003040,F-6
500110110003041,F-6
500110110003042,F-6
500110110003043,F-6
500110110003044,F-6
500110110003045,F-6
500110110003046,F-6
500110110003047,F-6
500110110003048,F-6
500110110003049,F-6
500110110003050,F-6
500110110003051,F-6
500110110003052,F-6
500110110003053,F-6
500130201001000,GIC
500130201001001,GIC
500130201001002,GIC
500130201001003,GIC
500130201001004,GIC
500130201001005,GIC
500130201001006,GIC
500130201001007,GIC
500130201001008,GIC
500130201001009,GIC
500130201001010,GIC
500130201001011,GIC
500130201001012,GIC
500130201001013,GIC
500130201001014,GIC
500130201001015,GIC
500130201001016,GIC
500130201001017,GIC
500130201001018,GIC
500130201001019,GIC
500130201001020,GIC
500130201001021,GIC
500130201001022,GIC
500130201001023,GIC
500130201001024,GIC
500130201001025,GIC
500130201001026,GIC
500130201001027,GIC
500130201001028,GIC
500130201001029,GIC
500130201001030,GIC
500130201001031,GIC
500130201001032,GIC
500130201001033,GIC
500130201001034,GIC
500130201001035,GIC
500130201001036,GIC
500130201001037,GIC
500130201001038,GIC
500130201001039,GIC
500130201001040,GIC
500130201001041,GIC
500130201001042,GIC
500130201001043,GIC
500130201001044,GIC
500130201001045,GIC
500130201001046,GIC
500130201001047,GIC
500130201001048,GIC
500130201001049,GIC
500130201001050,GIC
500130201001051,GIC
500130201001052,GIC
500130201001053,GIC
500130201001054,GIC
500130201001055,GIC
500130201001056,GIC
500130201001057,GIC
500130201001058,GIC
500130201001059,GIC
500130201001060,GIC
500130201001061,GIC
500130201001062,GIC
500130201001063,GIC
500130201001064,GIC
500130201001065,GIC
500130201001066,GIC
500130201001067,GIC
500130201001068,GIC
500130201001069,GIC
500130201001070,GIC
500130201001071,GIC
500130201004000,GIC
500130201004001,GIC
500130201004002,GIC
500130201004003,GIC
500130201004004,GIC
500130201004005,GIC
500130201004006,GIC
500130201004007,GIC
500130201004008,GIC
500130201004009,GIC
500130201004010,GIC
500130201004011,GIC
500130201004012,GIC
500130201004013,GIC
500130201004014,GIC
500130201004015,GIC
500130201004016,GIC
500130201004017,GIC
500130201004018,GIC
500130201004019,GIC
500130201004020,GIC
500130201004021,GIC
500130201004022,GIC
500130201004023,GIC
500130201004024,GIC
500130201004025,GIC
500130201004026,GIC
500130201004027,GIC
500130201004028,GIC
500130201004029,GIC
500130201004030,GIC
500130201004031,GIC
500130201004032,GIC
500130201004033,GIC
500130201004034,GIC
500130201004035,GIC
500130201004036,GIC
500130201004037,GIC
500130201004038,GIC
500130201004039,GIC
500130201004040,GIC
500130201004041,GIC
500130201004042,GIC
500130201004043,GIC
500130201004044,GIC
500130201004045,GIC
500130201004046,GIC
500130201004047,GIC
500130201004048,GIC
500130201004049,GIC
500130201004050,GIC
500130201004051,GIC
500130201004052,GIC
500130201004053,GIC
500130201004054,GIC
500130201004055,GIC
500130201004056,GIC
500130201004057,GIC
500130201004058,GIC
500130201004059,GIC
500130201004060,GIC
500130201004061,GIC
500130201004062,GIC
500130201004063,GIC
500130201004064,GIC
500130201004065,GIC
500130201004066,GIC
500130201004067,GIC
500130201004068,GIC
500130201004069,GIC
500130201004070,GIC
500130201004071,GIC
500130201004072,GIC
500130201004073,GIC
500130201004074,GIC
500130201004075,GIC
500130201004076,GIC
500130201004077,GIC
500130201004078,GIC
500130201002000,GIC
500130201002001,GIC
500130201002002,GIC
500130201002003,GIC
500130201002004,GIC
500130201002005,GIC
500130201002006,GIC
500130201002007,GIC
500130201002008,GIC
500130201002009,GIC
500130201002010,GIC
500130201002011,GIC
500130201002012,GIC
500130201002013,GIC
500130201002014,GIC
500130201002015,GIC
500130201002016,GIC
500130201002017,GIC
500130201002018,GIC
500130201002019,GIC
500130201002020,GIC
500130201002021,GIC
500130201002022,GIC
500130201002023,GIC
500130201002024,GIC
500130201002025,GIC
500130201002026,GIC
500130201002027,GIC
500130201002028,GIC
500130201003000,GIC
500130201003001,GIC
500130201003002,GIC
500130201003003,GIC
500130201003004,GIC
500130201003005,GIC
500130201003006,GIC
500130201003007,GIC
500130201003008,GIC
500130201003009,GIC
500130201003010,GIC
500130201003011,GIC
500130201003012,GIC
500130201003013,GIC
500130201003014,GIC
500130201003015,GIC
500130201003016,GIC
500130201003017,GIC
500130201003018,GIC
500130201003019,GIC
500130201003020,GIC
500130201003021,GIC
500130201003022,GIC
500130201003023,GIC
500130201003024,GIC
500130201003025,GIC
500130201003026,GIC
500130201003027,GIC
500130201003028,GIC
500130201003029,GIC
500130201003030,GIC
500130201003031,GIC
500130201003032,GIC
500130201003033,GIC
500130201003034,GIC
500130201003035,GIC
500130201003036,GIC
500130201003037,GIC
500130201003038,GIC
500130201003039,GIC
500130201003040,GIC
500130201003041,GIC
500130201003042,GIC
500130201003043,GIC
500130201003044,GIC
500130201003045,GIC
500130201003046,GIC
500130201003047,GIC
500130201003048,GIC
500130201003049,GIC
500130201003050,GIC
500130201003051,GIC
500130201003052,GIC
500130201003053,GIC
500130201003054,GIC
500130201003055,GIC
500130201003056,GIC
500130201003057,GIC
500130201003058,GIC
500130201003059,GIC
500130201003060,GIC
500130201003061,GIC
500130201003062,GIC
500130201003063,GIC
500130201003064,GIC
500130201003065,GIC
500130201003066,GIC
500130201003067,GIC
500130201003068,GIC
500130201003069,GIC
500130201003070,GIC
500130202001000,GIC
500130202001001,GIC
500130202001002,GIC
500130202001003,GIC
500130202001004,GIC
500130202001005,GIC
500130202001006,GIC
500130202001007,GIC
500130202001008,GIC
500130202001009,GIC
500130202001010,GIC
500130202001011,GIC
500130202001012,GIC
500130202001013,GIC
500130202001014,GIC
500130202001015,GIC
500130202001016,GIC
500130202001017,GIC
500130202001018,GIC
500130202001019,GIC
500130202001020,GIC
500130202001021,GIC
500130202001022,GIC
500130202001023,GIC
500130202001024,GIC
500130202001025,GIC
500130202001026,GIC
500130202001027,GIC
500130202001028,GIC
500130202001029,GIC
500130202001030,GIC
500130202001031,GIC
500130202001032,GIC
500130202001033,GIC
500130202001034,GIC
500130202001035,GIC
500130202001036,GIC
500130202001037,GIC
500130202001038,GIC
500130202001039,GIC
500130202002000,GIC
500130202002001,GIC
500130202002002,GIC
500130202002003,GIC
500130202002004,GIC
500130202002005,GIC
500130202002006,GIC
500130202002007,GIC
500130202002008,GIC
500130202002009,GIC
500130202002010,GIC
500130202002011,GIC
500130202002012,GIC
500130202002013,GIC
500130202002014,GIC
500130202002015,GIC
500130202002016,GIC
500130202002017,GIC
500130202002018,GIC
500130202002019,GIC
500130202002020,GIC
500130202002021,GIC
500130202002022,GIC
500130202002023,GIC
500130202002024,GIC
500130202002025,GIC
500130202002026,GIC
500130202002027,GIC
500130202002028,GIC
500130202002029,GIC
500130202002030,GIC
500130202002031,GIC
500130202002032,GIC
500130202002033,GIC
500130202002034,GIC
500130202002035,GIC
500130202002036,GIC
500130202002037,GIC
500130202002038,GIC
500130202002039,GIC
500130202002040,GIC
500130202002041,GIC
500130202002042,GIC
500130202002043,GIC
500130202002044,GIC
500130202002045,GIC
500130202002046,GIC
500130202002047,GIC
500130202002048,GIC
500130202002049,GIC
500130202002050,GIC
500130202002051,GIC
500130202002052,GIC
500130202003000,GIC
500130202003001,GIC
500130202003002,GIC
500130202003003,GIC
500130202003004,GIC
500130202003005,GIC
500130202003006,GIC
500130202003007,GIC
500130202003008,GIC
500130202003009,GIC
500130202003010,GIC
500130202003011,GIC
500130202003012,GIC
500130202003013,GIC
500130202003014,GIC
500130202003015,GIC
500130202003016,GIC
500130202003017,GIC
500130202003018,GIC
500130202003019,GIC
500130202003020,GIC
500130202003021,GIC
500130202003022,GIC
500130202003023,GIC
500130202003024,GIC
500130202003025,GIC
500130202003026,GIC
500130202003027,GIC
500130202003028,GIC
500130202003029,GIC
500130202003030,GIC
500130202003031,GIC
500130202003032,GIC
500130202003033,GIC
500130202003034,GIC
500130202003035,GIC
500130202003036,GIC
500130202003037,GIC
500130202003038,GIC
500130202003039,GIC
500130202003040,GIC
500130202003041,GIC
500130202003042,GIC
500130202003043,GIC
500130202003044,GIC
500130202003045,GIC
500130202003046,GIC
500130202004000,GIC
500130202004001,GIC
500130202004002,GIC
500130202004003,GIC
500130202004004,GIC
500130202004005,GIC
500130202004006,GIC
500130202004007,GIC
500130202004008,GIC
500130202004009,GIC
500130202004010,GIC
500130202004011,GIC
500130202004012,GIC
500130202004013,GIC
500130202004014,GIC
500130202004015,GIC
500130202004016,GIC
500130202004017,GIC
500130202004018,GIC
500130202004019,GIC
500130202004020,GIC
500130202004021,GIC
500130202004022,GIC
500130202004023,GIC
500130202004024,GIC
500130202004025,GIC
500130202004026,GIC
500130202004027,GIC
500130202004028,GIC
500130202004029,GIC
500130202004030,GIC
500130202004031,GIC
500130202004032,GIC
500130202004033,GIC
500130202004034,GIC
500130202004035,GIC
500130202004036,GIC
500130202004037,GIC
500130202004038,GIC
500130202004039,GIC
500130202004040,GIC
500130202004041,GIC
500130202004042,GIC
500130202004043,GIC
500130202004044,GIC
500130202004045,GIC
500130202004046,GIC
500130202004047,GIC
500130202004048,GIC
500130202004049,GIC
500130202004050,GIC
500130202004051,GIC
500130202004052,GIC
500130202004053,GIC
500130202004054,GIC
500130202004055,GIC
500130202004056,GIC
500130202004057,GIC
500130202004058,GIC
500130202004059,GIC
500130202004060,GIC
500130202004061,GIC
500130202004062,GIC
500130202004063,GIC
500130202004064,GIC
500159530001000,O-L
500159530001001,O-L
500159530001002,O-L
500159530001003,O-L
500159530001004,O-L
500159530001005,O-L
500159530001006,O-L
500159530001007,O-L
500159530001008,O-L
500159530001009,O-L
500159530001010,O-L
500159530001011,O-L
500159530001012,O-L
500159530001013,O-L
500159530001014,O-L
500159530001015,O-L
500159530001016,O-L
500159530001017,O-L
500159530001018,O-L
500159530001019,O-L
500159530001020,O-L
500159530001021,O-L
500159530001022,O-L
500159530001023,O-L
500159530001024,O-L
500159530001025,O-L
500159530001026,O-L
500159530001027,O-L
500159530001028,O-L
500159530001029,O-L
500159530001030,O-L
500159530001031,O-L
500159530001032,O-L
500159530001033,O-L
500159530001034,O-L
500159530001035,O-L
500159530001036,O-L
500159530001037,O-L
500159530001038,O-L
500159530001039,O-L
500159530001040,O-L
500159530001041,O-L
500159530001042,O-L
500159530001043,O-L
500159530001044,O-L
500159530001045,O-L
500159530001046,O-L
500159530001047,O-L
500159530001048,O-L
500159530001049,O-L
500159530001050,O-L
500159530001051,O-L
500159530001052,O-L
500159530001053,O-L
500159530001054,O-L
500159530001055,O-L
500159530001056,O-L
500159530001057,O-L
500159530001058,O-L
500159530001059,O-L
500159530001060,O-L
500159530001061,O-L
500159530001062,O-L
500159530001063,O-L
500159530001064,O-L
500159530001065,O-L
500159530001066,O-L
500159530001067,O-L
500159530001068,O-L
500159530001069,O-L
500159530001070,O-L
500159530001071,O-L
500159530001072,O-L
500159530001073,O-L
500159530001074,O-L
500159530001075,O-L
500159530001076,O-L
500159530001077,O-L
500159530001078,O-L
500159530001079,O-L
500159530001080,O-L
500159530001081,O-L
500159530001082,O-L
500159530001083,O-L
500159530001084,O-L
500159530001085,O-L
500159530001086,O-L
500159530001087,O-L
500159530001088,O-L
500159530001089,O-L
500159530001090,O-L
500159530001091,O-L
500159530001092,O-L
500159530001093,O-L
500159530001094,O-L
500159530001095,O-L
500159530001096,O-L
500159530001097,O-L
500159530001098,O-L
500159530001099,O-L
500159530001100,O-L
500159530001101,O-L
500159530001102,O-L
500159530001103,O-L
500159530001104,O-L
500159530001105,O-L
500159530001106,O-L
500159530001107,O-L
500159530001108,O-L
500159530001109,O-L
500159530001110,O-L
500159530002000,LM2
500159530002001,LM2
500159530002002,LM2
500159530002003,LM2
500159530002004,LM2
500159530002005,LM2
500159530002006,LM2
500159530002007,LM2
500159530002008,LM2
500159530002009,LM2
500159530002010,LM2
500159530002011,LM2
500159530002012,LM2
500159530002020,LM2
500159530002021,LM2
500159530002022,LM2
500159530002030,LM2
500159530002031,LM2
500159530002032,LM2
500159530002033,LM2
500159530002038,LM2
500159530002039,LM2
500159530002042,LM2
500159530002045,LM2
500159530002046,LM2
500159530002047,LM2
500159530002048,LM2
500159530002049,LM2
500159530002050,LM2
500159530002051,LM2
500159530002065,LM2
500159530002066,LM2
500159530002067,LM2
500159530002068,LM2
500159530002069,LM2
500159530002070,LM2
500159530002071,LM2
500159530002072,LM2
500159530002073,LM2
500159530002013,LM3
500159530002014,LM3
500159530002015,LM3
500159530002016,LM3
500159530002017,LM3
500159530002018,LM3
500159530002019,LM3
500159530002023,LM3
500159530002024,LM3
500159530002025,LM3
500159530002026,LM3
500159530002027,LM3
500159530002028,LM3
500159530002029,LM3
500159530002034,LM3
500159530002035,LM3
500159530002036,LM3
500159530002037,LM3
500159530002040,LM3
500159530002041,LM3
500159530002043,LM3
500159530002044,LM3
500159530002052,LM3
500159530002053,LM3
500159530002054,LM3
500159530002055,LM3
500159530002056,LM3
500159530002057,LM3
500159530002058,LM3
500159530002059,LM3
500159530002060,LM3
500159530002061,LM3
500159530002062,LM3
500159530002063,LM3
500159530002064,LM3
500159530002074,LM3
500159530002075,LM3
500159530002076,LM3
500159531001000,LM3
500159531001001,LM3
500159531001002,LM3
500159531001003,LM3
500159531001004,LM3
500159531001005,LM3
500159531001006,LM3
500159531001007,LM3
500159531001008,LM3
500159531001009,LM3
500159531001010,LM3
500159531001011,LM3
500159531001012,LM3
500159531001013,LM3
500159531001014,LM3
500159531001015,LM3
500159531001016,LM3
500159531001017,LM3
500159531001018,LM3
500159531001019,LM3
500159531001020,LM3
500159531001021,LM3
500159531001022,LM3
500159531001023,LM3
500159531001024,LM3
500159531001025,LM3
500159531001026,LM3
500159531001027,LM3
500159531001028,LM3
500159531001029,LM3
500159531001030,LM3
500159531001031,LM3
500159531001032,LM3
500159531001033,LM3
500159531001034,LM3
500159531001035,LM3
500159531001036,LM3
500159531001037,LM3
500159531001038,LM3
500159531001039,LM3
500159531001040,LM3
500159531001041,LM3
500159531001042,LM3
500159531001043,LM3
500159531001044,LM3
500159531001045,LM3
500159531001046,LM3
500159531001047,LM3
500159531001048,LM3
500159531001049,LM3
500159531001050,LM3
500159531001051,LM3
500159531001052,LM3
500159531001053,LM3
500159531001054,LM3
500159531001055,LM3
500159531001056,LM3
500159531001057,LM3
500159531001058,LM3
500159531001059,LM3
500159531001060,LM3
500159531001061,LM3
500159531001062,LM3
500159531001063,LM3
500159531001064,LM3
500159531001065,LM3
500159531001066,LM3
500159531001067,LM3
500159531001068,LM3
500159531001069,LM3
500159531001070,LM3
500159531001071,LM3
500159531001072,LM3
500159531001073,LM3
500159531001074,LM3
500159531001075,LM3
500159531001076,LM3
500159531001077,LM3
500159531001078,LM3
500159531001079,LM3
500159531001080,LM3
500159531001081,LM3
500159531001082,LM3
500159531001083,LM3
500159531001084,LM3
500159531001085,LM3
500159531001086,LM3
500159531001087,LM3
500159531001088,LM3
500159531001089,LM3
500159531001090,LM3
500159531001091,LM3
500159531001092,LM3
500159531001093,LM3
500159531001094,LM3
500159531001095,LM3
500159531001096,LM3
500159531001097,LM3
500159531001098,LM3
500159531001099,LM3
500159531001100,LM3
500159531001101,LM3
500159531001102,LM3
500159531001103,LM3
500159531001104,LM3
500159531001105,LM3
500159531001106,LM3
500159531001107,LM3
500159531001108,LM3
500159531001109,LM3
500159531001110,LM3
500159531001111,LM3
500159531001112,LM3
500159531001113,LM3
500159531001114,LM3
500159531001115,LM3
500159531001116,LM3
500159531001117,LM3
500159531001118,LM3
500159531001119,LM3
500159531001120,LM3
500159531001121,LM3
500159531001122,LM3
500159531001123,LM3
500159531001124,LM3
500159531001125,LM3
500159531001126,LM3
500159531001127,LM3
500159531001128,LM3
500159531001129,LM3
500159531002000,LM3
500159531002001,LM3
500159531002002,LM3
500159531002003,LM3
500159531002004,LM3
500159531002005,LM3
500159531002006,LM3
500159531002007,LM3
500159531002008,LM3
500159531002009,LM3
500159531002010,LM3
500159531002011,LM3
500159531002012,LM3
500159531002013,LM3
500159531002014,LM3
500159531002015,LM3
500159531002016,LM3
500159531002017,LM3
500159531002018,LM3
500159531002019,LM3
500159531002020,LM3
500159531002021,LM3
500159531002022,LM3
500159531002023,LM3
500159531002024,LM3
500159531002025,LM3
500159531002026,LM3
500159531002027,LM3
500159531002028,LM3
500159531002029,LM3
500159531002030,LM3
500159531002031,LM3
500159531002032,LM3
500159531002033,LM3
500159531002034,LM3
500159531002035,LM3
500159531002036,LM3
500159531002037,LM3
500159531002038,LM3
500159531002039,LM3
500159531002040,LM3
500159531002041,LM3
500159531002042,LM3
500159531002043,LM3
500159531002044,LM3
500159531002045,LM3
500159531002046,LM3
500159531002047,LM3
500159531002048,LM3
500159531002049,LM3
500159531002050,LM3
500159531002051,LM3
500159531002052,LM3
500159531002053,LM3
500159531002054,LM3
500159531002055,LM3
500159531002056,LM3
500159531002057,LM3
500159531002058,LM3
500159531002059,LM3
500159531002060,LM3
500159531002061,LM3
500159531002062,LM3
500159531002063,LM3
500159531002064,LM3
500159531002065,LM3
500159531002066,LM3
500159531002067,LM3
500159531002068,LM3
500159531002069,LM3
500159531002070,LM3
500159531002071,LM3
500159531002072,LM3
500159531002073,LM3
500159531002074,LM3
500159531002075,LM3
500159531002076,LM3
500159531002077,LM3
500159531002078,LM3
500159531002079,LM3
500159531002080,LM3
500159531002081,LM3
500159531002082,LM3
500159531002083,LM3
500159531002084,LM3
500159531002085,LM3
500159532001000,LM2
500159532001001,LM2
500159532001002,LM2
500159532001003,LM2
500159532001004,LM2
500159532001005,LM2
500159532001006,LM2
500159532001007,LM2
500159532001008,LM2
500159532001009,LM2
500159532001010,LM2
500159532001011,LM2
500159532001012,LM2
500159532001013,LM2
500159532001014,LM2
500159532001015,LM2
500159532001016,LM2
500159532001017,LM2
500159532001018,LM2
500159532001019,LM2
500159532001020,LM2
500159532001021,LM2
500159532001022,LM2
500159532001023,LM2
500159532001024,LM2
500159532001025,LM2
500159532001026,LM2
500159532001027,LM2
500159532001028,LM2
500159532001029,LM2
500159532001030,LM2
500159532001031,LM2
500159532001032,LM2
500159532001033,LM2
500159532001034,LM2
500159532001035,LM2
500159532001036,LM2
500159532001037,LM2
500159532001038,LM2
500159532001039,LM2
500159532001040,LM2
500159532001041,LM2
500159532001042,LM2
500159532001043,LM2
500159532001044,LM2
500159532001045,LM2
500159532001046,LM2
500159532001047,LM2
500159532001048,LM2
500159532001049,LM2
500159532001050,LM2
500159532001051,LM2
500159532001052,LM2
500159532001053,LM2
500159532001054,LM2
500159532001055,LM2
500159532001056,LM2
500159532001057,LM2
500159532001058,LM2
500159532001059,LM2
500159532001060,LM2
500159532001061,LM2
500159532001062,LM2
500159532001063,LM2
500159532001064,LM2
500159532001065,LM2
500159532001066,LM2
500159532001067,LM2
500159532001068,LM2
500159532001069,LM2
500159532001070,LM2
500159532001071,LM2
500159532001072,LM2
500159532001073,LM2
500159532001074,LM2
500159532001075,LM2
500159532001076,LM2
500159532001077,LM2
500159532001078,LM2
500159532001079,LM2
500159532001080,LM2
500159532001081,LM2
500159532001082,LM2
500159532002000,LM2
500159532002001,LM2
500159532002002,LM2
500159532002003,LM2
500159532002004,LM2
500159532002005,LM2
500159532002006,LM2
500159532002007,LM2
500159532002008,LM2
500159532002009,LM2
500159532002010,LM2
500159532002011,LM2
500159532002012,LM2
500159532002013,LM2
500159532002014,LM2
500159532002015,LM2
500159532002016,LM2
500159532002017,LM2
500159532002018,LM2
500159532002019,LM2
500159532002020,LM2
500159532002021,LM2
500159532002022,LM2
500159532002023,LM2
500159532002024,LM2
500159532002025,LM2
500159532002026,LM2
500159532002027,LM2
500159532002028,LM2
500159532002029,LM2
500159532002030,LM2
500159532002031,LM2
500159532002032,LM2
500159532002033,LM2
500159532002034,LM2
500159532002035,LM2
500159532002036,LM2
500159532002037,LM2
500159532002038,LM2
500159532002039,LM2
500159532002040,LM2
500159532002041,LM2
500159532002042,LM2
500159532002043,LM2
500159532002044,LM2
500159532002045,LM2
500159532002046,LM2
500159532002047,LM2
500159532002048,LM2
500159532002049,LM2
500159532002050,LM2
500159532002051,LM2
500159532002052,LM2
500159532002053,LM2
500159532002054,LM2
500159532002055,LM2
500159532002056,LM2
500159532002057,LM2
500159532002058,LM2
500159532002059,LM2
500159532002060,LM2
500159532002061,LM2
500159532002062,LM2
500159532002063,LM2
500159532002064,LM2
500159532002065,LM2
500159532002066,LM2
500159532002067,LM2
500159532002068,LM2
500159532002069,LM2
500159532002070,LM2
500159532002071,LM2
500159532002072,LM2
500159532002073,LM2
500159532002074,LM2
500159532002075,LM2
500159532002076,LM2
500159532002077,LM2
500159532002078,LM2
500159532002079,LM2
500159532002080,LM2
500159532002081,LM2
500159532002082,LM2
500159532002083,LM2
500159532002084,LM2
500159532002085,LM2
500159532002086,LM2
500159532002087,LM2
500159532002088,LM2
500159532002089,LM2
500159532002090,LM2
500159532002091,LM2
500159532002092,LM2
500159532002093,LM2
500159532002094,LM2
500159532002095,LM2
500159532002096,LM2
500159532002097,LM2
500159532002098,LM2
500159532002099,LM2
500159532002100,LM2
500159532002101,LM2
500159532002102,LM2
500159532002103,LM2
500159532002104,LM2
500159532002105,LM2
500159532002106,LM2
500159532002107,LM2
500159532002108,LM2
500159532002109,LM2
500159532002110,LM2
500159532002111,LM2
500159532002112,LM2
500159533001000,LM2
500159533001001,LM2
500159533001002,LM2
500159533001003,LM2
500159533001004,LM2
500159533001005,LM2
500159533001006,LM2
500159533001007,LM2
500159533001008,LM2
500159533001009,LM2
500159533001010,LM2
500159533001011,LM2
500159533001012,LM2
500159533001013,LM2
500159533001014,LM2
500159533001015,LM2
500159533001016,LM2
500159533001017,LM2
500159533001018,LM2
500159533001019,LM2
500159533001020,LM2
500159533001021,LM2
500159533001022,LM2
500159533001023,LM2
500159533001024,LM2
500159533001025,LM2
500159533001026,LM2
500159533001027,LM2
500159533001028,LM2
500159533001029,LM2
500159533001030,LM2
500159533001031,LM2
500159533001032,LM2
500159533001033,LM2
500159533001034,LM2
500159533001035,LM2
500159533001036,LM2
500159533001037,LM2
500159533001038,LM2
500159533001039,LM2
500159533001040,LM2
500159533001041,LM2
500159533001042,LM2
500159533001043,LM2
500159533001044,LM2
500159533001045,LM2
500159533001046,LM2
500159533001047,LM2
500159533001048,LM2
500159533001049,LM2
500159533001050,LM2
500159533001051,LM2
500159533001052,LM2
500159533001053,LM2
500159533001054,LM2
500159533001055,LM2
500159533001056,LM2
500159533001057,LM2
500159533002000,LM2
500159533002001,LM2
500159533002002,LM2
500159533002003,LM2
500159533002004,LM2
500159533002005,LM2
500159533002006,LM2
500159533002007,LM2
500159533002008,LM2
500159533002009,LM2
500159533002010,LM2
500159533002011,LM2
500159533002012,LM2
500159533002013,LM2
500159533002014,LM2
500159533002015,LM2
500159533002016,LM2
500159533002017,LM2
500159533002018,LM2
500159533002019,LM2
500159533002020,LM2
500159533002021,LM2
500159533002022,LM2
500159533002023,LM2
500159533002024,LM2
500159533002025,LM2
500159533002026,LM2
500159533002027,LM2
500159533002028,LM2
500159533002029,LM2
500159533002030,LM2
500159533002031,LM2
500159533002032,LM2
500159533002033,LM2
500159533002034,LM2
500159533002035,LM2
500159533002036,LM2
500159533002037,LM2
500159533002038,LM2
500159533002039,LM2
500159533002040,LM2
500159533002041,LM2
500159533002042,LM2
500159533002043,LM2
500159533002044,LM2
500159533002045,LM2
500159533002046,LM2
500159533002047,LM2
500159533002048,LM2
500159533002049,LM2
500159533002050,LM2
500159533002051,LM2
500159533002052,LM2
500159533002053,LM2
500159533002054,LM2
500159533002055,LM2
500159533002056,LM2
500159533002057,LM2
500159533002058,LM2
500159533002059,LM2
500159533002060,LM2
500159533002061,LM2
500159533002062,LM2
500159533002063,LM2
500159533002064,LM2
500159533002065,LM2
500159533002066,LM2
500159533002067,LM2
500159533002068,LM2
500159533002069,LM2
500159533002070,LM2
500159533002071,LM2
500159533002072,LM2
500159533002073,LM2
500159533002074,LM2
500159533002075,LM2
500159533002076,LM2
500159533002077,LM2
500159533002078,LM2
500159533002079,LM2
500159533002080,LM2
500159533002081,LM2
500159533002082,LM2
500159533002083,LM2
500159533002084,LM2
500159533002085,LM2
500159533002086,LM2
500159533002087,LM2
500159533002088,LM2
500159533002089,LM2
500159533002090,LM2
500159534001000,LM2
500159534001001,LM2
500159534001002,LM2
500159534001003,LM2
500159534001004,LM2
500159534001005,LM2
500159534001006,LM2
500159534001007,LM2
500159534001008,LM2
500159534001009,LM2
500159534001010,LM2
500159534001011,LM2
500159534001012,LM2
500159534001013,LM2
500159534001014,LM2
500159534001015,LM2
500159534001016,LM2
500159534001017,LM2
500159534001018,LM2
500159534001019,LM2
500159534001020,LM2
500159534001021,LM2
500159534001022,LM2
500159534001023,LM2
500159534001024,LM2
500159534001025,LM2
500159534001026,LM2
500159534001027,LM2
500159534001028,LM2
500159534001029,LM2
500159534001030,LM2
500159534001031,LM2
500159534001032,LM2
500159534001033,LM2
500159534001034,LM2
500159534001035,LM2
500159534001036,LM2
500159534001037,LM2
500159534001038,LM2
500159534001039,LM2
500159534001040,LM2
500159534001041,LM2
500159534001042,LM2
500159534001043,LM2
500159534001044,LM2
500159534001045,LM2
500159534001046,LM2
500159534001047,LM2
500159534001048,LM2
500159534001049,LM2
500159534001051,LM2
500159534001052,LM2
500159534001053,LM2
500159534001054,LM2
500159534001055,LM2
500159534001056,LM2
500159534001057,LM2
500159534001058,LM2
500159534001059,LM2
500159534001060,LM2
500159534001061,LM2
500159534001062,LM2
500159534001101,LM2
500159534001102,LM2
500159534001103,LM2
500159534001104,LM2
500159534001105,LM2
500159534001106,LM2
500159534001107,LM2
500159534001108,LM2
500159534001109,LM2
500159534001110,LM2
500159534001111,LM2
500159534001112,LM2
500159534001113,LM2
500159534001114,LM2
500159534001115,LM2
500159534001116,LM2
500159534001117,LM2
500159534001118,LM2
500159534001119,LM2
500159534001120,LM2
500159534001121,LM2
500159534001122,LM2
500159534001123,LM2
500159534001124,LM2
500159534001125,LM2
500159534001126,LM2
500159534001127,LM2
500159534001128,LM2
500159534001129,LM2
500159534001130,LM2
500159534001131,LM2
500159534001132,LM2
500159534001133,LM2
500159534001134,LM2
500159534001135,LM2
500159534001136,LM2
500159534001137,LM2
500159534001138,LM2
500159534001139,LM2
500159534001140,LM2
500159534001141,LM2
500159534001142,LM2
500159534001143,LM2
500159534001152,LM2
500159534001154,LM2
500159534001050,LMW
500159534001063,LMW
500159534001064,LMW
500159534001065,LMW
500159534001066,LMW
500159534001067,LMW
500159534001068,LMW
500159534001069,LMW
500159534001070,LMW
500159534001071,LMW
500159534001072,LMW
500159534001073,LMW
500159534001074,LMW
500159534001075,LMW
500159534001076,LMW
500159534001077,LMW
500159534001078,LMW
500159534001079,LMW
500159534001080,LMW
500159534001081,LMW
500159534001082,LMW
500159534001083,LMW
500159534001084,LMW
500159534001085,LMW
500159534001086,LMW
500159534001087,LMW
500159534001088,LMW
500159534001089,LMW
500159534001090,LMW
500159534001091,LMW
500159534001092,LMW
500159534001093,LMW
500159534001094,LMW
500159534001095,LMW
500159534001096,LMW
500159534001097,LMW
500159534001098,LMW
500159534001099,LMW
500159534001100,LMW
500159534001144,LMW
500159534001145,LMW
500159534001146,LMW
500159534001147,LMW
500159534001148,LMW
500159534001149,LMW
500159534001150,LMW
500159534001151,LMW
500159534001153,LMW
500159534001155,LMW
500159534001156,LMW
500159534001157,LMW
500159534001158,LMW
500159534001159,LMW
500159534001160,LMW
500159534001161,LMW
500159534001162,LMW
500159534001163,LMW
500159534001164,LMW
500159534001165,LMW
500159535001000,LMW
500159535001001,LMW
500159535001002,LMW
500159535001003,LMW
500159535001004,LMW
500159535001005,LMW
500159535001006,LMW
500159535001007,LMW
500159535001008,LMW
500159535001009,LMW
500159535001010,LMW
500159535001011,LMW
500159535001012,LMW
500159535001013,LMW
500159535001014,LMW
500159535001015,LMW
500159535001016,LMW
500159535001017,LMW
500159535001018,LMW
500159535001019,LMW
500159535001020,LMW
500159535001021,LMW
500159535001022,LMW
500159535001023,LMW
500159535001024,LMW
500159535001025,LMW
500159535001026,LMW
500159535001027,LMW
500159535001028,LMW
500159535001029,LMW
500159535001030,LMW
500159535001031,LMW
500159535001032,LMW
500159535001033,LMW
500159535001034,LMW
500159535001035,LMW
500159535001036,LMW
500159535001037,LMW
500159535001038,LMW
500159535001039,LMW
500159535001040,LMW
500159535001041,LMW
500159535001042,LMW
500159535001043,LMW
500159535001044,LMW
500159535001045,LMW
500159535001046,LMW
500159535001047,LMW
500159535002000,LMW
500159535002001,LMW
500159535002002,LMW
500159535002003,LMW
500159535002004,LMW
500159535002005,LMW
500159535002006,LMW
500159535002007,LMW
500159535002008,LMW
500159535002009,LMW
500159535002010,LMW
500159535002011,LMW
500159535002012,LMW
500159535002013,LMW
500159535002014,LMW
500159535002015,LMW
500159535002016,LMW
500159535002017,LMW
500159535002018,LMW
500159535002019,LMW
500159535002020,LMW
500159535002021,LMW
500159535002022,LMW
500159535002023,LMW
500159535002024,LMW
500159535002025,LMW
500159535002026,LMW
500159535002027,LMW
500159535002028,LMW
500159535002029,LMW
500159535002030,LMW
500159535002031,LMW
500159535002032,LMW
500159535002033,LMW
500159535002034,LMW
500159535002035,LMW
500159535002036,LMW
500159535002037,LMW
500159535002038,LMW
500159535002039,LMW
500159535002040,LMW
500159535002041,LMW
500159535002042,LMW
500159535002043,LMW
500159535002044,LMW
500159535002045,LMW
500159535002046,LMW
500159535002047,LMW
500159535002048,LMW
500159535002049,LMW
500159535002050,LMW
500159535002051,LMW
500159535002052,LMW
500159535002053,LMW
500159535002054,LMW
500159535002055,LMW
500159535002056,LMW
500159535002057,LMW
500159535002058,LMW
500159535002059,LMW
500159535002060,LMW
500159535002061,LMW
500159535002062,LMW
500159535002063,LMW
500159535002064,LMW
500159535002065,LMW
500159535002066,LMW
500159535002067,LMW
500159535002068,LMW
500159535002069,LMW
500159535002070,LMW
500159535002071,LMW
500159535002072,LMW
500159535002073,LMW
500159535002074,LMW
500159535002075,LMW
500159535002076,LMW
500159535002077,LMW
500159535002078,LMW
500159535002079,LMW
500159535002080,LMW
500159535002081,LMW
500159535002082,LMW
500159535002083,LMW
500159535002084,LMW
500159535002085,LMW
500159535002086,LMW
500159535002087,LMW
500159535002088,LMW
500159535002089,LMW
500159535002090,LMW
500159535002091,LMW
500159535002092,LMW
500159535002093,LMW
500159535002094,LMW
500159535002095,LMW
500159535002096,LMW
500159535002097,LMW
500159535002098,LMW
500159535002099,LMW
500159535002100,LMW
500159535002101,LMW
500159535003000,LMW
500159535003001,LMW
500159535003002,LMW
500159535003003,LMW
500159535003004,LMW
500159535003005,LMW
500159535003006,LMW
500159535003007,LMW
500159535003008,LMW
500159535003009,LMW
500159535003010,LMW
500159535003011,LMW
500159535003012,LMW
500159535003013,LMW
500159535003014,LMW
500159535003015,LMW
500159535003016,LMW
500159535003017,LMW
500159535003018,LMW
500159535003019,LMW
500159535003020,LMW
500159535003021,LMW
500159535003022,LMW
500159535003023,LMW
500159535003024,LMW
500159535003025,LMW
500159535003026,LMW
500159535003027,LMW
500159535003028,LMW
500159535003029,LMW
500159535003030,LMW
500159535003031,LMW
500159535003032,LMW
500159535003033,LMW
500159535003034,LMW
500159535003035,LMW
500159535003036,LMW
500159535003037,LMW
500159535003038,LMW
500159535003039,LMW
500159535003040,LMW
500159535003041,LMW
500159535003042,LMW
500159535003043,LMW
500159535003044,LMW
500159535003045,LMW
500159535003046,LMW
500159535003047,LMW
500159535003048,LMW
500159535003049,LMW
500159535003050,LMW
500159535003051,LMW
500159535003052,LMW
500159535003053,LMW
500159535003054,LMW
500159535003055,LMW
500159535003056,LMW
500159535003057,LMW
500159535003058,LMW
500159535003059,LMW
500159535003060,LMW
500159535003061,LMW
500159535003062,LMW
500159535003063,LMW
500159535003064,LMW
500159535003065,LMW
500159535003066,LMW
500159536001000,LM1
500159536001001,LM1
500159536001002,LM1
500159536001003,LM1
500159536001004,LM1
500159536001005,LM1
500159536001006,LM1
500159536001007,LM1
500159536001008,LM1
500159536001009,LM1
500159536001010,LM1
500159536001011,LM1
500159536001012,LM1
500159536001013,LM1
500159536001014,LM1
500159536001015,LM1
500159536001016,LM1
500159536001017,LM1
500159536001018,LM1
500159536001019,LM1
500159536001020,LM1
500159536001021,LM1
500159536001022,LM1
500159536001023,LM1
500159536001024,LM1
500159536001025,LM1
500159536001026,LM1
500159536001027,LM1
500159536001028,LM1
500159536001029,LM1
500159536001030,LM1
500159536001031,LM1
500159536001032,LM1
500159536001033,LM1
500159536001034,LM1
500159536001035,LM1
500159536001036,LM1
500159536001037,LM1
500159536001038,LM1
500159536001039,LM1
500159536001040,LM1
500159536001041,LM1
500159536001042,LM1
500159536001043,LM1
500159536001044,LM1
500159536001045,LM1
500159536001046,LM1
500159536001047,LM1
500159536001048,LM1
500159536001049,LM1
500159536001050,LM1
500159536001051,LM1
500159536001052,LM1
500159536001053,LM1
500159536001054,LM1
500159536001055,LM1
500159536001056,LM1
500159536001057,LM1
500159536001058,LM1
500159536001059,LM1
500159536001060,LM1
500159536001061,LM1
500159536001062,LM1
500159536001063,LM1
500159536001064,LM1
500159536001065,LM1
500159536001066,LM1
500159536001067,LM1
500159536001068,LM1
500159536001069,LM1
500159536001070,LM1
500159536001071,LM1
500159536001072,LM1
500159536001073,LM1
500159536001074,LM1
500159536001075,LM1
500159536001076,LM1
500159536001077,LM1
500159536001078,LM1
500159536001079,LM1
500159536002000,LM1
500159536002001,LM1
500159536002002,LM1
500159536002003,LM1
500159536002004,LM1
500159536002005,LM1
500159536002006,LM1
500159536002007,LM1
500159536002008,LM1
500159536002009,LM1
500159536002010,LM1
500159536002011,LM1
500159536002012,LM1
500159536002013,LM1
500159536002014,LM1
500159536002015,LM1
500159536002016,LM1
500159536002017,LM1
500159536002018,LM1
500159536002019,LM1
500159536002020,LM1
500159536002021,LM1
500159536002022,LM1
500159536002023,LM1
500159536002024,LM1
500159536002025,LM1
500159536002026,LM1
500159536002027,LM1
500159536002028,LM1
500159536002029,LM1
500159536002030,LM1
500159536002031,LM1
500159536002032,LM1
500159536002033,LM1
500159536002034,LM1
500159536002035,LM1
500159536002036,LM1
500159536002037,LM1
500159536002038,LM1
500159536002039,LM1
500159536002040,LM1
500159536002041,LM1
500159536002042,LM1
500159536002043,LM1
500159536002044,LM1
500159536003000,LM1
500159536003001,LM1
500159536003002,LM1
500159536003003,LM1
500159536003004,LM1
500159536003005,LM1
500159536003006,LM1
500159536003007,LM1
500159536003008,LM1
500159536003009,LM1
500159536003010,LM1
500159536003011,LM1
500159536003012,LM1
500159536003013,LM1
500159536003014,LM1
500159536003015,LM1
500159536003016,LM1
500159536003017,LM1
500159536003018,LM1
500159536003019,LM1
500159536003020,LM1
500159536003021,LM1
500159536003022,LM1
500159536003023,LM1
500159536003024,LM1
500159536003025,LM1
500159536003026,LM1
500159536003027,LM1
500159536003028,LM1
500159536003029,LM1
500159536003030,LM1
500159536003031,LM1
500159536003032,LM1
500159536003033,LM1
500159536003034,LM1
500159536003035,LM1
500159536003036,LM1
500159536003037,LM1
500159536003038,LM1
500159536003039,LM1
500159536003040,LM1
500159536003041,LM1
500159536003042,LM1
500159536003043,LM1
500159536003044,LM1
500159536003045,LM1
500159536003046,LM1
500159536003047,LM1
500159536003048,LM1
500159536003049,LM1
500159536003050,LM1
500159536003051,LM1
500159536003052,LM1
500159536003053,LM1
500159536003054,LM1
500159536003055,LM1
500159536003056,LM1
500159536003057,LM1
500159536003058,LM1
500159536003059,LM1
500159536003060,LM1
500179590001000,O-C
500179590001001,O-C
500179590001002,O-C
500179590001003,O-C
500179590001004,O-C
500179590001005,O-C
500179590001006,O-C
500179590001007,O-C
500179590001008,O-C
500179590001009,O-C
500179590001010,O-C
500179590001011,O-C
500179590001012,O-C
500179590001013,O-C
500179590001014,O-C
500179590001015,O-C
500179590001016,O-C
500179590001017,O-C
500179590001018,O-C
500179590001019,O-C
500179590001020,O-C
500179590001021,O-C
500179590001022,O-C
500179590001023,O-C
500179590001024,O-C
500179590001025,O-C
500179590001026,O-C
500179590001027,O-C
500179590001028,O-C
500179590001029,O-C
500179590001030,O-C
500179590001031,O-C
500179590001032,O-C
500179590001033,O-C
500179590001034,O-C
500179590001035,O-C
500179590001036,O-C
500179590001037,O-C
500179590001038,O-C
500179590001039,O-C
500179590001040,O-C
500179590001041,O-C
500179590001042,O-C
500179590001043,O-C
500179590001044,O-C
500179590001045,O-C
500179590001046,O-C
500179590001047,O-C
500179590001048,O-C
500179590001049,O-C
500179590001050,O-C
500179590001051,O-C
500179590001052,O-C
500179590001053,O-C
500179590001054,O-C
500179590001055,O-C
500179590001056,O-C
500179590001057,O-C
500179590001058,O-C
500179590001059,O-C
500179590001060,O-C
500179590001061,O-C
500179590001062,O-C
500179590001063,O-C
500179590001064,O-C
500179590001065,O-C
500179590001066,O-C
500179590001067,O-C
500179590001068,O-C
500179590001069,O-C
500179590001070,O-C
500179590001071,O-C
500179590001072,O-C
500179590001073,O-C
500179590001074,O-C
500179590001075,O-C
500179590001076,O-C
500179590001077,O-C
500179590001078,O-C
500179590001079,O-C
500179590001080,O-C
500179590001081,O-C
500179590001082,O-C
500179590001083,O-C
500179590001084,O-C
500179590001085,O-C
500179590001086,O-C
500179590001087,O-C
500179590001088,O-C
500179590001089,O-C
500179590001090,O-C
500179590001091,O-C
500179590001092,O-C
500179590001093,O-C
500179590001094,O-C
500179590001095,O-C
500179590001096,O-C
500179590001097,O-C
500179590001098,O-C
500179590001099,O-C
500179590001100,O-C
500179590001101,O-C
500179590001102,O-C
500179590001103,O-C
500179590001104,O-C
500179590001105,O-C
500179590001106,O-C
500179590001107,O-C
500179590001108,O-C
500179590001109,O-C
500179590001110,O-C
500179590001111,O-C
500179590001112,O-C
500179590001113,O-C
500179590001114,O-C
500179590001115,O-C
500179590001116,O-C
500179590001117,O-C
500179590001118,O-C
500179590001119,O-C
500179590001120,O-C
500179590001121,O-C
500179590001122,O-C
500179590001123,O-C
500179590001124,O-C
500179590001125,O-C
500179590001126,O-C
500179590001127,O-C
500179590001128,O-C
500179590001129,O-C
500179590001130,O-C
500179590001131,O-C
500179590001132,O-C
500179590001133,O-C
500179590001134,O-C
500179590001135,O-C
500179590001136,O-C
500179590001137,O-C
500179590001138,O-C
500179590001139,O-C
500179590001140,O-C
500179590001141,O-C
500179590001142,O-C
500179590001143,O-C
500179590001144,O-C
500179590002000,O-C
500179590002001,O-C
500179590002002,O-C
500179590002003,O-C
500179590002004,O-C
500179590002005,O-C
500179590002006,O-C
500179590002007,O-C
500179590002008,O-C
500179590002009,O-C
500179590002010,O-C
500179590002011,O-C
500179590002012,O-C
500179590002013,O-C
500179590002014,O-C
500179590002015,O-C
500179590002016,O-C
500179590002017,O-C
500179590002018,O-C
500179590002019,O-C
500179590002020,O-C
500179590002021,O-C
500179590002022,O-C
500179590002023,O-C
500179590002024,O-C
500179590002025,O-C
500179590002026,O-C
500179590002027,O-C
500179590002028,O-C
500179590002029,O-C
500179590002030,O-C
500179590002031,O-C
500179590002032,O-C
500179590002033,O-C
500179590002034,O-C
500179590002035,O-C
500179590002036,O-C
500179590002037,O-C
500179590002038,O-C
500179590002039,O-C
500179590002040,O-C
500179590002041,O-C
500179590002042,O-C
500179590002043,O-C
500179590002044,O-C
500179590002045,O-C
500179590002046,O-C
500179590002047,O-C
500179590002048,O-C
500179590002049,O-C
500179590002050,O-C
500179590002051,O-C
500179590002052,O-C
500179590002053,O-C
500179590002054,O-C
500179590002055,O-C
500179590002056,O-C
500179590002057,O-C
500179590002058,O-C
500179590002059,O-C
500179590002060,O-C
500179590002061,O-C
500179590002062,O-C
500179590002063,O-C
500179590002064,O-C
500179590002065,O-C
500179590002066,O-C
500179590002067,O-C
500179590002068,O-C
500179590002069,O-C
500179590002070,O-C
500179590002071,O-C
500179590002072,O-C
500179590002073,O-C
500179590002074,O-C
500179590002075,O-C
500179590002076,O-C
500179590002077,O-C
500179590002078,O-C
500179590002079,O-C
500179591011000,OR1
500179591011001,OR1
500179591011002,OR1
500179591011003,OR1
500179591011004,OR1
500179591011005,OR1
500179591011006,OR1
500179591011007,OR1
500179591011008,OR1
500179591011009,OR1
500179591011010,OR1
500179591011011,OR1
500179591011012,OR1
500179591011013,OR1
500179591011014,OR1
500179591011015,OR1
500179591011016,OR1
500179591011017,OR1
500179591011018,OR1
500179591011019,OR1
500179591011020,OR1
500179591011021,OR1
500179591011022,OR1
500179591011023,OR1
500179591011024,OR1
500179591011025,OR1
500179591011026,OR1
500179591011027,OR1
500179591011028,OR1
500179591011029,OR1
500179591011030,OR1
500179591011031,OR1
500179591011032,OR1
500179591011033,OR1
500179591011034,OR1
500179591011035,OR1
500179591011036,OR1
500179591011037,OR1
500179591011038,OR1
500179591011039,OR1
500179591011040,OR1
500179591011041,OR1
500179591011042,OR1
500179591011043,OR1
500179591011044,OR1
500179591011045,OR1
500179591011046,OR1
500179591011047,OR1
500179591011048,OR1
500179591011049,OR1
500179591011050,OR1
500179591011051,OR1
500179591011052,OR1
500179591011053,OR1
500179591011054,OR1
500179591011055,OR1
500179591011056,OR1
500179591011057,OR1
500179591011058,OR1
500179591011059,OR1
500179591011060,OR1
500179591011061,OR1
500179591011062,OR1
500179591011063,OR1
500179591011064,OR1
500179591011065,OR1
500179591011066,OR1
500179591011067,OR1
500179591011068,OR1
500179591011069,OR1
500179591011070,OR1
500179591011071,OR1
500179591011072,OR1
500179591011073,OR1
500179591011074,OR1
500179591011075,OR1
500179591011076,OR1
500179591011077,OR1
500179591011078,OR1
500179591011079,OR1
500179591011080,OR1
500179591011081,OR1
500179591011082,OR1
500179591011083,OR1
500179591011084,OR1
500179591011085,OR1
500179591011086,OR1
500179591011087,OR1
500179591011088,OR1
500179591011089,OR1
500179591011090,OR1
500179591012000,OR1
500179591012001,OR1
500179591012002,OR1
500179591012003,OR1
500179591012004,OR1
500179591012005,OR1
500179591012006,OR1
500179591012007,OR1
500179591012008,OR1
500179591012009,OR1
500179591012010,OR1
500179591012011,OR1
500179591012012,OR1
500179591012013,OR1
500179591012014,OR1
500179591012015,OR1
500179591012016,OR1
500179591012017,OR1
500179591012018,OR1
500179591012019,OR1
500179591012020,OR1
500179591012021,OR1
500179591012022,OR1
500179591012023,OR1
500179591012024,OR1
500179591012025,OR1
500179591012026,OR1
500179591012027,OR1
500179591012028,OR1
500179591012029,OR1
500179591012030,OR1
500179591012031,OR1
500179591012032,OR1
500179591012033,OR1
500179591012034,OR1
500179591012035,OR1
500179591012036,OR1
500179591012037,OR1
500179591012038,OR1
500179591012039,OR1
500179591012040,OR1
500179591012041,OR1
500179591012042,OR1
500179591012043,OR1
500179591012044,OR1
500179591012045,OR1
500179591012046,OR1
500179591012047,OR1
500179591012048,OR1
500179591012049,OR1
500179591012050,OR1
500179591012051,OR1
500179591012052,OR1
500179591012053,OR1
500179591012054,OR1
500179591012055,OR1
500179591012056,OR1
500179591012057,OR1
500179591012058,OR1
500179591012059,OR1
500179591012060,OR1
500179591012061,OR1
500179591012062,OR1
500179591012063,OR1
500179591012064,OR1
500179591012065,OR1
500179591012066,OR1
500179591012067,OR1
500179591012068,OR1
500179591012069,OR1
500179591012070,OR1
500179591012071,OR1
500179591012072,OR1
500179591012073,OR1
500179591012074,OR1
500179591012075,OR1
500179591012076,OR1
500179591012077,OR1
500179591012078,OR1
500179591012079,OR1
500179591012080,OR1
500179591012081,OR1
500179591012082,OR1
500179591012083,OR1
500179591012084,OR1
500179591012085,OR1
500179591012086,OR1
500179591012087,OR1
500179591012088,OR1
500179591012089,OR1
500179591012090,OR1
500179591012091,OR1
500179591012092,OR1
500179591012093,OR1
500179591012094,OR1
500179591012095,OR1
500179591012096,OR1
500179591021000,O-C
500179591021001,O-C
500179591021002,O-C
500179591021003,O-C
500179591021004,O-C
500179591021005,O-C
500179591021006,O-C
500179591021007,O-C
500179591021008,O-C
500179591021009,O-C
500179591021010,O-C
500179591021011,O-C
500179591021012,O-C
500179591021013,O-C
500179591021014,O-C
500179591021015,O-C
500179591021016,O-C
500179591021017,O-C
500179591021018,O-C
500179591021019,O-C
500179591021020,O-C
500179591021021,O-C
500179591021022,O-C
500179591021023,O-C
500179591021024,O-C
500179591021025,O-C
500179591021026,O-C
500179591021027,O-C
500179591021028,O-C
500179591021029,O-C
500179591021030,O-C
500179591021031,O-C
500179591021032,O-C
500179591021033,O-C
500179591021034,O-C
500179591021035,O-C
500179591021036,O-C
500179591021037,O-C
500179591021038,O-C
500179591021039,O-C
500179591021040,O-C
500179591021041,O-C
500179591021042,O-C
500179591021043,O-C
500179591021044,O-C
500179591021045,O-C
500179591021046,O-C
500179591021047,O-C
500179591021048,O-C
500179591021049,O-C
500179591021050,O-C
500179591021051,O-C
500179591021052,O-C
500179591021053,O-C
500179591021054,O-C
500179591021055,O-C
500179591021056,O-C
500179591021057,O-C
500179591021058,O-C
500179591021059,O-C
500179591021060,O-C
500179591021061,O-C
500179591021062,O-C
500179591021063,O-C
500179591021064,O-C
500179591021065,O-C
500179591021066,O-C
500179591021067,O-C
500179591021068,O-C
500179591021069,O-C
500179591021070,O-C
500179591021071,O-C
500179591021072,O-C
500179591021073,O-C
500179591021074,O-C
500179591021075,O-C
500179591021076,O-C
500179591021077,O-C
500179591021078,O-C
500179591021079,O-C
500179591021080,O-C
500179591021081,O-C
500179591021082,O-C
500179591021083,O-C
500179591021084,O-C
500179591021085,O-C
500179591021086,O-C
500179591021087,O-C
500179591021088,O-C
500179591021089,O-C
500179591021090,O-C
500179591021091,O-C
500179591021092,O-C
500179591021093,O-C
500179591021094,O-C
500179591021095,O-C
500179591021096,O-C
500179591021097,O-C
500179591022000,OR1
500179591022001,OR1
500179591022002,OR1
500179591022003,OR1
500179591022004,OR1
500179591022005,OR1
500179591022006,OR1
500179591022007,OR1
500179591022008,OR1
500179591022009,OR1
500179591022010,OR1
500179591022011,OR1
500179591022012,OR1
500179591022013,OR1
500179591022014,OR1
500179591022015,OR1
500179591022016,OR1
500179591022017,OR1
500179591022018,OR1
500179591022019,OR1
500179591022020,OR1
500179591022021,OR1
500179591022022,OR1
500179591022023,OR1
500179591022024,OR1
500179591022025,OR1
500179591022026,OR1
500179591022027,OR1
500179591022028,OR1
500179591022029,OR1
500179591022030,OR1
500179591022031,OR1
500179591022032,OR1
500179591022033,OR1
500179591022034,OR1
500179591022035,OR1
500179591022036,OR1
500179591022037,OR1
500179591022038,OR1
500179591022039,OR1
500179591022040,OR1
500179591022041,OR1
500179591022042,OR1
500179591022043,OR1
500179591022044,OR1
500179591022045,OR1
500179591022046,OR1
500179591022047,OR1
500179591022048,OR1
500179591022049,OR1
500179591022050,OR1
500179591022051,OR1
500179591022052,OR1
500179591022053,OR1
500179591022054,OR1
500179591022055,OR1
500179591022056,OR1
500179591022057,OR1
500179591022058,OR1
500179591022059,OR1
500179591022060,OR1
500179591022061,OR1
500179591022062,OR1
500179591022063,OR1
500179591022064,OR1
500179591022065,OR1
500179591022066,OR1
500179591022067,OR1
500179591022068,OR1
500179591022069,OR1
500179591022070,OR1
500179591022071,OR1
500179591022072,OR1
500179591022073,OR1
500179591022074,OR1
500179591022075,OR1
500179591022076,OR1
500179591022077,OR1
500179591022078,OR1
500179591022079,OR1
500179591022080,OR1
500179591022081,OR1
500179591022082,OR1
500179591022083,OR1
500179591022084,OR1
500179591022085,OR1
500179591022086,OR1
500179591022087,OR1
500179591022088,OR1
500179591022089,OR1
500179591022090,OR1
500179591022091,OR1
500179591022092,OR1
500179591022093,OR1
500179591022094,OR1
500179591022095,OR1
500179591022096,OR1
500179591022097,OR1
500179591022098,OR1
500179591022099,OR1
500179591022100,OR1
500179591022101,OR1
500179591022102,OR1
500179591022103,OR1
500179591022104,OR1
500179591022105,OR1
500179591022106,OR1
500179591022107,OR1
500179591022108,OR1
500179591022109,OR1
500179591022110,OR1
500179591022111,OR1
500179591022112,OR1
500179591022113,OR1
500179592001000,OR1
500179592001001,OR1
500179592001002,OR1
500179592001003,OR1
500179592001004,OR1
500179592001005,OR1
500179592001006,OR1
500179592001007,OR1
500179592001008,OR1
500179592001009,OR1
500179592001010,OR1
500179592001011,OR1
500179592001012,OR1
500179592001013,OR1
500179592001014,OR1
500179592001015,OR1
500179592001016,OR1
500179592001017,OR1
500179592001018,OR1
500179592001019,OR1
500179592001020,OR1
500179592001021,OR1
500179592001022,OR1
500179592001023,OR1
500179592001024,OR1
500179592001025,OR1
500179592001026,OR1
500179592001027,OR1
500179592001028,OR1
500179592001029,OR1
500179592001030,OR1
500179592001031,OR1
500179592001032,OR1
500179592001033,OR1
500179592001034,OR1
500179592001035,OR1
500179592001036,OR1
500179592001037,OR1
500179592001038,OR1
500179592001039,OR1
500179592001040,OR1
500179592001041,OR1
500179592001042,OR1
500179592001043,OR1
500179592001044,OR1
500179592001045,OR1
500179592001046,OR1
500179592001047,OR1
500179592001048,OR1
500179592001049,OR1
500179592001050,OR1
500179592001051,OR1
500179592001052,OR1
500179592001053,OR1
500179592001054,OR1
500179592001055,OR1
500179592001056,OR1
500179592001057,OR1
500179592001058,OR1
500179592001059,OR1
500179592001060,OR1
500179592001061,OR1
500179592001062,OR1
500179592001063,OR1
500179592001064,OR1
500179592001065,OR1
500179592001066,OR1
500179592001067,OR1
500179592001068,OR1
500179592001069,OR1
500179592001070,OR1
500179592002000,OR1
500179592002001,OR1
500179592002002,OR1
500179592002003,OR1
500179592002004,OR1
500179592002005,OR1
500179592002006,OR1
500179592002007,OR1
500179592002008,OR1
500179592002009,OR1
500179592002010,OR1
500179592002011,OR1
500179592002012,OR1
500179592002013,OR1
500179592002014,OR1
500179592002015,OR1
500179592002016,OR1
500179592002017,OR1
500179592002018,OR1
500179592002019,OR1
500179592002020,OR1
500179592002021,OR1
500179592002022,OR1
500179592002023,OR1
500179592002024,OR1
500179592002025,OR1
500179592002026,OR1
500179592002027,OR1
500179592002028,OR1
500179592002029,OR1
500179592002030,OR1
500179592002031,OR1
500179592002032,OR1
500179592002033,OR1
500179592002034,OR1
500179592002035,OR1
500179592002036,OR1
500179592002037,OR1
500179592002038,OR1
500179592002039,OR1
500179592002040,OR1
500179592002041,OR1
500179592002042,OR1
500179592002043,OR1
500179592002044,OR1
500179592002045,OR1
500179592002046,OR1
500179592002047,OR1
500179592002048,OR1
500179592002049,OR1
500179592002050,OR1
500179592002051,OR1
500179592002052,OR1
500179592002053,OR1
500179592002054,OR1
500179592002055,OR1
500179592002056,OR1
500179592002057,OR1
500179592002058,OR1
500179592002059,OR1
500179592002060,OR1
500179592002061,OR1
500179592002062,OR1
500179592002063,OR1
500179592002064,OR1
500179592002065,OR1
500179592002066,OR1
500179592002067,OR1
500179592002068,OR1
500179592002069,OR1
500179592002070,OR1
500179592002071,OR1
500179592002072,OR1
500179592002073,OR1
500179592002074,OR1
500179592002075,OR1
500179592002076,OR1
500179592002077,OR1
500179592002078,OR1
500179592002079,OR1
500179592002080,OR1
500179592002081,OR1
500179592002082,OR1
500179593001000,OWA
500179593001001,OWA
500179593001002,OWA
500179593001003,OWA
500179593001004,OWA
500179593001005,OWA
500179593001006,OWA
500179593001007,OWA
500179593001008,OWA
500179593001009,OWA
500179593001010,OWA
500179593001011,OWA
500179593001012,OWA
500179593001013,OWA
500179593001014,OWA
500179593001015,OWA
500179593001016,OWA
500179593001017,OWA
500179593001018,OWA
500179593001019,OWA
500179593001020,OWA
500179593001021,OWA
500179593001022,OWA
500179593001023,OWA
500179593001024,OWA
500179593001025,OWA
500179593001026,OWA
500179593001027,OWA
500179593001028,OWA
500179593001029,OWA
500179593001030,OWA
500179593001031,OWA
500179593001032,OWA
500179593001033,OWA
500179593001034,OWA
500179593001035,OWA
500179593001036,OWA
500179593001037,OWA
500179593001038,OWA
500179593001039,OWA
500179593001040,OWA
500179593001041,OWA
500179593001042,OWA
500179593001043,OWA
500179593001044,OWA
500179593001045,OWA
500179593001046,OWA
500179593001047,OWA
500179593001048,OWA
500179593001049,OWA
500179593001050,OWA
500179593001051,OWA
500179593001052,OWA
500179593001053,OWA
500179593001054,OWA
500179593001055,OWA
500179593001056,OWA
500179593001057,OWA
500179593001058,OWA
500179593001059,OWA
500179593001060,OWA
500179593001061,OWA
500179593001062,OWA
500179593001063,OWA
500179593001064,OWA
500179593001065,OWA
500179593001066,OWA
500179593001067,OWA
500179593001068,OWA
500179593001069,OWA
500179593001070,OWA
500179593001071,OWA
500179593001072,OWA
500179593001073,OWA
500179593001074,OWA
500179593001075,OWA
500179593001076,OWA
500179593001077,OWA
500179593001078,OWA
500179593001079,OWA
500179593001080,OWA
500179593001081,OWA
500179593001082,OWA
500179593001083,OWA
500179593001084,OWA
500179593001085,OWA
500179593001086,OWA
500179593001087,OWA
500179593001088,OWA
500179593001089,OWA
500179593001090,OWA
500179593001091,OWA
500179593001092,OWA
500179593001093,OWA
500179593001094,OWA
500179593001095,OWA
500179593001096,OWA
500179593001097,OWA
500179593001098,OWA
500179593001099,OWA
500179593001100,OWA
500179593001101,OWA
500179593001102,OWA
500179593001103,OWA
500179593001104,OWA
500179593001105,OWA
500179593001106,OWA
500179593001107,OWA
500179593001108,OWA
500179593001109,OWA
500179593001110,OWA
500179593001111,OWA
500179593001112,OWA
500179593001113,OWA
500179593001114,OWA
500179593001115,OWA
500179593001116,OWA
500179593001117,OWA
500179593001118,OWA
500179593001119,OWA
500179593001120,OWA
500179593001121,OWA
500179593001122,OWA
500179593001123,OWA
500179593001124,OWA
500179593001125,OWA
500179593001126,OWA
500179593001127,OWA
500179593001128,OWA
500179593001129,OWA
500179593002000,OWA
500179593002001,OWA
500179593002002,OWA
500179593002003,OWA
500179593002004,OWA
500179593002005,OWA
500179593002006,OWA
500179593002007,OWA
500179593002008,OWA
500179593002009,OWA
500179593002010,OWA
500179593002011,OWA
500179593002012,OWA
500179593002013,OWA
500179593002014,OWA
500179593002015,OWA
500179593002016,OWA
500179593002017,OWA
500179593002018,OWA
500179593002019,OWA
500179593002020,OWA
500179593002021,OWA
500179593002022,OWA
500179593002023,OWA
500179593002024,OWA
500179593002025,OWA
500179593002026,OWA
500179593002027,OWA
500179593002028,OWA
500179593002029,OWA
500179593002030,OWA
500179593002031,OWA
500179593002032,OWA
500179593002033,OWA
500179593002034,OWA
500179593002035,OWA
500179593002036,OWA
500179593002037,OWA
500179593002038,OWA
500179593002039,OWA
500179593002040,OWA
500179593002041,OWA
500179593002042,OWA
500179593002043,OWA
500179593002044,OWA
500179593002045,OWA
500179593002046,OWA
500179593002047,OWA
500179593002048,OWA
500179593002049,OWA
500179593002050,OWA
500179593002051,OWA
500179593002052,OWA
500179593002053,OWA
500179593002054,OWA
500179593002055,OWA
500179593002056,OWA
500179593002057,OWA
500179593002058,OWA
500179593002059,OWA
500179593002060,OWA
500179593002061,OWA
500179593002062,OWA
500179593002063,OWA
500179593002064,OWA
500179593002065,OWA
500179593002066,OWA
500179593002067,OWA
500179593002068,OWA
500179593002069,OWA
500179593002070,OWA
500179593002071,OWA
500179593002072,OWA
500179593002073,OWA
500179593002074,OWA
500179593002075,OWA
500179593002076,OWA
500179593002077,OWA
500179593002078,OWA
500179593002079,OWA
500179593002080,OWA
500179593002081,OWA
500179593002082,OWA
500179593002083,OWA
500179593002084,OWA
500179593002085,OWA
500179593002086,OWA
500179593002087,OWA
500179593002088,OWA
500179593002089,OWA
500179593002090,OWA
500179593002091,OWA
500179593002092,OWA
500179593002093,OWA
500179593002094,OWA
500179593002095,OWA
500179593002096,OWA
500179593002097,OWA
500179593002098,OWA
500179593002099,OWA
500179593002100,OWA
500179593002101,OWA
500179593002102,OWA
500179593002103,OWA
500179593002104,OWA
500179593002105,OWA
500179594001000,OWA
500179594001001,OWA
500179594001002,OWA
500179594001003,OWA
500179594001004,OWA
500179594001005,OWA
500179594001006,OWA
500179594001007,OWA
500179594001008,OWA
500179594001009,OWA
500179594001010,OWA
500179594001011,OWA
500179594001012,OWA
500179594001013,OWA
500179594001014,OWA
500179594001015,OWA
500179594001016,OWA
500179594001017,OWA
500179594001018,OWA
500179594001019,OWA
500179594001020,OWA
500179594001021,OWA
500179594001022,OWA
500179594001023,OWA
500179594001024,OWA
500179594001025,OWA
500179594001026,OWA
500179594001027,OWA
500179594001028,OWA
500179594001029,OWA
500179594001030,OWA
500179594001031,OWA
500179594001032,OWA
500179594001033,OWA
500179594001034,OWA
500179594001035,OWA
500179594001036,OWA
500179594001037,OWA
500179594001038,OWA
500179594001039,OWA
500179594001040,OWA
500179594001041,OWA
500179594001042,OWA
500179594001043,OWA
500179594001044,OWA
500179594001045,OWA
500179594001046,OWA
500179594001047,OWA
500179594001048,OWA
500179594001049,OWA
500179594001050,OWA
500179594001051,OWA
500179594001052,OWA
500179594001053,OWA
500179594001054,OWA
500179594001055,OWA
500179594001056,OWA
500179594001057,OWA
500179594001058,OWA
500179594001059,OWA
500179594001060,OWA
500179594001061,OWA
500179594001062,OWA
500179594001063,OWA
500179594001064,OWA
500179594001065,OWA
500179594001066,OWA
500179594001067,OWA
500179594001068,OWA
500179594001069,OWA
500179594001070,OWA
500179594001071,OWA
500179594001072,OWA
500179594001073,OWA
500179594001074,OWA
500179594001075,OWA
500179594001076,OWA
500179594001077,OWA
500179594001078,OWA
500179594001079,OWA
500179594001080,OWA
500179594001081,OWA
500179594001082,OWA
500179594001083,OWA
500179594001084,OWA
500179594001085,OWA
500179594001086,OWA
500179594001087,OWA
500179594001088,OWA
500179594001089,OWA
500179594001090,OWA
500179594001091,OWA
500179594001092,OWA
500179594001093,OWA
500179594001094,OWA
500179594001095,OWA
500179594001096,OWA
500179594001097,OWA
500179594001098,OWA
500179594001099,OWA
500179594001100,OWA
500179594001101,OWA
500179594001102,OWA
500179594002000,OWA
500179594002001,OWA
500179594002002,OWA
500179594002003,OWA
500179594002004,OWA
500179594002005,OWA
500179594002006,OWA
500179594002007,OWA
500179594002008,OWA
500179594002009,OWA
500179594002010,OWA
500179594002011,OWA
500179594002012,OWA
500179594002013,OWA
500179594002014,OWA
500179594002015,OWA
500179594002016,OWA
500179594002017,OWA
500179594002018,OWA
500179594002019,OWA
500179594002020,OWA
500179594002021,OWA
500179594002022,OWA
500179594002023,OWA
500179594002024,OWA
500179594002025,OWA
500179594002026,OWA
500179594002027,OWA
500179594002028,OWA
500179594002029,OWA
500179594002030,OWA
500179594002031,OWA
500179594002032,OWA
500179594002033,OWA
500179594002034,OWA
500179594002035,OWA
500179594002036,OWA
500179594002037,OWA
500179594002038,OWA
500179594002039,OWA
500179594002040,OWA
500179594002041,OWA
500179594002042,OWA
500179594002043,OWA
500179594002044,OWA
500179594002045,OWA
500179594002046,OWA
500179594002047,OWA
500179594002048,OWA
500179594002049,OWA
500179594002050,OWA
500179594002051,OWA
500179594002052,OWA
500179594002053,OWA
500179594002054,OWA
500179594002055,OWA
500179594002056,OWA
500179594002057,OWA
500179594002058,OWA
500179594002059,OWA
500179594002060,OWA
500179594002061,OWA
500179594002062,OWA
500179594002063,OWA
500179594002064,OWA
500179594002065,OWA
500179594002066,OWA
500179594002067,OWA
500179594002068,OWA
500179594002069,OWA
500179594002070,OWA
500179594002071,OWA
500179594002072,OWA
500179594002073,OWA
500179594002074,OWA
500179594002075,OWA
500179594002076,OWA
500179594002077,OWA
500179594002078,OWA
500179594002079,OWA
500179594002080,OWA
500179594002081,OWA
500179594002082,OWA
500179594002083,OWA
500179594002084,OWA
500179594002085,OWA
500179594002086,OWA
500179594002087,OWA
500179594002088,OWA
500179594002089,OWA
500179594002090,OWA
500179594002091,OWA
500179594002092,OWA
500179594002093,OWA
500179594002094,OWA
500179594002095,OWA
500179594002096,OWA
500179594003000,OWA
500179594003001,OWA
500179594003002,OWA
500179594003003,OWA
500179594003004,OWA
500179594003005,OWA
500179594003006,OWA
500179594003007,OWA
500179594003008,OWA
500179594003009,OWA
500179594003010,OWA
500179594003011,OWA
500179594003012,OWA
500179594003013,OWA
500179594003014,OWA
500179594003015,OWA
500179594003016,OWA
500179594003017,OWA
500179594003018,OWA
500179594003019,OWA
500179594003020,OWA
500179594003021,OWA
500179594003022,OWA
500179594003023,OWA
500179594003024,OWA
500179594003025,OWA
500179594003026,OWA
500179594003027,OWA
500179594003028,OWA
500179594003029,OWA
500179594003030,OWA
500179594003031,OWA
500179594003032,OWA
500179594003033,OWA
500179594003034,OWA
500179594003035,OWA
500179594003036,OWA
500179594003037,OWA
500179594003038,OWA
500179594003039,OWA
500179594003040,OWA
500179594003041,OWA
500179594003042,OWA
500179594003043,OWA
500179594003044,OWA
500179594003045,OWA
500179594003046,OWA
500179594003047,OWA
500179594003048,OWA
500179594003049,OWA
500179594003050,OWA
500179594003051,OWA
500179594003052,OWA
500179594003053,OWA
500179594003054,OWA
500179594003055,OWA
500179594003056,OWA
500179594003057,OWA
500179594003058,OWA
500179594003059,OWA
500179594003060,OWA
500179594003061,OWA
500179594003062,OWA
500179594003063,OWA
500179594003064,OWA
500179595001000,OR1
500179595001001,OR1
500179595001002,OR1
500179595001003,OR1
500179595001004,OR1
500179595001005,OR1
500179595001006,OR1
500179595001007,OR1
500179595001008,OR1
500179595001009,OR1
500179595001010,OR1
500179595001011,OR1
500179595001012,OR1
500179595001013,OR1
500179595001014,OR1
500179595001015,OR1
500179595001016,OR1
500179595001017,OR1
500179595001018,OR1
500179595001019,OR1
500179595001020,OR1
500179595001021,OR1
500179595001022,OR1
500179595001023,OR1
500179595001024,OR1
500179595001025,OR1
500179595001026,OR1
500179595001027,OR1
500179595001028,OR1
500179595001029,OR1
500179595001030,OR1
500179595001031,OR1
500179595001032,OR1
500179595001033,OR1
500179595001034,OR1
500179595001035,OR1
500179595001036,OR1
500179595001037,OR1
500179595001038,OR1
500179595001039,OR1
500179595001040,OR1
500179595001041,OR1
500179595001042,OR1
500179595001043,OR1
500179595001044,OR1
500179595001045,OR1
500179595001046,OR1
500179595001047,OR1
500179595001048,OR1
500179595001049,OR1
500179595001050,OR1
500179595001051,OR1
500179595001052,OR1
500179595001053,OR1
500179595001054,OR1
500179595001055,OR1
500179595001056,OR1
500179595001057,OR1
500179595001058,OR1
500179595001059,OR1
500179595002000,OR1
500179595002001,OR1
500179595002002,OR1
500179595002003,OR1
500179595002004,OR1
500179595002005,OR1
500179595002006,OR1
500179595002007,OR1
500179595002008,OR1
500179595002009,OR1
500179595002010,OR1
500179595002011,OR1
500179595002012,OR1
500179595002013,OR1
500179595002014,OR1
500179595002015,OR1
500179595002016,OR1
500179595002017,OR1
500179595002018,OR1
500179595002019,OR1
500179595002020,OR1
500179595002021,OR1
500179595002022,OR1
500179595002023,OR1
500179595002024,OR1
500179595002025,OR1
500179595002026,OR1
500179595002027,OR1
500179595002028,OR1
500179595002029,OR1
500179595002030,OR1
500179595002031,OR1
500179595002032,OR1
500179595002033,OR1
500179595002034,OR1
500179595002035,OR1
500179595002036,OR1
500179595002037,OR1
500179595002038,OR1
500179595002039,OR1
500179595002040,OR1
500179595002041,OR1
500179595002042,OR1
500179595002043,OR1
500179595002044,OR1
500179595002045,OR1
500179595002046,OR1
500179595002047,OR1
500179595002048,OR1
500179595002049,OR1
500179595002050,OR1
500179595002051,OR1
500179595002052,OR1
500179595002053,OR1
500179595002054,OR1
500179595002055,OR1
500179595002056,OR1
500179595002057,OR1
500179595002058,OR1
500179595002059,OR1
500179595002060,OR1
500179595002061,OR1
500179595002062,OR1
500179595002063,OR1
500179595002064,OR1
500179595002065,OR1
500179595002066,OR1
500179595002067,OR1
500179595002068,OR1
500179595002069,OR1
500179595002070,OR1
500179595002071,OR1
500179595002072,OR1
500179595002073,OR1
500179595002074,OR1
500179595002075,OR1
500179595002076,OR1
500179595002077,OR1
500179595002078,OR1
500179595002079,OR1
500179595002080,OR1
500179595002081,OR1
500179595002082,OR1
500179595002083,OR1
500179595002084,OR1
500179595002085,OR1
500179595002086,OR1
500179595002087,OR1
500179595002088,OR1
500179595002089,OR1
500179595002090,OR1
500179595002091,OR1
500179595002092,OR1
500179595002093,OR1
500179595002094,OR1
500179595002095,OR1
500179595002096,OR1
500179595002097,OR1
500179595002098,OR1
500179595002099,OR1
500179595002100,OR1
500179595002101,OR1
500179595002102,OR1
500179595002103,OR1
500179595002104,OR1
500179595002105,OR1
500179595002106,OR1
500179595002107,OR1
500179595002108,OR1
500179595002109,OR1
500179595002110,OR1
500179595002111,OR1
500179595002112,OR1
500179595002113,OR1
500179595002114,OR1
500179595002115,OR1
500179595002116,OR1
500179595002117,OR1
500179595002118,OR1
500179595002119,OR1
500179595002120,OR1
500179595002121,OR1
500179595002122,OR1
500179595003000,YO1
500179595003001,YO1
500179595003002,YO1
500179595003003,YO1
500179595003004,YO1
500179595003005,YO1
500179595003006,YO1
500179595003007,YO1
500179595003008,YO1
500179595003009,YO1
500179595003010,YO1
500179595003011,YO1
500179595003012,YO1
500179595003013,YO1
500179595003014,YO1
500179595003015,YO1
500179595003016,YO1
500179595003017,YO1
500179595003018,YO1
500179595003019,YO1
500179595003020,YO1
500179595003021,YO1
500179595003022,YO1
500179595003023,YO1
500179595003024,YO1
500179595003025,YO1
500179595003026,YO1
500179595003027,YO1
500179595003028,YO1
500179595003029,YO1
500179595003030,YO1
500179595003031,YO1
500179595003032,YO1
500179595003033,YO1
500179595003034,YO1
500179595003035,YO1
500179595003036,YO1
500179595003037,YO1
500179595003038,YO1
500179595003039,YO1
500179595003040,YO1
500179595003041,YO1
500179595003042,YO1
500179595003043,YO1
500179595003044,YO1
500179595003045,YO1
500179595003046,YO1
500179595003047,YO1
500179595003048,YO1
500179595003049,YO1
500179595003050,YO1
500179595003051,YO1
500179595003052,YO1
500179595003053,YO1
500179595003054,YO1
500179595003055,YO1
500179595003056,YO1
500179595003057,YO1
500179595003058,YO1
500179595003059,YO1
500179595003060,YO1
500179595003061,YO1
500179595003062,YO1
500179595003063,YO1
500179595003064,YO1
500179595003065,YO1
500179595003066,YO1
500179595003067,YO1
500179595003068,YO1
500179595003069,YO1
500179595003070,YO1
500179595003071,YO1
500179595003072,YO1
500179595003073,YO1
500179595003074,YO1
500179595003075,YO1
500179595003076,YO1
500179595003077,YO1
500179595003078,YO1
500179595003079,YO1
500179595003080,YO1
500179595003081,YO1
500179595003082,YO1
500179595003083,YO1
500179595003084,YO1
500179595003085,YO1
500179595003086,YO1
500179595003087,YO1
500179595003088,YO1
500179595003089,YO1
500179595003090,YO1
500179595003091,YO1
500179595003092,YO1
500179595003093,YO1
500179595003094,YO1
500179595003095,YO1
500179595003096,YO1
500179595003097,YO1
500179595003098,YO1
500179595003099,YO1
500179595003100,YO1
500179595003101,YO1
500179595003102,YO1
500179595003103,YO1
500179595003104,YO1
500179595003105,YO1
500179595003106,YO1
500179595003107,YO1
500179595003108,YO1
500179595003109,YO1
500179595003110,YO1
500179595003111,YO1
500179595003112,YO1
500179595003113,YO1
500179595003114,YO1
500179595003115,YO1
500179595003116,YO1
500179595003117,YO1
500179595003118,YO1
500179595004000,YO2
500179595004001,YO2
500179595004002,YO2
500179595004003,YO2
500179595004004,YO2
500179595004005,YO2
500179595004006,YO2
500179595004007,YO2
500179595004008,YO2
500179595004009,YO2
500179595004010,YO2
500179595004011,YO2
500179595004012,YO2
500179595004013,YO2
500179595004014,YO2
500179595004015,YO2
500179595004016,YO2
500179595004017,YO2
500179595004018,YO2
500179595004019,YO2
500179595004020,YO2
500179595004021,YO2
500179595004022,YO2
500179595004023,YO2
500179595004024,YO2
500179595004025,YO2
500179595004026,YO2
500179595004027,YO2
500179595004028,YO2
500179595004029,YO2
500179595004030,YO2
500179595004031,YO2
500179595004032,YO2
500179595004033,YO2
500179595004034,YO2
500179595004035,YO2
500179595004036,YO2
500179595004037,YO2
500179595004038,YO2
500179595004039,YO2
500179595004040,YO2
500179595004041,YO2
500179595004042,YO2
500179595004043,YO2
500179595004044,YO2
500179595004045,YO2
500179595004046,YO2
500179595004047,YO2
500179595004048,YO2
500179595004049,YO2
500179595004050,YO2
500179595004051,YO2
500179595004052,YO2
500179595004053,YO2
500179595004054,YO2
500179595004055,YO2
500179595004056,YO2
500179595004057,YO2
500179595004058,YO2
500179595004059,YO2
500179595004060,YO2
500179595004061,YO2
500179595004062,YO2
500179595004063,YO2
500179595004064,YO2
500179595004065,YO2
500179595004066,YO2
500179595004067,YO2
500179595004068,YO2
500179595004069,YO2
500179595004070,YO2
500179595004071,YO2
500179595004072,YO2
500179595004073,YO2
500179595004074,YO2
500179595004075,YO2
500179595004076,YO2
500179595004077,YO2
500179595004078,YO2
500179595004079,YO2
500179595004080,YO2
500179595004081,YO2
500179595004082,YO2
500179595004083,YO2
500179595004084,YO2
500179595004085,YO2
500179595004086,YO2
500179595004087,YO2
500179595004088,YO2
500179595004089,YO2
500179595004090,YO2
500179595004091,YO2
500179595004092,YO2
500179595004093,YO2
500179595004094,YO2
500179595004095,YO2
500179595004096,YO2
500179595004097,YO2
500179595004098,YO2
500179595004099,YO2
500179595004100,YO2
500179595004101,YO2
500179595004102,YO2
500179595004103,YO2
500179595004104,YO2
500179595004105,YO2
500179595004106,YO2
500179595004107,YO2
500179595004108,YO2
500179595004109,YO2
500179595004110,YO2
500179595004111,YO2
500179595004112,YO2
500179595004113,YO2
500179595004114,YO2
500179596001000,YO2
500179596001001,YO2
500179596001002,YO2
500179596001003,YO2
500179596001004,YO2
500179596001005,YO2
500179596001006,YO2
500179596001007,YO2
500179596001008,YO2
500179596001009,YO2
500179596001010,YO2
500179596001011,YO2
500179596001012,YO2
500179596001013,YO2
500179596001014,YO2
500179596001015,YO2
500179596001016,YO2
500179596001017,YO2
500179596001018,YO2
500179596001019,YO2
500179596001020,YO2
500179596001021,YO2
500179596001022,YO2
500179596001023,YO2
500179596001024,YO2
500179596001025,YO2
500179596001026,YO2
500179596001027,YO2
500179596001028,YO2
500179596001029,YO2
500179596001030,YO2
500179596001031,YO2
500179596001032,YO2
500179596001033,YO2
500179596001034,YO2
500179596001035,YO2
500179596001036,YO2
500179596001037,YO2
500179596001038,YO2
500179596001039,YO2
500179596001040,YO2
500179596001041,YO2
500179596001042,YO2
500179596001043,YO2
500179596001044,YO2
500179596001045,YO2
500179596001046,YO2
500179596001047,YO2
500179596001048,YO2
500179596001049,YO2
500179596002000,YO2
500179596002001,YO2
500179596002002,YO2
500179596002003,YO2
500179596002004,YO2
500179596002005,YO2
500179596002006,YO2
500179596002007,YO2
500179596002008,YO2
500179596002009,YO2
500179596002010,YO2
500179596002011,YO2
500179596002012,YO2
500179596002013,YO2
500179596002014,YO2
500179596002015,YO2
500179596002016,YO2
500179596002017,YO2
500179596002018,YO2
500179596002019,YO2
500179596002020,YO2
500179596002021,YO2
500179596002022,YO2
500179596002023,YO2
500179596002024,YO2
500179596002025,YO2
500179596002026,YO2
500179596002027,YO2
500179596002028,YO2
500179596002029,YO2
500179596002030,YO2
500179596002031,YO2
500179596002032,YO2
500179596002033,YO2
500179596002034,YO2
500179596002035,YO2
500179596002036,YO2
500179596002037,YO2
500179596002038,YO2
500179596002039,YO2
500179596002040,YO2
500179596002041,YO2
500179596002042,YO2
500179596002043,YO2
500179596002044,YO2
500179596002045,YO2
500179596002046,YO2
500179596002047,YO2
500179596002048,YO2
500179596002049,YO2
500179596002050,YO2
500179596002051,YO2
500179596002052,YO2
500179596002053,YO2
500179596002054,YO2
500179596002055,YO2
500179596002056,YO2
500179596002057,YO2
500179596002058,YO2
500179596002059,YO2
500179596002060,YO2
500179596002061,YO2
500179596002062,YO2
500179596002063,YO2
500179596002064,YO2
500179596002065,YO2
500179596002066,YO2
500179596002067,YO2
500179596002068,YO2
500179596002069,YO2
500179596002070,YO2
500179596002071,YO2
500179596002072,YO2
500179596002073,YO2
500179596002074,YO2
500179596002075,YO2
500179596002076,YO2
500179596002077,YO2
500179596002078,YO2
500179596002079,YO2
500179596002080,YO2
500179596002081,YO2
500179596002082,YO2
500179596002083,YO2
500179596002084,YO2
500179596002085,YO2
500179596002086,YO2
500179596002087,YO2
500179596002088,YO2
500179596002089,YO2
500179596002090,YO2
500179596002091,YO2
500179596002092,YO2
500179596002093,YO2
500179596002094,YO2
500179596002095,YO2
500179596002096,YO2
500179596002097,YO2
500179596002098,YO2
500179596002099,YO2
500179596002100,YO2
500179596002101,YO2
500179596002102,YO2
500179596002103,YO2
500179596002104,YO2
500179596002105,YO2
500179596002106,YO2
500179596002107,YO2
500179596002108,YO2
500179596002109,YO2
500179596002110,YO2
500179596002111,YO2
500179596002112,YO2
500179597001000,OR2
500179597001001,OR2
500179597001002,OR2
500179597001003,OR2
500179597001004,OR2
500179597001005,OR2
500179597001006,OR2
500179597001007,OR2
500179597001008,OR2
500179597001009,OR2
500179597001010,OR2
500179597001011,OR2
500179597001012,OR2
500179597001013,OR2
500179597001014,OR2
500179597001015,OR2
500179597001016,OR2
500179597001017,OR2
500179597001018,OR2
500179597001019,OR2
500179597001020,OR2
500179597001021,OR2
500179597001022,OR2
500179597001023,OR2
500179597001024,OR2
500179597001025,OR2
500179597001026,OR2
500179597001027,OR2
500179597001028,OR2
500179597001029,OR2
500179597001030,OR2
500179597001031,OR2
500179597001032,OR2
500179597001033,OR2
500179597001034,OR2
500179597001035,OR2
500179597001036,OR2
500179597001037,OR2
500179597001038,OR2
500179597001039,OR2
500179597001040,OR2
500179597001041,OR2
500179597001042,OR2
500179597001043,OR2
500179597001044,OR2
500179597001045,OR2
500179597001046,OR2
500179597001047,OR2
500179597001048,OR2
500179597001049,OR2
500179597001050,OR2
500179597001051,OR2
500179597001052,OR2
500179597001053,OR2
500179597001054,OR2
500179597001055,OR2
500179597001056,OR2
500179597001057,OR2
500179597001058,OR2
500179597001059,OR2
500179597001060,OR2
500179597001061,OR2
500179597001062,OR2
500179597001063,OR2
500179597001064,OR2
500179597002000,OR2
500179597002001,OR2
500179597002002,OR2
500179597002003,OR2
500179597002004,OR2
500179597002005,OR2
500179597002006,OR2
500179597002007,OR2
500179597002008,OR2
500179597002009,OR2
500179597002010,OR2
500179597002011,OR2
500179597002012,OR2
500179597002013,OR2
500179597002014,OR2
500179597002015,OR2
500179597002016,OR2
500179597002017,OR2
500179597002018,OR2
500179597002019,OR2
500179597002020,OR2
500179597002021,OR2
500179597002022,OR2
500179597002023,OR2
500179597002024,OR2
500179597002025,OR2
500179597002026,OR2
500179597002027,OR2
500179597002028,OR2
500179597002029,OR2
500179597002030,OR2
500179597002031,OR2
500179597002032,OR2
500179597002033,OR2
500179597002034,OR2
500179597002035,OR2
500179597002036,OR2
500179597002037,OR2
500179597002038,OR2
500179597002039,OR2
500179597002040,OR2
500179597002041,OR2
500179597002042,OR2
500179597002043,OR2
500179597002044,OR2
500179597002045,OR2
500179597002046,OR2
500179597002047,OR2
500179597002048,OR2
500179597002049,OR2
500179597002050,OR2
500179597002051,OR2
500179597002052,OR2
500179597002053,OR2
500179597002054,OR2
500179597002055,OR2
500179597002056,OR2
500179597002057,OR2
500179597002058,OR2
500179597002059,OR2
500179597002060,OR2
500179597002061,OR2
500179597002062,OR2
500179597002063,OR2
500179597002064,OR2
500179597002065,OR2
500179597002066,OR2
500179597002067,OR2
500179597002068,OR2
500179597002069,OR2
500179597002070,OR2
500179597002071,OR2
500179597002072,OR2
500179597002073,OR2
500179597002074,OR2
500179597002075,OR2
500179597002076,OR2
500179597002077,OR2
500179597002078,OR2
500179597002079,OR2
500179597002080,OR2
500179597002081,OR2
500179597002082,OR2
500179597002083,OR2
500179597002084,OR2
500179597002085,OR2
500179597002086,OR2
500179597002087,OR2
500179597002088,OR2
500179597002089,OR2
500179597002090,OR2
500179597002091,OR2
500179597002092,OR2
500179597002093,OR2
500179597002094,OR2
500179597002095,OR2
500179597002096,OR2
500179597002097,OR2
500179597002098,OR2
500179597002099,OR2
500179597002100,OR2
500179598001000,OR2
500179598001001,OR2
500179598001002,OR2
500179598001003,OR2
500179598001004,OR2
500179598001005,OR2
500179598001006,OR2
500179598001007,OR2
500179598001008,OR2
500179598001009,OR2
500179598001010,OR2
500179598001011,OR2
500179598001012,OR2
500179598001013,OR2
500179598001014,OR2
500179598001015,OR2
500179598001016,OR2
500179598001017,OR2
500179598001018,OR2
500179598001019,OR2
500179598001020,OR2
500179598001021,OR2
500179598001022,OR2
500179598001023,OR2
500179598001024,OR2
500179598001025,OR2
500179598001026,OR2
500179598001027,OR2
500179598001028,OR2
500179598001029,OR2
500179598001030,OR2
500179598001031,OR2
500179598001032,OR2
500179598001033,OR2
500179598001034,OR2
500179598001035,OR2
500179598001036,OR2
500179598001037,OR2
500179598001038,OR2
500179598001039,OR2
500179598001040,OR2
500179598001041,OR2
500179598001042,OR2
500179598001043,OR2
500179598001044,OR2
500179598001045,OR2
500179598001046,OR2
500179598001047,OR2
500179598001048,OR2
500179598001049,OR2
500179598001050,OR2
500179598001051,OR2
500179598001052,OR2
500179598001053,OR2
500179598001054,OR2
500179598001055,OR2
500179598001056,OR2
500179598001057,OR2
500179598001058,OR2
500179598001059,OR2
500179598001060,OR2
500179598001061,OR2
500179598002000,OR2
500179598002001,OR2
500179598002002,OR2
500179598002003,OR2
500179598002004,OR2
500179598002005,OR2
500179598002006,OR2
500179598002007,OR2
500179598002008,OR2
500179598002009,OR2
500179598002010,OR2
500179598002011,OR2
500179598002012,OR2
500179598002013,OR2
500179598002014,OR2
500179598002015,OR2
500179598002016,OR2
500179598002017,OR2
500179598002018,OR2
500179598002019,OR2
500179598002020,OR2
500179598002021,OR2
500179598002022,OR2
500179598002023,OR2
500179598002024,OR2
500179598002025,OR2
500179598002026,OR2
500179598002027,OR2
500179598002028,OR2
500179598002029,OR2
500179598002030,OR2
500179598002031,OR2
500179598002032,OR2
500179598002033,OR2
500179598002034,OR2
500179598002035,OR2
500179598002036,OR2
500179598002037,OR2
500179598002038,OR2
500179598002039,OR2
500179598002040,OR2
500179598002041,OR2
500179598002042,OR2
500179598002043,OR2
500179598002044,OR2
500179598002045,OR2
500179598002046,OR2
500179598002047,OR2
500179598002048,OR2
500179598002049,OR2
500179598002050,OR2
500179598002051,OR2
500179598002052,OR2
500179598002053,OR2
500179598002054,OR2
500179598002055,OR2
500179598002056,OR2
500179598002057,OR2
500179598002058,OR2
500179598002059,OR2
500179598002060,OR2
500179598002061,OR2
500179598002062,OR2
500179598002063,OR2
500179598002064,OR2
500179598002065,OR2
500179598002066,OR2
500179598002067,OR2
500179598002068,OR2
500179598002069,OR2
500179598002070,OR2
500179598002071,OR2
500179598002072,OR2
500179598002073,OR2
500179598002074,OR2
500179598002075,OR2
500179598002076,OR2
500179598002077,OR2
500179598002078,OR2
500179598002079,OR2
500179598002080,OR2
500179598002081,OR2
500179598002082,OR2
500179598002083,OR2
500179598002084,OR2
500179598002085,OR2
500179598002086,OR2
500179598002087,OR2
500179598002088,OR2
500179598002089,OR2
500179598002090,OR2
500179598002091,OR2
500179598002092,OR2
500179598002093,OR2
500179598002094,OR2
500179598002095,OR2
500179598002096,OR2
500179598002097,OR2
500179598002098,OR2
500179598002099,OR2
500179598002100,OR2
500179598002101,OR2
500179598002102,OR2
500179598002103,OR2
500179598002104,OR2
500179598002105,OR2
500179598002106,OR2
500179598002107,OR2
500199511001000,O-1
500199511001001,O-1
500199511001002,O-1
500199511001003,O-1
500199511001004,O-1
500199511001005,O-1
500199511001006,O-1
500199511001007,O-1
500199511001008,O-1
500199511001009,O-1
500199511001010,O-1
500199511001011,O-1
500199511001012,O-1
500199511001013,O-1
500199511001014,O-1
500199511001015,O-1
500199511001016,O-1
500199511001017,O-1
500199511001018,O-1
500199511001019,O-1
500199511001020,O-1
500199511001021,O-1
500199511001022,O-1
500199511001023,O-1
500199511001024,O-1
500199511001025,O-1
500199511001026,O-1
500199511001027,O-1
500199511001028,O-1
500199511001029,O-1
500199511001030,O-1
500199511001031,O-1
500199511001032,O-1
500199511001033,O-1
500199511001034,O-1
500199511001035,O-1
500199511001036,O-1
500199511001037,O-1
500199511001038,O-1
500199511001039,O-1
500199511001040,O-1
500199511001041,O-1
500199511001042,O-1
500199511001043,O-1
500199511001044,O-1
500199511001045,O-1
500199511001079,O-1
500199511001080,O-1
500199511001144,O-1
500199511001145,O-1
500199511001046,O-1
500199511001047,O-1
500199511001048,O-1
500199511001049,O-1
500199511001050,O-1
500199511001051,O-1
500199511001052,O-1
500199511001053,O-1
500199511001054,O-1
500199511001055,O-1
500199511001056,O-1
500199511001057,O-1
500199511001058,O-1
500199511001059,O-1
500199511001060,O-1
500199511001061,O-1
500199511001062,O-1
500199511001063,O-1
500199511001064,O-1
500199511001065,O-1
500199511001066,O-1
500199511001067,O-1
500199511001068,O-1
500199511001069,O-1
500199511001070,O-1
500199511001071,O-1
500199511001072,O-1
500199511001073,O-1
500199511001074,O-1
500199511001075,O-1
500199511001076,O-1
500199511001077,O-1
500199511001078,O-1
500199511001081,O-1
500199511001082,O-1
500199511001083,O-1
500199511001084,O-1
500199511001085,O-1
500199511001086,O-1
500199511001087,O-1
500199511001088,O-1
500199511001089,O-1
500199511001090,O-1
500199511001091,O-1
500199511001092,O-1
500199511001093,O-1
500199511001094,O-1
500199511001095,O-1
500199511001096,O-1
500199511001097,O-1
500199511001098,O-1
500199511001099,O-1
500199511001100,O-1
500199511001101,O-1
500199511001102,O-1
500199511001103,O-1
500199511001104,O-1
500199511001105,O-1
500199511001106,O-1
500199511001107,O-1
500199511001108,O-1
500199511001109,O-1
500199511001110,O-1
500199511001111,O-1
500199511001112,O-1
500199511001113,O-1
500199511001114,O-1
500199511001115,O-1
500199511001116,O-1
500199511001117,O-1
500199511001118,O-1
500199511001119,O-1
500199511001120,O-1
500199511001121,O-1
500199511001122,O-1
500199511001123,O-1
500199511001124,O-1
500199511001125,O-1
500199511001126,O-1
500199511001127,O-1
500199511001128,O-1
500199511001129,O-1
500199511001130,O-1
500199511001131,O-1
500199511001132,O-1
500199511001133,O-1
500199511001134,O-1
500199511001135,O-1
500199511001136,O-1
500199511001137,O-1
500199511001138,O-1
500199511001139,O-1
500199511001140,O-1
500199511001141,O-1
500199511001142,O-1
500199511001143,O-1
500199511001146,O-1
500199511001147,O-1
500199511001148,O-1
500199511001149,O-1
500199511002000,O-1
500199511002001,O-1
500199511002002,O-1
500199511002003,O-1
500199511002004,O-1
500199511002005,O-1
500199511002006,O-1
500199511002007,O-1
500199511002008,O-1
500199511002009,O-1
500199511002010,O-1
500199511002011,O-1
500199511002012,O-1
500199511002013,O-1
500199511002014,O-1
500199511002015,O-1
500199511002016,O-1
500199511002017,O-1
500199511002018,O-1
500199511002019,O-1
500199511002020,O-1
500199511002021,O-1
500199511002022,O-1
500199511002023,O-1
500199511002024,O-1
500199511002025,O-1
500199511002026,O-1
500199511002027,O-1
500199511002028,O-1
500199511002029,O-1
500199511002030,O-1
500199511002031,O-1
500199511002032,O-1
500199511002033,O-1
500199511002034,O-1
500199511002035,O-1
500199511002036,O-1
500199511002037,O-1
500199511002038,O-1
500199511002039,O-1
500199511002040,O-1
500199511002041,O-1
500199511002042,O-1
500199511002043,O-1
500199511002044,O-1
500199511002045,O-1
500199511002046,O-1
500199511002047,O-1
500199511002048,O-1
500199511002049,O-1
500199511002050,O-1
500199511002051,O-1
500199511002052,O-1
500199511002053,O-1
500199511002054,O-1
500199511002055,O-1
500199511002056,O-1
500199511002057,O-1
500199511002058,O-1
500199511002059,O-1
500199511002060,O-1
500199511002061,O-1
500199511002062,O-1
500199511002063,O-1
500199511002064,O-1
500199511002065,O-1
500199511002066,O-1
500199511002067,O-1
500199511002068,O-1
500199511002069,O-1
500199511002070,O-1
500199511002071,O-1
500199511002072,O-1
500199511002073,O-1
500199511002074,O-1
500199511002075,O-1
500199511002076,O-1
500199511002077,O-1
500199511002078,O-1
500199511002079,O-1
500199511002080,O-1
500199511002081,O-1
500199511002082,O-1
500199511002083,O-1
500199511002084,O-1
500199511002085,O-1
500199511002086,O-1
500199511002087,O-1
500199511002088,O-1
500199511002089,O-1
500199511002090,O-1
500199511002091,O-1
500199511002092,O-1
500199511002093,O-1
500199511002094,O-1
500199511002095,O-1
500199511002096,O-1
500199512001000,O-1
500199512001001,O-1
500199512001002,O-1
500199512001003,O-1
500199512001004,O-1
500199512001005,O-1
500199512001006,O-1
500199512001007,O-1
500199512001008,O-1
500199512001009,O-1
500199512001010,O-1
500199512001011,O-1
500199512001012,O-1
500199512001013,O-1
500199512001014,O-1
500199512001015,O-1
500199512001016,O-1
500199512001017,O-1
500199512001018,O-1
500199512001019,O-1
500199512001020,O-1
500199512001021,O-1
500199512001022,O-1
500199512001023,O-1
500199512001024,O-1
500199512001025,O-1
500199512001026,O-1
500199512001027,O-1
500199512001028,O-1
500199512001029,O-1
500199512001030,O-1
500199512001031,O-1
500199512001032,O-1
500199512001033,O-1
500199512001034,O-1
500199512001035,O-1
500199512001036,O-1
500199512001037,O-1
500199512001038,O-1
500199512001039,O-1
500199512001040,O-1
500199512001041,O-1
500199512001042,O-1
500199512001043,O-1
500199512001044,O-1
500199512001045,O-1
500199512001046,O-1
500199512001047,O-1
500199512001048,O-1
500199512001049,O-1
500199512001050,O-1
500199512001051,O-1
500199512001052,O-1
500199512001053,O-1
500199512001054,O-1
500199512002000,O-1
500199512002001,O-1
500199512002002,O-1
500199512002003,O-1
500199512002004,O-1
500199512002005,O-1
500199512002006,O-1
500199512002007,O-1
500199512002008,O-1
500199512002009,O-1
500199512002010,O-1
500199512002011,O-1
500199512002012,O-1
500199512002013,O-1
500199512002014,O-1
500199512002015,O-1
500199512002016,O-1
500199512002017,O-1
500199512002018,O-1
500199512002019,O-1
500199512002020,O-1
500199512002021,O-1
500199512002022,O-1
500199512002023,O-1
500199512002024,O-1
500199512002025,O-1
500199512002026,O-1
500199512002027,O-1
500199512002028,O-1
500199512002029,O-1
500199512002030,O-1
500199512002031,O-1
500199512002032,O-1
500199512002033,O-1
500199512002034,O-1
500199512002035,O-1
500199512002036,O-1
500199512002037,O-1
500199512002038,O-1
500199512002039,O-1
500199512002040,O-1
500199512002041,O-1
500199512002042,O-1
500199512002043,O-1
500199512002044,O-1
500199512002045,O-1
500199512003000,O-1
500199512003001,O-1
500199512003002,O-1
500199512003003,O-1
500199512003004,O-1
500199512003005,O-1
500199512003006,O-1
500199512003007,O-1
500199512003008,O-1
500199512003009,O-1
500199512003010,O-1
500199512003011,O-1
500199512003012,O-1
500199512003013,O-1
500199512003014,O-1
500199512003015,O-1
500199512003016,O-1
500199512003017,O-1
500199512003018,O-1
500199512003019,O-1
500199512003020,O-1
500199512003021,O-1
500199512003022,O-1
500199512003023,O-1
500199512003024,O-1
500199512003025,O-1
500199512003026,O-1
500199512003027,O-1
500199512003028,O-1
500199512003029,O-1
500199512003030,O-1
500199512003031,O-1
500199512003032,O-1
500199512003033,O-1
500199512003034,O-1
500199512003035,O-1
500199512003036,O-1
500199512003037,O-1
500199512003038,O-1
500199512003039,O-1
500199512003040,O-1
500199512003041,O-1
500199512003042,O-1
500199512003043,O-1
500199512003044,O-1
500199512003045,O-1
500199512003046,O-1
500199512003047,O-1
500199512003048,O-1
500199512003049,O-1
500199512003050,O-1
500199512003051,O-1
500199512003052,O-1
500199512003053,O-1
500199512003054,O-1
500199512003055,O-1
500199512003056,O-1
500199512003057,O-1
500199512003058,O-1
500199512003059,O-1
500199512003060,O-1
500199512003061,O-1
500199513001000,O-1
500199513001001,O-1
500199513001002,O-1
500199513001003,O-1
500199513001004,O-1
500199513001005,O-1
500199513001006,O-1
500199513001007,O-1
500199513001008,O-1
500199513001009,O-1
500199513001010,O-1
500199513001011,O-1
500199513001012,O-1
500199513001013,O-1
500199513001014,O-1
500199513001015,O-1
500199513001016,O-1
500199513001017,O-1
500199513001018,O-1
500199513001019,O-1
500199513001020,O-1
500199513001021,O-1
500199513001022,O-1
500199513001023,O-1
500199513001024,O-1
500199513001025,O-1
500199513001026,O-1
500199513001027,O-1
500199513001028,O-1
500199513001029,O-1
500199513001030,O-1
500199513001031,O-1
500199513001032,O-1
500199513001033,O-1
500199513001034,O-1
500199513001035,O-1
500199513001036,O-1
500199513001037,O-1
500199513001038,O-1
500199513001039,O-1
500199513001040,O-1
500199513001041,O-1
500199513001042,O-1
500199513001043,O-1
500199513001044,O-1
500199513001045,O-1
500199513001046,O-1
500199513001047,O-1
500199513001048,O-1
500199513001049,O-1
500199513001050,O-1
500199513001051,O-1
500199513001052,O-1
500199513001053,O-1
500199513001054,O-1
500199513001055,O-1
500199513001056,O-1
500199513001057,O-1
500199513001058,O-1
500199513001059,O-1
500199513001060,O-1
500199513001061,O-1
500199513001062,O-1
500199513001063,O-1
500199513001064,O-1
500199513001065,O-1
500199513001066,O-1
500199513001067,O-1
500199513001068,O-1
500199513001069,O-1
500199513001070,O-1
500199513001071,O-1
500199513001072,O-1
500199513001073,O-1
500199513001074,O-1
500199513001075,O-1
500199513001076,O-1
500199513001077,O-1
500199513001078,O-1
500199513001079,O-1
500199513001080,O-1
500199513001081,O-1
500199513001082,O-1
500199513001083,O-1
500199513001084,O-1
500199513001085,O-1
500199513001086,O-1
500199513001087,O-1
500199513001088,O-1
500199513001089,O-1
500199513001090,O-1
500199513001091,O-1
500199513001092,O-1
500199513001093,O-1
500199513001094,O-1
500199513001095,O-1
500199513001096,O-1
500199513001097,O-1
500199513001098,O-1
500199513001099,O-1
500199513001100,O-1
500199513001101,O-1
500199513001102,O-1
500199513001103,O-1
500199513001104,O-1
500199513001105,O-1
500199513001106,O-1
500199513001107,O-1
500199513001108,O-1
500199513001109,O-1
500199513001110,O-1
500199513001111,O-1
500199513001112,O-1
500199513001113,O-1
500199513001114,O-1
500199513001115,O-1
500199513001116,O-1
500199513001117,O-1
500199513001118,O-1
500199513001119,O-1
500199513001120,O-1
500199513001121,O-1
500199513001122,O-1
500199513001123,O-1
500199513001124,O-1
500199513001125,O-1
500199513001126,O-1
500199513001127,O-1
500199513001128,O-1
500199513001129,O-1
500199513001130,O-1
500199513001131,O-1
500199513001132,O-1
500199513001133,O-1
500199513001134,O-1
500199513001135,O-1
500199513001136,O-1
500199513001137,O-1
500199513001138,O-1
500199513001139,O-1
500199513001140,O-1
500199513001141,O-1
500199513001142,O-1
500199513001143,O-1
500199513001144,O-1
500199513001145,O-1
500199513001146,O-1
500199513001147,O-1
500199513001148,O-1
500199513001149,O-1
500199513001150,O-1
500199513001151,O-1
500199514001000,O-2
500199514001001,O-2
500199514001002,O-2
500199514001003,O-2
500199514001004,O-2
500199514001005,O-2
500199514001006,O-2
500199514001007,O-2
500199514001008,O-2
500199514001009,O-2
500199514001010,O-2
500199514001011,O-2
500199514001012,O-2
500199514001013,O-2
500199514001014,O-2
500199514001015,O-2
500199514001016,O-2
500199514001017,O-2
500199514001018,O-2
500199514001019,O-2
500199514001020,O-2
500199514001021,O-2
500199514001022,O-2
500199514001023,O-2
500199514001024,O-2
500199514001025,O-2
500199514001026,O-2
500199514001027,O-2
500199514001028,O-2
500199514001029,O-2
500199514001030,O-2
500199514001031,O-2
500199514001032,O-2
500199514001033,O-2
500199514001034,O-2
500199514001035,O-2
500199514001036,O-2
500199514001037,O-2
500199514001038,O-2
500199514001039,O-2
500199514001040,O-2
500199514001041,O-2
500199514001042,O-2
500199514001043,O-2
500199514001044,O-2
500199514001045,O-2
500199514001046,O-2
500199514001047,O-2
500199514001048,O-2
500199514002000,O-2
500199514002001,O-2
500199514002002,O-2
500199514002003,O-2
500199514002004,O-2
500199514002005,O-2
500199514002006,O-2
500199514002007,O-2
500199514002008,O-2
500199514002009,O-2
500199514002010,O-2
500199514002011,O-2
500199514002012,O-2
500199514002013,O-2
500199514002014,O-2
500199514002015,O-2
500199514002016,O-2
500199514002017,O-2
500199514002018,O-2
500199514002019,O-2
500199514002020,O-2
500199514002021,O-2
500199514002022,O-2
500199514002023,O-2
500199514002024,O-2
500199514002025,O-2
500199514002026,O-2
500199514002027,O-2
500199514002028,O-2
500199514002029,O-2
500199514002030,O-2
500199514002031,O-2
500199514002032,O-2
500199514002033,O-2
500199514002034,O-2
500199514002035,O-2
500199514002036,O-2
500199514002037,O-2
500199514002038,O-2
500199514002039,O-2
500199514002040,O-2
500199514002041,O-2
500199514002042,O-2
500199514002043,O-2
500199514002044,O-2
500199514002045,O-2
500199514002046,O-2
500199514002047,O-2
500199514002048,O-2
500199514002049,O-2
500199514002050,O-2
500199514002051,O-2
500199515001000,O-2
500199515001001,O-2
500199515001002,O-2
500199515001003,O-2
500199515001004,O-2
500199515001005,O-2
500199515001006,O-2
500199515001007,O-2
500199515001008,O-2
500199515001009,O-2
500199515001010,O-2
500199515001011,O-2
500199515001012,O-2
500199515001013,O-2
500199515001014,O-2
500199515001015,O-2
500199515001016,O-2
500199515001017,O-2
500199515001018,O-2
500199515001019,O-2
500199515001020,O-2
500199515001021,O-2
500199515001022,O-2
500199515001023,O-2
500199515001024,O-2
500199515001025,O-2
500199515001026,O-2
500199515001027,O-2
500199515001028,O-2
500199515001029,O-2
500199515001030,O-2
500199515001031,O-2
500199515001032,O-2
500199515001033,O-2
500199515002000,O-2
500199515002001,O-2
500199515002002,O-2
500199515002003,O-2
500199515002004,O-2
500199515002005,O-2
500199515002006,O-2
500199515002007,O-2
500199515002008,O-2
500199515002009,O-2
500199515002010,O-2
500199515002011,O-2
500199515002012,O-2
500199515002013,O-2
500199515002014,O-2
500199515002015,O-2
500199515002016,O-2
500199515002017,O-2
500199515002018,O-2
500199515002019,O-2
500199515002020,O-2
500199515002021,O-2
500199515002022,O-2
500199515002023,O-2
500199515002024,O-2
500199515002025,O-2
500199515002026,O-2
500199515002027,O-2
500199515002028,O-2
500199515002029,O-2
500199515002030,O-2
500199515002031,O-2
500199515002032,O-2
500199515002033,O-2
500199515002034,O-2
500199515002035,O-2
500199515002036,O-2
500199515002037,O-2
500199515002038,O-2
500199515002039,O-2
500199515002040,O-2
500199515002041,O-2
500199515002042,O-2
500199515002043,O-2
500199515002044,O-2
500199515002045,O-2
500199515002046,O-2
500199515002047,O-2
500199515002048,O-2
500199515002049,O-2
500199515002050,O-2
500199515002051,O-2
500199515002052,O-2
500199515002053,O-2
500199515002054,O-2
500199515002055,O-2
500199515002056,O-2
500199515002057,O-2
500199515002058,O-2
500199515002059,O-2
500199515002060,O-2
500199515002061,O-2
500199516001000,O-2
500199516001001,O-2
500199516001002,O-2
500199516001003,O-2
500199516001004,O-2
500199516001005,O-2
500199516001006,O-2
500199516001007,O-2
500199516001008,O-2
500199516001009,O-2
500199516001010,O-2
500199516001011,O-2
500199516001012,O-2
500199516001013,O-2
500199516001014,O-2
500199516001015,O-2
500199516001016,O-2
500199516001017,O-2
500199516001018,O-2
500199516001019,O-2
500199516001020,O-2
500199516001021,O-2
500199516001022,O-2
500199516001023,O-2
500199516001024,O-2
500199516001025,O-2
500199516001026,O-2
500199516001027,O-2
500199516001028,O-2
500199516001029,O-2
500199516001030,O-2
500199516001031,O-2
500199516001032,O-2
500199516001033,O-2
500199516001034,O-2
500199516001035,O-2
500199516001036,O-2
500199516001037,O-2
500199516001038,O-2
500199516001039,O-2
500199516001040,O-2
500199516001041,O-2
500199516001042,O-2
500199516001043,O-2
500199516001044,O-2
500199516001045,O-2
500199516001046,O-2
500199516001047,O-2
500199516001048,O-2
500199516001049,O-2
500199516001050,O-2
500199516001051,O-2
500199516001052,O-2
500199516001053,O-2
500199516001054,O-2
500199516001055,O-2
500199516001056,O-2
500199516001057,O-2
500199516001058,O-2
500199516001059,O-2
500199516001060,O-2
500199516001061,O-2
500199516001062,O-2
500199516001063,O-2
500199516001064,O-2
500199516001065,O-2
500199516001066,O-2
500199516001067,O-2
500199516001068,O-2
500199516001069,O-2
500199516001070,O-2
500199516001071,O-2
500199516001072,O-2
500199516001073,O-2
500199516001074,O-2
500199516002000,O-2
500199516002001,O-2
500199516002002,O-2
500199516002003,O-2
500199516002004,O-2
500199516002005,O-2
500199516002006,O-2
500199516002007,O-2
500199516002008,O-2
500199516002009,O-2
500199516002010,O-2
500199516002011,O-2
500199516002012,O-2
500199516002013,O-2
500199516002014,O-2
500199516002015,O-2
500199516002016,O-2
500199516002017,O-2
500199516002018,O-2
500199516002019,O-2
500199516002020,O-2
500199516002021,O-2
500199516002022,O-2
500199516002023,O-2
500199516002024,O-2
500199516002025,O-2
500199516002026,O-2
500199516002027,O-2
500199516002028,O-2
500199516002029,O-2
500199516002030,O-2
500199516002031,O-2
500199516002032,O-2
500199516002033,O-2
500199516002034,O-2
500199516005000,O-L
500199516005001,O-L
500199516005002,O-L
500199516005003,O-L
500199516005004,O-L
500199516005005,O-L
500199516005006,O-L
500199516005007,O-L
500199516005008,O-L
500199516005009,O-L
500199516005010,O-L
500199516005011,O-L
500199516005012,O-L
500199516005013,O-L
500199516005014,O-L
500199516005015,O-L
500199516005016,O-L
500199516005017,O-L
500199516005018,O-L
500199516005019,O-L
500199516005020,O-L
500199516005021,O-L
500199516005022,O-L
500199516005023,O-L
500199516005024,O-L
500199516005025,O-L
500199516005026,O-L
500199516005027,O-L
500199516005028,O-L
500199516005029,O-L
500199516005030,O-L
500199516005031,O-L
500199516005032,O-L
500199516005033,O-L
500199516005034,O-L
500199516005035,O-L
500199516005036,O-L
500199516005037,O-L
500199516005038,O-L
500199516005039,O-L
500199516005040,O-L
500199516005041,O-L
500199516005042,O-L
500199516005043,O-L
500199516005044,O-L
500199516005045,O-L
500199516005046,O-L
500199516005047,O-L
500199516005048,O-L
500199516005049,O-L
500199516005050,O-L
500199516005051,O-L
500199516005052,O-L
500199516005053,O-L
500199516005054,O-L
500199516005055,O-L
500199516005056,O-L
500199516005057,O-L
500199516005058,O-L
500199516005059,O-L
500199516005060,O-L
500199516005061,O-L
500199516005062,O-L
500199516005063,O-L
500199516005092,O-L
500199516005125,O-L
500199516005064,O-L
500199516005065,O-L
500199516005066,O-L
500199516005067,O-L
500199516005068,O-L
500199516005069,O-L
500199516005070,O-L
500199516005071,O-L
500199516005072,O-L
500199516005073,O-L
500199516005074,O-L
500199516005075,O-L
500199516005076,O-L
500199516005077,O-L
500199516005078,O-L
500199516005079,O-L
500199516005080,O-L
500199516005081,O-L
500199516005082,O-L
500199516005083,O-L
500199516005084,O-L
500199516005085,O-L
500199516005086,O-L
500199516005087,O-L
500199516005088,O-L
500199516005089,O-L
500199516005090,O-L
500199516005091,O-L
500199516005093,O-L
500199516005094,O-L
500199516005095,O-L
500199516005096,O-L
500199516005097,O-L
500199516005098,O-L
500199516005099,O-L
500199516005100,O-L
500199516005101,O-L
500199516005102,O-L
500199516005103,O-L
500199516005104,O-L
500199516005105,O-L
500199516005106,O-L
500199516005107,O-L
500199516005108,O-L
500199516005109,O-L
500199516005110,O-L
500199516005111,O-L
500199516005112,O-L
500199516005113,O-L
500199516005114,O-L
500199516005115,O-L
500199516005116,O-L
500199516005117,O-L
500199516005118,O-L
500199516005119,O-L
500199516005120,O-L
500199516005121,O-L
500199516005122,O-L
500199516005123,O-L
500199516005124,O-L
500199516005126,O-L
500199516005127,O-L
500199516005128,O-L
500199517001000,O-L
500199517001001,O-L
500199517001002,O-L
500199517001003,O-L
500199517001004,O-L
500199517001005,O-L
500199517001006,O-L
500199517001007,O-L
500199517001008,O-L
500199517001009,O-L
500199517001010,O-L
500199517001011,O-L
500199517001012,O-L
500199517001013,O-L
500199517001014,O-L
500199517001015,O-L
500199517001016,O-L
500199517001017,O-L
500199517001018,O-L
500199517001019,O-L
500199517001020,O-L
500199517001021,O-L
500199517001022,O-L
500199517001023,O-L
500199517001024,O-L
500199517001025,O-L
500199517001026,O-L
500199517001027,O-L
500199517001028,O-L
500199517001029,O-L
500199517001030,O-L
500199517001031,O-L
500199517001032,O-L
500199517001033,O-L
500199517001034,O-L
500199517001035,O-L
500199517001036,O-L
500199517001037,O-L
500199517001038,O-L
500199517001039,O-L
500199517001040,O-L
500199517001041,O-L
500199517001042,O-L
500199517001043,O-L
500199517001044,O-L
500199517001045,O-L
500199517001046,O-L
500199517001047,O-L
500199517001048,O-L
500199517001049,O-L
500199517001050,O-L
500199517001051,O-L
500199517001052,O-L
500199517001053,O-L
500199517001054,O-L
500199517001055,O-L
500199517001056,O-L
500199517001057,O-L
500199517001058,O-L
500199517001059,O-L
500199517001060,O-L
500199517001061,O-L
500199517001062,O-L
500199517001063,O-L
500199517001064,O-L
500199517001065,O-L
500199517001066,O-L
500199517001067,O-L
500199517001068,O-L
500199517001069,O-L
500199517001070,O-L
500199517001071,O-L
500199517001072,O-L
500199517001073,O-L
500199517001074,O-L
500199517001075,O-L
500199517002000,O-2
500199517002001,O-2
500199517002002,O-2
500199517002003,O-2
500199517002004,O-2
500199517002005,O-2
500199517002006,O-2
500199517002007,O-2
500199517002008,O-2
500199517002009,O-2
500199517002010,O-2
500199517002011,O-2
500199517002012,O-2
500199517002013,O-2
500199517002014,O-2
500199517002015,O-2
500199517002016,O-2
500199517002017,O-2
500199517002018,O-2
500199517002019,O-2
500199517002020,O-2
500199517002021,O-2
500199517002022,O-2
500199517002023,O-2
500199517002024,O-2
500199517002025,O-2
500199517002026,O-2
500199517002027,O-2
500199517002028,O-2
500199517002029,O-2
500199517002030,O-2
500199517002031,O-2
500199517002032,O-2
500199517002033,O-2
500199517002034,O-2
500199517002035,O-2
500199517002036,O-2
500199517002037,O-2
500199517002038,O-2
500199517002039,O-2
500199517002040,O-2
500199517002041,O-2
500199517002042,O-2
500199517002043,O-2
500199517002044,O-2
500199517002045,O-2
500199517002046,O-2
500199517002047,O-2
500199517002048,O-2
500199517002049,O-2
500199517002050,O-2
500199517002051,O-2
500199517002052,O-2
500199517002053,O-2
500199517002054,O-2
500199517002055,O-2
500199517002056,O-2
500199517002057,O-2
500199517002058,O-2
500199517002059,O-2
500199517002060,O-2
500199517002061,O-2
500199517002062,O-2
500199517002063,O-2
500199517002064,O-2
500199517002065,O-2
500199517002066,O-2
500199517002067,O-2
500199517002068,O-2
500199517002069,O-2
500199517002070,O-2
500199517002071,O-2
500199517002072,O-2
500199517002073,O-2
500199517002074,O-2
500199517002075,O-2
500199517002076,O-2
500199517002077,O-2
500199517002078,O-2
500199517002079,O-2
500199517002080,O-2
500199517002081,O-2
500199517002082,O-2
500199517002083,O-2
500199517002084,O-2
500199517002085,O-2
500199517002086,O-2
500199517002087,O-2
500199517002088,O-2
500199517002089,O-2
500199517002090,O-2
500199517002091,O-2
500199517002092,O-2
500199517002093,O-2
500199517002094,O-2
500199517002095,O-2
500199517002096,O-2
500199517002097,O-2
500199517002098,O-2
500199517002099,O-2
500199517002100,O-2
500199517002101,O-2
500199517002102,O-2
500199517002103,O-2
500199517002104,O-2
500199517002105,O-2
500199517002106,O-2
500199517002107,O-2
500199517002108,O-2
500199517002109,O-2
500199517002110,O-2
500199517002111,O-2
500199517002112,O-2
500199517002113,O-2
500199517003000,OLC
500199517003001,OLC
500199517003002,OLC
500199517003003,OLC
500199517003004,OLC
500199517003005,OLC
500199517003006,OLC
500199517003007,OLC
500199517003008,OLC
500199517003009,OLC
500199517003010,OLC
500199517003011,OLC
500199517003012,OLC
500199517003013,OLC
500199517003014,OLC
500199517003015,OLC
500199517003016,OLC
500199517003017,OLC
500199517003018,OLC
500199517003019,OLC
500199517003020,OLC
500199517003021,OLC
500199517003022,OLC
500199517003023,OLC
500199517003024,OLC
500199517003025,OLC
500199517003026,OLC
500199517003027,OLC
500199517003028,OLC
500199517003029,OLC
500199517003030,OLC
500199517003031,OLC
500199517003032,OLC
500199517003033,OLC
500199517003034,OLC
500199517003035,OLC
500199517003036,OLC
500199517003037,OLC
500199517003038,OLC
500199517003039,OLC
500199517003040,OLC
500199517003041,OLC
500199517003042,OLC
500199517003043,OLC
500199517003044,OLC
500199517003045,OLC
500199517003046,OLC
500199517003047,OLC
500199517003048,OLC
500199517003049,OLC
500199517003050,OLC
500199517003051,OLC
500199517003052,OLC
500199517003053,OLC
500199517003054,OLC
500199517003055,OLC
500199517003056,OLC
500199517003057,OLC
500199517003058,OLC
500199517003059,OLC
500199517003060,OLC
500199517003061,OLC
500199517003062,OLC
500199517003063,OLC
500199517003064,OLC
500199517003065,OLC
500199517003066,OLC
500199517003067,OLC
500199517003068,OLC
500199517003069,OLC
500199517003070,OLC
500199517003071,OLC
500199517003072,OLC
500199517003073,OLC
500199517003074,OLC
500199517003075,OLC
500199517003076,OLC
500199517003077,OLC
500199517003078,OLC
500199517003079,OLC
500199517003080,OLC
500199517003081,OLC
500199517003082,OLC
500199517003083,OLC
500199517003084,OLC
500199517003085,OLC
500199517003086,OLC
500199517003087,OLC
500199517004000,OLC
500199517004001,OLC
500199517004002,OLC
500199517004003,OLC
500199517004004,OLC
500199517004005,OLC
500199517004006,OLC
500199517004007,OLC
500199517004008,OLC
500199517004009,OLC
500199517004010,OLC
500199517004011,OLC
500199517004012,OLC
500199517004013,OLC
500199517004014,OLC
500199517004015,OLC
500199517004016,OLC
500199517004017,OLC
500199517004018,OLC
500199517004019,OLC
500199517004020,OLC
500199517004021,OLC
500199517004022,OLC
500199517004023,OLC
500199517004024,OLC
500199517004025,OLC
500199517004026,OLC
500199517004027,OLC
500199517004028,OLC
500199517004029,OLC
500199517004030,OLC
500199517004031,OLC
500199517004032,OLC
500199517004033,OLC
500199517004034,OLC
500199517004035,OLC
500199517004036,OLC
500199517004037,OLC
500199517004038,OLC
500199517004039,OLC
500199517004040,OLC
500199517004041,OLC
500199517004042,OLC
500199517004043,OLC
500199517004044,OLC
500199517004045,OLC
500199517004046,OLC
500199517004047,OLC
500199517004048,OLC
500199517004049,OLC
500199517004050,OLC
500199517004051,OLC
500199517004052,OLC
500199517004053,OLC
500199517004054,OLC
500199517004055,OLC
500199517004056,OLC
500199517004057,OLC
500199517004058,OLC
500199517004059,OLC
500199517004060,OLC
500199517004061,OLC
500199517004062,OLC
500199517004063,OLC
500199517004064,OLC
500199517004065,OLC
500199517004066,OLC
500199517004067,OLC
500199517004068,OLC
500199517004069,OLC
500199517004070,OLC
500199517004071,OLC
500199517004072,OLC
500199517004073,OLC
500199517004074,OLC
500199517004075,OLC
500199517004076,OLC
500199517004077,OLC
500199517004078,OLC
500199517004079,OLC
500199517004080,OLC
500199517004081,OLC
500199517004082,OLC
500199517004083,OLC
500199517004084,OLC
500199517004085,OLC
500199517004086,OLC
500199517004087,OLC
500199517004088,OLC
500199517004089,OLC
500199517004090,OLC
500199517004091,OLC
500199517004092,OLC
500199517004093,OLC
500199517004094,OLC
500199517004095,OLC
500199517004096,OLC
500199517004097,OLC
500199517004098,OLC
500199517004099,OLC
500199517004100,OLC
500199517004101,OLC
500199517004102,OLC
500199517004103,OLC
500199517004104,OLC
500199517004105,OLC
500199517004106,OLC
500199517004107,OLC
500199517004108,OLC
500199517004109,OLC
500199517004110,OLC
500199517004111,OLC
500199517004112,OLC
500199517004113,OLC
500199517004114,OLC
500199517004115,OLC
500199517004116,OLC
500199518001000,OLC
500199518001001,OLC
500199518001002,OLC
500199518001003,OLC
500199518001004,OLC
500199518001005,OLC
500199518001006,OLC
500199518001007,OLC
500199518001008,OLC
500199518001009,OLC
500199518001010,OLC
500199518001011,OLC
500199518001012,OLC
500199518001013,OLC
500199518001014,OLC
500199518001015,OLC
500199518001016,OLC
500199518001017,OLC
500199518001018,OLC
500199518001019,OLC
500199518001020,OLC
500199518001021,OLC
500199518001022,OLC
500199518001023,OLC
500199518001024,OLC
500199518001025,OLC
500199518001026,OLC
500199518001027,OLC
500199518001028,OLC
500199518001029,OLC
500199518001030,OLC
500199518001031,OLC
500199518001032,OLC
500199518001033,OLC
500199518001034,OLC
500199518001035,OLC
500199518001036,OLC
500199518001037,OLC
500199518001038,OLC
500199518001039,OLC
500199518001040,OLC
500199518001041,OLC
500199518001042,OLC
500199518001043,OLC
500199518001044,OLC
500199518001045,OLC
500199518001046,OLC
500199518001047,OLC
500199518001048,OLC
500199518001049,OLC
500199518001050,OLC
500199518001051,OLC
500199518001052,OLC
500199518001053,OLC
500199518001054,OLC
500199518001055,OLC
500199518001056,OLC
500199518001057,OLC
500199518001058,OLC
500199518001059,OLC
500199518001060,OLC
500199518001061,OLC
500199518001062,OLC
500199518001063,OLC
500199518001064,OLC
500199518001065,OLC
500199518001066,OLC
500199518001067,OLC
500199518001068,OLC
500199518001069,OLC
500199518001070,OLC
500199518001071,OLC
500199518001072,OLC
500199518001073,OLC
500199518002000,OLC
500199518002001,OLC
500199518002002,OLC
500199518002003,OLC
500199518002004,OLC
500199518002005,OLC
500199518002006,OLC
500199518002007,OLC
500199518002008,OLC
500199518002009,OLC
500199518002010,OLC
500199518002011,OLC
500199518002012,OLC
500199518002013,OLC
500199518002014,OLC
500199518002015,OLC
500199518002016,OLC
500199518002017,OLC
500199518002018,OLC
500199518002019,OLC
500199518002020,OLC
500199518002021,OLC
500199518002022,OLC
500199518002023,OLC
500199518002024,OLC
500199518002025,OLC
500199518002026,OLC
500199518002027,OLC
500199518002028,OLC
500199518002029,OLC
500199518002030,OLC
500199518002031,OLC
500199518002032,OLC
500199518002033,OLC
500199518002034,OLC
500199518002035,OLC
500199518002036,OLC
500199518002037,OLC
500199518002038,OLC
500199518002039,OLC
500199518002040,OLC
500199518002041,OLC
500199518002042,OLC
500199518002043,OLC
500199518002044,OLC
500199518002045,OLC
500199518002046,OLC
500199518002047,OLC
500199518002048,OLC
500199518002049,OLC
500199518002050,OLC
500199518002051,OLC
500199518002052,OLC
500199518002053,OLC
500199518002054,OLC
500199518002055,OLC
500199518002056,OLC
500199518002057,OLC
500199518002058,OLC
500199518002059,OLC
500199518002060,OLC
500199518002061,OLC
500199518002062,OLC
500199518002063,OLC
500199518002064,OLC
500199518002065,OLC
500199518002066,OLC
500199518002067,OLC
500199518002068,OLC
500199518002069,OLC
500199518002070,OLC
500199518002071,OLC
500199518002072,OLC
500199518002073,OLC
500199518002074,OLC
500199518002075,OLC
500199518002076,OLC
500199518002077,OLC
500199518002078,OLC
500199518002079,OLC
500199518002080,OLC
500199518002081,OLC
500199518002082,OLC
500199518002083,OLC
500199518002084,OLC
500199518002085,OLC
500199518002086,OLC
500199518002087,OLC
500199518002088,OLC
500199518002089,OLC
500199518002090,OLC
500199518003000,OLC
500199518003001,OLC
500199518003002,OLC
500199518003003,OLC
500199518003004,OLC
500199518003005,OLC
500199518003006,OLC
500199518003007,OLC
500199518003008,OLC
500199518003009,OLC
500199518003010,OLC
500199518003011,OLC
500199518003012,OLC
500199518003013,OLC
500199518003014,OLC
500199518003015,OLC
500199518003016,OLC
500199518003017,OLC
500199518003018,OLC
500199518003019,OLC
500199518003020,OLC
500199518003021,OLC
500199518003022,OLC
500199518003023,OLC
500199518003024,OLC
500199518003025,OLC
500199518003026,OLC
500199518003027,OLC
500199518003028,OLC
500199518003029,OLC
500199518003030,OLC
500199518003031,OLC
500199518003032,OLC
500199518003033,OLC
500199518003034,OLC
500199518003035,OLC
500199518003036,OLC
500199518003037,OLC
500199518003038,OLC
500199518003039,OLC
500199518003040,OLC
500199518003041,OLC
500199518003042,OLC
500199518003043,OLC
500199518003044,OLC
500199518003045,OLC
500199518003046,OLC
500199518003047,OLC
500199518003048,OLC
500199518003049,OLC
500199518003050,OLC
500199518003051,OLC
500199518003052,OLC
500199518003053,OLC
500199518003054,OLC
500199518003055,OLC
500199518003056,OLC
500199518003057,OLC
500199518003058,OLC
500199518003059,OLC
500199518003060,OLC
500199518003061,OLC
500199518003062,OLC
500199518003063,OLC
500199518003064,OLC
500199518003065,OLC
500199518003066,OLC
500199518003067,OLC
500199518003068,OLC
500199518003069,OLC
500199518003070,OLC
500199518003071,OLC
500199518003072,OLC
500199518003073,OLC
500199518003074,OLC
500199518003075,OLC
500199518003076,OLC
500199518003077,OLC
500199518003078,OLC
500199518003079,OLC
500199518003080,OLC
500199518003081,OLC
500199518003082,OLC
500199518003083,OLC
500199518003084,OLC
500199518003085,OLC
500199518003086,OLC
500199518003087,OLC
500199518003088,OLC
500199518003089,OLC
500199518003090,OLC
500199518003091,OLC
500199518003092,OLC
500199518003093,OLC
500199518003094,OLC
500199518003095,OLC
500199518003096,OLC
500199518003097,OLC
500199518003098,OLC
500199518003099,OLC
500199518003100,OLC
500199518003101,OLC
500199518003102,OLC
500199518003103,OLC
500199518003104,OLC
500199518003105,OLC
500199518003106,OLC
500199518003107,OLC
500199518003108,OLC
500199518003109,OLC
500199518003110,OLC
500199518003111,OLC
500199518003112,OLC
500199518003113,OLC
500199518003114,OLC
500199518003115,OLC
500199519001000,O-2
500199519001001,O-2
500199519001002,O-2
500199519001003,O-2
500199519001004,O-2
500199519001005,O-2
500199519001006,O-2
500199519001007,O-2
500199519001008,O-2
500199519001009,O-2
500199519001010,O-2
500199519001011,O-2
500199519001012,O-2
500199519001013,O-2
500199519001014,O-2
500199519001015,O-2
500199519001016,O-2
500199519001017,O-2
500199519001018,O-2
500199519001019,O-2
500199519001020,O-2
500199519001021,O-2
500199519001022,O-2
500199519001023,O-2
500199519001024,O-2
500199519001025,O-2
500199519001026,O-2
500199519001027,O-2
500199519001028,O-2
500199519001029,O-2
500199519001030,O-2
500199519001031,O-2
500199519001032,O-2
500199519001033,O-2
500199519001034,O-2
500199519001035,O-2
500199519001036,O-2
500199519001037,O-2
500199519001038,O-2
500199519001039,O-2
500199519001040,O-2
500199519001041,O-2
500199519001042,O-2
500199519001043,O-2
500199519001044,O-2
500199519001045,O-2
500199519001046,O-2
500199519001047,O-2
500199519001048,O-2
500199519001049,O-2
500199519001050,O-2
500199519001051,O-2
500199519001052,O-2
500199519001053,O-2
500199519001054,O-2
500199519001055,O-2
500199519001056,O-2
500199519001057,O-2
500199519001058,O-2
500199519001059,O-2
500199519001060,O-2
500199519001061,O-2
500199519001062,O-2
500199519001063,O-2
500199519001064,O-2
500199519001065,O-2
500199519001066,O-2
500199519001067,O-2
500199519001068,O-2
500199519001069,O-2
500199519001070,O-2
500199519001071,O-2
500199519001072,O-2
500199519001073,O-2
500199519001074,O-2
500199519001075,O-2
500199519001076,O-2
500199519001077,O-2
500199519001078,O-2
500199519001079,O-2
500199519001080,O-2
500199519001081,O-2
500199519001082,O-2
500199519001083,O-2
500199519001084,O-2
500199519001085,O-2
500199519001086,O-2
500199519001087,O-2
500199519001088,O-2
500199519001089,O-2
500199519001090,O-2
500199519001091,O-2
500199519001092,O-2
500199519001093,O-2
500199519001094,O-2
500199519001095,O-2
500199519001096,O-2
500199519001097,O-2
500199519001098,O-2
500199519001099,O-2
500199519001100,O-2
500199519001101,O-2
500199519001102,O-2
500199519001103,O-2
500199519001104,O-2
500199519001105,O-2
500199519001106,O-2
500199519001107,O-2
500199519001108,O-2
500199519001109,O-2
500199519001110,O-2
500199519002000,O-1
500199519002001,O-1
500199519002002,O-1
500199519002003,O-1
500199519002004,O-1
500199519002005,O-1
500199519002006,O-1
500199519002007,O-1
500199519002008,O-1
500199519002009,O-1
500199519002010,O-1
500199519002011,O-1
500199519002012,O-1
500199519002013,O-1
500199519002014,O-1
500199519002015,O-1
500199519002016,O-1
500199519002017,O-1
500199519002018,O-1
500199519002019,O-1
500199519002020,O-1
500199519002021,O-1
500199519002022,O-1
500199519002023,O-1
500199519002024,O-1
500199519002025,O-1
500199519002026,O-1
500199519002027,O-1
500199519002028,O-1
500199519002029,O-1
500199519002030,O-1
500199519002031,O-1
500199519002032,O-1
500199519002033,O-1
500199519002034,O-1
500199519002035,O-1
500199519002036,O-1
500199519002037,O-1
500199519002038,O-1
500199519002039,O-1
500199519002040,O-1
500199519002041,O-1
500199519002042,O-1
500199519002043,O-1
500199519002044,O-1
500199519002045,O-1
500199519002046,O-1
500199519002047,O-1
500199519002048,O-1
500199519002049,O-1
500199519002050,O-1
500199519002051,O-1
500199519002052,O-1
500199519002053,O-1
500199519002054,O-1
500199519002055,O-1
500199519002056,O-1
500199519002057,O-1
500199519002058,O-1
500199519002059,O-1
500199519002060,O-1
500199519002061,O-1
500199519002062,O-1
500199519002063,O-1
500199519002064,O-1
500199519002126,O-1
500199519002130,O-1
500199519002132,O-1
500199519002134,O-1
500199519002065,ECO
500199519002066,ECO
500199519002067,ECO
500199519002068,ECO
500199519002069,ECO
500199519002070,ECO
500199519002071,ECO
500199519002072,ECO
500199519002073,ECO
500199519002074,ECO
500199519002075,ECO
500199519002076,ECO
500199519002077,ECO
500199519002078,ECO
500199519002079,ECO
500199519002080,ECO
500199519002081,ECO
500199519002082,ECO
500199519002083,ECO
500199519002084,ECO
500199519002085,ECO
500199519002086,ECO
500199519002087,ECO
500199519002088,ECO
500199519002089,ECO
500199519002090,ECO
500199519002091,ECO
500199519002092,ECO
500199519002093,ECO
500199519002094,ECO
500199519002095,ECO
500199519002096,ECO
500199519002097,ECO
500199519002098,ECO
500199519002099,ECO
500199519002100,ECO
500199519002101,ECO
500199519002102,ECO
500199519002103,ECO
500199519002104,ECO
500199519002105,ECO
500199519002106,ECO
500199519002107,ECO
500199519002108,ECO
500199519002109,ECO
500199519002110,ECO
500199519002111,ECO
500199519002112,ECO
500199519002113,ECO
500199519002114,ECO
500199519002115,ECO
500199519002116,ECO
500199519002117,ECO
500199519002118,ECO
500199519002119,ECO
500199519002120,ECO
500199519002121,ECO
500199519002122,ECO
500199519002123,ECO
500199519002124,ECO
500199519002125,ECO
500199519002127,ECO
500199519002128,ECO
500199519002129,ECO
500199519002131,ECO
500199519002133,ECO
500199520001000,OLC
500199520001001,OLC
500199520001002,OLC
500199520001003,OLC
500199520001004,OLC
500199520001005,OLC
500199520001006,OLC
500199520001007,OLC
500199520001008,OLC
500199520001009,OLC
500199520001010,OLC
500199520001011,OLC
500199520001012,OLC
500199520001013,OLC
500199520001014,OLC
500199520001015,OLC
500199520001016,OLC
500199520001017,OLC
500199520001018,OLC
500199520001019,OLC
500199520001020,OLC
500199520001021,OLC
500199520001022,OLC
500199520001023,OLC
500199520001024,OLC
500199520001025,OLC
500199520001026,OLC
500199520001027,OLC
500199520001028,OLC
500199520001029,OLC
500199520001030,OLC
500199520001031,OLC
500199520001032,OLC
500199520001033,OLC
500199520001034,OLC
500199520001035,OLC
500199520001036,OLC
500199520001037,OLC
500199520001038,OLC
500199520001039,OLC
500199520001040,OLC
500199520001041,OLC
500199520001042,OLC
500199520001043,OLC
500199520001044,OLC
500199520001045,OLC
500199520001046,OLC
500199520001047,OLC
500199520001048,OLC
500199520001049,OLC
500199520001050,OLC
500199520001051,OLC
500199520001052,OLC
500199520001053,OLC
500199520001054,OLC
500199520001055,OLC
500199520001056,OLC
500199520001057,OLC
500199520001058,OLC
500199520001059,OLC
500199520001060,OLC
500199520001061,OLC
500199520001062,OLC
500199520001063,OLC
500199520001064,OLC
500199520001065,OLC
500199520001066,OLC
500199520001067,OLC
500199520001068,OLC
500199520001069,OLC
500199520001070,OLC
500199520001071,OLC
500199520001072,OLC
500199520001073,OLC
500199520001074,OLC
500199520001075,OLC
500199520001076,OLC
500199520001077,OLC
500199520001078,OLC
500199520001079,OLC
500199520001080,OLC
500199520001081,OLC
500199520001082,OLC
500199520001083,OLC
500199520001084,OLC
500199520001085,OLC
500199520001086,OLC
500199520001087,OLC
500199520001088,OLC
500199520001089,OLC
500199520001090,OLC
500199520001091,OLC
500199520001092,OLC
500199520001093,OLC
500199520001094,OLC
500199520001095,OLC
500199520001096,OLC
500199520001097,OLC
500199520001098,OLC
500199520001099,OLC
500199520001100,OLC
500199520001101,OLC
500199520001102,OLC
500199520001103,OLC
500199520001104,OLC
500199520001105,OLC
500199520002000,OLC
500199520002001,OLC
500199520002002,OLC
500199520002003,OLC
500199520002004,OLC
500199520002005,OLC
500199520002006,OLC
500199520002007,OLC
500199520002008,OLC
500199520002009,OLC
500199520002010,OLC
500199520002011,OLC
500199520002012,OLC
500199520002013,OLC
500199520002014,OLC
500199520002015,OLC
500199520002016,OLC
500199520002017,OLC
500199520002018,OLC
500199520002019,OLC
500199520002020,OLC
500199520002021,OLC
500199520002022,OLC
500199520002023,OLC
500199520002024,OLC
500199520002025,OLC
500199520002026,OLC
500199520002027,OLC
500199520002028,OLC
500199520002029,OLC
500199520002030,OLC
500199520002031,OLC
500199520002032,OLC
500199520002033,OLC
500199520002034,OLC
500199520002035,OLC
500199520002036,OLC
500199520002037,OLC
500199520002038,OLC
500199520002039,OLC
500199520002040,OLC
500199520002041,OLC
500199520002042,OLC
500199520002043,OLC
500199520002044,OLC
500199520002045,OLC
500199520002046,OLC
500199520002047,OLC
500199520002048,OLC
500199520002049,OLC
500199520002050,OLC
500199520002051,OLC
500199520002052,OLC
500199520002053,OLC
500199520002054,OLC
500199520002055,OLC
500199520002056,OLC
500199520002057,OLC
500199520002058,OLC
500199520002059,OLC
500199520002060,OLC
500199520002061,OLC
500199520002062,OLC
500199520002063,OLC
500199520002064,OLC
500199520002065,OLC
500199520002066,OLC
500199520002067,OLC
500199520002068,OLC
500199520002069,OLC
500199520002070,OLC
500199520002071,OLC
500199520002072,OLC
500199520002073,OLC
500199520002074,OLC
500199520002075,OLC
500199520002076,OLC
500199520002077,OLC
500199520002078,OLC
500199520002079,OLC
500199520002080,OLC
500199520002081,OLC
500199520002082,OLC
500199520002083,OLC
500199520002084,OLC
500199520002085,OLC
500199520002086,OLC
500199520002087,OLC
500199520002088,OLC
500199520002089,OLC
500199520002090,OLC
500199520002091,OLC
500199520002092,OLC
500199520002093,OLC
500199520002094,OLC
500199520002095,OLC
500199520002096,OLC
500199520002097,OLC
500199520002098,OLC
500199520002099,OLC
500199520002100,OLC
500199520002101,OLC
500199520002102,OLC
500199520002103,OLC
500199520002104,OLC
500199520002105,OLC
500199520002106,OLC
500199520002107,OLC
500199520002108,OLC
500199520002109,OLC
500199520002110,OLC
500199520002111,OLC
500199520002112,OLC
500199520002113,OLC
500199520002114,OLC
500199520002115,OLC
500199520002116,OLC
500199520002117,OLC
500199520002118,OLC
500219621001000,Y-R
500219621001001,Y-R
500219621001002,Y-R
500219621001003,Y-R
500219621001004,Y-R
500219621001005,Y-R
500219621001006,Y-R
500219621001007,Y-R
500219621001008,Y-R
500219621001009,Y-R
500219621001010,Y-R
500219621001011,Y-R
500219621001012,Y-R
500219621001013,Y-R
500219621001014,Y-R
500219621001015,Y-R
500219621001016,Y-R
500219621001017,Y-R
500219621001018,Y-R
500219621001019,Y-R
500219621001020,Y-R
500219621001021,Y-R
500219621001022,Y-R
500219621001023,Y-R
500219621001024,Y-R
500219621001025,Y-R
500219621001026,Y-R
500219621001027,Y-R
500219621001028,Y-R
500219621001029,Y-R
500219621001030,Y-R
500219621001031,Y-R
500219621001032,Y-R
500219621001033,Y-R
500219621001034,Y-R
500219621001035,Y-R
500219621001036,Y-R
500219621001037,Y-R
500219621001038,Y-R
500219621001039,Y-R
500219621001040,Y-R
500219621001041,Y-R
500219621001042,Y-R
500219621001043,Y-R
500219621001044,Y-R
500219621002000,R-W
500219621002001,R-W
500219621002002,R-W
500219621002003,R-W
500219621002004,R-W
500219621002005,R-W
500219621002006,R-W
500219621002007,R-W
500219621002008,R-W
500219621002009,R-W
500219621002010,R-W
500219621002011,R-W
500219621002012,R-W
500219621002013,R-W
500219621002014,R-W
500219621002015,R-W
500219621002016,R-W
500219621002017,R-W
500219621002018,R-W
500219621002019,R-W
500219621002020,R-W
500219621002021,R-W
500219621002022,R-W
500219621002023,R-W
500219621002024,R-W
500219621002025,R-W
500219621002026,R-W
500219621002027,R-W
500219621002028,R-W
500219621002029,R-W
500219621002030,R-W
500219621002031,R-W
500219621002032,R-W
500219621002033,R-W
500219621002034,R-W
500219621002035,R-W
500219621002036,R-W
500219621002037,R-W
500219621002038,R-W
500219621002039,R-W
500219621002040,R-W
500219621002041,R-W
500219621002042,R-W
500219621002043,R-W
500219621002044,R-W
500219621002045,R-W
500219621002046,R-W
500219621002047,R-W
500219621002048,R-W
500219621002049,R-W
500219621002050,R-W
500219621002051,R-W
500219621002052,R-W
500219621002053,R-W
500219621002054,R-W
500219621002055,R-W
500219621002056,R-W
500219621002057,R-W
500219621002058,R-W
500219621002059,R-W
500219621002060,R-W
500219621002061,R-W
500219621002062,R-W
500219621002063,R-W
500219621002064,R-W
500219621002065,R-W
500219621002066,R-W
500219621002067,R-W
500219621002068,R-W
500219621002069,R-W
500219621002070,R-W
500219621002071,R-W
500219621002072,R-W
500219621002073,R-W
500219621002074,R-W
500219621002075,R-W
500219621002076,R-W
500219621002077,R-W
500219621002078,R-W
500219621002079,R-W
500219621002080,R-W
500219621002081,R-W
500219621002082,R-W
500219621002083,R-W
500219621002084,R-W
500219621002085,R-W
500219621002086,R-W
500219621002087,R-W
500219621002088,R-W
500219621002089,R-W
500219621002090,R-W
500219621002091,R-W
500219621002092,R-W
500219621002093,R-W
500219622001000,R-6
500219622001001,R-6
500219622001002,R-6
500219622001003,R-6
500219622001004,R-6
500219622001005,R-6
500219622001006,R-6
500219622001007,R-6
500219622001008,R-6
500219622001009,R-6
500219622001010,R-6
500219622001011,R-6
500219622001012,R-6
500219622001013,R-6
500219622001014,R-6
500219622001015,R-6
500219622001016,R-6
500219622001017,R-6
500219622001018,R-6
500219622001019,R-6
500219622001020,R-6
500219622001021,R-6
500219622001022,R-6
500219622001023,R-6
500219622001024,R-6
500219622001025,R-6
500219622001026,R-6
500219622001027,R-6
500219622001028,R-6
500219622001029,R-6
500219622001030,R-6
500219622001031,R-6
500219622001032,R-6
500219622001033,R-6
500219622001034,R-6
500219622001035,R-6
500219622001036,R-6
500219622001037,R-6
500219622001038,R-6
500219622001039,R-6
500219622001040,R-6
500219622001041,R-6
500219622001042,R-6
500219622001043,R-6
500219622002000,R-6
500219622002001,R-6
500219622002002,R-6
500219622002003,R-6
500219622002004,R-6
500219622002005,R-6
500219622002006,R-6
500219622002007,R-6
500219622002008,R-6
500219622002009,R-6
500219622002010,R-6
500219622002011,R-6
500219622002012,R-6
500219622002013,R-6
500219622002014,R-6
500219622002015,R-6
500219622002016,R-6
500219622002017,R-6
500219622002018,R-6
500219622002019,R-6
500219622002020,R-6
500219622002021,R-6
500219622002022,R-6
500219622002023,R-6
500219622003000,R-6
500219622003001,R-6
500219622003002,R-6
500219622003003,R-6
500219622003004,R-6
500219622003005,R-6
500219622003006,R-6
500219622003007,R-6
500219622003008,R-6
500219622003009,R-6
500219622003010,R-6
500219622003011,R-6
500219622003012,R-6
500219622003013,R-6
500219622003014,R-6
500219622003015,R-6
500219622003016,R-6
500219622003017,R-6
500219622003018,R-6
500219622003019,R-6
500219622003020,R-6
500219622003021,R-6
500219622003022,R-6
500219622003023,R-6
500219622003024,R-6
500219622003025,R-6
500219622003026,R-6
500219622003027,R-6
500219622003028,R-6
500219622003029,R-6
500219622003030,R-6
500219622003031,R-6
500219622003032,R-6
500219622003033,R-6
500219622003034,R-6
500219622003035,R-6
500219622003036,R-6
500219622003037,R-6
500219622003038,R-6
500219622003039,R-6
500219622003040,R-6
500219622003041,R-6
500219622003042,R-6
500219622003043,R-6
500219622003044,R-6
500219622003045,R-6
500219622003046,R-6
500219622003047,R-6
500219622003048,R-6
500219622003049,R-6
500219622003050,R-6
500219622003051,R-6
500219622003052,R-6
500219622003053,R-6
500219622004000,R-6
500219622004001,R-6
500219622004002,R-6
500219622004003,R-6
500219622004004,R-6
500219622004005,R-6
500219622004006,R-6
500219622004007,R-6
500219622004008,R-6
500219622004009,R-6
500219622004010,R-6
500219622004011,R-6
500219622004012,R-6
500219622004013,R-6
500219622004014,R-6
500219622004015,R-6
500219622004016,R-6
500219622004017,R-6
500219622004018,R-6
500219622004019,R-6
500219622004020,R-6
500219622004021,R-6
500219622004022,R-6
500219622004023,R-6
500219622004024,R-6
500219622004025,R-6
500219622004026,R-6
500219622004027,R-6
500219622004028,R-6
500219622004029,R-6
500219622004030,R-6
500219622004031,R-6
500219623001000,R-6
500219623001001,R-6
500219623001002,R-6
500219623001003,R-6
500219623001004,R-6
500219623001005,R-6
500219623001006,R-6
500219623001007,R-6
500219623001008,R-6
500219623001009,R-6
500219623001010,R-6
500219623001011,R-6
500219623001012,R-6
500219623001013,R-6
500219623001014,R-6
500219623001015,R-6
500219623001016,R-6
500219623001017,R-6
500219623001018,R-6
500219623001019,R-6
500219623001020,R-6
500219623001021,R-6
500219623001022,R-6
500219623001023,R-6
500219623001024,R-6
500219623001025,R-6
500219623001026,R-6
500219623001027,R-6
500219623001028,R-6
500219623001029,R-6
500219623001030,R-6
500219623001031,R-6
500219623001032,R-6
500219623001033,R-6
500219623001034,R-6
500219623001035,R-6
500219623001036,R-6
500219623001037,R-6
500219623001038,R-6
500219623001039,R-6
500219623001040,R-6
500219623001041,R-6
500219623001042,R-6
500219623001043,R-6
500219623001044,R-6
500219623001045,R-6
500219623001046,R-6
500219623001047,R-6
500219623001048,R-6
500219623001049,R-6
500219623001050,R-6
500219623001051,R-6
500219623001052,R-6
500219623001053,R-6
500219623001054,R-6
500219623001055,R-6
500219623001056,R-6
500219623001057,R-6
500219623002000,R-3
500219623002001,R-3
500219623002002,R-3
500219623002003,R-3
500219623002004,R-3
500219623002005,R-3
500219623002006,R-3
500219623002007,R-3
500219623002008,R-3
500219623002009,R-3
500219623002010,R-3
500219623002011,R-3
500219623002012,R-3
500219623002013,R-3
500219623002014,R-3
500219623002015,R-3
500219623002016,R-3
500219623002017,R-3
500219623002018,R-3
500219623002019,R-3
500219623002020,R-3
500219623002021,R-3
500219623002022,R-3
500219623002023,R-3
500219623002024,R-3
500219623002025,R-3
500219623002026,R-3
500219623002027,R-3
500219623002028,R-3
500219623002029,R-3
500219623002030,R-3
500219623002031,R-3
500219623002032,R-3
500219623002033,R-3
500219623002034,R-3
500219623002035,R-3
500219623002036,R-3
500219623002037,R-3
500219623002038,R-3
500219623002039,R-3
500219623002040,R-3
500219623002041,R-3
500219623002042,R-3
500219623002043,R-3
500219623002044,R-3
500219623002045,R-3
500219623002046,R-3
500219623002047,R-3
500219623002048,R-3
500219623002049,R-3
500219623002050,R-3
500219623002051,R-3
500219623002052,R-3
500219623002053,R-3
500219623002054,R-3
500219623002055,R-3
500219623002056,R-3
500219623002057,R-3
500219623002058,R-3
500219623002059,R-3
500219623002060,R-3
500219623002061,R-3
500219623002062,R-3
500219623002063,R-3
500219623002064,R-3
500219623002065,R-3
500219623002066,R-3
500219623002067,R-3
500219623002068,R-3
500219623002069,R-3
500219623002070,R-3
500219623002071,R-3
500219623002072,R-3
500219623002073,R-3
500219623002074,R-3
500219623002075,R-3
500219623002076,R-3
500219623002077,R-3
500219623002078,R-3
500219623002079,R-3
500219623002080,R-3
500219623002081,R-3
500219623002082,R-3
500219623002083,R-3
500219623002084,R-3
500219623002085,R-3
500219623002086,R-3
500219623002087,R-3
500219623002088,R-3
500219623002089,R-3
500219623002090,R-3
500219623002091,R-3
500219623002092,R-3
500219623002093,R-3
500219623002094,R-3
500219623002095,R-3
500219623002096,R-3
500219623002097,R-3
500219623002098,R-3
500219623002099,R-3
500219623002100,R-3
500219623002101,R-3
500219623002102,R-3
500219623002103,R-3
500219623002104,R-3
500219623002105,R-3
500219623002106,R-3
500219623002107,R-3
500219623002108,R-3
500219623002109,R-3
500219623002110,R-3
500219623003000,A-R
500219623003001,A-R
500219623003002,A-R
500219623003003,A-R
500219623003004,A-R
500219623003005,A-R
500219623003006,A-R
500219623003007,A-R
500219623003008,A-R
500219623003009,A-R
500219623003010,A-R
500219623003011,A-R
500219623003012,A-R
500219623003013,A-R
500219623003014,A-R
500219623003015,A-R
500219623003016,A-R
500219623003017,A-R
500219623003018,A-R
500219623003019,A-R
500219623003020,A-R
500219623003021,A-R
500219623003022,A-R
500219623003023,A-R
500219623003024,A-R
500219623003025,A-R
500219623003026,A-R
500219623003027,A-R
500219623003028,A-R
500219623003029,A-R
500219623003030,A-R
500219623003031,A-R
500219623003032,A-R
500219623003033,A-R
500219623003034,A-R
500219623003035,A-R
500219623003036,A-R
500219623003037,A-R
500219623003038,A-R
500219623003039,A-R
500219623003040,A-R
500219623003041,A-R
500219623003042,A-R
500219623003043,A-R
500219623003044,A-R
500219623003045,A-R
500219623003046,A-R
500219623003047,A-R
500219623003048,A-R
500219623003049,A-R
500219623003050,A-R
500219623003051,A-R
500219623003052,A-R
500219623003053,A-R
500219623003054,A-R
500219623003055,A-R
500219623003056,A-R
500219623003057,A-R
500219623003058,A-R
500219623003059,A-R
500219623003060,A-R
500219623003061,A-R
500219623003062,A-R
500219623003063,A-R
500219623003064,A-R
500219623003065,A-R
500219623003066,A-R
500219623003067,A-R
500219623003068,A-R
500219623003069,A-R
500219623003070,A-R
500219623003071,A-R
500219623003072,A-R
500219623003073,A-R
500219623003074,A-R
500219623003075,A-R
500219623003076,A-R
500219623003077,A-R
500219623003078,A-R
500219623003079,A-R
500219623003080,A-R
500219623003081,A-R
500219623003082,A-R
500219623003083,A-R
500219623003084,A-R
500219623003085,A-R
500219623003086,A-R
500219623003087,A-R
500219623003088,A-R
500219623003089,A-R
500219623003090,A-R
500219623003091,A-R
500219623003092,A-R
500219623003093,A-R
500219623003094,A-R
500219623003095,A-R
500219623003096,A-R
500219623003097,A-R
500219623003098,A-R
500219623003099,A-R
500219623003100,A-R
500219623003101,A-R
500219623003102,A-R
500219623003103,A-R
500219623003104,A-R
500219623003105,A-R
500219623003106,A-R
500219623003107,A-R
500219623004000,R-3
500219623004001,R-3
500219623004002,R-3
500219623004003,R-3
500219623004004,R-3
500219623004005,R-3
500219623004006,R-3
500219623004007,R-3
500219623004008,R-3
500219623004009,R-3
500219623004010,R-3
500219623004011,R-3
500219623004012,R-3
500219623004013,R-3
500219623004014,R-3
500219623004015,R-3
500219623004016,R-3
500219623004017,R-3
500219623004018,R-3
500219623004019,R-3
500219623004020,R-3
500219623004021,R-3
500219623004022,R-3
500219623004023,R-3
500219623004024,R-3
500219623004025,R-3
500219623004026,R-3
500219623004027,R-3
500219623004028,R-3
500219623004029,R-3
500219623004030,R-3
500219623004031,R-3
500219623004032,R-3
500219623004033,R-3
500219623004034,R-3
500219623004035,R-3
500219623004036,R-3
500219623004037,R-3
500219623004038,R-3
500219623004039,R-3
500219623004040,R-3
500219623004041,R-3
500219623004042,R-3
500219623004043,R-3
500219623004044,R-3
500219623004045,R-3
500219623004046,R-3
500219623004047,R-3
500219623004048,R-3
500219623004049,R-3
500219623004050,R-3
500219624001000,R-6
500219624001001,R-6
500219624001002,R-6
500219624001003,R-6
500219624001004,R-6
500219624001005,R-6
500219624001006,R-6
500219624001007,R-6
500219624001008,R-6
500219624001009,R-6
500219624001010,R-6
500219624001011,R-6
500219624001012,R-6
500219624001013,R-6
500219624001014,R-6
500219624001015,R-6
500219624001016,R-6
500219624001017,R-6
500219624001018,R-6
500219624001019,R-6
500219624001020,R-6
500219624001021,R-6
500219624001022,R-6
500219624001023,R-6
500219624001024,R-6
500219624001025,R-6
500219624001026,R-6
500219624001027,R-6
500219624001028,R-6
500219624001029,R-6
500219624001030,R-6
500219624001031,R-6
500219624001032,R-6
500219624001033,R-6
500219624001034,R-6
500219624001035,R-6
500219624001036,R-6
500219624001037,R-6
500219624001038,R-6
500219624001039,R-6
500219624001040,R-6
500219624001041,R-6
500219624001042,R-6
500219624001043,R-6
500219624001044,R-6
500219624001045,R-6
500219624001046,R-6
500219624001047,R-6
500219624001048,R-6
500219624001049,R-6
500219624001050,R-6
500219624001051,R-6
500219624001052,R-6
500219624001053,R-6
500219624001054,R-6
500219624001055,R-6
500219624001056,R-6
500219624001057,R-6
500219624001058,R-6
500219624001059,R-6
500219624001060,R-6
500219624001061,R-6
500219624002000,R-6
500219624002001,R-6
500219624002002,R-6
500219624002003,R-6
500219624002004,R-6
500219624002005,R-6
500219624002006,R-6
500219624002007,R-6
500219624002008,R-6
500219624002009,R-6
500219624002010,R-6
500219624002011,R-6
500219624002012,R-6
500219624002013,R-6
500219624002014,R-6
500219624002015,R-6
500219624002016,R-6
500219624002017,R-6
500219624002018,R-6
500219624002019,R-6
500219624002020,R-6
500219624002021,R-6
500219624002022,R-6
500219624002023,R-6
500219624002024,R-6
500219624002025,R-6
500219624002026,R-6
500219624002027,R-6
500219624002028,R-6
500219624002029,R-6
500219624002030,R-6
500219624002031,R-6
500219624002032,R-6
500219624002033,R-6
500219624002034,R-6
500219624002035,R-6
500219624002036,R-6
500219624002037,R-6
500219624002038,R-6
500219624002039,R-6
500219624002040,R-6
500219624002041,R-6
500219624002042,R-6
500219624002043,R-6
500219624002044,R-6
500219624002045,R-6
500219624002046,R-6
500219624002047,R-6
500219624002048,R-6
500219624002049,R-6
500219624002050,R-6
500219624002051,R-6
500219624002052,R-6
500219624002053,R-6
500219624002054,R-6
500219624002055,R-6
500219624002056,R-6
500219624002057,R-6
500219624002058,R-6
500219624002059,R-6
500219624002060,R-6
500219624002061,R-6
500219624002062,R-6
500219624002063,R-6
500219624002064,R-6
500219624002065,R-6
500219624002066,R-6
500219624002067,R-6
500219624002068,R-6
500219624002069,R-6
500219624002070,R-6
500219624002071,R-6
500219624002072,R-6
500219624002073,R-6
500219624002074,R-6
500219624002075,R-6
500219624002076,R-6
500219624002077,R-6
500219624002078,R-6
500219624002079,R-6
500219624002080,R-6
500219624002081,R-6
500219624002082,R-6
500219624002083,R-6
500219624002084,R-6
500219624002085,R-6
500219624002086,R-6
500219624002087,R-6
500219624002088,R-6
500219624002089,R-6
500219624002090,R-6
500219624002091,R-6
500219624002092,R-6
500219624002093,R-6
500219625001000,R-2
500219625001001,R-2
500219625001002,R-2
500219625001003,R-2
500219625001004,R-2
500219625001005,R-2
500219625001006,R-2
500219625001007,R-2
500219625001008,R-2
500219625001009,R-2
500219625001010,R-2
500219625001011,R-2
500219625001012,R-2
500219625001013,R-2
500219625001014,R-2
500219625001015,R-2
500219625001016,R-2
500219625001017,R-2
500219625001018,R-2
500219625001019,R-2
500219625001020,R-2
500219625001021,R-2
500219625001022,R-2
500219625001023,R-2
500219625001024,R-2
500219625002000,R-2
500219625002001,R-2
500219625002002,R-2
500219625002003,R-2
500219625002004,R-2
500219625002005,R-2
500219625002006,R-2
500219625002007,R-2
500219625002008,R-2
500219625002009,R-2
500219625002010,R-2
500219625002011,R-2
500219625002012,R-2
500219625002013,R-2
500219625002014,R-2
500219625002015,R-2
500219625002016,R-2
500219625002017,R-2
500219625002018,R-2
500219625002019,R-2
500219625002020,R-2
500219625002021,R-2
500219625002022,R-2
500219625002023,R-2
500219625002024,R-2
500219625002025,R-2
500219625002026,R-2
500219625002027,R-2
500219625002028,R-2
500219625002029,R-2
500219625002030,R-2
500219625002031,R-2
500219625002032,R-2
500219625002033,R-2
500219625002034,R-2
500219626001000,R-2
500219626001001,R-2
500219626001002,R-2
500219626001003,R-2
500219626001004,R-2
500219626001005,R-2
500219626001006,R-2
500219626001007,R-2
500219626001008,R-2
500219626001009,R-2
500219626001010,R-2
500219626001011,R-2
500219626001012,R-2
500219626001013,R-2
500219626001014,R-2
500219626001015,R-2
500219626001016,R-2
500219626001017,R-2
500219626001018,R-2
500219626001019,R-2
500219626001020,R-2
500219626001021,R-2
500219626001022,R-2
500219626001023,R-2
500219626001024,R-2
500219626001025,R-2
500219626001026,R-2
500219626001027,R-2
500219626001028,R-2
500219626001029,R-2
500219626001030,R-2
500219626001031,R-2
500219626001032,R-2
500219626001033,R-2
500219626001034,R-2
500219626001035,R-2
500219626001036,R-2
500219626001037,R-2
500219626001038,R-2
500219626001039,R-2
500219626001040,R-2
500219626001041,R-2
500219626001042,R-2
500219626001043,R-2
500219626001044,R-2
500219626001045,R-2
500219626001046,R-2
500219626001047,R-2
500219626001048,R-2
500219626001049,R-2
500219626001050,R-2
500219626001051,R-2
500219626001052,R-2
500219626002000,R-2
500219626002001,R-2
500219626002002,R-2
500219626002003,R-2
500219626002004,R-2
500219626002005,R-2
500219626002006,R-2
500219626002007,R-2
500219626002008,R-2
500219626002009,R-2
500219626002010,R-2
500219626002011,R-2
500219626002012,R-2
500219626002013,R-2
500219626002014,R-2
500219626002015,R-2
500219626002016,R-2
500219626002017,R-2
500219626002018,R-2
500219626002019,R-2
500219626002020,R-2
500219626002021,R-2
500219626002022,R-2
500219626002023,R-2
500219626002024,R-2
500219626002025,R-2
500219626002026,R-2
500219626002027,R-2
500219626002028,R-2
500219626002029,R-2
500219626002030,R-2
500219626002031,R-2
500219626002032,R-2
500219626002033,R-2
500219626002034,R-2
500219626002035,R-2
500219626002036,R-2
500219626002037,R-2
500219626002038,R-2
500219626002039,R-2
500219626002040,R-2
500219626002041,R-2
500219626002042,R-2
500219626002043,R-2
500219626002044,R-2
500219626002045,R-2
500219626002046,R-2
500219626002047,R-2
500219626002048,R-2
500219626002049,R-2
500219626002050,R-2
500219626002051,R-2
500219626002052,R-2
500219626002053,R-2
500219626002054,R-2
500219626002055,R-2
500219626002056,R-2
500219626002057,R-2
500219626002058,R-2
500219626002059,R-2
500219626002060,R-2
500219627001000,R-4
500219627001001,R-4
500219627001002,R-4
500219627001003,R-4
500219627001004,R-4
500219627001005,R-4
500219627001006,R-4
500219627001007,R-4
500219627001008,R-4
500219627001009,R-4
500219627001010,R-4
500219627001011,R-4
500219627001012,R-4
500219627001013,R-4
500219627001014,R-4
500219627001015,R-4
500219627001016,R-4
500219627001017,R-4
500219627001018,R-4
500219627001019,R-4
500219627001020,R-4
500219627001021,R-4
500219627001022,R-4
500219627001023,R-4
500219627001024,R-4
500219627001025,R-4
500219627001026,R-4
500219627001027,R-4
500219627001028,R-4
500219627001029,R-4
500219627001030,R-4
500219627001031,R-4
500219627001032,R-4
500219627001033,R-4
500219627001034,R-4
500219627001035,R-4
500219627001036,R-4
500219627001037,R-4
500219627001038,R-4
500219627001039,R-4
500219627001040,R-4
500219627001041,R-4
500219627001042,R-4
500219627003000,R-4
500219627003001,R-4
500219627003002,R-4
500219627003003,R-4
500219627003004,R-4
500219627003005,R-4
500219627003006,R-4
500219627003007,R-4
500219627003008,R-4
500219627003009,R-4
500219627003010,R-4
500219627003011,R-4
500219627003012,R-4
500219627003013,R-4
500219627003014,R-4
500219627003015,R-4
500219627003016,R-4
500219627003017,R-4
500219627003018,R-4
500219627003019,R-4
500219627003020,R-4
500219627003021,R-4
500219627003022,R-4
500219627003023,R-4
500219627003024,R-4
500219627003025,R-4
500219627003026,R-4
500219627003027,R-4
500219627003028,R-4
500219627003029,R-4
500219627003030,R-4
500219627003031,R-4
500219627003032,R-4
500219627003033,R-4
500219627003034,R-4
500219627003035,R-4
500219627003036,R-4
500219627003037,R-4
500219627003038,R-4
500219627003039,R-4
500219627003040,R-4
500219627003041,R-4
500219627003042,R-4
500219627003043,R-4
500219627003044,R-4
500219627003045,R-4
500219627003046,R-4
500219627003047,R-4
500219627003048,R-4
500219627002000,R-4
500219627002001,R-4
500219627002002,R-4
500219627002003,R-4
500219627002004,R-4
500219627002005,R-4
500219627002006,R-4
500219627002007,R-4
500219627002008,R-4
500219627002009,R-4
500219627002010,R-4
500219627002011,R-4
500219627002012,R-4
500219627002013,R-4
500219627002014,R-4
500219627002015,R-4
500219627002016,R-4
500219627002017,R-4
500219627002018,R-4
500219627002019,R-4
500219627002020,R-4
500219627002021,R-4
500219627002022,R-4
500219627002023,R-4
500219627002024,R-4
500219627002025,R-4
500219627002026,R-4
500219627002027,R-4
500219627002028,R-4
500219627002029,R-4
500219627002030,R-4
500219627002031,R-4
500219627002032,R-4
500219627002033,R-4
500219627002034,R-4
500219627002035,R-4
500219627002036,R-4
500219627002037,R-4
500219627002038,R-4
500219627002039,R-4
500219627002040,R-4
500219627002041,R-4
500219627002042,R-4
500219627002043,R-4
500219627002044,R-4
500219627002045,R-4
500219627002046,R-4
500219627002047,R-4
500219627002048,R-4
500219627002049,R-4
500219627002050,R-4
500219627002051,R-4
500219627002052,R-4
500219627002053,R-4
500219627002054,R-4
500219627002055,R-4
500219627002056,R-4
500219627002057,R-4
500219627002058,R-4
500219627002059,R-4
500219627002060,R-4
500219627002061,R-4
500219627002062,R-4
500219627002063,R-4
500219627002064,R-4
500219627002065,R-4
500219627002066,R-4
500219627002067,R-4
500219627002068,R-4
500219627002069,R-4
500219627002070,R-4
500219627002071,R-4
500219627002072,R-4
500219627002073,R-4
500219627002074,R-4
500219627002075,R-4
500219627002076,R-4
500219627002077,R-4
500219627002078,R-4
500219627002079,R-4
500219627002080,R-4
500219627002081,R-4
500219627002082,R-4
500219627002083,R-4
500219627002084,R-4
500219627002085,R-4
500219627002086,R-4
500219627002087,R-4
500219628001000,R-W
500219628001001,R-W
500219628001002,R-W
500219628001003,R-W
500219628001004,R-W
500219628001005,R-W
500219628001006,R-W
500219628001007,R-W
500219628001008,R-W
500219628001009,R-W
500219628001010,R-W
500219628001011,R-W
500219628001012,R-W
500219628001013,R-W
500219628001014,R-W
500219628001015,R-W
500219628001016,R-W
500219628001017,R-W
500219628001018,R-W
500219628001019,R-W
500219628001020,R-W
500219628001021,R-W
500219628001022,R-W
500219628001023,R-W
500219628001024,R-W
500219628001025,R-W
500219628001026,R-W
500219628001027,R-W
500219628001028,R-W
500219628001029,R-W
500219628001030,R-W
500219628001031,R-W
500219628001032,R-W
500219628001033,R-W
500219628001034,R-W
500219628001035,R-W
500219628001036,R-W
500219628001037,R-W
500219628001038,R-W
500219628001039,R-W
500219628001040,R-W
500219628001041,R-W
500219628001042,R-W
500219628001043,R-W
500219628001044,R-W
500219628001045,R-W
500219628001046,R-W
500219628001047,R-W
500219628001048,R-W
500219628001049,R-W
500219628001050,R-W
500219628001051,R-W
500219628001052,R-W
500219628001053,R-W
500219628001054,R-W
500219628001055,R-W
500219628001056,R-W
500219628001057,R-W
500219628001058,R-W
500219628001059,R-W
500219628001060,R-W
500219628001061,R-W
500219628001062,R-W
500219628001063,R-W
500219628001064,R-W
500219628001065,R-W
500219628001066,R-W
500219628001067,R-W
500219628001068,R-W
500219628001069,R-W
500219628001070,R-W
500219628001071,R-W
500219628001072,R-W
500219628001073,R-W
500219628001074,R-W
500219628001075,R-W
500219628001076,R-W
500219628001077,R-W
500219628001078,R-W
500219628001079,R-W
500219628001080,R-W
500219628001081,R-W
500219628001082,R-W
500219628001083,R-W
500219628001084,R-W
500219628001085,R-W
500219628001086,R-W
500219628001087,R-W
500219628001088,R-W
500219628001089,R-W
500219628001090,R-W
500219628001091,R-W
500219628001092,R-W
500219628001093,R-W
500219628001094,R-W
500219628001095,R-W
500219628001096,R-W
500219628001097,R-W
500219628001098,R-W
500219628001099,R-W
500219628001100,R-W
500219628001101,R-W
500219628001102,R-W
500219628001103,R-W
500219628001104,R-W
500219628001105,R-W
500219628001106,R-W
500219628001107,R-W
500219628001108,R-W
500219628001109,R-W
500219628002000,R-W
500219628002001,R-W
500219628002002,R-W
500219628002003,R-W
500219628002004,R-W
500219628002005,R-W
500219628002006,R-W
500219628002007,R-W
500219628002008,R-W
500219628002009,R-W
500219628002010,R-W
500219628002011,R-W
500219628002012,R-W
500219628002013,R-W
500219628002014,R-W
500219628002015,R-W
500219628002016,R-W
500219628002017,R-W
500219628002018,R-W
500219628002019,R-W
500219628002020,R-W
500219628002021,R-W
500219628002022,R-W
500219628002023,R-W
500219628002024,R-W
500219628002025,R-W
500219628002026,R-W
500219628002027,R-W
500219628002028,R-W
500219628002029,R-W
500219628002030,R-W
500219628002031,R-W
500219628002032,R-W
500219628002033,R-W
500219628002034,R-W
500219628002035,R-W
500219628002036,R-W
500219628002037,R-W
500219628002038,R-W
500219628002039,R-W
500219628002040,R-W
500219628002041,R-W
500219628002042,R-W
500219628002043,R-W
500219628002044,R-W
500219628002045,R-W
500219628002046,R-W
500219628002047,R-W
500219628003000,RW2
500219628003001,RW2
500219628003002,RW2
500219628003003,RW2
500219628003004,RW2
500219628003005,RW2
500219628003006,RW2
500219628003007,RW2
500219628003008,RW2
500219628003009,RW2
500219628003010,RW2
500219628003011,RW2
500219628003012,RW2
500219628003013,RW2
500219628003014,RW2
500219628003015,RW2
500219628003016,RW2
500219628003017,RW2
500219628003018,RW2
500219628003019,RW2
500219628003020,RW2
500219628003021,RW2
500219628003022,RW2
500219628003023,RW2
500219628003024,RW2
500219628003025,RW2
500219628003026,RW2
500219628003027,RW2
500219628003028,RW2
500219628003029,RW2
500219628003030,RW2
500219628003031,RW2
500219628003032,RW2
500219628003033,RW2
500219628003034,RW2
500219628003035,RW2
500219628003036,RW2
500219628003037,RW2
500219628003038,RW2
500219628003039,RW2
500219628003040,RW2
500219628003041,RW2
500219628003042,RW2
500219628003043,RW2
500219628003044,RW2
500219628003045,RW2
500219628003046,RW2
500219628003047,RW2
500219628003048,RW2
500219628003049,RW2
500219628003050,RW2
500219628003051,RW2
500219628003052,RW2
500219628003053,RW2
500219628003054,RW2
500219628003055,RW2
500219628003056,RW2
500219628003057,RW2
500219628003058,RW2
500219628003059,RW2
500219628003060,RW2
500219628003061,RW2
500219628003062,RW2
500219628003063,RW2
500219628003064,RW2
500219628003065,RW2
500219628003066,RW2
500219628003067,RW2
500219628003068,RW2
500219628003069,RW2
500219628003070,RW2
500219628003071,RW2
500219628003072,RW2
500219628003073,RW2
500219628003074,RW2
500219628003075,RW2
500219628003076,RW2
500219628003077,RW2
500219628003078,RW2
500219628003079,RW2
500219628003080,RW2
500219628003081,RW2
500219628003082,RW2
500219628003083,RW2
500219628003084,RW2
500219628003085,RW2
500219630001000,R51
500219630001001,R51
500219630001002,R51
500219630001003,R51
500219630001004,R51
500219630001005,R51
500219630001006,R51
500219630001007,R51
500219630001008,R51
500219630001009,R51
500219630001010,R51
500219630001011,R51
500219630001012,R51
500219630001013,R51
500219630001014,R51
500219630001015,R51
500219630001016,R51
500219630001017,R51
500219630001018,R51
500219630001019,R51
500219630001020,R51
500219630001021,R51
500219630001022,R51
500219630001023,R51
500219630001024,R51
500219630001025,R51
500219630001026,R51
500219630001027,R51
500219630001028,R51
500219630002000,R51
500219630002001,R51
500219630002002,R51
500219630002003,R51
500219630002004,R51
500219630002005,R51
500219630002006,R51
500219630002007,R51
500219630002008,R51
500219630002009,R51
500219630002010,R51
500219630002011,R51
500219630002012,R51
500219630002013,R51
500219630002014,R51
500219630002015,R51
500219630002016,R51
500219630002017,R51
500219630003000,R51
500219630003001,R51
500219630003002,R51
500219630003003,R51
500219630003004,R51
500219630003005,R51
500219630003006,R51
500219630003007,R51
500219630003008,R51
500219630003009,R51
500219630003010,R51
500219630003011,R51
500219630003012,R51
500219630003013,R51
500219630003014,R51
500219630003015,R51
500219630003016,R51
500219630003017,R51
500219630003018,R51
500219630003019,R51
500219630003020,R51
500219630003021,R51
500219630003022,R51
500219630003023,R51
500219630003024,R51
500219630003025,R51
500219630003026,R51
500219630003027,R51
500219630003028,R51
500219630003029,R51
500219630003030,R51
500219630003031,R51
500219630004000,R51
500219630004001,R51
500219630004002,R51
500219630004003,R51
500219630004004,R51
500219630004005,R51
500219630004006,R51
500219630004007,R51
500219631001000,R51
500219631001006,R51
500219631001010,R51
500219631003000,R51
500219631003001,R51
500219631003002,R51
500219631003010,R51
500219631003011,R51
500219632001000,R51
500219632001001,R51
500219632001002,R51
500219632001003,R51
500219632001010,R51
500219630004008,R52
500219630004009,R52
500219630004010,R52
500219630005000,R52
500219630005001,R52
500219630005002,R52
500219630005003,R52
500219630005004,R52
500219630005005,R52
500219630005006,R52
500219630005007,R52
500219630005008,R52
500219630005009,R52
500219630005010,R52
500219630005011,R52
500219631003016,R52
500219631003017,R52
500219631003018,R52
500219631003019,R52
500219631003020,R52
500219633001000,R52
500219633001001,R52
500219633001002,R52
500219633001003,R52
500219633001004,R52
500219633001005,R52
500219633001006,R52
500219633001007,R52
500219633001008,R52
500219633001009,R52
500219633001010,R52
500219633001011,R52
500219633001012,R52
500219633001013,R52
500219633001014,R52
500219633001015,R52
500219633001016,R52
500219633001017,R52
500219633001018,R52
500219633001019,R52
500219633001020,R52
500219633001021,R52
500219633001022,R52
500219633001023,R52
500219633001024,R52
500219633001025,R52
500219633001026,R52
500219633001027,R52
500219633001028,R52
500219633001029,R52
500219633001030,R52
500219633001031,R52
500219633001032,R52
500219633001033,R52
500219633002000,R52
500219633002001,R52
500219633002002,R52
500219633002003,R52
500219633002004,R52
500219633002005,R52
500219633002006,R52
500219633002007,R52
500219633002008,R52
500219633002009,R52
500219633002010,R52
500219633002011,R52
500219633002012,R52
500219633002013,R52
500219633002014,R52
500219633002015,R52
500219633002016,R52
500219633003000,R52
500219633003001,R52
500219633003002,R52
500219633003003,R52
500219633003014,R52
500219633003015,R52
500219633003016,R52
500219633003024,R52
500219633003025,R52
500219631001001,R54
500219631001002,R54
500219631001003,R54
500219631001004,R54
500219631001005,R54
500219631001007,R54
500219631001008,R54
500219631001009,R54
500219631001011,R54
500219631001012,R54
500219631001013,R54
500219631001014,R54
500219631002000,R54
500219631002001,R54
500219631002002,R54
500219631002003,R54
500219631002004,R54
500219631002005,R54
500219631002006,R54
500219631002007,R54
500219631002008,R54
500219631002009,R54
500219631002010,R54
500219631002011,R54
500219631002012,R54
500219631002013,R54
500219631002014,R54
500219631002015,R54
500219631003003,R54
500219632001004,R54
500219632001005,R54
500219632001006,R54
500219632001007,R54
500219632001008,R54
500219632001009,R54
500219632002000,R54
500219632002001,R54
500219632002002,R54
500219632002003,R54
500219632002004,R54
500219632002005,R54
500219632002006,R54
500219632002007,R54
500219632002008,R54
500219632002009,R54
500219632002010,R54
500219632002011,R54
500219632002012,R54
500219632002013,R54
500219632002014,R54
500219632002015,R54
500219632002016,R54
500219632003000,R54
500219632003001,R54
500219632003002,R54
500219632003003,R54
500219632003005,R54
500219632003006,R54
500219632003007,R54
500219632003009,R54
500219632003010,R54
500219632003014,R54
500219632003019,R54
500219632004000,R54
500219632004001,R54
500219632004002,R54
500219632004006,R54
500219632004009,R54
500219632004010,R54
500219632004011,R54
500219632004012,R54
500219631003004,R53
500219631003005,R53
500219631003006,R53
500219631003007,R53
500219631003008,R53
500219631003009,R53
500219631003012,R53
500219631003013,R53
500219631003014,R53
500219631003015,R53
500219631003021,R53
500219631003022,R53
500219632003004,R53
500219632003008,R53
500219632003011,R53
500219632003012,R53
500219632003013,R53
500219632003015,R53
500219632003016,R53
500219632003017,R53
500219632003018,R53
500219632003020,R53
500219632003021,R53
500219632004003,R53
500219632004004,R53
500219632004005,R53
500219632004007,R53
500219632004008,R53
500219632004013,R53
500219633003004,R53
500219633003005,R53
500219633003006,R53
500219633003007,R53
500219633003008,R53
500219633003009,R53
500219633003010,R53
500219633003011,R53
500219633003012,R53
500219633003013,R53
500219633003017,R53
500219633003018,R53
500219633003019,R53
500219633003020,R53
500219633003021,R53
500219633003022,R53
500219633003023,R53
500219633003026,R53
500219633003027,R53
500219633003028,R53
500219633004000,R53
500219633004001,R53
500219633004002,R53
500219633004003,R53
500219633004004,R53
500219633004005,R53
500219633004006,R53
500219633004007,R53
500219633004008,R53
500219633004009,R53
500219633004010,R53
500219633004011,R53
500219633004012,R53
500219633004013,R53
500219633004014,R53
500219633005000,R53
500219633005001,R53
500219633005002,R53
500219633005003,R53
500219633005004,R53
500219633005005,R53
500219633005006,R53
500219633005007,R53
500219633006000,R53
500219633006001,R53
500219633006002,R53
500219633006003,R53
500219633006004,R53
500219633006005,R53
500219633006006,R53
500219633006007,R53
500219633006008,R53
500219633006009,R53
500219633006010,R53
500219633006011,R53
500219633006012,R53
500219633006013,R53
500219633006014,R53
500219633006015,R53
500219633006016,R53
500219633006017,R53
500219633006018,R53
500219633006019,R53
500219633006020,R53
500219633006021,R53
500219633006022,R53
500219633006023,R53
500219633006024,R53
500219633006025,R53
500219633006026,R53
500219633006027,R53
500219633006028,R53
500219633006029,R53
500219633006030,R53
500219633006031,R53
500219633006032,R53
500219633006033,R53
500219633006034,R53
500219633006035,R53
500219633006036,R53
500219633006037,R53
500219633006038,R53
500219633006039,R53
500219633006040,R53
500219633006041,R53
500219633006042,R53
500219633006043,R53
500219633006044,R53
500219633006045,R53
500219633006046,R53
500219633006047,R53
500219634001000,R-2
500219634001001,R-2
500219634001002,R-2
500219634001003,R-2
500219634001004,R-2
500219634001005,R-2
500219634001006,R-2
500219634001007,R-2
500219634001008,R-2
500219634001009,R-2
500219634001010,R-2
500219634001011,R-2
500219634001012,R-2
500219634001013,R-2
500219634001014,R-2
500219634001015,R-2
500219634001016,R-2
500219634001017,R-2
500219634001018,R-2
500219634001019,R-2
500219634001020,R-2
500219634001021,R-2
500219634001022,R-2
500219634001023,R-2
500219634001024,R-2
500219634001025,R-2
500219634001026,R-2
500219634001027,R-2
500219634001028,R-2
500219634001029,R-2
500219634001030,R-2
500219634001031,R-2
500219634001032,R-2
500219634001033,R-2
500219634001034,R-2
500219634001035,R-2
500219634001036,R-2
500219634001037,R-2
500219634001038,R-2
500219634001039,R-2
500219634001040,R-2
500219634001041,R-2
500219634001042,R-2
500219634001043,R-2
500219634001044,R-2
500219634001045,R-2
500219634001046,R-2
500219634001047,R-2
500219634001048,R-2
500219634001049,R-2
500219634001050,R-2
500219634001051,R-2
500219634001052,R-2
500219634001053,R-2
500219634001054,R-2
500219634001055,R-2
500219634001056,R-2
500219634001057,R-2
500219634001058,R-2
500219634001059,R-2
500219634001060,R-2
500219634001061,R-2
500219634001062,R-2
500219634001063,R-2
500219634001064,R-2
500219634001065,R-2
500219634001066,R-2
500219634001067,R-2
500219634001068,R-2
500219634001069,R-2
500219634001070,R-2
500219634001071,R-2
500219634001072,R-2
500219634002000,R-2
500219634002001,R-2
500219634002002,R-2
500219634002003,R-2
500219634002004,R-2
500219634002005,R-2
500219634002006,R-2
500219634002007,R-2
500219634002008,R-2
500219634002009,R-2
500219634002010,R-2
500219634002011,R-2
500219634002012,R-2
500219634002013,R-2
500219634002014,R-2
500219634002015,R-2
500219634002016,R-2
500219634002017,R-2
500219634002018,R-2
500219634002019,R-2
500219634002020,R-2
500219634002021,R-2
500219634002022,R-2
500219634002023,R-2
500219634002024,R-2
500219634002025,R-2
500219634002026,R-2
500219634002027,R-2
500219634002028,R-2
500219634002029,R-2
500219634002030,R-2
500219634002031,R-2
500219634002032,R-2
500219634002033,R-2
500219634002034,R-2
500219634002035,R-2
500219634002036,R-2
500219634002037,R-2
500219634002038,R-2
500219634002039,R-2
500219634002040,R-2
500219634002041,R-2
500219634002042,R-2
500219634002043,R-2
500219634002044,R-2
500219634002045,R-2
500219634002046,R-2
500219634002047,R-2
500219634002048,R-2
500219634002049,R-2
500219634002050,R-2
500219634002051,R-2
500219634002052,R-2
500219634002053,R-2
500219634002054,R-2
500219634002055,R-2
500219634002056,R-2
500219634002057,R-2
500219634002058,R-2
500219634002059,R-2
500219634002060,R-2
500219634002061,R-2
500219634002062,R-2
500219634002063,R-2
500219634002064,R-2
500219634002065,R-2
500219634002066,R-2
500219634002067,R-2
500219634002068,R-2
500219634002069,R-2
500219634002070,R-2
500219634002071,R-2
500219634002072,R-2
500219634002073,R-2
500219634002074,R-2
500219634002075,R-2
500219634002076,R-2
500219634002077,R-2
500219634002078,R-2
500219634002079,R-2
500219634002080,R-2
500219634002081,R-2
500219634002082,R-2
500219634002083,R-2
500219634002084,R-2
500219634002085,R-2
500219634002086,R-2
500219634002087,R-2
500219634002088,R-2
500219634002089,R-2
500219634002090,R-2
500219635001000,R-1
500219635001001,R-1
500219635001002,R-1
500219635001003,R-1
500219635001004,R-1
500219635001005,R-1
500219635001006,R-1
500219635001007,R-1
500219635001008,R-1
500219635001009,R-1
500219635001011,R-1
500219635001010,R-1
500219635001012,R-1
500219635001013,R-1
500219635001014,R-1
500219635001015,R-1
500219635001016,R-1
500219635001017,R-1
500219635001018,R-1
500219635001019,R-1
500219635001020,R-1
500219635001021,R-1
500219635001022,R-1
500219635001023,R-1
500219635001024,R-1
500219635001025,R-1
500219635001026,R-1
500219635001027,R-1
500219635001028,R-1
500219635001029,R-1
500219635001030,R-1
500219635001031,R-1
500219635001032,R-1
500219635003000,R-B
500219635003001,R-B
500219635003002,R-B
500219635003003,R-B
500219635003004,R-B
500219635003005,R-B
500219635003006,R-B
500219635003007,R-B
500219635003008,R-B
500219635003009,R-B
500219635003010,R-B
500219635003011,R-B
500219635003012,R-B
500219635003013,R-B
500219635003014,R-B
500219635003015,R-B
500219635003016,R-B
500219635003017,R-B
500219635003018,R-B
500219635003019,R-B
500219635003020,R-B
500219635003021,R-B
500219635003022,R-B
500219635003023,R-B
500219635003024,R-B
500219635003025,R-B
500219635003026,R-B
500219635003027,R-B
500219635003028,R-B
500219635003029,R-B
500219635003030,R-B
500219635003031,R-B
500219635003032,R-B
500219635003033,R-B
500219635003034,R-B
500219635003035,R-B
500219635003036,R-B
500219635003037,R-B
500219635003038,R-B
500219635003039,R-B
500219635003040,R-B
500219635003041,R-B
500219635003042,R-B
500219635003043,R-B
500219635003044,R-B
500219635003045,R-B
500219635003046,R-B
500219635003047,R-B
500219635003048,R-B
500219635003049,R-B
500219636001000,R-3
500219636001001,R-3
500219636001002,R-3
500219636001003,R-3
500219636001004,R-3
500219636001005,R-3
500219636001006,R-3
500219636001007,R-3
500219636001008,R-3
500219636001009,R-3
500219636001010,R-3
500219636001011,R-3
500219636001012,R-3
500219636001013,R-3
500219636001014,R-3
500219636001015,R-3
500219636001016,R-3
500219636001017,R-3
500219636001018,R-3
500219636001019,R-3
500219636001020,R-3
500219636001021,R-3
500219636001022,R-3
500219636001023,R-3
500219636001024,R-3
500219636001025,R-3
500219636001026,R-3
500219636001027,R-3
500219636001028,R-3
500219636001029,R-3
500219636001030,R-3
500219636001031,R-3
500219636001032,R-3
500219636001033,R-3
500219636001034,R-3
500219636001035,R-3
500219636001036,R-3
500219636001037,R-3
500219636001038,R-3
500219636001039,R-3
500219636001040,R-3
500219636001041,R-3
500219636001042,R-3
500219636001043,R-3
500219636001044,R-3
500219636001045,R-3
500219636001046,R-3
500219636001047,R-3
500219636001048,R-3
500219636001049,R-3
500219636001050,R-3
500219636001051,R-3
500219636001052,R-3
500219636001053,R-3
500219636001054,R-3
500219636001055,R-3
500219636001056,R-3
500219636001057,R-3
500219636001058,R-3
500219636001059,R-3
500219636001060,R-3
500219636001061,R-3
500219636001062,R-3
500219636001063,R-3
500219636001064,R-3
500219636001065,R-3
500219636001066,R-3
500219636001067,R-3
500219636001068,R-3
500219636001069,R-3
500219636001070,R-3
500219636001071,R-3
500219636001072,R-3
500219636001073,R-3
500219636001074,R-3
500219636001075,R-3
500219636001076,R-3
500219636001077,R-3
500219636001078,R-3
500219636001079,R-3
500219636001080,R-3
500219636001081,R-3
500219636001082,R-3
500219636001083,R-3
500219636001084,R-3
500219636001085,R-3
500219636001086,R-3
500219636001087,R-3
500219636001088,R-3
500219636001089,R-3
500219636001090,R-3
500219636001091,R-3
500219636001092,R-3
500219636001093,R-3
500219636001094,R-3
500219636001095,R-3
500219636001096,R-3
500219636001097,R-3
500219636001098,R-3
500219636001099,R-3
500219636001100,R-3
500219636001101,R-3
500219636001102,R-3
500219636001103,R-3
500219636001104,R-3
500219636001105,R-3
500219636001106,R-3
500219636001107,R-3
500219636001108,R-3
500219636001109,R-3
500219636001110,R-3
500219636001111,R-3
500219636001112,R-3
500219636001113,R-3
500219636001114,R-3
500219636001115,R-3
500219636001116,R-3
500219636001117,R-3
500219636001118,R-3
500219636001119,R-3
500219636001120,R-3
500219636001121,R-3
500219636001122,R-3
500219636001123,R-3
500219636001124,R-3
500219636001125,R-3
500219636001126,R-3
500219636001127,R-3
500219636001128,R-3
500219636001129,R-3
500219636001130,R-3
500219636001131,R-3
500219636001132,R-3
500219636002000,R-3
500219636002001,R-3
500219636002002,R-3
500219636002003,R-3
500219636002004,R-3
500219636002005,R-3
500219636002006,R-3
500219636002007,R-3
500219636002008,R-3
500219636002009,R-3
500219636002010,R-3
500219636002011,R-3
500219636002012,R-3
500219636002013,R-3
500219636002014,R-3
500219636002015,R-3
500219636002016,R-3
500219636002017,R-3
500219636002018,R-3
500219636002019,R-3
500219636002020,R-3
500219636002021,R-3
500219636002022,R-3
500219636002023,R-3
500219636002024,R-3
500219636002025,R-3
500219636002026,R-3
500219636002027,R-3
500219636002028,R-3
500219636002029,R-3
500219636002030,R-3
500219636002031,R-3
500219636002032,R-3
500219636002033,R-3
500219636002034,R-3
500219636002035,R-3
500219636002036,R-3
500219636002037,R-3
500219636002038,R-3
500219636002039,R-3
500219636002040,R-3
500219636002041,R-3
500219636002042,R-3
500219636002043,R-3
500219636002044,R-3
500219636002045,R-3
500219636002046,R-3
500219636002047,R-3
500219636002048,R-3
500219636002049,R-3
500219636002050,R-3
500219636002051,R-3
500219636002052,R-3
500219636002053,R-3
500219636002054,R-3
500219636002055,R-3
500219636002056,R-3
500219636002057,R-3
500219636002058,R-3
500219636002059,R-3
500219636002060,R-3
500219636002061,R-3
500219636002062,R-3
500219636002063,R-3
500219636002064,R-3
500219636002065,R-3
500219636002066,R-3
500219636002067,R-3
500219636002068,R-3
500219636002069,R-3
500219636002070,R-3
500219636002071,R-3
500219636002072,R-3
500219636002073,R-3
500219636002074,R-3
500219636002075,R-3
500219636002076,R-3
500219636002077,R-3
500219636002078,R-3
500219636002079,R-3
500219636002080,R-3
500219636002081,R-3
500219636002082,R-3
500219636002083,R-3
500219636002084,R-3
500219636002085,R-3
500219636002086,R-3
500219636002087,R-3
500219636002088,R-3
500219636002089,R-3
500219636002090,R-3
500219636002091,R-3
500219636002092,R-3
500219636002093,R-3
500219636002094,R-3
500219636002095,R-3
500219636002096,R-3
500219636002097,R-3
500219636002098,R-3
500219636002099,R-3
500219636002100,R-3
500219636002101,R-3
500219636002102,R-3
500219636002103,R-3
500219636002104,R-3
500219636002105,R-3
500219636002106,R-3
500219636002107,R-3
500219636002108,R-3
500219636002109,R-3
500219636002110,R-3
500219636002111,R-3
500219636002112,R-3
500219636002113,R-3
500219636002114,R-3
500219636002115,R-3
500219636002116,R-3
500219636002117,R-3
500219636002118,R-3
500219636002119,R-3
500219636002120,R-3
500219636002121,R-3
500219636002122,R-3
500219636002123,R-3
500219636002124,R-3
500219636002125,R-3
500219636002126,R-3
500219636002127,R-3
500219636002128,R-3
500219636002129,R-3
500219636002130,R-3
500219636002131,R-3
500219636002132,R-3
500219636002133,R-3
500219636002134,R-3
500219636002135,R-3
500219636002136,R-3
500219636002137,R-3
500219636002138,R-3
500219636002139,R-3
500219636002140,R-3
500219636002141,R-3
500219637001000,R-3
500219637001001,R-3
500219637001002,R-3
500219637001003,R-3
500219637001004,R-3
500219637001005,R-3
500219637001006,R-3
500219637001007,R-3
500219637001008,R-3
500219637001009,R-3
500219637001010,R-3
500219637001011,R-3
500219637001012,R-3
500219637001013,R-3
500219637001014,R-3
500219637001015,R-3
500219637001016,R-3
500219637001017,R-3
500219637001018,R-3
500219637001019,R-3
500219637001020,R-3
500219637001021,R-3
500219637001022,R-3
500219637001023,R-3
500219637001024,R-3
500219637001025,R-3
500219637001026,R-3
500219637001027,R-3
500219637001028,R-3
500219637001029,R-3
500219637001030,R-3
500219637001031,R-3
500219637001032,R-3
500219637001033,R-3
500219637001034,R-3
500219637001035,R-3
500219637001036,R-3
500219637001037,R-3
500219637001038,R-3
500219637001039,R-3
500219637001040,R-3
500219637001041,R-3
500219637001042,R-3
500219637001043,R-3
500219637001044,R-3
500219637001045,R-3
500219637001046,R-3
500219637001047,R-3
500219637001048,R-3
500219637001049,R-3
500219637001050,R-3
500219637001051,R-3
500219637001052,R-3
500219637001053,R-3
500219637001054,R-3
500219637001055,R-3
500219637001056,R-3
500219637001057,R-3
500219637001058,R-3
500219637001059,R-3
500219637001060,R-3
500219637002000,R-3
500219637002001,R-3
500219637002002,R-3
500219637002003,R-3
500219637002004,R-3
500219637002005,R-3
500219637002006,R-3
500219637002007,R-3
500219637002008,R-3
500219637002009,R-3
500219637002010,R-3
500219637002011,R-3
500219637002012,R-3
500219637002013,R-3
500219637002014,R-3
500219637002015,R-3
500219637002016,R-3
500219637002017,R-3
500219637002018,R-3
500219637002019,R-3
500219637002020,R-3
500219637002021,R-3
500219637002022,R-3
500219637002023,R-3
500219637002024,R-3
500219637002025,R-3
500219637002026,R-3
500219637002027,R-3
500219637002028,R-3
500219637002029,R-3
500219637002030,R-3
500219637002031,R-3
500219637002032,R-3
500219637002033,R-3
500219637002034,R-3
500219637002035,R-3
500219637002036,R-3
500219637002037,R-3
500219637002038,R-3
500219637002039,R-3
500219637002040,R-3
500219637002041,R-3
500219637002042,R-3
500219637002043,R-3
500219637002044,R-3
500219637002045,R-3
500219637002046,R-3
500219637002047,R-3
500219637002048,R-3
500219637002049,R-3
500219637002050,R-3
500219637002051,R-3
500219637002052,R-3
500219637002053,R-3
500219637002054,R-3
500219637002055,R-3
500219637002056,R-3
500219637002057,R-3
500219637002058,R-3
500219637002059,R-3
500219637002060,R-3
500219637002061,R-3
500219637002062,R-3
500219637002063,R-3
500219637002064,R-3
500219637002065,R-3
500219637002066,R-3
500219637002067,R-3
500219637002068,R-3
500219637002069,R-3
500219637002070,R-3
500219637002071,R-3
500219637002072,R-3
500219637002073,R-3
500219637002074,R-3
500219637002075,R-3
500219637002076,R-3
500219637002077,R-3
500219637002078,R-3
500219637002079,R-3
500219637002080,R-3
500219637002081,R-3
500219637002082,R-3
500219637002083,R-3
500219638001000,R-1
500219638001001,R-1
500219638001002,R-1
500219638001003,R-1
500219638001004,R-1
500219638001005,R-1
500219638001006,R-1
500219638001007,R-1
500219638001008,R-1
500219638001009,R-1
500219638001010,R-1
500219638001011,R-1
500219638001012,R-1
500219638001013,R-1
500219638001014,R-1
500219638001015,R-1
500219638001016,R-1
500219638001017,R-1
500219638001018,R-1
500219638001019,R-1
500219638001020,R-1
500219638001021,R-1
500219638001022,R-1
500219638001023,R-1
500219638001024,R-1
500219638001025,R-1
500219638001026,R-1
500219638001027,R-1
500219638001028,R-1
500219638001029,R-1
500219638001030,R-1
500219638001031,R-1
500219638001032,R-1
500219638001033,R-1
500219638001034,R-1
500219638001035,R-1
500219638001036,R-1
500219638001037,R-1
500219638001038,R-1
500219638001039,R-1
500219638001040,R-1
500219638001041,R-1
500219638001042,R-1
500219638001043,R-1
500219638001044,R-1
500219638001045,R-1
500219638001046,R-1
500219638001047,R-1
500219638001048,R-1
500219638001049,R-1
500219638001050,R-1
500219638001051,R-1
500219638001052,R-1
500219638001053,R-1
500219638001054,R-1
500219638001055,R-1
500219638001056,R-1
500219638001057,R-1
500219638001058,R-1
500219638001059,R-1
500219638001060,R-1
500219638001061,R-1
500219638001062,R-1
500219638001063,R-1
500219638001064,R-1
500219638001065,R-1
500219638001066,R-1
500219638001067,R-1
500219638001068,R-1
500219638001069,R-1
500219638001070,R-1
500219638001071,R-1
500219638001072,R-1
500219638001073,R-1
500219638001074,R-1
500219638001075,R-1
500219638002000,R-1
500219638002001,R-1
500219638002002,R-1
500219638002003,R-1
500219638002004,R-1
500219638002005,R-1
500219638002006,R-1
500219638002007,R-1
500219638002008,R-1
500219638002009,R-1
500219638002010,R-1
500219638002011,R-1
500219638002012,R-1
500219638002013,R-1
500219638002014,R-1
500219638002015,R-1
500219638002016,R-1
500219638002017,R-1
500219638002018,R-1
500219638002019,R-1
500219638002020,R-1
500219638002021,R-1
500219638002022,R-1
500219638002023,R-1
500219638002024,R-1
500219638002025,R-1
500219638002026,R-1
500219638002027,R-1
500219638002028,R-1
500219638002029,R-1
500219638002030,R-1
500219638002031,R-1
500219638002032,R-1
500219638002033,R-1
500219638002034,R-1
500219638002035,R-1
500219638002036,R-1
500219638002037,R-1
500219638002038,R-1
500219638002039,R-1
500219638002040,R-1
500219638002041,R-1
500219638002042,R-1
500219638002043,R-1
500219638002044,R-1
500219638002045,R-1
500219638002046,R-1
500219638002047,R-1
500219638002048,R-1
500219638002049,R-1
500219638002050,R-1
500219638002051,R-1
500219638002052,R-1
500219638002053,R-1
500219638002054,R-1
500219638002055,R-1
500219638002056,R-1
500219638002057,R-1
500219638002058,R-1
500219638002059,R-1
500219638002060,R-1
500219638002061,R-1
500219638002062,R-1
500219638002063,R-1
500219638002064,R-1
500219638002065,R-1
500219638002066,R-1
500219638002067,R-1
500219638002068,R-1
500219638002069,R-1
500219638002070,R-1
500219638002071,R-1
500219638002072,R-1
500219638002073,R-1
500219638002074,R-1
500219638002075,R-1
500219638002076,R-1
500219638003000,R-1
500219638003001,R-1
500219638003002,R-1
500219638003003,R-1
500219638003004,R-1
500219638003005,R-1
500219638003006,R-1
500219638003007,R-1
500219638003008,R-1
500219638003009,R-1
500219638003010,R-1
500219638003011,R-1
500219638003012,R-1
500219638003013,R-1
500219638003014,R-1
500219638003015,R-1
500219638003016,R-1
500219638003017,R-1
500219638003018,R-1
500219638003019,R-1
500219638003020,R-1
500219638003021,R-1
500219638003022,R-1
500219638003023,R-1
500219638003024,R-1
500219638003025,R-1
500219638003026,R-1
500219638003027,R-1
500219638003028,R-1
500219638003029,R-1
500219638003030,R-1
500219638003031,R-1
500219638003032,R-1
500219638003033,R-1
500219638003034,R-1
500219638003035,R-1
500219638003036,R-1
500219638003037,R-1
500219638003038,R-1
500219638003039,R-1
500219638003040,R-1
500219638003041,R-1
500219638003042,R-1
500219638003043,R-1
500219638003044,R-1
500219638003045,R-1
500219638003046,R-1
500219638003047,R-1
500219638003048,R-1
500219638003049,R-1
500219638003050,R-1
500219638003051,R-1
500219638003052,R-1
500219638003053,R-1
500219638003054,R-1
500219638003055,R-1
500219638003056,R-1
500219638003057,R-1
500219638003058,R-1
500219638003059,R-1
500219638003060,R-1
500219638003061,R-1
500219638003062,R-1
500219638003063,R-1
500219638003064,R-1
500219638004000,R-B
500219638004001,R-B
500219638004002,R-B
500219638004003,R-B
500219638004004,R-B
500219638004005,R-B
500219638004006,R-B
500219638004007,R-B
500219638004008,R-B
500219638004009,R-B
500219638004010,R-B
500219638004011,R-B
500219638004012,R-B
500219638004013,R-B
500219638004014,R-B
500219638004015,R-B
500219638004016,R-B
500219638004017,R-B
500219638004018,R-B
500219638004019,R-B
500219638004020,R-B
500219638004021,R-B
500219638004022,R-B
500219638004023,R-B
500219638004024,R-B
500219638004025,R-B
500219638004026,R-B
500219638004027,R-B
500219638004028,R-B
500219638004029,R-B
500219638004030,R-B
500219638004031,R-B
500219638004032,R-B
500219638004033,R-B
500219638004034,R-B
500219638004035,R-B
500219638004036,R-B
500219638004037,R-B
500219638004038,R-B
500219638004039,R-B
500219638004040,R-B
500219638004041,R-B
500219638004042,R-B
500219638004043,R-B
500219638004044,R-B
500219638004045,R-B
500219638004046,R-B
500219638004047,R-B
500219638004048,R-B
500219638004049,R-B
500219638004050,R-B
500219638004051,R-B
500219638004052,R-B
500219638004053,R-B
500219638004054,R-B
500219638004055,R-B
500219638004056,R-B
500219638004057,R-B
500219638004058,R-B
500219638004059,R-B
500219638004060,R-B
500219638004061,R-B
500219638004062,R-B
500219638004063,R-B
500219638004064,R-B
500219638004065,R-B
500219638004066,R-B
500219638004067,R-B
500219638004068,R-B
500219638004069,R-B
500219638004070,R-B
500219638004071,R-B
500219638004072,R-B
500219638004073,R-B
500219638004074,R-B
500219638004075,R-B
500219638004076,R-B
500219638004077,R-B
500219638004078,R-B
500219638004079,R-B
500219638004080,R-B
500219638004081,R-B
500219638004082,R-B
500219638004083,R-B
500219638004084,R-B
500219638004085,R-B
500219638004086,R-B
500219640001000,R-2
500219640001001,R-2
500219640001002,R-2
500219640001003,R-2
500219640001004,R-2
500219640001005,R-2
500219640001006,R-2
500219640001007,R-2
500219640001008,R-2
500219640001009,R-2
500219640001010,R-2
500219640001011,R-2
500219640001012,R-2
500219640001013,R-2
500219640001014,R-2
500219640001015,R-2
500219640001016,R-2
500219640001017,R-2
500219640001018,R-2
500219640001019,R-2
500219640001020,R-2
500219640001021,R-2
500219640001022,R-2
500219640001023,R-2
500219640001024,R-2
500219640001025,R-2
500219640001026,R-2
500219640001027,R-2
500219640001028,R-2
500219640001029,R-2
500219640001030,R-2
500219640001031,R-2
500219640001032,R-2
500219640001033,R-2
500219640001034,R-2
500219640001035,R-2
500219640001036,R-2
500219640001037,R-2
500219640001038,R-2
500219640001039,R-2
500219640002000,R-2
500219640002001,R-2
500219640002002,R-2
500219640002003,R-2
500219640002004,R-2
500219640002005,R-2
500219640002006,R-2
500219640002007,R-2
500219640002008,R-2
500219640002009,R-2
500219640002010,R-2
500219640002011,R-2
500219640002012,R-2
500219640002013,R-2
500219640002014,R-2
500219640002015,R-2
500219640002016,R-2
500219640002017,R-2
500219640002018,R-2
500219640002019,R-2
500219640002020,R-2
500219640002021,R-2
500219640002022,R-2
500219640002023,R-2
500219640002024,R-2
500219640002025,R-2
500219640002026,R-2
500219640002027,R-2
500219640002028,R-2
500219640002029,R-2
500219640002030,R-2
500219640002031,R-2
500219640002032,R-2
500219640002033,R-2
500219640002034,R-2
500219640002035,R-2
500219640002036,R-2
500219640002037,R-2
500219640002038,R-2
500219640002039,R-2
500219640002040,R-2
500219640002041,R-2
500219640002042,R-2
500219640002043,R-2
500219640002044,R-2
500219640002045,R-2
500219640002046,R-2
500219640002047,R-2
500219640002048,R-2
500219640002049,R-2
500219640002050,R-2
500219640002051,R-2
500219640002052,R-2
500219640002053,R-2
500219640002054,R-2
500219640002055,R-2
500219640002056,R-2
500219640002057,R-2
500219640002058,R-2
500219640002059,R-2
500219640002060,R-2
500219640002061,R-2
500219640002062,R-2
500219640002063,R-2
500219640002064,R-2
500219640002065,R-2
500219640002066,R-2
500219640002067,R-2
500219640002068,R-2
500219640002069,R-2
500219640002070,R-2
500219640002071,R-2
500219640002072,R-2
500219640002073,R-2
500219640002074,R-2
500219640002075,R-2
500219640002076,R-2
500219640002077,R-2
500219640002078,R-2
500219640002079,R-2
500219640002080,R-2
500219640002081,R-2
500219640002082,R-2
500219640002083,R-2
500219640002084,R-2
500219640002085,R-2
500219640002086,R-2
500219640002087,R-2
500219640002088,R-2
500219640002089,R-2
500219640002090,R-2
500219640002091,R-2
500219640002092,R-2
500219640002093,R-2
500219640002094,R-2
500219640002095,R-2
500219640002096,R-2
500219640002097,R-2
500219640002098,R-2
500219640002099,R-2
500219640002100,R-2
500219640002101,R-2
500219640002102,R-2
500219640002103,R-2
500219640002104,R-2
500219640002105,R-2
500219640002106,R-2
500219640002107,R-2
500219640002108,R-2
500219640002109,R-2
500219640002110,R-2
500219640003000,RW2
500219640003001,RW2
500219640003002,RW2
500219640003003,RW2
500219640003004,RW2
500219640003005,RW2
500219640003006,RW2
500219640003007,RW2
500219640003008,RW2
500219640003009,RW2
500219640003010,RW2
500219640003011,RW2
500219640003012,RW2
500219640003013,RW2
500219640003014,RW2
500219640003015,RW2
500219640003016,RW2
500219640003017,RW2
500219640003018,RW2
500219640003019,RW2
500219640003020,RW2
500219640003021,RW2
500219640003022,RW2
500219640003023,RW2
500219640003024,RW2
500219640003025,RW2
500219640003026,RW2
500219640003027,RW2
500219640003028,RW2
500219640003029,RW2
500219640003030,RW2
500219640003031,RW2
500219640003032,RW2
500219640003033,RW2
500219640003034,RW2
500219640003035,RW2
500219640003036,RW2
500219640003037,RW2
500219640003038,RW2
500219640003039,RW2
500219640003040,RW2
500219640003041,RW2
500219640003042,RW2
500219640003043,RW2
500219640003044,RW2
500219640003045,RW2
500219640003046,RW2
500219640003047,RW2
500219640003048,RW2
500219640003049,RW2
500219640003050,RW2
500219640003051,RW2
500219640003052,RW2
500219640003053,RW2
500219640003054,RW2
500219640003055,RW2
500219640003056,RW2
500219640003057,RW2
500219640003058,RW2
500219640003059,RW2
500219640003060,RW2
500219640003061,RW2
500219640003062,RW2
500219640003063,RW2
500219640003064,RW2
500219640003065,RW2
500219640003066,RW2
500219640003067,RW2
500219640003068,RW2
500219640003069,RW2
500219640003070,RW2
500219640003071,RW2
500219640003072,RW2
500219640003073,RW2
500219640003074,RW2
500219640003075,RW2
500219640003076,RW2
500219640003077,RW2
500219640003078,RW2
500219640003079,RW2
500219640003080,RW2
500219640003081,RW2
500219640003082,RW2
500219640003083,RW2
500219640003084,RW2
500219640003085,RW2
500219640003086,RW2
500219640003087,RW2
500219640003088,RW2
500219640003089,RW2
500219640003090,RW2
500219640003091,RW2
500219640003092,RW2
500219640003093,RW2
500219640003094,RW2
500219640003095,RW2
500219640003096,RW2
500219640003097,RW2
500219640003098,RW2
500219640003099,RW2
500219640003100,RW2
500219640003101,RW2
500219640003102,RW2
500219640003103,RW2
500219640003104,RW2
500219640003105,RW2
500219640003106,RW2
500219640003107,RW2
500219640003108,RW2
500219640003109,RW2
500219640003110,RW2
500219640003111,RW2
500219640003112,RW2
500219640003113,RW2
500219640003114,RW2
500219640003115,RW2
500219640003116,RW2
500219640003117,RW2
500219642001000,B-R
500219642001001,B-R
500219642001002,B-R
500219642001003,B-R
500219642001004,B-R
500219642001005,B-R
500219642001006,B-R
500219642001007,B-R
500219642001008,B-R
500219642001009,B-R
500219642001010,B-R
500219642001011,B-R
500219642001012,B-R
500219642001013,B-R
500219642001014,B-R
500219642001015,B-R
500219642001016,B-R
500219642001017,B-R
500219642001018,B-R
500219642001019,B-R
500219642001020,B-R
500219642001021,B-R
500219642001022,B-R
500219642001023,B-R
500219642001024,B-R
500219642001025,B-R
500219642001026,B-R
500219642001027,B-R
500219642001028,B-R
500219642001029,B-R
500219642001030,B-R
500219642001031,B-R
500219642001032,B-R
500219642001033,B-R
500219642001034,B-R
500219642001035,B-R
500219642001036,B-R
500219642001037,B-R
500219642001038,B-R
500219642001039,B-R
500219642001040,B-R
500219642001041,B-R
500219642001042,B-R
500219642001043,B-R
500219642001044,B-R
500219642001045,B-R
500219642001046,B-R
500219642001047,B-R
500219642001048,B-R
500219642001049,B-R
500219642001050,B-R
500219642001051,B-R
500219642001052,B-R
500219642001053,B-R
500219642001054,B-R
500219642001055,B-R
500219642001056,B-R
500219642001057,B-R
500219642001058,B-R
500219642001059,B-R
500219642001060,B-R
500219642001061,B-R
500219642001062,B-R
500219642001063,B-R
500219642001064,B-R
500219642001065,B-R
500219642001066,B-R
500219642001067,B-R
500219642001068,B-R
500219642001069,B-R
500219642001070,B-R
500219642001071,B-R
500219642001072,B-R
500219642001073,B-R
500219642001074,B-R
500219642001075,B-R
500219642001076,B-R
500219642001077,B-R
500219642001078,B-R
500219642001079,B-R
500219642001080,B-R
500219642001081,B-R
500219642001082,B-R
500219642001083,B-R
500219642001084,B-R
500219642001085,B-R
500219642001086,B-R
500219642001087,B-R
500219642001088,B-R
500219642001089,B-R
500219642001090,B-R
500219642001091,B-R
500219642002000,B-R
500219642002001,B-R
500219642002002,B-R
500219642002003,B-R
500219642002004,B-R
500219642002005,B-R
500219642002006,B-R
500219642002007,B-R
500219642002008,B-R
500219642002009,B-R
500219642002010,B-R
500219642002011,B-R
500219642002012,B-R
500219642002013,B-R
500219642002014,B-R
500219642002015,B-R
500219642002016,B-R
500219642002017,B-R
500219642002018,B-R
500219642002019,B-R
500219642002020,B-R
500219642002021,B-R
500219642002022,B-R
500219642002023,B-R
500219642002024,B-R
500219642002025,B-R
500219642002026,B-R
500219642002027,B-R
500219642002028,B-R
500219642002029,B-R
500219642002030,B-R
500219642002031,B-R
500219642002032,B-R
500219642002033,B-R
500219642002034,B-R
500219642002035,B-R
500219642002036,B-R
500219642002037,B-R
500219642002038,B-R
500219642002039,B-R
500219642002040,B-R
500219642002041,B-R
500219642002042,B-R
500219642002043,B-R
500219642002044,B-R
500219642002045,B-R
500219642002046,B-R
500219642002047,B-R
500219642002048,B-R
500219642002049,B-R
500219642002050,B-R
500219642002051,B-R
500219642002052,B-R
500219642002053,B-R
500219642002054,B-R
500219642002055,B-R
500219642002056,B-R
500219642002057,B-R
500219643001000,R-B
500219643001001,R-B
500219643001002,R-B
500219643001003,R-B
500219643001004,R-B
500219643001005,R-B
500219643001006,R-B
500219643001007,R-B
500219643001008,R-B
500219643001009,R-B
500219643001010,R-B
500219643001011,R-B
500219643001012,R-B
500219643001013,R-B
500219643001014,R-B
500219643001015,R-B
500219643001016,R-B
500219643001017,R-B
500219643001018,R-B
500219643001019,R-B
500219643001020,R-B
500219643001021,R-B
500219643001022,R-B
500219643001023,R-B
500219643001024,R-B
500219643001025,R-B
500219643001026,R-B
500219643001027,R-B
500219643001028,R-B
500219643001029,R-B
500219643001030,R-B
500219643001031,R-B
500219643001032,R-B
500219643001033,R-B
500219643001034,R-B
500219643001035,R-B
500219643001036,R-B
500219643001037,R-B
500219643002000,R-B
500219643002001,R-B
500219643002002,R-B
500219643002003,R-B
500219643002004,R-B
500219643002005,R-B
500219643002006,R-B
500219643002007,R-B
500219643002008,R-B
500219643002009,R-B
500219643002010,R-B
500219643002011,R-B
500219643002012,R-B
500219643002013,R-B
500219643002014,R-B
500219643002015,R-B
500219643002016,R-B
500219643002017,R-B
500219643002018,R-B
500219643002019,R-B
500219643002020,R-B
500219643002021,R-B
500219643002022,R-B
500219643002023,R-B
500219643002024,R-B
500219643002025,R-B
500219643002026,R-B
500219643002027,R-B
500219643002028,R-B
500219643002029,R-B
500219643002030,R-B
500219643002031,R-B
500219643002032,R-B
500219643002033,R-B
500219643002034,R-B
500219643002035,R-B
500219643002036,R-B
500219643002037,R-B
500219643002038,R-B
500219643002039,R-B
500219643002040,R-B
500219643002041,R-B
500219643002042,R-B
500219643002043,R-B
500219643002044,R-B
500219643002045,R-B
500219643002046,R-B
500219643002047,R-B
500219643002048,R-B
500219643002049,R-B
500219643002050,R-B
500219643002051,R-B
500219643002052,R-B
500219643002053,R-B
500219643002054,R-B
500219643002055,R-B
500219643002056,R-B
500219643002057,R-B
500219643002058,R-B
500219643002059,R-B
500219643002060,R-B
500219643002061,R-B
500219643002062,R-B
500219643002063,R-B
500219643002064,R-B
500219643002065,R-B
500219643002066,R-B
500219643002067,R-B
500219643002068,R-B
500219643002069,R-B
500219643002070,R-B
500219643002071,R-B
500219643002072,R-B
500219643002073,R-B
500219643002074,R-B
500219643002075,R-B
500219643002076,R-B
500219643002077,R-B
500239540001000,CAW
500239540001001,CAW
500239540001002,CAW
500239540001003,CAW
500239540001004,CAW
500239540001005,CAW
500239540001006,CAW
500239540001007,CAW
500239540001008,CAW
500239540001009,CAW
500239540001010,CAW
500239540001011,CAW
500239540001012,CAW
500239540001013,CAW
500239540001014,CAW
500239540001015,CAW
500239540001016,CAW
500239540001017,CAW
500239540001018,CAW
500239540001019,CAW
500239540001020,CAW
500239540001021,CAW
500239540001022,CAW
500239540001023,CAW
500239540001024,CAW
500239540001025,CAW
500239540001026,CAW
500239540001027,CAW
500239540001028,CAW
500239540001029,CAW
500239540001030,CAW
500239540001031,CAW
500239540001032,CAW
500239540001033,CAW
500239540001034,CAW
500239540001035,CAW
500239540001036,CAW
500239540001037,CAW
500239540001038,CAW
500239540001039,CAW
500239540001040,CAW
500239540001041,CAW
500239540001042,CAW
500239540001043,CAW
500239540001044,CAW
500239540001045,CAW
500239540001046,CAW
500239540001047,CAW
500239540001048,CAW
500239540001049,CAW
500239540001050,CAW
500239540001051,CAW
500239540001052,CAW
500239540001053,CAW
500239540001054,CAW
500239540001055,CAW
500239540001056,CAW
500239540001057,CAW
500239540001058,CAW
500239540001059,CAW
500239540001060,CAW
500239540001061,CAW
500239540001062,CAW
500239540001063,CAW
500239540001064,CAW
500239540001065,CAW
500239540001066,CAW
500239540001067,CAW
500239540001068,CAW
500239540001069,CAW
500239540001070,CAW
500239540001071,CAW
500239540001072,CAW
500239540001073,CAW
500239540001074,CAW
500239540001075,CAW
500239540001076,CAW
500239540001077,CAW
500239540001078,CAW
500239540001079,CAW
500239540001080,CAW
500239540001081,CAW
500239540001082,CAW
500239540001083,CAW
500239540001084,CAW
500239540001085,CAW
500239540001086,CAW
500239540001087,CAW
500239540001088,CAW
500239540001089,CAW
500239540001090,CAW
500239540001091,CAW
500239540001092,CAW
500239540001093,CAW
500239540001094,CAW
500239540001095,CAW
500239540001096,CAW
500239540001097,CAW
500239540001098,CAW
500239540001099,CAW
500239540001100,CAW
500239540001101,CAW
500239540001102,CAW
500239540001103,CAW
500239540001104,CAW
500239540001105,CAW
500239540001106,CAW
500239540001107,CAW
500239540001108,CAW
500239540001109,CAW
500239540001110,CAW
500239540001111,CAW
500239540001112,CAW
500239540001113,CAW
500239540001114,CAW
500239540001115,CAW
500239540001116,CAW
500239540001117,CAW
500239540001118,CAW
500239540002000,WA6
500239540002001,WA6
500239540002002,WA6
500239540002003,WA6
500239540002004,WA6
500239540002005,WA6
500239540002006,WA6
500239540002007,WA6
500239540002008,WA6
500239540002009,WA6
500239540002010,WA6
500239540002011,WA6
500239540002012,WA6
500239540002013,WA6
500239540002014,WA6
500239540002015,WA6
500239540002016,WA6
500239540002017,WA6
500239540002018,WA6
500239540002019,WA6
500239540002020,WA6
500239540002021,WA6
500239540002022,WA6
500239540002023,WA6
500239540002024,WA6
500239540002025,WA6
500239540002026,WA6
500239540002027,WA6
500239540002028,WA6
500239540002029,WA6
500239540002030,WA6
500239540002031,WA6
500239540002032,WA6
500239540002033,WA6
500239540002034,WA6
500239540002035,WA6
500239540002036,WA6
500239540002037,WA6
500239540002038,WA6
500239540002039,WA6
500239540002040,WA6
500239540002041,WA6
500239540002042,WA6
500239540002043,WA6
500239540002044,WA6
500239540002045,WA6
500239540002046,WA6
500239540002047,WA6
500239540002048,WA6
500239540002049,WA6
500239540002050,WA6
500239540002051,WA6
500239540002052,WA6
500239540002053,WA6
500239540002054,WA6
500239540002055,WA6
500239540002056,WA6
500239540002057,WA6
500239540002058,WA6
500239540002059,WA6
500239540002060,WA6
500239540002061,WA6
500239540002062,WA6
500239540002063,WA6
500239540002064,WA6
500239540002065,WA6
500239540002066,WA6
500239540002067,WA6
500239540002068,WA6
500239540002069,WA6
500239540002070,WA6
500239540002071,WA6
500239540002072,WA6
500239540002073,WA6
500239540002074,WA6
500239540002075,WA6
500239540002076,WA6
500239540002077,WA6
500239540002078,WA6
500239540002079,WA6
500239540002080,WA6
500239540002081,WA6
500239540002082,WA6
500239540002083,WA6
500239540002084,WA6
500239540002085,WA6
500239540002086,WA6
500239540002087,WA6
500239540002088,WA6
500239540002089,WA6
500239540002090,WA6
500239540002091,WA6
500239540002092,WA6
500239540002093,WA6
500239540002094,WA6
500239540002095,WA6
500239540002096,WA6
500239540002097,WA6
500239540002098,WA6
500239540002099,WA6
500239540002100,WA6
500239540002101,WA6
500239540002102,WA6
500239540002103,WA6
500239540002104,WA6
500239540002105,WA6
500239540002106,WA6
500239540002107,WA6
500239540002108,WA6
500239540002109,WA6
500239540002110,WA6
500239540002111,WA6
500239540002112,WA6
500239540002113,WA6
500239540002114,WA6
500239540002115,WA6
500239540002116,WA6
500239540002117,WA6
500239540002118,WA6
500239540002119,WA6
500239540002120,WA6
500239540002121,WA6
500239540002122,WA6
500239540002123,WA6
500239540002124,WA6
500239540002125,WA6
500239540002126,WA6
500239540002127,WA6
500239540002128,WA6
500239540002129,WA6
500239540002130,WA6
500239540002131,WA6
500239540002132,WA6
500239540002133,WA6
500239540002134,WA6
500239540002135,WA6
500239540002136,WA6
500239540002137,WA6
500239540002138,WA6
500239540002139,WA6
500239540002140,WA6
500239540002141,WA6
500239540002142,WA6
500239540002143,WA6
500239540002144,WA6
500239540002145,WA6
500239540002146,WA6
500239540003000,WA6
500239540003001,WA6
500239540003002,WA6
500239540003003,WA6
500239540003004,WA6
500239540003005,WA6
500239540003006,WA6
500239540003007,WA6
500239540003008,WA6
500239540003009,WA6
500239540003010,WA6
500239540003011,WA6
500239540003012,WA6
500239540003013,WA6
500239540003014,WA6
500239540003015,WA6
500239540003016,WA6
500239540003017,WA6
500239540003018,WA6
500239540003019,WA6
500239540003020,WA6
500239540003021,WA6
500239540003022,WA6
500239540003023,WA6
500239540003024,WA6
500239540003025,WA6
500239540003026,WA6
500239540003027,WA6
500239540003028,WA6
500239540003029,WA6
500239540003030,WA6
500239540003031,WA6
500239540003032,WA6
500239540003033,WA6
500239540003034,WA6
500239540003035,WA6
500239540003036,WA6
500239540003037,WA6
500239540003038,WA6
500239540003039,WA6
500239540003040,WA6
500239540003041,WA6
500239540003042,WA6
500239540003043,WA6
500239540003044,WA6
500239540003045,WA6
500239540003046,WA6
500239540003047,WA6
500239540003048,WA6
500239540003049,WA6
500239540003050,WA6
500239540003051,WA6
500239540003052,WA6
500239540003053,WA6
500239540003054,WA6
500239540003055,WA6
500239540003056,WA6
500239540003057,WA6
500239540003058,WA6
500239540003059,WA6
500239540003060,WA6
500239540003061,WA6
500239540003062,WA6
500239540003063,WA6
500239540003064,WA6
500239540003065,WA6
500239540003066,WA6
500239540003067,WA6
500239540003068,WA6
500239540003069,WA6
500239540003070,WA6
500239540003071,WA6
500239540003072,WA6
500239541001000,LMW
500239541001001,LMW
500239541001002,LMW
500239541001003,LMW
500239541001004,LMW
500239541001005,LMW
500239541001006,LMW
500239541001007,LMW
500239541001008,LMW
500239541001009,LMW
500239541001010,LMW
500239541001011,LMW
500239541001012,LMW
500239541001013,LMW
500239541001014,LMW
500239541001015,LMW
500239541001016,LMW
500239541001017,LMW
500239541001018,LMW
500239541001019,LMW
500239541001020,LMW
500239541001021,LMW
500239541001022,LMW
500239541001023,LMW
500239541001024,LMW
500239541001025,LMW
500239541001026,LMW
500239541001027,LMW
500239541001028,LMW
500239541001029,LMW
500239541001030,LMW
500239541001031,LMW
500239541001032,LMW
500239541001033,LMW
500239541001034,LMW
500239541001035,LMW
500239541001036,LMW
500239541001037,LMW
500239541001038,LMW
500239541001039,LMW
500239541001040,LMW
500239541001041,LMW
500239541001042,LMW
500239541001043,LMW
500239541001044,LMW
500239541001045,LMW
500239541001046,LMW
500239541001047,LMW
500239541001048,LMW
500239541001049,LMW
500239541001050,LMW
500239541001051,LMW
500239541001052,LMW
500239541001053,LMW
500239541001054,LMW
500239541001055,LMW
500239541001056,LMW
500239541001057,LMW
500239541001058,LMW
500239541001059,LMW
500239541001060,LMW
500239541001061,LMW
500239541001062,LMW
500239541001063,LMW
500239541001064,LMW
500239541001065,LMW
500239541001066,LMW
500239541001067,LMW
500239541001068,LMW
500239541001069,LMW
500239541001070,LMW
500239541001071,LMW
500239541001072,LMW
500239541001073,LMW
500239541001074,LMW
500239541001075,LMW
500239541001076,LMW
500239541001077,LMW
500239541001078,LMW
500239541001079,LMW
500239541001080,LMW
500239541001081,LMW
500239541001082,LMW
500239541001083,LMW
500239541001084,LMW
500239541001085,LMW
500239541001086,LMW
500239541001087,LMW
500239541001088,LMW
500239541001089,LMW
500239541001090,LMW
500239541001091,LMW
500239541001092,LMW
500239541001093,LMW
500239541001094,LMW
500239541001095,LMW
500239541001096,LMW
500239541001097,LMW
500239541001098,LMW
500239541001099,LMW
500239541001100,LMW
500239541001101,LMW
500239541001102,LMW
500239541001103,LMW
500239541001104,LMW
500239541001105,LMW
500239541001106,LMW
500239541001107,LMW
500239541001108,LMW
500239541001109,LMW
500239541001110,LMW
500239541001111,LMW
500239541001112,LMW
500239541001113,LMW
500239541001114,LMW
500239541001115,LMW
500239541002000,WA6
500239541002001,WA6
500239541002002,WA6
500239541002003,WA6
500239541002004,WA6
500239541002005,WA6
500239541002006,WA6
500239541002007,WA6
500239541002008,WA6
500239541002009,WA6
500239541002010,WA6
500239541002011,WA6
500239541002012,WA6
500239541002013,WA6
500239541002014,WA6
500239541002015,WA6
500239541002016,WA6
500239541002017,WA6
500239541002018,WA6
500239541002019,WA6
500239541002020,WA6
500239541002021,WA6
500239541002022,WA6
500239541002023,WA6
500239541002024,WA6
500239541002025,WA6
500239541002026,WA6
500239541002027,WA6
500239541002028,WA6
500239541002029,WA6
500239541002030,WA6
500239541002031,WA6
500239541002032,WA6
500239541002033,WA6
500239541002034,WA6
500239541002035,WA6
500239541002036,WA6
500239541002037,WA6
500239541002038,WA6
500239541002039,WA6
500239541002040,WA6
500239541002041,WA6
500239541002042,WA6
500239541002043,WA6
500239541002044,WA6
500239541002045,WA6
500239541002046,WA6
500239541002047,WA6
500239541002048,WA6
500239541002049,WA6
500239541002050,WA6
500239541002051,WA6
500239541002052,WA6
500239541002053,WA6
500239541002054,WA6
500239541002055,WA6
500239541002056,WA6
500239541002057,WA6
500239541002058,WA6
500239541002059,WA6
500239541002060,WA6
500239541002061,WA6
500239541002062,WA6
500239541003000,WA6
500239541003001,WA6
500239541003002,WA6
500239541003003,WA6
500239541003004,WA6
500239541003005,WA6
500239541003006,WA6
500239541003007,WA6
500239541003008,WA6
500239541003009,WA6
500239541003010,WA6
500239541003011,WA6
500239541003012,WA6
500239541003013,WA6
500239541003014,WA6
500239541003015,WA6
500239541003016,WA6
500239541003017,WA6
500239541003018,WA6
500239541003019,WA6
500239541003020,WA6
500239541003021,WA6
500239541003022,WA6
500239541003023,WA6
500239541003024,WA6
500239541003025,WA6
500239541003026,WA6
500239541003027,WA6
500239541003028,WA6
500239541003029,WA6
500239541003030,WA6
500239541003031,WA6
500239541003032,WA6
500239541003033,WA6
500239541003034,WA6
500239541003035,WA6
500239541003036,WA6
500239541003037,WA6
500239541003038,WA6
500239541003039,WA6
500239541003040,WA6
500239541003041,WA6
500239541003042,WA6
500239541003043,WA6
500239541003044,WA6
500239541003045,WA6
500239541003046,WA6
500239541003047,WA6
500239541003048,WA6
500239541003049,WA6
500239541003050,WA6
500239541003051,WA6
500239541003052,WA6
500239541003053,WA6
500239541003054,WA6
500239541003055,WA6
500239541003056,WA6
500239541003057,WA6
500239541003058,WA6
500239541003059,WA6
500239541003060,WA6
500239541003061,WA6
500239542001000,LMW
500239542001001,LMW
500239542001002,LMW
500239542001003,LMW
500239542001004,LMW
500239542001005,LMW
500239542001006,LMW
500239542001007,LMW
500239542001008,LMW
500239542001009,LMW
500239542001010,LMW
500239542001011,LMW
500239542001012,LMW
500239542001013,LMW
500239542001014,LMW
500239542001015,LMW
500239542001016,LMW
500239542001017,LMW
500239542001018,LMW
500239542001019,LMW
500239542001020,LMW
500239542001021,LMW
500239542001022,LMW
500239542001023,LMW
500239542001024,LMW
500239542001025,LMW
500239542001026,LMW
500239542001027,LMW
500239542001028,LMW
500239542001029,LMW
500239542001030,LMW
500239542001031,LMW
500239542001032,LMW
500239542001033,LMW
500239542001034,LMW
500239542001035,LMW
500239542001036,LMW
500239542001037,LMW
500239542001038,LMW
500239542001039,LMW
500239542001040,LMW
500239542001041,LMW
500239542001042,LMW
500239542001043,LMW
500239542001044,LMW
500239542001045,LMW
500239542001046,LMW
500239542001047,LMW
500239542001048,LMW
500239542001049,LMW
500239542001050,LMW
500239542002000,WA5
500239542002001,WA5
500239542002002,WA5
500239542002003,WA5
500239542002004,WA5
500239542002005,WA5
500239542002006,WA5
500239542002007,WA5
500239542002008,WA5
500239542002009,WA5
500239542002010,WA5
500239542002011,WA5
500239542002012,WA5
500239542002013,WA5
500239542002014,WA5
500239542002015,WA5
500239542002016,WA5
500239542002017,WA5
500239542002018,WA5
500239542002019,WA5
500239542002020,WA5
500239542002021,WA5
500239542002022,WA5
500239542002023,WA5
500239542002024,WA5
500239542002025,WA5
500239542002026,WA5
500239542002027,WA5
500239542002028,WA5
500239542002029,WA5
500239542002030,WA5
500239542002031,WA5
500239542002032,WA5
500239542002033,WA5
500239542002034,WA5
500239542002035,WA5
500239542002036,WA5
500239542002037,WA5
500239542002038,WA5
500239542002039,WA5
500239542002040,WA5
500239542002041,WA5
500239542002042,WA5
500239542002043,WA5
500239542002044,WA5
500239542002045,WA5
500239542002046,WA5
500239542002047,WA5
500239542002048,WA5
500239542002049,WA5
500239542002050,WA5
500239542002051,WA5
500239542002052,WA5
500239542002053,WA5
500239542002054,WA5
500239542002055,WA5
500239542002056,WA5
500239542002057,WA5
500239542002058,WA5
500239542002059,WA5
500239542002060,WA5
500239542002061,WA5
500239542002062,WA5
500239542002063,WA5
500239542002064,WA5
500239542002065,WA5
500239542002066,WA5
500239542002067,WA5
500239542002068,WA5
500239542002069,WA5
500239542002070,WA5
500239542002071,WA5
500239542002072,WA5
500239542002073,WA5
500239542002074,WA5
500239542002075,WA5
500239542002076,WA5
500239542002077,WA5
500239542002078,WA5
500239542002079,WA5
500239542002080,WA5
500239542002081,WA5
500239542002082,WA5
500239542002083,WA5
500239542002084,WA5
500239542002085,WA5
500239542002086,WA5
500239542002087,WA5
500239543001000,WAC
500239543001001,WAC
500239543001002,WAC
500239543001003,WAC
500239543001004,WAC
500239543001005,WAC
500239543001006,WAC
500239543001007,WAC
500239543001008,WAC
500239543001009,WAC
500239543001010,WAC
500239543001011,WAC
500239543001012,WAC
500239543001013,WAC
500239543001014,WAC
500239543001015,WAC
500239543001016,WAC
500239543001017,WAC
500239543001018,WAC
500239543001019,WAC
500239543001020,WAC
500239543001021,WAC
500239543001022,WAC
500239543001023,WAC
500239543001024,WAC
500239543001025,WAC
500239543001026,WAC
500239543001027,WAC
500239543001028,WAC
500239543001029,WAC
500239543001030,WAC
500239543001031,WAC
500239543001032,WAC
500239543001033,WAC
500239543001034,WAC
500239543001035,WAC
500239543001036,WAC
500239543001037,WAC
500239543001038,WAC
500239543001039,WAC
500239543001040,WAC
500239543001041,WAC
500239543001042,WAC
500239543001043,WAC
500239543001044,WAC
500239543001045,WAC
500239543001046,WAC
500239543001047,WAC
500239543001048,WAC
500239543002000,WAC
500239543002001,WAC
500239543002002,WAC
500239543002003,WAC
500239543002004,WAC
500239543002005,WAC
500239543002006,WAC
500239543002007,WAC
500239543002008,WAC
500239543002009,WAC
500239543002010,WAC
500239543002011,WAC
500239543002012,WAC
500239543002013,WAC
500239543002014,WAC
500239543002015,WAC
500239543002016,WAC
500239543002017,WAC
500239543002018,WAC
500239543002019,WAC
500239543002020,WAC
500239543002021,WAC
500239543002022,WAC
500239543002023,WAC
500239543002024,WAC
500239543002025,WAC
500239543002026,WAC
500239543002027,WAC
500239543002028,WAC
500239543002029,WAC
500239543002030,WAC
500239543002031,WAC
500239543002032,WAC
500239543002033,WAC
500239543002034,WAC
500239543002035,WAC
500239543002036,WAC
500239543002037,WAC
500239543002038,WAC
500239543002039,WAC
500239543002040,WAC
500239543002041,WAC
500239543002042,WAC
500239543002043,WAC
500239543002044,WAC
500239543002045,WAC
500239543002046,WAC
500239543002047,WAC
500239543002048,WAC
500239543002049,WAC
500239543002050,WAC
500239543002051,WAC
500239543002052,WAC
500239543002053,WAC
500239543002054,WAC
500239543002055,WAC
500239543002056,WAC
500239543002057,WAC
500239543002058,WAC
500239543002059,WAC
500239543002060,WAC
500239543002061,WAC
500239543002062,WAC
500239543002063,WAC
500239543002064,WAC
500239543002065,WAC
500239543002066,WAC
500239543002067,WAC
500239543002068,WAC
500239543002069,WAC
500239543002070,WAC
500239543002071,WAC
500239543002072,WAC
500239543002073,WAC
500239543002074,WAC
500239543002075,WAC
500239543002076,WAC
500239543002077,WAC
500239543002078,WAC
500239543002079,WAC
500239543002080,WAC
500239543002081,WAC
500239543002082,WAC
500239543002083,WAC
500239543002084,WAC
500239543002085,WAC
500239543002086,WAC
500239543002087,WAC
500239543002088,WAC
500239543002089,WAC
500239543002090,WAC
500239543002091,WAC
500239543002092,WAC
500239543002093,WAC
500239543002094,WAC
500239543002095,WAC
500239543002096,WAC
500239543002097,WAC
500239543002098,WAC
500239543002099,WAC
500239543002100,WAC
500239543002101,WAC
500239543002102,WAC
500239543002103,WAC
500239543002104,WAC
500239543002105,WAC
500239543002106,WAC
500239543002107,WAC
500239543002108,WAC
500239543002109,WAC
500239543002110,WAC
500239543002111,WAC
500239543002112,WAC
500239543003000,WAC
500239543003001,WAC
500239543003002,WAC
500239543003003,WAC
500239543003004,WAC
500239543003005,WAC
500239543003006,WAC
500239543003007,WAC
500239543003008,WAC
500239543003009,WAC
500239543003010,WAC
500239543003011,WAC
500239543003012,WAC
500239543003013,WAC
500239543003014,WAC
500239543003015,WAC
500239543003016,WAC
500239543003017,WAC
500239543003018,WAC
500239543003019,WAC
500239543003020,WAC
500239543003021,WAC
500239543003022,WAC
500239543003023,WAC
500239543003024,WAC
500239543003025,WAC
500239543003026,WAC
500239543003027,WAC
500239543003028,WAC
500239543003029,WAC
500239543003030,WAC
500239543003031,WAC
500239543003032,WAC
500239543003033,WAC
500239543003034,WAC
500239543003035,WAC
500239543003036,WAC
500239543003037,WAC
500239543003038,WAC
500239543004000,WAC
500239543004001,WAC
500239543004002,WAC
500239543004003,WAC
500239543004004,WAC
500239543004005,WAC
500239543004006,WAC
500239543004007,WAC
500239543004008,WAC
500239543004009,WAC
500239543004010,WAC
500239543004011,WAC
500239543004012,WAC
500239543004013,WAC
500239543004014,WAC
500239543004015,WAC
500239543004016,WAC
500239543004017,WAC
500239543004018,WAC
500239543004019,WAC
500239543004020,WAC
500239543004021,WAC
500239543004022,WAC
500239543004023,WAC
500239543004024,WAC
500239543004025,WAC
500239543004026,WAC
500239543004027,WAC
500239543004028,WAC
500239543004029,WAC
500239543004030,WAC
500239543004031,WAC
500239543004032,WAC
500239543004033,WAC
500239544001000,WA7
500239544001001,WA7
500239544001002,WA7
500239544001003,WA7
500239544001004,WA7
500239544001005,WA7
500239544001006,WA7
500239544001007,WA7
500239544001008,WA7
500239544001009,WA7
500239544001010,WA7
500239544001011,WA7
500239544001012,WA7
500239544001013,WA7
500239544001014,WA7
500239544001015,WA7
500239544001016,WA7
500239544001017,WA7
500239544001018,WA7
500239544001019,WA7
500239544001020,WA7
500239544001021,WA7
500239544001022,WA7
500239544001023,WA7
500239544001024,WA7
500239544001025,WA7
500239544001026,WA7
500239544001027,WA7
500239544001028,WA7
500239544001029,WA7
500239544001030,WA7
500239544001031,WA7
500239544001032,WA7
500239544001033,WA7
500239544001034,WA7
500239544001035,WA7
500239544001036,WA7
500239544001037,WA7
500239544001038,WA7
500239544001039,WA7
500239544001040,WA7
500239544001041,WA7
500239544001042,WA7
500239544001043,WA7
500239544001044,WA7
500239544001045,WA7
500239544001046,WA7
500239544001047,WA7
500239544001048,WA7
500239544001049,WA7
500239544001050,WA7
500239544001051,WA7
500239544001052,WA7
500239544001053,WA7
500239544001054,WA7
500239544001055,WA7
500239544001056,WA7
500239544001057,WA7
500239544001058,WA7
500239544001059,WA7
500239544001060,WA7
500239544001061,WA7
500239544001062,WA7
500239544001063,WA7
500239544001064,WA7
500239544001065,WA7
500239544001066,WA7
500239544001067,WA7
500239544002000,WA7
500239544002001,WA7
500239544002002,WA7
500239544002003,WA7
500239544002004,WA7
500239544002005,WA7
500239544002006,WA7
500239544002007,WA7
500239544002008,WA7
500239544002009,WA7
500239544002010,WA7
500239544002011,WA7
500239544002012,WA7
500239544002013,WA7
500239544002014,WA7
500239544002015,WA7
500239544002016,WA7
500239544002017,WA7
500239544002018,WA7
500239544002019,WA7
500239544002020,WA7
500239544002021,WA7
500239544002022,WA7
500239544002023,WA7
500239544002024,WA7
500239544002025,WA7
500239544002026,WA7
500239544002027,WA7
500239544002028,WA7
500239544002029,WA7
500239544002030,WA7
500239544002031,WA7
500239544002032,WA7
500239544002033,WA7
500239544002034,WA7
500239544002035,WA7
500239544002036,WA7
500239544002037,WA7
500239544002038,WA7
500239544002039,WA7
500239544002040,WA7
500239544002041,WA7
500239544002042,WA7
500239544002043,WA7
500239544002044,WA7
500239544002045,WA7
500239544002046,WA7
500239544002047,WA7
500239544002048,WA7
500239544002049,WA7
500239544003000,WA7
500239544003001,WA7
500239544003002,WA7
500239544003003,WA7
500239544003004,WA7
500239544003005,WA7
500239544003006,WA7
500239544003007,WA7
500239544003008,WA7
500239544003009,WA7
500239544003010,WA7
500239544003011,WA7
500239544003012,WA7
500239544003013,WA7
500239544003014,WA7
500239544003015,WA7
500239544003016,WA7
500239544003017,WA7
500239544003018,WA7
500239544003019,WA7
500239544003020,WA7
500239544003021,WA7
500239544003022,WA7
500239544003023,WA7
500239544003024,WA7
500239544003025,WA7
500239544003026,WA7
500239544003027,WA7
500239544003028,WA7
500239544003029,WA7
500239544003030,WA7
500239544003031,WA7
500239544003032,WA7
500239544003033,WA7
500239544003034,WA7
500239544003035,WA7
500239544003036,WA7
500239544003037,WA7
500239544003038,WA7
500239544003039,WA7
500239544003040,WA7
500239544003041,WA7
500239544003042,WA7
500239544003043,WA7
500239544003044,WA7
500239544003045,WA7
500239544003046,WA7
500239544003047,WA7
500239544003048,WA7
500239544003049,WA7
500239544003050,WA7
500239544003051,WA7
500239544003052,WA7
500239544003053,WA7
500239544003054,WA7
500239544003055,WA7
500239544003056,WA7
500239544003057,WA7
500239544003058,WA7
500239544003059,WA7
500239544003060,WA7
500239544003061,WA7
500239544003062,WA7
500239544003063,WA7
500239544003064,WA7
500239544003065,WA7
500239544003066,WA7
500239544003067,WA7
500239544003068,WA7
500239544003069,WA7
500239544003070,WA7
500239544003071,WA7
500239544003072,WA7
500239544003073,WA7
500239544003074,WA7
500239544003075,WA7
500239544003076,WA7
500239544003077,WA7
500239544003078,WA7
500239545001000,WA1
500239545001001,WA1
500239545001002,WA1
500239545001003,WA1
500239545001004,WA1
500239545001005,WA1
500239545001006,WA1
500239545001007,WA1
500239545001008,WA1
500239545001009,WA1
500239545001010,WA1
500239545001011,WA1
500239545001012,WA1
500239545001013,WA1
500239545001014,WA1
500239545001015,WA1
500239545001016,WA1
500239545001017,WA1
500239545001018,WA1
500239545001019,WA1
500239545001020,WA1
500239545001021,WA1
500239545001022,WA1
500239545001023,WA1
500239545001024,WA1
500239545001025,WA1
500239545001026,WA1
500239545001027,WA1
500239545001028,WA1
500239545001029,WA1
500239545001030,WA1
500239545001031,WA1
500239545001032,WA1
500239545001033,WA1
500239545001034,WA1
500239545001035,WA1
500239545001036,WA1
500239545001037,WA1
500239545001038,WA1
500239545001039,WA1
500239545001040,WA1
500239545001041,WA1
500239545001042,WA1
500239545001043,WA1
500239545001044,WA1
500239545001045,WA1
500239545001046,WA1
500239545001047,WA1
500239545001048,WA1
500239545001049,WA1
500239545001050,WA1
500239545001051,WA1
500239545001052,WA1
500239545001053,WA1
500239545001054,WA1
500239545001055,WA1
500239545001056,WA1
500239545001057,WA1
500239545001058,WA1
500239545001059,WA1
500239545001060,WA1
500239545001061,WA1
500239545001062,WA1
500239545001063,WA1
500239545001064,WA1
500239545001065,WA1
500239545001066,WA1
500239545001067,WA1
500239545001068,WA1
500239545001069,WA1
500239545001070,WA1
500239545001071,WA1
500239545001072,WA1
500239545001073,WA1
500239545001074,WA1
500239545001075,WA1
500239545001076,WA1
500239545001077,WA1
500239545001078,WA1
500239545001079,WA1
500239545001080,WA1
500239545001081,WA1
500239545001082,WA1
500239545001083,WA1
500239545001084,WA1
500239545001085,WA1
500239545001086,WA1
500239545001087,WA1
500239545001088,WA1
500239545001089,WA1
500239545001090,WA1
500239545001091,WA1
500239545001092,WA1
500239545001093,WA1
500239545001094,WA1
500239545001095,WA1
500239545001096,WA1
500239545001097,WA1
500239545001098,WA1
500239545001099,WA1
500239545001100,WA1
500239545001101,WA1
500239545001102,WA1
500239545001103,WA1
500239545001104,WA1
500239545001105,WA1
500239545001106,WA1
500239545001107,WA1
500239545001108,WA1
500239545001109,WA1
500239545001110,WA1
500239545001111,WA1
500239545001112,WA1
500239545001113,WA1
500239545001114,WA1
500239545001115,WA1
500239545001116,WA1
500239545001117,WA1
500239545001118,WA1
500239545002000,WA1
500239545002001,WA1
500239545002002,WA1
500239545002003,WA1
500239545002004,WA1
500239545002005,WA1
500239545002006,WA1
500239545002007,WA1
500239545002008,WA1
500239545002009,WA1
500239545002010,WA1
500239545002011,WA1
500239545002012,WA1
500239545002013,WA1
500239545002014,WA1
500239545002015,WA1
500239545002016,WA1
500239545002017,WA1
500239545002018,WA1
500239545002019,WA1
500239545002020,WA1
500239545002021,WA1
500239545002022,WA1
500239545002023,WA1
500239545002024,WA1
500239545002025,WA1
500239545002026,WA1
500239545002027,WA1
500239545002028,WA1
500239545002029,WA1
500239545002030,WA1
500239545002031,WA1
500239545002032,WA1
500239545002033,WA1
500239545002034,WA1
500239545002035,WA1
500239545002036,WA1
500239545002037,WA1
500239545002038,WA1
500239545002039,WA1
500239545002040,WA1
500239545002041,WA1
500239545002042,WA1
500239545002043,WA1
500239545002044,WA1
500239545002045,WA1
500239545002046,WA1
500239545002047,WA1
500239545002048,WA1
500239545002049,WA1
500239545002050,WA1
500239545002051,WA1
500239545002052,WA1
500239545002053,WA1
500239545002054,WA1
500239545002055,WA1
500239545002056,WA1
500239545002057,WA1
500239545002058,WA1
500239545002059,WA1
500239545002060,WA1
500239545002061,WA1
500239545002062,WA1
500239545002063,WA1
500239545002064,WA1
500239545002065,WA1
500239545002066,WA1
500239545002067,WA1
500239545002068,WA1
500239545002069,WA1
500239545002070,WA1
500239545002071,WA1
500239545002072,WA1
500239545002073,WA1
500239545002074,WA1
500239545002075,WA1
500239545002076,WA1
500239545002077,WA1
500239545002078,WA1
500239545002079,WA1
500239545002080,WA1
500239545002081,WA1
500239545002082,WA1
500239545002083,WA1
500239545002084,WA1
500239545002085,WA1
500239545002086,WA1
500239545002087,WA1
500239545002088,WA1
500239545002089,WA1
500239545002090,WA1
500239545002091,WA1
500239545002092,WA1
500239545002093,WA1
500239545002094,WA1
500239545002095,WA1
500239545002096,WA1
500239545002097,WA1
500239545002098,WA1
500239545002099,WA1
500239545002100,WA1
500239545002101,WA1
500239546001000,WA4
500239546001001,WA4
500239546001002,WA4
500239546001003,WA4
500239546001004,WA4
500239546001005,WA4
500239546001006,WA4
500239546001007,WA4
500239546001008,WA4
500239546001009,WA4
500239546001010,WA4
500239546001011,WA4
500239546001012,WA4
500239546001013,WA4
500239546001014,WA4
500239546001015,WA4
500239546001016,WA4
500239546001017,WA4
500239546001018,WA4
500239546001019,WA4
500239546001020,WA4
500239546001021,WA4
500239546001022,WA4
500239546001023,WA4
500239546001024,WA4
500239546001025,WA4
500239546001026,WA4
500239546001027,WA4
500239546002000,WA4
500239546002001,WA4
500239546002002,WA4
500239546002003,WA4
500239546002004,WA4
500239546002005,WA4
500239546002006,WA4
500239546002007,WA4
500239546002008,WA4
500239546002009,WA4
500239546002010,WA4
500239546002011,WA4
500239546002012,WA4
500239546002013,WA4
500239546002014,WA4
500239546002015,WA4
500239546002016,WA4
500239546002017,WA4
500239546002018,WA4
500239546002019,WA4
500239546002020,WA4
500239546002021,WA4
500239546002022,WA4
500239546002023,WA4
500239546002024,WA4
500239546002025,WA4
500239546002026,WA4
500239546002027,WA4
500239546002028,WA4
500239546002029,WA4
500239546002030,WA4
500239546002031,WA4
500239546002032,WA4
500239546002033,WA4
500239546002034,WA4
500239546002035,WA4
500239546002036,WA4
500239546002037,WA4
500239546002038,WA4
500239546002039,WA4
500239546002040,WA4
500239546002041,WA4
500239546002042,WA4
500239546002043,WA4
500239547001000,WA4
500239547001001,WA4
500239547001002,WA4
500239547001003,WA4
500239547001004,WA4
500239547001005,WA4
500239547001006,WA4
500239547001007,WA4
500239547001008,WA4
500239547001009,WA4
500239547001010,WA4
500239547001011,WA4
500239547001012,WA4
500239547001013,WA4
500239547001014,WA4
500239547001015,WA4
500239547001016,WA4
500239547001017,WA4
500239547001018,WA4
500239547001019,WA4
500239547001020,WA4
500239547001021,WA4
500239547001022,WA4
500239547001023,WA4
500239547001024,WA4
500239547001025,WA4
500239547001026,WA4
500239547001027,WA4
500239547001028,WA4
500239547001029,WA4
500239547001030,WA4
500239547001031,WA4
500239547002000,WA4
500239547002001,WA4
500239547002002,WA4
500239547002003,WA4
500239547002004,WA4
500239547002005,WA4
500239547002006,WA4
500239547002007,WA4
500239547002008,WA4
500239547002009,WA4
500239547002010,WA4
500239547002011,WA4
500239547002012,WA4
500239547002013,WA4
500239547002014,WA4
500239547002015,WA4
500239547002016,WA4
500239547002017,WA4
500239547002018,WA4
500239547002019,WA4
500239547002020,WA4
500239547002021,WA4
500239548001000,WA4
500239548001001,WA4
500239548001002,WA4
500239548001003,WA4
500239548001004,WA4
500239548001005,WA4
500239548001006,WA4
500239548001007,WA4
500239548001008,WA4
500239548001009,WA4
500239548001010,WA4
500239548001011,WA4
500239548001012,WA4
500239548001013,WA4
500239548001014,WA4
500239548001015,WA4
500239548001016,WA4
500239548001017,WA4
500239548001018,WA4
500239548002000,WA4
500239548002001,WA4
500239548002002,WA4
500239548002003,WA4
500239548002004,WA4
500239548002005,WA4
500239548002006,WA4
500239548002007,WA4
500239548002008,WA4
500239548002009,WA4
500239548002010,WA4
500239548002011,WA4
500239548002012,WA4
500239548002013,WA4
500239548002014,WA4
500239548002015,WA4
500239548002016,WA4
500239548002017,WA4
500239548002018,WA4
500239548002019,WA4
500239548002020,WA4
500239548002021,WA4
500239548002022,WA4
500239548002023,WA4
500239548002024,WA4
500239548002025,WA4
500239548002026,WA4
500239549001000,WA4
500239549001001,WA4
500239549001002,WA4
500239549001003,WA4
500239549001004,WA4
500239549001005,WA4
500239549001006,WA4
500239549001007,WA4
500239549001008,WA4
500239549001009,WA4
500239549001010,WA4
500239549001011,WA4
500239549001012,WA4
500239549001013,WA4
500239549001014,WA4
500239549001015,WA4
500239549001016,WA4
500239549001017,WA4
500239549001018,WA4
500239549001019,WA4
500239549001020,WA4
500239549001021,WA4
500239549001022,WA4
500239549001023,WA4
500239549001024,WA4
500239549001025,WA4
500239549001026,WA4
500239549001027,WA4
500239549001028,WA4
500239549001029,WA4
500239549001030,WA4
500239549001031,WA4
500239549001032,WA4
500239549001033,WA4
500239549001034,WA4
500239549001035,WA4
500239549001036,WA4
500239549001037,WA4
500239549001038,WA4
500239549001039,WA4
500239549001040,WA4
500239549001041,WA4
500239549001042,WA4
500239549001043,WA4
500239549001044,WA4
500239549001045,WA4
500239549001046,WA4
500239549001047,WA4
500239549001048,WA4
500239549001049,WA4
500239549001050,WA4
500239549001051,WA4
500239549001052,WA4
500239549002000,WA4
500239549002001,WA4
500239549002002,WA4
500239549002003,WA4
500239549002004,WA4
500239549002005,WA4
500239549002006,WA4
500239549002007,WA4
500239549002008,WA4
500239549002009,WA4
500239549002010,WA4
500239549002011,WA4
500239549002012,WA4
500239549002013,WA4
500239549002014,WA4
500239549002015,WA4
500239549002016,WA4
500239549002017,WA4
500239549002018,WA4
500239549002019,WA4
500239549002020,WA4
500239549002021,WA4
500239549002022,WA4
500239549002023,WA4
500239549002024,WA4
500239549002025,WA4
500239549002026,WA4
500239549002027,WA4
500239549002028,WA4
500239549002029,WA4
500239550001000,WA5
500239550001001,WA5
500239550001002,WA5
500239550001003,WA5
500239550001004,WA5
500239550001005,WA5
500239550001006,WA5
500239550001007,WA5
500239550001008,WA5
500239550001009,WA5
500239550001010,WA5
500239550001011,WA5
500239550001012,WA5
500239550001013,WA5
500239550001014,WA5
500239550001015,WA5
500239550001016,WA5
500239550001017,WA5
500239550001018,WA5
500239550001019,WA5
500239550001020,WA5
500239550001021,WA5
500239550001022,WA5
500239550001023,WA5
500239550001024,WA5
500239550001025,WA5
500239550001026,WA5
500239550001027,WA5
500239550001028,WA5
500239550001029,WA5
500239550001030,WA5
500239550001031,WA5
500239550001032,WA5
500239550001033,WA5
500239550001034,WA5
500239550001035,WA5
500239550001036,WA5
500239550001037,WA5
500239550001038,WA5
500239550001039,WA5
500239550001040,WA5
500239550001041,WA5
500239550001042,WA5
500239550001043,WA5
500239550001044,WA5
500239550001045,WA5
500239550001046,WA5
500239550002000,WA5
500239550002001,WA5
500239550002002,WA5
500239550002003,WA5
500239550002004,WA5
500239550002005,WA5
500239550002006,WA5
500239550002007,WA5
500239550002008,WA5
500239550002009,WA5
500239550002010,WA5
500239550002011,WA5
500239550002012,WA5
500239550002013,WA5
500239550002014,WA5
500239550002015,WA5
500239550002016,WA5
500239550002017,WA5
500239550002018,WA5
500239550002019,WA5
500239550002020,WA5
500239550002021,WA5
500239550002022,WA5
500239550002023,WA5
500239550002024,WA5
500239550002025,WA5
500239550002026,WA5
500239550002027,WA5
500239550002028,WA5
500239550002029,WA5
500239550002030,WA5
500239550002031,WA5
500239550002032,WA5
500239550002033,WA5
500239550002034,WA5
500239550002035,WA5
500239550002036,WA5
500239550002037,WA5
500239550002038,WA5
500239550002039,WA5
500239550002040,WA5
500239550002041,WA5
500239550002042,WA5
500239550002043,WA5
500239550002044,WA5
500239550002045,WA5
500239550002046,WA5
500239550002047,WA5
500239550002048,WA5
500239550002049,WA5
500239550002050,WA5
500239550002051,WA5
500239550002052,WA5
500239550002053,WA5
500239550002054,WA5
500239550002055,WA5
500239550002056,WA5
500239550002057,WA5
500239550002058,WA5
500239550002059,WA5
500239550002060,WA5
500239550002061,WA5
500239550002062,WA5
500239550002063,WA5
500239550002064,WA5
500239550002065,WA5
500239550002066,WA5
500239550002067,WA5
500239550002068,WA5
500239550002069,WA5
500239550002070,WA5
500239550002071,WA5
500239550002072,WA5
500239550002073,WA5
500239550002074,WA5
500239550002075,WA5
500239550002076,WA5
500239550002077,WA5
500239550002078,WA5
500239550002079,WA5
500239550002080,WA5
500239550002081,WA5
500239550002082,WA5
500239550002083,WA5
500239550002084,WA5
500239550002085,WA5
500239550002086,WA5
500239550002087,WA5
500239550002088,WA5
500239550002089,WA5
500239550002090,WA5
500239550002091,WA5
500239550002092,WA5
500239550002093,WA5
500239550002094,WA5
500239550002095,WA5
500239550002096,WA5
500239551001000,WA3
500239551001001,WA3
500239551001002,WA3
500239551001003,WA3
500239551001004,WA3
500239551001005,WA3
500239551001006,WA3
500239551001007,WA3
500239551001008,WA3
500239551001009,WA3
500239551001010,WA3
500239551001011,WA3
500239551001020,WA3
500239551001021,WA3
500239551001022,WA3
500239551001023,WA3
500239551001024,WA3
500239551001025,WA3
500239551001026,WA3
500239551001027,WA3
500239551001028,WA3
500239551001029,WA3
500239551001030,WA3
500239551001031,WA3
500239551001032,WA3
500239551001033,WA3
500239551001034,WA3
500239551001035,WA3
500239551001036,WA3
500239551001037,WA3
500239551001038,WA3
500239551003000,WA3
500239551003001,WA3
500239551003002,WA3
500239551003003,WA3
500239551003004,WA3
500239551003005,WA3
500239551003006,WA3
500239551003007,WA3
500239551003008,WA3
500239551003016,WA3
500239551003017,WA3
500239551003018,WA3
500239551003019,WA3
500239551003020,WA3
500239551003021,WA3
500239551003022,WA3
500239551003023,WA3
500239551003024,WA3
500239551003025,WA3
500239551003026,WA3
500239551003027,WA3
500239551004002,WA3
500239551004003,WA3
500239551004004,WA3
500239551004005,WA3
500239551004006,WA3
500239551004007,WA3
500239551004008,WA3
500239551004009,WA3
500239551004010,WA3
500239551004011,WA3
500239552004000,WA3
500239552004001,WA3
500239552004002,WA3
500239552004003,WA3
500239552004004,WA3
500239552004005,WA3
500239552004006,WA3
500239552004007,WA3
500239552004008,WA3
500239552004009,WA3
500239552004010,WA3
500239552004011,WA3
500239552004012,WA3
500239552004013,WA3
500239552004014,WA3
500239552004015,WA3
500239552004016,WA3
500239552004017,WA3
500239552004018,WA3
500239552004019,WA3
500239552004020,WA3
500239552004021,WA3
500239552004022,WA3
500239552004023,WA3
500239552004024,WA3
500239552004025,WA3
500239552004026,WA3
500239552004027,WA3
500239552005000,WA3
500239552005001,WA3
500239552005002,WA3
500239552005003,WA3
500239552005004,WA3
500239552005005,WA3
500239552005006,WA3
500239552005007,WA3
500239552005008,WA3
500239552005009,WA3
500239552005010,WA3
500239552005011,WA3
500239552005012,WA3
500239552005013,WA3
500239552005014,WA3
500239552005015,WA3
500239552005016,WA3
500239552005017,WA3
500239552005018,WA3
500239552005019,WA3
500239552005020,WA3
500239552005021,WA3
500239552005022,WA3
500239552005023,WA3
500239552005024,WA3
500239552005025,WA3
500239552005026,WA3
500239552005027,WA3
500239552005028,WA3
500239552005029,WA3
500239552006017,WA3
500239552006018,WA3
500239552006020,WA3
500239551001012,WA3
500239551001013,WA3
500239551001014,WA3
500239551001015,WA3
500239551001016,WA3
500239551001017,WA3
500239551001018,WA3
500239551001019,WA3
500239552006000,WA3
500239552006001,WA3
500239552006002,WA3
500239552006003,WA3
500239552006004,WA3
500239552006005,WA3
500239552006006,WA3
500239552006007,WA3
500239552006008,WA3
500239552006009,WA3
500239552006010,WA3
500239552006011,WA3
500239552006012,WA3
500239552006013,WA3
500239552006014,WA3
500239552006015,WA3
500239552006016,WA3
500239552006019,WA3
500239552006021,WA3
500239551002000,WA3
500239551002001,WA3
500239551002002,WA3
500239551002003,WA3
500239551002004,WA3
500239551002005,WA3
500239551002006,WA3
500239551002007,WA3
500239551002008,WA3
500239551002009,WA3
500239551002010,WA3
500239551002011,WA3
500239551002012,WA3
500239551002013,WA3
500239551002014,WA3
500239551002015,WA3
500239551002016,WA3
500239551002017,WA3
500239551002018,WA3
500239551002019,WA3
500239551002020,WA3
500239551002021,WA3
500239551002022,WA3
500239551002023,WA3
500239551002024,WA3
500239551002025,WA3
500239551002026,WA3
500239551002027,WA3
500239551002028,WA3
500239551002029,WA3
500239551002030,WA3
500239551002031,WA3
500239551002032,WA3
500239551002033,WA3
500239551002034,WA3
500239551002035,WA3
500239551002036,WA3
500239551002037,WA3
500239551002038,WA3
500239551002039,WA3
500239551002040,WA3
500239551002041,WA3
500239551002042,WA3
500239551003009,WA3
500239551003010,WA3
500239551003011,WA3
500239551003012,WA3
500239551003013,WA3
500239551003014,WA3
500239551003015,WA3
500239551004000,WA3
500239551004001,WA3
500239551004012,WA3
500239551004013,WA3
500239551004014,WA3
500239551004015,WA3
500239551004016,WA3
500239551004017,WA3
500239551004018,WA3
500239552001000,WA3
500239552001001,WA3
500239552001002,WA3
500239552001003,WA3
500239552001004,WA3
500239552001005,WA3
500239552001006,WA3
500239552001007,WA3
500239552001008,WA3
500239552001009,WA3
500239552001010,WA3
500239552001011,WA3
500239552001012,WA3
500239552001013,WA3
500239552001014,WA3
500239552001015,WA3
500239552001016,WA3
500239552001017,WA3
500239552001018,WA3
500239552001019,WA3
500239552001020,WA3
500239552001021,WA3
500239552002000,WA3
500239552002001,WA3
500239552002002,WA3
500239552002003,WA3
500239552002004,WA3
500239552002005,WA3
500239552002006,WA3
500239552002007,WA3
500239552002008,WA3
500239552002009,WA3
500239552002010,WA3
500239552002011,WA3
500239552002012,WA3
500239552002013,WA3
500239552002014,WA3
500239552002015,WA3
500239552002016,WA3
500239552002017,WA3
500239552002018,WA3
500239552002019,WA3
500239552002020,WA3
500239552002021,WA3
500239552002022,WA3
500239552002023,WA3
500239552002024,WA3
500239552002025,WA3
500239552002026,WA3
500239552003000,WA3
500239552003001,WA3
500239552003002,WA3
500239552003003,WA3
500239552003004,WA3
500239552003005,WA3
500239552003006,WA3
500239552003007,WA3
500239552003008,WA3
500239552003009,WA3
500239552003010,WA3
500239552003011,WA3
500239552003012,WA3
500239552003013,WA3
500239552003014,WA3
500239552003015,WA3
500239552003016,WA3
500239553001000,WA2
500239553001001,WA2
500239553001002,WA2
500239553001003,WA2
500239553001004,WA2
500239553001005,WA2
500239553001006,WA2
500239553001007,WA2
500239553001008,WA2
500239553001009,WA2
500239553001010,WA2
500239553001011,WA2
500239553001012,WA2
500239553001013,WA2
500239553001014,WA2
500239553001015,WA2
500239553001016,WA2
500239553001017,WA2
500239553001018,WA2
500239553001019,WA2
500239553001020,WA2
500239553001021,WA2
500239553001022,WA2
500239553001023,WA2
500239553001024,WA2
500239553001025,WA2
500239553001026,WA2
500239553001027,WA2
500239553001028,WA2
500239553001029,WA2
500239553001030,WA2
500239553002000,WA2
500239553002001,WA2
500239553002002,WA2
500239553002003,WA2
500239553002004,WA2
500239553002005,WA2
500239553002006,WA2
500239553002007,WA2
500239553002008,WA2
500239553002009,WA2
500239553002010,WA2
500239553002011,WA2
500239553002012,WA2
500239553002013,WA2
500239553002014,WA2
500239553002015,WA2
500239553002016,WA2
500239553002017,WA2
500239553002018,WA2
500239553002019,WA2
500239553002020,WA2
500239553002021,WA2
500239553002022,WA2
500239553002023,WA2
500239553002024,WA2
500239553002025,WA2
500239553002026,WA2
500239553002027,WA2
500239553002028,WA2
500239553002029,WA2
500239553002030,WA2
500239553002031,WA2
500239553002032,WA2
500239553002033,WA2
500239553002034,WA2
500239553002035,WA2
500239553002036,WA2
500239553002037,WA2
500239553002038,WA2
500239553002039,WA2
500239553002040,WA2
500239553002041,WA2
500239553003000,WA2
500239553003001,WA2
500239553003002,WA2
500239553003003,WA2
500239553003004,WA2
500239553003005,WA2
500239553003006,WA2
500239553003007,WA2
500239553003008,WA2
500239553003009,WA2
500239553003010,WA2
500239553003011,WA2
500239553003012,WA2
500239553003013,WA2
500239553003014,WA2
500239553003015,WA2
500239553003016,WA2
500239553003017,WA2
500239553003018,WA2
500239553003019,WA2
500239554001000,WA2
500239554001001,WA2
500239554001002,WA2
500239554001003,WA2
500239554001004,WA2
500239554001005,WA2
500239554001006,WA2
500239554001007,WA2
500239554001008,WA2
500239554001009,WA2
500239554001010,WA2
500239554001011,WA2
500239554001012,WA2
500239554001013,WA2
500239554001014,WA2
500239554001015,WA2
500239554001016,WA2
500239554001017,WA2
500239554001018,WA2
500239554001019,WA2
500239554001020,WA2
500239554001021,WA2
500239554001022,WA2
500239554001023,WA2
500239554001024,WA2
500239554001025,WA2
500239554001026,WA2
500239554001027,WA2
500239554001028,WA2
500239554001029,WA2
500239554001030,WA2
500239554001031,WA2
500239554001032,WA2
500239554001033,WA2
500239554001034,WA2
500239554001035,WA2
500239554001036,WA2
500239554001037,WA2
500239554001038,WA2
500239554002000,WA2
500239554002001,WA2
500239554002002,WA2
500239554002003,WA2
500239554002004,WA2
500239554002005,WA2
500239554002006,WA2
500239554002007,WA2
500239554002008,WA2
500239554002009,WA2
500239554002010,WA2
500239554002011,WA2
500239554002012,WA2
500239554002013,WA2
500239554002014,WA2
500239554002015,WA2
500239554002016,WA2
500239554002017,WA2
500239554002018,WA2
500239554002019,WA2
500239554002020,WA2
500239554002021,WA2
500239554002022,WA2
500239554002023,WA2
500239554002024,WA2
500239554002025,WA2
500239554002026,WA2
500239554002027,WA2
500239554002028,WA2
500239554002029,WA2
500239554002030,WA2
500239554002031,WA2
500239554002032,WA2
500239554002033,WA2
500239554002034,WA2
500239554002035,WA2
500239554002036,WA2
500239554002037,WA2
500239554002038,WA2
500239554002039,WA2
500239554002040,WA2
500239554002041,WA2
500239554002042,WA2
500239554003000,WA2
500239554003001,WA2
500239554003002,WA2
500239554003003,WA2
500239554003004,WA2
500239554003005,WA2
500239554003006,WA2
500239554003007,WA2
500239554003008,WA2
500239554003009,WA2
500239554003010,WA2
500239554003011,WA2
500239554003012,WA2
500239554003013,WA2
500239554003014,WA2
500239554003015,WA2
500239554003016,WA2
500239554003017,WA2
500239554003018,WA2
500239554003019,WA2
500239554003020,WA2
500239554003021,WA2
500239554003022,WA2
500239554003023,WA2
500239554003024,WA2
500239554003025,WA2
500239554003026,WA2
500239554003027,WA2
500239554003028,WA2
500239554003029,WA2
500239554003030,WA2
500239554003031,WA2
500239554003032,WA2
500239554003033,WA2
500239554003034,WA2
500239554003035,WA2
500239554003036,WA2
500239554003037,WA2
500239554003038,WA2
500239554003039,WA2
500239554003040,WA2
500239554003041,WA2
500239554003042,WA2
500239554003043,WA2
500239554003044,WA2
500239555001000,WA1
500239555001001,WA1
500239555001002,WA1
500239555001003,WA1
500239555001004,WA1
500239555001005,WA1
500239555001006,WA1
500239555001007,WA1
500239555001008,WA1
500239555001009,WA1
500239555001010,WA1
500239555001011,WA1
500239555001012,WA1
500239555001013,WA1
500239555001014,WA1
500239555001015,WA1
500239555001016,WA1
500239555001017,WA1
500239555001018,WA1
500239555001019,WA1
500239555001020,WA1
500239555001021,WA1
500239555001022,WA1
500239555001023,WA1
500239555001024,WA1
500239555001025,WA1
500239555001026,WA1
500239555001027,WA1
500239555001028,WA1
500239555001029,WA1
500239555001030,WA1
500239555001031,WA1
500239555001032,WA1
500239555001033,WA1
500239555001034,WA1
500239555001035,WA1
500239555001036,WA1
500239555001037,WA1
500239555001038,WA1
500239555001039,WA1
500239555001040,WA1
500239555001041,WA1
500239555001042,WA1
500239555001043,WA1
500239555001044,WA1
500239555003000,WA1
500239555003001,WA1
500239555003002,WA1
500239555003003,WA1
500239555003004,WA1
500239555003005,WA1
500239555003006,WA1
500239555003007,WA1
500239555003008,WA1
500239555003009,WA1
500239555003010,WA1
500239555003011,WA1
500239555003012,WA1
500239555003013,WA1
500239555003014,WA1
500239555003015,WA1
500239555003016,WA1
500239555003017,WA1
500239555003018,WA1
500239555003019,WA1
500239555003020,WA1
500239555003021,WA1
500239555003022,WA1
500239555003023,WA1
500239555003024,WA1
500239555003025,WA1
500239555003026,WA1
500239555003027,WA1
500239555003028,WA1
500239555003029,WA1
500239555003030,WA1
500239555003031,WA1
500239555003032,WA1
500239555003033,WA1
500239555003034,WA1
500239555003035,WA1
500239555003036,WA1
500239555003037,WA1
500239555003038,WA1
500239555003039,WA1
500239555003040,WA1
500239555003041,WA1
500239555003042,WA1
500239555003043,WA1
500239555003044,WA1
500239555003045,WA1
500239555003046,WA1
500239555003047,WA1
500239555003048,WA1
500239555003049,WA1
500239555003050,WA1
500239555004000,WA1
500239555004001,WA1
500239555004002,WA1
500239555004003,WA1
500239555004004,WA1
500239555004005,WA1
500239555004006,WA1
500239555004007,WA1
500239555004008,WA1
500239555004009,WA1
500239555004010,WA1
500239555004011,WA1
500239555004012,WA1
500239555004013,WA1
500239555004014,WA1
500239555004015,WA1
500239555004016,WA1
500239555004017,WA1
500239555004018,WA1
500239555004019,WA1
500239555004020,WA1
500239555004021,WA1
500239555004022,WA1
500239555004023,WA1
500239555004024,WA1
500239555004025,WA1
500239555004026,WA1
500239555004027,WA1
500239555004028,WA1
500239555004029,WA1
500239555004030,WA1
500239555004031,WA1
500239555004032,WA1
500239555004033,WA1
500239555004034,WA1
500239555004035,WA1
500239555004036,WA1
500239555004037,WA1
500239555004038,WA1
500239555004039,WA1
500239555004040,WA1
500239555004041,WA1
500239555004042,WA1
500239555004043,WA1
500239555004044,WA1
500239555004045,WA1
500239555004046,WA1
500239555004047,WA1
500239555004048,WA1
500239555004049,WA1
500239555004050,WA1
500239555004051,WA1
500239555004052,WA1
500239555004053,WA1
500239555004054,WA1
500239555005000,WA1
500239555005001,WA1
500239555005002,WA1
500239555005003,WA1
500239555005004,WA1
500239555005005,WA1
500239555005006,WA1
500239555005007,WA1
500239555005008,WA1
500239555005009,WA1
500239555005010,WA1
500239555005011,WA1
500239555005012,WA1
500239555005013,WA1
500239555005014,WA1
500239555005015,WA1
500239555005016,WA1
500239555005017,WA1
500239555005018,WA1
500239555005019,WA1
500239555005020,WA1
500239555005021,WA1
500239555005022,WA1
500239555005023,WA1
500239555005024,WA1
500239555005025,WA1
500239555005026,WA1
500239555005027,WA1
500239555005028,WA1
500239555005029,WA1
500239555005030,WA1
500239555005031,WA1
500239555005032,WA1
500239555005033,WA1
500239555005034,WA1
500239555005035,WA1
500239555005036,WA1
500239555005037,WA1
500239555005038,WA1
500239555005039,WA1
500239555005040,WA1
500239555005041,WA1
500239555005042,WA1
500239555005043,WA1
500239555005044,WA1
500239555005045,WA1
500239555005046,WA1
500239555005047,WA1
500239555005048,WA1
500239555005049,WA1
500239555005050,WA1
500239555005051,WA1
500239555005052,WA1
500239555005053,WA1
500239555005054,WA1
500239555005055,WA1
500239555005056,WA1
500239555005057,WA1
500239555005058,WA1
500239555005059,WA1
500239555005060,WA1
500239555005061,WA1
500239555005062,WA1
500239555005063,WA1
500239555002000,OWA
500239555002001,OWA
500239555002002,OWA
500239555002003,OWA
500239555002004,OWA
500239555002005,OWA
500239555002006,OWA
500239555002007,OWA
500239555002008,OWA
500239555002009,OWA
500239555002010,OWA
500239555002011,OWA
500239555002012,OWA
500239555002013,OWA
500239555002014,OWA
500239555002015,OWA
500239555002016,OWA
500239555002017,OWA
500239555002018,OWA
500239555002019,OWA
500239555002020,OWA
500239555002021,OWA
500239555002022,OWA
500239555002023,OWA
500239555002024,OWA
500239555002025,OWA
500239555002026,OWA
500239555002027,OWA
500239555002028,OWA
500239555002029,OWA
500239555002030,OWA
500239555002031,OWA
500239555002032,OWA
500239555002033,OWA
500239555002034,OWA
500239555002035,OWA
500239555002036,OWA
500239555002037,OWA
500239555002038,OWA
500239555002039,OWA
500239555002040,OWA
500239555002041,OWA
500239555002042,OWA
500239555002043,OWA
500239555002044,OWA
500239555002045,OWA
500239555002046,OWA
500239555002047,OWA
500239555002048,OWA
500239555002049,OWA
500239555002050,OWA
500239555002051,OWA
500239555002052,OWA
500239555002053,OWA
500239555002054,OWA
500239555002055,OWA
500239555002056,OWA
500239555002057,OWA
500239555002058,OWA
500239555002059,OWA
500239555002060,OWA
500239555002061,OWA
500239555002062,OWA
500239555002063,OWA
500239555002064,OWA
500239555002065,OWA
500239555002066,OWA
500239555002067,OWA
500239555002068,OWA
500239555002069,OWA
500239555002070,OWA
500239555002071,OWA
500239555002072,OWA
500239555002073,OWA
500239555002074,OWA
500239555002075,OWA
500239555002076,OWA
500239555002077,OWA
500239555002078,OWA
500239555002079,OWA
500239556001000,WA7
500239556001001,WA7
500239556001002,WA7
500239556001003,WA7
500239556001004,WA7
500239556001005,WA7
500239556001006,WA7
500239556001007,WA7
500239556001008,WA7
500239556001009,WA7
500239556001010,WA7
500239556001011,WA7
500239556001012,WA7
500239556001013,WA7
500239556001014,WA7
500239556001015,WA7
500239556001016,WA7
500239556001017,WA7
500239556001018,WA7
500239556001019,WA7
500239556001020,WA7
500239556001021,WA7
500239556001022,WA7
500239556001023,WA7
500239556001024,WA7
500239556001025,WA7
500239556001026,WA7
500239556001027,WA7
500239556001028,WA7
500239556001029,WA7
500239556001030,WA7
500239556001031,WA7
500239556001032,WA7
500239556001033,WA7
500239556001034,WA7
500239556001035,WA7
500239556001036,WA7
500239556001037,WA7
500239556001038,WA7
500239556001039,WA7
500239556001040,WA7
500239556001041,WA7
500239556001042,WA7
500239556001043,WA7
500239556001044,WA7
500239556001045,WA7
500239556001046,WA7
500239556001047,WA7
500239556001048,WA7
500239556001049,WA7
500239556001050,WA7
500239556001051,WA7
500239556001052,WA7
500239556001053,WA7
500239556001054,WA7
500239556001055,WA7
500239556001056,WA7
500239556001057,WA7
500239556001058,WA7
500239556001059,WA7
500239556001060,WA7
500239556001061,WA7
500239556001062,WA7
500239556001063,WA7
500239556001064,WA7
500239556002000,WA7
500239556002001,WA7
500239556002002,WA7
500239556002003,WA7
500239556002004,WA7
500239556002005,WA7
500239556002006,WA7
500239556002007,WA7
500239556002008,WA7
500239556002009,WA7
500239556002010,WA7
500239556002011,WA7
500239556002012,WA7
500239556002013,WA7
500239556002014,WA7
500239556002015,WA7
500239556002016,WA7
500239556002017,WA7
500239556002018,WA7
500239556002019,WA7
500239556002020,WA7
500239556002021,WA7
500239556002022,WA7
500239556002023,WA7
500239556002024,WA7
500239556002025,WA7
500239556002026,WA7
500239556002027,WA7
500239556002028,WA7
500239556002029,WA7
500239556002030,WA7
500239556002031,WA7
500239556002032,WA7
500239556002033,WA7
500239556002034,WA7
500239556002035,WA7
500239556002036,WA7
500239556002037,WA7
500239556002038,WA7
500239556002039,WA7
500239556002040,WA7
500239556002041,WA7
500239556002042,WA7
500239556002043,WA7
500239556002044,WA7
500239556002045,WA7
500239556002046,WA7
500239556002047,WA7
500239556002048,WA7
500239556002049,WA7
500239556002050,WA7
500239556002051,WA7
500239556002052,WA7
500239556002053,WA7
500239556002054,WA7
500239556002055,WA7
500239556002056,WA7
500239556002057,WA7
500239557001000,WA7
500239557001001,WA7
500239557001002,WA7
500239557001003,WA7
500239557001004,WA7
500239557001005,WA7
500239557001006,WA7
500239557001007,WA7
500239557001008,WA7
500239557001009,WA7
500239557001010,WA7
500239557001011,WA7
500239557001012,WA7
500239557001013,WA7
500239557001014,WA7
500239557001015,WA7
500239557001016,WA7
500239557001017,WA7
500239557001018,WA7
500239557001019,WA7
500239557001020,WA7
500239557001021,WA7
500239557001022,WA7
500239557001023,WA7
500239557001024,WA7
500239557001025,WA7
500239557001026,WA7
500239557001027,WA7
500239557001028,WA7
500239557001029,WA7
500239557001030,WA7
500239557001031,WA7
500239557001032,WA7
500239557001033,WA7
500239557001034,WA7
500239557001035,WA7
500239557001036,WA7
500239557001037,WA7
500239557001038,WA7
500239557001039,WA7
500239557001040,WA7
500239557001041,WA7
500239557001042,WA7
500239557001043,WA7
500239557001044,WA7
500239557001045,WA7
500239557001046,WA7
500239557001047,WA7
500239557001048,WA7
500239557001049,WA7
500239557001050,WA7
500239557001051,WA7
500239557001052,WA7
500239557001053,WA7
500239557001054,WA7
500239557001055,WA7
500239557001056,WA7
500239557001057,WA7
500239557001058,WA7
500239557001059,WA7
500239557001060,WA7
500239557001061,WA7
500239557001062,WA7
500239557002000,WA7
500239557002001,WA7
500239557002002,WA7
500239557002003,WA7
500239557002004,WA7
500239557002005,WA7
500239557002006,WA7
500239557002007,WA7
500239557002008,WA7
500239557002009,WA7
500239557002010,WA7
500239557002011,WA7
500239557002012,WA7
500239557002013,WA7
500239557002014,WA7
500239557002015,WA7
500239557002016,WA7
500239557002017,WA7
500239557002018,WA7
500239557002019,WA7
500239557002020,WA7
500239557002021,WA7
500239557002022,WA7
500239557002023,WA7
500239557002024,WA7
500239557002025,WA7
500239557002026,WA7
500239557002027,WA7
500239557002028,WA7
500239557002029,WA7
500239557002030,WA7
500239557002031,WA7
500239557002032,WA7
500239557002033,WA7
500239557002034,WA7
500239557002035,WA7
500239557002036,WA7
500239557002037,WA7
500239557002038,WA7
500239557002039,WA7
500239557002040,WA7
500239557002041,WA7
500239557002042,WA7
500239557002043,WA7
500239557002044,WA7
500239557002045,WA7
500239557002046,WA7
500239557002047,WA7
500239557002048,WA7
500239557002049,WA7
500239557002050,WA7
500239557002051,WA7
500239557002052,WA7
500239558001000,WA7
500239558001001,WA7
500239558001002,WA7
500239558001003,WA7
500239558001004,WA7
500239558001005,WA7
500239558001006,WA7
500239558001007,WA7
500239558001008,WA7
500239558001009,WA7
500239558001010,WA7
500239558001011,WA7
500239558001012,WA7
500239558001013,WA7
500239558001014,WA7
500239558001015,WA7
500239558001016,WA7
500239558001017,WA7
500239558001018,WA7
500239558001019,WA7
500239558001020,WA7
500239558001021,WA7
500239558001022,WA7
500239558001023,WA7
500239558001024,WA7
500239558001025,WA7
500239558001026,WA7
500239558001027,WA7
500239558001028,WA7
500239558001029,WA7
500239558001030,WA7
500239558001031,WA7
500239558001032,WA7
500239558001033,WA7
500239558001034,WA7
500239558001035,WA7
500239558001036,WA7
500239558001037,WA7
500239558001038,WA7
500239558001039,WA7
500239558001040,WA7
500239558001041,WA7
500239558001042,WA7
500239558001043,WA7
500239558001044,WA7
500239558001045,WA7
500239558001046,WA7
500239558001047,WA7
500239558001048,WA7
500239558001049,WA7
500239558001050,WA7
500239558001051,WA7
500239558001052,WA7
500239558001053,WA7
500239558001054,WA7
500239558001055,WA7
500239558001056,WA7
500259670001000,W-3
500259670001001,W-3
500259670001002,W-3
500259670001003,W-3
500259670001004,W-3
500259670001005,W-3
500259670001006,W-3
500259670001007,W-3
500259670001008,W-3
500259670001009,W-3
500259670001010,W-3
500259670001011,W-3
500259670001012,W-3
500259670001013,W-3
500259670001014,W-3
500259670001015,W-3
500259670001016,W-3
500259670001017,W-3
500259670001018,W-3
500259670001019,W-3
500259670001020,W-3
500259670001021,W-3
500259670002000,W-3
500259670002001,W-3
500259670002002,W-3
500259670002003,W-3
500259670002004,W-3
500259670002005,W-3
500259670002006,W-3
500259670002007,W-3
500259670002008,W-3
500259670002009,W-3
500259670002010,W-3
500259670002011,W-3
500259670002012,W-3
500259670002013,W-3
500259670002014,W-3
500259670002015,W-3
500259670002016,W-3
500259670002017,W-3
500259670002018,W-3
500259670002019,W-3
500259670002020,W-3
500259670002021,W-3
500259670002022,W-3
500259670002023,W-3
500259670002024,W-3
500259670002025,W-3
500259670002026,W-3
500259670002027,W-3
500259670002028,W-3
500259670002029,W-3
500259670002030,W-3
500259670002031,W-3
500259670002032,W-3
500259670002033,W-3
500259670002034,W-3
500259670002035,W-3
500259670002036,W-3
500259670002037,W-3
500259670002038,W-3
500259670002039,W-3
500259670002040,W-3
500259670002041,W-3
500259670002042,W-3
500259670002043,W-3
500259670002044,W-3
500259670002045,W-3
500259670002046,W-3
500259670002047,W-3
500259670002048,W-3
500259670002049,W-3
500259670002050,W-3
500259670002051,W-3
500259670002052,W-3
500259670002053,W-3
500259670002054,W-3
500259670002055,W-3
500259670002056,W-3
500259670002057,W-3
500259670002058,W-3
500259670002059,W-3
500259670002060,W-3
500259670002061,W-3
500259670002062,W-3
500259670003000,W-3
500259670003001,W-3
500259670003002,W-3
500259670003003,W-3
500259670003004,W-3
500259670003005,W-3
500259670003006,W-3
500259670003007,W-3
500259670003008,W-3
500259670003009,W-3
500259670003010,W-3
500259670003011,W-3
500259670003012,W-3
500259670003013,W-3
500259670003014,W-3
500259670003015,W-3
500259671001000,W-3
500259671001001,W-3
500259671001002,W-3
500259671001003,W-3
500259671001004,W-3
500259671001005,W-3
500259671001006,W-3
500259671001007,W-3
500259671001008,W-3
500259671001009,W-3
500259671001010,W-3
500259671001011,W-3
500259671001012,W-3
500259671001013,W-3
500259671001014,W-3
500259671001015,W-3
500259671001016,W-3
500259671001017,W-3
500259671001018,W-3
500259671001019,W-3
500259671001020,W-3
500259671001021,W-3
500259671001022,W-3
500259671001023,W-3
500259671001024,W-3
500259671001025,W-3
500259671001026,W-3
500259671001027,W-3
500259671001028,W-3
500259671001029,W-3
500259671001030,W-3
500259671001031,W-3
500259671001032,W-3
500259671001033,W-3
500259671001034,W-3
500259671001035,W-3
500259671001036,W-3
500259671001037,W-3
500259671001038,W-3
500259671001039,W-3
500259671001040,W-3
500259671001041,W-3
500259671001042,W-3
500259671001043,W-3
500259671001044,W-3
500259671001045,W-3
500259671001046,W-3
500259671001047,W-3
500259671001048,W-3
500259671001049,W-3
500259671001050,W-3
500259671001051,W-3
500259671001052,W-3
500259671001053,W-3
500259671001054,W-3
500259671001055,W-3
500259671001056,W-3
500259671001057,W-3
500259671001058,W-3
500259671001059,W-3
500259671001060,W-3
500259671001061,W-3
500259671001062,W-3
500259671001063,W-3
500259671001064,W-3
500259671001065,W-3
500259671001066,W-3
500259671001067,W-3
500259671001068,W-3
500259671001069,W-3
500259671001070,W-3
500259671001071,W-3
500259671001072,W-3
500259671001073,W-3
500259671001074,W-3
500259671001075,W-3
500259671001076,W-3
500259671001077,W-3
500259671001078,W-3
500259671001079,W-3
500259671001080,W-3
500259671001081,W-3
500259671001082,W-3
500259671001083,W-3
500259671001084,W-3
500259671002000,W-3
500259671002001,W-3
500259671002002,W-3
500259671002003,W-3
500259671002004,W-3
500259671002005,W-3
500259671002006,W-3
500259671002007,W-3
500259671002008,W-3
500259671002009,W-3
500259671002010,W-3
500259671002011,W-3
500259671002012,W-3
500259671002013,W-3
500259671002014,W-3
500259671002015,W-3
500259671002016,W-3
500259671002017,W-3
500259671002018,W-3
500259671002019,W-3
500259671002020,W-3
500259671002021,W-3
500259671002022,W-3
500259671002023,W-3
500259671002024,W-3
500259671002025,W-3
500259671002026,W-3
500259671002027,W-3
500259671002028,W-3
500259671002029,W-3
500259671002030,W-3
500259671002031,W-3
500259671002032,W-3
500259671002033,W-3
500259671002034,W-3
500259671002035,W-3
500259671002036,W-3
500259671002037,W-3
500259671002038,W-3
500259671002039,W-3
500259671002040,W-3
500259671002041,W-3
500259671002042,W-3
500259671002043,W-3
500259671002044,W-3
500259671002045,W-3
500259671002046,W-3
500259671002047,W-3
500259671002048,W-3
500259671002049,W-3
500259671002050,W-3
500259671002051,W-3
500259671002052,W-3
500259671002053,W-3
500259671002054,W-3
500259671002055,W-3
500259671002056,W-3
500259671002057,W-3
500259671002058,W-3
500259671002059,W-3
500259671002060,W-3
500259671002061,W-3
500259671002062,W-3
500259671002063,W-3
500259671002064,W-3
500259671002065,W-3
500259671002066,W-3
500259671002067,W-3
500259671002068,W-3
500259671002069,W-3
500259671002070,W-3
500259671002071,W-3
500259671002072,W-3
500259671002073,W-3
500259671002074,W-3
500259671002075,W-3
500259671002076,W-3
500259671002077,W-3
500259671002078,W-3
500259671002079,W-3
500259671002080,W-3
500259671002081,W-3
500259671002082,W-3
500259671002083,W-3
500259671002084,W-3
500259671002085,W-3
500259671002086,W-3
500259671002087,W-3
500259671002088,W-3
500259671002089,W-3
500259671002090,W-3
500259671002091,W-3
500259671002092,W-3
500259671002093,W-3
500259671002094,W-3
500259671002095,W-3
500259671002096,W-3
500259671002097,W-3
500259671002098,W-3
500259671002099,W-3
500259671002100,W-3
500259671002101,W-3
500259671002102,W-3
500259672001000,W-3
500259672001001,W-3
500259672001002,W-3
500259672001003,W-3
500259672001004,W-3
500259672001005,W-3
500259672001006,W-3
500259672001007,W-3
500259672001008,W-3
500259672001009,W-3
500259672001010,W-3
500259672001011,W-3
500259672001012,W-3
500259672001013,W-3
500259672001014,W-3
500259672001015,W-3
500259672001016,W-3
500259672001017,W-3
500259672001018,W-3
500259672001019,W-3
500259672001020,W-3
500259672001021,W-3
500259672001022,W-3
500259672001023,W-3
500259672001024,W-3
500259672001025,W-3
500259672001026,W-3
500259672001027,W-3
500259672001028,W-3
500259672001029,W-3
500259672001030,W-3
500259672001031,W-3
500259672001032,W-3
500259672001082,W-3
500259672001083,W-3
500259672001033,W-3
500259672001034,W-3
500259672001035,W-3
500259672001036,W-3
500259672001037,W-3
500259672001038,W-3
500259672001039,W-3
500259672001040,W-3
500259672001041,W-3
500259672001042,W-3
500259672001043,W-3
500259672001044,W-3
500259672001045,W-3
500259672001046,W-3
500259672001047,W-3
500259672001048,W-3
500259672001049,W-3
500259672001050,W-3
500259672001051,W-3
500259672001052,W-3
500259672001053,W-3
500259672001054,W-3
500259672001055,W-3
500259672001056,W-3
500259672001057,W-3
500259672001058,W-3
500259672001059,W-3
500259672001060,W-3
500259672001061,W-3
500259672001062,W-3
500259672001063,W-3
500259672001064,W-3
500259672001065,W-3
500259672001066,W-3
500259672001067,W-3
500259672001068,W-3
500259672001069,W-3
500259672001070,W-3
500259672001071,W-3
500259672001072,W-3
500259672001073,W-3
500259672001074,W-3
500259672001075,W-3
500259672001076,W-3
500259672001077,W-3
500259672001078,W-3
500259672001079,W-3
500259672001080,W-3
500259672001081,W-3
500259672002000,W-3
500259672002001,W-3
500259672002002,W-3
500259672002003,W-3
500259672002004,W-3
500259672002005,W-3
500259672002006,W-3
500259672002007,W-3
500259672002008,W-3
500259672002009,W-3
500259672002010,W-3
500259672002011,W-3
500259672002012,W-3
500259672002013,W-3
500259672002014,W-3
500259672002015,W-3
500259672002016,W-3
500259672002017,W-3
500259672002018,W-3
500259672002019,W-3
500259672002020,W-3
500259672002021,W-3
500259672002022,W-3
500259672002023,W-3
500259672002024,W-3
500259672002025,W-3
500259672002026,W-3
500259672002027,W-3
500259672002028,W-3
500259672002029,W-3
500259672002030,W-3
500259672002031,W-3
500259672002032,W-3
500259672002033,W-3
500259672002034,W-3
500259672002035,W-3
500259672002058,W-3
500259672002059,W-3
500259672002060,W-3
500259672002061,W-3
500259672002062,W-3
500259672002063,W-3
500259672002064,W-3
500259672002065,W-3
500259672002066,W-3
500259672002067,W-3
500259672002068,W-3
500259672002069,W-3
500259672002070,W-3
500259672002071,W-3
500259672002072,W-3
500259672002073,W-3
500259672002074,W-3
500259672002075,W-3
500259672002076,W-3
500259672002077,W-3
500259672002078,W-3
500259672002079,W-3
500259672002080,W-3
500259672002081,W-3
500259672002082,W-3
500259672002083,W-3
500259672002084,W-3
500259672002085,W-3
500259672002086,W-3
500259672002087,W-3
500259672002088,W-3
500259672002089,W-3
500259672002090,W-3
500259672002091,W-3
500259672002092,W-3
500259672002093,W-3
500259672002094,W-3
500259672002095,W-3
500259672002096,W-3
500259672002133,W-3
500259672002137,W-3
500259672002036,W-3
500259672002037,W-3
500259672002038,W-3
500259672002039,W-3
500259672002040,W-3
500259672002041,W-3
500259672002042,W-3
500259672002043,W-3
500259672002044,W-3
500259672002045,W-3
500259672002046,W-3
500259672002047,W-3
500259672002048,W-3
500259672002049,W-3
500259672002050,W-3
500259672002051,W-3
500259672002052,W-3
500259672002053,W-3
500259672002054,W-3
500259672002055,W-3
500259672002056,W-3
500259672002057,W-3
500259672002097,W-3
500259672002098,W-3
500259672002099,W-3
500259672002100,W-3
500259672002101,W-3
500259672002102,W-3
500259672002103,W-3
500259672002104,W-3
500259672002105,W-3
500259672002106,W-3
500259672002107,W-3
500259672002108,W-3
500259672002109,W-3
500259672002110,W-3
500259672002111,W-3
500259672002112,W-3
500259672002113,W-3
500259672002114,W-3
500259672002115,W-3
500259672002116,W-3
500259672002117,W-3
500259672002118,W-3
500259672002119,W-3
500259672002120,W-3
500259672002121,W-3
500259672002122,W-3
500259672002123,W-3
500259672002124,W-3
500259672002125,W-3
500259672002126,W-3
500259672002127,W-3
500259672002128,W-3
500259672002129,W-3
500259672002130,W-3
500259672002131,W-3
500259672002132,W-3
500259672002134,W-3
500259672002135,W-3
500259672002136,W-3
500259672003000,W-5
500259672003001,W-5
500259672003002,W-5
500259672003003,W-5
500259672003004,W-5
500259672003005,W-5
500259672003006,W-5
500259672003007,W-5
500259672003008,W-5
500259672003009,W-5
500259672003010,W-5
500259672003011,W-5
500259672003012,W-5
500259672003013,W-5
500259672003014,W-5
500259672003015,W-5
500259672003016,W-5
500259672003017,W-5
500259672003018,W-5
500259672003019,W-5
500259672003020,W-5
500259672003021,W-5
500259672003022,W-5
500259672003023,W-5
500259672003024,W-5
500259672003025,W-5
500259672003026,W-5
500259672003027,W-5
500259672003028,W-5
500259672003029,W-5
500259672003030,W-5
500259672003031,W-5
500259672003032,W-5
500259672003033,W-5
500259672003034,W-5
500259672003035,W-5
500259672003036,W-5
500259672003037,W-5
500259672003038,W-5
500259672003039,W-5
500259672003040,W-5
500259672003041,W-5
500259672003042,W-5
500259672003043,W-5
500259672003044,W-5
500259672003045,W-5
500259672003046,W-5
500259672003047,W-5
500259672003048,W-5
500259672003049,W-5
500259672003050,W-5
500259672003051,W-5
500259672003052,W-5
500259672003053,W-5
500259672003054,W-5
500259672003055,W-5
500259672003056,W-5
500259672003057,W-5
500259672003058,W-5
500259672003059,W-5
500259672003060,W-5
500259672003061,W-5
500259672003062,W-5
500259672003063,W-5
500259672003064,W-5
500259672003065,W-5
500259672003066,W-5
500259672003067,W-5
500259672003068,W-5
500259672003069,W-5
500259672003070,W-5
500259672003071,W-5
500259672003072,W-5
500259672003073,W-5
500259672003074,W-5
500259672003075,W-5
500259672003076,W-5
500259672003077,W-5
500259672003078,W-5
500259672003079,W-5
500259672003080,W-5
500259672003081,W-5
500259672003082,W-5
500259672003083,W-5
500259672003084,W-5
500259672003085,W-5
500259672003086,W-5
500259672003087,W-5
500259672003088,W-5
500259672003089,W-5
500259672003090,W-5
500259672003091,W-5
500259672003092,W-5
500259672003093,W-5
500259672003094,W-5
500259672003095,W-5
500259672003096,W-5
500259672003097,W-5
500259672003098,W-5
500259672003099,W-5
500259672003100,W-5
500259672003101,W-5
500259672003102,W-5
500259672003103,W-5
500259672003104,W-5
500259672003105,W-5
500259672003106,W-5
500259672003107,W-5
500259672003108,W-5
500259672003109,W-5
500259672003110,W-5
500259672003111,W-5
500259672003112,W-5
500259672003113,W-5
500259672003114,W-5
500259672003115,W-5
500259672003116,W-5
500259672003117,W-5
500259672003118,W-5
500259672003119,W-5
500259672003120,W-5
500259672003121,W-5
500259672003122,W-5
500259672003123,W-5
500259672003124,W-5
500259672003125,W-5
500259672003126,W-5
500259672003127,W-5
500259672003128,W-5
500259672003129,W-5
500259672003130,W-5
500259672003131,W-5
500259672003132,W-5
500259672003133,W-5
500259672003134,W-5
500259672003135,W-5
500259672003136,W-5
500259672003137,W-5
500259672003138,W-5
500259672003139,W-5
500259672003140,W-5
500259672003141,W-5
500259672003142,W-5
500259672003143,W-5
500259672003144,W-5
500259672003145,W-5
500259672003146,W-5
500259672003147,W-5
500259672003148,W-5
500259672003149,W-5
500259672003150,W-5
500259672003151,W-5
500259672003152,W-5
500259672003153,W-5
500259672003154,W-5
500259672003155,W-5
500259672003156,W-5
500259672003157,W-5
500259673001000,WBW
500259673001001,WBW
500259673001002,WBW
500259673001003,WBW
500259673001004,WBW
500259673001005,WBW
500259673001006,WBW
500259673001007,WBW
500259673001008,WBW
500259673001009,WBW
500259673001010,WBW
500259673001011,WBW
500259673001012,WBW
500259673001013,WBW
500259673001014,WBW
500259673001015,WBW
500259673001016,WBW
500259673001017,WBW
500259673001018,WBW
500259673001019,WBW
500259673001020,WBW
500259673001021,WBW
500259673001022,WBW
500259673001023,WBW
500259673001024,WBW
500259673001025,WBW
500259673001026,WBW
500259673001027,WBW
500259673001028,WBW
500259673001029,WBW
500259673001030,WBW
500259673001031,WBW
500259673001032,WBW
500259673001033,WBW
500259673001034,WBW
500259673001035,WBW
500259673001036,WBW
500259673001037,WBW
500259673001038,WBW
500259673001039,WBW
500259673001040,WBW
500259673001041,WBW
500259673001042,WBW
500259673001043,WBW
500259673001044,WBW
500259673001045,WBW
500259673001046,WBW
500259673001047,WBW
500259673001048,WBW
500259673001049,WBW
500259673001050,WBW
500259673002000,WBW
500259673002001,WBW
500259673002002,WBW
500259673002003,WBW
500259673002004,WBW
500259673002005,WBW
500259673002006,WBW
500259673002007,WBW
500259673002008,WBW
500259673002009,WBW
500259673002010,WBW
500259673002011,WBW
500259673002012,WBW
500259673002013,WBW
500259673002014,WBW
500259673002015,WBW
500259673002016,WBW
500259673002017,WBW
500259673002018,WBW
500259673002019,WBW
500259673002020,WBW
500259673002021,WBW
500259673002022,WBW
500259673002023,WBW
500259673002024,WBW
500259673002025,WBW
500259673002026,WBW
500259673002027,WBW
500259673002028,WBW
500259673002029,WBW
500259673002030,WBW
500259673002031,WBW
500259673002032,WBW
500259673002033,WBW
500259673002034,WBW
500259673002035,WBW
500259673002036,WBW
500259673002037,WBW
500259673002038,WBW
500259673002039,WBW
500259673002040,WBW
500259673002041,WBW
500259673002042,WBW
500259673002043,WBW
500259673002044,WBW
500259673002045,WBW
500259673002046,WBW
500259673002047,WBW
500259673002048,WBW
500259673002049,WBW
500259673002050,WBW
500259673002051,WBW
500259673002052,WBW
500259673002053,WBW
500259673002054,WBW
500259673002055,WBW
500259673002056,WBW
500259673002057,WBW
500259673002058,WBW
500259673002059,WBW
500259673002060,WBW
500259673002061,WBW
500259673002062,WBW
500259673002063,WBW
500259673002064,WBW
500259673002065,WBW
500259673002066,WBW
500259673002067,WBW
500259673002068,WBW
500259673002069,WBW
500259673002070,WBW
500259673002071,WBW
500259673002072,WBW
500259673002073,WBW
500259673002074,WBW
500259673002075,WBW
500259673002076,WBW
500259673002077,WBW
500259673002078,WBW
500259673002079,WBW
500259673002080,WBW
500259673002081,WBW
500259673002082,WBW
500259673002083,WBW
500259673002084,WBW
500259673002085,WBW
500259673002086,WBW
500259673002087,WBW
500259673002088,WBW
500259673002089,WBW
500259674001000,WBW
500259674001001,WBW
500259674001002,WBW
500259674001003,WBW
500259674001004,WBW
500259674001005,WBW
500259674001006,WBW
500259674001007,WBW
500259674001008,WBW
500259674001009,WBW
500259674001010,WBW
500259674001011,WBW
500259674001012,WBW
500259674001013,WBW
500259674001014,WBW
500259674001015,WBW
500259674001016,WBW
500259674001017,WBW
500259674001018,WBW
500259674001019,WBW
500259674001020,WBW
500259674001021,WBW
500259674001022,WBW
500259674001023,WBW
500259674001024,WBW
500259674001025,WBW
500259674001026,WBW
500259674001027,WBW
500259674001028,WBW
500259674001029,WBW
500259674001030,WBW
500259674001031,WBW
500259674001032,WBW
500259674001033,WBW
500259674001034,WBW
500259674001035,WBW
500259674001036,WBW
500259674001037,WBW
500259674001038,WBW
500259674001039,WBW
500259674001040,WBW
500259674001041,WBW
500259674001042,WBW
500259674001043,WBW
500259674001044,WBW
500259674001045,WBW
500259674001046,WBW
500259674001047,WBW
500259674001048,WBW
500259674001049,WBW
500259674001050,WBW
500259674001051,WBW
500259674001052,WBW
500259674001053,WBW
500259674001054,WBW
500259674001055,WBW
500259674001056,WBW
500259674001057,WBW
500259674001058,WBW
500259674001059,WBW
500259674001060,WBW
500259674001061,WBW
500259674001062,WBW
500259674001063,WBW
500259674001064,WBW
500259674001065,WBW
500259674001066,WBW
500259674001067,WBW
500259674001068,WBW
500259674001069,WBW
500259674001070,WBW
500259674001071,WBW
500259674001072,WBW
500259674001073,WBW
500259674002000,WBW
500259674002001,WBW
500259674002002,WBW
500259674002003,WBW
500259674002004,WBW
500259674002005,WBW
500259674002006,WBW
500259674002007,WBW
500259674002008,WBW
500259674002009,WBW
500259674002010,WBW
500259674002011,WBW
500259674002012,WBW
500259674002013,WBW
500259674002014,WBW
500259674002015,WBW
500259674002016,WBW
500259674002017,WBW
500259674002018,WBW
500259674002019,WBW
500259674002020,WBW
500259674002021,WBW
500259674002022,WBW
500259674002023,WBW
500259674002024,WBW
500259674002025,WBW
500259674002026,WBW
500259674002027,WBW
500259674002028,WBW
500259674002029,WBW
500259674002030,WBW
500259674002031,WBW
500259674002032,WBW
500259674002033,WBW
500259674002034,WBW
500259674002035,WBW
500259674002036,WBW
500259674002037,WBW
500259674002038,WBW
500259674002039,WBW
500259674002040,WBW
500259674002041,WBW
500259674002042,WBW
500259674002043,WBW
500259674002044,WBW
500259674002045,WBW
500259674002046,WBW
500259674002047,WBW
500259674002048,WBW
500259674002049,WBW
500259674002050,WBW
500259674002051,WBW
500259674002052,WBW
500259674002053,WBW
500259674002054,WBW
500259674002055,WBW
500259674002056,WBW
500259674002057,WBW
500259674002058,WBW
500259674002059,WBW
500259674002060,WBW
500259674002061,WBW
500259674002062,WBW
500259674002063,WBW
500259674002064,WBW
500259674002065,WBW
500259674002066,WBW
500259674002067,WBW
500259674002068,WBW
500259674002069,WBW
500259674002070,WBW
500259674002071,WBW
500259674002072,WBW
500259674002073,WBW
500259674002074,WBW
500259674002075,WBW
500259674002076,WBW
500259674002077,WBW
500259675001000,WIB
500259675001001,WIB
500259675001002,WIB
500259675001003,WIB
500259675001004,WIB
500259675001005,WIB
500259675001006,WIB
500259675001007,WIB
500259675001008,WIB
500259675001009,WIB
500259675001010,WIB
500259675001011,WIB
500259675001012,WIB
500259675001013,WIB
500259675001014,WIB
500259675001015,WIB
500259675001016,WIB
500259675001017,WIB
500259675001018,WIB
500259675001019,WIB
500259675001020,WIB
500259675001021,WIB
500259675001022,WIB
500259675001023,WIB
500259675001024,WIB
500259675001025,WIB
500259675001026,WIB
500259675001027,WIB
500259675001028,WIB
500259675001029,WIB
500259675001030,WIB
500259675001031,WIB
500259675001032,WIB
500259675001033,WIB
500259675001034,WIB
500259675001035,WIB
500259675001036,WIB
500259675001037,WIB
500259675001038,WIB
500259675001039,WIB
500259675001040,WIB
500259675001041,WIB
500259675001042,WIB
500259675001043,WIB
500259675001044,WIB
500259675001045,WIB
500259675001046,WIB
500259675001047,WIB
500259675001048,WIB
500259675001049,WIB
500259675002000,WIB
500259675002001,WIB
500259675002002,WIB
500259675002003,WIB
500259675002004,WIB
500259675002005,WIB
500259675002006,WIB
500259675002007,WIB
500259675002008,WIB
500259675002009,WIB
500259675002010,WIB
500259675002011,WIB
500259675002012,WIB
500259675002013,WIB
500259675002014,WIB
500259675002015,WIB
500259675002016,WIB
500259675002017,WIB
500259675002018,WIB
500259675002019,WIB
500259675002020,WIB
500259675002021,WIB
500259675002022,WIB
500259675002023,WIB
500259675002024,WIB
500259675002025,WIB
500259675002026,WIB
500259675002027,WIB
500259675002028,WIB
500259675002029,WIB
500259675002030,WIB
500259675002031,WIB
500259675002032,WIB
500259675003000,WBW
500259675003001,WBW
500259675003002,WBW
500259675003003,WBW
500259675003004,WBW
500259675003005,WBW
500259675003006,WBW
500259675003007,WBW
500259675003008,WBW
500259675003009,WBW
500259675003010,WBW
500259675003011,WBW
500259675003012,WBW
500259675003013,WBW
500259675003014,WBW
500259675003015,WBW
500259675003016,WBW
500259675003017,WBW
500259675003018,WBW
500259675003019,WBW
500259675003020,WBW
500259675003021,WBW
500259675003022,WBW
500259675003023,WBW
500259675003024,WBW
500259675003025,WBW
500259675003026,WBW
500259675003027,WBW
500259675003028,WBW
500259675003029,WBW
500259675003030,WBW
500259675003031,WBW
500259675003032,WBW
500259675003033,WBW
500259675003034,WBW
500259675003035,WBW
500259675003036,WBW
500259675003037,WBW
500259675003038,WBW
500259675003039,WBW
500259675003040,WBW
500259675003041,WBW
500259675003042,WBW
500259675003043,WBW
500259675003044,WBW
500259675003045,WBW
500259675003046,WBW
500259675003047,WBW
500259675003048,WBW
500259675003049,WBW
500259675003050,WBW
500259675003051,WBW
500259675003052,WBW
500259675003053,WBW
500259675003054,WBW
500259675003055,WBW
500259675003056,WBW
500259675003057,WBW
500259675003058,WBW
500259675003059,WBW
500259675003060,WBW
500259675003061,WBW
500259675003098,WBW
500259675003099,WBW
500259675003100,WBW
500259675003101,WBW
500259675003102,WBW
500259675003104,WBW
500259675003105,WBW
500259675003106,WBW
500259675003107,WBW
500259675003062,WIB
500259675003063,WIB
500259675003064,WIB
500259675003065,WIB
500259675003066,WIB
500259675003067,WIB
500259675003068,WIB
500259675003069,WIB
500259675003070,WIB
500259675003071,WIB
500259675003072,WIB
500259675003073,WIB
500259675003074,WIB
500259675003075,WIB
500259675003076,WIB
500259675003077,WIB
500259675003078,WIB
500259675003079,WIB
500259675003080,WIB
500259675003081,WIB
500259675003082,WIB
500259675003083,WIB
500259675003084,WIB
500259675003085,WIB
500259675003086,WIB
500259675003087,WIB
500259675003088,WIB
500259675003089,WIB
500259675003090,WIB
500259675003091,WIB
500259675003092,WIB
500259675003093,WIB
500259675003094,WIB
500259675003095,WIB
500259675003096,WIB
500259675003097,WIB
500259675003103,WIB
500259676001013,W-4
500259676001014,W-4
500259676001016,W-4
500259676001017,W-4
500259676001018,W-4
500259676001019,W-4
500259676001020,W-4
500259676001021,W-4
500259676001023,W-4
500259676001024,W-4
500259676001025,W-4
500259676001026,W-4
500259676001027,W-4
500259676001028,W-4
500259676001029,W-4
500259676001030,W-4
500259676001031,W-4
500259676001032,W-4
500259676001033,W-4
500259676001034,W-4
500259676001035,W-4
500259676001036,W-4
500259676001037,W-4
500259676001038,W-4
500259676001039,W-4
500259676001040,W-4
500259676001041,W-4
500259676001042,W-4
500259676001043,W-4
500259676001044,W-4
500259676001045,W-4
500259676001046,W-4
500259676001047,W-4
500259676001048,W-4
500259676001049,W-4
500259676001050,W-4
500259676001051,W-4
500259676001052,W-4
500259676001053,W-4
500259676001054,W-4
500259676001055,W-4
500259676001056,W-4
500259676001057,W-4
500259676001058,W-4
500259676001059,W-4
500259676001060,W-4
500259676001061,W-4
500259676001062,W-4
500259676001063,W-4
500259676001064,W-4
500259676001065,W-4
500259676001066,W-4
500259676001067,W-4
500259676001068,W-4
500259676001069,W-4
500259676001070,W-4
500259676001071,W-4
500259676001072,W-4
500259676001073,W-4
500259676001074,W-4
500259676001075,W-4
500259676001076,W-4
500259676001077,W-4
500259676001078,W-4
500259676001079,W-4
500259676001080,W-4
500259676001081,W-4
500259676001082,W-4
500259676001083,W-4
500259676001084,W-4
500259676001085,W-4
500259676001086,W-4
500259676001087,W-4
500259676001088,W-4
500259676001089,W-4
500259676001090,W-4
500259676001091,W-4
500259676001092,W-4
500259676001093,W-4
500259676001094,W-4
500259676001095,W-4
500259676001096,W-4
500259676001097,W-4
500259676001098,W-4
500259676001099,W-4
500259676001100,W-4
500259676001101,W-4
500259676001102,W-4
500259676002000,W-4
500259676002001,W-4
500259676002002,W-4
500259676002003,W-4
500259676002004,W-4
500259676002005,W-4
500259676002006,W-4
500259676002007,W-4
500259676002008,W-4
500259676002009,W-4
500259676002010,W-4
500259676002011,W-4
500259676002012,W-4
500259676002013,W-4
500259676002014,W-4
500259676002015,W-4
500259676002016,W-4
500259676002017,W-4
500259676002018,W-4
500259676002019,W-4
500259676002020,W-4
500259676002021,W-4
500259676002022,W-4
500259676002023,W-4
500259676002024,W-4
500259676002025,W-4
500259676002026,W-4
500259676002027,W-4
500259676002028,W-4
500259676002029,W-4
500259676002030,W-4
500259676002031,W-4
500259676002032,W-4
500259676002033,W-4
500259676002034,W-4
500259676002035,W-4
500259676002036,W-4
500259676002037,W-4
500259676002038,W-4
500259676002039,W-4
500259676002040,W-4
500259676002041,W-4
500259676002042,W-4
500259676002043,W-4
500259676002044,W-4
500259676002045,W-4
500259676002046,W-4
500259676002047,W-4
500259676002048,W-4
500259676002049,W-4
500259676002050,W-4
500259676002051,W-4
500259676002052,W-4
500259676002053,W-4
500259676002054,W-4
500259676002055,W-4
500259676002056,W-4
500259676002057,W-4
500259676002058,W-4
500259676002059,W-4
500259676002060,W-4
500259676002061,W-4
500259676002062,W-4
500259676002063,W-4
500259676002064,W-4
500259676002065,W-4
500259676002066,W-4
500259676002067,W-4
500259676002068,W-4
500259676002069,W-4
500259676002070,W-4
500259676002071,W-4
500259676002072,W-4
500259676002073,W-4
500259676002074,W-4
500259676002075,W-4
500259676002076,W-4
500259676002077,W-4
500259676002078,W-4
500259676002079,W-4
500259676002080,W-4
500259676002081,W-4
500259676002082,W-4
500259676002083,W-4
500259676002084,W-4
500259676002085,W-4
500259676002086,W-4
500259676002087,W-4
500259676002088,W-4
500259676002089,W-4
500259676002090,W-4
500259676002091,W-4
500259676002092,W-4
500259676002093,W-4
500259676002094,W-4
500259676002095,W-4
500259676002096,W-4
500259676002097,W-4
500259676002098,W-4
500259676002099,W-4
500259676002100,W-4
500259676002101,W-4
500259676002102,W-4
500259676002103,W-4
500259676002104,W-4
500259676002105,W-4
500259676002106,W-4
500259676002107,W-4
500259676002108,W-4
500259676002109,W-4
500259676002110,W-4
500259676002111,W-4
500259676002112,W-4
500259676002113,W-4
500259676002114,W-4
500259676002115,W-4
500259676002116,W-4
500259676002117,W-4
500259676002118,W-4
500259676002119,W-4
500259676002120,W-4
500259676002121,W-4
500259676002122,W-4
500259676002123,W-4
500259676002124,W-4
500259676002125,W-4
500259676002126,W-4
500259676002127,W-4
500259676002128,W-4
500259676002129,W-4
500259676002130,W-4
500259676002131,W-4
500259676002132,W-4
500259676002133,W-4
500259676002134,W-4
500259676002135,W-4
500259676002136,W-4
500259677001000,W-4
500259677001001,W-4
500259677001002,W-4
500259677001003,W-4
500259677001004,W-4
500259677001005,W-4
500259677001006,W-4
500259677001007,W-4
500259677001008,W-4
500259677001009,W-4
500259677001010,W-4
500259677001011,W-4
500259677001012,W-4
500259677001013,W-4
500259677001014,W-4
500259677001015,W-4
500259677001016,W-4
500259677001017,W-4
500259677001018,W-4
500259677001019,W-4
500259677001020,W-4
500259677001021,W-4
500259677001022,W-4
500259677001023,W-4
500259677001024,W-4
500259677001025,W-4
500259677001026,W-4
500259677001027,W-4
500259677001028,W-4
500259677001029,W-4
500259677001030,W-4
500259677001031,W-4
500259677001032,W-4
500259677001033,W-4
500259677001034,W-4
500259677001035,W-4
500259677001036,W-4
500259677001037,W-4
500259677001038,W-4
500259677001039,W-4
500259677001040,W-4
500259677001041,W-4
500259677001042,W-4
500259677001043,W-4
500259677001044,W-4
500259677001045,W-4
500259677001046,W-4
500259677001047,W-4
500259677001048,W-4
500259677001049,W-4
500259677001050,W-4
500259677001051,W-4
500259677001052,W-4
500259677001053,W-4
500259677001054,W-4
500259677001055,W-4
500259677001056,W-4
500259677001057,W-4
500259677001058,W-4
500259677001059,W-4
500259677001060,W-4
500259677001061,W-4
500259677001062,W-4
500259677001063,W-4
500259677001064,W-4
500259677001065,W-4
500259677001066,W-4
500259677001067,W-4
500259677001068,W-4
500259677001069,W-4
500259677001070,W-4
500259677001071,W-4
500259677001072,W-4
500259677001073,W-4
500259677002000,W-4
500259677002001,W-4
500259677002002,W-4
500259677002003,W-4
500259677002004,W-4
500259677002005,W-4
500259677002006,W-4
500259677002007,W-4
500259677002008,W-4
500259677002009,W-4
500259677002010,W-4
500259677002011,W-4
500259677002012,W-4
500259677002013,W-4
500259677002014,W-4
500259677002015,W-4
500259677002016,W-4
500259677002017,W-4
500259677002018,W-4
500259677002019,W-4
500259677002020,W-4
500259677002021,W-4
500259677002022,W-4
500259677002023,W-4
500259677002024,W-4
500259677002025,W-4
500259677002026,W-4
500259677002027,W-4
500259677002028,W-4
500259677002029,W-4
500259677002030,W-4
500259677002031,W-4
500259677002032,W-4
500259677002033,W-4
500259677002034,W-4
500259677002035,W-4
500259677002036,W-4
500259677002037,W-4
500259677002038,W-4
500259677002039,W-4
500259677002040,W-4
500259677002041,W-4
500259677002042,W-4
500259677002043,W-4
500259677002044,W-4
500259677002045,W-4
500259677002046,W-4
500259677002047,W-4
500259677002048,W-4
500259677002049,W-4
500259677002050,W-4
500259677002051,W-4
500259677002052,W-4
500259677002053,W-4
500259677002054,W-4
500259677002055,W-4
500259677002056,W-4
500259677002057,W-4
500259677002058,W-4
500259677002059,W-4
500259677002060,W-4
500259677002061,W-4
500259677002062,W-4
500259677002063,W-4
500259677002064,W-4
500259677002065,W-4
500259677002066,W-4
500259678001000,W-5
500259678001001,W-5
500259678001002,W-5
500259678001003,W-5
500259678001004,W-5
500259678001005,W-5
500259678001006,W-5
500259678001007,W-5
500259678001008,W-5
500259678001009,W-5
500259678001010,W-5
500259678001011,W-5
500259678001012,W-5
500259678001013,W-5
500259678001014,W-5
500259678001015,W-5
500259678001016,W-5
500259678001017,W-5
500259678001018,W-5
500259678001019,W-5
500259678001020,W-5
500259678001021,W-5
500259678001022,W-5
500259678001023,W-5
500259678001024,W-5
500259678001025,W-5
500259678001026,W-5
500259678001027,W-5
500259678001028,W-5
500259678001029,W-5
500259678001030,W-5
500259678001031,W-5
500259678001032,W-5
500259678001033,W-5
500259678001034,W-5
500259678001035,W-5
500259678001036,W-5
500259678001037,W-5
500259678001038,W-5
500259678001039,W-5
500259678001040,W-5
500259678001041,W-5
500259678001042,W-5
500259678001043,W-5
500259678001044,W-5
500259678001045,W-5
500259678001046,W-5
500259678001047,W-5
500259678001048,W-5
500259678001049,W-5
500259678001050,W-5
500259678001051,W-5
500259678001052,W-5
500259678001053,W-5
500259678001054,W-5
500259678001055,W-5
500259678001056,W-5
500259678001057,W-5
500259678001058,W-5
500259678001059,W-5
500259678001060,W-5
500259678001061,W-5
500259678001062,W-5
500259678001063,W-5
500259678001064,W-5
500259678001065,W-5
500259678001066,W-5
500259678001067,W-5
500259678001068,W-5
500259678001069,W-5
500259678001070,W-5
500259678001071,W-5
500259678001072,W-5
500259678001073,W-5
500259678001074,W-5
500259678001075,W-5
500259678001076,W-5
500259678002000,W-5
500259678002001,W-5
500259678002002,W-5
500259678002003,W-5
500259678002004,W-5
500259678002005,W-5
500259678002006,W-5
500259678002007,W-5
500259678002008,W-5
500259678002009,W-5
500259678002010,W-5
500259678002011,W-5
500259678002012,W-5
500259678002013,W-5
500259678002014,W-5
500259678002015,W-5
500259678002016,W-5
500259678002017,W-5
500259678002018,W-5
500259678002019,W-5
500259678002020,W-5
500259678002021,W-5
500259678002022,W-5
500259678002023,W-5
500259678002024,W-5
500259678002025,W-5
500259678002026,W-5
500259678002027,W-5
500259678002028,W-5
500259678002029,W-5
500259678002030,W-5
500259678002031,W-5
500259678002032,W-5
500259678002033,W-5
500259678002034,W-5
500259678002035,W-5
500259678002036,W-5
500259678002037,W-5
500259678002038,W-5
500259678002039,W-5
500259678002040,W-5
500259678002041,W-5
500259678002042,W-5
500259678002043,W-5
500259678002044,W-5
500259678002045,W-5
500259678002046,W-5
500259678002047,W-5
500259678002048,W-5
500259678002049,W-5
500259678002050,W-5
500259678002051,W-5
500259678002052,W-5
500259678002053,W-5
500259678002054,W-5
500259678002055,W-5
500259678002056,W-5
500259678002057,W-5
500259678002058,W-5
500259678002059,W-5
500259678002060,W-5
500259678002061,W-5
500259678002062,W-5
500259678002063,W-5
500259678002064,W-5
500259678002065,W-5
500259678002066,W-5
500259678002067,W-5
500259678002068,W-5
500259678002069,W-5
500259678002070,W-5
500259679001000,WIB
500259679001001,WIB
500259679001002,WIB
500259679001003,WIB
500259679001004,WIB
500259679001005,WIB
500259679001006,WIB
500259679001007,WIB
500259679001008,WIB
500259679001009,WIB
500259679001010,WIB
500259679001011,WIB
500259679001012,WIB
500259679001013,WIB
500259679001014,WIB
500259679001015,WIB
500259679001016,WIB
500259679001017,WIB
500259679001018,WIB
500259679001019,WIB
500259679001020,WIB
500259679001021,WIB
500259679001022,WIB
500259679001023,WIB
500259679001024,WIB
500259679001025,WIB
500259679001026,WIB
500259679001027,WIB
500259679001028,WIB
500259679001029,WIB
500259679001030,WIB
500259679001031,WIB
500259679001032,WIB
500259679001033,WIB
500259679001034,WIB
500259679002000,WIB
500259679002001,WIB
500259679002002,WIB
500259679002003,WIB
500259679002004,WIB
500259679002005,WIB
500259679002006,WIB
500259679002007,WIB
500259679002008,WIB
500259679002009,WIB
500259679002010,WIB
500259679002011,WIB
500259679002012,WIB
500259679002013,WIB
500259679002014,WIB
500259679002015,WIB
500259679002016,WIB
500259679002017,WIB
500259679002018,WIB
500259679002019,WIB
500259679002020,WIB
500259679002021,WIB
500259679002022,WIB
500259679002023,WIB
500259679002024,WIB
500259679002025,WIB
500259679002026,WIB
500259679002027,WIB
500259679002028,WIB
500259679002029,WIB
500259679002030,WIB
500259679002031,WIB
500259679002032,WIB
500259679002033,WIB
500259679002034,WIB
500259679002035,WIB
500259679002036,WIB
500259679002037,WIB
500259679002038,WIB
500259679002039,WIB
500259679003000,WIB
500259679003001,WIB
500259679003002,WIB
500259679003003,WIB
500259679003004,WIB
500259679003005,WIB
500259679003006,WIB
500259679003007,WIB
500259679003008,WIB
500259679003009,WIB
500259679003010,WIB
500259679003011,WIB
500259679003012,WIB
500259679003013,WIB
500259679003014,WIB
500259679003015,WIB
500259679003016,WIB
500259679003017,WIB
500259679004000,WIB
500259679004001,WIB
500259679004002,WIB
500259679004003,WIB
500259679004004,WIB
500259679004005,WIB
500259679004006,WIB
500259679004007,WIB
500259679004008,WIB
500259679004009,WIB
500259679004010,WIB
500259679004011,WIB
500259679004012,WIB
500259679004013,WIB
500259679004014,WIB
500259679004015,WIB
500259679004016,WIB
500259679004017,WIB
500259679004018,WIB
500259679004019,WIB
500259679004020,WIB
500259679004021,WIB
500259679004022,WIB
500259679004023,WIB
500259679004024,WIB
500259679004025,WIB
500259679004026,WIB
500259679004027,WIB
500259679004028,WIB
500259679004029,WIB
500259679004030,WIB
500259679004031,WIB
500259679004032,WIB
500259679004033,WIB
500259679004034,WIB
500259679004035,WIB
500259679004036,WIB
500259679004037,WIB
500259679004038,WIB
500259679004039,WIB
500259679004040,WIB
500259679004041,WIB
500259679004042,WIB
500259679004043,WIB
500259679004044,WIB
500259679004045,WIB
500259679004046,WIB
500259679004047,WIB
500259679004048,WIB
500259679004049,WIB
500259679004050,WIB
500259680001000,W-6
500259680001001,W-6
500259680001002,W-6
500259680001003,W-6
500259680001004,W-6
500259680001005,W-6
500259680001006,W-6
500259680001007,W-6
500259680001008,W-6
500259680001009,W-6
500259680001010,W-6
500259680001011,W-6
500259680001012,W-6
500259680001013,W-6
500259680001014,W-6
500259680001015,W-6
500259680001016,W-6
500259680001017,W-6
500259680001018,W-6
500259680001019,W-6
500259680001020,W-6
500259680001021,W-6
500259680001022,W-6
500259680001023,W-6
500259680001024,W-6
500259680001025,W-6
500259680001026,W-6
500259680001027,W-6
500259680001028,W-6
500259680001029,W-6
500259680001030,W-6
500259680001031,W-6
500259680001032,W-6
500259680001033,W-6
500259680001034,W-6
500259680001035,W-6
500259680001036,W-6
500259680001037,W-6
500259680001038,W-6
500259680001039,W-6
500259680001040,W-6
500259680001041,W-6
500259680001042,W-6
500259680001043,W-6
500259680001044,W-6
500259680001045,W-6
500259680001046,W-6
500259680001047,W-6
500259680001048,W-6
500259680001049,W-6
500259680001050,W-6
500259680001051,W-6
500259680001052,W-6
500259680001053,W-6
500259680001054,W-6
500259680001055,W-6
500259680001056,W-6
500259680001057,W-6
500259680001058,W-6
500259680001059,W-6
500259680002000,W-6
500259680002001,W-6
500259680002002,W-6
500259680002003,W-6
500259680002004,W-6
500259680002005,W-6
500259680002006,W-6
500259680002007,W-6
500259680002008,W-6
500259680002009,W-6
500259680002010,W-6
500259680002011,W-6
500259680002012,W-6
500259680002013,W-6
500259680002014,W-6
500259680002015,W-6
500259680002016,W-6
500259680002017,W-6
500259680002018,W-6
500259680002019,W-6
500259680002020,W-6
500259680002021,W-6
500259680002022,W-6
500259680002023,W-6
500259680002024,W-6
500259680002025,W-6
500259680002026,W-6
500259680002027,W-6
500259680002028,W-6
500259680002029,W-6
500259680002030,W-6
500259680002031,W-6
500259680002032,W-6
500259680002033,W-6
500259680002034,W-6
500259680002035,W-6
500259680002036,W-6
500259680002037,W-6
500259680002038,W-6
500259680002039,W-6
500259680002040,W-6
500259680002041,W-6
500259680002042,W-6
500259680002043,W-6
500259680002044,W-6
500259680002045,W-6
500259680002046,W-6
500259680002047,W-6
500259680002048,W-6
500259680002049,W-6
500259680002050,W-6
500259680002051,W-6
500259680002052,W-6
500259680002053,W-6
500259680002054,W-6
500259680002055,W-6
500259680002056,W-6
500259680002057,W-6
500259680002058,W-6
500259680002059,W-6
500259680002060,W-6
500259680002061,W-6
500259680002062,W-6
500259680002063,W-6
500259680002064,W-6
500259680002065,W-6
500259680003000,W-6
500259680003001,W-6
500259680003002,W-6
500259680003003,W-6
500259680003004,W-6
500259680003005,W-6
500259680003006,W-6
500259680003007,W-6
500259680003008,W-6
500259680003009,W-6
500259680003010,W-6
500259680003011,W-6
500259680003012,W-6
500259680003013,W-6
500259680003014,W-6
500259680003015,W-6
500259680003016,W-6
500259680003017,W-6
500259680003018,W-6
500259680003019,W-6
500259680003020,W-6
500259680003021,W-6
500259680003022,W-6
500259680003023,W-6
500259680003024,W-6
500259680003025,W-6
500259680003026,W-6
500259680003027,W-6
500259680003028,W-6
500259680003029,W-6
500259680003030,W-6
500259680003031,W-6
500259680003032,W-6
500259680003033,W-6
500259680003034,W-6
500259680003035,W-6
500259680003036,W-6
500259680003037,W-6
500259680003038,W-6
500259680003039,W-6
500259680003040,W-6
500259680003041,W-6
500259680003042,W-6
500259680003043,W-6
500259680003044,W-6
500259680003045,W-6
500259680003046,W-6
500259680003047,W-6
500259680003048,W-6
500259680003049,W-6
500259680003050,W-6
500259680003051,W-6
500259680003052,W-6
500259680003053,W-6
500259680003054,W-6
500259680003055,W-6
500259682001000,W-6
500259682001001,W-6
500259682001002,W-6
500259682001003,W-6
500259682001004,W-6
500259682001005,W-6
500259682001006,W-6
500259682001007,W-6
500259682001008,W-6
500259682001009,W-6
500259682001010,W-6
500259682001011,W-6
500259682001012,W-6
500259682001013,W-6
500259682001014,W-6
500259682001015,W-6
500259682001016,W-6
500259682001017,W-6
500259682001018,W-6
500259682001019,W-6
500259682001020,W-6
500259682001021,W-6
500259682001022,W-6
500259682001023,W-6
500259682001024,W-6
500259682001025,W-6
500259682001026,W-6
500259682001027,W-6
500259682001028,W-6
500259682001029,W-6
500259682001030,W-6
500259682001031,W-6
500259682001032,W-6
500259682001033,W-6
500259682001034,W-6
500259682001035,W-6
500259682001036,W-6
500259682001037,W-6
500259682001038,W-6
500259682001039,W-6
500259682001040,W-6
500259682001041,W-6
500259682001042,W-6
500259682001043,W-6
500259682001044,W-6
500259682001045,W-6
500259682001046,W-6
500259682001047,W-6
500259682001048,W-6
500259682001049,W-6
500259682001050,W-6
500259682001051,W-6
500259682001052,W-6
500259682001053,W-6
500259682001054,W-6
500259682001055,W-6
500259682001056,W-6
500259682001057,W-6
500259682001058,W-6
500259682001059,W-6
500259682001060,W-6
500259682001061,W-6
500259682001062,W-6
500259682001063,W-6
500259682001064,W-6
500259682001065,W-6
500259682001066,W-6
500259682001067,W-6
500259682001068,W-6
500259682001069,W-6
500259682001070,W-6
500259682001071,W-6
500259682001072,W-6
500259682001073,W-6
500259682002000,W-5
500259682002001,W-5
500259682002002,W-5
500259682002003,W-5
500259682002004,W-5
500259682002005,W-5
500259682002006,W-5
500259682002007,W-5
500259682002008,W-5
500259682002009,W-5
500259682002010,W-5
500259682002011,W-5
500259682002012,W-5
500259682002013,W-5
500259682002014,W-5
500259682002015,W-5
500259682002016,W-5
500259682002017,W-5
500259682002018,W-5
500259682002019,W-5
500259682002020,W-5
500259682002021,W-5
500259682002022,W-5
500259682002023,W-5
500259682002024,W-5
500259682002025,W-5
500259682002026,W-5
500259682002027,W-5
500259682002028,W-5
500259682002029,W-5
500259682002030,W-5
500259682002031,W-5
500259682002032,W-5
500259682002033,W-5
500259682002034,W-5
500259682002035,W-5
500259682002036,W-5
500259682002037,W-5
500259682002038,W-5
500259682002039,W-5
500259682002040,W-5
500259682002041,W-5
500259682002042,W-5
500259682002043,W-5
500259682002044,W-5
500259682002045,W-5
500259682002046,W-5
500259682002047,W-5
500259682002048,W-5
500259682002049,W-5
500259682002050,W-5
500259682002051,W-5
500259682002052,W-5
500259682002053,W-5
500259682002054,W-5
500259682002055,W-5
500259682002056,W-5
500259682002057,W-5
500259682002058,W-5
500259682002059,W-5
500259682002060,W-5
500259682002061,W-5
500259682002062,W-5
500259682002063,W-5
500259682002064,W-5
500259682002065,W-5
500259682002066,W-5
500259682002067,W-5
500259682002068,W-5
500259682002069,W-5
500259682002070,W-5
500259682002071,W-5
500259682002072,W-5
500259682002073,W-5
500259682002074,W-5
500259682002075,W-5
500259682002076,W-5
500259683001000,W-4
500259683001001,W-4
500259683001002,W-4
500259683001003,W-4
500259683001004,W-4
500259683001005,W-4
500259683001006,W-4
500259683001007,W-4
500259683001008,W-4
500259683001009,W-4
500259683001010,W-4
500259683001011,W-4
500259683001012,W-4
500259683001013,W-4
500259683001014,W-4
500259683001015,W-4
500259683001016,W-4
500259683001017,W-4
500259683001018,W-4
500259683001019,W-4
500259683001020,W-4
500259683001021,W-4
500259683001022,W-4
500259683001023,W-4
500259683001024,W-4
500259683001025,W-4
500259683001026,W-4
500259683001027,W-4
500259683001028,W-4
500259683001029,W-4
500259683001030,W-4
500259683001031,W-4
500259683001032,W-4
500259683001033,W-4
500259683001034,W-4
500259683001035,W-4
500259683001036,W-4
500259683001037,W-4
500259683001038,W-4
500259683001039,W-4
500259683001040,W-4
500259683001041,W-4
500259683001042,W-4
500259683001043,W-4
500259683001044,W-4
500259683001045,W-4
500259683001046,W-4
500259683001047,W-4
500259683001048,W-4
500259683001049,W-4
500259683001050,W-4
500259683001051,W-4
500259683001052,W-4
500259683001053,W-4
500259683001054,W-4
500259683001055,W-4
500259683001056,W-4
500259683001057,W-4
500259683001058,W-4
500259683001059,W-4
500259683001060,W-4
500259683001061,W-4
500259683001062,W-4
500259683002000,W-4
500259683002001,W-4
500259683002002,W-4
500259683002003,W-4
500259683002004,W-4
500259683002005,W-4
500259683002006,W-4
500259683002007,W-4
500259683002008,W-4
500259683002009,W-4
500259683002010,W-4
500259683002011,W-4
500259683002012,W-4
500259683002013,W-4
500259683002014,W-4
500259683002015,W-4
500259683002016,W-4
500259683002017,W-4
500259683002018,W-4
500259683002019,W-4
500259683002020,W-4
500259683002021,W-4
500259683002022,W-4
500259683002023,W-4
500259683002024,W-4
500259683002025,W-4
500259683002026,W-4
500259683002027,W-4
500259683002028,W-4
500259683002029,W-4
500259683002030,W-4
500259683002031,W-4
500259683002032,W-4
500259683002033,W-4
500259683002034,W-4
500259683002035,W-4
500259683002036,W-4
500259683002037,W-4
500259683002038,W-4
500259683002039,W-4
500259683002040,W-4
500259683002041,W-4
500259683002042,W-4
500259683002043,W-4
500259683002044,W-4
500259683002045,W-4
500259683002046,W-4
500259683002047,W-4
500259683002048,W-4
500259683002049,W-4
500259683002050,W-4
500259683002051,W-4
500259683002052,W-4
500259685001000,W23
500259685001001,W23
500259685001002,W23
500259685001003,W23
500259685001004,W23
500259685001005,W23
500259685001006,W23
500259685001007,W23
500259685001008,W23
500259685001009,W23
500259685001010,W23
500259685001011,W23
500259685001013,W23
500259685001014,W23
500259685001021,W23
500259685001022,W23
500259685001023,W23
500259685001024,W23
500259685001026,W23
500259685001034,W23
500259685001035,W23
500259685002000,W23
500259685002001,W23
500259685002002,W23
500259685002003,W23
500259685002004,W23
500259685002005,W23
500259685002006,W23
500259685002007,W23
500259685002008,W23
500259685002009,W23
500259685002010,W23
500259685004018,W23
500259685004019,W23
500259686001000,W23
500259686001001,W23
500259686001002,W23
500259686001003,W23
500259686001004,W23
500259686001005,W23
500259686001006,W23
500259686001007,W23
500259686001008,W23
500259686001009,W23
500259686001010,W23
500259686001011,W23
500259686001012,W23
500259686001013,W23
500259686001014,W23
500259686001015,W23
500259686001016,W23
500259686001017,W23
500259686001018,W23
500259686001019,W23
500259686001020,W23
500259686001021,W23
500259686001022,W23
500259686001023,W23
500259686001024,W23
500259686001025,W23
500259686001026,W23
500259686001027,W23
500259686001028,W23
500259686001029,W23
500259686001030,W23
500259686001031,W23
500259686001032,W23
500259686001033,W23
500259686001034,W23
500259686001035,W23
500259686001036,W23
500259686001037,W23
500259686001038,W23
500259686001039,W23
500259686001040,W23
500259686001041,W23
500259686002000,W23
500259686002001,W23
500259686002002,W23
500259686002003,W23
500259686002004,W23
500259686002005,W23
500259686002006,W23
500259686002007,W23
500259686002008,W23
500259686002009,W23
500259686002010,W23
500259686002011,W23
500259686002012,W23
500259686002013,W23
500259686002014,W23
500259686002015,W23
500259686002016,W23
500259686002017,W23
500259686002018,W23
500259686002019,W23
500259686002020,W23
500259686002021,W23
500259686002027,W23
500259686002028,W23
500259686002029,W23
500259686002030,W23
500259686002031,W23
500259686002032,W23
500259686002033,W23
500259686002034,W23
500259686002035,W23
500259686002036,W23
500259686002037,W23
500259686002038,W23
500259686002039,W23
500259686002040,W23
500259686002041,W23
500259686002042,W23
500259686002043,W23
500259686002044,W23
500259686002045,W23
500259686002046,W23
500259686002047,W23
500259686002048,W23
500259686002049,W23
500259686002050,W23
500259686002051,W23
500259686002052,W23
500259686002053,W23
500259686002054,W23
500259686002055,W23
500259686002058,W23
500259686002059,W23
500259686002060,W23
500259686002061,W23
500259686002062,W23
500259686002063,W23
500259686002064,W23
500259686002065,W23
500259686002068,W23
500259686002069,W23
500259686002070,W23
500259687001000,W-1
500259687001001,W-1
500259687001002,W-1
500259687001003,W-1
500259687001004,W-1
500259687001005,W-1
500259687001006,W-1
500259687001007,W-1
500259687001008,W-1
500259687001009,W-1
500259687001010,W-1
500259687001011,W-1
500259687001012,W-1
500259687001013,W-1
500259687001014,W-1
500259687001015,W-1
500259687001016,W-1
500259687001017,W-1
500259687001018,W-1
500259687001019,W-1
500259687001020,W-1
500259687001021,W-1
500259687001022,W-1
500259687001023,W-1
500259687001024,W-1
500259687001025,W-1
500259687001026,W-1
500259687001027,W-1
500259687001028,W-1
500259687001029,W-1
500259687001030,W-1
500259687001031,W-1
500259687001032,W-1
500259687001033,W-1
500259687001034,W-1
500259687001035,W-1
500259687001036,W-1
500259687001037,W-1
500259687001038,W-1
500259687001039,W-1
500259687001040,W-1
500259687001041,W-1
500259687001042,W-1
500259687001043,W-1
500259687001044,W-1
500259687001045,W-1
500259687001046,W-1
500259687001047,W-1
500259687001048,W-1
500259687001049,W-1
500259687002000,W-1
500259687002001,W-1
500259687002002,W-1
500259687002003,W-1
500259687002004,W-1
500259687002005,W-1
500259687002006,W-1
500259687002007,W-1
500259687002008,W-1
500259687002009,W-1
500259687002010,W-1
500259687002011,W-1
500259687002012,W-1
500259687002013,W-1
500259687002014,W-1
500259687002015,W-1
500259687002016,W-1
500259687002017,W-1
500259687002018,W-1
500259687002019,W-1
500259687002020,W-1
500259687002021,W-1
500259687002022,W-1
500259687002023,W-1
500259687002024,W-1
500259687002025,W-1
500259687002026,W-1
500259687002027,W-1
500259687002028,W-1
500259687002029,W-1
500259687002030,W-1
500259687002031,W-1
500259687002032,W-1
500259687002033,W-1
500259687002034,W-1
500259687002035,W-1
500259687002036,W-1
500259687002037,W-1
500259687002038,W-1
500259687002039,W-1
500259687002040,W-1
500259687002041,W-1
500259687002042,W-1
500259687002043,W-1
500259687002044,W-1
500259687002045,W-1
500259687002046,W-1
500259687002047,W-1
500259687002048,W-1
500259687002049,W-1
500259687002050,W-1
500259687002051,W-1
500259687002052,W-1
500259687002053,W-1
500259687002054,W-1
500259687002055,W-1
500259687002056,W-1
500259687002057,W-1
500259687002058,W-1
500259687002059,W-1
500259687002060,W-1
500259687002061,W-1
500259687002062,W-1
500259687002063,W-1
500259687002064,W-1
500259687003000,W-1
500259687003001,W-1
500259687003002,W-1
500259687003003,W-1
500259687003004,W-1
500259687003005,W-1
500259687003006,W-1
500259687003007,W-1
500259687003008,W-1
500259687003009,W-1
500259687003010,W-1
500259687003011,W-1
500259687003012,W-1
500259687003013,W-1
500259687003014,W-1
500259687003015,W-1
500259687003016,W-1
500259687003017,W-1
500259687003018,W-1
500259687003019,W-1
500259687003020,W-1
500259687003021,W-1
500259687003022,W-1
500259687003023,W-1
500259687003024,W-1
500259687003025,W-1
500259687003026,W-1
500259687003027,W-1
500259687003028,W-1
500259687003029,W-1
500259687003030,W-1
500259687003031,W-1
500259687003032,W-1
500259687003033,W-1
500259687003034,W-1
500259687003035,W-1
500259687003036,W-1
500259687003037,W-1
500259687003038,W-1
500259687003039,W-1
500259687003040,W-1
500259687003041,W-1
500259687003042,W-1
500259687003043,W-1
500259687003044,W-1
500259687003045,W-1
500259687003046,W-1
500259687003047,W-1
500259687003048,W-1
500259687003049,W-1
500259687003050,W-1
500259687003051,W-1
500259687003052,W-1
500259687003053,W-1
500259687003054,W-1
500259687003055,W-1
500259687003056,W-1
500259687003057,W-1
500259687003058,W-1
500259687003059,W-1
500259687003060,W-1
500259687003061,W-1
500259687003062,W-1
500259687003063,W-1
500259687003064,W-1
500259687003065,W-1
500259687003066,W-1
500259687003067,W-1
500259687003068,W-1
500259687003069,W-1
500259687003070,W-1
500259687003071,W-1
500259687003072,W-1
500259687003073,W-1
500259687003074,W-1
500259687003075,W-1
500259687003076,W-1
500259687003077,W-1
500259687003078,W-1
500259687003079,W-1
500259687003080,W-1
500259687003081,W-1
500259687003082,W-1
500259687003083,W-1
500259687003084,W-1
500259687003085,W-1
500259687003086,W-1
500259687003087,W-1
500259687003088,W-1
500259687003089,W-1
500259687003090,W-1
500279650001000,YO2
500279650001001,YO2
500279650001002,YO2
500279650001003,YO2
500279650001004,YO2
500279650001005,YO2
500279650001006,YO2
500279650001007,YO2
500279650001008,YO2
500279650001009,YO2
500279650001010,YO2
500279650001011,YO2
500279650001012,YO2
500279650001013,YO2
500279650001014,YO2
500279650001015,YO2
500279650001016,YO2
500279650001017,YO2
500279650001018,YO2
500279650001019,YO2
500279650001020,YO2
500279650001021,YO2
500279650001022,YO2
500279650001023,YO2
500279650001024,YO2
500279650001025,YO2
500279650001026,YO2
500279650001027,YO2
500279650001028,YO2
500279650001029,YO2
500279650001030,YO2
500279650001031,YO2
500279650001032,YO2
500279650001033,YO2
500279650001034,YO2
500279650001035,YO2
500279650001036,YO2
500279650001037,YO2
500279650001038,YO2
500279650001039,YO2
500279650001040,YO2
500279650001041,YO2
500279650001042,YO2
500279650001043,YO2
500279650001044,YO2
500279650001045,YO2
500279650001046,YO2
500279650001047,YO2
500279650001048,YO2
500279650001049,YO2
500279650001050,YO2
500279650001051,YO2
500279650001052,YO2
500279650001053,YO2
500279650001054,YO2
500279650001055,YO2
500279650001056,YO2
500279650001057,YO2
500279650001058,YO2
500279650001059,YO2
500279650001060,YO2
500279650001061,YO2
500279650001062,YO2
500279650001063,YO2
500279650001064,YO2
500279650001065,YO2
500279650001066,YO2
500279650001067,YO2
500279650001068,YO2
500279650001069,YO2
500279650001070,YO2
500279650001071,YO2
500279650001072,YO2
500279650001073,YO2
500279650001074,YO2
500279650001075,YO2
500279650001076,YO2
500279650001077,YO2
500279650001078,YO2
500279650001079,YO2
500279650001080,YO2
500279650001081,YO2
500279650001082,YO2
500279650001083,YO2
500279650001084,YO2
500279650001085,YO2
500279650001086,YO2
500279650001087,YO2
500279650001088,YO2
500279650001089,YO2
500279650001090,YO2
500279650001091,YO2
500279650001092,YO2
500279650001093,YO2
500279650001094,YO2
500279650001095,YO2
500279650001096,YO2
500279650001097,YO2
500279650001098,YO2
500279650001099,YO2
500279650001100,YO2
500279650001101,YO2
500279650001102,YO2
500279650001103,YO2
500279650001104,YO2
500279650001105,YO2
500279650001106,YO2
500279650002000,YO2
500279650002001,YO2
500279650002002,YO2
500279650002003,YO2
500279650002004,YO2
500279650002005,YO2
500279650002006,YO2
500279650002007,YO2
500279650002008,YO2
500279650002009,YO2
500279650002010,YO2
500279650002011,YO2
500279650002012,YO2
500279650002013,YO2
500279650002014,YO2
500279650002015,YO2
500279650002016,YO2
500279650002017,YO2
500279650002018,YO2
500279650002019,YO2
500279650002020,YO2
500279650002021,YO2
500279650002022,YO2
500279650002023,YO2
500279650002024,YO2
500279650002025,YO2
500279650002026,YO2
500279650002027,YO2
500279650002028,YO2
500279650002029,YO2
500279650002030,YO2
500279650002031,YO2
500279650002032,YO2
500279650002033,YO2
500279650002034,YO2
500279650002035,YO2
500279650002036,YO2
500279650002037,YO2
500279650002038,YO2
500279650002039,YO2
500279650002040,YO2
500279650002041,YO2
500279650002042,YO2
500279650002043,YO2
500279650002044,YO2
500279650002045,YO2
500279650002046,YO2
500279650002047,YO2
500279650002048,YO2
500279650002049,YO2
500279650002050,YO2
500279650002051,YO2
500279650002052,YO2
500279650002053,YO2
500279650002054,YO2
500279650002055,YO2
500279650002056,YO2
500279650002057,YO2
500279650002058,YO2
500279650002059,YO2
500279650002060,YO2
500279650002061,YO2
500279650002062,YO2
500279650002063,YO2
500279650002064,YO2
500279650002065,YO2
500279650002066,YO2
500279650002067,YO2
500279650002068,YO2
500279650002069,YO2
500279650002070,YO2
500279650002071,YO2
500279650002072,YO2
500279650002073,YO2
500279650002074,YO2
500279650002075,YO2
500279650002076,YO2
500279650002077,YO2
500279650002078,YO2
500279650002079,YO2
500279650002080,YO2
500279650002081,YO2
500279650002082,YO2
500279650002083,YO2
500279650002084,YO2
500279650002085,YO2
500279650002086,YO2
500279650002087,YO2
500279650002088,YO2
500279650002089,YO2
500279650002090,YO2
500279650002091,YO2
500279650002092,YO2
500279650002093,YO2
500279650002094,YO2
500279650002095,YO2
500279650002096,YO2
500279650002097,YO2
500279650002098,YO2
500279650002099,YO2
500279650002100,YO2
500279650002101,YO2
500279650002102,YO2
500279650002103,YO2
500279650002104,YO2
500279650002105,YO2
500279651001000,YO1
500279651001001,YO1
500279651001002,YO1
500279651001003,YO1
500279651001004,YO1
500279651001005,YO1
500279651001006,YO1
500279651001007,YO1
500279651001008,YO1
500279651001009,YO1
500279651001010,YO1
500279651001011,YO1
500279651001012,YO1
500279651001013,YO1
500279651001014,YO1
500279651001015,YO1
500279651001016,YO1
500279651001017,YO1
500279651001018,YO1
500279651001019,YO1
500279651001020,YO1
500279651001021,YO1
500279651001022,YO1
500279651001023,YO1
500279651001024,YO1
500279651001025,YO1
500279651001026,YO1
500279651001027,YO1
500279651001028,YO1
500279651001029,YO1
500279651001030,YO1
500279651001031,YO1
500279651001032,YO1
500279651001033,YO1
500279651001034,YO1
500279651001035,YO1
500279651001036,YO1
500279651001037,YO1
500279651001038,YO1
500279651001039,YO1
500279651001040,YO1
500279651002000,YO1
500279651002001,YO1
500279651002002,YO1
500279651002003,YO1
500279651002004,YO1
500279651002005,YO1
500279651002006,YO1
500279651002007,YO1
500279651002008,YO1
500279651002009,YO1
500279651002010,YO1
500279651002011,YO1
500279651002012,YO1
500279651002013,YO1
500279651002014,YO1
500279651002015,YO1
500279651002016,YO1
500279651002017,YO1
500279651002018,YO1
500279651002019,YO1
500279651002020,YO1
500279651002021,YO1
500279651002022,YO1
500279651002023,YO1
500279651002024,YO1
500279651002025,YO1
500279651002026,YO1
500279651002027,YO1
500279651002028,YO1
500279651002029,YO1
500279651002030,YO1
500279651002031,YO1
500279651002032,YO1
500279651002033,YO1
500279651002034,YO1
500279651002035,YO1
500279651002036,YO1
500279651002037,YO1
500279651002038,YO1
500279651002039,YO1
500279651002040,YO1
500279651002041,YO1
500279651002042,YO1
500279651002043,YO1
500279651002044,YO1
500279651002045,YO1
500279651002046,YO1
500279651002047,YO1
500279651002048,YO1
500279651002049,YO1
500279651002050,YO1
500279651002051,YO1
500279651002052,YO1
500279651002053,YO1
500279651002054,YO1
500279651002055,YO1
500279651002056,YO1
500279651002057,YO1
500279651002058,YO1
500279651002059,YO1
500279651002060,YO1
500279651002061,YO1
500279651002062,YO1
500279651002063,YO1
500279651002064,YO1
500279651002065,YO1
500279651002066,YO1
500279651002067,YO1
500279651002068,YO1
500279651002069,YO1
500279651002070,YO1
500279651002071,YO1
500279651002072,YO1
500279651002073,YO1
500279651002074,YO1
500279651002075,YO1
500279651002076,YO1
500279651002077,YO1
500279651002078,YO1
500279651002079,YO1
500279651002080,YO1
500279651002081,YO1
500279651002082,YO1
500279651002083,YO1
500279651002084,YO1
500279651002085,YO1
500279651002086,YO1
500279651002087,YO1
500279651002088,YO1
500279651002089,YO1
500279651002090,YO1
500279651002091,YO1
500279651002092,YO1
500279651002093,YO1
500279651003000,YO1
500279651003001,YO1
500279651003002,YO1
500279651003003,YO1
500279651003004,YO1
500279651003005,YO1
500279651003006,YO1
500279651003007,YO1
500279651003008,YO1
500279651003009,YO1
500279651003010,YO1
500279651003011,YO1
500279651003012,YO1
500279651003013,YO1
500279651003014,YO1
500279651003015,YO1
500279651003016,YO1
500279651003017,YO1
500279651003018,YO1
500279651003019,YO1
500279651003020,YO1
500279651003021,YO1
500279651003022,YO1
500279651003023,YO1
500279651003024,YO1
500279651003025,YO1
500279651003026,YO1
500279651003027,YO1
500279651003028,YO1
500279651003029,YO1
500279651003030,YO1
500279651003031,YO1
500279651003032,YO1
500279651003033,YO1
500279651003034,YO1
500279651003035,YO1
500279651003036,YO1
500279651003037,YO1
500279651003038,YO1
500279651003039,YO1
500279651003040,YO1
500279651003041,YO1
500279651003042,YO1
500279651003043,YO1
500279651003044,YO1
500279651003045,YO1
500279651003046,YO1
500279651003047,YO1
500279651003048,YO1
500279651003049,YO1
500279651003050,YO1
500279651003051,YO1
500279651003052,YO1
500279651003053,YO1
500279651003054,YO1
500279651003055,YO1
500279651003056,YO1
500279651003057,YO1
500279651003058,YO1
500279651003059,YO1
500279651003060,YO1
500279651003061,YO1
500279651003062,YO1
500279651003063,YO1
500279651003064,YO1
500279651003065,YO1
500279651003066,YO1
500279651003067,YO1
500279651003068,YO1
500279652001000,Y-R
500279652001001,Y-R
500279652001002,Y-R
500279652001003,Y-R
500279652001004,Y-R
500279652001005,Y-R
500279652001006,Y-R
500279652001007,Y-R
500279652001008,Y-R
500279652001009,Y-R
500279652001010,Y-R
500279652001011,Y-R
500279652001012,Y-R
500279652001013,Y-R
500279652001014,Y-R
500279652001015,Y-R
500279652001016,Y-R
500279652001017,Y-R
500279652001018,Y-R
500279652001019,Y-R
500279652001020,Y-R
500279652001021,Y-R
500279652001022,Y-R
500279652001023,Y-R
500279652001024,Y-R
500279652001025,Y-R
500279652001026,Y-R
500279652001027,Y-R
500279652001028,Y-R
500279652001029,Y-R
500279652001030,Y-R
500279652001031,Y-R
500279652001032,Y-R
500279652001033,Y-R
500279652001034,Y-R
500279652001035,Y-R
500279652001036,Y-R
500279652001037,Y-R
500279652001038,Y-R
500279652001039,Y-R
500279652001040,Y-R
500279652001041,Y-R
500279652001042,Y-R
500279652001043,Y-R
500279652001044,Y-R
500279652001045,Y-R
500279652001046,Y-R
500279652001047,Y-R
500279652001048,Y-R
500279652001049,Y-R
500279652001050,Y-R
500279652001051,Y-R
500279652001052,Y-R
500279652001053,Y-R
500279652001054,Y-R
500279652001055,Y-R
500279652001056,Y-R
500279652001057,Y-R
500279652001058,Y-R
500279652001059,Y-R
500279652001060,Y-R
500279652001061,Y-R
500279652001062,Y-R
500279652001063,Y-R
500279652001064,Y-R
500279652001065,Y-R
500279652001066,Y-R
500279652001067,Y-R
500279652001068,Y-R
500279652001069,Y-R
500279652001070,Y-R
500279652001071,Y-R
500279652001072,Y-R
500279652001073,Y-R
500279652001074,Y-R
500279652001075,Y-R
500279652001076,Y-R
500279652001077,Y-R
500279652001078,Y-R
500279652001079,Y-R
500279652001080,Y-R
500279652001081,Y-R
500279652001082,Y-R
500279652001083,Y-R
500279652001084,Y-R
500279652001085,Y-R
500279652001086,Y-R
500279652001087,Y-R
500279652001088,Y-R
500279652002026,Y-R
500279652002027,Y-R
500279652002028,Y-R
500279652002029,Y-R
500279652002031,Y-R
500279652002032,Y-R
500279652002033,Y-R
500279652002034,Y-R
500279652002035,Y-R
500279652002036,Y-R
500279652002037,Y-R
500279652002038,Y-R
500279652002039,Y-R
500279652002040,Y-R
500279652002041,Y-R
500279652002042,Y-R
500279652002043,Y-R
500279652002044,Y-R
500279652002045,Y-R
500279652002046,Y-R
500279652002047,Y-R
500279652002048,Y-R
500279652002049,Y-R
500279652002050,Y-R
500279652002051,Y-R
500279652002052,Y-R
500279652002053,Y-R
500279652002054,Y-R
500279652002055,Y-R
500279652002056,Y-R
500279652002057,Y-R
500279652002062,Y-R
500279652002063,Y-R
500279652002064,Y-R
500279652002065,Y-R
500279652002066,Y-R
500279652002079,Y-R
500279652002136,Y-R
500279652002137,Y-R
500279652002138,Y-R
500279652002139,Y-R
500279652002140,Y-R
500279652002141,Y-R
500279652002142,Y-R
500279652002143,Y-R
500279652002144,Y-R
500279652002145,Y-R
500279652002146,Y-R
500279652002147,Y-R
500279652002148,Y-R
500279652002149,Y-R
500279652002150,Y-R
500279652002151,Y-R
500279652002152,Y-R
500279652002153,Y-R
500279652002154,Y-R
500279652002155,Y-R
500279652002156,Y-R
500279652002157,Y-R
500279652002158,Y-R
500279652002159,Y-R
500279652002160,Y-R
500279652002161,Y-R
500279652002162,Y-R
500279652002163,Y-R
500279652002164,Y-R
500279652002165,Y-R
500279652002166,Y-R
500279652002167,Y-R
500279652002168,Y-R
500279652002169,Y-R
500279652002170,Y-R
500279652002171,Y-R
500279652002172,Y-R
500279652002173,Y-R
500279652002174,Y-R
500279652002175,Y-R
500279652002176,Y-R
500279652002177,Y-R
500279652002178,Y-R
500279652002179,Y-R
500279652002180,Y-R
500279652002181,Y-R
500279652002182,Y-R
500279652002183,Y-R
500279652002184,Y-R
500279652002185,Y-R
500279652002186,Y-R
500279652002187,Y-R
500279652002188,Y-R
500279652002189,Y-R
500279652002190,Y-R
500279652002207,Y-R
500279652002209,Y-R
500279652002000,Y-R
500279652002001,Y-R
500279652002002,Y-R
500279652002003,Y-R
500279652002004,Y-R
500279652002005,Y-R
500279652002006,Y-R
500279652002007,Y-R
500279652002008,Y-R
500279652002009,Y-R
500279652002010,Y-R
500279652002011,Y-R
500279652002012,Y-R
500279652002013,Y-R
500279652002014,Y-R
500279652002015,Y-R
500279652002016,Y-R
500279652002017,Y-R
500279652002018,Y-R
500279652002019,Y-R
500279652002020,Y-R
500279652002021,Y-R
500279652002022,Y-R
500279652002023,Y-R
500279652002024,Y-R
500279652002025,Y-R
500279652002030,Y-R
500279652002058,Y-R
500279652002059,Y-R
500279652002060,Y-R
500279652002061,Y-R
500279652002067,Y-R
500279652002068,Y-R
500279652002069,Y-R
500279652002070,Y-R
500279652002071,Y-R
500279652002072,Y-R
500279652002073,Y-R
500279652002074,Y-R
500279652002075,Y-R
500279652002076,Y-R
500279652002077,Y-R
500279652002078,Y-R
500279652002080,Y-R
500279652002081,Y-R
500279652002082,Y-R
500279652002083,Y-R
500279652002084,Y-R
500279652002085,Y-R
500279652002086,Y-R
500279652002087,Y-R
500279652002088,Y-R
500279652002089,Y-R
500279652002090,Y-R
500279652002091,Y-R
500279652002092,Y-R
500279652002093,Y-R
500279652002094,Y-R
500279652002095,Y-R
500279652002096,Y-R
500279652002097,Y-R
500279652002098,Y-R
500279652002099,Y-R
500279652002100,Y-R
500279652002101,Y-R
500279652002102,Y-R
500279652002103,Y-R
500279652002104,Y-R
500279652002105,Y-R
500279652002106,Y-R
500279652002107,Y-R
500279652002108,Y-R
500279652002109,Y-R
500279652002110,Y-R
500279652002111,Y-R
500279652002112,Y-R
500279652002113,Y-R
500279652002114,Y-R
500279652002115,Y-R
500279652002116,Y-R
500279652002117,Y-R
500279652002118,Y-R
500279652002119,Y-R
500279652002120,Y-R
500279652002121,Y-R
500279652002122,Y-R
500279652002123,Y-R
500279652002124,Y-R
500279652002125,Y-R
500279652002126,Y-R
500279652002127,Y-R
500279652002128,Y-R
500279652002129,Y-R
500279652002130,Y-R
500279652002131,Y-R
500279652002132,Y-R
500279652002133,Y-R
500279652002134,Y-R
500279652002135,Y-R
500279652002191,Y-R
500279652002192,Y-R
500279652002193,Y-R
500279652002194,Y-R
500279652002195,Y-R
500279652002196,Y-R
500279652002197,Y-R
500279652002198,Y-R
500279652002199,Y-R
500279652002200,Y-R
500279652002201,Y-R
500279652002202,Y-R
500279652002203,Y-R
500279652002204,Y-R
500279652002205,Y-R
500279652002206,Y-R
500279652002208,Y-R
500279653001000,Y-R
500279653001001,Y-R
500279653001002,Y-R
500279653001003,Y-R
500279653001004,Y-R
500279653001005,Y-R
500279653001006,Y-R
500279653001007,Y-R
500279653001008,Y-R
500279653001009,Y-R
500279653001010,Y-R
500279653001011,Y-R
500279653001012,Y-R
500279654001000,YO2
500279654001001,YO2
500279654001002,YO2
500279654001003,YO2
500279654001004,YO2
500279654001005,YO2
500279654001006,YO2
500279654001007,YO2
500279654001008,YO2
500279654001009,YO2
500279654001010,YO2
500279654001011,YO2
500279654001012,YO2
500279654001013,YO2
500279654001014,YO2
500279654001015,YO2
500279654001016,YO2
500279654001017,YO2
500279654001018,YO2
500279654001019,YO2
500279654001020,YO2
500279654001021,YO2
500279654001022,YO2
500279654001023,YO2
500279654001024,YO2
500279654001025,YO2
500279654001026,YO2
500279654001027,YO2
500279654001028,YO2
500279654001029,YO2
500279654001030,YO2
500279654001031,YO2
500279654001032,YO2
500279654001033,YO2
500279654001034,YO2
500279654001035,YO2
500279654001036,YO2
500279654001037,YO2
500279654001038,YO2
500279654001039,YO2
500279654001040,YO2
500279654001041,YO2
500279654001042,YO2
500279654001043,YO2
500279654001044,YO2
500279654001045,YO2
500279654001046,YO2
500279654001047,YO2
500279654001048,YO2
500279654001049,YO2
500279654001050,YO2
500279654001051,YO2
500279654001052,YO2
500279654001053,YO2
500279654001054,YO2
500279654001055,YO2
500279654001056,YO2
500279654001057,YO2
500279654001058,YO2
500279654001059,YO2
500279654001060,YO2
500279654001061,YO2
500279654001062,YO2
500279654001063,YO2
500279654001064,YO2
500279654001065,YO2
500279654001066,YO2
500279654001067,YO2
500279654001068,YO2
500279654001069,YO2
500279654001070,YO2
500279654001071,YO2
500279654001072,YO2
500279654001073,YO2
500279654001074,YO2
500279654001075,YO2
500279654001076,YO2
500279654001077,YO2
500279654001078,YO2
500279654001079,YO2
500279654001080,YO2
500279654001081,YO2
500279654001082,YO2
500279654001083,YO2
500279654001084,YO2
500279654001085,YO2
500279654001086,YO2
500279654001087,YO2
500279654001088,YO2
500279654001089,YO2
500279654001090,YO2
500279654001091,YO2
500279654001092,YO2
500279654001093,YO2
500279654001094,YO2
500279654001095,YO2
500279654001096,YO2
500279654001097,YO2
500279654001098,YO2
500279654001099,YO2
500279654001100,YO2
500279654001101,YO2
500279654001102,YO2
500279654001103,YO2
500279654001104,YO2
500279654001105,YO2
500279654001106,YO2
500279654001107,YO2
500279654001108,YO2
500279654001109,YO2
500279654001110,YO2
500279654001111,YO2
500279654001112,YO2
500279654001113,YO2
500279654001114,YO2
500279654001115,YO2
500279654001116,YO2
500279654001117,YO2
500279654001118,YO2
500279654001119,YO2
500279654001120,YO2
500279654001121,YO2
500279654001122,YO2
500279654001123,YO2
500279654001124,YO2
500279654001125,YO2
500279654001126,YO2
500279654001127,YO2
500279654001128,YO2
500279654001129,YO2
500279654001130,YO2
500279654001131,YO2
500279654001132,YO2
500279654001133,YO2
500279654001134,YO2
500279654001135,YO2
500279654001136,YO2
500279654001137,YO2
500279654001138,YO2
500279654001139,YO2
500279654001140,YO2
500279654001141,YO2
500279654002000,Y41
500279654002001,Y41
500279654002002,Y41
500279654002003,Y41
500279654002004,Y41
500279654002005,Y41
500279654002006,Y41
500279654002007,Y41
500279654002008,Y41
500279654002009,Y41
500279654002010,Y41
500279654002011,Y41
500279654002012,Y41
500279654002013,Y41
500279654002014,Y41
500279654002015,Y41
500279654002016,Y41
500279654002017,Y41
500279654002018,Y41
500279654002019,Y41
500279654002020,Y41
500279654002021,Y41
500279654002022,Y41
500279654002023,Y41
500279654002024,Y41
500279654002025,Y41
500279654002026,Y41
500279654002027,Y41
500279654002028,Y41
500279654002029,Y41
500279654002030,Y41
500279654002031,Y41
500279654002032,Y41
500279654002033,Y41
500279654002034,Y41
500279654002035,Y41
500279654002036,Y41
500279654002037,Y41
500279654002038,Y41
500279654002039,Y41
500279654002040,Y41
500279654002041,Y41
500279654002042,Y41
500279654002043,Y41
500279654002044,Y41
500279654002045,Y41
500279654002046,Y41
500279654002047,Y41
500279654002048,Y41
500279654002049,Y41
500279654002050,Y41
500279654002051,Y41
500279654002052,Y41
500279654002053,Y41
500279654002054,Y41
500279654002055,Y41
500279654002056,Y41
500279654002057,Y41
500279654002058,Y41
500279654002059,Y41
500279654002060,Y41
500279654002061,Y41
500279654002062,Y41
500279654002063,Y41
500279654002064,Y41
500279654002065,Y41
500279654002066,Y41
500279654002067,Y41
500279654002068,Y41
500279654002069,Y41
500279654002070,Y41
500279654002071,Y41
500279654002072,Y41
500279654002073,Y41
500279654002074,Y41
500279654002075,Y41
500279654002076,Y41
500279654002077,Y41
500279654002078,Y41
500279654002079,Y41
500279654002080,Y41
500279654002081,Y41
500279654002082,Y41
500279654002083,Y41
500279654002084,Y41
500279654002085,Y41
500279654002086,Y41
500279654002087,Y41
500279654002088,Y41
500279654002089,Y41
500279654002090,Y41
500279654002091,Y41
500279654003000,Y41
500279654003001,Y41
500279654003002,Y41
500279654003003,Y41
500279654003004,Y41
500279654003005,Y41
500279654003006,Y41
500279654003007,Y41
500279654003008,Y41
500279654003009,Y41
500279654003010,Y41
500279654003011,Y41
500279654003012,Y41
500279654003013,Y41
500279654003014,Y41
500279654003015,Y41
500279654003016,Y41
500279654003017,Y41
500279654003018,Y41
500279654003019,Y41
500279654003020,Y41
500279654003021,Y41
500279654003022,Y41
500279654003023,Y41
500279654003024,Y41
500279654003025,Y41
500279654003026,Y41
500279654003027,Y41
500279654003028,Y41
500279654003029,Y41
500279654003030,Y41
500279654003031,Y41
500279654003032,Y41
500279654003033,Y41
500279654003034,Y41
500279654003035,Y41
500279654003036,Y41
500279654003037,Y41
500279654003038,Y41
500279654003039,Y41
500279654003040,Y41
500279654003041,Y41
500279654003042,Y41
500279654003043,Y41
500279654003044,Y41
500279654003045,Y41
500279654003046,Y41
500279654003047,Y41
500279654003048,Y41
500279654003049,Y41
500279654003050,Y41
500279654003051,Y41
500279654003052,Y41
500279654003053,Y41
500279654003054,Y41
500279654003055,Y41
500279654003056,Y41
500279654003057,Y41
500279654003058,Y41
500279654003059,Y41
500279654003060,Y41
500279654003061,Y41
500279654003062,Y41
500279654003063,Y41
500279654003064,Y41
500279654003065,Y41
500279654003066,Y41
500279654003067,Y41
500279654003068,Y41
500279654003069,Y41
500279654003070,Y41
500279654003071,Y41
500279654003072,Y41
500279654003073,Y41
500279654003074,Y41
500279654003075,Y41
500279654003076,Y41
500279654003077,Y41
500279654003078,Y41
500279654003079,Y41
500279654003080,Y41
500279654003081,Y41
500279654003082,Y41
500279654003083,Y41
500279654003084,Y41
500279654003085,Y41
500279654003086,Y41
500279654003087,Y41
500279654003088,Y41
500279654003089,Y41
500279654003090,Y41
500279654003091,Y41
500279654003092,Y41
500279654003093,Y41
500279654003094,Y41
500279654003095,Y41
500279654003096,Y41
500279654003097,Y41
500279654003098,Y41
500279654003099,Y41
500279654004000,Y-R
500279654004001,Y-R
500279654004002,Y-R
500279654004003,Y-R
500279654004004,Y-R
500279654004005,Y-R
500279654004006,Y-R
500279654004007,Y-R
500279654004008,Y-R
500279654004009,Y-R
500279654004010,Y-R
500279654004011,Y-R
500279654004012,Y-R
500279654004013,Y-R
500279654004014,Y-R
500279654004015,Y-R
500279654004016,Y-R
500279654004017,Y-R
500279654004018,Y-R
500279654004019,Y-R
500279654004020,Y-R
500279654004021,Y-R
500279654004022,Y-R
500279654004023,Y-R
500279654004024,Y-R
500279654004025,Y-R
500279654004026,Y-R
500279654004027,Y-R
500279654004028,Y-R
500279654004029,Y-R
500279654004030,Y-R
500279654004031,Y-R
500279654004032,Y-R
500279654004033,Y-R
500279654004034,Y-R
500279654004035,Y-R
500279654004036,Y-R
500279654004037,Y-R
500279654004038,Y-R
500279654004039,Y-R
500279654004040,Y-R
500279654004041,Y-R
500279654004042,Y-R
500279654004043,Y-R
500279654004044,Y-R
500279654004045,Y-R
500279654004046,Y-R
500279654004047,Y-R
500279654004048,Y-R
500279654004049,Y-R
500279654004050,Y-R
500279654004051,Y-R
500279654004052,Y-R
500279654004053,Y-R
500279654004054,Y-R
500279654004055,Y-R
500279654004056,Y-R
500279654004057,Y-R
500279654004058,Y-R
500279654004059,Y-R
500279654004060,Y-R
500279654004061,Y-R
500279654004062,Y-R
500279654004063,Y-R
500279654004064,Y-R
500279654004065,Y-R
500279654004066,Y-R
500279654004067,Y-R
500279654004068,Y-R
500279654004069,Y-R
500279654004070,Y-R
500279654004071,Y-R
500279654004072,Y-R
500279654004073,Y-R
500279654004074,Y-R
500279654004075,Y-R
500279654004076,Y-R
500279654004077,Y-R
500279654004078,Y-R
500279654004079,Y-R
500279654004080,Y-R
500279654004081,Y-R
500279654004082,Y-R
500279657001000,Y-1
500279657001001,Y-1
500279657001002,Y-1
500279657001003,Y-1
500279657001004,Y-1
500279657001005,Y-1
500279657001006,Y-1
500279657001007,Y-1
500279657001008,Y-1
500279657001009,Y-1
500279657001010,Y-1
500279657001011,Y-1
500279657001012,Y-1
500279657001013,Y-1
500279657001014,Y-1
500279657001015,Y-1
500279657001016,Y-1
500279657001017,Y-1
500279657001018,Y-1
500279657001019,Y-1
500279657001020,Y-1
500279657001021,Y-1
500279657001022,Y-1
500279657001023,Y-1
500279657001024,Y-1
500279657001025,Y-1
500279657001026,Y-1
500279657001027,Y-1
500279657001028,Y-1
500279657001029,Y-1
500279657001030,Y-1
500279657001031,Y-1
500279657001032,Y-1
500279657001033,Y-1
500279657001034,Y-1
500279657001035,Y-1
500279657001036,Y-1
500279657001037,Y-1
500279657001038,Y-1
500279657001039,Y-1
500279657001040,Y-1
500279657001041,Y-1
500279657001042,Y-1
500279657001043,Y-1
500279657001044,Y-1
500279657001045,Y-1
500279657001046,Y-1
500279657001047,Y-1
500279657001048,Y-1
500279657001049,Y-1
500279657001050,Y-1
500279657001051,Y-1
500279657001052,Y-1
500279657001053,Y-1
500279657001054,Y-1
500279657001055,Y-1
500279657001056,Y-1
500279657001057,Y-1
500279657001058,Y-1
500279657001059,Y-1
500279657001060,Y-1
500279657001061,Y-1
500279657001062,Y-1
500279657001063,Y-1
500279657001064,Y-1
500279657001065,Y-1
500279657001066,Y-1
500279657001067,Y-1
500279657002000,Y-1
500279657002001,Y-1
500279657002002,Y-1
500279657002003,Y-1
500279657002004,Y-1
500279657002005,Y-1
500279657002006,Y-1
500279657002007,Y-1
500279657002008,Y-1
500279657002009,Y-1
500279657002010,Y-1
500279657002011,Y-1
500279657002012,Y-1
500279657002013,Y-1
500279657002014,Y-1
500279657002015,Y-1
500279657002016,Y-1
500279657002017,Y-1
500279657002018,Y-1
500279657002019,Y-1
500279657002020,Y-1
500279657002021,Y-1
500279657002022,Y-1
500279657002023,Y-1
500279657002024,Y-1
500279657002025,Y-1
500279657002026,Y-1
500279657002027,Y-1
500279657002028,Y-1
500279657002029,Y-1
500279657002030,Y-1
500279657002031,Y-1
500279657002032,Y-1
500279657002033,Y-1
500279657002034,Y-1
500279657002035,Y-1
500279657002036,Y-1
500279657003000,Y-1
500279657003001,Y-1
500279657003002,Y-1
500279657003003,Y-1
500279657003004,Y-1
500279657003005,Y-1
500279657003006,Y-1
500279657003007,Y-1
500279657003008,Y-1
500279657003009,Y-1
500279657003010,Y-1
500279657003011,Y-1
500279657003012,Y-1
500279657003013,Y-1
500279657003014,Y-1
500279657003015,Y-1
500279657003016,Y-1
500279657003017,Y-1
500279657003018,Y-1
500279657003019,Y-1
500279657003020,Y-1
500279657003021,Y-1
500279657003022,Y-1
500279657003023,Y-1
500279657003024,Y-1
500279657003025,Y-1
500279657003026,Y-1
500279657003027,Y-1
500279657003028,Y-1
500279657003029,Y-1
500279657003030,Y-1
500279657003031,Y-1
500279657003032,Y-1
500279657003033,Y-1
500279657003034,Y-1
500279657003035,Y-1
500279657003036,Y-1
500279657003037,Y-1
500279657003038,Y-1
500279657003039,Y-1
500279657003040,Y-1
500279657003041,Y-1
500279657003042,Y-1
500279657003043,Y-1
500279657003044,Y-1
500279657003045,Y-1
500279657003046,Y-1
500279657003047,Y-1
500279657003048,Y-1
500279657003049,Y-1
500279657003050,Y-1
500279657003051,Y-1
500279657003052,Y-1
500279657003053,Y-1
500279657003054,Y-1
500279657003055,Y-1
500279657003056,Y-1
500279657003057,Y-1
500279657003058,Y-1
500279657003059,Y-1
500279657003060,Y-1
500279657003061,Y-1
500279657003062,Y-1
500279657003063,Y-1
500279657003064,Y-1
500279657003065,Y-1
500279657003066,Y-1
500279657003067,Y-1
500279657003068,Y-1
500279657003069,Y-1
500279657003070,Y-1
500279657003071,Y-1
500279657003072,Y-1
500279657003073,Y-1
500279657003074,Y-1
500279657003075,Y-1
500279657003076,Y-1
500279657003077,Y-1
500279657003078,Y-1
500279657003079,Y-1
500279657003080,Y-1
500279657003081,Y-1
500279657003082,Y-1
500279657003083,Y-1
500279657003084,Y-1
500279657003085,Y-1
500279657003086,Y-1
500279657003087,Y-1
500279657003088,Y-1
500279657003089,Y-1
500279657003090,Y-1
500279657003091,Y-1
500279657003092,Y-1
500279657003093,Y-1
500279657003094,Y-1
500279657003095,Y-1
500279657003096,Y-1
500279657003097,Y-1
500279657003098,Y-1
500279657003099,Y-1
500279657003100,Y-1
500279657003101,Y-1
500279657003102,Y-1
500279657003103,Y-1
500279657003104,Y-1
500279657003105,Y-1
500279657003106,Y-1
500279657003107,Y-1
500279658001000,Y-5
500279658001001,Y-5
500279658001002,Y-5
500279658001003,Y-5
500279658001004,Y-5
500279658001005,Y-5
500279658001006,Y-5
500279658001007,Y-5
500279658001008,Y-5
500279658001009,Y-5
500279658001010,Y-5
500279658001011,Y-5
500279658001012,Y-5
500279658001013,Y-5
500279658001014,Y-5
500279658001015,Y-5
500279658001016,Y-5
500279658001017,Y-5
500279658001018,Y-5
500279658001019,Y-5
500279658001020,Y-5
500279658001021,Y-5
500279658001022,Y-5
500279658001023,Y-5
500279658001024,Y-5
500279658001025,Y-5
500279658001026,Y-5
500279658001027,Y-5
500279658001028,Y-5
500279658001029,Y-5
500279658001030,Y-5
500279658001031,Y-5
500279658001032,Y-5
500279658001033,Y-5
500279658001034,Y-5
500279658001035,Y-5
500279658001036,Y-5
500279658001037,Y-5
500279658001038,Y-5
500279658001039,Y-5
500279658001040,Y-5
500279658001041,Y-5
500279658001042,Y-5
500279658001043,Y-5
500279658001044,Y-5
500279658001045,Y-5
500279658001046,Y-5
500279658001047,Y-5
500279658001048,Y-5
500279658001049,Y-5
500279658001050,Y-5
500279658001051,Y-5
500279658001052,Y-5
500279658001053,Y-5
500279658001054,Y-5
500279658001055,Y-5
500279658001056,Y-5
500279658001057,Y-5
500279658001058,Y-5
500279658001059,Y-5
500279658001060,Y-5
500279658001061,Y-5
500279658001062,Y-5
500279658001063,Y-5
500279658001064,Y-5
500279658001065,Y-5
500279658001066,Y-5
500279658001067,Y-5
500279658001068,Y-5
500279658001069,Y-5
500279658001070,Y-5
500279658001071,Y-5
500279658001072,Y-5
500279658001073,Y-5
500279658001074,Y-5
500279658001075,Y-5
500279658001076,Y-5
500279658001077,Y-5
500279658001078,Y-5
500279658001079,Y-5
500279658001080,Y-5
500279658001081,Y-5
500279658001082,Y-5
500279658001083,Y-5
500279658001084,Y-5
500279658001085,Y-5
500279658001086,Y-5
500279658002000,Y-5
500279658002001,Y-5
500279658002002,Y-5
500279658002003,Y-5
500279658002004,Y-5
500279658002005,Y-5
500279658002006,Y-5
500279658002007,Y-5
500279658002008,Y-5
500279658002009,Y-5
500279658002010,Y-5
500279658002011,Y-5
500279658002012,Y-5
500279658002013,Y-5
500279658002014,Y-5
500279658002015,Y-5
500279658002016,Y-5
500279658002017,Y-5
500279658002018,Y-5
500279658002019,Y-5
500279658002020,Y-5
500279658002021,Y-5
500279658002022,Y-5
500279658002023,Y-5
500279658002024,Y-5
500279658002025,Y-5
500279658002026,Y-5
500279658002027,Y-5
500279658002028,Y-5
500279658002029,Y-5
500279658002030,Y-5
500279658002031,Y-5
500279658002032,Y-5
500279658002033,Y-5
500279658002034,Y-5
500279658002035,Y-5
500279658002036,Y-5
500279658002037,Y-5
500279658002038,Y-5
500279658002039,Y-5
500279658002040,Y-5
500279658002041,Y-5
500279658002042,Y-5
500279658002043,Y-5
500279658002044,Y-5
500279658002045,Y-5
500279658002046,Y-5
500279658002047,Y-5
500279658002048,Y-5
500279658002049,Y-5
500279658002050,Y-5
500279658002051,Y-5
500279658002052,Y-5
500279658002053,Y-5
500279658002054,Y-5
500279658002055,Y-5
500279658002056,Y-5
500279658002057,Y-5
500279658002058,Y-5
500279658002059,Y-5
500279658002060,Y-5
500279658002061,Y-5
500279658002062,Y-5
500279658002063,Y-5
500279658002064,Y-5
500279658002065,Y-5
500279658002066,Y-5
500279658002067,Y-5
500279658002068,Y-5
500279658002069,Y-5
500279658002070,Y-5
500279658002071,Y-5
500279658002072,Y-5
500279658002073,Y-5
500279658002074,Y-5
500279658002075,Y-5
500279658002076,Y-5
500279658002077,Y-5
500279658002078,Y-5
500279658002079,Y-5
500279658002080,Y-5
500279658002081,Y-5
500279658002082,Y-5
500279658002083,Y-5
500279658002084,Y-5
500279658002085,Y-5
500279658002086,Y-5
500279658002087,Y-5
500279658002088,Y-5
500279658002089,Y-5
500279658002090,Y-5
500279658002091,Y-5
500279658002092,Y-5
500279658002093,Y-5
500279658002094,Y-5
500279658002095,Y-5
500279658002096,Y-5
500279658002097,Y-5
500279658002098,Y-5
500279658002099,Y-5
500279658002100,Y-5
500279658002101,Y-5
500279658002102,Y-5
500279658002103,Y-5
500279658002104,Y-5
500279658002105,Y-5
500279658002106,Y-5
500279658002107,Y-5
500279658002108,Y-5
500279658002109,Y-5
500279658002110,Y-5
500279658002111,Y-5
500279658002112,Y-5
500279658002113,Y-5
500279658002114,Y-5
500279658002115,Y-5
500279658002116,Y-5
500279658002117,Y-5
500279658002118,Y-5
500279658002119,Y-5
500279658002120,Y-5
500279658002121,Y-5
500279658002122,Y-5
500279658002123,Y-5
500279658002124,Y-5
500279658002125,Y-5
500279658002126,Y-5
500279658002127,Y-5
500279658002128,Y-5
500279658002129,Y-5
500279658002130,Y-5
500279658002131,Y-5
500279658002132,Y-5
500279658002133,Y-5
500279658002134,Y-5
500279658002135,Y-5
500279658002136,Y-5
500279658002137,Y-5
500279658002138,Y-5
500279658002139,Y-5
500279658002140,Y-5
500279658002141,Y-5
500279658002142,Y-5
500279659001000,R-W
500279659001001,R-W
500279659001002,R-W
500279659001003,R-W
500279659001004,R-W
500279659001005,R-W
500279659001006,R-W
500279659001007,R-W
500279659001008,R-W
500279659001009,R-W
500279659001010,R-W
500279659001011,R-W
500279659001012,R-W
500279659001013,R-W
500279659001014,R-W
500279659001015,R-W
500279659001016,R-W
500279659001017,R-W
500279659001018,R-W
500279659001019,R-W
500279659001020,R-W
500279659001021,R-W
500279659001022,R-W
500279659001023,R-W
500279659001024,R-W
500279659001025,R-W
500279659001026,R-W
500279659001027,R-W
500279659001028,R-W
500279659001029,R-W
500279659001030,R-W
500279659001031,R-W
500279659001032,R-W
500279659001033,R-W
500279659001034,R-W
500279659001035,R-W
500279659001036,R-W
500279659001037,R-W
500279659001038,R-W
500279659001039,R-W
500279659001040,R-W
500279659001041,R-W
500279659001042,R-W
500279659001043,R-W
500279659001044,R-W
500279659001045,R-W
500279659001046,R-W
500279659001047,R-W
500279659001048,R-W
500279659001049,R-W
500279659001050,R-W
500279659001051,R-W
500279659001052,R-W
500279659001053,R-W
500279659001054,R-W
500279659001055,R-W
500279659001056,R-W
500279659001057,R-W
500279659001058,R-W
500279659001059,R-W
500279659001060,R-W
500279659001061,R-W
500279659001062,R-W
500279659001063,R-W
500279659001064,R-W
500279659001065,R-W
500279659001066,R-W
500279659001067,R-W
500279659001068,R-W
500279659001069,R-W
500279659001070,R-W
500279659001071,R-W
500279659001072,R-W
500279659001073,R-W
500279659001074,R-W
500279659001075,R-W
500279659001076,R-W
500279659001077,R-W
500279659001078,R-W
500279659001079,R-W
500279659001080,R-W
500279659001081,R-W
500279659001082,R-W
500279659001083,R-W
500279659001084,R-W
500279659001085,R-W
500279659001086,R-W
500279659001087,R-W
500279659001088,R-W
500279659001089,R-W
500279659001090,R-W
500279659001091,R-W
500279659002000,Y-5
500279659002001,Y-5
500279659002002,Y-5
500279659002003,Y-5
500279659002004,Y-5
500279659002005,Y-5
500279659002006,Y-5
500279659002007,Y-5
500279659002008,Y-5
500279659002009,Y-5
500279659002010,Y-5
500279659002011,Y-5
500279659002012,Y-5
500279659002013,Y-5
500279659002014,Y-5
500279659002015,Y-5
500279659002016,Y-5
500279659002017,Y-5
500279659002018,Y-5
500279659002019,Y-5
500279659002020,Y-5
500279659002021,Y-5
500279659002022,Y-5
500279659002023,Y-5
500279659002024,Y-5
500279659002025,Y-5
500279659002026,Y-5
500279659002027,Y-5
500279659002028,Y-5
500279659002029,Y-5
500279659002030,Y-5
500279659002031,Y-5
500279659002032,Y-5
500279659002033,Y-5
500279659002034,Y-5
500279659002035,Y-5
500279659002036,Y-5
500279659002037,Y-5
500279659002038,Y-5
500279659002039,Y-5
500279659002040,Y-5
500279659002041,Y-5
500279659002042,Y-5
500279659002043,Y-5
500279659002044,Y-5
500279659002045,Y-5
500279659002046,Y-5
500279659002047,Y-5
500279659002048,Y-5
500279659002049,Y-5
500279659002050,Y-5
500279659002051,Y-5
500279659002052,Y-5
500279659002053,Y-5
500279659002054,Y-5
500279659002055,Y-5
500279659002056,Y-5
500279659002057,Y-5
500279659002058,Y-5
500279659002059,Y-5
500279659002060,Y-5
500279659002061,Y-5
500279659002062,Y-5
500279659002063,Y-5
500279659002064,Y-5
500279659002065,Y-5
500279659002066,Y-5
500279659002067,Y-5
500279659002068,Y-5
500279659002069,Y-5
500279659002070,Y-5
500279659002071,Y-5
500279659002072,Y-5
500279659002073,Y-5
500279659002074,Y-5
500279659002075,Y-5
500279659002076,Y-5
500279659002077,Y-5
500279659002078,Y-5
500279659002079,Y-5
500279659002080,Y-5
500279659002081,Y-5
500279659002082,Y-5
500279659002083,Y-5
500279659002084,Y-5
500279659002085,Y-5
500279659002086,Y-5
500279659002087,Y-5
500279659002088,Y-5
500279659002089,Y-5
500279659002090,Y-5
500279659002091,Y-5
500279659002092,Y-5
500279659002093,Y-5
500279659002094,Y-5
500279659002095,Y-5
500279659002096,Y-5
500279659002097,Y-5
500279659002098,Y-5
500279659002099,Y-5
500279659002100,Y-5
500279659002101,Y-5
500279659002102,Y-5
500279659002103,Y-5
500279659002104,Y-5
500279659002105,Y-5
500279659002106,Y-5
500279659002107,Y-5
500279659002108,Y-5
500279659002109,Y-5
500279659002110,Y-5
500279659002111,Y-5
500279659002112,Y-5
500279659002113,Y-5
500279659002114,Y-5
500279659002115,Y-5
500279659002116,Y-5
500279659002117,Y-5
500279659002118,Y-5
500279659002119,Y-5
500279659002120,Y-5
500279659002121,Y-5
500279659002122,Y-5
500279659002123,Y-5
500279659002124,Y-5
500279659002125,Y-5
500279659002126,Y-5
500279659002127,Y-5
500279659003000,Y-5
500279659003001,Y-5
500279659003002,Y-5
500279659003003,Y-5
500279659003004,Y-5
500279659003005,Y-5
500279659003006,Y-5
500279659003007,Y-5
500279659003008,Y-5
500279659003009,Y-5
500279659003010,Y-5
500279659003011,Y-5
500279659003012,Y-5
500279659003013,Y-5
500279659003014,Y-5
500279659003015,Y-5
500279659003016,Y-5
500279659003017,Y-5
500279659003018,Y-5
500279659003019,Y-5
500279659003020,Y-5
500279659003021,Y-5
500279659003022,Y-5
500279659003023,Y-5
500279659003024,Y-5
500279659003025,Y-5
500279659003026,Y-5
500279659003027,Y-5
500279659003028,Y-5
500279659003029,Y-5
500279659003030,Y-5
500279659003031,Y-5
500279659003032,Y-5
500279659003033,Y-5
500279659003034,Y-5
500279659003035,Y-5
500279659003036,Y-5
500279659003037,Y-5
500279659003038,Y-5
500279659003039,Y-5
500279659003040,Y-5
500279659003041,Y-5
500279659003042,Y-5
500279659003043,Y-5
500279659003044,Y-5
500279659003045,Y-5
500279659003046,Y-5
500279659003047,Y-5
500279659003048,Y-5
500279659003049,Y-5
500279659003050,Y-5
500279659003051,Y-5
500279659003052,Y-5
500279659003053,Y-5
500279659003054,Y-5
500279659003055,Y-5
500279659003056,Y-5
500279659003057,Y-5
500279659003058,Y-5
500279659003059,Y-5
500279659003060,Y-5
500279659003061,Y-5
500279659003062,Y-5
500279659003063,Y-5
500279659003064,Y-5
500279659003065,Y-5
500279659003066,Y-5
500279659003067,Y-5
500279659003068,Y-5
500279659003069,Y-5
500279659003070,Y-5
500279659003071,Y-5
500279659003072,Y-5
500279659003073,Y-5
500279659003074,Y-5
500279659003075,Y-5
500279659003076,Y-5
500279659003077,Y-5
500279659003078,Y-5
500279659003079,Y-5
500279659003080,Y-5
500279659003081,Y-5
500279659003082,Y-5
500279659003083,Y-5
500279659003084,Y-5
500279659003085,Y-5
500279659003086,Y-5
500279659003087,Y-5
500279659003088,Y-5
500279659003089,Y-5
500279659003090,Y-5
500279659003091,Y-5
500279659003092,Y-5
500279659003093,Y-5
500279659003094,Y-5
500279659003095,Y-5
500279659003096,Y-5
500279659004000,Y-1
500279659004001,Y-1
500279659004002,Y-1
500279659004003,Y-1
500279659004004,Y-1
500279659004005,Y-1
500279659004006,Y-1
500279659004007,Y-1
500279659004008,Y-1
500279659004009,Y-1
500279659004010,Y-1
500279659004011,Y-1
500279659004012,Y-1
500279659004013,Y-1
500279659004014,Y-1
500279659004015,Y-1
500279659004016,Y-1
500279659004017,Y-1
500279659004018,Y-1
500279659004019,Y-1
500279659004020,Y-1
500279659004021,Y-1
500279659004022,Y-1
500279659004023,Y-1
500279659004024,Y-1
500279659004025,Y-1
500279659004026,Y-1
500279659004027,Y-1
500279659004028,Y-1
500279659004029,Y-1
500279659004030,Y-1
500279659004031,Y-1
500279659004032,Y-1
500279659004033,Y-1
500279659004034,Y-1
500279659004035,Y-1
500279659004036,Y-1
500279659004037,Y-1
500279659004038,Y-1
500279659004039,Y-1
500279659004040,Y-1
500279659004041,Y-1
500279659004042,Y-1
500279659004043,Y-1
500279659004044,Y-1
500279659004045,Y-1
500279659004046,Y-1
500279659004047,Y-1
500279659004048,Y-1
500279659004049,Y-1
500279659004050,Y-1
500279659004051,Y-1
500279659004052,Y-1
500279659004053,Y-1
500279659004054,Y-1
500279659004055,Y-1
500279659004056,Y-1
500279659004057,Y-1
500279659004058,Y-1
500279659004059,Y-1
500279659004060,Y-1
500279659004061,Y-1
500279659004062,Y-1
500279659004063,Y-1
500279659004064,Y-1
500279659004065,Y-1
500279659004066,Y-1
500279659004067,Y-1
500279659004068,Y-1
500279659004069,Y-1
500279659004070,Y-1
500279659004071,Y-1
500279659004072,Y-1
500279659004073,Y-1
500279659004074,Y-1
500279659004075,Y-1
500279659004076,Y-1
500279659004077,Y-1
500279659004078,Y-1
500279659004079,Y-1
500279659004080,Y-1
500279659004081,Y-1
500279659004082,Y-1
500279659004083,Y-1
500279659004084,Y-1
500279659004085,Y-1
500279659004086,Y-1
500279659004087,Y-1
500279659004088,Y-1
500279659004089,Y-1
500279659004090,Y-1
500279659004091,Y-1
500279659004092,Y-1
500279659004093,Y-1
500279659004094,Y-1
500279659004095,Y-1
500279659004096,Y-1
500279659004097,Y-1
500279659004098,Y-1
500279659004099,Y-1
500279659004100,Y-1
500279659004101,Y-1
500279659004102,Y-1
500279659004103,Y-1
500279660001000,Y-1
500279660001001,Y-1
500279660001002,Y-1
500279660001003,Y-1
500279660001004,Y-1
500279660001005,Y-1
500279660001006,Y-1
500279660001007,Y-1
500279660001008,Y-1
500279660001009,Y-1
500279660001010,Y-1
500279660001011,Y-1
500279660001012,Y-1
500279660001013,Y-1
500279660001014,Y-1
500279660001015,Y-1
500279660001016,Y-1
500279660001017,Y-1
500279660001018,Y-1
500279660001019,Y-1
500279660001020,Y-1
500279660001021,Y-1
500279660001022,Y-1
500279660001023,Y-1
500279660001024,Y-1
500279660001025,Y-1
500279660001026,Y-1
500279660001027,Y-1
500279660001028,Y-1
500279660001029,Y-1
500279660001030,Y-1
500279660001031,Y-1
500279660001032,Y-1
500279660002000,Y-1
500279660002001,Y-1
500279660002002,Y-1
500279660002003,Y-1
500279660002004,Y-1
500279660002005,Y-1
500279660002006,Y-1
500279660002007,Y-1
500279660002008,Y-1
500279660002009,Y-1
500279660002010,Y-1
500279660002011,Y-1
500279660002012,Y-1
500279660002013,Y-1
500279660002014,Y-1
500279660002015,Y-1
500279660002016,Y-1
500279660002017,Y-1
500279660002018,Y-1
500279660002019,Y-1
500279660002020,Y-1
500279660002021,Y-1
500279660002022,Y-1
500279660002023,Y-1
500279660002024,Y-1
500279660002025,Y-1
500279660002026,Y-1
500279660002027,Y-1
500279660002028,Y-1
500279660002029,Y-1
500279660003000,Y-1
500279660003001,Y-1
500279660003002,Y-1
500279660003003,Y-1
500279660003004,Y-1
500279660003005,Y-1
500279660003006,Y-1
500279660003007,Y-1
500279660003008,Y-1
500279660003009,Y-1
500279660003010,Y-1
500279660003011,Y-1
500279660003012,Y-1
500279660003013,Y-1
500279660003014,Y-1
500279660003015,Y-1
500279660003016,Y-1
500279660003017,Y-1
500279660003018,Y-1
500279660003019,Y-1
500279660003020,Y-1
500279660003021,Y-1
500279660003022,Y-1
500279660003023,Y-1
500279660003024,Y-1
500279660003025,Y-1
500279660003026,Y-1
500279660003027,Y-1
500279660003028,Y-1
500279660003029,Y-1
500279660003030,Y-1
500279660003031,Y-1
500279660003032,Y-1
500279660004000,Y-1
500279660004001,Y-1
500279660004002,Y-1
500279660004003,Y-1
500279660004004,Y-1
500279660004005,Y-1
500279660004006,Y-1
500279660004007,Y-1
500279660004008,Y-1
500279660004009,Y-1
500279660004010,Y-1
500279660004011,Y-1
500279660004012,Y-1
500279660004013,Y-1
500279660004014,Y-1
500279660004015,Y-1
500279660004016,Y-1
500279660004017,Y-1
500279660004018,Y-1
500279660004019,Y-1
500279660004020,Y-1
500279660004021,Y-1
500279660004022,Y-1
500279660004023,Y-1
500279660004024,Y-1
500279660004025,Y-1
500279660004026,Y-1
500279660004027,Y-1
500279660004028,Y-1
500279660004029,Y-1
500279660004030,Y-1
500279660004031,Y-1
500279660004032,Y-1
500279660004033,Y-1
500279660004034,Y-1
500279660004035,Y-1
500279660004036,Y-1
500279660004037,Y-1
500279660004038,Y-1
500279660004039,Y-1
500279660004040,Y-1
500279660004041,Y-1
500279660004042,Y-1
500279660004043,Y-1
500279660004044,Y-1
500279660004045,Y-1
500279660004046,Y-1
500279660004047,Y-1
500279660004048,Y-1
500279660004049,Y-1
500279660004050,Y-1
500279660004051,Y-1
500279660004052,Y-1
500279660004053,Y-1
500279660004054,Y-1
500279660004055,Y-1
500279660004056,Y-1
500279660004057,Y-1
500279660004058,Y-1
500279660004059,Y-1
500279660004060,Y-1
500279660004061,Y-1
500279660004062,Y-1
500279660004063,Y-1
500279660004064,Y-1
500279660004065,Y-1
500279660004066,Y-1
500279660004067,Y-1
500279660004068,Y-1
500279660004069,Y-1
500279660004070,Y-1
500279661001000,Y-2
500279661001001,Y-2
500279661001002,Y-2
500279661001003,Y-2
500279661001004,Y-2
500279661001005,Y-2
500279661001006,Y-2
500279661001007,Y-2
500279661001008,Y-2
500279661001009,Y-2
500279661001010,Y-2
500279661001011,Y-2
500279661001012,Y-2
500279661001013,Y-2
500279661001014,Y-2
500279661001015,Y-2
500279661001016,Y-2
500279661001017,Y-2
500279661001018,Y-2
500279661001019,Y-2
500279661001020,Y-2
500279661001021,Y-2
500279661001022,Y-2
500279661001023,Y-2
500279661001024,Y-2
500279661001025,Y-2
500279661001026,Y-2
500279661001027,Y-2
500279661001028,Y-2
500279661001029,Y-2
500279661001030,Y-2
500279661001031,Y-2
500279661001032,Y-2
500279661001033,Y-2
500279661001034,Y-2
500279661001035,Y-2
500279661001036,Y-2
500279661001037,Y-2
500279661001038,Y-2
500279661001039,Y-2
500279661001040,Y-2
500279661001041,Y-2
500279661001042,Y-2
500279661001043,Y-2
500279661001044,Y-2
500279661001045,Y-2
500279661001046,Y-2
500279661001047,Y-2
500279661001048,Y-2
500279661001049,Y-2
500279661001050,Y-2
500279661001051,Y-2
500279661001052,Y-2
500279661001053,Y-2
500279661001054,Y-2
500279661001055,Y-2
500279661001056,Y-2
500279661001057,Y-2
500279661001058,Y-2
500279661001059,Y-2
500279661001060,Y-2
500279661001061,Y-2
500279661001062,Y-2
500279661001063,Y-2
500279661001064,Y-2
500279661001065,Y-2
500279661001066,Y-2
500279661002000,Y-2
500279661002001,Y-2
500279661002002,Y-2
500279661002003,Y-2
500279661002004,Y-2
500279661002005,Y-2
500279661002006,Y-2
500279661002007,Y-2
500279661002008,Y-2
500279661002009,Y-2
500279661002010,Y-2
500279661002011,Y-2
500279661002012,Y-2
500279661002013,Y-2
500279661002014,Y-2
500279661002015,Y-2
500279661002016,Y-2
500279661002017,Y-2
500279661002018,Y-2
500279661002019,Y-2
500279661002020,Y-2
500279661002021,Y-2
500279661002022,Y-2
500279661002023,Y-2
500279661002024,Y-2
500279661002025,Y-2
500279661002026,Y-2
500279661002027,Y-2
500279661002028,Y-2
500279661002029,Y-2
500279661002030,Y-2
500279661002031,Y-2
500279661002032,Y-2
500279661002033,Y-2
500279661002034,Y-2
500279661002035,Y-2
500279661002036,Y-2
500279661002037,Y-2
500279661002038,Y-2
500279661002039,Y-2
500279661002040,Y-2
500279661002041,Y-2
500279661002042,Y-2
500279661002043,Y-2
500279661002044,Y-2
500279661002045,Y-2
500279661002046,Y-2
500279661002047,Y-2
500279661002048,Y-2
500279661002049,Y-2
500279661002050,Y-2
500279661002051,Y-2
500279661002052,Y-2
500279661002053,Y-2
500279661002054,Y-2
500279661002055,Y-2
500279661002056,Y-2
500279661002057,Y-2
500279661002058,Y-2
500279661002059,Y-2
500279661002060,Y-2
500279661002061,Y-2
500279661002062,Y-2
500279661002063,Y-2
500279661002064,Y-2
500279661002065,Y-2
500279661002066,Y-2
500279661002067,Y-2
500279661002068,Y-2
500279661002069,Y-2
500279661002070,Y-2
500279661003000,Y-2
500279661003001,Y-2
500279661003002,Y-2
500279661003003,Y-2
500279661003004,Y-2
500279661003005,Y-2
500279661003006,Y-2
500279661003007,Y-2
500279661003008,Y-2
500279661003009,Y-2
500279661003010,Y-2
500279661003011,Y-2
500279661003012,Y-2
500279661003013,Y-2
500279661003014,Y-2
500279661003015,Y-2
500279661003016,Y-2
500279661003017,Y-2
500279661003018,Y-2
500279661003019,Y-2
500279661003020,Y-2
500279661003021,Y-2
500279661003022,Y-2
500279661003023,Y-2
500279661003024,Y-2
500279661003025,Y-2
500279661003026,Y-2
500279661003027,Y-2
500279661003028,Y-2
500279661003029,Y-2
500279661003030,Y-2
500279661003031,Y-2
500279661003032,Y-2
500279661003033,Y-2
500279661003034,Y-2
500279661003035,Y-2
500279661003036,Y-2
500279661003037,Y-2
500279661003038,Y-2
500279661003039,Y-2
500279661003040,Y-2
500279661003041,Y-2
500279661003042,Y-2
500279661003043,Y-2
500279661003044,Y-2
500279661003045,Y-2
500279661003046,Y-2
500279661003047,Y-2
500279661003048,Y-2
500279661003049,Y-2
500279661003050,Y-2
500279661003051,Y-2
500279661003052,Y-2
500279661003053,Y-2
500279661003054,Y-2
500279661003055,Y-2
500279661003056,Y-2
500279661003057,Y-2
500279661003058,Y-2
500279661003059,Y-2
500279661003060,Y-2
500279661003061,Y-2
500279661003062,Y-2
500279661003063,Y-2
500279661003064,Y-2
500279661003065,Y-2
500279661003066,Y-2
500279661003067,Y-2
500279661003068,Y-2
500279661003069,Y-2
500279661003070,Y-2
500279661003071,Y-2
500279661003072,Y-2
500279661003073,Y-2
500279661003074,Y-2
500279661003075,Y-2
500279661003076,Y-2
500279661003077,Y-2
500279661003078,Y-2
500279661003079,Y-2
500279661003080,Y-2
500279661003081,Y-2
500279661003082,Y-2
500279661003083,Y-2
500279661003084,Y-2
500279661003085,Y-2
500279661003086,Y-2
500279661003087,Y-2
500279661003088,Y-2
500279661003089,Y-2
500279661003090,Y-2
500279661003091,Y-2
500279661003092,Y-2
500279661003093,Y-2
500279661003094,Y-2
500279661003095,Y-2
500279661003096,Y-2
500279661003097,Y-2
500279661003098,Y-2
500279661003099,Y-2
500279661003100,Y-2
500279661003101,Y-2
500279661003102,Y-2
500279661003103,Y-2
500279661003104,Y-2
500279661003105,Y-2
500279661003106,Y-2
500279661003107,Y-2
500279661003108,Y-2
500279661003109,Y-2
500279661003110,Y-2
500279661003111,Y-2
500279661003112,Y-2
500279661003113,Y-2
500279662001000,Y-2
500279662001001,Y-2
500279662001002,Y-2
500279662001003,Y-2
500279662001004,Y-2
500279662001005,Y-2
500279662001006,Y-2
500279662001007,Y-2
500279662001008,Y-2
500279662001009,Y-2
500279662001010,Y-2
500279662001011,Y-2
500279662001012,Y-2
500279662001013,Y-2
500279662001014,Y-2
500279662001015,Y-2
500279662001016,Y-2
500279662001017,Y-2
500279662001018,Y-2
500279662001019,Y-2
500279662001020,Y-2
500279662001021,Y-2
500279662001022,Y-2
500279662001023,Y-2
500279662001024,Y-2
500279662001025,Y-2
500279662001026,Y-2
500279662001027,Y-2
500279662001028,Y-2
500279662001029,Y-2
500279662001030,Y-2
500279662001031,Y-2
500279662001032,Y-2
500279662001033,Y-2
500279662001034,Y-2
500279662001035,Y-2
500279662001036,Y-2
500279662001037,Y-2
500279662001038,Y-2
500279662001039,Y-2
500279662001040,Y-2
500279662001041,Y-2
500279662001042,Y-2
500279662001043,Y-2
500279662001044,Y-2
500279662001045,Y-2
500279662001046,Y-2
500279662001047,Y-2
500279662001048,Y-2
500279662001049,Y-2
500279662001050,Y-2
500279662001051,Y-2
500279662001052,Y-2
500279662001053,Y-2
500279662001054,Y-2
500279662001055,Y-2
500279662001056,Y-2
500279662001057,Y-2
500279662001058,Y-2
500279662001059,Y-2
500279662001060,Y-2
500279662001061,Y-2
500279662001062,Y-2
500279662001063,Y-2
500279662001064,Y-2
500279662001065,Y-2
500279662001066,Y-2
500279662001067,Y-2
500279662001068,Y-2
500279662001069,Y-2
500279662001070,Y-2
500279662001071,Y-2
500279662001072,Y-2
500279662001073,Y-2
500279662001074,Y-2
500279662001075,Y-2
500279662001076,Y-2
500279662002000,Y-2
500279662002001,Y-2
500279662002002,Y-2
500279662002003,Y-2
500279662002004,Y-2
500279662002005,Y-2
500279662002006,Y-2
500279662002007,Y-2
500279662002008,Y-2
500279662002009,Y-2
500279662002010,Y-2
500279662002011,Y-2
500279662002012,Y-2
500279662002013,Y-2
500279662002014,Y-2
500279662002016,Y-2
500279662002017,Y-2
500279662002018,Y-2
500279662002019,Y-2
500279662002020,Y-2
500279662002021,Y-2
500279662002022,Y-2
500279662002023,Y-2
500279662002024,Y-2
500279662002025,Y-2
500279662002026,Y-2
500279662002027,Y-2
500279662002028,Y-2
500279662002029,Y-2
500279662002030,Y-2
500279662002031,Y-2
500279662002032,Y-2
500279662002033,Y-2
500279662002034,Y-2
500279662002035,Y-2
500279662002036,Y-2
500279662002037,Y-2
500279662002038,Y-2
500279662002039,Y-2
500279662002040,Y-2
500279662002041,Y-2
500279662002042,Y-2
500279662002043,Y-2
500279662002044,Y-2
500279662002045,Y-2
500279662002046,Y-2
500279662002047,Y-2
500279662002048,Y-2
500279662002049,Y-2
500279662002050,Y-2
500279662002051,Y-2
500279662002052,Y-2
500279662002053,Y-2
500279662002054,Y-2
500279662002055,Y-2
500279662002056,Y-2
500279662002057,Y-2
500279662002058,Y-2
500279662002059,Y-2
500279662002060,Y-2
500279662002061,Y-2
500279662002062,Y-2
500279662002063,Y-2
500279662002064,Y-2
500279662002065,Y-2
500279662002066,Y-2
500279662002067,Y-2
500279662002068,Y-2
500279662002069,Y-2
500279662002070,Y-2
500279662002079,Y-2
500279662002080,Y-2
500279662002081,Y-2
500279662002082,Y-2
500279662002083,Y-2
500279662002084,Y-2
500279662002085,Y-2
500279662002087,Y-2
500279662002015,Y31
500279662002071,Y31
500279662002072,Y31
500279662002073,Y31
500279662002074,Y31
500279662002075,Y31
500279662002076,Y31
500279662002077,Y31
500279662002078,Y31
500279662002086,Y31
500279663001000,RW2
500279663001001,RW2
500279663001002,RW2
500279663001003,RW2
500279663001004,RW2
500279663001005,RW2
500279663001006,RW2
500279663001007,RW2
500279663001008,RW2
500279663001009,RW2
500279663001010,RW2
500279663001011,RW2
500279663001012,RW2
500279663001013,RW2
500279663001014,RW2
500279663001015,RW2
500279663001016,RW2
500279663001017,RW2
500279663001018,RW2
500279663001019,RW2
500279663001020,RW2
500279663001021,RW2
500279663001022,RW2
500279663001023,RW2
500279663001024,RW2
500279663001025,RW2
500279663001026,RW2
500279663001027,RW2
500279663001028,RW2
500279663001029,RW2
500279663001030,RW2
500279663001031,RW2
500279663001032,RW2
500279663001033,RW2
500279663001034,RW2
500279663001035,RW2
500279663001036,RW2
500279663001037,RW2
500279663001038,RW2
500279663001039,RW2
500279663001040,RW2
500279663001041,RW2
500279663001042,RW2
500279663001043,RW2
500279663001044,RW2
500279663001045,RW2
500279663001046,RW2
500279663001047,RW2
500279663001048,RW2
500279663001049,RW2
500279663001050,RW2
500279663001051,RW2
500279663001052,RW2
500279663001053,RW2
500279663001054,RW2
500279663001055,RW2
500279663001056,RW2
500279663001057,RW2
500279663001058,RW2
500279663001059,RW2
500279663001060,RW2
500279663001061,RW2
500279663001062,RW2
500279663001063,RW2
500279663001064,RW2
500279663001065,RW2
500279663001066,RW2
500279663001067,RW2
500279663001068,RW2
500279663001069,RW2
500279663001070,RW2
500279663001071,RW2
500279663001072,RW2
500279663001073,RW2
500279663001074,RW2
500279663001075,RW2
500279663001076,RW2
500279663001077,RW2
500279663001078,RW2
500279663001079,RW2
500279663002000,RW2
500279663002001,RW2
500279663002002,RW2
500279663002003,RW2
500279663002004,RW2
500279663002005,RW2
500279663002006,RW2
500279663002007,RW2
500279663002008,RW2
500279663002009,RW2
500279663002010,RW2
500279663002011,RW2
500279663002012,RW2
500279663002013,RW2
500279663002014,RW2
500279663002015,RW2
500279663002016,RW2
500279663002017,RW2
500279663002018,RW2
500279663002019,RW2
500279663002020,RW2
500279663002021,RW2
500279663002022,RW2
500279663002023,RW2
500279663002024,RW2
500279663002025,RW2
500279663002026,RW2
500279663002027,RW2
500279663002028,RW2
500279663002029,RW2
500279663002030,RW2
500279663002031,RW2
500279663002032,RW2
500279663002033,RW2
500279663002034,RW2
500279663002035,RW2
500279663002036,RW2
500279663002037,RW2
500279663003000,RW2
500279663003001,RW2
500279663003002,RW2
500279663003003,RW2
500279663003004,RW2
500279663003005,RW2
500279663003006,RW2
500279663003007,RW2
500279663003008,RW2
500279663003009,RW2
500279663003010,RW2
500279663003011,RW2
500279663003012,RW2
500279663003013,RW2
500279663003014,RW2
500279663003015,RW2
500279663003016,RW2
500279663003017,RW2
500279663003018,RW2
500279663003019,RW2
500279663003020,RW2
500279663003021,RW2
500279663003022,RW2
500279663003023,RW2
500279663003024,RW2
500279663003025,RW2
500279663003026,RW2
500279663003027,RW2
500279663003028,RW2
500279663003029,RW2
500279663003030,RW2
500279663003031,RW2
500279663003032,RW2
500279663003033,RW2
500279663003034,RW2
500279663003035,RW2
500279663003036,RW2
500279663003037,RW2
500279663003038,RW2
500279663003039,RW2
500279663003040,RW2
500279663003041,RW2
500279663003042,RW2
500279663003043,RW2
500279663003044,RW2
500279663003045,RW2
500279663003046,RW2
500279663003047,RW2
500279663003048,RW2
500279663003049,RW2
500279663003050,RW2
500279663003051,RW2
500279663003052,RW2
500279663003053,RW2
500279663003054,RW2
500279663003055,RW2
500279663003056,RW2
500279663003057,RW2
500279663003058,RW2
500279663003059,RW2
500279663003060,RW2
500279663003061,RW2
500279663003062,RW2
500279663003063,RW2
500279663003064,RW2
500279663003065,RW2
500279663003066,RW2
500279663003067,RW2
500279663003068,RW2
500279663003069,RW2
500279663003070,RW2
500279663003071,RW2
500279663003072,RW2
500279663003073,RW2
500279663003074,RW2
500279663003075,RW2
500279663003076,RW2
500279663003077,RW2
500279663003078,RW2
500279663003079,RW2
500279663003080,RW2
500279663003081,RW2
500279663003082,RW2
500279663003083,RW2
500279663003084,RW2
500279663003085,RW2
500279663003086,RW2
500279663003087,RW2
500279663003088,RW2
500279663003089,RW2
500279663003090,RW2
500279663003091,RW2
500279663003092,RW2
500279663003093,RW2
500279663003094,RW2
500279663003095,RW2
500279665001000,Y31
500279665001001,Y31
500279665001002,Y31
500279665001003,Y31
500279665001004,Y31
500279665001005,Y31
500279665001006,Y31
500279665001007,Y31
500279665001008,Y31
500279665001009,Y31
500279665001010,Y31
500279665001011,Y31
500279665001012,Y31
500279665001013,Y31
500279665001014,Y31
500279665001015,Y31
500279665001016,Y31
500279665001017,Y31
500279665001018,Y31
500279665001019,Y31
500279665001020,Y31
500279665001021,Y31
500279665001022,Y31
500279665001023,Y31
500279665001024,Y31
500279665001025,Y31
500279665001026,Y31
500279665001027,Y31
500279665001028,Y31
500279665001029,Y31
500279665001030,Y31
500279665001031,Y31
500279665001032,Y31
500279665001033,Y31
500279665001034,Y31
500279665001035,Y31
500279665001036,Y31
500279665001037,Y31
500279665001038,Y31
500279665001039,Y31
500279665001040,Y31
500279665001041,Y31
500279665001042,Y31
500279665001043,Y31
500279665001044,Y31
500279665001045,Y31
500279665001046,Y31
500279665001047,Y31
500279665001048,Y31
500279665001049,Y31
500279665001050,Y31
500279665001051,Y31
500279665001052,Y31
500279665001053,Y31
500279665001054,Y31
500279665001055,Y31
500279665001056,Y31
500279665001057,Y31
500279665001058,Y31
500279665001059,Y31
500279665001060,Y31
500279665001061,Y31
500279665001062,Y31
500279665001063,Y31
500279665001064,Y31
500279665001065,Y31
500279665001066,Y31
500279665001067,Y31
500279665001068,Y31
500279665001069,Y31
500279665002000,Y31
500279665002001,Y31
500279665002002,Y31
500279665002003,Y31
500279665002004,Y31
500279665002005,Y31
500279665002006,Y31
500279665002007,Y31
500279665002008,Y31
500279665002009,Y31
500279665002010,Y31
500279665002011,Y31
500279665002012,Y31
500279665002013,Y31
500279665002014,Y31
500279665002015,Y31
500279665002016,Y31
500279665002017,Y31
500279665002018,Y31
500279665002019,Y31
500279665002020,Y31
500279665002021,Y31
500279665002022,Y31
500279665002023,Y31
500279665002024,Y31
500279665002025,Y31
500279665002026,Y31
500279665002027,Y31
500279665002028,Y31
500279665002029,Y31
500279665002030,Y31
500279665002031,Y31
500279665002032,Y31
500279665002033,Y31
500279665002034,Y31
500279665002035,Y31
500279665002036,Y31
500279665002037,Y31
500279665002038,Y31
500279665002039,Y31
500279665002040,Y31
500279665002041,Y31
500279665003000,Y31
500279665003001,Y31
500279665003002,Y31
500279665003003,Y31
500279665003004,Y31
500279665003005,Y31
500279665003006,Y31
500279665003007,Y31
500279665003008,Y31
500279665003009,Y31
500279665003010,Y31
500279665003011,Y31
500279665003012,Y31
500279665003013,Y31
500279665003014,Y31
500279665003015,Y31
500279665003016,Y31
500279665003017,Y31
500279665003018,Y31
500279665003019,Y31
500279665003020,Y31
500279665003021,Y31
500279665003022,Y31
500279665003023,Y31
500279665003024,Y31
500279665003025,Y31
500279665003026,Y31
500279665003027,Y31
500279665003028,Y31
500279665003029,Y31
500279665003030,Y31
500279665003031,Y31
500279665003032,Y31
500279665003033,Y31
500279665003034,Y31
500279665003035,Y31
500279665003036,Y31
500279665003037,Y31
500279665003038,Y31
500279665003039,Y31
500279665003040,Y31
500279665003041,Y31
500279665003042,Y31
500279665003043,Y31
500279665003044,Y31
500279665003045,Y31
500279665003046,Y31
500279665003047,Y31
500279665003048,Y31
500279665003049,Y31
500279665003050,Y31
500279665003051,Y31
500279665003052,Y31
500279665003053,Y31
500279665003054,Y31
500279665003055,Y31
500279665003056,Y31
500279665003057,Y31
500279665003058,Y31
500279665003059,Y31
500279665003060,Y31
500279665003061,Y31
500279665003062,Y31
500279665003063,Y31
500279665003064,Y31
500279665003065,Y31
500279665003066,Y31
500279665003067,Y31
500279665003068,Y31
500279665003069,Y31
500279665003070,Y31
500279665003071,Y31
500279665003072,Y31
500279665003073,Y31
500279665003074,Y31
500279665003075,Y31
500279665003076,Y31
500279665003077,Y31
500279665003078,Y31
500279665003079,Y31
500279665003080,Y31
500279665003081,Y31
500279665003082,Y31
500279665003083,Y31
500279665003084,Y31
500279665003085,Y31
500279665003086,Y31
500279665003087,Y31
500279665003088,Y31
500279665003089,Y31
500279665003090,Y31
500279665003091,Y31
500279665003092,Y31
500279665003093,Y31
500279665003094,Y31
500279665003095,Y31
500279665003096,Y31
500279665003097,Y31
500279665003098,Y31
500279665003099,Y31
500279665003100,Y31
500279665003101,Y31
500279665003102,Y31
500279665003103,Y31
500279665003104,Y31
500279665003105,Y31
500279665003106,Y31
500279665003107,Y31
500279665003108,Y31
500279665003109,Y31
500279665003110,Y31
500279665003111,Y31
500279665003112,Y31
500279665003113,Y31
500279665003114,Y31
500279665003115,Y31
500279665003116,Y31
500279665003117,Y31
500279665003118,Y31
500279665003119,Y31
500279665003120,Y31
500279665003121,Y31
500279665003122,Y31
500279665003123,Y31
500279665003124,Y31
500279665003125,Y31
500279665003126,Y31
500279665003127,Y31
500279665003128,Y31
500279665003129,Y31
500279665003130,Y31
500279665003131,Y31
500279665003132,Y31
500279665003133,Y31
500279665003134,Y31
500279665003135,Y31
500279665003136,Y31
500279665003137,Y31
500279665003138,Y31
500279665003139,Y31
500279665004000,Y31
500279665004001,Y31
500279665004002,Y31
500279665004003,Y31
500279665004004,Y31
500279665004005,Y31
500279665004006,Y31
500279665004007,Y31
500279665004008,Y31
500279665004009,Y31
500279665004010,Y31
500279665004011,Y31
500279665004012,Y31
500279665004082,Y31
500279665004083,Y31
500279665004084,Y31
500279665004085,Y31
500279665004086,Y31
500279665004087,Y31
500279665004088,Y31
500279665004089,Y31
500279665004090,Y31
500279665004091,Y31
500279665004092,Y31
500279665004093,Y31
500279665004094,Y31
500279665004095,Y31
500279665004096,Y31
500279665004097,Y31
500279665004098,Y31
500279665004099,Y31
500279665004100,Y31
500279665004101,Y31
500279665004102,Y31
500279665004103,Y31
500279665004104,Y31
500279665004105,Y31
500279665004106,Y31
500279665004107,Y31
500279665004108,Y31
500279665004109,Y31
500279665004110,Y31
500279665004111,Y31
500279665004112,Y31
500279665004113,Y31
500279665004114,Y31
500279665004115,Y31
500279665004116,Y31
500279665004117,Y31
500279665004118,Y31
500279665004119,Y31
500279665004120,Y31
500279665004121,Y31
500279665004122,Y31
500279665004123,Y31
500279665004124,Y31
500279665004125,Y31
500279665004126,Y31
500279665004127,Y31
500279665004128,Y31
500279665004129,Y31
500279665004130,Y31
500279665004131,Y31
500279665004132,Y31
500279665004133,Y31
500279665004134,Y31
500279665004135,Y31
500279665004136,Y31
500279665004137,Y31
500279665004139,Y31
500279665004140,Y31
500279665004141,Y31
500279665004142,Y31
500279665004013,WBW
500279665004014,WBW
500279665004015,WBW
500279665004016,WBW
500279665004017,WBW
500279665004018,WBW
500279665004019,WBW
500279665004020,WBW
500279665004021,WBW
500279665004022,WBW
500279665004023,WBW
500279665004024,WBW
500279665004025,WBW
500279665004026,WBW
500279665004027,WBW
500279665004028,WBW
500279665004029,WBW
500279665004030,WBW
500279665004031,WBW
500279665004032,WBW
500279665004033,WBW
500279665004034,WBW
500279665004035,WBW
500279665004036,WBW
500279665004037,WBW
500279665004038,WBW
500279665004039,WBW
500279665004040,WBW
500279665004041,WBW
500279665004042,WBW
500279665004043,WBW
500279665004044,WBW
500279665004045,WBW
500279665004046,WBW
500279665004047,WBW
500279665004048,WBW
500279665004049,WBW
500279665004050,WBW
500279665004051,WBW
500279665004052,WBW
500279665004053,WBW
500279665004054,WBW
500279665004055,WBW
500279665004056,WBW
500279665004057,WBW
500279665004058,WBW
500279665004059,WBW
500279665004060,WBW
500279665004061,WBW
500279665004062,WBW
500279665004063,WBW
500279665004064,WBW
500279665004065,WBW
500279665004066,WBW
500279665004067,WBW
500279665004068,WBW
500279665004069,WBW
500279665004070,WBW
500279665004071,WBW
500279665004072,WBW
500279665004073,WBW
500279665004074,WBW
500279665004075,WBW
500279665004076,WBW
500279665004077,WBW
500279665004078,WBW
500279665004079,WBW
500279665004080,WBW
500279665004081,WBW
500279665004138,WBW
500279665004143,WBW
500279665004144,WBW
500039706001000,B-3
500039706001001,B-3
500039706001002,B-3
500039706001003,B-3
500039706001004,B-3
500039706001005,B-3
500039706001006,B-3
500039706001007,B-3
500039706001008,B-3
500039706001009,B-3
500039706001010,B-3
500039706001011,B-3
500039706001012,B-3
500039706001013,B-3
500039706001014,B-3
500039706001015,B-3
500039706001056,B-3
500039706001057,B-3
500039706001058,B-3
500039706001059,B-3
500039706001060,B-3
500039706001061,B-3
500039706001062,B-3
500039706001064,B-3
500039706001065,B-3
500039706001068,B-3
500039706001069,B-3
500039706001070,B-3
500039706001071,B-3
500039706001072,B-3
500039706001073,B-3
500039706001074,B-3
500039706001082,B-3
500039706001083,B-3
500039706001084,B-3
500039706001016,B-4
500039706001017,B-4
500039706001018,B-4
500039706001019,B-4
500039706001020,B-4
500039706001021,B-4
500039706001022,B-4
500039706001023,B-4
500039706001024,B-4
500039706001025,B-4
500039706001026,B-4
500039706001027,B-4
500039706001028,B-4
500039706001029,B-4
500039706001030,B-4
500039706001031,B-4
500039706001032,B-4
500039706001033,B-4
500039706001034,B-4
500039706001035,B-4
500039706001036,B-4
500039706001037,B-4
500039706001038,B-4
500039706001039,B-4
500039706001040,B-4
500039706001041,B-4
500039706001042,B-4
500039706001043,B-4
500039706001044,B-4
500039706001045,B-4
500039706001046,B-4
500039706001047,B-4
500039706001048,B-4
500039706001049,B-4
500039706001050,B-4
500039706001051,B-4
500039706001052,B-4
500039706001053,B-4
500039706001054,B-4
500039706001055,B-4
500039706001063,B-4
500039706001066,B-4
500039706001067,B-4
500039706001075,B-4
500039706001076,B-4
500039706001077,B-4
500039706001078,B-4
500039706001079,B-4
500039706001080,B-4
500039706001081,B-4
500039711001000,B22
500039711001001,B22
500039711001002,B22
500039711001003,B22
500039711001004,B22
500039711001005,B22
500039711001006,B22
500039711001007,B22
500039711001008,B22
500039711001009,B22
500039711001010,B22
500039711001011,B22
500039711001012,B22
500039711001013,B22
500039711001014,B22
500039711001015,B22
500039711001016,B22
500039711001017,B22
500039711001018,B22
500039711001019,B22
500039711001020,B22
500039711001021,B22
500039711001022,B22
500039711001023,B22
500039711001024,B22
500039711001025,B22
500039711001026,B22
500039711001027,B22
500039711001028,B22
500039711001029,B22
500039711001030,B22
500039711001031,B22
500039711001032,B22
500039711001033,B22
500039711001034,B22
500039711001035,B22
500039711001036,B22
500039711001037,B22
500039711001038,B22
500039711001039,B22
500039711001040,B22
500039711001041,B22
500039711001042,B22
500039711002011,B22
500039711002012,B22
500039711002013,B22
500039711002014,B22
500039711002015,B22
500039711002016,B22
500039711002017,B22
500039711002018,B22
500039711002019,B22
500039711003000,B22
500039711003001,B22
500039711003002,B22
500039711003003,B22
500039711003004,B22
500039711003005,B22
500039711003006,B22
500039711003007,B22
500039711003008,B22
500039711003009,B22
500039711003010,B22
500039711003011,B22
500039711003012,B22
500039711003013,B22
500039711003014,B22
500039711003015,B22
500039711003016,B22
500039711003017,B22
500039711003018,B22
500039711003019,B22
500039711003020,B22
500039711003021,B22
500039711003022,B22
500039711003023,B22
500039711003024,B22
500039711003025,B22
500039711003027,B22
500039711003028,B22
500039712001000,B22
500039712001001,B22
500039712001002,B22
500039712001003,B22
500039712001004,B22
500039712001005,B22
500039712001006,B22
500039712001007,B22
500039712001008,B22
500039712001009,B22
500039712001010,B22
500039712001011,B22
500039712001012,B22
500039712001013,B22
500039712001014,B22
500039712001015,B22
500039712001016,B22
500039712002005,B22
500039712002006,B22
500039712002007,B22
500039712002008,B22
500039712002009,B22
500039712002010,B22
500039712002011,B22
500039712002012,B22
500039712002013,B22
500039712002014,B22
500039712002015,B22
500039712002016,B22
500039712002017,B22
500039712002018,B22
500039712002019,B22
500039712002020,B22
500039712002021,B22
500039712002022,B22
500039712003031,B22
500039712003032,B22
500039712003033,B22
500039712003034,B22
500039712003035,B22
500039712003036,B22
500039712005002,B22
500039712005003,B22
500039712005004,B22
500039712005005,B22
500039712005006,B22
500039712005007,B22
500039712005008,B22
500039712005009,B22
500039712005010,B22
500039712006000,B22
500039712006001,B22
500039712006002,B22
500039712006003,B22
500039712006004,B22
500039712006005,B22
500039712006006,B22
500039712006007,B22
500039712006008,B22
500039712006009,B22
500039712006010,B22
500039712006011,B22
500039712006012,B22
500039712006013,B22
500039712006014,B22
500039712006015,B22
500039712006016,B22
500039712006017,B22
500039712006018,B22
500039712006019,B22
500039712006020,B22
500039712006021,B22
500039712006022,B22
500039711002005,B21
500070001001000,C61
500070001001001,C61
500070001001002,C61
500070001001003,C61
500070001001004,C61
500070001001005,C61
500070001001006,C61
500070001001007,C61
500070001001008,C61
500070001001009,C61
500070001001010,C61
500070001001011,C61
500070001001012,C61
500070001001013,C61
500070001001014,C61
500070001001015,C61
500070001001016,C61
500070001001017,C61
500070001001018,C61
500070001001019,C61
500070001001020,C61
500070001001021,C61
500070001001022,C61
500070001001023,C61
500070001001024,C61
500070001001025,C61
500070001001026,C61
500070001001027,C61
500070001001028,C61
500070001001029,C61
500070001001030,C61
500070001001031,C61
500070001001032,C61
500070001001033,C61
500070001001034,C61
500070001002010,C61
500070001002011,C61
500070001002012,C61
500070001002013,C61
500070001002014,C61
500070001002015,C61
500070001002016,C61
500070001002017,C61
500070001002018,C61
500070001002019,C61
500070001002020,C61
500070001002021,C61
500070002001000,C61
500070002001001,C61
500070002001005,C61
500070002001012,C61
500070002001013,C61
500070003001004,C61
500070003001005,C61
500070002001002,C61
500070002001003,C61
500070002001004,C61
500070002001006,C61
500070002001007,C61
500070002001008,C61
500070002001009,C61
500070002001010,C61
500070002001011,C61
500070002001014,C61
500070002002000,C61
500070002002001,C61
500070002002002,C61
500070002002003,C61
500070002002004,C61
500070002002005,C61
500070002002006,C61
500070002002007,C61
500070002002008,C61
500070002003000,C61
500070002003001,C61
500070002003002,C61
500070002003003,C61
500070002003004,C61
500070002003005,C61
500070002003006,C61
500070002003007,C61
500070002003008,C61
500070002004000,C61
500070002004001,C61
500070002004002,C61
500070002004003,C61
500070002004004,C61
500070002004005,C61
500070002004006,C61
500070002004007,C61
500070002004008,C61
500070002004009,C61
500070002004010,C61
500070001002000,C62
500070001002001,C62
500070001002002,C62
500070001002003,C62
500070001002004,C62
500070001002005,C62
500070001002006,C62
500070001002007,C62
500070001002008,C62
500070001002009,C62
500070001002022,C62
500070001002023,C62
500070001002024,C62
500070001002025,C62
500070001002026,C62
500070002003019,C62
500070002003020,C62
500070002003021,C62
500070002003022,C62
500070002004020,C62
500070002004021,C62
500070002004022,C62
500070002004023,C62
500070002004024,C62
500070002004026,C62
500070002004027,C62
500070002004028,C62
500070002004029,C62
500070003001000,C62
500070003001001,C62
500070003001002,C62
500070003001003,C62
500070003001008,C62
500070003002013,C62
500070003002014,C62
500070003002015,C62
500070003002016,C62
500070003002017,C62
500070002003009,C62
500070002003010,C62
500070002003011,C62
500070002003012,C62
500070002003013,C62
500070002003014,C62
500070002003015,C62
500070002003016,C62
500070002003017,C62
500070002003018,C62
500070002004011,C62
500070002004012,C62
500070002004013,C62
500070002004014,C62
500070002004015,C62
500070002004016,C62
500070002004017,C62
500070002004018,C62
500070002004019,C62
500070002004030,C62
500070002004031,C62
500070002003023,C62
500070002003024,C62
500070002004025,C62
500070002004032,C62
500070003001027,C62
500070003002000,C62
500070003002001,C62
500070003002002,C62
500070003002003,C62
500070003002008,C62
500070003002009,C62
500070003002010,C62
500070003002011,C62
500070003002012,C62
500070003002018,C62
500070003002019,C62
500070004003000,C62
500070004003001,C62
500070004003002,C62
500070004003003,C62
500070004003004,C62
500070010001003,C62
500070010001004,C62
500070010001005,C62
500070010001006,C62
500070010001007,C62
500070010001008,C62
500070010001009,C62
500070010001010,C62
500070010001011,C62
500070010001018,C62
500070002003025,C62
500070002003026,C62
500070002003027,C62
500070002003028,C62
500070003001006,C62
500070003001007,C62
500070003001016,C62
500070003001028,C63
500070003001029,C63
500070003001030,C63
500070003001031,C63
500070003001032,C63
500070003001033,C63
500070003002004,C63
500070003002005,C63
500070003002006,C63
500070003002007,C63
500070004001007,C63
500070004001008,C63
500070004001009,C63
500070004002000,C63
500070004002001,C63
500070004002002,C63
500070004002003,C63
500070004002004,C63
500070004002005,C63
500070004002006,C63
500070005002007,C63
500070005003002,C63
500070005003003,C63
500070005003004,C63
500070005003010,C63
500070009002000,C63
500070010001000,C63
500070010001001,C63
500070010001002,C63
500070010001012,C63
500070010001013,C63
500070010001014,C63
500070010001015,C63
500070010001016,C63
500070010001017,C63
500070010001019,C63
500070010001020,C63
500070010001021,C63
500070010001022,C63
500070010001023,C63
500070010001024,C63
500070010001025,C63
500070010001026,C63
500070010001029,C63
500070010001030,C63
500070010001027,C63
500070010001028,C63
500070010001031,C63
500070010001032,C63
500070010001033,C63
500070010001034,C63
500070010001035,C63
500070010002000,C63
500070010002001,C63
500070010002002,C63
500070003001009,C63
500070003001010,C63
500070003001011,C63
500070003001012,C63
500070003001013,C63
500070003001014,C63
500070003001015,C63
500070003001017,C63
500070003001018,C63
500070003001019,C63
500070003001020,C63
500070003001021,C63
500070003001022,C63
500070003001023,C63
500070003001024,C63
500070003001025,C63
500070004001000,C63
500070004001001,C63
500070004001002,C63
500070004001003,C63
500070004001004,C63
500070004001005,C63
500070004001006,C63
500070005001000,C63
500070005001001,C63
500070005001002,C63
500070005001003,C63
500070005001004,C63
500070005001005,C63
500070005001006,C63
500070005001007,C63
500070005002003,C63
500070009001000,C63
500070009002001,C63
500070009003000,C63
500070009003001,C63
500070008001000,C65
500070008001001,C65
500070008001002,C65
500070008001003,C65
500070008001004,C65
500070008001005,C65
500070008001006,C65
500070008001007,C65
500070008001008,C65
500070008001009,C65
500070008001010,C65
500070008001011,C65
500070008001012,C65
500070008001013,C65
500070008001014,C65
500070008001015,C65
500070009003004,C65
500070009003005,C65
500070010002003,C65
500070010002004,C65
500070010002005,C65
500070010002006,C65
500070010002007,C65
500070010002008,C65
500070010002009,C65
500070010002010,C65
500070011001000,C65
500070011001001,C65
500070011001002,C65
500070011001003,C65
500070011001004,C65
500070011001005,C65
500070011001006,C65
500070011001007,C65
500070011001008,C65
500070011001009,C65
500070011001010,C65
500070011001011,C65
500070011001012,C65
500070011001013,C65
500070011001014,C65
500070011001015,C65
500070011001016,C65
500070011001017,C65
500070011001018,C65
500070011001019,C65
500070011001020,C65
500070011001021,C65
500070011001022,C65
500070011001023,C65
500070011001024,C65
500070011001025,C65
500070011001026,C65
500070011001027,C65
500070011001028,C65
500070011001029,C65
500070011002000,C65
500070011002001,C65
500070011002002,C65
500070011002003,C65
500070011002004,C65
500070011002005,C65
500070011002006,C65
500070011002007,C65
500070011002008,C65
500070008002000,C65
500070008002001,C65
500070008002002,C65
500070008002003,C65
500070008002004,C65
500070008002005,C65
500070008002006,C65
500070008002007,C65
500070008002008,C65
500070008002009,C65
500070009001001,C65
500070009001002,C65
500070009001003,C65
500070009001004,C65
500070009001005,C65
500070009001006,C65
500070009001007,C65
500070009002002,C65
500070009002003,C65
500070009002004,C65
500070009002005,C65
500070009003002,C65
500070009003003,C65
500070039001007,C65
500070039001008,C65
500070039001009,C65
500070039001010,C65
500070039002009,C65
500070039002010,C65
500070039002011,C65
500070039002012,C65
500070039002013,C65
500070039002014,C65
500070039002015,C65
500070039002016,C65
500070039003007,C65
500070005002000,C64
500070005002001,C64
500070005002002,C64
500070005002004,C64
500070005002005,C64
500070005002006,C64
500070005002008,C64
500070003001026,C64
500070006001003,C64
500070006001004,C64
500070006001006,C64
500070006001007,C64
500070006001008,C64
500070006001009,C64
500070006001010,C64
500070006001011,C64
500070006001012,C64
500070006001013,C64
500070006001016,C64
500070006001017,C64
500070006001018,C64
500070006001019,C64
500070006001020,C64
500070006001022,C64
500070006001023,C64
500070006002000,C64
500070006002001,C64
500070006002002,C64
500070006002003,C64
500070006002004,C64
500070006002005,C64
500070006002006,C64
500070006002007,C64
500070006002008,C64
500070039002000,C64
500070039002005,C64
500070039003000,C64
500070039003001,C64
500070039003002,C64
500070039003003,C64
500070039003004,C64
500070039003005,C64
500070039003006,C64
500070039003008,C64
500070039003009,C64
500070039003010,C64
500070039003011,C64
500070039003012,C64
500070039003013,C64
500070039003014,C64
500070005003000,C66
500070005003001,C66
500070005003005,C66
500070005003006,C66
500070005003007,C66
500070005003008,C66
500070005003009,C66
500070006002009,C66
500070006002010,C66
500070039002001,C66
500070039002002,C66
500070039001000,C66
500070039001001,C66
500070039001002,C66
500070039001003,C66
500070039001004,C66
500070039001005,C66
500070039001006,C66
500070039002003,C66
500070039002004,C66
500070039002006,C66
500070039002007,C66
500070039002008,C66
500070039003015,C66
500070006001000,C67
500070006001001,C67
500070006001002,C67
500070006001005,C67
500070006001014,C67
500070006001015,C67
500070006001021,C67
500070021011000,C10
500070021011032,C10
500070021011033,C10
500070021011061,C10
500070021011062,C10
500070021011063,C10
500070021012000,C10
500070021012001,C10
500070021012002,C10
500070021012003,C10
500070021012004,C10
500070021012005,C10
500070021012006,C10
500070021012007,C10
500070021012008,C10
500070021012009,C10
500070021012010,C10
500070021012011,C10
500070021012012,C10
500070021012013,C10
500070021012014,C10
500070021012015,C10
500070021012016,C10
500070021012017,C10
500070021012018,C10
500070021012019,C10
500070021012020,C10
500070021012021,C10
500070021012022,C10
500070021012023,C10
500070021012024,C10
500070021012025,C10
500070021012026,C10
500070021012027,C10
500070021012028,C10
500070021012029,C10
500070021021000,C10
500070021021001,C10
500070021021002,C10
500070021021003,C10
500070021021004,C10
500070021021005,C10
500070021021006,C10
500070021021007,C10
500070021021008,C10
500070021021009,C10
500070021021010,C10
500070021021011,C10
500070021021014,C10
500070021021015,C10
500070021021016,C10
500070021021017,C10
500070021021018,C10
500070021021019,C10
500070021021020,C10
500070021021021,C10
500070021021022,C10
500070021021023,C10
500070021021024,C10
500070021021025,C10
500070021021026,C10
500070021021027,C10
500070021021028,C10
500070021021029,C10
500070021021030,C10
500070021021031,C10
500070021021032,C10
500070021021033,C10
500070021021034,C10
500070021021035,C10
500070021021036,C10
500070021021037,C10
500070021021038,C10
500070021022000,C10
500070021022005,C10
500070021022006,C10
500070021022007,C10
500070021022008,C10
500070021022009,C10
500070021022010,C10
500070021022011,C10
500070021022012,C10
500070021022013,C10
500070021022014,C10
500070021022015,C10
500070021022016,C10
500070021022017,C10
500070021022018,C10
500070021022019,C10
500070021022020,C10
500070021022021,C10
500070021022022,C10
500070021022023,C10
500070021022024,C10
500070021022025,C10
500070021022026,C10
500070021022027,C10
500070021022028,C10
500070021022029,C10
500070021022030,C10
500070021022031,C10
500070021022032,C10
500070021022033,C10
500070021023000,C10
500070021023001,C10
500070021023002,C10
500070021023003,C10
500070021023004,C10
500070021023005,C10
500070021023006,C10
500070021023007,C10
500070021023008,C10
500070021023009,C10
500070021023010,C10
500070021023011,C10
500070021023012,C10
500070021023013,C10
500070021023014,C10
500070021023015,C10
500070021023016,C10
500070021023017,C10
500070021023018,C10
500070021023019,C10
500070021023020,C10
500070021023021,C10
500070021023022,C10
500070021023023,C10
500070021023024,C10
500070021023025,C10
500070021023026,C10
500070021023027,C10
500070021023028,C10
500070021023029,C10
500070021023030,C10
500070021023031,C10
500070021023032,C10
500070021023033,C10
500070021023034,C10
500070021023035,C10
500070021023036,C10
500070021023037,C10
500070021023038,C10
500070021023039,C10
500070021023040,C10
500070021023041,C10
500070021023042,C10
500070021023043,C10
500070021023044,C10
500070021023045,C10
500070021023046,C10
500070021023047,C10
500070021023048,C10
500070021023049,C10
500070021023050,C10
500070021023051,C10
500070021023052,C10
500070021023053,C10
500070021023054,C10
500070021023055,C10
500070021023056,C10
500070021023057,C10
500070021023058,C10
500070021023059,C10
500070021023060,C10
500070021023061,C10
500070021024000,C10
500070021024001,C10
500070021024002,C10
500070021024003,C10
500070021024004,C10
500070021024005,C10
500070021024006,C10
500070021024007,C10
500070021024008,C10
500070021024009,C10
500070021024010,C10
500070021024011,C10
500070021024012,C10
500070021024013,C10
500070021024014,C10
500070021024015,C10
500070021024016,C10
500070021024017,C10
500070021024018,C10
500070021024019,C10
500070021024020,C10
500070021024021,C10
500070021024022,C10
500070021024023,C10
500070021024024,C10
500070021024025,C10
500070021024026,C10
500070021024027,C10
500070021024028,C10
500070021024029,C10
500070021024030,C10
500070021024031,C10
500070021024032,C10
500070021024033,C10
500070021024034,C10
500070021024035,C10
500070021024036,C10
500070021024037,C10
500070021024038,C10
500070021024039,C10
500070021024040,C10
500070021024041,C10
500070021024042,C10
500070021024043,C10
500070021024044,C10
500070021024045,C10
500070021024046,C10
500070021024047,C10
500070021024048,C10
500070021024049,C10
500070021024050,C10
500070021011001,GIC
500070021011044,GIC
500070022001000,C91
500070022001001,C91
500070022001002,C91
500070022001003,C91
500070022001004,C91
500070022001005,C91
500070022001006,C91
500070022001007,C91
500070022001008,C91
500070022001009,C91
500070022001010,C91
500070022001011,C91
500070022001012,C91
500070022001013,C91
500070022001014,C91
500070022001015,C91
500070022001016,C91
500070022001017,C91
500070022001018,C91
500070022001019,C91
500070022001020,C91
500070022001021,C91
500070022001022,C91
500070022001023,C91
500070022001024,C91
500070022001025,C91
500070022001026,C91
500070022001027,C91
500070022001028,C91
500070022001029,C91
500070022001030,C91
500070022001031,C91
500070022001032,C91
500070022001033,C91
500070022001034,C91
500070022001035,C91
500070022001036,C91
500070022001037,C91
500070022001038,C91
500070022001039,C91
500070022001040,C91
500070022001041,C91
500070022001042,C91
500070022001043,C91
500070022001044,C91
500070022001045,C91
500070022001046,C91
500070022001047,C91
500070022001048,C91
500070022001049,C91
500070022001050,C91
500070022001051,C91
500070022001052,C91
500070022001053,C91
500070022001054,C91
500070022001055,C91
500070022001056,C91
500070022001057,C91
500070022001058,C91
500070022001059,C91
500070022001060,C91
500070022001061,C91
500070022001062,C91
500070022001063,C91
500070022001064,C91
500070022001065,C91
500070022001066,C91
500070022001067,C91
500070022001068,C91
500070022001069,C91
500070022001070,C91
500070022001071,C91
500070022002000,C91
500070022002001,C91
500070022002002,C91
500070022002003,C91
500070022002004,C91
500070022002005,C91
500070022002006,C91
500070022002007,C91
500070022002008,C91
500070022002009,C91
500070022002010,C91
500070022002011,C91
500070022002012,C91
500070022002013,C91
500070022002014,C91
500070022002015,C91
500070022002016,C91
500070022002017,C91
500070022002018,C91
500070022002019,C91
500070022002020,C91
500070022002021,C91
500070022002022,C91
500070022002023,C91
500070022002024,C91
500070022002025,C91
500070022002026,C91
500070022003003,C91
500070022003004,C91
500070022003005,C91
500070022003006,C91
500070022003007,C91
500070022003008,C91
500070022003009,C91
500070022003010,C91
500070022003011,C91
500070022003012,C91
500070022003013,C91
500070022003014,C91
500070022003015,C91
500070022003016,C91
500070022003017,C91
500070022003018,C91
500070022003019,C91
500070022003020,C91
500070022003021,C91
500070022003022,C91
500070022003023,C91
500070022003024,C91
500070022003025,C91
500070022003026,C91
500070022003027,C91
500070022003028,C91
500070022003029,C91
500070022003030,C91
500070022003031,C91
500070022003032,C91
500070022003033,C91
500070022003034,C91
500070022003035,C91
500070022003036,C91
500070022003037,C91
500070022003038,C91
500070022003039,C91
500070022003040,C91
500070022003041,C91
500070022003042,C91
500070022003043,C91
500070022003044,C91
500070022003045,C91
500070022003046,C91
500070022003048,C91
500070022003049,C91
500070022003053,C91
500070022003054,C91
500070022003055,C91
500070022003060,C91
500070022003061,C91
500070022003062,C91
500070022003063,C91
500070022003064,C91
500070022003065,C91
500070022003066,C91
500070022003067,C91
500070022003068,C91
500070022003069,C91
500070022003070,C91
500070022003071,C91
500070022003072,C91
500070022003073,C91
500070022003074,C91
500070022003075,C91
500070022003076,C91
500070022003077,C91
500070022003078,C91
500070022003079,C91
500070022003080,C91
500070022003081,C91
500070022003082,C91
500070022003083,C91
500070022003084,C91
500070022003085,C91
500070022003086,C91
500070022003087,C91
500070022003088,C91
500070022003089,C91
500070022003090,C91
500070022003091,C91
500070022003092,C91
500070022003093,C91
500070022003094,C91
500070022003095,C91
500070022003096,C91
500070022003097,C91
500070022003098,C91
500070022003099,C91
500070022003100,C91
500070022003101,C91
500070022003102,C91
500070022003103,C91
500070022003104,C91
500070022003105,C91
500070022003106,C91
500070022003107,C91
500070022003108,C91
500070022003109,C91
500070022003110,C91
500070022003111,C91
500070022003112,C91
500070022003113,C91
500070022003114,C91
500070022004000,C91
500070022004001,C91
500070022004002,C91
500070022004003,C91
500070022004004,C91
500070022004005,C91
500070022004006,C91
500070022004007,C91
500070022004008,C91
500070022004009,C91
500070022004010,C91
500070022004012,C91
500070022004013,C91
500070022004014,C91
500070022004015,C91
500070022004016,C91
500070022004017,C91
500070022004018,C91
500070022004019,C91
500070022004020,C91
500070022004021,C91
500070022004022,C91
500070022005000,C91
500070022005001,C91
500070022005002,C91
500070022005003,C91
500070022005004,C91
500070022005005,C91
500070022005006,C91
500070022005007,C91
500070022005008,C91
500070022005009,C91
500070022005010,C91
500070022005011,C91
500070022005012,C91
500070022005013,C91
500070022005014,C91
500070022005015,C91
500070022005016,C91
500070022005017,C91
500070022005018,C91
500070022005019,C91
500070022005020,C91
500070022005021,C91
500070022005022,C91
500070022005023,C91
500070022005024,C91
500070022005025,C91
500070022005026,C91
500070022005027,C91
500070022005028,C91
500070022005029,C91
500070022005030,C91
500070022005031,C91
500070022005032,C91
500070022005033,C91
500070022005034,C91
500070023012000,C91
500070023012001,C91
500070023012002,C91
500070023012003,C91
500070023012004,C91
500070023012005,C91
500070023012006,C91
500070023012007,C91
500070023012008,C91
500070023012009,C91
500070023012010,C91
500070023012011,C91
500070023012012,C91
500070023012013,C91
500070023012014,C91
500070023012015,C91
500070023012016,C91
500070023012017,C91
500070023012018,C91
500070023012019,C91
500070023012020,C91
500070023012021,C91
500070023012022,C91
500070023012023,C91
500070023012024,C91
500070023012025,C91
500070023012026,C91
500070023012027,C91
500070023012028,C91
500070023012029,C91
500070023012030,C91
500070023012031,C91
500070023012032,C91
500070023012033,C91
500070023012034,C91
500070023012035,C91
500070023012036,C91
500070023012038,C91
500070023012039,C91
500070023012040,C91
500070023012041,C91
500070022003051,C91
500070022004011,C91
500070022003000,C92
500070022003001,C92
500070022003002,C92
500070022003047,C92
500070022003050,C92
500070022003052,C92
500070023011000,C92
500070023011001,C92
500070023011002,C92
500070023011003,C92
500070023011004,C92
500070023011005,C92
500070023011006,C92
500070023011007,C92
500070023011008,C92
500070023011009,C92
500070023011010,C92
500070023011011,C92
500070023011012,C92
500070023011013,C92
500070023011014,C92
500070023011015,C92
500070023011016,C92
500070023011017,C92
500070023011018,C92
500070023011019,C92
500070023011020,C92
500070023011021,C92
500070023011022,C92
500070023011023,C92
500070023011024,C92
500070023011025,C92
500070023011026,C92
500070023011027,C92
500070023011028,C92
500070023011029,C92
500070023011030,C92
500070023011031,C92
500070023011032,C92
500070023011033,C92
500070023012037,C92
500070023021000,C92
500070023021001,C92
500070023021002,C92
500070023021003,C92
500070023021004,C92
500070023021005,C92
500070023021006,C92
500070023021007,C92
500070023021008,C92
500070023021009,C92
500070023021010,C92
500070023021011,C92
500070023021012,C92
500070023021013,C92
500070023021014,C92
500070023021015,C92
500070023021016,C92
500070023021017,C92
500070023021018,C92
500070023021019,C92
500070023021020,C92
500070023021021,C92
500070023021022,C92
500070023021023,C92
500070023021024,C92
500070023021025,C92
500070023021026,C92
500070023021027,C92
500070023022000,C92
500070023022001,C92
500070023022002,C92
500070023022003,C92
500070023022004,C92
500070023022005,C92
500070023022006,C92
500070023022007,C92
500070023022008,C92
500070023022009,C92
500070023022010,C92
500070023022011,C92
500070023022012,C92
500070023022013,C92
500070023022014,C92
500070023022015,C92
500070023022016,C92
500070023022017,C92
500070023022018,C92
500070023022019,C92
500070023022020,C92
500070023022021,C92
500070023022022,C92
500070023023000,C92
500070023023001,C92
500070023023002,C92
500070023023003,C92
500070023023004,C92
500070023023005,C92
500070023023006,C92
500070023023007,C92
500070023023008,C92
500070023023009,C92
500070023023010,C92
500070023023011,C92
500070023023012,C92
500070023023013,C92
500070023023014,C92
500070023023015,C92
500070023023016,C92
500070023023017,C92
500070023023018,C92
500070023024000,C92
500070023024001,C92
500070023024002,C92
500070023024003,C92
500070023024004,C92
500070023024005,C92
500070023024006,C92
500070023024007,C92
500070023024008,C92
500070023024009,C92
500070023024010,C92
500070023024011,C92
500070023024012,C92
500070023024013,C92
500070023024014,C92
500070023024015,C92
500070023024016,C92
500070023025000,C92
500070023025001,C92
500070023025002,C92
500070023025003,C92
500070023025004,C92
500070023025005,C92
500070023025006,C92
500070023025007,C92
500070023025008,C92
500070023025009,C92
500070023025010,C92
500070023025011,C92
500070023025012,C92
500070023025013,C92
500070023025014,C92
500070023025015,C92
500070023025016,C92
500070023025017,C92
500070023025018,C92
500070023025019,C92
500070023025020,C92
500070023025021,C92
500070023025022,C92
500070023025023,C92
500070023025024,C92
500070023025025,C92
500070026011000,C82
500070026011001,C82
500070026011002,C82
500070026011003,C82
500070026011004,C82
500070026011005,C82
500070026011006,C82
500070026011007,C82
500070026011008,C82
500070026011009,C82
500070026011010,C82
500070026011011,C82
500070026011012,C82
500070026011013,C82
500070026011014,C82
500070026011015,C82
500070026011016,C82
500070026011017,C82
500070026011018,C82
500070026011019,C82
500070026011020,C82
500070026011021,C82
500070026011022,C82
500070026012001,C82
500070026012002,C82
500070026012003,C82
500070026012004,C82
500070026012005,C82
500070026012006,C82
500070026012008,C82
500070026012009,C82
500070026012010,C82
500070026012011,C82
500070026012012,C82
500070026012013,C82
500070026012014,C82
500070026012015,C82
500070026012016,C82
500070026012017,C82
500070026013001,C82
500070026013002,C82
500070026013003,C82
500070026013004,C82
500070026013005,C82
500070026013006,C82
500070026013007,C82
500070026013008,C82
500070026013009,C82
500070026013010,C82
500070026013011,C82
500070026013012,C82
500070026013013,C82
500070026013014,C82
500070026013015,C82
500070026013016,C82
500070026013017,C82
500070026013018,C82
500070026013019,C82
500070026013020,C82
500070026013021,C82
500070026013022,C82
500070026014001,C82
500070026014002,C82
500070026014003,C82
500070026014004,C82
500070026014005,C82
500070026014006,C82
500070026014007,C82
500070026014008,C82
500070026014009,C82
500070026014010,C82
500070026014011,C82
500070026014012,C82
500070026014013,C82
500070026014014,C82
500070026014015,C82
500070026021000,C82
500070026021001,C82
500070026021002,C82
500070026021003,C82
500070026021004,C82
500070026021005,C82
500070026021006,C82
500070026021007,C82
500070026021008,C82
500070026021009,C82
500070026021010,C82
500070026021011,C82
500070026021012,C82
500070026021013,C82
500070026021014,C82
500070026021015,C82
500070026021016,C82
500070026021017,C82
500070026022000,C82
500070026022001,C82
500070026022002,C82
500070026022003,C82
500070026022004,C82
500070026022005,C82
500070026022006,C82
500070026022007,C82
500070026022008,C82
500070026022009,C82
500070026022010,C82
500070026022011,C82
500070026023001,C82
500070026023002,C82
500070026023003,C82
500070026023004,C82
500070026023005,C82
500070026023006,C82
500070026023007,C82
500070026023008,C82
500070026023009,C82
500070026023010,C82
500070026023012,C82
500070026023013,C82
500070026023014,C82
500070026023015,C82
500070026023016,C82
500070026023017,C82
500070026023018,C82
500070026023019,C82
500070026023020,C82
500070026023021,C82
500070026023022,C82
500070026023023,C82
500070026023024,C82
500070026023025,C82
500070026023026,C82
500070026023027,C82
500070026023028,C82
500070026023029,C82
500070026023030,C82
500070026023031,C82
500070026023032,C82
500070026023033,C82
500070026023034,C82
500070026011023,C81
500070026012007,C81
500070026013000,C81
500070026014000,C81
500070033011000,C72
500070033011001,C72
500070033011002,C72
500070033011003,C72
500070033011004,C72
500070033011005,C72
500070033011006,C72
500070033011007,C72
500070033011008,C72
500070033011009,C72
500070033011010,C72
500070033011011,C72
500070033011012,C72
500070033011013,C72
500070033011014,C72
500070033011015,C72
500070033011016,C72
500070033011017,C72
500070033011018,C72
500070033011019,C72
500070033011020,C72
500070033011021,C72
500070033011022,C72
500070033011023,C72
500070033011024,C72
500070033011025,C72
500070033011026,C72
500070033011027,C72
500070033011028,C72
500070033011033,C72
500070033011034,C72
500070033011035,C72
500070033011036,C72
500070033011037,C72
500070033011038,C72
500070033011039,C72
500070033011040,C72
500070033011041,C72
500070033011042,C72
500070033011043,C72
500070033011044,C72
500070033011045,C72
500070033011046,C72
500070033011047,C72
500070033011048,C72
500070033011049,C72
500070033043034,C72
500070033043035,C72
500070040021023,C72
500070040021025,C72
500070040021026,C72
500070040021027,C72
500070040021028,C72
500070040021029,C72
500070040021030,C72
500070040021038,C72
500070040021039,C72
500070040021040,C72
500070040021041,C72
500070040021042,C72
500070040021043,C72
500070040021044,C72
500070040021045,C72
500070040021046,C72
500070040021047,C72
500070040021048,C72
500070040021049,C72
500070040021050,C72
500070040021051,C72
500070040021052,C72
500070040021053,C72
500070040021054,C72
500070040021055,C72
500070033011029,C71
500070033011031,C71
500070033043004,C71
500070036002030,C74
500070040021032,C74
500070040021033,C74
500070040021034,C74
500070040021035,C74
500070040021036,C74
500070040021037,C74
500070036001032,C74
500070036001000,C74
500070036001001,C74
500070036001002,C74
500070036001003,C74
500070036001004,C74
500070036001005,C74
500070036001006,C74
500070036001007,C74
500070036001008,C74
500070036001012,C74
500070036001013,C74
500070036001035,C74
500070036002000,C74
500070036002002,C74
500070036002003,C74
500070036002004,C74
500070036002005,C74
500070036002025,C74
500070036002026,C74
500070036002027,C74
500070036002028,C74
500070036002029,C74
500070036002031,C74
500070036002032,C74
500070036002033,C74
500070036002034,C74
500070036002035,C74
500070036002036,C74
500070036002037,C74
500070036002038,C74
500070040021000,C74
500070040021001,C74
500070040021002,C74
500070040021003,C74
500070040021004,C74
500070040021005,C74
500070040021006,C74
500070040021007,C74
500070040021008,C74
500070040021009,C74
500070040021010,C74
500070040021011,C74
500070040021012,C74
500070040021013,C74
500070040021014,C74
500070040021015,C74
500070040021016,C74
500070040021017,C74
500070040021018,C74
500070040021019,C74
500070040021020,C74
500070040021021,C74
500070040021022,C74
500070040021024,C74
500070040021031,C74
500070040021056,C74
500070040022000,C74
500070040022001,C74
500070040022002,C74
500070040022003,C74
500070040022004,C74
500070040022005,C74
500070040022006,C74
500070040022007,C74
500070040022008,C74
500070040022009,C74
500070040022010,C74
500070040022011,C74
500070040022012,C74
500070040022013,C74
500070040022014,C74
500070040022015,C74
500070040022016,C74
500070040022017,C74
500070040022018,C74
500070040022019,C74
500070040022020,C74
500070040022021,C74
500070040022022,C74
500070040022023,C74
500070040022024,C74
500070040022025,C74
500070040022026,C74
500070040022027,C74
500070040022028,C74
500070040022029,C74
500070040022030,C74
500070040022031,C74
500079800001000,C74
500070033041000,C73
500070033041001,C73
500070033041002,C73
500070033041003,C73
500070033041004,C73
500070033041005,C73
500070033041006,C73
500070033041007,C73
500070033041008,C73
500070033041009,C73
500070033041010,C73
500070033041011,C73
500070033041012,C73
500070033041013,C73
500070033041014,C73
500070033041015,C73
500070033041016,C73
500070033041017,C73
500070033041018,C73
500070033041019,C73
500070033041020,C73
500070036001009,C73
500070036001010,C73
500070036001011,C73
500070036001014,C73
500070036001015,C73
500070036001016,C73
500070036001017,C73
500070036001018,C73
500070036001019,C73
500070036001020,C73
500070036001021,C73
500070036001022,C73
500070036001023,C73
500070036001024,C73
500070036001025,C73
500070036001026,C73
500070036001027,C73
500070036001028,C73
500070036001029,C73
500070036001030,C73
500070036001031,C73
500070036001033,C73
500070036001034,C73
500070036002006,C73
500070036002007,C73
500070036002008,C73
500070036002009,C73
500070036002010,C73
500070036002011,C73
500070036002012,C73
500070036002013,C73
500070036002014,C73
500070036002015,C73
500070036002016,C73
500070036002017,C73
500070036002018,C73
500070036002019,C73
500070036002020,C73
500070036002021,C73
500070036002022,C73
500070036002023,C73
500070036002024,C73
500070036002039,C73
500070036002040,C73
500070036002041,C73
500070036002042,C73
500070036002043,C73
500070036003000,C73
500070036003001,C73
500070036003002,C73
500070036003003,C73
500070036003004,C73
500070036003005,C73
500070036003006,C73
500070036003007,C73
500070036003008,C73
500070036003009,C73
500070036003010,C73
500070036003011,C73
500070036003012,C73
500070036003013,C73
500070036003014,C73
500070036003015,C73
500070036003016,C73
500070036003017,C73
500070036003018,C73
500070036003019,C73
500070036002001,C73
500070034001000,C52
500070034001001,C52
500070034001002,C52
500070034001003,C52
500070034001009,C52
500070034001010,C52
500070034001011,C52
500070034001012,C52
500070034001013,C52
500070034001014,C52
500070034001015,C52
500070034001018,C52
500070034001019,C52
500070034001028,C52
500070034003000,C52
500070034003001,C52
500070034003002,C52
500070034003003,C52
500070034003004,C52
500070034003005,C52
500070034003006,C52
500070034003007,C52
500070034003008,C52
500070034003009,C52
500070034003010,C52
500070034003011,C52
500070034003012,C52
500070034003013,C52
500070034003014,C52
500070034003015,C52
500070034003016,C52
500070034003022,C52
500070034003026,C52
500070034003027,C52
500070034003028,C52
500070034003029,C52
500070034003030,C52
500070034003031,C52
500070034004000,C52
500070034004001,C52
500070034004002,C52
500070034004003,C52
500070034004004,C52
500070034004005,C52
500070034004006,C52
500070034004007,C52
500070034004008,C52
500070034004009,C52
500070034004010,C52
500070034004011,C52
500070034004012,C52
500070034004013,C52
500070034004014,C52
500070034004015,C52
500070034004016,C52
500070034004017,C52
500070034004018,C52
500070034004019,C52
500070034004020,C52
500070034004034,C52
500070034004035,C52
500070034001004,C51
500070034002014,C51
500070035021000,C42
500070035021001,C42
500070035021002,C42
500070035021003,C42
500070035021037,C41
500070035021038,C41
500070035021039,C41
500110106001000,F32
500110106001001,F32
500110106001002,F32
500110106001003,F32
500110106001004,F32
500110106001005,F32
500110106001006,F32
500110106001007,F32
500110106001008,F32
500110106001009,F32
500110106001010,F32
500110106001011,F32
500110106001012,F32
500110106001013,F32
500110106001014,F32
500110106001015,F32
500110106001016,F32
500110106001017,F32
500110106001018,F32
500110106001019,F32
500110106001024,F32
500110106001029,F32
500110106001053,F32
500110106001054,F32
500110106001055,F32
500110106001058,F32
500110106001059,F32
500110106001060,F32
500110106002000,F32
500110106002001,F32
500110106002002,F32
500110106002003,F32
500110106002004,F32
500110106002005,F32
500110106002006,F32
500110106002007,F32
500110106002008,F32
500110106002009,F32
500110106002010,F32
500110106002011,F32
500110106002012,F32
500110106002013,F32
500110106002014,F32
500110106002015,F32
500110106002016,F32
500110106002017,F32
500110106002018,F32
500110106002019,F32
500110106002020,F32
500110106002021,F32
500110106002022,F32
500110106002023,F32
500110106002024,F32
500110106002025,F32
500110106002026,F32
500110106002027,F32
500110106002028,F32
500110106002029,F32
500110106002030,F32
500110106002031,F32
500110106002032,F32
500110106002033,F32
500110106002034,F32
500110106002035,F32
500110106002036,F32
500110106002037,F32
500110106002038,F32
500110106002039,F32
500110106002040,F32
500110106002041,F32
500110106002042,F32
500110106002043,F32
500110106002044,F32
500110106002045,F32
500110106002046,F32
500110106002047,F32
500110106002048,F32
500110106002049,F32
500110106002050,F32
500110106002051,F32
500110106002052,F32
500110106002053,F32
500110106002054,F32
500110106002055,F32
500110106002056,F32
500110106002057,F32
500110106002058,F32
500110106003000,F32
500110106003001,F32
500110106003002,F32
500110106003003,F32
500110106003004,F32
500110106003005,F32
500110106003006,F32
500110106003007,F32
500110106003008,F32
500110106003009,F32
500110106003010,F32
500110106003011,F32
500110106003012,F32
500110106003013,F32
500110106003014,F32
500110106003015,F32
500110106003016,F32
500110106003017,F32
500110106003018,F32
500110106003019,F32
500110106003020,F32
500110106003021,F32
500110106003022,F32
500110106003023,F32
500110106003024,F32
500110106003025,F32
500110106003026,F32
500110106003027,F32
500110106003028,F32
500110106003029,F32
500110106003030,F32
500110106003031,F32
500110106003032,F32
500110106003033,F32
500110106003034,F32
500110106003035,F32
500110106003036,F32
500110106003037,F32
500110106003038,F32
500110106003039,F32
500110106003040,F32
500110106003041,F32
500110106003042,F32
500110106003043,F32
500110106003044,F32
500110106003045,F32
500110106003046,F32
500110106003047,F32
500110106003048,F32
500110106003049,F32
500110106003050,F32
500110106003051,F32
500110106003052,F32
500110106003053,F32
500110106003054,F32
500110106003055,F32
500110106004000,F32
500110106004001,F32
500110106004002,F32
500110106004003,F32
500110106004004,F32
500110106004005,F32
500110106004006,F32
500110106004007,F32
500110106004008,F32
500110106004009,F32
500110106004010,F32
500110106004011,F32
500110106004012,F32
500110106004013,F32
500110106004014,F32
500110106004015,F32
500110106004016,F32
500110106004017,F32
500110106004018,F32
500110106004019,F32
500110106004020,F32
500110106004021,F32
500110106004022,F32
500110106004023,F32
500110106004024,F32
500110106001020,F31
500110106001021,F31
500110106001022,F31
500110106001023,F31
500110106001025,F31
500110106001026,F31
500110106001027,F31
500110106001028,F31
500110106001030,F31
500110106001031,F31
500110106001032,F31
500110106001033,F31
500110106001034,F31
500110106001035,F31
500110106001036,F31
500110106001037,F31
500110106001038,F31
500110106001039,F31
500110106001040,F31
500110106001041,F31
500110106001042,F31
500110106001043,F31
500110106001044,F31
500110106001045,F31
500110106001046,F31
500110106001047,F31
500110106001048,F31
500110106001049,F31
500110106001050,F31
500110106001051,F31
500110106001052,F31
500110106001056,F31
500110106001057,F31
500110106001061,F31
500110106001062,F31
500199516003000,O-L
500199516003001,O-L
500199516003002,O-L
500199516003003,O-L
500199516003004,O-L
500199516003005,O-L
500199516003006,O-L
500199516003007,O-L
500199516003008,O-L
500199516003009,O-L
500199516003010,O-L
500199516003011,O-L
500199516003012,O-L
500199516003013,O-L
500199516003014,O-L
500199516003015,O-L
500199516003016,O-L
500199516003017,O-L
500199516003018,O-L
500199516003019,O-L
500199516003020,O-L
500199516003021,O-L
500199516003022,O-L
500199516003023,O-L
500199516003024,O-L
500199516003025,O-L
500199516003026,O-L
500199516003027,O-L
500199516003028,O-L
500199516003029,O-L
500199516003030,O-L
500199516003031,O-L
500199516003032,O-L
500199516003033,O-L
500199516003034,O-L
500199516003035,O-L
500199516003036,O-L
500199516003037,O-L
500199516003038,O-L
500199516003039,O-L
500199516003040,O-L
500199516003041,O-L
500199516003042,O-L
500199516003043,O-L
500199516003044,O-L
500199516003045,O-L
500199516003046,O-L
500199516003047,O-L
500199516003048,O-L
500199516003049,O-L
500199516003050,O-L
500199516003051,O-L
500199516003052,O-L
500199516003053,O-L
500199516003054,O-L
500199516003055,O-L
500199516003056,O-L
500199516003057,O-L
500199516003058,O-L
500199516003059,O-L
500199516003064,O-L
500199516003065,O-L
500199516003066,O-L
500199516003067,O-L
500199516003068,O-L
500199516003069,O-L
500199516003070,O-L
500199516003071,O-L
500199516003072,O-L
500199516003073,O-L
500199516003074,O-L
500199516003075,O-L
500199516003076,O-L
500199516003077,O-L
500199516003078,O-L
500199516004005,O-L
500199516004006,O-L
500199516004014,O-L
500199516004015,O-L
500199516004016,O-L
500199516004017,O-L
500199516004018,O-L
500199516004019,O-L
500199516004020,O-L
500199516004021,O-L
500199516004022,O-L
500199516004023,O-L
500199516004024,O-L
500199516004025,O-L
500199516004026,O-L
500199516004027,O-L
500199516004028,O-L
500199516004029,O-L
500199516004030,O-L
500199516004031,O-L
500199516004032,O-L
500199516004033,O-L
500199516004034,O-L
500199516004035,O-L
500199516004036,O-L
500199516004037,O-L
500199516004038,O-L
500199516004039,O-L
500199516004040,O-L
500199516004041,O-L
500199516004043,O-L
500199516004044,O-L
500199516004045,O-L
500199516004046,O-L
500199516004047,O-L
500199516004048,O-L
500199516004049,O-L
500199516003060,O-2
500199516003061,O-2
500199516003062,O-2
500199516003063,O-2
500199516004000,O-2
500199516004001,O-2
500199516004002,O-2
500199516004003,O-2
500199516004004,O-2
500199516004007,O-2
500199516004008,O-2
500199516004009,O-2
500199516004010,O-2
500199516004011,O-2
500199516004012,O-2
500199516004013,O-2
500199516004042,O-2
500199516004050,O-2
500199516004051,O-2
500199516004052,O-2
500199516004053,O-2
500199516004054,O-2
500199516004055,O-2
500199516004056,O-2
500199516004057,O-2
500199516004058,O-2
500199516004059,O-2
500199516004060,O-2
500219635002000,R-2
500219635002001,R-2
500219635002002,R-2
500219635002024,R-2
500219635002028,R-2
500219635002029,R-2
500219635002030,R-2
500219635002031,R-2
500219635002032,R-2
500219635002033,R-2
500219635002049,R-2
500219635002003,R-B
500219635002004,R-B
500219635002005,R-B
500219635002006,R-B
500219635002007,R-B
500219635002008,R-B
500219635002009,R-B
500219635002010,R-B
500219635002011,R-B
500219635002012,R-B
500219635002013,R-B
500219635002014,R-B
500219635002015,R-B
500219635002016,R-B
500219635002017,R-B
500219635002018,R-B
500219635002019,R-B
500219635002020,R-B
500219635002021,R-B
500219635002022,R-B
500219635002023,R-B
500219635002025,R-B
500219635002026,R-B
500219635002027,R-B
500219635002034,R-B
500219635002035,R-B
500219635002036,R-B
500219635002037,R-B
500219635002038,R-B
500219635002039,R-B
500219635002040,R-B
500219635002041,R-B
500219635002042,R-B
500219635002043,R-B
500219635002044,R-B
500219635002045,R-B
500219635002046,R-B
500219635002047,R-B
500219635002048,R-B
500219635002050,R-B
500259676001000,W-4
500259676001005,W-4
500259676001010,W-4
500259676001022,W-4
500259676001001,W-3
500259676001002,W-3
500259676001003,W-3
500259676001004,W-3
500259676001006,W-3
500259676001007,W-3
500259676001008,W-3
500259676001009,W-3
500259676001011,W-3
500259676001012,W-3
500259676001015,W-3
500259681001000,W-6
500259681001001,W-6
500259681001002,W-6
500259681001003,W-6
500259681001004,W-6
500259681001005,W-6
500259681001006,W-6
500259681001007,W-6
500259681001008,W-6
500259681001009,W-6
500259681001010,W-6
500259681001011,W-6
500259681001012,W-6
500259681001013,W-6
500259681001014,W-6
500259681001015,W-6
500259681001016,W-6
500259681001017,W-6
500259681001018,W-6
500259681001019,W-6
500259681001020,W-6
500259681001021,W-6
500259681001022,W-6
500259681001023,W-6
500259681001024,W-6
500259681001025,W-6
500259681001026,W-6
500259681001027,W-6
500259681001028,W-6
500259681001029,W-6
500259681001030,W-6
500259681001031,W-6
500259681001032,W-6
500259681001033,W-6
500259681001034,W-6
500259681001035,W-6
500259681001036,W-6
500259681001037,W-6
500259681001038,W-6
500259681001039,W-6
500259681001040,W-6
500259681001041,W-6
500259681001042,W-6
500259681001043,W-6
500259681001044,W-6
500259681001045,W-6
500259681001046,W-6
500259681001047,W-6
500259681001048,W-6
500259681001049,W-6
500259681001050,W-6
500259681001051,W-6
500259681001052,W-6
500259681001053,W-6
500259681001054,W-6
500259681001055,W-6
500259681001056,W-6
500259681002000,W-6
500259681002001,W-6
500259681002002,W-6
500259681002003,W-6
500259681002004,W-6
500259681002005,W-6
500259681002006,W-6
500259681002007,W-6
500259681002008,W-6
500259681002009,W-6
500259681002010,W-6
500259681002011,W-6
500259681002012,W-6
500259681002013,W-6
500259681002014,W-6
500259681002015,W-6
500259681002016,W-6
500259681002017,W-6
500259681002018,W-6
500259681002019,W-6
500259681002020,W-6
500259681002021,W-6
500259681002022,W-6
500259681002023,W-6
500259681002024,W-6
500259681002025,W-6
500259681002026,W-6
500259681002027,W-6
500259681002028,W-6
500259681002030,W-6
500259681002031,W-6
500259681002032,W-6
500259681002033,W-6
500259681002034,W-6
500259681002035,W-6
500259681002036,W-6
500259681002037,W-6
500259681002038,W-6
500259681002039,W-6
500259681002040,W-6
500259681002041,W-6
500259681002042,W-6
500259681002043,W-6
500259681002044,W-6
500259681002064,W-6
500259681002065,W-6
500259681002066,W-6
500259681002067,W-6
500259681002029,WIB
500259681002045,WIB
500259681002046,WIB
500259681002047,WIB
500259681002048,WIB
500259681002049,WIB
500259681002050,WIB
500259681002051,WIB
500259681002052,WIB
500259681002053,WIB
500259681002054,WIB
500259681002055,WIB
500259681002056,WIB
500259681002057,WIB
500259681002058,WIB
500259681002059,WIB
500259681002060,WIB
500259681002061,WIB
500259681002062,WIB
500259681002063,WIB
500259684001000,W21
500259684001001,W21
500259684001002,W21
500259684001003,W21
500259684001004,W21
500259684001005,W21
500259684001006,W21
500259684001007,W21
500259684001008,W21
500259684001009,W21
500259684001010,W21
500259684001011,W21
500259684001012,W21
500259684001013,W21
500259684001014,W21
500259684001015,W21
500259684001016,W21
500259684001017,W21
500259684001018,W21
500259684001019,W21
500259684001020,W21
500259684001021,W21
500259684001022,W21
500259684001023,W21
500259684001024,W21
500259684001025,W21
500259684001026,W21
500259684001027,W21
500259684001028,W21
500259684001029,W21
500259684001030,W21
500259684001031,W21
500259684001032,W21
500259684001033,W21
500259684001034,W21
500259684001035,W21
500259684001036,W21
500259684001037,W21
500259684002000,W21
500259684002001,W21
500259684002002,W21
500259684002003,W21
500259684002004,W21
500259684002005,W21
500259684002006,W21
500259684002007,W21
500259684002008,W21
500259684002009,W21
500259684002010,W21
500259684002011,W21
500259684002012,W21
500259684002013,W21
500259684002014,W21
500259684002015,W21
500259684002016,W21
500259684002017,W21
500259684002018,W21
500259684002019,W21
500259684002020,W21
500259684002021,W21
500259684002022,W21
500259684002023,W21
500259684002024,W21
500259684002025,W21
500259684002026,W21
500259684002027,W21
500259684002028,W21
500259684003000,W21
500259684003001,W21
500259684003002,W21
500259684003003,W21
500259684003004,W21
500259684003005,W21
500259684003006,W21
500259684003007,W21
500259684003008,W21
500259684003009,W21
500259684003010,W21
500259684003011,W21
500259684003012,W21
500259684004000,W21
500259684004001,W21
500259684004002,W21
500259684004003,W21
500259684004004,W21
500259684004005,W21
500259684004006,W21
500259684004007,W21
500259684004008,W21
500259684004009,W21
500259684004010,W21
500259684004011,W21
500259684004012,W21
500259684004013,W21
500259684004014,W21
500259684004015,W21
500259684004016,W21
500259684004017,W21
500259684004018,W21
500259684004019,W21
500259684004020,W21
500259684004021,W21
500259684004022,W21
500259684004023,W21
500259685001030,W21
500259685001032,W21
500259685003038,W21
500259685003039,W21
500259685003040,W21
500259685003041,W21
500259685004021,W21
500259685004022,W21
500259685004023,W21
500259685004024,W21
500259685004038,W21
500259685004039,W21
500259685004040,W21
500259685004041,W21
500259685004042,W21
500259685004043,W21
500259685004044,W21
500259686002022,W21
500259686002025,W21
500259686002026,W21
500259685003036,W21
500259685003037,W21
500259685004034,W21
500259685004035,W21
500259685004037,W21
500259685001012,W23
500259685001025,W23
500259685001027,W23
500259685001028,W23
500259685001029,W23
500259685001031,W23
500259685001033,W23
500259685001036,W23
500259686002023,W23
500259686002024,W23
500259686002056,W23
500259686002057,W23
500259686002066,W23
500259686002067,W23
500259685004017,W22
500259685004020,W22
500259685001015,W22
500259685001016,W22
500259685001017,W22
500259685001018,W22
500259685001019,W22
500259685001020,W22
500259685002011,W22
500259685002012,W22
500259685002013,W22
500259685002014,W22
500259685002015,W22
500259685002016,W22
500259685002017,W22
500259685002018,W22
500259685003000,W22
500259685003001,W22
500259685003002,W22
500259685003003,W22
500259685003004,W22
500259685003005,W22
500259685003006,W22
500259685003007,W22
500259685003008,W22
500259685003009,W22
500259685003010,W22
500259685003011,W22
500259685003012,W22
500259685003013,W22
500259685003014,W22
500259685003015,W22
500259685003016,W22
500259685003017,W22
500259685003018,W22
500259685003019,W22
500259685003020,W22
500259685003021,W22
500259685003022,W22
500259685003023,W22
500259685003024,W22
500259685003025,W22
500259685003026,W22
500259685003027,W22
500259685003028,W22
500259685003029,W22
500259685003030,W22
500259685003031,W22
500259685003032,W22
500259685003033,W22
500259685003034,W22
500259685003035,W22
500259685003042,W22
500259685003043,W22
500259685003044,W22
500259685003045,W22
500259685003046,W22
500259685004000,W22
500259685004001,W22
500259685004002,W22
500259685004003,W22
500259685004004,W22
500259685004005,W22
500259685004006,W22
500259685004007,W22
500259685004008,W22
500259685004009,W22
500259685004010,W22
500259685004011,W22
500259685004012,W22
500259685004013,W22
500259685004014,W22
500259685004015,W22
500259685004016,W22
500259685004025,W22
500259685004026,W22
500259685004027,W22
500259685004028,W22
500259685004029,W22
500259685004030,W22
500259685004031,W22
500259685004032,W22
500259685004033,W22
500259685004036,W22
500259685005000,W22
500259685005001,W22
500259685005002,W22
500259685005003,W22
500259685005004,W22
500259685005005,W22
500259685005006,W22
500259685005007,W22
500259685005008,W22
500259685005009,W22
500279655011000,Y42
500279655011001,Y42
500279655011002,Y42
500279655011003,Y42
500279655011004,Y42
500279655011005,Y42
500279655011008,Y42
500279655011009,Y42
500279655011010,Y42
500279655011011,Y42
500279655011012,Y42
500279655011013,Y42
500279655011014,Y42
500279655011015,Y42
500279655011016,Y42
500279655011017,Y42
500279655011018,Y42
500279655011019,Y42
500279655011020,Y42
500279655011021,Y42
500279655011022,Y42
500279655011023,Y42
500279655011024,Y42
500279655011025,Y42
500279655011026,Y42
500279655011027,Y42
500279655011028,Y42
500279655011029,Y42
500279655011030,Y42
500279655011031,Y42
500279655011032,Y42
500279655011033,Y42
500279655011034,Y42
500279655011035,Y42
500279655011037,Y42
500279655011038,Y42
500279655011039,Y42
500279655011040,Y42
500279655011041,Y42
500279655011042,Y42
500279655011043,Y42
500279655011044,Y42
500279655011045,Y42
500279655011046,Y42
500279655011047,Y42
500279655011048,Y42
500279655011049,Y42
500279655011050,Y42
500279655011051,Y42
500279655011053,Y42
500279655011054,Y42
500279655011055,Y42
500279655011056,Y42
500279655011057,Y42
500279655011058,Y42
500279655011059,Y42
500279655011060,Y42
500279655011061,Y42
500279655011062,Y42
500279655011063,Y42
500279655011064,Y42
500279655011065,Y42
500279655011066,Y42
500279655011067,Y42
500279655011068,Y42
500279655011069,Y42
500279655011070,Y42
500279655011071,Y42
500279655011072,Y42
500279655011073,Y42
500279655011074,Y42
500279655011075,Y42
500279655011076,Y42
500279655011077,Y42
500279655011078,Y42
500279655011079,Y42
500279655011080,Y42
500279655011081,Y42
500279655011082,Y42
500279655011083,Y42
500279655012038,Y42
500279655012039,Y42
500279655012040,Y42
500279655013058,Y42
500279655013059,Y42
500279655013060,Y42
500279655013061,Y42
500279655013062,Y42
500279655013064,Y42
500279655013065,Y42
500279655013066,Y42
500279655013067,Y42
500279655013068,Y42
500279655013069,Y42
500279655013070,Y42
500279655013071,Y42
500279655013072,Y42
500279655013073,Y42
500279655013074,Y42
500279655013075,Y42
500279655013076,Y42
500279655013080,Y42
500279655021007,Y42
500279655021059,Y42
500279655021060,Y42
500279655021061,Y42
500279655021062,Y42
500279655022000,Y42
500279655022001,Y42
500279655022002,Y42
500279655022003,Y42
500279655022004,Y42
500279655022005,Y42
500279655022006,Y42
500279655022007,Y42
500279655022008,Y42
500279655022009,Y42
500279655022010,Y42
500279655022011,Y42
500279655022012,Y42
500279655022013,Y42
500279655022014,Y42
500279655022015,Y42
500279655022016,Y42
500279655022017,Y42
500279655022018,Y42
500279655022019,Y42
500279655022020,Y42
500279655022021,Y42
500279655022022,Y42
500279655022023,Y42
500279655022026,Y42
500279655022027,Y42
500279655022028,Y42
500279655022029,Y42
500279655022030,Y42
500279655022031,Y42
500279655022032,Y42
500279655022033,Y42
500279655022034,Y42
500279655022035,Y42
500279655022036,Y42
500279655022037,Y42
500279655022038,Y42
500279655022039,Y42
500279655022040,Y42
500279655022041,Y42
500279655022042,Y42
500279655022043,Y42
500279655022044,Y42
500279655022045,Y42
500279655022046,Y42
500279655022047,Y42
500279655022048,Y42
500279655022049,Y42
500279655022050,Y42
500279655022051,Y42
500279655022052,Y42
500279655022053,Y42
500279655022054,Y42
500279655022055,Y42
500279655022056,Y42
500279656001000,Y42
500279656001001,Y42
500279656001002,Y42
500279656001003,Y42
500279656001004,Y42
500279656001005,Y42
500279656001006,Y42
500279656001007,Y42
500279656001008,Y42
500279656001009,Y42
500279656001010,Y42
500279656001011,Y42
500279656001012,Y42
500279656001013,Y42
500279656001014,Y42
500279656001015,Y42
500279656001016,Y42
500279656001017,Y42
500279656001018,Y42
500279656001019,Y42
500279656001020,Y42
500279656002000,Y42
500279656002001,Y42
500279656002002,Y42
500279656002003,Y42
500279656002004,Y42
500279656002005,Y42
500279656002006,Y42
500279656002007,Y42
500279656002008,Y42
500279656002009,Y42
500279656002010,Y42
500279656002011,Y42
500279656002012,Y42
500279656002013,Y42
500279656002014,Y42
500279656002015,Y42
500279656002016,Y42
500279656002017,Y42
500279656003000,Y42
500279656003001,Y42
500279656003002,Y42
500279656003003,Y42
500279656003004,Y42
500279656003005,Y42
500279656003006,Y42
500279656003007,Y42
500279656003008,Y42
500279656003009,Y42
500279656003010,Y42
500279656003011,Y42
500279656003012,Y42
500279656003013,Y42
500279656003014,Y42
500279656003015,Y42
500279656003016,Y42
500279656003017,Y42
500279656003018,Y42
500279656003019,Y42
500279656003020,Y42
500279656003021,Y42
500279656003022,Y42
500279656003023,Y42
500279656003024,Y42
500279656003025,Y42
500279656003026,Y42
500279656003027,Y42
500279656003028,Y42
500279656003029,Y42
500279656003030,Y42
500279656003031,Y42
500279656003032,Y42
500279656003033,Y42
500279656003034,Y42
500279656003035,Y42
500279656003036,Y42
500279656003037,Y42
500279656003038,Y42
500279656003039,Y42
500279656003040,Y42
500279656003041,Y42
500279656003042,Y42
500279656003043,Y42
500279656003044,Y42
500279656003045,Y42
500279656003046,Y42
500279656003047,Y42
500279656003048,Y42
500279656003049,Y42
500279656003050,Y42
500279656003051,Y42
500279656003052,Y42
500279656003053,Y42
500279656003054,Y42
500279656003055,Y42
500279656003056,Y42
500279656003057,Y42
500279656003058,Y42
500279656003059,Y42
500279656003060,Y42
500279656003061,Y42
500279656003062,Y42
500279656003063,Y42
500279656003064,Y42
500279656003065,Y42
500279656003066,Y42
500279656003067,Y42
500279656003068,Y42
500279656003069,Y42
500279656003070,Y42
500279656003071,Y42
500279656003072,Y42
500279656003073,Y42
500279656003074,Y42
500279656003075,Y42
500279656003076,Y42
500279656003077,Y42
500279656003078,Y42
500279656003079,Y42
500279656003080,Y42
500279656003081,Y42
500279656003082,Y42
500279656003083,Y42
500279656003084,Y42
500279656003085,Y42
500279656003086,Y42
500279656003087,Y42
500279656003088,Y42
500279656003089,Y42
500279656003090,Y42
500279656003091,Y42
500279656003092,Y42
500279656003093,Y42
500279656003094,Y42
500279656004000,Y42
500279656004001,Y42
500279656004002,Y42
500279656004003,Y42
500279656004004,Y42
500279656004005,Y42
500279656004006,Y42
500279656004007,Y42
500279656004008,Y42
500279656004009,Y42
500279656004010,Y42
500279656004011,Y42
500279656004012,Y42
500279656004013,Y42
500279656004014,Y42
500279656004015,Y42
500279656004016,Y42
500279656004017,Y42
500279656004018,Y42
500279656004019,Y42
500279656004020,Y42
500279656004021,Y42
500279656004022,Y42
500279656004023,Y42
500279656004024,Y42
500279656004025,Y42
500279656004026,Y42
500279656004027,Y42
500279656004028,Y42
500279656004029,Y42
500279656004030,Y42
500279656004031,Y42
500279656004032,Y42
500279656004033,Y42
500279656004034,Y42
500279655011036,Y42
500279655021049,Y42
500279655011052,Y41
500279655012067,Y41
500279655012072,Y41
500279655012075,Y41
500279655013020,Y41
500279655013021,Y41
500279655013022,Y41
500279655013023,Y41
500279655013024,Y41
500279655013025,Y41
500279655013026,Y41
500279655013037,Y41
500279655013038,Y41
500279655013039,Y41
500279655013040,Y41
500279655013041,Y41
500279655013056,Y41
500279655013057,Y41
500279655013063,Y41
500279655022024,Y41
500279655022025,Y41
500279655011006,Y41
500279655011007,Y41
500279655012000,Y41
500279655012001,Y41
500279655012002,Y41
500279655012003,Y41
500279655012004,Y41
500279655012005,Y41
500279655012006,Y41
500279655012007,Y41
500279655012008,Y41
500279655012009,Y41
500279655012010,Y41
500279655012011,Y41
500279655012012,Y41
500279655012013,Y41
500279655012014,Y41
500279655012015,Y41
500279655012016,Y41
500279655012017,Y41
500279655012018,Y41
500279655012019,Y41
500279655012020,Y41
500279655012021,Y41
500279655012022,Y41
500279655012023,Y41
500279655012024,Y41
500279655012025,Y41
500279655012026,Y41
500279655012027,Y41
500279655012028,Y41
500279655012029,Y41
500279655012030,Y41
500279655012031,Y41
500279655012032,Y41
500279655012033,Y41
500279655012034,Y41
500279655012035,Y41
500279655012036,Y41
500279655012037,Y41
500279655012041,Y41
500279655012042,Y41
500279655012043,Y41
500279655012044,Y41
500279655012045,Y41
500279655012046,Y41
500279655012047,Y41
500279655012048,Y41
500279655012049,Y41
500279655012050,Y41
500279655012051,Y41
500279655012052,Y41
500279655012053,Y41
500279655012054,Y41
500279655012055,Y41
500279655012056,Y41
500279655012057,Y41
500279655012058,Y41
500279655012059,Y41
500279655012060,Y41
500279655012061,Y41
500279655012062,Y41
500279655012063,Y41
500279655012064,Y41
500279655012065,Y41
500279655012066,Y41
500279655012068,Y41
500279655012069,Y41
500279655012070,Y41
500279655012071,Y41
500279655012073,Y41
500279655012074,Y41
500279655012076,Y41
500279655012077,Y41
500279655012078,Y41
500279655012079,Y41
500279655012080,Y41
500279655013000,Y41
500279655013001,Y41
500279655013002,Y41
500279655013003,Y41
500279655013004,Y41
500279655013005,Y41
500279655013006,Y41
500279655013007,Y41
500279655013008,Y41
500279655013009,Y41
500279655013010,Y41
500279655013011,Y41
500279655013012,Y41
500279655013013,Y41
500279655013014,Y41
500279655013015,Y41
500279655013016,Y41
500279655013017,Y41
500279655013018,Y41
500279655013019,Y41
500279655013027,Y41
500279655013028,Y41
500279655013029,Y41
500279655013030,Y41
500279655013031,Y41
500279655013032,Y41
500279655013033,Y41
500279655013034,Y41
500279655013035,Y41
500279655013036,Y41
500279655013042,Y41
500279655013043,Y41
500279655013044,Y41
500279655013045,Y41
500279655013046,Y41
500279655013047,Y41
500279655013048,Y41
500279655013049,Y41
500279655013050,Y41
500279655013051,Y41
500279655013052,Y41
500279655013053,Y41
500279655013054,Y41
500279655013055,Y41
500279655013077,Y41
500279655013078,Y41
500279655013079,Y41
500279655013081,Y41
500279655021000,Y41
500279655021001,Y41
500279655021002,Y41
500279655021003,Y41
500279655021004,Y41
500279655021005,Y41
500279655021006,Y41
500279655021008,Y41
500279655021009,Y41
500279655021010,Y41
500279655021011,Y41
500279655021012,Y41
500279655021013,Y41
500279655021014,Y41
500279655021015,Y41
500279655021016,Y41
500279655021017,Y41
500279655021018,Y41
500279655021019,Y41
500279655021020,Y41
500279655021021,Y41
500279655021022,Y41
500279655021023,Y41
500279655021024,Y41
500279655021025,Y41
500279655021026,Y41
500279655021027,Y41
500279655021028,Y41
500279655021029,Y41
500279655021030,Y41
500279655021031,Y41
500279655021032,Y41
500279655021033,Y41
500279655021034,Y41
500279655021035,Y41
500279655021036,Y41
500279655021037,Y41
500279655021038,Y41
500279655021039,Y41
500279655021040,Y41
500279655021041,Y41
500279655021042,Y41
500279655021043,Y41
500279655021044,Y41
500279655021045,Y41
500279655021046,Y41
500279655021047,Y41
500279655021048,Y41
500279655021050,Y41
500279655021051,Y41
500279655021052,Y41
500279655021053,Y41
500279655021054,Y41
500279655021055,Y41
500279655021056,Y41
500279655021057,Y41
500279655021058,Y41
500279655021063,Y41
500279655021064,Y41
500279655021065,Y41
500279666001000,Y32
500279666001001,Y32
500279666001002,Y32
500279666001003,Y32
500279666001004,Y32
500279666001005,Y32
500279666001006,Y32
500279666001018,Y32
500279666001026,Y32
500279666001027,Y32
500279666001028,Y32
500279666001032,Y32
500279666001033,Y32
500279666001035,Y32
500279666001036,Y32
500279666001037,Y32
500279666001038,Y32
500279666001039,Y32
500279666001040,Y32
500279666001042,Y32
500279666001043,Y32
500279666001044,Y32
500279666001045,Y32
500279666001046,Y32
500279666001047,Y32
500279666001048,Y32
500279666001049,Y32
500279666001050,Y32
500279666001051,Y32
500279666001052,Y32
500279666001053,Y32
500279666001054,Y32
500279666001055,Y32
500279666001056,Y32
500279666001057,Y32
500279666001058,Y32
500279666001059,Y32
500279666001060,Y32
500279666001061,Y32
500279666001062,Y32
500279666001063,Y32
500279666001064,Y32
500279666001065,Y32
500279666001066,Y32
500279666001067,Y32
500279666001068,Y32
500279666001069,Y32
500279666001072,Y32
500279666001073,Y32
500279666001074,Y32
500279666001075,Y32
500279666002000,Y32
500279666002001,Y32
500279666002002,Y32
500279666002003,Y32
500279666002004,Y32
500279666002005,Y32
500279666002006,Y32
500279666002007,Y32
500279666002008,Y32
500279666002009,Y32
500279666002010,Y32
500279666002011,Y32
500279666002012,Y32
500279666002013,Y32
500279666002014,Y32
500279666002015,Y32
500279666002016,Y32
500279666002017,Y32
500279666002018,Y32
500279666002019,Y32
500279666002020,Y32
500279666002021,Y32
500279666002022,Y32
500279666002023,Y32
500279666002024,Y32
500279666002025,Y32
500279666002026,Y32
500279666003000,Y32
500279666003001,Y32
500279666003002,Y32
500279666003003,Y32
500279666003004,Y32
500279666003005,Y32
500279666003006,Y32
500279666003007,Y32
500279666003008,Y32
500279666003009,Y32
500279666003010,Y32
500279666003011,Y32
500279666003012,Y32
500279666003013,Y32
500279666004000,Y32
500279666004001,Y32
500279666004002,Y32
500279666004003,Y32
500279666004004,Y32
500279666004005,Y32
500279666004006,Y32
500279666004007,Y32
500279666004008,Y32
500279666004009,Y32
500279666004010,Y32
500279666004011,Y32
500279666004012,Y32
500279666004013,Y32
500279666004014,Y32
500279666004015,Y32
500279666004016,Y32
500279666004017,Y32
500279666004018,Y32
500279666004019,Y32
500279666004020,Y32
500279666004021,Y32
500279666004022,Y32
500279666004023,Y32
500279666004024,Y32
500279666004025,Y32
500279666004026,Y32
500279666004027,Y32
500279666004028,Y32
500279666004029,Y32
500279666004030,Y32
500279666005000,Y32
500279666005001,Y32
500279666005002,Y32
500279666005003,Y32
500279666005004,Y32
500279666005005,Y32
500279666005006,Y32
500279666005007,Y32
500279666005008,Y32
500279666005009,Y32
500279666005010,Y32
500279666005011,Y32
500279666005012,Y32
500279666005013,Y32
500279666005014,Y32
500279666005015,Y32
500279666005016,Y32
500279666005017,Y32
500279666005018,Y32
500279666005019,Y32
500279666005020,Y32
500279666005021,Y32
500279666005022,Y32
500279666005023,Y32
500279666005024,Y32
500279666005025,Y32
500279666005026,Y32
500279666005027,Y32
500279666005028,Y32
500279666005029,Y32
500279666005030,Y32
500279666005031,Y32
500279666005032,Y32
500279666005033,Y32
500279666005034,Y32
500279666005035,Y32
500279666005036,Y32
500279666005037,Y32
500279666005038,Y32
500279666005039,Y32
500279666005040,Y32
500279666005041,Y32
500279666005042,Y32
500279666005043,Y32
500279666005044,Y32
500279666005045,Y32
500279666005046,Y32
500279666005047,Y32
500279666005048,Y32
500279666005049,Y32
500279666005050,Y32
500279667001000,Y32
500279667001001,Y32
500279667001002,Y32
500279667001003,Y32
500279667001004,Y32
500279667001005,Y32
500279667001006,Y32
500279667001007,Y32
500279667001008,Y32
500279667001009,Y32
500279667001010,Y32
500279667001011,Y32
500279667001012,Y32
500279667001013,Y32
500279667001015,Y32
500279667001016,Y32
500279667001017,Y32
500279667001018,Y32
500279667001019,Y32
500279667001020,Y32
500279667001021,Y32
500279667001022,Y32
500279667001023,Y32
500279667001024,Y32
500279667001025,Y32
500279667001026,Y32
500279667002000,Y32
500279667002001,Y32
500279667002002,Y32
500279667002003,Y32
500279667002004,Y32
500279667002005,Y32
500279667002006,Y32
500279667002007,Y32
500279667002008,Y32
500279667002009,Y32
500279667002010,Y32
500279667002011,Y32
500279667002012,Y32
500279667002013,Y32
500279667002014,Y32
500279667002015,Y32
500279667002016,Y32
500279667002017,Y32
500279667002018,Y32
500279667002019,Y32
500279667002020,Y32
500279667002021,Y32
500279667002022,Y32
500279667002023,Y32
500279667002024,Y32
500279667002025,Y32
500279667003000,Y32
500279667003001,Y32
500279667003002,Y32
500279667003003,Y32
500279667003004,Y32
500279667003005,Y32
500279667003006,Y32
500279667003007,Y32
500279667003008,Y32
500279667003009,Y32
500279667003010,Y32
500279667003011,Y32
500279667003012,Y32
500279667003013,Y32
500279667003014,Y32
500279667003015,Y32
500279667003016,Y32
500279667003017,Y32
500279667004000,Y32
500279667004001,Y32
500279667004002,Y32
500279667004003,Y32
500279667004004,Y32
500279667004005,Y32
500279667004006,Y32
500279667004007,Y32
500279667004008,Y32
500279667004009,Y32
500279667004010,Y32
500279667004011,Y32
500279667004012,Y32
500279667004013,Y32
500279667004014,Y32
500279667004015,Y32
500279667004016,Y32
500279667004017,Y32
500279667004018,Y32
500279667004019,Y32
500279667004020,Y32
500279667004021,Y32
500279667004022,Y32
500279667004023,Y32
500279667004024,Y32
500279667004025,Y32
500279667004026,Y32
500279667004027,Y32
500279667004028,Y32
500279667004029,Y32
500279667004030,Y32
500279667004031,Y32
500279667004032,Y32
500279667004033,Y32
500279667004034,Y32
500279667004035,Y32
500279667004036,Y32
500279667004037,Y32
500279667004038,Y32
500279667004039,Y32
500279667004040,Y32
500279667004041,Y32
500279667004042,Y32
500279667004043,Y32
500279667004044,Y32
500279667004045,Y32
500279667004046,Y32
500279667004047,Y32
500279667004048,Y32
500279667004049,Y32
500279667004050,Y32
500279667004051,Y32
500279667004052,Y32
500279667004053,Y32
500279667004054,Y32
500279667004055,Y32
500279667004056,Y32
500279667004057,Y32
500279667004058,Y32
500279667004059,Y32
500279667004060,Y32
500279667004061,Y32
500279667004062,Y32
500279667004063,Y32
500279667004064,Y32
500279667004065,Y32
500279667004066,Y32
500279667004067,Y32
500279667004068,Y32
500279667004069,Y32
500279667004070,Y32
500279667004071,Y32
500279667004072,Y32
500279667004073,Y32
500279667001014,Y32
500279666001007,Y31
500279666001008,Y31
500279666001009,Y31
500279666001010,Y31
500279666001016,Y31
500279666001017,Y31
500279666001022,Y31
500279666001023,Y31
500279666001024,Y31
500279666001025,Y31
500279666001029,Y31
500279666001030,Y31
500279666001031,Y31
500279666001034,Y31
500279666001041,Y31
500279666001070,Y31
500279666001071,Y31
500279666001011,Y31
500279666001012,Y31
500279666001013,Y31
500279666001014,Y31
500279666001015,Y31
500279666001019,Y31
500279666001020,Y31
500279666001021,Y31