Id,District
440010305002000,1
440010305002001,1
440010305002002,1
440010305002003,1
440010305002004,1
440010305002005,1
440010305002006,1
440010305002007,1
440010305002008,1
440010305002009,1
440010305002010,1
440010305002011,1
440010305002012,1
440010305002013,1
440010305002014,1
440010305002015,1
440010305002016,1
440010305002017,1
440010305002018,1
440010305002019,1
440010305002020,1
440010305002021,1
440010305002022,1
440010305002023,1
440010305002024,1
440010305002025,1
440010305002026,1
440010305002027,1
440010305002028,1
440010305003000,1
440010305003001,1
440010305003002,1
440010305003003,1
440010305003004,1
440010305003005,1
440010305003006,1
440010305003007,1
440010305003008,1
440010305003009,1
440010305003010,1
440010305003011,1
440010305003012,1
440010305003013,1
440010305003014,1
440010305003015,1
440010305003016,1
440010305003017,1
440010305003018,1
440010305003019,1
440010305003020,1
440010305003021,1
440010305003022,1
440010305003023,1
440010305003024,1
440010305003025,1
440010305003026,1
440010305003027,1
440010305003028,1
440010305003029,1
440010305003030,1
440010305003031,1
440010305003032,1
440010305003033,1
440010305003034,1
440010305003035,1
440010304003000,1
440010304003001,1
440010304003002,1
440010304003003,1
440010304003004,1
440010304003005,1
440010304003006,1
440010304003007,1
440010304003008,1
440010304003009,1
440010304003010,1
440010304003011,1
440010304003012,1
440010304003013,1
440010304003014,1
440010304003015,1
440010304003016,1
440010304003017,1
440010304003018,1
440010304003019,1
440010304003020,1
440010304003021,1
440010304003022,1
440010304003023,1
440010304003024,1
440010304003025,1
440010304003026,1
440010304003027,1
440010304003028,1
440010304003029,1
440010304003030,1
440010304003031,1
440010304002000,1
440010304002001,1
440010304002002,1
440010304002003,1
440010304002004,1
440010304002005,1
440010304002006,1
440010304002007,1
440010304002008,1
440010304002009,1
440010304002010,1
440010304002011,1
440010304002012,1
440010304002013,1
440010304002014,1
440010304002015,1
440010304002016,1
440010304002017,1
440010304002018,1
440010304002019,1
440010304002020,1
440010304002021,1
440010304002022,1
440010304002023,1
440010304002024,1
440010304002025,1
440010304002026,1
440010304002027,1
440010304002028,1
440010304002029,1
440010304002030,1
440010304002031,1
440010305001000,1
440010305001001,1
440010305001002,1
440010305001003,1
440010305001004,1
440010305001005,1
440010305001006,1
440010305001007,1
440010305001008,1
440010305001009,1
440010305001010,1
440010305001011,1
440010305001012,1
440010305001013,1
440010305001014,1
440010305001015,1
440010305001016,1
440010305001017,1
440010305001018,1
440010305001019,1
440010305001020,1
440010305001021,1
440010305001022,1
440010305001023,1
440010305001024,1
440010305001025,1
440010305001026,1
440010306013000,1
440010306013001,1
440010306013002,1
440010306013003,1
440010306013004,1
440010306013005,1
440010306013006,1
440010306013007,1
440010306013008,1
440010306013009,1
440010306013010,1
440010306013011,1
440010306013012,1
440010306013013,1
440010306013014,1
440010306013015,1
440010306013016,1
440010306013017,1
440010306013018,1
440010306013019,1
440010306013020,1
440010306013021,1
440010306013022,1
440010306013023,1
440010306013024,1
440010306013025,1
440010306013026,1
440010306013027,1
440010306012000,1
440010306012001,1
440010306012002,1
440010306012003,1
440010306012004,1
440010306012005,1
440010306012006,1
440010306012007,1
440010306012008,1
440010306012009,1
440010306012010,1
440010306012011,1
440010306012012,1
440010306012013,1
440010306012014,1
440010306012015,1
440010306012016,1
440010306012017,1
440010306012018,1
440010306012019,1
440010306012020,1
440010306012021,1
440010306012022,1
440010306012023,1
440010306012024,1
440010306012025,1
440010306012026,1
440010306012027,1
440010306012028,1
440010306012029,1
440010306021000,1
440010306021001,1
440010306021002,1
440010306021003,1
440010306021004,1
440010306021005,1
440010306021006,1
440010306021007,1
440010306021008,1
440010306021009,1
440010306021010,1
440010306021011,1
440010306021012,1
440010306021013,1
440010306021014,1
440010306021015,1
440010306021016,1
440010306021017,1
440010306021018,1
440010306021019,1
440010306021020,1
440010306021021,1
440010306021022,1
440010306021023,1
440010306022000,1
440010306022001,1
440010306022002,1
440010306022003,1
440010306022004,1
440010306022005,1
440010306022006,1
440010306022007,1
440010306022008,1
440010306022009,1
440010306022010,1
440010306022011,1
440010306022012,1
440010306022013,1
440010306022014,1
440010306022015,1
440010306022016,1
440010306022017,1
440010306022018,1
440010306022019,1
440010306022020,1
440010303001000,1
440010303001001,1
440010303001002,1
440010303001003,1
440010303001004,1
440010303001005,1
440010303001006,1
440010303001007,1
440010303001008,1
440010303001009,1
440010303001010,1
440010303001011,1
440010303001012,1
440010303001013,1
440010303001014,1
440010303001015,1
440010303001016,1
440010303001017,1
440010303001018,1
440010303001019,1
440010303001020,1
440010303001021,1
440010303001022,1
440010303001023,1
440010303001024,1
440010303001025,1
440010303001026,1
440010303001027,1
440010303001028,1
440010303001029,1
440010306011000,1
440010306011001,1
440010306011002,1
440010306011003,1
440010306011004,1
440010306011005,1
440010306011006,1
440010306011007,1
440010306011008,1
440010306011009,1
440010306011010,1
440010306011011,1
440010306011012,1
440010306011013,1
440010306011014,1
440010306011015,1
440010306011016,1
440010306011017,1
440010306011018,1
440010306011019,1
440010306011020,1
440010306011021,1
440010306011022,1
440010306011023,1
440010306011024,1
440010306011025,1
440010306011026,1
440010302003000,1
440010302003001,1
440010302003002,1
440010302003003,1
440010302003004,1
440010302003005,1
440010302003006,1
440010302003007,1
440010302003008,1
440010302003009,1
440010302003010,1
440010302003011,1
440010302003012,1
440010302003013,1
440010302003014,1
440010302003015,1
440010302003016,1
440010302003017,1
440010302003018,1
440010302003019,1
440010302003020,1
440010302003021,1
440010302003022,1
440010302003023,1
440010302003024,1
440010302003025,1
440010302003026,1
440010302003027,1
440010302003028,1
440010302003029,1
440010302003030,1
440010302002000,1
440010302002001,1
440010302002002,1
440010302002003,1
440010302002004,1
440010302002005,1
440010302002006,1
440010302002007,1
440010302002008,1
440010302002009,1
440010302002010,1
440010302002011,1
440010302002012,1
440010302002013,1
440010302002014,1
440010302002015,1
440010302002016,1
440010302002017,1
440010302002018,1
440010302002019,1
440010302002020,1
440010302002021,1
440010302002022,1
440010302002023,1
440010302002024,1
440010302001000,1
440010302001001,1
440010302001002,1
440010302001003,1
440010302001004,1
440010302001005,1
440010302001006,1
440010302001007,1
440010302001008,1
440010302001009,1
440010302001010,1
440010302001011,1
440010302001012,1
440010302001013,1
440010302001014,1
440010302001015,1
440010302001016,1
440010302001017,1
440010302001018,1
440010302001019,1
440010302001020,1
440010302001021,1
440010302001022,1
440010302001023,1
440010302001024,1
440010302001025,1
440010302001026,1
440010302001027,1
440010302001028,1
440010302001029,1
440010302001030,1
440010302001031,1
440010302001032,1
440010302001033,1
440010302001034,1
440010302001035,1
440010302001036,1
440010302001037,1
440010302001038,1
440010309012000,1
440010309012001,1
440010309012002,1
440010309012003,1
440010309012004,1
440010309012005,1
440010309012006,1
440010309012007,1
440010309012008,1
440010309012009,1
440010309012010,1
440010309012011,1
440010309012012,1
440010309012013,1
440010309012014,1
440010309012015,1
440010309012016,1
440010309012017,1
440010309012018,1
440010309012019,1
440010309012020,1
440010309012021,1
440010309012022,1
440010309012023,1
440010309012024,1
440010309012025,1
440010309012026,1
440010309012027,1
440010309012028,1
440010309012029,1
440010309012030,1
440010309012031,1
440010309012032,1
440010309012033,1
440010309012034,1
440010309012035,1
440010309012036,1
440010309012037,1
440010309012038,1
440010309012039,1
440010309012040,1
440010309012041,1
440010309012042,1
440010309012043,1
440010309012044,1
440010309012045,1
440010309012046,1
440010309012047,1
440010309012048,1
440010309012049,1
440010309012050,1
440010309012051,1
440010304001000,1
440010304001001,1
440010304001002,1
440010304001003,1
440010304001004,1
440010304001005,1
440010304001006,1
440010304001007,1
440010304001008,1
440010304001009,1
440010304001010,1
440010304001011,1
440010304001012,1
440010304001013,1
440010304001014,1
440010304001015,1
440010304001016,1
440010304001017,1
440010304001018,1
440010304001019,1
440010304001020,1
440010304001021,1
440010304001022,1
440010304001023,1
440010304001024,1
440010304001025,1
440010304001026,1
440010303003000,1
440010303003001,1
440010303003002,1
440010303003003,1
440010303003004,1
440010303003005,1
440010303003006,1
440010303003007,1
440010303003008,1
440010303003009,1
440010303003010,1
440010303003011,1
440010303003012,1
440010303003013,1
440010303003014,1
440010303003015,1
440010303003016,1
440010303003017,1
440010303003018,1
440010303003019,1
440010303003020,1
440010303003021,1
440010303003022,1
440010303003023,1
440010303003024,1
440010303003025,1
440010303002000,1
440010303002001,1
440010303002002,1
440010303002003,1
440010303002004,1
440010303002005,1
440010303002006,1
440010303002007,1
440010303002008,1
440010303002009,1
440010303002010,1
440010303002011,1
440010303002012,1
440010303002013,1
440010303002014,1
440010303002015,1
440010303002016,1
440010303002017,1
440010303002018,1
440010303002019,1
440010303002020,1
440010303002021,1
440010303002022,1
440010303002023,1
440010303002024,1
440010303002025,1
440010303002026,1
440010303002027,1
440010303002028,1
440010303002029,1
440010303002030,1
440010303002031,1
440010303002032,1
440010303002033,1
440010303002034,1
440010309013000,1
440010309013001,1
440010309013002,1
440010309013003,1
440010309013004,1
440010309013005,1
440010309013006,1
440010309013007,1
440010309013008,1
440010309013009,1
440010309013010,1
440010309013011,1
440010309013012,1
440010309013013,1
440010309013014,1
440010309013015,1
440010309013016,1
440010309013017,1
440010309013018,1
440010309013019,1
440010309013020,1
440010309013021,1
440010309013022,1
440010309013023,1
440010309013024,1
440010309013025,1
440010309013026,1
440010309013027,1
440010309013028,1
440010309013029,1
440010309013030,1
440010309013031,1
440010309013032,1
440010309013033,1
440010309013034,1
440010309013035,1
440010309013036,1
440010309013037,1
440010309013038,1
440010309013039,1
440010309013040,1
440010309013041,1
440010309021000,1
440010309021001,1
440010309021002,1
440010309021003,1
440010309021004,1
440010309021005,1
440010309021006,1
440010309021007,1
440010309021008,1
440010309021009,1
440010309021010,1
440010309021011,1
440010309021012,1
440010309021013,1
440010309021014,1
440010309021015,1
440010309021016,1
440010309021017,1
440010309021018,1
440010309021019,1
440010309022000,1
440010309022001,1
440010309022002,1
440010309022003,1
440010309022004,1
440010309022005,1
440010309022006,1
440010309022007,1
440010309022008,1
440010309022009,1
440010309022010,1
440010309022011,1
440010309022012,1
440010309022013,1
440010309022014,1
440010309022015,1
440010309022016,1
440010309022017,1
440010309022018,1
440010309022019,1
440010309022020,1
440010309022021,1
440010309022022,1
440010309022023,1
440010309022024,1
440010309022025,1
440010309022026,1
440010309022027,1
440010309022028,1
440010309022029,1
440010309022030,1
440010309022031,1
440010309022032,1
440010309022033,1
440010309022034,1
440010309022035,1
440010309022036,1
440010309022037,1
440010309022038,1
440010309022039,1
440010309022040,1
440010309022041,1
440010309022042,1
440010309022043,1
440010309022044,1
440010309022045,1
440010309022046,1
440010309022047,1
440010309022048,1
440010309023000,1
440010309023001,1
440010309023002,1
440010309023003,1
440010309023004,1
440010309023005,1
440010309023006,1
440010309023007,1
440010309023008,1
440010309023009,1
440010309023010,1
440010309023011,1
440010309023012,1
440010309023013,1
440010309023014,1
440010309023015,1
440010309023016,1
440010309023017,1
440010309023018,1
440010309023019,1
440010309023020,1
440010309023021,1
440010309023022,1
440010309023023,1
440010309023024,1
440010309023025,1
440010309023026,1
440010309023027,1
440010309023028,1
440010309023029,1
440010309023030,1
440010309023031,1
440010309023032,1
440010309023033,1
440010309023034,1
440010309023035,1
440010309023036,1
440010309023037,1
440010309023038,1
440010309023039,1
440010309023040,1
440010309023041,1
440010309023042,1
440010309023043,1
440010309023044,1
440010309023045,1
440010309023046,1
440010309023047,1
440010309023048,1
440010309023049,1
440010309023050,1
440010309023051,1
440010309023052,1
440010309023053,1
440010309023054,1
440010309023055,1
440010309023056,1
440010309023057,1
440010309024000,1
440010309024001,1
440010309024002,1
440010309024003,1
440010309024004,1
440010309024005,1
440010309024006,1
440010309024007,1
440010309024008,1
440010309024009,1
440010309024010,1
440010309024011,1
440010309024012,1
440010309024013,1
440010309024014,1
440010309024015,1
440010309024016,1
440010309024017,1
440010309024018,1
440010309024019,1
440010309024020,1
440010309024021,1
440010309024022,1
440010309024023,1
440050404002000,1
440050404002001,1
440050404002002,1
440050404002003,1
440050404002004,1
440050404002005,1
440050404002006,1
440050404002007,1
440050404002008,1
440050404002009,1
440050404002010,1
440050404002011,1
440050404002012,1
440050404002013,1
440050404002014,1
440050404002015,1
440050404002016,1
440050404002017,1
440050404002018,1
440050404002019,1
440050404002020,1
440050404002021,1
440050404002022,1
440050404002023,1
440050404002024,1
440050404002025,1
440050404002026,1
440050404002027,1
440050404002028,1
440050404002029,1
440050404002030,1
440050404002031,1
440050404002032,1
440050404002033,1
440050404002034,1
440050404002035,1
440050404002036,1
440050404002037,1
440050404002038,1
440050404002039,1
440050404002040,1
440050404002041,1
440050404002042,1
440010301004000,1
440010301004001,1
440010301004002,1
440010301004003,1
440010301004004,1
440010301004005,1
440010301004006,1
440010301004007,1
440010301004008,1
440010301004009,1
440010301004010,1
440010301004011,1
440010301004012,1
440010301004013,1
440010301004014,1
440010301004015,1
440010301004016,1
440010301004017,1
440010301004018,1
440010301004019,1
440010301004020,1
440010301004021,1
440010301004022,1
440010301004023,1
440010301004024,1
440010301004025,1
440010301004026,1
440010301004027,1
440010301004028,1
440010301004029,1
440010301004030,1
440010301004031,1
440010307002000,1
440010307002001,1
440010307002002,1
440010307002003,1
440010307002004,1
440010307002005,1
440010307002006,1
440010307004000,1
440010307004001,1
440010307004002,1
440010307004003,1
440010307004004,1
440010307004005,1
440010307004006,1
440010307004007,1
440010307004008,1
440010307004009,1
440010307004010,1
440010307004011,1
440010307004012,1
440010307004013,1
440010307004014,1
440010307004015,1
440010307004016,1
440010307004017,1
440010307004018,1
440010307004019,1
440010307004020,1
440010307004021,1
440010307004022,1
440010307004023,1
440010307003000,1
440010307003001,1
440010307003002,1
440010307003003,1
440010307003004,1
440010307003005,1
440010307003006,1
440010307003007,1
440010307003008,1
440010307003009,1
440010307001000,1
440010307001001,1
440010307001002,1
440010307001003,1
440010307001004,1
440010307001005,1
440010307001006,1
440010307001007,1
440010307001008,1
440010307001009,1
440010307001010,1
440010307001011,1
440010307001012,1
440010308001000,1
440010308001001,1
440010308001002,1
440010308001003,1
440010308001004,1
440010308001005,1
440010308001006,1
440010308001007,1
440010308001008,1
440010308001009,1
440010308001010,1
440010308001011,1
440010308001012,1
440010308001013,1
440010308001014,1
440010308001015,1
440010308001016,1
440010308001017,1
440010308001018,1
440010308001019,1
440010306023000,1
440010306023001,1
440010306023002,1
440010306023003,1
440010306023004,1
440010306023005,1
440010306023006,1
440010306023007,1
440010306023008,1
440010306023009,1
440010306023010,1
440010306023011,1
440010306023012,1
440010306023013,1
440010306023014,1
440010306023015,1
440010306023016,1
440010306023017,1
440010306023018,1
440010306023019,1
440010306023020,1
440010306024000,1
440010306024001,1
440010306024002,1
440010306024003,1
440010306024004,1
440010306024005,1
440010306024006,1
440010306024007,1
440010306024008,1
440010306024009,1
440010306024010,1
440010306024011,1
440010306024012,1
440010306024013,1
440010306024014,1
440010306024015,1
440010306024016,1
440010306024017,1
440010306024018,1
440010306024019,1
440010306024020,1
440010306024021,1
440010308004000,1
440010308004001,1
440010308004002,1
440010308004003,1
440010308004004,1
440010308004005,1
440010308004006,1
440010308004007,1
440010308004008,1
440010308004009,1
440010308004010,1
440010308004011,1
440010309011000,1
440010309011001,1
440010309011002,1
440010309011003,1
440010309011004,1
440010309011005,1
440010309011006,1
440010309011007,1
440010309011008,1
440010309011009,1
440010309011010,1
440010309011011,1
440010309011012,1
440010309011013,1
440010309011014,1
440010309011015,1
440010309011016,1
440010309011017,1
440010309011018,1
440010309011019,1
440010309011020,1
440010309011021,1
440010309011022,1
440010309011023,1
440010309011024,1
440010309011025,1
440010309011026,1
440010309011027,1
440010309011028,1
440010309011029,1
440010309011030,1
440010309011031,1
440010309011032,1
440010309011033,1
440010309011034,1
440010309011035,1
440010309011036,1
440010308003000,1
440010308003001,1
440010308003002,1
440010308003003,1
440010308003004,1
440010308003005,1
440010308003006,1
440010308003007,1
440010308003008,1
440010308003009,1
440010308003010,1
440010308003011,1
440010308003012,1
440010308003013,1
440010308003014,1
440010308003015,1
440010308003016,1
440010308003017,1
440010308003018,1
440010308003019,1
440010308003020,1
440010308003021,1
440010308003022,1
440010308003023,1
440010308003024,1
440010308003025,1
440010308002000,1
440010308002001,1
440010308002002,1
440010308002003,1
440010308002004,1
440010308002005,1
440010308002006,1
440010308002007,1
440010308002008,1
440010308002009,1
440010308002010,1
440010308002011,1
440010308002012,1
440010308002013,1
440010308002014,1
440010308002015,1
440010308002016,1
440010308002017,1
440010308002018,1
440010308002019,1
440010308002020,1
440010308002021,1
440010308002022,1
440010308002023,1
440010308002024,1
440010308002025,1
440010308002026,1
440010308002027,1
440010308002028,1
440010308002029,1
440010308002030,1
440050401033000,1
440050401033001,1
440050401033002,1
440050401033003,1
440050401033004,1
440050401033005,1
440050401033006,1
440050401033007,1
440050401033008,1
440050401033009,1
440050401033010,1
440050401033011,1
440050401033012,1
440050401033013,1
440050401033014,1
440050401033015,1
440050401033016,1
440050401033017,1
440050401033018,1
440050401033019,1
440050401033020,1
440050401033021,1
440050401033022,1
440050401033023,1
440050401033024,1
440050401033025,1
440050401033026,1
440050401033027,1
440050401033028,1
440050401033029,1
440050401033030,1
440050401033031,1
440050401033032,1
440050401033033,1
440050401033034,1
440050401033035,1
440050401033036,1
440050401033037,1
440050401033038,1
440050401033039,1
440050401033040,1
440050401033041,1
440050401033042,1
440050401033043,1
440050401033044,1
440050401033045,1
440050401033046,1
440050401033047,1
440050401033048,1
440050401033049,1
440050401033050,1
440050401033051,1
440050401033052,1
440050401033053,1
440050401033054,1
440050401032000,1
440050401032001,1
440050401032002,1
440050401032003,1
440050401032004,1
440050401032005,1
440050401032006,1
440050401032007,1
440050401032008,1
440050401032009,1
440050401032010,1
440050401032011,1
440050401032012,1
440050401032013,1
440050401032014,1
440050401032015,1
440050401032016,1
440050401032017,1
440050401032018,1
440050401032019,1
440050401032020,1
440050401032021,1
440050401032022,1
440050401032023,1
440050401032024,1
440050401032025,1
440050401032026,1
440050401032027,1
440050401032028,1
440050401032029,1
440050401032030,1
440050401032031,1
440050401032032,1
440050401032033,1
440050401032034,1
440050401032035,1
440050401032036,1
440050401032037,1
440050401032038,1
440050401023000,1
440050401023001,1
440050401023002,1
440050401023003,1
440050401023004,1
440050401023005,1
440050401023006,1
440050401023007,1
440050401023008,1
440050401023009,1
440050401023010,1
440050401023011,1
440050401023012,1
440050401023013,1
440050401023014,1
440050401023015,1
440050401023016,1
440050401023017,1
440050401023018,1
440050401023019,1
440050401023020,1
440050401023021,1
440050401023022,1
440050401023023,1
440050401023024,1
440050401023025,1
440050401023026,1
440050401023027,1
440050401023028,1
440050401023029,1
440050401023030,1
440050401023031,1
440050401023032,1
440050401023033,1
440050401023034,1
440050401023035,1
440050401023036,1
440050401023037,1
440050401023038,1
440050401023039,1
440050401023040,1
440050401023041,1
440050401023042,1
440050401023043,1
440050401023044,1
440050401023045,1
440050401023046,1
440050401023047,1
440050401023048,1
440050401023049,1
440050401023050,1
440050401023051,1
440050401023052,1
440050401023053,1
440050401023054,1
440050401023055,1
440050401023056,1
440050401023057,1
440050401023058,1
440050401023059,1
440050401023060,1
440050401023061,1
440050401023062,1
440050401023063,1
440050401023064,1
440050401023065,1
440050401031000,1
440050401031001,1
440050401031002,1
440050401031003,1
440050401031004,1
440050401031005,1
440050401031006,1
440050401031007,1
440050401031008,1
440050401035000,1
440050401035001,1
440050401035002,1
440050401035003,1
440050401035004,1
440050401035005,1
440050401035006,1
440050401035007,1
440050401035008,1
440050401035009,1
440050401035010,1
440050401035011,1
440050401035012,1
440050401035013,1
440050401035014,1
440050401035015,1
440050401035016,1
440050401035017,1
440050401035018,1
440050401035019,1
440050401035020,1
440050401035021,1
440050401035022,1
440050401035023,1
440050401035024,1
440050401035025,1
440050401035026,1
440050401035027,1
440050401035028,1
440050401035029,1
440050401035030,1
440050401035031,1
440050401035032,1
440050401035033,1
440050401035034,1
440050401035035,1
440050401035036,1
440050401035037,1
440050401035038,1
440050401035039,1
440050401035040,1
440050401035041,1
440050401035042,1
440050401035043,1
440050401035044,1
440050401035045,1
440050401035046,1
440050401035047,1
440050401035048,1
440050401035049,1
440050401035050,1
440050401034000,1
440050401034001,1
440050401034002,1
440050401034003,1
440050401034004,1
440050401034005,1
440050401034006,1
440050401034007,1
440050401034008,1
440050401034009,1
440050401034010,1
440050401034011,1
440050401034012,1
440050401034013,1
440050401034014,1
440050401034015,1
440050401034016,1
440050401034017,1
440050401034018,1
440050401034019,1
440050401034020,1
440050401034021,1
440050401034022,1
440050401034023,1
440050401034024,1
440050401034025,1
440050401034026,1
440050401034027,1
440050401034028,1
440050401034029,1
440050401034030,1
440050401034031,1
440050401034032,1
440050401034033,1
440050401034034,1
440050401034035,1
440050401034036,1
440050401034037,1
440050401034038,1
440050401034039,1
440050401034040,1
440050401034041,1
440050401034042,1
440050401034043,1
440050401034044,1
440050401034045,1
440050401034046,1
440050401034047,1
440050401034048,1
440050401034049,1
440050401034050,1
440050401034051,1
440050401034052,1
440050401034053,1
440050401034054,1
440050401034055,1
440050401034056,1
440050401034057,1
440050401034058,1
440050401034059,1
440050401034060,1
440050401034061,1
440050401034062,1
440050401034063,1
440050401034064,1
440050401034065,1
440050401034066,1
440050401034067,1
440050401034068,1
440050401034069,1
440050401034070,1
440050401034071,1
440050401034072,1
440050401012000,1
440050401012001,1
440050401012002,1
440050401012003,1
440050401012004,1
440050401012005,1
440050401012006,1
440050401012007,1
440050401012008,1
440050401012009,1
440050401012010,1
440050401012011,1
440050401012012,1
440050401012013,1
440050401012014,1
440050401012015,1
440050401012016,1
440050401012017,1
440050401012018,1
440050401012019,1
440050401012020,1
440050401012021,1
440050401012022,1
440050401012023,1
440050401012024,1
440050401012025,1
440050401012026,1
440050401012027,1
440050401012028,1
440050401012029,1
440050401012030,1
440050401012031,1
440050401012032,1
440050401012033,1
440050401012034,1
440050401012035,1
440050401013000,1
440050401013001,1
440050401013002,1
440050401013003,1
440050401013004,1
440050401013005,1
440050401013006,1
440050401013007,1
440050401013008,1
440050401013009,1
440050401013010,1
440050401013011,1
440050401013012,1
440050401013013,1
440050401013014,1
440050401013015,1
440050401013016,1
440050401013017,1
440050401013018,1
440050401013019,1
440050401013020,1
440050401013021,1
440050401013022,1
440050401013023,1
440050401013024,1
440050401013025,1
440050401013026,1
440050401013027,1
440050401013028,1
440050401013029,1
440050401013030,1
440050401013031,1
440050401013032,1
440050401013033,1
440050401013034,1
440050401013035,1
440050401013036,1
440050401013037,1
440050401013038,1
440050401013039,1
440050401013040,1
440050401013041,1
440050401013042,1
440050401013043,1
440050401013044,1
440050401013045,1
440050401013046,1
440050401013047,1
440050401013048,1
440050401013049,1
440050401013050,1
440050401013051,1
440050401013052,1
440050401013053,1
440050401013054,1
440050401013055,1
440050401013056,1
440050401011000,1
440050401011001,1
440050401011002,1
440050401011003,1
440050401011004,1
440050401011005,1
440050401011006,1
440050401011007,1
440050401011008,1
440050401011009,1
440050401011010,1
440050401011011,1
440050401011012,1
440050401011013,1
440050401011014,1
440050401011015,1
440050401011016,1
440050401011017,1
440050401011018,1
440050401011019,1
440050401011020,1
440050401011021,1
440050401011022,1
440050401011023,1
440050401011024,1
440050401011025,1
440050401011026,1
440050401011027,1
440050401011028,1
440050401011029,1
440050401011030,1
440050401011031,1
440050401011032,1
440050401011033,1
440050401011034,1
440050401011035,1
440050401011036,1
440050401011037,1
440050401011038,1
440050401011039,1
440050401011040,1
440050401011041,1
440050401011042,1
440050401011043,1
440050401011044,1
440050401011045,1
440050401011046,1
440050401011047,1
440050401011048,1
440050401011049,1
440050401011050,1
440050401022000,1
440050401022001,1
440050401022002,1
440050401022003,1
440050401022004,1
440050401022005,1
440050401022006,1
440050401022007,1
440050401022008,1
440050401022009,1
440050401022010,1
440050401022011,1
440050401022012,1
440050401022013,1
440050401022014,1
440050401022015,1
440050401022016,1
440050401022017,1
440050401022018,1
440050401022019,1
440050401022020,1
440050401022021,1
440050401022022,1
440050401022023,1
440050401022024,1
440050401022025,1
440050401021000,1
440050401021001,1
440050401021002,1
440050401021003,1
440050401021004,1
440050401021005,1
440050401021006,1
440050401021007,1
440050401021008,1
440050401021009,1
440050401021010,1
440050401021011,1
440050401021012,1
440050401021013,1
440050401021014,1
440050401021015,1
440050401021016,1
440050401021017,1
440050401021018,1
440050401021019,1
440050401021020,1
440050401021021,1
440050401021022,1
440050401021023,1
440050401021024,1
440050401021025,1
440050401021026,1
440050404001000,1
440050404001001,1
440050404001002,1
440050404001003,1
440050404001004,1
440050404001005,1
440050404001006,1
440050404001007,1
440050404001008,1
440050404001009,1
440050404001010,1
440050404001011,1
440050404001012,1
440050404001013,1
440050404001014,1
440050404001015,1
440050404001016,1
440050404001017,1
440050404001018,1
440050404001019,1
440050404001020,1
440050404001021,1
440050404001022,1
440050404001023,1
440050404001024,1
440050404001025,1
440050404001026,1
440050404001027,1
440050404001028,1
440050404001029,1
440050404001030,1
440050404001031,1
440050404001032,1
440050404001033,1
440050404001034,1
440050404001035,1
440050404001036,1
440050404001037,1
440050404001038,1
440050404001039,1
440050404001040,1
440050404001041,1
440050404001042,1
440050404001043,1
440050404001044,1
440050404001045,1
440050404001046,1
440050404001047,1
440050404001048,1
440050404001049,1
440050404001050,1
440050404001051,1
440050404001052,1
440050404001053,1
440050404001054,1
440050404001055,1
440050404001056,1
440050404001057,1
440050404001058,1
440050404001059,1
440050404001060,1
440050403041000,1
440050403041001,1
440050403041002,1
440050403041003,1
440050403041004,1
440050403041005,1
440050403041006,1
440050403041007,1
440050403041008,1
440050403041009,1
440050403041010,1
440050403041011,1
440050403041012,1
440050403041013,1
440050403041014,1
440050403041015,1
440050403041016,1
440050403041017,1
440050403041018,1
440050403041019,1
440050403041020,1
440010301001000,1
440010301001001,1
440010301001002,1
440010301001003,1
440010301001004,1
440010301001005,1
440010301001006,1
440010301001007,1
440010301001008,1
440010301001009,1
440010301001010,1
440010301001011,1
440010301001012,1
440010301001013,1
440010301001014,1
440010301001015,1
440010301001016,1
440010301001017,1
440010301001018,1
440010301001019,1
440010301001020,1
440010301001021,1
440010301001022,1
440010301001023,1
440010301001024,1
440010301001025,1
440010301001026,1
440010301001027,1
440010301001028,1
440010301001029,1
440010301001030,1
440010301001031,1
440010301001032,1
440010301001033,1
440010301001034,1
440010301001035,1
440010301001036,1
440050403042000,1
440050403042001,1
440050403042002,1
440050403042003,1
440050403042004,1
440050403042005,1
440050403042006,1
440050403042007,1
440050403042008,1
440050403042009,1
440050403042010,1
440050403042011,1
440050403042012,1
440050403042013,1
440050403042014,1
440050403042015,1
440050403042016,1
440050403042017,1
440050403042018,1
440050403042019,1
440050403042020,1
440050403042021,1
440050403042022,1
440050403042023,1
440050403042024,1
440050403042025,1
440050403042026,1
440050403042027,1
440050403042028,1
440010301003000,1
440010301003001,1
440010301003002,1
440010301003003,1
440010301003004,1
440010301003005,1
440010301003006,1
440010301003007,1
440010301003008,1
440010301003009,1
440010301003010,1
440010301003011,1
440010301003012,1
440010301003013,1
440010301003014,1
440010301003015,1
440010301003016,1
440010301003017,1
440010301003018,1
440010301003019,1
440010301003020,1
440010301003021,1
440010301003022,1
440010301003023,1
440010301003024,1
440010301003025,1
440010301003026,1
440010301003027,1
440010301003028,1
440010301003029,1
440010301003030,1
440010301003031,1
440010301003032,1
440010301002000,1
440010301002001,1
440010301002002,1
440010301002003,1
440010301002004,1
440010301002005,1
440010301002006,1
440010301002007,1
440010301002008,1
440010301002009,1
440010301002010,1
440010301002011,1
440010301002012,1
440010301002013,1
440010301002014,1
440010301002015,1
440010301002016,1
440010301002017,1
440010301002018,1
440010301002019,1
440010301002020,1
440010301002021,1
440010301002022,1
440050402001000,1
440050402001001,1
440050402001002,1
440050402001003,1
440050402001004,1
440050402001005,1
440050402001006,1
440050402001007,1
440050402001008,1
440050402001009,1
440050402001010,1
440050402001011,1
440050402001012,1
440050402001013,1
440050402001014,1
440050402001015,1
440050402001016,1
440050402001017,1
440050402001018,1
440050402001019,1
440050402001020,1
440050402001021,1
440050402001022,1
440050402001023,1
440050402001024,1
440050402001025,1
440050402001026,1
440050402001027,1
440050402001028,1
440050402001029,1
440050402001030,1
440050402001031,1
440050402002000,1
440050402002001,1
440050402002002,1
440050402002003,1
440050402002004,1
440050402002005,1
440050402002006,1
440050402002007,1
440050402002008,1
440050402002009,1
440050402002010,1
440050402002011,1
440050402002012,1
440050402002013,1
440050402002014,1
440050402002015,1
440050402002016,1
440050402002017,1
440050402002018,1
440050402002019,1
440050402002020,1
440050402002021,1
440050402002022,1
440050402002023,1
440050402002024,1
440050402002025,1
440050402002026,1
440050402002027,1
440050402002028,1
440050402002029,1
440050402002030,1
440050402002031,1
440050402002032,1
440050402002033,1
440050402002034,1
440050402002035,1
440050402002036,1
440050402002037,1
440050402002038,1
440050402002039,1
440050402002040,1
440050401036000,1
440050401036001,1
440050401036002,1
440050401036003,1
440050401036004,1
440050401036005,1
440050401036006,1
440050401036007,1
440050401036008,1
440050401036009,1
440050401036010,1
440050401036011,1
440050401036012,1
440050401036013,1
440050401036014,1
440050401036015,1
440050401036016,1
440050401036017,1
440050401036018,1
440050401036019,1
440050401036020,1
440050401036021,1
440050401036022,1
440050401036023,1
440050401036024,1
440050401036025,1
440050401036026,1
440050401036027,1
440050401036028,1
440050401036029,1
440050401036030,1
440050401036031,1
440050401036032,1
440050401036033,1
440050401036034,1
440050401036035,1
440050401036036,1
440050401036037,1
440050401036038,1
440050401036039,1
440050401036040,1
440050401036041,1
440050401036042,1
440050401036043,1
440050403032000,1
440050403032001,1
440050403032002,1
440050403032003,1
440050403032004,1
440050403032005,1
440050403032006,1
440050403032007,1
440050403032008,1
440050403032009,1
440050403032010,1
440050403032011,1
440050403032012,1
440050403032013,1
440050403032014,1
440050403032015,1
440050403032016,1
440050403032017,1
440050403032018,1
440050403032019,1
440050403032020,1
440050403032021,1
440050403032022,1
440050403032023,1
440050403032024,1
440050403032025,1
440050403032026,1
440050403032027,1
440050403032028,1
440050403032029,1
440050403032030,1
440050403032031,1
440050403032032,1
440050403032033,1
440050403032034,1
440050403022000,1
440050403022001,1
440050403022002,1
440050403022003,1
440050403022004,1
440050403022005,1
440050403022006,1
440050403022007,1
440050403022008,1
440050403022009,1
440050403022010,1
440050403022011,1
440050403022012,1
440050403022013,1
440050403022014,1
440050403022015,1
440050403022016,1
440050403022017,1
440050403022018,1
440050403022019,1
440050403022020,1
440050403022021,1
440050403022022,1
440050403022023,1
440050403022024,1
440050403022025,1
440050403022026,1
440050403022027,1
440050403022028,1
440050403022029,1
440050403022030,1
440050403022031,1
440050403022032,1
440050403022033,1
440050403022034,1
440050403022035,1
440050403031000,1
440050403031001,1
440050403031002,1
440050403031003,1
440050403031004,1
440050403031005,1
440050403031006,1
440050403031007,1
440050403021000,1
440050403021001,1
440050403021002,1
440050403021003,1
440050403021004,1
440050403021005,1
440050403021006,1
440050403021007,1
440050403021008,1
440050403021009,1
440050403021010,1
440050403021011,1
440050403021012,1
440050403021013,1
440050403021014,1
440050403021015,1
440050403021016,1
440050403021017,1
440050403021018,1
440050403021019,1
440050403021020,1
440050403021021,1
440050403021022,1
440050403021023,1
440050403021024,1
440050403021025,1
440050403021026,1
440050403021027,1
440050403021028,1
440050403021029,1
440050403021030,1
440050403021031,1
440050403021032,1
440050403021033,1
440050403021034,1
440050403021035,1
440050403021036,1
440050403021037,1
440050403021038,1
440070014004000,1
440070014004001,1
440070014004002,1
440070014004003,1
440070014004004,1
440070014004005,1
440070014004006,1
440070014004007,1
440070014004008,1
440070014004009,1
440070014004010,1
440070014004011,1
440070014004012,1
440070014004013,1
440070014004014,1
440070014004015,1
440070014004016,1
440070014004017,1
440070014004018,1
440070014004019,1
440070014004020,1
440070014004021,1
440070014004022,1
440070014004023,1
440070014004024,1
440070014004025,1
440070014004026,1
440070014004027,1
440070014004028,1
440070014004029,1
440070014004030,1
440070015001000,1
440070015001001,1
440070015001002,1
440070015001003,1
440070015001004,1
440070015001005,1
440070015001006,1
440070015001007,1
440070015001008,1
440070015001009,1
440070015001010,1
440070015001011,1
440070015001012,1
440070015001013,1
440070015001014,1
440070015001015,1
440070015001016,1
440070015001017,1
440070015001018,1
440070015001019,1
440070015001020,1
440070015001021,1
440070015001022,1
440070015001023,1
440070015001024,1
440070015001025,1
440070015001026,1
440070015001027,1
440070015001028,1
440070015001029,1
440070015001030,1
440070001013000,1
440070001013001,1
440070001013002,1
440070001013003,1
440070001013004,1
440070001013005,1
440070001013006,1
440070001013007,1
440070001013008,1
440070001013009,1
440070001013010,1
440070001013011,1
440070001013012,1
440070001013013,1
440070001013014,1
440070001013015,1
440070001013016,1
440070001013017,1
440070001013018,1
440070001013019,1
440070001013020,1
440070001013021,1
440070001013022,1
440070014003000,1
440070014003001,1
440070014003002,1
440070014003003,1
440070014003004,1
440070014003005,1
440070014003006,1
440070015003000,1
440070015003001,1
440070015003002,1
440070015003003,1
440070015003004,1
440070015003005,1
440070015003006,1
440070015003007,1
440070015003008,1
440070015003009,1
440070015003010,1
440070015003011,1
440070015003012,1
440070015003013,1
440070015003014,1
440070015003015,1
440070015002000,1
440070015002001,1
440070015002002,1
440070015002003,1
440070015002004,1
440070015002005,1
440070015002006,1
440070015002007,1
440070015002008,1
440070015002009,1
440070015002010,1
440070015002011,1
440070014001000,1
440070014001001,1
440070014001002,1
440070014001003,1
440070014001004,1
440070014001005,1
440070012003000,1
440070012003001,1
440070012003002,1
440070012003003,1
440070012003004,1
440070012003005,1
440070012003006,1
440070012003007,1
440070012003008,1
440070012003009,1
440070012003010,1
440070012003011,1
440070012003012,1
440070012003013,1
440070014002000,1
440070014002001,1
440070014002002,1
440070014002003,1
440070028002000,1
440070028002001,1
440070028002002,1
440070028002003,1
440070028002004,1
440070028002005,1
440070028002006,1
440070028002007,1
440070028002008,1
440070028002009,1
440070028002010,1
440070028002011,1
440070028002012,1
440070028002013,1
440070028002014,1
440070028002015,1
440070028002016,1
440070028002017,1
440070028002018,1
440070028002019,1
440070028002020,1
440070028002021,1
440070028002022,1
440070028002023,1
440070028002024,1
440070028002025,1
440070028002026,1
440070028002027,1
440070028002028,1
440070028001000,1
440070028001001,1
440070028001002,1
440070028001003,1
440070028001004,1
440070028001005,1
440070028001006,1
440070028001007,1
440070028001008,1
440070028001009,1
440070028001010,1
440070028001011,1
440070028001012,1
440070028001013,1
440070028001014,1
440070028001015,1
440070028001016,1
440070028001017,1
440070028001018,1
440070028001019,1
440070028001020,1
440070028001021,1
440070028001022,1
440070028001023,1
440070028001024,1
440070028001025,1
440070028001026,1
440070028001027,1
440070027003000,1
440070027003001,1
440070027003002,1
440070027003003,1
440070027003004,1
440070027003005,1
440070027003006,1
440070027003007,1
440070027003008,1
440070027003009,1
440070027003010,1
440070027003011,1
440070027003012,1
440070027003013,1
440070027003014,1
440070027003015,1
440070027003016,1
440070027003017,1
440070027003018,1
440070027003019,1
440070028004000,1
440070028004001,1
440070028004002,1
440070028004003,1
440070028004004,1
440070028004005,1
440070028004006,1
440070028004007,1
440070028004008,1
440070028004009,1
440070028004010,1
440070028004011,1
440070028004012,1
440070028004013,1
440070028004014,1
440070028004015,1
440070028004016,1
440070028004017,1
440070028004018,1
440070028004019,1
440070029001000,1
440070029001001,1
440070029001002,1
440070029001003,1
440070029001004,1
440070029001005,1
440070029001006,1
440070029001007,1
440070029001008,1
440070029001009,1
440070029001010,1
440070029001011,1
440070029001012,1
440070029001013,1
440070029001014,1
440070029001015,1
440070029001016,1
440070029001017,1
440070029001018,1
440070029001019,1
440070029001020,1
440070029001021,1
440070029001022,1
440070029001023,1
440070029001024,1
440070029001025,1
440070029001026,1
440070029001027,1
440070029001028,1
440070029001029,1
440070029001030,1
440070028003000,1
440070028003001,1
440070028003002,1
440070028003003,1
440070028003004,1
440070028003005,1
440070028003006,1
440070028003007,1
440070028003008,1
440070028003009,1
440070028003010,1
440070028003011,1
440070028003012,1
440070026002000,1
440070026002001,1
440070026002002,1
440070026002003,1
440070026002004,1
440070026002005,1
440070026002006,1
440070026002007,1
440070026002008,1
440070026002009,1
440070026002010,1
440070026002011,1
440070026002012,1
440070026002013,1
440070026002014,1
440070026002015,1
440070026002016,1
440070026002017,1
440070026002018,1
440070026002019,1
440070026003000,1
440070026003001,1
440070026003002,1
440070026003003,1
440070026003004,1
440070026003005,1
440070026003006,1
440070026003007,1
440070026003008,1
440070026003009,1
440070026003010,1
440070026003011,1
440070026003012,1
440070026003013,1
440070026003014,1
440070026001000,1
440070026001001,1
440070026001002,1
440070026001003,1
440070026001004,1
440070026001005,1
440070026001006,1
440070026001007,1
440070026001008,1
440070026001009,1
440070026001010,1
440070026001011,1
440070026001012,1
440070026001013,1
440070026001014,1
440070026001015,1
440070027002000,1
440070027002001,1
440070027002002,1
440070027002003,1
440070027002004,1
440070027002005,1
440070027002006,1
440070027002007,1
440070027002008,1
440070027002009,1
440070027002010,1
440070027002011,1
440070027002012,1
440070027001000,1
440070027001001,1
440070027001002,1
440070027001003,1
440070027001004,1
440070027001005,1
440070027001006,1
440070027001007,1
440070027001008,1
440070027001009,1
440070027001010,1
440070027001011,1
440070027001012,1
440070027001013,1
440070027001014,1
440070027001015,1
440070002005000,1
440070002005001,1
440070002005002,1
440070002005003,1
440070002005004,1
440070002005005,1
440070002005006,1
440070002005007,1
440070002005008,1
440070002005009,1
440070002005010,1
440070002005011,1
440070002005012,1
440070002005013,1
440070002005014,1
440070002005015,1
440070002005016,1
440070002005017,1
440070002005018,1
440070002005019,1
440070002005020,1
440070002005021,1
440070002005022,1
440070002005023,1
440070002005024,1
440070002005025,1
440070002003000,1
440070002003001,1
440070002003002,1
440070002003003,1
440070002003004,1
440070002003005,1
440070002003006,1
440070002003007,1
440070002003008,1
440070002003009,1
440070002004000,1
440070002004001,1
440070002004002,1
440070002004003,1
440070002004004,1
440070002004005,1
440070002004006,1
440070002004007,1
440070002004008,1
440070002004009,1
440070003006000,1
440070003006001,1
440070003006002,1
440070003006003,1
440070003006004,1
440070003006005,1
440070003006006,1
440070003006007,1
440070003006008,1
440070003006009,1
440070003006010,1
440070003006011,1
440070003006012,1
440070003006013,1
440070003006014,1
440070003006015,1
440070003006016,1
440070003002000,1
440070003002001,1
440070003002002,1
440070003002003,1
440070003002004,1
440070003002005,1
440070003002006,1
440070003002007,1
440070003002008,1
440070003002009,1
440070003005000,1
440070003005001,1
440070003005002,1
440070003005003,1
440070003005004,1
440070003005005,1
440070003005006,1
440070003005007,1
440070003005008,1
440070003005009,1
440070003005010,1
440070003005011,1
440070003005012,1
440070003005013,1
440070003005014,1
440070003005015,1
440070003005016,1
440070003005017,1
440070003005018,1
440070003004000,1
440070003004001,1
440070003004002,1
440070003004003,1
440070003004004,1
440070003004005,1
440070003004006,1
440070003004007,1
440070003004008,1
440070003004009,1
440070003004010,1
440070003004011,1
440070003004012,1
440070003004013,1
440070003003000,1
440070003003001,1
440070003003002,1
440070003003003,1
440070003003004,1
440070003003005,1
440070003003006,1
440070003003007,1
440070001021000,1
440070001021001,1
440070001021002,1
440070001021003,1
440070001021004,1
440070001021005,1
440070001021006,1
440070001021007,1
440070001021008,1
440070001021009,1
440070001021010,1
440070001021011,1
440070001021012,1
440070001021013,1
440070001021014,1
440070001021015,1
440070001021016,1
440070001023000,1
440070001023001,1
440070001023002,1
440070001023003,1
440070001023004,1
440070001023005,1
440070001023006,1
440070001023007,1
440070001023008,1
440070001023009,1
440070001023010,1
440070001023011,1
440070001023012,1
440070001023013,1
440070001023014,1
440070001023015,1
440070001023016,1
440070001014000,1
440070001014001,1
440070001014002,1
440070001014003,1
440070001014004,1
440070001014005,1
440070001014006,1
440070001014007,1
440070001014008,1
440070001014009,1
440070001014010,1
440070001014011,1
440070001014012,1
440070101011000,1
440070101011001,1
440070101011002,1
440070101011003,1
440070101011004,1
440070101011005,1
440070101011006,1
440070101011007,1
440070101011008,1
440070101011009,1
440070101011010,1
440070101011011,1
440070101011012,1
440070101011013,1
440070101011014,1
440070101011015,1
440070101011016,1
440070101011017,1
440070101011018,1
440070101011019,1
440070101011020,1
440070002002000,1
440070002002001,1
440070002002002,1
440070002002003,1
440070002002004,1
440070002002005,1
440070002002006,1
440070002002007,1
440070002002008,1
440070002002009,1
440070002002010,1
440070002002011,1
440070002002012,1
440070002001000,1
440070002001001,1
440070002001002,1
440070002001003,1
440070002001004,1
440070002001005,1
440070002001006,1
440070002001007,1
440070002001008,1
440070002001009,1
440070002001010,1
440070002001011,1
440070002001012,1
440070002001013,1
440070002001014,1
440070002001015,1
440070002001016,1
440070005003000,1
440070005003001,1
440070005003002,1
440070005003003,1
440070005003004,1
440070005003005,1
440070005003006,1
440070005003007,1
440070005003008,1
440070005003009,1
440070005003010,1
440070005003011,1
440070005003012,1
440070005003013,1
440070005003014,1
440070005003015,1
440070004003000,1
440070004003001,1
440070004003002,1
440070004003003,1
440070004003004,1
440070004003005,1
440070004003006,1
440070004003007,1
440070004003008,1
440070004003009,1
440070004003010,1
440070004003011,1
440070004003012,1
440070004003013,1
440070004002000,1
440070004002001,1
440070004002002,1
440070004002003,1
440070004002004,1
440070004002005,1
440070004002006,1
440070004002007,1
440070004002008,1
440070004004000,1
440070004004001,1
440070004004002,1
440070004004003,1
440070004004004,1
440070004004005,1
440070004004006,1
440070004004007,1
440070004004008,1
440070004004009,1
440070004004010,1
440070005001000,1
440070005001001,1
440070005001002,1
440070005001003,1
440070005001004,1
440070005001005,1
440070005001006,1
440070005001007,1
440070005001008,1
440070005001009,1
440070005001010,1
440070005001011,1
440070005001012,1
440070005001013,1
440070005001014,1
440070005001015,1
440070005001016,1
440070005001017,1
440070005001018,1
440070005001019,1
440070005002000,1
440070005002001,1
440070005002002,1
440070005002003,1
440070005002004,1
440070005002005,1
440070005002006,1
440070005002007,1
440070005002008,1
440070035001000,1
440070035001001,1
440070035001002,1
440070035001003,1
440070035001004,1
440070035001005,1
440070035001006,1
440070035001007,1
440070035001008,1
440070035001009,1
440070035001010,1
440070035001011,1
440070035001012,1
440070035001013,1
440070035001014,1
440070035001015,1
440070035001016,1
440070034004000,1
440070034004001,1
440070034004002,1
440070034004003,1
440070034004004,1
440070034004005,1
440070034004006,1
440070034004007,1
440070034004008,1
440070034004009,1
440070034004010,1
440070034004011,1
440070034004012,1
440070034004013,1
440070034004014,1
440070034004015,1
440070034004016,1
440070034004017,1
440070034004018,1
440070034004019,1
440070034004020,1
440070034004021,1
440070034004022,1
440070034004023,1
440070034004024,1
440070034004025,1
440070034004026,1
440070034004027,1
440070034004028,1
440070034004029,1
440070034004030,1
440070034004031,1
440070034004032,1
440070034004033,1
440070034004034,1
440070034004035,1
440070034004036,1
440070034004037,1
440070035002000,1
440070035002001,1
440070035002002,1
440070035002003,1
440070035002004,1
440070035002005,1
440070035002006,1
440070035002007,1
440070035002008,1
440070035002009,1
440070035002010,1
440070035002011,1
440070035002012,1
440070035002013,1
440070035002014,1
440070035002015,1
440070035002016,1
440070035002017,1
440070035002018,1
440070035002019,1
440070035002020,1
440070035002021,1
440070035004000,1
440070035004001,1
440070035004002,1
440070035004003,1
440070035004004,1
440070035004005,1
440070035004006,1
440070035004007,1
440070035004008,1
440070035004009,1
440070035004010,1
440070035004011,1
440070035004012,1
440070035004013,1
440070035004014,1
440070035004015,1
440070035004016,1
440070035004017,1
440070035004018,1
440070035004019,1
440070035004020,1
440070035004021,1
440070035004022,1
440070035004023,1
440070035004024,1
440070035004025,1
440070035004026,1
440070035004027,1
440070035004028,1
440070035004029,1
440070035004030,1
440070034001000,1
440070034001001,1
440070034001002,1
440070034001003,1
440070034001004,1
440070034001005,1
440070034001006,1
440070034001007,1
440070034001008,1
440070034001009,1
440070034001010,1
440070034001011,1
440070034001012,1
440070034001013,1
440070034001014,1
440070034001015,1
440070034001016,1
440070034001017,1
440070034001018,1
440070034001019,1
440070034001020,1
440070034001021,1
440070034001022,1
440070034001023,1
440070034001024,1
440070034001025,1
440070034001026,1
440070034001027,1
440070034001028,1
440070034001029,1
440070034001030,1
440070034001031,1
440070034001032,1
440070034001033,1
440070034001034,1
440070034001035,1
440070034001036,1
440070034001037,1
440070034001038,1
440070034001039,1
440070034001040,1
440070034001041,1
440070034001042,1
440070035003000,1
440070035003001,1
440070035003002,1
440070035003003,1
440070035003004,1
440070035003005,1
440070035003006,1
440070035003007,1
440070035003008,1
440070035003009,1
440070034002000,1
440070034002001,1
440070034002002,1
440070034002003,1
440070034002004,1
440070034002005,1
440070034002006,1
440070034002007,1
440070034002008,1
440070034002009,1
440070034002010,1
440070034002011,1
440070034002012,1
440070034002013,1
440070034002014,1
440070034002015,1
440070034002016,1
440070034002017,1
440070034002018,1
440070034002019,1
440070034002020,1
440070034002021,1
440070034002022,1
440070034002023,1
440070034002024,1
440070034002025,1
440070034002026,1
440070034002027,1
440070034002028,1
440070034002029,1
440070034002030,1
440070034002031,1
440070034002032,1
440070034002033,1
440070034002034,1
440070034002035,1
440070034002036,1
440070034002037,1
440070034002038,1
440070034002039,1
440070034002040,1
440070034002041,1
440070034002042,1
440070034002043,1
440070034002044,1
440070034003000,1
440070034003001,1
440070034003002,1
440070034003003,1
440070034003004,1
440070034003005,1
440070034003006,1
440070034003007,1
440070034003008,1
440070034003009,1
440070034003010,1
440070034003011,1
440070034003012,1
440070034003013,1
440070034003014,1
440070034003015,1
440070034003016,1
440070034003017,1
440070034003018,1
440070034003019,1
440070034003020,1
440070034003021,1
440070034003022,1
440070034003023,1
440070034003024,1
440070036011000,1
440070036011001,1
440070036011002,1
440070036011003,1
440070036011004,1
440070036011005,1
440070036011006,1
440070036011007,1
440070036011008,1
440070036011009,1
440070036011010,1
440070036011011,1
440070036011012,1
440070036011013,1
440070036011014,1
440070036011015,1
440070036011016,1
440070036011017,1
440070036011018,1
440070036011019,1
440070036011020,1
440070036011021,1
440070036011022,1
440070036011023,1
440070036011024,1
440070036011025,1
440070036011026,1
440070036011027,1
440070036011028,1
440070036011029,1
440070037002000,1
440070037002001,1
440070037002002,1
440070037002003,1
440070037002004,1
440070037002005,1
440070037002006,1
440070037002007,1
440070037002008,1
440070037002009,1
440070037002010,1
440070037002011,1
440070037002012,1
440070037002013,1
440070037002014,1
440070037002015,1
440070037002016,1
440070037002017,1
440070037002018,1
440070037002019,1
440070037002020,1
440070037002021,1
440070037002022,1
440070037002023,1
440070037002024,1
440070037002025,1
440070037002026,1
440070037002027,1
440070037002028,1
440070037002029,1
440070037002030,1
440070037002031,1
440070037002032,1
440070037002033,1
440070037002034,1
440070037002035,1
440070037002036,1
440070037002037,1
440070037002038,1
440070037002039,1
440070037002040,1
440070037002041,1
440070037002042,1
440070037002043,1
440070037002044,1
440070037002045,1
440070037002046,1
440070037002047,1
440070037002048,1
440070037002049,1
440070037002050,1
440070037002051,1
440070037002052,1
440070037002053,1
440070037002054,1
440070037002055,1
440070037001000,1
440070037001001,1
440070037001002,1
440070037001003,1
440070037001004,1
440070037001005,1
440070037001006,1
440070037001007,1
440070037001008,1
440070037001009,1
440070037001010,1
440070037001011,1
440070037001012,1
440070037001013,1
440070037001014,1
440070037001015,1
440070037001016,1
440070037004000,1
440070037004001,1
440070037004002,1
440070037004003,1
440070037004004,1
440070037004005,1
440070037004006,1
440070037004007,1
440070037004008,1
440070037004009,1
440070037004010,1
440070037004011,1
440070037003000,1
440070037003001,1
440070037003002,1
440070037003003,1
440070037003004,1
440070037003005,1
440070037003006,1
440070037003007,1
440070037003008,1
440070037003009,1
440070037003010,1
440070037003011,1
440070037003012,1
440070037003013,1
440070037003014,1
440070037003015,1
440070037003016,1
440070037003017,1
440070036012000,1
440070036012001,1
440070036012002,1
440070036012003,1
440070036012004,1
440070036012005,1
440070036012006,1
440070036012007,1
440070036012008,1
440070036012009,1
440070036012010,1
440070036012011,1
440070036012012,1
440070036012013,1
440070036012014,1
440070036012015,1
440070036012016,1
440070036012017,1
440070036012018,1
440070036012019,1
440070036012020,1
440070036021000,1
440070036021001,1
440070036021002,1
440070036021003,1
440070036021004,1
440070036021005,1
440070036021006,1
440070036021007,1
440070036021008,1
440070036023000,1
440070036023001,1
440070036023002,1
440070036023003,1
440070036023004,1
440070036023005,1
440070036023006,1
440070036023007,1
440070036023008,1
440070036023009,1
440070036023010,1
440070036023011,1
440070036023012,1
440070036023013,1
440070036023014,1
440070036023015,1
440070036023016,1
440070036023017,1
440070036023018,1
440070036023019,1
440070036023020,1
440070036023021,1
440070036023022,1
440070036023023,1
440070036023024,1
440070036023025,1
440070036022000,1
440070036022001,1
440070036022002,1
440070036022003,1
440070036022004,1
440070036022005,1
440070036022006,1
440070036022007,1
440070036022008,1
440070036022009,1
440070036022010,1
440070036022011,1
440070036022012,1
440070036022013,1
440070031001000,1
440070031001001,1
440070031001002,1
440070031001003,1
440070031001004,1
440070031001005,1
440070031001006,1
440070031001007,1
440070031001008,1
440070029005000,1
440070029005001,1
440070029005002,1
440070029005003,1
440070029005004,1
440070029005005,1
440070029005006,1
440070029005007,1
440070029005008,1
440070029005009,1
440070029005010,1
440070029005011,1
440070029005012,1
440070029005013,1
440070029005014,1
440070029005015,1
440070029005016,1
440070029005017,1
440070029005018,1
440070029005019,1
440070029005020,1
440070029005021,1
440070029005022,1
440070029005023,1
440070029005024,1
440070029005025,1
440070029005026,1
440070029005027,1
440070029005028,1
440070029005029,1
440070029005030,1
440070029005031,1
440070029005032,1
440070029005033,1
440070029005034,1
440070029005035,1
440070029005036,1
440070029005037,1
440070029005038,1
440070031002000,1
440070031002001,1
440070031002002,1
440070031002003,1
440070031002004,1
440070031002005,1
440070031002006,1
440070031002007,1
440070031002008,1
440070031002009,1
440070031002010,1
440070031002011,1
440070031002012,1
440070121043000,1
440070121043001,1
440070121043002,1
440070121043003,1
440070121043004,1
440070121043005,1
440070121043006,1
440070121043007,1
440070121043008,1
440070121043009,1
440070121043010,1
440070121043011,1
440070121043012,1
440070121043013,1
440070121043014,1
440070121043015,1
440070121043016,1
440070121043017,1
440070121043018,1
440070121043019,1
440070121043020,1
440070121043021,1
440070121043022,1
440070121043023,1
440070121043024,1
440070121043025,1
440070121043026,1
440070121043027,1
440070121043028,1
440070121043029,1
440070031003000,1
440070031003001,1
440070031003002,1
440070031003003,1
440070029003000,1
440070029003001,1
440070029003002,1
440070029003003,1
440070029003004,1
440070029003005,1
440070029003006,1
440070029003007,1
440070029003008,1
440070029003009,1
440070029003010,1
440070029003011,1
440070029003012,1
440070029003013,1
440070029003014,1
440070029003015,1
440070029003016,1
440070029003017,1
440070029003018,1
440070029003019,1
440070029003020,1
440070029003021,1
440070029003022,1
440070029003023,1
440070029003024,1
440070029003025,1
440070029002000,1
440070029002001,1
440070029002002,1
440070029002003,1
440070029002004,1
440070029002005,1
440070029002006,1
440070029002007,1
440070029002008,1
440070029002009,1
440070029002010,1
440070029002011,1
440070029004000,1
440070029004001,1
440070029004002,1
440070029004003,1
440070029004004,1
440070029004005,1
440070029004006,1
440070029004007,1
440070029004008,1
440070029004009,1
440070029004010,1
440070029004011,1
440070029004012,1
440070029004013,1
440070029004014,1
440070029004015,1
440070029004016,1
440070029004017,1
440070029004018,1
440070029004019,1
440070029004020,1
440070029004021,1
440070029004022,1
440070029004023,1
440070029004024,1
440070029004025,1
440070029004026,1
440070029004027,1
440070029004028,1
440070029004029,1
440070029004030,1
440070029004031,1
440070029004032,1
440070029004033,1
440070029004034,1
440070029004035,1
440070029004036,1
440070029004037,1
440070029004038,1
440070029004039,1
440070033004000,1
440070033004001,1
440070033004002,1
440070033004003,1
440070033004004,1
440070033004005,1
440070033004006,1
440070033004007,1
440070033004008,1
440070033004009,1
440070033004010,1
440070033004011,1
440070033004012,1
440070033004013,1
440070033004014,1
440070033004015,1
440070033004016,1
440070033004017,1
440070033004018,1
440070033004019,1
440070033004020,1
440070033004021,1
440070033004022,1
440070033004023,1
440070033004024,1
440070033004025,1
440070033004026,1
440070033004027,1
440070033004028,1
440070033004029,1
440070033004030,1
440070033004031,1
440070033004032,1
440070033004033,1
440070033004034,1
440070033004035,1
440070033004036,1
440070033004037,1
440070033004038,1
440070033004039,1
440070033004040,1
440070033004041,1
440070033004042,1
440070033004043,1
440070033004044,1
440070033004045,1
440070033004046,1
440070033004047,1
440070033004048,1
440070033004049,1
440070033004050,1
440070033004051,1
440070033004052,1
440070033002000,1
440070033002001,1
440070033002002,1
440070033002003,1
440070033002004,1
440070033002005,1
440070033002006,1
440070033002007,1
440070033002008,1
440070033002009,1
440070033002010,1
440070033002011,1
440070033002012,1
440070033002013,1
440070033002014,1
440070033002015,1
440070033002016,1
440070033002017,1
440070033003000,1
440070033003001,1
440070033003002,1
440070033003003,1
440070033003004,1
440070033003005,1
440070033003006,1
440070033003007,1
440070033003008,1
440070033003009,1
440070033003010,1
440070033003011,1
440070033003012,1
440070033003013,1
440070033003014,1
440070033003015,1
440070033003016,1
440070033003017,1
440070033003018,1
440070033003019,1
440070033003020,1
440070033003021,1
440070033003022,1
440070032003000,1
440070032003001,1
440070032003002,1
440070032003003,1
440070032003004,1
440070032003005,1
440070032003006,1
440070032003007,1
440070032003008,1
440070032003009,1
440070032003010,1
440070032003011,1
440070032003012,1
440070032003013,1
440070032002000,1
440070032002001,1
440070032002002,1
440070032002003,1
440070032002004,1
440070032002005,1
440070032002006,1
440070032002007,1
440070032002008,1
440070032002009,1
440070032002010,1
440070032002011,1
440070032002012,1
440070032002013,1
440070032002014,1
440070032001000,1
440070032001001,1
440070032001002,1
440070032001003,1
440070032001004,1
440070032001005,1
440070032001006,1
440070032004000,1
440070032004001,1
440070032004002,1
440070032004003,1
440070032004004,1
440070032004005,1
440070032004006,1
440070032004007,1
440070032004008,1
440070032004009,1
440070032004010,1
440070032004011,1
440070032004012,1
440070032004013,1
440070032004014,1
440070033001000,1
440070033001001,1
440070033001002,1
440070033001003,1
440070033001004,1
440070033001005,1
440070033001006,1
440070033001007,1
440070033001008,1
440070033001009,1
440070033001010,1
440070033001011,1
440070033001012,1
440070033001013,1
440070033001014,1
440070033001015,1
440070033001016,1
440070033001017,1
440070033001018,1
440070033001019,1
440050409002000,1
440050409002001,1
440050409002002,1
440050409002003,1
440050409002004,1
440050409002005,1
440050409002006,1
440050409002007,1
440050409002008,1
440050409002009,1
440050409002010,1
440050409002011,1
440050409002012,1
440050409002013,1
440050409002014,1
440050409002015,1
440050409002016,1
440050409002017,1
440050409002018,1
440050409002019,1
440050409002020,1
440050409002021,1
440050409002022,1
440050409002023,1
440050409002024,1
440050409002025,1
440050409002026,1
440050409002027,1
440050409002028,1
440050409002029,1
440050409002030,1
440050409002031,1
440050409002032,1
440050409002033,1
440050409002034,1
440050409002035,1
440050409002036,1
440050409002037,1
440050409002038,1
440050409002039,1
440050409002040,1
440050409002041,1
440050409002042,1
440050409002043,1
440050409002044,1
440050409002045,1
440050409002046,1
440050409002047,1
440050409002048,1
440050409002049,1
440050409002050,1
440050409002051,1
440050409002052,1
440050409002053,1
440050409002054,1
440050409002055,1
440050409002056,1
440050409002057,1
440050409002058,1
440050409002059,1
440050409002060,1
440050409002061,1
440050409002062,1
440050409002063,1
440050409002064,1
440050409002065,1
440050409002066,1
440050409002067,1
440050409002068,1
440050409002069,1
440050409002070,1
440050409002071,1
440050409002072,1
440050409002073,1
440050409002074,1
440050409002075,1
440050409002076,1
440050409002077,1
440050409002078,1
440050409002079,1
440050409002080,1
440050409002081,1
440050409002082,1
440050409002083,1
440050409002084,1
440050409002085,1
440050409002086,1
440050409002087,1
440050409002088,1
440050409002089,1
440050409002090,1
440050409002091,1
440050409002092,1
440050409002093,1
440050409002094,1
440050409002095,1
440050409002096,1
440050409002097,1
440050409002098,1
440050409002099,1
440050409002100,1
440050409002101,1
440050409002102,1
440050409002103,1
440050409002104,1
440050409002105,1
440050409002106,1
440050409002107,1
440050409002108,1
440050409003000,1
440050409003001,1
440050409003002,1
440050409003003,1
440050409003004,1
440050409003005,1
440050409003006,1
440050409003007,1
440050409003008,1
440050409003009,1
440050409003010,1
440050409003011,1
440050409003012,1
440050409003013,1
440050409003014,1
440050409003015,1
440050409003016,1
440050409003017,1
440050409003018,1
440050409003019,1
440050409003020,1
440050409003021,1
440050409003022,1
440050409003023,1
440050409003024,1
440050409003025,1
440050409003026,1
440050409003027,1
440050410001000,1
440050410001001,1
440050410001002,1
440050410001003,1
440050410001004,1
440050410001005,1
440050410001006,1
440050410001007,1
440050410001008,1
440050410001009,1
440050410001010,1
440050410001011,1
440050410001012,1
440050410001013,1
440050410001014,1
440050410001015,1
440050410001016,1
440050410001017,1
440050410001018,1
440050410001019,1
440050410001020,1
440050410001021,1
440050410001022,1
440050410001023,1
440050410001024,1
440050410001025,1
440050410001026,1
440050410001027,1
440050410001028,1
440050410001029,1
440050410001030,1
440050410001031,1
440050410001032,1
440050410001033,1
440050410001034,1
440050410001035,1
440050410001036,1
440050410001037,1
440050410001038,1
440050410001039,1
440050410001040,1
440050410001041,1
440050410001042,1
440050409004000,1
440050409004001,1
440050409004002,1
440050409004003,1
440050409004004,1
440050409004005,1
440050409004006,1
440050409001000,1
440050409001001,1
440050409001002,1
440050409001003,1
440050409001004,1
440050409001005,1
440050409001006,1
440050409001007,1
440050409001008,1
440050409001009,1
440050409001010,1
440050409001011,1
440050409001012,1
440050409001013,1
440050409001014,1
440050408003000,1
440050408003001,1
440050408003002,1
440050408003003,1
440050408003004,1
440050408003005,1
440050408003006,1
440050408003007,1
440050408003008,1
440050408003009,1
440050408003010,1
440050408003011,1
440050408003012,1
440050408003013,1
440050408003014,1
440050408003015,1
440050408003016,1
440050408002000,1
440050408002001,1
440050408002002,1
440050408002003,1
440050408002004,1
440050408002005,1
440050408002006,1
440050408002007,1
440050408002008,1
440050408002009,1
440050408002010,1
440050408002011,1
440050408002012,1
440050408002013,1
440050408002014,1
440050408002015,1
440050408002016,1
440050408002017,1
440050408002018,1
440050408002019,1
440050408002020,1
440050408002021,1
440050408002022,1
440050408002023,1
440050412001000,1
440050412001001,1
440050412001002,1
440050412001003,1
440050412001004,1
440050412001005,1
440050412001006,1
440050412001007,1
440050412001008,1
440050412001009,1
440050412001010,1
440050412001011,1
440050412001012,1
440050412001013,1
440050412001014,1
440050412001015,1
440050412001016,1
440050412001017,1
440050412001018,1
440050412001019,1
440050412001020,1
440050412001021,1
440050412001022,1
440050412001023,1
440050412001024,1
440050412001025,1
440050412001026,1
440050412001027,1
440050412001028,1
440050412001029,1
440050412001030,1
440050412001031,1
440050412001032,1
440050412001033,1
440050412001034,1
440050412001035,1
440050412001036,1
440050412001037,1
440050412001038,1
440050412001039,1
440050412001040,1
440050412001041,1
440050412001042,1
440050412001043,1
440050412001044,1
440050412001045,1
440050412001046,1
440050412001047,1
440050412001048,1
440050412001049,1
440050412001050,1
440050412001051,1
440050412001052,1
440050412001053,1
440050412001054,1
440050412001055,1
440050412001056,1
440050412001057,1
440050412001058,1
440050412001059,1
440050412001060,1
440050412001061,1
440050412001062,1
440050412001063,1
440050412001064,1
440050412001065,1
440050412001066,1
440050412001067,1
440050412001068,1
440050412001069,1
440050412001070,1
440050412001071,1
440050412001072,1
440050412001073,1
440050412001074,1
440050412001075,1
440050412001076,1
440050412001077,1
440050412001078,1
440050412001079,1
440050412001080,1
440050412001081,1
440050412001082,1
440050412001083,1
440050412001084,1
440050412001085,1
440050411003000,1
440050411003001,1
440050411003002,1
440050411003003,1
440050411003004,1
440050411003005,1
440050411003006,1
440050411003007,1
440050411003008,1
440050411003009,1
440050411003010,1
440050411003011,1
440050411003012,1
440050411003013,1
440050411003014,1
440050411003015,1
440050411003016,1
440050411003017,1
440050411003018,1
440050411003019,1
440050411003020,1
440050411003021,1
440050411003022,1
440050411003023,1
440050411003024,1
440050411003025,1
440050411003026,1
440050411003027,1
440050411003028,1
440050411003029,1
440050411003030,1
440050411003031,1
440050411003032,1
440050411003033,1
440050411003034,1
440050410002000,1
440050410002001,1
440050410002002,1
440050410002003,1
440050410002004,1
440050410002005,1
440050410002006,1
440050410002007,1
440050410002008,1
440050410002009,1
440050410002010,1
440050410002011,1
440050410002012,1
440050410002013,1
440050410002014,1
440050410002015,1
440050410002016,1
440050410002017,1
440050410002018,1
440050410002019,1
440050410002020,1
440050410002021,1
440050410002022,1
440050410002023,1
440050410002024,1
440050410002025,1
440050410002026,1
440050410002027,1
440050410002028,1
440050410002029,1
440050410002030,1
440050410002031,1
440050410002032,1
440050410002033,1
440050410002034,1
440050411002000,1
440050411002001,1
440050411002002,1
440050411002003,1
440050411002004,1
440050411002005,1
440050411002006,1
440050411002007,1
440050411001000,1
440050411001001,1
440050411001002,1
440050411001003,1
440050411001004,1
440050411001005,1
440050411001006,1
440050411001007,1
440050411001008,1
440050411001009,1
440050411001010,1
440050411001011,1
440050411001012,1
440050411001013,1
440050411001014,1
440050411001015,1
440050411001016,1
440050411001017,1
440050411001018,1
440050411001019,1
440050411001020,1
440050411001021,1
440050411001022,1
440050411001023,1
440050411001024,1
440050411001025,1
440050411001026,1
440050411001027,1
440050411001028,1
440050405002000,1
440050405002001,1
440050405002002,1
440050405002003,1
440050405002004,1
440050405002005,1
440050405002006,1
440050405002007,1
440050405002008,1
440050405002009,1
440050405002010,1
440050405002011,1
440050405002012,1
440050405002013,1
440050405002014,1
440050405002015,1
440050405002016,1
440050405002017,1
440050405002018,1
440050405002019,1
440050405002020,1
440050405002021,1
440050405002022,1
440050405002023,1
440050405002024,1
440050405002025,1
440050405002026,1
440050405002027,1
440050405002028,1
440050405002029,1
440050405002030,1
440050405002031,1
440050405002032,1
440050405002033,1
440050405002034,1
440050405002035,1
440050405002036,1
440050405002037,1
440050405002038,1
440050405002039,1
440050405002040,1
440050405002041,1
440050405002042,1
440050405002043,1
440050405002044,1
440050405002045,1
440050405001000,1
440050405001001,1
440050405001002,1
440050405001003,1
440050405001004,1
440050405001005,1
440050405001006,1
440050405001007,1
440050405001008,1
440050405001009,1
440050405001010,1
440050405001011,1
440050405001012,1
440050405001013,1
440050405001014,1
440050405001015,1
440050405001016,1
440050405001017,1
440050405001018,1
440050405001019,1
440050405001020,1
440050405001021,1
440050405001022,1
440050405001023,1
440050405001024,1
440050405001025,1
440050405001026,1
440050405001027,1
440050405001028,1
440050405001029,1
440050405001030,1
440050405001031,1
440050405001032,1
440050405001033,1
440050405001034,1
440050405001035,1
440050405001036,1
440050406001000,1
440050406001001,1
440050406001002,1
440050406001003,1
440050406001004,1
440050406001005,1
440050406001006,1
440050406001007,1
440050406001008,1
440050406001009,1
440050406001010,1
440050406001011,1
440050406001012,1
440050406001013,1
440050406001014,1
440050406001015,1
440050406001016,1
440050406001017,1
440050406001018,1
440050406001019,1
440050406001020,1
440050406001021,1
440050406001022,1
440050405003000,1
440050405003001,1
440050405003002,1
440050405003003,1
440050405003004,1
440050405003005,1
440050405003006,1
440050405003007,1
440050405003008,1
440050405003009,1
440050405003010,1
440050405003011,1
440050405003012,1
440050404003000,1
440050404003001,1
440050404003002,1
440050404003003,1
440050404003004,1
440050404003005,1
440050404003006,1
440050404003007,1
440050404003008,1
440050404003009,1
440050404003010,1
440050404003011,1
440050404003012,1
440050404003013,1
440050404003014,1
440050404003015,1
440050404003016,1
440050404003017,1
440050404003018,1
440050404003019,1
440050404003020,1
440050404003021,1
440050404003022,1
440050404003023,1
440050404003024,1
440050404003025,1
440050404003026,1
440050404003027,1
440050404003028,1
440050404003029,1
440050404003030,1
440050404003031,1
440050404003032,1
440050404003033,1
440050404003034,1
440050404003035,1
440050404003036,1
440050404003037,1
440050404003038,1
440050404003039,1
440050404003040,1
440050404003041,1
440050404003042,1
440050404003043,1
440050404003044,1
440050404003045,1
440050404003046,1
440050404003047,1
440050404003048,1
440050404003049,1
440050404003050,1
440050404003051,1
440050404003052,1
440050404003053,1
440050404003054,1
440050404003055,1
440050404003056,1
440050407003000,1
440050407003001,1
440050407003002,1
440050407003003,1
440050407003004,1
440050407003005,1
440050407003006,1
440050407003007,1
440050407003008,1
440050407003009,1
440050407003010,1
440050407003011,1
440050407003012,1
440050407003013,1
440050407003014,1
440050407003015,1
440050407003016,1
440050407003017,1
440050407003018,1
440050407003019,1
440050407003020,1
440050407003021,1
440050407003022,1
440050407002000,1
440050407002001,1
440050407002002,1
440050407002003,1
440050407002004,1
440050407002005,1
440050407002006,1
440050407002007,1
440050407002008,1
440050407002009,1
440050407002010,1
440050407002011,1
440050407002012,1
440050407002013,1
440050407002014,1
440050407002015,1
440050407002016,1
440050407002017,1
440050407002018,1
440050407002019,1
440050407002020,1
440050407002021,1
440050407002022,1
440050407002023,1
440050407002024,1
440050407002025,1
440050407002026,1
440050407002027,1
440050407002028,1
440050407002029,1
440050407002030,1
440050407002031,1
440050407002032,1
440050407002033,1
440050407002034,1
440050407002035,1
440050407002036,1
440050407002037,1
440050407002038,1
440050407002039,1
440050407002040,1
440050408001000,1
440050408001001,1
440050408001002,1
440050408001003,1
440050408001004,1
440050408001005,1
440050408001006,1
440050408001007,1
440050408001008,1
440050408001009,1
440050408001010,1
440050408001011,1
440050408001012,1
440050408001013,1
440050408001014,1
440050408001015,1
440050408001016,1
440050408001017,1
440050408001018,1
440050408001019,1
440050408001020,1
440050408001021,1
440050408001022,1
440050408001023,1
440050408001024,1
440050408001025,1
440050408001026,1
440050408001027,1
440050408001028,1
440050408001029,1
440050408001030,1
440050408001031,1
440050408001032,1
440050408001033,1
440050408001034,1
440050408001035,1
440050406004000,1
440050406004001,1
440050406004002,1
440050406004003,1
440050406004004,1
440050406004005,1
440050406004006,1
440050406004007,1
440050406004008,1
440050406004009,1
440050406004010,1
440050406004011,1
440050406004012,1
440050406004013,1
440050406004014,1
440050406004015,1
440050406004016,1
440050406004017,1
440050406004018,1
440050406004019,1
440050406004020,1
440050406004021,1
440050406004022,1
440050406004023,1
440050406004024,1
440050406004025,1
440050406004026,1
440050406003000,1
440050406003001,1
440050406003002,1
440050406003003,1
440050406003004,1
440050406003005,1
440050406003006,1
440050406003007,1
440050406003008,1
440050406003009,1
440050406003010,1
440050406003011,1
440050406003012,1
440050406003013,1
440050406003014,1
440050406003015,1
440050406003016,1
440050406003017,1
440050406002000,1
440050406002001,1
440050406002002,1
440050406002003,1
440050406002004,1
440050406002005,1
440050406002006,1
440050406002007,1
440050406002008,1
440050406002009,1
440050406002010,1
440050406002011,1
440050407001000,1
440050407001001,1
440050407001002,1
440050407001003,1
440050407001004,1
440050407001005,1
440050407001006,1
440050407001007,1
440050407001008,1
440050407001009,1
440050407001010,1
440050407001011,1
440050407001012,1
440050407001013,1
440050407001014,1
440050407001015,1
440050407001016,1
440050407001017,1
440050407001018,1
440050407001019,1
440050407001020,1
440050407001021,1
440050407001022,1
440050407001023,1
440050407001024,1
440050407001025,1
440050407001026,1
440050407001027,1
440050407001028,1
440050407001029,1
440050407001030,1
440050417011000,1
440050417011001,1
440050417011002,1
440050417011003,1
440050417011004,1
440050417011005,1
440050417011006,1
440050417011007,1
440050417011008,1
440050417011009,1
440050417011010,1
440050417011011,1
440050417011012,1
440050417011013,1
440050417011014,1
440050417011015,1
440050417011016,1
440050417011017,1
440050417011018,1
440050417011019,1
440050417011020,1
440050417011021,1
440050417011022,1
440050417011023,1
440050417011024,1
440050417011025,1
440050417011026,1
440050417011027,1
440050417011028,1
440050417011029,1
440050417011030,1
440050417011031,1
440050417011032,1
440050417011033,1
440050417011034,1
440050417011035,1
440050417011036,1
440050417011037,1
440050417011038,1
440050417011039,1
440050417011040,1
440050417011041,1
440050417011042,1
440050417011043,1
440050417011044,1
440050417011045,1
440050417011046,1
440050417011047,1
440050417011048,1
440050417011049,1
440050417011050,1
440050417011051,1
440050417011052,1
440050417011053,1
440050417011054,1
440050417011055,1
440050417011056,1
440050417011057,1
440050417011058,1
440050417011059,1
440050417011060,1
440050417011061,1
440050417011062,1
440050417011063,1
440050417011064,1
440050417011065,1
440050417011066,1
440050417011067,1
440050417011068,1
440050417011069,1
440050417011070,1
440050417011071,1
440050417011072,1
440050417011073,1
440050417011074,1
440050417011075,1
440050416022000,1
440050416022001,1
440050416022002,1
440050416022003,1
440050416022004,1
440050416022005,1
440050416022006,1
440050416022007,1
440050416022008,1
440050416022009,1
440050416022010,1
440050416022011,1
440050416022012,1
440050416022013,1
440050416022014,1
440050416022015,1
440050416022016,1
440050416022017,1
440050416022018,1
440050416022019,1
440050416022020,1
440050416022021,1
440050416022022,1
440050416022023,1
440050416022024,1
440050416022025,1
440050416022026,1
440050416022027,1
440050416022028,1
440050416022029,1
440050416022030,1
440050416022031,1
440050416022032,1
440050416022033,1
440050416022034,1
440050416022035,1
440050416022036,1
440050416022037,1
440050416022038,1
440050416022039,1
440050416022040,1
440050416022041,1
440050416022042,1
440050416022043,1
440050416022044,1
440050416022045,1
440050416022046,1
440050416022047,1
440050416022048,1
440050416022049,1
440050416022050,1
440050416022051,1
440050416022052,1
440050416022053,1
440050416022054,1
440050416022055,1
440050416022056,1
440050416022057,1
440050416022058,1
440050416022059,1
440050416022060,1
440050416022061,1
440050416022062,1
440050416022063,1
440050417021000,1
440050417021001,1
440050417021002,1
440050417021003,1
440050417021004,1
440050417021005,1
440050417021006,1
440050417021007,1
440050417021008,1
440050417021009,1
440050417021010,1
440050417021011,1
440050417021012,1
440050417021013,1
440050417021014,1
440050417021015,1
440050417021016,1
440050417021017,1
440050417021018,1
440050417021019,1
440050417021020,1
440050417021021,1
440050417021022,1
440050417021023,1
440050417021024,1
440050417021025,1
440050417021026,1
440050417021027,1
440050417021028,1
440050416012000,1
440050416012001,1
440050416012002,1
440050416012003,1
440050416012004,1
440050416012005,1
440050416012006,1
440050416012007,1
440050416012008,1
440050416012009,1
440050416012010,1
440050416012011,1
440050416012012,1
440050416012013,1
440050416012014,1
440050416012015,1
440050416012016,1
440050416012017,1
440050416012018,1
440050416012019,1
440050416012020,1
440050416012021,1
440050416012022,1
440050416012023,1
440050416012024,1
440050416012025,1
440050416012026,1
440050416012027,1
440050416012028,1
440050416012029,1
440050416012030,1
440050416012031,1
440050416012032,1
440050416021000,1
440050416021001,1
440050416021002,1
440050416021003,1
440050416021004,1
440050416021005,1
440050416021006,1
440050416021007,1
440050416021008,1
440050416021009,1
440050416021010,1
440050416021011,1
440050416021012,1
440050416021013,1
440050416021014,1
440050416021015,1
440050416021016,1
440050416021017,1
440050416021018,1
440050416021019,1
440050416021020,1
440050416021021,1
440050416021022,1
440050416021023,1
440050416021024,1
440050416021025,1
440050416021026,1
440050416021027,1
440050416021028,1
440050416021029,1
440050416021030,1
440050416021031,1
440050416021032,1
440050416021033,1
440050416021034,1
440050416021035,1
440050416021036,1
440050416021037,1
440050416021038,1
440059900000001,1
440059900000002,1
440059900000003,1
440059900000004,1
440059900000005,1
440059900000006,1
440059900000007,1
440059900000008,1
440059900000009,1
440059900000010,1
440059900000011,1
440059900000012,1
440059900000013,1
440059900000014,1
440059900000015,1
440059900000016,1
440059900000017,1
440059900000018,1
440059900000019,1
440059900000020,1
440059900000021,1
440059900000022,1
440059900000023,1
440059900000024,1
440059900000025,1
440059900000026,1
440059900000027,1
440059900000028,1
440059900000029,1
440059900000030,1
440059900000031,1
440059900000032,1
440059900000033,1
440059900000034,1
440059900000035,1
440059900000036,1
440059900000037,1
440059900000038,1
440059900000039,1
440059900000040,1
440059900000041,1
440059900000042,1
440059900000043,1
440059900000044,1
440059900000045,1
440059900000046,1
440059900000047,1
440059900000048,1
440059900000049,1
440059900000050,1
440059900000051,1
440059900000052,1
440059900000053,1
440059900000054,1
440059900000055,1
440059900000056,1
440059900000057,1
440059900000058,1
440059900000059,1
440059900000060,1
440059900000061,1
440059900000062,1
440059900000063,1
440059900000064,1
440059900000065,1
440059900000066,1
440059900000067,1
440059900000068,1
440059900000069,1
440059900000070,1
440059900000071,1
440059900000072,1
440059900000073,1
440059900000074,1
440059900000075,1
440059900000076,1
440059900000077,1
440070001012000,1
440070001012001,1
440070001012002,1
440070001012003,1
440070001012004,1
440070001012005,1
440070001012006,1
440070001012007,1
440070001011000,1
440070001011001,1
440070001011002,1
440070001011003,1
440070001011004,1
440070001011005,1
440070001011006,1
440070001011007,1
440070001011008,1
440070001011009,1
440070001011010,1
440070001011011,1
440070001011012,1
440070001011013,1
440070001011014,1
440050417022000,1
440050417022001,1
440050417022002,1
440050417022003,1
440050417022004,1
440050417022005,1
440050417022006,1
440050417022007,1
440050417022008,1
440050417022009,1
440050417022010,1
440050417022011,1
440050417022012,1
440050417022013,1
440050417022014,1
440050417022015,1
440050417022016,1
440050417022017,1
440050417022018,1
440050417022019,1
440050417022020,1
440050417022021,1
440050417022022,1
440050417022023,1
440050417022024,1
440050417022025,1
440050417022026,1
440050417022027,1
440050417022028,1
440050417022029,1
440050417022030,1
440050417022031,1
440050417023000,1
440050417023001,1
440050417023002,1
440050417023003,1
440050417023004,1
440050417023005,1
440050417023006,1
440050417023007,1
440050417023008,1
440050417023009,1
440050417023010,1
440050417023011,1
440050417023012,1
440050417023013,1
440050417023014,1
440050417023015,1
440050417023016,1
440050417023017,1
440050417023018,1
440050417023019,1
440050417023020,1
440050417023021,1
440050417023022,1
440050417023023,1
440050417023024,1
440050417023025,1
440050417023026,1
440050417023027,1
440050417023028,1
440050417023029,1
440050417023030,1
440050417023031,1
440050417023032,1
440050417023033,1
440050417023034,1
440050417023035,1
440050417023036,1
440050417023037,1
440050417023038,1
440050413004000,1
440050413004001,1
440050413004002,1
440050413004003,1
440050413004004,1
440050413004005,1
440050413004006,1
440050413004007,1
440050413004008,1
440050413004009,1
440050413004010,1
440050413004011,1
440050413004012,1
440050413004013,1
440050413004014,1
440050413004015,1
440050413004016,1
440050413004017,1
440050413004018,1
440050413004019,1
440050413004020,1
440050413004021,1
440050413004022,1
440050413004023,1
440050413004024,1
440050413004025,1
440050413004026,1
440050413004027,1
440050413004028,1
440050413004029,1
440050413004030,1
440050413004031,1
440050413004032,1
440050413004033,1
440050413004034,1
440050413004035,1
440050413004036,1
440050413004037,1
440050413004038,1
440050413004039,1
440050413004040,1
440050413004041,1
440050413004042,1
440050413004043,1
440050413004044,1
440050413004045,1
440050413004046,1
440050413004047,1
440050413004048,1
440050413004049,1
440050413004050,1
440050413004051,1
440050413004052,1
440050413004053,1
440050413004054,1
440050413004055,1
440050413004056,1
440050413004057,1
440050413004058,1
440050413004059,1
440050413004060,1
440050413004061,1
440050413004062,1
440050413004063,1
440050413004064,1
440050413004065,1
440050413004066,1
440050413004067,1
440050413004068,1
440050413004069,1
440050413004070,1
440050413005000,1
440050413005001,1
440050413005002,1
440050413005003,1
440050413005004,1
440050413005005,1
440050413005006,1
440050413005007,1
440050413005008,1
440050413005009,1
440050413005010,1
440050413005011,1
440050413005012,1
440050413005013,1
440050413005014,1
440050413005015,1
440050413005016,1
440050413005017,1
440050413005018,1
440050413005019,1
440050413005020,1
440050413005021,1
440050413005022,1
440050413005023,1
440050413005024,1
440050413005025,1
440050413005026,1
440050413005027,1
440050413005028,1
440050413005029,1
440050413005030,1
440050413005031,1
440050413005032,1
440050413005033,1
440050413005034,1
440050413005035,1
440050413005036,1
440050413005037,1
440050413005038,1
440050413005039,1
440050413005040,1
440050413005041,1
440050413005042,1
440050413005043,1
440050413005044,1
440050413005045,1
440050413005046,1
440050413005047,1
440050413005048,1
440050413005049,1
440050413005050,1
440050413005051,1
440050413005052,1
440050413005053,1
440050413005054,1
440050413005055,1
440050413005056,1
440050413005057,1
440050413005058,1
440050413005059,1
440050413005060,1
440050413005061,1
440050413005062,1
440050413005063,1
440050413001000,1
440050413001001,1
440050413001002,1
440050413001003,1
440050413001004,1
440050413001005,1
440050413001006,1
440050413001007,1
440050413001008,1
440050413001009,1
440050413001010,1
440050413001011,1
440050413001012,1
440050413001013,1
440050413001014,1
440050413001015,1
440050413001016,1
440050413001017,1
440050413001018,1
440050413001019,1
440050413001020,1
440050413001021,1
440050413001022,1
440050413001023,1
440050413001024,1
440050413001025,1
440050413001026,1
440050413001027,1
440050413001028,1
440050413001029,1
440050413001030,1
440050413001031,1
440050413001032,1
440050413001033,1
440050413001034,1
440050413001035,1
440050413001036,1
440050413001037,1
440050413001038,1
440050413001039,1
440050413001040,1
440050413001041,1
440050413001042,1
440050413001043,1
440050413001044,1
440050413001045,1
440050413003000,1
440050413003001,1
440050413003002,1
440050413003003,1
440050413003004,1
440050413003005,1
440050413003006,1
440050413003007,1
440050413003008,1
440050413003009,1
440050413003010,1
440050413003011,1
440050413003012,1
440050413003013,1
440050413003014,1
440050413003015,1
440050413003016,1
440050413003017,1
440050413003018,1
440050413003019,1
440050413003020,1
440050413003021,1
440050413002000,1
440050413002001,1
440050413002002,1
440050413002003,1
440050413002004,1
440050413002005,1
440050413002006,1
440050413002007,1
440050413002008,1
440050413002009,1
440050413002010,1
440050413002011,1
440050413002012,1
440050413002013,1
440050413002014,1
440050413002015,1
440050413002016,1
440050413002017,1
440050413002018,1
440050413002019,1
440050413002020,1
440050414002000,1
440050414002001,1
440050414002002,1
440050414002003,1
440050414002004,1
440050414002005,1
440050414002006,1
440050414002007,1
440050414002008,1
440050414002009,1
440050414002010,1
440050414002011,1
440050414002012,1
440050414002013,1
440050414002014,1
440050414002015,1
440050414002016,1
440050414002017,1
440050414002018,1
440050414002019,1
440050414002020,1
440050414002021,1
440050414002022,1
440050414002023,1
440050414002024,1
440050414002025,1
440050414002026,1
440050414002027,1
440050414002028,1
440050414002029,1
440050414002030,1
440050414002031,1
440050414002032,1
440050414002033,1
440050414002034,1
440050414002035,1
440050414002036,1
440050414002037,1
440050414002038,1
440050414002039,1
440050414002040,1
440050414002041,1
440050414002042,1
440050414002043,1
440050414002044,1
440050414002045,1
440050414002046,1
440050414002047,1
440050414002048,1
440050414002049,1
440050414002050,1
440050414002051,1
440050414002052,1
440050414002053,1
440050414002054,1
440050414002055,1
440050414002056,1
440050414002057,1
440050414002058,1
440050414002059,1
440050414002060,1
440050414002061,1
440050414002062,1
440050414002063,1
440050414002064,1
440050414002065,1
440050414002066,1
440050414002067,1
440050414002068,1
440050414002069,1
440050414002070,1
440050414002071,1
440050414002072,1
440050414002073,1
440050414002074,1
440050414002075,1
440050414002076,1
440050414002077,1
440050414002078,1
440050414002079,1
440050414002080,1
440050414002081,1
440050414002082,1
440050414002083,1
440050414002084,1
440050414002085,1
440050414002086,1
440050414002087,1
440050414002088,1
440050414002089,1
440050414002090,1
440050414002091,1
440050416011000,1
440050416011001,1
440050416011002,1
440050416011003,1
440050416011004,1
440050416011005,1
440050416011006,1
440050416011007,1
440050416011008,1
440050416011009,1
440050416011010,1
440050416011011,1
440050416011012,1
440050416011013,1
440050416011014,1
440050416011015,1
440050416011016,1
440050416011017,1
440050416011018,1
440050416011019,1
440050416011020,1
440050416011021,1
440050416011022,1
440050416011023,1
440050416011024,1
440050416011025,1
440050416011026,1
440050414001000,1
440050414001001,1
440050414001002,1
440050414001003,1
440050414001004,1
440050414001005,1
440050414001006,1
440050414001007,1
440050414001008,1
440050414001009,1
440050414001010,1
440050414001011,1
440050414001012,1
440050414001013,1
440050414001014,1
440050414001015,1
440050414001016,1
440050414001017,1
440050414001018,1
440050414001019,1
440050414001020,1
440050414001021,1
440050414001022,1
440050414001023,1
440050414001024,1
440050414001025,1
440050414001026,1
440050414001027,1
440050414001028,1
440050414001029,1
440050414001030,1
440050414001031,1
440050414001032,1
440050414001033,1
440050414001034,1
440050414001035,1
440050414001036,1
440050414001037,1
440050414001038,1
440050414001039,1
440050414001040,1
440070116001000,1
440070116001001,1
440070116001002,1
440070116001003,1
440070116001004,1
440070116001005,1
440070116001006,1
440070116001007,1
440070116001008,1
440070116001009,1
440070116001010,1
440070116001011,1
440070116001012,1
440070116001013,1
440070116001014,1
440070116001015,1
440070116001016,1
440070116001017,1
440070116001018,1
440070116001019,1
440070116001020,1
440070116001021,1
440070116001022,1
440070116001023,1
440070116001024,1
440070116001025,1
440070116001026,1
440070116002000,1
440070116002001,1
440070116002002,1
440070116002003,1
440070116002004,1
440070116002005,1
440070116002006,1
440070116002007,1
440070116002008,1
440070116002009,1
440070116002010,1
440070116002011,1
440070116002012,1
440070116002013,1
440070116002014,1
440070116002015,1
440070116002016,1
440070116002017,1
440070116002018,1
440070116002019,1
440070116002020,1
440070116002021,1
440070116002022,1
440070116002023,1
440070116002024,1
440070116002025,1
440070116002026,1
440070116002027,1
440070116002028,1
440070116002029,1
440070116002030,1
440070116002031,1
440070116002032,1
440070116002033,1
440070116002034,1
440070116002035,1
440070116002036,1
440070116002037,1
440070116002038,1
440070116002039,1
440070116002040,1
440070116002041,1
440070116002042,1
440070116002043,1
440070116002044,1
440070116002045,1
440070116002046,1
440070116002047,1
440070116002048,1
440070116002049,1
440070116002050,1
440070116002051,1
440070116002052,1
440070116002053,1
440070116002054,1
440070116002055,1
440070116002056,1
440070116002057,1
440070116002058,1
440070108001000,1
440070108001001,1
440070108001002,1
440070108001003,1
440070108001004,1
440070108001005,1
440070108001006,1
440070108001007,1
440070108001008,1
440070108001009,1
440070108001010,1
440070108001011,1
440070108001012,1
440070108001013,1
440070108001014,1
440070108001015,1
440070108001016,1
440070108001017,1
440070108001018,1
440070108001019,1
440070108001020,1
440070108001021,1
440070108001022,1
440070108001023,1
440070108001024,1
440070108001025,1
440070108001026,1
440070108001027,1
440070108001028,1
440070115004000,1
440070115004001,1
440070115004002,1
440070115004003,1
440070115004004,1
440070115004005,1
440070115004006,1
440070115004007,1
440070115004008,1
440070115004009,1
440070115004010,1
440070115004011,1
440070115004012,1
440070115004013,1
440070115004014,1
440070115004015,1
440070115004016,1
440070115004017,1
440070115004018,1
440070115004019,1
440070115004020,1
440070115004021,1
440070115004022,1
440070115004023,1
440070115004024,1
440070115004025,1
440070115004026,1
440070115004027,1
440070115004028,1
440070115004029,1
440070115004030,1
440070115004031,1
440070115004032,1
440070108002000,1
440070108002001,1
440070108002002,1
440070108002003,1
440070108002004,1
440070108002005,1
440070108002006,1
440070108002007,1
440070108002008,1
440070108002009,1
440070108002010,1
440070108002011,1
440070116004000,1
440070116004001,1
440070116004002,1
440070116004003,1
440070116004004,1
440070116004005,1
440070116004006,1
440070116004007,1
440070116004008,1
440070116004009,1
440070116004010,1
440070116004011,1
440070116004012,1
440070116004013,1
440070116004014,1
440070116004015,1
440070116004016,1
440070116004017,1
440070116004018,1
440070116004019,1
440070116004020,1
440070116004021,1
440070116004022,1
440070116004023,1
440070116004024,1
440070116004025,1
440070116004026,1
440070116004027,1
440070116004028,1
440070116004029,1
440070116004030,1
440070116004031,1
440070116004032,1
440070116004033,1
440070116004034,1
440070116004035,1
440070116004036,1
440070116004037,1
440070116004038,1
440070116004039,1
440070116004040,1
440070116004041,1
440070116004042,1
440070116004043,1
440070116004044,1
440070116004045,1
440070116004046,1
440070116004047,1
440070116004048,1
440070116004049,1
440070116004050,1
440070116004051,1
440070116004052,1
440070116004053,1
440070116004054,1
440070116004055,1
440070116004056,1
440070116004057,1
440070116004058,1
440070116004059,1
440070116004060,1
440070116004061,1
440070116004062,1
440070116004063,1
440070116004064,1
440070116004065,1
440070116004066,1
440070116004067,1
440070116004068,1
440070116004069,1
440070116004070,1
440070116004071,1
440070116004072,1
440070116004073,1
440070116004074,1
440070116004075,1
440070116004076,1
440070116004077,1
440070116004078,1
440070116004079,1
440070116004080,1
440070116004081,1
440070116004082,1
440070116004083,1
440070116004084,1
440070116004085,1
440070116004086,1
440070116004087,1
440070116004088,1
440070116004089,1
440070116004090,1
440070116004091,1
440070116004092,1
440070116004093,1
440070116004094,1
440070116004095,1
440070116004096,1
440070116004097,1
440070116004098,1
440070116004099,1
440070116004100,1
440070116004101,1
440070116004102,1
440070116004103,1
440070116004104,1
440070116004105,1
440070116004106,1
440070116004107,1
440070116004108,1
440070116004109,1
440070116004110,1
440070109001000,1
440070109001001,1
440070109001002,1
440070109001003,1
440070109001004,1
440070109001005,1
440070109001006,1
440070109001007,1
440070109001008,1
440070109001009,1
440070109001010,1
440070109001011,1
440070109001012,1
440070109001013,1
440070109001014,1
440070109001015,1
440070109001016,1
440070109001017,1
440070116003000,1
440070116003001,1
440070116003002,1
440070116003003,1
440070116003004,1
440070116003005,1
440070116003006,1
440070116003007,1
440070116003008,1
440070116003009,1
440070116003010,1
440070116003011,1
440070116003012,1
440070116003013,1
440070116003014,1
440070116003015,1
440070116003016,1
440070116003017,1
440070115001000,1
440070115001001,1
440070115001002,1
440070115001003,1
440070115001004,1
440070115001005,1
440070115001006,1
440070115001007,1
440070115001008,1
440070115001009,1
440070115001010,1
440070115001011,1
440070115001012,1
440070115001013,1
440070115001014,1
440070115001015,1
440070115001016,1
440070115001017,1
440070115001018,1
440070115001019,1
440070115001020,1
440070115001021,1
440070115001022,1
440070115001023,1
440070115001024,1
440070115001025,1
440070115001026,1
440070115001027,1
440070115001028,1
440070115001029,1
440070115001030,1
440070115001031,1
440070115001032,1
440070115001033,1
440070115001034,1
440070115001035,1
440070115001036,1
440070115001037,1
440070115001038,1
440070115001039,1
440070115001040,1
440070115001041,1
440070115001042,1
440070115001043,1
440070115001044,1
440070115001045,1
440070115001046,1
440070115001047,1
440070115001048,1
440070115001049,1
440070115001050,1
440070115001051,1
440070115001052,1
440070115001053,1
440070115001054,1
440070115001055,1
440070115001056,1
440070115001057,1
440070115001058,1
440070115001059,1
440070115001060,1
440070115001061,1
440070115001062,1
440070115001063,1
440070115001064,1
440070115001065,1
440070115001066,1
440070115001067,1
440070115001068,1
440070115001069,1
440070115001070,1
440070115001071,1
440070115001072,1
440070115001073,1
440070115001074,1
440070115001075,1
440070115001076,1
440070115001077,1
440070115001078,1
440070108003000,1
440070108003001,1
440070108003002,1
440070108003003,1
440070108003004,1
440070108003005,1
440070108003006,1
440070108003007,1
440070108003008,1
440070108003009,1
440070115002000,1
440070115002001,1
440070115002002,1
440070115002003,1
440070115002004,1
440070115002005,1
440070115002006,1
440070115002007,1
440070115002008,1
440070115002009,1
440070115002010,1
440070115002011,1
440070115002012,1
440070115002013,1
440070115002014,1
440070115002015,1
440070115002016,1
440070115002017,1
440070115002018,1
440070115002019,1
440070115002020,1
440070115002021,1
440070115002022,1
440070115002023,1
440070115002024,1
440070115002025,1
440070115002026,1
440070115002027,1
440070115002028,1
440070115002029,1
440070115002030,1
440070114034000,1
440070114034001,1
440070114034002,1
440070114034003,1
440070114034004,1
440070114034005,1
440070114034006,1
440070114034007,1
440070114034008,1
440070114034009,1
440070114034010,1
440070114034011,1
440070114034012,1
440070114034013,1
440070114034014,1
440070114034015,1
440070114034016,1
440070114034017,1
440070114034018,1
440070114034019,1
440070114034020,1
440070114034021,1
440070114034022,1
440070114034023,1
440070114034024,1
440070114034025,1
440070114034026,1
440070114034027,1
440070114034028,1
440070114034029,1
440070114034030,1
440070114034031,1
440070114034032,1
440070114034033,1
440070114034034,1
440070114034035,1
440070114034036,1
440070114034037,1
440070114034038,1
440070114034039,1
440070117023000,1
440070117023001,1
440070117023002,1
440070117023003,1
440070117023004,1
440070117023005,1
440070117023006,1
440070117023007,1
440070117023008,1
440070117023009,1
440070117023010,1
440070117023011,1
440070117023012,1
440070117023013,1
440070117023014,1
440070117023015,1
440070117023016,1
440070117023017,1
440070117023018,1
440070117023019,1
440070117023020,1
440070117023021,1
440070117023022,1
440070117023023,1
440070117023024,1
440070117023025,1
440070117023026,1
440070117023027,1
440070117023028,1
440070117023029,1
440070117023030,1
440070117023031,1
440070117023032,1
440070117023033,1
440070117023034,1
440070117023035,1
440070117023036,1
440070117023037,1
440070117023038,1
440070117023039,1
440070117023040,1
440070117023041,1
440070117023042,1
440070117023043,1
440070117023044,1
440070117023045,1
440070117023046,1
440070117023047,1
440070117023048,1
440070117023049,1
440070117023050,1
440070117023051,1
440070117023052,1
440070117023053,1
440070117023054,1
440070117023055,1
440070117023056,1
440070117023057,1
440070117023058,1
440070117023059,1
440070117023060,1
440070117023061,1
440070117023062,1
440070117023063,1
440070117023064,1
440070117023065,1
440070117023066,1
440070117023067,1
440070115003000,1
440070115003001,1
440070115003002,1
440070115003003,1
440070115003004,1
440070115003005,1
440070115003006,1
440070115003007,1
440070115003008,1
440070115003009,1
440070115003010,1
440070115003011,1
440070115003012,1
440070115003013,1
440070115003014,1
440070115003015,1
440070115003016,1
440070115003017,1
440070115003018,1
440070115003019,1
440070115003020,1
440070115003021,1
440070115003022,1
440070115003023,1
440070115003024,1
440070115003025,1
440070115003026,1
440070115003027,1
440070115003028,1
440070115003029,1
440070115003030,1
440070115003031,1
440070115003032,1
440070115003033,1
440070115003034,1
440070115003035,1
440070115003036,1
440070115003037,1
440070115003038,1
440070115003039,1
440070115003040,1
440070115003041,1
440070115003042,1
440070117013000,1
440070117013001,1
440070117013002,1
440070117013003,1
440070117013004,1
440070117013005,1
440070117013006,1
440070117013007,1
440070117013008,1
440070117013009,1
440070117013010,1
440070117013011,1
440070117013012,1
440070117013013,1
440070117013014,1
440070117021000,1
440070117021001,1
440070117021002,1
440070117021003,1
440070117021004,1
440070117021005,1
440070117021006,1
440070117021007,1
440070117021008,1
440070117021009,1
440070117021010,1
440070117021011,1
440070117021012,1
440070117021013,1
440070117021014,1
440070117021015,1
440070117021016,1
440070117021017,1
440070117021018,1
440070117021019,1
440070117021020,1
440070117021021,1
440070117021022,1
440070117021023,1
440070117021024,1
440070117021025,1
440070117021026,1
440070117021027,1
440070117021028,1
440070117021029,1
440070117021030,1
440070117021031,1
440070117021032,1
440070117021033,1
440070117021034,1
440070117021035,1
440070117021036,1
440070117021037,1
440070117021038,1
440070117021039,1
440070117021040,1
440070117012000,1
440070117012001,1
440070117012002,1
440070117012003,1
440070117012004,1
440070117012005,1
440070117012006,1
440070117012007,1
440070117012008,1
440070117012009,1
440070117012010,1
440070117012011,1
440070117012012,1
440070117012013,1
440070117012014,1
440070117012015,1
440070117012016,1
440070117012017,1
440070117012018,1
440070117012019,1
440070117012020,1
440070117012021,1
440070117012022,1
440070117012023,1
440070117012024,1
440070117012025,1
440070117012026,1
440070117012027,1
440070117012028,1
440070117012029,1
440070107021000,1
440070107021001,1
440070107021002,1
440070107021003,1
440070107021004,1
440070107021005,1
440070107021006,1
440070107021007,1
440070107021008,1
440070107021009,1
440070107021010,1
440070107021011,1
440070107021012,1
440070107021013,1
440070107021014,1
440070107021015,1
440070107021016,1
440070107021017,1
440070107012000,1
440070107012001,1
440070107012002,1
440070107012003,1
440070107012004,1
440070107012005,1
440070107012006,1
440070107012007,1
440070107012008,1
440070107012009,1
440070107012010,1
440070107012011,1
440070107012012,1
440070117011000,1
440070117011001,1
440070117011002,1
440070117011003,1
440070117011004,1
440070117011005,1
440070117011006,1
440070117011007,1
440070117011008,1
440070117011009,1
440070117011010,1
440070117011011,1
440070117011012,1
440070117011013,1
440070117011014,1
440070117011015,1
440070117011016,1
440070117011017,1
440070117011018,1
440070117011019,1
440070117011020,1
440070117011021,1
440070117011022,1
440070117011023,1
440070117011024,1
440070117011025,1
440070117011026,1
440070117011027,1
440070117011028,1
440070117011029,1
440070117011030,1
440070117011031,1
440070117011032,1
440070117011033,1
440070117011034,1
440070117011035,1
440070117011036,1
440070117011037,1
440070117011038,1
440070117011039,1
440070117011040,1
440070117011041,1
440070117011042,1
440070117011043,1
440070117011044,1
440070117011045,1
440070117011046,1
440070117011047,1
440070114032000,1
440070114032001,1
440070114032002,1
440070114032003,1
440070114032004,1
440070114032005,1
440070114032006,1
440070114032007,1
440070114032008,1
440070114032009,1
440070114032010,1
440070114032011,1
440070114032012,1
440070114032013,1
440070114032014,1
440070114032015,1
440070114032016,1
440070114032017,1
440070114032018,1
440070114032019,1
440070114032020,1
440070114032021,1
440070114032022,1
440070114032023,1
440070114032024,1
440070114032025,1
440070114032026,1
440070114032027,1
440070114032028,1
440070114032029,1
440070114032030,1
440070114032031,1
440070114032032,1
440070114032033,1
440070114032034,1
440070114032035,1
440070114032036,1
440070114032037,1
440070114032038,1
440070114032039,1
440070114032040,1
440070114032041,1
440070114032042,1
440070114032043,1
440070114032044,1
440070114032045,1
440070114032046,1
440070114032047,1
440070114032048,1
440070114032049,1
440070114032050,1
440070114032051,1
440070117022000,1
440070117022001,1
440070117022002,1
440070117022003,1
440070117022004,1
440070117022005,1
440070117022006,1
440070117022007,1
440070117022008,1
440070117022009,1
440070117022010,1
440070117022011,1
440070117022012,1
440070117022013,1
440070117022014,1
440070117022015,1
440070117022016,1
440070117022017,1
440070117022018,1
440070117022019,1
440070117022020,1
440070117022021,1
440070117022022,1
440070117022023,1
440070117022024,1
440070117022025,1
440070117022026,1
440070117022027,1
440070107025000,1
440070107025001,1
440070107025002,1
440070107025003,1
440070107025004,1
440070107025005,1
440070107025006,1
440070107025007,1
440070107025008,1
440070107025009,1
440070107025010,1
440070107025011,1
440070107025012,1
440070107025013,1
440070107025014,1
440070107025015,1
440070107025016,1
440070107025017,1
440070107025018,1
440070107025019,1
440070107025020,1
440070107025021,1
440070107025022,1
440070107025023,1
440070107025024,1
440070107025025,1
440070107025026,1
440070107025027,1
440070107025028,1
440070107025029,1
440070107025030,1
440070107025031,1
440070107025032,1
440070107023000,1
440070107023001,1
440070107023002,1
440070107023003,1
440070107023004,1
440070107023005,1
440070107023006,1
440070107023007,1
440070107023008,1
440070107023009,1
440070107023010,1
440070107023011,1
440070107023012,1
440070107023013,1
440070107023014,1
440070107023015,1
440070107023016,1
440070107023017,1
440070107023018,1
440070107023019,1
440070107023020,1
440070107022000,1
440070107022001,1
440070107022002,1
440070107022003,1
440070107022004,1
440070107022005,1
440070107022006,1
440070107022007,1
440070107022008,1
440070107022009,1
440070107022010,1
440070107022011,1
440070107022012,1
440070107022013,1
440070107022014,1
440070107022015,1
440070107022016,1
440070107022017,1
440070107022018,1
440070107022019,1
440070107022020,1
440070107022021,1
440070107022022,1
440070107022023,1
440070107022024,1
440070107022025,1
440070107024000,1
440070107024001,1
440070107024002,1
440070107024003,1
440070107024004,1
440070107024005,1
440070107024006,1
440070107024007,1
440070107024008,1
440070107024009,1
440070107024010,1
440070107024011,1
440070107024012,1
440070107024013,1
440070107024014,1
440070107024015,1
440070107024016,1
440070107024017,1
440070107024018,1
440070107024019,1
440070107024020,1
440070107024021,1
440070107024022,1
440070107024023,1
440070107024024,1
440070107024025,1
440070107024026,1
440070107024027,1
440070114012000,1
440070114012001,1
440070114012002,1
440070114012003,1
440070114012004,1
440070114012005,1
440070114012006,1
440070114012007,1
440070114012008,1
440070114012009,1
440070114012010,1
440070114012011,1
440070114012012,1
440070114012013,1
440070114012014,1
440070114012015,1
440070114012016,1
440070114012017,1
440070114012018,1
440070114012019,1
440070114012020,1
440070114012021,1
440070114012022,1
440070114012023,1
440070114012024,1
440070114012025,1
440070114012026,1
440070114012027,1
440070114012028,1
440070114011000,1
440070114011001,1
440070114011002,1
440070114011003,1
440070114011004,1
440070114011005,1
440070114011006,1
440070114011007,1
440070114011008,1
440070114011009,1
440070114011010,1
440070114011011,1
440070114011012,1
440070114011013,1
440070114011014,1
440070114011015,1
440070114011016,1
440070114011017,1
440070114011018,1
440070114011019,1
440070114011020,1
440070114011021,1
440070114011022,1
440070114011023,1
440070114011024,1
440070114011025,1
440070114011026,1
440070114011027,1
440070114011028,1
440070114011029,1
440070114011030,1
440070114011031,1
440070114013000,1
440070114013001,1
440070114013002,1
440070114013003,1
440070114013004,1
440070114013005,1
440070114013006,1
440070114013007,1
440070114013008,1
440070114013009,1
440070114013010,1
440070114013011,1
440070114013012,1
440070114013013,1
440070114013014,1
440070114013015,1
440070114013016,1
440070114013017,1
440070114013018,1
440070114013019,1
440070114013020,1
440070114013021,1
440070114013022,1
440070114013023,1
440070114013024,1
440070114013025,1
440070114013026,1
440070114013027,1
440070114014000,1
440070114014001,1
440070114014002,1
440070114014003,1
440070114014004,1
440070114014005,1
440070114014006,1
440070114014007,1
440070114014008,1
440070114014009,1
440070114014010,1
440070114014011,1
440070114014012,1
440070114014013,1
440070114014014,1
440070114014015,1
440070114014016,1
440070114014017,1
440070114014018,1
440070114014019,1
440070114014020,1
440070114014021,1
440070114014022,1
440070114014023,1
440070114014024,1
440070114014025,1
440070114014026,1
440070114014027,1
440070114014028,1
440070114014029,1
440070114014030,1
440070114014031,1
440070114014032,1
440070114014033,1
440070114014034,1
440070114014035,1
440070114014036,1
440070114033000,1
440070114033001,1
440070114033002,1
440070114033003,1
440070114033004,1
440070114033005,1
440070114033006,1
440070114033007,1
440070114033008,1
440070114033009,1
440070114033010,1
440070114033011,1
440070114033012,1
440070114033013,1
440070114033014,1
440070114033015,1
440070114033016,1
440070114033017,1
440070114033018,1
440070114033019,1
440070114033020,1
440070114033021,1
440070114033022,1
440070114033023,1
440070114033024,1
440070114033025,1
440070113023000,1
440070113023001,1
440070113023002,1
440070113023003,1
440070113023004,1
440070113023005,1
440070113023006,1
440070113023007,1
440070113023008,1
440070113023009,1
440070113023010,1
440070113023011,1
440070113023012,1
440070113023013,1
440070113023014,1
440070113023015,1
440070113023016,1
440070113023017,1
440070113023018,1
440070113023019,1
440070113023020,1
440070113023021,1
440070113023022,1
440070113023023,1
440070113023024,1
440070113023025,1
440070113023026,1
440070113023027,1
440070113023028,1
440070113023029,1
440070113023030,1
440070113022000,1
440070113022001,1
440070113022002,1
440070113022003,1
440070113022004,1
440070113022005,1
440070113022006,1
440070113022007,1
440070113022008,1
440070113022009,1
440070113022010,1
440070113022011,1
440070113022012,1
440070113022013,1
440070113022014,1
440070113022015,1
440070113022016,1
440070113022017,1
440070113022018,1
440070113022019,1
440070113022020,1
440070113022021,1
440070113022022,1
440070113022023,1
440070113022024,1
440070113022025,1
440070113022026,1
440070113022027,1
440070113022028,1
440070113022029,1
440070113022030,1
440070113022031,1
440070113022032,1
440070113022033,1
440070113022034,1
440070113022035,1
440070113022036,1
440070113022037,1
440070113022038,1
440070113022039,1
440070113022040,1
440070113022041,1
440070114022000,1
440070114022001,1
440070114022002,1
440070114022003,1
440070114022004,1
440070114022005,1
440070114022006,1
440070114022007,1
440070114022008,1
440070114022009,1
440070114022010,1
440070114022011,1
440070114022012,1
440070114022013,1
440070114022014,1
440070114022015,1
440070114022016,1
440070114022017,1
440070114022018,1
440070114022019,1
440070114022020,1
440070114022021,1
440070114022022,1
440070114022023,1
440070114022024,1
440070114022025,1
440070114022026,1
440070114022027,1
440070114022028,1
440070114022029,1
440070114022030,1
440070114022031,1
440070114022032,1
440070114022033,1
440070114022034,1
440070114022035,1
440070114022036,1
440070114022037,1
440070114022038,1
440070114022039,1
440070114022040,1
440070114022041,1
440070114022042,1
440070114022043,1
440070114022044,1
440070114022045,1
440070114022046,1
440070114022047,1
440070114022048,1
440070114022049,1
440070114022050,1
440070114022051,1
440070114022052,1
440070114022053,1
440070114022054,1
440070114022055,1
440070114022056,1
440070114022057,1
440070114022058,1
440070114022059,1
440070114022060,1
440070114022061,1
440070114022062,1
440070114022063,1
440070114022064,1
440070114022065,1
440070114022066,1
440070114022067,1
440070114022068,1
440070114022069,1
440070114022070,1
440070114022071,1
440070114022072,1
440070114021000,1
440070114021001,1
440070114021002,1
440070114021003,1
440070114021004,1
440070114021005,1
440070114021006,1
440070114021007,1
440070114021008,1
440070114021009,1
440070114021010,1
440070114021011,1
440070114021012,1
440070114021013,1
440070114021014,1
440070114021015,1
440070114021016,1
440070114021017,1
440070114021018,1
440070114021019,1
440070114021020,1
440070114021021,1
440070114021022,1
440070114021023,1
440070114021024,1
440070114021025,1
440070114021026,1
440070114021027,1
440070114021028,1
440070114021029,1
440070114021030,1
440070114021031,1
440070114021032,1
440070114021033,1
440070114021034,1
440070114021035,1
440070114021036,1
440070114021037,1
440070114021038,1
440070114021039,1
440070114021040,1
440070114021041,1
440070114021042,1
440070114021043,1
440070114021044,1
440070114021045,1
440070114021046,1
440070114021047,1
440070114021048,1
440070114021049,1
440070114021050,1
440070114021051,1
440070114021052,1
440070114021053,1
440070114021054,1
440070114021055,1
440070114021056,1
440070114021057,1
440070114021058,1
440070114021059,1
440070114021060,1
440070114021061,1
440070114031000,1
440070114031001,1
440070114031002,1
440070114031003,1
440070114031004,1
440070114031005,1
440070114031006,1
440070114031007,1
440070114031008,1
440070114031009,1
440070114031010,1
440070114031011,1
440070114031012,1
440070114031013,1
440070114031014,1
440070114031015,1
440070114031016,1
440070114015000,1
440070114015001,1
440070114015002,1
440070114015003,1
440070114015004,1
440070114015005,1
440070114015006,1
440070114015007,1
440070114015008,1
440070114015009,1
440070114015010,1
440070114015011,1
440070114015012,1
440070114015013,1
440070114015014,1
440070114015015,1
440070114015016,1
440070114015017,1
440070114015018,1
440070114015019,1
440070114015020,1
440070114015021,1
440070114015022,1
440070114015023,1
440070114015024,1
440070114015025,1
440070114015026,1
440070114015027,1
440070114015028,1
440070114015029,1
440070114015030,1
440070114015031,1
440070114015032,1
440070114015033,1
440070114015034,1
440070114015035,1
440070114015036,1
440070114015037,1
440070114015038,1
440070114015039,1
440070114015040,1
440070112002000,1
440070112002001,1
440070112002002,1
440070112002003,1
440070112002004,1
440070112002005,1
440070112002006,1
440070112002007,1
440070112002008,1
440070112002009,1
440070112002010,1
440070112002011,1
440070112002012,1
440070112002013,1
440070112002014,1
440070112002015,1
440070112002016,1
440070112002017,1
440070112002018,1
440070112002019,1
440070112002020,1
440070112002021,1
440070112002022,1
440070112002023,1
440070112002024,1
440070112002025,1
440070112002026,1
440070112002027,1
440070112002028,1
440070112002029,1
440070112002030,1
440070112002031,1
440070112002032,1
440070112002033,1
440070112002034,1
440070112002035,1
440070112002036,1
440070112002037,1
440070112002038,1
440070112002039,1
440070112002040,1
440070112002041,1
440070112002042,1
440070112002043,1
440070112002044,1
440070112002045,1
440070112002046,1
440070112001000,1
440070112001001,1
440070112001002,1
440070112001003,1
440070112001004,1
440070112001005,1
440070112001006,1
440070112001007,1
440070112001008,1
440070112001009,1
440070112001010,1
440070112001011,1
440070112001012,1
440070112001013,1
440070112001014,1
440070112001015,1
440070112001016,1
440070112001017,1
440070112001018,1
440070112001019,1
440070111002000,1
440070111002001,1
440070111002002,1
440070111002003,1
440070111002004,1
440070111002005,1
440070111002006,1
440070111002007,1
440070111002008,1
440070111002009,1
440070111002010,1
440070111002011,1
440070111002012,1
440070111002013,1
440070111002014,1
440070111002015,1
440070111002016,1
440070111002017,1
440070111002018,1
440070111002019,1
440070111002020,1
440070112004000,1
440070112004001,1
440070112004002,1
440070112004003,1
440070112004004,1
440070112004005,1
440070112004006,1
440070112004007,1
440070112004008,1
440070112004009,1
440070112004010,1
440070112004011,1
440070112004012,1
440070112003000,1
440070112003001,1
440070112003002,1
440070112003003,1
440070112003004,1
440070112003005,1
440070112003006,1
440070112003007,1
440070112003008,1
440070112003009,1
440070112003010,1
440070110001000,1
440070110001001,1
440070110001002,1
440070110001003,1
440070110001004,1
440070110001005,1
440070110001006,1
440070110001007,1
440070110001008,1
440070110001009,1
440070110001010,1
440070110001011,1
440070109003000,1
440070109003001,1
440070109003002,1
440070109003003,1
440070109003004,1
440070109003005,1
440070109003006,1
440070109003007,1
440070109003008,1
440070109003009,1
440070109003010,1
440070109003011,1
440070109003012,1
440070109002000,1
440070109002001,1
440070109002002,1
440070109002003,1
440070109002004,1
440070109002005,1
440070109002006,1
440070109002007,1
440070109002008,1
440070109002009,1
440070109002010,1
440070111001000,1
440070111001001,1
440070111001002,1
440070111001003,1
440070111001004,1
440070111001005,1
440070111001006,1
440070111001007,1
440070111001008,1
440070111001009,1
440070111001010,1
440070111001011,1
440070110003000,1
440070110003001,1
440070110003002,1
440070110003003,1
440070110003004,1
440070110003005,1
440070110003006,1
440070110003007,1
440070110003008,1
440070110003009,1
440070110003010,1
440070110003011,1
440070110002000,1
440070110002001,1
440070110002002,1
440070110002003,1
440070110002004,1
440070110002005,1
440070110002006,1
440070110002007,1
440070110002008,1
440070110002009,1
440070110002010,1
440070110002011,1
440070110002012,1
440070110002013,1
440070110002014,1
440070110002015,1
440070110002016,1
440070110002017,1
440070113021000,1
440070113021001,1
440070113021002,1
440070113021003,1
440070113021004,1
440070113021005,1
440070113021006,1
440070113021007,1
440070113021008,1
440070113021009,1
440070113021010,1
440070113021011,1
440070113021012,1
440070113021013,1
440070113021014,1
440070113021015,1
440070113021016,1
440070113021017,1
440070113021018,1
440070113021019,1
440070113021020,1
440070113021021,1
440070113021022,1
440070113021023,1
440070113011000,1
440070113011001,1
440070113011002,1
440070113011003,1
440070113011004,1
440070113011005,1
440070113011006,1
440070113011007,1
440070113011008,1
440070113011009,1
440070113011010,1
440070113011011,1
440070113011012,1
440070113011013,1
440070113011014,1
440070113011015,1
440070113011016,1
440070113011017,1
440070113011018,1
440070113011019,1
440070113011020,1
440070113011021,1
440070113011022,1
440070113011023,1
440070113011024,1
440070113011025,1
440070113011026,1
440070113011027,1
440070112005000,1
440070112005001,1
440070112005002,1
440070112005003,1
440070112005004,1
440070112005005,1
440070112005006,1
440070112005007,1
440070112005008,1
440070112005009,1
440070112005010,1
440070112005011,1
440070112005012,1
440070112005013,1
440070112005014,1
440070112005015,1
440070112005016,1
440070113012000,1
440070113012001,1
440070113012002,1
440070113012003,1
440070113012004,1
440070113012005,1
440070113012006,1
440070113012007,1
440070113012008,1
440070113012009,1
440070113012010,1
440070113012011,1
440070113012012,1
440070113012013,1
440070113012014,1
440070113012015,1
440070113012016,1
440070113012017,1
440070113012018,1
440070113012019,1
440070113012020,1
440070113012021,1
440070113012022,1
440070113012023,1
440070113012024,1
440070113012025,1
440070113012026,1
440070113012027,1
440070113013000,1
440070113013001,1
440070113013002,1
440070113013003,1
440070113013004,1
440070113013005,1
440070113013006,1
440070113013007,1
440070113013008,1
440070113013009,1
440070113013010,1
440070113013011,1
440070113013012,1
440070113013013,1
440070113013014,1
440070113013015,1
440070113013016,1
440070113013017,1
440070113013018,1
440070113013019,1
440070104004000,1
440070104004001,1
440070104004002,1
440070104004003,1
440070104004004,1
440070104004005,1
440070104004006,1
440070104004007,1
440070104004008,1
440070104004009,1
440070104004010,1
440070104004011,1
440070104004012,1
440070104004013,1
440070104004014,1
440070104004015,1
440070104004016,1
440070104004017,1
440070104004018,1
440070104004019,1
440070104004020,1
440070104004021,1
440070104004022,1
440070104004023,1
440070104004024,1
440070104004025,1
440070104004026,1
440070104004027,1
440070104004028,1
440070104004029,1
440070104004030,1
440070104003000,1
440070104003001,1
440070104003002,1
440070104003003,1
440070104003004,1
440070104003005,1
440070104003006,1
440070104003007,1
440070104003008,1
440070104003009,1
440070104003010,1
440070104003011,1
440070104003012,1
440070104003013,1
440070104003014,1
440070104003015,1
440070104003016,1
440070104003017,1
440070104003018,1
440070104003019,1
440070104003020,1
440070104003021,1
440070104003022,1
440070104003023,1
440070104003024,1
440070104003025,1
440070104003026,1
440070104003027,1
440070104003028,1
440070104003029,1
440070104003030,1
440070104003031,1
440070104003032,1
440070104003033,1
440070104003034,1
440070104003035,1
440070104003036,1
440070104003037,1
440070104003038,1
440070104003039,1
440070104003040,1
440070104003041,1
440070104003042,1
440070104003043,1
440070104003044,1
440070104003045,1
440070104003046,1
440070104003047,1
440070104003048,1
440070104003049,1
440070104003050,1
440070104003051,1
440070104003052,1
440070104003053,1
440070104003054,1
440070104003055,1
440070104003056,1
440070104003057,1
440070104003058,1
440070104003059,1
440070104003060,1
440070104003061,1
440070104003062,1
440070104003063,1
440070104003064,1
440070104003065,1
440070104003066,1
440070104003067,1
440070104003068,1
440070104003069,1
440070104003070,1
440070104003071,1
440070104003072,1
440070104003073,1
440070104003074,1
440070104003075,1
440070104005000,1
440070104005001,1
440070104005002,1
440070104005003,1
440070104005004,1
440070104005005,1
440070104005006,1
440070104005007,1
440070104005008,1
440070104005009,1
440070104005010,1
440070104005011,1
440070104005012,1
440070104005013,1
440070104005014,1
440070104005015,1
440070104005016,1
440070104005017,1
440070104005018,1
440070105011000,1
440070105011001,1
440070105011002,1
440070105011003,1
440070105011004,1
440070105011005,1
440070105011006,1
440070105011007,1
440070105011008,1
440070105011009,1
440070105011010,1
440070105011011,1
440070105011012,1
440070105011013,1
440070105011014,1
440070105011015,1
440070105011016,1
440070105011017,1
440070105011018,1
440070105011019,1
440070105011020,1
440070105011021,1
440070105011022,1
440070105011023,1
440070105011024,1
440070105011025,1
440070105011026,1
440070105011027,1
440070105011028,1
440070105011029,1
440070105011030,1
440070105011031,1
440070105011032,1
440070105011033,1
440070105011034,1
440070105011035,1
440070105011036,1
440070105011037,1
440070105011038,1
440070105011039,1
440070105011040,1
440070105011041,1
440070105011042,1
440070105011043,1
440070105011044,1
440070105011045,1
440070105011046,1
440070105011047,1
440070105011048,1
440070105011049,1
440070105011050,1
440070103003000,1
440070103003001,1
440070103003002,1
440070103003003,1
440070103003004,1
440070103003005,1
440070103003006,1
440070103003007,1
440070103003008,1
440070103003009,1
440070103003010,1
440070103003011,1
440070103003012,1
440070103003013,1
440070103003014,1
440070103003015,1
440070103003016,1
440070103003017,1
440070103003018,1
440070103003019,1
440070103003020,1
440070103003021,1
440070103003022,1
440070103003023,1
440070103003024,1
440070103003025,1
440070103003026,1
440070103003027,1
440070103003028,1
440070104002000,1
440070104002001,1
440070104002002,1
440070104002003,1
440070104002004,1
440070104002005,1
440070104002006,1
440070104002007,1
440070104002008,1
440070104002009,1
440070104002010,1
440070104002011,1
440070104002012,1
440070104002013,1
440070104002014,1
440070104002015,1
440070104002016,1
440070104002017,1
440070104002018,1
440070104002019,1
440070104001000,1
440070104001001,1
440070104001002,1
440070104001003,1
440070104001004,1
440070104001005,1
440070104001006,1
440070104001007,1
440070104001008,1
440070104001009,1
440070104001010,1
440070104001011,1
440070104001012,1
440070104001013,1
440070104001014,1
440070104001015,1
440070104001016,1
440070104001017,1
440070104001018,1
440070105024000,1
440070105024001,1
440070105024002,1
440070105024003,1
440070105024004,1
440070105024005,1
440070105024006,1
440070105024007,1
440070105024008,1
440070105024009,1
440070105024010,1
440070105024011,1
440070105024012,1
440070105024013,1
440070105024014,1
440070105022000,1
440070105022001,1
440070105022002,1
440070105022003,1
440070105022004,1
440070105022005,1
440070105022006,1
440070105022007,1
440070105022008,1
440070105022009,1
440070105022010,1
440070105022011,1
440070105022012,1
440070105022013,1
440070105021000,1
440070105021001,1
440070105021002,1
440070105021003,1
440070105021004,1
440070105021005,1
440070105021006,1
440070105021007,1
440070105021008,1
440070105021009,1
440070105021010,1
440070105021011,1
440070105021012,1
440070105021013,1
440070105021014,1
440070105021015,1
440070105021016,1
440070105021017,1
440070105021018,1
440070105021019,1
440070105021020,1
440070105021021,1
440070105021022,1
440070105021023,1
440070105021024,1
440070105021025,1
440070105021026,1
440070105021027,1
440070105021028,1
440070105021029,1
440070105021030,1
440070105021031,1
440070105021032,1
440070105021033,1
440070105021034,1
440070105021035,1
440070105021036,1
440070105021037,1
440070105021038,1
440070105021039,1
440070105021040,1
440070105021041,1
440070105021042,1
440070105023000,1
440070105023001,1
440070105023002,1
440070105023003,1
440070105023004,1
440070105023005,1
440070105023006,1
440070105023007,1
440070105023008,1
440070105023009,1
440070105023010,1
440070105023011,1
440070105023012,1
440070105023013,1
440070105023014,1
440070105023015,1
440070105023016,1
440070105023017,1
440070105023018,1
440070105023019,1
440070105023020,1
440070105023021,1
440070105023022,1
440070105023023,1
440070105023024,1
440070105023025,1
440070105023026,1
440070105023027,1
440070105023028,1
440070105023029,1
440070105023030,1
440070105023031,1
440070105023032,1
440070105023033,1
440070105023034,1
440070105023035,1
440070105023036,1
440070105023037,1
440070105023038,1
440070105023039,1
440070105023040,1
440070105023041,1
440070105023042,1
440070105012000,1
440070105012001,1
440070105012002,1
440070105012003,1
440070105012004,1
440070105012005,1
440070105012006,1
440070105012007,1
440070105012008,1
440070105012009,1
440070105012010,1
440070105012011,1
440070105012012,1
440070105012013,1
440070105012014,1
440070105012015,1
440070105012016,1
440070105012017,1
440070105012018,1
440070105012019,1
440070105012020,1
440070105012021,1
440070105012022,1
440070105012023,1
440070105012024,1
440070105012025,1
440070105012026,1
440070105012027,1
440070105012028,1
440070105012029,1
440070105012030,1
440070105012031,1
440070105012032,1
440070105012033,1
440070105012034,1
440070105012035,1
440070121042000,1
440070121042001,1
440070121042002,1
440070121042003,1
440070121042004,1
440070121042005,1
440070121042006,1
440070121042007,1
440070121042008,1
440070121042009,1
440070121042010,1
440070121042011,1
440070121042012,1
440070121042013,1
440070121042014,1
440070121042015,1
440070121042016,1
440070121042017,1
440070121042018,1
440070121042019,1
440070121042020,1
440070121042021,1
440070121042022,1
440070121042023,1
440070105013000,1
440070105013001,1
440070105013002,1
440070105013003,1
440070105013004,1
440070105013005,1
440070105013006,1
440070105013007,1
440070105013008,1
440070105013009,1
440070105013010,1
440070105013011,1
440070105013012,1
440070105013013,1
440070105013014,1
440070105013015,1
440070105013016,1
440070105013017,1
440070105013018,1
440070105013019,1
440070105013020,1
440070105013021,1
440070105013022,1
440070105013023,1
440070105013024,1
440070105013025,1
440070105013026,1
440070105013027,1
440070105013028,1
440070105013029,1
440070105013030,1
440070105013031,1
440070105013032,1
440070105013033,1
440070105013034,1
440070105013035,1
440070105013036,1
440070105013037,1
440070101023000,1
440070101023001,1
440070101023002,1
440070101023003,1
440070101023004,1
440070101023005,1
440070101023006,1
440070101023007,1
440070101023008,1
440070101023009,1
440070101023010,1
440070101023011,1
440070101023012,1
440070101023013,1
440070101023014,1
440070101023015,1
440070101023016,1
440070101023017,1
440070101023018,1
440070101023019,1
440070101023020,1
440070101023021,1
440070101023022,1
440070101023023,1
440070101023024,1
440070101023025,1
440070101023026,1
440070101023027,1
440070101023028,1
440070101023029,1
440070101023030,1
440070101023031,1
440070101023032,1
440070101023033,1
440070101022000,1
440070101022001,1
440070101022002,1
440070101022003,1
440070101022004,1
440070101022005,1
440070101022006,1
440070101022007,1
440070101022008,1
440070101022009,1
440070101022010,1
440070101022011,1
440070101022012,1
440070101022013,1
440070101022014,1
440070101022015,1
440070101022016,1
440070101022017,1
440070101022018,1
440070101022019,1
440070101022020,1
440070101022021,1
440070101022022,1
440070101022023,1
440070101022024,1
440070101022025,1
440070101022026,1
440070101022027,1
440070101021000,1
440070101021001,1
440070101021002,1
440070101021003,1
440070101021004,1
440070101021005,1
440070101021006,1
440070101021007,1
440070101021008,1
440070101021009,1
440070101021010,1
440070101021011,1
440070101021012,1
440070101021013,1
440070101021014,1
440070101021015,1
440070101021016,1
440070101021017,1
440070101021018,1
440070102001000,1
440070102001001,1
440070102001002,1
440070102001003,1
440070102001004,1
440070102001005,1
440070102001006,1
440070102001007,1
440070102001008,1
440070102001009,1
440070102001010,1
440070102001011,1
440070102001012,1
440070102001013,1
440070102001014,1
440070102001015,1
440070102001016,1
440070102001017,1
440070102001018,1
440070102001019,1
440070102001020,1
440070102001021,1
440070102001022,1
440070102001023,1
440070102001024,1
440070102001025,1
440070102001026,1
440070101024000,1
440070101024001,1
440070101024002,1
440070101024003,1
440070101024004,1
440070101024005,1
440070101024006,1
440070101024007,1
440070101024008,1
440070101013000,1
440070101013001,1
440070101013002,1
440070101013003,1
440070101013004,1
440070101013005,1
440070101013006,1
440070101013007,1
440070101013008,1
440070101013009,1
440070101013010,1
440070101013011,1
440070101013012,1
440070101013013,1
440070101013014,1
440070101013015,1
440070101013016,1
440070101013017,1
440070101013018,1
440070101013019,1
440070101013020,1
440070101013021,1
440070101013022,1
440070101013023,1
440070101013024,1
440070101012000,1
440070101012001,1
440070101012002,1
440070101012003,1
440070101012004,1
440070101012005,1
440070101012006,1
440070101012007,1
440070101012008,1
440070101012009,1
440070101012010,1
440070101012011,1
440070101012012,1
440070101012013,1
440070101012014,1
440070101012015,1
440070101012016,1
440070101012017,1
440070101012018,1
440070101014000,1
440070101014001,1
440070101014002,1
440070101014003,1
440070101014004,1
440070101014005,1
440070101014006,1
440070101014007,1
440070101014008,1
440070101014009,1
440070101014010,1
440070101014011,1
440070101014012,1
440070101014013,1
440070101014014,1
440070101014015,1
440070101014016,1
440070101014017,1
440070101014018,1
440070101014019,1
440070101014020,1
440070101014021,1
440070101014022,1
440070101014023,1
440070101014024,1
440070101014025,1
440070101014026,1
440070101014027,1
440070101014028,1
440070103002000,1
440070103002001,1
440070103002002,1
440070103002003,1
440070103002004,1
440070103002005,1
440070103002006,1
440070103002007,1
440070103002008,1
440070103002009,1
440070103002010,1
440070103002011,1
440070103002012,1
440070103002013,1
440070103002014,1
440070103002015,1
440070103002016,1
440070103002017,1
440070103002018,1
440070103002019,1
440070103002020,1
440070103002021,1
440070103002022,1
440070103002023,1
440070103002024,1
440070103002025,1
440070103002026,1
440070103002027,1
440070103002028,1
440070103002029,1
440070103002030,1
440070103002031,1
440070103002032,1
440070103002033,1
440070103002034,1
440070103002035,1
440070103002036,1
440070103002037,1
440070103002038,1
440070103002039,1
440070103002040,1
440070103001000,1
440070103001001,1
440070103001002,1
440070103001003,1
440070103001004,1
440070103001005,1
440070103001006,1
440070103001007,1
440070103001008,1
440070103001009,1
440070103001010,1
440070103001011,1
440070103001012,1
440070103001013,1
440070103001014,1
440070103001015,1
440070103001016,1
440070103001017,1
440070103001018,1
440070103001019,1
440070103001020,1
440070103001021,1
440070102007000,1
440070102007001,1
440070102007002,1
440070102007003,1
440070102007004,1
440070102007005,1
440070102007006,1
440070102007007,1
440070102007008,1
440070102007009,1
440070102007010,1
440070102007011,1
440070102007012,1
440070102007013,1
440070102007014,1
440070102007015,1
440070102007016,1
440070102007017,1
440070102007018,1
440070102007019,1
440070102007020,1
440070102007021,1
440070102007022,1
440070102007023,1
440070102007024,1
440070102004000,1
440070102004001,1
440070102004002,1
440070102004003,1
440070102004004,1
440070102004005,1
440070102004006,1
440070102004007,1
440070102004008,1
440070102004009,1
440070102004010,1
440070102004011,1
440070102004012,1
440070102004013,1
440070102004014,1
440070102004015,1
440070102004016,1
440070102004017,1
440070102004018,1
440070102003000,1
440070102003001,1
440070102003002,1
440070102003003,1
440070102003004,1
440070102003005,1
440070102003006,1
440070102003007,1
440070102003008,1
440070102003009,1
440070102003010,1
440070102003011,1
440070102003012,1
440070102003013,1
440070102005000,1
440070102005001,1
440070102005002,1
440070102005003,1
440070102005004,1
440070102005005,1
440070102005006,1
440070102005007,1
440070102005008,1
440070102005009,1
440070102005010,1
440070102005011,1
440070102005012,1
440070102005013,1
440070102005014,1
440070102005015,1
440070102005016,1
440070102005017,1
440070102005018,1
440070102005019,1
440070102005020,1
440070102005021,1
440070102005022,1
440070102005023,1
440070102005024,1
440070102005025,1
440070102005026,1
440070102005027,1
440070102005028,1
440070102005029,1
440070102005030,1
440070102002000,1
440070102002001,1
440070102002002,1
440070102002003,1
440070102002004,1
440070102002005,1
440070102002006,1
440070102002007,1
440070102002008,1
440070102002009,1
440070102006000,1
440070102006001,1
440070102006002,1
440070102006003,1
440070102006004,1
440070102006005,1
440070102006006,1
440070102006007,1
440070102006008,1
440070102006009,1
440070102006010,1
440070102006011,1
440070102006012,1
440070102006013,1
440070119023000,1
440070119023001,1
440070119023002,1
440070119023003,1
440070119023004,1
440070119023005,1
440070119023006,1
440070119023007,1
440070119023008,1
440070119023009,1
440070119023010,1
440070119023011,1
440070119023012,1
440070119023013,1
440070119023014,1
440070119023015,1
440070119023016,1
440070119023017,1
440070119023018,1
440070119023019,1
440070119023020,1
440070119023021,1
440070119023022,1
440070119023023,1
440070119023024,1
440070119023025,1
440070119023026,1
440070119023027,1
440070119023028,1
440070119023029,1
440070119023030,1
440070119023031,1
440070119023032,1
440070119023033,1
440070119023034,1
440070119023035,1
440070119023036,1
440070119023037,1
440070119023038,1
440070119023039,1
440070119023040,1
440070119023041,1
440070119023042,1
440070119023043,1
440070119023044,1
440070119022000,1
440070119022001,1
440070119022002,1
440070119022003,1
440070119022004,1
440070119022005,1
440070119022006,1
440070119022007,1
440070119022008,1
440070119022009,1
440070119022010,1
440070119022011,1
440070119022012,1
440070119022013,1
440070119022014,1
440070119022015,1
440070119022016,1
440070119022017,1
440070119022018,1
440070119012000,1
440070119012001,1
440070119012002,1
440070119012003,1
440070119012004,1
440070119012005,1
440070119012006,1
440070119012007,1
440070119012008,1
440070119012009,1
440070119012010,1
440070119012011,1
440070119012012,1
440070119012013,1
440070119012014,1
440070119012015,1
440070119012016,1
440070119012017,1
440070119012018,1
440070119012019,1
440070119012020,1
440070119012021,1
440070119012022,1
440070119012023,1
440070119012024,1
440070119012025,1
440070119012026,1
440070119012027,1
440070119012028,1
440070119012029,1
440070119012030,1
440070119012031,1
440070119012032,1
440070119012033,1
440070119012034,1
440070119012035,1
440070119012036,1
440070119021000,1
440070119021001,1
440070119021002,1
440070119021003,1
440070119021004,1
440070119021005,1
440070119021006,1
440070119021007,1
440070119021008,1
440070119021009,1
440070119021010,1
440070119021011,1
440070119021012,1
440070119021013,1
440070119021014,1
440070119021015,1
440070119021016,1
440070119021017,1
440070119021018,1
440070119021019,1
440070120004000,1
440070120004001,1
440070120004002,1
440070120004003,1
440070120004004,1
440070120004005,1
440070120004006,1
440070120004007,1
440070120004008,1
440070120004009,1
440070120004010,1
440070120004011,1
440070120004012,1
440070120004013,1
440070120004014,1
440070120004015,1
440070120004016,1
440070120004017,1
440070120004018,1
440070120004019,1
440070120004020,1
440070120003000,1
440070120003001,1
440070120003002,1
440070120003003,1
440070120003004,1
440070120003005,1
440070120003006,1
440070120003007,1
440070120003008,1
440070120003009,1
440070120003010,1
440070120003011,1
440070120003012,1
440070120003013,1
440070120003014,1
440070120003015,1
440070120003016,1
440070120003017,1
440070120003018,1
440070120003019,1
440070120003020,1
440070120003021,1
440070120003022,1
440070120003023,1
440070120003024,1
440070120003025,1
440070120003026,1
440070120003027,1
440070120003028,1
440070120002000,1
440070120002001,1
440070120002002,1
440070120002003,1
440070120002004,1
440070120002005,1
440070120002006,1
440070120002007,1
440070120002008,1
440070120002009,1
440070120002010,1
440070120002011,1
440070120002012,1
440070120002013,1
440070120002014,1
440070120002015,1
440070120002016,1
440070120002017,1
440070120002018,1
440070120002019,1
440070120002020,1
440070120002021,1
440070120002022,1
440070120002023,1
440070120002024,1
440070120002025,1
440070120002026,1
440070120002027,1
440070120002028,1
440070120002029,1
440070120001000,1
440070120001001,1
440070120001002,1
440070120001003,1
440070120001004,1
440070120001005,1
440070120001006,1
440070120001007,1
440070120001008,1
440070120001009,1
440070120001010,1
440070120001011,1
440070120001012,1
440070120001013,1
440070120001014,1
440070120001015,1
440070120001016,1
440070120001017,1
440070120001018,1
440070120001019,1
440070120001020,1
440070120001021,1
440070120001022,1
440070120001023,1
440070120001024,1
440070120001025,1
440070120001026,1
440070120001027,1
440070120001028,1
440070118002000,1
440070118002001,1
440070118002002,1
440070118002003,1
440070118002004,1
440070118002005,1
440070118002006,1
440070118002007,1
440070118002008,1
440070118002009,1
440070118002010,1
440070118002011,1
440070118002012,1
440070118002013,1
440070118002014,1
440070118002015,1
440070118002016,1
440070118002017,1
440070118002018,1
440070118002019,1
440070118002020,1
440070118002021,1
440070118002022,1
440070118002023,1
440070118002024,1
440070118002025,1
440070118002026,1
440070118002027,1
440070118002028,1
440070118003000,1
440070118003001,1
440070118003002,1
440070118003003,1
440070118003004,1
440070118003005,1
440070118003006,1
440070118003007,1
440070118003008,1
440070118003009,1
440070118003010,1
440070118003011,1
440070118003012,1
440070118003013,1
440070118003014,1
440070118003015,1
440070118003016,1
440070118003017,1
440070118003018,1
440070118003019,1
440070118003020,1
440070118003021,1
440070118003022,1
440070118003023,1
440070118003024,1
440070118003025,1
440070118001000,1
440070118001001,1
440070118001002,1
440070118001003,1
440070118001004,1
440070118001005,1
440070118001006,1
440070118001007,1
440070118001008,1
440070118001009,1
440070118001010,1
440070118001011,1
440070118001012,1
440070118001013,1
440070118001014,1
440070118001015,1
440070118001016,1
440070118001017,1
440070118001018,1
440070118001019,1
440070118001020,1
440070118001021,1
440070118001022,1
440070118001023,1
440070118001024,1
440070118001025,1
440070118001026,1
440070118001027,1
440070118001028,1
440070118001029,1
440070118001030,1
440070118001031,1
440070118001032,1
440070118001033,1
440070118001034,1
440070118001035,1
440070118001036,1
440070118001037,1
440070118001038,1
440070118001039,1
440070118001040,1
440070118001041,1
440070118001042,1
440070118001043,1
440070118001044,1
440070118001045,1
440070118001046,1
440070118001047,1
440070118001048,1
440070118001049,1
440070118001050,1
440070118001051,1
440070119011000,1
440070119011001,1
440070119011002,1
440070119011003,1
440070119011004,1
440070119011005,1
440070119011006,1
440070119011007,1
440070119011008,1
440070119011009,1
440070119011010,1
440070119011011,1
440070119011012,1
440070119011013,1
440070119011014,1
440070119011015,1
440070119011016,1
440070119011017,1
440070119011018,1
440070119011019,1
440070119011020,1
440070119011021,1
440070119011022,1
440070119011023,1
440070119011024,1
440070119011025,1
440070119011026,1
440070119011027,1
440070119011028,1
440070118005000,1
440070118005001,1
440070118005002,1
440070118005003,1
440070118005004,1
440070118005005,1
440070118005006,1
440070118005007,1
440070118005008,1
440070118005009,1
440070118005010,1
440070118005011,1
440070118005012,1
440070118005013,1
440070118005014,1
440070118005015,1
440070118005016,1
440070118005017,1
440070118005018,1
440070118005019,1
440070118005020,1
440070118005021,1
440070118005022,1
440070118005023,1
440070118005024,1
440070118005025,1
440070118005026,1
440070118005027,1
440070118005028,1
440070118005029,1
440070118004000,1
440070118004001,1
440070118004002,1
440070118004003,1
440070118004004,1
440070118004005,1
440070118004006,1
440070118004007,1
440070118004008,1
440070118004009,1
440070118004010,1
440070118004011,1
440070118004012,1
440070118004013,1
440070118004014,1
440070106004000,1
440070106004001,1
440070106004002,1
440070106004003,1
440070106004004,1
440070106004005,1
440070106004006,1
440070106004007,1
440070106004008,1
440070106004009,1
440070106004010,1
440070106004011,1
440070106004012,1
440070106004013,1
440070106004014,1
440070106004015,1
440070106004016,1
440070106004017,1
440070106004018,1
440070106004019,1
440070106004020,1
440070106004021,1
440070106004022,1
440070106004023,1
440070106004024,1
440070106004025,1
440070106004026,1
440070106004027,1
440070106004028,1
440070106004029,1
440070106004030,1
440070106004031,1
440070106004032,1
440070106004033,1
440070106004034,1
440070106004035,1
440070106004036,1
440070106004037,1
440070106004038,1
440070106004039,1
440070106004040,1
440070106004041,1
440070106004042,1
440070106004043,1
440070106004044,1
440070106004045,1
440070106004046,1
440070106005000,1
440070106005001,1
440070106005002,1
440070106005003,1
440070106005004,1
440070106005005,1
440070106005006,1
440070106005007,1
440070106005008,1
440070106005009,1
440070106005010,1
440070106005011,1
440070106005012,1
440070106005013,1
440070106005014,1
440070106005015,1
440070106005016,1
440070106005017,1
440070106005018,1
440070106005019,1
440070106005020,1
440070106005021,1
440070106005022,1
440070106005023,1
440070106005024,1
440070106005025,1
440070106005026,1
440070106005027,1
440070107011000,1
440070107011001,1
440070107011002,1
440070107011003,1
440070107011004,1
440070107011005,1
440070107011006,1
440070107011007,1
440070107011008,1
440070107011009,1
440070107011010,1
440070107011011,1
440070107011012,1
440070107011013,1
440070107011014,1
440070107011015,1
440070107011016,1
440070107011017,1
440070107011018,1
440070107011019,1
440070107011020,1
440070106006000,1
440070106006001,1
440070106006002,1
440070106006003,1
440070106006004,1
440070106006005,1
440070106006006,1
440070106006007,1
440070106006008,1
440070106006009,1
440070106006010,1
440070106006011,1
440070106006012,1
440070106006013,1
440070106006014,1
440070106006015,1
440070106006016,1
440070106006017,1
440070106006018,1
440070106006019,1
440070106006020,1
440070106006021,1
440070106006022,1
440070106006023,1
440070106006024,1
440070106006025,1
440070106002000,1
440070106002001,1
440070106002002,1
440070106002003,1
440070106002004,1
440070106002005,1
440070106002006,1
440070106002007,1
440070106002008,1
440070106002009,1
440070106002010,1
440070106002011,1
440070106002012,1
440070106002013,1
440070106002014,1
440070106002015,1
440070106002016,1
440070106002017,1
440070106002018,1
440070106002019,1
440070106002020,1
440070106002021,1
440070106002022,1
440070106002023,1
440070106002024,1
440070106002025,1
440070106002026,1
440070106002027,1
440070106002028,1
440070106002029,1
440070106002030,1
440070106002031,1
440070106002032,1
440070106002033,1
440070106002034,1
440070106002035,1
440070106002036,1
440070106002037,1
440070106002038,1
440070106002039,1
440070106002040,1
440070106002041,1
440070106002042,1
440070106002043,1
440070106002044,1
440070106002045,1
440070106002046,1
440070106001000,1
440070106001001,1
440070106001002,1
440070106001003,1
440070106001004,1
440070106001005,1
440070106001006,1
440070106001007,1
440070106001008,1
440070106001009,1
440070106001010,1
440070106001011,1
440070106001012,1
440070106001013,1
440070106001014,1
440070106001015,1
440070106001016,1
440070106001017,1
440070106001018,1
440070106001019,1
440070106001020,1
440070106001021,1
440070106001022,1
440070106001023,1
440070106003000,1
440070106003001,1
440070106003002,1
440070106003003,1
440070106003004,1
440070106003005,1
440070106003006,1
440070106003007,1
440070106003008,1
440070106003009,1
440070106003010,1
440070106003011,1
440070106003012,1
440070106003013,1
440070106003014,1
440070121021000,1
440070121021001,1
440070121021002,1
440070121021003,1
440070121021004,1
440070121021005,1
440070121021006,1
440070121021007,1
440070121021008,1
440070121021009,1
440070121021010,1
440070121021011,1
440070121021012,1
440070121021013,1
440070121021014,1
440070121021015,1
440070121021016,1
440070121021017,1
440070121021018,1
440070121021019,1
440070121021020,1
440070121022000,1
440070121022001,1
440070121022002,1
440070121022003,1
440070121022004,1
440070121022005,1
440070121022006,1
440070121022007,1
440070121022008,1
440070121022009,1
440070121022010,1
440070121022011,1
440070121022012,1
440070121022013,1
440070121022014,1
440070121022015,1
440070121022016,1
440070121022017,1
440070121022018,1
440070121022019,1
440070121022020,1
440070121022021,1
440070121022022,1
440070121022023,1
440070121022024,1
440070121022025,1
440070121022026,1
440070121022027,1
440070121023000,1
440070121023001,1
440070121023002,1
440070121023003,1
440070121023004,1
440070121023005,1
440070121023006,1
440070121023007,1
440070121023008,1
440070121023009,1
440070121023010,1
440070121023011,1
440070121023012,1
440070121023013,1
440070121023014,1
440070121023015,1
440070121023016,1
440070121023017,1
440070121023018,1
440070121023019,1
440070120005000,1
440070120005001,1
440070120005002,1
440070120005003,1
440070120005004,1
440070120005005,1
440070120005006,1
440070120005007,1
440070120005008,1
440070120005009,1
440070120005010,1
440070120005011,1
440070120005012,1
440070120005013,1
440070120005014,1
440070120005015,1
440070120005016,1
440070120005017,1
440070120005018,1
440070120005019,1
440070120005020,1
440070120005021,1
440070120005022,1
440070120005023,1
440070120005024,1
440070120005025,1
440070120005026,1
440070120005027,1
440070120005028,1
440070120005029,1
440070120005030,1
440070120005031,1
440070120005032,1
440070120005033,1
440070120005034,1
440070120005035,1
440070120005036,1
440070120005037,1
440070121041000,1
440070121041001,1
440070121041002,1
440070121041003,1
440070121041004,1
440070121041005,1
440070121041006,1
440070121041007,1
440070121041008,1
440070121041009,1
440070121041010,1
440070121041011,1
440070121041012,1
440070121041013,1
440070121041014,1
440070121041015,1
440070121041016,1
440070121041017,1
440070121041018,1
440070121032000,1
440070121032001,1
440070121032002,1
440070121032003,1
440070121032004,1
440070121032005,1
440070121032006,1
440070121032007,1
440070121032008,1
440070121032009,1
440070121032010,1
440070121032011,1
440070121032012,1
440070121032013,1
440070121032014,1
440070121032015,1
440070121032016,1
440070121032017,1
440070121024000,1
440070121024001,1
440070121024002,1
440070121024003,1
440070121024004,1
440070121024005,1
440070121024006,1
440070121024007,1
440070121024008,1
440070121024009,1
440070121024010,1
440070121024011,1
440070121024012,1
440070121024013,1
440070121031000,1
440070121031001,1
440070121031002,1
440070121031003,1
440070121031004,1
440070121031005,1
440070121031006,1
440070121031007,1
440070121031008,1
440070121031009,1
440070163002000,1
440070163002001,1
440070163002002,1
440070163002003,1
440070163002004,1
440070163002005,1
440070163002006,1
440070163002007,1
440070163002008,1
440070163002009,1
440070163002010,1
440070163002011,1
440070163002012,1
440070163002013,1
440070163002014,1
440070163002015,1
440070163002016,1
440070163002017,1
440070163002018,1
440070163002019,1
440070163002020,1
440070163002021,1
440070163002022,1
440070163002023,1
440070163002024,1
440070163002025,1
440070163002026,1
440070163002027,1
440070163003000,1
440070163003001,1
440070163003002,1
440070163003003,1
440070163003004,1
440070163003005,1
440070163003006,1
440070163003007,1
440070163003008,1
440070163003009,1
440070163003010,1
440070163003011,1
440070163003012,1
440070161004000,1
440070161004001,1
440070161004002,1
440070161004003,1
440070161004004,1
440070161004005,1
440070161004006,1
440070161004007,1
440070161004008,1
440070161004009,1
440070161004010,1
440070161004011,1
440070161004012,1
440070161004013,1
440070161004014,1
440070161004015,1
440070161004016,1
440070161004017,1
440070161004018,1
440070161004019,1
440070161004020,1
440070161004021,1
440070161004022,1
440070161004023,1
440070164001000,1
440070164001001,1
440070164001002,1
440070164001003,1
440070164001004,1
440070164001005,1
440070164001006,1
440070164001007,1
440070164001008,1
440070164001009,1
440070164001010,1
440070164001011,1
440070164001012,1
440070164001013,1
440070164001014,1
440070164001015,1
440070164001016,1
440070164001017,1
440070164001018,1
440070164001019,1
440070164001020,1
440070164001021,1
440070164001022,1
440070164001023,1
440070164001024,1
440070164001025,1
440070164001026,1
440070164001027,1
440070164001028,1
440070164001029,1
440070164001030,1
440070164001031,1
440070163001000,1
440070163001001,1
440070163001002,1
440070163001003,1
440070163001004,1
440070163001005,1
440070163001006,1
440070163001007,1
440070163001008,1
440070163001009,1
440070163001010,1
440070163001011,1
440070163001012,1
440070163001013,1
440070163001014,1
440070163001015,1
440070163001016,1
440070163001017,1
440070163001018,1
440070163001019,1
440070163001020,1
440070163001021,1
440070163001022,1
440070163001023,1
440070163001024,1
440070171003000,1
440070171003001,1
440070171003002,1
440070171003003,1
440070171003004,1
440070171003005,1
440070171003006,1
440070171003007,1
440070171003008,1
440070171003009,1
440070171003010,1
440070171003011,1
440070171003012,1
440070171003013,1
440070171003014,1
440070171003015,1
440070171003016,1
440070171003017,1
440070171003018,1
440070171003019,1
440070171003020,1
440070171003021,1
440070171003022,1
440070171003023,1
440070171003024,1
440070171003025,1
440070171003026,1
440070171003027,1
440070171003028,1
440070171003029,1
440070171003030,1
440070171003031,1
440070171003032,1
440070171003033,1
440070171003034,1
440070171003035,1
440070171003036,1
440070171003037,1
440070171003038,1
440070171003039,1
440070171003040,1
440070165001000,1
440070165001001,1
440070165001002,1
440070165001003,1
440070165001004,1
440070165001005,1
440070165001006,1
440070165001007,1
440070165001008,1
440070165001009,1
440070165001010,1
440070165001011,1
440070165001012,1
440070165001013,1
440070165001014,1
440070165001015,1
440070165001016,1
440070165001017,1
440070165001018,1
440070165001019,1
440070165001020,1
440070165001021,1
440070165001022,1
440070165001023,1
440070165001024,1
440070165001025,1
440070165001026,1
440070165001027,1
440070165001028,1
440070165001029,1
440070165001030,1
440070165001031,1
440070165001032,1
440070165001033,1
440070165001034,1
440070164003000,1
440070164003001,1
440070164003002,1
440070164003003,1
440070164003004,1
440070164003005,1
440070164003006,1
440070164003007,1
440070164003008,1
440070164003009,1
440070164003010,1
440070164003011,1
440070164003012,1
440070164003013,1
440070164003014,1
440070164003015,1
440070164003016,1
440070164003017,1
440070164003018,1
440070164003019,1
440070164003020,1
440070164003021,1
440070164003022,1
440070164003023,1
440070164003024,1
440070164003025,1
440070164003026,1
440070164003027,1
440070164003028,1
440070164003029,1
440070164003030,1
440070164003031,1
440070164003032,1
440070165002000,1
440070165002001,1
440070165002002,1
440070165002003,1
440070165002004,1
440070165002005,1
440070165002006,1
440070165002007,1
440070165002008,1
440070165002009,1
440070165002010,1
440070165002011,1
440070165002012,1
440070165002013,1
440070165002014,1
440070165002015,1
440070165002016,1
440070165002017,1
440070165002018,1
440070165002019,1
440070165002020,1
440070165002021,1
440070165002022,1
440070165002023,1
440070165002024,1
440070165002025,1
440070165002026,1
440070164002000,1
440070164002001,1
440070164002002,1
440070164002003,1
440070164002004,1
440070164002005,1
440070164002006,1
440070164002007,1
440070164002008,1
440070164002009,1
440070164002010,1
440070164002011,1
440070164002012,1
440070164002013,1
440070164002014,1
440070164002015,1
440070164002016,1
440070160001000,1
440070160001001,1
440070160001002,1
440070160001003,1
440070160001004,1
440070160001005,1
440070160001006,1
440070160001007,1
440070160001008,1
440070160001009,1
440070160001010,1
440070160001011,1
440070160001012,1
440070160001013,1
440070160001014,1
440070160001015,1
440070160001016,1
440070160001017,1
440070160001018,1
440070160001019,1
440070160001020,1
440070160001021,1
440070160001022,1
440070160001023,1
440070160001024,1
440070160001025,1
440070160001026,1
440070160001027,1
440070160001028,1
440070160001029,1
440070160001030,1
440070160001031,1
440070160001032,1
440070160001033,1
440070159004000,1
440070159004001,1
440070159004002,1
440070159004003,1
440070159004004,1
440070159004005,1
440070159004006,1
440070159004007,1
440070159004008,1
440070159004009,1
440070159004010,1
440070159004011,1
440070159004012,1
440070160002000,1
440070160002001,1
440070160002002,1
440070160002003,1
440070160002004,1
440070160002005,1
440070160002006,1
440070160002007,1
440070160002008,1
440070160002009,1
440070160002010,1
440070160002011,1
440070160002012,1
440070160002013,1
440070160002014,1
440070160002015,1
440070159001000,1
440070159001001,1
440070159001002,1
440070159001003,1
440070159001004,1
440070159001005,1
440070159001006,1
440070159001007,1
440070159001008,1
440070159001009,1
440070159001010,1
440070159001011,1
440070159001012,1
440070159001013,1
440070159001014,1
440070159001015,1
440070159001016,1
440070159001017,1
440070159001018,1
440070159002000,1
440070159002001,1
440070159002002,1
440070159002003,1
440070159002004,1
440070159002005,1
440070159002006,1
440070159002007,1
440070159002008,1
440070159002009,1
440070158005000,1
440070158005001,1
440070158005002,1
440070158005003,1
440070158005004,1
440070158005005,1
440070158005006,1
440070158005007,1
440070158005008,1
440070159003000,1
440070159003001,1
440070159003002,1
440070159003003,1
440070159003004,1
440070159003005,1
440070159003006,1
440070159003007,1
440070159003008,1
440070159003009,1
440070159003010,1
440070159003011,1
440070160003000,1
440070160003001,1
440070160003002,1
440070160003003,1
440070160003004,1
440070160003005,1
440070160003006,1
440070160003007,1
440070160003008,1
440070160003009,1
440070160003010,1
440070160003011,1
440070160003012,1
440070160003013,1
440070160003014,1
440070160003015,1
440070160003016,1
440070160003017,1
440070160003018,1
440070160003019,1
440070160003020,1
440070160003021,1
440070160003022,1
440070160003023,1
440070161002000,1
440070161002001,1
440070161002002,1
440070161002003,1
440070161002004,1
440070161002005,1
440070161002006,1
440070161002007,1
440070161002008,1
440070161002009,1
440070161002010,1
440070161002011,1
440070161002012,1
440070161002013,1
440070161002014,1
440070161002015,1
440070161002016,1
440070161002017,1
440070161002018,1
440070161002019,1
440070161002020,1
440070161002021,1
440070161002022,1
440070161002023,1
440070161002024,1
440070161002025,1
440070161002026,1
440070161002027,1
440070161002028,1
440070161002029,1
440070161002030,1
440070161002031,1
440070161002032,1
440070161002033,1
440070161002034,1
440070161003000,1
440070161003001,1
440070161003002,1
440070161003003,1
440070161003004,1
440070161003005,1
440070161003006,1
440070161003007,1
440070161003008,1
440070161003009,1
440070161003010,1
440070161003011,1
440070161003012,1
440070161003013,1
440070161003014,1
440070161003015,1
440070161003016,1
440070161003017,1
440070161003018,1
440070161003019,1
440070161003020,1
440070161003021,1
440070161003022,1
440070161001000,1
440070161001001,1
440070161001002,1
440070161001003,1
440070161001004,1
440070161001005,1
440070161001006,1
440070161001007,1
440070161001008,1
440070161001009,1
440070161001010,1
440070161001011,1
440070161001012,1
440070161001013,1
440070161001014,1
440070161001015,1
440070161001016,1
440070161001017,1
440070161001018,1
440070161001019,1
440070161001020,1
440070161001021,1
440070161001022,1
440070161001023,1
440070161001024,1
440070161001025,1
440070161001026,1
440070161001027,1
440070170002000,1
440070170002001,1
440070170002002,1
440070170002003,1
440070170002004,1
440070170002005,1
440070170002006,1
440070170002007,1
440070170002008,1
440070170002009,1
440070170002010,1
440070170002011,1
440070170002012,1
440070170002013,1
440070170002014,1
440070170002015,1
440070170002016,1
440070170002017,1
440070170002018,1
440070170002019,1
440070170002020,1
440070170002021,1
440070170002022,1
440070170002023,1
440070170002024,1
440070170002025,1
440070170002026,1
440070170002027,1
440070170002028,1
440070170002029,1
440070170002030,1
440070170002031,1
440070170002032,1
440070170002033,1
440070170002034,1
440070170002035,1
440070170002036,1
440070170002037,1
440070170002038,1
440070170002039,1
440070170002040,1
440070170002041,1
440070170001000,1
440070170001001,1
440070170001002,1
440070170001003,1
440070170001004,1
440070170001005,1
440070170001006,1
440070170001007,1
440070170001008,1
440070170001009,1
440070170001010,1
440070170001011,1
440070170001012,1
440070170001013,1
440070170001014,1
440070170001015,1
440070170001016,1
440070170001017,1
440070170001018,1
440070170001019,1
440070170001020,1
440070170001021,1
440070170001022,1
440070170003000,1
440070170003001,1
440070170003002,1
440070170003003,1
440070170003004,1
440070170003005,1
440070170003006,1
440070170003007,1
440070170003008,1
440070170003009,1
440070170003010,1
440070170003011,1
440070170003012,1
440070170003013,1
440070170003014,1
440070169002000,1
440070169002001,1
440070169002002,1
440070169002003,1
440070169002004,1
440070169002005,1
440070169002006,1
440070169002007,1
440070169002008,1
440070169002009,1
440070169002010,1
440070169002011,1
440070169002012,1
440070169002013,1
440070169002014,1
440070169002015,1
440070169002016,1
440070169002017,1
440070169002018,1
440070169002019,1
440070169002020,1
440070169002021,1
440070169002022,1
440070169002023,1
440070169002024,1
440070169002025,1
440070169002026,1
440070169002027,1
440070169002028,1
440070169002029,1
440070169002030,1
440070169002031,1
440070169002032,1
440070169002033,1
440070169002034,1
440070169002035,1
440070169002036,1
440070169002037,1
440070169003000,1
440070169003001,1
440070169003002,1
440070169003003,1
440070169003004,1
440070169003005,1
440070169003006,1
440070169003007,1
440070169003008,1
440070169003009,1
440070169003010,1
440070169003011,1
440070171002000,1
440070171002001,1
440070171002002,1
440070171002003,1
440070171002004,1
440070171002005,1
440070171002006,1
440070171002007,1
440070171002008,1
440070171002009,1
440070171002010,1
440070171002011,1
440070171002012,1
440070171002013,1
440070171002014,1
440070171002015,1
440070171002016,1
440070171002017,1
440070171002018,1
440070171002019,1
440070171002020,1
440070170004000,1
440070170004001,1
440070170004002,1
440070170004003,1
440070170004004,1
440070170004005,1
440070170004006,1
440070170004007,1
440070170004008,1
440070170004009,1
440070170004010,1
440070170004011,1
440070170004012,1
440070170004013,1
440070170004014,1
440070170004015,1
440070170004016,1
440070170004017,1
440070170004018,1
440070170004019,1
440070171001000,1
440070171001001,1
440070171001002,1
440070171001003,1
440070171001004,1
440070171001005,1
440070171001006,1
440070171001007,1
440070171001008,1
440070171001009,1
440070171001010,1
440070171001011,1
440070171001012,1
440070171001013,1
440070171001014,1
440070171001015,1
440070171001016,1
440070171001017,1
440070171001018,1
440070171001019,1
440070171001020,1
440070171001021,1
440070171001022,1
440070171001023,1
440070171001024,1
440070167001000,1
440070167001001,1
440070167001002,1
440070167001003,1
440070167001004,1
440070167001005,1
440070167001006,1
440070167001007,1
440070167001008,1
440070167001009,1
440070167001010,1
440070167001011,1
440070167001012,1
440070167001013,1
440070167001014,1
440070167001015,1
440070167001016,1
440070167001017,1
440070167001018,1
440070167001019,1
440070167001020,1
440070167001021,1
440070166001000,1
440070166001001,1
440070166001002,1
440070166001003,1
440070166001004,1
440070166001005,1
440070166001006,1
440070166001007,1
440070166001008,1
440070166001009,1
440070166001010,1
440070166001011,1
440070166001012,1
440070166001013,1
440070166001014,1
440070166001015,1
440070166001016,1
440070166001017,1
440070166001018,1
440070166001019,1
440070166001020,1
440070166001021,1
440070166001022,1
440070166001023,1
440070166001024,1
440070166001025,1
440070166001026,1
440070166001027,1
440070166001028,1
440070166001029,1
440070166001030,1
440070166001031,1
440070166001032,1
440070166001033,1
440070166001034,1
440070166001035,1
440070167002000,1
440070167002001,1
440070167002002,1
440070167002003,1
440070167002004,1
440070167002005,1
440070167002006,1
440070167002007,1
440070167002008,1
440070167002009,1
440070167002010,1
440070167002011,1
440070167002012,1
440070167002013,1
440070167002014,1
440070167002015,1
440070167002016,1
440070167002017,1
440070167002018,1
440070167002019,1
440070167002020,1
440070167002021,1
440070167002022,1
440070167002023,1
440070167002024,1
440070167002025,1
440070167002026,1
440070167002027,1
440070167002028,1
440070167002029,1
440070167002030,1
440070167002031,1
440070167002032,1
440070167002033,1
440070167002034,1
440070167002035,1
440070167002036,1
440070167002037,1
440070167002038,1
440070167002039,1
440070167002040,1
440070167002041,1
440070167002042,1
440070167002043,1
440070167002044,1
440070165003000,1
440070165003001,1
440070165003002,1
440070165003003,1
440070165003004,1
440070165003005,1
440070165003006,1
440070165003007,1
440070165003008,1
440070165003009,1
440070165003010,1
440070165003011,1
440070165003012,1
440070165003013,1
440070165003014,1
440070165003015,1
440070165003016,1
440070165003017,1
440070158004000,1
440070158004001,1
440070158004002,1
440070158004003,1
440070158004004,1
440070158004005,1
440070158004006,1
440070158004007,1
440070158004008,1
440070168003000,1
440070168003001,1
440070168003002,1
440070168003003,1
440070168003004,1
440070168003005,1
440070168003006,1
440070168003007,1
440070168003008,1
440070168003009,1
440070168003010,1
440070168003011,1
440070168003012,1
440070168003013,1
440070168003014,1
440070168003015,1
440070168003016,1
440070168003017,1
440070168003018,1
440070168003019,1
440070168003020,1
440070168003021,1
440070168003022,1
440070168003023,1
440070168002000,1
440070168002001,1
440070168002002,1
440070168002003,1
440070168002004,1
440070168002005,1
440070168002006,1
440070168002007,1
440070168002008,1
440070168002009,1
440070168002010,1
440070168002011,1
440070168002012,1
440070168002013,1
440070168002014,1
440070168002015,1
440070168002016,1
440070168002017,1
440070169001000,1
440070169001001,1
440070169001002,1
440070169001003,1
440070169001004,1
440070169001005,1
440070169001006,1
440070169001007,1
440070169001008,1
440070169001009,1
440070169001010,1
440070169001011,1
440070169001012,1
440070169001013,1
440070169001014,1
440070168001000,1
440070168001001,1
440070168001002,1
440070168001003,1
440070168001004,1
440070168001005,1
440070168001006,1
440070168001007,1
440070168001008,1
440070168001009,1
440070168001010,1
440070168001011,1
440070168001012,1
440070168001013,1
440070168001014,1
440070168001015,1
440070168001016,1
440070168001017,1
440070168001018,1
440070168001019,1
440070168001020,1
440070168001021,1
440070168001022,1
440070168001023,1
440070168001024,1
440070168001025,1
440070168001026,1
440070168001027,1
440070128013000,1
440070128013001,1
440070128013002,1
440070128013003,1
440070128013004,1
440070128013005,1
440070128013006,1
440070128013007,1
440070128013008,1
440070128013009,1
440070128013010,1
440070128013011,1
440070128013012,1
440070128013013,1
440070128013014,1
440070128013015,1
440070128013016,1
440070128013017,1
440070128013018,1
440070128013019,1
440070128013020,1
440070128013021,1
440070128013022,1
440070128013023,1
440070128013024,1
440070128013025,1
440070128013026,1
440070128013027,1
440070128013028,1
440070128013029,1
440070128013030,1
440070128013031,1
440070128013032,1
440070128013033,1
440070128013034,1
440070128013035,1
440070128013036,1
440070128013037,1
440070128013038,1
440070128013039,1
440070128013040,1
440070128013041,1
440070128013042,1
440070128013043,1
440070128013044,1
440070128013045,1
440070128013046,1
440070128013047,1
440070128013048,1
440070128013049,1
440070128013050,1
440070128013051,1
440070128013052,1
440070128013053,1
440070128013054,1
440070128013055,1
440070128013056,1
440070128013057,1
440070128013058,1
440070128013059,1
440070128013060,1
440070128013061,1
440070128013062,1
440070128013063,1
440070128013064,1
440070128013065,1
440070128013066,1
440070128013067,1
440070128013068,1
440070128013069,1
440070150001000,1
440070150001001,1
440070150001002,1
440070150001003,1
440070150001004,1
440070150001005,1
440070150001006,1
440070150001007,1
440070150001008,1
440070150001009,1
440070150001010,1
440070150001011,1
440070150001012,1
440070150001013,1
440070150001014,1
440070150001015,1
440070150001016,1
440070150001017,1
440070150001018,1
440070150001019,1
440070150001020,1
440070150001021,1
440070150001022,1
440070150001023,1
440070150001024,1
440070150001025,1
440070150001026,1
440070150001027,1
440070150001028,1
440070150001029,1
440070150001030,1
440070128012000,1
440070128012001,1
440070128012002,1
440070128012003,1
440070128012004,1
440070128012005,1
440070128012006,1
440070128012007,1
440070128012008,1
440070128012009,1
440070128012010,1
440070128012011,1
440070128012012,1
440070128012013,1
440070128012014,1
440070128012015,1
440070128012016,1
440070128012017,1
440070128012018,1
440070128012019,1
440070128012020,1
440070128012021,1
440070128012022,1
440070128021000,1
440070128021001,1
440070128021002,1
440070128021003,1
440070128021004,1
440070128021005,1
440070128021006,1
440070128021007,1
440070128021008,1
440070128021009,1
440070128021010,1
440070128021011,1
440070128021012,1
440070128021013,1
440070128021014,1
440070128021015,1
440070128021016,1
440070128021017,1
440070128021018,1
440070128021019,1
440070128021020,1
440070128021021,1
440070128021022,1
440070128021023,1
440070128021024,1
440070128021025,1
440070128021026,1
440070128021027,1
440070128021028,1
440070128021029,1
440070128021030,1
440070128021031,1
440070128021032,1
440070128021033,1
440070128021034,1
440070128021035,1
440070128021036,1
440070127022000,1
440070127022001,1
440070127022002,1
440070127022003,1
440070127022004,1
440070127022005,1
440070127022006,1
440070127022007,1
440070127022008,1
440070127022009,1
440070127022010,1
440070127022011,1
440070127022012,1
440070127022013,1
440070127022014,1
440070127022015,1
440070127022016,1
440070127022017,1
440070127022018,1
440070127022019,1
440070127023000,1
440070127023001,1
440070127023002,1
440070127023003,1
440070127023004,1
440070127023005,1
440070127023006,1
440070127023007,1
440070127023008,1
440070127023009,1
440070127023010,1
440070127023011,1
440070127023012,1
440070127023013,1
440070127023014,1
440070127023015,1
440070127023016,1
440070127023017,1
440070127023018,1
440070127023019,1
440070127023020,1
440070127023021,1
440070127023022,1
440070127023023,1
440070127023024,1
440070127023025,1
440070127023026,1
440070127023027,1
440070127023028,1
440070127023029,1
440070127021000,1
440070127021001,1
440070127021002,1
440070127021003,1
440070127021004,1
440070127021005,1
440070127021006,1
440070127021007,1
440070127021008,1
440070127021009,1
440070127021010,1
440070127021011,1
440070127021012,1
440070127021013,1
440070127021014,1
440070127021015,1
440070127021016,1
440070127021017,1
440070127021018,1
440070127021019,1
440070127021020,1
440070127021021,1
440070127021022,1
440070127021023,1
440070127021024,1
440070127021025,1
440070127021026,1
440070127021027,1
440070127021028,1
440070127021029,1
440070127021030,1
440070127021031,1
440070127021032,1
440070127021033,1
440070127021034,1
440070127021035,1
440070127021036,1
440070127021037,1
440070127021038,1
440070127021039,1
440070127021040,1
440070127021041,1
440070127021042,1
440070127021043,1
440070127021044,1
440070127021045,1
440070127021046,1
440070127021047,1
440070127021048,1
440070127021049,1
440070127021050,1
440070127021051,1
440070127021052,1
440070127021053,1
440070127021054,1
440070127021055,1
440070127021056,1
440070127021057,1
440070127021058,1
440070127021059,1
440070127021060,1
440070127021061,1
440070127021062,1
440070127021063,1
440070128011000,1
440070128011001,1
440070128011002,1
440070128011003,1
440070128011004,1
440070128011005,1
440070128011006,1
440070128011007,1
440070128011008,1
440070128011009,1
440070128011010,1
440070128011011,1
440070128011012,1
440070128011013,1
440070128011014,1
440070128011015,1
440070128011016,1
440070128011017,1
440070128011018,1
440070128011019,1
440070128011020,1
440070128011021,1
440070128011022,1
440070128011023,1
440070128032000,1
440070128032001,1
440070128032002,1
440070128032003,1
440070128032004,1
440070128032005,1
440070128032006,1
440070128032007,1
440070128032008,1
440070128032009,1
440070128032010,1
440070128032011,1
440070128032012,1
440070128032013,1
440070128032014,1
440070128032015,1
440070128032016,1
440070128032017,1
440070128032018,1
440070128032019,1
440070128032020,1
440070128032021,1
440070128032022,1
440070128032023,1
440070128032024,1
440070128032025,1
440070128032026,1
440070128032027,1
440070128032028,1
440070128032029,1
440070128032030,1
440070128032031,1
440070128032032,1
440070128032033,1
440070128032034,1
440070128032035,1
440070128032036,1
440070128032037,1
440070128032038,1
440070128032039,1
440070128032040,1
440070128032041,1
440070128032042,1
440070128032043,1
440070128032044,1
440070128032045,1
440070128032046,1
440070128032047,1
440070128032048,1
440070128032049,1
440070128032050,1
440070128032051,1
440070128032052,1
440070128032053,1
440070128032054,1
440070128032055,1
440070128032056,1
440070128032057,1
440070128032058,1
440070128032059,1
440070128032060,1
440070128032061,1
440070128032062,1
440070128032063,1
440070128032064,1
440070128032065,1
440070128032066,1
440070128032067,1
440070128032068,1
440070128032069,1
440070128032070,1
440070128032071,1
440070128032072,1
440070128032073,1
440070128032074,1
440070128032075,1
440070128032076,1
440070128032077,1
440070128032078,1
440070128032079,1
440070128032080,1
440070128032081,1
440070128032082,1
440070128032083,1
440070128032084,1
440070128032085,1
440070128032086,1
440070128031000,1
440070128031001,1
440070128031002,1
440070128031003,1
440070128031004,1
440070128031005,1
440070128031006,1
440070128031007,1
440070128031008,1
440070128031009,1
440070128031010,1
440070128031011,1
440070128031012,1
440070128031013,1
440070128031014,1
440070128031015,1
440070128031016,1
440070128031017,1
440070128031018,1
440070128031019,1
440070128031020,1
440070128031021,1
440070128031022,1
440070128031023,1
440070128031024,1
440070128031025,1
440070128031026,1
440070128031027,1
440070128031028,1
440070128031029,1
440070128031030,1
440070128031031,1
440070128031032,1
440070128031033,1
440070128031034,1
440070128031035,1
440070128031036,1
440070128031037,1
440070128031038,1
440070128031039,1
440070128031040,1
440070128031041,1
440070128031042,1
440070128031043,1
440070128031044,1
440070128031045,1
440070128031046,1
440070128031047,1
440070128031048,1
440070128031049,1
440070128031050,1
440070128031051,1
440070128031052,1
440070128031053,1
440070128031054,1
440070128031055,1
440070128031056,1
440070128031057,1
440070128031058,1
440070128031059,1
440070128031060,1
440070128031061,1
440070128031062,1
440070128031063,1
440070128031064,1
440070128031065,1
440070128031066,1
440070128022000,1
440070128022001,1
440070128022002,1
440070128022003,1
440070128022004,1
440070128022005,1
440070128022006,1
440070128022007,1
440070128022008,1
440070128022009,1
440070128022010,1
440070128022011,1
440070128022012,1
440070128022013,1
440070128022014,1
440070128022015,1
440070128022016,1
440070128022017,1
440070128022018,1
440070128022019,1
440070128022020,1
440070128022021,1
440070128022022,1
440070128022023,1
440070128022024,1
440070128022025,1
440070128022026,1
440070128022027,1
440070128022028,1
440070128022029,1
440070128022030,1
440070128022031,1
440070128022032,1
440070128022033,1
440070128022034,1
440070128022035,1
440070128022036,1
440070128022037,1
440070128022038,1
440070128022039,1
440070128022040,1
440070128022041,1
440070128022042,1
440070128022043,1
440070128022044,1
440070128022045,1
440070128022046,1
440070128022047,1
440070128022048,1
440070128022049,1
440070128022050,1
440070128022051,1
440070128022052,1
440070128022053,1
440070128022054,1
440070128022055,1
440070128022056,1
440070128022057,1
440070128022058,1
440070128022059,1
440070128022060,1
440070128022061,1
440070156003000,1
440070156003001,1
440070156003002,1
440070156003003,1
440070156003004,1
440070156003005,1
440070156003006,1
440070156003007,1
440070156003008,1
440070156003009,1
440070156003010,1
440070156003011,1
440070156003012,1
440070156003013,1
440070156003014,1
440070156003015,1
440070156003016,1
440070156002000,1
440070156002001,1
440070156002002,1
440070156002003,1
440070156002004,1
440070156002005,1
440070156002006,1
440070156001000,1
440070156001001,1
440070156001002,1
440070156001003,1
440070156001004,1
440070156001005,1
440070156001006,1
440070156001007,1
440070156001008,1
440070156001009,1
440070157001000,1
440070157001001,1
440070157001002,1
440070157001003,1
440070157001004,1
440070157001005,1
440070157001006,1
440070157001007,1
440070157001008,1
440070157001009,1
440070157001010,1
440070157001011,1
440070157001012,1
440070157001013,1
440070157001014,1
440070157001015,1
440070157001016,1
440070157001017,1
440070157001018,1
440070157001019,1
440070157001020,1
440070157002000,1
440070157002001,1
440070157002002,1
440070157002003,1
440070157002004,1
440070157002005,1
440070157002006,1
440070157002007,1
440070157002008,1
440070157002009,1
440070157002010,1
440070157002011,1
440070157002012,1
440070157002013,1
440070157002014,1
440070157002015,1
440070157002016,1
440070157002017,1
440070157002018,1
440070157002019,1
440070157002020,1
440070155002000,1
440070155002001,1
440070155002002,1
440070155002003,1
440070155002004,1
440070155002005,1
440070155002006,1
440070155002007,1
440070155002008,1
440070155002009,1
440070155002010,1
440070155002011,1
440070155002012,1
440070155002013,1
440070155002014,1
440070155002015,1
440070155003000,1
440070155003001,1
440070155003002,1
440070155003003,1
440070155003004,1
440070155003005,1
440070155003006,1
440070155003007,1
440070155003008,1
440070155003009,1
440070155003010,1
440070155003011,1
440070155003012,1
440070155003013,1
440070155003014,1
440070155003015,1
440070155003016,1
440070155003017,1
440070155003018,1
440070155003019,1
440070155001000,1
440070155001001,1
440070155001002,1
440070155001003,1
440070155001004,1
440070155001005,1
440070155001006,1
440070155001007,1
440070155001008,1
440070155001009,1
440070155001010,1
440070155001011,1
440070155001012,1
440070155001013,1
440070155001014,1
440070155001015,1
440070155001016,1
440070155001017,1
440070155001018,1
440070155001019,1
440070155001020,1
440070155004000,1
440070155004001,1
440070155004002,1
440070155004003,1
440070155004004,1
440070155004005,1
440070155004006,1
440070155004007,1
440070155004008,1
440070158001000,1
440070158001001,1
440070158001002,1
440070158001003,1
440070158001004,1
440070158001005,1
440070158001006,1
440070158001007,1
440070158001008,1
440070158001009,1
440070158001010,1
440070158001011,1
440070158001012,1
440070158001013,1
440070158001014,1
440070158001015,1
440070158001016,1
440070158001017,1
440070158001018,1
440070158001019,1
440070158001020,1
440070158001021,1
440070158001022,1
440070158001023,1
440070158001024,1
440070158001025,1
440070158002000,1
440070158002001,1
440070158002002,1
440070158002003,1
440070158002004,1
440070158002005,1
440070158002006,1
440070158002007,1
440070158002008,1
440070158002009,1
440070158002010,1
440070158002011,1
440070158002012,1
440070158002013,1
440070158003000,1
440070158003001,1
440070158003002,1
440070158003003,1
440070158003004,1
440070158003005,1
440070158003006,1
440070158003007,1
440070158003008,1
440070158003009,1
440070158003010,1
440070158003011,1
440070158003012,1
440070157003000,1
440070157003001,1
440070157003002,1
440070157003003,1
440070157003004,1
440070157003005,1
440070157003006,1
440070157003007,1
440070157003008,1
440070157003009,1
440070157003010,1
440070157003011,1
440070157003012,1
440070157003013,1
440070157003014,1
440070157003015,1
440070157003016,1
440070157003017,1
440070157003018,1
440070157004000,1
440070157004001,1
440070157004002,1
440070157004003,1
440070157004004,1
440070157004005,1
440070157004006,1
440070157004007,1
440070157004008,1
440070157004009,1
440070157004010,1
440070157004011,1
440070157004012,1
440070157004013,1
440070151002000,1
440070151002001,1
440070151002002,1
440070151002003,1
440070151002004,1
440070151002005,1
440070151002006,1
440070151002007,1
440070151002008,1
440070151002009,1
440070151002010,1
440070151002011,1
440070151002012,1
440070151002013,1
440070151002014,1
440070151002015,1
440070151002016,1
440070151002017,1
440070151002018,1
440070151002019,1
440070151002020,1
440070151002021,1
440070151002022,1
440070151002023,1
440070151001000,1
440070151001001,1
440070151001002,1
440070151001003,1
440070151001004,1
440070151001005,1
440070151001006,1
440070151001007,1
440070151001008,1
440070151001009,1
440070151001010,1
440070151001011,1
440070151001012,1
440070151001013,1
440070151001014,1
440070151001015,1
440070151001016,1
440070151001017,1
440070151003000,1
440070151003001,1
440070151003002,1
440070151003003,1
440070151003004,1
440070151003005,1
440070151003006,1
440070151003007,1
440070151003008,1
440070151003009,1
440070151003010,1
440070152001000,1
440070152001001,1
440070152001002,1
440070152001003,1
440070152001004,1
440070152001005,1
440070152001006,1
440070152001007,1
440070152001008,1
440070152001009,1
440070152001010,1
440070152001011,1
440070152001012,1
440070152001013,1
440070152001014,1
440070152001015,1
440070152001016,1
440070152001017,1
440070152001018,1
440070152001019,1
440070152001020,1
440070152001021,1
440070152001022,1
440070152001023,1
440070152001024,1
440070152001025,1
440070152001026,1
440070152001027,1
440070150002000,1
440070150002001,1
440070150002002,1
440070150002003,1
440070150002004,1
440070150002005,1
440070150002006,1
440070150002007,1
440070150002008,1
440070150002009,1
440070150002010,1
440070150002011,1
440070150002012,1
440070150002013,1
440070150002014,1
440070150002015,1
440070150002016,1
440070150002017,1
440070150002018,1
440070150002019,1
440070150002020,1
440070150002021,1
440070150002022,1
440070150002023,1
440070150002024,1
440070150002025,1
440070150002026,1
440070150002027,1
440070150002028,1
440070150002029,1
440070150002030,1
440070150002031,1
440070150002032,1
440070150002033,1
440070153002000,1
440070153002001,1
440070153002002,1
440070153002003,1
440070153002004,1
440070153002005,1
440070153002006,1
440070153002007,1
440070153002008,1
440070153002009,1
440070153002010,1
440070153002011,1
440070153002012,1
440070153002013,1
440070153002014,1
440070153002015,1
440070153002016,1
440070153002017,1
440070153002018,1
440070153001000,1
440070153001001,1
440070153001002,1
440070153001003,1
440070153001004,1
440070153001005,1
440070153001006,1
440070153001007,1
440070153001008,1
440070153001009,1
440070153001010,1
440070153001011,1
440070153001012,1
440070153001013,1
440070153001014,1
440070153001015,1
440070153001016,1
440070153001017,1
440070153001018,1
440070153001019,1
440070153001020,1
440070154001000,1
440070154001001,1
440070154001002,1
440070154001003,1
440070154001004,1
440070154001005,1
440070154001006,1
440070154001007,1
440070154002000,1
440070154002001,1
440070154002002,1
440070154002003,1
440070154002004,1
440070154002005,1
440070154002006,1
440070154002007,1
440070154002008,1
440070152002000,1
440070152002001,1
440070152002002,1
440070152002003,1
440070152002004,1
440070152002005,1
440070152002006,1
440070152002007,1
440070152002008,1
440070152002009,1
440070152002010,1
440070152002011,1
440070152002012,1
440070152002013,1
440070152002014,1
440070152002015,1
440070152002016,1
440070152002017,1
440070152002018,1
440070152002019,1
440070152002020,1
440070152002021,1
440070152002022,1
440070152002023,1
440070152002024,1
440070152002025,1
440070152002026,1
440070152002027,1
440070152002028,1
440070127013000,1
440070127013001,1
440070127013002,1
440070127013003,1
440070127013004,1
440070127013005,1
440070127013006,1
440070127013007,1
440070127013008,1
440070127013009,1
440070127013010,1
440070127013011,1
440070127013012,1
440070127013013,1
440070127013014,1
440070127013015,1
440070127013016,1
440070127013017,1
440070127013018,1
440070127013019,1
440070127013020,1
440070127013021,1
440070127013022,1
440070127013023,1
440070127013024,1
440070127013025,1
440070127013026,1
440070127013027,1
440070127013028,1
440070127013029,1
440070127013030,1
440070127013031,1
440070127013032,1
440070127013033,1
440070127013034,1
440070127013035,1
440070127013036,1
440070127013037,1
440070127013038,1
440070127013039,1
440070127012000,1
440070127012001,1
440070127012002,1
440070127012003,1
440070127012004,1
440070127012005,1
440070127012006,1
440070127012007,1
440070127012008,1
440070127012009,1
440070127012010,1
440070127012011,1
440070127012012,1
440070127012013,1
440070127012014,1
440070127012015,1
440070127012016,1
440070127012017,1
440070127012018,1
440070127012019,1
440070127012020,1
440070127012021,1
440070127012022,1
440070127012023,1
440070127012024,1
440070127012025,1
440070126025000,1
440070126025001,1
440070126025002,1
440070126025003,1
440070126025004,1
440070126025005,1
440070126025006,1
440070126025007,1
440070126025008,1
440070126025009,1
440070126025010,1
440070126025011,1
440070126025012,1
440070126025013,1
440070126025014,1
440070126025015,1
440070126025016,1
440070126025017,1
440070126025018,1
440070126025019,1
440070126025020,1
440070126025021,1
440070126025022,1
440070126025023,1
440070126025024,1
440070126025025,1
440070126025026,1
440070126025027,1
440070126025028,1
440070126025029,1
440070126026000,1
440070126026001,1
440070126026002,1
440070126026003,1
440070126026004,1
440070126026005,1
440070126026006,1
440070126026007,1
440070126026008,1
440070126026009,1
440070126026010,1
440070126026011,1
440070126026012,1
440070126026013,1
440070126026014,1
440070126026015,1
440070126026016,1
440070126026017,1
440070126026018,1
440070126026019,1
440070126026020,1
440070126026021,1
440070126026022,1
440070126026023,1
440070126026024,1
440070126026025,1
440070126026026,1
440070126026027,1
440070126026028,1
440070184004000,1
440070184004001,1
440070184004002,1
440070184004003,1
440070184004004,1
440070184004005,1
440070184004006,1
440070184004007,1
440070184004008,1
440070184004009,1
440070184004010,1
440070184004011,1
440070127011000,1
440070127011001,1
440070127011002,1
440070127011003,1
440070127011004,1
440070127011005,1
440070127011006,1
440070127011007,1
440070127011008,1
440070127011009,1
440070127011010,1
440070127011011,1
440070127011012,1
440070127011013,1
440070127011014,1
440070127011015,1
440070127011016,1
440070127011017,1
440070127011018,1
440070127011019,1
440070127011020,1
440070127011021,1
440070127011022,1
440070127011023,1
440070127011024,1
440070127011025,1
440070127011026,1
440070185002000,1
440070185002001,1
440070185002002,1
440070185002003,1
440070185002004,1
440070185002005,1
440070185002006,1
440070185002007,1
440070185002008,1
440070185002009,1
440070185002010,1
440070185002011,1
440070185002012,1
440070185002013,1
440070185002014,1
440070185002015,1
440070185002016,1
440070185002017,1
440070185002018,1
440070185002019,1
440070185002020,1
440070185002021,1
440070185002022,1
440070185002023,1
440070185002024,1
440070185003000,1
440070185003001,1
440070185003002,1
440070185003003,1
440070185003004,1
440070185003005,1
440070185003006,1
440070185003007,1
440070185003008,1
440070185003009,1
440070185003010,1
440070185003011,1
440070185003012,1
440070185003013,1
440070185003014,1
440070185003015,1
440070185003016,1
440070185003017,1
440070185003018,1
440070185003019,1
440070185003020,1
440070185003021,1
440070185003022,1
440070185003023,1
440070185003024,1
440070185003025,1
440070185003026,1
440070185003027,1
440070185003028,1
440070185003029,1
440070185003030,1
440070185003031,1
440070185003032,1
440070185001000,1
440070185001001,1
440070185001002,1
440070185001003,1
440070185001004,1
440070185001005,1
440070185001006,1
440070184005000,1
440070184005001,1
440070184005002,1
440070184005003,1
440070184005004,1
440070184005005,1
440070184005006,1
440070184005007,1
440070184005008,1
440070184005009,1
440070184005010,1
440070184005011,1
440070184005012,1
440070184005013,1
440070184005014,1
440070184005015,1
440070184005016,1
440070184005017,1
440070184005018,1
440070126012000,1
440070126012001,1
440070126012002,1
440070126012003,1
440070126012004,1
440070126012005,1
440070126012006,1
440070126012007,1
440070126012008,1
440070126012009,1
440070126012010,1
440070126012011,1
440070126012012,1
440070126012013,1
440070126012014,1
440070126012015,1
440070126012016,1
440070126012017,1
440070126012018,1
440070126012019,1
440070126012020,1
440070126012021,1
440070126012022,1
440070126012023,1
440070126012024,1
440070126012025,1
440070126012026,1
440070126012027,1
440070126012028,1
440070126012029,1
440070126012030,1
440070126012031,1
440070126012032,1
440070126012033,1
440070126012034,1
440070126012035,1
440070126012036,1
440070126012037,1
440070126012038,1
440070126012039,1
440070126012040,1
440070126012041,1
440070126012042,1
440070126012043,1
440070126012044,1
440070126012045,1
440070126012046,1
440070126012047,1
440070126012048,1
440070126012049,1
440070126012050,1
440070126012051,1
440070126012052,1
440070126012053,1
440070126012054,1
440070126012055,1
440070126012056,1
440070126012057,1
440070126012058,1
440070126012059,1
440070126012060,1
440070126012061,1
440070126012062,1
440070126012063,1
440070126012064,1
440070126012065,1
440070126012066,1
440070126012067,1
440070126012068,1
440070126012069,1
440070126012070,1
440070126011000,1
440070126011001,1
440070126011002,1
440070126011003,1
440070126011004,1
440070126011005,1
440070126011006,1
440070126011007,1
440070126011008,1
440070126011009,1
440070126011010,1
440070126011011,1
440070126011012,1
440070126011013,1
440070126011014,1
440070126011015,1
440070126011016,1
440070126011017,1
440070126011018,1
440070126011019,1
440070126011020,1
440070126011021,1
440070126011022,1
440070126011023,1
440070126011024,1
440070126011025,1
440070126011026,1
440070126011027,1
440070126011028,1
440070126011029,1
440070126011030,1
440070126011031,1
440070126011032,1
440070126011033,1
440070126011034,1
440070126011035,1
440070126011036,1
440070126011037,1
440070126011038,1
440070126011039,1
440070126011040,1
440070126011041,1
440070126011042,1
440070126011043,1
440070126011044,1
440070126011045,1
440070126011046,1
440070126011047,1
440070126011048,1
440070126011049,1
440070126011050,1
440070126011051,1
440070126011052,1
440070126024000,1
440070126024001,1
440070126024002,1
440070126024003,1
440070126024004,1
440070126024005,1
440070126024006,1
440070126024007,1
440070126024008,1
440070126024009,1
440070126024010,1
440070126024011,1
440070126024012,1
440070126024013,1
440070126024014,1
440070126024015,1
440070126024016,1
440070126024017,1
440070126024018,1
440070126024019,1
440070126024020,1
440070126024021,1
440070126024022,1
440070126024023,1
440070126023000,1
440070126023001,1
440070126023002,1
440070126023003,1
440070126023004,1
440070126023005,1
440070126023006,1
440070126023007,1
440070126023008,1
440070126023009,1
440070126023010,1
440070126023011,1
440070126023012,1
440070126023013,1
440070126023014,1
440070126023015,1
440070126023016,1
440070126023017,1
440070126023018,1
440070126023019,1
440070126023020,1
440070126023021,1
440070126023022,1
440070126023023,1
440070126023024,1
440070126023025,1
440070126023026,1
440070126023027,1
440070126023028,1
440070126023029,1
440070126023030,1
440070126023031,1
440070126023032,1
440070126023033,1
440070126021000,1
440070126021001,1
440070126021002,1
440070126021003,1
440070126021004,1
440070126021005,1
440070126021006,1
440070126021007,1
440070126021008,1
440070126021009,1
440070126021010,1
440070126021011,1
440070126021012,1
440070126021013,1
440070126021014,1
440070126021015,1
440070126021016,1
440070126021017,1
440070126021018,1
440070126021019,1
440070126021020,1
440070126021021,1
440070126021022,1
440070126021023,1
440070126021024,1
440070126021025,1
440070126021026,1
440070126021027,1
440070126021028,1
440070126021029,1
440070126021030,1
440070126022000,1
440070126022001,1
440070126022002,1
440070126022003,1
440070126022004,1
440070126022005,1
440070126022006,1
440070126022007,1
440070126022008,1
440070126022009,1
440070126022010,1
440070126022011,1
440070126022012,1
440070126022013,1
440070126022014,1
440070126022015,1
440070126022016,1
440070126022017,1
440070126022018,1
440070126022019,1
440070126022020,1
440070126022021,1
440070126022022,1
440070126022023,1
440070126022024,1
440070126022025,1
440070126022026,1
440070126022027,1
440070126022028,1
440070176001000,1
440070176001001,1
440070176001002,1
440070176001003,1
440070176001004,1
440070176001005,1
440070176001006,1
440070176001007,1
440070176001008,1
440070176001009,1
440070176001010,1
440070176001011,1
440070176001012,1
440070176001013,1
440070176001014,1
440070176001015,1
440070176001016,1
440070176001017,1
440070176001018,1
440070176001019,1
440070176001020,1
440070175001000,1
440070175001001,1
440070175001002,1
440070175001003,1
440070175001004,1
440070175001005,1
440070175001006,1
440070175001007,1
440070175001008,1
440070175001009,1
440070175001010,1
440070175001011,1
440070175001012,1
440070175001013,1
440070175001014,1
440070175001015,1
440070175001016,1
440070175001017,1
440070175001018,1
440070175001019,1
440070175001020,1
440070175003000,1
440070175003001,1
440070175003002,1
440070175003003,1
440070175003004,1
440070175003005,1
440070175003006,1
440070175003007,1
440070175003008,1
440070175003009,1
440070175003010,1
440070175003011,1
440070175003012,1
440070175003013,1
440070175003014,1
440070175003015,1
440070175003016,1
440070175003017,1
440070175003018,1
440070176002000,1
440070176002001,1
440070176002002,1
440070176002003,1
440070176002004,1
440070176002005,1
440070176002006,1
440070176002007,1
440070176002008,1
440070176002009,1
440070176002010,1
440070176002011,1
440070176002012,1
440070176002013,1
440070176002014,1
440070176002015,1
440070176002016,1
440070176002017,1
440070176002018,1
440070175002000,1
440070175002001,1
440070175002002,1
440070175002003,1
440070175002004,1
440070175002005,1
440070175002006,1
440070175002007,1
440070175002008,1
440070175002009,1
440070175002010,1
440070175002011,1
440070175002012,1
440070175002013,1
440070175002014,1
440070177003000,1
440070177003001,1
440070177003002,1
440070177003003,1
440070177003004,1
440070177003005,1
440070177003006,1
440070177003007,1
440070177003008,1
440070177003009,1
440070177003010,1
440070177003011,1
440070177003012,1
440070177003013,1
440070177003014,1
440070177003015,1
440070177003016,1
440070177002000,1
440070177002001,1
440070177002002,1
440070177002003,1
440070177002004,1
440070177002005,1
440070177002006,1
440070177002007,1
440070177002008,1
440070177002009,1
440070177002010,1
440070177002011,1
440070177002012,1
440070177002013,1
440070177002014,1
440070177002015,1
440070177002016,1
440070177002017,1
440070177002018,1
440070177001000,1
440070177001001,1
440070177001002,1
440070177001003,1
440070177001004,1
440070177001005,1
440070177001006,1
440070177001007,1
440070177001008,1
440070177001009,1
440070177001010,1
440070177001011,1
440070177001012,1
440070177001013,1
440070177001014,1
440070177001015,1
440070177001016,1
440070177001017,1
440070177001018,1
440070177001019,1
440070177001020,1
440070177001021,1
440070177001022,1
440070177001023,1
440070177001024,1
440070177001025,1
440070177001026,1
440070177001027,1
440070177001028,1
440070177001029,1
440070173002000,1
440070173002001,1
440070173002002,1
440070173002003,1
440070173002004,1
440070173002005,1
440070173002006,1
440070173002007,1
440070173002008,1
440070173002009,1
440070173002010,1
440070173002011,1
440070173002012,1
440070173002013,1
440070173002014,1
440070173002015,1
440070173002016,1
440070173002017,1
440070173002018,1
440070173002019,1
440070173001000,1
440070173001001,1
440070173001002,1
440070173001003,1
440070173001004,1
440070173001005,1
440070173001006,1
440070173001007,1
440070173001008,1
440070173001009,1
440070173001010,1
440070173001011,1
440070173001012,1
440070173001013,1
440070173001014,1
440070173001015,1
440070173001016,1
440070173001017,1
440070173001018,1
440070173001019,1
440070173003000,1
440070173003001,1
440070173003002,1
440070173003003,1
440070173003004,1
440070173003005,1
440070173003006,1
440070173003007,1
440070173003008,1
440070173003009,1
440070173003010,1
440070173003011,1
440070173003012,1
440070173003013,1
440070173003014,1
440070173003015,1
440070171004000,1
440070171004001,1
440070171004002,1
440070171004003,1
440070171004004,1
440070171004005,1
440070171004006,1
440070171004007,1
440070171004008,1
440070171004009,1
440070171004010,1
440070171004011,1
440070171004012,1
440070174003000,1
440070174003001,1
440070174003002,1
440070174003003,1
440070174003004,1
440070174003005,1
440070174003006,1
440070174003007,1
440070174003008,1
440070174003009,1
440070174003010,1
440070174003011,1
440070174003012,1
440070174003013,1
440070174003014,1
440070174002000,1
440070174002001,1
440070174002002,1
440070174002003,1
440070174002004,1
440070174002005,1
440070174002006,1
440070174002007,1
440070174002008,1
440070174002009,1
440070174002010,1
440070174002011,1
440070174002012,1
440070174002013,1
440070174001000,1
440070174001001,1
440070174001002,1
440070174001003,1
440070174001004,1
440070174001005,1
440070174001006,1
440070174001007,1
440070174001008,1
440070174001009,1
440070174001010,1
440070174001011,1
440070174001012,1
440070174001013,1
440070174001014,1
440070174001015,1
440070174001016,1
440070174001017,1
440070174001018,1
440070174001019,1
440070174001020,1
440070174001021,1
440070174001022,1
440070174001023,1
440070181002000,1
440070181002001,1
440070181002002,1
440070181002003,1
440070181002004,1
440070181002005,1
440070181002006,1
440070181002007,1
440070181002008,1
440070181002009,1
440070181002010,1
440070181002011,1
440070181002012,1
440070181002013,1
440070181002014,1
440070181002015,1
440070181002016,1
440070181002017,1
440070181002018,1
440070181002019,1
440070181002020,1
440070181002021,1
440070181002022,1
440070181002023,1
440070181002024,1
440070181002025,1
440070181002026,1
440070181002027,1
440070181002028,1
440070182001000,1
440070182001001,1
440070182001002,1
440070182001003,1
440070182001004,1
440070182001005,1
440070182001006,1
440070182001007,1
440070182002000,1
440070182002001,1
440070182002002,1
440070182002003,1
440070182002004,1
440070182002005,1
440070182002006,1
440070182002007,1
440070182002008,1
440070182002009,1
440070182002010,1
440070182002011,1
440070182002012,1
440070182002013,1
440070182002014,1
440070180003000,1
440070180003001,1
440070180003002,1
440070180003003,1
440070180003004,1
440070180003005,1
440070180003006,1
440070180003007,1
440070180003008,1
440070180003009,1
440070180003010,1
440070180003011,1
440070180003012,1
440070180003013,1
440070180003014,1
440070180003015,1
440070180003016,1
440070180003017,1
440070180003018,1
440070180003019,1
440070180003020,1
440070180003021,1
440070181001000,1
440070181001001,1
440070181001002,1
440070181001003,1
440070181001004,1
440070181001005,1
440070181001006,1
440070181001007,1
440070181001008,1
440070181001009,1
440070181001010,1
440070184002000,1
440070184002001,1
440070184002002,1
440070184002003,1
440070184002004,1
440070184002005,1
440070184002006,1
440070184002007,1
440070184002008,1
440070184002009,1
440070184002010,1
440070184002011,1
440070184002012,1
440070184002013,1
440070184002014,1
440070184002015,1
440070184002016,1
440070184002017,1
440070184002018,1
440070184003000,1
440070184003001,1
440070184003002,1
440070184003003,1
440070184003004,1
440070184003005,1
440070184003006,1
440070184003007,1
440070184003008,1
440070184003009,1
440070184003010,1
440070184003011,1
440070184003012,1
440070184003013,1
440070184003014,1
440070184003015,1
440070183001000,1
440070183001001,1
440070183001002,1
440070183001003,1
440070183001004,1
440070183001005,1
440070183001006,1
440070183001007,1
440070183001008,1
440070183001009,1
440070183001010,1
440070183001011,1
440070183001012,1
440070183001013,1
440070183001014,1
440070183001015,1
440070183001016,1
440070183001017,1
440070183001018,1
440070183001019,1
440070184001000,1
440070184001001,1
440070184001002,1
440070184001003,1
440070184001004,1
440070184001005,1
440070184001006,1
440070184001007,1
440070184001008,1
440070184001009,1
440070184001010,1
440070184001011,1
440070184001012,1
440070179002000,1
440070179002001,1
440070179002002,1
440070179002003,1
440070179002004,1
440070179002005,1
440070179002006,1
440070179002007,1
440070179002008,1
440070179002009,1
440070179002010,1
440070179002011,1
440070179002012,1
440070179002013,1
440070179002014,1
440070179002015,1
440070179002016,1
440070179002017,1
440070179003000,1
440070179003001,1
440070179003002,1
440070179003003,1
440070179003004,1
440070179003005,1
440070179003006,1
440070179003007,1
440070179003008,1
440070179003009,1
440070179003010,1
440070179003011,1
440070179003012,1
440070179003013,1
440070179003014,1
440070178002000,1
440070178002001,1
440070178002002,1
440070178002003,1
440070178002004,1
440070178002005,1
440070178002006,1
440070178002007,1
440070178002008,1
440070179001000,1
440070179001001,1
440070179001002,1
440070179001003,1
440070179001004,1
440070179001005,1
440070179001006,1
440070179001007,1
440070179001008,1
440070179001009,1
440070179001010,1
440070179001011,1
440070179001012,1
440070179001013,1
440070178001000,1
440070178001001,1
440070178001002,1
440070178001003,1
440070178001004,1
440070178001005,1
440070178001006,1
440070178001007,1
440070178001008,1
440070178001009,1
440070178003000,1
440070178003001,1
440070178003002,1
440070178003003,1
440070178003004,1
440070178003005,1
440070178003006,1
440070178003007,1
440070178003008,1
440070180002000,1
440070180002001,1
440070180002002,1
440070180002003,1
440070180002004,1
440070180002005,1
440070180002006,1
440070180002007,1
440070180002008,1
440070180002009,1
440070180002010,1
440070180002011,1
440070180002012,1
440070180002013,1
440070180002014,1
440070180002015,1
440070180002016,1
440070180002017,1
440070180002018,1
440070180002019,1
440070180002020,1
440070180002021,1
440070180002022,1
440070180002023,1
440070180002024,1
440070180002025,1
440070180002026,1
440070180002027,1
440070180002028,1
440070180002029,1
440070180002030,1
440070180002031,1
440070180002032,1
440070180001000,1
440070180001001,1
440070180001002,1
440070180001003,1
440070180001004,1
440070180001005,1
440070180001006,1
440070180001007,1
440070180001008,1
440070180001009,1
440070180001010,1
440070180001011,1
440070180001012,1
440070180001013,1
440070180001014,1
440070180001015,1
440070180001016,1
440070180001017,1
440070180001018,1
440070180001019,1
440030204002000,2
440030204002001,2
440030204002002,2
440030204002003,2
440030204002004,2
440030204002005,2
440030204002006,2
440030204002007,2
440030204002008,2
440030204002009,2
440030204002010,2
440030204002011,2
440030204002012,2
440030204002013,2
440030204002014,2
440030204002015,2
440030204003000,2
440030204003001,2
440030204003002,2
440030204003003,2
440030204003004,2
440030204003005,2
440030204003006,2
440030204003007,2
440030204003008,2
440030204003009,2
440030204003010,2
440030204003011,2
440030204003012,2
440030204003013,2
440030204003014,2
440030204003015,2
440030204003016,2
440030204003017,2
440030204003018,2
440030204003019,2
440030204003020,2
440030204003021,2
440030204003022,2
440030204003023,2
440030204003024,2
440030204003025,2
440030204003026,2
440030204003027,2
440030204003028,2
440030204003029,2
440030204003030,2
440030204001000,2
440030204001001,2
440030204001002,2
440030204001003,2
440030204001004,2
440030204001005,2
440030204001006,2
440030204001007,2
440030204001008,2
440030204001009,2
440030204001010,2
440030204001011,2
440030204001012,2
440030204001013,2
440030205001000,2
440030205001001,2
440030205001002,2
440030205001003,2
440030205001004,2
440030205001005,2
440030205001006,2
440030205001007,2
440030205001008,2
440030205001009,2
440030205001010,2
440030205001011,2
440030205001012,2
440030205001013,2
440030205001014,2
440030205001015,2
440030205001016,2
440030205001017,2
440030205001018,2
440030205001019,2
440030205001020,2
440030205001021,2
440030205001022,2
440030205001023,2
440030205001024,2
440030205001025,2
440030205001026,2
440030205001027,2
440030205001028,2
440030205001029,2
440030205001030,2
440030205001031,2
440030205001032,2
440030205001033,2
440030205001034,2
440030205001035,2
440030205001036,2
440030205001037,2
440030205001038,2
440030205001039,2
440030205001040,2
440030205001041,2
440030203003000,2
440030203003001,2
440030203003002,2
440030203003003,2
440030203003004,2
440030203003005,2
440030203003006,2
440030203003007,2
440030203003008,2
440030203003009,2
440030203003010,2
440030203003011,2
440030203003012,2
440030203003013,2
440030203003014,2
440030203003015,2
440030203003016,2
440030203003017,2
440030203003018,2
440030203003019,2
440030203003020,2
440030203003021,2
440030203003022,2
440030203003023,2
440030203003024,2
440030203003025,2
440030203003026,2
440030203003027,2
440030203003028,2
440030203003029,2
440030203003030,2
440030203003031,2
440030203003032,2
440030203004000,2
440030203004001,2
440030203004002,2
440030203004003,2
440030203004004,2
440030203004005,2
440030203004006,2
440030203004007,2
440030203004008,2
440030203004009,2
440030203004010,2
440030203004011,2
440030203004012,2
440030203004013,2
440030203004014,2
440030203004015,2
440030203004016,2
440030203002000,2
440030203002001,2
440030203002002,2
440030203002003,2
440030203002004,2
440030203002005,2
440030203002006,2
440030203002007,2
440030203002008,2
440030203002009,2
440030203002010,2
440030203002011,2
440030203002012,2
440030203002013,2
440030203002014,2
440030203002015,2
440030203002016,2
440030203002017,2
440030203002018,2
440030203002019,2
440030206012000,2
440030206012001,2
440030206012002,2
440030206012003,2
440030206012004,2
440030206012005,2
440030206012006,2
440030206012007,2
440030206012008,2
440030206012009,2
440030206012010,2
440030206012011,2
440030206012012,2
440030206012013,2
440030206012014,2
440030206012015,2
440030206012016,2
440030206012017,2
440030206012018,2
440030206012019,2
440030206012020,2
440030206012021,2
440030206012022,2
440030206012023,2
440030206012024,2
440030206012025,2
440030206012026,2
440030206012027,2
440030206012028,2
440030206012029,2
440030206012030,2
440030203005000,2
440030203005001,2
440030203005002,2
440030203005003,2
440030203005004,2
440030203005005,2
440030203005006,2
440030203005007,2
440030203005008,2
440030203005009,2
440030203005010,2
440030203005011,2
440030203005012,2
440030203005013,2
440030203005014,2
440030203005015,2
440030203005016,2
440030203005017,2
440030203005018,2
440030203005019,2
440030203005020,2
440030203005021,2
440030206011000,2
440030206011001,2
440030206011002,2
440030206011003,2
440030206011004,2
440030206011005,2
440030206011006,2
440030206011007,2
440030206011008,2
440030206011009,2
440030206011010,2
440030206011011,2
440030206011012,2
440030206011013,2
440030206011014,2
440030206011015,2
440030206011016,2
440030206011017,2
440030206011018,2
440030206011019,2
440030206011020,2
440030206011021,2
440030206011022,2
440030206011023,2
440030206011024,2
440030206011025,2
440030206011026,2
440030206011027,2
440030206011028,2
440030206011029,2
440030206014000,2
440030206014001,2
440030206014002,2
440030206014003,2
440030206014004,2
440030206014005,2
440030206014006,2
440030206014007,2
440030206014008,2
440030206014009,2
440030206014010,2
440030206014011,2
440030206014012,2
440030206014013,2
440030206014014,2
440030206014015,2
440030206014016,2
440030206014017,2
440030206014018,2
440030206014019,2
440030206014020,2
440030206014021,2
440030206014022,2
440030206014023,2
440030206013000,2
440030206013001,2
440030206013002,2
440030206013003,2
440030206013004,2
440030206013005,2
440030206013006,2
440030206013007,2
440030206013008,2
440030206013009,2
440030206013010,2
440030206013011,2
440030201013000,2
440030201013001,2
440030201013002,2
440030201013003,2
440030201013004,2
440030201013005,2
440030201013006,2
440030201013007,2
440030201013008,2
440030201013009,2
440030201013010,2
440030201013011,2
440030201013012,2
440030201013013,2
440030201013014,2
440030201013015,2
440030201013016,2
440030201013017,2
440030201013018,2
440030201013019,2
440030201013020,2
440030201013021,2
440030201013022,2
440030201013023,2
440030201013024,2
440030201013025,2
440030201013026,2
440030205002000,2
440030205002001,2
440030205002002,2
440030205002003,2
440030205002004,2
440030205002005,2
440030205002006,2
440030205002007,2
440030205002008,2
440030205002009,2
440030205002010,2
440030205002011,2
440030205002012,2
440030205002013,2
440030205002014,2
440030205002015,2
440030205002016,2
440030205002017,2
440030205002018,2
440030205002019,2
440030205002020,2
440030205002021,2
440030205002022,2
440030205002023,2
440030205002024,2
440030205002025,2
440030205002026,2
440030205002027,2
440030205002028,2
440030205002029,2
440030205003000,2
440030205003001,2
440030205003002,2
440030205003003,2
440030205003004,2
440030205003005,2
440030205003006,2
440030205003007,2
440030205003008,2
440030205003009,2
440030205003010,2
440030205003011,2
440030205003012,2
440030205003013,2
440030205003014,2
440030205003015,2
440030205003016,2
440030205003017,2
440030205003018,2
440030201022000,2
440030201022001,2
440030201022002,2
440030201022003,2
440030201022004,2
440030201022005,2
440030201022006,2
440030201022007,2
440030201022008,2
440030201022009,2
440030201022010,2
440030201022011,2
440030201022012,2
440030201022013,2
440030201022014,2
440030201022015,2
440030201022016,2
440030201022017,2
440030201022018,2
440030201022019,2
440030201022020,2
440030201022021,2
440030201022022,2
440030201022023,2
440030201022024,2
440030201022025,2
440030201022026,2
440030201021000,2
440030201021001,2
440030201021002,2
440030201021003,2
440030201021004,2
440030201021005,2
440030201021006,2
440030201021007,2
440030201021008,2
440030201021009,2
440030201021010,2
440030201021011,2
440030201021012,2
440030201021013,2
440030201021014,2
440030201021015,2
440030201021016,2
440030201021017,2
440030201021018,2
440030201021019,2
440030201023000,2
440030201023001,2
440030201023002,2
440030201023003,2
440030201023004,2
440030201023005,2
440030201023006,2
440030201023007,2
440030201023008,2
440030201023009,2
440030201023010,2
440030201023011,2
440030201023012,2
440030201023013,2
440030201023014,2
440030201023015,2
440030201023016,2
440030201023017,2
440030201023018,2
440030201023019,2
440030201023020,2
440030201023021,2
440030201023022,2
440030201023023,2
440030201023024,2
440030201023025,2
440030201023026,2
440030201023027,2
440030201023028,2
440030201023029,2
440030201023030,2
440030201023031,2
440030201023032,2
440030201023033,2
440030201023034,2
440030201023035,2
440030201023036,2
440030201023037,2
440030201023038,2
440030201023039,2
440030201023040,2
440030201011000,2
440030201011001,2
440030201011002,2
440030201011003,2
440030201011004,2
440030201011005,2
440030201011006,2
440030201011007,2
440030201011008,2
440030201011009,2
440030201011010,2
440030201011011,2
440030201011012,2
440030201011013,2
440030201011014,2
440030201011015,2
440030201011016,2
440030201011017,2
440030201011018,2
440030201011019,2
440030201011020,2
440030201011021,2
440030201011022,2
440030201011023,2
440030201011024,2
440030201011025,2
440030201011026,2
440030201011027,2
440030201011028,2
440030201011029,2
440030201011030,2
440030201011031,2
440030201012000,2
440030201012001,2
440030201012002,2
440030201012003,2
440030201012004,2
440030201012005,2
440030201012006,2
440030201012007,2
440030201012008,2
440030201012009,2
440030201012010,2
440030201012011,2
440030201012012,2
440030201012013,2
440030201012014,2
440030201012015,2
440030201012016,2
440030201012017,2
440030201012018,2
440030201012019,2
440030201012020,2
440030201012021,2
440030201012022,2
440030201012023,2
440030201012024,2
440030201012025,2
440030201012026,2
440030201012027,2
440030201012028,2
440030207011000,2
440030207011001,2
440030207011002,2
440030207011003,2
440030207011004,2
440030207011005,2
440030207011006,2
440030207011007,2
440030207011008,2
440030207011009,2
440030207011010,2
440030207011011,2
440030207011012,2
440030207011013,2
440030207011014,2
440030207011015,2
440030207011016,2
440030207011017,2
440030207011018,2
440030207011019,2
440030207011020,2
440030207011021,2
440030207011022,2
440030207011023,2
440030207011024,2
440030207011025,2
440030207011026,2
440030207011027,2
440030207011028,2
440030207011029,2
440030207011030,2
440030207011031,2
440030207011032,2
440030207011033,2
440030207011034,2
440030207011035,2
440030207011036,2
440030207011037,2
440030207011038,2
440030207011039,2
440030207011040,2
440030207011041,2
440030207011042,2
440030207011043,2
440030207011044,2
440030207011045,2
440030207011046,2
440030207011047,2
440030207011048,2
440030207011049,2
440030207011050,2
440030207011051,2
440030207011052,2
440030207011053,2
440030207011054,2
440030207011055,2
440030207011056,2
440030207011057,2
440030207011058,2
440030207011059,2
440030207011060,2
440030207011061,2
440030207011062,2
440030207011063,2
440030207011064,2
440030207011065,2
440030207011066,2
440030207011067,2
440030207011068,2
440030207011069,2
440030207011070,2
440030207011071,2
440030207011072,2
440030207011073,2
440030207011074,2
440030207011075,2
440030207011076,2
440030207011077,2
440030207011078,2
440030207011079,2
440030207011080,2
440030207011081,2
440030207011082,2
440030207011083,2
440030207011084,2
440030207011085,2
440030207011086,2
440030207011087,2
440030207011088,2
440030207011089,2
440030207011090,2
440030207011091,2
440030207011092,2
440030207011093,2
440030207011094,2
440030207011095,2
440030207011096,2
440030207011097,2
440030207011098,2
440030207011099,2
440030207011100,2
440030207011101,2
440030207011102,2
440030207011103,2
440030202003000,2
440030202003001,2
440030202003002,2
440030202003003,2
440030202003004,2
440030202003005,2
440030202003006,2
440030202003007,2
440030202003008,2
440030202003009,2
440030202003010,2
440030202003011,2
440030202003012,2
440030202003013,2
440030202003014,2
440030202003015,2
440030202003016,2
440030202003017,2
440030202003018,2
440030202003019,2
440030202003020,2
440030202003021,2
440030202003022,2
440030202003023,2
440030202003024,2
440030202003025,2
440030202003026,2
440030202003027,2
440030202003028,2
440030202003029,2
440030202003030,2
440030202003031,2
440030202003032,2
440030202003033,2
440030202003034,2
440030202003035,2
440030202003036,2
440030202003037,2
440030202003038,2
440030202003039,2
440030202003040,2
440030202003041,2
440030202003042,2
440030202003043,2
440030202003044,2
440030203001000,2
440030203001001,2
440030203001002,2
440030203001003,2
440030203001004,2
440030203001005,2
440030203001006,2
440030203001007,2
440030203001008,2
440030203001009,2
440030203001010,2
440030203001011,2
440030203001012,2
440030203001013,2
440030203001014,2
440030203001015,2
440030203001016,2
440030202002000,2
440030202002001,2
440030202002002,2
440030202002003,2
440030202002004,2
440030202002005,2
440030202002006,2
440030202002007,2
440030202002008,2
440030202002009,2
440030202002010,2
440030202002011,2
440030202002012,2
440030202002013,2
440030202002014,2
440030202002015,2
440030202002016,2
440030202002017,2
440030202002018,2
440030202002019,2
440030202002020,2
440030202002021,2
440030202002022,2
440030202002023,2
440030202002024,2
440030202002025,2
440030202002026,2
440030202002027,2
440030202002028,2
440030202001000,2
440030202001001,2
440030202001002,2
440030202001003,2
440030202001004,2
440030202001005,2
440030202001006,2
440030202001007,2
440030202001008,2
440030202001009,2
440030202001010,2
440030202001011,2
440030202001012,2
440030202001013,2
440030202001014,2
440030202001015,2
440030202001016,2
440030202001017,2
440030202001018,2
440030202001019,2
440030202001020,2
440030202001021,2
440030202001022,2
440030202001023,2
440030202001024,2
440030202001025,2
440030202001026,2
440030202001027,2
440030202001028,2
440030202001029,2
440030202001030,2
440030202001031,2
440030202001032,2
440030217001000,2
440030217001001,2
440030217001002,2
440030217001003,2
440030217001004,2
440030217001005,2
440030217001006,2
440030217001007,2
440030217001008,2
440030217001009,2
440030217001010,2
440030217001011,2
440030217001012,2
440030217001013,2
440030217001014,2
440030217001015,2
440030217001016,2
440030217001017,2
440030217001018,2
440030217001019,2
440030217001020,2
440030217001021,2
440030217001022,2
440030217001023,2
440030217001024,2
440030217001025,2
440030217001026,2
440030217001027,2
440030217001028,2
440030217001029,2
440030217001030,2
440030217001031,2
440030217001032,2
440030217002000,2
440030217002001,2
440030217002002,2
440030217002003,2
440030217002004,2
440030217002005,2
440030217002006,2
440030217002007,2
440030217002008,2
440030217002009,2
440030217002010,2
440030217002011,2
440030217002012,2
440030217002013,2
440030217002014,2
440030217002015,2
440030217002016,2
440030217002017,2
440030217002018,2
440030217002019,2
440030217002020,2
440030217002021,2
440030217002022,2
440030217002023,2
440030217002024,2
440030217002025,2
440030217002026,2
440030217002027,2
440030217002028,2
440030217002029,2
440030217002030,2
440030217002031,2
440030217002032,2
440030217002033,2
440030217002034,2
440030217002035,2
440030219014000,2
440030219014001,2
440030219014002,2
440030219014003,2
440030219014004,2
440030219014005,2
440030219014006,2
440030219014007,2
440030219014008,2
440030219014009,2
440030219014010,2
440030219014011,2
440030219014012,2
440030219014013,2
440030219014014,2
440030219014015,2
440030219014016,2
440030219014017,2
440030219014018,2
440030219014019,2
440030219014020,2
440030219014021,2
440030219014022,2
440030219014023,2
440030219014024,2
440030219014025,2
440030219014026,2
440030219014027,2
440030219014028,2
440030219014029,2
440030219014030,2
440030219014031,2
440030219014032,2
440030216002000,2
440030216002001,2
440030216002002,2
440030216002003,2
440030216002004,2
440030216002005,2
440030216002006,2
440030216002007,2
440030216002008,2
440030216002009,2
440030216002010,2
440030216002011,2
440030216002012,2
440030216002013,2
440030216002014,2
440030216002015,2
440030216002016,2
440030216001000,2
440030216001001,2
440030216001002,2
440030216001003,2
440030216001004,2
440030216001005,2
440030216001006,2
440030216001007,2
440030216001008,2
440030216001009,2
440030216001010,2
440030216001011,2
440030216001012,2
440030216001013,2
440030216001014,2
440030216001015,2
440030216001016,2
440030216001017,2
440030216001018,2
440030216001019,2
440030216001020,2
440030216001021,2
440030216001022,2
440030216001023,2
440030216001024,2
440030216001025,2
440030216001026,2
440030216001027,2
440030216001028,2
440030216001029,2
440030216001030,2
440030217003000,2
440030217003001,2
440030217003002,2
440030217003003,2
440030217003004,2
440030217003005,2
440030217003006,2
440030217003007,2
440030217003008,2
440030217003009,2
440030217003010,2
440030217003011,2
440030217003012,2
440030217003013,2
440030217003014,2
440030217003015,2
440030217003016,2
440030217003017,2
440030217003018,2
440030217003019,2
440030217003020,2
440030215023000,2
440030215023001,2
440030215023002,2
440030215023003,2
440030215023004,2
440030215023005,2
440030215023006,2
440030215023007,2
440030215023008,2
440030215023009,2
440030215023010,2
440030215023011,2
440030215023012,2
440030215023013,2
440030215023014,2
440030215023015,2
440030215023016,2
440030215023017,2
440030215023018,2
440030215023019,2
440030215023020,2
440030215023021,2
440030215023022,2
440030215023023,2
440030215023024,2
440030215023025,2
440030215023026,2
440030215023027,2
440030215023028,2
440030215023029,2
440030215023030,2
440030215023031,2
440030215023032,2
440030215023033,2
440030215023034,2
440030215023035,2
440030215023036,2
440030215022000,2
440030215022001,2
440030215022002,2
440030215022003,2
440030215022004,2
440030215022005,2
440030215022006,2
440030215022007,2
440030215022008,2
440030215022009,2
440030215022010,2
440030215022011,2
440030215022012,2
440030215022013,2
440030215022014,2
440030215022015,2
440030215022016,2
440030215022017,2
440030215022018,2
440030215022019,2
440030215022020,2
440030215022021,2
440030215022022,2
440030215022023,2
440030215022024,2
440030215022025,2
440030215022026,2
440030215022027,2
440030215022028,2
440030215022029,2
440030215024000,2
440030215024001,2
440030215024002,2
440030215024003,2
440030215024004,2
440030215024005,2
440030215024006,2
440030215024007,2
440030215024008,2
440030215024009,2
440030215024010,2
440030215024011,2
440030215024012,2
440030215024013,2
440030215024014,2
440030215024015,2
440030215024016,2
440030215024017,2
440030215024018,2
440030215024019,2
440030215024020,2
440030215024021,2
440030215024022,2
440030215024023,2
440030215024024,2
440030215024025,2
440030215024026,2
440030217004000,2
440030217004001,2
440030217004002,2
440030217004003,2
440030217004004,2
440030217004005,2
440030217004006,2
440030217004007,2
440030217004008,2
440030217004009,2
440030217004010,2
440030217004011,2
440030217004012,2
440030217004013,2
440030217004014,2
440030217004015,2
440030217004016,2
440030217004017,2
440030217004018,2
440030217004019,2
440030217004020,2
440030217004021,2
440030217004022,2
440030217004023,2
440030217004024,2
440030217004025,2
440030217004026,2
440030217004027,2
440030217004028,2
440030217004029,2
440030217004030,2
440030217004031,2
440030219011000,2
440030219011001,2
440030219011002,2
440030219011003,2
440030219011004,2
440030219011005,2
440030219011006,2
440030219011007,2
440030219011008,2
440030219011009,2
440030219011010,2
440030219011011,2
440030219011012,2
440030219011013,2
440030219011014,2
440030219011015,2
440030219011016,2
440030219011017,2
440030219011018,2
440030219011019,2
440030219011020,2
440030219011021,2
440030219011022,2
440030219011023,2
440030219011024,2
440030218002000,2
440030218002001,2
440030218002002,2
440030218002003,2
440030218002004,2
440030218002005,2
440030218002006,2
440030218002007,2
440030218002008,2
440030218002009,2
440030218002010,2
440030218002011,2
440030218002012,2
440030218002013,2
440030218002014,2
440030218002015,2
440030218002016,2
440030218002017,2
440030218002018,2
440030218002019,2
440030218002020,2
440030218002021,2
440030218002022,2
440030218002023,2
440030218002024,2
440030218002025,2
440030218002026,2
440030218002027,2
440030218002028,2
440030218002029,2
440030218002030,2
440030218002031,2
440030218002032,2
440030218002033,2
440030218002034,2
440030218002035,2
440030218002036,2
440030219012000,2
440030219012001,2
440030219012002,2
440030219012003,2
440030219012004,2
440030219012005,2
440030219012006,2
440030219012007,2
440030219012008,2
440030219012009,2
440030219012010,2
440030219012011,2
440030219012012,2
440030219012013,2
440030219012014,2
440030219012015,2
440030219012016,2
440030219012017,2
440030219012018,2
440030219012019,2
440030219012020,2
440030219012021,2
440030219012022,2
440030219012023,2
440030219012024,2
440030219012025,2
440030219012026,2
440030219012027,2
440030219013000,2
440030219013001,2
440030219013002,2
440030219013003,2
440030219013004,2
440030219013005,2
440030219013006,2
440030219013007,2
440030219013008,2
440030219013009,2
440030219013010,2
440030219013011,2
440030219013012,2
440030219013013,2
440030219013014,2
440030219013015,2
440030219013016,2
440030219013017,2
440030219013018,2
440030219013019,2
440030219013020,2
440030219013021,2
440030212003000,2
440030212003001,2
440030212003002,2
440030212003003,2
440030212003004,2
440030212003005,2
440030212003006,2
440030212003007,2
440030212003008,2
440030212003009,2
440030212003010,2
440030212003011,2
440030212003012,2
440030212003013,2
440030212003014,2
440030212003015,2
440030212003016,2
440030212003017,2
440030212003018,2
440030212003019,2
440030212003020,2
440030212003021,2
440030212003022,2
440030212003023,2
440030212003024,2
440030217005000,2
440030217005001,2
440030217005002,2
440030217005003,2
440030217005004,2
440030217005005,2
440030217005006,2
440030217005007,2
440030217005008,2
440030217005009,2
440030217005010,2
440030217005011,2
440030217005012,2
440030217005013,2
440030217005014,2
440030218001000,2
440030218001001,2
440030218001002,2
440030218001003,2
440030218001004,2
440030218001005,2
440030218001006,2
440030218001007,2
440030218001008,2
440030218001009,2
440030218001010,2
440030218001011,2
440030218001012,2
440030218001013,2
440030218001014,2
440030218001015,2
440030218001016,2
440030218001017,2
440030218001018,2
440030218001019,2
440030218001020,2
440030218001021,2
440030218001022,2
440030218001023,2
440030218001024,2
440030218001025,2
440030218001026,2
440030218001027,2
440030218001028,2
440030218001029,2
440030218001030,2
440030218001031,2
440030218001032,2
440030218001033,2
440030218001034,2
440030218001035,2
440030218001036,2
440030218001037,2
440030218001038,2
440030218001039,2
440030218001040,2
440030218001041,2
440030218001042,2
440030218001043,2
440030218001044,2
440030218001045,2
440030218001046,2
440030218001047,2
440030214011000,2
440030214011001,2
440030214011002,2
440030214011003,2
440030214011004,2
440030214011005,2
440030214011006,2
440030214011007,2
440030214011008,2
440030214011009,2
440030214011010,2
440030214011011,2
440030214011012,2
440030214011013,2
440030214011014,2
440030214011015,2
440030214011016,2
440030214011017,2
440030214011018,2
440030214011019,2
440030214011020,2
440030214011021,2
440030214011022,2
440030214011023,2
440030214011024,2
440030214011025,2
440030214011026,2
440030214011027,2
440030214011028,2
440030214011029,2
440030214011030,2
440030214011031,2
440030214011032,2
440030214011033,2
440030214011034,2
440030214011035,2
440030213004000,2
440030213004001,2
440030213004002,2
440030213004003,2
440030213004004,2
440030213004005,2
440030213004006,2
440030213004007,2
440030213004008,2
440030213004009,2
440030213004010,2
440030213004011,2
440030213004012,2
440030213004013,2
440030213004014,2
440030213004015,2
440030213004016,2
440030213004017,2
440030213004018,2
440030213004019,2
440030213004020,2
440030213004021,2
440030213004022,2
440030213004023,2
440030213004024,2
440030213004025,2
440030213004026,2
440030213004027,2
440030213004028,2
440030213004029,2
440030213004030,2
440030213004031,2
440030213004032,2
440030213004033,2
440030213004034,2
440030213004035,2
440030213004036,2
440030213004037,2
440030213004038,2
440030213004039,2
440030213004040,2
440030213004041,2
440030213004042,2
440030213004043,2
440030213004044,2
440030213004045,2
440030213004046,2
440030213004047,2
440030213004048,2
440030213004049,2
440030213004050,2
440030213004051,2
440030214013000,2
440030214013001,2
440030214013002,2
440030214013003,2
440030214013004,2
440030214013005,2
440030214013006,2
440030214013007,2
440030214013008,2
440030214013009,2
440030214013010,2
440030214013011,2
440030214013012,2
440030214013013,2
440030214013014,2
440030214013015,2
440030214013016,2
440030214013017,2
440030214013018,2
440030214013019,2
440030214013020,2
440030214013021,2
440030214013022,2
440030214013023,2
440030214013024,2
440030214013025,2
440030214013026,2
440030214013027,2
440030214013028,2
440030214013029,2
440030214013030,2
440030214013031,2
440030214013032,2
440030214013033,2
440030214013034,2
440030214013035,2
440030214013036,2
440030214013037,2
440030214013038,2
440030214013039,2
440030214013040,2
440030214013041,2
440030214012000,2
440030214012001,2
440030214012002,2
440030214012003,2
440030214012004,2
440030214012005,2
440030214012006,2
440030214012007,2
440030214012008,2
440030214012009,2
440030214012010,2
440030214012011,2
440030214012012,2
440030214012013,2
440030214012014,2
440030214012015,2
440030213002000,2
440030213002001,2
440030213002002,2
440030213002003,2
440030213002004,2
440030213002005,2
440030213002006,2
440030213002007,2
440030213002008,2
440030213002009,2
440030213002010,2
440030213002011,2
440030213002012,2
440030213002013,2
440030213002014,2
440030213002015,2
440030213002016,2
440030213002017,2
440030213002018,2
440030213002019,2
440030213002020,2
440030213002021,2
440030213002022,2
440030213002023,2
440030213002024,2
440030213002025,2
440030213002026,2
440030213002027,2
440030213002028,2
440030213002029,2
440030213002030,2
440030213002031,2
440030213002032,2
440030213002033,2
440030213002034,2
440030213002035,2
440030213002036,2
440030213002037,2
440030213002038,2
440030213001000,2
440030213001001,2
440030213001002,2
440030213001003,2
440030213001004,2
440030213001005,2
440030213001006,2
440030213001007,2
440030213001008,2
440030213001009,2
440030213001010,2
440030213001011,2
440030213001012,2
440030213001013,2
440030213001014,2
440030213001015,2
440030213001016,2
440030213001017,2
440030213001018,2
440030213001019,2
440030213001020,2
440030213001021,2
440030213001022,2
440030213001023,2
440030213001024,2
440030213001025,2
440030213001026,2
440030213001027,2
440030213001028,2
440030213001029,2
440030213001030,2
440030213001031,2
440030213001032,2
440030213001033,2
440030213001034,2
440030213001035,2
440030213001036,2
440030213003000,2
440030213003001,2
440030213003002,2
440030213003003,2
440030213003004,2
440030213003005,2
440030213003006,2
440030213003007,2
440030213003008,2
440030213003009,2
440030213003010,2
440030213003011,2
440030213003012,2
440030213003013,2
440030213003014,2
440030213003015,2
440030213003016,2
440030213003017,2
440030213003018,2
440030215013000,2
440030215013001,2
440030215013002,2
440030215013003,2
440030215013004,2
440030215013005,2
440030215013006,2
440030215013007,2
440030215013008,2
440030215013009,2
440030215013010,2
440030215013011,2
440030215013012,2
440030215013013,2
440030215013014,2
440030215013015,2
440030215013016,2
440030215013017,2
440030215013018,2
440030215013019,2
440030215013020,2
440030215013021,2
440030215013022,2
440030215013023,2
440030215013024,2
440030215013025,2
440030215013026,2
440030215011000,2
440030215011001,2
440030215011002,2
440030215011003,2
440030215011004,2
440030215011005,2
440030215011006,2
440030215011007,2
440030215011008,2
440030215011009,2
440030215011010,2
440030215011011,2
440030215011012,2
440030215011013,2
440030215011014,2
440030215011015,2
440030215011016,2
440030215011017,2
440030215011018,2
440030215011019,2
440030215011020,2
440030215012000,2
440030215012001,2
440030215012002,2
440030215012003,2
440030215012004,2
440030215012005,2
440030215012006,2
440030215012007,2
440030215012008,2
440030215012009,2
440030215012010,2
440030215012011,2
440030215012012,2
440030215012013,2
440030215012014,2
440030215012015,2
440030215012016,2
440030215012017,2
440030215012018,2
440030215012019,2
440030215012020,2
440030215014000,2
440030215014001,2
440030215014002,2
440030215014003,2
440030215014004,2
440030215014005,2
440030215014006,2
440030215014007,2
440030215014008,2
440030215014009,2
440030215014010,2
440030215014011,2
440030215014012,2
440030215014013,2
440030215014014,2
440030215014015,2
440030215014016,2
440030215014017,2
440030215014018,2
440030215014019,2
440030215014020,2
440030215014021,2
440030215014022,2
440030215021000,2
440030215021001,2
440030215021002,2
440030215021003,2
440030215021004,2
440030215021005,2
440030215021006,2
440030215021007,2
440030215021008,2
440030215021009,2
440030215021010,2
440030215021011,2
440030215021012,2
440030215021013,2
440030215021014,2
440030215021015,2
440030215021016,2
440030215021017,2
440030215021018,2
440030215021019,2
440030215021020,2
440030215021021,2
440030214021000,2
440030214021001,2
440030214021002,2
440030214021003,2
440030214021004,2
440030214021005,2
440030214021006,2
440030214021007,2
440030214021008,2
440030214021009,2
440030214021010,2
440030214021011,2
440030214021012,2
440030214021013,2
440030214021014,2
440030214021015,2
440030214021016,2
440030214021017,2
440030214021018,2
440030214021019,2
440030214021020,2
440030214021021,2
440030214021022,2
440030214021023,2
440030214021024,2
440030214021025,2
440030214021026,2
440030214021027,2
440030214021028,2
440030214021029,2
440030214021030,2
440030214021031,2
440030214021032,2
440030214021033,2
440030214021034,2
440030214021035,2
440030214021036,2
440030214021037,2
440030214023000,2
440030214023001,2
440030214023002,2
440030214023003,2
440030214023004,2
440030214023005,2
440030214023006,2
440030214023007,2
440030214023008,2
440030214023009,2
440030214023010,2
440030214023011,2
440030214023012,2
440030214023013,2
440030214023014,2
440030214023015,2
440030214023016,2
440030214023017,2
440030214023018,2
440030214022000,2
440030214022001,2
440030214022002,2
440030214022003,2
440030214022004,2
440030214022005,2
440030214022006,2
440030214022007,2
440030214022008,2
440030214022009,2
440030214022010,2
440030214022011,2
440030214022012,2
440030214022013,2
440030214022014,2
440030214022015,2
440030214022016,2
440030214022017,2
440030222022000,2
440030222022001,2
440030222022002,2
440030222022003,2
440030222022004,2
440030222022005,2
440030222022006,2
440030222022007,2
440030222022008,2
440030222022009,2
440030222022010,2
440030222022011,2
440030222022012,2
440030222022013,2
440030222022014,2
440030222022015,2
440030222022016,2
440030222022017,2
440030222022018,2
440030222022019,2
440030222022020,2
440030222022021,2
440030222022022,2
440030222022023,2
440030222022024,2
440030222022025,2
440030222022026,2
440030222022027,2
440030222022028,2
440030222022029,2
440030222022030,2
440030222022031,2
440030222022032,2
440030222021000,2
440030222021001,2
440030222021002,2
440030222021003,2
440030222021004,2
440030222021005,2
440030222021006,2
440030222021007,2
440030222021008,2
440030222021009,2
440030222021010,2
440030222021011,2
440030222021012,2
440030222021013,2
440030222021014,2
440030222021015,2
440030222021016,2
440030222021017,2
440030222021018,2
440030222021019,2
440030222021020,2
440030222021021,2
440030222021022,2
440030222021023,2
440030222015000,2
440030222015001,2
440030222015002,2
440030222015003,2
440030222015004,2
440030222015005,2
440030222015006,2
440030222015007,2
440030222015008,2
440030222015009,2
440030222014000,2
440030222014001,2
440030222014002,2
440030222014003,2
440030222014004,2
440030222014005,2
440030222014006,2
440030222014007,2
440030222014008,2
440030222014009,2
440030222014010,2
440030222014011,2
440030222014012,2
440030222014013,2
440030222023000,2
440030222023001,2
440030222023002,2
440030222023003,2
440030222023004,2
440030222023005,2
440030222023006,2
440030222023007,2
440030222023008,2
440030222023009,2
440030222023010,2
440030222023011,2
440030222023012,2
440030222023013,2
440030222023014,2
440030222023015,2
440030222023016,2
440030222023017,2
440030222023018,2
440030222023019,2
440030222023020,2
440030222023021,2
440030222023022,2
440030222023023,2
440030222023024,2
440030223001000,2
440030223001001,2
440030223001002,2
440030223001003,2
440030223001004,2
440030223001005,2
440030223001006,2
440030223001007,2
440030223001008,2
440030223001009,2
440030223001010,2
440030223001011,2
440030223001012,2
440030223001013,2
440030223001014,2
440030222012000,2
440030222012001,2
440030222012002,2
440030222012003,2
440030222012004,2
440030222012005,2
440030222012006,2
440030222012007,2
440030222012008,2
440030222012009,2
440030222012010,2
440030222012011,2
440030222012012,2
440030222012013,2
440030222012014,2
440030222012015,2
440030222012016,2
440030222012017,2
440030222012018,2
440030222012019,2
440030222012020,2
440030222012021,2
440030222012022,2
440030222012023,2
440030222011000,2
440030222011001,2
440030222011002,2
440030222011003,2
440030222011004,2
440030222011005,2
440030222011006,2
440030222011007,2
440030222011008,2
440030222011009,2
440030222011010,2
440030222011011,2
440030222011012,2
440030222011013,2
440030222011014,2
440030222011015,2
440030222011016,2
440030222011017,2
440030222011018,2
440030222011019,2
440030222011020,2
440030222011021,2
440030222011022,2
440030222011023,2
440030222011024,2
440030222011025,2
440030222011026,2
440030222011027,2
440030222011028,2
440030222011029,2
440030221004000,2
440030221004001,2
440030221004002,2
440030221004003,2
440030221004004,2
440030221004005,2
440030221004006,2
440030221004007,2
440030221004008,2
440030221004009,2
440030221004010,2
440030221004011,2
440030221004012,2
440030221004013,2
440030221004014,2
440030221004015,2
440030221004016,2
440030221004017,2
440030221004018,2
440030221004019,2
440030221004020,2
440030221004021,2
440030221004022,2
440030221004023,2
440030221004024,2
440030222013000,2
440030222013001,2
440030222013002,2
440030222013003,2
440030222013004,2
440030222013005,2
440030222013006,2
440030222013007,2
440030222013008,2
440030222013009,2
440030222013010,2
440030222013011,2
440030222013012,2
440030222013013,2
440030222013014,2
440030222013015,2
440030222013016,2
440030222013017,2
440030222013018,2
440030222013019,2
440030222013020,2
440030222013021,2
440030222013022,2
440030222013023,2
440030222013024,2
440030222013025,2
440030222013026,2
440030222013027,2
440030222013028,2
440030222013029,2
440030222013030,2
440030222013031,2
440030222013032,2
440030222013033,2
440030222013034,2
440030222013035,2
440030222013036,2
440030222013037,2
440030222013038,2
440030222013039,2
440030222013040,2
440030222013041,2
440030222013042,2
440030224001000,2
440030224001001,2
440030224001002,2
440030224001003,2
440030224001004,2
440030224001005,2
440030224001006,2
440030224001007,2
440030224001008,2
440030224001009,2
440030224001010,2
440030224001011,2
440030224001012,2
440030224001013,2
440030224001014,2
440030224001015,2
440030224001016,2
440030224001017,2
440030224001018,2
440030224001019,2
440030224001020,2
440030224001021,2
440030224001022,2
440030224001023,2
440030224001024,2
440030224001025,2
440030224001026,2
440030224001027,2
440030224001028,2
440030224001029,2
440030224001030,2
440030224001031,2
440030224001032,2
440030224001033,2
440030224001034,2
440030224001035,2
440030224001036,2
440030224001037,2
440030224001038,2
440030224001039,2
440030224001040,2
440030224001041,2
440030223004000,2
440030223004001,2
440030223004002,2
440030223004003,2
440030223004004,2
440030223004005,2
440030223004006,2
440030223004007,2
440030223004008,2
440030223004009,2
440030223004010,2
440030223004011,2
440030223004012,2
440030223004013,2
440030223004014,2
440030223004015,2
440030223004016,2
440030223004017,2
440030223004018,2
440030223004019,2
440030223004020,2
440030223004021,2
440030223004022,2
440030223004023,2
440030223004024,2
440030223004025,2
440030223004026,2
440030223004027,2
440030224002000,2
440030224002001,2
440030224002002,2
440030224002003,2
440030224002004,2
440030224002005,2
440030224002006,2
440030224002007,2
440030224002008,2
440030224002009,2
440030224002010,2
440030224002011,2
440030224002012,2
440030224002013,2
440030224002014,2
440030224002015,2
440030224002016,2
440030224002017,2
440030224002018,2
440030224002019,2
440030224002020,2
440030224002021,2
440030224002022,2
440030224002023,2
440030224002024,2
440030224002025,2
440030224002026,2
440030224002027,2
440030224002028,2
440039800001000,2
440039800001001,2
440039800001002,2
440039800001003,2
440039800001004,2
440039800001005,2
440039800001006,2
440039800001007,2
440039800001008,2
440039800001009,2
440039800001010,2
440039800001011,2
440039800001012,2
440039800001013,2
440039800001014,2
440039800001015,2
440039800001016,2
440039800001017,2
440039800001018,2
440039800001019,2
440039800001020,2
440039800001021,2
440039800001022,2
440039800001023,2
440039800001024,2
440039800001025,2
440039800001026,2
440039800001027,2
440039800001028,2
440039800001029,2
440039800001030,2
440030223003000,2
440030223003001,2
440030223003002,2
440030223003003,2
440030223003004,2
440030223003005,2
440030223003006,2
440030223003007,2
440030223003008,2
440030223003009,2
440030223003010,2
440030223003011,2
440030223003012,2
440030223003013,2
440030223003014,2
440030223003015,2
440030223003016,2
440030223003017,2
440030223003018,2
440030223003019,2
440030223003020,2
440030223003021,2
440030223003022,2
440030223003023,2
440030223003024,2
440030223003025,2
440030223003026,2
440030223003027,2
440030223003028,2
440030223003029,2
440030223003030,2
440030223003031,2
440030223003032,2
440030223003033,2
440030223003034,2
440030223003035,2
440030223003036,2
440030223003037,2
440030223003038,2
440030223003039,2
440030223003040,2
440030223003041,2
440030223003042,2
440030223003043,2
440030223003044,2
440030223003045,2
440030223003046,2
440030223003047,2
440030223003048,2
440030223003049,2
440030223003050,2
440030223003051,2
440030223003052,2
440030223003053,2
440030223003054,2
440030223003055,2
440030223003056,2
440030223003057,2
440030223003058,2
440030223002000,2
440030223002001,2
440030223002002,2
440030223002003,2
440030223002004,2
440030223002005,2
440030223002006,2
440030223002007,2
440030223002008,2
440030223002009,2
440030223002010,2
440030223002011,2
440030223002012,2
440030223002013,2
440030223002014,2
440030223002015,2
440030223002016,2
440030223002017,2
440030223002018,2
440030223002019,2
440030223002020,2
440030223002021,2
440030223002022,2
440030223002023,2
440030223002024,2
440030223002025,2
440030223002026,2
440030223002027,2
440030219033000,2
440030219033001,2
440030219033002,2
440030219033003,2
440030219033004,2
440030219033005,2
440030219033006,2
440030219033007,2
440030219033008,2
440030219033009,2
440030219033010,2
440030219033011,2
440030219033012,2
440030219033013,2
440030219033014,2
440030219033015,2
440030219033016,2
440030219033017,2
440030219033018,2
440030219033019,2
440030219033020,2
440030219033021,2
440030219033022,2
440030219031000,2
440030219031001,2
440030219031002,2
440030219031003,2
440030219031004,2
440030219031005,2
440030219031006,2
440030219031007,2
440030219031008,2
440030219031009,2
440030219031010,2
440030219031011,2
440030219031012,2
440030219031013,2
440030219031014,2
440030219031015,2
440030219031016,2
440030219031017,2
440030219031018,2
440030219031019,2
440030219031020,2
440030219031021,2
440030219031022,2
440030219031023,2
440030219031024,2
440030219031025,2
440030219031026,2
440030219031027,2
440030219031028,2
440030219031029,2
440030219031030,2
440030219031031,2
440030219031032,2
440030219031033,2
440030219031034,2
440030219031035,2
440030220001000,2
440030220001001,2
440030220001002,2
440030220001003,2
440030220001004,2
440030220001005,2
440030220001006,2
440030220001007,2
440030220001008,2
440030220001009,2
440030220001010,2
440030220001011,2
440030220001012,2
440030220001013,2
440030220001014,2
440030220001015,2
440030220001016,2
440030220001017,2
440030220001018,2
440030220001019,2
440030220001020,2
440030220001021,2
440030220001022,2
440030220001023,2
440030220001024,2
440030220001025,2
440030220001026,2
440030220001027,2
440030219032000,2
440030219032001,2
440030219032002,2
440030219032003,2
440030219032004,2
440030219032005,2
440030219032006,2
440030219032007,2
440030219032008,2
440030219032009,2
440030219032010,2
440030219032011,2
440030219032012,2
440030219032013,2
440030219032014,2
440030219032015,2
440030219032016,2
440030219032017,2
440030219032018,2
440030219032019,2
440030220003000,2
440030220003001,2
440030220003002,2
440030220003003,2
440030220003004,2
440030220003005,2
440030220003006,2
440030220003007,2
440030220003008,2
440030220003009,2
440030220003010,2
440030220003011,2
440030220003012,2
440030220003013,2
440030220003014,2
440030220003015,2
440030220003016,2
440030220003017,2
440030220003018,2
440030220003019,2
440030220003020,2
440030220003021,2
440030220003022,2
440030220003023,2
440030220003024,2
440030220003025,2
440030220003026,2
440030220003027,2
440030220003028,2
440030220003029,2
440030220003030,2
440030220002000,2
440030220002001,2
440030220002002,2
440030220002003,2
440030220002004,2
440030220002005,2
440030220002006,2
440030220002007,2
440030220002008,2
440030220002009,2
440030220002010,2
440030220002011,2
440030220002012,2
440030220002013,2
440030220002014,2
440030220002015,2
440030220002016,2
440030220002017,2
440030220002018,2
440030220002019,2
440030220002020,2
440030220002021,2
440030220002022,2
440030220002023,2
440030220002024,2
440030220002025,2
440030220002026,2
440030220002027,2
440030220002028,2
440030220002029,2
440030220002030,2
440030220002031,2
440030220002032,2
440030220002033,2
440030219022000,2
440030219022001,2
440030219022002,2
440030219022003,2
440030219022004,2
440030219022005,2
440030219022006,2
440030219022007,2
440030219022008,2
440030219022009,2
440030219022010,2
440030219022011,2
440030219022012,2
440030219022013,2
440030219022014,2
440030219022015,2
440030219022016,2
440030219022017,2
440030219022018,2
440030219021000,2
440030219021001,2
440030219021002,2
440030219021003,2
440030219021004,2
440030219021005,2
440030219021006,2
440030219021007,2
440030219021008,2
440030219021009,2
440030219021010,2
440030219021011,2
440030219021012,2
440030219021013,2
440030219021014,2
440030219021015,2
440030219021016,2
440030219021017,2
440030219021018,2
440030219021019,2
440030219021020,2
440030219023000,2
440030219023001,2
440030219023002,2
440030219023003,2
440030219023004,2
440030219023005,2
440030219023006,2
440030219023007,2
440030219023008,2
440030219023009,2
440030219023010,2
440030219023011,2
440030219023012,2
440030219023013,2
440030219023014,2
440030219023015,2
440030219023016,2
440030219023017,2
440030219023018,2
440030219023019,2
440030219023020,2
440030221003000,2
440030221003001,2
440030221003002,2
440030221003003,2
440030221003004,2
440030221003005,2
440030221003006,2
440030221003007,2
440030221003008,2
440030221003009,2
440030221003010,2
440030221003011,2
440030221003012,2
440030221003013,2
440030221003014,2
440030221003015,2
440030221003016,2
440030221003017,2
440030221003018,2
440030221003019,2
440030221003020,2
440030221003021,2
440030221003022,2
440030221003023,2
440030221003024,2
440030221003025,2
440030221003026,2
440030221003027,2
440030221003028,2
440030221003029,2
440030221003030,2
440030221003031,2
440030221003032,2
440030221003033,2
440030221003034,2
440030221003035,2
440030221003036,2
440030221003037,2
440030221003038,2
440030221003039,2
440030221003040,2
440030221003041,2
440030221003042,2
440030221003043,2
440030221003044,2
440030221003045,2
440030221003046,2
440030221003047,2
440030221003048,2
440030221003049,2
440030221003050,2
440030221003051,2
440030221003052,2
440030221003053,2
440030221003054,2
440030221003055,2
440030221003056,2
440030221003057,2
440030221003058,2
440030221003059,2
440030221003060,2
440030221003061,2
440030221003062,2
440030221002000,2
440030221002001,2
440030221002002,2
440030221002003,2
440030221002004,2
440030221002005,2
440030221002006,2
440030221002007,2
440030221002008,2
440030221002009,2
440030221002010,2
440030221002011,2
440030221002012,2
440030221002013,2
440030221002014,2
440030221002015,2
440030221002016,2
440030221002017,2
440030221002018,2
440030221002019,2
440030221002020,2
440030221002021,2
440030221002022,2
440030221002023,2
440030221002024,2
440030221002025,2
440030221002026,2
440030221002027,2
440030221002028,2
440030221002029,2
440030221002030,2
440030221002031,2
440030221002032,2
440030221002033,2
440030221002034,2
440030221002035,2
440030221002036,2
440030221001000,2
440030221001001,2
440030221001002,2
440030221001003,2
440030221001004,2
440030221001005,2
440030221001006,2
440030221001007,2
440030221001008,2
440030221001009,2
440030221001010,2
440030221001011,2
440030221001012,2
440030221001013,2
440030221001014,2
440030221001015,2
440030221001016,2
440030221001017,2
440030221001018,2
440030221001019,2
440030221001020,2
440030221001021,2
440030221001022,2
440030221001023,2
440030221001024,2
440030221001025,2
440030221001026,2
440030221001027,2
440030221001028,2
440030221001029,2
440030221001030,2
440030221001031,2
440030221001032,2
440030221001033,2
440030221001034,2
440030221001035,2
440030221001036,2
440030221001037,2
440030221001038,2
440030221001039,2
440030221001040,2
440030221001041,2
440030221001042,2
440030221001043,2
440030221001044,2
440030221001045,2
440030221001046,2
440030221001047,2
440030221001048,2
440030221001049,2
440030221001050,2
440030221001051,2
440030221001052,2
440030221001053,2
440030221001054,2
440030221001055,2
440030221001056,2
440030221001057,2
440030221001058,2
440030221001059,2
440030221001060,2
440030221001061,2
440030221001062,2
440030221001063,2
440030221001064,2
440030221001065,2
440030221001066,2
440030221001067,2
440030221001068,2
440030221001069,2
440030221001070,2
440030221001071,2
440030221001072,2
440030221001073,2
440030221001074,2
440030207031000,2
440030207031001,2
440030207031002,2
440030207031003,2
440030207031004,2
440030207031005,2
440030207031006,2
440030207031007,2
440030207031008,2
440030207031009,2
440030207031010,2
440030207031011,2
440030207031012,2
440030207031013,2
440030207031014,2
440030207031015,2
440030207031016,2
440030207031017,2
440030207031018,2
440030207031019,2
440030207031020,2
440030207031021,2
440030207031022,2
440030207031023,2
440030207031024,2
440030207031025,2
440030207031026,2
440030207031027,2
440030207031028,2
440030207031029,2
440030207031030,2
440030207031031,2
440030207031032,2
440030207031033,2
440030207031034,2
440030207031035,2
440030207031036,2
440030207031037,2
440030207022000,2
440030207022001,2
440030207022002,2
440030207022003,2
440030207022004,2
440030207022005,2
440030207022006,2
440030207022007,2
440030207022008,2
440030207022009,2
440030207022010,2
440030207022011,2
440030207022012,2
440030207022013,2
440030207022014,2
440030207022015,2
440030207022016,2
440030207022017,2
440030207022018,2
440030207022019,2
440030207022020,2
440030207022021,2
440030207022022,2
440030207022023,2
440030207022024,2
440030207022025,2
440030207022026,2
440030207022027,2
440030207022028,2
440030207022029,2
440030207022030,2
440030207022031,2
440030207022032,2
440030207022033,2
440030207022034,2
440030207022035,2
440030207022036,2
440030207022037,2
440030207022038,2
440030207022039,2
440030207022040,2
440030207022041,2
440030207022042,2
440030207022043,2
440030207022044,2
440030207022045,2
440030207022046,2
440030207022047,2
440030207022048,2
440030207022049,2
440030207022050,2
440030207022051,2
440030207022052,2
440030207022053,2
440030207022054,2
440030207022055,2
440030207022056,2
440030207022057,2
440030207022058,2
440030207022059,2
440030207022060,2
440030207022061,2
440030207022062,2
440030207022063,2
440030207022064,2
440030207022065,2
440030207022066,2
440030207022067,2
440030207022068,2
440030207022069,2
440030207022070,2
440030207022071,2
440030207022072,2
440030207022073,2
440030207022074,2
440030207022075,2
440030208003000,2
440030208003001,2
440030208003002,2
440030208003003,2
440030208003004,2
440030208003005,2
440030208003006,2
440030208003007,2
440030208003008,2
440030208003009,2
440030208003010,2
440030208003011,2
440030208003012,2
440030208003013,2
440030208003014,2
440030208003015,2
440030208003016,2
440030208003017,2
440030208003018,2
440030208003019,2
440030208003020,2
440030208003021,2
440030208003022,2
440030208003023,2
440030208003024,2
440030208003025,2
440030208003026,2
440030208003027,2
440030208003028,2
440030208003029,2
440030208003030,2
440030208003031,2
440030208003032,2
440030208003033,2
440030208003034,2
440030208003035,2
440030208003036,2
440030208003037,2
440030208003038,2
440030208003039,2
440030208003040,2
440030208003041,2
440030208003042,2
440030208003043,2
440030208003044,2
440030208003045,2
440030208003046,2
440030208003047,2
440030208003048,2
440030208003049,2
440030208003050,2
440030208003051,2
440030208003052,2
440030208003053,2
440030208003054,2
440030208003055,2
440030208003056,2
440030208003057,2
440030208003058,2
440030208003059,2
440030208003060,2
440030208003061,2
440030208003062,2
440030208003063,2
440030208003064,2
440030208003065,2
440030208003066,2
440030208003067,2
440030208003068,2
440030208003069,2
440030208003070,2
440030208003071,2
440030208003072,2
440030208003073,2
440030208003074,2
440030208003075,2
440030208003076,2
440030208003077,2
440030208003078,2
440030208003079,2
440030208003080,2
440030208003081,2
440030208003082,2
440030208003083,2
440030208003084,2
440030208003085,2
440030208003086,2
440030207033000,2
440030207033001,2
440030207033002,2
440030207033003,2
440030207033004,2
440030207033005,2
440030207033006,2
440030207033007,2
440030207033008,2
440030207033009,2
440030207033010,2
440030207033011,2
440030207033012,2
440030207033013,2
440030207033014,2
440030207033015,2
440030207033016,2
440030207033017,2
440030207033018,2
440030207033019,2
440030207033020,2
440030207033021,2
440030207033022,2
440030207033023,2
440030207033024,2
440030207033025,2
440030207033026,2
440030207033027,2
440030207033028,2
440030207033029,2
440030207033030,2
440030207033031,2
440030207033032,2
440030207033033,2
440030207033034,2
440030207033035,2
440030207033036,2
440030207033037,2
440030207033038,2
440030207033039,2
440030207033040,2
440030207033041,2
440030207033042,2
440030207033043,2
440030207033044,2
440030207033045,2
440030207033046,2
440030207033047,2
440030207033048,2
440030207033049,2
440030207033050,2
440030207033051,2
440030207033052,2
440030207033053,2
440030207033054,2
440030207033055,2
440030207033056,2
440030207033057,2
440030207033058,2
440030207033059,2
440030207033060,2
440030207033061,2
440030207033062,2
440030207033063,2
440030207033064,2
440030207033065,2
440030207033066,2
440030207033067,2
440030207033068,2
440030207033069,2
440030207033070,2
440030207033071,2
440030207033072,2
440030207033073,2
440030207033074,2
440030207032000,2
440030207032001,2
440030207032002,2
440030207032003,2
440030207032004,2
440030207032005,2
440030207032006,2
440030207032007,2
440030207032008,2
440030207032009,2
440030207032010,2
440030207032011,2
440030207032012,2
440030207032013,2
440030207032014,2
440030207032015,2
440030207032016,2
440030207032017,2
440030207032018,2
440030207032019,2
440030207032020,2
440030207032021,2
440030207032022,2
440030207032023,2
440030207032024,2
440030207032025,2
440030207032026,2
440030207021000,2
440030207021001,2
440030207021002,2
440030207021003,2
440030207021004,2
440030207021005,2
440030207021006,2
440030207021007,2
440030207021008,2
440030207021009,2
440030207021010,2
440030207021011,2
440030207021012,2
440030207021013,2
440030207021014,2
440030207021015,2
440030207021016,2
440030207021017,2
440030207021018,2
440030207021019,2
440030207021020,2
440030207021021,2
440030207021022,2
440030207021023,2
440030207021024,2
440030207021025,2
440030207021026,2
440030207021027,2
440030207021028,2
440030207021029,2
440030207021030,2
440030207021031,2
440030207021032,2
440030207021033,2
440030207021034,2
440030207021035,2
440030207021036,2
440030207021037,2
440030207021038,2
440030208002000,2
440030208002001,2
440030208002002,2
440030208002003,2
440030208002004,2
440030208002005,2
440030208002006,2
440030208002007,2
440030208002008,2
440030208002009,2
440030208002010,2
440030208002011,2
440030208002012,2
440030208002013,2
440030208002014,2
440030208002015,2
440030208002016,2
440030208002017,2
440030208002018,2
440030208002019,2
440030208002020,2
440030208002021,2
440030208002022,2
440030208002023,2
440030208002024,2
440030208002025,2
440030208002026,2
440030208002027,2
440030208002028,2
440030208002029,2
440030208002030,2
440030208002031,2
440030208002032,2
440030208002033,2
440030208002034,2
440030208002035,2
440030208002036,2
440030208002037,2
440030208002038,2
440030208002039,2
440030208002040,2
440030208002041,2
440030208002042,2
440030208002043,2
440030208002044,2
440030208002045,2
440030208002046,2
440030208002047,2
440030208002048,2
440030208002049,2
440030208002050,2
440030208002051,2
440030208002052,2
440030208002053,2
440030208002054,2
440030208002055,2
440030208002056,2
440030208002057,2
440030208002058,2
440030208002059,2
440030208002060,2
440030208002061,2
440030208002062,2
440030208002063,2
440030208002064,2
440030208002065,2
440030208002066,2
440030208002067,2
440030208002068,2
440030208002069,2
440030208002070,2
440030208002071,2
440030208002072,2
440030208002073,2
440030208002074,2
440030208002075,2
440030208002076,2
440030208002077,2
440030208002078,2
440030208002079,2
440030208002080,2
440030208002081,2
440030208002082,2
440030208002083,2
440030208002084,2
440030208002085,2
440030208002086,2
440030208002087,2
440030208002088,2
440030208001000,2
440030208001001,2
440030208001002,2
440030208001003,2
440030208001004,2
440030208001005,2
440030208001006,2
440030208001007,2
440030208001008,2
440030208001009,2
440030208001010,2
440030208001011,2
440030208001012,2
440030208001013,2
440030208001014,2
440030208001015,2
440030208001016,2
440030208001017,2
440030208001018,2
440030208001019,2
440030208001020,2
440030208001021,2
440030208001022,2
440030208001023,2
440030208001024,2
440030208001025,2
440030208001026,2
440030208001027,2
440030208001028,2
440030208001029,2
440030208001030,2
440030208001031,2
440030208001032,2
440030208001033,2
440030208001034,2
440030208001035,2
440030208001036,2
440030208001037,2
440030208001038,2
440030208001039,2
440030208001040,2
440030208001041,2
440030208001042,2
440030208001043,2
440030208001044,2
440030208001045,2
440030208001046,2
440030206031000,2
440030206031001,2
440030206031002,2
440030206031003,2
440030206031004,2
440030206031005,2
440030206031006,2
440030206031007,2
440030206031008,2
440030206031009,2
440030206031010,2
440030206031011,2
440030206031012,2
440030206031013,2
440030206031014,2
440030206031015,2
440030206031016,2
440030206031017,2
440030206031018,2
440030206031019,2
440030206031020,2
440030206031021,2
440030206031022,2
440030206031023,2
440030206031024,2
440030206031025,2
440030206031026,2
440030206031027,2
440030206031028,2
440030206031029,2
440030206031030,2
440030206031031,2
440030206031032,2
440030206031033,2
440030206031034,2
440030206031035,2
440030206031036,2
440030206031037,2
440030206031038,2
440030206031039,2
440030206031040,2
440030206031041,2
440030206031042,2
440030206031043,2
440030206031044,2
440030206031045,2
440030206031046,2
440030206031047,2
440030206031048,2
440030206031049,2
440030206031050,2
440030206031051,2
440030206031052,2
440030206031053,2
440030206031054,2
440030206031055,2
440030206031056,2
440030206031057,2
440030206031058,2
440030206031059,2
440030206031060,2
440030206031061,2
440030206031062,2
440030206032000,2
440030206032001,2
440030206032002,2
440030206032003,2
440030206032004,2
440030206032005,2
440030206032006,2
440030206032007,2
440030206032008,2
440030206032009,2
440030206032010,2
440030206032011,2
440030206032012,2
440030206032013,2
440030206032014,2
440030206032015,2
440030206032016,2
440030206032017,2
440030206032018,2
440030206032019,2
440030206032020,2
440030206032021,2
440030206032022,2
440030206032023,2
440030206033000,2
440030206033001,2
440030206033002,2
440030206033003,2
440030206033004,2
440030206033005,2
440030206033006,2
440030206033007,2
440030206033008,2
440030206033009,2
440030206033010,2
440030206033011,2
440030206033012,2
440030206033013,2
440030206033014,2
440030206033015,2
440030206033016,2
440030206033017,2
440030206033018,2
440030206033019,2
440030206033020,2
440030206033021,2
440030206033022,2
440030206033023,2
440030206033024,2
440030206033025,2
440030206033026,2
440030206033027,2
440030206033028,2
440030206033029,2
440030206033030,2
440030206033031,2
440030206033032,2
440030206033033,2
440030206033034,2
440030206033035,2
440030206033036,2
440030206033037,2
440030206033038,2
440030206033039,2
440030206033040,2
440030206033041,2
440030206033042,2
440030206033043,2
440030206033044,2
440030206033045,2
440030206033046,2
440030206033047,2
440030206033048,2
440030206033049,2
440030206033050,2
440030206033051,2
440030206033052,2
440030206033053,2
440030206033054,2
440030206033055,2
440030206033056,2
440030206033057,2
440030206033058,2
440030206033059,2
440030206033060,2
440030206033061,2
440030206033062,2
440030206033063,2
440030206021000,2
440030206021001,2
440030206021002,2
440030206021003,2
440030206021004,2
440030206021005,2
440030206021006,2
440030206021007,2
440030206021008,2
440030206021009,2
440030206021010,2
440030206021011,2
440030206021012,2
440030206021013,2
440030206021014,2
440030206021015,2
440030206021016,2
440030206021017,2
440030206021018,2
440030206021019,2
440030206021020,2
440030206021021,2
440030206021022,2
440030206021023,2
440030206021024,2
440030206021025,2
440030206021026,2
440030206021027,2
440030206021028,2
440030206021029,2
440030206021030,2
440030206021031,2
440030206021032,2
440030206021033,2
440030206021034,2
440030206021035,2
440030206021036,2
440030206021037,2
440030206021038,2
440030206021039,2
440030206021040,2
440030206021041,2
440030206021042,2
440030206021043,2
440030206021044,2
440030206021045,2
440030206021046,2
440030206021047,2
440030206022000,2
440030206022001,2
440030206022002,2
440030206022003,2
440030206022004,2
440030206022005,2
440030206022006,2
440030206022007,2
440030206022008,2
440030206022009,2
440030206022010,2
440030206022011,2
440030206022012,2
440030206022013,2
440030206022014,2
440030206022015,2
440030206022016,2
440030206022017,2
440030206022018,2
440030206022019,2
440030206022020,2
440030206022021,2
440030206022022,2
440030206022023,2
440030206022024,2
440030206022025,2
440030206022026,2
440030206022027,2
440030206022028,2
440030206022029,2
440030206022030,2
440030206022031,2
440030206022032,2
440030206022033,2
440030206022034,2
440030206022035,2
440030206022036,2
440030206022037,2
440030206022038,2
440030206022039,2
440030206022040,2
440030206022041,2
440030206043000,2
440030206043001,2
440030206043002,2
440030206043003,2
440030206043004,2
440030206043005,2
440030206043006,2
440030206043007,2
440030206043008,2
440030206043009,2
440030206043010,2
440030206043011,2
440030206043012,2
440030206043013,2
440030206043014,2
440030206043015,2
440030206043016,2
440030206043017,2
440030206043018,2
440030206043019,2
440030206043020,2
440030206043021,2
440030206043022,2
440030206043023,2
440030206043024,2
440030206043025,2
440030206043026,2
440030206043027,2
440030206043028,2
440030206043029,2
440030206043030,2
440030206043031,2
440030206043032,2
440030206043033,2
440030206043034,2
440030206043035,2
440030206043036,2
440030206043037,2
440030206043038,2
440030206043039,2
440030206043040,2
440030206043041,2
440030206043042,2
440030206043043,2
440030206043044,2
440030206043045,2
440030206043046,2
440030206043047,2
440030206043048,2
440030206043049,2
440030206043050,2
440030206043051,2
440030206043052,2
440030206043053,2
440030206043054,2
440030206043055,2
440030206043056,2
440030206043057,2
440030206041000,2
440030206041001,2
440030206041002,2
440030206041003,2
440030206041004,2
440030206041005,2
440030206041006,2
440030206041007,2
440030206041008,2
440030206041009,2
440030206041010,2
440030206041011,2
440030206041012,2
440030206041013,2
440030206041014,2
440030206041015,2
440030206041016,2
440030206041017,2
440030206041018,2
440030206041019,2
440030206041020,2
440030206041021,2
440030206041022,2
440030206041023,2
440030206041024,2
440030206041025,2
440030206041026,2
440030206041027,2
440030206041028,2
440030206041029,2
440030206041030,2
440030206041031,2
440030206041032,2
440030206042000,2
440030206042001,2
440030206042002,2
440030206042003,2
440030206042004,2
440030206042005,2
440030206042006,2
440030206042007,2
440030206042008,2
440030206042009,2
440030206042010,2
440030206042011,2
440030206042012,2
440030206042013,2
440030206042014,2
440030206042015,2
440030206042016,2
440030206042017,2
440030206042018,2
440030206042019,2
440030206042020,2
440030206042021,2
440030206042022,2
440030206042023,2
440030206042024,2
440030206042025,2
440030206042026,2
440030206042027,2
440030206042028,2
440030210024000,2
440030210024001,2
440030210024002,2
440030210024003,2
440030210024004,2
440030210024005,2
440030210024006,2
440030210024007,2
440030210024008,2
440030210024009,2
440030210024010,2
440030210024011,2
440030210024012,2
440030210024013,2
440030210024014,2
440030210024015,2
440030210024016,2
440030210024017,2
440030210024018,2
440030210024019,2
440030210024020,2
440030210024021,2
440030210024022,2
440030210024023,2
440030210024024,2
440030210024025,2
440030210024026,2
440030210024027,2
440030210024028,2
440030210024029,2
440030210024030,2
440030210024031,2
440030210024032,2
440030210023000,2
440030210023001,2
440030210023002,2
440030210023003,2
440030210023004,2
440030210023005,2
440030210023006,2
440030210023007,2
440030210023008,2
440030210023009,2
440030210023010,2
440030210023011,2
440030210023012,2
440030210023013,2
440030210023014,2
440030210022000,2
440030210022001,2
440030210022002,2
440030210022003,2
440030210022004,2
440030210022005,2
440030210022006,2
440030210022007,2
440030210022008,2
440030210022009,2
440030210022010,2
440030210022011,2
440030210022012,2
440030210022013,2
440030210022014,2
440030210022015,2
440030210022016,2
440030210022017,2
440030210022018,2
440030210022019,2
440030210022020,2
440030210022021,2
440030210022022,2
440030210022023,2
440030210022024,2
440030210022025,2
440030210022026,2
440030210022027,2
440030210022028,2
440030210022029,2
440030210022030,2
440030210022031,2
440030210022032,2
440030210022033,2
440030210022034,2
440030210022035,2
440030210022036,2
440030210022037,2
440030210022038,2
440030210022039,2
440030210022040,2
440030211001000,2
440030211001001,2
440030211001002,2
440030211001003,2
440030211001004,2
440030211001005,2
440030211001006,2
440030211001007,2
440030211001008,2
440030211001009,2
440030211001010,2
440030211001011,2
440030211001012,2
440030211001013,2
440030211001014,2
440030211001015,2
440030211001016,2
440030211001017,2
440030211001018,2
440030211001019,2
440030211001020,2
440030211001021,2
440030211001022,2
440030211001023,2
440030211001024,2
440030211001025,2
440030211001026,2
440030211001027,2
440030211001028,2
440030211001029,2
440030211001030,2
440030211001031,2
440030211001032,2
440030211001033,2
440030211001034,2
440030211001035,2
440030211001036,2
440030211001037,2
440030211001038,2
440030211001039,2
440030211001040,2
440030211001041,2
440030211001042,2
440030210012000,2
440030210012001,2
440030210012002,2
440030210012003,2
440030210012004,2
440030210012005,2
440030210012006,2
440030210012007,2
440030210012008,2
440030210012009,2
440030210012010,2
440030210012011,2
440030210012012,2
440030210012013,2
440030210012014,2
440030210012015,2
440030210012016,2
440030210012017,2
440030210012018,2
440030210012019,2
440030210011000,2
440030210011001,2
440030210011002,2
440030210011003,2
440030210011004,2
440030210011005,2
440030210011006,2
440030210011007,2
440030210011008,2
440030210011009,2
440030210011010,2
440030210011011,2
440030210011012,2
440030210011013,2
440030210011014,2
440030210011015,2
440030210011016,2
440030210011017,2
440030210011018,2
440030210011019,2
440030210011020,2
440030210011021,2
440030210011022,2
440030210011023,2
440030210011024,2
440030210011025,2
440030210011026,2
440030210011027,2
440030210011028,2
440030210011029,2
440030210011030,2
440030210011031,2
440030210011032,2
440030210011033,2
440030210011034,2
440030210011035,2
440030210021000,2
440030210021001,2
440030210021002,2
440030210021003,2
440030210021004,2
440030210021005,2
440030210021006,2
440030210021007,2
440030210021008,2
440030210021009,2
440030210021010,2
440030210021011,2
440030210021012,2
440030210021013,2
440030210021014,2
440030210021015,2
440030210021016,2
440030210021017,2
440030210021018,2
440030210021019,2
440030210021020,2
440030210021021,2
440030210021022,2
440030210021023,2
440030210021024,2
440030210021025,2
440030210021026,2
440030210021027,2
440030210021028,2
440030210021029,2
440030210021030,2
440030210021031,2
440030210021032,2
440030210021033,2
440030210021034,2
440030210021035,2
440030210021036,2
440030211004000,2
440030211004001,2
440030211004002,2
440030211004003,2
440030211004004,2
440030211004005,2
440030211004006,2
440030211004007,2
440030211004008,2
440030211004009,2
440030211004010,2
440030211004011,2
440030211004012,2
440030211004013,2
440030211004014,2
440030211004015,2
440030211004016,2
440030211004017,2
440030211004018,2
440030211004019,2
440030211004020,2
440030211004021,2
440030211004022,2
440030211004023,2
440030211004024,2
440030211004025,2
440030211004026,2
440030211004027,2
440030211004028,2
440030211004029,2
440030211004030,2
440030211004031,2
440030211004032,2
440030211004033,2
440030211004034,2
440030211004035,2
440030211004036,2
440030211004037,2
440030211004038,2
440030211004039,2
440030211004040,2
440030211004041,2
440030211004042,2
440030211004043,2
440030211004044,2
440030211004045,2
440030211004046,2
440030211004047,2
440030211004048,2
440030211004049,2
440030211004050,2
440030211004051,2
440030211004052,2
440030211004053,2
440030211004054,2
440030211004055,2
440030211004056,2
440030211004057,2
440030211004058,2
440030211004059,2
440030211004060,2
440030211004061,2
440030211004062,2
440030211004063,2
440030212001000,2
440030212001001,2
440030212001002,2
440030212001003,2
440030212001004,2
440030212001005,2
440030212001006,2
440030212001007,2
440030212001008,2
440030212001009,2
440030212001010,2
440030212001011,2
440030212001012,2
440030212002000,2
440030212002001,2
440030212002002,2
440030212002003,2
440030212002004,2
440030212002005,2
440030212002006,2
440030212002007,2
440030212002008,2
440030212002009,2
440030212002010,2
440030212002011,2
440030212002012,2
440030212002013,2
440030212002014,2
440030212002015,2
440030212002016,2
440030212002017,2
440030212002018,2
440030212002019,2
440030211002000,2
440030211002001,2
440030211002002,2
440030211002003,2
440030211002004,2
440030211002005,2
440030211002006,2
440030211002007,2
440030211002008,2
440030211002009,2
440030211002010,2
440030211002011,2
440030211002012,2
440030211002013,2
440030211002014,2
440030211002015,2
440030211002016,2
440030211002017,2
440030211002018,2
440030211002019,2
440030211002020,2
440030211002021,2
440030211002022,2
440030211002023,2
440030211002024,2
440030211002025,2
440030211002026,2
440030211002027,2
440030211002028,2
440030211002029,2
440030211002030,2
440030211002031,2
440030211002032,2
440030211002033,2
440030211002034,2
440030211002035,2
440030211002036,2
440030211002037,2
440030211002038,2
440030211002039,2
440030211002040,2
440030211002041,2
440030211002042,2
440030211002043,2
440030211002044,2
440030211002045,2
440030211002046,2
440030211002047,2
440030211002048,2
440030211002049,2
440030211002050,2
440030211002051,2
440030211002052,2
440030211002053,2
440030211002054,2
440030211002055,2
440030211002056,2
440030211002057,2
440030211002058,2
440030209042000,2
440030209042001,2
440030209042002,2
440030209042003,2
440030209042004,2
440030209042005,2
440030209042006,2
440030209042007,2
440030209042008,2
440030209042009,2
440030209042010,2
440030209042011,2
440030209042012,2
440030209042013,2
440030209042014,2
440030209042015,2
440030209042016,2
440030209042017,2
440030209042018,2
440030209042019,2
440030209042020,2
440030209042021,2
440030209042022,2
440030209042023,2
440030209042024,2
440030209042025,2
440030209042026,2
440030209042027,2
440030209042028,2
440030209042029,2
440030209042030,2
440030209042031,2
440030209042032,2
440030209042033,2
440030209042034,2
440030209042035,2
440030209042036,2
440030209042037,2
440030209042038,2
440030209042039,2
440030209042040,2
440030209042041,2
440030209042042,2
440030209042043,2
440030209042044,2
440030209042045,2
440030209042046,2
440030209042047,2
440030209042048,2
440030209042049,2
440030209042050,2
440030211003000,2
440030211003001,2
440030211003002,2
440030211003003,2
440030211003004,2
440030211003005,2
440030211003006,2
440030211003007,2
440030211003008,2
440030211003009,2
440030211003010,2
440030211003011,2
440030211003012,2
440030211003013,2
440030211003014,2
440030211003015,2
440030211003016,2
440030211003017,2
440030211003018,2
440030211003019,2
440030211003020,2
440030211003021,2
440030211003022,2
440030211003023,2
440030211003024,2
440030211003025,2
440030211003026,2
440030211003027,2
440030211003028,2
440030211003029,2
440030211003030,2
440030211003031,2
440030211003032,2
440030211003033,2
440030211003034,2
440030211003035,2
440030211003036,2
440030211003037,2
440030211003038,2
440030209013000,2
440030209013001,2
440030209013002,2
440030209013003,2
440030209013004,2
440030209013005,2
440030209013006,2
440030209013007,2
440030209013008,2
440030209013009,2
440030209013010,2
440030209013011,2
440030209013012,2
440030209013013,2
440030209013014,2
440030209013015,2
440030209013016,2
440030209013017,2
440030209013018,2
440030209013019,2
440030209013020,2
440030209013021,2
440030209013022,2
440030209013023,2
440030209013024,2
440030209013025,2
440030209013026,2
440030209013027,2
440030209013028,2
440030209013029,2
440030209012000,2
440030209012001,2
440030209012002,2
440030209012003,2
440030209012004,2
440030209012005,2
440030209012006,2
440030209012007,2
440030209012008,2
440030209012009,2
440030209012010,2
440030209012011,2
440030209012012,2
440030209012013,2
440030209012014,2
440030209012015,2
440030209012016,2
440030209012017,2
440030209012018,2
440030209012019,2
440030209012020,2
440030209012021,2
440030209012022,2
440030209012023,2
440030209012024,2
440030209012025,2
440030209014000,2
440030209014001,2
440030209014002,2
440030209014003,2
440030209014004,2
440030209014005,2
440030209014006,2
440030209014007,2
440030209014008,2
440030209014009,2
440030209014010,2
440030209014011,2
440030209014012,2
440030209014013,2
440030209014014,2
440030209014015,2
440030209014016,2
440030209014017,2
440030209014018,2
440030209014019,2
440030209014020,2
440030209014021,2
440030209014022,2
440030209014023,2
440030209014024,2
440030209014025,2
440030209014026,2
440030209014027,2
440030209014028,2
440030209031000,2
440030209031001,2
440030209031002,2
440030209031003,2
440030209031004,2
440030209031005,2
440030209031006,2
440030209031007,2
440030209031008,2
440030209031009,2
440030209031010,2
440030209031011,2
440030209031012,2
440030209031013,2
440030209031014,2
440030209031015,2
440030209031016,2
440030209031017,2
440030209031018,2
440030209031019,2
440030209031020,2
440030209031021,2
440030209031022,2
440030209031023,2
440030209031024,2
440030209031025,2
440030209031026,2
440030209031027,2
440030209031028,2
440030209031029,2
440030209031030,2
440030209031031,2
440030209031032,2
440030209031033,2
440030209031034,2
440030209031035,2
440030209031036,2
440030209031037,2
440030209031038,2
440030209031039,2
440030209031040,2
440030209031041,2
440030209031042,2
440030209031043,2
440030209031044,2
440030209031045,2
440030209031046,2
440030209031047,2
440030209031048,2
440030209031049,2
440030209031050,2
440030209031051,2
440030209031052,2
440030209031053,2
440030209031054,2
440030209011000,2
440030209011001,2
440030209011002,2
440030209011003,2
440030209011004,2
440030209011005,2
440030209011006,2
440030209011007,2
440030209011008,2
440030209011009,2
440030209011010,2
440030209011011,2
440030209011012,2
440030209011013,2
440030209011014,2
440030209011015,2
440030209011016,2
440030209011017,2
440030209011018,2
440030209011019,2
440030209011020,2
440030209011021,2
440030209011022,2
440030209011023,2
440030209011024,2
440030209011025,2
440030209011026,2
440030209011027,2
440030209011028,2
440030209011029,2
440030209011030,2
440030209011031,2
440030209011032,2
440030209011033,2
440030209011034,2
440030209011035,2
440030209011036,2
440030209011037,2
440030209011038,2
440030209011039,2
440030209011040,2
440030209011041,2
440030209041000,2
440030209041001,2
440030209041002,2
440030209041003,2
440030209041004,2
440030209041005,2
440030209041006,2
440030209041007,2
440030209041008,2
440030209041009,2
440030209041010,2
440030209041011,2
440030209041012,2
440030209041013,2
440030209041014,2
440030209041015,2
440030209041016,2
440030209041017,2
440030209041018,2
440030209041019,2
440030209041020,2
440030209041021,2
440030209041022,2
440030209041023,2
440030209041024,2
440030209041025,2
440030209041026,2
440030209041027,2
440030209041028,2
440030209041029,2
440030209041030,2
440030209041031,2
440030209041032,2
440030209041033,2
440030209041034,2
440030209041035,2
440030209041036,2
440030209041037,2
440030209041038,2
440030209041039,2
440030209041040,2
440030209041041,2
440030209041042,2
440030209041043,2
440030209041044,2
440030209041045,2
440030209041046,2
440030209041047,2
440030209041048,2
440030209041049,2
440030209041050,2
440030209033000,2
440030209033001,2
440030209033002,2
440030209033003,2
440030209033004,2
440030209033005,2
440030209033006,2
440030209033007,2
440030209033008,2
440030209033009,2
440030209033010,2
440030209033011,2
440030209033012,2
440030209033013,2
440030209033014,2
440030209033015,2
440030209033016,2
440030209033017,2
440030209033018,2
440030209033019,2
440030209033020,2
440030209033021,2
440030209033022,2
440030209033023,2
440030209033024,2
440030209033025,2
440030209033026,2
440030209033027,2
440030209033028,2
440030209033029,2
440030209032000,2
440030209032001,2
440030209032002,2
440030209032003,2
440030209032004,2
440030209032005,2
440030209032006,2
440030209032007,2
440030209032008,2
440030209032009,2
440030209032010,2
440030209032011,2
440030209032012,2
440030209032013,2
440030209032014,2
440030209032015,2
440030209032016,2
440030209032017,2
440030209032018,2
440030209032019,2
440030209032020,2
440030209032021,2
440030209032022,2
440030209032023,2
440030209032024,2
440030209032025,2
440030209032026,2
440030209032027,2
440030209032028,2
440030209032029,2
440030209032030,2
440030209032031,2
440030209032032,2
440030209032033,2
440030209032034,2
440030209032035,2
440030209032036,2
440030209032037,2
440030209032038,2
440030209032039,2
440030209032040,2
440030209032041,2
440030209032042,2
440030209032043,2
440030209032044,2
440030209032045,2
440030209032046,2
440030209032047,2
440030209032048,2
440030209032049,2
440030209032050,2
440030209032051,2
440030209032052,2
440030209032053,2
440030209032054,2
440030209032055,2
440030209032056,2
440030209032057,2
440030209032058,2
440030209032059,2
440030209032060,2
440030209032061,2
440030209032062,2
440030209032063,2
440030209032064,2
440030209032065,2
440030209032066,2
440030209032067,2
440030209032068,2
440030209032069,2
440070020003000,2
440070020003001,2
440070020003002,2
440070020003003,2
440070020003004,2
440070020003005,2
440070020003006,2
440070020003007,2
440070020003008,2
440070020003009,2
440070020003010,2
440070020003011,2
440070020003012,2
440070020003013,2
440070020003014,2
440070020003015,2
440070020003016,2
440070020004000,2
440070020004001,2
440070020004002,2
440070020004003,2
440070020004004,2
440070020004005,2
440070020004006,2
440070020004007,2
440070020004008,2
440070020004009,2
440070020004010,2
440070020004011,2
440070020004012,2
440070020004013,2
440070020004014,2
440070020004015,2
440070020004016,2
440070019006000,2
440070019006001,2
440070019006002,2
440070019006003,2
440070019006004,2
440070019006005,2
440070019006006,2
440070019006007,2
440070019006008,2
440070019006009,2
440070019006010,2
440070021011000,2
440070021011001,2
440070021011002,2
440070021011003,2
440070021011004,2
440070021011005,2
440070021011006,2
440070021011007,2
440070021011008,2
440070021011009,2
440070021011010,2
440070021011011,2
440070021011012,2
440070020001000,2
440070020001001,2
440070020001002,2
440070020001003,2
440070020001004,2
440070020001005,2
440070020001006,2
440070020001007,2
440070020001008,2
440070020001009,2
440070020001010,2
440070020001011,2
440070020001012,2
440070020001013,2
440070020001014,2
440070020001015,2
440070020001016,2
440070020001017,2
440070020001018,2
440070020001019,2
440070021024000,2
440070021024001,2
440070021024002,2
440070021024003,2
440070021024004,2
440070021024005,2
440070021024006,2
440070021024007,2
440070021024008,2
440070021024009,2
440070021024010,2
440070021024011,2
440070021024012,2
440070021024013,2
440070021024014,2
440070021024015,2
440070021024016,2
440070020002000,2
440070020002001,2
440070020002002,2
440070020002003,2
440070020002004,2
440070020002005,2
440070020002006,2
440070020002007,2
440070020002008,2
440070020002009,2
440070020002010,2
440070021022000,2
440070021022001,2
440070021022002,2
440070021022003,2
440070021022004,2
440070021022005,2
440070021022006,2
440070021022007,2
440070021022008,2
440070021022009,2
440070021023000,2
440070021023001,2
440070021023002,2
440070021023003,2
440070021023004,2
440070021023005,2
440070021023006,2
440070021023007,2
440070021023008,2
440070021023009,2
440070021023010,2
440070021023011,2
440070021023012,2
440070021023013,2
440070021023014,2
440070021023015,2
440070021023016,2
440070021023017,2
440070021023018,2
440070021023019,2
440070021023020,2
440070021021000,2
440070021021001,2
440070021021002,2
440070021021003,2
440070021021004,2
440070021021005,2
440070021021006,2
440070021021007,2
440070021021008,2
440070021021009,2
440070021012000,2
440070021012001,2
440070021012002,2
440070021012003,2
440070021012004,2
440070021012005,2
440070021012006,2
440070021012007,2
440070021012008,2
440070021012009,2
440070021012010,2
440070021012011,2
440070021012012,2
440070021012013,2
440070021012014,2
440070021012015,2
440070021013000,2
440070021013001,2
440070021013002,2
440070021013003,2
440070021013004,2
440070021013005,2
440070021013006,2
440070021013007,2
440070021013008,2
440070021013009,2
440070021013010,2
440070021013011,2
440070021013012,2
440070021013013,2
440070018002000,2
440070018002001,2
440070018002002,2
440070018002003,2
440070018002004,2
440070018002005,2
440070018002006,2
440070018002007,2
440070018002008,2
440070018002009,2
440070018002010,2
440070018002011,2
440070018002012,2
440070018002013,2
440070018002014,2
440070018002015,2
440070018002016,2
440070018002017,2
440070018002018,2
440070018004000,2
440070018004001,2
440070018004002,2
440070018004003,2
440070018004004,2
440070018004005,2
440070018004006,2
440070018004007,2
440070018004008,2
440070018004009,2
440070018004010,2
440070018003000,2
440070018003001,2
440070018005000,2
440070018005001,2
440070018005002,2
440070018005003,2
440070018005004,2
440070018005005,2
440070018005006,2
440070018005007,2
440070018006000,2
440070018006001,2
440070018006002,2
440070018006003,2
440070018006004,2
440070018006005,2
440070018006006,2
440070018006007,2
440070018006008,2
440070018006009,2
440070018006010,2
440070018006011,2
440070018006012,2
440070018006013,2
440070018006014,2
440070018006015,2
440070018006016,2
440070018006017,2
440070018006018,2
440070018006019,2
440070018006020,2
440070017003000,2
440070017003001,2
440070017003002,2
440070017003003,2
440070017003004,2
440070017003005,2
440070017003006,2
440070017003007,2
440070017003008,2
440070017003009,2
440070017003010,2
440070017003011,2
440070017003012,2
440070017003013,2
440070017003014,2
440070017003015,2
440070017003016,2
440070017003017,2
440070017003018,2
440070017003019,2
440070017003020,2
440070017003021,2
440070017003022,2
440070017003023,2
440070018001000,2
440070018001001,2
440070018001002,2
440070018001003,2
440070018001004,2
440070018001005,2
440070018001006,2
440070018001007,2
440070018001008,2
440070018001009,2
440070018001010,2
440070018001011,2
440070018001012,2
440070018001013,2
440070018001014,2
440070018001015,2
440070018001016,2
440070018001017,2
440070018001018,2
440070018001019,2
440070019003000,2
440070019003001,2
440070019003002,2
440070019003003,2
440070019003004,2
440070019003005,2
440070019003006,2
440070019003007,2
440070019003008,2
440070019003009,2
440070019003010,2
440070019003011,2
440070019003012,2
440070019003013,2
440070019003014,2
440070019003015,2
440070019003016,2
440070019003017,2
440070019003018,2
440070019004000,2
440070019004001,2
440070019004002,2
440070019004003,2
440070019004004,2
440070019004005,2
440070019004006,2
440070019004007,2
440070019004008,2
440070019002000,2
440070019002001,2
440070019002002,2
440070019002003,2
440070019002004,2
440070019002005,2
440070019002006,2
440070019002007,2
440070019002008,2
440070019002009,2
440070019002010,2
440070019002011,2
440070019002012,2
440070019002013,2
440070019002014,2
440070019005000,2
440070019005001,2
440070019005002,2
440070019005003,2
440070019005004,2
440070019005005,2
440070019005006,2
440070019005007,2
440070019005008,2
440070019005009,2
440070019005010,2
440070019001000,2
440070019001001,2
440070019001002,2
440070019001003,2
440070019001004,2
440070019001005,2
440070019001006,2
440070019001007,2
440070019001008,2
440070019001009,2
440070019001010,2
440070019001011,2
440070019001012,2
440070019001013,2
440070019001014,2
440070019001015,2
440070019001016,2
440070024005000,2
440070024005001,2
440070024005002,2
440070024005003,2
440070024005004,2
440070024005005,2
440070024005006,2
440070024005007,2
440070024005008,2
440070024005009,2
440070024005010,2
440070024005011,2
440070024005012,2
440070024005013,2
440070024005014,2
440070024005015,2
440070024006000,2
440070024006001,2
440070024006002,2
440070024006003,2
440070024006004,2
440070024006005,2
440070024006006,2
440070024006007,2
440070024006008,2
440070024006009,2
440070024006010,2
440070024006011,2
440070024006012,2
440070024006013,2
440070024006014,2
440070024006015,2
440070024006016,2
440070024006017,2
440070024006018,2
440070024006019,2
440070024003000,2
440070024003001,2
440070024003002,2
440070024003003,2
440070024003004,2
440070024003005,2
440070024003006,2
440070024003007,2
440070024003008,2
440070024003009,2
440070024003010,2
440070024003011,2
440070024003012,2
440070024003013,2
440070024003014,2
440070024003015,2
440070024003016,2
440070024003017,2
440070024003018,2
440070024003019,2
440070024003020,2
440070025001000,2
440070025001001,2
440070025001002,2
440070025001003,2
440070025001004,2
440070025001005,2
440070025001006,2
440070025001007,2
440070025001008,2
440070025001009,2
440070025001010,2
440070025001011,2
440070024004000,2
440070024004001,2
440070024004002,2
440070024004003,2
440070024004004,2
440070024004005,2
440070024004006,2
440070024004007,2
440070024004008,2
440070024004009,2
440070024004010,2
440070024004011,2
440070024004012,2
440070024004013,2
440070024004014,2
440070024004015,2
440070024004016,2
440070025002000,2
440070025002001,2
440070025002002,2
440070025002003,2
440070025002004,2
440070025002005,2
440070025002006,2
440070025002007,2
440070025002008,2
440070025002009,2
440070025002010,2
440070025002011,2
440070025002012,2
440070025002013,2
440070025002014,2
440070025002015,2
440070025002016,2
440070025002017,2
440070025002018,2
440070025002019,2
440070025002020,2
440070025002021,2
440070025002022,2
440070025002023,2
440070025002024,2
440070025002025,2
440070025002026,2
440070025002027,2
440070025002028,2
440070025002029,2
440070025002030,2
440070025002031,2
440070025002032,2
440070025002033,2
440070025002034,2
440070025002035,2
440070025002036,2
440070025002037,2
440070025002038,2
440070025002039,2
440070025002040,2
440070025002041,2
440070025002042,2
440070025002043,2
440070025002044,2
440070025002045,2
440070025002046,2
440070025002047,2
440070025002048,2
440070025002049,2
440070025002050,2
440070025002051,2
440070025002052,2
440070025002053,2
440070025002054,2
440070025002055,2
440070025002056,2
440070025002057,2
440070025002058,2
440070025002059,2
440070025002060,2
440070025002061,2
440070025002062,2
440070025002063,2
440070027004000,2
440070027004001,2
440070027004002,2
440070027004003,2
440070027004004,2
440070027004005,2
440070027004006,2
440070027004007,2
440070024002000,2
440070024002001,2
440070024002002,2
440070024002003,2
440070024002004,2
440070024002005,2
440070024002006,2
440070024002007,2
440070024002008,2
440070024002009,2
440070024002010,2
440070024002011,2
440070024002012,2
440070024002013,2
440070024002014,2
440070024002015,2
440070024002016,2
440070024002017,2
440070024002018,2
440070022002000,2
440070022002001,2
440070022002002,2
440070022002003,2
440070022002004,2
440070022002005,2
440070022002006,2
440070022002007,2
440070022002008,2
440070022002009,2
440070022002010,2
440070022002011,2
440070022002012,2
440070022002013,2
440070022002014,2
440070022002015,2
440070022002016,2
440070022002017,2
440070022002018,2
440070022002019,2
440070022002020,2
440070022004000,2
440070022004001,2
440070022004002,2
440070022004003,2
440070022004004,2
440070022004005,2
440070022004006,2
440070022004007,2
440070022004008,2
440070022004009,2
440070022003000,2
440070022003001,2
440070022003002,2
440070022003003,2
440070022003004,2
440070022003005,2
440070022003006,2
440070022003007,2
440070023001000,2
440070023001001,2
440070023001002,2
440070023001003,2
440070023001004,2
440070023001005,2
440070023001006,2
440070023001007,2
440070023002000,2
440070023002001,2
440070023002002,2
440070023002003,2
440070023002004,2
440070023002005,2
440070023002006,2
440070023002007,2
440070023002008,2
440070023002009,2
440070023002010,2
440070023002011,2
440070021025000,2
440070021025001,2
440070021025002,2
440070021025003,2
440070021025004,2
440070021025005,2
440070021025006,2
440070021025007,2
440070021025008,2
440070021025009,2
440070021025010,2
440070021025011,2
440070022001000,2
440070022001001,2
440070022001002,2
440070022001003,2
440070022001004,2
440070022001005,2
440070022001006,2
440070022001007,2
440070022001008,2
440070022001009,2
440070022001010,2
440070022001011,2
440070023006000,2
440070023006001,2
440070023006002,2
440070023006003,2
440070023006004,2
440070023006005,2
440070023006006,2
440070023006007,2
440070023006008,2
440070023006009,2
440070023006010,2
440070023006011,2
440070023006012,2
440070023006013,2
440070024001000,2
440070024001001,2
440070024001002,2
440070024001003,2
440070024001004,2
440070024001005,2
440070024001006,2
440070024001007,2
440070024001008,2
440070024001009,2
440070024001010,2
440070023003000,2
440070023003001,2
440070023003002,2
440070023003003,2
440070023003004,2
440070023003005,2
440070023003006,2
440070023004000,2
440070023004001,2
440070023004002,2
440070023004003,2
440070023004004,2
440070023004005,2
440070023004006,2
440070023004007,2
440070023004008,2
440070023004009,2
440070023004010,2
440070023004011,2
440070023005000,2
440070023005001,2
440070023005002,2
440070023005003,2
440070023005004,2
440070023005005,2
440070023005006,2
440070023005007,2
440070023005008,2
440070023005009,2
440070023005010,2
440070023005011,2
440070023005012,2
440070023005013,2
440070023005014,2
440070023005015,2
440070009001000,2
440070009001001,2
440070009001002,2
440070009001003,2
440070009001004,2
440070009001005,2
440070009001006,2
440070009001007,2
440070009001008,2
440070009001009,2
440070009001010,2
440070009001011,2
440070009001012,2
440070009001013,2
440070009001014,2
440070009001015,2
440070009001016,2
440070009001017,2
440070009001018,2
440070009001019,2
440070009001020,2
440070009001021,2
440070009001022,2
440070009001023,2
440070009001024,2
440070009001025,2
440070009001026,2
440070009001027,2
440070009001028,2
440070009001029,2
440070009001030,2
440070009001031,2
440070009001032,2
440070009001033,2
440070009001034,2
440070009001035,2
440070009001036,2
440070009001037,2
440070009001038,2
440070009001039,2
440070009001040,2
440070009001041,2
440070009001042,2
440070009001043,2
440070009001044,2
440070009001045,2
440070009001046,2
440070009001047,2
440070009001048,2
440070009001049,2
440070009001050,2
440070009001051,2
440070009001052,2
440070009001053,2
440070009001054,2
440070009001055,2
440070009001056,2
440070009001057,2
440070007002000,2
440070007002001,2
440070007002002,2
440070007002003,2
440070007002004,2
440070007002005,2
440070007002006,2
440070007002007,2
440070007002008,2
440070007002009,2
440070007002010,2
440070007002011,2
440070007002012,2
440070007002013,2
440070007002014,2
440070007002015,2
440070007002016,2
440070007002017,2
440070007002018,2
440070007002019,2
440070007002020,2
440070007002021,2
440070007002022,2
440070007002023,2
440070007002024,2
440070007002025,2
440070007002026,2
440070007002027,2
440070007002028,2
440070007002029,2
440070007003000,2
440070007003001,2
440070007003002,2
440070007003003,2
440070007003004,2
440070007003005,2
440070007003006,2
440070007003007,2
440070007003008,2
440070007003009,2
440070007003010,2
440070007003011,2
440070007003012,2
440070007003013,2
440070007003014,2
440070007003015,2
440070007003016,2
440070007003017,2
440070007003018,2
440070007003019,2
440070007003020,2
440070007003021,2
440070007001000,2
440070007001001,2
440070007001002,2
440070007001003,2
440070007001004,2
440070007001005,2
440070007001006,2
440070007001007,2
440070007001008,2
440070007001009,2
440070016001000,2
440070016001001,2
440070016001002,2
440070016001003,2
440070016001004,2
440070016001005,2
440070016001006,2
440070016001007,2
440070016001008,2
440070016001009,2
440070016001010,2
440070016001011,2
440070016001012,2
440070016001013,2
440070016001014,2
440070016002000,2
440070016002001,2
440070016002002,2
440070016002003,2
440070016002004,2
440070016002005,2
440070016002006,2
440070016002007,2
440070016002008,2
440070016002009,2
440070016002010,2
440070016002011,2
440070016002012,2
440070016002013,2
440070016002014,2
440070016002015,2
440070016002016,2
440070016002017,2
440070016002018,2
440070016002019,2
440070016002020,2
440070016002021,2
440070016002022,2
440070016002023,2
440070016002024,2
440070016002025,2
440070016003000,2
440070016003001,2
440070016003002,2
440070016003003,2
440070016003004,2
440070016003005,2
440070016003006,2
440070016003007,2
440070016003008,2
440070016003009,2
440070016003010,2
440070016003011,2
440070016003012,2
440070013004000,2
440070013004001,2
440070013004002,2
440070013004003,2
440070013004004,2
440070013004005,2
440070013004006,2
440070013004007,2
440070013004008,2
440070013004009,2
440070013004010,2
440070013004011,2
440070013004012,2
440070013004013,2
440070013004014,2
440070013004015,2
440070013004016,2
440070013004017,2
440070013001000,2
440070013001001,2
440070013001002,2
440070013001003,2
440070013001004,2
440070013001005,2
440070013001006,2
440070013001007,2
440070013001008,2
440070017001000,2
440070017001001,2
440070017001002,2
440070017001003,2
440070017001004,2
440070017001005,2
440070017001006,2
440070017001007,2
440070017001008,2
440070017001009,2
440070017001010,2
440070017001011,2
440070017002000,2
440070017002001,2
440070017002002,2
440070017002003,2
440070017002004,2
440070017002005,2
440070017002006,2
440070017002007,2
440070017002008,2
440070017002009,2
440070017002010,2
440070017002011,2
440070017002012,2
440070017002013,2
440070017002014,2
440070017002015,2
440070017002016,2
440070017002017,2
440070017002018,2
440070017002019,2
440070016007000,2
440070016007001,2
440070016007002,2
440070016007003,2
440070016007004,2
440070016007005,2
440070016007006,2
440070016007007,2
440070016007008,2
440070016004000,2
440070016004001,2
440070016004002,2
440070016004003,2
440070016004004,2
440070016004005,2
440070016004006,2
440070016004007,2
440070016004008,2
440070016005000,2
440070016005001,2
440070016005002,2
440070016005003,2
440070016005004,2
440070016005005,2
440070016005006,2
440070016005007,2
440070016005008,2
440070016005009,2
440070016006000,2
440070016006001,2
440070016006002,2
440070016006003,2
440070016006004,2
440070016006005,2
440070016006006,2
440070016006007,2
440070010001000,2
440070010001001,2
440070010001002,2
440070010001003,2
440070010001004,2
440070010001005,2
440070010001006,2
440070010001007,2
440070010001008,2
440070010001009,2
440070010001010,2
440070010001011,2
440070010001012,2
440070010001013,2
440070010001014,2
440070010001015,2
440070010001016,2
440070010001017,2
440070011001000,2
440070011001001,2
440070011001002,2
440070011001003,2
440070011001004,2
440070011001005,2
440070011001006,2
440070011001007,2
440070011001008,2
440070011001009,2
440070011001010,2
440070011001011,2
440070011001012,2
440070011001013,2
440070011001014,2
440070011001015,2
440070011001016,2
440070011001017,2
440070011001018,2
440070010002000,2
440070010002001,2
440070010002002,2
440070010002003,2
440070010002004,2
440070010002005,2
440070010002006,2
440070010002007,2
440070010002008,2
440070010002009,2
440070010002010,2
440070010002011,2
440070010002012,2
440070010002013,2
440070010002014,2
440070010002015,2
440070010002016,2
440070010002017,2
440070010002018,2
440070010002019,2
440070010002020,2
440070010002021,2
440070010002022,2
440070010002023,2
440070010002024,2
440070009002000,2
440070009002001,2
440070009002002,2
440070009002003,2
440070009002004,2
440070009002005,2
440070009002006,2
440070009002007,2
440070009002008,2
440070009002009,2
440070011003000,2
440070011003001,2
440070011003002,2
440070011003003,2
440070011003004,2
440070011003005,2
440070011003006,2
440070011003007,2
440070012001000,2
440070012001001,2
440070012001002,2
440070012001003,2
440070012001004,2
440070012001005,2
440070012001006,2
440070012001007,2
440070012001008,2
440070012001009,2
440070012001010,2
440070012001011,2
440070011002000,2
440070011002001,2
440070011002002,2
440070011002003,2
440070011002004,2
440070011002005,2
440070011002006,2
440070011002007,2
440070011002008,2
440070011002009,2
440070011002010,2
440070011002011,2
440070011002012,2
440070011002013,2
440070011002014,2
440070011002015,2
440070011002016,2
440070011002017,2
440070011002018,2
440070011002019,2
440070011002020,2
440070011002021,2
440070011002022,2
440070011002023,2
440070011002024,2
440070011002025,2
440070011002026,2
440070011002027,2
440070011002028,2
440070011002029,2
440070131022000,2
440070131022001,2
440070131022002,2
440070131022003,2
440070131022004,2
440070131022005,2
440070131022006,2
440070131022007,2
440070131022008,2
440070131022009,2
440070131022010,2
440070131022011,2
440070131022012,2
440070131022013,2
440070131022014,2
440070131022015,2
440070131022016,2
440070131022017,2
440070131022018,2
440070131022019,2
440070131022020,2
440070131022021,2
440070131022022,2
440070131022023,2
440070131022024,2
440070131022025,2
440070131022026,2
440070131022027,2
440070131022028,2
440070131022029,2
440070131022030,2
440070131022031,2
440070131022032,2
440070131022033,2
440070131022034,2
440070131022035,2
440070131022036,2
440070131022037,2
440070131022038,2
440070131022039,2
440070131022040,2
440070131022041,2
440070131022042,2
440070131022043,2
440070131022044,2
440070131022045,2
440070131022046,2
440070131022047,2
440070131022048,2
440070131022049,2
440070131022050,2
440070131022051,2
440070131022052,2
440070131022053,2
440070131022054,2
440070131022055,2
440070131021000,2
440070131021001,2
440070131021002,2
440070131021003,2
440070131021004,2
440070131021005,2
440070131021006,2
440070131021007,2
440070131021008,2
440070131021009,2
440070131021010,2
440070131021011,2
440070131021012,2
440070131021013,2
440070131021014,2
440070131021015,2
440070131021016,2
440070131021017,2
440070131021018,2
440070131021019,2
440070131021020,2
440070131021021,2
440070131021022,2
440070131021023,2
440070131021024,2
440070131021025,2
440070131021026,2
440070131021027,2
440070131021028,2
440070131021029,2
440070131021030,2
440070131021031,2
440070131021032,2
440070131021033,2
440070131021034,2
440070131021035,2
440070131021036,2
440070131021037,2
440070131021038,2
440070131021039,2
440070131021040,2
440070131021041,2
440070131021042,2
440070131021043,2
440070131021044,2
440070131021045,2
440070131021046,2
440070131021047,2
440070131021048,2
440070131021049,2
440070131021050,2
440070131021051,2
440070131021052,2
440070131021053,2
440070131021054,2
440070131021055,2
440070131021056,2
440070131021057,2
440070131021058,2
440070131021059,2
440070131013000,2
440070131013001,2
440070131013002,2
440070131013003,2
440070131013004,2
440070131013005,2
440070131013006,2
440070131013007,2
440070131013008,2
440070131013009,2
440070131013010,2
440070131013011,2
440070131013012,2
440070131013013,2
440070131013014,2
440070131013015,2
440070131013016,2
440070131013017,2
440070131013018,2
440070131013019,2
440070131013020,2
440070131013021,2
440070131013022,2
440070131013023,2
440070131023000,2
440070131023001,2
440070131023002,2
440070131023003,2
440070131023004,2
440070131023005,2
440070131023006,2
440070131023007,2
440070131023008,2
440070131023009,2
440070131023010,2
440070131023011,2
440070131023012,2
440070131023013,2
440070131023014,2
440070131023015,2
440070131023016,2
440070131023017,2
440070131023018,2
440070131023019,2
440070131023020,2
440070131023021,2
440070131023022,2
440070131023023,2
440070131023024,2
440070131023025,2
440070131023026,2
440070131023027,2
440070131023028,2
440070131023029,2
440070131023030,2
440070131023031,2
440070131023032,2
440070131023033,2
440070131023034,2
440070131023035,2
440070131023036,2
440070131023037,2
440070131023038,2
440070131023039,2
440070131023040,2
440070131023041,2
440070131023042,2
440070131023043,2
440070131023044,2
440070131023045,2
440070131023046,2
440070131023047,2
440070131023048,2
440070132011000,2
440070132011001,2
440070132011002,2
440070132011003,2
440070132011004,2
440070132011005,2
440070132011006,2
440070132011007,2
440070132011008,2
440070132011009,2
440070132011010,2
440070132011011,2
440070132011012,2
440070132011013,2
440070132011014,2
440070132011015,2
440070132011016,2
440070132011017,2
440070132011018,2
440070132011019,2
440070132011020,2
440070132011021,2
440070132011022,2
440070132011023,2
440070132011024,2
440070132011025,2
440070132011026,2
440070132011027,2
440070132011028,2
440070132011029,2
440070132011030,2
440070132011031,2
440070132012000,2
440070132012001,2
440070132012002,2
440070132012003,2
440070132012004,2
440070132012005,2
440070132012006,2
440070132012007,2
440070132012008,2
440070132012009,2
440070132012010,2
440070132012011,2
440070132012012,2
440070132012013,2
440070132012014,2
440070132012015,2
440070132012016,2
440070132012017,2
440070132012018,2
440070132012019,2
440070132012020,2
440070132012021,2
440070132012022,2
440070132012023,2
440070132012024,2
440070132012025,2
440070132012026,2
440070132012027,2
440070132012028,2
440070132012029,2
440070132012030,2
440070132012031,2
440070132012032,2
440070132012033,2
440070132012034,2
440070132012035,2
440070132012036,2
440070132012037,2
440070132012038,2
440070132012039,2
440070131011000,2
440070131011001,2
440070131011002,2
440070131011003,2
440070131011004,2
440070131011005,2
440070131011006,2
440070131011007,2
440070131011008,2
440070131011009,2
440070131011010,2
440070131011011,2
440070131011012,2
440070131011013,2
440070131011014,2
440070131011015,2
440070131011016,2
440070131011017,2
440070131011018,2
440070131011019,2
440070131011020,2
440070131011021,2
440070131011022,2
440070131011023,2
440070131011024,2
440070131011025,2
440070131011026,2
440070131011027,2
440070131011028,2
440070131011029,2
440070131011030,2
440070131011031,2
440070131011032,2
440070131011033,2
440070131011034,2
440070131011035,2
440070131011036,2
440070131011037,2
440070131011038,2
440070131011039,2
440070131011040,2
440070131011041,2
440070131011042,2
440070131011043,2
440070131011044,2
440070131011045,2
440070131011046,2
440070131011047,2
440070131011048,2
440070131011049,2
440070131011050,2
440070131011051,2
440070131011052,2
440070131011053,2
440070131011054,2
440070131011055,2
440070131011056,2
440070131011057,2
440070131011058,2
440070131011059,2
440070131011060,2
440070131011061,2
440070131011062,2
440070131011063,2
440070131011064,2
440070131011065,2
440070131011066,2
440070131011067,2
440070130024000,2
440070130024001,2
440070130024002,2
440070130024003,2
440070130024004,2
440070130024005,2
440070130024006,2
440070130024007,2
440070130024008,2
440070130024009,2
440070130024010,2
440070130024011,2
440070130024012,2
440070130024013,2
440070130024014,2
440070130024015,2
440070130024016,2
440070130024017,2
440070130024018,2
440070130024019,2
440070130024020,2
440070130024021,2
440070130024022,2
440070130024023,2
440070130024024,2
440070130024025,2
440070130024026,2
440070130024027,2
440070130024028,2
440070130024029,2
440070130024030,2
440070130024031,2
440070130024032,2
440070130024033,2
440070130024034,2
440070130024035,2
440070130024036,2
440070130024037,2
440070130024038,2
440070130024039,2
440070130024040,2
440070130024041,2
440070130024042,2
440070130024043,2
440070130024044,2
440070130024045,2
440070130024046,2
440070130024047,2
440070130024048,2
440070130024049,2
440070130022000,2
440070130022001,2
440070130022002,2
440070130022003,2
440070130022004,2
440070130022005,2
440070130022006,2
440070130022007,2
440070130022008,2
440070130022009,2
440070130022010,2
440070130022011,2
440070130022012,2
440070130022013,2
440070130022014,2
440070130022015,2
440070130022016,2
440070130022017,2
440070130022018,2
440070130022019,2
440070130022020,2
440070130022021,2
440070130022022,2
440070130022023,2
440070130022024,2
440070130022025,2
440070130022026,2
440070130022027,2
440070130022028,2
440070130022029,2
440070130022030,2
440070130022031,2
440070130022032,2
440070130022033,2
440070130022034,2
440070130022035,2
440070130022036,2
440070130022037,2
440070130022038,2
440070130022039,2
440070130022040,2
440070130022041,2
440070130022042,2
440070130022043,2
440070130022044,2
440070130023000,2
440070130023001,2
440070130023002,2
440070130023003,2
440070130023004,2
440070130023005,2
440070130023006,2
440070130023007,2
440070130023008,2
440070130023009,2
440070130023010,2
440070130023011,2
440070130023012,2
440070130023013,2
440070130023014,2
440070130023015,2
440070130023016,2
440070130023017,2
440070130023018,2
440070130023019,2
440070130023020,2
440070132023000,2
440070132023001,2
440070132023002,2
440070132023003,2
440070132023004,2
440070132023005,2
440070132023006,2
440070132023007,2
440070132023008,2
440070132023009,2
440070132023010,2
440070132023011,2
440070132023012,2
440070132023013,2
440070132023014,2
440070132023015,2
440070132023016,2
440070132023017,2
440070132023018,2
440070132023019,2
440070132023020,2
440070132023021,2
440070132023022,2
440070132023023,2
440070132023024,2
440070132023025,2
440070132023026,2
440070132023027,2
440070132023028,2
440070132023029,2
440070132023030,2
440070132023031,2
440070132023032,2
440070132023033,2
440070132023034,2
440070132023035,2
440070132023036,2
440070132023037,2
440070132023038,2
440070132023039,2
440070132023040,2
440070132023041,2
440070132023042,2
440070132023043,2
440070132023044,2
440070132023045,2
440070132023046,2
440070132023047,2
440070132023048,2
440070132023049,2
440070132023050,2
440070132023051,2
440070132023052,2
440070132023053,2
440070132023054,2
440070132023055,2
440070132023056,2
440070132023057,2
440070132023058,2
440070132023059,2
440070132023060,2
440070132023061,2
440070132023062,2
440070132023063,2
440070132023064,2
440070132023065,2
440070132023066,2
440070132023067,2
440070132023068,2
440070132023069,2
440070132023070,2
440070132023071,2
440070132023072,2
440070132023073,2
440070132023074,2
440070132023075,2
440070132023076,2
440070132023077,2
440070132023078,2
440070132023079,2
440070132023080,2
440070132023081,2
440070132023082,2
440070132023083,2
440070132023084,2
440070132023085,2
440070132023086,2
440070132023087,2
440070132023088,2
440070132023089,2
440070132023090,2
440070132023091,2
440070131012000,2
440070131012001,2
440070131012002,2
440070131012003,2
440070131012004,2
440070131012005,2
440070131012006,2
440070131012007,2
440070131012008,2
440070131012009,2
440070131012010,2
440070131012011,2
440070131012012,2
440070131012013,2
440070131012014,2
440070131012015,2
440070131012016,2
440070131012017,2
440070131012018,2
440070131012019,2
440070131012020,2
440070131012021,2
440070131012022,2
440070131012023,2
440070131012024,2
440070131012025,2
440070131012026,2
440070131012027,2
440070131012028,2
440070131012029,2
440070131012030,2
440070131012031,2
440070131012032,2
440070131012033,2
440070131012034,2
440070131012035,2
440070131012036,2
440070131012037,2
440070131012038,2
440070131012039,2
440070131012040,2
440070131012041,2
440070131012042,2
440070131012043,2
440070131012044,2
440070131012045,2
440070131012046,2
440070131012047,2
440070131012048,2
440070131012049,2
440070131012050,2
440070131012051,2
440070131012052,2
440070131012053,2
440070131012054,2
440070131012055,2
440070131012056,2
440070131012057,2
440070131012058,2
440070131012059,2
440070131012060,2
440070131012061,2
440070131012062,2
440070131012063,2
440070131012064,2
440070131012065,2
440070131012066,2
440070131012067,2
440070131012068,2
440070131012069,2
440070131012070,2
440070131012071,2
440070131012072,2
440070131012073,2
440070131012074,2
440070131012075,2
440070131012076,2
440070131012077,2
440070131012078,2
440070131012079,2
440070131012080,2
440070133001000,2
440070133001001,2
440070133001002,2
440070133001003,2
440070133001004,2
440070133001005,2
440070133001006,2
440070133001007,2
440070133001008,2
440070133001009,2
440070133001010,2
440070133001011,2
440070133001012,2
440070133001013,2
440070133001014,2
440070133001015,2
440070133001016,2
440070133001017,2
440070133001018,2
440070133001019,2
440070133001020,2
440070133001021,2
440070133001022,2
440070133001023,2
440070133001024,2
440070133001025,2
440070133001026,2
440070133001027,2
440070133001028,2
440070133001029,2
440070133001030,2
440070133001031,2
440070133001032,2
440070133001033,2
440070133001034,2
440070133001035,2
440070133001036,2
440070133001037,2
440070133001038,2
440070133001039,2
440070133001040,2
440070133001041,2
440070133001042,2
440070133001043,2
440070133001044,2
440070133001045,2
440070133001046,2
440070133001047,2
440070133001048,2
440070133001049,2
440070133001050,2
440070133001051,2
440070133001052,2
440070133001053,2
440070133001054,2
440070133001055,2
440070133001056,2
440070133001057,2
440070133001058,2
440070133001059,2
440070133001060,2
440070133001061,2
440070133001062,2
440070133001063,2
440070133001064,2
440070133001065,2
440070133001066,2
440070133001067,2
440070133001068,2
440070133001069,2
440070133001070,2
440070133001071,2
440070133001072,2
440070133001073,2
440070133001074,2
440070133002000,2
440070133002001,2
440070133002002,2
440070133002003,2
440070133002004,2
440070133002005,2
440070133002006,2
440070133002007,2
440070133002008,2
440070133002009,2
440070133002010,2
440070133002011,2
440070133002012,2
440070133002013,2
440070133002014,2
440070133002015,2
440070133002016,2
440070133002017,2
440070133002018,2
440070133002019,2
440070133002020,2
440070133002021,2
440070133002022,2
440070133002023,2
440070133002024,2
440070133002025,2
440070133002026,2
440070133002027,2
440070133002028,2
440070133002029,2
440070133002030,2
440070133002031,2
440070133002032,2
440070133002033,2
440070133002034,2
440070133002035,2
440070133002036,2
440070133002037,2
440070133002038,2
440070133002039,2
440070133004000,2
440070133004001,2
440070133004002,2
440070133004003,2
440070133004004,2
440070133004005,2
440070133004006,2
440070133004007,2
440070133004008,2
440070133004009,2
440070133004010,2
440070133004011,2
440070133004012,2
440070133004013,2
440070133004014,2
440070133004015,2
440070133004016,2
440070133004017,2
440070133004018,2
440070133004019,2
440070133004020,2
440070133004021,2
440070133004022,2
440070133004023,2
440070133004024,2
440070133004025,2
440070133004026,2
440070133004027,2
440070133004028,2
440070133004029,2
440070133004030,2
440070133004031,2
440070133004032,2
440070133004033,2
440070133004034,2
440070133004035,2
440070133004036,2
440070133004037,2
440070133004038,2
440070133004039,2
440070133004040,2
440070133004041,2
440070133004042,2
440070133004043,2
440070133004044,2
440070133004045,2
440070133004046,2
440070133004047,2
440070133004048,2
440070133004049,2
440070133004050,2
440070133004051,2
440070134002000,2
440070134002001,2
440070134002002,2
440070134002003,2
440070134002004,2
440070134002005,2
440070134002006,2
440070134002007,2
440070134002008,2
440070134002009,2
440070134002010,2
440070134002011,2
440070134002012,2
440070134002013,2
440070134002014,2
440070134002015,2
440070134002016,2
440070122004000,2
440070122004001,2
440070122004002,2
440070122004003,2
440070122004004,2
440070122004005,2
440070122004006,2
440070122004007,2
440070122004008,2
440070122004009,2
440070122004010,2
440070122004011,2
440070122004012,2
440070122004013,2
440070122004014,2
440070122004015,2
440070122004016,2
440070122004017,2
440070122004018,2
440070122004019,2
440070122004020,2
440070122004021,2
440070122004022,2
440070122004023,2
440070122004024,2
440070122004025,2
440070122004026,2
440070122004027,2
440070122004028,2
440070122004029,2
440070122004030,2
440070122004031,2
440070122004032,2
440070122004033,2
440070122004034,2
440070122004035,2
440070122004036,2
440070122004037,2
440070122004038,2
440070122004039,2
440070122004040,2
440070122004041,2
440070122004042,2
440070122004043,2
440070122004044,2
440070122004045,2
440070122004046,2
440070122004047,2
440070122004048,2
440070122004049,2
440070122004050,2
440070122004051,2
440070122004052,2
440070122004053,2
440070122004054,2
440070122004055,2
440070122004056,2
440070122004057,2
440070122004058,2
440070122004059,2
440070122004060,2
440070122004061,2
440070122004062,2
440070122004063,2
440070122004064,2
440070122004065,2
440070122004066,2
440070122004067,2
440070122004068,2
440070122004069,2
440070122004070,2
440070134001000,2
440070134001001,2
440070134001002,2
440070134001003,2
440070134001004,2
440070134001005,2
440070134001006,2
440070134001007,2
440070134001008,2
440070134001009,2
440070134001010,2
440070134001011,2
440070133003000,2
440070133003001,2
440070133003002,2
440070133003003,2
440070133003004,2
440070133003005,2
440070133003006,2
440070133003007,2
440070133003008,2
440070133003009,2
440070133003010,2
440070133003011,2
440070133003012,2
440070133003013,2
440070133003014,2
440070133003015,2
440070133003016,2
440070133003017,2
440070133003018,2
440070133003019,2
440070133003020,2
440070133003021,2
440070133003022,2
440070133003023,2
440070133003024,2
440070133003025,2
440070133003026,2
440070133003027,2
440070133003028,2
440070132014000,2
440070132014001,2
440070132014002,2
440070132014003,2
440070132014004,2
440070132014005,2
440070132014006,2
440070132014007,2
440070132014008,2
440070132014009,2
440070132014010,2
440070132014011,2
440070132014012,2
440070132014013,2
440070132014014,2
440070132014015,2
440070132014016,2
440070132014017,2
440070132014018,2
440070132014019,2
440070132014020,2
440070132014021,2
440070132014022,2
440070132014023,2
440070132014024,2
440070132014025,2
440070132014026,2
440070132014027,2
440070132014028,2
440070132014029,2
440070132014030,2
440070132014031,2
440070132014032,2
440070132014033,2
440070132014034,2
440070132014035,2
440070132014036,2
440070132014037,2
440070132021000,2
440070132021001,2
440070132021002,2
440070132021003,2
440070132021004,2
440070132021005,2
440070132021006,2
440070132021007,2
440070132021008,2
440070132021009,2
440070132021010,2
440070132021011,2
440070132021012,2
440070132021013,2
440070132021014,2
440070132021015,2
440070132021016,2
440070132021017,2
440070132021018,2
440070132021019,2
440070132021020,2
440070132021021,2
440070132021022,2
440070132021023,2
440070132021024,2
440070132021025,2
440070132021026,2
440070132021027,2
440070132021028,2
440070132021029,2
440070132021030,2
440070132021031,2
440070132021032,2
440070132021033,2
440070132021034,2
440070132021035,2
440070132021036,2
440070132021037,2
440070132021038,2
440070132021039,2
440070132021040,2
440070132021041,2
440070132021042,2
440070132013000,2
440070132013001,2
440070132013002,2
440070132013003,2
440070132013004,2
440070132013005,2
440070132013006,2
440070132013007,2
440070132013008,2
440070132013009,2
440070132013010,2
440070132013011,2
440070132013012,2
440070132013013,2
440070132013014,2
440070132013015,2
440070132013016,2
440070132013017,2
440070132013018,2
440070132013019,2
440070132013020,2
440070132013021,2
440070132013022,2
440070132013023,2
440070132013024,2
440070132013025,2
440070132013026,2
440070132013027,2
440070132013028,2
440070132013029,2
440070132013030,2
440070132013031,2
440070132013032,2
440070132013033,2
440070132013034,2
440070132013035,2
440070132013036,2
440070132013037,2
440070132013038,2
440070132013039,2
440070132013040,2
440070132013041,2
440070132013042,2
440070132013043,2
440070132013044,2
440070132013045,2
440070132013046,2
440070132013047,2
440070132013048,2
440070132013049,2
440070132013050,2
440070132013051,2
440070132013052,2
440070132013053,2
440070132013054,2
440070132013055,2
440070132013056,2
440070132013057,2
440070132013058,2
440070132013059,2
440070132013060,2
440070132013061,2
440070132013062,2
440070132013063,2
440070132013064,2
440070132013065,2
440070132013066,2
440070132013067,2
440070132013068,2
440070132013069,2
440070132013070,2
440070132013071,2
440070132013072,2
440070132013073,2
440070132013074,2
440070132013075,2
440070132013076,2
440070132013077,2
440070132013078,2
440070132013079,2
440070132013080,2
440070132013081,2
440070132013082,2
440070132022000,2
440070132022001,2
440070132022002,2
440070132022003,2
440070132022004,2
440070132022005,2
440070132022006,2
440070132022007,2
440070132022008,2
440070132022009,2
440070132022010,2
440070132022011,2
440070132022012,2
440070132022013,2
440070132022014,2
440070132022015,2
440070132022016,2
440070132022017,2
440070132022018,2
440070132022019,2
440070132022020,2
440070132022021,2
440070132022022,2
440070132022023,2
440070132022024,2
440070132022025,2
440070132022026,2
440070132022027,2
440070132022028,2
440070132022029,2
440070132022030,2
440070132022031,2
440070132022032,2
440070132022033,2
440070132022034,2
440070132022035,2
440070132022036,2
440070132022037,2
440070132022038,2
440070123002000,2
440070123002001,2
440070123002002,2
440070123002003,2
440070123002004,2
440070123002005,2
440070123002006,2
440070123002007,2
440070123002008,2
440070123002009,2
440070123002010,2
440070123002011,2
440070123002012,2
440070123002013,2
440070123002014,2
440070123002015,2
440070123002016,2
440070123002017,2
440070123002018,2
440070123002019,2
440070123002020,2
440070123002021,2
440070123002022,2
440070123002023,2
440070123002024,2
440070123002025,2
440070123002026,2
440070123002027,2
440070123002028,2
440070123002029,2
440070123002030,2
440070123002031,2
440070123002032,2
440070123002033,2
440070123002034,2
440070123002035,2
440070123002036,2
440070123002037,2
440070123002038,2
440070123002039,2
440070123002040,2
440070123002041,2
440070123002042,2
440070123002043,2
440070123002044,2
440070123002045,2
440070123002046,2
440070123002047,2
440070123002048,2
440070123002049,2
440070123002050,2
440070123002051,2
440070123002052,2
440070123002053,2
440070123002054,2
440070123003000,2
440070123003001,2
440070123003002,2
440070123003003,2
440070123003004,2
440070123003005,2
440070123003006,2
440070123003007,2
440070123003008,2
440070123003009,2
440070123003010,2
440070123003011,2
440070123003012,2
440070123003013,2
440070123003014,2
440070123003015,2
440070123003016,2
440070123003017,2
440070123003018,2
440070123003019,2
440070123003020,2
440070123003021,2
440070123003022,2
440070123003023,2
440070123003024,2
440070123003025,2
440070123003026,2
440070123003027,2
440070123003028,2
440070123003029,2
440070123003030,2
440070123003031,2
440070123003032,2
440070123003033,2
440070123003034,2
440070123003035,2
440070123003036,2
440070124012000,2
440070124012001,2
440070124012002,2
440070124012003,2
440070124012004,2
440070124012005,2
440070124012006,2
440070124012007,2
440070124012008,2
440070124012009,2
440070124012010,2
440070124012011,2
440070124012012,2
440070124012013,2
440070124012014,2
440070124012015,2
440070124012016,2
440070124012017,2
440070124012018,2
440070124012019,2
440070124012020,2
440070124012021,2
440070124012022,2
440070124012023,2
440070124012024,2
440070124012025,2
440070124012026,2
440070124012027,2
440070124011000,2
440070124011001,2
440070124011002,2
440070124011003,2
440070124011004,2
440070124011005,2
440070124011006,2
440070124011007,2
440070124011008,2
440070124011009,2
440070124011010,2
440070124011011,2
440070124011012,2
440070124011013,2
440070124011014,2
440070124011015,2
440070124011016,2
440070124011017,2
440070124011018,2
440070124011019,2
440070124011020,2
440070124011021,2
440070123001000,2
440070123001001,2
440070123001002,2
440070123001003,2
440070123001004,2
440070123001005,2
440070123001006,2
440070123001007,2
440070123001008,2
440070123001009,2
440070123001010,2
440070123001011,2
440070123001012,2
440070123001013,2
440070123001014,2
440070123001015,2
440070123001016,2
440070123001017,2
440070123001018,2
440070123001019,2
440070123001020,2
440070123001021,2
440070123001022,2
440070123001023,2
440070123001024,2
440070123001025,2
440070123001026,2
440070123001027,2
440070123001028,2
440070123001029,2
440070123001030,2
440070123001031,2
440070123001032,2
440070123001033,2
440070123001034,2
440070123001035,2
440070123001036,2
440070123001037,2
440070123001038,2
440070123001039,2
440070123001040,2
440070123001041,2
440070123001042,2
440070123001043,2
440070123001044,2
440070123001045,2
440070124013000,2
440070124013001,2
440070124013002,2
440070124013003,2
440070124013004,2
440070124013005,2
440070124013006,2
440070124013007,2
440070124013008,2
440070124013009,2
440070124013010,2
440070124013011,2
440070124013012,2
440070124013013,2
440070124013014,2
440070124013015,2
440070124013016,2
440070124013017,2
440070124022000,2
440070124022001,2
440070124022002,2
440070124022003,2
440070124022004,2
440070124022005,2
440070124022006,2
440070124022007,2
440070124022008,2
440070124022009,2
440070124022010,2
440070124022011,2
440070124022012,2
440070124022013,2
440070124022014,2
440070124022015,2
440070124022016,2
440070124022017,2
440070124022018,2
440070124022019,2
440070124022020,2
440070124022021,2
440070124022022,2
440070124022023,2
440070124022024,2
440070124022025,2
440070124022026,2
440070124022027,2
440070125001000,2
440070125001001,2
440070125001002,2
440070125001003,2
440070125001004,2
440070125001005,2
440070125001006,2
440070125001007,2
440070125001008,2
440070125001009,2
440070125001010,2
440070125001011,2
440070125001012,2
440070125001013,2
440070125001014,2
440070125001015,2
440070125001016,2
440070125001017,2
440070125001018,2
440070125001019,2
440070125001020,2
440070125001021,2
440070125001022,2
440070125001023,2
440070125001024,2
440070125001025,2
440070125001026,2
440070125001027,2
440070125001028,2
440070125001029,2
440070125001030,2
440070124021000,2
440070124021001,2
440070124021002,2
440070124021003,2
440070124021004,2
440070124021005,2
440070124021006,2
440070124021007,2
440070124021008,2
440070124021009,2
440070124021010,2
440070124021011,2
440070124021012,2
440070124021013,2
440070124021014,2
440070124021015,2
440070124021016,2
440070124021017,2
440070124021018,2
440070124021019,2
440070124021020,2
440070124021021,2
440070124021022,2
440070124021023,2
440070124021024,2
440070124021025,2
440070124021026,2
440070124021027,2
440070124021028,2
440070124021029,2
440070124021030,2
440070124021031,2
440070124021032,2
440070124021033,2
440070124021034,2
440070124021035,2
440070124021036,2
440070124021037,2
440070124021038,2
440070124021039,2
440070125003000,2
440070125003001,2
440070125003002,2
440070125003003,2
440070125003004,2
440070125003005,2
440070125003006,2
440070125003007,2
440070125003008,2
440070125003009,2
440070125003010,2
440070125003011,2
440070125003012,2
440070125003013,2
440070125003014,2
440070125003015,2
440070125003016,2
440070125003017,2
440070125003018,2
440070125003019,2
440070125003020,2
440070125003021,2
440070125003022,2
440070125003023,2
440070125003024,2
440070125003025,2
440070125002000,2
440070125002001,2
440070125002002,2
440070125002003,2
440070125002004,2
440070125002005,2
440070125002006,2
440070125002007,2
440070125002008,2
440070125002009,2
440070125002010,2
440070125002011,2
440070125002012,2
440070125002013,2
440070125002014,2
440070125002015,2
440070125002016,2
440070125002017,2
440070125002018,2
440070125002019,2
440070125002020,2
440070125002021,2
440070125002022,2
440070125002023,2
440070125002024,2
440070125002025,2
440070125002026,2
440070125002027,2
440070125002028,2
440070143002000,2
440070143002001,2
440070143002002,2
440070143002003,2
440070143002004,2
440070143002005,2
440070143002006,2
440070143002007,2
440070143002008,2
440070143002009,2
440070143002010,2
440070143002011,2
440070143002012,2
440070143002013,2
440070143002014,2
440070143002015,2
440070143002016,2
440070143002017,2
440070143002018,2
440070143002019,2
440070143002020,2
440070143002021,2
440070143002022,2
440070143002023,2
440070143002024,2
440070143002025,2
440070143002026,2
440070143002027,2
440070143002028,2
440070143002029,2
440070143002030,2
440070143002031,2
440070143002032,2
440070143002033,2
440070143002034,2
440070143002035,2
440070143002036,2
440070143002037,2
440070143002038,2
440070143002039,2
440070143002040,2
440070143002041,2
440070143002042,2
440070143002043,2
440070143002044,2
440070143002045,2
440070143002046,2
440070143002047,2
440070143002048,2
440070143002049,2
440070143002050,2
440070143002051,2
440070143002052,2
440070143002053,2
440070143002054,2
440070124014000,2
440070124014001,2
440070124014002,2
440070124014003,2
440070124014004,2
440070124014005,2
440070124014006,2
440070124014007,2
440070124014008,2
440070124014009,2
440070124014010,2
440070124014011,2
440070124014012,2
440070124014013,2
440070124014014,2
440070124014015,2
440070124014016,2
440070124014017,2
440070124014018,2
440070124014019,2
440070124014020,2
440070124014021,2
440070124014022,2
440070124014023,2
440070124014024,2
440070124014025,2
440070124014026,2
440070124015000,2
440070124015001,2
440070124015002,2
440070124015003,2
440070124015004,2
440070124015005,2
440070124015006,2
440070124015007,2
440070124015008,2
440070124015009,2
440070124015010,2
440070124015011,2
440070124015012,2
440070124015013,2
440070124015014,2
440070124015015,2
440070124015016,2
440070124015017,2
440070124015018,2
440070124015019,2
440070124015020,2
440070124015021,2
440070122003000,2
440070122003001,2
440070122003002,2
440070122003003,2
440070122003004,2
440070122003005,2
440070122003006,2
440070122003007,2
440070122003008,2
440070122003009,2
440070122003010,2
440070122003011,2
440070122003012,2
440070122003013,2
440070122003014,2
440070122003015,2
440070122003016,2
440070122003017,2
440070122003018,2
440070122003019,2
440070122003020,2
440070122003021,2
440070122003022,2
440070122003023,2
440070122003024,2
440070122003025,2
440070122003026,2
440070122003027,2
440070122003028,2
440070122003029,2
440070122003030,2
440070122003031,2
440070122003032,2
440070122003033,2
440070122003034,2
440070122003035,2
440070122003036,2
440070122003037,2
440070122003038,2
440070122003039,2
440070122003040,2
440070122003041,2
440070122003042,2
440070122003043,2
440070122003044,2
440070122003045,2
440070122003046,2
440070122003047,2
440070124016000,2
440070124016001,2
440070124016002,2
440070124016003,2
440070124016004,2
440070124016005,2
440070124016006,2
440070124016007,2
440070124016008,2
440070124016009,2
440070124016010,2
440070124016011,2
440070124016012,2
440070124016013,2
440070124016014,2
440070124016015,2
440070124016016,2
440070124016017,2
440070124016018,2
440070124016019,2
440070124016020,2
440070124016021,2
440070124016022,2
440070124016023,2
440070124016024,2
440070124016025,2
440070124016026,2
440070124016027,2
440070124016028,2
440070124016029,2
440070124016030,2
440070124016031,2
440070124016032,2
440070124016033,2
440070130013000,2
440070130013001,2
440070130013002,2
440070130013003,2
440070130013004,2
440070130013005,2
440070130013006,2
440070130013007,2
440070130013008,2
440070130013009,2
440070130013010,2
440070130013011,2
440070130013012,2
440070130013013,2
440070130013014,2
440070130013015,2
440070130013016,2
440070130013017,2
440070130013018,2
440070130013019,2
440070130013020,2
440070130013021,2
440070130013022,2
440070130013023,2
440070130013024,2
440070130013025,2
440070130013026,2
440070130013027,2
440070130013028,2
440070130013029,2
440070130013030,2
440070130013031,2
440070130013032,2
440070130013033,2
440070130013034,2
440070130013035,2
440070130013036,2
440070130013037,2
440070130013038,2
440070130013039,2
440070130013040,2
440070130013041,2
440070130013042,2
440070130013043,2
440070130013044,2
440070130012000,2
440070130012001,2
440070130012002,2
440070130012003,2
440070130012004,2
440070130012005,2
440070130012006,2
440070130012007,2
440070130012008,2
440070130012009,2
440070130012010,2
440070130012011,2
440070130012012,2
440070130012013,2
440070130012014,2
440070130012015,2
440070130012016,2
440070130012017,2
440070130012018,2
440070130012019,2
440070130012020,2
440070130012021,2
440070130012022,2
440070130012023,2
440070130012024,2
440070130012025,2
440070130012026,2
440070130012027,2
440070130012028,2
440070130012029,2
440070130012030,2
440070130012031,2
440070130012032,2
440070130012033,2
440070130012034,2
440070130012035,2
440070130012036,2
440070130012037,2
440070130012038,2
440070130012039,2
440070130012040,2
440070130012041,2
440070130021000,2
440070130021001,2
440070130021002,2
440070130021003,2
440070130021004,2
440070130021005,2
440070130021006,2
440070130021007,2
440070130021008,2
440070130021009,2
440070130021010,2
440070130021011,2
440070130021012,2
440070130021013,2
440070130021014,2
440070130021015,2
440070130021016,2
440070130021017,2
440070130021018,2
440070130021019,2
440070130021020,2
440070130021021,2
440070130021022,2
440070130021023,2
440070130021024,2
440070130021025,2
440070130021026,2
440070130021027,2
440070130021028,2
440070130021029,2
440070130021030,2
440070130021031,2
440070130021032,2
440070130021033,2
440070130021034,2
440070130021035,2
440070130021036,2
440070130021037,2
440070130021038,2
440070130021039,2
440070130021040,2
440070130021041,2
440070130021042,2
440070130021043,2
440070130021044,2
440070130021045,2
440070130021046,2
440070130021047,2
440070130021048,2
440070130021049,2
440070130021050,2
440070130021051,2
440070130021052,2
440070130021053,2
440070130021054,2
440070130021055,2
440070130021056,2
440070130021057,2
440070130021058,2
440070130021059,2
440070130021060,2
440070130021061,2
440070130021062,2
440070130021063,2
440070130021064,2
440070130021065,2
440070130021066,2
440070130021067,2
440070130021068,2
440070130021069,2
440070130021070,2
440070130021071,2
440070130021072,2
440070130021073,2
440070130021074,2
440070130021075,2
440070130021076,2
440070130021077,2
440070130021078,2
440070130021079,2
440070130021080,2
440070130021081,2
440070130021082,2
440070130021083,2
440070130021084,2
440070130021085,2
440070130021086,2
440070130021087,2
440070130021088,2
440070130021089,2
440070130021090,2
440070130021091,2
440070130021092,2
440070130021093,2
440070130021094,2
440070130021095,2
440070130021096,2
440070130021097,2
440070130021098,2
440070130021099,2
440070130021100,2
440070130021101,2
440070130021102,2
440070130021103,2
440070130021104,2
440070130021105,2
440070130021106,2
440070130021107,2
440070130021108,2
440070130021109,2
440070130021110,2
440070130021111,2
440070130021112,2
440070130021113,2
440070130011000,2
440070130011001,2
440070130011002,2
440070130011003,2
440070130011004,2
440070130011005,2
440070130011006,2
440070130011007,2
440070130011008,2
440070130011009,2
440070130011010,2
440070130011011,2
440070130011012,2
440070130011013,2
440070130011014,2
440070130011015,2
440070130011016,2
440070130011017,2
440070130011018,2
440070130011019,2
440070130011020,2
440070130011021,2
440070130011022,2
440070130011023,2
440070130011024,2
440070130011025,2
440070130011026,2
440070130011027,2
440070130011028,2
440070130011029,2
440070130011030,2
440070130011031,2
440070130011032,2
440070130011033,2
440070130011034,2
440070130011035,2
440070130011036,2
440070130011037,2
440070130011038,2
440070130011039,2
440070130011040,2
440070130011041,2
440070130011042,2
440070130011043,2
440070130011044,2
440070130011045,2
440070130011046,2
440070130011047,2
440070130011048,2
440070130011049,2
440070130011050,2
440070130011051,2
440070130011052,2
440070130011053,2
440070130011054,2
440070130011055,2
440070130011056,2
440070130011057,2
440070130011058,2
440070122002000,2
440070122002001,2
440070122002002,2
440070122002003,2
440070122002004,2
440070122002005,2
440070122002006,2
440070122002007,2
440070122002008,2
440070122002009,2
440070122002010,2
440070122002011,2
440070122002012,2
440070122002013,2
440070122002014,2
440070122002015,2
440070122002016,2
440070122002017,2
440070122002018,2
440070122002019,2
440070122002020,2
440070122002021,2
440070122002022,2
440070122002023,2
440070122002024,2
440070122002025,2
440070122002026,2
440070122002027,2
440070122002028,2
440070122002029,2
440070122002030,2
440070122002031,2
440070122002032,2
440070122002033,2
440070122002034,2
440070122002035,2
440070122002036,2
440070122002037,2
440070122002038,2
440070122002039,2
440070122002040,2
440070122002041,2
440070122002042,2
440070122002043,2
440070122002044,2
440070122002045,2
440070122002046,2
440070122002047,2
440070122002048,2
440070122002049,2
440070122002050,2
440070122002051,2
440070122001000,2
440070122001001,2
440070122001002,2
440070122001003,2
440070122001004,2
440070122001005,2
440070122001006,2
440070122001007,2
440070122001008,2
440070122001009,2
440070122001010,2
440070122001011,2
440070122001012,2
440070122001013,2
440070122001014,2
440070122001015,2
440070122001016,2
440070122001017,2
440070122001018,2
440070122001019,2
440070122001020,2
440070122001021,2
440070122001022,2
440070122001023,2
440070122001024,2
440070122001025,2
440070122001026,2
440070122001027,2
440070122001028,2
440070122001029,2
440070122001030,2
440070122001031,2
440070122001032,2
440070129004000,2
440070129004001,2
440070129004002,2
440070129004003,2
440070129004004,2
440070129004005,2
440070129004006,2
440070129004007,2
440070129004008,2
440070129004009,2
440070129004010,2
440070129004011,2
440070129004012,2
440070129004013,2
440070129004014,2
440070129004015,2
440070129004016,2
440070129004017,2
440070129004018,2
440070129004019,2
440070129004020,2
440070129003000,2
440070129003001,2
440070129003002,2
440070129003003,2
440070129003004,2
440070129003005,2
440070129003006,2
440070129003007,2
440070129003008,2
440070129003009,2
440070129003010,2
440070129003011,2
440070129003012,2
440070129003013,2
440070129003014,2
440070129003015,2
440070129003016,2
440070129003017,2
440070129003018,2
440070129003019,2
440070129003020,2
440070129003021,2
440070129002000,2
440070129002001,2
440070129002002,2
440070129002003,2
440070129002004,2
440070129002005,2
440070129002006,2
440070129002007,2
440070129002008,2
440070129002009,2
440070129002010,2
440070129002011,2
440070129002012,2
440070129002013,2
440070129002014,2
440070129002015,2
440070129002016,2
440070129002017,2
440070129002018,2
440070129002019,2
440070129002020,2
440070129002021,2
440070129002022,2
440070129002023,2
440070129002024,2
440070129002025,2
440070129002026,2
440070129002027,2
440070129002028,2
440070129002029,2
440070129002030,2
440070129002031,2
440070129002032,2
440070129001000,2
440070129001001,2
440070129001002,2
440070129001003,2
440070129001004,2
440070129001005,2
440070129001006,2
440070129001007,2
440070129001008,2
440070129001009,2
440070129001010,2
440070129001011,2
440070129001012,2
440070129001013,2
440070129001014,2
440070129001015,2
440070129001016,2
440070129001017,2
440070129001018,2
440070129001019,2
440070129001020,2
440070129001021,2
440070129001022,2
440070129001023,2
440070129001024,2
440070129001025,2
440070129001026,2
440070129001027,2
440070129001028,2
440090501022000,2
440090501022001,2
440090501022002,2
440090501022003,2
440090501022004,2
440090501022005,2
440090501022006,2
440090501022007,2
440090501022008,2
440090501022009,2
440090501022010,2
440090501022011,2
440090501022012,2
440090501022013,2
440090501022014,2
440090501022015,2
440090501022016,2
440090501022017,2
440090501022018,2
440090501022019,2
440090501022020,2
440090501022021,2
440090501022022,2
440090501022023,2
440090501022024,2
440090501021000,2
440090501021001,2
440090501021002,2
440090501021003,2
440090501021004,2
440090501021005,2
440090501021006,2
440090501021007,2
440090501021008,2
440090501021009,2
440090501021010,2
440090501021011,2
440090501021012,2
440090501021013,2
440090501021014,2
440090501021015,2
440090501021016,2
440090501021017,2
440090501021018,2
440090501021019,2
440090501021020,2
440090501021021,2
440090501021022,2
440090501021023,2
440090501021024,2
440090501021025,2
440090501021026,2
440090501021027,2
440090501021028,2
440090501021029,2
440090501021030,2
440090501021031,2
440090501021032,2
440090501021033,2
440090501021034,2
440090501032000,2
440090501032001,2
440090501032002,2
440090501032003,2
440090501032004,2
440090501032005,2
440090501032006,2
440090501032007,2
440090501032008,2
440090501032009,2
440090501032010,2
440090501032011,2
440090501032012,2
440090501032013,2
440090501032014,2
440090501032015,2
440090501032016,2
440090501032017,2
440090501032018,2
440090501032019,2
440090501032020,2
440090501032021,2
440090501032022,2
440090501032023,2
440090501032024,2
440090501032025,2
440090501032026,2
440090501032027,2
440090501032028,2
440090501032029,2
440090501032030,2
440090501032031,2
440090501032032,2
440090501032033,2
440090501032034,2
440090501032035,2
440090501032036,2
440090501032037,2
440090501032038,2
440090501032039,2
440090501032040,2
440090501032041,2
440090501032042,2
440090501032043,2
440090501032044,2
440090501032045,2
440090501032046,2
440090501032047,2
440090501032048,2
440090501032049,2
440090501032050,2
440090501032051,2
440090501032052,2
440090501032053,2
440090501032054,2
440090501032055,2
440090501032056,2
440090501032057,2
440090501032058,2
440090501032059,2
440090501032060,2
440090501032061,2
440090501032062,2
440090501032063,2
440090501032064,2
440090501032065,2
440090501032066,2
440090501032067,2
440090501032068,2
440090501032069,2
440090501032070,2
440090501032071,2
440090501032072,2
440090501032073,2
440090501032074,2
440090501032075,2
440090501032076,2
440090501032077,2
440090501032078,2
440090501032079,2
440090501032080,2
440090501032081,2
440090501032082,2
440090501032083,2
440090501032084,2
440090501032085,2
440090501032086,2
440090501032087,2
440090501032088,2
440090501032089,2
440090501032090,2
440090501032091,2
440090501032092,2
440090501032093,2
440090501032094,2
440090501032095,2
440090501032096,2
440090501032097,2
440090501032098,2
440090501032099,2
440090501032100,2
440090501032101,2
440090501032102,2
440090501032103,2
440090501032104,2
440090501032105,2
440090501032106,2
440090501032107,2
440090501032108,2
440090501032109,2
440090501032110,2
440090501032111,2
440090501032112,2
440090501032113,2
440090501032114,2
440090501032115,2
440090501032116,2
440090501032117,2
440090501032118,2
440090501032119,2
440090501032120,2
440090501032121,2
440090501032122,2
440090501032123,2
440090501032124,2
440090501032125,2
440090501032126,2
440090501032127,2
440090501032128,2
440090501032129,2
440090501032130,2
440090501032131,2
440090501032132,2
440090501032133,2
440090501032134,2
440090501032135,2
440090501032136,2
440090501032137,2
440090501032138,2
440090501032139,2
440090501032140,2
440090501032141,2
440090501032142,2
440090501032143,2
440090501032144,2
440090501032145,2
440090501032146,2
440090501032147,2
440090501032148,2
440090501032149,2
440090501032150,2
440090501032151,2
440090501032152,2
440090501032153,2
440090501032154,2
440090501032155,2
440090501032156,2
440090501032157,2
440090501032158,2
440090501032159,2
440090501032160,2
440090501032161,2
440090501032162,2
440090501032163,2
440090501032164,2
440090501032165,2
440090501032166,2
440090501032167,2
440090501032168,2
440090501032169,2
440090501032170,2
440090501032171,2
440090501032172,2
440090501032173,2
440090501032174,2
440090501032175,2
440090501032176,2
440090501032177,2
440090501032178,2
440090501032179,2
440090501032180,2
440090501032181,2
440090501032182,2
440090501032183,2
440090501032184,2
440090501032185,2
440090501032186,2
440090501032187,2
440090501032188,2
440090501032189,2
440090501032190,2
440090501032191,2
440090501032192,2
440090501032193,2
440090501032194,2
440090501032195,2
440090501032196,2
440090501032197,2
440090501032198,2
440090501032199,2
440090501032200,2
440090501032201,2
440090501032202,2
440090501032203,2
440090501032204,2
440090501032205,2
440090501032206,2
440090501032207,2
440090501032208,2
440090501032209,2
440090501032210,2
440090501032211,2
440090501032212,2
440090501032213,2
440090501032214,2
440090501032215,2
440090501032216,2
440090501032217,2
440090501032218,2
440090501032219,2
440090501032220,2
440090501032221,2
440090501032222,2
440090501032223,2
440090501032224,2
440090501032225,2
440090501032226,2
440090501032227,2
440090501032228,2
440090501032229,2
440090501032230,2
440090501032231,2
440090501032232,2
440090501032233,2
440090501031000,2
440090501031001,2
440090501031002,2
440090501031003,2
440090501031004,2
440090501031005,2
440090501031006,2
440090501031007,2
440090501031008,2
440090501031009,2
440090501031010,2
440090501031011,2
440090501031012,2
440090501031013,2
440090501031014,2
440090501031015,2
440090501031016,2
440090501031017,2
440090501031018,2
440090501031019,2
440090501031020,2
440090501031021,2
440090501031022,2
440090501031023,2
440090501031024,2
440090501031025,2
440090501031026,2
440090501031027,2
440090501031028,2
440090501031029,2
440090501031030,2
440090501031031,2
440090501031032,2
440090501031033,2
440090415001000,2
440090415001001,2
440090415001002,2
440090415001003,2
440090415001004,2
440090415001005,2
440090415001006,2
440090415001007,2
440090415001008,2
440090415001009,2
440090415001010,2
440090415001011,2
440090415001012,2
440090415001013,2
440090415001014,2
440090415001015,2
440090415001016,2
440090415001017,2
440090415001018,2
440090415001019,2
440090415001020,2
440090415001021,2
440090415001022,2
440090415001023,2
440090415001024,2
440090415001025,2
440090415001026,2
440090415001027,2
440090415001028,2
440090415001029,2
440090415001030,2
440090415001031,2
440090415001032,2
440090415001033,2
440090415001034,2
440090415001035,2
440090415001036,2
440090415001037,2
440090415001038,2
440090415001039,2
440090415001040,2
440090415001041,2
440090415001042,2
440090415001043,2
440090415001044,2
440090415001045,2
440090415001046,2
440090415001047,2
440090415001048,2
440090415001049,2
440090415001050,2
440090415001051,2
440090415001052,2
440090415001053,2
440090415001054,2
440090415001055,2
440090415001056,2
440090415001057,2
440090415001058,2
440090415001059,2
440090415001060,2
440090415001061,2
440090415001062,2
440090415001063,2
440090415001064,2
440090415001065,2
440090415001066,2
440090415001067,2
440090415001068,2
440090415001069,2
440090415001070,2
440090415001071,2
440090415001072,2
440090415001073,2
440090415001074,2
440090415001075,2
440090415001076,2
440090415001077,2
440090415001078,2
440090415001079,2
440090415001080,2
440090415001081,2
440090415001082,2
440090415001083,2
440090415002000,2
440090415002001,2
440090415002002,2
440090415002003,2
440090415002004,2
440090415002005,2
440090415002006,2
440090415002007,2
440090415002008,2
440090415002009,2
440090415002010,2
440090415002011,2
440090415002012,2
440090415002013,2
440070147002000,2
440070147002001,2
440070147002002,2
440070147002003,2
440070147002004,2
440070147002005,2
440070147002006,2
440070147002007,2
440070147002008,2
440070147002009,2
440070147002010,2
440070147002011,2
440070147002012,2
440070147002013,2
440070147002014,2
440070147002015,2
440070147002016,2
440070147002017,2
440070147002018,2
440070147002019,2
440070147002020,2
440070147002021,2
440070147002022,2
440070147002023,2
440070147002024,2
440070147002025,2
440070147002026,2
440070147002027,2
440070147002028,2
440070147002029,2
440070147004000,2
440070147004001,2
440070147004002,2
440070147004003,2
440070147004004,2
440070147004005,2
440070147004006,2
440070147004007,2
440070147004008,2
440070147004009,2
440070147004010,2
440070147004011,2
440070147004012,2
440070147004013,2
440070147004014,2
440070147004015,2
440070147004016,2
440070147004017,2
440070147004018,2
440070147004019,2
440070147004020,2
440070147004021,2
440070147001000,2
440070147001001,2
440070147001002,2
440070147001003,2
440070147001004,2
440070147001005,2
440070147001006,2
440070147001007,2
440070147001008,2
440070147001009,2
440070147001010,2
440070147001011,2
440070147001012,2
440070147001013,2
440070147001014,2
440070147001015,2
440070147001016,2
440070147001017,2
440070147001018,2
440070147001019,2
440070147001020,2
440070147001021,2
440070147001022,2
440070147001023,2
440070147001024,2
440070147003000,2
440070147003001,2
440070147003002,2
440070147003003,2
440070147003004,2
440070147003005,2
440070147003006,2
440070147003007,2
440070147003008,2
440070147003009,2
440070147003010,2
440070147003011,2
440070147003012,2
440070147003013,2
440070147003014,2
440070147003015,2
440070147003016,2
440070147003017,2
440070147003018,2
440070147003019,2
440070147003020,2
440070147003021,2
440070146002000,2
440070146002001,2
440070146002002,2
440070146002003,2
440070146002004,2
440070146002005,2
440070146002006,2
440070146002007,2
440070146002008,2
440070146002009,2
440070146002010,2
440070146002011,2
440070146002012,2
440070146002013,2
440070146002014,2
440070146002015,2
440070146002016,2
440070146002017,2
440070146002018,2
440070146002019,2
440070146002020,2
440070146002021,2
440070146002022,2
440070146002023,2
440070146002024,2
440070146002025,2
440070146002026,2
440070146002027,2
440070146002028,2
440070146002029,2
440070146002030,2
440070146002031,2
440070146002032,2
440070146002033,2
440070146002034,2
440070146002035,2
440070146002036,2
440070146002037,2
440070146002038,2
440070146002039,2
440070146002040,2
440070146002041,2
440070146002042,2
440070146002043,2
440070146002044,2
440070146002045,2
440070146002046,2
440070146002047,2
440070146002048,2
440070146002049,2
440070146002050,2
440070146002051,2
440070146002052,2
440070146002053,2
440070146002054,2
440070146002055,2
440070146002056,2
440070146002057,2
440070146002058,2
440070146002059,2
440070146002060,2
440070146002061,2
440070146002062,2
440070146002063,2
440070146002064,2
440070146002065,2
440070146002066,2
440070146002067,2
440070146002068,2
440070146002069,2
440070146002070,2
440070146002071,2
440070146002072,2
440070146002073,2
440070146003000,2
440070146003001,2
440070146003002,2
440070146003003,2
440070146003004,2
440070146003005,2
440070146003006,2
440070146003007,2
440070146003008,2
440070146003009,2
440070146003010,2
440070146003011,2
440070146003012,2
440070146003013,2
440070146003014,2
440070146003015,2
440070146003016,2
440070146003017,2
440070146003018,2
440070146003019,2
440070146003020,2
440070146003021,2
440070146003022,2
440070146003023,2
440070146003024,2
440070146003025,2
440070146003026,2
440070146003027,2
440070146003028,2
440070146003029,2
440070148002000,2
440070148002001,2
440070148002002,2
440070148002003,2
440070148002004,2
440070148002005,2
440070148002006,2
440070148002007,2
440070148002008,2
440070148002009,2
440070148002010,2
440070148002011,2
440070148002012,2
440070148002013,2
440070148002014,2
440070148002015,2
440070148002016,2
440070148002017,2
440070148002018,2
440070148002019,2
440070148002020,2
440070148002021,2
440070148002022,2
440070148002023,2
440070148002024,2
440070148002025,2
440070148002026,2
440070148002027,2
440070148002028,2
440070148002029,2
440070148002030,2
440070148002031,2
440070148002032,2
440070148002033,2
440070148002034,2
440070148002035,2
440070148002036,2
440070148003000,2
440070148003001,2
440070148003002,2
440070148003003,2
440070148003004,2
440070148003005,2
440070148003006,2
440070148003007,2
440070148003008,2
440070148003009,2
440070148003010,2
440070148003011,2
440070148003012,2
440070148003013,2
440070148003014,2
440070148003015,2
440070148003016,2
440070148003017,2
440070148003018,2
440070148003019,2
440070148003020,2
440070148003021,2
440070148003022,2
440070148003023,2
440070148003024,2
440070148003025,2
440070148003026,2
440070148003027,2
440070148003028,2
440070148003029,2
440070148003030,2
440070148003031,2
440070148003032,2
440070148003033,2
440070148003034,2
440070148003035,2
440070148003036,2
440070148001000,2
440070148001001,2
440070148001002,2
440070148001003,2
440070148001004,2
440070148001005,2
440070148001006,2
440070148001007,2
440070148001008,2
440070148001009,2
440070148001010,2
440070148001011,2
440070148001012,2
440070148001013,2
440070148001014,2
440070148001015,2
440070148001016,2
440070148001017,2
440070148001018,2
440070148001019,2
440070148001020,2
440070148001021,2
440070148001022,2
440070148001023,2
440070148001024,2
440070148001025,2
440070148001026,2
440070148001027,2
440070148001028,2
440070148001029,2
440070148001030,2
440070148001031,2
440070148001032,2
440070148001033,2
440070148001034,2
440070148001035,2
440070148001036,2
440070148001037,2
440070148001038,2
440070148001039,2
440070148001040,2
440070148001041,2
440070148001042,2
440070148001043,2
440070148001044,2
440070148001045,2
440070148001046,2
440070148001047,2
440070148001048,2
440070148001049,2
440070148001050,2
440070148001051,2
440070148001052,2
440070148001053,2
440070148001054,2
440070148001055,2
440070147006000,2
440070147006001,2
440070147006002,2
440070147006003,2
440070147006004,2
440070147006005,2
440070147006006,2
440070147006007,2
440070147006008,2
440070147006009,2
440070147006010,2
440070147006011,2
440070147006012,2
440070147006013,2
440070147006014,2
440070147006015,2
440070147006016,2
440070147006017,2
440070147006018,2
440070147006019,2
440070147006020,2
440070147006021,2
440070147006022,2
440070147005000,2
440070147005001,2
440070147005002,2
440070147005003,2
440070147005004,2
440070147005005,2
440070147005006,2
440070147005007,2
440070147005008,2
440070147005009,2
440070147005010,2
440070147005011,2
440070147005012,2
440090504022000,2
440090504022001,2
440090504022002,2
440090504022003,2
440090504022004,2
440090504022005,2
440090504022006,2
440090504022007,2
440090504022008,2
440090504022009,2
440090504022010,2
440090504022011,2
440090504022012,2
440090504022013,2
440090504022014,2
440090504022015,2
440090504022016,2
440090504022017,2
440090504022018,2
440090504022019,2
440090504022020,2
440090504022021,2
440090504022022,2
440090504022023,2
440090504022024,2
440090504022025,2
440090504022026,2
440090504022027,2
440090504022028,2
440090504022029,2
440090504022030,2
440090504022031,2
440090504022032,2
440090504022033,2
440090504022034,2
440090504022035,2
440090504022036,2
440090504022037,2
440090504022038,2
440090504022039,2
440090504022040,2
440090504022041,2
440090504022042,2
440090504022043,2
440090504022044,2
440090504022045,2
440090504022046,2
440090504022047,2
440090504022048,2
440090504022049,2
440090504022050,2
440090504022051,2
440090504022052,2
440090504021000,2
440090504021001,2
440090504021002,2
440090504021003,2
440090504021004,2
440090504021005,2
440090504021006,2
440090504021007,2
440090504021008,2
440090504021009,2
440090504021010,2
440090504021011,2
440090504021012,2
440090504021013,2
440090504021014,2
440090504021015,2
440090504021016,2
440090504021017,2
440090504021018,2
440090504021019,2
440090504021020,2
440090504023000,2
440090504023001,2
440090504023002,2
440090504023003,2
440090504023004,2
440090504023005,2
440090504023006,2
440090504023007,2
440090504023008,2
440090504023009,2
440090504023010,2
440090504023011,2
440090504023012,2
440090504023013,2
440090504023014,2
440090504023015,2
440090504023016,2
440090504023017,2
440090504023018,2
440090504023019,2
440090504023020,2
440090504023021,2
440090504023022,2
440090504023023,2
440090504023024,2
440090504023025,2
440090504023026,2
440090504023027,2
440090504023028,2
440090504023029,2
440090504023030,2
440090504023031,2
440090504023032,2
440090504023033,2
440090504023034,2
440090504023035,2
440090504023036,2
440090504023037,2
440090504023038,2
440090504023039,2
440090504023040,2
440090504023041,2
440090504023042,2
440090504023043,2
440090504023044,2
440090504023045,2
440090504023046,2
440090504023047,2
440090504023048,2
440090504023049,2
440090504023050,2
440090504023051,2
440090504023052,2
440090504023053,2
440090504023054,2
440090504023055,2
440090504023056,2
440090504023057,2
440090504023058,2
440090504023059,2
440090504023060,2
440090504023061,2
440090504023062,2
440090504023063,2
440090504023064,2
440090504012000,2
440090504012001,2
440090504012002,2
440090504012003,2
440090504012004,2
440090504012005,2
440090504012006,2
440090504012007,2
440090504012008,2
440090504012009,2
440090504012010,2
440090504012011,2
440090504012012,2
440090504012013,2
440090504012014,2
440090504012015,2
440090504012016,2
440090504012017,2
440090504012018,2
440090504012019,2
440090504012020,2
440090504012021,2
440090504012022,2
440090504012023,2
440090504012024,2
440090504012025,2
440090504012026,2
440090504012027,2
440090504012028,2
440090504012029,2
440090504012030,2
440090504012031,2
440090504012032,2
440090504012033,2
440090504012034,2
440090504012035,2
440090504012036,2
440090504012037,2
440090504012038,2
440090504012039,2
440090504012040,2
440090504012041,2
440090504012042,2
440090504012043,2
440090504012044,2
440090504012045,2
440090504012046,2
440090504012047,2
440090504012048,2
440090504012049,2
440090504012050,2
440090504011000,2
440090504011001,2
440090504011002,2
440090504011003,2
440090504011004,2
440090504011005,2
440090504011006,2
440090504011007,2
440090504011008,2
440090504011009,2
440090504011010,2
440090504011011,2
440090504011012,2
440090504011013,2
440090504011014,2
440090504011015,2
440090504011016,2
440090504011017,2
440090504011018,2
440090504011019,2
440090504011020,2
440090504011021,2
440090504011022,2
440090504011023,2
440090504011024,2
440090504011025,2
440090504011026,2
440090504011027,2
440090504011028,2
440090503023000,2
440090503023001,2
440090503023002,2
440090503023003,2
440090503023004,2
440090503023005,2
440090503023006,2
440090503023007,2
440090503023008,2
440090503023009,2
440090503023010,2
440090503023011,2
440090503023012,2
440090503023013,2
440090503023014,2
440090503023015,2
440090503023016,2
440090503023017,2
440090503023018,2
440090503023019,2
440090503023020,2
440090503023021,2
440090503023022,2
440090503023023,2
440090503023024,2
440090503023025,2
440090503023026,2
440090503023027,2
440090503023028,2
440090503023029,2
440090503023030,2
440090503023031,2
440090503023032,2
440090503023033,2
440090503023034,2
440090503023035,2
440090503023036,2
440090503023037,2
440090505001000,2
440090505001001,2
440090505001002,2
440090505001003,2
440090505001004,2
440090505001005,2
440090505001006,2
440090505001007,2
440090505001008,2
440090505001009,2
440090505001010,2
440090505001011,2
440090505001012,2
440090505001013,2
440090505001014,2
440090505001015,2
440090505001016,2
440090505001017,2
440090505001018,2
440090505001019,2
440090505001020,2
440090505001021,2
440090505001022,2
440090505001023,2
440090505001024,2
440090505001025,2
440090505001026,2
440090505001027,2
440090505001028,2
440090505001029,2
440090505001030,2
440090505001031,2
440090505001032,2
440090505001033,2
440090505001034,2
440090505001035,2
440090505001036,2
440090505001037,2
440090505001038,2
440090505001039,2
440090505001040,2
440090505001041,2
440090505001042,2
440090505001043,2
440090505001044,2
440090505001045,2
440090505001046,2
440090505001047,2
440090505001048,2
440090505001049,2
440090505001050,2
440090505001051,2
440090505001052,2
440090505001053,2
440090505001054,2
440090505001055,2
440090505001056,2
440090505001057,2
440090505001058,2
440090505001059,2
440090505001060,2
440090505001061,2
440090505001062,2
440090505001063,2
440090505001064,2
440090505001065,2
440090505001066,2
440090505001067,2
440090505001068,2
440090505001069,2
440090505001070,2
440090505001071,2
440090505001072,2
440090505001073,2
440090505001074,2
440090505001075,2
440090505001076,2
440090505001077,2
440090505001078,2
440090505001079,2
440090505001080,2
440090505001081,2
440090505001082,2
440090505001083,2
440090505001084,2
440090505001085,2
440090505001086,2
440090505001087,2
440090505001088,2
440090505001089,2
440090505001090,2
440090505001091,2
440090505001092,2
440090505001093,2
440090505001094,2
440090505001095,2
440090505001096,2
440090505001097,2
440090505001098,2
440090505001099,2
440090505001100,2
440090505001101,2
440090505001102,2
440090505001103,2
440090505001104,2
440090505001105,2
440090505001106,2
440090505001107,2
440090505001108,2
440090505001109,2
440090505001110,2
440090505001111,2
440090505001112,2
440090505001113,2
440090505001114,2
440090505001115,2
440090505001116,2
440090505001117,2
440090505001118,2
440090505001119,2
440090505001120,2
440090505001121,2
440090505001122,2
440090505001123,2
440090505001124,2
440090505002000,2
440090505002001,2
440090505002002,2
440090505002003,2
440090505002004,2
440090505002005,2
440090505002006,2
440090505002007,2
440090505002008,2
440090505002009,2
440090505002010,2
440090505002011,2
440090505002012,2
440090505002013,2
440090505002014,2
440090505002015,2
440090505002016,2
440090505002017,2
440090505002018,2
440090505002019,2
440090505002020,2
440090505002021,2
440090505002022,2
440090505002023,2
440090505002024,2
440090505002025,2
440090505002026,2
440090505002027,2
440090505002028,2
440090505002029,2
440090505002030,2
440090505002031,2
440090505002032,2
440090505002033,2
440090505002034,2
440090505002035,2
440090505002036,2
440090505002037,2
440090505002038,2
440090505002039,2
440090505002040,2
440090505002041,2
440090505002042,2
440090505002043,2
440090505002044,2
440090505002045,2
440090505002046,2
440090505002047,2
440090505002048,2
440090505002049,2
440090505002050,2
440090505002051,2
440090505002052,2
440090505002053,2
440090505002054,2
440090505002055,2
440090505002056,2
440090505002057,2
440090505002058,2
440090505002059,2
440090505002060,2
440090505002061,2
440090505002062,2
440090505002063,2
440090505002064,2
440090505002065,2
440090505002066,2
440090505002067,2
440090505002068,2
440090505002069,2
440090505002070,2
440090505002071,2
440090505002072,2
440090505002073,2
440090505002074,2
440090505002075,2
440090505002076,2
440090505002077,2
440090505002078,2
440090505002079,2
440090505002080,2
440090505002081,2
440090505002082,2
440090505002083,2
440090505002084,2
440090505002085,2
440090505002086,2
440090505002087,2
440090505002088,2
440090505002089,2
440090505002090,2
440090505002091,2
440090505002092,2
440090505002093,2
440090501041000,2
440090501041001,2
440090501041002,2
440090501041003,2
440090501041004,2
440090501041005,2
440090501041006,2
440090501041007,2
440090501041008,2
440090501041009,2
440090501041010,2
440090501041011,2
440090501041012,2
440090501041013,2
440090501041014,2
440090501041015,2
440090501041016,2
440090501041017,2
440090501041018,2
440090501041019,2
440090501041020,2
440090501041021,2
440090501041022,2
440090501041023,2
440090501041024,2
440090501041025,2
440090501041026,2
440090501041027,2
440090501041028,2
440090501041029,2
440090501041030,2
440090501041031,2
440090501041032,2
440090501041033,2
440090501041034,2
440090501041035,2
440090501041036,2
440090501041037,2
440090501041038,2
440090501041039,2
440090501041040,2
440090501041041,2
440090501041042,2
440090501041043,2
440090501041044,2
440090501041045,2
440090501041046,2
440090501041047,2
440090501041048,2
440090501041049,2
440090501041050,2
440090501041051,2
440090501041052,2
440090501041053,2
440090501041054,2
440090501041055,2
440090501041056,2
440090501041057,2
440090501041058,2
440090501035000,2
440090501035001,2
440090501035002,2
440090501035003,2
440090501035004,2
440090501035005,2
440090501035006,2
440090501035007,2
440090501035008,2
440090501035009,2
440090501035010,2
440090501035011,2
440090501035012,2
440090501035013,2
440090501035014,2
440090501035015,2
440090501035016,2
440090501035017,2
440090501035018,2
440090501035019,2
440090501035020,2
440090501035021,2
440090501035022,2
440090501035023,2
440090501035024,2
440090501035025,2
440090501035026,2
440090501035027,2
440090501035028,2
440090501035029,2
440090501035030,2
440090501035031,2
440090501035032,2
440090501035033,2
440090501035034,2
440090501042000,2
440090501042001,2
440090501042002,2
440090501042003,2
440090501042004,2
440090501042005,2
440090501042006,2
440090501042007,2
440090501042008,2
440090501042009,2
440090501042010,2
440090501042011,2
440090501042012,2
440090501042013,2
440090501042014,2
440090501042015,2
440090501042016,2
440090501042017,2
440090501042018,2
440090501042019,2
440090501042020,2
440090501042021,2
440090501042022,2
440090501042023,2
440090501042024,2
440090501042025,2
440090501033000,2
440090501033001,2
440090501033002,2
440090501033003,2
440090501033004,2
440090501033005,2
440090501033006,2
440090501033007,2
440090501033008,2
440090501033009,2
440090501033010,2
440090501033011,2
440090501033012,2
440090501033013,2
440090501033014,2
440090501033015,2
440090501033016,2
440090501033017,2
440090501033018,2
440090501033019,2
440090501033020,2
440090501034000,2
440090501034001,2
440090501034002,2
440090501034003,2
440090501034004,2
440090501034005,2
440090501034006,2
440090501034007,2
440090501034008,2
440090501034009,2
440090501034010,2
440090501034011,2
440090501034012,2
440090501034013,2
440090501034014,2
440090501034015,2
440090501034016,2
440090501034017,2
440090501034018,2
440090501034019,2
440090503021000,2
440090503021001,2
440090503021002,2
440090503021003,2
440090503021004,2
440090503021005,2
440090503021006,2
440090503021007,2
440090503021008,2
440090503021009,2
440090503021010,2
440090503021011,2
440090503021012,2
440090503021013,2
440090503021014,2
440090503021015,2
440090503021016,2
440090503021017,2
440090503021018,2
440090503021019,2
440090503021020,2
440090503021021,2
440090503021022,2
440090503021023,2
440090503021024,2
440090503021025,2
440090503021026,2
440090503021027,2
440090503021028,2
440090503021029,2
440090503021030,2
440090503013000,2
440090503013001,2
440090503013002,2
440090503013003,2
440090503013004,2
440090503013005,2
440090503013006,2
440090503013007,2
440090503013008,2
440090503013009,2
440090503013010,2
440090503013011,2
440090503013012,2
440090503013013,2
440090503013014,2
440090503013015,2
440090503013016,2
440090503013017,2
440090503013018,2
440090503013019,2
440090503013020,2
440090503013021,2
440090503013022,2
440090503013023,2
440090503013024,2
440090503013025,2
440090503013026,2
440090503013027,2
440090503013028,2
440090503022000,2
440090503022001,2
440090503022002,2
440090503022003,2
440090503022004,2
440090503022005,2
440090503022006,2
440090503022007,2
440090503022008,2
440090503022009,2
440090503022010,2
440090503011000,2
440090503011001,2
440090503011002,2
440090503011003,2
440090503011004,2
440090503011005,2
440090503011006,2
440090503011007,2
440090503011008,2
440090503011009,2
440090503011010,2
440090503011011,2
440090503011012,2
440090503011013,2
440090503011014,2
440090503011015,2
440090503011016,2
440090503011017,2
440090503011018,2
440090503011019,2
440090503011020,2
440090503011021,2
440090503011022,2
440090503011023,2
440090503011024,2
440090503011025,2
440090503011026,2
440090503011027,2
440090503011028,2
440090503011029,2
440090503011030,2
440090503011031,2
440090503011032,2
440090503011033,2
440090503011034,2
440090503011035,2
440090503011036,2
440090503011037,2
440090503011038,2
440090503011039,2
440090503011040,2
440090503011041,2
440090503011042,2
440090503011043,2
440090503011044,2
440090503011045,2
440090503011046,2
440090503011047,2
440090503011048,2
440090503011049,2
440090503011050,2
440090503011051,2
440090503011052,2
440090503012000,2
440090503012001,2
440090503012002,2
440090503012003,2
440090503012004,2
440090503012005,2
440090503012006,2
440090503012007,2
440090503012008,2
440090503012009,2
440070139001000,2
440070139001001,2
440070139001002,2
440070139001003,2
440070139001004,2
440070139001005,2
440070139001006,2
440070139001007,2
440070139001008,2
440070139001009,2
440070139001010,2
440070139001011,2
440070139001012,2
440070139001013,2
440070139001014,2
440070139001015,2
440070139001016,2
440070139001017,2
440070139001018,2
440070139001019,2
440070139001020,2
440070138005000,2
440070138005001,2
440070138005002,2
440070138005003,2
440070138005004,2
440070138005005,2
440070138005006,2
440070138005007,2
440070138005008,2
440070138005009,2
440070138005010,2
440070138005011,2
440070138005012,2
440070138005013,2
440070138005014,2
440070138005015,2
440070138005016,2
440070138005017,2
440070138005018,2
440070138005019,2
440070138005020,2
440070138005021,2
440070138005022,2
440070138004000,2
440070138004001,2
440070138004002,2
440070138004003,2
440070138004004,2
440070138004005,2
440070138004006,2
440070138004007,2
440070138004008,2
440070138004009,2
440070138004010,2
440070138004011,2
440070138004012,2
440070138004013,2
440070138004014,2
440070138004015,2
440070138004016,2
440070138004017,2
440070138004018,2
440070138004019,2
440070138004020,2
440070138004021,2
440070138004022,2
440070138004023,2
440070138004024,2
440070138004025,2
440070138004026,2
440070139002000,2
440070139002001,2
440070139002002,2
440070139002003,2
440070139002004,2
440070139002005,2
440070139002006,2
440070139002007,2
440070139002008,2
440070139002009,2
440070139002010,2
440070139002011,2
440070139002012,2
440070139002013,2
440070139002014,2
440070139002015,2
440070139002016,2
440070139002017,2
440070139002018,2
440070139002019,2
440070139002020,2
440070139002021,2
440070139002022,2
440070139002023,2
440070139002024,2
440070139002025,2
440070139002026,2
440070139002027,2
440070139003000,2
440070139003001,2
440070139003002,2
440070139003003,2
440070139003004,2
440070139003005,2
440070139003006,2
440070139003007,2
440070139003008,2
440070139003009,2
440070139003010,2
440070139003011,2
440070139003012,2
440070139003013,2
440070139003014,2
440070139003015,2
440070139003016,2
440070139003017,2
440070139003018,2
440070139003019,2
440070139003020,2
440070139003021,2
440070139003022,2
440070139003023,2
440070139003024,2
440070139003025,2
440070139003026,2
440070139003027,2
440070139003028,2
440070139003029,2
440070139003030,2
440070139003031,2
440070138002000,2
440070138002001,2
440070138002002,2
440070138002003,2
440070138002004,2
440070138002005,2
440070138002006,2
440070138002007,2
440070138002008,2
440070138002009,2
440070138002010,2
440070138002011,2
440070138002012,2
440070138002013,2
440070138002014,2
440070138002015,2
440070138002016,2
440070138002017,2
440070138001000,2
440070138001001,2
440070138001002,2
440070138001003,2
440070138001004,2
440070138001005,2
440070138001006,2
440070138001007,2
440070138001008,2
440070138001009,2
440070138001010,2
440070138001011,2
440070138001012,2
440070138001013,2
440070138001014,2
440070138001015,2
440070138001016,2
440070138001017,2
440070138001018,2
440070138001019,2
440070138001020,2
440070138001021,2
440070138001022,2
440070138001023,2
440070138001024,2
440070138001025,2
440070138001026,2
440070138001027,2
440070138001028,2
440070138001029,2
440070138001030,2
440070138001031,2
440070138001032,2
440070138001033,2
440070138001034,2
440070138001035,2
440070138001036,2
440070138001037,2
440070138001038,2
440070138001039,2
440070138001040,2
440070138001041,2
440070138003000,2
440070138003001,2
440070138003002,2
440070138003003,2
440070138003004,2
440070138003005,2
440070138003006,2
440070138003007,2
440070138003008,2
440070138003009,2
440070138003010,2
440070138003011,2
440070138003012,2
440070138003013,2
440070138003014,2
440070140003000,2
440070140003001,2
440070140003002,2
440070140003003,2
440070140003004,2
440070140003005,2
440070140003006,2
440070140003007,2
440070140003008,2
440070140003009,2
440070140003010,2
440070140003011,2
440070140003012,2
440070140003013,2
440070140003014,2
440070140003015,2
440070140003016,2
440070140003017,2
440070140003018,2
440070140003019,2
440070140003020,2
440070140003021,2
440070140003022,2
440070140003023,2
440070140003024,2
440070140003025,2
440070140003026,2
440070140003027,2
440070140003028,2
440070140003029,2
440070140003030,2
440070140003031,2
440070140003032,2
440070140003033,2
440070140004000,2
440070140004001,2
440070140004002,2
440070140004003,2
440070140004004,2
440070140004005,2
440070140004006,2
440070140004007,2
440070140004008,2
440070140004009,2
440070140004010,2
440070140004011,2
440070140004012,2
440070140004013,2
440070140004014,2
440070140004015,2
440070140004016,2
440070140004017,2
440070140002000,2
440070140002001,2
440070140002002,2
440070140002003,2
440070140002004,2
440070140002005,2
440070140002006,2
440070140002007,2
440070140002008,2
440070140002009,2
440070140002010,2
440070140002011,2
440070140002012,2
440070140002013,2
440070140002014,2
440070140002015,2
440070140002016,2
440070140002017,2
440070140002018,2
440070140002019,2
440070140002020,2
440070140002021,2
440070140002022,2
440070140002023,2
440070140002024,2
440070140002025,2
440070140002026,2
440070140002027,2
440070140002028,2
440070140002029,2
440070140002030,2
440070140002031,2
440070140002032,2
440070140002033,2
440070140002034,2
440070140002035,2
440070140002036,2
440070140002037,2
440070140002038,2
440070140002039,2
440070140002040,2
440070140002041,2
440070140002042,2
440070140002043,2
440070140002044,2
440070140002045,2
440070140005000,2
440070140005001,2
440070140005002,2
440070140005003,2
440070140005004,2
440070140005005,2
440070140005006,2
440070140005007,2
440070140005008,2
440070140005009,2
440070140005010,2
440070140005011,2
440070140005012,2
440070140005013,2
440070140005014,2
440070140005015,2
440070140005016,2
440070140005017,2
440070140005018,2
440070140005019,2
440070140005020,2
440070140005021,2
440070140005022,2
440070140005023,2
440070140005024,2
440070140005025,2
440070140005026,2
440070140005027,2
440070141001000,2
440070141001001,2
440070141001002,2
440070141001003,2
440070141001004,2
440070141001005,2
440070141001006,2
440070141001007,2
440070141001008,2
440070141001009,2
440070141001010,2
440070141001011,2
440070141001012,2
440070141001013,2
440070141001014,2
440070141001015,2
440070141001016,2
440070141001017,2
440070141001018,2
440070141001019,2
440070141001020,2
440070141001021,2
440070141001022,2
440070141001023,2
440070141001024,2
440070141001025,2
440070141001026,2
440070141001027,2
440070141001028,2
440070140001000,2
440070140001001,2
440070140001002,2
440070140001003,2
440070140001004,2
440070140001005,2
440070140001006,2
440070140001007,2
440070140001008,2
440070140001009,2
440070140001010,2
440070140001011,2
440070140001012,2
440070140001013,2
440070140001014,2
440070140001015,2
440070140001016,2
440070140001017,2
440070140001018,2
440070140001019,2
440070140001020,2
440070140001021,2
440070140001022,2
440070140001023,2
440070140001024,2
440070140001025,2
440070140001026,2
440070140001027,2
440070140001028,2
440070140001029,2
440070140001030,2
440070140001031,2
440070140001032,2
440070140001033,2
440070140001034,2
440070140001035,2
440070136001000,2
440070136001001,2
440070136001002,2
440070136001003,2
440070136001004,2
440070136001005,2
440070136001006,2
440070136001007,2
440070136001008,2
440070136001009,2
440070136001010,2
440070136001011,2
440070136001012,2
440070136001013,2
440070136001014,2
440070136001015,2
440070136001016,2
440070136001017,2
440070136001018,2
440070136001019,2
440070136001020,2
440070136001021,2
440070136001022,2
440070136001023,2
440070136001024,2
440070136001025,2
440070136001026,2
440070136001027,2
440070136001028,2
440070136001029,2
440070136001030,2
440070136001031,2
440070136001032,2
440070136002000,2
440070136002001,2
440070136002002,2
440070136002003,2
440070136002004,2
440070136002005,2
440070136002006,2
440070136002007,2
440070136002008,2
440070136002009,2
440070136002010,2
440070136002011,2
440070136002012,2
440070136002013,2
440070136002014,2
440070136002015,2
440070136002016,2
440070136002017,2
440070136002018,2
440070136002019,2
440070136002020,2
440070136002021,2
440070136002022,2
440070136002023,2
440070136002024,2
440070136002025,2
440070136002026,2
440070136002027,2
440070136002028,2
440070136002029,2
440070136002030,2
440070136002031,2
440070136002032,2
440070136002033,2
440070136002034,2
440070136002035,2
440070136003000,2
440070136003001,2
440070136003002,2
440070136003003,2
440070136003004,2
440070136003005,2
440070136003006,2
440070136003007,2
440070136003008,2
440070136003009,2
440070136003010,2
440070136003011,2
440070136003012,2
440070136003013,2
440070136003014,2
440070136003015,2
440070136003016,2
440070136003017,2
440070136003018,2
440070136003019,2
440070136003020,2
440070136003021,2
440070136003022,2
440070136003023,2
440070136003024,2
440070136003025,2
440070136003026,2
440070136003027,2
440070136003028,2
440070135005000,2
440070135005001,2
440070135005002,2
440070135005003,2
440070135005004,2
440070135005005,2
440070135005006,2
440070135005007,2
440070135005008,2
440070135005009,2
440070135005010,2
440070135005011,2
440070135005012,2
440070135005013,2
440070135005014,2
440070135005015,2
440070135005016,2
440070135005017,2
440070135005018,2
440070135005019,2
440070135005020,2
440070135005021,2
440070135005022,2
440070135005023,2
440070135005024,2
440070135005025,2
440070134004000,2
440070134004001,2
440070134004002,2
440070134004003,2
440070134004004,2
440070134004005,2
440070134004006,2
440070134004007,2
440070134004008,2
440070134004009,2
440070134004010,2
440070134004011,2
440070134004012,2
440070134004013,2
440070134004014,2
440070134004015,2
440070134004016,2
440070134004017,2
440070135001000,2
440070135001001,2
440070135001002,2
440070135001003,2
440070135001004,2
440070135001005,2
440070135001006,2
440070135001007,2
440070135001008,2
440070135001009,2
440070135001010,2
440070134003000,2
440070134003001,2
440070134003002,2
440070134003003,2
440070134003004,2
440070134003005,2
440070134003006,2
440070134003007,2
440070134003008,2
440070134003009,2
440070134003010,2
440070134003011,2
440070134003012,2
440070134003013,2
440070134003014,2
440070134003015,2
440070134003016,2
440070134003017,2
440070134003018,2
440070135004000,2
440070135004001,2
440070135004002,2
440070135004003,2
440070135004004,2
440070135004005,2
440070135004006,2
440070135004007,2
440070135004008,2
440070135004009,2
440070135004010,2
440070135003000,2
440070135003001,2
440070135003002,2
440070135003003,2
440070135003004,2
440070135003005,2
440070135002000,2
440070135002001,2
440070135002002,2
440070135002003,2
440070135002004,2
440070135002005,2
440070135002006,2
440070135002007,2
440070137021000,2
440070137021001,2
440070137021002,2
440070137021003,2
440070137021004,2
440070137021005,2
440070137021006,2
440070137021007,2
440070137021008,2
440070137021009,2
440070137021010,2
440070137021011,2
440070137021012,2
440070137021013,2
440070137021014,2
440070137021015,2
440070137021016,2
440070137014000,2
440070137014001,2
440070137014002,2
440070137014003,2
440070137014004,2
440070137014005,2
440070137014006,2
440070137014007,2
440070137014008,2
440070137014009,2
440070137014010,2
440070137014011,2
440070137014012,2
440070137014013,2
440070137014014,2
440070137014015,2
440070137014016,2
440070137014017,2
440070137014018,2
440070137014019,2
440070137014020,2
440070137014021,2
440070137014022,2
440070137014023,2
440070137014024,2
440070137014025,2
440070137013000,2
440070137013001,2
440070137013002,2
440070137013003,2
440070137013004,2
440070137013005,2
440070137013006,2
440070137013007,2
440070137013008,2
440070137013009,2
440070137013010,2
440070137013011,2
440070137013012,2
440070137013013,2
440070137013014,2
440070137013015,2
440070137013016,2
440070137013017,2
440070137013018,2
440070137013019,2
440070137013020,2
440070137013021,2
440070137023000,2
440070137023001,2
440070137023002,2
440070137023003,2
440070137023004,2
440070137023005,2
440070137023006,2
440070137023007,2
440070137023008,2
440070137023009,2
440070137023010,2
440070137023011,2
440070137023012,2
440070137023013,2
440070137023014,2
440070137023015,2
440070137023016,2
440070137023017,2
440070137022000,2
440070137022001,2
440070137022002,2
440070137022003,2
440070137022004,2
440070137022005,2
440070137022006,2
440070137022007,2
440070137022008,2
440070137022009,2
440070137022010,2
440070137022011,2
440070137022012,2
440070137022013,2
440070137022014,2
440070137011000,2
440070137011001,2
440070137011002,2
440070137011003,2
440070137011004,2
440070137011005,2
440070137011006,2
440070137011007,2
440070137011008,2
440070137011009,2
440070137011010,2
440070137011011,2
440070137011012,2
440070137011013,2
440070137011014,2
440070137011015,2
440070137011016,2
440070137011017,2
440070137011018,2
440070137011019,2
440070137011020,2
440070137011021,2
440070137011022,2
440070137011023,2
440070137011024,2
440070137011025,2
440070137011026,2
440070137011027,2
440070137012000,2
440070137012001,2
440070137012002,2
440070137012003,2
440070137012004,2
440070137012005,2
440070137012006,2
440070137012007,2
440070137012008,2
440070137012009,2
440070137012010,2
440070137012011,2
440070137012012,2
440070137012013,2
440070137012014,2
440070137012015,2
440070137012016,2
440070137012017,2
440070137012018,2
440070137012019,2
440070137012020,2
440070137012021,2
440070137012022,2
440070137012023,2
440070137012024,2
440070137012025,2
440070137012026,2
440070137012027,2
440070137012028,2
440070137012029,2
440070137012030,2
440070137012031,2
440070137012032,2
440070137012033,2
440070137012034,2
440070137012035,2
440070137012036,2
440070137012037,2
440070137012038,2
440070145011000,2
440070145011001,2
440070145011002,2
440070145011003,2
440070145011004,2
440070145011005,2
440070145011006,2
440070145011007,2
440070145011008,2
440070145011009,2
440070145011010,2
440070145011011,2
440070145011012,2
440070145011013,2
440070145011014,2
440070145011015,2
440070145011016,2
440070145011017,2
440070145011018,2
440070145011019,2
440070145011020,2
440070145011021,2
440070145011022,2
440070145011023,2
440070145011024,2
440070145011025,2
440070145011026,2
440070145011027,2
440070145011028,2
440070145011029,2
440070145011030,2
440070145011031,2
440070145011032,2
440070145011033,2
440070145011034,2
440070145011035,2
440070145011036,2
440070145011037,2
440070145011038,2
440070145011039,2
440070144003000,2
440070144003001,2
440070144003002,2
440070144003003,2
440070144003004,2
440070144003005,2
440070144003006,2
440070144003007,2
440070144003008,2
440070144003009,2
440070144003010,2
440070144003011,2
440070144003012,2
440070144003013,2
440070144003014,2
440070144003015,2
440070144003016,2
440070144003017,2
440070144003018,2
440070144003019,2
440070144003020,2
440070144003021,2
440070144003022,2
440070144003023,2
440070144003024,2
440070144003025,2
440070144003026,2
440070144003027,2
440070144003028,2
440070144003029,2
440070144003030,2
440070144003031,2
440070144003032,2
440070144003033,2
440070144003034,2
440070144003035,2
440070144003036,2
440070145012000,2
440070145012001,2
440070145012002,2
440070145012003,2
440070145012004,2
440070145012005,2
440070145012006,2
440070145012007,2
440070145012008,2
440070145012009,2
440070145012010,2
440070145012011,2
440070145012012,2
440070145012013,2
440070145012014,2
440070145012015,2
440070145012016,2
440070145012017,2
440070145012018,2
440070145012019,2
440070145012020,2
440070145012021,2
440070145012022,2
440070145012023,2
440070145012024,2
440070145012025,2
440070145012026,2
440070145012027,2
440070145012028,2
440070145012029,2
440070145012030,2
440070145012031,2
440070145012032,2
440070145012033,2
440070145012034,2
440070145012035,2
440070143004000,2
440070143004001,2
440070143004002,2
440070143004003,2
440070143004004,2
440070143004005,2
440070143004006,2
440070143004007,2
440070143004008,2
440070143004009,2
440070143004010,2
440070143004011,2
440070143004012,2
440070143004013,2
440070143004014,2
440070143004015,2
440070143004016,2
440070143004017,2
440070143004018,2
440070143004019,2
440070143004020,2
440070143004021,2
440070143004022,2
440070143004023,2
440070143004024,2
440070143004025,2
440070143004026,2
440070143004027,2
440070143004028,2
440070143004029,2
440070143004030,2
440070143004031,2
440070143004032,2
440070143004033,2
440070143004034,2
440070144001000,2
440070144001001,2
440070144001002,2
440070144001003,2
440070144001004,2
440070144001005,2
440070144001006,2
440070144001007,2
440070144001008,2
440070144001009,2
440070144001010,2
440070144001011,2
440070144001012,2
440070144001013,2
440070144001014,2
440070144001015,2
440070144001016,2
440070144001017,2
440070144001018,2
440070144001019,2
440070144001020,2
440070144001021,2
440070144001022,2
440070144001023,2
440070144001024,2
440070144001025,2
440070144001026,2
440070144001027,2
440070144001028,2
440070144001029,2
440070144001030,2
440070144001031,2
440070144001032,2
440070144001033,2
440070144001034,2
440070144001035,2
440070144001036,2
440070144001037,2
440070144001038,2
440070144002000,2
440070144002001,2
440070144002002,2
440070144002003,2
440070144002004,2
440070144002005,2
440070144002006,2
440070144002007,2
440070144002008,2
440070144002009,2
440070144002010,2
440070144002011,2
440070144002012,2
440070144002013,2
440070144002014,2
440070144002015,2
440070144002016,2
440070144002017,2
440070144002018,2
440070144002019,2
440070144002020,2
440070144002021,2
440070144002022,2
440070144002023,2
440070144002024,2
440070144002025,2
440070144002026,2
440070144002027,2
440070144002028,2
440070144002029,2
440070145023000,2
440070145023001,2
440070145023002,2
440070145023003,2
440070145023004,2
440070145023005,2
440070145023006,2
440070145023007,2
440070145023008,2
440070145023009,2
440070145023010,2
440070145023011,2
440070145023012,2
440070145023013,2
440070145023014,2
440070145023015,2
440070145023016,2
440070145023017,2
440070145023018,2
440070145023019,2
440070145023020,2
440070145023021,2
440070145023022,2
440070145023023,2
440070145023024,2
440070145023025,2
440070145023026,2
440070145023027,2
440070145023028,2
440070145023029,2
440070145023030,2
440070145023031,2
440070145023032,2
440070145023033,2
440070145023034,2
440070145023035,2
440070145022000,2
440070145022001,2
440070145022002,2
440070145022003,2
440070145022004,2
440070145022005,2
440070145022006,2
440070145022007,2
440070145022008,2
440070145022009,2
440070145022010,2
440070145022011,2
440070145022012,2
440070145022013,2
440070145022014,2
440070145022015,2
440070145022016,2
440070145022017,2
440070145022018,2
440070145022019,2
440070145022020,2
440070145022021,2
440070145022022,2
440070145022023,2
440070145022024,2
440070145022025,2
440070145022026,2
440070145022027,2
440070145022028,2
440070145022029,2
440070145022030,2
440070145022031,2
440070145022032,2
440070145022033,2
440070145022034,2
440070145022035,2
440070145022036,2
440070145022037,2
440070145022038,2
440070145022039,2
440070145022040,2
440070145022041,2
440070145022042,2
440070145022043,2
440070145022044,2
440070145022045,2
440070145022046,2
440070145022047,2
440070145022048,2
440070145022049,2
440070145022050,2
440070146001000,2
440070146001001,2
440070146001002,2
440070146001003,2
440070146001004,2
440070146001005,2
440070146001006,2
440070146001007,2
440070146001008,2
440070146001009,2
440070146001010,2
440070146001011,2
440070146001012,2
440070146001013,2
440070146001014,2
440070146001015,2
440070146001016,2
440070145013000,2
440070145013001,2
440070145013002,2
440070145013003,2
440070145013004,2
440070145013005,2
440070145013006,2
440070145013007,2
440070145013008,2
440070145013009,2
440070145013010,2
440070145013011,2
440070145013012,2
440070145013013,2
440070145013014,2
440070145013015,2
440070145013016,2
440070145013017,2
440070145013018,2
440070145013019,2
440070145013020,2
440070145013021,2
440070145013022,2
440070145013023,2
440070145013024,2
440070145013025,2
440070145013026,2
440070145013027,2
440070145013028,2
440070145013029,2
440070145021000,2
440070145021001,2
440070145021002,2
440070145021003,2
440070145021004,2
440070145021005,2
440070145021006,2
440070145021007,2
440070145021008,2
440070145021009,2
440070145021010,2
440070145021011,2
440070145021012,2
440070145021013,2
440070145021014,2
440070145021015,2
440070145021016,2
440070145021017,2
440070145021018,2
440070145021019,2
440070145021020,2
440070145021021,2
440070145021022,2
440070145021023,2
440070145021024,2
440070145021025,2
440070145021026,2
440070145021027,2
440070142002000,2
440070142002001,2
440070142002002,2
440070142002003,2
440070142002004,2
440070142002005,2
440070142002006,2
440070142002007,2
440070142002008,2
440070142002009,2
440070142002010,2
440070142002011,2
440070142002012,2
440070142002013,2
440070142002014,2
440070142002015,2
440070142002016,2
440070142002017,2
440070142002018,2
440070142002019,2
440070142002020,2
440070142002021,2
440070142002022,2
440070142002023,2
440070142002024,2
440070142002025,2
440070142002026,2
440070142002027,2
440070142002028,2
440070142002029,2
440070142002030,2
440070142002031,2
440070142002032,2
440070142002033,2
440070142002034,2
440070142002035,2
440070142002036,2
440070142002037,2
440070142002038,2
440070142002039,2
440070142002040,2
440070142002041,2
440070142002042,2
440070142002043,2
440070142002044,2
440070142002045,2
440070142002046,2
440070142002047,2
440070142002048,2
440070142002049,2
440070142002050,2
440070142002051,2
440070142002052,2
440070142002053,2
440070142002054,2
440070142002055,2
440070142002056,2
440070142002057,2
440070142002058,2
440070142002059,2
440070142002060,2
440070142002061,2
440070142002062,2
440070142002063,2
440070142002064,2
440070142002065,2
440070142002066,2
440070142002067,2
440070142002068,2
440070142002069,2
440070142002070,2
440070142002071,2
440070142002072,2
440070142002073,2
440070142001000,2
440070142001001,2
440070142001002,2
440070142001003,2
440070142001004,2
440070142001005,2
440070142001006,2
440070142001007,2
440070142001008,2
440070142001009,2
440070142001010,2
440070142001011,2
440070142001012,2
440070142001013,2
440070142001014,2
440070142001015,2
440070142001016,2
440070141004000,2
440070141004001,2
440070141004002,2
440070141004003,2
440070141004004,2
440070141004005,2
440070141004006,2
440070141004007,2
440070141004008,2
440070141004009,2
440070141004010,2
440070141004011,2
440070141004012,2
440070141004013,2
440070141004014,2
440070141004015,2
440070141004016,2
440070141004017,2
440070141004018,2
440070141004019,2
440070141004020,2
440070141004021,2
440070141004022,2
440070141004023,2
440070141004024,2
440070141004025,2
440070141004026,2
440070141004027,2
440070141004028,2
440070141004029,2
440070141004030,2
440070141004031,2
440070141004032,2
440070141004033,2
440070141004034,2
440070141002000,2
440070141002001,2
440070141002002,2
440070141002003,2
440070141002004,2
440070141002005,2
440070141002006,2
440070141002007,2
440070141002008,2
440070141002009,2
440070141002010,2
440070141002011,2
440070141002012,2
440070141002013,2
440070141002014,2
440070141002015,2
440070141003000,2
440070141003001,2
440070141003002,2
440070141003003,2
440070141003004,2
440070141003005,2
440070141003006,2
440070141003007,2
440070141003008,2
440070141003009,2
440070141003010,2
440070141003011,2
440070141003012,2
440070141003013,2
440070141003014,2
440070141003015,2
440070141003016,2
440070141003017,2
440070141003018,2
440070141003019,2
440070141003020,2
440070141003021,2
440070141003022,2
440070141003023,2
440070141003024,2
440070141003025,2
440070141003026,2
440070141003027,2
440070143003000,2
440070143003001,2
440070143003002,2
440070143003003,2
440070143003004,2
440070143003005,2
440070143003006,2
440070143003007,2
440070143003008,2
440070143003009,2
440070143003010,2
440070143003011,2
440070143003012,2
440070143003013,2
440070143003014,2
440070143003015,2
440070143003016,2
440070143003017,2
440070143003018,2
440070143003019,2
440070143003020,2
440070143003021,2
440070143003022,2
440070143003023,2
440070143003024,2
440070143003025,2
440070143003026,2
440070143003027,2
440070143003028,2
440070143003029,2
440070143003030,2
440070143003031,2
440070143003032,2
440070143003033,2
440070143003034,2
440070143003035,2
440070143003036,2
440070142003000,2
440070142003001,2
440070142003002,2
440070142003003,2
440070142003004,2
440070142003005,2
440070142003006,2
440070142003007,2
440070142003008,2
440070142003009,2
440070142003010,2
440070142003011,2
440070142003012,2
440070142003013,2
440070142003014,2
440070142003015,2
440070142003016,2
440070142003017,2
440070142003018,2
440070142003019,2
440070142003020,2
440070142003021,2
440070142003022,2
440070142003023,2
440070142003024,2
440070142003025,2
440070142003026,2
440070142003027,2
440070142003028,2
440070142003029,2
440070142003030,2
440070142003031,2
440070142003032,2
440070142003033,2
440070143001000,2
440070143001001,2
440070143001002,2
440070143001003,2
440070143001004,2
440070143001005,2
440070143001006,2
440070143001007,2
440070143001008,2
440070143001009,2
440070143001010,2
440070143001011,2
440070143001012,2
440070143001013,2
440070143001014,2
440070143001015,2
440070143001016,2
440070143001017,2
440070143001018,2
440070143001019,2
440070143001020,2
440070143001021,2
440070143001022,2
440070143001023,2
440070143001024,2
440070143001025,2
440070143001026,2
440070143001027,2
440070143001028,2
440070143001029,2
440070143001030,2
440070143001031,2
440090509013000,2
440090509013001,2
440090509013002,2
440090509013003,2
440090509013004,2
440090509013005,2
440090509013006,2
440090509013007,2
440090509013008,2
440090509013009,2
440090509013010,2
440090509013011,2
440090509013012,2
440090509013013,2
440090509013014,2
440090509013015,2
440090509013016,2
440090509013017,2
440090509013018,2
440090509013019,2
440090509013020,2
440090509013021,2
440090509013022,2
440090509013023,2
440090509013024,2
440090509013025,2
440090509013026,2
440090509013027,2
440090509013028,2
440090509013029,2
440090509013030,2
440090509013031,2
440090509013032,2
440090509013033,2
440090509013034,2
440090509013035,2
440090509013036,2
440090509013037,2
440090509013038,2
440090509013039,2
440090509013040,2
440090509021000,2
440090509021001,2
440090509021002,2
440090509021003,2
440090509021004,2
440090509021005,2
440090509021006,2
440090509021007,2
440090509021008,2
440090509021009,2
440090509021010,2
440090509021011,2
440090509021012,2
440090509021013,2
440090509021014,2
440090509021015,2
440090509021016,2
440090509021017,2
440090509021018,2
440090509021019,2
440090509021020,2
440090509021021,2
440090509021022,2
440090509021023,2
440090509021024,2
440090509021025,2
440090509021026,2
440090509021027,2
440090509021028,2
440090509021029,2
440090509022000,2
440090509022001,2
440090509022002,2
440090509022003,2
440090509022004,2
440090509022005,2
440090509022006,2
440090509022007,2
440090509022008,2
440090509022009,2
440090509022010,2
440090509022011,2
440090509022012,2
440090509022013,2
440090509022014,2
440090509022015,2
440090509022016,2
440090509022017,2
440090509022018,2
440090509022019,2
440090509022020,2
440090509022021,2
440090509022022,2
440090509022023,2
440090509022024,2
440090509022025,2
440090509022026,2
440090509022027,2
440090509022028,2
440090509022029,2
440090509022030,2
440090509022031,2
440090509022032,2
440090509022033,2
440090509022034,2
440090509022035,2
440090509022036,2
440090509022037,2
440090509022038,2
440090509022039,2
440090509022040,2
440090509022041,2
440090509022042,2
440090509022043,2
440090509022044,2
440090509022045,2
440090509022046,2
440090509012000,2
440090509012001,2
440090509012002,2
440090509012003,2
440090509012004,2
440090509012005,2
440090509012006,2
440090509012007,2
440090509012008,2
440090509012009,2
440090509012010,2
440090509012011,2
440090509012012,2
440090509012013,2
440090509012014,2
440090509012015,2
440090509012016,2
440090509012017,2
440090509012018,2
440090509012019,2
440090509012020,2
440090509012021,2
440090509012022,2
440090509012023,2
440090509012024,2
440090509012025,2
440090509012026,2
440090509012027,2
440090509012028,2
440090509012029,2
440090509012030,2
440090509012031,2
440090509012032,2
440090509012033,2
440090509012034,2
440090509012035,2
440090509012036,2
440090509012037,2
440090509012038,2
440090509012039,2
440090509012040,2
440090509012041,2
440090509012042,2
440090509012043,2
440090509012044,2
440090509012045,2
440090509012046,2
440090509012047,2
440090509012048,2
440090509012049,2
440090509012050,2
440090509012051,2
440090509012052,2
440090509012053,2
440090509012054,2
440090515044000,2
440090515044001,2
440090515044002,2
440090515044003,2
440090515044004,2
440090515044005,2
440090515044006,2
440090515044007,2
440090515044008,2
440090515044009,2
440090515044010,2
440090515044011,2
440090515044012,2
440090515044013,2
440090515044014,2
440090515044015,2
440090515044016,2
440090515044017,2
440090515044018,2
440090515044019,2
440090515044020,2
440090515044021,2
440090515044022,2
440090515044023,2
440090515044024,2
440090515044025,2
440090515044026,2
440090515044027,2
440090515044028,2
440090515044029,2
440090515044030,2
440090515044031,2
440090515044032,2
440090515044033,2
440090515044034,2
440090515044035,2
440090515044036,2
440090515044037,2
440090515044038,2
440090515044039,2
440090515044040,2
440090515044041,2
440090515044042,2
440090515044043,2
440090515044044,2
440090515044045,2
440090515044046,2
440090515044047,2
440090515044048,2
440090515044049,2
440090515044050,2
440090515044051,2
440090515044052,2
440090515044053,2
440090515044054,2
440090515044055,2
440090509024000,2
440090509024001,2
440090509024002,2
440090509024003,2
440090509024004,2
440090509024005,2
440090509024006,2
440090509024007,2
440090509024008,2
440090509024009,2
440090509024010,2
440090509024011,2
440090509024012,2
440090509024013,2
440090509024014,2
440090509024015,2
440090509024016,2
440090509024017,2
440090509024018,2
440090509023000,2
440090509023001,2
440090509023002,2
440090509023003,2
440090509023004,2
440090509023005,2
440090509023006,2
440090509023007,2
440090509023008,2
440090509023009,2
440090509023010,2
440090509023011,2
440090509023012,2
440090509023013,2
440090509023014,2
440090509023015,2
440090509023016,2
440090509023017,2
440090510001000,2
440090510001001,2
440090510001002,2
440090510001003,2
440090510001004,2
440090510001005,2
440090510001006,2
440090510001007,2
440090510001008,2
440090510001009,2
440090510001010,2
440090510001011,2
440090510001012,2
440090510001013,2
440090510001014,2
440090510001015,2
440090510001016,2
440090510001017,2
440090510001018,2
440090510001019,2
440090510001020,2
440090510001021,2
440090510001022,2
440090510001023,2
440090510001024,2
440090510001025,2
440090510001026,2
440090510001027,2
440090510001028,2
440090510001029,2
440090510001030,2
440090510001031,2
440090510001032,2
440090510001033,2
440090510001034,2
440090510001035,2
440090510001036,2
440090510001037,2
440090510001038,2
440090510001039,2
440090510001040,2
440090510001041,2
440090510001042,2
440090510001043,2
440090510001044,2
440090510001045,2
440090510001046,2
440090508021000,2
440090508021001,2
440090508021002,2
440090508021003,2
440090508021004,2
440090508021005,2
440090508021006,2
440090508021007,2
440090508021008,2
440090508021009,2
440090508021010,2
440090508021011,2
440090508021012,2
440090508021013,2
440090508021014,2
440090508021015,2
440090508021016,2
440090508021017,2
440090508021018,2
440090508021019,2
440090508021020,2
440090508021021,2
440090508021022,2
440090508021023,2
440090508021024,2
440090508021025,2
440090508021026,2
440090508021027,2
440090508021028,2
440090508021029,2
440090508021030,2
440090508022000,2
440090508022001,2
440090508022002,2
440090508022003,2
440090508022004,2
440090508022005,2
440090508022006,2
440090508022007,2
440090508022008,2
440090508022009,2
440090508022010,2
440090508022011,2
440090508022012,2
440090508022013,2
440090508022014,2
440090508022015,2
440090508022016,2
440090508022017,2
440090508022018,2
440090508022019,2
440090508022020,2
440090508022021,2
440090508022022,2
440090508022023,2
440090508022024,2
440090508022025,2
440090508022026,2
440090508022027,2
440090508022028,2
440090508022029,2
440090508022030,2
440090508022031,2
440090508022032,2
440090508022033,2
440090508022034,2
440090508022035,2
440090508022036,2
440090508022037,2
440090508022038,2
440090508022039,2
440090508015000,2
440090508015001,2
440090508015002,2
440090508015003,2
440090508015004,2
440090508015005,2
440090508015006,2
440090508015007,2
440090508015008,2
440090508015009,2
440090508015010,2
440090508015011,2
440090508015012,2
440090508015013,2
440090508015014,2
440090508015015,2
440090508015016,2
440090508015017,2
440090508015018,2
440090508015019,2
440090508015020,2
440090508014000,2
440090508014001,2
440090508014002,2
440090508014003,2
440090508014004,2
440090508014005,2
440090508014006,2
440090508014007,2
440090508014008,2
440090508014009,2
440090508014010,2
440090508014011,2
440090508014012,2
440090508014013,2
440090508014014,2
440090508014015,2
440090508014016,2
440090508014017,2
440090508014018,2
440090508014019,2
440090508014020,2
440090508013000,2
440090508013001,2
440090508013002,2
440090508013003,2
440090508013004,2
440090508013005,2
440090508013006,2
440090508013007,2
440090508013008,2
440090508013009,2
440090508013010,2
440090508013011,2
440090508013012,2
440090508013013,2
440090509011000,2
440090509011001,2
440090509011002,2
440090509011003,2
440090509011004,2
440090509011005,2
440090509011006,2
440090509011007,2
440090509011008,2
440090509011009,2
440090509011010,2
440090509011011,2
440090509011012,2
440090509011013,2
440090509011014,2
440090509011015,2
440090509011016,2
440090509011017,2
440090509011018,2
440090509011019,2
440090509011020,2
440090509011021,2
440090509011022,2
440090509011023,2
440090509011024,2
440090509011025,2
440090509011026,2
440090509011027,2
440090509011028,2
440090509011029,2
440090509011030,2
440090509011031,2
440090509011032,2
440090509011033,2
440090509011034,2
440090509011035,2
440090509011036,2
440090509011037,2
440090509011038,2
440090509011039,2
440090509011040,2
440090509011041,2
440090509011042,2
440090511013000,2
440090511013001,2
440090511013002,2
440090511013003,2
440090511013004,2
440090511013005,2
440090511013006,2
440090511013007,2
440090511013008,2
440090511013009,2
440090511013010,2
440090511013011,2
440090511013012,2
440090511013013,2
440090511013014,2
440090511013015,2
440090511013016,2
440090511013017,2
440090511013018,2
440090511013019,2
440090511013020,2
440090511013021,2
440090511013022,2
440090511013023,2
440090511013024,2
440090511013025,2
440090511013026,2
440090511013027,2
440090511013028,2
440090511013029,2
440090511013030,2
440090511013031,2
440090511013032,2
440090511013033,2
440090511013034,2
440090511013035,2
440090511013036,2
440090511013037,2
440090511013038,2
440090511013039,2
440090511013040,2
440090511013041,2
440090511013042,2
440090511013043,2
440090511013044,2
440090511013045,2
440090511013046,2
440090511013047,2
440090511013048,2
440090511013049,2
440090511013050,2
440090511013051,2
440090511013052,2
440090511013053,2
440090511013054,2
440090511013055,2
440090511013056,2
440090511013057,2
440090511013058,2
440090511013059,2
440090511013060,2
440090511013061,2
440090511013062,2
440090511013063,2
440090511013064,2
440090511013065,2
440090511013066,2
440090511013067,2
440090511013068,2
440090511013069,2
440090511013070,2
440090511013071,2
440090511013072,2
440090511013073,2
440090511013074,2
440090511013075,2
440090511013076,2
440090511013077,2
440090511013078,2
440090511013079,2
440090511013080,2
440090511013081,2
440090511013082,2
440090511013083,2
440090511013084,2
440090511013085,2
440090511013086,2
440090511013087,2
440090511013088,2
440090511013089,2
440090511013090,2
440090511013091,2
440090511013092,2
440090511013093,2
440090511013094,2
440090511012000,2
440090511012001,2
440090511012002,2
440090511012003,2
440090511012004,2
440090511012005,2
440090511012006,2
440090511012007,2
440090511012008,2
440090511012009,2
440090511012010,2
440090511012011,2
440090511012012,2
440090511012013,2
440090511012014,2
440090511012015,2
440090511012016,2
440090511012017,2
440090511012018,2
440090511012019,2
440090511012020,2
440090511012021,2
440090511012022,2
440090511012023,2
440090511012024,2
440090511012025,2
440090511012026,2
440090511012027,2
440090511012028,2
440090511012029,2
440090511012030,2
440090511012031,2
440090511012032,2
440090511012033,2
440090511012034,2
440090511012035,2
440090511012036,2
440090511012037,2
440090511012038,2
440090511012039,2
440090511012040,2
440090511012041,2
440090511012042,2
440090511012043,2
440090511012044,2
440090511012045,2
440090511012046,2
440090511011000,2
440090511011001,2
440090511011002,2
440090511011003,2
440090511011004,2
440090511011005,2
440090511011006,2
440090511011007,2
440090511011008,2
440090511011009,2
440090511011010,2
440090511011011,2
440090511011012,2
440090511011013,2
440090511011014,2
440090511011015,2
440090511011016,2
440090511011017,2
440090511011018,2
440090511011019,2
440090511011020,2
440090511011021,2
440090511011022,2
440090511011023,2
440090511011024,2
440090511011025,2
440090511011026,2
440090511011027,2
440090511011028,2
440090511011029,2
440090511011030,2
440090511011031,2
440090511011032,2
440090511011033,2
440090511011034,2
440090511011035,2
440090511011036,2
440090511011037,2
440090511011038,2
440099901000001,2
440099901000002,2
440099901000003,2
440099901000004,2
440099901000005,2
440099901000006,2
440099901000007,2
440099901000008,2
440099901000009,2
440099901000010,2
440099901000011,2
440099901000012,2
440099901000013,2
440099901000014,2
440099901000015,2
440099901000016,2
440099901000017,2
440099901000018,2
440099901000019,2
440099901000020,2
440099901000021,2
440099901000022,2
440099901000023,2
440099901000024,2
440099901000025,2
440099901000026,2
440099901000027,2
440099901000028,2
440099901000029,2
440099901000030,2
440099901000031,2
440099901000032,2
440099901000033,2
440099901000034,2
440099901000035,2
440099901000036,2
440099901000037,2
440099901000038,2
440099901000039,2
440099901000040,2
440099901000041,2
440099901000042,2
440099901000043,2
440099901000044,2
440099901000045,2
440099901000046,2
440099901000047,2
440099902000001,2
440099902000002,2
440090510002000,2
440090510002001,2
440090510002002,2
440090510002003,2
440090510002004,2
440090510002005,2
440090510002006,2
440090510002007,2
440090510002008,2
440090510002009,2
440090510002010,2
440090510002011,2
440090510002012,2
440090510002013,2
440090510002014,2
440090510002015,2
440090510002016,2
440090510002017,2
440090510002018,2
440090510002019,2
440090510002020,2
440090510002021,2
440090510002022,2
440090510002023,2
440090510002024,2
440090510002025,2
440090510002026,2
440090510002027,2
440090510002028,2
440090510002029,2
440090510002030,2
440090510002031,2
440090510002032,2
440090510002033,2
440090510002034,2
440090510002035,2
440090510002036,2
440090510002037,2
440090510002038,2
440090510002039,2
440090510002040,2
440090510002041,2
440090510002042,2
440090510002043,2
440090510002044,2
440090510002045,2
440090510002046,2
440090510002047,2
440090510002048,2
440090510002049,2
440090510002050,2
440090510002051,2
440090510002052,2
440090510002053,2
440090510002054,2
440090510002055,2
440090510002056,2
440090510002057,2
440090510002058,2
440090510002059,2
440090510002060,2
440090510002061,2
440090510002062,2
440090510002063,2
440090510002064,2
440090510002065,2
440090510002066,2
440090510003000,2
440090510003001,2
440090510003002,2
440090510003003,2
440090510003004,2
440090510003005,2
440090510003006,2
440090510003007,2
440090510003008,2
440090510003009,2
440090510003010,2
440090510003011,2
440090510003012,2
440090510003013,2
440090510003014,2
440090510003015,2
440090510003016,2
440090510003017,2
440090510003018,2
440090510003019,2
440090510003020,2
440090510003021,2
440090510003022,2
440090510003023,2
440090510003024,2
440090510005000,2
440090510005001,2
440090510005002,2
440090510005003,2
440090510005004,2
440090510005005,2
440090510005006,2
440090510005007,2
440090510005008,2
440090510005009,2
440090510005010,2
440090510005011,2
440090510005012,2
440090510005013,2
440090510005014,2
440090510005015,2
440090510005016,2
440090510005017,2
440090510005018,2
440090510005019,2
440090510005020,2
440090510005021,2
440090510005022,2
440090510005023,2
440090510005024,2
440090510005025,2
440090510004000,2
440090510004001,2
440090510004002,2
440090510004003,2
440090510004004,2
440090510004005,2
440090510004006,2
440090510004007,2
440090510004008,2
440090510004009,2
440090510004010,2
440090510004011,2
440090510004012,2
440090510004013,2
440090510004014,2
440090510004015,2
440090510004016,2
440090510004017,2
440090510004018,2
440090510004019,2
440090510004020,2
440090510004021,2
440090510004022,2
440090510004023,2
440090510004024,2
440090510004025,2
440090506002000,2
440090506002001,2
440090506002002,2
440090506002003,2
440090506002004,2
440090506002005,2
440090506002006,2
440090506002007,2
440090506002008,2
440090506002009,2
440090506002010,2
440090506002011,2
440090506002012,2
440090506002013,2
440090506002014,2
440090506002015,2
440090506002016,2
440090506002017,2
440090506002018,2
440090506002019,2
440090506002020,2
440090506002021,2
440090506002022,2
440090506002023,2
440090506002024,2
440090506002025,2
440090506002026,2
440090506002027,2
440090506002028,2
440090506002029,2
440090506002030,2
440090506002031,2
440090506002032,2
440090506002033,2
440090506002034,2
440090506002035,2
440090506002036,2
440090506002037,2
440090506002038,2
440090506002039,2
440090506002040,2
440090506002041,2
440090506002042,2
440090506002043,2
440090506002044,2
440090506002045,2
440090506002046,2
440090506002047,2
440090506002048,2
440090506002049,2
440090506002050,2
440090506002051,2
440090506002052,2
440090506002053,2
440090506002054,2
440090506002055,2
440090506002056,2
440090506002057,2
440090506002058,2
440090506002059,2
440090506002060,2
440090506002061,2
440090506002062,2
440090506002063,2
440090506002064,2
440090506002065,2
440090506002066,2
440090506002067,2
440090506002068,2
440090506002069,2
440090506002070,2
440090506002071,2
440090506002072,2
440090506002073,2
440090506002074,2
440090506002075,2
440090506002076,2
440090506002077,2
440090506002078,2
440090506002079,2
440090506002080,2
440090506002081,2
440090506002082,2
440090506002083,2
440090506002084,2
440090506002085,2
440090506002086,2
440090506002087,2
440090506002088,2
440090506002089,2
440090506002090,2
440090506002091,2
440090506002092,2
440090506002093,2
440090506002094,2
440090506002095,2
440090506002096,2
440090506002097,2
440090506004000,2
440090506004001,2
440090506004002,2
440090506004003,2
440090506004004,2
440090506004005,2
440090506004006,2
440090506004007,2
440090506004008,2
440090506004009,2
440090506004010,2
440090506004011,2
440090506004012,2
440090506004013,2
440090506004014,2
440090506004015,2
440090506004016,2
440090506004017,2
440090506004018,2
440090506004019,2
440090506004020,2
440090506004021,2
440090506004022,2
440090506004023,2
440090506004024,2
440090506004025,2
440090506004026,2
440090506004027,2
440090506004028,2
440090506004029,2
440090506004030,2
440090506004031,2
440090506004032,2
440090506004033,2
440090506004034,2
440090506004035,2
440090506004036,2
440090506004037,2
440090506004038,2
440090506004039,2
440090506004040,2
440090506004041,2
440090506004042,2
440090506004043,2
440090506004044,2
440090506004045,2
440090506004046,2
440090506004047,2
440090506004048,2
440090506004049,2
440090506004050,2
440090506001000,2
440090506001001,2
440090506001002,2
440090506001003,2
440090506001004,2
440090506001005,2
440090506001006,2
440090506001007,2
440090506001008,2
440090506001009,2
440090506001010,2
440090506001011,2
440090506001012,2
440090506001013,2
440090506001014,2
440090506001015,2
440090506001016,2
440090506001017,2
440090506001018,2
440090506001019,2
440090506001020,2
440090506001021,2
440090506001022,2
440090506001023,2
440090506001024,2
440090506001025,2
440090506001026,2
440090506001027,2
440090506001028,2
440090506001029,2
440090506001030,2
440090506001031,2
440090506001032,2
440090506001033,2
440090506001034,2
440090506001035,2
440090506001036,2
440090506001037,2
440090506001038,2
440090506001039,2
440090506001040,2
440090506001041,2
440090506001042,2
440090506001043,2
440090506001044,2
440090506001045,2
440090506001046,2
440090506001047,2
440090506001048,2
440090506001049,2
440090506001050,2
440090506001051,2
440090506001052,2
440090506001053,2
440090506001054,2
440090506001055,2
440090506001056,2
440090506001057,2
440090506001058,2
440090506001059,2
440090506001060,2
440090506001061,2
440090506001062,2
440090506001063,2
440090506001064,2
440090506001065,2
440090506001066,2
440090506001067,2
440090506001068,2
440090506001069,2
440090506001070,2
440090506001071,2
440090506001072,2
440090506001073,2
440090506001074,2
440090506001075,2
440090506001076,2
440090506001077,2
440090506001078,2
440090506003000,2
440090506003001,2
440090506003002,2
440090506003003,2
440090506003004,2
440090506003005,2
440090506003006,2
440090506003007,2
440090506003008,2
440090506003009,2
440090506003010,2
440090506003011,2
440090506003012,2
440090506003013,2
440090506003014,2
440090506003015,2
440090506003016,2
440090506003017,2
440090506003018,2
440090506003019,2
440090506003020,2
440090506003021,2
440090506003022,2
440090506003023,2
440090506003024,2
440090506003025,2
440090506003026,2
440090506003027,2
440090506003028,2
440090506003029,2
440090506003030,2
440090506003031,2
440090506003032,2
440090506003033,2
440090506003034,2
440090506003035,2
440090506003036,2
440090506003037,2
440090506003038,2
440090506003039,2
440090506003040,2
440090506003041,2
440090506003042,2
440090506003043,2
440090506003044,2
440090506003045,2
440090506003046,2
440090506003047,2
440090506003048,2
440090506003049,2
440090506003050,2
440090506003051,2
440090505003000,2
440090505003001,2
440090505003002,2
440090505003003,2
440090505003004,2
440090505003005,2
440090505003006,2
440090505003007,2
440090505003008,2
440090505003009,2
440090505003010,2
440090505003011,2
440090505003012,2
440090505003013,2
440090505003014,2
440090505003015,2
440090505003016,2
440090505003017,2
440090505003018,2
440090505003019,2
440090505003020,2
440090505003021,2
440090505003022,2
440090505003023,2
440090505003024,2
440090505003025,2
440090505003026,2
440090505003027,2
440090505003028,2
440090505003029,2
440090505003030,2
440090505003031,2
440090505003032,2
440090505003033,2
440090505003034,2
440090505003035,2
440090505003036,2
440090505003037,2
440090505003038,2
440090505003039,2
440090505003040,2
440090505003041,2
440090505003042,2
440090505003043,2
440090505003044,2
440090505003045,2
440090505003046,2
440090505003047,2
440090505003048,2
440090505003049,2
440090505003050,2
440090505003051,2
440090505003052,2
440090505003053,2
440090505003054,2
440090505003055,2
440090505003056,2
440090505003057,2
440090505003058,2
440090505003059,2
440090505003060,2
440090505003061,2
440090505003062,2
440090505003063,2
440090505003064,2
440090505003065,2
440090505003066,2
440090505003067,2
440090505003068,2
440090505003069,2
440090505003070,2
440090505003071,2
440090505003072,2
440090505003073,2
440090505003074,2
440090505003075,2
440090505003076,2
440090505003077,2
440090505003078,2
440090505003079,2
440090505003080,2
440090505003081,2
440090505003082,2
440090505003083,2
440090505003084,2
440090505003085,2
440090505003086,2
440090505003087,2
440090505003088,2
440090507004000,2
440090507004001,2
440090507004002,2
440090507004003,2
440090507004004,2
440090507004005,2
440090507004006,2
440090507004007,2
440090507004008,2
440090507004009,2
440090507004010,2
440090507004011,2
440090507004012,2
440090507004013,2
440090507004014,2
440090507004015,2
440090507004016,2
440090507004017,2
440090507004018,2
440090507004019,2
440090507004020,2
440090507004021,2
440090507004022,2
440090507004023,2
440090507004024,2
440090507004025,2
440090507004026,2
440090507004027,2
440090507004028,2
440090507004029,2
440090507004030,2
440090507004031,2
440090507004032,2
440090507004033,2
440090507004034,2
440090507004035,2
440090507004036,2
440090507004037,2
440090507004038,2
440090507004039,2
440090507004040,2
440090507004041,2
440090507004042,2
440090507004043,2
440090507004044,2
440090507004045,2
440090507004046,2
440090507004047,2
440090507004048,2
440090507004049,2
440090507004050,2
440090507004051,2
440090507004052,2
440090507004053,2
440090507005000,2
440090507005001,2
440090507005002,2
440090507005003,2
440090507005004,2
440090507005005,2
440090507005006,2
440090507005007,2
440090507005008,2
440090507005009,2
440090507005010,2
440090507005011,2
440090507005012,2
440090507005013,2
440090507005014,2
440090507005015,2
440090507005016,2
440090507005017,2
440090507005018,2
440090507005019,2
440090507005020,2
440090507005021,2
440090507005022,2
440090507005023,2
440090507005024,2
440090507005025,2
440090507005026,2
440090507005027,2
440090507003000,2
440090507003001,2
440090507003002,2
440090507003003,2
440090507003004,2
440090507003005,2
440090507003006,2
440090507003007,2
440090507003008,2
440090507003009,2
440090507003010,2
440090507003011,2
440090507003012,2
440090507003013,2
440090507003014,2
440090507003015,2
440090507003016,2
440090507003017,2
440090507003018,2
440090507003019,2
440090507003020,2
440090507003021,2
440090507003022,2
440090507003023,2
440090507003024,2
440090507003025,2
440090507003026,2
440090507003027,2
440090507003028,2
440090507003029,2
440090507003030,2
440090507003031,2
440090507003032,2
440090507003033,2
440090507003034,2
440090507003035,2
440090507003036,2
440090507003037,2
440090507003038,2
440090507003039,2
440090507003040,2
440090507003041,2
440090507003042,2
440090507003043,2
440090507003044,2
440090507003045,2
440090507003046,2
440090507003047,2
440090507003048,2
440090507003049,2
440090507003050,2
440090507003051,2
440090507003052,2
440090507003053,2
440090507003054,2
440090507003055,2
440090507003056,2
440090507003057,2
440090507003058,2
440090507003059,2
440090507003060,2
440090507003061,2
440090507003062,2
440090507003063,2
440090507003064,2
440090507003065,2
440090507003066,2
440090507003067,2
440090507003068,2
440090507003069,2
440090507003070,2
440090507003071,2
440090507003072,2
440090507003073,2
440090507003074,2
440090507003075,2
440090507003076,2
440090507003077,2
440090507003078,2
440090507003079,2
440090507003080,2
440090507003081,2
440090507003082,2
440090507003083,2
440090507003084,2
440090507003085,2
440090507003086,2
440090507003087,2
440090507003088,2
440090507003089,2
440090507003090,2
440090507003091,2
440090507003092,2
440090507003093,2
440090507003094,2
440090507003095,2
440090508011000,2
440090508011001,2
440090508011002,2
440090508011003,2
440090508011004,2
440090508011005,2
440090508011006,2
440090508011007,2
440090508011008,2
440090508011009,2
440090508011010,2
440090508011011,2
440090508011012,2
440090508011013,2
440090508011014,2
440090508011015,2
440090508011016,2
440090508011017,2
440090508011018,2
440090508011019,2
440090508011020,2
440090508011021,2
440090508011022,2
440090508011023,2
440090508011024,2
440090508011025,2
440090508011026,2
440090508011027,2
440090508011028,2
440090508011029,2
440090508011030,2
440090508012000,2
440090508012001,2
440090508012002,2
440090508012003,2
440090508012004,2
440090508012005,2
440090508012006,2
440090508012007,2
440090508012008,2
440090508012009,2
440090508012010,2
440090508012011,2
440090508012012,2
440090508012013,2
440090508012014,2
440090508012015,2
440090507006000,2
440090507006001,2
440090507006002,2
440090507006003,2
440090507006004,2
440090507006005,2
440090507006006,2
440090507006007,2
440090507006008,2
440090507006009,2
440090507006010,2
440090507006011,2
440090507006012,2
440090507006013,2
440090507006014,2
440090507006015,2
440090507006016,2
440090507006017,2
440090507006018,2
440090507006019,2
440090507006020,2
440090507006021,2
440090507006022,2
440090507006023,2
440090507006024,2
440090507006025,2
440090507006026,2
440090507006027,2
440090507006028,2
440090507006029,2
440090507006030,2
440090507006031,2
440090507001000,2
440090507001001,2
440090507001002,2
440090507001003,2
440090507001004,2
440090507001005,2
440090507001006,2
440090507001007,2
440090507001008,2
440090507001009,2
440090507001010,2
440090507001011,2
440090507001012,2
440090507001013,2
440090507001014,2
440090507001015,2
440090507001016,2
440090507001017,2
440090507001018,2
440090507001019,2
440090507001020,2
440090507001021,2
440090507001022,2
440090507001023,2
440090507001024,2
440090507001025,2
440090507001026,2
440090507001027,2
440090507001028,2
440090507001029,2
440090507001030,2
440090507001031,2
440090507001032,2
440090507001033,2
440090507001034,2
440090507001035,2
440090507001036,2
440090507001037,2
440090507001038,2
440090507001039,2
440090507001040,2
440090507001041,2
440090507001042,2
440090507001043,2
440090507001044,2
440090507001045,2
440090507001046,2
440090507001047,2
440090507001048,2
440090507001049,2
440090507001050,2
440090507001051,2
440090507001052,2
440090507001053,2
440090507001054,2
440090507001055,2
440090507002000,2
440090507002001,2
440090507002002,2
440090507002003,2
440090507002004,2
440090507002005,2
440090507002006,2
440090507002007,2
440090507002008,2
440090507002009,2
440090507002010,2
440090507002011,2
440090507002012,2
440090507002013,2
440090507002014,2
440090507002015,2
440090507002016,2
440090507002017,2
440090507002018,2
440090507002019,2
440090507002020,2
440090507002021,2
440090507002022,2
440090507002023,2
440090507002024,2
440090507002025,2
440090507002026,2
440090507002027,2
440090507002028,2
440090507002029,2
440090507002030,2
440090507002031,2
440090513024000,2
440090513024001,2
440090513024002,2
440090513024003,2
440090513024004,2
440090513024005,2
440090513024006,2
440090513024007,2
440090513024008,2
440090513024009,2
440090513024010,2
440090513024011,2
440090513024012,2
440090513024013,2
440090513024014,2
440090513024015,2
440090513024016,2
440090513024017,2
440090513024018,2
440090513024019,2
440090513024020,2
440090513024021,2
440090513024022,2
440090513024023,2
440090513024024,2
440090513024025,2
440090513024026,2
440090513024027,2
440090513023000,2
440090513023001,2
440090513023002,2
440090513023003,2
440090513023004,2
440090513023005,2
440090513023006,2
440090513023007,2
440090513023008,2
440090513023009,2
440090513023010,2
440090513021000,2
440090513021001,2
440090513021002,2
440090513021003,2
440090513021004,2
440090513021005,2
440090513021006,2
440090513021007,2
440090513021008,2
440090513021009,2
440090513021010,2
440090513021011,2
440090513021012,2
440090513021013,2
440090513021014,2
440090513021015,2
440090513021016,2
440090513021017,2
440090513021018,2
440090513021019,2
440090513021020,2
440090513021021,2
440090513021022,2
440090513021023,2
440090513021024,2
440090513021025,2
440090513021026,2
440090513021027,2
440090513021028,2
440090513021029,2
440090513021030,2
440090513021031,2
440090513021032,2
440090513021033,2
440090513021034,2
440090513021035,2
440090513021036,2
440090513021037,2
440090513021038,2
440090513021039,2
440090513021040,2
440090513021041,2
440090513022000,2
440090513022001,2
440090513022002,2
440090513022003,2
440090513022004,2
440090513022005,2
440090513022006,2
440090513022007,2
440090513022008,2
440090513022009,2
440090513022010,2
440090513022011,2
440090513022012,2
440090513022013,2
440090512022000,2
440090512022001,2
440090512022002,2
440090512022003,2
440090512022004,2
440090512022005,2
440090512022006,2
440090512022007,2
440090512022008,2
440090512022009,2
440090512022010,2
440090512022011,2
440090512022012,2
440090512022013,2
440090512022014,2
440090512022015,2
440090512022016,2
440090512022017,2
440090512022018,2
440090512022019,2
440090512022020,2
440090512022021,2
440090512022022,2
440090512022023,2
440090512022024,2
440090512022025,2
440090512022026,2
440090513025000,2
440090513025001,2
440090513025002,2
440090513025003,2
440090513025004,2
440090513025005,2
440090513025006,2
440090513025007,2
440090513025008,2
440090513025009,2
440090513025010,2
440090513025011,2
440090513025012,2
440090513025013,2
440090513025014,2
440090513025015,2
440090513025016,2
440090513025017,2
440090513025018,2
440090513025019,2
440090513025020,2
440090513025021,2
440090513025022,2
440090513025023,2
440090513025024,2
440090513025025,2
440090513025026,2
440090513025027,2
440090513025028,2
440090513025029,2
440090513025030,2
440090513025031,2
440090513025032,2
440090513025033,2
440090513025034,2
440090513025035,2
440090513025036,2
440090513025037,2
440090513025038,2
440090513025039,2
440090513025040,2
440090513025041,2
440090513025042,2
440090513025043,2
440090513025044,2
440090513025045,2
440090513025046,2
440090512024000,2
440090512024001,2
440090512024002,2
440090512024003,2
440090512024004,2
440090512024005,2
440090512024006,2
440090512024007,2
440090512024008,2
440090512024009,2
440090512024010,2
440090512024011,2
440090512024012,2
440090512024013,2
440090512024014,2
440090512024015,2
440090512024016,2
440090512024017,2
440090512024018,2
440090512024019,2
440090512024020,2
440090512024021,2
440090512024022,2
440090512024023,2
440090512024024,2
440090512024025,2
440090512024026,2
440090512024027,2
440090512024028,2
440090512024029,2
440090512024030,2
440090512023000,2
440090512023001,2
440090512023002,2
440090512023003,2
440090512023004,2
440090512023005,2
440090512023006,2
440090512023007,2
440090512023008,2
440090512023009,2
440090512023010,2
440090512023011,2
440090512023012,2
440090512023013,2
440090512023014,2
440090512023015,2
440090513052000,2
440090513052001,2
440090513052002,2
440090513052003,2
440090513052004,2
440090513052005,2
440090513052006,2
440090513052007,2
440090513052008,2
440090513052009,2
440090513052010,2
440090513052011,2
440090513052012,2
440090513052013,2
440090513052014,2
440090513052015,2
440090513052016,2
440090513052017,2
440090513052018,2
440090513052019,2
440090513052020,2
440090513052021,2
440090513052022,2
440090513052023,2
440090513052024,2
440090513052025,2
440090513052026,2
440090513052027,2
440090513052028,2
440090513052029,2
440090513052030,2
440090513052031,2
440090513052032,2
440090513052033,2
440090513052034,2
440090513052035,2
440090513052036,2
440090513052037,2
440090513052038,2
440090513052039,2
440090513052040,2
440090513052041,2
440090513052042,2
440090513052043,2
440090513052044,2
440090513052045,2
440090513052046,2
440090513041000,2
440090513041001,2
440090513041002,2
440090513041003,2
440090513041004,2
440090513041005,2
440090513041006,2
440090513041007,2
440090513041008,2
440090513041009,2
440090513041010,2
440090513041011,2
440090513041012,2
440090513041013,2
440090513041014,2
440090513041015,2
440090513041016,2
440090513041017,2
440090513041018,2
440090513041019,2
440090513041020,2
440090513041021,2
440090513041022,2
440090513041023,2
440090513041024,2
440090513041025,2
440090513041026,2
440090513041027,2
440090513041028,2
440090513041029,2
440090513041030,2
440090513041031,2
440090513041032,2
440090513041033,2
440090513041034,2
440090513041035,2
440090513041036,2
440090513041037,2
440090513041038,2
440090513041039,2
440090513041040,2
440090513041041,2
440090513041042,2
440090513041043,2
440090513041044,2
440090513041045,2
440090513041046,2
440090513041047,2
440090513041048,2
440090513041049,2
440090513041050,2
440090513041051,2
440090513041052,2
440090513041053,2
440090513041054,2
440090513041055,2
440090513041056,2
440090513041057,2
440090513041058,2
440090513041059,2
440090513041060,2
440090513041061,2
440090513041062,2
440090513041063,2
440090513041064,2
440090513041065,2
440090513041066,2
440090513041067,2
440090513041068,2
440090513041069,2
440090513041070,2
440090513041071,2
440090513041072,2
440090513041073,2
440090513041074,2
440090513051000,2
440090513051001,2
440090513051002,2
440090513051003,2
440090513051004,2
440090513051005,2
440090513051006,2
440090513051007,2
440090513051008,2
440090513051009,2
440090513051010,2
440090513051011,2
440090513051012,2
440090513051013,2
440090513051014,2
440090513051015,2
440090513051016,2
440090513051017,2
440090513051018,2
440090513051019,2
440090513051020,2
440090513051021,2
440090513051022,2
440090513051023,2
440090513051024,2
440090513051025,2
440090513051026,2
440090513051027,2
440090513051028,2
440090513051029,2
440090513051030,2
440090513051031,2
440090513051032,2
440090513051033,2
440090513051034,2
440090513051035,2
440090513051036,2
440090513051037,2
440090513051038,2
440090513051039,2
440090513051040,2
440090513051041,2
440090513051042,2
440090513051043,2
440090513051044,2
440090513051045,2
440090513051046,2
440090513051047,2
440090513051048,2
440090513026000,2
440090513026001,2
440090513026002,2
440090513026003,2
440090513026004,2
440090513026005,2
440090513026006,2
440090513026007,2
440090513026008,2
440090513026009,2
440090513026010,2
440090513026011,2
440090513026012,2
440090513026013,2
440090513026014,2
440090513026015,2
440090513026016,2
440090513026017,2
440090513026018,2
440090513026019,2
440090513026020,2
440090513026021,2
440090513026022,2
440090513026023,2
440090513026024,2
440090513026025,2
440090513026026,2
440090513026027,2
440090513026028,2
440090513026029,2
440090513026030,2
440090513026031,2
440090513026032,2
440090513026033,2
440090513026034,2
440090513026035,2
440090513026036,2
440090513026037,2
440090513026038,2
440090513026039,2
440090513026040,2
440090513026041,2
440090513026042,2
440090513026043,2
440090513026044,2
440090513026045,2
440090513026046,2
440090513026047,2
440090513026048,2
440090513026049,2
440090513026050,2
440090513026051,2
440090513026052,2
440090513026053,2
440090513026054,2
440090513026055,2
440090513026056,2
440090513026057,2
440090513026058,2
440090511014000,2
440090511014001,2
440090511014002,2
440090511014003,2
440090511014004,2
440090511014005,2
440090511014006,2
440090511014007,2
440090511014008,2
440090511014009,2
440090511014010,2
440090511014011,2
440090511014012,2
440090511014013,2
440090511014014,2
440090511014015,2
440090511014016,2
440090511014017,2
440090511014018,2
440090511014019,2
440090511014020,2
440090511014021,2
440090511014022,2
440090511014023,2
440090511014024,2
440090511014025,2
440090511014026,2
440090511014027,2
440090511014028,2
440090511014029,2
440090511014030,2
440090511014031,2
440090511014032,2
440090511014033,2
440090511014034,2
440090511014035,2
440090511014036,2
440090511014037,2
440090511014038,2
440090511014039,2
440090511014040,2
440090511014041,2
440090511014042,2
440090511014043,2
440090511014044,2
440090511014045,2
440090511014046,2
440090511014047,2
440090511014048,2
440090511014049,2
440090511014050,2
440090511014051,2
440090511014052,2
440090511014053,2
440090511014054,2
440090511014055,2
440090511014056,2
440090511014057,2
440090511014058,2
440090511014059,2
440090511014060,2
440090511014061,2
440090511014062,2
440090511014063,2
440090511014064,2
440090511014065,2
440090511014066,2
440090511014067,2
440090511014068,2
440090511014069,2
440090511014070,2
440090511014071,2
440090511014072,2
440090511014073,2
440090511014074,2
440090511014075,2
440090511014076,2
440090511014077,2
440090511014078,2
440090511014079,2
440090511014080,2
440090511014081,2
440090511014082,2
440090511014083,2
440090511014084,2
440090511014085,2
440090511014086,2
440090511014087,2
440090511014088,2
440090511014089,2
440090511014090,2
440090511014091,2
440090511014092,2
440090511014093,2
440090511014094,2
440090511014095,2
440090511014096,2
440090511014097,2
440090511014098,2
440090511014099,2
440090511014100,2
440090511014101,2
440090511014102,2
440090511014103,2
440090511014104,2
440090511014105,2
440090511014106,2
440090511014107,2
440090511014108,2
440090511014109,2
440090511014110,2
440090511014111,2
440090511014112,2
440090511014113,2
440090511014114,2
440090511014115,2
440090511014116,2
440090511014117,2
440090511014118,2
440090511014119,2
440090511014120,2
440090511014121,2
440090511014122,2
440090511014123,2
440090511014124,2
440090511021000,2
440090511021001,2
440090511021002,2
440090511021003,2
440090511021004,2
440090511021005,2
440090511021006,2
440090511021007,2
440090511021008,2
440090511021009,2
440090511021010,2
440090511021011,2
440090511021012,2
440090511021013,2
440090511021014,2
440090511021015,2
440090511021016,2
440090511021017,2
440090511021018,2
440090511021019,2
440090511021020,2
440090511021021,2
440090511021022,2
440090511021023,2
440090511021024,2
440090511021025,2
440090511021026,2
440090511021027,2
440090511021028,2
440090511021029,2
440090511021030,2
440090511021031,2
440090511021032,2
440090511021033,2
440090511021034,2
440090511021035,2
440090511021036,2
440090511021037,2
440090511021038,2
440090511021039,2
440090511021040,2
440090511021041,2
440090511021042,2
440090511021043,2
440090511021044,2
440090511021045,2
440090511021046,2
440090511021047,2
440090511021048,2
440090511021049,2
440090511021050,2
440090511021051,2
440090511021052,2
440090511021053,2
440090511021054,2
440090511021055,2
440090511021056,2
440090511021057,2
440090511021058,2
440090511021059,2
440090511021060,2
440090511021061,2
440090511021062,2
440090512021000,2
440090512021001,2
440090512021002,2
440090512021003,2
440090512021004,2
440090512021005,2
440090512021006,2
440090512021007,2
440090512021008,2
440090512021009,2
440090512021010,2
440090512021011,2
440090512021012,2
440090512021013,2
440090512021014,2
440090512021015,2
440090512021016,2
440090512021017,2
440090512021018,2
440090512021019,2
440090512021020,2
440090512021021,2
440090512021022,2
440090512021023,2
440090512021024,2
440090512021025,2
440090512021026,2
440090512021027,2
440090512021028,2
440090512021029,2
440090512021030,2
440090512021031,2
440090512021032,2
440090512021033,2
440090512021034,2
440090512021035,2
440090512021036,2
440090512021037,2
440090512021038,2
440090512021039,2
440090512021040,2
440090512021041,2
440090512021042,2
440090512021043,2
440090512021044,2
440090512021045,2
440090512021046,2
440090512021047,2
440090512021048,2
440090512021049,2
440090512021050,2
440090512021051,2
440090512021052,2
440090512021053,2
440090512021054,2
440090512021055,2
440090512012000,2
440090512012001,2
440090512012002,2
440090512012003,2
440090512012004,2
440090512012005,2
440090512012006,2
440090512012007,2
440090512012008,2
440090512012009,2
440090512012010,2
440090512012011,2
440090512012012,2
440090512012013,2
440090512012014,2
440090512012015,2
440090512012016,2
440090512012017,2
440090512012018,2
440090512012019,2
440090512012020,2
440090512012021,2
440090512012022,2
440090512012023,2
440090512012024,2
440090512012025,2
440090512012026,2
440090512012027,2
440090512012028,2
440090512012029,2
440090512012030,2
440090512012031,2
440090512011000,2
440090512011001,2
440090512011002,2
440090512011003,2
440090512011004,2
440090512011005,2
440090512011006,2
440090512011007,2
440090512011008,2
440090512011009,2
440090512011010,2
440090512011011,2
440090512011012,2
440090512011013,2
440090512011014,2
440090512011015,2
440090512011016,2
440090512011017,2
440090512011018,2
440090512011019,2
440090512011020,2
440090512011021,2
440090512011022,2
440090512011023,2
440090511022000,2
440090511022001,2
440090511022002,2
440090511022003,2
440090511022004,2
440090511022005,2
440090511022006,2
440090511022007,2
440090511022008,2
440090511022009,2
440090511022010,2
440090511022011,2
440090511022012,2
440090511022013,2
440090511022014,2
440090511022015,2
440090511022016,2
440090511022017,2
440090511022018,2
440090511022019,2
440090511022020,2
440090511022021,2
440090511022022,2
440090511022023,2
440090511022024,2
440090511023000,2
440090511023001,2
440090511023002,2
440090511023003,2
440090511023004,2
440090511023005,2
440090511023006,2
440090511023007,2
440090511023008,2
440090511023009,2
440090511023010,2
440090511023011,2
440090511023012,2
440090511023013,2
440090511023014,2
440090511023015,2
440090511023016,2
440090511023017,2
440090511023018,2
440090511023019,2
440090511023020,2
440090511023021,2
440090511023022,2
440090511023023,2
440090511023024,2
440090511023025,2
440090511023026,2
440090511023027,2
440090515032000,2
440090515032001,2
440090515032002,2
440090515032003,2
440090515032004,2
440090515032005,2
440090515032006,2
440090515032007,2
440090515032008,2
440090515032009,2
440090515032010,2
440090515032011,2
440090515032012,2
440090515032013,2
440090515032014,2
440090515032015,2
440090515032016,2
440090515032017,2
440090515032018,2
440090515032019,2
440090515032020,2
440090515032021,2
440090515032022,2
440090515032023,2
440090515032024,2
440090515032025,2
440090515032026,2
440090515032027,2
440090515032028,2
440090515032029,2
440090515032030,2
440090515032031,2
440090515032032,2
440090515032033,2
440090515032034,2
440090515032035,2
440090515032036,2
440090515032037,2
440090515032038,2
440090515032039,2
440090515032040,2
440090515032041,2
440090515032042,2
440090515032043,2
440090515032044,2
440090515032045,2
440090515032046,2
440090515032047,2
440090515032048,2
440090515032049,2
440090515032050,2
440090515032051,2
440090515033000,2
440090515033001,2
440090515033002,2
440090515033003,2
440090515033004,2
440090515033005,2
440090515033006,2
440090515033007,2
440090515033008,2
440090515033009,2
440090515033010,2
440090515033011,2
440090515033012,2
440090515033013,2
440090515033014,2
440090515033015,2
440090515033016,2
440090515033017,2
440090515033018,2
440090515033019,2
440090515033020,2
440090515033021,2
440090515033022,2
440090515033023,2
440090515033024,2
440090515033025,2
440090515033026,2
440090515033027,2
440090515033028,2
440090515033029,2
440090515033030,2
440090515033031,2
440090515033032,2
440090515033033,2
440090515033034,2
440090515033035,2
440090515033036,2
440090515033037,2
440090515033038,2
440090515033039,2
440090515033040,2
440090515033041,2
440090515033042,2
440090515033043,2
440090515033044,2
440090515033045,2
440090515033046,2
440090515033047,2
440090515033048,2
440090515033049,2
440090515033050,2
440090515033051,2
440090515033052,2
440090515033053,2
440090515033054,2
440090515033055,2
440090515024000,2
440090515024001,2
440090515024002,2
440090515024003,2
440090515024004,2
440090515024005,2
440090515024006,2
440090515024007,2
440090515024008,2
440090515024009,2
440090515024010,2
440090515024011,2
440090515024012,2
440090515024013,2
440090515024014,2
440090515024015,2
440090515024016,2
440090515024017,2
440090515024018,2
440090515024019,2
440090515024020,2
440090515024021,2
440090515024022,2
440090515024023,2
440090515024024,2
440090515024025,2
440090515024026,2
440090515024027,2
440090515024028,2
440090515024029,2
440090515024030,2
440090515024031,2
440090515024032,2
440090515024033,2
440090515024034,2
440090515024035,2
440090515024036,2
440090515024037,2
440090515024038,2
440090515024039,2
440090515024040,2
440090515024041,2
440090515024042,2
440090515024043,2
440090515024044,2
440090515024045,2
440090515024046,2
440090515024047,2
440090515025000,2
440090515025001,2
440090515025002,2
440090515025003,2
440090515025004,2
440090515025005,2
440090515025006,2
440090515025007,2
440090515025008,2
440090515025009,2
440090515025010,2
440090515025011,2
440090515025012,2
440090515025013,2
440090515025014,2
440090515025015,2
440090515025016,2
440090515025017,2
440090515025018,2
440090515025019,2
440090515025020,2
440090515025021,2
440090515025022,2
440090515025023,2
440090515025024,2
440090515025025,2
440090515025026,2
440090515025027,2
440090515025028,2
440090515025029,2
440090515025030,2
440090515025031,2
440090515025032,2
440090515025033,2
440090515031000,2
440090515031001,2
440090515031002,2
440090515031003,2
440090515031004,2
440090515031005,2
440090515031006,2
440090515031007,2
440090515031008,2
440090515031009,2
440090515031010,2
440090515031011,2
440090515031012,2
440090515031013,2
440090515031014,2
440090515031015,2
440090515031016,2
440090515031017,2
440090515031018,2
440090515031019,2
440090515031020,2
440090515031021,2
440090515031022,2
440090515031023,2
440090515031024,2
440090515031025,2
440090515031026,2
440090515031027,2
440090515031028,2
440090515031029,2
440090515031030,2
440090515031031,2
440090515031032,2
440090515031033,2
440090515031034,2
440090515031035,2
440090515031036,2
440090515031037,2
440090515031038,2
440090515031039,2
440090515031040,2
440090515031041,2
440090515031042,2
440090515031043,2
440090515031044,2
440090515031045,2
440090515031046,2
440090515031047,2
440090515031048,2
440090515031049,2
440090515031050,2
440090515031051,2
440090515031052,2
440090515031053,2
440090515031054,2
440090515043000,2
440090515043001,2
440090515043002,2
440090515043003,2
440090515043004,2
440090515043005,2
440090515043006,2
440090515043007,2
440090515043008,2
440090515043009,2
440090515043010,2
440090515043011,2
440090515043012,2
440090515043013,2
440090515043014,2
440090515043015,2
440090515043016,2
440090515043017,2
440090515043018,2
440090515043019,2
440090515043020,2
440090515043021,2
440090515043022,2
440090515043023,2
440090515043024,2
440090515043025,2
440090515043026,2
440090515043027,2
440090515043028,2
440090515043029,2
440090515043030,2
440090515043031,2
440090515043032,2
440090515043033,2
440090515043034,2
440090515043035,2
440090515043036,2
440090515043037,2
440090515043038,2
440090515043039,2
440090515043040,2
440090515043041,2
440090515043042,2
440090515043043,2
440090515043044,2
440090515043045,2
440090515043046,2
440090515043047,2
440090515043048,2
440090515043049,2
440090515043050,2
440090515042000,2
440090515042001,2
440090515042002,2
440090515042003,2
440090515042004,2
440090515042005,2
440090515042006,2
440090515042007,2
440090515042008,2
440090515042009,2
440090515042010,2
440090515042011,2
440090515042012,2
440090515042013,2
440090515042014,2
440090515042015,2
440090515042016,2
440090515042017,2
440090515042018,2
440090515042019,2
440090515042020,2
440090515042021,2
440090515042022,2
440090515042023,2
440090515042024,2
440090515042025,2
440090515042026,2
440090515042027,2
440090515042028,2
440090515042029,2
440090515042030,2
440090515042031,2
440090515042032,2
440090515042033,2
440090515042034,2
440090515042035,2
440090515042036,2
440090515042037,2
440090515042038,2
440090515042039,2
440090515042040,2
440090515042041,2
440090515042042,2
440090515042043,2
440090515042044,2
440090515042045,2
440090515042046,2
440090515042047,2
440090515042048,2
440090515042049,2
440090515042050,2
440090515042051,2
440090515042052,2
440090515042053,2
440090515042054,2
440090515042055,2
440090515042056,2
440090515042057,2
440090515042058,2
440090515042059,2
440090515042060,2
440090515042061,2
440090515042062,2
440090515042063,2
440090515042064,2
440090515042065,2
440090515042066,2
440090515041000,2
440090515041001,2
440090515041002,2
440090515041003,2
440090515041004,2
440090515041005,2
440090515041006,2
440090515041007,2
440090515041008,2
440090515041009,2
440090515041010,2
440090515041011,2
440090515041012,2
440090515041013,2
440090515041014,2
440090515041015,2
440090515041016,2
440090515041017,2
440090515041018,2
440090515041019,2
440090515041020,2
440090515041021,2
440090515041022,2
440090515041023,2
440090515041024,2
440090515041025,2
440090515041026,2
440090515041027,2
440090515041028,2
440090515041029,2
440090515041030,2
440090515041031,2
440090515041032,2
440090515041033,2
440090515041034,2
440090515041035,2
440090515041036,2
440090515041037,2
440090515041038,2
440090515041039,2
440090515041040,2
440090515041041,2
440090515041042,2
440090515041043,2
440090515041044,2
440090515041045,2
440090515041046,2
440090515041047,2
440090515041048,2
440090515041049,2
440090515041050,2
440090515041051,2
440090515041052,2
440090515041053,2
440090513062000,2
440090513062001,2
440090513062002,2
440090513062003,2
440090513062004,2
440090513062005,2
440090513062006,2
440090513062007,2
440090513062008,2
440090513062009,2
440090513062010,2
440090513062011,2
440090513062012,2
440090513062013,2
440090513062014,2
440090513062015,2
440090513062016,2
440090513062017,2
440090513062018,2
440090513062019,2
440090513062020,2
440090513062021,2
440090513061000,2
440090513061001,2
440090513061002,2
440090513061003,2
440090513061004,2
440090513061005,2
440090513061006,2
440090513061007,2
440090513061008,2
440090513061009,2
440090513061010,2
440090513061011,2
440090513061012,2
440090513061013,2
440090513061014,2
440090513061015,2
440090513061016,2
440090513061017,2
440090513061018,2
440090513061019,2
440090513061020,2
440090513061021,2
440090513061022,2
440090513061023,2
440090513061024,2
440090513061025,2
440090513061026,2
440090513061027,2
440090513061028,2
440090513061029,2
440090513061030,2
440090513061031,2
440090513061032,2
440090513061033,2
440090513061034,2
440090513061035,2
440090513061036,2
440090513061037,2
440090513061038,2
440090513061039,2
440090513061040,2
440090513061041,2
440090513061042,2
440090513061043,2
440090513061044,2
440090513061045,2
440090513061046,2
440090513061047,2
440090513061048,2
440090513061049,2
440090513061050,2
440090513061051,2
440090513061052,2
440090513061053,2
440090513061054,2
440090513061055,2
440090513061056,2
440090513061057,2
440090513061058,2
440090513061059,2
440090513061060,2
440090513061061,2
440090513061062,2
440090513061063,2
440090513061064,2
440090513061065,2
440090513061066,2
440090513061067,2
440090513061068,2
440090513061069,2
440090513061070,2
440090513061071,2
440090513061072,2
440090513061073,2
440090513061074,2
440090513061075,2
440090513061076,2
440090513061077,2
440090513061078,2
440090513061079,2
440090513061080,2
440090513061081,2
440090513061082,2
440090513061083,2
440090513061084,2
440090513061085,2
440090513061086,2
440090514001000,2
440090514001001,2
440090514001002,2
440090514001003,2
440090514001004,2
440090514001005,2
440090514001006,2
440090514001007,2
440090514001008,2
440090514001009,2
440090514001010,2
440090514001011,2
440090514001012,2
440090514001013,2
440090514001014,2
440090514001015,2
440090514001016,2
440090514001017,2
440090514001018,2
440090514001019,2
440090514001020,2
440090514001021,2
440090514001022,2
440090514001023,2
440090514001024,2
440090514001025,2
440090514001026,2
440090514001027,2
440090514001028,2
440090514001029,2
440090514001030,2
440090514001031,2
440090514001032,2
440090514001033,2
440090514001034,2
440090514001035,2
440090514001036,2
440090514001037,2
440090513063000,2
440090513063001,2
440090513063002,2
440090513063003,2
440090513063004,2
440090513063005,2
440090513063006,2
440090513063007,2
440090513063008,2
440090513063009,2
440090513063010,2
440090513063011,2
440090513063012,2
440090513063013,2
440090513063014,2
440090513063015,2
440090513063016,2
440090513063017,2
440090513063018,2
440090513063019,2
440090513063020,2
440090513063021,2
440090513063022,2
440090513063023,2
440090513063024,2
440090513063025,2
440090513063026,2
440090513063027,2
440090513063028,2
440090513063029,2
440090513063030,2
440090513063031,2
440090513063032,2
440090513063033,2
440090513063034,2
440090513063035,2
440090513063036,2
440090513063037,2
440090513063038,2
440090515023000,2
440090515023001,2
440090515023002,2
440090515023003,2
440090515023004,2
440090515023005,2
440090515023006,2
440090515023007,2
440090515023008,2
440090515023009,2
440090515023010,2
440090515023011,2
440090515023012,2
440090515023013,2
440090515023014,2
440090515023015,2
440090515023016,2
440090515023017,2
440090515023018,2
440090515023019,2
440090515023020,2
440090515023021,2
440090515023022,2
440090515023023,2
440090515023024,2
440090515022000,2
440090515022001,2
440090515022002,2
440090515022003,2
440090515022004,2
440090515022005,2
440090515022006,2
440090515022007,2
440090515022008,2
440090515022009,2
440090515022010,2
440090515022011,2
440090515022012,2
440090515022013,2
440090515022014,2
440090515022015,2
440090515022016,2
440090515022017,2
440090515022018,2
440090515022019,2
440090515022020,2
440090515022021,2
440090515022022,2
440090515022023,2
440090515022024,2
440090515022025,2
440090515022026,2
440090515022027,2
440090515022028,2
440090515022029,2
440090515022030,2
440090515022031,2
440090515022032,2
440090515022033,2
440090515022034,2
440090515022035,2
440090515022036,2
440090515021000,2
440090515021001,2
440090515021002,2
440090515021003,2
440090515021004,2
440090515021005,2
440090515021006,2
440090515021007,2
440090515021008,2
440090515021009,2
440090515021010,2
440090515021011,2
440090515021012,2
440090515021013,2
440090515021014,2
440090515021015,2
440090515021016,2
440090515021017,2
440090515021018,2
440090515021019,2
440090515021020,2
440090515021021,2
440090515021022,2
440090515021023,2
440090515021024,2
440090515021025,2
440090515021026,2
440090515021027,2
440090515021028,2
440090515021029,2
440090515021030,2
440090515021031,2
440090515021032,2
440090515021033,2
440090515021034,2
440090515021035,2
440090515021036,2
440090515021037,2
440090515021038,2
440090515021039,2
440090515021040,2
440090515021041,2
440090515021042,2
440090515021043,2
440090515021044,2
440090515021045,2
440090515021046,2
440090515021047,2
440090515021048,2
440090515021049,2
440090515021050,2
440090515021051,2
440090515021052,2
440090515021053,2
440090515021054,2
440090515021055,2
440090515021056,2
440090515021057,2
440090515021058,2
440090515021059,2
440090515021060,2
440090515021061,2
440090515021062,2
440090515021063,2
440090515021064,2
440070014005000,1
440070014005001,1
440070014005002,1
440070014005003,1
440070014005004,1
440070014005008,1
440070014005009,1
440070014005010,1
440070014005011,1
440070014005012,1
440070014005013,1
440070014005014,1
440070008003000,1
440070008003001,1
440070008003008,1
440070008003010,1
440070008003011,1
440070008003012,1
440070008003040,1
440070008003041,1
440070008003042,1
440070008003043,1
440070008003044,1
440070008003045,1
440070008003046,1
440070008003047,1
440070008003048,1
440070008003049,1
440070008003050,1
440070008003051,1
440070008003052,1
440070008003053,1
440070008003054,1
440070008003055,1
440070008003056,1
440070008003057,1
440070008003058,1
440070008003059,1
440070008003060,1
440070008003061,1
440070008003067,1
440070008003068,1
440070008003069,1
440070008003072,1
440070008003073,1
440070008003074,1
440070008001000,1
440070008001001,1
440070008001009,1
440070008001010,1
440070008001020,1
440070008001021,1
440070008001022,1
440070008001023,1
440070008001031,1
440070008001032,1
440070008002014,1
440070006002003,1
440070006002004,1
440070006002005,1
440070006002006,1
440070006002007,1
440070006002008,1
440070006002009,1
440070006002010,1
440070006002011,1
440070006002012,1
440070006002013,1
440070006002014,1
440070006002015,1
440070006002016,1
440070006002017,1
440070006002018,1
440070006002019,1
440070006002020,1
440070006002021,1
440070006002022,1
440070006002023,1
440070006002024,1
440070006002025,1
440070006002026,1
440070006002027,1
440070006002028,1
440070006002029,1
440070013002004,1
440070013002005,1
440070013002006,1
440070013002007,1
440070013002008,1
440070013003007,1
440070012002013,1
440070012002014,1
440070012002015,1
440070012002016,1
440070003001001,1
440070003001002,1
440070003001003,1
440070003001004,1
440070003001005,1
440070003001006,1
440070001022000,1
440070001022001,1
440070001022002,1
440070001022003,1
440070001022004,1
440070001022005,1
440070001022045,1
440070001022046,1
440070001024000,1
440070001024001,1
440070001024002,1
440070001024003,1
440070001024004,1
440070001024006,1
440070001024007,1
440070001024008,1
440070001024010,1
440070001024011,1
440070001024012,1
440070001024013,1
440070006001000,1
440070006001001,1
440070006001002,1
440070006001003,1
440070006001004,1
440070006001005,1
440070006001006,1
440070006001007,1
440070006001008,1
440070006001009,1
440070006001010,1
440070006001011,1
440070006001012,1
440070006001013,1
440070006001014,1
440070006001015,1
440070006001016,1
440070006001017,1
440070006001018,1
440070006001019,1
440070006001020,1
440070006001021,1
440070006001022,1
440070006001023,1
440070006001024,1
440070006001025,1
440070006001026,1
440070006001027,1
440070006001028,1
440070006001029,1
440070006001030,1
440070006001031,1
440070006001032,1
440070006001033,1
440070006001034,1
440070006001035,1
440070006001036,1
440070006001037,1
440070006001038,1
440070006001039,1
440070006001040,1
440070006001041,1
440070006001042,1
440070006001043,1
440070006001044,1
440070006001045,1
440070006001046,1
440070006001047,1
440070006001048,1
440070006001049,1
440070006001050,1
440070006001051,1
440070006001052,1
440070006001053,1
440070006001054,1
440070006001055,1
440070006001056,1
440070006001057,1
440070006001058,1
440070006001059,1
440070006001060,1
440070006001061,1
440070006001062,1
440070006001063,1
440070006001064,1
440070006001065,1
440070006001066,1
440070006001073,1
440070006001074,1
440070006001075,1
440070006001076,1
440070006001077,1
440070006001078,1
440070006001079,1
440070006001080,1
440070006001081,1
440070006001082,1
440070006001083,1
440070006001084,1
440070006001085,1
440070006001086,1
440070006001087,1
440070006001088,1
440070006001089,1
440070006001090,1
440070006001091,1
440070006001092,1
440070006001093,1
440070006001094,1
440070006001095,1
440070006001096,1
440070006001097,1
440070006001098,1
440070006001099,1
440070006001100,1
440070004001002,1
440070004001003,1
440070004001004,1
440070004001005,1
440070004001006,1
440070004001007,1
440070004001008,1
440070004001009,1
440070004001010,1
440070004001011,1
440070031005000,1
440070031005001,1
440070031005002,1
440070031005003,1
440070031005004,1
440070031005005,1
440070031005006,1
440070031005007,1
440070031005008,1
440070031005009,1
440070031005010,1
440070031005011,1
440070031005012,1
440070031005013,1
440070031005014,1
440070031005015,1
440070031005016,1
440070031005017,1
440070031005018,1
440070031005019,1
440070031005020,1
440070031005021,1
440070031005023,1
440070031005026,1
440070031005027,1
440070031005028,1
440070031005029,1
440070031005030,1
440070031005031,1
440070031005032,1
440070031005033,1
440070031005034,1
440070031005035,1
440070031005036,1
440070031005039,1
440070031005040,1
440070031005041,1
440070031005042,1
440070031005046,1
440070031005047,1
440070031005048,1
440070031005049,1
440070031004000,1
440070031004001,1
440070031004002,1
440070031004003,1
440070031004004,1
440070031004005,1
440070031004006,1
440070031004007,1
440070031004008,1
440070031004011,1
440070031004012,1
440070031004013,1
440070031004014,1
440070031004015,1
440070031004016,1
440070031004017,1
440070031004018,1
440070031004019,1
440070014005005,2
440070014005006,2
440070014005007,2
440070008003002,2
440070008003003,2
440070008003004,2
440070008003005,2
440070008003006,2
440070008003007,2
440070008003009,2
440070008003013,2
440070008003014,2
440070008003015,2
440070008003016,2
440070008003017,2
440070008003018,2
440070008003019,2
440070008003020,2
440070008003021,2
440070008003022,2
440070008003023,2
440070008003024,2
440070008003025,2
440070008003026,2
440070008003027,2
440070008003028,2
440070008003029,2
440070008003030,2
440070008003031,2
440070008003032,2
440070008003033,2
440070008003034,2
440070008003035,2
440070008003036,2
440070008003037,2
440070008003038,2
440070008003039,2
440070008003062,2
440070008003063,2
440070008003064,2
440070008003065,2
440070008003066,2
440070008003070,2
440070008003071,2
440070008001002,2
440070008001003,2
440070008001004,2
440070008001005,2
440070008001006,2
440070008001007,2
440070008001008,2
440070008001011,2
440070008001012,2
440070008001013,2
440070008001014,2
440070008001015,2
440070008001016,2
440070008001017,2
440070008001018,2
440070008001019,2
440070008001024,2
440070008001025,2
440070008001026,2
440070008001027,2
440070008001028,2
440070008001029,2
440070008001030,2
440070008001033,2
440070008001034,2
440070008001035,2
440070008001036,2
440070008001037,2
440070008001038,2
440070008001039,2
440070008001040,2
440070008001041,2
440070008001042,2
440070008001043,2
440070008001044,2
440070008001045,2
440070008001046,2
440070008001047,2
440070008001048,2
440070008001049,2
440070008001050,2
440070008001051,2
440070008001052,2
440070008001053,2
440070008001054,2
440070008001055,2
440070008001056,2
440070008001057,2
440070008001058,2
440070008001059,2
440070008001060,2
440070008001061,2
440070008001062,2
440070008001063,2
440070008001064,2
440070008001065,2
440070008001066,2
440070008001067,2
440070008001068,2
440070008001069,2
440070008001070,2
440070008001071,2
440070008001072,2
440070008001073,2
440070008001074,2
440070008001075,2
440070008001076,2
440070008001077,2
440070008001078,2
440070008001079,2
440070008001080,2
440070008001081,2
440070008001082,2
440070008001083,2
440070008001084,2
440070008001085,2
440070008001086,2
440070008001087,2
440070008002000,2
440070008002001,2
440070008002002,2
440070008002003,2
440070008002004,2
440070008002005,2
440070008002006,2
440070008002007,2
440070008002008,2
440070008002009,2
440070008002010,2
440070008002011,2
440070008002012,2
440070008002013,2
440070008002015,2
440070008002016,2
440070008002017,2
440070008002018,2
440070008002019,2
440070008002020,2
440070008002021,2
440070008002022,2
440070008002023,2
440070008002024,2
440070008002025,2
440070008002026,2
440070006002000,2
440070006002001,2
440070006002002,2
440070013002000,2
440070013002001,2
440070013002002,2
440070013002003,2
440070013003000,2
440070013003001,2
440070013003002,2
440070013003003,2
440070013003004,2
440070013003005,2
440070013003006,2
440070013003008,2
440070013003009,2
440070012002000,2
440070012002001,2
440070012002002,2
440070012002003,2
440070012002004,2
440070012002005,2
440070012002006,2
440070012002007,2
440070012002008,2
440070012002009,2
440070012002010,2
440070012002011,2
440070012002012,2
440070003001000,2
440070001022006,2
440070001022007,2
440070001022008,2
440070001022009,2
440070001022010,2
440070001022011,2
440070001022012,2
440070001022013,2
440070001022014,2
440070001022015,2
440070001022016,2
440070001022017,2
440070001022018,2
440070001022019,2
440070001022020,2
440070001022021,2
440070001022022,2
440070001022023,2
440070001022024,2
440070001022025,2
440070001022026,2
440070001022027,2
440070001022028,2
440070001022029,2
440070001022030,2
440070001022031,2
440070001022032,2
440070001022033,2
440070001022034,2
440070001022035,2
440070001022036,2
440070001022037,2
440070001022038,2
440070001022039,2
440070001022040,2
440070001022041,2
440070001022042,2
440070001022043,2
440070001022044,2
440070001022047,2
440070001024005,2
440070001024009,2
440070001024014,2
440070001024015,2
440070001024016,2
440070001024017,2
440070001024018,2
440070001024019,2
440070001024020,2
440070001024021,2
440070001024022,2
440070001024023,2
440070001024024,2
440070001024025,2
440070001024026,2
440070001024027,2
440070001024028,2
440070001024029,2
440070001024030,2
440070001024031,2
440070001024032,2
440070001024033,2
440070001024034,2
440070001024035,2
440070001024036,2
440070001024037,2
440070001024038,2
440070001024039,2
440070001024040,2
440070001024041,2
440070001024042,2
440070001024043,2
440070001024044,2
440070001024045,2
440070001024046,2
440070001024047,2
440070001024048,2
440070001024049,2
440070001024050,2
440070001024051,2
440070001024052,2
440070001024053,2
440070001024054,2
440070001024055,2
440070001024056,2
440070001024057,2
440070001024058,2
440070001024059,2
440070001024060,2
440070001024061,2
440070001024062,2
440070001024063,2
440070001024064,2
440070001024065,2
440070006001067,2
440070006001068,2
440070006001069,2
440070006001070,2
440070006001071,2
440070006001072,2
440070004001000,2
440070004001001,2
440070031005022,2
440070031005024,2
440070031005025,2
440070031005037,2
440070031005038,2
440070031005043,2
440070031005044,2
440070031005045,2
440070031004009,2
440070031004010,2