GEOID20,District
110010001023032,2
110010056011000,2
110010056011001,2
110010056013000,2
110010056013001,2
110010056013002,2
110010056013003,2
110010056013004,2
110010056013005,2
110010056013006,2
110010056021000,2
110010056021001,2
110010056022000,2
110010056022001,2
110010056022002,2
110010056022003,2
110010056022004,2
110010056023000,2
110010056023001,2
110010056023002,2
110010056023003,2
110010056023004,2
110010056023005,2
110010056023006,2
110010056023007,2
110010056023008,2
110010056023009,2
110010056023010,2
110019800001100,2
110019800001101,2
110019800001102,2
110019800001103,2
110019800001104,2
110019800001105,2
110019800001106,2
110019800001107,2
110019800001108,2
110019800001109,2
110019800001110,2
110019800001111,2
110019800001112,2
110019800001127,2
110019800001182,2
110019800001183,2
110019800001184,2
110010001023033,2
110010001023034,2
110010001023035,2
110010001023036,2
110010002011000,2
110010002011001,2
110010002011002,2
110010002012000,2
110010002012001,2
110010002012002,2
110010002012003,2
110010002012004,2
110010002021000,2
110010002021001,2
110010002021002,2
110010002021003,2
110010002021004,2
110010002021005,2
110010002021006,2
110010002021007,2
110010002021008,2
110010002021009,2
110010002021010,2
110010002021011,2
110010002022000,2
110010002022001,2
110010002022002,2
110010002022003,2
110010002022004,2
110010002022005,2
110010002022006,2
110010002022007,2
110010002022008,2
110010002023000,2
110010002023001,2
110010002023002,2
110010002023003,2
110010002023004,2
110010002023005,2
110010002023006,2
110010002023007,2
110010002023008,2
110010002023009,2
110010002023010,2
110010002023011,2
110010002023012,2
110010002024000,2
110010002024001,2
110010002024002,2
110010002024003,2
110010002024004,2
110010002024005,2
110010002024006,2
110010002024007,2
110010002024008,2
110010002024009,2
110010002024010,2
110010002024011,2
110010002024012,2
110010002024013,2
110010002024014,2
110010002024015,2
110010002024016,2
110010002024017,2
110010002024020,2
110010002024021,2
110010002024022,2
110010002024023,2
110010002024024,2
110010002024025,2
110010002024026,2
110010002024027,2
110010003001003,2
110010003001004,2
110010003001005,2
110010003001006,2
110010003001007,2
110010003001008,2
110010003001009,2
110010003001010,2
110010003003002,2
110010003003003,2
110010003003004,2
110010003003005,2
110010003003006,2
110010003003007,2
110010003003008,2
110010003003009,2
110010003003010,2
110019800001113,2
110019800001114,2
110019800001115,2
110019800001116,2
110019800001117,2
110019800001118,2
110019800001119,2
110019800001177,2
110019800001178,2
110010002024018,3
110010002024019,3
110010008021000,3
110010008021001,3
110010008021002,3
110010008021003,3
110010008021004,3
110010008021005,3
110010008021006,3
110010008021007,3
110010008021008,3
110010008021009,3
110010008021010,3
110010008021011,3
110010008021012,3
110010008021013,3
110010008021014,3
110010008021015,3
110010008021016,3
110010008022000,3
110010008022001,3
110010008022002,3
110010008022003,3
110010008022004,3
110010008022005,3
110010008022006,3
110010008022007,3
110010008022008,3
110010008022009,3
110010008022010,3
110010008022011,3
110010008022012,3
110010008022013,3
110010008022014,3
110010008022015,3
110010003001000,3
110010003001001,3
110010003001002,3
110010003001011,3
110010003002000,3
110010003002001,3
110010003002002,3
110010003002003,3
110010003002004,3
110010003002005,3
110010003002006,3
110010003003000,3
110010003003001,3
110010003004000,3
110010003004001,3
110010003004002,3
110010003004003,3
110010003004004,3
110010003004005,3
110010003004006,3
110010003004007,3
110010003004008,3
110010003004009,3
110010003004010,3
110010003004011,3
110010004001019,3
110010004001020,3
110010004002010,3
110010007021000,3
110010007021001,3
110010007021002,3
110010007021003,3
110010007021004,3
110010007021005,3
110010007021006,3
110010007022000,3
110010007023000,3
110010007023001,3
110010007023002,3
110010007042009,3
110010007042010,3
110010007042011,3
110010004001000,3
110010004001001,3
110010004001002,3
110010004001003,3
110010004001004,3
110010004001005,3
110010004001006,3
110010004001007,3
110010004001008,3
110010004001009,3
110010004001010,3
110010004001011,3
110010004001012,3
110010004001013,3
110010004001014,3
110010004001015,3
110010004001016,3
110010004001017,3
110010004001018,3
110010004002000,3
110010004002001,3
110010004002002,3
110010004002003,3
110010004002004,3
110010004002005,3
110010004002006,3
110010004002007,3
110010004002008,3
110010004002009,3
110010004002011,3
110010004002012,3
110010004002013,3
110010004002014,3
110010004002015,3
110010004002023,3
110010005021010,3
110010005021011,3
110010005021012,3
110010004002016,3
110010004002017,3
110010004002018,3
110010004002019,3
110010004002020,3
110010004002021,3
110010005012000,3
110010005013000,3
110010005013001,3
110010005013002,3
110010005013003,3
110010005013004,3
110010005013005,3
110010005021000,3
110010005021001,3
110010005021002,3
110010005021003,3
110010005021004,3
110010005021005,3
110010005021006,3
110010005021007,3
110010005021008,3
110010005021009,3
110010005022000,3
110010005022001,3
110010005022002,3
110010005022003,3
110010005022004,3
110010005022005,3
110010005011000,3
110010005011001,3
110010005011002,3
110010005011003,3
110010005011004,3
110010005011005,3
110010005011006,3
110010005011007,3
110010005011008,3
110010005011009,3
110010005011010,3
110010005011011,3
110010006001000,3
110010006001001,3
110010006001002,3
110010006001003,3
110010006001004,3
110010006001005,3
110010006001006,3
110010006002000,3
110010006002001,3
110010006002002,3
110010006002003,3
110010006002004,3
110010006002005,3
110010006002006,3
110010006002007,3
110010006003000,3
110010006003001,3
110010006003002,3
110010006003003,3
110010006003004,3
110010006003005,3
110010006003006,3
110010006003007,3
110010006003008,3
110010006004001,3
110010006004005,3
110010006004006,3
110010006004007,3
110010006004008,3
110010006004009,3
110010006004010,3
110010006004011,3
110010006004013,3
110010006004014,3
110010006004015,3
110010006004016,3
110010006004017,3
110010006004018,3
110010006004019,3
110010006004000,3
110010006004002,3
110010006004003,3
110010006004004,3
110010006004012,3
110010010022005,3
110010010022006,3
110010010023000,3
110010010023001,3
110010010024000,3
110010010024001,3
110010010024002,3
110010010024003,3
110010010024004,3
110010007031000,3
110010007031001,3
110010007032000,3
110010007032001,3
110010007041000,3
110010007041001,3
110010007041002,3
110010007041003,3
110010007041004,3
110010007041005,3
110010007041006,3
110010007042000,3
110010007042001,3
110010007042002,3
110010007042003,3
110010007042004,3
110010007042005,3
110010007042006,3
110010007042007,3
110010007042008,3
110010007042012,3
110010008031000,3
110010008031001,3
110010008031002,3
110010008032000,3
110010008033000,3
110010008041000,3
110010008041002,3
110010008041003,3
110010008043001,3
110010008043002,3
110010008043003,3
110010008043004,3
110010008043005,3
110010008043006,3
110010008043007,3
110010008043008,3
110010008043009,3
110010008043010,3
110010008043011,3
110010008043012,3
110010008043013,3
110010008043014,3
110010008043015,3
110010008043016,3
110010008043017,3
110010008043018,3
110010008043019,3
110010008043020,3
110010008043021,3
110010008043022,3
110010008043023,3
110010008043024,3
110010008043025,3
110010008043028,3
110010010021000,3
110010008041001,3
110010008041004,3
110010008041005,3
110010008041006,3
110010008041007,3
110010008041008,3
110010008041009,3
110010008041010,3
110010008041011,3
110010008041012,3
110010008041013,3
110010008042000,3
110010008042001,3
110010008042002,3
110010008042003,3
110010008042004,3
110010008042005,3
110010008042006,3
110010008042007,3
110010008042008,3
110010008042009,3
110010008042010,3
110010008043026,3
110010008043027,3
110010009021000,3
110010009021001,3
110010009021002,3
110010009021003,3
110010009021004,3
110010009021005,3
110010009022000,3
110010009022001,3
110010009022002,3
110010009022003,3
110010009022004,3
110010009022005,3
110010009022006,3
110010009022007,3
110010009022008,3
110010009022009,3
110010009022010,3
110010009022011,3
110010009022012,3
110010009022013,3
110010009022014,3
110010009022015,3
110010009022016,3
110010009022017,3
110010009022018,3
110010009022019,3
110010009022020,3
110010009022021,3
110010009022022,3
110010009022023,3
110010009022024,3
110010009022025,3
110010009022026,3
110010009022027,3
110010009022028,3
110010009022029,3
110010009022030,3
110010009022031,3
110010009041000,3
110010009041001,3
110010009041002,3
110010009041003,3
110010009041004,3
110010009041005,3
110010009041006,3
110010009041007,3
110010009041008,3
110010009041009,3
110010009041010,3
110010009041011,3
110010009041012,3
110010009041013,3
110010009041014,3
110010009041015,3
110010008043000,3
110010009031000,3
110010009031001,3
110010009032000,3
110010009032001,3
110010009032002,3
110010009032003,3
110010009032004,3
110010009032005,3
110010009032006,3
110010009032007,3
110010009032008,3
110010009032009,3
110010009032010,3
110010009032011,3
110010009032012,3
110010009032013,3
110010009032014,3
110010009032015,3
110010009032016,3
110010009032017,3
110010009032018,3
110010009032019,3
110010009032020,3
110010009032021,3
110010009042000,3
110010009042001,3
110010009042002,3
110010009042003,3
110010009042004,3
110010009042005,3
110010009042006,3
110010009042007,3
110010009042008,3
110010009042009,3
110010009042010,3
110010009042011,3
110010009042012,3
110010009042013,3
110010009042014,3
110010009042015,3
110010009042016,3
110010009042017,3
110010009042018,3
110010009042019,3
110010009042020,3
110010009042021,3
110010010022000,3
110010010022001,3
110010010022002,3
110010010022003,3
110010010022004,3
110010010033000,3
110010010033001,3
110010010033002,3
110010010033003,3
110010010033004,3
110010010033005,3
110010010033006,3
110010010033007,3
110010010033008,3
110010010033009,3
110010010033010,3
110010010033011,3
110010010033012,3
110010010033013,3
110010010033014,3
110010010033015,3
110010010033016,3
110010010033017,3
110010010033018,3
110010010033019,3
110010010033020,3
110010010043000,3
110010010043001,3
110010010043002,3
110010010043003,3
110010010043004,3
110010010043005,3
110010010043006,3
110010010043007,3
110010010043008,3
110010010043009,3
110010010043010,3
110010010043011,3
110010010043012,3
110010010043013,3
110010010043014,3
110010010043015,3
110010010043016,3
110010010043017,3
110010010043018,3
110010010043019,3
110010010043020,3
110010010043021,3
110010010043022,3
110010010043023,3
110010010043024,3
110010010043025,3
110010010043026,3
110010010031000,3
110010010031001,3
110010010031002,3
110010010031003,3
110010010031004,3
110010010031005,3
110010010031006,3
110010010031007,3
110010010031008,3
110010010031009,3
110010010031010,3
110010010031011,3
110010010031012,3
110010010031013,3
110010010031014,3
110010010031015,3
110010010031016,3
110010010032000,3
110010010032001,3
110010010032002,3
110010010032003,3
110010010032004,3
110010010032005,3
110010010032006,3
110010010032007,3
110010010032008,3
110010010032009,3
110010010032010,3
110010010032011,3
110010010032012,3
110010010032013,3
110010010032014,3
110010010032015,3
110010010032016,3
110010010041000,3
110010010041001,3
110010010041002,3
110010010041003,3
110010010041004,3
110010010041005,3
110010010041006,3
110010010041007,3
110010010041008,3
110010010041009,3
110010010041010,3
110010010041011,3
110010010041012,3
110010010041013,3
110010010042000,3
110010010042001,3
110010010042002,3
110010010042003,3
110010010042004,3
110010010042005,3
110010010042006,3
110010010042007,3
110010010042008,3
110010010042009,3
110010010042010,3
110010010042011,3
110010010042012,3
110010010042013,3
110010010042014,3
110010010042015,3
110010010042016,3
110010010042017,3
110010010042018,3
110010010042019,3
110010010042020,3
110010010042021,3
110010010042022,3
110010010042023,3
110010010042024,3
110010010042025,3
110010010042026,3
110010010042027,3
110010010042028,3
110010010042029,3
110010010042030,3
110010011001000,3
110010011001001,3
110010011001002,3
110010011001003,3
110010011001004,3
110010011001005,3
110010011001006,3
110010011001007,3
110010011001008,3
110010011001009,3
110010011001010,3
110010011001011,3
110010011001012,3
110010011001013,3
110010011001014,3
110010011001015,3
110010011001016,3
110010011001017,3
110010011001018,3
110010011001019,3
110010011001020,3
110010011001021,3
110010011001022,3
110010011002000,3
110010011002001,3
110010011002002,3
110010011002003,3
110010011002004,3
110010011002005,3
110010011002006,3
110010011002007,3
110010011002008,3
110010011002009,3
110010011002010,3
110010011002011,3
110010011002012,3
110010011002013,3
110010011002014,3
110010011002015,3
110010011002016,3
110010011002017,3
110010011002018,3
110010011002019,3
110010011002020,3
110010011002021,3
110010011002022,3
110010011002023,3
110010011002024,3
110010011002025,3
110010011002026,3
110010011002027,3
110010011003000,3
110010011003001,3
110010011003002,3
110010011003003,3
110010011003004,3
110010011003005,3
110010011003006,3
110010011003007,3
110010011003008,3
110010011004000,3
110010011004001,3
110010011004002,3
110010011004003,3
110010011004004,3
110010011004005,3
110010011004006,3
110010011004007,3
110010011004008,3
110010011004009,3
110010011004010,3
110010011004011,3
110010011004012,3
110010011004013,3
110010011004014,3
110010011004015,3
110010011004016,3
110010011004019,3
110010011004020,3
110010011004021,3
110010011004022,3
110010011004023,3
110010011004024,3
110010011004025,3
110010011003009,3
110010011004017,3
110010011004018,3
110010011004026,3
110010012001000,3
110010012001001,3
110010012001002,3
110010012001003,3
110010012001004,3
110010012001005,3
110010012001006,3
110010012001007,3
110010012001008,3
110010012001009,3
110010012001010,3
110010012001011,3
110010012001012,3
110010012002000,3
110010012002001,3
110010012002002,3
110010012002003,3
110010012002004,3
110010012002005,3
110010012002006,3
110010012002007,3
110010012003000,3
110010012003001,3
110010012003002,3
110010012003003,3
110010012003004,3
110010012003005,3
110010012003006,3
110010012003007,3
110010012003008,3
110010012003009,3
110010012003010,3
110010012004000,3
110010012004001,3
110010012004002,3
110010012004003,3
110010012004004,3
110010012004005,3
110010012004006,3
110010012004007,3
110010012004008,3
110010012004009,3
110010012004010,3
110010012004011,3
110010012004012,3
110010012004013,3
110010012004014,3
110010012004015,3
110010012004016,3
110010012004017,3
110010012004018,3
110010012004019,3
110010012004020,3
110010012004021,3
110010012004022,3
110010012004023,3
110010012004024,3
110010012004025,3
110010013011000,3
110010013011001,3
110010013011002,3
110010013011003,3
110010013011004,3
110010013011005,3
110010013011006,3
110010013011007,3
110010013011008,3
110010013011009,3
110010013011010,3
110010013011011,3
110010013011012,3
110010013011013,3
110010013011014,3
110010013011015,3
110010013011016,3
110010013011017,3
110010013011018,3
110010013012000,3
110010013012001,3
110010013012002,3
110010013012003,3
110010013012004,3
110010013012005,3
110010013012006,3
110010013012007,3
110010013012008,3
110010013012009,3
110010013012010,3
110010013012011,3
110010013013000,3
110010013013001,3
110010013013002,3
110010013014000,3
110010013014001,3
110010013014002,3
110010013014003,3
110010013014004,3
110010013033000,3
110010013034000,3
110010014022003,3
110010014022007,3
110010014023007,3
110010014023010,3
110010013031000,3
110010013032000,3
110010013033001,3
110010013033002,3
110010013033003,3
110010013033004,3
110010013033005,3
110010013033006,3
110010013033007,3
110010013034001,3
110010013041000,3
110010013041001,3
110010013041002,3
110010013042000,3
110010013043000,3
110010013044000,3
110010013044001,3
110010013044002,3
110010013044003,3
110010014011000,4
110010014011001,4
110010014011002,4
110010014011003,4
110010014011004,4
110010014011005,4
110010014011006,4
110010014011007,4
110010014011017,4
110010015001000,4
110010015001001,4
110010015001003,4
110010015001004,4
110010015001005,4
110010015001006,4
110010015001007,4
110010015001008,4
110010015001009,4
110010015001010,4
110010015001011,4
110010015001012,4
110010015001013,4
110010015001014,4
110010015001015,4
110010015001016,4
110010015001017,4
110010015001018,4
110010015001023,4
110010015001024,4
110010015001027,4
110010015001028,4
110010015002000,4
110010015002001,4
110010015002002,4
110010015002003,4
110010015002004,4
110010015002005,4
110010015002006,4
110010015002007,4
110010015002008,4
110010015002009,4
110010015002010,4
110010015002011,4
110010015003000,4
110010015003001,4
110010015003002,4
110010015003003,4
110010015003004,4
110010015003005,4
110010015003006,4
110010015003007,4
110010015003008,4
110010015004000,4
110010015004001,4
110010015004002,4
110010015004003,4
110010015004004,4
110010015004005,4
110010015004006,4
110010015004007,4
110010015004008,4
110010015004009,4
110010015004010,4
110010015004011,4
110010015004012,4
110010015004013,4
110010015004014,4
110010015005000,4
110010015005001,4
110010015005002,4
110010015005003,4
110010015005004,4
110010015005005,4
110010015005006,4
110010015005007,4
110010015005008,4
110010015005009,4
110010015005010,4
110010014011008,3
110010014011009,3
110010014011010,3
110010014011011,3
110010014011012,3
110010014011013,3
110010014011014,3
110010014011015,3
110010014011016,3
110010014012000,3
110010014012001,3
110010014012002,3
110010014012003,3
110010014012004,3
110010014012005,3
110010014012006,3
110010014012007,3
110010014012008,3
110010014012009,3
110010014012010,3
110010014012011,3
110010014012012,3
110010014012013,3
110010014012014,3
110010014012015,3
110010014012016,3
110010014012017,3
110010014022004,3
110010014022005,3
110010014023000,3
110010014023001,3
110010014023002,3
110010014023003,3
110010014023004,3
110010014023005,3
110010014023006,3
110010014023008,3
110010014023009,3
110010014021000,4
110010014021001,4
110010014021002,4
110010014021003,4
110010014021004,4
110010014021005,4
110010014021006,4
110010014021007,4
110010014021008,4
110010014021009,4
110010014021010,4
110010014021011,4
110010014021012,4
110010014021013,4
110010014021014,4
110010014021015,4
110010014021016,4
110010014022000,4
110010014022001,4
110010014022002,4
110010014022006,4
110010014022008,4
110010015001019,4
110010015001020,4
110010015001021,4
110010015001022,4
110010015001025,4
110010015001026,4
110010015001029,4
110010015001030,4
110010015002012,4
110010015003009,4
110010015001002,4
110010016001000,4
110010016001001,4
110010016001002,4
110010016001003,4
110010016001004,4
110010016001005,4
110010016001006,4
110010016001007,4
110010016001008,4
110010016001009,4
110010016001010,4
110010016001011,4
110010016001012,4
110010016001013,4
110010016001014,4
110010016001015,4
110010016001016,4
110010016001017,4
110010016001018,4
110010016001019,4
110010016001020,4
110010016001021,4
110010016001022,4
110010016001023,4
110010016002000,4
110010016002001,4
110010016002002,4
110010016002003,4
110010016002004,4
110010016002005,4
110010016002006,4
110010016002007,4
110010016002008,4
110010016002009,4
110010016002010,4
110010016002011,4
110010016003000,4
110010016003001,4
110010016003002,4
110010016003003,4
110010016003004,4
110010016003005,4
110010016003006,4
110010016003007,4
110010016003008,4
110010016003009,4
110010016003010,4
110010016003011,4
110010016003012,4
110010016003013,4
110010016003014,4
110010016003015,4
110010016003016,4
110010016003017,4
110010016004000,4
110010016004001,4
110010016004002,4
110010016004003,4
110010016004004,4
110010016004005,4
110010016004006,4
110010016004007,4
110010016004008,4
110010016004009,4
110010016004010,4
110010016004011,4
110010016004012,4
110010016004013,4
110010016004014,4
110010016004015,4
110010016004016,4
110010016004017,4
110010016004018,4
110010016004019,4
110010016004020,4
110010016004021,4
110010016004022,4
110010016004023,4
110010016004024,4
110010016004025,4
110010016004026,4
110010016004027,4
110010016004028,4
110010016004029,4
110010016004030,4
110010016004031,4
110010016004032,4
110010016004033,4
110010016004034,4
110010016004035,4
110010016004036,4
110010016004037,4
110010103001000,4
110010103001001,4
110010103001002,4
110010103001003,4
110010103001004,4
110010103001005,4
110010017021000,4
110010017021001,4
110010017021002,4
110010017021003,4
110010017021004,4
110010017021005,4
110010017021006,4
110010017021007,4
110010017021008,4
110010017021009,4
110010017021010,4
110010017021011,4
110010017021012,4
110010017021013,4
110010017021014,4
110010017021015,4
110010017021016,4
110010017021017,4
110010017021018,4
110010017021019,4
110010017021020,4
110010017021021,4
110010017021022,4
110010017021023,4
110010017021024,4
110010017021025,4
110010017021026,4
110010017022000,4
110010017022001,4
110010017022002,4
110010017022003,4
110010017022004,4
110010017022005,4
110010017022006,4
110010017022007,4
110010017022008,4
110010017022011,4
110010017022012,4
110010017022013,4
110010017022014,4
110010017022015,4
110010017022016,4
110010017022017,4
110010017022018,4
110010103001006,4
110010103001007,4
110010103001008,4
110010103001009,4
110010103001010,4
110010103002000,4
110010103002001,4
110010103002002,4
110010103002003,4
110010103002004,4
110010103002005,4
110010103002006,4
110010103002007,4
110010103002008,4
110010103002009,4
110010103002010,4
110010103002011,4
110010103002012,4
110010103003000,4
110010103003001,4
110010103003002,4
110010103003003,4
110010103003004,4
110010103003005,4
110010103003006,4
110010103003007,4
110010103003008,4
110010103003009,4
110010103003010,4
110010103003011,4
110010103003012,4
110010017022009,4
110010017022010,4
110010017022019,4
110010017022020,4
110010017022021,4
110010017022022,4
110010017022023,4
110010019021000,4
110010019021001,4
110010019021002,4
110010019021003,4
110010019021006,4
110010019021007,4
110010019021008,4
110010019021009,4
110010019021010,4
110010019021013,4
110010019021014,4
110010019021015,4
110010019021016,4
110010019022018,4
110010021021000,4
110010021021001,4
110010021021002,4
110010021021003,4
110010021021004,4
110010021021005,4
110010021021006,4
110010021021007,4
110010021021008,4
110010021021009,4
110010021021010,4
110010021021014,4
110010021021015,4
110010095052000,4
110010095052001,4
110010095052002,4
110010095052003,4
110010095052004,4
110010095052005,4
110010095052006,4
110010095052007,4
110010095052008,4
110010095052009,4
110010095052010,4
110010095052011,4
110010095052012,4
110010095052013,4
110010095052014,4
110010095052015,4
110010095052016,4
110010095052017,4
110010095052018,4
110010095052019,4
110010095052020,4
110010095052021,4
110010095052022,4
110010095052023,4
110010095052024,4
110010018031000,4
110010018031001,4
110010018031002,4
110010018031003,4
110010018031004,4
110010018031005,4
110010018031006,4
110010018031007,4
110010018031008,4
110010018031009,4
110010018031010,4
110010018031011,4
110010018031012,4
110010018031013,4
110010018041000,4
110010018041001,4
110010018041002,4
110010018041003,4
110010018041004,4
110010018041005,4
110010018041006,4
110010018042000,4
110010018042001,4
110010018042002,4
110010018042003,4
110010018032000,4
110010018032001,4
110010018032002,4
110010018033000,4
110010018033001,4
110010018033002,4
110010018041007,4
110010018042004,4
110010018042005,4
110010018042006,4
110010018042007,4
110010018042008,4
110010018042009,4
110010018042010,4
110010018042011,4
110010018042012,4
110010018042013,4
110010018043000,4
110010018043001,4
110010018043002,4
110010018043003,4
110010018043004,4
110010018043005,4
110010019011000,4
110010019011001,4
110010019011002,4
110010019011003,4
110010019011004,4
110010019011005,4
110010019011006,4
110010019011007,4
110010019011008,4
110010019011009,4
110010019011010,4
110010019011011,4
110010019011012,4
110010019011013,4
110010019012005,4
110010019012006,4
110010019012008,4
110010019012010,4
110010019012011,4
110010019021004,4
110010019021005,4
110010019021011,4
110010019021012,4
110010019021017,4
110010019021018,4
110010021011000,4
110010021011001,4
110010021011002,4
110010021011003,4
110010021011004,4
110010021011005,4
110010021011006,4
110010021011007,4
110010021011008,4
110010021011009,4
110010021011010,4
110010021011011,4
110010021011012,4
110010021021011,4
110010021021012,4
110010021021013,4
110010019012000,4
110010019012001,4
110010019012002,4
110010019012003,4
110010019012004,4
110010019012007,4
110010019012009,4
110010019013000,4
110010019013001,4
110010019013002,4
110010019013003,4
110010019013004,4
110010019013005,4
110010019013006,4
110010019013007,4
110010019013008,4
110010019013009,4
110010019013010,4
110010019013011,4
110010019013012,4
110010019014000,4
110010019014001,4
110010019014002,4
110010019014003,4
110010019014004,4
110010019014005,4
110010019014006,4
110010019014007,4
110010019014008,4
110010019014009,4
110010019014010,4
110010019014011,4
110010019014012,4
110010019014013,4
110010019014014,4
110010019014015,4
110010019014016,4
110010019014017,4
110010019014018,4
110010019022000,4
110010019022001,4
110010019022002,4
110010019022003,4
110010019022004,4
110010019022005,4
110010019022006,4
110010019022007,4
110010019022008,4
110010019022009,4
110010019022010,4
110010019022011,4
110010019022012,4
110010019022013,4
110010019022014,4
110010019022015,4
110010019022016,4
110010019022017,4
110010020011000,4
110010020011001,4
110010020011002,4
110010020011003,4
110010020011004,4
110010020011005,4
110010020011006,4
110010020011007,4
110010020011008,4
110010020012000,4
110010020012001,4
110010020012002,4
110010020012003,4
110010020012004,4
110010020012005,4
110010020012006,4
110010020012007,4
110010020012008,4
110010020012009,4
110010020012010,4
110010020012011,4
110010020012012,4
110010020012013,4
110010020012014,4
110010020012015,4
110010020012016,4
110010020012017,4
110010020012018,4
110010020012019,4
110010020012020,4
110010026002000,4
110010026002001,4
110010026002002,4
110010020021000,4
110010020021001,4
110010020021002,4
110010020021003,4
110010020021004,4
110010020021005,4
110010020021006,4
110010020021007,4
110010020021008,4
110010020021009,4
110010020021010,4
110010020021011,4
110010020021012,4
110010020021013,4
110010020021014,4
110010020021015,4
110010020021016,4
110010020021017,4
110010020021018,4
110010020021019,4
110010020022000,4
110010020022001,4
110010020022002,4
110010020022003,4
110010020022004,4
110010020022005,4
110010020023000,4
110010020023001,4
110010020023002,4
110010020023003,4
110010020023004,4
110010020023005,4
110010020023006,4
110010020023007,4
110010020023008,4
110010020023009,4
110010020023010,4
110010020023011,4
110010020023012,4
110010020023013,4
110010020021020,4
110010020021021,4
110010020021022,4
110010020021023,4
110010025011000,4
110010025011001,4
110010025011002,4
110010025011003,4
110010025011004,4
110010025011005,4
110010025011006,4
110010025011007,4
110010025011008,4
110010025011009,4
110010025011010,4
110010025011011,4
110010025012000,4
110010025012001,4
110010025012002,4
110010025012003,4
110010025012004,4
110010025012005,4
110010025012006,4
110010025012007,4
110010025012008,4
110010025012009,4
110010025012010,4
110010025012011,4
110010025012012,4
110010025012013,4
110010026001004,4
110010026001005,4
110010026001006,4
110010026001021,4
110010026002003,4
110010026002004,4
110010026002005,4
110010026002006,4
110010026002007,4
110010026002008,4
110010026002009,4
110010026002010,4
110010026002011,4
110010026002012,4
110010026002013,4
110010026002014,4
110010026002015,4
110010026002016,4
110010026002017,4
110010026002018,4
110010026002019,4
110010026002020,4
110010026002021,4
110010026002022,4
110010026002023,4
110010026002024,4
110010026002025,4
110010021012000,4
110010021012001,4
110010021012002,4
110010021012003,4
110010021013000,4
110010021013001,4
110010021013002,4
110010021013003,4
110010021013004,4
110010021013005,4
110010021014000,4
110010021014001,4
110010021014002,4
110010021014003,4
110010021014004,4
110010021014005,4
110010021014006,4
110010021014007,4
110010021014008,4
110010021015000,4
110010021015001,4
110010021015002,4
110010021015003,4
110010021015004,4
110010021015005,4
110010021025002,4
110010021025003,4
110010021025004,4
110010021026002,4
110010021026003,4
110010021026006,4
110010022011000,4
110010022011001,4
110010022011002,4
110010022013000,4
110010022013001,4
110010022013002,4
110010022023001,4
110010022023002,4
110010021022000,4
110010021022001,4
110010021022002,4
110010021022003,4
110010021022004,4
110010021022005,4
110010021022006,4
110010021022007,4
110010021022008,4
110010021023000,4
110010021023001,4
110010021023002,4
110010021023003,4
110010021023004,4
110010021023005,4
110010021024000,4
110010021024001,4
110010021024002,4
110010021024003,4
110010021024004,4
110010021024005,4
110010021024006,4
110010021024007,4
110010021024008,4
110010021025000,4
110010021025001,4
110010021025005,4
110010021026000,4
110010021026001,4
110010021026004,4
110010021026005,4
110010021026007,4
110010022021000,4
110010022021001,4
110010022021002,4
110010022021004,4
110010022021005,4
110010022021006,4
110010022023000,4
110010022011003,4
110010022011004,4
110010022011005,4
110010022011006,4
110010022011007,4
110010022011008,4
110010022011009,4
110010022012000,4
110010022012001,4
110010022012002,4
110010022012003,4
110010022012004,4
110010022012005,4
110010022012006,4
110010022012007,4
110010022012012,4
110010022013003,4
110010022013004,4
110010022013005,4
110010022013006,4
110010022021003,4
110010022021007,4
110010022022000,4
110010022022001,4
110010022022002,4
110010022022003,4
110010022022004,4
110010022022005,4
110010022023003,4
110010022023004,4
110010022023005,4
110010022023006,4
110010022023007,4
110010022012008,4
110010022012009,4
110010022012010,4
110010022012011,4
110010022012013,4
110010022012014,4
110010022012015,4
110010022022006,4
110010022022007,4
110010023011000,4
110010023011001,4
110010023011002,4
110010023011003,4
110010023011004,4
110010023011005,4
110010023011006,4
110010023011007,4
110010023012000,4
110010023012001,4
110010023012002,4
110010023012003,4
110010023012004,4
110010023012005,4
110010023012006,4
110010023012007,4
110010023012008,4
110010023012009,4
110010024002000,4
110010024002001,4
110010024002002,4
110010024002003,4
110010024002004,4
110010024002005,4
110010024002006,4
110010024002007,4
110010024002008,4
110010024002009,4
110010024002010,4
110010024002011,4
110010024002012,4
110010024002013,4
110010024002014,4
110010024002015,4
110010024002016,4
110010024002017,4
110010024002018,4
110010024003000,4
110010024003001,4
110010024003002,4
110010024003007,4
110010023011008,4
110010023011009,4
110010023011010,4
110010023011011,4
110010023011012,4
110010023011013,4
110010023011014,4
110010023012010,4
110010023012011,4
110010023012012,4
110010023012013,4
110010023012014,4
110010023012015,4
110010024001000,4
110010024001001,4
110010024001002,4
110010024001003,4
110010024001004,4
110010024003003,4
110010024003004,4
110010024003005,4
110010024003006,4
110010024004000,4
110010024004001,4
110010024004002,4
110010024004003,4
110010024004004,4
110010024004005,4
110010024004006,4
110010024004007,4
110010024004008,4
110010024004009,4
110010024004010,4
110010024004011,4
110010023011015,4
110010024001005,4
110010024001006,4
110010024001007,4
110010024001008,4
110010024001009,4
110010024001010,4
110010024001011,4
110010025032003,4
110010025032004,4
110010025032005,4
110010025032006,4
110010025032007,4
110010025032008,4
110010025032009,4
110010025032010,4
110010025041004,4
110010025041005,4
110010023021000,5
110010023021001,5
110010023021003,5
110010023022000,5
110010023022001,5
110010023022002,5
110010023022003,5
110010023023000,5
110010023023001,5
110010023023002,5
110010023023003,5
110010023023004,5
110010023023005,5
110010023023006,5
110010023023007,5
110010023023008,5
110010023023009,5
110010095084000,5
110010095084001,5
110010095084002,5
110010095084003,5
110010095084004,5
110010095084005,5
110010095084008,5
110010095101000,5
110010095101001,5
110010095101002,5
110010095101003,5
110010095101004,5
110010095101005,5
110010095101006,5
110010095102000,5
110010095102001,5
110010095102002,5
110010095102003,5
110010095102004,5
110010095102005,5
110010095102006,5
110010095102007,5
110010095102008,5
110010095102009,5
110010095103000,5
110010095103001,5
110010095103002,5
110010095103003,5
110010095103004,5
110010095103005,5
110010095103006,5
110010095103007,5
110010095103008,5
110010095111002,5
110010095111003,5
110010023021002,1
110010032004009,1
110010034001000,1
110010034001001,1
110010034001002,1
110010034001003,1
110010034001004,1
110010034003010,1
110010034003011,1
110010034005000,1
110010034005001,1
110010034005002,1
110010034005003,1
110010034005004,1
110010034005005,1
110010025031000,4
110010025031001,4
110010025031002,4
110010025031003,4
110010025031004,4
110010025031005,4
110010025032000,4
110010025032001,4
110010025032002,4
110010025041000,4
110010025041001,4
110010025041002,4
110010025041003,4
110010025042000,4
110010025042001,4
110010025042002,4
110010025042003,4
110010025042004,4
110010025042005,4
110010026001000,4
110010026001001,4
110010026001002,4
110010026001003,4
110010026001007,4
110010026001008,4
110010026001009,4
110010026001010,4
110010026001011,4
110010026001012,4
110010026001013,4
110010026001014,4
110010026001015,4
110010026001016,4
110010026001017,4
110010026001018,4
110010026001019,4
110010026001020,4
110010026001022,4
110010026001023,4
110010027021000,1
110010027021001,1
110010027022000,1
110010027022001,1
110010027022002,1
110010027022003,1
110010027022004,1
110010027023000,1
110010027031000,1
110010027031001,1
110010027031002,1
110010027032000,1
110010027032001,1
110010027032002,1
110010027032003,1
110010027032004,1
110010027032005,1
110010027032006,1
110010027032007,1
110010027041000,1
110010027041001,1
110010027041002,1
110010027041003,1
110010027041004,1
110010027041005,1
110010027041006,1
110010027041007,1
110010027042000,1
110010027042001,1
110010027021002,1
110010027021003,1
110010027021004,1
110010027021005,1
110010027022005,1
110010027022006,1
110010027022007,1
110010027022008,1
110010027022009,1
110010027022010,1
110010027023001,1
110010027023002,1
110010027023003,1
110010027024000,1
110010027024001,1
110010027024002,1
110010027024003,1
110010028021003,1
110010028021004,1
110010028021005,1
110010028023002,1
110010030001000,1
110010030001001,1
110010030001002,1
110010030001003,1
110010030001004,1
110010030002000,1
110010030002001,1
110010030002004,1
110010030002005,1
110010039011000,1
110010028011000,1
110010028011001,1
110010028011002,1
110010028011003,1
110010028012000,1
110010028012001,1
110010028012002,1
110010028012003,1
110010028012004,1
110010028012005,1
110010028012006,1
110010028012007,1
110010028021000,1
110010028021001,1
110010028021002,1
110010029002001,1
110010029002002,1
110010029002003,1
110010029002004,1
110010029002006,1
110010029002007,1
110010029002008,1
110010029002009,1
110010028022000,1
110010028022001,1
110010028022002,1
110010028023000,1
110010028023001,1
110010030002002,1
110010030002003,1
110010036002000,1
110010036002001,1
110010036002002,1
110010036003000,1
110010036003001,1
110010036003002,1
110010037021000,1
110010037021001,1
110010037022000,1
110010037022001,1
110010037022002,1
110010029001000,1
110010029001001,1
110010029001002,1
110010029001003,1
110010029001004,1
110010029001005,1
110010029001006,1
110010029001007,1
110010029002000,1
110010029002005,1
110010029002010,1
110010031001000,1
110010031001001,1
110010031001002,1
110010031001003,1
110010031001004,1
110010031002006,1
110010031002007,1
110010031002008,1
110010031002009,1
110010031002010,1
110010031002011,1
110010032003000,1
110010032003001,1
110010032003002,1
110010032003003,1
110010032003004,1
110010032003005,1
110010032004000,1
110010032004001,1
110010032004002,1
110010032004003,1
110010032004004,1
110010032004005,1
110010032004006,1
110010031001005,1
110010031001006,1
110010031001007,1
110010032004007,1
110010032004008,1
110010032004010,1
110010034002000,1
110010034002001,1
110010034002002,1
110010034002003,1
110010034002004,1
110010034002005,1
110010034002006,1
110010034002007,1
110010034003000,1
110010034003001,1
110010034003002,1
110010034003003,1
110010034003004,1
110010034003005,1
110010034003006,1
110010034003007,1
110010034003008,1
110010034003009,1
110010034003016,1
110010034004000,1
110010034004001,1
110010034004002,1
110010034004003,1
110010035001000,1
110010035001001,1
110010035001002,1
110010035001003,1
110010035001004,1
110010035001005,1
110010035001006,1
110010035002000,1
110010035002001,1
110010035002002,1
110010035002003,1
110010035002004,1
110010035003000,1
110010035003001,1
110010035003002,1
110010035003003,1
110010035003004,1
110010035003005,1
110010031002000,1
110010031002001,1
110010031002002,1
110010031002003,1
110010031002004,1
110010031002005,1
110010032001000,1
110010032001001,1
110010032001002,1
110010032001003,1
110010032001004,1
110010032001005,1
110010032002000,1
110010032002001,1
110010032002002,1
110010032002003,1
110010032002004,1
110010032002005,1
110010033011000,5
110010033011001,5
110010033011002,5
110010033011003,5
110010033011004,5
110010033011005,5
110010033011006,5
110010033011007,5
110010033011008,5
110010033011009,5
110010033012000,5
110010033012001,5
110010033012002,5
110010033012003,5
110010033012004,5
110010033012005,5
110010033012006,5
110010033012007,5
110010033013000,5
110010033013001,5
110010033013002,5
110010033013003,5
110010033013004,5
110010033013005,5
110010092031001,5
110010092031002,5
110010092031003,5
110010092031004,5
110010092032013,5
110010036001000,1
110010036001001,1
110010036001002,1
110010036003003,1
110010036003004,1
110010036003005,1
110010037011000,1
110010037011001,1
110010037012000,1
110010037012001,1
110010037012002,1
110010038011000,1
110010038011001,1
110010038012000,1
110010038012001,1
110010038012002,1
110010038012003,1
110010038012004,1
110010038012005,1
110010038021000,1
110010038021001,1
110010038023000,1
110010038023001,1
110010042011000,1
110010042011001,1
110010042012000,1
110010042012001,1
110010042012002,1
110010038022000,1
110010038022001,1
110010038022002,1
110010038022003,1
110010038022004,1
110010038022005,1
110010038022006,1
110010039011001,1
110010039011002,1
110010039011003,1
110010039012000,1
110010039012001,1
110010039012002,1
110010039012003,1
110010039021000,1
110010039021001,1
110010039021002,1
110010039021003,1
110010039021004,1
110010039021005,1
110010039021006,1
110010039022000,1
110010039022001,1
110010039022002,1
110010040011000,1
110010040011001,1
110010040011002,1
110010040011003,1
110010040011004,1
110010040012000,1
110010040012001,1
110010040012002,1
110010040012003,1
110010040012004,1
110010040013000,1
110010040013001,1
110010040013002,1
110010040014000,1
110010040014001,1
110010040014002,1
110010040014003,1
110010040014004,1
110010040014005,1
110010040021000,1
110010040021001,1
110010040022000,1
110010040022001,1
110010040022002,1
110010040022003,1
110010040023000,1
110010040023001,1
110010041001000,2
110010041001001,2
110010041001002,2
110010041001003,2
110010041001004,2
110010041001005,2
110010041001006,2
110010041001007,2
110010041001008,2
110010041002000,2
110010041002001,2
110010041002002,2
110010041002003,2
110010041002004,2
110010041002005,2
110010041002006,2
110010041002007,2
110010041002008,2
110010041002009,2
110010041002010,2
110010041002011,2
110010041002012,2
110010041002013,2
110010041002014,2
110010041003000,2
110010041003001,2
110010041003002,2
110010041003003,2
110010041003004,2
110010041003005,2
110010041003006,2
110010041003011,2
110010041003012,2
110010041003013,2
110010041003014,2
110010041003015,2
110010041003016,2
110010041003017,2
110010041003018,2
110010041003020,2
110010041003007,2
110010041003008,2
110010041003009,2
110010041003010,2
110010041003019,2
110010042021001,2
110010042021002,2
110010042021005,2
110010042021006,2
110010042021007,2
110010042021008,2
110010042021009,2
110010042022000,2
110010042022001,2
110010042022002,2
110010042022003,2
110010042022004,2
110010042022005,2
110010042022006,2
110010053032003,2
110010053033001,2
110010055021000,2
110010055021001,2
110010055021002,2
110010055021003,2
110010055021004,2
110010055021005,2
110010055021006,2
110010055021007,2
110010055021008,2
110010055021009,2
110010055021010,2
110010055021011,2
110010055021012,2
110010055021013,2
110010055021014,2
110010055021015,2
110010055021016,2
110010055021017,2
110010055022000,2
110010055022001,2
110010055022002,2
110010055022003,2
110010055022004,2
110010055022005,2
110010055023000,2
110010055023001,2
110010055023002,2
110010055023003,2
110010055023004,2
110010055032000,2
110010055032001,2
110010107002003,2
110010107002004,2
110010107002005,2
110010107002006,2
110010107002007,2
110010042011002,2
110010042011003,2
110010042011004,2
110010042011005,2
110010042011006,2
110010042012003,2
110010042013000,2
110010042013001,2
110010042013002,2
110010042013003,2
110010043001000,2
110010043001001,2
110010043001002,2
110010043003004,2
110010043004000,2
110010043004001,2
110010043004002,2
110010043004003,2
110010042021000,2
110010042021003,2
110010042021004,2
110010053021000,2
110010053021001,2
110010053021002,2
110010053022000,2
110010053022001,2
110010053022002,2
110010053023000,2
110010053023001,2
110010053031000,2
110010053031001,2
110010053031002,2
110010053031003,2
110010053032000,2
110010053032001,2
110010053032002,2
110010053032004,2
110010053033000,2
110010107002000,2
110010107002001,2
110010107002002,2
110010043002000,1
110010043002001,1
110010043002002,1
110010043003000,1
110010043003001,1
110010043003002,1
110010043003003,1
110010044011000,1
110010044011001,1
110010044011002,1
110010044011003,1
110010044011004,1
110010044011005,1
110010044011006,1
110010044011007,1
110010044011008,1
110010044011009,1
110010044011010,1
110010044012000,1
110010044012001,1
110010044012002,1
110010044013000,1
110010044013001,1
110010044013002,1
110010044013003,1
110010044013004,1
110010044013005,1
110010044013007,1
110010044021000,1
110010044021001,1
110010044021002,1
110010044021003,1
110010044021004,1
110010044021005,1
110010044022003,1
110010044013006,1
110010044021006,1
110010044021007,1
110010044021008,1
110010044022000,1
110010044022001,1
110010044022002,1
110010044022004,1
110010044022005,1
110010044022006,1
110010044022007,1
110010044022008,1
110010044022009,1
110010048012003,1
110010048012004,1
110010048012000,2
110010048012001,2
110010048012002,2
110010048012005,2
110010048012006,2
110010048012007,2
110010049011000,2
110010049011001,2
110010049011002,2
110010049011003,2
110010049011004,2
110010049011005,2
110010049011006,2
110010049013000,2
110010049013002,2
110010050011000,2
110010050011001,2
110010050011002,2
110010050011003,2
110010050011004,2
110010050011005,2
110010050011006,2
110010050011007,2
110010050011008,2
110010050011009,2
110010050011010,2
110010050012000,2
110010050012001,2
110010050012002,2
110010050012003,2
110010050012004,2
110010050012005,2
110010050012006,2
110010050012007,2
110010050031000,2
110010050042002,2
110010052021000,2
110010052021001,2
110010052021002,2
110010052022000,2
110010052022001,2
110010052022002,2
110010052022003,2
110010052022004,2
110010052022005,2
110010052022006,2
110010052022007,2
110010052022008,2
110010052022009,2
110010052023000,2
110010052023001,2
110010052023002,2
110010052023003,2
110010052032000,2
110010052032001,2
110010050011011,2
110010050011012,2
110010050031001,2
110010050031002,2
110010050031003,2
110010050032000,2
110010050032001,2
110010050032002,2
110010050032003,2
110010050041000,2
110010050041001,2
110010050041002,2
110010050042000,2
110010050042001,2
110010050042003,2
110010050042004,2
110010050042005,2
110010050042006,2
110010050042007,2
110010050042008,2
110010050043000,2
110010050043001,2
110010050043002,2
110010050043003,2
110010052022010,2
110010052022011,2
110010052022012,2
110010052031000,2
110010052032002,2
110010052033000,2
110010052033001,2
110010052033002,2
110010052033003,2
110010101001000,2
110010101001001,2
110010101001002,2
110010101001003,2
110010101001005,2
110010101001006,2
110010101001007,2
110010101002002,2
110010101002003,2
110010101003000,2
110010101003001,2
110010101003002,2
110010101003008,2
110010101003014,2
110010107001000,2
110010107001001,2
110010107001002,2
110010107001003,2
110010107001004,2
110010107001010,2
110010107001011,2
110010107001012,2
110010107001013,2
110010107001014,2
110010107001015,2
110010107001016,2
110010107001017,2
110010107001018,2
110010107001021,2
110010107001022,2
110010107001023,2
110010107001024,2
110010107001025,2
110010107001026,2
110010107001028,2
110010107001029,2
110010107001030,2
110010107001031,2
110010107002009,2
110010107002010,2
110010107002011,2
110010107002012,2
110010107002013,2
110010107002014,2
110010107002015,2
110010107002016,2
110010107002017,2
110010107002018,2
110010107002019,2
110019800001035,2
110010055011000,2
110010055011001,2
110010055011002,2
110010055011003,2
110010055011004,2
110010055011005,2
110010055012000,2
110010055012001,2
110010055012002,2
110010055012003,2
110010055012004,2
110010055012005,2
110010055012006,2
110010055012007,2
110010055031000,2
110010055031001,2
110010055031002,2
110010055031003,2
110010055031004,2
110010055032002,2
110010055032003,2
110010056012000,2
110010056012001,2
110010056012002,2
110010056012003,2
110010056012004,2
110010056012005,2
110010056012006,2
110010056012007,2
110010056012008,2
110010107001005,2
110010107001006,2
110010107001007,2
110010107001008,2
110010107001009,2
110010107001019,2
110010107002008,2
110010107002020,2
110010064001000,6
110010064001001,6
110010064001002,6
110010064001003,6
110010064001004,6
110010064001005,6
110010064001006,6
110010064001007,6
110010064001008,6
110010064002000,6
110010064002001,6
110010064002002,6
110010064002003,6
110010064002004,6
110010064002005,6
110010064002006,6
110010064002007,6
110010064002008,6
110010064002009,6
110010064002010,6
110010064002011,6
110010064002012,6
110010064002013,6
110010064002014,6
110010064002015,6
110010110011000,6
110010110011001,6
110010110012000,6
110010110013000,6
110010110021000,6
110010110021001,6
110010110021002,6
110010110021003,6
110010110021004,6
110010110021005,6
110010110021006,6
110010110021007,6
110010110021008,6
110010110021009,6
110010110021010,6
110010110021011,6
110010110022000,6
110010065001000,6
110010065001001,6
110010065001002,6
110010065001003,6
110010065001004,6
110010065001005,6
110010065001006,6
110010065001007,6
110010065001008,6
110010065001012,6
110010065001013,6
110010065001014,6
110010065001015,6
110010065001016,6
110010065001017,6
110010065001018,6
110010065002000,6
110010065002001,6
110010065002002,6
110010065002003,6
110010065002010,6
110010065002011,6
110010066001000,6
110010066001001,6
110010066001002,6
110010066001003,6
110010066001004,6
110010066001005,6
110010066001006,6
110010066001007,6
110010066001008,6
110010066001009,6
110010066001010,6
110010066001011,6
110010066001012,6
110010066002000,6
110010066002001,6
110010066002002,6
110010066002003,6
110010066002004,6
110010066002005,6
110010066002006,6
110010066002007,6
110010066002008,6
110010066002009,6
110010067003002,6
110010067003003,6
110010067003009,6
110010067003010,6
110010067003013,6
110010070002001,6
110010070002002,6
110010070002005,6
110010082002000,6
110010082002004,6
110010082002005,6
110010082003000,6
110010082003001,6
110010082003002,6
110010082003003,6
110010082003004,6
110010082003005,6
110010082003006,6
110010082003007,6
110010082004009,6
110010083012018,6
110019800001192,6
110010065001009,6
110010065001010,6
110010065001011,6
110010065002004,6
110010065002005,6
110010065002006,6
110010065002007,6
110010065002008,6
110010065002009,6
110010065002013,6
110010065002014,6
110010065002015,6
110010065002016,6
110010065002017,6
110010065002018,6
110010065002019,6
110010065002020,6
110010065002021,6
110010065002022,6
110010065002023,6
110010065002024,6
110010082002001,6
110010082002002,6
110010082002003,6
110010082004001,6
110010082004002,6
110010082004004,6
110010082004005,6
110010082004006,6
110010082004007,6
110010082004010,6
110010082004011,6
110010082004012,6
110010106031009,6
110019800001002,6
110019800001003,6
110019800001004,6
110019800001005,6
110019800001006,6
110019800001007,6
110019800001008,6
110019800001009,6
110019800001010,6
110019800001011,6
110019800001012,6
110019800001016,6
110019800001017,6
110019800001058,6
110019800001059,6
110019800001060,6
110019800001061,6
110019800001062,6
110019800001063,6
110019800001064,6
110019800001065,6
110019800001066,6
110019800001067,6
110019800001068,6
110019800001069,6
110019800001070,6
110019800001071,6
110019800001072,6
110019800001073,6
110019800001074,6
110010065002012,6
110010069001012,6
110010069001013,6
110010069001014,6
110010069001015,6
110010070001000,6
110010070001001,6
110010070001002,6
110010070001003,6
110010070001004,6
110010070001005,6
110010070001006,6
110010070001007,6
110010070001008,6
110010070001009,6
110010070001010,6
110010070001011,6
110010070001012,6
110010070001013,6
110010070001014,6
110010070001015,6
110010070001016,6
110010070001017,6
110010070002000,6
110010070002003,6
110010070002004,6
110010070002006,6
110010070002007,6
110010070002008,6
110010070002009,6
110010070002010,6
110010070002011,6
110010070002012,6
110010070002013,6
110010070002014,6
110010070002015,6
110010070002016,6
110010070002017,6
110010070002018,6
110010070002019,6
110010070002020,6
110010070002021,6
110010070002022,6
110010070002023,6
110010070002024,6
110010070002025,6
110010070002026,6
110010067001000,6
110010067001001,6
110010067001002,6
110010067001003,6
110010067001004,6
110010067001005,6
110010067001006,6
110010067001007,6
110010067001008,6
110010067001009,6
110010067001010,6
110010067001011,6
110010067002000,6
110010067002001,6
110010067002002,6
110010067002003,6
110010067002004,6
110010067002005,6
110010067002006,6
110010067002007,6
110010067002008,6
110010067002009,6
110010067003000,6
110010067003001,6
110010067003004,6
110010067003005,6
110010067003006,6
110010067003007,6
110010067003008,6
110010067003011,6
110010067003012,6
110010080022019,6
110010068041000,7
110010068041001,7
110010068041002,7
110010068041003,7
110010068041004,7
110010068041005,7
110010068041006,7
110010068041007,7
110010068041008,7
110010068041009,7
110010068041010,7
110010068041011,7
110010068041012,7
110010068041013,7
110010079031000,7
110010079031001,7
110010079031002,7
110010079031003,7
110010079031004,7
110010079031005,7
110010079031006,7
110010079031007,7
110010079031008,7
110010079031009,7
110010079031010,7
110010079031011,7
110010079031012,7
110010079031013,7
110010079031014,7
110010079031015,7
110010079031016,7
110010079031017,7
110010079031018,7
110010079031019,7
110010079031020,7
110010079031021,7
110010079031022,7
110010079031023,7
110010079031024,7
110010073011000,8
110010073011001,8
110010073011002,8
110010073011003,8
110010073011004,8
110010073011005,8
110010073011006,8
110010073011007,8
110010073011008,8
110010073011009,8
110010073011010,8
110010073011011,8
110010073011012,8
110010073011013,8
110010073011014,8
110010073011015,8
110010073011016,8
110010073011017,8
110010073011018,8
110010073011019,8
110010073011020,8
110010073011021,8
110010073011022,8
110010073011023,8
110010073011024,8
110010073011025,8
110010073011026,8
110010073011027,8
110010073011028,8
110010073011029,8
110010073011030,8
110010073011031,8
110010073011032,8
110010073011033,8
110010073012000,8
110010073012001,8
110010073012002,8
110010073012003,8
110010073012006,8
110010073012007,8
110010073012008,8
110010073013000,8
110010073013001,8
110010073013002,8
110010073013003,8
110010073013004,8
110010073013005,8
110010073013006,8
110010073013007,8
110010073013008,8
110010073013009,8
110010073013010,8
110010073013011,8
110010073013012,8
110010073013014,8
110010073013015,8
110010073013016,8
110010073013017,8
110010073013018,8
110010073013019,8
110010073013020,8
110010073013021,8
110010073013022,8
110010073013023,8
110010073013024,8
110010073013025,8
110010073013026,8
110010073013027,8
110010073013028,8
110010073013029,8
110010073013030,8
110010073013031,8
110010073013032,8
110010073013033,8
110010073013034,8
110010073013035,8
110010073013036,8
110010073013037,8
110010073013038,8
110010073013039,8
110010073013040,8
110010073013041,8
110010073013042,8
110010073013043,8
110010073013044,8
110010073013045,8
110010074011010,8
110010104001001,8
110010104001002,8
110010104001003,8
110010104001004,8
110010104001005,8
110010104001006,8
110010104001007,8
110010104001008,8
110010104001009,8
110010104001010,8
110010104001011,8
110010104001012,8
110010104001013,8
110010104001014,8
110010104001019,8
110010104001020,8
110010104001021,8
110010104001023,8
110010104001024,8
110010104002000,8
110010104002001,8
110010104002002,8
110010104002003,8
110010104002004,8
110010104002005,8
110010104002006,8
110010104003010,8
110010104003011,8
110010104003012,8
110010104003013,8
110010104003014,8
110010104003015,8
110010104003016,8
110010104003017,8
110010073012004,8
110010073012005,8
110010073012009,8
110010073012010,8
110010073012011,8
110010073012012,8
110010073012013,8
110010073012014,8
110010073012015,8
110010073012016,8
110010073012017,8
110010073012018,8
110010073012019,8
110010073012020,8
110010073012021,8
110010073012022,8
110010073012023,8
110010073012024,8
110010073012025,8
110010073012026,8
110010073012027,8
110010073012028,8
110010073012029,8
110010073012030,8
110010073012031,8
110010073012032,8
110010073012033,8
110010098071001,8
110010098072000,8
110010098072001,8
110010098072002,8
110010098073000,8
110010098073001,8
110010098073002,8
110010098073003,8
110010098073004,8
110010098073005,8
110010098073006,8
110010098101003,8
110010098102002,8
110010098102003,8
110010098102004,8
110010098102005,8
110010098102006,8
110010109001000,8
110010109001001,8
110010109002000,8
110010109002001,8
110010109002002,8
110010109002003,8
110010109002004,8
110010109002005,8
110010109002006,8
110010109002007,8
110010109002008,8
110010109002009,8
110010109002010,8
110010109002011,8
110010109002012,8
110010109002013,8
110010109002014,8
110010109002015,8
110010109002016,8
110010109002017,8
110010109002018,8
110010109002019,8
110010109002020,8
110010109002021,8
110010109002022,8
110010109002024,8
110010109002025,8
110010109002026,8
110010109002027,8
110010073013013,8
110010074011000,8
110010074011001,8
110010074011002,8
110010074011003,8
110010074011004,8
110010074011005,8
110010074011007,8
110010074011008,8
110010074011009,8
110010074011011,8
110010074011012,8
110010074011013,8
110010074011014,8
110010074011015,8
110010074011016,8
110010074011017,8
110010074011018,8
110010074011019,8
110010074011020,8
110010074011021,8
110010074011022,8
110010074011023,8
110010074011024,8
110010074011025,8
110010074011026,8
110010074011027,8
110010074012000,8
110010074012001,8
110010074012002,8
110010074012003,8
110010074012004,8
110010074072000,8
110010074072001,8
110010074072002,8
110010074072003,8
110010074073000,8
110010074073001,8
110010074073002,8
110010074073003,8
110010075031009,8
110010075031010,8
110010075031011,8
110010104001000,8
110010104003000,8
110010104003001,8
110010104003002,8
110010104003003,8
110010104003004,8
110010104003005,8
110010104003006,8
110010104003007,8
110010104003008,8
110010104003009,8
110010073041000,8
110010073041001,8
110010073041002,8
110010073041003,8
110010073041004,8
110010073041005,8
110010073041006,8
110010073042000,8
110010073042001,8
110010073042002,8
110010073042003,8
110010073042004,8
110010073042005,8
110010073043000,8
110010073043001,8
110010073043002,8
110010073044002,8
110010073044003,8
110010073044004,8
110010073044005,8
110010073044006,8
110010073044007,8
110010073044008,8
110010073044000,8
110010073044001,8
110010097002000,8
110010097002001,8
110010097002002,8
110010097002003,8
110010097002004,8
110010097003000,8
110010097003001,8
110010097003002,8
110010097003003,8
110010097003004,8
110010097003005,8
110010097003006,8
110010097003007,8
110010097003008,8
110010098011000,8
110010098011001,8
110010098011002,8
110010098011003,8
110010098011004,8
110010098011005,8
110010098011006,8
110010098011007,8
110010098021000,8
110010098021001,8
110010074011006,8
110010076013000,8
110010076013001,8
110010076013002,8
110010076013003,8
110010076013004,8
110010076013005,8
110010076013011,8
110010076014000,8
110010076014001,8
110010076014002,8
110010076014003,8
110010076014004,8
110010076014005,8
110010076014006,8
110010076014007,8
110010076014009,8
110010076015005,8
110010076015006,8
110010076015007,8
110010076015009,8
110010076015010,8
110010076015011,8
110010076015014,8
110010076015015,8
110010076015016,8
110010076015017,8
110010076015018,8
110010076015019,8
110010076015020,8
110010076015021,8
110010076015022,8
110010074031000,8
110010074031001,8
110010074031002,8
110010074031003,8
110010074032000,8
110010074032001,8
110010074032002,8
110010074091000,8
110010074091001,8
110010074091002,8
110010074092000,8
110010074092001,8
110010074092002,8
110010074092003,8
110010074092004,8
110010074093000,8
110010074093001,8
110010074093002,8
110010074093003,8
110010074093004,8
110010074093005,8
110010074093006,8
110010074041000,8
110010074041001,8
110010074041002,8
110010074041003,8
110010074041004,8
110010074041005,8
110010074041006,8
110010074041007,8
110010074041008,8
110010074041009,8
110010074041010,8
110010074041011,8
110010074041012,8
110010074042000,8
110010074042001,8
110010074042002,8
110010074042003,8
110010074042004,8
110010074042005,8
110010074042006,8
110010074042007,8
110010074042008,8
110010074042009,8
110010074042010,8
110010074043000,8
110010074043001,8
110010074043002,8
110010074043003,8
110010074061000,8
110010074061001,8
110010074062000,8
110010074071001,8
110010074071002,8
110010074071003,8
110010074071004,8
110010074071005,8
110010074071006,8
110010074071007,8
110010074071008,8
110010074071009,8
110010074071010,8
110010074072004,8
110010074072005,8
110010074073004,8
110010074073005,8
110010074071000,8
110010074081000,8
110010074081001,8
110010074082000,8
110010074082001,8
110010074082002,8
110010074082003,8
110010074082004,8
110010074082005,8
110010074082006,8
110010074082007,8
110010075023000,8
110010075023001,8
110010075023002,8
110010075023003,8
110010075023004,8
110010075023005,8
110010075021000,8
110010075021001,8
110010075021002,8
110010075021003,8
110010075021004,8
110010075021005,8
110010075021006,8
110010075022000,8
110010075022001,8
110010075022002,8
110010075022003,8
110010076054002,8
110010076054003,8
110010075031000,8
110010075031001,8
110010075031002,8
110010075031003,8
110010075031004,8
110010075031005,8
110010075031006,8
110010075031007,8
110010075031008,8
110010075031012,8
110010075031013,8
110010075031014,8
110010075031015,8
110010075031016,8
110010075031017,8
110010075031018,8
110010075032000,8
110010075032001,8
110010075032002,8
110010075032003,8
110010075032004,8
110010075032005,8
110010075032006,8
110010075032007,8
110010075032008,8
110010075041000,8
110010075041001,8
110010075041002,8
110010075041003,8
110010075042000,8
110010075042001,8
110010075042002,8
110010075042003,8
110010075042004,8
110010075042005,8
110010076011004,8
110010076011005,8
110010076011006,8
110010076011007,8
110010076011008,8
110010076012000,8
110010076012001,8
110010076012002,8
110010076012003,8
110010076012004,8
110010076012005,8
110010076012006,8
110010076012007,8
110010076012008,8
110010076012009,8
110010076012010,8
110010076012011,8
110010076012012,8
110010076013006,8
110010076013007,8
110010076013008,8
110010076013009,8
110010076013010,8
110010076013012,8
110010076013013,8
110010076014008,8
110010076031000,7
110010076031001,7
110010076031002,7
110010076031003,7
110010076031004,7
110010076031005,7
110010076031006,7
110010076033000,7
110010076033001,7
110010076033002,7
110010076033003,7
110010076033004,7
110010076033005,7
110010076033006,7
110010076033007,7
110010076033008,7
110010076033009,7
110010076033010,7
110010076033011,7
110010076033012,7
110010076044000,7
110010076044001,7
110010076044020,7
110010076044021,7
110010076044022,7
110010099021004,7
110010099021005,7
110010099021006,7
110010099021012,7
110010099021013,7
110010099021014,7
110010099021015,7
110010099021016,7
110010099021017,7
110010099021018,7
110010099022000,7
110010099022001,7
110010099022002,7
110010099022003,7
110010099022004,7
110010099022005,7
110010099022006,7
110010099022007,7
110010099022008,7
110010099022009,7
110010076032000,7
110010076032001,7
110010076032002,7
110010076032003,7
110010076032004,7
110010076032005,7
110010076032006,7
110010076032007,7
110010076032008,7
110010076032009,7
110010076032010,7
110010076032011,7
110010076034000,7
110010076034001,7
110010076034002,7
110010076034003,7
110010076034004,7
110010076034005,7
110010076034006,7
110010076034007,7
110010076034008,7
110010076042012,7
110010076043001,7
110010076043002,7
110010076044006,7
110010076044007,7
110010076044008,7
110010076044009,7
110010076044010,7
110010076044011,7
110010076044012,7
110010076044013,7
110010076044014,7
110010076044015,7
110010076044016,7
110010076044017,7
110010076044018,7
110010076044019,7
110010076044023,7
110010076044024,7
110010076044025,7
110010076042000,7
110010076042001,7
110010099011000,7
110010099011001,7
110010099011002,7
110010099011003,7
110010099011004,7
110010099011005,7
110010099011006,7
110010099011007,7
110010099011008,7
110010099011009,7
110010099011010,7
110010099011011,7
110010099011012,7
110010099011013,7
110010099012003,7
110010099012004,7
110010099012005,7
110010099012006,7
110010099012007,7
110010099012008,7
110010099012009,7
110010099012010,7
110010099012011,7
110010076044002,7
110010076044003,7
110010076044004,7
110010076044005,7
110010099012012,7
110010099012013,7
110010099012014,7
110010099012015,7
110010099012016,7
110010099012017,7
110010099012018,7
110010099012019,7
110010099012020,7
110010099012021,7
110010099012022,7
110010099012023,7
110010099012024,7
110010099012025,7
110010076051000,8
110010076051001,8
110010076051002,8
110010076051003,8
110010076051004,8
110010076051005,8
110010076051006,8
110010076051007,8
110010076052000,8
110010076052001,8
110010076052002,8
110010076052003,8
110010076052004,8
110010076052005,8
110010076053000,8
110010076054000,8
110010076054001,8
110010077031000,7
110010077031001,7
110010077031002,7
110010077031003,7
110010077031004,7
110010077031005,7
110010077031006,7
110010077032000,7
110010077032001,7
110010077032002,7
110010077032003,7
110010077032004,7
110010077032005,7
110010077032006,7
110010077032007,7
110010077032008,7
110010099061001,7
110010099061002,7
110010099061009,7
110010099061010,7
110010099071000,7
110010099071001,7
110010099071002,7
110010099071003,7
110010099071004,7
110010099072000,7
110010099072001,7
110010099072002,7
110010099072003,7
110010099072004,7
110010099072005,7
110010099072006,7
110010077033000,7
110010077033001,7
110010077033002,7
110010077033003,7
110010077034000,7
110010077034001,7
110010077034002,7
110010099012000,7
110010099012001,7
110010099012002,7
110010077071000,7
110010077071001,7
110010077071002,7
110010077071003,7
110010077071004,7
110010077071005,7
110010077071006,7
110010077071007,7
110010077071008,7
110010077071009,7
110010077071010,7
110010077071011,7
110010077071012,7
110010077071013,7
110010077071014,7
110010077071015,7
110010077071016,7
110010077071017,7
110010077071018,7
110010077071019,7
110010077071020,7
110010077071021,7
110010077071022,7
110010077072000,7
110010077072001,7
110010077072002,7
110010077072003,7
110010077072004,7
110010077072005,7
110010077072006,7
110010077073002,7
110010077073003,7
110010077073004,7
110010077073005,7
110010077073006,7
110010099021000,7
110010099021001,7
110010099021002,7
110010099021003,7
110010099021007,7
110010099021008,7
110010099021009,7
110010099021010,7
110010099021011,7
110010077073000,7
110010077073001,7
110010099031000,7
110010099031001,7
110010099031002,7
110010099031003,7
110010099031004,7
110010099031005,7
110010099031006,7
110010099031007,7
110010099031008,7
110010099032000,7
110010099032001,7
110010099032006,7
110010099032007,7
110010099032008,7
110010099032009,7
110010099032010,7
110010099032011,7
110010099032012,7
110010099051003,7
110010099051004,7
110010099051007,7
110010099051008,7
110010099051011,7
110010099052000,7
110010099052001,7
110010099052002,7
110010099052003,7
110010099052004,7
110010099052005,7
110010099052006,7
110010099053000,7
110010099053003,7
110010099053004,7
110010077081000,7
110010077081001,7
110010077081002,7
110010077081003,7
110010077081004,7
110010077081005,7
110010077081006,7
110010077082000,7
110010077082001,7
110010077082002,7
110010077082003,7
110010077082004,7
110010077082005,7
110010077082006,7
110010077082008,7
110010077082009,7
110010077082010,7
110010077082011,7
110010077082012,7
110010077082013,7
110010077082014,7
110010077082015,7
110010077082016,7
110010077082017,7
110010077082018,7
110010077082019,7
110010077082020,7
110010077091000,7
110010077091001,7
110010077091002,7
110010077091003,7
110010077091004,7
110010077091005,7
110010077091010,7
110010077091011,7
110010077091012,7
110010077091013,7
110010077091021,7
110010078031000,7
110010078031001,7
110010078031002,7
110010078031003,7
110010078031004,7
110010078031005,7
110010078031006,7
110010078031007,7
110010078031008,7
110010078031009,7
110010078031010,7
110010078034000,7
110010078034001,7
110010078034002,7
110010078034003,7
110010078034004,7
110010078034005,7
110010078034006,7
110010096011032,7
110010096011033,7
110010096022004,7
110010096022005,7
110010096023018,7
110010096023019,7
110010078032000,7
110010078032001,7
110010078032002,7
110010078032003,7
110010078032004,7
110010078032005,7
110010078032006,7
110010078032007,7
110010078033000,7
110010078033001,7
110010078033002,7
110010078033003,7
110010078033004,7
110010078033005,7
110010078033006,7
110010078033007,7
110010078033008,7
110010078033009,7
110010078033010,7
110010078033011,7
110010078041005,7
110010078041006,7
110010078041007,7
110010078041008,7
110010078041009,7
110010078041010,7
110010078041011,7
110010078043000,7
110010078043001,7
110010078043002,7
110010078043003,7
110010078043012,7
110010078043013,7
110010078043014,7
110010078092015,7
110010078041000,7
110010078041001,7
110010078041002,7
110010078041003,7
110010078041004,7
110010078042000,7
110010078042001,7
110010078042002,7
110010078042003,7
110010078042004,7
110010078042005,7
110010078042006,7
110010078042007,7
110010078042008,7
110010078042009,7
110010078043004,7
110010078043005,7
110010078043006,7
110010078043007,7
110010078043008,7
110010078043009,7
110010078043010,7
110010078043011,7
110010078043015,7
110010078043016,7
110010078043017,7
110010078043018,7
110010078043019,7
110010078043020,7
110010078061000,7
110010078061001,7
110010078061002,7
110010078061003,7
110010078061004,7
110010078061005,7
110010078061006,7
110010078061007,7
110010078061008,7
110010078061009,7
110010078061010,7
110010078061011,7
110010078061012,7
110010078061013,7
110010078061014,7
110010078061015,7
110010078061016,7
110010078061017,7
110010078062000,7
110010078062001,7
110010078062002,7
110010078062003,7
110010078062004,7
110010078062005,7
110010078062006,7
110010078062007,7
110010078062008,7
110010078062009,7
110010078062010,7
110010078062011,7
110010078062012,7
110010078062014,7
110010078062015,7
110010078062016,7
110010078062017,7
110010078062018,7
110010096011030,7
110010096011031,7
110010078062013,7
110010078091000,7
110010078091001,7
110010078091002,7
110010078091003,7
110010078091004,7
110010078091005,7
110010078091006,7
110010078091007,7
110010078092000,7
110010078092001,7
110010078092002,7
110010078092003,7
110010078092004,7
110010078092005,7
110010078092006,7
110010078092007,7
110010078092008,7
110010078092009,7
110010078092010,7
110010078092011,7
110010078092012,7
110010078092013,7
110010078092014,7
110010096011028,7
110010096011029,7
110010078071000,7
110010078071001,7
110010078071002,7
110010078071003,7
110010078071004,7
110010078071005,7
110010078071006,7
110010078071007,7
110010078071008,7
110010078071009,7
110010078071010,7
110010078071011,7
110010078071012,7
110010078072000,7
110010078072001,7
110010078072002,7
110010078072003,7
110010078072004,7
110010078072005,7
110010078072006,7
110010078072007,7
110010078072008,7
110010078081000,7
110010078081001,7
110010078081002,7
110010078082000,7
110010078082003,7
110010078082004,7
110010078082005,7
110010078083000,7
110010078083001,7
110010078083002,7
110010078081003,7
110010078081004,7
110010078081005,7
110010078081006,7
110010078081007,7
110010078081008,7
110010078081009,7
110010078081010,7
110010078081011,7
110010078081012,7
110010078081013,7
110010078081014,7
110010078082001,7
110010078082002,7
110010078082006,7
110010078082007,7
110010078082008,7
110010078082009,7
110010078082010,7
110010078082011,7
110010078082012,7
110010078082013,7
110010078082014,7
110010078082015,7
110010078082016,7
110010078083003,7
110010078083004,7
110010078083005,7
110010078083006,7
110010078083007,7
110010078083008,7
110010078083009,7
110010078083010,7
110010078083011,7
110010080022018,6
110010081001000,6
110010081001001,6
110010081001002,6
110010081001003,6
110010081001004,6
110010081001005,6
110010081002000,6
110010081002001,6
110010081002002,6
110010081002003,6
110010081002004,6
110010081002005,6
110010081002006,6
110010081002007,6
110010081002008,6
110010081003000,6
110010081003001,6
110010081003002,6
110010081003003,6
110010081003004,6
110010081003005,6
110010081003006,6
110010081003007,6
110010081003008,6
110010081003009,6
110010081003010,6
110010081003011,6
110010081003012,6
110010082001000,6
110010082001001,6
110010082001002,6
110010082001003,6
110010082001004,6
110010082001005,6
110010082001006,6
110010083023000,6
110010083023001,6
110010083023002,6
110010083023003,6
110010083023004,6
110010083023005,6
110010082004000,6
110010082004003,6
110010082004008,6
110010083011004,6
110010083011005,6
110010083011006,6
110010083011007,6
110010083012000,6
110010083012001,6
110010083012002,6
110010083012003,6
110010083012004,6
110010083012005,6
110010083012006,6
110010083012007,6
110010083012008,6
110010083012009,6
110010083012010,6
110010083012011,6
110010083012012,6
110010083012013,6
110010083012014,6
110010083012015,6
110010083012016,6
110010083012017,6
110010083021000,6
110010083021001,6
110010083021002,6
110010083021003,6
110010083021004,6
110010083021005,6
110010083021006,6
110010083021007,6
110010083021008,6
110010083022002,6
110010083022003,6
110010083022004,6
110010083011000,6
110010083011001,6
110010083011002,6
110010083011003,6
110010083022000,6
110010083022001,6
110010084101007,6
110010084101010,6
110010084101011,6
110010106011002,6
110010106011003,6
110010106012001,6
110010106012002,6
110010106012003,6
110010106012004,6
110010106021001,6
110010106021002,6
110010106021003,6
110010106021004,6
110010106021005,6
110010106021006,6
110010106021007,6
110010106022000,6
110010106022001,6
110010106022002,6
110010106022003,6
110010106022004,6
110010106022005,6
110010106023000,6
110010106023001,6
110010106023002,6
110010106023003,6
110010106023004,6
110010106023005,6
110010106023006,6
110010106023007,6
110010106023008,6
110010106024000,6
110010106024001,6
110010106024002,6
110010106024003,6
110010106024004,6
110010106024005,6
110010106024006,6
110010106024007,6
110010106024008,6
110010106024009,6
110010106024010,6
110010106024011,6
110010106024012,6
110010106024013,6
110010106024014,6
110010106024015,6
110010106031000,6
110010106031001,6
110010106031002,6
110010106031003,6
110010106031004,6
110010106031005,6
110010106031006,6
110010106031007,6
110010106031008,6
110010106032000,6
110010106033000,6
110010106033001,6
110010106033002,6
110010106033003,6
110019800001000,6
110019800001001,6
110010084021000,6
110010084021001,6
110010084021002,6
110010084021003,6
110010084021004,6
110010084021005,6
110010084021006,6
110010084021007,6
110010084021008,6
110010084021009,6
110010084021010,6
110010084021011,6
110010084021012,6
110010084021013,6
110010084022000,6
110010084022001,6
110010084022002,6
110010084022003,6
110010084022004,6
110010084022005,6
110010084022006,6
110010084022007,6
110010084022008,6
110010084022009,6
110010084022010,6
110010084101000,6
110010084101001,6
110010084101002,6
110010084101003,6
110010084101004,6
110010084101005,6
110010084101006,6
110010084101008,6
110010084101009,6
110010084101012,6
110010084101013,6
110010084101014,6
110010084101015,6
110010084101016,6
110010084101017,6
110010084101018,6
110010084101019,6
110010106021000,6
110010087011000,5
110010087011001,5
110010087011002,5
110010087011003,5
110010087011004,5
110010087011005,5
110010087011006,5
110010087011007,5
110010087011008,5
110010087011009,5
110010087011010,5
110010087012000,5
110010087012001,5
110010087012002,5
110010087012003,5
110010087012004,5
110010087012005,5
110010087012006,5
110010087012007,5
110010087012008,5
110010087012009,5
110010087012010,5
110010087012011,5
110010087021000,5
110010087021001,5
110010087021002,5
110010087021003,5
110010087021004,5
110010087021005,5
110010087021006,5
110010087021007,5
110010087021008,5
110010087021009,5
110010087021010,5
110010087021011,5
110010087021012,5
110010087021013,5
110010087022000,5
110010087022001,5
110010087023000,5
110010087023001,5
110010087023002,5
110010087023003,5
110010087023004,5
110010087023005,5
110010087023006,5
110010087023007,5
110010087023008,5
110010106011000,5
110010106011001,5
110010106012000,5
110010088021000,5
110010088021001,5
110010088021002,5
110010088021003,5
110010088021004,5
110010088021005,5
110010088022000,5
110010088022001,5
110010088022002,5
110010088022003,5
110010088022004,5
110010088022005,5
110010088022006,5
110010088022007,5
110010088022008,5
110010088022009,5
110010088022010,5
110010088022011,5
110010088023000,5
110010088023001,5
110010088023002,5
110010088023003,5
110010088023004,5
110010088023005,5
110010088024000,5
110010088024001,5
110010088024002,5
110010088024003,5
110010088024004,5
110010088024005,5
110010088042017,5
110010088031000,5
110010088031001,5
110010088031002,5
110010088031003,5
110010088031004,5
110010088031005,5
110010088031006,5
110010088031007,5
110010088031008,5
110010088031009,5
110010088031010,5
110010088031011,5
110010088031012,5
110010088031013,5
110010088031014,5
110010088031015,5
110010088031016,5
110010088031017,5
110010088031018,5
110010088032000,5
110010088032001,5
110010088032002,5
110010088032003,5
110010088032004,5
110010088032005,5
110010088032006,5
110010088032007,5
110010088032008,5
110010088032009,5
110010088032010,5
110010088032011,5
110010088032012,5
110010088032013,5
110010088032014,5
110010088032015,5
110010088032016,5
110010088032017,5
110010088032018,5
110010088032019,5
110010088041000,5
110010088041001,5
110010088041004,5
110010088042000,5
110010088042001,5
110010088042004,5
110010088042010,5
110010091023008,5
110010091024011,5
110010088041002,5
110010088041003,5
110010088041005,5
110010088041006,5
110010088042002,5
110010088042003,5
110010088042005,5
110010088042006,5
110010088042007,5
110010088042008,5
110010088042009,5
110010088042011,5
110010088042012,5
110010088042013,5
110010088042014,5
110010088042015,5
110010088042016,5
110010089031000,5
110010089031001,5
110010089031002,5
110010089031003,5
110010089031004,5
110010089032000,5
110010089032001,5
110010089032002,5
110010089032003,5
110010089032004,5
110010089032005,5
110010089032006,5
110010089032007,5
110010089032008,5
110010089033000,5
110010089033001,5
110010089033002,5
110010089033003,5
110010089033004,5
110010089033005,5
110010089033006,5
110010089033007,5
110010089033010,5
110010111003020,5
110010111003021,5
110010111003022,5
110010111003023,5
110010111003024,5
110010111003025,5
110010111003035,5
110010111003036,5
110010111003044,5
110010111003045,5
110010111003046,5
110010111003047,5
110010111003048,5
110010111003050,5
110010111003051,5
110010111003052,5
110010111003054,5
110010111003055,5
110010089032009,5
110010089033008,5
110010089033009,5
110010089033011,5
110010089033012,5
110010089041000,5
110010089041001,5
110010089041002,5
110010089041003,5
110010089041004,5
110010089041005,5
110010089041006,5
110010089041007,5
110010089041008,5
110010089041009,5
110010089042000,5
110010089042001,5
110010089042002,5
110010089042003,5
110010089043000,5
110010089043001,5
110010111003053,5
110010111003056,5
110010090001000,5
110010090001001,5
110010090001002,5
110010090001003,5
110010090001004,5
110010090001005,5
110010090002000,5
110010090002001,5
110010090002002,5
110010090002003,5
110010090002004,5
110010090002005,5
110010090002006,5
110010090002007,5
110010090002008,5
110010090002009,5
110010090003000,5
110010090003001,5
110010090003002,5
110010090003003,5
110010090003004,5
110010090003005,5
110010090003006,5
110010090003007,5
110010090003010,5
110010090003011,5
110010090003008,5
110010090003009,5
110010094003010,5
110010094003016,5
110010094003017,5
110010094003018,5
110010094003019,5
110010094003020,5
110010094003021,5
110010094003022,5
110010111001000,5
110010111001001,5
110010111001002,5
110010111001003,5
110010111001004,5
110010111001005,5
110010111001006,5
110010111001007,5
110010111001008,5
110010111001009,5
110010111001010,5
110010111001011,5
110010111001012,5
110010111001013,5
110010111001014,5
110010111001015,5
110010111001016,5
110010111001017,5
110010111001018,5
110010111001019,5
110010111001020,5
110010111001021,5
110010111001022,5
110010111001023,5
110010111001024,5
110010111001025,5
110010111001026,5
110010111001027,5
110010111001028,5
110010111001029,5
110010111001030,5
110010111001031,5
110010111001032,5
110010111001033,5
110010111001034,5
110010111001035,5
110010111001036,5
110010111001037,5
110010111001038,5
110010111001039,5
110010111002002,5
110010111002003,5
110010111002004,5
110010111002005,5
110010111002006,5
110010111002007,5
110010111002008,5
110010111002009,5
110010111002010,5
110010111002011,5
110010111002012,5
110010111002013,5
110010111002014,5
110010111002015,5
110010111002016,5
110010111002017,5
110010111002018,5
110010111002019,5
110010111002020,5
110010111002021,5
110010111002022,5
110010111002023,5
110010111002024,5
110010111002037,5
110010111003000,5
110010091021000,5
110010091021001,5
110010091021002,5
110010091021003,5
110010091021004,5
110010091021005,5
110010091021006,5
110010091021007,5
110010091021008,5
110010091021009,5
110010091021010,5
110010091021011,5
110010091021012,5
110010091021013,5
110010091021014,5
110010091021015,5
110010091021016,5
110010091021017,5
110010091022000,5
110010091022001,5
110010091022002,5
110010091022003,5
110010091022004,5
110010091023000,5
110010091023001,5
110010091023002,5
110010091023003,5
110010091023004,5
110010091023005,5
110010091023006,5
110010091023007,5
110010091024000,5
110010091024001,5
110010091024002,5
110010091024003,5
110010091024004,5
110010091024005,5
110010091024006,5
110010091024007,5
110010091024008,5
110010091024009,5
110010091024010,5
110010111002025,5
110010111002026,5
110010111002027,5
110010111002028,5
110010111002029,5
110010111002030,5
110010111002031,5
110010111002032,5
110010111002033,5
110010111002034,5
110010111002035,5
110010111002036,5
110010111003001,5
110010111003002,5
110010111003003,5
110010111003004,5
110010111003005,5
110010111003006,5
110010111003007,5
110010111003008,5
110010111003009,5
110010111003010,5
110010111003011,5
110010111003012,5
110010111003013,5
110010111003014,5
110010111003015,5
110010111003016,5
110010111003017,5
110010111003018,5
110010111003019,5
110010111003026,5
110010111003027,5
110010111003028,5
110010111003029,5
110010111003030,5
110010111003031,5
110010111003032,5
110010111003033,5
110010111003034,5
110010111003037,5
110010111003038,5
110010111003039,5
110010111003040,5
110010111003041,5
110010111003042,5
110010111003043,5
110010111003049,5
110010092011000,5
110010092011001,5
110010092011002,5
110010092011003,5
110010092011004,5
110010092011005,5
110010092011006,5
110010092011007,5
110010092012000,5
110010092012001,5
110010092012002,5
110010092012003,5
110010092012004,5
110010092012005,5
110010092012006,5
110010092012007,5
110010092012008,5
110010092012009,5
110010092012010,5
110010092012011,5
110010092012012,5
110010092031000,5
110010092032000,5
110010092032001,5
110010092032002,5
110010092032003,5
110010092032004,5
110010092032005,5
110010092032006,5
110010092032007,5
110010092032008,5
110010092032009,5
110010092032010,5
110010092032011,5
110010092032012,5
110010092041000,5
110010092041001,5
110010092041002,5
110010092041003,5
110010092041004,5
110010092041005,5
110010092041006,5
110010092041007,5
110010092041008,5
110010092042000,5
110010093021010,5
110010093021011,5
110010093021012,5
110010093021013,5
110010093021015,5
110010093011000,5
110010093011001,5
110010093011002,5
110010093012000,5
110010093012001,5
110010093012002,5
110010093014000,5
110010093014001,5
110010095032007,5
110010095032008,5
110010095032009,5
110010095032010,5
110010095032011,5
110010095032012,5
110010095032013,5
110010095033008,5
110010095033010,5
110010095033011,5
110010095033012,5
110010095033013,5
110010095033014,5
110010095033015,5
110010095041000,5
110010095041001,5
110010095041002,5
110010095041003,5
110010095041004,5
110010095041005,5
110010095041006,5
110010095041007,5
110010095041008,5
110010095041009,5
110010095041010,5
110010095041011,5
110010095041012,5
110010095041013,5
110010095041014,5
110010095041015,5
110010095041016,5
110010095041017,5
110010095041018,5
110010095041019,5
110010095041020,5
110010095041021,5
110010095041022,5
110010095041023,5
110010095101007,5
110010095101008,5
110010095111000,5
110010095111001,5
110010093011003,5
110010093011004,5
110010093011005,5
110010093011006,5
110010093011007,5
110010093011008,5
110010093011009,5
110010093011010,5
110010093011011,5
110010093011012,5
110010093011013,5
110010093011014,5
110010093013000,5
110010093013001,5
110010093013002,5
110010093013007,5
110010093013008,5
110010093013009,5
110010093013010,5
110010093013011,5
110010093013012,5
110010093013013,5
110010093013014,5
110010093013017,5
110010093013018,5
110010093013019,5
110010094002006,5
110010094002007,5
110010094002008,5
110010094002009,5
110010094002010,5
110010094002011,5
110010094002012,5
110010094002013,5
110010094002014,5
110010094002015,5
110010094002016,5
110010094002017,5
110010094002018,5
110010094002019,5
110010094002020,5
110010094002021,5
110010094002022,5
110010094002023,5
110010093012003,5
110010093012004,5
110010093012005,5
110010093012006,5
110010093012007,5
110010093012008,5
110010093012009,5
110010093012010,5
110010093012011,5
110010093012012,5
110010093012013,5
110010093012014,5
110010093012015,5
110010093012016,5
110010093012017,5
110010093012018,5
110010093012019,5
110010093012020,5
110010093012021,5
110010093013003,5
110010093013004,5
110010093013005,5
110010093013006,5
110010093013015,5
110010093013016,5
110010093013020,5
110010093013021,5
110010093014002,5
110010093014003,5
110010093014004,5
110010093014005,5
110010093014006,5
110010093014007,5
110010093014008,5
110010093014009,5
110010093021000,5
110010093021001,5
110010093021002,5
110010093021003,5
110010093021004,5
110010093021005,5
110010093021006,5
110010093021007,5
110010093021008,5
110010093021009,5
110010093021014,5
110010093021016,5
110010094001000,5
110010094001001,5
110010094001002,5
110010094001003,5
110010094001004,5
110010094001005,5
110010094001006,5
110010094001007,5
110010094001008,5
110010094001009,5
110010094001010,5
110010094001011,5
110010094001012,5
110010094001013,5
110010094001014,5
110010094001015,5
110010094001016,5
110010094001017,5
110010094001018,5
110010094001019,5
110010094001020,5
110010094002000,5
110010094002001,5
110010094002002,5
110010094002003,5
110010094002004,5
110010094002005,5
110010094003000,5
110010094003001,5
110010094003002,5
110010094003003,5
110010094003004,5
110010094003005,5
110010094003006,5
110010094003007,5
110010094003008,5
110010094003009,5
110010094003011,5
110010094003012,5
110010094003013,5
110010094003014,5
110010094003015,5
110010094004000,5
110010094004001,5
110010094004002,5
110010094004003,5
110010094004004,5
110010094004005,5
110010094004006,5
110010094004007,5
110010094004008,5
110010094004009,5
110010094004010,5
110010094004011,5
110010094004012,5
110010094004013,5
110010094004014,5
110010094004015,5
110010094004016,5
110010111002000,5
110010111002001,5
110010095031000,5
110010095031004,5
110010095081000,5
110010095081001,5
110010095081002,5
110010095081003,5
110010095081004,5
110010095081005,5
110010095081006,5
110010095081007,5
110010095081008,5
110010095082000,5
110010095082001,5
110010095082002,5
110010095082003,5
110010095082004,5
110010095082005,5
110010095082006,5
110010095082007,5
110010095082008,5
110010095083000,5
110010095083001,5
110010095084006,5
110010095084007,5
110010095091000,5
110010095091001,5
110010095091002,5
110010095091003,5
110010095091004,5
110010095091005,5
110010095091006,5
110010095091007,5
110010095091008,5
110010095092000,5
110010095092001,5
110010095092002,5
110010095092003,5
110010095092004,5
110010095092005,5
110010095092006,5
110010095092007,5
110010095092008,5
110010095092009,5
110010095092010,5
110010095092011,5
110010095093000,5
110010095093001,5
110010095093002,5
110010095093003,5
110010095093004,5
110010095093005,5
110010095093006,5
110010095093007,5
110010095031001,5
110010095031002,5
110010095031003,5
110010095031005,5
110010095031006,5
110010095031007,5
110010095031008,5
110010095031009,5
110010095031010,5
110010095031011,5
110010095031012,5
110010095031013,5
110010095031014,5
110010095031015,5
110010095031016,5
110010095031017,5
110010095031018,5
110010095031019,5
110010095032000,5
110010095032001,5
110010095032002,5
110010095032003,5
110010095032004,5
110010095032005,5
110010095032006,5
110010095033000,5
110010095033001,5
110010095033002,5
110010095033003,5
110010095033004,5
110010095033005,5
110010095033006,5
110010095033007,5
110010095033009,5
110010095042000,5
110010095042001,5
110010095042002,5
110010095042003,5
110010095042004,5
110010095042005,5
110010095042006,5
110010095042007,5
110010095042008,5
110010095042009,5
110010095042010,5
110010095042011,5
110010095042012,5
110010095042013,5
110010095042014,5
110010095042015,5
110010095042016,5
110010095051000,4
110010095051001,4
110010095051002,4
110010095051003,4
110010095051004,4
110010095051005,4
110010095051006,4
110010095051007,4
110010095051008,4
110010095051009,4
110010095053000,4
110010095053001,4
110010095053002,4
110010095053003,4
110010095053004,4
110010095053005,4
110010095053006,4
110010095053007,4
110010095053008,4
110010095053009,4
110010095053010,4
110010095053011,4
110010095053012,4
110010095053013,4
110010095053014,4
110010095053015,4
110010095053016,4
110010095053017,4
110010095053018,4
110010095053019,4
110010095053020,4
110010095071000,4
110010095071001,4
110010095071002,4
110010095071003,4
110010095071004,4
110010095071005,4
110010095071006,4
110010095071007,4
110010095071008,4
110010095071009,4
110010095071010,4
110010096011000,7
110010096011001,7
110010096011002,7
110010096011003,7
110010096011004,7
110010096011005,7
110010096011006,7
110010096011007,7
110010096011008,7
110010096011009,7
110010096011010,7
110010096011011,7
110010096011012,7
110010096011013,7
110010096011014,7
110010096011015,7
110010096011016,7
110010096011017,7
110010096011018,7
110010096011019,7
110010096011020,7
110010096011021,7
110010096011022,7
110010096011023,7
110010096011024,7
110010096011025,7
110010096011026,7
110010096011027,7
110010096011034,7
110010096011035,7
110010096011036,7
110010096011037,7
110010096011038,7
110010096011039,7
110010096021000,7
110010096021001,7
110010096021002,7
110010096021003,7
110010096021004,7
110010096021005,7
110010096022000,7
110010096022001,7
110010096022002,7
110010096022003,7
110010096023000,7
110010096023001,7
110010096023002,7
110010096023003,7
110010096023004,7
110010096023005,7
110010096023006,7
110010096023007,7
110010096023008,7
110010096023009,7
110010096023010,7
110010096023011,7
110010096023012,7
110010096023013,7
110010096023014,7
110010096023015,7
110010096023016,7
110010096023017,7
110010096023020,7
110010096031000,7
110010096031001,7
110010096031002,7
110010096031003,7
110010096031004,7
110010096032000,7
110010096032001,7
110010096032002,7
110010096032003,7
110010096032004,7
110010096033000,7
110010096033001,7
110010096033002,7
110010096033003,7
110010096033004,7
110010096033005,7
110010096033006,7
110010096041013,7
110010096041014,7
110010096042000,7
110010096042001,7
110010096041000,7
110010096041001,7
110010096041002,7
110010096041003,7
110010096041004,7
110010096041005,7
110010096041006,7
110010096041007,7
110010096041008,7
110010096041009,7
110010096041010,7
110010096041011,7
110010096041012,7
110010096041015,7
110010096042002,7
110010096042003,7
110010096042004,7
110010096042005,7
110010096042006,7
110010096042007,7
110010096042008,7
110010096042009,7
110010096042010,7
110010096042011,7
110010096042012,7
110010097001000,8
110010097001001,8
110010098022000,8
110010098022001,8
110010098022002,8
110010098022003,8
110010098101000,8
110010098101001,8
110010098111000,8
110010098111001,8
110010098111002,8
110010098112000,8
110010098112001,8
110010098113000,8
110010098113001,8
110010098113002,8
110010098113003,8
110010098113004,8
110010098113005,8
110010098113006,8
110010109002023,8
110010098031000,8
110010098041000,8
110010098041001,8
110010098041002,8
110010098041003,8
110010098041004,8
110010098041005,8
110010098041006,8
110010098042000,8
110010098042001,8
110010098042002,8
110010098042003,8
110010098042004,8
110010098042005,8
110010098031001,8
110010098031002,8
110010098031003,8
110010098031004,8
110010098031005,8
110010098032000,8
110010098032001,8
110010098032002,8
110010098032003,8
110010098032004,8
110010098033000,8
110010098033001,8
110010098033002,8
110010098033003,8
110010098033004,8
110010098033005,8
110010098071000,8
110010098071002,8
110010098071003,8
110010098071004,8
110010098071005,8
110010098071006,8
110010098071007,8
110010098071008,8
110010098071009,8
110010098071010,8
110010098071011,8
110010098071012,8
110010098071013,8
110010098101002,8
110010098102000,8
110010098102001,8
110010104001015,8
110010104001016,8
110010104001017,8
110010104001018,8
110010104001022,8
110010099032002,7
110010099032003,7
110010099032004,7
110010099032005,7
110010099041000,7
110010099041001,7
110010099041002,7
110010099041003,7
110010099041004,7
110010099041005,7
110010099041006,7
110010099041007,7
110010099041008,7
110010099042000,7
110010099042001,7
110010099042002,7
110010099042003,7
110010099042004,7
110010099042005,7
110010099042006,7
110010099042007,7
110010099043000,7
110010099043001,7
110010099043002,7
110010099043003,7
110010099051000,7
110010099051001,7
110010099051002,7
110010099051005,7
110010099051006,7
110010099051009,7
110010099051010,7
110010099051012,7
110010099053001,7
110010099053002,7
110010099053005,7
110010099053006,7
110010099061000,7
110010099061003,7
110010099061004,7
110010099061005,7
110010099061006,7
110010099061007,7
110010099061008,7
110010102011000,6
110010102011001,6
110010102011002,6
110010102013000,6
110010102021000,6
110010102021001,6
110010102021002,6
110010102021003,6
110010102021004,6
110010102021005,6
110010102022000,6
110010102022001,6
110010102022002,6
110010102022003,6
110010102023000,6
110010102023001,6
110010102023002,6
110010102023003,6
110010102023004,6
110010102023005,6
110010102024000,6
110010102024001,6
110010102024002,6
110010102024003,6
110010102024004,6
110010102024005,6
110010102024006,6
110010102025000,6
110010102025001,6
110010102025002,6
110010102025003,6
110010102025004,6
110010102025005,6
110010102025006,6
110010102025007,6
110010102025008,6
110010102025009,6
110010102025010,6
110010102025011,6
110010102025012,6
110010102025013,6
110010102025014,6
110010102025015,6
110010102025016,6
110010102025017,6
110010102025018,6
110010102025019,6
110010102025020,6
110010102025021,6
110010102026000,6
110010102026001,6
110010102026002,6
110010102026003,6
110010102026004,6
110010102026005,6
110010110022001,6
110010102012000,6
110010102012001,6
110010105001000,6
110010105001001,6
110010105001002,6
110010105001003,6
110010105001004,6
110010105001005,6
110010105001006,6
110010105002000,6
110010105002001,6
110010105003000,6
110010105003001,6
110010105003002,6
110010105003003,6
110010105003004,6
110010105004000,6
110010105004001,6
110010105004002,6
110010105004003,6
110010105004004,6
110010105004005,6
110010105004006,6
110010105004007,6
110010105004008,6
110010105004009,6
110010105004010,6
110010105004011,6
110010105004012,6
110010105004013,6
110010105005000,6
110010105005001,6
110010105005002,6
110010105005003,6
110019800001075,6
110019800001076,6
110019800001195,6
110019800001196,6
110019800001197,6
110010107001020,2
110010107001027,2
110010107001032,2
110010107001033,2
110010108001000,2
110010108001001,2
110010108001002,2
110010108001003,2
110010108001004,2
110010108001005,2
110010108001006,2
110010108002000,2
110010108002001,2
110010108002002,2
110010108002003,2
110010108003000,2
110010108003001,2
110010108003002,2
110010108003003,2
110010108003004,2
110010108003005,2
110010108003006,2
110010108003007,2
110010108003008,2
110010108003009,2
110010108003010,2
110010108003011,2
110010108003012,2
110010108004000,2
110010108004001,2
110010108004002,2
110010108004003,2
110010108004004,2
110010108004005,2
110010108004006,2
110010108004007,2
110010108004008,2
110010108005000,2
110010108005001,2
110010108006000,2
110010108006001,2
110010108006002,2
110010108006003,2
110010108006004,2
110010108006005,2
110010108006006,2
110019800001032,2
110019800001033,2
110019800001034,2
110019800001036,2
110019800001037,2
110019800001038,2
110019800001039,2
110019800001089,2
110019800001090,2
110019800001091,2
110019800001092,2
110019800001093,2
110019800001094,2
110019800001095,2
110019800001096,2
110019800001097,2
110019800001098,2
110019800001099,2
110019800001186,2
110019800001187,2
110019800001188,2
110019800001189,2
110010076011000,7
110010076011001,7
110010076011002,7
110010076011003,7
110010076015003,7
110010076015004,7
110010076015008,7
110010076015012,7
110010076015013,7
110010076041000,7
110010076041001,7
110010076041002,7
110010076041003,7
110010076041004,7
110010076041005,7
110010076041006,7
110010076041007,7
110010076042002,7
110010076042003,7
110010076042004,7
110010076042005,7
110010076042006,7
110010076042007,7
110010076042008,7
110010076042009,7
110010076042010,7
110010076042011,7
110010076043000,7
110010077082007,7
110010077082021,7
110010077091006,7
110010077091007,7
110010077091008,7
110010077091009,7
110010077091014,7
110010077091015,7
110010077091016,7
110010077091017,7
110010077091018,7
110010077091019,7
110010077091020,7
110010077091022,7
110010077092000,7
110010077092001,7
110010077092002,7
110010077092003,7
110010077092004,7
110010077092005,7
110010077092006,7
110010077092007,7
110010077092008,7
110010077092009,7
110010077092010,7
110010077092011,7
110010077092012,7
110010077092013,7
110010077092014,7
110010077092015,7
110010076015000,8
110010076015001,8
110010076015002,8
110010001011000,2
110010001011001,2
110010001011002,2
110010001011003,2
110010001011004,2
110010001011005,2
110010001011006,2
110010001011007,2
110010001011008,2
110010001011009,2
110010001021000,2
110010001021001,2
110010001021002,2
110010001021003,2
110010001021004,2
110010001021005,2
110010001021006,2
110010001021007,2
110010001021008,2
110010001021009,2
110010001021010,2
110010001021011,2
110010001021012,2
110010001021013,2
110010001021014,2
110010001021015,2
110010001021016,2
110010001021017,2
110010001022000,2
110010001022001,2
110010001022002,2
110010001022003,2
110010001022004,2
110010001022005,2
110010001022006,2
110010001022007,2
110010001022008,2
110010001022009,2
110010001022010,2
110010001022011,2
110010001022012,2
110010001023000,2
110010001023001,2
110010001023002,2
110010001023003,2
110010001023004,2
110010001023005,2
110010001023006,2
110010001023007,2
110010001023008,2
110010001023009,2
110010001023010,2
110010001023011,2
110010001023012,2
110010001023013,2
110010001023014,2
110010001023015,2
110010001023016,2
110010001023017,2
110010001023018,2
110010001023019,2
110010001023020,2
110010001023021,2
110010001023022,2
110010001023023,2
110010001023024,2
110010001023025,2
110010001023026,2
110010001023027,2
110010001023028,2
110010001023029,2
110010001023030,2
110010001023031,2
110010001023037,2
110010004002022,3
110010046002005,1
110010046002006,1
110010033021000,5
110010033021001,5
110010033021002,5
110010033021003,5
110010033021004,5
110010033021005,5
110010033021006,5
110010033021007,5
110010033021008,5
110010033022000,5
110010033022001,5
110010033022002,5
110010033022003,5
110010033022004,5
110010033022005,5
110010033022006,5
110010034003012,5
110010034003013,5
110010034003014,5
110010034003015,5
110010034003017,5
110010046001000,5
110010046001001,5
110010046001002,5
110010046001003,5
110010046001004,5
110010046001005,5
110010046001006,5
110010046001007,5
110010046001008,5
110010046002000,5
110010046002001,5
110010046002002,5
110010046002003,5
110010046002004,5
110010046002007,5
110010046002008,5
110010046002009,5
110010046002010,5
110010046002011,5
110010046002012,5
110010046002013,5
110010046002014,5
110010046002015,5
110010046002016,5
110010046002017,5
110010046002018,5
110010048021002,2
110010048021003,2
110010048021004,2
110010048021005,2
110010046002019,5
110010046002020,5
110010046002021,5
110010047021000,6
110010047021001,6
110010047021002,6
110010047021003,6
110010047021004,6
110010047021005,6
110010047021006,6
110010047021007,6
110010047021008,6
110010047021009,6
110010047022000,6
110010047022001,6
110010047022002,6
110010047022003,6
110010047022004,6
110010047022005,6
110010047022006,6
110010047022007,6
110010047022008,6
110010047022009,6
110010047023000,6
110010047024000,6
110010047024001,6
110010047025000,6
110010047031000,6
110010047032000,6
110010047032001,6
110010047033000,6
110010047034000,6
110010047034001,6
110010047034002,6
110010047041000,6
110010047041001,6
110010047041002,6
110010047041003,6
110010047042000,6
110010047042001,6
110010047042002,6
110010047042003,6
110010047042004,6
110010047042005,6
110010047042006,6
110010047042007,6
110010059002000,6
110010059002001,6
110010059002002,6
110010059002003,6
110010059002016,6
110010059002017,6
110010059002018,6
110010059002019,6
110010059002020,6
110010059002021,6
110010059002022,6
110010059002023,6
110010059002024,6
110010059002025,6
110010059002026,6
110010059002030,6
110019800001013,6
110010048011000,2
110010048011001,2
110010048011002,2
110010048011003,2
110010048011004,2
110010048011005,2
110010048011006,2
110010048011007,2
110010048013000,2
110010048013001,2
110010048013002,2
110010048013003,2
110010048013004,2
110010048013005,2
110010048013006,2
110010048013007,2
110010048013008,2
110010048013009,2
110010048013010,2
110010048021000,2
110010048021001,2
110010048021006,2
110010048021007,2
110010048021008,2
110010048022000,2
110010048022001,2
110010048022002,2
110010048022003,2
110010048022004,2
110010048022005,2
110010048022006,2
110010048022007,2
110010049012000,2
110010049012001,2
110010049012002,2
110010049012003,2
110010049012004,2
110010049012005,2
110010049012006,2
110010049012007,2
110010049013001,2
110010049013003,2
110010049013004,2
110010049013005,2
110010049013006,2
110010049021000,2
110010049021001,2
110010049022000,2
110010047024002,6
110010047032002,6
110010058011000,2
110010058011001,2
110010058011002,2
110010058011003,2
110010058011004,2
110010058012000,2
110010058012003,2
110010058012004,2
110010058012006,2
110010058012007,2
110010058024000,2
110010058024001,2
110010058024002,2
110010059001000,6
110010059001001,6
110010059002004,6
110010059002005,6
110010059002006,6
110010059002007,6
110010059002008,6
110010059002009,6
110010059002010,6
110010059002011,6
110010059002012,6
110010059002013,6
110010059002014,6
110010059002015,6
110010059002027,6
110010059002028,6
110010059002029,6
110019800001014,6
110019800001015,6
110019800001018,6
110019800001019,6
110019800001020,6
110019800001021,6
110019800001048,6
110019800001049,6
110019800001050,6
110019800001051,6
110019800001052,6
110019800001053,6
110019800001054,6
110019800001055,6
110019800001056,6
110019800001057,6
110019800001077,6
110019800001078,6
110010049013007,2
110010049013008,2
110010049013009,2
110010049021002,2
110010049021003,2
110010049021004,2
110010049021005,2
110010049021006,2
110010049021007,2
110010049022001,2
110010049022002,2
110010049022003,2
110010049022004,2
110010049022005,2
110010049022006,2
110010049023000,2
110010049023001,2
110010049023002,2
110010049023003,2
110010049023004,2
110010049023005,2
110010058012001,2
110010058012002,2
110010058012005,2
110010058012008,2
110010058021000,2
110010058021001,2
110010058021002,2
110010058021003,2
110010058021004,2
110010058021005,2
110010058021006,2
110010058021007,2
110010058022000,2
110010058022001,2
110010058022002,2
110010058022003,2
110010058022004,2
110010058022005,2
110010058022006,2
110010058022007,2
110010058023000,2
110010058023001,2
110010058023002,2
110010058023003,2
110010058025000,2
110010058025001,2
110010058025002,2
110010058025003,2
110010058025004,2
110010058025005,2
110010058025006,2
110010058025007,2
110010058025008,2
110010058025009,2
110010058025010,2
110010058025011,2
110010058025012,2
110010058025013,2
110010058025014,2
110010058025015,2
110010058025016,2
110010058025017,2
110010058025018,2
110010058025019,2
110010058025020,2
110010101001004,2
110010101002000,2
110010101002001,2
110010101002004,2
110010101002005,2
110010101002006,2
110010101002007,2
110010101002008,2
110010101002009,2
110010101002010,2
110010101002011,2
110010101003003,2
110010101003004,2
110010101003005,2
110010101003006,2
110010101003007,2
110010101003009,2
110010101003010,2
110010101003011,2
110010101003012,2
110010101003013,2
110019800001022,2
110019800001023,2
110019800001024,2
110019800001025,2
110019800001026,2
110019800001027,2
110019800001028,2
110019800001029,2
110019800001030,2
110019800001031,2
110019800001040,2
110019800001041,2
110019800001042,2
110019800001043,2
110019800001044,2
110019800001045,2
110019800001046,2
110019800001047,2
110019800001079,2
110019800001080,2
110019800001081,2
110019800001082,2
110019800001083,2
110019800001084,2
110019800001085,2
110019800001086,2
110019800001087,2
110019800001088,2
110019800001120,2
110019800001121,2
110019800001122,2
110019800001123,2
110019800001124,2
110019800001125,2
110019800001126,2
110019800001128,2
110019800001129,2
110019800001130,2
110019800001131,2
110019800001132,2
110019800001133,2
110019800001134,2
110019800001135,2
110019800001136,2
110019800001137,2
110019800001138,2
110019800001139,2
110019800001140,2
110019800001141,2
110019800001142,2
110019800001143,2
110019800001144,2
110019800001145,2
110019800001146,2
110019800001147,2
110019800001148,2
110019800001149,2
110019800001150,2
110019800001151,2
110019800001152,2
110019800001153,2
110019800001161,2
110019800001162,2
110019800001168,2
110019800001175,2
110019800001176,2
110019800001179,2
110019800001180,2
110019800001181,2
110019800001185,2
110019800001190,2
110019800001191,2
110019800001193,2
110019800001194,2
110019800001154,6
110019800001155,6
110019800001156,6
110019800001157,6
110019800001158,6
110019800001159,6
110019800001160,6
110019800001163,6
110019800001164,6
110019800001165,6
110019800001166,6
110019800001167,6
110019800001169,6
110019800001170,6
110019800001171,6
110019800001172,6
110019800001173,6
110019800001174,6
110010080011000,6
110010080011001,6
110010080011002,6
110010080011003,6
110010080011004,6
110010080011005,6
110010080011006,6
110010080012000,6
110010080012001,6
110010080012002,6
110010080012003,6
110010080012004,6
110010080012005,6
110010080012006,6
110010080012007,6
110010080012008,6
110010080012009,6
110010080012010,6
110010080012011,6
110010080013000,6
110010080013001,6
110010080013002,6
110010080013003,6
110010080013004,6
110010080013005,6
110010079011000,7
110010079011001,7
110010079011002,7
110010079011003,7
110010079011004,7
110010079011005,7
110010079011006,7
110010079011007,7
110010079012000,7
110010079012001,7
110010079012002,7
110010079012003,7
110010079012004,7
110010079012005,7
110010079013000,7
110010079013001,7
110010079013002,7
110010079013003,7
110010079013004,7
110010079013005,7
110010079013006,7
110010079014000,7
110010079014001,7
110010079014002,7
110010079014003,7
110010079014004,7
110010079014005,7
110010079014006,7
110010079014007,7
110010079014008,7
110010080021006,6
110010080021007,6
110010080021008,6
110010080021009,6
110010080022004,6
110010080022005,6
110010080022006,6
110010080022007,6
110010080022008,6
110010080022009,6
110010080022010,6
110010080022011,6
110010080022012,6
110010080022013,6
110010080022014,6
110010080022015,6
110010080022016,6
110010080022017,6
110010080022021,6
110010080021000,7
110010080021001,7
110010080021002,7
110010080021003,7
110010080021004,7
110010080021005,7
110010080021010,7
110010080021011,7
110010080021012,7
110010080022000,7
110010080022001,7
110010080022002,7
110010080022003,7
110010080022020,7
110010069001000,6
110010069001001,6
110010069001006,6
110010069001007,6
110010069001008,6
110010068022007,6
110010068022008,6
110010068022009,6
110010068022010,6
110010068022012,6
110010068022013,6
110010068022014,6
110010069001002,6
110010069001003,6
110010069001004,6
110010069001005,6
110010069001009,6
110010069001010,6
110010069001011,6
110010069001016,6
110010069001017,6
110010069001018,6
110010069002000,6
110010069002001,6
110010069002002,6
110010069002003,6
110010069002004,6
110010069002005,6
110010069002006,6
110010069002007,6
110010069002008,6
110010069002009,6
110010069002010,6
110010071001000,6
110010071001001,6
110010071001002,6
110010071001003,6
110010071001004,6
110010071001005,6
110010071001006,6
110010071001007,6
110010071001008,6
110010071001009,6
110010071001010,6
110010071001011,6
110010071001012,6
110010071001013,6
110010071001014,6
110010071001015,6
110010071001016,6
110010071001017,6
110010071001018,6
110010071001019,6
110010071001020,6
110010071002000,6
110010071002001,6
110010071002002,6
110010071002003,6
110010071002004,6
110010071002005,6
110010071002006,6
110010071002007,6
110010071002008,6
110010071003000,6
110010071003001,6
110010071003002,6
110010071003003,6
110010071003004,6
110010071003005,6
110010071003006,6
110010071003007,6
110010071003008,6
110010071003009,6
110010071003010,6
110010068022002,7
110010068022003,7
110010068022004,7
110010068022005,7
110010068022011,7
110010068041015,6
110010068041016,6
110010068041017,6
110010068041018,6
110010068041019,6
110010068011000,7
110010068011001,7
110010068011002,7
110010068011003,7
110010068011004,7
110010068011005,7
110010068011006,7
110010068011007,7
110010068011008,7
110010068011009,7
110010068012000,7
110010068012001,7
110010068012002,7
110010068012003,7
110010068012004,7
110010068012005,7
110010068021000,7
110010068021001,7
110010068021002,7
110010068021003,7
110010068021004,7
110010068021005,7
110010068021006,7
110010068022000,7
110010068022001,7
110010068022006,7
110010068041014,7
110010072011000,8
110010072011001,8
110010072011002,8
110010072011003,8
110010072011004,8
110010072011005,8
110010072012000,8
110010072012001,8
110010072012002,8
110010072012003,8
110010072012004,8
110010072012005,8
110010072013000,8
110010072013001,8
110010072013002,8
110010072013003,8
110010072013004,8
110010072013005,8
110010072013006,8
110010072013007,8
110010072013008,8
110010072013009,8
110010072013010,8
110010072014000,8
110010072014001,8
110010072014002,8
110010072014003,8
110010072014004,8
110010072014005,8
110010072031000,8
110010072031001,8
110010072031002,8
110010072031003,8
110010072031004,8
110010072032000,8
110010072032001,8
110010072032002,8
110010072032003,8
110010072032004,8
110010072032005,8
110010072032006,8
110010072032007,8
110010072032008,8
110010072032009,8
110010072032010,8
110010072032011,8
110010072032012,8
110010072032013,8
110010072032014,8
110010072033000,8
110010072034000,8
110010072034001,8
110010072034002,8
110010072034003,8
110010072034004,8
110010072034005,8
110010072034006,8
110010072034007,8
110010072034008,8
110010072034009,8
110010072034010,8
110010072034011,8
110010072034012,8
110010072034013,8
110010072034014,8
110010072034015,8
110010072034016,8
110010072034017,8
110010072021000,6
110010072021001,6
110010072021002,6
110010072021003,6
110010072022000,6
110010072022001,6
110010072022002,6
110010072022003,6
110010072022004,6
110010072022005,6
110010072023000,6
110010072023001,6