GEOID20,District
020130001001000,0S
020130001001001,0S
020130001001002,0S
020130001001003,0S
020130001001004,0S
020130001001005,0S
020130001001006,0S
020130001001007,0S
020130001001008,0S
020130001001009,0S
020130001001010,0S
020130001001011,0S
020130001001012,0S
020130001001013,0S
020130001001014,0S
020130001001015,0S
020130001001016,0S
020130001001017,0S
020130001001018,0S
020130001001019,0S
020130001001020,0S
020130001001021,0S
020130001001022,0S
020130001001023,0S
020130001001024,0S
020130001001025,0S
020130001001026,0S
020130001001027,0S
020130001001028,0S
020130001001029,0S
020130001001030,0S
020130001001031,0S
020130001001032,0S
020130001001033,0S
020130001001034,0S
020130001001035,0S
020130001001036,0S
020130001001037,0S
020130001001038,0S
020130001001039,0S
020130001001040,0S
020130001001041,0S
020130001001042,0S
020130001001043,0S
020130001001044,0S
020130001001045,0S
020130001001046,0S
020130001001047,0S
020130001001048,0S
020130001001049,0S
020130001001050,0S
020130001001051,0S
020130001001052,0S
020130001001053,0S
020130001001054,0S
020130001001055,0S
020130001001056,0S
020130001001057,0S
020130001001058,0S
020130001001059,0S
020130001001060,0S
020130001001061,0S
020130001001062,0S
020130001001063,0S
020130001001064,0S
020130001001065,0S
020130001001066,0S
020130001001067,0S
020130001001068,0S
020130001001069,0S
020130001001070,0S
020130001001071,0S
020130001001072,0S
020130001001073,0S
020130001001074,0S
020130001001075,0S
020130001001076,0S
020130001001077,0S
020130001001078,0S
020130001001079,0S
020130001001080,0S
020130001001081,0S
020130001001082,0S
020130001001083,0S
020130001001084,0S
020130001001085,0S
020130001001086,0S
020130001001087,0S
020130001001088,0S
020130001001089,0S
020130001001090,0S
020130001001091,0S
020130001001092,0S
020130001001093,0S
020130001001094,0S
020130001001095,0S
020130001001096,0S
020130001001097,0S
020130001001098,0S
020130001001099,0S
020130001001100,0S
020130001001101,0S
020130001001102,0S
020130001001103,0S
020130001001104,0S
020130001001105,0S
020130001001106,0S
020130001001107,0S
020130001001108,0S
020130001001109,0S
020130001001110,0S
020130001001111,0S
020130001001112,0S
020130001001113,0S
020130001001114,0S
020130001001115,0S
020130001001116,0S
020130001001117,0S
020130001001118,0S
020130001001119,0S
020130001001120,0S
020130001001121,0S
020130001001122,0S
020130001001123,0S
020130001001124,0S
020130001001125,0S
020130001001126,0S
020130001001127,0S
020130001001128,0S
020130001001129,0S
020130001001130,0S
020130001001131,0S
020130001001132,0S
020130001001133,0S
020130001001134,0S
020130001001135,0S
020130001001136,0S
020130001001137,0S
020130001001138,0S
020130001001139,0S
020130001001140,0S
020130001001141,0S
020130001001142,0S
020130001001143,0S
020130001001144,0S
020130001001145,0S
020130001001146,0S
020130001001147,0S
020130001001148,0S
020130001001149,0S
020130001001150,0S
020130001001151,0S
020130001001152,0S
020130001001153,0S
020130001001154,0S
020130001001155,0S
020130001001156,0S
020130001001157,0S
020130001001158,0S
020130001001159,0S
020130001001160,0S
020130001001161,0S
020130001001162,0S
020130001001163,0S
020130001001164,0S
020130001001165,0S
020130001001166,0S
020130001001167,0S
020130001001168,0S
020130001001169,0S
020130001001170,0S
020130001001171,0S
020130001001172,0S
020130001001173,0S
020130001001174,0S
020130001001175,0S
020130001001176,0S
020130001001177,0S
020130001001178,0S
020130001001179,0S
020130001001180,0S
020130001001181,0S
020130001001182,0S
020130001001256,0S
020130001001257,0S
020130001001258,0S
020130001001259,0S
020130001001260,0S
020130001001261,0S
020130001001262,0S
020130001001263,0S
020130001001264,0S
020130001001265,0S
020130001001266,0S
020130001001267,0S
020130001001268,0S
020130001001269,0S
020130001001270,0S
020130001001271,0S
020130001001272,0S
020130001001273,0S
020130001001274,0S
020130001001275,0S
020130001001276,0S
020130001001277,0S
020130001001278,0S
020130001001279,0S
020130001001280,0S
020130001001281,0S
020130001001282,0S
020130001001283,0S
020130001001284,0S
020130001001285,0S
020130001001286,0S
020130001001287,0S
020130001001288,0S
020130001001289,0S
020130001001290,0S
020130001001291,0S
020130001001292,0S
020130001001293,0S
020130001001294,0S
020130001001183,0S
020130001001184,0S
020130001001185,0S
020130001001186,0S
020130001001187,0S
020130001001188,0S
020130001001189,0S
020130001001190,0S
020130001001191,0S
020130001001192,0S
020130001001193,0S
020130001001194,0S
020130001001195,0S
020130001001196,0S
020130001001197,0S
020130001001198,0S
020130001001199,0S
020130001001200,0S
020130001001201,0S
020130001001202,0S
020130001001203,0S
020130001001204,0S
020130001001205,0S
020130001001206,0S
020130001001207,0S
020130001001208,0S
020130001001209,0S
020130001001210,0S
020130001001211,0S
020130001001212,0S
020130001001213,0S
020130001001214,0S
020130001001215,0S
020130001001216,0S
020130001001217,0S
020130001001218,0S
020130001001219,0S
020130001001220,0S
020130001001221,0S
020130001001222,0S
020130001001223,0S
020130001001224,0S
020130001001225,0S
020130001001226,0S
020130001001227,0S
020130001001228,0S
020130001001229,0S
020130001001230,0S
020130001001231,0S
020130001001232,0S
020130001001233,0S
020130001001234,0S
020130001001235,0S
020130001001236,0S
020130001001237,0S
020130001001238,0S
020130001001239,0S
020130001001240,0S
020130001001241,0S
020130001001242,0S
020130001001243,0S
020130001001244,0S
020130001001245,0S
020130001001246,0S
020130001001247,0S
020130001001248,0S
020130001001249,0S
020130001001250,0S
020130001001251,0S
020130001001252,0S
020130001001253,0S
020130001001254,0S
020130001001255,0S
020130001002000,0S
020130001002001,0S
020130001002002,0S
020130001002003,0S
020130001002004,0S
020130001002005,0S
020130001002006,0S
020130001002007,0S
020130001002008,0S
020130001002009,0S
020130001002010,0S
020130001002011,0S
020130001002012,0S
020130001002013,0S
020130001002014,0S
020130001002015,0S
020130001002016,0S
020130001002017,0S
020130001002018,0S
020130001002019,0S
020130001002020,0S
020130001002021,0S
020130001002022,0S
020130001002023,0S
020130001002024,0S
020130001002025,0S
020130001002026,0S
020130001002027,0S
020130001002028,0S
020130001002029,0S
020130001002030,0S
020130001002031,0S
020130001002032,0S
020130001002033,0S
020130001002034,0S
020130001002035,0S
020130001002036,0S
020130001002037,0S
020130001002038,0S
020130001002039,0S
020130001002040,0S
020130001002041,0S
020130001002042,0S
020130001002043,0S
020130001002044,0S
020130001002045,0S
020130001002046,0S
020130001002047,0S
020130001002048,0S
020130001002049,0S
020130001002050,0S
020130001002051,0S
020130001002052,0S
020130001002053,0S
020130001002054,0S
020130001002055,0S
020130001002056,0S
020130001002057,0S
020130001002058,0S
020130001002059,0S
020130001002060,0S
020130001002061,0S
020130001002062,0S
020130001002063,0S
020130001002064,0S
020130001002065,0S
020130001002066,0S
020130001002067,0S
020130001002068,0S
020130001002069,0S
020130001002070,0S
020130001002073,0S
020130001002083,0S
020130001002095,0S
020130001002106,0S
020130001002107,0S
020130001002115,0S
020130001002116,0S
020130001002125,0S
020130001002126,0S
020130001002127,0S
020130001002128,0S
020130001002129,0S
020130001002130,0S
020130001002131,0S
020130001002132,0S
020130001002133,0S
020130001002134,0S
020130001002135,0S
020130001002136,0S
020130001002137,0S
020130001002138,0S
020130001002139,0S
020130001002140,0S
020130001002141,0S
020130001002142,0S
020130001002143,0S
020130001002147,0S
020130001002148,0S
020130001002171,0S
020130001002172,0S
020130001002173,0S
020130001002174,0S
020130001002177,0S
020130001002196,0S
020130001002197,0S
020130001002198,0S
020130001002202,0S
020130001003000,0S
020130001003001,0S
020130001003002,0S
020130001003003,0S
020130001003004,0S
020130001003005,0S
020130001003006,0S
020130001003007,0S
020130001003008,0S
020130001003009,0S
020130001003010,0S
020130001003011,0S
020130001003012,0S
020130001003013,0S
020130001003014,0S
020130001003015,0S
020130001003016,0S
020130001003017,0S
020130001003018,0S
020130001003019,0S
020130001003020,0S
020130001003021,0S
020130001003022,0S
020130001003023,0S
020130001003024,0S
020130001003025,0S
020130001003026,0S
020130001003027,0S
020130001003028,0S
020130001003029,0S
020130001003030,0S
020130001003031,0S
020130001003032,0S
020130001003033,0S
020130001003034,0S
020130001003035,0S
020130001003036,0S
020130001003037,0S
020130001003038,0S
020130001003039,0S
020130001003040,0S
020130001003041,0S
020130001003042,0S
020130001003043,0S
020130001003044,0S
020130001003045,0S
020130001003046,0S
020130001003047,0S
020130001003048,0S
020130001003049,0S
020130001003050,0S
020130001003051,0S
020130001003052,0S
020130001003053,0S
020130001003054,0S
020130001003055,0S
020130001003056,0S
020130001003057,0S
020130001003058,0S
020130001003059,0S
020130001003060,0S
020130001003061,0S
020130001003062,0S
020130001003063,0S
020130001003064,0S
020130001003065,0S
020130001003066,0S
020130001003067,0S
020130001003068,0S
020130001003069,0S
020130001003070,0S
020130001003071,0S
020130001003072,0S
020130001003073,0S
020130001003074,0S
020130001003075,0S
020130001003076,0S
020130001003077,0S
020130001003078,0S
020130001003079,0S
020130001003080,0S
020130001003081,0S
020130001003082,0S
020130001003083,0S
020130001003084,0S
020130001003085,0S
020130001003086,0S
020130001003087,0S
020130001003088,0S
020130001003089,0S
020130001003090,0S
020130001003091,0S
020130001003092,0S
020130001003093,0S
020130001003094,0S
020130001003095,0S
020130001003096,0S
020130001003097,0S
020130001003098,0S
020130001003099,0S
020130001003100,0S
020130001003101,0S
020130001003102,0S
020130001003103,0S
020130001003104,0S
020130001003105,0S
020130001003106,0S
020130001003107,0S
020130001003108,0S
020130001003109,0S
020130001003110,0S
020130001003111,0S
020130001002071,0S
020130001002072,0S
020130001002074,0S
020130001002075,0S
020130001002076,0S
020130001002077,0S
020130001002078,0S
020130001002079,0S
020130001002080,0S
020130001002081,0S
020130001002082,0S
020130001002084,0S
020130001002085,0S
020130001002086,0S
020130001002087,0S
020130001002088,0S
020130001002089,0S
020130001002090,0S
020130001002091,0S
020130001002092,0S
020130001002093,0S
020130001002094,0S
020130001002096,0S
020130001002097,0S
020130001002098,0S
020130001002099,0S
020130001002100,0S
020130001002101,0S
020130001002102,0S
020130001002103,0S
020130001002104,0S
020130001002105,0S
020130001002108,0S
020130001002109,0S
020130001002110,0S
020130001002111,0S
020130001002112,0S
020130001002113,0S
020130001002114,0S
020130001002117,0S
020130001002118,0S
020130001002119,0S
020130001002120,0S
020130001002121,0S
020130001002122,0S
020130001002123,0S
020130001002124,0S
020130001002144,0S
020130001002145,0S
020130001002146,0S
020130001002149,0S
020130001002150,0S
020130001002151,0S
020130001002152,0S
020130001002153,0S
020130001002154,0S
020130001002155,0S
020130001002156,0S
020130001002157,0S
020130001002158,0S
020130001002159,0S
020130001002160,0S
020130001002161,0S
020130001002162,0S
020130001002163,0S
020130001002164,0S
020130001002165,0S
020130001002166,0S
020130001002167,0S
020130001002168,0S
020130001002169,0S
020130001002170,0S
020130001002175,0S
020130001002176,0S
020130001002178,0S
020130001002179,0S
020130001002180,0S
020130001002181,0S
020130001002182,0S
020130001002183,0S
020130001002184,0S
020130001002185,0S
020130001002186,0S
020130001002187,0S
020130001002188,0S
020130001002189,0S
020130001002190,0S
020130001002191,0S
020130001002192,0S
020130001002193,0S
020130001002194,0S
020130001002195,0S
020130001002199,0S
020130001002200,0S
020130001002201,0S
020160001001000,0S
020160001001001,0S
020160001001296,0S
020160001001297,0S
020160001001298,0S
020160001001299,0S
020160001001300,0S
020160001001397,0S
020160001001398,0S
020160001001399,0S
020160001001400,0S
020160001001401,0S
020160001001402,0S
020160001001403,0S
020160001001404,0S
020160001001405,0S
020160001001406,0S
020160001001407,0S
020160001001408,0S
020160001001409,0S
020160001001410,0S
020160001001411,0S
020160001001412,0S
020160001001413,0S
020160001001414,0S
020160001001415,0S
020160001001416,0S
020160001001417,0S
020160001001418,0S
020160001001419,0S
020160001001420,0S
020160001001421,0S
020160001001422,0S
020160001001423,0S
020160001001424,0S
020160001001425,0S
020160001001436,0S
020160001001437,0S
020160001001467,0S
020160001001002,0S
020160001001003,0S
020160001001004,0S
020160001001005,0S
020160001001006,0S
020160001001007,0S
020160001001008,0S
020160001001009,0S
020160001001010,0S
020160001001011,0S
020160001001012,0S
020160001001013,0S
020160001001014,0S
020160001001015,0S
020160001001016,0S
020160001001017,0S
020160001001018,0S
020160001001019,0S
020160001001020,0S
020160001001021,0S
020160001001022,0S
020160001001023,0S
020160001001024,0S
020160001001025,0S
020160001001026,0S
020160001001027,0S
020160001001028,0S
020160001001029,0S
020160001001030,0S
020160001001031,0S
020160001001032,0S
020160001001033,0S
020160001001034,0S
020160001001035,0S
020160001001036,0S
020160001001037,0S
020160001001038,0S
020160001001039,0S
020160001001040,0S
020160001001041,0S
020160001001042,0S
020160001001043,0S
020160001001044,0S
020160001001045,0S
020160001001046,0S
020160001001047,0S
020160001001048,0S
020160001001049,0S
020160001001050,0S
020160001001051,0S
020160001001052,0S
020160001001053,0S
020160001001054,0S
020160001001055,0S
020160001001056,0S
020160001001057,0S
020160001001058,0S
020160001001059,0S
020160001001060,0S
020160001001061,0S
020160001001062,0S
020160001001063,0S
020160001001064,0S
020160001001065,0S
020160001001066,0S
020160001001067,0S
020160001001068,0S
020160001001069,0S
020160001001070,0S
020160001001071,0S
020160001001072,0S
020160001001073,0S
020160001001074,0S
020160001001075,0S
020160001001076,0S
020160001001077,0S
020160001001078,0S
020160001001079,0S
020160001001080,0S
020160001001081,0S
020160001001082,0S
020160001001083,0S
020160001001084,0S
020160001001085,0S
020160001001086,0S
020160001001087,0S
020160001001088,0S
020160001001089,0S
020160001001090,0S
020160001001091,0S
020160001001092,0S
020160001001093,0S
020160001001094,0S
020160001001095,0S
020160001001096,0S
020160001001097,0S
020160001001098,0S
020160001001099,0S
020160001001100,0S
020160001001101,0S
020160001001102,0S
020160001001103,0S
020160001001104,0S
020160001001105,0S
020160001001106,0S
020160001001107,0S
020160001001108,0S
020160001001109,0S
020160001001110,0S
020160001001111,0S
020160001001112,0S
020160001001113,0S
020160001001114,0S
020160001001115,0S
020160001001116,0S
020160001001117,0S
020160001001118,0S
020160001001119,0S
020160001001120,0S
020160001001121,0S
020160001001122,0S
020160001001123,0S
020160001001124,0S
020160001001125,0S
020160001001126,0S
020160001001127,0S
020160001001128,0S
020160001001129,0S
020160001001130,0S
020160001001131,0S
020160001001132,0S
020160001001133,0S
020160001001134,0S
020160001001135,0S
020160001001136,0S
020160001001137,0S
020160001001138,0S
020160001001139,0S
020160001001140,0S
020160001001141,0S
020160001001142,0S
020160001001143,0S
020160001001144,0S
020160001001145,0S
020160001001146,0S
020160001001147,0S
020160001001148,0S
020160001001149,0S
020160001001150,0S
020160001001151,0S
020160001001152,0S
020160001001153,0S
020160001001154,0S
020160001001155,0S
020160001001156,0S
020160001001157,0S
020160001001158,0S
020160001001159,0S
020160001001160,0S
020160001001161,0S
020160001001162,0S
020160001001163,0S
020160001001164,0S
020160001001165,0S
020160001001166,0S
020160001001167,0S
020160001001168,0S
020160001001169,0S
020160001001170,0S
020160001001171,0S
020160001001172,0S
020160001001173,0S
020160001001174,0S
020160001001175,0S
020160001001176,0S
020160001001177,0S
020160001001178,0S
020160001001179,0S
020160001001180,0S
020160001001181,0S
020160001001182,0S
020160001001183,0S
020160001001184,0S
020160001001185,0S
020160001001186,0S
020160001001187,0S
020160001001188,0S
020160001001189,0S
020160001001190,0S
020160001001191,0S
020160001001192,0S
020160001001193,0S
020160001001194,0S
020160001001195,0S
020160001001196,0S
020160001001197,0S
020160001001198,0S
020160001001199,0S
020160001001200,0S
020160001001201,0S
020160001001202,0S
020160001001203,0S
020160001001204,0S
020160001001205,0S
020160001001206,0S
020160001001207,0S
020160001001208,0S
020160001001209,0S
020160001001210,0S
020160001001211,0S
020160001001212,0S
020160001001213,0S
020160001001214,0S
020160001001215,0S
020160001001216,0S
020160001001217,0S
020160001001218,0S
020160001001219,0S
020160001001220,0S
020160001001221,0S
020160001001222,0S
020160001001223,0S
020160001001224,0S
020160001001225,0S
020160001001226,0S
020160001001227,0S
020160001001228,0S
020160001001229,0S
020160001001230,0S
020160001001231,0S
020160001001232,0S
020160001001233,0S
020160001001234,0S
020160001001235,0S
020160001001236,0S
020160001001237,0S
020160001001238,0S
020160001001239,0S
020160001001240,0S
020160001001241,0S
020160001001242,0S
020160001001243,0S
020160001001244,0S
020160001001245,0S
020160001001246,0S
020160001001247,0S
020160001001248,0S
020160001001249,0S
020160001001250,0S
020160001001251,0S
020160001001252,0S
020160001001253,0S
020160001001254,0S
020160001001255,0S
020160001001256,0S
020160001001257,0S
020160001001258,0S
020160001001259,0S
020160001001260,0S
020160001001261,0S
020160001001262,0S
020160001001263,0S
020160001001264,0S
020160001001265,0S
020160001001266,0S
020160001001267,0S
020160001001268,0S
020160001001269,0S
020160001001270,0S
020160001001271,0S
020160001001272,0S
020160001001273,0S
020160001001274,0S
020160001001275,0S
020160001001276,0S
020160001001277,0S
020160001001278,0S
020160001001279,0S
020160001001280,0S
020160001001281,0S
020160001001282,0S
020160001001283,0S
020160001001284,0S
020160001001285,0S
020160001001286,0S
020160001001287,0S
020160001001288,0S
020160001001289,0S
020160001001290,0S
020160001001291,0S
020160001001292,0S
020160001001293,0S
020160001001294,0S
020160001001295,0S
020160001001301,0S
020160001001302,0S
020160001001303,0S
020160001001304,0S
020160001001305,0S
020160001001306,0S
020160001001307,0S
020160001001308,0S
020160001001309,0S
020160001001310,0S
020160001001311,0S
020160001001312,0S
020160001001313,0S
020160001001314,0S
020160001001315,0S
020160001001316,0S
020160001001317,0S
020160001001318,0S
020160001001319,0S
020160001001320,0S
020160001001321,0S
020160001001322,0S
020160001001323,0S
020160001001324,0S
020160001001325,0S
020160001001326,0S
020160001001327,0S
020160001001328,0S
020160001001329,0S
020160001001330,0S
020160001001331,0S
020160001001332,0S
020160001001333,0S
020160001001334,0S
020160001001348,0S
020160001001349,0S
020160001001350,0S
020160001001351,0S
020160001001352,0S
020160001001353,0S
020160001001354,0S
020160001001355,0S
020160001001356,0S
020160001001357,0S
020160001001358,0S
020160001001359,0S
020160001001360,0S
020160001001361,0S
020160001001362,0S
020160001001363,0S
020160001001364,0S
020160001001365,0S
020160001001366,0S
020160001001367,0S
020160001001368,0S
020160001001369,0S
020160001001370,0S
020160001001371,0S
020160001001372,0S
020160001001373,0S
020160001001374,0S
020160001001375,0S
020160001001376,0S
020160001001377,0S
020160001001378,0S
020160001001379,0S
020160001001380,0S
020160001001381,0S
020160001001382,0S
020160001001383,0S
020160001001384,0S
020160001001385,0S
020160001001386,0S
020160001001387,0S
020160001001388,0S
020160001001389,0S
020160001001390,0S
020160001001391,0S
020160001001392,0S
020160001001393,0S
020160001001394,0S
020160001001395,0S
020160001001396,0S
020160001001426,0S
020160001001427,0S
020160001001428,0S
020160001001429,0S
020160001001430,0S
020160001001431,0S
020160001001432,0S
020160001001433,0S
020160001001434,0S
020160001001435,0S
020160001001438,0S
020160001001439,0S
020160001001440,0S
020160001001441,0S
020160001001442,0S
020160001001443,0S
020160001001444,0S
020160001001445,0S
020160001001446,0S
020160001001447,0S
020160001001448,0S
020160001001449,0S
020160001001450,0S
020160001001451,0S
020160001001452,0S
020160001001453,0S
020160001001454,0S
020160001001455,0S
020160001001456,0S
020160001001457,0S
020160001001458,0S
020160001001459,0S
020160001001460,0S
020160001001461,0S
020160001001462,0S
020160001001463,0S
020160001001464,0S
020160001001465,0S
020160001001466,0S
020160001001468,0S
020160001001469,0S
020160001001470,0S
020160001001471,0S
020160001001472,0S
020160001001473,0S
020160001001474,0S
020160001001335,0S
020160001001336,0S
020160001001337,0S
020160001001338,0S
020160001001339,0S
020160001001340,0S
020160001001341,0S
020160001001342,0S
020160001001343,0S
020160001001344,0S
020160001001345,0S
020160001001346,0S
020160001001347,0S
020160001001475,0S
020160001001476,0S
020160002001000,0S
020160002001001,0S
020160002001002,0S
020160002001003,0S
020160002001004,0S
020160002001005,0S
020160002001006,0S
020160002001007,0S
020160002001008,0S
020160002001009,0S
020160002001010,0S
020160002001011,0S
020160002001012,0S
020160002001013,0S
020160002001014,0S
020160002001015,0S
020160002001016,0S
020160002001017,0S
020160002001018,0S
020160002001019,0S
020160002001020,0S
020160002001021,0S
020160002001022,0S
020160002001023,0S
020160002001024,0S
020160002001025,0S
020160002001026,0S
020160002001027,0S
020160002001028,0S
020160002001029,0S
020160002001030,0S
020160002001031,0S
020160002001032,0S
020160002001033,0S
020160002001034,0S
020160002001035,0S
020160002001036,0S
020160002001037,0S
020160002001038,0S
020160002001039,0S
020160002001040,0S
020160002001041,0S
020160002002000,0S
020160002002001,0S
020160002002002,0S
020160002002003,0S
020160002002004,0S
020160002002005,0S
020160002002006,0S
020160002002007,0S
020160002002008,0S
020160002002009,0S
020160002002010,0S
020160002002011,0S
020160002002012,0S
020160002002013,0S
020160002002014,0S
020160002002015,0S
020160002002016,0S
020160002002017,0S
020160002002018,0S
020160002002019,0S
020160002002020,0S
020160002002021,0S
020160002002022,0S
020160002002023,0S
020160002002024,0S
020160002002025,0S
020160002002026,0S
020160002002027,0S
020160002002028,0S
020160002002029,0S
020160002002030,0S
020160002002031,0S
020160002002032,0S
020160002002033,0S
020160002002034,0S
020160002002035,0S
020160002002036,0S
020160002002037,0S
020160002002038,0S
020160002002039,0S
020160002002040,0S
020160002002041,0S
020160002002042,0S
020160002002043,0S
020160002002044,0S
020160002002045,0S
020160002002046,0S
020160002002047,0S
020160002002048,0S
020160002002049,0S
020160002002050,0S
020160002002051,0S
020160002002052,0S
020160002002053,0S
020160002002054,0S
020160002002055,0S
020160002002056,0S
020160002002057,0S
020160002002058,0S
020160002002059,0S
020160002002060,0S
020160002002061,0S
020160002002062,0S
020160002002063,0S
020160002002064,0S
020160002002065,0S
020160002002066,0S
020160002002067,0S
020160002002068,0S
020160002002069,0S
020160002002070,0S
020160002002071,0S
020160002002072,0S
020160002002073,0S
020160002002074,0S
020160002002075,0S
020160002002076,0S
020160002002077,0S
020160002002078,0S
020160002002079,0S
020160002002080,0S
020160002002081,0S
020160002002082,0S
020160002002083,0S
020160002002084,0S
020160002002085,0S
020160002002086,0S
020160002002087,0S
020160002002088,0S
020160002002089,0S
020160002002090,0S
020160002002091,0S
020160002002092,0S
020160002002093,0S
020160002002094,0S
020160002002095,0S
020160002002096,0S
020160002002097,0S
020160002002098,0S
020160002002099,0S
020160002002100,0S
020160002002101,0S
020160002002102,0S
020160002002103,0S
020160002002104,0S
020160002002105,0S
020160002002106,0S
020160002002107,0S
020160002002108,0S
020160002002109,0S
020160002002110,0S
020160002002111,0S
020160002002112,0S
020160002002113,0S
020160002002114,0S
020160002002115,0S
020160002002116,0S
020160002002117,0S
020160002002118,0S
020160002002119,0S
020160002002120,0S
020160002002121,0S
020160002002122,0S
020160002002123,0S
020160002002124,0S
020160002002125,0S
020160002002126,0S
020160002002127,0S
020160002002128,0S
020160002002129,0S
020160002002130,0S
020160002002131,0S
020160002002132,0S
020160002002133,0S
020200001011000,0F
020200001011001,0F
020200001011002,0F
020200001011003,0F
020200001011004,0F
020200001011005,0F
020200001011006,0F
020200001011007,0F
020200001011008,0F
020200001011009,0F
020200001011010,0F
020200001011011,0F
020200001011012,0F
020200001011013,0F
020200001011014,0F
020200001011015,0F
020200001011016,0F
020200001011017,0F
020200001011018,0F
020200001011019,0F
020200001011020,0F
020200001011021,0F
020200001011022,0F
020200001011023,0F
020200001011024,0F
020200001011025,0F
020200001011026,0F
020200001011027,0F
020200001011028,0F
020200001011029,0F
020200001011030,0F
020200001011031,0F
020200001011032,0F
020200001011033,0F
020200001011034,0F
020200001011035,0F
020200001011036,0F
020200001011037,0F
020200001011038,0F
020200001011039,0F
020200001011040,0F
020200001012060,0F
020200001012000,0F
020200001012001,0F
020200001012002,0F
020200001012003,0F
020200001012004,0F
020200001012005,0F
020200001012006,0F
020200001012007,0F
020200001012008,0F
020200001012009,0F
020200001012010,0F
020200001012011,0F
020200001012012,0F
020200001012013,0F
020200001012014,0F
020200001012015,0F
020200001012016,0F
020200001012017,0F
020200001012018,0F
020200001012019,0F
020200001012020,0F
020200001012021,0F
020200001012022,0F
020200001012023,0F
020200001012024,0F
020200001012025,0F
020200001012026,0F
020200001012027,0F
020200001012028,0F
020200001012029,0F
020200001012030,0F
020200001012031,0F
020200001012032,0F
020200001012033,0F
020200001012034,0F
020200001012035,0F
020200001012036,0F
020200001012037,0F
020200001012038,0F
020200001012039,0F
020200001012040,0F
020200001012041,0F
020200001012042,0F
020200001012043,0F
020200001012044,0F
020200001012045,0F
020200001012046,0F
020200001012047,0F
020200001012048,0F
020200001012049,0F
020200001012050,0F
020200001012051,0F
020200001012052,0F
020200001012053,0F
020200001012054,0F
020200001012055,0F
020200001012056,0F
020200001012057,0F
020200001012058,0F
020200001012059,0F
020200001012061,0F
020200001012062,0F
020200001012063,0F
020200001012064,0F
020200001012065,0F
020200001012066,0F
020200001012067,0F
020200001012068,0F
020200001012069,0F
020200001012070,0F
020200001012071,0F
020200001012072,0F
020200001012073,0F
020200001012077,0F
020200001012074,0N
020200001012075,0N
020200001012076,0N
020200002041014,0N
020200002042024,0N
020200029001000,0N
020200029001001,0N
020200029001002,0N
020200029001003,0N
020200029001004,0N
020200029001005,0N
020200029001006,0N
020200029001007,0N
020200029001008,0N
020200029001009,0N
020200029001010,0N
020200029001011,0N
020200029001012,0N
020200029001013,0N
020200029001014,0N
020200029001015,0N
020200029001016,0N
020200029001017,0N
020200029001018,0N
020200029001019,0N
020200029001020,0N
020200029001021,0N
020200029002000,0N
020200029002001,0N
020200029002002,0N
020200029002003,0N
020200029002004,0N
020200029002005,0N
020200029002006,0N
020200029002007,0N
020200029002008,0N
020200029002009,0N
020200029002010,0N
020200029002011,0N
020200029002012,0N
020200029002013,0N
020200029002022,0N
020200029002023,0N
020200029002024,0N
020200029002025,0N
020200029002026,0N
020200029002027,0N
020200029002028,0N
020200029002029,0N
020200029002030,0N
020200029002031,0N
020200029002032,0N
020200029002033,0N
020200029002034,0N
020200029002035,0N
020200029002036,0N
020200029002037,0N
020200029002038,0N
020200029002039,0N
020200029002040,0N
020200029002041,0N
020200029002042,0N
020200029002043,0N
020200029002044,0N
020200029002045,0N
020200029002046,0N
020200029002047,0N
020200029002048,0N
020200029002049,0N
020200029002050,0N
020200029002051,0N
020200029002052,0N
020200029002053,0N
020200029002054,0N
020200029002055,0N
020200029002056,0N
020200029002057,0N
020200029002058,0N
020200029002059,0N
020200029002060,0N
020200029002061,0N
020200029002064,0N
020200029002076,0N
020200029002077,0N
020200029002078,0N
020200029002079,0N
020200029002080,0N
020200029002081,0N
020200029002082,0N
020200029002084,0N
020200029002085,0N
020200029002086,0N
020200029002087,0N
020200029002088,0N
020200029002089,0N
020200029002090,0N
020200029002093,0N
020200029002094,0N
020200029002099,0N
020200029002100,0N
020200029002101,0N
020200029002102,0N
020200029002103,0N
020200029002104,0N
020200029002105,0N
020200029002106,0N
020200029002107,0N
020200029002108,0N
020200029002109,0N
020200029002110,0N
020200029002111,0N
020200029002112,0N
020200029002113,0N
020200029002114,0N
020200029002115,0N
020200029002116,0N
020200029002117,0N
020200029002118,0N
020200029002119,0N
020200001021000,0F
020200001021001,0F
020200001021002,0F
020200001021003,0F
020200001021004,0F
020200001021005,0F
020200001021006,0F
020200001021007,0F
020200001021008,0F
020200001021009,0F
020200001021010,0F
020200001021011,0F
020200001021012,0F
020200001021013,0F
020200001021014,0F
020200001021015,0F
020200001022000,0F
020200001023002,0F
020200001023003,0F
020200001023004,0F
020200001023005,0F
020200001023006,0F
020200001023007,0F
020200001023008,0F
020200001023009,0F
020200001023010,0F
020200001023016,0F
020200001023018,0F
020200001023020,0F
020200001023021,0F
020200001023022,0F
020200001023023,0F
020200001023029,0F
020200001022001,0G
020200001022002,0G
020200001022003,0G
020200001022004,0G
020200001022006,0G
020200001022012,0G
020200001022013,0G
020200001023000,0G
020200001023001,0G
020200001023011,0G
020200001023012,0G
020200001023013,0G
020200001023014,0G
020200001023015,0G
020200001023017,0G
020200001023019,0G
020200001023027,0G
020200001023030,0G
020200001023031,0G
020200001023033,0G
020200001022005,0G
020200001022007,0G
020200001022008,0G
020200001022009,0G
020200001022010,0G
020200001022011,0G
020200001023024,0G
020200001023026,0G
020200001023028,0G
020200001023032,0G
020200001023034,0G
020200001023035,0G
020200001023036,0G
020200001023037,0G
020200001023038,0G
020200001023039,0G
020200001023040,0G
020200001023041,0G
020200002011000,0G
020200002011001,0G
020200002011002,0G
020200002011003,0G
020200002011004,0G
020200002011005,0G
020200002011006,0G
020200002011007,0G
020200002022002,0G
020200001022014,0G
020200002041000,0G
020200002041001,0G
020200002041002,0G
020200002041003,0G
020200002041004,0G
020200002041005,0G
020200002041006,0G
020200002041007,0G
020200002041008,0G
020200002041009,0G
020200002041010,0G
020200002041011,0G
020200002041012,0G
020200002041013,0G
020200002041015,0G
020200002041016,0G
020200002041018,0G
020200002041019,0G
020200002042000,0G
020200002042004,0G
020200002052000,0G
020200002052001,0G
020200002052002,0G
020200002052003,0G
020200002052004,0G
020200002052005,0G
020200002052006,0G
020200002052007,0G
020200002052009,0G
020200002062000,0G
020200002062007,0G
020200002062008,0G
020200002062009,0G
020200002062010,0G
020200002062011,0G
020200002062012,0G
020200002062013,0G
020200002062014,0G
020200002062015,0G
020200002062016,0G
020200002062017,0G
020200002062018,0G
020200002062019,0G
020200002062020,0G
020200002062021,0G
020200002062022,0G
020200002062023,0G
020200002062024,0G
020200002062025,0G
020200001022015,0G
020200002022000,0G
020200002022001,0G
020200002022003,0G
020200002022004,0G
020200002022005,0G
020200002022006,0G
020200002022007,0G
020200002022008,0G
020200002022009,0G
020200002022010,0G
020200002022011,0G
020200002022012,0G
020200002022013,0G
020200002022014,0G
020200002022015,0G
020200002022016,0G
020200002022017,0G
020200002022018,0G
020200001023025,0G
020200002042020,0G
020200007031000,0G
020200007031002,0G
020209802001000,0G
020209802001001,0G
020209802001002,0G
020209802001003,0G
020209802001004,0G
020209802001005,0G
020209802001006,0G
020209802001007,0G
020209802001008,0G
020209802001009,0G
020209802001010,0G
020209802001011,0G
020209802001012,0G
020209802001013,0G
020209802001014,0G
020209802001015,0G
020209802001016,0G
020209802001017,0G
020209802001018,0G
020209802001019,0G
020209802001020,0G
020209802001021,0G
020209802001022,0G
020209802001023,0G
020209802001024,0G
020209802001025,0G
020209802001026,0G
020209802001027,0G
020209802001028,0G
020209802001038,0G
020209802001039,0G
020209802001040,0G
020209802001041,0G
020209802001042,0G
020209802001043,0G
020209802001044,0G
020209802001045,0G
020209802001046,0G
020209802001047,0G
020209802001048,0G
020209802001049,0G
020209802001050,0G
020209802001051,0G
020209802001052,0G
020209802001053,0G
020209802001054,0G
020209802001055,0G
020209802001056,0G
020209802001057,0G
020209802001058,0G
020209802001059,0G
020209802001060,0G
020209802001061,0G
020209802001062,0G
020209802001063,0G
020209802001064,0G
020209802001065,0G
020209802001066,0G
020209802001067,0G
020209802001068,0G
020209802001069,0G
020209802001070,0G
020209802001071,0G
020209802001072,0G
020209802001073,0G
020209802001074,0G
020209802001075,0G
020209802001076,0G
020209802001077,0G
020209802001078,0G
020209802001079,0G
020209802001080,0G
020209802001081,0G
020209802001082,0G
020209802001083,0G
020209802001084,0G
020209802001085,0G
020209802001086,0G
020209802001087,0G
020209802001088,0G
020209802001089,0G
020209802001090,0G
020209802001091,0G
020209802001092,0G
020209802001093,0G
020209802001094,0G
020209802001095,0G
020209802001096,0G
020209802001097,0G
020209802001098,0G
020209802001099,0G
020209802001100,0G
020209802001101,0G
020209802001102,0G
020209802001103,0G
020209802001104,0G
020209802001105,0G
020209802001106,0G
020209802001107,0G
020209802001108,0G
020209802001109,0G
020209802001110,0G
020209802001111,0G
020209802001112,0G
020209802001113,0G
020209802001114,0G
020209802001115,0G
020209802001116,0G
020209802001117,0G
020209802001118,0G
020209802001119,0G
020209802001120,0G
020209802001121,0G
020209802001122,0G
020209802001123,0G
020209802001124,0G
020209802001125,0G
020209802001126,0G
020209802001127,0G
020209802001128,0G
020209802001129,0G
020209802001130,0G
020209802001131,0G
020209802001133,0G
020209802001134,0G
020209802001135,0G
020209802001136,0G
020209802001137,0G
020209802001138,0G
020209802001139,0G
020209802001140,0G
020209802001141,0G
020209802001142,0G
020209802001143,0G
020209802001145,0G
020209802001146,0G
020209802001150,0G
020209802001151,0G
020200002011008,0G
020200002011009,0G
020200002011010,0G
020200002011011,0G
020200002011012,0G
020200002011013,0G
020200002011014,0G
020200002011015,0G
020200002011016,0G
020200002011017,0G
020200002011018,0G
020200002012000,0G
020200002012001,0G
020200002012002,0G
020200002012003,0G
020200002012004,0G
020200002012005,0G
020200002012006,0G
020200002012007,0G
020200002012008,0G
020200002012009,0G
020200002012010,0G
020200002012011,0G
020200002012019,0G
020200002012020,0G
020200002012021,0G
020200002021002,0G
020200002021003,0G
020200002021004,0G
020200002021005,0G
020200002021006,0G
020200002021007,0G
020200002021008,0G
020200002021009,0G
020200002012012,0G
020200002012013,0G
020200002012014,0G
020200002012015,0G
020200002021000,0G
020200002021001,0G
020200002021010,0G
020200002021011,0G
020200002021012,0G
020200002021013,0G
020200002021014,0G
020200002021015,0G
020200002021016,0G
020200002021017,0G
020200002021018,0G
020200002021019,0G
020200002021020,0G
020200002021021,0G
020200002023000,0G
020200002023001,0G
020200002023002,0G
020200002023003,0G
020200002023004,0G
020200002023005,0G
020200002023006,0G
020200002023007,0G
020200002023008,0G
020200002023009,0G
020200002023010,0G
020200002023011,0G
020200002023012,0G
020200002023013,0G
020200002023014,0G
020200002023015,0G
020200002023016,0G
020200002023017,0G
020200002023018,0G
020200002023019,0G
020200002024009,0G
020200002054008,0G
020200002054009,0G
020200002054010,0G
020200002012016,0G
020200002012017,0G
020200002012018,0G
020200002041017,0G
020200002042001,0G
020200002042002,0G
020200002042003,0G
020200002042005,0G
020200002042006,0G
020200002042007,0G
020200002042008,0G
020200002042009,0G
020200002042010,0G
020200002042011,0G
020200002042012,0G
020200002042013,0G
020200002042014,0G
020200002042015,0G
020200002042016,0G
020200002042017,0G
020200002042018,0G
020200002042019,0G
020200002042021,0G
020200002042022,0G
020200002042023,0G
020200002042025,0G
020200002051005,0G
020200002051006,0G
020200002051007,0G
020200002051008,0G
020200002051009,0G
020200002051010,0G
020200002051011,0G
020200002052008,0G
020200002054011,0G
020200029002019,0G
020200029002020,0G
020200029002021,0G
020209802001029,0G
020209802001030,0G
020209802001031,0G
020209802001032,0G
020209802001033,0G
020209802001034,0G
020209802001035,0G
020209802001036,0G
020209802001037,0G
020209802001147,0G
020209802001148,0G
020209802001152,0G
020209802001153,0G
020209802001154,0G
020209802001155,0G
020200002024000,0G
020200002024001,0G
020200002024002,0G
020200002024003,0G
020200002024004,0G
020200002024005,0G
020200002024006,0G
020200002024007,0G
020200002024008,0G
020200002024010,0G
020200002024011,0G
020200002024012,0G
020200002024013,0G
020200002024014,0G
020200002024015,0G
020200002024016,0G
020200002024017,0G
020200002024018,0G
020200002024019,0G
020200002024020,0G
020200002024021,0G
020200002024022,0G
020200002051000,0G
020200002051001,0G
020200002051002,0G
020200002051003,0G
020200002051004,0G
020200002053000,0G
020200002053001,0G
020200002053002,0G
020200002053003,0G
020200002053004,0G
020200002053005,0G
020200002053006,0G
020200002053007,0G
020200002053008,0G
020200002054000,0G
020200002054001,0G
020200002054002,0G
020200002054003,0G
020200002054004,0G
020200002054005,0G
020200002054006,0G
020200002054007,0G
020200002054012,0G
020200002054013,0G
020200002061000,0G
020200002061001,0G
020200002061002,0G
020200002061003,0G
020200002061004,0G
020200002061005,0G
020200002061006,0G
020200002061007,0G
020200002061008,0G
020200002061009,0G
020200002061010,0G
020200002061011,0G
020200002061012,0G
020200002061013,0G
020200002061014,0G
020200002061015,0G
020200002061016,0G
020200002061017,0G
020200002061018,0G
020200002061019,0G
020200002061020,0G
020200002062001,0G
020200002062002,0G
020200002062003,0G
020200002062004,0G
020200002062005,0G
020200002062006,0G
020200005001000,0J
020200005001001,0J
020200005001002,0J
020200005001003,0J
020200005001004,0J
020200005001005,0J
020200005001006,0J
020200005001007,0J
020200005001008,0J
020200005001009,0J
020200005001010,0J
020200005001011,0J
020200005001012,0J
020200005001013,0J
020200005001014,0J
020200005001015,0J
020200005001016,0J
020200005001017,0J
020200005001018,0J
020200005001019,0J
020200005001020,0J
020200005001021,0J
020200005001022,0J
020200005001023,0J
020200005001024,0J
020200005001025,0J
020200005001026,0J
020200005001027,0J
020200005001028,0J
020200005001029,0J
020200005001030,0J
020200005001031,0J
020200005001032,0J
020200005001033,0J
020200005001034,0J
020200005001040,0J
020200005001041,0J
020200005001044,0J
020200005001045,0J
020200005002000,0J
020200005002001,0J
020200005002002,0J
020200006013016,0J
020200005001035,0J
020200005001036,0J
020200005001037,0J
020200005001038,0J
020200005001042,0J
020200005001043,0J
020200011001001,0J
020200011001002,0J
020200011001003,0J
020200011001004,0J
020200011001005,0J
020200011001006,0J
020200011001007,0J
020200011001008,0J
020200011001009,0J
020200011001010,0J
020200011001014,0J
020200011001015,0J
020200011001016,0J
020200011001034,0J
020200011001035,0J
020200011001036,0J
020200011001037,0J
020200011001038,0J
020200011001039,0J
020200011001049,0J
020200011001050,0J
020200011001051,0J
020200011001052,0J
020200011001053,0J
020200011001054,0J
020200011001069,0J
020200011001070,0J
020200011001071,0J
020200012001000,0J
020200012001001,0J
020200012001002,0J
020200012001003,0J
020200012001004,0J
020200012001005,0J
020200012001006,0J
020200012001007,0J
020200012001008,0J
020200012001009,0J
020200012001010,0J
020200012001011,0J
020200012001012,0J
020200012001013,0J
020200012003000,0J
020200005001039,0J
020200006013002,0J
020200006013003,0J
020200006013004,0J
020200006013005,0J
020200006013006,0J
020200006013007,0J
020200006013008,0J
020200006013015,0J
020200006013017,0J
020200006013018,0J
020200006013019,0J
020200006013020,0J
020200006013021,0J
020200006013022,0J
020200006013023,0J
020200006013024,0J
020200006013025,0J
020200006013030,0J
020200006013031,0J
020200006013033,0J
020200009011004,0J
020200009011005,0J
020200009011006,0J
020200009011007,0J
020200009011009,0J
020200009011010,0J
020200009011011,0J
020200009011012,0J
020200009011013,0J
020200009011014,0J
020200009011015,0J
020200009011016,0J
020200009011017,0J
020200009011018,0J
020200009011019,0J
020200009011020,0J
020200009011021,0J
020200009011022,0J
020200009011023,0J
020200009011024,0J
020200009011025,0J
020200009011026,0J
020200009011027,0J
020200009011028,0J
020200009011029,0J
020200009011030,0J
020200009011031,0J
020200009011032,0J
020200009011033,0J
020200009011034,0J
020200009011039,0J
020200009011040,0J
020200009011041,0J
020200009011042,0J
020200009011043,0J
020200009011044,0J
020200009011045,0J
020200009011046,0J
020200009011047,0J
020200009011048,0J
020200009011049,0J
020200009011050,0J
020200009011051,0J
020200009012022,0J
020200009012023,0J
020200009012024,0J
020200009013000,0J
020200009013001,0J
020200009013002,0J
020200009013003,0J
020200009013004,0J
020200009013005,0J
020200009013007,0J
020200009013008,0J
020200009013009,0J
020200009013019,0J
020200010002000,0J
020200010002001,0J
020200010002007,0J
020200010002014,0J
020200010002015,0J
020200010002016,0J
020200010002017,0J
020200010002018,0J
020200010002019,0J
020200010002023,0J
020200010002024,0J
020200010002025,0J
020200010002026,0J
020200010002027,0J
020200010002028,0J
020200010002029,0J
020200010002030,0J
020200010002031,0J
020200010002036,0J
020200010002037,0J
020200010002038,0J
020200010003000,0J
020200010003001,0J
020200010003002,0J
020200010003003,0J
020200006011000,0J
020200006011001,0J
020200006011002,0J
020200006011003,0J
020200006011004,0J
020200006011005,0J
020200006011006,0J
020200006012000,0J
020200006012001,0J
020200006012002,0J
020200006012003,0J
020200006012004,0J
020200006012005,0J
020200006012006,0J
020200006012007,0J
020200006021000,0J
020200006021001,0J
020200006021002,0J
020200006021003,0J
020200006021004,0J
020200006021005,0J
020200006021006,0J
020200006021007,0J
020200006013000,0J
020200006013001,0J
020200006013009,0J
020200006013010,0J
020200006013011,0J
020200006013012,0J
020200006013013,0J
020200006013014,0J
020200006014000,0J
020200006014001,0J
020200006014002,0J
020200006014003,0J
020200006014004,0J
020200006014005,0J
020200006014006,0J
020200006014007,0J
020200006022000,0J
020200006022001,0J
020200006022002,0J
020200006022003,0J
020200006022004,0J
020200006022005,0J
020200006022006,0J
020200006022007,0J
020200006022008,0J
020200006022009,0J
020200006022010,0J
020200006023000,0J
020200006023001,0J
020200006023002,0J
020200006023003,0J
020200006023004,0J
020200006023005,0J
020200006023006,0J
020200006023007,0J
020200009012000,0J
020200009012001,0J
020200009012002,0J
020200009012003,0J
020200009012004,0J
020200009012005,0J
020200009012007,0J
020200009012008,0J
020200009012009,0J
020200009012021,0J
020200009012025,0J
020200006013026,0J
020200006013027,0J
020200006013028,0J
020200006013029,0J
020200006013032,0J
020200010002002,0J
020200010002003,0J
020200010002004,0J
020200010002005,0J
020200010002006,0J
020200010002008,0J
020200010002009,0J
020200010002010,0J
020200010002011,0J
020200010002012,0J
020200010002013,0J
020200010002020,0J
020200011001000,0J
020200011001011,0J
020200011001012,0J
020200011001013,0J
020200011001017,0J
020200011001018,0J
020200011001019,0J
020200011001020,0J
020200011001021,0J
020200011001022,0J
020200011001023,0J
020200011001024,0J
020200011001025,0J
020200011001026,0J
020200011001027,0J
020200011001028,0J
020200011001029,0J
020200011001030,0J
020200011001031,0J
020200011001032,0J
020200011001033,0J
020200011001040,0J
020200011001041,0J
020200011001042,0J
020200011001043,0J
020200011001044,0J
020200011001045,0J
020200011001046,0J
020200011001047,0J
020200011001048,0J
020200011001055,0J
020200011001056,0J
020200011001057,0J
020200011001058,0J
020200011001059,0J
020200011001060,0J
020200011001061,0J
020200011001062,0J
020200011001063,0J
020200011001064,0J
020200011001065,0J
020200011001066,0J
020200011001067,0J
020200011001068,0J
020200011001072,0J
020200011001073,0J
020200011001074,0J
020200011001075,0J
020200011001076,0J
020200011001077,0J
020200011001078,0J
020200011001079,0J
020200011001080,0J
020200011001081,0J
020200011001082,0J
020200011001083,0J
020200007011000,0H
020200007011001,0H
020200007011002,0H
020200007011003,0H
020200007011004,0H
020200007011005,0H
020200007011006,0H
020200007011007,0H
020200007011008,0H
020200007011009,0H
020200007011010,0H
020200007011011,0H
020200007011012,0H
020200007011013,0H
020200007011014,0H
020200007011015,0H
020200007012001,0H
020200007012000,0H
020200007012004,0H
020200007021000,0H
020200007021001,0H
020200007021002,0H
020200007021003,0H
020200007021004,0H
020200007021005,0H
020200007021006,0H
020200007022000,0H
020200007022001,0H
020200007022007,0H
020200007022008,0H
020200007023000,0H
020200007023001,0H
020200007023002,0H
020200007023003,0H
020200007023004,0H
020200007023005,0H
020200007023006,0H
020200007023007,0H
020200007023008,0H
020200007031001,0H
020200007031003,0H
020200007031004,0H
020209801001147,0H
020209801001148,0H
020200007012002,0H
020200007012003,0H
020200007012005,0H
020200007012006,0H
020200007022002,0H
020200007022003,0H
020200007022004,0H
020200007022005,0H
020200007022006,0H
020200007023009,0H
020200007023010,0H
020200007023011,0H
020200007023012,0H
020200007023013,0H
020200007023014,0H
020200007023015,0H
020200007023016,0H
020200007023017,0H
020200007023018,0H
020200007023019,0H
020200007013000,0H
020200007013001,0H
020200007013002,0H
020200007013003,0H
020200007013004,0H
020200007013005,0H
020200007013006,0H
020200007013007,0H
020200007013008,0H
020200007013009,0H
020200007013010,0H
020200007013011,0H
020200007013012,0H
020200007013013,0H
020200007014000,0H
020200007014001,0H
020200007014002,0H
020200007014003,0H
020200007014004,0H
020200017024000,0H
020200017024001,0H
020200017024002,0H
020200017024003,0H
020200017024005,0H
020200017024006,0H
020200017024007,0H
020200017024008,0H
020200017024009,0H
020200017024010,0H
020200017024011,0H
020200017024012,0H
020200017024013,0H
020200017024014,0H
020200017024015,0H
020200017024016,0H
020200007031005,0G
020200007031006,0G
020200007031007,0G
020200007031008,0G
020200007031009,0G
020200007031010,0G
020200007031011,0H
020200007031012,0H
020200007031013,0H
020200007032000,0H
020200007032001,0H
020200007032002,0H
020200007032003,0H
020200007033000,0H
020200007033001,0H
020200007033002,0H
020200007033003,0H
020200007033004,0H
020200007033005,0H
020200007033006,0H
020200007033007,0H
020200007033008,0H
020200007033009,0H
020200007033010,0H
020200007033011,0H
020200007033012,0H
020200007033013,0H
020209802001149,0H
020209802001156,0H
020200007033014,0H
020200007034000,0H
020200007034001,0H
020200007034002,0H
020200007034003,0H
020200007034004,0H
020200007034005,0H
020200007034006,0H
020200007034007,0H
020200007034008,0H
020200007034009,0H
020200007035000,0H
020200007035001,0H
020200007035002,0H
020200007035003,0H
020200007035004,0H
020200007035005,0H
020200007035006,0H
020200007035007,0H
020200007035008,0H
020200007035009,0H
020200007035011,0H
020200007035010,0N
020200017312000,0N
020200017312001,0N
020200017312002,0N
020200017312003,0N
020200017312004,0N
020200017312005,0N
020200017312006,0N
020200017312007,0N
020200017312008,0N
020200017312009,0N
020200017313000,0N
020200017313001,0N
020200017313002,0N
020200017313003,0N
020200017313004,0N
020200017313005,0N
020200017313006,0N
020200017313007,0N
020200017313008,0N
020200017313009,0N
020200017313010,0N
020200017313011,0N
020200017313012,0N
020200017313013,0N
020200017313014,0N
020200017313015,0N
020200017313016,0N
020200017313017,0N
020200008011000,0J
020200008011001,0J
020200008011002,0J
020200008011003,0J
020200008011004,0J
020200008011005,0J
020200008011006,0J
020200008011007,0J
020200008015000,0J
020200008015001,0J
020200008015002,0J
020200008015003,0J
020200008015004,0J
020200008015005,0J
020200008015006,0J
020200008015007,0J
020200008015008,0J
020200008015009,0J
020200008015010,0J
020200008015011,0J
020200008015012,0J
020200008016000,0J
020200008016001,0J
020200008016002,0J
020200008016003,0J
020200008016004,0J
020200008016005,0J
020200008016006,0J
020200008016007,0J
020200008016010,0J
020200009012006,0J
020200008012000,0H
020200008012001,0H
020200008012002,0H
020200008012003,0H
020200008012004,0H
020200008012005,0H
020200008012006,0H
020200008012007,0H
020200008012008,0H
020200008013000,0H
020200008013001,0H
020200008013002,0H
020200008013003,0H
020200008013004,0H
020200008013005,0H
020200008013006,0H
020200008013007,0H
020200008013008,0H
020200008013009,0H
020200008014000,0H
020200008014001,0H
020200008014002,0H
020200008014003,0H
020200008014004,0H
020200008014005,0H
020200008016008,0J
020200008016009,0J
020200008017000,0J
020200008017001,0J
020200008017002,0J
020200008017003,0J
020200008017004,0J
020200008017005,0J
020200008021000,0J
020200008021001,0J
020200008021002,0J
020200008022000,0H
020200008022001,0H
020200008022002,0H
020200008022003,0H
020200008022004,0H
020200008022005,0H
020200008022006,0H
020200008022007,0H
020200008023000,0H
020200008023001,0H
020200008023002,0H
020200008024000,0I
020200008024001,0I
020200008024002,0I
020200009011000,0J
020200009011001,0J
020200009011002,0J
020200009011003,0J
020200009011008,0J
020200009011035,0J
020200009011036,0J
020200009011037,0J
020200009011038,0J
020200009013006,0J
020200009013010,0J
020200009013011,0J
020200009013012,0J
020200009013013,0J
020200009013014,0J
020200009013015,0J
020200009013016,0J
020200009013017,0J
020200009013018,0J
020200009021000,0J
020200009021001,0J
020200009021002,0J
020200009021003,0J
020200009021004,0J
020200009021005,0J
020200009021006,0J
020200009021007,0J
020200009022000,0J
020200009022001,0J
020200009022002,0J
020200009022003,0J
020200009022004,0J
020200009022005,0J
020200009022006,0J
020200009022007,0J
020200009023000,0J
020200009023001,0J
020200009023002,0J
020200009023003,0J
020200009023004,0J
020200010001000,0J
020200010001009,0J
020200010003008,0J
020200010003009,0J
020200010003010,0J
020200010003011,0J
020200010003012,0J
020200010003013,0J
020200010003014,0J
020200010003015,0J
020200016011014,0J
020200009012010,0J
020200009012011,0J
020200009012012,0J
020200009012013,0J
020200009012014,0J
020200009012015,0J
020200009012016,0J
020200009012017,0J
020200009012018,0J
020200009012019,0J
020200009012020,0J
020200016011000,0J
020200016011001,0J
020200016011002,0J
020200016011003,0J
020200016011004,0J
020200016011005,0J
020200016011006,0J
020200016011007,0J
020200016011008,0J
020200016011009,0J
020200016011010,0J
020200016011011,0J
020200016011012,0J
020200016011013,0J
020200016011015,0J
020200016011016,0J
020200016011017,0J
020200016011018,0J
020200016011019,0J
020200016011020,0J
020200016011021,0J
020200016011022,0J
020200016011023,0J
020200016011024,0J
020200016011025,0J
020200016013000,0J
020200016013001,0J
020200016013002,0J
020200010001001,0J
020200010001002,0J
020200010001003,0J
020200010001004,0J
020200010001005,0J
020200010001006,0J
020200010001007,0J
020200010001008,0J
020200010002021,0J
020200010002022,0J
020200010002032,0J
020200010002033,0J
020200010002034,0J
020200010002035,0J
020200010003004,0J
020200010003005,0J
020200010003006,0J
020200010003007,0J
020200010003016,0J
020200010003017,0J
020200010004000,0J
020200010004001,0J
020200010004002,0J
020200010004003,0J
020200010004004,0J
020200010004005,0J
020200010004006,0J
020200010004007,0J
020200010004008,0J
020200010004009,0J
020200010004010,0J
020200010004011,0J
020200010004012,0J
020200010004013,0J
020200010004014,0J
020200010004015,0J
020200010004016,0J
020200010004017,0J
020200012002000,0J
020200012002001,0J
020200012002002,0J
020200012002003,0J
020200012002004,0J
020200012002005,0J
020200012002006,0J
020200012002007,0J
020200012002008,0J
020200012002009,0J
020200012002010,0J
020200012002011,0J
020200012002012,0J
020200012002013,0J
020200012002017,0J
020200012002018,0J
020200012002019,0J
020200012004000,0J
020200012004001,0J
020200012004002,0J
020200012004003,0J
020200012005000,0J
020200012005001,0J
020200012005002,0J
020200012005003,0J
020200012002014,0J
020200012002015,0J
020200012002016,0J
020200012002020,0J
020200012004004,0J
020200012004005,0J
020200012004006,0J
020200012004007,0J
020200012004008,0J
020200012004009,0J
020200012004010,0J
020200012004011,0J
020200012004012,0J
020200012004013,0J
020200012004014,0J
020200012004015,0J
020200012004016,0J
020200012004017,0J
020200012003001,0K
020200013001000,0K
020200013001001,0K
020200013001002,0K
020200013001003,0K
020200013001004,0K
020200013001005,0K
020200013001006,0K
020200013001007,0K
020200013001008,0K
020200013001009,0K
020200013001010,0K
020200013001011,0K
020200013001012,0K
020200013001013,0K
020200013001014,0K
020200013001015,0K
020200013001016,0K
020200013001017,0K
020200013001018,0K
020200013001019,0K
020200013001020,0K
020200013002000,0K
020200013002002,0K
020200013002003,0K
020200013002004,0K
020200013002005,0K
020200013002006,0K
020200013002007,0K
020200013002008,0K
020200013002009,0K
020200013003013,0K
020200012003002,0J
020200012003003,0J
020200012003004,0J
020200012003005,0J
020200012003006,0J
020200012003007,0J
020200012003008,0J
020200012003009,0J
020200012003010,0J
020200012003011,0J
020200012003012,0J
020200012003013,0J
020200012005004,0J
020200012005005,0J
020200012005006,0J
020200012005007,0J
020200012005008,0J
020200012005009,0J
020200012005010,0J
020200012005011,0J
020200012005012,0J
020200012005013,0J
020200012005014,0J
020200013003001,0J
020200013002001,0I
020200013003000,0I
020200013003002,0I
020200013003003,0I
020200013003004,0I
020200013003005,0I
020200013003006,0I
020200013003007,0I
020200013003008,0I
020200013003009,0I
020200013003010,0I
020200013003011,0I
020200013003012,0I
020200014011000,0I
020200014011001,0I
020200014011002,0I
020200014011003,0I
020200014011004,0I
020200014011005,0I
020200014011006,0I
020200014011007,0I
020200014011008,0I
020200014011009,0I
020200014011010,0I
020200014012000,0I
020200014012001,0I
020200014012002,0I
020200014012003,0I
020200014012004,0I
020200014021000,0I
020200014021001,0I
020200014021002,0I
020200014021003,0I
020200014021004,0I
020200014021005,0I
020200014021006,0I
020200014021007,0I
020200014021008,0I
020200014021009,0I
020200014011011,0I
020200014012005,0I
020200014012006,0I
020200014012007,0I
020200014012008,0I
020200014012009,0I
020200014012010,0I
020200014013011,0I
020200014013012,0I
020200014013013,0I
020200014013014,0I
020200020001000,0I
020200020001001,0I
020200020001002,0I
020200020001003,0I
020200020001004,0I
020200020001005,0I
020200020001006,0I
020200020001007,0I
020200020001008,0I
020200020001009,0I
020200020001010,0I
020200020001011,0I
020200020001012,0I
020200020001013,0I
020200020001014,0I
020200020001015,0I
020200020001016,0I
020200020001017,0I
020200020001018,0I
020200020001019,0I
020200020001022,0I
020200020002000,0I
020200020002001,0I
020200020002002,0I
020200020002003,0I
020200014013000,0I
020200014013001,0I
020200014013002,0I
020200014013003,0I
020200014013004,0I
020200014013005,0I
020200014013006,0I
020200014013007,0I
020200014013016,0I
020200014013017,0I
020200014013018,0I
020200014021010,0I
020200014022000,0I
020200014022001,0I
020200014022002,0I
020200014022003,0I
020200014022004,0I
020200014022005,0I
020200014022006,0I
020200014022007,0I
020200014022008,0I
020200014022009,0I
020200014022010,0I
020200014022011,0I
020200014022012,0I
020200014022013,0I
020200014022014,0I
020200014022015,0I
020200014022016,0I
020200014013008,0I
020200014013009,0I
020200014013010,0I
020200014013015,0I
020200019001003,0I
020200019001004,0I
020200019001005,0I
020200019001006,0I
020200019001007,0I
020200019001008,0I
020200019001009,0I
020200019001010,0I
020200019001011,0I
020200019001012,0I
020200019001013,0I
020200019001014,0I
020200019001015,0I
020200019001016,0I
020200019001029,0I
020200019001030,0I
020200019001031,0I
020200019001032,0I
020200019001033,0I
020200019001034,0I
020200019001035,0I
020200019001036,0I
020200019001037,0I
020200019001039,0I
020200019004005,0I
020200019004006,0I
020200019004007,0I
020200019004008,0I
020200019004009,0I
020200019004010,0I
020200019004011,0I
020200019004013,0I
020200019004014,0I
020200015001000,0I
020200015001001,0I
020200015001002,0I
020200015001003,0I
020200015001004,0I
020200015001005,0I
020200015001006,0I
020200015001007,0I
020200015001008,0I
020200015001009,0I
020200015001010,0I
020200015001011,0I
020200015001012,0I
020200015001013,0I
020200015001014,0I
020200015001015,0I
020200015001016,0I
020200015001017,0I
020200015001018,0I
020200015001019,0I
020200015001020,0I
020200015001021,0I
020200015001022,0I
020200015001023,0I
020200015001024,0I
020200016013013,0I
020200016013014,0I
020200016013015,0I
020200016013016,0I
020200016013017,0I
020200015002000,0I
020200015002001,0I
020200015002002,0I
020200015002003,0I
020200015002004,0I
020200015002005,0I
020200015002006,0I
020200015002007,0I
020200015002008,0I
020200015002009,0I
020200015002010,0I
020200015002011,0I
020200015002012,0I
020200015004000,0I
020200015004001,0I
020200015004008,0I
020200015004009,0I
020200015004010,0I
020200015004011,0I
020200015004012,0I
020200015003000,0I
020200015003001,0I
020200015003002,0I
020200015003003,0I
020200015003004,0I
020200015003005,0I
020200015003006,0I
020200015003007,0I
020200015003008,0I
020200015003009,0I
020200015003010,0I
020200015003011,0I
020200015003012,0I
020200015003013,0I
020200015003014,0I
020200015004020,0I
020200016021002,0I
020200016021003,0I
020200016021004,0I
020200016021005,0I
020200016021006,0I
020200016021007,0I
020200016021008,0I
020200016021009,0I
020200016021010,0I
020200016021011,0I
020200016021012,0I
020200016021013,0I
020200016021014,0I
020200016021015,0I
020200016021016,0I
020200016021017,0I
020200016021018,0I
020200016021019,0I
020200016021020,0I
020200016021021,0I
020200016021022,0I
020200016021023,0I
020200016021024,0I
020200016021025,0I
020200016024004,0I
020200016024005,0I
020200015004002,0I
020200015004003,0I
020200015004004,0I
020200015004005,0I
020200015004006,0I
020200015004007,0I
020200015004013,0I
020200015004014,0I
020200015004015,0I
020200015004016,0I
020200015004017,0I
020200015004018,0I
020200015004019,0I
020200015004021,0I
020200015004022,0I
020200019001000,0I
020200019001001,0I
020200019001002,0I
020200019001017,0I
020200019001018,0I
020200019001019,0I
020200019001020,0I
020200019001021,0I
020200019001022,0I
020200019001023,0I
020200019001024,0I
020200019001025,0I
020200019001026,0I
020200019001027,0I
020200019001028,0I
020200019001038,0I
020200019002000,0I
020200019002001,0I
020200019004000,0I
020200019004001,0I
020200019004002,0I
020200019004003,0I
020200019004004,0I
020200019004012,0I
020200019004015,0I
020200019004016,0I
020200019004017,0I
020200019004018,0I
020200019004019,0I
020200019004020,0I
020200019004021,0I
020200019004022,0I
020200019004023,0I
020200019004024,0I
020200019004025,0I
020200019004026,0I
020200019004027,0I
020200019004028,0I
020200016012000,0J
020200016012001,0J
020200016012002,0J
020200016012003,0J
020200016012004,0J
020200016012005,0J
020200016012006,0J
020200016012007,0J
020200016012008,0J
020200016012009,0J
020200016012010,0J
020200016012011,0J
020200016012012,0J
020200016012013,0J
020200016012014,0J
020200016012015,0J
020200016012016,0J
020200016012017,0J
020200016012018,0J
020200016013003,0J
020200016013004,0J
020200016013005,0J
020200016013006,0J
020200016013007,0J
020200016013008,0J
020200016013009,0J
020200016013010,0J
020200016013011,0J
020200016013012,0J
020200016013018,0J
020200016013019,0J
020200016013020,0J
020200016013021,0J
020200016013022,0J
020200016013023,0J
020200016021000,0H
020200016021001,0H
020200016022000,0H
020200016022001,0H
020200016022002,0H
020200016022003,0H
020200016022004,0H
020200016022005,0H
020200016022006,0H
020200016022007,0H
020200016022008,0H
020200016022009,0H
020200016022010,0H
020200016022011,0H
020200016022012,0H
020200016022013,0H
020200016022014,0H
020200016022015,0H
020200016022016,0H
020200016022020,0H
020200016023000,0H
020200016023001,0H
020200016023003,0H
020200016023004,0H
020200016023010,0H
020200016022017,0I
020200016022018,0I
020200016022019,0I
020200016023002,0I
020200016023005,0I
020200016023006,0I
020200016023007,0I
020200016023008,0I
020200016023009,0I
020200016023011,0I
020200016023012,0I
020200016024000,0I
020200016024001,0I
020200016024002,0I
020200016024003,0I
020200016024006,0I
020200016024007,0I
020200016024008,0I
020200016024009,0I
020200016024010,0I
020200017011000,0H
020200017011001,0H
020200017011002,0H
020200017011003,0H
020200017011004,0H
020200017011005,0H
020200017011006,0H
020200017011007,0H
020200017011008,0H
020200017011009,0H
020200017014000,0H
020200017014001,0H
020200017014002,0H
020200017014003,0H
020200017014004,0H
020200017014005,0H
020200017014006,0H
020200017014007,0H
020200017014008,0H
020200017014009,0H
020200017014010,0H
020200017014011,0H
020200017014012,0H
020200017014013,0H
020200017014014,0H
020200017014015,0H
020200017012000,0N
020200017012001,0N
020200017012002,0N
020200017012003,0N
020200017012004,0N
020200017012005,0N
020200017013000,0N
020200017013001,0N
020200017013002,0N
020200017013003,0N
020200017013004,0N
020200017013005,0N
020200017021000,0N
020200017021001,0N
020200017021002,0N
020200017021003,0N
020200017021004,0N
020200017021005,0N
020200017021006,0N
020200017021007,0N
020200017021008,0N
020200017021009,0N
020200017021010,0N
020200017021011,0N
020200017021012,0N
020200017021013,0N
020200017021014,0N
020200017022000,0N
020200017022001,0N
020200017022002,0N
020200017022003,0N
020200017022004,0N
020200017022005,0N
020200017022006,0N
020200017314003,0N
020200017314004,0N
020200017314005,0N
020200017314006,0N
020200017314007,0N
020200017023000,0H
020200017023001,0H
020200017023002,0H
020200017023003,0H
020200017023004,0H
020200017023005,0H
020200017023006,0H
020200017023007,0H
020200017023008,0H
020200017023009,0H
020200017023010,0H
020200017023011,0H
020200017023012,0H
020200017023013,0H
020200017023014,0H
020200017023015,0H
020200017023016,0H
020200017023017,0H
020200017024004,0H
020200017024017,0H
020200017311000,0N
020200017311001,0N
020200017311002,0N
020200017311003,0N
020200017311004,0N
020200017314000,0N
020200017314001,0N
020200017314002,0N
020200017315000,0N
020200017315001,0N
020200017315002,0N
020200017315003,0N
020200017315004,0N
020200017315005,0N
020200017315006,0N
020200017315007,0N
020200017315008,0N
020200017321000,0N
020200017321001,0N
020200017321002,0N
020200017321003,0N
020200017321004,0N
020200017321005,0N
020200017321006,0N
020200017321007,0N
020200017321008,0N
020200017321009,0N
020200017321010,0N
020200017321011,0N
020200017321012,0N
020200017321013,0N
020200017321014,0N
020200017321015,0N
020200017321016,0N
020200017321017,0N
020200017321018,0N
020200017321019,0N
020200017321020,0N
020200017322000,0N
020200017322001,0N
020200017322002,0N
020200017322003,0N
020200017322004,0N
020200017322005,0N
020200017322006,0N
020200017322007,0N
020200017322008,0N
020200017322009,0N
020200017322010,0N
020200017322011,0N
020200017322012,0N
020200017322013,0N
020200017323000,0N
020200017323001,0N
020200017323002,0N
020200017323003,0N
020200017323004,0N
020200017323005,0N
020200017324000,0N
020200017324001,0N
020200017324002,0N
020200017324003,0N
020200017324004,0N
020200017324005,0N
020200018011000,0I
020200018011001,0I
020200018011002,0I
020200018011003,0I
020200018011004,0I
020200018011005,0I
020200018011006,0I
020200018011007,0I
020200018011008,0I
020200018011009,0I
020200018011010,0I
020200018011011,0I
020200018011012,0I
020200018011013,0I
020200018011014,0I
020200018012000,0I
020200018012001,0I
020200018012002,0I
020200018013000,0I
020200018013001,0I
020200018013002,0I
020200018013003,0I
020200018013004,0I
020200018013005,0I
020200018013006,0I
020200018013007,0I
020200018014000,0I
020200018014001,0I
020200018014002,0I
020200018021000,0I
020200018021001,0I
020200018021002,0I
020200018021003,0I
020200018021004,0I
020200018021005,0I
020200018021006,0I
020200018021007,0I
020200018022000,0I
020200018022001,0I
020200018022002,0I
020200018022003,0I
020200018022004,0I
020200018022005,0I
020200018022006,0I
020200018022007,0I
020200018022008,0I
020200018022009,0I
020200018022010,0I
020200018022011,0I
020200018022012,0I
020200018023000,0I
020200018023002,0I
020200018023003,0I
020200018023004,0I
020200018023005,0I
020200018023006,0I
020200018023007,0I
020200018023001,0I
020200018023009,0I
020200018023010,0I
020200018023011,0I
020200018023012,0I
020200018023013,0I
020200018023014,0I
020200018023015,0I
020200018023016,0I
020200018023017,0I
020200018023018,0I
020200018023019,0I
020200018023020,0I
020200018023021,0I
020200018023022,0I
020200018023023,0I
020200018023024,0I
020200018023025,0I
020200018023026,0I
020200018023027,0I
020200018023028,0I
020200018023008,0M
020200026023000,0M
020200026023001,0M
020200026023002,0M
020200026023003,0M
020200026023004,0M
020200026023005,0M
020200026023006,0M
020200026023007,0M
020200026023008,0M
020200026023009,0M
020200026023010,0M
020209800001002,0M
020209800001003,0M
020209800001004,0M
020209800001005,0M
020209800001007,0M
020200019002002,0L
020200019002003,0L
020200019002004,0L
020200019002005,0L
020200019002006,0L
020200019002007,0L
020200019002008,0L
020200019002009,0L
020200019003000,0L
020200019003001,0L
020200019003002,0L
020200019003003,0L
020200019003004,0L
020200019003005,0L
020200019003006,0L
020200019003007,0L
020200019003012,0L
020200019003013,0L
020200019003014,0L
020200019003015,0L
020200019003016,0L
020200019003017,0L
020200019003018,0L
020200019003019,0L
020200019003020,0L
020200019003021,0L
020200019003023,0L
020200019003024,0L
020200019003025,0L
020200019003026,0L
020200019003027,0L
020200019003028,0L
020200025021000,0L
020200025021001,0L
020200025021002,0L
020200025021003,0L
020200025021004,0L
020200025021005,0L
020200025021006,0L
020200025021007,0L
020200025021008,0L
020200025021009,0L
020200025021010,0L
020200025021011,0L
020200025021012,0L
020200025021013,0L
020200025021014,0L
020200025021015,0L
020200025021016,0L
020200019003008,0L
020200019003009,0L
020200019003010,0L
020200019003011,0L
020200019003022,0L
020200024003000,0L
020200024003001,0L
020200024003002,0L
020200024003003,0L
020200024003004,0L
020200024003005,0L
020200024003006,0L
020200024003007,0L
020200024003008,0L
020200024003009,0L
020200024003010,0L
020200024003011,0L
020200024003012,0L
020200024003013,0L
020200024003014,0L
020200024003016,0L
020200025011000,0L
020200025011001,0L
020200025011002,0L
020200025011003,0L
020200025011004,0L
020200025011009,0L
020200025011010,0L
020200025012000,0L
020200025012001,0L
020200025012002,0L
020200025012003,0L
020200025012004,0L
020200025012005,0L
020200025012006,0L
020200025012007,0L
020200025012008,0L
020200025012009,0L
020200025012010,0L
020200025012011,0L
020200025012012,0L
020200025012013,0L
020200025012014,0L
020200025012015,0L
020200020001020,0I
020200020001021,0I
020200020002004,0I
020200020002005,0I
020200020002006,0I
020200020002007,0I
020200020002008,0I
020200020002009,0I
020200020002010,0I
020200020003000,0I
020200020003001,0I
020200020003002,0I
020200020003003,0I
020200020003004,0I
020200020003005,0I
020200020003006,0I
020200020003007,0I
020200020003008,0I
020200020004000,0I
020200020004001,0I
020200020004002,0I
020200020004003,0I
020200020004004,0I
020200020004005,0I
020200020004006,0I
020200020004007,0I
020200020004008,0I
020200020004009,0I
020200020004010,0I
020200020004011,0I
020200020004012,0I
020200020004013,0I
020200020004014,0I
020200020004015,0I
020200020004016,0I
020200020004017,0I
020200020004018,0I
020200021001000,0I
020200021001002,0I
020200021001003,0I
020200021001004,0I
020200021001005,0I
020200021001006,0I
020200021001007,0I
020200021001008,0I
020200021001009,0I
020200021002000,0I
020200021002001,0I
020200021002002,0I
020200021002003,0I
020200021002004,0I
020200021002005,0I
020200021002006,0I
020200021002007,0I
020200021002008,0I
020200021002009,0I
020200021002010,0I
020200021001001,0K
020200022021000,0K
020200022021001,0K
020200022021002,0K
020200022021003,0K
020200022021004,0K
020200022022000,0K
020200022022001,0K
020200022022002,0K
020200022022003,0K
020200022022004,0K
020200022022005,0K
020200022022006,0K
020200022022007,0K
020200022022008,0K
020200022023000,0K
020200022023001,0K
020200021002011,0I
020200021002012,0I
020200021002013,0I
020200021002014,0I
020200021002015,0I
020200021002016,0I
020200021002017,0I
020200021002018,0I
020200021002019,0I
020200021003000,0I
020200021003001,0I
020200021003002,0I
020200021003003,0I
020200021003004,0I
020200021003005,0I
020200021003006,0I
020200021004000,0I
020200021004001,0I
020200021004002,0I
020200021004003,0I
020200021004004,0I
020200021004005,0I
020200021004006,0I
020200021004007,0I
020200021004008,0I
020200021004009,0I
020200021004010,0I
020200021004011,0I
020200021004012,0I
020200021004013,0I
020200021004014,0I
020200021004015,0I
020200021004016,0I
020200021004017,0I
020200021003007,0L
020200021003008,0L
020200021003009,0L
020200021003010,0L
020200021003011,0L
020200021003012,0L
020200021003013,0L
020200021003014,0L
020200021003015,0L
020200021003016,0L
020200021003017,0L
020200021003018,0L
020200021003019,0L
020200021003020,0L
020200021003021,0L
020200021003022,0L
020200021003023,0L
020200024002000,0L
020200024002001,0L
020200024002002,0L
020200024002003,0L
020200024002004,0L
020200024002005,0L
020200024002006,0L
020200024002007,0L
020200024002008,0L
020200024002009,0L
020200024002010,0L
020200024002017,0L
020200024002018,0L
020200024002019,0L
020200024002020,0L
020200024003015,0L
020200022011000,0K
020200022011001,0K
020200022011002,0K
020200022011003,0K
020200022011004,0K
020200022011005,0K
020200022011006,0K
020200022011007,0K
020200022012000,0K
020200022012001,0K
020200022012002,0K
020200022012003,0K
020200022012004,0K
020200022012005,0K
020200022012006,0K
020200022012007,0K
020200022012008,0K
020200022012009,0K
020200022012010,0K
020200023011001,0K
020200023011012,0K
020200023011023,0K
020200023011044,0K
020200023011047,0K
020200023011048,0K
020200023011049,0K
020200023011054,0K
020200022013000,0K
020200022013001,0K
020200022013002,0K
020200022013003,0K
020200022013004,0K
020200022013005,0K
020200022013006,0K
020200022023002,0K
020200022023003,0K
020200022023004,0K
020200022023005,0K
020200022023006,0K
020200022023007,0K
020200022023008,0K
020200022023009,0K
020200022023010,0K
020200022024000,0K
020200022013007,0K
020200022013008,0K
020200022013009,0K
020200022014000,0K
020200022014001,0K
020200022014002,0K
020200022014003,0K
020200022014004,0K
020200022014005,0K
020200022014006,0K
020200022014007,0K
020200022014008,0K
020200022024001,0K
020200022024002,0K
020200023011010,0K
020200023011014,0K
020200023011015,0K
020200023011021,0K
020200023011040,0K
020200023011041,0K
020200023011042,0K
020200023011043,0K
020200023011045,0K
020200023011046,0K
020200023011050,0K
020200023011051,0K
020200024001000,0K
020200024001001,0K
020200024001002,0K
020200024001003,0K
020200024001004,0K
020200024001005,0K
020200024001006,0K
020200024002011,0K
020200024002012,0K
020200024002013,0K
020200024002014,0K
020200024002015,0K
020200024002016,0K
020200023011000,0K
020200023011002,0K
020200023011003,0K
020200023011004,0K
020200023011005,0K
020200023011006,0K
020200023011007,0K
020200023011009,0K
020200023011011,0K
020200023011013,0K
020200023011016,0K
020200023011017,0K
020200023011018,0K
020200023011019,0K
020200023011020,0K
020200023011022,0K
020200023011024,0K
020200023011025,0K
020200023011026,0K
020200023011027,0K
020200023011028,0K
020200023011052,0K
020200023011053,0K
020200023022000,0K
020200023022001,0K
020200023022002,0K
020200023022003,0K
020200023022004,0K
020200023022005,0K
020200023022006,0K
020200023022007,0K
020200023022008,0K
020200023022009,0K
020200023022010,0K
020200023022011,0K
020200023022012,0K
020200023022013,0K
020200023022014,0K
020200023022015,0K
020200023022016,0K
020200023022017,0K
020200023022018,0K
020200023022019,0K
020200023023000,0K
020200023023002,0K
020200023011008,0K
020200023011029,0K
020200023011030,0K
020200023011031,0K
020200023011032,0K
020200023011033,0K
020200023011034,0K
020200023011035,0K
020200023011036,0K
020200023011037,0K
020200023011038,0K
020200023011039,0K
020200023012007,0K
020200023012008,0K
020200023012009,0K
020200023012010,0K
020200023012011,0K
020200023012015,0K
020200023012016,0K
020200023012017,0K
020200023014001,0K
020200023014002,0K
020200023014003,0K
020200023014004,0K
020200023014005,0K
020200023014006,0K
020200023014007,0K
020200023014008,0K
020200027113015,0K
020200027113016,0K
020200023012000,0K
020200023012001,0K
020200023012002,0K
020200023012003,0K
020200023012004,0K
020200023023006,0K
020200023023007,0K
020200023023008,0K
020200023023009,0K
020200023023011,0K
020200023023012,0K
020200023012005,0K
020200023012006,0K
020200023012012,0K
020200023012013,0K
020200023012014,0K
020200023012018,0K
020200023013000,0K
020200023013001,0K
020200023013002,0K
020200023013003,0K
020200023013005,0K
020200023013006,0K
020200023013007,0K
020200023013009,0K
020200023013010,0K
020200023013014,0K
020200023012019,0K
020200023013004,0K
020200023013008,0K
020200023013011,0K
020200023013012,0K
020200023013013,0K
020200023014000,0K
020200023042010,0K
020200023044004,0K
020200023045000,0K
020200023045001,0K
020200023045002,0K
020200023013015,0K
020200023013016,0K
020200023013017,0K
020200023013018,0K
020200023013019,0K
020200023014009,0K
020200023014010,0K
020200023043014,0K
020200023043015,0K
020200023044000,0K
020200023044001,0K
020200023044002,0K
020200023044003,0K
020200023044005,0K
020200023044006,0K
020200023044007,0K
020200023045003,0K
020200023045004,0K
020200023051002,0K
020200023051006,0K
020200023051007,0K
020200023051008,0K
020200023021000,0K
020200023021001,0K
020200023023001,0K
020200023023003,0K
020200023023004,0K
020200023023005,0K
020200023023010,0K
020200023023013,0K
020200023023014,0K
020200023023015,0K
020200023052000,0K
020200023052001,0K
020200023041000,0K
020200023041001,0K
020200023041002,0K
020200023041003,0K
020200023041004,0K
020200023041005,0K
020200023041006,0K
020200023041007,0K
020200023041008,0K
020200023041009,0K
020200023041010,0K
020200023041011,0K
020200023042000,0K
020200023042001,0K
020200023042002,0K
020200023042003,0K
020200023042004,0K
020200023042005,0K
020200023042006,0K
020200023042007,0K
020200023042008,0K
020200023042009,0K
020200023042011,0K
020200023043001,0K
020200023043002,0K
020200023043003,0K
020200023043004,0K
020200023043011,0K
020200023043000,0K
020200023043005,0K
020200023043006,0K
020200023043007,0K
020200023043008,0K
020200023043009,0K
020200023043010,0K
020200023043012,0K
020200023043013,0K
020200023051000,0K
020200023051001,0K
020200023051003,0K
020200023051004,0K
020200023051005,0K
020200023052002,0K
020200023052003,0K
020200023052004,0K
020200023052005,0K
020200023052006,0K
020200023052007,0K
020200023052008,0K
020200025011005,0L
020200025011006,0L
020200025011007,0L
020200025011008,0L
020200025011011,0L
020200025011012,0L
020200025011013,0L
020200025011014,0L
020200025013000,0L
020200025013001,0L
020200025013002,0L
020200025013003,0L
020200025013004,0L
020200025013005,0L
020200025013006,0L
020200025013007,0L
020200025013008,0L
020200025013009,0L
020200025013010,0L
020200025013011,0L
020200025013012,0L
020200025013013,0L
020200025013014,0L
020200025014000,0L
020200025014001,0L
020200025014002,0L
020200025014003,0L
020200025014004,0L
020200025014005,0L
020200025014006,0L
020200025014007,0L
020200025014008,0L
020200025014009,0L
020200025015000,0L
020200025015001,0L
020200025015002,0L
020200025015003,0L
020200025015004,0L
020200025015005,0L
020200025015006,0L
020200025015007,0L
020200025014010,0L
020200027121000,0L
020200027121001,0L
020200027121002,0L
020200027121003,0L
020200027121004,0L
020200027121005,0L
020200027121006,0L
020200027121007,0L
020200027121008,0L
020200027121009,0L
020200027121010,0L
020200027121011,0L
020200027121012,0L
020200027121013,0L
020200027121014,0L
020200027121015,0L
020200027121022,0L
020200027122000,0L
020200027122001,0L
020200027122002,0L
020200027122003,0L
020200027122004,0L
020200027122007,0L
020200027122008,0L
020200027122009,0L
020200027122010,0L
020200027122011,0L
020200027122012,0L
020200027122013,0L
020200027122014,0L
020200027123000,0L
020200027123001,0L
020200027123003,0L
020200025021017,0L
020200025021018,0L
020200025021019,0L
020200025021020,0L
020200025021021,0L
020200025021022,0L
020200025021023,0L
020200025021024,0L
020200025022000,0L
020200025022001,0L
020200025022002,0L
020200025022003,0L
020200025022004,0L
020200025022005,0L
020200025022006,0L
020200025022007,0L
020200025022008,0L
020200025022009,0L
020200025022010,0L
020200025022011,0L
020200025022012,0L
020200025022013,0L
020200025022014,0L
020200025022015,0L
020200025022016,0L
020200025022017,0L
020200025022018,0L
020200025022019,0L
020200025022020,0L
020200025022021,0L
020200025022022,0L
020200025022023,0L
020200025022024,0L
020200025022025,0L
020200025022026,0L
020200025022028,0L
020200025022029,0L
020200025022030,0L
020200025022031,0L
020200025022032,0L
020200025022033,0L
020200025023000,0L
020200025023001,0L
020200025023002,0L
020200025023003,0L
020200025023004,0L
020200025023005,0L
020200025023006,0L
020200025023007,0L
020200025023010,0L
020200025024000,0L
020200025024001,0L
020200025022027,0L
020200025023008,0L
020200025023009,0L
020200025023011,0L
020200025023012,0L
020200025023013,0L
020200025023014,0L
020200025023015,0L
020200025023016,0L
020200025023017,0L
020200025023018,0L
020200025023019,0L
020200025023020,0L
020200025023021,0L
020200025023022,0L
020200025023023,0L
020200025023024,0L
020200025024002,0L
020200025024003,0L
020200025024004,0L
020200025024005,0L
020200025024006,0L
020200025024007,0L
020200025024008,0L
020200025024009,0L
020200025024010,0L
020200025024011,0L
020200025024012,0L
020200025024013,0L
020200025024014,0L
020200026011000,0M
020200026011001,0M
020200026011002,0M
020200026011003,0M
020200026011004,0M
020200026011005,0M
020200026011006,0M
020200026011007,0M
020200026011008,0M
020200026011009,0M
020200026011010,0M
020200026011011,0M
020200026011012,0M
020200026011013,0M
020200026011014,0M
020200026011015,0M
020200026011016,0M
020200026011017,0M
020200026011018,0M
020200026011019,0M
020200026021004,0M
020200026021011,0M
020200026011020,0M
020200026011021,0M
020200026011022,0M
020200026011023,0M
020200026011024,0M
020200026011025,0M
020200026011026,0M
020200026011027,0M
020200026011028,0M
020200026011029,0M
020200026012000,0M
020200026012001,0M
020200026012002,0M
020200026012003,0M
020200026012004,0M
020200026012005,0M
020200026012006,0M
020200026012007,0M
020200026012008,0M
020200026012009,0M
020200026012010,0M
020200026012011,0M
020200026012012,0M
020200026012013,0M
020200026012014,0M
020200026012015,0M
020200026012016,0M
020200026013000,0M
020200026013001,0M
020200026013002,0M
020200026013003,0M
020200026013004,0M
020200026013005,0M
020200026013006,0M
020200026013007,0M
020200026013014,0M
020200026013015,0M
020200026013016,0M
020200026013017,0M
020200026013018,0M
020200026013022,0M
020200026013023,0M
020200026013035,0M
020200026013036,0M
020200026013008,0M
020200026013009,0M
020200026013010,0M
020200026013011,0M
020200026013012,0M
020200026013013,0M
020200026013019,0M
020200026013020,0M
020200026013021,0M
020200026013024,0M
020200026013025,0M
020200026013026,0M
020200026013027,0M
020200026013028,0M
020200026013029,0M
020200026013030,0M
020200026013031,0M
020200026013032,0M
020200026013033,0M
020200026013034,0M
020200026033003,0M
020200026033004,0M
020200026033008,0M
020200026033009,0M
020200026033010,0M
020200026033011,0M
020200026033012,0M
020200026033013,0M
020200026033014,0M
020200026033015,0M
020200026033016,0M
020200026021000,0M
020200026021001,0M
020200026021002,0M
020200026021003,0M
020200026021005,0M
020200026021006,0M
020200026021007,0M
020200026021008,0M
020200026021009,0M
020200026021010,0M
020200026021012,0M
020200026021013,0M
020200026021014,0M
020200026022000,0M
020200026022001,0M
020200026022002,0M
020200026022003,0M
020200026022004,0M
020200026022005,0M
020200026022006,0M
020200026022007,0M
020200026022008,0M
020200026031000,0M
020200026031001,0M
020200026031002,0M
020200026031003,0M
020200026031004,0M
020200026031005,0M
020200026031006,0M
020200026032000,0M
020200026032001,0M
020200026032002,0M
020200026032003,0M
020200026032004,0M
020200026033000,0M
020200026033001,0M
020200026033002,0M
020200026033005,0M
020200026033006,0M
020200026033007,0M
020200026033017,0M
020200028122000,0M
020200028122001,0M
020200028122002,0M
020200028122003,0M
020200028122004,0M
020200028122010,0M
020200028122011,0M
020200028122012,0M
020200027111000,0K
020200027111001,0K
020200027111002,0K
020200027111003,0K
020200027112004,0K
020200027112017,0K
020200027113000,0K
020200027113001,0K
020200027113002,0K
020200027113003,0K
020200027113004,0K
020200027113005,0K
020200027113006,0K
020200027113007,0K
020200027113008,0K
020200027113009,0K
020200027113010,0K
020200027113011,0K
020200027113012,0K
020200027113013,0K
020200027113014,0K
020200027113017,0K
020200027113018,0K
020200027112000,0L
020200027112001,0L
020200027112002,0L
020200027112003,0L
020200027112005,0L
020200027112006,0L
020200027112007,0L
020200027112008,0L
020200027112009,0L
020200027112010,0L
020200027112011,0L
020200027112012,0L
020200027112013,0L
020200027112016,0L
020200027112018,0L
020200027112019,0L
020200027112020,0L
020200027112014,0L
020200027112015,0L
020200027132018,0L
020200027141000,0L
020200027141001,0L
020200027141002,0L
020200027141003,0L
020200027141005,0L
020200027141007,0L
020200027141008,0L
020200027141009,0L
020200027141010,0L
020200027141011,0L
020200027121016,0L
020200027121017,0L
020200027121018,0L
020200027121019,0L
020200027121020,0L
020200027121021,0L
020200027121023,0L
020200027121024,0L
020200027121025,0L
020200027121026,0L
020200027121027,0L
020200027121028,0L
020200027121029,0L
020200027121030,0L
020200027121031,0L
020200027121032,0L
020200027121033,0L
020200027121034,0L
020200027121035,0L
020200027121036,0L
020200027122005,0L
020200027122006,0L
020200027124009,0L
020200027124010,0L
020200027124013,0L
020200027124026,0L
020200027125000,0L
020200027125001,0L
020200027125002,0L
020200027125003,0L
020200027125004,0L
020200027125005,0L
020200027125006,0L
020200027125007,0L
020200027125008,0L
020200027125009,0L
020200027125010,0L
020200027141004,0L
020200027141006,0L
020200027142002,0L
020200027142003,0L
020200027142005,0L
020200027123002,0M
020200027123004,0M
020200027123005,0M
020200027123006,0M
020200027123007,0M
020200027123008,0M
020200027123009,0M
020200027123010,0M
020200027123011,0M
020200027124000,0L
020200027124001,0L
020200027124002,0L
020200027124003,0L
020200027124004,0L
020200027124005,0L
020200027124006,0L
020200027124007,0L
020200027124008,0L
020200027124027,0L
020200027124031,0L
020200027131000,0L
020200027131001,0L
020200027131002,0L
020200027131003,0L
020200027131004,0L
020200027131005,0L
020200027131006,0L
020200027142000,0L
020200027142001,0L
020200027142004,0L
020200027142006,0L
020200027142007,0L
020200027142008,0L
020200027142009,0L
020200027142010,0L
020200027124011,0L
020200027124012,0L
020200027124014,0L
020200027124015,0L
020200027124016,0L
020200027124017,0L
020200027124018,0L
020200027124019,0L
020200027124020,0L
020200027124021,0L
020200027124022,0L
020200027124023,0L
020200027124024,0L
020200027124025,0L
020200027124028,0L
020200027124029,0L
020200027124030,0L
020200027124032,0L
020200027131007,0L
020200027131008,0L
020200027131009,0L
020200027131010,0L
020200027131011,0L
020200027131012,0L
020200027131013,0L
020200027131014,0L
020200027131015,0L
020200027131021,0L
020200027131023,0L
020200027133000,0L
020200027133001,0L
020200027133002,0L
020200027133003,0L
020200027133004,0L
020200027133005,0L
020200027133006,0L
020200027133007,0L
020200027133013,0L
020200027133014,0L
020200027133015,0L
020200027133016,0L
020200027131016,0L
020200027131017,0L
020200027131018,0L
020200027131019,0L
020200027131020,0L
020200027131022,0L
020200027132000,0L
020200027132001,0L
020200027132002,0L
020200027132003,0L
020200027132004,0L
020200027132005,0L
020200027132006,0L
020200027132007,0L
020200027132008,0L
020200027132009,0L
020200027132010,0L
020200027132011,0L
020200027132012,0L
020200027132013,0L
020200027132017,0L
020200027132020,0L
020200027132021,0L
020200027132022,0L
020200027133008,0L
020200027133009,0L
020200027133010,0L
020200027133011,0L
020200027133012,0L
020200027132014,0N
020200027132015,0N
020200028222000,0N
020200028222001,0N
020200028222007,0N
020200028222008,0N
020200028222009,0N
020200028222010,0N
020200028222011,0N
020200028222012,0N
020200028222013,0N
020200028222014,0N
020200028222015,0N
020200028223000,0N
020200028223001,0N
020200028223002,0N
020200028223003,0N
020200028223004,0N
020200028223005,0N
020200028223006,0N
020200028223007,0N
020200028223008,0N
020200028223009,0N
020200028223010,0N
020200028223011,0N
020200028223012,0N
020200028223013,0N
020200028223014,0N
020200028223015,0N
020200028223016,0N
020200028223017,0N
020200028223018,0N
020200028223019,0N
020200028223020,0N
020200028231017,0N
020200028231018,0N
020200028232006,0N
020200028232007,0N
020200028232008,0N
020200028232009,0N
020200028232010,0N
020200028232029,0N
020200028232032,0N
020200028232033,0N
020200028232034,0N
020200028232035,0N
020200028232037,0N
020200027132016,0N
020200027132019,0N
020200028132000,0N
020200028132007,0N
020200028132031,0N
020200028231000,0N
020200028231001,0N
020200028231002,0N
020200028231003,0N
020200028231004,0N
020200028231005,0N
020200028231006,0N
020200028231007,0N
020200028231008,0N
020200028231009,0N
020200028231010,0N
020200028231011,0N
020200028231012,0N
020200028231013,0N
020200028231014,0N
020200028231015,0N
020200028231016,0N
020200028231019,0N
020200028231020,0N
020200028231021,0N
020200028231022,0N
020200028231023,0N
020200028231024,0N
020200028231025,0N
020200028231026,0N
020200028231027,0N
020200028231028,0N
020200028231029,0N
020200028231030,0N
020200028231031,0N
020200028231032,0N
020200028111000,0M
020200028111001,0M
020200028111002,0M
020200028111003,0M
020200028111004,0M
020200028111005,0M
020200028111006,0M
020200028112000,0M
020200028112001,0M
020200028112002,0M
020200028112003,0M
020200028112004,0M
020200028112005,0M
020200028112006,0M
020200028112007,0M
020200028112008,0M
020200028113000,0M
020200028113001,0M
020200028113002,0M
020200028113003,0M
020200028113004,0M
020200028113005,0M
020200028113006,0M
020200028114000,0M
020200028114001,0M
020200028114002,0M
020200028114003,0M
020200028114004,0M
020200028114005,0M
020200028114006,0M
020200028114007,0M
020200028114008,0M
020200028114009,0M
020200028121000,0M
020200028121001,0M
020200028121002,0M
020200028122005,0M
020200028122008,0M
020200028122009,0M
020200028122013,0M
020200028122014,0M
020200028122015,0M
020200028122016,0M
020200028122017,0M
020200028122021,0M
020200028121003,0M
020200028121004,0M
020200028121005,0M
020200028121006,0M
020200028121007,0M
020200028121008,0M
020200028121009,0M
020200028121010,0M
020200028121011,0M
020200028121013,0M
020200028121014,0M
020200028121015,0M
020200028213003,0M
020200028213006,0M
020200028213007,0M
020200028213008,0M
020200028121012,0M
020200028121016,0M
020200028121017,0M
020200028121018,0M
020200028121019,0M
020200028121020,0M
020200028121021,0M
020200028121022,0M
020200028121023,0M
020200028121024,0M
020200028121025,0M
020200028121026,0M
020200028121027,0M
020200028121028,0M
020200028121029,0M
020200028121030,0M
020200028211000,0M
020200028211001,0M
020200028211002,0M
020200028211003,0M
020200028211004,0M
020200028211007,0M
020200028211012,0M
020200028122006,0M
020200028122007,0M
020200028122019,0M
020200028122020,0M
020200028122022,0M
020200028122023,0M
020200028122024,0M
020200028122025,0M
020200028122026,0M
020200028122027,0M
020200028122028,0M
020200028122029,0M
020200028122030,0M
020200028122031,0M
020200028122032,0M
020200028122033,0M
020200028122034,0M
020200028122035,0M
020200028122036,0M
020200028122037,0M
020200028122018,0M
020200028131000,0M
020200028131001,0M
020200028131002,0M
020200028131003,0M
020200028131004,0M
020200028131005,0M
020200028131006,0M
020200028131007,0M
020200028131008,0M
020200028131009,0M
020200028131010,0M
020200028131011,0M
020200028133000,0M
020200028133001,0M
020200028133002,0M
020200028133003,0M
020200028133004,0M
020200028133005,0M
020200028133006,0M
020200028133007,0M
020200028133008,0M
020200028133009,0M
020200028133010,0M
020200028133011,0M
020200028133012,0M
020200028133013,0M
020200028132001,0N
020200028132002,0N
020200028132003,0N
020200028132004,0N
020200028132005,0N
020200028132006,0N
020209800001000,0N
020209800001001,0N
020209800001006,0N
020200028132008,0N
020200028132009,0N
020200028132010,0N
020200028132011,0N
020200028132012,0N
020200028132013,0N
020200028132014,0N
020200028132015,0N
020200028132016,0N
020200028132017,0N
020200028132018,0N
020200028132019,0N
020200028132020,0N
020200028132021,0N
020200028132022,0N
020200028132023,0N
020200028132024,0N
020200028132025,0N
020200028132026,0N
020200028132027,0N
020200028132028,0N
020200028132029,0N
020200028132030,0N
020200028132032,0N
020200028132033,0N
020200028132034,0N
020200028132035,0N
020200028211005,0N
020200028211006,0N
020200028211008,0N
020200028211009,0N
020200028211010,0N
020200028211011,0N
020200028211013,0N
020200028211014,0N
020200028212002,0N
020200028212003,0N
020200028212004,0N
020200028212005,0N
020200028212006,0N
020200028212007,0N
020200028212008,0N
020200028212010,0N
020200028213013,0N
020200028212000,0N
020200028212001,0N
020200028212009,0N
020200028213000,0N
020200028213001,0N
020200028213002,0N
020200028213004,0N
020200028213005,0N
020200028213009,0N
020200028213010,0N
020200028213011,0N
020200028213012,0N
020200028213014,0N
020200028213015,0N
020200028213016,0N
020200028213017,0N
020200028213020,0N
020200028213021,0N
020200028213018,0N
020200028213019,0N
020200028221000,0N
020200028221001,0N
020200028221002,0N
020200028221003,0N
020200028221004,0N
020200028221005,0N
020200028221006,0N
020200028221007,0N
020200028221008,0N
020200028221009,0N
020200028221010,0N
020200028221011,0N
020200028221012,0N
020200028221013,0N
020200028221014,0N
020200028221015,0N
020200028221016,0N
020200028221017,0N
020200028221018,0N
020200028221019,0N
020200028221020,0N
020200028221021,0N
020200028222002,0N
020200028222003,0N
020200028222004,0N
020200028222005,0N
020200028222006,0N
020200028231033,0N
020200028231034,0N
020200028231035,0N
020200028231036,0N
020200028231037,0N
020200028231038,0N
020200028231039,0N
020200028231040,0N
020200028232000,0N
020200028232001,0N
020200028232002,0N
020200028232003,0N
020200028232004,0N
020200028232005,0N
020200028232011,0N
020200028232012,0N
020200028232013,0N
020200028232014,0N
020200028232015,0N
020200028232016,0N
020200028232017,0N
020200028232018,0N
020200028232019,0N
020200028232020,0N
020200028232021,0N
020200028232022,0N
020200028232023,0N
020200028232024,0N
020200028232025,0N
020200028232026,0N
020200028232027,0N
020200028232028,0N
020200028232030,0N
020200028232031,0N
020200028232036,0N
020200028232038,0N
020200028232039,0N
020200029002014,0N
020200029002015,0N
020200029002016,0N
020200029002017,0N
020200029002018,0N
020200029002062,0N
020200029002063,0N
020200029002065,0N
020200029002066,0N
020200029002067,0N
020200029002068,0N
020200029002069,0N
020200029002070,0N
020200029002071,0N
020200029002072,0N
020200029002073,0N
020200029002074,0N
020200029002075,0N
020200029002083,0N
020200029002091,0N
020200029002092,0N
020200029002095,0N
020200029002096,0N
020200029002097,0N
020200029002098,0N
020209801001000,0H
020209801001001,0H
020209801001002,0H
020209801001003,0H
020209801001004,0H
020209801001005,0H
020209801001006,0H
020209801001007,0H
020209801001008,0H
020209801001009,0H
020209801001010,0H
020209801001011,0H
020209801001012,0H
020209801001013,0H
020209801001014,0H
020209801001015,0H
020209801001016,0H
020209801001017,0H
020209801001018,0H
020209801001019,0H
020209801001020,0H
020209801001021,0H
020209801001022,0H
020209801001023,0H
020209801001024,0H
020209801001025,0H
020209801001026,0H
020209801001027,0H
020209801001028,0H
020209801001029,0H
020209801001030,0H
020209801001031,0H
020209801001032,0H
020209801001033,0H
020209801001034,0H
020209801001035,0H
020209801001036,0H
020209801001037,0H
020209801001038,0H
020209801001039,0H
020209801001040,0H
020209801001041,0H
020209801001042,0H
020209801001043,0H
020209801001044,0H
020209801001045,0H
020209801001046,0H
020209801001047,0H
020209801001048,0H
020209801001049,0H
020209801001050,0H
020209801001051,0H
020209801001052,0H
020209801001053,0H
020209801001054,0H
020209801001055,0H
020209801001056,0H
020209801001057,0H
020209801001058,0H
020209801001059,0H
020209801001060,0H
020209801001061,0H
020209801001062,0H
020209801001063,0H
020209801001064,0H
020209801001065,0H
020209801001066,0H
020209801001067,0H
020209801001068,0H
020209801001069,0H
020209801001070,0H
020209801001071,0H
020209801001072,0H
020209801001073,0H
020209801001074,0H
020209801001075,0H
020209801001076,0H
020209801001077,0H
020209801001078,0H
020209801001079,0H
020209801001080,0H
020209801001081,0H
020209801001082,0H
020209801001083,0H
020209801001084,0H
020209801001085,0H
020209801001086,0H
020209801001087,0H
020209801001088,0H
020209801001089,0H
020209801001090,0H
020209801001091,0H
020209801001092,0H
020209801001093,0H
020209801001094,0H
020209801001095,0H
020209801001096,0H
020209801001097,0H
020209801001098,0H
020209801001099,0H
020209801001100,0H
020209801001101,0H
020209801001102,0H
020209801001103,0H
020209801001104,0H
020209801001105,0H
020209801001106,0H
020209801001107,0H
020209801001108,0H
020209801001109,0H
020209801001110,0H
020209801001111,0H
020209801001112,0H
020209801001113,0H
020209801001114,0H
020209801001115,0H
020209801001116,0H
020209801001117,0H
020209801001118,0H
020209801001119,0H
020209801001120,0H
020209801001121,0H
020209801001122,0H
020209801001123,0H
020209801001124,0H
020209801001125,0H
020209801001126,0H
020209801001127,0H
020209801001128,0H
020209801001129,0H
020209801001130,0H
020209801001131,0H
020209801001132,0H
020209801001133,0H
020209801001134,0H
020209801001135,0H
020209801001136,0H
020209801001137,0H
020209801001138,0H
020209801001139,0H
020209801001140,0H
020209801001141,0H
020209801001142,0H
020209801001143,0H
020209801001144,0H
020209801001145,0H
020209801001146,0H
020209801001149,0H
020209801001150,0H
020209801001151,0H
020209801001152,0H
020209801001153,0H
020209801001154,0H
020209802001132,0H
020209802001144,0H
020500001001000,0S
020500001001001,0S
020500001001002,0S
020500001001003,0S
020500001001004,0S
020500001001005,0S
020500001001006,0S
020500001001007,0S
020500001001008,0S
020500001001009,0S
020500001001010,0S
020500001001011,0S
020500001001012,0S
020500001001013,0S
020500001001014,0S
020500001001015,0S
020500001001016,0S
020500001001017,0S
020500001001018,0S
020500001001019,0S
020500001001020,0S
020500001001021,0S
020500001001058,0S
020500001001059,0S
020500001002001,0S
020500001002003,0S
020500001002004,0S
020500001002005,0S
020500001002006,0S
020500001002007,0S
020500001002008,0S
020500001002009,0S
020500001001022,0S
020500001001023,0S
020500001001024,0S
020500001001025,0S
020500001001026,0S
020500001001028,0S
020500001001052,0S
020500001001053,0S
020500001001054,0S
020500001001055,0S
020500001001027,0S
020500001001029,0S
020500001001034,0S
020500001001038,0S
020500001001039,0S
020500001001040,0S
020500001001041,0S
020500001001042,0S
020500001001043,0S
020500001001044,0S
020500001001045,0S
020500001001051,0S
020500001001148,0S
020500001001149,0S
020500001001150,0S
020500001001151,0S
020500001001152,0S
020500001001153,0S
020500001001154,0S
020500001001155,0S
020500001001156,0S
020500001001157,0S
020500001001158,0S
020500001001159,0S
020500001001030,0S
020500001001031,0S
020500001001032,0S
020500001001033,0S
020500001001035,0S
020500001001046,0S
020500001001047,0S
020500001001048,0S
020500001001049,0S
020500001001050,0S
020500001001056,0S
020500001001060,0S
020500001001036,0S
020500001001037,0S
020500001002000,0S
020500001002002,0S
020500001002010,0S
020500001002011,0S
020500001002012,0S
020500001002013,0S
020500001002014,0S
020500001002015,0S
020500001002016,0S
020500001002017,0S
020500001002019,0S
020500001002020,0S
020500001002021,0S
020500001002023,0S
020500001002024,0S
020500001002026,0S
020500001002027,0S
020500001002028,0S
020500001002029,0S
020500001002030,0S
020500001002032,0S
020500001002033,0S
020500001002034,0S
020500001002035,0S
020500001002051,0S
020500001002052,0S
020500001002058,0S
020500001002059,0S
020500001002060,0S
020500001002066,0S
020500001002070,0S
020500001002071,0S
020500001003009,0S
020500001003010,0S
020500001003011,0S
020500001003012,0S
020500001003173,0S
020500001003174,0S
020500001003175,0S
020500001003177,0S
020500001003178,0S
020500001004010,0S
020500001001057,0S
020500001004001,0S
020500001004002,0S
020500001004003,0S
020500001004004,0S
020500001004005,0S
020500001004007,0S
020500001004008,0S
020500001004009,0S
020500001004011,0S
020500001004069,0S
020500001004070,0S
020500001004071,0S
020500001004101,0S
020500001004102,0S
020500001004105,0S
020500001004106,0S
020500001004107,0S
020500001004108,0S
020500001004109,0S
020500001004110,0S
020500001004111,0S
020500001004112,0S
020500001004113,0S
020500001001061,0S
020500001001062,0S
020500001001063,0S
020500001001064,0S
020500001001065,0S
020500001001066,0S
020500001001067,0S
020500001001068,0S
020500001001069,0S
020500001001070,0S
020500001001071,0S
020500001001072,0S
020500001001073,0S
020500001001074,0S
020500001001075,0S
020500001001076,0S
020500001001077,0S
020500001001078,0S
020500001001079,0S
020500001001080,0S
020500001001081,0S
020500001001082,0S
020500001001083,0S
020500001001084,0S
020500001001085,0S
020500001001086,0S
020500001001087,0S
020500001001088,0S
020500001001089,0S
020500001001090,0S
020500001001091,0S
020500001001092,0S
020500001001093,0S
020500001001094,0S
020500001001095,0S
020500001001096,0S
020500001001097,0S
020500001001098,0S
020500001001099,0S
020500001001100,0S
020500001001101,0S
020500001001102,0S
020500001001103,0S
020500001001104,0S
020500001001105,0S
020500001001106,0S
020500001001107,0S
020500001001108,0S
020500001001109,0S
020500001001110,0S
020500001001111,0S
020500001001112,0S
020500001001113,0S
020500001001114,0S
020500001001115,0S
020500001001116,0S
020500001001117,0S
020500001001118,0S
020500001001119,0S
020500001001120,0S
020500001001121,0S
020500001001122,0S
020500001001123,0S
020500001001124,0S
020500001001125,0S
020500001001126,0S
020500001001127,0S
020500001001128,0S
020500001001129,0S
020500001001130,0S
020500001001131,0S
020500001001132,0S
020500001001133,0S
020500001001134,0S
020500001001135,0S
020500001001136,0S
020500001001137,0S
020500001001138,0S
020500001001139,0S
020500001001140,0S
020500001001141,0S
020500001001142,0S
020500001001143,0S
020500001001144,0S
020500001001145,0S
020500001001146,0S
020500001001147,0S
020500001001160,0S
020500001001161,0S
020500001001162,0S
020500001001163,0S
020500001001164,0S
020500001002018,0S
020500001002053,0S
020500001002054,0S
020500001002055,0S
020500001002056,0S
020500001002057,0S
020500001002064,0S
020500001002022,0S
020500001002025,0S
020500001002031,0S
020500001002038,0S
020500001002041,0S
020500001002045,0S
020500001002046,0S
020500001002047,0S
020500001002048,0S
020500001002049,0S
020500001002050,0S
020500001002063,0S
020500001002067,0S
020500001002068,0S
020500001002069,0S
020500001003014,0S
020500001003015,0S
020500001003016,0S
020500001003017,0S
020500001003018,0S
020500001003019,0S
020500001003020,0S
020500001003021,0S
020500001003022,0S
020500001003023,0S
020500001003024,0S
020500001003028,0S
020500001003029,0S
020500001003030,0S
020500001003079,0S
020500001003080,0S
020500001003081,0S
020500001003082,0S
020500001003083,0S
020500001002036,0S
020500001002037,0S
020500001002039,0S
020500001002040,0S
020500001002042,0S
020500001002043,0S
020500001002044,0S
020500001002061,0S
020500001002062,0S
020500001002065,0S
020500001005042,0S
020500001005043,0S
020500001005044,0S
020500001005045,0S
020500001005046,0S
020500001005047,0S
020500001005048,0S
020500001005049,0S
020500001005050,0S
020500001005051,0S
020500001005052,0S
020500001005053,0S
020500001005060,0S
020500001005061,0S
020500001005062,0S
020500001005063,0S
020500001005197,0S
020500001005198,0S
020500001005199,0S
020500001005212,0S
020500001005213,0S
020500001005214,0S
020500001005215,0S
020500001005216,0S
020500001005220,0S
020500002001000,0S
020500002001001,0S
020500002002027,0S
020500002002028,0S
020500002002029,0S
020500002004004,0S
020500002004024,0S
020500001003000,0S
020500001003001,0S
020500001003002,0S
020500001003005,0S
020500001003161,0S
020500003001029,0S
020500003001064,0S
020500003001065,0S
020500003001066,0S
020500003001067,0S
020500003001068,0S
020500003001069,0S
020500003001070,0S
020500003001072,0S
020500003001073,0S
020500003001074,0S
020500003001075,0S
020500003001076,0S
020500003001077,0S
020500003001078,0S
020500003001080,0S
020500003001081,0S
020500003001082,0S
020500003001083,0S
020500003001084,0S
020500003001085,0S
020500003001086,0S
020500003001087,0S
020500003001088,0S
020500003001089,0S
020500003001091,0S
020500003001093,0S
020500003001094,0S
020500003001095,0S
020500003001096,0S
020500003001097,0S
020500003001098,0S
020500003001099,0S
020500003001100,0S
020500003001101,0S
020500003001102,0S
020500003001103,0S
020500003001104,0S
020500003001105,0S
020500003001106,0S
020500003001107,0S
020500003001108,0S
020500003001110,0S
020500003001111,0S
020500003001127,0S
020500003001172,0S
020500003001183,0S
020500003001184,0S
020500003001185,0S
020500003001186,0S
020500003001187,0S
020500003001188,0S
020500003001189,0S
020500003001190,0S
020500003001191,0S
020500003001192,0S
020500003001193,0S
020500003001197,0S
020500003001198,0S
020500003001199,0S
020500003001204,0S
020500001003003,0S
020500001003004,0S
020500001003006,0S
020500001003007,0S
020500001003008,0S
020500001003013,0S
020500001003025,0S
020500001003026,0S
020500001003038,0S
020500001003039,0S
020500001003176,0S
020500001003180,0S
020500003001092,0S
020500003001120,0S
020500003001148,0S
020500003001149,0S
020500003001150,0S
020500003001151,0S
020500003001152,0S
020500003001157,0S
020500003001169,0S
020500003001170,0S
020500003001171,0S
020500003001202,0S
020500001003027,0S
020500001003031,0S
020500001003032,0S
020500001003033,0S
020500001003034,0S
020500001003035,0S
020500001003036,0S
020500001003037,0S
020500001003064,0S
020500001003065,0S
020500001003066,0S
020500001003067,0S
020500001003068,0S
020500001003069,0S
020500001003070,0S
020500001003071,0S
020500001003072,0S
020500001003073,0S
020500001003077,0S
020500001003078,0S
020500001003086,0S
020500001003087,0S
020500001003088,0S
020500001003092,0S
020500001003093,0S
020500001003166,0S
020500001003167,0S
020500001003168,0S
020500001003169,0S
020500001003170,0S
020500001003171,0S
020500001003172,0S
020500001003187,0S
020500001003040,0S
020500001003041,0S
020500001003042,0S
020500001003043,0S
020500001003052,0S
020500001003053,0S
020500001003054,0S
020500001003055,0S
020500001003056,0S
020500001003057,0S
020500001003058,0S
020500001003059,0S
020500001003060,0S
020500001003061,0S
020500001003062,0S
020500001003063,0S
020500001003133,0S
020500001003151,0S
020500001003152,0S
020500001003153,0S
020500001003154,0S
020500001003155,0S
020500001003156,0S
020500001003157,0S
020500001003158,0S
020500001003159,0S
020500001003160,0S
020500001003162,0S
020500001003163,0S
020500001003179,0S
020500001003184,0S
020500001003185,0S
020500001003186,0S
020500003001118,0S
020500003001119,0S
020500001003044,0S
020500001003045,0S
020500001003046,0S
020500001003047,0S
020500001003048,0S
020500001003049,0S
020500001003050,0S
020500001003051,0S
020500001003138,0S
020500001003139,0S
020500001003140,0S
020500001003141,0S
020500001003142,0S
020500001003143,0S
020500001003144,0S
020500001003145,0S
020500001003146,0S
020500001003147,0S
020500001003148,0S
020500001003149,0S
020500001003150,0S
020500001003164,0S
020500001003165,0S
020500001003181,0S
020500001003182,0S
020500003001121,0S
020500003001122,0S
020500003001123,0S
020500003001124,0S
020500003001125,0S
020500003001126,0S
020500003001130,0S
020500003001131,0S
020500003001132,0S
020500003001133,0S
020500003001134,0S
020500003001135,0S
020500003001136,0S
020500001003074,0S
020500001003075,0S
020500001003076,0S
020500001003084,0S
020500001003085,0S
020500001003089,0S
020500001003090,0S
020500001003091,0S
020500001003094,0S
020500001003095,0S
020500001003098,0S
020500001003100,0S
020500001003104,0S
020500001003105,0S
020500001003107,0S
020500001003108,0S
020500001003109,0S
020500001003110,0S
020500001003111,0S
020500001003112,0S
020500001003113,0S
020500001003114,0S
020500001003115,0S
020500001003116,0S
020500001003117,0S
020500001003118,0S
020500001003119,0S
020500001003120,0S
020500001003121,0S
020500001003122,0S
020500001003123,0S
020500001003124,0S
020500001003125,0S
020500001003126,0S
020500001003127,0S
020500001003128,0S
020500001003129,0S
020500001003130,0S
020500001003131,0S
020500001003134,0S
020500001003135,0S
020500001003136,0S
020500001003183,0S
020500001005000,0S
020500001003096,0S
020500001003097,0S
020500001003099,0S
020500001003101,0S
020500001003102,0S
020500001003103,0S
020500001003106,0S
020500001003132,0S
020500001003137,0S
020500001005001,0S
020500001005003,0S
020500001005004,0S
020500001005005,0S
020500001005006,0S
020500001005007,0S
020500001005008,0S
020500001005009,0S
020500001005010,0S
020500001005011,0S
020500001005012,0S
020500001005013,0S
020500001005016,0S
020500001005017,0S
020500001005018,0S
020500001005019,0S
020500001005020,0S
020500001005021,0S
020500001005022,0S
020500001005023,0S
020500001005024,0S
020500001005025,0S
020500001005026,0S
020500001005027,0S
020500001005028,0S
020500001005029,0S
020500001005030,0S
020500001005031,0S
020500001005032,0S
020500001005033,0S
020500001005034,0S
020500001005035,0S
020500001005036,0S
020500001005037,0S
020500001005038,0S
020500001005039,0S
020500001005040,0S
020500001005041,0S
020500001005054,0S
020500001005055,0S
020500001005056,0S
020500001005057,0S
020500001005058,0S
020500001005059,0S
020500001005065,0S
020500001005066,0S
020500001005067,0S
020500001005068,0S
020500001005069,0S
020500001005070,0S
020500001005071,0S
020500001005072,0S
020500001005073,0S
020500001005087,0S
020500001005088,0S
020500001005089,0S
020500001005096,0S
020500001005103,0S
020500001005222,0S
020500002004000,0S
020500002004001,0S
020500002004003,0S
020500002004028,0S
020500002004029,0S
020500002004032,0S
020500002004033,0S
020500001004000,0S
020500001004012,0S
020500001004013,0S
020500001004014,0S
020500001004015,0S
020500001004016,0S
020500001004017,0S
020500001004018,0S
020500001004019,0S
020500001004020,0S
020500001004021,0S
020500001004022,0S
020500001004023,0S
020500001004024,0S
020500001004025,0S
020500001004026,0S
020500001004027,0S
020500001004028,0S
020500001004029,0S
020500001004030,0S
020500001004031,0S
020500001004032,0S
020500001004033,0S
020500001004034,0S
020500001004035,0S
020500001004036,0S
020500001004037,0S
020500001004038,0S
020500001004039,0S
020500001004040,0S
020500001004041,0S
020500001004042,0S
020500001004043,0S
020500001004044,0S
020500001004045,0S
020500001004046,0S
020500001004047,0S
020500001004084,0S
020500001004085,0S
020500001004006,0S
020500001004061,0S
020500001004062,0S
020500001004063,0S
020500001004064,0S
020500001004065,0S
020500001004072,0S
020500001004073,0S
020500001004074,0S
020500001004075,0S
020500001004076,0S
020500001004077,0S
020500001004078,0S
020500001004079,0S
020500001004080,0S
020500001004081,0S
020500001004082,0S
020500001004083,0S
020500001004048,0S
020500001004049,0S
020500001004050,0S
020500001004051,0S
020500001004052,0S
020500001004053,0S
020500001004054,0S
020500001004066,0S
020500001004067,0S
020500001004068,0S
020500001004086,0S
020500001004087,0S
020500001004088,0S
020500001004092,0S
020500001004093,0S
020500001004094,0S
020500001004095,0S
020500001004096,0S
020500001004097,0S
020500001004098,0S
020500001004099,0S
020500001004100,0S
020500001004103,0S
020500001004104,0S
020500001004125,0S
020500001004126,0S
020500001004127,0S
020500001004055,0S
020500001004056,0S
020500001004057,0S
020500001004058,0S
020500001004059,0S
020500001004060,0S
020500001004089,0S
020500001004090,0S
020500001004091,0S
020500001004114,0S
020500001004115,0S
020500001004116,0S
020500001004117,0S
020500001004118,0S
020500001004119,0S
020500001004120,0S
020500001004121,0S
020500001004122,0S
020500001004123,0S
020500001004124,0S
020500001005002,0S
020500002001002,0S
020500002001004,0S
020500002001005,0S
020500002001006,0S
020500002001007,0S
020500002001008,0S
020500002001009,0S
020500002001026,0S
020500002002000,0S
020500002002001,0S
020500002002002,0S
020500002002003,0S
020500002002004,0S
020500002002005,0S
020500002002006,0S
020500002002007,0S
020500002002008,0S
020500002002009,0S
020500002002010,0S
020500002002011,0S
020500002002012,0S
020500002002013,0S
020500002002014,0S
020500002002015,0S
020500002002016,0S
020500002002017,0S
020500002002018,0S
020500002002019,0S
020500002002020,0S
020500002002021,0S
020500002002022,0S
020500002002023,0S
020500002002024,0S
020500002002025,0S
020500002002026,0S
020500002003004,0S
020500002003005,0S
020500002003006,0S
020500002003007,0S
020500002003008,0S
020500002003009,0S
020500002004011,0S
020500002004013,0S
020500002004027,0S
020500002004030,0S
020500002004031,0S
020500001005014,0S
020500001005015,0S
020500001005074,0S
020500001005075,0S
020500001005076,0S
020500001005077,0S
020500001005078,0S
020500001005079,0S
020500001005080,0S
020500001005081,0S
020500001005082,0S
020500001005083,0S
020500001005084,0S
020500001005085,0S
020500001005086,0S
020500001005090,0S
020500001005091,0S
020500001005092,0S
020500001005211,0S
020500001005219,0S
020500001005221,0S
020500002004023,0S
020500001005064,0S
020500001005093,0S
020500001005094,0S
020500001005095,0S
020500001005097,0S
020500001005098,0S
020500001005099,0S
020500001005100,0S
020500001005101,0S
020500001005102,0S
020500001005104,0S
020500001005105,0S
020500001005106,0S
020500001005107,0S
020500001005109,0S
020500001005110,0S
020500001005111,0S
020500001005112,0S
020500001005113,0S
020500001005114,0S
020500001005115,0S
020500001005116,0S
020500001005117,0S
020500001005118,0S
020500001005119,0S
020500001005120,0S
020500001005121,0S
020500001005122,0S
020500001005123,0S
020500001005124,0S
020500001005125,0S
020500001005126,0S
020500001005127,0S
020500001005128,0S
020500001005140,0S
020500001005141,0S
020500001005142,0S
020500001005143,0S
020500001005144,0S
020500001005145,0S
020500001005146,0S
020500001005147,0S
020500001005148,0S
020500001005149,0S
020500001005168,0S
020500001005202,0S
020500001005203,0S
020500001005204,0S
020500001005205,0S
020500001005206,0S
020500001005207,0S
020500001005208,0S
020500001005209,0S
020500001005210,0S
020500001005108,0S
020500001005129,0S
020500001005130,0S
020500001005131,0S
020500001005132,0S
020500001005133,0S
020500001005134,0S
020500001005135,0S
020500001005136,0S
020500001005137,0S
020500001005138,0S
020500001005139,0S
020500001005150,0S
020500001005151,0S
020500001005152,0S
020500001005153,0S
020500001005154,0S
020500001005155,0S
020500001005156,0S
020500001005157,0S
020500001005158,0S
020500001005159,0S
020500001005160,0S
020500001005161,0S
020500001005162,0S
020500001005163,0S
020500001005164,0S
020500001005165,0S
020500001005166,0S
020500001005167,0S
020500001005169,0S
020500001005170,0S
020500001005171,0S
020500001005172,0S
020500001005173,0S
020500001005174,0S
020500001005175,0S
020500001005176,0S
020500001005177,0S
020500001005178,0S
020500001005179,0S
020500001005180,0S
020500001005181,0S
020500001005182,0S
020500001005183,0S
020500001005184,0S
020500001005185,0S
020500001005186,0S
020500001005187,0S
020500001005188,0S
020500001005189,0S
020500001005190,0S
020500001005191,0S
020500001005192,0S
020500001005193,0S
020500001005194,0S
020500001005195,0S
020500001005196,0S
020500001005200,0S
020500001005201,0S
020500001005217,0S
020500001005218,0S
020500002001003,0S
020500002001010,0S
020500002001011,0S
020500002001012,0S
020500002001013,0S
020500002001014,0S
020500002001015,0S
020500002001016,0S
020500002001017,0S
020500002001018,0S
020500002001019,0S
020500002001020,0S
020500002001021,0S
020500002001022,0S
020500002001023,0S
020500002001024,0S
020500002001025,0S
020500002001027,0S
020500002001028,0S
020500002001029,0S
020500002001030,0S
020500002001031,0S
020500002001032,0S
020500002001033,0S
020500002001034,0S
020500002003000,0S
020500002003001,0S
020500002003002,0S
020500002003003,0S
020500002004002,0S
020500002004005,0S
020500002004006,0S
020500002004007,0S
020500002004008,0S
020500002004009,0S
020500002004010,0S
020500002004012,0S
020500002004014,0S
020500002004015,0S
020500002004016,0S
020500002004017,0S
020500002004018,0S
020500002004019,0S
020500002004020,0S
020500002004021,0S
020500002004022,0S
020500002004025,0S
020500002004026,0S
020500003001000,0S
020500003001001,0S
020500003001002,0S
020500003001003,0S
020500003001004,0S
020500003001005,0S
020500003001006,0S
020500003001007,0S
020500003001008,0S
020500003001009,0S
020500003001010,0S
020500003001011,0S
020500003001012,0S
020500003001013,0S
020500003001014,0S
020500003001015,0S
020500003001016,0S
020500003001017,0S
020500003001018,0S
020500003001019,0S
020500003001020,0S
020500003001021,0S
020500003001022,0S
020500003001023,0S
020500003001024,0S
020500003001025,0S
020500003001026,0S
020500003001027,0S
020500003001036,0S
020500003001037,0S
020500003001038,0S
020500003001040,0S
020500003001042,0S
020500003001043,0S
020500003001044,0S
020500003001045,0S
020500003001046,0S
020500003001047,0S
020500003001048,0S
020500003001049,0S
020500003001050,0S
020500003001051,0S
020500003001052,0S
020500003001053,0S
020500003001054,0S
020500003001055,0S
020500003001112,0S
020500003001113,0S
020500003001114,0S
020500003001115,0S
020500003001116,0S
020500003001117,0S
020500003001128,0S
020500003001129,0S
020500003001137,0S
020500003001138,0S
020500003001139,0S
020500003001140,0S
020500003001141,0S
020500003001142,0S
020500003001143,0S
020500003001144,0S
020500003001145,0S
020500003001146,0S
020500003001147,0S
020500003001164,0S
020500003001165,0S
020500003001166,0S
020500003001167,0S
020500003001168,0S
020500003001174,0S
020500003001175,0S
020500003001176,0S
020500003001177,0S
020500003001178,0S
020500003001179,0S
020500003001180,0S
020500003001181,0S
020500003001182,0S
020500003001195,0S
020500003001196,0S
020500003001200,0S
020500003001028,0S
020500003001030,0S
020500003001031,0S
020500003001032,0S
020500003001033,0S
020500003001034,0S
020500003001035,0S
020500003001039,0S
020500003001041,0S
020500003001056,0S
020500003001057,0S
020500003001058,0S
020500003001059,0S
020500003001060,0S
020500003001061,0S
020500003001062,0S
020500003001063,0S
020500003001173,0S
020500003001194,0S
020500003001071,0S
020500003001079,0S
020500003001109,0S
020500003001201,0S
020500003001205,0S
020500003001206,0S
020500003001090,0S
020500003001153,0S
020500003001154,0S
020500003001155,0S
020500003001156,0S
020500003001158,0S
020500003001159,0S
020500003001160,0S
020500003001161,0S
020500003001162,0S
020500003001163,0S
020500003001203,0S
020600001001000,0S
020600001001029,0S
020600001001030,0S
020600001001031,0S
020600001001032,0S
020600001001033,0S
020600001001034,0S
020600001001035,0S
020600001001036,0S
020600001001037,0S
020600001001038,0S
020600001001039,0S
020600001001040,0S
020600001001041,0S
020600001001042,0S
020600001001043,0S
020600001001044,0S
020600001001045,0S
020600001001046,0S
020600001001047,0S
020600001001048,0S
020600001001049,0S
020600001001050,0S
020600001001051,0S
020600001001052,0S
020600001001053,0S
020600001001054,0S
020600001001055,0S
020600001001056,0S
020600001001057,0S
020600001001058,0S
020600001001059,0S
020600001001060,0S
020600001001062,0S
020600001001063,0S
020600001001069,0S
020600001001070,0S
020600001001071,0S
020600001001072,0S
020600001001073,0S
020600001001074,0S
020600001001075,0S
020600001001076,0S
020600001001077,0S
020600001001078,0S
020600001001079,0S
020600001001080,0S
020600001001081,0S
020600001001082,0S
020600001001083,0S
020600001001084,0S
020600001001085,0S
020600001001086,0S
020600001001088,0S
020600001001089,0S
020600001001091,0S
020600001001001,0S
020600001001002,0S
020600001001003,0S
020600001001004,0S
020600001001005,0S
020600001001006,0S
020600001001007,0S
020600001001008,0S
020600001001009,0S
020600001001010,0S
020600001001011,0S
020600001001025,0S
020600001001026,0S
020600001001027,0S
020600001001028,0S
020600001001064,0S
020600001001065,0S
020600001001066,0S
020600001001067,0S
020600001001068,0S
020600001001012,0S
020600001001013,0S
020600001001014,0S
020600001001015,0S
020600001001016,0S
020600001001017,0S
020600001001018,0S
020600001001019,0S
020600001001020,0S
020600001001021,0S
020600001001022,0S
020600001001023,0S
020600001001024,0S
020600001001061,0S
020600001001087,0S
020600001001090,0S
020630002001000,0P
020630002001001,0P
020630002001002,0P
020630002001003,0P
020630002001004,0P
020630002001005,0P
020630002001006,0P
020630002001007,0P
020630002001008,0P
020630002001009,0P
020630002001010,0P
020630002001011,0P
020630002001012,0P
020630002001014,0P
020630002001015,0P
020630002001016,0P
020630002001017,0P
020630002001018,0P
020630002001019,0P
020630002001020,0P
020630002001021,0P
020630002001023,0P
020630002001024,0P
020630002001028,0P
020630002001029,0P
020630002001030,0P
020630002001031,0P
020630002001033,0P
020630002001034,0P
020630002001036,0P
020630002001037,0P
020630002001038,0P
020630002001039,0P
020630002001040,0P
020630002001041,0P
020630002001042,0P
020630002001043,0P
020630002001044,0P
020630002001045,0P
020630002001046,0P
020630002001047,0P
020630002001048,0P
020630002001049,0P
020630002001050,0P
020630002001051,0P
020630002001052,0P
020630002001053,0P
020630002001054,0P
020630002001055,0P
020630002001056,0P
020630002001057,0P
020630002001058,0P
020630002001059,0P
020630002001060,0P
020630002001061,0P
020630002001062,0P
020630002001063,0P
020630002001064,0P
020630002001065,0P
020630002001066,0P
020630002001067,0P
020630002001068,0P
020630002001069,0P
020630002001070,0P
020630002001071,0P
020630002001072,0P
020630002001073,0P
020630002001074,0P
020630002001075,0P
020630002001076,0P
020630002001077,0P
020630002001078,0P
020630002001079,0P
020630002001080,0P
020630002001081,0P
020630002001082,0P
020630002001083,0P
020630002001084,0P
020630002001085,0P
020630002001086,0P
020630002001087,0P
020630002001088,0P
020630002001089,0P
020630002001090,0P
020630002001091,0P
020630002001092,0P
020630002001093,0P
020630002001094,0P
020630002001095,0P
020630002001096,0P
020630002001097,0P
020630002001098,0P
020630002001099,0P
020630002001100,0P
020630002001101,0P
020630002001102,0P
020630002001103,0P
020630002001104,0P
020630002001105,0P
020630002001106,0P
020630002001107,0P
020630002001108,0P
020630002001109,0P
020630002001110,0P
020630002001111,0P
020630002001112,0P
020630002001113,0P
020630002001114,0P
020630002001115,0P
020630002001132,0P
020630002001133,0P
020630002001134,0P
020630002001143,0P
020630002001144,0P
020630002001145,0P
020630002001146,0P
020630002001147,0P
020630002001148,0P
020630002001149,0P
020630002001150,0P
020630002001151,0P
020630002001152,0P
020630002001153,0P
020630002001154,0P
020630002001155,0P
020630002001156,0P
020630002001157,0P
020630002001158,0P
020630002001159,0P
020630002001160,0P
020630002001161,0P
020630002001162,0P
020630002001163,0P
020630002001164,0P
020630002001165,0P
020630002001166,0P
020630002001167,0P
020630002001168,0P
020630002001169,0P
020630002001170,0P
020630002001171,0P
020630002001172,0P
020630002001173,0P
020630002001174,0P
020630002001175,0P
020630002001176,0P
020630002001177,0P
020630002001178,0P
020630002001179,0P
020630002001180,0P
020630002001181,0P
020630002001182,0P
020630002001183,0P
020630002001184,0P
020630002001185,0P
020630002001186,0P
020630002001187,0P
020630002001188,0P
020630002001189,0P
020630002001190,0P
020630002001191,0P
020630002001192,0P
020630002001193,0P
020630002001194,0P
020630002001195,0P
020630002001196,0P
020630002001197,0P
020630002001198,0P
020630002001199,0P
020630002001200,0P
020630002001201,0P
020630002001202,0P
020630002001203,0P
020630002001204,0P
020630002001205,0P
020630002001206,0P
020630002001207,0P
020630002001208,0P
020630002001209,0P
020630002001210,0P
020630002001211,0P
020630002001212,0P
020630002001213,0P
020630002001214,0P
020630002001215,0P
020630002001216,0P
020630002001217,0P
020630002001218,0P
020630002001219,0P
020630002001220,0P
020630002001221,0P
020630002001222,0P
020630002001223,0P
020630002001224,0P
020630002001225,0P
020630002001226,0P
020630002001227,0P
020630002001228,0P
020630002001229,0P
020630002001230,0P
020630002001231,0P
020630002001232,0P
020630002001233,0P
020630002001234,0P
020630002001235,0P
020630002001236,0P
020630002001237,0P
020630002001238,0P
020630002001239,0P
020630002001240,0P
020630002001241,0P
020630002001242,0P
020630002001243,0P
020630002001244,0P
020630002001245,0P
020630002001246,0P
020630002001247,0P
020630002001248,0P
020630002001249,0P
020630002001250,0P
020630002001251,0P
020630002001252,0P
020630002001253,0P
020630002001254,0P
020630002001255,0P
020630002001256,0P
020630002001257,0P
020630002001258,0P
020630002001259,0P
020630002001260,0P
020630002001261,0P
020630002001262,0P
020630002001263,0P
020630002001264,0P
020630002001265,0P
020630002001266,0P
020630002001267,0P
020630002001268,0P
020630002001269,0P
020630002001270,0P
020630002001271,0P
020630002001272,0P
020630002001273,0P
020630002001274,0P
020630002001275,0P
020630002001276,0P
020630002001277,0P
020630002001278,0P
020630002001279,0P
020630002001280,0P
020630002001281,0P
020630002001282,0P
020630002001283,0P
020630002001284,0P
020630002001285,0P
020630002001286,0P
020630002001293,0P
020630002001294,0P
020630002001295,0P
020630002001296,0P
020630002001297,0P
020630002001298,0P
020630002001300,0P
020630002001301,0P
020630002001302,0P
020630002001303,0P
020630002001304,0P
020630002001305,0P
020630002001306,0P
020630002001307,0P
020630002001308,0P
020630002001309,0P
020630002001313,0P
020630002001314,0P
020630002001315,0P
020630002001316,0P
020630002001317,0P
020630002001319,0P
020630002001320,0P
020630002001321,0P
020630002001322,0P
020630002001323,0P
020630003003018,0P
020630003004036,0P
020630003005071,0P
020630003005072,0P
020630003005074,0P
020630003005075,0P
020630003005076,0P
020630003005079,0P
020630003005080,0P
020630003005081,0P
020630003005082,0P
020630003005085,0P
020630003005086,0P
020630003005088,0P
020630003005089,0P
020630003005091,0P
020630003005092,0P
020630003005093,0P
020630003005094,0P
020630003005095,0P
020630003005096,0P
020630003005098,0P
020630003005099,0P
020630003005100,0P
020630003005104,0P
020630003005105,0P
020630003005106,0P
020630003005107,0P
020630003005108,0P
020630003005109,0P
020630003005110,0P
020630003005112,0P
020630003005113,0P
020630003005114,0P
020630003005120,0P
020630003005123,0P
020630003005124,0P
020630003005126,0P
020630003005127,0P
020630003005128,0P
020630003005131,0P
020630003005132,0P
020630003005133,0P
020630003005134,0P
020630003005135,0P
020630003005136,0P
020630003005137,0P
020630003005138,0P
020630003005139,0P
020630003005140,0P
020630003005141,0P
020630003005142,0P
020630003005143,0P
020630003005144,0P
020630003005145,0P
020630003005146,0P
020630003005147,0P
020630003005148,0P
020630003005177,0P
020630003005179,0P
020630003005181,0P
020630003005202,0P
020630003005203,0P
020630003005205,0P
020630003005206,0P
020630003005207,0P
020630003005208,0P
020630003005209,0P
020630003005210,0P
020630003005211,0P
020630003005212,0P
020630003005213,0P
020630003005214,0P
020630003005215,0P
020630003005216,0P
020630003005217,0P
020630003005218,0P
020630003005219,0P
020630003005220,0P
020630003005221,0P
020630003005227,0P
020630003005228,0P
020630003005229,0P
020630003005230,0P
020630003005231,0P
020630003005232,0P
020630003005233,0P
020630003005234,0P
020630003005235,0P
020630003005236,0P
020630003005237,0P
020630003005238,0P
020630003005239,0P
020630003005240,0P
020630003005241,0P
020630003005242,0P
020630003005243,0P
020630003005244,0P
020630003005245,0P
020630003005246,0P
020630003005247,0P
020630003005248,0P
020630003005249,0P
020630003005250,0P
020630003005251,0P
020630003005252,0P
020630003005253,0P
020630003005254,0P
020630003005255,0P
020630003005256,0P
020630003005257,0P
020630003005258,0P
020630003005259,0P
020630003005260,0P
020630003005261,0P
020630003005262,0P
020630003005263,0P
020630003005264,0P
020630003005265,0P
020630003005266,0P
020630003005267,0P
020630003005268,0P
020630003005269,0P
020630003005270,0P
020630003005271,0P
020630003005272,0P
020630003005273,0P
020630003005274,0P
020630003005275,0P
020630003005276,0P
020630003005277,0P
020630003005278,0P
020630003005279,0P
020630003005280,0P
020630003005281,0P
020630003005282,0P
020630003005283,0P
020630003005284,0P
020630003005285,0P
020630003005286,0P
020630003005287,0P
020630003005288,0P
020630003005289,0P
020630003005290,0P
020630003005291,0P
020630003005292,0P
020630003005293,0P
020630003005294,0P
020630003005295,0P
020630003005296,0P
020630003005297,0P
020630003005298,0P
020630003005299,0P
020630003005300,0P
020630003005301,0P
020630003005302,0P
020630003005303,0P
020630003005304,0P
020630003005305,0P
020630003005306,0P
020630003005307,0P
020630003005308,0P
020630003005309,0P
020630003005310,0P
020630003005311,0P
020630003005312,0P
020630003005313,0P
020630003005314,0P
020630003005315,0P
020630003005316,0P
020630003005317,0P
020630003005318,0P
020630003005319,0P
020630003005320,0P
020630003005321,0P
020630003005322,0P
020630003005323,0P
020630003005324,0P
020630003005325,0P
020630003005326,0P
020630003005327,0P
020630003005328,0P
020630003005329,0P
020630003005330,0P
020630003005331,0P
020630003005332,0P
020630003005333,0P
020630003005334,0P
020630003005335,0P
020630003005336,0P
020630003005337,0P
020630003005338,0P
020630003005339,0P
020630003005340,0P
020630003005341,0P
020630003005342,0P
020630003005343,0P
020630003005344,0P
020630003005345,0P
020630003005346,0P
020630003005347,0P
020630003005348,0P
020630003005349,0P
020630003005350,0P
020630003005351,0P
020630003005352,0P
020630003005353,0P
020630003005354,0P
020630003005355,0P
020630003005356,0P
020630003005357,0P
020630003005358,0P
020630003005359,0P
020630003005360,0P
020630003005361,0P
020630003005362,0P
020630003005363,0P
020630003005364,0P
020630003005365,0P
020630003005366,0P
020630003005367,0P
020630003005368,0P
020630003005369,0P
020630003005370,0P
020630003005371,0P
020630003005372,0P
020630003005373,0P
020630003005374,0P
020630003005375,0P
020630003005376,0P
020630003005377,0P
020630003005378,0P
020630003005379,0P
020630003005380,0P
020630003005381,0P
020630003005382,0P
020630003005383,0P
020630003005384,0P
020630003005385,0P
020630003005386,0P
020630003005387,0P
020630003005388,0P
020630003005389,0P
020630003005390,0P
020630003005391,0P
020630003005392,0P
020630003005393,0P
020630003005394,0P
020630003005395,0P
020630003005396,0P
020630003005397,0P
020630003005398,0P
020630003005399,0P
020630003005400,0P
020630003005401,0P
020630003005402,0P
020630003005403,0P
020630003005404,0P
020630003005405,0P
020630003005406,0P
020630003005407,0P
020630003005408,0P
020630003005409,0P
020630003005410,0P
020630003005411,0P
020630003005412,0P
020630003005413,0P
020630003005414,0P
020630003005415,0P
020630003005416,0P
020630003005417,0P
020630003005418,0P
020630003005419,0P
020630003005420,0P
020630003005421,0P
020630003005422,0P
020630003005423,0P
020630003005424,0P
020630003005425,0P
020630003005426,0P
020630003005427,0P
020630003005428,0P
020630003005429,0P
020630003005430,0P
020630003005431,0P
020630003005432,0P
020630003005433,0P
020630003005434,0P
020630003005435,0P
020630003005436,0P
020630003005437,0P
020630003005438,0P
020630003005439,0P
020630003005440,0P
020630003005441,0P
020630003005442,0P
020630003005443,0P
020630003005444,0P
020630003005445,0P
020630003005446,0P
020630003005447,0P
020630003005448,0P
020630003005449,0P
020630003005450,0P
020630003005451,0P
020630003005452,0P
020630003005453,0P
020630003005454,0P
020630003005455,0P
020630003005456,0P
020630003005457,0P
020630003005458,0P
020630003005459,0P
020630003005460,0P
020630003005461,0P
020630003005462,0P
020630003005463,0P
020630003005464,0P
020630003005465,0P
020630003005466,0P
020630003005467,0P
020630003005468,0P
020630003005469,0P
020630003005470,0P
020630003005471,0P
020630003005472,0P
020630003005473,0P
020630003005474,0P
020630003005475,0P
020630003005476,0P
020630003005477,0P
020630003005478,0P
020630003005479,0P
020630003005480,0P
020630003005481,0P
020630003005482,0P
020630003005483,0P
020630003005484,0P
020630003005485,0P
020630003005486,0P
020630003005487,0P
020630003005488,0P
020630003005489,0P
020630003005490,0P
020630003005491,0P
020630003005492,0P
020630003005493,0P
020630003005494,0P
020630003005495,0P
020630003005496,0P
020630003005497,0P
020630003005498,0P
020630003005499,0P
020630003005500,0P
020630003005501,0P
020630003005502,0P
020630003005503,0P
020630003005504,0P
020630003005505,0P
020630003005506,0P
020630003005507,0P
020630003005508,0P
020630003005509,0P
020630003005510,0P
020630003005511,0P
020630003005512,0P
020630003005513,0P
020630003005514,0P
020630003005515,0P
020630003005516,0P
020630003005517,0P
020630003005518,0P
020630003005519,0P
020630003005520,0P
020630003005521,0P
020630003005522,0P
020630003005523,0P
020630003005524,0P
020630003005525,0P
020630003005526,0P
020630003005527,0P
020630003005528,0P
020630003005529,0P
020630003005530,0P
020630003005531,0P
020630003005532,0P
020630003005533,0P
020630003005534,0P
020630003005535,0P
020630003005536,0P
020630003005537,0P
020630003005538,0P
020630003005539,0P
020630003005540,0P
020630003005541,0P
020630003005542,0P
020630003005543,0P
020630003005544,0P
020630003005545,0P
020630003005546,0P
020630003005550,0P
020630003005552,0P
020630003005553,0P
020630003005554,0P
020630003005555,0P
020630003005556,0P
020630003005557,0P
020630003005558,0P
020630003005559,0P
020630003005560,0P
020630003005561,0P
020630003005562,0P
020630003005563,0P
020630003005564,0P
020630003005565,0P
020630003005566,0P
020630003005567,0P
020630003005568,0P
020630003005570,0P
020630003005571,0P
020630002001013,0P
020630002001022,0P
020630002001025,0P
020630002001026,0P
020630002001027,0P
020630002001032,0P
020630002001035,0P
020630002001116,0P
020630002001117,0P
020630002001118,0P
020630002001119,0P
020630002001120,0P
020630002001121,0P
020630002001122,0P
020630002001123,0P
020630002001124,0P
020630002001125,0P
020630002001126,0P
020630002001127,0P
020630002001128,0P
020630002001129,0P
020630002001130,0P
020630002001131,0P
020630002001135,0P
020630002001136,0P
020630002001137,0P
020630002001138,0P
020630002001139,0P
020630002001140,0P
020630002001141,0P
020630002001142,0P
020630002001287,0P
020630002001288,0P
020630002001289,0P
020630002001290,0P
020630002001291,0P
020630002001292,0P
020630002001299,0P
020630002001310,0P
020630002001311,0P
020630002001312,0P
020630002001318,0P
020630002002000,0P
020630002002001,0P
020630002002002,0P
020630002002003,0P
020630002002004,0P
020630002002005,0P
020630002002006,0P
020630002002007,0P
020630002002008,0P
020630002002009,0P
020630002002010,0P
020630002002011,0P
020630002002012,0P
020630002002013,0P
020630002002014,0P
020630002002015,0P
020630002002016,0P
020630002002017,0P
020630002002018,0P
020630002002019,0P
020630002002020,0P
020630002002021,0P
020630002002022,0P
020630002002023,0P
020630002002024,0P
020630002002025,0P
020630002002026,0P
020630003001000,0E
020630003001001,0E
020630003001002,0E
020630003001003,0E
020630003001004,0E
020630003001005,0E
020630003001006,0E
020630003001007,0E
020630003001008,0E
020630003001009,0E
020630003001010,0E
020630003001011,0E
020630003001012,0E
020630003001013,0E
020630003001015,0E
020630003001016,0E
020630003001017,0E
020630003001018,0E
020630003001019,0E
020630003001020,0E
020630003001021,0E
020630003001022,0E
020630003001023,0E
020630003001024,0E
020630003001025,0E
020630003001026,0E
020630003001027,0E
020630003001014,0E
020630003001028,0E
020630003002000,0E
020630003002001,0E
020630003002002,0E
020630003002003,0E
020630003002004,0E
020630003002005,0E
020630003002006,0E
020630003002007,0E
020630003002008,0E
020630003002009,0E
020630003002010,0E
020630003002011,0E
020630003002012,0E
020630003002013,0E
020630003002014,0E
020630003002015,0E
020630003002016,0E
020630003002017,0E
020630003002018,0E
020630003002019,0E
020630003002020,0E
020630003002021,0E
020630003002022,0E
020630003002023,0E
020630003002024,0E
020630003002025,0E
020630003002026,0E
020630003002027,0E
020630003002028,0E
020630003002029,0E
020630003002030,0E
020630003002031,0E
020630003003000,0E
020630003003001,0E
020630003003002,0E
020630003003003,0E
020630003003004,0E
020630003003005,0E
020630003003006,0E
020630003003007,0E
020630003003008,0E
020630003003009,0E
020630003003010,0E
020630003003011,0E
020630003003012,0E
020630003003013,0E
020630003003014,0E
020630003003015,0E
020630003003016,0E
020630003003017,0E
020630003003019,0E
020630003003020,0E
020630003003021,0E
020630003003022,0E
020630003003023,0E
020630003003024,0E
020630003003025,0E
020630003003026,0E
020630003003027,0E
020630003003028,0E
020630003003029,0E
020630003003030,0E
020630003003031,0E
020630003003032,0E
020630003003033,0E
020630003003034,0E
020630003003035,0E
020630003003036,0E
020630003003037,0E
020630003003038,0E
020630003003039,0E
020630003003040,0E
020630003003041,0E
020630003003042,0E
020630003003043,0E
020630003003044,0E
020630003003045,0E
020630003003046,0E
020630003003047,0E
020630003003048,0E
020630003003049,0E
020630003003050,0E
020630003003051,0E
020630003004000,0E
020630003004001,0E
020630003004003,0E
020630003004004,0E
020630003004019,0E
020630003004020,0E
020630003004021,0E
020630003004028,0E
020630003004029,0E
020630003005000,0E
020630003005001,0E
020630003005002,0E
020630003005003,0E
020630003005004,0E
020630003005005,0E
020630003005006,0E
020630003005007,0E
020630003005008,0E
020630003005009,0E
020630003005010,0E
020630003005011,0E
020630003005012,0E
020630003005013,0E
020630003005014,0E
020630003005015,0E
020630003005016,0E
020630003005017,0E
020630003005018,0E
020630003005019,0E
020630003005020,0E
020630003005021,0E
020630003005022,0E
020630003005023,0E
020630003005024,0E
020630003005025,0E
020630003005026,0E
020630003005027,0E
020630003005028,0E
020630003005029,0E
020630003005030,0E
020630003005031,0E
020630003005032,0E
020630003005033,0E
020630003005034,0E
020630003005035,0E
020630003005036,0E
020630003005037,0E
020630003005038,0E
020630003005039,0E
020630003005040,0E
020630003005041,0E
020630003005042,0E
020630003005043,0E
020630003005044,0E
020630003005045,0E
020630003005046,0E
020630003005047,0E
020630003005048,0E
020630003005049,0E
020630003005050,0E
020630003005051,0E
020630003005052,0E
020630003005053,0E
020630003005054,0E
020630003005055,0E
020630003005056,0E
020630003005057,0E
020630003005058,0E
020630003005059,0E
020630003005060,0E
020630003005061,0E
020630003005062,0E
020630003005063,0E
020630003005064,0E
020630003005065,0E
020630003005066,0E
020630003005067,0E
020630003005068,0E
020630003005069,0E
020630003005070,0E
020630003005073,0E
020630003005077,0E
020630003005078,0E
020630003005083,0E
020630003005084,0E
020630003005087,0E
020630003005090,0E
020630003005097,0E
020630003005101,0E
020630003005102,0E
020630003005103,0E
020630003005111,0E
020630003005115,0E
020630003005116,0E
020630003005117,0E
020630003005118,0E
020630003005119,0E
020630003005121,0E
020630003005122,0E
020630003005125,0E
020630003005129,0E
020630003005130,0E
020630003005149,0E
020630003005150,0E
020630003005151,0E
020630003005152,0E
020630003005153,0E
020630003005154,0E
020630003005155,0E
020630003005156,0E
020630003005157,0E
020630003005158,0E
020630003005159,0E
020630003005160,0E
020630003005161,0E
020630003005162,0E
020630003005163,0E
020630003005164,0E
020630003005165,0E
020630003005166,0E
020630003005167,0E
020630003005168,0E
020630003005169,0E
020630003005170,0E
020630003005171,0E
020630003005172,0E
020630003005173,0E
020630003005174,0E
020630003005175,0E
020630003005176,0E
020630003005178,0E
020630003005180,0E
020630003005182,0E
020630003005183,0E
020630003005184,0E
020630003005185,0E
020630003005186,0E
020630003005201,0E
020630003005547,0E
020630003005548,0E
020630003005549,0E
020630003005551,0E
020630003005569,0E
020630003004002,0E
020630003004005,0E
020630003004006,0E
020630003004007,0E
020630003004008,0E
020630003004009,0E
020630003004010,0E
020630003004011,0E
020630003004012,0E
020630003004013,0E
020630003004014,0E
020630003004015,0E
020630003004016,0E
020630003004017,0E
020630003004018,0E
020630003004022,0E
020630003004023,0E
020630003004024,0E
020630003004025,0E
020630003004026,0E
020630003004027,0E
020630003004030,0E
020630003004031,0E
020630003004032,0E
020630003004033,0E
020630003004034,0E
020630003004035,0E
020630003004037,0E
020630003004038,0E
020630003004039,0E
020630003004040,0E
020630003004041,0E
020630003004042,0E
020630003004043,0E
020630003004044,0E
020630003004045,0E
020630003004046,0E
020630003004047,0E
020630003005187,0E
020630003005188,0E
020630003005189,0E
020630003005190,0E
020630003005191,0E
020630003005192,0E
020630003005193,0E
020630003005194,0E
020630003005195,0E
020630003005196,0E
020630003005197,0E
020630003005198,0E
020630003005199,0E
020630003005200,0E
020630003005204,0E
020630003005222,0E
020630003005223,0E
020630003005224,0E
020630003005225,0E
020630003005226,0E
020660001001000,0C
020660001001002,0C
020660001001003,0C
020660001001005,0C
020660001001006,0C
020660001001007,0C
020660001001008,0C
020660001001051,0C
020660001001055,0C
020660001001056,0C
020660001001057,0C
020660001001098,0C
020660001001099,0C
020660001001100,0C
020660001001101,0C
020660001001102,0C
020660001001103,0C
020660001001104,0C
020660001001105,0C
020660001001106,0C
020660001001108,0C
020660001001109,0C
020660001001110,0C
020660001001115,0C
020660001001116,0C
020660001001117,0C
020660001001118,0C
020660001001119,0C
020660001001120,0C
020660001001121,0C
020660001001122,0C
020660001001123,0C
020660001001139,0C
020660001001001,0C
020660001001004,0C
020660001001009,0C
020660001001010,0C
020660001001041,0C
020660001001043,0C
020660001001044,0C
020660001001045,0C
020660001001046,0C
020660001001047,0C
020660001001048,0C
020660001001049,0C
020660001001050,0C
020660001001052,0C
020660001001053,0C
020660001001054,0C
020660001001059,0C
020660001001060,0C
020660001001061,0C
020660001001062,0C
020660001001063,0C
020660001001064,0C
020660001001065,0C
020660001001066,0C
020660001001067,0C
020660001001068,0C
020660001001069,0C
020660001001070,0C
020660001001071,0C
020660001001072,0C
020660001001073,0C
020660001001075,0C
020660001001077,0C
020660001001078,0C
020660001001079,0C
020660001001080,0C
020660001001081,0C
020660001001083,0C
020660001001084,0C
020660001001085,0C
020660001001086,0C
020660001001087,0C
020660001001089,0C
020660001001090,0C
020660001001091,0C
020660001001092,0C
020660001001093,0C
020660001001094,0C
020660001001095,0C
020660001001096,0C
020660001001097,0C
020660001001107,0C
020660001001111,0C
020660001001112,0C
020660001001113,0C
020660001001114,0C
020660001001124,0C
020660001001125,0C
020660001001126,0C
020660001001127,0C
020660001001128,0C
020660001001129,0C
020660001001130,0C
020660001001131,0C
020660001001132,0C
020660001001133,0C
020660001001134,0C
020660001001135,0C
020660001001136,0C
020660001001137,0C
020660001001138,0C
020660001001145,0C
020660001001146,0C
020660001001147,0C
020660001001152,0C
020660001001153,0C
020660001001154,0C
020660001001155,0C
020660001001156,0C
020660001001157,0C
020660001001158,0C
020660001001159,0C
020660001001160,0C
020660001001161,0C
020660001001162,0C
020660001001163,0C
020660001001164,0C
020660001001165,0C
020660001001166,0C
020660001001167,0C
020660001001168,0C
020660001001169,0C
020660001001268,0C
020660001001269,0C
020660001001271,0C
020660001001272,0C
020660001001273,0C
020660001001274,0C
020660001001281,0C
020660001001282,0C
020660001002027,0C
020660001001011,0C
020660001001012,0C
020660001001013,0C
020660001001017,0C
020660001001022,0C
020660001001023,0C
020660001001037,0C
020660001001038,0C
020660001001039,0C
020660001001040,0C
020660001001042,0C
020660001001058,0C
020660001001141,0C
020660001001142,0C
020660001001143,0C
020660001001144,0C
020660001001148,0C
020660001001149,0C
020660001001150,0C
020660001001151,0C
020660001001170,0C
020660001001172,0C
020660001001173,0C
020660001001174,0C
020660001001175,0C
020660001001176,0C
020660001001177,0C
020660001001179,0C
020660001001180,0C
020660001001204,0C
020660001001205,0C
020660001001206,0C
020660001001207,0C
020660001001211,0C
020660001001212,0C
020660001001213,0C
020660001001214,0C
020660001001215,0C
020660001001216,0C
020660001001217,0C
020660001001218,0C
020660001001219,0C
020660001001220,0C
020660001001221,0C
020660001001270,0C
020660001001283,0C
020660001001284,0C
020660001001014,0E
020660001001015,0E
020660001001016,0E
020660001001018,0E
020660001001019,0E
020660001001020,0E
020660001001021,0E
020660001001024,0E
020660001001025,0E
020660001001026,0E
020660001001027,0E
020660001001028,0E
020660001001029,0E
020660001001030,0E
020660001001031,0E
020660001001032,0E
020660001001033,0E
020660001001034,0E
020660001001035,0E
020660001001036,0E
020660001001178,0E
020660001001181,0E
020660001001182,0E
020660001001183,0E
020660001001184,0E
020660001001185,0E
020660001001186,0E
020660001001187,0E
020660001001188,0E
020660001001189,0E
020660001001190,0E
020660001001191,0E
020660001001192,0E
020660001001193,0E
020660001001194,0E
020660001001195,0E
020660001001196,0E
020660001001197,0E
020660001001198,0E
020660001001199,0E
020660001001200,0E
020660001001201,0E
020660001001202,0E
020660001001208,0E
020660001001209,0E
020660001001210,0E
020660001001224,0E
020660001001225,0E
020660001001226,0E
020660001001227,0E
020660001001228,0E
020660001001229,0E
020660001001230,0E
020660001001231,0E
020660001001232,0E
020660001001233,0E
020660001001234,0E
020660001001235,0E
020660001001236,0E
020660001001237,0E
020660001001238,0E
020660001001239,0E
020660001001240,0E
020660001001241,0E
020660001001242,0E
020660001001243,0E
020660001001244,0E
020660001001245,0E
020660001001246,0E
020660001001247,0E
020660001001248,0E
020660001001250,0E
020660001001251,0E
020660001001252,0E
020660001001253,0E
020660001001254,0E
020660001001255,0E
020660001001256,0E
020660001001257,0E
020660001001258,0E
020660001001259,0E
020660001001260,0E
020660001001261,0E
020660001001262,0E
020660001001263,0E
020660001001264,0E
020660001001265,0E
020660001001266,0E
020660001001267,0E
020660001001279,0E
020660001002053,0E
020660001002054,0E
020660001002055,0E
020660001002056,0E
020660001002057,0E
020660001002060,0E
020660001002062,0E
020660001002063,0E
020660001002064,0E
020660001002065,0E
020660001002066,0E
020660001002067,0E
020660001002068,0E
020660001002069,0E
020660001002070,0E
020660001002071,0E
020660001002072,0E
020660001002073,0E
020660001002074,0E
020660001002075,0E
020660001002076,0E
020660001002077,0E
020660001002078,0E
020660001002080,0E
020660001002081,0E
020660001002084,0E
020660001002096,0E
020660001002097,0E
020660001002098,0E
020660001002099,0E
020660001002102,0E
020660001002113,0E
020660001002114,0E
020660001002115,0E
020660001002116,0E
020660001002117,0E
020660001002118,0E
020660001002119,0E
020660001002120,0E
020660001002121,0E
020660001002122,0E
020660001002123,0E
020660001002124,0E
020660001002136,0E
020660001002137,0E
020660001002138,0E
020660001002139,0E
020660001002162,0E
020660001001074,0C
020660001001076,0C
020660001001082,0C
020660001001275,0C
020660001001276,0C
020660001001277,0C
020660001001278,0C
020660001001280,0C
020660001001285,0C
020660001001088,0C
020660001001140,0C
020660001001171,0C
020660001001203,0C
020660001001222,0C
020660001001223,0C
020660001001249,0C
020660001002000,0C
020660001002001,0C
020660001002002,0C
020660001002003,0C
020660001002004,0C
020660001002005,0C
020660001002006,0C
020660001002007,0C
020660001002008,0C
020660001002009,0C
020660001002010,0C
020660001002011,0C
020660001002012,0C
020660001002013,0C
020660001002014,0C
020660001002015,0C
020660001002016,0C
020660001002017,0C
020660001002018,0C
020660001002019,0C
020660001002020,0C
020660001002021,0C
020660001002022,0C
020660001002023,0C
020660001002024,0C
020660001002025,0C
020660001002026,0C
020660001002028,0C
020660001002029,0C
020660001002030,0C
020660001002031,0C
020660001002032,0C
020660001002033,0C
020660001002034,0C
020660001002035,0C
020660001002036,0C
020660001002037,0C
020660001002038,0C
020660001002039,0C
020660001002040,0C
020660001002041,0C
020660001002048,0C
020660001002049,0C
020660001002050,0C
020660001002051,0C
020660001002052,0C
020660001002058,0C
020660001002059,0C
020660001002061,0C
020660001002079,0C
020660001002082,0C
020660001002083,0C
020660001002085,0C
020660001002086,0C
020660001002087,0C
020660001002088,0C
020660001002089,0C
020660001002090,0C
020660001002091,0C
020660001002092,0C
020660001002093,0C
020660001002094,0C
020660001002095,0C
020660001002100,0C
020660001002101,0C
020660001002103,0C
020660001002104,0C
020660001002105,0C
020660001002106,0C
020660001002107,0C
020660001002108,0C
020660001002109,0C
020660001002110,0C
020660001002111,0C
020660001002112,0C
020660001002127,0C
020660001002129,0C
020660001002133,0C
020660001002140,0C
020660001002143,0C
020660001002144,0C
020660001002145,0C
020660001002146,0C
020660001002147,0C
020660001002148,0C
020660001002149,0C
020660001002150,0C
020660001002151,0C
020660001002152,0C
020660001002153,0C
020660001002154,0C
020660001002155,0C
020660001002156,0C
020660001002157,0C
020660001002158,0C
020660001002159,0C
020660001002160,0C
020660001002161,0C
020660001002042,0C
020660001002043,0C
020660001002044,0C
020660001002045,0C
020660001002046,0C
020660001002047,0C
020660001002125,0C
020660001002126,0C
020660001002128,0C
020660001002130,0C
020660001002131,0C
020660001002132,0C
020660001002134,0C
020660001002135,0C
020660001002141,0C
020660001002142,0C
020680001001000,0C
020680001001001,0C
020680001001002,0C
020680001001003,0C
020680001001004,0C
020680001001005,0C
020680001001006,0C
020680001001007,0C
020680001001008,0C
020680001001009,0C
020680001001026,0C
020680001001027,0C
020680001001028,0C
020680001001029,0C
020680001001030,0C
020680001001031,0C
020680001001034,0C
020680001001036,0C
020680001001037,0C
020680001001038,0C
020680001001039,0C
020680001001040,0C
020680001001041,0C
020680001001042,0C
020680001001043,0C
020680001001044,0C
020680001001045,0C
020680001001046,0C
020680001001047,0C
020680001001048,0C
020680001001049,0C
020680001001050,0C
020680001001051,0C
020680001001052,0C
020680001001053,0C
020680001001054,0C
020680001001055,0C
020680001001056,0C
020680001001057,0C
020680001001058,0C
020680001001059,0C
020680001001060,0C
020680001001061,0C
020680001001062,0C
020680001001063,0C
020680001001064,0C
020680001001065,0C
020680001001066,0C
020680001001067,0C
020680001001068,0C
020680001001069,0C
020680001001071,0C
020680001001072,0C
020680001001073,0C
020680001001074,0C
020680001001075,0C
020680001001076,0C
020680001002005,0C
020680001002006,0C
020680001002007,0C
020680001002010,0C
020680001002011,0C
020680001002012,0C
020680001002013,0C
020680001002014,0C
020680001002015,0C
020680001002016,0C
020680001002017,0C
020680001002018,0C
020680001002019,0C
020680001002020,0C
020680001002021,0C
020680001002022,0C
020680001002023,0C
020680001002024,0C
020680001002025,0C
020680001002026,0C
020680001002027,0C
020680001002028,0C
020680001002029,0C
020680001002030,0C
020680001002031,0C
020680001002032,0C
020680001002033,0C
020680001002034,0C
020680001001010,0C
020680001001011,0C
020680001001012,0C
020680001001013,0C
020680001001014,0C
020680001001015,0C
020680001001016,0C
020680001001017,0C
020680001001018,0C
020680001001019,0C
020680001001020,0C
020680001001021,0C
020680001001022,0C
020680001001023,0C
020680001001024,0C
020680001001025,0C
020680001001032,0C
020680001001033,0C
020680001001035,0C
020680001001070,0C
020680001002035,0C
020680001002040,0C
020680001002041,0C
020680001002042,0C
020680001002044,0C
020680001002045,0C
020680001002046,0C
020680001002047,0C
020680001002048,0C
020680001002049,0C
020680001002050,0C
020680001002051,0C
020680001002052,0C
020680001002053,0C
020680001002054,0C
020680001002055,0C
020680001002056,0C
020680001002057,0C
020680001002058,0C
020680001002059,0C
020680001002060,0C
020680001002061,0C
020680001002063,0C
020680001002110,0C
020680001002111,0C
020680001002112,0C
020680001002113,0C
020680001002117,0C
020680001002118,0C
020680001002119,0C
020680001002120,0C
020680001002121,0C
020680001002122,0C
020680001002123,0C
020680001002124,0C
020680001002125,0C
020680001002126,0C
020680001002127,0C
020680001002128,0C
020680001002141,0C
020680001002142,0C
020680001002147,0C
020680001002148,0C
020680001002149,0C
020680001002150,0C
020680001002151,0C
020680001002152,0C
020680001002153,0C
020680001002154,0C
020680001002155,0C
020680001002156,0C
020680001002188,0C
020680001002190,0C
020680001002196,0C
020680001002197,0C
020680001002201,0C
020680001002202,0C
020680001002000,0C
020680001002001,0C
020680001002002,0C
020680001002003,0C
020680001002004,0C
020680001002008,0C
020680001002009,0C
020680001002036,0C
020680001002037,0C
020680001002038,0C
020680001002039,0C
020680001002062,0C
020680001002064,0C
020680001002065,0C
020680001002066,0C
020680001002067,0C
020680001002068,0C
020680001002069,0C
020680001002070,0C
020680001002071,0C
020680001002072,0C
020680001002073,0C
020680001002074,0C
020680001002075,0C
020680001002076,0C
020680001002077,0C
020680001002078,0C
020680001002079,0C
020680001002080,0C
020680001002081,0C
020680001002082,0C
020680001002083,0C
020680001002084,0C
020680001002085,0C
020680001002086,0C
020680001002087,0C
020680001002088,0C
020680001002089,0C
020680001002090,0C
020680001002091,0C
020680001002092,0C
020680001002093,0C
020680001002094,0C
020680001002095,0C
020680001002096,0C
020680001002097,0C
020680001002098,0C
020680001002099,0C
020680001002100,0C
020680001002101,0C
020680001002102,0C
020680001002103,0C
020680001002104,0C
020680001002105,0C
020680001002106,0C
020680001002107,0C
020680001002108,0C
020680001002109,0C
020680001002114,0C
020680001002115,0C
020680001002116,0C
020680001002129,0C
020680001002130,0C
020680001002131,0C
020680001002132,0C
020680001002133,0C
020680001002134,0C
020680001002135,0C
020680001002136,0C
020680001002137,0C
020680001002138,0C
020680001002139,0C
020680001002140,0C
020680001002178,0C
020680001002189,0C
020680001002191,0C
020680001002192,0C
020680001002193,0C
020680001002194,0C
020680001002195,0C
020680001002198,0C
020680001002199,0C
020680001002200,0C
020680001002043,0C
020680001002143,0C
020680001002144,0C
020680001002145,0C
020680001002146,0C
020680001002157,0C
020680001002158,0C
020680001002159,0C
020680001002160,0C
020680001002161,0C
020680001002162,0C
020680001002163,0C
020680001002164,0C
020680001002165,0C
020680001002166,0C
020680001002167,0C
020680001002168,0C
020680001002169,0C
020680001002170,0C
020680001002171,0C
020680001002172,0C
020680001002173,0C
020680001002174,0C
020680001002175,0C
020680001002176,0C
020680001002177,0C
020680001002179,0C
020680001002180,0C
020680001002181,0C
020680001002182,0C
020680001002183,0C
020680001002184,0C
020680001002185,0C
020680001002186,0C
020680001002187,0C
020700001001000,0S
020700001001001,0S
020700001001002,0S
020700001001022,0S
020700001001118,0S
020700001001121,0S
020700001001235,0S
020700001001236,0S
020700001001237,0S
020700001001238,0S
020700001001239,0S
020700001001240,0S
020700001001253,0S
020700001001254,0S
020700001001255,0S
020700001001256,0S
020700001001257,0S
020700001001258,0S
020700001001271,0S
020700001001003,0S
020700001001004,0S
020700001001005,0S
020700001001006,0S
020700001001007,0S
020700001001008,0S
020700001001009,0S
020700001001010,0S
020700001001011,0S
020700001001012,0S
020700001001013,0S
020700001001014,0S
020700001001016,0S
020700001001017,0S
020700001001018,0S
020700001001019,0S
020700001001020,0S
020700001001021,0S
020700001001023,0S
020700001001024,0S
020700001001025,0S
020700001001026,0S
020700001001114,0S
020700001001131,0S
020700001001132,0S
020700001001133,0S
020700001001134,0S
020700001001135,0S
020700001001136,0S
020700001001137,0S
020700001001141,0S
020700001001142,0S
020700001001143,0S
020700001001144,0S
020700001001145,0S
020700001001146,0S
020700001001151,0S
020700001001152,0S
020700001001153,0S
020700001001154,0S
020700001001155,0S
020700001001171,0S
020700001001172,0S
020700001001173,0S
020700001001219,0S
020700001001267,0S
020700001001015,0S
020700001001027,0S
020700001001028,0S
020700001001029,0S
020700001001030,0S
020700001001031,0S
020700001001032,0S
020700001001033,0S
020700001001034,0S
020700001001035,0S
020700001001036,0S
020700001001037,0S
020700001001038,0S
020700001001040,0S
020700001001041,0S
020700001001042,0S
020700001001043,0S
020700001001044,0S
020700001001045,0S
020700001001046,0S
020700001001047,0S
020700001001048,0S
020700001001051,0S
020700001001052,0S
020700001001053,0S
020700001001054,0S
020700001001055,0S
020700001001056,0S
020700001001057,0S
020700001001059,0S
020700001001060,0S
020700001001061,0S
020700001001063,0S
020700001001064,0S
020700001001065,0S
020700001001066,0S
020700001001067,0S
020700001001068,0S
020700001001070,0S
020700001001071,0S
020700001001072,0S
020700001001073,0S
020700001001074,0S
020700001001075,0S
020700001001076,0S
020700001001077,0S
020700001001078,0S
020700001001079,0S
020700001001080,0S
020700001001081,0S
020700001001082,0S
020700001001083,0S
020700001001084,0S
020700001001085,0S
020700001001086,0S
020700001001087,0S
020700001001088,0S
020700001001089,0S
020700001001090,0S
020700001001091,0S
020700001001092,0S
020700001001093,0S
020700001001094,0S
020700001001095,0S
020700001001096,0S
020700001001097,0S
020700001001098,0S
020700001001099,0S
020700001001100,0S
020700001001101,0S
020700001001102,0S
020700001001103,0S
020700001001104,0S
020700001001105,0S
020700001001106,0S
020700001001107,0S
020700001001108,0S
020700001001187,0S
020700001001209,0S
020700001001218,0S
020700001001241,0S
020700001001242,0S
020700001001243,0S
020700001001244,0S
020700001001245,0S
020700001001246,0S
020700001001247,0S
020700001001248,0S
020700001001249,0S
020700001001250,0S
020700001001251,0S
020700001001252,0S
020700001001268,0S
020700001001269,0S
020700001001270,0S
020700001001272,0S
020700002001003,0S
020700001001039,0S
020700001001049,0S
020700001001050,0S
020700001001062,0S
020700001001069,0S
020700001001189,0S
020700001001192,0S
020700001001193,0S
020700001001194,0S
020700001001195,0S
020700001001196,0S
020700001001197,0S
020700001001198,0S
020700001001199,0S
020700001001200,0S
020700001001201,0S
020700001001202,0S
020700001001203,0S
020700001001204,0S
020700001001210,0S
020700001001211,0S
020700001001212,0S
020700001001213,0S
020700001001214,0S
020700001001215,0S
020700001001216,0S
020700001001217,0S
020700001001220,0S
020700001001234,0S
020700001001058,0S
020700001001109,0S
020700001001112,0S
020700001001115,0S
020700001001138,0S
020700001001139,0S
020700001001140,0S
020700001001149,0S
020700001001156,0S
020700001001157,0S
020700001001158,0S
020700001001169,0S
020700001001170,0S
020700001001188,0S
020700001001190,0S
020700001001191,0S
020700001001264,0S
020700002001000,0S
020700002001001,0S
020700002001002,0S
020700002001004,0S
020700002001005,0S
020700002001006,0S
020700002001007,0S
020700002001008,0S
020700002001009,0S
020700002001010,0S
020700002001011,0S
020700002001012,0S
020700002001013,0S
020700002001014,0S
020700002001015,0S
020700002001016,0S
020700002001017,0S
020700002001018,0S
020700002001019,0S
020700002001020,0S
020700002001021,0S
020700002001022,0S
020700002001023,0S
020700002001024,0S
020700002001025,0S
020700002001026,0S
020700002001027,0S
020700002001028,0S
020700002001029,0S
020700002001030,0S
020700002001031,0S
020700002001032,0S
020700002001033,0S
020700002001034,0S
020700002001035,0S
020700002001036,0S
020700002001037,0S
020700002001038,0S
020700002001039,0S
020700002001040,0S
020700001001110,0S
020700001001111,0S
020700001001113,0S
020700001001116,0S
020700001001159,0S
020700001001160,0S
020700001001161,0S
020700001001162,0S
020700001001163,0S
020700001001164,0S
020700001001165,0S
020700001001166,0S
020700001001167,0S
020700001001168,0S
020700001001174,0S
020700001001175,0S
020700001001176,0S
020700001001177,0S
020700001001178,0S
020700001001179,0S
020700001001180,0S
020700001001181,0S
020700001001182,0S
020700001001183,0S
020700001001184,0S
020700001001185,0S
020700001001186,0S
020700001001205,0S
020700001001206,0S
020700001001207,0S
020700001001208,0S
020700001001232,0S
020700001001233,0S
020700001001262,0S
020700001001263,0S
020700001001265,0S
020700001001266,0S
020700001001117,0S
020700001001119,0S
020700001001122,0S
020700001001123,0S
020700001001124,0S
020700001001125,0S
020700001001221,0S
020700001001222,0S
020700001001223,0S
020700001001224,0S
020700001001225,0S
020700001001226,0S
020700001001227,0S
020700001001228,0S
020700001001229,0S
020700001001230,0S
020700001001231,0S
020700001001259,0S
020700001001260,0S
020700001001261,0S
020700001001120,0S
020700001001126,0S
020700001001127,0S
020700001001128,0S
020700001001129,0S
020700001001130,0S
020700001001147,0S
020700001001148,0S
020700001001150,0S
020900001001000,0A
020900001001001,0A
020900001001002,0A
020900001001003,0A
020900001001004,0A
020900001001005,0A
020900001001006,0A
020900001001007,0A
020900001001008,0A
020900001001009,0A
020900001001010,0A
020900001001011,0A
020900001001012,0A
020900001001013,0A
020900001001014,0A
020900001001015,0A
020900001001016,0A
020900001001017,0A
020900001001018,0A
020900001001019,0A
020900001001020,0A
020900001001021,0A
020900001001022,0A
020900001001023,0A
020900001001024,0A
020900001001025,0A
020900001001026,0A
020900001001027,0A
020900001001028,0A
020900001001029,0A
020900001001030,0A
020900001001035,0A
020900001001036,0A
020900001001037,0A
020900001001038,0A
020900001001039,0A
020900001001040,0A
020900001001041,0A
020900001001042,0A
020900001002000,0A
020900001002001,0A
020900001002030,0A
020900001002031,0A
020900001002032,0A
020900001002033,0A
020900001002034,0A
020900001002035,0A
020900001002036,0A
020900001002037,0A
020900003003000,0A
020900003003001,0A
020900003003002,0A
020900003003003,0A
020900003003004,0A
020900003003005,0A
020900003003006,0A
020900003003007,0A
020900003003008,0A
020900003003009,0A
020900003003010,0A
020900003003011,0A
020900003004000,0A
020900005002061,0A
020900005002067,0A
020900001001031,0A
020900001001032,0A
020900001001033,0A
020900001001034,0A
020900003004037,0A
020900004002001,0A
020900004002002,0A
020900004002003,0A
020900004002004,0A
020900004002005,0A
020900004002006,0A
020900004002007,0A
020900004002008,0A
020900004002009,0A
020900004002011,0A
020900004002012,0A
020900004002015,0A
020900004002016,0A
020900004002017,0A
020900004002018,0A
020900004002021,0A
020900004002022,0A
020900004002023,0A
020900004004001,0A
020900004004002,0A
020900004004003,0A
020900004004004,0A
020900004004005,0A
020900004004006,0A
020900004004007,0A
020900004004008,0A
020900004004009,0A
020900004004010,0A
020900004004011,0A
020900004004012,0A
020900004004013,0A
020900004004014,0A
020900004004015,0A
020900004004020,0A
020900004004021,0A
020900004004022,0A
020900004004023,0A
020900004004027,0A
020900004004028,0A
020900004004029,0A
020900005001000,0A
020900005001002,0A
020900005001003,0A
020900005001004,0A
020900005001005,0A
020900005001018,0A
020900005001019,0A
020900005001020,0A
020900005001021,0A
020900005001022,0A
020900005001023,0A
020900005001026,0A
020900005001027,0A
020900005001028,0A
020900005002016,0A
020900005002017,0A
020900005002058,0A
020900005002059,0A
020900005002060,0A
020900005002065,0A
020900005002066,0A
020900010002001,0A
020900010002002,0A
020900010002003,0A
020900010002004,0A
020900010002005,0A
020900012002030,0A
020900013003030,0A
020900013003031,0A
020900013003032,0A
020900013003036,0A
020900013003037,0A
020900013003038,0A
020900013003039,0A
020900013003040,0A
020900013003041,0A
020900013003042,0A
020900013003043,0A
020900013003044,0A
020900013003045,0A
020900013003046,0A
020900013003047,0A
020900013003048,0A
020900013003049,0A
020900013003050,0A
020900013003051,0A
020909800001077,0A
020900001002002,0A
020900001002003,0A
020900001002004,0A
020900001002005,0A
020900001002006,0A
020900001002007,0A
020900001002008,0A
020900001002009,0A
020900001002010,0A
020900001002011,0A
020900001002012,0A
020900001002013,0A
020900001002014,0A
020900001002015,0A
020900001002016,0A
020900001002017,0A
020900001002018,0A
020900001002019,0A
020900001002020,0A
020900001002021,0A
020900001002022,0A
020900001002023,0A
020900001002024,0A
020900001002025,0A
020900001002026,0A
020900001002027,0A
020900001002028,0A
020900001002029,0A
020900001002038,0A
020900001002039,0A
020900001002040,0A
020900001002041,0A
020900001002042,0A
020900001002043,0A
020900002002014,0A
020900002002015,0A
020900002002016,0A
020900002002026,0A
020900002002027,0A
020900002002028,0A
020900002002029,0A
020900002002030,0A
020900002002033,0A
020900002002034,0A
020900002002035,0A
020900002002036,0A
020900002002037,0A
020900002002038,0A
020900002002039,0A
020900002002040,0A
020900002002041,0A
020900002002042,0A
020900002003000,0A
020900002003001,0A
020900002003002,0A
020900002003003,0A
020900002003004,0A
020900002003005,0A
020900002003006,0A
020900002003007,0A
020900002003008,0A
020900002003009,0A
020900005002062,0A
020900002001000,0A
020900002001001,0A
020900002001002,0A
020900002001003,0A
020900002001004,0A
020900002001005,0A
020900002001006,0A
020900002001007,0A
020900002001008,0A
020900002001009,0A
020900002001010,0A
020900002001011,0A
020900002001012,0A
020900002001013,0A
020900002001014,0A
020900002001015,0A
020900002001037,0A
020900002002000,0A
020900002002001,0A
020900002002002,0A
020900002002003,0A
020900002002004,0A
020900002002005,0A
020900002002006,0A
020900002002007,0A
020900002002008,0A
020900002002009,0A
020900002002010,0A
020900002002011,0A
020900002002012,0A
020900002002013,0A
020900002002017,0A
020900002002018,0A
020900002002019,0A
020900002002020,0A
020900002002021,0A
020900002002022,0A
020900002002023,0A
020900002002024,0A
020900002002025,0A
020900002002031,0A
020900002002032,0A
020900005002052,0A
020900005002055,0A
020900002001016,0A
020900002001017,0A
020900002001018,0A
020900002001019,0A
020900002001020,0A
020900002001021,0A
020900002001022,0A
020900002001023,0A
020900002001024,0A
020900002001025,0A
020900002001032,0A
020900002001033,0A
020900002001035,0A
020900002001036,0A
020900003001001,0A
020900003001002,0A
020900003001003,0A
020900003001004,0A
020900003001023,0A
020900003002000,0A
020900003002001,0A
020900003002002,0A
020900003002005,0A
020900003002006,0A
020900003002007,0A
020900003002008,0A
020900003002009,0A
020900003002010,0A
020900003002011,0A
020900003002013,0A
020900003002014,0A
020900003002015,0A
020900003002016,0A
020900003002017,0A
020900003002018,0A
020900003002019,0A
020900003002020,0A
020900003002021,0A
020900003002022,0A
020900003002023,0A
020900003002024,0A
020900003002025,0A
020900003002026,0A
020900003002027,0A
020900003002028,0A
020900003002029,0A
020900003002030,0A
020900003002031,0A
020900003002032,0A
020900003002033,0A
020900003002034,0A
020900003002035,0A
020900007003018,0A
020900010002013,0A
020900010002014,0A
020900010002015,0A
020900010002016,0A
020900010002017,0A
020900010002018,0A
020900010002026,0A
020900010002027,0A
020900010002028,0A
020900010002030,0A
020900010002031,0A
020900010002032,0A
020900010002033,0A
020900010002034,0A
020900010002035,0A
020900010002036,0A
020900010002037,0A
020900010002038,0A
020900010002039,0A
020900010002078,0A
020900002001026,0A
020900002001027,0A
020900002001028,0A
020900002001029,0A
020900002001030,0A
020900002001031,0A
020900002001034,0A
020900007001023,0A
020900007001027,0A
020900007001028,0A
020900007001029,0A
020900007001030,0A
020900007001031,0A
020900007001032,0A
020900007001033,0A
020900007001034,0A
020900007003000,0A
020900007003001,0A
020900007003002,0A
020900003001000,0A
020900003001005,0A
020900003001006,0A
020900003001007,0A
020900003001008,0A
020900003001009,0A
020900003001010,0A
020900003001011,0A
020900003001012,0A
020900003001013,0A
020900003001014,0A
020900003001015,0A
020900003001016,0A
020900003001017,0A
020900003001018,0A
020900003001019,0A
020900003001020,0A
020900003001021,0A
020900003001022,0A
020900003001024,0A
020900003001025,0A
020900003001026,0A
020900003002003,0A
020900003002004,0A
020900003002012,0A
020900003003012,0A
020900003003013,0A
020900003003014,0A
020900003003015,0A
020900003003016,0A
020900003003017,0A
020900003003018,0A
020900003003019,0A
020900003003020,0A
020900003003021,0A
020900003003022,0A
020900003003023,0A
020900003003024,0A
020900003003025,0A
020900003003026,0A
020900003003027,0A
020900003004001,0A
020900003004002,0A
020900003004003,0A
020900003004004,0A
020900003004005,0A
020900003004006,0A
020900003004007,0A
020900003004008,0A
020900003004009,0A
020900003004010,0A
020900003004011,0A
020900003004012,0A
020900003004013,0A
020900003004014,0A
020900003004015,0A
020900003004016,0A
020900003004017,0A
020900003004018,0A
020900003004019,0A
020900003004020,0A
020900003004021,0A
020900003004022,0A
020900003004023,0A
020900003004024,0A
020900003004025,0A
020900003004026,0A
020900003004027,0A
020900003004028,0A
020900003004029,0A
020900003004030,0A
020900003004031,0A
020900003004032,0A
020900003004033,0A
020900003004034,0A
020900003004035,0A
020900003004036,0A
020900003004038,0A
020900003004039,0A
020900003004040,0A
020900010002006,0A
020900010002007,0A
020900010002008,0A
020900010002009,0A
020900010002010,0A
020900010002011,0A
020900010002012,0A
020900010002019,0A
020900010002042,0A
020900010002043,0A
020900010002048,0A
020900010002049,0A
020900010002050,0A
020900010002051,0A
020900010002052,0A
020900010002053,0A
020900010002116,0A
020900010002117,0A
020900004001000,0A
020900004001001,0A
020900004001002,0A
020900004001003,0A
020900004001004,0A
020900004001005,0A
020900004001006,0A
020900004001007,0A
020900004001008,0A
020900004001009,0A
020900004001010,0A
020900004001011,0A
020900004001012,0A
020900004001013,0A
020900004001014,0A
020900004001015,0A
020900004001016,0A
020900004001017,0A
020900004001018,0A
020900004001019,0A
020900004001020,0A
020900004001021,0A
020900004001022,0A
020900004002000,0A
020900004002010,0A
020900004002013,0A
020900004002014,0A
020900004002019,0A
020900004002020,0A
020900004002024,0A
020900004003000,0A
020900004003001,0A
020900004003002,0A
020900004003003,0A
020900004003004,0A
020900004003005,0A
020900004003006,0A
020900004003007,0A
020900004003008,0A
020900004003009,0A
020900004003010,0A
020900004003011,0A
020900004003012,0A
020900004003013,0A
020900004003014,0A
020900004003015,0A
020900004003016,0A
020900004003017,0A
020900004003018,0A
020900004003019,0A
020900004003020,0A
020900004003021,0A
020900004003022,0A
020900004003023,0A
020900004003024,0A
020900004003025,0A
020900004003026,0A
020900004003027,0A
020900004003028,0A
020900004003029,0A
020900004003030,0A
020900004003031,0A
020900004003032,0A
020900004003033,0A
020900004003034,0A
020900004003035,0A
020900004003036,0A
020900004003037,0A
020900004003038,0A
020900004003039,0A
020900004003040,0A
020900004003041,0A
020900004003042,0A
020900004003043,0A
020900004004000,0A
020900004004016,0A
020900004004017,0A
020900004004018,0A
020900004004019,0A
020900004004024,0A
020900004004025,0A
020900004004026,0A
020900012001064,0A
020900012001065,0A
020900012001066,0A
020909800001012,0A
020909800001036,0A
020909800001037,0A
020909800001038,0A
020909800001039,0A
020909800001040,0A
020909800001041,0A
020909800001042,0A
020909800001043,0A
020909800001044,0A
020909800001045,0A
020909800001061,0A
020900005001001,0A
020900005001006,0A
020900005001007,0A
020900005001008,0A
020900005001009,0A
020900005001010,0A
020900005001011,0A
020900005001012,0A
020900005001013,0A
020900005001014,0A
020900005001015,0A
020900005001016,0A
020900005001017,0A
020900005001024,0A
020900005002000,0A
020900005002001,0A
020900005002002,0A
020900005002003,0A
020900005002004,0A
020900005002005,0A
020900005002040,0A
020900005002041,0A
020900005002042,0A
020900005002043,0A
020900005002044,0A
020900005002045,0A
020900005002053,0A
020900005002054,0A
020900005002056,0A
020900005002057,0A
020900005002068,0A
020900005002069,0A
020900006001000,0A
020900006001003,0A
020900006001004,0A
020900006001005,0A
020900006001006,0A
020900006001007,0A
020900006001008,0A
020900006001011,0A
020900006001012,0A
020900006001013,0A
020900006001014,0A
020900006001015,0A
020900006001016,0A
020900006001017,0A
020900006001018,0A
020900006001019,0A
020900006001020,0A
020900006001021,0A
020900006001022,0A
020900006001023,0A
020900006001024,0A
020900006001025,0A
020900006001026,0A
020900006001027,0A
020900006001028,0A
020900006001029,0A
020900006002000,0A
020900006002001,0A
020900006002008,0A
020900006002009,0A
020900006002010,0A
020900006002011,0A
020900006002012,0A
020900006002013,0A
020900006002014,0A
020900006002015,0A
020900006002016,0A
020900006002017,0A
020900006002018,0A
020900006002019,0A
020900006002020,0A
020900006002021,0A
020900006002022,0A
020900006002023,0A
020900006002024,0A
020900006002025,0A
020900006002026,0A
020900006002034,0A
020900006002037,0A
020900006002038,0A
020900006002039,0A
020900006002040,0A
020900006002041,0A
020900006002042,0A
020900006002043,0A
020900006002044,0A
020900006002045,0A
020900006002046,0A
020900006002047,0A
020900006002048,0A
020900006002049,0A
020900006002050,0A
020900006002051,0A
020900006002052,0A
020900006002053,0A
020900006002054,0A
020900005001025,0A
020900005002006,0A
020900005002007,0A
020900005002008,0A
020900005002009,0A
020900005002010,0A
020900005002011,0A
020900005002012,0A
020900005002013,0A
020900005002014,0A
020900005002015,0A
020900005002018,0A
020900005002019,0A
020900005002020,0A
020900005002021,0A
020900005002022,0A
020900005002023,0A
020900005002024,0A
020900005002025,0A
020900005002026,0A
020900005002027,0A
020900005002028,0A
020900005002029,0A
020900005002030,0A
020900005002031,0A
020900005002032,0A
020900005002033,0A
020900005002034,0A
020900005002035,0A
020900005002036,0A
020900005002037,0A
020900005002038,0A
020900005002039,0A
020900005002046,0A
020900005002047,0A
020900005002048,0A
020900005002049,0A
020900005002050,0A
020900005002051,0A
020900005002063,0A
020900005002064,0A
020900006001001,0B
020900006001002,0B
020900006001009,0B
020900006001010,0B
020900013001000,0B
020900013001001,0B
020900013001002,0B
020900013001003,0B
020900013001004,0B
020900013001005,0B
020900013001006,0B
020900013001007,0B
020900013001008,0B
020900013001009,0B
020900013001010,0B
020900013001011,0B
020900013001012,0B
020900013001013,0B
020900013001014,0B
020900013001015,0B
020900013001016,0B
020900013001017,0B
020900013001018,0B
020900013001019,0B
020900013001020,0B
020900013001021,0B
020900013001022,0B
020900013002000,0B
020900013002001,0B
020900013002002,0B
020900013002003,0B
020900013002004,0B
020900013002007,0B
020900013002008,0B
020900013002009,0B
020900013002010,0B
020900013002016,0B
020900013003011,0B
020900013003012,0B
020900013003013,0B
020900013003014,0B
020900013003015,0B
020900013003016,0B
020900013003017,0B
020900013003019,0B
020900013003020,0B
020900013003033,0B
020900013005000,0B
020900013005001,0B
020900013005002,0B
020900013005003,0B
020900013005004,0B
020900013005005,0B
020900013005006,0B
020900013005007,0B
020900013005012,0B
020900013005013,0B
020900013005014,0B
020900013005015,0B
020900013005016,0B
020900013005017,0B
020900019011031,0B
020900006002002,0C
020900006002003,0C
020900006002006,0C
020900006002007,0C
020900006003000,0C
020900006003001,0C
020900006003002,0C
020900006003003,0C
020900006003004,0C
020900006003005,0C
020900006003006,0C
020900006003007,0C
020900006003008,0C
020900006003009,0C
020900006003010,0C
020900006003011,0C
020900006003012,0C
020900006003013,0C
020900006003014,0C
020900006004000,0C
020900006004001,0C
020900006004002,0C
020900006004003,0C
020900006004004,0C
020900006004005,0C
020900006004006,0C
020900006004007,0C
020900006004008,0C
020900006004009,0C
020900006004010,0C
020900006004012,0C
020900006004014,0C
020900006004015,0C
020900006004016,0C
020900006004017,0C
020900006004018,0C
020900013003018,0C
020900013003021,0C
020900013003022,0C
020900013003034,0C
020900013003035,0C
020900013003054,0C
020900006002004,0C
020900006002005,0C
020900006002027,0C
020900006002028,0C
020900006002031,0C
020900006002032,0C
020900006004011,0C
020900006004013,0C
020900007003012,0C
020900008001000,0C
020900008001001,0C
020900008001002,0C
020900008001003,0C
020900008001004,0C
020900008001005,0C
020900008001006,0C
020900008001007,0C
020900008001008,0C
020900008001009,0C
020900008001010,0C
020900008001011,0C
020900008001012,0C
020900008001013,0C
020900008001014,0C
020900008001015,0C
020900008001016,0C
020900008001017,0C
020900008001018,0C
020900008001019,0C
020900008001020,0C
020900008001021,0C
020900008002000,0C
020900008002001,0C
020900008002002,0C
020900008002003,0C
020900008002009,0C
020900008002010,0C
020900008002011,0C
020900008002015,0C
020900008002016,0C
020900008002017,0C
020900008002018,0C
020900008002019,0C
020900013002017,0C
020900013002018,0C
020900013002026,0C
020900013002027,0C
020900013002028,0C
020900013002029,0C
020900013002030,0C
020900013002031,0C
020900019013030,0C
020900019013031,0C
020900019013035,0C
020900019013038,0C
020900006002029,0A
020900006002030,0A
020900006002033,0A
020900006002035,0A
020900006002036,0A
020900007001000,0A
020900007001001,0A
020900007001002,0A
020900007001003,0A
020900007001004,0A
020900007001005,0A
020900007001006,0A
020900007001007,0A
020900007001008,0A
020900007001009,0A
020900007001010,0A
020900007001011,0A
020900007001012,0A
020900007001013,0A
020900007001014,0A
020900007001015,0A
020900007001016,0A
020900007001017,0A
020900007001018,0A
020900007001019,0A
020900007001020,0A
020900007001021,0A
020900007001022,0A
020900007001024,0A
020900007001025,0A
020900007001026,0A
020900007002000,0A
020900007002001,0A
020900007002002,0A
020900007002003,0A
020900007002004,0A
020900007002005,0A
020900007002006,0A
020900007003021,0A
020900007003003,0C
020900007003004,0C
020900007003005,0C
020900007003006,0C
020900007003007,0C
020900007003008,0C
020900007003009,0C
020900007003010,0C
020900007003011,0C
020900007003014,0C
020900007003015,0C
020900007003016,0C
020900007003017,0C
020900007003019,0C
020900007003020,0C
020900007003013,0C
020900008002020,0C
020900008004015,0C
020900009002015,0C
020900009002018,0C
020900010001000,0C
020900010001001,0C
020900010001002,0C
020900010001003,0C
020900010001004,0C
020900010001005,0C
020900010001006,0C
020900010001007,0C
020900010001008,0C
020900010001009,0C
020900010001010,0C
020900010001011,0C
020900010001012,0C
020900010001013,0C
020900010001014,0C
020900010001015,0C
020900010001016,0C
020900010001017,0C
020900010001018,0C
020900010001019,0C
020900010001020,0C
020900010001021,0C
020900010001022,0C
020900010001023,0C
020900010001024,0C
020900010001025,0C
020900010001026,0C
020900010001027,0C
020900010001028,0C
020900010001029,0C
020900010001030,0C
020900010001031,0C
020900010001032,0C
020900010001033,0C
020900010001034,0C
020900010001035,0C
020900010001037,0C
020900010001038,0C
020900010001039,0C
020900010001040,0C
020900010001041,0C
020900010001042,0C
020900010001043,0C
020900010001044,0C
020900010001045,0C
020900010001046,0C
020900010001047,0C
020900010001048,0C
020900010001049,0C
020900010001050,0C
020900010001051,0C
020900010001052,0C
020900010001053,0C
020900010001054,0C
020900010001056,0C
020900010001057,0C
020900010001058,0C
020900010001059,0C
020900010001060,0C
020900010001061,0C
020900010001062,0C
020900010001063,0C
020900010001064,0C
020900010001065,0C
020900010001066,0C
020900010001067,0C
020900010002098,0C
020900010002099,0C
020900010002100,0C
020900010002101,0C
020900010002102,0C
020900010002103,0C
020900010002104,0C
020900010002105,0C
020900010002106,0C
020900010002107,0C
020900010002108,0C
020900010002109,0C
020900010002110,0C
020900010002111,0C
020900010002112,0C
020900010002113,0C
020900010002114,0C
020900008002004,0C
020900008002005,0C
020900008002006,0C
020900008002007,0C
020900008002008,0C
020900008002012,0C
020900008002013,0C
020900008002014,0C
020900008003000,0C
020900008003001,0C
020900008003002,0C
020900008003003,0C
020900008003004,0C
020900008003005,0C
020900008003006,0C
020900008003007,0C
020900008003008,0C
020900008003009,0C
020900008003010,0C
020900008003011,0C
020900008003012,0C
020900008004000,0C
020900008004001,0C
020900008004002,0C
020900008004003,0C
020900008004004,0C
020900008004005,0C
020900008004006,0C
020900008004007,0C
020900008004008,0C
020900008004009,0C
020900008004010,0C
020900008004011,0C
020900008004012,0C
020900008004013,0C
020900008004014,0C
020900009002000,0C
020900009002001,0C
020900009002003,0C
020900009002004,0C
020900009002005,0C
020900009002006,0C
020900009002007,0C
020900009002010,0C
020900009001000,0C
020900009001001,0C
020900009001002,0C
020900009001003,0C
020900009001004,0C
020900009001005,0C
020900009001006,0C
020900009001007,0C
020900009001008,0C
020900009001009,0C
020900009001010,0C
020900009001011,0C
020900009001012,0C
020900009001013,0C
020900009001014,0C
020900009001015,0C
020900009001016,0C
020900009001017,0C
020900009001018,0C
020900009001019,0C
020900009001020,0C
020900009001021,0C
020900009001022,0C
020900009001023,0C
020900009001024,0C
020900009001025,0C
020900009001026,0C
020900009001027,0C
020900009001028,0C
020900009001029,0C
020900009001030,0C
020900009001031,0C
020900009001032,0C
020900009001033,0C
020900009001034,0C
020900009001035,0C
020900009002002,0C
020900009002008,0C
020900009002009,0C
020900009002011,0C
020900009002012,0C
020900009002013,0C
020900009002014,0C
020900009002016,0C
020900009002017,0C
020900009002019,0C
020900009003000,0C
020900009003001,0C
020900009003002,0C
020900009003003,0C
020900009003004,0C
020900009003005,0C
020900009003006,0C
020900009003007,0C
020900009003008,0C
020900009003009,0C
020900009003010,0C
020900009003011,0C
020900009003012,0C
020900009003013,0C
020900009003014,0C
020900009003015,0C
020900009003016,0C
020900009003017,0C
020900009003018,0C
020900009003019,0C
020900009003020,0C
020900009003021,0C
020900009003022,0C
020900009003023,0C
020900009003024,0C
020900009003025,0C
020900009003026,0C
020900009003027,0C
020900009003028,0C
020900009003029,0C
020900009003030,0C
020900009003031,0C
020900009003032,0C
020900009003033,0C
020900009003034,0C
020900009003035,0C
020900014022042,0C
020900017001025,0C
020900017001030,0C
020900017001068,0C
020900019012045,0C
020900019012051,0C
020900019012052,0C
020900019012053,0C
020900019012054,0C
020900019012055,0C
020900019012056,0C
020900019012057,0C
020900019012058,0C
020900019012067,0C
020900019012068,0C
020900019012070,0C
020900019012071,0C
020900019012073,0C
020900019012074,0C
020900019012077,0C
020909800001144,0C
020909800001145,0C
020909800001146,0C
020909800001147,0C
020909800001148,0C
020909800001149,0C
020909800001150,0C
020909800001151,0C
020909800001152,0C
020909800001153,0C
020909800001154,0C
020909800001159,0C
020909800001160,0C
020909800001161,0C
020909800001162,0C
020909800001163,0C
020909800001164,0C
020909800001165,0C
020909800001166,0C
020909800001167,0C
020909800001168,0C
020909800001169,0C
020909800001170,0C
020909800001171,0C
020909800001172,0C
020909800001173,0C
020909800001174,0C
020909800001175,0C
020909800001176,0C
020909800001177,0C
020909800001178,0C
020909800001179,0C
020909800001180,0C
020909800001181,0C
020909800001182,0C
020909800001183,0C
020900010001036,0C
020900010001055,0C
020900010002020,0C
020900010002021,0C
020900010002022,0C
020900010002023,0C
020900010002024,0C
020900010002025,0C
020900010002029,0C
020900010002040,0C
020900010002041,0C
020900010002044,0C
020900010002045,0C
020900010002046,0C
020900010002047,0C
020900010002054,0C
020900010002055,0C
020900010002056,0C
020900010002057,0C
020900010002058,0C
020900010002059,0C
020900010002060,0C
020900010002061,0C
020900010002062,0C
020900010002063,0C
020900010002064,0C
020900010002065,0C
020900010002066,0C
020900010002067,0C
020900010002068,0C
020900010002069,0C
020900010002070,0C
020900010002071,0C
020900010002072,0C
020900010002073,0C
020900010002074,0C
020900010002075,0C
020900010002076,0C
020900010002077,0C
020900010002079,0C
020900010002080,0C
020900010002081,0C
020900010002082,0C
020900010002083,0C
020900010002084,0C
020900010002085,0C
020900010002086,0C
020900010002087,0C
020900010002088,0C
020900010002089,0C
020900010002090,0C
020900010002091,0C
020900010002092,0C
020900010002093,0C
020900010002094,0C
020900010002095,0C
020900010002096,0C
020900010002097,0C
020900010002115,0C
020900010002118,0C
020900010002000,0A
020900012001045,0A
020900012001046,0A
020900012001047,0A
020900012001068,0A
020909800001000,0A
020909800001001,0A
020909800001002,0A
020909800001003,0A
020909800001004,0A
020909800001005,0A
020909800001006,0A
020909800001007,0A
020909800001008,0A
020909800001009,0A
020909800001010,0A
020909800001011,0A
020909800001013,0A
020909800001014,0A
020909800001015,0A
020909800001016,0A
020909800001017,0A
020909800001018,0A
020909800001019,0A
020909800001020,0A
020909800001021,0A
020909800001022,0A
020909800001023,0A
020909800001024,0A
020909800001025,0A
020909800001026,0A
020909800001027,0A
020909800001028,0A
020909800001029,0A
020909800001031,0A
020909800001032,0A
020909800001033,0A
020909800001034,0A
020909800001035,0A
020909800001046,0A
020909800001047,0A
020909800001048,0A
020909800001049,0A
020909800001050,0A
020909800001051,0A
020909800001052,0A
020909800001053,0A
020909800001054,0A
020909800001055,0A
020909800001056,0A
020909800001057,0A
020909800001058,0A
020909800001059,0A
020909800001060,0A
020909800001062,0A
020909800001063,0A
020909800001064,0A
020909800001065,0A
020909800001066,0A
020909800001067,0A
020909800001068,0A
020909800001069,0A
020909800001070,0A
020909800001071,0A
020909800001072,0A
020909800001073,0A
020909800001074,0A
020909800001075,0A
020909800001076,0A
020909800001078,0A
020909800001079,0A
020909800001080,0A
020909800001081,0A
020909800001082,0A
020909800001083,0A
020909800001084,0A
020909800001085,0A
020909800001086,0A
020909800001087,0A
020909800001088,0A
020909800001089,0A
020909800001090,0A
020909800001091,0A
020909800001092,0A
020909800001093,0A
020909800001094,0A
020909800001095,0A
020909800001096,0A
020909800001099,0A
020909800001100,0A
020909800001101,0A
020909800001102,0A
020909800001103,0A
020909800001104,0A
020909800001105,0A
020909800001106,0A
020909800001107,0A
020909800001108,0A
020909800001109,0A
020909800001110,0A
020909800001111,0A
020909800001112,0A
020909800001113,0A
020909800001114,0A
020909800001115,0A
020909800001116,0A
020909800001117,0A
020909800001118,0A
020909800001119,0A
020909800001120,0A
020909800001121,0A
020909800001122,0A
020909800001123,0A
020909800001124,0A
020909800001125,0A
020909800001126,0A
020909800001127,0A
020909800001128,0A
020909800001132,0A
020909800001136,0A
020909800001137,0A
020909800001138,0A
020909800001139,0A
020909800001141,0A
020909800001142,0A
020909800001184,0A
020909800001185,0A
020909800001187,0A
020909800001188,0A
020909800001189,0A
020909800001190,0A
020909800001191,0A
020909800001192,0A
020909800001193,0A
020909800001194,0A
020909800001195,0A
020909800001196,0A
020909800001197,0A
020909800001198,0A
020909800001199,0A
020909800001200,0A
020900012001000,0B
020900012001001,0B
020900012001002,0B
020900012001003,0B
020900012001004,0B
020900012001005,0B
020900012001006,0B
020900012001007,0B
020900012001008,0B
020900012001009,0B
020900012001011,0B
020900012001012,0B
020900012001013,0B
020900012001014,0B
020900012001015,0B
020900012001016,0B
020900012001017,0B
020900012001018,0B
020900012001019,0B
020900012001020,0B
020900012001024,0B
020900012001025,0B
020900012001026,0B
020900012001027,0B
020900012001028,0B
020900012001029,0B
020900012001030,0B
020900012001031,0B
020900012001032,0B
020900012001033,0B
020900012001034,0B
020900012001035,0B
020900012001036,0B
020900012001037,0B
020900012001038,0B
020900012001039,0B
020900012001040,0B
020900012001041,0B
020900012001044,0B
020900012001048,0B
020900012001049,0B
020900012001050,0B
020900012001051,0B
020900012001052,0B
020900012001053,0B
020900012001054,0B
020900012001055,0B
020900012001056,0B
020900012001057,0B
020900012001058,0B
020900012001059,0B
020900012001060,0B
020900012001061,0B
020900012001062,0B
020900012001063,0B
020900012001067,0B
020900012002002,0B
020900012002028,0B
020900019022011,0B
020900019022012,0B
020900019022013,0B
020900019022014,0B
020900019022015,0B
020900019022016,0B
020900019022017,0B
020900019022019,0B
020900019022020,0B
020900019022021,0B
020900019022022,0B
020900019022023,0B
020900019022024,0B
020900019022036,0B
020900012001010,0B
020900012001021,0B
020900012001022,0B
020900012001023,0B
020900012002000,0B
020900012002001,0B
020900012002003,0B
020900012002004,0B
020900012002005,0B
020900012002006,0B
020900012002007,0B
020900012002008,0B
020900012002009,0B
020900012002010,0B
020900012002011,0B
020900012002012,0B
020900012002013,0B
020900012002014,0B
020900012002015,0B
020900012002016,0B
020900012002017,0B
020900012002018,0B
020900012002019,0B
020900012002020,0B
020900012002021,0B
020900012002022,0B
020900012002023,0B
020900012002024,0B
020900012002025,0B
020900012002026,0B
020900012002027,0B
020900012002029,0B
020900012003000,0B
020900012003001,0B
020900012003002,0B
020900012003003,0B
020900012003004,0B
020900012003005,0B
020900012003006,0B
020900012003007,0B
020900012003008,0B
020900012003009,0B
020900012003010,0B
020900012003011,0B
020900012003012,0B
020900012003013,0B
020900012003014,0B
020900012003015,0B
020900012003016,0B
020900012003017,0B
020900012003018,0B
020900012003019,0B
020900012003020,0B
020900012003021,0B
020900012003022,0B
020900012003023,0B
020900012003024,0B
020900013003000,0B
020900013003001,0B
020900013003002,0B
020900013003003,0B
020900013003004,0B
020900013003005,0B
020900013003006,0B
020900013003007,0B
020900013003008,0B
020900013003009,0B
020900013003010,0B
020900013003023,0B
020900013003024,0B
020900013003025,0B
020900013003026,0B
020900013003027,0B
020900013003028,0B
020900013003029,0B
020900013003052,0B
020900013003053,0B
020900013004000,0B
020900013004001,0B
020900013004002,0B
020900013004003,0B
020900013004004,0B
020900013004005,0B
020900013004006,0B
020900013004007,0B
020900013004008,0B
020900013004009,0B
020900013004010,0B
020900013004011,0B
020900013004012,0B
020900013004013,0B
020900013004014,0B
020900019011007,0B
020900019011032,0B
020900019011033,0B
020900019011034,0B
020900019011035,0B
020900019023037,0B
020900019023051,0B
020900019023052,0B
020900019023081,0B
020900019023082,0B
020900019023091,0B
020900019023092,0B
020900019023093,0B
020900019023094,0B
020900019023095,0B
020900019023096,0B
020900019023097,0B
020900019023100,0B
020900019023101,0B
020900019023102,0B
020900019023103,0B
020900019023104,0B
020900019023105,0B
020900019023106,0B
020900019023107,0B
020900019023108,0B
020900019023109,0B
020900019023110,0B
020900019023111,0B
020900019023118,0B
020900019023119,0B
020900019023120,0B
020900019023121,0B
020900019023122,0B
020900012001042,0B
020900012001043,0B
020900012001069,0B
020900012001070,0B
020900012001071,0B
020900012001072,0B
020900012001073,0B
020900012001076,0B
020900012001077,0B
020900012001078,0B
020900014011000,0B
020900014011001,0B
020900014011002,0B
020900014011003,0B
020900014011004,0B
020900014011005,0B
020900014011006,0B
020900014011007,0B
020900014011008,0B
020900014011009,0B
020900014011010,0B
020900014011011,0B
020900014011012,0B
020900014011013,0B
020900014011014,0B
020900014011015,0B
020900014011016,0B
020900014011017,0B
020900014011018,0B
020900014011019,0B
020900014011020,0B
020900014011025,0B
020900014011026,0B
020900014011027,0B
020900014011028,0B
020900014011029,0B
020900014011030,0B
020900014011031,0B
020900014011032,0B
020900014011033,0B
020900014011034,0B
020900014012000,0B
020900014012001,0B
020900014012002,0B
020900014012003,0B
020900014012004,0B
020900014012005,0B
020900014012006,0B
020900014012007,0B
020900014012015,0B
020900014012017,0B
020900014021001,0B
020900014021002,0B
020900014021003,0B
020900014021004,0B
020900014021009,0B
020900014021010,0B
020900014021011,0B
020900014021012,0B
020900014021013,0B
020900014021014,0B
020900014021015,0B
020900014021016,0B
020900014021017,0B
020900014021018,0B
020900014021019,0B
020900014021020,0B
020900014021021,0B
020900014021022,0B
020900014021023,0B
020900014021024,0B
020900014021025,0B
020900014022000,0B
020900014022001,0B
020900014022002,0B
020900014022009,0B
020900014022022,0B
020900014022047,0B
020900014022048,0B
020900015011006,0B
020900015011007,0B
020900015011008,0B
020900015011009,0B
020900015011029,0B
020900019021056,0B
020900019021071,0B
020900019021072,0B
020900019022027,0B
020900019022028,0B
020900019022029,0B
020900019022030,0B
020900019022031,0B
020900019022032,0B
020900019022033,0B
020900019022034,0B
020900019022035,0B
020900019022047,0B
020900019022048,0B
020900019022049,0B
020900019022050,0B
020900019022051,0B
020900019022052,0B
020900012001074,0A
020900012001075,0A
020900012001079,0A
020900012001080,0A
020900012001081,0A
020900012001082,0A
020900012001083,0A
020900012001084,0A
020900012001085,0A
020900012001086,0A
020900014011021,0A
020900014011022,0A
020900014011023,0A
020900014011024,0A
020900014012008,0A
020900014012009,0A
020900014012010,0A
020900014012011,0A
020900014012012,0A
020900014012013,0A
020900014012014,0A
020900014012016,0A
020900014012018,0A
020900014012019,0A
020900014021005,0A
020900014021006,0A
020900014021007,0A
020900014021008,0A
020900014022010,0A
020900014022011,0A
020900014022012,0A
020900014022013,0A
020900014022014,0A
020900014022015,0A
020900014022016,0A
020900014022017,0A
020900014022018,0A
020900014022019,0A
020900014022020,0A
020900014022021,0A
020900014022023,0A
020900014022024,0A
020900014022025,0A
020900014022026,0A
020900014022027,0A
020900014022028,0A
020900014022029,0A
020900014022030,0A
020900014022031,0A
020900014022032,0A
020900014022036,0A
020900014022037,0A
020900014023000,0A
020900014023001,0A
020900014023002,0A
020900014023003,0A
020900014023004,0A
020900014023005,0A
020900014023006,0A
020900014023007,0A
020900014023008,0A
020900014023009,0A
020900014023010,0A
020900014023011,0A
020900014023012,0A
020900014023013,0A
020900014023014,0A
020900014023015,0A
020900014023016,0A
020900014023017,0A
020900014023018,0A
020900014023019,0A
020900014023020,0A
020900014023021,0A
020900014023022,0A
020900014023023,0A
020900014023024,0A
020900014023025,0A
020900014023026,0A
020900014023027,0A
020900014023028,0A
020900014023029,0A
020900014023030,0A
020900014023031,0A
020900014023032,0A
020900014023033,0A
020900014023034,0A
020900014023035,0A
020900014023036,0A
020900014023037,0A
020900014023038,0A
020900014023039,0A
020900014023040,0A
020900014023041,0A
020900014023042,0A
020900014023043,0A
020900014023044,0A
020900014023045,0A
020900014023046,0A
020900014023047,0A
020909800001030,0A
020909800001097,0A
020909800001098,0A
020909800001129,0A
020909800001130,0A
020909800001131,0A
020909800001133,0A
020909800001134,0A
020909800001135,0A
020909800001140,0A
020909800001143,0A
020900013002005,0C
020900013002006,0C
020900013002011,0C
020900013002012,0C
020900013002013,0C
020900013002014,0C
020900013002015,0C
020900013002019,0C
020900013002020,0C
020900013002021,0C
020900013002022,0C
020900013002023,0C
020900013002024,0C
020900013002025,0C
020900013005008,0B
020900013005009,0B
020900013005010,0B
020900013005011,0B
020900019011030,0B
020900019012039,0B
020900019012040,0B
020900019012072,0B
020900019013000,0B
020900019013001,0B
020900019013002,0B
020900019013003,0B
020900019013029,0B
020900019013032,0B
020900019013033,0B
020900019013037,0B
020900014021000,0B
020900014022005,0B
020900014022043,0B
020900014022044,0B
020900015011000,0B
020900015011001,0B
020900015011002,0B
020900015011003,0B
020900015011004,0B
020900015011005,0B
020900015011010,0B
020900015011011,0B
020900015011012,0B
020900015011013,0B
020900015011014,0B
020900015011015,0B
020900015011016,0B
020900015011017,0B
020900015011018,0B
020900015011019,0B
020900015011020,0B
020900015011021,0B
020900015011022,0B
020900015011023,0B
020900015011024,0B
020900015011025,0B
020900015011026,0B
020900015011027,0B
020900015011028,0B
020900015011030,0B
020900015011031,0B
020900015011032,0B
020900015011033,0B
020900015021002,0B
020900015021003,0B
020900015021004,0B
020900015021005,0B
020900015021006,0B
020900015021007,0B
020900015021008,0B
020900015021009,0B
020900015021010,0B
020900015021011,0B
020900015021012,0B
020900015021013,0B
020900015021014,0B
020900015021015,0B
020900015021016,0B
020900015021017,0B
020900015021018,0B
020900015021019,0B
020900015021020,0B
020900015021021,0B
020900015021022,0B
020900015021023,0B
020900015021024,0B
020900015021025,0B
020900015021026,0B
020900015021027,0B
020900015021028,0B
020900015021029,0B
020900015021030,0B
020900015021032,0B
020900015021033,0B
020900016001000,0B
020900016001001,0B
020900016001002,0B
020900016001003,0B
020900016001004,0B
020900016001005,0B
020900016001007,0B
020900016001008,0B
020900016001009,0B
020900016001010,0B
020900016001011,0B
020900016001012,0B
020900016001013,0B
020900016001014,0B
020900016001015,0B
020900016001016,0B
020900016001017,0B
020900016001018,0B
020900016001019,0B
020900016001020,0B
020900019021073,0B
020900014022003,0C
020900014022004,0C
020900014022006,0C
020900014022007,0C
020900014022008,0C
020900014022033,0C
020900014022034,0C
020900014022035,0C
020900014022038,0C
020900014022039,0C
020900014022040,0C
020900014022041,0C
020900014022045,0C
020900014022046,0C
020900016001006,0C
020900016002004,0C
020900016002005,0C
020900016002007,0C
020900016002008,0C
020900016002009,0C
020900016002010,0C
020900016002011,0C
020900016002012,0C
020900016002013,0C
020900016002014,0C
020900016002015,0C
020900015012000,0C
020900019021001,0C
020900019021059,0C
020900019021064,0C
020900019021075,0C
020909801001000,0C
020909801001004,0C
020909801001006,0C
020909801001007,0C
020909801001009,0C
020909801001010,0C
020909801001011,0C
020909801001012,0C
020909801001013,0C
020909801001014,0C
020909801001015,0C
020909801001016,0C
020909801001017,0C
020909801001018,0C
020909801001019,0C
020909801001020,0C
020909801001021,0C
020909801001022,0C
020909801001023,0C
020909801001024,0C
020909801001025,0C
020909801001026,0C
020909801001027,0C
020909801001028,0C
020909801001029,0C
020909801001030,0C
020909801001031,0C
020909801001032,0C
020909801001033,0C
020909801001034,0C
020909801001035,0C
020909801001036,0C
020909801001037,0C
020909801001038,0C
020909801001039,0C
020909801001040,0C
020909801001041,0C
020909801001042,0C
020909801001043,0C
020909801001044,0C
020909801001045,0C
020909801001046,0C
020909801001047,0C
020909801001048,0C
020909801001049,0C
020909801001050,0C
020909801001051,0C
020909801001052,0C
020909801001053,0C
020909801001054,0C
020909801001055,0C
020909801001056,0C
020909801001057,0C
020909801001058,0C
020909801001059,0C
020909801001060,0C
020909801001061,0C
020909801001062,0C
020909801001063,0C
020909801001064,0C
020909801001067,0C
020909801001068,0C
020909801001069,0C
020909801001070,0C
020909801001071,0C
020909801001073,0C
020909801001074,0C
020909801001077,0C
020909801001078,0C
020909801001079,0C
020909801001080,0C
020909801001081,0C
020909801001082,0C
020909801001083,0C
020909801001084,0C
020909801001085,0C
020909801001086,0C
020909801001087,0C
020909801001088,0C
020909801001089,0C
020909801001102,0C
020909801001103,0C
020909801001104,0C
020909801001105,0C
020909801001106,0C
020909801001107,0C
020909801001108,0C
020909801001109,0C
020909801001110,0C
020909801001111,0C
020909801001112,0C
020909801001113,0C
020909801001114,0C
020909801001115,0C
020909801001116,0C
020909801001117,0C
020909801001118,0C
020909801001119,0C
020909801001120,0C
020909801001121,0C
020909801001122,0C
020909801001125,0C
020909801001126,0C
020909801001127,0C
020900015012001,0C
020900015012002,0C
020900015012028,0C
020900015012029,0C
020900015012030,0C
020900015012031,0C
020900015012043,0C
020900015012044,0C
020900015012045,0C
020900015012049,0C
020900015012050,0C
020900015012051,0C
020900015012052,0C
020900015013000,0C
020900015013001,0C
020900015013002,0C
020900015013003,0C
020900015013004,0C
020900015013005,0C
020900015013006,0C
020900015013007,0C
020900015013008,0C
020900015013009,0C
020900015013010,0C
020900015013011,0C
020900015013012,0C
020900015013013,0C
020900015013014,0C
020900015013015,0C
020900015013016,0C
020900015013017,0C
020900015013018,0C
020900015013019,0C
020900015013020,0C
020900015013021,0C
020900015013022,0C
020900015013023,0C
020900015013024,0C
020900015013025,0C
020900015013026,0C
020900015013027,0C
020900015013028,0C
020900015013029,0C
020900015013030,0C
020900017001029,0C
020900017001031,0C
020900017001032,0C
020900017001033,0C
020900017001038,0C
020900017001039,0C
020900017001040,0C
020900017001042,0C
020900017001043,0C
020900017001044,0C
020900017001045,0C
020900017001046,0C
020900017001047,0C
020900017001048,0C
020900017001049,0C
020900017001050,0C
020900017001051,0C
020900017001052,0C
020900017001053,0C
020900017001054,0C
020900017001055,0C
020900017001056,0C
020900017001120,0C
020900017001121,0C
020909801001072,0C
020909801001075,0C
020909801001076,0C
020909801001093,0C
020909801001094,0C
020909801001095,0C
020909801001096,0C
020909801001099,0C
020909801001100,0C
020909801001101,0C
020909801001123,0C
020909801001124,0C
020909801001128,0C
020909801001129,0C
020900015012003,0B
020900015012004,0B
020900015012005,0B
020900015012006,0B
020900015012007,0B
020900015012008,0B
020900015012009,0B
020900015012010,0B
020900015012011,0B
020900015012012,0B
020900015012013,0B
020900015012014,0B
020900015012015,0B
020900015012016,0B
020900015012017,0B
020900015012018,0B
020900015012019,0B
020900015012020,0B
020900015012021,0B
020900015012022,0B
020900015012023,0B
020900015012024,0B
020900015012025,0B
020900015012026,0B
020900015012027,0B
020900015012032,0B
020900015012033,0B
020900015012034,0B
020900015012035,0B
020900015012036,0B
020900015012037,0B
020900015012038,0B
020900015012039,0B
020900015012040,0B
020900015012041,0B
020900015012042,0B
020900015012046,0B
020900015012047,0B
020900015012048,0B
020900015012053,0B
020900015012054,0B
020900015021000,0B
020900015021001,0B
020900015021031,0B
020900015023033,0B
020900015023049,0B
020900015023050,0B
020900015023051,0B
020900015023052,0B
020900015023053,0B
020900015023054,0B
020900015023055,0B
020900015023056,0B
020900015023057,0B
020900015023058,0B
020900015023059,0B
020900015023060,0B
020900015023061,0B
020900015023062,0B
020900015023063,0B
020900015023064,0B
020900015023065,0B
020900015023066,0B
020900015023067,0B
020900016002051,0B
020900016004000,0B
020900016004001,0B
020900016004002,0B
020900016004003,0B
020900016004009,0B
020900016004015,0B
020900016004016,0B
020900016004017,0B
020900016004018,0B
020900016004019,0B
020900016004020,0B
020900016004021,0B
020900016004022,0B
020900016004023,0B
020900016004024,0B
020900016004025,0B
020900016004026,0B
020900016004027,0B
020900016004028,0B
020900016004029,0B
020900016004030,0B
020900016004031,0B
020900016004032,0B
020900016004033,0B
020900016004034,0B
020900016004035,0B
020900016004036,0B
020900016004037,0B
020900016004038,0B
020900016004039,0B
020900016004040,0B
020900016004041,0B
020900016004042,0B
020900017001034,0B
020900017001035,0B
020900017001036,0B
020900017001037,0B
020900017001041,0B
020909800001155,0B
020909800001156,0B
020909800001157,0B
020909800001158,0B
020909800001186,0B
020900015022000,0B
020900015022001,0B
020900015022002,0B
020900015022003,0B
020900015022004,0B
020900015022005,0B
020900015022006,0B
020900015022007,0B
020900015022008,0B
020900015022009,0B
020900015022010,0B
020900015022011,0B
020900015022012,0B
020900015022013,0B
020900015022014,0B
020900015022015,0B
020900015022016,0B
020900015022017,0B
020900015022018,0B
020900015022019,0B
020900015022020,0B
020900015022021,0B
020900015022022,0B
020900015022023,0B
020900015022024,0B
020900015022025,0B
020900015022026,0B
020900015022027,0B
020900015022030,0B
020900015022031,0B
020900015022032,0B
020900015022033,0B
020900015022034,0B
020900015023000,0B
020900015023001,0B
020900015023002,0B
020900015023003,0B
020900015023004,0B
020900015023005,0B
020900015023006,0B
020900015023007,0B
020900015023008,0B
020900015023009,0B
020900015023010,0B
020900015023011,0B
020900015023012,0B
020900015023013,0B
020900015023014,0B
020900015023015,0B
020900015023016,0B
020900015023017,0B
020900015023018,0B
020900015023019,0B
020900015023020,0B
020900015023021,0B
020900015023022,0B
020900015023023,0B
020900015023024,0B
020900015023025,0B
020900015023026,0B
020900015023027,0B
020900015023028,0B
020900015023029,0B
020900015023030,0B
020900015023031,0B
020900015023032,0B
020900015023034,0B
020900015023035,0B
020900015023036,0B
020900015023037,0B
020900015023038,0B
020900015023039,0B
020900015023040,0B
020900015023041,0B
020900015023042,0B
020900015023043,0B
020900015023044,0B
020900015023045,0B
020900015023046,0B
020900015023047,0B
020900015023048,0B
020900016003000,0B
020900016003001,0B
020900016003002,0B
020900016003003,0B
020900016003007,0B
020900016003008,0B
020900016003009,0B
020900016003010,0B
020900016003011,0B
020900016003012,0B
020900016003013,0B
020900016003014,0B
020900016003015,0B
020900016003016,0B
020900016003017,0B
020900016003043,0B
020900016003044,0B
020900016004004,0B
020900016004005,0B
020900016004006,0B
020900016004007,0B
020900016004008,0B
020900016004010,0B
020900016004011,0B
020900016004012,0B
020900016004013,0B
020900016004014,0B
020900015022028,0B
020900015022029,0B
020900016001021,0B
020900016001022,0B
020900016001023,0B
020900016001024,0B
020900016001025,0B
020900016001026,0B
020900016001027,0B
020900016001028,0B
020900016001029,0B
020900016001030,0B
020900016001031,0B
020900016002000,0B
020900016002001,0B
020900016002002,0B
020900016002003,0B
020900016002006,0B
020900016002016,0B
020900016002017,0B
020900016002018,0B
020900016002019,0B
020900016002020,0B
020900016002021,0B
020900016002022,0B
020900016002023,0B
020900016002024,0B
020900016002025,0B
020900016002026,0B
020900016002027,0B
020900016002028,0B
020900016002029,0B
020900016002030,0B
020900016002031,0B
020900016002032,0B
020900016002033,0B
020900016002034,0B
020900016002035,0B
020900016002036,0B
020900016002037,0B
020900016002038,0B
020900016002039,0B
020900016002040,0B
020900016002041,0B
020900016002042,0B
020900016002043,0B
020900016002044,0B
020900016002045,0B
020900016002046,0B
020900016002047,0B
020900016002048,0B
020900016002049,0B
020900016002050,0B
020900016003004,0B
020900016003005,0B
020900016003006,0B
020900016003018,0B
020900016003019,0B
020900016003020,0B
020900016003021,0B
020900016003022,0B
020900016003023,0B
020900016003024,0B
020900016003025,0B
020900016003026,0B
020900016003027,0B
020900016003028,0B
020900016003029,0B
020900016003030,0B
020900016003031,0B
020900016003032,0B
020900016003033,0B
020900016003034,0B
020900016003035,0B
020900016003036,0B
020900016003037,0B
020900016003038,0B
020900016003039,0B
020900016003040,0B
020900016003041,0B
020900016003042,0B
020900016003045,0B
020900016003046,0B
020900016003047,0B
020900016003048,0B
020900016003049,0B
020900016003050,0B
020900016003051,0B
020900016003052,0B
020900016003053,0B
020900016003054,0B
020900016003055,0B
020900016003056,0B
020900016003057,0B
020900016003058,0B
020900016003059,0B
020900016003060,0B
020900016003061,0B
020900016003062,0B
020900016003063,0B
020900017001000,0C
020900017001001,0C
020900017001002,0C
020900017001003,0C
020900017001004,0C
020900017001005,0C
020900017001006,0C
020900017001007,0C
020900017001008,0C
020900017001009,0C
020900017001010,0C
020900017001011,0C
020900017001012,0C
020900017001013,0C
020900017001014,0C
020900017001015,0C
020900017001016,0C
020900017001017,0C
020900017001018,0C
020900017001019,0C
020900017001020,0C
020900017001021,0C
020900017001022,0C
020900017001023,0C
020900017001024,0C
020900017001026,0C
020900017001027,0C
020900017001028,0C
020900017001057,0C
020900017001058,0C
020900017001059,0C
020900017001060,0C
020900017001061,0C
020900017001062,0C
020900017001063,0C
020900017001064,0C
020900017001065,0C
020900017001066,0C
020900017001067,0C
020900017001069,0C
020900017001070,0C
020900017001071,0C
020900017001072,0C
020900017001073,0C
020900017001074,0C
020900017001075,0C
020900017001076,0C
020900017001077,0C
020900017001078,0C
020900017001079,0C
020900017001080,0C
020900017001081,0C
020900017001082,0C
020900017001083,0C
020900017001084,0C
020900017001085,0C
020900017001086,0C
020900017001087,0C
020900017001088,0C
020900017001089,0C
020900017001090,0C
020900017001091,0C
020900017001092,0C
020900017001093,0C
020900017001094,0C
020900017001095,0C
020900017001096,0C
020900017001097,0C
020900017001098,0C
020900017001099,0C
020900017001100,0C
020900017001101,0C
020900017001102,0C
020900017001103,0C
020900017001104,0C
020900017001105,0C
020900017001106,0C
020900017001107,0C
020900017001108,0C
020900017001109,0C
020900017001110,0C
020900017001111,0C
020900017001112,0C
020900017001113,0C
020900017001114,0C
020900017001115,0C
020900017001116,0C
020900017001117,0C
020900017001118,0C
020900017001119,0C
020900019021000,0C
020900019021002,0C
020900019021010,0C
020900019021011,0C
020900019021012,0C
020900019021013,0C
020900019021014,0C
020900019021015,0C
020900019021018,0C
020900019021019,0C
020900019021021,0C
020900019021035,0C
020900019021036,0C
020909801001001,0C
020909801001002,0C
020909801001003,0C
020909801001005,0C
020909801001008,0C
020909801001065,0C
020909801001066,0C
020909801001090,0C
020909801001091,0C
020909801001092,0C
020909801001097,0C
020909801001098,0C
020900019011000,0B
020900019011001,0B
020900019011002,0B
020900019011003,0B
020900019011004,0B
020900019011005,0B
020900019011006,0B
020900019011008,0B
020900019011009,0B
020900019011010,0B
020900019011011,0B
020900019011012,0B
020900019011013,0B
020900019011014,0B
020900019011015,0B
020900019011016,0B
020900019011018,0B
020900019011019,0B
020900019011020,0B
020900019011021,0B
020900019011022,0B
020900019011023,0B
020900019011024,0B
020900019011036,0B
020900019012008,0B
020900019012009,0B
020900019012010,0B
020900019012081,0B
020900019011017,0B
020900019011025,0B
020900019011026,0B
020900019011027,0B
020900019011028,0B
020900019011029,0B
020900019012000,0B
020900019012001,0B
020900019012002,0B
020900019012003,0B
020900019012004,0B
020900019012005,0B
020900019012006,0B
020900019012007,0B
020900019012011,0B
020900019012012,0B
020900019012013,0B
020900019012014,0B
020900019012015,0B
020900019012016,0B
020900019012017,0B
020900019012018,0B
020900019012019,0B
020900019012020,0B
020900019012021,0B
020900019012022,0B
020900019012023,0B
020900019012024,0B
020900019012025,0B
020900019012026,0B
020900019012027,0B
020900019012028,0B
020900019012029,0B
020900019012030,0B
020900019012031,0B
020900019012032,0B
020900019012033,0B
020900019012034,0B
020900019012035,0B
020900019012036,0B
020900019012037,0B
020900019012041,0B
020900019012049,0B
020900019012050,0B
020900019012078,0B
020900019012079,0B
020900019023053,0B
020900019023064,0B
020900019023065,0B
020900019012038,0B
020900019012042,0B
020900019012043,0B
020900019012044,0B
020900019012046,0B
020900019012047,0B
020900019012048,0B
020900019012059,0B
020900019012060,0B
020900019012061,0B
020900019012062,0B
020900019012063,0B
020900019012064,0B
020900019012065,0B
020900019012066,0B
020900019012069,0B
020900019012075,0B
020900019012076,0B
020900019012080,0B
020900019013004,0B
020900019013005,0B
020900019013006,0B
020900019013007,0B
020900019013008,0B
020900019013009,0B
020900019013010,0B
020900019013011,0B
020900019013012,0B
020900019013013,0B
020900019013014,0B
020900019013015,0B
020900019013016,0B
020900019013017,0B
020900019013018,0B
020900019013019,0B
020900019013020,0B
020900019013021,0B
020900019013022,0B
020900019013023,0B
020900019013024,0B
020900019013025,0B
020900019013026,0B
020900019013027,0B
020900019013028,0B
020900019013034,0B
020900019013036,0B
020900019021003,0C
020900019021004,0C
020900019021005,0C
020900019021006,0C
020900019021007,0C
020900019021008,0C
020900019021009,0C
020900019021016,0C
020900019021017,0C
020900019021020,0C
020900019021022,0C
020900019021023,0C
020900019021024,0C
020900019021025,0C
020900019021026,0C
020900019021027,0C
020900019021028,0C
020900019021029,0C
020900019021030,0C
020900019021031,0C
020900019021032,0C
020900019021033,0C
020900019021034,0C
020900019021037,0C
020900019021038,0C
020900019021039,0C
020900019021040,0C
020900019021041,0C
020900019021042,0C
020900019021043,0C
020900019021044,0C
020900019021045,0C
020900019021046,0C
020900019021047,0C
020900019021048,0C
020900019021049,0C
020900019021050,0C
020900019021051,0C
020900019021052,0C
020900019021053,0C
020900019021054,0C
020900019021058,0C
020900019021060,0C
020900019021061,0C
020900019021063,0C
020900019021065,0C
020900019021066,0C
020900019021069,0C
020900019021074,0C
020900019021077,0C
020900019021078,0C
020900019021081,0C
020900019021082,0C
020900019021083,0C
020900019021096,0C
020900019021097,0C
020900019021098,0C
020900019021099,0C
020900019021100,0C
020900019023028,0C
020900019023029,0C
020900019023030,0C
020900019021055,0C
020900019021057,0C
020900019021062,0C
020900019021067,0C
020900019021068,0C
020900019021070,0C
020900019021084,0C
020900019021085,0C
020900019021086,0C
020900019021095,0C
020900019022002,0C
020900019022004,0C
020900019022005,0C
020900019022006,0C
020900019022007,0C
020900019022008,0C
020900019022009,0C
020900019022010,0C
020900019022025,0C
020900019022026,0C
020900019022037,0C
020900019022038,0C
020900019022039,0C
020900019022040,0C
020900019022041,0C
020900019022042,0C
020900019022043,0C
020900019022044,0C
020900019022045,0C
020900019022053,0C
020900019022054,0C
020900019021076,0C
020900019021079,0C
020900019021080,0C
020900019021087,0C
020900019021088,0C
020900019021089,0C
020900019021090,0C
020900019021091,0C
020900019021092,0C
020900019021093,0C
020900019021094,0C
020900019022000,0C
020900019022001,0C
020900019022003,0C
020900019022018,0C
020900019022046,0C
020900019023000,0C
020900019023001,0C
020900019023002,0C
020900019023003,0C
020900019023004,0C
020900019023005,0C
020900019023006,0C
020900019023007,0C
020900019023008,0C
020900019023009,0C
020900019023010,0C
020900019023011,0C
020900019023012,0C
020900019023013,0C
020900019023014,0C
020900019023015,0C
020900019023016,0C
020900019023017,0C
020900019023018,0C
020900019023019,0C
020900019023020,0C
020900019023021,0C
020900019023022,0C
020900019023023,0C
020900019023024,0C
020900019023025,0C
020900019023026,0C
020900019023027,0C
020900019023031,0C
020900019023032,0C
020900019023033,0C
020900019023034,0C
020900019023035,0C
020900019023036,0C
020900019023038,0C
020900019023039,0C
020900019023040,0C
020900019023041,0C
020900019023042,0C
020900019023043,0C
020900019023044,0C
020900019023045,0C
020900019023046,0C
020900019023047,0C
020900019023048,0C
020900019023049,0C
020900019023050,0C
020900019023054,0C
020900019023055,0C
020900019023056,0C
020900019023057,0C
020900019023058,0C
020900019023059,0C
020900019023060,0C
020900019023061,0C
020900019023062,0C
020900019023063,0C
020900019023066,0C
020900019023067,0C
020900019023068,0C
020900019023069,0C
020900019023070,0C
020900019023071,0C
020900019023072,0C
020900019023073,0C
020900019023074,0C
020900019023075,0C
020900019023076,0C
020900019023077,0C
020900019023078,0C
020900019023079,0C
020900019023080,0C
020900019023083,0C
020900019023084,0C
020900019023085,0C
020900019023086,0C
020900019023087,0C
020900019023088,0C
020900019023089,0C
020900019023090,0C
020900019023098,0C
020900019023099,0C
020900019023112,0C
020900019023113,0C
020900019023114,0C
020900019023115,0C
020900019023116,0C
020900019023117,0C
021000001001000,0Q
021000001001001,0Q
021000001001002,0Q
021000001001003,0Q
021000001001005,0Q
021000001001006,0Q
021000001001020,0Q
021000001001021,0Q
021000001001022,0Q
021000001001045,0Q
021000001001046,0Q
021000001001047,0Q
021000001001048,0Q
021000001001049,0Q
021000001001050,0Q
021000001001051,0Q
021000001001052,0Q
021000001001053,0Q
021000001001054,0Q
021000001001055,0Q
021000001001056,0Q
021000001001057,0Q
021000001001058,0Q
021000001001059,0Q
021000001001060,0Q
021000001001061,0Q
021000001001062,0Q
021000001001063,0Q
021000001001064,0Q
021000001001065,0Q
021000001001066,0Q
021000001001067,0Q
021000001001068,0Q
021000001001069,0Q
021000001001070,0Q
021000001001071,0Q
021000001001072,0Q
021000001001073,0Q
021000001001074,0Q
021000001001075,0Q
021000001001076,0Q
021000001001077,0Q
021000001001078,0Q
021000001001079,0Q
021000001001080,0Q
021000001001081,0Q
021000001001082,0Q
021000001001083,0Q
021000001001084,0Q
021000001001085,0Q
021000001001086,0Q
021000001001087,0Q
021000001001088,0Q
021000001001089,0Q
021000001001090,0Q
021000001001091,0Q
021000001001092,0Q
021000001001093,0Q
021000001001094,0Q
021000001001095,0Q
021000001001096,0Q
021000001001097,0Q
021000001001098,0Q
021000001001099,0Q
021000001001100,0Q
021000001001101,0Q
021000001001102,0Q
021000001001103,0Q
021000001001104,0Q
021000001001105,0Q
021000001001106,0Q
021000001001107,0Q
021000001001108,0Q
021000001001109,0Q
021000001001110,0Q
021000001001111,0Q
021000001001112,0Q
021000001001113,0Q
021000001001114,0Q
021000001001115,0Q
021000001001116,0Q
021000001001117,0Q
021000001001118,0Q
021000001001119,0Q
021000001001120,0Q
021000001001121,0Q
021000001001122,0Q
021000001001123,0Q
021000001001124,0Q
021000001001125,0Q
021000001001126,0Q
021000001001127,0Q
021000001001128,0Q
021000001001129,0Q
021000001001130,0Q
021000001001131,0Q
021000001001132,0Q
021000001001133,0Q
021000001001137,0Q
021000001002000,0Q
021000001002001,0Q
021000001002002,0Q
021000001002003,0Q
021000001002004,0Q
021000001002005,0Q
021000001002006,0Q
021000001002007,0Q
021000001002008,0Q
021000001002009,0Q
021000001002010,0Q
021000001002011,0Q
021000001002012,0Q
021000001002013,0Q
021000001002014,0Q
021000001002015,0Q
021000001002016,0Q
021000001002017,0Q
021000001002018,0Q
021000001002019,0Q
021000001002020,0Q
021000001002021,0Q
021000001002022,0Q
021000001002023,0Q
021000001002024,0Q
021000001002025,0Q
021000001002026,0Q
021000001002027,0Q
021000001002028,0Q
021000001002029,0Q
021000001002030,0Q
021000001002031,0Q
021000001002032,0Q
021000001003000,0Q
021000001003001,0Q
021000001003002,0Q
021000001003003,0Q
021000001003004,0Q
021000001003005,0Q
021000001003006,0Q
021000001003007,0Q
021000001003008,0Q
021000001003009,0Q
021000001003010,0Q
021000001003011,0Q
021000001003012,0Q
021000001003013,0Q
021000001003014,0Q
021000001003015,0Q
021000001003016,0Q
021000001003017,0Q
021000001003018,0Q
021000001003019,0Q
021000001003020,0Q
021000001003021,0Q
021000001003022,0Q
021000001003023,0Q
021000001003024,0Q
021000001003025,0Q
021000001003026,0Q
021000001003027,0Q
021000001003028,0Q
021000001003029,0Q
021000001003030,0Q
021000001003031,0Q
021000001003032,0Q
021000001003033,0Q
021000001003034,0Q
021000001003035,0Q
021000001003036,0Q
021000001003037,0Q
021000001003038,0Q
021000001003039,0Q
021000001003040,0Q
021000001003041,0Q
021000001001004,0Q
021000001001007,0Q
021000001001008,0Q
021000001001009,0Q
021000001001010,0Q
021000001001011,0Q
021000001001012,0Q
021000001001013,0Q
021000001001014,0Q
021000001001015,0Q
021000001001016,0Q
021000001001017,0Q
021000001001018,0Q
021000001001019,0Q
021000001001023,0Q
021000001001024,0Q
021000001001025,0Q
021000001001026,0Q
021000001001027,0Q
021000001001028,0Q
021000001001029,0Q
021000001001030,0Q
021000001001031,0Q
021000001001032,0Q
021000001001033,0Q
021000001001034,0Q
021000001001035,0Q
021000001001036,0Q
021000001001037,0Q
021000001001038,0Q
021000001001039,0Q
021000001001040,0Q
021000001001041,0Q
021000001001042,0Q
021000001001043,0Q
021000001001044,0Q
021000001001134,0Q
021000001001135,0Q
021000001001136,0Q
021050004001000,0R
021050004001049,0R
021050004001050,0R
021050004002043,0R
021050004002045,0R
021050004002047,0R
021050004002048,0R
021050004002049,0R
021050004002050,0R
021050004002051,0R
021050004002052,0R
021050004002053,0R
021050004002054,0R
021050004002163,0R
021050004002164,0R
021050004002165,0R
021050004002166,0R
021050004002167,0R
021050004002191,0R
021050004002192,0R
021050004002193,0R
021050004002194,0R
021050004002195,0R
021050004002196,0R
021050004002197,0R
021050004002198,0R
021050004002199,0R
021050004002200,0R
021050004002201,0R
021050004002202,0R
021050004002203,0R
021050004002204,0R
021050004002205,0R
021050004002206,0R
021050004002207,0R
021050004002208,0R
021050004002209,0R
021050004002210,0R
021050004002211,0R
021050004002212,0R
021050004002213,0R
021050004002214,0R
021050004002215,0R
021050004002216,0R
021050004002219,0R
021050004002220,0R
021050004003286,0R
021050004003287,0R
021050004003288,0R
021050004003289,0R
021050004003291,0R
021050004003292,0R
021050004003295,0R
021050004003300,0R
021050004003302,0R
021050004001001,0R
021050004001002,0R
021050004001003,0R
021050004001004,0R
021050004001005,0R
021050004001006,0R
021050004001007,0R
021050004001008,0R
021050004001009,0R
021050004001010,0R
021050004001011,0R
021050004001012,0R
021050004001013,0R
021050004001014,0R
021050004001015,0R
021050004001016,0R
021050004001017,0R
021050004001018,0R
021050004001019,0R
021050004001020,0R
021050004001021,0R
021050004001022,0R
021050004001023,0R
021050004001024,0R
021050004001025,0R
021050004001026,0R
021050004001027,0R
021050004001028,0R
021050004001029,0R
021050004001030,0R
021050004001031,0R
021050004001032,0R
021050004001033,0R
021050004001034,0R
021050004001035,0R
021050004001036,0R
021050004001037,0R
021050004001038,0R
021050004001039,0R
021050004001040,0R
021050004001041,0R
021050004001042,0R
021050004001043,0R
021050004001044,0R
021050004001045,0R
021050004001046,0R
021050004001047,0R
021050004001048,0R
021050004001051,0R
021050004001052,0R
021050004001053,0R
021050004001054,0R
021050004001055,0R
021050004001056,0R
021050004001057,0R
021050004001058,0R
021050004001059,0R
021050004001060,0R
021050004001061,0R
021050004001062,0R
021050004001063,0R
021050004001064,0R
021050004001065,0R
021050004001066,0R
021050004001067,0R
021050004001068,0R
021050004001069,0R
021050004001070,0R
021050004001071,0R
021050004001072,0R
021050004001073,0R
021050004001074,0R
021050004001075,0R
021050004001076,0R
021050004001077,0R
021050004001078,0R
021050004001079,0R
021050004003173,0R
021050004003174,0R
021050004003175,0R
021050004003176,0R
021050004003177,0R
021050004003178,0R
021050004003179,0R
021050004003180,0R
021050004003183,0R
021050004003190,0R
021050004003191,0R
021050004003198,0R
021050004003252,0R
021050004003283,0R
021050004003284,0R
021050004003290,0R
021050004003293,0R
021050004003294,0R
021050004003301,0R
021050004003303,0R
021050004003309,0R
021050004002000,0R
021050004002001,0R
021050004002002,0R
021050004002003,0R
021050004002004,0R
021050004002005,0R
021050004002006,0R
021050004002007,0R
021050004002008,0R
021050004002009,0R
021050004002010,0R
021050004002011,0R
021050004002012,0R
021050004002013,0R
021050004002014,0R
021050004002015,0R
021050004002016,0R
021050004002017,0R
021050004002018,0R
021050004002019,0R
021050004002020,0R
021050004002021,0R
021050004002022,0R
021050004002023,0R
021050004002024,0R
021050004002025,0R
021050004002026,0R
021050004002027,0R
021050004002028,0R
021050004002029,0R
021050004002030,0R
021050004002031,0R
021050004002032,0R
021050004002033,0R
021050004002034,0R
021050004002035,0R
021050004002036,0R
021050004002037,0R
021050004002038,0R
021050004002039,0R
021050004002040,0R
021050004002041,0R
021050004002042,0R
021050004002044,0R
021050004002046,0R
021050004002070,0R
021050004002071,0R
021050004002072,0R
021050004002073,0R
021050004002074,0R
021050004002075,0R
021050004002076,0R
021050004002077,0R
021050004002078,0R
021050004002079,0R
021050004002080,0R
021050004002081,0R
021050004002082,0R
021050004002083,0R
021050004002084,0R
021050004002085,0R
021050004002086,0R
021050004002087,0R
021050004002088,0R
021050004002089,0R
021050004002090,0R
021050004002091,0R
021050004002092,0R
021050004002093,0R
021050004002094,0R
021050004002095,0R
021050004002096,0R
021050004002097,0R
021050004002098,0R
021050004002099,0R
021050004002100,0R
021050004002101,0R
021050004002102,0R
021050004002103,0R
021050004002104,0R
021050004002105,0R
021050004002106,0R
021050004002107,0R
021050004002108,0R
021050004002109,0R
021050004002110,0R
021050004002111,0R
021050004002112,0R
021050004002113,0R
021050004002114,0R
021050004002115,0R
021050004002116,0R
021050004002117,0R
021050004002118,0R
021050004002119,0R
021050004002120,0R
021050004002121,0R
021050004002122,0R
021050004002123,0R
021050004002124,0R
021050004002125,0R
021050004002126,0R
021050004002127,0R
021050004002128,0R
021050004002129,0R
021050004002130,0R
021050004002131,0R
021050004002132,0R
021050004002133,0R
021050004002134,0R
021050004002135,0R
021050004002136,0R
021050004002137,0R
021050004002138,0R
021050004002139,0R
021050004002140,0R
021050004002141,0R
021050004002142,0R
021050004002143,0R
021050004002144,0R
021050004002145,0R
021050004002146,0R
021050004002147,0R
021050004002148,0R
021050004002149,0R
021050004002150,0R
021050004002151,0R
021050004002152,0R
021050004002153,0R
021050004002154,0R
021050004002155,0R
021050004002156,0R
021050004002157,0R
021050004002158,0R
021050004002159,0R
021050004002160,0R
021050004002161,0R
021050004002162,0R
021050004002168,0R
021050004002169,0R
021050004002170,0R
021050004002171,0R
021050004002172,0R
021050004002173,0R
021050004002174,0R
021050004002175,0R
021050004002176,0R
021050004002177,0R
021050004002178,0R
021050004002179,0R
021050004002180,0R
021050004002181,0R
021050004002182,0R
021050004002183,0R
021050004002184,0R
021050004002185,0R
021050004002186,0R
021050004002187,0R
021050004002188,0R
021050004002189,0R
021050004002190,0R
021050004002217,0R
021050004002218,0R
021050004002221,0R
021050004002222,0R
021050004002223,0R
021050004002224,0R
021050004002225,0R
021050004002226,0R
021050004002227,0R
021050004002228,0R
021050004002229,0R
021050004002230,0R
021050004002231,0R
021050004002232,0R
021050004002233,0R
021050004002234,0R
021050004002235,0R
021050004002236,0R
021050004002237,0R
021050004002238,0R
021050004002239,0R
021050004002240,0R
021050004002241,0R
021050004002242,0R
021050004002243,0R
021050004002244,0R
021050004002245,0R
021050004002246,0R
021050004002247,0R
021050004002248,0R
021050004002249,0R
021050004002055,0Q
021050004002056,0Q
021050004002057,0Q
021050004002058,0Q
021050004002059,0Q
021050004002060,0Q
021050004002061,0Q
021050004002062,0Q
021050004002063,0Q
021050004002064,0Q
021050004002065,0Q
021050004002066,0Q
021050004002067,0Q
021050004002068,0Q
021050004002069,0Q
021050004003000,0Q
021050004003001,0Q
021050004003002,0Q
021050004003003,0Q
021050004003004,0Q
021050004003005,0Q
021050004003006,0Q
021050004003007,0Q
021050004003008,0Q
021050004003009,0R
021050004003010,0R
021050004003011,0R
021050004003012,0R
021050004003013,0R
021050004003014,0R
021050004003015,0R
021050004003016,0R
021050004003181,0R
021050004003182,0R
021050004003184,0R
021050004003185,0R
021050004003186,0R
021050004003187,0R
021050004003188,0R
021050004003189,0R
021050004003192,0R
021050004003193,0R
021050004003194,0R
021050004003195,0R
021050004003196,0R
021050004003197,0R
021050004003199,0R
021050004003200,0R
021050004003201,0R
021050004003202,0R
021050004003203,0R
021050004003204,0R
021050004003205,0R
021050004003206,0R
021050004003207,0R
021050004003208,0R
021050004003209,0R
021050004003210,0R
021050004003211,0R
021050004003212,0R
021050004003213,0R
021050004003214,0R
021050004003215,0R
021050004003216,0R
021050004003217,0R
021050004003218,0R
021050004003219,0R
021050004003220,0R
021050004003221,0R
021050004003222,0R
021050004003223,0R
021050004003224,0R
021050004003225,0R
021050004003226,0R
021050004003227,0R
021050004003228,0R
021050004003229,0R
021050004003230,0R
021050004003231,0R
021050004003232,0R
021050004003233,0R
021050004003234,0R
021050004003235,0R
021050004003236,0R
021050004003237,0R
021050004003238,0R
021050004003239,0R
021050004003240,0R
021050004003241,0R
021050004003242,0R
021050004003244,0R
021050004003245,0R
021050004003246,0R
021050004003247,0R
021050004003248,0R
021050004003249,0R
021050004003250,0R
021050004003251,0R
021050004003253,0R
021050004003254,0R
021050004003255,0R
021050004003256,0R
021050004003257,0R
021050004003258,0R
021050004003260,0R
021050004003277,0R
021050004003278,0R
021050004003279,0R
021050004003280,0R
021050004003281,0R
021050004003282,0R
021050004003285,0R
021050004003307,0R
021050004003017,0Q
021050004003018,0Q
021050004003019,0Q
021050004003020,0Q
021050004003021,0Q
021050004003022,0Q
021050004003023,0Q
021050004003024,0Q
021050004003025,0Q
021050004003026,0Q
021050004003027,0Q
021050004003028,0Q
021050004003029,0Q
021050004003030,0Q
021050004003031,0Q
021050004003032,0Q
021050004003033,0Q
021050004003034,0Q
021050004003035,0Q
021050004003036,0Q
021050004003037,0Q
021050004003038,0Q
021050004003039,0Q
021050004003040,0Q
021050004003041,0Q
021050004003042,0Q
021050004003043,0Q
021050004003044,0Q
021050004003045,0Q
021050004003046,0Q
021050004003047,0Q
021050004003048,0Q
021050004003049,0Q
021050004003050,0Q
021050004003051,0Q
021050004003052,0Q
021050004003053,0Q
021050004003054,0Q
021050004003055,0Q
021050004003056,0Q
021050004003057,0Q
021050004003058,0Q
021050004003059,0Q
021050004003060,0Q
021050004003061,0Q
021050004003062,0Q
021050004003063,0Q
021050004003064,0Q
021050004003065,0Q
021050004003066,0Q
021050004003067,0Q
021050004003068,0Q
021050004003069,0Q
021050004003070,0Q
021050004003071,0Q
021050004003072,0Q
021050004003073,0Q
021050004003074,0Q
021050004003075,0Q
021050004003076,0Q
021050004003077,0Q
021050004003078,0Q
021050004003079,0Q
021050004003080,0Q
021050004003081,0Q
021050004003082,0Q
021050004003083,0Q
021050004003084,0Q
021050004003085,0Q
021050004003086,0Q
021050004003087,0Q
021050004003088,0Q
021050004003089,0Q
021050004003090,0Q
021050004003091,0Q
021050004003092,0Q
021050004003093,0Q
021050004003094,0Q
021050004003095,0Q
021050004003096,0Q
021050004003097,0Q
021050004003098,0Q
021050004003099,0Q
021050004003100,0Q
021050004003101,0Q
021050004003102,0Q
021050004003103,0Q
021050004003104,0Q
021050004003105,0Q
021050004003106,0Q
021050004003107,0Q
021050004003108,0Q
021050004003109,0Q
021050004003110,0Q
021050004003111,0Q
021050004003112,0Q
021050004003113,0Q
021050004003114,0Q
021050004003115,0Q
021050004003116,0Q
021050004003117,0Q
021050004003118,0Q
021050004003119,0Q
021050004003120,0Q
021050004003121,0Q
021050004003122,0Q
021050004003123,0Q
021050004003124,0Q
021050004003125,0Q
021050004003126,0Q
021050004003127,0Q
021050004003128,0Q
021050004003129,0Q
021050004003130,0Q
021050004003131,0Q
021050004003132,0Q
021050004003133,0Q
021050004003134,0Q
021050004003135,0Q
021050004003136,0Q
021050004003137,0Q
021050004003138,0Q
021050004003139,0Q
021050004003140,0Q
021050004003141,0Q
021050004003142,0Q
021050004003143,0Q
021050004003144,0Q
021050004003145,0Q
021050004003146,0Q
021050004003147,0Q
021050004003148,0Q
021050004003149,0Q
021050004003150,0Q
021050004003151,0Q
021050004003152,0Q
021050004003153,0Q
021050004003154,0Q
021050004003155,0Q
021050004003156,0Q
021050004003157,0Q
021050004003158,0Q
021050004003159,0Q
021050004003160,0Q
021050004003161,0Q
021050004003162,0Q
021050004003163,0Q
021050004003164,0Q
021050004003165,0Q
021050004003166,0Q
021050004003167,0Q
021050004003168,0Q
021050004003169,0Q
021050004003170,0Q
021050004003171,0Q
021050004003172,0Q
021050004003243,0Q
021050004003259,0Q
021050004003261,0Q
021050004003262,0Q
021050004003263,0Q
021050004003264,0Q
021050004003265,0Q
021050004003266,0Q
021050004003267,0Q
021050004003268,0Q
021050004003269,0Q
021050004003270,0Q
021050004003271,0Q
021050004003272,0Q
021050004003273,0Q
021050004003274,0Q
021050004003275,0Q
021050004003276,0Q
021050004003296,0Q
021050004003297,0Q
021050004003298,0Q
021050004003299,0Q
021050004003304,0Q
021050004003305,0Q
021050004003306,0Q
021050004003308,0Q
021100001001000,0Q
021100001001001,0Q
021100001001002,0Q
021100001001003,0Q
021100001001004,0Q
021100001001005,0Q
021100001001006,0Q
021100001001007,0Q
021100001001008,0Q
021100001001009,0Q
021100001001010,0Q
021100001001011,0Q
021100001001012,0Q
021100001001013,0Q
021100001001014,0Q
021100001001015,0Q
021100001001016,0Q
021100001001017,0Q
021100001001018,0Q
021100001001019,0Q
021100001001020,0Q
021100001001021,0Q
021100001001022,0Q
021100001001023,0Q
021100001001024,0Q
021100001001025,0Q
021100001001026,0Q
021100001001027,0Q
021100001001028,0Q
021100001001029,0Q
021100001001030,0Q
021100001001031,0Q
021100001001032,0Q
021100001001033,0Q
021100001001034,0Q
021100001001035,0Q
021100001001036,0Q
021100001001037,0Q
021100001001038,0Q
021100001001039,0Q
021100001001040,0Q
021100001001041,0Q
021100001001042,0Q
021100001001043,0Q
021100001001044,0Q
021100001001046,0Q
021100001001047,0Q
021100001001048,0Q
021100001001049,0Q
021100001001050,0Q
021100001001060,0Q
021100001001061,0Q
021100001001062,0Q
021100001001063,0Q
021100001001064,0Q
021100001001065,0Q
021100001001066,0Q
021100001001071,0Q
021100001001072,0Q
021100001001073,0Q
021100001001074,0Q
021100001001075,0Q
021100001001079,0Q
021100001001080,0Q
021100001001081,0Q
021100001002006,0Q
021100001002007,0Q
021100001002008,0Q
021100001002009,0Q
021100001002010,0Q
021100001002011,0Q
021100001002012,0Q
021100001002013,0Q
021100001002014,0Q
021100001002015,0Q
021100001002023,0Q
021100001002024,0Q
021100005002000,0Q
021100001001045,0Q
021100001001052,0Q
021100001001053,0Q
021100001001054,0Q
021100001001055,0Q
021100001001056,0Q
021100001001057,0Q
021100001001058,0Q
021100001001059,0Q
021100001001067,0Q
021100001001068,0Q
021100001001069,0Q
021100001001070,0Q
021100001003000,0Q
021100002001000,0Q
021100002001001,0Q
021100002001002,0Q
021100002001003,0Q
021100003001000,0Q
021100003001001,0Q
021100003001002,0Q
021100003001003,0Q
021100003001004,0Q
021100003001005,0Q
021100003001006,0Q
021100003001007,0Q
021100003001008,0Q
021100003001009,0Q
021100003001010,0Q
021100003001011,0Q
021100004002000,0Q
021100004002014,0Q
021100001001051,0Q
021100001001076,0Q
021100001001077,0Q
021100001001078,0Q
021100001002000,0Q
021100001002001,0Q
021100001002002,0Q
021100001002003,0Q
021100001002004,0Q
021100001002005,0Q
021100001002016,0Q
021100001002017,0Q
021100001002018,0Q
021100001002019,0Q
021100001002020,0Q
021100001002021,0Q
021100001002022,0Q
021100001002025,0Q
021100001002026,0Q
021100001002027,0Q
021100001002028,0Q
021100001002029,0Q
021100001003001,0Q
021100001003002,0Q
021100001003003,0Q
021100001003004,0Q
021100001003005,0Q
021100001003006,0Q
021100001003007,0Q
021100001003008,0Q
021100001003009,0Q
021100001003010,0Q
021100001003011,0Q
021100002001004,0Q
021100002001005,0Q
021100002001006,0Q
021100002001007,0Q
021100002001008,0Q
021100002001009,0Q
021100002001010,0Q
021100002001011,0Q
021100002001012,0Q
021100002001013,0Q
021100002001014,0Q
021100002001015,0Q
021100002001016,0Q
021100002001017,0Q
021100002002000,0Q
021100002002001,0Q
021100002002002,0Q
021100002002003,0Q
021100002002004,0Q
021100002002005,0Q
021100002002006,0Q
021100002002007,0Q
021100002002008,0Q
021100002002009,0Q
021100002002010,0Q
021100002002011,0Q
021100002002012,0Q
021100002003000,0Q
021100002003001,0Q
021100002003002,0Q
021100002003006,0Q
021100002003003,0Q
021100002003004,0Q
021100002003005,0Q
021100002003007,0Q
021100002003008,0Q
021100002003009,0Q
021100002003010,0Q
021100002003011,0Q
021100002003012,0Q
021100002003013,0Q
021100002003014,0Q
021100002003015,0Q
021100002003016,0Q
021100002003017,0Q
021100002003018,0Q
021100002003019,0Q
021100002003020,0Q
021100002003021,0Q
021100002003022,0Q
021100002004000,0Q
021100002004001,0Q
021100002004002,0Q
021100002004003,0Q
021100002004004,0Q
021100002004005,0Q
021100002004008,0Q
021100003001012,0Q
021100003001013,0Q
021100003001014,0Q
021100003001015,0Q
021100003001016,0Q
021100003001017,0Q
021100003001018,0Q
021100003001019,0Q
021100003001020,0Q
021100002004006,0Q
021100002004007,0Q
021100002005000,0Q
021100002005001,0Q
021100002005002,0Q
021100002005003,0Q
021100002005004,0Q
021100002005005,0Q
021100002005006,0Q
021100002005007,0Q
021100002005008,0Q
021100002005009,0Q
021100002005010,0Q
021100002005011,0Q
021100002005012,0Q
021100002005013,0Q
021100002005014,0Q
021100003001021,0Q
021100003002000,0Q
021100003002001,0Q
021100003002002,0Q
021100003002003,0Q
021100003002004,0Q
021100003002005,0Q
021100003002006,0Q
021100003002007,0Q
021100003002008,0Q
021100003002009,0Q
021100003002010,0Q
021100003002011,0Q
021100003003000,0Q
021100003003001,0Q
021100003003002,0Q
021100003003003,0Q
021100003003004,0Q
021100003003005,0Q
021100003003006,0Q
021100003003007,0Q
021100003003008,0Q
021100003003009,0Q
021100003003010,0Q
021100003003011,0Q
021100003003012,0Q
021100003003013,0Q
021100003003014,0Q
021100003003015,0Q
021100003003016,0Q
021100003003017,0Q
021100003003018,0Q
021100003003019,0Q
021100003003020,0Q
021100003003021,0Q
021100003003022,0Q
021100003003023,0Q
021100003003024,0Q
021100003003025,0Q
021100003003026,0Q
021100003004000,0Q
021100003004001,0Q
021100003004002,0Q
021100003004003,0Q
021100003004004,0Q
021100003004005,0Q
021100003004006,0Q
021100003004007,0Q
021100004001005,0Q
021100004001006,0Q
021100004001007,0Q
021100004001008,0Q
021100004001009,0Q
021100004001010,0Q
021100004001018,0Q
021100004001019,0Q
021100004001020,0Q
021100004001021,0Q
021100004001022,0Q
021100004001023,0Q
021100004001000,0Q
021100004001001,0Q
021100004001002,0Q
021100004001003,0Q
021100004001004,0Q
021100004001011,0Q
021100004001012,0Q
021100004001013,0Q
021100004001014,0Q
021100004001015,0Q
021100004001016,0Q
021100004001017,0Q
021100004002001,0Q
021100004002002,0Q
021100004002003,0Q
021100004002004,0Q
021100004002005,0Q
021100004002006,0Q
021100004002007,0Q
021100004002008,0Q
021100004002009,0Q
021100004002010,0Q
021100004002011,0Q
021100004002012,0Q
021100004002013,0Q
021100004002015,0Q
021100004002016,0Q
021100004003000,0Q
021100004003001,0Q
021100004003002,0Q
021100004003003,0Q
021100004003004,0Q
021100004003005,0Q
021100004003006,0Q
021100004003007,0Q
021100004003008,0Q
021100004003009,0Q
021100004003010,0Q
021100004003011,0Q
021100004003012,0Q
021100004003014,0Q
021100004003015,0Q
021100004003016,0Q
021100004003017,0Q
021100004003018,0Q
021100004003013,0Q
021100004004000,0Q
021100004004001,0Q
021100004004002,0Q
021100004004003,0Q
021100004004004,0Q
021100004004005,0Q
021100004004006,0Q
021100004004007,0Q
021100004004008,0Q
021100004004009,0Q
021100004004010,0Q
021100004004011,0Q
021100004004012,0Q
021100004004013,0Q
021100005001000,0Q
021100005001001,0Q
021100005001002,0Q
021100005001003,0Q
021100005001004,0Q
021100005001005,0Q
021100005001006,0Q
021100005001007,0Q
021100005001008,0Q
021100005001009,0Q
021100005001010,0Q
021100005001011,0Q
021100005001012,0Q
021100005001013,0Q
021100005001014,0Q
021100005001015,0Q
021100005001016,0Q
021100005001017,0Q
021100005001018,0Q
021100005001019,0Q
021100005002002,0Q
021100005002010,0Q
021100005002050,0Q
021100005002051,0Q
021100005002052,0Q
021100005002053,0Q
021100005002054,0Q
021100005002055,0Q
021100005002056,0Q
021100005002057,0Q
021100005002058,0Q
021100005002059,0Q
021100005002060,0Q
021100005002061,0Q
021100005002062,0Q
021100005002063,0Q
021100005002064,0Q
021100005002065,0Q
021100005002066,0Q
021100005002067,0Q
021100005002068,0Q
021100005002069,0Q
021100005002070,0Q
021100005002071,0Q
021100005003000,0Q
021100005003001,0Q
021100005003002,0Q
021100005003005,0Q
021100005003006,0Q
021100005003007,0Q
021100005003008,0Q
021100005003009,0Q
021100005003010,0Q
021100005003011,0Q
021100005003012,0Q
021100005003013,0Q
021100005003014,0Q
021100005003015,0Q
021100005003016,0Q
021100005003020,0Q
021100005003021,0Q
021100005003022,0Q
021100005003023,0Q
021100005003024,0Q
021100005003025,0Q
021100005003026,0Q
021100005003027,0Q
021100005003028,0Q
021100005003030,0Q
021100005003031,0Q
021100005003032,0Q
021100005003033,0Q
021100005003034,0Q
021100005003035,0Q
021100005003036,0Q
021100005003037,0Q
021100005003038,0Q
021100005003039,0Q
021100005003040,0Q
021100005003041,0Q
021100005003042,0Q
021100005003043,0Q
021100005003044,0Q
021100005003045,0Q
021100005003046,0Q
021100005003049,0Q
021100005003050,0Q
021100005002001,0Q
021100005002003,0Q
021100005002004,0Q
021100005002005,0Q
021100005002006,0Q
021100005002007,0Q
021100005002008,0Q
021100005002009,0Q
021100005002011,0Q
021100005002012,0Q
021100005002013,0Q
021100005002014,0Q
021100005002015,0Q
021100005002016,0Q
021100005002017,0Q
021100005002018,0Q
021100005002019,0Q
021100005002020,0Q
021100005002021,0Q
021100005002022,0Q
021100005002023,0Q
021100005002024,0Q
021100005002025,0Q
021100005002026,0Q
021100005002027,0Q
021100005002028,0Q
021100005002029,0Q
021100005002030,0Q
021100005002031,0Q
021100005002032,0Q
021100005002033,0Q
021100005002034,0Q
021100005002035,0Q
021100005002036,0Q
021100005002037,0Q
021100005002038,0Q
021100005002039,0Q
021100005002040,0Q
021100005002041,0Q
021100005002042,0Q
021100005002043,0Q
021100005002044,0Q
021100005002045,0Q
021100005002046,0Q
021100005002047,0Q
021100005002048,0Q
021100005002049,0Q
021100005002072,0Q
021100005002073,0Q
021100005002074,0Q
021100005002075,0Q
021100005002076,0Q
021100005002077,0Q
021100005002078,0Q
021100005002079,0Q
021100005002080,0Q
021100005002081,0Q
021100005002082,0Q
021100005003003,0Q
021100005003004,0Q
021100005003017,0Q
021100005003018,0Q
021100005003019,0Q
021100005003029,0Q
021100005003047,0Q
021100005003048,0Q
021100006001046,0Q
021100006001047,0Q
021100006002000,0Q
021100006002001,0Q
021100006002006,0Q
021100006002007,0Q
021100006002008,0Q
021100006002009,0Q
021100006002010,0Q
021100006002011,0Q
021100006002027,0Q
021100006001000,0Q
021100006001001,0Q
021100006001002,0Q
021100006001003,0Q
021100006001004,0Q
021100006001005,0Q
021100006001006,0Q
021100006001007,0Q
021100006001008,0Q
021100006001009,0Q
021100006001010,0Q
021100006001011,0Q
021100006001012,0Q
021100006001013,0Q
021100006001014,0Q
021100006001015,0Q
021100006001016,0Q
021100006001017,0Q
021100006001018,0Q
021100006001019,0Q
021100006001020,0Q
021100006001021,0Q
021100006001022,0Q
021100006001023,0Q
021100006001024,0Q
021100006001025,0Q
021100006001026,0Q
021100006001027,0Q
021100006001034,0Q
021100006001048,0Q
021100006001051,0Q
021100006001028,0Q
021100006001029,0Q
021100006001030,0Q
021100006001031,0Q
021100006001032,0Q
021100006001033,0Q
021100006001035,0Q
021100006001036,0Q
021100006001037,0Q
021100006001038,0Q
021100006001039,0Q
021100006001040,0Q
021100006001041,0Q
021100006001042,0Q
021100006001043,0Q
021100006001044,0Q
021100006001045,0Q
021100006001049,0Q
021100006001050,0Q
021100006001052,0Q
021100006002002,0Q
021100006002003,0Q
021100006002004,0Q
021100006002005,0Q
021100006002012,0Q
021100006002013,0Q
021100006002014,0Q
021100006002015,0Q
021100006002016,0Q
021100006002017,0Q
021100006002018,0Q
021100006002019,0Q
021100006002020,0Q
021100006002021,0Q
021100006002022,0Q
021100006002023,0Q
021100006002024,0Q
021100006002025,0Q
021100006002026,0Q
021100006002028,0Q
021100006002029,0Q
021100006002030,0Q
021100006002031,0Q
021100006002032,0Q
021100006002033,0Q
021100006002034,0Q
021100006002035,0Q
021220001001000,0P
021220001001001,0P
021220001001002,0P
021220001001003,0P
021220001001004,0P
021220001001005,0P
021220001001006,0P
021220001001007,0P
021220001001008,0P
021220001001009,0P
021220001001010,0P
021220001001011,0P
021220001001012,0P
021220001001013,0P
021220001001014,0P
021220001001015,0P
021220001001016,0P
021220001001017,0P
021220001001018,0P
021220001001019,0P
021220001001020,0P
021220001001021,0P
021220001001022,0P
021220001001023,0P
021220001001024,0P
021220001001025,0P
021220001001026,0P
021220001001027,0P
021220001001028,0P
021220001001029,0P
021220001001030,0P
021220001001031,0P
021220001001032,0P
021220001001033,0P
021220001001034,0P
021220001001035,0P
021220001001036,0P
021220001001037,0P
021220001001038,0P
021220001001039,0P
021220001001040,0P
021220001001041,0P
021220001001042,0P
021220001001043,0P
021220001001044,0P
021220001001045,0P
021220001001046,0P
021220001001047,0P
021220001001048,0P
021220001001049,0P
021220001001050,0P
021220001001051,0P
021220001001052,0P
021220001001053,0P
021220001001054,0P
021220001001055,0P
021220001001056,0P
021220001001057,0P
021220001001058,0P
021220001001059,0P
021220001001060,0P
021220001001061,0P
021220001001062,0P
021220001001063,0P
021220001001064,0P
021220001001065,0P
021220001001066,0P
021220001001067,0P
021220001001068,0P
021220001001069,0P
021220001001070,0P
021220001001071,0P
021220001001072,0P
021220001001073,0P
021220001001074,0P
021220001001075,0P
021220001001076,0P
021220001001077,0P
021220001001078,0P
021220001001079,0P
021220001001080,0P
021220001001081,0P
021220001001082,0P
021220001001083,0P
021220001001084,0P
021220001001085,0P
021220001001086,0P
021220001001087,0P
021220001001088,0P
021220001001089,0P
021220001001090,0P
021220001001091,0P
021220001001092,0P
021220001001093,0P
021220001001094,0P
021220001001095,0P
021220001001096,0P
021220001001097,0P
021220001001098,0P
021220001001099,0P
021220001001100,0P
021220001001101,0P
021220001001102,0P
021220001001103,0P
021220001001104,0P
021220001001105,0P
021220001001106,0P
021220001001107,0P
021220001001108,0P
021220001001109,0P
021220001001110,0P
021220001001111,0P
021220001001112,0P
021220001001113,0P
021220001001114,0P
021220001001115,0P
021220001001116,0P
021220001001117,0P
021220001001118,0P
021220001001119,0P
021220001001120,0P
021220001001121,0P
021220001001122,0P
021220001001123,0P
021220001001124,0P
021220001001125,0P
021220001001126,0P
021220001001127,0P
021220001001128,0P
021220001001129,0P
021220001001130,0P
021220001001131,0P
021220001001132,0P
021220001001133,0P
021220001001134,0P
021220001001135,0P
021220001001136,0P
021220001001137,0P
021220001001138,0P
021220001001139,0P
021220001001140,0P
021220001001141,0P
021220001001142,0P
021220001001143,0P
021220001001144,0P
021220001001145,0P
021220001001146,0P
021220001001147,0P
021220001001148,0P
021220001001149,0P
021220001001150,0P
021220001001151,0P
021220001001152,0P
021220001001153,0P
021220001001154,0P
021220001001155,0P
021220001001156,0P
021220001001157,0P
021220001001158,0P
021220001001159,0P
021220001001160,0P
021220001001161,0P
021220001001162,0P
021220001001163,0P
021220001001164,0P
021220001001165,0P
021220001001166,0P
021220001001167,0P
021220001001168,0P
021220001001169,0P
021220001001170,0P
021220001001171,0P
021220001001172,0P
021220001001173,0P
021220001001174,0P
021220001001175,0P
021220001001176,0P
021220001001177,0P
021220001001178,0P
021220001001179,0P
021220001001180,0P
021220001001181,0P
021220001001182,0P
021220001001183,0P
021220001001184,0P
021220001001185,0P
021220001001186,0P
021220001001187,0P
021220001001188,0P
021220001001189,0P
021220001001190,0P
021220001001191,0P
021220001001192,0P
021220001001193,0P
021220001001194,0P
021220001001195,0P
021220001001196,0P
021220001001197,0P
021220001001198,0P
021220001001199,0P
021220001001200,0P
021220001001201,0P
021220001001202,0P
021220001001203,0P
021220001001204,0P
021220001001205,0P
021220001001206,0P
021220001001207,0P
021220001001208,0P
021220001001209,0P
021220001001210,0P
021220001001211,0P
021220001001212,0P
021220001001213,0P
021220001001214,0P
021220001001215,0P
021220001001216,0P
021220001001217,0P
021220001001218,0P
021220001001219,0P
021220001001220,0P
021220001001221,0P
021220001001222,0P
021220001001223,0P
021220001001224,0P
021220001001225,0P
021220001001226,0P
021220001001227,0P
021220001001228,0P
021220001001229,0P
021220012001041,0P
021220012001042,0P
021220012001043,0P
021220012001044,0P
021220012001045,0P
021220012001046,0P
021220012001047,0P
021220012001048,0P
021220012001100,0P
021220012001109,0P
021220012001117,0P
021220012001135,0P
021220012001136,0P
021220012001141,0P
021220012001145,0P
021220012001146,0P
021220012001147,0P
021220012001148,0P
021220012001149,0P
021220012001151,0P
021220012001152,0P
021220012001214,0P
021220012001221,0P
021220012001222,0P
021220012001223,0P
021220012001224,0P
021220012001225,0P
021220012001250,0P
021220012001256,0P
021220012001257,0P
021220012001258,0P
021220012001259,0P
021220012001260,0P
021220012001261,0P
021220002001000,0O
021220002001001,0O
021220002001002,0O
021220002001003,0O
021220002001004,0O
021220002001005,0O
021220002001006,0O
021220002001007,0O
021220002001008,0O
021220002001009,0O
021220002001010,0O
021220002001011,0O
021220002001012,0O
021220002001013,0O
021220002001014,0O
021220002001015,0O
021220002001016,0O
021220002001017,0O
021220002001018,0O
021220002001019,0O
021220002001020,0O
021220002001021,0O
021220002001022,0O
021220002001023,0O
021220002001024,0O
021220002001025,0O
021220002001026,0O
021220002001027,0O
021220002001028,0O
021220002001029,0O
021220002001030,0O
021220002001031,0O
021220002001032,0O
021220002001033,0O
021220002001034,0O
021220002001035,0O
021220002001036,0O
021220002001037,0O
021220002001038,0O
021220002001039,0O
021220002001040,0O
021220002001041,0O
021220002002001,0O
021220002002002,0O
021220002002003,0O
021220002002004,0O
021220002002005,0O
021220002002006,0O
021220002002007,0O
021220002002008,0O
021220002002009,0O
021220002002010,0O
021220002002011,0O
021220002002012,0O
021220002002013,0O
021220002002014,0O
021220002002020,0O
021220002002021,0O
021220002002022,0O
021220002002023,0O
021220002002026,0O
021220002002028,0O
021220002002029,0O
021220002002030,0O
021220002002031,0O
021220002002071,0O
021220002002072,0O
021220002002073,0O
021220002002074,0O
021220002002075,0O
021220002002076,0O
021220002002077,0O
021220002002078,0O
021220002002079,0O
021220002002080,0O
021220002002081,0O
021220002002082,0O
021220002002083,0O
021220002002084,0O
021220002002085,0O
021220002002086,0O
021220002002087,0O
021220002002088,0O
021220002002089,0O
021220002002090,0O
021220002002091,0O
021220002002092,0O
021220002002093,0O
021220002002094,0O
021220002002095,0O
021220002002096,0O
021220002002097,0O
021220002002103,0O
021220002002104,0O
021220002002105,0O
021220002002106,0O
021220002002107,0O
021220002002108,0O
021220002002109,0O
021220002002110,0O
021220002002111,0O
021220002002112,0O
021220002002115,0O
021220002002116,0O
021220002002117,0O
021220002002118,0O
021220002002119,0O
021220002002120,0O
021220002002121,0O
021220002002124,0O
021220002002125,0O
021220002002126,0O
021220002002127,0O
021220002004000,0O
021220002004002,0O
021220002004005,0O
021220002004011,0O
021220002004012,0O
021220002004013,0O
021220002004016,0O
021220002004017,0O
021220002002000,0O
021220002002015,0O
021220002002016,0O
021220002002017,0O
021220002002018,0O
021220002002019,0O
021220002002024,0O
021220002002025,0O
021220002002027,0O
021220002002032,0O
021220002002033,0O
021220002002034,0O
021220002002035,0O
021220002002036,0O
021220002002037,0O
021220002002038,0O
021220002002039,0O
021220002002040,0O
021220002002041,0O
021220002002042,0O
021220002002043,0O
021220002002044,0O
021220002002045,0O
021220002002046,0O
021220002002047,0O
021220002002048,0O
021220002002049,0O
021220002002050,0O
021220002002051,0O
021220002002052,0O
021220002002053,0O
021220002002054,0O
021220002002055,0O
021220002002056,0O
021220002002057,0O
021220002002058,0O
021220002002059,0O
021220002002060,0O
021220002002061,0O
021220002002062,0O
021220002002063,0O
021220002002064,0O
021220002002065,0O
021220002002066,0O
021220002002067,0O
021220002002068,0O
021220002002069,0O
021220002002070,0O
021220002002098,0O
021220002002099,0O
021220002002100,0O
021220002002101,0O
021220002002102,0O
021220002002113,0O
021220002002114,0O
021220002002122,0O
021220002002123,0O
021220002002128,0O
021220002002129,0O
021220002002130,0O
021220002002131,0O
021220002003000,0O
021220002003001,0O
021220002003002,0O
021220002003003,0O
021220002003004,0O
021220002003005,0O
021220002003006,0O
021220002003007,0O
021220002003008,0O
021220002003009,0O
021220002003010,0O
021220002003011,0O
021220002003012,0O
021220002003013,0O
021220002003014,0O
021220002003015,0O
021220002003016,0O
021220002003017,0O
021220002003018,0O
021220002003019,0O
021220002003020,0O
021220002003021,0O
021220002003022,0O
021220002003023,0O
021220002003024,0O
021220002003025,0O
021220002003026,0O
021220002003027,0O
021220002003028,0O
021220002003029,0O
021220002003030,0O
021220002003031,0O
021220002003032,0O
021220002003033,0O
021220002003034,0O
021220002003035,0O
021220002003036,0O
021220002004001,0O
021220002004003,0O
021220002004004,0O
021220002004006,0O
021220002004007,0O
021220002004008,0O
021220002004009,0O
021220002004010,0O
021220002004014,0O
021220002004015,0O
021220002004018,0O
021220002004019,0O
021220002004020,0O
021220002004021,0O
021220002004022,0O
021220002004023,0O
021220002004024,0O
021220002004025,0O
021220002004026,0O
021220002004027,0O
021220002004028,0O
021220002004029,0O
021220002004030,0O
021220002004031,0O
021220002004032,0O
021220002004033,0O
021220002004034,0O
021220002004035,0O
021220004003017,0O
021220004003018,0O
021220004003019,0O
021220004003020,0O
021220004003021,0O
021220004003022,0O
021220004003090,0O
021220004003091,0O
021220003001000,0O
021220003001001,0O
021220003001002,0O
021220003001003,0O
021220003001004,0O
021220003001005,0O
021220003001007,0O
021220003001010,0O
021220003001071,0O
021220003001072,0O
021220003001073,0O
021220003001074,0O
021220003001075,0O
021220003001076,0O
021220003001077,0O
021220003001078,0O
021220003001079,0O
021220003001088,0O
021220003001089,0O
021220003001090,0O
021220003001091,0O
021220003001092,0O
021220003001093,0O
021220003001094,0O
021220003001095,0O
021220003001096,0O
021220003001097,0O
021220003001098,0O
021220003001099,0O
021220003001100,0O
021220003001101,0O
021220003001102,0O
021220003001103,0O
021220003001104,0O
021220003001105,0O
021220003001106,0O
021220003001107,0O
021220003001108,0O
021220003001109,0O
021220003001110,0O
021220003001111,0O
021220003001112,0O
021220003001113,0O
021220003001114,0O
021220003001115,0O
021220003001116,0O
021220003001117,0O
021220003001118,0O
021220003001173,0O
021220003001174,0O
021220003001176,0O
021220003001177,0O
021220003001178,0O
021220003001179,0O
021220003001180,0O
021220003001181,0O
021220003001182,0O
021220003001183,0O
021220003001184,0O
021220003001185,0O
021220003001186,0O
021220003001187,0O
021220003001188,0O
021220003001189,0O
021220003001190,0O
021220003001191,0O
021220003001192,0O
021220003001193,0O
021220003001194,0O
021220003001195,0O
021220003001196,0O
021220003001197,0O
021220003001198,0O
021220003001199,0O
021220003001200,0O
021220003001201,0O
021220003001202,0O
021220003001203,0O
021220003001204,0O
021220003001205,0O
021220003001206,0O
021220003001207,0O
021220003001208,0O
021220003001209,0O
021220003001211,0O
021220003001224,0O
021220003001226,0O
021220003001227,0O
021220003001228,0O
021220003001006,0O
021220003001008,0O
021220003001009,0O
021220003001011,0O
021220003001012,0O
021220003001013,0O
021220003001014,0O
021220003001015,0O
021220003001016,0O
021220003001017,0O
021220003001018,0O
021220003001019,0O
021220003001020,0O
021220003001021,0O
021220003001022,0O
021220003001023,0O
021220003001024,0O
021220003001025,0O
021220003001026,0O
021220003001027,0O
021220003001028,0O
021220003001029,0O
021220003001030,0O
021220003001031,0O
021220003001032,0O
021220003001033,0O
021220003001034,0O
021220003001035,0O
021220003001040,0O
021220003001041,0O
021220003001042,0O
021220003001043,0O
021220003001044,0O
021220003001045,0O
021220003001046,0O
021220003001047,0O
021220003001048,0O
021220003001049,0O
021220003001050,0O
021220003001051,0O
021220003001052,0O
021220003001053,0O
021220003001054,0O
021220003001055,0O
021220003001061,0O
021220003001062,0O
021220003001063,0O
021220003001064,0O
021220003001065,0O
021220003001066,0O
021220003001067,0O
021220003001068,0O
021220003001069,0O
021220003001080,0O
021220003001081,0O
021220003001082,0O
021220003001083,0O
021220003001084,0O
021220003001085,0O
021220003001086,0O
021220003001087,0O
021220003001210,0O
021220003001212,0O
021220003001213,0O
021220003001214,0O
021220003001215,0O
021220003001216,0O
021220003001217,0O
021220003001218,0O
021220003001219,0O
021220003001220,0O
021220003001221,0O
021220003001222,0O
021220003001223,0O
021220003001225,0O
021220003001036,0O
021220003001037,0O
021220003001038,0O
021220003001039,0O
021220003001056,0O
021220003001057,0O
021220003001058,0O
021220003001059,0O
021220003001060,0O
021220003001070,0O
021220004001018,0O
021220004001019,0O
021220004001023,0O
021220004001026,0O
021220004001027,0O
021220004001086,0O
021220004001087,0O
021220004001088,0O
021220004001089,0O
021220004001090,0O
021220004001091,0O
021220004001092,0O
021220004001093,0O
021220004001094,0O
021220004001095,0O
021220004001096,0O
021220004001097,0O
021220004001098,0O
021220004001099,0O
021220004001100,0O
021220004001101,0O
021220004002000,0O
021220004002001,0O
021220004002002,0O
021220004002038,0O
021220004002039,0O
021220004003000,0O
021220004003001,0O
021220004003002,0O
021220004003003,0O
021220004003004,0O
021220004003005,0O
021220004003006,0O
021220004003007,0O
021220004003008,0O
021220004003009,0O
021220004003010,0O
021220004003011,0O
021220004003012,0O
021220004003013,0O
021220004003014,0O
021220004003015,0O
021220004003016,0O
021220004003026,0O
021220004003027,0O
021220004003028,0O
021220004003029,0O
021220004003030,0O
021220004003031,0O
021220004003032,0O
021220004003034,0O
021220004003035,0O
021220004003036,0O
021220004003037,0O
021220004003038,0O
021220004003039,0O
021220004003040,0O
021220004003041,0O
021220004003042,0O
021220004003043,0O
021220004003044,0O
021220004003053,0O
021220004003054,0O
021220004003055,0O
021220004003056,0O
021220004003063,0O
021220004003065,0O
021220004003066,0O
021220004003067,0O
021220004003068,0O
021220004003069,0O
021220004003070,0O
021220004003071,0O
021220004003072,0O
021220004003073,0O
021220004003074,0O
021220004003075,0O
021220004003076,0O
021220004003077,0O
021220004003078,0O
021220004003079,0O
021220004003080,0O
021220004003081,0O
021220004003082,0O
021220004003083,0O
021220004003084,0O
021220004003085,0O
021220004003086,0O
021220004003087,0O
021220004003088,0O
021220004003089,0O
021220003001119,0O
021220003001120,0O
021220003001121,0O
021220003001122,0O
021220003001123,0O
021220003001124,0O
021220003001125,0O
021220003001126,0O
021220003001127,0O
021220003001128,0O
021220003001129,0O
021220003001130,0O
021220003001131,0O
021220003001132,0O
021220003001133,0O
021220003001134,0O
021220003001135,0O
021220003001136,0O
021220003001137,0O
021220003001138,0O
021220003001139,0O
021220003001140,0O
021220003001141,0O
021220003001142,0O
021220003001143,0O
021220003001144,0O
021220003001145,0O
021220003001146,0O
021220003001147,0O
021220003001148,0O
021220003001149,0O
021220003001150,0O
021220003001151,0O
021220003001152,0O
021220003001153,0O
021220003001154,0O
021220003001155,0O
021220003001156,0O
021220003001157,0O
021220003001158,0O
021220003001159,0O
021220003001160,0O
021220003001161,0O
021220003001162,0O
021220003001163,0O
021220003001164,0O
021220003001165,0O
021220003001166,0O
021220003001167,0O
021220003001168,0O
021220003001169,0O
021220003001171,0O
021220003001172,0O
021220003001175,0O
021220013001366,0O
021220003001170,0P
021220004001002,0P
021220004001005,0P
021220004001082,0P
021220012001000,0P
021220012001001,0P
021220012001002,0P
021220012001003,0P
021220012001004,0P
021220012001005,0P
021220012001006,0P
021220012001007,0P
021220012001008,0P
021220012001009,0P
021220012001010,0P
021220012001011,0P
021220012001012,0P
021220012001013,0P
021220012001014,0P
021220012001015,0P
021220012001016,0P
021220012001017,0P
021220012001018,0P
021220012001019,0P
021220012001020,0P
021220012001021,0P
021220012001022,0P
021220012001023,0P
021220012001024,0P
021220012001025,0P
021220012001026,0P
021220012001027,0P
021220012001028,0P
021220012001029,0P
021220012001030,0P
021220012001031,0P
021220012001032,0P
021220012001033,0P
021220012001034,0P
021220012001035,0P
021220012001036,0P
021220012001037,0P
021220012001038,0P
021220012001039,0P
021220012001040,0P
021220012001049,0P
021220012001050,0P
021220012001051,0P
021220012001052,0P
021220012001053,0P
021220012001054,0P
021220012001055,0P
021220012001056,0P
021220012001057,0P
021220012001058,0P
021220012001059,0P
021220012001060,0P
021220012001061,0P
021220012001062,0P
021220012001063,0P
021220012001064,0P
021220012001065,0P
021220012001066,0P
021220012001067,0P
021220012001068,0P
021220012001069,0P
021220012001070,0P
021220012001071,0P
021220012001072,0P
021220012001073,0P
021220012001074,0P
021220012001075,0P
021220012001076,0P
021220012001077,0P
021220012001078,0P
021220012001079,0P
021220012001080,0P
021220012001081,0P
021220012001082,0P
021220012001083,0P
021220012001084,0P
021220012001085,0P
021220012001086,0P
021220012001087,0P
021220012001088,0P
021220012001089,0P
021220012001090,0P
021220012001091,0P
021220012001092,0P
021220012001093,0P
021220012001094,0P
021220012001095,0P
021220012001096,0P
021220012001097,0P
021220012001098,0P
021220012001099,0P
021220012001101,0P
021220012001102,0P
021220012001103,0P
021220012001104,0P
021220012001105,0P
021220012001106,0P
021220012001107,0P
021220012001108,0P
021220012001110,0P
021220012001111,0P
021220012001112,0P
021220012001113,0P
021220012001114,0P
021220012001115,0P
021220012001116,0P
021220012001118,0P
021220012001119,0P
021220012001120,0P
021220012001121,0P
021220012001122,0P
021220012001123,0P
021220012001124,0P
021220012001125,0P
021220012001126,0P
021220012001127,0P
021220012001128,0P
021220012001129,0P
021220012001130,0P
021220012001131,0P
021220012001132,0P
021220012001133,0P
021220012001134,0P
021220012001137,0P
021220012001138,0P
021220012001139,0P
021220012001140,0P
021220012001142,0P
021220012001143,0P
021220012001144,0P
021220012001150,0P
021220012001153,0P
021220012001154,0P
021220012001155,0P
021220012001156,0P
021220012001157,0P
021220012001158,0P
021220012001159,0P
021220012001160,0P
021220012001161,0P
021220012001162,0P
021220012001163,0P
021220012001164,0P
021220012001165,0P
021220012001166,0P
021220012001167,0P
021220012001168,0P
021220012001169,0P
021220012001170,0P
021220012001171,0P
021220012001172,0P
021220012001173,0P
021220012001174,0P
021220012001175,0P
021220012001176,0P
021220012001177,0P
021220012001178,0P
021220012001179,0P
021220012001180,0P
021220012001181,0P
021220012001182,0P
021220012001183,0P
021220012001184,0P
021220012001185,0P
021220012001186,0P
021220012001187,0P
021220012001188,0P
021220012001189,0P
021220012001190,0P
021220012001191,0P
021220012001192,0P
021220012001193,0P
021220012001194,0P
021220012001195,0P
021220012001196,0P
021220012001197,0P
021220012001198,0P
021220012001199,0P
021220012001200,0P
021220012001201,0P
021220012001202,0P
021220012001203,0P
021220012001204,0P
021220012001205,0P
021220012001206,0P
021220012001207,0P
021220012001208,0P
021220012001209,0P
021220012001210,0P
021220012001211,0P
021220012001212,0P
021220012001213,0P
021220012001215,0P
021220012001216,0P
021220012001217,0P
021220012001218,0P
021220012001219,0P
021220012001220,0P
021220012001226,0P
021220012001227,0P
021220012001228,0P
021220012001229,0P
021220012001230,0P
021220012001231,0P
021220012001232,0P
021220012001233,0P
021220012001234,0P
021220012001235,0P
021220012001236,0P
021220012001237,0P
021220012001238,0P
021220012001239,0P
021220012001240,0P
021220012001241,0P
021220012001242,0P
021220012001243,0P
021220012001244,0P
021220012001245,0P
021220012001246,0P
021220012001247,0P
021220012001248,0P
021220012001249,0P
021220012001251,0P
021220012001252,0P
021220012001253,0P
021220012001254,0P
021220012001255,0P
021220012001262,0P
021220013001000,0P
021220013001001,0P
021220013001002,0P
021220013001003,0P
021220013001004,0P
021220013001005,0P
021220013001006,0P
021220013001007,0P
021220013001008,0P
021220013001009,0P
021220013001010,0P
021220013001011,0P
021220013001012,0P
021220013001013,0P
021220013001014,0P
021220013001015,0P
021220013001016,0P
021220013001017,0P
021220013001018,0P
021220013001019,0P
021220013001020,0P
021220013001021,0P
021220013001022,0P
021220013001023,0P
021220013001024,0P
021220013001025,0P
021220013001026,0P
021220013001027,0P
021220013001028,0P
021220013001029,0P
021220013001030,0P
021220013001031,0P
021220013001032,0P
021220013001033,0P
021220013001034,0P
021220013001035,0P
021220013001036,0P
021220013001037,0P
021220013001038,0P
021220013001039,0P
021220013001040,0P
021220013001041,0P
021220013001042,0P
021220013001043,0P
021220013001044,0P
021220013001045,0P
021220013001046,0P
021220013001047,0P
021220013001048,0P
021220013001049,0P
021220013001050,0P
021220013001051,0P
021220013001052,0P
021220013001053,0P
021220013001054,0P
021220013001055,0P
021220013001056,0P
021220013001057,0P
021220013001059,0P
021220013001061,0P
021220013001063,0P
021220013001064,0P
021220013001065,0P
021220013001068,0P
021220013001142,0P
021220013001143,0P
021220013001144,0P
021220013001145,0P
021220013001146,0P
021220013001147,0P
021220013001148,0P
021220013001149,0P
021220013001150,0P
021220013001151,0P
021220013001152,0P
021220013001153,0P
021220013001154,0P
021220013001155,0P
021220013001157,0P
021220013001158,0P
021220013001159,0P
021220013001160,0P
021220013001161,0P
021220013001162,0P
021220013001163,0P
021220013001164,0P
021220013001165,0P
021220013001166,0P
021220013001167,0P
021220013001168,0P
021220013001169,0P
021220013001170,0P
021220013001171,0P
021220013001172,0P
021220013001173,0P
021220013001174,0P
021220013001175,0P
021220013001176,0P
021220013001177,0P
021220013001178,0P
021220013001179,0P
021220013001180,0P
021220013001181,0P
021220013001182,0P
021220013001183,0P
021220013001184,0P
021220013001185,0P
021220013001186,0P
021220013001187,0P
021220013001188,0P
021220013001189,0P
021220013001190,0P
021220013001191,0P
021220013001192,0P
021220013001193,0P
021220013001194,0P
021220013001195,0P
021220013001196,0P
021220013001197,0P
021220013001198,0P
021220013001199,0P
021220013001200,0P
021220013001201,0P
021220013001202,0P
021220013001203,0P
021220013001204,0P
021220013001205,0P
021220013001206,0P
021220013001207,0P
021220013001208,0P
021220013001209,0P
021220013001210,0P
021220013001211,0P
021220013001212,0P
021220013001213,0P
021220013001214,0P
021220013001215,0P
021220013001216,0P
021220013001217,0P
021220013001218,0P
021220013001219,0P
021220013001220,0P
021220013001221,0P
021220013001222,0P
021220013001223,0P
021220013001224,0P
021220013001225,0P
021220013001226,0P
021220013001227,0P
021220013001228,0P
021220013001229,0P
021220013001230,0P
021220013001231,0P
021220013001232,0P
021220013001233,0P
021220013001234,0P
021220013001235,0P
021220013001236,0P
021220013001237,0P
021220013001238,0P
021220013001239,0P
021220013001240,0P
021220013001241,0P
021220013001242,0P
021220013001243,0P
021220013001244,0P
021220013001245,0P
021220013001246,0P
021220013001249,0P
021220013001250,0P
021220013001251,0P
021220013001252,0P
021220013001253,0P
021220013001254,0P
021220013001255,0P
021220013001256,0P
021220013001257,0P
021220013001258,0P
021220013001259,0P
021220013001260,0P
021220013001261,0P
021220013001262,0P
021220013001263,0P
021220013001264,0P
021220013001265,0P
021220013001266,0P
021220013001267,0P
021220013001268,0P
021220013001269,0P
021220013001270,0P
021220013001271,0P
021220013001272,0P
021220013001273,0P
021220013001274,0P
021220013001275,0P
021220013001276,0P
021220013001277,0P
021220013001278,0P
021220013001279,0P
021220013001280,0P
021220013001281,0P
021220013001282,0P
021220013001283,0P
021220013001284,0P
021220013001285,0P
021220013001286,0P
021220013001287,0P
021220013001288,0P
021220013001289,0P
021220013001290,0P
021220013001291,0P
021220013001292,0P
021220013001293,0P
021220013001294,0P
021220013001295,0P
021220013001296,0P
021220013001297,0P
021220013001298,0P
021220013001299,0P
021220013001300,0P
021220013001301,0P
021220013001302,0P
021220013001303,0P
021220013001304,0P
021220013001305,0P
021220013001306,0P
021220013001307,0P
021220013001308,0P
021220013001309,0P
021220013001310,0P
021220013001311,0P
021220013001312,0P
021220013001313,0P
021220013001314,0P
021220013001315,0P
021220013001316,0P
021220013001317,0P
021220013001318,0P
021220013001319,0P
021220013001320,0P
021220013001321,0P
021220013001322,0P
021220013001323,0P
021220013001324,0P
021220013001325,0P
021220013001326,0P
021220013001327,0P
021220013001328,0P
021220013001329,0P
021220013001330,0P
021220013001331,0P
021220013001332,0P
021220013001333,0P
021220013001334,0P
021220013001335,0P
021220013001336,0P
021220013001337,0P
021220013001338,0P
021220013001339,0P
021220013001340,0P
021220013001341,0P
021220013001342,0P
021220013001343,0P
021220013001344,0P
021220013001345,0P
021220013001346,0P
021220013001347,0P
021220013001348,0P
021220013001349,0P
021220013001350,0P
021220013001351,0P
021220013001352,0P
021220013001353,0P
021220013001354,0P
021220013001355,0P
021220013001356,0P
021220013001357,0P
021220013001358,0P
021220013001359,0P
021220013001360,0P
021220013001363,0P
021220013001367,0P
021220004001000,0P
021220004001001,0P
021220004001003,0P
021220004001004,0P
021220004001006,0P
021220004001007,0P
021220004001008,0P
021220004001009,0P
021220004001036,0P
021220004001037,0P
021220004001072,0P
021220004001074,0P
021220004001076,0P
021220004001077,0P
021220004001080,0P
021220004001081,0P
021220004001108,0P
021220007011000,0P
021220007011001,0P
021220007011002,0P
021220007011003,0P
021220007011004,0P
021220007011005,0P
021220007011006,0P
021220007011007,0P
021220007011008,0P
021220007011009,0P
021220007011010,0P
021220007011011,0P
021220007011020,0P
021220007011021,0P
021220007011022,0P
021220007011023,0P
021220007011024,0P
021220007012000,0P
021220007012001,0P
021220007012002,0P
021220007012003,0P
021220007012004,0P
021220007012005,0P
021220007012006,0P
021220007012007,0P
021220007012008,0P
021220007012009,0P
021220007012010,0P
021220007012011,0P
021220007012012,0P
021220007012013,0P
021220007012014,0P
021220007012015,0P
021220007012016,0P
021220007012017,0P
021220007012019,0P
021220007012023,0P
021220013001247,0P
021220013001248,0P
021220004001010,0O
021220004001011,0O
021220004001012,0O
021220004001013,0O
021220004001014,0O
021220004001015,0O
021220004001016,0O
021220004001017,0O
021220004001020,0O
021220004001021,0O
021220004001022,0O
021220004001024,0O
021220004001025,0O
021220004001028,0O
021220004001029,0O
021220004001030,0O
021220004001031,0O
021220004001032,0O
021220004001033,0O
021220004001034,0O
021220004001035,0O
021220004001038,0O
021220004001039,0O
021220004001040,0O
021220004001041,0O
021220004001042,0O
021220004001043,0O
021220004001044,0O
021220004001045,0O
021220004001046,0O
021220004001047,0O
021220004001048,0O
021220004001049,0O
021220004001050,0O
021220004001051,0O
021220004001052,0O
021220004001053,0O
021220004001054,0O
021220004001055,0O
021220004001056,0O
021220004001057,0O
021220004001058,0O
021220004001059,0O
021220004001060,0O
021220004001061,0O
021220004001062,0O
021220004001063,0O
021220004001064,0O
021220004001065,0O
021220004001066,0O
021220004001067,0O
021220004001068,0O
021220004001075,0O
021220004001083,0O
021220004001084,0O
021220004001085,0O
021220004001102,0O
021220004001103,0O
021220004001104,0O
021220004001105,0O
021220004001106,0O
021220004001107,0O
021220004001109,0O
021220004001069,0P
021220004001070,0P
021220004001071,0P
021220004001073,0P
021220004001078,0P
021220004001079,0P
021220011001000,0P
021220011001001,0P
021220011001002,0P
021220011001003,0P
021220011001004,0P
021220011001005,0P
021220011001006,0P
021220011001007,0P
021220011001008,0P
021220011001009,0P
021220011001010,0P
021220011001011,0P
021220011001019,0P
021220011001020,0P
021220011001021,0P
021220011001022,0P
021220011001023,0P
021220011001024,0P
021220011001025,0P
021220011001026,0P
021220011001027,0P
021220011001028,0P
021220011001033,0P
021220011001034,0P
021220011001035,0P
021220011001036,0P
021220011001040,0P
021220011001041,0P
021220011001042,0P
021220011001043,0P
021220011001044,0P
021220011001045,0P
021220013001156,0P
021220004002003,0O
021220004002004,0O
021220004002005,0O
021220004002006,0O
021220004002007,0O
021220004002008,0O
021220004002009,0O
021220004002010,0O
021220004002011,0O
021220004002012,0O
021220004002013,0O
021220004002014,0O
021220004002015,0O
021220004002016,0O
021220004002017,0O
021220004002018,0O
021220004002019,0O
021220004002020,0O
021220004002021,0O
021220004002022,0O
021220004002023,0O
021220004002024,0O
021220004002025,0O
021220004002029,0O
021220004002031,0O
021220004002032,0O
021220004002036,0O
021220004003023,0O
021220004003024,0O
021220004003025,0O
021220004003033,0O
021220004003050,0O
021220004003051,0O
021220004003052,0O
021220004003057,0O
021220004003058,0O
021220004003059,0O
021220004003064,0O
021220004002026,0O
021220004002027,0O
021220004002028,0O
021220004002030,0O
021220004002033,0O
021220004002034,0O
021220004002035,0O
021220004002037,0O
021220004003045,0O
021220004003046,0O
021220004003047,0O
021220004003048,0O
021220004003049,0O
021220004003060,0O
021220004003061,0O
021220004003062,0O
021220005001000,0O
021220005001001,0O
021220005001016,0O
021220005001018,0O
021220005001019,0O
021220005001020,0O
021220005001022,0O
021220005001002,0O
021220005001003,0O
021220005001004,0O
021220005001005,0O
021220005001006,0O
021220005001007,0O
021220005001008,0O
021220005001009,0O
021220005001010,0O
021220005001011,0O
021220005001012,0O
021220005001013,0O
021220005001014,0O
021220005001015,0O
021220005001017,0O
021220005001021,0O
021220005001023,0O
021220005001024,0O
021220005001025,0O
021220005001026,0O
021220005002000,0O
021220005002001,0O
021220005002035,0O
021220005003000,0O
021220005003001,0O
021220005003002,0O
021220005003003,0O
021220005003004,0O
021220005003005,0O
021220005003006,0O
021220005003007,0O
021220005003008,0O
021220005003009,0O
021220005003010,0O
021220005003011,0O
021220005003012,0O
021220005003013,0O
021220005003014,0O
021220005003015,0O
021220005003016,0O
021220005003017,0O
021220005003018,0O
021220005003019,0O
021220005003020,0O
021220005003021,0O
021220005003022,0O
021220005003023,0O
021220005003024,0O
021220005003025,0O
021220005003026,0O
021220005003027,0O
021220005003028,0O
021220005003029,0O
021220005003030,0O
021220005003031,0O
021220005003032,0O
021220005003033,0O
021220005003034,0O
021220005003035,0O
021220005003036,0O
021220005003037,0O
021220005003038,0O
021220005003039,0O
021220005003040,0O
021220005003041,0O
021220005003042,0O
021220005003043,0O
021220005003044,0O
021220005003045,0O
021220005003046,0O
021220005003047,0O
021220005003048,0O
021220005003049,0O
021220005003050,0O
021220005003051,0O
021220005003052,0O
021220005003053,0O
021220005003054,0O
021220005003055,0O
021220005003056,0O
021220005003057,0O
021220005003058,0O
021220005003059,0O
021220005003060,0O
021220005003061,0O
021220005003062,0O
021220005003063,0O
021220005004000,0O
021220005004001,0O
021220005004002,0O
021220005004003,0O
021220005004004,0O
021220005004005,0O
021220005004006,0O
021220005004007,0O
021220005004008,0O
021220005004009,0O
021220005004010,0O
021220005004011,0O
021220005004012,0O
021220005004013,0O
021220005004014,0O
021220005004015,0O
021220005004016,0O
021220005004017,0O
021220005004018,0O
021220005004019,0O
021220005004020,0O
021220005005000,0O
021220005005001,0O
021220005005002,0O
021220005005003,0O
021220005005004,0O
021220005005005,0O
021220005005006,0O
021220005005007,0O
021220005005008,0O
021220005005009,0O
021220005005010,0O
021220005005011,0O
021220005005012,0O
021220005005013,0O
021220005005014,0O
021220005005015,0O
021220005005016,0O
021220005005017,0O
021220005005018,0O
021220005005019,0O
021220005005020,0O
021220005005021,0O
021220005005022,0O
021220005005023,0O
021220005005024,0O
021220005005025,0O
021220005005026,0O
021220005005027,0O
021220005005028,0O
021220005005029,0O
021220005005030,0O
021220005005031,0O
021220005005032,0O
021220005005033,0O
021220005005034,0O
021220005005035,0O
021220005001027,0O
021220005001028,0O
021220005001029,0O
021220005001030,0O
021220005002002,0O
021220005002003,0O
021220005002004,0O
021220005002005,0O
021220005002006,0O
021220005002007,0O
021220005002008,0O
021220005002009,0O
021220005002010,0O
021220005002011,0O
021220005002012,0O
021220005002013,0O
021220005002014,0O
021220005002015,0O
021220005002016,0O
021220005002017,0O
021220005002018,0O
021220005002019,0O
021220005002020,0O
021220005002021,0O
021220005002022,0O
021220005002023,0O
021220005002024,0O
021220005002025,0O
021220005002026,0O
021220005002027,0O
021220005002028,0O
021220005002029,0O
021220005002030,0O
021220005002031,0O
021220005002032,0O
021220005002033,0O
021220005002034,0O
021220005002036,0O
021220007011012,0O
021220007011013,0O
021220007011014,0O
021220007011015,0O
021220007011016,0O
021220007011017,0O
021220007011019,0O
021220007021045,0O
021220007021047,0O
021220007021048,0O
021220007021049,0O
021220007021050,0O
021220007021051,0O
021220007021052,0O
021220007021053,0O
021220007021054,0O
021220007021057,0O
021220007021058,0O
021220007022018,0O
021220007022020,0O
021220007022021,0O
021220007022022,0O
021220007022023,0O
021220007022024,0O
021220007022025,0O
021220007022026,0O
021220007022027,0O
021220007022028,0O
021220007022035,0O
021220007022036,0O
021220006001000,0O
021220006001001,0O
021220006001002,0O
021220006004000,0O
021220006004001,0O
021220006004002,0O
021220006004003,0O
021220006004004,0O
021220006004005,0O
021220006004006,0O
021220006004007,0O
021220006004008,0O
021220006004009,0O
021220006004010,0O
021220006004011,0O
021220006004012,0O
021220006004013,0O
021220006004014,0O
021220006004016,0O
021220006004017,0O
021220006004018,0O
021220006004019,0O
021220006004020,0O
021220006004021,0O
021220006004022,0O
021220006004023,0O
021220006004024,0O
021220006004025,0O
021220006004026,0O
021220006004027,0O
021220006004028,0O
021220006004029,0O
021220006004030,0O
021220006004031,0O
021220006004032,0O
021220006004033,0O
021220006004034,0O
021220006004035,0O
021220006004036,0O
021220006005002,0O
021220006005053,0O
021220006005054,0O
021220006005055,0O
021220006005056,0O
021220006005057,0O
021220006005058,0O
021220006005059,0O
021220006005060,0O
021220006005061,0O
021220006005062,0O
021220006005063,0O
021220006005064,0O
021220006001003,0O
021220006001004,0O
021220006001005,0O
021220006001006,0O
021220006001007,0O
021220006001008,0O
021220006001009,0O
021220006001010,0O
021220006001011,0O
021220006001012,0O
021220006001013,0O
021220006001014,0O
021220006001015,0O
021220006001016,0O
021220006001017,0O
021220006001018,0O
021220006001019,0O
021220006001020,0O
021220006001021,0O
021220006001022,0O
021220006001023,0O
021220006001024,0O
021220006001025,0O
021220006001026,0O
021220006001027,0O
021220006001028,0O
021220006001029,0O
021220006001030,0O
021220006001031,0O
021220006002000,0O
021220006002001,0O
021220006002002,0O
021220006002003,0O
021220006002004,0O
021220006002005,0O
021220006002006,0O
021220006002007,0O
021220006002008,0O
021220006002009,0O
021220006002010,0O
021220006002011,0O
021220006002012,0O
021220006002013,0O
021220006002014,0O
021220006002015,0O
021220006002016,0O
021220006002017,0O
021220006002018,0O
021220006002019,0O
021220006002020,0O
021220006002021,0O
021220006002022,0O
021220006002023,0O
021220006002024,0O
021220006002025,0O
021220006002026,0O
021220006002027,0O
021220006002028,0O
021220006002029,0O
021220006002030,0O
021220006002031,0O
021220006002032,0O
021220006002033,0O
021220006002034,0O
021220006002035,0O
021220006004015,0O
021220006005005,0O
021220006005006,0O
021220006005007,0O
021220006005008,0O
021220006005009,0O
021220006005010,0O
021220006005011,0O
021220006005012,0O
021220006005013,0O
021220006005014,0O
021220006005015,0O
021220006005016,0O
021220006005017,0O
021220006005018,0O
021220006005019,0O
021220006005020,0O
021220006005021,0O
021220006005022,0O
021220006005023,0O
021220006005024,0O
021220006005025,0O
021220006005026,0O
021220006005027,0O
021220006005028,0O
021220006005029,0O
021220006005030,0O
021220006005031,0O
021220006005032,0O
021220006005033,0O
021220006005034,0O
021220006005035,0O
021220006005036,0O
021220006005037,0O
021220006005038,0O
021220006005039,0O
021220006005040,0O
021220006005041,0O
021220006005042,0O
021220006005043,0O
021220006005044,0O
021220006005045,0O
021220006005046,0O
021220006005047,0O
021220006005048,0O
021220006005049,0O
021220006005050,0O
021220006005051,0O
021220006005052,0O
021220007021033,0O
021220006003000,0O
021220006003001,0O
021220006003002,0O
021220006003003,0O
021220006003004,0O
021220006003005,0O
021220006003006,0O
021220006003007,0O
021220006003008,0O
021220006003009,0O
021220006003010,0O
021220006003011,0O
021220006003012,0O
021220006003013,0O
021220006003014,0O
021220006003015,0O
021220006003016,0O
021220006003017,0O
021220006003018,0O
021220006003019,0O
021220006003020,0O
021220006003021,0O
021220006003022,0O
021220006003023,0O
021220006003024,0O
021220006003025,0O
021220006003026,0O
021220006003027,0O
021220006003028,0O
021220006003029,0O
021220006003030,0O
021220006003031,0O
021220006003032,0O
021220006005000,0O
021220006005001,0O
021220006005003,0O
021220006005004,0O
021220006005065,0O
021220007011018,0O
021220007021000,0O
021220007021001,0O
021220007021002,0O
021220007021003,0O
021220007021004,0O
021220007021005,0O
021220007021006,0O
021220007021007,0O
021220007021008,0O
021220007021009,0O
021220007021010,0O
021220007021011,0O
021220007021012,0O
021220007021013,0O
021220007021014,0O
021220007021015,0O
021220007021016,0O
021220007021017,0O
021220007021018,0O
021220007021019,0O
021220007021020,0O
021220007021021,0O
021220007021022,0O
021220007021023,0O
021220007021024,0O
021220007021025,0O
021220007021026,0O
021220007021027,0O
021220007021028,0O
021220007021029,0O
021220007021030,0O
021220007021031,0O
021220007021032,0O
021220007021034,0O
021220007021035,0O
021220007021036,0O
021220007021037,0O
021220007021038,0O
021220007021039,0O
021220007021040,0O
021220007021041,0O
021220007021042,0O
021220007021043,0O
021220007021044,0O
021220007021046,0O
021220007021055,0O
021220007021056,0O
021220007021059,0O
021220007021060,0O
021220007022000,0O
021220007022001,0O
021220007022002,0O
021220007022003,0O
021220007022004,0O
021220007022005,0O
021220007022006,0O
021220007022007,0O
021220007022008,0O
021220007022009,0O
021220007022010,0O
021220007022011,0O
021220007022012,0O
021220007022013,0O
021220007022014,0O
021220007022015,0O
021220007022016,0O
021220007022017,0O
021220007022019,0O
021220007022029,0O
021220007022030,0O
021220007022031,0O
021220007022032,0O
021220007022033,0O
021220007022034,0O
021220007022037,0O
021220007012018,0P
021220007012020,0P
021220007012021,0P
021220007012022,0P
021220007012024,0P
021220007013000,0P
021220007013001,0P
021220007013002,0P
021220007013003,0P
021220007013004,0P
021220007013005,0P
021220007013006,0P
021220007013007,0P
021220007013008,0P
021220007013009,0P
021220007013010,0P
021220007013011,0P
021220007013012,0P
021220007013013,0P
021220007013014,0P
021220007013015,0P
021220007013016,0P
021220007013017,0P
021220007013018,0P
021220007013019,0P
021220007013020,0P
021220007013021,0P
021220007013022,0P
021220007013023,0P
021220007013024,0P
021220007013025,0P
021220007013026,0P
021220007013027,0P
021220007013028,0P
021220007013029,0P
021220007013030,0P
021220007013031,0P
021220007013032,0P
021220007013033,0P
021220007013034,0P
021220007013035,0P
021220007013036,0P
021220007013037,0P
021220007013038,0P
021220007013039,0P
021220007013040,0P
021220007013041,0P
021220007013042,0P
021220007013043,0P
021220007013044,0P
021220007013045,0P
021220007013046,0P
021220007013047,0P
021220007013048,0P
021220007013049,0P
021220007013050,0P
021220007013051,0P
021220007013052,0P
021220007013053,0P
021220007013054,0P
021220007013055,0P
021220007013056,0P
021220007013057,0P
021220007013058,0P
021220007013059,0P
021220007013060,0P
021220007013061,0P
021220007013062,0P
021220007013063,0P
021220007013064,0P
021220007013065,0P
021220007013066,0P
021220007013067,0P
021220007013068,0P
021220007013069,0P
021220007013070,0P
021220007013071,0P
021220008001006,0P
021220008001008,0P
021220008001035,0P
021220008001000,0P
021220008001001,0P
021220008001002,0P
021220008001003,0P
021220008001004,0P
021220008001005,0P
021220008001007,0P
021220008001009,0P
021220008001010,0P
021220008001011,0P
021220008001012,0P
021220008001013,0P
021220008001014,0P
021220008001015,0P
021220008001016,0P
021220008001017,0P
021220008001018,0P
021220008001019,0P
021220008001020,0P
021220008001021,0P
021220008001022,0P
021220008001023,0P
021220008001024,0P
021220008001025,0P
021220008001026,0P
021220008001027,0P
021220008001028,0P
021220008001029,0P
021220008001030,0P
021220008001031,0P
021220008001032,0P
021220008001033,0P
021220008001034,0P
021220008001036,0P
021220008001037,0P
021220008001038,0P
021220008001039,0P
021220008001040,0P
021220008001041,0P
021220008001042,0P
021220008001043,0P
021220008001044,0P
021220008001045,0P
021220008001046,0P
021220008001047,0P
021220008001048,0P
021220008001049,0P
021220008001050,0P
021220008001051,0P
021220008001052,0P
021220008001053,0P
021220008001054,0P
021220008001055,0P
021220008001056,0P
021220008001057,0P
021220008001058,0P
021220008001059,0P
021220008001060,0P
021220008001061,0P
021220008001062,0P
021220008001063,0P
021220008001064,0P
021220008001065,0P
021220008001066,0P
021220008001067,0P
021220008001068,0P
021220008001069,0P
021220008001070,0P
021220008001071,0P
021220008001073,0P
021220008001074,0P
021220008001075,0P
021220008001076,0P
021220008001077,0P
021220008001078,0P
021220008001079,0P
021220008001072,0P
021220008002000,0P
021220008002001,0P
021220008002002,0P
021220008002003,0P
021220008002004,0P
021220008002005,0P
021220008002006,0P
021220008002007,0P
021220008002008,0P
021220008002009,0P
021220008002010,0P
021220008002011,0P
021220008002012,0P
021220008002013,0P
021220008002014,0P
021220008002015,0P
021220008002016,0P
021220008002017,0P
021220008002018,0P
021220008002019,0P
021220008002020,0P
021220008002021,0P
021220008002022,0P
021220008003000,0P
021220008003001,0P
021220008003002,0P
021220008003003,0P
021220008003004,0P
021220008003005,0P
021220008003006,0P
021220008003007,0P
021220008003008,0P
021220008003009,0P
021220008003010,0P
021220008003011,0P
021220008003012,0P
021220008003013,0P
021220008003014,0P
021220008003015,0P
021220008003016,0P
021220008003017,0P
021220008003018,0P
021220008003019,0P
021220008003020,0P
021220008003021,0P
021220008003022,0P
021220008003023,0P
021220008003024,0P
021220008003025,0P
021220008003027,0P
021220008003028,0P
021220008003029,0P
021220008003030,0P
021220008003031,0P
021220008003032,0P
021220008003033,0P
021220008003026,0P
021220009001000,0P
021220009001001,0P
021220009001002,0P
021220009001003,0P
021220009001004,0P
021220009001006,0P
021220009001008,0P
021220009001009,0P
021220009001010,0P
021220009001011,0P
021220009001012,0P
021220009001013,0P
021220009001014,0P
021220009001015,0P
021220009001016,0P
021220009001017,0P
021220009001018,0P
021220009001019,0P
021220009001020,0P
021220009001021,0P
021220009001022,0P
021220009001023,0P
021220009001030,0P
021220009001044,0P
021220009001045,0P
021220009001046,0P
021220011001037,0P
021220009001005,0P
021220009001064,0P
021220009001065,0P
021220009001066,0P
021220010001001,0P
021220011001012,0P
021220011001013,0P
021220011001014,0P
021220011001015,0P
021220011001016,0P
021220011001017,0P
021220011001018,0P
021220011001029,0P
021220011001030,0P
021220011001031,0P
021220011001032,0P
021220011001038,0P
021220011001046,0P
021220011001047,0P
021220011001048,0P
021220011001049,0P
021220011001050,0P
021220011001051,0P
021220011001052,0P
021220011001053,0P
021220011001054,0P
021220011001055,0P
021220011001056,0P
021220011001057,0P
021220011001058,0P
021220011001059,0P
021220009001007,0P
021220009001024,0P
021220009001025,0P
021220009001027,0P
021220009001028,0P
021220009001029,0P
021220009001040,0P
021220009001041,0P
021220009001042,0P
021220009001043,0P
021220009001047,0P
021220009001048,0P
021220009001049,0P
021220009001050,0P
021220009001051,0P
021220009001052,0P
021220009001053,0P
021220009001058,0P
021220009001059,0P
021220009001060,0P
021220009001061,0P
021220009001062,0P
021220009001063,0P
021220009001067,0P
021220009001068,0P
021220010001034,0P
021220010002001,0P
021220010002002,0P
021220010002003,0P
021220010002004,0P
021220010002005,0P
021220010002006,0P
021220010002007,0P
021220010002008,0P
021220010002010,0P
021220010002011,0P
021220010002012,0P
021220010002013,0P
021220010002014,0P
021220010002015,0P
021220010002016,0P
021220010002017,0P
021220010002018,0P
021220010002019,0P
021220010002020,0P
021220010002022,0P
021220010002023,0P
021220010002024,0P
021220010003004,0P
021220010003005,0P
021220010003006,0P
021220010003007,0P
021220010003008,0P
021220010003009,0P
021220010003010,0P
021220010003011,0P
021220010003012,0P
021220010003013,0P
021220010003014,0P
021220010003015,0P
021220010003016,0P
021220010003017,0P
021220010003018,0P
021220010003019,0P
021220010003020,0P
021220010003021,0P
021220010003022,0P
021220010003024,0P
021220010003025,0P
021220010003026,0P
021220009001026,0P
021220009001031,0P
021220009001032,0P
021220009001033,0P
021220009001034,0P
021220009001035,0P
021220009001036,0P
021220009001037,0P
021220009001038,0P
021220009001039,0P
021220009001054,0P
021220009001055,0P
021220009001056,0P
021220009001057,0P
021220010001000,0P
021220010001002,0P
021220010001003,0P
021220010001004,0P
021220010001005,0P
021220010001006,0P
021220010001007,0P
021220010001008,0P
021220010001009,0P
021220010001010,0P
021220010001011,0P
021220010001012,0P
021220010001013,0P
021220010001014,0P
021220010001015,0P
021220010001016,0P
021220010001017,0P
021220010001018,0P
021220010001019,0P
021220010001020,0P
021220010001021,0P
021220010001022,0P
021220010001023,0P
021220010001024,0P
021220010001025,0P
021220010001026,0P
021220010001027,0P
021220010001028,0P
021220010001029,0P
021220010001030,0P
021220010001031,0P
021220010001032,0P
021220010001033,0P
021220010001035,0P
021220010001036,0P
021220010001037,0P
021220010001038,0P
021220010001039,0P
021220010001040,0P
021220010001041,0P
021220010001042,0P
021220010002000,0P
021220010002009,0P
021220010002021,0P
021220010003000,0P
021220010003001,0P
021220010003002,0P
021220010003003,0P
021220010003023,0P
021220011001039,0P
021220013001058,0O
021220013001060,0O
021220013001062,0O
021220013001066,0O
021220013001067,0O
021220013001069,0O
021220013001364,0O
021220013001365,0O
021220013002000,0O
021220013002001,0O
021220013002002,0O
021220013002003,0O
021220013002004,0O
021220013002005,0O
021220013002006,0O
021220013002007,0O
021220013002008,0O
021220013002009,0O
021220013002010,0O
021220013002011,0O
021220013002012,0O
021220013002013,0O
021220013002014,0O
021220013002015,0O
021220013002016,0O
021220013002017,0O
021220013002018,0O
021220013002019,0O
021220013002020,0O
021220013002021,0O
021220013002022,0O
021220013002023,0O
021220013002024,0O
021220013002025,0O
021220013002026,0O
021220013002027,0O
021220013002028,0O
021220013002029,0O
021220013002030,0O
021220013002031,0O
021220013002032,0O
021220013002033,0O
021220013002034,0O
021220013002035,0O
021220013002036,0O
021220013002037,0O
021220013002038,0O
021220013002039,0O
021220013002040,0O
021220013002041,0O
021220013002042,0O
021220013002043,0O
021220013002044,0O
021220013002045,0O
021220013002046,0O
021220013002047,0O
021220013002048,0O
021220013002049,0O
021220013002050,0O
021220013002051,0O
021220013002052,0O
021220013002053,0O
021220013002054,0O
021220013002055,0O
021220013002056,0O
021220013002057,0O
021220013002058,0O
021220013002059,0O
021220013002060,0O
021220013002061,0O
021220013002062,0O
021220013002063,0O
021220013002064,0O
021220013002065,0O
021220013002066,0O
021220013002067,0O
021220013002068,0O
021220013002069,0O
021220013002070,0O
021220013002071,0O
021220013002072,0O
021220013002073,0O
021220013002074,0O
021220013002075,0O
021220013002076,0O
021220013002077,0O
021220013002078,0O
021220013002079,0O
021220013002080,0O
021220013002081,0O
021220013002082,0O
021220013002083,0O
021220013002084,0O
021220013002085,0O
021220013002086,0O
021220013002087,0O
021220013002088,0O
021220013002089,0O
021220013002090,0O
021220013002091,0O
021220013002092,0O
021220013002093,0O
021220013002094,0O
021220013002095,0O
021220013002096,0O
021220013002097,0O
021220013002098,0O
021220013002099,0O
021220013002100,0O
021220013002101,0O
021220013002102,0O
021220013002103,0O
021220013002104,0O
021220013002105,0O
021220013002106,0O
021220013002107,0O
021220013002108,0O
021220013002109,0O
021220013002110,0O
021220013002111,0O
021220013002112,0O
021220013002113,0O
021220013002114,0O
021220013002115,0O
021220013002116,0O
021220013002117,0O
021220013002118,0O
021220013002119,0O
021220013002120,0O
021220013002121,0O
021220013002122,0O
021220013002123,0O
021220013002124,0O
021220013002125,0O
021220013002126,0O
021220013002127,0O
021220013002128,0O
021220013002129,0O
021220013002130,0O
021220013002131,0O
021220013002132,0O
021220013002133,0O
021220013002134,0O
021220013002135,0O
021220013002136,0O
021220013002137,0O
021220013002138,0O
021220013002139,0O
021220013002140,0O
021220013002141,0O
021220013002142,0O
021220013002143,0O
021220013002144,0O
021220013002145,0O
021220013001070,0O
021220013001071,0O
021220013001072,0O
021220013001073,0O
021220013001074,0O
021220013001075,0O
021220013001076,0O
021220013001077,0O
021220013001078,0O
021220013001079,0O
021220013001080,0O
021220013001081,0O
021220013001082,0O
021220013001083,0O
021220013001084,0O
021220013001085,0O
021220013001086,0O
021220013001087,0O
021220013001088,0O
021220013001089,0O
021220013001090,0O
021220013001091,0O
021220013001092,0O
021220013001093,0O
021220013001094,0O
021220013001095,0O
021220013001096,0O
021220013001097,0O
021220013001098,0O
021220013001099,0O
021220013001100,0O
021220013001101,0O
021220013001102,0O
021220013001103,0O
021220013001104,0O
021220013001105,0O
021220013001106,0O
021220013001107,0O
021220013001108,0O
021220013001109,0O
021220013001110,0O
021220013001111,0O
021220013001112,0O
021220013001113,0O
021220013001114,0O
021220013001115,0O
021220013001116,0O
021220013001117,0O
021220013001118,0O
021220013001119,0O
021220013001120,0O
021220013001121,0O
021220013001122,0O
021220013001123,0O
021220013001124,0O
021220013001125,0O
021220013001126,0O
021220013001127,0O
021220013001128,0O
021220013001129,0O
021220013001130,0O
021220013001131,0O
021220013001132,0O
021220013001133,0O
021220013001134,0O
021220013001135,0O
021220013001136,0O
021220013001137,0O
021220013001138,0O
021220013001139,0O
021220013001140,0O
021220013001141,0O
021220013001361,0O
021220013001362,0O
021300001011000,0R
021300001011001,0R
021300001011002,0R
021300001011003,0R
021300001011004,0R
021300001011005,0R
021300001011006,0R
021300001011007,0R
021300001011008,0R
021300001011009,0R
021300001011010,0R
021300001011011,0R
021300001011012,0R
021300001011013,0R
021300001011014,0R
021300001011015,0R
021300001011016,0R
021300001011017,0R
021300001021163,0R
021300001021250,0R
021300001021251,0R
021300001021252,0R
021300001021253,0R
021300001021297,0R
021300001021298,0R
021300001021299,0R
021300001021300,0R
021300001021301,0R
021300001021302,0R
021300001021303,0R
021300001021304,0R
021300001021306,0R
021300001021307,0R
021300001021410,0R
021300001021411,0R
021300002002000,0R
021300001012000,0R
021300001012001,0R
021300001012002,0R
021300001012003,0R
021300001012004,0R
021300001012005,0R
021300001012006,0R
021300001012007,0R
021300001012008,0R
021300001012009,0R
021300001012010,0R
021300001012011,0R
021300001012012,0R
021300001012013,0R
021300001012014,0R
021300001012015,0R
021300001021015,0R
021300001021152,0R
021300001021153,0R
021300001021154,0R
021300001021155,0R
021300001021156,0R
021300001021157,0R
021300001021158,0R
021300001021159,0R
021300001021160,0R
021300001021161,0R
021300001021162,0R
021300001021164,0R
021300001021165,0R
021300001021168,0R
021300001021169,0R
021300001021170,0R
021300001021171,0R
021300001021172,0R
021300001021174,0R
021300001021175,0R
021300001021176,0R
021300001021177,0R
021300001021178,0R
021300001021179,0R
021300001021180,0R
021300001021181,0R
021300001021183,0R
021300001021184,0R
021300001021185,0R
021300001021186,0R
021300001021187,0R
021300001021188,0R
021300001021189,0R
021300001021190,0R
021300001021191,0R
021300001021192,0R
021300001021193,0R
021300001021194,0R
021300001021195,0R
021300001021196,0R
021300001021197,0R
021300001021198,0R
021300001021199,0R
021300001021200,0R
021300001021201,0R
021300001021202,0R
021300001021203,0R
021300001021204,0R
021300001021205,0R
021300001021206,0R
021300001021207,0R
021300001021208,0R
021300001021209,0R
021300001021210,0R
021300001021211,0R
021300001021212,0R
021300001021213,0R
021300001021214,0R
021300001021215,0R
021300001021216,0R
021300001021217,0R
021300001021218,0R
021300001021219,0R
021300001021220,0R
021300001021221,0R
021300001021222,0R
021300001021223,0R
021300001021224,0R
021300001021225,0R
021300001021226,0R
021300001021227,0R
021300001021228,0R
021300001021229,0R
021300001021230,0R
021300001021231,0R
021300001021232,0R
021300001021233,0R
021300001021234,0R
021300001021235,0R
021300001021236,0R
021300001021237,0R
021300001021238,0R
021300001021239,0R
021300001021240,0R
021300001021241,0R
021300001021242,0R
021300001021243,0R
021300001021244,0R
021300001021245,0R
021300001021246,0R
021300001021247,0R
021300001021248,0R
021300001021249,0R
021300001021308,0R
021300001021309,0R
021300001021310,0R
021300001021311,0R
021300001021312,0R
021300001021313,0R
021300001021314,0R
021300001021315,0R
021300001021316,0R
021300001021338,0R
021300001021339,0R
021300001021341,0R
021300001021342,0R
021300001021343,0R
021300001021344,0R
021300001021345,0R
021300001021346,0R
021300001021347,0R
021300001021348,0R
021300001021349,0R
021300001021350,0R
021300001021351,0R
021300001021352,0R
021300001021353,0R
021300001021413,0R
021300001021414,0R
021300001021415,0R
021300001021416,0R
021300001021417,0R
021300001021419,0R
021300001021431,0R
021300001021438,0R
021300001021439,0R
021300001021440,0R
021300001021441,0R
021300001021442,0R
021300001021443,0R
021300001021444,0R
021300001021445,0R
021300001021000,0R
021300001021001,0R
021300001021002,0R
021300001021003,0R
021300001021004,0R
021300001021005,0R
021300001021006,0R
021300001021007,0R
021300001021008,0R
021300001021009,0R
021300001021010,0R
021300001021011,0R
021300001021012,0R
021300001021013,0R
021300001021014,0R
021300001021016,0R
021300001021017,0R
021300001021018,0R
021300001021019,0R
021300001021020,0R
021300001021021,0R
021300001021022,0R
021300001021023,0R
021300001021024,0R
021300001021025,0R
021300001021026,0R
021300001021027,0R
021300001021028,0R
021300001021029,0R
021300001021030,0R
021300001021031,0R
021300001021032,0R
021300001021033,0R
021300001021034,0R
021300001021035,0R
021300001021036,0R
021300001021037,0R
021300001021038,0R
021300001021039,0R
021300001021040,0R
021300001021041,0R
021300001021042,0R
021300001021043,0R
021300001021044,0R
021300001021045,0R
021300001021046,0R
021300001021047,0R
021300001021048,0R
021300001021049,0R
021300001021050,0R
021300001021051,0R
021300001021052,0R
021300001021053,0R
021300001021054,0R
021300001021055,0R
021300001021056,0R
021300001021057,0R
021300001021058,0R
021300001021059,0R
021300001021060,0R
021300001021061,0R
021300001021062,0R
021300001021063,0R
021300001021064,0R
021300001021065,0R
021300001021066,0R
021300001021067,0R
021300001021068,0R
021300001021069,0R
021300001021070,0R
021300001021071,0R
021300001021072,0R
021300001021073,0R
021300001021074,0R
021300001021075,0R
021300001021076,0R
021300001021077,0R
021300001021078,0R
021300001021079,0R
021300001021080,0R
021300001021081,0R
021300001021082,0R
021300001021083,0R
021300001021084,0R
021300001021085,0R
021300001021086,0R
021300001021087,0R
021300001021088,0R
021300001021089,0R
021300001021090,0R
021300001021091,0R
021300001021092,0R
021300001021093,0R
021300001021094,0R
021300001021095,0R
021300001021096,0R
021300001021097,0R
021300001021098,0R
021300001021099,0R
021300001021100,0R
021300001021101,0R
021300001021102,0R
021300001021103,0R
021300001021104,0R
021300001021105,0R
021300001021106,0R
021300001021107,0R
021300001021108,0R
021300001021109,0R
021300001021110,0R
021300001021111,0R
021300001021112,0R
021300001021113,0R
021300001021114,0R
021300001021115,0R
021300001021116,0R
021300001021117,0R
021300001021118,0R
021300001021119,0R
021300001021120,0R
021300001021121,0R
021300001021122,0R
021300001021123,0R
021300001021124,0R
021300001021125,0R
021300001021126,0R
021300001021127,0R
021300001021128,0R
021300001021129,0R
021300001021130,0R
021300001021131,0R
021300001021132,0R
021300001021133,0R
021300001021134,0R
021300001021135,0R
021300001021136,0R
021300001021137,0R
021300001021138,0R
021300001021139,0R
021300001021140,0R
021300001021141,0R
021300001021142,0R
021300001021143,0R
021300001021144,0R
021300001021145,0R
021300001021146,0R
021300001021147,0R
021300001021148,0R
021300001021149,0R
021300001021150,0R
021300001021151,0R
021300001021166,0R
021300001021167,0R
021300001021173,0R
021300001021182,0R
021300001021254,0R
021300001021255,0R
021300001021256,0R
021300001021257,0R
021300001021258,0R
021300001021259,0R
021300001021260,0R
021300001021261,0R
021300001021262,0R
021300001021263,0R
021300001021264,0R
021300001021265,0R
021300001021266,0R
021300001021267,0R
021300001021268,0R
021300001021269,0R
021300001021270,0R
021300001021271,0R
021300001021272,0R
021300001021273,0R
021300001021274,0R
021300001021275,0R
021300001021276,0R
021300001021277,0R
021300001021278,0R
021300001021279,0R
021300001021280,0R
021300001021281,0R
021300001021282,0R
021300001021283,0R
021300001021284,0R
021300001021285,0R
021300001021286,0R
021300001021287,0R
021300001021288,0R
021300001021289,0R
021300001021290,0R
021300001021291,0R
021300001021292,0R
021300001021293,0R
021300001021294,0R
021300001021295,0R
021300001021296,0R
021300001021305,0R
021300001021317,0R
021300001021318,0R
021300001021319,0R
021300001021320,0R
021300001021321,0R
021300001021322,0R
021300001021323,0R
021300001021324,0R
021300001021325,0R
021300001021326,0R
021300001021327,0R
021300001021328,0R
021300001021329,0R
021300001021330,0R
021300001021331,0R
021300001021332,0R
021300001021333,0R
021300001021334,0R
021300001021335,0R
021300001021336,0R
021300001021337,0R
021300001021340,0R
021300001021354,0R
021300001021355,0R
021300001021356,0R
021300001021357,0R
021300001021358,0R
021300001021359,0R
021300001021360,0R
021300001021361,0R
021300001021362,0R
021300001021363,0R
021300001021364,0R
021300001021365,0R
021300001021366,0R
021300001021367,0R
021300001021368,0R
021300001021369,0R
021300001021370,0R
021300001021371,0R
021300001021372,0R
021300001021373,0R
021300001021374,0R
021300001021375,0R
021300001021376,0R
021300001021377,0R
021300001021378,0R
021300001021379,0R
021300001021380,0R
021300001021381,0R
021300001021382,0R
021300001021383,0R
021300001021384,0R
021300001021385,0R
021300001021386,0R
021300001021387,0R
021300001021388,0R
021300001021389,0R
021300001021390,0R
021300001021391,0R
021300001021392,0R
021300001021393,0R
021300001021394,0R
021300001021395,0R
021300001021396,0R
021300001021397,0R
021300001021398,0R
021300001021399,0R
021300001021400,0R
021300001021401,0R
021300001021402,0R
021300001021403,0R
021300001021404,0R
021300001021405,0R
021300001021406,0R
021300001021407,0R
021300001021408,0R
021300001021409,0R
021300001021412,0R
021300001021418,0R
021300001021420,0R
021300001021421,0R
021300001021422,0R
021300001021423,0R
021300001021424,0R
021300001021425,0R
021300001021426,0R
021300001021427,0R
021300001021428,0R
021300001021429,0R
021300001021430,0R
021300001021432,0R
021300001021435,0R
021300001021436,0R
021300001021437,0R
021300001021446,0R
021300001021447,0R
021300001021448,0R
021300003003000,0R
021300003003011,0R
021300004001000,0R
021300004001001,0R
021300004001002,0R
021300004001003,0R
021300004002000,0R
021300004002001,0R
021300004002002,0R
021300004002003,0R
021300004002004,0R
021300004002005,0R
021300004002006,0R
021300004002007,0R
021300004002008,0R
021300004002009,0R
021300004002010,0R
021300004002011,0R
021300004002012,0R
021300004002013,0R
021300004002014,0R
021300004002015,0R
021300004002016,0R
021300001021433,0R
021300001021434,0R
021300002002001,0R
021300002002002,0R
021300002002004,0R
021300002002005,0R
021300002002006,0R
021300002002007,0R
021300002002008,0R
021300002002009,0R
021300002002010,0R
021300002002011,0R
021300002002012,0R
021300002002013,0R
021300002002014,0R
021300002003000,0R
021300002003001,0R
021300002003002,0R
021300002003003,0R
021300002003004,0R
021300002003005,0R
021300002003006,0R
021300002003007,0R
021300002003008,0R
021300002003009,0R
021300002003010,0R
021300002003011,0R
021300002003012,0R
021300002003017,0R
021300002003018,0R
021300002001000,0R
021300002001001,0R
021300002001002,0R
021300002001003,0R
021300002001004,0R
021300002001005,0R
021300002001006,0R
021300002001007,0R
021300002001008,0R
021300002001009,0R
021300002001010,0R
021300002001011,0R
021300002001012,0R
021300002001013,0R
021300002001014,0R
021300002001015,0R
021300002001016,0R
021300002001017,0R
021300002001018,0R
021300002001019,0R
021300002001020,0R
021300002001021,0R
021300002001022,0R
021300002001023,0R
021300002001024,0R
021300002001025,0R
021300002001026,0R
021300002001027,0R
021300002001028,0R
021300002002003,0R
021300002002015,0R
021300002003013,0R
021300002003014,0R
021300002003015,0R
021300002003016,0R
021300003002002,0R
021300003002003,0R
021300003002004,0R
021300003002005,0R
021300003002006,0R
021300003002007,0R
021300003002008,0R
021300003002017,0R
021300003002018,0R
021300003002019,0R
021300003002020,0R
021300003002030,0R
021300003001000,0R
021300003001001,0R
021300003001002,0R
021300003001003,0R
021300003001004,0R
021300003001005,0R
021300003001006,0R
021300003001007,0R
021300003001008,0R
021300003001009,0R
021300003002000,0R
021300003002001,0R
021300003002009,0R
021300003002010,0R
021300003002011,0R
021300003002012,0R
021300003002013,0R
021300003002014,0R
021300003002015,0R
021300003002016,0R
021300003002021,0R
021300003002022,0R
021300003002023,0R
021300003002024,0R
021300003002025,0R
021300003002026,0R
021300003002027,0R
021300003002028,0R
021300003002029,0R
021300003002031,0R
021300003003001,0R
021300003003002,0R
021300003003003,0R
021300003003004,0R
021300003003005,0R
021300003003006,0R
021300003003007,0R
021300003003008,0R
021300003003009,0R
021300003003010,0R
021300003003012,0R
021300003003013,0R
021300003003014,0R
021300003003015,0R
021300003003016,0R
021300004001004,0R
021300004001005,0R
021300004001006,0R
021300004001007,0R
021300004001008,0R
021500001001000,0P
021500001001001,0P
021500001001002,0P
021500001001003,0P
021500001001004,0P
021500001001005,0P
021500001001006,0P
021500001001007,0P
021500001001008,0P
021500001001009,0P
021500001001010,0P
021500001001011,0P
021500001001012,0P
021500001001013,0P
021500001001014,0P
021500001001015,0P
021500001001016,0P
021500001001017,0P
021500001001018,0P
021500001001019,0P
021500001001020,0P
021500001001021,0P
021500001001022,0P
021500001001023,0P
021500001001024,0P
021500001001025,0P
021500001001026,0P
021500001001027,0P
021500001001028,0P
021500001001029,0P
021500001001030,0P
021500001001031,0P
021500001001032,0P
021500001001033,0P
021500001001034,0P
021500001001035,0P
021500001001036,0P
021500001001037,0P
021500001001038,0P
021500001001039,0P
021500001001040,0P
021500001001041,0P
021500001001042,0P
021500001001043,0P
021500001001044,0P
021500001001045,0P
021500001001046,0P
021500001001047,0P
021500001001048,0P
021500001001049,0P
021500001001050,0P
021500001001051,0P
021500001001052,0P
021500001001053,0P
021500001001054,0P
021500001001055,0P
021500001001056,0P
021500001001057,0P
021500001001058,0P
021500001001059,0P
021500001001060,0P
021500001001061,0P
021500001001062,0P
021500001001063,0P
021500001001064,0P
021500001001065,0P
021500001001066,0P
021500001001067,0P
021500001001068,0P
021500001001069,0P
021500001001070,0P
021500001001071,0P
021500001001072,0P
021500001001073,0P
021500001001074,0P
021500001001075,0P
021500001001076,0P
021500001001077,0P
021500001001078,0P
021500001001079,0P
021500001001080,0P
021500001001081,0P
021500001001082,0P
021500001001083,0P
021500001001084,0P
021500001001085,0P
021500001001086,0P
021500001001087,0P
021500001001088,0P
021500001001089,0P
021500001001090,0P
021500001001091,0P
021500001001092,0P
021500001001093,0P
021500001001094,0P
021500001001095,0P
021500001001096,0P
021500001001097,0P
021500001001098,0P
021500001001099,0P
021500001001100,0P
021500001001101,0P
021500001001102,0P
021500001001103,0P
021500001001104,0P
021500001001105,0P
021500001001106,0P
021500001001107,0P
021500001001108,0P
021500001001109,0P
021500001001110,0P
021500001001111,0P
021500001001112,0P
021500001001113,0P
021500001001114,0P
021500001001115,0P
021500001001116,0P
021500001001117,0P
021500001001118,0P
021500001001119,0P
021500001001120,0P
021500001001121,0P
021500001001122,0P
021500001001123,0P
021500001001124,0P
021500001001125,0P
021500001001126,0P
021500001001127,0P
021500001001128,0P
021500001001129,0P
021500001001130,0P
021500001001131,0P
021500001001132,0P
021500001001133,0P
021500001001134,0P
021500001001135,0P
021500001001136,0P
021500001001137,0P
021500001001138,0P
021500001001139,0P
021500001001140,0P
021500001001141,0P
021500001001142,0P
021500001001143,0P
021500001001144,0P
021500001001145,0P
021500001001146,0P
021500001001147,0P
021500001001148,0P
021500001001149,0P
021500001001150,0P
021500001001151,0P
021500001001152,0P
021500001001153,0P
021500001001154,0P
021500001001155,0P
021500001001156,0P
021500001001157,0P
021500001001158,0P
021500001001159,0P
021500001001160,0P
021500001001161,0P
021500001001162,0P
021500001001163,0P
021500001001164,0P
021500001001165,0P
021500001001166,0P
021500001001167,0P
021500001001168,0P
021500001001169,0P
021500001001170,0P
021500001001171,0P
021500001001172,0P
021500001001173,0P
021500001001174,0P
021500001001175,0P
021500001001176,0P
021500001001177,0P
021500001001178,0P
021500001001179,0P
021500001001180,0P
021500001001181,0P
021500001001182,0P
021500001001183,0P
021500001001184,0P
021500001001185,0P
021500001001186,0P
021500001001187,0P
021500001001188,0P
021500001001189,0P
021500001001190,0P
021500001001191,0P
021500001001192,0P
021500001001193,0P
021500001001194,0P
021500001001195,0P
021500001001196,0P
021500001001197,0P
021500001001198,0P
021500001001199,0P
021500001001200,0P
021500001001201,0P
021500001001202,0P
021500001001203,0P
021500001001204,0P
021500001001205,0P
021500001001206,0P
021500001001207,0P
021500001001208,0P
021500001001209,0P
021500001001210,0P
021500001001211,0P
021500001001212,0P
021500001001214,0P
021500001001215,0P
021500001001216,0P
021500001001217,0P
021500001001218,0P
021500001001219,0P
021500001001220,0P
021500001001221,0P
021500001001222,0P
021500001001223,0P
021500001001224,0P
021500001001225,0P
021500001001226,0P
021500001001227,0P
021500001001228,0P
021500001001229,0P
021500001001230,0P
021500001001231,0P
021500001001232,0P
021500001001233,0P
021500001001234,0P
021500001001235,0P
021500001001236,0P
021500001001237,0P
021500001001238,0P
021500001001239,0P
021500001001240,0P
021500001001241,0P
021500001001242,0P
021500001001243,0P
021500001001244,0P
021500001001245,0P
021500001001246,0P
021500001001247,0P
021500001001248,0P
021500001001249,0P
021500001001250,0P
021500001001251,0P
021500001001252,0P
021500001001253,0P
021500001001254,0P
021500001001255,0P
021500001001256,0P
021500001001257,0P
021500001001258,0P
021500001001259,0P
021500001001260,0P
021500001001261,0P
021500001001262,0P
021500001001263,0P
021500001001264,0P
021500001001265,0P
021500001001266,0P
021500001001267,0P
021500001001268,0P
021500001001269,0P
021500001001270,0P
021500001001271,0P
021500001001272,0P
021500001001273,0P
021500001001274,0P
021500001001275,0P
021500001001276,0P
021500001001277,0P
021500001001278,0P
021500001001279,0P
021500001001280,0P
021500001001281,0P
021500001001282,0P
021500001001283,0P
021500001001284,0P
021500001001285,0P
021500001001286,0P
021500001001287,0P
021500001001288,0P
021500001001289,0P
021500001001290,0P
021500001001291,0P
021500001001292,0P
021500001001293,0P
021500001001294,0P
021500001001295,0P
021500001001296,0P
021500001001297,0P
021500001001298,0P
021500001001299,0P
021500001001300,0P
021500001001301,0P
021500001001302,0P
021500001001303,0P
021500001001304,0P
021500001001305,0P
021500001001323,0P
021500001001325,0P
021500001001326,0P
021500001001327,0P
021500001001328,0P
021500001001329,0P
021500001001330,0P
021500001001331,0P
021500001001332,0P
021500001001333,0P
021500001001334,0P
021500001001335,0P
021500001001336,0P
021500001001337,0P
021500001001338,0P
021500001001339,0P
021500001001340,0P
021500001001341,0P
021500001001342,0P
021500001001343,0P
021500001001344,0P
021500001001345,0P
021500001001346,0P
021500001001347,0P
021500001001348,0P
021500001001349,0P
021500001001350,0P
021500001002167,0P
021500001002232,0P
021500001002235,0P
021500001002236,0P
021500001002242,0P
021500001002243,0P
021500001002263,0P
021500001002268,0P
021500001002286,0P
021500001002292,0P
021500001003073,0P
021500001003082,0P
021500001003083,0P
021500001003084,0P
021500001003085,0P
021500001003086,0P
021500001003087,0P
021500001003089,0P
021500001003090,0P
021500001003091,0P
021500001003092,0P
021500001003093,0P
021500001003094,0P
021500001003095,0P
021500001003096,0P
021500001003097,0P
021500001003098,0P
021500001003099,0P
021500001003100,0P
021500001003101,0P
021500001003103,0P
021500001003104,0P
021500001003105,0P
021500001003106,0P
021500001003110,0P
021500001003111,0P
021500001003112,0P
021500001003113,0P
021500001003114,0P
021500001003115,0P
021500001003116,0P
021500001001213,0P
021500001001306,0P
021500001001307,0P
021500001001308,0P
021500001001309,0P
021500001001310,0P
021500001001311,0P
021500001001312,0P
021500001001313,0P
021500001001314,0P
021500001001315,0P
021500001001316,0P
021500001001317,0P
021500001001318,0P
021500001001319,0P
021500001001320,0P
021500001001321,0P
021500001001322,0P
021500001001324,0P
021500001002000,0P
021500001002001,0P
021500001002002,0P
021500001002003,0P
021500001002004,0P
021500001002005,0P
021500001002006,0P
021500001002007,0P
021500001002008,0P
021500001002009,0P
021500001002010,0P
021500001002011,0P
021500001002012,0P
021500001002013,0P
021500001002014,0P
021500001002015,0P
021500001002016,0P
021500001002017,0P
021500001002018,0P
021500001002019,0P
021500001002020,0P
021500001002021,0P
021500001002022,0P
021500001002023,0P
021500001002024,0P
021500001002025,0P
021500001002026,0P
021500001002027,0P
021500001002028,0P
021500001002029,0P
021500001002030,0P
021500001002031,0P
021500001002032,0P
021500001002033,0P
021500001002034,0P
021500001002035,0P
021500001002036,0P
021500001002037,0P
021500001002038,0P
021500001002039,0P
021500001002040,0P
021500001002041,0P
021500001002042,0P
021500001002043,0P
021500001002044,0P
021500001002045,0P
021500001002046,0P
021500001002047,0P
021500001002048,0P
021500001002049,0P
021500001002050,0P
021500001002051,0P
021500001002052,0P
021500001002053,0P
021500001002054,0P
021500001002055,0P
021500001002056,0P
021500001002057,0P
021500001002058,0P
021500001002059,0P
021500001002060,0P
021500001002061,0P
021500001002062,0P
021500001002063,0P
021500001002064,0P
021500001002065,0P
021500001002066,0P
021500001002067,0P
021500001002068,0P
021500001002069,0P
021500001002070,0P
021500001002071,0P
021500001002072,0P
021500001002073,0P
021500001002074,0P
021500001002075,0P
021500001002076,0P
021500001002077,0P
021500001002078,0P
021500001002079,0P
021500001002080,0P
021500001002081,0P
021500001002082,0P
021500001002083,0P
021500001002084,0P
021500001002085,0P
021500001002086,0P
021500001002087,0P
021500001002088,0P
021500001002089,0P
021500001002090,0P
021500001002091,0P
021500001002092,0P
021500001002093,0P
021500001002094,0P
021500001002095,0P
021500001002096,0P
021500001002097,0P
021500001002098,0P
021500001002099,0P
021500001002100,0P
021500001002101,0P
021500001002102,0P
021500001002103,0P
021500001002104,0P
021500001002105,0P
021500001002106,0P
021500001002107,0P
021500001002108,0P
021500001002109,0P
021500001002110,0P
021500001002111,0P
021500001002112,0P
021500001002113,0P
021500001002114,0P
021500001002115,0P
021500001002116,0P
021500001002117,0P
021500001002118,0P
021500001002119,0P
021500001002120,0P
021500001002121,0P
021500001002122,0P
021500001002123,0P
021500001002124,0P
021500001002125,0P
021500001002126,0P
021500001002127,0P
021500001002128,0P
021500001002129,0P
021500001002130,0P
021500001002131,0P
021500001002132,0P
021500001002133,0P
021500001002134,0P
021500001002135,0P
021500001002136,0P
021500001002137,0P
021500001002138,0P
021500001002139,0P
021500001002140,0P
021500001002141,0P
021500001002142,0P
021500001002143,0P
021500001002144,0P
021500001002145,0P
021500001002146,0P
021500001002147,0P
021500001002148,0P
021500001002149,0P
021500001002150,0P
021500001002151,0P
021500001002152,0P
021500001002153,0P
021500001002154,0P
021500001002156,0P
021500001002157,0P
021500001002158,0P
021500001002160,0P
021500001002161,0P
021500001002162,0P
021500001002163,0P
021500001002164,0P
021500001002165,0P
021500001002166,0P
021500001002168,0P
021500001002169,0P
021500001002170,0P
021500001002171,0P
021500001002172,0P
021500001002173,0P
021500001002174,0P
021500001002175,0P
021500001002176,0P
021500001002177,0P
021500001002178,0P
021500001002179,0P
021500001002180,0P
021500001002181,0P
021500001002182,0P
021500001002183,0P
021500001002184,0P
021500001002185,0P
021500001002186,0P
021500001002187,0P
021500001002188,0P
021500001002189,0P
021500001002190,0P
021500001002191,0P
021500001002192,0P
021500001002193,0P
021500001002194,0P
021500001002195,0P
021500001002196,0P
021500001002197,0P
021500001002199,0P
021500001002200,0P
021500001002201,0P
021500001002202,0P
021500001002233,0P
021500001002237,0P
021500001002238,0P
021500001002239,0P
021500001002240,0P
021500001002241,0P
021500001002244,0P
021500001002245,0P
021500001002246,0P
021500001002247,0P
021500001002248,0P
021500001002249,0P
021500001002250,0P
021500001002251,0P
021500001002252,0P
021500001002253,0P
021500001002254,0P
021500001002255,0P
021500001002256,0P
021500001002257,0P
021500001002258,0P
021500001002264,0P
021500001002273,0P
021500001002274,0P
021500001002275,0P
021500001002276,0P
021500001002277,0P
021500001002278,0P
021500001002279,0P
021500001002280,0P
021500001002281,0P
021500001002282,0P
021500001002283,0P
021500001002284,0P
021500001002285,0P
021500001002287,0P
021500001002288,0P
021500001002289,0P
021500001002290,0P
021500001002291,0P
021500001002293,0P
021500001002294,0P
021500001002295,0P
021500001002296,0P
021500001002297,0P
021500001002298,0P
021500001002299,0P
021500001002300,0P
021500001002301,0P
021500001002302,0P
021500001002155,0P
021500001002159,0P
021500001002198,0P
021500001002203,0P
021500001002204,0P
021500001002205,0P
021500001002206,0P
021500001002207,0P
021500001002208,0P
021500001002209,0P
021500001002210,0P
021500001002211,0P
021500001002212,0P
021500001002213,0P
021500001002214,0P
021500001002215,0P
021500001002216,0P
021500001002217,0P
021500001002218,0P
021500001002219,0P
021500001002220,0P
021500001002221,0P
021500001002261,0P
021500001002270,0P
021500001002271,0P
021500001002272,0P
021500001002222,0P
021500001002223,0P
021500001002224,0P
021500001002260,0P
021500001002262,0P
021500001002265,0P
021500001003000,0P
021500001003001,0P
021500001003002,0P
021500001003003,0P
021500001003004,0P
021500001003005,0P
021500001003006,0P
021500001003007,0P
021500001003010,0P
021500001003011,0P
021500001003012,0P
021500001003013,0P
021500001003040,0P
021500001003041,0P
021500001003042,0P
021500001003043,0P
021500001003044,0P
021500001003045,0P
021500001003052,0P
021500001003053,0P
021500001003054,0P
021500001003130,0P
021500001003134,0P
021500001003136,0P
021500001003137,0P
021500002001000,0P
021500002001001,0P
021500002001002,0P
021500002001003,0P
021500002001004,0P
021500002001005,0P
021500002001006,0P
021500002001007,0P
021500002001008,0P
021500002001009,0P
021500002001010,0P
021500002001011,0P
021500002002000,0P
021500002002001,0P
021500002002002,0P
021500002002003,0P
021500002002004,0P
021500002002005,0P
021500002002006,0P
021500002002007,0P
021500002002008,0P
021500002002009,0P
021500002002011,0P
021500002002012,0P
021500002002013,0P
021500002002015,0P
021500002002017,0P
021500002002018,0P
021500002002021,0P
021500002002022,0P
021500002002025,0P
021500002002026,0P
021500002002027,0P
021500002002028,0P
021500002003004,0P
021500003001002,0P
021500004001020,0P
021500004001021,0P
021500004001022,0P
021500004001023,0P
021500001002225,0P
021500001002226,0P
021500001002227,0P
021500001002228,0P
021500001002229,0P
021500001002230,0P
021500001002231,0P
021500001002234,0P
021500001002259,0P
021500001002266,0P
021500001002267,0P
021500001002269,0P
021500001003008,0P
021500001003009,0P
021500001003014,0P
021500001003015,0P
021500001003016,0P
021500001003017,0P
021500001003018,0P
021500001003019,0P
021500001003020,0P
021500001003021,0P
021500001003022,0P
021500001003023,0P
021500001003024,0P
021500001003025,0P
021500001003026,0P
021500001003027,0P
021500001003028,0P
021500001003029,0P
021500001003030,0P
021500001003031,0P
021500001003032,0P
021500001003047,0P
021500001003048,0P
021500001003049,0P
021500001003050,0P
021500001003051,0P
021500001003055,0P
021500001003056,0P
021500001003070,0P
021500001003071,0P
021500001003072,0P
021500001003074,0P
021500001003075,0P
021500001003076,0P
021500001003077,0P
021500001003078,0P
021500001003079,0P
021500001003080,0P
021500001003081,0P
021500001003088,0P
021500001003102,0P
021500001003117,0P
021500001003118,0P
021500001003119,0P
021500001003120,0P
021500001003121,0P
021500001003122,0P
021500001003127,0P
021500001003128,0P
021500001003129,0P
021500003001001,0P
021500003001018,0P
021500005001000,0P
021500005001001,0P
021500005001002,0P
021500005001003,0P
021500005001004,0P
021500005001005,0P
021500005001006,0P
021500005001007,0P
021500005001008,0P
021500005001009,0P
021500005001010,0P
021500005001011,0P
021500005001012,0P
021500005001013,0P
021500005001014,0P
021500005001015,0P
021500005001016,0P
021500005001017,0P
021500005001018,0P
021500005001019,0P
021500005001020,0P
021500005001021,0P
021500005001022,0P
021500005001023,0P
021500005001024,0P
021500005001025,0P
021500005001026,0P
021500005001027,0P
021500005001028,0P
021500005001029,0P
021500005001030,0P
021500005001031,0P
021500005001032,0P
021500005001033,0P
021500005001034,0P
021500005001035,0P
021500005001036,0P
021500005001037,0P
021500005001038,0P
021500005001039,0P
021500005001040,0P
021500005001041,0P
021500005001042,0P
021500005001043,0P
021500005001044,0P
021500005001045,0P
021500005001046,0P
021500005001047,0P
021500005001048,0P
021500005001049,0P
021500005001050,0P
021500005001051,0P
021500005001052,0P
021500005001053,0P
021500005001054,0P
021500001003033,0P
021500001003034,0P
021500001003035,0P
021500001003036,0P
021500001003037,0P
021500001003038,0P
021500001003039,0P
021500001003046,0P
021500001003057,0P
021500001003058,0P
021500001003059,0P
021500001003060,0P
021500001003061,0P
021500001003062,0P
021500001003063,0P
021500001003064,0P
021500001003065,0P
021500001003066,0P
021500001003067,0P
021500001003068,0P
021500001003069,0P
021500001003107,0P
021500001003108,0P
021500001003109,0P
021500001003123,0P
021500001003124,0P
021500001003125,0P
021500001003126,0P
021500001003131,0P
021500001003132,0P
021500001003133,0P
021500001003135,0P
021500002001012,0P
021500002001013,0P
021500002001014,0P
021500002001015,0P
021500002001016,0P
021500002002019,0P
021500002002020,0P
021500002003000,0P
021500002003001,0P
021500002003002,0P
021500002003005,0P
021500002003012,0P
021500002003013,0P
021500002003014,0P
021500002003015,0P
021500003001007,0P
021500003001009,0P
021500003001015,0P
021500003001016,0P
021500003001017,0P
021500003002000,0P
021500003002001,0P
021500003002002,0P
021500003002003,0P
021500003002004,0P
021500003002005,0P
021500003002006,0P
021500003002007,0P
021500003002008,0P
021500003002009,0P
021500003002010,0P
021500003002011,0P
021500003002012,0P
021500003002013,0P
021500004001000,0P
021500004001001,0P
021500004001002,0P
021500004001003,0P
021500004001004,0P
021500004001005,0P
021500004001006,0P
021500004001007,0P
021500004001008,0P
021500004001009,0P
021500004001010,0P
021500004001011,0P
021500004001012,0P
021500004001013,0P
021500004001014,0P
021500004001015,0P
021500004001016,0P
021500004001017,0P
021500004001018,0P
021500004001019,0P
021500004001024,0P
021500004001025,0P
021500004001026,0P
021500004001027,0P
021500004001028,0P
021500004001029,0P
021500004001030,0P
021500004001031,0P
021500002002010,0P
021500002002014,0P
021500002002016,0P
021500002002023,0P
021500002002024,0P
021500002002029,0P
021500002003003,0P
021500002003006,0P
021500002003007,0P
021500002003008,0P
021500002003009,0P
021500002003010,0P
021500002003011,0P
021500002003016,0P
021500003001000,0P
021500003001003,0P
021500003001004,0P
021500003001005,0P
021500003001006,0P
021500003001008,0P
021500003001010,0P
021500003001011,0P
021500003001012,0P
021500003001013,0P
021500003001014,0P
021500003001019,0P
021580001001000,0T
021580001001001,0T
021580001001002,0T
021580001001003,0T
021580001001004,0T
021580001001005,0T
021580001001006,0T
021580001001007,0T
021580001001008,0T
021580001001009,0T
021580001001010,0T
021580001001011,0T
021580001001012,0T
021580001001013,0T
021580001001014,0T
021580001001015,0T
021580001001016,0T
021580001001017,0T
021580001001018,0T
021580001001019,0T
021580001001020,0T
021580001001021,0T
021580001001022,0T
021580001001023,0T
021580001001024,0T
021580001001025,0T
021580001001026,0T
021580001001027,0T
021580001001028,0T
021580001001029,0T
021580001001030,0T
021580001001031,0T
021580001001032,0T
021580001001033,0T
021580001001034,0T
021580001001035,0T
021580001001036,0T
021580001001037,0T
021580001001038,0T
021580001001039,0T
021580001001040,0T
021580001001041,0T
021580001001042,0T
021580001001043,0T
021580001001044,0T
021580001001045,0T
021580001001046,0T
021580001001047,0T
021580001001048,0T
021580001001049,0T
021580001001050,0T
021580001001051,0T
021580001001052,0T
021580001001053,0T
021580001001054,0T
021580001001055,0T
021580001001056,0T
021580001001057,0T
021580001001058,0T
021580001001059,0T
021580001001060,0T
021580001001061,0T
021580001001062,0T
021580001001063,0T
021580001001064,0T
021580001001065,0T
021580001001066,0T
021580001001067,0T
021580001001068,0T
021580001001069,0T
021580001001070,0T
021580001001071,0T
021580001001072,0T
021580001001073,0T
021580001001074,0T
021580001001075,0T
021580001001076,0T
021580001001077,0T
021580001001078,0T
021580001001079,0T
021580001001080,0T
021580001001081,0T
021580001001082,0T
021580001001085,0T
021580001001086,0T
021580001001105,0T
021580001001106,0T
021580001001107,0T
021580001001108,0T
021580001001109,0T
021580001001110,0T
021580001001111,0T
021580001001112,0T
021580001001113,0T
021580001001114,0T
021580001001115,0T
021580001001116,0T
021580001001117,0T
021580001001118,0T
021580001001119,0T
021580001001120,0T
021580001001121,0T
021580001001124,0T
021580001001125,0T
021580001001126,0T
021580001001238,0T
021580001001239,0T
021580001001240,0T
021580001001241,0T
021580001001242,0T
021580001001243,0T
021580001001244,0T
021580001001245,0T
021580001001246,0T
021580001001249,0T
021580001001250,0T
021580001001254,0T
021580001001255,0T
021580001001256,0T
021580001001258,0T
021580001001259,0T
021580001001260,0T
021580001003022,0T
021580001001083,0T
021580001001084,0T
021580001001087,0T
021580001001088,0T
021580001001089,0T
021580001001090,0T
021580001001091,0T
021580001001092,0T
021580001001093,0T
021580001001094,0T
021580001001095,0T
021580001001096,0T
021580001001097,0T
021580001001098,0T
021580001001099,0T
021580001001100,0T
021580001001101,0T
021580001001102,0T
021580001001103,0T
021580001001104,0T
021580001001122,0T
021580001001123,0T
021580001001127,0T
021580001001128,0T
021580001001129,0T
021580001001131,0T
021580001001132,0T
021580001001133,0T
021580001001134,0T
021580001001135,0T
021580001001136,0T
021580001001137,0T
021580001001138,0T
021580001001149,0T
021580001001150,0T
021580001001151,0T
021580001001152,0T
021580001001153,0T
021580001001154,0T
021580001001155,0T
021580001001156,0T
021580001001157,0T
021580001001158,0T
021580001001159,0T
021580001001160,0T
021580001001161,0T
021580001001162,0T
021580001001163,0T
021580001001164,0T
021580001001188,0T
021580001001189,0T
021580001001190,0T
021580001001235,0T
021580001001236,0T
021580001001237,0T
021580001001248,0T
021580001001253,0T
021580001001130,0T
021580001001139,0T
021580001001140,0T
021580001001141,0T
021580001001142,0T
021580001001144,0T
021580001001145,0T
021580001001146,0T
021580001001147,0T
021580001001148,0T
021580001001165,0T
021580001001166,0T
021580001001167,0T
021580001001168,0T
021580001001169,0T
021580001001170,0T
021580001001171,0T
021580001001172,0T
021580001001173,0T
021580001001174,0T
021580001001175,0T
021580001001176,0T
021580001001177,0T
021580001001178,0T
021580001001179,0T
021580001001180,0T
021580001001181,0T
021580001001182,0T
021580001001183,0T
021580001001184,0T
021580001001185,0T
021580001001186,0T
021580001001187,0T
021580001001191,0T
021580001001192,0T
021580001001194,0T
021580001001195,0T
021580001001196,0T
021580001001197,0T
021580001001198,0T
021580001001199,0T
021580001001200,0T
021580001001201,0T
021580001001202,0T
021580001001203,0T
021580001001205,0T
021580001001207,0T
021580001001208,0T
021580001001215,0T
021580001001222,0T
021580001001257,0T
021580001001143,0T
021580001001193,0T
021580001001204,0T
021580001001206,0T
021580001001209,0T
021580001001210,0T
021580001001211,0T
021580001001212,0T
021580001001213,0T
021580001001214,0T
021580001001216,0T
021580001001217,0T
021580001001218,0T
021580001001219,0T
021580001001220,0T
021580001001221,0T
021580001001232,0T
021580001001233,0T
021580001001234,0T
021580001001251,0T
021580001001223,0T
021580001001224,0T
021580001001225,0T
021580001001226,0T
021580001001227,0T
021580001001228,0T
021580001001231,0T
021580001001247,0T
021580001003018,0T
021580001003021,0T
021580001003023,0T
021580001003024,0T
021580001003025,0T
021580001003026,0T
021580001003027,0T
021580001003028,0T
021580001003029,0T
021580001003030,0T
021580001003031,0T
021580001003032,0T
021580001003033,0T
021580001003034,0T
021580001003035,0T
021580001003036,0T
021580001003037,0T
021580001003038,0T
021580001003066,0T
021580001003067,0T
021580001003072,0T
021580001003073,0T
021580001003074,0T
021580001003075,0T
021580001003076,0T
021580001003078,0T
021580001003079,0T
021580001003080,0T
021580001003083,0T
021580001003089,0T
021580001003090,0T
021580001003091,0T
021580001003092,0T
021580001003094,0T
021580001004001,0T
021580001004007,0T
021580001004013,0T
021580001001229,0T
021580001001230,0T
021580001001252,0T
021580001004016,0T
021580001004017,0T
021580001004018,0T
021580001004019,0T
021580001004020,0T
021580001004021,0T
021580001004022,0T
021580001004023,0T
021580001004024,0T
021580001004025,0T
021580001004026,0T
021580001004027,0T
021580001004028,0T
021580001004029,0T
021580001004030,0T
021580001004031,0T
021580001004032,0T
021580001004034,0T
021580001004044,0T
021580001004046,0T
021580001004170,0T
021580001004171,0T
021580001004173,0T
021580001004174,0T
021580001004175,0T
021580001004176,0T
021580001004185,0T
021580001004187,0T
021580001004188,0T
021580001004196,0T
021580001004197,0T
021580001004198,0T
021580001004199,0T
021580001004200,0T
021580001004201,0T
021580001004202,0T
021580001002000,0T
021580001002001,0T
021580001002002,0T
021580001002003,0T
021580001002004,0T
021580001002005,0T
021580001003000,0T
021580001003002,0T
021580001003003,0T
021580001003004,0T
021580001003006,0T
021580001003007,0T
021580001003008,0T
021580001003009,0T
021580001003010,0T
021580001003011,0T
021580001003012,0T
021580001003013,0T
021580001003014,0T
021580001003015,0T
021580001003016,0T
021580001003017,0T
021580001003019,0T
021580001003020,0T
021580001003039,0T
021580001003040,0T
021580001003041,0T
021580001003042,0T
021580001003043,0T
021580001003044,0T
021580001003045,0T
021580001003046,0T
021580001003047,0T
021580001003048,0T
021580001003049,0T
021580001003050,0T
021580001003051,0T
021580001003052,0T
021580001003053,0T
021580001003054,0T
021580001003055,0T
021580001003056,0T
021580001003057,0T
021580001003058,0T
021580001003059,0T
021580001003060,0T
021580001003061,0T
021580001003062,0T
021580001003063,0T
021580001003064,0T
021580001003065,0T
021580001003068,0T
021580001003069,0T
021580001003070,0T
021580001003077,0T
021580001003081,0T
021580001003082,0T
021580001003084,0T
021580001003085,0T
021580001003086,0T
021580001003087,0T
021580001003088,0T
021580001002006,0S
021580001002007,0S
021580001002008,0S
021580001002009,0S
021580001002010,0S
021580001002011,0S
021580001002012,0S
021580001002013,0S
021580001002014,0S
021580001002015,0S
021580001002016,0S
021580001002017,0S
021580001002018,0S
021580001002019,0S
021580001002020,0S
021580001002034,0S
021580001002046,0S
021580001002047,0S
021580001002048,0S
021580001002049,0S
021580001002050,0S
021580001002052,0S
021580001002053,0S
021580001002054,0S
021580001002055,0S
021580001002056,0S
021580001002057,0S
021580001002058,0S
021580001002059,0S
021580001002060,0S
021580001002067,0S
021580001002068,0S
021580001002069,0S
021580001003071,0S
021580001003093,0S
021580001003099,0S
021580001003100,0S
021580001004000,0S
021580001004002,0S
021580001004003,0S
021580001002021,0S
021580001002022,0S
021580001002023,0S
021580001002024,0S
021580001002025,0S
021580001002026,0S
021580001002031,0S
021580001002032,0S
021580001002033,0S
021580001002035,0S
021580001002036,0S
021580001002037,0S
021580001002038,0S
021580001002039,0S
021580001002040,0S
021580001002041,0S
021580001002042,0S
021580001002051,0S
021580001002062,0S
021580001002063,0S
021580001002064,0S
021580001002065,0S
021580001002066,0S
021580001002070,0S
021580001002071,0S
021580001002072,0S
021580001002027,0S
021580001002028,0S
021580001002029,0S
021580001002030,0S
021580001002043,0S
021580001002044,0S
021580001002045,0S
021580001002061,0S
021580001003001,0T
021580001003005,0T
021580001003095,0T
021580001003096,0T
021580001003097,0T
021580001003098,0T
021580001003101,0T
021580001003102,0T
021580001003103,0T
021580001003104,0T
021580001004004,0T
021580001004005,0T
021580001004006,0T
021580001004008,0T
021580001004009,0T
021580001004010,0T
021580001004011,0T
021580001004012,0T
021580001004014,0T
021580001004015,0T
021580001004033,0T
021580001004035,0T
021580001004036,0T
021580001004037,0T
021580001004038,0T
021580001004039,0T
021580001004040,0T
021580001004041,0T
021580001004042,0T
021580001004043,0T
021580001004045,0T
021580001004047,0T
021580001004048,0T
021580001004049,0T
021580001004054,0T
021580001004055,0T
021580001004056,0T
021580001004057,0T
021580001004058,0T
021580001004059,0T
021580001004060,0T
021580001004061,0T
021580001004062,0T
021580001004063,0T
021580001004064,0T
021580001004065,0T
021580001004066,0T
021580001004067,0T
021580001004068,0T
021580001004069,0T
021580001004070,0T
021580001004071,0T
021580001004072,0T
021580001004073,0T
021580001004084,0T
021580001004085,0T
021580001004086,0T
021580001004087,0T
021580001004088,0T
021580001004089,0T
021580001004090,0T
021580001004091,0T
021580001004092,0T
021580001004093,0T
021580001004094,0T
021580001004095,0T
021580001004096,0T
021580001004097,0T
021580001004098,0T
021580001004099,0T
021580001004100,0T
021580001004101,0T
021580001004102,0T
021580001004103,0T
021580001004104,0T
021580001004105,0T
021580001004106,0T
021580001004107,0T
021580001004108,0T
021580001004109,0T
021580001004110,0T
021580001004111,0T
021580001004112,0T
021580001004113,0T
021580001004114,0T
021580001004115,0T
021580001004116,0T
021580001004117,0T
021580001004118,0T
021580001004119,0T
021580001004120,0T
021580001004121,0T
021580001004122,0T
021580001004123,0T
021580001004124,0T
021580001004125,0T
021580001004126,0T
021580001004127,0T
021580001004128,0T
021580001004129,0T
021580001004130,0T
021580001004131,0T
021580001004132,0T
021580001004133,0T
021580001004134,0T
021580001004135,0T
021580001004136,0T
021580001004137,0T
021580001004138,0T
021580001004139,0T
021580001004140,0T
021580001004141,0T
021580001004142,0T
021580001004143,0T
021580001004144,0T
021580001004145,0T
021580001004146,0T
021580001004147,0T
021580001004148,0T
021580001004149,0T
021580001004150,0T
021580001004151,0T
021580001004152,0T
021580001004153,0T
021580001004154,0T
021580001004155,0T
021580001004156,0T
021580001004157,0T
021580001004158,0T
021580001004159,0T
021580001004160,0T
021580001004161,0T
021580001004162,0T
021580001004163,0T
021580001004164,0T
021580001004165,0T
021580001004166,0T
021580001004167,0T
021580001004168,0T
021580001004169,0T
021580001004177,0T
021580001004178,0T
021580001004179,0T
021580001004180,0T
021580001004181,0T
021580001004182,0T
021580001004183,0T
021580001004184,0T
021580001004186,0T
021580001004189,0T
021580001004190,0T
021580001004191,0T
021580001004192,0T
021580001004193,0T
021580001004194,0T
021580001004195,0T
021580001004050,0T
021580001004051,0T
021580001004052,0T
021580001004053,0T
021580001004074,0T
021580001004075,0T
021580001004076,0T
021580001004077,0T
021580001004078,0T
021580001004079,0T
021580001004080,0T
021580001004081,0T
021580001004082,0T
021580001004083,0T
021580001004172,0T
021640001001000,0S
021640001001001,0S
021640001001002,0S
021640001001003,0S
021640001001004,0S
021640001001005,0S
021640001001006,0S
021640001001007,0S
021640001001008,0S
021640001001009,0S
021640001001011,0S
021640001001012,0S
021640001001013,0S
021640001001030,0S
021640001001032,0S
021640001001034,0S
021640001001035,0S
021640001001036,0S
021640001001037,0S
021640001001038,0S
021640001001039,0S
021640001001040,0S
021640001001041,0S
021640001001042,0S
021640001001043,0S
021640001001044,0S
021640001001045,0S
021640001001046,0S
021640001001047,0S
021640001001048,0S
021640001001049,0S
021640001001050,0S
021640001001051,0S
021640001001079,0S
021640001001080,0S
021640001001081,0S
021640001001082,0S
021640001001083,0S
021640001001084,0S
021640001001085,0S
021640001001086,0S
021640001001087,0S
021640001001088,0S
021640001001113,0S
021640001001612,0S
021640001001613,0S
021640001001614,0S
021640001001615,0S
021640001001616,0S
021640001001010,0S
021640001001014,0S
021640001001016,0S
021640001001017,0S
021640001001018,0S
021640001001019,0S
021640001001020,0S
021640001001021,0S
021640001001022,0S
021640001001023,0S
021640001001024,0S
021640001001026,0S
021640001001028,0S
021640001001031,0S
021640001001033,0S
021640001001078,0S
021640001001114,0S
021640001001115,0S
021640001001116,0S
021640001001117,0S
021640001001118,0S
021640001001119,0S
021640001001120,0S
021640001001121,0S
021640001001122,0S
021640001001123,0S
021640001001124,0S
021640001001125,0S
021640001001126,0S
021640001001127,0S
021640001001128,0S
021640001001129,0S
021640001001130,0S
021640001001131,0S
021640001001132,0S
021640001001133,0S
021640001001134,0S
021640001001135,0S
021640001001136,0S
021640001001137,0S
021640001001138,0S
021640001001139,0S
021640001001140,0S
021640001001141,0S
021640001001142,0S
021640001001166,0S
021640001001560,0S
021640001001015,0S
021640001001068,0S
021640001001069,0S
021640001001070,0S
021640001001089,0S
021640001001090,0S
021640001001091,0S
021640001001092,0S
021640001001093,0S
021640001001094,0S
021640001001095,0S
021640001001096,0S
021640001001097,0S
021640001001098,0S
021640001001099,0S
021640001001100,0S
021640001001101,0S
021640001001102,0S
021640001001103,0S
021640001001104,0S
021640001001105,0S
021640001001106,0S
021640001001107,0S
021640001001108,0S
021640001001109,0S
021640001001110,0S
021640001001111,0S
021640001001112,0S
021640001001143,0S
021640001001144,0S
021640001001145,0S
021640001001146,0S
021640001001147,0S
021640001001148,0S
021640001001149,0S
021640001001150,0S
021640001001151,0S
021640001001152,0S
021640001001160,0S
021640001001162,0S
021640001001163,0S
021640001001165,0S
021640001001167,0S
021640001001585,0S
021640001001586,0S
021640001001587,0S
021640001001025,0S
021640001001027,0S
021640001001029,0S
021640001001052,0S
021640001001053,0S
021640001001054,0S
021640001001055,0S
021640001001056,0S
021640001001057,0S
021640001001058,0S
021640001001059,0S
021640001001060,0S
021640001001061,0S
021640001001062,0S
021640001001063,0S
021640001001064,0S
021640001001065,0S
021640001001066,0S
021640001001067,0S
021640001001071,0S
021640001001072,0S
021640001001073,0S
021640001001074,0S
021640001001075,0S
021640001001076,0S
021640001001077,0S
021640001001629,0S
021640001001153,0S
021640001001154,0S
021640001001155,0S
021640001001156,0S
021640001001157,0S
021640001001158,0S
021640001001159,0S
021640001001161,0S
021640001001164,0S
021640001001168,0S
021640001001169,0S
021640001001170,0S
021640001001171,0S
021640001001172,0S
021640001001173,0S
021640001001174,0S
021640001001175,0S
021640001001176,0S
021640001001177,0S
021640001001178,0S
021640001001179,0S
021640001001180,0S
021640001001181,0S
021640001001182,0S
021640001001183,0S
021640001001184,0S
021640001001582,0S
021640001001583,0S
021640001001622,0S
021640001001623,0S
021640001001624,0S
021640001001625,0S
021640001001626,0S
021640001001627,0S
021640001001628,0S
021640001001185,0S
021640001001186,0S
021640001001187,0S
021640001001188,0S
021640001001189,0S
021640001001190,0S
021640001001191,0S
021640001001192,0S
021640001001193,0S
021640001001194,0S
021640001001195,0S
021640001001196,0S
021640001001197,0S
021640001001198,0S
021640001001199,0S
021640001001200,0S
021640001001201,0S
021640001001202,0S
021640001001203,0S
021640001001204,0S
021640001001205,0S
021640001001206,0S
021640001001207,0S
021640001001208,0S
021640001001209,0S
021640001001210,0S
021640001001211,0S
021640001001212,0S
021640001001213,0S
021640001001214,0S
021640001001215,0S
021640001001216,0S
021640001001217,0S
021640001001218,0S
021640001001219,0S
021640001001220,0S
021640001001221,0S
021640001001222,0S
021640001001223,0S
021640001001224,0S
021640001001225,0S
021640001001226,0S
021640001001227,0S
021640001001228,0S
021640001001229,0S
021640001001230,0S
021640001001231,0S
021640001001232,0S
021640001001233,0S
021640001001234,0S
021640001001235,0S
021640001001236,0S
021640001001237,0S
021640001001238,0S
021640001001239,0S
021640001001240,0S
021640001001241,0S
021640001001242,0S
021640001001243,0S
021640001001244,0S
021640001001245,0S
021640001001246,0S
021640001001247,0S
021640001001248,0S
021640001001249,0S
021640001001250,0S
021640001001251,0S
021640001001252,0S
021640001001267,0S
021640001001277,0S
021640001001279,0S
021640001001281,0S
021640001001282,0S
021640001001283,0S
021640001001284,0S
021640001001285,0S
021640001001286,0S
021640001001287,0S
021640001001288,0S
021640001001289,0S
021640001001290,0S
021640001001291,0S
021640001001292,0S
021640001001293,0S
021640001001294,0S
021640001001295,0S
021640001001296,0S
021640001001297,0S
021640001001298,0S
021640001001299,0S
021640001001300,0S
021640001001301,0S
021640001001302,0S
021640001001303,0S
021640001001304,0S
021640001001305,0S
021640001001306,0S
021640001001307,0S
021640001001308,0S
021640001001309,0S
021640001001310,0S
021640001001311,0S
021640001001312,0S
021640001001313,0S
021640001001314,0S
021640001001315,0S
021640001001316,0S
021640001001317,0S
021640001001318,0S
021640001001319,0S
021640001001320,0S
021640001001321,0S
021640001001322,0S
021640001001323,0S
021640001001324,0S
021640001001325,0S
021640001001326,0S
021640001001327,0S
021640001001328,0S
021640001001329,0S
021640001001330,0S
021640001001331,0S
021640001001332,0S
021640001001333,0S
021640001001334,0S
021640001001335,0S
021640001001336,0S
021640001001337,0S
021640001001338,0S
021640001001339,0S
021640001001340,0S
021640001001341,0S
021640001001342,0S
021640001001343,0S
021640001001344,0S
021640001001345,0S
021640001001346,0S
021640001001347,0S
021640001001348,0S
021640001001349,0S
021640001001350,0S
021640001001351,0S
021640001001352,0S
021640001001353,0S
021640001001555,0S
021640001001556,0S
021640001001557,0S
021640001001561,0S
021640001001562,0S
021640001001563,0S
021640001001564,0S
021640001001565,0S
021640001001566,0S
021640001001567,0S
021640001001568,0S
021640001001569,0S
021640001001570,0S
021640001001571,0S
021640001001572,0S
021640001001573,0S
021640001001574,0S
021640001001575,0S
021640001001576,0S
021640001001577,0S
021640001001578,0S
021640001001579,0S
021640001001580,0S
021640001001581,0S
021640001001584,0S
021640001001617,0S
021640001001618,0S
021640001001619,0S
021640001001620,0S
021640001001621,0S
021640001001253,0S
021640001001254,0S
021640001001255,0S
021640001001256,0S
021640001001257,0S
021640001001258,0S
021640001001259,0S
021640001001260,0S
021640001001261,0S
021640001001262,0S
021640001001263,0S
021640001001264,0S
021640001001265,0S
021640001001266,0S
021640001001268,0S
021640001001269,0S
021640001001270,0S
021640001001271,0S
021640001001272,0S
021640001001273,0S
021640001001274,0S
021640001001275,0S
021640001001276,0S
021640001001278,0S
021640001001280,0S
021640001001354,0S
021640001001355,0S
021640001001356,0S
021640001001357,0S
021640001001358,0S
021640001001359,0S
021640001001360,0S
021640001001361,0S
021640001001362,0S
021640001001363,0S
021640001001364,0S
021640001001365,0S
021640001001366,0S
021640001001367,0S
021640001001368,0S
021640001001369,0S
021640001001370,0S
021640001001371,0S
021640001001396,0S
021640001001452,0S
021640001001453,0S
021640001001454,0S
021640001001455,0S
021640001001456,0S
021640001001457,0S
021640001001458,0S
021640001001459,0S
021640001001460,0S
021640001001461,0S
021640001001462,0S
021640001001463,0S
021640001001464,0S
021640001001465,0S
021640001001466,0S
021640001001467,0S
021640001001468,0S
021640001001469,0S
021640001001470,0S
021640001001471,0S
021640001001472,0S
021640001001473,0S
021640001001474,0S
021640001001475,0S
021640001001476,0S
021640001001477,0S
021640001001478,0S
021640001001479,0S
021640001001480,0S
021640001001481,0S
021640001001482,0S
021640001001483,0S
021640001001484,0S
021640001001485,0S
021640001001486,0S
021640001001487,0S
021640001001488,0S
021640001001489,0S
021640001001501,0S
021640001001519,0S
021640001001520,0S
021640001001522,0S
021640001001523,0S
021640001001524,0S
021640001001525,0S
021640001001526,0S
021640001001529,0S
021640001001538,0S
021640001001539,0S
021640001001540,0S
021640001001541,0S
021640001001542,0S
021640001001543,0S
021640001001554,0S
021640001001637,0S
021640001001372,0S
021640001001373,0S
021640001001374,0S
021640001001375,0S
021640001001376,0S
021640001001377,0S
021640001001378,0S
021640001001379,0S
021640001001380,0S
021640001001381,0S
021640001001382,0S
021640001001383,0S
021640001001384,0S
021640001001385,0S
021640001001386,0S
021640001001387,0S
021640001001388,0S
021640001001389,0S
021640001001390,0S
021640001001391,0S
021640001001392,0S
021640001001393,0S
021640001001394,0S
021640001001395,0S
021640001001397,0S
021640001001398,0S
021640001001399,0S
021640001001400,0S
021640001001401,0S
021640001001402,0S
021640001001403,0S
021640001001404,0S
021640001001405,0S
021640001001406,0S
021640001001407,0S
021640001001408,0S
021640001001409,0S
021640001001410,0S
021640001001411,0S
021640001001412,0S
021640001001413,0S
021640001001414,0S
021640001001415,0S
021640001001416,0S
021640001001417,0S
021640001001418,0S
021640001001419,0S
021640001001420,0S
021640001001421,0S
021640001001422,0S
021640001001423,0S
021640001001424,0S
021640001001425,0S
021640001001426,0S
021640001001427,0S
021640001001428,0S
021640001001429,0S
021640001001430,0S
021640001001431,0S
021640001001432,0S
021640001001433,0S
021640001001434,0S
021640001001435,0S
021640001001436,0S
021640001001437,0S
021640001001438,0S
021640001001439,0S
021640001001440,0S
021640001001441,0S
021640001001442,0S
021640001001443,0S
021640001001444,0S
021640001001445,0S
021640001001446,0S
021640001001447,0S
021640001001448,0S
021640001001449,0S
021640001001450,0S
021640001001451,0S
021640001001490,0S
021640001001491,0S
021640001001492,0S
021640001001493,0S
021640001001494,0S
021640001001495,0S
021640001001496,0S
021640001001497,0S
021640001001498,0S
021640001001499,0S
021640001001500,0S
021640001001502,0S
021640001001503,0S
021640001001504,0S
021640001001505,0S
021640001001506,0S
021640001001507,0S
021640001001508,0S
021640001001509,0S
021640001001510,0S
021640001001511,0S
021640001001512,0S
021640001001513,0S
021640001001514,0S
021640001001515,0S
021640001001516,0S
021640001001517,0S
021640001001518,0S
021640001001521,0S
021640001001527,0S
021640001001528,0S
021640001001530,0S
021640001001531,0S
021640001001532,0S
021640001001533,0S
021640001001534,0S
021640001001535,0S
021640001001536,0S
021640001001537,0S
021640001001544,0S
021640001001545,0S
021640001001546,0S
021640001001547,0S
021640001001548,0S
021640001001549,0S
021640001001550,0S
021640001001551,0S
021640001001552,0S
021640001001553,0S
021640001001558,0S
021640001001559,0S
021640001001588,0S
021640001001589,0S
021640001001590,0S
021640001001591,0S
021640001001592,0S
021640001001593,0S
021640001001594,0S
021640001001595,0S
021640001001596,0S
021640001001597,0S
021640001001598,0S
021640001001599,0S
021640001001600,0S
021640001001601,0S
021640001001602,0S
021640001001603,0S
021640001001604,0S
021640001001605,0S
021640001001606,0S
021640001001607,0S
021640001001608,0S
021640001001609,0S
021640001001610,0S
021640001001611,0S
021640001001630,0S
021640001001631,0S
021640001001632,0S
021640001001633,0S
021640001001634,0S
021640001001635,0S
021640001001636,0S
021700001011000,0E
021700001011001,0E
021700001011002,0E
021700001011003,0E
021700001011004,0E
021700001011005,0E
021700001011006,0E
021700001011007,0E
021700001011008,0E
021700001011009,0E
021700001011010,0E
021700001011011,0E
021700001011012,0E
021700001011013,0E
021700001011014,0E
021700001011015,0E
021700001011016,0E
021700001011017,0E
021700001011018,0E
021700001011019,0E
021700001011020,0E
021700001011021,0E
021700001011022,0E
021700001011023,0E
021700001011024,0E
021700001011025,0E
021700001011028,0E
021700001011029,0E
021700001011030,0E
021700001011057,0E
021700001011058,0E
021700001011061,0E
021700001011062,0E
021700001011063,0E
021700001011064,0E
021700001011065,0E
021700001011066,0E
021700001011067,0E
021700001011068,0E
021700001011069,0E
021700001011070,0E
021700001011071,0E
021700001011072,0E
021700001011073,0E
021700001011074,0E
021700001011075,0E
021700001011244,0E
021700001011249,0E
021700001011250,0E
021700001011251,0E
021700001011252,0E
021700001011253,0E
021700001011254,0E
021700001011255,0E
021700001011256,0E
021700001022000,0E
021700001022001,0E
021700001022002,0E
021700001022003,0E
021700001022004,0E
021700001022005,0E
021700001022006,0E
021700001022007,0E
021700001022008,0E
021700001022009,0E
021700001022010,0E
021700001022011,0E
021700001022012,0E
021700001022013,0E
021700001022014,0E
021700001022015,0E
021700001022016,0E
021700001022021,0E
021700001022022,0E
021700001022054,0E
021700002002000,0E
021700002002001,0E
021700002002002,0E
021700002002003,0E
021700002002004,0E
021700002002005,0E
021700002002006,0E
021700002002007,0E
021700002002008,0E
021700002002009,0E
021700002002010,0E
021700002002011,0E
021700002002012,0E
021700002002013,0E
021700002002014,0E
021700002002015,0E
021700002002016,0E
021700002002017,0E
021700002002018,0E
021700002002019,0E
021700002002020,0E
021700002002021,0E
021700002002022,0E
021700002002023,0E
021700002002024,0E
021700002002025,0E
021700002002026,0E
021700002002027,0E
021700002002028,0E
021700002002029,0E
021700002002030,0E
021700002002031,0E
021700002002032,0E
021700002002033,0E
021700002002034,0E
021700002002035,0E
021700002002036,0E
021700002002037,0E
021700002002038,0E
021700002002039,0E
021700002002040,0E
021700002002041,0E
021700002002042,0E
021700002002043,0E
021700002002044,0E
021700002002045,0E
021700002002046,0E
021700002002047,0E
021700002002048,0E
021700002002049,0E
021700002002050,0E
021700002002051,0E
021700002002052,0E
021700002002053,0E
021700002002054,0E
021700002002055,0E
021700002002056,0E
021700002002057,0E
021700002002058,0E
021700002002059,0E
021700002002060,0E
021700002002061,0E
021700002002066,0E
021700002002067,0E
021700002002068,0E
021700002002069,0E
021700002002070,0E
021700002002071,0E
021700002002072,0E
021700002002075,0E
021700002002076,0E
021700002002077,0E
021700002002097,0E
021700002002098,0E
021700002002099,0E
021700002002100,0E
021700002002101,0E
021700002002102,0E
021700002002103,0E
021700002002104,0E
021700002002105,0E
021700002002115,0E
021700002002116,0E
021700002002117,0E
021700002002118,0E
021700002002119,0E
021700002002120,0E
021700002002121,0E
021700002002122,0E
021700002002123,0E
021700002002124,0E
021700002002125,0E
021700002002126,0E
021700002002127,0E
021700002002128,0E
021700002002132,0E
021700002002133,0E
021700002002134,0E
021700002002135,0E
021700002002136,0E
021700002002137,0E
021700002002138,0E
021700002002139,0E
021700002002140,0E
021700002002141,0E
021700002002142,0E
021700002002143,0E
021700002002144,0E
021700002002145,0E
021700002002146,0E
021700002002147,0E
021700002002149,0E
021700002002150,0E
021700002002151,0E
021700002002152,0E
021700002002153,0E
021700002002154,0E
021700002002155,0E
021700002002156,0E
021700002002157,0E
021700002002158,0E
021700002002159,0E
021700002002160,0E
021700002002161,0E
021700002002162,0E
021700002002163,0E
021700002002164,0E
021700001011026,0E
021700001011027,0E
021700001011031,0E
021700001011032,0E
021700001011033,0E
021700001011034,0E
021700001011035,0E
021700001011036,0E
021700001011037,0E
021700001011038,0E
021700001011039,0E
021700001011040,0E
021700001011041,0E
021700001011042,0E
021700001011043,0E
021700001011053,0E
021700001011054,0E
021700001011055,0E
021700001011056,0E
021700001011059,0E
021700001011060,0E
021700001011089,0E
021700001011090,0E
021700001011091,0E
021700001011092,0E
021700001011093,0E
021700001011094,0E
021700001011095,0E
021700001011097,0E
021700001011098,0E
021700001011194,0E
021700001011196,0E
021700001011245,0E
021700001011246,0E
021700001011247,0E
021700001021000,0E
021700001021001,0E
021700001021002,0E
021700001021003,0E
021700001021004,0E
021700001021005,0E
021700001021006,0E
021700001021007,0E
021700001021008,0E
021700001021009,0E
021700001021010,0E
021700001021011,0E
021700001021012,0E
021700001021013,0E
021700001021014,0E
021700001021015,0E
021700001021016,0E
021700001021017,0E
021700001021018,0E
021700001021019,0E
021700001021020,0E
021700001021021,0E
021700001021022,0E
021700001021023,0E
021700001021024,0E
021700001021025,0E
021700001021026,0E
021700001021027,0E
021700001021028,0E
021700001021029,0E
021700001021030,0E
021700001021033,0E
021700001021034,0E
021700001021035,0E
021700001021036,0E
021700001021043,0E
021700001021044,0E
021700001021045,0E
021700001022019,0E
021700001022023,0E
021700001022044,0E
021700001022045,0E
021700001022046,0E
021700001022047,0E
021700001022048,0E
021700001022049,0E
021700001022050,0E
021700001022051,0E
021700001022052,0E
021700001022053,0E
021700001022055,0E
021700001022056,0E
021700001022057,0E
021700001022058,0E
021700001022059,0E
021700001022060,0E
021700001022061,0E
021700001022062,0E
021700001022063,0E
021700001022064,0E
021700001022066,0E
021700001022067,0E
021700001022068,0E
021700001022069,0E
021700001022134,0E
021700001022135,0E
021700001022136,0E
021700001022151,0E
021700001022152,0E
021700001022153,0E
021700001022154,0E
021700001022155,0E
021700001011044,0E
021700001011045,0E
021700001011046,0E
021700001011047,0E
021700001011048,0E
021700001011049,0E
021700001011050,0E
021700001011051,0E
021700001011052,0E
021700001011076,0E
021700001011077,0E
021700001011078,0E
021700001011079,0E
021700001011080,0E
021700001011081,0E
021700001011082,0E
021700001011083,0E
021700001011084,0E
021700001011085,0E
021700001011086,0E
021700001011087,0E
021700001011088,0E
021700001011096,0E
021700001011099,0E
021700001011100,0E
021700001011101,0E
021700001011102,0E
021700001011103,0E
021700001011104,0E
021700001011105,0E
021700001011106,0E
021700001011107,0E
021700001011108,0E
021700001011109,0E
021700001011110,0E
021700001011111,0E
021700001011112,0E
021700001011113,0E
021700001011114,0E
021700001011115,0E
021700001011116,0E
021700001011117,0E
021700001011118,0E
021700001011119,0E
021700001011120,0E
021700001011121,0E
021700001011122,0E
021700001011123,0E
021700001011124,0E
021700001011125,0E
021700001011126,0E
021700001011127,0E
021700001011128,0E
021700001011129,0E
021700001011130,0E
021700001011131,0E
021700001011132,0E
021700001011133,0E
021700001011134,0E
021700001011135,0E
021700001011136,0E
021700001011137,0E
021700001011138,0E
021700001011139,0E
021700001011140,0E
021700001011141,0E
021700001011142,0E
021700001011143,0E
021700001011144,0E
021700001011145,0E
021700001011146,0E
021700001011147,0E
021700001011148,0E
021700001011149,0E
021700001011150,0E
021700001011151,0E
021700001011152,0E
021700001011153,0E
021700001011154,0E
021700001011155,0E
021700001011156,0E
021700001011157,0E
021700001011158,0E
021700001011159,0E
021700001011160,0E
021700001011161,0E
021700001011162,0E
021700001011163,0E
021700001011164,0E
021700001011165,0E
021700001011166,0E
021700001011167,0E
021700001011168,0E
021700001011169,0E
021700001011170,0E
021700001011171,0E
021700001011172,0E
021700001011173,0E
021700001011174,0E
021700001011175,0E
021700001011176,0E
021700001011177,0E
021700001011178,0E
021700001011179,0E
021700001011180,0E
021700001011181,0E
021700001011182,0E
021700001011183,0E
021700001011184,0E
021700001011185,0E
021700001011186,0E
021700001011187,0E
021700001011188,0E
021700001011189,0E
021700001011190,0E
021700001011191,0E
021700001011192,0E
021700001011193,0E
021700001011195,0E
021700001011197,0E
021700001011198,0E
021700001011199,0E
021700001011200,0E
021700001011201,0E
021700001011202,0E
021700001011203,0E
021700001011204,0E
021700001011205,0E
021700001011206,0E
021700001011207,0E
021700001011208,0E
021700001011209,0E
021700001011210,0E
021700001011211,0E
021700001011212,0E
021700001011213,0E
021700001011214,0E
021700001011215,0E
021700001011216,0E
021700001011217,0E
021700001011218,0E
021700001011219,0E
021700001011220,0E
021700001011221,0E
021700001011222,0E
021700001011223,0E
021700001011224,0E
021700001011225,0E
021700001011226,0E
021700001011227,0E
021700001011228,0E
021700001011229,0E
021700001011230,0E
021700001011231,0E
021700001011232,0E
021700001011233,0E
021700001011234,0E
021700001011235,0E
021700001011236,0E
021700001011237,0E
021700001011238,0E
021700001011239,0E
021700001011240,0E
021700001011241,0E
021700001011242,0E
021700001011243,0E
021700001011248,0E
021700001011257,0E
021700001011258,0E
021700001011259,0E
021700001021031,0E
021700001021032,0E
021700001022065,0E
021700001022073,0E
021700004021047,0E
021700004022029,0E
021700005023024,0E
021700005023039,0E
021700005023040,0E
021700005023041,0E
021700005023077,0E
021700005023083,0E
021700005023084,0E
021700005023085,0E
021700001021037,0E
021700001021038,0E
021700001021039,0E
021700001021040,0E
021700001021041,0E
021700001021042,0E
021700001022017,0E
021700001022018,0E
021700001022020,0E
021700001022024,0E
021700001022025,0E
021700001022026,0E
021700001022027,0E
021700001022028,0E
021700001022029,0E
021700001022030,0E
021700001022031,0E
021700001022032,0E
021700001022033,0E
021700001022034,0E
021700001022035,0E
021700001022036,0E
021700001022037,0E
021700001022038,0E
021700001022039,0E
021700001022040,0E
021700001022041,0E
021700001022042,0E
021700001022043,0E
021700001022070,0E
021700001022071,0E
021700001022072,0E
021700001022074,0E
021700001022075,0E
021700001022076,0E
021700001022077,0E
021700001022078,0E
021700001022079,0E
021700001022080,0E
021700001022081,0E
021700001022082,0E
021700001022083,0E
021700001022084,0E
021700001022085,0E
021700001022086,0E
021700001022087,0E
021700001022088,0E
021700001022089,0E
021700001022090,0E
021700001022091,0E
021700001022092,0E
021700001022093,0E
021700001022094,0E
021700001022095,0E
021700001022096,0E
021700001022097,0E
021700001022098,0E
021700001022099,0E
021700001022100,0E
021700001022101,0E
021700001022102,0E
021700001022103,0E
021700001022104,0E
021700001022105,0E
021700001022106,0E
021700001022107,0E
021700001022108,0E
021700001022109,0E
021700001022110,0E
021700001022111,0E
021700001022112,0E
021700001022113,0E
021700001022114,0E
021700001022115,0E
021700001022116,0E
021700001022117,0E
021700001022118,0E
021700001022119,0E
021700001022120,0E
021700001022121,0E
021700001022122,0E
021700001022123,0E
021700001022124,0E
021700001022125,0E
021700001022127,0E
021700001022128,0E
021700001022129,0E
021700001022130,0E
021700001022131,0E
021700001022132,0E
021700001022133,0E
021700001022137,0E
021700001022138,0E
021700001022139,0E
021700001022140,0E
021700001022141,0E
021700001022142,0E
021700001022143,0E
021700001022144,0E
021700001022145,0E
021700001022146,0E
021700001022147,0E
021700001022148,0E
021700001022149,0E
021700001022150,0E
021700001022156,0E
021700001022157,0E
021700001022158,0E
021700001022159,0E
021700001022126,0E
021700004021000,0E
021700004021001,0E
021700004021002,0E
021700004021003,0E
021700004021004,0E
021700004021005,0E
021700004021006,0E
021700004021007,0E
021700004021008,0E
021700004021009,0E
021700004021010,0E
021700004021011,0E
021700004021012,0E
021700004021013,0E
021700004021014,0E
021700004021015,0E
021700004021016,0E
021700004021017,0E
021700004021018,0E
021700004021019,0E
021700004021020,0E
021700004021021,0E
021700004021022,0E
021700004021023,0E
021700004021024,0E
021700004021025,0E
021700004021026,0E
021700004021027,0E
021700004021028,0E
021700004021029,0E
021700004021030,0E
021700004021031,0E
021700004021032,0E
021700004021033,0E
021700004021034,0E
021700004021035,0E
021700004021036,0E
021700004021037,0E
021700004021038,0E
021700004021039,0E
021700004021040,0E
021700004021041,0E
021700004021042,0E
021700004021043,0E
021700004021044,0E
021700004021045,0E
021700004021046,0E
021700004021048,0E
021700004021049,0E
021700004022002,0E
021700004022003,0E
021700004022004,0E
021700004022005,0E
021700004022006,0E
021700004022007,0E
021700004022008,0E
021700004022009,0E
021700004022010,0E
021700004022011,0E
021700004022012,0E
021700004022013,0E
021700004022014,0E
021700004022015,0E
021700004022016,0E
021700004022017,0E
021700004022018,0E
021700004022019,0E
021700004022020,0E
021700004022021,0E
021700004022022,0E
021700004022023,0E
021700004022024,0E
021700004022025,0E
021700004022026,0E
021700004022027,0E
021700004022028,0E
021700004022030,0E
021700004022031,0E
021700004022032,0E
021700004022033,0E
021700004022034,0E
021700004022035,0E
021700004022036,0E
021700004022037,0E
021700004022038,0E
021700004022039,0E
021700004022040,0E
021700004022041,0E
021700004022042,0E
021700004022043,0E
021700004022044,0E
021700004022045,0E
021700004022046,0E
021700004022047,0E
021700004022048,0E
021700004022049,0E
021700004022050,0E
021700004022051,0E
021700004022052,0E
021700004022053,0E
021700004022054,0E
021700004022055,0E
021700004022056,0E
021700004022057,0E
021700004022058,0E
021700004022059,0E
021700004022060,0E
021700005023000,0E
021700005023001,0E
021700005023002,0E
021700005023003,0E
021700005023004,0E
021700005023005,0E
021700005023015,0E
021700005023016,0E
021700005023017,0E
021700005023022,0E
021700005023023,0E
021700005023075,0E
021700005023091,0E
021700002001000,0E
021700002001001,0E
021700002001002,0E
021700002001003,0E
021700002001004,0E
021700002001005,0E
021700002001006,0E
021700002001007,0E
021700002001008,0E
021700002001009,0E
021700002001010,0E
021700002001011,0E
021700002001012,0E
021700002001013,0E
021700002001014,0E
021700002001015,0E
021700002001016,0E
021700002001017,0E
021700002001018,0E
021700002001019,0E
021700002001020,0E
021700002001021,0E
021700002001022,0E
021700002001023,0E
021700002001024,0E
021700002001025,0E
021700002001026,0E
021700002001028,0E
021700002001029,0E
021700002001030,0E
021700002001031,0E
021700002002062,0E
021700002002063,0E
021700002002064,0E
021700002002065,0E
021700002002073,0E
021700002002074,0E
021700002002078,0E
021700002002079,0E
021700002002080,0E
021700002002081,0E
021700002002082,0E
021700002002083,0E
021700002002084,0E
021700002002085,0E
021700002002086,0E
021700002002087,0E
021700002002088,0E
021700002002089,0E
021700002002090,0E
021700002002091,0E
021700002002092,0E
021700002002093,0E
021700002002094,0E
021700002002096,0E
021700002002129,0E
021700002002130,0E
021700002002131,0E
021700002002165,0E
021700003001016,0E
021700003001043,0E
021700003001044,0E
021700003001045,0E
021700002001027,0E
021700002002095,0E
021700002002106,0E
021700002002107,0E
021700002002108,0E
021700002002109,0E
021700002002148,0E
021700003001000,0E
021700003001001,0E
021700003001002,0E
021700003001003,0E
021700003001004,0E
021700003001005,0E
021700003001006,0E
021700003001007,0E
021700003001008,0E
021700003001009,0E
021700003001010,0E
021700003001011,0E
021700003001012,0E
021700003001013,0E
021700003001014,0E
021700003001015,0E
021700003001017,0E
021700003001018,0E
021700003001019,0E
021700003001020,0E
021700003001021,0E
021700003001022,0E
021700003001023,0E
021700003001024,0E
021700003001025,0E
021700003001026,0E
021700003001027,0E
021700003001029,0E
021700003001030,0E
021700003001031,0E
021700003001032,0E
021700003001035,0E
021700003001036,0E
021700003002009,0E
021700003002016,0E
021700003002017,0E
021700003002018,0E
021700003002019,0E
021700003003000,0E
021700003003001,0E
021700003003002,0E
021700003003003,0E
021700003003007,0E
021700003003010,0E
021700003003011,0E
021700003003022,0E
021700003003023,0E
021700011003000,0E
021700011003001,0E
021700011003002,0E
021700011003003,0E
021700011003004,0E
021700011003005,0E
021700011003006,0E
021700011003007,0E
021700013004000,0E
021700013004001,0E
021700013004012,0E
021700002002110,0F
021700002002111,0F
021700002002112,0F
021700002002113,0F
021700002002114,0F
021700013001000,0F
021700013001001,0F
021700013001002,0F
021700013001003,0F
021700013001004,0F
021700013001005,0F
021700013001006,0F
021700013001007,0F
021700013001008,0F
021700013001009,0F
021700013001010,0F
021700013001011,0F
021700013001012,0F
021700013001013,0F
021700013001014,0F
021700013001015,0F
021700013001016,0F
021700013001017,0F
021700013001018,0F
021700013001019,0F
021700013001020,0F
021700013001021,0F
021700013001022,0F
021700013001023,0F
021700013001024,0F
021700013001025,0F
021700013001026,0F
021700013001027,0F
021700013001028,0F
021700013001029,0F
021700013001030,0F
021700013001031,0F
021700013001032,0F
021700013001033,0F
021700013001034,0F
021700013001035,0F
021700013001036,0F
021700013001037,0F
021700013001038,0F
021700013001039,0F
021700013001040,0F
021700013001041,0F
021700013001042,0F
021700013001043,0F
021700013001044,0F
021700013002000,0F
021700013002001,0F
021700013002002,0F
021700013002003,0F
021700013002004,0F
021700013002005,0F
021700013002006,0F
021700013002007,0F
021700013002008,0F
021700013002009,0F
021700013002010,0F
021700013002011,0F
021700013002012,0F
021700013002013,0F
021700013002014,0F
021700013002015,0F
021700013002016,0F
021700013002017,0F
021700013002018,0F
021700013002019,0F
021700013002020,0F
021700013002021,0F
021700013002022,0F
021700013002023,0F
021700013002024,0F
021700013002025,0F
021700013003000,0F
021700013003001,0F
021700013003003,0F
021700013003004,0F
021700013003005,0F
021700013003006,0F
021700013003007,0F
021700013003008,0F
021700013003009,0F
021700013003010,0F
021700013003011,0F
021700013003012,0F
021700013003013,0F
021700013003014,0F
021700013003015,0F
021700013003016,0F
021700013003019,0F
021700003001028,0F
021700013003002,0F
021700013003017,0F
021700013003018,0F
021700013004002,0F
021700013004003,0F
021700013004004,0F
021700013004005,0F
021700013004006,0F
021700013004007,0F
021700013004008,0F
021700013004009,0F
021700013004010,0F
021700013004011,0F
021700003001033,0F
021700003001034,0F
021700003001037,0F
021700003001038,0F
021700003001039,0F
021700011002000,0F
021700011002001,0F
021700011002002,0F
021700011002003,0F
021700011002004,0F
021700011002005,0F
021700011002006,0F
021700011002007,0F
021700011002008,0F
021700011002009,0F
021700011002010,0F
021700011002011,0F
021700011002012,0F
021700011002013,0F
021700011002014,0F
021700011002015,0F
021700011002033,0F
021700011003008,0F
021700011003009,0F
021700011003010,0F
021700011003011,0F
021700011003012,0F
021700011003013,0F
021700011003014,0F
021700012011016,0F
021700012011017,0F
021700012021018,0F
021700012021033,0F
021700012021034,0F
021700003001040,0F
021700003001041,0F
021700003001042,0F
021700012011000,0F
021700012011001,0F
021700012011002,0F
021700012011003,0F
021700012011004,0F
021700012011005,0F
021700012011006,0F
021700012011007,0F
021700012011008,0F
021700012011009,0F
021700012011010,0F
021700012011011,0F
021700012011012,0F
021700012011013,0F
021700012011014,0F
021700012011015,0F
021700012011018,0F
021700012011019,0F
021700012011020,0F
021700012011021,0F
021700012011022,0F
021700012011023,0F
021700012011024,0F
021700012011025,0F
021700012011026,0F
021700012011027,0F
021700012011028,0F
021700012011029,0F
021700012011030,0F
021700012011031,0F
021700012011032,0F
021700012011033,0F
021700012011034,0F
021700012012000,0F
021700012012001,0F
021700012012002,0F
021700012012003,0F
021700012012004,0F
021700012012005,0F
021700012012006,0F
021700012012007,0F
021700012012008,0F
021700012012009,0F
021700012012010,0F
021700012012011,0F
021700012012012,0F
021700012012013,0F
021700012012014,0F
021700012012015,0F
021700012012016,0F
021700012012017,0F
021700012012018,0F
021700012012019,0F
021700012012020,0F
021700012012021,0F
021700012012022,0F
021700012012023,0F
021700012012024,0F
021700012012025,0F
021700012012026,0F
021700012012027,0F
021700012012028,0F
021700012013010,0F
021700012013016,0F
021700012013022,0F
021700012013024,0F
021700012013026,0F
021700012013027,0F
021700012021000,0F
021700012021027,0F
021700012022046,0F
021700012022051,0F
021700012022052,0F
021700003002000,0E
021700003002001,0E
021700003002002,0E
021700003002003,0E
021700003002004,0E
021700003002005,0E
021700003002006,0E
021700003002007,0E
021700003002008,0E
021700003002010,0E
021700003002011,0E
021700003002012,0E
021700003002013,0E
021700003002014,0E
021700003002015,0E
021700003003004,0E
021700003003005,0E
021700003003006,0E
021700003003008,0E
021700003003009,0E
021700003003012,0E
021700003003013,0E
021700003003014,0E
021700003003015,0E
021700003003016,0E
021700003003017,0E
021700003003018,0E
021700003003019,0E
021700003003020,0E
021700003003021,0E
021700003003024,0E
021700003003025,0E
021700003003026,0E
021700003003027,0E
021700003003028,0E
021700003003029,0E
021700003003030,0E
021700003003031,0E
021700003003032,0E
021700007063013,0E
021700010012000,0E
021700010012001,0E
021700010012002,0E
021700010012003,0E
021700010012004,0E
021700010012008,0E
021700004011000,0E
021700004011001,0E
021700004011002,0E
021700004011003,0E
021700004011004,0E
021700004011005,0E
021700004011006,0E
021700004011007,0E
021700004011008,0E
021700004011009,0E
021700004011010,0E
021700004011011,0E
021700004011012,0E
021700004011013,0E
021700004011014,0E
021700004011015,0E
021700004011016,0E
021700004011017,0E
021700004011018,0E
021700004011019,0E
021700004011020,0E
021700004011021,0E
021700004011022,0E
021700004011023,0E
021700004011024,0E
021700004011025,0E
021700004011026,0E
021700004011027,0E
021700004011028,0E
021700004011029,0E
021700004011030,0E
021700004011031,0E
021700004011032,0E
021700004011033,0E
021700004011034,0E
021700004011035,0E
021700004011036,0E
021700004011037,0E
021700004011038,0E
021700004011039,0E
021700004011040,0E
021700004011041,0E
021700004011042,0E
021700004011043,0E
021700004012000,0E
021700004012001,0E
021700004012002,0E
021700004012003,0E
021700004012004,0E
021700004012005,0E
021700004012006,0E
021700004012007,0E
021700004012008,0E
021700004012009,0E
021700004012010,0E
021700004012011,0E
021700004012012,0E
021700004012013,0E
021700004012014,0E
021700004012015,0E
021700004012016,0E
021700004012017,0E
021700004012018,0E
021700004012019,0E
021700004012020,0E
021700004012021,0E
021700004012022,0E
021700004012023,0E
021700004012024,0E
021700004012025,0E
021700004012026,0E
021700004012027,0E
021700004012028,0E
021700004012029,0E
021700004012030,0E
021700004012031,0E
021700004012032,0E
021700004012033,0E
021700004012034,0E
021700004012035,0E
021700004022000,0E
021700004022001,0E
021700007011000,0E
021700007011001,0E
021700007011002,0E
021700007011003,0E
021700007011007,0E
021700007011008,0E
021700007011012,0E
021700007011020,0E
021700007031000,0E
021700007031001,0E
021700007033000,0E
021700007033001,0E
021700007033002,0E
021700007033003,0E
021700007033004,0E
021700007033005,0E
021700007033006,0E
021700007033007,0E
021700007033011,0E
021700007061000,0E
021700007061002,0E
021700007061003,0E
021700007061004,0E
021700007061005,0E
021700007061006,0E
021700007061013,0E
021700005011000,0D
021700005011001,0D
021700005011002,0D
021700005011004,0D
021700005011005,0D
021700005011006,0D
021700007011004,0D
021700007011005,0D
021700007011006,0D
021700007011009,0D
021700007011010,0D
021700007011011,0D
021700007011013,0D
021700007011014,0D
021700007011015,0D
021700007011016,0D
021700007011017,0D
021700007011018,0D
021700007011019,0D
021700007011021,0D
021700007011022,0D
021700007011023,0D
021700007011024,0D
021700007011025,0D
021700007011026,0D
021700007011027,0D
021700007011028,0D
021700007011029,0D
021700007011030,0D
021700007011031,0D
021700007011032,0D
021700007011033,0D
021700007012000,0D
021700007012001,0D
021700007012002,0D
021700007012003,0D
021700007012004,0D
021700007012005,0D
021700007012006,0D
021700007012007,0D
021700007012008,0D
021700007012009,0D
021700007012010,0D
021700007012011,0D
021700007012012,0D
021700007012013,0D
021700007012014,0D
021700007012015,0D
021700007013000,0D
021700007013001,0D
021700007013002,0D
021700007013003,0D
021700007013004,0D
021700007013005,0D
021700007013006,0D
021700007013007,0D
021700007013008,0D
021700007013009,0D
021700007013010,0D
021700007013011,0D
021700007013012,0D
021700007013013,0D
021700007013014,0D
021700007013015,0D
021700007013016,0D
021700007013017,0D
021700005011003,0D
021700005011013,0D
021700005011014,0D
021700005011015,0D
021700005011016,0D
021700005011017,0D
021700005012000,0D
021700005012021,0D
021700005012022,0D
021700006032000,0D
021700006032001,0D
021700006032002,0D
021700006032003,0D
021700006032004,0D
021700006032005,0D
021700006032006,0D
021700006032007,0D
021700006032008,0D
021700006032009,0D
021700006032010,0D
021700006032011,0D
021700006032012,0D
021700006032013,0D
021700006032014,0D
021700006032015,0D
021700006032016,0D
021700006032017,0D
021700006032018,0D
021700006032019,0D
021700006032020,0D
021700006032021,0D
021700006032022,0D
021700006032023,0D
021700006032024,0D
021700006032025,0D
021700006032026,0D
021700006032027,0D
021700006032028,0D
021700006032029,0D
021700006033000,0D
021700006033001,0D
021700006033002,0D
021700006033003,0D
021700006033004,0D
021700006033005,0D
021700006033006,0D
021700006033007,0D
021700006033008,0D
021700006033009,0D
021700006033010,0D
021700006033011,0D
021700006033012,0D
021700006033013,0D
021700006033014,0D
021700006033015,0D
021700006033016,0D
021700006033017,0D
021700006033018,0D
021700006033019,0D
021700006033020,0D
021700006033021,0D
021700006033022,0D
021700006033023,0D
021700006033024,0D
021700006033025,0D
021700006041009,0D
021700005011007,0D
021700005011008,0D
021700005011009,0D
021700005011010,0D
021700005011011,0D
021700005011012,0D
021700005012001,0D
021700005012002,0D
021700005012003,0D
021700005012004,0D
021700005012005,0D
021700005012006,0D
021700005012007,0D
021700005012008,0D
021700005012009,0D
021700005012010,0D
021700005012011,0D
021700005012012,0D
021700005012013,0D
021700005012014,0D
021700005012015,0D
021700005012016,0D
021700005012017,0D
021700005012018,0D
021700005012019,0D
021700005012020,0D
021700005012023,0D
021700005012024,0D
021700005012025,0D
021700005012026,0D
021700005012027,0D
021700005012028,0D
021700005012029,0D
021700005012030,0D
021700005012031,0D
021700005012032,0D
021700005012033,0D
021700005012034,0D
021700005012035,0D
021700005012036,0D
021700005012038,0D
021700005021000,0D
021700005021001,0D
021700005021002,0D
021700005021003,0D
021700005021004,0D
021700005021005,0D
021700005021006,0D
021700005021007,0D
021700005021008,0D
021700005021009,0D
021700005021010,0D
021700005021011,0D
021700005021012,0D
021700005021013,0D
021700005021014,0D
021700005021015,0D
021700005021016,0D
021700005021017,0D
021700005022000,0D
021700005022001,0D
021700005022002,0D
021700005022003,0D
021700005022004,0D
021700005022005,0D
021700005022006,0D
021700005022007,0D
021700005022008,0D
021700005022009,0D
021700005022010,0D
021700005022011,0D
021700005022012,0D
021700005022013,0D
021700005022014,0D
021700005022015,0D
021700005022016,0D
021700005022017,0D
021700005022018,0D
021700005022019,0D
021700005022020,0D
021700005022021,0D
021700005022022,0D
021700005022023,0D
021700005022024,0D
021700005023006,0D
021700005023007,0D
021700005023008,0D
021700005023009,0D
021700005023010,0D
021700005023011,0D
021700005023012,0D
021700005023013,0D
021700005023014,0D
021700005023018,0D
021700005023019,0D
021700005023020,0D
021700005023021,0D
021700005023025,0D
021700005023026,0D
021700005023027,0D
021700005023028,0D
021700005023029,0D
021700005023030,0D
021700005023031,0D
021700005023032,0D
021700005023033,0D
021700005023034,0D
021700005023035,0D
021700005023036,0D
021700005023037,0D
021700005023038,0D
021700005023064,0D
021700005023065,0D
021700005023068,0D
021700005023069,0D
021700005023070,0D
021700005023072,0D
021700005023073,0D
021700005023074,0D
021700005023076,0D
021700005023082,0D
021700005023089,0D
021700005023090,0D
021700005023092,0D
021700005012037,0D
021700005012039,0D
021700005012040,0D
021700005012041,0D
021700005012042,0D
021700005012043,0D
021700005012044,0D
021700005012045,0D
021700005012046,0D
021700005012047,0D
021700005012048,0D
021700005012049,0D
021700005012050,0D
021700005012051,0D
021700005012052,0D
021700005012053,0D
021700005023042,0D
021700005023043,0D
021700005023044,0D
021700005023045,0D
021700005023046,0D
021700005023047,0D
021700005023048,0D
021700005023049,0D
021700005023050,0D
021700005023051,0D
021700005023052,0D
021700005023053,0D
021700005023054,0D
021700005023055,0D
021700005023056,0D
021700005023057,0D
021700005023058,0D
021700005023059,0D
021700005023060,0D
021700005023061,0D
021700005023062,0D
021700005023063,0D
021700005023066,0D
021700005023067,0D
021700005023071,0D
021700005023078,0D
021700005023079,0D
021700005023080,0D
021700005023081,0D
021700005023086,0D
021700005023087,0D
021700005023088,0D
021700006041000,0D
021700006041001,0D
021700006041002,0D
021700006041003,0D
021700006041004,0D
021700006041005,0D
021700006041006,0D
021700006041007,0D
021700006041008,0D
021700006041010,0D
021700006041011,0D
021700006041012,0D
021700006041013,0D
021700006041014,0D
021700006041015,0D
021700006041016,0D
021700006041017,0D
021700006041018,0D
021700006041019,0D
021700006041020,0D
021700006041021,0D
021700006041022,0D
021700006041023,0D
021700006041024,0D
021700006041025,0D
021700006041026,0D
021700006041027,0D
021700006041028,0D
021700006041029,0D
021700006041030,0D
021700006041031,0D
021700006041032,0D
021700006041033,0D
021700006041034,0D
021700006041035,0D
021700006041036,0D
021700006041037,0D
021700006041038,0D
021700006041039,0D
021700006041040,0D
021700006041041,0D
021700006041042,0D
021700006041043,0D
021700006041044,0D
021700006041045,0D
021700006041046,0D
021700006041047,0D
021700006041048,0D
021700006041049,0D
021700006041050,0D
021700006041051,0D
021700006041052,0D
021700006041053,0D
021700006041054,0D
021700006041055,0D
021700006041056,0D
021700006041057,0D
021700006041058,0D
021700006041059,0D
021700006041060,0D
021700006041061,0D
021700006041062,0D
021700006041063,0D
021700006041064,0D
021700006041065,0D
021700006041066,0D
021700006041067,0D
021700006041068,0D
021700006041069,0D
021700006041070,0D
021700006041071,0D
021700006041072,0D
021700006041073,0D
021700006041074,0D
021700006041075,0D
021700006041076,0D
021700006041077,0D
021700006041078,0D
021700006042000,0D
021700006042001,0D
021700006042002,0D
021700006042003,0D
021700006042004,0D
021700006042005,0D
021700006042006,0D
021700006042007,0D
021700006042008,0D
021700006042009,0D
021700006042010,0D
021700006042011,0D
021700006042012,0D
021700006042013,0D
021700006042014,0D
021700006042015,0D
021700006042016,0D
021700006042017,0D
021700006042018,0D
021700006042019,0D
021700006042020,0D
021700006042021,0D
021700006042022,0D
021700006042023,0D
021700006042024,0D
021700006042025,0D
021700006042026,0D
021700006042028,0D
021700006043013,0D
021700006043014,0D
021700006043015,0D
021700006043016,0D
021700006043017,0D
021700006043018,0D
021700006043019,0D
021700006011000,0F
021700006011001,0F
021700006011002,0F
021700006011003,0F
021700006011004,0F
021700006011005,0F
021700006011006,0F
021700006011007,0F
021700006011008,0F
021700006011009,0F
021700006011010,0F
021700006011011,0F
021700006011012,0F
021700006011013,0F
021700006011014,0F
021700006011015,0F
021700006011016,0F
021700006011017,0F
021700006011018,0F
021700006011024,0F
021700006011025,0F
021700006011026,0F
021700006011027,0F
021700006011028,0F
021700006011029,0F
021700006011030,0F
021700006011031,0F
021700006011032,0F
021700006011033,0F
021700006011034,0F
021700006011035,0F
021700006011036,0F
021700006011037,0F
021700006011038,0F
021700006011062,0F
021700006042027,0F
021700006042029,0F
021700011001024,0F
021700011001025,0F
021700011001026,0F
021700011001027,0F
021700011001028,0F
021700011001029,0F
021700011001030,0F
021700011001031,0F
021700011001032,0F
021700011001033,0F
021700011001034,0F
021700011001035,0F
021700011001036,0F
021700011001037,0F
021700011001038,0F
021700011001039,0F
021700011001040,0F
021700011001041,0F
021700011001042,0F
021700011001043,0F
021700011001051,0F
021700011001052,0F
021700011001053,0F
021700011001054,0F
021700011001055,0F
021700011001056,0F
021700011001057,0F
021700011001058,0F
021700011001059,0F
021700011001060,0F
021700011001061,0F
021700011001062,0F
021700011001063,0F
021700011001066,0F
021700011001067,0F
021700011001068,0F
021700011001069,0F
021700011001072,0F
021700011001073,0F
021700012013014,0F
021700012013015,0F
021700006011019,0F
021700006011021,0F
021700006011022,0F
021700006011023,0F
021700006011039,0F
021700006011040,0F
021700006011041,0F
021700006011042,0F
021700006011045,0F
021700006011046,0F
021700006011047,0F
021700006011048,0F
021700006011049,0F
021700006011050,0F
021700006011052,0F
021700006011053,0F
021700006011054,0F
021700006011055,0F
021700006011056,0F
021700006011057,0F
021700006011058,0F
021700006011059,0F
021700006011060,0F
021700006011061,0F
021700006011063,0F
021700006011064,0F
021700011001044,0F
021700011001071,0F
021700006011020,0F
021700006011051,0F
021700006011065,0F
021700006012000,0F
021700006012001,0F
021700006012002,0F
021700006012003,0F
021700006012004,0F
021700006012005,0F
021700006012006,0F
021700006012007,0F
021700006012008,0F
021700006012009,0F
021700006012010,0F
021700006012011,0F
021700006012012,0F
021700006012013,0F
021700006012014,0F
021700006012015,0F
021700006012016,0F
021700006012017,0F
021700006012018,0F
021700006012019,0F
021700006012020,0F
021700006012021,0F
021700006012022,0F
021700006012023,0F
021700006012024,0F
021700006013000,0F
021700006013001,0F
021700006013002,0F
021700006013003,0F
021700006013004,0F
021700006043022,0F
021700006043023,0F
021700006011043,0D
021700006011044,0D
021700008003000,0D
021700008003001,0D
021700008003002,0D
021700008003003,0D
021700008003004,0D
021700008003005,0D
021700008003006,0D
021700008003007,0D
021700008003008,0D
021700008003009,0D
021700008003010,0D
021700008003011,0D
021700008003012,0D
021700008003013,0D
021700008003014,0D
021700008003015,0D
021700008003016,0D
021700008003017,0D
021700008003018,0D
021700008003019,0D
021700008003020,0D
021700008003021,0D
021700008003022,0D
021700008003023,0D
021700008003024,0D
021700008003025,0D
021700008003026,0D
021700008003027,0D
021700008003028,0D
021700008003029,0D
021700008003030,0D
021700008003031,0D
021700008003032,0D
021700008003033,0D
021700008003034,0D
021700008003035,0D
021700008003036,0D
021700008003037,0D
021700008003039,0D
021700009001000,0D
021700009001004,0D
021700009001010,0D
021700009001011,0D
021700009001012,0D
021700009001013,0D
021700009001014,0D
021700009001015,0D
021700009001016,0D
021700009001017,0D
021700009001019,0D
021700009001020,0D
021700009001027,0D
021700009001028,0D
021700009001029,0D
021700009001033,0D
021700009001034,0D
021700009001035,0D
021700009001036,0D
021700009001037,0D
021700009002000,0D
021700009002001,0D
021700009002002,0D
021700009002003,0D
021700009002004,0D
021700009002005,0D
021700009002006,0D
021700009002007,0D
021700009002008,0D
021700009002009,0D
021700009002010,0D
021700009002011,0D
021700009002012,0D
021700009002013,0D
021700009002014,0D
021700009002015,0D
021700009002016,0D
021700009002017,0D
021700009002018,0D
021700009002019,0D
021700009002020,0D
021700009002021,0D
021700009002022,0D
021700009002023,0D
021700009002024,0D
021700009002025,0D
021700009002026,0D
021700009002027,0D
021700009002028,0D
021700009002029,0D
021700009002030,0D
021700009002031,0D
021700009002032,0D
021700009002033,0D
021700009002035,0D
021700009002036,0D
021700009002037,0D
021700009002038,0D
021700010041031,0D
021700010041034,0D
021700010043014,0D
021700010043016,0D
021700010043017,0D
021700010043019,0D
021700010043020,0D
021700010043021,0D
021700010043031,0D
021700010043032,0D
021700006031000,0D
021700006031001,0D
021700006031004,0D
021700007032008,0D
021700007052010,0D
021700007052011,0D
021700007052012,0D
021700007052013,0D
021700008001000,0D
021700008001001,0D
021700008001002,0D
021700008001003,0D
021700008001004,0D
021700008001005,0D
021700008001006,0D
021700008001007,0D
021700008001008,0D
021700008001009,0D
021700008001010,0D
021700008001011,0D
021700008001012,0D
021700008001013,0D
021700008001014,0D
021700008001015,0D
021700008001016,0D
021700008001017,0D
021700008001018,0D
021700008001019,0D
021700008001020,0D
021700008001021,0D
021700008001022,0D
021700008001023,0D
021700008001024,0D
021700008002000,0D
021700008002001,0D
021700008002002,0D
021700008002003,0D
021700008002004,0D
021700008002005,0D
021700008002006,0D
021700008002007,0D
021700008002008,0D
021700008002009,0D
021700008002010,0D
021700008002011,0D
021700008002012,0D
021700008002013,0D
021700008002014,0D
021700008002015,0D
021700008002016,0D
021700008002017,0D
021700008002018,0D
021700008002019,0D
021700008002020,0D
021700009001001,0D
021700009001002,0D
021700009001003,0D
021700009001005,0D
021700009001006,0D
021700009001007,0D
021700009001008,0D
021700009001009,0D
021700009001018,0D
021700009001021,0D
021700009001022,0D
021700009001023,0D
021700009001024,0D
021700009001025,0D
021700009001026,0D
021700009001030,0D
021700009001031,0D
021700009001032,0D
021700009001038,0D
021700009001039,0D
021700009001040,0D
021700009002034,0D
021700006031002,0D
021700006031003,0D
021700006031005,0D
021700006031008,0D
021700006031009,0D
021700006031010,0D
021700006031011,0D
021700006031012,0D
021700006031013,0D
021700006031014,0D
021700006031015,0D
021700006031016,0D
021700006031017,0D
021700006031018,0D
021700006031019,0D
021700006031020,0D
021700006031035,0D
021700007032010,0D
021700007032011,0D
021700007032012,0D
021700007032013,0D
021700007032014,0D
021700007032015,0D
021700007032018,0D
021700007032019,0D
021700007032020,0D
021700006031006,0D
021700006031007,0D
021700006031021,0D
021700006031022,0D
021700006031023,0D
021700006031024,0D
021700006031025,0D
021700006031026,0D
021700006031027,0D
021700006031028,0D
021700006031029,0D
021700006031030,0D
021700006031031,0D
021700006031032,0D
021700006031033,0D
021700006031034,0D
021700006031036,0D
021700006031037,0D
021700006031038,0D
021700006031039,0D
021700006043000,0D
021700006043001,0D
021700006043002,0D
021700006043003,0D
021700006043004,0D
021700006043005,0D
021700006043006,0D
021700006043007,0D
021700006043008,0D
021700006043009,0D
021700006043010,0D
021700006043011,0D
021700006043012,0D
021700006043020,0D
021700006043021,0D
021700006043024,0D
021700006043025,0D
021700007031002,0D
021700007031003,0D
021700007031004,0D
021700007031005,0D
021700007031006,0D
021700007031007,0D
021700007031008,0D
021700007031009,0D
021700007031022,0D
021700007032016,0D
021700007032017,0D
021700007032021,0D
021700007032022,0D
021700007032023,0D
021700007032024,0D
021700007032025,0D
021700007032026,0D
021700007033008,0D
021700007033009,0D
021700007033010,0D
021700007031010,0E
021700007031011,0E
021700007031012,0E
021700007031013,0E
021700007031014,0E
021700007031015,0E
021700007031016,0E
021700007031017,0E
021700007031018,0E
021700007031019,0E
021700007031020,0E
021700007031021,0E
021700007031023,0E
021700007031024,0E
021700007031025,0E
021700007032000,0E
021700007032001,0E
021700007032002,0E
021700007032003,0E
021700007032004,0E
021700007032005,0E
021700007032006,0E
021700007032007,0E
021700007032009,0E
021700007051000,0D
021700007051001,0D
021700007051002,0D
021700007051003,0D
021700007051004,0D
021700007051005,0D
021700007051006,0D
021700007051007,0D
021700007051008,0D
021700007051009,0D
021700007051010,0D
021700007051011,0D
021700007051012,0D
021700007051013,0D
021700007051014,0D
021700007051015,0D
021700007051016,0D
021700007051017,0D
021700007051018,0D
021700007051019,0D
021700007051020,0D
021700007052014,0D
021700007052015,0D
021700007052016,0D
021700007062013,0D
021700007062028,0D
021700010031002,0D
021700010031003,0D
021700010031009,0D
021700007052000,0E
021700007052001,0E
021700007052002,0E
021700007052003,0E
021700007052004,0E
021700007052005,0E
021700007052006,0E
021700007052007,0E
021700007052008,0E
021700007052009,0E
021700007061009,0E
021700007061010,0E
021700007061011,0E
021700007061012,0E
021700007061014,0E
021700007061015,0E
021700007061016,0E
021700007061017,0E
021700007061018,0E
021700007061019,0E
021700007061020,0E
021700007061021,0E
021700007061022,0E
021700007061023,0E
021700007061024,0E
021700007061025,0E
021700007061026,0E
021700007061027,0E
021700007061028,0E
021700007061001,0E
021700007061007,0E
021700007061008,0E
021700007062000,0E
021700007062001,0E
021700007062002,0E
021700007062003,0E
021700007062004,0E
021700007062005,0E
021700007062006,0E
021700007062007,0E
021700007062008,0E
021700007062009,0E
021700007062010,0E
021700007062011,0E
021700007062012,0E
021700007062014,0E
021700007062015,0E
021700007062016,0E
021700007062017,0E
021700007062018,0E
021700007062019,0E
021700007062020,0E
021700007062021,0E
021700007062022,0E
021700007062023,0E
021700007062024,0E
021700007062025,0E
021700007062026,0E
021700007062027,0E
021700007063000,0E
021700007063001,0E
021700007063002,0E
021700007063003,0E
021700007063004,0E
021700007063005,0E
021700007063006,0E
021700007063007,0E
021700007063008,0E
021700007063009,0E
021700007063010,0E
021700007063011,0E
021700007063012,0E
021700010011019,0E
021700010011020,0E
021700010011021,0E
021700008003038,0D
021700010031008,0D
021700010031010,0D
021700010031011,0D
021700010031012,0D
021700010031013,0D
021700010031014,0D
021700010031015,0D
021700010031016,0D
021700010031017,0D
021700010031018,0D
021700010031019,0D
021700010031020,0D
021700010031021,0D
021700010031022,0D
021700010031023,0D
021700010031024,0D
021700010031025,0D
021700010031026,0D
021700010031027,0D
021700010031028,0D
021700010031029,0D
021700010031030,0D
021700010031031,0D
021700010031032,0D
021700010031033,0D
021700010031034,0D
021700010031035,0D
021700010041027,0D
021700010041028,0D
021700010041029,0D
021700010041030,0D
021700010041032,0D
021700010041033,0D
021700010043012,0D
021700010043013,0D
021700010043015,0D
021700010043018,0D
021700010043022,0D
021700010011000,0E
021700010011001,0E
021700010011002,0E
021700010011003,0E
021700010011004,0E
021700010011005,0E
021700010011006,0E
021700010011007,0E
021700010011008,0E
021700010011009,0E
021700010011029,0E
021700010011030,0E
021700010011031,0E
021700010011032,0E
021700010012009,0E
021700010012010,0E
021700010012011,0E
021700010012012,0E
021700010012013,0E
021700010012014,0E
021700010012015,0E
021700010012016,0E
021700010012017,0E
021700010012019,0E
021700010012020,0E
021700010012021,0E
021700010011010,0E
021700010011011,0E
021700010011012,0E
021700010011013,0E
021700010011014,0E
021700010011015,0E
021700010011016,0E
021700010011017,0E
021700010011018,0E
021700010011022,0E
021700010011023,0E
021700010011024,0E
021700010011025,0E
021700010011026,0E
021700010011027,0E
021700010011028,0E
021700010011033,0E
021700010011034,0E
021700010012005,0E
021700010012006,0E
021700010012007,0E
021700010012018,0E
021700010031000,0D
021700010031001,0D
021700010031004,0D
021700010031005,0D
021700010031006,0D
021700010031007,0D
021700010032001,0D
021700010032002,0D
021700010032003,0D
021700010032004,0D
021700010032006,0D
021700010032009,0D
021700010032010,0D
021700010032011,0D
021700010032012,0D
021700010032013,0D
021700010032014,0D
021700010032015,0D
021700010032016,0D
021700010032017,0D
021700010032018,0D
021700010032019,0D
021700010032020,0D
021700010032021,0D
021700010032022,0D
021700010032023,0D
021700010032024,0D
021700010032025,0D
021700010041022,0D
021700010041023,0D
021700010041024,0D
021700010041025,0D
021700010041026,0D
021700010032000,0D
021700010032005,0D
021700010032007,0D
021700010032008,0D
021700010041000,0D
021700010041001,0D
021700010041002,0D
021700010041003,0D
021700010041004,0D
021700010041005,0D
021700010041006,0D
021700010041007,0D
021700010041008,0D
021700010041009,0D
021700010041010,0D
021700010041011,0D
021700010041012,0D
021700010041013,0D
021700010041014,0D
021700010041015,0D
021700010041016,0D
021700010041017,0D
021700010041018,0D
021700010041019,0D
021700010041020,0D
021700010041021,0D
021700010041035,0D
021700010041036,0D
021700010041037,0D
021700010041038,0D
021700010041039,0D
021700011002027,0D
021700011002028,0D
021700011002029,0D
021700010042000,0F
021700011001000,0F
021700011001002,0F
021700011001003,0F
021700011001004,0F
021700011001005,0F
021700011001006,0F
021700011001013,0F
021700011001014,0F
021700011001045,0F
021700011001070,0F
021700011002016,0F
021700011002017,0F
021700011002018,0F
021700011002019,0F
021700011002020,0F
021700011002021,0F
021700011002022,0F
021700011002023,0F
021700011002024,0F
021700011002025,0F
021700011002026,0F
021700011002030,0F
021700011002031,0F
021700011002032,0F
021700012022031,0F
021700012022032,0F
021700012022033,0F
021700012022034,0F
021700010042001,0F
021700010042002,0F
021700010042003,0F
021700010042004,0F
021700010042005,0F
021700010042006,0F
021700010042007,0F
021700010042008,0F
021700010042009,0F
021700010042010,0F
021700010042011,0F
021700010042012,0F
021700010042013,0F
021700010042014,0F
021700010042015,0F
021700011001007,0F
021700011001008,0F
021700011001009,0F
021700011001010,0F
021700011001011,0F
021700011001012,0F
021700011001015,0F
021700011001019,0F
021700011001020,0F
021700011001021,0F
021700011001022,0F
021700011001046,0F
021700011001047,0F
021700011001048,0F
021700011001049,0F
021700011001050,0F
021700011001064,0F
021700011001065,0F
021700010043000,0F
021700010043001,0F
021700010043002,0F
021700010043003,0F
021700010043004,0F
021700010043005,0F
021700010043006,0F
021700010043007,0F
021700010043008,0F
021700010043009,0F
021700010043010,0F
021700010043011,0F
021700010043023,0F
021700010043024,0F
021700010043025,0F
021700010043026,0F
021700010043027,0F
021700010043028,0F
021700010043029,0F
021700010043030,0F
021700011001016,0F
021700011001017,0F
021700011001018,0F
021700011001023,0F
021700011001001,0F
021700012021017,0F
021700012021028,0F
021700012021029,0F
021700012021030,0F
021700012021031,0F
021700012021032,0F
021700012021035,0F
021700012021036,0F
021700012021037,0F
021700012021038,0F
021700012021039,0F
021700012021040,0F
021700012021048,0F
021700012022015,0F
021700012022016,0F
021700012022019,0F
021700012022021,0F
021700012022022,0F
021700012022025,0F
021700012022029,0F
021700012022030,0F
021700012022053,0F
021700012012029,0F
021700012012030,0F
021700012012031,0F
021700012013000,0F
021700012013001,0F
021700012013002,0F
021700012013003,0F
021700012013004,0F
021700012013005,0F
021700012013006,0F
021700012013007,0F
021700012013008,0F
021700012013009,0F
021700012013011,0F
021700012013012,0F
021700012013013,0F
021700012013017,0F
021700012013018,0F
021700012013019,0F
021700012013020,0F
021700012013021,0F
021700012013023,0F
021700012013025,0F
021700012013028,0F
021700012013029,0F
021700012021001,0F
021700012021002,0F
021700012021003,0F
021700012021004,0F
021700012021005,0F
021700012021006,0F
021700012021007,0F
021700012021008,0F
021700012021009,0F
021700012021010,0F
021700012021011,0F
021700012021012,0F
021700012021013,0F
021700012021014,0F
021700012021015,0F
021700012021016,0F
021700012021019,0F
021700012021020,0F
021700012021021,0F
021700012021022,0F
021700012021023,0F
021700012021024,0F
021700012021025,0F
021700012021026,0F
021700012021041,0F
021700012021042,0F
021700012021043,0F
021700012021044,0F
021700012021045,0F
021700012021046,0F
021700012021047,0F
021700012022000,0F
021700012022001,0F
021700012022002,0F
021700012022003,0F
021700012022004,0F
021700012022005,0F
021700012022006,0F
021700012022007,0F
021700012022008,0F
021700012022009,0F
021700012022010,0F
021700012022011,0F
021700012022012,0F
021700012022013,0F
021700012022014,0F
021700012022017,0F
021700012022018,0F
021700012022020,0F
021700012022023,0F
021700012022024,0F
021700012022026,0F
021700012022027,0F
021700012022028,0F
021700012022035,0F
021700012022036,0F
021700012022037,0F
021700012022038,0F
021700012022039,0F
021700012022040,0F
021700012022041,0F
021700012022042,0F
021700012022043,0F
021700012022044,0F
021700012022045,0F
021700012022047,0F
021700012022048,0F
021700012022049,0F
021700012022050,0F
021700012022054,0F
021800001001000,0T
021800001001001,0T
021800001001002,0T
021800001001003,0T
021800001001004,0T
021800001001005,0T
021800001001006,0T
021800001001007,0T
021800001001008,0T
021800001001009,0T
021800001001010,0T
021800001001011,0T
021800001001012,0T
021800001001026,0T
021800001001027,0T
021800001001028,0T
021800001001029,0T
021800001001030,0T
021800001001031,0T
021800001001032,0T
021800001001033,0T
021800001001034,0T
021800001001505,0T
021800001001506,0T
021800001001507,0T
021800001001508,0T
021800001001509,0T
021800001001510,0T
021800001001511,0T
021800001001512,0T
021800001001513,0T
021800001001514,0T
021800001001515,0T
021800001001516,0T
021800001001517,0T
021800001001518,0T
021800001001520,0T
021800001001521,0T
021800001001522,0T
021800001001523,0T
021800001001593,0T
021800001001594,0T
021800001001595,0T
021800001001013,0T
021800001001014,0T
021800001001015,0T
021800001001016,0T
021800001001017,0T
021800001001018,0T
021800001001019,0T
021800001001020,0T
021800001001021,0T
021800001001022,0T
021800001001023,0T
021800001001024,0T
021800001001025,0T
021800001001296,0T
021800001001297,0T
021800001001298,0T
021800001001299,0T
021800001001300,0T
021800001001435,0T
021800001001436,0T
021800001001437,0T
021800001001438,0T
021800001001439,0T
021800001001502,0T
021800001001604,0T
021800001001605,0T
021800001001035,0T
021800001001036,0T
021800001001037,0T
021800001001038,0T
021800001001039,0T
021800001001040,0T
021800001001041,0T
021800001001042,0T
021800001001043,0T
021800001001044,0T
021800001001045,0T
021800001001046,0T
021800001001047,0T
021800001001048,0T
021800001001049,0T
021800001001050,0T
021800001001052,0T
021800001001053,0T
021800001001054,0T
021800001001055,0T
021800001001248,0T
021800001001251,0T
021800001001255,0T
021800001001257,0T
021800001001263,0T
021800001001264,0T
021800001001265,0T
021800001001266,0T
021800001001267,0T
021800001001270,0T
021800001001271,0T
021800001001272,0T
021800001001432,0T
021800001001440,0T
021800001001441,0T
021800001001442,0T
021800001001443,0T
021800001001444,0T
021800001001445,0T
021800001001446,0T
021800001001447,0T
021800001001448,0T
021800001001449,0T
021800001001450,0T
021800001001451,0T
021800001001452,0T
021800001001453,0T
021800001001454,0T
021800001001455,0T
021800001001456,0T
021800001001457,0T
021800001001458,0T
021800001001459,0T
021800001001460,0T
021800001001461,0T
021800001001462,0T
021800001001463,0T
021800001001464,0T
021800001001485,0T
021800001001491,0T
021800001001497,0T
021800001001498,0T
021800001001499,0T
021800001001503,0T
021800001001504,0T
021800001001519,0T
021800001001051,0T
021800001001056,0T
021800001001057,0T
021800001001058,0T
021800001001059,0T
021800001001060,0T
021800001001061,0T
021800001001062,0T
021800001001063,0T
021800001001158,0T
021800001001233,0T
021800001001242,0T
021800001001243,0T
021800001001244,0T
021800001001245,0T
021800001001246,0T
021800001001247,0T
021800001001249,0T
021800001001250,0T
021800001001252,0T
021800001001253,0T
021800001001254,0T
021800001001256,0T
021800001001258,0T
021800001001261,0T
021800001001262,0T
021800001001269,0T
021800001001433,0T
021800001001434,0T
021800001001465,0T
021800001001466,0T
021800001001467,0T
021800001001468,0T
021800001001469,0T
021800001001484,0T
021800001001588,0T
021800001001589,0T
021800002001000,0T
021800002001005,0T
021800002001009,0T
021800002001010,0T
021800002001011,0T
021800002001013,0T
021800002001014,0T
021800002001015,0T
021800002001016,0T
021800002001017,0T
021800002001018,0T
021800002001019,0T
021800002001020,0T
021800002001021,0T
021800002001022,0T
021800002001023,0T
021800002001024,0T
021800002001025,0T
021800002001026,0T
021800002001027,0T
021800002001040,0T
021800002001044,0T
021800002001049,0T
021800002001050,0T
021800002001051,0T
021800002001052,0T
021800002001053,0T
021800002001054,0T
021800002001055,0T
021800002001056,0T
021800002001057,0T
021800002001058,0T
021800002001059,0T
021800002001060,0T
021800002001061,0T
021800002001062,0T
021800002001063,0T
021800002001064,0T
021800002001065,0T
021800002001066,0T
021800002001067,0T
021800002001068,0T
021800002001069,0T
021800002001070,0T
021800002001071,0T
021800002001072,0T
021800002001073,0T
021800002001074,0T
021800002001075,0T
021800002001076,0T
021800002001077,0T
021800002001078,0T
021800002001079,0T
021800002001080,0T
021800002001081,0T
021800002001082,0T
021800002001083,0T
021800002001084,0T
021800002001085,0T
021800002001086,0T
021800002001087,0T
021800002001088,0T
021800002001089,0T
021800002001090,0T
021800002001091,0T
021800002001092,0T
021800002001093,0T
021800002001094,0T
021800002001095,0T
021800002001096,0T
021800002001097,0T
021800002001098,0T
021800002001099,0T
021800002001100,0T
021800002001101,0T
021800002001102,0T
021800002001103,0T
021800002004000,0T
021800002004001,0T
021800002004002,0T
021800002004003,0T
021800002004004,0T
021800002004005,0T
021800002004006,0T
021800002004007,0T
021800002004008,0T
021800002004009,0T
021800002004010,0T
021800002004011,0T
021800002004012,0T
021800002004013,0T
021800002004014,0T
021800002004015,0T
021800002004016,0T
021800002004017,0T
021800002004018,0T
021800002004019,0T
021800002004020,0T
021800002004021,0T
021800002004022,0T
021800002004023,0T
021800002004024,0T
021800002004025,0T
021800002004026,0T
021800002004027,0T
021800002004028,0T
021800002004029,0T
021800002004030,0T
021800002004031,0T
021800002004032,0T
021800002004033,0T
021800002004034,0T
021800002004035,0T
021800002004036,0T
021800002004037,0T
021800002004038,0T
021800002004039,0T
021800002004040,0T
021800002004041,0T
021800001001064,0T
021800001001065,0T
021800001001066,0T
021800001001067,0T
021800001001068,0T
021800001001069,0T
021800001001070,0T
021800001001071,0T
021800001001099,0T
021800001001118,0T
021800001001119,0T
021800001001120,0T
021800001001121,0T
021800001001122,0T
021800001001124,0T
021800001001125,0T
021800001001126,0T
021800001001127,0T
021800001001128,0T
021800001001129,0T
021800001001130,0T
021800001001131,0T
021800001001132,0T
021800001001133,0T
021800001001134,0T
021800001001135,0T
021800001001136,0T
021800001001137,0T
021800001001138,0T
021800001001140,0T
021800001001141,0T
021800001001142,0T
021800001001143,0T
021800001001144,0T
021800001001145,0T
021800001001146,0T
021800001001147,0T
021800001001148,0T
021800001001149,0T
021800001001150,0T
021800001001151,0T
021800001001152,0T
021800001001153,0T
021800001001154,0T
021800001001155,0T
021800001001156,0T
021800001001157,0T
021800001001159,0T
021800001001160,0T
021800001001161,0T
021800001001162,0T
021800001001163,0T
021800001001164,0T
021800001001165,0T
021800001001189,0T
021800001001190,0T
021800001001191,0T
021800001001192,0T
021800001001193,0T
021800001001194,0T
021800001001195,0T
021800001001196,0T
021800001001197,0T
021800001001198,0T
021800001001199,0T
021800001001200,0T
021800001001201,0T
021800001001202,0T
021800001001203,0T
021800001001204,0T
021800001001205,0T
021800001001206,0T
021800001001207,0T
021800001001208,0T
021800001001209,0T
021800001001210,0T
021800001001211,0T
021800001001212,0T
021800001001213,0T
021800001001214,0T
021800001001215,0T
021800001001216,0T
021800001001217,0T
021800001001218,0T
021800001001219,0T
021800001001220,0T
021800001001221,0T
021800001001222,0T
021800001001223,0T
021800001001224,0T
021800001001225,0T
021800001001226,0T
021800001001227,0T
021800001001228,0T
021800001001229,0T
021800001001231,0T
021800001001232,0T
021800001001234,0T
021800001001235,0T
021800001001236,0T
021800001001237,0T
021800001001260,0T
021800001001470,0T
021800001001471,0T
021800001001472,0T
021800001001473,0T
021800001001474,0T
021800001001475,0T
021800001001480,0T
021800001001492,0T
021800001001493,0T
021800001001494,0T
021800001001495,0T
021800001001496,0T
021800001001500,0T
021800001001597,0T
021800001001598,0T
021800001001072,0T
021800001001073,0T
021800001001074,0T
021800001001075,0T
021800001001076,0T
021800001001077,0T
021800001001078,0T
021800001001079,0T
021800001001080,0T
021800001001081,0T
021800001001082,0T
021800001001083,0T
021800001001084,0T
021800001001085,0T
021800001001086,0T
021800001001087,0T
021800001001088,0T
021800001001089,0T
021800001001090,0T
021800001001091,0T
021800001001092,0T
021800001001093,0T
021800001001094,0T
021800001001095,0T
021800001001096,0T
021800001001097,0T
021800001001098,0T
021800001001100,0T
021800001001102,0T
021800001001103,0T
021800001001104,0T
021800001001105,0T
021800001001106,0T
021800001001107,0T
021800001001108,0T
021800001001109,0T
021800001001110,0T
021800001001111,0T
021800001001123,0T
021800001001139,0T
021800001001477,0T
021800001001478,0T
021800001001481,0T
021800001001482,0T
021800001001483,0T
021800001001486,0T
021800001001487,0T
021800001001488,0T
021800001001489,0T
021800001001490,0T
021800001001501,0T
021800001001585,0T
021800001001586,0T
021800001001587,0T
021800001001101,0T
021800001001112,0T
021800001001114,0T
021800001001115,0T
021800001001116,0T
021800001001117,0T
021800001001180,0T
021800001001181,0T
021800001001182,0T
021800001001183,0T
021800001001184,0T
021800001001185,0T
021800001001186,0T
021800001001187,0T
021800001001188,0T
021800001001602,0T
021800001001603,0T
021800001001113,0T
021800001001166,0T
021800001001167,0T
021800001001168,0T
021800001001169,0T
021800001001170,0T
021800001001171,0T
021800001001172,0T
021800001001173,0T
021800001001174,0T
021800001001175,0T
021800001001176,0T
021800001001177,0T
021800001001178,0T
021800001001179,0T
021800001001230,0T
021800001001238,0T
021800001001239,0T
021800001001240,0T
021800001001241,0T
021800001001259,0T
021800001001592,0T
021800001001606,0T
021800001001268,0T
021800001001273,0T
021800001001274,0T
021800001001275,0T
021800001001277,0T
021800001001279,0T
021800001001280,0T
021800001001281,0T
021800001001282,0T
021800001001283,0T
021800001001284,0T
021800001001285,0T
021800001001286,0T
021800001001287,0T
021800001001288,0T
021800001001431,0T
021800001001479,0T
021800001001583,0T
021800001001584,0T
021800001001276,0T
021800001001278,0T
021800001001289,0T
021800001001290,0T
021800001001291,0T
021800001001292,0T
021800001001293,0T
021800001001294,0T
021800001001295,0T
021800001001535,0T
021800001001536,0T
021800001001537,0T
021800001001538,0T
021800001001539,0T
021800001001540,0T
021800001001541,0T
021800001001542,0T
021800001001543,0T
021800001001544,0T
021800001001301,0T
021800001001302,0T
021800001001303,0T
021800001001304,0T
021800001001305,0T
021800001001306,0T
021800001001307,0T
021800001001308,0T
021800001001309,0T
021800001001310,0T
021800001001311,0T
021800001001312,0T
021800001001313,0T
021800001001314,0T
021800001001315,0T
021800001001316,0T
021800001001317,0T
021800001001318,0T
021800001001356,0T
021800001001357,0T
021800001001358,0T
021800001001359,0T
021800001001360,0T
021800001001361,0T
021800001001362,0T
021800001001363,0T
021800001001364,0T
021800001001365,0T
021800001001366,0T
021800001001367,0T
021800001001368,0T
021800001001369,0T
021800001001370,0T
021800001001371,0T
021800001001372,0T
021800001001373,0T
021800001001374,0T
021800001001375,0T
021800001001376,0T
021800001001377,0T
021800001001378,0T
021800001001379,0T
021800001001380,0T
021800001001381,0T
021800001001382,0T
021800001001383,0T
021800001001384,0T
021800001001385,0T
021800001001386,0T
021800001001387,0T
021800001001388,0T
021800001001389,0T
021800001001390,0T
021800001001391,0T
021800001001392,0T
021800001001393,0T
021800001001394,0T
021800001001395,0T
021800001001396,0T
021800001001397,0T
021800001001398,0T
021800001001399,0T
021800001001400,0T
021800001001401,0T
021800001001402,0T
021800001001403,0T
021800001001404,0T
021800001001405,0T
021800001001406,0T
021800001001407,0T
021800001001408,0T
021800001001409,0T
021800001001410,0T
021800001001411,0T
021800001001412,0T
021800001001413,0T
021800001001417,0T
021800001001418,0T
021800001001419,0T
021800001001420,0T
021800001001476,0T
021800001001596,0T
021800001001319,0T
021800001001320,0T
021800001001321,0T
021800001001322,0T
021800001001323,0T
021800001001324,0T
021800001001325,0T
021800001001329,0T
021800001001330,0T
021800001001331,0T
021800001001334,0T
021800001001335,0T
021800001001336,0T
021800001001337,0T
021800001001338,0T
021800001001339,0T
021800001001340,0T
021800001001341,0T
021800001001342,0T
021800001001343,0T
021800001001344,0T
021800001001345,0T
021800001001346,0T
021800001001347,0T
021800001001348,0T
021800001001349,0T
021800001001350,0T
021800001001351,0T
021800001001352,0T
021800001001353,0T
021800001001354,0T
021800001001355,0T
021800001001414,0T
021800001001415,0T
021800001001416,0T
021800001001421,0T
021800001001422,0T
021800001001423,0T
021800001001424,0T
021800001001425,0T
021800001001426,0T
021800001001427,0T
021800001001428,0T
021800001001429,0T
021800001001430,0T
021800001001600,0T
021800001001601,0T
021800001001607,0T
021800001001326,0T
021800001001327,0T
021800001001328,0T
021800001001332,0T
021800001001333,0T
021800001001524,0T
021800001001525,0T
021800001001526,0T
021800001001527,0T
021800001001528,0T
021800001001529,0T
021800001001530,0T
021800001001531,0T
021800001001532,0T
021800001001533,0T
021800001001534,0T
021800001001545,0T
021800001001546,0T
021800001001547,0T
021800001001548,0T
021800001001549,0T
021800001001550,0T
021800001001551,0T
021800001001552,0T
021800001001553,0T
021800001001554,0T
021800001001555,0T
021800001001556,0T
021800001001557,0T
021800001001558,0T
021800001001559,0T
021800001001560,0T
021800001001575,0T
021800001001576,0T
021800001001577,0T
021800001001578,0T
021800001001579,0T
021800001001580,0T
021800001001581,0T
021800001001582,0T
021800001001599,0T
021800001001561,0T
021800001001562,0T
021800001001563,0T
021800001001564,0T
021800001001565,0T
021800001001566,0T
021800001001567,0T
021800001001568,0T
021800001001569,0T
021800001001570,0T
021800001001571,0T
021800001001572,0T
021800001001573,0T
021800001001574,0T
021800001001590,0T
021800001001591,0T
021800001001608,0T
021800001001609,0T
021800002001001,0T
021800002001002,0T
021800002001003,0T
021800002001004,0T
021800002001006,0T
021800002001007,0T
021800002001008,0T
021800002001012,0T
021800002001028,0T
021800002001029,0T
021800002001030,0T
021800002001031,0T
021800002001032,0T
021800002001033,0T
021800002001034,0T
021800002001035,0T
021800002001036,0T
021800002001037,0T
021800002001038,0T
021800002001039,0T
021800002001041,0T
021800002001042,0T
021800002001043,0T
021800002001045,0T
021800002001046,0T
021800002001047,0T
021800002001048,0T
021800002002000,0T
021800002002001,0T
021800002002002,0T
021800002002003,0T
021800002002004,0T
021800002002005,0T
021800002002006,0T
021800002002007,0T
021800002002008,0T
021800002002009,0T
021800002002010,0T
021800002002011,0T
021800002002012,0T
021800002002013,0T
021800002002014,0T
021800002002015,0T
021800002002016,0T
021800002002017,0T
021800002002018,0T
021800002002019,0T
021800002002020,0T
021800002002021,0T
021800002002022,0T
021800002002023,0T
021800002002024,0T
021800002002025,0T
021800002002026,0T
021800002002027,0T
021800002002028,0T
021800002002029,0T
021800002002030,0T
021800002002031,0T
021800002002032,0T
021800002002033,0T
021800002002034,0T
021800002002035,0T
021800002002036,0T
021800002002037,0T
021800002002038,0T
021800002002039,0T
021800002002040,0T
021800002002041,0T
021800002002042,0T
021800002002043,0T
021800002002044,0T
021800002002045,0T
021800002002046,0T
021800002002047,0T
021800002002048,0T
021800002002049,0T
021800002002050,0T
021800002002051,0T
021800002002052,0T
021800002002053,0T
021800002002054,0T
021800002002055,0T
021800002002056,0T
021800002002057,0T
021800002002058,0T
021800002002059,0T
021800002002060,0T
021800002002061,0T
021800002002062,0T
021800002002063,0T
021800002002064,0T
021800002002065,0T
021800002002066,0T
021800002002067,0T
021800002003000,0T
021800002003001,0T
021800002003002,0T
021800002003003,0T
021800002003004,0T
021800002003005,0T
021800002003006,0T
021800002003007,0T
021800002003008,0T
021800002003009,0T
021800002003010,0T
021800002003011,0T
021800002003012,0T
021800002003013,0T
021800002003014,0T
021800002003015,0T
021800002003016,0T
021800002003017,0T
021800002003018,0T
021800002003019,0T
021800002003020,0T
021800002003021,0T
021800002003022,0T
021800002003023,0T
021850001001000,0T
021850001001001,0T
021850001001002,0T
021850001001003,0T
021850001001004,0T
021850001001005,0T
021850001001006,0T
021850001001007,0T
021850001001008,0T
021850001001009,0T
021850001001010,0T
021850001001011,0T
021850001001012,0T
021850001001013,0T
021850001001014,0T
021850001001015,0T
021850001001016,0T
021850001001017,0T
021850001001018,0T
021850001001019,0T
021850001001020,0T
021850001001021,0T
021850001001022,0T
021850001001023,0T
021850001001024,0T
021850001001025,0T
021850001001026,0T
021850001001027,0T
021850001001028,0T
021850001001029,0T
021850001001030,0T
021850001001031,0T
021850001001032,0T
021850001001033,0T
021850001001034,0T
021850001001035,0T
021850001001036,0T
021850001001037,0T
021850001001038,0T
021850001001039,0T
021850001001040,0T
021850001001041,0T
021850001001042,0T
021850001001043,0T
021850001001044,0T
021850001001045,0T
021850001001046,0T
021850001001047,0T
021850001001048,0T
021850001001049,0T
021850001001050,0T
021850001001051,0T
021850001001052,0T
021850001001053,0T
021850001001054,0T
021850001001055,0T
021850001001056,0T
021850001001057,0T
021850001001058,0T
021850001001059,0T
021850001001060,0T
021850001001061,0T
021850001001062,0T
021850001001063,0T
021850001001064,0T
021850001001065,0T
021850001001066,0T
021850001001067,0T
021850001001068,0T
021850001001069,0T
021850001001070,0T
021850001001071,0T
021850001001072,0T
021850001001073,0T
021850001001074,0T
021850001001075,0T
021850001001076,0T
021850001001077,0T
021850001001078,0T
021850001001079,0T
021850001001080,0T
021850001001081,0T
021850001001082,0T
021850001001083,0T
021850001001084,0T
021850001001085,0T
021850001001086,0T
021850001001087,0T
021850001001088,0T
021850001001089,0T
021850001001090,0T
021850001001092,0T
021850001001093,0T
021850001001094,0T
021850001001095,0T
021850001001096,0T
021850002002003,0T
021850002002004,0T
021850002002005,0T
021850002002006,0T
021850002002007,0T
021850002002008,0T
021850002002009,0T
021850002002010,0T
021850002002011,0T
021850002002012,0T
021850002002013,0T
021850002002015,0T
021850002002016,0T
021850002002017,0T
021850002002018,0T
021850002002019,0T
021850002002021,0T
021850002002022,0T
021850002002024,0T
021850002002025,0T
021850002002026,0T
021850002002027,0T
021850002002066,0T
021850002002112,0T
021850002002113,0T
021850002002114,0T
021850002002115,0T
021850002002150,0T
021850002002168,0T
021850001001091,0T
021850001002000,0T
021850001002001,0T
021850001002002,0T
021850001002003,0T
021850001002004,0T
021850001002005,0T
021850001002006,0T
021850001002007,0T
021850001002008,0T
021850001002009,0T
021850001002010,0T
021850001002011,0T
021850001002012,0T
021850001002013,0T
021850001002014,0T
021850001002015,0T
021850001002016,0T
021850001002017,0T
021850001002018,0T
021850001002019,0T
021850001002020,0T
021850001002021,0T
021850001002022,0T
021850001002023,0T
021850001002024,0T
021850001002025,0T
021850001002026,0T
021850001002027,0T
021850001002028,0T
021850001002029,0T
021850001002030,0T
021850001002031,0T
021850001002032,0T
021850001002033,0T
021850001002034,0T
021850001002035,0T
021850001002036,0T
021850001002037,0T
021850001002038,0T
021850001002039,0T
021850001002040,0T
021850001002041,0T
021850001002042,0T
021850001002043,0T
021850002001000,0T
021850002001001,0T
021850002001002,0T
021850002001003,0T
021850002001004,0T
021850002001005,0T
021850002001006,0T
021850002001007,0T
021850002001008,0T
021850002001009,0T
021850002001010,0T
021850002001012,0T
021850002001013,0T
021850002001014,0T
021850002001015,0T
021850002001016,0T
021850002001017,0T
021850002001018,0T
021850002001019,0T
021850002001020,0T
021850002001021,0T
021850002001022,0T
021850002001023,0T
021850002001024,0T
021850002001025,0T
021850002001081,0T
021850002001082,0T
021850002001083,0T
021850002001084,0T
021850002001085,0T
021850002003246,0T
021850002003250,0T
021850002003251,0T
021850002003252,0T
021850002003255,0T
021850002003256,0T
021850002003257,0T
021850002003258,0T
021850002003286,0T
021850002001011,0T
021850002001026,0T
021850002001027,0T
021850002001028,0T
021850002001029,0T
021850002001030,0T
021850002001031,0T
021850002001032,0T
021850002001033,0T
021850002001034,0T
021850002001035,0T
021850002001036,0T
021850002001037,0T
021850002001038,0T
021850002001039,0T
021850002001040,0T
021850002001041,0T
021850002001042,0T
021850002001043,0T
021850002001044,0T
021850002001045,0T
021850002001046,0T
021850002001047,0T
021850002001048,0T
021850002001049,0T
021850002001050,0T
021850002001051,0T
021850002001052,0T
021850002001053,0T
021850002001054,0T
021850002001055,0T
021850002001056,0T
021850002001057,0T
021850002001058,0T
021850002001059,0T
021850002001060,0T
021850002001061,0T
021850002001062,0T
021850002001063,0T
021850002001064,0T
021850002001065,0T
021850002001066,0T
021850002001067,0T
021850002001068,0T
021850002001069,0T
021850002001070,0T
021850002001071,0T
021850002001072,0T
021850002001073,0T
021850002001074,0T
021850002001075,0T
021850002001076,0T
021850002001077,0T
021850002001078,0T
021850002001079,0T
021850002001080,0T
021850002001086,0T
021850002002000,0T
021850002002001,0T
021850002002002,0T
021850002002014,0T
021850002002020,0T
021850002002023,0T
021850002002028,0T
021850002002029,0T
021850002002030,0T
021850002002031,0T
021850002002032,0T
021850002002033,0T
021850002002034,0T
021850002002035,0T
021850002002036,0T
021850002002037,0T
021850002002038,0T
021850002002039,0T
021850002002040,0T
021850002002041,0T
021850002002042,0T
021850002002043,0T
021850002002044,0T
021850002002045,0T
021850002002046,0T
021850002002047,0T
021850002002048,0T
021850002002049,0T
021850002002050,0T
021850002002051,0T
021850002002052,0T
021850002002053,0T
021850002002054,0T
021850002002055,0T
021850002002056,0T
021850002002057,0T
021850002002058,0T
021850002002059,0T
021850002002060,0T
021850002002061,0T
021850002002062,0T
021850002002063,0T
021850002002064,0T
021850002002065,0T
021850002002067,0T
021850002002068,0T
021850002002069,0T
021850002002070,0T
021850002002123,0T
021850002002127,0T
021850002002128,0T
021850002002129,0T
021850002002130,0T
021850002002131,0T
021850002002132,0T
021850002002133,0T
021850002002134,0T
021850002002135,0T
021850002002136,0T
021850002002138,0T
021850002002140,0T
021850002002151,0T
021850002002152,0T
021850002002153,0T
021850002002154,0T
021850002002155,0T
021850002002156,0T
021850002002157,0T
021850002002158,0T
021850002002159,0T
021850002002160,0T
021850002002161,0T
021850002002162,0T
021850002002163,0T
021850002002164,0T
021850002002165,0T
021850002002166,0T
021850002002169,0T
021850002002188,0T
021850002003161,0T
021850002003163,0T
021850002003172,0T
021850002003173,0T
021850002003174,0T
021850002003175,0T
021850002003176,0T
021850002003177,0T
021850002003178,0T
021850002003179,0T
021850002003180,0T
021850002003181,0T
021850002003182,0T
021850002003183,0T
021850002003184,0T
021850002003185,0T
021850002003186,0T
021850002003187,0T
021850002003188,0T
021850002003189,0T
021850002003190,0T
021850002003191,0T
021850002003192,0T
021850002003193,0T
021850002003194,0T
021850002003195,0T
021850002003196,0T
021850002003197,0T
021850002003198,0T
021850002003199,0T
021850002003200,0T
021850002003201,0T
021850002003202,0T
021850002003203,0T
021850002003204,0T
021850002003205,0T
021850002003206,0T
021850002003207,0T
021850002003208,0T
021850002003209,0T
021850002003210,0T
021850002003211,0T
021850002003212,0T
021850002003213,0T
021850002003214,0T
021850002003215,0T
021850002003216,0T
021850002003217,0T
021850002003218,0T
021850002003219,0T
021850002003220,0T
021850002003221,0T
021850002003222,0T
021850002003223,0T
021850002003224,0T
021850002003225,0T
021850002003226,0T
021850002003227,0T
021850002003228,0T
021850002003229,0T
021850002003230,0T
021850002003231,0T
021850002003232,0T
021850002003233,0T
021850002003234,0T
021850002003235,0T
021850002003236,0T
021850002003237,0T
021850002003238,0T
021850002003239,0T
021850002003240,0T
021850002003241,0T
021850002003242,0T
021850002003243,0T
021850002003244,0T
021850002003245,0T
021850002003247,0T
021850002003249,0T
021850002003253,0T
021850002003254,0T
021850002003259,0T
021850002003260,0T
021850002003278,0T
021850002003279,0T
021850002003280,0T
021850002003281,0T
021850002003282,0T
021850002003284,0T
021850002003287,0T
021850002003303,0T
021850002003338,0T
021850002003339,0T
021850002003340,0T
021850002003341,0T
021850002003342,0T
021850002003343,0T
021850002003344,0T
021850002003345,0T
021850002003346,0T
021850002003347,0T
021850002003348,0T
021850003001018,0T
021850003001019,0T
021850003001022,0T
021850003001023,0T
021850003001024,0T
021850003001025,0T
021850003001026,0T
021850003001031,0T
021850003001120,0T
021850003001121,0T
021850003001122,0T
021850002002071,0T
021850002002072,0T
021850002002073,0T
021850002002074,0T
021850002002075,0T
021850002002076,0T
021850002002077,0T
021850002002078,0T
021850002002079,0T
021850002002080,0T
021850002002081,0T
021850002002082,0T
021850002002083,0T
021850002002084,0T
021850002002085,0T
021850002002086,0T
021850002002087,0T
021850002002088,0T
021850002002089,0T
021850002002090,0T
021850002002091,0T
021850002002092,0T
021850002002093,0T
021850002002094,0T
021850002002095,0T
021850002002096,0T
021850002002097,0T
021850002002098,0T
021850002002101,0T
021850002002102,0T
021850002002103,0T
021850002002104,0T
021850002002105,0T
021850002002106,0T
021850002002107,0T
021850002002108,0T
021850002002109,0T
021850002002110,0T
021850002002111,0T
021850002002116,0T
021850002002117,0T
021850002002118,0T
021850002002119,0T
021850002002120,0T
021850002002121,0T
021850002002122,0T
021850002002124,0T
021850002002125,0T
021850002002126,0T
021850002002172,0T
021850002002173,0T
021850002002174,0T
021850002002175,0T
021850002002176,0T
021850002002177,0T
021850002002178,0T
021850002002179,0T
021850002002180,0T
021850002002181,0T
021850002002182,0T
021850002002183,0T
021850002002184,0T
021850002002185,0T
021850002002186,0T
021850002002187,0T
021850002002189,0T
021850002002099,0T
021850002002100,0T
021850002002137,0T
021850002002139,0T
021850002002141,0T
021850002002142,0T
021850002002143,0T
021850002002144,0T
021850002002145,0T
021850002002146,0T
021850002002147,0T
021850002002148,0T
021850002002149,0T
021850002002167,0T
021850002002170,0T
021850002002171,0T
021850002003000,0T
021850002003001,0T
021850002003002,0T
021850002003003,0T
021850002003004,0T
021850002003005,0T
021850002003006,0T
021850002003007,0T
021850002003008,0T
021850002003009,0T
021850002003010,0T
021850002003011,0T
021850002003012,0T
021850002003013,0T
021850002003014,0T
021850002003015,0T
021850002003016,0T
021850002003017,0T
021850002003018,0T
021850002003019,0T
021850002003020,0T
021850002003021,0T
021850002003022,0T
021850002003023,0T
021850002003024,0T
021850002003025,0T
021850002003026,0T
021850002003027,0T
021850002003028,0T
021850002003029,0T
021850002003030,0T
021850002003031,0T
021850002003032,0T
021850002003033,0T
021850002003034,0T
021850002003035,0T
021850002003036,0T
021850002003037,0T
021850002003038,0T
021850002003039,0T
021850002003040,0T
021850002003041,0T
021850002003042,0T
021850002003043,0T
021850002003044,0T
021850002003045,0T
021850002003046,0T
021850002003047,0T
021850002003048,0T
021850002003049,0T
021850002003050,0T
021850002003051,0T
021850002003052,0T
021850002003053,0T
021850002003054,0T
021850002003055,0T
021850002003056,0T
021850002003057,0T
021850002003059,0T
021850002003060,0T
021850002003061,0T
021850002003062,0T
021850002003063,0T
021850002003064,0T
021850002003065,0T
021850002003066,0T
021850002003067,0T
021850002003068,0T
021850002003069,0T
021850002003070,0T
021850002003071,0T
021850002003072,0T
021850002003073,0T
021850002003074,0T
021850002003075,0T
021850002003076,0T
021850002003077,0T
021850002003078,0T
021850002003079,0T
021850002003137,0T
021850002003138,0T
021850002003139,0T
021850002003140,0T
021850002003295,0T
021850002003296,0T
021850002003297,0T
021850002003298,0T
021850002003299,0T
021850002003300,0T
021850002003304,0T
021850002003305,0T
021850002003306,0T
021850002003307,0T
021850002003308,0T
021850002003309,0T
021850002003310,0T
021850002003311,0T
021850002003312,0T
021850002003313,0T
021850002003314,0T
021850002003315,0T
021850002003316,0T
021850002003317,0T
021850002003318,0T
021850002003319,0T
021850002003320,0T
021850002003321,0T
021850002003322,0T
021850002003323,0T
021850002003324,0T
021850002003325,0T
021850002003326,0T
021850002003327,0T
021850002003328,0T
021850002003329,0T
021850002003330,0T
021850002003331,0T
021850002003332,0T
021850002003333,0T
021850002003334,0T
021850002003335,0T
021850002003336,0T
021850002003337,0T
021850002003358,0T
021850002003359,0T
021850002003360,0T
021850002003362,0T
021850002003058,0T
021850002003080,0T
021850002003081,0T
021850002003082,0T
021850002003083,0T
021850002003084,0T
021850002003085,0T
021850002003086,0T
021850002003087,0T
021850002003088,0T
021850002003089,0T
021850002003090,0T
021850002003091,0T
021850002003092,0T
021850002003093,0T
021850002003094,0T
021850002003095,0T
021850002003096,0T
021850002003097,0T
021850002003098,0T
021850002003099,0T
021850002003100,0T
021850002003101,0T
021850002003102,0T
021850002003103,0T
021850002003104,0T
021850002003105,0T
021850002003106,0T
021850002003107,0T
021850002003108,0T
021850002003109,0T
021850002003110,0T
021850002003111,0T
021850002003112,0T
021850002003113,0T
021850002003114,0T
021850002003115,0T
021850002003116,0T
021850002003117,0T
021850002003118,0T
021850002003119,0T
021850002003120,0T
021850002003121,0T
021850002003122,0T
021850002003123,0T
021850002003124,0T
021850002003125,0T
021850002003126,0T
021850002003127,0T
021850002003128,0T
021850002003129,0T
021850002003130,0T
021850002003131,0T
021850002003132,0T
021850002003133,0T
021850002003134,0T
021850002003135,0T
021850002003136,0T
021850002003141,0T
021850002003142,0T
021850002003143,0T
021850002003144,0T
021850002003145,0T
021850002003146,0T
021850002003147,0T
021850002003148,0T
021850002003149,0T
021850002003150,0T
021850002003151,0T
021850002003152,0T
021850002003153,0T
021850002003154,0T
021850002003155,0T
021850002003156,0T
021850002003157,0T
021850002003158,0T
021850002003159,0T
021850002003160,0T
021850002003162,0T
021850002003164,0T
021850002003165,0T
021850002003166,0T
021850002003167,0T
021850002003168,0T
021850002003169,0T
021850002003170,0T
021850002003171,0T
021850002003248,0T
021850002003261,0T
021850002003262,0T
021850002003263,0T
021850002003264,0T
021850002003265,0T
021850002003266,0T
021850002003267,0T
021850002003268,0T
021850002003269,0T
021850002003270,0T
021850002003271,0T
021850002003272,0T
021850002003273,0T
021850002003274,0T
021850002003275,0T
021850002003276,0T
021850002003277,0T
021850002003283,0T
021850002003285,0T
021850002003288,0T
021850002003289,0T
021850002003290,0T
021850002003291,0T
021850002003292,0T
021850002003293,0T
021850002003294,0T
021850002003301,0T
021850002003302,0T
021850002003349,0T
021850002003350,0T
021850002003351,0T
021850002003352,0T
021850002003353,0T
021850002003354,0T
021850002003355,0T
021850002003356,0T
021850002003357,0T
021850002003361,0T
021850002003363,0T
021850003001000,0T
021850003001001,0T
021850003001002,0T
021850003001003,0T
021850003001004,0T
021850003001005,0T
021850003001006,0T
021850003001007,0T
021850003001008,0T
021850003001009,0T
021850003001010,0T
021850003001011,0T
021850003001012,0T
021850003001013,0T
021850003001014,0T
021850003001015,0T
021850003001016,0T
021850003001017,0T
021850003001020,0T
021850003001021,0T
021850003001027,0T
021850003001028,0T
021850003001029,0T
021850003001030,0T
021850003001032,0T
021850003001033,0T
021850003001034,0T
021850003001035,0T
021850003001036,0T
021850003001037,0T
021850003001038,0T
021850003001039,0T
021850003001040,0T
021850003001041,0T
021850003001042,0T
021850003001043,0T
021850003001044,0T
021850003001045,0T
021850003001046,0T
021850003001047,0T
021850003001048,0T
021850003001049,0T
021850003001050,0T
021850003001051,0T
021850003001052,0T
021850003001053,0T
021850003001054,0T
021850003001055,0T
021850003001056,0T
021850003001057,0T
021850003001058,0T
021850003001059,0T
021850003001060,0T
021850003001061,0T
021850003001062,0T
021850003001063,0T
021850003001064,0T
021850003001065,0T
021850003001066,0T
021850003001067,0T
021850003001068,0T
021850003001069,0T
021850003001070,0T
021850003001071,0T
021850003001072,0T
021850003001073,0T
021850003001074,0T
021850003001075,0T
021850003001076,0T
021850003001077,0T
021850003001078,0T
021850003001079,0T
021850003001080,0T
021850003001081,0T
021850003001082,0T
021850003001083,0T
021850003001084,0T
021850003001085,0T
021850003001086,0T
021850003001087,0T
021850003001088,0T
021850003001089,0T
021850003001090,0T
021850003001091,0T
021850003001092,0T
021850003001093,0T
021850003001094,0T
021850003001095,0T
021850003001096,0T
021850003001097,0T
021850003001098,0T
021850003001099,0T
021850003001100,0T
021850003001101,0T
021850003001102,0T
021850003001103,0T
021850003001104,0T
021850003001105,0T
021850003001106,0T
021850003001107,0T
021850003001108,0T
021850003001109,0T
021850003001110,0T
021850003001111,0T
021850003001112,0T
021850003001113,0T
021850003001114,0T
021850003001115,0T
021850003001116,0T
021850003001117,0T
021850003001118,0T
021850003001119,0T
021850003001123,0T
021850003001124,0T
021850003001125,0T
021850003001126,0T
021850003001127,0T
021850003001128,0T
021880001001000,0T
021880001001032,0T
021880001001033,0T
021880001001034,0T
021880001001035,0T
021880001001036,0T
021880001001037,0T
021880001001038,0T
021880001001071,0T
021880001001072,0T
021880001001073,0T
021880001001074,0T
021880001001075,0T
021880001001076,0T
021880001002001,0T
021880001002002,0T
021880001002006,0T
021880001002007,0T
021880001002008,0T
021880001002009,0T
021880001002010,0T
021880001002011,0T
021880001002012,0T
021880001002013,0T
021880001002014,0T
021880001002015,0T
021880001002016,0T
021880001002052,0T
021880001002063,0T
021880001001001,0T
021880001001002,0T
021880001001003,0T
021880001001004,0T
021880001001005,0T
021880001001006,0T
021880001001007,0T
021880001001008,0T
021880001001009,0T
021880001001010,0T
021880001001011,0T
021880001001012,0T
021880001001013,0T
021880001001014,0T
021880001001015,0T
021880001001016,0T
021880001001017,0T
021880001001018,0T
021880001001019,0T
021880001001020,0T
021880001001021,0T
021880001001022,0T
021880001001023,0T
021880001001024,0T
021880001001025,0T
021880001001026,0T
021880001001027,0T
021880001001028,0T
021880001001029,0T
021880001001030,0T
021880001001031,0T
021880001001041,0T
021880001001062,0T
021880001001063,0T
021880001001064,0T
021880001001065,0T
021880001001066,0T
021880001001068,0T
021880001001070,0T
021880001001077,0T
021880001001039,0T
021880001001040,0T
021880001001042,0T
021880001001043,0T
021880001001044,0T
021880001001045,0T
021880001001046,0T
021880001001047,0T
021880001001048,0T
021880001001049,0T
021880001001050,0T
021880001001051,0T
021880001001052,0T
021880001001053,0T
021880001001054,0T
021880001001055,0T
021880001001056,0T
021880001001057,0T
021880001001058,0T
021880001001059,0T
021880001001060,0T
021880001001061,0T
021880001001067,0T
021880001001069,0T
021880001002020,0T
021880001002024,0T
021880001002051,0T
021880001002089,0T
021880001002145,0T
021880001002146,0T
021880002001000,0T
021880002001001,0T
021880002001002,0T
021880002001003,0T
021880002001004,0T
021880002001005,0T
021880002001006,0T
021880002001007,0T
021880002001008,0T
021880002001009,0T
021880002001010,0T
021880002001011,0T
021880002001012,0T
021880002001013,0T
021880002001014,0T
021880002001015,0T
021880002001016,0T
021880002001017,0T
021880002001018,0T
021880002002000,0T
021880002002001,0T
021880002002002,0T
021880002002003,0T
021880002002004,0T
021880002002005,0T
021880002002006,0T
021880002002007,0T
021880002002008,0T
021880002002009,0T
021880002002010,0T
021880002003000,0T
021880002003001,0T
021880002003002,0T
021880002003003,0T
021880002003004,0T
021880002003005,0T
021880002003006,0T
021880002003007,0T
021880002003008,0T
021880002003009,0T
021880002004000,0T
021880002004001,0T
021880002004002,0T
021880002004003,0T
021880002004004,0T
021880002004005,0T
021880002004006,0T
021880002004007,0T
021880002004008,0T
021880002004009,0T
021880002004010,0T
021880002004011,0T
021880002004012,0T
021880002004013,0T
021880002004014,0T
021880002004015,0T
021880002004016,0T
021880002004017,0T
021880002004018,0T
021880002004019,0T
021880002004020,0T
021880002004021,0T
021880002004022,0T
021880002004023,0T
021880002004024,0T
021880002004025,0T
021880002004026,0T
021880002004027,0T
021880002004028,0T
021880002004029,0T
021880002004030,0T
021880002004031,0T
021880002004032,0T
021880002004033,0T
021880002004034,0T
021880002004035,0T
021880002004036,0T
021880002004037,0T
021880002004038,0T
021880002004039,0T
021880002004040,0T
021880002004041,0T
021880002004042,0T
021880002004043,0T
021880002004044,0T
021880002004045,0T
021880002004046,0T
021880002004047,0T
021880002004048,0T
021880002004049,0T
021880002004050,0T
021880002004051,0T
021880002004052,0T
021880002004053,0T
021880002004054,0T
021880002004055,0T
021880002004056,0T
021880002004057,0T
021880002004058,0T
021880002004059,0T
021880002004060,0T
021880002004061,0T
021880002004062,0T
021880002004063,0T
021880002004064,0T
021880002004065,0T
021880002004066,0T
021880002004067,0T
021880002004068,0T
021880002004069,0T
021880002004070,0T
021880002004071,0T
021880002004072,0T
021880002004073,0T
021880002004075,0T
021880002004076,0T
021880002004077,0T
021880002004078,0T
021880002004079,0T
021880002004080,0T
021880002004081,0T
021880002004082,0T
021880002004083,0T
021880002004084,0T
021880001002000,0T
021880001002003,0T
021880001002004,0T
021880001002033,0T
021880001003003,0T
021880001003008,0T
021880001003009,0T
021880001003020,0T
021880001003021,0T
021880001003022,0T
021880001003023,0T
021880001003024,0T
021880001003025,0T
021880001003026,0T
021880001003027,0T
021880001003028,0T
021880001003029,0T
021880001003030,0T
021880001003031,0T
021880001003032,0T
021880001003033,0T
021880001003034,0T
021880001003035,0T
021880001003036,0T
021880001003037,0T
021880001003038,0T
021880001003051,0T
021880001002005,0T
021880001002017,0T
021880001002018,0T
021880001002019,0T
021880001002021,0T
021880001002022,0T
021880001002023,0T
021880001002025,0T
021880001002026,0T
021880001002027,0T
021880001002028,0T
021880001002029,0T
021880001002030,0T
021880001002031,0T
021880001002032,0T
021880001002035,0T
021880001002037,0T
021880001002047,0T
021880001002049,0T
021880001002050,0T
021880001002088,0T
021880001002090,0T
021880001002123,0T
021880001002124,0T
021880001002125,0T
021880001002126,0T
021880001002127,0T
021880001002128,0T
021880001002129,0T
021880001002130,0T
021880001002131,0T
021880001002132,0T
021880001002133,0T
021880001002134,0T
021880001002135,0T
021880001002136,0T
021880001002137,0T
021880001002138,0T
021880001002139,0T
021880001002140,0T
021880001002141,0T
021880001003039,0T
021880001002034,0T
021880001002036,0T
021880001002038,0T
021880001002039,0T
021880001004000,0T
021880001004001,0T
021880001004002,0T
021880001004003,0T
021880001004004,0T
021880001004005,0T
021880001004006,0T
021880001004007,0T
021880001004008,0T
021880001004009,0T
021880001004010,0T
021880001004011,0T
021880001004012,0T
021880001004013,0T
021880001004014,0T
021880001004015,0T
021880001004016,0T
021880001004017,0T
021880001004018,0T
021880001004019,0T
021880001004020,0T
021880001004021,0T
021880001004022,0T
021880001004023,0T
021880001004024,0T
021880001004025,0T
021880001004026,0T
021880001004027,0T
021880001004028,0T
021880001004029,0T
021880001004030,0T
021880001004031,0T
021880001004033,0T
021880001004034,0T
021880001004035,0T
021880001004036,0T
021880001004038,0T
021880001004040,0T
021880001004041,0T
021880001004042,0T
021880001004043,0T
021880001004044,0T
021880001004045,0T
021880001004046,0T
021880001004047,0T
021880001004048,0T
021880001004049,0T
021880001002040,0T
021880001002041,0T
021880001002042,0T
021880001002043,0T
021880001002044,0T
021880001002045,0T
021880001002046,0T
021880001002048,0T
021880001002053,0T
021880001002054,0T
021880001002055,0T
021880001002056,0T
021880001002057,0T
021880001002058,0T
021880001002059,0T
021880001002060,0T
021880001002061,0T
021880001002062,0T
021880001002064,0T
021880001002065,0T
021880001002066,0T
021880001002067,0T
021880001002068,0T
021880001002069,0T
021880001002070,0T
021880001002071,0T
021880001002072,0T
021880001002073,0T
021880001002074,0T
021880001002075,0T
021880001002076,0T
021880001002077,0T
021880001002078,0T
021880001002079,0T
021880001002080,0T
021880001002081,0T
021880001002082,0T
021880001002083,0T
021880001002084,0T
021880001002085,0T
021880001002086,0T
021880001002087,0T
021880001002091,0T
021880001002092,0T
021880001002093,0T
021880001002094,0T
021880001002095,0T
021880001002096,0T
021880001002097,0T
021880001002098,0T
021880001002099,0T
021880001002100,0T
021880001002101,0T
021880001002102,0T
021880001002103,0T
021880001002104,0T
021880001002105,0T
021880001002106,0T
021880001002107,0T
021880001002108,0T
021880001002109,0T
021880001002110,0T
021880001002111,0T
021880001002112,0T
021880001002113,0T
021880001002114,0T
021880001002115,0T
021880001002116,0T
021880001002117,0T
021880001002118,0T
021880001002119,0T
021880001002120,0T
021880001002121,0T
021880001002122,0T
021880001002142,0T
021880001002143,0T
021880001002144,0T
021880001002147,0T
021880001003000,0T
021880001003001,0T
021880001003002,0T
021880001003004,0T
021880001003005,0T
021880001003006,0T
021880001003007,0T
021880001003010,0T
021880001003011,0T
021880001003012,0T
021880001003013,0T
021880001003014,0T
021880001003015,0T
021880001003016,0T
021880001003017,0T
021880001003018,0T
021880001003019,0T
021880001003040,0T
021880001003049,0T
021880001003052,0T
021880001003053,0T
021880001003060,0T
021880001003065,0T
021880001003066,0T
021880001003041,0T
021880001003042,0T
021880001003043,0T
021880001003044,0T
021880001003045,0T
021880001003046,0T
021880001003047,0T
021880001003048,0T
021880001003050,0T
021880001003054,0T
021880001003055,0T
021880001003056,0T
021880001003057,0T
021880001003058,0T
021880001003059,0T
021880001003061,0T
021880001003062,0T
021880001003063,0T
021880001003064,0T
021880001004037,0T
021880001004032,0T
021880001004039,0T
021880001005000,0T
021880001005001,0T
021880001005002,0T
021880001005003,0T
021880001005004,0T
021880001005005,0T
021880001005006,0T
021880001005007,0T
021880001005008,0T
021880001005009,0T
021880001005010,0T
021880001005011,0T
021880001005012,0T
021880001005013,0T
021880001005014,0T
021880001005015,0T
021880001005016,0T
021880001005017,0T
021880001005018,0T
021880001005019,0T
021880001005020,0T
021880001005021,0T
021880001005022,0T
021880001005023,0T
021880001005089,0T
021880001005090,0T
021880001005091,0T
021880001005092,0T
021880001005093,0T
021880001005095,0T
021880001005096,0T
021880001005097,0T
021880001005098,0T
021880001005099,0T
021880001005100,0T
021880001005101,0T
021880001005105,0T
021880001005106,0T
021880001005107,0T
021880001005108,0T
021880001005109,0T
021880001005110,0T
021880001005111,0T
021880001005112,0T
021880001005113,0T
021880002004074,0T
021880001005024,0T
021880001005025,0T
021880001005026,0T
021880001005027,0T
021880001005028,0T
021880001005029,0T
021880001005030,0T
021880001005031,0T
021880001005032,0T
021880001005033,0T
021880001005034,0T
021880001005035,0T
021880001005036,0T
021880001005037,0T
021880001005038,0T
021880001005039,0T
021880001005040,0T
021880001005041,0T
021880001005042,0T
021880001005043,0T
021880001005044,0T
021880001005045,0T
021880001005046,0T
021880001005047,0T
021880001005048,0T
021880001005049,0T
021880001005050,0T
021880001005051,0T
021880001005052,0T
021880001005053,0T
021880001005054,0T
021880001005055,0T
021880001005056,0T
021880001005057,0T
021880001005058,0T
021880001005059,0T
021880001005060,0T
021880001005061,0T
021880001005062,0T
021880001005063,0T
021880001005064,0T
021880001005065,0T
021880001005066,0T
021880001005067,0T
021880001005068,0T
021880001005069,0T
021880001005070,0T
021880001005071,0T
021880001005072,0T
021880001005073,0T
021880001005074,0T
021880001005075,0T
021880001005076,0T
021880001005077,0T
021880001005078,0T
021880001005079,0T
021880001005080,0T
021880001005081,0T
021880001005082,0T
021880001005083,0T
021880001005084,0T
021880001005085,0T
021880001005086,0T
021880001005087,0T
021880001005088,0T
021880001005094,0T
021880001005102,0T
021880001005103,0T
021880001005104,0T
021950002001000,0R
021950002001001,0R
021950002001002,0R
021950002001003,0R
021950002001004,0R
021950002001005,0R
021950002001006,0R
021950002001007,0R
021950002001008,0R
021950002001009,0R
021950002002000,0R
021950002002001,0R
021950002002002,0R
021950002002003,0R
021950002002004,0R
021950002002005,0R
021950002002006,0R
021950002002007,0R
021950002002008,0R
021950002002009,0R
021950002002010,0R
021950002002011,0R
021950002002012,0R
021950002002013,0R
021950002002014,0R
021950002002015,0R
021950002002016,0R
021950002002017,0R
021950002002018,0R
021950002002019,0R
021950002002020,0R
021950002002021,0R
021950002002022,0R
021950002002023,0R
021950002002024,0R
021950002002025,0R
021950002002026,0R
021950002002027,0R
021950002002028,0R
021950002002029,0R
021950002002030,0R
021950002002031,0R
021950002002032,0R
021950002002033,0R
021950002002034,0R
021950002002035,0R
021950002002036,0R
021950002002037,0R
021950002002038,0R
021950002002039,0R
021950002002040,0R
021950002002041,0R
021950002002042,0R
021950002003000,0R
021950002003001,0R
021950002003002,0R
021950002003003,0R
021950002003004,0R
021950002003005,0R
021950002003006,0R
021950002003007,0R
021950002003008,0R
021950002003009,0R
021950002003010,0R
021950002003011,0R
021950002003012,0R
021950002004000,0R
021950002004001,0R
021950002004002,0R
021950002004003,0R
021950002004004,0R
021950002004005,0R
021950002004006,0R
021950002004007,0R
021950002004008,0R
021950002004009,0R
021950002004010,0R
021950002004011,0R
021950002004012,0R
021950002004013,0R
021950002004014,0R
021950002004015,0R
021950002004016,0R
021950002004017,0R
021950002004018,0R
021950002004019,0R
021950002004020,0R
021950002004021,0R
021950002004022,0R
021950002004023,0R
021950002004024,0R
021950002004025,0R
021950002004026,0R
021950002004027,0R
021950002004028,0R
021950002004029,0R
021950002004030,0R
021950002004031,0R
021950002004032,0R
021950002004033,0R
021950002004034,0R
021950002004035,0R
021950002004036,0R
021950002004040,0R
021950002004041,0R
021950002004042,0R
021950002004043,0R
021950002004044,0R
021950002004045,0R
021950002004046,0R
021950002004047,0R
021950002004048,0R
021950002004049,0R
021950002004050,0R
021950002004051,0R
021950002004052,0R
021950002004053,0R
021950002004054,0R
021950002004055,0R
021950002004056,0R
021950002004058,0R
021950002004059,0R
021950002004060,0R
021950002004061,0R
021950002004062,0R
021950002004063,0R
021950002004064,0R
021950002004065,0R
021950002004066,0R
021950002004067,0R
021950002004068,0R
021950002004069,0R
021950002004070,0R
021950002004071,0R
021950002004072,0R
021950002004073,0R
021950002004074,0R
021950002004075,0R
021950002004076,0R
021950002004077,0R
021950002004078,0R
021950002004079,0R
021950002004080,0R
021950002004081,0R
021950002004082,0R
021950002004083,0R
021950002004084,0R
021950002004085,0R
021950002004086,0R
021950002004087,0R
021950002004088,0R
021950002004089,0R
021950002004090,0R
021950002004091,0R
021950002004092,0R
021950002004093,0R
021950002004094,0R
021950002004095,0R
021950002004096,0R
021950002004097,0R
021950002004098,0R
021950002004099,0R
021950002004100,0R
021950002004101,0R
021950002004102,0R
021950002004103,0R
021950002004104,0R
021950002004105,0R
021950002004106,0R
021950002004107,0R
021950002004109,0R
021950002004135,0R
021950002004136,0R
021950002004137,0R
021950002004139,0R
021950002004140,0R
021950002004141,0R
021950002004142,0R
021950002004143,0R
021950002004144,0R
021950002004145,0R
021950002004146,0R
021950002004147,0R
021950002004148,0R
021950002004149,0R
021950002004150,0R
021950002004151,0R
021950002004152,0R
021950002004153,0R
021950002004154,0R
021950002004155,0R
021950002004156,0R
021950002004157,0R
021950002004158,0R
021950002004159,0R
021950002004160,0R
021950002004161,0R
021950002004162,0R
021950002004163,0R
021950002004164,0R
021950002004165,0R
021950002004166,0R
021950002004167,0R
021950002004168,0R
021950002004169,0R
021950002004170,0R
021950002004171,0R
021950002004172,0R
021950002004173,0R
021950002004174,0R
021950002004175,0R
021950002004176,0R
021950002004177,0R
021950002004178,0R
021950002004179,0R
021950002004180,0R
021950002004181,0R
021950002004182,0R
021950002004183,0R
021950002004184,0R
021950002004185,0R
021950002004186,0R
021950002004187,0R
021950002004190,0R
021950002004192,0R
021950002004193,0R
021950002004194,0R
021950002004195,0R
021950002004196,0R
021950002004197,0R
021950002004198,0R
021950002004199,0R
021950002004200,0R
021950002004201,0R
021950002004202,0R
021950002004203,0R
021950002004204,0R
021950002004205,0R
021950002004206,0R
021950002004207,0R
021950002004208,0R
021950002004209,0R
021950002004210,0R
021950002004211,0R
021950002004212,0R
021950002004213,0R
021950002004214,0R
021950002004037,0R
021950002004038,0R
021950002004039,0R
021950002004057,0R
021950002004108,0R
021950002004110,0R
021950002004111,0R
021950002004112,0R
021950002004113,0R
021950002004114,0R
021950002004115,0R
021950002004116,0R
021950002004117,0R
021950002004118,0R
021950002004119,0R
021950002004120,0R
021950002004121,0R
021950002004122,0R
021950002004123,0R
021950002004124,0R
021950002004125,0R
021950002004126,0R
021950002004127,0R
021950002004128,0R
021950002004129,0R
021950002004130,0R
021950002004131,0R
021950002004132,0R
021950002004133,0R
021950002004134,0R
021950002004138,0R
021950002004188,0R
021950002004189,0R
021950002004191,0R
021980001001000,0R
021980001001042,0R
021980001001044,0R
021980001001051,0R
021980001001052,0R
021980001001053,0R
021980001001001,0R
021980001001002,0R
021980001001003,0R
021980001001004,0R
021980001001005,0R
021980001001006,0R
021980001001007,0R
021980001001008,0R
021980001001009,0R
021980001001010,0R
021980001001011,0R
021980001001012,0R
021980001001013,0R
021980001001014,0R
021980001001015,0R
021980001001016,0R
021980001001017,0R
021980001001018,0R
021980001001019,0R
021980001001020,0R
021980001001021,0R
021980001001022,0R
021980001001023,0R
021980001001024,0R
021980001001025,0R
021980001001026,0R
021980001001027,0R
021980001001028,0R
021980001001029,0R
021980001001030,0R
021980001001031,0R
021980001001032,0R
021980001001033,0R
021980001001034,0R
021980001001035,0R
021980001001036,0R
021980001001037,0R
021980001001038,0R
021980001001039,0R
021980001001040,0R
021980001001041,0R
021980001001043,0R
021980001001045,0R
021980001001046,0R
021980001001047,0R
021980001001048,0R
021980001001049,0R
021980001001050,0R
021980001001054,0R
021980001001055,0R
021980001001056,0R
021980001001057,0R
021980001001058,0R
021980001001059,0R
021980001001060,0R
021980001001061,0R
021980001001062,0R
021980001001063,0R
021980001001064,0R
021980001001065,0R
021980001001066,0R
021980001001067,0R
021980001001068,0R
021980001001069,0R
021980001001070,0R
021980001001071,0R
021980001001072,0R
021980001001073,0R
021980001001074,0R
021980001001075,0R
021980001001076,0R
021980001001077,0R
021980001001078,0R
021980001001079,0R
021980001001080,0R
021980001001081,0R
021980001001082,0R
021980001001083,0R
021980001001084,0R
021980001001085,0R
021980001001086,0R
021980001001087,0R
021980001001088,0R
021980001001089,0R
021980001001090,0R
021980001001091,0R
021980001001092,0R
021980001001093,0R
021980001001094,0R
021980001001095,0R
021980001001096,0R
021980001001097,0R
021980001001098,0R
021980001001099,0R
021980001001100,0R
021980001001101,0R
021980001001102,0R
021980001001103,0R
021980001001104,0R
021980001001105,0R
021980001001106,0R
021980001001107,0R
021980001001108,0R
021980001001109,0R
021980001001110,0R
021980001001111,0R
021980001001112,0R
021980001001113,0R
021980001001114,0R
021980001001115,0R
021980001001116,0R
021980001001117,0R
021980001001118,0R
021980001001119,0R
021980001001120,0R
021980001001121,0R
021980001001122,0R
021980001001123,0R
021980001001124,0R
021980001001125,0R
021980001001126,0R
021980001001127,0R
021980001001128,0R
021980001001129,0R
021980001001130,0R
021980001001131,0R
021980001001132,0R
021980001001133,0R
021980001001134,0R
021980001001135,0R
021980001001136,0R
021980001001137,0R
021980001001138,0R
021980001001139,0R
021980001001140,0R
021980001001141,0R
021980001001142,0R
021980001001143,0R
021980001001144,0R
021980001001145,0R
021980001001146,0R
021980001001147,0R
021980001001148,0R
021980001001149,0R
021980001001150,0R
021980001001151,0R
021980001001152,0R
021980001001153,0R
021980001001154,0R
021980001001155,0R
021980001001156,0R
021980001001157,0R
021980001001158,0R
021980001001159,0R
021980001001160,0R
021980001001161,0R
021980001001162,0R
021980001001163,0R
021980001001164,0R
021980001001165,0R
021980001001166,0R
021980001001167,0R
021980001001168,0R
021980001001169,0R
021980001001170,0R
021980001001171,0R
021980001001172,0R
021980001001173,0R
021980001001174,0R
021980001001175,0R
021980001001176,0R
021980001001177,0R
021980001001178,0R
021980001001179,0R
021980001001180,0R
021980001001181,0R
021980001001182,0R
021980001001183,0R
021980001001184,0R
021980001001185,0R
021980001001186,0R
021980001001187,0R
021980001001188,0R
021980001001189,0R
021980001001190,0R
021980001001191,0R
021980001001192,0R
021980001001193,0R
021980001001194,0R
021980001001481,0R
021980001001482,0R
021980001001483,0R
021980001001484,0R
021980001001485,0R
021980001001486,0R
021980001001487,0R
021980001001488,0R
021980001001489,0R
021980001001490,0R
021980001001511,0R
021980001001512,0R
021980001001513,0R
021980001001514,0R
021980001001515,0R
021980001001516,0R
021980001001517,0R
021980001001518,0R
021980001001519,0R
021980001001520,0R
021980001001521,0R
021980001001522,0R
021980001001523,0R
021980001001524,0R
021980001001525,0R
021980001001526,0R
021980001001527,0R
021980001001528,0R
021980001001529,0R
021980001001530,0R
021980001001531,0R
021980001001532,0R
021980001001533,0R
021980001001534,0R
021980001001535,0R
021980001001536,0R
021980001001537,0R
021980001001538,0R
021980001001539,0R
021980001001540,0R
021980001001541,0R
021980001001542,0R
021980001001543,0R
021980001001544,0R
021980001001545,0R
021980001001546,0R
021980001001547,0R
021980001001548,0R
021980001001551,0R
021980001001552,0R
021980001001553,0R
021980001001554,0R
021980001001555,0R
021980001001556,0R
021980001001557,0R
021980001001558,0R
021980001001559,0R
021980001001560,0R
021980001001561,0R
021980001001562,0R
021980001001695,0R
021980001001696,0R
021980001001697,0R
021980001001729,0R
021980001001731,0R
021980001001740,0R
021980001001741,0R
021980001001742,0R
021980001001743,0R
021980001001744,0R
021980001001745,0R
021980001001746,0R
021980001001747,0R
021980001001748,0R
021980001001749,0R
021980001001750,0R
021980001001751,0R
021980001001752,0R
021980001001753,0R
021980001001754,0R
021980001001755,0R
021980001001756,0R
021980001001757,0R
021980001001758,0R
021980001001759,0R
021980001001760,0R
021980001001761,0R
021980001001762,0R
021980001001763,0R
021980001001764,0R
021980001001765,0R
021980001001766,0R
021980001001767,0R
021980001001775,0R
021980001001776,0R
021980001001782,0R
021980001001783,0R
021980001001785,0R
021980001001786,0R
021980001001787,0R
021980001001195,0R
021980001001196,0R
021980001001197,0R
021980001001198,0R
021980001001199,0R
021980001001200,0R
021980001001201,0R
021980001001202,0R
021980001001203,0R
021980001001204,0R
021980001001205,0R
021980001001206,0R
021980001001207,0R
021980001001208,0R
021980001001209,0R
021980001001210,0R
021980001001211,0R
021980001001212,0R
021980001001213,0R
021980001001214,0R
021980001001215,0R
021980001001216,0R
021980001001217,0R
021980001001218,0R
021980001001219,0R
021980001001220,0R
021980001001221,0R
021980001001222,0R
021980001001223,0R
021980001001224,0R
021980001001225,0R
021980001001226,0R
021980001001227,0R
021980001001228,0R
021980001001229,0R
021980001001230,0R
021980001001231,0R
021980001001232,0R
021980001001233,0R
021980001001234,0R
021980001001235,0R
021980001001236,0R
021980001001237,0R
021980001001238,0R
021980001001239,0R
021980001001240,0R
021980001001241,0R
021980001001242,0R
021980001001243,0R
021980001001244,0R
021980001001245,0R
021980001001246,0R
021980001001247,0R
021980001001248,0R
021980001001249,0R
021980001001250,0R
021980001001251,0R
021980001001252,0R
021980001001253,0R
021980001001254,0R
021980001001255,0R
021980001001256,0R
021980001001257,0R
021980001001258,0R
021980001001259,0R
021980001001260,0R
021980001001261,0R
021980001001262,0R
021980001001263,0R
021980001001264,0R
021980001001265,0R
021980001001266,0R
021980001001267,0R
021980001001268,0R
021980001001269,0R
021980001001270,0R
021980001001271,0R
021980001001272,0R
021980001001273,0R
021980001001274,0R
021980001001276,0R
021980001001278,0R
021980001001279,0R
021980001001280,0R
021980001001281,0R
021980001001283,0R
021980001001284,0R
021980001001285,0R
021980001001286,0R
021980001001287,0R
021980001001289,0R
021980001001290,0R
021980001001291,0R
021980001001292,0R
021980001001293,0R
021980001001294,0R
021980001001295,0R
021980001001296,0R
021980001001297,0R
021980001001298,0R
021980001001299,0R
021980001001300,0R
021980001001301,0R
021980001001302,0R
021980001001303,0R
021980001001304,0R
021980001001305,0R
021980001001306,0R
021980001001307,0R
021980001001308,0R
021980001001309,0R
021980001001310,0R
021980001001311,0R
021980001001312,0R
021980001001313,0R
021980001001314,0R
021980001001315,0R
021980001001316,0R
021980001001317,0R
021980001001318,0R
021980001001319,0R
021980001001320,0R
021980001001321,0R
021980001001322,0R
021980001001323,0R
021980001001324,0R
021980001001325,0R
021980001001326,0R
021980001001327,0R
021980001001328,0R
021980001001329,0R
021980001001330,0R
021980001001331,0R
021980001001332,0R
021980001001333,0R
021980001001334,0R
021980001001335,0R
021980001001336,0R
021980001001337,0R
021980001001338,0R
021980001001339,0R
021980001001340,0R
021980001001341,0R
021980001001342,0R
021980001001343,0R
021980001001344,0R
021980001001345,0R
021980001001346,0R
021980001001347,0R
021980001001348,0R
021980001001349,0R
021980001001350,0R
021980001001351,0R
021980001001354,0R
021980001001355,0R
021980001001356,0R
021980001001357,0R
021980001001358,0R
021980001001359,0R
021980001001360,0R
021980001001361,0R
021980001001362,0R
021980001001363,0R
021980001001364,0R
021980001001365,0R
021980001001366,0R
021980001001367,0R
021980001001368,0R
021980001001369,0R
021980001001370,0R
021980001001371,0R
021980001001372,0R
021980001001373,0R
021980001001374,0R
021980001001375,0R
021980001001376,0R
021980001001377,0R
021980001001378,0R
021980001001379,0R
021980001001380,0R
021980001001381,0R
021980001001382,0R
021980001001383,0R
021980001001387,0R
021980001001389,0R
021980001001391,0R
021980001001402,0R
021980001001414,0R
021980001001415,0R
021980001001419,0R
021980001001420,0R
021980001001422,0R
021980001001423,0R
021980001001427,0R
021980001001428,0R
021980001001429,0R
021980001001430,0R
021980001001431,0R
021980001001432,0R
021980001001433,0R
021980001001434,0R
021980001001435,0R
021980001001436,0R
021980001001437,0R
021980001001438,0R
021980001001439,0R
021980001001440,0R
021980001001441,0R
021980001001442,0R
021980001001443,0R
021980001001444,0R
021980001001445,0R
021980001001446,0R
021980001001447,0R
021980001001448,0R
021980001001449,0R
021980001001450,0R
021980001001451,0R
021980001001452,0R
021980001001453,0R
021980001001454,0R
021980001001455,0R
021980001001456,0R
021980001001457,0R
021980001001458,0R
021980001001459,0R
021980001001460,0R
021980001001461,0R
021980001001462,0R
021980001001463,0R
021980001001464,0R
021980001001465,0R
021980001001466,0R
021980001001467,0R
021980001001468,0R
021980001001469,0R
021980001001470,0R
021980001001471,0R
021980001001472,0R
021980001001475,0R
021980001001476,0R
021980001001582,0R
021980001001585,0R
021980001001586,0R
021980001001587,0R
021980001001588,0R
021980001001590,0R
021980001001591,0R
021980001001592,0R
021980001001593,0R
021980001001594,0R
021980001001596,0R
021980001001601,0R
021980001001604,0R
021980001001700,0R
021980001001704,0R
021980001001708,0R
021980001001709,0R
021980001001710,0R
021980001001711,0R
021980001001712,0R
021980001001713,0R
021980001001714,0R
021980001001715,0R
021980001001716,0R
021980001001717,0R
021980001001718,0R
021980001001719,0R
021980001001720,0R
021980001001721,0R
021980001001722,0R
021980001001723,0R
021980001001724,0R
021980001001725,0R
021980001001726,0R
021980001001727,0R
021980001001728,0R
021980001001730,0R
021980001001732,0R
021980001001733,0R
021980001001734,0R
021980001001735,0R
021980001001736,0R
021980001001737,0R
021980001001768,0R
021980001001769,0R
021980001001770,0R
021980001001771,0R
021980001001772,0R
021980001001773,0R
021980001001774,0R
021980001001778,0R
021980001001779,0R
021980001001780,0R
021980001001781,0R
021980001001784,0R
021980001001788,0R
021980001001275,0R
021980001001277,0R
021980001001282,0R
021980001001288,0R
021980001001416,0R
021980001001417,0R
021980001001418,0R
021980001001421,0R
021980001001424,0R
021980001001425,0R
021980001001426,0R
021980001001473,0R
021980001001474,0R
021980001001477,0R
021980001001478,0R
021980001001479,0R
021980001001480,0R
021980001001549,0R
021980001001550,0R
021980001001563,0R
021980001001564,0R
021980001001565,0R
021980001001566,0R
021980001001567,0R
021980001001568,0R
021980001001569,0R
021980001001570,0R
021980001001571,0R
021980001001572,0R
021980001001573,0R
021980001001574,0R
021980001001575,0R
021980001001576,0R
021980001001577,0R
021980001001578,0R
021980001001579,0R
021980001001580,0R
021980001001581,0R
021980001001583,0R
021980001001584,0R
021980001001589,0R
021980001001595,0R
021980001001597,0R
021980001001598,0R
021980001001599,0R
021980001001600,0R
021980001001602,0R
021980001001603,0R
021980001001605,0R
021980001001606,0R
021980001001607,0R
021980001001608,0R
021980001001609,0R
021980001001610,0R
021980001001611,0R
021980001001612,0R
021980001001613,0R
021980001001614,0R
021980001001615,0R
021980001001616,0R
021980001001617,0R
021980001001618,0R
021980001001619,0R
021980001001620,0R
021980001001621,0R
021980001001622,0R
021980001001623,0R
021980001001624,0R
021980001001625,0R
021980001001626,0R
021980001001627,0R
021980001001628,0R
021980001001629,0R
021980001001630,0R
021980001001631,0R
021980001001632,0R
021980001001633,0R
021980001001634,0R
021980001001635,0R
021980001001636,0R
021980001001637,0R
021980001001638,0R
021980001001639,0R
021980001001640,0R
021980001001641,0R
021980001001642,0R
021980001001643,0R
021980001001644,0R
021980001001645,0R
021980001001646,0R
021980001001647,0R
021980001001648,0R
021980001001649,0R
021980001001650,0R
021980001001651,0R
021980001001653,0R
021980001001654,0R
021980001001655,0R
021980001001656,0R
021980001001657,0R
021980001001658,0R
021980001001659,0R
021980001001660,0R
021980001001661,0R
021980001001662,0R
021980001001663,0R
021980001001664,0R
021980001001665,0R
021980001001666,0R
021980001001667,0R
021980001001668,0R
021980001001669,0R
021980001001670,0R
021980001001671,0R
021980001001672,0R
021980001001673,0R
021980001001674,0R
021980001001675,0R
021980001001676,0R
021980001001677,0R
021980001001678,0R
021980001001679,0R
021980001001680,0R
021980001001681,0R
021980001001682,0R
021980001001683,0R
021980001001684,0R
021980001001685,0R
021980001001686,0R
021980001001687,0R
021980001001688,0R
021980001001689,0R
021980001001690,0R
021980001001691,0R
021980001001692,0R
021980001001693,0R
021980001001698,0R
021980001001699,0R
021980001001701,0R
021980001001703,0R
021980001001705,0R
021980001001706,0R
021980001001707,0R
021980001003029,0R
021980001003030,0R
021980001003031,0R
021980001003033,0R
021980001003248,0R
021980001003249,0R
021980001003250,0R
021980001003251,0R
021980001003252,0R
021980001003253,0R
021980001003292,0R
021980001003293,0R
021980001003294,0R
021980001003454,0R
021980002001000,0R
021980002001001,0R
021980002001002,0R
021980002001003,0R
021980002001004,0R
021980002001005,0R
021980002001006,0R
021980002001007,0R
021980002001008,0R
021980002001009,0R
021980002001010,0R
021980002001011,0R
021980002001012,0R
021980002001013,0R
021980002001014,0R
021980002001015,0R
021980002001016,0R
021980002001017,0R
021980002001018,0R
021980002001019,0R
021980002001020,0R
021980002001021,0R
021980002001022,0R
021980002001023,0R
021980002001024,0R
021980002001025,0R
021980002001026,0R
021980002001027,0R
021980002001028,0R
021980002001029,0R
021980002001030,0R
021980002001031,0R
021980002001032,0R
021980002001033,0R
021980002001034,0R
021980002001035,0R
021980002001036,0R
021980002001037,0R
021980002001038,0R
021980002001039,0R
021980002001040,0R
021980002001041,0R
021980002001042,0R
021980002001043,0R
021980002001044,0R
021980002001045,0R
021980002001046,0R
021980002001047,0R
021980002001048,0R
021980002001049,0R
021980002001050,0R
021980002001051,0R
021980002001052,0R
021980002001053,0R
021980002001054,0R
021980002001055,0R
021980002001056,0R
021980002001057,0R
021980002001058,0R
021980002001059,0R
021980002001060,0R
021980002001061,0R
021980002001062,0R
021980002001063,0R
021980002001064,0R
021980002001065,0R
021980002001066,0R
021980002001067,0R
021980002001068,0R
021980002001069,0R
021980002001070,0R
021980002001071,0R
021980002001072,0R
021980002002000,0R
021980002002001,0R
021980002002003,0R
021980002002004,0R
021980002002031,0R
021980002002033,0R
021980002003000,0R
021980002003001,0R
021980002003005,0R
021980002003006,0R
021980002003007,0R
021980002003008,0R
021980002003009,0R
021980002003010,0R
021980002003011,0R
021980002003012,0R
021980001001352,0R
021980001001353,0R
021980001001384,0R
021980001001385,0R
021980001001386,0R
021980001001388,0R
021980001001390,0R
021980001001392,0R
021980001001393,0R
021980001001394,0R
021980001001395,0R
021980001001396,0R
021980001001397,0R
021980001001398,0R
021980001001399,0R
021980001001400,0R
021980001001401,0R
021980001001403,0R
021980001001404,0R
021980001001405,0R
021980001001406,0R
021980001001407,0R
021980001001408,0R
021980001001409,0R
021980001001410,0R
021980001001411,0R
021980001001412,0R
021980001001413,0R
021980001001738,0R
021980001001739,0R
021980001002000,0R
021980001002001,0R
021980001002002,0R
021980001002003,0R
021980001002004,0R
021980001002005,0R
021980001002006,0R
021980001002007,0R
021980001002008,0R
021980001002009,0R
021980001002010,0R
021980001002011,0R
021980001002012,0R
021980001002013,0R
021980001002014,0R
021980001002015,0R
021980001002016,0R
021980001002017,0R
021980001002018,0R
021980001002019,0R
021980001002020,0R
021980001002021,0R
021980001002022,0R
021980001002023,0R
021980001002024,0R
021980001002025,0R
021980001002026,0R
021980001002027,0R
021980001002028,0R
021980001002029,0R
021980001002030,0R
021980001002031,0R
021980001002032,0R
021980001002033,0R
021980001002034,0R
021980001002035,0R
021980001002036,0R
021980001002037,0R
021980001002038,0R
021980001002039,0R
021980001002040,0R
021980001002041,0R
021980001002042,0R
021980001002043,0R
021980001002044,0R
021980001002045,0R
021980001002046,0R
021980001002047,0R
021980001002048,0R
021980001002049,0R
021980001002050,0R
021980001002051,0R
021980001002052,0R
021980001002053,0R
021980001002054,0R
021980001002055,0R
021980001002056,0R
021980001002057,0R
021980001002058,0R
021980001002059,0R
021980001002060,0R
021980001002061,0R
021980001002062,0R
021980001002063,0R
021980001002064,0R
021980001002065,0R
021980001002066,0R
021980001002067,0R
021980001002068,0R
021980001002069,0R
021980001002071,0R
021980001002073,0R
021980001002075,0R
021980001002076,0R
021980001002077,0R
021980001002078,0R
021980001002081,0R
021980001002083,0R
021980001002089,0R
021980001002092,0R
021980001002093,0R
021980001002094,0R
021980001002095,0R
021980001002096,0R
021980001002099,0R
021980001002108,0R
021980001002109,0R
021980001002112,0R
021980001003019,0R
021980001003020,0R
021980001003021,0R
021980001003022,0R
021980001003023,0R
021980001003024,0R
021980001003025,0R
021980001003026,0R
021980001003027,0R
021980001003028,0R
021980001003032,0R
021980001003034,0R
021980001003035,0R
021980001003036,0R
021980001003037,0R
021980001003038,0R
021980001003460,0R
021980001001491,0R
021980001001492,0R
021980001001493,0R
021980001001494,0R
021980001001495,0R
021980001001496,0R
021980001001497,0R
021980001001498,0R
021980001001499,0R
021980001001500,0R
021980001001501,0R
021980001001502,0R
021980001001503,0R
021980001001504,0R
021980001001505,0R
021980001001506,0R
021980001001507,0R
021980001001508,0R
021980001001509,0R
021980001001510,0R
021980001001694,0R
021980001001652,0R
021980001001702,0R
021980001001777,0R
021980002002002,0R
021980002002005,0R
021980002002006,0R
021980002002007,0R
021980002002008,0R
021980002002009,0R
021980002002010,0R
021980002002011,0R
021980002002012,0R
021980002002013,0R
021980002002014,0R
021980002002015,0R
021980002002016,0R
021980002002017,0R
021980002002018,0R
021980002002019,0R
021980002002020,0R
021980002002021,0R
021980002002022,0R
021980002002023,0R
021980002002024,0R
021980002002025,0R
021980002002026,0R
021980002002027,0R
021980002002028,0R
021980002002029,0R
021980002002030,0R
021980002002032,0R
021980002002034,0R
021980002002035,0R
021980002003002,0R
021980002003003,0R
021980002003004,0R
021980002003013,0R
021980002003014,0R
021980002003015,0R
021980002003016,0R
021980002003017,0R
021980002003018,0R
021980002003019,0R
021980002003020,0R
021980002003021,0R
021980002003022,0R
021980002003023,0R
021980002003024,0R
021980002003025,0R
021980002003026,0R
021980002003027,0R
021980002003028,0R
021980002003029,0R
021980002003030,0R
021980002003031,0R
021980002003032,0R
021980002003033,0R
021980002003034,0R
021980002003035,0R
021980001002070,0R
021980001002072,0R
021980001002074,0R
021980001002079,0R
021980001002080,0R
021980001002082,0R
021980001002086,0R
021980001002087,0R
021980001002088,0R
021980001002090,0R
021980001002091,0R
021980001002097,0R
021980001002098,0R
021980001002100,0R
021980001002101,0R
021980001002104,0R
021980001002105,0R
021980001002106,0R
021980001002107,0R
021980001002110,0R
021980001002111,0R
021980001003018,0R
021980001002084,0R
021980001002085,0R
021980001002102,0R
021980001002103,0R
021980001003000,0R
021980001003001,0R
021980001003002,0R
021980001003003,0R
021980001003004,0R
021980001003005,0R
021980001003006,0R
021980001003007,0R
021980001003008,0R
021980001003009,0R
021980001003010,0R
021980001003011,0R
021980001003012,0R
021980001003013,0R
021980001003014,0R
021980001003015,0R
021980001003016,0R
021980001003017,0R
021980001003039,0R
021980001003040,0R
021980001003041,0R
021980001003042,0R
021980001003043,0R
021980001003044,0R
021980001003045,0R
021980001003046,0R
021980001003047,0R
021980001003048,0R
021980001003049,0R
021980001003050,0R
021980001003051,0R
021980001003052,0R
021980001003053,0R
021980001003054,0R
021980001003055,0R
021980001003056,0R
021980001003057,0R
021980001003058,0R
021980001003059,0R
021980001003060,0R
021980001003061,0R
021980001003062,0R
021980001003063,0R
021980001003064,0R
021980001003065,0R
021980001003066,0R
021980001003067,0R
021980001003068,0R
021980001003069,0R
021980001003070,0R
021980001003071,0R
021980001003072,0R
021980001003073,0R
021980001003074,0R
021980001003075,0R
021980001003076,0R
021980001003077,0R
021980001003078,0R
021980001003079,0R
021980001003080,0R
021980001003081,0R
021980001003082,0R
021980001003083,0R
021980001003084,0R
021980001003085,0R
021980001003086,0R
021980001003087,0R
021980001003088,0R
021980001003089,0R
021980001003090,0R
021980001003091,0R
021980001003092,0R
021980001003093,0R
021980001003094,0R
021980001003095,0R
021980001003096,0R
021980001003097,0R
021980001003098,0R
021980001003099,0R
021980001003100,0R
021980001003101,0R
021980001003102,0R
021980001003103,0R
021980001003104,0R
021980001003105,0R
021980001003106,0R
021980001003107,0R
021980001003108,0R
021980001003109,0R
021980001003110,0R
021980001003111,0R
021980001003112,0R
021980001003113,0R
021980001003114,0R
021980001003115,0R
021980001003116,0R
021980001003117,0R
021980001003118,0R
021980001003119,0R
021980001003120,0R
021980001003121,0R
021980001003122,0R
021980001003123,0R
021980001003124,0R
021980001003125,0R
021980001003126,0R
021980001003127,0R
021980001003128,0R
021980001003129,0R
021980001003130,0R
021980001003131,0R
021980001003132,0R
021980001003133,0R
021980001003134,0R
021980001003135,0R
021980001003136,0R
021980001003137,0R
021980001003138,0R
021980001003139,0R
021980001003140,0R
021980001003141,0R
021980001003142,0R
021980001003143,0R
021980001003144,0R
021980001003145,0R
021980001003146,0R
021980001003147,0R
021980001003148,0R
021980001003149,0R
021980001003150,0R
021980001003151,0R
021980001003152,0R
021980001003153,0R
021980001003154,0R
021980001003155,0R
021980001003156,0R
021980001003157,0R
021980001003158,0R
021980001003159,0R
021980001003160,0R
021980001003161,0R
021980001003162,0R
021980001003163,0R
021980001003164,0R
021980001003165,0R
021980001003166,0R
021980001003167,0R
021980001003168,0R
021980001003169,0R
021980001003170,0R
021980001003171,0R
021980001003172,0R
021980001003173,0R
021980001003174,0R
021980001003175,0R
021980001003176,0R
021980001003177,0R
021980001003178,0R
021980001003179,0R
021980001003180,0R
021980001003181,0R
021980001003182,0R
021980001003183,0R
021980001003184,0R
021980001003185,0R
021980001003186,0R
021980001003187,0R
021980001003188,0R
021980001003189,0R
021980001003190,0R
021980001003191,0R
021980001003192,0R
021980001003193,0R
021980001003194,0R
021980001003195,0R
021980001003196,0R
021980001003197,0R
021980001003198,0R
021980001003199,0R
021980001003200,0R
021980001003201,0R
021980001003202,0R
021980001003203,0R
021980001003204,0R
021980001003205,0R
021980001003206,0R
021980001003207,0R
021980001003208,0R
021980001003209,0R
021980001003210,0R
021980001003211,0R
021980001003212,0R
021980001003213,0R
021980001003214,0R
021980001003215,0R
021980001003216,0R
021980001003217,0R
021980001003218,0R
021980001003219,0R
021980001003220,0R
021980001003221,0R
021980001003222,0R
021980001003223,0R
021980001003224,0R
021980001003225,0R
021980001003226,0R
021980001003227,0R
021980001003228,0R
021980001003229,0R
021980001003230,0R
021980001003231,0R
021980001003232,0R
021980001003233,0R
021980001003234,0R
021980001003235,0R
021980001003236,0R
021980001003237,0R
021980001003238,0R
021980001003239,0R
021980001003240,0R
021980001003241,0R
021980001003242,0R
021980001003243,0R
021980001003244,0R
021980001003245,0R
021980001003246,0R
021980001003247,0R
021980001003254,0R
021980001003255,0R
021980001003256,0R
021980001003257,0R
021980001003258,0R
021980001003259,0R
021980001003260,0R
021980001003261,0R
021980001003262,0R
021980001003263,0R
021980001003264,0R
021980001003265,0R
021980001003266,0R
021980001003267,0R
021980001003268,0R
021980001003269,0R
021980001003270,0R
021980001003271,0R
021980001003272,0R
021980001003273,0R
021980001003274,0R
021980001003275,0R
021980001003276,0R
021980001003277,0R
021980001003278,0R
021980001003279,0R
021980001003280,0R
021980001003281,0R
021980001003282,0R
021980001003283,0R
021980001003284,0R
021980001003285,0R
021980001003286,0R
021980001003287,0R
021980001003288,0R
021980001003289,0R
021980001003290,0R
021980001003291,0R
021980001003295,0R
021980001003296,0R
021980001003297,0R
021980001003298,0R
021980001003299,0R
021980001003300,0R
021980001003301,0R
021980001003302,0R
021980001003303,0R
021980001003304,0R
021980001003305,0R
021980001003306,0R
021980001003307,0R
021980001003308,0R
021980001003309,0R
021980001003310,0R
021980001003311,0R
021980001003312,0R
021980001003313,0R
021980001003314,0R
021980001003315,0R
021980001003316,0R
021980001003317,0R
021980001003318,0R
021980001003319,0R
021980001003320,0R
021980001003321,0R
021980001003322,0R
021980001003323,0R
021980001003324,0R
021980001003325,0R
021980001003326,0R
021980001003327,0R
021980001003328,0R
021980001003329,0R
021980001003330,0R
021980001003331,0R
021980001003332,0R
021980001003333,0R
021980001003334,0R
021980001003335,0R
021980001003336,0R
021980001003337,0R
021980001003338,0R
021980001003339,0R
021980001003340,0R
021980001003341,0R
021980001003342,0R
021980001003343,0R
021980001003344,0R
021980001003345,0R
021980001003346,0R
021980001003347,0R
021980001003348,0R
021980001003349,0R
021980001003350,0R
021980001003351,0R
021980001003352,0R
021980001003353,0R
021980001003354,0R
021980001003355,0R
021980001003356,0R
021980001003357,0R
021980001003358,0R
021980001003359,0R
021980001003360,0R
021980001003361,0R
021980001003362,0R
021980001003363,0R
021980001003364,0R
021980001003365,0R
021980001003366,0R
021980001003367,0R
021980001003368,0R
021980001003369,0R
021980001003370,0R
021980001003371,0R
021980001003372,0R
021980001003373,0R
021980001003374,0R
021980001003375,0R
021980001003376,0R
021980001003377,0R
021980001003378,0R
021980001003379,0R
021980001003380,0R
021980001003381,0R
021980001003382,0R
021980001003383,0R
021980001003384,0R
021980001003385,0R
021980001003386,0R
021980001003387,0R
021980001003388,0R
021980001003389,0R
021980001003390,0R
021980001003391,0R
021980001003392,0R
021980001003393,0R
021980001003394,0R
021980001003395,0R
021980001003396,0R
021980001003397,0R
021980001003398,0R
021980001003399,0R
021980001003400,0R
021980001003401,0R
021980001003402,0R
021980001003403,0R
021980001003404,0R
021980001003405,0R
021980001003406,0R
021980001003407,0R
021980001003408,0R
021980001003409,0R
021980001003410,0R
021980001003411,0R
021980001003412,0R
021980001003413,0R
021980001003414,0R
021980001003415,0R
021980001003416,0R
021980001003417,0R
021980001003418,0R
021980001003419,0R
021980001003420,0R
021980001003421,0R
021980001003422,0R
021980001003423,0R
021980001003424,0R
021980001003425,0R
021980001003426,0R
021980001003427,0R
021980001003428,0R
021980001003429,0R
021980001003430,0R
021980001003431,0R
021980001003432,0R
021980001003433,0R
021980001003434,0R
021980001003435,0R
021980001003436,0R
021980001003437,0R
021980001003438,0R
021980001003439,0R
021980001003440,0R
021980001003441,0R
021980001003442,0R
021980001003443,0R
021980001003444,0R
021980001003445,0R
021980001003446,0R
021980001003447,0R
021980001003448,0R
021980001003449,0R
021980001003450,0R
021980001003451,0R
021980001003452,0R
021980001003453,0R
021980001003455,0R
021980001003456,0R
021980001003457,0R
021980001003458,0R
021980001003459,0R
021980001003461,0R
021980001003462,0R
021980001003463,0R
021980001003464,0R
021980001003465,0R
021980001003466,0R
021980001003467,0R
021980001003468,0R
021980001003469,0R
021980001003470,0R
021980003001000,0R
021980003001001,0R
021980003001002,0R
021980003001003,0R
021980003001004,0R
021980003001005,0R
021980003001006,0R
021980003001007,0R
021980003001008,0R
021980003001009,0R
021980003001010,0R
021980003001011,0R
021980003001012,0R
021980003001013,0R
021980003001014,0R
021980003001015,0R
021980003001016,0R
021980003001017,0R
021989401001000,0R
021989401001001,0R
021989401001002,0R
021989401001003,0R
021989401001004,0R
021989401001005,0R
021989401001006,0R
021989401001007,0R
021989401001008,0R
021989401001009,0R
021989401001010,0R
021989401001011,0R
021989401001012,0R
021989401001013,0R
021989401001014,0R
021989401001015,0R
021989401001016,0R
021989401001017,0R
021989401001018,0R
021989401001019,0R
021989401001020,0R
021989401001021,0R
021989401001022,0R
021989401001023,0R
021989401001024,0R
021989401001025,0R
021989401001026,0R
021989401001027,0R
021989401001028,0R
021989401001029,0R
021989401002000,0R
021989401002001,0R
021989401002002,0R
021989401002003,0R
021989401002004,0R
021989401002005,0R
021989401002006,0R
021989401002007,0R
021989401002008,0R
021989401002009,0R
021989401002010,0R
021989401002011,0R
021989401002012,0R
021989401002013,0R
021989401002014,0R
021989401002015,0R
021989401002016,0R
021989401002017,0R
021989401002018,0R
021989401002019,0R
021989401002020,0R
021989401002021,0R
021989401002022,0R
021989401003000,0R
021989401003001,0R
021989401003002,0R
021989401003003,0R
021989401003004,0R
021989401003005,0R
021989401003006,0R
021989401003007,0R
021989401003008,0R
021989401003009,0R
021989401003010,0R
021989401003011,0R
021989401003012,0R
021989401003013,0R
021989401003014,0R
021989401003015,0R
021989401003016,0R
021989401003017,0R
021989401003018,0R
021989401003019,0R
021989401003020,0R
021989401003021,0R
021989401003022,0R
021989401003023,0R
021989401003024,0R
021989401003025,0R
021989401003026,0R
021989401003027,0R
021989401003028,0R
021989401003029,0R
021989401003030,0R
021989401003031,0R
021989401003032,0R
021989401003033,0R
021989401003034,0R
021989401003035,0R
021989401003036,0R
021989401003037,0R
021989401003038,0R
021989401003039,0R
021989401003040,0R
021989401003041,0R
021989401003042,0R
021989401003043,0R
021989401003044,0R
021989401003045,0R
021989401003046,0R
021989401003047,0R
021989401003048,0R
021989401003049,0R
021989401003050,0R
021989401003051,0R
021989401003052,0R
021989401003053,0R
021989401003054,0R
021989401003055,0R
021989401003056,0R
021989401003057,0R
021989401003058,0R
021989401003059,0R
022200001001000,0R
022200001001001,0R
022200001001002,0R
022200001001003,0R
022200001001004,0R
022200001001005,0R
022200001001006,0R
022200001001007,0R
022200001001008,0R
022200001001009,0R
022200001001010,0R
022200001001011,0R
022200001001012,0R
022200001001013,0R
022200001001014,0R
022200001001015,0R
022200001001016,0R
022200001001017,0R
022200001001018,0R
022200001001019,0R
022200001001020,0R
022200001001021,0R
022200001001022,0R
022200001001023,0R
022200001001024,0R
022200001001025,0R
022200001001026,0R
022200001001027,0R
022200001001028,0R
022200001001029,0R
022200001001030,0R
022200001001031,0R
022200001001032,0R
022200001001033,0R
022200001001034,0R
022200001001035,0R
022200001001036,0R
022200001001037,0R
022200001001038,0R
022200001001039,0R
022200001001040,0R
022200001001041,0R
022200001001042,0R
022200001001043,0R
022200001001044,0R
022200001001045,0R
022200001001046,0R
022200001001047,0R
022200001001048,0R
022200001001049,0R
022200001001050,0R
022200001001051,0R
022200001001052,0R
022200001001053,0R
022200001001054,0R
022200001001055,0R
022200001001056,0R
022200001001057,0R
022200001001058,0R
022200001001059,0R
022200001001060,0R
022200001001061,0R
022200001001062,0R
022200001001063,0R
022200001001064,0R
022200001001065,0R
022200001001066,0R
022200001001067,0R
022200001001068,0R
022200001001069,0R
022200001001070,0R
022200001001071,0R
022200001001072,0R
022200001001073,0R
022200001001074,0R
022200001001075,0R
022200001001076,0R
022200001001077,0R
022200001001078,0R
022200001001079,0R
022200001001080,0R
022200001001081,0R
022200001001082,0R
022200001001083,0R
022200001001084,0R
022200001001085,0R
022200001001086,0R
022200001001087,0R
022200001001088,0R
022200001001089,0R
022200001001090,0R
022200001001091,0R
022200001001092,0R
022200001001093,0R
022200001001094,0R
022200001001095,0R
022200001001096,0R
022200001001097,0R
022200001001098,0R
022200001001099,0R
022200001001100,0R
022200001001101,0R
022200001001102,0R
022200001001103,0R
022200001001104,0R
022200001001105,0R
022200001001106,0R
022200001001107,0R
022200001001108,0R
022200001001109,0R
022200001001110,0R
022200001001111,0R
022200001001112,0R
022200001001113,0R
022200001001114,0R
022200001001115,0R
022200001001116,0R
022200001001117,0R
022200001001118,0R
022200001001119,0R
022200001001120,0R
022200001001121,0R
022200001001122,0R
022200001001123,0R
022200001001124,0R
022200001001125,0R
022200001001126,0R
022200001001127,0R
022200001001128,0R
022200001001129,0R
022200001001130,0R
022200001001131,0R
022200001001132,0R
022200001001133,0R
022200001001134,0R
022200001001135,0R
022200001001136,0R
022200001001137,0R
022200001001138,0R
022200001001139,0R
022200001001140,0R
022200001001141,0R
022200001001142,0R
022200001001143,0R
022200001001144,0R
022200001001145,0R
022200001001146,0R
022200001001147,0R
022200001001148,0R
022200001001149,0R
022200001001150,0R
022200001001151,0R
022200001001152,0R
022200001001153,0R
022200001001154,0R
022200001001155,0R
022200001001156,0R
022200001001157,0R
022200001001158,0R
022200001001159,0R
022200001001160,0R
022200001001161,0R
022200001001162,0R
022200001001163,0R
022200001001164,0R
022200001001165,0R
022200001001166,0R
022200001001167,0R
022200001001168,0R
022200001001169,0R
022200001001170,0R
022200001001171,0R
022200001001172,0R
022200001001173,0R
022200001001174,0R
022200001001175,0R
022200001001176,0R
022200001001177,0R
022200001001178,0R
022200001001179,0R
022200001001180,0R
022200001001181,0R
022200001001182,0R
022200001001183,0R
022200001001184,0R
022200001001185,0R
022200001001186,0R
022200001001187,0R
022200001001188,0R
022200001001189,0R
022200001001190,0R
022200001001191,0R
022200001001192,0R
022200001001193,0R
022200001001194,0R
022200001001195,0R
022200001001196,0R
022200001001197,0R
022200001001198,0R
022200001001199,0R
022200001001200,0R
022200001001201,0R
022200001001202,0R
022200001001203,0R
022200001001204,0R
022200001001205,0R
022200001001206,0R
022200001001207,0R
022200001001208,0R
022200001001209,0R
022200001001210,0R
022200001001211,0R
022200001001212,0R
022200001001213,0R
022200001001214,0R
022200001001215,0R
022200001001216,0R
022200001001217,0R
022200001001218,0R
022200001001219,0R
022200001001220,0R
022200001001221,0R
022200001001222,0R
022200001001223,0R
022200001001224,0R
022200001001225,0R
022200001001226,0R
022200001001227,0R
022200001001228,0R
022200001001229,0R
022200001001230,0R
022200001001231,0R
022200001001232,0R
022200001001233,0R
022200001001234,0R
022200001001235,0R
022200001001236,0R
022200001001237,0R
022200001001238,0R
022200001001239,0R
022200001001240,0R
022200001001241,0R
022200001001242,0R
022200001001243,0R
022200001001244,0R
022200001001245,0R
022200001001246,0R
022200001001247,0R
022200001001248,0R
022200001001249,0R
022200001001250,0R
022200001001251,0R
022200001001252,0R
022200001001253,0R
022200001001254,0R
022200001001255,0R
022200001001256,0R
022200001001257,0R
022200001001258,0R
022200001001259,0R
022200001001260,0R
022200001001261,0R
022200001001262,0R
022200001001263,0R
022200001001264,0R
022200001001265,0R
022200001001266,0R
022200001001267,0R
022200001001268,0R
022200001001269,0R
022200001001270,0R
022200001001271,0R
022200001001272,0R
022200001001273,0R
022200001001274,0R
022200001001275,0R
022200001001276,0R
022200001001277,0R
022200001001278,0R
022200001001279,0R
022200001001280,0R
022200001001281,0R
022200001001282,0R
022200001001283,0R
022200001001284,0R
022200001001285,0R
022200001001286,0R
022200001001287,0R
022200001001288,0R
022200001001289,0R
022200001001290,0R
022200001001291,0R
022200001001292,0R
022200001001293,0R
022200001001294,0R
022200001001295,0R
022200001001296,0R
022200001001297,0R
022200001001298,0R
022200001001299,0R
022200001001300,0R
022200001001301,0R
022200001001302,0R
022200001001303,0R
022200001001304,0R
022200001001305,0R
022200001001306,0R
022200001001307,0R
022200001001308,0R
022200001001309,0R
022200001001310,0R
022200001001311,0R
022200001001312,0R
022200001001313,0R
022200001001314,0R
022200001001315,0R
022200001001316,0R
022200001001317,0R
022200001001318,0R
022200001001319,0R
022200001001320,0R
022200001001321,0R
022200001001322,0R
022200001001323,0R
022200001001324,0R
022200001001325,0R
022200001001326,0R
022200001001327,0R
022200001001328,0R
022200001001329,0R
022200001001330,0R
022200001001331,0R
022200001001332,0R
022200001001333,0R
022200001001334,0R
022200001001335,0R
022200001001336,0R
022200001001337,0R
022200001001338,0R
022200001001339,0R
022200001001340,0R
022200001001341,0R
022200001001342,0R
022200001001343,0R
022200001001344,0R
022200001001345,0R
022200001001346,0R
022200001001347,0R
022200001001348,0R
022200001001349,0R
022200001001350,0R
022200001001351,0R
022200001001352,0R
022200001001353,0R
022200001001354,0R
022200001001355,0R
022200001001356,0R
022200001001357,0R
022200001001358,0R
022200001001359,0R
022200001001360,0R
022200001001361,0R
022200001001362,0R
022200001001363,0R
022200001001364,0R
022200001001365,0R
022200001001366,0R
022200001001367,0R
022200001001368,0R
022200001001369,0R
022200001001370,0R
022200001001371,0R
022200001001372,0R
022200001001373,0R
022200001001374,0R
022200001001375,0R
022200001001376,0R
022200001001377,0R
022200001001378,0R
022200001001379,0R
022200001001380,0R
022200001001381,0R
022200001001382,0R
022200001001383,0R
022200001001384,0R
022200001001385,0R
022200001001386,0R
022200001001387,0R
022200001001388,0R
022200001001389,0R
022200001001390,0R
022200001001391,0R
022200001001392,0R
022200001001393,0R
022200001001394,0R
022200001001395,0R
022200001001396,0R
022200001001397,0R
022200001001398,0R
022200001001399,0R
022200001001400,0R
022200001001401,0R
022200001001402,0R
022200001001403,0R
022200001001404,0R
022200001001405,0R
022200001001406,0R
022200001001407,0R
022200001001408,0R
022200001001409,0R
022200001001410,0R
022200001001411,0R
022200001001412,0R
022200001001413,0R
022200001001414,0R
022200001001415,0R
022200001001416,0R
022200001001417,0R
022200001001418,0R
022200001001419,0R
022200001001420,0R
022200001001421,0R
022200001001422,0R
022200001001423,0R
022200001001424,0R
022200001001425,0R
022200001001426,0R
022200001001427,0R
022200001001428,0R
022200001001429,0R
022200001001430,0R
022200001001431,0R
022200001001432,0R
022200001001433,0R
022200001001434,0R
022200001001435,0R
022200001001436,0R
022200001001437,0R
022200001001438,0R
022200001001439,0R
022200001001440,0R
022200001001441,0R
022200001001442,0R
022200001001443,0R
022200001001444,0R
022200001001445,0R
022200001001446,0R
022200001001447,0R
022200001001448,0R
022200001001449,0R
022200001001450,0R
022200001001451,0R
022200001001452,0R
022200001001453,0R
022200001001454,0R
022200001001455,0R
022200001001456,0R
022200001001457,0R
022200001001458,0R
022200001001459,0R
022200001001460,0R
022200001001461,0R
022200001001462,0R
022200001001463,0R
022200001001464,0R
022200001001465,0R
022200001001466,0R
022200001001467,0R
022200001001468,0R
022200001001469,0R
022200001001470,0R
022200001001471,0R
022200001001472,0R
022200001001473,0R
022200001001474,0R
022200001001475,0R
022200001001476,0R
022200001001477,0R
022200001001478,0R
022200001001479,0R
022200001001480,0R
022200001001481,0R
022200001001482,0R
022200001001483,0R
022200001001484,0R
022200001001485,0R
022200001001486,0R
022200001001487,0R
022200001001488,0R
022200001001489,0R
022200001001490,0R
022200001001491,0R
022200001001492,0R
022200001001493,0R
022200001001494,0R
022200001001495,0R
022200001001496,0R
022200001001497,0R
022200001001498,0R
022200001001499,0R
022200001001500,0R
022200001001501,0R
022200001001502,0R
022200001001503,0R
022200001001504,0R
022200001001505,0R
022200001001506,0R
022200001001507,0R
022200001001508,0R
022200001001509,0R
022200001001510,0R
022200001001511,0R
022200001001512,0R
022200001001513,0R
022200001001514,0R
022200001002000,0R
022200001002001,0R
022200001002002,0R
022200001002003,0R
022200001002004,0R
022200001002005,0R
022200001002006,0R
022200001002007,0R
022200001002008,0R
022200001003000,0R
022200001003001,0R
022200001003002,0R
022200001003003,0R
022200001003004,0R
022200001003005,0R
022200001003006,0R
022200001003007,0R
022200001003008,0R
022200001003009,0R
022200001003010,0R
022200001003011,0R
022200001003012,0R
022200001003013,0R
022200001003014,0R
022200001003015,0R
022200001003016,0R
022200001003017,0R
022200001004000,0R
022200001004001,0R
022200001004002,0R
022200001004003,0R
022200001004004,0R
022200001004005,0R
022200001004006,0R
022200001005000,0R
022200001005001,0R
022200001005002,0R
022200001005003,0R
022200001005004,0R
022200001005005,0R
022200001005006,0R
022200001005007,0R
022200001005008,0R
022200001005009,0R
022200001005010,0R
022200001005011,0R
022200001005012,0R
022200001005014,0R
022200001005015,0R
022200001005016,0R
022200001005017,0R
022200001005018,0R
022200001005019,0R
022200001005020,0R
022200001005021,0R
022200001005022,0R
022200001005023,0R
022200001005024,0R
022200002001018,0R
022200002001019,0R
022200002001020,0R
022200002001021,0R
022200002003000,0R
022200002003001,0R
022200002003002,0R
022200002003003,0R
022200002003004,0R
022200002003005,0R
022200002003006,0R
022200002003007,0R
022200002003009,0R
022200002003010,0R
022200002003011,0R
022200002004037,0R
022200002004044,0R
022200002004045,0R
022200002005003,0R
022200002005004,0R
022200002005005,0R
022200002005006,0R
022200002006000,0R
022200002006001,0R
022200002006002,0R
022200002006003,0R
022200002006008,0R
022200002006018,0R
022200001004007,0R
022200001004008,0R
022200001004009,0R
022200001004010,0R
022200001004011,0R
022200001005013,0R
022200002001000,0R
022200002001001,0R
022200002001002,0R
022200002001003,0R
022200002001004,0R
022200002001005,0R
022200002001006,0R
022200002001007,0R
022200002001008,0R
022200002001009,0R
022200002001010,0R
022200002001011,0R
022200002001012,0R
022200002001013,0R
022200002001014,0R
022200002001015,0R
022200002001016,0R
022200002001017,0R
022200002002000,0R
022200002002001,0R
022200002002002,0R
022200002002003,0R
022200002002004,0R
022200002002005,0R
022200002002006,0R
022200002002007,0R
022200002002008,0R
022200002002009,0R
022200002002010,0R
022200002002011,0R
022200002002012,0R
022200002002013,0R
022200002002014,0R
022200002002015,0R
022200002002016,0R
022200002002017,0R
022200002003008,0R
022200002003012,0R
022200002003013,0R
022200002003014,0R
022200002004000,0R
022200002004001,0R
022200002004002,0R
022200002004003,0R
022200002004004,0R
022200002004005,0R
022200002004006,0R
022200002004007,0R
022200002004008,0R
022200002004009,0R
022200002004010,0R
022200002004011,0R
022200002004012,0R
022200002004013,0R
022200002004014,0R
022200002004015,0R
022200002004016,0R
022200002004017,0R
022200002004018,0R
022200002004019,0R
022200002004020,0R
022200002004021,0R
022200002004022,0R
022200002004023,0R
022200002004024,0R
022200002004025,0R
022200002004026,0R
022200002004027,0R
022200002004028,0R
022200002004029,0R
022200002004030,0R
022200002004031,0R
022200002004032,0R
022200002004033,0R
022200002004034,0R
022200002004035,0R
022200002004036,0R
022200002004038,0R
022200002004039,0R
022200002004040,0R
022200002004041,0R
022200002004042,0R
022200002004043,0R
022200002005000,0R
022200002005001,0R
022200002005002,0R
022200002005007,0R
022200002005008,0R
022200002005009,0R
022200002005010,0R
022200002005011,0R
022200002005012,0R
022200002005013,0R
022200002005014,0R
022200002005015,0R
022200002006004,0R
022200002006005,0R
022200002006006,0R
022200002006007,0R
022200002006009,0R
022200002006010,0R
022200002006011,0R
022200002006012,0R
022200002006013,0R
022200002006014,0R
022200002006015,0R
022200002006016,0R
022200002006017,0R
022300001001000,0Q
022300001001001,0Q
022300001001002,0Q
022300001001003,0Q
022300001001004,0Q
022300001001005,0Q
022300001001006,0Q
022300001001007,0Q
022300001001008,0Q
022300001001009,0Q
022300001001010,0Q
022300001001011,0Q
022300001001012,0Q
022300001001013,0Q
022300001001014,0Q
022300001001015,0Q
022300001001016,0Q
022300001001017,0Q
022300001001018,0Q
022300001001019,0Q
022300001001020,0Q
022300001001021,0Q
022300001001022,0Q
022300001001023,0Q
022300001001024,0Q
022300001001025,0Q
022300001001026,0Q
022300001001027,0Q
022300001001028,0Q
022300001001029,0Q
022300001001030,0Q
022300001001031,0Q
022300001001032,0Q
022300001001033,0Q
022300001001034,0Q
022300001001035,0Q
022300001001036,0Q
022300001001037,0Q
022300001001038,0Q
022300001001039,0Q
022300001001040,0Q
022300001001041,0Q
022300001001042,0Q
022300001001043,0Q
022300001001044,0Q
022300001001045,0Q
022300001001046,0Q
022300001001047,0Q
022300001001048,0Q
022300001001049,0Q
022300001001050,0Q
022300001001051,0Q
022300001001052,0Q
022300001001053,0Q
022300001001054,0Q
022300001001055,0Q
022300001001056,0Q
022300001001057,0Q
022300001001058,0Q
022300001001059,0Q
022300001001060,0Q
022300001001061,0Q
022300001001062,0Q
022300001001063,0Q
022300001001064,0Q
022300001001065,0Q
022300001001066,0Q
022300001001067,0Q
022300001001068,0Q
022300001001069,0Q
022300001001070,0Q
022300001001071,0Q
022300001001072,0Q
022300001001073,0Q
022300001001074,0Q
022300001001075,0Q
022300001001076,0Q
022300001001077,0Q
022300001001078,0Q
022300001001079,0Q
022300001001080,0Q
022300001001081,0Q
022300001001082,0Q
022300001001083,0Q
022300001001084,0Q
022300001001085,0Q
022300001001086,0Q
022300001001087,0Q
022300001001088,0Q
022300001001089,0Q
022300001001090,0Q
022300001001091,0Q
022300001001092,0Q
022300001001093,0Q
022300001001094,0Q
022300001001095,0Q
022300001001096,0Q
022300001001097,0Q
022300001001098,0Q
022300001001099,0Q
022300001001100,0Q
022300001001101,0Q
022300001001102,0Q
022300001001103,0Q
022300001001104,0Q
022300001001105,0Q
022300001001106,0Q
022300001001107,0Q
022300001001108,0Q
022300001001109,0Q
022300001001110,0Q
022300001001111,0Q
022400001001000,0C
022400001001001,0C
022400001001002,0C
022400001001003,0C
022400001001004,0C
022400001001005,0C
022400001001006,0C
022400001001007,0C
022400001001008,0C
022400001001009,0C
022400001001010,0C
022400001001011,0C
022400001001012,0C
022400001001013,0C
022400001001014,0C
022400001001015,0C
022400001001016,0C
022400001001017,0C
022400001001018,0C
022400001001019,0C
022400001001020,0C
022400001001021,0C
022400001001022,0C
022400001001023,0C
022400001001024,0C
022400001001025,0C
022400001001026,0C
022400001001027,0C
022400001001028,0C
022400001001029,0C
022400001001030,0C
022400001001031,0C
022400001001032,0C
022400001001033,0C
022400001001034,0C
022400001001035,0C
022400001001036,0C
022400001001037,0C
022400001001038,0C
022400001001039,0C
022400001001040,0C
022400001001041,0C
022400001001042,0C
022400001001043,0C
022400001001044,0C
022400001001045,0C
022400001001046,0C
022400001001047,0C
022400001001048,0C
022400001001049,0C
022400001001050,0C
022400001001051,0C
022400001001052,0C
022400001001053,0C
022400001001054,0C
022400001001055,0C
022400001001056,0C
022400001001057,0C
022400001001058,0C
022400001001059,0C
022400001001060,0C
022400001001061,0C
022400001001062,0C
022400001001063,0C
022400001001064,0C
022400001001065,0C
022400001001066,0C
022400001001067,0C
022400001001068,0C
022400001001069,0C
022400001001070,0C
022400001001071,0C
022400001001072,0C
022400001001073,0C
022400001001074,0C
022400001001075,0C
022400001001076,0C
022400001001077,0C
022400001001078,0C
022400001001079,0C
022400001001080,0C
022400001001081,0C
022400001001082,0C
022400001001083,0C
022400001001084,0C
022400001001085,0C
022400001001086,0C
022400001001087,0C
022400001001088,0C
022400001001089,0C
022400001001090,0C
022400001001091,0C
022400001001092,0C
022400001001093,0C
022400001001094,0C
022400001001095,0C
022400001001096,0C
022400001001097,0C
022400001001098,0C
022400001001099,0C
022400001001102,0C
022400001001103,0C
022400001001105,0C
022400001001106,0C
022400001001107,0C
022400001001108,0C
022400001001110,0C
022400001001111,0C
022400001001112,0C
022400001001113,0C
022400001001114,0C
022400001001258,0C
022400001001259,0C
022400001001260,0C
022400001001261,0C
022400001001262,0C
022400001001263,0C
022400001001264,0C
022400001001278,0C
022400001001279,0C
022400004001001,0C
022400001001100,0C
022400001001101,0C
022400001001104,0C
022400001001123,0C
022400001001138,0C
022400001001144,0C
022400001001145,0C
022400001001146,0C
022400001001147,0C
022400001001153,0C
022400001001154,0C
022400001001155,0C
022400001001156,0C
022400001001164,0C
022400001001173,0C
022400001001174,0C
022400001001248,0C
022400001001254,0C
022400001001268,0C
022400001002000,0C
022400001002001,0C
022400001002002,0C
022400001002003,0C
022400001002004,0C
022400001002005,0C
022400001002006,0C
022400001002007,0C
022400001002008,0C
022400001002009,0C
022400001002010,0C
022400001002011,0C
022400001002012,0C
022400001002013,0C
022400001002014,0C
022400001002015,0C
022400001002016,0C
022400001002017,0C
022400001002018,0C
022400001002019,0C
022400001002020,0C
022400001002021,0C
022400001002022,0C
022400001002023,0C
022400001002024,0C
022400001002025,0C
022400001002026,0C
022400001002027,0C
022400001002028,0C
022400001002029,0C
022400001002030,0C
022400001002031,0C
022400001002032,0C
022400001002033,0C
022400001002034,0C
022400001002035,0C
022400001002036,0C
022400001002037,0C
022400001002038,0C
022400001002039,0C
022400001002040,0C
022400001002041,0C
022400001002042,0C
022400001002043,0C
022400001002044,0C
022400001002045,0C
022400001002046,0C
022400001002047,0C
022400001002048,0C
022400001002049,0C
022400001002050,0C
022400001002051,0C
022400001002052,0C
022400001002053,0C
022400001002054,0C
022400001002055,0C
022400001002056,0C
022400001002057,0C
022400001002058,0C
022400001002059,0C
022400001002060,0C
022400001002061,0C
022400001002062,0C
022400001002063,0C
022400001002064,0C
022400001002065,0C
022400001002066,0C
022400001002067,0C
022400001002068,0C
022400001002069,0C
022400001002070,0C
022400001002071,0C
022400001002072,0C
022400001002073,0C
022400001002074,0C
022400001002075,0C
022400001002076,0C
022400001002077,0C
022400001002078,0C
022400001002079,0C
022400001002080,0C
022400001002081,0C
022400001002082,0C
022400001002083,0C
022400001002084,0C
022400001002085,0C
022400001002086,0C
022400001001109,0C
022400001001124,0C
022400001001139,0C
022400001001140,0C
022400001001175,0C
022400001001176,0C
022400001001177,0C
022400001001178,0C
022400001001179,0C
022400001001180,0C
022400001001181,0C
022400001001182,0C
022400001001183,0C
022400001001184,0C
022400001001185,0C
022400001001247,0C
022400001001115,0C
022400001001116,0C
022400001001117,0C
022400001001118,0C
022400001001187,0C
022400001001188,0C
022400001001189,0C
022400001001190,0C
022400001001191,0C
022400001001192,0C
022400001001197,0C
022400001001198,0C
022400001001199,0C
022400001001200,0C
022400001001201,0C
022400001001202,0C
022400001001203,0C
022400001001204,0C
022400001001205,0C
022400001001206,0C
022400001001207,0C
022400001001208,0C
022400001001209,0C
022400001001210,0C
022400001001211,0C
022400001001212,0C
022400001001213,0C
022400001001214,0C
022400001001215,0C
022400001001216,0C
022400001001217,0C
022400001001218,0C
022400001001219,0C
022400001001220,0C
022400001001221,0C
022400001001222,0C
022400001001223,0C
022400001001224,0C
022400001001225,0C
022400001001226,0C
022400001001227,0C
022400001001228,0C
022400001001229,0C
022400001001230,0C
022400001001231,0C
022400001001232,0C
022400001001233,0C
022400001001234,0C
022400001001235,0C
022400001001236,0C
022400001001237,0C
022400001001238,0C
022400001001239,0C
022400001001240,0C
022400001001241,0C
022400001001242,0C
022400001001243,0C
022400001001244,0C
022400001001245,0C
022400001001246,0C
022400001001249,0C
022400001001250,0C
022400001001251,0C
022400001001252,0C
022400001001253,0C
022400001001265,0C
022400001001266,0C
022400001001267,0C
022400001001269,0C
022400001001270,0C
022400001001271,0C
022400001001272,0C
022400001001275,0C
022400001001276,0C
022400001001277,0C
022400001001119,0C
022400001001120,0C
022400001001121,0C
022400001001122,0C
022400001001125,0C
022400001001126,0C
022400001001127,0C
022400001001128,0C
022400001001129,0C
022400001001130,0C
022400001001131,0C
022400001001132,0C
022400001001134,0C
022400001001135,0C
022400001001136,0C
022400001001137,0C
022400001001141,0C
022400001001142,0C
022400001001143,0C
022400001001273,0C
022400001001274,0C
022400004001000,0C
022400004001039,0C
022400004001040,0C
022400004001041,0C
022400004001042,0C
022400004001043,0C
022400004001044,0C
022400004001045,0C
022400004003000,0C
022400004003001,0C
022400004003002,0C
022400004003003,0C
022400004003004,0C
022400004003005,0C
022400004003007,0C
022400004003008,0C
022400004003011,0C
022400004003016,0C
022400004003017,0C
022400004003018,0C
022400004003116,0C
022400001001133,0C
022400001001255,0C
022400001001256,0C
022400001001257,0C
022400001001148,0C
022400001001149,0C
022400001001150,0C
022400001001151,0C
022400001001152,0C
022400001001157,0C
022400001001158,0C
022400001001159,0C
022400001001160,0C
022400001001161,0C
022400001001162,0C
022400001001163,0C
022400001001165,0C
022400001001166,0C
022400001001167,0C
022400001001168,0C
022400001001169,0C
022400001001170,0C
022400001001171,0C
022400001001172,0C
022400001001186,0C
022400001001193,0C
022400001001194,0C
022400001001195,0C
022400001001196,0C
022400004001002,0E
022400004001003,0E
022400004001004,0E
022400004001005,0E
022400004001006,0E
022400004001007,0E
022400004001008,0E
022400004001009,0E
022400004001010,0E
022400004001011,0E
022400004001012,0E
022400004001013,0E
022400004001014,0E
022400004001015,0E
022400004001016,0E
022400004001017,0E
022400004001018,0E
022400004001019,0E
022400004001020,0E
022400004001021,0E
022400004001023,0E
022400004001024,0E
022400004001025,0E
022400004001026,0E
022400004001027,0E
022400004001028,0E
022400004001029,0E
022400004001030,0E
022400004001031,0E
022400004001032,0E
022400004001033,0E
022400004001034,0E
022400004001035,0E
022400004001036,0E
022400004001037,0E
022400004001038,0E
022400004001046,0E
022400004001047,0E
022400004001048,0E
022400004001049,0E
022400004001050,0E
022400004001051,0E
022400004001052,0E
022400004001053,0E
022400004001054,0E
022400004001055,0E
022400004001056,0E
022400004001057,0E
022400004001058,0E
022400004001059,0E
022400004001060,0E
022400004001061,0E
022400004001062,0E
022400004001063,0E
022400004001064,0E
022400004001065,0E
022400004001066,0E
022400004001074,0E
022400004001147,0E
022400004001148,0E
022400004001149,0E
022400004001152,0E
022400004001153,0E
022400004001154,0E
022400004001155,0E
022400004001156,0E
022400004001157,0E
022400004002000,0E
022400004002001,0E
022400004002002,0E
022400004002003,0E
022400004002004,0E
022400004002005,0E
022400004002006,0E
022400004002007,0E
022400004002008,0E
022400004002009,0E
022400004002010,0E
022400004002011,0E
022400004002012,0E
022400004002013,0E
022400004002014,0E
022400004002015,0E
022400004002016,0E
022400004002017,0E
022400004002018,0E
022400004002019,0E
022400004002020,0E
022400004002021,0E
022400004002022,0E
022400004002023,0E
022400004002024,0E
022400004002025,0E
022400004002026,0E
022400004002027,0E
022400004002028,0E
022400004002029,0E
022400004002030,0E
022400004002031,0E
022400004002032,0E
022400004002033,0E
022400004002034,0E
022400004002035,0E
022400004002036,0E
022400004002037,0E
022400004002038,0E
022400004002039,0E
022400004002040,0E
022400004002041,0E
022400004002042,0E
022400004002043,0E
022400004002044,0E
022400004002045,0E
022400004002046,0E
022400004002047,0E
022400004002048,0E
022400004002049,0E
022400004002050,0E
022400004002051,0E
022400004002052,0E
022400004002053,0E
022400004002054,0E
022400004002055,0E
022400004002056,0E
022400004003006,0E
022400004003009,0E
022400004003010,0E
022400004003012,0E
022400004003013,0E
022400004003014,0E
022400004003015,0E
022400004003019,0E
022400004003020,0E
022400004003021,0E
022400004003022,0E
022400004003023,0E
022400004003024,0E
022400004003025,0E
022400004003026,0E
022400004003027,0E
022400004003028,0E
022400004003029,0E
022400004003030,0E
022400004003031,0E
022400004003032,0E
022400004003033,0E
022400004003034,0E
022400004003035,0E
022400004003036,0E
022400004003037,0E
022400004003038,0E
022400004003039,0E
022400004003040,0E
022400004003041,0E
022400004003042,0E
022400004003043,0E
022400004003044,0E
022400004003045,0E
022400004003046,0E
022400004003047,0E
022400004003048,0E
022400004003049,0E
022400004003050,0E
022400004003051,0E
022400004003052,0E
022400004003053,0E
022400004003054,0E
022400004003055,0E
022400004003056,0E
022400004003057,0E
022400004003058,0E
022400004003061,0E
022400004003062,0E
022400004003069,0E
022400004003070,0E
022400004003071,0E
022400004003072,0E
022400004003073,0E
022400004003074,0E
022400004003075,0E
022400004003076,0E
022400004003077,0E
022400004003078,0E
022400004003079,0E
022400004003080,0E
022400004003081,0E
022400004003082,0E
022400004003083,0E
022400004003084,0E
022400004003085,0E
022400004003086,0E
022400004003087,0E
022400004003088,0E
022400004003089,0E
022400004003090,0E
022400004003091,0E
022400004003092,0E
022400004003093,0E
022400004003094,0E
022400004003095,0E
022400004003096,0E
022400004003097,0E
022400004003098,0E
022400004003099,0E
022400004003100,0E
022400004003101,0E
022400004003102,0E
022400004003103,0E
022400004003104,0E
022400004003105,0E
022400004003106,0E
022400004003107,0E
022400004003108,0E
022400004003109,0E
022400004003110,0E
022400004003111,0E
022400004003112,0E
022400004003113,0E
022400004003114,0E
022400004003115,0E
022400004003117,0E
022400004003118,0E
022400004003119,0E
022400004003120,0E
022400004003121,0E
022400004003122,0E
022400004003123,0E
022400004003124,0E
022400004003125,0E
022400004003126,0E
022400004003127,0E
022400004003128,0E
022400004003129,0E
022400004001022,0E
022400004001067,0E
022400004001068,0E
022400004001069,0E
022400004001070,0E
022400004001071,0E
022400004001072,0E
022400004001073,0E
022400004001075,0E
022400004001076,0E
022400004001077,0E
022400004001078,0E
022400004001079,0E
022400004001080,0E
022400004001081,0E
022400004001082,0E
022400004001083,0E
022400004001084,0E
022400004001085,0E
022400004001086,0E
022400004001087,0E
022400004001088,0E
022400004001089,0E
022400004001090,0E
022400004001091,0E
022400004001092,0E
022400004001093,0E
022400004001094,0E
022400004001095,0E
022400004001096,0E
022400004001097,0E
022400004001098,0E
022400004001099,0E
022400004001100,0E
022400004001101,0E
022400004001102,0E
022400004001103,0E
022400004001104,0E
022400004001105,0E
022400004001106,0E
022400004001107,0E
022400004001108,0E
022400004001109,0E
022400004001110,0E
022400004001111,0E
022400004001112,0E
022400004001113,0E
022400004001114,0E
022400004001115,0E
022400004001116,0E
022400004001117,0E
022400004001118,0E
022400004001119,0E
022400004001120,0E
022400004001121,0E
022400004001122,0E
022400004001123,0E
022400004001124,0E
022400004001125,0E
022400004001126,0E
022400004001127,0E
022400004001128,0E
022400004001129,0E
022400004001130,0E
022400004001131,0E
022400004001132,0E
022400004001133,0E
022400004001134,0E
022400004001135,0E
022400004001136,0E
022400004001137,0E
022400004001138,0E
022400004001139,0E
022400004001140,0E
022400004001141,0E
022400004001142,0E
022400004001143,0E
022400004001144,0E
022400004001145,0E
022400004001146,0E
022400004001150,0E
022400004001151,0E
022400004003059,0E
022400004003060,0E
022400004003063,0E
022400004003064,0E
022400004003065,0E
022400004003066,0E
022400004003067,0E
022400004003068,0E
022750003001000,0R
022750003001001,0R
022750003001002,0R
022750003001003,0R
022750003001004,0R
022750003001005,0R
022750003001006,0R
022750003001007,0R
022750003001008,0R
022750003001009,0R
022750003001010,0R
022750003001011,0R
022750003001012,0R
022750003001013,0R
022750003001014,0R
022750003001015,0R
022750003001016,0R
022750003001017,0R
022750003001018,0R
022750003001019,0R
022750003001020,0R
022750003001021,0R
022750003001022,0R
022750003001023,0R
022750003001024,0R
022750003001025,0R
022750003001026,0R
022750003001027,0R
022750003001028,0R
022750003001029,0R
022750003001030,0R
022750003001031,0R
022750003001032,0R
022750003001033,0R
022750003001034,0R
022750003001035,0R
022750003001036,0R
022750003001037,0R
022750003001038,0R
022750003001039,0R
022750003001040,0R
022750003001041,0R
022750003001042,0R
022750003001043,0R
022750003001044,0R
022750003001045,0R
022750003001046,0R
022750003001047,0R
022750003001048,0R
022750003001049,0R
022750003001050,0R
022750003001051,0R
022750003001052,0R
022750003001053,0R
022750003001054,0R
022750003001055,0R
022750003001056,0R
022750003001057,0R
022750003001058,0R
022750003001059,0R
022750003001060,0R
022750003001061,0R
022750003001062,0R
022750003001063,0R
022750003001064,0R
022750003001065,0R
022750003001066,0R
022750003001067,0R
022750003001068,0R
022750003001069,0R
022750003001070,0R
022750003001071,0R
022750003001072,0R
022750003001073,0R
022750003001074,0R
022750003001075,0R
022750003001076,0R
022750003001077,0R
022750003001078,0R
022750003001079,0R
022750003001080,0R
022750003001081,0R
022750003001082,0R
022750003001083,0R
022750003001084,0R
022750003001085,0R
022750003001086,0R
022750003001087,0R
022750003001088,0R
022750003001089,0R
022750003001090,0R
022750003001091,0R
022750003001092,0R
022750003001093,0R
022750003001094,0R
022750003001095,0R
022750003001096,0R
022750003001097,0R
022750003001098,0R
022750003001099,0R
022750003001100,0R
022750003001101,0R
022750003001102,0R
022750003001103,0R
022750003001104,0R
022750003001105,0R
022750003001106,0R
022750003001107,0R
022750003001108,0R
022750003001109,0R
022750003001110,0R
022750003001111,0R
022750003001112,0R
022750003001113,0R
022750003001114,0R
022750003001115,0R
022750003001116,0R
022750003001117,0R
022750003001118,0R
022750003001119,0R
022750003001120,0R
022750003001121,0R
022750003001122,0R
022750003001123,0R
022750003001124,0R
022750003001125,0R
022750003001126,0R
022750003001127,0R
022750003001128,0R
022750003001129,0R
022750003001130,0R
022750003001131,0R
022750003001132,0R
022750003001133,0R
022750003001134,0R
022750003001135,0R
022750003001136,0R
022750003001137,0R
022750003001138,0R
022750003001139,0R
022750003001140,0R
022750003001141,0R
022750003001142,0R
022750003001143,0R
022750003001144,0R
022750003001145,0R
022750003001146,0R
022750003001147,0R
022750003001148,0R
022750003001149,0R
022750003001150,0R
022750003001151,0R
022750003001152,0R
022750003001153,0R
022750003001154,0R
022750003001155,0R
022750003001156,0R
022750003001157,0R
022750003001158,0R
022750003001159,0R
022750003001160,0R
022750003001161,0R
022750003001162,0R
022750003001163,0R
022750003001164,0R
022750003001165,0R
022750003001166,0R
022750003001167,0R
022750003001168,0R
022750003001169,0R
022750003001170,0R
022750003001171,0R
022750003001172,0R
022750003001173,0R
022750003001174,0R
022750003001175,0R
022750003001176,0R
022750003001177,0R
022750003001178,0R
022750003001179,0R
022750003001180,0R
022750003001181,0R
022750003001182,0R
022750003001183,0R
022750003001184,0R
022750003001185,0R
022750003001186,0R
022750003001187,0R
022750003001188,0R
022750003001189,0R
022750003001190,0R
022750003001191,0R
022750003001192,0R
022750003001193,0R
022750003001194,0R
022750003001195,0R
022750003001196,0R
022750003001197,0R
022750003001198,0R
022750003001199,0R
022750003001200,0R
022750003001201,0R
022750003001202,0R
022750003001203,0R
022750003001204,0R
022750003001205,0R
022750003001206,0R
022750003001207,0R
022750003001208,0R
022750003001209,0R
022750003001210,0R
022750003001211,0R
022750003001212,0R
022750003001213,0R
022750003001214,0R
022750003001215,0R
022750003001216,0R
022750003001217,0R
022750003001218,0R
022750003001219,0R
022750003001220,0R
022750003001221,0R
022750003001222,0R
022750003001223,0R
022750003001224,0R
022750003001225,0R
022750003001226,0R
022750003001227,0R
022750003001228,0R
022750003001229,0R
022750003001230,0R
022750003001231,0R
022750003001232,0R
022750003001233,0R
022750003001234,0R
022750003001235,0R
022750003001236,0R
022750003001237,0R
022750003001238,0R
022750003001239,0R
022750003001240,0R
022750003001241,0R
022750003001242,0R
022750003001243,0R
022750003001244,0R
022750003001245,0R
022750003001246,0R
022750003001247,0R
022750003001248,0R
022750003001249,0R
022750003001250,0R
022750003001251,0R
022750003001252,0R
022750003001253,0R
022750003001254,0R
022750003001255,0R
022750003001256,0R
022750003001257,0R
022750003001258,0R
022750003001259,0R
022750003001260,0R
022750003001261,0R
022750003001262,0R
022750003001263,0R
022750003001264,0R
022750003002000,0R
022750003002001,0R
022750003002002,0R
022750003002003,0R
022750003002004,0R
022750003002005,0R
022750003002006,0R
022750003002007,0R
022750003002008,0R
022750003002009,0R
022750003002010,0R
022750003002011,0R
022750003002012,0R
022750003002013,0R
022750003002014,0R
022750003002015,0R
022750003002016,0R
022750003002017,0R
022750003002018,0R
022750003002019,0R
022750003002020,0R
022750003002021,0R
022750003002022,0R
022750003002023,0R
022750003002024,0R
022750003002025,0R
022750003002026,0R
022750003002027,0R
022750003002028,0R
022750003002029,0R
022750003002030,0R
022750003002031,0R
022750003002032,0R
022750003002033,0R
022750003002034,0R
022750003002035,0R
022750003002036,0R
022750003002037,0R
022750003002038,0R
022750003002039,0R
022750003002040,0R
022750003002041,0R
022750003002042,0R
022750003002043,0R
022750003002044,0R
022750003002045,0R
022750003002046,0R
022750003002047,0R
022820001001000,0P
022820001001001,0P
022820001001002,0P
022820001001003,0P
022820001001004,0P
022820001001005,0P
022820001001006,0P
022820001001007,0P
022820001001008,0P
022820001001009,0P
022820001001010,0P
022820001001011,0P
022820001001012,0P
022820001001093,0P
022820001001094,0P
022820001001095,0P
022820001001096,0P
022820001001097,0P
022820001001098,0P
022820001001099,0P
022820001001100,0P
022820001001101,0P
022820001001102,0P
022820001001103,0P
022820001001104,0P
022820001001105,0P
022820001001106,0P
022820001001107,0P
022820001001108,0P
022820001001109,0P
022820001001110,0P
022820001001111,0P
022820001001112,0P
022820001001113,0P
022820001001114,0P
022820001001115,0P
022820001001116,0P
022820001001117,0P
022820001001118,0P
022820001001119,0P
022820001001120,0P
022820001001121,0P
022820001001122,0P
022820001001123,0P
022820001001124,0P
022820001001125,0P
022820001001126,0P
022820001001127,0P
022820001001128,0P
022820001001129,0P
022820001001130,0P
022820001001131,0P
022820001001132,0P
022820001001133,0P
022820001001134,0P
022820001001135,0P
022820001001136,0P
022820001001137,0P
022820001001138,0P
022820001001139,0P
022820001001140,0P
022820001001141,0P
022820001001142,0P
022820001001143,0P
022820001001144,0P
022820001001145,0P
022820001001146,0P
022820001001147,0P
022820001001148,0P
022820001001149,0P
022820001001150,0P
022820001001151,0P
022820001001152,0P
022820001001153,0P
022820001001154,0P
022820001001155,0P
022820001001156,0P
022820001001157,0P
022820001001158,0P
022820001001159,0P
022820001001160,0P
022820001001161,0P
022820001001162,0P
022820001001163,0P
022820001001164,0P
022820001001165,0P
022820001001166,0P
022820001001167,0P
022820001001168,0P
022820001001169,0P
022820001001170,0P
022820001001171,0P
022820001001172,0P
022820001001173,0P
022820001001174,0P
022820001001175,0P
022820001001176,0P
022820001001177,0P
022820001001178,0P
022820001001179,0P
022820001001180,0P
022820001001181,0P
022820001001182,0P
022820001001183,0P
022820001001184,0P
022820001001185,0P
022820001001186,0P
022820001001187,0P
022820001001188,0P
022820001001189,0P
022820001001190,0P
022820001001191,0P
022820001001192,0P
022820001001193,0P
022820001001194,0P
022820001001195,0P
022820001001196,0P
022820001001197,0P
022820001001198,0P
022820001001199,0P
022820001001200,0P
022820001001201,0P
022820001001202,0P
022820001001203,0P
022820001001204,0P
022820001001205,0P
022820001001206,0P
022820001001207,0P
022820001001208,0P
022820001001209,0P
022820001001210,0P
022820001001211,0P
022820001001212,0P
022820001001213,0P
022820001001214,0P
022820001001215,0P
022820001001216,0P
022820001001217,0P
022820001001218,0P
022820001001223,0P
022820001001224,0P
022820001001225,0P
022820001001226,0P
022820001001227,0P
022820001001228,0P
022820001001230,0P
022820001001013,0P
022820001001014,0P
022820001001015,0P
022820001001016,0P
022820001001017,0P
022820001001018,0P
022820001001019,0P
022820001001020,0P
022820001001021,0P
022820001001022,0P
022820001001023,0P
022820001001024,0P
022820001001025,0P
022820001001026,0P
022820001001027,0P
022820001001028,0P
022820001001029,0P
022820001001030,0P
022820001001031,0P
022820001001032,0P
022820001001033,0P
022820001001034,0P
022820001001035,0P
022820001001036,0P
022820001001037,0P
022820001001038,0P
022820001001039,0P
022820001001040,0P
022820001001041,0P
022820001001042,0P
022820001001043,0P
022820001001044,0P
022820001001045,0P
022820001001046,0P
022820001001047,0P
022820001001048,0P
022820001001049,0P
022820001001050,0P
022820001001051,0P
022820001001052,0P
022820001001053,0P
022820001001054,0P
022820001001055,0P
022820001001056,0P
022820001001057,0P
022820001001058,0P
022820001001059,0P
022820001001060,0P
022820001001061,0P
022820001001062,0P
022820001001063,0P
022820001001064,0P
022820001001065,0P
022820001001066,0P
022820001001067,0P
022820001001068,0P
022820001001069,0P
022820001001070,0P
022820001001071,0P
022820001001072,0P
022820001001073,0P
022820001001074,0P
022820001001075,0P
022820001001076,0P
022820001001077,0P
022820001001078,0P
022820001001079,0P
022820001001080,0P
022820001001081,0P
022820001001082,0P
022820001001083,0P
022820001001084,0P
022820001001085,0P
022820001001086,0P
022820001001087,0P
022820001001088,0P
022820001001089,0P
022820001001090,0P
022820001001091,0P
022820001001092,0P
022820001001219,0P
022820001001220,0P
022820001001221,0P
022820001001222,0P
022820001001229,0P
022820001001231,0P
022900001001000,0C
022900001001004,0C
022900001001005,0C
022900001001007,0C
022900001001008,0C
022900001001009,0C
022900001001010,0C
022900001001011,0C
022900001001027,0C
022900001001057,0C
022900001001058,0C
022900001001059,0C
022900001001060,0C
022900001001061,0C
022900001001062,0C
022900001001063,0C
022900001001001,0C
022900001001002,0C
022900001001003,0C
022900001001006,0C
022900001001012,0C
022900001001013,0C
022900001001014,0C
022900001001015,0C
022900001001016,0C
022900001001017,0C
022900001001018,0C
022900001001019,0C
022900001001020,0C
022900001001021,0C
022900001001022,0C
022900001001023,0C
022900001001024,0C
022900001001025,0C
022900001001026,0C
022900001001028,0C
022900001001029,0C
022900001001030,0C
022900001001031,0C
022900001001032,0C
022900001001033,0C
022900001001034,0C
022900001001035,0C
022900001001036,0C
022900001001037,0C
022900001001038,0C
022900001001039,0C
022900001001040,0C
022900001001041,0C
022900001001042,0C
022900001001043,0C
022900001001044,0C
022900001001045,0C
022900001001046,0C
022900001001047,0C
022900001001048,0C
022900001001049,0C
022900001001050,0C
022900001001051,0C
022900001001095,0C
022900001001097,0C
022900001001098,0C
022900001001113,0C
022900001001114,0C
022900001001117,0C
022900001001118,0C
022900001001119,0C
022900001001120,0C
022900001001121,0C
022900001001122,0C
022900001001123,0C
022900001001124,0C
022900001001125,0C
022900001001126,0C
022900001001127,0C
022900001001128,0C
022900001001129,0C
022900001001130,0C
022900001001131,0C
022900001001132,0C
022900001001133,0C
022900001001134,0C
022900001002001,0C
022900001002002,0C
022900001002004,0C
022900001002005,0C
022900001002006,0C
022900001002007,0C
022900001002008,0C
022900001002009,0C
022900001002010,0C
022900001002011,0C
022900001002012,0C
022900001002013,0C
022900001002014,0C
022900001002015,0C
022900001002016,0C
022900001002017,0C
022900001002018,0C
022900001002019,0C
022900001002020,0C
022900001002021,0C
022900001002022,0C
022900001002023,0C
022900001002024,0C
022900001002025,0C
022900001002026,0C
022900001002027,0C
022900001002028,0C
022900001002029,0C
022900001002030,0C
022900001002031,0C
022900001002032,0C
022900001002033,0C
022900001002034,0C
022900001002035,0C
022900001002036,0C
022900001002037,0C
022900001002038,0C
022900001002039,0C
022900001002040,0C
022900001002041,0C
022900001002042,0C
022900001002043,0C
022900001002044,0C
022900001002045,0C
022900001002046,0C
022900001002047,0C
022900001002048,0C
022900001002049,0C
022900001002050,0C
022900001002051,0C
022900001002052,0C
022900001002053,0C
022900001002054,0C
022900001002055,0C
022900001002056,0C
022900001002057,0C
022900001002058,0C
022900001002059,0C
022900001002060,0C
022900001002061,0C
022900001002062,0C
022900001002063,0C
022900001002064,0C
022900001002065,0C
022900001002066,0C
022900001002067,0C
022900001002068,0C
022900001002069,0C
022900001002070,0C
022900001002071,0C
022900001002072,0C
022900001002073,0C
022900001002074,0C
022900001002075,0C
022900001002090,0C
022900001002091,0C
022900001002092,0C
022900001002097,0C
022900001002110,0C
022900001002111,0C
022900001001052,0C
022900001001053,0C
022900001001054,0C
022900001002000,0C
022900001002003,0C
022900001002079,0C
022900001002080,0C
022900001002081,0C
022900001002082,0C
022900001002083,0C
022900001002084,0C
022900001002085,0C
022900001002086,0C
022900001002087,0C
022900001002088,0C
022900001002089,0C
022900001002098,0C
022900001002099,0C
022900001002100,0C
022900001002101,0C
022900001002102,0C
022900001002103,0C
022900001002104,0C
022900001002105,0C
022900001002106,0C
022900001002107,0C
022900001002108,0C
022900001002112,0C
022900001002113,0C
022900001002114,0C
022900001002115,0C
022900001002116,0C
022900001002117,0C
022900001002118,0C
022900001002119,0C
022900001002120,0C
022900001002121,0C
022900001002122,0C
022900001002123,0C
022900001002124,0C
022900001002125,0C
022900001002126,0C
022900001002127,0C
022900001002128,0C
022900001002129,0C
022900001002130,0C
022900001002131,0C
022900001002132,0C
022900001002133,0C
022900001002134,0C
022900001002135,0C
022900001002136,0C
022900001002137,0C
022900001002138,0C
022900001002139,0C
022900001002140,0C
022900001002141,0C
022900001002142,0C
022900001002143,0C
022900001002144,0C
022900001002145,0C
022900001002146,0C
022900001002147,0C
022900001002148,0C
022900001002149,0C
022900001002150,0C
022900001002151,0C
022900001002152,0C
022900001002153,0C
022900001002154,0C
022900002001261,0C
022900002001268,0C
022900002001271,0C
022900002002000,0C
022900002002001,0C
022900002002002,0C
022900002002012,0C
022900002002014,0C
022900002002015,0C
022900002002016,0C
022900002002017,0C
022900002002018,0C
022900002002019,0C
022900002002020,0C
022900002002021,0C
022900002002022,0C
022900002002023,0C
022900002002024,0C
022900002002025,0C
022900002002026,0C
022900002002027,0C
022900002002028,0C
022900002002029,0C
022900002002030,0C
022900002002031,0C
022900002002032,0C
022900002002033,0C
022900002002034,0C
022900002002035,0C
022900002002037,0C
022900002002038,0C
022900002002040,0C
022900002002041,0C
022900002002042,0C
022900002002045,0C
022900002002046,0C
022900002002047,0C
022900002002048,0C
022900002002049,0C
022900002002050,0C
022900002002051,0C
022900002002052,0C
022900002002053,0C
022900002002054,0C
022900002002055,0C
022900002002056,0C
022900002002057,0C
022900002002058,0C
022900002002059,0C
022900002002060,0C
022900002002062,0C
022900002002063,0C
022900002002069,0C
022900002002070,0C
022900002002071,0C
022900002002072,0C
022900002002073,0C
022900002002074,0C
022900002002075,0C
022900002002076,0C
022900002002077,0C
022900002002242,0C
022900001001055,0C
022900001001056,0C
022900001001064,0C
022900001001065,0C
022900001001066,0C
022900001001067,0C
022900001001068,0C
022900001001069,0C
022900001001070,0C
022900001001071,0C
022900001001072,0C
022900001001073,0C
022900001001074,0C
022900001001078,0C
022900001001080,0C
022900001001082,0C
022900001001083,0C
022900001001084,0C
022900001001085,0C
022900001001096,0C
022900001001100,0C
022900001001075,0T
022900001001076,0T
022900001001077,0T
022900001001086,0T
022900001001087,0T
022900001001088,0T
022900001001089,0T
022900001001090,0T
022900001001091,0T
022900001001092,0T
022900001001093,0T
022900001001094,0T
022900001001099,0T
022900002001000,0T
022900002001001,0T
022900002001002,0T
022900002001003,0T
022900002001004,0T
022900002001005,0T
022900002001006,0T
022900002001007,0T
022900002001008,0T
022900002001009,0T
022900002001010,0T
022900002001011,0T
022900002001012,0T
022900002001013,0T
022900002001014,0T
022900002001015,0T
022900002001016,0T
022900002001017,0T
022900002001018,0T
022900002001019,0T
022900002001020,0T
022900002001021,0T
022900002001022,0T
022900002001023,0T
022900002001024,0T
022900002001025,0T
022900002001026,0T
022900002001027,0T
022900002001028,0T
022900002001029,0T
022900002001030,0T
022900002001031,0T
022900002001032,0T
022900002001033,0T
022900002001034,0T
022900002001035,0T
022900002001036,0T
022900002001037,0T
022900002001038,0T
022900002001039,0T
022900002001040,0T
022900002001041,0T
022900002001042,0T
022900002001043,0T
022900002001044,0T
022900002001045,0T
022900002001046,0T
022900002001047,0T
022900002001048,0T
022900002001049,0T
022900002001050,0T
022900002001051,0T
022900002001052,0T
022900002001053,0T
022900002001054,0T
022900002001055,0T
022900002001056,0T
022900002001057,0T
022900002001058,0T
022900002001059,0T
022900002001060,0T
022900002001061,0T
022900002001062,0T
022900002001063,0T
022900002001064,0T
022900002001065,0T
022900002001066,0T
022900002001067,0T
022900002001068,0T
022900002001069,0T
022900002001070,0T
022900002001071,0T
022900002001072,0T
022900002001073,0T
022900002001074,0T
022900002001075,0T
022900002001076,0T
022900002001077,0T
022900002001078,0T
022900002001079,0T
022900002001080,0T
022900002001081,0T
022900002001082,0T
022900002001083,0T
022900002001084,0T
022900002001085,0T
022900002001086,0T
022900002001087,0T
022900002001088,0T
022900002001089,0T
022900002001090,0T
022900002001091,0T
022900002001092,0T
022900002001093,0T
022900002001094,0T
022900002001095,0T
022900002001096,0T
022900002001097,0T
022900002001098,0T
022900002001099,0T
022900002001100,0T
022900002001101,0T
022900002001102,0T
022900002001103,0T
022900002001104,0T
022900002001105,0T
022900002001106,0T
022900002001107,0T
022900002001108,0T
022900002001109,0T
022900002001110,0T
022900002001111,0T
022900002001112,0T
022900002001113,0T
022900002001114,0T
022900002001115,0T
022900002001116,0T
022900002001117,0T
022900002001118,0T
022900002001119,0T
022900002001120,0T
022900002001121,0T
022900002001122,0T
022900002001123,0T
022900002001124,0T
022900002001125,0T
022900002001128,0T
022900002001133,0T
022900002001134,0T
022900002001135,0T
022900002001136,0T
022900002001150,0T
022900002001158,0T
022900002001196,0T
022900002001197,0T
022900002001198,0T
022900002001199,0T
022900002001244,0T
022900002001245,0T
022900002001246,0T
022900002001255,0T
022900002001256,0T
022900002001257,0T
022900002001267,0T
022900002001329,0T
022900002001330,0T
022900001001079,0C
022900001001081,0C
022900001001101,0C
022900001001102,0C
022900001001103,0C
022900001001104,0C
022900001001105,0C
022900001001106,0C
022900001001107,0C
022900001001108,0C
022900001001109,0C
022900001001110,0C
022900001001111,0C
022900001001112,0C
022900001001115,0C
022900001001116,0C
022900001001135,0C
022900001001136,0C
022900001001137,0C
022900001001138,0C
022900001001139,0C
022900002001162,0C
022900002001179,0C
022900002001180,0C
022900002001181,0C
022900002001182,0C
022900002001183,0C
022900002001184,0C
022900002001185,0C
022900002001186,0C
022900002001187,0C
022900002001188,0C
022900002001189,0C
022900001002076,0C
022900001002077,0C
022900001002078,0C
022900001002093,0C
022900001002094,0C
022900001002095,0C
022900001002096,0C
022900001002109,0C
022900002001126,0C
022900002001127,0C
022900002001129,0C
022900002001130,0C
022900002001131,0C
022900002001132,0C
022900002001137,0C
022900002001138,0C
022900002001139,0C
022900002001140,0C
022900002001141,0C
022900002001142,0C
022900002001143,0C
022900002001144,0C
022900002001145,0C
022900002001146,0C
022900002001147,0C
022900002001148,0C
022900002001149,0C
022900002001151,0C
022900002001152,0C
022900002001153,0C
022900002001178,0C
022900002001200,0C
022900002001201,0C
022900002001202,0C
022900002001203,0C
022900002001204,0C
022900002001205,0C
022900002001206,0C
022900002001225,0C
022900002001226,0C
022900002001227,0C
022900002001228,0C
022900002001229,0C
022900002001230,0C
022900002001231,0C
022900002001247,0C
022900002001251,0C
022900002001252,0C
022900002001253,0C
022900002001254,0C
022900002001259,0C
022900002001288,0C
022900002001290,0C
022900002001291,0C
022900002001292,0C
022900002001293,0C
022900002001294,0C
022900002001295,0C
022900002001296,0C
022900002001297,0C
022900002001298,0C
022900002001299,0C
022900002001300,0C
022900002001301,0C
022900002001302,0C
022900002001303,0C
022900002001304,0C
022900002001305,0C
022900002001306,0C
022900002001307,0C
022900002001308,0C
022900002001309,0C
022900002001310,0C
022900002001311,0C
022900002001312,0C
022900002001313,0C
022900002001314,0C
022900002001315,0C
022900002001316,0C
022900002001317,0C
022900002001318,0C
022900002002228,0C
022900003001142,0C
022900002001154,0C
022900002001155,0C
022900002001156,0C
022900002001157,0C
022900002001159,0C
022900002001160,0C
022900002001161,0C
022900002001163,0C
022900002001164,0C
022900002001165,0C
022900002001166,0C
022900002001167,0C
022900002001168,0C
022900002001169,0C
022900002001170,0C
022900002001171,0C
022900002001172,0C
022900002001173,0C
022900002001174,0C
022900002001175,0C
022900002001176,0C
022900002001177,0C
022900002001190,0C
022900002001191,0C
022900002001192,0C
022900002001193,0C
022900002001194,0C
022900002001195,0C
022900002001207,0C
022900002001208,0C
022900002001209,0C
022900002001210,0C
022900002001211,0C
022900002001212,0C
022900002001213,0C
022900002001214,0C
022900002001215,0C
022900002001216,0C
022900002001217,0C
022900002001218,0C
022900002001219,0C
022900002001220,0C
022900002001221,0C
022900002001222,0C
022900002001223,0C
022900002001224,0C
022900002001232,0C
022900002001233,0C
022900002001234,0C
022900002001235,0C
022900002001236,0C
022900002001238,0C
022900002001239,0C
022900002001240,0C
022900002001241,0C
022900002001242,0C
022900002001243,0C
022900002001248,0C
022900002001249,0C
022900002001250,0C
022900002001258,0C
022900002001260,0C
022900002001289,0C
022900002002003,0C
022900002002004,0C
022900002002005,0C
022900002002006,0C
022900002002007,0C
022900002002008,0C
022900002002009,0C
022900002002010,0C
022900002002011,0C
022900002002013,0C
022900002002036,0C
022900002002039,0C
022900002002043,0C
022900002002044,0C
022900002002061,0C
022900002002085,0C
022900002002086,0C
022900002001237,0C
022900002001262,0C
022900002001263,0C
022900002001264,0C
022900002001265,0C
022900002001266,0C
022900002001269,0C
022900002001270,0C
022900002001272,0C
022900002001273,0C
022900002001274,0C
022900002001275,0C
022900002001276,0C
022900002001277,0C
022900002001278,0C
022900002001285,0C
022900002002064,0C
022900002002065,0C
022900002002066,0C
022900002002067,0C
022900002002078,0C
022900002002080,0C
022900002002081,0C
022900002002082,0C
022900002002083,0C
022900002002084,0C
022900002002087,0C
022900002002088,0C
022900002002089,0C
022900002002092,0C
022900002002099,0C
022900002002100,0C
022900002002101,0C
022900002002103,0C
022900002002106,0C
022900002002214,0C
022900002002215,0C
022900002002219,0C
022900002002220,0C
022900002002221,0C
022900002002222,0C
022900002002223,0C
022900002002224,0C
022900002002225,0C
022900002002226,0C
022900002002227,0C
022900002002229,0C
022900002002230,0C
022900002002231,0C
022900002002232,0C
022900002002233,0C
022900002002234,0C
022900002002235,0C
022900002002236,0C
022900002002237,0C
022900002002238,0C
022900002002239,0C
022900002002240,0C
022900002002241,0C
022900002002243,0C
022900002002244,0C
022900002002245,0C
022900002001279,0C
022900002001280,0C
022900002001281,0C
022900002001282,0C
022900002001283,0C
022900002001284,0C
022900002001286,0C
022900002001287,0C
022900002001319,0C
022900002001320,0C
022900002001321,0C
022900002001322,0C
022900002001323,0C
022900002001324,0C
022900002001325,0C
022900002001326,0C
022900002001327,0C
022900002001328,0C
022900002002068,0C
022900002002079,0C
022900002002090,0C
022900002002091,0C
022900002002093,0C
022900002002094,0C
022900002002095,0C
022900002002096,0C
022900002002097,0C
022900002002098,0C
022900002002102,0C
022900002002104,0C
022900002002105,0C
022900002002107,0C
022900002002108,0C
022900002002109,0C
022900002002110,0C
022900002002111,0C
022900002002112,0C
022900002002113,0C
022900002002114,0C
022900002002115,0C
022900002002116,0C
022900002002117,0C
022900002002118,0C
022900002002119,0C
022900002002120,0C
022900002002121,0C
022900002002122,0C
022900002002123,0C
022900002002124,0C
022900002002125,0C
022900002002126,0C
022900002002127,0C
022900002002128,0C
022900002002129,0C
022900002002130,0C
022900002002131,0C
022900002002132,0C
022900002002133,0C
022900002002134,0C
022900002002135,0C
022900002002136,0C
022900002002137,0C
022900002002138,0C
022900002002139,0C
022900002002140,0C
022900002002141,0C
022900002002142,0C
022900002002143,0C
022900002002144,0C
022900002002145,0C
022900002002146,0C
022900002002147,0C
022900002002148,0C
022900002002149,0C
022900002002150,0C
022900002002151,0C
022900002002152,0C
022900002002153,0C
022900002002154,0C
022900002002157,0C
022900002002158,0C
022900002002159,0C
022900002002160,0C
022900002002161,0C
022900002002162,0C
022900002002163,0C
022900002002164,0C
022900002002165,0C
022900002002166,0C
022900002002167,0C
022900002002168,0C
022900002002169,0C
022900002002170,0C
022900002002171,0C
022900002002172,0C
022900002002173,0C
022900002002174,0C
022900002002175,0C
022900002002176,0C
022900002002177,0C
022900002002178,0C
022900002002179,0C
022900002002180,0C
022900002002181,0C
022900002002182,0C
022900002002183,0C
022900002002184,0C
022900002002185,0C
022900002002186,0C
022900002002187,0C
022900002002188,0C
022900002002189,0C
022900002002190,0C
022900002002191,0C
022900002002192,0C
022900002002193,0C
022900002002194,0C
022900002002195,0C
022900002002196,0C
022900002002197,0C
022900002002198,0C
022900002002199,0C
022900002002200,0C
022900002002201,0C
022900002002202,0C
022900002002203,0C
022900002002204,0C
022900002002205,0C
022900002002206,0C
022900002002207,0C
022900002002208,0C
022900002002209,0C
022900002002210,0C
022900002002211,0C
022900002002212,0C
022900002002213,0C
022900002002216,0C
022900002002217,0C
022900002002218,0C
022900002002246,0C
022900002002247,0C
022900002002155,0C
022900002002156,0C
022900003001000,0T
022900003001001,0T
022900003001002,0T
022900003001003,0T
022900003001004,0T
022900003001005,0T
022900003001006,0T
022900003001007,0T
022900003001008,0T
022900003001009,0T
022900003001010,0T
022900003001011,0T
022900003001012,0T
022900003001013,0T
022900003001014,0T
022900003001015,0T
022900003001016,0T
022900003001017,0T
022900003001018,0T
022900003001019,0T
022900003001020,0T
022900003001021,0T
022900003001022,0T
022900003001023,0T
022900003001024,0T
022900003001025,0T
022900003001026,0T
022900003001027,0T
022900003001028,0T
022900003001029,0T
022900003001030,0T
022900003001031,0T
022900003001032,0T
022900003001033,0T
022900003001034,0T
022900003001035,0T
022900003001036,0T
022900003001037,0T
022900003001038,0T
022900003001039,0T
022900003001040,0T
022900003001041,0T
022900003001042,0T
022900003001043,0T
022900003001044,0T
022900003001045,0T
022900003001046,0T
022900003001047,0T
022900003001048,0T
022900003001049,0T
022900003001050,0T
022900003001051,0T
022900003001052,0T
022900003001053,0T
022900003001054,0T
022900003001055,0T
022900003001056,0T
022900003001057,0T
022900003001058,0T
022900003001059,0T
022900003001060,0T
022900003001061,0T
022900003001062,0T
022900003001063,0T
022900003001064,0T
022900003001065,0T
022900003001066,0T
022900003001067,0T
022900003001068,0T
022900003001069,0T
022900003001070,0T
022900003001071,0T
022900003001084,0T
022900003001088,0T
022900003001090,0T
022900003001091,0T
022900003001092,0T
022900003001093,0T
022900003001094,0T
022900003001095,0T
022900003001096,0T
022900003001097,0T
022900003001098,0T
022900003001124,0T
022900003001125,0T
022900003001146,0T
022900003001072,0T
022900003001073,0T
022900003001074,0T
022900003001075,0T
022900003001076,0T
022900003001077,0T
022900003001078,0T
022900003001079,0T
022900003001080,0T
022900003001081,0T
022900003001082,0T
022900003001083,0T
022900003001085,0T
022900003001086,0T
022900003001087,0T
022900003001089,0T
022900003001101,0T
022900003001102,0T
022900003001149,0T
022900003001150,0T
022900003001151,0T
022900003001152,0T
022900003001153,0T
022900003001154,0T
022900003001155,0T
022900003001156,0T
022900003001157,0T
022900003001158,0T
022900003001159,0T
022900003001160,0T
022900003001161,0T
022900003001162,0T
022900003001163,0T
022900003001164,0T
022900003001165,0T
022900003003000,0T
022900003003001,0T
022900003003002,0T
022900003001099,0T
022900003001100,0T
022900003001105,0T
022900003001106,0T
022900003001107,0T
022900003001109,0T
022900003001111,0T
022900003001112,0T
022900003001126,0T
022900003001127,0T
022900003001128,0T
022900003001129,0T
022900003001131,0T
022900003001132,0T
022900003001133,0T
022900003001134,0T
022900003001135,0T
022900003001137,0T
022900003001145,0T
022900003001148,0T
022900003002000,0T
022900003002001,0T
022900003002002,0T
022900003002003,0T
022900003002004,0T
022900003002005,0T
022900003002006,0T
022900003002007,0T
022900003002008,0T
022900003002009,0T
022900003002010,0T
022900003002011,0T
022900003002012,0T
022900003002013,0T
022900003002014,0T
022900003002015,0T
022900003002016,0T
022900003002017,0T
022900003002018,0T
022900003002019,0T
022900003002020,0T
022900003002021,0T
022900003002022,0T
022900003002023,0T
022900003002024,0T
022900003002025,0T
022900003002026,0T
022900003002027,0T
022900003002028,0T
022900003002029,0T
022900003002030,0T
022900003002031,0T
022900003002032,0T
022900003002033,0T
022900003002034,0T
022900003002035,0T
022900003002036,0T
022900003002037,0T
022900003002038,0T
022900003002039,0T
022900003003038,0T
022900004001034,0T
022900004001036,0T
022900003001103,0T
022900003001104,0T
022900003001108,0T
022900003001110,0T
022900003001113,0T
022900003001114,0T
022900003001115,0T
022900003001116,0T
022900003001130,0T
022900003001136,0T
022900003001138,0T
022900003001139,0T
022900003001140,0T
022900003001141,0T
022900003001143,0T
022900003001144,0T
022900003001166,0T
022900003001167,0T
022900003001168,0T
022900003001169,0T
022900003001170,0T
022900003001171,0T
022900003001172,0T
022900003001173,0T
022900003001174,0T
022900003001175,0T
022900003001176,0T
022900003001177,0T
022900003001178,0T
022900003001179,0T
022900003001180,0T
022900003001181,0T
022900003001182,0T
022900003001183,0T
022900003001184,0T
022900003001185,0T
022900003001186,0T
022900003001187,0T
022900003001188,0T
022900003001189,0T
022900003001117,0T
022900003001118,0T
022900003001119,0T
022900003001120,0T
022900003001121,0T
022900003001122,0T
022900003001123,0T
022900003001147,0S
022900003003060,0S
022900004001028,0S
022900004001029,0S
022900004001030,0S
022900004001031,0S
022900004001032,0S
022900004001033,0S
022900004001035,0S
022900004001037,0S
022900004001038,0S
022900004001039,0S
022900004001040,0S
022900004001041,0S
022900004001042,0S
022900004001043,0S
022900004001044,0S
022900004001045,0S
022900004001046,0S
022900004001047,0S
022900004001048,0S
022900004001050,0S
022900004001051,0S
022900004001052,0S
022900004001053,0S
022900004001055,0S
022900004001056,0S
022900004001099,0S
022900004001100,0S
022900004001101,0S
022900004001102,0S
022900004001103,0S
022900004001104,0S
022900004001105,0S
022900004001106,0S
022900004001107,0S
022900004001108,0S
022900004001109,0S
022900004001110,0S
022900004001114,0S
022900004001115,0S
022900004001116,0S
022900004001117,0S
022900004001119,0S
022900004001153,0S
022900004001154,0S
022900004001155,0S
022900004001156,0S
022900004001157,0S
022900004001165,0S
022900004001166,0S
022900004001167,0S
022900004001168,0S
022900004001238,0S
022900004001240,0S
022900004001243,0S
022900004001245,0S
022900004001246,0S
022900004001247,0S
022900004001248,0S
022900004001250,0S
022900003003003,0T
022900003003004,0T
022900003003005,0T
022900003003006,0T
022900003003008,0T
022900003003010,0T
022900003003066,0T
022900003003067,0T
022900003003068,0T
022900003003069,0T
022900003003070,0T
022900003003071,0T
022900003003072,0T
022900003003007,0T
022900003003009,0T
022900003003011,0T
022900003003016,0T
022900003003017,0T
022900003003018,0T
022900003003019,0T
022900003003020,0T
022900003003021,0T
022900003003022,0T
022900003003023,0T
022900003003024,0T
022900003003025,0T
022900003003026,0T
022900003003027,0T
022900003003028,0T
022900003003029,0T
022900003003030,0T
022900003003031,0T
022900003003032,0T
022900003003033,0T
022900003003035,0T
022900003003036,0T
022900003003037,0T
022900003003039,0T
022900003003040,0T
022900003003061,0T
022900003003062,0T
022900003003063,0T
022900003003012,0T
022900003003013,0T
022900003003014,0T
022900003003015,0T
022900003003034,0T
022900003003041,0T
022900003003042,0T
022900003003043,0T
022900003003044,0T
022900003003045,0T
022900003003046,0T
022900003003047,0T
022900003003048,0T
022900003003049,0T
022900003003050,0T
022900003003051,0T
022900003003052,0T
022900003003053,0T
022900003003054,0T
022900003003055,0T
022900003003056,0T
022900003003057,0T
022900003003064,0T
022900003003065,0T
022900004001078,0T
022900004001079,0T
022900003003058,0S
022900003003059,0S
022900004001049,0S
022900004001054,0S
022900004001057,0S
022900004001058,0S
022900004001059,0S
022900004001060,0S
022900004001061,0S
022900004001062,0S
022900004001063,0S
022900004001064,0S
022900004001066,0S
022900004001067,0S
022900004001068,0S
022900004001070,0S
022900004001074,0S
022900004001077,0S
022900004001080,0S
022900004001082,0S
022900004001083,0S
022900004001084,0S
022900004001085,0S
022900004001088,0S
022900004001089,0S
022900004001090,0S
022900004001091,0S
022900004001092,0S
022900004001093,0S
022900004001094,0S
022900004001096,0S
022900004001097,0S
022900004001098,0S
022900004001280,0S
022900004001306,0S
022900004001307,0S
022900004001308,0S
022900004001309,0S
022900004001318,0S
022900004001320,0S
022900004001000,0S
022900004001001,0S
022900004001002,0S
022900004001003,0S
022900004001004,0S
022900004001005,0S
022900004001006,0S
022900004001007,0S
022900004001008,0S
022900004001009,0S
022900004001010,0S
022900004001011,0S
022900004001012,0S
022900004001013,0S
022900004001014,0S
022900004001015,0S
022900004001016,0S
022900004001017,0S
022900004001018,0S
022900004001019,0S
022900004001020,0S
022900004001021,0S
022900004001022,0S
022900004001023,0S
022900004001024,0S
022900004001025,0S
022900004001026,0S
022900004001027,0S
022900004001111,0S
022900004001112,0S
022900004001113,0S
022900004001118,0S
022900004001120,0S
022900004001121,0S
022900004001122,0S
022900004001123,0S
022900004001124,0S
022900004001125,0S
022900004001126,0S
022900004001127,0S
022900004001128,0S
022900004001129,0S
022900004001130,0S
022900004001131,0S
022900004001132,0S
022900004001133,0S
022900004001134,0S
022900004001136,0S
022900004001137,0S
022900004001138,0S
022900004001139,0S
022900004001140,0S
022900004001141,0S
022900004001142,0S
022900004001144,0S
022900004001145,0S
022900004001146,0S
022900004001147,0S
022900004001148,0S
022900004001149,0S
022900004001150,0S
022900004001151,0S
022900004001152,0S
022900004001158,0S
022900004001159,0S
022900004001160,0S
022900004001161,0S
022900004001162,0S
022900004001163,0S
022900004001164,0S
022900004001239,0S
022900004001244,0S
022900004001277,0S
022900004001279,0S
022900004001282,0S
022900004001283,0S
022900004001284,0S
022900004001285,0S
022900004001286,0S
022900004001287,0S
022900004001288,0S
022900004001289,0S
022900004001290,0S
022900004001291,0S
022900004001292,0S
022900004001293,0S
022900004001294,0S
022900004001295,0S
022900004001296,0S
022900004001297,0S
022900004001298,0S
022900004001299,0S
022900004001311,0S
022900004001312,0S
022900004001317,0S
022900004001065,0S
022900004001169,0S
022900004001170,0S
022900004001171,0S
022900004001172,0S
022900004001173,0S
022900004001174,0S
022900004001175,0S
022900004001176,0S
022900004001177,0S
022900004001178,0S
022900004001179,0S
022900004001180,0S
022900004001181,0S
022900004001182,0S
022900004001183,0S
022900004001184,0S
022900004001185,0S
022900004001186,0S
022900004001188,0S
022900004001227,0S
022900004001228,0S
022900004001230,0S
022900004001231,0S
022900004001232,0S
022900004001233,0S
022900004001234,0S
022900004001235,0S
022900004001236,0S
022900004001237,0S
022900004001241,0S
022900004001242,0S
022900004001249,0S
022900004001251,0S
022900004001253,0S
022900004001268,0S
022900004001269,0S
022900004001270,0S
022900004001271,0S
022900004001272,0S
022900004001273,0S
022900004001274,0S
022900004001281,0S
022900004001300,0S
022900004001301,0S
022900004001302,0S
022900004001319,0S
022900004001069,0S
022900004001071,0S
022900004001072,0S
022900004001073,0S
022900004001075,0S
022900004001076,0S
022900004001087,0S
022900004001095,0S
022900004001258,0S
022900004001259,0S
022900004001260,0S
022900004001261,0S
022900004001262,0S
022900004001263,0S
022900004001275,0S
022900004001276,0S
022900004001305,0S
022900004001310,0S
022900004001081,0T
022900004001086,0T
022900004001194,0T
022900004001195,0T
022900004001196,0T
022900004001264,0T
022900004001265,0T
022900004001135,0S
022900004001143,0S
022900004001303,0S
022900004001304,0S
022900004001187,0S
022900004001189,0S
022900004001190,0S
022900004001191,0S
022900004001192,0S
022900004001193,0S
022900004001197,0S
022900004001198,0S
022900004001199,0S
022900004001200,0S
022900004001201,0S
022900004001202,0S
022900004001203,0S
022900004001204,0S
022900004001205,0S
022900004001206,0S
022900004001207,0S
022900004001208,0S
022900004001209,0S
022900004001210,0S
022900004001211,0S
022900004001212,0S
022900004001213,0S
022900004001214,0S
022900004001215,0S
022900004001216,0S
022900004001217,0S
022900004001218,0S
022900004001219,0S
022900004001220,0S
022900004001221,0S
022900004001222,0S
022900004001223,0S
022900004001224,0S
022900004001225,0S
022900004001226,0S
022900004001229,0S
022900004001252,0S
022900004001254,0S
022900004001255,0S
022900004001256,0S
022900004001257,0S
022900004001266,0S
022900004001267,0S
022900004001278,0S
022900004001313,0S
022900004001314,0S
022900004001315,0S
022900004001316,0S
022900004001321,0S