GEOID20,District
230039507002104,1
230039507002105,1
230039507002112,1
230039507002113,1
230039507002114,1
230039507002115,1
230039507002116,1
230039507002117,1
230039507002118,1
230039507002122,1
230039507002123,1
230039507002154,1
230039507002155,1
230039507002156,1
230039507002157,1
230039507002158,1
230039507002159,1
230039507002160,1
230039507002161,1
230039507002162,1
230039507002163,1
230039507002164,1
230039507002165,1
230039507002166,1
230039507002167,1
230039507002168,1
230039507002169,1
230039507002193,1
230039507002196,1
230039507002197,1
230039507002198,1
230039507002199,1
230039507002200,1
230039507002201,1
230039507002202,1
230039507002203,1
230039507002204,1
230039507002205,1
230039507002206,1
230039507002207,1
230039507002253,1
230039507002254,1
230039507002986,1
230039507002987,1
230039507002991,1
230039507002992,1
230039507002993,1
230039529002000,2
230039529002001,2
230039529002002,2
230039529002003,2
230039529002004,2
230039529002005,2
230039529002006,2
230039529002007,2
230039529002008,2
230039529002009,2
230039529002010,2
230039529002011,2
230039529002013,2
230039529002014,2
230039529002015,2
230039529002016,2
230039529002020,2
230039529002021,2
230039509001056,1
230039509001057,1
230039509001058,1
230039509001059,1
230039509001060,1
230039509001061,1
230039509001062,1
230039509001063,1
230039509001064,1
230039509001065,1
230039509001066,1
230039509001067,1
230039509001068,1
230039509001069,1
230039509001070,1
230039509001071,1
230039509001072,1
230039509001073,1
230039509001074,1
230039509001078,1
230039509001079,1
230039509001080,1
230039509001081,1
230039509001082,1
230039509001083,1
230039509001084,1
230039509001085,1
230039509001086,1
230039509001087,1
230039509001088,1
230039509001089,1
230039509001090,1
230039509001091,1
230039509001092,1
230039509001093,1
230039509001094,1
230039509001095,1
230039509001096,1
230039509001099,1
230039509001100,1
230039509001101,1
230039509001102,1
230039509001103,1
230039509001104,1
230039509001121,1
230039509001122,1
230039509001126,1
230039509001134,1
230039509002000,1
230039509002001,1
230039509002002,1
230039509002003,1
230039509002004,1
230039509002005,1
230039509002006,1
230039509002007,1
230039509002008,1
230039509002009,1
230039509002010,1
230039509002011,1
230039509002012,1
230039509002013,1
230039509002014,1
230039509002015,1
230039509002016,1
230039509002017,1
230039509002018,1
230039509002019,1
230039509002020,1
230039509002021,1
230039509002022,1
230039509002023,1
230039509002024,1
230039509002025,1
230039509002028,1
230039509002029,1
230039509002034,1
230039509002035,1
230039509002036,1
230039509002037,1
230039509002038,1
230039509002039,1
230039509002040,1
230039509002041,1
230039509002047,1
230039509002048,1
230039509002049,1
230039509002051,1
230039509002052,1
230039509002057,1
230039509002058,1
230039509002078,1
230039509002079,1
230039509002080,1
230039509002081,1
230039509002082,1
230039509002083,1
230039509002084,1
230039529003223,2
230039529003224,2
230039529003225,2
230039529003226,2
230039529003227,2
230039529003230,2
230039529003231,2
230039529003232,2
230039529003233,2
230039529003234,2
230039529003235,2
230039529003236,2
230039529003237,2
230039529003243,2
230039529003244,2
230039529003245,2
230039529003246,2
230039529003374,2
230039529003375,2
230039529003376,2
230039529003377,2
230039529003378,2
230039529003379,2
230039529003380,2
230039529003381,2
230039529003382,2
230039529003383,2
230039529003391,2
230039521002000,2
230039521002001,2
230039521002002,2
230039521002003,2
230039521002004,2
230039521002005,2
230039521002006,2
230039521002007,2
230039521002008,2
230039521002009,2
230039521002010,2
230039521002011,2
230039521002012,2
230039521002013,2
230039521002014,2
230039521002015,2
230039521002016,2
230039521002017,2
230039521002018,2
230039521002019,2
230039521002020,2
230039521002021,2
230039521002022,2
230039521002023,2
230039521002024,2
230039521002025,2
230039521002026,2
230039521002027,2
230039521002028,2
230039521002029,2
230039521002030,2
230039521002031,2
230039521002032,2
230039521002033,2
230039521002034,2
230039521002035,2
230039521002036,2
230039521002037,2
230039523001000,2
230039523001001,2
230039523001002,2
230039523001003,2
230039523001004,2
230039523001005,2
230039523001006,2
230039523001007,2
230039523001008,2
230039523001009,2
230039523001010,2
230039523001011,2
230039523001012,2
230039523001013,2
230039523001014,2
230039523001015,2
230039523001016,2
230039523001017,2
230039523001018,2
230039523001019,2
230039523001020,2
230039523001021,2
230039523001022,2
230039523001023,2
230039523001024,2
230039523001025,2
230039523001026,2
230039523001027,2
230039523001028,2
230039523001029,2
230039523001030,2
230039523001031,2
230039523001032,2
230039523001033,2
230039523001034,2
230039523001035,2
230039523001036,2
230039523001037,2
230039512001000,1
230039512001001,1
230039512001002,1
230039512001003,1
230039512001004,1
230039512001005,1
230039512001006,1
230039512001007,1
230039512001008,1
230039512001009,1
230039512001010,1
230039512001011,1
230039512001012,1
230039512001013,1
230039512001014,1
230039512001015,1
230039512001016,1
230039512002000,1
230039512002001,1
230039512002002,1
230039512002003,1
230039512002004,1
230039512002005,1
230039512002006,1
230039512002007,1
230039512002008,1
230039512002009,1
230039512002010,1
230039512002011,1
230039512002012,1
230039512002013,1
230039512002014,1
230039512002015,1
230039512002016,1
230039512002017,1
230039512002018,1
230039512002019,1
230039512003000,1
230039512003001,1
230039512003002,1
230039512003003,1
230039512003004,1
230039512003005,1
230039512003006,1
230039512003007,1
230039512003008,1
230039512003009,1
230039512003010,1
230039512003011,1
230039512003012,1
230039512003013,1
230039512003014,1
230039512003015,1
230039512003016,1
230039512003017,1
230039512003018,1
230039512003019,1
230039512003020,1
230039512003021,1
230039512003022,1
230039513001000,1
230039513001001,1
230039513001002,1
230039513001003,1
230039513001004,1
230039513001005,1
230039513001006,1
230039513001007,1
230039513001008,1
230039513001009,1
230039513001010,1
230039513001011,1
230039513001012,1
230039513001013,1
230039513001014,1
230039513001015,1
230039513001016,1
230039513001017,1
230039513001018,1
230039513001019,1
230039513001020,1
230039513001021,1
230039513001022,1
230039513001023,1
230039513001024,1
230039513001025,1
230039513001026,1
230039513001027,1
230039513001028,1
230039513001029,1
230039513001030,1
230039513001031,1
230039513001032,1
230039513001033,1
230039513001034,1
230039513001035,1
230039513001036,1
230039513001037,1
230039513002000,1
230039513002001,1
230039513002002,1
230039513002003,1
230039513002004,1
230039513002005,1
230039513002006,1
230039513002007,1
230039513002008,1
230039513002009,1
230039513002010,1
230039513002011,1
230039513002012,1
230039513002013,1
230039513002014,1
230039513002015,1
230039513002016,1
230039513002017,1
230039513002018,1
230039513002019,1
230039513003000,1
230039513003001,1
230039513003002,1
230039513003003,1
230039513003004,1
230039513003005,1
230039513003006,1
230039513003007,1
230039513003008,1
230039513003009,1
230039513003010,1
230039513003011,1
230039513003012,1
230039513003013,1
230039513003014,1
230039513003015,1
230039513003016,1
230039513003017,1
230039513003018,1
230039513003019,1
230039513004000,1
230039513004001,1
230039513004002,1
230039513004003,1
230039513004004,1
230039513004005,1
230039513004006,1
230039513004007,1
230039513004008,1
230039513004009,1
230039513004010,1
230039513004011,1
230039513004012,1
230039513004013,1
230039513004014,1
230039513004015,1
230039513004016,1
230039513004017,1
230039513004018,1
230039513004019,1
230039513004020,1
230039513004021,1
230039513004022,1
230039513004023,1
230039513004024,1
230039513004025,1
230039513004026,1
230039513004027,1
230039513004028,1
230039513004029,1
230039513004030,1
230039514001000,1
230039514001001,1
230039514001002,1
230039514001003,1
230039514001004,1
230039514001005,1
230039514001006,1
230039514001007,1
230039514001008,1
230039514001009,1
230039514001010,1
230039514001011,1
230039514001012,1
230039514001013,1
230039514001014,1
230039514001015,1
230039514001016,1
230039514001017,1
230039514001018,1
230039514001019,1
230039514001020,1
230039514001021,1
230039514001022,1
230039514001023,1
230039514001024,1
230039514001025,1
230039514001026,1
230039514001027,1
230039514001028,1
230039514001029,1
230039514001030,1
230039514001031,1
230039514001032,1
230039514001033,1
230039514001034,1
230039514001035,1
230039514001036,1
230039514001037,1
230039514001038,1
230039514001039,1
230039514001040,1
230039514001041,1
230039514001042,1
230039514001043,1
230039514001044,1
230039514001045,1
230039514001046,1
230039514001047,1
230039514001048,1
230039514001049,1
230039514001050,1
230039514001051,1
230039514001052,1
230039514002000,1
230039514002001,1
230039514002002,1
230039514002003,1
230039514002004,1
230039514002005,1
230039514002006,1
230039514002007,1
230039514002008,1
230039514002009,1
230039514002010,1
230039514002011,1
230039514002012,1
230039514002013,1
230039514002014,1
230039514002015,1
230039514002016,1
230039514002017,1
230039514002018,1
230039514002019,1
230039514002020,1
230039514002021,1
230039514002022,1
230039511002005,1
230039511002009,1
230039511002010,1
230039511002011,1
230039511002012,1
230039511002013,1
230039511002014,1
230039511002015,1
230039511002016,1
230039511002017,1
230039511002018,1
230039511002019,1
230039511002020,1
230039511002021,1
230039511002022,1
230039511002023,1
230039511002024,1
230039511002025,1
230039511002026,1
230039511002027,1
230039511002028,1
230039511002029,1
230039511002030,1
230039511002042,1
230039511002044,1
230039511002045,1
230039511002046,1
230039501003091,1
230039501003092,1
230039501003093,1
230039501003094,1
230039501003095,1
230039501003100,1
230039501003101,1
230039501003102,1
230039501003106,1
230039501003107,1
230039501003108,1
230039501003109,1
230039501003110,1
230039501003111,1
230039501003112,1
230039501003113,1
230039501003114,1
230039501003115,1
230039501003116,1
230039501003117,1
230039501003118,1
230039501003119,1
230039501003120,1
230039501003121,1
230039501003134,1
230039501003135,1
230039501003136,1
230039501003137,1
230039501003138,1
230039501003139,1
230039501003140,1
230039511003011,2
230039511003013,2
230039511003014,2
230039511003015,2
230039511003021,2
230039511003022,2
230039511003023,2
230039511003024,2
230039511003025,2
230039511003026,2
230039511003027,2
230039511003028,2
230039511003029,2
230039511003032,2
230039511003033,2
230039511003034,2
230039511003035,2
230039511003036,2
230039511003038,2
230039511003039,2
230039511003040,2
230039511003041,2
230039511003042,2
230039511003043,2
230039511003044,2
230039511003045,2
230039511003046,2
230039511003047,2
230039511003048,2
230039501003077,1
230039501003078,1
230039501003079,1
230039501003080,1
230039501003081,1
230039501003082,1
230039501003083,1
230039501003084,1
230039501003085,1
230039501003086,1
230039501003087,1
230039501003088,1
230039501003089,1
230039501003090,1
230039501003122,1
230039501003123,1
230039501003124,1
230039501003125,1
230039501003126,1
230039501003127,1
230039501003128,1
230039501003129,1
230039501003130,1
230039501003131,1
230039501003132,1
230039501003133,1
230039501003141,1
230039527002013,2
230039527002014,2
230039527002015,2
230039527002016,2
230039527002017,2
230039527002018,2
230039527002019,2
230039527002020,2
230039527002021,2
230039527002022,2
230039527002023,2
230039527002024,2
230039527002025,2
230039527002026,2
230039527002027,2
230039527002028,2
230039527002029,2
230039527002030,2
230039527002031,2
230039527002032,2
230039527002033,2
230039527002082,2
230039527002083,2
230039527002084,2
230039527002085,2
230039527002086,2
230039527002087,2
230039527002088,2
230039527002089,2
230039527002090,2
230039527002091,2
230039527002092,2
230039527002093,2
230039527002101,2
230039527002102,2
230039527002103,2
230039527002104,2
230039527002105,2
230039527002106,2
230039527002107,2
230039527002108,2
230039527002109,2
230039527002110,2
230039527002111,2
230039527002112,2
230039527002113,2
230039527002114,2
230039527002119,2
230039527002120,2
230039527002121,2
230039527002123,2
230039501003019,1
230039501003022,1
230039501003023,1
230039501003024,1
230039501003025,1
230039501003026,1
230039501003027,1
230039501003028,1
230039501003029,1
230039501003030,1
230039501003031,1
230039501003032,1
230039501003033,1
230039501003034,1
230039501003035,1
230039501003036,1
230039501003037,1
230039501003038,1
230039501003039,1
230039501003040,1
230039501003055,1
230039501003056,1
230039501003057,1
230039501003071,1
230039501003072,1
230039501003073,1
230039501003074,1
230039501003075,1
230039501003076,1
230039527001050,2
230039527001051,2
230039527001052,2
230039527001053,2
230039527001054,2
230039527001055,2
230039527001056,2
230039527001057,2
230039527001058,2
230039527001059,2
230039527001060,2
230039527001061,2
230039527001062,2
230039527001064,2
230039527001065,2
230039527001066,2
230039527001067,2
230039527001068,2
230039527001069,2
230039527001070,2
230039527001071,2
230039527001072,2
230039527001073,2
230039527001074,2
230039527001075,2
230039527001076,2
230039527001077,2
230039527001078,2
230039527001079,2
230039527001111,2
230039527001112,2
230039527001113,2
230039527001114,2
230039527001115,2
230039527001116,2
230039527001117,2
230039527001118,2
230039527001119,2
230039507003000,1
230039507003001,1
230039507003002,1
230039507003003,1
230039507003004,1
230039507003005,1
230039507003006,1
230039507003007,1
230039507003008,1
230039507003009,1
230039507003010,1
230039507003011,1
230039507003012,1
230039507003013,1
230039507003014,1
230039507003015,1
230039507003016,1
230039507003017,1
230039507003018,1
230039507003019,1
230039507003020,1
230039507003021,1
230039507003022,1
230039507003023,1
230039507003024,1
230039507003025,1
230039507003026,1
230039507003027,1
230039507003028,1
230039507003029,1
230039507003030,1
230039507003031,1
230039507003032,1
230039507003033,1
230039507003034,1
230039507003035,1
230039507003036,1
230039507003037,1
230039507003038,1
230039507003039,1
230039507003040,1
230039507003041,1
230039507003042,1
230039507003043,1
230039507003044,1
230039507003045,1
230039507003046,1
230039507003047,1
230039507003048,1
230039507003049,1
230039507003050,1
230039507003051,1
230039507003052,1
230039507003083,1
230039507003084,1
230039507003086,1
230039507003090,1
230039517003000,2
230039517003001,2
230039517003002,2
230039517003003,2
230039517003004,2
230039517003005,2
230039517003006,2
230039517003007,2
230039517003008,2
230039517003009,2
230039517003010,2
230039517003011,2
230039517003012,2
230039517003013,2
230039517003014,2
230039517003015,2
230039517003016,2
230039517003017,2
230039517003018,2
230039517003019,2
230039517003020,2
230039517003021,2
230039517003022,2
230039517003023,2
230039517003024,2
230039517003025,2
230039517003026,2
230039517003027,2
230039517003028,2
230039517003029,2
230039517003030,2
230039517003031,2
230039517003032,2
230039517003033,2
230039517003034,2
230039517003035,2
230039517003036,2
230039517003037,2
230039517003038,2
230039517003039,2
230039517003040,2
230039517003041,2
230039517003042,2
230039517003043,2
230039517003044,2
230039517003045,2
230039517003046,2
230039517003047,2
230039517003048,2
230039517003049,2
230039517003050,2
230039517003051,2
230039517003052,2
230039517003053,2
230039517003054,2
230039517003055,2
230039517003056,2
230039517003057,2
230039517003058,2
230039517001000,2
230039517001001,2
230039517001002,2
230039517001003,2
230039517001004,2
230039517001005,2
230039517001006,2
230039517001007,2
230039517001008,2
230039517001009,2
230039517001010,2
230039517001011,2
230039517001012,2
230039517001013,2
230039517001014,2
230039517001015,2
230039517001016,2
230039517001017,2
230039517001018,2
230039517001019,2
230039517001020,2
230039517001021,2
230039517001022,2
230039517001023,2
230039517001024,2
230039517001025,2
230039517001026,2
230039517001027,2
230039517001028,2
230039517001029,2
230039517001030,2
230039517001031,2
230039517001032,2
230039517001033,2
230039517001034,2
230039517001035,2
230039517001036,2
230039517001037,2
230039517001038,2
230039517001039,2
230039517001040,2
230039517001041,2
230039517001042,2
230039517001043,2
230039517001044,2
230039517001045,2
230039517001046,2
230039517001047,2
230039517002000,2
230039517002001,2
230039517002002,2
230039517002003,2
230039517002004,2
230039517002005,2
230039517002006,2
230039517002007,2
230039517002008,2
230039517002009,2
230039517002010,2
230039517002011,2
230039517002012,2
230039517002013,2
230039517002014,2
230039517002015,2
230039517002016,2
230039517002017,2
230039517002018,2
230039517002019,2
230039517002020,2
230039517002021,2
230039517002022,2
230039517002023,2
230039517002024,2
230039517002025,2
230039517002026,2
230039517002027,2
230039517002028,2
230039517002029,2
230039517002030,2
230039517002031,2
230039517002032,2
230039517002033,2
230039517002034,2
230039517002035,2
230039517002036,2
230039517002037,2
230039517004000,2
230039517004001,2
230039517004002,2
230039517004003,2
230039517004004,2
230039517004005,2
230039517004006,2
230039517004007,2
230039517004008,2
230039517004009,2
230039517004010,2
230039517004011,2
230039517004012,2
230039517004013,2
230039517004014,2
230039517004015,2
230039517004016,2
230039517004017,2
230039517004018,2
230039517004019,2
230039517004020,2
230039517004021,2
230039517004022,2
230039517004023,2
230039517004024,2
230039517004025,2
230039517004026,2
230039517004027,2
230039517004028,2
230039517004029,2
230039517004030,2
230039517004031,2
230039517004032,2
230039517004033,2
230039517005000,2
230039517005001,2
230039517005002,2
230039517005003,2
230039517005004,2
230039517005005,2
230039517005006,2
230039517005007,2
230039517005008,2
230039517005009,2
230039517005010,2
230039517005011,2
230039517005012,2
230039517005013,2
230039517005014,2
230039517005015,2
230039517005016,2
230039517005017,2
230039517005018,2
230039517005019,2
230039517005020,2
230039517005021,2
230039517005022,2
230039517005023,2
230039517005024,2
230039517005025,2
230039517005026,2
230039517005027,2
230039517005028,2
230039517005029,2
230039517005030,2
230039506001000,1
230039506001001,1
230039506001002,1
230039506001003,1
230039506001004,1
230039506001005,1
230039506001006,1
230039506001007,1
230039506001008,1
230039506001009,1
230039506001010,1
230039506001011,1
230039506001012,1
230039506001013,1
230039506001014,1
230039506001015,1
230039506001016,1
230039506001017,1
230039506001018,1
230039506001019,1
230039506001020,1
230039506001021,1
230039506001022,1
230039506001023,1
230039506001024,1
230039506001025,1
230039506001026,1
230039506001027,1
230039506001028,1
230039506001029,1
230039506001030,1
230039506001031,1
230039506001032,1
230039506001033,1
230039506001034,1
230039506001035,1
230039506001036,1
230039506001037,1
230039506001038,1
230039506001039,1
230039506001040,1
230039506001041,1
230039506001042,1
230039506001043,1
230039506002000,1
230039506002001,1
230039506002002,1
230039506002003,1
230039506002004,1
230039506002005,1
230039506002006,1
230039506002007,1
230039506002008,1
230039506002009,1
230039506002010,1
230039506002011,1
230039506002012,1
230039506002013,1
230039506002014,1
230039506002015,1
230039506002016,1
230039506002017,1
230039506002018,1
230039506002019,1
230039506002020,1
230039506002021,1
230039506002022,1
230039506002023,1
230039506002024,1
230039506002025,1
230039506002026,1
230039506002027,1
230039506002028,1
230039506002029,1
230039506002030,1
230039506002031,1
230039506002032,1
230039506002033,1
230039506002034,1
230039506002035,1
230039506002036,1
230039506002037,1
230039506002038,1
230039506002039,1
230039506002040,1
230039506002041,1
230039506002042,1
230039506002043,1
230039506002044,1
230039506002045,1
230039506002046,1
230039506002047,1
230039506002048,1
230039506003000,1
230039506003001,1
230039506003002,1
230039506003003,1
230039506003004,1
230039506003005,1
230039506003006,1
230039506003007,1
230039506003008,1
230039506003009,1
230039506003010,1
230039506003011,1
230039506003012,1
230039506003013,1
230039506003014,1
230039506003015,1
230039506003016,1
230039506003017,1
230039506003018,1
230039506003019,1
230039506003020,1
230039506003021,1
230039506003022,1
230039506003023,1
230039506004000,1
230039506004001,1
230039506004002,1
230039506004003,1
230039506004004,1
230039506004005,1
230039506004006,1
230039506004007,1
230039506004008,1
230039506004009,1
230039506004010,1
230039506004011,1
230039506004012,1
230039506004013,1
230039506004014,1
230039506004015,1
230039506004016,1
230039506004017,1
230039506004018,1
230039506004019,1
230039506004020,1
230039506004021,1
230039506004022,1
230039506004023,1
230039506004024,1
230039506004025,1
230039506004026,1
230039506004027,1
230039506004028,1
230039506004029,1
230039506004030,1
230039506004031,1
230039506004032,1
230039506004033,1
230039506004034,1
230039506004035,1
230039506004036,1
230039506004037,1
230039506004038,1
230039506004039,1
230039504002000,1
230039504002001,1
230039504002002,1
230039504002003,1
230039504002004,1
230039504002005,1
230039504002006,1
230039504002007,1
230039504002008,1
230039504002009,1
230039504002010,1
230039504002011,1
230039504002012,1
230039504002013,1
230039504002014,1
230039504002015,1
230039504002016,1
230039504002017,1
230039504002018,1
230039504002019,1
230039504002020,1
230039504002021,1
230039504002022,1
230039504002023,1
230039504002024,1
230039504002025,1
230039504002026,1
230039504002027,1
230039504002028,1
230039504002029,1
230039504002030,1
230039504002031,1
230039504002032,1
230039504002033,1
230039504002034,1
230039504002035,1
230039504002036,1
230039504002037,1
230039504002038,1
230039504002039,1
230039504002040,1
230039504002041,1
230039504002042,1
230039504002043,1
230039504002044,1
230039504002045,1
230039504002046,1
230039504002047,1
230039504002048,1
230039504002049,1
230039504002050,1
230039504002051,1
230039504002052,1
230039504002053,1
230039504002054,1
230039504002055,1
230039504002056,1
230039504002057,1
230039504002058,1
230039509001076,1
230039509001077,1
230039509001097,1
230039509001098,1
230039509001105,1
230039509001106,1
230039509001107,1
230039509001108,1
230039509001109,1
230039509001110,1
230039509001111,1
230039509001112,1
230039509001113,1
230039509001114,1
230039509001115,1
230039509001116,1
230039509001117,1
230039509001118,1
230039509001119,1
230039509001120,1
230039509001123,1
230039509001124,1
230039509001125,1
230039509001127,1
230039509001128,1
230039509001129,1
230039509001130,1
230039509001131,1
230039509001132,1
230039509001133,1
230039509001135,1
230039529003115,2
230039529003116,2
230039529003117,2
230039529003118,2
230039529003119,2
230039529003178,2
230039529003182,2
230039529003183,2
230039529003184,2
230039529003185,2
230039529003186,2
230039529003187,2
230039529003188,2
230039529003189,2
230039529003190,2
230039529003191,2
230039529003192,2
230039529003193,2
230039529003194,2
230039529003203,2
230039529003204,2
230039529003205,2
230039529003206,2
230039529003207,2
230039529003218,2
230039529003219,2
230039502003000,1
230039502003001,1
230039502003002,1
230039502003003,1
230039502003004,1
230039502003005,1
230039502003006,1
230039502003007,1
230039502003008,1
230039502003009,1
230039502003010,1
230039502003011,1
230039502003012,1
230039502003013,1
230039502003014,1
230039502003015,1
230039502003016,1
230039502003017,1
230039502003018,1
230039502003019,1
230039502003020,1
230039502003021,1
230039502003022,1
230039502003023,1
230039502003039,1
230039502003040,1
230039502003041,1
230039502003042,1
230039502003043,1
230039502003044,1
230039502003045,1
230039502003046,1
230039502003047,1
230039502003048,1
230039502003049,1
230039502003050,1
230039502003051,1
230039502003052,1
230039502003053,1
230039502003054,1
230039502003055,1
230039502003056,1
230039502003088,1
230039501003000,1
230039501003001,1
230039501003002,1
230039501003003,1
230039501003004,1
230039501003005,1
230039501003006,1
230039501003007,1
230039501003008,1
230039501003009,1
230039501003010,1
230039501003011,1
230039501003012,1
230039501003013,1
230039501003014,1
230039501003015,1
230039501003016,1
230039501003017,1
230039501003018,1
230039501003020,1
230039501003021,1
230039501003096,1
230039501003097,1
230039501003098,1
230039501003099,1
230039501003103,1
230039501003104,1
230039501003105,1
230039526001000,2
230039526001001,2
230039526001002,2
230039526001003,2
230039526001004,2
230039526001005,2
230039526001006,2
230039526001007,2
230039526001008,2
230039526001009,2
230039526001010,2
230039526001011,2
230039526001012,2
230039526001013,2
230039526001014,2
230039526001015,2
230039526001017,2
230039526001018,2
230039526001019,2
230039526001020,2
230039526001021,2
230039526001022,2
230039526001023,2
230039526001024,2
230039526001025,2
230039529003150,2
230039529003151,2
230039529003155,2
230039529003156,2
230039529003157,2
230039529003158,2
230039529003159,2
230039529003160,2
230039529003161,2
230039529003164,2
230039529003165,2
230039529003166,2
230039529003167,2
230039529003168,2
230039529003169,2
230039529003170,2
230039529003171,2
230039529003172,2
230039529003173,2
230039529003174,2
230039529003175,2
230039529003176,2
230039529003177,2
230039529003179,2
230039529003180,2
230039529003181,2
230039529003208,2
230039529003209,2
230039529003210,2
230039529003211,2
230039529003212,2
230039529003213,2
230039529003214,2
230039529003215,2
230039529003228,2
230039529003229,2
230039529003385,2
230039527001032,2
230039527001033,2
230039527001034,2
230039527001035,2
230039527001080,2
230039527001081,2
230039527001082,2
230039527001083,2
230039527001084,2
230039527001085,2
230039527001086,2
230039527001087,2
230039527001088,2
230039527001089,2
230039527001090,2
230039527001091,2
230039527001092,2
230039527001093,2
230039527001094,2
230039527001095,2
230039527001096,2
230039527001097,2
230039527001098,2
230039527001099,2
230039527001100,2
230039527001101,2
230039527001102,2
230039527001103,2
230039527001104,2
230039527001105,2
230039527001106,2
230039527001107,2
230039527001108,2
230039527001109,2
230039527001110,2
230039527001120,2
230039527001121,2
230039527001122,2
230039527001123,2
230039529001000,2
230039529001001,2
230039529001002,2
230039529001003,2
230039529001004,2
230039529001005,2
230039529001006,2
230039529001007,2
230039529001008,2
230039529001009,2
230039529001010,2
230039529001011,2
230039529001012,2
230039529001013,2
230039529001014,2
230039529001015,2
230039529001016,2
230039529001017,2
230039529001018,2
230039529001019,2
230039529001020,2
230039529001021,2
230039529001022,2
230039529001023,2
230039529001024,2
230039529001025,2
230039529001026,2
230039529001027,2
230039529001028,2
230039529001029,2
230039529001030,2
230039529001031,2
230039529001032,2
230039529001033,2
230039529001034,2
230039529001035,2
230039529001036,2
230039529001037,2
230039529001038,2
230039529001039,2
230039529001040,2
230039529001041,2
230039529001065,2
230039529001066,2
230039529001067,2
230039529001068,2
230039524001000,2
230039524001001,2
230039524001002,2
230039524001003,2
230039524001004,2
230039524001005,2
230039524001006,2
230039524001007,2
230039524001008,2
230039524001009,2
230039524001010,2
230039524001011,2
230039524001012,2
230039524001013,2
230039524001014,2
230039524001015,2
230039524001016,2
230039524001017,2
230039524001018,2
230039524001019,2
230039524001020,2
230039524001021,2
230039524001022,2
230039524001023,2
230039524001024,2
230039524001025,2
230039524001026,2
230039524001027,2
230039524001028,2
230039524001029,2
230039524001030,2
230039524001031,2
230039524001032,2
230039524001033,2
230039524001034,2
230039524001035,2
230039524001036,2
230039524001037,2
230039524001038,2
230039524001039,2
230039524001040,2
230039524001041,2
230039524001042,2
230039524001043,2
230039524001044,2
230039524001045,2
230039524001046,2
230039524001047,2
230039524001048,2
230039524001049,2
230039524001050,2
230039524001051,2
230039524001052,2
230039524001053,2
230039524001054,2
230039524001055,2
230039524001056,2
230039524002000,2
230039524002001,2
230039524002002,2
230039524002003,2
230039524002004,2
230039524002005,2
230039524002006,2
230039524002007,2
230039524002008,2
230039524002009,2
230039524002010,2
230039524002011,2
230039524002012,2
230039524002013,2
230039524002014,2
230039524002015,2
230039524002016,2
230039524002017,2
230039524002018,2
230039524003000,2
230039524003001,2
230039524003002,2
230039524003003,2
230039524003004,2
230039524003005,2
230039524003006,2
230039524003007,2
230039524003008,2
230039524003009,2
230039524003010,2
230039524003011,2
230039524003012,2
230039524003013,2
230039524003014,2
230039524003015,2
230039524004000,2
230039524004001,2
230039524004002,2
230039524004003,2
230039524004004,2
230039524004005,2
230039524004006,2
230039524004007,2
230039524004008,2
230039524004009,2
230039524004010,2
230039524004011,2
230039524004012,2
230039524004013,2
230039524004014,2
230039524004015,2
230039524004016,2
230039524004017,2
230039524004018,2
230039524004019,2
230039524004020,2
230039524004021,2
230039524004022,2
230039524004023,2
230039524004024,2
230039524004025,2
230039524004026,2
230039524004027,2
230039524004028,2
230039524004029,2
230039524004030,2
230039524004031,2
230039524004032,2
230039524004033,2
230039524004034,2
230039524004035,2
230039524004036,2
230039524004037,2
230039524004038,2
230039524004039,2
230039524004040,2
230039525001000,2
230039525001001,2
230039525001002,2
230039525001003,2
230039525001004,2
230039525001005,2
230039525001006,2
230039525001007,2
230039525001008,2
230039525001009,2
230039525001010,2
230039525001011,2
230039525001012,2
230039525001013,2
230039525001014,2
230039525001015,2
230039525001016,2
230039525001017,2
230039525001018,2
230039525001019,2
230039525001020,2
230039525001021,2
230039525001022,2
230039525001023,2
230039525001024,2
230039525001025,2
230039525001026,2
230039525001027,2
230039525001028,2
230039525001029,2
230039525001030,2
230039525001031,2
230039525001032,2
230039525001033,2
230039525001034,2
230039525001035,2
230039525001036,2
230039525001037,2
230039525001038,2
230039525001039,2
230039525001040,2
230039525001041,2
230039525001042,2
230039525001043,2
230039525001044,2
230039525001045,2
230039525001046,2
230039525001047,2
230039525001048,2
230039525001049,2
230039525001050,2
230039525001051,2
230039525001052,2
230039525001053,2
230039525001054,2
230039525001055,2
230039525001056,2
230039525001057,2
230039525001058,2
230039525001059,2
230039525001060,2
230039525001061,2
230039525001062,2
230039525001063,2
230039525001064,2
230039525001065,2
230039525001066,2
230039525001067,2
230039525001068,2
230039525001069,2
230039525001070,2
230039525001071,2
230039525001072,2
230039525001073,2
230039525001074,2
230039525002000,2
230039525002001,2
230039525002002,2
230039525002003,2
230039525002004,2
230039525002005,2
230039525002006,2
230039525002007,2
230039525002008,2
230039525002009,2
230039525002010,2
230039525002011,2
230039525002012,2
230039525002013,2
230039525002014,2
230039525002015,2
230039525002016,2
230039525002017,2
230039525002018,2
230039525002019,2
230039525002020,2
230039525002021,2
230039525002022,2
230039525002023,2
230039525002024,2
230039525002025,2
230039525002026,2
230039525002027,2
230039525002028,2
230039525002029,2
230039525002030,2
230039525002031,2
230039525002032,2
230039525002033,2
230039525002034,2
230039525002035,2
230039525002036,2
230039525002037,2
230039525002038,2
230039525002039,2
230039525002040,2
230039525002041,2
230039525002042,2
230039525002043,2
230039525002044,2
230039525002045,2
230039525002046,2
230039527002000,2
230039527002001,2
230039527002002,2
230039527002003,2
230039527002004,2
230039527002005,2
230039527002006,2
230039527002007,2
230039527002008,2
230039527002009,2
230039527002010,2
230039527002011,2
230039527002012,2
230039527002034,2
230039527002035,2
230039527002036,2
230039527002037,2
230039527002038,2
230039527002039,2
230039527002040,2
230039527002041,2
230039527002042,2
230039527002043,2
230039527002044,2
230039527002045,2
230039527002046,2
230039527002047,2
230039527002048,2
230039527002049,2
230039527002050,2
230039527002051,2
230039527002052,2
230039527002053,2
230039527002054,2
230039527002055,2
230039527002056,2
230039527002057,2
230039527002058,2
230039527002059,2
230039527002060,2
230039527002061,2
230039527002062,2
230039527002063,2
230039527002064,2
230039527002065,2
230039527002066,2
230039527002067,2
230039527002068,2
230039527002069,2
230039527002070,2
230039527002071,2
230039527002072,2
230039527002073,2
230039527002074,2
230039527002075,2
230039527002076,2
230039527002077,2
230039527002078,2
230039527002079,2
230039527002080,2
230039527002081,2
230039527002094,2
230039527002095,2
230039527002096,2
230039527002097,2
230039527002098,2
230039527002099,2
230039527002100,2
230039527002115,2
230039527002116,2
230039527002117,2
230039527002118,2
230039527002122,2
230039527002124,2
230039516001000,1
230039516001001,1
230039516001002,1
230039516001003,1
230039516001004,1
230039516001005,1
230039516001006,1
230039516001007,1
230039516001008,1
230039516001009,1
230039516001010,1
230039516001011,1
230039516001012,1
230039516001013,1
230039516001014,1
230039516001015,1
230039516001016,1
230039516001017,1
230039516001018,1
230039516001019,1
230039516001020,1
230039516001021,1
230039516001022,1
230039516001023,1
230039516001024,1
230039516001025,1
230039516001026,1
230039516001027,1
230039516001028,1
230039516001029,1
230039516002000,1
230039516002001,1
230039516002002,1
230039516002003,1
230039516002004,1
230039516002005,1
230039516002006,1
230039516002007,1
230039516002008,1
230039516002009,1
230039516002010,1
230039516002011,1
230039516002012,1
230039516002013,1
230039516002014,1
230039516002015,1
230039516002016,1
230039516002017,1
230039516002018,1
230039516002019,1
230039516002020,1
230039516002021,1
230039516002022,1
230039516002023,1
230039516002024,1
230039516002025,1
230039516002026,1
230039516002027,1
230039516002028,1
230039516002029,1
230039516002030,1
230039516002031,1
230039516002032,1
230039516002033,1
230039516003000,1
230039516003001,1
230039516003002,1
230039516003003,1
230039516003004,1
230039516003005,1
230039516003006,1
230039516003007,1
230039516003008,1
230039516003009,1
230039516003010,1
230039516003011,1
230039516003012,1
230039516003013,1
230039516003014,1
230039516003015,1
230039516003016,1
230039516003017,1
230039516003018,1
230039516003019,1
230039516003020,1
230039516003021,1
230039516003022,1
230039516003023,1
230039516003024,1
230039516003025,1
230039516003026,1
230039516003027,1
230039516003028,1
230039516003029,1
230039516003030,1
230039516003031,1
230039516003032,1
230039516003033,1
230039516003034,1
230039516003035,1
230039516003036,1
230039516003037,1
230039516003038,1
230039516003039,1
230039516003040,1
230039516003041,1
230039516003042,1
230039516003043,1
230039516003044,1
230039516003045,1
230039516003046,1
230039516003047,1
230039516003048,1
230039516003049,1
230039516003050,1
230039516003051,1
230039516003052,1
230039516003053,1
230039516003054,1
230039516003055,1
230039516003056,1
230039516003057,1
230039516003058,1
230039516003059,1
230039516003060,1
230039516003061,1
230039516003062,1
230039516003063,1
230039516003064,1
230039516003065,1
230039516003066,1
230039516003067,1
230039516003068,1
230039516003069,1
230039516003070,1
230039516003071,1
230039516003072,1
230039516003073,1
230039516003074,1
230039516003075,1
230039516003076,1
230039516003077,1
230039516003078,1
230039516003079,1
230039516003080,1
230039516003081,1
230039516003082,1
230039516003083,1
230039526003033,2
230039526003034,2
230039526003035,2
230039526003037,2
230039526003038,2
230039526003039,2
230039526003040,2
230039526003041,2
230039526003042,2
230039526003050,2
230039526003051,2
230039526003052,2
230039526003053,2
230039526003054,2
230039526003055,2
230039526003056,2
230039526003057,2
230039526003059,2
230039526003060,2
230039526003061,2
230039526003062,2
230039526003063,2
230039526003064,2
230039526003065,2
230039526003066,2
230039526003067,2
230039526003068,2
230039526003069,2
230039526003070,2
230039526003071,2
230039526003072,2
230039526003073,2
230039526003074,2
230039526003075,2
230039526003076,2
230039526003077,2
230039526003078,2
230039526003079,2
230039526003080,2
230039526003081,2
230039526003082,2
230039526003083,2
230039526003084,2
230039526003085,2
230039526003086,2
230039526003087,2
230039526003088,2
230039526003089,2
230039526003090,2
230039526003091,2
230039526003092,2
230039526003093,2
230039526003094,2
230039526003095,2
230039526003096,2
230039526003097,2
230039526003098,2
230039526003099,2
230039526003100,2
230039526003101,2
230039526003103,2
230039523002000,2
230039523002001,2
230039523002002,2
230039523002003,2
230039523002004,2
230039523002005,2
230039523002006,2
230039523002007,2
230039523002008,2
230039523002009,2
230039523002010,2
230039523002011,2
230039523002012,2
230039523002013,2
230039523002014,2
230039523002015,2
230039523002016,2
230039523002017,2
230039523002018,2
230039523002019,2
230039523002020,2
230039523002021,2
230039523002022,2
230039523002023,2
230039523002024,2
230039523002025,2
230039523002026,2
230039523002027,2
230039523002028,2
230039523002029,2
230039523002030,2
230039523002031,2
230039523002032,2
230039523002033,2
230039523002034,2
230039523002035,2
230039523002036,2
230039523002037,2
230039523002038,2
230039523002039,2
230039523002040,2
230039523002041,2
230039523002042,2
230039523002043,2
230039523002044,2
230039523002045,2
230039523002046,2
230039523002047,2
230039523002048,2
230039523002049,2
230039523002050,2
230039523002051,2
230039523002052,2
230039523002053,2
230039523002054,2
230039523002055,2
230039523002056,2
230039523002057,2
230039523002058,2
230039523002059,2
230039523002060,2
230039526001016,2
230039526001026,2
230039526001027,2
230039526001028,2
230039526001029,2
230039526001030,2
230039526001031,2
230039526001032,2
230039526001033,2
230039526001034,2
230039526001035,2
230039526001036,2
230039526001037,2
230039526001038,2
230039526001042,2
230039526001043,2
230039526001044,2
230039526001046,2
230039526001047,2
230039526001048,2
230039526001049,2
230039526001050,2
230039526001051,2
230039526001074,2
230039526001075,2
230039526001084,2
230039526001085,2
230039526001086,2
230039529003304,2
230039529003305,2
230039529003310,2
230039529003311,2
230039529003312,2
230039529003313,2
230039529003314,2
230039529003315,2
230039529003316,2
230039529003317,2
230039529003318,2
230039529003319,2
230039529003336,2
230039529003337,2
230039529003338,2
230039529003340,2
230039529003341,2
230039529003342,2
230039529003343,2
230039529003344,2
230039529003347,2
230039529003348,2
230039529003349,2
230039529003356,2
230039503001000,1
230039503001001,1
230039503001002,1
230039503001003,1
230039503001004,1
230039503001005,1
230039503001006,1
230039503001007,1
230039503001008,1
230039503001009,1
230039503001010,1
230039503001011,1
230039503001012,1
230039503001013,1
230039503001014,1
230039503001015,1
230039503001016,1
230039503001017,1
230039503001018,1
230039503001019,1
230039503001020,1
230039503001021,1
230039503001022,1
230039503001023,1
230039503001024,1
230039503001025,1
230039503001026,1
230039503002000,1
230039503002001,1
230039503002002,1
230039503002003,1
230039503002004,1
230039503002005,1
230039503002006,1
230039503002007,1
230039503002008,1
230039503002009,1
230039503002010,1
230039503002011,1
230039503002012,1
230039503002013,1
230039503002014,1
230039503002015,1
230039503002016,1
230039503002017,1
230039503002018,1
230039503002019,1
230039503002020,1
230039503002021,1
230039503002022,1
230039503002023,1
230039503003000,1
230039503003001,1
230039503003002,1
230039503003003,1
230039503003004,1
230039503003005,1
230039503003006,1
230039503003007,1
230039503003008,1
230039503003009,1
230039503003010,1
230039503003011,1
230039503003012,1
230039503003013,1
230039503003014,1
230039503003015,1
230039503003016,1
230039503003017,1
230039503003018,1
230039503003019,1
230039503003020,1
230039503003021,1
230039503003022,1
230039503003023,1
230039503003024,1
230039503003025,1
230039503003026,1
230039503003027,1
230039503003028,1
230039503004000,1
230039503004001,1
230039503004002,1
230039503004003,1
230039503004004,1
230039503004005,1
230039503004006,1
230039503004007,1
230039503004008,1
230039503004009,1
230039503004010,1
230039503004011,1
230039503005000,1
230039503005001,1
230039503005002,1
230039503005003,1
230039503005004,1
230039503005005,1
230039503005006,1
230039503005007,1
230039503005008,1
230039503005009,1
230039503005010,1
230039503005011,1
230039503005012,1
230039503005013,1
230039503005014,1
230039503005015,1
230039503005016,1
230039503005017,1
230039503005018,1
230039503005019,1
230039503005020,1
230039503005021,1
230039503005022,1
230039503005023,1
230039503005024,1
230039503005025,1
230039503005026,1
230039503005027,1
230039503005028,1
230039503005029,1
230039503005030,1
230039503005031,1
230039503005032,1
230039503005033,1
230039503005034,1
230039503005035,1
230039503005036,1
230039503005037,1
230039503005038,1
230039503005039,1
230039503005040,1
230039503005041,1
230039503005042,1
230039503005043,1
230039503005044,1
230039503005045,1
230039503005046,1
230039503005047,1
230039503005048,1
230039503005049,1
230039503005050,1
230039503005051,1
230039503005052,1
230039503005053,1
230039503005054,1
230039503005055,1
230039503005056,1
230039503005057,1
230039503005058,1
230039503005059,1
230039503005060,1
230039503005061,1
230039503005062,1
230039511001000,1
230039511001001,1
230039511001002,1
230039511001003,1
230039511001004,1
230039511001005,1
230039511001006,1
230039511001007,1
230039511001008,1
230039511001009,1
230039511001010,1
230039511001011,1
230039511001012,1
230039511001013,1
230039511001014,1
230039511001015,1
230039511001016,1
230039511001017,1
230039511001018,1
230039511001019,1
230039511001020,1
230039511001021,1
230039511001022,1
230039511001023,1
230039511001024,1
230039511001025,1
230039511001026,1
230039511001027,1
230039511001028,1
230039511001029,1
230039511001030,1
230039511002000,1
230039511002001,1
230039511002002,1
230039511002003,1
230039511002004,1
230039511002006,1
230039511002007,1
230039511002008,1
230039511002031,1
230039511002032,1
230039511002033,1
230039511002034,1
230039511002035,1
230039511002036,1
230039511002037,1
230039511002038,1
230039511002039,1
230039511002040,1
230039511002041,1
230039511002043,1
230039511002047,1
230039511002048,1
230039511003000,1
230039511003001,1
230039511003002,1
230039511003003,1
230039511003004,1
230039511003005,1
230039511003006,1
230039511003007,1
230039511003008,1
230039511003009,1
230039511003010,1
230039511003012,1
230039511003016,1
230039511003017,1
230039511003018,1
230039511003019,1
230039511003020,1
230039511003030,1
230039511003031,1
230039511003037,1
230039521001000,2
230039521001001,2
230039521001002,2
230039521001003,2
230039521001004,2
230039521001005,2
230039521001006,2
230039521001007,2
230039521001008,2
230039521001009,2
230039521001010,2
230039521001011,2
230039521001012,2
230039521001013,2
230039521001014,2
230039521001015,2
230039521001016,2
230039521001017,2
230039521001018,2
230039521001019,2
230039521001020,2
230039521001021,2
230039521001022,2
230039521001023,2
230039521001024,2
230039521001025,2
230039521001026,2
230039521001027,2
230039521001028,2
230039521001029,2
230039521001030,2
230039521001031,2
230039521001032,2
230039521003000,2
230039521003001,2
230039521003002,2
230039521003022,2
230039521003023,2
230039521003024,2
230039521003025,2
230039521003028,2
230039521003029,2
230039521003030,2
230039521003031,2
230039521003032,2
230039521003033,2
230039521003034,2
230039521003035,2
230039521003036,2
230039521003037,2
230039521003038,2
230039521003039,2
230039521003040,2
230039521003041,2
230039521003042,2
230039521003043,2
230039521003044,2
230039521003045,2
230039521003046,2
230039521003047,2
230039509002026,1
230039509002027,1
230039509002030,1
230039509002031,1
230039509002032,1
230039509002033,1
230039509002042,1
230039509002043,1
230039509002044,1
230039509002045,1
230039509002046,1
230039509002050,1
230039509002053,1
230039509002054,1
230039509002055,1
230039509002056,1
230039509002059,1
230039509002060,1
230039509002061,1
230039509002062,1
230039509002063,1
230039509002064,1
230039509002065,1
230039509002066,1
230039509002067,1
230039509002068,1
230039509002069,1
230039509002070,1
230039509002071,1
230039509002072,1
230039509002073,1
230039509002074,1
230039509002075,1
230039509002076,1
230039509002077,1
230039509002085,1
230039509002086,1
230039509002087,1
230039527001000,2
230039527001001,2
230039527001002,2
230039527001003,2
230039527001004,2
230039527001037,2
230039527001038,2
230039527001039,2
230039527001040,2
230039527001041,2
230039527001042,2
230039527001043,2
230039527001044,2
230039527001045,2
230039527001046,2
230039527001047,2
230039527001048,2
230039527001049,2
230039527001063,2
230039523003087,2
230039523003088,2
230039523003089,2
230039523003090,2
230039523003091,2
230039523003092,2
230039523003093,2
230039523003094,2
230039523003095,2
230039523003096,2
230039523003097,2
230039523003098,2
230039523003099,2
230039523003100,2
230039523003101,2
230039523003102,2
230039523003103,2
230039523003104,2
230039523003105,2
230039523003106,2
230039523003107,2
230039523003306,2
230039523003307,2
230039523003308,2
230039523003309,2
230039523003310,2
230039523003311,2
230039523003312,2
230039523003316,2
230039523003317,2
230039523003318,2
230039523003319,2
230039523003320,2
230039523003321,2
230039523003322,2
230039523003323,2
230039523003324,2
230039523003325,2
230039523003326,2
230039523003327,2
230039523003328,2
230039523003329,2
230039523003330,2
230039523003331,2
230039523003332,2
230039523003333,2
230039523003334,2
230039523003335,2
230039523003336,2
230039523003337,2
230039523003338,2
230039523003339,2
230039523003340,2
230039523003341,2
230039523003342,2
230039523003345,2
230039523003404,2
230039527001005,2
230039527001006,2
230039527001007,2
230039527001008,2
230039527001009,2
230039527001010,2
230039527001011,2
230039527001012,2
230039527001013,2
230039527001014,2
230039527001015,2
230039527001016,2
230039527001017,2
230039527001018,2
230039527001019,2
230039527001020,2
230039527001021,2
230039527001022,2
230039527001023,2
230039527001024,2
230039527001025,2
230039527001026,2
230039527001027,2
230039527001028,2
230039527001029,2
230039527001030,2
230039527001031,2
230039527001036,2
230039509001024,1
230039509001025,1
230039509001026,1
230039509001027,1
230039509001028,1
230039509001029,1
230039509001030,1
230039509001031,1
230039509001032,1
230039509001036,1
230039509001037,1
230039509001038,1
230039509001039,1
230039509001040,1
230039509001041,1
230039509001042,1
230039509001043,1
230039509001044,1
230039509001045,1
230039509001046,1
230039509001047,1
230039509001048,1
230039509001049,1
230039509001050,1
230039509001051,1
230039509001052,1
230039509001053,1
230039509001054,1
230039509001055,1
230039509001075,1
230039507001000,1
230039507001001,1
230039507001002,1
230039507001003,1
230039507001004,1
230039507001005,1
230039507001006,1
230039507001007,1
230039507001008,1
230039507001009,1
230039507001010,1
230039507001011,1
230039507001041,1
230039507001042,1
230039507001043,1
230039507001044,1
230039507001047,1
230039507001048,1
230039507001061,1
230039507001064,1
230039507001065,1
230039507001066,1
230039507001067,1
230039507001068,1
230039507001069,1
230039507001070,1
230039507001075,1
230039507001076,1
230039507001077,1
230039507001079,1
230039507001080,1
230039507001090,1
230039507001091,1
230039507001092,1
230039507001093,1
230039507001094,1
230039507001095,1
230039526003000,2
230039526003001,2
230039526003002,2
230039526003003,2
230039526003004,2
230039526003005,2
230039526003006,2
230039526003007,2
230039526003008,2
230039526003009,2
230039526003010,2
230039526003011,2
230039526003012,2
230039526003013,2
230039526003014,2
230039526003015,2
230039526003016,2
230039526003017,2
230039526003018,2
230039526003019,2
230039526003020,2
230039526003021,2
230039526003022,2
230039526003023,2
230039526003024,2
230039526003025,2
230039526003026,2
230039526003027,2
230039526003028,2
230039526003029,2
230039526003030,2
230039526003031,2
230039526003032,2
230039526003036,2
230039526003043,2
230039526003044,2
230039526003045,2
230039526003046,2
230039526003047,2
230039526003048,2
230039526003049,2
230039526003058,2
230039526003102,2
230039501001000,1
230039501001001,1
230039501001002,1
230039501001003,1
230039501001004,1
230039501001005,1
230039501001006,1
230039501001007,1
230039501001008,1
230039501001009,1
230039501001010,1
230039501001011,1
230039501001012,1
230039501001015,1
230039501001034,1
230039501001043,1
230039501001044,1
230039501001045,1
230039501001046,1
230039501001047,1
230039501001048,1
230039501001049,1
230039501001050,1
230039501001051,1
230039501001052,1
230039501001053,1
230039501001054,1
230039501001055,1
230039501001056,1
230039501001057,1
230039501001058,1
230039501001059,1
230039501001060,1
230039501001061,1
230039501001062,1
230039501001063,1
230039501001064,1
230039501001065,1
230039501001066,1
230039501001067,1
230039501001068,1
230039501001069,1
230039501001071,1
230039501001072,1
230039501001073,1
230039501001074,1
230039501001078,1
230039501001079,1
230039501001080,1
230039507002000,1
230039507002001,1
230039507002002,1
230039507002003,1
230039507002004,1
230039507002005,1
230039507002006,1
230039507002007,1
230039507002008,1
230039507002009,1
230039507002010,1
230039507002011,1
230039507002012,1
230039507002013,1
230039507002014,1
230039507002015,1
230039507002016,1
230039507002017,1
230039507002018,1
230039507002019,1
230039507002020,1
230039507002021,1
230039507002022,1
230039507002023,1
230039507002024,1
230039507002025,1
230039507002026,1
230039507002027,1
230039507002028,1
230039507002029,1
230039507002030,1
230039507002031,1
230039507002032,1
230039507002033,1
230039507002034,1
230039507002035,1
230039507002036,1
230039507002037,1
230039507002038,1
230039507002039,1
230039507002040,1
230039507002041,1
230039507002042,1
230039507002043,1
230039507002044,1
230039507002045,1
230039507002046,1
230039507002047,1
230039507002048,1
230039507002049,1
230039507002050,1
230039507002051,1
230039507002052,1
230039507002053,1
230039507002054,1
230039507002055,1
230039507002056,1
230039507002057,1
230039507002058,1
230039507002059,1
230039507002060,1
230039507002061,1
230039507002062,1
230039507002063,1
230039507002064,1
230039507002065,1
230039507002066,1
230039507002067,1
230039507002068,1
230039507002069,1
230039507002070,1
230039507002071,1
230039507002072,1
230039507002073,1
230039507002074,1
230039507002075,1
230039507002076,1
230039507002077,1
230039507002078,1
230039507002079,1
230039507002080,1
230039507002081,1
230039507002082,1
230039507002083,1
230039507002084,1
230039507002085,1
230039507002086,1
230039507002087,1
230039507002088,1
230039507002089,1
230039507002090,1
230039507002091,1
230039507002092,1
230039507002093,1
230039507002094,1
230039507002095,1
230039507002096,1
230039507002097,1
230039507002098,1
230039507002099,1
230039507002100,1
230039507002101,1
230039507002102,1
230039507002103,1
230039507002106,1
230039507002107,1
230039507002108,1
230039507002109,1
230039507002110,1
230039507002111,1
230039507002119,1
230039507002120,1
230039507002121,1
230039507002124,1
230039507002125,1
230039507002126,1
230039507002127,1
230039507002172,1
230039507002173,1
230039507002174,1
230039507002175,1
230039507002176,1
230039507002177,1
230039507002186,1
230039507002187,1
230039507002194,1
230039507002195,1
230039507002208,1
230039507002209,1
230039507002210,1
230039507002211,1
230039507002212,1
230039507002213,1
230039507002214,1
230039507002215,1
230039507002216,1
230039507002217,1
230039507002218,1
230039507002219,1
230039507002220,1
230039507002221,1
230039507002222,1
230039507002223,1
230039507002224,1
230039507002225,1
230039507002226,1
230039507002227,1
230039507002228,1
230039507002229,1
230039507002230,1
230039507002231,1
230039507002232,1
230039507002233,1
230039507002234,1
230039507002235,1
230039507002236,1
230039507002237,1
230039507002238,1
230039507002239,1
230039507002240,1
230039507002241,1
230039507002242,1
230039507002243,1
230039507002244,1
230039507002245,1
230039507002246,1
230039507002247,1
230039507002248,1
230039507002249,1
230039507002250,1
230039507002251,1
230039507002252,1
230039507002255,1
230039507002256,1
230039507002257,1
230039507002258,1
230039507002259,1
230039507002260,1
230039507002261,1
230039507002262,1
230039507002263,1
230039507002264,1
230039507002265,1
230039507002266,1
230039507002267,1
230039507002268,1
230039507002269,1
230039507002270,1
230039507002271,1
230039507002272,1
230039507002273,1
230039507002274,1
230039507002275,1
230039507002276,1
230039507002277,1
230039507002278,1
230039507002279,1
230039507002280,1
230039507002281,1
230039507002282,1
230039507002283,1
230039507002284,1
230039507002285,1
230039507002286,1
230039507002287,1
230039507002288,1
230039507002289,1
230039507002290,1
230039507002291,1
230039507002292,1
230039507002293,1
230039507002294,1
230039507002295,1
230039507002296,1
230039507002297,1
230039507002298,1
230039507002299,1
230039507002300,1
230039507002301,1
230039507002302,1
230039507002303,1
230039507002304,1
230039507002305,1
230039507002306,1
230039507002307,1
230039507002308,1
230039507002309,1
230039507002310,1
230039507002311,1
230039507002312,1
230039507002313,1
230039507002314,1
230039507002315,1
230039507002316,1
230039507002317,1
230039507002318,1
230039507002319,1
230039507002320,1
230039507002321,1
230039507002322,1
230039507002323,1
230039507002324,1
230039507002325,1
230039507002326,1
230039507002327,1
230039507002328,1
230039507002329,1
230039507002330,1
230039507002331,1
230039507002332,1
230039507002333,1
230039507002334,1
230039507002335,1
230039507002336,1
230039507002337,1
230039507002338,1
230039507002339,1
230039507002340,1
230039507002341,1
230039507002342,1
230039507002343,1
230039507002344,1
230039507002345,1
230039507002346,1
230039507002347,1
230039507002348,1
230039507002349,1
230039507002350,1
230039507002351,1
230039507002352,1
230039507002353,1
230039507002354,1
230039507002355,1
230039507002356,1
230039507002357,1
230039507002358,1
230039507002359,1
230039507002360,1
230039507002361,1
230039507002362,1
230039507002363,1
230039507002364,1
230039507002365,1
230039507002366,1
230039507002367,1
230039507002368,1
230039507002369,1
230039507002370,1
230039507002371,1
230039507002372,1
230039507002373,1
230039507002374,1
230039507002375,1
230039507002376,1
230039507002377,1
230039507002378,1
230039507002379,1
230039507002380,1
230039507002381,1
230039507002382,1
230039507002383,1
230039507002384,1
230039507002385,1
230039507002386,1
230039507002387,1
230039507002388,1
230039507002389,1
230039507002390,1
230039507002391,1
230039507002392,1
230039507002393,1
230039507002394,1
230039507002395,1
230039507002396,1
230039507002397,1
230039507002398,1
230039507002399,1
230039507002400,1
230039507002401,1
230039507002402,1
230039507002403,1
230039507002404,1
230039507002405,1
230039507002406,1
230039507002407,1
230039507002408,1
230039507002409,1
230039507002410,1
230039507002411,1
230039507002412,1
230039507002413,1
230039507002414,1
230039507002415,1
230039507002416,1
230039507002417,1
230039507002418,1
230039507002419,1
230039507002420,1
230039507002421,1
230039507002422,1
230039507002423,1
230039507002424,1
230039507002425,1
230039507002426,1
230039507002427,1
230039507002428,1
230039507002429,1
230039507002430,1
230039507002431,1
230039507002432,1
230039507002433,1
230039507002434,1
230039507002435,1
230039507002436,1
230039507002437,1
230039507002438,1
230039507002439,1
230039507002440,1
230039507002441,1
230039507002442,1
230039507002443,1
230039507002444,1
230039507002445,1
230039507002446,1
230039507002447,1
230039507002448,1
230039507002449,1
230039507002450,1
230039507002451,1
230039507002452,1
230039507002453,1
230039507002454,1
230039507002455,1
230039507002456,1
230039507002457,1
230039507002458,1
230039507002459,1
230039507002460,1
230039507002461,1
230039507002462,1
230039507002463,1
230039507002464,1
230039507002465,1
230039507002466,1
230039507002467,1
230039507002468,1
230039507002469,1
230039507002470,1
230039507002471,1
230039507002472,1
230039507002473,1
230039507002474,1
230039507002475,1
230039507002476,1
230039507002477,1
230039507002478,1
230039507002479,1
230039507002480,1
230039507002481,1
230039507002482,1
230039507002483,1
230039507002484,1
230039507002485,1
230039507002486,1
230039507002487,1
230039507002488,1
230039507002489,1
230039507002490,1
230039507002491,1
230039507002492,1
230039507002493,1
230039507002494,1
230039507002495,1
230039507002496,1
230039507002497,1
230039507002498,1
230039507002499,1
230039507002500,1
230039507002501,1
230039507002502,1
230039507002503,1
230039507002504,1
230039507002505,1
230039507002506,1
230039507002507,1
230039507002508,1
230039507002509,1
230039507002510,1
230039507002511,1
230039507002512,1
230039507002513,1
230039507002514,1
230039507002515,1
230039507002516,1
230039507002517,1
230039507002518,1
230039507002519,1
230039507002520,1
230039507002521,1
230039507002522,1
230039507002523,1
230039507002524,1
230039507002525,1
230039507002526,1
230039507002527,1
230039507002528,1
230039507002529,1
230039507002530,1
230039507002531,1
230039507002532,1
230039507002533,1
230039507002534,1
230039507002535,1
230039507002536,1
230039507002537,1
230039507002538,1
230039507002539,1
230039507002540,1
230039507002541,1
230039507002542,1
230039507002543,1
230039507002544,1
230039507002545,1
230039507002546,1
230039507002547,1
230039507002548,1
230039507002549,1
230039507002550,1
230039507002551,1
230039507002552,1
230039507002553,1
230039507002554,1
230039507002555,1
230039507002556,1
230039507002557,1
230039507002558,1
230039507002559,1
230039507002560,1
230039507002561,1
230039507002562,1
230039507002563,1
230039507002564,1
230039507002565,1
230039507002566,1
230039507002567,1
230039507002568,1
230039507002569,1
230039507002570,1
230039507002571,1
230039507002572,1
230039507002573,1
230039507002574,1
230039507002575,1
230039507002576,1
230039507002577,1
230039507002578,1
230039507002579,1
230039507002580,1
230039507002581,1
230039507002582,1
230039507002583,1
230039507002584,1
230039507002585,1
230039507002586,1
230039507002587,1
230039507002588,1
230039507002589,1
230039507002590,1
230039507002591,1
230039507002592,1
230039507002593,1
230039507002594,1
230039507002595,1
230039507002596,1
230039507002597,1
230039507002598,1
230039507002599,1
230039507002600,1
230039507002601,1
230039507002602,1
230039507002603,1
230039507002604,1
230039507002605,1
230039507002606,1
230039507002607,1
230039507002608,1
230039507002609,1
230039507002610,1
230039507002611,1
230039507002612,1
230039507002613,1
230039507002614,1
230039507002615,1
230039507002616,1
230039507002617,1
230039507002618,1
230039507002619,1
230039507002620,1
230039507002621,1
230039507002622,1
230039507002623,1
230039507002624,1
230039507002625,1
230039507002626,1
230039507002627,1
230039507002628,1
230039507002629,1
230039507002630,1
230039507002631,1
230039507002632,1
230039507002633,1
230039507002634,1
230039507002635,1
230039507002636,1
230039507002637,1
230039507002638,1
230039507002639,1
230039507002640,1
230039507002641,1
230039507002642,1
230039507002643,1
230039507002644,1
230039507002645,1
230039507002646,1
230039507002647,1
230039507002648,1
230039507002649,1
230039507002650,1
230039507002651,1
230039507002652,1
230039507002653,1
230039507002654,1
230039507002655,1
230039507002656,1
230039507002657,1
230039507002658,1
230039507002659,1
230039507002660,1
230039507002661,1
230039507002662,1
230039507002663,1
230039507002664,1
230039507002665,1
230039507002666,1
230039507002667,1
230039507002668,1
230039507002669,1
230039507002670,1
230039507002671,1
230039507002672,1
230039507002673,1
230039507002674,1
230039507002675,1
230039507002676,1
230039507002677,1
230039507002678,1
230039507002679,1
230039507002680,1
230039507002681,1
230039507002682,1
230039507002683,1
230039507002684,1
230039507002685,1
230039507002686,1
230039507002687,1
230039507002688,1
230039507002689,1
230039507002690,1
230039507002691,1
230039507002692,1
230039507002693,1
230039507002694,1
230039507002695,1
230039507002696,1
230039507002697,1
230039507002698,1
230039507002699,1
230039507002700,1
230039507002701,1
230039507002702,1
230039507002703,1
230039507002704,1
230039507002705,1
230039507002706,1
230039507002707,1
230039507002708,1
230039507002709,1
230039507002710,1
230039507002711,1
230039507002712,1
230039507002713,1
230039507002714,1
230039507002715,1
230039507002716,1
230039507002717,1
230039507002718,1
230039507002719,1
230039507002720,1
230039507002721,1
230039507002722,1
230039507002723,1
230039507002724,1
230039507002725,1
230039507002726,1
230039507002727,1
230039507002728,1
230039507002729,1
230039507002730,1
230039507002731,1
230039507002732,1
230039507002733,1
230039507002734,1
230039507002735,1
230039507002736,1
230039507002737,1
230039507002738,1
230039507002739,1
230039507002740,1
230039507002741,1
230039507002742,1
230039507002743,1
230039507002744,1
230039507002745,1
230039507002746,1
230039507002747,1
230039507002748,1
230039507002749,1
230039507002750,1
230039507002751,1
230039507002752,1
230039507002753,1
230039507002754,1
230039507002755,1
230039507002756,1
230039507002757,1
230039507002758,1
230039507002759,1
230039507002760,1
230039507002761,1
230039507002762,1
230039507002763,1
230039507002764,1
230039507002765,1
230039507002766,1
230039507002767,1
230039507002768,1
230039507002769,1
230039507002770,1
230039507002771,1
230039507002772,1
230039507002773,1
230039507002774,1
230039507002775,1
230039507002776,1
230039507002777,1
230039507002778,1
230039507002779,1
230039507002780,1
230039507002781,1
230039507002782,1
230039507002783,1
230039507002784,1
230039507002785,1
230039507002786,1
230039507002787,1
230039507002788,1
230039507002789,1
230039507002790,1
230039507002791,1
230039507002792,1
230039507002793,1
230039507002794,1
230039507002795,1
230039507002796,1
230039507002797,1
230039507002798,1
230039507002799,1
230039507002800,1
230039507002801,1
230039507002802,1
230039507002803,1
230039507002804,1
230039507002805,1
230039507002806,1
230039507002807,1
230039507002808,1
230039507002809,1
230039507002810,1
230039507002811,1
230039507002812,1
230039507002813,1
230039507002814,1
230039507002815,1
230039507002816,1
230039507002817,1
230039507002818,1
230039507002819,1
230039507002820,1
230039507002821,1
230039507002822,1
230039507002823,1
230039507002824,1
230039507002825,1
230039507002826,1
230039507002827,1
230039507002828,1
230039507002829,1
230039507002830,1
230039507002831,1
230039507002832,1
230039507002833,1
230039507002834,1
230039507002835,1
230039507002836,1
230039507002837,1
230039507002838,1
230039507002839,1
230039507002840,1
230039507002841,1
230039507002842,1
230039507002843,1
230039507002844,1
230039507002845,1
230039507002846,1
230039507002847,1
230039507002848,1
230039507002849,1
230039507002850,1
230039507002851,1
230039507002852,1
230039507002853,1
230039507002854,1
230039507002855,1
230039507002856,1
230039507002857,1
230039507002858,1
230039507002859,1
230039507002860,1
230039507002861,1
230039507002862,1
230039507002863,1
230039507002864,1
230039507002865,1
230039507002866,1
230039507002867,1
230039507002868,1
230039507002869,1
230039507002870,1
230039507002871,1
230039507002872,1
230039507002873,1
230039507002874,1
230039507002875,1
230039507002876,1
230039507002877,1
230039507002878,1
230039507002879,1
230039507002880,1
230039507002881,1
230039507002882,1
230039507002883,1
230039507002884,1
230039507002885,1
230039507002886,1
230039507002887,1
230039507002888,1
230039507002889,1
230039507002890,1
230039507002891,1
230039507002892,1
230039507002893,1
230039507002894,1
230039507002895,1
230039507002896,1
230039507002897,1
230039507002898,1
230039507002899,1
230039507002900,1
230039507002901,1
230039507002902,1
230039507002903,1
230039507002904,1
230039507002905,1
230039507002906,1
230039507002907,1
230039507002908,1
230039507002909,1
230039507002910,1
230039507002911,1
230039507002912,1
230039507002913,1
230039507002914,1
230039507002915,1
230039507002916,1
230039507002917,1
230039507002918,1
230039507002919,1
230039507002920,1
230039507002921,1
230039507002922,1
230039507002923,1
230039507002924,1
230039507002925,1
230039507002926,1
230039507002927,1
230039507002928,1
230039507002929,1
230039507002930,1
230039507002931,1
230039507002932,1
230039507002933,1
230039507002934,1
230039507002935,1
230039507002936,1
230039507002937,1
230039507002938,1
230039507002939,1
230039507002940,1
230039507002941,1
230039507002942,1
230039507002943,1
230039507002944,1
230039507002945,1
230039507002946,1
230039507002947,1
230039507002948,1
230039507002949,1
230039507002950,1
230039507002951,1
230039507002952,1
230039507002953,1
230039507002954,1
230039507002955,1
230039507002956,1
230039507002957,1
230039507002958,1
230039507002959,1
230039507002960,1
230039507002961,1
230039507002962,1
230039507002963,1
230039507002964,1
230039507002965,1
230039507002966,1
230039507002967,1
230039507002968,1
230039507002969,1
230039507002970,1
230039507002971,1
230039507002972,1
230039507002973,1
230039507002974,1
230039507002975,1
230039507002976,1
230039507002977,1
230039507002978,1
230039507002979,1
230039507002980,1
230039507002981,1
230039507002982,1
230039507002983,1
230039507002984,1
230039507002985,1
230039507002988,1
230039507002989,1
230039507002990,1
230039507002995,1
230039507002996,1
230039507002997,1
230039507002998,1
230039507002999,1
230039526002000,2
230039526002001,2
230039526002002,2
230039526002003,2
230039526002004,2
230039526002005,2
230039526002006,2
230039526002007,2
230039526002008,2
230039526002009,2
230039526002010,2
230039526002011,2
230039526002012,2
230039526002013,2
230039526002014,2
230039526002015,2
230039526002016,2
230039526002017,2
230039526002018,2
230039526002019,2
230039526002020,2
230039526002021,2
230039526002022,2
230039526002023,2
230039526002024,2
230039526002025,2
230039526002026,2
230039526002027,2
230039526002028,2
230039526002029,2
230039526002030,2
230039526002031,2
230039526002032,2
230039526002033,2
230039526002034,2
230039526002035,2
230039526002036,2
230039526002037,2
230039526002038,2
230039526002039,2
230039526002040,2
230039526002041,2
230039526002042,2
230039526002043,2
230039526002044,2
230039526002045,2
230039526002046,2
230039526002047,2
230039526002048,2
230039526002049,2
230039526002050,2
230039526002051,2
230039526002052,2
230039526002053,2
230039526002054,2
230039526002055,2
230039526002056,2
230039526002057,2
230039526002058,2
230039526002059,2
230039526002060,2
230039526002061,2
230039526002062,2
230039526002063,2
230039529002012,2
230039529002017,2
230039529002018,2
230039529002019,2
230039529002022,2
230039529002023,2
230039529002024,2
230039529002025,2
230039529002026,2
230039529002027,2
230039529002028,2
230039529002029,2
230039529002030,2
230039529002031,2
230039529002032,2
230039529002033,2
230039529002034,2
230039529002035,2
230039529002036,2
230039529002037,2
230039529002038,2
230039529002039,2
230039529002040,2
230039529002041,2
230039529002042,2
230039529002055,2
230039529002056,2
230039529003362,2
230039510001000,1
230039510001001,1
230039510001002,1
230039510001003,1
230039510001004,1
230039510001005,1
230039510001006,1
230039510001007,1
230039510001008,1
230039510001009,1
230039510001010,1
230039510001011,1
230039510001012,1
230039510001013,1
230039510001014,1
230039510001015,1
230039510001016,1
230039510001017,1
230039510001018,1
230039510001019,1
230039510001024,1
230039510001025,1
230039510001026,1
230039510001027,1
230039510001028,1
230039510001029,1
230039509001000,1
230039509001001,1
230039509001002,1
230039509001003,1
230039509001004,1
230039509001005,1
230039509001006,1
230039509001007,1
230039509001008,1
230039509001009,1
230039509001010,1
230039509001011,1
230039509001012,1
230039509001013,1
230039509001014,1
230039509001015,1
230039509001016,1
230039509001017,1
230039509001018,1
230039509001019,1
230039509001020,1
230039509001021,1
230039509001022,1
230039509001023,1
230039509001033,1
230039509001034,1
230039509001035,1
230039518001000,2
230039518001001,2
230039518001002,2
230039518001003,2
230039518001004,2
230039518001005,2
230039518001006,2
230039518001007,2
230039518001008,2
230039518001009,2
230039518001010,2
230039518001011,2
230039518001012,2
230039518001013,2
230039518001014,2
230039518001015,2
230039518001016,2
230039518001017,2
230039518001018,2
230039518001019,2
230039518001020,2
230039518001021,2
230039518001022,2
230039518001023,2
230039518001024,2
230039518001025,2
230039518001026,2
230039518001027,2
230039518001028,2
230039518001029,2
230039518001030,2
230039518001031,2
230039518001032,2
230039518002000,2
230039518002001,2
230039518002002,2
230039518002003,2
230039518002004,2
230039518002005,2
230039518002006,2
230039518002007,2
230039518002008,2
230039518002009,2
230039518002010,2
230039518002011,2
230039518002012,2
230039518002013,2
230039518002014,2
230039518002015,2
230039518002016,2
230039518002017,2
230039518003000,2
230039518003001,2
230039518003002,2
230039518003003,2
230039518003004,2
230039518003005,2
230039518003006,2
230039518003007,2
230039518003008,2
230039518003009,2
230039518003010,2
230039518003011,2
230039518003012,2
230039518003013,2
230039518003014,2
230039518003015,2
230039518003016,2
230039518003017,2
230039518003018,2
230039518003019,2
230039518003020,2
230039518003021,2
230039518003022,2
230039518003023,2
230039518003024,2
230039518003025,2
230039518003026,2
230039518004000,2
230039518004001,2
230039518004002,2
230039518004003,2
230039518004004,2
230039518004005,2
230039518004006,2
230039518004007,2
230039518004008,2
230039518004009,2
230039518004010,2
230039518004011,2
230039518004012,2
230039518004013,2
230039518004014,2
230039518004015,2
230039518004016,2
230039518004017,2
230039518004018,2
230039518004019,2
230039518004020,2
230039518004021,2
230039518004022,2
230039518004023,2
230039519001000,2
230039519001001,2
230039519001002,2
230039519001003,2
230039519001004,2
230039519001005,2
230039519001006,2
230039519001007,2
230039519001008,2
230039519001009,2
230039519001010,2
230039519001011,2
230039519001012,2
230039519001013,2
230039519001014,2
230039519001015,2
230039519001016,2
230039519001017,2
230039519001018,2
230039519001019,2
230039519001020,2
230039519001021,2
230039519001022,2
230039519001023,2
230039519001024,2
230039519001025,2
230039519001026,2
230039519001027,2
230039519001028,2
230039519001029,2
230039519001030,2
230039519001031,2
230039519001032,2
230039519001033,2
230039519002000,2
230039519002001,2
230039519002002,2
230039519002003,2
230039519002004,2
230039519002005,2
230039519002006,2
230039519002007,2
230039519002008,2
230039519002009,2
230039519002010,2
230039519002011,2
230039519002012,2
230039519002013,2
230039519002014,2
230039519002015,2
230039519002016,2
230039519002017,2
230039519002018,2
230039519002019,2
230039519002020,2
230039519002021,2
230039520001000,2
230039520001001,2
230039520001002,2
230039520001003,2
230039520001004,2
230039520001005,2
230039520001006,2
230039520001007,2
230039520001008,2
230039520001009,2
230039520001010,2
230039520001011,2
230039520001012,2
230039520001013,2
230039520001014,2
230039520001015,2
230039520001016,2
230039520001017,2
230039520001018,2
230039520001019,2
230039520001020,2
230039520001021,2
230039520001022,2
230039520001023,2
230039520001024,2
230039520001025,2
230039520001026,2
230039520001027,2
230039520001028,2
230039520001029,2
230039520001030,2
230039520001031,2
230039520001032,2
230039520001033,2
230039520001034,2
230039520001035,2
230039520001036,2
230039520001037,2
230039520001038,2
230039520001039,2
230039520001040,2
230039520001041,2
230039520001042,2
230039520001043,2
230039520001044,2
230039520001045,2
230039520001046,2
230039520001047,2
230039520001048,2
230039520001049,2
230039520001050,2
230039520001051,2
230039520001052,2
230039520002000,2
230039520002001,2
230039520002002,2
230039520002003,2
230039520002004,2
230039520002005,2
230039520002006,2
230039520002007,2
230039520002008,2
230039520002009,2
230039520002010,2
230039520002011,2
230039520002012,2
230039520002013,2
230039520002014,2
230039520002015,2
230039520002016,2
230039520002017,2
230039520002018,2
230039520002019,2
230039520002020,2
230039520002021,2
230039520002022,2
230039520002023,2
230039520002024,2
230039520002025,2
230039520002026,2
230039520002027,2
230039520002028,2
230039520002029,2
230039520002030,2
230039520002031,2
230039520002032,2
230039520002033,2
230039520002034,2
230039520002035,2
230039520002036,2
230039520002037,2
230039520002038,2
230039520002039,2
230039520002040,2
230039520002041,2
230039520002042,2
230039520002043,2
230039520002044,2
230039520002045,2
230039529003200,2
230039529003201,2
230039529003202,2
230039529003216,2
230039529003217,2
230039529003220,2
230039529003221,2
230039529003222,2
230039529003238,2
230039529003239,2
230039529003240,2
230039529003241,2
230039529003242,2
230039529003247,2
230039529003248,2
230039529003249,2
230039529003250,2
230039529003251,2
230039529003252,2
230039529003253,2
230039529003254,2
230039529003261,2
230039529003345,2
230039529003346,2
230039529003364,2
230039529003365,2
230039529003366,2
230039529003367,2
230039529003368,2
230039529003369,2
230039529003370,2
230039529003371,2
230039529003372,2
230039529003373,2
230039529003388,2
230039504001000,1
230039504001001,1
230039504001002,1
230039504001003,1
230039504001004,1
230039504001005,1
230039504001006,1
230039504001007,1
230039504001008,1
230039504001009,1
230039504001010,1
230039504001011,1
230039504001012,1
230039504001013,1
230039504001014,1
230039504001015,1
230039504001016,1
230039504001017,1
230039504001018,1
230039504001019,1
230039504001020,1
230039504001021,1
230039504001022,1
230039504001023,1
230039504001024,1
230039504001025,1
230039504001026,1
230039504001027,1
230039504001028,1
230039504001029,1
230039504001030,1
230039504001031,1
230039504001032,1
230039504001033,1
230039504001034,1
230039504001035,1
230039504001036,1
230039504001037,1
230039504001038,1
230039504001039,1
230039504001040,1
230039504001041,1
230039504001042,1
230039504001043,1
230039504001044,1
230039507002128,1
230039507002129,1
230039507002143,1
230039507002144,1
230039507002145,1
230039507002146,1
230039507002147,1
230039507002151,1
230039507002152,1
230039507002153,1
230039507002170,1
230039507002171,1
230039507002178,1
230039507002179,1
230039507002994,1
230039507002130,1
230039507002131,1
230039507002132,1
230039507002133,1
230039507002134,1
230039507002135,1
230039507002136,1
230039507002137,1
230039507002138,1
230039507002139,1
230039507002140,1
230039507002141,1
230039507002142,1
230039507002148,1
230039507002149,1
230039507002150,1
230039507002180,1
230039507002181,1
230039507002182,1
230039507002183,1
230039507002184,1
230039507002185,1
230039507002188,1
230039507002189,1
230039507002190,1
230039507002191,1
230039507002192,1
230039527003000,2
230039527003001,2
230039527003002,2
230039527003003,2
230039527003004,2
230039527003005,2
230039527003006,2
230039527003007,2
230039527003008,2
230039527003009,2
230039527003010,2
230039527003011,2
230039527003012,2
230039527003013,2
230039527003014,2
230039527003015,2
230039527003016,2
230039527003017,2
230039527003018,2
230039527003019,2
230039527003020,2
230039527003021,2
230039527003022,2
230039527003023,2
230039527003024,2
230039527003025,2
230039527003026,2
230039527003027,2
230039527003028,2
230039527003029,2
230039527003030,2
230039527003031,2
230039527003032,2
230039527003033,2
230039527003034,2
230039527003035,2
230039527003036,2
230039527003037,2
230039527003038,2
230039527003039,2
230039527003040,2
230039527003041,2
230039527003042,2
230039527003043,2
230039527003044,2
230039527003045,2
230039527003046,2
230039527003047,2
230039527003048,2
230039527003049,2
230039527003050,2
230039526001039,2
230039526001040,2
230039526001041,2
230039526001045,2
230039526001052,2
230039526001053,2
230039526001054,2
230039526001055,2
230039526001056,2
230039526001057,2
230039526001058,2
230039526001059,2
230039526001060,2
230039526001061,2
230039526001062,2
230039526001063,2
230039526001064,2
230039526001065,2
230039526001066,2
230039526001067,2
230039526001068,2
230039526001069,2
230039526001070,2
230039526001071,2
230039526001072,2
230039526001073,2
230039526001076,2
230039526001077,2
230039526001078,2
230039526001079,2
230039526001080,2
230039526001081,2
230039526001082,2
230039526001083,2
230039529001042,2
230039529001043,2
230039529001044,2
230039529001045,2
230039529001046,2
230039529001047,2
230039529001048,2
230039529001049,2
230039529001050,2
230039529001051,2
230039529001052,2
230039529001053,2
230039529001054,2
230039529001055,2
230039529001056,2
230039529001057,2
230039529001058,2
230039529001059,2
230039529001060,2
230039529001061,2
230039529001062,2
230039529001063,2
230039529001064,2
230039529003000,2
230039529003001,2
230039529003002,2
230039529003003,2
230039529003004,2
230039529003005,2
230039529003006,2
230039529003007,2
230039529003008,2
230039529003009,2
230039529003010,2
230039529003011,2
230039529003012,2
230039529003013,2
230039529003014,2
230039529003015,2
230039529003016,2
230039529003017,2
230039529003018,2
230039529003019,2
230039529003020,2
230039529003021,2
230039529003022,2
230039529003023,2
230039529003024,2
230039529003025,2
230039529003026,2
230039529003027,2
230039529003028,2
230039529003029,2
230039529003030,2
230039529003031,2
230039529003032,2
230039529003033,2
230039529003034,2
230039529003035,2
230039529003036,2
230039529003037,2
230039529003038,2
230039529003039,2
230039529003040,2
230039529003041,2
230039529003042,2
230039529003043,2
230039529003044,2
230039529003045,2
230039529003046,2
230039529003047,2
230039529003048,2
230039529003049,2
230039529003050,2
230039529003051,2
230039529003052,2
230039529003053,2
230039529003054,2
230039529003055,2
230039529003056,2
230039529003057,2
230039529003058,2
230039529003059,2
230039529003060,2
230039529003061,2
230039529003062,2
230039529003063,2
230039529003064,2
230039529003065,2
230039529003066,2
230039529003067,2
230039529003068,2
230039529003069,2
230039529003070,2
230039529003071,2
230039529003072,2
230039529003073,2
230039529003074,2
230039529003075,2
230039529003076,2
230039529003077,2
230039529003078,2
230039529003079,2
230039529003080,2
230039529003081,2
230039529003082,2
230039529003083,2
230039529003084,2
230039529003085,2
230039529003086,2
230039529003087,2
230039529003088,2
230039529003089,2
230039529003090,2
230039529003091,2
230039529003092,2
230039529003093,2
230039529003094,2
230039529003095,2
230039529003096,2
230039529003097,2
230039529003098,2
230039529003099,2
230039529003100,2
230039529003101,2
230039529003102,2
230039529003103,2
230039529003104,2
230039529003105,2
230039529003106,2
230039529003107,2
230039529003108,2
230039529003109,2
230039529003110,2
230039529003111,2
230039529003112,2
230039529003113,2
230039529003114,2
230039529003120,2
230039529003121,2
230039529003122,2
230039529003123,2
230039529003124,2
230039529003125,2
230039529003126,2
230039529003127,2
230039529003128,2
230039529003129,2
230039529003130,2
230039529003131,2
230039529003132,2
230039529003133,2
230039529003134,2
230039529003135,2
230039529003136,2
230039529003137,2
230039529003138,2
230039529003139,2
230039529003140,2
230039529003141,2
230039529003142,2
230039529003143,2
230039529003144,2
230039529003145,2
230039529003146,2
230039529003147,2
230039529003148,2
230039529003149,2
230039529003152,2
230039529003153,2
230039529003154,2
230039529003162,2
230039529003163,2
230039529003195,2
230039529003196,2
230039529003197,2
230039529003198,2
230039529003199,2
230039529003255,2
230039529003256,2
230039529003257,2
230039529003258,2
230039529003259,2
230039529003260,2
230039529003262,2
230039529003263,2
230039529003264,2
230039529003265,2
230039529003266,2
230039529003267,2
230039529003268,2
230039529003269,2
230039529003270,2
230039529003271,2
230039529003272,2
230039529003273,2
230039529003274,2
230039529003275,2
230039529003276,2
230039529003277,2
230039529003278,2
230039529003279,2
230039529003280,2
230039529003281,2
230039529003282,2
230039529003283,2
230039529003284,2
230039529003285,2
230039529003286,2
230039529003287,2
230039529003288,2
230039529003289,2
230039529003290,2
230039529003291,2
230039529003292,2
230039529003293,2
230039529003294,2
230039529003295,2
230039529003296,2
230039529003297,2
230039529003298,2
230039529003299,2
230039529003300,2
230039529003301,2
230039529003302,2
230039529003303,2
230039529003306,2
230039529003307,2
230039529003308,2
230039529003309,2
230039529003320,2
230039529003321,2
230039529003322,2
230039529003323,2
230039529003324,2
230039529003325,2
230039529003326,2
230039529003327,2
230039529003328,2
230039529003329,2
230039529003330,2
230039529003331,2
230039529003332,2
230039529003333,2
230039529003334,2
230039529003335,2
230039529003339,2
230039529003350,2
230039529003351,2
230039529003352,2
230039529003353,2
230039529003354,2
230039529003355,2
230039529003357,2
230039529003358,2
230039529003359,2
230039529003360,2
230039529003361,2
230039529003363,2
230039529003384,2
230039529003386,2
230039529003387,2
230039529003389,2
230039529003390,2
230039501002000,1
230039501002001,1
230039501002002,1
230039501002003,1
230039501002004,1
230039501002005,1
230039501002006,1
230039501002007,1
230039501002008,1
230039501002009,1
230039501002010,1
230039501002011,1
230039501002012,1
230039501002013,1
230039501002014,1
230039501002015,1
230039501002016,1
230039501002017,1
230039501002018,1
230039501002019,1
230039501002020,1
230039501002021,1
230039501002022,1
230039501002023,1
230039501002024,1
230039501002025,1
230039501002026,1
230039501002027,1
230039501002028,1
230039501002029,1
230039501002030,1
230039501002031,1
230039501002032,1
230039501002033,1
230039501002034,1
230039501002035,1
230039501002036,1
230039501002037,1
230039501002038,1
230039501002039,1
230039501002040,1
230039501002041,1
230039501002042,1
230039501002043,1
230039501002044,1
230039501002045,1
230039501002046,1
230039501002047,1
230039501002048,1
230039501002049,1
230039501002050,1
230039501002051,1
230039501002052,1
230039501002053,1
230039501002054,1
230039501002055,1
230039501002056,1
230039501002057,1
230039501002058,1
230039501002059,1
230039501002060,1
230039501002061,1
230039501002062,1
230039501002063,1
230039501002064,1
230039501002065,1
230039501002066,1
230039501002067,1
230039501002068,1
230039501002069,1
230039501002070,1
230039501002071,1
230039501002072,1
230039501002073,1
230039501002074,1
230039501002075,1
230039501002076,1
230039501002077,1
230039501002078,1
230039501002079,1
230039501002080,1
230039501002081,1
230039501002082,1
230039501002083,1
230039501002084,1
230039501002085,1
230039501002086,1
230039501002087,1
230039501002088,1
230039501002089,1
230039501002090,1
230039501002091,1
230039501002092,1
230039501002093,1
230039501002094,1
230039501002095,1
230039501002096,1
230039501002097,1
230039501002098,1
230039501002099,1
230039501002100,1
230039501002101,1
230039501002102,1
230039501002103,1
230039501002104,1
230039501002105,1
230039501002106,1
230039501002107,1
230039501002108,1
230039501002109,1
230039501002110,1
230039501002111,1
230039501002112,1
230039501002113,1
230039501002114,1
230039501002115,1
230039501002116,1
230039501002117,1
230039501002118,1
230039501002119,1
230039501002120,1
230039501002121,1
230039501002122,1
230039501002123,1
230039501002124,1
230039501002125,1
230039501002126,1
230039501002127,1
230039501002128,1
230039501002129,1
230039501002130,1
230039501002131,1
230039501002132,1
230039501002133,1
230039501002134,1
230039501002135,1
230039501002136,1
230039501002137,1
230039501002138,1
230039501002139,1
230039501002140,1
230039501002141,1
230039501002142,1
230039501002143,1
230039501002144,1
230039501002145,1
230039501002146,1
230039501002147,1
230039501002148,1
230039501002149,1
230039501002150,1
230039501002151,1
230039501002152,1
230039501002153,1
230039501002154,1
230039501002155,1
230039501002156,1
230039501002157,1
230039501002158,1
230039501002159,1
230039501002160,1
230039501002161,1
230039501002162,1
230039501002163,1
230039501002164,1
230039501002165,1
230039501002166,1
230039501002167,1
230039501002168,1
230039501002169,1
230039501002170,1
230039501002171,1
230039501002172,1
230039501002173,1
230039501002174,1
230039501002175,1
230039501002176,1
230039501002177,1
230039501002178,1
230039501002179,1
230039501002180,1
230039501002181,1
230039501002182,1
230039501002183,1
230039501002184,1
230039501002185,1
230039501002186,1
230039501002187,1
230039501002188,1
230039501002189,1
230039501002190,1
230039501002191,1
230039501002192,1
230039501002193,1
230039501002194,1
230039501002195,1
230039501002196,1
230039501002197,1
230039501002198,1
230039501002199,1
230039501002200,1
230039501002201,1
230039501002202,1
230039501002203,1
230039501002204,1
230039501002205,1
230039501002206,1
230039501002207,1
230039501002208,1
230039501002209,1
230039501002210,1
230039501002211,1
230039501002212,1
230039501002213,1
230039501002214,1
230039501002215,1
230039501002216,1
230039501002217,1
230039501002218,1
230039501002219,1
230039501002220,1
230039501002221,1
230039501002222,1
230039501002223,1
230039501002224,1
230039501002225,1
230039501002226,1
230039501002227,1
230039501002228,1
230039501002229,1
230039501002230,1
230039501002231,1
230039501002232,1
230039501002233,1
230039501002234,1
230039501003041,1
230039501003042,1
230039501003043,1
230039501003044,1
230039501003045,1
230039501003046,1
230039501003047,1
230039501003048,1
230039501003049,1
230039501003050,1
230039501003051,1
230039501003052,1
230039501003053,1
230039501003054,1
230039501003058,1
230039501003059,1
230039501003060,1
230039501003061,1
230039501003062,1
230039501003063,1
230039501003064,1
230039501003065,1
230039501003066,1
230039501003067,1
230039501003068,1
230039501003069,1
230039501003070,1
230039501003142,1
230039501003143,1
230039501003144,1
230039501003145,1
230039501003146,1
230039502001000,1
230039502001001,1
230039502001002,1
230039502001003,1
230039502001004,1
230039502001005,1
230039502001006,1
230039502001007,1
230039502001008,1
230039502001009,1
230039502001010,1
230039502001011,1
230039502001012,1
230039502001013,1
230039502001014,1
230039502001015,1
230039502001016,1
230039502001017,1
230039502001018,1
230039502001019,1
230039502001020,1
230039502001021,1
230039502001022,1
230039502001023,1
230039502001024,1
230039502001025,1
230039502001026,1
230039502002000,1
230039502002001,1
230039502002002,1
230039502002003,1
230039502002004,1
230039502002005,1
230039502002006,1
230039502002007,1
230039502002008,1
230039502002009,1
230039502002010,1
230039502002011,1
230039502002012,1
230039502002013,1
230039502002014,1
230039502002015,1
230039502002016,1
230039502003024,1
230039502003025,1
230039502003026,1
230039502003027,1
230039502003028,1
230039502003029,1
230039502003030,1
230039502003031,1
230039502003032,1
230039502003033,1
230039502003034,1
230039502003035,1
230039502003036,1
230039502003037,1
230039502003038,1
230039502003057,1
230039502003058,1
230039502003059,1
230039502003060,1
230039502003061,1
230039502003062,1
230039502003063,1
230039502003064,1
230039502003065,1
230039502003066,1
230039502003067,1
230039502003068,1
230039502003069,1
230039502003070,1
230039502003071,1
230039502003072,1
230039502003073,1
230039502003074,1
230039502003075,1
230039502003076,1
230039502003077,1
230039502003078,1
230039502003079,1
230039502003080,1
230039502003081,1
230039502003082,1
230039502003083,1
230039502003084,1
230039502003085,1
230039502003086,1
230039502003087,1
230039502003089,1
230039510001020,1
230039510001021,1
230039510001022,1
230039510001023,1
230039510001030,1
230039510001031,1
230039510001032,1
230039510001033,1
230039510001034,1
230039510001035,1
230039510001036,1
230039510001037,1
230039510001038,1
230039510001039,1
230039510001040,1
230039510001041,1
230039510001042,1
230039510001043,1
230039510001044,1
230039510001045,1
230039510001046,1
230039510001047,1
230039510001048,1
230039510001049,1
230039510001050,1
230039507001012,1
230039507001013,1
230039507001014,1
230039507001015,1
230039507001016,1
230039507001017,1
230039507001018,1
230039507001019,1
230039507001020,1
230039507001021,1
230039507001022,1
230039507001023,1
230039507001024,1
230039507001025,1
230039507001026,1
230039507001027,1
230039507001028,1
230039507001029,1
230039507001030,1
230039507001031,1
230039507001032,1
230039507001033,1
230039507001034,1
230039507001035,1
230039507001036,1
230039507001037,1
230039507001038,1
230039507001039,1
230039507001040,1
230039507001045,1
230039507001046,1
230039507001049,1
230039507001050,1
230039507001051,1
230039507001052,1
230039507001053,1
230039507001054,1
230039507001055,1
230039507001056,1
230039507001057,1
230039507001058,1
230039507001059,1
230039507001060,1
230039507001062,1
230039507001063,1
230039507001071,1
230039507001072,1
230039507001073,1
230039507001074,1
230039507001078,1
230039507001081,1
230039507001082,1
230039507001083,1
230039507001084,1
230039507001085,1
230039507001086,1
230039507001087,1
230039507001088,1
230039507001089,1
230039510003000,1
230039510003001,1
230039510003002,1
230039510003003,1
230039510003004,1
230039510003005,1
230039510003006,1
230039510003007,1
230039510003008,1
230039510003009,1
230039510003010,1
230039510003011,1
230039510003012,1
230039510003013,1
230039510003014,1
230039510003015,1
230039510003016,1
230039510003017,1
230039510003018,1
230039510003019,1
230039510003020,1
230039510003021,1
230039510003022,1
230039510003023,1
230039510003024,1
230039510003025,1
230039510004000,1
230039510004001,1
230039510004002,1
230039510004003,1
230039510004004,1
230039510004005,1
230039510004006,1
230039510004007,1
230039510004008,1
230039510004009,1
230039510004010,1
230039510004011,1
230039510004012,1
230039510004013,1
230039510004014,1
230039510004015,1
230039510004016,1
230039510004017,1
230039510004018,1
230039510004019,1
230039510004020,1
230039510004021,1
230039510004022,1
230039510004023,1
230039510004024,1
230039510004025,1
230039510004026,1
230039510004027,1
230039510004028,1
230039510004029,1
230039510004030,1
230039510004031,1
230039510004032,1
230039510004033,1
230039510004034,1
230039510004035,1
230039510004036,1
230039510004037,1
230039510004038,1
230039510004039,1
230039510004040,1
230039510004041,1
230039510004042,1
230039510004043,1
230039510004044,1
230039510004045,1
230039510004046,1
230039510004047,1
230039510004048,1
230039510004049,1
230039521003003,2
230039521003004,2
230039521003005,2
230039521003006,2
230039521003007,2
230039521003008,2
230039521003009,2
230039521003010,2
230039521003011,2
230039521003012,2
230039521003013,2
230039521003014,2
230039521003015,2
230039521003016,2
230039521003017,2
230039521003018,2
230039521003019,2
230039521003020,2
230039521003021,2
230039521003026,2
230039521003027,2
230039521003048,2
230039521003049,2
230039521003050,2
230039521003051,2
230039501001013,1
230039501001014,1
230039501001016,1
230039501001017,1
230039501001018,1
230039501001019,1
230039501001020,1
230039501001021,1
230039501001022,1
230039501001023,1
230039501001024,1
230039501001025,1
230039501001026,1
230039501001027,1
230039501001028,1
230039501001029,1
230039501001030,1
230039501001031,1
230039501001032,1
230039501001033,1
230039501001035,1
230039501001036,1
230039501001037,1
230039501001038,1
230039501001039,1
230039501001040,1
230039501001041,1
230039501001042,1
230039501001070,1
230039501001075,1
230039501001076,1
230039501001077,1
230039501001081,1
230039529002043,2
230039529002044,2
230039529002045,2
230039529002046,2
230039529002047,2
230039529002048,2
230039529002049,2
230039529002050,2
230039529002051,2
230039529002052,2
230039529002053,2
230039529002054,2
230039529002057,2
230039529002058,2
230039529002059,2
230039529002060,2
230039529002061,2
230039529002062,2
230039529002063,2
230039529002064,2
230039529002065,2
230039529002066,2
230039529002067,2
230039529002068,2
230039529002069,2
230039507003053,1
230039507003054,1
230039507003055,1
230039507003056,1
230039507003057,1
230039507003058,1
230039507003059,1
230039507003060,1
230039507003061,1
230039507003062,1
230039507003063,1
230039507003064,1
230039507003065,1
230039507003066,1
230039507003067,1
230039507003068,1
230039507003069,1
230039507003070,1
230039507003071,1
230039507003072,1
230039507003073,1
230039507003074,1
230039507003075,1
230039507003076,1
230039507003077,1
230039507003078,1
230039507003079,1
230039507003080,1
230039507003081,1
230039507003082,1
230039507003085,1
230039507003087,1
230039507003088,1
230039507003089,1
230039510002000,1
230039510002001,1
230039510002002,1
230039510002003,1
230039510002004,1
230039510002005,1
230039510002006,1
230039510002007,1
230039510002008,1
230039510002009,1
230039510002010,1
230039510002011,1
230039510002012,1
230039510002013,1
230039510002014,1
230039510002015,1
230039510002016,1
230039510002017,1
230039510002018,1
230039510002019,1
230039510002020,1
230039510002021,1
230039510002022,1
230039510002023,1
230039510002024,1
230039510002025,1
230039510002026,1
230039510002027,1
230039510002028,1
230039510002029,1
230039510002030,1
230039510002031,1
230039510002032,1
230039510002033,1
230039510002034,1
230039510002035,1
230039510002036,1
230039510002037,1
230039510002038,1
230039510002039,1
230039510002040,1
230039510002041,1
230039510002042,1
230039510002043,1
230039510002044,1
230039510002045,1
230039510002046,1
230039510002047,1
230039510002048,1
230039510002049,1
230039510002050,1
230039510002051,1
230039510002052,1
230039510002053,1
230079710005000,17
230079710005001,17
230079710005002,17
230079710005003,17
230079710005004,17
230079710005005,17
230079710005006,17
230079710005007,17
230079710005008,17
230079710005009,17
230079710005010,17
230079710005011,17
230079710005012,17
230079710005013,17
230079710005014,17
230079710005015,17
230079710005016,17
230079710005017,17
230079710005018,17
230079710005019,17
230079710005020,17
230079710005021,17
230079710005022,17
230079710005023,17
230079710005024,17
230079710005025,17
230079710005026,17
230079710005027,17
230079710005028,17
230079701013000,17
230079701013001,17
230079701013002,17
230079701013003,17
230079701013004,17
230079701013005,17
230079701013006,17
230079701013007,17
230079701013008,17
230079701013009,17
230079701013010,17
230079701013011,17
230079701013012,17
230079701013013,17
230079701013014,17
230079701013015,17
230079701013016,17
230079701013017,17
230079701013018,17
230079701013019,17
230079701013020,17
230079701013021,17
230079701013022,17
230079701013023,17
230079701013024,17
230079701013025,17
230079701013026,17
230079701013027,17
230079701013028,17
230079701013029,17
230079701013030,17
230079701013031,17
230079701013032,17
230079701013033,17
230079701013034,17
230079701013035,17
230079701013036,17
230079701013037,17
230079701013038,17
230079701013039,17
230079701013040,17
230079701013041,17
230079701013042,17
230079701013043,17
230079701013044,17
230079701013045,17
230079701013046,17
230079701013047,17
230079701013048,17
230079701013049,17
230079701013050,17
230079701013051,17
230079701013052,17
230079701013053,17
230079701013054,17
230079701013055,17
230079701013056,17
230079701013057,17
230079701013058,17
230079701013059,17
230079701013060,17
230079701013061,17
230079701013062,17
230079701013063,17
230079701013064,17
230079701013065,17
230079701013066,17
230079701013067,17
230079701013068,17
230079701013069,17
230079706021036,17
230079706021037,17
230079706021040,17
230079706021041,17
230079706021048,17
230079706021049,17
230079706021050,17
230079706021051,17
230079706021052,17
230079706021053,17
230079706021054,17
230079706021055,17
230079706021063,17
230079706021065,17
230079706021066,17
230079706021067,17
230079706021068,17
230079706021069,17
230079706021070,17
230079706021071,17
230079706021072,17
230079706021073,17
230079706021074,17
230079706021075,17
230079706021076,17
230079706021077,17
230079706021078,17
230079706021079,17
230079706021080,17
230079706021081,17
230079706021082,17
230079706021083,17
230079706021084,17
230079706021085,17
230079706021086,17
230079706021087,17
230079706021099,17
230079706021102,17
230079711001000,17
230079711001001,17
230079711001002,17
230079711001003,17
230079711001004,17
230079711001005,17
230079711001006,17
230079711001007,17
230079711001008,17
230079711001009,17
230079711001010,17
230079711001011,17
230079711001012,17
230079711001013,17
230079711001014,17
230079711001015,17
230079711001016,17
230079711001017,17
230079711001018,17
230079711001019,17
230079711001020,17
230079711001021,17
230079711001022,17
230079711001023,17
230079711001024,17
230079711001025,17
230079711001026,17
230079711001027,17
230079711001028,17
230079711001029,17
230079711001030,17
230079711001031,17
230079711001032,17
230079711001033,17
230079711001034,17
230079711001035,17
230079711001036,17
230079711001037,17
230079711001038,17
230079711001039,17
230079711001040,17
230079711001041,17
230079711001042,17
230079711001043,17
230079711001044,17
230079711001045,17
230079711001046,17
230079701023001,17
230079701023002,17
230079701023003,17
230079701023004,17
230079701023005,17
230079701023006,17
230079701023007,17
230079701023008,17
230079701023009,17
230079701023010,17
230079701023011,17
230079701023012,17
230079701023013,17
230079701023014,17
230079701023015,17
230079701023016,17
230079701023017,17
230079701023018,17
230079701023019,17
230079701023031,17
230079701023032,17
230079701023033,17
230079701023035,17
230079706013000,17
230079706013001,17
230079706013002,17
230079706013003,17
230079706013004,17
230079706013005,17
230079706013006,17
230079706013007,17
230079706013008,17
230079706013009,17
230079706013010,17
230079706013011,17
230079706013012,17
230079706013013,17
230079706013014,17
230079706013015,17
230079706013016,17
230079706013017,17
230079706013018,17
230079706013019,17
230079706013020,17
230079706013021,17
230079706013022,17
230079706013023,17
230079706013024,17
230079706013025,17
230079706013026,17
230079706013027,17
230079706013028,17
230079706013029,17
230079706013040,17
230079706013041,17
230079706013042,17
230079706013043,17
230079706013044,17
230079706013052,17
230079701012000,17
230079701012001,17
230079701012002,17
230079701012003,17
230079701012004,17
230079701012005,17
230079701012006,17
230079701012007,17
230079701012008,17
230079701012009,17
230079701012010,17
230079701012011,17
230079701012012,17
230079701012013,17
230079701012014,17
230079701012015,17
230079701012016,17
230079701012017,17
230079701012018,17
230079701012019,17
230079701012020,17
230079701012021,17
230079701012022,17
230079701012023,17
230079701012024,17
230079701012025,17
230079701012026,17
230079701012027,17
230079701012028,17
230079701012029,17
230079701012030,17
230079701012031,17
230079701012032,17
230079701012033,17
230079701012034,17
230079701012035,17
230079701012036,17
230079701012037,17
230079701012038,17
230079701012039,17
230079701012040,17
230079701012041,17
230079701012042,17
230079701012043,17
230079701012044,17
230079701012045,17
230079701012046,17
230079701012047,17
230079701012048,17
230079701012049,17
230079701012050,17
230079701012051,17
230079701012052,17
230079701012053,17
230079701012054,17
230079701012055,17
230079701012056,17
230079701012057,17
230079701012058,17
230079701012059,17
230079701012060,17
230079706023000,17
230079706023001,17
230079706023002,17
230079706023003,17
230079706023004,17
230079706023005,17
230079706023006,17
230079706023007,17
230079706023008,17
230079706023009,17
230079706023010,17
230079706023011,17
230079706023014,17
230079706023015,17
230079706023016,17
230079706023017,17
230079706023018,17
230079706023019,17
230079706023020,17
230079706023033,17
230079706023034,17
230079706023035,17
230079706023036,17
230079706023037,17
230079706023038,17
230079701021000,17
230079701021001,17
230079701021002,17
230079701021003,17
230079701021004,17
230079701021005,17
230079701021006,17
230079701021007,17
230079701021008,17
230079701021009,17
230079701021010,17
230079701021011,17
230079701021012,17
230079701021013,17
230079701021014,17
230079701021015,17
230079701021016,17
230079701021017,17
230079701021018,17
230079701021019,17
230079701021020,17
230079701021021,17
230079701021022,17
230079701021023,17
230079701021024,17
230079701021025,17
230079701021026,17
230079701021027,17
230079701021028,17
230079701021029,17
230079701021030,17
230079701021031,17
230079701021032,17
230079701021033,17
230079701021034,17
230079701021035,17
230079701021036,17
230079701021037,17
230079701021038,17
230079701021039,17
230079701021040,17
230079701021041,17
230079701021042,17
230079701021043,17
230079701021044,17
230079701021045,17
230079701021046,17
230079701021047,17
230079701021048,17
230079712011000,17
230079712011001,17
230079712011002,17
230079712011003,17
230079712011004,17
230079712011005,17
230079712011006,17
230079712011007,17
230079712011008,17
230079712011009,17
230079712011010,17
230079712012000,17
230079712012001,17
230079712012002,17
230079712012003,17
230079712012004,17
230079712012005,17
230079712012006,17
230079712012007,17
230079712013000,17
230079712013001,17
230079712013002,17
230079712013003,17
230079712013004,17
230079712013005,17
230079712013006,17
230079712013007,17
230079712013008,17
230079712013009,17
230079712013010,17
230079712013011,17
230079712013012,17
230079712013013,17
230079712014000,17
230079712014001,17
230079712014002,17
230079712014003,17
230079712014004,17
230079712014005,17
230079712014006,17
230079712014007,17
230079712014008,17
230079712014009,17
230079712014010,17
230079712014011,17
230079712014012,17
230079712014013,17
230079712014014,17
230079712014015,17
230079712014016,17
230079712014017,17
230079712014018,17
230079712014019,17
230079712014020,17
230079712014021,17
230079712014022,17
230079712014023,17
230079712014024,17
230079712014025,17
230079712014026,17
230079712014027,17
230079712014028,17
230079712014029,17
230079712014030,17
230079712014031,17
230079712014032,17
230079712014033,17
230079712014034,17
230079712014035,17
230079712014036,17
230079712014037,17
230079712014038,17
230079712014039,17
230079712014040,17
230079712014041,17
230079712014042,17
230079712014043,17
230079712014044,17
230079712014045,17
230079712014046,17
230079712014047,17
230079712014048,17
230079712014049,17
230079712021000,17
230079712021001,17
230079712021002,17
230079712021003,17
230079712021004,17
230079712021005,17
230079712021006,17
230079712021007,17
230079712021008,17
230079712021009,17
230079712021010,17
230079712021011,17
230079712021012,17
230079712021013,17
230079712021014,17
230079712021015,17
230079712021016,17
230079712021017,17
230079712022000,17
230079712022001,17
230079712022002,17
230079712022003,17
230079712022004,17
230079712022005,17
230079712022006,17
230079712022007,17
230079712022008,17
230079712022009,17
230079712022010,17
230079712022011,17
230079712022012,17
230079712022013,17
230079712022014,17
230079712022015,17
230079712022016,17
230079712022017,17
230079712022018,17
230079712022019,17
230079712022020,17
230079712022021,17
230079712023000,17
230079712023001,17
230079712023002,17
230079712023003,17
230079712023004,17
230079712023005,17
230079712023006,17
230079712023007,17
230079712023008,17
230079712023009,17
230079712023010,17
230079712024000,17
230079712024001,17
230079712024002,17
230079712024003,17
230079712024004,17
230079712024005,17
230079712024006,17
230079712024007,17
230079712024008,17
230079712024009,17
230079712024010,17
230079712024011,17
230079712024012,17
230079712024013,17
230079712024014,17
230079712024015,17
230079712024016,17
230079712024017,17
230079712024018,17
230079712024019,17
230079712024020,17
230079712024021,17
230079712024022,17
230079712024023,17
230079712024024,17
230079712024025,17
230079712024026,17
230079712024027,17
230079712024028,17
230079712024029,17
230079712024030,17
230079710003000,17
230079710003001,17
230079710003002,17
230079710003003,17
230079710003004,17
230079710003005,17
230079710003006,17
230079710003007,17
230079710003008,17
230079710003009,17
230079710003010,17
230079710003011,17
230079710003012,17
230079710003013,17
230079710003014,17
230079710003015,17
230079710003016,17
230079710003017,17
230079710003018,17
230079710003019,17
230079710003020,17
230079710003021,17
230079710003022,17
230079710003023,17
230079710003024,17
230079710003025,17
230079710003026,17
230079710003027,17
230079710003028,17
230079710003029,17
230079710003030,17
230079710003031,17
230079710003032,17
230079710003033,17
230079710003034,17
230079710003035,17
230079710003036,17
230079710003037,17
230079710003038,17
230079710003039,17
230079710003040,17
230079714001000,17
230079714001001,17
230079714001002,17
230079714001003,17
230079714001004,17
230079714001005,17
230079714001006,17
230079714001007,17
230079714001008,17
230079714001009,17
230079714001010,17
230079714001011,17
230079714001012,17
230079714001013,17
230079714001014,17
230079714001015,17
230079714001016,17
230079714001017,17
230079714001018,17
230079714001019,17
230079714001020,17
230079714001021,17
230079714001022,17
230079714001023,17
230079714001024,17
230079714001025,17
230079714002000,17
230079714002001,17
230079714002002,17
230079714002003,17
230079714002004,17
230079714002005,17
230079714002006,17
230079714002007,17
230079714002008,17
230079714002009,17
230079714003000,17
230079714003001,17
230079714003002,17
230079714003003,17
230079714003004,17
230079714003005,17
230079714003006,17
230079714003007,17
230079714003008,17
230079714003009,17
230079714003010,17
230079714003011,17
230079714003012,17
230079714003013,17
230079714004000,17
230079714004001,17
230079714004002,17
230079714004003,17
230079714004004,17
230079714004005,17
230079714004006,17
230079714004007,17
230079714004008,17
230079714004009,17
230079714004010,17
230079714004011,17
230079714004012,17
230079714004013,17
230079714004014,17
230079714004015,17
230079714004016,17
230079714004017,17
230079714004018,17
230079714005000,17
230079714005001,17
230079714005002,17
230079714005003,17
230079714005004,17
230079714005005,17
230079714005006,17
230079714005007,17
230079714005008,17
230079714005009,17
230079714005010,17
230079714005011,17
230079714005012,17
230079714005013,17
230079714005014,17
230079714005015,17
230079714005016,17
230079714005017,17
230079714005018,17
230079714005019,17
230079714005020,17
230079714005021,17
230079714005022,17
230079714005023,17
230079714005024,17
230079714005025,17
230079714005026,17
230079714005027,17
230079714005028,17
230079714005029,17
230079714005030,17
230079714005031,17
230079714005032,17
230079714005033,17
230079714005034,17
230079714005035,17
230079714005036,17
230079714005037,17
230079714005038,17
230079714005039,17
230079714005040,17
230079714005041,17
230079714005042,17
230079714005043,17
230079714005044,17
230079714005045,17
230079714005046,17
230079714006000,17
230079714006001,17
230079714006002,17
230079714006003,17
230079714006004,17
230079714006005,17
230079714006006,17
230079714006007,17
230079714006008,17
230079714006009,17
230079714006010,17
230079714006011,17
230079714006012,17
230079701011000,17
230079701011001,17
230079701011002,17
230079701011003,17
230079701011004,17
230079701011005,17
230079701011006,17
230079701011007,17
230079701011008,17
230079701011009,17
230079701011010,17
230079701011011,17
230079701011012,17
230079701011013,17
230079701011014,17
230079701011015,17
230079701011016,17
230079701011017,17
230079701011018,17
230079701011019,17
230079701011020,17
230079701011021,17
230079701011022,17
230079701011023,17
230079701011024,17
230079701011025,17
230079701011026,17
230079701011027,17
230079701011028,17
230079701011029,17
230079701011030,17
230079701011031,17
230079701011032,17
230079701011033,17
230079701011034,17
230079701011035,17
230079701011036,17
230079701011037,17
230079701011038,17
230079701011039,17
230079701011040,17
230079701011041,17
230079701011042,17
230079701011043,17
230079701011044,17
230079701011045,17
230079701011046,17
230079701011047,17
230079701011048,17
230079701011049,17
230079701011050,17
230079701011051,17
230079701011052,17
230079701011053,17
230079701011054,17
230079701011055,17
230079711002000,17
230079711002001,17
230079711002002,17
230079711002003,17
230079711002004,17
230079711002005,17
230079711002006,17
230079711002007,17
230079711002008,17
230079711002009,17
230079711002010,17
230079711002011,17
230079711002012,17
230079711002013,17
230079711002014,17
230079711002015,17
230079711002016,17
230079711002017,17
230079711002018,17
230079711002019,17
230079711002020,17
230079711002021,17
230079711003000,17
230079711003001,17
230079711003002,17
230079711003003,17
230079711003004,17
230079711003005,17
230079711003006,17
230079711003007,17
230079711003008,17
230079711003009,17
230079711003010,17
230079711003011,17
230079711003012,17
230079711003013,17
230079711003014,17
230079711003015,17
230079711003016,17
230079711003017,17
230079711003018,17
230079711003019,17
230079711003020,17
230079711003021,17
230079711003022,17
230079711003023,17
230079711003024,17
230079711003025,17
230079711003026,17
230079711003027,17
230079711003028,17
230079711003029,17
230079710002000,17
230079710002001,17
230079710002002,17
230079710002003,17
230079710002004,17
230079710002005,17
230079710002006,17
230079710002007,17
230079710002008,17
230079710002009,17
230079710002010,17
230079710002011,17
230079710002012,17
230079710002013,17
230079710002014,17
230079710002015,17
230079710002016,17
230079710002017,17
230079710002018,17
230079710002019,17
230079710002020,17
230079710002021,17
230079710002022,17
230079710002023,17
230079710002024,17
230079710002025,17
230079710002026,17
230079710002027,17
230079710002028,17
230079710002029,17
230079710002030,17
230079710002031,17
230079710002032,17
230079710002033,17
230079710002034,17
230079710002035,17
230079710002036,17
230079701022000,17
230079701022001,17
230079701022002,17
230079701022003,17
230079701022004,17
230079701022005,17
230079701022006,17
230079701022007,17
230079701022008,17
230079701022009,17
230079701022010,17
230079701022011,17
230079701022012,17
230079701022013,17
230079701022014,17
230079701022015,17
230079701022016,17
230079701022017,17
230079701022018,17
230079701022019,17
230079701022020,17
230079701022021,17
230079701022022,17
230079701022023,17
230079701022024,17
230079701022025,17
230079701022026,17
230079701022027,17
230079701022028,17
230079701022029,17
230079701022030,17
230079701022031,17
230079701022032,17
230079701022033,17
230079701022034,17
230079701022035,17
230079701022036,17
230079701022037,17
230079701022038,17
230079701022039,17
230079701022040,17
230079701022041,17
230079701022042,17
230079701022043,17
230079701022044,17
230079701022045,17
230079701022046,17
230079701022047,17
230079701022048,17
230079701022049,17
230079701022050,17
230079701022051,17
230079701022052,17
230079701022053,17
230079701022054,17
230079701022055,17
230079701022056,17
230079701022057,17
230079701022058,17
230079701022059,17
230079701022060,17
230079701022061,17
230079701022062,17
230079701022063,17
230079701022064,17
230079701022065,17
230079701022066,17
230079701022067,17
230079701022068,17
230079701022069,17
230079701022070,17
230079701022071,17
230079701022072,17
230079701022073,17
230079701022074,17
230079701022075,17
230079701022076,17
230079701022077,17
230079701022078,17
230079701022079,17
230079701022080,17
230079701022081,17
230079701022082,17
230079701022083,17
230079701022084,17
230079701022085,17
230079701022086,17
230079701022087,17
230079701022088,17
230079701022089,17
230079701022090,17
230079701022091,17
230079701022092,17
230079701022093,17
230079701022094,17
230079701022095,17
230079701022096,17
230079701022097,17
230079701022098,17
230079701022099,17
230079701022100,17
230079701022101,17
230079701022102,17
230079701022103,17
230079701022104,17
230079701022105,17
230079701022106,17
230079701022107,17
230079701022108,17
230079701022109,17
230079701022110,17
230079701022111,17
230079701022112,17
230079701022113,17
230079701022114,17
230079701022115,17
230079701022116,17
230079701022117,17
230079701022118,17
230079701022119,17
230079701022120,17
230079701022121,17
230079701022122,17
230079701022123,17
230079701022124,17
230079701022125,17
230079701022126,17
230079701022127,17
230079701022128,17
230079701022129,17
230079701022130,17
230079701022131,17
230079701022132,17
230079701022133,17
230079701022134,17
230079701022135,17
230079701022136,17
230079701022137,17
230079701022138,17
230079701022139,17
230079701022140,17
230079701022141,17
230079701022142,17
230079701022143,17
230079701022144,17
230079701022145,17
230079701022146,17
230079701022147,17
230079701022148,17
230079701022149,17
230079701022150,17
230079701022151,17
230079701022152,17
230079701022153,17
230079701022154,17
230079701022155,17
230079701022156,17
230079701022157,17
230079701022158,17
230079701022159,17
230079701022160,17
230079701022161,17
230079701022162,17
230079701022163,17
230079701022164,17
230079701022165,17
230079701022166,17
230079701022167,17
230079701022168,17
230079701022169,17
230079701022170,17
230079701022171,17
230079701022172,17
230079701022173,17
230079701022174,17
230079701022175,17
230079701022176,17
230079701022177,17
230079701022178,17
230079701022179,17
230079701022180,17
230079701022181,17
230079701022182,17
230079701022183,17
230079701022184,17
230079701022185,17
230079701022186,17
230079701022187,17
230079701022188,17
230079701022189,17
230079701022190,17
230079701022191,17
230079701022192,17
230079701022193,17
230079701022194,17
230079701022195,17
230079701022196,17
230079701022197,17
230079701022198,17
230079701022199,17
230079701022200,17
230079701022201,17
230079701022202,17
230079701022203,17
230079701022204,17
230079701022205,17
230079701022206,17
230079701022207,17
230079701022208,17
230079701022209,17
230079701022210,17
230079701022211,17
230079701022212,17
230079701022213,17
230079701022214,17
230079701022215,17
230079701022216,17
230079701022217,17
230079701022218,17
230079701022219,17
230079701022220,17
230079701022221,17
230079701022222,17
230079701022223,17
230079701022224,17
230079701022225,17
230079701022226,17
230079701022227,17
230079701022228,17
230079701022229,17
230079701022230,17
230079701022231,17
230079701022232,17
230079701022233,17
230079701022234,17
230079701022235,17
230079701022236,17
230079701022237,17
230079701022238,17
230079701022239,17
230079701022240,17
230079701022241,17
230079701022242,17
230079701022243,17
230079701022244,17
230079701022245,17
230079701022246,17
230079701022247,17
230079701022248,17
230079701022249,17
230079701022250,17
230079701022251,17
230079701022252,17
230079701022253,17
230079701022254,17
230079701022255,17
230079701022256,17
230079701022257,17
230079701022258,17
230079701022259,17
230079701022260,17
230079701022261,17
230079701022262,17
230079701022263,17
230079701022264,17
230079701022265,17
230079701022266,17
230079701022267,17
230079701022268,17
230079701022269,17
230079701022270,17
230079701022271,17
230079701022272,17
230079706023012,17
230079706023013,17
230079706023021,17
230079706023022,17
230079706023023,17
230079706023024,17
230079706023025,17
230079706023026,17
230079706023027,17
230079706023028,17
230079706023029,17
230079706023030,17
230079706023031,17
230079706023032,17
230079706023039,17
230079706023040,17
230079706023041,17
230079706023042,17
230079706023043,17
230079706023044,17
230079706023045,17
230079706023046,17
230079706023047,17
230079706023048,17
230079706023049,17
230079706023050,17
230079706023051,17
230079706023052,17
230079706023053,17
230079706023054,17
230079706023055,17
230079706023056,17
230079706023057,17
230079706023058,17
230079706023059,17
230079706023060,17
230079706023061,17
230079706023062,17
230079706023063,17
230079706023064,17
230079706023065,17
230079706023066,17
230079706023067,17
230079706023068,17
230079706023069,17
230079706023070,17
230079706023071,17
230079706023072,17
230079706011000,17
230079706011001,17
230079706011002,17
230079706011003,17
230079706011004,17
230079706011005,17
230079706011006,17
230079706011007,17
230079706011008,17
230079706011009,17
230079706011010,17
230079706011011,17
230079706011012,17
230079706011013,17
230079706011014,17
230079706011015,17
230079706011016,17
230079706011017,17
230079706011018,17
230079706011019,17
230079706011020,17
230079706011021,17
230079706011022,17
230079706011023,17
230079706011024,17
230079706011025,17
230079706011026,17
230079706011027,17
230079706011028,17
230079706011029,17
230079706011030,17
230079706011031,17
230079706011032,17
230079706011033,17
230079706011034,17
230079706011035,17
230079706011036,17
230079706011037,17
230079706011038,17
230079706011039,17
230079706011040,17
230079706011041,17
230079706011042,17
230079706011043,17
230079706011044,17
230079706011045,17
230079706011046,17
230079706011047,17
230079706011048,17
230079706011049,17
230079706011050,17
230079706011051,17
230079706011052,17
230079706011053,17
230079706011054,17
230079706011055,17
230079706014000,17
230079706014001,17
230079706014002,17
230079706014003,17
230079706014004,17
230079706014005,17
230079706014006,17
230079706014007,17
230079706014008,17
230079706014009,17
230079706014010,17
230079706014011,17
230079706014012,17
230079706014013,17
230079706014014,17
230079706014015,17
230079706014016,17
230079706014017,17
230079706014018,17
230079706014019,17
230079706014020,17
230079706014021,17
230079706014022,17
230079706014023,17
230079706014024,17
230079706014025,17
230079706014026,17
230079706014027,17
230079706014028,17
230079706014029,17
230079706014030,17
230079706014031,17
230079706014032,17
230079706014033,17
230079706014034,17
230079706014035,17
230079706014036,17
230079706014037,17
230079706014038,17
230079706014039,17
230079706014040,17
230079706014041,17
230079706014042,17
230079706014043,17
230079706014044,17
230079706014045,17
230079706014046,17
230079706014047,17
230079706014048,17
230079706014049,17
230079706014050,17
230079706014051,17
230079706014052,17
230079706014053,17
230079706014054,17
230079706014055,17
230079706014056,17
230079706014057,17
230079706014058,17
230079706012000,17
230079706012001,17
230079706012002,17
230079706012003,17
230079706012004,17
230079706012005,17
230079706012006,17
230079706012007,17
230079706012008,17
230079706012009,17
230079706012010,17
230079706012011,17
230079706012012,17
230079706012013,17
230079706012014,17
230079706012015,17
230079706012016,17
230079706012017,17
230079706012018,17
230079706012019,17
230079706012020,17
230079706012021,17
230079706012022,17
230079706012023,17
230079706012024,17
230079706012025,17
230079706012026,17
230079706012027,17
230079706012028,17
230079706012029,17
230079706012030,17
230079706012031,17
230079706012032,17
230079706012033,17
230079706012034,17
230079706012035,17
230079706012036,17
230079706012037,17
230079706012038,17
230079706012039,17
230079706013030,17
230079706013031,17
230079706013032,17
230079706013033,17
230079706013034,17
230079706013035,17
230079706013036,17
230079706013037,17
230079706013038,17
230079706013039,17
230079706013045,17
230079706013046,17
230079706013047,17
230079706013048,17
230079706013049,17
230079706013050,17
230079706013051,17
230079706013053,17
230079706013054,17
230079706013055,17
230079706013056,17
230079706013057,17
230079706013058,17
230079706013059,17
230079706013060,17
230079706013061,17
230079706013062,17
230079706013063,17
230079706013064,17
230079706013065,17
230079706013066,17
230079706013067,17
230079706013068,17
230079706013069,17
230079706021017,17
230079706021018,17
230079706021019,17
230079706021020,17
230079706021021,17
230079706021022,17
230079706021064,17
230079706021088,17
230079706021089,17
230079706021090,17
230079706021091,17
230079706021100,17
230079710001000,17
230079710001001,17
230079710001002,17
230079710001003,17
230079710001004,17
230079710001005,17
230079710001006,17
230079710001007,17
230079710001008,17
230079710001009,17
230079710001010,17
230079710001011,17
230079710001012,17
230079710001013,17
230079710001014,17
230079710001015,17
230079710001016,17
230079710001017,17
230079710001018,17
230079710001019,17
230079710001020,17
230079710001021,17
230079710001022,17
230079710001023,17
230079710001024,17
230079710001025,17
230079710001026,17
230079710001027,17
230079710001028,17
230079710001029,17
230079710001030,17
230079710001031,17
230079710001032,17
230079710001033,17
230079710001034,17
230079710001035,17
230079710001036,17
230079710001037,17
230079710001038,17
230079710001039,17
230079710001040,17
230079710001041,17
230079710001042,17
230079710001043,17
230079710004000,17
230079710004001,17
230079710004002,17
230079710004003,17
230079710004004,17
230079710004005,17
230079710004006,17
230079710004007,17
230079710004008,17
230079710004009,17
230079710004010,17
230079710004011,17
230079710004012,17
230079710004013,17
230079710004014,17
230079710004015,17
230079710004016,17
230079710004017,17
230079710004018,17
230079710004019,17
230079710004020,17
230079710004021,17
230079710004022,17
230079710004023,17
230079710004024,17
230079710004025,17
230079710004026,17
230079706021000,17
230079706021001,17
230079706021002,17
230079706021003,17
230079706021004,17
230079706021005,17
230079706021006,17
230079706021007,17
230079706021008,17
230079706021009,17
230079706021010,17
230079706021011,17
230079706021012,17
230079706021013,17
230079706021014,17
230079706021015,17
230079706021016,17
230079706021023,17
230079706021024,17
230079706021025,17
230079706021026,17
230079706021027,17
230079706021028,17
230079706021029,17
230079706021030,17
230079706021031,17
230079706021032,17
230079706021033,17
230079706021034,17
230079706021035,17
230079706021038,17
230079706021039,17
230079706021042,17
230079706021043,17
230079706021044,17
230079706021045,17
230079706021046,17
230079706021047,17
230079706021056,17
230079706021057,17
230079706021058,17
230079706021059,17
230079706021060,17
230079706021061,17
230079706021062,17
230079706021092,17
230079706021093,17
230079706021094,17
230079706021095,17
230079706021096,17
230079706021097,17
230079706021098,17
230079706021101,17
230079706022000,17
230079706022001,17
230079706022002,17
230079706022003,17
230079706022004,17
230079706022005,17
230079706022006,17
230079706022007,17
230079706022008,17
230079706022009,17
230079706022010,17
230079706022011,17
230079706022012,17
230079706022013,17
230079706022014,17
230079706022015,17
230079706022016,17
230079706022017,17
230079706022018,17
230079706022019,17
230079706022020,17
230079706022021,17
230079706022022,17
230079706022023,17
230079706022024,17
230079706022025,17
230079706022026,17
230079706022027,17
230079706022028,17
230079706022029,17
230079713001000,17
230079713001001,17
230079713001002,17
230079713001003,17
230079713001004,17
230079713001005,17
230079713001006,17
230079713001007,17
230079713001008,17
230079713001009,17
230079713001010,17
230079713001011,17
230079713001012,17
230079713001013,17
230079713001014,17
230079713001015,17
230079713001016,17
230079713001017,17
230079713001018,17
230079713001019,17
230079713001020,17
230079713001021,17
230079713001022,17
230079713001023,17
230079713001024,17
230079713001025,17
230079713001026,17
230079713001027,17
230079713001028,17
230079713001029,17
230079713001030,17
230079713001031,17
230079713001032,17
230079713001033,17
230079713001034,17
230079713001035,17
230079713001036,17
230079713001037,17
230079713001038,17
230079713001039,17
230079713001040,17
230079713001041,17
230079713001042,17
230079713001043,17
230079713001044,17
230079713001045,17
230079713001046,17
230079713001047,17
230079713001048,17
230079713001049,17
230079713001050,17
230079713001051,17
230079713001052,17
230079713001053,17
230079713001054,17
230079713001055,17
230079713001056,17
230079713001057,17
230079713001058,17
230079713002000,17
230079713002001,17
230079713002002,17
230079713002003,17
230079713002004,17
230079713002005,17
230079713002006,17
230079713002007,17
230079713002008,17
230079713002009,17
230079713002010,17
230079713002011,17
230079713002012,17
230079713002013,17
230079713002014,17
230079713002015,17
230079713002016,17
230079713003000,17
230079713003001,17
230079713003002,17
230079713003003,17
230079713003004,17
230079713003005,17
230079713003006,17
230079713003007,17
230079713003008,17
230079713003009,17
230079713003010,17
230079713003011,17
230079713003012,17
230079713003013,17
230079713003014,17
230079713003015,17
230079713003016,17
230079713003017,17
230079713003018,17
230079713003019,17
230079713003020,17
230079713003021,17
230079713003022,17
230079713003023,17
230079713003024,17
230079713003025,17
230079713003026,17
230079713003027,17
230079713003028,17
230079713003029,17
230079713003030,17
230079713003031,17
230079713003032,17
230079713003033,17
230079713003034,17
230079713003035,17
230079713003036,17
230079713003037,17
230079713003038,17
230079713003039,17
230079701023000,17
230079701023020,17
230079701023021,17
230079701023022,17
230079701023023,17
230079701023024,17
230079701023025,17
230079701023026,17
230079701023027,17
230079701023028,17
230079701023029,17
230079701023030,17
230079701023034,17
230099651002039,7
230099651002060,7
230099651002065,7
230099651002066,7
230099651002067,7
230099651002068,7
230099651002069,7
230099651002070,7
230099651002071,7
230099651002072,7
230099651002073,7
230099651002074,7
230099651002075,7
230099651002076,7
230099651002077,7
230099651002078,7
230099651002079,7
230099651002087,7
230099651002088,7
230099651002089,7
230099651002090,7
230099651002091,7
230099651002092,7
230099651002093,7
230099651002094,7
230099651002095,7
230099651002096,7
230099651002097,7
230099651002098,7
230099651002099,7
230099651002100,7
230099651002101,7
230099651002102,7
230099651002103,7
230099651002104,7
230099651002105,7
230099651002106,7
230099651002107,7
230099651002108,7
230099651002109,7
230099651002110,7
230099651002111,7
230099651002196,7
230099651002198,7
230099651002036,7
230099651002037,7
230099651002040,7
230099651002042,7
230099651002043,7
230099651002044,7
230099651002045,7
230099651002046,7
230099651002051,7
230099651002052,7
230099651002053,7
230099651002054,7
230099651002055,7
230099651002056,7
230099651002058,7
230099651002059,7
230099651002061,7
230099651002062,7
230099651002063,7
230099651002064,7
230099651002112,7
230099651002113,7
230099651002114,7
230099651002115,7
230099651002116,7
230099651002117,7
230099651002118,7
230099651002129,7
230099651002130,7
230099651002131,7
230099651002132,7
230099651002133,7
230099651002190,7
230099651002191,7
230099659001000,7
230099659001001,7
230099659001002,7
230099659001003,7
230099659001004,7
230099659001005,7
230099659001006,7
230099659001007,7
230099659001008,7
230099659001009,7
230099659001010,7
230099659001011,7
230099659001012,7
230099659001013,7
230099659001014,7
230099659001015,7
230099659001016,7
230099659001017,7
230099659001018,7
230099659001019,7
230099659001020,7
230099659001021,7
230099659001022,7
230099659001023,7
230099659001024,7
230099659001025,7
230099659002000,7
230099659002001,7
230099659002002,7
230099659002003,7
230099659002004,7
230099659002005,7
230099659002006,7
230099659002007,7
230099659002008,7
230099659002009,7
230099659002010,7
230099659002011,7
230099659002012,7
230099659002013,7
230099659002014,7
230099659002015,7
230099659002016,7
230099659002017,7
230099659002018,7
230099659002019,7
230099659002020,7
230099659002021,7
230099659002022,7
230099659002023,7
230099659002024,7
230099659002025,7
230099659002026,7
230099659002027,7
230099659002028,7
230099659002029,7
230099659002030,7
230099659002031,7
230099659002032,7
230099659002033,7
230099659002034,7
230099659002035,7
230099659002036,7
230099659002037,7
230099659002038,7
230099659002039,7
230099659002040,7
230099659002041,7
230099659002042,7
230099659002043,7
230099659002044,7
230099659002045,7
230099659002046,7
230099659002047,7
230099659002048,7
230099659002049,7
230099659002050,7
230099659002051,7
230099659002052,7
230099659002053,7
230099659002054,7
230099659002055,7
230099659002056,7
230099659002057,7
230099659002058,7
230099659003000,7
230099659003001,7
230099659003002,7
230099659003003,7
230099659003004,7
230099659003005,7
230099659003006,7
230099659003007,7
230099659003008,7
230099659003009,7
230099659003010,7
230099659003011,7
230099659003012,7
230099659003013,7
230099659003014,7
230099659003015,7
230099659003016,7
230099659003017,7
230099659003018,7
230099659003019,7
230099659003020,7
230099659003021,7
230099659003022,7
230099659003023,7
230099659003024,7
230099659003025,7
230099659003026,7
230099659003027,7
230099659003028,7
230099659003029,7
230099659003030,7
230099659004000,7
230099659004001,7
230099659004002,7
230099659004003,7
230099659004004,7
230099659004005,7
230099659004006,7
230099659004007,7
230099659004008,7
230099659004009,7
230099659004010,7
230099659004011,7
230099659004012,7
230099659004013,7
230099659004014,7
230099659004015,7
230099659004016,7
230099659004017,7
230099659004018,7
230099659004019,7
230099659004020,7
230099659004021,7
230099659004022,7
230099659004023,7
230099659004024,7
230099659004025,7
230099659004026,7
230099659004027,7
230099659004028,7
230099659004029,7
230099659004030,7
230099659004031,7
230099659004032,7
230099659004033,7
230099659004034,7
230099659004035,7
230099659004036,7
230099659004037,7
230099659004038,7
230099659004039,7
230099659004040,7
230099659004041,7
230099659004042,7
230099659004043,7
230099659004044,7
230099659004045,7
230099659005000,7
230099659005001,7
230099659005002,7
230099659005003,7
230099659005004,7
230099659005005,7
230099659005006,7
230099659005007,7
230099659005008,7
230099659005009,7
230099659005010,7
230099659005011,7
230099659005012,7
230099659005013,7
230099659005014,7
230099659005015,7
230099659005016,7
230099659005017,7
230099659005018,7
230099659005019,7
230099659005020,7
230099659005021,7
230099659005022,7
230099659005023,7
230099659005024,7
230099659005025,7
230099659005026,7
230099659005027,7
230099659005028,7
230099659005029,7
230099659005030,7
230099659005031,7
230099659005032,7
230099659005033,7
230099659005034,7
230099659005035,7
230099659005036,7
230099659005037,7
230099659005038,7
230099659005039,7
230099659005040,7
230099659005041,7
230099659005042,7
230099659005043,7
230099659005044,7
230099659005045,7
230099659005046,7
230099659005047,7
230099659005048,7
230099659005049,7
230099659005050,7
230099659005051,7
230099659005052,7
230099659005053,7
230099659005054,7
230099659005055,7
230099659005056,7
230099659005057,7
230099659005058,7
230099659005059,7
230099659005060,7
230099659005061,7
230099659005062,7
230099659005063,7
230099659005064,7
230099659005065,7
230099659005066,7
230099659005067,7
230099659005068,7
230099659005069,7
230099659005070,7
230099659005071,7
230099659005072,7
230099659005073,7
230099663001000,7
230099663001001,7
230099663001002,7
230099663001003,7
230099663001004,7
230099663001005,7
230099663001006,7
230099663001007,7
230099663001008,7
230099663001009,7
230099663001010,7
230099663001011,7
230099663001012,7
230099663001013,7
230099663001014,7
230099663001015,7
230099663001016,7
230099663001017,7
230099663001018,7
230099663001019,7
230099663001020,7
230099663001021,7
230099663001022,7
230099663001023,7
230099663001024,7
230099663001025,7
230099663001026,7
230099663001027,7
230099663001028,7
230099663001029,7
230099663001030,7
230099663001031,7
230099663001032,7
230099663001033,7
230099663001034,7
230099663001035,7
230099663001036,7
230099663001037,7
230099663001038,7
230099663001039,7
230099663001040,7
230099663001041,7
230099663001042,7
230099663001043,7
230099663001044,7
230099663001045,7
230099663001046,7
230099663001047,7
230099663001048,7
230099663003000,7
230099663003001,7
230099663003002,7
230099663003003,7
230099663003004,7
230099663003005,7
230099663003006,7
230099663003007,7
230099663003008,7
230099663003009,7
230099663003010,7
230099663003011,7
230099663003012,7
230099663003013,7
230099663003014,7
230099663003015,7
230099663003016,7
230099663003017,7
230099663003018,7
230099663003019,7
230099663003020,7
230099663003021,7
230099663003022,7
230099663003023,7
230099663003024,7
230099663003025,7
230099663003026,7
230099663003027,7
230099663003028,7
230099663003029,7
230099663003030,7
230099663003031,7
230099663003032,7
230099663003033,7
230099663003034,7
230099663003035,7
230099663003036,7
230099663003037,7
230099663003038,7
230099663003039,7
230099663003040,7
230099663003041,7
230099663003042,7
230099665001000,7
230099665001001,7
230099665001002,7
230099665001003,7
230099665001004,7
230099665001005,7
230099665001006,7
230099665001007,7
230099665001008,7
230099665001009,7
230099665001010,7
230099665001011,7
230099665001012,7
230099665001013,7
230099665001014,7
230099665001015,7
230099665001016,7
230099665001017,7
230099665001018,7
230099665001019,7
230099665001020,7
230099665001021,7
230099665001022,7
230099665001023,7
230099665001024,7
230099665001025,7
230099665001026,7
230099665001027,7
230099665001028,7
230099665001029,7
230099665001030,7
230099665001031,7
230099665001032,7
230099665001033,7
230099665001034,7
230099665001035,7
230099665001036,7
230099665001037,7
230099665001038,7
230099665001039,7
230099665001040,7
230099665001041,7
230099665002021,7
230099665002022,7
230099665002023,7
230099665002026,7
230099665003000,7
230099665003001,7
230099665003002,7
230099665003003,7
230099665003004,7
230099665003005,7
230099665003006,7
230099665003007,7
230099665003008,7
230099665003009,7
230099665003010,7
230099665003011,7
230099665003012,7
230099665003013,7
230099665003014,7
230099665003015,7
230099665003016,7
230099665003017,7
230099665003018,7
230099665003019,7
230099665003020,7
230099665003021,7
230099665003022,7
230099665003023,7
230099665003024,7
230099665003025,7
230099665003026,7
230099665003027,7
230099665003028,7
230099665003029,7
230099665003030,7
230099665003031,7
230099665003032,7
230099665003033,7
230099665003034,7
230099665003035,7
230099665003036,7
230099665003037,7
230099665003038,7
230099665003039,7
230099665003040,7
230099665003041,7
230099665003042,7
230099665003043,7
230099665003044,7
230099665003045,7
230099665003046,7
230099665003047,7
230099665003048,7
230099665003049,7
230099665003050,7
230099665003051,7
230099665003052,7
230099665003053,7
230099665003054,7
230099665003055,7
230099653001000,8
230099653001001,8
230099653001002,8
230099653001003,8
230099653001004,8
230099653001005,8
230099653001006,8
230099653001007,8
230099653001008,8
230099653001009,8
230099653001010,8
230099653001011,8
230099653001012,8
230099653001013,8
230099653001014,8
230099653001015,8
230099653001016,8
230099653001017,8
230099653001018,8
230099653001019,8
230099653001020,8
230099653001021,8
230099653001022,8
230099653001023,8
230099653001024,8
230099653001025,8
230099653001026,8
230099653001027,8
230099653001028,8
230099653001029,8
230099653001030,8
230099653001031,8
230099653001032,8
230099653001033,8
230099653001034,8
230099653001035,8
230099653001036,8
230099653001037,8
230099653001038,8
230099653001039,8
230099653001040,8
230099653001041,8
230099653001042,8
230099653002000,8
230099653002001,8
230099653002002,8
230099653002003,8
230099653002004,8
230099653002005,8
230099653002006,8
230099653002007,8
230099653002008,8
230099653002009,8
230099653002010,8
230099653002011,8
230099653002012,8
230099653002013,8
230099653002014,8
230099653002015,8
230099653002016,8
230099653002017,8
230099653002018,8
230099653002019,8
230099653002020,8
230099653002021,8
230099653002022,8
230099653002023,8
230099653002024,8
230099653002025,8
230099653002026,8
230099653002027,8
230099653003000,8
230099653003001,8
230099653003002,8
230099653003003,8
230099653003004,8
230099653003005,8
230099653003006,8
230099653003007,8
230099653003008,8
230099653003009,8
230099653003010,8
230099653003011,8
230099653003012,8
230099653003013,8
230099653003014,8
230099653003015,8
230099653003016,8
230099653003017,8
230099653003018,8
230099653003019,8
230099653003020,8
230099653003021,8
230099653004000,8
230099653004001,8
230099653004002,8
230099653004003,8
230099653004004,8
230099653004005,8
230099653004006,8
230099653004007,8
230099653004008,8
230099653004009,8
230099653004010,8
230099653004011,8
230099653004012,8
230099653004013,8
230099653004014,8
230099653004015,8
230099653004016,8
230099653004017,8
230099653004018,8
230099653004019,8
230099653004020,8
230099653004021,8
230099653004022,8
230099653004023,8
230099653004024,8
230099653004025,8
230099653004026,8
230099653004027,8
230099653004028,8
230099653004029,8
230099653004030,8
230099653005000,8
230099653005001,8
230099653005002,8
230099653005003,8
230099653005004,8
230099653005005,8
230099653005006,8
230099653005007,8
230099653005008,8
230099653005009,8
230099653005010,8
230099653005011,8
230099653005012,8
230099653005013,8
230099653005014,8
230099653005015,8
230099653005016,8
230099653005017,8
230099653005018,8
230099653005019,8
230099653005020,8
230099653005021,8
230099653005022,8
230099653005023,8
230099653005024,8
230099664002000,8
230099664002001,8
230099664002002,8
230099664002003,8
230099664002004,8
230099664002005,8
230099664002006,8
230099664002007,8
230099664002008,8
230099664002009,8
230099664002010,8
230099664002011,8
230099664002012,8
230099664002013,8
230099664002014,8
230099664002015,8
230099664002016,8
230099664002017,8
230099664002018,8
230099664002019,8
230099664002020,8
230099664002021,8
230099664002022,8
230099664002023,8
230099664002024,8
230099664002025,8
230099664002026,8
230099664002027,8
230099664002028,8
230099664002029,8
230099664002030,8
230099664002031,8
230099664002032,8
230099664002033,8
230099664002034,8
230099664002035,8
230099664002036,8
230099664002037,8
230099664002038,8
230099664002039,8
230099664002040,8
230099664002041,8
230099651003066,7
230099651003071,7
230099651003072,7
230099651003073,7
230099651003074,7
230099651003075,7
230099651003076,7
230099651003087,7
230099651003088,7
230099651003089,7
230099651003090,7
230099651003091,7
230099651003092,7
230099651003093,7
230099651003094,7
230099651003102,7
230099651003103,7
230099651003104,7
230099651003105,7
230099655041007,7
230099655041008,7
230099661002000,7
230099661002001,7
230099661002002,7
230099661002003,7
230099661002004,7
230099661002005,7
230099661002006,7
230099661002007,7
230099661002008,7
230099661002009,7
230099661002010,7
230099661002011,7
230099661002012,7
230099661002013,7
230099661002033,7
230099661002034,7
230099661002035,7
230099661002036,7
230099661002037,7
230099661002038,7
230099661002039,7
230099900000004,7
230099652001000,8
230099652001001,8
230099652001002,8
230099652001003,8
230099652001004,8
230099652001005,8
230099652001006,8
230099652001007,8
230099652001008,8
230099652001009,8
230099652001010,8
230099652001011,8
230099652001012,8
230099652001013,8
230099652001014,8
230099652001015,8
230099652001016,8
230099652001017,8
230099652001018,8
230099652001019,8
230099652001020,8
230099652001021,8
230099652001022,8
230099652001023,8
230099652001024,8
230099652001025,8
230099652001026,8
230099652001027,8
230099652001028,8
230099652001029,8
230099652001030,8
230099652001031,8
230099652001032,8
230099652001033,8
230099652001034,8
230099652001035,8
230099652001036,8
230099652001037,8
230099652001038,8
230099652001039,8
230099652001040,8
230099652001041,8
230099652001042,8
230099652001043,8
230099652001044,8
230099652001045,8
230099652002008,8
230099652002009,8
230099652002010,8
230099652002011,8
230099652002012,8
230099652002013,8
230099652002014,8
230099652002015,8
230099652002016,8
230099652002017,8
230099652002018,8
230099652002019,8
230099652002020,8
230099652002021,8
230099652002022,8
230099652002023,8
230099652002024,8
230099652002025,8
230099652002026,8
230099652002027,8
230099652002060,8
230099652002061,8
230099652002062,8
230099652002063,8
230099652002064,8
230099652002065,8
230099652002066,8
230099652002067,8
230099652002068,8
230099652002069,8
230099652002070,8
230099652002073,8
230099652002077,8
230099666002000,7
230099666002001,7
230099666002002,7
230099666002003,7
230099666002004,7
230099666002005,7
230099666002006,7
230099666002007,7
230099666002008,7
230099666002009,7
230099666002010,7
230099666002011,7
230099666002012,7
230099666002013,7
230099666002014,7
230099666002015,7
230099666002016,7
230099666002017,7
230099666002018,7
230099666002019,7
230099666002020,7
230099666002021,7
230099666002022,7
230099666002023,7
230099666002024,7
230099666002025,7
230099666002026,7
230099666002027,7
230099666002028,7
230099666002029,7
230099666002030,7
230099666002031,7
230099666002032,7
230099666002033,7
230099666002034,7
230099666002035,7
230099666002036,7
230099666002037,7
230099666002038,7
230099666002039,7
230099666002040,7
230099666002041,7
230099666002042,7
230099666002043,7
230099666002044,7
230099666002045,7
230099666002046,7
230099666002047,7
230099666002048,7
230099666002049,7
230099666002050,7
230099666002051,7
230099666002052,7
230099666002053,7
230099666002054,7
230099666003000,7
230099666003001,7
230099666003002,7
230099666003003,7
230099666003004,7
230099666003005,7
230099666003006,7
230099666003007,7
230099666003008,7
230099666003009,7
230099666003010,7
230099666003011,7
230099666003012,7
230099666003013,7
230099666003014,7
230099666003015,7
230099666003016,7
230099666003017,7
230099666003018,7
230099666003019,7
230099666003020,7
230099666003021,7
230099666003022,7
230099666003023,7
230099666003024,7
230099666003025,7
230099666003026,7
230099666003027,7
230099666003028,7
230099666003029,7
230099666003030,7
230099666003031,7
230099666003032,7
230099666003033,7
230099666003034,7
230099666003035,7
230099666003036,7
230099666003037,7
230099651002147,7
230099651002148,7
230099651002149,7
230099651002152,7
230099651002154,7
230099651002155,7
230099651002156,7
230099651002157,7
230099651002158,7
230099651002159,7
230099651002160,7
230099651002161,7
230099651002162,7
230099651002163,7
230099651002164,7
230099651002165,7
230099651002166,7
230099651002167,7
230099651002168,7
230099651002169,7
230099651002170,7
230099651002171,7
230099651002172,7
230099651002173,7
230099651002174,7
230099651002175,7
230099651002176,7
230099651002177,7
230099651002178,7
230099651002179,7
230099651002180,7
230099651002181,7
230099651002182,7
230099651002183,7
230099651002184,7
230099651002185,7
230099651002186,7
230099651002187,7
230099651002188,7
230099651002189,7
230099655031000,7
230099655031001,7
230099655031002,7
230099655031003,7
230099655031004,7
230099655031005,7
230099655031006,7
230099655031007,7
230099655031008,7
230099655031009,7
230099655031010,7
230099655031011,7
230099655031012,7
230099655031013,7
230099655031014,7
230099655031015,7
230099655031016,7
230099655031017,7
230099655031018,7
230099655031019,7
230099655031020,7
230099655031021,7
230099655031022,7
230099655031023,7
230099655032000,7
230099655032001,7
230099655032002,7
230099655032003,7
230099655032004,7
230099655032005,7
230099655032006,7
230099655032007,7
230099655032008,7
230099655032009,7
230099655032010,7
230099655032011,7
230099655032012,7
230099655032013,7
230099655032014,7
230099655032015,7
230099655032016,7
230099655032017,7
230099655032018,7
230099655032019,7
230099655032020,7
230099655032021,7
230099655032022,7
230099655032023,7
230099655032024,7
230099655032025,7
230099655032026,7
230099655032027,7
230099655032028,7
230099655032029,7
230099655032030,7
230099655032031,7
230099655032032,7
230099655032033,7
230099655032034,7
230099655032035,7
230099655032036,7
230099655032037,7
230099655032038,7
230099655032039,7
230099655032040,7
230099655032041,7
230099655032042,7
230099655032043,7
230099655032044,7
230099655032045,7
230099655032046,7
230099655032047,7
230099655032048,7
230099655032049,7
230099655032050,7
230099655032051,7
230099655032052,7
230099655032053,7
230099655033000,7
230099655033001,7
230099655033002,7
230099655033003,7
230099655033004,7
230099655033005,7
230099655033006,7
230099655033007,7
230099655033008,7
230099655033009,7
230099655033010,7
230099655033011,7
230099655033012,7
230099655033013,7
230099655033014,7
230099655033015,7
230099655033016,7
230099655033017,7
230099655033018,7
230099655033019,7
230099655033020,7
230099655033021,7
230099655033022,7
230099655033023,7
230099655033024,7
230099655033025,7
230099655033026,7
230099655033027,7
230099655033028,7
230099655033029,7
230099655033030,7
230099655033031,7
230099655033032,7
230099655033033,7
230099655041000,7
230099655041001,7
230099655041002,7
230099655041003,7
230099655041004,7
230099655041009,7
230099655041012,7
230099655041013,7
230099655041014,7
230099655041015,7
230099655041016,7
230099655041017,7
230099655041018,7
230099655041019,7
230099655041020,7
230099655041021,7
230099655041024,7
230099655041025,7
230099655041026,7
230099655041027,7
230099655041028,7
230099655041029,7
230099655041030,7
230099655041031,7
230099655041032,7
230099655041033,7
230099655041034,7
230099655041035,7
230099655041036,7
230099655041037,7
230099655041038,7
230099655041039,7
230099655041040,7
230099655041041,7
230099655041042,7
230099655041043,7
230099655041044,7
230099655041045,7
230099655041046,7
230099655041047,7
230099655041048,7
230099655041049,7
230099655041050,7
230099655041051,7
230099655041052,7
230099655041053,7
230099655041054,7
230099655041055,7
230099655041056,7
230099655041057,7
230099655041058,7
230099655041059,7
230099655041060,7
230099655041061,7
230099655041062,7
230099655041063,7
230099655041064,7
230099655041065,7
230099655042000,7
230099655042001,7
230099655042002,7
230099655042003,7
230099655042004,7
230099655042005,7
230099655042006,7
230099655042007,7
230099655042008,7
230099655042009,7
230099655042010,7
230099655042011,7
230099655042012,7
230099655042013,7
230099655042014,7
230099655042015,7
230099655042016,7
230099655042017,7
230099655042018,7
230099655042019,7
230099655042020,7
230099655042021,7
230099655042022,7
230099655042023,7
230099655042024,7
230099655042025,7
230099655042026,7
230099655042027,7
230099655042028,7
230099655042029,7
230099655042030,7
230099655042031,7
230099655042032,7
230099655042033,7
230099655042034,7
230099655042035,7
230099655042036,7
230099655042037,7
230099655042038,7
230099655042039,7
230099655042040,7
230099655042041,7
230099655042042,7
230099655042043,7
230099655042044,7
230099655042045,7
230099655042046,7
230099655042047,7
230099655042048,7
230099655042049,7
230099655042050,7
230099657001000,7
230099657001001,7
230099657001002,7
230099657001003,7
230099657001004,7
230099657001005,7
230099657001006,7
230099657001007,7
230099657001008,7
230099657001009,7
230099657001010,7
230099657001011,7
230099657001012,7
230099657001013,7
230099657001014,7
230099657001015,7
230099657001016,7
230099657001017,7
230099657001018,7
230099657001019,7
230099657001020,7
230099657001021,7
230099657001022,7
230099657001023,7
230099657001024,7
230099657001025,7
230099657001026,7
230099657001027,7
230099657001028,7
230099657001029,7
230099657001030,7
230099657001031,7
230099657001032,7
230099657001033,7
230099657001034,7
230099657001035,7
230099657001036,7
230099657001037,7
230099657001038,7
230099657001039,7
230099657001040,7
230099657001041,7
230099657001042,7
230099657001043,7
230099657001044,7
230099657001045,7
230099657001046,7
230099657001047,7
230099657001048,7
230099657001049,7
230099657001050,7
230099657001051,7
230099657001052,7
230099657001053,7
230099657001054,7
230099657001055,7
230099657001056,7
230099657001057,7
230099657001058,7
230099657001059,7
230099657001060,7
230099657001061,7
230099657001062,7
230099657001063,7
230099657001064,7
230099657001065,7
230099657001066,7
230099657001067,7
230099657001068,7
230099657001069,7
230099662002024,7
230099662002025,7
230099662002026,7
230099662002027,7
230099662002028,7
230099662002029,7
230099662002030,7
230099662002031,7
230099662002032,7
230099662002033,7
230099662002034,7
230099662002035,7
230099662002036,7
230099662002037,7
230099662002038,7
230099662002039,7
230099662002040,7
230099662002089,7
230099662002090,7
230099662002091,7
230099900000007,7
230099658001000,6
230099658001001,6
230099658001002,6
230099658001003,6
230099658001004,6
230099658001005,6
230099658001006,6
230099658001007,6
230099658001008,6
230099658001009,6
230099658001010,6
230099658001011,6
230099658001012,6
230099658001013,6
230099658001014,6
230099658001015,6
230099658001016,6
230099658001017,6
230099658001018,6
230099658001019,6
230099658001020,6
230099658001021,6
230099658001022,6
230099658001023,6
230099658001024,6
230099658001025,6
230099658001026,6
230099658001027,6
230099658001028,6
230099658001029,6
230099658001030,6
230099658001031,6
230099658001032,6
230099658001033,6
230099658001034,6
230099658001035,6
230099658001036,6
230099658001037,6
230099658001038,6
230099658001039,6
230099658001040,6
230099658001041,6
230099658001042,6
230099658001043,6
230099658001044,6
230099658001045,6
230099658001046,6
230099658001047,6
230099658001048,6
230099658003000,6
230099658003001,6
230099658003002,6
230099658003003,6
230099658003004,6
230099658003005,6
230099658003006,6
230099658003007,6
230099658003008,6
230099658003009,6
230099658003010,6
230099658003011,6
230099658003012,6
230099658003013,6
230099658003014,6
230099658003015,6
230099658003016,6
230099658003017,6
230099658003018,6
230099658003019,6
230099658003020,6
230099658003021,6
230099658003022,6
230099658003023,6
230099658003024,6
230099658003025,6
230099658003026,6
230099900000001,6
230099651002000,8
230099651002001,8
230099651002002,8
230099651002003,8
230099651002004,8
230099651002005,8
230099651002006,8
230099651002007,8
230099651002008,8
230099651002023,8
230099651002024,8
230099651002025,8
230099651002026,8
230099651002027,8
230099651002028,8
230099651002029,8
230099651002030,8
230099651002031,8
230099651002032,8
230099651002033,8
230099651002034,8
230099651002035,8
230099651002038,8
230099651002041,8
230099651002047,8
230099651002048,8
230099651002049,8
230099651002050,8
230099651002057,8
230099651002192,8
230099651002193,8
230099651002194,8
230099651002195,8
230099651002197,8
230099667001000,7
230099667001001,7
230099667001002,7
230099667001003,7
230099667001004,7
230099667001005,7
230099667001006,7
230099667001007,7
230099667001008,7
230099667001009,7
230099667001010,7
230099667001011,7
230099667001012,7
230099667001013,7
230099667001014,7
230099667001015,7
230099667001016,7
230099667001017,7
230099667001018,7
230099667001019,7
230099667001020,7
230099667001021,7
230099667001022,7
230099667001023,7
230099667001024,7
230099667001025,7
230099667001026,7
230099667001027,7
230099667001028,7
230099667001029,7
230099667001030,7
230099667001031,7
230099667001032,7
230099667001033,7
230099667001034,7
230099667001035,7
230099667001036,7
230099667001037,7
230099667004000,7
230099667004001,7
230099667004002,7
230099667004003,7
230099667004004,7
230099667004005,7
230099667004006,7
230099667004007,7
230099667004008,7
230099667004009,7
230099667004010,7
230099667004011,7
230099667004012,7
230099667004013,7
230099667004014,7
230099667004015,7
230099667004016,7
230099667004017,7
230099667004018,7
230099667004019,7
230099667004020,7
230099667004021,7
230099667004022,7
230099667004023,7
230099667004024,7
230099667004025,7
230099667004026,7
230099667004027,7
230099667002000,7
230099667002001,7
230099667002002,7
230099667002003,7
230099667002004,7
230099667002005,7
230099667002006,7
230099667002007,7
230099667002008,7
230099667002009,7
230099667002010,7
230099667002011,7
230099667002012,7
230099667002013,7
230099667002014,7
230099667002015,7
230099667002016,7
230099667002017,7
230099667002018,7
230099667002019,7
230099667002020,7
230099667002021,7
230099667002022,7
230099667002023,7
230099667002024,7
230099667002025,7
230099667002026,7
230099667002027,7
230099667002028,7
230099667002029,7
230099667002030,7
230099667002031,7
230099667002032,7
230099667002033,7
230099667002034,7
230099667002035,7
230099667002036,7
230099667002037,7
230099667002038,7
230099667002039,7
230099667002040,7
230099667002041,7
230099667002042,7
230099667002043,7
230099667002044,7
230099667002045,7
230099651003000,7
230099651003001,7
230099651003002,7
230099651003003,7
230099651003004,7
230099651003005,7
230099651003006,7
230099651003007,7
230099651003008,7
230099651003009,7
230099651003010,7
230099651003015,7
230099651003016,7
230099651003017,7
230099651003018,7
230099651003019,7
230099651003020,7
230099651003021,7
230099651003022,7
230099651003023,7
230099651003024,7
230099651003025,7
230099651003026,7
230099651003027,7
230099651003028,7
230099651003029,7
230099651003030,7
230099651003031,7
230099651003032,7
230099651003033,7
230099651003034,7
230099651003035,7
230099651003036,7
230099651003037,7
230099651003038,7
230099651003039,7
230099651003040,7
230099651003041,7
230099651003042,7
230099651003043,7
230099651003044,7
230099651003045,7
230099651003046,7
230099651003047,7
230099651003048,7
230099651003049,7
230099651003053,7
230099651003055,7
230099651003106,7
230099651003107,7
230099655041005,7
230099655041006,7
230099655041010,7
230099655041011,7
230099655041022,7
230099655041023,7
230099662002051,7
230099662002093,7
230099660001000,7
230099660001001,7
230099660001002,7
230099660001003,7
230099660001004,7
230099660001005,7
230099660001006,7
230099660001007,7
230099660001008,7
230099660001009,7
230099660001010,7
230099660001011,7
230099660001012,7
230099660001013,7
230099660001014,7
230099660001015,7
230099660001016,7
230099660001017,7
230099660001018,7
230099660001019,7
230099660001020,7
230099660001021,7
230099660001022,7
230099660001023,7
230099660001024,7
230099660001025,7
230099660001026,7
230099660001027,7
230099660001028,7
230099660001029,7
230099660001030,7
230099660001031,7
230099660001032,7
230099660001033,7
230099660001034,7
230099660001035,7
230099660001036,7
230099660001037,7
230099660001038,7
230099660001039,7
230099660001040,7
230099660001041,7
230099660001042,7
230099660001043,7
230099660001044,7
230099660001045,7
230099660001046,7
230099660001047,7
230099660001048,7
230099660001049,7
230099660001050,7
230099660001051,7
230099660001052,7
230099660001053,7
230099660001054,7
230099660001055,7
230099660001056,7
230099660001057,7
230099660001058,7
230099660001059,7
230099660001060,7
230099660001061,7
230099660001062,7
230099660001063,7
230099660001064,7
230099660001065,7
230099660001066,7
230099660001067,7
230099660001068,7
230099660001069,7
230099660001070,7
230099660002000,7
230099660002001,7
230099660002002,7
230099660002003,7
230099660002004,7
230099660002005,7
230099660002006,7
230099660002007,7
230099660002008,7
230099660002009,7
230099660002010,7
230099660002011,7
230099660002012,7
230099660002013,7
230099660002014,7
230099660002015,7
230099660002016,7
230099660002017,7
230099660002018,7
230099660002019,7
230099660002020,7
230099660002021,7
230099660002022,7
230099660002023,7
230099660002024,7
230099660002025,7
230099660002026,7
230099660002027,7
230099660002028,7
230099660002029,7
230099660002030,7
230099660002031,7
230099660002032,7
230099660002033,7
230099660002034,7
230099660002035,7
230099660002036,7
230099660002037,7
230099660002038,7
230099660002039,7
230099660002040,7
230099660002041,7
230099660002042,7
230099660002043,7
230099660002044,7
230099660002045,7
230099660002046,7
230099660002047,7
230099660002048,7
230099660002049,7
230099660002050,7
230099660002051,7
230099660002052,7
230099660002053,7
230099660002054,7
230099660002055,7
230099660002056,7
230099660002057,7
230099660002058,7
230099660002059,7
230099660002060,7
230099660002061,7
230099660002062,7
230099660002063,7
230099660002064,7
230099660002065,7
230099660002066,7
230099660002067,7
230099660002068,7
230099660002069,7
230099660002070,7
230099660002071,7
230099660002072,7
230099660002073,7
230099660002074,7
230099660002075,7
230099660002076,7
230099660002077,7
230099660002078,7
230099660002079,7
230099660002080,7
230099660002081,7
230099660002082,7
230099660002083,7
230099660002084,7
230099660002085,7
230099660002086,7
230099660002087,7
230099660002088,7
230099660002089,7
230099660002090,7
230099660002091,7
230099660002092,7
230099660002093,7
230099660002094,7
230099660002095,7
230099660002096,7
230099651002009,8
230099651002010,8
230099651002011,8
230099651002012,8
230099651002013,8
230099651002014,8
230099651002015,8
230099651002016,8
230099651002017,8
230099651002018,8
230099651002019,8
230099651002020,8
230099651002021,8
230099651002022,8
230099651002080,8
230099651002081,8
230099651002082,8
230099651002083,8
230099651002084,8
230099651002085,8
230099651002086,8
230099654001000,8
230099654001001,8
230099654001002,8
230099654001003,8
230099654001004,8
230099654001005,8
230099654001006,8
230099654001007,8
230099654001008,8
230099654001009,8
230099654001010,8
230099654001011,8
230099654001012,8
230099654001013,8
230099654001014,8
230099654001015,8
230099654001016,8
230099654001017,8
230099654001018,8
230099654001019,8
230099654001020,8
230099654001021,8
230099654001022,8
230099654001023,8
230099654001024,8
230099654001025,8
230099654001026,8
230099654001027,8
230099654001028,8
230099654001029,8
230099654001030,8
230099654001031,8
230099654001032,8
230099654001033,8
230099654001034,8
230099654001035,8
230099654001036,8
230099654001037,8
230099654001038,8
230099654001039,8
230099654001040,8
230099654001041,8
230099654001042,8
230099654001043,8
230099654001044,8
230099654001045,8
230099654002000,8
230099654002001,8
230099654002002,8
230099654002003,8
230099654002004,8
230099654002005,8
230099654002006,8
230099654002007,8
230099654002008,8
230099654002009,8
230099654002010,8
230099654002011,8
230099654002012,8
230099654002013,8
230099654002014,8
230099654002015,8
230099654002016,8
230099654002017,8
230099654002018,8
230099654002019,8
230099654002020,8
230099654002021,8
230099654002022,8
230099654002023,8
230099654002024,8
230099654002025,8
230099654002026,8
230099654002027,8
230099654002028,8
230099654002029,8
230099654002030,8
230099654002031,8
230099654002032,8
230099654002033,8
230099654002034,8
230099654002035,8
230099654002036,8
230099654002037,8
230099654002038,8
230099654002039,8
230099654002040,8
230099651002119,7
230099651002120,7
230099651002121,7
230099651002122,7
230099651002123,7
230099651002124,7
230099651002125,7
230099651002126,7
230099651002127,7
230099651002128,7
230099651002134,7
230099651002135,7
230099651002136,7
230099651002137,7
230099651002138,7
230099651002139,7
230099651002140,7
230099651002141,7
230099651002142,7
230099651002143,7
230099651002144,7
230099651002145,7
230099651002146,7
230099651002150,7
230099651002151,7
230099651002153,7
230099652002000,7
230099652002001,7
230099652002002,7
230099652002003,7
230099652002004,7
230099652002005,7
230099652002006,7
230099652002007,7
230099652002028,7
230099652002029,7
230099652002030,7
230099652002031,7
230099652002032,7
230099652002033,7
230099652002034,7
230099652002035,7
230099652002036,7
230099652002037,7
230099652002038,7
230099652002039,7
230099652002040,7
230099652002041,7
230099652002042,7
230099652002043,7
230099652002044,7
230099652002045,7
230099652002046,7
230099652002047,7
230099652002048,7
230099652002049,7
230099652002050,7
230099652002051,7
230099652002052,7
230099652002053,7
230099652002054,7
230099652002055,7
230099652002056,7
230099652002057,7
230099652002058,7
230099652002059,7
230099652002071,7
230099652002072,7
230099652002074,7
230099652002075,7
230099652002076,7
230099664001000,8
230099664001001,8
230099664001002,8
230099664001003,8
230099664001004,8
230099664001005,8
230099664001006,8
230099664001007,8
230099664001008,8
230099664001009,8
230099664001010,8
230099664001011,8
230099664001012,8
230099664001013,8
230099664001014,8
230099664001015,8
230099664001016,8
230099664001017,8
230099664001018,8
230099664001019,8
230099664001020,8
230099664001021,8
230099664001022,8
230099664001023,8
230099664001024,8
230099664001025,8
230099664001026,8
230099664001027,8
230099664001028,8
230099664001029,8
230099664001030,8
230099664001031,8
230099664001032,8
230099664001033,8
230099664001034,8
230099664001035,8
230099664001036,8
230099664001037,8
230099664001038,8
230099664001039,8
230099664001040,8
230099664001041,8
230099664001042,8
230099664001043,8
230099664001044,8
230099664001045,8
230099664001046,8
230099664001047,8
230099664001048,8
230099664001049,8
230099664001050,8
230099665002000,7
230099665002001,7
230099665002002,7
230099665002003,7
230099665002004,7
230099665002005,7
230099665002006,7
230099665002007,7
230099665002008,7
230099665002009,7
230099665002010,7
230099665002011,7
230099665002012,7
230099665002013,7
230099665002014,7
230099665002015,7
230099665002016,7
230099665002017,7
230099665002018,7
230099665002019,7
230099665002020,7
230099665002024,7
230099665002025,7
230099665002027,7
230099665002028,7
230099665002029,7
230099665002030,7
230099665002031,7
230099665002032,7
230099665002033,7
230099665002034,7
230099665002035,7
230099665002036,7
230099665002037,7
230099665002038,7
230099665002039,7
230099665002040,7
230099665002041,7
230099665002042,7
230099665002043,7
230099665002044,7
230099665002045,7
230099665002046,7
230099657002028,7
230099657002029,7
230099657002030,7
230099657002031,7
230099657002032,7
230099657002033,7
230099657002034,7
230099657002035,7
230099657002036,7
230099657002037,7
230099657002038,7
230099657002039,7
230099657002040,7
230099657002041,7
230099657002042,7
230099657002043,7
230099657002044,7
230099657002045,7
230099657002081,7
230099657002082,7
230099657002084,7
230099661001000,7
230099661001001,7
230099661001002,7
230099661001003,7
230099661001004,7
230099661001005,7
230099661001006,7
230099661001007,7
230099661001008,7
230099661001009,7
230099661001010,7
230099661001011,7
230099661001012,7
230099661001013,7
230099661001014,7
230099661001015,7
230099661001016,7
230099661001017,7
230099661001018,7
230099661001019,7
230099661001020,7
230099661001021,7
230099661001022,7
230099661001023,7
230099661001024,7
230099661001025,7
230099661001026,7
230099661001027,7
230099661001028,7
230099661001029,7
230099661001030,7
230099661001031,7
230099661001032,7
230099661001033,7
230099661001034,7
230099661001035,7
230099661001036,7
230099661001037,7
230099661001038,7
230099661001039,7
230099661001040,7
230099661001041,7
230099661002014,7
230099661002015,7
230099661002016,7
230099661002017,7
230099661002018,7
230099661002019,7
230099661002020,7
230099661002021,7
230099661002022,7
230099661002023,7
230099661002024,7
230099661002025,7
230099661002026,7
230099661002027,7
230099661002028,7
230099661002029,7
230099661002030,7
230099661002031,7
230099661002032,7
230099900000005,7
230099666001000,7
230099666001001,7
230099666001002,7
230099666001003,7
230099666001004,7
230099666001005,7
230099666001006,7
230099666001007,7
230099666001008,7
230099666001009,7
230099666001010,7
230099666001011,7
230099666001012,7
230099666001013,7
230099666001014,7
230099666001015,7
230099666001016,7
230099666001017,7
230099666001018,7
230099666001019,7
230099666001020,7
230099666001021,7
230099666001022,7
230099666001023,7
230099666001024,7
230099666001025,7
230099666001026,7
230099666001027,7
230099666001028,7
230099666001029,7
230099666001030,7
230099666001031,7
230099666001032,7
230099666001033,7
230099666001034,7
230099657002000,6
230099657002001,6
230099657002002,6
230099657002003,6
230099657002004,6
230099657002005,6
230099657002006,6
230099657002007,6
230099657002008,6
230099657002009,6
230099657002010,6
230099657002011,6
230099657002012,6
230099657002013,6
230099657002014,6
230099657002015,6
230099657002016,6
230099657002017,6
230099657002018,6
230099657002019,6
230099657002020,6
230099657002021,6
230099657002022,6
230099657002023,6
230099657002024,6
230099657002025,6
230099657002026,6
230099657002027,6
230099657002046,6
230099657002047,6
230099657002048,6
230099657002049,6
230099657002050,6
230099657002051,6
230099657002052,6
230099657002053,6
230099657002054,6
230099657002055,6
230099657002056,6
230099657002057,6
230099657002058,6
230099657002059,6
230099657002060,6
230099657002061,6
230099657002062,6
230099657002063,6
230099657002064,6
230099657002065,6
230099657002066,6
230099657002067,6
230099657002068,6
230099657002069,6
230099657002070,6
230099657002071,6
230099657002072,6
230099657002073,6
230099657002074,6
230099657002075,6
230099657002076,6
230099657002077,6
230099657002078,6
230099657002079,6
230099657002080,6
230099657002083,6
230099663002000,7
230099663002001,7
230099663002002,7
230099663002003,7
230099663002004,7
230099663002005,7
230099663002006,7
230099663002007,7
230099663002008,7
230099663002009,7
230099663002010,7
230099663002011,7
230099663002012,7
230099663002013,7
230099663002014,7
230099663002015,7
230099663002016,7
230099663002017,7
230099663002018,7
230099663002019,7
230099663002020,7
230099663002021,7
230099663002022,7
230099663002023,7
230099663002024,7
230099663002025,7
230099663002026,7
230099663002027,7
230099663002028,7
230099663002029,7
230099663002030,7
230099663002031,7
230099663002032,7
230099663002033,7
230099663002034,7
230099663002035,7
230099663002036,7
230099663002037,7
230099663002038,7
230099663002039,7
230099663002040,7
230099663002041,7
230099663002042,7
230099663002043,7
230099663002044,7
230099663002045,7
230099663002046,7
230099663002047,7
230099663002048,7
230099663002049,7
230099663002050,7
230099662002047,7
230099662002048,7
230099662002049,7
230099662002050,7
230099662002052,7
230099662002053,7
230099662002054,7
230099662002055,7
230099662002056,7
230099662002057,7
230099662002058,7
230099662002059,7
230099662002060,7
230099662002061,7
230099662002062,7
230099662002063,7
230099662002064,7
230099662002065,7
230099662002066,7
230099662002067,7
230099662002068,7
230099662002069,7
230099662002080,7
230099662002081,7
230099662002082,7
230099662002083,7
230099662002084,7
230099662002085,7
230099662002086,7
230099662002087,7
230099662002088,7
230099662002092,7
230099900000008,7
230099662001000,7
230099662001001,7
230099662001002,7
230099662001003,7
230099662001004,7
230099662001005,7
230099662001006,7
230099662001007,7
230099662001008,7
230099662001009,7
230099662001010,7
230099662001011,7
230099662001012,7
230099662001013,7
230099662001014,7
230099662001015,7
230099662001016,7
230099662001017,7
230099662001018,7
230099662001019,7
230099662001020,7
230099662001021,7
230099662001022,7
230099662001023,7
230099662001024,7
230099662001025,7
230099662001026,7
230099662001027,7
230099662001028,7
230099662001029,7
230099662001030,7
230099662001031,7
230099662001032,7
230099662001033,7
230099662001034,7
230099662001035,7
230099662001036,7
230099662001037,7
230099662001038,7
230099662001039,7
230099662002000,7
230099662002001,7
230099662002002,7
230099662002003,7
230099662002004,7
230099662002005,7
230099662002006,7
230099662002007,7
230099662002008,7
230099662002009,7
230099662002010,7
230099662002011,7
230099662002012,7
230099662002013,7
230099662002014,7
230099662002015,7
230099662002016,7
230099662002017,7
230099662002018,7
230099662002019,7
230099662002020,7
230099662002021,7
230099662002022,7
230099662002023,7
230099662002041,7
230099662002042,7
230099662002043,7
230099662002044,7
230099662002045,7
230099662002046,7
230099662002070,7
230099662002071,7
230099662002072,7
230099662002073,7
230099662002074,7
230099662002075,7
230099662002076,7
230099662002077,7
230099662002078,7
230099662002079,7
230099900000006,7
230099667003000,7
230099667003001,7
230099667003002,7
230099667003003,7
230099667003004,7
230099667003005,7
230099667003006,7
230099667003007,7
230099667003008,7
230099667003009,7
230099667003010,7
230099667003011,7
230099667003012,7
230099667003013,7
230099667003014,7
230099667003015,7
230099667003016,7
230099667003017,7
230099667003018,7
230099667003019,7
230099667003020,7
230099667003021,7
230099667003022,7
230099667003023,7
230099667003024,7
230099667003025,7
230099667003026,7
230099667003027,7
230099667003028,7
230099667003029,7
230099667003030,7
230099667003031,7
230099667003032,7
230099654003000,8
230099654003001,8
230099654003002,8
230099654003003,8
230099654003004,8
230099654003005,8
230099654003006,8
230099654003007,8
230099654003008,8
230099654003009,8
230099654003010,8
230099651003011,7
230099651003012,7
230099651003013,7
230099651003014,7
230099651003050,7
230099651003051,7
230099651003052,7
230099651003054,7
230099651003056,7
230099651003057,7
230099651003058,7
230099651003059,7
230099651003060,7
230099651003061,7
230099651003062,7
230099651003063,7
230099651003064,7
230099651003065,7
230099651003067,7
230099651003068,7
230099651003069,7
230099651003070,7
230099651003077,7
230099651003078,7
230099651003079,7
230099651003080,7
230099651003081,7
230099651003082,7
230099651003083,7
230099651003084,7
230099651003085,7
230099651003086,7
230099651003095,7
230099651003096,7
230099651003097,7
230099651003098,7
230099651003099,7
230099651003100,7
230099651003101,7
230099658002000,6
230099658002001,6
230099658002002,6
230099658002003,6
230099658002004,6
230099658002005,6
230099658002006,6
230099658002007,6
230099658002008,6
230099658002009,6
230099658002010,6
230099658002011,6
230099658002012,6
230099658002013,6
230099658002014,6
230099658002015,6
230099658002016,6
230099658002017,6
230099658002018,6
230099658002019,6
230099658002020,6
230099658002021,6
230099658002022,6
230099658002023,6
230099658002024,6
230099658002025,6
230099658002026,6
230099658002027,6
230099658002028,6
230099658002029,6
230099658002030,6
230099658002031,6
230099658002032,6
230099658002033,6
230099658002034,6
230099658002035,6
230099658002036,6
230099658002037,6
230099658002038,6
230099658002039,6
230099658002040,6
230099658002041,6
230099900000002,6
230099900000003,6
230139703012000,12
230139703012001,12
230139703012002,12
230139703012003,12
230139703012004,12
230139703012005,12
230139703012006,12
230139703012007,12
230139703012008,12
230139703012009,12
230139703012010,12
230139703012011,12
230139703012012,12
230139703012013,12
230139703012014,12
230139703012015,12
230139703012016,12
230139703012017,12
230139703012018,12
230139703012019,12
230139703012020,12
230139703012021,12
230139703012022,12
230139703012023,12
230139703012024,12
230139703012025,12
230139703012026,12
230139703012027,12
230139703012028,12
230139703012029,12
230139703012030,12
230139703012031,12
230139703012032,12
230139703012033,12
230139703012034,12
230139703012035,12
230139703012036,12
230139703012037,12
230139703012038,12
230139703012039,12
230139703012040,12
230139703012041,12
230139703012042,12
230139703012043,12
230139703012044,12
230139703012045,12
230139703012046,12
230139703012047,12
230139703012048,12
230139703012049,12
230139703012050,12
230139703012051,12
230139702001000,12
230139702001001,12
230139702001002,12
230139702001003,12
230139702001004,12
230139702001005,12
230139702001006,12
230139702001007,12
230139702001008,12
230139702001009,12
230139702001010,12
230139702001011,12
230139702001012,12
230139702001013,12
230139702001014,12
230139702001015,12
230139702001016,12
230139702001017,12
230139702001018,12
230139702001019,12
230139702001020,12
230139702002000,12
230139702002001,12
230139702002002,12
230139702002003,12
230139702002004,12
230139702002005,12
230139702002006,12
230139702002007,12
230139702002008,12
230139702002009,12
230139702002010,12
230139702002011,12
230139702002012,12
230139702002013,12
230139702002014,12
230139702002015,12
230139702002016,12
230139702002017,12
230139702002018,12
230139702002019,12
230139702002020,12
230139702002021,12
230139702002022,12
230139702002023,12
230139702002024,12
230139702002025,12
230139702002026,12
230139702002027,12
230139702002028,12
230139702002029,12
230139702002030,12
230139702002031,12
230139702002032,12
230139702002033,12
230139702003000,12
230139702003001,12
230139702003002,12
230139702003003,12
230139702003004,12
230139702003005,12
230139702003006,12
230139702003007,12
230139702003008,12
230139702003009,12
230139702003010,12
230139702003011,12
230139702003012,12
230139702003013,12
230139702003014,12
230139702003015,12
230139702003016,12
230139702003017,12
230139702003018,12
230139702003019,12
230139702003020,12
230139702003021,12
230139702003022,12
230139702003023,12
230139702004000,12
230139702004001,12
230139702004002,12
230139702004003,12
230139702004004,12
230139702004005,12
230139702004006,12
230139702004007,12
230139702004008,12
230139702004009,12
230139702004010,12
230139702004011,12
230139702004012,12
230139702004013,12
230139702004014,12
230139702004015,12
230139702004016,12
230139702004017,12
230139702004018,12
230139702004019,12
230139702004020,12
230139702004021,12
230139702004022,12
230139702004023,12
230139702004024,12
230139702004025,12
230139702004026,12
230139702004027,12
230139702004028,12
230139702004029,12
230139702004030,12
230139702004031,12
230139702004032,12
230139702005000,12
230139702005001,12
230139702005002,12
230139702005003,12
230139702005004,12
230139702005005,12
230139702005006,12
230139702005007,12
230139702005008,12
230139702005009,12
230139702005010,12
230139702005011,12
230139702005012,12
230139702005013,12
230139702005014,12
230139702005015,12
230139702005016,12
230139702005017,12
230139702005018,12
230139702005019,12
230139702005020,12
230139702005021,12
230139702005022,12
230139702005023,12
230139702005024,12
230139702005025,12
230139900000006,12
230139711004046,12
230139711004047,12
230139711004048,12
230139900000026,12
230139900000027,12
230139710001000,12
230139710001001,12
230139710001002,12
230139710001003,12
230139710001004,12
230139710001005,12
230139710001006,12
230139710001007,12
230139710001008,12
230139710001009,12
230139710001010,12
230139710001011,12
230139710001012,12
230139710001013,12
230139710001014,12
230139710001015,12
230139710001016,12
230139710001017,12
230139710001018,12
230139710001019,12
230139710001020,12
230139710001021,12
230139710001022,12
230139710001023,12
230139710001024,12
230139710001025,12
230139710001026,12
230139710001027,12
230139710001028,12
230139710001029,12
230139900000032,12
230139710002000,12
230139710002001,12
230139710002002,12
230139710002003,12
230139710002004,12
230139710002005,12
230139710002006,12
230139710002007,12
230139710002008,12
230139710002009,12
230139710002010,12
230139710002011,12
230139710002012,12
230139710002013,12
230139710002014,12
230139710002015,12
230139710002016,12
230139710002017,12
230139710002018,12
230139710002019,12
230139710002020,12
230139710002021,12
230139710002022,12
230139710002023,12
230139710002024,12
230139710002025,12
230139710002026,12
230139710002027,12
230139710002028,12
230139710002029,12
230139710002030,12
230139710002031,12
230139710002032,12
230139710002033,12
230139710002034,12
230139710002035,12
230139710002036,12
230139710002037,12
230139710002038,12
230139900000029,12
230139900000030,12
230139900000031,12
230139703011000,12
230139703011001,12
230139703011002,12
230139703011003,12
230139703011004,12
230139703011005,12
230139703011006,12
230139703011007,12
230139703011008,12
230139703011009,12
230139703011010,12
230139703011011,12
230139703011012,12
230139703011013,12
230139703011014,12
230139703011015,12
230139703011016,12
230139703011017,12
230139703011018,12
230139703011019,12
230139703011020,12
230139703011021,12
230139703011022,12
230139703011023,12
230139703011024,12
230139703011025,12
230139703011026,12
230139703011027,12
230139703011028,12
230139703011029,12
230139703011030,12
230139703011031,12
230139703011032,12
230139703011033,12
230139703011034,12
230139703011035,12
230139703011036,12
230139703011037,12
230139703011038,12
230139703011039,12
230139703011040,12
230139703011041,12
230139703011042,12
230139703011043,12
230139703011044,12
230139703011045,12
230139703011046,12
230139703011047,12
230139703011048,12
230139703011049,12
230139711004000,12
230139711004001,12
230139711004002,12
230139711004003,12
230139711004004,12
230139711004005,12
230139711004006,12
230139711004007,12
230139711004008,12
230139711004009,12
230139711004010,12
230139711004011,12
230139711004012,12
230139711004013,12
230139711004014,12
230139711004015,12
230139711004016,12
230139711004017,12
230139711004018,12
230139711004019,12
230139711004020,12
230139711004021,12
230139711004022,12
230139711004023,12
230139711004024,12
230139711004025,12
230139711004026,12
230139711004027,12
230139711004028,12
230139711004029,12
230139711004030,12
230139711004031,12
230139711004032,12
230139711004033,12
230139711004034,12
230139711004035,12
230139711004036,12
230139711004037,12
230139711004038,12
230139711004039,12
230139711004040,12
230139711004041,12
230139711004042,12
230139711004043,12
230139711004044,12
230139711004045,12
230139900000001,12
230139900000002,12
230139711001067,12
230139711001068,12
230139711001069,12
230139711001070,12
230139711001071,12
230139711001072,12
230139711004049,12
230139711004050,12
230139711004051,12
230139711004052,12
230139711004053,12
230139711004054,12
230139711004057,12
230139711004058,12
230139711004059,12
230139900000024,12
230139900000025,12
230139900000033,12
230139900000034,12
230139711001052,12
230139711001053,12
230139711001054,12
230139711001055,12
230139711001056,12
230139711001057,12
230139711001058,12
230139711001059,12
230139711001060,12
230139711001061,12
230139711001062,12
230139711001063,12
230139711001064,12
230139711001065,12
230139711001066,12
230139711001073,12
230139711001074,12
230139900000014,12
230139900000020,12
230139900000023,12
230139711003000,12
230139711003001,12
230139711003002,12
230139711003003,12
230139711003004,12
230139711003005,12
230139711003006,12
230139711003007,12
230139711003008,12
230139711003009,12
230139711003010,12
230139711003011,12
230139711003012,12
230139711003013,12
230139711003014,12
230139711003015,12
230139711003016,12
230139711003017,12
230139711003018,12
230139711003019,12
230139711003020,12
230139711003021,12
230139711003022,12
230139711003023,12
230139711003024,12
230139711003025,12
230139711003026,12
230139711003027,12
230139711003028,12
230139711003029,12
230139711003030,12
230139711003031,12
230139711003032,12
230139711003033,12
230139711003034,12
230139711003035,12
230139900000004,12
230139900000005,12
230139708002000,12
230139708002001,12
230139708002002,12
230139708002003,12
230139708002004,12
230139708002005,12
230139708002006,12
230139708002007,12
230139708002008,12
230139708004000,12
230139708004001,12
230139708004002,12
230139708004003,12
230139708004004,12
230139708004005,12
230139708004006,12
230139708004007,12
230139708004008,12
230139708004009,12
230139708004010,12
230139708004011,12
230139708004012,12
230139708004013,12
230139708004014,12
230139708004015,12
230139900000010,12
230139900000013,12
230139900000037,12
230139706001000,12
230139706001001,12
230139706001002,12
230139706001003,12
230139706001004,12
230139706001005,12
230139706001006,12
230139706001007,12
230139706001008,12
230139706001009,12
230139706001010,12
230139706001011,12
230139706001012,12
230139706001013,12
230139706001014,12
230139706001015,12
230139706001016,12
230139706001017,12
230139706001018,12
230139706001019,12
230139706001020,12
230139706001021,12
230139706001022,12
230139706001023,12
230139706001024,12
230139706002000,12
230139706002001,12
230139706002002,12
230139706002003,12
230139706002004,12
230139706002005,12
230139706002006,12
230139706002007,12
230139706002008,12
230139706002009,12
230139706002010,12
230139706002011,12
230139706002012,12
230139706002013,12
230139706002014,12
230139706002015,12
230139706002016,12
230139706002017,12
230139706003000,12
230139706003001,12
230139706003002,12
230139706003003,12
230139706003004,12
230139706003005,12
230139706003006,12
230139706003007,12
230139706003008,12
230139706003009,12
230139706003010,12
230139706003011,12
230139706003012,12
230139706003013,12
230139706003014,12
230139706003015,12
230139706003016,12
230139706003017,12
230139706004000,12
230139706004001,12
230139706004002,12
230139706004003,12
230139706004004,12
230139706004005,12
230139706004006,12
230139706004007,12
230139706004008,12
230139706004009,12
230139706004010,12
230139706004011,12
230139706004012,12
230139706004013,12
230139706004014,12
230139706004015,12
230139706004016,12
230139706004017,12
230139706004018,12
230139706004019,12
230139706004020,12
230139706004021,12
230139706004022,12
230139706004023,12
230139706004024,12
230139706004025,12
230139706004026,12
230139706004027,12
230139706004028,12
230139706004029,12
230139706004030,12
230139707001000,12
230139707001001,12
230139707001002,12
230139707001003,12
230139707001004,12
230139707001005,12
230139707001006,12
230139707001007,12
230139707001008,12
230139707001009,12
230139707001010,12
230139707001011,12
230139707001012,12
230139707001013,12
230139707001014,12
230139707001015,12
230139707001016,12
230139707001017,12
230139707001018,12
230139707001019,12
230139707001020,12
230139707001021,12
230139707001022,12
230139707001023,12
230139707001024,12
230139707001025,12
230139707001026,12
230139707001027,12
230139707001028,12
230139707001029,12
230139707001030,12
230139707001031,12
230139707001032,12
230139707001033,12
230139707001034,12
230139707001035,12
230139707001036,12
230139707001037,12
230139707001038,12
230139707001039,12
230139707001040,12
230139707001041,12
230139707001042,12
230139707001043,12
230139707001044,12
230139707002000,12
230139707002001,12
230139707002002,12
230139707002003,12
230139707002004,12
230139707002005,12
230139707002006,12
230139707002007,12
230139707002008,12
230139707002009,12
230139707002010,12
230139707002011,12
230139707002012,12
230139707002013,12
230139707002014,12
230139707002015,12
230139707002016,12
230139707002017,12
230139707003000,12
230139707003001,12
230139707003002,12
230139707003003,12
230139707003004,12
230139707003005,12
230139707003006,12
230139707003007,12
230139707003008,12
230139707003009,12
230139707003010,12
230139707003011,12
230139707003012,12
230139707003013,12
230139707003014,12
230139707003015,12
230139707003016,12
230139707003017,12
230139707003018,12
230139707003019,12
230139707003020,12
230139707003021,12
230139707003022,12
230139707003023,12
230139707003024,12
230139707003025,12
230139707003026,12
230139707003027,12
230139707003028,12
230139707003029,12
230139707003030,12
230139707003031,12
230139707004000,12
230139707004001,12
230139707004002,12
230139707004003,12
230139707004004,12
230139707004005,12
230139707004006,12
230139707004007,12
230139707004008,12
230139707004009,12
230139707004010,12
230139707004011,12
230139707004012,12
230139707004013,12
230139707004014,12
230139707004015,12
230139707004016,12
230139707004017,12
230139707004018,12
230139707004019,12
230139707004020,12
230139707004021,12
230139900000011,12
230139900000012,12
230139900000035,12
230139705001000,12
230139705001001,12
230139705001002,12
230139705001003,12
230139705001004,12
230139705001005,12
230139705001006,12
230139705001007,12
230139705001008,12
230139705001009,12
230139705001010,12
230139705001011,12
230139705001012,12
230139705001013,12
230139705001014,12
230139705001015,12
230139705001016,12
230139705001017,12
230139705001018,12
230139705001019,12
230139705001020,12
230139705001021,12
230139705001022,12
230139705001023,12
230139705001024,12
230139705001025,12
230139705001026,12
230139705001027,12
230139705001028,12
230139705001029,12
230139705001030,12
230139705001031,12
230139705001032,12
230139705001033,12
230139705001034,12
230139705001035,12
230139705001036,12
230139705001037,12
230139705001038,12
230139705001039,12
230139705001040,12
230139705001041,12
230139705001042,12
230139705001043,12
230139705001044,12
230139705001045,12
230139705001046,12
230139705002000,12
230139705002001,12
230139705002002,12
230139705002003,12
230139705002004,12
230139705002005,12
230139705002006,12
230139705002007,12
230139705002008,12
230139705002009,12
230139705002010,12
230139705002011,12
230139705002012,12
230139705002013,12
230139705002014,12
230139705002015,12
230139705002016,12
230139705002017,12
230139705002018,12
230139705002019,12
230139705002020,12
230139705002021,12
230139705002022,12
230139705002023,12
230139705002024,12
230139705002025,12
230139705002026,12
230139705002027,12
230139705002028,12
230139705002029,12
230139705002030,12
230139705002031,12
230139705002032,12
230139705002033,12
230139705002034,12
230139705003000,12
230139705003001,12
230139705003002,12
230139705003003,12
230139705003004,12
230139705003005,12
230139705003006,12
230139705003007,12
230139705003008,12
230139705003009,12
230139705003010,12
230139705003011,12
230139705003012,12
230139705003013,12
230139705003014,12
230139705003015,12
230139705003016,12
230139705003017,12
230139705003018,12
230139705003019,12
230139705003020,12
230139705003021,12
230139705003022,12
230139705003023,12
230139705003024,12
230139705003025,12
230139705003026,12
230139705003027,12
230139705003028,12
230139705003029,12
230139705003030,12
230139705003031,12
230139705003032,12
230139705003033,12
230139705003034,12
230139705003035,12
230139705003036,12
230139705003037,12
230139705003038,12
230139705003039,12
230139705003040,12
230139900000007,12
230139900000008,12
230139900000009,12
230139709001000,12
230139709001001,12
230139709001002,12
230139709001003,12
230139709001004,12
230139709001005,12
230139709001006,12
230139709001007,12
230139709001008,12
230139709001009,12
230139709001010,12
230139709001011,12
230139709001012,12
230139709001013,12
230139709001014,12
230139709001015,12
230139709001016,12
230139709001017,12
230139709001018,12
230139709001019,12
230139709001020,12
230139709001021,12
230139709001022,12
230139709001023,12
230139709001024,12
230139709001025,12
230139709001026,12
230139709001027,12
230139709001028,12
230139709001029,12
230139709001030,12
230139709001031,12
230139709001032,12
230139709001033,12
230139709001034,12
230139709001035,12
230139709001036,12
230139709001037,12
230139709001038,12
230139709001039,12
230139709001040,12
230139709001041,12
230139709002000,12
230139709002001,12
230139709002002,12
230139709002003,12
230139709002004,12
230139709002005,12
230139709002006,12
230139709002007,12
230139709002008,12
230139709002009,12
230139709002010,12
230139709002011,12
230139709002012,12
230139709002013,12
230139709002014,12
230139709002015,12
230139709002016,12
230139709002017,12
230139709002018,12
230139709003000,12
230139709003001,12
230139709003002,12
230139709003003,12
230139709003004,12
230139709003005,12
230139709003006,12
230139709003007,12
230139709003008,12
230139709003009,12
230139709003010,12
230139709003011,12
230139709003012,12
230139709003013,12
230139709003014,12
230139709003015,12
230139709003016,12
230139900000016,12
230139900000017,12
230139900000018,12
230139900000019,12
230139900000038,12
230139708001000,12
230139708001001,12
230139708001002,12
230139708001003,12
230139708001004,12
230139708001005,12
230139708001006,12
230139708001007,12
230139708001008,12
230139708001009,12
230139708001010,12
230139708001011,12
230139708001012,12
230139708001013,12
230139708003000,12
230139708003001,12
230139708003002,12
230139708003003,12
230139708003004,12
230139708003005,12
230139708003006,12
230139708003007,12
230139708003008,12
230139708003009,12
230139708003010,12
230139708003011,12
230139708003012,12
230139708003013,12
230139708003014,12
230139900000015,12
230139704021000,12
230139704021001,12
230139704021002,12
230139704021003,12
230139704021004,12
230139704021005,12
230139704021006,12
230139704021007,12
230139704021008,12
230139704021009,12
230139704021010,12
230139704021011,12
230139704021012,12
230139704022000,12
230139704022001,12
230139704022002,12
230139704022003,12
230139704022004,12
230139704022005,12
230139704022006,12
230139704022007,12
230139704022008,12
230139704022009,12
230139704022010,12
230139704022011,12
230139704022012,12
230139704022013,12
230139704022014,12
230139704022015,12
230139704022016,12
230139704022017,12
230139704022018,12
230139704022019,12
230139704022020,12
230139704022021,12
230139704022022,12
230139704022023,12
230139704022024,12
230139704022025,12
230139704022026,12
230139704022027,12
230139704022028,12
230139704022029,12
230139704022030,12
230139704022031,12
230139704022032,12
230139704022033,12
230139704022034,12
230139704022035,12
230139704023000,12
230139704023001,12
230139704023002,12
230139704023003,12
230139704023004,12
230139704023005,12
230139704023006,12
230139704023007,12
230139704023008,12
230139704023009,12
230139704023010,12
230139704023011,12
230139704023012,12
230139704023013,12
230139704023014,12
230139704023015,12
230139704023016,12
230139704023017,12
230139704023018,12
230139704023019,12
230139704023020,12
230139704023021,12
230139704023022,12
230139704023023,12
230139704023024,12
230139704023025,12
230139704023026,12
230139704023027,12
230139704023028,12
230139703022000,12
230139703022001,12
230139703022002,12
230139703022003,12
230139703022004,12
230139703022005,12
230139703022006,12
230139703022007,12
230139703022008,12
230139703022009,12
230139703022010,12
230139703022011,12
230139703022012,12
230139703022013,12
230139703022014,12
230139703022015,12
230139703022016,12
230139703022017,12
230139703022018,12
230139703022019,12
230139703022020,12
230139703022021,12
230139703022022,12
230139703022023,12
230139703022024,12
230139703022025,12
230139703022026,12
230139703022027,12
230139703022028,12
230139703022029,12
230139703022030,12
230139703022031,12
230139703022032,12
230139703022033,12
230139703022034,12
230139703022035,12
230139703022036,12
230139703022037,12
230139703022038,12
230139703022039,12
230139703022040,12
230139703022041,12
230139703022042,12
230139703022043,12
230139703022044,12
230139703022045,12
230139703022046,12
230139703022047,12
230139703022048,12
230139703022049,12
230139703022050,12
230139703022051,12
230139703022052,12
230139703022053,12
230139703022054,12
230139703022055,12
230139703022056,12
230139703022057,12
230139703022058,12
230139703022059,12
230139703022060,12
230139703022061,12
230139703022062,12
230139703022063,12
230139703022064,12
230139703022065,12
230139703022066,12
230139703022067,12
230139703023000,12
230139703023001,12
230139703023002,12
230139703023003,12
230139703023004,12
230139703023005,12
230139703023006,12
230139703023007,12
230139703023008,12
230139703023009,12
230139703023010,12
230139703023011,12
230139703023012,12
230139703023013,12
230139703023014,12
230139703023015,12
230139703023016,12
230139703023017,12
230139703023018,12
230139703023019,12
230139703023020,12
230139703023021,12
230139703023022,12
230139703023023,12
230139703023024,12
230139703023025,12
230139703023026,12
230139703023027,12
230139703023028,12
230139703023029,12
230139703023030,12
230139703023031,12
230139703023032,12
230139711001000,12
230139711001001,12
230139711001002,12
230139711001003,12
230139711001004,12
230139711001005,12
230139711001006,12
230139711001007,12
230139711001008,12
230139711001009,12
230139711001010,12
230139711001011,12
230139711001012,12
230139711001013,12
230139711001014,12
230139711001015,12
230139711001016,12
230139711001017,12
230139711001018,12
230139711001019,12
230139711001020,12
230139711001021,12
230139711001022,12
230139711001023,12
230139711001024,12
230139711001025,12
230139711001026,12
230139711001027,12
230139711001028,12
230139711001029,12
230139711001030,12
230139711001031,12
230139711001032,12
230139711001033,12
230139711001034,12
230139711001035,12
230139711001036,12
230139711001037,12
230139711001038,12
230139711001039,12
230139711001040,12
230139711001041,12
230139711001042,12
230139711001043,12
230139711001044,12
230139711001045,12
230139711001046,12
230139711001047,12
230139711001048,12
230139711001049,12
230139711001050,12
230139711001051,12
230139711001075,12
230139711002000,12
230139711002001,12
230139711002002,12
230139711002003,12
230139711002004,12
230139711002005,12
230139711002006,12
230139711002007,12
230139711002008,12
230139711002009,12
230139711002010,12
230139711002011,12
230139711002012,12
230139711002013,12
230139711002014,12
230139711002015,12
230139711002016,12
230139711002017,12
230139711002018,12
230139711002019,12
230139711002020,12
230139711002021,12
230139711002022,12
230139711002023,12
230139711002024,12
230139711002025,12
230139711002026,12
230139711002027,12
230139711002028,12
230139711002029,12
230139711002030,12
230139711002031,12
230139711002032,12
230139711002033,12
230139711002034,12
230139711002035,12
230139711002036,12
230139711002037,12
230139711002038,12
230139711002039,12
230139711002040,12
230139711002041,12
230139711002042,12
230139711002043,12
230139711002044,12
230139711002045,12
230139711004055,12
230139711004056,12
230139900000003,12
230139900000021,12
230139900000022,12
230139900000028,12
230139900000036,12
230139704011000,12
230139704011001,12
230139704011002,12
230139704011003,12
230139704011004,12
230139704011005,12
230139704011006,12
230139704011007,12
230139704011008,12
230139704011009,12
230139704011010,12
230139704011011,12
230139704011012,12
230139704011013,12
230139704011014,12
230139704011015,12
230139704011016,12
230139704011017,12
230139704011018,12
230139704011019,12
230139704011020,12
230139704011021,12
230139704011022,12
230139704011023,12
230139704011024,12
230139704011025,12
230139704011026,12
230139704011027,12
230139704011028,12
230139704011029,12
230139704011030,12
230139704011031,12
230139704011032,12
230139704011033,12
230139704011034,12
230139704011035,12
230139704011036,12
230139704011037,12
230139704011038,12
230139704011039,12
230139704011040,12
230139704011041,12
230139704011042,12
230139704011043,12
230139704011044,12
230139704011045,12
230139704011046,12
230139704011047,12
230139704011048,12
230139704011049,12
230139704011050,12
230139704011051,12
230139704011052,12
230139704011053,12
230139704011054,12
230139704011055,12
230139704011056,12
230139704011057,12
230139704011058,12
230139704011059,12
230139704011060,12
230139704011061,12
230139704011062,12
230139704011063,12
230139704011064,12
230139704011065,12
230139704011066,12
230139704011067,12
230139704011068,12
230139704011069,12
230139704011070,12
230139704011071,12
230139704011072,12
230139704011073,12
230139704011074,12
230139704011075,12
230139704011076,12
230139704011077,12
230139704011078,12
230139704011079,12
230139704012000,12
230139704012001,12
230139704012002,12
230139704012003,12
230139704012004,12
230139704012005,12
230139704012006,12
230139704012007,12
230139704012008,12
230139704012009,12
230139704012010,12
230139704012011,12
230139704012012,12
230139704012013,12
230139704012014,12
230139704012015,12
230139704012016,12
230139704012017,12
230139704012018,12
230139704012019,12
230139704012020,12
230139704012021,12
230139704012022,12
230139704012023,12
230139704012024,12
230139704012025,12
230139704012026,12
230139704012027,12
230139704012028,12
230139704012029,12
230139704012030,12
230139704012031,12
230139704012032,12
230139704012033,12
230139704012034,12
230139704012035,12
230139704013000,12
230139704013001,12
230139704013002,12
230139704013003,12
230139704013004,12
230139704013005,12
230139704013006,12
230139704013007,12
230139704013008,12
230139704013009,12
230139704013010,12
230139704013011,12
230139704013012,12
230139704013013,12
230139704013014,12
230139704013015,12
230139704013016,12
230139704013017,12
230139704013018,12
230139703021000,13
230139703021001,13
230139703021002,13
230139703021003,13
230139703021004,13
230139703021005,13
230139703021006,13
230139703021007,13
230139703021008,13
230139703021009,13
230139703021010,13
230139703021011,13
230139703021012,13
230139703021013,13
230139703021014,13
230139703021015,13
230139703021016,13
230139703021017,13
230139703021018,13
230139703021019,13
230139703021020,13
230139703021021,13
230139703021022,13
230139703021023,13
230139703021024,13
230139703021025,13
230139703021026,13
230139703021027,13
230139703021028,13
230139703021029,13
230139703021030,13
230139703021031,13
230139703021032,13
230139703021033,13
230139703021034,13
230139703021035,13
230139703021036,13
230139703021037,13
230139703021038,13
230139703021039,13
230139703021040,13
230139703021041,13
230139703021042,13
230139703021043,13
230139703021044,13
230139703021045,13
230139703021046,13
230139703021047,13
230139703021048,13
230139703021049,13
230139703021050,13
230139703021051,13
230139703021052,13
230139703021053,13
230139703021054,13
230139703021055,13
230139703021056,13
230139703021057,13
230139703021058,13
230139703021059,13
230159754001000,13
230159754001001,13
230159754001002,13
230159754001003,13
230159754001004,13
230159754001005,13
230159754001006,13
230159754001007,13
230159754001008,13
230159754001009,13
230159754001010,13
230159754001011,13
230159754001012,13
230159754001013,13
230159754001014,13
230159754001015,13
230159754001016,13
230159754001017,13
230159754001018,13
230159754001019,13
230159754001020,13
230159754001021,13
230159754001022,13
230159754001023,13
230159754001024,13
230159754001025,13
230159754001026,13
230159754001027,13
230159754001028,13
230159754001029,13
230159754001030,13
230159754001031,13
230159754001032,13
230159754001033,13
230159754001034,13
230159754001035,13
230159754001036,13
230159754001037,13
230159754001038,13
230159754001039,13
230159754001040,13
230159754001041,13
230159754001042,13
230159754001043,13
230159754001044,13
230159754001045,13
230159758001000,13
230159758001001,13
230159758001002,13
230159758001003,13
230159758001004,13
230159758001005,13
230159758001006,13
230159758001007,13
230159758001008,13
230159758001009,13
230159758001010,13
230159758001011,13
230159758001012,13
230159758001013,13
230159758001014,13
230159758001015,13
230159758001016,13
230159758001017,13
230159758001018,13
230159758001019,13
230159758001020,13
230159758001021,13
230159758001022,13
230159758001023,13
230159758001024,13
230159758001025,13
230159758001026,13
230159758001027,13
230159758001028,13
230159758001029,13
230159758001030,13
230159758001031,13
230159758001032,13
230159758001033,13
230159758001034,13
230159758001035,13
230159758001036,13
230159758001037,13
230159758002000,13
230159758002001,13
230159758002002,13
230159758002003,13
230159758002004,13
230159758002005,13
230159758002006,13
230159758002007,13
230159758002008,13
230159758002009,13
230159758002010,13
230159758002011,13
230159758002012,13
230159758003000,13
230159758003001,13
230159758003002,13
230159758003003,13
230159758003004,13
230159758003005,13
230159758003006,13
230159758003007,13
230159758003008,13
230159758003009,13
230159758003010,13
230159758003011,13
230159758003012,13
230159758003013,13
230159758003014,13
230159758003015,13
230159758003016,13
230159758003017,13
230159758003018,13
230159758003019,13
230159758003020,13
230159758003021,13
230159758003022,13
230159758003023,13
230159758003024,13
230159758003025,13
230159758003026,13
230159758003027,13
230159758003028,13
230159900000009,13
230159900000010,13
230159900000011,13
230159762001000,13
230159762001001,13
230159762001002,13
230159762001003,13
230159762001004,13
230159762001005,13
230159762001006,13
230159762001007,13
230159762001008,13
230159762001009,13
230159762001010,13
230159762001011,13
230159762001012,13
230159762001013,13
230159762001014,13
230159762001015,13
230159762001016,13
230159762001017,13
230159762001018,13
230159762001019,13
230159762001020,13
230159762001021,13
230159762001022,13
230159762001023,13
230159762001024,13
230159762001025,13
230159762001026,13
230159762001027,13
230159762001028,13
230159762001029,13
230159762001030,13
230159762001031,13
230159762001032,13
230159762001033,13
230159762001034,13
230159762001035,13
230159762001036,13
230159762002000,13
230159762002001,13
230159762002002,13
230159762002003,13
230159762002004,13
230159762002005,13
230159762002006,13
230159762002007,13
230159762002008,13
230159762002009,13
230159762002010,13
230159762002011,13
230159762002012,13
230159762002013,13
230159762002014,13
230159762002015,13
230159762002016,13
230159762002017,13
230159762002018,13
230159762002019,13
230159762004000,13
230159762004001,13
230159762004002,13
230159762004003,13
230159762004004,13
230159762004005,13
230159762004006,13
230159762004007,13
230159762004008,13
230159762004009,13
230159762004010,13
230159762004011,13
230159762004012,13
230159762004013,13
230159756001000,13
230159756001001,13
230159756001002,13
230159756001003,13
230159756001004,13
230159756001005,13
230159756001006,13
230159756001007,13
230159756001008,13
230159756001009,13
230159756001010,13
230159756001011,13
230159756001012,13
230159756001013,13
230159756001014,13
230159756001015,13
230159756001016,13
230159756001017,13
230159756001018,13
230159756001019,13
230159756001020,13
230159756001021,13
230159756001022,13
230159756001023,13
230159756001024,13
230159756001025,13
230159756001026,13
230159756001027,13
230159756001028,13
230159756001029,13
230159756001030,13
230159756001031,13
230159756001032,13
230159756001033,13
230159756001034,13
230159756001035,13
230159756001036,13
230159756001037,13
230159756001038,13
230159756002000,13
230159756002001,13
230159756002002,13
230159756002003,13
230159756002004,13
230159756002005,13
230159756002006,13
230159756002007,13
230159756002008,13
230159756002009,13
230159756002010,13
230159756002011,13
230159756002012,13
230159756002013,13
230159756002014,13
230159756002015,13
230159756002016,13
230159756002017,13
230159756002018,13
230159756002019,13
230159756002020,13
230159756002021,13
230159756002022,13
230159756002023,13
230159756002024,13
230159756002025,13
230159756002026,13
230159756002027,13
230159756002028,13
230159756002029,13
230159756002030,13
230159756002031,13
230159756002032,13
230159756002033,13
230159756002034,13
230159756002035,13
230159756002036,13
230159756002037,13
230159756002038,13
230159756002039,13
230159756002040,13
230159756002041,13
230159756002042,13
230159756002043,13
230159756002044,13
230159756002045,13
230159756002046,13
230159756002047,13
230159756002048,13
230159756002049,13
230159756002050,13
230159756004000,13
230159756004001,13
230159756004002,13
230159756004003,13
230159756004004,13
230159756004005,13
230159756004006,13
230159756004007,13
230159756004008,13
230159756004009,13
230159756004010,13
230159756004011,13
230159756004012,13
230159756004013,13
230159756004014,13
230159756004015,13
230159756004016,13
230159756004017,13
230159756004018,13
230159756004019,13
230159756004020,13
230159756006000,13
230159756006001,13
230159756006002,13
230159756006003,13
230159756006004,13
230159756006005,13
230159756006006,13
230159756006007,13
230159756006008,13
230159756006009,13
230159756006010,13
230159756006011,13
230159756006012,13
230159756006013,13
230159756006014,13
230159756006015,13
230159756006016,13
230159756006017,13
230159756006018,13
230159756006019,13
230159756006020,13
230159756006021,13
230159756006022,13
230159756006023,13
230159756006024,13
230159756006025,13
230159756006026,13
230159756006027,13
230159900000001,13
230159900000002,13
230159900000003,13
230159900000004,13
230159753003000,13
230159753003001,13
230159753003002,13
230159753003003,13
230159753003004,13
230159753003005,13
230159753003006,13
230159753003007,13
230159753003008,13
230159753003009,13
230159753003010,13
230159753003011,13
230159753003012,13
230159753003013,13
230159753003014,13
230159753003015,13
230159753003016,13
230159753003017,13
230159753003018,13
230159753003019,13
230159753003020,13
230159753003021,13
230159753003022,13
230159753003023,13
230159753003024,13
230159753003025,13
230159753003026,13
230159753003027,13
230159753003028,13
230159753003029,13
230159753003030,13
230159753003031,13
230159753003032,13
230159753003033,13
230159753003034,13
230159753003035,13
230159753003036,13
230159753003037,13
230159753003038,13
230159753003039,13
230159753003040,13
230159753003041,13
230159753003042,13
230159753003043,13
230159753003044,13
230159753003045,13
230159753003046,13
230159753004000,13
230159753004001,13
230159753004002,13
230159753004003,13
230159753004004,13
230159753004005,13
230159753004006,13
230159753004007,13
230159753004008,13
230159753004009,13
230159753004010,13
230159753004011,13
230159753004012,13
230159753004013,13
230159753004014,13
230159753004015,13
230159753004016,13
230159755001000,23
230159755001001,23
230159755001002,23
230159755001003,23
230159755001004,23
230159755001005,23
230159755001006,23
230159755001007,23
230159755001008,23
230159755001009,23
230159755001010,23
230159755001011,23
230159755001012,23
230159755001013,23
230159755001014,23
230159755001015,23
230159755001016,23
230159755001017,23
230159755001018,23
230159755001019,23
230159755001020,23
230159755001021,23
230159755001022,23
230159755001023,23
230159755001024,23
230159755001025,23
230159755001026,23
230159755001027,23
230159755001028,23
230159755001029,23
230159755001030,23
230159755001031,23
230159755001032,23
230159755001033,23
230159755001034,23
230159755001035,23
230159755001036,23
230159755001037,23
230159755001038,23
230159755001039,23
230159755001040,23
230159755001041,23
230159755001042,23
230159755001043,23
230159755001044,23
230159755001045,23
230159755001046,23
230159755001047,23
230159754003000,13
230159754003001,13
230159754003002,13
230159754003003,13
230159754003004,13
230159754003005,13
230159754003006,13
230159754003007,13
230159754003008,13
230159754003009,13
230159754003010,13
230159754003011,13
230159754003012,13
230159754003013,13
230159754003014,13
230159754003015,13
230159754003016,13
230159754003017,13
230159754003018,13
230159754003019,13
230159754003020,13
230159754003021,13
230159754003022,13
230159754003023,13
230159754003024,13
230159754003025,13
230159754003026,13
230159754003027,13
230159754003028,13
230159754003029,13
230159754003030,13
230159754003031,13
230159754003032,13
230159754003033,13
230159754003034,13
230159751001000,13
230159751001001,13
230159751002000,13
230159751002001,13
230159751002002,13
230159751002003,13
230159751002004,13
230159751002005,13
230159751002006,13
230159751002007,13
230159751002008,13
230159751002009,13
230159751002010,13
230159751002011,13
230159751002012,13
230159751002013,13
230159751002014,13
230159751002015,13
230159751002016,13
230159751002017,13
230159751002018,13
230159751002019,13
230159751002020,13
230159751002021,13
230159751002022,13
230159751002023,13
230159751002024,13
230159751002025,13
230159751002026,13
230159751002027,13
230159751002028,13
230159751002029,13
230159751002030,13
230159751002031,13
230159751002032,13
230159751002033,13
230159751002034,13
230159751002035,13
230159751002036,13
230159751002037,13
230159751002038,13
230159751002039,13
230159751002040,13
230159751002041,13
230159751002042,13
230159751002043,13
230159751002044,13
230159751002045,13
230159751002046,13
230159751002047,13
230159751002048,13
230159751002049,13
230159751002050,13
230159751002051,13
230159751002052,13
230159751002053,13
230159751002054,13
230159751002055,13
230159751002056,13
230159751002057,13
230159751002058,13
230159751002059,13
230159751002060,13
230159751002061,13
230159751002062,13
230159751002063,13
230159751003000,13
230159751003001,13
230159751003002,13
230159751003003,13
230159751003004,13
230159751003005,13
230159751003006,13
230159751003007,13
230159751003008,13
230159751003009,13
230159751003010,13
230159751003011,13
230159751003012,13
230159751003013,13
230159751003014,13
230159751003015,13
230159751003016,13
230159751003017,13
230159751003018,13
230159751003019,13
230159751003020,13
230159751003021,13
230159751003022,13
230159751003023,13
230159751003024,13
230159751003025,13
230159756003000,13
230159756003001,13
230159756003002,13
230159756003003,13
230159756003004,13
230159756003005,13
230159756003006,13
230159756003007,13
230159756003008,13
230159756003009,13
230159756003010,13
230159756005000,13
230159756005001,13
230159756005002,13
230159900000014,13
230159754002000,13
230159754002001,13
230159754002002,13
230159754002003,13
230159754002004,13
230159754002005,13
230159754002006,13
230159754002007,13
230159754002008,13
230159754002009,13
230159754002010,13
230159754002011,13
230159754002012,13
230159754002013,13
230159754002014,13
230159754002015,13
230159754002016,13
230159754002017,13
230159754002018,13
230159754002019,13
230159754002020,13
230159754002021,13
230159754002022,13
230159754002023,13
230159754002024,13
230159754002025,13
230159754002026,13
230159754002027,13
230159754002028,13
230159754002029,13
230159754002030,13
230159754002031,13
230159754002032,13
230159754002033,13
230159754002034,13
230159754002035,13
230159754002036,13
230159754002037,13
230159754002038,13
230159754002039,13
230159754002040,13
230159754002041,13
230159754002042,13
230159754002043,13
230159754002044,13
230159754002045,13
230159754002046,13
230159754002047,13
230159754002048,13
230159754002049,13
230159754002050,13
230159754002051,13
230159754002052,13
230159754002053,13
230159754002054,13
230159754002055,13
230159754002056,13
230159754002057,13
230159754002058,13
230159754002059,13
230159754002060,13
230159754002061,13
230159754002062,13
230159754002063,13
230159754002064,13
230159754002065,13
230159754002066,13
230159754002067,13
230159754002068,13
230159754002069,13
230159754002070,13
230159754002071,13
230159754002072,13
230159754002073,13
230159754002074,13
230159754002075,13
230159754002076,13
230159754002077,13
230159754002078,13
230159754002079,13
230159754002080,13
230159754002081,13
230159754002082,13
230159754002083,13
230159754002084,13
230159754002085,13
230159754002086,13
230159754002087,13
230159754002088,13
230159754002089,13
230159754002090,13
230159754002091,13
230159754002092,13
230159754002093,13
230159754002094,13
230159754002095,13
230159754002096,13
230159754002097,13
230159754002098,13
230159754002099,13
230159754002100,13
230159754002101,13
230159754002102,13
230159754002103,13
230159754002104,13
230159754002105,13
230159754002106,13
230159754002107,13
230159754002108,13
230159754002109,13
230159754002110,13
230159753001000,13
230159753001001,13
230159753001002,13
230159753001003,13
230159753001004,13
230159753001005,13
230159753001006,13
230159753001007,13
230159753001008,13
230159753001009,13
230159753001010,13
230159753001011,13
230159753001012,13
230159753001013,13
230159753001014,13
230159753001015,13
230159753001016,13
230159753001017,13
230159753001018,13
230159753001019,13
230159753001020,13
230159753001021,13
230159753001022,13
230159753001023,13
230159753001024,13
230159753001025,13
230159753001026,13
230159753001027,13
230159753001028,13
230159753001029,13
230159753001030,13
230159753001031,13
230159753001032,13
230159753001033,13
230159753001034,13
230159753001035,13
230159753001036,13
230159753001037,13
230159753001038,13
230159753001039,13
230159753001040,13
230159753001041,13
230159753001042,13
230159753001043,13
230159753001044,13
230159753001045,13
230159753001046,13
230159753002000,13
230159753002001,13
230159753002002,13
230159753002003,13
230159753002004,13
230159753002005,13
230159753002006,13
230159753002007,13
230159753002008,13
230159753002009,13
230159753002010,13
230159753002011,13
230159753002012,13
230159753002013,13
230159753002014,13
230159753002015,13
230159753002016,13
230159753002017,13
230159753002018,13
230159753002019,13
230159753002020,13
230159753002021,13
230159753002022,13
230159753002023,13
230159753002024,13
230159753002025,13
230159753002026,13
230159753002027,13
230159753002028,13
230159751001002,13
230159751001003,13
230159751001004,13
230159751001005,13
230159751001006,13
230159751001007,13
230159751001008,13
230159751001009,13
230159751001010,13
230159751001011,13
230159751001012,13
230159751001013,13
230159751001014,13
230159751001015,13
230159751001016,13
230159751001017,13
230159751001018,13
230159751001019,13
230159751001020,13
230159751001021,13
230159751001022,13
230159751001023,13
230159751001024,13
230159751001025,13
230159751001026,13
230159751001027,13
230159751001028,13
230159751001029,13
230159751001030,13
230159751001031,13
230159751001032,13
230159751001033,13
230159751001034,13
230159751001035,13
230159751001036,13
230159751001037,13
230159751001038,13
230159751001039,13
230159751001040,13
230159757001000,13
230159757001001,13
230159757001002,13
230159757001003,13
230159757001004,13
230159757001005,13
230159757001006,13
230159757001007,13
230159757001008,13
230159757001009,13
230159757001010,13
230159757001011,13
230159757001012,13
230159757001013,13
230159757001014,13
230159757001015,13
230159757001016,13
230159757001017,13
230159757001018,13
230159757001019,13
230159757001020,13
230159757001021,13
230159757001022,13
230159757001023,13
230159757001024,13
230159757001025,13
230159757001026,13
230159757001027,13
230159757001028,13
230159757001029,13
230159757001030,13
230159757001031,13
230159757001032,13
230159757001033,13
230159757001034,13
230159757001035,13
230159757001036,13
230159757001037,13
230159757001038,13
230159757001039,13
230159757001040,13
230159757001041,13
230159757001042,13
230159757001043,13
230159757001044,13
230159757001045,13
230159757001046,13
230159900000005,13
230159900000006,13
230159900000007,13
230159900000008,13
230159762003000,13
230159762003001,13
230159762003002,13
230159762003003,13
230159762003004,13
230159762003005,13
230159762003006,13
230159762003007,13
230159762003008,13
230159762003009,13
230159762003010,13
230159762003011,13
230159762003012,13
230159762003013,13
230159762003014,13
230159762003015,13
230159762003016,13
230159762003017,13
230159762003018,13
230159762003019,13
230159762003020,13
230159762003021,13
230159762003022,13
230159762003023,13
230159762003024,13
230159762003025,13
230159762003026,13
230159762003027,13
230159762003028,13
230159762003029,13
230159762003030,13
230159762003031,13
230159762003032,13
230159762003033,13
230159900000012,13
230159900000013,13
230159900000015,13
230159900000016,13
230159900000017,13
230159752001000,13
230159752001001,13
230159752001002,13
230159752001003,13
230159752001004,13
230159752001005,13
230159752001006,13
230159752001007,13
230159752001008,13
230159752001009,13
230159752001010,13
230159752001011,13
230159752001012,13
230159752001013,13
230159752001014,13
230159752001015,13
230159752001016,13
230159752001017,13
230159752001018,13
230159752001019,13
230159752001020,13
230159752001021,13
230159752001022,13
230159752001023,13
230159752001024,13
230159752001025,13
230159752001026,13
230159752001027,13
230159752001028,13
230159752001029,13
230159752001030,13
230159752001031,13
230159752001032,13
230159752001033,13
230159752001034,13
230159752001035,13
230159752001036,13
230159752001037,13
230159752001038,13
230159752001039,13
230159752001040,13
230159752001041,13
230159752001042,13
230159752001043,13
230159752001044,13
230159752001045,13
230159752001046,13
230159752001047,13
230159752001048,13
230159752001049,13
230159752001050,13
230159752001051,13
230159752001052,13
230159752001053,13
230159752001054,13
230159752001055,13
230159752001056,13
230159752001057,13
230159752001058,13
230159752001059,13
230159752001060,13
230159752001061,13
230159752001062,13
230159752001063,13
230159752001064,13
230159752001065,13
230159752001066,13
230159752001067,13
230159752001068,13
230159752001069,13
230159752001070,13
230159752001071,13
230159752001072,13
230159752002000,13
230159752002001,13
230159752002002,13
230159752002003,13
230159752002004,13
230159752002005,13
230159752002006,13
230159752002007,13
230159752002008,13
230159752002009,13
230159752002010,13
230159752002011,13
230159752002012,13
230159752002013,13
230159752002014,13
230159752002015,13
230159752002016,13
230159752002017,13
230159752002018,13
230159752002019,13
230159752002020,13
230159752002021,13
230159752002022,13
230159752002023,13
230159752002024,13
230159752002025,13
230159752002026,13
230159752002027,13
230159752002028,13
230159752002029,13
230159752002030,13
230159752002031,13
230159752002032,13
230159752002033,13
230159752002034,13
230159752002035,13
230159752002036,13
230159752003000,13
230159752003001,13
230159752003002,13
230159752003003,13
230159752003004,13
230159752003005,13
230159752003006,13
230159752003007,13
230159752003008,13
230159752003009,13
230159752003010,13
230159752003011,13
230159752003012,13
230159752003013,13
230159752003014,13
230159752003015,13
230159752003016,13
230159752003017,13
230159752003018,13
230159752003019,13
230159752003020,13
230159752003021,13
230159752003022,13
230159752003023,13
230159752003024,13
230159752003025,13
230159752003026,13
230159752003027,13
230159752003028,13
230159752003029,13
230159755005000,13
230159755005001,13
230159755005002,13
230159755005003,13
230159755005004,13
230159755005005,13
230159755005006,13
230159755005007,13
230159755005008,13
230159755005009,13
230159755005010,13
230159755005011,13
230159755005012,13
230159755005013,13
230159755005014,13
230159755005015,13
230159755005016,13
230159755005017,13
230159755005018,13
230159755005019,13
230159755005020,13
230159751004000,13
230159751004001,13
230159751004002,13
230159751004003,13
230159751004004,13
230159751004005,13
230159751004006,13
230159751004007,13
230159751004008,13
230159751004009,13
230159751004010,13
230159751004011,13
230159751004012,13
230159751004013,13
230159751004014,13
230159751004015,13
230159751004016,13
230159751004017,13
230159751004018,13
230159751004019,13
230159751004020,13
230159751004021,13
230159751004022,13
230159751004023,13
230159751004024,13
230159751004025,13
230159751004026,13
230159751004027,13
230159751004028,13
230159751004029,13
230159751004030,13
230159751004031,13
230159751004032,13
230159751004033,13
230159751004034,13
230159751004035,13
230159751004036,13
230159751004037,13
230159751004038,13
230159751004039,13
230159751004040,13
230159751004041,13
230159751005000,13
230159751005001,13
230159751005002,13
230159751005003,13
230159751005004,13
230159751005005,13
230159751005006,13
230159751005007,13
230159751005008,13
230159751005009,13
230159751005010,13
230159751005011,13
230159751005012,13
230159751005013,13
230159751005014,13
230159751005015,13
230159751005016,13
230159751005017,13
230159751005018,13
230159751005019,13
230159751005020,13
230159751005021,13
230159751005022,13
230159751005023,13
230159751005024,13
230159751005025,13
230159751005026,13
230159751005027,13
230159751005028,13
230159751005029,13
230159751005030,13
230159751005031,13
230159751005032,13
230159751005033,13
230159751005034,13
230159751005035,13
230159751005036,13
230159751005037,13
230159751005038,13
230159751005039,13
230159751005040,13
230159755002000,13
230159755002001,13
230159755002002,13
230159755002003,13
230159755002004,13
230159755002005,13
230159755002006,13
230159755002007,13
230159755002008,13
230159755002009,13
230159755002010,13
230159755002011,13
230159755002012,13
230159755002013,13
230159755002014,13
230159755002015,13
230159755002016,13
230159755002017,13
230159755002018,13
230159755002019,13
230159755002020,13
230159755002021,13
230159755002022,13
230159755002023,13
230159755002024,13
230159755002025,13
230159755002026,13
230159755002027,13
230159755002028,13
230159755002029,13
230159755002030,13
230159755002031,13
230159755002032,13
230159755002033,13
230159755002034,13
230159755002035,13
230159755002036,13
230159755002037,13
230159755002038,13
230159755002039,13
230159755002040,13
230159755002041,13
230159755002042,13
230159755002043,13
230159755002044,13
230159755002045,13
230159755002046,13
230159755002047,13
230159755002048,13
230159755003000,13
230159755003001,13
230159755003002,13
230159755003003,13
230159755003004,13
230159755003005,13
230159755003006,13
230159755003007,13
230159755003008,13
230159755003009,13
230159755003010,13
230159755003011,13
230159755003012,13
230159755003013,13
230159755003014,13
230159755003015,13
230159755003016,13
230159755003017,13
230159755003018,13
230159755003019,13
230159755003020,13
230159755003021,13
230159755003022,13
230159755003023,13
230159755003024,13
230159755003025,13
230159755003026,13
230159755003027,13
230159755003028,13
230159755003029,13
230159755003030,13
230159755003031,13
230159755003032,13
230159755003033,13
230159755003034,13
230159755003035,13
230159755003036,13
230159755003037,13
230159755004000,13
230159755004001,13
230159755004002,13
230159755004003,13
230159755004004,13
230159755004005,13
230159755004006,13
230159755004007,13
230159755004008,13
230159755004009,13
230159755004010,13
230159755004011,13
230159755004012,13
230159755004013,13
230159755004014,13
230159755004015,13
230159755004016,13
230159755004017,13
230159755004018,13
230159755004019,13
230159755004020,13
230159755004021,13
230159755004022,13
230159755004023,13
230159755004024,13
230159755004025,13
230159755004026,13
230159755004027,13
230159755004028,13
230159755004029,13
230159755004030,13
230159755004031,13
230159755004032,13
230159755004033,13
230159755004034,13
230159755004035,13
230159755004036,13
230159755004037,13
230159755004038,13
230179651002000,18
230179651002001,18
230179651002002,18
230179651002003,18
230179651002004,18
230179651002005,18
230179651002006,18
230179651002007,18
230179651002008,18
230179651002009,18
230179651002010,18
230179651002011,18
230179651002012,18
230179651002013,18
230179651002014,18
230179651002015,18
230179651002016,18
230179651002017,18
230179651002018,18
230179651002019,18
230179651002020,18
230179651002021,18
230179651002022,18
230179651002023,18
230179651002024,18
230179651002025,18
230179651002026,18
230179651002027,18
230179651002028,18
230179651002029,18
230179651002030,18
230179651002031,18
230179651002032,18
230179651002033,18
230179651002034,18
230179651002035,18
230179651002036,18
230179651002037,18
230179651002038,18
230179651002039,18
230179651002040,18
230179659001011,18
230179659001012,18
230179659001013,18
230179659001014,18
230179659001015,18
230179659001016,18
230179659001017,18
230179659001018,18
230179659001019,18
230179659001020,18
230179659001021,18
230179659001022,18
230179659001023,18
230179659001024,18
230179659001025,18
230179659001026,18
230179659001027,18
230179659001028,18
230179659001029,18
230179659001030,18
230179659001031,18
230179659001032,18
230179659001033,18
230179659001034,18
230179659001035,18
230179659001036,18
230179659001037,18
230179659001038,18
230179659001039,18
230179659001040,18
230179659001041,18
230179659001043,18
230179659001044,18
230179659002000,18
230179659002001,18
230179659002002,18
230179659002003,18
230179659002004,18
230179659002005,18
230179659002006,18
230179659002007,18
230179659002008,18
230179659002009,18
230179659002010,18
230179659002011,18
230179659002012,18
230179659002013,18
230179659002014,18
230179659002015,18
230179659002016,18
230179659002017,18
230179659002018,18
230179659002019,18
230179659002020,18
230179659002021,18
230179659002022,18
230179659002023,18
230179659002024,18
230179659002025,18
230179659002026,18
230179659002027,18
230179659002028,18
230179659002029,18
230179659002030,18
230179659002031,18
230179659002032,18
230179659002033,18
230179659002034,18
230179659002035,18
230179659002036,18
230179659002037,18
230179659002038,18
230179659002039,18
230179659002040,18
230179659003007,18
230179659003008,18
230179659003009,18
230179659003010,18
230179659003011,18
230179659003012,18
230179659003013,18
230179659003014,18
230179659003015,18
230179659003016,18
230179659003017,18
230179659003018,18
230179659003019,18
230179659003020,18
230179659003021,18
230179659003022,18
230179659003023,18
230179659003024,18
230179659003025,18
230179659003026,18
230179659003027,18
230179659003028,18
230179659003029,18
230179659003030,18
230179659003031,18
230179659003032,18
230179659003033,18
230179659003036,18
230179659003037,18
230179659003038,18
230179659003039,18
230179659003040,18
230179659003041,18
230179659003044,18
230179659003045,18
230179668002000,19
230179668002001,19
230179668002002,19
230179668002003,19
230179668002004,19
230179668002005,19
230179668002006,19
230179668002007,19
230179668002008,19
230179668002009,19
230179668002010,19
230179668002011,19
230179668002012,19
230179668002013,19
230179668002014,19
230179668002015,19
230179668002016,19
230179668002017,19
230179668002018,19
230179668002019,19
230179668002020,19
230179668002021,19
230179668002022,19
230179668002023,19
230179668002024,19
230179668002025,19
230179668002026,19
230179668002027,19
230179668002028,19
230179668002029,19
230179668002030,19
230179668002031,19
230179668002032,19
230179668002033,19
230179668002034,19
230179668002035,19
230179668002036,19
230179668002037,19
230179668002038,19
230179668002039,19
230179668002040,19
230179668002041,19
230179668002042,19
230179668002043,19
230179668002044,19
230179668002045,19
230179668002046,19
230179668002047,19
230179668002048,19
230179668002049,19
230179668002050,19
230179668002051,19
230179668002052,19
230179668002053,19
230179668002054,19
230179668002055,19
230179668002056,19
230179668002057,19
230179668002058,19
230179668002059,19
230179668002060,19
230179668002061,19
230179668002062,19
230179668002063,19
230179668002064,19
230179668002065,19
230179668002066,19
230179668002067,19
230179668002068,19
230179668002069,19
230179668002070,19
230179668002071,19
230179668002072,19
230179668002073,19
230179668002074,19
230179668002075,19
230179668002076,19
230179668002077,19
230179668002078,19
230179668002079,19
230179668002080,19
230179668002081,19
230179668002082,19
230179668002083,19
230179668002084,19
230179668002085,19
230179668002086,19
230179668002087,19
230179668002088,19
230179663001000,18
230179663001001,18
230179663001002,18
230179663001003,18
230179663001004,18
230179663001005,18
230179663001006,18
230179663001007,18
230179663001008,18
230179663001009,18
230179663001010,18
230179663001011,18
230179663001012,18
230179663001013,18
230179663001014,18
230179663001015,18
230179663001016,18
230179663003000,18
230179663003001,18
230179663003002,18
230179663003003,18
230179663003004,18
230179663003005,18
230179663003006,18
230179663003007,18
230179663003008,18
230179663003009,18
230179663003010,18
230179663003011,18
230179663003012,18
230179663003013,18
230179663003014,18
230179663003015,18
230179663003016,18
230179663003017,18
230179663003018,18
230179663003019,18
230179663003020,18
230179663003021,18
230179663003022,18
230179663003023,18
230179663003024,18
230179663003025,18
230179663004000,18
230179663004001,18
230179663004002,18
230179663004003,18
230179663004004,18
230179663004005,18
230179663004006,18
230179663004007,18
230179663004008,18
230179663004009,18
230179663004010,18
230179663004011,18
230179663004012,18
230179663004013,18
230179663004014,18
230179663004015,18
230179663004016,18
230179654001000,18
230179654001001,18
230179654001002,18
230179654001003,18
230179654001004,18
230179654001005,18
230179654001006,18
230179654001007,18
230179654001008,18
230179654001009,18
230179654001010,18
230179654001011,18
230179654001012,18
230179654001013,18
230179654001014,18
230179654001015,18
230179654001022,18
230179654001023,18
230179654001024,18
230179654001025,18
230179654001026,18
230179654001027,18
230179654001040,18
230179654001041,18
230179654001042,18
230179654001043,18
230179654001065,18
230179657001000,18
230179657001001,18
230179657001002,18
230179657001003,18
230179657001004,18
230179657001005,18
230179657001006,18
230179657001007,18
230179657001008,18
230179657001009,18
230179657001010,18
230179657001011,18
230179657001012,18
230179657001013,18
230179657001014,18
230179657001015,18
230179657001016,18
230179657001017,18
230179657001018,18
230179657001019,18
230179657001020,18
230179657001021,18
230179657001022,18
230179657001023,18
230179657001024,18
230179657001025,18
230179657001026,18
230179657001027,18
230179657001028,18
230179657001029,18
230179657001030,18
230179657001031,18
230179657001032,18
230179657001033,18
230179657001034,18
230179657001035,18
230179657001036,18
230179657001037,18
230179657001038,18
230179657001039,18
230179657001040,18
230179657001041,18
230179657001042,18
230179657001043,18
230179657001044,18
230179657001045,18
230179657001046,18
230179668001000,19
230179668001001,19
230179668001002,19
230179668001003,19
230179668001004,19
230179668001005,19
230179668001006,19
230179668001007,19
230179668001008,19
230179668001009,19
230179668001010,19
230179668001011,19
230179668001012,19
230179668001013,19
230179668001014,19
230179668001015,19
230179668001016,19
230179668001017,19
230179668001018,19
230179668001019,19
230179668001020,19
230179668001021,19
230179668001022,19
230179668001023,19
230179668001024,19
230179668001025,19
230179668001026,19
230179668001027,19
230179668001028,19
230179668001029,19
230179668001030,19
230179668001031,19
230179668001032,19
230179668001033,19
230179668001034,19
230179668001035,19
230179668001036,19
230179668001037,19
230179668001038,19
230179668001039,19
230179668001040,19
230179668001041,19
230179668001042,19
230179668001043,19
230179668001044,19
230179668001045,19
230179668001046,19
230179668001047,19
230179668001048,19
230179668001049,19
230179668001050,19
230179668001051,19
230179668001052,19
230179668001053,19
230179668001054,19
230179668001055,19
230179668001056,19
230179668001057,19
230179668001058,19
230179668001059,19
230179668001060,19
230179668001061,19
230179668001062,19
230179668001063,19
230179668001064,19
230179668001065,19
230179668001066,19
230179668001067,19
230179668001068,19
230179668001069,19
230179668001070,19
230179668001071,19
230179657002000,18
230179657002001,18
230179657002002,18
230179657002003,18
230179657002004,18
230179657002005,18
230179657002006,18
230179657002007,18
230179657002008,18
230179657002009,18
230179657002010,18
230179657002011,18
230179657002012,18
230179657002013,18
230179657002014,18
230179657002015,18
230179657002016,18
230179657002017,18
230179657002018,18
230179657002019,18
230179657002020,18
230179657002021,18
230179657002022,18
230179657002023,18
230179657002024,18
230179657002025,18
230179657002026,18
230179657002027,18
230179657002028,18
230179657002029,18
230179657002030,18
230179657002031,18
230179657002032,18
230179657002033,18
230179657002034,18
230179657002035,18
230179657002036,18
230179657002037,18
230179657002038,18
230179657002039,18
230179657002040,18
230179657002041,18
230179657002042,18
230179657002043,18
230179657002044,18
230179657002045,18
230179657002046,18
230179657002047,18
230179657002048,18
230179657002049,18
230179657002050,18
230179657002051,18
230179657002052,18
230179657002053,18
230179657002054,18
230179657002055,18
230179657002056,18
230179657002057,18
230179657002058,18
230179657002059,18
230179657002060,18
230179667001000,19
230179667001001,19
230179667001002,19
230179667001003,19
230179667001004,19
230179667001005,19
230179667001006,19
230179667001007,19
230179667001008,19
230179667001009,19
230179667001010,19
230179667001011,19
230179667001012,19
230179667001013,19
230179667001014,19
230179667001015,19
230179667001016,19
230179667001017,19
230179667001018,19
230179667001019,19
230179667001020,19
230179667001021,19
230179667001022,19
230179667001023,19
230179667001024,19
230179667001025,19
230179667001026,19
230179667001027,19
230179667001028,19
230179667001029,19
230179667001030,19
230179667001031,19
230179667001032,19
230179667001033,19
230179667001034,19
230179667001035,19
230179667001036,19
230179667001037,19
230179667001038,19
230179667001039,19
230179667001040,19
230179667001041,19
230179667001042,19
230179667001043,19
230179667001044,19
230179667001045,19
230179667001046,19
230179667001047,19
230179667001048,19
230179667001049,19
230179667001050,19
230179667001051,19
230179667001052,19
230179667001053,19
230179667001054,19
230179667001055,19
230179667001056,19
230179667001057,19
230179667001058,19
230179667001059,19
230179667001060,19
230179667001061,19
230179667001062,19
230179667001063,19
230179667001064,19
230179667001065,19
230179667001066,19
230179667001067,19
230179667001068,19
230179667001069,19
230179667001070,19
230179667001071,19
230179667001072,19
230179667001073,19
230179667001074,19
230179667001075,19
230179667001076,19
230179667001077,19
230179667001078,19
230179667002000,19
230179667002001,19
230179667002002,19
230179667002003,19
230179667002004,19
230179667002005,19
230179667002006,19
230179667002007,19
230179667002008,19
230179667002009,19
230179667002010,19
230179667002011,19
230179667002012,19
230179667002013,19
230179667002014,19
230179667002015,19
230179667002016,19
230179667002017,19
230179667002018,19
230179667002019,19
230179667002020,19
230179667002021,19
230179667002022,19
230179667002023,19
230179667002024,19
230179667002025,19
230179667002026,19
230179667002027,19
230179667002028,19
230179667002029,19
230179667002030,19
230179667002031,19
230179667002032,19
230179667002033,19
230179667002034,19
230179667002035,19
230179667002036,19
230179667002037,19
230179667002038,19
230179667002039,19
230179667002040,19
230179667002041,19
230179667002042,19
230179667002043,19
230179667002044,19
230179667003000,19
230179667003001,19
230179667003002,19
230179667003003,19
230179667003004,19
230179667003005,19
230179667003006,19
230179667003007,19
230179667003008,19
230179667003009,19
230179667003010,19
230179667003011,19
230179667003012,19
230179667003013,19
230179667003014,19
230179667003015,19
230179667003016,19
230179667003017,19
230179651005228,18
230179651005229,18
230179651005230,18
230179651005231,18
230179651005232,18
230179651005233,18
230179651005234,18
230179651005235,18
230179651005236,18
230179651005237,18
230179651005238,18
230179651005239,18
230179651005240,18
230179651005241,18
230179651005242,18
230179651005243,18
230179651005244,18
230179651005245,18
230179651005246,18
230179651005247,18
230179651005248,18
230179651005249,18
230179651005250,18
230179651005251,18
230179651005252,18
230179651005253,18
230179651005254,18
230179651005255,18
230179651005256,18
230179651005257,18
230179651005258,18
230179651005259,18
230179651005260,18
230179651005261,18
230179651005262,18
230179651005263,18
230179651005264,18
230179651005265,18
230179651005266,18
230179651005271,18
230179651005275,18
230179660012000,18
230179660012001,18
230179660012002,18
230179660012003,18
230179660012004,18
230179660012005,18
230179660012006,18
230179660012007,18
230179660012008,18
230179660012009,18
230179660012010,18
230179660012011,18
230179660012012,18
230179660012013,18
230179660012014,18
230179660012015,18
230179660012016,18
230179660012017,18
230179660012018,18
230179660012019,18
230179660012020,18
230179660012021,18
230179660012022,18
230179660012023,18
230179660012024,18
230179660012025,18
230179660012026,18
230179660012027,18
230179660012028,18
230179660012029,18
230179660012030,18
230179660012031,18
230179660012032,18
230179660012033,18
230179660012034,18
230179660012035,18
230179660012036,18
230179660012037,18
230179660012038,18
230179660012039,18
230179660012040,18
230179660012041,18
230179660012042,18
230179660012043,18
230179660012044,18
230179660012045,18
230179660012046,18
230179660012047,18
230179660012048,18
230179660012049,18
230179660012050,18
230179660012051,18
230179660012052,18
230179660012053,18
230179660012054,18
230179660012055,18
230179660012056,18
230179660012057,18
230179660012058,18
230179660012059,18
230179660012060,18
230179660012061,18
230179660012062,18
230179660012063,18
230179660012064,18
230179660012065,18
230179660012066,18
230179660012067,18
230179660012068,18
230179660012069,18
230179660012070,18
230179660012071,18
230179660012072,18
230179660012073,18
230179660012074,18
230179660012075,18
230179660012076,18
230179660012077,18
230179660012078,18
230179660012079,18
230179660012080,18
230179660012081,18
230179660012082,18
230179659001000,18
230179659001001,18
230179659001002,18
230179659001003,18
230179659001004,18
230179659001005,18
230179659001006,18
230179659001007,18
230179659001008,18
230179659001009,18
230179659001010,18
230179659001042,18
230179658004000,18
230179658004001,18
230179658004002,18
230179658004003,18
230179658004004,18
230179658004005,18
230179658004006,18
230179658004007,18
230179658004008,18
230179658004009,18
230179658004010,18
230179658004011,18
230179658004012,18
230179658004013,18
230179658004014,18
230179658004015,18
230179658004016,18
230179658004017,18
230179658004018,18
230179658004019,18
230179658004020,18
230179658004021,18
230179658004022,18
230179658004023,18
230179658004024,18
230179658004025,18
230179658004026,18
230179658004027,18
230179658004028,18
230179658004029,18
230179658004030,18
230179658004031,18
230179658004032,18
230179658004033,18
230179658004034,18
230179658004035,18
230179658004036,18
230179658004037,18
230179658004038,18
230179658004039,18
230179658004040,18
230179658004041,18
230179658004042,18
230179658004043,18
230179658004044,18
230179663002000,18
230179663002001,18
230179663002002,18
230179663002003,18
230179663002004,18
230179663002005,18
230179663002006,18
230179663002007,18
230179663002008,18
230179663002009,18
230179663002010,18
230179663002011,18
230179663002012,18
230179663002013,18
230179663002014,18
230179663002015,18
230179663002016,18
230179663002017,18
230179663002018,18
230179663002019,18
230179663002020,18
230179663002021,18
230179663002022,18
230179663002023,18
230179663002024,18
230179663002025,18
230179663002026,18
230179663002027,18
230179663002028,18
230179663002029,18
230179663002030,18
230179663002031,18
230179663002032,18
230179663002033,18
230179663002034,18
230179663002035,18
230179663002036,18
230179663002037,18
230179663002038,18
230179663002039,18
230179663002040,18
230179663002041,18
230179669001000,19
230179669001001,19
230179669001002,19
230179669001003,19
230179669001004,19
230179669001005,19
230179669001006,19
230179669001007,19
230179669001008,19
230179669001009,19
230179669001010,19
230179669001011,19
230179669001012,19
230179669001013,19
230179669001014,19
230179669001015,19
230179669001016,19
230179669001017,19
230179669001018,19
230179669001019,19
230179669001020,19
230179669001021,19
230179669001022,19
230179669001023,19
230179669001024,19
230179669001025,19
230179669001026,19
230179669001027,19
230179669001028,19
230179669001029,19
230179669001030,19
230179669001031,19
230179669001032,19
230179669001033,19
230179669001034,19
230179669001035,19
230179669001036,19
230179669001037,19
230179669001038,19
230179669001039,19
230179669001040,19
230179669001041,19
230179669001042,19
230179669001043,19
230179669001044,19
230179669001045,19
230179669001046,19
230179669001047,19
230179669001048,19
230179669001049,19
230179669001050,19
230179669001051,19
230179669001052,19
230179669001053,19
230179669001054,19
230179669001055,19
230179669001056,19
230179669001057,19
230179669001058,19
230179669001059,19
230179669001060,19
230179669001061,19
230179669001062,19
230179669001063,19
230179669001064,19
230179669001065,19
230179669001066,19
230179669001067,19
230179669001068,19
230179669001069,19
230179669001070,19
230179669001071,19
230179669001072,19
230179669001073,19
230179669001074,19
230179669001075,19
230179669001076,19
230179669001077,19
230179669001078,19
230179669001079,19
230179669001080,19
230179669001081,19
230179669001082,19
230179669001083,19
230179669001084,19
230179669001085,19
230179669001086,19
230179669001087,19
230179651001000,18
230179651001001,18
230179651001002,18
230179651001003,18
230179651001004,18
230179651001005,18
230179651001006,18
230179651001007,18
230179651001008,18
230179651001009,18
230179651001010,18
230179651001011,18
230179651001012,18
230179651001013,18
230179651001014,18
230179651001015,18
230179651001016,18
230179651001017,18
230179651001024,18
230179651001025,18
230179651001034,18
230179651001035,18
230179651001036,18
230179651001079,18
230179666003000,18
230179666003001,18
230179666003002,18
230179666003003,18
230179666003004,18
230179666003005,18
230179666003006,18
230179666003007,18
230179666003008,18
230179666003009,18
230179666003010,18
230179666003011,18
230179666003017,18
230179666003018,18
230179666003019,18
230179666003020,18
230179666003021,18
230179666003022,18
230179666003028,18
230179666003029,18
230179666003030,18
230179666003031,18
230179666003032,18
230179666003033,18
230179666003034,18
230179666003036,18
230179666003037,18
230179666003038,18
230179666003069,18
230179666003070,18
230179666004000,18
230179666004001,18
230179666004002,18
230179666004003,18
230179666004004,18
230179666004005,18
230179666004006,18
230179666004007,18
230179666004008,18
230179666004009,18
230179666004010,18
230179666004011,18
230179666004012,18
230179666004013,18
230179666004014,18
230179666004015,18
230179666004016,18
230179666004017,18
230179666004018,18
230179666004019,18
230179666004020,18
230179666004021,18
230179666004022,18
230179666004023,18
230179666004024,18
230179666004025,18
230179666004026,18
230179666004027,18
230179666004028,18
230179666004029,18
230179666004030,18
230179666004031,18
230179666004032,18
230179666004033,18
230179666004034,18
230179666004035,18
230179666004036,18
230179666004037,18
230179666004038,18
230179666004039,18
230179666004040,18
230179666004041,18
230179666004042,18
230179666004043,18
230179666004044,18
230179666004045,18
230179666004046,18
230179666004047,18
230179666004048,18
230179666004049,18
230179666004050,18
230179666004051,18
230179666004052,18
230179666004053,18
230179666004054,18
230179666004055,18
230179666004056,18
230179666004057,18
230179666004058,18
230179651001018,18
230179651001019,18
230179651001020,18
230179651001021,18
230179651001022,18
230179651001023,18
230179651001026,18
230179651001027,18
230179651001028,18
230179651001029,18
230179651001030,18
230179651001031,18
230179651001032,18
230179651001033,18
230179651001037,18
230179651001038,18
230179651001039,18
230179651001040,18
230179651001041,18
230179651001042,18
230179651001043,18
230179651001044,18
230179651001045,18
230179651001046,18
230179651001047,18
230179651001048,18
230179651001049,18
230179651001052,18
230179651001053,18
230179651001054,18
230179651001055,18
230179651001066,18
230179654001055,18
230179654001056,18
230179654001058,18
230179654001059,18
230179654001060,18
230179654001061,18
230179654001062,18
230179654001063,18
230179654001064,18
230179654001066,18
230179654001067,18
230179654001068,18
230179654001069,18
230179654001070,18
230179654001071,18
230179654001072,18
230179654001073,18
230179654001074,18
230179654001075,18
230179654001076,18
230179654001077,18
230179654001078,18
230179654001079,18
230179654001080,18
230179654001081,18
230179654002000,18
230179654002001,18
230179654002002,18
230179654002003,18
230179654002004,18
230179654002005,18
230179654002006,18
230179654002007,18
230179654002008,18
230179654002009,18
230179654002010,18
230179654002011,18
230179654002012,18
230179654002013,18
230179654002014,18
230179654002015,18
230179654002016,18
230179654002017,18
230179654002018,18
230179654002019,18
230179654002020,18
230179654002021,18
230179654002022,18
230179654002023,18
230179654002024,18
230179654002025,18
230179654002026,18
230179654002027,18
230179654002028,18
230179654002029,18
230179654002030,18
230179654002031,18
230179654002032,18
230179654002033,18
230179654002034,18
230179654002035,18
230179654002036,18
230179654002037,18
230179654002038,18
230179654002039,18
230179654002040,18
230179654002041,18
230179654002042,18
230179654003000,18
230179654003001,18
230179654003002,18
230179654003003,18
230179654003004,18
230179654003005,18
230179654003006,18
230179654003007,18
230179654003008,18
230179654003009,18
230179654003010,18
230179654003011,18
230179654003012,18
230179654003013,18
230179654003014,18
230179654003015,18
230179654003016,18
230179654003017,18
230179654003018,18
230179654003019,18
230179659003000,18
230179659003001,18
230179659003002,18
230179659003003,18
230179659003004,18
230179659003005,18
230179659003006,18
230179659003034,18
230179659003035,18
230179659003042,18
230179659003043,18
230179651003000,18
230179651003001,18
230179651003002,18
230179651003003,18
230179651003004,18
230179651003005,18
230179651003006,18
230179651003007,18
230179651003008,18
230179651003009,18
230179651003010,18
230179651003011,18
230179651003012,18
230179651003013,18
230179651003014,18
230179651003015,18
230179651003016,18
230179651003017,18
230179651003018,18
230179651003019,18
230179651003020,18
230179651003021,18
230179651003022,18
230179651003023,18
230179651003024,18
230179651003025,18
230179651004000,18
230179651004001,18
230179651004002,18
230179651004003,18
230179651004004,18
230179651004005,18
230179651004006,18
230179651004007,18
230179651004008,18
230179651004009,18
230179651004010,18
230179651004011,18
230179651004012,18
230179651004013,18
230179651004014,18
230179651004015,18
230179651004016,18
230179651004017,18
230179651004018,18
230179651004019,18
230179651004020,18
230179651004021,18
230179651005000,18
230179651005001,18
230179651005002,18
230179651005003,18
230179651005004,18
230179651005005,18
230179651005006,18
230179651005007,18
230179651005008,18
230179651005009,18
230179651005010,18
230179651005011,18
230179651005012,18
230179651005013,18
230179651005014,18
230179651005015,18
230179651005016,18
230179651005017,18
230179651005018,18
230179651005019,18
230179651005020,18
230179651005021,18
230179651005022,18
230179651005023,18
230179651005024,18
230179651005025,18
230179651005026,18
230179651005027,18
230179651005028,18
230179651005029,18
230179651005030,18
230179651005031,18
230179651005032,18
230179651005033,18
230179651005034,18
230179651005035,18
230179651005036,18
230179651005037,18
230179651005038,18
230179651005039,18
230179651005040,18
230179651005041,18
230179651005042,18
230179651005043,18
230179651005044,18
230179651005045,18
230179651005046,18
230179651005047,18
230179651005048,18
230179651005049,18
230179651005050,18
230179651005051,18
230179651005052,18
230179651005053,18
230179651005054,18
230179651005055,18
230179651005056,18
230179651005057,18
230179651005058,18
230179651005059,18
230179651005060,18
230179651005061,18
230179651005062,18
230179651005063,18
230179651005064,18
230179651005065,18
230179651005066,18
230179651005067,18
230179651005068,18
230179651005069,18
230179651005070,18
230179651005071,18
230179651005072,18
230179651005073,18
230179651005074,18
230179651005075,18
230179651005076,18
230179651005077,18
230179651005078,18
230179651005079,18
230179651005080,18
230179651005081,18
230179651005082,18
230179651005083,18
230179651005084,18
230179651005085,18
230179651005086,18
230179651005087,18
230179651005088,18
230179651005089,18
230179651005090,18
230179651005091,18
230179651005092,18
230179651005093,18
230179651005094,18
230179651005095,18
230179651005096,18
230179651005097,18
230179651005098,18
230179651005099,18
230179651005100,18
230179651005101,18
230179651005102,18
230179651005103,18
230179651005104,18
230179651005105,18
230179651005106,18
230179651005107,18
230179651005108,18
230179651005109,18
230179651005110,18
230179651005111,18
230179651005112,18
230179651005113,18
230179651005114,18
230179651005115,18
230179651005116,18
230179651005117,18
230179651005118,18
230179651005119,18
230179651005120,18
230179651005121,18
230179651005122,18
230179651005123,18
230179651005124,18
230179651005125,18
230179651005126,18
230179651005127,18
230179651005128,18
230179651005129,18
230179651005130,18
230179651005131,18
230179651005132,18
230179651005133,18
230179651005134,18
230179651005135,18
230179651005136,18
230179651005137,18
230179651005138,18
230179651005139,18
230179651005140,18
230179651005141,18
230179651005142,18
230179651005143,18
230179651005144,18
230179651005145,18
230179651005146,18
230179651005147,18
230179651005148,18
230179651005149,18
230179651005150,18
230179651005151,18
230179651005152,18
230179651005153,18
230179651005154,18
230179651005155,18
230179651005156,18
230179651005157,18
230179651005158,18
230179651005159,18
230179651005160,18
230179651005161,18
230179651005162,18
230179651005163,18
230179651005164,18
230179651005165,18
230179651005166,18
230179651005167,18
230179651005168,18
230179651005169,18
230179651005170,18
230179651005171,18
230179651005172,18
230179651005173,18
230179651005174,18
230179651005175,18
230179651005176,18
230179651005177,18
230179651005178,18
230179651005179,18
230179651005180,18
230179651005181,18
230179651005182,18
230179651005183,18
230179651005184,18
230179651005185,18
230179651005186,18
230179651005187,18
230179651005188,18
230179651005189,18
230179651005190,18
230179651005191,18
230179651005192,18
230179651005193,18
230179651005194,18
230179651005195,18
230179651005196,18
230179651005197,18
230179651005198,18
230179651005199,18
230179651005200,18
230179651005201,18
230179651005202,18
230179651005203,18
230179651005204,18
230179651005205,18
230179651005206,18
230179651005207,18
230179651005208,18
230179651005209,18
230179651005210,18
230179651005211,18
230179651005212,18
230179651005213,18
230179651005214,18
230179651005215,18
230179651005216,18
230179651005217,18
230179651005218,18
230179651005219,18
230179651005220,18
230179651005221,18
230179651005222,18
230179651005223,18
230179651005224,18
230179651005225,18
230179651005226,18
230179651005227,18
230179651005267,18
230179651005268,18
230179651005269,18
230179651005270,18
230179651005272,18
230179651005273,18
230179651005274,18
230179651005276,18
230179651005277,18
230179651005278,18
230179665001000,19
230179665001001,19
230179665001002,19
230179665001003,19
230179665001004,19
230179665001005,19
230179665001006,19
230179665001007,19
230179665001008,19
230179665001009,19
230179665001010,19
230179665001011,19
230179665001012,19
230179665001013,19
230179665001014,19
230179665001015,19
230179665002000,19
230179665002001,19
230179665002002,19
230179665002003,19
230179665002004,19
230179665002005,19
230179665002006,19
230179665002007,19
230179665002008,19
230179665002009,19
230179665002010,19
230179665002011,19
230179665002012,19
230179665002013,19
230179665002014,19
230179665002015,19
230179665002016,19
230179665002017,19
230179665002018,19
230179665002019,19
230179665002020,19
230179665002021,19
230179665002022,19
230179665002023,19
230179665002024,19
230179665002025,19
230179665002026,19
230179665002027,19
230179665002028,19
230179665002029,19
230179665003000,19
230179665003001,19
230179665003002,19
230179665003003,19
230179665003004,19
230179665003005,19
230179665003006,19
230179665003007,19
230179665003008,19
230179665003009,19
230179665003010,19
230179665003011,19
230179665003012,19
230179665003013,19
230179665003014,19
230179665003015,19
230179665003016,19
230179665003017,19
230179665004000,19
230179665004001,19
230179665004002,19
230179665004003,19
230179665004004,19
230179665004005,19
230179665004006,19
230179665004007,19
230179665004008,19
230179665004009,19
230179665004010,19
230179665004011,19
230179665004012,19
230179665004013,19
230179665004014,19
230179665004015,19
230179665004016,19
230179665004017,19
230179665004018,19
230179665004019,19
230179665004020,19
230179665004021,19
230179665004022,19
230179665004023,19
230179665004024,19
230179665005000,19
230179665005001,19
230179665005002,19
230179665005003,19
230179665005004,19
230179665005005,19
230179665005006,19
230179665005007,19
230179665005008,19
230179665005009,19
230179665005010,19
230179665005011,19
230179665005012,19
230179665005013,19
230179665005014,19
230179665005015,19
230179665005016,19
230179665005017,19
230179665005018,19
230179665005019,19
230179665005020,19
230179665005021,19
230179665005022,19
230179665005023,19
230179665005024,19
230179665005025,19
230179665005026,19
230179665005027,19
230179665005028,19
230179665005029,19
230179665005030,19
230179665005031,19
230179664011000,19
230179664011001,19
230179664011002,19
230179664011003,19
230179664011004,19
230179664011005,19
230179664011006,19
230179664011007,19
230179664011008,19
230179664011009,19
230179664011010,19
230179664011011,19
230179664011012,19
230179664011013,19
230179664011014,19
230179664011015,19
230179664011016,19
230179664011017,19
230179664011018,19
230179664011019,19
230179664011020,19
230179664011021,19
230179664011022,19
230179664011023,19
230179664011024,19
230179664011025,19
230179664011026,19
230179664011027,19
230179664011028,19
230179664011029,19
230179664011030,19
230179664011031,19
230179664011032,19
230179664011033,19
230179664011034,19
230179664011035,19
230179664011036,19
230179664011037,19
230179664011038,19
230179664011039,19
230179664011040,19
230179664011041,19
230179664011042,19
230179664011043,19
230179664011044,19
230179664011045,19
230179664011046,19
230179664011047,19
230179664011048,19
230179664011049,19
230179664011050,19
230179664012000,19
230179664012001,19
230179664012002,19
230179664012003,19
230179664012004,19
230179664012005,19
230179664012006,19
230179664012007,19
230179664012008,19
230179664012009,19
230179664012010,19
230179664012011,19
230179664012012,19
230179664012013,19
230179664012014,19
230179664012015,19
230179664012016,19
230179664012017,19
230179664012018,19
230179664012019,19
230179664012020,19
230179664012021,19
230179664012022,19
230179664012023,19
230179664012024,19
230179664012025,19
230179664012026,19
230179664012027,19
230179664012028,19
230179664012029,19
230179664012030,19
230179664012031,19
230179664013000,19
230179664013001,19
230179664013002,19
230179664013003,19
230179664013004,19
230179664013005,19
230179664013006,19
230179664013007,19
230179664013008,19
230179664013009,19
230179664013010,19
230179664013011,19
230179664013012,19
230179664013013,19
230179664013014,19
230179664013015,19
230179664013016,19
230179664013017,19
230179664013018,19
230179664013019,19
230179664013020,19
230179664021000,19
230179664021001,19
230179664021002,19
230179664021003,19
230179664021004,19
230179664021005,19
230179664021006,19
230179664021007,19
230179664021008,19
230179664021009,19
230179664021010,19
230179664021011,19
230179664021012,19
230179664021013,19
230179664021014,19
230179664021015,19
230179664021016,19
230179664021017,19
230179664021018,19
230179664021019,19
230179664021020,19
230179664021021,19
230179664021022,19
230179664021023,19
230179664021024,19
230179664021025,19
230179664021026,19
230179664021027,19
230179664021028,19
230179664022000,19
230179664022001,19
230179664022002,19
230179664022003,19
230179664022004,19
230179664022005,19
230179664022006,19
230179664022007,19
230179664022008,19
230179664022009,19
230179664022010,19
230179664022011,19
230179664022012,19
230179664022013,19
230179664022014,19
230179664023000,19
230179664023001,19
230179664023002,19
230179664023003,19
230179664023004,19
230179664023005,19
230179664023006,19
230179664023007,19
230179664023008,19
230179664023009,19
230179664023010,19
230179664023011,19
230179664023012,19
230179664023013,19
230179664023014,19
230179664023015,19
230179664023016,19
230179664023017,19
230179662001000,19
230179662001001,19
230179662001002,19
230179662001003,19
230179662001004,19
230179662001005,19
230179662001006,19
230179662001007,19
230179662001008,19
230179662001009,19
230179662001010,19
230179662001011,19
230179662001012,19
230179662001013,19
230179662001014,19
230179662001015,19
230179662001016,19
230179662001017,19
230179662001018,19
230179662001019,19
230179662001020,19
230179662001021,19
230179662001022,19
230179662001023,19
230179662001024,19
230179662002000,19
230179662002001,19
230179662002002,19
230179662002003,19
230179662002004,19
230179662002005,19
230179662002006,19
230179662002007,19
230179662002008,19
230179662002009,19
230179662002010,19
230179662002011,19
230179662002012,19
230179662002013,19
230179662002014,19
230179662002015,19
230179662002016,19
230179662002017,19
230179662002018,19
230179662002019,19
230179662002020,19
230179662002021,19
230179662002022,19
230179662002023,19
230179662002024,19
230179662002025,19
230179662002026,19
230179662002027,19
230179662002028,19
230179662002029,19
230179662002030,19
230179662002031,19
230179662002032,19
230179662003000,19
230179662003001,19
230179662003002,19
230179662003003,19
230179662003004,19
230179662003005,19
230179662003006,19
230179662003007,19
230179662003008,19
230179662003009,19
230179662003010,19
230179662003011,19
230179662003012,19
230179662003013,19
230179662003014,19
230179662003015,19
230179662003016,19
230179662003017,19
230179662003018,19
230179662003019,19
230179662003020,19
230179662003021,19
230179662003022,19
230179662003023,19
230179662003024,19
230179662003025,19
230179662003026,19
230179662003027,19
230179662003028,19
230179662003029,19
230179662003030,19
230179662003031,19
230179662003032,19
230179662003033,19
230179662004000,19
230179662004001,19
230179662004002,19
230179662004003,19
230179662004004,19
230179662004005,19
230179662004006,19
230179662004007,19
230179662004008,19
230179662004009,19
230179662004010,19
230179662004011,19
230179662004012,19
230179662004013,19
230179662004014,19
230179662004015,19
230179662004016,19
230179662004017,19
230179662004018,19
230179662004019,19
230179662004020,19
230179658001000,18
230179658001001,18
230179658001002,18
230179658001003,18
230179658001004,18
230179658001005,18
230179658001006,18
230179658001007,18
230179658001008,18
230179658001009,18
230179658001010,18
230179658001011,18
230179658001012,18
230179658001013,18
230179658001014,18
230179658001015,18
230179658001016,18
230179658001017,18
230179658001018,18
230179658001019,18
230179658001020,18
230179658001021,18
230179658001022,18
230179658001023,18
230179658001024,18
230179658001025,18
230179658002000,18
230179658002001,18
230179658002002,18
230179658002003,18
230179658002004,18
230179658002005,18
230179658002006,18
230179658002007,18
230179658002008,18
230179658002009,18
230179658002010,18
230179658002011,18
230179658002012,18
230179658002013,18
230179658002014,18
230179658002015,18
230179658002016,18
230179658002017,18
230179658002018,18
230179658002019,18
230179658002020,18
230179658002021,18
230179658002022,18
230179658002023,18
230179658002024,18
230179658002025,18
230179658002026,18
230179658002027,18
230179658002028,18
230179658002029,18
230179658002030,18
230179658002031,18
230179669002000,19
230179669002001,19
230179669002002,19
230179669002003,19
230179669002004,19
230179669002005,19
230179669002006,19
230179669002007,19
230179669002008,19
230179669002009,19
230179669002010,19
230179669002011,19
230179669002012,19
230179669002013,19
230179669002014,19
230179669002015,19
230179669002016,19
230179669002017,19
230179669002018,19
230179669002019,19
230179669002020,19
230179669002021,19
230179669002022,19
230179669002023,19
230179669002024,19
230179669002025,19
230179669002026,19
230179669002027,19
230179669002028,19
230179669002029,19
230179669002030,19
230179669002031,19
230179669002032,19
230179669002033,19
230179669002034,19
230179669002035,19
230179669002036,19
230179669002037,19
230179669002038,19
230179669002039,19
230179669002040,19
230179669002041,19
230179669002042,19
230179669002043,19
230179669002044,19
230179669002045,19
230179669002046,19
230179669002047,19
230179669002048,19
230179669002049,19
230179669002050,19
230179669002051,19
230179669002052,19
230179669002053,19
230179669002054,19
230179669002055,19
230179669002056,19
230179669002057,19
230179669002058,19
230179669002059,19
230179669002060,19
230179669002061,19
230179669002062,19
230179669002063,19
230179669002064,19
230179669002065,19
230179669002066,19
230179669002067,19
230179669002068,19
230179669002069,19
230179669002070,19
230179669002071,19
230179669002072,19
230179669002073,19
230179669002074,19
230179669002075,19
230179669002076,19
230179669002077,19
230179669002078,19
230179669002079,19
230179669002080,19
230179669002081,19
230179669002082,19
230179669002083,19
230179669002084,19
230179654001016,18
230179654001017,18
230179654001018,18
230179654001019,18
230179654001020,18
230179654001021,18
230179654001028,18
230179654001029,18
230179654001030,18
230179654001031,18
230179654001032,18
230179654001033,18
230179654001034,18
230179654001035,18
230179654001036,18
230179654001037,18
230179654001038,18
230179654001039,18
230179654001044,18
230179654001045,18
230179654001046,18
230179654001047,18
230179654001048,18
230179654001049,18
230179654001050,18
230179654001051,18
230179654001052,18
230179654001053,18
230179654001054,18
230179654001057,18
230179654001082,18
230179655001000,18
230179655001001,18
230179655001002,18
230179655001003,18
230179655001004,18
230179655001005,18
230179655001006,18
230179655001007,18
230179655001008,18
230179655001009,18
230179655001010,18
230179655001011,18
230179655001012,18
230179655001013,18
230179655001014,18
230179655001015,18
230179655001016,18
230179655001017,18
230179655001018,18
230179655001019,18
230179655001020,18
230179655001021,18
230179655001022,18
230179655001023,18
230179655001024,18
230179655001025,18
230179655001026,18
230179655001027,18
230179655001028,18
230179655001029,18
230179655001030,18
230179655001031,18
230179655001032,18
230179655001033,18
230179655001034,18
230179655001035,18
230179655001036,18
230179655001037,18
230179655001038,18
230179655001039,18
230179655001040,18
230179655001041,18
230179655001042,18
230179655001043,18
230179655002000,18
230179655002001,18
230179655002002,18
230179655002003,18
230179655002004,18
230179655002005,18
230179655002006,18
230179655002007,18
230179655002008,18
230179655002009,18
230179655002010,18
230179655002011,18
230179655002012,18
230179655002013,18
230179655002014,18
230179655002015,18
230179655002016,18
230179655002017,18
230179655002018,18
230179655002019,18
230179655002020,18
230179655002021,18
230179655002022,18
230179655002023,18
230179655002024,18
230179655002025,18
230179655002026,18
230179655002027,18
230179655002028,18
230179655002029,18
230179655002030,18
230179655002031,18
230179655002032,18
230179655002033,18
230179655002034,18
230179655002035,18
230179655002036,18
230179655002037,18
230179655002038,18
230179655002039,18
230179655002040,18
230179656001000,18
230179656001001,18
230179656001002,18
230179656001003,18
230179656001004,18
230179656001005,18
230179656001006,18
230179656001007,18
230179656001008,18
230179656001009,18
230179656001010,18
230179656001011,18
230179656001012,18
230179656001013,18
230179656001014,18
230179656001015,18
230179656001016,18
230179656001017,18
230179656001018,18
230179656001019,18
230179656001020,18
230179656001021,18
230179656001022,18
230179656001023,18
230179656001024,18
230179656001025,18
230179656001026,18
230179656001027,18
230179656001028,18
230179656001029,18
230179656001030,18
230179656002000,18
230179656002001,18
230179656002002,18
230179656002003,18
230179656002004,18
230179656002005,18
230179656002006,18
230179656002007,18
230179656002008,18
230179656002009,18
230179656002010,18
230179656002011,18
230179656002012,18
230179656002013,18
230179656002014,18
230179656002015,18
230179656002016,18
230179656002017,18
230179656002018,18
230179656002019,18
230179656002020,18
230179656002021,18
230179656002022,18
230179656003000,18
230179656003001,18
230179656003002,18
230179656003003,18
230179656003004,18
230179656003005,18
230179656003006,18
230179656003007,18
230179656003008,18
230179656003009,18
230179656003010,18
230179656003011,18
230179656003012,18
230179656003013,18
230179656003014,18
230179656003015,18
230179656003016,18
230179656003017,18
230179656003018,18
230179656003019,18
230179656003020,18
230179656003021,18
230179656003022,18
230179656003023,18
230179656003024,18
230179656003025,18
230179656003026,18
230179656003027,18
230179656003028,18
230179656003029,18
230179656003030,18
230179656003031,18
230179656003032,18
230179656003033,18
230179660021000,18
230179660021001,18
230179660021002,18
230179660021003,18
230179660021004,18
230179660021005,18
230179660021006,18
230179660021007,18
230179660021008,18
230179660021009,18
230179660021010,18
230179660021011,18
230179660021012,18
230179660021013,18
230179660021014,18
230179660021015,18
230179660021016,18
230179660021017,18
230179660021018,18
230179660021020,18
230179660021021,18
230179660021023,18
230179660021025,18
230179660021026,18
230179660021027,18
230179660021028,18
230179660021029,18
230179660021030,18
230179660021031,18
230179660021037,18
230179660021038,18
230179660021039,18
230179660021040,18
230179660021041,18
230179660021042,18
230179660021043,18
230179660021044,18
230179660021045,18
230179660021046,18
230179660021067,18
230179660021068,18
230179660021069,18
230179660021093,18
230179660021094,18
230179660021095,18
230179660021096,18
230179660021097,18
230179660021098,18
230179660021099,18
230179660021103,18
230179660021104,18
230179660021106,18
230179660021111,18
230179660021112,18
230179660021113,18
230179660021114,18
230179660021115,18
230179660021116,18
230179660021117,18
230179660021118,18
230179660021120,18
230179660021121,18
230179660021019,18
230179660021022,18
230179660021024,18
230179660021032,18
230179660021033,18
230179660021034,18
230179660021035,18
230179660021036,18
230179660021047,18
230179660021048,18
230179660021049,18
230179660021050,18
230179660021051,18
230179660021052,18
230179660021053,18
230179660021054,18
230179660021055,18
230179660021062,18
230179660021073,18
230179660021074,18
230179660021075,18
230179660021076,18
230179660021077,18
230179660021100,18
230179660021101,18
230179660021102,18
230179660021105,18
230179660021107,18
230179660021108,18
230179660021109,18
230179660021110,18
230179660021119,18
230179660021122,18
230179660021123,18
230179660021124,18
230179660021128,18
230179660021056,18
230179660021057,18
230179660021058,18
230179660021059,18
230179660021060,18
230179660021061,18
230179660021063,18
230179660021064,18
230179660021065,18
230179660021066,18
230179660021070,18
230179660021071,18
230179660021072,18
230179660021078,18
230179660021079,18
230179660021080,18
230179660021081,18
230179660021082,18
230179660021083,18
230179660021084,18
230179660021085,18
230179660021086,18
230179660021087,18
230179660021088,18
230179660021089,18
230179660021090,18
230179660021091,18
230179660021092,18
230179660021125,18
230179660021126,18
230179660021127,18
230179660021129,18
230179658003000,18
230179658003001,18
230179658003002,18
230179658003003,18
230179658003004,18
230179658003005,18
230179658003006,18
230179658003007,18
230179658003008,18
230179658003009,18
230179658003010,18
230179658003011,18
230179658003012,18
230179658003013,18
230179658003014,18
230179658003015,18
230179658003016,18
230179658003017,18
230179658003018,18
230179658003019,18
230179658003020,18
230179658003021,18
230179658003022,18
230179658003023,18
230179658003024,18
230179658003025,18
230179658003026,18
230179658003027,18
230179658003028,18
230179658003029,18
230179658003030,18
230179658003031,18
230179658003032,18
230179658003033,18
230179658003034,18
230179658003035,18
230179658003036,18
230179658003037,18
230179658003038,18
230179658003039,18
230179658003040,18
230179658003041,18
230179658003042,18
230179658003043,18
230179658003044,18
230179658003045,18
230179658003046,18
230179666003012,18
230179666003013,18
230179666003014,18
230179666003015,18
230179666003016,18
230179666003023,18
230179666003024,18
230179666003025,18
230179666003026,18
230179666003027,18
230179666003035,18
230179666003039,18
230179666003040,18
230179666003041,18
230179666003042,18
230179666003043,18
230179666003044,18
230179666003045,18
230179666003046,18
230179666003047,18
230179666003048,18
230179666003049,18
230179666003050,18
230179666003051,18
230179666003052,18
230179666003053,18
230179666003054,18
230179666003055,18
230179666003056,18
230179666003057,18
230179666003058,18
230179666003059,18
230179666003060,18
230179666003061,18
230179666003062,18
230179666003063,18
230179666003064,18
230179666003065,18
230179666003066,18
230179666003067,18
230179666003068,18
230179666003071,18
230179666003072,18
230179666003073,18
230179666003074,18
230179666003075,18
230179651001050,18
230179651001051,18
230179651001056,18
230179651001057,18
230179651001058,18
230179651001059,18
230179651001060,18
230179651001061,18
230179651001062,18
230179651001063,18
230179651001064,18
230179651001065,18
230179651001067,18
230179651001068,18
230179651001069,18
230179651001070,18
230179651001071,18
230179651001072,18
230179651001073,18
230179651001074,18
230179651001075,18
230179651001076,18
230179651001077,18
230179651001078,18
230179666001000,18
230179666001001,18
230179666001002,18
230179666001003,18
230179666001004,18
230179666001005,18
230179666001006,18
230179666001007,18
230179666001008,18
230179666001009,18
230179666001010,18
230179666001011,18
230179666001012,18
230179666001013,18
230179666001014,18
230179666001015,18
230179666001016,18
230179666001017,18
230179666001018,18
230179666001019,18
230179666001020,18
230179666001021,18
230179666001022,18
230179666001023,18
230179666001024,18
230179666001025,18
230179666001026,18
230179666001027,18
230179666001028,18
230179666001029,18
230179666001030,18
230179666001031,18
230179666001032,18
230179666001033,18
230179666001034,18
230179666001035,18
230179666001036,18
230179666001037,18
230179666001038,18
230179666001039,18
230179666001040,18
230179666001041,18
230179666001042,18
230179666001043,18
230179666001044,18
230179666001045,18
230179666001046,18
230179666001047,18
230179666001048,18
230179666001049,18
230179666001050,18
230179666001051,18
230179666001052,18
230179666001053,18
230179666001054,18
230179666001055,18
230179666001056,18
230179666001057,18
230179666001058,18
230179666002000,18
230179666002001,18
230179666002002,18
230179666002003,18
230179666002004,18
230179666002005,18
230179666002006,18
230179666002007,18
230179666002008,18
230179666002009,18
230179666002010,18
230179666002011,18
230179666002012,18
230179666002013,18
230179666002014,18
230179666002015,18
230179666002016,18
230179666002017,18
230179666002018,18
230179666002019,18
230179666002020,18
230179666002021,18
230179666002022,18
230179666002023,18
230179666002024,18
230179666002025,18
230179666002026,18
230179666002027,18
230179666002028,18
230179666002029,18
230179666002030,18
230179666002031,18
230179666002032,18
230179666002033,18
230179666002034,18
230179666002035,18
230179666002036,18
230179666002037,18
230179666002038,18
230179666002039,18
230179666002040,18
230179666002041,18
230179666002042,18
230179666002043,18
230179666002044,18
230179666002045,18
230179666002046,18
230179666002047,18
230179661001000,18
230179661001001,18
230179661001002,18
230179661001003,18
230179661001004,18
230179661001005,18
230179661001006,18
230179661001007,18
230179661001008,18
230179661001009,18
230179661001010,18
230179661001011,18
230179661001012,18
230179661001013,18
230179661001014,18
230179661001015,18
230179661001016,18
230179661001017,18
230179661001018,18
230179661001019,18
230179661001020,18
230179661001021,18
230179661001022,18
230179661001023,18
230179661001024,18
230179661001025,18
230179661001026,18
230179661001027,18
230179661001028,18
230179661001029,18
230179661001030,18
230179661001031,18
230179661001032,18
230179661001033,18
230179661001034,18
230179661001035,18
230179661001036,18
230179661001037,18
230179661001038,18
230179661001039,18
230179661001040,18
230179661001041,18
230179661001042,18
230179661001043,18
230179661001044,18
230179661001045,18
230179661001046,18
230179661001047,18
230179660011000,18
230179660011001,18
230179660011002,18
230179660011003,18
230179660011004,18
230179660011005,18
230179660011006,18
230179660011007,18
230179660011008,18
230179660011009,18
230179660011010,18
230179660011011,18
230179660011012,18
230179660011013,18
230179660011014,18
230179660011015,18
230179660011016,18
230179660011017,18
230179660011018,18
230179660011019,18
230179660011020,18
230179660011021,18
230179660011022,18
230179660011023,18
230179660011024,18
230179660011025,18
230179660011026,18
230179660011027,18
230179660011028,18
230179660011029,18
230179660011030,18
230179660011031,18
230179660011032,18
230179660011033,18
230179660011034,18
230179660011035,18
230179660011036,18
230179660011037,18
230179660011038,18
230179660011039,18
230179660011040,18
230179660011041,18
230179660011042,18
230179660011043,18
230179660011044,18
230179660011045,18
230179660011046,18
230179660011047,18
230179660011048,18
230179660011049,18
230179660011050,18
230179660011051,18
230179660011052,18
230179660011053,18
230179660011054,18
230179660011055,18
230179660011056,18
230179660011057,18
230190215001011,4
230190215001012,4
230190215001013,4
230190215001029,4
230190215001030,4
230190215001031,4
230190215001032,4
230190215001033,4
230190215001034,4
230190215001035,4
230190215001036,4
230190215001037,4
230190215001038,4
230190215001039,4
230190215001040,4
230190215001041,4
230190215001042,4
230190215001043,4
230190215001044,4
230190215001045,4
230190215001046,4
230190215001047,4
230190215001048,4
230190215001049,4
230190215001050,4
230190215001051,4
230190215001000,5
230190215001001,5
230190215001002,5
230190215001003,5
230190215001004,5
230190215001005,5
230190215001006,5
230190215001007,5
230190215001008,5
230190215001009,5
230190215001010,5
230190215001014,5
230190215001015,5
230190215001016,5
230190215001017,5
230190215001018,5
230190215001019,5
230190215001020,5
230190215001021,5
230190215001022,5
230190215001023,5
230190215001024,5
230190215001025,5
230190215001026,5
230190215001027,5
230190215001028,5
230190002001000,9
230190002001001,9
230190002001002,9
230190002001003,9
230190002001004,9
230190002001005,9
230190002001006,9
230190002001007,9
230190002001008,9
230190002001009,9
230190002001010,9
230190002001011,9
230190002001012,9
230190002001013,9
230190002001014,9
230190002001015,9
230190002001016,9
230190002001017,9
230190002001018,9
230190002002000,9
230190002002001,9
230190002002002,9
230190002002003,9
230190002002004,9
230190002002005,9
230190002002006,9
230190002002007,9
230190002002008,9
230190002002009,9
230190002002010,9
230190002002011,9
230190002002012,9
230190002002013,9
230190002002014,9
230190002002015,9
230190002002016,9
230190002002017,9
230190002002018,9
230190002002019,9
230190002002020,9
230190002002021,9
230190002002022,9
230190002002023,9
230190002002024,9
230190002002025,9
230190002002026,9
230190002002027,9
230190002002028,9
230190002002029,9
230190002002030,9
230190002002031,9
230190002002032,9
230190002002033,9
230190002002034,9
230190002002035,9
230190002002036,9
230190002002037,9
230190002002038,9
230190002002039,9
230190002002040,9
230190002002041,9
230190002002042,9
230190002003000,9
230190002003001,9
230190002003002,9
230190002003003,9
230190002003004,9
230190002003005,9
230190002003006,9
230190002003007,9
230190002003008,9
230190002003009,9
230190002003010,9
230190002003011,9
230190002003012,9
230190002004000,9
230190002004001,9
230190002004002,9
230190002004003,9
230190002004004,9
230190002004005,9
230190002004006,9
230190002004007,9
230190002004008,9
230190002004009,9
230190002004010,9
230190002004011,9
230190002004012,9
230190002004013,9
230190002004014,9
230190002004015,9
230190002004016,9
230190002004017,9
230190003001000,9
230190003001001,9
230190003001002,9
230190003001003,9
230190003001004,9
230190003001005,9
230190003001006,9
230190003001007,9
230190003001008,9
230190003001009,9
230190003001010,9
230190003001011,9
230190003001012,9
230190003001013,9
230190003001014,9
230190003001015,9
230190003001016,9
230190003001017,9
230190003001018,9
230190003001019,9
230190003001020,9
230190003001021,9
230190003001022,9
230190003001023,9
230190003001024,9
230190003001025,9
230190003001026,9
230190003001027,9
230190003001028,9
230190003001029,9
230190003001030,9
230190003001031,9
230190003002000,9
230190003002001,9
230190003002002,9
230190003002003,9
230190003002004,9
230190003002005,9
230190003002006,9
230190003002007,9
230190003002008,9
230190003002009,9
230190003002010,9
230190003002011,9
230190003003000,9
230190003003001,9
230190003003002,9
230190003003003,9
230190003003004,9
230190003003005,9
230190003003006,9
230190003003007,9
230190003003008,9
230190003003009,9
230190003003010,9
230190003003011,9
230190003003012,9
230190003003013,9
230190004001000,9
230190004001001,9
230190004001002,9
230190004001003,9
230190004001004,9
230190004001005,9
230190004001006,9
230190004001007,9
230190004001008,9
230190004001009,9
230190004001010,9
230190004001011,9
230190004001012,9
230190004001013,9
230190004001014,9
230190004001015,9
230190004001016,9
230190004001017,9
230190004001018,9
230190004001019,9
230190004001020,9
230190004001021,9
230190004001022,9
230190004001023,9
230190004001024,9
230190004001025,9
230190004001026,9
230190004001027,9
230190004001028,9
230190004001029,9
230190004001030,9
230190004001031,9
230190004001032,9
230190004001033,9
230190004001034,9
230190004001035,9
230190004001036,9
230190004001037,9
230190004001038,9
230190004001039,9
230190004001040,9
230190004001041,9
230190004001042,9
230190004001043,9
230190004001044,9
230190004001045,9
230190004001046,9
230190004001047,9
230190004001048,9
230190004001049,9
230190004001050,9
230190004001051,9
230190004001052,9
230190004001053,9
230190004001054,9
230190004001055,9
230190004001056,9
230190005001000,9
230190005001001,9
230190005001002,9
230190005001003,9
230190005001004,9
230190005001005,9
230190005001006,9
230190005001007,9
230190005001008,9
230190005001009,9
230190005002000,9
230190005002001,9
230190005002002,9
230190005002003,9
230190005002004,9
230190005002005,9
230190005002006,9
230190005002007,9
230190005002008,9
230190005002009,9
230190005002010,9
230190005002011,9
230190005002012,9
230190005002013,9
230190005002014,9
230190005003000,9
230190005003001,9
230190005003002,9
230190005003003,9
230190005003004,9
230190005003005,9
230190005003006,9
230190005003007,9
230190005003008,9
230190005003009,9
230190005003010,9
230190005003011,9
230190005003012,9
230190005003013,9
230190005003014,9
230190005003015,9
230190005004000,9
230190005004001,9
230190005004002,9
230190005004003,9
230190005004004,9
230190005005000,9
230190005005001,9
230190005005002,9
230190005005003,9
230190005005004,9
230190005005005,9
230190005005006,9
230190005005007,9
230190005005008,9
230190005005009,9
230190005005010,9
230190006001000,9
230190006001001,9
230190006001002,9
230190006001003,9
230190006001004,9
230190006001005,9
230190006001006,9
230190006001007,9
230190006001008,9
230190006001009,9
230190006001010,9
230190006001011,9
230190006002000,9
230190006002001,9
230190006002002,9
230190006002003,9
230190006002004,9
230190006002005,9
230190006003000,9
230190006003001,9
230190006003002,9
230190006003003,9
230190006003004,9
230190006003005,9
230190006003006,9
230190006003007,9
230190006003008,9
230190006003009,9
230190006003010,9
230190006003011,9
230190006003012,9
230190007001000,9
230190007001001,9
230190007001002,9
230190007001003,9
230190007001004,9
230190007001005,9
230190007001006,9
230190007001007,9
230190007001008,9
230190007001009,9
230190007001010,9
230190007001011,9
230190007001012,9
230190007001013,9
230190007001014,9
230190007001015,9
230190007001016,9
230190007001017,9
230190007001018,9
230190007001019,9
230190007001020,9
230190007001021,9
230190007001022,9
230190007001023,9
230190007001024,9
230190007001025,9
230190007001026,9
230190007001027,9
230190007001028,9
230190007001029,9
230190007001030,9
230190007001031,9
230190007001032,9
230190007001033,9
230190007001034,9
230190007001035,9
230190007001036,9
230190007001037,9
230190007001038,9
230190007001039,9
230190007001040,9
230190007001041,9
230190007001042,9
230190007001043,9
230190007001044,9
230190007001045,9
230190007001046,9
230190007001047,9
230190007001048,9
230190007001049,9
230190007001050,9
230190007001051,9
230190007001052,9
230190007001053,9
230190007001054,9
230190007001055,9
230190007001056,9
230190007001057,9
230190007001058,9
230190007002000,9
230190007002001,9
230190007002002,9
230190007002003,9
230190007002004,9
230190007002005,9
230190007002006,9
230190007002007,9
230190007002008,9
230190007002009,9
230190007002010,9
230190007002011,9
230190007002012,9
230190007002013,9
230190007002014,9
230190007002015,9
230190007002016,9
230190007002017,9
230190007002018,9
230190007002019,9
230190007002020,9
230190007002021,9
230190007002022,9
230190007002023,9
230190007002024,9
230190007002025,9
230190007002026,9
230190007002027,9
230190007002028,9
230190007002029,9
230190007002030,9
230190007002031,9
230190007002032,9
230190007002033,9
230190007002034,9
230190007002035,9
230190007002036,9
230190007002037,9
230190007002038,9
230190007002039,9
230190007002040,9
230190007002041,9
230190007002042,9
230190007002043,9
230190007002044,9
230190007002045,9
230190007002046,9
230190007002047,9
230190007002048,9
230190007002049,9
230190007002050,9
230190007002051,9
230190007002052,9
230190007002053,9
230190007002054,9
230190007002055,9
230190007002056,9
230190007002057,9
230190009001000,9
230190009001001,9
230190009001002,9
230190009001003,9
230190009001004,9
230190009001005,9
230190009001006,9
230190009001007,9
230190009001008,9
230190009001009,9
230190009001010,9
230190009001011,9
230190009001012,9
230190009001013,9
230190009001014,9
230190009001015,9
230190009001016,9
230190009001017,9
230190009001018,9
230190009001019,9
230190009001020,9
230190009001021,9
230190009001022,9
230190009002000,9
230190009002001,9
230190009002002,9
230190009002003,9
230190009002004,9
230190009002005,9
230190009002006,9
230190009002007,9
230190009002008,9
230190009002009,9
230190009002010,9
230190009002011,9
230190009002012,9
230190009002013,9
230190009002014,9
230190009002015,9
230190009002016,9
230190009003000,9
230190009003001,9
230190009003002,9
230190009003003,9
230190009003004,9
230190009003005,9
230190009003006,9
230190009003007,9
230190009003008,9
230190009003009,9
230190009003010,9
230190009003011,9
230190311001000,9
230190311001001,9
230190311001002,9
230190311001003,9
230190311001004,9
230190311001005,9
230190311001006,9
230190311001007,9
230190311001008,9
230190311001009,9
230190311001010,9
230190311001011,9
230190311001012,9
230190311001013,9
230190311001014,9
230190311001015,9
230190311001016,9
230190311001017,9
230190311001018,9
230190311001019,9
230190311002000,9
230190311002001,9
230190311002002,9
230190311002003,9
230190311002004,9
230190311002005,9
230190311002006,9
230190311002007,9
230190311002008,9
230190311002009,9
230190311002010,9
230190311003000,9
230190311003001,9
230190311003002,9
230190311003003,9
230190311003004,9
230190311003005,9
230190311003006,9
230190311003007,9
230190311003008,9
230190311003009,9
230190311003010,9
230190311003011,9
230190311003012,9
230190311003013,9
230190311003014,9
230190311003015,9
230190311003016,9
230190311003017,9
230190311003018,9
230190311003019,9
230190311003020,9
230190311003021,9
230190311003022,9
230190311003023,9
230190311004000,9
230190311004001,9
230190311004002,9
230190311004003,9
230190311004004,9
230190311004005,9
230190311004006,9
230190311004007,9
230190311004008,9
230190311004009,9
230190311004010,9
230190311004011,9
230190311004012,9
230190311004013,9
230190311004014,9
230190311004015,9
230190311004016,9
230190311004017,9
230190311004018,9
230190311004019,9
230190311004020,9
230190311004021,9
230190311004022,9
230190311004023,9
230190311004024,9
230190311004025,9
230190311004026,9
230190205001000,4
230190205001001,4
230190205001002,4
230190205001003,4
230190205001004,4
230190205001005,4
230190205001006,4
230190205001007,4
230190205001008,4
230190205001009,4
230190205001010,4
230190205001011,4
230190205001012,4
230190205001013,4
230190205001014,4
230190205001015,4
230190205001016,4
230190205001017,4
230190205001018,4
230190205001019,4
230190205001020,4
230190205001021,4
230190205001022,4
230190205001023,4
230190205001024,4
230190205001025,4
230190205001026,4
230190205001027,4
230190205001028,4
230190205001029,4
230190205001030,4
230190205001031,4
230190205001032,4
230190080011000,8
230190080011001,8
230190080011002,8
230190080011003,8
230190080011004,8
230190080011005,8
230190080011006,8
230190080011007,8
230190080011008,8
230190080011009,8
230190080011010,8
230190080011011,8
230190080011012,8
230190080011013,8
230190080011014,8
230190080011015,8
230190080011016,8
230190080011017,8
230190080011018,8
230190080011019,8
230190080011020,8
230190080011021,8
230190080011022,8
230190080011023,8
230190080011024,8
230190080011025,8
230190080011026,8
230190080011027,8
230190080011028,8
230190080011029,8
230190080011030,8
230190080011031,8
230190080011032,8
230190080011033,8
230190080011034,8
230190080011035,8
230190080011036,8
230190080011037,8
230190080011038,8
230190080011039,8
230190080011040,8
230190080011041,8
230190080011042,8
230190080011043,8
230190080011044,8
230190080011045,8
230190080011046,8
230190080011047,8
230190080011048,8
230190080011049,8
230190041001000,8
230190041001001,8
230190041001002,8
230190041001003,8
230190041001004,8
230190041001005,8
230190041001006,8
230190041001007,8
230190041001008,8
230190041001009,8
230190041001010,8
230190041001011,8
230190041001012,8
230190041001013,8
230190041002000,8
230190041002001,8
230190041002002,8
230190041002003,8
230190041002004,8
230190041002005,8
230190041002006,8
230190041002007,8
230190041002008,8
230190041002009,8
230190041002010,8
230190041002011,8
230190041002012,8
230190041002013,8
230190041002014,8
230190041002015,8
230190041002016,8
230190041002017,8
230190041002018,8
230190041002019,8
230190041002020,8
230190041002021,8
230190041002022,8
230190041002023,8
230190041002024,8
230190041002025,8
230190041002026,8
230190041002027,8
230190042001000,8
230190042001001,8
230190042001002,8
230190042001003,8
230190042001004,8
230190042001005,8
230190042001006,8
230190042001007,8
230190042001008,8
230190042001009,8
230190042001010,8
230190042001011,8
230190042001012,8
230190042001013,8
230190042001014,8
230190042001015,8
230190042001016,8
230190042001017,8
230190042001018,8
230190042001019,8
230190042001020,8
230190042001021,8
230190042001022,8
230190042001023,8
230190042001024,8
230190042001025,8
230190042001026,8
230190042002000,8
230190042002001,8
230190042002002,8
230190042002003,8
230190042002004,8
230190042002005,8
230190042002006,8
230190042002007,8
230190042002008,8
230190042002009,8
230190042002010,8
230190042002011,8
230190042002012,8
230190042002013,8
230190042002014,8
230190042002015,8
230190042002016,8
230190042002017,8
230190042002018,8
230190042002019,8
230190042002020,8
230190042002021,8
230190042002022,8
230190042002023,8
230190042002024,8
230190042002025,8
230190042002026,8
230190042002027,8
230190042002028,8
230190043001000,8
230190043001001,8
230190043001002,8
230190043001003,8
230190043001004,8
230190043001005,8
230190043001006,8
230190043001007,8
230190043001008,8
230190043001009,8
230190043001010,8
230190043001011,8
230190043001012,8
230190043002000,8
230190043002001,8
230190043002002,8
230190043002003,8
230190043002004,8
230190043002005,8
230190043002006,8
230190043002007,8
230190043002008,8
230190043002009,8
230190043002010,8
230190043002011,8
230190043002012,8
230190043002013,8
230190043002014,8
230190043002015,8
230190043002016,8
230190043002017,8
230190043002018,8
230190043002019,8
230190043002020,8
230190043002021,8
230190043002022,8
230190043002023,8
230190043002024,8
230190043002025,8
230190043002026,8
230190043002027,8
230190043002028,8
230190043002029,8
230190043002030,8
230190043003000,8
230190043003001,8
230190043003002,8
230190043003003,8
230190043003004,8
230190043003005,8
230190043003006,8
230190043003007,8
230190043003008,8
230190043003009,8
230190043003010,8
230190043003011,8
230190043003012,8
230190043003013,8
230190043004000,8
230190043004001,8
230190043004002,8
230190043004003,8
230190043004004,8
230190043004005,8
230190245001000,8
230190245001001,8
230190245001002,8
230190245001003,8
230190245001004,8
230190245001005,8
230190245001006,8
230190245001007,8
230190245001008,8
230190245001009,8
230190245001015,8
230190245001016,8
230190245001017,8
230190245001018,8
230190245001019,8
230190245001023,8
230190245001026,8
230190245001027,8
230190245001028,8
230190245001029,8
230190245001030,8
230190245001031,8
230190245001032,8
230190245001033,8
230190245001034,8
230190245001038,8
230190245001061,8
230190245001106,8
230190110001000,10
230190110001001,10
230190110001002,10
230190110001003,10
230190110001004,10
230190110001005,10
230190110001006,10
230190110001007,10
230190110001008,10
230190110001009,10
230190110001010,10
230190110001011,10
230190110001012,10
230190110001013,10
230190110001014,10
230190110001015,10
230190110001016,10
230190110001017,10
230190110001018,10
230190110001019,10
230190110001020,10
230190110001021,10
230190110001022,10
230190110001023,10
230190110001024,10
230190110001025,10
230190110001026,10
230190110001027,10
230190110001028,10
230190110001029,10
230190110001030,10
230190110001031,10
230190110001032,10
230190110001033,10
230190110001034,10
230190110001035,10
230190110001036,10
230190110001037,10
230190110001038,10
230190110001039,10
230190110001040,10
230190110001041,10
230190110002000,10
230190110002001,10
230190110002002,10
230190110002003,10
230190110002004,10
230190110002005,10
230190110002006,10
230190110002007,10
230190110002008,10
230190110002009,10
230190110002010,10
230190110002011,10
230190110002012,10
230190110002013,10
230190110002014,10
230190110002015,10
230190110002016,10
230190110002017,10
230190110002018,10
230190110002019,10
230190110002020,10
230190110002021,10
230190110002022,10
230190110002023,10
230190110002024,10
230190110002025,10
230190110002026,10
230190110002027,10
230190110002028,10
230190110002029,10
230190110002030,10
230190110002031,10
230190110002032,10
230190110002033,10
230190110002034,10
230190255002064,2
230190255002065,2
230190255002070,2
230190255002071,2
230190255002076,2
230190255002077,2
230190255002089,2
230190255002090,2
230190255002091,2
230190255002092,2
230190255002093,2
230190255002094,2
230190255002095,2
230190255002096,2
230190255002098,2
230190255002099,2
230190255002104,2
230190255002105,2
230190255002145,2
230190255002234,2
230190255002235,2
230190312001000,4
230190312001001,4
230190312001002,4
230190312001003,4
230190312001004,4
230190312001005,4
230190312001006,4
230190312001007,4
230190312001008,4
230190312001009,4
230190312001010,4
230190312001011,4
230190312001012,4
230190312001013,4
230190312001014,4
230190312001015,4
230190312001016,4
230190312001017,4
230190312001018,4
230190312001019,4
230190312001020,4
230190312001021,4
230190312001022,4
230190312001023,4
230190312001024,4
230190312001025,4
230190312001026,4
230190312001027,4
230190312001028,4
230190312001029,4
230190312001030,4
230190312001031,4
230190312001032,4
230190312001033,4
230190312001034,4
230190312001035,4
230190312001036,4
230190312001037,4
230190312001038,4
230190312001039,4
230190312001040,4
230190312001041,4
230190312001042,4
230190312001043,4
230190312001044,4
230190312001045,4
230190312001046,4
230190312001047,4
230190312001048,4
230190312001049,4
230190312001050,4
230190312001051,4
230190312001052,4
230190312001053,4
230190312001054,4
230190312001055,4
230190312001056,4
230190312001057,4
230190265002005,5
230190265002006,5
230190265002007,5
230190265002014,5
230190265002015,5
230190265002016,5
230190265002018,5
230190265002019,5
230190265002020,5
230190265002021,5
230190265002022,5
230190265002023,5
230190265002024,5
230190265002025,5
230190265002026,5
230190265002027,5
230190265002028,5
230190265002029,5
230190265002030,5
230190265002031,5
230190265002032,5
230190265002033,5
230190265002034,5
230190265002035,5
230190265002036,5
230190265002037,5
230190265002038,5
230190265002039,5
230190265002040,5
230190265002041,5
230190265002042,5
230190265002043,5
230190265002044,5
230190265002049,5
230190265002050,5
230190090001000,8
230190090001001,8
230190090001002,8
230190090001003,8
230190090001004,8
230190090001005,8
230190090001006,8
230190090001007,8
230190090001008,8
230190090001009,8
230190090001010,8
230190090001011,8
230190090001012,8
230190090001013,8
230190090001014,8
230190090001015,8
230190090001016,8
230190090001017,8
230190090001018,8
230190090001019,8
230190090001020,8
230190090001021,8
230190090001022,8
230190090001023,8
230190090001024,8
230190090001025,8
230190090001026,8
230190090001027,8
230190090001028,8
230190090001029,8
230190090001030,8
230190090001031,8
230190090001032,8
230190090001033,8
230190090001034,8
230190090001035,8
230190090001036,8
230190090001037,8
230190090001038,8
230190090001039,8
230190090001040,8
230190090001041,8
230190090001042,8
230190090001043,8
230190090001044,8
230190090001045,8
230190090001046,8
230190090001047,8
230190090001048,8
230190090001049,8
230190140001000,10
230190140001001,10
230190140001002,10
230190140001003,10
230190140001004,10
230190140001005,10
230190140001006,10
230190140001007,10
230190140001008,10
230190140001009,10
230190140001010,10
230190140001011,10
230190140001012,10
230190140001013,10
230190140001014,10
230190140001015,10
230190140001016,10
230190140001017,10
230190140001018,10
230190140001019,10
230190140001020,10
230190140001021,10
230190140001022,10
230190140001023,10
230190140001024,10
230190140001025,10
230190140001026,10
230190140001027,10
230190140001028,10
230190140001029,10
230190140001030,10
230190140001031,10
230190140001032,10
230190140001033,10
230190140001034,10
230190140001035,10
230190140001036,10
230190140001037,10
230190140001038,10
230190140001039,10
230190140001040,10
230190140001041,10
230190140001042,10
230190140001043,10
230190140001044,10
230190140002000,10
230190140002001,10
230190140002002,10
230190140002003,10
230190140002004,10
230190140002005,10
230190140002006,10
230190140002007,10
230190140002008,10
230190140002009,10
230190140002010,10
230190140002011,10
230190140002012,10
230190140002013,10
230190140002014,10
230190140002015,10
230190140002016,10
230190140002017,10
230190140002018,10
230190140002019,10
230190140002020,10
230190140002021,10
230190140002022,10
230190140002023,10
230190140002024,10
230190140002025,10
230190140002026,10
230190140002027,10
230190140002028,10
230190140002029,10
230190140002030,10
230190140002031,10
230190140002032,10
230190140002033,10
230190140002034,10
230190140002035,10
230190140002036,10
230190140002037,10
230190140002038,10
230190140002039,10
230190312002000,10
230190312002001,10
230190312002002,10
230190312002003,10
230190312002004,10
230190312002005,10
230190312002006,10
230190312002007,10
230190312002008,10
230190312002009,10
230190312002010,10
230190312002011,10
230190312002012,10
230190312002013,10
230190312002014,10
230190312002015,10
230190312002016,10
230190312002017,10
230190312002018,10
230190312002019,10
230190312002020,10
230190312002021,10
230190312002022,10
230190312002023,10
230190312002024,10
230190312002025,10
230190312002026,10
230190312002027,10
230190312002028,10
230190312002029,10
230190312002030,10
230190312002031,10
230190312002032,10
230190312002033,10
230190312002034,10
230190312002035,10
230190312003000,10
230190312003001,10
230190312003002,10
230190312003003,10
230190312003004,10
230190312003005,10
230190312003006,10
230190312003007,10
230190312003008,10
230190312003009,10
230190312003010,10
230190312003011,10
230190312003012,10
230190312003013,10
230190312003014,10
230190312003015,10
230190312003016,10
230190150001000,4
230190150001001,4
230190150001002,4
230190150001003,4
230190150001004,4
230190150001005,4
230190150001006,4
230190150001007,4
230190150001008,4
230190150001009,4
230190150001010,4
230190150001011,4
230190150001012,4
230190150001013,4
230190150001014,4
230190150001015,4
230190150001016,4
230190150001017,4
230190150001018,4
230190150001019,4
230190150001020,4
230190150001021,4
230190150001022,4
230190150001023,4
230190150001024,4
230190150001025,4
230190150001026,4
230190150001027,4
230190150001028,4
230190150001029,4
230190150001030,4
230190150001031,4
230190150001032,4
230190150001033,4
230190150001034,4
230190150001035,4
230190150001036,4
230190150001037,4
230190150002000,4
230190150002001,4
230190150002002,4
230190150002003,4
230190150002004,4
230190150002005,4
230190150002006,4
230190150002007,4
230190150002008,4
230190150002009,4
230190150002010,4
230190150002011,4
230190150002012,4
230190150002013,4
230190150002014,4
230190150002015,4
230190150002016,4
230190150002017,4
230190150002018,4
230190150002019,4
230190150002020,4
230190150002021,4
230190150003000,4
230190150003001,4
230190150003002,4
230190150003003,4
230190150003004,4
230190150003005,4
230190150003006,4
230190150003007,4
230190150003008,4
230190150003009,4
230190150003010,4
230190150003011,4
230190150003012,4
230190150003013,4
230190150003014,4
230190150003015,4
230190150003016,4
230190150003017,4
230190150003018,4
230190150003019,4
230190150003020,4
230190150003021,4
230190150003022,4
230190150003023,4
230190150003024,4
230190150003025,4
230190150003026,4
230190150003027,4
230190150003028,4
230190150003029,4
230190150003030,4
230190150003031,4
230190150003032,4
230190150003033,4
230190150003034,4
230190150003035,4
230190150003036,4
230190150003037,4
230190150003038,4
230190150003039,4
230190150003040,4
230190150003041,4
230190150003042,4
230190150003043,4
230190150003044,4
230190150003045,4
230190150003046,4
230190150003047,4
230190150003048,4
230190150003049,4
230190150003050,4
230190150003051,4
230190150003052,4
230190150003053,4
230190150003054,4
230190150003055,4
230190150003056,4
230190150003057,4
230190150003058,4
230190150003059,4
230190150003060,4
230190150003061,4
230190150003062,4
230190150003063,4
230190125002000,10
230190125002001,10
230190125002002,10
230190125002003,10
230190125002004,10
230190125002005,10
230190125002006,10
230190125002007,10
230190125002008,10
230190125002009,10
230190125002010,10
230190125002011,10
230190125002012,10
230190125002013,10
230190125002014,10
230190125002015,10
230190125002016,10
230190125002017,10
230190125002018,10
230190125002019,10
230190125002020,10
230190125002021,10
230190125002022,10
230190125002023,10
230190125002024,10
230190125002025,10
230190125002026,10
230190125002027,10
230190125002028,10
230190125002029,10
230190125002030,10
230190125002031,10
230190125002032,10
230190125002033,10
230190125002034,10
230190125002035,10
230190125002036,10
230190125002037,10
230190125002038,10
230190125002039,10
230190125002040,10
230190125002041,10
230190125002042,10
230190125002043,10
230190125002044,10
230190125002045,10
230190125002046,10
230190125002047,10
230190255002000,2
230190255002001,2
230190255002002,2
230190255002003,2
230190255002004,2
230190255002005,2
230190255002018,2
230190255002019,2
230190255002020,2
230190255002021,2
230190255002022,2
230190255002023,2
230190255002024,2
230190255002025,2
230190255002026,2
230190255002027,2
230190255002028,2
230190255002033,2
230190255002034,2
230190255002035,2
230190255002036,2
230190245001024,8
230190245001025,8
230190245001035,8
230190245001036,8
230190245001037,8
230190245001059,8
230190245001060,8
230190245001062,8
230190245001063,8
230190245001064,8
230190245001065,8
230190245001066,8
230190245001069,8
230190245001070,8
230190245001071,8
230190245001072,8
230190245001073,8
230190245001074,8
230190245001075,8
230190245001076,8
230190245001077,8
230190245001078,8
230190245001079,8
230190245001080,8
230190245001081,8
230190245001082,8
230190245001083,8
230190245001084,8
230190245001085,8
230190245001086,8
230190245001087,8
230190245001088,8
230190245001089,8
230190245001090,8
230190245001091,8
230190245001092,8
230190245001093,8
230190245001094,8
230190245001095,8
230190245001096,8
230190245001097,8
230190245001098,8
230190245001099,8
230190245001103,8
230190245001104,8
230190245001105,8
230190310001000,5
230190310001001,5
230190310001002,5
230190310001003,5
230190310001004,5
230190310001005,5
230190310001006,5
230190310001007,5
230190310001008,5
230190310001009,5
230190310001011,5
230190310001012,5
230190310001013,5
230190310001015,5
230190310001017,5
230190310001018,5
230190310001019,5
230190310001020,5
230190310001021,5
230190310001022,5
230190310001023,5
230190310001024,5
230190310001025,5
230190310001026,5
230190310001027,5
230190310001028,5
230190310001029,5
230190310001030,5
230190310001031,5
230190310001032,5
230190310001033,5
230190310001034,5
230190310001035,5
230190310001036,5
230190310001037,5
230190310001038,5
230190310001039,5
230190310001040,5
230190310001041,5
230190310001042,5
230190310001043,5
230190310001044,5
230190310001045,5
230190310001046,5
230190310001047,5
230190310001048,5
230190310001049,5
230190310001050,5
230190310001051,5
230190310001052,5
230190310001053,5
230190310001054,5
230190310001055,5
230190310001056,5
230190310001057,5
230190310001058,5
230190310001059,5
230190310001060,5
230190310001061,5
230190310001062,5
230190310001063,5
230190310001064,5
230190310001065,5
230190310001066,5
230190310001067,5
230190310001068,5
230190310001069,5
230190310001070,5
230190310001071,5
230190310001072,5
230190310001073,5
230190310001074,5
230190310001075,5
230190310001076,5
230190310001077,5
230190310001078,5
230190310001079,5
230190310001080,5
230190310001081,5
230190310001082,5
230190090002000,8
230190090002001,8
230190090002002,8
230190090002003,8
230190090002004,8
230190090002005,8
230190090002006,8
230190090002007,8
230190090002008,8
230190090002009,8
230190090002010,8
230190090002011,8
230190090002012,8
230190090002013,8
230190090002014,8
230190090002015,8
230190090002016,8
230190090002017,8
230190090002018,8
230190090002019,8
230190090002020,8
230190090003000,8
230190090003001,8
230190090003002,8
230190090003003,8
230190090003004,8
230190090003005,8
230190090003006,8
230190090003007,8
230190090003008,8
230190090003009,8
230190090003010,8
230190090003011,8
230190090003012,8
230190090003013,8
230190090003014,8
230190090003015,8
230190090003016,8
230190090003017,8
230190215002000,5
230190215002001,5
230190215002002,5
230190215002003,5
230190215002004,5
230190215002005,5
230190215002006,5
230190215002007,5
230190215002008,5
230190215002009,5
230190215002010,5
230190215002011,5
230190215002012,5
230190215002013,5
230190215002014,5
230190215002015,5
230190215002029,5
230190215002041,5
230190280001000,5
230190280001001,5
230190280001002,5
230190280001003,5
230190280001004,5
230190280001005,5
230190280001006,5
230190280001007,5
230190280001008,5
230190280001009,5
230190280001010,5
230190280001011,5
230190280001012,5
230190280001013,5
230190280001014,5
230190280001015,5
230190280001016,5
230190280001017,5
230190280001018,5
230190280001019,5
230190280001020,5
230190280001021,5
230190280001022,5
230190280001023,5
230190280001024,5
230190280001025,5
230190280001026,5
230190280001027,5
230190280001028,5
230190280001029,5
230190280001030,5
230190280001031,5
230190280001032,5
230190280001033,5
230190280001034,5
230190280001035,5
230190280001036,5
230190280001037,5
230190280001038,5
230190280001039,5
230190280001040,5
230190280001041,5
230190280001042,5
230190280001043,5
230190280001044,5
230190280001045,5
230190135002000,10
230190135002001,10
230190135002002,10
230190135002003,10
230190135002004,10
230190135002005,10
230190135002006,10
230190135002007,10
230190135002008,10
230190135002009,10
230190135002010,10
230190135002011,10
230190135002012,10
230190135002013,10
230190135002014,10
230190135002015,10
230190135002016,10
230190135002017,10
230190135002018,10
230190135002019,10
230190135002020,10
230190135002021,10
230190135002022,10
230190135002023,10
230190135002024,10
230190135002025,10
230190135002026,10
230190135002027,10
230190135002028,10
230190135002029,10
230190135002030,10
230190135002031,10
230190135002032,10
230190135002033,10
230190135002034,10
230190135002035,10
230190135002036,10
230190135002037,10
230190155002000,10
230190155002001,10
230190155002002,10
230190155002003,10
230190155002004,10
230190155002005,10
230190155002006,10
230190155002007,10
230190155002008,10
230190155002009,10
230190155002010,10
230190155002011,10
230190155002012,10
230190155002013,10
230190155002014,10
230190155002015,10
230190155002016,10
230190155002017,10
230190155002018,10
230190155002019,10
230190155002020,10
230190155002021,10
230190155002022,10
230190155002023,10
230190155002024,10
230190155002025,10
230190155002026,10
230190155002027,10
230190155002028,10
230190155002029,10
230190155002030,10
230190155002031,10
230190155002032,10
230190155002033,10
230190155002034,10
230190155002035,10
230190155002036,10
230190155002037,10
230190155002038,10
230190155002039,10
230190155002040,10
230190155002041,10
230190155002042,10
230190155002043,10
230190155002044,10
230190155002045,10
230190155001000,4
230190155001001,4
230190155001002,4
230190155001003,4
230190155001004,4
230190155001005,4
230190155001006,4
230190155001007,4
230190155001008,4
230190155001009,4
230190155001010,4
230190155001011,4
230190155001012,4
230190155001013,4
230190155001014,4
230190155001015,4
230190155001016,4
230190155001017,4
230190155001018,4
230190155001019,4
230190155001020,4
230190155001021,4
230190155001022,4
230190155001023,4
230190155001024,4
230190155001025,4
230190155001026,4
230190155001027,4
230190155001028,4
230190155001029,4
230190155001030,4
230190155001031,4
230190155001032,4
230190155001033,4
230190155001034,4
230190155001035,4
230190155001036,4
230190155001037,4
230190155001038,4
230190155001039,4
230190155001040,4
230190155001041,4
230190155001042,4
230190155001043,4
230190155001044,4
230190155001045,4
230190155001046,4
230190155001047,4
230190155001048,4
230190155001049,4
230190155001050,4
230190155001051,4
230190155001052,4
230190155001053,4
230190155001054,4
230190155001055,4
230190155001056,4
230190155001057,4
230190155001058,4
230190313002000,10
230190313002001,10
230190313002002,10
230190313002003,10
230190313002004,10
230190313002005,10
230190313002006,10
230190313002007,10
230190313002008,10
230190313002009,10
230190313002010,10
230190313002011,10
230190313002012,10
230190313002013,10
230190313002014,10
230190313002015,10
230190313002016,10
230190313002017,10
230190313002018,10
230190313002019,10
230190313002020,10
230190313002021,10
230190313002022,10
230190313003000,10
230190313003001,10
230190313003002,10
230190313003003,10
230190313003004,10
230190313003005,10
230190313003006,10
230190313003007,10
230190313003008,10
230190313003009,10
230190313003010,10
230190313003011,10
230190313003012,10
230190313003013,10
230190313003014,10
230190313003015,10
230190313003016,10
230190313003017,10
230190313003018,10
230190313003019,10
230190313003020,10
230190225001031,5
230190225001032,5
230190225001033,5
230190225001034,5
230190225001038,5
230190225001039,5
230190225001040,5
230190225001041,5
230190225001042,5
230190225001043,5
230190225001044,5
230190225001045,5
230190225001046,5
230190225001047,5
230190225001048,5
230190225001049,5
230190225001050,5
230190225001051,5
230190225001052,5
230190225001053,5
230190225001054,5
230190225001055,5
230190225001056,5
230190225001057,5
230190225001058,5
230190225001059,5
230190225001060,5
230190225001061,5
230190225001062,5
230190225001063,5
230190225001064,5
230190225001065,5
230190225001066,5
230190225001067,5
230190225001068,5
230190225001069,5
230190225001070,5
230190225001071,5
230190225001072,5
230190225001073,5
230190225001074,5
230190225001075,5
230190225001076,5
230190020001000,10
230190020001001,10
230190020001002,10
230190020001003,10
230190020001004,10
230190020001005,10
230190020001006,10
230190020001007,10
230190020001008,10
230190020001009,10
230190020001010,10
230190020001011,10
230190020001012,10
230190020002000,10
230190020002001,10
230190020002002,10
230190020002003,10
230190020002004,10
230190020002005,10
230190020002006,10
230190020002007,10
230190020002008,10
230190020002009,10
230190020002010,10
230190020002011,10
230190020002012,10
230190020002013,10
230190020002014,10
230190020002015,10
230190020002016,10
230190020002017,10
230190020002018,10
230190020002019,10
230190020002020,10
230190020003000,10
230190020003001,10
230190020003002,10
230190020003003,10
230190020003004,10
230190020003005,10
230190020003006,10
230190020003007,10
230190020003008,10
230190020003009,10
230190020003010,10
230190020003011,10
230190020003012,10
230190020003013,10
230190020004000,10
230190020004001,10
230190020004002,10
230190020004003,10
230190020004004,10
230190020004005,10
230190020004006,10
230190020004007,10
230190020004008,10
230190020004009,10
230190020004010,10
230190020004011,10
230190020004012,10
230190020004013,10
230190020004014,10
230190020004015,10
230190020004016,10
230190020004017,10
230190020004018,10
230190020004019,10
230190020004020,10
230190020004021,10
230190020004022,10
230190020004023,10
230190020004024,10
230190020004025,10
230190020004026,10
230190020004027,10
230190020004028,10
230190020005000,10
230190020005001,10
230190020005002,10
230190020005003,10
230190020005004,10
230190020005005,10
230190020005006,10
230190020005007,10
230190020005008,10
230190020005009,10
230190020005010,10
230190020005011,10
230190020005012,10
230190020005013,10
230190020005014,10
230190020005015,10
230190020005016,10
230190020005017,10
230190020005018,10
230190020005019,10
230190020005020,10
230190020005021,10
230190020005022,10
230190100001000,9
230190100001001,9
230190100001002,9
230190100001003,9
230190100001004,9
230190100001005,9
230190100001006,9
230190100001007,9
230190100001008,9
230190100001009,9
230190100001010,9
230190100001011,9
230190100002000,9
230190100002001,9
230190100002002,9
230190100002003,9
230190100002004,9
230190100002005,9
230190100002006,9
230190100002007,9
230190100002008,9
230190100002009,9
230190100002010,9
230190100002011,9
230190100002012,9
230190100002013,9
230190100002014,9
230190100002015,9
230190100002016,9
230190100002017,9
230190100002018,9
230190100002019,9
230190100002020,9
230190100002021,9
230190100002022,9
230190100002023,9
230190100002024,9
230190100002025,9
230190100002026,9
230190100002027,9
230190100002028,9
230190100002029,9
230190100002030,9
230190100003000,9
230190100003001,9
230190100003002,9
230190100003003,9
230190100003004,9
230190100003005,9
230190100003006,9
230190100003007,9
230190100003008,9
230190100003009,9
230190100003010,9
230190100003011,9
230190100003012,9
230190100003013,9
230190100003014,9
230190100003015,9
230190100003016,9
230190100003017,9
230190100003018,9
230190100003019,9
230190100003020,9
230190100003021,9
230190090004000,8
230190090004001,8
230190090004002,8
230190090004003,8
230190090004004,8
230190090004005,8
230190090004006,8
230190090004007,8
230190090004008,8
230190090004009,8
230190090004010,8
230190090005000,8
230190090005001,8
230190090005002,8
230190090005003,8
230190090005004,8
230190090005005,8
230190090005006,8
230190090005007,8
230190090005008,8
230190090005009,8
230190090005010,8
230190090005011,8
230190090005012,8
230190090006000,8
230190090006001,8
230190090006002,8
230190090006003,8
230190090006004,8
230190090006005,8
230190090006006,8
230190090006007,8
230190090006008,8
230190090006009,8
230190090006010,8
230190090006011,8
230190090006012,8
230190090006013,8
230190090006014,8
230190285001026,5
230190285001027,5
230190285001028,5
230190285001029,5
230190285001030,5
230190285001031,5
230190285001032,5
230190285001033,5
230190285001034,5
230190285001035,5
230190285001036,5
230190285001037,5
230190285001038,5
230190285001039,5
230190285001040,5
230190285001041,5
230190285001042,5
230190285001043,5
230190285001044,5
230190285001045,5
230190285001046,5
230190285001047,5
230190285001048,5
230190285001053,5
230190285001056,5
230190285001057,5
230190285001058,5
230190285001059,5
230190285001060,5
230190285001061,5
230190285001062,5
230190285001063,5
230190285001064,5
230190285001068,5
230190285001069,5
230190285001070,5
230190285001071,5
230190285001072,5
230190285001073,5
230190285001074,5
230190285001075,5
230190285001076,5
230190285001077,5
230190285001078,5
230190285001079,5
230190285001080,5
230190285001081,5
230190285001082,5
230190285001083,5
230190285001084,5
230190285001085,5
230190285001086,5
230190285001087,5
230190285001088,5
230190285001089,5
230190285001090,5
230190205002000,10
230190205002001,10
230190205002002,10
230190205002003,10
230190205002004,10
230190205002005,10
230190205002006,10
230190205002007,10
230190205002008,10
230190205002009,10
230190205002010,10
230190205002011,10
230190205002012,10
230190205002013,10
230190205002014,10
230190205002015,10
230190205002016,10
230190205002017,10
230190205002018,10
230190205002019,10
230190205002020,10
230190205002021,10
230190205002022,10
230190205002023,10
230190205002024,10
230190205002025,10
230190205002026,10
230190205002027,10
230190205002028,10
230190205002029,10
230190205002030,10
230190205002031,10
230190205002032,10
230190313001000,10
230190313001001,10
230190313001002,10
230190313001003,10
230190313001004,10
230190313001005,10
230190313001006,10
230190313001007,10
230190313001008,10
230190313001009,10
230190313001010,10
230190313001011,10
230190313001012,10
230190313001013,10
230190313001014,10
230190313001015,10
230190313001016,10
230190313001017,10
230190313001018,10
230190313001019,10
230190313001020,10
230190313001021,10
230190313001022,10
230190313001023,10
230190313001024,10
230190313001025,10
230190313001026,10
230190313001027,10
230190313001028,10
230190313001029,10
230190313001030,10
230190313001031,10
230190313001032,10
230190255002006,2
230190255002007,2
230190255002008,2
230190255002009,2
230190255002010,2
230190255002011,2
230190255002012,2
230190255002013,2
230190255002014,2
230190255002015,2
230190255002016,2
230190255002017,2
230190255002043,2
230190255002048,2
230190255002049,2
230190255002237,2
230190215002016,4
230190215002017,4
230190215002018,4
230190215002019,4
230190215002020,4
230190215002021,4
230190215002022,4
230190215002023,4
230190215002024,4
230190215002025,4
230190215002026,4
230190215002027,4
230190215002028,4
230190215002030,4
230190215002031,4
230190215002032,4
230190215002033,4
230190215002034,4
230190215002035,4
230190215002036,4
230190215002037,4
230190215002038,4
230190215002039,4
230190215002040,4
230190215002042,4
230190215002043,4
230190215002044,4
230190215002045,4
230190215002046,4
230190215002047,4
230190215002048,4
230190215002049,4
230190215002050,4
230190255002097,2
230190255002100,2
230190255002101,2
230190255002102,2
230190255002103,2
230190255002120,2
230190255002121,2
230190255002122,2
230190255002123,2
230190255002124,2
230190255002125,2
230190255002126,2
230190255002127,2
230190255002128,2
230190255002129,2
230190255002130,2
230190255002131,2
230190255002132,2
230190255002133,2
230190255002134,2
230190255002135,2
230190255002136,2
230190255002137,2
230190255002138,2
230190255002139,2
230190255002140,2
230190255002152,2
230190255002153,2
230190255002154,2
230190255002155,2
230190255002156,2
230190255002157,2
230190255002158,2
230190255002159,2
230190255002160,2
230190255002161,2
230190255002162,2
230190255002163,2
230190255002165,2
230190255002166,2
230190255002167,2
230190255002168,2
230190255002171,2
230190255002185,2
230190255002186,2
230190255002187,2
230190255002188,2
230190255002189,2
230190255002190,2
230190255002191,2
230190255002192,2
230190255002193,2
230190255002194,2
230190255002195,2
230190255002196,2
230190255002197,2
230190255002198,2
230190255002203,2
230190255002204,2
230190255002208,2
230190255002214,2
230190255002215,2
230190255002216,2
230190255002217,2
230190255002218,2
230190255002219,2
230190255002220,2
230190255002221,2
230190255002222,2
230190255002223,2
230190255002224,2
230190255002225,2
230190245002031,2
230190245002032,2
230190245002033,2
230190245002034,2
230190245002035,2
230190245002036,2
230190245002041,2
230190245002042,2
230190245002043,2
230190245002044,2
230190245002045,2
230190245002046,2
230190245002047,2
230190245002048,2
230190245002049,2
230190245002050,2
230190245002051,2
230190245002052,2
230190245002053,2
230190245002054,2
230190245002055,2
230190245002056,2
230190245002057,2
230190245002058,2
230190245002059,2
230190245002060,2
230190245002061,2
230190245002062,2
230190245002065,2
230190245002066,2
230190245002067,2
230190245002068,2
230190245002079,2
230190245002080,2
230190245002081,2
230190245002082,2
230190245002083,2
230190245002091,2
230190245002094,2
230190180001000,10
230190180001001,10
230190180001002,10
230190180001003,10
230190180001004,10
230190180001005,10
230190180001006,10
230190180001007,10
230190180001008,10
230190180001009,10
230190180001010,10
230190180001011,10
230190180001012,10
230190180001013,10
230190180001014,10
230190180001015,10
230190180001016,10
230190180001017,10
230190180001018,10
230190180001019,10
230190180001020,10
230190180001021,10
230190180001022,10
230190180001023,10
230190180001024,10
230190180001025,10
230190180001026,10
230190180001027,10
230190180001028,10
230190180001029,10
230190180001030,10
230190180001031,10
230190180001032,10
230190180001033,10
230190180001034,10
230190180001035,10
230190180001036,10
230190180001037,10
230190180001038,10
230190180001039,10
230190180001040,10
230190180001041,10
230190270001000,8
230190270001001,8
230190270001002,8
230190270001003,8
230190270001004,8
230190270001005,8
230190270001006,8
230190270001007,8
230190270001008,8
230190270001009,8
230190270001010,8
230190270001011,8
230190270001012,8
230190270001013,8
230190270001014,8
230190270001015,8
230190270001016,8
230190270001017,8
230190270001018,8
230190270001019,8
230190270001020,8
230190270001021,8
230190270001022,8
230190270001023,8
230190270001024,8
230190270001025,8
230190270001026,8
230190270001027,8
230190270001028,8
230190270001029,8
230190270001030,8
230190270001031,8
230190270001032,8
230190270001033,8
230190270001034,8
230190270001035,8
230190270001036,8
230190270001037,8
230190270001038,8
230190270001039,8
230190270001040,8
230190270001041,8
230190270001042,8
230190270001043,8
230190270001044,8
230190270002000,8
230190270002001,8
230190270002002,8
230190270002003,8
230190270002004,8
230190270002005,8
230190270002006,8
230190270002007,8
230190270002008,8
230190270002009,8
230190270002010,8
230190270002011,8
230190270002012,8
230190270002013,8
230190270002014,8
230190270002015,8
230190270003000,8
230190270003001,8
230190270003002,8
230190270003003,8
230190270003004,8
230190270003005,8
230190270003006,8
230190270003007,8
230190270003008,8
230190270003009,8
230190270003010,8
230190270003011,8
230190270003012,8
230190270003013,8
230190270003014,8
230190270003015,8
230190270003016,8
230190270003017,8
230190270003018,8
230190270003019,8
230190270003020,8
230190270003021,8
230190270003022,8
230190270003023,8
230190270003024,8
230190270003025,8
230190270003026,8
230190270003027,8
230190270003028,8
230190270003029,8
230190270003030,8
230190270003031,8
230190270003032,8
230190270003033,8
230190270003034,8
230190270003035,8
230190270003036,8
230190270003037,8
230190270003038,8
230190270003039,8
230190270003040,8
230190270003041,8
230190270003042,8
230190270003043,8
230190270003044,8
230190270003045,8
230190270003046,8
230190270003047,8
230190270003048,8
230190270003049,8
230190245001010,8
230190245001011,8
230190245001012,8
230190245001013,8
230190245001014,8
230190245001020,8
230190245001021,8
230190245001022,8
230190245001039,8
230190245001040,8
230190245001041,8
230190245001042,8
230190245001043,8
230190245001044,8
230190245001045,8
230190245001046,8
230190245001047,8
230190245001048,8
230190245001049,8
230190245001050,8
230190245001051,8
230190245001052,8
230190245001053,8
230190245001054,8
230190245001055,8
230190245001056,8
230190245001057,8
230190245001058,8
230190245001067,8
230190245001068,8
230190245001100,8
230190245001101,8
230190245001102,8
230190245001107,8
230190245001108,8
230190245001109,8
230190255001000,5
230190255001001,5
230190255001002,5
230190255001003,5
230190255001004,5
230190255001005,5
230190255001006,5
230190255001007,5
230190255001008,5
230190255001009,5
230190255001010,5
230190255001011,5
230190255001012,5
230190255001013,5
230190255001014,5
230190255001015,5
230190255001016,5
230190255001017,5
230190255001018,5
230190255001019,5
230190255001020,5
230190255001021,5
230190255001022,5
230190255001023,5
230190255001024,5
230190255001025,5
230190255001026,5
230190255001027,5
230190255001028,5
230190255001029,5
230190255001030,5
230190255001031,5
230190255001032,5
230190255001033,5
230190255001034,5
230190255001035,5
230190255001036,5
230190255001037,5
230190255001038,5
230190255001039,5
230190255001040,5
230190255001041,5
230190255001042,5
230190255001043,5
230190255001044,5
230190255001045,5
230190255001046,5
230190255001047,5
230190255001048,5
230190255001049,5
230190255001050,5
230190255001051,5
230190255001052,5
230190255001053,5
230190255001054,5
230190255001055,5
230190255001056,5
230190255001057,5
230190255001058,5
230190255001059,5
230190285001021,5
230190285001022,5
230190285001023,5
230190285001024,5
230190285001025,5
230190285001049,5
230190285001050,5
230190285001051,5
230190285001052,5
230190285001054,5
230190285001055,5
230190285001065,5
230190285001066,5
230190285001067,5
230190265001000,5
230190265001001,5
230190265001002,5
230190265001003,5
230190265001004,5
230190265001005,5
230190265001006,5
230190265001007,5
230190265001008,5
230190265001009,5
230190265001010,5
230190265001011,5
230190265001012,5
230190265001014,5
230190265001015,5
230190265001016,5
230190265001017,5
230190265001018,5
230190265001019,5
230190265001021,5
230190265001022,5
230190265001023,5
230190265001024,5
230190265001025,5
230190265001026,5
230190265001027,5
230190265001029,5
230190265001030,5
230190265001031,5
230190265001032,5
230190265001033,5
230190265001034,5
230190265001035,5
230190265001036,5
230190265001039,5
230190265001040,5
230190265001041,5
230190265001042,5
230190265001043,5
230190265001044,5
230190265001045,5
230190265001046,5
230190265001047,5
230190265001048,5
230190265001049,5
230190265001050,5
230190265001051,5
230190265001053,5
230190265001055,5
230190265001056,5
230190265001057,5
230190265001058,5
230190265001059,5
230190265001060,5
230190265001061,5
230190265001062,5
230190265001063,5
230190265001064,5
230190265001065,5
230190265001066,5
230190265001067,5
230190265001068,5
230190265001069,5
230190265001070,5
230190265001071,5
230190265001072,5
230190265001073,5
230190265001074,5
230190265001075,5
230190265001076,5
230190265001077,5
230190265001078,5
230190080012000,5
230190080012001,5
230190080012002,5
230190080012003,5
230190080012004,5
230190080012005,5
230190080012006,5
230190080012007,5
230190080012008,5
230190080012009,5
230190080012010,5
230190080012011,5
230190080012012,5
230190080012013,5
230190080012014,5
230190080012015,5
230190080012016,5
230190080012017,5
230190080012018,5
230190080012019,5
230190080012020,5
230190080012021,5
230190080012022,5
230190080012023,5
230190080012024,5
230190080012025,5
230190080012026,5
230190080012027,5
230190080013000,5
230190080013001,5
230190080013002,5
230190080013003,5
230190080013004,5
230190080013005,5
230190080013006,5
230190080013007,5
230190080013008,5
230190080013009,5
230190080013010,5
230190080013011,5
230190080013012,5
230190080013013,5
230190080013014,5
230190080013015,5
230190080013016,5
230190080013017,5
230190080013018,5
230190080013019,5
230190080013020,5
230190080013021,5
230190080013022,5
230190080013023,5
230190080013024,5
230190080013025,5
230190080013026,5
230190080013027,5
230190080013028,5
230190080013029,5
230190080013030,5
230190080013031,5
230190080013032,5
230190080013033,5
230190080013034,5
230190080013035,5
230190080013036,5
230190080013037,5
230190080013038,5
230190080013039,5
230190080013040,5
230190080013041,5
230190080013042,5
230190080013043,5
230190080013044,5
230190080013045,5
230190080013046,5
230190080013047,5
230190080013048,5
230190080013049,5
230190290001454,5
230190290001455,5
230190290001628,5
230190290001629,5
230190290001630,5
230190290001631,5
230190290001632,5
230190290001633,5
230190290001634,5
230190290001635,5
230190290001636,5
230190290001637,5
230190290001638,5
230190300001000,5
230190300001001,5
230190300001002,5
230190300001003,5
230190300001004,5
230190300001005,5
230190300001006,5
230190300001007,5
230190300001008,5
230190300001009,5
230190300001010,5
230190300001011,5
230190300001012,5
230190300001013,5
230190300001014,5
230190300001015,5
230190300001016,5
230190300001017,5
230190300001018,5
230190300001019,5
230190300001020,5
230190300001021,5
230190300001022,5
230190300001023,5
230190300001024,5
230190300001025,5
230190300001026,5
230190300001027,5
230190300001028,5
230190300001029,5
230190300001030,5
230190300001031,5
230190300001032,5
230190300001033,5
230190300001034,5
230190300001035,5
230190300001036,5
230190300001037,5
230190300001038,5
230190300002000,5
230190300002001,5
230190300002002,5
230190300002003,5
230190300002004,5
230190300002005,5
230190300002006,5
230190300002007,5
230190300002008,5
230190300002009,5
230190300002010,5
230190300002011,5
230190300002012,5
230190300002013,5
230190300002014,5
230190300002015,5
230190300002016,5
230190300002017,5
230190300002018,5
230190300002019,5
230190300002020,5
230190300002021,5
230190300002022,5
230190300002023,5
230190300002024,5
230190300002025,5
230190300002026,5
230190300003000,5
230190300003001,5
230190300003002,5
230190300003003,5
230190300003004,5
230190300003005,5
230190300003006,5
230190300003007,5
230190300003008,5
230190300003009,5
230190300003010,5
230190300003011,5
230190300003012,5
230190300003013,5
230190300003014,5
230190300003015,5
230190300003016,5
230190300003017,5
230190300003018,5
230190300003019,5
230190300003020,5
230190300003021,5
230190300003022,5
230190300003023,5
230190300003024,5
230190300003025,5
230190300003026,5
230190300003027,5
230190300003028,5
230190300003029,5
230190300003030,5
230190300003031,5
230190300003032,5
230190300003033,5
230190300003034,5
230190300003035,5
230190300003036,5
230190300003037,5
230190300003038,5
230190300003039,5
230190300003040,5
230190300003041,5
230190300003042,5
230190300003043,5
230190300003044,5
230190300003045,5
230190300003046,5
230190300003047,5
230190300004000,5
230190300004001,5
230190300004002,5
230190300004003,5
230190300004004,5
230190300004005,5
230190300004006,5
230190300004007,5
230190300004008,5
230190300004009,5
230190300004010,5
230190300004011,5
230190300004012,5
230190300004013,5
230190300004014,5
230190300004015,5
230190300004016,5
230190300004017,5
230190300004018,5
230190300004019,5
230190300004020,5
230190300004021,5
230190300004022,5
230190300004023,5
230190300004024,5
230190300004025,5
230190300004026,5
230190300004027,5
230190300004028,5
230190300004029,5
230190300004030,5
230190300004031,5
230190300004032,5
230190300004033,5
230190300004034,5
230190300004035,5
230190300004036,5
230190300004037,5
230190300004038,5
230190300004039,5
230190300004040,5
230190300004041,5
230190300004042,5
230190300004043,5
230190300004044,5
230190300004045,5
230190300004046,5
230190300004047,5
230190290002000,2
230190290002001,2
230190290002002,2
230190290002003,2
230190290002004,2
230190290002005,2
230190290002006,2
230190290002007,2
230190290002008,2
230190290002009,2
230190290002010,2
230190290002011,2
230190290002012,2
230190290002013,2
230190290002014,2
230190290002015,2
230190290002016,2
230190290002017,2
230190290002018,2
230190290002019,2
230190290002020,2
230190290002021,2
230190290002022,2
230190290002023,2
230190290002024,2
230190290002025,2
230190290002026,2
230190290002027,2
230190290002028,2
230190120001000,10
230190120001001,10
230190120001002,10
230190120001003,10
230190120001004,10
230190120001005,10
230190120001006,10
230190120001007,10
230190120001008,10
230190120001009,10
230190120001010,10
230190120001011,10
230190120001012,10
230190120001013,10
230190120001014,10
230190120001015,10
230190120001016,10
230190120001017,10
230190120001018,10
230190120001019,10
230190120001020,10
230190120001021,10
230190120001022,10
230190120001023,10
230190120001024,10
230190120001025,10
230190120001026,10
230190120001027,10
230190120001028,10
230190120001029,10
230190120001030,10
230190120001031,10
230190120001032,10
230190120001033,10
230190120001034,10
230190120001035,10
230190120001036,10
230190120001037,10
230190120001038,10
230190130001000,10
230190130001001,10
230190130001002,10
230190130001003,10
230190130001004,10
230190130001005,10
230190130001006,10
230190130001007,10
230190130001008,10
230190130001009,10
230190130001010,10
230190130001011,10
230190130001012,10
230190130001013,10
230190130001014,10
230190130001015,10
230190130001016,10
230190130001017,10
230190130001018,10
230190130001019,10
230190130001020,10
230190130001021,10
230190130001022,10
230190130001023,10
230190130001024,10
230190130001025,10
230190130001026,10
230190130001027,10
230190130001028,10
230190130001029,10
230190130001030,10
230190130001031,10
230190130001032,10
230190130001033,10
230190130001034,10
230190130001035,10
230190130001036,10
230190130001037,10
230190130001038,10
230190130002000,10
230190130002001,10
230190130002002,10
230190130002003,10
230190130002004,10
230190130002005,10
230190130002006,10
230190130002007,10
230190130002008,10
230190130002009,10
230190130002010,10
230190130002011,10
230190130002012,10
230190130002013,10
230190130002014,10
230190130002015,10
230190130002016,10
230190130002017,10
230190130002018,10
230190130002019,10
230190130002020,10
230190130002021,10
230190130002022,10
230190130002023,10
230190130002024,10
230190130002025,10
230190130002026,10
230190130002027,10
230190130002028,10
230190130002029,10
230190130002030,10
230190130002031,10
230190130002032,10
230190130002033,10
230190130002034,10
230190130002035,10
230190130002036,10
230190130002037,10
230190130002038,10
230190130002039,10
230190130002040,10
230190130002041,10
230190130002042,10
230190130002043,10
230190130002044,10
230190130003000,10
230190130003001,10
230190130003002,10
230190130003003,10
230190130003004,10
230190130003005,10
230190130003006,10
230190130003007,10
230190130003008,10
230190130003009,10
230190130003010,10
230190130003011,10
230190130003012,10
230190130003013,10
230190130003014,10
230190130003015,10
230190130003016,10
230190130003017,10
230190130003018,10
230190130003019,10
230190130003020,10
230190130003021,10
230190130003022,10
230190130003023,10
230190130003024,10
230190130003025,10
230190130003026,10
230190130003027,10
230190130003028,10
230190130003029,10
230190130003030,10
230190130003031,10
230190130003032,10
230190130003033,10
230190130003034,10
230190130003035,10
230190130003036,10
230190071001000,5
230190071001001,5
230190071001002,5
230190071001003,5
230190071001004,5
230190071001005,5
230190071001006,5
230190071001007,5
230190071001008,5
230190071001009,5
230190071001010,5
230190071001011,5
230190071001012,5
230190071001013,5
230190071001014,5
230190071001015,5
230190071001016,5
230190071001017,5
230190071001018,5
230190071001019,5
230190071001020,5
230190071001021,5
230190071002000,5
230190071002001,5
230190071002002,5
230190071002003,5
230190071002004,5
230190071002005,5
230190071002006,5
230190071002007,5
230190071002008,5
230190071002009,5
230190071002010,5
230190071002011,5
230190071002012,5
230190071002013,5
230190071002014,5
230190071002015,5
230190071002016,5
230190071002017,5
230190071002018,5
230190071002019,5
230190071002020,5
230190071002021,5
230190071002022,5
230190071002023,5
230190071002024,5
230190071002025,5
230190071002026,5
230190071002027,5
230190071002028,5
230190071002029,5
230190071002030,5
230190071003000,5
230190071003001,5
230190071003002,5
230190071003003,5
230190071003004,5
230190071003005,5
230190071003006,5
230190071003007,5
230190071003008,5
230190071003009,5
230190071003010,5
230190071003011,5
230190071003012,5
230190071003013,5
230190071003014,5
230190071003015,5
230190071003016,5
230190071003017,5
230190071003018,5
230190071004000,5
230190071004001,5
230190071004002,5
230190071004003,5
230190071004004,5
230190071004005,5
230190071004006,5
230190071004007,5
230190071004008,5
230190071004009,5
230190071004010,5
230190071004011,5
230190071005000,5
230190071005001,5
230190071005002,5
230190071005003,5
230190071005004,5
230190071005005,5
230190071005006,5
230190071005007,5
230190071005008,5
230190071005009,5
230190071005010,5
230190071005011,5
230190071005012,5
230190071005013,5
230190071005014,5
230190071005015,5
230190071005016,5
230190071005017,5
230190071005018,5
230190072001000,5
230190072001001,5
230190072001002,5
230190072001003,5
230190072001004,5
230190072001005,5
230190072001006,5
230190072001007,5
230190072001008,5
230190072001009,5
230190072001010,5
230190072001011,5
230190072001012,5
230190072001013,5
230190072001014,5
230190072001015,5
230190072001016,5
230190072001017,5
230190072001018,5
230190072001019,5
230190072001020,5
230190072001021,5
230190072001022,5
230190072001023,5
230190072001024,5
230190072001025,5
230190072001026,5
230190072001027,5
230190072001028,5
230190072001029,5
230190072001030,5
230190072001031,5
230190072002000,5
230190072002001,5
230190072002002,5
230190072002003,5
230190072002004,5
230190072002005,5
230190072002006,5
230190072002007,5
230190072002008,5
230190072002009,5
230190072002010,5
230190072002011,5
230190072002012,5
230190072002013,5
230190072002014,5
230190072002015,5
230190072002016,5
230190072002017,5
230190072002018,5
230190072002019,5
230190072002020,5
230190072002021,5
230190072002022,5
230190072002023,5
230190072002024,5
230190072002025,5
230190072002026,5
230190072002027,5
230190072002028,5
230190072002029,5
230190072002030,5
230190072002031,5
230190061001000,5
230190061001001,5
230190061001002,5
230190061001003,5
230190061001004,5
230190061001005,5
230190061001006,5
230190061001007,5
230190061001008,5
230190061001009,5
230190061001010,5
230190061001011,5
230190061001012,5
230190061001013,5
230190061001014,5
230190061001015,5
230190061001016,5
230190061001017,5
230190061001018,5
230190061001019,5
230190061001020,5
230190061001021,5
230190061001022,5
230190061002000,5
230190061002001,5
230190061002002,5
230190061002003,5
230190061002004,5
230190061002005,5
230190061002006,5
230190061002007,5
230190061002008,5
230190061002009,5
230190061002010,5
230190061002011,5
230190061002012,5
230190061002013,5
230190061002014,5
230190061002015,5
230190062001000,5
230190062001001,5
230190062001002,5
230190062001003,5
230190062001004,5
230190062001005,5
230190062001006,5
230190062001007,5
230190062001008,5
230190062001009,5
230190062001010,5
230190062002000,5
230190062002001,5
230190062002002,5
230190062002003,5
230190062002004,5
230190062002005,5
230190062002006,5
230190062002007,5
230190062002008,5
230190062002009,5
230190062002010,5
230190062002011,5
230190062002012,5
230190062002013,5
230190062002014,5
230190062002015,5
230190062003000,5
230190062003001,5
230190062003002,5
230190062003003,5
230190062003004,5
230190062003005,5
230190062003006,5
230190062003007,5
230190062003008,5
230190062003009,5
230190062003010,5
230190063001000,5
230190063001001,5
230190063001002,5
230190063001003,5
230190063001004,5
230190063001005,5
230190063001006,5
230190063001007,5
230190063001008,5
230190063001009,5
230190063001010,5
230190063001011,5
230190063001012,5
230190063001013,5
230190063002000,5
230190063002001,5
230190063002002,5
230190063002003,5
230190063002004,5
230190063002005,5
230190063002006,5
230190063002007,5
230190063002008,5
230190063002009,5
230190063002010,5
230190063002011,5
230190063002012,5
230190063002013,5
230190063002014,5
230190063002015,5
230190063002016,5
230190063002017,5
230190063002018,5
230190063002019,5
230190030001000,8
230190030001001,8
230190030001002,8
230190030001003,8
230190030001004,8
230190030001005,8
230190030001006,8
230190030001007,8
230190030001008,8
230190030001009,8
230190030001010,8
230190030001011,8
230190030001012,8
230190030001013,8
230190030001014,8
230190030001015,8
230190030001016,8
230190030002000,8
230190030002001,8
230190030002002,8
230190030002003,8
230190030002004,8
230190030002005,8
230190030002006,8
230190030002007,8
230190030002008,8
230190030002009,8
230190030002010,8
230190030002011,8
230190030002012,8
230190030002013,8
230190030002014,8
230190030002015,8
230190030002016,8
230190030003000,8
230190030003001,8
230190030003002,8
230190030003003,8
230190030003004,8
230190030003005,8
230190030003006,8
230190030003007,8
230190030003008,8
230190030003009,8
230190225001000,5
230190225001001,5
230190225001002,5
230190225001003,5
230190225001004,5
230190225001005,5
230190225001006,5
230190225001007,5
230190225001008,5
230190225001009,5
230190225001010,5
230190225001011,5
230190225001012,5
230190225001013,5
230190225001014,5
230190225001015,5
230190225001016,5
230190225001017,5
230190225001018,5
230190225001019,5
230190225001020,5
230190225001021,5
230190225001022,5
230190225001023,5
230190225001024,5
230190225001025,5
230190225001026,5
230190225001027,5
230190225001028,5
230190225001029,5
230190225001030,5
230190225001035,5
230190225001036,5
230190225001037,5
230190290002029,2
230190290002030,2
230190290002031,2
230190290002032,2
230190290002033,2
230190290002034,2
230190290002035,2
230190290002036,2
230190290002037,2
230190290002038,2
230190290002039,2
230190290002040,2
230190290002041,2
230190290002042,2
230190290002043,2
230190290002044,2
230190290002045,2
230190290002046,2
230190290002047,2
230190290002048,2
230190290002049,2
230190290002050,2
230190290002051,2
230190290002052,2
230190290002053,2
230190290002054,2
230190290002055,2
230190290002056,2
230190290002057,2
230190290002058,2
230190290002059,2
230190290002060,2
230190290002061,2
230190290002062,2
230190290002063,2
230190290002064,2
230190290002065,2
230190290002066,2
230190290002067,2
230190290002068,2
230190290002069,2
230190290002070,2
230190290002071,2
230190290002072,2
230190290002073,2
230190290002074,2
230190290002075,2
230190290002076,2
230190290002077,2
230190290002078,2
230190290002079,2
230190290002080,2
230190290002081,2
230190290002082,2
230190290002124,2
230190290002128,2
230190265001013,5
230190265001020,5
230190265001028,5
230190265001037,5
230190265001038,5
230190265001052,5
230190265001054,5
230190310001010,5
230190310001014,5
230190310001016,5
230199400001000,5
230199400001001,5
230199400001002,5
230199400001003,5
230199400001004,5
230199400001005,5
230199400001006,5
230199400001007,5
230199400001008,5
230199400001009,5
230199400001010,5
230199400001011,5
230199400001012,5
230199400001013,5
230199400001014,5
230199400001015,5
230199400001016,5
230199400001017,5
230199400001018,5
230199400001019,5
230199400001020,5
230199400001021,5
230199400001022,5
230199400001023,5
230199400001024,5
230199400001025,5
230199400001026,5
230199400001027,5
230199400001028,5
230199400001029,5
230199400001030,5
230199400001031,5
230199400001032,5
230199400001033,5
230199400001034,5
230199400001035,5
230199400001036,5
230199400001037,5
230199400001038,5
230199400001039,5
230199400001040,5
230199400001041,5
230199400001042,5
230199400001043,5
230190125001000,10
230190125001001,10
230190125001002,10
230190125001003,10
230190125001004,10
230190125001005,10
230190125001006,10
230190125001007,10
230190125001008,10
230190125001009,10
230190125001010,10
230190125001011,10
230190125001012,10
230190125001013,10
230190125001014,10
230190125001015,10
230190125001016,10
230190125001017,10
230190125001018,10
230190125001019,10
230190125001020,10
230190125001021,10
230190125001022,10
230190125001023,10
230190125001024,10
230190125001025,10
230190125001026,10
230190125001027,10
230190125001028,10
230190125001029,10
230190125001030,10
230190125001031,10
230190125001032,10
230190125001033,10
230190125001034,10
230190125001035,10
230190125001036,10
230190125001037,10
230190125001038,10
230190125001039,10
230190125001040,10
230190125001041,10
230190125001042,10
230190125001043,10
230190125001044,10
230190125001045,10
230190255002029,2
230190255002030,2
230190255002031,2
230190255002032,2
230190255002037,2
230190255002038,2
230190255002039,2
230190255002040,2
230190255002041,2
230190255002044,2
230190255002051,2
230190255002052,2
230190255002053,2
230190255002054,2
230190255002055,2
230190255002056,2
230190255002057,2
230190255002058,2
230190255002059,2
230190255002060,2
230190255002061,2
230190255002062,2
230190255002063,2
230190255002066,2
230190255002067,2
230190255002078,2
230190285001000,5
230190285001001,5
230190285001002,5
230190285001003,5
230190285001004,5
230190285001005,5
230190285001006,5
230190285001007,5
230190285001008,5
230190285001009,5
230190285001010,5
230190285001011,5
230190285001012,5
230190285001013,5
230190285001014,5
230190285001015,5
230190285001016,5
230190285001017,5
230190285001018,5
230190285001019,5
230190285001020,5
230190285001091,5
230190285001092,5
230190255002069,2
230190255002072,2
230190255002073,2
230190255002074,2
230190255002075,2
230190255002079,2
230190255002080,2
230190255002085,2
230190255002086,2
230190255002087,2
230190255002088,2
230190255002106,2
230190255002107,2
230190255002108,2
230190255002109,2
230190255002110,2
230190255002111,2
230190255002112,2
230190255002113,2
230190255002114,2
230190255002115,2
230190255002116,2
230190255002117,2
230190255002118,2
230190255002119,2
230190255002205,2
230190255002209,2
230190255002210,2
230190255002211,2
230190255002212,2
230190255002213,2
230190255002226,2
230190255002230,2
230190255002231,2
230190290002083,2
230190290002084,2
230190290002085,2
230190290002086,2
230190290002087,2
230190290002088,2
230190290002089,2
230190290002090,2
230190290002091,2
230190290002092,2
230190290002093,2
230190290002094,2
230190290002095,2
230190290002096,2
230190290002097,2
230190290002098,2
230190290002099,2
230190290002100,2
230190290002101,2
230190290002102,2
230190290002103,2
230190290002104,2
230190290002105,2
230190290002106,2
230190290002107,2
230190290002108,2
230190290002109,2
230190290002110,2
230190290002111,2
230190290002112,2
230190290002113,2
230190290002114,2
230190290002115,2
230190290002116,2
230190290002117,2
230190290002118,2
230190290002119,2
230190290002120,2
230190290002121,2
230190290002122,2
230190290002123,2
230190290002125,2
230190290002126,2
230190290002127,2
230190135001000,10
230190135001001,10
230190135001002,10
230190135001003,10
230190135001004,10
230190135001005,10
230190135001006,10
230190135001007,10
230190135001008,10
230190135001009,10
230190135001010,10
230190135001011,10
230190135001012,10
230190135001013,10
230190135001014,10
230190135001015,10
230190135001016,10
230190135001017,10
230190135001018,10
230190135001019,10
230190135001020,10
230190135001021,10
230190135001022,10
230190135001023,10
230190135001024,10
230190135001025,10
230190135001026,10
230190135001027,10
230190135001028,10
230190135001029,10
230190135001030,10
230190135001031,10
230190135001032,10
230190245002063,2
230190245002064,2
230190245002069,2
230190245002070,2
230190245002071,2
230190245002072,2
230190245002073,2
230190245002074,2
230190245002075,2
230190245002076,2
230190245002077,2
230190245002078,2
230190245002084,2
230190245002085,2
230190245002086,2
230190245002087,2
230190245002088,2
230190245002089,2
230190245002090,2
230190245002093,2
230190245002095,2
230190245002097,2
230190245002098,2
230190050001000,5
230190050001001,5
230190050001002,5
230190050001003,5
230190050001004,5
230190050001005,5
230190050001006,5
230190050001007,5
230190050001008,5
230190050001009,5
230190050001010,5
230190050001011,5
230190050001012,5
230190050001013,5
230190050001014,5
230190050001015,5
230190050002000,5
230190050002001,5
230190050002002,5
230190050002003,5
230190050002004,5
230190050002005,5
230190050002006,5
230190050002007,5
230190050002008,5
230190050002009,5
230190050002010,5
230190050002011,5
230190050002012,5
230190255002042,2
230190255002045,2
230190255002046,2
230190255002047,2
230190255002050,2
230190255002068,2
230190255002081,2
230190255002082,2
230190255002083,2
230190255002084,2
230190255002227,2
230190255002228,2
230190255002229,2
230190255002232,2
230190255002233,2
230190255002141,2
230190255002142,2
230190255002143,2
230190255002144,2
230190255002146,2
230190255002147,2
230190255002148,2
230190255002149,2
230190255002150,2
230190255002151,2
230190255002164,2
230190255002169,2
230190255002170,2
230190255002172,2
230190255002173,2
230190255002174,2
230190255002175,2
230190255002176,2
230190255002177,2
230190255002178,2
230190255002179,2
230190255002180,2
230190255002181,2
230190255002182,2
230190255002183,2
230190255002184,2
230190255002199,2
230190255002200,2
230190255002201,2
230190255002202,2
230190255002206,2
230190255002207,2
230190255002236,2
230190255002238,2
230190245002000,2
230190245002001,2
230190245002002,2
230190245002003,2
230190245002004,2
230190245002005,2
230190245002006,2
230190245002007,2
230190245002008,2
230190245002009,2
230190245002010,2
230190245002011,2
230190245002012,2
230190245002013,2
230190245002014,2
230190245002015,2
230190245002016,2
230190245002017,2
230190245002018,2
230190245002019,2
230190245002020,2
230190245002021,2
230190245002022,2
230190245002023,2
230190245002024,2
230190245002025,2
230190245002026,2
230190245002027,2
230190245002028,2
230190245002029,2
230190245002030,2
230190245002037,2
230190245002038,2
230190245002039,2
230190245002040,2
230190245002092,2
230190245002096,2
230190245002099,2
230190245002100,2
230190265002000,5
230190265002001,5
230190265002002,5
230190265002003,5
230190265002004,5
230190265002008,5
230190265002009,5
230190265002010,5
230190265002011,5
230190265002012,5
230190265002013,5
230190265002017,5
230190265002045,5
230190265002046,5
230190265002047,5
230190265002048,5
230219605001000,4
230219605001001,4
230219605001002,4
230219605001003,4
230219605001004,4
230219605001005,4
230219605001006,4
230219605001007,4
230219605001008,4
230219605001009,4
230219605001010,4
230219605001011,4
230219605001012,4
230219605001013,4
230219605001014,4
230219605001015,4
230219605001016,4
230219605001017,4
230219605001018,4
230219605001019,4
230219605001020,4
230219605001021,4
230219605001022,4
230219605001023,4
230219605001024,4
230219605001025,4
230219605001026,4
230219605001027,4
230219605001028,4
230219605001029,4
230219605001030,4
230219605001031,4
230219605001032,4
230219605001033,4
230219605001034,4
230219605001035,4
230219605001036,4
230219605001037,4
230219605001038,4
230219605001039,4
230219605001040,4
230219605001041,4
230219605001042,4
230219605001043,4
230219605001044,4
230219605001045,4
230219605001046,4
230219605001047,4
230219605001048,4
230219605001049,4
230219605001050,4
230219605001051,4
230219605001052,4
230219605001053,4
230219605001054,4
230219605001055,4
230219605001056,4
230219605001057,4
230219605001058,4
230219605001059,4
230219605001060,4
230219605001061,4
230219605001062,4
230219605001063,4
230219605001064,4
230219605001065,4
230219605001066,4
230219605001067,4
230219605001068,4
230219605001069,4
230219605001070,4
230219605001071,4
230219605001072,4
230219605001073,4
230219605001074,4
230219605001075,4
230219605001076,4
230219605001077,4
230219605001078,4
230219605001079,4
230219605001080,4
230219603021640,4
230219603021740,4
230219603021764,4
230219603021767,4
230219603021771,4
230219603021772,4
230219603021773,4
230219603021774,4
230219603021776,4
230219603021778,4
230219603021779,4
230219603021780,4
230219603021781,4
230219603021782,4
230219603021783,4
230219603021785,4
230219603021786,4
230219603021787,4
230219603021788,4
230219603021789,4
230219603021790,4
230219603021791,4
230219603021792,4
230219603021997,4
230219604001177,4
230219604001178,4
230219604001179,4
230219604001180,4
230219604001181,4
230219604001195,4
230219604001196,4
230219604001197,4
230219604001198,4
230219604001199,4
230219604001200,4
230219604001201,4
230219604001202,4
230219604001203,4
230219604001204,4
230219604001205,4
230219604001206,4
230219604001207,4
230219604001208,4
230219604001209,4
230219604001210,4
230219604001211,4
230219604001212,4
230219604001213,4
230219604001214,4
230219604001215,4
230219604001216,4
230219604001217,4
230219604001218,4
230219604001219,4
230219604001220,4
230219604001221,4
230219604001222,4
230219604001223,4
230219604001224,4
230219604001225,4
230219604001226,4
230219604001227,4
230219604001231,4
230219604001232,4
230219604001233,4
230219604001235,4
230219604001236,4
230219604001237,4
230219604001238,4
230219604001239,4
230219604001240,4
230219604001241,4
230219604001000,4
230219604001001,4
230219604001002,4
230219604001003,4
230219604001004,4
230219604001005,4
230219604001006,4
230219604001072,4
230219604001073,4
230219604001074,4
230219604001075,4
230219604001076,4
230219604001077,4
230219604001078,4
230219604001079,4
230219604001080,4
230219604001081,4
230219604001082,4
230219604001083,4
230219604001084,4
230219604001085,4
230219604001086,4
230219604001087,4
230219604001088,4
230219604001089,4
230219604001090,4
230219604001091,4
230219604001092,4
230219604001093,4
230219604001094,4
230219604001095,4
230219604001122,4
230219604001123,4
230219604001124,4
230219604001125,4
230219604001126,4
230219604001127,4
230219604001128,4
230219604001129,4
230219604001130,4
230219604001140,4
230219609001021,4
230219609001022,4
230219609001023,4
230219609001024,4
230219609001025,4
230219609001026,4
230219609001027,4
230219609001028,4
230219609001029,4
230219609001030,4
230219609001031,4
230219609001032,4
230219609001033,4
230219609001034,4
230219609001035,4
230219609001036,4
230219609001037,4
230219609001038,4
230219609001039,4
230219609001040,4
230219609001041,4
230219609001042,4
230219609001043,4
230219609001044,4
230219609001045,4
230219609001046,4
230219609001047,4
230219609001048,4
230219609001049,4
230219609001050,4
230219609001051,4
230219609001052,4
230219609001053,4
230219609001054,4
230219609001055,4
230219609001056,4
230219609001057,4
230219609001058,4
230219609001059,4
230219609001060,4
230219609001061,4
230219609001062,4
230219609001063,4
230219609001064,4
230219609001065,4
230219609001066,4
230219609001067,4
230219609001068,4
230219609001069,4
230219609001070,4
230219609001071,4
230219609001072,4
230219609001073,4
230219609001074,4
230219609001075,4
230219609001076,4
230219609001077,4
230219609001078,4
230219609001079,4
230219609001080,4
230219609001081,4
230219609001082,4
230219609001083,4
230219609001085,4
230219609001086,4
230219609001087,4
230219609001088,4
230219609001089,4
230219609001090,4
230219609001091,4
230219609001092,4
230219609001093,4
230219609001094,4
230219609001095,4
230219609001096,4
230219609001097,4
230219609001098,4
230219609001099,4
230219609001100,4
230219609001101,4
230219609001102,4
230219609001103,4
230219609001127,4
230219609001128,4
230219609001129,4
230219609001130,4
230219609001131,4
230219609001132,4
230219609001133,4
230219609001134,4
230219609001136,4
230219609001137,4
230219609001139,4
230219607001000,4
230219607001001,4
230219607001002,4
230219607001003,4
230219607001004,4
230219607001005,4
230219607001006,4
230219607001007,4
230219607001008,4
230219607001009,4
230219607001010,4
230219607001011,4
230219607001012,4
230219607001013,4
230219607001014,4
230219607001015,4
230219607001016,4
230219607001017,4
230219607001018,4
230219607001019,4
230219607001020,4
230219607001021,4
230219607001022,4
230219607001023,4
230219607001024,4
230219607001025,4
230219607001026,4
230219607001027,4
230219607001028,4
230219607001029,4
230219607001030,4
230219607001031,4
230219607001032,4
230219607001033,4
230219607001034,4
230219607001035,4
230219607001036,4
230219607001037,4
230219607001038,4
230219607001039,4
230219607001040,4
230219607001041,4
230219607001042,4
230219607001043,4
230219607001044,4
230219607001045,4
230219607001046,4
230219607001047,4
230219607001048,4
230219607001049,4
230219607001050,4
230219607001051,4
230219607001052,4
230219607001053,4
230219607001054,4
230219607001055,4
230219607001056,4
230219607001057,4
230219607001058,4
230219607001059,4
230219607001060,4
230219607001061,4
230219607001062,4
230219607001063,4
230219607001064,4
230219607001065,4
230219607001066,4
230219607001067,4
230219607001068,4
230219607001069,4
230219607001070,4
230219607001071,4
230219607001072,4
230219607002000,4
230219607002001,4
230219607002002,4
230219607002003,4
230219607002004,4
230219607002005,4
230219607002006,4
230219607002007,4
230219607002008,4
230219607002009,4
230219607002010,4
230219607002011,4
230219607002012,4
230219607002013,4
230219607002014,4
230219607002015,4
230219607002016,4
230219607002017,4
230219607002018,4
230219607002019,4
230219607002020,4
230219607002021,4
230219607002022,4
230219607002023,4
230219607002024,4
230219607002025,4
230219607002026,4
230219607002027,4
230219607002028,4
230219607002029,4
230219607002030,4
230219607002031,4
230219607002032,4
230219607002033,4
230219607002034,4
230219607002035,4
230219607002036,4
230219607002037,4
230219607002038,4
230219607002039,4
230219607002040,4
230219607002041,4
230219607002042,4
230219607002043,4
230219607002044,4
230219607002045,4
230219607002046,4
230219607002047,4
230219607002048,4
230219607002049,4
230219607002050,4
230219607002051,4
230219607002052,4
230219607002053,4
230219607002054,4
230219607002055,4
230219607002056,4
230219607002057,4
230219607002058,4
230219607002059,4
230219607002060,4
230219607002061,4
230219607002062,4
230219607002063,4
230219607002064,4
230219607002065,4
230219607002066,4
230219607002067,4
230219607002068,4
230219607002069,4
230219607002070,4
230219607002071,4
230219607002072,4
230219607003000,4
230219607003001,4
230219607003002,4
230219607003003,4
230219607003004,4
230219607003005,4
230219607003006,4
230219607003007,4
230219607003008,4
230219607003009,4
230219607003010,4
230219607003011,4
230219607003012,4
230219607003013,4
230219607003014,4
230219607003015,4
230219607003016,4
230219607003017,4
230219607003018,4
230219607003019,4
230219607003020,4
230219607003021,4
230219607003022,4
230219607003023,4
230219607003024,4
230219607003025,4
230219607003026,4
230219607003027,4
230219607003028,4
230219607003029,4
230219607003030,4
230219607003031,4
230219607003032,4
230219607003033,4
230219607003034,4
230219607003035,4
230219607003036,4
230219607003037,4
230219607003038,4
230219607003039,4
230219607003040,4
230219603012000,4
230219603012001,4
230219603012002,4
230219603012003,4
230219603012004,4
230219603012005,4
230219603012006,4
230219603012007,4
230219603012008,4
230219603012009,4
230219603012010,4
230219603012011,4
230219603012012,4
230219603012013,4
230219603012014,4
230219603012015,4
230219603012016,4
230219603012017,4
230219603012018,4
230219603012019,4
230219603012020,4
230219603012021,4
230219603012022,4
230219603012023,4
230219603012024,4
230219603012025,4
230219603012026,4
230219603012027,4
230219603012028,4
230219603012029,4
230219603012030,4
230219603012031,4
230219603012032,4
230219603012033,4
230219603012034,4
230219603012035,4
230219603012036,4
230219603012037,4
230219603012038,4
230219603012039,4
230219603012040,4
230219603012041,4
230219603012042,4
230219603013000,4
230219603013001,4
230219603013002,4
230219603013003,4
230219603013004,4
230219603013005,4
230219603013006,4
230219603013007,4
230219603013008,4
230219603013009,4
230219603013010,4
230219603013011,4
230219603013012,4
230219603013013,4
230219603013014,4
230219603013015,4
230219603013016,4
230219603013017,4
230219603013018,4
230219603013019,4
230219603013020,4
230219603013021,4
230219603013022,4
230219603013023,4
230219603013024,4
230219603013025,4
230219603013026,4
230219603013027,4
230219603013028,4
230219603013029,4
230219603013030,4
230219603013031,4
230219603013032,4
230219603013033,4
230219603013034,4
230219603013035,4
230219603013036,4
230219603013037,4
230219603013038,4
230219603013039,4
230219603013040,4
230219603013041,4
230219603013042,4
230219603013043,4
230219603013044,4
230219603013045,4
230219603013046,4
230219603021644,4
230219603021646,4
230219606002000,4
230219606002001,4
230219606002002,4
230219606002003,4
230219606002004,4
230219606002005,4
230219606002006,4
230219606002007,4
230219606002008,4
230219606002009,4
230219606002010,4
230219606002011,4
230219606002012,4
230219606002013,4
230219606002014,4
230219606002015,4
230219606002016,4
230219606002017,4
230219606002018,4
230219606002019,4
230219606002020,4
230219606002021,4
230219606002022,4
230219606002023,4
230219606002024,4
230219606002025,4
230219606002026,4
230219606002027,4
230219606002028,4
230219606002029,4
230219606002030,4
230219606002031,4
230219606002032,4
230219606002033,4
230219606002034,4
230219606002035,4
230219606002036,4
230219606002037,4
230219606002038,4
230219606002039,4
230219606002040,4
230219606002041,4
230219606002042,4
230219606002043,4
230219606002044,4
230219606002045,4
230219606002046,4
230219606002047,4
230219606002048,4
230219606002049,4
230219606002050,4
230219606002051,4
230219606002052,4
230219606002053,4
230219606002054,4
230219606002055,4
230219606002056,4
230219606002057,4
230219606002058,4
230219606002059,4
230219606002060,4
230219606002061,4
230219606002062,4
230219606002063,4
230219606002064,4
230219606002065,4
230219606002066,4
230219606002067,4
230219606002068,4
230219606002069,4
230219606002070,4
230219606002071,4
230219606002072,4
230219606002073,4
230219606002074,4
230219606002075,4
230219605002082,4
230219605002083,4
230219605002084,4
230219605002085,4
230219605002086,4
230219605002087,4
230219605002088,4
230219605002089,4
230219605002090,4
230219605002091,4
230219605002092,4
230219605002093,4
230219605002094,4
230219605002095,4
230219605002096,4
230219605002097,4
230219605002098,4
230219605002099,4
230219605002100,4
230219605002101,4
230219605002102,4
230219605002103,4
230219605002104,4
230219605002105,4
230219605002106,4
230219605002107,4
230219605002108,4
230219605002109,4
230219605002110,4
230219605002111,4
230219605002112,4
230219605002113,4
230219605002114,4
230219605002115,4
230219605002116,4
230219605002117,4
230219605002118,4
230219605002119,4
230219605002120,4
230219605002121,4
230219605002122,4
230219605002123,4
230219605002124,4
230219605002125,4
230219605002135,4
230219605002136,4
230219605002165,4
230219605002166,4
230219605002170,4
230219605002171,4
230219605002172,4
230219605002173,4
230219605002174,4
230219605002175,4
230219605002176,4
230219605002177,4
230219605002178,4
230219605002179,4
230219605002180,4
230219605002181,4
230219605002182,4
230219605002183,4
230219605002184,4
230219605002185,4
230219605002186,4
230219605002188,4
230219605002194,4
230219605002198,4
230219609001000,4
230219609001001,4
230219609001002,4
230219609001003,4
230219609001004,4
230219609001005,4
230219609001006,4
230219609001007,4
230219609001008,4
230219609001009,4
230219609001010,4
230219609001011,4
230219609001012,4
230219609001013,4
230219609001014,4
230219609001015,4
230219609001016,4
230219609001017,4
230219609001018,4
230219609001019,4
230219609001020,4
230219609001084,4
230219609001104,4
230219609001105,4
230219609001106,4
230219609001107,4
230219609001108,4
230219609001109,4
230219609001110,4
230219609001111,4
230219609001112,4
230219609001113,4
230219609001114,4
230219609001115,4
230219609001116,4
230219609001117,4
230219609001118,4
230219609001119,4
230219609001120,4
230219609001121,4
230219609001122,4
230219609001123,4
230219609001124,4
230219609001125,4
230219609001126,4
230219609001135,4
230219609001138,4
230219608005000,4
230219608005001,4
230219608005002,4
230219608005003,4
230219608005004,4
230219608005005,4
230219608005006,4
230219608005007,4
230219608005008,4
230219608005009,4
230219608005010,4
230219608005014,4
230219608005015,4
230219608005016,4
230219608005017,4
230219608005018,4
230219608005019,4
230219608005020,4
230219608005021,4
230219608005022,4
230219608005023,4
230219608005024,4
230219608005025,4
230219608005026,4
230219608005027,4
230219608005028,4
230219608005029,4
230219608005030,4
230219608005031,4
230219608005032,4
230219608005033,4
230219608005034,4
230219608005035,4
230219608005036,4
230219608005037,4
230219608005048,4
230219608005049,4
230219608005050,4
230219608001002,4
230219608001003,4
230219608001004,4
230219608001006,4
230219608001007,4
230219608001008,4
230219608001009,4
230219608001010,4
230219608001011,4
230219608001012,4
230219608001013,4
230219608001014,4
230219608001015,4
230219608001016,4
230219608001017,4
230219608001018,4
230219608001019,4
230219608001020,4
230219608001021,4
230219608001022,4
230219608001023,4
230219608001024,4
230219608001039,4
230219608001080,4
230219608001081,4
230219608001082,4
230219608003000,4
230219608003001,4
230219608003002,4
230219608003003,4
230219608003004,4
230219608003005,4
230219608003006,4
230219608003007,4
230219608003008,4
230219608003009,4
230219608003010,4
230219608003011,4
230219608003012,4
230219608003013,4
230219608003014,4
230219608003015,4
230219608003016,4
230219608003017,4
230219608003018,4
230219608003019,4
230219608003020,4
230219608003021,4
230219608003022,4
230219608003023,4
230219608003024,4
230219608003025,4
230219608003026,4
230219608003027,4
230219608003028,4
230219608003029,4
230219608003030,4
230219608003031,4
230219608003032,4
230219608003033,4
230219608003034,4
230219608003035,4
230219608004000,4
230219608004001,4
230219608004002,4
230219608004003,4
230219608004004,4
230219608004005,4
230219608004006,4
230219608004007,4
230219608004008,4
230219608004009,4
230219608004010,4
230219608004011,4
230219608004012,4
230219608004013,4
230219608004014,4
230219608004015,4
230219608004016,4
230219608004017,4
230219608004018,4
230219608004019,4
230219608004020,4
230219608004021,4
230219608004022,4
230219608004023,4
230219608005011,4
230219608005012,4
230219608005013,4
230219608005038,4
230219608005039,4
230219608005040,4
230219608005041,4
230219608005042,4
230219608005043,4
230219608005044,4
230219608005045,4
230219608005046,4
230219608005047,4
230219608005051,4
230219608005052,4
230219608005053,4
230219608005054,4
230219604002000,4
230219604002001,4
230219604002002,4
230219604002003,4
230219604002004,4
230219604002005,4
230219604002006,4
230219604002007,4
230219604002008,4
230219604002009,4
230219604002010,4
230219604002011,4
230219604002012,4
230219604002013,4
230219604002014,4
230219604002015,4
230219604002016,4
230219604002017,4
230219604002018,4
230219604002019,4
230219604002020,4
230219604002021,4
230219604002022,4
230219604002023,4
230219604002024,4
230219604002025,4
230219604002026,4
230219604002027,4
230219604002028,4
230219604002029,4
230219604002030,4
230219604002031,4
230219604002032,4
230219604002033,4
230219604002034,4
230219604002035,4
230219604002036,4
230219604002037,4
230219604002038,4
230219604002039,4
230219604002040,4
230219604002041,4
230219604002042,4
230219604002043,4
230219604002044,4
230219604002045,4
230219604002046,4
230219604002047,4
230219604002048,4
230219604002049,4
230219604002050,4
230219604002051,4
230219604002052,4
230219604002053,4
230219604002054,4
230219604002055,4
230219604002056,4
230219604002057,4
230219604002058,4
230219604002059,4
230219604002060,4
230219604002061,4
230219604002062,4
230219604002063,4
230219604002064,4
230219604002065,4
230219604002066,4
230219604002067,4
230219604002068,4
230219604002069,4
230219604002070,4
230219604002071,4
230219603021000,4
230219603021001,4
230219603021002,4
230219603021003,4
230219603021004,4
230219603021005,4
230219603021006,4
230219603021007,4
230219603021008,4
230219603021009,4
230219603021010,4
230219603021011,4
230219603021012,4
230219603021013,4
230219603021014,4
230219603021015,4
230219603021016,4
230219603021017,4
230219603021018,4
230219603021019,4
230219603021020,4
230219603021021,4
230219603021022,4
230219603021023,4
230219603021024,4
230219603021025,4
230219603021026,4
230219603021027,4
230219603021028,4
230219603021029,4
230219603021030,4
230219603021031,4
230219603021032,4
230219603021033,4
230219603021034,4
230219603021035,4
230219603021036,4
230219603021037,4
230219603021038,4
230219603021039,4
230219603021040,4
230219603021041,4
230219603021042,4
230219603021043,4
230219603021044,4
230219603021045,4
230219603021046,4
230219603021047,4
230219603021048,4
230219603021049,4
230219603021050,4
230219603021051,4
230219603021052,4
230219603021053,4
230219603021054,4
230219603021055,4
230219603021056,4
230219603021057,4
230219603021058,4
230219603021063,4
230219603021064,4
230219603021065,4
230219603021137,4
230219603021189,4
230219603021190,4
230219603021191,4
230219603021192,4
230219603021193,4
230219603021194,4
230219603021195,4
230219603021196,4
230219603021197,4
230219603021198,4
230219603021199,4
230219603021200,4
230219603021201,4
230219603021202,4
230219603021203,4
230219603021204,4
230219603021205,4
230219603021206,4
230219603021207,4
230219603021208,4
230219603021209,4
230219603021210,4
230219603021211,4
230219603021212,4
230219603021213,4
230219603021214,4
230219603021215,4
230219603021216,4
230219603021217,4
230219603021218,4
230219603021219,4
230219603021220,4
230219603021221,4
230219603021222,4
230219603021223,4
230219603021224,4
230219603021226,4
230219603021227,4
230219603021228,4
230219603021229,4
230219603021230,4
230219603021231,4
230219603021232,4
230219603021233,4
230219603021234,4
230219603021235,4
230219603021236,4
230219603021237,4
230219603021238,4
230219603021239,4
230219603021240,4
230219603021241,4
230219603021242,4
230219603021243,4
230219603021244,4
230219603021245,4
230219603021246,4
230219603021247,4
230219603021248,4
230219603021249,4
230219603021250,4
230219603021251,4
230219603021252,4
230219603021253,4
230219603021254,4
230219603021255,4
230219603021256,4
230219603021257,4
230219603021258,4
230219603021259,4
230219603021260,4
230219603021261,4
230219603021262,4
230219603021263,4
230219603021264,4
230219603021265,4
230219603021266,4
230219603021267,4
230219603021268,4
230219603021270,4
230219603021271,4
230219603021272,4
230219603021273,4
230219603021274,4
230219603021275,4
230219603021276,4
230219603021277,4
230219603021278,4
230219603021279,4
230219603021280,4
230219603021281,4
230219603021282,4
230219603021283,4
230219603021284,4
230219603021285,4
230219603021286,4
230219603021287,4
230219603021288,4
230219603021399,4
230219603021402,4
230219603021413,4
230219603021417,4
230219603021418,4
230219603021419,4
230219603021420,4
230219603021452,4
230219603021454,4
230219603021455,4
230219603021459,4
230219603021468,4
230219603021469,4
230219603021470,4
230219603021472,4
230219603021475,4
230219603021476,4
230219603021479,4
230219603021481,4
230219603021482,4
230219603021483,4
230219603021484,4
230219603021485,4
230219603021486,4
230219603021487,4
230219603021488,4
230219603021489,4
230219603021490,4
230219603021491,4
230219603021492,4
230219603021493,4
230219603021494,4
230219603021495,4
230219603021496,4
230219603021497,4
230219603021498,4
230219603021499,4
230219603021500,4
230219603021501,4
230219603021502,4
230219603021503,4
230219603021504,4
230219603021505,4
230219603021506,4
230219603021507,4
230219603021508,4
230219603021509,4
230219603021510,4
230219603021511,4
230219603021512,4
230219603021513,4
230219603021514,4
230219603021515,4
230219603021516,4
230219603021517,4
230219603021518,4
230219603021519,4
230219603021520,4
230219603021521,4
230219603021522,4
230219603021523,4
230219603021524,4
230219603021525,4
230219603021526,4
230219603021527,4
230219603021528,4
230219603021529,4
230219603021530,4
230219603021531,4
230219603021532,4
230219603021533,4
230219603021534,4
230219603021535,4
230219603021536,4
230219603021537,4
230219603021538,4
230219603021539,4
230219603021540,4
230219603021541,4
230219603021542,4
230219603021543,4
230219603021544,4
230219603021545,4
230219603021546,4
230219603021547,4
230219603021548,4
230219603021549,4
230219603021550,4
230219603021551,4
230219603021552,4
230219603021553,4
230219603021554,4
230219603021555,4
230219603021556,4
230219603021557,4
230219603021558,4
230219603021559,4
230219603021560,4
230219603021561,4
230219603021562,4
230219603021563,4
230219603021564,4
230219603021565,4
230219603021566,4
230219603021567,4
230219603021568,4
230219603021569,4
230219603021570,4
230219603021681,4
230219603021682,4
230219603021683,4
230219603021684,4
230219603021685,4
230219603021686,4
230219603021687,4
230219603021688,4
230219603021689,4
230219603021690,4
230219603021691,4
230219603021692,4
230219603021693,4
230219603021694,4
230219603021695,4
230219603021696,4
230219603021697,4
230219603021698,4
230219603021699,4
230219603021700,4
230219603021701,4
230219603021702,4
230219603021703,4
230219603021704,4
230219603021705,4
230219603021706,4
230219603021707,4
230219603021708,4
230219603021709,4
230219603021710,4
230219603021711,4
230219603021712,4
230219603021713,4
230219603021714,4
230219603021715,4
230219603021716,4
230219603021717,4
230219603021718,4
230219603021719,4
230219603021720,4
230219603021721,4
230219603021722,4
230219603021723,4
230219603021724,4
230219603021725,4
230219603021726,4
230219603021727,4
230219603021728,4
230219603021729,4
230219603021730,4
230219603021731,4
230219603021732,4
230219603021733,4
230219603021734,4
230219603021735,4
230219603021736,4
230219603021737,4
230219603021738,4
230219603021739,4
230219603021741,4
230219603021742,4
230219603021743,4
230219603021744,4
230219603021745,4
230219603021746,4
230219603021747,4
230219603021748,4
230219603021749,4
230219603021750,4
230219603021751,4
230219603021752,4
230219603021753,4
230219603021754,4
230219603021755,4
230219603021756,4
230219603021757,4
230219603021769,4
230219603021770,4
230219603021777,4
230219603021784,4
230219603021793,4
230219603021794,4
230219603021795,4
230219603021796,4
230219603021797,4
230219603021798,4
230219603021799,4
230219603021800,4
230219603021801,4
230219603021802,4
230219603021803,4
230219603021804,4
230219603021805,4
230219603021806,4
230219603021807,4
230219603021808,4
230219603021809,4
230219603021810,4
230219603021811,4
230219603021812,4
230219603021813,4
230219603021814,4
230219603021815,4
230219603021816,4
230219603021817,4
230219603021818,4
230219603021819,4
230219603021820,4
230219603021821,4
230219603021822,4
230219603021823,4
230219603021824,4
230219603021825,4
230219603021826,4
230219603021827,4
230219603021828,4
230219603021829,4
230219603021830,4
230219603021831,4
230219603021832,4
230219603021833,4
230219603021834,4
230219603021835,4
230219603021836,4
230219603021837,4
230219603021838,4
230219603021839,4
230219603021840,4
230219603021841,4
230219603021842,4
230219603021843,4
230219603021844,4
230219603021845,4
230219603021846,4
230219603021847,4
230219603021848,4
230219603021849,4
230219603021850,4
230219603021851,4
230219603021852,4
230219603021853,4
230219603021854,4
230219603021855,4
230219603021856,4
230219603021857,4
230219603021858,4
230219603021859,4
230219603021860,4
230219603021861,4
230219603021862,4
230219603021863,4
230219603021864,4
230219603021865,4
230219603021866,4
230219603021867,4
230219603021868,4
230219603021869,4
230219603021870,4
230219603021871,4
230219603021872,4
230219603021873,4
230219603021874,4
230219603021875,4
230219603021876,4
230219603021877,4
230219603021878,4
230219603021879,4
230219603021880,4
230219603021881,4
230219603021882,4
230219603021883,4
230219603021884,4
230219603021885,4
230219603021886,4
230219603021887,4
230219603021888,4
230219603021889,4
230219603021890,4
230219603021891,4
230219603021892,4
230219603021893,4
230219603021894,4
230219603021895,4
230219603021896,4
230219603021897,4
230219603021898,4
230219603021899,4
230219603021900,4
230219603021901,4
230219603021902,4
230219603021903,4
230219603021904,4
230219603021905,4
230219603021906,4
230219603021907,4
230219603021908,4
230219603021909,4
230219603021910,4
230219603021911,4
230219603021912,4
230219603021913,4
230219603021914,4
230219603021915,4
230219603021916,4
230219603021917,4
230219603021920,4
230219603021934,4
230219603021937,4
230219603021938,4
230219603021939,4
230219603021940,4
230219603021941,4
230219603021943,4
230219603021946,4
230219603021947,4
230219603021948,4
230219603021949,4
230219603021950,4
230219603021951,4
230219603021952,4
230219603021953,4
230219603021954,4
230219603021955,4
230219603021958,4
230219603021959,4
230219603021960,4
230219603021961,4
230219603021962,4
230219603021963,4
230219603021971,4
230219603021972,4
230219603021973,4
230219603021974,4
230219603021977,4
230219603021978,4
230219603021981,4
230219603021986,4
230219603021987,4
230219603021989,4
230219603021990,4
230219603021992,4
230219603021993,4
230219603021995,4
230219603021996,4
230219603021998,4
230219603021999,4
230219604001010,4
230219604001011,4
230219604001012,4
230219604001013,4
230219604001014,4
230219604001015,4
230219604001016,4
230219604001017,4
230219604001018,4
230219604001019,4
230219604001020,4
230219604001021,4
230219604001022,4
230219604001034,4
230219604001035,4
230219604001036,4
230219604001037,4
230219604001038,4
230219604001058,4
230219604001060,4
230219604001061,4
230219604001062,4
230219604001063,4
230219604001064,4
230219604001065,4
230219604001066,4
230219604001132,4
230219604001133,4
230219604001142,4
230219603011000,4
230219603011001,4
230219603011002,4
230219603011003,4
230219603011004,4
230219603011005,4
230219603011006,4
230219603011007,4
230219603011008,4
230219603011009,4
230219603011010,4
230219603011011,4
230219603011012,4
230219603011013,4
230219603011014,4
230219603011015,4
230219603011016,4
230219603011017,4
230219603011018,4
230219603011019,4
230219603011020,4
230219603011021,4
230219603011022,4
230219603011023,4
230219603011024,4
230219603011025,4
230219603011026,4
230219603011027,4
230219603011028,4
230219603011029,4
230219603011030,4
230219603011031,4
230219603011032,4
230219603011033,4
230219603011034,4
230219603011035,4
230219603011036,4
230219603011037,4
230219603011038,4
230219603011039,4
230219603011040,4
230219603011041,4
230219603011042,4
230219603011043,4
230219603011044,4
230219603011045,4
230219603011046,4
230219603011047,4
230219603011048,4
230219603011049,4
230219603011050,4
230219603011051,4
230219603011052,4
230219603011053,4
230219603011054,4
230219603011055,4
230219603011056,4
230219603011057,4
230219603011058,4
230219603011059,4
230219603011060,4
230219603011061,4
230219603021059,4
230219603021060,4
230219603021061,4
230219603021062,4
230219603021066,4
230219603021067,4
230219603021068,4
230219603021069,4
230219603021070,4
230219603021071,4
230219603021072,4
230219603021073,4
230219603021074,4
230219603021075,4
230219603021076,4
230219603021077,4
230219603021078,4
230219603021079,4
230219603021080,4
230219603021081,4
230219603021082,4
230219603021083,4
230219603021084,4
230219603021085,4
230219603021086,4
230219603021087,4
230219603021088,4
230219603021089,4
230219603021090,4
230219603021091,4
230219603021092,4
230219603021093,4
230219603021094,4
230219603021095,4
230219603021096,4
230219603021097,4
230219603021098,4
230219603021099,4
230219603021100,4
230219603021101,4
230219603021102,4
230219603021103,4
230219603021104,4
230219603021105,4
230219603021106,4
230219603021107,4
230219603021108,4
230219603021109,4
230219603021110,4
230219603021111,4
230219603021112,4
230219603021113,4
230219603021114,4
230219603021115,4
230219603021116,4
230219603021117,4
230219603021118,4
230219603021119,4
230219603021120,4
230219603021121,4
230219603021122,4
230219603021123,4
230219603021124,4
230219603021125,4
230219603021126,4
230219603021127,4
230219603021128,4
230219603021129,4
230219603021130,4
230219603021131,4
230219603021132,4
230219603021133,4
230219603021134,4
230219603021135,4
230219603021136,4
230219603021138,4
230219603021139,4
230219603021140,4
230219603021141,4
230219603021142,4
230219603021143,4
230219603021144,4
230219603021145,4
230219603021146,4
230219603021147,4
230219603021148,4
230219603021149,4
230219603021150,4
230219603021151,4
230219603021152,4
230219603021153,4
230219603021154,4
230219603021155,4
230219603021156,4
230219603021157,4
230219603021158,4
230219603021159,4
230219603021160,4
230219603021161,4
230219603021162,4
230219603021163,4
230219603021164,4
230219603021165,4
230219603021166,4
230219603021167,4
230219603021168,4
230219603021169,4
230219603021170,4
230219603021171,4
230219603021172,4
230219603021173,4
230219603021174,4
230219603021175,4
230219603021176,4
230219603021177,4
230219603021178,4
230219603021179,4
230219603021180,4
230219603021181,4
230219603021182,4
230219603021183,4
230219603021184,4
230219603021185,4
230219603021186,4
230219603021187,4
230219603021188,4
230219603021225,4
230219603021269,4
230219603021289,4
230219603021290,4
230219603021291,4
230219603021292,4
230219603021293,4
230219603021294,4
230219603021295,4
230219603021296,4
230219603021297,4
230219603021298,4
230219603021299,4
230219603021300,4
230219603021301,4
230219603021302,4
230219603021303,4
230219603021304,4
230219603021305,4
230219603021306,4
230219603021307,4
230219603021308,4
230219603021309,4
230219603021310,4
230219603021311,4
230219603021312,4
230219603021313,4
230219603021314,4
230219603021315,4
230219603021316,4
230219603021317,4
230219603021318,4
230219603021319,4
230219603021320,4
230219603021321,4
230219603021322,4
230219603021323,4
230219603021324,4
230219603021325,4
230219603021326,4
230219603021327,4
230219603021328,4
230219603021329,4
230219603021330,4
230219603021331,4
230219603021332,4
230219603021333,4
230219603021334,4
230219603021335,4
230219603021336,4
230219603021337,4
230219603021338,4
230219603021339,4
230219603021340,4
230219603021341,4
230219603021342,4
230219603021343,4
230219603021344,4
230219603021345,4
230219603021346,4
230219603021347,4
230219603021348,4
230219603021349,4
230219603021350,4
230219603021351,4
230219603021352,4
230219603021353,4
230219603021354,4
230219603021355,4
230219603021356,4
230219603021357,4
230219603021358,4
230219603021359,4
230219603021360,4
230219603021361,4
230219603021362,4
230219603021363,4
230219603021364,4
230219603021365,4
230219603021366,4
230219603021367,4
230219603021368,4
230219603021369,4
230219603021370,4
230219603021371,4
230219603021372,4
230219603021373,4
230219603021374,4
230219603021375,4
230219603021376,4
230219603021377,4
230219603021378,4
230219603021379,4
230219603021380,4
230219603021381,4
230219603021382,4
230219603021383,4
230219603021384,4
230219603021385,4
230219603021386,4
230219603021387,4
230219603021388,4
230219603021389,4
230219603021390,4
230219603021391,4
230219603021392,4
230219603021393,4
230219603021394,4
230219603021395,4
230219603021396,4
230219603021397,4
230219603021398,4
230219603021400,4
230219603021401,4
230219603021403,4
230219603021404,4
230219603021405,4
230219603021406,4
230219603021407,4
230219603021408,4
230219603021409,4
230219603021410,4
230219603021411,4
230219603021412,4
230219603021414,4
230219603021415,4
230219603021416,4
230219603021421,4
230219603021422,4
230219603021423,4
230219603021424,4
230219603021425,4
230219603021426,4
230219603021427,4
230219603021428,4
230219603021429,4
230219603021430,4
230219603021431,4
230219603021432,4
230219603021433,4
230219603021434,4
230219603021435,4
230219603021436,4
230219603021437,4
230219603021438,4
230219603021439,4
230219603021440,4
230219603021441,4
230219603021442,4
230219603021443,4
230219603021444,4
230219603021445,4
230219603021446,4
230219603021447,4
230219603021448,4
230219603021449,4
230219603021450,4
230219603021451,4
230219603021453,4
230219603021456,4
230219603021457,4
230219603021458,4
230219603021460,4
230219603021461,4
230219603021462,4
230219603021463,4
230219603021464,4
230219603021465,4
230219603021466,4
230219603021467,4
230219603021471,4
230219603021473,4
230219603021474,4
230219603021477,4
230219603021478,4
230219603021480,4
230219603021571,4
230219603021572,4
230219603021573,4
230219603021574,4
230219603021575,4
230219603021576,4
230219603021577,4
230219603021578,4
230219603021579,4
230219603021580,4
230219603021581,4
230219603021582,4
230219603021583,4
230219603021584,4
230219603021585,4
230219603021586,4
230219603021587,4
230219603021588,4
230219603021589,4
230219603021590,4
230219603021591,4
230219603021592,4
230219603021593,4
230219603021594,4
230219603021595,4
230219603021596,4
230219603021597,4
230219603021598,4
230219603021599,4
230219603021600,4
230219603021601,4
230219603021602,4
230219603021603,4
230219603021604,4
230219603021605,4
230219603021606,4
230219603021607,4
230219603021608,4
230219603021609,4
230219603021610,4
230219603021611,4
230219603021612,4
230219603021613,4
230219603021614,4
230219603021615,4
230219603021616,4
230219603021617,4
230219603021618,4
230219603021619,4
230219603021620,4
230219603021621,4
230219603021622,4
230219603021623,4
230219603021624,4
230219603021625,4
230219603021626,4
230219603021627,4
230219603021628,4
230219603021629,4
230219603021630,4
230219603021631,4
230219603021632,4
230219603021633,4
230219603021634,4
230219603021635,4
230219603021636,4
230219603021637,4
230219603021638,4
230219603021639,4
230219603021641,4
230219603021642,4
230219603021643,4
230219603021645,4
230219603021647,4
230219603021648,4
230219603021649,4
230219603021650,4
230219603021651,4
230219603021652,4
230219603021653,4
230219603021654,4
230219603021655,4
230219603021656,4
230219603021657,4
230219603021658,4
230219603021659,4
230219603021660,4
230219603021661,4
230219603021662,4
230219603021663,4
230219603021664,4
230219603021665,4
230219603021666,4
230219603021667,4
230219603021668,4
230219603021669,4
230219603021670,4
230219603021671,4
230219603021672,4
230219603021673,4
230219603021674,4
230219603021675,4
230219603021676,4
230219603021677,4
230219603021678,4
230219603021679,4
230219603021680,4
230219603021758,4
230219603021759,4
230219603021760,4
230219603021761,4
230219603021762,4
230219603021763,4
230219603021765,4
230219603021766,4
230219603021768,4
230219603021775,4
230219603021918,4
230219603021919,4
230219603021921,4
230219603021922,4
230219603021923,4
230219603021924,4
230219603021925,4
230219603021926,4
230219603021927,4
230219603021928,4
230219603021929,4
230219603021930,4
230219603021931,4
230219603021932,4
230219603021933,4
230219603021935,4
230219603021936,4
230219603021942,4
230219603021944,4
230219603021945,4
230219603021956,4
230219603021957,4
230219603021964,4
230219603021965,4
230219603021966,4
230219603021967,4
230219603021968,4
230219603021969,4
230219603021970,4
230219603021975,4
230219603021976,4
230219603021979,4
230219603021980,4
230219603021982,4
230219603021983,4
230219603021984,4
230219603021985,4
230219603021988,4
230219603021991,4
230219603021994,4
230219605002000,4
230219605002001,4
230219605002002,4
230219605002003,4
230219605002004,4
230219605002005,4
230219605002006,4
230219605002007,4
230219605002008,4
230219605002009,4
230219605002010,4
230219605002011,4
230219605002012,4
230219605002013,4
230219605002014,4
230219605002015,4
230219605002016,4
230219605002017,4
230219605002018,4
230219605002019,4
230219605002020,4
230219605002021,4
230219605002022,4
230219605002023,4
230219605002024,4
230219605002025,4
230219605002026,4
230219605002027,4
230219605002028,4
230219605002029,4
230219605002030,4
230219605002031,4
230219605002032,4
230219605002033,4
230219605002034,4
230219605002035,4
230219605002036,4
230219605002037,4
230219605002038,4
230219605002039,4
230219605002040,4
230219605002041,4
230219605002042,4
230219605002043,4
230219605002044,4
230219605002045,4
230219605002046,4
230219605002047,4
230219605002050,4
230219605002051,4
230219605002052,4
230219605002053,4
230219605002054,4
230219605002055,4
230219605002056,4
230219605002057,4
230219605002058,4
230219605002059,4
230219605002060,4
230219605002061,4
230219605002062,4
230219605002063,4
230219605002064,4
230219605002065,4
230219605002066,4
230219605002067,4
230219605002068,4
230219605002069,4
230219605002070,4
230219605002071,4
230219605002072,4
230219605002073,4
230219605002074,4
230219605002075,4
230219605002076,4
230219605002189,4
230219605002190,4
230219605002191,4
230219605002192,4
230219605002193,4
230219605002195,4
230219605002196,4
230219605002197,4
230219606001000,4
230219606001001,4
230219606001002,4
230219606001003,4
230219606001004,4
230219606001005,4
230219606001006,4
230219606001007,4
230219606001008,4
230219606001009,4
230219606001010,4
230219606001011,4
230219606001012,4
230219606001013,4
230219606001014,4
230219606001015,4
230219606001016,4
230219606001017,4
230219606001018,4
230219606001019,4
230219606001020,4
230219606001021,4
230219606001022,4
230219606001023,4
230219606001024,4
230219606001025,4
230219606001026,4
230219606001027,4
230219606001028,4
230219606001029,4
230219606001030,4
230219606001031,4
230219606001032,4
230219606001033,4
230219606003000,4
230219606003001,4
230219606003002,4
230219606003003,4
230219606003004,4
230219606003005,4
230219606003006,4
230219606003007,4
230219606003008,4
230219606003009,4
230219606003010,4
230219606003011,4
230219606003012,4
230219606003013,4
230219606003014,4
230219606003015,4
230219606003016,4
230219606003017,4
230219606003018,4
230219606003019,4
230219606003020,4
230219606003021,4
230219606003022,4
230219606003023,4
230219606003024,4
230219606003025,4
230219606003026,4
230219606003027,4
230219606003028,4
230219606003029,4
230219608002000,4
230219608002001,4
230219608002002,4
230219608002003,4
230219608002004,4
230219608002005,4
230219608002006,4
230219608002007,4
230219608002008,4
230219608002009,4
230219608002010,4
230219608002011,4
230219608002012,4
230219608002013,4
230219608002014,4
230219608002015,4
230219608002016,4
230219608002017,4
230219608002018,4
230219608002019,4
230219608002020,4
230219608002021,4
230219608002022,4
230219608002023,4
230219608002024,4
230219608002025,4
230219608002026,4
230219608002027,4
230219608002028,4
230219608002029,4
230219608002030,4
230219608002031,4
230219608002032,4
230219608002033,4
230219608002034,4
230219608002035,4
230219608002036,4
230219608002037,4
230219608002038,4
230219608002039,4
230219608002040,4
230219608002041,4
230219608002042,4
230219608002043,4
230219608002044,4
230219608002045,4
230219608002046,4
230219608002047,4
230219608002048,4
230219608002049,4
230219608002050,4
230219608002051,4
230219608002052,4
230219608002053,4
230219608002054,4
230219608002055,4
230219608002056,4
230219608002057,4
230219608002058,4
230219604001023,4
230219604001024,4
230219604001025,4
230219604001026,4
230219604001027,4
230219604001028,4
230219604001029,4
230219604001030,4
230219604001031,4
230219604001032,4
230219604001033,4
230219604001044,4
230219604001045,4
230219604001046,4
230219604001047,4
230219604001146,4
230219604001147,4
230219604001148,4
230219604001149,4
230219604001150,4
230219604001151,4
230219604001152,4
230219604001153,4
230219604001154,4
230219604001155,4
230219604001156,4
230219604001157,4
230219604001158,4
230219604001159,4
230219604001160,4
230219604001161,4
230219604001162,4
230219604001163,4
230219604001164,4
230219604001165,4
230219604001166,4
230219604001167,4
230219604001168,4
230219604001169,4
230219604001170,4
230219604001171,4
230219604001172,4
230219604001173,4
230219604001174,4
230219604001175,4
230219604001176,4
230219604001182,4
230219604001183,4
230219604001184,4
230219604001185,4
230219604001186,4
230219604001187,4
230219604001188,4
230219604001189,4
230219604001190,4
230219604001191,4
230219604001192,4
230219604001193,4
230219604001194,4
230219604001228,4
230219604001234,4
230219608001000,4
230219608001001,4
230219608001005,4
230219608001025,4
230219608001026,4
230219608001027,4
230219608001028,4
230219608001029,4
230219608001030,4
230219608001031,4
230219608001032,4
230219608001033,4
230219608001034,4
230219608001035,4
230219608001036,4
230219608001037,4
230219608001038,4
230219608001040,4
230219608001041,4
230219608001042,4
230219608001043,4
230219608001044,4
230219608001045,4
230219608001046,4
230219608001047,4
230219608001048,4
230219608001049,4
230219608001050,4
230219608001051,4
230219608001052,4
230219608001053,4
230219608001054,4
230219608001055,4
230219608001056,4
230219608001057,4
230219608001058,4
230219608001059,4
230219608001060,4
230219608001061,4
230219608001062,4
230219608001063,4
230219608001064,4
230219608001065,4
230219608001066,4
230219608001067,4
230219608001068,4
230219608001069,4
230219608001070,4
230219608001071,4
230219608001072,4
230219608001073,4
230219608001074,4
230219608001075,4
230219608001076,4
230219608001077,4
230219608001078,4
230219608001079,4
230219608001083,4
230219605002048,4
230219605002049,4
230219605002077,4
230219605002078,4
230219605002079,4
230219605002080,4
230219605002081,4
230219605002126,4
230219605002127,4
230219605002128,4
230219605002129,4
230219605002130,4
230219605002131,4
230219605002132,4
230219605002133,4
230219605002134,4
230219605002137,4
230219605002138,4
230219605002139,4
230219605002140,4
230219605002141,4
230219605002142,4
230219605002143,4
230219605002144,4
230219605002145,4
230219605002146,4
230219605002147,4
230219605002148,4
230219605002149,4
230219605002150,4
230219605002151,4
230219605002152,4
230219605002153,4
230219605002154,4
230219605002155,4
230219605002156,4
230219605002157,4
230219605002158,4
230219605002159,4
230219605002160,4
230219605002161,4
230219605002162,4
230219605002163,4
230219605002164,4
230219605002167,4
230219605002168,4
230219605002169,4
230219605002187,4
230219604001007,4
230219604001008,4
230219604001009,4
230219604001039,4
230219604001040,4
230219604001041,4
230219604001042,4
230219604001043,4
230219604001048,4
230219604001049,4
230219604001050,4
230219604001051,4
230219604001052,4
230219604001053,4
230219604001054,4
230219604001055,4
230219604001056,4
230219604001057,4
230219604001059,4
230219604001067,4
230219604001068,4
230219604001069,4
230219604001070,4
230219604001071,4
230219604001096,4
230219604001097,4
230219604001098,4
230219604001099,4
230219604001100,4
230219604001101,4
230219604001102,4
230219604001103,4
230219604001104,4
230219604001105,4
230219604001106,4
230219604001107,4
230219604001108,4
230219604001109,4
230219604001110,4
230219604001111,4
230219604001112,4
230219604001113,4
230219604001114,4
230219604001115,4
230219604001116,4
230219604001117,4
230219604001118,4
230219604001119,4
230219604001120,4
230219604001121,4
230219604001131,4
230219604001134,4
230219604001135,4
230219604001136,4
230219604001137,4
230219604001138,4
230219604001139,4
230219604001141,4
230219604001143,4
230219604001144,4
230219604001145,4
230219604001229,4
230219604001230,4
230259664001000,3
230259664001001,3
230259664001002,3
230259664001003,3
230259664001004,3
230259664001005,3
230259664001006,3
230259664001007,3
230259664001008,3
230259664001009,3
230259664001010,3
230259664001011,3
230259664001012,3
230259664001013,3
230259664001014,3
230259664001015,3
230259664001016,3
230259664001017,3
230259664001018,3
230259664001019,3
230259664001020,3
230259664001021,3
230259664001022,3
230259664001023,3
230259664001024,3
230259664001025,3
230259664001026,3
230259664001027,3
230259664001028,3
230259664001029,3
230259664001030,3
230259664001031,3
230259664001032,3
230259664001033,3
230259664001034,3
230259664001035,3
230259664001036,3
230259664001037,3
230259664001038,3
230259664001039,3
230259664001040,3
230259664001041,3
230259664001042,3
230259664001043,3
230259664001044,3
230259664001045,3
230259664001046,3
230259664001047,3
230259664001048,3
230259664001049,3
230259664001050,3
230259664001051,3
230259664001052,3
230259664001053,3
230259664001054,3
230259664001055,3
230259664001056,3
230259664001057,3
230259664001058,3
230259664001059,3
230259664001060,3
230259664001061,3
230259664001062,3
230259664001063,3
230259664001064,3
230259664001065,3
230259664001066,3
230259664001067,3
230259664001068,3
230259664001069,3
230259664001070,3
230259664002000,3
230259664002001,3
230259664002002,3
230259664002003,3
230259664002004,3
230259664002005,3
230259664002006,3
230259664002007,3
230259664002008,3
230259664002009,3
230259664002010,3
230259664002011,3
230259664002012,3
230259664002013,3
230259664002014,3
230259664002015,3
230259664002016,3
230259664002017,3
230259664002018,3
230259664002019,3
230259664002020,3
230259664002021,3
230259664002022,3
230259664002023,3
230259664002024,3
230259664002025,3
230259664002026,3
230259664002027,3
230259664002028,3
230259664002029,3
230259664002030,3
230259664002031,3
230259664002032,3
230259664002033,3
230259664002034,3
230259664002035,3
230259664002036,3
230259664002037,3
230259664002038,3
230259656001024,4
230259656001025,4
230259656001026,4
230259656001027,4
230259656001036,4
230259656001037,4
230259656001038,4
230259656001039,4
230259656001040,4
230259656001042,4
230259656001043,4
230259656001044,4
230259656001045,4
230259656001046,4
230259656001047,4
230259656001048,4
230259656001049,4
230259656001050,4
230259656001051,4
230259656001052,4
230259656001053,4
230259656001054,4
230259656001055,4
230259656001056,4
230259656001057,4
230259656001058,4
230259656001059,4
230259656001060,4
230259656001061,4
230259656001062,4
230259656001063,4
230259656001064,4
230259656001065,4
230259656001066,4
230259656001067,4
230259656001068,4
230259656001069,4
230259656001070,4
230259656001071,4
230259656001072,4
230259656001073,4
230259656001074,4
230259656001075,4
230259656001076,4
230259656001077,4
230259656001078,4
230259656001079,4
230259656001080,4
230259656001081,4
230259656001082,4
230259656001083,4
230259656001084,4
230259656001085,4
230259656001086,4
230259656001087,4
230259656001088,4
230259656001089,4
230259656001090,4
230259656001091,4
230259656001092,4
230259656001093,4
230259656001094,4
230259656001095,4
230259656001096,4
230259656001097,4
230259656001098,4
230259656001099,4
230259656001100,4
230259656001101,4
230259656001102,4
230259656001103,4
230259656001104,4
230259656001105,4
230259656001106,4
230259656001107,4
230259656001112,4
230259656001113,4
230259662002000,3
230259662002001,3
230259662002002,3
230259662002003,3
230259662002004,3
230259662002005,3
230259662002006,3
230259662002007,3
230259662002008,3
230259662002009,3
230259662002010,3
230259662002011,3
230259662002012,3
230259662002013,3
230259662002014,3
230259662002015,3
230259662002016,3
230259662002017,3
230259662002018,3
230259662002019,3
230259662002020,3
230259662002021,3
230259662002022,3
230259662002023,3
230259662002024,3
230259662002025,3
230259662002026,3
230259662002027,3
230259662002028,3
230259662002029,3
230259662002030,3
230259662002031,3
230259662002032,3
230259662002033,3
230259662002034,3
230259662002035,3
230259662002036,3
230259662002037,3
230259662002038,3
230259662002039,3
230259662002040,3
230259662002041,3
230259662002042,3
230259662002043,3
230259662002044,3
230259662002045,3
230259662002046,3
230259662002047,3
230259662002048,3
230259662002049,3
230259662002050,3
230259662002051,3
230259662002052,3
230259662002053,3
230259662002054,3
230259662002055,3
230259662002056,3
230259656001000,4
230259656001001,4
230259656001002,4
230259656001003,4
230259656001004,4
230259656001005,4
230259656001006,4
230259656001007,4
230259656001008,4
230259656001009,4
230259656001010,4
230259656001011,4
230259656001012,4
230259656001013,4
230259656001014,4
230259656001015,4
230259656001016,4
230259656001017,4
230259656001018,4
230259656001019,4
230259656001020,4
230259656001021,4
230259656001022,4
230259656001023,4
230259656001028,4
230259656001029,4
230259656001030,4
230259656001031,4
230259656001032,4
230259656001033,4
230259656001034,4
230259656001035,4
230259656001041,4
230259656001108,4
230259656001109,4
230259656001110,4
230259656001111,4
230259657002000,4
230259657002001,4
230259657002002,4
230259657002003,4
230259657002004,4
230259657002005,4
230259657002006,4
230259657002007,4
230259657002008,4
230259657002009,4
230259657002010,4
230259657002011,4
230259657002012,4
230259657002013,4
230259657002014,4
230259657002015,4
230259657002016,4
230259657002017,4
230259657002024,4
230259657002025,4
230259657002026,4
230259657002027,4
230259657002028,4
230259657002029,4
230259657002030,4
230259657002031,4
230259657002032,4
230259657002033,4
230259657002047,4
230259661002000,3
230259661002001,3
230259661002002,3
230259661002003,3
230259661002004,3
230259661002005,3
230259661002006,3
230259661002007,3
230259661002008,3
230259661002009,3
230259661002010,3
230259661002011,3
230259661002012,3
230259661002013,3
230259661002014,3
230259661002015,3
230259661002016,3
230259661002017,3
230259661002018,3
230259661002019,3
230259661002020,3
230259661002021,3
230259661002022,3
230259661002023,3
230259661002024,3
230259661002025,3
230259661002026,3
230259661002027,3
230259661002028,3
230259661002029,3
230259661003000,3
230259661003001,3
230259661003002,3
230259661003003,3
230259661003004,3
230259661003005,3
230259661003006,3
230259661003007,3
230259661003008,3
230259661003009,3
230259661003010,3
230259661003011,3
230259661003012,3
230259661003013,3
230259661003014,3
230259661003015,3
230259661003016,3
230259661003017,3
230259661003018,3
230259661003019,3
230259661003020,3
230259661003021,3
230259661003022,3
230259661003023,3
230259661003024,3
230259661003025,3
230259661003026,3
230259661003027,3
230259661003028,3
230259661003029,3
230259661003030,3
230259661003031,3
230259653023119,3
230259653023120,3
230259653023122,3
230259653023123,3
230259653023124,3
230259653023125,3
230259653023126,3
230259653023128,3
230259653023134,3
230259653023137,3
230259653023207,3
230259653023208,3
230259653023394,3
230259653023395,3
230259653023396,3
230259653023397,3
230259653023398,3
230259653023399,3
230259653023400,3
230259653023426,3
230259653023431,3
230259653023433,3
230259663001000,3
230259663001001,3
230259663001002,3
230259663001003,3
230259663001004,3
230259663001005,3
230259663001006,3
230259663001007,3
230259663001008,3
230259663001009,3
230259663001010,3
230259663001011,3
230259663001012,3
230259663001013,3
230259663001014,3
230259663001015,3
230259663001016,3
230259663001017,3
230259663001018,3
230259663001019,3
230259663001020,3
230259663001021,3
230259663001022,3
230259663001023,3
230259663001024,3
230259663001025,3
230259663001026,3
230259663001027,3
230259663001028,3
230259663001029,3
230259663001030,3
230259663001031,3
230259663001032,3
230259663001033,3
230259663001034,3
230259663001035,3
230259663001036,3
230259663001037,3
230259663001038,3
230259663001039,3
230259663001040,3
230259663001041,3
230259663001042,3
230259663001043,3
230259663001044,3
230259663001045,3
230259663001046,3
230259663001049,3
230259663001050,3
230259663001061,3
230259663001105,3
230259663001106,3
230259663001107,3
230259663001109,3
230259663001110,3
230259661001000,3
230259661001001,3
230259661001002,3
230259661001003,3
230259661001004,3
230259661001005,3
230259661001006,3
230259661001007,3
230259661001008,3
230259661001009,3
230259661001010,3
230259661001011,3
230259661001012,3
230259661001013,3
230259661001014,3
230259661001015,3
230259661001016,3
230259661001017,3
230259661001018,3
230259661001019,3
230259661001020,3
230259661001021,3
230259661001022,3
230259661001023,3
230259661001024,3
230259661001025,3
230259661001026,3
230259661001027,3
230259661001028,3
230259661001029,3
230259661001030,3
230259661001031,3
230259661001032,3
230259661001033,3
230259661001034,3
230259661001035,3
230259661001036,3
230259661001037,3
230259661001038,3
230259661001039,3
230259661001040,3
230259661001041,3
230259661001042,3
230259661001043,3
230259661001044,3
230259661001045,3
230259661001046,3
230259661001047,3
230259661001048,3
230259661001049,3
230259661001050,3
230259661001051,3
230259661001052,3
230259661001053,3
230259661001054,3
230259661001055,3
230259661001056,3
230259661001057,3
230259661001058,3
230259661001059,3
230259661001060,3
230259661001061,3
230259653024000,3
230259653024001,3
230259653024002,3
230259653024003,3
230259653024004,3
230259653024005,3
230259653024006,3
230259653024007,3
230259653024008,3
230259653024009,3
230259653024010,3
230259653024011,3
230259653024012,3
230259653024019,3
230259653024020,3
230259653024021,3
230259653024022,3
230259653024023,3
230259653024024,3
230259653024025,3
230259653024026,3
230259653024031,3
230259653024032,3
230259653024040,3
230259653024041,3
230259653024042,3
230259653024043,3
230259653024044,3
230259653024270,3
230259653024271,3
230259658002000,4
230259658002001,4
230259658002002,4
230259658002003,4
230259658002004,4
230259658002005,4
230259658002006,4
230259658002007,4
230259658002008,4
230259658002009,4
230259658002010,4
230259658002011,4
230259658002012,4
230259658002013,4
230259658002014,4
230259658002015,4
230259658002016,4
230259658002017,4
230259658002018,4
230259658002019,4
230259658002020,4
230259658002021,4
230259658002022,4
230259658002023,4
230259658002024,4
230259658002025,4
230259658002026,4
230259658002027,4
230259658002028,4
230259658002029,4
230259658002030,4
230259658002031,4
230259658002032,4
230259658002033,4
230259658002034,4
230259658002035,4
230259663002000,3
230259663002001,3
230259663002002,3
230259663002003,3
230259663002004,3
230259663002005,3
230259663002006,3
230259663002007,3
230259663002008,3
230259663002009,3
230259663002010,3
230259663002011,3
230259663002012,3
230259663002013,3
230259663002014,3
230259663002015,3
230259663002016,3
230259663002017,3
230259663002018,3
230259663002019,3
230259663002020,3
230259663002021,3
230259663002022,3
230259663002023,3
230259663002024,3
230259663002025,3
230259663002026,3
230259663002027,3
230259663002028,3
230259663002029,3
230259663002030,3
230259663002031,3
230259663002032,3
230259663002033,3
230259663002034,3
230259663002035,3
230259663002036,3
230259663002037,3
230259663002038,3
230259663002039,3
230259663002040,3
230259663002041,3
230259663002042,3
230259663002043,3
230259663002044,3
230259663002045,3
230259663002046,3
230259663002047,3
230259663002048,3
230259663002049,3
230259663002050,3
230259663002051,3
230259663002052,3
230259663002053,3
230259663002054,3
230259663002055,3
230259663002056,3
230259663002057,3
230259663002058,3
230259663002059,3
230259663002060,3
230259663002061,3
230259663002062,3
230259663002063,3
230259663002064,3
230259663002065,3
230259663002066,3
230259663002067,3
230259668011000,16
230259668011001,16
230259668011002,16
230259668011003,16
230259668011004,16
230259668011005,16
230259668011006,16
230259668011007,16
230259668011008,16
230259668011009,16
230259668011010,16
230259668011011,16
230259668011012,16
230259668011013,16
230259668011014,16
230259668011015,16
230259668011016,16
230259668011017,16
230259668011018,16
230259668011019,16
230259668011020,16
230259668011021,16
230259668011022,16
230259668011023,16
230259668011024,16
230259668011025,16
230259668012000,16
230259668012001,16
230259668012002,16
230259668012003,16
230259668012004,16
230259668012005,16
230259668012006,16
230259668012007,16
230259668012008,16
230259668012009,16
230259668012010,16
230259668012011,16
230259668012012,16
230259668012013,16
230259668012014,16
230259668012015,16
230259668012016,16
230259668012017,16
230259668012018,16
230259668012019,16
230259668012020,16
230259668012021,16
230259668012022,16
230259668012023,16
230259668012024,16
230259668012025,16
230259668012026,16
230259668012027,16
230259668012028,16
230259668013000,16
230259668013001,16
230259668013002,16
230259668013003,16
230259668013004,16
230259668013005,16
230259668013006,16
230259668013007,16
230259668013008,16
230259668013009,16
230259668013010,16
230259668013011,16
230259668013012,16
230259668013013,16
230259668013014,16
230259668013015,16
230259668013016,16
230259668013017,16
230259668013018,16
230259668013019,16
230259668013020,16
230259668013021,16
230259668013022,16
230259668013023,16
230259668014000,16
230259668014001,16
230259668014002,16
230259668014003,16
230259668014004,16
230259668014005,16
230259668014006,16
230259668014007,16
230259668014008,16
230259668014009,16
230259668014010,16
230259668014011,16
230259668014012,16
230259668014013,16
230259668014014,16
230259668014015,16
230259668014016,16
230259668014017,16
230259668014018,16
230259668014019,16
230259668014020,16
230259668021000,16
230259668021001,16
230259668021002,16
230259668021003,16
230259668021004,16
230259668021005,16
230259668021006,16
230259668021007,16
230259668021008,16
230259668021009,16
230259668021010,16
230259668021011,16
230259668021012,16
230259668021013,16
230259668021014,16
230259668021015,16
230259668022000,16
230259668022001,16
230259668022002,16
230259668022003,16
230259668022004,16
230259668022005,16
230259668022006,16
230259668022007,16
230259668022008,16
230259668022009,16
230259668022010,16
230259668022011,16
230259668022012,16
230259668022013,16
230259668022014,16
230259668022015,16
230259668022016,16
230259668022017,16
230259668022018,16
230259668022019,16
230259668022020,16
230259668022021,16
230259668022022,16
230259668022023,16
230259668022024,16
230259668022025,16
230259668022026,16
230259668022027,16
230259668022028,16
230259668022029,16
230259668022030,16
230259668022031,16
230259668022032,16
230259668022033,16
230259668022034,16
230259668023000,16
230259668023001,16
230259668023002,16
230259668023003,16
230259668023004,16
230259668023005,16
230259668023006,16
230259668023007,16
230259668023008,16
230259668023009,16
230259668023010,16
230259668023011,16
230259668023012,16
230259668023013,16
230259668023014,16
230259668023015,16
230259656002000,4
230259656002001,4
230259656002002,4
230259656002003,4
230259656002004,4
230259656002005,4
230259656002006,4
230259656002007,4
230259656002008,4
230259656002009,4
230259656002010,4
230259656002011,4
230259656002012,4
230259656002013,4
230259656002014,4
230259656002015,4
230259656002016,4
230259656002017,4
230259656002018,4
230259656002019,4
230259656002020,4
230259656002021,4
230259656002022,4
230259656002023,4
230259656002024,4
230259656002025,4
230259656002026,4
230259656002027,4
230259656002028,4
230259656002029,4
230259656002030,4
230259656002031,4
230259656002032,4
230259656002033,4
230259656002034,4
230259656002035,4
230259656002036,4
230259656002037,4
230259656002038,4
230259656002039,4
230259656002040,4
230259656002041,4
230259656002042,4
230259656002043,4
230259656002044,4
230259656002045,4
230259656002046,4
230259656002047,4
230259656002048,4
230259656002049,4
230259656002050,4
230259656002051,4
230259656002052,4
230259656002053,4
230259656002054,4
230259656002055,4
230259656002056,4
230259656002057,4
230259656002058,4
230259659001000,4
230259659001001,4
230259659001002,4
230259659001003,4
230259659001004,4
230259659001005,4
230259659001006,4
230259659001007,4
230259659001008,4
230259659001009,4
230259659001010,4
230259659001011,4
230259659001012,4
230259659001013,4
230259659001014,4
230259659001015,4
230259659001016,4
230259659001017,4
230259659001018,4
230259659001019,4
230259659001020,4
230259659001021,4
230259659001022,4
230259659001023,4
230259659001024,4
230259659001025,4
230259659001026,4
230259659001027,4
230259659001028,4
230259659001029,4
230259659001030,4
230259659001031,4
230259659001032,4
230259659001033,4
230259659001034,4
230259659001035,4
230259659001036,4
230259659001037,4
230259659001038,4
230259659001039,4
230259659001040,4
230259659001041,4
230259659001042,4
230259659001043,4
230259659001044,4
230259659001045,4
230259659001046,4
230259659001047,4
230259659001048,4
230259659001049,4
230259659001050,4
230259659001051,4
230259659001052,4
230259659001053,4
230259659001054,4
230259659001055,4
230259659001056,4
230259659001057,4
230259659001058,4
230259659001059,4
230259659001060,4
230259659001061,4
230259659001062,4
230259659001063,4
230259659001064,4
230259659001065,4
230259659001066,4
230259659001067,4
230259659001068,4
230259659001069,4
230259659001070,4
230259659001071,4
230259659001072,4
230259653023361,3
230259653023362,3
230259653023363,3
230259653023364,3
230259653023365,3
230259653023366,3
230259653023367,3
230259653023368,3
230259653023369,3
230259653023370,3
230259653023371,3
230259653023372,3
230259653023373,3
230259653023385,3
230259653023386,3
230259653023387,3
230259653023388,3
230259653023389,3
230259653023390,3
230259653023413,3
230259653023414,3
230259653011012,3
230259653011013,3
230259653011022,3
230259653011026,3
230259653011028,3
230259653011029,3
230259653011030,3
230259653011031,3
230259653011032,3
230259653011033,3
230259653011034,3
230259653011035,3
230259653011036,3
230259653011037,3
230259653011038,3
230259653011045,3
230259653011046,3
230259653011047,3
230259653011054,3
230259653011055,3
230259653011056,3
230259653011057,3
230259653011058,3
230259653011059,3
230259653011060,3
230259653011061,3
230259653011062,3
230259653011063,3
230259653011064,3
230259653011065,3
230259653011066,3
230259653011067,3
230259653011068,3
230259653011069,3
230259653011070,3
230259653011071,3
230259653011072,3
230259653011073,3
230259653011074,3
230259653011075,3
230259653011076,3
230259653011077,3
230259653011078,3
230259653011079,3
230259653011080,3
230259653011081,3
230259653011082,3
230259665001000,3
230259665001001,3
230259665001002,3
230259665001003,3
230259665001004,3
230259665001005,3
230259665001006,3
230259665001007,3
230259665001008,3
230259665001009,3
230259665001010,3
230259665001011,3
230259665001012,3
230259665001013,3
230259665001014,3
230259665001015,3
230259665001016,3
230259665001017,3
230259665001018,3
230259665001019,3
230259665001020,3
230259665001021,3
230259665001022,3
230259665002000,3
230259665002001,3
230259665002002,3
230259665002003,3
230259665002004,3
230259665002005,3
230259665002006,3
230259665002007,3
230259665002008,3
230259665002009,3
230259665002010,3
230259665002011,3
230259665002012,3
230259665002013,3
230259665002014,3
230259665002015,3
230259665002016,3
230259665002017,3
230259665002018,3
230259665002019,3
230259665002020,3
230259665002021,3
230259665002022,3
230259665002023,3
230259665002024,3
230259665002025,3
230259665002026,3
230259665002027,3
230259665002028,3
230259665002029,3
230259665002030,3
230259665002031,3
230259665002032,3
230259665002033,3
230259665002034,3
230259665002035,3
230259665002036,3
230259665002037,3
230259665002038,3
230259665002039,3
230259665002040,3
230259665002041,3
230259665002042,3
230259665002043,3
230259665002044,3
230259665002045,3
230259665003000,3
230259665003001,3
230259665003002,3
230259665003003,3
230259665003004,3
230259665003005,3
230259665003006,3
230259665003007,3
230259665003008,3
230259665003009,3
230259665003010,3
230259665003011,3
230259665003012,3
230259665003013,3
230259665003014,3
230259665003015,3
230259665003016,3
230259665003017,3
230259665003018,3
230259665003019,3
230259665003020,3
230259665003021,3
230259665003022,3
230259665003023,3
230259665003024,3
230259665003025,3
230259665003026,3
230259665003027,3
230259665003028,3
230259665003029,3
230259665003030,3
230259665004000,3
230259665004001,3
230259665004002,3
230259665004003,3
230259665004004,3
230259665004005,3
230259665004006,3
230259665004007,3
230259665004008,3
230259665004009,3
230259665004010,3
230259665004011,3
230259665004012,3
230259665004013,3
230259665004014,3
230259665004015,3
230259665004016,3
230259665004017,3
230259665004018,3
230259665004019,3
230259665004020,3
230259670001030,3
230259670001031,3
230259670001035,3
230259670001036,3
230259670001037,3
230259670001038,3
230259670001039,3
230259670001040,3
230259670001041,3
230259670001042,3
230259670001043,3
230259670001044,3
230259670001045,3
230259670001046,3
230259670001047,3
230259670001048,3
230259670001049,3
230259670001050,3
230259670001051,3
230259670001052,3
230259670001053,3
230259670001060,3
230259670001061,3
230259670001062,3
230259670001063,3
230259670001064,3
230259670001065,3
230259670001068,3
230259670001069,3
230259670001070,3
230259653011000,3
230259653011001,3
230259653011002,3
230259653011003,3
230259653011004,3
230259653011005,3
230259653011006,3
230259653011007,3
230259653011008,3
230259653011009,3
230259653011010,3
230259653011011,3
230259653011014,3
230259653011015,3
230259653011016,3
230259653011017,3
230259653011018,3
230259653011019,3
230259653011020,3
230259653011021,3
230259653011023,3
230259653011024,3
230259653011025,3
230259653011027,3
230259653011039,3
230259653011040,3
230259653011041,3
230259653011042,3
230259653011043,3
230259653011044,3
230259653011048,3
230259653011049,3
230259653011050,3
230259653011051,3
230259653011052,3
230259653011053,3
230259653022000,3
230259653022001,3
230259653022002,3
230259653022003,3
230259653022004,3
230259653022005,3
230259653022006,3
230259653022007,3
230259653022008,3
230259653022009,3
230259653022010,3
230259653022011,3
230259653022012,3
230259653022013,3
230259653022014,3
230259653022015,3
230259653022016,3
230259653022017,3
230259653022018,3
230259653022019,3
230259653022021,3
230259653022022,3
230259653022023,3
230259653022040,3
230259653022041,3
230259653022042,3
230259653022043,3
230259653022044,3
230259653022045,3
230259653022046,3
230259653022047,3
230259653022048,3
230259653022049,3
230259653022050,3
230259653022051,3
230259653022052,3
230259653022053,3
230259653022054,3
230259653022055,3
230259653022056,3
230259653022057,3
230259653022058,3
230259653022059,3
230259653022060,3
230259653022061,3
230259653022062,3
230259653022063,3
230259653022064,3
230259653022065,3
230259653022066,3
230259653022067,3
230259653022068,3
230259653022069,3
230259653022070,3
230259653022071,3
230259653022072,3
230259653022073,3
230259653022074,3
230259653022075,3
230259653022076,3
230259653022077,3
230259653022078,3
230259653022080,3
230259663001047,3
230259663001048,3
230259663001051,3
230259663001052,3
230259663001053,3
230259663001054,3
230259663001055,3
230259663001056,3
230259663001057,3
230259663001058,3
230259663001059,3
230259663001060,3
230259663001062,3
230259663001063,3
230259663001064,3
230259663001065,3
230259663001066,3
230259663001067,3
230259663001068,3
230259663001069,3
230259663001070,3
230259663001071,3
230259663001072,3
230259663001073,3
230259663001074,3
230259663001075,3
230259663001076,3
230259663001077,3
230259663001078,3
230259663001079,3
230259663001080,3
230259663001081,3
230259663001082,3
230259663001083,3
230259663001084,3
230259663001085,3
230259663001086,3
230259663001087,3
230259663001088,3
230259663001089,3
230259663001090,3
230259663001091,3
230259663001092,3
230259663001093,3
230259663001094,3
230259663001095,3
230259663001096,3
230259663001097,3
230259663001098,3
230259663001099,3
230259663001100,3
230259663001101,3
230259663001102,3
230259663001103,3
230259663001104,3
230259663001108,3
230259669001000,3
230259669001001,3
230259669001002,3
230259669001003,3
230259669001004,3
230259669001005,3
230259669001006,3
230259669001007,3
230259669001008,3
230259669001009,3
230259669001010,3
230259669001011,3
230259669001012,3
230259669001013,3
230259669001014,3
230259669001015,3
230259669001016,3
230259669001017,3
230259669001018,3
230259669001019,3
230259669001020,3
230259669001021,3
230259669001022,3
230259669001023,3
230259669001024,3
230259669001025,3
230259669001026,3
230259669001027,3
230259669001028,3
230259669001029,3
230259669001030,3
230259669001031,3
230259669001032,3
230259669001033,3
230259669001034,3
230259669001035,3
230259669001036,3
230259669001037,3
230259669001038,3
230259669001039,3
230259669001040,3
230259669001041,3
230259669001042,3
230259669002000,3
230259669002001,3
230259669002002,3
230259669002003,3
230259669002004,3
230259669002005,3
230259669002006,3
230259669002007,3
230259669002008,3
230259669002009,3
230259669002010,3
230259669002011,3
230259669002012,3
230259669002013,3
230259669002014,3
230259669002015,3
230259669002016,3
230259669002017,3
230259669002018,3
230259669002019,3
230259669002020,3
230259669002021,3
230259669002022,3
230259669002023,3
230259669002024,3
230259669002025,3
230259669002026,3
230259669002027,3
230259669002028,3
230259669002029,3
230259669002030,3
230259669002031,3
230259669002032,3
230259669002033,3
230259669002034,3
230259669002035,3
230259669002036,3
230259669002037,3
230259669002038,3
230259653021422,3
230259653021423,3
230259653021424,3
230259653021425,3
230259653021436,3
230259653021437,3
230259653021475,3
230259653021476,3
230259653021477,3
230259653021478,3
230259653021479,3
230259653021480,3
230259653021481,3
230259653021483,3
230259653021484,3
230259653021485,3
230259653021486,3
230259653021487,3
230259653021488,3
230259653021489,3
230259653021490,3
230259653021491,3
230259653021492,3
230259653021493,3
230259653021494,3
230259653021495,3
230259653021496,3
230259653021497,3
230259653021498,3
230259653021499,3
230259653021500,3
230259653021501,3
230259653021502,3
230259653021503,3
230259653021504,3
230259653021505,3
230259653021506,3
230259653021507,3
230259653021508,3
230259653021509,3
230259653021510,3
230259653021511,3
230259653021512,3
230259653021513,3
230259653021514,3
230259653021515,3
230259653021516,3
230259653021517,3
230259653021518,3
230259653021519,3
230259653021520,3
230259653021521,3
230259653021522,3
230259653021523,3
230259653021524,3
230259653021525,3
230259653021526,3
230259653021527,3
230259653021528,3
230259653021529,3
230259653021530,3
230259653021531,3
230259653021532,3
230259653021534,3
230259653021535,3
230259653021536,3
230259653021537,3
230259653021538,3
230259653021539,3
230259653021540,3
230259653021541,3
230259653021542,3
230259653021543,3
230259653021544,3
230259653021545,3
230259653021546,3
230259653021547,3
230259653021548,3
230259653021549,3
230259653021550,3
230259653021553,3
230259653021554,3
230259653021555,3
230259653021556,3
230259653021557,3
230259653021558,3
230259653021559,3
230259653021560,3
230259653021561,3
230259653021562,3
230259653021563,3
230259653021564,3
230259653021565,3
230259653021566,3
230259653021567,3
230259653021568,3
230259653021569,3
230259653021570,3
230259653021571,3
230259653021572,3
230259653021573,3
230259653021574,3
230259653021575,3
230259653021576,3
230259653021577,3
230259653021578,3
230259653021579,3
230259653021580,3
230259653021581,3
230259653021582,3
230259653021583,3
230259653021584,3
230259653021585,3
230259653021586,3
230259653021587,3
230259653021588,3
230259653021589,3
230259653021590,3
230259653021591,3
230259653021592,3
230259653021593,3
230259653021594,3
230259653021595,3
230259653021596,3
230259653021597,3
230259653021598,3
230259653021599,3
230259653021600,3
230259653021601,3
230259653021602,3
230259653021603,3
230259653021604,3
230259653021605,3
230259653021606,3
230259653021607,3
230259653021608,3
230259653021609,3
230259653021610,3
230259653021611,3
230259653021612,3
230259653021613,3
230259653021614,3
230259653021615,3
230259653021616,3
230259653021617,3
230259653021618,3
230259653021619,3
230259653021620,3
230259653021621,3
230259653021622,3
230259653021623,3
230259653021624,3
230259653021625,3
230259653021626,3
230259653021627,3
230259653021628,3
230259653021629,3
230259653021630,3
230259653021631,3
230259653021632,3
230259653021633,3
230259653021634,3
230259653021635,3
230259653021636,3
230259653021637,3
230259653021638,3
230259653021639,3
230259653021640,3
230259653021641,3
230259653021642,3
230259653021643,3
230259653021644,3
230259653021645,3
230259653021646,3
230259653021647,3
230259653021648,3
230259653021649,3
230259653021650,3
230259653021651,3
230259653021652,3
230259653021653,3
230259653021654,3
230259653021655,3
230259653021656,3
230259653021657,3
230259653021658,3
230259653021659,3
230259653021660,3
230259653021661,3
230259653021662,3
230259653021663,3
230259653021664,3
230259653021665,3
230259653021666,3
230259653021667,3
230259653021668,3
230259653021669,3
230259653021670,3
230259653021671,3
230259653021672,3
230259653021673,3
230259653021674,3
230259653021675,3
230259653021676,3
230259653021677,3
230259653021678,3
230259653021679,3
230259653021680,3
230259653021681,3
230259653021682,3
230259653021683,3
230259653021684,3
230259653021685,3
230259653021686,3
230259653021687,3
230259653021688,3
230259653021689,3
230259653021690,3
230259653021691,3
230259653021692,3
230259653021693,3
230259653021694,3
230259653021695,3
230259653021696,3
230259653021697,3
230259653021698,3
230259653021699,3
230259653021700,3
230259653021701,3
230259653021702,3
230259653021703,3
230259653021704,3
230259653021705,3
230259653021706,3
230259653021707,3
230259653021708,3
230259653021709,3
230259653021710,3
230259653021711,3
230259653021712,3
230259653021713,3
230259653021714,3
230259653021715,3
230259653021716,3
230259653021717,3
230259653021718,3
230259653021719,3
230259653021720,3
230259653021721,3
230259653021722,3
230259653021723,3
230259653021724,3
230259653021725,3
230259653021726,3
230259653021727,3
230259653021728,3
230259653021729,3
230259653021730,3
230259653021731,3
230259653021732,3
230259653021733,3
230259653021734,3
230259653021735,3
230259653021736,3
230259653021737,3
230259653021738,3
230259653021739,3
230259653021740,3
230259653021741,3
230259653021742,3
230259653021743,3
230259653021744,3
230259653021745,3
230259653021746,3
230259653021747,3
230259653021748,3
230259653021749,3
230259653021750,3
230259653021751,3
230259653021752,3
230259653021753,3
230259653021754,3
230259653021755,3
230259653021756,3
230259653021757,3
230259653021758,3
230259653021759,3
230259653021760,3
230259653021761,3
230259653021762,3
230259653021763,3
230259653021764,3
230259653021765,3
230259653021766,3
230259653021767,3
230259653021768,3
230259653021769,3
230259653021770,3
230259653021771,3
230259653021772,3
230259653021773,3
230259653021774,3
230259653021775,3
230259653021776,3
230259653021777,3
230259653021778,3
230259653021779,3
230259653021780,3
230259653021781,3
230259653021782,3
230259653021783,3
230259653021784,3
230259653021785,3
230259653021786,3
230259653021787,3
230259653021788,3
230259653021789,3
230259653021790,3
230259653021791,3
230259653021792,3
230259653021793,3
230259653021794,3
230259653021795,3
230259653021796,3
230259653021797,3
230259653021798,3
230259653021799,3
230259653021800,3
230259653023000,3
230259653023001,3
230259653023002,3
230259653023003,3
230259653023004,3
230259653023005,3
230259653023006,3
230259653023007,3
230259653023008,3
230259653023009,3
230259653023010,3
230259653023011,3
230259653023012,3
230259653023013,3
230259653023014,3
230259653023015,3
230259653023016,3
230259653023017,3
230259653023018,3
230259653023019,3
230259653023020,3
230259653023021,3
230259653023022,3
230259653023023,3
230259653023024,3
230259653023025,3
230259653023026,3
230259653023027,3
230259653023028,3
230259653023029,3
230259653023030,3
230259653023032,3
230259653023038,3
230259653023039,3
230259653023040,3
230259653023041,3
230259653023042,3
230259653023043,3
230259653023044,3
230259653023045,3
230259653023046,3
230259653023047,3
230259653023048,3
230259653023049,3
230259653023050,3
230259653023051,3
230259653023052,3
230259653023053,3
230259653023054,3
230259653023055,3
230259653023056,3
230259653023057,3
230259653023058,3
230259653023059,3
230259653023060,3
230259653023061,3
230259653023062,3
230259653023063,3
230259653023064,3
230259653023065,3
230259653023066,3
230259653023067,3
230259653023068,3
230259653023069,3
230259653023070,3
230259653023071,3
230259653023073,3
230259653023074,3
230259653023075,3
230259653023076,3
230259653023077,3
230259653023078,3
230259653023103,3
230259653023104,3
230259653023107,3
230259653023108,3
230259653023109,3
230259653023110,3
230259653023111,3
230259653023112,3
230259653023113,3
230259653023114,3
230259653023115,3
230259653023116,3
230259653023117,3
230259653023118,3
230259653023121,3
230259653023127,3
230259653023129,3
230259653023138,3
230259653023139,3
230259653023140,3
230259653023141,3
230259653023142,3
230259653023143,3
230259653023144,3
230259653023145,3
230259653023146,3
230259653023147,3
230259653023148,3
230259653023149,3
230259653023150,3
230259653023151,3
230259653023152,3
230259653023153,3
230259653023154,3
230259653023188,3
230259653023189,3
230259653023190,3
230259653023191,3
230259653023192,3
230259653023193,3
230259653023194,3
230259653023195,3
230259653023196,3
230259653023197,3
230259653023198,3
230259653023199,3
230259653023200,3
230259653023201,3
230259653023202,3
230259653023203,3
230259653023204,3
230259653023205,3
230259653023206,3
230259653023211,3
230259653023212,3
230259653023417,3
230259653023418,3
230259653023419,3
230259653023420,3
230259653023421,3
230259653023423,3
230259653023424,3
230259653023437,3
230259653023159,3
230259653023210,3
230259653023213,3
230259653023214,3
230259653023215,3
230259653023216,3
230259653023217,3
230259653023218,3
230259653023219,3
230259653023220,3
230259653023221,3
230259653023222,3
230259653023223,3
230259653023224,3
230259653023225,3
230259653023226,3
230259653023227,3
230259653023228,3
230259653023229,3
230259653023230,3
230259653023231,3
230259653023232,3
230259653023233,3
230259653023234,3
230259653023235,3
230259653023236,3
230259653023237,3
230259653023238,3
230259653023239,3
230259653023240,3
230259653023241,3
230259653023242,3
230259653023243,3
230259653023244,3
230259653023245,3
230259653023246,3
230259653023247,3
230259653023248,3
230259653023249,3
230259653023250,3
230259653023251,3
230259653023252,3
230259653023253,3
230259653023254,3
230259653023255,3
230259653023256,3
230259653023257,3
230259653023258,3
230259653023259,3
230259653023260,3
230259653023261,3
230259653023262,3
230259653023263,3
230259653023264,3
230259653023265,3
230259653023266,3
230259653023267,3
230259653023268,3
230259653023269,3
230259653023270,3
230259653023271,3
230259653023272,3
230259653023273,3
230259653023274,3
230259653023275,3
230259653023276,3
230259653023277,3
230259653023278,3
230259653023279,3
230259653023280,3
230259653023281,3
230259653023282,3
230259653023283,3
230259653023284,3
230259653023285,3
230259653023286,3
230259653023287,3
230259653023288,3
230259653023289,3
230259653023290,3
230259653023291,3
230259653023292,3
230259653023293,3
230259653023294,3
230259653023295,3
230259653023296,3
230259653023297,3
230259653023298,3
230259653023299,3
230259653023300,3
230259653023301,3
230259653023302,3
230259653023303,3
230259653023304,3
230259653023305,3
230259653023306,3
230259653023307,3
230259653023308,3
230259653023309,3
230259653023310,3
230259653023311,3
230259653023312,3
230259653023313,3
230259653023314,3
230259653023315,3
230259653023316,3
230259653023317,3
230259653023318,3
230259653023319,3
230259653023320,3
230259653023321,3
230259653023322,3
230259653023323,3
230259653023324,3
230259653023325,3
230259653023326,3
230259653023327,3
230259653023328,3
230259653023329,3
230259653023330,3
230259653023331,3
230259653023332,3
230259653023333,3
230259653023334,3
230259653023335,3
230259653023336,3
230259653023337,3
230259653023338,3
230259653023339,3
230259653023340,3
230259653023341,3
230259653023342,3
230259653023343,3
230259653023344,3
230259653023345,3
230259653023346,3
230259653023347,3
230259653023348,3
230259653023349,3
230259653023350,3
230259653023351,3
230259653023352,3
230259653023353,3
230259653023354,3
230259653023355,3
230259653023356,3
230259653023357,3
230259653023358,3
230259653023359,3
230259653023360,3
230259653023374,3
230259653023375,3
230259653023376,3
230259653023377,3
230259653023378,3
230259653023379,3
230259653023380,3
230259653023381,3
230259653023382,3
230259653023383,3
230259653023384,3
230259653023391,3
230259653023392,3
230259653023393,3
230259653023401,3
230259653023402,3
230259653023403,3
230259653023404,3
230259653023405,3
230259653023406,3
230259653023407,3
230259653023408,3
230259653023409,3
230259653023410,3
230259653023411,3
230259653023412,3
230259653023415,3
230259653023416,3
230259653023422,3
230259653023429,3
230259653023430,3
230259653023434,3
230259653023435,3
230259653023436,3
230259653024013,3
230259653024014,3
230259653024015,3
230259653024016,3
230259653024017,3
230259653024018,3
230259653024027,3
230259653024028,3
230259653024029,3
230259653024030,3
230259653024033,3
230259653024034,3
230259653024035,3
230259653024036,3
230259653024037,3
230259653024038,3
230259653024039,3
230259653024045,3
230259653024046,3
230259653024047,3
230259653024048,3
230259653024049,3
230259653024050,3
230259653024051,3
230259653024052,3
230259653024053,3
230259653024054,3
230259653024055,3
230259653024056,3
230259653024057,3
230259653024058,3
230259653024059,3
230259653024060,3
230259653024061,3
230259653024062,3
230259653024063,3
230259653024064,3
230259653024065,3
230259653024066,3
230259653024067,3
230259653024068,3
230259653024069,3
230259653024070,3
230259653024071,3
230259653024072,3
230259653024073,3
230259653024074,3
230259653024075,3
230259653024076,3
230259653024077,3
230259653024078,3
230259653024079,3
230259653024080,3
230259653024081,3
230259653024082,3
230259653024083,3
230259653024084,3
230259653024085,3
230259653024086,3
230259653024087,3
230259653024088,3
230259653024089,3
230259653024090,3
230259653024091,3
230259653024092,3
230259653024093,3
230259653024094,3
230259653024095,3
230259653024096,3
230259653024097,3
230259653024098,3
230259653024099,3
230259653024100,3
230259653024101,3
230259653024102,3
230259653024103,3
230259653024104,3
230259653024105,3
230259653024106,3
230259653024107,3
230259653024108,3
230259653024109,3
230259653024110,3
230259653024111,3
230259653024112,3
230259653024113,3
230259653024114,3
230259653024115,3
230259653024116,3
230259653024117,3
230259653024118,3
230259653024119,3
230259653024120,3
230259653024121,3
230259653024122,3
230259653024123,3
230259653024124,3
230259653024125,3
230259653024126,3
230259653024127,3
230259653024128,3
230259653024129,3
230259653024130,3
230259653024131,3
230259653024132,3
230259653024133,3
230259653024134,3
230259653024135,3
230259653024136,3
230259653024137,3
230259653024138,3
230259653024139,3
230259653024140,3
230259653024141,3
230259653024142,3
230259653024143,3
230259653024144,3
230259653024145,3
230259653024146,3
230259653024147,3
230259653024148,3
230259653024149,3
230259653024150,3
230259653024151,3
230259653024152,3
230259653024153,3
230259653024154,3
230259653024155,3
230259653024156,3
230259653024157,3
230259653024158,3
230259653024159,3
230259653024160,3
230259653024161,3
230259653024162,3
230259653024163,3
230259653024164,3
230259653024165,3
230259653024166,3
230259653024167,3
230259653024168,3
230259653024169,3
230259653024170,3
230259653024171,3
230259653024172,3
230259653024173,3
230259653024174,3
230259653024175,3
230259653024176,3
230259653024177,3
230259653024178,3
230259653024179,3
230259653024180,3
230259653024181,3
230259653024182,3
230259653024183,3
230259653024184,3
230259653024185,3
230259653024186,3
230259653024187,3
230259653024188,3
230259653024189,3
230259653024190,3
230259653024191,3
230259653024192,3
230259653024193,3
230259653024194,3
230259653024195,3
230259653024196,3
230259653024197,3
230259653024198,3
230259653024199,3
230259653024200,3
230259653024201,3
230259653024202,3
230259653024203,3
230259653024204,3
230259653024205,3
230259653024206,3
230259653024207,3
230259653024208,3
230259653024209,3
230259653024210,3
230259653024211,3
230259653024212,3
230259653024213,3
230259653024214,3
230259653024215,3
230259653024216,3
230259653024217,3
230259653024218,3
230259653024219,3
230259653024220,3
230259653024221,3
230259653024222,3
230259653024223,3
230259653024224,3
230259653024225,3
230259653024226,3
230259653024227,3
230259653024228,3
230259653024229,3
230259653024230,3
230259653024231,3
230259653024232,3
230259653024233,3
230259653024234,3
230259653024235,3
230259653024236,3
230259653024237,3
230259653024238,3
230259653024239,3
230259653024240,3
230259653024241,3
230259653024242,3
230259653024243,3
230259653024244,3
230259653024245,3
230259653024246,3
230259653024247,3
230259653024248,3
230259653024249,3
230259653024250,3
230259653024251,3
230259653024252,3
230259653024253,3
230259653024254,3
230259653024255,3
230259653024256,3
230259653024257,3
230259653024258,3
230259653024259,3
230259653024260,3
230259653024261,3
230259653024262,3
230259653024263,3
230259653024264,3
230259653024265,3
230259653024266,3
230259653024267,3
230259653024268,3
230259653024269,3
230259653024272,3
230259658001000,4
230259658001001,4
230259658001002,4
230259658001003,4
230259658001004,4
230259658001005,4
230259658001006,4
230259658001007,4
230259658001008,4
230259658001009,4
230259658001010,4
230259658001011,4
230259658001012,4
230259658001013,4
230259658001014,4
230259658001015,4
230259658001016,4
230259658001017,4
230259658001018,4
230259658001019,4
230259658001020,4
230259658001021,4
230259658001022,4
230259658001023,4
230259658001024,4
230259658001025,4
230259658001026,4
230259658001027,4
230259658001028,4
230259658001029,4
230259658001030,4
230259658001031,4
230259658001032,4
230259658001033,4
230259658001034,4
230259658001035,4
230259658001036,4
230259658001037,4
230259658001038,4
230259658001039,4
230259658001040,4
230259658001041,4
230259658001042,4
230259658001043,4
230259658001044,4
230259658001045,4
230259658001046,4
230259658001047,4
230259658001048,4
230259658001049,4
230259658001050,4
230259658001051,4
230259658001052,4
230259658001053,4
230259658001054,4
230259658001055,4
230259658001056,4
230259658001057,4
230259658001058,4
230259658001059,4
230259658001060,4
230259658001061,4
230259658001062,4
230259658001063,4
230259658001064,4
230259658001065,4
230259658001066,4
230259658001067,4
230259658001068,4
230259658001069,4
230259658001070,4
230259658001071,4
230259658001072,4
230259658001073,4
230259658001074,4
230259658001075,4
230259658001076,4
230259660001000,3
230259660001001,3
230259660001002,3
230259660001003,3
230259660001004,3
230259660001005,3
230259660001006,3
230259660001007,3
230259660001008,3
230259660001009,3
230259660001010,3
230259660001011,3
230259660001012,3
230259660001013,3
230259660001014,3
230259660001015,3
230259660001016,3
230259660001017,3
230259660001018,3
230259660001019,3
230259660001020,3
230259660001021,3
230259660001022,3
230259660001023,3
230259660001024,3
230259660001025,3
230259660001026,3
230259660001027,3
230259660001028,3
230259660001029,3
230259660001030,3
230259660002000,3
230259660002001,3
230259660002002,3
230259660002003,3
230259660002004,3
230259660002005,3
230259660002006,3
230259660002007,3
230259660002008,3
230259660002009,3
230259660002010,3
230259660002011,3
230259660002012,3
230259660002013,3
230259660002014,3
230259660002015,3
230259660002016,3
230259660002017,3
230259660002018,3
230259660002019,3
230259660002020,3
230259660002021,3
230259660002022,3
230259660002023,3
230259660002024,3
230259660002025,3
230259660002026,3
230259660002027,3
230259660002028,3
230259660002029,3
230259660002030,3
230259660002031,3
230259660002032,3
230259660002033,3
230259660002034,3
230259660002035,3
230259660002036,3
230259660002037,3
230259660002038,3
230259660002039,3
230259660002040,3
230259660002041,3
230259660002042,3
230259660002043,3
230259660002044,3
230259660002045,3
230259660002046,3
230259660002047,3
230259660002048,3
230259660002049,3
230259660002050,3
230259660002051,3
230259660002052,3
230259660002053,3
230259660002054,3
230259660002055,3
230259660002056,3
230259660003000,3
230259660003001,3
230259660003002,3
230259660003003,3
230259660003004,3
230259660003005,3
230259660003006,3
230259660003007,3
230259660003008,3
230259660003009,3
230259660003010,3
230259660003011,3
230259660003012,3
230259660003013,3
230259660003014,3
230259660003015,3
230259660003016,3
230259660003017,3
230259660003018,3
230259660003019,3
230259660003020,3
230259660003021,3
230259660003022,3
230259660003023,3
230259660003024,3
230259660003025,3
230259660003026,3
230259660003027,3
230259660003028,3
230259660003029,3
230259660003030,3
230259660003031,3
230259660003032,3
230259660003033,3
230259660003034,3
230259660003035,3
230259660003036,3
230259660003037,3
230259660004000,3
230259660004001,3
230259660004002,3
230259660004003,3
230259660004004,3
230259660004005,3
230259660004006,3
230259660004007,3
230259660004008,3
230259660004009,3
230259660004010,3
230259660004011,3
230259660004012,3
230259660004013,3
230259660004014,3
230259660004015,3
230259660004016,3
230259660004017,3
230259660004018,3
230259660004019,3
230259660004020,3
230259660004021,3
230259660004022,3
230259660004023,3
230259660004024,3
230259660004025,3
230259660004026,3
230259660004027,3
230259660004028,3
230259660004029,3
230259660004030,3
230259660004031,3
230259660004032,3
230259660004033,3
230259660004034,3
230259660004035,3
230259660004036,3
230259660004037,3
230259660004038,3
230259660004039,3
230259660004040,3
230259660004041,3
230259660004042,3
230259653022020,3
230259653022024,3
230259653022025,3
230259653022026,3
230259653022027,3
230259653022028,3
230259653022029,3
230259653022030,3
230259653022031,3
230259653022032,3
230259653022033,3
230259653022034,3
230259653022035,3
230259653022036,3
230259653022037,3
230259653022038,3
230259653022039,3
230259653022079,3
230259653022081,3
230259657002018,4
230259657002019,4
230259657002020,4
230259657002021,4
230259657002022,4
230259657002023,4
230259657002034,4
230259657002035,4
230259657002036,4
230259657002037,4
230259657002038,4
230259657002039,4
230259657002040,4
230259657002041,4
230259657002042,4
230259657002043,4
230259657002044,4
230259657002045,4
230259657002046,4
230259657002048,4
230259657002049,4
230259657002050,4
230259657002051,4
230259657002052,4
230259657001000,4
230259657001001,4
230259657001002,4
230259657001003,4
230259657001004,4
230259657001005,4
230259657001006,4
230259657001007,4
230259657001008,4
230259657001009,4
230259657001010,4
230259657001011,4
230259657001012,4
230259657001013,4
230259657001014,4
230259657001015,4
230259657001016,4
230259657001017,4
230259657001018,4
230259657001019,4
230259657001020,4
230259657003000,4
230259657003001,4
230259657003002,4
230259657003003,4
230259657003004,4
230259657003005,4
230259657003006,4
230259657003007,4
230259657003008,4
230259657003009,4
230259657003010,4
230259657003011,4
230259657003012,4
230259657003013,4
230259657003014,4
230259657003015,4
230259657003016,4
230259657003017,4
230259657003018,4
230259657003019,4
230259657003020,4
230259657003021,4
230259657003022,4
230259657003023,4
230259657003024,4
230259657003025,4
230259657003026,4
230259657003027,4
230259657003028,4
230259657003029,4
230259657003030,4
230259657003031,4
230259657003032,4
230259657003033,4
230259657003034,4
230259657003035,4
230259657003036,4
230259657003037,4
230259653021000,3
230259653021001,3
230259653021002,3
230259653021003,3
230259653021004,3
230259653021005,3
230259653021006,3
230259653021007,3
230259653021008,3
230259653021009,3
230259653021010,3
230259653021011,3
230259653021012,3
230259653021013,3
230259653021014,3
230259653021015,3
230259653021016,3
230259653021017,3
230259653021018,3
230259653021019,3
230259653021020,3
230259653021021,3
230259653021022,3
230259653021023,3
230259653021024,3
230259653021025,3
230259653021026,3
230259653021027,3
230259653021028,3
230259653021029,3
230259653021030,3
230259653021031,3
230259653021032,3
230259653021033,3
230259653021034,3
230259653021035,3
230259653021036,3
230259653021037,3
230259653021038,3
230259653021039,3
230259653021040,3
230259653021041,3
230259653021042,3
230259653021043,3
230259653021044,3
230259653021045,3
230259653021046,3
230259653021047,3
230259653021048,3
230259653021049,3
230259653021050,3
230259653021051,3
230259653021052,3
230259653021053,3
230259653021054,3
230259653021055,3
230259653021056,3
230259653021057,3
230259653021058,3
230259653021059,3
230259653021060,3
230259653021061,3
230259653021062,3
230259653021063,3
230259653021064,3
230259653021065,3
230259653021066,3
230259653021067,3
230259653021068,3
230259653021069,3
230259653021070,3
230259653021071,3
230259653021072,3
230259653021073,3
230259653021074,3
230259653021075,3
230259653021076,3
230259653021077,3
230259653021078,3
230259653021079,3
230259653021080,3
230259653021081,3
230259653021082,3
230259653021083,3
230259653021084,3
230259653021085,3
230259653021086,3
230259653021087,3
230259653021088,3
230259653021089,3
230259653021090,3
230259653021091,3
230259653021092,3
230259653021093,3
230259653021094,3
230259653021095,3
230259653021096,3
230259653021097,3
230259653021098,3
230259653021099,3
230259653021100,3
230259653021101,3
230259653021102,3
230259653021103,3
230259653021104,3
230259653021105,3
230259653021106,3
230259653021107,3
230259653021108,3
230259653021109,3
230259653021110,3
230259653021111,3
230259653021112,3
230259653021113,3
230259653021114,3
230259653021115,3
230259653021116,3
230259653021117,3
230259653021118,3
230259653021119,3
230259653021120,3
230259653021121,3
230259653021122,3
230259653021123,3
230259653021124,3
230259653021125,3
230259653021126,3
230259653021127,3
230259653021128,3
230259653021129,3
230259653021130,3
230259653021131,3
230259653021132,3
230259653021133,3
230259653021134,3
230259653021135,3
230259653021136,3
230259653021137,3
230259653021138,3
230259653021139,3
230259653021140,3
230259653021141,3
230259653021142,3
230259653021143,3
230259653021144,3
230259653021145,3
230259653021146,3
230259653021147,3
230259653021148,3
230259653021149,3
230259653021150,3
230259653021151,3
230259653021152,3
230259653021153,3
230259653021154,3
230259653021155,3
230259653021156,3
230259653021157,3
230259653021158,3
230259653021159,3
230259653021160,3
230259653021161,3
230259653021162,3
230259653021163,3
230259653021164,3
230259653021165,3
230259653021166,3
230259653021167,3
230259653021168,3
230259653021169,3
230259653021170,3
230259653021171,3
230259653021172,3
230259653021173,3
230259653021174,3
230259653021175,3
230259653021176,3
230259653021177,3
230259653021178,3
230259653021179,3
230259653021180,3
230259653021181,3
230259653021182,3
230259653021183,3
230259653021184,3
230259653021185,3
230259653021186,3
230259653021187,3
230259653021188,3
230259653021189,3
230259653021190,3
230259653021191,3
230259653021192,3
230259653021193,3
230259653021194,3
230259653021195,3
230259653021196,3
230259653021197,3
230259653021198,3
230259653021199,3
230259653021200,3
230259653021201,3
230259653021202,3
230259653021203,3
230259653021204,3
230259653021205,3
230259653021206,3
230259653021207,3
230259653021208,3
230259653021209,3
230259653021210,3
230259653021211,3
230259653021212,3
230259653021213,3
230259653021214,3
230259653021215,3
230259653021216,3
230259653021217,3
230259653021218,3
230259653021219,3
230259653021220,3
230259653021221,3
230259653021222,3
230259653021223,3
230259653021224,3
230259653021225,3
230259653021226,3
230259653021227,3
230259653021228,3
230259653021229,3
230259653021230,3
230259653021231,3
230259653021232,3
230259653021233,3
230259653021234,3
230259653021235,3
230259653021236,3
230259653021237,3
230259653021238,3
230259653021239,3
230259653021240,3
230259653021241,3
230259653021242,3
230259653021243,3
230259653021244,3
230259653021245,3
230259653021246,3
230259653021247,3
230259653021248,3
230259653021249,3
230259653021250,3
230259653021251,3
230259653021252,3
230259653021253,3
230259653021254,3
230259653021255,3
230259653021256,3
230259653021257,3
230259653021258,3
230259653021259,3
230259653021260,3
230259653021261,3
230259653021262,3
230259653021263,3
230259653021264,3
230259653021265,3
230259653021266,3
230259653021267,3
230259653021268,3
230259653021269,3
230259653021270,3
230259653021271,3
230259653021272,3
230259653021273,3
230259653021274,3
230259653021275,3
230259653021276,3
230259653021277,3
230259653021278,3
230259653021279,3
230259653021280,3
230259653021281,3
230259653021282,3
230259653021283,3
230259653021284,3
230259653021285,3
230259653021286,3
230259653021287,3
230259653021288,3
230259653021289,3
230259653021290,3
230259653021291,3
230259653021292,3
230259653021293,3
230259653021294,3
230259653021295,3
230259653021296,3
230259653021297,3
230259653021298,3
230259653021299,3
230259653021300,3
230259653021301,3
230259653021302,3
230259653021303,3
230259653021304,3
230259653021305,3
230259653021306,3
230259653021307,3
230259653021308,3
230259653021309,3
230259653021310,3
230259653021311,3
230259653021312,3
230259653021313,3
230259653021314,3
230259653021315,3
230259653021316,3
230259653021317,3
230259653021318,3
230259653021319,3
230259653021320,3
230259653021321,3
230259653021322,3
230259653021323,3
230259653021324,3
230259653021325,3
230259653021326,3
230259653021327,3
230259653021328,3
230259653021329,3
230259653021330,3
230259653021331,3
230259653021332,3
230259653021333,3
230259653021334,3
230259653021335,3
230259653021336,3
230259653021337,3
230259653021338,3
230259653021339,3
230259653021340,3
230259653021341,3
230259653021342,3
230259653021343,3
230259653021344,3
230259653021345,3
230259653021346,3
230259653021347,3
230259653021348,3
230259653021349,3
230259653021350,3
230259653021351,3
230259653021352,3
230259653021353,3
230259653021354,3
230259653021355,3
230259653021356,3
230259653021357,3
230259653021358,3
230259653021359,3
230259653021360,3
230259653021361,3
230259653021362,3
230259653021363,3
230259653021364,3
230259653021365,3
230259653021366,3
230259653021367,3
230259653021368,3
230259653021369,3
230259653021370,3
230259653021371,3
230259653021372,3
230259653021373,3
230259653021374,3
230259653021375,3
230259653021376,3
230259653021377,3
230259653021378,3
230259653021379,3
230259653021380,3
230259653021381,3
230259653021382,3
230259653021383,3
230259653021384,3
230259653021385,3
230259653021386,3
230259653021387,3
230259653021388,3
230259653021389,3
230259653021390,3
230259653021391,3
230259653021392,3
230259653021393,3
230259653021394,3
230259653021395,3
230259653021396,3
230259653021397,3
230259653021398,3
230259653021399,3
230259653021400,3
230259653021401,3
230259653021402,3
230259653021403,3
230259653021404,3
230259653021405,3
230259653021406,3
230259653021407,3
230259653021408,3
230259653021409,3
230259653021410,3
230259653021411,3
230259653021412,3
230259653021413,3
230259653021414,3
230259653021415,3
230259653021416,3
230259653021417,3
230259653021418,3
230259653021419,3
230259653021420,3
230259653021421,3
230259653021426,3
230259653021427,3
230259653021428,3
230259653021429,3
230259653021430,3
230259653021431,3
230259653021432,3
230259653021433,3
230259653021434,3
230259653021435,3
230259653021438,3
230259653021439,3
230259653021440,3
230259653021441,3
230259653021442,3
230259653021443,3
230259653021444,3
230259653021445,3
230259653021446,3
230259653021447,3
230259653021448,3
230259653021449,3
230259653021450,3
230259653021451,3
230259653021452,3
230259653021453,3
230259653021454,3
230259653021455,3
230259653021456,3
230259653021457,3
230259653021458,3
230259653021459,3
230259653021460,3
230259653021461,3
230259653021462,3
230259653021463,3
230259653021464,3
230259653021465,3
230259653021466,3
230259653021467,3
230259653021468,3
230259653021469,3
230259653021470,3
230259653021471,3
230259653021472,3
230259653021473,3
230259653021474,3
230259653021482,3
230259653021533,3
230259653021551,3
230259653021552,3
230259653021801,3
230259653021802,3
230259653021803,3
230259653021804,3
230259653021805,3
230259653021806,3
230259653021807,3
230259653021808,3
230259653021809,3
230259653021810,3
230259653021811,3
230259653021812,3
230259653021813,3
230259653021814,3
230259653021815,3
230259653021816,3
230259653021817,3
230259653021818,3
230259666011000,3
230259666011001,3
230259666011002,3
230259666011003,3
230259666011004,3
230259666011005,3
230259666011006,3
230259666011007,3
230259666011008,3
230259666011009,3
230259666011010,3
230259666011011,3
230259666011012,3
230259666011013,3
230259666011014,3
230259666011015,3
230259666011016,3
230259666011017,3
230259666011018,3
230259666011019,3
230259666011020,3
230259666011021,3
230259666011022,3
230259666011023,3
230259666011024,3
230259666011025,3
230259666011026,3
230259666012000,3
230259666012001,3
230259666012002,3
230259666012003,3
230259666012004,3
230259666012005,3
230259666012006,3
230259666012007,3
230259666012008,3
230259666012009,3
230259666012010,3
230259666012011,3
230259666012012,3
230259666012013,3
230259666012014,3
230259666012015,3
230259666012016,3
230259666012017,3
230259666012018,3
230259666012019,3
230259666012020,3
230259666012021,3
230259666012022,3
230259666012023,3
230259666012024,3
230259666012025,3
230259666012026,3
230259666012027,3
230259666012028,3
230259666012029,3
230259666012030,3
230259666012031,3
230259666012032,3
230259666021000,3
230259666021001,3
230259666021002,3
230259666021003,3
230259666021004,3
230259666021005,3
230259666021006,3
230259666021007,3
230259666021008,3
230259666021009,3
230259666021010,3
230259666021011,3
230259666021012,3
230259666021013,3
230259666021014,3
230259666021015,3
230259666021016,3
230259666021017,3
230259666021018,3
230259666021019,3
230259666021020,3
230259666021021,3
230259666021022,3
230259666021023,3
230259666021024,3
230259666021025,3
230259666021026,3
230259666021027,3
230259666022000,3
230259666022001,3
230259666022002,3
230259666022003,3
230259666022004,3
230259666022005,3
230259666022006,3
230259666022007,3
230259666022008,3
230259666022009,3
230259666022010,3
230259666022011,3
230259666022012,3
230259666022013,3
230259666022014,3
230259666022015,3
230259666022016,3
230259666022017,3
230259666022018,3
230259666022019,3
230259667011000,3
230259667011001,3
230259667011002,3
230259667011003,3
230259667011004,3
230259667011005,3
230259667011006,3
230259667011007,3
230259667011008,3
230259667011009,3
230259667011010,3
230259667011011,3
230259667011012,3
230259667011013,3
230259667011014,3
230259667011015,3
230259667011016,3
230259667011017,3
230259667011018,3
230259667011019,3
230259667011020,3
230259667011021,3
230259667011022,3
230259667011023,3
230259667011024,3
230259667011025,3
230259667012000,3
230259667012001,3
230259667012002,3
230259667012003,3
230259667012004,3
230259667012005,3
230259667012006,3
230259667012007,3
230259667012008,3
230259667012009,3
230259667012010,3
230259667012011,3
230259667012012,3
230259667012013,3
230259667012014,3
230259667012015,3
230259667012016,3
230259667012017,3
230259667012018,3
230259667012019,3
230259667012020,3
230259667012021,3
230259667013000,3
230259667013001,3
230259667013002,3
230259667013003,3
230259667013004,3
230259667013005,3
230259667013006,3
230259667013007,3
230259667013008,3
230259667013009,3
230259667013010,3
230259667013011,3
230259667013012,3
230259667013013,3
230259667013014,3
230259667013015,3
230259667013016,3
230259667013017,3
230259667021000,3
230259667021001,3
230259667021002,3
230259667021003,3
230259667021004,3
230259667021005,3
230259667021006,3
230259667021007,3
230259667021008,3
230259667021009,3
230259667021010,3
230259667021011,3
230259667021012,3
230259667021013,3
230259667021014,3
230259667021015,3
230259667021016,3
230259667021017,3
230259667021018,3
230259667021019,3
230259667021020,3
230259667021021,3
230259667021022,3
230259667021023,3
230259667021024,3
230259667021025,3
230259667021026,3
230259667021027,3
230259667021028,3
230259667021029,3
230259667021030,3
230259667021031,3
230259667021032,3
230259667021033,3
230259667021034,3
230259667021035,3
230259667021036,3
230259667021037,3
230259667021038,3
230259667021039,3
230259667021040,3
230259670002000,3
230259670002001,3
230259670002002,3
230259670002003,3
230259670002004,3
230259670002005,3
230259670002006,3
230259670002007,3
230259670002008,3
230259670002009,3
230259670002010,3
230259670002011,3
230259670002012,3
230259670002013,3
230259670002014,3
230259670002015,3
230259670002016,3
230259670002017,3
230259670002018,3
230259670002019,3
230259670002020,3
230259670002021,3
230259670002022,3
230259670002023,3
230259670002024,3
230259670002025,3
230259670002026,3
230259670002027,3
230259670002028,3
230259670002029,3
230259662001000,3
230259662001001,3
230259662001002,3
230259662001003,3
230259662001004,3
230259662001005,3
230259662001006,3
230259662001007,3
230259662001008,3
230259662001009,3
230259662001010,3
230259662001011,3
230259662001012,3
230259662001013,3
230259662001014,3
230259662001015,3
230259662001016,3
230259662001017,3
230259662001018,3
230259662001019,3
230259662001020,3
230259662001021,3
230259662001022,3
230259662001023,3
230259662001024,3
230259662001025,3
230259662001026,3
230259662001027,3
230259662001028,3
230259662001029,3
230259662001030,3
230259662001031,3
230259662001032,3
230259662001033,3
230259662001034,3
230259662001035,3
230259662001036,3
230259662001037,3
230259662001038,3
230259662001039,3
230259662001040,3
230259662001041,3
230259662001042,3
230259662001043,3
230259662001044,3
230259662001045,3
230259662001046,3
230259670001000,3
230259670001001,3
230259670001002,3
230259670001003,3
230259670001004,3
230259670001005,3
230259670001006,3
230259670001007,3
230259670001008,3
230259670001009,3
230259670001010,3
230259670001011,3
230259670001012,3
230259670001013,3
230259670001014,3
230259670001015,3
230259670001016,3
230259670001017,3
230259670001018,3
230259670001019,3
230259670001020,3
230259670001021,3
230259670001022,3
230259670001023,3
230259670001024,3
230259670001025,3
230259670001026,3
230259670001027,3
230259670001028,3
230259670001029,3
230259670001032,3
230259670001033,3
230259670001034,3
230259670001054,3
230259670001055,3
230259670001056,3
230259670001057,3
230259670001058,3
230259670001059,3
230259670001066,3
230259670001067,3
230259670001071,3
230259653023072,3
230259653023080,3
230259653023092,3
230259653023093,3
230259653023094,3
230259653023095,3
230259653023096,3
230259653023097,3
230259653023098,3
230259653023099,3
230259653023100,3
230259653023101,3
230259653023102,3
230259653023105,3
230259653023106,3
230259653023130,3
230259653023131,3
230259653023132,3
230259653023133,3
230259653023135,3
230259653023136,3
230259653023155,3
230259653023156,3
230259653023157,3
230259653023184,3
230259653023185,3
230259653023425,3
230259653023427,3
230259653023428,3
230259653023432,3
230259653023031,3
230259653023033,3
230259653023034,3
230259653023035,3
230259653023036,3
230259653023037,3
230259653023079,3
230259653023081,3
230259653023082,3
230259653023083,3
230259653023084,3
230259653023085,3
230259653023086,3
230259653023087,3
230259653023088,3
230259653023089,3
230259653023090,3
230259653023091,3
230259653023158,3
230259653023160,3
230259653023161,3
230259653023162,3
230259653023163,3
230259653023164,3
230259653023165,3
230259653023166,3
230259653023167,3
230259653023168,3
230259653023169,3
230259653023170,3
230259653023171,3
230259653023172,3
230259653023173,3
230259653023174,3
230259653023175,3
230259653023176,3
230259653023177,3
230259653023178,3
230259653023179,3
230259653023180,3
230259653023181,3
230259653023182,3
230259653023183,3
230259653023186,3
230259653023187,3
230259653023209,3
230299564003000,6
230299564003001,6
230299564003002,6
230299564003003,6
230299564003004,6
230299564003005,6
230299564003006,6
230299564003007,6
230299564003008,6
230299564003009,6
230299564003010,6
230299564003011,6
230299564003012,6
230299564003013,6
230299564003014,6
230299564003015,6
230299564003016,6
230299564003017,6
230299564003018,6
230299564003019,6
230299564003020,6
230299564003021,6
230299564003022,6
230299564003023,6
230299564003024,6
230299564003025,6
230299564003026,6
230299564003027,6
230299564003028,6
230299564003029,6
230299564003030,6
230299564003031,6
230299564003032,6
230299564003033,6
230299564003034,6
230299564003035,6
230299564003036,6
230299564003037,6
230299564003038,6
230299564003039,6
230299564003040,6
230299564003041,6
230299564003042,6
230299564003043,6
230299564003044,6
230299564003045,6
230299564003046,6
230299564003047,6
230299564003048,6
230299564003049,6
230299564003050,6
230299564003051,6
230299564003052,6
230299564003053,6
230299564003054,6
230299564003055,6
230299564003056,6
230299564003057,6
230299564003058,6
230299564003059,6
230299564003060,6
230299564003061,6
230299564003062,6
230299564003063,6
230299564003064,6
230299564003065,6
230299564003066,6
230299564003067,6
230299564003068,6
230299564003069,6
230299564003070,6
230299564003071,6
230299900000009,6
230299900000010,6
230299553002000,6
230299553002001,6
230299553002002,6
230299553002003,6
230299553002004,6
230299553002005,6
230299553002006,6
230299553002017,6
230299553002018,6
230299553002019,6
230299553002020,6
230299553002021,6
230299553002022,6
230299553002023,6
230299553002024,6
230299553002025,6
230299553002026,6
230299553002027,6
230299553002028,6
230299553002035,6
230299553002036,6
230299553002037,6
230299553002038,6
230299553002039,6
230299553002040,6
230299553002041,6
230299553002042,6
230299553002057,6
230299554001000,6
230299554001001,6
230299554001002,6
230299554001003,6
230299554001004,6
230299554001005,6
230299554001006,6
230299554001007,6
230299554001008,6
230299554001009,6
230299554001010,6
230299554001011,6
230299554001012,6
230299554001013,6
230299554001014,6
230299554001015,6
230299554001016,6
230299554001017,6
230299554001018,6
230299554001019,6
230299554001020,6
230299554001021,6
230299554001022,6
230299554001023,6
230299554001024,6
230299554001025,6
230299554001026,6
230299554001027,6
230299554001028,6
230299554001029,6
230299554001030,6
230299554001031,6
230299554001032,6
230299554001033,6
230299554001034,6
230299554001035,6
230299554001036,6
230299554001037,6
230299554001038,6
230299554001039,6
230299554001040,6
230299554001041,6
230299554001042,6
230299554001043,6
230299554001044,6
230299554001045,6
230299554001046,6
230299554001047,6
230299554001048,6
230299554001049,6
230299554001050,6
230299554001051,6
230299554001052,6
230299554001053,6
230299554001054,6
230299554002000,6
230299554002001,6
230299554002002,6
230299554002003,6
230299554002004,6
230299554002005,6
230299554002006,6
230299554002007,6
230299554002008,6
230299554002009,6
230299554002010,6
230299554002011,6
230299554002012,6
230299554002013,6
230299554002014,6
230299554002015,6
230299554002016,6
230299554002017,6
230299554002018,6
230299554002019,6
230299554002020,6
230299554002021,6
230299554002022,6
230299554002023,6
230299554002024,6
230299554002025,6
230299554002026,6
230299554002027,6
230299554002028,6
230299554002029,6
230299554002030,6
230299554002031,6
230299554002032,6
230299554002033,6
230299554002034,6
230299559001000,6
230299559001001,6
230299559001002,6
230299559001003,6
230299559001004,6
230299559001005,6
230299559001006,6
230299559001007,6
230299559001008,6
230299559001009,6
230299559001010,6
230299559001011,6
230299559001012,6
230299559001013,6
230299559001014,6
230299559001015,6
230299559001016,6
230299559001017,6
230299559001018,6
230299559001019,6
230299559001020,6
230299559001021,6
230299559001022,6
230299559001023,6
230299559001024,6
230299559001025,6
230299559001026,6
230299559001027,6
230299559001081,6
230299559001082,6
230299559001083,6
230299563003000,6
230299563003001,6
230299563003002,6
230299563003003,6
230299563003004,6
230299563003005,6
230299563003006,6
230299563003007,6
230299563003008,6
230299563003009,6
230299563003010,6
230299563003011,6
230299563003012,6
230299563003013,6
230299563003014,6
230299563003015,6
230299563003016,6
230299563003017,6
230299563003018,6
230299563003019,6
230299563003020,6
230299563003021,6
230299563003022,6
230299563003023,6
230299563003024,6
230299563003025,6
230299563003026,6
230299563003027,6
230299563003028,6
230299563003029,6
230299563003030,6
230299900000008,6
230299551003109,6
230299551003226,6
230299551003227,6
230299551003228,6
230299551003229,6
230299551003230,6
230299551003231,6
230299551003233,6
230299551003234,6
230299551003235,6
230299551003238,6
230299551003239,6
230299551003253,6
230299551003254,6
230299551003255,6
230299551003256,6
230299551003257,6
230299551003258,6
230299551003262,6
230299551003263,6
230299551003264,6
230299551003265,6
230299551003269,6
230299551003270,6
230299551003271,6
230299551003272,6
230299551003273,6
230299551003274,6
230299551003275,6
230299551003278,6
230299551003304,6
230299551003305,6
230299551003306,6
230299551003308,6
230299555001000,6
230299555001001,6
230299555001002,6
230299555001003,6
230299555001004,6
230299555001005,6
230299555001006,6
230299555001007,6
230299555001008,6
230299555001009,6
230299555001010,6
230299555001011,6
230299555001012,6
230299555001013,6
230299555001014,6
230299555001015,6
230299555001016,6
230299555001017,6
230299555001018,6
230299555001019,6
230299555001020,6
230299555001021,6
230299555001022,6
230299555001023,6
230299555001024,6
230299555001025,6
230299555001026,6
230299555001027,6
230299555001028,6
230299555001029,6
230299555002000,6
230299555002001,6
230299555002002,6
230299555002003,6
230299555002004,6
230299555002005,6
230299555002006,6
230299555002007,6
230299555002008,6
230299555002009,6
230299555002010,6
230299555002011,6
230299555002012,6
230299555002013,6
230299555002014,6
230299555002015,6
230299555002016,6
230299555002017,6
230299555002018,6
230299555002019,6
230299555002020,6
230299555002021,6
230299555002022,6
230299555002023,6
230299555002024,6
230299555003000,6
230299555003001,6
230299555003002,6
230299555003003,6
230299555003004,6
230299555003005,6
230299555003006,6
230299555003007,6
230299555003008,6
230299555003009,6
230299555003010,6
230299555003011,6
230299555003012,6
230299555003013,6
230299555003014,6
230299555003015,6
230299555003016,6
230299555003017,6
230299555003018,6
230299555003019,6
230299555003020,6
230299555003021,6
230299555003022,6
230299555003023,6
230299555003024,6
230299555003025,6
230299555003026,6
230299555003027,6
230299555003028,6
230299555003029,6
230299555003030,6
230299555003031,6
230299555003032,6
230299555003033,6
230299555003034,6
230299555003035,6
230299555003036,6
230299555003037,6
230299555003038,6
230299555003039,6
230299555003040,6
230299555003041,6
230299555003042,6
230299555003043,6
230299555003044,6
230299555003045,6
230299555003046,6
230299555003047,6
230299555003048,6
230299555003049,6
230299555003050,6
230299555003051,6
230299555003052,6
230299555003053,6
230299555003054,6
230299555003055,6
230299555003056,6
230299555003057,6
230299555003058,6
230299555003059,6
230299555003060,6
230299555003061,6
230299555003062,6
230299555003063,6
230299555003064,6
230299555003065,6
230299555003066,6
230299555003067,6
230299555003068,6
230299555003069,6
230299559001028,6
230299559001029,6
230299559001030,6
230299559001031,6
230299559001032,6
230299559001033,6
230299559001034,6
230299559001035,6
230299559001036,6
230299559001037,6
230299559001038,6
230299559001039,6
230299559001040,6
230299559001041,6
230299559001042,6
230299559001043,6
230299559001044,6
230299559001045,6
230299559001046,6
230299559001047,6
230299559001048,6
230299559001049,6
230299559001050,6
230299559001051,6
230299559001052,6
230299559001053,6
230299559001054,6
230299559001055,6
230299559001056,6
230299559001057,6
230299559001058,6
230299559001059,6
230299565001000,6
230299565001001,6
230299565001002,6
230299565001003,6
230299565001004,6
230299565001005,6
230299565001006,6
230299565001007,6
230299565001008,6
230299565001009,6
230299565001010,6
230299565001011,6
230299565001012,6
230299565001013,6
230299565001014,6
230299565001015,6
230299565001016,6
230299565001017,6
230299565001018,6
230299565001019,6
230299565001020,6
230299565001021,6
230299565001022,6
230299565001023,6
230299565001024,6
230299565001025,6
230299565001026,6
230299565001027,6
230299565001028,6
230299565001029,6
230299565001030,6
230299565001031,6
230299565001032,6
230299565001033,6
230299565001034,6
230299565001035,6
230299565001036,6
230299565001037,6
230299565001038,6
230299565001039,6
230299565001040,6
230299565001041,6
230299565001042,6
230299565001043,6
230299551001082,6
230299551001083,6
230299551001084,6
230299551001097,6
230299551001098,6
230299551001099,6
230299551001100,6
230299551001101,6
230299551001102,6
230299551001105,6
230299551001106,6
230299551001107,6
230299551001108,6
230299551001128,6
230299551001147,6
230299551001148,6
230299551001149,6
230299551001150,6
230299551001151,6
230299551001152,6
230299551001153,6
230299551001154,6
230299551001155,6
230299551001156,6
230299551001157,6
230299551001158,6
230299551001159,6
230299551001160,6
230299551001161,6
230299551001162,6
230299551001163,6
230299551001167,6
230299551001174,6
230299551001175,6
230299551001176,6
230299551001177,6
230299551001178,6
230299551001179,6
230299564001006,6
230299564001014,6
230299564001015,6
230299564001016,6
230299564001017,6
230299564001018,6
230299564001019,6
230299564001020,6
230299564001021,6
230299564001022,6
230299564001023,6
230299564001024,6
230299564001025,6
230299564001026,6
230299564001027,6
230299564001028,6
230299564001029,6
230299564001030,6
230299564001031,6
230299564001032,6
230299564001033,6
230299564001034,6
230299564001035,6
230299564001036,6
230299564001037,6
230299564001038,6
230299564001039,6
230299564001040,6
230299564001041,6
230299564001042,6
230299564001043,6
230299564001044,6
230299564001045,6
230299564001046,6
230299564001047,6
230299564001048,6
230299564001049,6
230299564001050,6
230299564001051,6
230299564001075,6
230299564001076,6
230299564001077,6
230299564001078,6
230299564001079,6
230299564001080,6
230299564001081,6
230299564001082,6
230299564001083,6
230299564001084,6
230299564001085,6
230299564001086,6
230299564001087,6
230299564001088,6
230299564001089,6
230299564001090,6
230299564001091,6
230299564001092,6
230299564001093,6
230299564001094,6
230299564001000,6
230299564001001,6
230299564001002,6
230299564001003,6
230299564001004,6
230299564001005,6
230299564001007,6
230299564001008,6
230299564001009,6
230299564001010,6
230299564001011,6
230299564001012,6
230299564001013,6
230299564001052,6
230299564001053,6
230299564001054,6
230299564001055,6
230299564001056,6
230299564001057,6
230299564001058,6
230299564001059,6
230299564001060,6
230299564001061,6
230299564001062,6
230299564001063,6
230299564001064,6
230299564001065,6
230299564001066,6
230299564001067,6
230299564001068,6
230299564001069,6
230299564001070,6
230299564001071,6
230299564001072,6
230299564001073,6
230299564001074,6
230299559003011,6
230299559003012,6
230299559003013,6
230299559003014,6
230299559003015,6
230299559003016,6
230299559003017,6
230299559003019,6
230299559003025,6
230299559003026,6
230299559003027,6
230299559003028,6
230299559003075,6
230299559003076,6
230299559003077,6
230299559003078,6
230299559003079,6
230299559003080,6
230299559003081,6
230299559003082,6
230299559003086,6
230299559003087,6
230299559003222,6
230299553002029,6
230299553002030,6
230299553002031,6
230299553002032,6
230299553002033,6
230299553002034,6
230299553002043,6
230299553002044,6
230299553002045,6
230299553002046,6
230299553002047,6
230299553002048,6
230299553002049,6
230299553002050,6
230299553002051,6
230299553002052,6
230299553002053,6
230299553002054,6
230299553002055,6
230299553002056,6
230299553002058,6
230299558004000,6
230299558004001,6
230299558004002,6
230299558004003,6
230299558004004,6
230299558004005,6
230299558004006,6
230299558004007,6
230299558004008,6
230299558004009,6
230299558004010,6
230299558004011,6
230299558004012,6
230299558004013,6
230299558004014,6
230299558004015,6
230299558004016,6
230299558004017,6
230299558004018,6
230299558004019,6
230299558004020,6
230299558004021,6
230299558004022,6
230299558004023,6
230299558004024,6
230299558004025,6
230299558004026,6
230299558004027,6
230299558004028,6
230299558004029,6
230299558004030,6
230299558004031,6
230299558004032,6
230299558004033,6
230299558004034,6
230299558004035,6
230299558004036,6
230299558004037,6
230299558004038,6
230299558004039,6
230299558004040,6
230299558004041,6
230299558004042,6
230299558004043,6
230299558004044,6
230299900000003,6
230299900000004,6
230299551002000,6
230299551002001,6
230299551002002,6
230299551002003,6
230299551002004,6
230299551002005,6
230299551002006,6
230299551002007,6
230299551002008,6
230299551002009,6
230299551002010,6
230299551002011,6
230299551002012,6
230299551002013,6
230299551002014,6
230299551002015,6
230299551002016,6
230299551002017,6
230299551002018,6
230299551002019,6
230299551002020,6
230299551002021,6
230299551002022,6
230299551002023,6
230299551002024,6
230299551002025,6
230299551002026,6
230299551002027,6
230299551002028,6
230299551002029,6
230299551002030,6
230299551002031,6
230299551002032,6
230299551002033,6
230299551002034,6
230299551002035,6
230299551002036,6
230299551002037,6
230299551002038,6
230299551002039,6
230299551002040,6
230299551002041,6
230299551002042,6
230299551002043,6
230299551002044,6
230299551003252,6
230299551003267,6
230299551003268,6
230299551003276,6
230299551003277,6
230299551003279,6
230299551003280,6
230299551003281,6
230299551003282,6
230299551003283,6
230299551003284,6
230299551003285,6
230299551003286,6
230299551003287,6
230299551003288,6
230299551003289,6
230299551003293,6
230299551003294,6
230299551003295,6
230299551003296,6
230299551003297,6
230299551003316,6
230299559001060,6
230299559001061,6
230299559001062,6
230299559001063,6
230299559001064,6
230299559001065,6
230299559001066,6
230299559001067,6
230299559001068,6
230299559001069,6
230299559001070,6
230299559001071,6
230299559001072,6
230299559001073,6
230299559001074,6
230299559001075,6
230299559001076,6
230299559001077,6
230299559001078,6
230299559001079,6
230299559001080,6
230299558002012,6
230299558002013,6
230299558002014,6
230299558002015,6
230299558002016,6
230299558002017,6
230299558002018,6
230299558002019,6
230299558002020,6
230299558002021,6
230299558002022,6
230299558002023,6
230299558002024,6
230299558002025,6
230299558002026,6
230299558002027,6
230299558002028,6
230299558002029,6
230299558002030,6
230299558002031,6
230299558002032,6
230299558002033,6
230299558002034,6
230299558002037,6
230299558002038,6
230299558002039,6
230299558002040,6
230299558002041,6
230299558003015,6
230299558003016,6
230299558003017,6
230299558003020,6
230299558003021,6
230299558003022,6
230299558003023,6
230299558003024,6
230299558003025,6
230299558003026,6
230299558003027,6
230299558003028,6
230299558003029,6
230299558003030,6
230299558003031,6
230299558003032,6
230299558003033,6
230299558003034,6
230299558003035,6
230299558003036,6
230299558003037,6
230299558003038,6
230299558003039,6
230299559003029,6
230299559003030,6
230299559003031,6
230299559003032,6
230299559003033,6
230299559003034,6
230299559003035,6
230299559003036,6
230299559003037,6
230299559003038,6
230299559003039,6
230299559003040,6
230299559003041,6
230299559003042,6
230299559003043,6
230299559003044,6
230299559003045,6
230299559003046,6
230299559003047,6
230299559003048,6
230299559003049,6
230299559003050,6
230299559003051,6
230299559003052,6
230299559003053,6
230299559003054,6
230299559003055,6
230299559003056,6
230299559003057,6
230299559003058,6
230299559003059,6
230299559003060,6
230299559003061,6
230299559003062,6
230299559003063,6
230299559003064,6
230299559003065,6
230299559003066,6
230299559003067,6
230299559003068,6
230299559003069,6
230299559003070,6
230299559003071,6
230299559003072,6
230299559003073,6
230299559003074,6
230299559003083,6
230299559003084,6
230299559003085,6
230299559003088,6
230299559003089,6
230299559003090,6
230299559003091,6
230299559003092,6
230299559003093,6
230299559003094,6
230299559003095,6
230299559003096,6
230299559003097,6
230299559003098,6
230299559003099,6
230299559003100,6
230299559003101,6
230299559003102,6
230299559003103,6
230299559003104,6
230299559003105,6
230299559003106,6
230299559003107,6
230299559003108,6
230299559003109,6
230299559003110,6
230299559003111,6
230299559003112,6
230299559003113,6
230299559003114,6
230299559003115,6
230299559003116,6
230299559003117,6
230299559003118,6
230299559003119,6
230299559003120,6
230299559003121,6
230299559003122,6
230299559003123,6
230299559003124,6
230299559003125,6
230299559003126,6
230299559003127,6
230299559003128,6
230299559003129,6
230299559003130,6
230299559003131,6
230299559003132,6
230299559003133,6
230299559003134,6
230299559003135,6
230299559003136,6
230299559003137,6
230299559003138,6
230299559003139,6
230299559003140,6
230299559003141,6
230299559003143,6
230299559003145,6
230299559003146,6
230299559003147,6
230299559003148,6
230299559003149,6
230299559003150,6
230299559003151,6
230299559003152,6
230299559003153,6
230299559003154,6
230299559003155,6
230299559003156,6
230299559003157,6
230299559003165,6
230299559003166,6
230299559003167,6
230299559003168,6
230299559003169,6
230299559003170,6
230299559003171,6
230299559003172,6
230299559003173,6
230299559003174,6
230299559003175,6
230299559003176,6
230299559003177,6
230299559003178,6
230299559003179,6
230299559003188,6
230299559003189,6
230299559003192,6
230299559003197,6
230299559003224,6
230299559003225,6
230299559003226,6
230299559003227,6
230299559003228,6
230299559003229,6
230299559003230,6
230299559003231,6
230299559003232,6
230299559003233,6
230299559003234,6
230299559003236,6
230299559003237,6
230299559003239,6
230299559003240,6
230299559003246,6
230299900000002,6
230299561001000,6
230299561001001,6
230299561001002,6
230299561001003,6
230299561001004,6
230299561001005,6
230299561001006,6
230299561001007,6
230299561001008,6
230299561001009,6
230299561001010,6
230299561001011,6
230299561001012,6
230299561001013,6
230299561001014,6
230299561001015,6
230299561001016,6
230299561001017,6
230299561001018,6
230299561001019,6
230299561001020,6
230299561001021,6
230299561001022,6
230299561001023,6
230299561001024,6
230299561001025,6
230299561001026,6
230299561001027,6
230299561001028,6
230299561001029,6
230299561001030,6
230299561001031,6
230299561001032,6
230299561001033,6
230299561001034,6
230299561001035,6
230299561001036,6
230299561001037,6
230299561001038,6
230299561001039,6
230299561001040,6
230299561001041,6
230299561001042,6
230299561001043,6
230299561001044,6
230299561001045,6
230299561001046,6
230299561001047,6
230299561001048,6
230299561001049,6
230299561001050,6
230299561001051,6
230299561001052,6
230299561001053,6
230299561001054,6
230299561001055,6
230299561001056,6
230299561001057,6
230299561001058,6
230299561001059,6
230299561001060,6
230299561001061,6
230299561001062,6
230299561001063,6
230299561001064,6
230299561001065,6
230299561001066,6
230299557001000,6
230299557001001,6
230299557001002,6
230299557001003,6
230299557001004,6
230299557001005,6
230299557001006,6
230299557001007,6
230299557001008,6
230299557001009,6
230299557001010,6
230299557001011,6
230299557001012,6
230299557001013,6
230299557001014,6
230299557001015,6
230299557001016,6
230299557001017,6
230299557001018,6
230299557001019,6
230299557001020,6
230299557001021,6
230299557001022,6
230299557001023,6
230299557001024,6
230299557001025,6
230299557001026,6
230299557001027,6
230299557001028,6
230299557001029,6
230299557001030,6
230299557001031,6
230299557001032,6
230299557001033,6
230299557001034,6
230299557001035,6
230299557001036,6
230299557001037,6
230299557001038,6
230299557001039,6
230299557001040,6
230299557001041,6
230299557001042,6
230299557001043,6
230299557001044,6
230299557001045,6
230299557001046,6
230299557001047,6
230299557001048,6
230299557001049,6
230299557001050,6
230299557001051,6
230299557001052,6
230299557001053,6
230299557001054,6
230299557001055,6
230299557001056,6
230299557001057,6
230299557001058,6
230299557001059,6
230299557001060,6
230299557001061,6
230299557001062,6
230299557001063,6
230299557001064,6
230299557001065,6
230299557001066,6
230299557001067,6
230299557001068,6
230299557001069,6
230299557001070,6
230299557001071,6
230299557001072,6
230299557001073,6
230299557001074,6
230299557001075,6
230299557001076,6
230299557001077,6
230299557001078,6
230299557001079,6
230299557001080,6
230299557001081,6
230299557001082,6
230299551004145,6
230299551004146,6
230299551004147,6
230299551004148,6
230299551004149,6
230299551004234,6
230299551004235,6
230299551004236,6
230299551004237,6
230299551004238,6
230299551004239,6
230299551004240,6
230299551004241,6
230299551004242,6
230299551004243,6
230299551004244,6
230299551004245,6
230299551004246,6
230299551004254,6
230299551004255,6
230299551004256,6
230299551004257,6
230299551004258,6
230299551004259,6
230299551004260,6
230299551004261,6
230299551004409,6
230299564002000,6
230299564002001,6
230299564002002,6
230299564002003,6
230299564002004,6
230299564002005,6
230299564002006,6
230299564002007,6
230299564002008,6
230299564002009,6
230299564002010,6
230299564002011,6
230299564002012,6
230299564002013,6
230299564002014,6
230299564002015,6
230299564002016,6
230299564002017,6
230299564002018,6
230299564002019,6
230299564002020,6
230299564002021,6
230299564002022,6
230299564002023,6
230299564002024,6
230299564002025,6
230299564002026,6
230299564002027,6
230299564002028,6
230299564002029,6
230299564002030,6
230299564002031,6
230299564002032,6
230299564002033,6
230299564002034,6
230299564002035,6
230299564002036,6
230299564002037,6
230299564002038,6
230299564002039,6
230299564002040,6
230299564002041,6
230299564002042,6
230299564002043,6
230299564002044,6
230299564002045,6
230299564002046,6
230299564002047,6
230299564002048,6
230299564002049,6
230299564002050,6
230299564002051,6
230299564002052,6
230299564002053,6
230299564002054,6
230299564002055,6
230299564002056,6
230299564002057,6
230299564002058,6
230299564002059,6
230299564002060,6
230299564002061,6
230299564002062,6
230299564002063,6
230299564002064,6
230299564002065,6
230299564002066,6
230299564002067,6
230299564002068,6
230299564002069,6
230299564002070,6
230299564002071,6
230299564002072,6
230299564002073,6
230299564002074,6
230299900000011,6
230299563001013,6
230299563001015,6
230299563001016,6
230299563001017,6
230299563001018,6
230299563001019,6
230299563001020,6
230299563001021,6
230299563001022,6
230299563001023,6
230299563001024,6
230299563001025,6
230299563001026,6
230299563001027,6
230299563001028,6
230299563001031,6
230299563001032,6
230299563001041,6
230299563001042,6
230299563001043,6
230299563001044,6
230299563001045,6
230299563001046,6
230299563001047,6
230299563001048,6
230299563001049,6
230299563001050,6
230299563001051,6
230299563001052,6
230299563001053,6
230299563001055,6
230299563001056,6
230299563001057,6
230299563001058,6
230299563001059,6
230299563001076,6
230299563001081,6
230299563002000,6
230299563002001,6
230299563002002,6
230299563002003,6
230299563002004,6
230299563002005,6
230299563002006,6
230299563002007,6
230299563002008,6
230299563002009,6
230299563002010,6
230299563002011,6
230299563002012,6
230299563002013,6
230299563002014,6
230299563002015,6
230299563002016,6
230299563002017,6
230299563002018,6
230299563002019,6
230299563002020,6
230299563002021,6
230299563002022,6
230299563002023,6
230299563002024,6
230299563002025,6
230299563002026,6
230299563002027,6
230299563002028,6
230299563002029,6
230299563002030,6
230299563002031,6
230299563002032,6
230299563002033,6
230299563002034,6
230299563002035,6
230299563002036,6
230299563002037,6
230299563002038,6
230299563002039,6
230299563002040,6
230299563002041,6
230299563002042,6
230299563002043,6
230299563002044,6
230299563002045,6
230299563002046,6
230299563002047,6
230299563002048,6
230299563002049,6
230299563002050,6
230299563002051,6
230299563002052,6
230299563002053,6
230299563002054,6
230299900000006,6
230299900000007,6
230299558001000,6
230299558001001,6
230299558001002,6
230299558001003,6
230299558001004,6
230299558001005,6
230299558001006,6
230299558001007,6
230299558001008,6
230299558001009,6
230299558001010,6
230299558001011,6
230299558001012,6
230299558001013,6
230299558001014,6
230299558001015,6
230299558001016,6
230299558001017,6
230299558001018,6
230299558001019,6
230299558001020,6
230299558001021,6
230299558001022,6
230299558001023,6
230299558001024,6
230299558001025,6
230299558001026,6
230299558001027,6
230299558001028,6
230299558002000,6
230299558002001,6
230299558002002,6
230299558002003,6
230299558002004,6
230299558002005,6
230299558002006,6
230299558002007,6
230299558002008,6
230299558002009,6
230299558002010,6
230299558002011,6
230299558002035,6
230299558002036,6
230299558003000,6
230299558003001,6
230299558003002,6
230299558003003,6
230299558003004,6
230299558003005,6
230299558003006,6
230299558003007,6
230299558003008,6
230299558003009,6
230299558003010,6
230299558003011,6
230299558003012,6
230299558003013,6
230299558003014,6
230299558003018,6
230299558003019,6
230299900000001,6
230299562002000,6
230299562002001,6
230299562002002,6
230299562002003,6
230299562002004,6
230299562002005,6
230299562002006,6
230299562002007,6
230299562002008,6
230299562002009,6
230299562002010,6
230299562002011,6
230299562002012,6
230299562002013,6
230299562002014,6
230299562002015,6
230299562002016,6
230299562002017,6
230299562002018,6
230299562002019,6
230299562002020,6
230299562002021,6
230299562002022,6
230299562002023,6
230299562002024,6
230299562002025,6
230299562002026,6
230299562002027,6
230299562002028,6
230299562002029,6
230299562002030,6
230299562002031,6
230299562002032,6
230299562003000,6
230299562003001,6
230299562003002,6
230299562003003,6
230299562003004,6
230299562003005,6
230299562003006,6
230299562003007,6
230299562003008,6
230299562003009,6
230299562003010,6
230299562003011,6
230299562003012,6
230299562003013,6
230299562003014,6
230299562003015,6
230299562003016,6
230299562003017,6
230299562003018,6
230299562003019,6
230299562003020,6
230299562003021,6
230299562003022,6
230299562003023,6
230299562003024,6
230299562003025,6
230299562003026,6
230299562003027,6
230299562003028,6
230299562003029,6
230299562003030,6
230299562003031,6
230299562003032,6
230299562003033,6
230299562003034,6
230299562003035,6
230299562003036,6
230299561002000,6
230299561002001,6
230299561002002,6
230299561002003,6
230299561002004,6
230299561002005,6
230299561002006,6
230299561002007,6
230299561002008,6
230299561002009,6
230299561002010,6
230299561002011,6
230299561002012,6
230299561002013,6
230299561002014,6
230299561002015,6
230299561002016,6
230299561002017,6
230299561002018,6
230299561002019,6
230299561002020,6
230299561002021,6
230299561002022,6
230299561002023,6
230299561002024,6
230299561002025,6
230299561002026,6
230299561002027,6
230299561002028,6
230299561002029,6
230299561002030,6
230299561002031,6
230299561002032,6
230299561002033,6
230299561002034,6
230299561002035,6
230299561002036,6
230299561002037,6
230299561002038,6
230299561002039,6
230299561002040,6
230299561002041,6
230299561002042,6
230299561002043,6
230299561002044,6
230299561002045,6
230299561002046,6
230299900000005,6
230299562001000,6
230299562001001,6
230299562001002,6
230299562001009,6
230299562001010,6
230299562001012,6
230299562001013,6
230299562001022,6
230299562001023,6
230299562001024,6
230299562001025,6
230299562001031,6
230299562001032,6
230299562001033,6
230299562001034,6
230299562001038,6
230299562001039,6
230299562001040,6
230299562001041,6
230299562001042,6
230299562001047,6
230299562001048,6
230299562001049,6
230299559003000,6
230299559003001,6
230299559003002,6
230299559003003,6
230299559003004,6
230299559003005,6
230299559003006,6
230299559003007,6
230299559003008,6
230299559003009,6
230299559003010,6
230299559003018,6
230299559003020,6
230299559003021,6
230299559003022,6
230299559003023,6
230299559003024,6
230299559003238,6
230299565003000,6
230299565003001,6
230299565003002,6
230299565003003,6
230299565003004,6
230299565003005,6
230299565003006,6
230299565003007,6
230299565003008,6
230299565003009,6
230299565003010,6
230299565003011,6
230299565003012,6
230299565003013,6
230299565003014,6
230299565003015,6
230299565003016,6
230299565003017,6
230299565003018,6
230299565003019,6
230299565003020,6
230299565003021,6
230299565003022,6
230299565003023,6
230299565003024,6
230299565003025,6
230299565003026,6
230299565003027,6
230299565003028,6
230299565003029,6
230299565003030,6
230299565003031,6
230299565003032,6
230299565003033,6
230299565003034,6
230299565003035,6
230299565003036,6
230299565003037,6
230299565003038,6
230299565003039,6
230299565003040,6
230299565003041,6
230299565003042,6
230299565003043,6
230299565003044,6
230299565003045,6
230299565003046,6
230299565003047,6
230299565003048,6
230299565003049,6
230299565003050,6
230299565003051,6
230299565003052,6
230299565003053,6
230299565003054,6
230299565003055,6
230299565003056,6
230299565003057,6
230299565003058,6
230299565003059,6
230299565003060,6
230299565003061,6
230299900000012,6
230299900000013,6
230299551003155,6
230299551003156,6
230299551003163,6
230299551003164,6
230299551003165,6
230299551003169,6
230299551003171,6
230299551003172,6
230299551003173,6
230299551003174,6
230299551003175,6
230299551003176,6
230299551003177,6
230299551003178,6
230299551003179,6
230299551003180,6
230299551003181,6
230299551003182,6
230299551003183,6
230299551003185,6
230299551003186,6
230299551003187,6
230299551003192,6
230299551003193,6
230299551003194,6
230299551003195,6
230299551003196,6
230299551003197,6
230299551003198,6
230299551003199,6
230299551003200,6
230299551003201,6
230299551003202,6
230299551003203,6
230299551003205,6
230299551003206,6
230299551003207,6
230299551003208,6
230299551003303,6
230299551001001,6
230299551001002,6
230299551001003,6
230299551001004,6
230299551001005,6
230299551001006,6
230299551001007,6
230299551001008,6
230299551001010,6
230299551001011,6
230299551001012,6
230299551001013,6
230299551001014,6
230299551001015,6
230299551001016,6
230299551001017,6
230299551001018,6
230299551001019,6
230299551001020,6
230299551001021,6
230299551001022,6
230299551001023,6
230299551001024,6
230299551001025,6
230299551001026,6
230299551001027,6
230299551001028,6
230299551001029,6
230299551001030,6
230299551001031,6
230299551001032,6
230299551001033,6
230299551001034,6
230299551001035,6
230299551001036,6
230299551001037,6
230299551001038,6
230299551001039,6
230299551001040,6
230299551001041,6
230299551001042,6
230299551001043,6
230299551001044,6
230299551001045,6
230299551001046,6
230299551001047,6
230299551001048,6
230299551001049,6
230299551001076,6
230299551001077,6
230299551001078,6
230299551001079,6
230299551001080,6
230299551001081,6
230299551001085,6
230299551001086,6
230299551001087,6
230299551001088,6
230299551001089,6
230299551001090,6
230299551001091,6
230299551001092,6
230299551001093,6
230299551001094,6
230299551001095,6
230299551001096,6
230299551001103,6
230299551001104,6
230299551001109,6
230299551001110,6
230299551001111,6
230299551001112,6
230299551001113,6
230299551001114,6
230299551001115,6
230299551001116,6
230299551001117,6
230299551001118,6
230299551001119,6
230299551001120,6
230299551001121,6
230299551001122,6
230299551001123,6
230299551001124,6
230299551001125,6
230299551001126,6
230299551001127,6
230299551001129,6
230299551001130,6
230299551001131,6
230299551001132,6
230299551001133,6
230299551001134,6
230299551001135,6
230299551001136,6
230299551001137,6
230299551001138,6
230299551001139,6
230299551001140,6
230299551001141,6
230299551001142,6
230299551001143,6
230299551001144,6
230299551001196,6
230299551001197,6
230299551001198,6
230299551001199,6
230299551001200,6
230299551001201,6
230299551001202,6
230299551001203,6
230299551001204,6
230299551001205,6
230299551001206,6
230299551001207,6
230299551001208,6
230299551001249,6
230299551001257,6
230299551001260,6
230299551001262,6
230299551001263,6
230299551001265,6
230299551003013,6
230299551003014,6
230299551003015,6
230299551003016,6
230299551003017,6
230299551003037,6
230299551003038,6
230299551003039,6
230299551003040,6
230299551003041,6
230299551003042,6
230299551003043,6
230299551003044,6
230299551003045,6
230299551003046,6
230299551003047,6
230299551003048,6
230299551003049,6
230299551003050,6
230299551003051,6
230299551003052,6
230299551003053,6
230299551003054,6
230299551003055,6
230299551003056,6
230299551003057,6
230299551003058,6
230299551003059,6
230299551003060,6
230299551003061,6
230299551003062,6
230299551003063,6
230299551003064,6
230299551003065,6
230299551003066,6
230299551003067,6
230299551003068,6
230299551003069,6
230299551003070,6
230299551003071,6
230299551003072,6
230299551003073,6
230299551003074,6
230299551003075,6
230299551003076,6
230299551003077,6
230299551003078,6
230299551003079,6
230299551003080,6
230299551003081,6
230299551003082,6
230299551003083,6
230299551003084,6
230299551003085,6
230299551003086,6
230299551003087,6
230299551003088,6
230299551003089,6
230299551003090,6
230299551003091,6
230299551003092,6
230299551003093,6
230299551003094,6
230299551003095,6
230299551003096,6
230299551003097,6
230299551003098,6
230299551003099,6
230299551003100,6
230299551003101,6
230299551003102,6
230299551003103,6
230299551003104,6
230299551003105,6
230299551003106,6
230299551003107,6
230299551003108,6
230299551003110,6
230299551003111,6
230299551003112,6
230299551003113,6
230299551003114,6
230299551003115,6
230299551003116,6
230299551003117,6
230299551003118,6
230299551003119,6
230299551003120,6
230299551003121,6
230299551003122,6
230299551003123,6
230299551003124,6
230299551003125,6
230299551003126,6
230299551003127,6
230299551003128,6
230299551003129,6
230299551003130,6
230299551003131,6
230299551003132,6
230299551003133,6
230299551003134,6
230299551003135,6
230299551003136,6
230299551003137,6
230299551003138,6
230299551003139,6
230299551003140,6
230299551003141,6
230299551003142,6
230299551003143,6
230299551003144,6
230299551003145,6
230299551003146,6
230299551003147,6
230299551003148,6
230299551003149,6
230299551003150,6
230299551003151,6
230299551003152,6
230299551003153,6
230299551003154,6
230299551003157,6
230299551003158,6
230299551003170,6
230299551003209,6
230299551003210,6
230299551003211,6
230299551003212,6
230299551003213,6
230299551003214,6
230299551003215,6
230299551003216,6
230299551003217,6
230299551003218,6
230299551003219,6
230299551003220,6
230299551003221,6
230299551003222,6
230299551003223,6
230299551003224,6
230299551003225,6
230299551003232,6
230299551003236,6
230299551003237,6
230299551003240,6
230299551003241,6
230299551003242,6
230299551003243,6
230299551003244,6
230299551003245,6
230299551003246,6
230299551003247,6
230299551003248,6
230299551003249,6
230299551003250,6
230299551003251,6
230299551003259,6
230299551003260,6
230299551003261,6
230299551003266,6
230299551003290,6
230299551003291,6
230299551003292,6
230299551003298,6
230299551003299,6
230299551003300,6
230299551003301,6
230299551003302,6
230299551003307,6
230299551003309,6
230299551003310,6
230299551003311,6
230299551003312,6
230299551003313,6
230299551003314,6
230299551003315,6
230299551003317,6
230299551003318,6
230299551003320,6
230299551003321,6
230299551003322,6
230299551003323,6
230299551003324,6
230299551003325,6
230299551004000,6
230299551004001,6
230299551004002,6
230299551004003,6
230299551004004,6
230299551004005,6
230299551004006,6
230299551004007,6
230299551004008,6
230299551004009,6
230299551004010,6
230299551004011,6
230299551004012,6
230299551004013,6
230299551004014,6
230299551004015,6
230299551004016,6
230299551004017,6
230299551004018,6
230299551004019,6
230299551004020,6
230299551004021,6
230299551004022,6
230299551004023,6
230299551004024,6
230299551004025,6
230299551004026,6
230299551004027,6
230299551004028,6
230299551004029,6
230299551004031,6
230299551004032,6
230299551004033,6
230299551004037,6
230299551004038,6
230299551004039,6
230299551004042,6
230299551004043,6
230299551004044,6
230299551004045,6
230299551004046,6
230299551004047,6
230299551004048,6
230299551004060,6
230299551004085,6
230299551004097,6
230299551004098,6
230299551004099,6
230299551004100,6
230299551004101,6
230299551004102,6
230299551004103,6
230299551004104,6
230299551004105,6
230299551004106,6
230299551004107,6
230299551004108,6
230299551004109,6
230299551004110,6
230299551004111,6
230299551004112,6
230299551004113,6
230299551004114,6
230299551004115,6
230299551004116,6
230299551004117,6
230299551004118,6
230299551004119,6
230299551004120,6
230299551004121,6
230299551004130,6
230299551004131,6
230299551004132,6
230299551004133,6
230299551004134,6
230299551004135,6
230299551004136,6
230299551004138,6
230299551004139,6
230299551004140,6
230299551004141,6
230299551004142,6
230299551004150,6
230299551004151,6
230299551004152,6
230299551004153,6
230299551004154,6
230299551004155,6
230299551004156,6
230299551004157,6
230299551004158,6
230299551004159,6
230299551004160,6
230299551004161,6
230299551004162,6
230299551004163,6
230299551004164,6
230299551004165,6
230299551004166,6
230299551004167,6
230299551004168,6
230299551004169,6
230299551004170,6
230299551004171,6
230299551004172,6
230299551004173,6
230299551004174,6
230299551004175,6
230299551004176,6
230299551004177,6
230299551004178,6
230299551004179,6
230299551004180,6
230299551004181,6
230299551004182,6
230299551004183,6
230299551004184,6
230299551004185,6
230299551004186,6
230299551004187,6
230299551004188,6
230299551004189,6
230299551004190,6
230299551004191,6
230299551004192,6
230299551004193,6
230299551004194,6
230299551004195,6
230299551004196,6
230299551004197,6
230299551004198,6
230299551004199,6
230299551004200,6
230299551004201,6
230299551004202,6
230299551004203,6
230299551004204,6
230299551004205,6
230299551004206,6
230299551004207,6
230299551004208,6
230299551004209,6
230299551004210,6
230299551004211,6
230299551004212,6
230299551004213,6
230299551004214,6
230299551004215,6
230299551004216,6
230299551004217,6
230299551004218,6
230299551004219,6
230299551004220,6
230299551004221,6
230299551004222,6
230299551004223,6
230299551004224,6
230299551004225,6
230299551004226,6
230299551004227,6
230299551004228,6
230299551004229,6
230299551004230,6
230299551004231,6
230299551004232,6
230299551004233,6
230299551004262,6
230299551004263,6
230299551004264,6
230299551004265,6
230299551004266,6
230299551004267,6
230299551004268,6
230299551004269,6
230299551004270,6
230299551004271,6
230299551004272,6
230299551004273,6
230299551004274,6
230299551004275,6
230299551004276,6
230299551004277,6
230299551004278,6
230299551004279,6
230299551004280,6
230299551004281,6
230299551004282,6
230299551004283,6
230299551004284,6
230299551004285,6
230299551004286,6
230299551004287,6
230299551004288,6
230299551004289,6
230299551004290,6
230299551004291,6
230299551004292,6
230299551004293,6
230299551004294,6
230299551004295,6
230299551004296,6
230299551004297,6
230299551004298,6
230299551004299,6
230299551004300,6
230299551004301,6
230299551004302,6
230299551004303,6
230299551004304,6
230299551004305,6
230299551004306,6
230299551004307,6
230299551004308,6
230299551004309,6
230299551004310,6
230299551004311,6
230299551004312,6
230299551004313,6
230299551004314,6
230299551004315,6
230299551004316,6
230299551004317,6
230299551004318,6
230299551004319,6
230299551004320,6
230299551004321,6
230299551004322,6
230299551004323,6
230299551004324,6
230299551004325,6
230299551004326,6
230299551004327,6
230299551004328,6
230299551004329,6
230299551004330,6
230299551004331,6
230299551004332,6
230299551004333,6
230299551004334,6
230299551004335,6
230299551004336,6
230299551004337,6
230299551004338,6
230299551004339,6
230299551004340,6
230299551004341,6
230299551004342,6
230299551004343,6
230299551004344,6
230299551004345,6
230299551004346,6
230299551004347,6
230299551004348,6
230299551004349,6
230299551004350,6
230299551004351,6
230299551004352,6
230299551004353,6
230299551004354,6
230299551004355,6
230299551004356,6
230299551004357,6
230299551004358,6
230299551004359,6
230299551004360,6
230299551004361,6
230299551004362,6
230299551004363,6
230299551004364,6
230299551004365,6
230299551004366,6
230299551004367,6
230299551004368,6
230299551004369,6
230299551004370,6
230299551004371,6
230299551004372,6
230299551004373,6
230299551004374,6
230299551004375,6
230299551004376,6
230299551004377,6
230299551004378,6
230299551004379,6
230299551004380,6
230299551004381,6
230299551004382,6
230299551004383,6
230299551004384,6
230299551004385,6
230299551004386,6
230299551004387,6
230299551004388,6
230299551004389,6
230299551004390,6
230299551004391,6
230299551004392,6
230299551004393,6
230299551004394,6
230299551004395,6
230299551004396,6
230299551004397,6
230299551004398,6
230299551004399,6
230299551004400,6
230299551004401,6
230299551004402,6
230299551004403,6
230299551004404,6
230299551004405,6
230299551004406,6
230299551004407,6
230299551004408,6
230299551004410,6
230299551004411,6
230299551004412,6
230299551004413,6
230299551004414,6
230299551004415,6
230299551004416,6
230299551004417,6
230299551004418,6
230299551004419,6
230299551004420,6
230299551004422,6
230299551004423,6
230299551004424,6
230299551004425,6
230299551004426,6
230299551004427,6
230299551004428,6
230299551004429,6
230299553002007,6
230299553002008,6
230299553002009,6
230299553002010,6
230299553002011,6
230299553002012,6
230299553002013,6
230299553002014,6
230299553002015,6
230299553002016,6
230299563001000,6
230299563001001,6
230299563001002,6
230299563001003,6
230299563001004,6
230299563001005,6
230299563001006,6
230299563001007,6
230299563001008,6
230299563001009,6
230299563001010,6
230299563001011,6
230299563001012,6
230299563001014,6
230299563001029,6
230299563001030,6
230299563001033,6
230299563001034,6
230299563001035,6
230299563001036,6
230299563001037,6
230299563001038,6
230299563001039,6
230299563001040,6
230299563001079,6
230299551001209,6
230299551001210,6
230299551001211,6
230299551001212,6
230299551001213,6
230299551001214,6
230299551001215,6
230299551001216,6
230299551001220,6
230299551001221,6
230299551001222,6
230299551001223,6
230299551001224,6
230299551001225,6
230299551001226,6
230299551001227,6
230299551001228,6
230299551001229,6
230299551001230,6
230299551001231,6
230299551001232,6
230299551001233,6
230299551001234,6
230299551001235,6
230299551001236,6
230299551001237,6
230299551001238,6
230299551001239,6
230299551001240,6
230299551001241,6
230299551001242,6
230299551001243,6
230299551001244,6
230299551001245,6
230299551001246,6
230299551001247,6
230299551001248,6
230299551001252,6
230299551001253,6
230299551001254,6
230299551001255,6
230299551001256,6
230299551001258,6
230299551001259,6
230299551001261,6
230299556002003,6
230299556002004,6
230299556002006,6
230299556002008,6
230299556002010,6
230299556002011,6
230299556002012,6
230299556002017,6
230299556002018,6
230299556002019,6
230299556002020,6
230299556002021,6
230299556002022,6
230299556002023,6
230299556002024,6
230299556002025,6
230299556002026,6
230299556002027,6
230299556002033,6
230299556002034,6
230299556002035,6
230299556002036,6
230299556002037,6
230299556002038,6
230299556002039,6
230299556002040,6
230299559002000,6
230299559002001,6
230299559002002,6
230299559002003,6
230299559002004,6
230299559002005,6
230299559002006,6
230299559002007,6
230299559002008,6
230299559002009,6
230299559002010,6
230299559002011,6
230299559002012,6
230299559002013,6
230299559002014,6
230299559002015,6
230299559002016,6
230299559002017,6
230299559002018,6
230299559002019,6
230299559002020,6
230299559002021,6
230299559002022,6
230299559002023,6
230299559002024,6
230299559002025,6
230299559002026,6
230299559002027,6
230299559002028,6
230299559002029,6
230299559002030,6
230299559002031,6
230299559002032,6
230299559002033,6
230299559002034,6
230299559002035,6
230299559002036,6
230299559002037,6
230299559002038,6
230299559002039,6
230299559002040,6
230299559002041,6
230299559002042,6
230299559002043,6
230299559002044,6
230299559002045,6
230299559002046,6
230299559002047,6
230299559002048,6
230299559002049,6
230299559002050,6
230299559002051,6
230299559002052,6
230299559002053,6
230299559002054,6
230299559002055,6
230299559002056,6
230299559002057,6
230299559002058,6
230299559002059,6
230299556001005,6
230299556001006,6
230299556001007,6
230299556001008,6
230299556001009,6
230299556001010,6
230299556001023,6
230299556001024,6
230299556001026,6
230299556001027,6
230299556001028,6
230299556001029,6
230299556001031,6
230299556001032,6
230299556001033,6
230299556001034,6
230299556001035,6
230299556001036,6
230299556001037,6
230299556001038,6
230299556001039,6
230299556001040,6
230299556001041,6
230299556001042,6
230299556001043,6
230299556001044,6
230299556001045,6
230299556001047,6
230299556001048,6
230299556001049,6
230299556001050,6
230299556001051,6
230299556001052,6
230299556001053,6
230299556001054,6
230299556001055,6
230299556001056,6
230299556002000,6
230299556002001,6
230299556002002,6
230299556002005,6
230299556002007,6
230299556002009,6
230299556002013,6
230299556002014,6
230299556002015,6
230299556002016,6
230299556002028,6
230299556002029,6
230299556002030,6
230299556002031,6
230299556002032,6
230299553001000,6
230299553001001,6
230299553001002,6
230299553001003,6
230299553001004,6
230299553001005,6
230299553001006,6
230299553001007,6
230299553001008,6
230299553001009,6
230299553001010,6
230299553001011,6
230299553001012,6
230299553001013,6
230299553001014,6
230299553001015,6
230299553001016,6
230299553001017,6
230299553001018,6
230299553001019,6
230299553001020,6
230299553001021,6
230299553001022,6
230299553001023,6
230299553001024,6
230299553001025,6
230299553001026,6
230299553001027,6
230299553001028,6
230299553001029,6
230299553001030,6
230299553001031,6
230299553001032,6
230299556001000,6
230299556001001,6
230299556001002,6
230299556001003,6
230299556001004,6
230299556001011,6
230299556001012,6
230299556001013,6
230299556001014,6
230299556001015,6
230299556001016,6
230299556001017,6
230299556001018,6
230299556001019,6
230299556001020,6
230299556001021,6
230299556001022,6
230299556001025,6
230299556001030,6
230299556001046,6
230299563001054,6
230299563001060,6
230299563001061,6
230299563001062,6
230299563001063,6
230299563001064,6
230299563001065,6
230299563001066,6
230299563001067,6
230299563001068,6
230299563001069,6
230299563001070,6
230299563001071,6
230299563001072,6
230299563001073,6
230299563001074,6
230299563001075,6
230299563001077,6
230299563001078,6
230299563001080,6
230299563001082,6
230299565002000,6
230299565002001,6
230299565002002,6
230299565002003,6
230299565002004,6
230299565002005,6
230299565002006,6
230299565002007,6
230299565002008,6
230299565002009,6
230299565002010,6
230299565002011,6
230299565002012,6
230299565002013,6
230299565002014,6
230299565002015,6
230299565002016,6
230299565002017,6
230299565002018,6
230299565002019,6
230299565002020,6
230299565002021,6
230299565002022,6
230299565002023,6
230299565002024,6
230299565002025,6
230299565002026,6
230299565002027,6
230299565002028,6
230299565002029,6
230299565002030,6
230299565002031,6
230299565002032,6
230299565002033,6
230299565002034,6
230299565002035,6
230299565002036,6
230299565002037,6
230299565002038,6
230299565002039,6
230299565002040,6
230299565002041,6
230299565002042,6
230299565002043,6
230299565002044,6
230299565002045,6
230299565002046,6
230299565002047,6
230299565002048,6
230299565002049,6
230299565002050,6
230299565002051,6
230299565002052,6
230299565002053,6
230299565002054,6
230299565002055,6
230299565002056,6
230299565002057,6
230299565002058,6
230299565002059,6
230299565002060,6
230299565002061,6
230299565002062,6
230299900000014,6
230299551004079,6
230299551004080,6
230299551004088,6
230299551004089,6
230299551004090,6
230299551004091,6
230299551004092,6
230299551004093,6
230299551004094,6
230299551004095,6
230299551004096,6
230299551004122,6
230299551004123,6
230299551004124,6
230299551004125,6
230299551004126,6
230299551004127,6
230299551004128,6
230299551004129,6
230299551004137,6
230299551004143,6
230299551004144,6
230299551004247,6
230299551004248,6
230299551004249,6
230299551004250,6
230299551004251,6
230299551004252,6
230299551004253,6
230299551004030,6
230299551004034,6
230299551004035,6
230299551004036,6
230299551004040,6
230299551004041,6
230299551004049,6
230299551004050,6
230299551004051,6
230299551004052,6
230299551004053,6
230299551004054,6
230299551004055,6
230299551004056,6
230299551004057,6
230299551004058,6
230299551004059,6
230299551004061,6
230299551004062,6
230299551004063,6
230299551004064,6
230299551004065,6
230299551004066,6
230299551004067,6
230299551004068,6
230299551004069,6
230299551004070,6
230299551004071,6
230299551004072,6
230299551004073,6
230299551004074,6
230299551004075,6
230299551004076,6
230299551004077,6
230299551004078,6
230299551004081,6
230299551004082,6
230299551004083,6
230299551004084,6
230299551004086,6
230299551004087,6
230299551004421,6
230299551001000,6
230299551001009,6
230299551001050,6
230299551001051,6
230299551001052,6
230299551001053,6
230299551001054,6
230299551001055,6
230299551001056,6
230299551001057,6
230299551001058,6
230299551001059,6
230299551001060,6
230299551001061,6
230299551001062,6
230299551001063,6
230299551001064,6
230299551001065,6
230299551001066,6
230299551001067,6
230299551001068,6
230299551001069,6
230299551001070,6
230299551001071,6
230299551001072,6
230299551001073,6
230299551001074,6
230299551001075,6
230299551001264,6
230299551001145,6
230299551001146,6
230299551001164,6
230299551001165,6
230299551001166,6
230299551001168,6
230299551001169,6
230299551001170,6
230299551001171,6
230299551001172,6
230299551001173,6
230299551001180,6
230299551001181,6
230299551001182,6
230299551001183,6
230299551001184,6
230299551001185,6
230299551001186,6
230299551001187,6
230299551001188,6
230299551001189,6
230299551001190,6
230299551001191,6
230299551001192,6
230299551001193,6
230299551001194,6
230299551001195,6
230299551001217,6
230299551001218,6
230299551001219,6
230299551001250,6
230299551001251,6
230299551003000,6
230299551003001,6
230299551003002,6
230299551003003,6
230299551003004,6
230299551003005,6
230299551003006,6
230299551003007,6
230299551003008,6
230299551003009,6
230299551003010,6
230299551003011,6
230299551003012,6
230299551003018,6
230299551003019,6
230299551003020,6
230299551003021,6
230299551003022,6
230299551003023,6
230299551003024,6
230299551003025,6
230299551003026,6
230299551003027,6
230299551003028,6
230299551003029,6
230299551003030,6
230299551003031,6
230299551003032,6
230299551003033,6
230299551003034,6
230299551003035,6
230299551003036,6
230299551003159,6
230299551003160,6
230299551003161,6
230299551003162,6
230299551003166,6
230299551003167,6
230299551003168,6
230299551003184,6
230299551003188,6
230299551003189,6
230299551003190,6
230299551003191,6
230299551003204,6
230299551003319,6
230299559003142,6
230299559003144,6
230299559003158,6
230299559003159,6
230299559003160,6
230299559003161,6
230299559003162,6
230299559003163,6
230299559003164,6
230299559003180,6
230299559003181,6
230299559003182,6
230299559003183,6
230299559003184,6
230299559003185,6
230299559003186,6
230299559003187,6
230299559003190,6
230299559003191,6
230299559003193,6
230299559003194,6
230299559003195,6
230299559003196,6
230299559003198,6
230299559003199,6
230299559003200,6
230299559003201,6
230299559003202,6
230299559003203,6
230299559003204,6
230299559003205,6
230299559003206,6
230299559003207,6
230299559003208,6
230299559003209,6
230299559003210,6
230299559003211,6
230299559003212,6
230299559003213,6
230299559003214,6
230299559003215,6
230299559003216,6
230299559003217,6
230299559003218,6
230299559003219,6
230299559003220,6
230299559003221,6
230299559003223,6
230299559003235,6
230299559003241,6
230299559003242,6
230299559003243,6
230299559003244,6
230299559003245,6
230299559003247,6
230299559003248,6
230299559003249,6
230299562001003,6
230299562001004,6
230299562001005,6
230299562001006,6
230299562001007,6
230299562001008,6
230299562001011,6
230299562001014,6
230299562001015,6
230299562001016,6
230299562001017,6
230299562001018,6
230299562001019,6
230299562001020,6
230299562001021,6
230299562001026,6
230299562001027,6
230299562001028,6
230299562001029,6
230299562001030,6
230299562001035,6
230299562001036,6
230299562001037,6
230299562001043,6
230299562001044,6
230299562001045,6
230299562001046,6
230299562001050,6
230299562001051,6
230010101001000,20
230010101001001,20
230010101001002,20
230010101001006,20
230010101001007,20
230010101001008,20
230010101001009,20
230010101001010,20
230010101001011,20
230010101001012,20
230010101001013,20
230010101001014,20
230010101001015,20
230010101001016,20
230010101001017,20
230010101001018,20
230010101001025,20
230010101001026,20
230010101001027,20
230010101001028,20
230010101001029,20
230010101001030,20
230010101001031,20
230010101001032,20
230010101001033,20
230010101001034,20
230010101001035,20
230010101001036,20
230010101001037,20
230010101001038,20
230010101001039,20
230010101001040,20
230010101001041,20
230010101001042,20
230010101001043,20
230010101001044,20
230010101001045,20
230010101001046,20
230010101001047,20
230010104001000,20
230010104001001,20
230010104001002,20
230010104001003,20
230010104001004,20
230010104001005,20
230010104001006,20
230010104001007,20
230010104001008,20
230010104001009,20
230010104001010,20
230010104001011,20
230010104001012,20
230010104001013,20
230010104001014,20
230010104001015,20
230010104001016,20
230010104001017,20
230010104001018,20
230010104001019,20
230010104001020,20
230010104001021,20
230010104001022,20
230010104001023,20
230010106001024,20
230010106001025,20
230010106001026,20
230010106001027,20
230010106001028,20
230010106001030,20
230010106001031,20
230010106001032,20
230010106001033,20
230010106001034,20
230010106001035,20
230010106001036,20
230010106001037,20
230010106001038,20
230010106001039,20
230010106001040,20
230010106001041,20
230010106001042,20
230010106001043,20
230010106001044,20
230010106001045,20
230010106001046,20
230010106001047,20
230010106001048,20
230010106001049,20
230010106001050,20
230010106001051,20
230010106001052,20
230010106001053,20
230010106001054,20
230010106001055,20
230010106001056,20
230010106001057,20
230010106001058,20
230010106001059,20
230010106001060,20
230010106001061,20
230010106001067,20
230010107001009,20
230010107001010,20
230010107001011,20
230010107001012,20
230010107001013,20
230010107001015,20
230010107001016,20
230010107001017,20
230010107001018,20
230010107001019,20
230010107001020,20
230010107001021,20
230010107001022,20
230010107001023,20
230010107001024,20
230010107001027,20
230010107001046,20
230010107001049,20
230010107001051,20
230010107001052,20
230010107001053,20
230010107002002,20
230010107002003,20
230010107002004,20
230010107002005,20
230010107002006,20
230010107002007,20
230010107002008,20
230010107002009,20
230010107002010,20
230010107002011,20
230010107002012,20
230010107002013,20
230010107002014,20
230010107002015,20
230010107002016,20
230010107002017,20
230010107002018,20
230010107002019,20
230010107002020,20
230010107002021,20
230010107002022,20
230010107002023,20
230010107002024,20
230010107002025,20
230010107002026,20
230010107002027,20
230010107002028,20
230010107002029,20
230010107002030,20
230010107002031,20
230010107002032,20
230010107002033,20
230010107002034,20
230010107002035,20
230010107002036,20
230010107002037,20
230010107002038,20
230010107002039,20
230010107002040,20
230010107002041,20
230010101001003,20
230010101001004,20
230010101001005,20
230010101001019,20
230010101001020,20
230010101001021,20
230010101001022,20
230010101001023,20
230010101001024,20
230010103001012,20
230010103001013,20
230010103001014,20
230010103001020,20
230010103002006,20
230010103002007,20
230010103002008,20
230010103002009,20
230010103003002,20
230010103003003,20
230010103003004,20
230010103003006,20
230010103003007,20
230010103003008,20
230010103003009,20
230010104002000,20
230010104002001,20
230010104002002,20
230010104002003,20
230010104002004,20
230010104002005,20
230010104002006,20
230010104002007,20
230010104002008,20
230010104002009,20
230010104002012,20
230010104002014,20
230010104002015,20
230010104003003,20
230010104003007,20
230010104003008,20
230010107001000,20
230010107001001,20
230010107001002,20
230010107001003,20
230010107001004,20
230010107001005,20
230010107001006,20
230010107001007,20
230010107001008,20
230010107001014,20
230010107001025,20
230010107001026,20
230010107001028,20
230010107001029,20
230010107001030,20
230010107001031,20
230010107001032,20
230010107001033,20
230010107001034,20
230010107001035,20
230010107001036,20
230010107001037,20
230010107001038,20
230010107001039,20
230010107001040,20
230010107001041,20
230010107001042,20
230010107001043,20
230010107001044,20
230010107001045,20
230010107001047,20
230010107001048,20
230010107001050,20
230010108002006,20
230010108002009,20
230010108002013,20
230010108002014,20
230010108002015,20
230010108003009,20
230010108003014,20
230010108003015,20
230010108003016,20
230010108003017,20
230010108003018,20
230010108003019,20
230010108003020,20
230010102001000,20
230010102001001,20
230010102001002,20
230010102001003,20
230010102001004,20
230010102001005,20
230010102001006,20
230010102001007,20
230010102001008,20
230010102001009,20
230010102001010,20
230010102001011,20
230010102001012,20
230010102001013,20
230010102002000,20
230010102002001,20
230010102002002,20
230010102002003,20
230010102002004,20
230010102002005,20
230010102002006,20
230010102002007,20
230010102002008,20
230010102002009,20
230010102002010,20
230010102002011,20
230010102002012,20
230010102002013,20
230010102002014,20
230010102002015,20
230010102002016,20
230010102002017,20
230010102002018,20
230010102002019,20
230010102002020,20
230010102002021,20
230010102002022,20
230010102002023,20
230010102002024,20
230010102002025,20
230010102002026,20
230010102002027,20
230010102002028,20
230010102002029,20
230010102002030,20
230010102002031,20
230010102002032,20
230010102002033,20
230010102002034,20
230010102002035,20
230010102002036,20
230010102002037,20
230010102002038,20
230010102002039,20
230010102002040,20
230010102002041,20
230010102002042,20
230010102002043,20
230010102002044,20
230010102002045,20
230010102002046,20
230010102002047,20
230010102002048,20
230010102002049,20
230010102002050,20
230010102002051,20
230010102002052,20
230010102002053,20
230010102002054,20
230010102002055,20
230010102003000,20
230010102003001,20
230010102003002,20
230010102003003,20
230010102003004,20
230010102003005,20
230010102003006,20
230010102003007,20
230010102003008,20
230010102003009,20
230010102003010,20
230010102003011,20
230010102003012,20
230010102004000,20
230010102004001,20
230010102004002,20
230010102004003,20
230010102004004,20
230010102004005,20
230010102004006,20
230010102004007,20
230010102004008,20
230010102004009,20
230010102004010,20
230010102004011,20
230010102004012,20
230010102004013,20
230010102004014,20
230010103002000,20
230010103002005,20
230010103001000,20
230010103001001,20
230010103001002,20
230010103001003,20
230010103001004,20
230010103001005,20
230010103001006,20
230010103001007,20
230010103001008,20
230010103001009,20
230010103001010,20
230010103001011,20
230010103001015,20
230010103001016,20
230010103001017,20
230010103001018,20
230010103001019,20
230010103002001,20
230010103002002,20
230010103002003,20
230010103002004,20
230010103003000,20
230010103003001,20
230010103003005,20
230010104002010,20
230010104002011,20
230010104002013,20
230010104003000,20
230010104003001,20
230010104003002,20
230010104003004,20
230010104003005,20
230010104003006,20
230010108001000,20
230010108001001,20
230010108001002,20
230010108001003,20
230010108001004,20
230010108001005,20
230010108001006,20
230010108001007,20
230010108001008,20
230010108001009,20
230010108001010,20
230010108001011,20
230010108001012,20
230010108001013,20
230010108001014,20
230010108001015,20
230010108001016,20
230010108001017,20
230010108001018,20
230010108001019,20
230010108001020,20
230010108002000,20
230010108002001,20
230010108002002,20
230010108002003,20
230010108002004,20
230010108002005,20
230010108002007,20
230010108002008,20
230010108002010,20
230010108002011,20
230010108002012,20
230010108003000,20
230010108003001,20
230010108003002,20
230010108003003,20
230010108003004,20
230010108003005,20
230010108003006,20
230010108003007,20
230010108003008,20
230010108003010,20
230010108003011,20
230010108003012,20
230010108003013,20
230010105001000,20
230010105001001,20
230010105001002,20
230010105001003,20
230010105001004,20
230010105001005,20
230010105001006,20
230010105001007,20
230010105001008,20
230010105001009,20
230010105001010,20
230010105001011,20
230010105001012,20
230010105001013,20
230010105001014,20
230010105001015,20
230010105001016,20
230010105001017,20
230010105001018,20
230010105001019,20
230010105001020,20
230010105002000,20
230010105002001,20
230010105002002,20
230010105002003,20
230010105002004,20
230010105002005,20
230010105002006,20
230010105002007,20
230010105002008,20
230010105002009,20
230010105002010,20
230010105002011,20
230010105002012,20
230010105002013,20
230010105002014,20
230010105002015,20
230010105002016,20
230010105002017,20
230010105002018,20
230010105002019,20
230010105002020,20
230010105002021,20
230010105002022,20
230010105002023,20
230010105002024,20
230010105002025,20
230010105002026,20
230010105002027,20
230010105002028,20
230010105002029,20
230010105002030,20
230010106001000,20
230010106001001,20
230010106001002,20
230010106001003,20
230010106001004,20
230010106001005,20
230010106001006,20
230010106001007,20
230010106001008,20
230010106001009,20
230010106001010,20
230010106001011,20
230010106001012,20
230010106001013,20
230010106001014,20
230010106001015,20
230010106001016,20
230010106001017,20
230010106001018,20
230010106001019,20
230010106001020,20
230010106001021,20
230010106001022,20
230010106001023,20
230010106001029,20
230010106001062,20
230010106001063,20
230010106001064,20
230010106001065,20
230010106001066,20
230010106002000,20
230010106002001,20
230010106002002,20
230010106002003,20
230010106002004,20
230010106002005,20
230010106002006,20
230010106002007,20
230010106002008,20
230010106002009,20
230010106002010,20
230010106002011,20
230010106002012,20
230010106002013,20
230010106002014,20
230010106002015,20
230010106002016,20
230010106002017,20
230010106002018,20
230010106002019,20
230010106002020,20
230010106002021,20
230010106002022,20
230010106002023,20
230010106002024,20
230010106002025,20
230010106002026,20
230010106002027,20
230010106002028,20
230010107002000,20
230010107002001,20
230010201001000,21
230010201001001,21
230010201001002,21
230010201001003,21
230010201001004,21
230010201001005,21
230010201001006,21
230010201001007,21
230010201001008,21
230010201001009,21
230010201002000,21
230010201002001,21
230010201002002,21
230010201002003,21
230010201002004,21
230010201002005,21
230010201002006,21
230010201002007,21
230010201002008,21
230010201002009,21
230010201002010,21
230010201002011,21
230010201003000,21
230010201003001,21
230010201003002,21
230010201003003,21
230010201003004,21
230010201003007,21
230010201003008,21
230010201003009,21
230010201003010,21
230010201003011,21
230010201003012,21
230010201003017,21
230010202002010,21
230010202002011,21
230010202002012,21
230010202002013,21
230010202002014,21
230010202002015,21
230010202002016,21
230010202002017,21
230010202002018,21
230010202002019,21
230010202002020,21
230010202002021,21
230010202002022,21
230010203011001,21
230010203012000,21
230010203012001,21
230010203012010,21
230010203012011,21
230010203013000,21
230010203013001,21
230010203013002,21
230010203013003,21
230010203013004,21
230010203013005,21
230010203013006,21
230010203013007,21
230010203013008,21
230010203013009,21
230010203013010,21
230010203013013,21
230010203013014,21
230010203021002,21
230010203021003,21
230010203021004,21
230010203021005,21
230010203021006,21
230010203021007,21
230010203021008,21
230010203021009,21
230010203021010,21
230010203021011,21
230010203021012,21
230010203021013,21
230010203021014,21
230010203021018,21
230010203021021,21
230010203021022,21
230010203021023,21
230010203031000,21
230010203031001,21
230010203031002,21
230010203031003,21
230010203031004,21
230010203031005,21
230010203031006,21
230010203031007,21
230010203031008,21
230010203031009,21
230010203031010,21
230010203031011,21
230010203031012,21
230010203031013,21
230010203031018,21
230010203031019,21
230010203031020,21
230010203031021,21
230010203031022,21
230010201001010,21
230010201001011,21
230010201001012,21
230010201001013,21
230010201001014,21
230010201001015,21
230010203021000,21
230010203021001,21
230010203021015,21
230010203021016,21
230010203021017,21
230010203021019,21
230010203021020,21
230010203021024,21
230010203021025,21
230010203021026,21
230010203021027,21
230010203031014,21
230010203031015,21
230010203031016,21
230010203031017,21
230010203031023,21
230010203031024,21
230010203031025,21
230010203031026,21
230010204011000,21
230010204011001,21
230010204011002,21
230010204011003,21
230010204011004,21
230010204011005,21
230010204011006,21
230010204011007,21
230010204021000,21
230010204021001,21
230010204021002,21
230010204022000,21
230010204022001,21
230010204022002,21
230010204022003,21
230010205003000,21
230010205003001,21
230010205003002,21
230010205003003,21
230010205003004,21
230010205003005,21
230010205003006,21
230010205003007,21
230010207002006,21
230010207002011,21
230010207002012,21
230010207002013,21
230010201001016,21
230010201001017,21
230010201003005,21
230010201003006,21
230010201003013,21
230010201003014,21
230010201003015,21
230010201003016,21
230010204021003,21
230010204021004,21
230010204021005,21
230010204021006,21
230010204021007,21
230010204021008,21
230010204021009,21
230010204021010,21
230010204021011,21
230010204021012,21
230010204021013,21
230010204021014,21
230010204021015,21
230010204021016,21
230010204021017,21
230010204022004,21
230010204022005,21
230010204022006,21
230010204022007,21
230010204022008,21
230010204022009,21
230010204022010,21
230010204022011,21
230010204022012,21
230010204022013,21
230010204022014,21
230010204022015,21
230010204022016,21
230010204022017,21
230010204022018,21
230010204022019,21
230010204022020,21
230010204022021,21
230010205001000,21
230010205001001,21
230010205001002,21
230010205001003,21
230010205001004,21
230010205001005,21
230010205001006,21
230010205001007,21
230010205001008,21
230010205004000,21
230010205004001,21
230010205004002,21
230010205004003,21
230010205004004,21
230010205004005,21
230010205004006,21
230010205004007,21
230010205004008,21
230010205004009,21
230010205004010,21
230010205004011,21
230010205004012,21
230010205004013,21
230010205004014,21
230010205004015,21
230010205004016,21
230010205004017,21
230010205005000,21
230010205005001,21
230010205005002,21
230010205005003,21
230010205005004,21
230010205005005,21
230010205005006,21
230010205005007,21
230010205005008,21
230010205005009,21
230010205005010,21
230010205005011,21
230010205005012,21
230010205005013,21
230010205005014,21
230010206001000,21
230010206001001,21
230010206001002,21
230010206001003,21
230010206001004,21
230010206001005,21
230010206001006,21
230010206001013,21
230010206001017,21
230010206001018,21
230010206001019,21
230010206001020,21
230010206001021,21
230010206001022,21
230010206001023,21
230010206001024,21
230010206002000,21
230010206002001,21
230010206002002,21
230010206002003,21
230010206002004,21
230010206002005,21
230010206002006,21
230010206002007,21
230010206002008,21
230010206002009,21
230010206002010,21
230010206002011,21
230010202001000,21
230010202001001,21
230010202001002,21
230010202001003,21
230010202001004,21
230010202001005,21
230010202001006,21
230010202001007,21
230010202001008,21
230010202001009,21
230010202001010,21
230010202001011,21
230010202001012,21
230010202002000,21
230010202002001,21
230010202002002,21
230010202002003,21
230010202002004,21
230010202002005,21
230010202002006,21
230010202002007,21
230010202002008,21
230010202002009,21
230010203011000,21
230010203013011,21
230010203013012,21
230010209001004,21
230010209001008,21
230010209001009,21
230010209001011,21
230010209001012,21
230010209001013,21
230010209001014,21
230010209001015,21
230010209001016,21
230010209001017,21
230010209001018,21
230010209001019,21
230010209002000,21
230010209002001,21
230010209002002,21
230010209002003,21
230010209002004,21
230010209002005,21
230010209002006,21
230010209002007,21
230010209002008,21
230010209002009,21
230010209002010,21
230010209002014,21
230010209002015,21
230010209003000,21
230010209003001,21
230010209003002,21
230010209003003,21
230010209003004,21
230010209003005,21
230010209003006,21
230010209003007,21
230010209003008,21
230010209003009,21
230010209003010,21
230010209003011,21
230010209003012,21
230010209004000,21
230010209004001,21
230010209004002,21
230010209004003,21
230010209004004,21
230010209004005,21
230010209004006,21
230010209004007,21
230010209004008,21
230010209004009,21
230010203012002,21
230010203012003,21
230010203012004,21
230010203012005,21
230010203012006,21
230010203012007,21
230010203012008,21
230010203012009,21
230010207002010,21
230010207003000,21
230010207003001,21
230010207003002,21
230010207003003,21
230010207003004,21
230010207003005,21
230010207003006,21
230010207003007,21
230010207003008,21
230010207003009,21
230010207003010,21
230010207004000,21
230010207004001,21
230010207004002,21
230010207004003,21
230010207004004,21
230010207004005,21
230010207004006,21
230010207004007,21
230010207004008,21
230010207004009,21
230010207004010,21
230010207004011,21
230010207004012,21
230010207004013,21
230010207004014,21
230010207004015,21
230010207004016,21
230010207004017,21
230010207005000,21
230010207005001,21
230010207005002,21
230010207005003,21
230010207005004,21
230010207005005,21
230010207005006,21
230010207005007,21
230010207005008,21
230010207005009,21
230010207005010,21
230010207005011,21
230010207005012,21
230010207005013,21
230010207005014,21
230010207005015,21
230010207005016,21
230010207005017,21
230010208012000,21
230010208012001,21
230010208012002,21
230010209001000,21
230010209001001,21
230010209001002,21
230010209001003,21
230010209001005,21
230010209001006,21
230010209001007,21
230010209001010,21
230010209002011,21
230010209002012,21
230010209002013,21
230010205002000,21
230010205002001,21
230010205002002,21
230010205002003,21
230010205002004,21
230010205002005,21
230010205002006,21
230010205002007,21
230010205002008,21
230010205002009,21
230010205002010,21
230010205002011,21
230010205002012,21
230010206001007,21
230010206001008,21
230010206001009,21
230010206001010,21
230010206001011,21
230010206001012,21
230010206001014,21
230010206001015,21
230010206001016,21
230010206001025,21
230010206001026,21
230010206001027,21
230010206001028,21
230010206001029,21
230010206001030,21
230010206001031,21
230010206001032,21
230010206001033,21
230010206001034,21
230010206001035,21
230010206001036,21
230010206001037,21
230010206001038,21
230010206003000,21
230010206003001,21
230010206003002,21
230010206003003,21
230010206003004,21
230010206003005,21
230010206003006,21
230010206003007,21
230010206003008,21
230010206003009,21
230010206003010,21
230010206003011,21
230010206003012,21
230010206003013,21
230010206003014,21
230010206003015,21
230010206003016,21
230010206003017,21
230010206003018,21
230010206003019,21
230010206003020,21
230010206003021,21
230010206003022,21
230010206003023,21
230010206003024,21
230010206003025,21
230010206003026,21
230010208013001,21
230010208014000,21
230010208014001,21
230010208014002,21
230010208014003,21
230010208014004,21
230010208021000,21
230010208021001,21
230010208021002,21
230010208021003,21
230010208021004,21
230010208021005,21
230010208021006,21
230010208021007,21
230010208021008,21
230010208021009,21
230010208021010,21
230010208021011,21
230010208021012,21
230010208021013,21
230010208021014,21
230010208022007,21
230010208022008,21
230010208022009,21
230010208022010,21
230010208022011,21
230010208022012,21
230010208024000,21
230010208024001,21
230010208024002,21
230010208024003,21
230010208024004,21
230010208024005,21
230010208024006,21
230010208024007,21
230010208024008,21
230010208024009,21
230010208024010,21
230010207001000,21
230010207001001,21
230010207001002,21
230010207001003,21
230010207001004,21
230010207001005,21
230010207002000,21
230010207002001,21
230010207002002,21
230010207002003,21
230010207002004,21
230010207002005,21
230010207002007,21
230010207002008,21
230010207002009,21
230010208011000,21
230010208011001,21
230010208011002,21
230010208011003,21
230010208011004,21
230010208011005,21
230010208011006,21
230010208011007,21
230010208011008,21
230010208011009,21
230010208011010,21
230010208011011,21
230010208011012,21
230010208013000,21
230010208022000,21
230010208022001,21
230010208022002,21
230010208022003,21
230010208022004,21
230010208022005,21
230010208022006,21
230010208023000,21
230010208023001,21
230010208023002,21
230010208023003,21
230010208023004,21
230010208023005,21
230010208023006,21
230010208023007,21
230010208023008,21
230010301001000,22
230010301001001,22
230010301001002,22
230010301001003,22
230010301001004,22
230010301001005,22
230010301001006,22
230010301001007,22
230010301001008,22
230010301001009,22
230010301001010,22
230010301001011,22
230010301002000,22
230010301002001,22
230010301002002,22
230010301002003,22
230010301002004,22
230010301002005,22
230010301002006,22
230010301002007,22
230010301002008,22
230010301002009,22
230010301002010,22
230010301003000,22
230010301003001,22
230010301003002,22
230010301003003,22
230010301003004,22
230010301003005,22
230010301003006,22
230010301003007,22
230010301003008,22
230010301003009,22
230010301003010,22
230010301003011,22
230010301003012,22
230010301003013,22
230010301004000,22
230010301004001,22
230010301004002,22
230010301004003,22
230010301004004,22
230010301004005,22
230010301004006,22
230010301004007,22
230010301004008,22
230010301004009,22
230010301004010,22
230010301004011,22
230010301004012,22
230010301004013,22
230010301004014,22
230010301005000,22
230010301005001,22
230010301005002,22
230010301005003,22
230010301005004,22
230010301005005,22
230010301005006,22
230010301005007,22
230010301005008,22
230010301005009,22
230010301005010,22
230010301005011,22
230010301005012,22
230010301005013,22
230010301005014,22
230010301005015,22
230010301005016,22
230010301006000,22
230010301006001,22
230010301006002,22
230010301006003,22
230010301006004,22
230010301006005,22
230010301006006,22
230010301006007,22
230010301006008,22
230010301006009,22
230010301006010,22
230010301006011,22
230010301006012,22
230010301006013,22
230010301006014,22
230010301006015,22
230010301006016,22
230010301006017,22
230010301006018,22
230010302001000,22
230010302001001,22
230010302001002,22
230010302001003,22
230010302001004,22
230010302001005,22
230010302001006,22
230010302001007,22
230010302001008,22
230010302001009,22
230010302001010,22
230010302001011,22
230010302001012,22
230010302001013,22
230010302001014,22
230010302001015,22
230010302001016,22
230010302001017,22
230010302001018,22
230010302001019,22
230010302001020,22
230010302001021,22
230010302001022,22
230010302001023,22
230010302002000,22
230010302002001,22
230010302002002,22
230010302002003,22
230010302002004,22
230010302002005,22
230010302002006,22
230010302002007,22
230010302002008,22
230010302002009,22
230010302002010,22
230010302002011,22
230010302002012,22
230010302002013,22
230010302002014,22
230010302002015,22
230010302002016,22
230010302002017,22
230010302002018,22
230010302002019,22
230010302002020,22
230010302002021,22
230010302002022,22
230010302002023,22
230010302002024,22
230010302002025,22
230010302002026,22
230010302002027,22
230010302002028,22
230010302002029,22
230010302002030,22
230010302002031,22
230010302002032,22
230010302002033,22
230010302002034,22
230010302002035,22
230010302002036,22
230010302002037,22
230010302002038,22
230010302002039,22
230010302002040,22
230010302002041,22
230010302002042,22
230010302002043,22
230010302002044,22
230010302002045,22
230010302002046,22
230010302002047,22
230010302003000,22
230010302003001,22
230010302003002,22
230010302003003,22
230010302003004,22
230010302003005,22
230010302003006,22
230010302003007,22
230010302003008,22
230010302003009,22
230010302003010,22
230010302003011,22
230010302003012,22
230010302003013,22
230010302003014,22
230010302003015,22
230010302003016,22
230010302003017,22
230010302003018,22
230010302003019,22
230010400001000,22
230010400001001,22
230010400001002,22
230010400001003,22
230010400001004,22
230010400001005,22
230010400001006,22
230010400001007,22
230010400001008,22
230010400001009,22
230010400001010,22
230010400001011,22
230010400001012,22
230010400001013,22
230010400001014,22
230010400001015,22
230010400001016,22
230010400001017,22
230010400001018,22
230010400001019,22
230010400001020,22
230010400001021,22
230010400001022,22
230010400001023,22
230010400001024,22
230010400001025,22
230010400001026,22
230010400002000,22
230010400002001,22
230010400002002,22
230010400002003,22
230010400002004,22
230010400002005,22
230010400002006,22
230010400002007,22
230010400002008,22
230010400002009,22
230010400002010,22
230010400002011,22
230010400002012,22
230010400002013,22
230010400003000,22
230010400003001,22
230010400003002,22
230010400003003,22
230010400003004,22
230010400003005,22
230010400003006,22
230010400003007,22
230010400004000,22
230010400004001,22
230010400004002,22
230010400004003,22
230010400004004,22
230010400004005,22
230010400004006,22
230010400004007,22
230010400004008,22
230010400004009,22
230010400004010,22
230010400004011,22
230010400004012,22
230010400004013,22
230010400004014,22
230010400004015,22
230010400004016,22
230010410001000,20
230010410001001,20
230010410001002,20
230010410001003,20
230010410001004,20
230010410001005,20
230010410001006,20
230010410001007,20
230010410001008,20
230010410001009,20
230010410001010,20
230010410001011,20
230010410001012,20
230010410001013,20
230010410001014,20
230010410001015,20
230010410001016,20
230010410001017,20
230010410001018,20
230010410001019,20
230010410001020,20
230010410002000,20
230010410002001,20
230010410002002,20
230010410002003,20
230010410002004,20
230010410002005,20
230010410002006,20
230010410002007,20
230010410002008,20
230010410002009,20
230010410002010,20
230010410002011,20
230010410002012,20
230010410002013,20
230010410002014,20
230010410002015,20
230010410002016,20
230010410002017,20
230010410003000,20
230010410003001,20
230010410003002,20
230010410003003,20
230010410003004,20
230010410003005,20
230010410003006,20
230010410003007,20
230010410003008,20
230010410003009,20
230010410003010,20
230010410003011,20
230010410003012,20
230010410004000,20
230010410004001,20
230010410004002,20
230010410004003,20
230010410004004,20
230010410004005,20
230010410004006,20
230010410004007,20
230010410004008,20
230010410004009,20
230010410004010,20
230010410004011,20
230010410004012,20
230010410004013,20
230010410004014,20
230010410004015,20
230010410004016,20
230010410004017,20
230010410004018,20
230010410004019,20
230010410005000,20
230010410005001,20
230010410005002,20
230010410005003,20
230010410005004,20
230010410005005,20
230010410005006,20
230010410005007,20
230010410005008,20
230010410005009,20
230010410005010,20
230010410005011,20
230010410005012,20
230010410005013,20
230010410005014,20
230010410005015,20
230010410005016,20
230010410006000,20
230010410006001,20
230010410006002,20
230010410006003,20
230010410006004,20
230010410006005,20
230010410006006,20
230010410006007,20
230010410006008,20
230010410006009,20
230010410006010,20
230010410006011,20
230010410006012,20
230010410006013,20
230010410006014,20
230010410006015,20
230010410006016,20
230010410006017,20
230010410007000,20
230010410007001,20
230010410007002,20
230010410007003,20
230010410007004,20
230010410007005,20
230010410007006,20
230010410007007,20
230010410007008,20
230010410007009,20
230010410007010,20
230010410007011,20
230010410007012,20
230010410007013,20
230010410007014,20
230010410007015,20
230010410007016,20
230010410007017,20
230010410007018,20
230010410007019,20
230010410007020,20
230010410007021,20
230010410007022,20
230010410007023,20
230010415001000,20
230010415001001,20
230010415001002,20
230010415001003,20
230010415001004,20
230010415001005,20
230010415001006,20
230010415001007,20
230010415001008,20
230010415001009,20
230010415001010,20
230010415001011,20
230010415001012,20
230010415001013,20
230010415001014,20
230010415001015,20
230010415001016,20
230010415001017,20
230010415001018,20
230010415001019,20
230010415001020,20
230010415001021,20
230010415001022,20
230010415001023,20
230010415001024,20
230010415001025,20
230010415001026,20
230010415001027,20
230010415001028,20
230010415001029,20
230010415002000,20
230010415002001,20
230010415002002,20
230010415002003,20
230010415002004,20
230010415002005,20
230010415002006,20
230010415002007,20
230010415002008,20
230010415002009,20
230010415002010,20
230010415002011,20
230010415002012,20
230010415002013,20
230010415002014,20
230010415002015,20
230010415002016,20
230010415002017,20
230010415002018,20
230010415002019,20
230010415002020,20
230010415002021,20
230010415002022,20
230010415002023,20
230010415002024,20
230010415002025,20
230010415002026,20
230010415002027,20
230010415002028,20
230010415002029,20
230010415002030,20
230010415002031,20
230010415002032,20
230010415002033,20
230010415002034,20
230010415002035,20
230010415002036,20
230010415002037,20
230010415002038,20
230010415002039,20
230010415002040,20
230010415002041,20
230010415002042,20
230010415005016,20
230010415005017,20
230010415005018,20
230010415005019,20
230010415005020,20
230010415005021,20
230010415005022,20
230010415005029,20
230010415005030,20
230010415005031,20
230010415003000,20
230010415003001,20
230010415003002,20
230010415003003,20
230010415003004,20
230010415003005,20
230010415003006,20
230010415003007,20
230010415003008,20
230010415003009,20
230010415003010,20
230010415003011,20
230010415003012,20
230010415003013,20
230010415003014,20
230010415003015,20
230010415003016,20
230010415003017,20
230010415003018,20
230010415003019,20
230010415003020,20
230010415003021,20
230010415003022,20
230010415004000,20
230010415004001,20
230010415004002,20
230010415004003,20
230010415004004,20
230010415004005,20
230010415004006,20
230010415004007,20
230010415004008,20
230010415004009,20
230010415004010,20
230010415004011,20
230010415004012,20
230010415004013,20
230010415004014,20
230010415004015,20
230010415004016,20
230010415004017,20
230010415004018,20
230010415004019,20
230010415004020,20
230010415004021,20
230010415004022,20
230010415005000,20
230010415005001,20
230010415005002,20
230010415005003,20
230010415005004,20
230010415005005,20
230010415005006,20
230010415005007,20
230010415005008,20
230010415005009,20
230010415005010,20
230010415005011,20
230010415005012,20
230010415005013,20
230010415005014,20
230010415005015,20
230010415005023,20
230010415005024,20
230010415005025,20
230010415005026,20
230010415005027,20
230010415005028,20
230010420001000,22
230010420001001,22
230010420001002,22
230010420001003,22
230010420001004,22
230010420001005,22
230010420001006,22
230010420001007,22
230010420001008,22
230010420001009,22
230010420001010,22
230010420001011,22
230010420001012,22
230010420001013,22
230010420001014,22
230010420001015,22
230010420001016,22
230010420001017,22
230010420001018,22
230010420001019,22
230010420001020,22
230010420001021,22
230010420001022,22
230010420001023,22
230010420001024,22
230010420001025,22
230010420001026,22
230010420001027,22
230010420001028,22
230010420001029,22
230010420001030,22
230010420001031,22
230010420001032,22
230010420002000,22
230010420002001,22
230010420002002,22
230010420002003,22
230010420002004,22
230010420002005,22
230010420002006,22
230010420002007,22
230010420002008,22
230010420002009,22
230010420002010,22
230010420002011,22
230010420002012,22
230010420002013,22
230010420002014,22
230010420002015,22
230010420002016,22
230010420002017,22
230010420002018,22
230010420002019,22
230010420002020,22
230010420002021,22
230010420002022,22
230010420002023,22
230010420002024,22
230010420002025,22
230010420002026,22
230010420002027,22
230010420002028,22
230010420003000,22
230010420003001,22
230010420003002,22
230010420003003,22
230010420003004,22
230010420003005,22
230010420003006,22
230010420003007,22
230010420003008,22
230010420003009,22
230010420003010,22
230010420003011,22
230010420003012,22
230010420003013,22
230010420003014,22
230010420003015,22
230010420003016,22
230010420003017,22
230010420003018,22
230010420003019,22
230010420003020,22
230010420003021,22
230010420003022,22
230010420003023,22
230010420003024,22
230010420003025,22
230010420003026,22
230010420003027,22
230010420003028,22
230010420003029,22
230010420003030,22
230010420003031,22
230010420003032,22
230010420003033,22
230010420003034,22
230010420003035,22
230010420003036,22
230010420003037,22
230010420003038,22
230010420003039,22
230010420003040,22
230010420003041,22
230010420003042,22
230010420003043,22
230010420003044,22
230010420004000,22
230010420004001,22
230010420004002,22
230010420004003,22
230010420004004,22
230010420004005,22
230010420004006,22
230010420004007,22
230010420004008,22
230010420004009,22
230010420004010,22
230010420004011,22
230010420004012,22
230010420004013,22
230010420004014,22
230010420004015,22
230010420004016,22
230010420004017,22
230010420004018,22
230010420004019,22
230010420004020,22
230010420004021,22
230010420004022,22
230010420004023,22
230010420004024,22
230010420004025,22
230010420004026,22
230010420004027,22
230010420004028,22
230010420004029,22
230010420004030,22
230010420004031,22
230010420004032,22
230010420004033,22
230010420004034,22
230010420004035,22
230010420004036,22
230010420004037,22
230010420004038,22
230010420004039,22
230010420004040,22
230010420004041,22
230010420004042,22
230010420004043,22
230010430001000,18
230010430001001,18
230010430001002,18
230010430001003,18
230010430001004,18
230010430001005,18
230010430001006,18
230010430001007,18
230010430001008,18
230010430001009,18
230010430001010,18
230010430001011,18
230010430001012,18
230010430001013,18
230010430001014,18
230010430001015,18
230010430001016,18
230010430001017,18
230010430001018,18
230010430001019,18
230010430001020,18
230010430001021,18
230010430001022,18
230010430001023,18
230010430001024,18
230010430001025,18
230010430001026,18
230010430001027,18
230010430001028,18
230010430001029,18
230010430001030,18
230010430001031,18
230010430001032,18
230010430001033,18
230010430001034,18
230010430001035,18
230010430001036,18
230010430001037,18
230010430001038,18
230010430001039,18
230010430001040,18
230010430001041,18
230010430001042,18
230010430001043,18
230010430001044,18
230010430001045,18
230010430001046,18
230010430001047,18
230010430001048,18
230010430001049,18
230010430002000,18
230010430002001,18
230010430002002,18
230010430002003,18
230010430002004,18
230010430002005,18
230010430002006,18
230010430002007,18
230010430002008,18
230010430002009,18
230010430002010,18
230010430002011,18
230010430002012,18
230010430002013,18
230010430002014,18
230010430002015,18
230010430002016,18
230010430002017,18
230010430002018,18
230010430002019,18
230010430002020,18
230010430002021,18
230010430002022,18
230010430002023,18
230010430002024,18
230010430002025,18
230010430002026,18
230010430002027,18
230010430002028,18
230010430002029,18
230010430002030,18
230010430002031,18
230010440001000,18
230010440001001,18
230010440001002,18
230010440001003,18
230010440001004,18
230010440001005,18
230010440001006,18
230010440001007,18
230010440001008,18
230010440001009,18
230010440001010,18
230010440001011,18
230010440001012,18
230010440001013,18
230010440001014,18
230010440001015,18
230010440001016,18
230010440001017,18
230010440001018,18
230010440001019,18
230010440001020,18
230010440001021,18
230010440001022,18
230010440001023,18
230010440001024,18
230010440001025,18
230010440001026,18
230010440001027,18
230010440001028,18
230010440001029,18
230010440001030,18
230010440001031,18
230010440001032,18
230010440001033,18
230010440001034,18
230010440001035,18
230010440001036,18
230010440001037,18
230010440001038,18
230010440001039,18
230010440001040,18
230010440001041,18
230010440002000,18
230010440002001,18
230010440002002,18
230010440002003,18
230010440002004,18
230010440002005,18
230010440002006,18
230010440002007,18
230010440002008,18
230010440002009,18
230010440002010,18
230010440002011,18
230010440002012,18
230010440002013,18
230010440002014,18
230010440002015,18
230010440002016,18
230010440002017,18
230010440002018,18
230010440002019,18
230010440002020,18
230010440002021,18
230010440002022,18
230010440002023,18
230010440002024,18
230010440002025,18
230010440002026,18
230010440002027,18
230010440002028,18
230010440002029,18
230010440002030,18
230010440002031,18
230010440002032,18
230010440002033,18
230010440002034,18
230010440002035,18
230010440002036,18
230010440002037,18
230010440002038,18
230010440002039,18
230010440002040,18
230010440002041,18
230010440002042,18
230010440002043,18
230010440002044,18
230010440002045,18
230010440002046,18
230010440002047,18
230010440002048,18
230010440002049,18
230010440002050,18
230010440002051,18
230010440002052,18
230010440002053,18
230010440002054,18
230010440002055,18
230010440002056,18
230010440002057,18
230010440002058,18
230010440002059,18
230010440002060,18
230010440002061,18
230010440002062,18
230010440002063,18
230010440002064,18
230010440002065,18
230010440002066,18
230010440002067,18
230010440002068,18
230010440002069,18
230010440002070,18
230010440002071,18
230010440002072,18
230010440002073,18
230010440002074,18
230010440002075,18
230010440002076,18
230010440002077,18
230010440002078,18
230010440002079,18
230010440002080,18
230010440002081,18
230010440002082,18
230010440002083,18
230010440002084,18
230010440002085,18
230010440002086,18
230010440002087,18
230010440002088,18
230010450001000,22
230010450001001,22
230010450001002,22
230010450001003,22
230010450001004,22
230010450001005,22
230010450001006,22
230010450001007,22
230010450001008,22
230010450001009,22
230010450001010,22
230010450001011,22
230010450001012,22
230010450001013,22
230010450001014,22
230010450001015,22
230010450001016,22
230010450001017,22
230010450001018,22
230010450001019,22
230010450001020,22
230010450001021,22
230010450001022,22
230010450001023,22
230010450001024,22
230010450001025,22
230010450001026,22
230010450001027,22
230010450001028,22
230010450001029,22
230010450001030,22
230010450001031,22
230010450001032,22
230010450001033,22
230010450001034,22
230010450001035,22
230010450001036,22
230010450001037,22
230010450001038,22
230010450001039,22
230010450001040,22
230010450001041,22
230010450001042,22
230010450001043,22
230010450001044,22
230010450001045,22
230010450001046,22
230010450001047,22
230010450001048,22
230010450001049,22
230010450001050,22
230010450001051,22
230010450001052,22
230010450001053,22
230010450001054,22
230010450001055,22
230010450001056,22
230010450001057,22
230010450001058,22
230010450001059,22
230010450001060,22
230010450001061,22
230010450001062,22
230010450001063,22
230010450001064,22
230010450001065,22
230010450001066,22
230010450001067,22
230010450001068,22
230010450001069,22
230010450001070,22
230010450001071,22
230010450001072,22
230010450001073,22
230010450001074,22
230010450001075,22
230010450001076,22
230010450001077,22
230010450001078,22
230010450001079,22
230010450001080,22
230010450001081,22
230010450001082,22
230010450001083,22
230010450001084,22
230010450001085,22
230010450001086,22
230010450001087,22
230010450001088,22
230010450001089,22
230010450001090,22
230010450001091,22
230010450001092,22
230010450001093,22
230010460001000,22
230010460001001,22
230010460001002,22
230010460001003,22
230010460001004,22
230010460001005,22
230010460001006,22
230010460001007,22
230010460001008,22
230010460001009,22
230010460001010,22
230010460001011,22
230010460001012,22
230010460001013,22
230010460001014,22
230010460001015,22
230010460001016,22
230010460001017,22
230010460001018,22
230010460001019,22
230010460001020,22
230010460001021,22
230010460002000,22
230010460002001,22
230010460002002,22
230010460002003,22
230010460002004,22
230010460002005,22
230010460002006,22
230010460002007,22
230010460002008,22
230010460002009,22
230010460002010,22
230010460002011,22
230010460002012,22
230010460002013,22
230010460002014,22
230010460002015,22
230010460002016,22
230010460002017,22
230010460002018,22
230010460002019,22
230010460002020,22
230010460002021,22
230010460002022,22
230010460002023,22
230010460002024,22
230010460002025,22
230010460002026,22
230010460002027,22
230010460002028,22
230010460002029,22
230010460002030,22
230010460002031,22
230010460002032,22
230010460002033,22
230010460002034,22
230010460003000,22
230010460003001,22
230010460003002,22
230010460003003,22
230010460003004,22
230010460003005,22
230010460003006,22
230010460003007,22
230010460003008,22
230010460003009,22
230010460003010,22
230010460003011,22
230010460003012,22
230010460003013,22
230010460003014,22
230010460003015,22
230010460003016,22
230010460003017,22
230010460003018,22
230010460003019,22
230010460003020,22
230010460003021,22
230010460003022,22
230010460004000,22
230010460004001,22
230010460004002,22
230010460004003,22
230010460004004,22
230010460004005,22
230010460004006,22
230010460004007,22
230010460004008,22
230010460004009,22
230010460004010,22
230010460004011,22
230010460004012,22
230010460004013,22
230010460004014,22
230010460004015,22
230010460004016,22
230010460004017,22
230010460004018,22
230010460004019,22
230010465001000,22
230010465001001,22
230010465001002,22
230010465001003,22
230010465001004,22
230010465001005,22
230010465001006,22
230010465001007,22
230010465001008,22
230010465001009,22
230010465001010,22
230010465001011,22
230010465001012,22
230010465001013,22
230010465001014,22
230010465001015,22
230010465001016,22
230010465001017,22
230010465001018,22
230010465001019,22
230010465001020,22
230010465001021,22
230010465001022,22
230010465001023,22
230010465001024,22
230010465001025,22
230010465001026,22
230010465001027,22
230010465001028,22
230010465001029,22
230010465001030,22
230010465001031,22
230010465001032,22
230010465001033,22
230010465001034,22
230010465001035,22
230010465001036,22
230010465001037,22
230010465001038,22
230010465001039,22
230010465001040,22
230010465001041,22
230010465001042,22
230010465003000,22
230010465003001,22
230010465003002,22
230010465003003,22
230010465003004,22
230010465003005,22
230010465003006,22
230010465003007,22
230010465003008,22
230010465003009,22
230010465003010,22
230010465003011,22
230010465003012,22
230010465003013,22
230010465003014,22
230010465003015,22
230010465004000,22
230010465004001,22
230010465004002,22
230010465004003,22
230010465004004,22
230010465004005,22
230010465004006,22
230010465004007,22
230010465004008,22
230010465004009,22
230010465004010,22
230010465004011,22
230010465004012,22
230010465004013,22
230010465004014,22
230010465004015,22
230010465004016,22
230010465004017,22
230010465004018,22
230010465004019,22
230010465004020,22
230010465004021,22
230010465004022,22
230010465005000,22
230010465005001,22
230010465005002,22
230010465005003,22
230010465005004,22
230010465005005,22
230010465005006,22
230010465005007,22
230010465005008,22
230010465005009,22
230010465005010,22
230010465005011,22
230010465005012,22
230010465005013,22
230010465005014,22
230010465005015,22
230010465002000,22
230010465002001,22
230010465002002,22
230010465002003,22
230010465002004,22
230010465002005,22
230010465002006,22
230010465002007,22
230010465002008,22
230010465002009,22
230010465002010,22
230010465002011,22
230010465002012,22
230010465002013,22
230010465002014,22
230010465002015,22
230010465002016,22
230010465002017,22
230010465002018,22
230010465002019,22
230010465002020,22
230010465002021,22
230010465002022,22
230010465002023,22
230010465002024,22
230010465002025,22
230010465002026,22
230010465002027,22
230010465002028,22
230010465002029,22
230010465002030,22
230010465002031,22
230010465002032,22
230010465002033,22
230010465002034,22
230010465002035,22
230010465002036,22
230010465002037,22
230010465002038,22
230010465002039,22
230010465002040,22
230010465002041,22
230010465002042,22
230010465002043,22
230050001001000,27
230050001001001,27
230050001001002,27
230050001001003,27
230050001001004,27
230050001001005,27
230050001001006,27
230050001001007,27
230050001001008,27
230050001001009,27
230050001002000,27
230050001002001,27
230050001002002,27
230050001002003,27
230050001002004,27
230050001002005,27
230050001002006,27
230050001002007,27
230050001002008,27
230050001003000,27
230050001003001,27
230050001003002,27
230050001003003,27
230050001003004,27
230050001003005,27
230050001003006,27
230050001003007,27
230050001003008,27
230050002001000,27
230050002001001,27
230050002001002,27
230050002001003,27
230050002001004,27
230050002001005,27
230050002001006,27
230050002001007,27
230050002001008,27
230050002001009,27
230050002002000,27
230050002002001,27
230050002002002,27
230050002002003,27
230050002002004,27
230050002002005,27
230050002002006,27
230050002002007,27
230050002003000,27
230050002003001,27
230050002003002,27
230050002003003,27
230050002003004,27
230050002003005,27
230050002003006,27
230050002003007,27
230050002003008,27
230050002003009,27
230050002003010,27
230050002003011,27
230050003001000,27
230050003001001,27
230050003001002,27
230050005002000,27
230050005002009,27
230050005002010,27
230050005002011,27
230050005002012,27
230050005002013,27
230050005002014,27
230050005002015,27
230050005002016,27
230050005002017,27
230050005002018,27
230050005002019,27
230050003001005,27
230050003001007,27
230050003001055,27
230050003001056,27
230050003001057,27
230050003001058,27
230050003001066,27
230050003001067,27
230050003002009,27
230050003002010,27
230050010002005,27
230050010002007,27
230050010002008,27
230050010002009,27
230050010002010,27
230050011001000,27
230050011001001,27
230050011001002,27
230050011001003,27
230050011001004,27
230050011001005,27
230050011001006,27
230050011001007,27
230050011001008,27
230050011001009,27
230050011001010,27
230050011001011,27
230050011001012,27
230050011002000,27
230050011002001,27
230050011002002,27
230050011002003,27
230050011002004,27
230050011002005,27
230050011003000,27
230050011003001,27
230050011003002,27
230050011003003,27
230050011003004,27
230050011003005,27
230050011003006,27
230050011003007,27
230050012001000,27
230050012001001,27
230050012001002,27
230050012001003,27
230050012001004,27
230050012001005,27
230050012001006,27
230050012002000,27
230050012002001,27
230050012002002,27
230050012002003,27
230050012002004,27
230050013001006,27
230050013001007,27
230050013001008,27
230050013001009,27
230050013001016,27
230050013001017,27
230050013001018,27
230050013001019,27
230050013001020,27
230050013001021,27
230050013001022,27
230050013001023,27
230050013003000,27
230050013003001,27
230050013003002,27
230050013003003,27
230050013003005,27
230050013003006,27
230050013003007,27
230050013003008,27
230050013003009,27
230050013003010,27
230050003001059,27
230050003001060,27
230050003001065,27
230050003003007,27
230050003003008,27
230050006003001,27
230050006003002,27
230050006003003,27
230050006003004,27
230050006003005,27
230050010001000,27
230050010001001,27
230050010001002,27
230050010001004,27
230050010001005,27
230050010001006,27
230050010001007,27
230050010001008,27
230050010001009,27
230050010002000,27
230050010002001,27
230050010002002,27
230050010002003,27
230050010002004,27
230050010002006,27
230050013001000,27
230050013001001,27
230050013001002,27
230050013001003,27
230050013001004,27
230050013001005,27
230050013001010,27
230050013001011,27
230050013001012,27
230050013001013,27
230050013001014,27
230050013001015,27
230050013002000,27
230050013002001,27
230050013002002,27
230050013002003,27
230050013002004,27
230050013002005,27
230050013002006,27
230050013002007,27
230050013002008,27
230050013002009,27
230050013002010,27
230050013002011,27
230050013002012,27
230050013002013,27
230050013002014,27
230050013002015,27
230050013002016,27
230050013002017,27
230050013002018,27
230050013002019,27
230050013002020,27
230050013002021,27
230050013002022,27
230050013002023,27
230050013002024,27
230050013003004,27
230050013003011,27
230050015001015,27
230050015001020,27
230050015002000,27
230050015002001,27
230050015002002,27
230050015002003,27
230050015002004,27
230050015002005,27
230050015002006,27
230050015002007,27
230050015002008,27
230050015002025,27
230050015002029,27
230050015002030,27
230050015002032,27
230050015003011,27
230050015003012,27
230050015003013,27
230050015003014,27
230050017001016,28
230050017001017,28
230050017001020,28
230050017001021,28
230050017001022,28
230050017002000,28
230050017002001,28
230050017002002,28
230050017002003,28
230050017002004,28
230050017002005,28
230050017002006,28
230050017002007,28
230050017002008,28
230050017002009,28
230050017002010,28
230050017003000,28
230050017003001,28
230050017003002,28
230050017003003,28
230050017003004,28
230050017003005,28
230050017003006,28
230050017003007,28
230050017003008,28
230050017003009,28
230050017003010,28
230050017004002,28
230050017004003,28
230050017004004,28
230050017004005,28
230050017004014,28
230050017004015,28
230050019002012,28
230050019003014,28
230050019003015,28
230050019003016,28
230050019003017,28
230050019003018,28
230050020011000,28
230050020011001,28
230050020011002,28
230050020011003,28
230050020011004,28
230050020011005,28
230050020011006,28
230050020011007,28
230050020011008,28
230050020011009,28
230050020011010,28
230050020011011,28
230050020011012,28
230050020011013,28
230050020011014,28
230050020011015,28
230050020011016,28
230050020011017,28
230050020021002,28
230050020021003,28
230050020021004,28
230050020021011,28
230050020021012,28
230050020021013,28
230050020021014,28
230050020021015,28
230050020021016,28
230050020021017,28
230050020021018,28
230050020021019,28
230050020021020,28
230050020021021,28
230050020021022,28
230050020021031,28
230050020021047,28
230050020022000,28
230050020022001,28
230050020022002,28
230050020022003,28
230050020022004,28
230050020022005,28
230050020022006,28
230050020022007,28
230050020022008,28
230050020022009,28
230050020022010,28
230050020022011,28
230050020022012,28
230050020022013,28
230050020022014,28
230050020022015,28
230050020022016,28
230050020022017,28
230050020022018,28
230050020022019,28
230050020022020,28
230050020022021,28
230050020022022,28
230050020022023,28
230050020022024,28
230050020022025,28
230050020022026,28
230050020022027,28
230050020022028,28
230050020022029,28
230050020022030,28
230050020022031,28
230050019001012,28
230050019001013,28
230050019002005,28
230050019002006,28
230050019002007,28
230050019002008,28
230050019002009,28
230050019002010,28
230050019002013,28
230050019003000,28
230050019003001,28
230050019003002,28
230050019003003,28
230050019003004,28
230050019003005,28
230050019003006,28
230050019003007,28
230050019003008,28
230050019003009,28
230050019003010,28
230050019003012,28
230050019003013,28
230050019003019,28
230050019003020,28
230050019004000,28
230050019004001,28
230050019004002,28
230050019004003,28
230050019004004,28
230050019004005,28
230050019004006,28
230050019004007,28
230050019004008,28
230050019004009,28
230050019004010,28
230050021022000,28
230050021022001,28
230050021022002,28
230050021022003,28
230050021022004,28
230050021022005,28
230050021022006,28
230050021023008,28
230050021023009,28
230050021023010,28
230050021023011,28
230050021023012,28
230050021023013,28
230050021023014,28
230050021024000,28
230050021024001,28
230050021024002,28
230050021024003,28
230050021024004,28
230050021024005,28
230050021024006,28
230050021024007,28
230050021024008,28
230050021024009,28
230050021024010,28
230050021024011,28
230050021024012,28
230050021024013,28
230050021011000,28
230050021011001,28
230050021011002,28
230050021011003,28
230050021011004,28
230050021011005,28
230050021011006,28
230050021011007,28
230050021011008,28
230050021011009,28
230050021011010,28
230050021011011,28
230050021011012,28
230050021011013,28
230050021011014,28
230050021011015,28
230050021011016,28
230050021011017,28
230050021012000,28
230050021012001,28
230050021012002,28
230050021012003,28
230050021012004,28
230050021012005,28
230050021012006,28
230050021012007,28
230050021012008,28
230050021012009,28
230050021012010,28
230050021012011,28
230050021012012,28
230050021012013,28
230050021012014,28
230050021012015,28
230050021012016,28
230050021013000,28
230050021013001,28
230050021013002,28
230050021013003,28
230050021013004,28
230050021013005,28
230050021013006,28
230050021013007,28
230050021013008,28
230050021013009,28
230050021013010,28
230050021014000,28
230050021014001,28
230050021014002,28
230050021014003,28
230050021014004,28
230050021014005,28
230050021014006,28
230050021014007,28
230050021014008,28
230050021014009,28
230050021014010,28
230050021014011,28
230050021021000,28
230050021021001,28
230050021021002,28
230050021021003,28
230050021021004,28
230050021021005,28
230050021021006,28
230050021021007,28
230050021021008,28
230050021021009,28
230050021021010,28
230050021021011,28
230050021021012,28
230050021021013,28
230050021021014,28
230050021021015,28
230050021021016,28
230050021021017,28
230050021021018,28
230050021021019,28
230050021021020,28
230050021021021,28
230050021021022,28
230050021021023,28
230050021021024,28
230050021021025,28
230050021021026,28
230050021023000,28
230050021023001,28
230050021023002,28
230050021023003,28
230050021023004,28
230050021023005,28
230050021023006,28
230050021023007,28
230050024001000,27
230050024001001,27
230050024001002,27
230050024001003,27
230050024001004,27
230050024001005,27
230050024001006,27
230050024001007,27
230050024001008,27
230050024001009,27
230050024001010,27
230050024001011,27
230050024001012,27
230050024001013,27
230050024001014,27
230050024001015,27
230050024001016,27
230050024001017,27
230050024001018,27
230050024001019,27
230050024001020,27
230050024001022,27
230050024001023,27
230050024001024,27
230050024001025,27
230050024001026,27
230050024001027,27
230050024001028,27
230050024001029,27
230050024001030,27
230050024001031,27
230050024001032,27
230050024001033,27
230050024001034,27
230050024001035,27
230050024001036,27
230050024001037,27
230050024001038,27
230050024001039,27
230050024001040,27
230050024001041,27
230050024001042,27
230050024001043,27
230050024001044,27
230050024001045,27
230050024001046,27
230050024001047,27
230050024001048,27
230050024001049,27
230050024001050,27
230050024001051,27
230050024001052,27
230050024001053,27
230050024001054,27
230050024002005,27
230050024002006,27
230050024002007,27
230050024002008,27
230050024003004,25
230050024003005,25
230050024003006,25
230050024003007,25
230050024003008,25
230050024003009,25
230050024003010,25
230050024003011,25
230050024003012,25
230050024003013,25
230050024003022,25
230050024003023,25
230050024003024,25
230050024003025,25
230050024003026,25
230050024003027,25
230050024003028,25
230050024003029,25
230050024003030,25
230050024003031,25
230050024003032,25
230050024003033,25
230050025011000,25
230050025011001,25
230050025011002,25
230050025011003,25
230050025011004,25
230050025011005,25
230050025011006,25
230050025011007,25
230050025011008,25
230050025011009,25
230050025011010,25
230050025011011,25
230050025011012,25
230050025011013,25
230050025011014,25
230050025011015,25
230050025011016,25
230050025011017,25
230050025011018,25
230050025011019,25
230050025011020,25
230050025011021,25
230050025011022,25
230050025011023,25
230050025011024,25
230050025011025,25
230050025011026,25
230050025011027,25
230050025011028,25
230050025011029,25
230050025011030,25
230050025011031,25
230050025011032,25
230050025012000,25
230050025012001,25
230050025012002,25
230050025012003,25
230050025012004,25
230050025012005,25
230050025012006,25
230050025012007,25
230050025012008,25
230050025012009,25
230050025012010,25
230050025012011,25
230050025012012,25
230050025012013,25
230050025012014,25
230050025012015,25
230050025012016,25
230050025012017,25
230050025031000,25
230050025031001,25
230050025031002,25
230050025031003,25
230050025031004,25
230050025031005,25
230050025031006,25
230050025031007,25
230050025031008,25
230050025031009,25
230050025031010,25
230050025031011,25
230050025031012,25
230050025031013,25
230050025031014,25
230050025031015,25
230050025031016,25
230050025031017,25
230050025031018,25
230050025031019,25
230050025031020,25
230050025031021,25
230050025031022,25
230050025031023,25
230050025031024,25
230050025031025,25
230050025031026,25
230050025031027,25
230050025031028,25
230050025031029,25
230050025031030,25
230050025032000,25
230050025032001,25
230050025032002,25
230050025032003,25
230050025032004,25
230050025032005,25
230050025032006,25
230050025032007,25
230050025032008,25
230050025032009,25
230050025032010,25
230050025032011,25
230050025032012,25
230050025032013,25
230050025032014,25
230050025032015,25
230050025032016,25
230050025032017,25
230050025032018,25
230050025033000,25
230050025033001,25
230050025033002,25
230050025033003,25
230050025033004,25
230050025033005,25
230050025033006,25
230050025033007,25
230050025033008,25
230050025033009,25
230050025033010,25
230050025033011,25
230050025033012,25
230050025033013,25
230050025033014,25
230050025033015,25
230050025033016,25
230050025033017,25
230050025033018,25
230050025033019,25
230050025033020,25
230050025033021,25
230050025033022,25
230050025041000,25
230050025041001,25
230050025041002,25
230050025041003,25
230050025041004,25
230050025041005,25
230050025041006,25
230050025041007,25
230050025041008,25
230050025041009,25
230050025041010,25
230050025041011,25
230050025041012,25
230050025041013,25
230050025041014,25
230050025041015,25
230050025041016,25
230050025041017,25
230050025041018,25
230050025041019,25
230050025041020,25
230050025041021,25
230050025041022,25
230050025041023,25
230050025041024,25
230050025041025,25
230050025041026,25
230050025041027,25
230050025041028,25
230050025041029,25
230050025041030,25
230050025041031,25
230050025041032,25
230050025041033,25
230050025041034,25
230050025041035,25
230050025041036,25
230050025041037,25
230050025041038,25
230050025041039,25
230050025041040,25
230050025041041,25
230050025041042,25
230050025042000,25
230050025042001,25
230050025042002,25
230050025042003,25
230050025042004,25
230050025042005,25
230050025042006,25
230050025042007,25
230050025042008,25
230050025042009,25
230050025042010,25
230050025042011,25
230050025042012,25
230050025042013,25
230050025042014,25
230050025042015,25
230050025042016,25
230050025042017,25
230050025042018,25
230050025042019,25
230050025042020,25
230050025042021,25
230050025042022,25
230050025042023,25
230050025042024,25
230050025042025,25
230050025042026,25
230050025042027,25
230050025042028,25
230050025042029,25
230050025042030,25
230050025042031,25
230050028002005,28
230050028002006,28
230050028002007,28
230050028002008,28
230050028002013,28
230050028002014,28
230050028002015,28
230050028002016,28
230050028002019,28
230050028002020,28
230050028002021,28
230050028002024,28
230050028002025,28
230050028002027,28
230050029011000,28
230050029011001,28
230050029011002,28
230050029011003,28
230050029011004,28
230050029011005,28
230050029011006,28
230050029011008,28
230050029011009,28
230050029011010,28
230050029011011,28
230050029011012,28
230050029012000,28
230050029012001,28
230050029012002,28
230050029012003,28
230050029012004,28
230050029012005,28
230050029012006,28
230050029012007,28
230050029012008,28
230050029012009,28
230050029012017,28
230050029012018,28
230050029012019,28
230050029012020,28
230050029012021,28
230050029021007,28
230050029021008,28
230050029021013,28
230050029021014,28
230050029021015,28
230050029021016,28
230050029011007,28
230050029011013,28
230050029012010,28
230050029012011,28
230050029012012,28
230050029012013,28
230050029012014,28
230050029012015,28
230050029012016,28
230050029012022,28
230050029012023,28
230050029012024,28
230050029021000,28
230050029021001,28
230050029021002,28
230050029021003,28
230050029021004,28
230050029021005,28
230050029021006,28
230050029021009,28
230050029021010,28
230050029021011,28
230050029021012,28
230050029021017,28
230050029022000,28
230050029022001,28
230050029022002,28
230050029022003,28
230050029022004,28
230050029022005,28
230050029022006,28
230050029022007,28
230050029022008,28
230050029022009,28
230050029022010,28
230050029022011,28
230050029022012,28
230050029022013,28
230050029022014,28
230050029023000,28
230050029023001,28
230050029023002,28
230050029023003,28
230050029023004,28
230050029023005,28
230050029023006,28
230050029023007,28
230050029023008,28
230050029023009,28
230050029023010,28
230050029023011,28
230050029023012,28
230050029023013,28
230050029023014,28
230050029023015,28
230050029023016,28
230050030011000,29
230050030011001,29
230050030011002,29
230050030011003,29
230050030011004,29
230050030011005,29
230050030021000,29
230050030021001,29
230050030021002,29
230050030021003,29
230050030021004,29
230050030021026,29
230050030021027,29
230050030021028,29
230050031001000,29
230050031001001,29
230050031001002,29
230050031001003,29
230050031001004,29
230050031001005,29
230050031001006,29
230050031001007,29
230050031002009,29
230050031002010,29
230050031002011,29
230050031002012,29
230050031002013,29
230050031002014,29
230050031003000,29
230050031003001,29
230050031003002,29
230050031003003,29
230050031003004,29
230050031003005,29
230050031004000,29
230050031004001,29
230050031004002,29
230050031004003,29
230050031004004,29
230050031004005,29
230050031004006,29
230050031004007,29
230050031004008,29
230050031004009,29
230050031004010,29
230050031004011,29
230050031004012,29
230050031004013,29
230050031004014,29
230050031004015,29
230050031004016,29
230050031004017,29
230050031004018,29
230050031004019,29
230050033001000,29
230050033001001,29
230050033001002,29
230050033001003,29
230050033001004,29
230050033001005,29
230050033001010,29
230050033001011,29
230050033001017,29
230050033001018,29
230050034002006,29
230050034003004,29
230050034003005,29
230050034004000,29
230050034004003,29
230050034004008,29
230050034005000,29
230050034005001,29
230050034005002,29
230050034005003,29
230050034005004,29
230050034005005,29
230050034005006,29
230050030011006,29
230050030011007,29
230050030011008,29
230050030011009,29
230050030011010,29
230050030011011,29
230050030011019,29
230050030011020,29
230050030011021,29
230050030011022,29
230050030011023,29
230050030011024,29
230050030011025,29
230050030011026,29
230050030012004,29
230050030012006,29
230050030012009,29
230050030012010,29
230050030012011,29
230050030012012,29
230050030012013,29
230050030012014,29
230050030012015,29
230050030012016,29
230050030012017,29
230050030012018,29
230050030012021,29
230050030012023,29
230050030012024,29
230050033001006,29
230050033001007,29
230050033001008,29
230050033001009,29
230050033001012,29
230050033001013,29
230050033001014,29
230050033001015,29
230050033001016,29
230050033002000,29
230050033002001,29
230050033002002,29
230050033002003,29
230050033002004,29
230050033002005,29
230050033002006,29
230050033002007,29
230050033002008,29
230050033002009,29
230050033002010,29
230050033002011,29
230050033002012,29
230050033002013,29
230050033002014,29
230050033002015,29
230050033002016,29
230050033002017,29
230050033002018,29
230050033002019,29
230050033002020,29
230050033002021,29
230050033002022,29
230050033002023,29
230050033002024,29
230050033002025,29
230050033002026,29
230050033002027,29
230050033002028,29
230050033002029,29
230050033002030,29
230050034005007,29
230050034005008,29
230050034005009,29
230050034005010,29
230050034005011,29
230050034005012,29
230050034005013,29
230050034005014,29
230050034005015,29
230050034005016,29
230050034005017,29
230050030011012,29
230050030011013,29
230050030011014,29
230050030011015,29
230050030011016,29
230050030011017,29
230050030011018,29
230050030012000,29
230050030012001,29
230050030012002,29
230050030012003,29
230050030012005,29
230050030012007,29
230050030012008,29
230050030012019,29
230050030012020,29
230050030012022,29
230050030013000,29
230050030013001,29
230050030013002,29
230050030013003,29
230050030013004,29
230050030013005,29
230050030013006,29
230050030013007,29
230050030013008,29
230050030013009,29
230050030013010,29
230050030013011,29
230050030013012,29
230050030013013,29
230050030013014,29
230050030013015,29
230050030013016,29
230050030013017,29
230050030013018,29
230050030013019,29
230050030013020,29
230050030021005,29
230050030021006,29
230050030021007,29
230050030021008,29
230050030021009,29
230050030021010,29
230050030021011,29
230050030021012,29
230050030021013,29
230050030021014,29
230050030021015,29
230050030021016,29
230050030021017,29
230050030021018,29
230050030021019,29
230050030021020,29
230050030021021,29
230050030021022,29
230050030021023,29
230050030021024,29
230050030021025,29
230050030021029,29
230050030021030,29
230050030021031,29
230050030021032,29
230050030022000,29
230050030022001,29
230050030022002,29
230050030022003,29
230050030022004,29
230050030022005,29
230050030022006,29
230050030022007,29
230050030022008,29
230050030022009,29
230050030022010,29
230050030022011,29
230050030022012,29
230050030022013,29
230050030022014,29
230050030022015,29
230050030022016,29
230050030022017,29
230050030022018,29
230050030022019,29
230050030022020,29
230050030022021,29
230050030022022,29
230050030022023,29
230050030022024,29
230050030022025,29
230050030022026,29
230050030022027,29
230050030022028,29
230050030022029,29
230050030022030,29
230050030022031,29
230050030022032,29
230050030022033,29
230050030022034,29
230050030022035,29
230050030022036,29
230050031002000,29
230050031002001,29
230050031002002,29
230050031002003,29
230050031002004,29
230050031002005,29
230050031002006,29
230050031002007,29
230050031002008,29
230050032002000,29
230050032002001,29
230050032002002,29
230050032002003,29
230050032002004,29
230050032002005,29
230050032002006,29
230050032002007,29
230050032002008,29
230050032002009,29
230050032002010,29
230050032002011,29
230050032002012,29
230050032002013,29
230050032002014,29
230050032003000,29
230050032003001,29
230050032003002,29
230050032003003,29
230050032003004,29
230050032003005,29
230050032003006,29
230050032003007,29
230050032003008,29
230050032003009,29
230050032003010,29
230050032003011,29
230050032003012,29
230050032003013,29
230050032003014,29
230050032003015,29
230050032003016,29
230050032003017,29
230050032003018,29
230050032003019,29
230050032003020,29
230050032003021,29
230050032003022,29
230050032003023,29
230050034001004,29
230050034001005,29
230050034001006,29
230050034001007,29
230050034001008,29
230050034001009,29
230050034001010,29
230050034001011,29
230050034001012,29
230050034001014,29
230050034001015,29
230050034002000,29
230050034002001,29
230050034002002,29
230050034002003,29
230050034002004,29
230050034002005,29
230050034002007,29
230050034002008,29
230050034002009,29
230050034002010,29
230050034003000,29
230050034003001,29
230050034003002,29
230050034003003,29
230050034003006,29
230050034003007,29
230050034003008,29
230050034003009,29
230050034003010,29
230050034003011,29
230050034003012,29
230050034003013,29
230050034003014,29
230050034003015,29
230050034003016,29
230050034003018,29
230050034004001,29
230050034004002,29
230050034004004,29
230050034004005,29
230050034004006,29
230050034004007,29
230050035002011,29
230050035002012,29
230050035002013,29
230050035002022,29
230050035002023,29
230050035002024,29
230050035002026,29
230050035003002,29
230050035003003,29
230050035003004,29
230050032001000,29
230050032001001,29
230050032001002,29
230050032001003,29
230050032001004,29
230050032001005,29
230050032001006,29
230050032001007,29
230050032001008,29
230050032001009,29
230050032001010,29
230050034001000,29
230050034001001,29
230050034001002,29
230050034001003,29
230050034001013,29
230050034001016,29
230050035001000,29
230050035001001,29
230050035001002,29
230050035001003,29
230050035001004,29
230050035001005,29
230050035001006,29
230050035001007,29
230050035001008,29
230050035001009,29
230050035001010,29
230050035001011,29
230050035001012,29
230050035001013,29
230050035001014,29
230050035001015,29
230050035001016,29
230050035001017,29
230050035001018,29
230050035001019,29
230050035001020,29
230050035001021,29
230050035001022,29
230050035001023,29
230050035001024,29
230050035001025,29
230050035002000,29
230050035002001,29
230050035002002,29
230050035002003,29
230050035002004,29
230050035002005,29
230050035002006,29
230050035002007,29
230050035002008,29
230050035002009,29
230050035002010,29
230050035002014,29
230050035002015,29
230050035002016,29
230050035002017,29
230050035002018,29
230050035002019,29
230050035002020,29
230050035002021,29
230050035002025,29
230050035002027,29
230050035002028,29
230050035002029,29
230050035002030,29
230050035003000,29
230050035003001,29
230050035003005,29
230050035003006,29
230050035003007,29
230050035003008,29
230050035003009,29
230050035003010,29
230050035003011,29
230050035003012,29
230050035003013,29
230050035003014,29
230050035003015,29
230050035003016,29
230050035003017,29
230050035003018,29
230050035003019,29
230050035003020,29
230050035003021,29
230050035003022,29
230050035003023,29
230050035003024,29
230050034003017,29
230050037011000,29
230050037011001,29
230050037011002,29
230050037011003,29
230050037011004,29
230050037011005,29
230050037011006,29
230050037011007,29
230050037011008,29
230050037011009,29
230050037011010,29
230050037011011,29
230050037011012,29
230050037011013,29
230050037011014,29
230050037011015,29
230050037011016,29
230050037011017,29
230050037011018,29
230050037011019,29
230050037011020,29
230050037011021,29
230050037011022,29
230050037011023,29
230050037011024,29
230050037011025,29
230050037011026,29
230050037011027,29
230050037011028,29
230050037011029,29
230050037011030,29
230050037011031,29
230050037012000,29
230050037012001,29
230050037012002,29
230050037012003,29
230050037012004,29
230050037012005,29
230050037012006,29
230050037012007,29
230050037012008,29
230050037012009,29
230050037012010,29
230050037012011,29
230050037012012,29
230050037012013,29
230050037012014,29
230050037012015,29
230050037012016,29
230050037012017,29
230050037012018,29
230050037012019,29
230050037012020,29
230050037021000,29
230050037021001,29
230050037021002,29
230050037021003,29
230050037021004,29
230050037021005,29
230050037021006,29
230050037021007,29
230050037021008,29
230050037021009,29
230050037021010,29
230050037021011,29
230050037021012,29
230050037021013,29
230050037021014,29
230050037021015,29
230050037021016,29
230050037021017,29
230050037021018,29
230050037021019,29
230050037021020,29
230050037021021,29
230050037022000,29
230050037022001,29
230050037022002,29
230050037022003,29
230050037022004,29
230050037022005,29
230050037022006,29
230050037022007,29
230050037022008,29
230050037022009,29
230050037022010,29
230050037022011,29
230050037022012,29
230050037022013,29
230050037022014,29
230050037022015,29
230050037022016,29
230050037022017,29
230050037022018,29
230050037022019,29
230050037022020,29
230050037022021,29
230050037022022,29
230050037022023,29
230050037022024,29
230050037022025,29
230050037023000,29
230050037023001,29
230050037023002,29
230050037023003,29
230050037023004,29
230050037023005,29
230050037023006,29
230050037023007,29
230050037023008,29
230050037023009,29
230050037023010,29
230050037023011,29
230050037023012,29
230050037023013,29
230050037023014,29
230050037023015,29
230050037023016,29
230050037023017,29
230050037023018,29
230050037023019,29
230050037023020,29
230050037023021,29
230050037023022,29
230050037023023,29
230050037023024,29
230059900000014,29
230059900000015,29
230059900000016,29
230059900000021,29
230059900000022,29
230059900000024,29
230050040011000,30
230050040011001,30
230050040011002,30
230050040011003,30
230050040011004,30
230050040011005,30
230050040011006,30
230050040011007,30
230050040011008,30
230050040011009,30
230050040011010,30
230050040011011,30
230050040011012,30
230050040011013,30
230050040011014,30
230050040011015,30
230050040011016,30
230050040011017,30
230050040011018,30
230050040011019,30
230050040011020,30
230050040011021,30
230050040011022,30
230050040011023,30
230050040011024,30
230050040011025,30
230050040011026,30
230050040011027,30
230050040011028,30
230050040011029,30
230050040011030,30
230050040011031,30
230050040011032,30
230050040011033,30
230050040011034,30
230050040011035,30
230050040011036,30
230050040011037,30
230050040011038,30
230050040011039,30
230050040011040,30
230050040012000,30
230050040012001,30
230050040012002,30
230050040012003,30
230050040012004,30
230050040012005,30
230050040012006,30
230050040012007,30
230050040012008,30
230050040012009,30
230050040012010,30
230050040012011,30
230050040012012,30
230050040012013,30
230050040012014,30
230050040012015,30
230050040012016,30
230050040012017,30
230050040012018,30
230050040012019,30
230050040012020,30
230050040012021,30
230050040012022,30
230050040021000,30
230050040021001,30
230050040021002,30
230050040021003,30
230050040021004,30
230050040021005,30
230050040021006,30
230050040021007,30
230050040021008,30
230050040021009,30
230050040021010,30
230050040021011,30
230050040021012,30
230050040021013,30
230050040021014,30
230050040021015,30
230050040021016,30
230050040021017,30
230050040021018,30
230050040021019,30
230050040022000,30
230050040022001,30
230050040022002,30
230050040022003,30
230050040022004,30
230050040022005,30
230050040022006,30
230050040022007,30
230050040022008,30
230050040022009,30
230050040022010,30
230050040022011,30
230050040023000,30
230050040023001,30
230050040023002,30
230050040023003,30
230050040023004,30
230050040023005,30
230050040023006,30
230050040023007,30
230050040023008,30
230050040023009,30
230050040023010,30
230050040023011,30
230050040023012,30
230050040023013,30
230050040023014,30
230050040023015,30
230050040023016,30
230050040023017,30
230050040023018,30
230050040023019,30
230050040023020,30
230050040023021,30
230050040023022,30
230050040023023,30
230050040023024,30
230050040023025,30
230050040023026,30
230050040024000,30
230050040024001,30
230050040024002,30
230050040024003,30
230050040024004,30
230050040024005,30
230050040024006,30
230050040024007,30
230050040024008,30
230050040024009,30
230050040024010,30
230050040024011,30
230050040024012,30
230050040024013,30
230050040024014,30
230050040024015,30
230050040024016,30
230050040024017,30
230050040024018,30
230050040024019,30
230050040024020,30
230050040024021,30
230050040024022,30
230050040024023,30
230050040024024,30
230050040024025,30
230050040024026,30
230050040024027,30
230050041001000,30
230050041001001,30
230050041001002,30
230050041001003,30
230050041001004,30
230050041001005,30
230050041001006,30
230050041001007,30
230050041001008,30
230050041001009,30
230050041001010,30
230050041001011,30
230050041001012,30
230050041001013,30
230050041001014,30
230050041001015,30
230050041001016,30
230050041001017,30
230050041001018,30
230050041001019,30
230050041001020,30
230050041001021,30
230050041001022,30
230050041001023,30
230050041001024,30
230050041001025,30
230050041001026,30
230050041001027,30
230050041001028,30
230050041001029,30
230050041001030,30
230050041001031,30
230050041001032,30
230050041001033,30
230050041001034,30
230050041001035,30
230050041001036,30
230050041001037,30
230050041001038,30
230050041001039,30
230050041001040,30
230050041001041,30
230050041001042,30
230050041001043,30
230050041001044,30
230050041002000,30
230050041002001,30
230050041002002,30
230050041002003,30
230050041002004,30
230050041002005,30
230050041002006,30
230050041002007,30
230050041002008,30
230050041002009,30
230050041002010,30
230050041002011,30
230050041002012,30
230050041002013,30
230050041002014,30
230050041002015,30
230050041002016,30
230050041002017,30
230050041002018,30
230050041002019,30
230050041002020,30
230050041002021,30
230050041002022,30
230050041002023,30
230050041002024,30
230050041002025,30
230050041002026,30
230050041002027,30
230050041002028,30
230050041002029,30
230050041002030,30
230050041002031,30
230050041002032,30
230050041002033,30
230050041002034,30
230050041002035,30
230050041002036,30
230050041002037,30
230050041002038,30
230050041002039,30
230050041003000,30
230050041003001,30
230050041003002,30
230050041003003,30
230050041003004,30
230050041003005,30
230050041003006,30
230050041003007,30
230050041003008,30
230050041003009,30
230050041003010,30
230050041003011,30
230050041003012,30
230050041003013,30
230050041003014,30
230050041003015,30
230050041003016,30
230050041003017,30
230050041003018,30
230050041003019,30
230050041003020,30
230050041003021,30
230050041003022,30
230050041003023,30
230050041003024,30
230050041003025,30
230050041003026,30
230050041003027,30
230050041003028,30
230050041003029,30
230050041003030,30
230050041003031,30
230050041003032,30
230050041003033,30
230050041003034,30
230050041003035,30
230050041003036,30
230050041003037,30
230050041003038,30
230050041003039,30
230050041003040,30
230050041003041,30
230050041003042,30
230050041003043,30
230050042011000,25
230050042011001,25
230050042011002,25
230050042011003,25
230050042011004,25
230050042011005,25
230050042011006,25
230050042011007,25
230050042011008,25
230050042011009,25
230050042011010,25
230050042011011,25
230050042011012,25
230050042011013,25
230050042011014,25
230050042011015,25
230050042011016,25
230050042011017,25
230050042011018,25
230050042011019,25
230050042011020,25
230050042011021,25
230050042011022,25
230050042011023,25
230050042011024,25
230050042011025,25
230050042011026,25
230050042011027,25
230050042011028,25
230050042011029,25
230050042011030,25
230050042012000,25
230050042012001,25
230050042012002,25
230050042012003,25
230050042012004,25
230050042012005,25
230050042012006,25
230050042012007,25
230050042012008,25
230050042012009,25
230050042012010,25
230050042012011,25
230050042012012,25
230050042012013,25
230050042013000,25
230050042013001,25
230050042013002,25
230050042013003,25
230050042013004,25
230050042013005,25
230050042013006,25
230050042013007,25
230050042013008,25
230050042013009,25
230050042013010,25
230050042013011,25
230050042013012,25
230050042013013,25
230050042013014,25
230050042013015,25
230050042021000,25
230050042021001,25
230050042021002,25
230050042021003,25
230050042021004,25
230050042021005,25
230050042021006,25
230050042021007,25
230050042021008,25
230050042021009,25
230050042021010,25
230050042021011,25
230050042021012,25
230050042021013,25
230050042021014,25
230050042021015,25
230050042021016,25
230050042021017,25
230050042021018,25
230050042021019,25
230050042021020,25
230050042021021,25
230050042021022,25
230050042021023,25
230050042021024,25
230050042021025,25
230050042021026,25
230050042021027,25
230050042022012,25
230050042022013,25
230050042022014,25
230050042022015,25
230050042022016,25
230050042022017,25
230050042022018,25
230050042022019,25
230050042022020,25
230050042022021,25
230050042022022,25
230050042022023,25
230050042022024,25
230050042022025,25
230050042022026,25
230050042022027,25
230050042022028,25
230050042022029,25
230050042022030,25
230050042022031,25
230050042022032,25
230050042022033,25
230050042022034,25
230050042022035,25
230050042022036,25
230050042022037,25
230050042022038,25
230050042022047,25
230050042022048,25
230050042022049,25
230050042022050,25
230050042022051,25
230050042022055,25
230050042022056,25
230050042022057,25
230050042022000,25
230050042022001,25
230050042022002,25
230050042022003,25
230050042022004,25
230050042022005,25
230050042022006,25
230050042022007,25
230050042022008,25
230050042022009,25
230050042022010,25
230050042022011,25
230050042022039,25
230050042022040,25
230050042022041,25
230050042022042,25
230050042022043,25
230050042022044,25
230050042022045,25
230050042022046,25
230050042022052,25
230050042022053,25
230050042022054,25
230050042022058,25
230050042022059,25
230059900000004,25
230059900000005,25
230050044011000,25
230050044011001,25
230050044011002,25
230050044011003,25
230050044011004,25
230050044011005,25
230050044011006,25
230050044011007,25
230050044011008,25
230050044011009,25
230050044011010,25
230050044011011,25
230050044011012,25
230050044011013,25
230050044011014,25
230050044011015,25
230050044012000,25
230050044012001,25
230050044012002,25
230050044012003,25
230050044012004,25
230050044012005,25
230050044012006,25
230050044012007,25
230050044012008,25
230050044012009,25
230050044012010,25
230050044012011,25
230050044012012,25
230050044012013,25
230050044012014,25
230050044012015,25
230050044012016,25
230050044012017,25
230050044012018,25
230050044012019,25
230050044012020,25
230050044012021,25
230050044012022,25
230050044012023,25
230050044012024,25
230050044012025,25
230050044012026,25
230050044012027,25
230050044012028,25
230050044013000,25
230050044013001,25
230050044013002,25
230050044013003,25
230050044013004,25
230050044013005,25
230050044013006,25
230050044013007,25
230050044013008,25
230050044013009,25
230050044013010,25
230050044013011,25
230050044013012,25
230050044014000,25
230050044014001,25
230050044014002,25
230050044014003,25
230050044014004,25
230050044014005,25
230050044014006,25
230050044014007,25
230050044014008,25
230050044014009,25
230050044014010,25
230050044014011,25
230050044014012,25
230050044014013,25
230050044014014,25
230050044014015,25
230050044014016,25
230050044014017,25
230050044014018,25
230050044014019,25
230050044014020,25
230050044014021,25
230050044014022,25
230050044014023,25
230050044014024,25
230050044014025,25
230050044014026,25
230050044014027,25
230050044015000,25
230050044015001,25
230050044015002,25
230050044015003,25
230050044015004,25
230050044015005,25
230050044015006,25
230050044015007,25
230050044015008,25
230050044015009,25
230050044015010,25
230050044015011,25
230050044015012,25
230050044021000,25
230050044021001,25
230050044021002,25
230050044021003,25
230050044021004,25
230050044021005,25
230050044021006,25
230050044021007,25
230050044021008,25
230050044021009,25
230050044021010,25
230050044021011,25
230050044021012,25
230050044021013,25
230050044021014,25
230050044021015,25
230050044021016,25
230050044021017,25
230050044021018,25
230050044021019,25
230050044021020,25
230050044021021,25
230050044021022,25
230050044021023,25
230050044021024,25
230050044021025,25
230050044021026,25
230050044021027,25
230050044021028,25
230050044021029,25
230050044022000,25
230050044022001,25
230050044022002,25
230050044022003,25
230050044022004,25
230050044022005,25
230050044022006,25
230050044022007,25
230050044022008,25
230050044023000,25
230050044023001,25
230050044023002,25
230050044023003,25
230050044023004,25
230050044023005,25
230050044023006,25
230050044023007,25
230050044023008,25
230050044023009,25
230050044023010,25
230050044023011,25
230050044024000,25
230050044024001,25
230050044024002,25
230050044024003,25
230050044024004,25
230050044024005,25
230050044024006,25
230050044024007,25
230050044024008,25
230050044024009,25
230050044024010,25
230050044024011,25
230050044024012,25
230050044024013,25
230050044024014,25
230050044024015,25
230050044024016,25
230050044024017,25
230050044024018,25
230050045011000,24
230050045011001,24
230050045011002,24
230050045011003,24
230050045011004,24
230050045011005,24
230050045011006,24
230050045011007,24
230050045011008,24
230050045011009,24
230050045011010,24
230050045011011,24
230050045011012,24
230050045011013,24
230050045011014,24
230050045011015,24
230050045011016,24
230050045011017,24
230050045011018,24
230050045011019,24
230050045011020,24
230050045011021,24
230050045011022,24
230050045011023,24
230050045011024,24
230050045011025,24
230050045011026,24
230050045011027,24
230050045011028,24
230050045011029,24
230050045011030,24
230050045012000,24
230050045012001,24
230050045012002,24
230050045012003,24
230050045012004,24
230050045012005,24
230050045012006,24
230050045012007,24
230050045012008,24
230050045012009,24
230050045012010,24
230050045012011,24
230050045012012,24
230050045012013,24
230050045012014,24
230050045012015,24
230050045012016,24
230050045012017,24
230050045021000,24
230050045021001,24
230050045021002,24
230050045021003,24
230050045021004,24
230050045021005,24
230050045021006,24
230050045021007,24
230050045021008,24
230050045021009,24
230050045021010,24
230050045021011,24
230050045021012,24
230050045021013,24
230050045021014,24
230050045021015,24
230050045021016,24
230050045022000,24
230050045022001,24
230050045022002,24
230050045022003,24
230050045022004,24
230050045022005,24
230050045022006,24
230050045022007,24
230050045022008,24
230050045022009,24
230050045022010,24
230050045022011,24
230050045022012,24
230050045022013,24
230050045022014,24
230050045022015,24
230050045022016,24
230050045022017,24
230050045022018,24
230050045022019,24
230050045022020,24
230050045022021,24
230050045022022,24
230050045022023,24
230050045022024,24
230050045023000,24
230050045023001,24
230050045023002,24
230050045023003,24
230050045023004,24
230050045023005,24
230050045023006,24
230050045023007,24
230050045023008,24
230050045023009,24
230050045023010,24
230050045023011,24
230050045023012,24
230050045023013,24
230050045023014,24
230050045023015,24
230050045023016,24
230050045023017,24
230050045024000,24
230050045024001,24
230050045024002,24
230050045024003,24
230050045024004,24
230050045024005,24
230050045024006,24
230050045024007,24
230050045024008,24
230050045024009,24
230050045024010,24
230050045024011,24
230050045024012,24
230050045024013,24
230050045024014,24
230050045024015,24
230050045024016,24
230050045024017,24
230050045024018,24
230050045024019,24
230050045024020,24
230050045024021,24
230050045024022,24
230050045024023,24
230050045024024,24
230050045024025,24
230050045024026,24
230050045024027,24
230050045025000,24
230050045025001,24
230050045025002,24
230050045025003,24
230050045025004,24
230050045025005,24
230050045025006,24
230050045025007,24
230050045025008,24
230050045025009,24
230050045025010,24
230050045025011,24
230050046001000,24
230050046001001,24
230050046001002,24
230050046001003,24
230050046001004,24
230050046001005,24
230050046001006,24
230050046001007,24
230050046001008,24
230050046001009,24
230050046001010,24
230050046001011,24
230050046001012,24
230050046001013,24
230050046001014,24
230050046001015,24
230050046001016,24
230050046001017,24
230050046001018,24
230050046001019,24
230050046001020,24
230050046001021,24
230050046001022,24
230050046001023,24
230050046001024,24
230050046001025,24
230050046001026,24
230050046001027,24
230050046001028,24
230050046001029,24
230050046001030,24
230050046001031,24
230050046001032,24
230050046001033,24
230050046001034,24
230050046001035,24
230050046001036,24
230050046001037,24
230050046001038,24
230050046001039,24
230050046001040,24
230050046001041,24
230050046001042,24
230050046001043,24
230050046001044,24
230050046001045,24
230050046001046,24
230050046001047,24
230050046001048,24
230050046001049,24
230050046001050,24
230050046001051,24
230050046001052,24
230050046001053,24
230050046001054,24
230050046001055,24
230050046001056,24
230050046002000,24
230050046002001,24
230050046002002,24
230050046002003,24
230050046002004,24
230050046002005,24
230050046002006,24
230050046002007,24
230050046002008,24
230050046002009,24
230050046002010,24
230050046002011,24
230050046002012,24
230050046002013,24
230050046002014,24
230050046002015,24
230050046002016,24
230050046002017,24
230050046002018,24
230050046002019,24
230050046002020,24
230050046002021,24
230050046002022,24
230050046002023,24
230050046002024,24
230050046002025,24
230050046002026,24
230050046002027,24
230050046002028,24
230050046002029,24
230050046002030,24
230050046002031,24
230050046002032,24
230050046002033,24
230050046002034,24
230050046002035,24
230050046002036,24
230050047011000,25
230050047011001,25
230050047011002,25
230050047011003,25
230050047011004,25
230050047011005,25
230050047011006,25
230050047011007,25
230050047012000,25
230050047012001,25
230050047012002,25
230050047012003,25
230050047012004,25
230050047012005,25
230050047012006,25
230050047012007,25
230050047012008,25
230050047012009,25
230050047012010,25
230050047013000,25
230050047013001,25
230050047013002,25
230050047013003,25
230050047013004,25
230050047013005,25
230050047013006,25
230050047013007,25
230050047013008,25
230050047013009,25
230050047013010,25
230050047013011,25
230050047013012,25
230050047013013,25
230050047013014,25
230050047013015,25
230050047013016,25
230050047013017,25
230050047013018,25
230050047013019,25
230050047013020,25
230050047021000,25
230050047021001,25
230050047021002,25
230050047021003,25
230050047021004,25
230050047021005,25
230050047021006,25
230050047021007,25
230050047021008,25
230050047021009,25
230050047021010,25
230050047021011,25
230050047021012,25
230050047021013,25
230050047021014,25
230050047021015,25
230050047021016,25
230050047021017,25
230050047021018,25
230050047021019,25
230050047021020,25
230050047021021,25
230050047021022,25
230050047021023,25
230050047021024,25
230050047021025,25
230050047021026,25
230050047021027,25
230050047021028,25
230050047021029,25
230050047021030,25
230050047021031,25
230050047021032,25
230050047021033,25
230050047021034,25
230050047021035,25
230050047021036,25
230050047021037,25
230050047021038,25
230050047021039,25
230050047021040,25
230050047021041,25
230050047021042,25
230050047022000,25
230050047022001,25
230050047022002,25
230050047022003,25
230050047022004,25
230050047022005,25
230050047022006,25
230050047022007,25
230050047022008,25
230050047022009,25
230050047022010,25
230050047022011,25
230050047022012,25
230050047022013,25
230050047022014,25
230050047023000,25
230050047023001,25
230050047023002,25
230050047023003,25
230050047023004,25
230050047023005,25
230050047023006,25
230050047023007,25
230050047023008,25
230050047023009,25
230050047023010,25
230050047023011,25
230050047023012,25
230050047023013,25
230050047023014,25
230050047023015,25
230050047023016,25
230050047023017,25
230050047023018,25
230050047023019,25
230050047023020,25
230050047024000,25
230050047024001,25
230050047024002,25
230050047024003,25
230050047024004,25
230050047024005,25
230050047024006,25
230050047024007,25
230050047024008,25
230050047024009,25
230050047024010,25
230050047024011,25
230050047024012,25
230050047024013,25
230050047024014,25
230050047024015,25
230050047024016,25
230050047024017,25
230050047024018,25
230050047024019,25
230050047024020,25
230050047024021,25
230050047024022,25
230050047024023,25
230050047024024,25
230050047024025,25
230050047024026,25
230050047024027,25
230050048021000,26
230050048021001,26
230050048021002,26
230050048021003,26
230050048021004,26
230050048021005,26
230050048021006,26
230050048021007,26
230050048021008,26
230050048021009,26
230050048021010,26
230050048021011,26
230050048021012,26
230050048021013,26
230050048021014,26
230050048021015,26
230050048021016,26
230050048021017,26
230050048021018,26
230050048021019,26
230050048021020,26
230050048021021,26
230050048021022,26
230050048021023,26
230050048021024,26
230050048021025,26
230050048021026,26
230050048021027,26
230050048021028,26
230050048021029,26
230050048021030,26
230050048021031,26
230050048021032,26
230050048021033,26
230050048021034,26
230050048021035,26
230050048021036,26
230050048022000,26
230050048022001,26
230050048022002,26
230050048022003,26
230050048022004,26
230050048022005,26
230050048022006,26
230050048022007,26
230050048022008,26
230050048022009,26
230050048022010,26
230050048022011,26
230050048022012,26
230050048022013,26
230050048022014,26
230050048022015,26
230050048022016,26
230050048022017,26
230050048023000,26
230050048023001,26
230050048023002,26
230050048023003,26
230050048023004,26
230050048023005,26
230050048023006,26
230050048023007,26
230050048023008,26
230050048023009,26
230050048023010,26
230050048023011,26
230050048023012,26
230050048023013,26
230050048023014,26
230050048023015,26
230050048023016,26
230050048023017,26
230050048031000,26
230050048031001,26
230050048031002,26
230050048031003,26
230050048031004,26
230050048031005,26
230050048031006,26
230050048031007,26
230050048031008,26
230050048031009,26
230050048031010,26
230050048031011,26
230050048031012,26
230050048031013,26
230050048031014,26
230050048031015,26
230050048031016,26
230050048031017,26
230050048031018,26
230050048031019,26
230050048031020,26
230050048031021,26
230050048031022,26
230050048031023,26
230050048031024,26
230050048031025,26
230050048031026,26
230050048032000,26
230050048032001,26
230050048032002,26
230050048032003,26
230050048032004,26
230050048032005,26
230050048032006,26
230050048032007,26
230050048032008,26
230050048032009,26
230050048032010,26
230050048032011,26
230050048032012,26
230050048032013,26
230050048032014,26
230050048032015,26
230050048032016,26
230050048032017,26
230050048032018,26
230050048032019,26
230050048032020,26
230050048032021,26
230050048033000,26
230050048033001,26
230050048033002,26
230050048033003,26
230050048033004,26
230050048033005,26
230050048033006,26
230050048033007,26
230050048033008,26
230050048033009,26
230050048033010,26
230050048033011,26
230050048033012,26
230050048033013,26
230050048033014,26
230050048033015,26
230050048033016,26
230050048033017,26
230050048033018,26
230050048033019,26
230050048033020,26
230050048034000,26
230050048034001,26
230050048034002,26
230050048034003,26
230050048034004,26
230050048034005,26
230050048034006,26
230050048034007,26
230050048034008,26
230050048034009,26
230050048034010,26
230050048034011,26
230050048034012,26
230050048034013,26
230050048034014,26
230050048034015,26
230050048034016,26
230050048034017,26
230050048034018,26
230050048034019,26
230050048034020,26
230050048034021,26
230050048034022,26
230050048034023,26
230050048034024,26
230050048034025,26
230050048034026,26
230050048034027,26
230050048041000,26
230050048041001,26
230050048041002,26
230050048041003,26
230050048041004,26
230050048041005,26
230050048041006,26
230050048041007,26
230050048041008,26
230050048041009,26
230050048041010,26
230050048041011,26
230050048041012,26
230050048041013,26
230050048041014,26
230050048041015,26
230050048041016,26
230050048041017,26
230050048041018,26
230050048041019,26
230050048041020,26
230050048041021,26
230050048041022,26
230050048042000,26
230050048042001,26
230050048042002,26
230050048043000,26
230050048043001,26
230050048043002,26
230050048043003,26
230050048043004,26
230050048043005,26
230050048043006,26
230050048043007,26
230050048043008,26
230050048043009,26
230050048043010,26
230050048043011,26
230050048043012,26
230050048043013,26
230050048043014,26
230050048043015,26
230050048043016,26
230050048043017,26
230050048043018,26
230050048043019,26
230050048051000,26
230050048051001,26
230050048051002,26
230050048051003,26
230050048051004,26
230050048051005,26
230050048051006,26
230050048051007,26
230050048051008,26
230050048051009,26
230050048051010,26
230050048051011,26
230050048051012,26
230050048051013,26
230050048051014,26
230050048051015,26
230050048051016,26
230050048051017,26
230050048051018,26
230050048051019,26
230050048051020,26
230050048051021,26
230050048051022,26
230050048051023,26
230050048051024,26
230050048051025,26
230050048051026,26
230050048051027,26
230050048052000,26
230050048052001,26
230050048052002,26
230050048052003,26
230050048052004,26
230050048052005,26
230050048052006,26
230050048052007,26
230050048052008,26
230050048052009,26
230050048052010,26
230050048052011,26
230050048052012,26
230050048052013,26
230050048052014,26
230050048052015,26
230050048052016,26
230050048052017,26
230050048053000,26
230050048053001,26
230050048053002,26
230050048053003,26
230050048053004,26
230050048053005,26
230050048053006,26
230050048053007,26
230050048053008,26
230050048053009,26
230050048053010,26
230050048053011,26
230050111001000,24
230050111001001,24
230050111001002,24
230050111001003,24
230050111001004,24
230050111001005,24
230050111001006,24
230050111001007,24
230050111001008,24
230050111001009,24
230050111001010,24
230050111001011,24
230050111001012,24
230050111001013,24
230050111001014,24
230050111001015,24
230050111001016,24
230050111001017,24
230050111001018,24
230050111001019,24
230050111001020,24
230050111001021,24
230050111001022,24
230050111001023,24
230050111001024,24
230050111001025,24
230050111001026,24
230050111001027,24
230050111001028,24
230050111001029,24
230050111001030,24
230050111001031,24
230050111001032,24
230050111001033,24
230050111001034,24
230050111001035,24
230050111001036,24
230050111001037,24
230050111001038,24
230050111001039,24
230050111001040,24
230050111001041,24
230050111001042,24
230050111001043,24
230050111002000,24
230050111002001,24
230050111002002,24
230050111002003,24
230050111002004,24
230050111002005,24
230050111003000,24
230050111003001,24
230050111002006,24
230050111002007,24
230050111002008,24
230050111002009,24
230050111002010,24
230050111002011,24
230050111002012,24
230050111002013,24
230050111002014,24
230050111002015,24
230050111002016,24
230050111002017,24
230050111002018,24
230050111002021,24
230050111003002,24
230050111003003,24
230050111003004,24
230050111003005,24
230050111003006,24
230050111003007,24
230050111003008,24
230050111003009,24
230050111003010,24
230050111004000,24
230050111004001,24
230050111004002,24
230050111004003,24
230050111004004,24
230050111004005,24
230050111004006,24
230050111004007,24
230050111004008,24
230050111004009,24
230050111004010,24
230050111004011,24
230050111004012,24
230050111004013,24
230050111004014,24
230050111004015,24
230050111004016,24
230050111004017,24
230050111004018,24
230050111004019,24
230050111004020,24
230050111004021,24
230050111004022,24
230050111004023,24
230050111004024,24
230050111004025,24
230050111004026,24
230050112051000,24
230050112051001,24
230050112051002,24
230050112051003,24
230050112051004,24
230050112051005,24
230050112051006,24
230050112051007,24
230050112051008,24
230050112051009,24
230050112051010,24
230050112051011,24
230050112051012,24
230050112051013,24
230050112051014,24
230050112051015,24
230050112051016,24
230050112051017,24
230050112051021,24
230050112051022,24
230050112051023,24
230050112051024,24
230050112051025,24
230050112051026,24
230050112051027,24
230050112051028,24
230050112051029,24
230050112051030,24
230050112051031,24
230050112062000,24
230050112062001,24
230050112062002,24
230050112062009,24
230050112062010,24
230050112062011,24
230050112062012,24
230050112062013,24
230050111002019,24
230050111002020,24
230050112032008,24
230050112032009,24
230050112032010,24
230050112032011,24
230050112032012,24
230050112032013,24
230050112032014,24
230050112032015,24
230050112032016,24
230050112032021,24
230050112032022,24
230050112032023,24
230050112032024,24
230050112033001,24
230050112033002,24
230050112033003,24
230050112033004,24
230050112033005,24
230050112033006,24
230050112033007,24
230050112033008,24
230050112033009,24
230050112033010,24
230050112033011,24
230050112033012,24
230050112033013,24
230050112033014,24
230050112033015,24
230050112033016,24
230050112033017,24
230050112033018,24
230050112033019,24
230050112033020,24
230050112033021,24
230050112033022,24
230050112033023,24
230050112062014,24
230050112062015,24
230050112062016,24
230050112031000,24
230050112031001,24
230050112031002,24
230050112031003,24
230050112031004,24
230050112031005,24
230050112031006,24
230050112031007,24
230050112031008,24
230050112031009,24
230050112032000,24
230050112032001,24
230050112032002,24
230050112032003,24
230050112032004,24
230050112032005,24
230050112032006,24
230050112032007,24
230050112032017,24
230050112032018,24
230050112032019,24
230050112032020,24
230050112061028,24
230050112061029,24
230050112061030,24
230050112061032,24
230050112061033,24
230050113001015,24
230050113001016,24
230050113001017,24
230050113001019,24
230050113001020,24
230050113002000,24
230050113002001,24
230050113002002,24
230050113002003,24
230050113002004,24
230050113002005,24
230050113002006,24
230050113002007,24
230050113002008,24
230050113002009,24
230050113002010,24
230050113002011,24
230050113002012,24
230050113002013,24
230050113002014,24
230050113002015,24
230050113002016,24
230050113002017,24
230050113002018,24
230050113002019,24
230050112033000,24
230050112043000,24
230050112043001,24
230050112043002,24
230050112043003,24
230050112043004,24
230050112043005,24
230050112043006,24
230050112043007,24
230050112043008,24
230050112043009,24
230050112043010,24
230050112061004,24
230050112061005,24
230050112061008,24
230050112061009,24
230050112061010,24
230050112061011,24
230050112061012,24
230050112061013,24
230050112061014,24
230050112061015,24
230050112061016,24
230050112061017,24
230050112061018,24
230050112061019,24
230050112061020,24
230050112061021,24
230050112061022,24
230050112061023,24
230050112061024,24
230050112061025,24
230050112061026,24
230050112061027,24
230050112061031,24
230050112062005,24
230050112062006,24
230050112062007,24
230050112062008,24
230050112062017,24
230050112062018,24
230050112062019,24
230050112041000,24
230050112041001,24
230050112041002,24
230050112041003,24
230050112041004,24
230050112041005,24
230050112041006,24
230050112041007,24
230050112041008,24
230050112041009,24
230050112041010,24
230050112041011,24
230050112041012,24
230050112041013,24
230050112041014,24
230050112041015,24
230050112041016,24
230050112041017,24
230050112041018,24
230050112041019,24
230050112041020,24
230050112041021,24
230050112042000,24
230050112042001,24
230050112042002,24
230050112042003,24
230050112042004,24
230050112042005,24
230050112042006,24
230050112042007,24
230050112042008,24
230050112042009,24
230050112042010,24
230050113001000,24
230050113001001,24
230050113001002,24
230050113001003,24
230050113001004,24
230050113001005,24
230050113001006,24
230050113001007,24
230050113001008,24
230050113001009,24
230050113001010,24
230050113001011,24
230050113001012,24
230050113001013,24
230050113001014,24
230050113001018,24
230050112051018,24
230050112051019,24
230050112051020,24
230050112052000,24
230050112052001,24
230050112052002,24
230050112052003,24
230050112052004,24
230050112052005,24
230050112052006,24
230050112052007,24
230050112052008,24
230050112052009,24
230050112052010,24
230050112052011,24
230050112052012,24
230050112052013,24
230050112052014,24
230050112052015,24
230050112052016,24
230050112052017,24
230050112052018,24
230050112052019,24
230050112052020,24
230050112052021,24
230050112052022,24
230050112052023,24
230050112052024,24
230050112052025,24
230050112052026,24
230050112052027,24
230050112052028,24
230050112052029,24
230050112052030,24
230050112052031,24
230050112052032,24
230050112053000,24
230050112053001,24
230050112053002,24
230050112053003,24
230050112053004,24
230050112053005,24
230050112053006,24
230050112053007,24
230050112053008,24
230050112053009,24
230050112053010,24
230050112053011,24
230050112053012,24
230050112053013,24
230050112053014,24
230050112053015,24
230050112053016,24
230050112053017,24
230050112053018,24
230050112053019,24
230050112053020,24
230050112053021,24
230050112053022,24
230050112053023,24
230050112061000,24
230050112061001,24
230050112061002,24
230050112061003,24
230050112061006,24
230050112061007,24
230050112062003,24
230050112062004,24
230050115001000,20
230050115001001,20
230050115001002,20
230050115001003,20
230050115001004,20
230050115001005,20
230050115001006,20
230050115001007,20
230050115001008,20
230050115001009,20
230050115001010,20
230050115001011,20
230050115001012,20
230050115001013,20
230050115001014,20
230050115001015,20
230050115001016,20
230050115001017,20
230050115001018,20
230050115001019,20
230050115001020,20
230050115001021,20
230050115001022,20
230050115001023,20
230050115001024,20
230050115001025,20
230050115001026,20
230050115001027,20
230050115001028,20
230050115001029,20
230050115001030,20
230050115001031,20
230050115001032,20
230050115001033,20
230050115001034,20
230050115001035,20
230050115001036,20
230050115001037,20
230050115001038,20
230050115001039,20
230050115001040,20
230050115001041,20
230050115001042,20
230050115001043,20
230050115001044,20
230050115002000,20
230050115002001,20
230050115002002,20
230050115002003,20
230050115002004,20
230050115002005,20
230050115002006,20
230050115002007,20
230050115002008,20
230050115002009,20
230050115002010,20
230050115002011,20
230050115002012,20
230050115002013,20
230050115002014,20
230050115002015,20
230050115002016,20
230050115002017,20
230050115002018,20
230050115002019,20
230050115003000,20
230050115003001,20
230050115003002,20
230050115003003,20
230050115003004,20
230050115003005,20
230050115003006,20
230050115003007,20
230050115003008,20
230050115003009,20
230050115003010,20
230050115003011,20
230050115003012,20
230050115003013,20
230050115003014,20
230050115003015,20
230050115003016,20
230050115003017,20
230050115004000,20
230050115004001,20
230050115004002,20
230050115004003,20
230050115004004,20
230050115004005,20
230050115004006,20
230050115004007,20
230050115004008,20
230050115004009,20
230050115004010,20
230050115004011,20
230050115004012,20
230050115004013,20
230050115004014,20
230050115004015,20
230050115004016,20
230050115004017,20
230050115004018,20
230050115004019,20
230050115004020,20
230050115004021,20
230050115004022,20
230050115004023,20
230050115004024,20
230050115004025,20
230050115004026,20
230050115004027,20
230050115004028,20
230050115004029,20
230050115004030,20
230050115004031,20
230050115004032,20
230050115004033,20
230050115004034,20
230050115004035,20
230050115004036,20
230050115004037,20
230050115004038,20
230050115004039,20
230050115005000,24
230050115005001,24
230050115005002,24
230050115005003,24
230050115005004,24
230050115005005,24
230050115005006,24
230050115005007,24
230050115005008,24
230050115005009,24
230050115005010,24
230050115005011,24
230050115005012,24
230050115005013,24
230050115005014,24
230050115005015,24
230050115005016,24
230050115005017,24
230050115005018,24
230050115005019,24
230050115005020,24
230050115005021,24
230050115005022,24
230050115005023,24
230050115005024,24
230050115005025,24
230050115005026,24
230050115005027,24
230050115005028,24
230050115005029,24
230050115005030,24
230050115005031,24
230050115005032,24
230050115005033,24
230050115005034,24
230050115005035,24
230050115005036,24
230050115005037,24
230050115005038,24
230050115005039,24
230050115005040,24
230050115005041,24
230050115005042,24
230050115005043,24
230050115005044,24
230050115005045,24
230050115005046,24
230050115005047,24
230050115005048,24
230050115005049,24
230050115005050,24
230050115005051,24
230050115005052,24
230050115005053,24
230050115005054,24
230050115005055,24
230050115005056,24
230050115005057,24
230050115005058,24
230050115005059,24
230050115005060,24
230050115005061,24
230050115005062,24
230050115005063,24
230050115005064,24
230050115005065,24
230050115005066,24
230050115005067,24
230050115005068,24
230050115005069,24
230050115005070,24
230050115005071,24
230050115005072,24
230050120011000,26
230050120011001,26
230050120011002,26
230050120011003,26
230050120011004,26
230050120011005,26
230050120011006,26
230050120011007,26
230050120011008,26
230050120011009,26
230050120011010,26
230050120011011,26
230050120011012,26
230050120011013,26
230050120011014,26
230050120011015,26
230050120011016,26
230050120011017,26
230050120011018,26
230050120011019,26
230050120011020,26
230050120011021,26
230050120011022,26
230050120011023,26
230050120011024,26
230050120011025,26
230050120011026,26
230050120011027,26
230050120011028,26
230050120011029,26
230050120011030,26
230050120011031,26
230050120011032,26
230050120021000,26
230050120021001,26
230050120021002,26
230050120021003,26
230050120021004,26
230050120021005,26
230050120021006,26
230050120021007,26
230050120021008,26
230050120021009,26
230050120021010,26
230050120021011,26
230050120021012,26
230050120021013,26
230050120021014,26
230050120021015,26
230050120021016,26
230050120021017,26
230050120021018,26
230050120021019,26
230050120021020,26
230050120021021,26
230050120021022,26
230050120021023,26
230050120021024,26
230050120021025,26
230050120021026,26
230050120021027,26
230050120021028,26
230050120021029,26
230050120021030,26
230050120021031,26
230050120021032,26
230050120021033,26
230050120021034,26
230050120021035,26
230050120021036,26
230050120021037,26
230050120021038,26
230050120021039,26
230050120021040,26
230050120022000,26
230050120022001,26
230050120022002,26
230050120022003,26
230050120022004,26
230050120022005,26
230050120022006,26
230050120022007,26
230050120022008,26
230050120022009,26
230050120022010,26
230050120022011,26
230050120022012,26
230050120022013,26
230050120023000,26
230050120023001,26
230050120023002,26
230050120023003,26
230050120023004,26
230050120023005,26
230050120023006,26
230050120023007,26
230050120023008,26
230050120023009,26
230050120023010,26
230050120023011,26
230050120023012,26
230050120023013,26
230050120023014,26
230050120023015,26
230050120023016,26
230050120023017,26
230050120023018,26
230050120023019,26
230050120023020,26
230050120023021,26
230050120023022,26
230050120023023,26
230050120023024,26
230050120023025,26
230050120023026,26
230050120023027,26
230050130011000,26
230050130011001,26
230050130011002,26
230050130011003,26
230050130011004,26
230050130011005,26
230050130011006,26
230050130011007,26
230050130011008,26
230050130011009,26
230050130011010,26
230050130011011,26
230050130011012,26
230050130011013,26
230050130011014,26
230050130011015,26
230050130011016,26
230050130011017,26
230050130011018,26
230050130011019,26
230050130011020,26
230050130012000,26
230050130012001,26
230050130012002,26
230050130012003,26
230050130012004,26
230050130012005,26
230050130012006,26
230050130012007,26
230050130012008,26
230050130012009,26
230050130012010,26
230050130012011,26
230050130012012,26
230050130012013,26
230050130012014,26
230050130012015,26
230050130012016,26
230050130012017,26
230050130012018,26
230050130012019,26
230050130012020,26
230050130012021,26
230050130012022,26
230050130012023,26
230050130012024,26
230050130012025,26
230050130012026,26
230050130012027,26
230050130012028,26
230050130012029,26
230050130012030,26
230050130012031,26
230050130021000,26
230050130021001,26
230050130021002,26
230050130021003,26
230050130021004,26
230050130021005,26
230050130021006,26
230050130021007,26
230050130021008,26
230050130021009,26
230050130021010,26
230050130021011,26
230050130021012,26
230050130021013,26
230050130021014,26
230050130021015,26
230050130021016,26
230050130021017,26
230050130021018,26
230050130021019,26
230050130021020,26
230050130021021,26
230050130021022,26
230050130021023,26
230050130021024,26
230050130021025,26
230050130021026,26
230050130021027,26
230050130021028,26
230050130021029,26
230050130022000,26
230050130022001,26
230050130022002,26
230050130022003,26
230050130022004,26
230050130022005,26
230050130022006,26
230050130022007,26
230050130022008,26
230050130022009,26
230050130022010,26
230050130022011,26
230050130022012,26
230050130022013,26
230050130022014,26
230050130022015,26
230050130022016,26
230050130022017,26
230050130022018,26
230050130022019,26
230050130022020,26
230050130022021,26
230050130022022,26
230050130022023,26
230050130022024,26
230050130022025,26
230050130022026,26
230050130022027,26
230050130022028,26
230050130022029,26
230050130022030,26
230050130022031,26
230050130022032,26
230050140011000,19
230050140011001,19
230050140011002,19
230050140011003,19
230050140011004,19
230050140011005,19
230050140011006,19
230050140011007,19
230050140011008,19
230050140011009,19
230050140011010,19
230050140011011,19
230050140011012,19
230050140011013,19
230050140011014,19
230050140011015,19
230050140011016,19
230050140011017,19
230050140011018,19
230050140011019,19
230050140011020,19
230050140011021,19
230050140011022,19
230050140011023,19
230050140011024,19
230050140011025,19
230050140011026,19
230050140011027,19
230050140011028,19
230050140011029,19
230050140011030,19
230050140011031,19
230050140011032,19
230050140011033,19
230050140011034,19
230050140012000,19
230050140012001,19
230050140012002,19
230050140012003,19
230050140012004,19
230050140012005,19
230050140012006,19
230050140012007,19
230050140012008,19
230050140012009,19
230050140012010,19
230050140012011,19
230050140012012,19
230050140012013,19
230050140012014,19
230050140012015,19
230050140012016,19
230050140012017,19
230050140012018,19
230050140012019,19
230050140012020,19
230050140012021,19
230050140012022,19
230050140012023,19
230050140012024,19
230050140012025,19
230050140012026,19
230050140012027,19
230050140012028,19
230050140012029,19
230050140012030,19
230050140012031,19
230050140012032,19
230050140012033,19
230050140012034,19
230050140012035,19
230050140012036,19
230050140012037,19
230050140012038,19
230050140012039,19
230050140012040,19
230050140012041,19
230050140012042,19
230050140012043,19
230050140012044,19
230050140012045,19
230050140012046,19
230050140012047,19
230050140012048,19
230050140012049,19
230050140012050,19
230050140012051,19
230050140021000,19
230050140021001,19
230050140021002,19
230050140021003,19
230050140021004,19
230050140021005,19
230050140021006,19
230050140021007,19
230050140021008,19
230050140021009,19
230050140021010,19
230050140021011,19
230050140021012,19
230050140021013,19
230050140021014,19
230050140021015,19
230050140021016,19
230050140021017,19
230050140021018,19
230050140021019,19
230050140021020,19
230050140021021,19
230050140021022,19
230050140021023,19
230050140021024,19
230050140021025,19
230050140021026,19
230050140021027,19
230050140021028,19
230050140021029,19
230050140021030,19
230050140022000,19
230050140022001,19
230050140022002,19
230050140022003,19
230050140022004,19
230050140022005,19
230050140022006,19
230050140022007,19
230050140022008,19
230050140022009,19
230050140022010,19
230050140022011,19
230050140022012,19
230050140022013,19
230050140022014,19
230050140022015,19
230050140022016,19
230050140022017,19
230050140022018,19
230050140022019,19
230050140022020,19
230050140022021,19
230050140022022,19
230050140022023,19
230050140022024,19
230050140022025,19
230050150001000,19
230050150001001,19
230050150001002,19
230050150001003,19
230050150001004,19
230050150001005,19
230050150001006,19
230050150001007,19
230050150001008,19
230050150001009,19
230050150001010,19
230050150001011,19
230050150001012,19
230050150001013,19
230050150001014,19
230050150001015,19
230050150001016,19
230050150001017,19
230050150001018,19
230050150001019,19
230050150001020,19
230050150001021,19
230050150001022,19
230050150001023,19
230050150001024,19
230050150001025,19
230050150001026,19
230050150001027,19
230050150002000,19
230050150002001,19
230050150002002,19
230050150002003,19
230050150002004,19
230050150002005,19
230050150002006,19
230050150002007,19
230050150002008,19
230050150002009,19
230050150002010,19
230050150002011,19
230050150002012,19
230050150002013,19
230050150002014,19
230050150002015,19
230050150002016,19
230050150002017,19
230050150002018,19
230050150002019,19
230050150002020,19
230050150002021,19
230050150002022,19
230050150002023,19
230050150002024,19
230050150002025,19
230050150002026,19
230050150002027,19
230050150002028,19
230050150002029,19
230050150002030,19
230050150003000,19
230050150003001,19
230050150003002,19
230050150003003,19
230050150003004,19
230050150003005,19
230050150003006,19
230050150003007,19
230050150003008,19
230050150003009,19
230050150003010,19
230050150003011,19
230050150003012,19
230050150003013,19
230050150003014,19
230050150003015,19
230050150003016,19
230050150003017,19
230050160011000,19
230050160011001,19
230050160011002,19
230050160011003,19
230050160011004,19
230050160011005,19
230050160011006,19
230050160011007,19
230050160011008,19
230050160011009,19
230050160011010,19
230050160011011,19
230050160011012,19
230050160011013,19
230050160011014,19
230050160011015,19
230050160011016,19
230050160011017,19
230050160011018,19
230050160011019,19
230050160011020,19
230050160011021,19
230050160011022,19
230050160011023,19
230050160011024,19
230050160011025,19
230050160011026,19
230050160011027,19
230050160011028,19
230050160011029,19
230050160011030,19
230050160011031,19
230050160011032,19
230050160011033,19
230050160011034,19
230050160011035,19
230050160011036,19
230050160011037,19
230050160011038,19
230050160011039,19
230050160011040,19
230050160011041,19
230050160011042,19
230050160011043,19
230050160012000,19
230050160012001,19
230050160012002,19
230050160012003,19
230050160012004,19
230050160012005,19
230050160012006,19
230050160012007,19
230050160012008,19
230050160012009,19
230050160012010,19
230050160012011,19
230050160012012,19
230050160012013,19
230050160012014,19
230050160012015,19
230050160012016,19
230050160012017,19
230050160012018,19
230050160012019,19
230050160012020,19
230050160012021,19
230050160012022,19
230050160012023,19
230050160012024,19
230050160012025,19
230050160012026,19
230050160012027,19
230050160012028,19
230050160012029,19
230050160012030,19
230050160012031,19
230050160012032,19
230050160012033,19
230050160012034,19
230050160012035,19
230050160012036,19
230050160012037,19
230050160012038,19
230050160012039,19
230050160012040,19
230050160012041,19
230050160012042,19
230050160012043,19
230050160013000,19
230050160013001,19
230050160013002,19
230050160013003,19
230050160013004,19
230050160013005,19
230050160013006,19
230050160013007,19
230050160013008,19
230050160013009,19
230050160013010,19
230050160013011,19
230050160013012,19
230050160013013,19
230050160013014,19
230050160013015,19
230050160013016,19
230050160013017,19
230050160013018,19
230050160013019,19
230050160013020,19
230050160013021,19
230050160013022,19
230050160013023,19
230050160013024,19
230050160013025,19
230050160013026,19
230050160013027,19
230050160014000,19
230050160014001,19
230050160014002,19
230050160014003,19
230050160014004,19
230050160014005,19
230050160014006,19
230050160014007,19
230050160014008,19
230050160014009,19
230050160014010,19
230050160014011,19
230050160021000,19
230050160021001,19
230050160021002,19
230050160021003,19
230050160021004,19
230050160021005,19
230050160021006,19
230050160021007,19
230050160021008,19
230050160021009,19
230050160021010,19
230050160021011,19
230050160021012,19
230050160021013,19
230050160021014,19
230050160021015,19
230050160021016,19
230050160021017,19
230050160021018,19
230050160021019,19
230050160021020,19
230050160021021,19
230050160021022,19
230050160021023,19
230050160021024,19
230050160021025,19
230050160021026,19
230050160021027,19
230050160021028,19
230050160021029,19
230050160021030,19
230050160021031,19
230050160021032,19
230050160021033,19
230050160021034,19
230050160021035,19
230050160021036,19
230050160021037,19
230050160021038,19
230050160021039,19
230050160021040,19
230050160021041,19
230050160021042,19
230050160021043,19
230050160022000,19
230050160022001,19
230050160022002,19
230050160022003,19
230050160022004,19
230050160022005,19
230050160022006,19
230050160022007,19
230050160022008,19
230050160022009,19
230050160022010,19
230050160022011,19
230050160022012,19
230050160022013,19
230050160022014,19
230050160022015,19
230050160022016,19
230050160022017,19
230050160022018,19
230050160022019,19
230050160022020,19
230050160022021,19
230050160022022,19
230050160022023,19
230050160022024,19
230050160023000,19
230050160023001,19
230050160023002,19
230050160023003,19
230050160023004,19
230050160023005,19
230050160023006,19
230050160023007,19
230050160023008,19
230050160023009,19
230050160023010,19
230050160023011,19
230050160023012,19
230050160023013,19
230050160023014,19
230050160023015,19
230050160023016,19
230050160023017,19
230050160023018,19
230050160023019,19
230050160023020,19
230050160023021,19
230050160023022,19
230050160023023,19
230050160023024,19
230050160023025,19
230050160023026,19
230050160023027,19
230050165001000,19
230050165001001,19
230050165001002,19
230050165001003,19
230050165001004,19
230050165001005,19
230050165001006,19
230050165001007,19
230050165001008,19
230050165001009,19
230050165001010,19
230050165001011,19
230050165001012,19
230050165001013,19
230050165001014,19
230050165001015,19
230050165001016,19
230050165001017,19
230050165001018,19
230050165001019,19
230050165001020,19
230050165001021,19
230050165001022,19
230050165001023,19
230050165001024,19
230050165001025,19
230050165001026,19
230050165001027,19
230050165002000,19
230050165002001,19
230050165002002,19
230050165002003,19
230050165002004,19
230050165002005,19
230050165002006,19
230050165002007,19
230050165002008,19
230050165002009,19
230050165002010,19
230050165002011,19
230050165002012,19
230050165002013,19
230050165002014,19
230050165002015,19
230050165002016,19
230050165002017,19
230050165002018,19
230050165002019,19
230050165002020,19
230050165002021,19
230050165002022,19
230050165002023,19
230050165002024,19
230050165002025,19
230050165002026,19
230050165002027,19
230050165002028,19
230050165002029,19
230050165002030,19
230050165002031,19
230050165002032,19
230050165003000,26
230050165003001,26
230050165003002,26
230050165003003,26
230050165003004,26
230050165003005,26
230050165003006,26
230050165003007,26
230050165003008,26
230050165003009,26
230050165003010,26
230050165003011,26
230050165003012,26
230050165003013,26
230050165003014,26
230050165003015,26
230050165003016,26
230050165003017,26
230050165003018,26
230050165003019,26
230050165003020,26
230050165003021,26
230050165003022,26
230050165003023,26
230050165003024,26
230050165003025,26
230050165003026,26
230050165003027,26
230050165003028,26
230050165003029,26
230050165003030,26
230050165003031,26
230050165003032,26
230050165003033,26
230050165003034,26
230050165003035,26
230050165003036,26
230050165003037,26
230050165003038,26
230050165003039,26
230050165003040,26
230050165003041,26
230050165003042,26
230050165003043,26
230050165003044,26
230050165003045,26
230050165003046,26
230050165003047,26
230050165003048,26
230050165003049,26
230050165003050,26
230050165003051,26
230050165003052,26
230050165003053,26
230050165003054,26
230050165003055,26
230050165003056,26
230050165003057,26
230050165003058,26
230050165003059,26
230050165003060,26
230050165003061,26
230050165003062,26
230050165003063,26
230050165003064,26
230050165003065,26
230050165003066,26
230050165003067,26
230050165003068,26
230050165003069,26
230050165003070,26
230050165003071,26
230050165003072,26
230050165003073,26
230050165003074,26
230050165003075,26
230050165003076,26
230050165003077,26
230050165003078,26
230050165003079,26
230050165003080,26
230050165003081,26
230050165003082,26
230050165003083,26
230050170021000,26
230050170021001,26
230050170021003,26
230050170021004,26
230050170021005,26
230050170021006,26
230050170021007,26
230050170021008,26
230050170021009,26
230050170021010,26
230050170021011,26
230050170021012,26
230050170021013,26
230050170021014,26
230050170021015,26
230050170022000,26
230050170022001,26
230050170022002,26
230050170022003,26
230050170022004,26
230050170022005,26
230050170022006,26
230050170022007,26
230050170022008,26
230050170022009,26
230050170022010,26
230050170022011,26
230050170022012,26
230050170022013,26
230050170022014,26
230050170022015,26
230050170022016,26
230050170022017,26
230050170022018,26
230050170022019,26
230050170022020,26
230050170022021,26
230050170022022,26
230050170022023,26
230050170022024,26
230050170022025,26
230050170022026,26
230050170022027,26
230050170022028,26
230050170022029,26
230050170022030,26
230050170022031,26
230050170022032,26
230050170022033,26
230050170022034,26
230050170023000,26
230050170023001,26
230050170023002,26
230050170023003,26
230050170023004,26
230050170023005,26
230050170023006,26
230050170023007,26
230050170023008,26
230050170023009,26
230050170023010,26
230050170023011,26
230050170023012,26
230050170031000,26
230050170031001,26
230050170031002,26
230050170031003,26
230050170031004,26
230050170031005,26
230050170031006,26
230050170031007,26
230050170031008,26
230050170031009,26
230050170031010,26
230050170031011,26
230050170031012,26
230050170031013,26
230050170031014,26
230050170031015,26
230050170031016,26
230050170031017,26
230050170031018,26
230050170031019,26
230050170031020,26
230050170031021,26
230050170031022,26
230050170031023,26
230050170031024,26
230050170032000,26
230050170032001,26
230050170032002,26
230050170032003,26
230050170032004,26
230050170032005,26
230050170032006,26
230050170032007,26
230050170032008,26
230050170032009,26
230050170032010,26
230050170032011,26
230050170032012,26
230050170032013,26
230050170032014,26
230050170032015,26
230050170032016,26
230050170032017,26
230050170032018,26
230050170032019,26
230050170032020,26
230050170032021,26
230050170032022,26
230050170033000,26
230050170033001,26
230050170033002,26
230050170033003,26
230050170033004,26
230050170033005,26
230050170033006,26
230050170033007,26
230050170033008,26
230050170033009,26
230050170033010,26
230050170033011,26
230050170033012,26
230050170033013,26
230050170033014,26
230050170033015,26
230050170033016,26
230050170033017,26
230050170033018,26
230050170033019,26
230050170033020,26
230050170033021,26
230050170033022,26
230050170033023,26
230050170033024,26
230050170033025,26
230050170033026,26
230050170033027,26
230050170033028,26
230050170033029,26
230050170041000,26
230050170041001,26
230050170041002,26
230050170041003,26
230050170041004,26
230050170041005,26
230050170041006,26
230050170041007,26
230050170041008,26
230050170041009,26
230050170041010,26
230050170041011,26
230050170041012,26
230050170041013,26
230050170041014,26
230050170041015,26
230050170041016,26
230050170041017,26
230050170041018,26
230050170041019,26
230050170041020,26
230050170041021,26
230050170041022,26
230050170041023,26
230050170041024,26
230050170041025,26
230050170041026,26
230050170041027,26
230050170041028,26
230050170041029,26
230050170041030,26
230050170042000,26
230050170042001,26
230050170042002,26
230050170042003,26
230050170042004,26
230050170042005,26
230050170042006,26
230050170042007,26
230050170042008,26
230050170042009,26
230050170042010,26
230050170042011,26
230050170042012,26
230050170042013,26
230050170042014,26
230050170042015,26
230050170042016,26
230050170042017,26
230050170042018,26
230050170042019,26
230050170042020,26
230050170042021,26
230050170042022,26
230050170042023,26
230050170042024,26
230050170042025,26
230050170042026,26
230050170042027,26
230050170042028,26
230050170042029,26
230050170042030,26
230050170042031,26
230050170042032,26
230050170042033,26
230050170042034,26
230050170042035,26
230050170042036,26
230050170042037,26
230050170042038,26
230050170042039,26
230050170021002,26
230050170021016,26
230050170021017,26
230050170021018,26
230050170021019,26
230050170021020,26
230050170021021,26
230050170021022,26
230050170021023,26
230050170021024,26
230050170021025,26
230050170021026,26
230050170021027,26
230050170021028,26
230050170021029,26
230050170021030,26
230050170021031,26
230050170021032,26
230050170021033,26
230050170021034,26
230050170021035,26
230050170021036,26
230050170021037,26
230050170021038,26
230050171011000,24
230050171011001,24
230050171011002,24
230050171011003,24
230050171011004,24
230050171011005,24
230050171011006,24
230050171011007,24
230050171011008,24
230050171011009,24
230050171011010,24
230050171011011,24
230050171011012,24
230050171011013,24
230050171011014,24
230050171011015,24
230050171011016,24
230050171012000,24
230050171012001,24
230050171012002,24
230050171012003,24
230050171012004,24
230050171012005,24
230050171012006,24
230050171012007,24
230050171012008,24
230050171012009,24
230050171012010,24
230050171012011,24
230050171012012,24
230050171012013,24
230050171012014,24
230050171012015,24
230050171012016,24
230050171012017,24
230050171012018,24
230050171012019,24
230050171012020,24
230050171012021,24
230050171012022,24
230050171012023,24
230050171021000,24
230050171021001,24
230050171021002,24
230050171021003,24
230050171021004,24
230050171021005,24
230050171021006,24
230050171021007,24
230050171021008,24
230050171021009,24
230050171021010,24
230050171021011,24
230050171021012,24
230050171021013,24
230050171021014,24
230050171021015,24
230050171021016,24
230050171021017,24
230050171021018,24
230050171021019,24
230050171021020,24
230050171021021,24
230050171021022,24
230050171021023,24
230050171021024,24
230050171021025,24
230050171021026,24
230050171022000,24
230050171022001,24
230050171022002,24
230050171022003,24
230050171022004,24
230050171022005,24
230050171022006,24
230050171022007,24
230050171022008,24
230050171022009,24
230050171022010,24
230050171022011,24
230050171022012,24
230050171022013,24
230050171022014,24
230050171022015,24
230050171022016,24
230050171022017,24
230050171022018,24
230050171022019,24
230050171022020,24
230050171022021,24
230050171022022,24
230050171022023,24
230050171022024,24
230050171022025,24
230050171022026,24
230050171022027,24
230050171022028,24
230050171022029,24
230050171023000,24
230050171023001,24
230050171023002,24
230050171023003,24
230050171023004,24
230050171023005,24
230050171023006,24
230050171023007,24
230050171023008,24
230050171023009,24
230050171023010,24
230050171023011,24
230050171023012,24
230050171023013,24
230050171023014,24
230050171023015,24
230050171023016,24
230050171023017,24
230050171023018,24
230050171023019,24
230059900000001,24
230059900000002,24
230059900000003,24
230110101001000,15
230110101001001,15
230110101001002,15
230110101001003,15
230110101001004,15
230110101001005,15
230110101001006,15
230110101001007,15
230110101001008,15
230110101001009,15
230110101001010,15
230110101001011,15
230110101001012,15
230110101001013,15
230110101001014,15
230110101001015,15
230110101001016,15
230110101001017,15
230110101001018,15
230110101001019,15
230110101001020,15
230110101001021,15
230110101001022,15
230110101001023,15
230110101001024,15
230110101001025,15
230110101002000,15
230110101002001,15
230110101002002,15
230110101002003,15
230110101002004,15
230110101002005,15
230110101002006,15
230110101002007,15
230110101002008,15
230110101002009,15
230110101002010,15
230110101002011,15
230110101002012,15
230110101002013,15
230110101002014,15
230110101003000,15
230110101003001,15
230110101003002,15
230110101003003,15
230110101003004,15
230110101003005,15
230110101003006,15
230110101003007,15
230110101003008,15
230110101003009,15
230110101003010,15
230110101003011,15
230110101003012,15
230110101003013,15
230110101003014,15
230110101003015,15
230110101003016,15
230110101003017,15
230110101003018,15
230110101003019,15
230110101003020,15
230110101003021,15
230110101003022,15
230110101003023,15
230110101003024,15
230110101004000,15
230110101004001,15
230110101004002,15
230110101004003,15
230110101004004,15
230110101004005,15
230110101004006,15
230110101004007,15
230110101004008,15
230110101004009,15
230110101004010,15
230110101004011,15
230110101004012,15
230110101004013,15
230110101004014,15
230110101004015,15
230110101004016,15
230110101005000,15
230110101005001,15
230110101005002,15
230110101005003,15
230110101005004,15
230110101005005,15
230110101005006,15
230110101005007,15
230110101005008,15
230110101005009,15
230110101005010,15
230110101005011,15
230110101005012,15
230110101005013,15
230110101005014,15
230110101005015,15
230110101005016,15
230110101005017,15
230110101005018,15
230110102001000,15
230110102001001,15
230110102001002,15
230110102001003,15
230110102001004,15
230110102001005,15
230110102001006,15
230110102001007,15
230110102001008,15
230110102001009,15
230110102001010,15
230110102001011,15
230110102001012,15
230110102001013,15
230110102001014,15
230110102001015,15
230110102001016,15
230110102001017,15
230110102001018,15
230110102001019,15
230110102001020,15
230110102001021,15
230110102001022,15
230110102001023,15
230110102001024,15
230110102001025,15
230110102001026,15
230110102001027,15
230110102001028,15
230110102001029,15
230110102001030,15
230110102002000,15
230110102002001,15
230110102002002,15
230110102002003,15
230110102002004,15
230110102002005,15
230110102002006,15
230110102002007,15
230110102002008,15
230110102002009,15
230110102002010,15
230110102002011,15
230110102002012,15
230110102002013,15
230110102002014,15
230110102002015,15
230110102002016,15
230110102002017,15
230110102002018,15
230110102002019,15
230110102002020,15
230110102002021,15
230110102002022,15
230110102002023,15
230110102002024,15
230110102003000,15
230110102003001,15
230110102003002,15
230110102003003,15
230110102003004,15
230110102003005,15
230110102003006,15
230110102003007,15
230110102003008,15
230110102003009,15
230110102003010,15
230110102003011,15
230110102004000,15
230110102004001,15
230110102004002,15
230110102004003,15
230110102004004,15
230110102004005,15
230110102004006,15
230110102004007,15
230110102004008,15
230110102004009,15
230110102004010,15
230110102004011,15
230110102004012,15
230110102004013,15
230110102004014,15
230110102004015,15
230110102004016,15
230110103001007,15
230110103001009,15
230110103001010,15
230110103001011,15
230110103001016,15
230110103001000,15
230110103001001,15
230110103001002,15
230110103001003,15
230110103001004,15
230110103001005,15
230110103001006,15
230110103001008,15
230110103001012,15
230110103001013,15
230110103001014,15
230110103001015,15
230110103001017,15
230110103001018,15
230110103001019,15
230110103001020,15
230110103001021,15
230110103002000,15
230110103002001,15
230110103002002,15
230110103002003,15
230110103002004,15
230110103002005,15
230110103002006,15
230110103002007,15
230110103002008,15
230110103002009,15
230110103002010,15
230110103002011,15
230110103002012,15
230110103002013,15
230110103002014,15
230110103003000,15
230110103003001,15
230110103003002,15
230110103003003,15
230110103003004,15
230110103003005,15
230110103003006,15
230110103003007,15
230110103003008,15
230110103003009,15
230110103003010,15
230110103003011,15
230110103003012,15
230110103003013,15
230110103003014,15
230110103003015,15
230110103003016,15
230110103003017,15
230110103003018,15
230110103003019,15
230110103003020,15
230110103003021,15
230110103003022,15
230110103003023,15
230110103003024,15
230110103003025,15
230110103004000,15
230110103004001,15
230110103004002,15
230110103004003,15
230110103004004,15
230110103004005,15
230110103004006,15
230110103004007,15
230110103004008,15
230110103004009,15
230110103004010,15
230110103004011,15
230110103004012,15
230110103004013,15
230110103004014,15
230110103004015,15
230110103004016,15
230110103004017,15
230110103004018,15
230110103004019,15
230110103004020,15
230110103004021,15
230110103004022,15
230110104001006,15
230110104001007,15
230110104001008,15
230110104001009,15
230110104001010,15
230110104001012,15
230110104001018,15
230110104002000,15
230110104002001,15
230110104002002,15
230110104002003,15
230110104002004,15
230110104002005,15
230110104002006,15
230110104002007,15
230110104002008,15
230110104002009,15
230110104002010,15
230110104002011,15
230110104002012,15
230110104002013,15
230110104002014,15
230110104002015,15
230110104002016,15
230110104002017,15
230110104002018,15
230110104002019,15
230110104002020,15
230110104002022,15
230110104002023,15
230110104002024,15
230110104002025,15
230110104002026,15
230110104002027,15
230110104002028,15
230110104002029,15
230110104002030,15
230110104002031,15
230110104002032,15
230110104002033,15
230110104002034,15
230110104002035,15
230110104002036,15
230110104001000,15
230110104001001,15
230110104001002,15
230110104001003,15
230110104001004,15
230110104001005,15
230110104001011,15
230110104001013,15
230110104001014,15
230110104001015,15
230110104001016,15
230110104001017,15
230110104001019,15
230110104001020,15
230110104001021,15
230110104001022,15
230110104001023,15
230110104001024,15
230110104001025,15
230110104001026,15
230110104001027,15
230110104001028,15
230110104002021,15
230110105001000,15
230110105001001,15
230110105001002,15
230110105001003,15
230110105001004,15
230110105001005,15
230110105001006,15
230110105001007,15
230110105001008,15
230110105001009,15
230110105001010,15
230110105001011,15
230110105001012,15
230110105001013,15
230110105001014,15
230110105001015,15
230110105001016,15
230110105001017,15
230110105001018,15
230110105001019,15
230110105001020,15
230110105001021,15
230110105001022,15
230110105001023,15
230110105001024,15
230110105001025,15
230110105002000,15
230110105002001,15
230110105002002,15
230110105002003,15
230110105002004,15
230110105002005,15
230110105002006,15
230110105002007,15
230110105002008,15
230110105002009,15
230110105002010,15
230110105002011,15
230110105002012,15
230110105002013,15
230110105002014,15
230110105002015,15
230110105002016,15
230110105002017,15
230110105002018,15
230110105002019,15
230110105002020,15
230110105002021,15
230110105002022,15
230110105002023,15
230110105002024,15
230110105002025,15
230110105002026,15
230110105002027,15
230110105003000,15
230110105003001,15
230110105003002,15
230110105003003,15
230110105003004,15
230110105003005,15
230110105003006,15
230110105003007,15
230110105003008,15
230110105003009,15
230110105003010,15
230110105003011,15
230110105003012,15
230110105003013,15
230110105003014,15
230110105003015,15
230110105003016,15
230110105003017,15
230110105003018,15
230110105003019,15
230110105003020,15
230110105003021,15
230110105003022,15
230110105003023,15
230110105003024,15
230110105003025,15
230110105003026,15
230110105003027,15
230110105003028,15
230110105003029,15
230110105003030,15
230110105003031,15
230110105003032,15
230110106011000,14
230110106011001,14
230110106011002,14
230110106011003,14
230110106011004,14
230110106011005,14
230110106011006,14
230110106011007,14
230110106011008,14
230110106011009,14
230110106011010,14
230110106011011,14
230110106011012,14
230110106011013,14
230110106011014,14
230110106011015,14
230110106011016,14
230110106011017,14
230110106011018,14
230110106011019,14
230110106011020,14
230110106011021,14
230110106012000,14
230110106012001,14
230110106012002,14
230110106012003,14
230110106012004,14
230110106012005,14
230110106012006,14
230110106012007,14
230110106012008,14
230110106012009,14
230110106012010,14
230110106012011,14
230110106012012,14
230110106012013,14
230110106012014,14
230110106012015,14
230110106012016,14
230110106012017,14
230110106012018,14
230110106012019,14
230110106012020,14
230110106012021,14
230110106012022,14
230110106012023,14
230110106012024,14
230110106012025,14
230110106012026,14
230110106012027,14
230110106012028,14
230110106013000,14
230110106013001,14
230110106013002,14
230110106013003,14
230110106013004,14
230110106013005,14
230110106013006,14
230110106013007,14
230110106013008,14
230110106013009,14
230110106013010,14
230110106013011,14
230110106013012,14
230110106013013,14
230110106013014,14
230110106013015,14
230110106013016,14
230110106013017,14
230110106014000,14
230110106014001,14
230110106014002,14
230110106014003,14
230110106014004,14
230110106014005,14
230110106014006,14
230110106014007,14
230110106014008,14
230110106014009,14
230110106014010,14
230110106014011,14
230110106021000,14
230110106021001,14
230110106021002,14
230110106021003,14
230110106021004,14
230110106021005,14
230110106021006,14
230110106021007,14
230110106021008,14
230110106021009,14
230110106021010,14
230110106021011,14
230110106021012,14
230110106021013,14
230110106021014,14
230110106021015,14
230110106021016,14
230110106021017,14
230110106021018,14
230110106021019,14
230110106021020,14
230110106021021,14
230110106021022,14
230110106021023,14
230110106021024,14
230110106021025,14
230110106021026,14
230110106021027,14
230110106021028,14
230110106021029,14
230110106021030,14
230110106021031,14
230110106021032,14
230110106021033,14
230110106021034,14
230110106022000,14
230110106022001,14
230110106022002,14
230110106022003,14
230110106022004,14
230110106022005,14
230110106022006,14
230110106022007,14
230110106022008,14
230110106022009,14
230110106022010,14
230110106022011,14
230110106022012,14
230110106022013,14
230110106022014,14
230110106022015,14
230110106022016,14
230110106022017,14
230110106022018,14
230110106022019,14
230110106022020,14
230110106022021,14
230110107001000,14
230110107001001,14
230110107001002,14
230110107001003,14
230110107001004,14
230110107001005,14
230110107001006,14
230110107001007,14
230110107001008,14
230110107001009,14
230110107001010,14
230110107001011,14
230110107001012,14
230110107001013,14
230110107001014,14
230110107001015,14
230110107001016,14
230110107001017,14
230110107001018,14
230110107001019,14
230110107001020,14
230110107001021,14
230110107001022,14
230110107001023,14
230110107001024,14
230110107001025,14
230110107002000,14
230110107002001,14
230110107002002,14
230110107002003,14
230110107002004,14
230110107002005,14
230110107002006,14
230110107002007,14
230110107002008,14
230110107002009,14
230110107002010,14
230110107002011,14
230110107002012,14
230110107002013,14
230110107002014,14
230110107002015,14
230110107002016,14
230110107002017,14
230110107002018,14
230110107002019,14
230110107002020,14
230110107002021,14
230110107002022,14
230110107002023,14
230110107002024,14
230110107002025,14
230110107002026,14
230110107002027,14
230110107002028,14
230110107002029,14
230110107003000,14
230110107003001,14
230110107003002,14
230110107003003,14
230110107003004,14
230110107003005,14
230110107003006,14
230110107003007,14
230110107003008,14
230110107003009,14
230110107003010,14
230110107003011,14
230110107003012,14
230110107003013,14
230110107003014,14
230110107003015,14
230110107003016,14
230110107003017,14
230110107003018,14
230110108011000,14
230110108011001,14
230110108011002,14
230110108011003,14
230110108011004,14
230110108011005,14
230110108011006,14
230110108011007,14
230110108011008,14
230110108011009,14
230110108011010,14
230110108011011,14
230110108011012,14
230110108011013,14
230110108011014,14
230110108011015,14
230110108011016,14
230110108011017,14
230110108011018,14
230110108011019,14
230110108011020,14
230110108011021,14
230110108011022,14
230110108011023,14
230110108011024,14
230110108012000,14
230110108012001,14
230110108012002,14
230110108012003,14
230110108012004,14
230110108012005,14
230110108012006,14
230110108012007,14
230110108012008,14
230110108012009,14
230110108012010,14
230110108012011,14
230110108012012,14
230110108012013,14
230110108012014,14
230110108012015,14
230110108012016,14
230110108012017,14
230110108012018,14
230110108012019,14
230110108012020,14
230110108012021,14
230110108012022,14
230110108012023,14
230110108012024,14
230110108012025,14
230110108012026,14
230110108012027,14
230110108012028,14
230110108012029,14
230110108012030,14
230110108012031,14
230110108012032,14
230110108012033,14
230110108012034,14
230110108031000,14
230110108031001,14
230110108031002,14
230110108031003,14
230110108031004,14
230110108031005,14
230110108031006,14
230110108031007,14
230110108031008,14
230110108031009,14
230110108031010,14
230110108031011,14
230110108031012,14
230110108031013,14
230110108031014,14
230110108031015,14
230110108031016,14
230110108031017,14
230110108031018,14
230110108031019,14
230110108031020,14
230110108032000,14
230110108032001,14
230110108032002,14
230110108032003,14
230110108032004,14
230110108032005,14
230110108032006,14
230110108032007,14
230110108032008,14
230110108032009,14
230110108032010,14
230110108032011,14
230110108032012,14
230110108032013,14
230110108032014,14
230110108032015,14
230110108032016,14
230110108032017,14
230110108032018,14
230110108032019,14
230110108032020,14
230110108032021,14
230110108032022,14
230110108032023,14
230110108032024,14
230110108032025,14
230110108032026,14
230110108032027,14
230110108032028,14
230110108032029,14
230110108032030,14
230110108033000,14
230110108033001,14
230110108033002,14
230110108033003,14
230110108033004,14
230110108033005,14
230110108033006,14
230110108033007,14
230110108033008,14
230110108033009,14
230110108033010,14
230110108033011,14
230110108033012,14
230110108033013,14
230110108033014,14
230110108033015,14
230110108033016,14
230110108033017,14
230110108033018,14
230110108033019,14
230110108033020,14
230110108033021,14
230110108041000,14
230110108041001,14
230110108041002,14
230110108041003,14
230110108041004,14
230110108041005,14
230110108041006,14
230110108041007,14
230110108041008,14
230110108041009,14
230110108041010,14
230110108041011,14
230110108041012,14
230110108041013,14
230110108041014,14
230110108041015,14
230110108041016,14
230110108041017,14
230110108041018,14
230110108041019,14
230110108041020,14
230110108041021,14
230110108041022,14
230110108041023,14
230110108042000,14
230110108042001,14
230110108042002,14
230110108042003,14
230110108042004,14
230110108042005,14
230110108042006,14
230110108042007,14
230110108042008,14
230110108042009,14
230110108042010,14
230110108042011,14
230110108042012,14
230110108042013,14
230110108042014,14
230110108042015,14
230110108042016,14
230110108042017,14
230110108042018,14
230110108042019,14
230110108042020,14
230110108042021,14
230110108042022,14
230110108042023,14
230110108042024,14
230110108042025,14
230110108042026,14
230110108042027,14
230110108042028,14
230110108042029,14
230110108042030,14
230110108042031,14
230110108042032,14
230110108042033,14
230110108042034,14
230110108042035,14
230110108042036,14
230110108042037,14
230110108042038,14
230110108042039,14
230110108042040,14
230110108042041,14
230110108042042,14
230110108042043,14
230110108042044,14
230110108042045,14
230110108042046,14
230110108042047,14
230110108042048,14
230110108042049,14
230110108042050,14
230110108042051,14
230110108042052,14
230110108042053,14
230110108042054,14
230110108042055,14
230110108042056,14
230110108042057,14
230110108042058,14
230110108042059,14
230110108042060,14
230110108042061,14
230110108042062,14
230110108042063,14
230110108042064,14
230110109001000,14
230110109001001,14
230110109001002,14
230110109001003,14
230110109001004,14
230110109001005,14
230110109001006,14
230110109001007,14
230110109001008,14
230110109001009,14
230110109001010,14
230110109001011,14
230110109001012,14
230110109001013,14
230110109001014,14
230110109001015,14
230110109001016,14
230110109002000,14
230110109002001,14
230110109002002,14
230110109002003,14
230110109002004,14
230110109002005,14
230110109002006,14
230110109002007,14
230110109002008,14
230110109002009,14
230110109002010,14
230110109002011,14
230110109002012,14
230110109002013,14
230110110001000,14
230110110001001,14
230110110001002,14
230110110001003,14
230110110001004,14
230110110001005,14
230110110001006,14
230110110001007,14
230110110001008,14
230110110001009,14
230110110001010,14
230110110001011,14
230110110001012,14
230110110001013,14
230110110001014,14
230110110001015,14
230110110001016,14
230110110002000,14
230110110002001,14
230110110002002,14
230110110002003,14
230110110002004,14
230110110002005,14
230110110002006,14
230110110002007,14
230110110002008,14
230110110002009,14
230110110002010,14
230110110002011,14
230110110002012,14
230110110002013,14
230110110002014,14
230110110002015,14
230110110002016,14
230110110002017,14
230110110002018,14
230110110002019,14
230110110002020,14
230110110002021,14
230110110002022,14
230110110003000,14
230110110003001,14
230110110003002,14
230110110003003,14
230110110003004,14
230110110003005,14
230110110003006,14
230110110003007,14
230110110003008,14
230110110003009,14
230110110003010,14
230110110003011,14
230110110003012,14
230110110003013,14
230110110003014,14
230110110004000,14
230110110004001,14
230110110004002,14
230110110004003,14
230110110004004,14
230110110004005,14
230110110004006,14
230110110004007,14
230110110004008,14
230110110004009,14
230110110004010,14
230110110004011,14
230110110004012,14
230110110004013,14
230110110004014,14
230110110004015,14
230110110004016,14
230110110004017,14
230110110004018,14
230110110004019,14
230110110005000,14
230110110005001,14
230110110005002,14
230110110005003,14
230110110005004,14
230110110005005,14
230110110005006,14
230110110005007,14
230110110005008,14
230110110005009,14
230110110005010,14
230110110005011,14
230110110005012,14
230110110005013,14
230110110005014,14
230110110005015,14
230110110005016,14
230110110005017,14
230110110005018,14
230110110005019,14
230110110005020,14
230110110005021,14
230110120001000,22
230110120001001,22
230110120001002,22
230110120001003,22
230110120001004,22
230110120001005,22
230110120001006,22
230110120001007,22
230110120001008,22
230110120001009,22
230110120001010,22
230110120001011,22
230110120001012,22
230110120001013,22
230110120001014,22
230110120001015,22
230110120001016,22
230110120001017,22
230110120001018,22
230110120001019,22
230110120001020,22
230110120001021,22
230110120001022,22
230110120001023,22
230110120001024,22
230110120001025,22
230110120001026,22
230110120001027,22
230110120001028,22
230110120001029,22
230110120002000,22
230110120002001,22
230110120002002,22
230110120002003,22
230110120002004,22
230110120002005,22
230110120002006,22
230110120002007,22
230110120002008,22
230110120002009,22
230110120002010,22
230110120002011,22
230110120002012,22
230110120002013,22
230110120002014,22
230110120002015,22
230110120002016,22
230110120002017,22
230110120002018,22
230110120002019,22
230110120002020,22
230110120002021,22
230110120002022,22
230110120002023,22
230110120002024,22
230110120002025,22
230110120002026,22
230110120002027,22
230110120002028,22
230110120002029,22
230110120002030,22
230110120002031,22
230110120003000,22
230110120003001,22
230110120003002,22
230110120003003,22
230110120003004,22
230110120003005,22
230110120003006,22
230110120003007,22
230110120003008,22
230110120003009,22
230110120003010,22
230110120003011,22
230110120003012,22
230110120003013,22
230110120003014,22
230110120003015,22
230110120003016,22
230110120003017,22
230110120003018,22
230110120003019,22
230110120003020,22
230110120003021,22
230110120003022,22
230110120003023,22
230110120003024,22
230110120003025,22
230110120003026,22
230110120003027,22
230110120003028,22
230110120003029,22
230110120003030,22
230110120003031,22
230110120003032,22
230110120003033,22
230110120003034,22
230110120003035,22
230110120003036,22
230110120003037,22
230110120003038,22
230110120003039,22
230110120003040,22
230110130001000,14
230110130001001,14
230110130001002,14
230110130001003,14
230110130001004,14
230110130001005,14
230110130001006,14
230110130001007,14
230110130001008,14
230110130001009,14
230110130001010,14
230110130001011,14
230110130001012,14
230110130001013,14
230110130001014,14
230110130001015,14
230110130001016,14
230110130001017,14
230110130001018,14
230110130001019,14
230110130001020,14
230110130001021,14
230110130001022,14
230110130001023,14
230110130001024,14
230110130001025,14
230110130001026,14
230110130001027,14
230110130001028,14
230110130001029,14
230110130001030,14
230110130001031,14
230110130001032,14
230110130001033,14
230110130001034,14
230110130001035,14
230110130001036,14
230110130001037,14
230110130002000,14
230110130002001,14
230110130002002,14
230110130002003,14
230110130002004,14
230110130002005,14
230110130002006,14
230110130002007,14
230110130002008,14
230110130002009,14
230110130002010,14
230110130002011,14
230110130002012,14
230110130002013,14
230110130002014,14
230110130002015,14
230110130002016,14
230110130002017,14
230110130002018,14
230110130002019,14
230110130002020,14
230110130002021,14
230110130002022,14
230110130002023,14
230110130002024,14
230110130002025,14
230110130002026,14
230110130002027,14
230110130002028,14
230110130002029,14
230110130002030,14
230110130002031,14
230110130002032,14
230110130002033,14
230110130002034,14
230110130002035,14
230110130002036,14
230110130002037,14
230110130002038,14
230110130002039,14
230110130002040,14
230110130002041,14
230110130002042,14
230110130002043,14
230110130002044,14
230110130002045,14
230110130002046,14
230110130002047,14
230110130002048,14
230110130002049,14
230110130002050,14
230110130002051,14
230110130002052,14
230110130003000,14
230110130003001,14
230110130003002,14
230110130003003,14
230110130003004,14
230110130003005,14
230110130003006,14
230110130003007,14
230110130003008,14
230110130003009,14
230110130003010,14
230110130003011,14
230110130003012,14
230110130003013,14
230110130003014,14
230110130003015,14
230110130003016,14
230110130003017,14
230110130003018,14
230110130003019,14
230110130003020,14
230110130003021,14
230110130003022,14
230110130003023,14
230110130003024,14
230110130003025,14
230110130003026,14
230110130003027,14
230110130003028,14
230110130003029,14
230110140011000,14
230110140011001,14
230110140011002,14
230110140011003,14
230110140011004,14
230110140011005,14
230110140011006,14
230110140011007,14
230110140011008,14
230110140011009,14
230110140011010,14
230110140011011,14
230110140011012,14
230110140011013,14
230110140011014,14
230110140011015,14
230110140011016,14
230110140011017,14
230110140011018,14
230110140011019,14
230110140011020,14
230110140011021,14
230110140011022,14
230110140011023,14
230110140011024,14
230110140011025,14
230110140011026,14
230110140011027,14
230110140011028,14
230110140011029,14
230110140011030,14
230110140011031,14
230110140011032,14
230110140011033,14
230110140011034,14
230110140012000,14
230110140012001,14
230110140012002,14
230110140012003,14
230110140012004,14
230110140012005,14
230110140012006,14
230110140012007,14
230110140012008,14
230110140012009,14
230110140012010,14
230110140012011,14
230110140012012,14
230110140012013,14
230110140012014,14
230110140012015,14
230110140012016,14
230110140012017,14
230110140012018,14
230110140013000,14
230110140013001,14
230110140013002,14
230110140013003,14
230110140013004,14
230110140013005,14
230110140013006,14
230110140013007,14
230110140013008,14
230110140013009,14
230110140013010,14
230110140013011,14
230110140013012,14
230110140013013,14
230110140013014,14
230110140013015,14
230110140013016,14
230110140013017,14
230110140013018,14
230110140013019,14
230110140013020,14
230110140021000,14
230110140021001,14
230110140021002,14
230110140021003,14
230110140021004,14
230110140021005,14
230110140021006,14
230110140021007,14
230110140021008,14
230110140021009,14
230110140021010,14
230110140021011,14
230110140021012,14
230110140021013,14
230110140021014,14
230110140021015,14
230110140021016,14
230110140021017,14
230110140021018,14
230110140022000,14
230110140022001,14
230110140022002,14
230110140022003,14
230110140022004,14
230110140022005,14
230110140022006,14
230110140022007,14
230110140022008,14
230110140022009,14
230110140022010,14
230110140022011,14
230110140022012,14
230110140022013,14
230110140022014,14
230110140022015,14
230110140022016,14
230110140022017,14
230110140022018,14
230110140022019,14
230110140022020,14
230110140022021,14
230110140023000,14
230110140023001,14
230110140023002,14
230110140023003,14
230110140023004,14
230110140023005,14
230110140023006,14
230110140023007,14
230110140023008,14
230110140023009,14
230110140023010,14
230110140023011,14
230110140023012,14
230110140023013,14
230110140023014,14
230110140023015,14
230110140023016,14
230110140023017,14
230110140023018,14
230110140023019,14
230110145001000,17
230110145001001,17
230110145001002,17
230110145001003,17
230110145001004,17
230110145001005,17
230110145001006,17
230110145001007,17
230110145001008,17
230110145001009,17
230110145001010,17
230110145001011,17
230110145001012,17
230110145001013,17
230110145001014,17
230110145001015,17
230110145001016,17
230110145001017,17
230110145001018,17
230110145001019,17
230110145001020,17
230110145001021,17
230110145001022,17
230110145001023,17
230110145001024,17
230110145001025,17
230110145001026,17
230110145001027,17
230110145001028,17
230110145001029,17
230110145001030,17
230110145001031,17
230110145001032,17
230110145001033,17
230110145001034,17
230110145001035,17
230110145001036,17
230110145001037,17
230110145001038,17
230110145001039,17
230110145001040,17
230110145002000,22
230110145002001,22
230110145002002,22
230110145002003,22
230110145002004,22
230110145002005,22
230110145002006,22
230110145002007,22
230110145002008,22
230110145002009,22
230110145002010,22
230110145002011,22
230110145002012,22
230110145002013,22
230110145002014,22
230110145002015,22
230110145002016,22
230110145002017,22
230110145002018,22
230110145002019,22
230110145002020,22
230110145002021,22
230110145002022,22
230110145002023,22
230110145002024,22
230110145002025,22
230110145002026,22
230110145002027,22
230110145002028,22
230110145002029,22
230110145002030,22
230110145002031,22
230110145002032,22
230110145002033,22
230110145002034,22
230110145002035,22
230110145002036,22
230110145002037,22
230110145002038,22
230110145002039,22
230110145002040,22
230110145002041,22
230110145002042,22
230110145002043,22
230110145002044,22
230110145002045,22
230110145002046,22
230110145002047,22
230110145002048,22
230110145002049,22
230110145002050,22
230110150001000,14
230110150001001,14
230110150001002,14
230110150001003,14
230110150001004,14
230110150001005,14
230110150001006,14
230110150001007,14
230110150001008,14
230110150001009,14
230110150001010,14
230110150001011,14
230110150001012,14
230110150001013,14
230110150001014,14
230110150001015,14
230110150001016,14
230110150001017,14
230110150001018,14
230110150001019,14
230110150001020,14
230110150001021,14
230110150001022,14
230110150001023,14
230110150001024,14
230110150002000,14
230110150002001,14
230110150002002,14
230110150002003,14
230110150002004,14
230110150002005,14
230110150002006,14
230110150002007,14
230110150002008,14
230110150002009,14
230110150002010,14
230110150002011,14
230110150002012,14
230110150002013,14
230110150002014,14
230110150002015,14
230110150002016,14
230110150002017,14
230110150002018,14
230110150002019,14
230110150002020,14
230110150002021,14
230110150002022,14
230110150002023,14
230110150002024,14
230110150002025,14
230110150002026,14
230110150002027,14
230110150002028,14
230110150002029,14
230110150002030,14
230110150002031,14
230110150002032,14
230110150002033,14
230110155001000,3
230110155001001,3
230110155001002,3
230110155001003,3
230110155001004,3
230110155001005,3
230110155001006,3
230110155001007,3
230110155001008,3
230110155001009,3
230110155001010,3
230110155001011,3
230110155001012,3
230110155001013,3
230110155001014,3
230110155001015,3
230110155001016,3
230110155001017,3
230110155001018,3
230110155001019,3
230110155001020,3
230110155001021,3
230110155001022,3
230110155001023,3
230110155001024,3
230110155001025,3
230110155001026,3
230110155001027,3
230110155001028,3
230110155001029,3
230110155001030,3
230110155001031,3
230110155001032,3
230110155001033,3
230110155001034,3
230110155001035,3
230110155001036,3
230110155002000,17
230110155002001,17
230110155002002,17
230110155002003,17
230110155002004,17
230110155002005,17
230110155002006,17
230110155002007,17
230110155002008,17
230110155002009,17
230110155002010,17
230110155002011,17
230110155002012,17
230110155002013,17
230110155002014,17
230110155002015,17
230110155002016,17
230110155002017,17
230110155002018,17
230110155002019,17
230110155002020,17
230110155002021,17
230110155002022,17
230110155002023,17
230110155002024,17
230110155002025,17
230110155002026,17
230110155002027,17
230110155002028,17
230110155002029,17
230110155002030,17
230110155002031,17
230110155003000,17
230110155003001,17
230110155003002,17
230110155003003,17
230110155003004,17
230110155003005,17
230110155003006,17
230110155003007,17
230110155003008,17
230110155003009,17
230110155003010,17
230110155003011,17
230110155003012,17
230110155003013,17
230110155003014,17
230110155003015,17
230110155003016,17
230110155003017,17
230110155003018,17
230110155003019,17
230110155003020,17
230110155003021,17
230110155003022,17
230110155003023,17
230110155003024,17
230110155003025,17
230110155003026,17
230110155003027,17
230110155003028,17
230110155003029,17
230110155003030,17
230110155003031,17
230110155004000,17
230110155004001,17
230110155004002,17
230110155004003,17
230110155004004,17
230110155004005,17
230110155004006,17
230110155004007,17
230110155004008,17
230110155004009,17
230110155004010,17
230110155004011,17
230110155004012,17
230110155004013,17
230110155004014,17
230110155004015,17
230110155004016,17
230110155004017,17
230110155004018,17
230110155004019,17
230110155004020,17
230110155004021,17
230110155004022,17
230110155004023,17
230110155004024,17
230110155004025,17
230110155004026,17
230110155004027,17
230110155004028,17
230110155004029,17
230110155004030,17
230110155004031,17
230110155004032,17
230110160001000,17
230110160001001,17
230110160001002,17
230110160001003,17
230110160001004,17
230110160001005,17
230110160001006,17
230110160001007,17
230110160001008,17
230110160001009,17
230110160001010,17
230110160001011,17
230110160001012,17
230110160001013,17
230110160001014,17
230110160001015,17
230110160001016,17
230110160001017,17
230110160001018,17
230110160001019,17
230110160001020,17
230110160001021,17
230110160001022,17
230110160002000,17
230110160002001,17
230110160002002,17
230110160002003,17
230110160002004,17
230110160002005,17
230110160002006,17
230110160002007,17
230110160002008,17
230110160002009,17
230110160002010,17
230110160002011,17
230110160002012,17
230110160002013,17
230110160002014,17
230110160002015,17
230110160002016,17
230110160002017,17
230110160002018,17
230110160002019,17
230110160002020,17
230110160002021,17
230110160002022,17
230110160002023,17
230110160002024,17
230110160002025,17
230110160002026,17
230110160002027,17
230110160002028,17
230110160002029,17
230110160002030,17
230110160002031,17
230110160002032,17
230110160002033,17
230110160003000,17
230110160003001,17
230110160003002,17
230110160003003,17
230110160003004,17
230110160003005,17
230110160003006,17
230110160003007,17
230110160003008,17
230110160003009,17
230110160003010,17
230110160003011,17
230110160003012,17
230110160003013,17
230110160003014,17
230110160003015,17
230110160003016,17
230110160003017,17
230110160003018,17
230110160003019,17
230110160003020,17
230110160003021,17
230110160003022,17
230110160003023,17
230110160003024,17
230110160003025,17
230110160003026,17
230110160003027,17
230110160003028,17
230110160003029,17
230110160003030,17
230110160003031,17
230110160003032,17
230110160003033,17
230110160003034,17
230110160003035,17
230110160003036,17
230110170001000,15
230110170001001,15
230110170001002,15
230110170001003,15
230110170001004,15
230110170001005,15
230110170001006,15
230110170001007,15
230110170001008,15
230110170001009,15
230110170001010,15
230110170001011,15
230110170001012,15
230110170001013,15
230110170001014,15
230110170001015,15
230110170001016,15
230110170001017,15
230110170001018,15
230110170001019,15
230110170001020,15
230110170001021,15
230110170002000,15
230110170002001,15
230110170002002,15
230110170002003,15
230110170002004,15
230110170002005,15
230110170002006,15
230110170002007,15
230110170002008,15
230110170002009,15
230110170002010,15
230110170002011,15
230110170002012,15
230110170002013,15
230110170002014,15
230110170002015,15
230110170002016,15
230110170002017,15
230110170002018,15
230110170002019,15
230110170002020,15
230110170002021,15
230110170002022,15
230110170002023,15
230110170002024,15
230110170002025,15
230110170002026,15
230110170002027,15
230110170002028,15
230110170002029,15
230110170002030,15
230110170002031,15
230110170002032,15
230110170002033,15
230110170002034,15
230110170002035,15
230110170002036,15
230110170002037,15
230110170002038,15
230110170002039,15
230110180001000,15
230110180001001,15
230110180001002,15
230110180001003,15
230110180001004,15
230110180001005,15
230110180001006,15
230110180001007,15
230110180001008,15
230110180001009,15
230110180001010,15
230110180001011,15
230110180001012,15
230110180002000,15
230110180002001,15
230110180002002,15
230110180002003,15
230110180002004,15
230110180002005,15
230110180002006,15
230110180002007,15
230110180002008,15
230110180002009,15
230110180002010,15
230110180002011,15
230110180002012,15
230110180002013,15
230110180002014,15
230110180002015,15
230110180002016,15
230110180002017,15
230110180002018,15
230110180002019,15
230110180002020,15
230110180002021,15
230110180002022,15
230110180002023,15
230110180002024,15
230110180002025,15
230110180002026,15
230110180002027,15
230110180002028,15
230110180002029,15
230110180002030,15
230110180002031,15
230110180002032,15
230110180002033,15
230110180002034,15
230110180002035,15
230110180002036,15
230110180002037,15
230110180002038,15
230110180002039,15
230110180003000,15
230110180003001,15
230110180003002,15
230110180003003,15
230110180003004,15
230110180003005,15
230110180003006,15
230110180003007,15
230110180003008,15
230110180003009,15
230110180003010,15
230110180003011,15
230110180003012,15
230110180003013,15
230110180004000,15
230110180004001,15
230110180004002,15
230110180004003,15
230110180004004,15
230110180004005,15
230110180004006,15
230110180004007,15
230110180004008,15
230110180004009,15
230110180004010,15
230110180004011,15
230110180004012,15
230110180004013,15
230110180004014,15
230110180004015,15
230110180004016,15
230110180004017,15
230110180004018,15
230110190001000,13
230110190001001,13
230110190001002,13
230110190001003,13
230110190001004,13
230110190001005,13
230110190001006,13
230110190001007,13
230110190001008,13
230110190001009,13
230110190001010,13
230110190001011,13
230110190001012,13
230110190001013,13
230110190001014,13
230110190001015,13
230110190001016,13
230110190001017,13
230110190001018,13
230110190001019,13
230110190001020,13
230110190001021,13
230110190001022,13
230110190001023,13
230110190001024,13
230110190002000,13
230110190002001,13
230110190002002,13
230110190002003,13
230110190002004,13
230110190002005,13
230110190002006,13
230110190002007,13
230110190002008,13
230110190002009,13
230110190002010,13
230110190002011,13
230110190002012,13
230110190002013,13
230110190002014,13
230110190002015,13
230110190002016,13
230110190002017,13
230110190002018,13
230110190002019,13
230110190002020,13
230110190002021,13
230110190002022,13
230110190002023,13
230110190002024,13
230110190002025,13
230110190002026,13
230110190002027,13
230110190002028,13
230110190002029,13
230110190002030,13
230110190002031,13
230110190002032,13
230110190002033,13
230110190002034,13
230110190002035,13
230110190002036,13
230110190002037,13
230110190002038,13
230110190002039,13
230110190002040,13
230110190002041,13
230110190002042,13
230110190002043,13
230110190002044,13
230110190002045,13
230110190002046,13
230110190002047,13
230110190002048,13
230110190002049,13
230110190002050,13
230110190002051,13
230110190002052,13
230110190002053,13
230110190002054,13
230110190002055,13
230110190002056,13
230110190002057,13
230110190002058,13
230110190002059,13
230110190002060,13
230110190002061,13
230110190002062,13
230110200001000,15
230110200001001,15
230110200001002,15
230110200001003,15
230110200001004,15
230110200001005,15
230110200001006,15
230110200001007,15
230110200001008,15
230110200001009,15
230110200001010,15
230110200001011,15
230110200001012,15
230110200001013,15
230110200001014,15
230110200001015,15
230110200001016,15
230110200001017,15
230110200001018,15
230110200001019,15
230110200001020,15
230110200001021,15
230110200001022,15
230110200001023,15
230110200001024,15
230110200001025,15
230110200001026,15
230110200001027,15
230110200002000,15
230110200002001,15
230110200002002,15
230110200002003,15
230110200002004,15
230110200002005,15
230110200002006,15
230110200002007,15
230110200002008,15
230110200002009,15
230110200002010,15
230110200002011,15
230110200002012,15
230110200002013,15
230110200002014,15
230110200002015,15
230110200002016,15
230110200002017,15
230110200002018,15
230110200002019,15
230110200002020,15
230110200002021,15
230110200002022,15
230110200002023,15
230110200002024,15
230110200002025,15
230110200002026,15
230110200002027,15
230110200002028,15
230110200003000,15
230110200003001,15
230110200003002,15
230110200003003,15
230110200003004,15
230110200003005,15
230110200003006,15
230110200003007,15
230110200003008,15
230110200003009,15
230110200003010,15
230110200003011,15
230110200003012,15
230110200003013,15
230110200003014,15
230110200003015,15
230110200003016,15
230110200003017,15
230110200003018,15
230110200003019,15
230110200003020,15
230110200003021,15
230110200003022,15
230110200003023,15
230110200003024,15
230110200003025,15
230110200003026,15
230110200003027,15
230110200003028,15
230110200003029,15
230110200003030,15
230110200003031,15
230110200003032,15
230110205001000,16
230110205001001,16
230110205001002,16
230110205001003,16
230110205001004,16
230110205001005,16
230110205001006,16
230110205001007,16
230110205001008,16
230110205001009,16
230110205001010,16
230110205001011,16
230110205001012,16
230110205001013,16
230110205001014,16
230110205001015,16
230110205001016,16
230110205001017,16
230110205001018,16
230110205001019,16
230110205001020,16
230110205001021,16
230110205001022,16
230110205001023,16
230110205001024,16
230110205001025,16
230110205001026,16
230110205001027,16
230110205001028,16
230110205002000,16
230110205002001,16
230110205002002,16
230110205002003,16
230110205002004,16
230110205002005,16
230110205002006,16
230110205002007,16
230110205002008,16
230110205002009,16
230110205002010,16
230110205002011,16
230110205002012,16
230110205002013,16
230110205002014,16
230110205002015,16
230110205002016,16
230110205002017,16
230110205002018,16
230110205002019,16
230110205002020,16
230110205002021,16
230110205002022,16
230110205002023,16
230110205002024,16
230110205002025,16
230110205002026,16
230110205002027,16
230110205002028,16
230110205002029,16
230110210001000,16
230110210001001,16
230110210001002,16
230110210001003,16
230110210001004,16
230110210001005,16
230110210001006,16
230110210001007,16
230110210001008,16
230110210001009,16
230110210001010,16
230110210001011,16
230110210001012,16
230110210001013,16
230110210001014,16
230110210001015,16
230110210001016,16
230110210001017,16
230110210001018,16
230110210001019,16
230110210001020,16
230110210001021,16
230110210001022,16
230110210001023,16
230110210001024,16
230110210001025,16
230110210001026,16
230110210001027,16
230110210001028,16
230110210001029,16
230110210001030,16
230110210001031,16
230110210001032,16
230110210001033,16
230110210001034,16
230110210001035,16
230110210001036,16
230110210001037,16
230110210001038,16
230110210001039,16
230110210001040,16
230110210002000,16
230110210002001,16
230110210002002,16
230110210002003,16
230110210002004,16
230110210002005,16
230110210002006,16
230110210002007,16
230110210002008,16
230110210002009,16
230110210002010,16
230110210002011,16
230110210002012,16
230110210002013,16
230110210002014,16
230110210002015,16
230110210002016,16
230110210002017,16
230110210002018,16
230110210002019,16
230110210002020,16
230110210002021,16
230110210002022,16
230110210002023,16
230110210002024,16
230110210002025,16
230110210002026,16
230110210002027,16
230110210002028,16
230110210002029,16
230110210002030,16
230110210002031,16
230110210002032,16
230110210002033,16
230110210002034,16
230110210002035,16
230110210002036,16
230110210002037,16
230110210002038,16
230110210002039,16
230110210002040,16
230110210002041,16
230110210002042,16
230110210002043,16
230110210002044,16
230110210002045,16
230110210002046,16
230110210002047,16
230110210002048,16
230110210002049,16
230110210002050,16
230110210002051,16
230110220001000,16
230110220001001,16
230110220001002,16
230110220001003,16
230110220001004,16
230110220001005,16
230110220001006,16
230110220001007,16
230110220001008,16
230110220001009,16
230110220001010,16
230110220001011,16
230110220001012,16
230110220001013,16
230110220001014,16
230110220001015,16
230110220001016,16
230110220001017,16
230110220001018,16
230110220001019,16
230110220001020,16
230110220001021,16
230110220001022,16
230110220001023,16
230110220001024,16
230110220001025,16
230110220001026,16
230110220001027,16
230110220001028,16
230110220001029,16
230110220001030,16
230110220001031,16
230110220001032,16
230110220001033,16
230110220001034,16
230110220001035,16
230110220001036,16
230110220001037,16
230110220001038,16
230110220001039,16
230110220001040,16
230110220001041,16
230110220001042,16
230110220001043,16
230110220002000,16
230110220002001,16
230110220002002,16
230110220002003,16
230110220002004,16
230110220002005,16
230110220002006,16
230110220002007,16
230110220002008,16
230110220002009,16
230110220002010,16
230110220002011,16
230110220002012,16
230110220002013,16
230110220002014,16
230110220002015,16
230110220002016,16
230110220002017,16
230110220002018,16
230110220002019,16
230110220002020,16
230110220002021,16
230110220002022,16
230110220002023,16
230110220003000,16
230110220003001,16
230110220003002,16
230110220003003,16
230110220003004,16
230110220003005,16
230110220003006,16
230110220003007,16
230110220003008,16
230110220003009,16
230110220003010,16
230110220003011,16
230110220003012,16
230110220003013,16
230110220003014,16
230110220003015,16
230110220003016,16
230110220003017,16
230110220003018,16
230110220003019,16
230110220003020,16
230110220003021,16
230110220003022,16
230110220003023,16
230110220003024,16
230110220003025,16
230110220003026,16
230110230011000,16
230110230011001,16
230110230011002,16
230110230011003,16
230110230011004,16
230110230011005,16
230110230011006,16
230110230012000,16
230110230012001,16
230110230012002,16
230110230012003,16
230110230012004,16
230110230012005,16
230110230012006,16
230110230012007,16
230110230012008,16
230110230012009,16
230110230012010,16
230110230012011,16
230110230012012,16
230110230012013,16
230110230012014,16
230110230012015,16
230110230012016,16
230110230012017,16
230110230012018,16
230110230012019,16
230110230012020,16
230110230012021,16
230110230012022,16
230110230012023,16
230110230012024,16
230110230012025,16
230110230012026,16
230110230013000,16
230110230013001,16
230110230013002,16
230110230013003,16
230110230013004,16
230110230013005,16
230110230013006,16
230110230013007,16
230110230013008,16
230110230013009,16
230110230013010,16
230110230013011,16
230110230013012,16
230110230013013,16
230110230013014,16
230110230013015,16
230110230013016,16
230110230013017,16
230110230014000,16
230110230014001,16
230110230014002,16
230110230014003,16
230110230014004,16
230110230014005,16
230110230014006,16
230110230014007,16
230110230014008,16
230110230014009,16
230110230014010,16
230110230014011,16
230110230021000,16
230110230021001,16
230110230021002,16
230110230021003,16
230110230021004,16
230110230021005,16
230110230021006,16
230110230021007,16
230110230021008,16
230110230021009,16
230110230021010,16
230110230021011,16
230110230021012,16
230110230021013,16
230110230021014,16
230110230021015,16
230110230021016,16
230110230021017,16
230110230021018,16
230110230021019,16
230110230021020,16
230110230021021,16
230110230021022,16
230110230021023,16
230110230021024,16
230110230021025,16
230110230021026,16
230110230021027,16
230110230021028,16
230110230021029,16
230110230022000,16
230110230022001,16
230110230022002,16
230110230022003,16
230110230022004,16
230110230022005,16
230110230022006,16
230110230022007,16
230110230022008,16
230110230022009,16
230110230022010,16
230110230022011,16
230110230022012,16
230110230022013,16
230110230022014,16
230110230022015,16
230110230022016,16
230110230022017,16
230110230022018,16
230110230022019,16
230110230022020,16
230110230022021,16
230110230022022,16
230110230022023,16
230110230022024,16
230110230022025,16
230110230022026,16
230110230022027,16
230110230022028,16
230110230022029,16
230110230022030,16
230110230023000,16
230110230023001,16
230110230023002,16
230110230023003,16
230110230023004,16
230110230023005,16
230110230023006,16
230110230023007,16
230110230023008,16
230110230023009,16
230110230023010,16
230110230023011,16
230110230023012,16
230110230023013,16
230110230023014,16
230110230023015,16
230110230023016,16
230110230023017,16
230110230023018,16
230110230023019,16
230110230023020,16
230110230023021,16
230110230023022,16
230110230023023,16
230110230023024,16
230110230023025,16
230110230023026,16
230110241011000,16
230110241011001,16
230110241011002,16
230110241011003,16
230110241011004,16
230110241011005,16
230110241011006,16
230110241011007,16
230110241011008,16
230110241011009,16
230110241013000,16
230110241013001,16
230110241013002,16
230110241013003,16
230110241013004,16
230110241013005,16
230110241013006,16
230110241013007,16
230110241013008,16
230110241013009,16
230110241014000,16
230110241014001,16
230110241014002,16
230110241014003,16
230110241014004,16
230110241014005,16
230110241014006,16
230110241014007,16
230110241014008,16
230110241014009,16
230110241014010,16
230110241014012,16
230110241014013,16
230110241022000,16
230110241022001,16
230110241022002,16
230110241022003,16
230110241022004,16
230110241022005,16
230110241022006,16
230110241022007,16
230110241022008,16
230110241022009,16
230110241022013,16
230110241022039,16
230110241022040,16
230110241022041,16
230110241022042,16
230110241012000,16
230110241012001,16
230110241012002,16
230110241012003,16
230110241012004,16
230110241012005,16
230110241012006,16
230110241012007,16
230110241012008,16
230110241012009,16
230110241012010,16
230110241012011,16
230110241012012,16
230110241012013,16
230110241012014,16
230110241012015,16
230110241012016,16
230110241012017,16
230110241012018,16
230110241013010,16
230110241013011,16
230110241013012,16
230110241013013,16
230110241013014,16
230110241013015,16
230110241013016,16
230110241013017,16
230110241013018,16
230110241013019,16
230110241013020,16
230110241013021,16
230110241013022,16
230110241013023,16
230110241014011,16
230110241014014,16
230110241022010,16
230110241022011,16
230110241022012,16
230110241022014,16
230110241022015,16
230110241025000,16
230110241026000,16
230110241026001,16
230110241026002,16
230110241026003,16
230110241026005,16
230110242021015,16
230110241021000,16
230110241021001,16
230110241021002,16
230110241021003,16
230110241021004,16
230110241021005,16
230110241021006,16
230110241021007,16
230110241021008,16
230110241021009,16
230110241021010,16
230110241021011,16
230110241021012,16
230110241023005,16
230110241023008,16
230110241024002,16
230110241024003,16
230110241024004,16
230110241024005,16
230110241024006,16
230110241024007,16
230110241024008,16
230110241024009,16
230110241024010,16
230110241024011,16
230110241024012,16
230110241024013,16
230110241024014,16
230110241024015,16
230110241024016,16
230110241024017,16
230110241026015,16
230110241026016,16
230110242023000,16
230110242023001,16
230110242023002,16
230110242023003,16
230110242023004,16
230110242023005,16
230110242023007,16
230110242023008,16
230110242023018,16
230110242023019,16
230110242023020,16
230110242023022,16
230110241022016,16
230110241022017,16
230110241022018,16
230110241022019,16
230110241022020,16
230110241022021,16
230110241022022,16
230110241022023,16
230110241022024,16
230110241022025,16
230110241022026,16
230110241022027,16
230110241022028,16
230110241022029,16
230110241022030,16
230110241022031,16
230110241022032,16
230110241022033,16
230110241022034,16
230110241022035,16
230110241022036,16
230110241022037,16
230110241022038,16
230110241023000,16
230110241023001,16
230110241023002,16
230110241023003,16
230110241023004,16
230110241023006,16
230110241023007,16
230110241024000,16
230110241024001,16
230110241025002,16
230110241025003,16
230110241025004,16
230110241025006,16
230110241025007,16
230110241025008,16
230110241025009,16
230110241025011,16
230110241025012,16
230110241025013,16
230110241025014,16
230110241025015,16
230110241025016,16
230110241025017,16
230110241026004,16
230110241026006,16
230110241026007,16
230110241026008,16
230110241026009,16
230110241026010,16
230110241026011,16
230110241026012,16
230110241026013,16
230110241026014,16
230110241025001,16
230110241025005,16
230110242012000,16
230110242012001,16
230110242012002,16
230110242012003,16
230110242012004,16
230110242012005,16
230110242012026,16
230110242021000,16
230110242021001,16
230110242021002,16
230110242021003,16
230110242021004,16
230110242021005,16
230110242021006,16
230110242021007,16
230110242021008,16
230110242021009,16
230110242021010,16
230110242021011,16
230110242021012,16
230110242021013,16
230110242021014,16
230110242021016,16
230110242021017,16
230110242021018,16
230110242022003,16
230110242022004,16
230110242022005,16
230110241025010,16
230110242011000,16
230110242011001,16
230110242011002,16
230110242011003,16
230110242011004,16
230110242011005,16
230110242011006,16
230110242011012,16
230110242012006,16
230110242012007,16
230110242012008,16
230110242012009,16
230110242012010,16
230110242012011,16
230110242012012,16
230110242012013,16
230110242012014,16
230110242012015,16
230110242012016,16
230110242012017,16
230110242012018,16
230110242012019,16
230110242012020,16
230110242012021,16
230110242012022,16
230110242012023,16
230110242012024,16
230110242012025,16
230110242012027,16
230110242012028,16
230110242012029,16
230110242012030,16
230110242012031,16
230110242012032,16
230110242012033,16
230110242012034,16
230110242012035,16
230110242012036,16
230110242022000,16
230110242022001,16
230110242022002,16
230110242022006,16
230110242022007,16
230110242022008,16
230110242022012,16
230110242022019,16
230110242011007,16
230110242011008,16
230110242011009,16
230110242011010,16
230110242011011,16
230110242011013,16
230110242011014,16
230110242011015,16
230110242011016,16
230110242011017,16
230110242011018,16
230110242011019,16
230110242011020,16
230110242011021,16
230110242011022,16
230110242011023,16
230110242022009,16
230110242022010,16
230110242022011,16
230110242022013,16
230110242022014,16
230110242022015,16
230110242022016,16
230110242022017,16
230110242022018,16
230110242022020,16
230110242022021,16
230110242023006,16
230110242023009,16
230110242023010,16
230110242023011,16
230110242023012,16
230110242023013,16
230110242023014,16
230110242023015,16
230110242023016,16
230110242023017,16
230110242023021,16
230110250011000,15
230110250011001,15
230110250011002,15
230110250011003,15
230110250011004,15
230110250011005,15
230110250011006,15
230110250011007,15
230110250011008,15
230110250011009,15
230110250011010,15
230110250012000,15
230110250012001,15
230110250012002,15
230110250012003,15
230110250012004,15
230110250012005,15
230110250012006,15
230110250012007,15
230110250012008,15
230110250012009,15
230110250012010,15
230110250012011,15
230110250012012,15
230110250012013,15
230110250012014,15
230110250012015,15
230110250012016,15
230110250012017,15
230110250012018,15
230110250012019,15
230110250012020,15
230110250013000,15
230110250013001,15
230110250013002,15
230110250013003,15
230110250013004,15
230110250013005,15
230110250013006,15
230110250013007,15
230110250013008,15
230110250013009,15
230110250013010,15
230110250013011,15
230110250013012,15
230110250013013,15
230110250013014,15
230110250013015,15
230110250013016,15
230110250013017,15
230110250013018,15
230110250013019,15
230110250013020,15
230110250013021,15
230110250013022,15
230110250013023,15
230110250013024,15
230110250013025,15
230110250013026,15
230110250013027,15
230110250013028,15
230110250013029,15
230110250013030,15
230110250013031,15
230110250013032,15
230110250021000,15
230110250021001,15
230110250021002,15
230110250021003,15
230110250021004,15
230110250021005,15
230110250021006,15
230110250021007,15
230110250021008,15
230110250021009,15
230110250021010,15
230110250021011,15
230110250021012,15
230110250021013,15
230110250021014,15
230110250021015,15
230110250021016,15
230110250021017,15
230110250021018,15
230110250021019,15
230110250021020,15
230110250021021,15
230110250021022,15
230110250021023,15
230110250021024,15
230110250022000,15
230110250022001,15
230110250022002,15
230110250022003,15
230110250022004,15
230110250022005,15
230110250022006,15
230110250022007,15
230110250022008,15
230110250022009,15
230110250022010,15
230110250022011,15
230110250022012,15
230110250022013,15
230110250022014,15
230110250022015,15
230110250022016,15
230110250022017,15
230110250022018,15
230239701001000,23
230239701001001,23
230239701001002,23
230239701001003,23
230239701001004,23
230239701001005,23
230239701001006,23
230239701001007,23
230239701001008,23
230239701001009,23
230239701001010,23
230239701001011,23
230239701001012,23
230239701001013,23
230239701001014,23
230239701001015,23
230239701001016,23
230239701001017,23
230239701001018,23
230239701001019,23
230239701001020,23
230239701001021,23
230239701001022,23
230239701001023,23
230239701001024,23
230239701001025,23
230239701001026,23
230239701001027,23
230239701001028,23
230239701001029,23
230239701001030,23
230239701001031,23
230239701001032,23
230239701001033,23
230239701001034,23
230239701001035,23
230239701001036,23
230239701001037,23
230239701001038,23
230239701001039,23
230239701001040,23
230239701001041,23
230239701001042,23
230239701001043,23
230239701002000,23
230239701002001,23
230239701002002,23
230239701002003,23
230239701002004,23
230239701002005,23
230239701002006,23
230239701002007,23
230239701002008,23
230239701002009,23
230239701002010,23
230239701002011,23
230239701002012,23
230239701002013,23
230239701002014,23
230239701002015,23
230239701002016,23
230239701002017,23
230239701002018,23
230239701002019,23
230239701002020,23
230239701002021,23
230239701002022,23
230239701002023,23
230239701002024,23
230239701002025,23
230239701003000,23
230239701003001,23
230239701003002,23
230239701003003,23
230239701003004,23
230239701003005,23
230239701003006,23
230239701003007,23
230239701003008,23
230239701003009,23
230239701003010,23
230239701003011,23
230239701003012,23
230239701003013,23
230239701003014,23
230239701003015,23
230239701003016,23
230239701003017,23
230239701003018,23
230239701003019,23
230239701003020,23
230239701003021,23
230239701003022,23
230239701003023,23
230239701003024,23
230239701003025,23
230239701003026,23
230239701003027,23
230239701003028,23
230239701003029,23
230239701003030,23
230239702001000,23
230239702001001,23
230239702001002,23
230239702001003,23
230239702001004,23
230239702001005,23
230239702001006,23
230239702001007,23
230239702001008,23
230239702001009,23
230239702001010,23
230239702001011,23
230239702001012,23
230239702001013,23
230239702001014,23
230239702001015,23
230239702001016,23
230239702001017,23
230239702001018,23
230239702001019,23
230239702001020,23
230239702001021,23
230239702001022,23
230239702001023,23
230239702001024,23
230239702001025,23
230239702001026,23
230239702001027,23
230239702001028,23
230239702001029,23
230239702001030,23
230239702001031,23
230239702001032,23
230239702001033,23
230239702001034,23
230239702001035,23
230239702001036,23
230239702001037,23
230239702001038,23
230239702001039,23
230239702001040,23
230239702001041,23
230239702001042,23
230239702001043,23
230239702001044,23
230239702001045,23
230239702001046,23
230239702001047,23
230239702001048,23
230239702001049,23
230239702005000,23
230239702005001,23
230239702005002,23
230239702005003,23
230239702005004,23
230239702005005,23
230239702005006,23
230239702005007,23
230239702005008,23
230239702005009,23
230239702005010,23
230239702005011,23
230239702005012,23
230239702005013,23
230239702005014,23
230239702005015,23
230239702005016,23
230239702005017,23
230239702005018,23
230239702005019,23
230239702005020,23
230239702005021,23
230239702005022,23
230239702005023,23
230239702005024,23
230239702005025,23
230239702005026,23
230239702005027,23
230239702005028,23
230239702005029,23
230239702005030,23
230239702005031,23
230239702005032,23
230239702005033,23
230239702002000,23
230239702002001,23
230239702002002,23
230239702002003,23
230239702002004,23
230239702002005,23
230239702002006,23
230239702002007,23
230239702002008,23
230239702002009,23
230239702002010,23
230239702002011,23
230239702002012,23
230239702002013,23
230239702002014,23
230239702002015,23
230239702002016,23
230239702002017,23
230239702002018,23
230239702002019,23
230239702002020,23
230239702002021,23
230239702002022,23
230239702002023,23
230239702002024,23
230239702002025,23
230239702002026,23
230239702002027,23
230239702002028,23
230239702002029,23
230239702002030,23
230239702002031,23
230239702002032,23
230239702002033,23
230239702002034,23
230239702002035,23
230239702002036,23
230239702002037,23
230239702002038,23
230239702002039,23
230239702002040,23
230239702002041,23
230239702003000,23
230239702003001,23
230239702003002,23
230239702003003,23
230239702003004,23
230239702003005,23
230239702003006,23
230239702003007,23
230239702003008,23
230239702003009,23
230239702003010,23
230239702003011,23
230239702003012,23
230239702003013,23
230239702003014,23
230239702003015,23
230239702003016,23
230239702003017,23
230239702004000,23
230239702004001,23
230239702004002,23
230239703011000,23
230239703011001,23
230239703011002,23
230239703011003,23
230239703011004,23
230239703011005,23
230239703011006,23
230239703011007,23
230239703011008,23
230239703011009,23
230239703011010,23
230239703011011,23
230239703011012,23
230239703011013,23
230239703011014,23
230239703011015,23
230239703011016,23
230239703011017,23
230239703011018,23
230239703011019,23
230239703011020,23
230239703011021,23
230239703011022,23
230239703011023,23
230239703012000,23
230239703012001,23
230239703012002,23
230239703012003,23
230239703012004,23
230239703012005,23
230239703012006,23
230239703012007,23
230239703012008,23
230239703012009,23
230239703012010,23
230239703013000,23
230239703013001,23
230239703013002,23
230239703013003,23
230239703013004,23
230239703013005,23
230239703013006,23
230239703013007,23
230239703013008,23
230239703013009,23
230239703013010,23
230239703013011,23
230239703013012,23
230239703013013,23
230239703013014,23
230239703013015,23
230239703013016,23
230239703013017,23
230239703013018,23
230239703013019,23
230239703013020,23
230239703013021,23
230239703013022,23
230239703013023,23
230239703013024,23
230239703013025,23
230239703013026,23
230239703013027,23
230239703013028,23
230239703013029,23
230239703013030,23
230239703013031,23
230239703013032,23
230239703013033,23
230239703013034,23
230239703014000,23
230239703014001,23
230239703014002,23
230239703014003,23
230239703014004,23
230239703014005,23
230239703014006,23
230239703014007,23
230239703014008,23
230239703014009,23
230239703014010,23
230239703014011,23
230239703014012,23
230239703014013,23
230239703014014,23
230239703014015,23
230239703014016,23
230239703014017,23
230239703014018,23
230239703014019,23
230239703014020,23
230239703014021,23
230239703014022,23
230239703014023,23
230239703014024,23
230239703014025,23
230239703014026,23
230239703014027,23
230239703014028,23
230239703014029,23
230239703014030,23
230239703014031,23
230239703014032,23
230239703014033,23
230239703014034,23
230239703021000,23
230239703021001,23
230239703021002,23
230239703021003,23
230239703021004,23
230239703021005,23
230239703021006,23
230239703021007,23
230239703021008,23
230239703021009,23
230239703021010,23
230239703021011,23
230239703021012,23
230239703021013,23
230239703021014,23
230239703021015,23
230239703021016,23
230239703021017,23
230239703021018,23
230239703022000,23
230239703022001,23
230239703022002,23
230239703022003,23
230239703022004,23
230239703022005,23
230239703022006,23
230239703022007,23
230239703022008,23
230239703022009,23
230239703022010,23
230239703022011,23
230239703022012,23
230239703022013,23
230239703022014,23
230239703022015,23
230239703022016,23
230239703022017,23
230239703022018,23
230239703022019,23
230239703022020,23
230239703022021,23
230239703022022,23
230239703022023,23
230239703022024,23
230239703022025,23
230239703022026,23
230239703022027,23
230239703022028,23
230239703022029,23
230239703022030,23
230239703022031,23
230239703022032,23
230239703022033,23
230239703022034,23
230239703022035,23
230239703022036,23
230239703022037,23
230239703022038,23
230239703022039,23
230239703022040,23
230239703023000,23
230239703023001,23
230239703023002,23
230239703023003,23
230239703023004,23
230239703023005,23
230239703023006,23
230239703023007,23
230239703023008,23
230239703023009,23
230239703023010,23
230239703023011,23
230239703023012,23
230239703023013,23
230239703023014,23
230239703023015,23
230239703023016,23
230239703023017,23
230239703023018,23
230239703024000,23
230239703024001,23
230239703024002,23
230239703024003,23
230239703024004,23
230239703024005,23
230239703024006,23
230239703024007,23
230239703024008,23
230239703024009,23
230239703024010,23
230239703024011,23
230239703024012,23
230239703024013,23
230239703024014,23
230239703024015,23
230239703024016,23
230239704001000,23
230239704001001,23
230239704001002,23
230239704001003,23
230239704001004,23
230239704001005,23
230239704001006,23
230239704001007,23
230239704001008,23
230239704001009,23
230239704001010,23
230239704001011,23
230239704001012,23
230239704001013,23
230239704001014,23
230239704001015,23
230239704001016,23
230239704001017,23
230239704001018,23
230239704001019,23
230239704001020,23
230239704001021,23
230239704001022,23
230239704001023,23
230239704001024,23
230239704001025,23
230239704001026,23
230239704001027,23
230239704001028,23
230239704001029,23
230239704001030,23
230239704001031,23
230239704001032,23
230239704001033,23
230239704001034,23
230239704001035,23
230239704001036,23
230239704001037,23
230239704001038,23
230239704001039,23
230239704001040,23
230239704001041,23
230239704001042,23
230239704001043,23
230239704001044,23
230239704001045,23
230239704001046,23
230239704001047,23
230239704001048,23
230239704001049,23
230239704001050,23
230239704001051,23
230239704002000,23
230239704002001,23
230239704002002,23
230239704002003,23
230239704002004,23
230239704002005,23
230239704002006,23
230239704002007,23
230239704002008,23
230239704002009,23
230239704002010,23
230239704002011,23
230239704002012,23
230239704002013,23
230239704002014,23
230239704002015,23
230239704002016,23
230239704002017,23
230239704002018,23
230239704002019,23
230239704002020,23
230239704002021,23
230239704002022,23
230239704002023,23
230239704002024,23
230239704002025,23
230239704002026,23
230239704002027,23
230239704002028,23
230239704002029,23
230239704002030,23
230239704002031,23
230239704002032,23
230239704002033,23
230239704002034,23
230239704002035,23
230239704002036,23
230239704002037,23
230239704002038,23
230239704002039,23
230239704002040,23
230239704002041,23
230239704002042,23
230239704002043,23
230239704003000,23
230239704003001,23
230239704003002,23
230239704003003,23
230239704003004,23
230239704003005,23
230239704003006,23
230239704003007,23
230239704003008,23
230239704003009,23
230239704003010,23
230239704003011,23
230239704003012,23
230239704003013,23
230239704003014,23
230239704003015,23
230239704003016,23
230239704003017,23
230239704004000,23
230239704004001,23
230239704004002,23
230239704004003,23
230239704004004,23
230239704004005,23
230239704004006,23
230239704004007,23
230239704004008,23
230239704004009,23
230239704004010,23
230239704004011,23
230239704004012,23
230239704004013,23
230239704004014,23
230239704004015,23
230239704004016,23
230239704004017,23
230239704004018,23
230239704004019,23
230239704004020,23
230239704004021,23
230239704004022,23
230239704004023,23
230239704004024,23
230239704004025,23
230239704004026,23
230239704004027,23
230239704004028,23
230239704004029,23
230239704004030,23
230239704004031,23
230239704004032,23
230239704004033,23
230239704004034,23
230239704004035,23
230239704004036,23
230239704004037,23
230239704004038,23
230239704004039,23
230239704004040,23
230239704004041,23
230239704004042,23
230239704004043,23
230239900000001,23
230239900000002,23
230239900000003,23
230239900000007,23
230239705001000,23
230239705001001,23
230239705001002,23
230239705003002,23
230239705003003,23
230239705003004,23
230239705003015,23
230239705003016,23
230239705003017,23
230239705003018,23
230239705003019,23
230239705003020,23
230239705003021,23
230239705003022,23
230239705003023,23
230239705004006,23
230239705005000,23
230239705005001,23
230239705005002,23
230239705005003,23
230239705005004,23
230239705005005,23
230239705005006,23
230239705005007,23
230239705006032,23
230239705006033,23
230239705006034,23
230239705001003,23
230239705001004,23
230239705001005,23
230239705001006,23
230239705001007,23
230239705001008,23
230239705001009,23
230239705001010,23
230239705001011,23
230239705001013,23
230239705001015,23
230239705001016,23
230239705004000,23
230239705004001,23
230239705004002,23
230239705004003,23
230239705004004,23
230239705004005,23
230239705004007,23
230239705004008,23
230239705004009,23
230239705004010,23
230239705004011,23
230239705004019,23
230239705004020,23
230239705005008,23
230239705005009,23
230239706002023,23
230239705001012,23
230239705001014,23
230239705004012,23
230239705004013,23
230239705004014,23
230239705004015,23
230239705004016,23
230239705004017,23
230239705004018,23
230239705004021,23
230239705004022,23
230239705004023,23
230239705004024,23
230239705004025,23
230239705004026,23
230239705004027,23
230239705004028,23
230239705004029,23
230239705004030,23
230239705004031,23
230239705004032,23
230239705004033,23
230239705004034,23
230239705004035,23
230239705004036,23
230239705004037,23
230239705004038,23
230239705004039,23
230239705004040,23
230239706001000,23
230239706001001,23
230239706001002,23
230239706001003,23
230239706002000,23
230239706002001,23
230239706002004,23
230239706002009,23
230239706002010,23
230239706002011,23
230239706002012,23
230239706002013,23
230239706002014,23
230239706002015,23
230239706002016,23
230239706002017,23
230239706002018,23
230239706002019,23
230239706002020,23
230239706002021,23
230239706002022,23
230239706002024,23
230239706002025,23
230239706002026,23
230239706002027,23
230239706002028,23
230239705002000,23
230239705002001,23
230239705002002,23
230239705002004,23
230239705002005,23
230239705002006,23
230239705006000,23
230239705006001,23
230239705006002,23
230239705006003,23
230239705006004,23
230239705006005,23
230239705006006,23
230239705006007,23
230239705006008,23
230239705006009,23
230239705006010,23
230239705006011,23
230239705006012,23
230239705006013,23
230239705006014,23
230239705006015,23
230239705006016,23
230239705006017,23
230239705006019,23
230239705006021,23
230239705002003,23
230239705002007,23
230239705003000,23
230239705003001,23
230239705003005,23
230239705003006,23
230239705003007,23
230239705003008,23
230239705003009,23
230239705003010,23
230239705003011,23
230239705003012,23
230239705003013,23
230239705003014,23
230239705006018,23
230239705006020,23
230239705006022,23
230239705006023,23
230239705006024,23
230239705006025,23
230239705006026,23
230239705006027,23
230239705006028,23
230239705006029,23
230239705006030,23
230239705006031,23
230239706001004,23
230239706001005,23
230239706001006,23
230239706001007,23
230239706001008,23
230239706001012,23
230239706001013,23
230239706001014,23
230239706001015,23
230239706001016,23
230239706001017,23
230239706001024,23
230239706002002,23
230239706002003,23
230239706002005,23
230239706002006,23
230239706002007,23
230239706002008,23
230239706002029,23
230239706002030,23
230239706002031,23
230239706002032,23
230239706002033,23
230239706002034,23
230239706002035,23
230239706002036,23
230239706003000,23
230239706003001,23
230239706001009,23
230239706001010,23
230239706001011,23
230239706001018,23
230239706001019,23
230239706001020,23
230239706001021,23
230239706001022,23
230239706001023,23
230239706003002,23
230239706003003,23
230239706003004,23
230239706003005,23
230239706003006,23
230239706003007,23
230239706003008,23
230239706003009,23
230239706003010,23
230239706003011,23
230239706003012,23
230239706003013,23
230239706003014,23
230239706003015,23
230239706003016,23
230239706003017,23
230239706003018,23
230239706003019,23
230239706003020,23
230239707001000,23
230239707001001,23
230239707001002,23
230239707001003,23
230239707001004,23
230239707001005,23
230239707001006,23
230239707001007,23
230239707001008,23
230239707001009,23
230239707001010,23
230239707001011,23
230239707001012,23
230239707001013,23
230239707001014,23
230239707001015,23
230239707001016,23
230239707001017,23
230239707001018,23
230239707001019,23
230239707001020,23
230239707001021,23
230239707001022,23
230239707001023,23
230239707001024,23
230239707001025,23
230239707001026,23
230239707002000,23
230239707002001,23
230239707002002,23
230239707002003,23
230239707002004,23
230239707002005,23
230239707002006,23
230239707002007,23
230239707002008,23
230239707002009,23
230239707002010,23
230239707002011,23
230239707002012,23
230239707002013,23
230239707002014,23
230239707002015,23
230239707002016,23
230239707002017,23
230239707002018,23
230239707002019,23
230239707002020,23
230239707002021,23
230239707002022,23
230239707002023,23
230239707002024,23
230239707002025,23
230239707002026,23
230239707002027,23
230239707002028,23
230239707002029,23
230239707002030,23
230239707002031,23
230239707002032,23
230239707002033,23
230239707002034,23
230239707002035,23
230239707002036,23
230239707002037,23
230239707002038,23
230239900000004,23
230239900000005,23
230239900000006,23
230239707003000,23
230239707003001,23
230239707003002,23
230239707003003,23
230239707003004,23
230239707003005,23
230239707003006,23
230239707003007,23
230239707003008,23
230239707003009,23
230239707003010,23
230239707003011,23
230239707003012,23
230239707003013,23
230239707003014,23
230239707003015,23
230239707003016,23
230239707003017,23
230239707003018,23
230239707003019,23
230239707003020,23
230239707003021,23
230239707003022,23
230239707003023,23
230239707003024,23
230239707003025,23
230239707003026,23
230239707003027,23
230239707003028,23
230239707003029,23
230239707004000,23
230239707004001,23
230239707004002,23
230239707004003,23
230239707004004,23
230239707004005,23
230239707004006,23
230239707004007,23
230239707004008,23
230239707004009,23
230239707004010,23
230239707004011,23
230239707004012,23
230239707004013,23
230239707004014,23
230270410001000,11
230270410001001,11
230270410001002,11
230270410001003,11
230270410001004,11
230270410001005,11
230270410001006,11
230270410001007,11
230270410001008,11
230270410001009,11
230270410001010,11
230270410001011,11
230270410001012,11
230270410001013,11
230270410001014,11
230270410001015,11
230270410001016,11
230270410001017,11
230270410001018,11
230270410001019,11
230270410001020,11
230270410001021,11
230270410001022,11
230270410001023,11
230270410001024,11
230270410001025,11
230270410001026,11
230270410001027,11
230270410001028,11
230270410001029,11
230270410001030,11
230270410001031,11
230270410001032,11
230270410002000,11
230270410002001,11
230270410002002,11
230270410002003,11
230270410002004,11
230270410002005,11
230270410002006,11
230270410002007,11
230270410002008,11
230270410002009,11
230270410002010,11
230270410002011,11
230270410002012,11
230270410002013,11
230270410002014,11
230270410002015,11
230270410002016,11
230270410002017,11
230270410002018,11
230270410002019,11
230270410002020,11
230270410002021,11
230270410002022,11
230270410002023,11
230270410002024,11
230270410002025,11
230270410002026,11
230270410002027,11
230270410002028,11
230270410002029,11
230270410002030,11
230270410002031,11
230270410002032,11
230270410002033,11
230270410002034,11
230270410002035,11
230270410002036,11
230270410002037,11
230270410002038,11
230270410002039,11
230270410002040,11
230270410002041,11
230270410002042,11
230270410002043,11
230270410002044,11
230270410002045,11
230270410002046,11
230270420001000,11
230270420001001,11
230270420001002,11
230270420001003,11
230270420001004,11
230270420001005,11
230270420001006,11
230270420001007,11
230270420001008,11
230270420001009,11
230270420001010,11
230270420001011,11
230270420001012,11
230270420001013,11
230270420001014,11
230270420001015,11
230270420001016,11
230270420001017,11
230270420001018,11
230270420001019,11
230270420001020,11
230270420001021,11
230270420001022,11
230270420001023,11
230270420001024,11
230270420001025,11
230270420001026,11
230270420001027,11
230270420001028,11
230270420001029,11
230270420001030,11
230270420001031,11
230270420001032,11
230270420001033,11
230270420001034,11
230270420001035,11
230270420001036,11
230270420001037,11
230270420001038,11
230270420001039,11
230270420001040,11
230270420001041,11
230270420001042,11
230270420001043,11
230270420001044,11
230270420001045,11
230270420001046,11
230270420002000,11
230270420002001,11
230270420002002,11
230270420002003,11
230270420002004,11
230270420002005,11
230270420002006,11
230270420002007,11
230270420002008,11
230270420002009,11
230270420002010,11
230270420002011,11
230270420002012,11
230270420002013,11
230270420002014,11
230270420002015,11
230270420002016,11
230270420002017,11
230270420002018,11
230270420002019,11
230270420002020,11
230270420002021,11
230270420002022,11
230270420002023,11
230270420002024,11
230270420002025,11
230270420002026,11
230270420002027,11
230270420002028,11
230270420002029,11
230270420002030,11
230270420002031,11
230270420002032,11
230270420002033,11
230270420002034,11
230270420002035,11
230270420002036,11
230270420002037,11
230270420002038,11
230270420002039,11
230270420002040,11
230270420002041,11
230270420002042,11
230270420002043,11
230270420002044,11
230270420002045,11
230270420002046,11
230270420002047,11
230270420002048,11
230270420002049,11
230270420002050,11
230270420002051,11
230270420002052,11
230270420002053,11
230270420003000,11
230270420003001,11
230270420003002,11
230270420003003,11
230270420003004,11
230270420003005,11
230270420003006,11
230270420003007,11
230270420003008,11
230270420003009,11
230270420003010,11
230270420003011,11
230270420003012,11
230270420003013,11
230270420003014,11
230270420003015,11
230270420003016,11
230270420003017,11
230270420003018,11
230270420003019,11
230270420003020,11
230270420003021,11
230270420003022,11
230270420003023,11
230270420003024,11
230270420003025,11
230270420003026,11
230270420003027,11
230270420003028,11
230270420003029,11
230270420003030,11
230270420003031,11
230270420004000,11
230270420004001,11
230270420004002,11
230270420004003,11
230270420004004,11
230270420004005,11
230270420004006,11
230270420004007,11
230270420004008,11
230270420004009,11
230270420004010,11
230270420004011,11
230270420004012,11
230270420004013,11
230270420004014,11
230270420004015,11
230270420004016,11
230270420004017,11
230270420004018,11
230270420004019,11
230270420004020,11
230270420004021,11
230270420004022,11
230270420004023,11
230270420004024,11
230270420004025,11
230270420004026,11
230270420004027,11
230270420004028,11
230270420004029,11
230270420004030,11
230270420004031,11
230270420004032,11
230270420004033,11
230270420004034,11
230270420004035,11
230270420004036,11
230270420004037,11
230270420004038,11
230270420004039,11
230270420004040,11
230270420004041,11
230270420005000,11
230270420005001,11
230270420005002,11
230270420005003,11
230270420005004,11
230270420005005,11
230270420005006,11
230270420005007,11
230270420005008,11
230270420005009,11
230270420005010,11
230270420005011,11
230270420005012,11
230270420005013,11
230270420005014,11
230270420005015,11
230270420005016,11
230270420005017,11
230270420005018,11
230270420005019,11
230270420005020,11
230270420005021,11
230270420005022,11
230270420005023,11
230270420005024,11
230270420006000,11
230270420006001,11
230270420006002,11
230270420006003,11
230270420006004,11
230270420006005,11
230270420006006,11
230270420006007,11
230270420006008,11
230270420006009,11
230270420006010,11
230270420006011,11
230270420006012,11
230270420006013,11
230270420006014,11
230270420006015,11
230270420006016,11
230270420006017,11
230270420006018,11
230270420006019,11
230270420006020,11
230270420006021,11
230270420006022,11
230270420006023,11
230270420006024,11
230270420006025,11
230270420006026,11
230270420006027,11
230270420006028,11
230270420006029,11
230270420006030,11
230270420006031,11
230270420006032,11
230270420006033,11
230270420006034,11
230270420006035,11
230270420006036,11
230270420006037,11
230270420006038,11
230270420006039,11
230270420006040,11
230270420006041,11
230270420006042,11
230270420006043,11
230270420006044,11
230270420006045,11
230270420006046,11
230270420006047,11
230270420006048,11
230270420006049,11
230270420006050,11
230270420006051,11
230270420006052,11
230270420006053,11
230270420006054,11
230270420006055,11
230270420006056,11
230270430001000,11
230270430001001,11
230270430001002,11
230270430001003,11
230270430001004,11
230270430001005,11
230270430001006,11
230270430001007,11
230270430001008,11
230270430001009,11
230270430001010,11
230270430001011,11
230270430001012,11
230270430001013,11
230270430001014,11
230270430001015,11
230270430001016,11
230270430001017,11
230270430001018,11
230270430001024,11
230270430001029,11
230270430001030,11
230270430001033,11
230270430001034,11
230270430001035,11
230270430001036,11
230270430001037,11
230270430001038,11
230270430001039,11
230270430001040,11
230270430001041,11
230270430001042,11
230270430001043,11
230270430001044,11
230270430001045,11
230270430001046,11
230270430001047,11
230270430001048,11
230270430001049,11
230270430001050,11
230270430001051,11
230270430001052,11
230270430001019,11
230270430001020,11
230270430001021,11
230270430001022,11
230270430001023,11
230270430001025,11
230270430001026,11
230270430001027,11
230270430001028,11
230270430001031,11
230270430001032,11
230270430002000,11
230270430002001,11
230270430002002,11
230270430002003,11
230270430002004,11
230270430002005,11
230270430002006,11
230270430002007,11
230270430002008,11
230270430002009,11
230270430002010,11
230270430002011,11
230270430002012,11
230270430002013,11
230270430002014,11
230270430002015,11
230270430002016,11
230270430002017,11
230270430002018,11
230270430002019,11
230270430002020,11
230270430002021,11
230270430002022,11
230270430002023,11
230270430002024,11
230270430002025,11
230270430002026,11
230270430002027,11
230270430002028,11
230270430002029,11
230270430002030,11
230270430002032,11
230270430002033,11
230270430002034,11
230270430002035,11
230270430002036,11
230270430002037,11
230270430002038,11
230270430002039,11
230270430002040,11
230270430002041,11
230270430002042,11
230270430002043,11
230270430002044,11
230270430002045,11
230270430002031,11
230270430002046,11
230270430003001,11
230270430003002,11
230270430003003,11
230270430003004,11
230270430003005,11
230270430003006,11
230270430003007,11
230270430003008,11
230270430003009,11
230270430003010,11
230270430003011,11
230270430003012,11
230270430003013,11
230270430003014,11
230270430003015,11
230270430003016,11
230270430003017,11
230270430003018,11
230270430003019,11
230270430003020,11
230270430003021,11
230270430003022,11
230270430003023,11
230270430003024,11
230270430003025,11
230270430003026,11
230270430003027,11
230270430003028,11
230270430003029,11
230270430003030,11
230270430003036,11
230270430003041,11
230270430003044,11
230270430003045,11
230270430003053,11
230270430003054,11
230270430003055,11
230270430003056,11
230270430003057,11
230270430003058,11
230270430003059,11
230270430003060,11
230270430003061,11
230270430003062,11
230270430003068,11
230270430003069,11
230270430005000,11
230270430005001,11
230270430005002,11
230270430005003,11
230270430005004,11
230270430005005,11
230270430005006,11
230270430005007,11
230270430005008,11
230270430005009,11
230270430005010,11
230270430005011,11
230270430005012,11
230270430005020,11
230270430005021,11
230270430005022,11
230270430005031,11
230270430003000,11
230270430003031,11
230270430003032,11
230270430003033,11
230270430003034,11
230270430003035,11
230270430003037,11
230270430003038,11
230270430003039,11
230270430003040,11
230270430003042,11
230270430003043,11
230270430003046,11
230270430003047,11
230270430003048,11
230270430003049,11
230270430003050,11
230270430003051,11
230270430003052,11
230270430003063,11
230270430003064,11
230270430003065,11
230270430003066,11
230270430003067,11
230270430004010,11
230270430004011,11
230270430004012,11
230270430004013,11
230270430004017,11
230270430004018,11
230270430004021,11
230270430004022,11
230270430004032,11
230270430005013,11
230270430005014,11
230270430005017,11
230270430005018,11
230270430005019,11
230270430005027,11
230270430005028,11
230270430005029,11
230270430005030,11
230270430005032,11
230270430005034,11
230270430004000,11
230270430004001,11
230270430004002,11
230270430004003,11
230270430004004,11
230270430004005,11
230270430004006,11
230270430004007,11
230270430004008,11
230270430004009,11
230270430004014,11
230270430004015,11
230270430004016,11
230270430004019,11
230270430004020,11
230270430004023,11
230270430004024,11
230270430004025,11
230270430004026,11
230270430004027,11
230270430004028,11
230270430004029,11
230270430004030,11
230270430004031,11
230270430005015,11
230270430005016,11
230270430005023,11
230270430005024,11
230270430005025,11
230270430005026,11
230270430005033,11
230270440001000,11
230270440001001,11
230270440001002,11
230270440001003,11
230270440001004,11
230270440001005,11
230270440001006,11
230270440001007,11
230270440001008,11
230270440001009,11
230270440001010,11
230270440001011,11
230270440001012,11
230270440001013,11
230270440001014,11
230270440001015,11
230270440001016,11
230270440001017,11
230270440001018,11
230270440001019,11
230270440001020,11
230270440001021,11
230270440001022,11
230270440001023,11
230270440001024,11
230270440001025,11
230270440001026,11
230270440001027,11
230270440001028,11
230270440001029,11
230270440001030,11
230270440001031,11
230270440001032,11
230270440001033,11
230270440001034,11
230270440001035,11
230270440001036,11
230270440001037,11
230270440001038,11
230270440001039,11
230270440001040,11
230270440001041,11
230270440001042,11
230270440001043,11
230270440002000,11
230270440002001,11
230270440002002,11
230270440002003,11
230270440002004,11
230270440002005,11
230270440002006,11
230270440002007,11
230270440002008,11
230270440002009,11
230270440002010,11
230270440002011,11
230270440002012,11
230270440002013,11
230270440002014,11
230270440002015,11
230270440002016,11
230270440002017,11
230270440002018,11
230270440002019,11
230270440002020,11
230270440002021,11
230270440002022,11
230270440002023,11
230270440002024,11
230270440002025,11
230270440002026,11
230270440002027,11
230270440002028,11
230270440002029,11
230270440002030,11
230270440002031,11
230270440002032,11
230270440002033,11
230270440002034,11
230270440002035,11
230270440002036,11
230270440002037,11
230270440002038,11
230270440002039,11
230270440002040,11
230270440002041,11
230270440002042,11
230270440002043,11
230270440002044,11
230270440002045,11
230270440002046,11
230270440002047,11
230270440002048,11
230270440002049,11
230270440002050,11
230270440004000,11
230270440004001,11
230270440004002,11
230270440004003,11
230270440004004,11
230270440004005,11
230270440004006,11
230270440004007,11
230270440004008,11
230270440004009,11
230270440004010,11
230270440004011,11
230270440004012,11
230270440004013,11
230270440004014,11
230270440004015,11
230270440004016,11
230270440004017,11
230270440004018,11
230270440004019,11
230270440004020,11
230270440004021,11
230270440004022,11
230270440004023,11
230270440004024,11
230270440004025,11
230270440004026,11
230270440004027,11
230270440004028,11
230270440004029,11
230270440004030,11
230270440004031,11
230270440004032,11
230270440004033,11
230270440004034,11
230270440004035,11
230270440003000,11
230270440003001,11
230270440003002,11
230270440003003,11
230270440003004,11
230270440003005,11
230270440003006,11
230270440003007,11
230270440003008,11
230270440003009,11
230270440003010,11
230270440003011,11
230270440003012,11
230270440003013,11
230270440003014,11
230270440003015,11
230270440003016,11
230270440003017,11
230270440003018,11
230270440003019,11
230270440003020,11
230270440003021,11
230270440003022,11
230270440003023,11
230270440003024,11
230270440003025,11
230270440003026,11
230270440003027,11
230270440003028,11
230270440003029,11
230270440003030,11
230270440003031,11
230270440003032,11
230270440003033,11
230270440003034,11
230270440003035,11
230270440003036,11
230270440003037,11
230270440003038,11
230270440003039,11
230270440003040,11
230270440003041,11
230270440003042,11
230270440003043,11
230270440003044,11
230270440003045,11
230270440003046,11
230270440003047,11
230270440003048,11
230270440003049,11
230270440003050,11
230270440003051,11
230270440003052,11
230270440003053,11
230270440003054,11
230270440003055,11
230270440003056,11
230270440003057,11
230270440003058,11
230270440003059,11
230270440003060,11
230270440003061,11
230270440003062,11
230270450001000,11
230270450001001,11
230270450001002,11
230270450001003,11
230270450001004,11
230270450001005,11
230270450001006,11
230270450001007,11
230270450001008,11
230270450001009,11
230270450001010,11
230270450001011,11
230270450001012,11
230270450001013,11
230270450001014,11
230270450001015,11
230270450001016,11
230270450001017,11
230270450001018,11
230270450001019,11
230270450001020,11
230270450001021,11
230270450001022,11
230270450001023,11
230270450001024,11
230270450001025,11
230270450001026,11
230270450001027,11
230270450001028,11
230270450001029,11
230270450001030,11
230270450001031,11
230270450001032,11
230270450001033,11
230270450001034,11
230270450001035,11
230270450001036,11
230270450002000,11
230270450002001,11
230270450002002,11
230270450002003,11
230270450002004,11
230270450002005,11
230270450002006,11
230270450002007,11
230270450002008,11
230270450002009,11
230270450002010,11
230270450002011,11
230270450002012,11
230270450002013,11
230270450002014,11
230270450002015,11
230270450002016,11
230270450002017,11
230270450002018,11
230270450002019,11
230270450002020,11
230270450002021,11
230270450002022,11
230270450002023,11
230270450002024,11
230270450002025,11
230270450003000,11
230270450003001,11
230270450003002,11
230270450003003,11
230270450003004,11
230270450003005,11
230270450003006,11
230270450003007,11
230270450003008,11
230270450003009,11
230270450003010,11
230270450003011,11
230270450003012,11
230270450003013,11
230270450003014,11
230270450003015,11
230270450003016,11
230270450003017,11
230270450003018,11
230270450003019,11
230270450003020,11
230270450003021,11
230270450003022,11
230270450003023,11
230270450003024,11
230270450003025,11
230270450003026,11
230270450003027,11
230270450003028,11
230270450003029,11
230270450003030,11
230270450003031,11
230270450003032,11
230270450004000,11
230270450004001,11
230270450004002,11
230270450004003,11
230270450004004,11
230270450004005,11
230270450004006,11
230270450004007,11
230270450004008,11
230270450004009,11
230270450004010,11
230270450004011,11
230270450004012,11
230270450004013,11
230270450004014,11
230270450004015,11
230270450004016,11
230270450004017,11
230270450004018,11
230270450004019,11
230270450004020,11
230270450004021,11
230270450004022,11
230270450004023,11
230270450004024,11
230270450004025,11
230270450004026,11
230270450004027,11
230270450004028,11
230270450004029,11
230270450004030,11
230270450004031,11
230270450004032,11
230270450004033,11
230270450004034,11
230270450004035,11
230270450004036,11
230270450004037,11
230270450004038,11
230270450004039,11
230270450004040,11
230270450004041,11
230270450004042,11
230270450004043,11
230270450004044,11
230270450004045,11
230270450004046,11
230270450004047,11
230270450004048,11
230270450005000,11
230270450005001,11
230270450005002,11
230270450005003,11
230270450005004,11
230270450005005,11
230270450005006,11
230270450005007,11
230270450005008,11
230270450005009,11
230270450005010,11
230270450005011,11
230270450005012,11
230270450005013,11
230270450005014,11
230270450005015,11
230270450005016,11
230270450005017,11
230270450005018,11
230270450005019,11
230270450005020,11
230270450005021,11
230270450005022,11
230270450005023,11
230270450005024,11
230270450005025,11
230270450005026,11
230270450005027,11
230270450005028,11
230270450005029,11
230270450005030,11
230270450005031,11
230270450005032,11
230270450005033,11
230270450005034,11
230270450005035,11
230270450005036,11
230270450005037,11
230270450005038,11
230270450005039,11
230270450005040,11
230270450005041,11
230270450005042,11
230270450005043,11
230270450005044,11
230270450005045,11
230270450005046,11
230270450005047,11
230270450005048,11
230270450005049,11
230270450005050,11
230270450005051,11
230270450005052,11
230270450005053,11
230270450005054,11
230270450005055,11
230270450005056,11
230270450005057,11
230270450005058,11
230270450005059,11
230270450005060,11
230270450006000,11
230270450006001,11
230270450006002,11
230270450006003,11
230270450006004,11
230270450006005,11
230270450006006,11
230270450006007,11
230270450006008,11
230270450006009,11
230270450006010,11
230270450006011,11
230270450006012,11
230270450006013,11
230270450006014,11
230270450006015,11
230270450006016,11
230270450006017,11
230270450006018,11
230270450006019,11
230270450006020,11
230270450006021,11
230270450006022,11
230270450006023,11
230270450006024,11
230270450006025,11
230270450006026,11
230270450006027,11
230270450006028,11
230270450006029,11
230270450006030,11
230270450006031,11
230270450006032,11
230270450006033,11
230270450006034,11
230270450006035,11
230270450006036,11
230270450006037,11
230270450006038,11
230270450006039,11
230270450006040,11
230270450006041,11
230270450006042,11
230270450006043,11
230270450006044,11
230270450006045,11
230270450006046,11
230270450006047,11
230270450006048,11
230270450006049,11
230270460011000,11
230270460011001,11
230270460011002,11
230270460011003,11
230270460011004,11
230270460011005,11
230270460011006,11
230270460011007,11
230270460011008,11
230270460011009,11
230270460011010,11
230270460011011,11
230270460011012,11
230270460011013,11
230270460011014,11
230270460011015,11
230270460011016,11
230270460011017,11
230270460011018,11
230270460011019,11
230270460011020,11
230270460011021,11
230270460011022,11
230270460011023,11
230270460011024,11
230270460011025,11
230270460011026,11
230270460011027,11
230270460011028,11
230270460011029,11
230270460011030,11
230270460011031,11
230270460011032,11
230270460011033,11
230270460011034,11
230270460011035,11
230270460011036,11
230270460011037,11
230270460011038,11
230270460011039,11
230270460011040,11
230270460011041,11
230270460011042,11
230270460011043,11
230270460011044,11
230270460011045,11
230270460011046,11
230270460011047,11
230270460011048,11
230270460011049,11
230270460011050,11
230270460011051,11
230270460011052,11
230270460011053,11
230270460011054,11
230270460011055,11
230270460011056,11
230270460011057,11
230270460011058,11
230270460011059,11
230270460011060,11
230270460011061,11
230270460011062,11
230270460011063,11
230270460012000,11
230270460012001,11
230270460012002,11
230270460012003,11
230270460012004,11
230270460012005,11
230270460012006,11
230270460012007,11
230270460012008,11
230270460012009,11
230270460012010,11
230270460012011,11
230270460012012,11
230270460012013,11
230270460012014,11
230270460012015,11
230270460012016,11
230270460012017,11
230270460012018,11
230270460012019,11
230270460012020,11
230270460012021,11
230270460012022,11
230270460012023,11
230270460012024,11
230270460012025,11
230270460012026,11
230270460012027,11
230270460012028,11
230270460012029,11
230270460021000,11
230270460021001,11
230270460021002,11
230270460021003,11
230270460021004,11
230270460021005,11
230270460021006,11
230270460021007,11
230270460021008,11
230270460021009,11
230270460021010,11
230270460021011,11
230270460021012,11
230270460021013,11
230270460021014,11
230270460021015,11
230270460021016,11
230270460021017,11
230270460021018,11
230270460021019,11
230270460021020,11
230270460021021,11
230270460021022,11
230270460021023,11
230270460021024,11
230270460021025,11
230270460021026,11
230270460021027,11
230270460021028,11
230270460021029,11
230270460021030,11
230270460021031,11
230270460021032,11
230270460021033,11
230270460021034,11
230270460021035,11
230270460021036,11
230270460021037,11
230270460021038,11
230270460021039,11
230270460022000,11
230270460022001,11
230270460022002,11
230270460022003,11
230270460022004,11
230270460022005,11
230270460022006,11
230270460022007,11
230270460022008,11
230270460022009,11
230270460022010,11
230270460022011,11
230270460022012,11
230270460022013,11
230270460022014,11
230270460022015,11
230270460022016,11
230270460022017,11
230270460022018,11
230270460022019,11
230270460022020,11
230270460022021,11
230270460022022,11
230270460022023,11
230270460022024,11
230270460022025,11
230270460022026,11
230270460022027,11
230270460022028,11
230270460022029,11
230270460022030,11
230270460022031,11
230270460022032,11
230270460022033,11
230270460022034,11
230270460022035,11
230270460022036,11
230270460022037,11
230270460022038,11
230270460022039,11
230270460022040,11
230270460022041,11
230270460022042,11
230270460023000,11
230270460023001,11
230270460023002,11
230270460023003,11
230270460023004,11
230270460023005,11
230270460023006,11
230270460023007,11
230270460023008,11
230270460023009,11
230270460023010,11
230270460023011,11
230270460023012,11
230270460023013,11
230270460023014,11
230270460023015,11
230270460023016,11
230270460023017,11
230270460023018,11
230270460023019,11
230270460023020,11
230270460023021,11
230270460023022,11
230270460023023,11
230270460023024,11
230270460023025,11
230270460023026,11
230270460023027,11
230270460023028,11
230270460023029,11
230270460023030,11
230270460023031,11
230270460023032,11
230270460023033,11
230270460023034,11
230270460023035,11
230270460023036,11
230270460023037,11
230270460023038,11
230270460023039,11
230270460023040,11
230270460023041,11
230270460023042,11
230270460023043,11
230270460024000,11
230270460024001,11
230270460024002,11
230270460024003,11
230270460024004,11
230270460024005,11
230270460024006,11
230270460024007,11
230270460024008,11
230270460024009,11
230270460024010,11
230270460024011,11
230270460024012,11
230270460024013,11
230270460024014,11
230270460024015,11
230270460024016,11
230270460024017,11
230270460024018,11
230270460024019,11
230270460024020,11
230270460024021,11
230270460024022,11
230270460024023,11
230270460024024,11
230270460025000,11
230270460025001,11
230270460025002,11
230270460025003,11
230270460025004,11
230270460025005,11
230270460025006,11
230270460025007,11
230270460025008,11
230270460025009,11
230270460025010,11
230270460025011,11
230270460025012,11
230270460025013,11
230270460025014,11
230270460025015,11
230270460025016,11
230270460025017,11
230270460025018,11
230270460025019,11
230270460025020,11
230270460025021,11
230270460025022,11
230270460025023,11
230270460025024,11
230270460025025,11
230270460025026,11
230270460025027,11
230270460025028,11
230270460025029,11
230270460025030,11
230270460025031,11
230270460025032,11
230270460025033,11
230270460025034,11
230270460025035,11
230270460025036,11
230270460025037,11
230270460025038,11
230270460025039,11
230270460025040,11
230270460025041,11
230270460025042,11
230270460025043,11
230270460025044,11
230270460025045,11
230270460025046,11
230270460025047,11
230270460025048,11
230270460025049,11
230270460025050,11
230270460025051,11
230270460025052,11
230270460025053,11
230270460025054,11
230270460025055,11
230270470001000,11
230270470001001,11
230270470001002,11
230270470001003,11
230270470001004,11
230270470001005,11
230270470001006,11
230270470001007,11
230270470001008,11
230270470001025,11
230270470001026,11
230270470001027,11
230270470001028,11
230270470001029,11
230270470001030,11
230270470001031,11
230270470001032,11
230270470001033,11
230270470001034,11
230270470001035,11
230270470001036,11
230270470001037,11
230270470001038,11
230270470001039,11
230270470001040,11
230270470001041,11
230270470001042,11
230270470001043,11
230270470001044,11
230270470001045,11
230270470001046,11
230270470001047,11
230270470001050,11
230270470001051,11
230270470001052,11
230270470001053,11
230270470001054,11
230270470001055,11
230270470001056,11
230270470001057,11
230270470001058,11
230270470001059,11
230270470001060,11
230270470001061,11
230270470001062,11
230270470001063,11
230270470001064,11
230270470001065,11
230270470001066,11
230270470001067,11
230270470001068,11
230270470001069,11
230270470001070,11
230270470001071,11
230270470001072,11
230270470001073,11
230270470001074,11
230270470001075,11
230270470001081,11
230270470001082,11
230270470001083,11
230270470001084,11
230270470001009,11
230270470001010,11
230270470001011,11
230270470001012,11
230270470001013,11
230270470001014,11
230270470001015,11
230270470001016,11
230270470001017,11
230270470001018,11
230270470001019,11
230270470001020,11
230270470001021,11
230270470001022,11
230270470001023,11
230270470001024,11
230270470001048,11
230270470001049,11
230270470001076,11
230270470001077,11
230270470001078,11
230270470001079,11
230270470001080,11
230270470002000,11
230270470002001,11
230270470002002,11
230270470002003,11
230270470002004,11
230270470002005,11
230270470002006,11
230270470002007,11
230270470002008,11
230270470002009,11
230270470002010,11
230270470002011,11
230270470002012,11
230270470002013,11
230270470002014,11
230270470002015,11
230270470002016,11
230270470002017,11
230270470002018,11
230270470002019,11
230270470002020,11
230270470002021,11
230270470002022,11
230270470002023,11
230270470002024,11
230270470002025,11
230270470002026,11
230270470002027,11
230270470002028,11
230270470002029,11
230270470002030,11
230270470002031,11
230270470002032,11
230270470002033,11
230270470002034,11
230270470002035,11
230270470002036,11
230270470002037,11
230270470002038,11
230270470002039,11
230270470002040,11
230270470002041,11
230270470002042,11
230270470002043,11
230270470002044,11
230270470002045,11
230270470002046,11
230270470002047,11
230270470002048,11
230270470002049,11
230270470002050,11
230270470003000,11
230270470003001,11
230270470003002,11
230270470003003,11
230270470003004,11
230270470003005,11
230270470003006,11
230270470003007,11
230270470003008,11
230270470003009,11
230270470003010,11
230270470003011,11
230270470003012,11
230270470003013,11
230270470003014,11
230270470003015,11
230270470003016,11
230270470003017,11
230270470003018,11
230270470003019,11
230270470003020,11
230270470003021,11
230270470003022,11
230270470003023,11
230270470003024,11
230270470003025,11
230270470003026,11
230270470003027,11
230270470003028,11
230270470003029,11
230270470003030,11
230270470003031,11
230270470003032,11
230270470003033,11
230270470003034,11
230270470003035,11
230270470003036,11
230270470004000,11
230270470004001,11
230270470004002,11
230270470004003,11
230270470004004,11
230270470004005,11
230270470004006,11
230270470004007,11
230270470004008,11
230270470004009,11
230270470004010,11
230270470004011,11
230270470004012,11
230270470004013,11
230270470004014,11
230270470004015,11
230270470004016,11
230270470004017,11
230270470004018,11
230270470004019,11
230270470004020,11
230270470004021,11
230270470004022,11
230270470004023,11
230270470004024,11
230270470004025,11
230270470004026,11
230270470004027,11
230270470004028,11
230270470004029,11
230270470004030,11
230270470004031,11
230270470004032,11
230270470004033,11
230270470004034,11
230270470004035,11
230270470004036,11
230270470004037,11
230270470004038,11
230270470004039,11
230270470004040,11
230310051001000,31
230310051001001,31
230310051001002,31
230310051001003,31
230310051001004,31
230310051001005,31
230310051001006,31
230310051001007,31
230310051001008,31
230310051001009,31
230310051001010,31
230310051001011,31
230310051001012,31
230310051001013,31
230310051001014,31
230310051001015,31
230310051001017,31
230310051001018,31
230310051001022,31
230310051001023,31
230310051001024,31
230310051001025,31
230310051001026,31
230310051001030,31
230310051001031,31
230310051001032,31
230310051001033,31
230310051001039,31
230310051001040,31
230310051001041,31
230310051001045,31
230310051001046,31
230310051001047,31
230310051002000,31
230310051002001,31
230310051002002,31
230310051002003,31
230310051002004,31
230310051002005,31
230310051002006,31
230310051002007,31
230310051002008,31
230310051002014,31
230310051002015,31
230310051002017,31
230310051002018,31
230310051002019,31
230310051001016,31
230310051001019,31
230310051001020,31
230310051001021,31
230310051001027,31
230310051001028,31
230310051001029,31
230310051001034,31
230310051001035,31
230310051001036,31
230310051001037,31
230310051001038,31
230310051001042,31
230310051001043,31
230310051001044,31
230310051001048,31
230310051001049,31
230310051003000,31
230310051003001,31
230310051003002,31
230310051003003,31
230310051003004,31
230310051003005,31
230310051003006,31
230310051003007,31
230310051003008,31
230310051003009,31
230310051003010,31
230310051003011,31
230310051003012,31
230310051003013,31
230310051003014,31
230310051003015,31
230310051003016,31
230310051003017,31
230310051003018,31
230310051003019,31
230310051003020,31
230310051003021,31
230310051003022,31
230310051003023,31
230310051003024,31
230310051003025,31
230310051003026,31
230310053021000,31
230310053021004,31
230310053021005,31
230310051002009,31
230310051002010,31
230310051002011,31
230310051002012,31
230310051002013,31
230310051002016,31
230310052001000,31
230310052001001,31
230310052001002,31
230310052001003,31
230310052001004,31
230310052001005,31
230310052001006,31
230310052001007,31
230310052001008,31
230310052001009,31
230310052001010,31
230310052001011,31
230310052001012,31
230310052001013,31
230310052001014,31
230310052001015,31
230310052001016,31
230310052001017,31
230310052001018,31
230310052001019,31
230310052001020,31
230310052001021,31
230310052001022,31
230310052001023,31
230310052001024,31
230310052001025,31
230310052001026,31
230310052001027,31
230310052001028,31
230310052001029,31
230310052001030,31
230310052001032,31
230310052001033,31
230310052001034,31
230310052001040,31
230310052001041,31
230310052002000,31
230310052002001,31
230310052002002,31
230310052002003,31
230310052002004,31
230310052002005,31
230310052002006,31
230310052002007,31
230310052002008,31
230310052002026,31
230310052003000,31
230310052003001,31
230310052003002,31
230310052003003,31
230310052003004,31
230310052003005,31
230310052003006,31
230310052003007,31
230310052003008,31
230310052003009,31
230310052003010,31
230310052003011,31
230310052001031,31
230310052001035,31
230310052001036,31
230310052001037,31
230310052001038,31
230310052001039,31
230310052001042,31
230310052001043,31
230310052001044,31
230310053011000,31
230310053011001,31
230310053011002,31
230310053011003,31
230310053011004,31
230310053011005,31
230310053011015,31
230310053011016,31
230310053011017,31
230310053011018,31
230310053012018,31
230310053012019,31
230310053012020,31
230310053012021,31
230310053012022,31
230310053013000,31
230310053013001,31
230310053013002,31
230310053013003,31
230310053013004,31
230310053013005,31
230310053013006,31
230310053013007,31
230310053013008,31
230310053013009,31
230310053013010,31
230310053013011,31
230310053013012,31
230310053013013,31
230310053013014,31
230310053013015,31
230310053013016,31
230310052001045,31
230310052001046,31
230310052002009,31
230310052002010,31
230310052002011,31
230310052002012,31
230310052002013,31
230310052002014,31
230310052002015,31
230310052002016,31
230310052002017,31
230310052002018,31
230310052002019,31
230310052002020,31
230310052002021,31
230310052002022,31
230310052002023,31
230310052002024,31
230310052002025,31
230310052003012,31
230310052003013,31
230310052003014,31
230310052003016,31
230310052003017,31
230310053012000,31
230310053012001,31
230310053012002,31
230310053012003,31
230310053012004,31
230310053012005,31
230310053012006,31
230310053012007,31
230310053012008,31
230310053012009,31
230310053012010,31
230310053012011,31
230310053012012,31
230310053012013,31
230310053012014,31
230310053012017,31
230310053012023,31
230310053012024,31
230310053012025,31
230310053012026,31
230310053012027,31
230310053012028,31
230310052003015,31
230310053012015,31
230310053012016,31
230310054001000,31
230310054001001,31
230310054001002,31
230310054001003,31
230310054001004,31
230310054001005,31
230310054001006,31
230310054001007,31
230310054001008,31
230310054001009,31
230310054001010,31
230310054001011,31
230310054001012,31
230310054001013,31
230310054001014,31
230310054001015,31
230310054001016,31
230310054001017,31
230310054001018,31
230310054001019,31
230310054001020,31
230310054001021,31
230310054001022,31
230310054001023,31
230310054001024,31
230310054001025,31
230310054001026,31
230310054001027,31
230310054001028,31
230310054002000,31
230310054002001,31
230310054002002,31
230310054002003,31
230310054002004,31
230310054002005,31
230310054002006,31
230310054002007,31
230310054002008,31
230310054002009,31
230310054002010,31
230310054002011,31
230310054002012,31
230310054002013,31
230319901000006,31
230319901000007,31
230310053011006,31
230310053011007,31
230310053011008,31
230310053011009,31
230310053011010,31
230310053011011,31
230310053011012,31
230310053011013,31
230310053011014,31
230310053011019,31
230310053021001,31
230310053021002,31
230310053021003,31
230310053021006,31
230310053021007,31
230310053021008,31
230310053021009,31
230310053021010,31
230310053021011,31
230310053021012,31
230310053021013,31
230310053021014,31
230310053021015,31
230310053021016,31
230310053021017,31
230310053021018,31
230310053022000,31
230310053022001,31
230310053022002,31
230310053022003,31
230310053022004,31
230310053022005,31
230310053022006,31
230310053022007,31
230310053022008,31
230310053022009,31
230310053022010,31
230310053022011,31
230310061031000,31
230310061031001,31
230310061031002,31
230310061031003,31
230310061031004,31
230310061031005,31
230310061031006,31
230310061031007,31
230310061031008,31
230310061031009,31
230310061031010,31
230310061031011,31
230310061031012,31
230310061031013,31
230310061031014,31
230310061031015,31
230310061031016,31
230310061031017,31
230310061031018,31
230310061031019,31
230310061032000,31
230310061032001,31
230310061032002,31
230310061032003,31
230310061032004,31
230310061032005,31
230310061032006,31
230310061032007,31
230310061033000,31
230310061033001,31
230310061033002,31
230310061033003,31
230310061033004,31
230310061033005,31
230310061033006,31
230310061033007,31
230310061033008,31
230310061033009,31
230310061033010,31
230310061041000,31
230310061041001,31
230310061041002,31
230310061041003,31
230310061041004,31
230310061041005,31
230310061041006,31
230310061041007,31
230310061041008,31
230310061041009,31
230310061041010,31
230310061041011,31
230310061041012,31
230310061042000,31
230310061042001,31
230310061042002,31
230310061042003,31
230310061042004,31
230310061042005,31
230310061042006,31
230310061042007,31
230310061042008,31
230310061042009,31
230310061042010,31
230310061042011,31
230310061043000,31
230310061043001,31
230310061043002,31
230310061043003,31
230310061043004,31
230310061043005,31
230310061043006,31
230310061043007,31
230310061043008,31
230310061043009,31
230310061043010,31
230310061043011,31
230310061043012,31
230310061043013,31
230310061043014,31
230310061043015,31
230310061043016,31
230310061043017,31
230310061043018,31
230310061043019,31
230310061051000,31
230310061051001,31
230310061051002,31
230310061051003,31
230310061051004,31
230310061051005,31
230310061051006,31
230310061051007,31
230310061051008,31
230310061051009,31
230310061051010,31
230310061051011,31
230310061051012,31
230310061051013,31
230310061051014,31
230310061051015,31
230310061051016,31
230310061051017,31
230310061051018,31
230310061051019,31
230310061051020,31
230310061051021,31
230310061051022,31
230310061051023,31
230310061051024,31
230310061051025,31
230310061051026,31
230310061051027,31
230310061051028,31
230310061052000,31
230310061052001,31
230310061052002,31
230310061052003,31
230310061052004,31
230310061052005,31
230310061052006,31
230310061052007,31
230310061052008,31
230310061052009,31
230310061052010,31
230310061052011,31
230310061052012,31
230310061052013,31
230310061052014,31
230310061052015,31
230310061052016,31
230310061052017,31
230310061052018,31
230310061052019,31
230310061052020,31
230310061061000,31
230310061061001,31
230310061061002,31
230310061061003,31
230310061061004,31
230310061061005,31
230310061061006,31
230310061061007,31
230310061061008,31
230310061061009,31
230310061061010,31
230310061061011,31
230310061061012,31
230310061061013,31
230310061061014,31
230310061061015,31
230310061061016,31
230310061061017,31
230310061061018,31
230310061061019,31
230310061061020,31
230310061061021,31
230310061061022,31
230310061061023,31
230310061061024,31
230310061061025,31
230310061061026,31
230310061061027,31
230310061061028,31
230310061061029,31
230310061061030,31
230310061061031,31
230310061061032,31
230310061061033,31
230310061061034,31
230310061061035,31
230310061061036,31
230310061061037,31
230310061061038,31
230310061061039,31
230310061061040,31
230310061061041,31
230310061061042,31
230310061061043,31
230310061061044,31
230310061061045,31
230310061061046,31
230310061061047,31
230310061061048,31
230310061061049,31
230310061061050,31
230310061061051,31
230310061061052,31
230310061061053,31
230310061061054,31
230310061061055,31
230310061061056,31
230310061061057,31
230310061061058,31
230310061062000,31
230310061062001,31
230310061062002,31
230310061062003,31
230310061062004,31
230310061062005,31
230310061062006,31
230310061062007,31
230310061062008,31
230310061062009,31
230310061062010,31
230310061062011,31
230310061062012,31
230310061062013,31
230310061062014,31
230310061062015,31
230310061062016,31
230310061062017,31
230310061062018,31
230310061062019,31
230310061062020,31
230310061062021,31
230310061062022,31
230310061062023,31
230310061062024,31
230310061062025,31
230310061062026,31
230310061062027,31
230310061062028,31
230310061062029,31
230310061062030,31
230310061062031,31
230310061062032,31
230310061063000,31
230310061063001,31
230310061063002,31
230310061063003,31
230310061063004,31
230310061063005,31
230310061063006,31
230310061063007,31
230310061063008,31
230310061063009,31
230310061063010,31
230310061063011,31
230310061063012,31
230310061063013,31
230310061063014,31
230310061063015,31
230310061063016,31
230310061063017,31
230319901000001,31
230319901000002,31
230319901000003,31
230319901000004,31
230319901000005,31
230310210001000,31
230310210001001,31
230310210001002,31
230310210001003,31
230310210001004,31
230310210001005,31
230310210001006,31
230310210001007,31
230310210001008,31
230310210001009,31
230310210001010,31
230310210001011,31
230310210001012,31
230310210001013,31
230310210001014,31
230310210001015,31
230310210001016,31
230310210001017,31
230310210001018,31
230310210001019,31
230310210001020,31
230310210001021,31
230310210001022,31
230310210001023,31
230310210001024,31
230310210001025,31
230310210001026,31
230310210001027,31
230310210001028,31
230310210001029,31
230310210001030,31
230310210001031,31
230310210001032,31
230310210001033,31
230310210001034,31
230310210001035,31
230310210001036,31
230310210001037,31
230310210001038,31
230310210001039,31
230310210001040,31
230310210001041,31
230310210002000,31
230310210002001,31
230310210002002,31
230310210002003,31
230310210002004,31
230310210002005,31
230310210002006,31
230310210002007,31
230310210002008,31
230310210002009,31
230310210002010,31
230310210002011,31
230310210002012,31
230310210002013,31
230310210002014,31
230310210002015,31
230310210002016,31
230310210002017,31
230310210002018,31
230310210002019,31
230310210002020,31
230310210002021,31
230310210002022,31
230310210002023,31
230310210002024,31
230310210002025,31
230310210002026,31
230310210002027,31
230310210002028,31
230310210002029,31
230310210002030,31
230310210002031,31
230310210002032,31
230310210002033,31
230310210002034,31
230310210002035,31
230310210002036,31
230310210002037,31
230310210002038,31
230310210002039,31
230310210002040,31
230310210002041,31
230310210002042,31
230310210002043,31
230310210002044,31
230310210002045,31
230310210002046,31
230310210003000,31
230310210003001,31
230310210003002,31
230310210003003,31
230310210003004,31
230310210003005,31
230310210003006,31
230310210003007,31
230310210003008,31
230310210003009,31
230310210003010,31
230310210003011,31
230310210003012,31
230310210003013,31
230310210003014,31
230310210003015,31
230310210003016,31
230310210003017,31
230310210003018,31
230310210003019,31
230310210003020,31
230310210003021,31
230310210003022,31
230310210003023,31
230310210003024,31
230310210003025,31
230310210003026,31
230310210003027,31
230310210003028,31
230310210003029,31
230310220001000,31
230310220001001,31
230310220001002,31
230310220001003,31
230310220001004,31
230310220001005,31
230310220001006,31
230310220001007,31
230310220001008,31
230310220001009,31
230310220001010,31
230310220001011,31
230310220001012,31
230310220001013,31
230310220001014,31
230310220001015,31
230310220001016,31
230310220001017,31
230310220001018,31
230310220001019,31
230310220001020,31
230310220001021,31
230310220001022,31
230310220001023,31
230310220001024,31
230310220001025,31
230310220001026,31
230310220001027,31
230310220001028,31
230310220001029,31
230310220001030,31
230310220001031,31
230310220001032,31
230310220001033,31
230310220001034,31
230310220001035,31
230310220001036,31
230310220001037,31
230310220001038,31
230310220001039,31
230310220001040,31
230310220001041,31
230310220001042,31
230310220001043,31
230310220001044,31
230310220001045,31
230310220001046,31
230310220001047,31
230310220001048,31
230310220001049,31
230310220002000,31
230310220002001,31
230310220002002,31
230310220002003,31
230310220002004,31
230310220002005,31
230310220002006,31
230310220002007,31
230310220002008,31
230310220002009,31
230310220002010,31
230310220002011,31
230310220002012,31
230310220002013,31
230310220002014,31
230310220002015,31
230310220002016,31
230310220002017,31
230310220002018,31
230310220002019,31
230310220002020,31
230310220002021,31
230310220002022,31
230310220002023,31
230310220002024,31
230310220002025,31
230310220002026,31
230310220002027,31
230310220002028,31
230310220002029,31
230310220002030,31
230310220002031,31
230310220002032,31
230310220002033,31
230310220002034,31
230310220002035,31
230310220002036,31
230310220002037,31
230310220002038,31
230310220002039,31
230310220002040,31
230310220002041,31
230310220002042,31
230310220002043,31
230310220002044,31
230310220002045,31
230310220002046,31
230310220002047,31
230310220002048,31
230310220002049,31
230310220002050,31
230310220002051,31
230310220002052,31
230310220002053,31
230310220002054,31
230310220002055,31
230310220002056,31
230310220002057,31
230310220002058,31
230310220002059,31
230310220002060,31
230310225001000,33
230310225001001,33
230310225001002,33
230310225001003,33
230310225001004,33
230310225001005,33
230310225001006,33
230310225001007,33
230310225001008,33
230310225001009,33
230310225001010,33
230310225001011,33
230310225001012,33
230310225001013,33
230310225001014,33
230310225001015,33
230310225001016,33
230310225001017,33
230310225001018,33
230310225001019,33
230310225001020,33
230310225001021,33
230310225001022,33
230310225001023,33
230310225001024,33
230310225001025,33
230310225001026,33
230310225001027,33
230310225001028,33
230310225001029,33
230310225001030,33
230310225001031,33
230310225001032,33
230310225001033,33
230310225001034,33
230310225001035,33
230310225001036,33
230310225001037,33
230310225001038,33
230310225001039,33
230310225001040,33
230310225001041,33
230310225001042,33
230310225001043,33
230310225001044,33
230310225001045,33
230310225001046,33
230310225001047,33
230310225001048,33
230310225001049,33
230310225001050,33
230310225001051,33
230310225001052,33
230310225001053,33
230310225001054,33
230310225001055,33
230310225001056,33
230310225001057,33
230310225001058,33
230310225001059,33
230310225001060,33
230310225001061,33
230310225001062,33
230310225001063,33
230310225001064,33
230310225002000,33
230310225002001,33
230310225002002,33
230310225002003,33
230310225002004,33
230310225002005,33
230310225002006,33
230310225002007,33
230310225002008,33
230310225002009,33
230310225002010,33
230310225002011,33
230310225002012,33
230310225002013,33
230310225002014,33
230310225002015,33
230310225002016,33
230310225002017,33
230310225002018,33
230310225002019,33
230310225002020,33
230310225002021,33
230310225002022,33
230310225002023,33
230310225002024,33
230310225002025,33
230310225002026,33
230310225002027,33
230310225002028,33
230310225002029,33
230310225002030,33
230310225002031,33
230310225002032,33
230310225002033,33
230310225002034,33
230310225002035,33
230310225002036,33
230310225002037,33
230310225002038,33
230310225002039,33
230310225002040,33
230310225002041,33
230310225002042,33
230310225002043,33
230310225002044,33
230310225002045,33
230310225002046,33
230310225002047,33
230310225002048,33
230310225003000,33
230310225003001,33
230310225003002,33
230310225003003,33
230310225003004,33
230310225003005,33
230310225003006,33
230310225003007,33
230310225003008,33
230310225003009,33
230310225003010,33
230310225003011,33
230310225003012,33
230310225003013,33
230310225003014,33
230310225003015,33
230310225003016,33
230310225003017,33
230310225003018,33
230310225003019,33
230310225003020,33
230310225003021,33
230310225003022,33
230310225003023,33
230310225003024,33
230310225003025,33
230310225003026,33
230310225003027,33
230310225003028,33
230310225003029,33
230310225003030,33
230310225003031,33
230310225003032,33
230310225003033,33
230310225003034,33
230310225003035,33
230310225003036,33
230310225003037,33
230310225003038,33
230310225003039,33
230310225003040,33
230310225003041,33
230310225003042,33
230310225003043,33
230310225003044,33
230310225003045,33
230310225003046,33
230310225003047,33
230310225003048,33
230310225003049,33
230310225003050,33
230310225003051,33
230310230001000,33
230310230001001,33
230310230001002,33
230310230001003,33
230310230001004,33
230310230001005,33
230310230001006,33
230310230001007,33
230310230001008,33
230310230001009,33
230310230001010,33
230310230001011,33
230310230001012,33
230310230001013,33
230310230001014,33
230310230001015,33
230310230001016,33
230310230001017,33
230310230001018,33
230310230001019,33
230310230001020,33
230310230001021,33
230310230001022,33
230310230001023,33
230310230001024,33
230310230001025,33
230310230001026,33
230310230001027,33
230310230001028,33
230310230001029,33
230310230001030,33
230310230001031,33
230310230001032,33
230310230001033,33
230310230001034,33
230310230001035,33
230310230001036,33
230310230001037,33
230310230001038,33
230310230001039,33
230310230001040,33
230310230001041,33
230310230001042,33
230310230001043,33
230310230001044,33
230310230001045,33
230310230001046,33
230310230001047,33
230310230001048,33
230310230001049,33
230310230001050,33
230310230001051,33
230310230001052,33
230310230001053,33
230310230001054,33
230310230001055,33
230310230001056,33
230310230001057,33
230310230001058,33
230310230001059,33
230310230001060,33
230310230001061,33
230310230001062,33
230310230001063,33
230310230001064,33
230310230001065,33
230310230001066,33
230310230001067,33
230310230001068,33
230310230001069,33
230310230001070,33
230310230001071,33
230310230001072,33
230310230001073,33
230310230001074,33
230310230001075,33
230310230001076,33
230310230001077,33
230310230001078,33
230310230001079,33
230310230001080,33
230310230001081,33
230310230001082,33
230310230001083,33
230310230002000,33
230310230002001,33
230310230002002,33
230310230002003,33
230310230002004,33
230310230002005,33
230310230002006,33
230310230002007,33
230310230002008,33
230310230002009,33
230310230002010,33
230310230002011,33
230310230002012,33
230310230002013,33
230310230002014,33
230310230002015,33
230310230002016,33
230310230002017,33
230310230002018,33
230310230002019,33
230310230002020,33
230310230002021,33
230310230002022,33
230310230002023,33
230310230002024,33
230310230002025,33
230310230002026,33
230310230002027,33
230310230002028,33
230310230002029,33
230310230002030,33
230310230002031,33
230310230002032,33
230310230002033,33
230310230002034,33
230310230002035,33
230310230002036,33
230310230002037,33
230310230002038,33
230310230002039,33
230310230002040,33
230310230002041,33
230310230002042,33
230310230002043,33
230310230002044,33
230310230002045,33
230310230002046,33
230310230002047,33
230310230002048,33
230310230002049,33
230310235011000,34
230310235011001,34
230310235011002,34
230310235011003,34
230310235011004,34
230310235011005,34
230310235011006,34
230310235011007,34
230310235011008,34
230310235011009,34
230310235011010,34
230310235011011,34
230310235011012,34
230310235011013,34
230310235011014,34
230310235011015,34
230310235011016,34
230310235011017,34
230310235011018,34
230310235011019,34
230310235011020,34
230310235011021,34
230310235011022,34
230310235011023,34
230310235011024,34
230310235011025,34
230310235011026,34
230310235011027,34
230310235011028,34
230310235011029,34
230310235011030,34
230310235011031,34
230310235011032,34
230310235011033,34
230310235011034,34
230310235011035,34
230310235011036,34
230310235011037,34
230310235011038,34
230310235011039,34
230310235011040,34
230310235011041,34
230310235011042,34
230310235011043,34
230310235011044,34
230310235011045,34
230310235011046,34
230310235011047,34
230310235011048,34
230310235011049,34
230310235011050,34
230310235011051,34
230310235011052,34
230310235011053,34
230310235012000,34
230310235012001,34
230310235012002,34
230310235012003,34
230310235012004,34
230310235012005,34
230310235012006,34
230310235012007,34
230310235012008,34
230310235012009,34
230310235012010,34
230310235012011,34
230310235012012,34
230310235012013,34
230310235012014,34
230310235012015,34
230310235012016,34
230310235012017,34
230310235012018,34
230310235012019,34
230310235012020,34
230310235012021,34
230310235012022,34
230310235012023,34
230310235012024,34
230310235012025,34
230310235012026,34
230310235012027,34
230310235012028,34
230310235012029,34
230310235013000,33
230310235013001,33
230310235013002,33
230310235013003,33
230310235013004,33
230310235013005,33
230310235013006,33
230310235013007,33
230310235013008,33
230310235013009,33
230310235013010,33
230310235013011,33
230310235013012,33
230310235013013,33
230310235013014,33
230310235013015,33
230310235013016,33
230310235013017,33
230310235013018,33
230310235013019,33
230310235013020,33
230310235013021,33
230310235013022,33
230310235013023,33
230310235013024,33
230310235013025,33
230310235013026,33
230310235013027,33
230310235013028,33
230310235013029,33
230310235013030,33
230310235013031,33
230310235013032,33
230310235013033,33
230310235013034,33
230310235013035,33
230310235013036,33
230310235013037,33
230310235013038,33
230310235013039,33
230310235013040,33
230310235013041,33
230310235013042,33
230310235013043,33
230310235013044,33
230310235021000,33
230310235021001,33
230310235021002,33
230310235021003,33
230310235021004,33
230310235021005,33
230310235021006,33
230310235021007,33
230310235021008,33
230310235021009,33
230310235021010,33
230310235021011,33
230310235021012,33
230310235021013,33
230310235021014,33
230310235021015,33
230310235021016,33
230310235021017,33
230310235021018,33
230310235021019,33
230310235021020,33
230310235021021,33
230310235021022,33
230310235024000,33
230310235024001,33
230310235024002,33
230310235024003,33
230310235024004,33
230310235024005,33
230310235024006,33
230310235024007,33
230310235024008,33
230310235024009,33
230310235024010,33
230310235024011,33
230310235024012,33
230310235024013,33
230310235024014,33
230310235024015,33
230310235024016,33
230310235024017,33
230310235024018,33
230310235024019,33
230310235024020,33
230310235024021,33
230310235024022,33
230310235024023,33
230310235024024,33
230310235024025,33
230310235024026,33
230310235024027,33
230310235024028,33
230310235024029,33
230310235024030,33
230310235024031,33
230310235024032,33
230310235024033,33
230310235024034,33
230310235024035,33
230310235024036,33
230310235024037,33
230310235024038,33
230310235024039,33
230310235024040,33
230310235024041,33
230310235024042,33
230310235024043,33
230310235024044,33
230310235024045,33
230310235024046,33
230310235024047,33
230310235024048,33
230310235024049,33
230310235024050,33
230310235024051,33
230310235024052,33
230310235024053,33
230310235024054,33
230310235024055,33
230310235024056,33
230310235024057,33
230310235024058,33
230310235024059,33
230310235024060,33
230310235022000,33
230310235022001,33
230310235022002,33
230310235022003,33
230310235022004,33
230310235022005,33
230310235022006,33
230310235022007,33
230310235022008,33
230310235022009,33
230310235022010,33
230310235022011,33
230310235022012,33
230310235022013,33
230310235022014,33
230310235022015,33
230310235022016,33
230310235022017,33
230310235022018,33
230310235022019,33
230310235022020,33
230310235022021,33
230310235022022,33
230310235022023,33
230310235022024,33
230310235022025,33
230310235022026,33
230310235022027,33
230310235022028,33
230310235022029,33
230310235022030,33
230310235022031,33
230310235022032,33
230310235022033,33
230310235022034,33
230310235022035,33
230310235022036,33
230310235022037,33
230310235022038,33
230310235022039,33
230310235022040,33
230310235022041,33
230310235022042,33
230310235022043,33
230310235022044,33
230310235022045,33
230310235022046,33
230310235022047,33
230310235022048,33
230310235023000,33
230310235023001,33
230310235023002,33
230310235023003,33
230310235023004,33
230310235023005,33
230310235023006,33
230310235023007,33
230310235023008,33
230310235023009,33
230310235023010,33
230310235023011,33
230310235023012,33
230310235023013,33
230310235023014,33
230310235023015,33
230310235023016,33
230310235023017,33
230310235023018,33
230310235023019,33
230310235023020,33
230310235023021,33
230310235023022,33
230310235023023,33
230310235023024,33
230310235023025,33
230310235023026,33
230310235023027,33
230310235023028,33
230310235023029,33
230310235023030,33
230310235023031,33
230310235023032,33
230310235023033,33
230310235023034,33
230310240011000,33
230310240011001,33
230310240011002,33
230310240011003,33
230310240011004,33
230310240011005,33
230310240011006,33
230310240011007,33
230310240011008,33
230310240011009,33
230310240011010,33
230310240011011,33
230310240011012,33
230310240011013,33
230310240011014,33
230310240011015,33
230310240011016,33
230310240011017,33
230310240011018,33
230310240011019,33
230310240011020,33
230310240011021,33
230310240011022,33
230310240011023,33
230310240011024,33
230310240011025,33
230310240011026,33
230310240011027,33
230310240011028,33
230310240011029,33
230310240011030,33
230310240011031,33
230310240011032,33
230310240012000,33
230310240012001,33
230310240012002,33
230310240012003,33
230310240012004,33
230310240012005,33
230310240012006,33
230310240012007,33
230310240012008,33
230310240012009,33
230310240012010,33
230310240012011,33
230310240012012,33
230310240012013,33
230310240012014,33
230310240012015,33
230310240012016,33
230310240012017,33
230310240012018,33
230310240012019,33
230310240012020,33
230310240012021,33
230310240012022,33
230310240012023,33
230310240012024,33
230310240012025,33
230310240012026,33
230310240012027,33
230310240012028,33
230310240012029,33
230310240012030,33
230310240012031,33
230310240012032,33
230310240012033,33
230310240012034,33
230310240012035,33
230310240012036,33
230310240012037,33
230310240012038,33
230310240012039,33
230310240012040,33
230310240012041,33
230310240012042,33
230310240012043,33
230310240012044,33
230310240012045,33
230310240012046,33
230310240012047,33
230310240012048,33
230310240012049,33
230310240021000,33
230310240021001,33
230310240021002,33
230310240021003,33
230310240021004,33
230310240021005,33
230310240021006,33
230310240021007,33
230310240021008,33
230310240021009,33
230310240021010,33
230310240021011,33
230310240021012,33
230310240021013,33
230310240021014,33
230310240021015,33
230310240021016,33
230310240021017,33
230310240021018,33
230310240021019,33
230310240021020,33
230310240021021,33
230310240021022,33
230310240022000,33
230310240022001,33
230310240022002,33
230310240022003,33
230310240022004,33
230310240022005,33
230310240022006,33
230310240022007,33
230310240022008,33
230310240022009,33
230310240022010,33
230310240022011,33
230310240022012,33
230310240022013,33
230310240022014,33
230310240022015,33
230310240022016,33
230310240022017,33
230310240022018,33
230310240022019,33
230310240022020,33
230310240022021,33
230310240022022,33
230310240022023,33
230310240022024,33
230310240022025,33
230310240022026,33
230310240022027,33
230310240022028,33
230310240022029,33
230310240022030,33
230310240022031,33
230310240022032,33
230310240022033,33
230310240022034,33
230310240022035,33
230310240022036,33
230310240022037,33
230310240022038,33
230310240022039,33
230310240022040,33
230310240022041,33
230310240022042,33
230310240022043,33
230310240022044,33
230310240022045,33
230310240022046,33
230310240022047,33
230310240022048,33
230310240022049,33
230310240022050,33
230310240022051,33
230310240022052,33
230310240022053,33
230310240022054,33
230310240022055,33
230310240022056,33
230310240022057,33
230310240023000,33
230310240023001,33
230310240023002,33
230310240023003,33
230310240023004,33
230310240023005,33
230310240023006,33
230310240023007,33
230310240023008,33
230310240023009,33
230310240023010,33
230310240023011,33
230310240023012,33
230310240023013,33
230310240023014,33
230310240023015,33
230310240023016,33
230310240023017,33
230310240023018,33
230310240023019,33
230310240023020,33
230310240023021,33
230310240023022,33
230310240023023,33
230310240023024,33
230310240023025,33
230310240023026,33
230310245011000,32
230310245011001,32
230310245011002,32
230310245011003,32
230310245011004,32
230310245011005,32
230310245011006,32
230310245011007,32
230310245011008,32
230310245011009,32
230310245011010,32
230310245011011,32
230310245011012,32
230310245011013,32
230310245011014,32
230310245011015,32
230310245011016,32
230310245011017,32
230310245011018,32
230310245011019,32
230310245011020,32
230310245011021,32
230310245011022,32
230310245011023,32
230310245011024,32
230310245011025,32
230310245011026,32
230310245011027,32
230310245011028,32
230310245011029,32
230310245011030,32
230310245011031,32
230310245011032,32
230310245011033,32
230310245011034,32
230310245011035,32
230310245011036,32
230310245011037,32
230310245011038,32
230310245011039,32
230310245011040,32
230310245011041,32
230310245011042,32
230310245011043,32
230310245012000,32
230310245012001,32
230310245012002,32
230310245012003,32
230310245012004,32
230310245012005,32
230310245012006,32
230310245012007,32
230310245012008,32
230310245012009,32
230310245012010,32
230310245012011,32
230310245012012,32
230310245012013,32
230310245012014,32
230310245012015,32
230310245012016,32
230310245012017,32
230310245012018,32
230310245012019,32
230310245012020,32
230310245012021,32
230310245012022,32
230310245012023,32
230310245012024,32
230310245012025,32
230310245012026,32
230310245012027,32
230310245012028,32
230310245012029,32
230310245012030,32
230310245012031,32
230310245012032,32
230310245012033,32
230310245012034,32
230310245013000,32
230310245013001,32
230310245013002,32
230310245013003,32
230310245013004,32
230310245013005,32
230310245013006,32
230310245013007,32
230310245013008,32
230310245013009,32
230310245013010,32
230310245013011,32
230310245013012,32
230310245013013,32
230310245013014,32
230310245013015,32
230310245013016,32
230310245013017,32
230310245013018,32
230310245013019,32
230310245013020,32
230310245013021,32
230310245013022,32
230310245013023,32
230310245013024,32
230310245013025,32
230310245013026,32
230310245013027,32
230310245013028,32
230310245013029,32
230310245021000,32
230310245021001,32
230310245021002,32
230310245021003,32
230310245021004,32
230310245021005,32
230310245021006,32
230310245021007,32
230310245021008,32
230310245021009,32
230310245021010,32
230310245021011,32
230310245021012,32
230310245021013,32
230310245021014,32
230310245021015,32
230310245021016,32
230310245021017,32
230310245021018,32
230310245021019,32
230310245021020,32
230310245021021,32
230310245021022,32
230310245021023,32
230310245021024,32
230310245021025,32
230310245021026,32
230310245021027,32
230310245021028,32
230310245021029,32
230310245021030,32
230310245021031,32
230310245021032,32
230310245021033,32
230310245021034,32
230310245021035,32
230310245021036,32
230310245021037,32
230310245021038,32
230310245021039,32
230310245021040,32
230310245021041,32
230310245021042,32
230310245021043,32
230310245021044,32
230310245021045,32
230310245021046,32
230310245021047,32
230310245021048,32
230310245021049,32
230310245021050,32
230310245021051,32
230310245021052,32
230310245021053,32
230310245021054,32
230310245021055,32
230310251001000,32
230310251001001,32
230310251001002,32
230310251001003,32
230310251001004,32
230310251001005,32
230310251001006,32
230310251001007,32
230310251001008,32
230310251001009,32
230310251001010,32
230310251001011,32
230310251001012,32
230310251001013,32
230310251001014,32
230310251001015,32
230310251001016,32
230310251001017,32
230310251001018,32
230310251001019,32
230310251001020,32
230310251001021,32
230310251002000,32
230310251002001,32
230310251002002,32
230310251002003,32
230310251002004,32
230310251002005,32
230310251002006,32
230310251002007,32
230310251002008,32
230310251002009,32
230310251002010,32
230310251002011,32
230310251002012,32
230310251002013,32
230310251002014,32
230310251002015,32
230310251002016,32
230310251002017,32
230310251003000,32
230310251003001,32
230310251003002,32
230310251003003,32
230310251003004,32
230310251003005,32
230310251003006,32
230310251003007,32
230310251003008,32
230310251003009,32
230310251003010,32
230310251003011,32
230310251003012,32
230310251003013,32
230310251003014,32
230310251003015,32
230310251003016,32
230310251003017,32
230310251003018,32
230310251003019,32
230310251003020,32
230310251003021,32
230310251003022,32
230310251003023,32
230310251003024,32
230310251003025,32
230310251003026,32
230310251003027,32
230310251003028,32
230310251003029,32
230310251003030,32
230310251003031,32
230310251003032,32
230310251003033,32
230310251003034,32
230310251003035,32
230310251003036,32
230310251003037,32
230310251003038,32
230310251003039,32
230310251003040,32
230310252031000,32
230310252031001,32
230310252031002,32
230310252031003,32
230310252031004,32
230310252031005,32
230310252031006,32
230310252031007,32
230310252031008,32
230310252031009,32
230310252031010,32
230310252031011,32
230310252031012,32
230310252031013,32
230310252031014,32
230310252031015,32
230310252032000,32
230310252032001,32
230310252032002,32
230310252032003,32
230310252032004,32
230310252032005,32
230310252032006,32
230310252033000,32
230310252033001,32
230310252033002,32
230310252033003,32
230310252033004,32
230310252033005,32
230310252033006,32
230310252033007,32
230310252033008,32
230310252033009,32
230310252033010,32
230310252041000,32
230310252041001,32
230310252041002,32
230310252041003,32
230310252041004,32
230310252041005,32
230310252041006,32
230310252041007,32
230310252041008,32
230310252041009,32
230310252041010,32
230310252041011,32
230310252041012,32
230310252041013,32
230310252041014,32
230310252041015,32
230310252041016,32
230310252041017,32
230310252041018,32
230310252042000,32
230310252042001,32
230310252042002,32
230310252042003,32
230310252042004,32
230310252042005,32
230310252042006,32
230310252042007,32
230310252042008,32
230310252042009,32
230310252042010,32
230310252051000,32
230310252051001,32
230310252051002,32
230310252051003,32
230310252051004,32
230310252051005,32
230310252051006,32
230310252051007,32
230310252052000,32
230310252052001,32
230310252052002,32
230310252052003,32
230310252052004,32
230310252052005,32
230310252052006,32
230310252052007,32
230310252052008,32
230310252052009,32
230310252052010,32
230310252052011,32
230310252052012,32
230310252052013,32
230310252052014,32
230310252052015,32
230310252052016,32
230310252052017,32
230310252052018,32
230310252052019,32
230310252052020,32
230310252052021,32
230310252052022,32
230310252052023,32
230310252052024,32
230310252052025,32
230310252053000,32
230310252053001,32
230310252053002,32
230310252053003,32
230310252053004,32
230310252053005,32
230310252053006,32
230310252053007,32
230310252053008,32
230310252053009,32
230310252053010,32
230310252053011,32
230310252053012,32
230310252053013,32
230310252053014,32
230310252053015,32
230310252061000,32
230310252061001,32
230310252061002,32
230310252061003,32
230310252061004,32
230310252061005,32
230310252061006,32
230310252061007,32
230310252061008,32
230310252061009,32
230310252061010,32
230310252061011,32
230310252061012,32
230310252061013,32
230310252061014,32
230310252062000,32
230310252062001,32
230310252062002,32
230310252062003,32
230310252062004,32
230310252062005,32
230310252062006,32
230310252062007,32
230310252062008,32
230310252062009,32
230310252062010,32
230310252062011,32
230310252062012,32
230310252062013,32
230310252062014,32
230310252062015,32
230310252062016,32
230310252062017,32
230310252063000,32
230310252063001,32
230310252063002,32
230310252063003,32
230310252063004,32
230310252063005,32
230310252063006,32
230310252063007,32
230310252063008,32
230310252063009,32
230310252063010,32
230310252063011,32
230310252063012,32
230310252064000,32
230310252064001,32
230310252064002,32
230310252064003,32
230310252064004,32
230310252064005,32
230310252064006,32
230310252064007,32
230310252064008,32
230310252064009,32
230310253001000,32
230310253001001,32
230310253001002,32
230310253001003,32
230310253001004,32
230310253001005,32
230310253001006,32
230310253001007,32
230310253001008,32
230310253001009,32
230310253001010,32
230310253001011,32
230310253001012,32
230310253001013,32
230310253001014,32
230310253001015,32
230310253001016,32
230310253001017,32
230310253001018,32
230310253002000,32
230310253002001,32
230310253002002,32
230310253002003,32
230310253002004,32
230310253002005,32
230310253002006,32
230310253002007,32
230310253002008,32
230310253002009,32
230310253002010,32
230310253002011,32
230310253002012,32
230310253002013,32
230310253002014,32
230310253002015,32
230310253002016,32
230310253002017,32
230310253002018,32
230310253002019,32
230310254001000,32
230310254001001,32
230310254001002,32
230310254001003,32
230310254001004,32
230310254001005,32
230310254001006,32
230310254001007,32
230310254001008,32
230310254001009,32
230310254001010,32
230310254001011,32
230310254001012,32
230310254001013,32
230310254001014,32
230310254001015,32
230310254001016,32
230310254001017,32
230310254001018,32
230310254001019,32
230310254001020,32
230310254001021,32
230310254001022,32
230310254001023,32
230310254001024,32
230310254001025,32
230310254001026,32
230310254001027,32
230310254001028,32
230310254001029,32
230310254001030,32
230310254001031,32
230310254001032,32
230310254001033,32
230310254002000,32
230310254002001,32
230310254002002,32
230310254002003,32
230310254002004,32
230310254002005,32
230310254002006,32
230310254002007,32
230310254002008,32
230310254002009,32
230310254002010,32
230310254002011,32
230310254002012,32
230310254002013,32
230310254002014,32
230310254002015,32
230310254002016,32
230310254002017,32
230310254002018,32
230310254002019,32
230310254002020,32
230310254002021,32
230310254002022,32
230319901000008,32
230319901000009,32
230310260001000,32
230310260001001,32
230310260001002,32
230310260001003,32
230310260001004,32
230310260001005,32
230310260001006,32
230310260001007,32
230310260001008,32
230310260001009,32
230310260001010,32
230310260001011,32
230310260001012,32
230310260001013,32
230310260001014,32
230310260001015,32
230310260001016,32
230310260001017,32
230310260001018,32
230310260001019,32
230310260001020,32
230310260001021,32
230310260001022,32
230310260001023,32
230310260001024,32
230310260001025,32
230310260001026,32
230310260001027,32
230310260001028,32
230310260001029,32
230310260001030,32
230310260001031,32
230310260001032,32
230310260001033,32
230310260001034,32
230310260001035,32
230310260001036,32
230310260001037,32
230310260002000,32
230310260002001,32
230310260002002,32
230310260002003,32
230310260002004,32
230310260002005,32
230310260002006,32
230310260002007,32
230310260002008,32
230310260002009,32
230310260002010,32
230310260002011,32
230310260002012,32
230310260002013,32
230310260002014,32
230310260002015,32
230310260002016,32
230310260002017,32
230310260002018,32
230310260002019,32
230310260002020,32
230310260002021,32
230310260002022,32
230310260002023,32
230310260002024,32
230310260002025,32
230310260002026,32
230310260002027,32
230310260002028,32
230310260002029,32
230310260002030,32
230310260002031,32
230310260002032,32
230310260002033,32
230310260002034,32
230310260002035,32
230310260002036,32
230310260002037,32
230310260002038,32
230310260002039,32
230310260002040,32
230310260002041,32
230310260002042,32
230310260002043,32
230310260002044,32
230310260002045,32
230310260002046,32
230310260002047,32
230310260002048,32
230310260002049,32
230310260002050,32
230310260002051,32
230310260002052,32
230310260002053,32
230310260002054,32
230310260002055,32
230310260002056,32
230310260002057,32
230310260002058,32
230310260002059,32
230310260002060,32
230310260002061,32
230310260002062,32
230310260002063,32
230310260002064,32
230310260002065,32
230310260002066,32
230310270004020,32
230310270001000,32
230310270001001,32
230310270001002,32
230310270001003,32
230310270001004,32
230310270001005,32
230310270001006,32
230310270001007,32
230310270001008,32
230310270001009,32
230310270001010,32
230310270001011,32
230310270001012,32
230310270001013,32
230310270001014,32
230310270001015,32
230310270001016,32
230310270001017,32
230310270001018,32
230310270001019,32
230310270001020,32
230310270001021,32
230310270001022,32
230310270001023,32
230310270001024,32
230310270001025,32
230310270001026,32
230310270001027,32
230310270002000,32
230310270002001,32
230310270002002,32
230310270002003,32
230310270002004,32
230310270002005,32
230310270002006,32
230310270002007,32
230310270002008,32
230310270002009,32
230310270002010,32
230310270002011,32
230310270002012,32
230310270002013,32
230310270002014,32
230310270002015,32
230310270002016,32
230310270002017,32
230310270002018,32
230310270002019,32
230310270002020,32
230310270002021,32
230310270002022,32
230310270002023,32
230310270002024,32
230310270002025,32
230310270002026,32
230310270002027,32
230310270002028,32
230310270002029,32
230310270002030,32
230310270002031,32
230310270002032,32
230310270002033,32
230310270002034,32
230310270002035,32
230310270002036,32
230310270002037,32
230310270002038,32
230310270003000,32
230310270003001,32
230310270003002,32
230310270003003,32
230310270003004,32
230310270003005,32
230310270003006,32
230310270003007,32
230310270003008,32
230310270003009,32
230310270003010,32
230310270003011,32
230310270003012,32
230310270003013,32
230310270003014,32
230310270003015,32
230310270003016,32
230310270003017,32
230310270003018,32
230310270003019,32
230310270003020,32
230310270003021,32
230310270003022,32
230310270003023,32
230310270003024,32
230310270003025,32
230310270003026,32
230310270003027,32
230310270003028,32
230310270003029,32
230310270003030,32
230310270003031,32
230310270003032,32
230310270003033,32
230310270003034,32
230310270003035,32
230310270004000,32
230310270004001,32
230310270004002,32
230310270004003,32
230310270004004,32
230310270004005,32
230310270004006,32
230310270004007,32
230310270004008,32
230310270004009,32
230310270004010,32
230310270004011,32
230310270004012,32
230310270004013,32
230310270004014,32
230310270004015,32
230310270004016,32
230310270004017,32
230310270004018,32
230310270004019,32
230310270004021,32
230310270004022,32
230310270004023,32
230310270004024,32
230310270004025,32
230310270004026,32
230319901000010,32
230310280011000,34
230310280011001,34
230310280011002,34
230310280011003,34
230310280011004,34
230310280011005,34
230310280011006,34
230310280011007,34
230310280011008,34
230310280011009,34
230310280011010,34
230310280011011,34
230310280011012,34
230310280011013,34
230310280011014,34
230310280011015,34
230310280011016,34
230310280011017,34
230310280011018,34
230310280011019,34
230310280011020,34
230310280011021,34
230310280011022,34
230310280011023,34
230310280011024,34
230310280011025,34
230310280011026,34
230310280011027,34
230310280011028,34
230310280011029,34
230310280011030,34
230310280011031,34
230310280011032,34
230310280011033,34
230310280012000,34
230310280012001,34
230310280012002,34
230310280012003,34
230310280012004,34
230310280012005,34
230310280012006,34
230310280012007,34
230310280012008,34
230310280012009,34
230310280012010,34
230310280012011,34
230310280012012,34
230310280012013,34
230310280012014,34
230310280012015,34
230310280012016,34
230310280012017,34
230310280012018,34
230310280012019,34
230310280012020,34
230310280012021,34
230310280012022,34
230310280012023,34
230310280012024,34
230310280012025,34
230310280012026,34
230310280012027,34
230310280012028,34
230310280031000,34
230310280031001,34
230310280031002,34
230310280031003,34
230310280031004,34
230310280031005,34
230310280031006,34
230310280031007,34
230310280031008,34
230310280031009,34
230310280031010,34
230310280031011,34
230310280031012,34
230310280031013,34
230310280031014,34
230310280031015,34
230310280031016,34
230310280032000,34
230310280032001,34
230310280032002,34
230310280032003,34
230310280032004,34
230310280032005,34
230310280032006,34
230310280032007,34
230310280032008,34
230310280032009,34
230310280032010,34
230310280032011,34
230310280032012,34
230310280032013,34
230310280032014,34
230310280033000,34
230310280033001,34
230310280033002,34
230310280033003,34
230310280033004,34
230310280033005,34
230310280033006,34
230310280033007,34
230310280033008,34
230310280033009,34
230310280033010,34
230310280033011,34
230310280034000,34
230310280034001,34
230310280034002,34
230310280034003,34
230310280034004,34
230310280034005,34
230310280034006,34
230310280034007,34
230310280034008,34
230310280034009,34
230310280034010,34
230310280034011,34
230310280034012,34
230310280034013,34
230310280034014,34
230310280034015,34
230310280034016,34
230310280034017,34
230310280034018,34
230310280034019,34
230310280034020,34
230310280034021,34
230310280034022,34
230310280041000,34
230310280041001,34
230310280041002,34
230310280041003,34
230310280041004,34
230310280041005,34
230310280041006,34
230310280041007,34
230310280041008,34
230310280041009,34
230310280041010,34
230310280041011,34
230310280041012,34
230310280041013,34
230310280041014,34
230310280041015,34
230310280041016,34
230310280041017,34
230310280041018,34
230310280041019,34
230310280041020,34
230310280041021,34
230310280041022,34
230310280041023,34
230310280041024,34
230310280041025,34
230310280041026,34
230310280041027,34
230310280041028,34
230310280041029,34
230310280041030,34
230310280041031,34
230310280041032,34
230310280041033,34
230310280041034,34
230310280041035,34
230310280041036,34
230310280041037,34
230310280041038,34
230310280041039,34
230310280041040,34
230310280041041,34
230310280041042,34
230310280041043,34
230310280042000,34
230310280042001,34
230310280042002,34
230310280042003,34
230310280042004,34
230310280042005,34
230310280042006,34
230310280042007,34
230310280042008,34
230310280042009,34
230310280042010,34
230310280042011,34
230310280042012,34
230310280042013,34
230310280042014,34
230310280042015,34
230310280042016,34
230310280042017,34
230310280042018,34
230310280042019,34
230310280042020,34
230310280042021,34
230310280042022,34
230310280042023,34
230310280042024,34
230310280042025,34
230310280042026,34
230310280042027,34
230310280042028,34
230310280042029,34
230310280042030,34
230310280042031,34
230310280042032,34
230310280042033,34
230310280042034,34
230310280042035,34
230310280042036,34
230310280042037,34
230310280042038,34
230310280042039,34
230310280042040,34
230310280042041,34
230310280042042,34
230310280042043,34
230310280043000,34
230310280043001,34
230310280043002,34
230310280043003,34
230310280043004,34
230310280043005,34
230310280043006,34
230310280043007,34
230310280043008,34
230310280043009,34
230310280043010,34
230310280043011,34
230310280043012,34
230310280043013,34
230310280043014,34
230310280043015,34
230310280043016,34
230310280043017,34
230310280043018,34
230319901000011,34
230319901000012,34
230310290001000,32
230310290001001,32
230310290001002,32
230310290001003,32
230310290001004,32
230310290001005,32
230310290001006,32
230310290001007,32
230310290001008,32
230310290001009,32
230310290001010,32
230310290001011,32
230310290001012,32
230310290001013,32
230310290001014,32
230310290001015,32
230310290001016,32
230310290001017,32
230310290001018,32
230310290001019,32
230310290001020,32
230310290001021,32
230310290001022,32
230310290001023,32
230310290001024,32
230310290001025,32
230310290001026,32
230310290001027,32
230310290001028,32
230310290001029,32
230310290001030,32
230310290001031,32
230310290001032,32
230310290001033,32
230310290001034,32
230310290001035,32
230310290001036,32
230310290001037,32
230310290001038,32
230310290001039,32
230310290001040,32
230310290001041,32
230310290001042,32
230310290001043,32
230310290001044,32
230310290001045,32
230310290001046,32
230310290001047,32
230310290001048,32
230310290001049,32
230310290001050,32
230310290001051,32
230310290001052,32
230310290001053,32
230310290001054,32
230310290001055,32
230310290001056,32
230310290001057,32
230310290001058,32
230310290002000,32
230310290002001,32
230310290002002,32
230310290002003,32
230310290002004,32
230310290002005,32
230310290002006,32
230310290002007,32
230310290002008,32
230310290002009,32
230310290002010,32
230310290002011,32
230310290002012,32
230310290002013,32
230310290002014,32
230310290002015,32
230310290002016,32
230310290002017,32
230310290002018,32
230310290002019,32
230310290002020,32
230310290002021,32
230310290002022,32
230310290002023,32
230310290002024,32
230310290002025,32
230310290002026,32
230310290002027,32
230310290002028,32
230310290002029,32
230310290002030,32
230310290002031,32
230310290002032,32
230310290002033,32
230310290002034,32
230310290002035,32
230310290002036,32
230310290002037,32
230310290002038,32
230310290002039,32
230310290002040,32
230310290002041,32
230310290002042,32
230310290002043,32
230310290002044,32
230310290002045,32
230310290002046,32
230310290002047,32
230310290002048,32
230310290002049,32
230310290002050,32
230310290002051,32
230310290002052,32
230310290002053,32
230310290002054,32
230310290002055,32
230310290002056,32
230310290002057,32
230310290002058,32
230310290002059,32
230310290002060,32
230310290002061,32
230310290002062,32
230310290002063,32
230310301011000,33
230310301011001,33
230310301011002,33
230310301011003,33
230310301011004,33
230310301011005,33
230310301011006,33
230310301011007,33
230310301011008,33
230310301011009,33
230310301011010,33
230310301011011,33
230310301011012,33
230310301011013,33
230310301011014,33
230310301011015,33
230310301011016,33
230310301011017,33
230310301011018,33
230310301011019,33
230310301011020,33
230310301011021,33
230310301011022,33
230310301011023,33
230310301011024,33
230310301011025,33
230310301012000,33
230310301012001,33
230310301012002,33
230310301012003,33
230310301012004,33
230310301012005,33
230310301012006,33
230310301012007,33
230310301012008,33
230310301012009,33
230310301012010,33
230310301012011,33
230310301012012,33
230310301012013,33
230310301012014,33
230310301012015,33
230310301012016,33
230310301021000,33
230310301021001,33
230310301021002,33
230310301021003,33
230310301021004,33
230310301021005,33
230310301021006,33
230310301021007,33
230310301021008,33
230310301021009,33
230310301021010,33
230310301021011,33
230310301021012,33
230310301021013,33
230310301021014,33
230310301021015,33
230310301021016,33
230310301021017,33
230310301021018,33
230310301021019,33
230310301021020,33
230310301021022,33
230310301021023,33
230310301021024,33
230310301021025,33
230310301021026,33
230310301021027,33
230310301021028,33
230310301021029,33
230310301021031,33
230310301021032,33
230310301021033,33
230310301021034,33
230310301021035,33
230310301021036,33
230310301021037,33
230310301021038,33
230310301021039,33
230310301021040,33
230310301021041,33
230310301021043,33
230310301021044,33
230310302011000,33
230310302011001,33
230310302011002,33
230310302011003,33
230310302011004,33
230310302011005,33
230310302011006,33
230310302011007,33
230310302011008,33
230310302011009,33
230310302011010,33
230310302011025,33
230310302011026,33
230310302011027,33
230310302011028,33
230310302011029,33
230310302011030,33
230310302011031,33
230310302011032,33
230310302011033,33
230310302012000,33
230310302012001,33
230310302012022,33
230310302012023,33
230310302012026,33
230310302013000,33
230310302013001,33
230310302013002,33
230310302013003,33
230310302013004,33
230310302013005,33
230310302013006,33
230310302013007,33
230310302013008,33
230310302013009,33
230310302013010,33
230310302013011,33
230310302013012,33
230310302013013,33
230310302013014,33
230310302013015,33
230310301021021,33
230310301021030,33
230310301021042,33
230310302011011,33
230310302011012,33
230310302011013,33
230310302011014,33
230310302011015,33
230310302011016,33
230310302011017,33
230310302011018,33
230310302011019,33
230310302011020,33
230310302011021,33
230310302011022,33
230310302011023,33
230310302011024,33
230310302012002,33
230310302012003,33
230310302012004,33
230310302012005,33
230310302012006,33
230310302012007,33
230310302012008,33
230310302012009,33
230310302012010,33
230310302012011,33
230310302012012,33
230310302012013,33
230310302012014,33
230310302012015,33
230310302012016,33
230310302012017,33
230310302012018,33
230310302012019,33
230310302012020,33
230310302012021,33
230310302012029,33
230310302012030,33
230310302012031,33
230310302012032,33
230310302012033,33
230310302012034,33
230310302012035,33
230310302032000,33
230310302032001,33
230310302032002,33
230310302032003,33
230310302032004,33
230310302033000,33
230310302033001,33
230310302041000,33
230310302041001,33
230310302041002,33
230310302041003,33
230310302041004,33
230310302041005,33
230310302041006,33
230310302041007,33
230310302041008,33
230310302041009,33
230310302041010,33
230310302041011,33
230310302041012,33
230310302041013,33
230310302041014,33
230310302041015,33
230310302041016,33
230310302041017,33
230310302042000,33
230310302042001,33
230310302042002,33
230310302042003,33
230310302042004,33
230310302042005,33
230310302042006,33
230310302042007,33
230310302042008,33
230310302042009,33
230310302042010,33
230310302042011,33
230310302042012,33
230310302042013,33
230310302042014,33
230310302042015,33
230310302042016,33
230310302042017,33
230310302042018,33
230310302042019,33
230310302042020,33
230310302042021,33
230310302042022,33
230310302042023,33
230310302042024,33
230310302042025,33
230310302042026,33
230310302042027,33
230310302042028,33
230310302042029,33
230310302042030,33
230310302042031,33
230310302042032,33
230310302042033,33
230310302042034,33
230310302042035,33
230310302042036,33
230310302051000,33
230310302051001,33
230310302051002,33
230310302051003,33
230310302051004,33
230310302051005,33
230310302051006,33
230310302051007,33
230310302051008,33
230310302051009,33
230310302051010,33
230310302051011,33
230310302051012,33
230310302051013,33
230310302052000,33
230310302052001,33
230310302052002,33
230310302052003,33
230310302052004,33
230310302052005,33
230310302052006,33
230310302052007,33
230310302052008,33
230310302052009,33
230310302052010,33
230310302052011,33
230310302052012,33
230310302052013,33
230310302052014,33
230310302052015,33
230310302052016,33
230310302052017,33
230310302052018,33
230310302052019,33
230310302052020,33
230310302052021,33
230310302052022,33
230310302052023,33
230310302052024,33
230310302052025,33
230310302052026,33
230310302052027,33
230310302052028,33
230310302052029,33
230310302052030,33
230310302052031,33
230310302052032,33
230310302052033,33
230310302052034,33
230310302052035,33
230310302052036,33
230310302052037,33
230310303001004,33
230310303001005,33
230310303001014,33
230310302012024,33
230310302012025,33
230310302012027,33
230310302012028,33
230310302031000,33
230310302031001,33
230310302031002,33
230310302031003,33
230310302031004,33
230310302031005,33
230310302031006,33
230310302031007,33
230310302031008,33
230310302031009,33
230310302031010,33
230310302031011,33
230310302031012,33
230310302031013,33
230310302031014,33
230310302031015,33
230310302031016,33
230310302031017,33
230310302031018,33
230310302031019,33
230310302032005,33
230310302032006,33
230310302032007,33
230310302032008,33
230310302032009,33
230310302032010,33
230310302032011,33
230310302032012,33
230310302032013,33
230310302032014,33
230310302032015,33
230310302032016,33
230310302032017,33
230310302032018,33
230310302032019,33
230310302032020,33
230310302032021,33
230310302032022,33
230310302032023,33
230310302032024,33
230310302032025,33
230310302032026,33
230310302032027,33
230310302032028,33
230310302033002,33
230310302033003,33
230310302033004,33
230310302033005,33
230310302033006,33
230310302033007,33
230310302033008,33
230310302033009,33
230310302033010,33
230310302033011,33
230310303001000,33
230310303001001,33
230310303001002,33
230310303001003,33
230310303001006,33
230310303001007,33
230310303001008,33
230310303001009,33
230310303001010,33
230310303001011,33
230310303001012,33
230310303001013,33
230310303001015,33
230310303001016,33
230310303001017,33
230310303001018,33
230310303001019,33
230310303001020,33
230310303001021,33
230310303001022,33
230310303001023,33
230310303001024,33
230310303001025,33
230310303001026,33
230310303001027,33
230310303001028,33
230310303001029,33
230310303002000,33
230310303002001,33
230310303002002,33
230310303002003,33
230310303002004,33
230310303002005,33
230310303002006,33
230310303002007,33
230310303002008,33
230310303002009,33
230310303002010,33
230310303002011,33
230310303002012,33
230310303002013,33
230310303002014,33
230310303002015,33
230310303002016,33
230310303002017,33
230310303002018,33
230310303002019,33
230310303002020,33
230310303002021,33
230310303002022,33
230310303002023,33
230310303002024,33
230310303003000,33
230310303003001,33
230310303003002,33
230310303003003,33
230310303003004,33
230310303003005,33
230310303003006,33
230310303003007,33
230310303003008,33
230310303003009,33
230310303003010,33
230310303003011,33
230310303003012,33
230310303003013,33
230310303003014,33
230310303003015,33
230310303003016,33
230310303003017,33
230310303003018,33
230310303003019,33
230310303003020,33
230310303003021,33
230310303003022,33
230310303003023,33
230310303003024,33
230310303003025,33
230310303003026,33
230310303003027,33
230310303003028,33
230310303003029,33
230310310001000,34
230310310001001,34
230310310001002,34
230310310001003,34
230310310001004,34
230310310001005,34
230310310001006,34
230310310001007,34
230310310001008,34
230310310001009,34
230310310001010,34
230310310001011,34
230310310001012,34
230310310001013,34
230310310001014,34
230310310001015,34
230310310001016,34
230310310001017,34
230310310001018,34
230310310001019,34
230310310001020,34
230310310001021,34
230310310001022,34
230310310001023,34
230310310002000,34
230310310002001,34
230310310002002,34
230310310002003,34
230310310002004,34
230310310002005,34
230310310002006,34
230310310002007,34
230310310002008,34
230310310002009,34
230310310002010,34
230310310002011,34
230310310002012,34
230310310002013,34
230310310002014,34
230310310002015,34
230310310002016,34
230310310002017,34
230310310002018,34
230310310002019,34
230310310002020,34
230310310002021,34
230310310002022,34
230310310002023,34
230310310002024,34
230310310002025,34
230310310002026,34
230310310002027,34
230310310002028,34
230310310002029,34
230310310002030,34
230310310002031,34
230310310002032,34
230310310002033,34
230310310002034,34
230310310002035,34
230310310002036,34
230310310002037,34
230310310002038,34
230310310002039,34
230310310002040,34
230310310002041,34
230310310002042,34
230310310002043,34
230310310002044,34
230310310002045,34
230310310002046,34
230310310002047,34
230310310002048,34
230310310002049,34
230310310003000,34
230310310003001,34
230310310003002,34
230310310003003,34
230310310003004,34
230310310003005,34
230310310003006,34
230310310003007,34
230310310003008,34
230310310003009,34
230310310003010,34
230310310003011,34
230310310003012,34
230310310003013,34
230310310003014,34
230310310003015,34
230310310003016,34
230310310003017,34
230310310003018,34
230310310003019,34
230310310003020,34
230310310003021,34
230310310003022,34
230310310003023,34
230310310003024,34
230310310003025,34
230310310003026,34
230310310003027,34
230310310003028,34
230310310003029,34
230310310003030,34
230310310003031,34
230310310003032,34
230310310003033,34
230310310003034,34
230310310003035,34
230310310003036,34
230310310003037,34
230310310003038,34
230310310003039,34
230310310003040,34
230310310003041,34
230310310003042,34
230310310003043,34
230310310003044,34
230310310003045,34
230310310003046,34
230310310003047,34
230310310003048,34
230310310003049,34
230310310003050,34
230310310003051,34
230310310003052,34
230310310003053,34
230310310003054,34
230310310003055,34
230310310003056,34
230310310003057,34
230310310003058,34
230310310003059,34
230310310003060,34
230310310003061,34
230310310003062,34
230310310003063,34
230310310003064,34
230310310003065,34
230310310003066,34
230310310003067,34
230310330001000,34
230310330001001,34
230310330001002,34
230310330001003,34
230310330001004,34
230310330001005,34
230310330001006,34
230310330001007,34
230310330001008,34
230310330001009,34
230310330001010,34
230310330001011,34
230310330001012,34
230310330001013,34
230310330001014,34
230310330001015,34
230310330001016,34
230310330001017,34
230310330001018,34
230310330001019,34
230310330001020,34
230310330001021,34
230310330001022,34
230310330001023,34
230310330001024,34
230310330001025,34
230310330001026,34
230310330001027,34
230310330001028,34
230310330001029,34
230310330001030,34
230310330001031,34
230310330001032,34
230310330001033,34
230310330001034,34
230310330001035,34
230310330001036,34
230310330002000,34
230310330002001,34
230310330002002,34
230310330002003,34
230310330002004,34
230310330002005,34
230310330002006,34
230310330002007,34
230310330002008,34
230310330002009,34
230310330002010,34
230310330002011,34
230310330002012,34
230310330002013,34
230310330002014,34
230310330002015,34
230310330002016,34
230310330002017,34
230310330002018,34
230310330002019,34
230310330002020,34
230310330002021,34
230310330002022,34
230310330002023,34
230310330002024,34
230310330002025,34
230310330003000,34
230310330003001,34
230310330003002,34
230310330003003,34
230310330003004,34
230310330003005,34
230310330003006,34
230310330003007,34
230310330003008,34
230310330003009,34
230310330003010,34
230310330003011,34
230310330003012,34
230310330003013,34
230310330003014,34
230310330003015,34
230310330003016,34
230310330003017,34
230310330003018,34
230310330003019,34
230310330003020,34
230310330003021,34
230310330003022,34
230310330003023,34
230310330003024,34
230310330003025,34
230310330003026,34
230310330003027,34
230310330003028,34
230310330003029,34
230310330003030,34
230310330003031,34
230310330003032,34
230310330003033,34
230310330003034,34
230310330003035,34
230310330003036,34
230310330003037,34
230310330003038,34
230310330003039,34
230310330003040,34
230310330003041,34
230310330003042,34
230310330003043,34
230310330003044,34
230310330003045,34
230310330003046,34
230310330003047,34
230310330003048,34
230310330003049,34
230310330003050,34
230310330003051,34
230310330003052,34
230310330003053,34
230310340021000,34
230310340021001,34
230310340021002,34
230310340021003,34
230310340021004,34
230310340021005,34
230310340021006,34
230310340021007,34
230310340021008,34
230310340021009,34
230310340021010,34
230310340021011,34
230310340021012,34
230310340021013,34
230310340021014,34
230310340021015,34
230310340021016,34
230310340021017,34
230310340021018,34
230310340021019,34
230310340022000,34
230310340022001,34
230310340022002,34
230310340022003,34
230310340022004,34
230310340022005,34
230310340022006,34
230310340022007,34
230310340022008,34
230310340022009,34
230310340022010,34
230310340022011,34
230310340022012,34
230310340022013,34
230310340022014,34
230310340022015,34
230310340022016,34
230310340022017,34
230310340022018,34
230310340022019,34
230310340022020,34
230310340022021,34
230310340022022,34
230310340022023,34
230310340022024,34
230310340022025,34
230310340023000,34
230310340023001,34
230310340023002,34
230310340023003,34
230310340023004,34
230310340023005,34
230310340023006,34
230310340023007,34
230310340023008,34
230310340023009,34
230310340023010,34
230310340023011,34
230310340023012,34
230310340023013,34
230310340023014,34
230310340023015,34
230310340023016,34
230310340023017,34
230310340023018,34
230310340023019,34
230310340023020,34
230310340023021,34
230310340023022,34
230310340023023,34
230310340023024,34
230310340023025,34
230310340023026,34
230310340023027,34
230310340023028,34
230310340023029,34
230310340023030,34
230310340023031,34
230310340024000,34
230310340024001,34
230310340024002,34
230310340024003,34
230310340024004,34
230310340024005,34
230310340024006,34
230310340024007,34
230310340024008,34
230310340024009,34
230310340024010,34
230310340024011,34
230310340024012,34
230310340024013,34
230310340024014,34
230310340024015,34
230310340024016,34
230310340024017,34
230310340024018,34
230310340024019,34
230310340024020,34
230310340024021,34
230310340024022,34
230310340024023,34
230310340024024,34
230310340024025,34
230310340024026,34
230310340024027,34
230310340024028,34
230310340024029,34
230310340024030,34
230310340024031,34
230310340024032,34
230310340024033,34
230310340024034,34
230310340024035,34
230310340025000,34
230310340025001,34
230310340025002,34
230310340025003,34
230310340025004,34
230310340025005,34
230310340025006,34
230310340025007,34
230310340025008,34
230310340025009,34
230310340025010,34
230310340025011,34
230310340025012,34
230310340025013,34
230310340025014,34
230310340025015,34
230310340025016,34
230310340025017,34
230310340025018,34
230310340025019,34
230310340025020,34
230310340025021,34
230310340025022,34
230310340025023,34
230310340025024,34
230310340025025,34
230310340025026,34
230310340031000,34
230310340031001,34
230310340031002,34
230310340031003,34
230310340031004,34
230310340031005,34
230310340031006,34
230310340031007,34
230310340031008,34
230310340031009,34
230310340031010,34
230310340031011,34
230310340031012,34
230310340031013,34
230310340031014,34
230310340031015,34
230310340031016,34
230310340031017,34
230310340031018,34
230310340031019,34
230310340031020,34
230310340031021,34
230310340031022,34
230310340031023,34
230310340031024,34
230310340031025,34
230310340031026,34
230310340031027,34
230310340031028,34
230310340031029,34
230310340031030,34
230310340031031,34
230310340031032,34
230310340031033,34
230310340031034,34
230310340031035,34
230310340031036,34
230310340031037,34
230310340032000,34
230310340032001,34
230310340032002,34
230310340032003,34
230310340032004,34
230310340032005,34
230310340032006,34
230310340032007,34
230310340032008,34
230310340032009,34
230310340032010,34
230310340032011,34
230310340032012,34
230310340032013,34
230310340032014,34
230310340032015,34
230310340032016,34
230310340032017,34
230310340032018,34
230310340032019,34
230310340032020,34
230310340032021,34
230310340032022,34
230310340041000,34
230310340041001,34
230310340041002,34
230310340041003,34
230310340041004,34
230310340041005,34
230310340041006,34
230310340041007,34
230310340041008,34
230310340041009,34
230310340041010,34
230310340041011,34
230310340041012,34
230310340041013,34
230310340041014,34
230310340041015,34
230310340041016,34
230310340041017,34
230310340041018,34
230310340041019,34
230310340041020,34
230310340041021,34
230310340041022,34
230310340041023,34
230310340041024,34
230310340041025,34
230310340041026,34
230310340041027,34
230310340041028,34
230310340041029,34
230310340041030,34
230310340041031,34
230310340041032,34
230310340041033,34
230310340041034,34
230310340041035,34
230310340041036,34
230310340041037,34
230310340041038,34
230310340041039,34
230310340041040,34
230310340041041,34
230310340041042,34
230310340041043,34
230310340041044,34
230310340041045,34
230310340041046,34
230310340041047,34
230310340041048,34
230310340051000,34
230310340051001,34
230310340051002,34
230310340051003,34
230310340051004,34
230310340051005,34
230310340051006,34
230310340051007,34
230310340051008,34
230310340051009,34
230310340051010,34
230310340051011,34
230310340051012,34
230310340051013,34
230310340051014,34
230310340051015,34
230310340051016,34
230310340051017,34
230310340051018,34
230310340051019,34
230310340051020,34
230310340051021,34
230310340051022,34
230310340051023,34
230310340051024,34
230310340051025,34
230310340051026,34
230310340051027,34
230310340051028,34
230310340051029,34
230310340051030,34
230310340052000,34
230310340052001,34
230310340052002,34
230310340052003,34
230310340052004,34
230310340052005,34
230310340052006,34
230310340052007,34
230310340052008,34
230310340052009,34
230310340052010,34
230310340052011,34
230310340052012,34
230310340052013,34
230310340052014,34
230310340052015,34
230310340052016,34
230310340052017,34
230310340052018,34
230310340052019,34
230310340052020,34
230310340052021,34
230310340052022,34
230310340052023,34
230310340052024,34
230310340052025,34
230310340052026,34
230319901000013,34
230310340061000,35
230310340061001,35
230310340061002,35
230310340061003,35
230310340061004,35
230310340061005,35
230310340061006,35
230310340061007,35
230310340061008,35
230310340061009,35
230310340061010,35
230310340061011,35
230310340061012,35
230310340061013,35
230310340061014,35
230310340061015,35
230310340061016,35
230310340061017,35
230310340061018,35
230310340061019,35
230310340061020,35
230310340061021,35
230310340061022,35
230310340061023,35
230310340061024,35
230310340061025,35
230310340061026,35
230310340061027,35
230310340061028,35
230310340061029,35
230310340061030,35
230310340061031,35
230310340061032,35
230310340061033,35
230310340061034,35
230310340061035,35
230310340061036,35
230310340061037,35
230310340061038,35
230310340061039,35
230310340061040,35
230310340061041,35
230310340061042,35
230310340061043,35
230310340061044,35
230310340061045,35
230310340061046,35
230310340061047,35
230310340061048,35
230310340061049,35
230310340061050,35
230310340061051,35
230310340061052,35
230310340061053,35
230310340061054,35
230310340061055,35
230310340061056,35
230310340061057,35
230310340061058,35
230310340061059,35
230310340061060,35
230310340061061,35
230310340061062,35
230310340061063,35
230310340061064,35
230310340061065,35
230310340061066,35
230310340061067,35
230319901000014,35
230310350011000,35
230310350011001,35
230310350011002,35
230310350011003,35
230310350011004,35
230310350011005,35
230310350011006,35
230310350011007,35
230310350011008,35
230310350011009,35
230310350011010,35
230310350011011,35
230310350011012,35
230310350011013,35
230310350011014,35
230310350011015,35
230310350011016,35
230310350011017,35
230310350011018,35
230310350011019,35
230310350011020,35
230310350011021,35
230310350011022,35
230310350011023,35
230310350011024,35
230310350011025,35
230310350011026,35
230310350011027,35
230310350011028,35
230310350011029,35
230310350011030,35
230310350011031,35
230310350011032,35
230310350011033,35
230310350011034,35
230310350011035,35
230310350011036,35
230310350011037,35
230310350011038,35
230310350011039,35
230310350011040,35
230310350011041,35
230310350011042,35
230310350011043,35
230310350011044,35
230310350011045,35
230310350011046,35
230310350011047,35
230310350011048,35
230310350011049,35
230310350011050,35
230310350012000,35
230310350012001,35
230310350012002,35
230310350012003,35
230310350012004,35
230310350012005,35
230310350012006,35
230310350012007,35
230310350012008,35
230310350012009,35
230310350012010,35
230310350012011,35
230310350012012,35
230310350012013,35
230310350021000,35
230310350021001,35
230310350021002,35
230310350021003,35
230310350021004,35
230310350021005,35
230310350021006,35
230310350021007,35
230310350021008,35
230310350021009,35
230310350021010,35
230310350021011,35
230310350021012,35
230310350021013,35
230310350021014,35
230310350021015,35
230310350021016,35
230310350021017,35
230310350021018,35
230310350021019,35
230310350021020,35
230310350021021,35
230310350021022,35
230310350021023,35
230310350022000,35
230310350022001,35
230310350022002,35
230310350022003,35
230310350022004,35
230310350022005,35
230310350022006,35
230310350022007,35
230310350022008,35
230310350022009,35
230310350022010,35
230310350022011,35
230310350022012,35
230310350022013,35
230310350022014,35
230310350022015,35
230310350022016,35
230310350022017,35
230310350022018,35
230310350022019,35
230310350022020,35
230310350023000,35
230310350023001,35
230310350023002,35
230310350023003,35
230310350023004,35
230310350023005,35
230310350023006,35
230310350023007,35
230310350023008,35
230310350023009,35
230310350023010,35
230310350023011,35
230310350023012,35
230310350023013,35
230310350023014,35
230310350023015,35
230310350023016,35
230310350023017,35
230310350023018,35
230310350023019,35
230310350023020,35
230310350023021,35
230310350023022,35
230310360021000,35
230310360021001,35
230310360021002,35
230310360021003,35
230310360021004,35
230310360021005,35
230310360021006,35
230310360021007,35
230310360021008,35
230310360021009,35
230310360021010,35
230310360021011,35
230310360021012,35
230310360021013,35
230310360021014,35
230310360021015,35
230310360021016,35
230310360021017,35
230310360021018,35
230310360021019,35
230310360021020,35
230310360021021,35
230310360021022,35
230310360021023,35
230310360021024,35
230310360021025,35
230310360021026,35
230310360021027,35
230310360021028,35
230310360021029,35
230310360021030,35
230310360022000,35
230310360022001,35
230310360022002,35
230310360022003,35
230310360022004,35
230310360022005,35
230310360022006,35
230310360022007,35
230310360022008,35
230310360022009,35
230310360022010,35
230310360022011,35
230310360022012,35
230310360022013,35
230310360022014,35
230310360022015,35
230310360022016,35
230310360022017,35
230310360022018,35
230310360022019,35
230310360022020,35
230310360022021,35
230310360022022,35
230310360022023,35
230310360022024,35
230310360022025,35
230310360022026,35
230310360022027,35
230310360022028,35
230310360022029,35
230310360022030,35
230310360022031,35
230310360022032,35
230310360022033,35
230310360022034,35
230310360022035,35
230310360023000,35
230310360023001,35
230310360023002,35
230310360023003,35
230310360023004,35
230310360023005,35
230310360023006,35
230310360023007,35
230310360023008,35
230310360023009,35
230310360023010,35
230310360023011,35
230310360023012,35
230310360023013,35
230310360023014,35
230310360023015,35
230310360023016,35
230310360023017,35
230310360023018,35
230310360024000,35
230310360024001,35
230310360024002,35
230310360024003,35
230310360024004,35
230310360024005,35
230310360024006,35
230310360024007,35
230310360024008,35
230310360024009,35
230310360024010,35
230310360024011,35
230310360024012,35
230310360024013,35
230310360024014,35
230310360024015,35
230310360024016,35
230310360024017,35
230310360024018,35
230310360024019,35
230310360024020,35
230310360024021,35
230310360024022,35
230310360024023,35
230310360024024,35
230310360024025,35
230310360024026,35
230310360024027,35
230310360024028,35
230310360024029,35
230310360024030,35
230310360024031,35
230310360024032,35
230310360024033,35
230310360024034,35
230310360024035,35
230310360024036,35
230310360024037,35
230310360024038,35
230310360024039,35
230310360024040,35
230310360024041,35
230310360024042,35
230310360024043,35
230310360024044,35
230310360024045,35
230310360024046,35
230310360024047,35
230310360024048,35
230310360024049,35
230310360024050,35
230310360024051,35
230310360031000,35
230310360031001,35
230310360031002,35
230310360031003,35
230310360031004,35
230310360031005,35
230310360031006,35
230310360031007,35
230310360031008,35
230310360031009,35
230310360031010,35
230310360031011,35
230310360031012,35
230310360031013,35
230310360031014,35
230310360031015,35
230310360031016,35
230310360031017,35
230310360031018,35
230310360031019,35
230310360031020,35
230310360031021,35
230310360031022,35
230310360031023,35
230310360031024,35
230310360031025,35
230310360031026,35
230310360031027,35
230310360031028,35
230310360031029,35
230310360031030,35
230310360031031,35
230310360031032,35
230310360031033,35
230310360032000,35
230310360032001,35
230310360032002,35
230310360032003,35
230310360032004,35
230310360032005,35
230310360032006,35
230310360032007,35
230310360032008,35
230310360032009,35
230310360032010,35
230310360032011,35
230310360032012,35
230310360032013,35
230310360032014,35
230310360032015,35
230310360032016,35
230310360032017,35
230310360032018,35
230310360032019,35
230310360032020,35
230310360032021,35
230310360032022,35
230310360032023,35
230310360032024,35
230310360032025,35
230310360032026,35
230310360032027,35
230310360032028,35
230310360032029,35
230310360033000,35
230310360033001,35
230310360033002,35
230310360033003,35
230310360033004,35
230310360033005,35
230310360033006,35
230310360033007,35
230310360033008,35
230310360033009,35
230310360033010,35
230310360033011,35
230310360033012,35
230310360033013,35
230310360033014,35
230310360033015,35
230310360033016,35
230310360033017,35
230310360033018,35
230310360033019,35
230310360033020,35
230310360033021,35
230310360033022,35
230310360033023,35
230310360041000,35
230310360041001,35
230310360041002,35
230310360041003,35
230310360041004,35
230310360041005,35
230310360041006,35
230310360041007,35
230310360041008,35
230310360041009,35
230310360041010,35
230310360041011,35
230310360041012,35
230310360041013,35
230310360041014,35
230310360041015,35
230310360041016,35
230310360041017,35
230310360041018,35
230310360041019,35
230310360041020,35
230310360041021,35
230310360041022,35
230310360041023,35
230310360041024,35
230310360041025,35
230310360041026,35
230310360041027,35
230310360041028,35
230310360041029,35
230310360041030,35
230310360041031,35
230310360041032,35
230310360041033,35
230310360041034,35
230310360041035,35
230310360041036,35
230310360041037,35
230310360041038,35
230310360041039,35
230310360041040,35
230310360041041,35
230310360042000,35
230310360042001,35
230310360042002,35
230310360042003,35
230310360042004,35
230310360042005,35
230310360042006,35
230310360042007,35
230310360042008,35
230310360042009,35
230310360042010,35
230310360042011,35
230310360042012,35
230310360042013,35
230310360042014,35
230310360042015,35
230310360042016,35
230310360042017,35
230310360042018,35
230310360042019,35
230310360042020,35
230310360042021,35
230310360042022,35
230310360042023,35
230310360042024,35
230310360042025,35
230310360042026,35
230310360042027,35
230310360042028,35
230310360042029,35
230310360042030,35
230310360042031,35
230310360042032,35
230310360042033,35
230310360042034,35
230310360042035,35
230310360042036,35
230310360042037,35
230310360042038,35
230310360042039,35
230310360042040,35
230310360042041,35
230310360042042,35
230310360042043,35
230310360043000,35
230310360043001,35
230310360043002,35
230310360043003,35
230310360043004,35
230310360043005,35
230310360043006,35
230310360043007,35
230310360043008,35
230310360043009,35
230310360043010,35
230310360043011,35
230310360043012,35
230310360043013,35
230310360043014,35
230310360043015,35
230310360043016,35
230310360043017,35
230310360043018,35
230310360043019,35
230310360043020,35
230310360043021,35
230310360043022,35
230310360043023,35
230310360043024,35
230310360043025,35
230310360043026,35
230310360043027,35
230310360043028,35
230310360043029,35
230310360043030,35
230310360043031,35
230319901000015,35
230319901000016,35
230310370001000,35
230310370001001,35
230310370001002,35
230310370001003,35
230310370001004,35
230310370001005,35
230310370001006,35
230310370001007,35
230310370001008,35
230310370001009,35
230310370001010,35
230310370001011,35
230310370001012,35
230310370001013,35
230310370001014,35
230310370001015,35
230310370001016,35
230310370001017,35
230310370001018,35
230310370001019,35
230310370002000,35
230310370002001,35
230310370002002,35
230310370002003,35
230310370002004,35
230310370002005,35
230310370002006,35
230310370002007,35
230310370002008,35
230310370002009,35
230310370002010,35
230310370002011,35
230310370002012,35
230310370002013,35
230310370002014,35
230310370002015,35
230310370002016,35
230310370002017,35
230310370002018,35
230310370002019,35
230310370002020,35
230310370002021,35
230310370002022,35
230310370002023,35
230310370002024,35
230310370002025,35
230310370002026,35
230310370002027,35
230310370002028,35
230310370003000,35
230310370003001,35
230310370003002,35
230310370003003,35
230310370003004,35
230310370003005,35
230310370003006,35
230310370003007,35
230310370003008,35
230310370003009,35
230310370003010,35
230310370003011,35
230310370003012,35
230310370003013,35
230310370003014,35
230310370003015,35
230310370003016,35
230310370003017,35
230310370003018,35
230310370003019,35
230310370003020,35
230310370003021,35
230310370003022,35
230310370003023,35
230310370003024,35
230310370003025,35
230310370003026,35
230310370003027,35
230310370003028,35
230310370003029,35
230310370003030,35
230310370003031,35
230310370003032,35
230310370003033,35
230310370003034,35
230310370003035,35
230310370003036,35
230310370003037,35
230310370003038,35
230310370003039,35
230310370003040,35
230310370003041,35
230310370003042,35
230310380011000,35
230310380011001,35
230310380011002,35
230310380011003,35
230310380011004,35
230310380011005,35
230310380011006,35
230310380011007,35
230310380011008,35
230310380011009,35
230310380011010,35
230310380011011,35
230310380011012,35
230310380011013,35
230310380011014,35
230310380011015,35
230310380011016,35
230310380011017,35
230310380011018,35
230310380011019,35
230310380011020,35
230310380011021,35
230310380011022,35
230310380011023,35
230310380011024,35
230310380011025,35
230310380011026,35
230310380011027,35
230310380011028,35
230310380011029,35
230310380011030,35
230310380011031,35
230310380011032,35
230310380011033,35
230310380012000,35
230310380012001,35
230310380012002,35
230310380012003,35
230310380012004,35
230310380012005,35
230310380012006,35
230310380012007,35
230310380012008,35
230310380012009,35
230310380012010,35
230310380012011,35
230310380012012,35
230310380012013,35
230310380012014,35
230310380012015,35
230310380012016,35
230310380012017,35
230310380012018,35
230310380012019,35
230310380012020,35
230310380012021,35
230310380012022,35
230310380012023,35
230310380012024,35
230310380012025,35
230310380012026,35
230310380013000,35
230310380013001,35
230310380013002,35
230310380013003,35
230310380013004,35
230310380013005,35
230310380013006,35
230310380013007,35
230310380013008,35
230310380013009,35
230310380013010,35
230310380013011,35
230310380013012,35
230310380013013,35
230310380013014,35
230310380013015,35
230310380013016,35
230310380013017,35
230310380013018,35
230310380014000,35
230310380014001,35
230310380014002,35
230310380014003,35
230310380014004,35
230310380014005,35
230310380014006,35
230310380014007,35
230310380014008,35
230310380014009,35
230310380014010,35
230310380014011,35
230310380014012,35
230310380014013,35
230310380014014,35
230310380014015,35
230310380014016,35
230310380014017,35
230310380014018,35
230310380014019,35
230310380014020,35
230310380014021,35
230310380014022,35
230310380014023,35
230310380014024,35
230310380014025,35
230310380014026,35
230310380014027,35
230310380014028,35
230310380014029,35
230310380014030,35
230310380014031,35
230310380014032,35
230310380014033,35
230310380014034,35
230310380014035,35
230310380014036,35
230310380014037,35
230310380014038,35
230310380014039,35
230310380014040,35
230310380014041,35
230310380014042,35
230310380014043,35
230310380014044,35
230310380014045,35
230310380014046,35
230310380014047,35
230310380014048,35
230310380014049,35
230310380014050,35
230310380014051,35
230310380014052,35
230310380014053,35
230310380014054,35
230310380015000,35
230310380015001,35
230310380015002,35
230310380015003,35
230310380015004,35
230310380015005,35
230310380015006,35
230310380015007,35
230310380015008,35
230310380015009,35
230310380015010,35
230310380015011,35
230310380015012,35
230310380021000,35
230310380021001,35
230310380021002,35
230310380021003,35
230310380021004,35
230310380021005,35
230310380021006,35
230310380021007,35
230310380021008,35
230310380021009,35
230310380021010,35
230310380021011,35
230310380021012,35
230310380021013,35
230310380021014,35
230310380021015,35
230310380021016,35
230310380021017,35
230310380021018,35
230310380021019,35
230310380021020,35
230310380021021,35
230310380021022,35
230310380021023,35
230310380021024,35
230310380021025,35
230310380021026,35
230310380021027,35
230310380021028,35
230310380021029,35
230310380021030,35
230310380021031,35
230310380021032,35
230310380021033,35
230310380021034,35
230310380021035,35
230310380021036,35
230310380021037,35
230310380021038,35
230310380021039,35
230310380021040,35
230310380021041,35
230310380021042,35
230310380022000,35
230310380022001,35
230310380022002,35
230310380022003,35
230310380022004,35
230310380022005,35
230310380022006,35
230310380022007,35
230310380022008,35
230310380022009,35
230310380022010,35
230310380022011,35
230310380022012,35
230310380022013,35
230310380022014,35
230310380022015,35
230310380022016,35
230310380022017,35
230310380022018,35
230310380022019,35
230310380022020,35
230310380022021,35
230310380022022,35
230310380022023,35
230310380022024,35
230310380022025,35
230310380022026,35
230310380022027,35
230310380022028,35
230310380022029,35
230310380022030,35
230310380022031,35
230310380022032,35
230310380023000,35
230310380023001,35
230310380023002,35
230310380023003,35
230310380023004,35
230310380023005,35
230310380023006,35
230310380023007,35
230310380023008,35
230310380023009,35
230310380023010,35
230310380023011,35
230310380023012,35
230310380023013,35
230310380023014,35
230319901000017,35
230039523003175,1
230039523003176,1
230039523003177,1
230039523003178,1
230039523003179,1
230039523003180,1
230039523003181,1
230039523003182,1
230039523003183,1
230039523003184,1
230039523003185,1
230039523003186,1
230039523003200,1
230039523003201,1
230039523003202,1
230039523003203,1
230039523003204,1
230039523003395,1
230039523003396,1
230039523003000,2
230039523003001,2
230039523003002,2
230039523003003,2
230039523003004,2
230039523003005,2
230039523003006,2
230039523003007,2
230039523003008,2
230039523003009,2
230039523003010,2
230039523003011,2
230039523003012,2
230039523003013,2
230039523003014,2
230039523003015,2
230039523003016,2
230039523003017,2
230039523003018,2
230039523003019,2
230039523003020,2
230039523003021,2
230039523003022,2
230039523003023,2
230039523003024,2
230039523003025,2
230039523003026,2
230039523003027,2
230039523003028,2
230039523003029,2
230039523003030,2
230039523003031,2
230039523003032,2
230039523003033,2
230039523003034,2
230039523003035,2
230039523003036,2
230039523003037,2
230039523003038,2
230039523003039,2
230039523003040,2
230039523003041,2
230039523003042,2
230039523003043,2
230039523003044,2
230039523003045,2
230039523003046,2
230039523003047,2
230039523003048,2
230039523003049,2
230039523003050,2
230039523003051,2
230039523003052,2
230039523003053,2
230039523003054,2
230039523003055,2
230039523003056,2
230039523003057,2
230039523003058,2
230039523003059,2
230039523003060,2
230039523003061,2
230039523003062,2
230039523003063,2
230039523003064,2
230039523003065,2
230039523003066,2
230039523003067,2
230039523003068,2
230039523003069,2
230039523003070,2
230039523003071,2
230039523003072,2
230039523003073,2
230039523003074,2
230039523003075,2
230039523003076,2
230039523003077,2
230039523003078,2
230039523003079,2
230039523003080,2
230039523003081,2
230039523003082,2
230039523003083,2
230039523003084,2
230039523003085,2
230039523003086,2
230039523003108,2
230039523003109,2
230039523003110,2
230039523003111,2
230039523003112,2
230039523003113,2
230039523003114,2
230039523003115,2
230039523003116,2
230039523003117,2
230039523003118,2
230039523003119,2
230039523003120,2
230039523003121,2
230039523003122,2
230039523003123,2
230039523003124,2
230039523003125,2
230039523003126,2
230039523003127,2
230039523003128,2
230039523003129,2
230039523003130,2
230039523003131,2
230039523003132,2
230039523003133,2
230039523003134,2
230039523003135,2
230039523003136,2
230039523003137,2
230039523003138,2
230039523003139,2
230039523003140,2
230039523003141,2
230039523003142,2
230039523003143,2
230039523003144,2
230039523003145,2
230039523003146,2
230039523003147,2
230039523003148,2
230039523003149,2
230039523003150,2
230039523003151,2
230039523003152,2
230039523003153,2
230039523003154,2
230039523003155,2
230039523003156,2
230039523003157,2
230039523003158,2
230039523003159,2
230039523003160,2
230039523003161,2
230039523003162,2
230039523003163,2
230039523003164,2
230039523003165,2
230039523003166,2
230039523003167,2
230039523003168,2
230039523003169,2
230039523003170,2
230039523003171,2
230039523003172,2
230039523003173,2
230039523003174,2
230039523003187,2
230039523003188,2
230039523003189,2
230039523003190,2
230039523003191,2
230039523003192,2
230039523003193,2
230039523003194,2
230039523003195,2
230039523003196,2
230039523003197,2
230039523003198,2
230039523003199,2
230039523003205,2
230039523003206,2
230039523003207,2
230039523003208,2
230039523003209,2
230039523003210,2
230039523003211,2
230039523003212,2
230039523003213,2
230039523003214,2
230039523003215,2
230039523003216,2
230039523003217,2
230039523003218,2
230039523003219,2
230039523003220,2
230039523003221,2
230039523003222,2
230039523003223,2
230039523003224,2
230039523003225,2
230039523003226,2
230039523003227,2
230039523003228,2
230039523003229,2
230039523003230,2
230039523003231,2
230039523003232,2
230039523003233,2
230039523003234,2
230039523003235,2
230039523003236,2
230039523003237,2
230039523003238,2
230039523003239,2
230039523003240,2
230039523003241,2
230039523003242,2
230039523003243,2
230039523003244,2
230039523003245,2
230039523003246,2
230039523003247,2
230039523003248,2
230039523003249,2
230039523003250,2
230039523003251,2
230039523003252,2
230039523003253,2
230039523003254,2
230039523003255,2
230039523003256,2
230039523003257,2
230039523003258,2
230039523003259,2
230039523003260,2
230039523003261,2
230039523003262,2
230039523003263,2
230039523003264,2
230039523003265,2
230039523003266,2
230039523003267,2
230039523003268,2
230039523003269,2
230039523003270,2
230039523003271,2
230039523003272,2
230039523003273,2
230039523003274,2
230039523003275,2
230039523003276,2
230039523003277,2
230039523003278,2
230039523003279,2
230039523003280,2
230039523003281,2
230039523003282,2
230039523003283,2
230039523003284,2
230039523003285,2
230039523003286,2
230039523003287,2
230039523003288,2
230039523003289,2
230039523003290,2
230039523003291,2
230039523003292,2
230039523003293,2
230039523003294,2
230039523003295,2
230039523003296,2
230039523003297,2
230039523003298,2
230039523003299,2
230039523003300,2
230039523003301,2
230039523003302,2
230039523003303,2
230039523003304,2
230039523003305,2
230039523003313,2
230039523003314,2
230039523003315,2
230039523003343,2
230039523003344,2
230039523003346,2
230039523003347,2
230039523003348,2
230039523003349,2
230039523003350,2
230039523003351,2
230039523003352,2
230039523003353,2
230039523003354,2
230039523003355,2
230039523003356,2
230039523003357,2
230039523003358,2
230039523003359,2
230039523003360,2
230039523003361,2
230039523003362,2
230039523003363,2
230039523003364,2
230039523003365,2
230039523003366,2
230039523003367,2
230039523003368,2
230039523003369,2
230039523003370,2
230039523003371,2
230039523003372,2
230039523003373,2
230039523003374,2
230039523003375,2
230039523003376,2
230039523003377,2
230039523003378,2
230039523003379,2
230039523003380,2
230039523003381,2
230039523003382,2
230039523003383,2
230039523003384,2
230039523003385,2
230039523003386,2
230039523003387,2
230039523003388,2
230039523003389,2
230039523003390,2
230039523003391,2
230039523003392,2
230039523003393,2
230039523003394,2
230039523003397,2
230039523003398,2
230039523003399,2
230039523003400,2
230039523003401,2
230039523003402,2
230039523003403,2
230190290001000,2
230190290001001,2
230190290001002,2
230190290001003,2
230190290001004,2
230190290001005,2
230190290001006,2
230190290001007,2
230190290001008,2
230190290001009,2
230190290001010,2
230190290001011,2
230190290001012,2
230190290001013,2
230190290001014,2
230190290001015,2
230190290001016,2
230190290001017,2
230190290001018,2
230190290001019,2
230190290001020,2
230190290001021,2
230190290001022,2
230190290001023,2
230190290001024,2
230190290001025,2
230190290001026,2
230190290001027,2
230190290001028,2
230190290001029,2
230190290001030,2
230190290001031,2
230190290001032,2
230190290001033,2
230190290001034,2
230190290001035,2
230190290001036,2
230190290001037,2
230190290001038,2
230190290001039,2
230190290001040,2
230190290001041,2
230190290001042,2
230190290001043,2
230190290001044,2
230190290001045,2
230190290001046,2
230190290001047,2
230190290001048,2
230190290001049,2
230190290001050,2
230190290001051,2
230190290001052,2
230190290001053,2
230190290001054,2
230190290001055,2
230190290001056,2
230190290001057,2
230190290001058,2
230190290001059,2
230190290001060,2
230190290001061,2
230190290001062,2
230190290001063,2
230190290001064,2
230190290001065,2
230190290001066,2
230190290001067,2
230190290001068,2
230190290001069,2
230190290001070,2
230190290001071,2
230190290001072,2
230190290001073,2
230190290001074,2
230190290001075,2
230190290001076,2
230190290001077,2
230190290001078,2
230190290001079,2
230190290001080,2
230190290001081,2
230190290001082,2
230190290001083,2
230190290001084,2
230190290001085,2
230190290001086,2
230190290001087,2
230190290001088,2
230190290001089,2
230190290001090,2
230190290001091,2
230190290001092,2
230190290001093,2
230190290001094,2
230190290001095,2
230190290001096,2
230190290001097,2
230190290001098,2
230190290001099,2
230190290001100,2
230190290001101,2
230190290001102,2
230190290001103,2
230190290001104,2
230190290001105,2
230190290001106,2
230190290001107,2
230190290001108,2
230190290001109,2
230190290001110,2
230190290001111,2
230190290001112,2
230190290001113,2
230190290001114,2
230190290001115,2
230190290001116,2
230190290001117,2
230190290001118,2
230190290001119,2
230190290001120,2
230190290001121,2
230190290001122,2
230190290001123,2
230190290001124,2
230190290001125,2
230190290001126,2
230190290001127,2
230190290001128,2
230190290001129,2
230190290001130,2
230190290001131,2
230190290001132,2
230190290001133,2
230190290001134,2
230190290001135,2
230190290001136,2
230190290001137,2
230190290001138,2
230190290001139,2
230190290001140,2
230190290001141,2
230190290001142,2
230190290001143,2
230190290001144,2
230190290001145,2
230190290001146,2
230190290001147,2
230190290001148,2
230190290001149,2
230190290001150,2
230190290001151,2
230190290001152,2
230190290001153,2
230190290001154,2
230190290001155,2
230190290001156,2
230190290001157,2
230190290001158,2
230190290001159,2
230190290001160,2
230190290001161,2
230190290001162,2
230190290001163,2
230190290001164,2
230190290001165,2
230190290001166,2
230190290001167,2
230190290001168,2
230190290001169,2
230190290001170,2
230190290001171,2
230190290001172,2
230190290001173,2
230190290001174,2
230190290001175,2
230190290001176,2
230190290001177,2
230190290001178,2
230190290001179,2
230190290001180,2
230190290001181,2
230190290001182,2
230190290001183,2
230190290001184,2
230190290001185,2
230190290001186,2
230190290001187,2
230190290001188,2
230190290001189,2
230190290001190,2
230190290001191,2
230190290001192,2
230190290001193,2
230190290001194,2
230190290001195,2
230190290001196,2
230190290001197,2
230190290001198,2
230190290001199,2
230190290001200,2
230190290001201,2
230190290001202,2
230190290001203,2
230190290001204,2
230190290001205,2
230190290001206,2
230190290001207,2
230190290001208,2
230190290001209,2
230190290001210,2
230190290001211,2
230190290001212,2
230190290001213,2
230190290001214,2
230190290001215,2
230190290001216,2
230190290001217,2
230190290001218,2
230190290001219,2
230190290001220,2
230190290001221,2
230190290001222,2
230190290001223,2
230190290001224,2
230190290001225,2
230190290001226,2
230190290001227,2
230190290001228,2
230190290001229,2
230190290001230,2
230190290001231,2
230190290001232,2
230190290001233,2
230190290001234,2
230190290001235,2
230190290001236,2
230190290001237,2
230190290001238,2
230190290001239,2
230190290001240,2
230190290001241,2
230190290001242,2
230190290001243,2
230190290001244,2
230190290001245,2
230190290001246,2
230190290001247,2
230190290001248,2
230190290001249,2
230190290001250,2
230190290001251,2
230190290001252,2
230190290001253,2
230190290001254,2
230190290001255,2
230190290001256,2
230190290001257,2
230190290001258,2
230190290001259,2
230190290001260,2
230190290001261,2
230190290001262,2
230190290001263,2
230190290001264,2
230190290001265,2
230190290001266,2
230190290001268,2
230190290001269,2
230190290001270,2
230190290001271,2
230190290001272,2
230190290001273,2
230190290001274,2
230190290001275,2
230190290001276,2
230190290001277,2
230190290001278,2
230190290001279,2
230190290001280,2
230190290001281,2
230190290001282,2
230190290001283,2
230190290001284,2
230190290001285,2
230190290001286,2
230190290001287,2
230190290001288,2
230190290001289,2
230190290001290,2
230190290001291,2
230190290001292,2
230190290001293,2
230190290001294,2
230190290001295,2
230190290001296,2
230190290001297,2
230190290001298,2
230190290001299,2
230190290001300,2
230190290001301,2
230190290001302,2
230190290001303,2
230190290001304,2
230190290001305,2
230190290001306,2
230190290001307,2
230190290001308,2
230190290001309,2
230190290001310,2
230190290001311,2
230190290001312,2
230190290001313,2
230190290001314,2
230190290001315,2
230190290001316,2
230190290001317,2
230190290001318,2
230190290001319,2
230190290001320,2
230190290001321,2
230190290001322,2
230190290001323,2
230190290001324,2
230190290001325,2
230190290001326,2
230190290001327,2
230190290001328,2
230190290001329,2
230190290001330,2
230190290001331,2
230190290001332,2
230190290001333,2
230190290001334,2
230190290001335,2
230190290001336,2
230190290001337,2
230190290001338,2
230190290001339,2
230190290001340,2
230190290001341,2
230190290001342,2
230190290001343,2
230190290001344,2
230190290001345,2
230190290001346,2
230190290001347,2
230190290001348,2
230190290001349,2
230190290001350,2
230190290001351,2
230190290001352,2
230190290001353,2
230190290001354,2
230190290001355,2
230190290001356,2
230190290001357,2
230190290001358,2
230190290001359,2
230190290001360,2
230190290001361,2
230190290001364,2
230190290001368,2
230190290001369,2
230190290001370,2
230190290001371,2
230190290001449,2
230190290001450,2
230190290001456,2
230190290001457,2
230190290001626,2
230190290001627,2
230190290001647,2
230190290001648,2
230190290001649,2
230190290001650,2
230190290001651,2
230190290001652,2
230190290001653,2
230190290001654,2
230190290001655,2
230190290001656,2
230190290001657,2
230190290001658,2
230190290001659,2
230190290001660,2
230190290001661,2
230190290001662,2
230190290001663,2
230190290001664,2
230190290001665,2
230190290001666,2
230190290001667,2
230190290001668,2
230190290001670,2
230190290001267,5
230190290001362,5
230190290001363,5
230190290001365,5
230190290001366,5
230190290001367,5
230190290001372,5
230190290001373,5
230190290001374,5
230190290001375,5
230190290001376,5
230190290001377,5
230190290001378,5
230190290001379,5
230190290001380,5
230190290001381,5
230190290001382,5
230190290001383,5
230190290001384,5
230190290001385,5
230190290001386,5
230190290001387,5
230190290001388,5
230190290001389,5
230190290001390,5
230190290001391,5
230190290001392,5
230190290001393,5
230190290001394,5
230190290001395,5
230190290001396,5
230190290001397,5
230190290001398,5
230190290001399,5
230190290001400,5
230190290001401,5
230190290001402,5
230190290001403,5
230190290001404,5
230190290001405,5
230190290001406,5
230190290001407,5
230190290001408,5
230190290001409,5
230190290001410,5
230190290001411,5
230190290001412,5
230190290001413,5
230190290001414,5
230190290001415,5
230190290001416,5
230190290001417,5
230190290001418,5
230190290001419,5
230190290001420,5
230190290001421,5
230190290001422,5
230190290001423,5
230190290001424,5
230190290001425,5
230190290001426,5
230190290001427,5
230190290001428,5
230190290001429,5
230190290001430,5
230190290001431,5
230190290001432,5
230190290001433,5
230190290001434,5
230190290001435,5
230190290001436,5
230190290001437,5
230190290001438,5
230190290001439,5
230190290001440,5
230190290001441,5
230190290001442,5
230190290001443,5
230190290001444,5
230190290001445,5
230190290001446,5
230190290001447,5
230190290001448,5
230190290001451,5
230190290001452,5
230190290001453,5
230190290001458,5
230190290001459,5
230190290001460,5
230190290001461,5
230190290001462,5
230190290001463,5
230190290001464,5
230190290001465,5
230190290001466,5
230190290001467,5
230190290001468,5
230190290001469,5
230190290001470,5
230190290001471,5
230190290001472,5
230190290001473,5
230190290001474,5
230190290001475,5
230190290001476,5
230190290001477,5
230190290001478,5
230190290001479,5
230190290001480,5
230190290001481,5
230190290001482,5
230190290001483,5
230190290001484,5
230190290001485,5
230190290001486,5
230190290001487,5
230190290001488,5
230190290001489,5
230190290001490,5
230190290001491,5
230190290001492,5
230190290001493,5
230190290001494,5
230190290001495,5
230190290001496,5
230190290001497,5
230190290001498,5
230190290001499,5
230190290001500,5
230190290001501,5
230190290001502,5
230190290001503,5
230190290001504,5
230190290001505,5
230190290001506,5
230190290001507,5
230190290001508,5
230190290001509,5
230190290001510,5
230190290001511,5
230190290001512,5
230190290001513,5
230190290001514,5
230190290001515,5
230190290001516,5
230190290001517,5
230190290001518,5
230190290001519,5
230190290001520,5
230190290001521,5
230190290001522,5
230190290001523,5
230190290001524,5
230190290001525,5
230190290001526,5
230190290001527,5
230190290001528,5
230190290001529,5
230190290001530,5
230190290001531,5
230190290001532,5
230190290001533,5
230190290001534,5
230190290001535,5
230190290001536,5
230190290001537,5
230190290001538,5
230190290001539,5
230190290001540,5
230190290001541,5
230190290001542,5
230190290001543,5
230190290001544,5
230190290001545,5
230190290001546,5
230190290001547,5
230190290001548,5
230190290001549,5
230190290001550,5
230190290001551,5
230190290001552,5
230190290001553,5
230190290001554,5
230190290001555,5
230190290001556,5
230190290001557,5
230190290001558,5
230190290001559,5
230190290001560,5
230190290001561,5
230190290001562,5
230190290001563,5
230190290001564,5
230190290001565,5
230190290001566,5
230190290001567,5
230190290001568,5
230190290001569,5
230190290001570,5
230190290001571,5
230190290001572,5
230190290001573,5
230190290001574,5
230190290001575,5
230190290001576,5
230190290001577,5
230190290001578,5
230190290001579,5
230190290001580,5
230190290001581,5
230190290001582,5
230190290001583,5
230190290001584,5
230190290001585,5
230190290001586,5
230190290001587,5
230190290001588,5
230190290001589,5
230190290001590,5
230190290001591,5
230190290001592,5
230190290001593,5
230190290001594,5
230190290001595,5
230190290001596,5
230190290001597,5
230190290001598,5
230190290001599,5
230190290001600,5
230190290001601,5
230190290001602,5
230190290001603,5
230190290001604,5
230190290001605,5
230190290001606,5
230190290001607,5
230190290001608,5
230190290001609,5
230190290001610,5
230190290001611,5
230190290001612,5
230190290001613,5
230190290001614,5
230190290001615,5
230190290001616,5
230190290001617,5
230190290001618,5
230190290001619,5
230190290001620,5
230190290001621,5
230190290001622,5
230190290001623,5
230190290001624,5
230190290001625,5
230190290001639,5
230190290001640,5
230190290001641,5
230190290001642,5
230190290001643,5
230190290001644,5
230190290001645,5
230190290001646,5
230190290001669,5
230190290001671,5
230099651001299,6
230099651001300,6
230099651001301,6
230099651001302,6
230099651001303,6
230099651001304,6
230099651001305,6
230099651001306,6
230099651001307,6
230099651001308,6
230099651001309,6
230099651001310,6
230099651001311,6
230099651001312,6
230099651001313,6
230099651001314,6
230099651001315,6
230099651001152,7
230099651001153,7
230099651001154,7
230099651001155,7
230099651001156,7
230099651001157,7
230099651001158,7
230099651001160,7
230099651001161,7
230099651001162,7
230099651001163,7
230099651001165,7
230099651001166,7
230099651001167,7
230099651001168,7
230099651001169,7
230099651001170,7
230099651001171,7
230099651001172,7
230099651001173,7
230099651001174,7
230099651001175,7
230099651001176,7
230099651001177,7
230099651001178,7
230099651001179,7
230099651001180,7
230099651001181,7
230099651001182,7
230099651001183,7
230099651001184,7
230099651001185,7
230099651001186,7
230099651001187,7
230099651001188,7
230099651001189,7
230099651001190,7
230099651001191,7
230099651001192,7
230099651001193,7
230099651001194,7
230099651001195,7
230099651001196,7
230099651001197,7
230099651001198,7
230099651001199,7
230099651001200,7
230099651001201,7
230099651001202,7
230099651001203,7
230099651001204,7
230099651001205,7
230099651001206,7
230099651001207,7
230099651001208,7
230099651001209,7
230099651001210,7
230099651001211,7
230099651001212,7
230099651001213,7
230099651001214,7
230099651001215,7
230099651001216,7
230099651001217,7
230099651001218,7
230099651001219,7
230099651001220,7
230099651001221,7
230099651001222,7
230099651001223,7
230099651001224,7
230099651001225,7
230099651001226,7
230099651001227,7
230099651001228,7
230099651001229,7
230099651001230,7
230099651001231,7
230099651001232,7
230099651001233,7
230099651001234,7
230099651001235,7
230099651001236,7
230099651001237,7
230099651001238,7
230099651001239,7
230099651001240,7
230099651001241,7
230099651001242,7
230099651001243,7
230099651001244,7
230099651001245,7
230099651001246,7
230099651001247,7
230099651001248,7
230099651001249,7
230099651001250,7
230099651001251,7
230099651001252,7
230099651001253,7
230099651001254,7
230099651001255,7
230099651001256,7
230099651001257,7
230099651001258,7
230099651001259,7
230099651001260,7
230099651001261,7
230099651001262,7
230099651001263,7
230099651001264,7
230099651001265,7
230099651001266,7
230099651001267,7
230099651001268,7
230099651001269,7
230099651001270,7
230099651001271,7
230099651001272,7
230099651001273,7
230099651001274,7
230099651001275,7
230099651001276,7
230099651001277,7
230099651001278,7
230099651001279,7
230099651001280,7
230099651001281,7
230099651001282,7
230099651001283,7
230099651001284,7
230099651001285,7
230099651001286,7
230099651001287,7
230099651001288,7
230099651001289,7
230099651001290,7
230099651001291,7
230099651001292,7
230099651001293,7
230099651001294,7
230099651001295,7
230099651001296,7
230099651001297,7
230099651001298,7
230099651001316,7
230099651001317,7
230099651001318,7
230099651001319,7
230099651001325,7
230099651001326,7
230099651001328,7
230099651001329,7
230099651001000,8
230099651001001,8
230099651001002,8
230099651001003,8
230099651001004,8
230099651001005,8
230099651001006,8
230099651001007,8
230099651001008,8
230099651001009,8
230099651001010,8
230099651001011,8
230099651001012,8
230099651001013,8
230099651001014,8
230099651001015,8
230099651001016,8
230099651001017,8
230099651001018,8
230099651001019,8
230099651001020,8
230099651001021,8
230099651001022,8
230099651001023,8
230099651001024,8
230099651001025,8
230099651001026,8
230099651001027,8
230099651001028,8
230099651001029,8
230099651001030,8
230099651001031,8
230099651001032,8
230099651001033,8
230099651001034,8
230099651001035,8
230099651001036,8
230099651001037,8
230099651001038,8
230099651001039,8
230099651001040,8
230099651001041,8
230099651001042,8
230099651001043,8
230099651001044,8
230099651001045,8
230099651001046,8
230099651001047,8
230099651001048,8
230099651001049,8
230099651001050,8
230099651001051,8
230099651001052,8
230099651001053,8
230099651001054,8
230099651001055,8
230099651001056,8
230099651001057,8
230099651001058,8
230099651001059,8
230099651001060,8
230099651001061,8
230099651001062,8
230099651001063,8
230099651001064,8
230099651001065,8
230099651001066,8
230099651001067,8
230099651001068,8
230099651001069,8
230099651001070,8
230099651001071,8
230099651001072,8
230099651001073,8
230099651001074,8
230099651001075,8
230099651001076,8
230099651001077,8
230099651001078,8
230099651001079,8
230099651001080,8
230099651001081,8
230099651001082,8
230099651001083,8
230099651001084,8
230099651001085,8
230099651001086,8
230099651001087,8
230099651001088,8
230099651001089,8
230099651001090,8
230099651001091,8
230099651001092,8
230099651001093,8
230099651001094,8
230099651001095,8
230099651001096,8
230099651001097,8
230099651001098,8
230099651001099,8
230099651001100,8
230099651001101,8
230099651001102,8
230099651001103,8
230099651001104,8
230099651001105,8
230099651001106,8
230099651001107,8
230099651001108,8
230099651001109,8
230099651001110,8
230099651001111,8
230099651001112,8
230099651001113,8
230099651001114,8
230099651001115,8
230099651001116,8
230099651001117,8
230099651001118,8
230099651001119,8
230099651001120,8
230099651001121,8
230099651001122,8
230099651001123,8
230099651001124,8
230099651001125,8
230099651001126,8
230099651001127,8
230099651001128,8
230099651001129,8
230099651001130,8
230099651001131,8
230099651001132,8
230099651001133,8
230099651001134,8
230099651001135,8
230099651001136,8
230099651001137,8
230099651001138,8
230099651001139,8
230099651001140,8
230099651001141,8
230099651001142,8
230099651001143,8
230099651001144,8
230099651001145,8
230099651001146,8
230099651001147,8
230099651001148,8
230099651001149,8
230099651001150,8
230099651001151,8
230099651001159,8
230099651001164,8
230099651001320,8
230099651001321,8
230099651001322,8
230099651001323,8
230099651001324,8
230099651001327,8
230050024003015,25
230059900000008,25
230059900000009,25
230059900000010,25
230050026001000,25
230050026001001,25
230050026001002,25
230050026002000,25
230050026002001,25
230050026002002,25
230050026002003,25
230050026002004,25
230050026002005,25
230050026002006,25
230050026002007,25
230050026002008,25
230050026002009,25
230050026002010,25
230050026002011,25
230050026002012,25
230050026002013,25
230050026002014,25
230050026002015,25
230050026002016,25
230050027003000,25
230050027003001,25
230050027003002,25
230050027003003,25
230050027003004,25
230050027003005,25
230050027003006,25
230050027003007,25
230050027003008,25
230050027003009,25
230050027003011,25
230050027003012,25
230050027003013,25
230050027003014,25
230050027003015,25
230050027003016,25
230050027003017,25
230050027002000,25
230050027002007,25
230050027002008,25
230050027002009,25
230050027002010,25
230050027003010,25
230050003001003,27
230050003001004,27
230050003001006,27
230050003001008,27
230050003001009,27
230050003001010,27
230050003001011,27
230050003001012,27
230050003001013,27
230050003001014,27
230050003001015,27
230050003001016,27
230050003001017,27
230050003001018,27
230050003001019,27
230050003001020,27
230050003001021,27
230050003001022,27
230050003001023,27
230050003001024,27
230050003001025,27
230050003001026,27
230050003001027,27
230050003001028,27
230050003001029,27
230050003001030,27
230050003001031,27
230050003001032,27
230050003001033,27
230050003001034,27
230050003001035,27
230050003001036,27
230050003001037,27
230050003001038,27
230050003001039,27
230050003001040,27
230050003001041,27
230050003001042,27
230050003001043,27
230050003001044,27
230050003001045,27
230050003001046,27
230050003001047,27
230050003001048,27
230050003001049,27
230050003001050,27
230050003001051,27
230050003001052,27
230050003001053,27
230050003001054,27
230050003001068,27
230050003001069,27
230050003001070,27
230050003001071,27
230050003001072,27
230050003001073,27
230050003001074,27
230050003001075,27
230050003002000,27
230050003002001,27
230050003002002,27
230050003002003,27
230050003002004,27
230050003002005,27
230050003002006,27
230050003002007,27
230050003002008,27
230050003003000,27
230050003003001,27
230050003003002,27
230050003003003,27
230050003003004,27
230050003003005,27
230050003003006,27
230050005001000,27
230050005001001,27
230050005001002,27
230050005001003,27
230050005001004,27
230050005001005,27
230050005001006,27
230050005001007,27
230050005001008,27
230050005001009,27
230050005001010,27
230050005001011,27
230050005001012,27
230050005001013,27
230050005001014,27
230050005001015,27
230050005001016,27
230050005001017,27
230050005001018,27
230050005001019,27
230050005001020,27
230050005001021,27
230050005001022,27
230050005002001,27
230050005002002,27
230050005002003,27
230050005002004,27
230050005002005,27
230050005002006,27
230050005002007,27
230050005002008,27
230050006001000,27
230050006001001,27
230050006001002,27
230050006001003,27
230050006001004,27
230050006001005,27
230050006001006,27
230050006001007,27
230050006001008,27
230050006001009,27
230050006001010,27
230050006001011,27
230050006001012,27
230050006001013,27
230050006001014,27
230050006001015,27
230050006001016,27
230050006001017,27
230050006001018,27
230050006001019,27
230050006001020,27
230050006001021,27
230050006001022,27
230050006001023,27
230050006002000,27
230050006002001,27
230050006002002,27
230050006002003,27
230050006002004,27
230050006002005,27
230050006002006,27
230050006002007,27
230050006002008,27
230050006002009,27
230050006002010,27
230050006002011,27
230050006002012,27
230050006002013,27
230050006002014,27
230050006002015,27
230050006002016,27
230050006002017,27
230050006002018,27
230050006002019,27
230050006003000,27
230050010001003,27
230050015001000,27
230050015001003,27
230050015001004,27
230050015001005,27
230050015001006,27
230050015001007,27
230050015001008,27
230050015001009,27
230050015001010,27
230050015001011,27
230050015001012,27
230050015001013,27
230050015001014,27
230050023001026,27
230050024001021,27
230050024002000,27
230050024002001,27
230050024002002,27
230050024002003,27
230050024002004,27
230050024002009,27
230050024002010,27
230050024002011,27
230050024002012,27
230050024002013,27
230050024002014,27
230050024002015,27
230050024002016,27
230050024002017,27
230050024002018,27
230050024002019,27
230050024002020,27
230050024002021,27
230050024002022,27
230050024002023,27
230050024002024,27
230050024002025,27
230050024002026,27
230050024003000,27
230050024003001,27
230050024003002,27
230050024003003,27
230050024003014,27
230050024003016,27
230050024003017,27
230050024003018,27
230050024003019,27
230050024003020,27
230050024003021,27
230059900000006,27
230059900000007,27
230059900000011,27
230059900000012,27
230059900000013,27
230059900000017,27
230050003001061,27
230050003001062,27
230050003001063,27
230050003001064,27
230050015001001,27
230050015001002,27
230050015001016,27
230050015001017,27
230050015001018,27
230050015001019,27
230050015002009,27
230050015002010,27
230050015002011,27
230050015002012,27
230050015002013,27
230050015002015,27
230050015002016,27
230050015002017,27
230050015002018,27
230050015002019,27
230050015002020,27
230050015002021,27
230050015002022,27
230050015002023,27
230050015002024,27
230050015002026,27
230050015002027,27
230050015002028,27
230050015002031,27
230050015003000,27
230050015003001,27
230050015003002,27
230050015003003,27
230050015003004,27
230050015003005,27
230050015003006,27
230050015003007,27
230050015003008,27
230050015003009,27
230050015003010,27
230050015003015,27
230050015003016,27
230050018002012,27
230050018002013,27
230050018002014,27
230050018002015,27
230050018002016,27
230050018002017,27
230050018002018,27
230050018002019,27
230050018002020,27
230050018002021,27
230050018002022,27
230050018002023,27
230050018002024,27
230050018002025,27
230050018002026,27
230050020021026,27
230050020021027,27
230050020021028,27
230050020021029,27
230050020021030,27
230050020021032,27
230050020021033,27
230050020021034,27
230050020021035,27
230050020021036,27
230050020021037,27
230050020021038,27
230050020021039,27
230050020021040,27
230050020021041,27
230050020021042,27
230050020021043,27
230050020021044,27
230050020021045,27
230050020021046,27
230050020021048,27
230050018001000,27
230050018001001,27
230050018001002,27
230050018001003,27
230050018001004,27
230050018001005,27
230050018001006,27
230050018001007,27
230050018001008,27
230050018001009,27
230050018001010,27
230050018001011,27
230050018001012,27
230050018001013,27
230050018001014,27
230050018002000,27
230050018002001,27
230050018002002,27
230050018002003,27
230050018002004,27
230050018002005,27
230050018002006,27
230050018002007,27
230050018002008,27
230050018002009,27
230050018002010,27
230050018002011,27
230050018003002,27
230050018003003,27
230050018003004,27
230050018004001,27
230050018004002,27
230050018004003,27
230050018004004,27
230050018004005,27
230050018004006,27
230050018004007,27
230050019001000,27
230050022001007,27
230050022001010,27
230050022004009,27
230050023001000,27
230050023001001,27
230050023001002,27
230050023001003,27
230050023001004,27
230050023001005,27
230050023001006,27
230050023001007,27
230050023001008,27
230050023001009,27
230050023001010,27
230050023001011,27
230050023001012,27
230050023001013,27
230050023001014,27
230050023001015,27
230050023001016,27
230050023001017,27
230050023001018,27
230050023001019,27
230050023001020,27
230050023001021,27
230050023001022,27
230050023001023,27
230050023001024,27
230050023001025,27
230050023001027,27
230050023001028,27
230050023001029,27
230050023001030,27
230050023001031,27
230050023001032,27
230050023001033,27
230050023001034,27
230050023002000,27
230050023002001,27
230050023002002,27
230050023002003,27
230050023002004,27
230050023002005,27
230050023002006,27
230050023002007,27
230050023002008,27
230050023002009,27
230050023002010,27
230050023002011,27
230050023002012,27
230050023002013,27
230050023002014,27
230050023003000,27
230050023003001,27
230050023003002,27
230050023003003,27
230050023003004,27
230050023003005,27
230050023003006,27
230050023003007,27
230050023003008,27
230050023003009,27
230050023003010,27
230050023003011,27
230050023003012,27
230050018003000,27
230050018003001,27
230050018004000,27
230050022001000,27
230050022001001,27
230050022001002,27
230050022001003,27
230050022001004,27
230050022001006,27
230050022002000,27
230050022002001,27
230050022002002,27
230050022002003,27
230050022002004,27
230050022002005,27
230050022002006,27
230050022002007,27
230050022002008,27
230050022002009,27
230050022002010,27
230050022003000,27
230050022003001,27
230050022003002,27
230050022003003,27
230050022003004,27
230050022003005,27
230050022003006,27
230050022003007,27
230050022003008,27
230050022003009,27
230050022004000,27
230050022004001,27
230050022004002,27
230050022004003,27
230050022004004,27
230050022004005,27
230050022004006,27
230050022004007,27
230050022004008,27
230050015002014,28
230050017001000,28
230050017001001,28
230050017001002,28
230050017001003,28
230050017001004,28
230050017001005,28
230050017001006,28
230050017001007,28
230050017001008,28
230050017001009,28
230050017001010,28
230050017001011,28
230050017001012,28
230050017001013,28
230050017001014,28
230050017001015,28
230050017001018,28
230050017001019,28
230050017004000,28
230050017004001,28
230050017004006,28
230050017004007,28
230050017004008,28
230050017004009,28
230050017004010,28
230050017004011,28
230050017004012,28
230050017004013,28
230050019003011,28
230050020012000,28
230050020012001,28
230050020012002,28
230050020012003,28
230050020012004,28
230050020012005,28
230050020012006,28
230050020012007,28
230050020012008,28
230050020012009,28
230050020012010,28
230050020012011,28
230050020012012,28
230050020012013,28
230050020012014,28
230050020012015,28
230050020012016,28
230050020013000,28
230050020013001,28
230050020013002,28
230050020013003,28
230050020013004,28
230050020013005,28
230050020013006,28
230050020013007,28
230050020013008,28
230050020013009,28
230050020013010,28
230050020013011,28
230050020013012,28
230050020013013,28
230050020013014,28
230050020013015,28
230050020013016,28
230050020013017,28
230050020013018,28
230050020013019,28
230050020013020,28
230050020021000,28
230050020021001,28
230050020021005,28
230050020021006,28
230050020021007,28
230050020021008,28
230050020021009,28
230050020021010,28
230050020021023,28
230050020021024,28
230050020021025,28
230050019001001,28
230050019001002,28
230050019001003,28
230050019001004,28
230050019001005,28
230050019001006,28
230050019001007,28
230050019001008,28
230050019001009,28
230050019001010,28
230050019001011,28
230050019001014,28
230050019002000,28
230050019002001,28
230050019002002,28
230050019002003,28
230050019002004,28
230050019002011,28
230050019002014,28
230050022001011,28
230050022001012,28
230050022001013,28
230050022001005,28
230050022001008,28
230050022001009,28
230050026001003,28
230050026001004,28
230050026001005,28
230050026001006,28
230050026001007,28
230050026001008,28
230050026001009,28
230050026001010,28
230050026001011,28
230050026001014,28
230050026001015,28
230050026001016,28
230050026001017,28
230050026001012,28
230050026001013,28
230050026001018,28
230050026001019,28
230050026001020,28
230050026001021,28
230050026001022,28
230050026001023,28
230050026001024,28
230050026001025,28
230050026001032,28
230050027003018,28
230050027003019,28
230050028001000,28
230050028001001,28
230050028001002,28
230050028001003,28
230050028001004,28
230050028001005,28
230050028001006,28
230050028001007,28
230050028001008,28
230050028001009,28
230050028001010,28
230050028001011,28
230050028001012,28
230050028001013,28
230050028001014,28
230050028001015,28
230050028001016,28
230050028001017,28
230050028001018,28
230050028001019,28
230050028001020,28
230050028001021,28
230050028001022,28
230050028001023,28
230050028001024,28
230050028001025,28
230050028001026,28
230050028001027,28
230050028002000,28
230050028002001,28
230050028002002,28
230050028002003,28
230050028002004,28
230050028002009,28
230050028002010,28
230050028002011,28
230050028002012,28
230050028002017,28
230050028002018,28
230050028002022,28
230050028002023,28
230050028002026,28
230050026001026,28
230050026001027,28
230050026001028,28
230050026001029,28
230050026001030,28
230050026001031,28
230050026001033,28
230050026001034,28
230050027001000,28
230050027001001,28
230050027001002,28
230050027001003,28
230050027001004,28
230050027001005,28
230050027001006,28
230050027001007,28
230050027001008,28
230050027001009,28
230050027001010,28
230050027001011,28
230050027001012,28
230050027001013,28
230050027001014,28
230050027001015,28
230050027001016,28
230050027001017,28
230050027001018,28
230050027001019,28
230050027002001,28
230050027002002,28
230050027002003,28
230050027002004,28
230050027002005,28
230050027002006,28
230050027002011,28
230050027002012,28
230050027002013,28
230050027002014,28
230050027002015,28
230050173032000,29
230050173032001,29
230050173032002,29
230050173032004,29
230050173032005,29
230050173032006,29
230050173032007,29
230050173032008,29
230050173032013,29
230050173032017,29
230050173032019,29
230050173032021,29
230050173032022,29
230050173032023,29
230050173033000,29
230050173033003,29
230050173033004,29
230050173033010,29
230050173033011,29
230050173033012,29
230050173033013,29
230050173053000,29
230050173053001,29
230050173053002,29
230050173053003,29
230050173053004,29
230050173053005,29
230050173053006,29
230050173053007,29
230050173053008,29
230050173053009,29
230050173053010,29
230050173053011,29
230050173053012,29
230050173053013,29
230050173053014,29
230050173053015,29
230050173053016,29
230050173053017,29
230050173053018,29
230050173053019,29
230050173053020,29
230050173053025,29
230050173053026,29
230050173053027,29
230050173053028,29
230050173053029,29
230050173081000,29
230050173081001,29
230050173081002,29
230050173081003,29
230050173081004,29
230050173081005,29
230050173081006,29
230050173081007,29
230050173081008,29
230050173081009,29
230050173081010,29
230050173081011,29
230050173081012,29
230050173081013,29
230050173081014,29
230050173083041,29
230059900000018,29
230059900000019,29
230059900000020,29
230059900000023,29
230059900000025,29
230050173031000,30
230050173031001,30
230050173031002,30
230050173031003,30
230050173031004,30
230050173031005,30
230050173031006,30
230050173031007,30
230050173031008,30
230050173031009,30
230050173031010,30
230050173031011,30
230050173031012,30
230050173031013,30
230050173031014,30
230050173031015,30
230050173031016,30
230050173031017,30
230050173031018,30
230050173031019,30
230050173031020,30
230050173031021,30
230050173031022,30
230050173031023,30
230050173032003,30
230050173032009,30
230050173032010,30
230050173032011,30
230050173032012,30
230050173032014,30
230050173032015,30
230050173032016,30
230050173032018,30
230050173032020,30
230050173033001,30
230050173033002,30
230050173033005,30
230050173033006,30
230050173033007,30
230050173033008,30
230050173033009,30
230050173051000,30
230050173051001,30
230050173051002,30
230050173051003,30
230050173051004,30
230050173051005,30
230050173051006,30
230050173051007,30
230050173051008,30
230050173051009,30
230050173051010,30
230050173051011,30
230050173051012,30
230050173051013,30
230050173051014,30
230050173051015,30
230050173051016,30
230050173051017,30
230050173051018,30
230050173051019,30
230050173051020,30
230050173051021,30
230050173051022,30
230050173051023,30
230050173051024,30
230050173051025,30
230050173051026,30
230050173052000,30
230050173052001,30
230050173052002,30
230050173052003,30
230050173052004,30
230050173052005,30
230050173052006,30
230050173052007,30
230050173052008,30
230050173052009,30
230050173052010,30
230050173052011,30
230050173052012,30
230050173052013,30
230050173052014,30
230050173052015,30
230050173052016,30
230050173052017,30
230050173052018,30
230050173052019,30
230050173052020,30
230050173052021,30
230050173052022,30
230050173052023,30
230050173053021,30
230050173053022,30
230050173053023,30
230050173053024,30
230050173053030,30
230050173053031,30
230050173053032,30
230050173053033,30
230050173053034,30
230050173053035,30
230050173053036,30
230050173053037,30
230050173053038,30
230050173053039,30
230050173053040,30
230050173053041,30
230050173053042,30
230050173053043,30
230050173053044,30
230050173053045,30
230050173061000,30
230050173061001,30
230050173061002,30
230050173061003,30
230050173061004,30
230050173061005,30
230050173061006,30
230050173061007,30
230050173061008,30
230050173061009,30
230050173061010,30
230050173061011,30
230050173061012,30
230050173061013,30
230050173061014,30
230050173061015,30
230050173061016,30
230050173061017,30
230050173061018,30
230050173061019,30
230050173061020,30
230050173061021,30
230050173061022,30
230050173061023,30
230050173061024,30
230050173061025,30
230050173062000,30
230050173062001,30
230050173062002,30
230050173062003,30
230050173062004,30
230050173062005,30
230050173062006,30
230050173062007,30
230050173062008,30
230050173062009,30
230050173062010,30
230050173062011,30
230050173062012,30
230050173062013,30
230050173062014,30
230050173062015,30
230050173062016,30
230050173062017,30
230050173062018,30
230050173062019,30
230050173062020,30
230050173062021,30
230050173062022,30
230050173062023,30
230050173062024,30
230050173062025,30
230050173062026,30
230050173062027,30
230050173063000,30
230050173063001,30
230050173063002,30
230050173063003,30
230050173063004,30
230050173063005,30
230050173063006,30
230050173063007,30
230050173063008,30
230050173063009,30
230050173063010,30
230050173063011,30
230050173063012,30
230050173063013,30
230050173063014,30
230050173063015,30
230050173063016,30
230050173063017,30
230050173063018,30
230050173063019,30
230050173063020,30
230050173063021,30
230050173063022,30
230050173063023,30
230050173063024,30
230050173063025,30
230050173071000,30
230050173071001,30
230050173071002,30
230050173071003,30
230050173071004,30
230050173071005,30
230050173071006,30
230050173071007,30
230050173071008,30
230050173071009,30
230050173071010,30
230050173071011,30
230050173071012,30
230050173071013,30
230050173071014,30
230050173071015,30
230050173071016,30
230050173071017,30
230050173071018,30
230050173071019,30
230050173071020,30
230050173071021,30
230050173071022,30
230050173071023,30
230050173071024,30
230050173072000,30
230050173072001,30
230050173072002,30
230050173072003,30
230050173072004,30
230050173072005,30
230050173072006,30
230050173072007,30
230050173072008,30
230050173072009,30
230050173072010,30
230050173072011,30
230050173072012,30
230050173072013,30
230050173072014,30
230050173072015,30
230050173072016,30
230050173072017,30
230050173072018,30
230050173072019,30
230050173072020,30
230050173072021,30
230050173072022,30
230050173072023,30
230050173082000,30
230050173082001,30
230050173082002,30
230050173082003,30
230050173082004,30
230050173082005,30
230050173082006,30
230050173082007,30
230050173082008,30
230050173082009,30
230050173082010,30
230050173082011,30
230050173082012,30
230050173082013,30
230050173082014,30
230050173082015,30
230050173082016,30
230050173082017,30
230050173082018,30
230050173082019,30
230050173082020,30
230050173082021,30
230050173082022,30
230050173082023,30
230050173082024,30
230050173082025,30
230050173082026,30
230050173082027,30
230050173082028,30
230050173083000,30
230050173083001,30
230050173083002,30
230050173083003,30
230050173083004,30
230050173083005,30
230050173083006,30
230050173083007,30
230050173083008,30
230050173083009,30
230050173083010,30
230050173083011,30
230050173083012,30
230050173083013,30
230050173083014,30
230050173083015,30
230050173083016,30
230050173083017,30
230050173083018,30
230050173083019,30
230050173083020,30
230050173083021,30
230050173083022,30
230050173083023,30
230050173083024,30
230050173083025,30
230050173083026,30
230050173083027,30
230050173083028,30
230050173083029,30
230050173083030,30
230050173083031,30
230050173083032,30
230050173083033,30
230050173083034,30
230050173083035,30
230050173083036,30
230050173083037,30
230050173083038,30
230050173083039,30
230050173083040,30
230050173083042,30
230050173083043,30
230310200011000,30
230310200011001,30
230310200011002,30
230310200011003,30
230310200011004,30
230310200011005,30
230310200011006,30
230310200011007,30
230310200011008,30
230310200011009,30
230310200011010,30
230310200011011,30
230310200011012,30
230310200011013,30
230310200011014,30
230310200011015,30
230310200011016,30
230310200011017,30
230310200011018,30
230310200011019,30
230310200011020,30
230310200011021,30
230310200011022,30
230310200011023,30
230310200011024,30
230310200011025,30
230310200011026,30
230310200011027,30
230310200011028,30
230310200011029,30
230310200011030,30
230310200011031,30
230310200012000,30
230310200012001,30
230310200012002,30
230310200012006,30
230310200012007,30
230310200012008,30
230310200012009,30
230310200012010,30
230310200012012,30
230310200012022,30
230310200021000,30
230310200021001,30
230310200021002,30
230310200021003,30
230310200021004,30
230310200021005,30
230310200021006,30
230310200021007,30
230310200021008,30
230310200021009,30
230310200021010,30
230310200021011,30
230310200021012,30
230310200021013,30
230310200021014,30
230310200021015,30
230310200021016,30
230310200021017,30
230310200021018,30
230310200021019,30
230310200021020,30
230310200021021,30
230310200021022,30
230310200021023,30
230310200021024,30
230310200021025,30
230310200021026,30
230310200021027,30
230310200021028,30
230310200021029,30
230310200021030,30
230310200021031,30
230310200021032,30
230310200021033,30
230310200021034,30
230310200021035,30
230310200021036,30
230310200021037,30
230310200021038,30
230310200021039,30
230310200021040,30
230310200021041,30
230310200021042,30
230310200021043,30
230310200021044,30
230310200021045,30
230310200021046,30
230310200021047,30
230310200021048,30
230310200022000,30
230310200022001,30
230310200022002,30
230310200022003,30
230310200022004,30
230310200022005,30
230310200022006,30
230310200022007,30
230310200022008,30
230310200022009,30
230310200022010,30
230310200022011,30
230310200022012,30
230310200022013,30
230310200022014,30
230310200022015,30
230310200022016,30
230310200022017,30
230310200022018,30
230310200022019,30
230310200022020,30
230310200022021,30
230310200022022,30
230310200022023,30
230310200022024,30
230310200022025,30
230310200022026,30
230310200022027,30
230310200022028,30
230310200022029,30
230310200022030,30
230310200022031,30
230310200022032,30
230310200022033,30
230310200022034,30
230310200022035,30
230310200022036,30
230310200022037,30
230310200022038,30
230310200022039,30
230310200022040,30
230310200022041,30
230310200022042,30
230310200022043,30
230310200022044,30
230310200022045,30
230310200022046,30
230310200022047,30
230310200022048,30
230310200022049,30
230310200022050,30
230310200022051,30
230310200022052,30
230310200022053,30
230310200022054,30
230310200022055,30
230310200022056,30
230310200022057,30
230310200012003,31
230310200012004,31
230310200012005,31
230310200012011,31
230310200012013,31
230310200012014,31
230310200012015,31
230310200012016,31
230310200012017,31
230310200012018,31
230310200012019,31
230310200012020,31
230310200012021,31
230310200012023,31
230310200012024,31
230310200012025,31
230310200012026,31
230310200012027,31
230310200012028,31
230310200012029,31
230310200012030,31
230310200012031,31
230310200012032,31
230310200012033,31
230310200012034,31
230310200012035,31
230310200012036,31
230310200012037,31
230310320011000,34
230310320011001,34
230310320011002,34
230310320011003,34
230310320011004,34
230310320011005,34
230310320011006,34
230310320011007,34
230310320011008,34
230310320011009,34
230310320011013,34
230310320011014,34
230310320011016,34
230310320011017,34
230310320011018,34
230310320011019,34
230310320011020,34
230310320011021,34
230310320011022,34
230310320011023,34
230310320012000,34
230310320012001,34
230310320012002,34
230310320012003,34
230310320012004,34
230310320012005,34
230310320012006,34
230310320012007,34
230310320012008,34
230310320012009,34
230310320012010,34
230310320012011,34
230310320012012,34
230310320012013,34
230310320012014,34
230310320012015,34
230310320012016,34
230310320012017,34
230310320012018,34
230310320012019,34
230310320012020,34
230310320012021,34
230310320012022,34
230310320012023,34
230310320012024,34
230310320012025,34
230310320012026,34
230310320012027,34
230310320012028,34
230310320012029,34
230310320012030,34
230310320012031,34
230310320012032,34
230310320012033,34
230310320012034,34
230310320022000,34
230310320022001,34
230310320022002,34
230310320022003,34
230310320022004,34
230310320022005,34
230310320022006,34
230310320022007,34
230310320022008,34
230310320022009,34
230310320022010,34
230310320022011,34
230310320022012,34
230310320022013,34
230310320022014,34
230310320022015,34
230310320022016,34
230310320022017,34
230310320022018,34
230310320022019,34
230310320022020,34
230310320022021,34
230310320022022,34
230310320022023,34
230310320022024,34
230310320022025,34
230310320022026,34
230310320022027,34
230310320011010,35
230310320011011,35
230310320011012,35
230310320011015,35
230310320011024,35
230310320011025,35
230310320011026,35
230310320011027,35
230310320011028,35
230310320011029,35
230310320011030,35
230310320011031,35
230310320011032,35
230310320011033,35
230310320011034,35
230310320011035,35
230310320021000,35
230310320021001,35
230310320021002,35
230310320021003,35
230310320021004,35
230310320021005,35
230310320021006,35
230310320021007,35
230310320021008,35
230310320021009,35
230310320021010,35
230310320021011,35
230310320021012,35
230310320021013,35
230310320021014,35
230310320021015,35
230310320021016,35
230310320021017,35
230310320021018,35
230310320021019,35
230310320021020,35
230310320021021,35
230310320021022,35
230310320021023,35
230310320021024,35
230310320021025,35
230310320021026,35
230310320021027,35
230310320021028,35
230310320021029,35
230310320021030,35
230310320021031,35
230310320021032,35
230310320021033,35
230310320021034,35
230310320021035,35
230310320021036,35
230310320021037,35
230310320021038,35
230310320021039,35
230310320021040,35
230310320021041,35
230310320021042,35
230310320021043,35
230310320021044,35
230310320021045,35