{"type":"FeatureCollection","features":[{"type":"Feature","properties":{"id":1,"NAME":"1","TotalPop":769364,"PopDevPct":-1.6e-7,"DemPct":0.77069436,"RepPct":0.20431794,"WhitePct":0.44258397,"MinorityPct":0.55741603,"BlackPct":0.45389012,"HispanicPct":0.03987181,"PacificPct":0.001106,"AsianPct":0.04743823,"NativePct":0.01781087,"TotalVAP":609403,"Margin":0.27069436,"color":"#0000FF","opacity":"0.5"},"geometry":{"type":"MultiPolygon","coordinates":[[[[-90.211178,38.722074],[-90.20991,38.72605],[-90.205177,38.7322],[-90.191301,38.742978],[-90.183609,38.746749],[-90.176301,38.754478],[-90.175121,38.760179],[-90.172589,38.764442],[-90.172537,38.764531],[-90.171301,38.766578],[-90.166271,38.772729],[-90.160408,38.776149],[-90.146708,38.783049],[-90.144408,38.784549],[-90.123107,38.798048],[-90.117707,38.805748],[-90.120497,38.810885],[-90.123064,38.816035],[-90.12528,38.819807],[-90.12678,38.821326],[-90.132811,38.825086],[-90.141608,38.829448],[-90.150893,38.829925],[-90.15511,38.829722],[-90.158459,38.828787],[-90.167442,38.824633],[-90.173501,38.820382],[-90.17765,38.818859],[-90.183058,38.818053],[-90.188927,38.81851],[-90.195678,38.821261],[-90.205909,38.826623],[-90.21961,38.834249],[-90.235486,38.842569],[-90.235615,38.842637],[-90.236557,38.843272],[-90.245071,38.847448],[-90.249014,38.848848],[-90.256136,38.852128],[-90.259309,38.854409],[-90.265918,38.859033],[-90.26818,38.861036],[-90.270476,38.864646],[-90.271673,38.86687],[-90.273519,38.86951],[-90.275884,38.872301],[-90.283557,38.877928],[-90.287923,38.881647],[-90.289787,38.882838],[-90.293712,38.885548],[-90.298743,38.887759],[-90.30239,38.888811],[-90.308798,38.890307],[-90.31423,38.891146],[-90.320213,38.891148],[-90.3245,38.890261],[-90.327536,38.889056],[-90.332022,38.886516],[-90.335303,38.883815],[-90.336799,38.88203],[-90.339241,38.877239],[-90.340766,38.873485],[-90.342614,38.866549],[-90.342414,38.861749],[-90.342514,38.858549],[-90.344914,38.850849],[-90.344965,38.849372],[-90.349113,38.841695],[-90.350337,38.840253],[-90.353135,38.837115],[-90.356301,38.834027],[-90.360302,38.829679],[-90.360514,38.829449],[-90.362163,38.82786],[-90.365801,38.825878],[-90.369951,38.82383],[-90.37378,38.822714],[-90.376153,38.822418],[-90.382268,38.821942],[-90.386446,38.822385],[-90.389107,38.82252],[-90.393111,38.823105],[-90.396372,38.823624],[-90.401914,38.824799],[-90.415546,38.828876],[-90.41932,38.829277],[-90.425116,38.82915],[-90.430975,38.829806],[-90.433516,38.82955],[-90.439251,38.828016],[-90.440924,38.827421],[-90.448117,38.82205],[-90.449556,38.819892],[-90.455164,38.813056],[-90.461917,38.80485],[-90.467186,38.798545],[-90.467317,38.798389],[-90.467811,38.797798],[-90.473188,38.790978],[-90.474192,38.787625],[-90.475318,38.783869],[-90.475574,38.783016],[-90.476499,38.780896],[-90.47743,38.778307],[-90.477468,38.778198],[-90.480381,38.769702],[-90.481325,38.766854],[-90.482299,38.764348],[-90.482455,38.764013],[-90.480415,38.76324],[-90.480247,38.763554],[-90.474328,38.761503],[-90.458736,38.755746],[-90.458537,38.755672],[-90.458665,38.755465],[-90.464152,38.746495],[-90.465761,38.744886],[-90.467191,38.742344],[-90.46826,38.741669],[-90.468852,38.741538],[-90.46885,38.740713],[-90.467414,38.740461],[-90.465962,38.739411],[-90.464094,38.736263],[-90.46436,38.736193],[-90.463364,38.735175],[-90.46593,38.735189],[-90.467576,38.734721],[-90.465024,38.730202],[-90.465401,38.728506],[-90.463234,38.726683],[-90.461843,38.727159],[-90.460776,38.727523],[-90.459902,38.727806],[-90.459007,38.727712],[-90.459177,38.728611],[-90.457302,38.729436],[-90.457266,38.727886],[-90.456416,38.727244],[-90.455202,38.727369],[-90.454315,38.726631],[-90.452994,38.727097],[-90.452624,38.724751],[-90.451202,38.7251],[-90.450288,38.725087],[-90.450101,38.725406],[-90.450264,38.725615],[-90.450294,38.725654],[-90.450326,38.725705],[-90.450349,38.725759],[-90.450363,38.725816],[-90.450366,38.725873],[-90.450361,38.72593],[-90.450345,38.725986],[-90.45032,38.72604],[-90.450287,38.726091],[-90.450245,38.726138],[-90.450196,38.72618],[-90.45014,38.726217],[-90.450078,38.726247],[-90.450065,38.726251],[-90.450012,38.726271],[-90.449942,38.726288],[-90.44987,38.726297],[-90.449806,38.726299],[-90.449724,38.726294],[-90.449653,38.726281],[-90.449577,38.726257],[-90.44952,38.726233],[-90.449461,38.7262],[-90.449408,38.72616],[-90.449362,38.726116],[-90.449324,38.726067],[-90.449295,38.726014],[-90.449275,38.725959],[-90.449264,38.725903],[-90.449263,38.725845],[-90.449271,38.725789],[-90.449289,38.725733],[-90.4493,38.725707],[-90.449399,38.725496],[-90.446857,38.725356],[-90.446897,38.724041],[-90.448301,38.722016],[-90.448436,38.72185],[-90.449414,38.721861],[-90.450466,38.721859],[-90.450778,38.720866],[-90.448432,38.72067],[-90.448454,38.718227],[-90.44964,38.718239],[-90.449905,38.718244],[-90.452252,38.717263],[-90.452881,38.71717],[-90.453529,38.717281],[-90.453751,38.716531],[-90.453891,38.715439],[-90.454003,38.714553],[-90.453867,38.714555],[-90.454855,38.713064],[-90.455388,38.710944],[-90.45602,38.708403],[-90.456213,38.707668],[-90.456841,38.70511],[-90.457613,38.703245],[-90.457318,38.703231],[-90.45733,38.703192],[-90.45743,38.703016],[-90.457013,38.70219],[-90.456623,38.701367],[-90.454211,38.700953],[-90.453685,38.700739],[-90.453426,38.700441],[-90.453384,38.69983],[-90.453714,38.699243],[-90.453802,38.697808],[-90.453702,38.697573],[-90.453466,38.696447],[-90.453389,38.696345],[-90.450735,38.696501],[-90.450524,38.696529],[-90.450514,38.696304],[-90.450301,38.692911],[-90.450554,38.69294],[-90.451709,38.693125],[-90.454996,38.693641],[-90.45502,38.693563],[-90.45539,38.693624],[-90.45439,38.695231],[-90.457247,38.695758],[-90.45708,38.696403],[-90.461972,38.695846],[-90.46474,38.694737],[-90.464775,38.69569],[-90.464786,38.695994],[-90.467117,38.696277],[-90.469575,38.69748],[-90.469692,38.697323],[-90.469748,38.697365],[-90.469853,38.697465],[-90.470298,38.697885],[-90.470461,38.698076],[-90.470693,38.698347],[-90.470799,38.698483],[-90.47098,38.698715],[-90.471042,38.698823],[-90.471326,38.699319],[-90.47149,38.699605],[-90.471659,38.6999],[-90.471867,38.699887],[-90.472006,38.699886],[-90.47363,38.699327],[-90.473497,38.698071],[-90.473808,38.697447],[-90.474735,38.6955],[-90.471892,38.690197],[-90.473412,38.689648],[-90.474337,38.691512],[-90.476034,38.692264],[-90.477119,38.691922],[-90.477466,38.690621],[-90.479528,38.690292],[-90.477189,38.688644],[-90.480838,38.689045],[-90.480958,38.688391],[-90.482563,38.687492],[-90.483631,38.687476],[-90.482827,38.688502],[-90.483487,38.688775],[-90.485483,38.6881],[-90.488664,38.687325],[-90.488567,38.686989],[-90.489397,38.686655],[-90.489324,38.685532],[-90.488503,38.684128],[-90.488538,38.683173],[-90.488091,38.682946],[-90.487686,38.682566],[-90.486829,38.682633],[-90.486954,38.682361],[-90.486509,38.682394],[-90.485565,38.682467],[-90.484818,38.68253],[-90.481805,38.682734],[-90.480484,38.682541],[-90.47793,38.681561],[-90.47698,38.681213],[-90.476019,38.680963],[-90.475171,38.680777],[-90.474174,38.680558],[-90.471349,38.679323],[-90.469402,38.6784],[-90.468958,38.678194],[-90.468839,38.678034],[-90.466467,38.677116],[-90.465429,38.6767],[-90.462109,38.675306],[-90.458466,38.673873],[-90.458294,38.674435],[-90.454121,38.673706],[-90.450768,38.673098],[-90.449996,38.672961],[-90.449324,38.672834],[-90.44909,38.67279],[-90.449042,38.672109],[-90.447306,38.671695],[-90.447056,38.67163],[-90.446255,38.671414],[-90.446136,38.671382],[-90.444632,38.670954],[-90.443283,38.670619],[-90.441969,38.670454],[-90.438537,38.670988],[-90.435618,38.671152],[-90.435409,38.671272],[-90.430645,38.671191],[-90.429615,38.671539],[-90.428929,38.671839],[-90.42758,38.672468],[-90.424718,38.673635],[-90.424427,38.673648],[-90.423447,38.673601],[-90.422405,38.673478],[-90.421979,38.673384],[-90.421947,38.673377],[-90.421958,38.671932],[-90.421438,38.671925],[-90.421099,38.671922],[-90.421,38.671887],[-90.420961,38.671813],[-90.420958,38.67132],[-90.420999,38.671241],[-90.421099,38.67121],[-90.421443,38.671212],[-90.421963,38.671216],[-90.422071,38.663244],[-90.422113,38.661618],[-90.422202,38.658163],[-90.422279,38.655206],[-90.424552,38.655226],[-90.42465,38.647928],[-90.424676,38.647929],[-90.42468,38.647091],[-90.422602,38.64737],[-90.421108,38.646584],[-90.41879,38.644382],[-90.415343,38.645139],[-90.413832,38.64426],[-90.410355,38.643902],[-90.410365,38.642426],[-90.410383,38.641822],[-90.410408,38.641104],[-90.415414,38.640463],[-90.415448,38.637755],[-90.415431,38.636704],[-90.415432,38.63565],[-90.405685,38.635602],[-90.405663,38.636782],[-90.405621,38.638995],[-90.405604,38.639864],[-90.405595,38.640395],[-90.405582,38.641079],[-90.40556,38.642209],[-90.405544,38.643085],[-90.405542,38.64318],[-90.40552,38.644328],[-90.405508,38.644986],[-90.405496,38.645633],[-90.405483,38.646308],[-90.40547,38.646973],[-90.405448,38.647689],[-90.405349,38.653423],[-90.405318,38.655041],[-90.399427,38.654984],[-90.395394,38.654957],[-90.395216,38.661067],[-90.394623,38.661065],[-90.389108,38.661012],[-90.384676,38.66098],[-90.383132,38.660939],[-90.380656,38.660913],[-90.375945,38.660823],[-90.375944,38.660892],[-90.373571,38.660861],[-90.373677,38.656492],[-90.373705,38.653516],[-90.372367,38.653502],[-90.371889,38.653498],[-90.367539,38.65345],[-90.366657,38.65344],[-90.359967,38.653382],[-90.358711,38.653385],[-90.358766,38.6484],[-90.358775,38.647032],[-90.358181,38.644708],[-90.357646,38.642212],[-90.357684,38.640123],[-90.35819,38.640263],[-90.360643,38.640862],[-90.36068,38.64087],[-90.361868,38.641138],[-90.36183,38.632659],[-90.361824,38.631839],[-90.362272,38.630544],[-90.359804,38.630525],[-90.359337,38.630462],[-90.358015,38.630448],[-90.357572,38.630432],[-90.357606,38.629199],[-90.357304,38.629202],[-90.356994,38.629211],[-90.356354,38.629219],[-90.35581,38.629226],[-90.354298,38.629235],[-90.353209,38.629236],[-90.351636,38.629236],[-90.350603,38.629238],[-90.349413,38.629239],[-90.348319,38.629242],[-90.348362,38.626405],[-90.348459,38.624442],[-90.348432,38.624066],[-90.352952,38.62418],[-90.355712,38.624149],[-90.355718,38.623677],[-90.352967,38.623652],[-90.352983,38.622776],[-90.355727,38.622808],[-90.356856,38.622809],[-90.357959,38.622667],[-90.360686,38.622901],[-90.360827,38.622064],[-90.362384,38.622228],[-90.362393,38.621381],[-90.362392,38.620574],[-90.362388,38.619841],[-90.362387,38.619706],[-90.362391,38.619273],[-90.362394,38.619013],[-90.362387,38.617854],[-90.362811,38.616867],[-90.362963,38.61606],[-90.363349,38.614009],[-90.364556,38.614149],[-90.365622,38.614272],[-90.367674,38.61451],[-90.370248,38.614809],[-90.370647,38.614855],[-90.371679,38.614445],[-90.371864,38.613358],[-90.376157,38.613809],[-90.378901,38.614093],[-90.378977,38.613633],[-90.379154,38.612556],[-90.379561,38.610069],[-90.379693,38.609264],[-90.379619,38.609253],[-90.380383,38.604536],[-90.379356,38.604816],[-90.378583,38.605025],[-90.377828,38.605301],[-90.377199,38.60553],[-90.376747,38.605695],[-90.37518,38.603039],[-90.37595,38.60305],[-90.376505,38.60306],[-90.37699,38.603068],[-90.377,38.602435],[-90.37701,38.601826],[-90.377033,38.600303],[-90.377039,38.599976],[-90.377081,38.597267],[-90.377095,38.596356],[-90.377097,38.595743],[-90.377114,38.594867],[-90.377145,38.593668],[-90.377147,38.592893],[-90.37714,38.592307],[-90.377162,38.592022],[-90.377197,38.590341],[-90.377207,38.589571],[-90.377217,38.588827],[-90.377226,38.588069],[-90.377245,38.586487],[-90.377246,38.585587],[-90.377247,38.584588],[-90.377221,38.584065],[-90.377226,38.58305],[-90.377255,38.582965],[-90.377255,38.582642],[-90.377255,38.58259],[-90.377258,38.579879],[-90.377257,38.579185],[-90.377257,38.578964],[-90.377256,38.578582],[-90.377256,38.578214],[-90.37726,38.577585],[-90.37726,38.577449],[-90.377258,38.5769],[-90.37727,38.576454],[-90.377275,38.576125],[-90.377237,38.576134],[-90.3772,38.576143],[-90.377194,38.575951],[-90.371489,38.577382],[-90.367669,38.57834],[-90.367634,38.578531],[-90.364491,38.579329],[-90.364127,38.579421],[-90.359592,38.58084],[-90.358795,38.581112],[-90.356106,38.582097],[-90.345366,38.585441],[-90.345404,38.585226],[-90.345057,38.585331],[-90.344145,38.585607],[-90.343961,38.585664],[-90.343442,38.58583],[-90.343068,38.585941],[-90.342451,38.586143],[-90.34198,38.586314],[-90.341524,38.586502],[-90.341446,38.586539],[-90.340992,38.586761],[-90.34093,38.586793],[-90.340749,38.586887],[-90.340599,38.586973],[-90.340514,38.587022],[-90.340219,38.587203],[-90.339961,38.587362],[-90.339739,38.587512],[-90.339556,38.58765],[-90.339182,38.58795],[-90.339143,38.587985],[-90.338816,38.588286],[-90.338799,38.588302],[-90.338729,38.588364],[-90.335983,38.590967],[-90.335925,38.591344],[-90.335823,38.591897],[-90.33528,38.591958],[-90.332325,38.593808],[-90.332254,38.594187],[-90.332125,38.594873],[-90.332026,38.595417],[-90.331714,38.596999],[-90.33164,38.597636],[-90.331533,38.598515],[-90.331378,38.599557],[-90.331166,38.600771],[-90.331569,38.601998],[-90.331784,38.602592],[-90.331907,38.602973],[-90.331971,38.603215],[-90.333484,38.603447],[-90.334455,38.604246],[-90.334497,38.60662],[-90.335096,38.608003],[-90.33518,38.609923],[-90.334339,38.610813],[-90.333918,38.612557],[-90.334042,38.61292],[-90.33371,38.613172],[-90.334471,38.616765],[-90.334396,38.618893],[-90.334403,38.618954],[-90.334418,38.619081],[-90.334474,38.619573],[-90.334454,38.621294],[-90.334438,38.622756],[-90.335085,38.624622],[-90.334962,38.627642],[-90.334961,38.628217],[-90.33496,38.628647],[-90.334961,38.628693],[-90.334961,38.628732],[-90.334961,38.628757],[-90.334963,38.628905],[-90.334949,38.629089],[-90.334941,38.6292],[-90.334939,38.629227],[-90.334936,38.629261],[-90.334955,38.629631],[-90.334952,38.629825],[-90.329787,38.629642],[-90.327748,38.629621],[-90.323289,38.629446],[-90.322973,38.630348],[-90.322436,38.631424],[-90.320443,38.631156],[-90.31949,38.631062],[-90.319269,38.63104],[-90.319079,38.632057],[-90.318883,38.633104],[-90.318574,38.634753],[-90.318301,38.634735],[-90.316123,38.63453],[-90.314197,38.634347],[-90.311926,38.634128],[-90.309687,38.633916],[-90.309013,38.633853],[-90.306433,38.63359],[-90.307139,38.632976],[-90.307977,38.632059],[-90.308193,38.631515],[-90.3083,38.631247],[-90.308616,38.630453],[-90.308699,38.630245],[-90.308743,38.630022],[-90.308912,38.629161],[-90.308939,38.629025],[-90.308964,38.628897],[-90.309145,38.627972],[-90.309341,38.626966],[-90.309629,38.6255],[-90.309895,38.624155],[-90.3101,38.623102],[-90.310284,38.622155],[-90.31037,38.621725],[-90.310381,38.621667],[-90.310907,38.618284],[-90.311157,38.617655],[-90.312115,38.615249],[-90.312549,38.614165],[-90.312936,38.613191],[-90.313275,38.612339],[-90.313611,38.611495],[-90.314009,38.610496],[-90.314316,38.609726],[-90.314687,38.60879],[-90.315237,38.607409],[-90.315678,38.606303],[-90.316282,38.604783],[-90.316395,38.604502],[-90.31701,38.602956],[-90.317902,38.600714],[-90.318423,38.599405],[-90.318542,38.599106],[-90.318858,38.598312],[-90.318976,38.598015],[-90.320507,38.594135],[-90.319635,38.592237],[-90.319196,38.591217],[-90.318707,38.590178],[-90.318284,38.589244],[-90.317449,38.587377],[-90.31624,38.584686],[-90.315827,38.583761],[-90.315487,38.583008],[-90.315026,38.581983],[-90.314883,38.581665],[-90.314682,38.581217],[-90.314294,38.580354],[-90.314044,38.579797],[-90.314026,38.579796],[-90.313582,38.578768],[-90.310417,38.575627],[-90.310018,38.575231],[-90.3076,38.572833],[-90.307182,38.572417],[-90.306958,38.572194],[-90.304996,38.570245],[-90.303987,38.569246],[-90.302549,38.567817],[-90.297022,38.562368],[-90.29462,38.560611],[-90.292421,38.558997],[-90.289766,38.557072],[-90.287,38.555474],[-90.285357,38.554689],[-90.284601,38.554327],[-90.283771,38.553932],[-90.283372,38.553704],[-90.281601,38.552746],[-90.280563,38.552187],[-90.280257,38.552002],[-90.279957,38.551845],[-90.279236,38.55143],[-90.277863,38.550535],[-90.275797,38.549903],[-90.273457,38.549032],[-90.273135,38.548856],[-90.272664,38.548596],[-90.272227,38.547914],[-90.272158,38.546726],[-90.27188,38.546004],[-90.271581,38.544844],[-90.27163,38.544732],[-90.271716,38.544541],[-90.270542,38.541607],[-90.271376,38.540136],[-90.271389,38.539555],[-90.271035,38.538681],[-90.270325,38.53822],[-90.2691,38.537575],[-90.266937,38.534232],[-90.264054,38.533767],[-90.26382,38.533807],[-90.262448,38.533841],[-90.262376,38.533815],[-90.260365,38.53307],[-90.257782,38.532012],[-90.254107,38.537297],[-90.250279,38.542804],[-90.248905,38.544781],[-90.244648,38.550003],[-90.240044,38.555651],[-90.238071,38.558071],[-90.229176,38.568981],[-90.224204,38.57508],[-90.221255,38.57684],[-90.220727,38.577066],[-90.21793,38.578257],[-90.216704,38.57878],[-90.210103,38.58398],[-90.205555,38.586792],[-90.201658,38.589434],[-90.195733,38.594771],[-90.191803,38.59898],[-90.185,38.610721],[-90.183532,38.614574],[-90.182467,38.617867],[-90.182415,38.618023],[-90.178889,38.628917],[-90.178499,38.630919],[-90.178489,38.630976],[-90.17801,38.633734],[-90.177959,38.635062],[-90.177768,38.640906],[-90.177727,38.642027],[-90.178311,38.645788],[-90.178335,38.645914],[-90.181042,38.659281],[-90.182537,38.66512],[-90.185437,38.672393],[-90.186375,38.674702],[-90.195202,38.687579],[-90.202202,38.693479],[-90.209202,38.702779],[-90.212002,38.711779],[-90.21191,38.71795],[-90.21141,38.72135],[-90.211178,38.722074]]]]}},{"type":"Feature","properties":{"id":2,"NAME":"2","TotalPop":769364,"PopDevPct":-1.6e-7,"DemPct":0.43657094,"RepPct":0.53760632,"WhitePct":0.86017446,"MinorityPct":0.13982554,"BlackPct":0.03671773,"HispanicPct":0.02660211,"PacificPct":0.00090488,"AsianPct":0.0508502,"NativePct":0.01835469,"TotalVAP":598975,"Margin":-0.06342906,"color":"#008000","opacity":"0.5"},"geometry":{"type":"MultiPolygon","coordinates":[[[[-90.595914,38.49375],[-90.595213,38.494323],[-90.594933,38.494554],[-90.594044,38.495159],[-90.592892,38.496965],[-90.591123,38.501652],[-90.590725,38.501753],[-90.590538,38.501753],[-90.589225,38.501653],[-90.588158,38.501653],[-90.586916,38.501653],[-90.584109,38.501653],[-90.562997,38.501654],[-90.560764,38.501572],[-90.549581,38.501554],[-90.534221,38.501456],[-90.531512,38.501453],[-90.528775,38.501454],[-90.52149,38.501454],[-90.521373,38.501454],[-90.517536,38.501454],[-90.51494,38.501455],[-90.513005,38.501454],[-90.512522,38.501454],[-90.510362,38.501361],[-90.506426,38.501353],[-90.503907,38.501352],[-90.502751,38.501353],[-90.502402,38.501346],[-90.497512,38.501261],[-90.49277,38.501226],[-90.49139,38.501187],[-90.488979,38.501262],[-90.477598,38.501461],[-90.475321,38.501554],[-90.472181,38.50164],[-90.470054,38.501698],[-90.466412,38.501799],[-90.466184,38.50181],[-90.463149,38.501872],[-90.461741,38.501874],[-90.46031,38.501852],[-90.459402,38.50185],[-90.459055,38.501849],[-90.458213,38.501848],[-90.456222,38.501803],[-90.454569,38.501796],[-90.453213,38.50178],[-90.448612,38.501689],[-90.446888,38.501658],[-90.443812,38.50157],[-90.443481,38.501561],[-90.432471,38.50136],[-90.431964,38.501351],[-90.428509,38.501294],[-90.421564,38.501049],[-90.420083,38.500953],[-90.412519,38.500853],[-90.409337,38.500993],[-90.405573,38.501153],[-90.405495,38.501153],[-90.405262,38.501153],[-90.405603,38.498586],[-90.407619,38.496353],[-90.407419,38.491652],[-90.40562,38.488453],[-90.405636,38.486542],[-90.407949,38.483328],[-90.40962,38.482054],[-90.411805,38.480988],[-90.414513,38.480821],[-90.415093,38.481041],[-90.415911,38.481557],[-90.417727,38.482783],[-90.4187,38.483304],[-90.420057,38.483725],[-90.420902,38.483733],[-90.422231,38.483359],[-90.422519,38.483118],[-90.422609,38.482056],[-90.422482,38.481445],[-90.422175,38.480695],[-90.421889,38.479985],[-90.421926,38.47857],[-90.422,38.478166],[-90.421619,38.477453],[-90.421455,38.476485],[-90.420689,38.475135],[-90.418928,38.470969],[-90.417566,38.468883],[-90.416434,38.467084],[-90.415351,38.464704],[-90.41501,38.46294],[-90.414408,38.456971],[-90.411793,38.454286],[-90.410463,38.453469],[-90.409223,38.453226],[-90.40321,38.453951],[-90.401721,38.454408],[-90.400087,38.45557],[-90.396319,38.458253],[-90.39471,38.458486],[-90.391631,38.457329],[-90.390702,38.455369],[-90.390985,38.4544],[-90.392643,38.451713],[-90.391031,38.450561],[-90.387387,38.451394],[-90.37834,38.452525],[-90.376783,38.452868],[-90.376459,38.452912],[-90.364893,38.455408],[-90.360605,38.456721],[-90.358158,38.457613],[-90.353631,38.458217],[-90.350639,38.458082],[-90.344235,38.456879],[-90.338918,38.455347],[-90.337092,38.454474],[-90.336135,38.453491],[-90.335685,38.448655],[-90.335745,38.448195],[-90.33925,38.442945],[-90.341822,38.439939],[-90.344993,38.43757],[-90.347117,38.435953],[-90.347755,38.43343],[-90.348175,38.428349],[-90.34713,38.421417],[-90.34712,38.419488],[-90.346336,38.417076],[-90.347992,38.410057],[-90.348145,38.406898],[-90.347031,38.402599],[-90.344894,38.398565],[-90.344528,38.397594],[-90.344307,38.396568],[-90.344383,38.395824],[-90.344284,38.39333],[-90.344086,38.392818],[-90.344162,38.391491],[-90.343887,38.390976],[-90.341446,38.388298],[-90.337911,38.39091],[-90.334277,38.394844],[-90.330017,38.397418],[-90.325839,38.400963],[-90.320471,38.406527],[-90.314372,38.412352],[-90.31117,38.415679],[-90.304209,38.419952],[-90.29687,38.424808],[-90.293685,38.42746],[-90.291084,38.43089],[-90.289901,38.433136],[-90.288541,38.436861],[-90.285673,38.445663],[-90.284043,38.451674],[-90.282864,38.456974],[-90.282677,38.457545],[-90.282387,38.460553],[-90.280926,38.466411],[-90.279191,38.471872],[-90.278754,38.476182],[-90.277841,38.479908],[-90.276799,38.482466],[-90.274847,38.486306],[-90.274711,38.486607],[-90.273281,38.491446],[-90.272183,38.494247],[-90.271261,38.497576],[-90.270538,38.50154],[-90.269555,38.504115],[-90.26876,38.507189],[-90.266316,38.512688],[-90.264923,38.517227],[-90.264228,38.520268],[-90.264123,38.520728],[-90.263339,38.522309],[-90.257413,38.531852],[-90.257782,38.532012],[-90.260365,38.53307],[-90.262376,38.533815],[-90.262448,38.533841],[-90.26382,38.533807],[-90.264054,38.533767],[-90.266937,38.534232],[-90.2691,38.537575],[-90.270325,38.53822],[-90.271035,38.538681],[-90.271389,38.539555],[-90.271376,38.540136],[-90.270542,38.541607],[-90.271716,38.544541],[-90.27163,38.544732],[-90.271581,38.544844],[-90.27188,38.546004],[-90.272158,38.546726],[-90.272227,38.547914],[-90.272664,38.548596],[-90.273135,38.548856],[-90.273457,38.549032],[-90.275797,38.549903],[-90.277863,38.550535],[-90.279236,38.55143],[-90.279957,38.551845],[-90.280257,38.552002],[-90.280563,38.552187],[-90.281601,38.552746],[-90.283372,38.553704],[-90.283771,38.553932],[-90.284601,38.554327],[-90.285357,38.554689],[-90.287,38.555474],[-90.289766,38.557072],[-90.292421,38.558997],[-90.29462,38.560611],[-90.297022,38.562368],[-90.302549,38.567817],[-90.303987,38.569246],[-90.304996,38.570245],[-90.306958,38.572194],[-90.307182,38.572417],[-90.3076,38.572833],[-90.310018,38.575231],[-90.310417,38.575627],[-90.313582,38.578768],[-90.314026,38.579796],[-90.314044,38.579797],[-90.314294,38.580354],[-90.314682,38.581217],[-90.314883,38.581665],[-90.315026,38.581983],[-90.315487,38.583008],[-90.315827,38.583761],[-90.31624,38.584686],[-90.317449,38.587377],[-90.318284,38.589244],[-90.318707,38.590178],[-90.319196,38.591217],[-90.319635,38.592237],[-90.320507,38.594135],[-90.318976,38.598015],[-90.318858,38.598312],[-90.318542,38.599106],[-90.318423,38.599405],[-90.317902,38.600714],[-90.31701,38.602956],[-90.316395,38.604502],[-90.316282,38.604783],[-90.315678,38.606303],[-90.315237,38.607409],[-90.314687,38.60879],[-90.314316,38.609726],[-90.314009,38.610496],[-90.313611,38.611495],[-90.313275,38.612339],[-90.312936,38.613191],[-90.312549,38.614165],[-90.312115,38.615249],[-90.311157,38.617655],[-90.310907,38.618284],[-90.310381,38.621667],[-90.31037,38.621725],[-90.310284,38.622155],[-90.3101,38.623102],[-90.309895,38.624155],[-90.309629,38.6255],[-90.309341,38.626966],[-90.309145,38.627972],[-90.308964,38.628897],[-90.308939,38.629025],[-90.308912,38.629161],[-90.308743,38.630022],[-90.308699,38.630245],[-90.308616,38.630453],[-90.3083,38.631247],[-90.308193,38.631515],[-90.307977,38.632059],[-90.307139,38.632976],[-90.306433,38.63359],[-90.309013,38.633853],[-90.309687,38.633916],[-90.311926,38.634128],[-90.314197,38.634347],[-90.316123,38.63453],[-90.318301,38.634735],[-90.318574,38.634753],[-90.318883,38.633104],[-90.319079,38.632057],[-90.319269,38.63104],[-90.31949,38.631062],[-90.320443,38.631156],[-90.322436,38.631424],[-90.322973,38.630348],[-90.323289,38.629446],[-90.327748,38.629621],[-90.329787,38.629642],[-90.334952,38.629825],[-90.334955,38.629631],[-90.334936,38.629261],[-90.334939,38.629227],[-90.334941,38.6292],[-90.334949,38.629089],[-90.334963,38.628905],[-90.334961,38.628757],[-90.334961,38.628732],[-90.334961,38.628693],[-90.33496,38.628647],[-90.334961,38.628217],[-90.334962,38.627642],[-90.335085,38.624622],[-90.334438,38.622756],[-90.334454,38.621294],[-90.334474,38.619573],[-90.334418,38.619081],[-90.334403,38.618954],[-90.334396,38.618893],[-90.334471,38.616765],[-90.33371,38.613172],[-90.334042,38.61292],[-90.333918,38.612557],[-90.334339,38.610813],[-90.33518,38.609923],[-90.335096,38.608003],[-90.334497,38.60662],[-90.334455,38.604246],[-90.333484,38.603447],[-90.331971,38.603215],[-90.331907,38.602973],[-90.331784,38.602592],[-90.331569,38.601998],[-90.331166,38.600771],[-90.331378,38.599557],[-90.331533,38.598515],[-90.33164,38.597636],[-90.331714,38.596999],[-90.332026,38.595417],[-90.332125,38.594873],[-90.332254,38.594187],[-90.332325,38.593808],[-90.33528,38.591958],[-90.335823,38.591897],[-90.335925,38.591344],[-90.335983,38.590967],[-90.338729,38.588364],[-90.338799,38.588302],[-90.338816,38.588286],[-90.339143,38.587985],[-90.339182,38.58795],[-90.339556,38.58765],[-90.339739,38.587512],[-90.339961,38.587362],[-90.340219,38.587203],[-90.340514,38.587022],[-90.340599,38.586973],[-90.340749,38.586887],[-90.34093,38.586793],[-90.340992,38.586761],[-90.341446,38.586539],[-90.341524,38.586502],[-90.34198,38.586314],[-90.342451,38.586143],[-90.343068,38.585941],[-90.343442,38.58583],[-90.343961,38.585664],[-90.344145,38.585607],[-90.345057,38.585331],[-90.345404,38.585226],[-90.345366,38.585441],[-90.356106,38.582097],[-90.358795,38.581112],[-90.359592,38.58084],[-90.364127,38.579421],[-90.364491,38.579329],[-90.367634,38.578531],[-90.367669,38.57834],[-90.371489,38.577382],[-90.377194,38.575951],[-90.3772,38.576143],[-90.377237,38.576134],[-90.377275,38.576125],[-90.37727,38.576454],[-90.377258,38.5769],[-90.37726,38.577449],[-90.37726,38.577585],[-90.377256,38.578214],[-90.377256,38.578582],[-90.377257,38.578964],[-90.377257,38.579185],[-90.377258,38.579879],[-90.377255,38.58259],[-90.377255,38.582642],[-90.377255,38.582965],[-90.377226,38.58305],[-90.377221,38.584065],[-90.377247,38.584588],[-90.377246,38.585587],[-90.377245,38.586487],[-90.377226,38.588069],[-90.377217,38.588827],[-90.377207,38.589571],[-90.377197,38.590341],[-90.377162,38.592022],[-90.37714,38.592307],[-90.377147,38.592893],[-90.377145,38.593668],[-90.377114,38.594867],[-90.377097,38.595743],[-90.377095,38.596356],[-90.377081,38.597267],[-90.377039,38.599976],[-90.377033,38.600303],[-90.37701,38.601826],[-90.377,38.602435],[-90.37699,38.603068],[-90.376505,38.60306],[-90.37595,38.60305],[-90.37518,38.603039],[-90.376747,38.605695],[-90.377199,38.60553],[-90.377828,38.605301],[-90.378583,38.605025],[-90.379356,38.604816],[-90.380383,38.604536],[-90.379619,38.609253],[-90.379693,38.609264],[-90.379561,38.610069],[-90.379154,38.612556],[-90.378977,38.613633],[-90.378901,38.614093],[-90.376157,38.613809],[-90.371864,38.613358],[-90.371679,38.614445],[-90.370647,38.614855],[-90.370248,38.614809],[-90.367674,38.61451],[-90.365622,38.614272],[-90.364556,38.614149],[-90.363349,38.614009],[-90.362963,38.61606],[-90.362811,38.616867],[-90.362387,38.617854],[-90.362394,38.619013],[-90.362391,38.619273],[-90.362387,38.619706],[-90.362388,38.619841],[-90.362392,38.620574],[-90.362393,38.621381],[-90.362384,38.622228],[-90.360827,38.622064],[-90.360686,38.622901],[-90.357959,38.622667],[-90.356856,38.622809],[-90.355727,38.622808],[-90.352983,38.622776],[-90.352967,38.623652],[-90.355718,38.623677],[-90.355712,38.624149],[-90.352952,38.62418],[-90.348432,38.624066],[-90.348459,38.624442],[-90.348362,38.626405],[-90.348319,38.629242],[-90.349413,38.629239],[-90.350603,38.629238],[-90.351636,38.629236],[-90.353209,38.629236],[-90.354298,38.629235],[-90.35581,38.629226],[-90.356354,38.629219],[-90.356994,38.629211],[-90.357304,38.629202],[-90.357606,38.629199],[-90.357572,38.630432],[-90.358015,38.630448],[-90.359337,38.630462],[-90.359804,38.630525],[-90.362272,38.630544],[-90.361824,38.631839],[-90.36183,38.632659],[-90.361868,38.641138],[-90.36068,38.64087],[-90.360643,38.640862],[-90.35819,38.640263],[-90.357684,38.640123],[-90.357646,38.642212],[-90.358181,38.644708],[-90.358775,38.647032],[-90.358766,38.6484],[-90.358711,38.653385],[-90.359967,38.653382],[-90.366657,38.65344],[-90.367539,38.65345],[-90.371889,38.653498],[-90.372367,38.653502],[-90.373705,38.653516],[-90.373677,38.656492],[-90.373571,38.660861],[-90.375944,38.660892],[-90.375945,38.660823],[-90.380656,38.660913],[-90.383132,38.660939],[-90.384676,38.66098],[-90.389108,38.661012],[-90.394623,38.661065],[-90.395216,38.661067],[-90.395394,38.654957],[-90.399427,38.654984],[-90.405318,38.655041],[-90.405349,38.653423],[-90.405448,38.647689],[-90.40547,38.646973],[-90.405483,38.646308],[-90.405496,38.645633],[-90.405508,38.644986],[-90.40552,38.644328],[-90.405542,38.64318],[-90.405544,38.643085],[-90.40556,38.642209],[-90.405582,38.641079],[-90.405595,38.640395],[-90.405604,38.639864],[-90.405621,38.638995],[-90.405663,38.636782],[-90.405685,38.635602],[-90.415432,38.63565],[-90.415431,38.636704],[-90.415448,38.637755],[-90.415414,38.640463],[-90.410408,38.641104],[-90.410383,38.641822],[-90.410365,38.642426],[-90.410355,38.643902],[-90.413832,38.64426],[-90.415343,38.645139],[-90.41879,38.644382],[-90.421108,38.646584],[-90.422602,38.64737],[-90.42468,38.647091],[-90.424676,38.647929],[-90.42465,38.647928],[-90.424552,38.655226],[-90.422279,38.655206],[-90.422202,38.658163],[-90.422113,38.661618],[-90.422071,38.663244],[-90.421963,38.671216],[-90.421443,38.671212],[-90.421099,38.67121],[-90.420999,38.671241],[-90.420958,38.67132],[-90.420961,38.671813],[-90.421,38.671887],[-90.421099,38.671922],[-90.421438,38.671925],[-90.421958,38.671932],[-90.421947,38.673377],[-90.421979,38.673384],[-90.422405,38.673478],[-90.423447,38.673601],[-90.424427,38.673648],[-90.424718,38.673635],[-90.42758,38.672468],[-90.428929,38.671839],[-90.429615,38.671539],[-90.430645,38.671191],[-90.435409,38.671272],[-90.435618,38.671152],[-90.438537,38.670988],[-90.441969,38.670454],[-90.443283,38.670619],[-90.444632,38.670954],[-90.446136,38.671382],[-90.446255,38.671414],[-90.447056,38.67163],[-90.447306,38.671695],[-90.449042,38.672109],[-90.44909,38.67279],[-90.449324,38.672834],[-90.449996,38.672961],[-90.450768,38.673098],[-90.454121,38.673706],[-90.458294,38.674435],[-90.458466,38.673873],[-90.462109,38.675306],[-90.465429,38.6767],[-90.466467,38.677116],[-90.468839,38.678034],[-90.468958,38.678194],[-90.469402,38.6784],[-90.471349,38.679323],[-90.474174,38.680558],[-90.475171,38.680777],[-90.476019,38.680963],[-90.47698,38.681213],[-90.47793,38.681561],[-90.480484,38.682541],[-90.481805,38.682734],[-90.484818,38.68253],[-90.485565,38.682467],[-90.486509,38.682394],[-90.486954,38.682361],[-90.486829,38.682633],[-90.487686,38.682566],[-90.488091,38.682946],[-90.488538,38.683173],[-90.488503,38.684128],[-90.489324,38.685532],[-90.489397,38.686655],[-90.488567,38.686989],[-90.488664,38.687325],[-90.485483,38.6881],[-90.483487,38.688775],[-90.482827,38.688502],[-90.483631,38.687476],[-90.482563,38.687492],[-90.480958,38.688391],[-90.480838,38.689045],[-90.477189,38.688644],[-90.479528,38.690292],[-90.477466,38.690621],[-90.477119,38.691922],[-90.476034,38.692264],[-90.474337,38.691512],[-90.473412,38.689648],[-90.471892,38.690197],[-90.474735,38.6955],[-90.473808,38.697447],[-90.473497,38.698071],[-90.47363,38.699327],[-90.472006,38.699886],[-90.471867,38.699887],[-90.471659,38.6999],[-90.47149,38.699605],[-90.471326,38.699319],[-90.471042,38.698823],[-90.47098,38.698715],[-90.470799,38.698483],[-90.470693,38.698347],[-90.470461,38.698076],[-90.470298,38.697885],[-90.469853,38.697465],[-90.469748,38.697365],[-90.469692,38.697323],[-90.469575,38.69748],[-90.467117,38.696277],[-90.464786,38.695994],[-90.464775,38.69569],[-90.46474,38.694737],[-90.461972,38.695846],[-90.45708,38.696403],[-90.457247,38.695758],[-90.45439,38.695231],[-90.45539,38.693624],[-90.45502,38.693563],[-90.454996,38.693641],[-90.451709,38.693125],[-90.450554,38.69294],[-90.450301,38.692911],[-90.450514,38.696304],[-90.450524,38.696529],[-90.450735,38.696501],[-90.453389,38.696345],[-90.453466,38.696447],[-90.453702,38.697573],[-90.453802,38.697808],[-90.453714,38.699243],[-90.453384,38.69983],[-90.453426,38.700441],[-90.453685,38.700739],[-90.454211,38.700953],[-90.456623,38.701367],[-90.457013,38.70219],[-90.45743,38.703016],[-90.45733,38.703192],[-90.457318,38.703231],[-90.457613,38.703245],[-90.456841,38.70511],[-90.456213,38.707668],[-90.45602,38.708403],[-90.455388,38.710944],[-90.454855,38.713064],[-90.453867,38.714555],[-90.454003,38.714553],[-90.453891,38.715439],[-90.453751,38.716531],[-90.453529,38.717281],[-90.452881,38.71717],[-90.452252,38.717263],[-90.449905,38.718244],[-90.44964,38.718239],[-90.448454,38.718227],[-90.448432,38.72067],[-90.450778,38.720866],[-90.450466,38.721859],[-90.449414,38.721861],[-90.448436,38.72185],[-90.448301,38.722016],[-90.446897,38.724041],[-90.446857,38.725356],[-90.449399,38.725496],[-90.4493,38.725707],[-90.449289,38.725733],[-90.449271,38.725789],[-90.449263,38.725845],[-90.449264,38.725903],[-90.449275,38.725959],[-90.449295,38.726014],[-90.449324,38.726067],[-90.449362,38.726116],[-90.449408,38.72616],[-90.449461,38.7262],[-90.44952,38.726233],[-90.449577,38.726257],[-90.449653,38.726281],[-90.449724,38.726294],[-90.449806,38.726299],[-90.44987,38.726297],[-90.449942,38.726288],[-90.450012,38.726271],[-90.450065,38.726251],[-90.450078,38.726247],[-90.45014,38.726217],[-90.450196,38.72618],[-90.450245,38.726138],[-90.450287,38.726091],[-90.45032,38.72604],[-90.450345,38.725986],[-90.450361,38.72593],[-90.450366,38.725873],[-90.450363,38.725816],[-90.450349,38.725759],[-90.450326,38.725705],[-90.450294,38.725654],[-90.450264,38.725615],[-90.450101,38.725406],[-90.450288,38.725087],[-90.451202,38.7251],[-90.452624,38.724751],[-90.452994,38.727097],[-90.454315,38.726631],[-90.455202,38.727369],[-90.456416,38.727244],[-90.457266,38.727886],[-90.457302,38.729436],[-90.459177,38.728611],[-90.459007,38.727712],[-90.459902,38.727806],[-90.460776,38.727523],[-90.461843,38.727159],[-90.463234,38.726683],[-90.465401,38.728506],[-90.465024,38.730202],[-90.467576,38.734721],[-90.46593,38.735189],[-90.463364,38.735175],[-90.46436,38.736193],[-90.464094,38.736263],[-90.465962,38.739411],[-90.467414,38.740461],[-90.46885,38.740713],[-90.468852,38.741538],[-90.46826,38.741669],[-90.467191,38.742344],[-90.465761,38.744886],[-90.464152,38.746495],[-90.458665,38.755465],[-90.458537,38.755672],[-90.458736,38.755746],[-90.474328,38.761503],[-90.480247,38.763554],[-90.480415,38.76324],[-90.482455,38.764013],[-90.482658,38.763472],[-90.485205,38.759229],[-90.488866,38.755053],[-90.492149,38.751793],[-90.493394,38.750687],[-90.495354,38.748662],[-90.500122,38.746007],[-90.50627,38.743366],[-90.513194,38.740496],[-90.51506,38.739724],[-90.521552,38.736577],[-90.521821,38.736428],[-90.522147,38.736272],[-90.528024,38.733702],[-90.529566,38.73275],[-90.531927,38.730298],[-90.532943,38.728777],[-90.533638,38.726871],[-90.533489,38.724936],[-90.533018,38.720963],[-90.530378,38.708195],[-90.529903,38.702036],[-90.530363,38.69863],[-90.53173,38.695302],[-90.533785,38.691915],[-90.53713,38.688442],[-90.537616,38.688018],[-90.539288,38.686778],[-90.54013,38.687414],[-90.541729,38.686209],[-90.545806,38.684129],[-90.550679,38.682354],[-90.554722,38.681552],[-90.556828,38.681518],[-90.560733,38.682571],[-90.568311,38.683931],[-90.572063,38.683788],[-90.579461,38.681486],[-90.588614,38.680503],[-90.595123,38.681752],[-90.6039,38.681977],[-90.606548,38.682983],[-90.611443,38.684239],[-90.613305,38.685296],[-90.619088,38.688582],[-90.623805,38.69028],[-90.626518,38.690444],[-90.62841,38.690409],[-90.631619,38.691016],[-90.635184,38.690774],[-90.642551,38.690949],[-90.647342,38.69052],[-90.656757,38.689223],[-90.660509,38.688551],[-90.662749,38.687439],[-90.663294,38.688897],[-90.664655,38.69276],[-90.6658,38.69601],[-90.6664,38.69755],[-90.66677,38.69813],[-90.667449,38.698797],[-90.66844,38.69944],[-90.67057,38.70063],[-90.67207,38.70174],[-90.6733,38.70298],[-90.67383,38.70366],[-90.67626,38.70754],[-90.67671,38.70821],[-90.67777,38.7091],[-90.67907,38.70972],[-90.68193,38.710284],[-90.684015,38.710674],[-90.687341,38.711251],[-90.69034,38.71182],[-90.688365,38.713185],[-90.68593,38.71418],[-90.68211,38.7137],[-90.67816,38.71384],[-90.676232,38.714788],[-90.67278,38.71714],[-90.66981,38.71923],[-90.66951,38.71945],[-90.665323,38.722235],[-90.65995,38.72367],[-90.659362,38.723777],[-90.659426,38.72401],[-90.65959,38.72452],[-90.660108,38.725437],[-90.658796,38.725819],[-90.660433,38.728474],[-90.661468,38.73014],[-90.664602,38.72897],[-90.666838,38.728145],[-90.66852,38.727521],[-90.667989,38.726628],[-90.672898,38.724871],[-90.670859,38.721577],[-90.67492,38.71995],[-90.67557,38.72096],[-90.67653,38.72189],[-90.67846,38.72494],[-90.67944,38.72642],[-90.68027,38.72769],[-90.680746,38.728352],[-90.68206,38.730325],[-90.682973,38.731407],[-90.68563,38.7304],[-90.68653,38.73138],[-90.68825,38.73405],[-90.68942,38.73473],[-90.6913,38.73425],[-90.691737,38.735918],[-90.693963,38.739075],[-90.695,38.740542],[-90.69504,38.740599],[-90.695722,38.74157],[-90.69755,38.744135],[-90.69856,38.74565],[-90.699627,38.748264],[-90.69974,38.74862],[-90.699782,38.74876],[-90.70028,38.75086],[-90.700245,38.753454],[-90.700242,38.753672],[-90.70021,38.75693],[-90.69737,38.75615],[-90.69676,38.75575],[-90.69425,38.754532],[-90.694136,38.756408],[-90.693325,38.757386],[-90.6924,38.759892],[-90.690062,38.760656],[-90.689918,38.761132],[-90.687966,38.760107],[-90.684834,38.761541],[-90.684573,38.762998],[-90.683605,38.763547],[-90.682262,38.763447],[-90.682049,38.764187],[-90.681484,38.764101],[-90.681291,38.765182],[-90.68005,38.765158],[-90.678934,38.76514],[-90.677928,38.765123],[-90.677669,38.765119],[-90.67759,38.765117],[-90.677183,38.765111],[-90.677113,38.765118],[-90.676591,38.765122],[-90.676585,38.765907],[-90.673713,38.76619],[-90.673914,38.766462],[-90.673959,38.766533],[-90.673979,38.766564],[-90.674094,38.766747],[-90.67414,38.766819],[-90.674183,38.76689],[-90.6743,38.766876],[-90.674363,38.76687],[-90.674908,38.76682],[-90.675225,38.766791],[-90.675542,38.766761],[-90.675858,38.766731],[-90.676175,38.766701],[-90.676492,38.766672],[-90.676582,38.766663],[-90.676581,38.766836],[-90.67658,38.766948],[-90.676575,38.767275],[-90.676578,38.767456],[-90.676575,38.767931],[-90.676575,38.768109],[-90.676574,38.768227],[-90.676571,38.768749],[-90.676576,38.768828],[-90.676074,38.768829],[-90.675439,38.768829],[-90.675272,38.768831],[-90.675294,38.768883],[-90.67531,38.76892],[-90.675325,38.768955],[-90.6762,38.77087],[-90.676227,38.770928],[-90.67628,38.77104],[-90.676302,38.771108],[-90.676323,38.77117],[-90.676368,38.771306],[-90.67641,38.77143],[-90.676483,38.77172],[-90.676518,38.77186],[-90.676522,38.771877],[-90.676535,38.771932],[-90.67654,38.77195],[-90.676591,38.772084],[-90.67669,38.77234],[-90.676766,38.772478],[-90.67679,38.77252],[-90.67685,38.772595],[-90.676885,38.772638],[-90.676991,38.772769],[-90.677,38.77278],[-90.67703,38.77281],[-90.678057,38.773952],[-90.67996,38.77341],[-90.679787,38.773266],[-90.67966,38.77316],[-90.67998,38.77293],[-90.68016,38.77284],[-90.680218,38.772818],[-90.68024,38.77281],[-90.68031,38.7728],[-90.68052,38.77281],[-90.68118,38.77282],[-90.6818,38.77284],[-90.68194,38.77287],[-90.682,38.77291],[-90.68208,38.77295],[-90.682145,38.773],[-90.68217,38.77302],[-90.68227,38.77314],[-90.68231,38.77323],[-90.682934,38.773728],[-90.68352,38.77385],[-90.68352,38.773664],[-90.68352,38.77358],[-90.68351,38.773492],[-90.683616,38.773485],[-90.683974,38.773463],[-90.683973,38.773518],[-90.684323,38.773522],[-90.684415,38.773516],[-90.684406,38.773711],[-90.6844,38.77386],[-90.68595,38.77386],[-90.685932,38.773529],[-90.68593,38.772566],[-90.687799,38.772539],[-90.68782,38.7717],[-90.68877,38.77173],[-90.68875,38.77259],[-90.690549,38.772667],[-90.700017,38.772817],[-90.70005,38.77064],[-90.70007,38.76928],[-90.700079,38.768552],[-90.703552,38.768522],[-90.7039,38.76914],[-90.70301,38.76974],[-90.70423,38.77085],[-90.70567,38.77094],[-90.70736,38.77173],[-90.707307,38.772877],[-90.707806,38.772877],[-90.709802,38.772829],[-90.710232,38.772799],[-90.710634,38.774634],[-90.708661,38.774697],[-90.70818,38.774684],[-90.70811,38.77593],[-90.708822,38.775951],[-90.708685,38.778191],[-90.7088,38.778276],[-90.70639,38.77821],[-90.706,38.77909],[-90.70457,38.77903],[-90.704546,38.778592],[-90.70203,38.7802],[-90.70112,38.78023],[-90.69984,38.78021],[-90.69983,38.78102],[-90.699777,38.783444],[-90.69977,38.7837],[-90.6998,38.78725],[-90.699856,38.787644],[-90.69944,38.78965],[-90.69901,38.7905],[-90.698774,38.791017],[-90.69858,38.79222],[-90.6986,38.79302],[-90.699,38.79422],[-90.700301,38.797088],[-90.70033,38.79753],[-90.70028,38.79907],[-90.70026,38.79951],[-90.70024,38.80017],[-90.70021,38.80126],[-90.7001,38.80232],[-90.70512,38.80227],[-90.715793,38.802537],[-90.71743,38.802577],[-90.73315,38.80297],[-90.73317,38.80238],[-90.73318,38.80228],[-90.73318,38.8022],[-90.73319,38.80205],[-90.7332,38.80181],[-90.733209,38.801757],[-90.73323,38.80164],[-90.73328,38.801504],[-90.73331,38.80142],[-90.73347,38.8011],[-90.73354,38.80098],[-90.73366,38.80081],[-90.73377,38.80068],[-90.73393,38.80051],[-90.73402,38.80042],[-90.7342,38.80022],[-90.73426,38.80024],[-90.735796,38.79833],[-90.735944,38.796559],[-90.73742,38.79643],[-90.74165,38.79664],[-90.742205,38.796647],[-90.745344,38.796689],[-90.745409,38.793799],[-90.746717,38.793808],[-90.746705,38.793923],[-90.746862,38.793929],[-90.74718,38.793944],[-90.747567,38.79394],[-90.747665,38.79394],[-90.748731,38.793933],[-90.749119,38.793931],[-90.749267,38.793933],[-90.749663,38.793938],[-90.751295,38.793962],[-90.75184,38.79397],[-90.752592,38.793983],[-90.754851,38.794025],[-90.755344,38.794035],[-90.755322,38.794295],[-90.75531,38.794605],[-90.755277,38.795472],[-90.755276,38.795497],[-90.754735,38.795504],[-90.754731,38.795869],[-90.754661,38.801311],[-90.754393,38.803323],[-90.75217,38.80324],[-90.752174,38.803454],[-90.754398,38.803508],[-90.755432,38.803535],[-90.761724,38.803692],[-90.764506,38.803745],[-90.7707,38.80392],[-90.772251,38.80396],[-90.772406,38.803416],[-90.772585,38.802673],[-90.771614,38.801358],[-90.771459,38.801147],[-90.770087,38.799288],[-90.768022,38.799216],[-90.765477,38.79898],[-90.765058,38.798365],[-90.765013,38.796256],[-90.764114,38.794429],[-90.76176,38.793797],[-90.759223,38.791834],[-90.758588,38.791292],[-90.757205,38.790425],[-90.75692,38.78928],[-90.75707,38.788468],[-90.757267,38.788097],[-90.757832,38.787601],[-90.758931,38.786991],[-90.760025,38.786297],[-90.76071,38.78577],[-90.76087,38.78564],[-90.76166,38.78501],[-90.7632,38.78393],[-90.76502,38.78357],[-90.76742,38.7838],[-90.770518,38.784992],[-90.77131,38.78533],[-90.772318,38.783706],[-90.769569,38.781834],[-90.77008,38.77959],[-90.77008,38.7773],[-90.77006,38.774023],[-90.77006,38.773764],[-90.77006,38.773448],[-90.770179,38.771257],[-90.772273,38.771148],[-90.77694,38.770449],[-90.782891,38.774035],[-90.79586,38.7819],[-90.7979,38.78316],[-90.7993,38.78425],[-90.803489,38.786793],[-90.804048,38.787128],[-90.80576,38.78818],[-90.81065,38.79114],[-90.813822,38.793056],[-90.818431,38.795951],[-90.81916,38.795986],[-90.82606,38.800319],[-90.826077,38.80033],[-90.826345,38.800523],[-90.828001,38.801582],[-90.831251,38.803602],[-90.83232,38.80425],[-90.83584,38.80642],[-90.83927,38.8063],[-90.85465,38.80559],[-90.85719,38.80555],[-90.858517,38.805703],[-90.860119,38.806089],[-90.86092,38.80639],[-90.86241,38.80721],[-90.86458,38.80892],[-90.86692,38.80845],[-90.86903,38.80803],[-90.88471,38.80491],[-90.886303,38.804592],[-90.88727,38.8044],[-90.8886,38.80416],[-90.88987,38.80397],[-90.891115,38.803819],[-90.892278,38.803706],[-90.89234,38.8037],[-90.892734,38.803671],[-90.89341,38.80362],[-90.894342,38.803572],[-90.89519,38.80353],[-90.89645,38.80351],[-90.89673,38.80351],[-90.89746,38.80351],[-90.89817,38.80352],[-90.8988,38.80354],[-90.899177,38.803559],[-90.89957,38.80358],[-90.900786,38.80366],[-90.901037,38.803681],[-90.90126,38.8037],[-90.901791,38.803759],[-90.902042,38.803788],[-90.902652,38.803856],[-90.9033,38.80393],[-90.90435,38.80409],[-90.904475,38.804111],[-90.905081,38.804214],[-90.90546,38.804278],[-90.90603,38.80437],[-90.92451,38.80839],[-90.924534,38.808281],[-90.93344,38.810064],[-90.933927,38.81044],[-90.9449,38.81283],[-90.95587,38.81523],[-90.95589,38.81513],[-90.95664,38.81526],[-90.96104,38.81622],[-90.961,38.81635],[-90.966342,38.817393],[-90.972407,38.818787],[-90.980606,38.820483],[-90.9806,38.820183],[-90.989223,38.821948],[-90.989208,38.822296],[-90.989182,38.822772],[-90.989169,38.823055],[-90.989161,38.823246],[-90.992631,38.823992],[-91.008389,38.827461],[-91.012646,38.829346],[-91.015228,38.830028],[-91.020545,38.830036],[-91.020538,38.829934],[-91.026883,38.829554],[-91.040237,38.828095],[-91.045352,38.827966],[-91.051522,38.828009],[-91.054801,38.827658],[-91.074055,38.823461],[-91.074053,38.823656],[-91.078854,38.822589],[-91.08561,38.821693],[-91.105916,38.819297],[-91.113857,38.818424],[-91.117511,38.818426],[-91.122059,38.818427],[-91.127522,38.818418],[-91.128608,38.818368],[-91.128836,38.818357],[-91.129283,38.818428],[-91.129583,38.818494],[-91.13005,38.818613],[-91.13096,38.818895],[-91.131941,38.819255],[-91.13488,38.820214],[-91.139147,38.821136],[-91.145891,38.821603],[-91.149237,38.821402],[-91.163745,38.819666],[-91.16963,38.819481],[-91.169057,38.81966],[-91.177088,38.82025],[-91.185008,38.82038],[-91.1881,38.821054],[-91.201664,38.825174],[-91.206965,38.826833],[-91.210691,38.828408],[-91.213332,38.829843],[-91.217791,38.83307],[-91.224385,38.838907],[-91.229114,38.842765],[-91.231571,38.844099],[-91.231451,38.844293],[-91.234726,38.845486],[-91.237514,38.84613],[-91.242889,38.846494],[-91.246023,38.846477],[-91.255481,38.846375],[-91.258907,38.846384],[-91.264931,38.84643],[-91.264933,38.846213],[-91.264927,38.845963],[-91.264927,38.843833],[-91.272399,38.843701],[-91.273903,38.843674],[-91.276221,38.843623],[-91.278545,38.843571],[-91.280003,38.843539],[-91.283417,38.843465],[-91.286791,38.843639],[-91.287967,38.843692],[-91.301898,38.84431],[-91.301894,38.845851],[-91.304894,38.845703],[-91.306864,38.845602],[-91.313785,38.845294],[-91.316771,38.845177],[-91.326103,38.844871],[-91.329824,38.844773],[-91.339859,38.844528],[-91.344209,38.844512],[-91.350449,38.844502],[-91.355387,38.844466],[-91.36703,38.844542],[-91.375032,38.844804],[-91.382715,38.844898],[-91.38738,38.844965],[-91.388939,38.844976],[-91.405263,38.845144],[-91.415832,38.8453],[-91.416028,38.841806],[-91.41622,38.837962],[-91.416341,38.835471],[-91.4165,38.833447],[-91.416604,38.830921],[-91.416589,38.830262],[-91.416573,38.829854],[-91.416553,38.829203],[-91.41649,38.826418],[-91.416423,38.823085],[-91.416289,38.820591],[-91.416367,38.812246],[-91.416482,38.805632],[-91.416545,38.803154],[-91.416853,38.788066],[-91.416981,38.781542],[-91.41714,38.774174],[-91.417324,38.765311],[-91.417527,38.757442],[-91.417558,38.756303],[-91.417724,38.750162],[-91.417648,38.739774],[-91.417948,38.7355],[-91.417869,38.735184],[-91.418047,38.731733],[-91.418302,38.72075],[-91.418469,38.720543],[-91.418538,38.714689],[-91.418551,38.714136],[-91.41859,38.711748],[-91.418637,38.709778],[-91.405369,38.709219],[-91.401175,38.708915],[-91.395134,38.70799],[-91.388082,38.705614],[-91.382347,38.704044],[-91.375159,38.701287],[-91.369192,38.699324],[-91.369198,38.697245],[-91.3692,38.69647],[-91.369222,38.689538],[-91.369228,38.688134],[-91.368417,38.688158],[-91.368354,38.685941],[-91.368306,38.684833],[-91.368416,38.666227],[-91.36842,38.665575],[-91.368462,38.658396],[-91.368487,38.654345],[-91.368702,38.648625],[-91.368717,38.640392],[-91.36879,38.632161],[-91.368853,38.625044],[-91.368691,38.62303],[-91.368757,38.601414],[-91.368693,38.598592],[-91.368358,38.598592],[-91.368203,38.598574],[-91.368128,38.592267],[-91.368024,38.586439],[-91.368002,38.5837],[-91.367994,38.581888],[-91.367821,38.569216],[-91.367948,38.565345],[-91.368172,38.558612],[-91.368337,38.55365],[-91.368335,38.553171],[-91.36832,38.546312],[-91.368415,38.535363],[-91.368472,38.528654],[-91.368612,38.517796],[-91.368644,38.51449],[-91.36852,38.509366],[-91.367794,38.509374],[-91.367652,38.500049],[-91.367622,38.480272],[-91.367638,38.469476],[-91.367665,38.461479],[-91.367674,38.458898],[-91.367701,38.448398],[-91.367707,38.442156],[-91.367848,38.438458],[-91.367796,38.436719],[-91.36777,38.434604],[-91.36775,38.425672],[-91.367753,38.420296],[-91.366855,38.42001],[-91.366808,38.412058],[-91.36681,38.406523],[-91.366926,38.394002],[-91.366827,38.393121],[-91.366848,38.391111],[-91.366762,38.37538],[-91.366838,38.369976],[-91.366658,38.361654],[-91.366709,38.355848],[-91.366712,38.355592],[-91.366886,38.343702],[-91.367037,38.331491],[-91.365436,38.33147],[-91.365565,38.322086],[-91.365569,38.32175],[-91.365677,38.314499],[-91.365898,38.299846],[-91.365948,38.293158],[-91.365953,38.289407],[-91.36599,38.285204],[-91.366033,38.283696],[-91.366274,38.283085],[-91.366302,38.278179],[-91.366464,38.264492],[-91.366467,38.264303],[-91.36648,38.263811],[-91.366489,38.263195],[-91.366492,38.263015],[-91.366653,38.256094],[-91.366927,38.251248],[-91.367065,38.250064],[-91.366638,38.242861],[-91.366692,38.240897],[-91.366834,38.23564],[-91.366988,38.228875],[-91.367101,38.224488],[-91.367399,38.213226],[-91.367482,38.209741],[-91.367527,38.208022],[-91.367577,38.20603],[-91.367624,38.204233],[-91.367501,38.204026],[-91.358091,38.204121],[-91.348024,38.204054],[-91.346926,38.204037],[-91.33884,38.20404],[-91.321995,38.204065],[-91.31119,38.204048],[-91.291153,38.203994],[-91.269017,38.204138],[-91.255465,38.204141],[-91.248168,38.204093],[-91.24134,38.204096],[-91.231583,38.204095],[-91.227589,38.204095],[-91.22223,38.204095],[-91.217467,38.204093],[-91.208425,38.20409],[-91.199438,38.204088],[-91.199387,38.204088],[-91.187445,38.204085],[-91.177858,38.204087],[-91.177533,38.204085],[-91.17725,38.204084],[-91.177049,38.204085],[-91.175074,38.204092],[-91.173273,38.204098],[-91.172711,38.2041],[-91.171661,38.204105],[-91.169419,38.204065],[-91.168217,38.204156],[-91.16733,38.204158],[-91.16615,38.20416],[-91.16496,38.204163],[-91.16378,38.204165],[-91.162746,38.204167],[-91.161352,38.204147],[-91.159442,38.20416],[-91.157503,38.204175],[-91.144616,38.204214],[-91.140334,38.204219],[-91.125141,38.204243],[-91.123721,38.204144],[-91.110747,38.204029],[-91.097604,38.204083],[-91.095765,38.204083],[-91.085606,38.204084],[-91.085218,38.204084],[-91.084056,38.204084],[-91.083669,38.204084],[-91.075908,38.20405],[-91.063203,38.204049],[-91.056933,38.204053],[-91.008785,38.204089],[-91.000138,38.204088],[-90.98964,38.204295],[-90.980637,38.205401],[-90.978782,38.20564],[-90.970187,38.206687],[-90.97019,38.20551],[-90.952198,38.205369],[-90.934015,38.205244],[-90.895457,38.204937],[-90.892409,38.205011],[-90.884854,38.204832],[-90.879904,38.204934],[-90.873279,38.204982],[-90.864677,38.204914],[-90.863934,38.204875],[-90.863015,38.204949],[-90.858312,38.205103],[-90.857393,38.20509],[-90.847065,38.204946],[-90.835147,38.204551],[-90.819205,38.204258],[-90.816935,38.204268],[-90.81561,38.204203],[-90.814827,38.204206],[-90.8095,38.204226],[-90.804889,38.204226],[-90.790637,38.203979],[-90.780185,38.204112],[-90.779516,38.208628],[-90.77742,38.220123],[-90.775733,38.228086],[-90.77483,38.234012],[-90.773849,38.239067],[-90.773549,38.24068],[-90.772585,38.245856],[-90.77228,38.25005],[-90.7681,38.2701],[-90.76746,38.27315],[-90.766993,38.273982],[-90.766984,38.274],[-90.765978,38.280241],[-90.762804,38.29555],[-90.762478,38.297022],[-90.761193,38.303207],[-90.760533,38.306405],[-90.759249,38.312541],[-90.75657,38.325401],[-90.75602,38.32805],[-90.755601,38.330052],[-90.753352,38.3406],[-90.751768,38.347927],[-90.751241,38.350382],[-90.75025,38.354947],[-90.750222,38.355078],[-90.7494,38.35819],[-90.749169,38.360334],[-90.74823,38.36442],[-90.747341,38.367966],[-90.747383,38.368027],[-90.746569,38.371755],[-90.743862,38.383795],[-90.743535,38.385392],[-90.743122,38.387402],[-90.742441,38.390729],[-90.742131,38.392245],[-90.741779,38.39396],[-90.741042,38.397561],[-90.740674,38.399353],[-90.739641,38.404396],[-90.739034,38.407632],[-90.737599,38.415897],[-90.737436,38.418259],[-90.737333,38.422049],[-90.736931,38.436011],[-90.73668,38.44674],[-90.73654,38.44896],[-90.736567,38.44899],[-90.736637,38.453096],[-90.736331,38.461118],[-90.736332,38.461407],[-90.736335,38.462275],[-90.736336,38.462565],[-90.736262,38.465093],[-90.736311,38.466643],[-90.735923,38.467225],[-90.73543,38.468253],[-90.73353,38.475753],[-90.732083,38.479514],[-90.73203,38.482153],[-90.730509,38.482736],[-90.725424,38.482469],[-90.720019,38.480303],[-90.71712,38.478267],[-90.71425,38.475075],[-90.714419,38.473633],[-90.716725,38.47239],[-90.718109,38.46968],[-90.713051,38.469549],[-90.708811,38.471408],[-90.706458,38.47204],[-90.701528,38.472256],[-90.696027,38.471252],[-90.695658,38.470539],[-90.694624,38.468545],[-90.693926,38.465765],[-90.693196,38.464567],[-90.691192,38.462618],[-90.688951,38.461427],[-90.68782,38.460408],[-90.687317,38.45817],[-90.687811,38.456302],[-90.689089,38.454897],[-90.688669,38.453141],[-90.686567,38.452439],[-90.685446,38.452908],[-90.684309,38.454462],[-90.683861,38.455234],[-90.683625,38.455768],[-90.683337,38.457108],[-90.680546,38.458372],[-90.678799,38.457879],[-90.677487,38.456653],[-90.676907,38.455309],[-90.677055,38.453601],[-90.679104,38.451411],[-90.680564,38.450561],[-90.685891,38.448854],[-90.686546,38.447542],[-90.685725,38.446863],[-90.684011,38.446518],[-90.683001,38.447419],[-90.681695,38.44761],[-90.679903,38.446954],[-90.679576,38.446635],[-90.679364,38.446497],[-90.679105,38.446207],[-90.678955,38.445937],[-90.678775,38.445877],[-90.678593,38.445909],[-90.676018,38.446247],[-90.674537,38.446319],[-90.67401,38.446437],[-90.670753,38.447116],[-90.668325,38.447963],[-90.668033,38.448043],[-90.665508,38.448675],[-90.664639,38.448755],[-90.664219,38.448864],[-90.66381,38.449054],[-90.663015,38.449557],[-90.662223,38.450001],[-90.661797,38.450297],[-90.661022,38.450673],[-90.659953,38.451502],[-90.658775,38.452401],[-90.657958,38.453323],[-90.657054,38.45423],[-90.655308,38.456197],[-90.654389,38.457156],[-90.654228,38.458054],[-90.654249,38.459374],[-90.654329,38.459624],[-90.655857,38.462081],[-90.656527,38.464629],[-90.658924,38.472661],[-90.659681,38.475103],[-90.660703,38.479195],[-90.659464,38.481353],[-90.658585,38.482751],[-90.656707,38.484829],[-90.654549,38.487108],[-90.653829,38.487547],[-90.649594,38.487986],[-90.645877,38.488046],[-90.644127,38.487953],[-90.638176,38.48675],[-90.633746,38.485782],[-90.630773,38.482329],[-90.628619,38.47773],[-90.626231,38.475849],[-90.625971,38.475707],[-90.622212,38.473919],[-90.619426,38.472601],[-90.618026,38.471984],[-90.616104,38.471516],[-90.613685,38.471328],[-90.611654,38.47231],[-90.610609,38.472977],[-90.60943,38.474],[-90.606583,38.476358],[-90.604889,38.477574],[-90.603986,38.478335],[-90.602652,38.479617],[-90.602233,38.480533],[-90.6013,38.483143],[-90.598896,38.487629],[-90.598745,38.487999],[-90.598256,38.489207],[-90.597262,38.491274],[-90.595914,38.49375]]]]}},{"type":"Feature","properties":{"id":3,"NAME":"3","TotalPop":769364,"PopDevPct":-1.6e-7,"DemPct":0.36254524,"RepPct":0.60678387,"WhitePct":0.86249353,"MinorityPct":0.13750647,"BlackPct":0.05250316,"HispanicPct":0.02776507,"PacificPct":0.00136879,"AsianPct":0.02469817,"NativePct":0.02471314,"TotalVAP":601259,"Margin":-0.13745476,"color":"#8B008B","opacity":"0.5"},"geometry":{"type":"MultiPolygon","coordinates":[[[[-91.526367,37.95515],[-91.526392,37.941426],[-91.526686,37.92123],[-91.526713,37.919317],[-91.526738,37.917704],[-91.526925,37.90515],[-91.526934,37.904536],[-91.527373,37.875043],[-91.527529,37.873258],[-91.527775,37.857075],[-91.527925,37.845435],[-91.528081,37.835909],[-91.528154,37.8315],[-91.528188,37.823802],[-91.528308,37.820867],[-91.528331,37.819285],[-91.528332,37.816853],[-91.52828,37.81548],[-91.52861,37.80139],[-91.528797,37.788989],[-91.517112,37.788857],[-91.516182,37.788843],[-91.500159,37.788663],[-91.492419,37.788858],[-91.484833,37.788849],[-91.453309,37.788689],[-91.4528,37.788685],[-91.451153,37.788676],[-91.434287,37.788584],[-91.418759,37.788452],[-91.418301,37.788448],[-91.404489,37.788362],[-91.3992,37.788316],[-91.37678,37.788187],[-91.370281,37.78794],[-91.36827,37.787928],[-91.368026,37.787926],[-91.33538,37.787358],[-91.308426,37.787186],[-91.308311,37.787186],[-91.309083,37.764526],[-91.309298,37.757924],[-91.309575,37.749996],[-91.309846,37.737451],[-91.309767,37.736533],[-91.309759,37.733672],[-91.310219,37.721858],[-91.31038,37.71255],[-91.310334,37.710138],[-91.310655,37.700048],[-91.300255,37.69985],[-91.27627,37.6994],[-91.274026,37.699358],[-91.244264,37.698808],[-91.239177,37.698719],[-91.225232,37.698533],[-91.222965,37.698502],[-91.211765,37.698325],[-91.209815,37.698296],[-91.206217,37.698249],[-91.189513,37.697948],[-91.170421,37.697573],[-91.160461,37.697453],[-91.160163,37.697453],[-91.153345,37.69734],[-91.146972,37.697198],[-91.146949,37.699507],[-91.146839,37.709849],[-91.146726,37.720863],[-91.14656,37.735415],[-91.146521,37.740811],[-91.125134,37.740393],[-91.11962,37.740383],[-91.11868,37.740365],[-91.117881,37.74035],[-91.100017,37.740012],[-91.09528,37.739928],[-91.086413,37.739656],[-91.071997,37.739655],[-91.065273,37.739542],[-91.059535,37.739426],[-91.058799,37.739414],[-91.055923,37.739368],[-91.025768,37.738906],[-91.012627,37.738804],[-91.000686,37.738733],[-90.997117,37.739093],[-90.982499,37.74033],[-90.98265,37.738999],[-90.96527,37.738524],[-90.947182,37.73806],[-90.943583,37.737812],[-90.93484,37.737169],[-90.929053,37.736844],[-90.91234,37.735906],[-90.910973,37.735755],[-90.909661,37.735703],[-90.909603,37.735695],[-90.90599,37.735534],[-90.901693,37.73534],[-90.900875,37.735341],[-90.892849,37.734871],[-90.887663,37.735404],[-90.875129,37.736109],[-90.874051,37.736028],[-90.874134,37.734196],[-90.854296,37.734528],[-90.850167,37.734597],[-90.83965,37.734774],[-90.82091,37.735454],[-90.818769,37.735525],[-90.797701,37.736131],[-90.785647,37.736521],[-90.779796,37.736932],[-90.762129,37.738513],[-90.762083,37.738443],[-90.76195,37.737185],[-90.761232,37.737207],[-90.751527,37.737142],[-90.7461,37.737091],[-90.738383,37.737188],[-90.700622,37.736169],[-90.68279,37.735688],[-90.662292,37.735209],[-90.658039,37.735112],[-90.645135,37.734813],[-90.644802,37.746568],[-90.644501,37.750049],[-90.644422,37.758834],[-90.644396,37.761797],[-90.644374,37.764159],[-90.644337,37.768371],[-90.644119,37.775913],[-90.644101,37.776954],[-90.644121,37.783352],[-90.643978,37.78707],[-90.643755,37.793071],[-90.643641,37.803907],[-90.643592,37.809305],[-90.643472,37.822638],[-90.643438,37.826463],[-90.643378,37.833211],[-90.643277,37.844706],[-90.643306,37.851955],[-90.643276,37.853342],[-90.643156,37.859292],[-90.643052,37.864447],[-90.642853,37.868177],[-90.642798,37.871924],[-90.642757,37.873672],[-90.642761,37.875588],[-90.642619,37.887392],[-90.642572,37.890686],[-90.642477,37.897396],[-90.642474,37.897567],[-90.642379,37.903601],[-90.642405,37.903828],[-90.642392,37.904719],[-90.642289,37.910712],[-90.642052,37.917611],[-90.641593,37.935731],[-90.641518,37.945674],[-90.641491,37.950026],[-90.641451,37.956335],[-90.641418,37.961504],[-90.641405,37.963654],[-90.641396,37.964988],[-90.64137,37.969181],[-90.641353,37.97189],[-90.641302,37.980212],[-90.641238,37.992157],[-90.641183,37.99924],[-90.64099,38.006484],[-90.640804,38.022345],[-90.640687,38.033644],[-90.640523,38.050607],[-90.640509,38.052557],[-90.640474,38.055882],[-90.6404,38.062671],[-90.640263,38.066469],[-90.63998,38.076548],[-90.636477,38.076162],[-90.634367,38.074407],[-90.632063,38.074201],[-90.627138,38.075884],[-90.625981,38.07595],[-90.625212,38.076036],[-90.623119,38.074699],[-90.619854,38.072779],[-90.618065,38.073322],[-90.617866,38.082189],[-90.617738,38.082401],[-90.61754,38.089872],[-90.603546,38.088237],[-90.603789,38.084593],[-90.599209,38.084074],[-90.599022,38.086969],[-90.597782,38.087337],[-90.592933,38.086838],[-90.593155,38.083138],[-90.585666,38.082568],[-90.584592,38.082487],[-90.58454,38.084143],[-90.584595,38.086176],[-90.585998,38.086682],[-90.585745,38.091088],[-90.585385,38.090887],[-90.585184,38.091053],[-90.584644,38.091691],[-90.584521,38.091806],[-90.584087,38.092231],[-90.583771,38.092517],[-90.57954,38.096489],[-90.577331,38.099042],[-90.577018,38.0994],[-90.573714,38.09905],[-90.572,38.09852],[-90.57139,38.09938],[-90.57057,38.09933],[-90.567899,38.099096],[-90.567671,38.102761],[-90.5613,38.10208],[-90.55988,38.10571],[-90.56055,38.1068],[-90.56347,38.108],[-90.56384,38.10975],[-90.56107,38.11351],[-90.560438,38.114242],[-90.558896,38.114367],[-90.556095,38.114307],[-90.553645,38.113252],[-90.552515,38.111228],[-90.550427,38.110177],[-90.54723,38.10988],[-90.546626,38.108996],[-90.542745,38.107323],[-90.54277,38.10806],[-90.5378,38.10752],[-90.5376,38.11827],[-90.537373,38.119494],[-90.53729,38.12058],[-90.5383,38.12325],[-90.53813,38.12412],[-90.53971,38.1246],[-90.54111,38.12655],[-90.5447,38.12943],[-90.54366,38.13126],[-90.52742,38.130936],[-90.527723,38.133356],[-90.529863,38.135943],[-90.529729,38.138617],[-90.528692,38.1406],[-90.528957,38.141172],[-90.532584,38.144378],[-90.532659,38.144899],[-90.53059,38.14333],[-90.52841,38.14242],[-90.52432,38.14173],[-90.507415,38.139024],[-90.50263,38.13829],[-90.50067,38.13817],[-90.4919,38.13862],[-90.49211,38.13977],[-90.492543,38.139607],[-90.49351,38.13933],[-90.49672,38.13942],[-90.49867,38.13894],[-90.50152,38.13958],[-90.5045,38.13994],[-90.50599,38.14065],[-90.50812,38.14321],[-90.5099,38.14386],[-90.51223,38.145902],[-90.512505,38.145922],[-90.51793,38.15053],[-90.51813,38.15206],[-90.51782,38.15387],[-90.518651,38.155677],[-90.514224,38.155628],[-90.514266,38.154484],[-90.50967,38.15447],[-90.509838,38.161219],[-90.510867,38.16165],[-90.51019,38.16424],[-90.50971,38.16553],[-90.509826,38.167733],[-90.509611,38.172078],[-90.509478,38.175576],[-90.516827,38.175971],[-90.51747,38.178899],[-90.51777,38.180266],[-90.518025,38.1824],[-90.518159,38.183742],[-90.518168,38.183826],[-90.518214,38.183821],[-90.518355,38.183807],[-90.518402,38.183803],[-90.519062,38.183721],[-90.519233,38.183772],[-90.518874,38.192269],[-90.51883,38.19241],[-90.518778,38.1932],[-90.51859,38.19514],[-90.51777,38.21191],[-90.517634,38.211967],[-90.51713,38.22196],[-90.516904,38.223],[-90.51673,38.22416],[-90.51622,38.22985],[-90.51625,38.23128],[-90.51596,38.23562],[-90.515422,38.247882],[-90.515791,38.250592],[-90.515766,38.25088],[-90.515737,38.251537],[-90.515693,38.252578],[-90.515385,38.260011],[-90.515167,38.265083],[-90.514628,38.27132],[-90.514835,38.272584],[-90.514511,38.290541],[-90.514459,38.297313],[-90.514426,38.302534],[-90.514433,38.303256],[-90.514395,38.304166],[-90.514375,38.304639],[-90.512839,38.306731],[-90.514146,38.307199],[-90.5141,38.307724],[-90.513828,38.320062],[-90.513739,38.325114],[-90.513739,38.325231],[-90.513733,38.325414],[-90.513676,38.327241],[-90.51367,38.32746],[-90.513679,38.330987],[-90.51367,38.333],[-90.5136,38.3406],[-90.51355,38.34212],[-90.513497,38.354982],[-90.51361,38.359371],[-90.51362,38.36126],[-90.51365,38.363875],[-90.513511,38.368851],[-90.513521,38.37816],[-90.513521,38.378406],[-90.513601,38.385766],[-90.51365,38.39411],[-90.513472,38.400162],[-90.51411,38.40079],[-90.5138,38.40404],[-90.513425,38.404384],[-90.513163,38.419698],[-90.513062,38.424597],[-90.512952,38.429406],[-90.512984,38.4389],[-90.513036,38.44284],[-90.512934,38.447979],[-90.512721,38.450342],[-90.512726,38.450399],[-90.512744,38.45057],[-90.51275,38.450628],[-90.512658,38.453859],[-90.512626,38.454938],[-90.512713,38.455659],[-90.512751,38.45704],[-90.512686,38.458312],[-90.5127,38.458629],[-90.51258,38.461741],[-90.51256,38.46228],[-90.512701,38.462355],[-90.512697,38.462384],[-90.512637,38.462951],[-90.512617,38.46314],[-90.512552,38.463382],[-90.512549,38.463439],[-90.512544,38.463569],[-90.512586,38.464255],[-90.512599,38.46436],[-90.51262,38.464524],[-90.51262,38.464667],[-90.512361,38.475909],[-90.512414,38.480664],[-90.51251,38.483581],[-90.512519,38.483838],[-90.51252,38.48501],[-90.512626,38.488005],[-90.51255,38.490244],[-90.512585,38.494018],[-90.512591,38.494405],[-90.512601,38.494948],[-90.512544,38.499498],[-90.512522,38.501454],[-90.513005,38.501454],[-90.51494,38.501455],[-90.517536,38.501454],[-90.521373,38.501454],[-90.52149,38.501454],[-90.528775,38.501454],[-90.531512,38.501453],[-90.534221,38.501456],[-90.549581,38.501554],[-90.560764,38.501572],[-90.562997,38.501654],[-90.584109,38.501653],[-90.586916,38.501653],[-90.588158,38.501653],[-90.589225,38.501653],[-90.590538,38.501753],[-90.590725,38.501753],[-90.591123,38.501652],[-90.592892,38.496965],[-90.594044,38.495159],[-90.594933,38.494554],[-90.595213,38.494323],[-90.595914,38.49375],[-90.597262,38.491274],[-90.598256,38.489207],[-90.598745,38.487999],[-90.598896,38.487629],[-90.6013,38.483143],[-90.602233,38.480533],[-90.602652,38.479617],[-90.603986,38.478335],[-90.604889,38.477574],[-90.606583,38.476358],[-90.60943,38.474],[-90.610609,38.472977],[-90.611654,38.47231],[-90.613685,38.471328],[-90.616104,38.471516],[-90.618026,38.471984],[-90.619426,38.472601],[-90.622212,38.473919],[-90.625971,38.475707],[-90.626231,38.475849],[-90.628619,38.47773],[-90.630773,38.482329],[-90.633746,38.485782],[-90.638176,38.48675],[-90.644127,38.487953],[-90.645877,38.488046],[-90.649594,38.487986],[-90.653829,38.487547],[-90.654549,38.487108],[-90.656707,38.484829],[-90.658585,38.482751],[-90.659464,38.481353],[-90.660703,38.479195],[-90.659681,38.475103],[-90.658924,38.472661],[-90.656527,38.464629],[-90.655857,38.462081],[-90.654329,38.459624],[-90.654249,38.459374],[-90.654228,38.458054],[-90.654389,38.457156],[-90.655308,38.456197],[-90.657054,38.45423],[-90.657958,38.453323],[-90.658775,38.452401],[-90.659953,38.451502],[-90.661022,38.450673],[-90.661797,38.450297],[-90.662223,38.450001],[-90.663015,38.449557],[-90.66381,38.449054],[-90.664219,38.448864],[-90.664639,38.448755],[-90.665508,38.448675],[-90.668033,38.448043],[-90.668325,38.447963],[-90.670753,38.447116],[-90.67401,38.446437],[-90.674537,38.446319],[-90.676018,38.446247],[-90.678593,38.445909],[-90.678775,38.445877],[-90.678955,38.445937],[-90.679105,38.446207],[-90.679364,38.446497],[-90.679576,38.446635],[-90.679903,38.446954],[-90.681695,38.44761],[-90.683001,38.447419],[-90.684011,38.446518],[-90.685725,38.446863],[-90.686546,38.447542],[-90.685891,38.448854],[-90.680564,38.450561],[-90.679104,38.451411],[-90.677055,38.453601],[-90.676907,38.455309],[-90.677487,38.456653],[-90.678799,38.457879],[-90.680546,38.458372],[-90.683337,38.457108],[-90.683625,38.455768],[-90.683861,38.455234],[-90.684309,38.454462],[-90.685446,38.452908],[-90.686567,38.452439],[-90.688669,38.453141],[-90.689089,38.454897],[-90.687811,38.456302],[-90.687317,38.45817],[-90.68782,38.460408],[-90.688951,38.461427],[-90.691192,38.462618],[-90.693196,38.464567],[-90.693926,38.465765],[-90.694624,38.468545],[-90.695658,38.470539],[-90.696027,38.471252],[-90.701528,38.472256],[-90.706458,38.47204],[-90.708811,38.471408],[-90.713051,38.469549],[-90.718109,38.46968],[-90.716725,38.47239],[-90.714419,38.473633],[-90.71425,38.475075],[-90.71712,38.478267],[-90.720019,38.480303],[-90.725424,38.482469],[-90.730509,38.482736],[-90.73203,38.482153],[-90.732083,38.479514],[-90.73353,38.475753],[-90.73543,38.468253],[-90.735923,38.467225],[-90.736311,38.466643],[-90.736262,38.465093],[-90.736336,38.462565],[-90.736335,38.462275],[-90.736332,38.461407],[-90.736331,38.461118],[-90.736637,38.453096],[-90.736567,38.44899],[-90.73654,38.44896],[-90.73668,38.44674],[-90.736931,38.436011],[-90.737333,38.422049],[-90.737436,38.418259],[-90.737599,38.415897],[-90.739034,38.407632],[-90.739641,38.404396],[-90.740674,38.399353],[-90.741042,38.397561],[-90.741779,38.39396],[-90.742131,38.392245],[-90.742441,38.390729],[-90.743122,38.387402],[-90.743535,38.385392],[-90.743862,38.383795],[-90.746569,38.371755],[-90.747383,38.368027],[-90.747341,38.367966],[-90.74823,38.36442],[-90.749169,38.360334],[-90.7494,38.35819],[-90.750222,38.355078],[-90.75025,38.354947],[-90.751241,38.350382],[-90.751768,38.347927],[-90.753352,38.3406],[-90.755601,38.330052],[-90.75602,38.32805],[-90.75657,38.325401],[-90.759249,38.312541],[-90.760533,38.306405],[-90.761193,38.303207],[-90.762478,38.297022],[-90.762804,38.29555],[-90.765978,38.280241],[-90.766984,38.274],[-90.766993,38.273982],[-90.76746,38.27315],[-90.7681,38.2701],[-90.77228,38.25005],[-90.772585,38.245856],[-90.773549,38.24068],[-90.773849,38.239067],[-90.77483,38.234012],[-90.775733,38.228086],[-90.77742,38.220123],[-90.779516,38.208628],[-90.780185,38.204112],[-90.790637,38.203979],[-90.804889,38.204226],[-90.8095,38.204226],[-90.814827,38.204206],[-90.81561,38.204203],[-90.816935,38.204268],[-90.819205,38.204258],[-90.835147,38.204551],[-90.847065,38.204946],[-90.857393,38.20509],[-90.858312,38.205103],[-90.863015,38.204949],[-90.863934,38.204875],[-90.864677,38.204914],[-90.873279,38.204982],[-90.879904,38.204934],[-90.884854,38.204832],[-90.892409,38.205011],[-90.895457,38.204937],[-90.934015,38.205244],[-90.952198,38.205369],[-90.97019,38.20551],[-90.970187,38.206687],[-90.978782,38.20564],[-90.980637,38.205401],[-90.98964,38.204295],[-91.000138,38.204088],[-91.008785,38.204089],[-91.056933,38.204053],[-91.063203,38.204049],[-91.075908,38.20405],[-91.083669,38.204084],[-91.084056,38.204084],[-91.085218,38.204084],[-91.085606,38.204084],[-91.095765,38.204083],[-91.097604,38.204083],[-91.110747,38.204029],[-91.123721,38.204144],[-91.125141,38.204243],[-91.140334,38.204219],[-91.144616,38.204214],[-91.157503,38.204175],[-91.159442,38.20416],[-91.161352,38.204147],[-91.162746,38.204167],[-91.16378,38.204165],[-91.16496,38.204163],[-91.16615,38.20416],[-91.16733,38.204158],[-91.168217,38.204156],[-91.169419,38.204065],[-91.171661,38.204105],[-91.172711,38.2041],[-91.173273,38.204098],[-91.175074,38.204092],[-91.177049,38.204085],[-91.17725,38.204084],[-91.177533,38.204085],[-91.177858,38.204087],[-91.187445,38.204085],[-91.199387,38.204088],[-91.199438,38.204088],[-91.208425,38.20409],[-91.217467,38.204093],[-91.22223,38.204095],[-91.227589,38.204095],[-91.231583,38.204095],[-91.24134,38.204096],[-91.248168,38.204093],[-91.255465,38.204141],[-91.269017,38.204138],[-91.291153,38.203994],[-91.31119,38.204048],[-91.321995,38.204065],[-91.33884,38.20404],[-91.346926,38.204037],[-91.348024,38.204054],[-91.358091,38.204121],[-91.367501,38.204026],[-91.367624,38.204233],[-91.367577,38.20603],[-91.367527,38.208022],[-91.367482,38.209741],[-91.367399,38.213226],[-91.367101,38.224488],[-91.366988,38.228875],[-91.366834,38.23564],[-91.366692,38.240897],[-91.366638,38.242861],[-91.367065,38.250064],[-91.366927,38.251248],[-91.366653,38.256094],[-91.366492,38.263015],[-91.366489,38.263195],[-91.36648,38.263811],[-91.366467,38.264303],[-91.366464,38.264492],[-91.366302,38.278179],[-91.366274,38.283085],[-91.366033,38.283696],[-91.36599,38.285204],[-91.365953,38.289407],[-91.365948,38.293158],[-91.365898,38.299846],[-91.365677,38.314499],[-91.365569,38.32175],[-91.365565,38.322086],[-91.365436,38.33147],[-91.367037,38.331491],[-91.366886,38.343702],[-91.366712,38.355592],[-91.366709,38.355848],[-91.366658,38.361654],[-91.366838,38.369976],[-91.366762,38.37538],[-91.366848,38.391111],[-91.366827,38.393121],[-91.366926,38.394002],[-91.36681,38.406523],[-91.366808,38.412058],[-91.366855,38.42001],[-91.367753,38.420296],[-91.36775,38.425672],[-91.36777,38.434604],[-91.367796,38.436719],[-91.367848,38.438458],[-91.367707,38.442156],[-91.367701,38.448398],[-91.367674,38.458898],[-91.367665,38.461479],[-91.367638,38.469476],[-91.367622,38.480272],[-91.367652,38.500049],[-91.367794,38.509374],[-91.36852,38.509366],[-91.368644,38.51449],[-91.368612,38.517796],[-91.368472,38.528654],[-91.368415,38.535363],[-91.36832,38.546312],[-91.368335,38.553171],[-91.368337,38.55365],[-91.368172,38.558612],[-91.367948,38.565345],[-91.367821,38.569216],[-91.367994,38.581888],[-91.368002,38.5837],[-91.368024,38.586439],[-91.368128,38.592267],[-91.368203,38.598574],[-91.368358,38.598592],[-91.368693,38.598592],[-91.368757,38.601414],[-91.368691,38.62303],[-91.368853,38.625044],[-91.36879,38.632161],[-91.368717,38.640392],[-91.368702,38.648625],[-91.368487,38.654345],[-91.368462,38.658396],[-91.36842,38.665575],[-91.368416,38.666227],[-91.368306,38.684833],[-91.368354,38.685941],[-91.368417,38.688158],[-91.369228,38.688134],[-91.369222,38.689538],[-91.3692,38.69647],[-91.369198,38.697245],[-91.369192,38.699324],[-91.375159,38.701287],[-91.382347,38.704044],[-91.388082,38.705614],[-91.395134,38.70799],[-91.401175,38.708915],[-91.405369,38.709219],[-91.418637,38.709778],[-91.41859,38.711748],[-91.418551,38.714136],[-91.418538,38.714689],[-91.418469,38.720543],[-91.418302,38.72075],[-91.418047,38.731733],[-91.417869,38.735184],[-91.417948,38.7355],[-91.417648,38.739774],[-91.417724,38.750162],[-91.417558,38.756303],[-91.417527,38.757442],[-91.417324,38.765311],[-91.41714,38.774174],[-91.416981,38.781542],[-91.416853,38.788066],[-91.416545,38.803154],[-91.416482,38.805632],[-91.416367,38.812246],[-91.416289,38.820591],[-91.416423,38.823085],[-91.41649,38.826418],[-91.416553,38.829203],[-91.416573,38.829854],[-91.416589,38.830262],[-91.416604,38.830921],[-91.4165,38.833447],[-91.416341,38.835471],[-91.41622,38.837962],[-91.416028,38.841806],[-91.415832,38.8453],[-91.405263,38.845144],[-91.388939,38.844976],[-91.38738,38.844965],[-91.382715,38.844898],[-91.375032,38.844804],[-91.36703,38.844542],[-91.355387,38.844466],[-91.350449,38.844502],[-91.344209,38.844512],[-91.339859,38.844528],[-91.329824,38.844773],[-91.326103,38.844871],[-91.316771,38.845177],[-91.313785,38.845294],[-91.306864,38.845602],[-91.304894,38.845703],[-91.301894,38.845851],[-91.301898,38.84431],[-91.287967,38.843692],[-91.286791,38.843639],[-91.283417,38.843465],[-91.280003,38.843539],[-91.278545,38.843571],[-91.276221,38.843623],[-91.273903,38.843674],[-91.272399,38.843701],[-91.264927,38.843833],[-91.264927,38.845963],[-91.264933,38.846213],[-91.264931,38.84643],[-91.258907,38.846384],[-91.255481,38.846375],[-91.246023,38.846477],[-91.242889,38.846494],[-91.237514,38.84613],[-91.234726,38.845486],[-91.231451,38.844293],[-91.231571,38.844099],[-91.229114,38.842765],[-91.224385,38.838907],[-91.217791,38.83307],[-91.213332,38.829843],[-91.210691,38.828408],[-91.206965,38.826833],[-91.201664,38.825174],[-91.1881,38.821054],[-91.185008,38.82038],[-91.177088,38.82025],[-91.169057,38.81966],[-91.16963,38.819481],[-91.163745,38.819666],[-91.149237,38.821402],[-91.145891,38.821603],[-91.139147,38.821136],[-91.13488,38.820214],[-91.131941,38.819255],[-91.13096,38.818895],[-91.13005,38.818613],[-91.129583,38.818494],[-91.129283,38.818428],[-91.128836,38.818357],[-91.128608,38.818368],[-91.127522,38.818418],[-91.122059,38.818427],[-91.117511,38.818426],[-91.113857,38.818424],[-91.105916,38.819297],[-91.08561,38.821693],[-91.078854,38.822589],[-91.074053,38.823656],[-91.074055,38.823461],[-91.054801,38.827658],[-91.051522,38.828009],[-91.045352,38.827966],[-91.040237,38.828095],[-91.026883,38.829554],[-91.020538,38.829934],[-91.020545,38.830036],[-91.015228,38.830028],[-91.012646,38.829346],[-91.008389,38.827461],[-90.992631,38.823992],[-90.989161,38.823246],[-90.989169,38.823055],[-90.989182,38.822772],[-90.989208,38.822296],[-90.989223,38.821948],[-90.9806,38.820183],[-90.980606,38.820483],[-90.972407,38.818787],[-90.966342,38.817393],[-90.961,38.81635],[-90.96104,38.81622],[-90.95664,38.81526],[-90.95589,38.81513],[-90.95587,38.81523],[-90.9449,38.81283],[-90.933927,38.81044],[-90.93344,38.810064],[-90.924534,38.808281],[-90.92451,38.80839],[-90.90603,38.80437],[-90.90546,38.804278],[-90.905081,38.804214],[-90.904475,38.804111],[-90.90435,38.80409],[-90.9033,38.80393],[-90.902652,38.803856],[-90.902042,38.803788],[-90.901791,38.803759],[-90.90126,38.8037],[-90.901037,38.803681],[-90.900786,38.80366],[-90.89957,38.80358],[-90.899177,38.803559],[-90.8988,38.80354],[-90.89817,38.80352],[-90.89746,38.80351],[-90.89673,38.80351],[-90.89645,38.80351],[-90.89519,38.80353],[-90.894342,38.803572],[-90.89341,38.80362],[-90.892734,38.803671],[-90.89234,38.8037],[-90.892278,38.803706],[-90.891115,38.803819],[-90.88987,38.80397],[-90.8886,38.80416],[-90.88727,38.8044],[-90.886303,38.804592],[-90.88471,38.80491],[-90.86903,38.80803],[-90.86692,38.80845],[-90.86458,38.80892],[-90.86241,38.80721],[-90.86092,38.80639],[-90.860119,38.806089],[-90.858517,38.805703],[-90.85719,38.80555],[-90.85465,38.80559],[-90.83927,38.8063],[-90.83584,38.80642],[-90.83232,38.80425],[-90.831251,38.803602],[-90.828001,38.801582],[-90.826345,38.800523],[-90.826077,38.80033],[-90.82606,38.800319],[-90.81916,38.795986],[-90.818431,38.795951],[-90.813822,38.793056],[-90.81065,38.79114],[-90.80576,38.78818],[-90.804048,38.787128],[-90.803489,38.786793],[-90.7993,38.78425],[-90.7979,38.78316],[-90.79586,38.7819],[-90.782891,38.774035],[-90.77694,38.770449],[-90.772273,38.771148],[-90.770179,38.771257],[-90.77006,38.773448],[-90.77006,38.773764],[-90.77006,38.774023],[-90.77008,38.7773],[-90.77008,38.77959],[-90.769569,38.781834],[-90.772318,38.783706],[-90.77131,38.78533],[-90.770518,38.784992],[-90.76742,38.7838],[-90.76502,38.78357],[-90.7632,38.78393],[-90.76166,38.78501],[-90.76087,38.78564],[-90.76071,38.78577],[-90.760025,38.786297],[-90.758931,38.786991],[-90.757832,38.787601],[-90.757267,38.788097],[-90.75707,38.788468],[-90.75692,38.78928],[-90.757205,38.790425],[-90.758588,38.791292],[-90.759223,38.791834],[-90.76176,38.793797],[-90.764114,38.794429],[-90.765013,38.796256],[-90.765058,38.798365],[-90.765477,38.79898],[-90.768022,38.799216],[-90.770087,38.799288],[-90.771459,38.801147],[-90.771614,38.801358],[-90.772585,38.802673],[-90.772406,38.803416],[-90.772251,38.80396],[-90.7707,38.80392],[-90.764506,38.803745],[-90.761724,38.803692],[-90.755432,38.803535],[-90.754398,38.803508],[-90.752174,38.803454],[-90.75217,38.80324],[-90.754393,38.803323],[-90.754661,38.801311],[-90.754731,38.795869],[-90.754735,38.795504],[-90.755276,38.795497],[-90.755277,38.795472],[-90.75531,38.794605],[-90.755322,38.794295],[-90.755344,38.794035],[-90.754851,38.794025],[-90.752592,38.793983],[-90.75184,38.79397],[-90.751295,38.793962],[-90.749663,38.793938],[-90.749267,38.793933],[-90.749119,38.793931],[-90.748731,38.793933],[-90.747665,38.79394],[-90.747567,38.79394],[-90.74718,38.793944],[-90.746862,38.793929],[-90.746705,38.793923],[-90.746717,38.793808],[-90.745409,38.793799],[-90.745344,38.796689],[-90.742205,38.796647],[-90.74165,38.79664],[-90.73742,38.79643],[-90.735944,38.796559],[-90.735796,38.79833],[-90.73426,38.80024],[-90.7342,38.80022],[-90.73402,38.80042],[-90.73393,38.80051],[-90.73377,38.80068],[-90.73366,38.80081],[-90.73354,38.80098],[-90.73347,38.8011],[-90.73331,38.80142],[-90.73328,38.801504],[-90.73323,38.80164],[-90.733209,38.801757],[-90.7332,38.80181],[-90.73319,38.80205],[-90.73318,38.8022],[-90.73318,38.80228],[-90.73317,38.80238],[-90.73315,38.80297],[-90.71743,38.802577],[-90.715793,38.802537],[-90.70512,38.80227],[-90.7001,38.80232],[-90.70021,38.80126],[-90.70024,38.80017],[-90.70026,38.79951],[-90.70028,38.79907],[-90.70033,38.79753],[-90.700301,38.797088],[-90.699,38.79422],[-90.6986,38.79302],[-90.69858,38.79222],[-90.698774,38.791017],[-90.69901,38.7905],[-90.69944,38.78965],[-90.699856,38.787644],[-90.6998,38.78725],[-90.69977,38.7837],[-90.699777,38.783444],[-90.69983,38.78102],[-90.69984,38.78021],[-90.70112,38.78023],[-90.70203,38.7802],[-90.704546,38.778592],[-90.70457,38.77903],[-90.706,38.77909],[-90.70639,38.77821],[-90.7088,38.778276],[-90.708685,38.778191],[-90.708822,38.775951],[-90.70811,38.77593],[-90.70818,38.774684],[-90.708661,38.774697],[-90.710634,38.774634],[-90.710232,38.772799],[-90.709802,38.772829],[-90.707806,38.772877],[-90.707307,38.772877],[-90.70736,38.77173],[-90.70567,38.77094],[-90.70423,38.77085],[-90.70301,38.76974],[-90.7039,38.76914],[-90.703552,38.768522],[-90.700079,38.768552],[-90.70007,38.76928],[-90.70005,38.77064],[-90.700017,38.772817],[-90.690549,38.772667],[-90.68875,38.77259],[-90.68877,38.77173],[-90.68782,38.7717],[-90.687799,38.772539],[-90.68593,38.772566],[-90.685932,38.773529],[-90.68595,38.77386],[-90.6844,38.77386],[-90.684406,38.773711],[-90.684415,38.773516],[-90.684323,38.773522],[-90.683973,38.773518],[-90.683974,38.773463],[-90.683616,38.773485],[-90.68351,38.773492],[-90.68352,38.77358],[-90.68352,38.773664],[-90.68352,38.77385],[-90.682934,38.773728],[-90.68231,38.77323],[-90.68227,38.77314],[-90.68217,38.77302],[-90.682145,38.773],[-90.68208,38.77295],[-90.682,38.77291],[-90.68194,38.77287],[-90.6818,38.77284],[-90.68118,38.77282],[-90.68052,38.77281],[-90.68031,38.7728],[-90.68024,38.77281],[-90.680218,38.772818],[-90.68016,38.77284],[-90.67998,38.77293],[-90.67966,38.77316],[-90.679787,38.773266],[-90.67996,38.77341],[-90.678057,38.773952],[-90.67703,38.77281],[-90.677,38.77278],[-90.676991,38.772769],[-90.676885,38.772638],[-90.67685,38.772595],[-90.67679,38.77252],[-90.676766,38.772478],[-90.67669,38.77234],[-90.676591,38.772084],[-90.67654,38.77195],[-90.676535,38.771932],[-90.676522,38.771877],[-90.676518,38.77186],[-90.676483,38.77172],[-90.67641,38.77143],[-90.676368,38.771306],[-90.676323,38.77117],[-90.676302,38.771108],[-90.67628,38.77104],[-90.676227,38.770928],[-90.6762,38.77087],[-90.675325,38.768955],[-90.67531,38.76892],[-90.675294,38.768883],[-90.675272,38.768831],[-90.675439,38.768829],[-90.676074,38.768829],[-90.676576,38.768828],[-90.676571,38.768749],[-90.676574,38.768227],[-90.676575,38.768109],[-90.676575,38.767931],[-90.676578,38.767456],[-90.676575,38.767275],[-90.67658,38.766948],[-90.676581,38.766836],[-90.676582,38.766663],[-90.676492,38.766672],[-90.676175,38.766701],[-90.675858,38.766731],[-90.675542,38.766761],[-90.675225,38.766791],[-90.674908,38.76682],[-90.674363,38.76687],[-90.6743,38.766876],[-90.674183,38.76689],[-90.67414,38.766819],[-90.674094,38.766747],[-90.673979,38.766564],[-90.673959,38.766533],[-90.673914,38.766462],[-90.673713,38.76619],[-90.676585,38.765907],[-90.676591,38.765122],[-90.677113,38.765118],[-90.677183,38.765111],[-90.67759,38.765117],[-90.677669,38.765119],[-90.677928,38.765123],[-90.678934,38.76514],[-90.68005,38.765158],[-90.681291,38.765182],[-90.681484,38.764101],[-90.682049,38.764187],[-90.682262,38.763447],[-90.683605,38.763547],[-90.684573,38.762998],[-90.684834,38.761541],[-90.687966,38.760107],[-90.689918,38.761132],[-90.690062,38.760656],[-90.6924,38.759892],[-90.693325,38.757386],[-90.694136,38.756408],[-90.69425,38.754532],[-90.69676,38.75575],[-90.69737,38.75615],[-90.70021,38.75693],[-90.700242,38.753672],[-90.700245,38.753454],[-90.70028,38.75086],[-90.699782,38.74876],[-90.69974,38.74862],[-90.699627,38.748264],[-90.69856,38.74565],[-90.69755,38.744135],[-90.695722,38.74157],[-90.69504,38.740599],[-90.695,38.740542],[-90.693963,38.739075],[-90.691737,38.735918],[-90.6913,38.73425],[-90.68942,38.73473],[-90.68825,38.73405],[-90.68653,38.73138],[-90.68563,38.7304],[-90.682973,38.731407],[-90.68206,38.730325],[-90.680746,38.728352],[-90.68027,38.72769],[-90.67944,38.72642],[-90.67846,38.72494],[-90.67653,38.72189],[-90.67557,38.72096],[-90.67492,38.71995],[-90.670859,38.721577],[-90.672898,38.724871],[-90.667989,38.726628],[-90.66852,38.727521],[-90.666838,38.728145],[-90.664602,38.72897],[-90.661468,38.73014],[-90.660433,38.728474],[-90.658796,38.725819],[-90.660108,38.725437],[-90.65959,38.72452],[-90.659426,38.72401],[-90.659362,38.723777],[-90.65995,38.72367],[-90.665323,38.722235],[-90.66951,38.71945],[-90.66981,38.71923],[-90.67278,38.71714],[-90.676232,38.714788],[-90.67816,38.71384],[-90.68211,38.7137],[-90.68593,38.71418],[-90.688365,38.713185],[-90.69034,38.71182],[-90.687341,38.711251],[-90.684015,38.710674],[-90.68193,38.710284],[-90.67907,38.70972],[-90.67777,38.7091],[-90.67671,38.70821],[-90.67626,38.70754],[-90.67383,38.70366],[-90.6733,38.70298],[-90.67207,38.70174],[-90.67057,38.70063],[-90.66844,38.69944],[-90.667449,38.698797],[-90.66677,38.69813],[-90.6664,38.69755],[-90.6658,38.69601],[-90.664655,38.69276],[-90.663294,38.688897],[-90.662749,38.687439],[-90.660509,38.688551],[-90.656757,38.689223],[-90.647342,38.69052],[-90.642551,38.690949],[-90.635184,38.690774],[-90.631619,38.691016],[-90.62841,38.690409],[-90.626518,38.690444],[-90.623805,38.69028],[-90.619088,38.688582],[-90.613305,38.685296],[-90.611443,38.684239],[-90.606548,38.682983],[-90.6039,38.681977],[-90.595123,38.681752],[-90.588614,38.680503],[-90.579461,38.681486],[-90.572063,38.683788],[-90.568311,38.683931],[-90.560733,38.682571],[-90.556828,38.681518],[-90.554722,38.681552],[-90.550679,38.682354],[-90.545806,38.684129],[-90.541729,38.686209],[-90.54013,38.687414],[-90.539288,38.686778],[-90.537616,38.688018],[-90.53713,38.688442],[-90.533785,38.691915],[-90.53173,38.695302],[-90.530363,38.69863],[-90.529903,38.702036],[-90.530378,38.708195],[-90.533018,38.720963],[-90.533489,38.724936],[-90.533638,38.726871],[-90.532943,38.728777],[-90.531927,38.730298],[-90.529566,38.73275],[-90.528024,38.733702],[-90.522147,38.736272],[-90.521821,38.736428],[-90.521552,38.736577],[-90.51506,38.739724],[-90.513194,38.740496],[-90.50627,38.743366],[-90.500122,38.746007],[-90.495354,38.748662],[-90.493394,38.750687],[-90.492149,38.751793],[-90.488866,38.755053],[-90.485205,38.759229],[-90.482658,38.763472],[-90.482455,38.764013],[-90.482299,38.764348],[-90.481325,38.766854],[-90.480381,38.769702],[-90.477468,38.778198],[-90.47743,38.778307],[-90.476499,38.780896],[-90.475574,38.783016],[-90.475318,38.783869],[-90.474192,38.787625],[-90.473188,38.790978],[-90.467811,38.797798],[-90.467317,38.798389],[-90.467186,38.798545],[-90.461917,38.80485],[-90.455164,38.813056],[-90.449556,38.819892],[-90.448117,38.82205],[-90.440924,38.827421],[-90.439251,38.828016],[-90.433516,38.82955],[-90.430975,38.829806],[-90.425116,38.82915],[-90.41932,38.829277],[-90.415546,38.828876],[-90.401914,38.824799],[-90.396372,38.823624],[-90.393111,38.823105],[-90.389107,38.82252],[-90.386446,38.822385],[-90.382268,38.821942],[-90.376153,38.822418],[-90.37378,38.822714],[-90.369951,38.82383],[-90.365801,38.825878],[-90.362163,38.82786],[-90.360514,38.829449],[-90.360302,38.829679],[-90.356301,38.834027],[-90.353135,38.837115],[-90.350337,38.840253],[-90.349113,38.841695],[-90.344965,38.849372],[-90.344914,38.850849],[-90.342514,38.858549],[-90.342414,38.861749],[-90.342614,38.866549],[-90.340766,38.873485],[-90.339241,38.877239],[-90.336799,38.88203],[-90.335303,38.883815],[-90.332022,38.886516],[-90.327536,38.889056],[-90.3245,38.890261],[-90.320213,38.891148],[-90.31423,38.891146],[-90.308798,38.890307],[-90.30239,38.888811],[-90.298743,38.887759],[-90.293712,38.885548],[-90.289787,38.882838],[-90.287923,38.881647],[-90.283557,38.877928],[-90.275884,38.872301],[-90.273519,38.86951],[-90.271673,38.86687],[-90.270476,38.864646],[-90.26818,38.861036],[-90.265918,38.859033],[-90.259309,38.854409],[-90.256136,38.852128],[-90.249014,38.848848],[-90.245071,38.847448],[-90.236557,38.843272],[-90.235615,38.842637],[-90.235486,38.842569],[-90.21961,38.834249],[-90.205909,38.826623],[-90.195678,38.821261],[-90.188927,38.81851],[-90.183058,38.818053],[-90.17765,38.818859],[-90.173501,38.820382],[-90.167442,38.824633],[-90.158459,38.828787],[-90.15511,38.829722],[-90.150893,38.829925],[-90.141608,38.829448],[-90.132811,38.825086],[-90.12678,38.821326],[-90.12528,38.819807],[-90.123064,38.816035],[-90.120497,38.810885],[-90.117707,38.805748],[-90.114707,38.815048],[-90.110007,38.833548],[-90.109107,38.837448],[-90.109407,38.843548],[-90.111786,38.846796],[-90.113327,38.849306],[-90.116507,38.850848],[-90.131907,38.857948],[-90.140108,38.862748],[-90.144808,38.864248],[-90.151508,38.867148],[-90.153518,38.868392],[-90.163309,38.874748],[-90.166409,38.876348],[-90.179384,38.881877],[-90.179544,38.881944],[-90.186909,38.885048],[-90.190309,38.886248],[-90.19521,38.886748],[-90.19761,38.887648],[-90.20901,38.896648],[-90.213519,38.900454],[-90.219867,38.905192],[-90.223041,38.907389],[-90.22585,38.908923],[-90.230336,38.91086],[-90.236027,38.9126],[-90.241703,38.914828],[-90.246403,38.917116],[-90.250248,38.919344],[-90.254033,38.920489],[-90.256993,38.920763],[-90.2609,38.920328],[-90.262792,38.920344],[-90.265203,38.920893],[-90.267904,38.922037],[-90.269872,38.922556],[-90.275702,38.923529],[-90.283712,38.924048],[-90.294748,38.923429],[-90.298711,38.923395],[-90.302466,38.923594],[-90.306113,38.923525],[-90.309454,38.92412],[-90.319617,38.928873],[-90.32358,38.929653],[-90.327597,38.931025],[-90.333533,38.933489],[-90.338202,38.935831],[-90.340613,38.937548],[-90.346442,38.94079],[-90.361643,38.946878],[-90.375114,38.952275],[-90.377247,38.952826],[-90.383126,38.955453],[-90.391479,38.958434],[-90.392721,38.959071],[-90.399482,38.961051],[-90.406367,38.962554],[-90.413108,38.96333],[-90.419269,38.963654],[-90.42978,38.963778],[-90.434405,38.965745],[-90.43651,38.966572],[-90.439938,38.967383],[-90.444102,38.966796],[-90.446864,38.966994],[-90.450813,38.967769],[-90.453702,38.966903],[-90.455131,38.966634],[-90.462411,38.964322],[-90.467784,38.961809],[-90.472122,38.958838],[-90.475837,38.952799],[-90.478393,38.950016],[-90.48184,38.945431],[-90.483071,38.94307],[-90.483452,38.940436],[-90.482799,38.937345],[-90.482725,38.934712],[-90.484214,38.931576],[-90.48623,38.928455],[-90.487058,38.925862],[-90.494037,38.917367],[-90.494803,38.91672],[-90.499672,38.910605],[-90.500117,38.910408],[-90.50603,38.904392],[-90.507451,38.902767],[-90.510686,38.901106],[-90.513116,38.900415],[-90.516963,38.898818],[-90.518581,38.896979],[-90.528244,38.889421],[-90.532754,38.88547],[-90.538587,38.879742],[-90.54571,38.87505],[-90.546831,38.874009],[-90.551205,38.872075],[-90.561021,38.869476],[-90.56462,38.86915],[-90.573091,38.868435],[-90.577576,38.868384],[-90.582259,38.868794],[-90.585402,38.86977],[-90.586107,38.870588],[-90.586652,38.871387],[-90.599712,38.876955],[-90.611248,38.882242],[-90.619464,38.885366],[-90.623356,38.887149],[-90.628485,38.891617],[-90.629668,38.893236],[-90.635896,38.903941],[-90.636994,38.905123],[-90.640726,38.908031],[-90.644143,38.910378],[-90.64729,38.912095],[-90.651556,38.91587],[-90.655049,38.919421],[-90.659237,38.923411],[-90.663018,38.926283],[-90.663654,38.928716],[-90.662854,38.933083],[-90.663181,38.934224],[-90.669249,38.934159],[-90.674385,38.934089],[-90.674501,38.934088],[-90.674617,38.934086],[-90.67474,38.934084],[-90.674862,38.934082],[-90.685863,38.933932],[-90.687385,38.934063],[-90.691582,38.934235],[-90.694001,38.933863],[-90.696582,38.932784],[-90.697729,38.931126],[-90.698035,38.930742],[-90.698187,38.929426],[-90.697481,38.928151],[-90.696625,38.927504],[-90.694711,38.926523],[-90.691632,38.925235],[-90.690651,38.92459],[-90.689581,38.923613],[-90.688617,38.922353],[-90.686599,38.918852],[-90.686,38.918263],[-90.68434,38.917139],[-90.683918,38.916674],[-90.683773,38.915986],[-90.684562,38.9156],[-90.685197,38.915615],[-90.686832,38.916177],[-90.688485,38.916599],[-90.689991,38.916601],[-90.69115,38.916388],[-90.692848,38.91576],[-90.693858,38.915526],[-90.694629,38.915443],[-90.695544,38.915463],[-90.696243,38.91563],[-90.69719,38.916067],[-90.69828,38.917171],[-90.699566,38.918706],[-90.70094,38.919818],[-90.702706,38.920797],[-90.703824,38.921221],[-90.704801,38.921426],[-90.705896,38.921543],[-90.707322,38.92149],[-90.708467,38.921219],[-90.70927,38.920874],[-90.711401,38.919618],[-90.714309,38.918164],[-90.714866,38.917845],[-90.716006,38.917007],[-90.716761,38.916329],[-90.717502,38.915376],[-90.717711,38.914736],[-90.717653,38.914235],[-90.717413,38.913653],[-90.716725,38.912851],[-90.715738,38.912327],[-90.714642,38.912057],[-90.713819,38.912079],[-90.711829,38.912735],[-90.709923,38.913602],[-90.709217,38.913764],[-90.707931,38.9138],[-90.70623,38.913506],[-90.704884,38.91304],[-90.703291,38.912239],[-90.702081,38.911362],[-90.700329,38.90965],[-90.699434,38.908411],[-90.699324,38.907881],[-90.69952,38.90733],[-90.69989,38.906877],[-90.700517,38.906522],[-90.702544,38.906223],[-90.703268,38.905998],[-90.703881,38.905626],[-90.705216,38.904148],[-90.70604,38.903428],[-90.707249,38.902722],[-90.708149,38.902591],[-90.70869,38.902658],[-90.709285,38.903093],[-90.709518,38.904104],[-90.709378,38.905248],[-90.709422,38.90618],[-90.709726,38.907043],[-90.710121,38.907611],[-90.710648,38.908106],[-90.71177,38.908797],[-90.712777,38.9093],[-90.714198,38.909892],[-90.715857,38.910317],[-90.717551,38.910316],[-90.718178,38.910201],[-90.719327,38.909747],[-90.720477,38.908977],[-90.721215,38.908688],[-90.722742,38.908508],[-90.723898,38.90871],[-90.724364,38.90923],[-90.72452,38.909786],[-90.724174,38.910517],[-90.723122,38.911557],[-90.72286,38.912055],[-90.722816,38.913231],[-90.723217,38.91407],[-90.723659,38.91454],[-90.724578,38.915181],[-90.725653,38.915318],[-90.726232,38.915207],[-90.727966,38.914645],[-90.729603,38.914183],[-90.730503,38.914043],[-90.731695,38.913989],[-90.73367,38.914272],[-90.734322,38.914601],[-90.734795,38.914976],[-90.735611,38.915832],[-90.735737,38.916177],[-90.735949,38.917495],[-90.735913,38.918321],[-90.735598,38.918917],[-90.735242,38.919291],[-90.734616,38.919709],[-90.733041,38.920315],[-90.730765,38.920906],[-90.729239,38.921406],[-90.727059,38.922225],[-90.724741,38.92362],[-90.723764,38.925175],[-90.724394,38.927823],[-90.724722,38.928249],[-90.728814,38.930944],[-90.728841,38.931141],[-90.730167,38.931029],[-90.732601,38.931162],[-90.735822,38.931141],[-90.739033,38.930957],[-90.740999,38.930766],[-90.742997,38.930368],[-90.745862,38.928891],[-90.746086,38.928686],[-90.748309,38.925113],[-90.750955,38.922999],[-90.751006,38.922963],[-90.754113,38.920747],[-90.756746,38.919811],[-90.75824,38.919603],[-90.760731,38.919894],[-90.761742,38.920244],[-90.763467,38.920926],[-90.765026,38.921621],[-90.766252,38.921975],[-90.767792,38.922329],[-90.770232,38.922703],[-90.771609,38.922784],[-90.773665,38.922983],[-90.776406,38.923016],[-90.777378,38.922796],[-90.77821,38.922488],[-90.779145,38.921755],[-90.780234,38.920422],[-90.780776,38.919668],[-90.781399,38.918999],[-90.782006,38.918559],[-90.783136,38.918169],[-90.783868,38.918115],[-90.787064,38.918422],[-90.788215,38.918448],[-90.78922,38.918361],[-90.791344,38.917895],[-90.793274,38.917131],[-90.794349,38.916455],[-90.795982,38.915411],[-90.797809,38.914437],[-90.798753,38.913989],[-90.800185,38.913203],[-90.801331,38.912741],[-90.803367,38.911921],[-90.804167,38.911491],[-90.804418,38.911139],[-90.80435,38.910607],[-90.804015,38.91022],[-90.80267,38.909165],[-90.800556,38.908147],[-90.798168,38.906302],[-90.797738,38.905837],[-90.797499,38.905145],[-90.797541,38.904429],[-90.797935,38.903098],[-90.798282,38.902429],[-90.799154,38.901421],[-90.800153,38.901072],[-90.800974,38.901142],[-90.802558,38.901672],[-90.804247,38.90183],[-90.805944,38.901733],[-90.806494,38.90155],[-90.807199,38.901147],[-90.807937,38.900459],[-90.808241,38.899978],[-90.808333,38.899553],[-90.808134,38.898487],[-90.807924,38.897975],[-90.807032,38.89628],[-90.806926,38.895244],[-90.807163,38.894386],[-90.807713,38.893128],[-90.808617,38.891713],[-90.809528,38.889946],[-90.809961,38.888922],[-90.810283,38.887437],[-90.810213,38.885605],[-90.80999,38.884983],[-90.809292,38.883534],[-90.808379,38.8823],[-90.807317,38.881082],[-90.807018,38.880636],[-90.806291,38.88004],[-90.806161,38.879696],[-90.806213,38.879016],[-90.806493,38.878529],[-90.807272,38.877821],[-90.80818,38.87752],[-90.809166,38.877803],[-90.811182,38.878999],[-90.812143,38.879207],[-90.813244,38.878954],[-90.814293,38.878508],[-90.814808,38.87815],[-90.815886,38.877122],[-90.81664,38.876495],[-90.817827,38.875966],[-90.818725,38.875818],[-90.819687,38.875757],[-90.821147,38.875884],[-90.822724,38.876392],[-90.825906,38.878098],[-90.826462,38.878435],[-90.826982,38.878964],[-90.828234,38.878778],[-90.829184,38.878419],[-90.830178,38.877923],[-90.831097,38.878212],[-90.831674,38.878619],[-90.831915,38.878964],[-90.832377,38.880272],[-90.832839,38.880883],[-90.833752,38.881477],[-90.834229,38.882161],[-90.834634,38.882995],[-90.835088,38.883531],[-90.835773,38.88389],[-90.836594,38.884118],[-90.836911,38.884091],[-90.837831,38.883632],[-90.838152,38.883162],[-90.838178,38.882841],[-90.83788,38.882285],[-90.834727,38.881326],[-90.835431,38.879968],[-90.839266,38.87964],[-90.839152,38.881319],[-90.839183,38.881428],[-90.840117,38.881615],[-90.840799,38.881623],[-90.841977,38.882004],[-90.842445,38.88248],[-90.842597,38.883038],[-90.842953,38.883455],[-90.843916,38.883979],[-90.844673,38.883965],[-90.844764,38.883366],[-90.845044,38.883005],[-90.846024,38.882954],[-90.846801,38.883494],[-90.847385,38.883699],[-90.850562,38.883735],[-90.851287,38.883547],[-90.850042,38.88198],[-90.849557,38.880674],[-90.850189,38.880124],[-90.852578,38.881057],[-90.853703,38.882968],[-90.854767,38.884353],[-90.85528,38.884759],[-90.855845,38.884722],[-90.856664,38.884216],[-90.856989,38.883646],[-90.857871,38.882994],[-90.858261,38.8829],[-90.858878,38.883034],[-90.85908,38.882872],[-90.859305,38.881857],[-90.859594,38.881718],[-90.860366,38.881932],[-90.860782,38.882209],[-90.861487,38.883399],[-90.861525,38.884317],[-90.861016,38.884813],[-90.861142,38.885131],[-90.861731,38.885467],[-90.86218,38.885873],[-90.862591,38.886965],[-90.86291,38.887263],[-90.864216,38.887828],[-90.864535,38.887872],[-90.866918,38.8882],[-90.86742,38.888203],[-90.869021,38.888433],[-90.870425,38.888675],[-90.871182,38.88873],[-90.87384,38.888492],[-90.87466,38.888271],[-90.875469,38.888377],[-90.876458,38.888252],[-90.877466,38.888251],[-90.878505,38.88834],[-90.879837,38.888604],[-90.880745,38.888523],[-90.881631,38.888148],[-90.881988,38.887784],[-90.882641,38.887454],[-90.882886,38.886952],[-90.883206,38.886748],[-90.883531,38.886644],[-90.884905,38.886829],[-90.886159,38.88663],[-90.887034,38.886666],[-90.889361,38.886496],[-90.891887,38.88636],[-90.892463,38.886457],[-90.892695,38.88676],[-90.893519,38.887139],[-90.893819,38.887443],[-90.894372,38.887293],[-90.894349,38.88658],[-90.894677,38.886313],[-90.895713,38.886533],[-90.896492,38.88617],[-90.897301,38.886053],[-90.897533,38.886417],[-90.898381,38.886507],[-90.899051,38.8864],[-90.900496,38.885993],[-90.900746,38.886155],[-90.900677,38.886723],[-90.900111,38.887005],[-90.900015,38.887435],[-90.900871,38.888704],[-90.901219,38.889324],[-90.902177,38.889743],[-90.903748,38.890319],[-90.904682,38.890506],[-90.906211,38.89042],[-90.907772,38.890871],[-90.908457,38.890854],[-90.909819,38.890553],[-90.911273,38.89067],[-90.912138,38.89064],[-90.912824,38.890295],[-90.913378,38.889281],[-90.91389,38.888883],[-90.915357,38.888605],[-90.917466,38.887913],[-90.91828,38.887823],[-90.918668,38.887919],[-90.918995,38.887948],[-90.919325,38.887855],[-90.919618,38.887696],[-90.920037,38.887548],[-90.920795,38.887404],[-90.921251,38.88738],[-90.922121,38.887426],[-90.922461,38.887529],[-90.922967,38.887943],[-90.923166,38.88803],[-90.924164,38.888287],[-90.924452,38.888465],[-90.924742,38.888571],[-90.925191,38.888631],[-90.9256,38.888474],[-90.925685,38.888352],[-90.925663,38.88814],[-90.925513,38.887919],[-90.92548,38.887743],[-90.925664,38.887118],[-90.925786,38.886966],[-90.926154,38.886695],[-90.926352,38.886606],[-90.926652,38.886546],[-90.927061,38.886587],[-90.927321,38.886733],[-90.927588,38.886979],[-90.927819,38.887408],[-90.928041,38.887524],[-90.928588,38.887561],[-90.928755,38.887517],[-90.928938,38.887194],[-90.929266,38.886998],[-90.930592,38.886626],[-90.930768,38.886657],[-90.931278,38.886498],[-90.931472,38.886304],[-90.931572,38.886028],[-90.931738,38.885945],[-90.931958,38.885995],[-90.93232,38.885996],[-90.932478,38.885937],[-90.932613,38.885952],[-90.932831,38.885903],[-90.93322,38.885146],[-90.933455,38.885049],[-90.933877,38.885184],[-90.934073,38.885335],[-90.934499,38.885845],[-90.934518,38.885947],[-90.934382,38.886044],[-90.934342,38.886325],[-90.934392,38.886458],[-90.934594,38.886525],[-90.93477,38.886772],[-90.934924,38.88684],[-90.935109,38.886999],[-90.93608,38.887325],[-90.936636,38.887575],[-90.937278,38.888086],[-90.937757,38.888199],[-90.937979,38.888163],[-90.938154,38.888061],[-90.938414,38.887494],[-90.938829,38.887224],[-90.939088,38.886655],[-90.939197,38.88654],[-90.939455,38.886475],[-90.939583,38.88651],[-90.940172,38.886472],[-90.940387,38.88653],[-90.940639,38.886685],[-90.940938,38.887169],[-90.941079,38.887311],[-90.94187,38.887797],[-90.942362,38.888265],[-90.942541,38.888633],[-90.943401,38.889399],[-90.943698,38.889565],[-90.944041,38.889986],[-90.94439,38.890317],[-90.944534,38.890618],[-90.944515,38.891109],[-90.944714,38.891387],[-90.945552,38.891944],[-90.945801,38.892035],[-90.946436,38.892088],[-90.946644,38.892162],[-90.946988,38.892416],[-90.946961,38.892545],[-90.94709,38.892925],[-90.947061,38.893101],[-90.947125,38.893347],[-90.947309,38.893478],[-90.94749,38.893471],[-90.947598,38.893405],[-90.947689,38.893162],[-90.947863,38.893045],[-90.948155,38.893148],[-90.948711,38.89352],[-90.949305,38.893788],[-90.949426,38.893979],[-90.949326,38.894401],[-90.949369,38.894715],[-90.949655,38.894943],[-90.95013,38.895074],[-90.950536,38.895053],[-90.950643,38.894988],[-90.950857,38.894408],[-90.951007,38.894228],[-90.951183,38.894114],[-90.951401,38.894063],[-90.951763,38.894097],[-90.952464,38.893934],[-90.952794,38.893639],[-90.953121,38.893512],[-90.953376,38.893259],[-90.953608,38.893148],[-90.953869,38.893082],[-90.954226,38.893148],[-90.95457,38.893525],[-90.954816,38.893684],[-90.955026,38.893918],[-90.95552,38.894172],[-90.955789,38.894231],[-90.95645,38.894164],[-90.956809,38.893901],[-90.957136,38.893483],[-90.957343,38.893293],[-90.957555,38.893285],[-90.957557,38.89321],[-90.95796,38.883],[-90.958177,38.879033],[-90.95838,38.87442],[-90.958536,38.870865],[-90.971322,38.871167],[-90.973204,38.871212],[-90.975213,38.871259],[-90.990339,38.871618],[-91.000141,38.87196],[-91.007013,38.872006],[-91.009187,38.87202],[-91.015638,38.872064],[-91.026838,38.872153],[-91.042006,38.872371],[-91.056066,38.872577],[-91.059818,38.872635],[-91.0632,38.872687],[-91.065098,38.872706],[-91.065188,38.872707],[-91.072869,38.872746],[-91.07373,38.872738],[-91.082564,38.872569],[-91.08669,38.872458],[-91.090752,38.87236],[-91.104185,38.872566],[-91.111251,38.872709],[-91.111331,38.880021],[-91.111333,38.883932],[-91.111154,38.884768],[-91.111036,38.892514],[-91.110953,38.897826],[-91.110804,38.902854],[-91.110614,38.908926],[-91.110603,38.909615],[-91.110462,38.919522],[-91.110303,38.92521],[-91.110414,38.925954],[-91.110187,38.931901],[-91.122553,38.932018],[-91.12931,38.932068],[-91.135546,38.932014],[-91.155111,38.931826],[-91.158454,38.931953],[-91.162792,38.93195],[-91.168499,38.931988],[-91.17283,38.932041],[-91.17472,38.93205],[-91.185455,38.932138],[-91.189348,38.932151],[-91.189274,38.940332],[-91.189237,38.942854],[-91.189162,38.952583],[-91.189139,38.9549],[-91.189088,38.955073],[-91.189113,38.955678],[-91.189102,38.955935],[-91.189089,38.95986],[-91.189038,38.962284],[-91.188746,38.970475],[-91.188767,38.97347],[-91.188735,38.974871],[-91.188722,38.975447],[-91.188647,38.979241],[-91.18855,38.984638],[-91.18842,38.990736],[-91.188407,38.991237],[-91.188396,38.991798],[-91.190007,38.992136],[-91.19004,38.992146],[-91.192088,38.992155],[-91.198995,38.992162],[-91.199175,38.992164],[-91.200894,38.992067],[-91.209631,38.992198],[-91.216488,38.9923],[-91.226254,38.992418],[-91.231451,38.992481],[-91.240496,38.992639],[-91.249223,38.992828],[-91.250152,38.992655],[-91.264287,38.992762],[-91.264272,38.993398],[-91.264197,38.9966],[-91.26382,39.007608],[-91.263528,39.01505],[-91.263447,39.018615],[-91.263104,39.028929],[-91.263107,39.037003],[-91.262466,39.052814],[-91.262877,39.052944],[-91.262823,39.055615],[-91.262487,39.067614],[-91.262493,39.067778],[-91.262561,39.069851],[-91.262564,39.070021],[-91.262557,39.070228],[-91.262481,39.072453],[-91.262022,39.08483],[-91.261718,39.089824],[-91.261457,39.099835],[-91.261147,39.108109],[-91.260906,39.115058],[-91.260743,39.120575],[-91.260572,39.126533],[-91.260232,39.139845],[-91.264777,39.139919],[-91.277644,39.14012],[-91.279578,39.140162],[-91.292817,39.140394],[-91.300937,39.140537],[-91.314029,39.140734],[-91.32486,39.140911],[-91.332959,39.141289],[-91.341971,39.141538],[-91.347602,39.141442],[-91.351249,39.141513],[-91.356627,39.141873],[-91.364145,39.141849],[-91.365418,39.141724],[-91.374386,39.141782],[-91.375094,39.142047],[-91.389015,39.142318],[-91.390481,39.142354],[-91.403724,39.142544],[-91.406543,39.142493],[-91.409033,39.142542],[-91.41923,39.14284],[-91.422941,39.143106],[-91.451257,39.143702],[-91.460818,39.143879],[-91.464743,39.144163],[-91.465646,39.14421],[-91.469053,39.144367],[-91.47208,39.144366],[-91.484936,39.144857],[-91.500149,39.145356],[-91.50383,39.145376],[-91.510657,39.145479],[-91.520199,39.1456],[-91.526294,39.145679],[-91.537617,39.14587],[-91.538704,39.145884],[-91.555469,39.146115],[-91.556238,39.146126],[-91.565177,39.146373],[-91.56583,39.146508],[-91.575584,39.146713],[-91.585027,39.146912],[-91.593063,39.147064],[-91.607382,39.147355],[-91.611821,39.147445],[-91.629598,39.147853],[-91.630345,39.133106],[-91.630675,39.126116],[-91.631152,39.11698],[-91.631676,39.107402],[-91.631858,39.102618],[-91.632082,39.097802],[-91.632118,39.097466],[-91.632854,39.085765],[-91.633171,39.077811],[-91.633443,39.070847],[-91.633533,39.067193],[-91.633998,39.059057],[-91.643252,39.059177],[-91.650017,39.059081],[-91.662032,39.059347],[-91.665951,39.059408],[-91.671304,39.059469],[-91.674194,39.059502],[-91.681821,39.059604],[-91.693079,39.059704],[-91.70045,39.059736],[-91.702377,39.059758],[-91.705481,39.059787],[-91.709104,39.059892],[-91.709686,39.059848],[-91.711253,39.059868],[-91.719177,39.059923],[-91.720088,39.059918],[-91.723468,39.059947],[-91.7285,39.059918],[-91.728517,39.059928],[-91.733228,39.059984],[-91.741694,39.060042],[-91.745579,39.059991],[-91.745841,39.06],[-91.750481,39.06007],[-91.752994,39.060224],[-91.755963,39.060285],[-91.768306,39.060634],[-91.774497,39.060787],[-91.777634,39.060757],[-91.794033,39.060743],[-91.804064,39.060937],[-91.812818,39.061013],[-91.81298,39.060907],[-91.833654,39.061248],[-91.837466,39.061375],[-91.843418,39.06143],[-91.850745,39.061454],[-91.863207,39.061529],[-91.863324,39.061531],[-91.875812,39.061691],[-91.886155,39.061725],[-91.886507,39.061723],[-91.894763,39.061724],[-91.895436,39.061741],[-91.895981,39.061774],[-91.901007,39.061748],[-91.901261,39.061777],[-91.909322,39.061803],[-91.923909,39.061854],[-91.928611,39.06187],[-91.937252,39.061905],[-91.963373,39.062004],[-91.966549,39.062012],[-91.976453,39.062044],[-91.977438,39.062056],[-91.988457,39.062212],[-91.993357,39.062246],[-91.995536,39.062296],[-92.000475,39.062402],[-92.029772,39.062989],[-92.03325,39.063005],[-92.046523,39.0633],[-92.055223,39.063572],[-92.061543,39.063714],[-92.063214,39.063747],[-92.091254,39.064297],[-92.110387,39.064204],[-92.124228,39.064366],[-92.131512,39.064484],[-92.12958,39.062488],[-92.130143,39.060844],[-92.130935,39.061273],[-92.132577,39.059393],[-92.131993,39.058194],[-92.13158,39.056808],[-92.132096,39.056154],[-92.130975,39.055272],[-92.131885,39.050782],[-92.130006,39.050426],[-92.129296,39.048933],[-92.128481,39.048504],[-92.129787,39.045138],[-92.132699,39.045133],[-92.133467,39.044652],[-92.133511,39.043522],[-92.133375,39.040101],[-92.134804,39.036229],[-92.135746,39.035819],[-92.135974,39.032397],[-92.138369,39.031672],[-92.13901,39.030662],[-92.140784,39.030135],[-92.140209,39.028595],[-92.140653,39.027382],[-92.134589,39.027377],[-92.133723,39.026002],[-92.131675,39.026212],[-92.13046,39.025181],[-92.13022,39.023642],[-92.131022,39.021455],[-92.131335,39.020613],[-92.13274,39.019623],[-92.13359,39.018107],[-92.133369,39.016406],[-92.133729,39.015309],[-92.132822,39.01487],[-92.133069,39.012637],[-92.133939,39.011004],[-92.135687,39.009103],[-92.140415,39.006999],[-92.139895,39.005799],[-92.138496,39.005902],[-92.138581,39.003836],[-92.13978,39.003063],[-92.140296,39.001454],[-92.139454,39.000438],[-92.138006,39.002725],[-92.137204,39.002125],[-92.136623,38.999633],[-92.137631,38.997433],[-92.138785,38.996576],[-92.1376,38.995243],[-92.136541,38.994938],[-92.137758,38.993622],[-92.137086,38.991887],[-92.138022,38.989938],[-92.138906,38.989395],[-92.138526,38.988419],[-92.139885,38.98869],[-92.138513,38.98759],[-92.139688,38.986806],[-92.138111,38.985451],[-92.140559,38.984541],[-92.141272,38.983789],[-92.140809,38.983063],[-92.141813,38.982027],[-92.141914,38.980352],[-92.142842,38.98016],[-92.143817,38.98197],[-92.14632,38.980954],[-92.145669,38.979105],[-92.147093,38.97785],[-92.145904,38.973898],[-92.144811,38.972757],[-92.145651,38.972007],[-92.145327,38.970487],[-92.144546,38.96889],[-92.143265,38.967854],[-92.144088,38.966412],[-92.146453,38.964804],[-92.146865,38.963194],[-92.148784,38.961036],[-92.148104,38.95904],[-92.14678,38.958706],[-92.148565,38.955213],[-92.149519,38.954473],[-92.14979,38.954301],[-92.155388,38.954905],[-92.16074,38.955954],[-92.17338,38.95825],[-92.17643,38.95856],[-92.184291,38.958753],[-92.184317,38.958581],[-92.19642,38.95869],[-92.204019,38.958569],[-92.204022,38.958749],[-92.21288,38.95865],[-92.21437,38.95875],[-92.22278,38.95989],[-92.227498,38.960237],[-92.235823,38.960193],[-92.24617,38.9601],[-92.25305,38.9602],[-92.25577,38.960291],[-92.266409,38.960767],[-92.269655,38.960904],[-92.276584,38.961198],[-92.279004,38.961319],[-92.279011,38.961115],[-92.279026,38.960745],[-92.279372,38.953092],[-92.279483,38.949862],[-92.27969,38.94984],[-92.28353,38.949463],[-92.284166,38.94942],[-92.28717,38.94878],[-92.28777,38.94878],[-92.28907,38.9488],[-92.29063,38.94882],[-92.29063,38.94876],[-92.291351,38.948771],[-92.291428,38.946298],[-92.29344,38.94645],[-92.29374,38.94647],[-92.2946,38.94651],[-92.29614,38.94661],[-92.299601,38.946834],[-92.301801,38.947048],[-92.30217,38.94711],[-92.305608,38.947946],[-92.30707,38.94849],[-92.31049,38.94942],[-92.31098,38.94956],[-92.31215,38.9498],[-92.31344,38.95001],[-92.31434,38.95014],[-92.31701,38.95066],[-92.31845,38.95101],[-92.31958,38.95126],[-92.32071,38.95136],[-92.32185,38.95141],[-92.32361,38.95144],[-92.32549,38.95148],[-92.32643,38.95151],[-92.32751,38.95153],[-92.3286,38.95154],[-92.32968,38.95157],[-92.33076,38.95161],[-92.33182,38.95163],[-92.33297,38.95165],[-92.33411,38.95165],[-92.33514,38.95165],[-92.33627,38.95166],[-92.33898,38.95159],[-92.34195,38.95139],[-92.34213,38.95138],[-92.342287,38.951378],[-92.34369,38.95127],[-92.34562,38.95142],[-92.34717,38.95156],[-92.34923,38.95174],[-92.35053,38.95187],[-92.35059,38.95188],[-92.35287,38.95211],[-92.35406,38.95222],[-92.35559,38.95236],[-92.35619,38.95242],[-92.3576,38.95256],[-92.36009,38.95281],[-92.3616,38.95296],[-92.36229,38.95302],[-92.36329,38.95311],[-92.3642,38.953208],[-92.36508,38.95329],[-92.36534,38.95332],[-92.365991,38.953394],[-92.36622,38.95342],[-92.366419,38.953443],[-92.36656,38.95346],[-92.36702,38.953507],[-92.36714,38.95352],[-92.36722,38.95353],[-92.36971,38.95379],[-92.37072,38.95388],[-92.3714,38.95394],[-92.37229,38.95401],[-92.37348,38.95411],[-92.37469,38.9542],[-92.37609,38.95431],[-92.37718,38.95439],[-92.378364,38.95449],[-92.379452,38.954584],[-92.3797,38.9546],[-92.380733,38.95483],[-92.3814,38.954865],[-92.38472,38.95504],[-92.3867,38.95522],[-92.38794,38.95535],[-92.38931,38.95551],[-92.39165,38.9558],[-92.3939,38.95582],[-92.3961,38.95564],[-92.39614,38.95599],[-92.39873,38.96161],[-92.398824,38.961709],[-92.399674,38.962396],[-92.399991,38.962648],[-92.400302,38.962901],[-92.400969,38.963442],[-92.401229,38.963682],[-92.40191,38.964308],[-92.402004,38.964396],[-92.402356,38.964726],[-92.402939,38.965284],[-92.40586,38.96759],[-92.40635,38.96908],[-92.4068,38.969269],[-92.407277,38.968688],[-92.410446,38.970768],[-92.410307,38.971019],[-92.43081,38.97164],[-92.43098,38.9718],[-92.4397,38.97951],[-92.44184,38.98074],[-92.44854,38.98297],[-92.4499,38.98342],[-92.45306,38.98445],[-92.46006,38.98672],[-92.46479,38.98823],[-92.46634,38.98849],[-92.47672,38.98875],[-92.49181,38.98907],[-92.49488,38.98913],[-92.49701,38.98919],[-92.50545,38.98938],[-92.50905,38.98963],[-92.51549,38.98977],[-92.518455,38.989822],[-92.518832,38.989828],[-92.51983,38.98986],[-92.52599,38.98998],[-92.52761,38.99002],[-92.53199,38.98938],[-92.53453,38.98842],[-92.53909,38.98606],[-92.54173,38.98498],[-92.54403,38.98457],[-92.54616,38.98459],[-92.54828,38.98502],[-92.552315,38.986376],[-92.55524,38.98741],[-92.564481,38.992783],[-92.565389,38.990676],[-92.565421,38.990287],[-92.564787,38.989625],[-92.563847,38.989238],[-92.563529,38.988929],[-92.563499,38.988222],[-92.563884,38.987651],[-92.563929,38.986904],[-92.563118,38.986271],[-92.562509,38.986267],[-92.562111,38.986425],[-92.560576,38.987665],[-92.559866,38.987967],[-92.558415,38.988381],[-92.557606,38.988406],[-92.556993,38.988097],[-92.556893,38.987447],[-92.556417,38.986791],[-92.556374,38.98573],[-92.556495,38.985426],[-92.556916,38.985101],[-92.558555,38.984233],[-92.559635,38.984238],[-92.561245,38.983704],[-92.561928,38.9835],[-92.562562,38.983267],[-92.564254,38.982892],[-92.565131,38.982608],[-92.565915,38.982208],[-92.566582,38.981647],[-92.569654,38.980265],[-92.570145,38.979206],[-92.568476,38.977014],[-92.567439,38.976101],[-92.565992,38.974264],[-92.563955,38.974089],[-92.559816,38.972811],[-92.559179,38.973173],[-92.55896,38.972297],[-92.558086,38.970692],[-92.562079,38.972014],[-92.564393,38.972229],[-92.570661,38.971896],[-92.587451,38.967783],[-92.594126,38.967537],[-92.600407,38.967857],[-92.606998,38.968726],[-92.612291,38.969748],[-92.62017,38.971712],[-92.625185,38.972776],[-92.629587,38.973882],[-92.635028,38.974699],[-92.6467,38.975875],[-92.649312,38.976208],[-92.655927,38.976658],[-92.665822,38.976237],[-92.675007,38.975623],[-92.681063,38.975465],[-92.689466,38.975645],[-92.693002,38.975957],[-92.697669,38.977417],[-92.707198,38.981892],[-92.711998,38.983214],[-92.715643,38.984011],[-92.719421,38.98426],[-92.720402,38.984194],[-92.725193,38.983729],[-92.729222,38.983716],[-92.733659,38.983343],[-92.742437,38.981937],[-92.745931,38.98114],[-92.75019,38.980313],[-92.754442,38.979199],[-92.757991,38.977747],[-92.764862,38.974429],[-92.770922,38.972703],[-92.774216,38.972182],[-92.779855,38.97177],[-92.783099,38.971571],[-92.787705,38.971708],[-92.791809,38.972044],[-92.796897,38.973042],[-92.804497,38.975086],[-92.809713,38.975861],[-92.81782,38.977942],[-92.820393,38.978312],[-92.829152,38.978844],[-92.832714,38.978937],[-92.841617,38.979821],[-92.847561,38.980943],[-92.852628,38.982183],[-92.856591,38.98409],[-92.861851,38.987123],[-92.866218,38.990993],[-92.868836,38.99384],[-92.870118,38.995655],[-92.876046,39.000836],[-92.87951,39.003236],[-92.884513,39.00563],[-92.889185,39.007096],[-92.894328,39.008359],[-92.902547,39.01111],[-92.909654,39.015648],[-92.914477,39.021188],[-92.915223,39.022798],[-92.918175,39.029167],[-92.92102,39.036877],[-92.921403,39.037601],[-92.923113,39.040835],[-92.93065,39.050746],[-92.932641,39.054263],[-92.934992,39.058909],[-92.935096,39.06099],[-92.934569,39.064547],[-92.936771,39.062788],[-92.946834,39.054741],[-92.954828,39.048278],[-92.957345,39.046254],[-92.975918,39.031342],[-92.982561,39.026005],[-92.982653,39.025929],[-92.985475,39.023665],[-92.990839,39.019356],[-92.992469,39.01805],[-93.000194,39.01194],[-93.001208,39.010862],[-93.015266,38.999391],[-93.02563,38.990921],[-93.025954,38.990657],[-93.037185,38.98148],[-93.037785,38.98099],[-93.048245,38.972598],[-93.048835,38.968746],[-93.048892,38.965284],[-93.049331,38.95438],[-93.049484,38.950531],[-93.049498,38.950356],[-93.049535,38.949872],[-93.050189,38.936481],[-93.050133,38.933433],[-93.050453,38.928244],[-93.050707,38.924894],[-93.05064,38.9224],[-93.050642,38.922254],[-93.050511,38.918362],[-93.051387,38.898932],[-93.052038,38.884383],[-93.052043,38.884247],[-93.052054,38.884075],[-93.052318,38.877981],[-93.052435,38.875313],[-93.052439,38.875196],[-93.052443,38.875087],[-93.052646,38.869469],[-93.053011,38.859377],[-93.05333,38.850481],[-93.05334,38.850188],[-93.053448,38.847173],[-93.053462,38.846759],[-93.053634,38.842017],[-93.053643,38.84175],[-93.053654,38.841429],[-93.053682,38.840654],[-93.054013,38.832211],[-93.05443,38.826251],[-93.054652,38.820878],[-93.054501,38.817123],[-93.054987,38.807728],[-93.055338,38.799042],[-93.055499,38.797303],[-93.056188,38.782765],[-93.056324,38.780091],[-93.056921,38.765409],[-93.05755,38.750015],[-93.057721,38.74799],[-93.057933,38.738629],[-93.058097,38.735026],[-93.05834,38.72831],[-93.058982,38.71409],[-93.058962,38.71322],[-93.05914,38.709524],[-93.059549,38.700905],[-93.059974,38.693077],[-93.048807,38.692411],[-93.046662,38.69228],[-93.043891,38.692137],[-93.039004,38.691939],[-93.025086,38.690962],[-93.018743,38.690457],[-93.006519,38.689748],[-93.000202,38.689444],[-92.997001,38.689049],[-92.992589,38.688771],[-92.978804,38.687801],[-92.975996,38.687569],[-92.974051,38.687581],[-92.964855,38.686866],[-92.961924,38.686524],[-92.958598,38.686442],[-92.953597,38.685985],[-92.950986,38.685803],[-92.950512,38.68577],[-92.950502,38.686028],[-92.935068,38.685682],[-92.932435,38.685515],[-92.927966,38.685269],[-92.926233,38.68536],[-92.915778,38.685109],[-92.909522,38.685007],[-92.909134,38.685158],[-92.908996,38.685144],[-92.907715,38.685016],[-92.89544,38.68474],[-92.889669,38.684666],[-92.876826,38.684319],[-92.872083,38.684195],[-92.858306,38.683744],[-92.84972,38.683793],[-92.844416,38.683792],[-92.839837,38.683974],[-92.839847,38.677465],[-92.840051,38.667963],[-92.840064,38.667256],[-92.840225,38.655095],[-92.840745,38.645855],[-92.840538,38.644042],[-92.840664,38.640271],[-92.84091,38.63977],[-92.841125,38.625021],[-92.841251,38.621518],[-92.841364,38.616061],[-92.841515,38.610306],[-92.84163,38.604033],[-92.84195,38.60315],[-92.841764,38.596707],[-92.840549,38.59582],[-92.824301,38.58335],[-92.807409,38.570473],[-92.802604,38.566759],[-92.802405,38.566609],[-92.797142,38.562635],[-92.791077,38.558054],[-92.788404,38.556008],[-92.788056,38.555741],[-92.785987,38.554154],[-92.782941,38.551821],[-92.782786,38.551708],[-92.774473,38.545367],[-92.772613,38.543934],[-92.768161,38.540573],[-92.761153,38.535197],[-92.756287,38.53156],[-92.7503,38.526947],[-92.743748,38.521966],[-92.742658,38.521162],[-92.733569,38.514183],[-92.732861,38.51364],[-92.724238,38.507047],[-92.723423,38.506404],[-92.721404,38.504941],[-92.712401,38.497787],[-92.712222,38.497618],[-92.70422,38.491489],[-92.702958,38.490526],[-92.698784,38.48732],[-92.693541,38.483292],[-92.684638,38.476465],[-92.68007,38.472962],[-92.673999,38.468284],[-92.670988,38.465992],[-92.664908,38.461341],[-92.660092,38.457628],[-92.649979,38.44987],[-92.635004,38.438394],[-92.630052,38.434568],[-92.625189,38.430778],[-92.63019,38.430958],[-92.630457,38.427114],[-92.630573,38.421731],[-92.630589,38.421298],[-92.631241,38.406908],[-92.631663,38.397594],[-92.632012,38.389935],[-92.632245,38.384808],[-92.632726,38.373747],[-92.632859,38.369283],[-92.633011,38.364207],[-92.633019,38.363924],[-92.633204,38.357722],[-92.633756,38.348082],[-92.640481,38.348058],[-92.64299,38.34806],[-92.64755,38.34813],[-92.66607,38.34825],[-92.6664,38.3483],[-92.674223,38.348549],[-92.689834,38.348472],[-92.690914,38.319914],[-92.69104,38.316389],[-92.691383,38.308346],[-92.691706,38.302366],[-92.692007,38.297147],[-92.6921,38.295921],[-92.693083,38.273961],[-92.693713,38.260812],[-92.694768,38.247743],[-92.694875,38.246377],[-92.694937,38.244917],[-92.694943,38.244778],[-92.694947,38.244664],[-92.694978,38.243905],[-92.694989,38.243653],[-92.69501,38.243157],[-92.695296,38.236254],[-92.695427,38.233109],[-92.695438,38.232838],[-92.695438,38.232821],[-92.695474,38.231957],[-92.695487,38.23167],[-92.695599,38.228968],[-92.695616,38.228565],[-92.69565,38.227723],[-92.695689,38.226771],[-92.695698,38.226724],[-92.69571,38.226253],[-92.695788,38.224407],[-92.695798,38.224161],[-92.69583,38.223372],[-92.695886,38.222031],[-92.698987,38.222569],[-92.701053,38.222757],[-92.707187,38.224031],[-92.710205,38.223131],[-92.714117,38.221212],[-92.718587,38.220131],[-92.721364,38.220084],[-92.725603,38.220437],[-92.731405,38.221588],[-92.732661,38.221617],[-92.736675,38.220733],[-92.740828,38.21886],[-92.744042,38.218125],[-92.749044,38.21756],[-92.753264,38.214952],[-92.755988,38.212465],[-92.757818,38.207659],[-92.758207,38.20595],[-92.761704,38.201857],[-92.764098,38.196067],[-92.764441,38.194313],[-92.764539,38.189619],[-92.767943,38.18965],[-92.769558,38.189712],[-92.775377,38.189925],[-92.774505,38.187055],[-92.773244,38.184571],[-92.773904,38.182522],[-92.77462,38.178754],[-92.776638,38.17844],[-92.778989,38.17866],[-92.780617,38.177377],[-92.782065,38.176771],[-92.782757,38.174804],[-92.782691,38.1747],[-92.779502,38.170632],[-92.778999,38.169503],[-92.778873,38.166638],[-92.777315,38.162383],[-92.777023,38.161022],[-92.777058,38.157996],[-92.77616,38.156007],[-92.773938,38.154366],[-92.77252,38.153159],[-92.772143,38.150966],[-92.773009,38.149596],[-92.774533,38.148396],[-92.776799,38.146692],[-92.77296,38.146686],[-92.77298,38.144572],[-92.772833,38.142331],[-92.775436,38.142449],[-92.775851,38.134658],[-92.774837,38.134339],[-92.774323,38.134348],[-92.773164,38.134622],[-92.770571,38.134345],[-92.768136,38.134515],[-92.76761,38.13468],[-92.767215,38.135106],[-92.767375,38.135477],[-92.768122,38.13662],[-92.768196,38.136989],[-92.768215,38.138297],[-92.768638,38.139138],[-92.768668,38.139479],[-92.767921,38.140959],[-92.767956,38.14208],[-92.767863,38.142109],[-92.76313,38.142046],[-92.763127,38.142096],[-92.75919,38.142096],[-92.758267,38.141981],[-92.758284,38.141749],[-92.754671,38.140773],[-92.754337,38.140803],[-92.753256,38.141055],[-92.750519,38.140778],[-92.747823,38.141121],[-92.74617,38.13938],[-92.74478,38.139041],[-92.743381,38.138882],[-92.743861,38.14051],[-92.742833,38.141824],[-92.742061,38.141814],[-92.741721,38.14181],[-92.741225,38.141804],[-92.737357,38.141759],[-92.736577,38.13946],[-92.734811,38.136291],[-92.731887,38.13249],[-92.724224,38.125032],[-92.718564,38.121423],[-92.714617,38.119174],[-92.710296,38.115929],[-92.706828,38.11202],[-92.704562,38.108823],[-92.704436,38.106324],[-92.706361,38.104416],[-92.709635,38.10267],[-92.711646,38.102822],[-92.710398,38.098002],[-92.707661,38.09743],[-92.706103,38.096577],[-92.704034,38.096683],[-92.701183,38.096163],[-92.700821,38.096092],[-92.698266,38.095355],[-92.697102,38.09337],[-92.69508,38.092261],[-92.69158,38.090202],[-92.691178,38.090176],[-92.689252,38.090664],[-92.687683,38.093369],[-92.687381,38.093358],[-92.686366,38.095572],[-92.686167,38.096518],[-92.685695,38.097187],[-92.685366,38.099987],[-92.689049,38.107429],[-92.689694,38.109318],[-92.689586,38.1104],[-92.688077,38.112339],[-92.686912,38.113347],[-92.684534,38.115455],[-92.681056,38.118499],[-92.679739,38.119662],[-92.675884,38.122998],[-92.674576,38.124124],[-92.671575,38.125342],[-92.667306,38.126659],[-92.663627,38.127135],[-92.661671,38.12683],[-92.659619,38.126955],[-92.657561,38.128031],[-92.656467,38.128838],[-92.654048,38.129659],[-92.65267,38.129907],[-92.649687,38.131485],[-92.646277,38.133277],[-92.646103,38.13341],[-92.64557,38.13349],[-92.6439,38.133769],[-92.64305,38.133901],[-92.640538,38.134308],[-92.638227,38.134891],[-92.634904,38.137226],[-92.63215,38.13873],[-92.632048,38.138646],[-92.629468,38.139922],[-92.628154,38.140365],[-92.625868,38.140908],[-92.62447,38.141444],[-92.623227,38.142126],[-92.619883,38.144663],[-92.616305,38.14742],[-92.61478,38.148724],[-92.614391,38.149094],[-92.614091,38.149455],[-92.613969,38.149609],[-92.613656,38.150027],[-92.613375,38.150479],[-92.61322,38.150764],[-92.61294,38.151309],[-92.612721,38.152077],[-92.612592,38.152858],[-92.612361,38.15392],[-92.612311,38.154154],[-92.612273,38.154402],[-92.608589,38.154655],[-92.606315,38.155394],[-92.60511,38.156776],[-92.605005,38.157689],[-92.604957,38.157688],[-92.604978,38.156741],[-92.605024,38.154269],[-92.605087,38.150889],[-92.605159,38.147027],[-92.605219,38.143278],[-92.605302,38.139894],[-92.596374,38.139787],[-92.596496,38.134705],[-92.596944,38.127066],[-92.596783,38.117834],[-92.596783,38.112521],[-92.596761,38.110754],[-92.588443,38.110653],[-92.587688,38.110636],[-92.587875,38.101334],[-92.587971,38.096134],[-92.585516,38.096294],[-92.579063,38.096036],[-92.577097,38.096015],[-92.569682,38.095934],[-92.569837,38.088363],[-92.570045,38.078194],[-92.570174,38.07189],[-92.570227,38.069272],[-92.570281,38.066635],[-92.570114,38.066632],[-92.563992,38.066527],[-92.552081,38.066335],[-92.552381,38.052145],[-92.547881,38.052139],[-92.538606,38.051942],[-92.533554,38.051808],[-92.533686,38.046695],[-92.533777,38.042336],[-92.533895,38.037467],[-92.51558,38.036936],[-92.515946,38.023544],[-92.515979,38.022336],[-92.501791,38.022285],[-92.496211,38.022241],[-92.492591,38.022199],[-92.461305,38.021851],[-92.457607,38.021809],[-92.424631,38.021396],[-92.406275,38.021179],[-92.404535,38.021145],[-92.397978,38.020827],[-92.390076,38.020437],[-92.379449,38.020231],[-92.379397,38.020526],[-92.37495,38.020649],[-92.36567,38.020601],[-92.36543,38.020089],[-92.360846,38.019975],[-92.356832,38.020072],[-92.346741,38.020023],[-92.322404,38.019507],[-92.3135,38.019318],[-92.295665,38.018938],[-92.295673,38.018436],[-92.293773,38.018395],[-92.272452,38.017933],[-92.261717,38.017791],[-92.259076,38.017798],[-92.241873,38.017346],[-92.226545,38.017055],[-92.223288,38.016988],[-92.220885,38.016953],[-92.20735,38.016717],[-92.2063,38.0167],[-92.18537,38.016338],[-92.18537,38.015138],[-92.171784,38.014707],[-92.164401,38.014882],[-92.158687,38.014747],[-92.155182,38.014667],[-92.142812,38.013821],[-92.138215,38.013638],[-92.121467,38.013104],[-92.103776,38.01254],[-92.103283,38.012524],[-92.091439,38.012147],[-92.075455,38.01138],[-92.075464,38.011039],[-92.061372,38.010935],[-92.058658,38.010915],[-92.057644,38.010907],[-92.057274,38.010905],[-92.048508,38.01084],[-92.036579,38.010752],[-92.021165,38.010639],[-92.003082,38.010121],[-92.000164,38.010217],[-91.99557,38.010036],[-91.984815,38.009622],[-91.966842,38.00968],[-91.966333,38.009683],[-91.96572,38.011279],[-91.964923,38.013051],[-91.964413,38.013809],[-91.96378,38.015396],[-91.963473,38.01658],[-91.963247,38.017869],[-91.963172,38.020607],[-91.963168,38.022743],[-91.962891,38.023959],[-91.96236,38.02549],[-91.961399,38.027706],[-91.961154,38.028439],[-91.960439,38.029914],[-91.960132,38.030695],[-91.959764,38.032137],[-91.959211,38.033668],[-91.959139,38.034184],[-91.95872,38.035593],[-91.958536,38.035988],[-91.957954,38.036697],[-91.955967,38.038003],[-91.954865,38.039269],[-91.953704,38.040155],[-91.952776,38.040695],[-91.951911,38.04109],[-91.950729,38.041509],[-91.949089,38.041872],[-91.945536,38.042179],[-91.943338,38.042027],[-91.942778,38.041939],[-91.941852,38.041592],[-91.941527,38.041294],[-91.940989,38.040449],[-91.939517,38.038298],[-91.938846,38.037501],[-91.93844,38.036752],[-91.93766,38.034859],[-91.937294,38.032099],[-91.937049,38.031667],[-91.93649,38.03113],[-91.936029,38.03088],[-91.935247,38.03087],[-91.934547,38.031134],[-91.933463,38.031751],[-91.932638,38.032049],[-91.931181,38.032726],[-91.929093,38.033379],[-91.92624,38.034466],[-91.925446,38.034926],[-91.924722,38.035224],[-91.924151,38.035586],[-91.922948,38.036505],[-91.921827,38.03727],[-91.919105,38.039284],[-91.917847,38.040122],[-91.917309,38.04121],[-91.917023,38.041484],[-91.915219,38.042442],[-91.913885,38.042982],[-91.911837,38.043707],[-91.90983,38.044376],[-91.907202,38.044859],[-91.906621,38.045487],[-91.90606,38.045882],[-91.903238,38.046873],[-91.901088,38.047389],[-91.898706,38.047405],[-91.896944,38.047864],[-91.896128,38.048695],[-91.895974,38.048956],[-91.895347,38.051199],[-91.895132,38.051199],[-91.894691,38.051198],[-91.894475,38.051197],[-91.876209,38.051171],[-91.874871,38.051172],[-91.868123,38.051214],[-91.8641,38.051331],[-91.843821,38.051565],[-91.828701,38.051608],[-91.828591,38.051609],[-91.828481,38.05161],[-91.828344,38.051609],[-91.822954,38.051549],[-91.812533,38.051687],[-91.802108,38.051916],[-91.796677,38.052168],[-91.795602,38.052101],[-91.785077,38.052431],[-91.779739,38.05254],[-91.778984,38.052487],[-91.775059,38.052507],[-91.775063,38.052398],[-91.774572,38.052275],[-91.774036,38.052548],[-91.76565,38.052785],[-91.76506,38.052866],[-91.761295,38.052965],[-91.757683,38.053101],[-91.753347,38.053243],[-91.747707,38.053195],[-91.746815,38.053249],[-91.725177,38.052852],[-91.724165,38.052836],[-91.7162,38.052712],[-91.701044,38.052474],[-91.6919,38.052274],[-91.687535,38.052192],[-91.681117,38.052066],[-91.672991,38.051752],[-91.66923,38.051774],[-91.658267,38.051421],[-91.658026,38.051416],[-91.650113,38.051308],[-91.632431,38.050951],[-91.632081,38.064229],[-91.632075,38.064463],[-91.631983,38.067974],[-91.631975,38.068272],[-91.631703,38.077635],[-91.63181,38.079885],[-91.631693,38.08199],[-91.631463,38.106101],[-91.631409,38.107888],[-91.630858,38.125151],[-91.630662,38.145242],[-91.630554,38.153519],[-91.617274,38.153376],[-91.608101,38.15329],[-91.589527,38.153249],[-91.580164,38.152793],[-91.566847,38.152749],[-91.566357,38.152747],[-91.565907,38.152743],[-91.54338,38.15253],[-91.537488,38.152607],[-91.534384,38.152593],[-91.526434,38.152546],[-91.525025,38.152433],[-91.52499,38.14082],[-91.525245,38.135628],[-91.52526,38.125066],[-91.525006,38.123623],[-91.525223,38.101654],[-91.525358,38.078531],[-91.52531,38.07796],[-91.525329,38.077907],[-91.525383,38.077529],[-91.525712,38.048979],[-91.525712,38.044442],[-91.52592,38.03785],[-91.52584,38.03395],[-91.525888,38.033743],[-91.525889,38.033457],[-91.52587,38.0332],[-91.525746,38.031181],[-91.525756,38.030837],[-91.525746,38.03014],[-91.52575,38.02953],[-91.525684,38.027294],[-91.525896,38.02043],[-91.525989,38.01161],[-91.525818,38.011002],[-91.525856,38.005179],[-91.526064,37.99585],[-91.526064,37.990836],[-91.526221,37.971131],[-91.526233,37.970575],[-91.526301,37.968885],[-91.526306,37.968751],[-91.52631,37.968644],[-91.526349,37.962475],[-91.526355,37.96192],[-91.52636,37.958742],[-91.52636,37.95844],[-91.526367,37.95515]]]]}},{"type":"Feature","properties":{"id":4,"NAME":"4","TotalPop":769364,"PopDevPct":-1.6e-7,"DemPct":0.29932259,"RepPct":0.66788134,"WhitePct":0.85168467,"MinorityPct":0.14831533,"BlackPct":0.05009381,"HispanicPct":0.0403295,"PacificPct":0.00312811,"AsianPct":0.01644122,"NativePct":0.03310806,"TotalVAP":589494,"Margin":-0.20067741,"color":"#FF0000","opacity":"0.5"},"geometry":{"type":"MultiPolygon","coordinates":[[[[-94.106764,39.091703],[-94.115079,39.092043],[-94.116096,39.09207],[-94.117385,39.092095],[-94.13317,39.09249],[-94.134786,39.092546],[-94.141567,39.092871],[-94.147561,39.092959],[-94.149179,39.093026],[-94.154018,39.093232],[-94.158005,39.093347],[-94.162847,39.093519],[-94.176826,39.093746],[-94.181205,39.093894],[-94.190568,39.094114],[-94.199822,39.094585],[-94.199869,39.090244],[-94.200308,39.079423],[-94.200445,39.076299],[-94.197446,39.076912],[-94.194986,39.077913],[-94.190968,39.078751],[-94.191081,39.071863],[-94.200607,39.07216],[-94.201055,39.068877],[-94.201157,39.064995],[-94.214765,39.065249],[-94.214899,39.065254],[-94.219519,39.065392],[-94.224202,39.06565],[-94.228702,39.065826],[-94.237834,39.066075],[-94.241659,39.066155],[-94.249432,39.06647],[-94.256309,39.066734],[-94.264538,39.067051],[-94.268192,39.067252],[-94.269547,39.067304],[-94.269332,39.070549],[-94.269308,39.070925],[-94.270087,39.070963],[-94.271607,39.071036],[-94.271448,39.074426],[-94.271436,39.074651],[-94.272081,39.074689],[-94.273832,39.074843],[-94.273425,39.082223],[-94.275703,39.082292],[-94.278253,39.081773],[-94.280675,39.083599],[-94.284245,39.08443],[-94.284961,39.084974],[-94.287013,39.088706],[-94.287122,39.089677],[-94.288171,39.090414],[-94.289942,39.090653],[-94.29368,39.089861],[-94.299454,39.089959],[-94.301485,39.090019],[-94.304592,39.089597],[-94.307088,39.089994],[-94.307765,39.090136],[-94.308977,39.092024],[-94.309271,39.091932],[-94.309446,39.091823],[-94.309487,39.091821],[-94.310253,39.091625],[-94.310795,39.090766],[-94.31086,39.090267],[-94.310841,39.08992],[-94.310863,39.089733],[-94.310956,39.089414],[-94.310973,39.088918],[-94.311002,39.088844],[-94.311078,39.088645],[-94.311197,39.08844],[-94.311789,39.08759],[-94.312478,39.086912],[-94.312601,39.086833],[-94.31358,39.086233],[-94.315034,39.085745],[-94.316076,39.085707],[-94.316429,39.085557],[-94.317096,39.084999],[-94.317367,39.084482],[-94.317658,39.083145],[-94.317854,39.082536],[-94.318233,39.081979],[-94.319015,39.081368],[-94.319533,39.081114],[-94.320712,39.080237],[-94.321066,39.078662],[-94.320953,39.077898],[-94.319672,39.073777],[-94.32055,39.072208],[-94.320956,39.07207],[-94.321683,39.071961],[-94.321756,39.071966],[-94.321861,39.072002],[-94.322269,39.071982],[-94.323105,39.07188],[-94.323699,39.071773],[-94.323942,39.071715],[-94.324284,39.071593],[-94.325236,39.071002],[-94.32532,39.070904],[-94.325766,39.070528],[-94.32627,39.070184],[-94.326725,39.069805],[-94.326842,39.069724],[-94.327478,39.06941],[-94.327875,39.069181],[-94.32844,39.068978],[-94.328513,39.068926],[-94.328572,39.068819],[-94.328695,39.06876],[-94.329036,39.068616],[-94.32931,39.068576],[-94.329589,39.068443],[-94.330239,39.068053],[-94.330468,39.067939],[-94.33094,39.067803],[-94.331362,39.067657],[-94.331717,39.067465],[-94.332178,39.067087],[-94.332498,39.066702],[-94.332521,39.066636],[-94.332524,39.066529],[-94.332514,39.066432],[-94.332477,39.066311],[-94.33249,39.066235],[-94.332593,39.066009],[-94.332742,39.065575],[-94.332802,39.065266],[-94.332966,39.064778],[-94.333235,39.064357],[-94.333382,39.063904],[-94.333594,39.063528],[-94.333784,39.063276],[-94.333839,39.063243],[-94.33415,39.063163],[-94.334721,39.062967],[-94.334843,39.062891],[-94.334921,39.062859],[-94.334971,39.062841],[-94.33575,39.062514],[-94.336352,39.061951],[-94.336183,39.061948],[-94.334272,39.061912],[-94.329181,39.061788],[-94.316479,39.061401],[-94.316279,39.062257],[-94.314636,39.062247],[-94.309604,39.062873],[-94.306765,39.06277],[-94.306555,39.062706],[-94.304871,39.061935],[-94.302665,39.061085],[-94.29726,39.060938],[-94.295738,39.061869],[-94.293293,39.062602],[-94.293457,39.059293],[-94.295561,39.059099],[-94.295626,39.058402],[-94.295837,39.05717],[-94.302662,39.057306],[-94.30281,39.055042],[-94.302854,39.053717],[-94.304557,39.053765],[-94.309372,39.053899],[-94.313122,39.054024],[-94.313683,39.054041],[-94.315305,39.054104],[-94.315438,39.051772],[-94.313113,39.050326],[-94.312503,39.049385],[-94.312655,39.046698],[-94.312661,39.046579],[-94.312598,39.044498],[-94.311676,39.043562],[-94.311387,39.043268],[-94.310723,39.043559],[-94.310363,39.04304],[-94.311117,39.042993],[-94.310269,39.042131],[-94.306649,39.038493],[-94.306397,39.038238],[-94.305496,39.037325],[-94.305429,39.03597],[-94.305426,39.034753],[-94.305385,39.03432],[-94.305364,39.034168],[-94.305236,39.032855],[-94.305115,39.032007],[-94.304411,39.029399],[-94.30435,39.028291],[-94.304447,39.026334],[-94.302698,39.026234],[-94.300907,39.025211],[-94.297084,39.02459],[-94.296858,39.026794],[-94.29538,39.02809],[-94.292048,39.027856],[-94.291283,39.028412],[-94.28874,39.028274],[-94.28582,39.028024],[-94.28514,39.027814],[-94.281109,39.027709],[-94.281088,39.026322],[-94.281098,39.02571],[-94.28117,39.024069],[-94.279191,39.024019],[-94.278056,39.023997],[-94.277088,39.023977],[-94.27656,39.023956],[-94.276599,39.023428],[-94.276615,39.022531],[-94.276695,39.021573],[-94.272178,39.021399],[-94.272214,39.020511],[-94.272288,39.019484],[-94.27231,39.018818],[-94.272342,39.018214],[-94.272407,39.016526],[-94.272528,39.012903],[-94.272557,39.011494],[-94.272628,39.009261],[-94.272638,39.009134],[-94.27266,39.007984],[-94.272862,39.004711],[-94.272926,39.001944],[-94.272951,39.000954],[-94.273045,38.999049],[-94.273186,38.995805],[-94.273282,38.993337],[-94.273447,38.989537],[-94.273552,38.987479],[-94.273613,38.986558],[-94.273738,38.983934],[-94.273796,38.982889],[-94.273843,38.982014],[-94.273931,38.980255],[-94.274003,38.977022],[-94.274078,38.974527],[-94.274082,38.974457],[-94.274085,38.974392],[-94.27409,38.974293],[-94.274093,38.974223],[-94.274111,38.973881],[-94.274151,38.973076],[-94.274398,38.967576],[-94.274492,38.965714],[-94.274862,38.958466],[-94.274931,38.956819],[-94.275015,38.954821],[-94.275169,38.951177],[-94.275333,38.947983],[-94.275488,38.944975],[-94.275533,38.944082],[-94.27554,38.943957],[-94.275738,38.940142],[-94.274992,38.94011],[-94.273843,38.940063],[-94.273719,38.93673],[-94.275158,38.936784],[-94.275903,38.936812],[-94.2759,38.936636],[-94.275898,38.936453],[-94.275944,38.935854],[-94.276951,38.935857],[-94.277032,38.933722],[-94.276051,38.933706],[-94.275479,38.933791],[-94.275373,38.93362],[-94.275223,38.933377],[-94.273582,38.93073],[-94.273211,38.930231],[-94.273132,38.930142],[-94.272702,38.929354],[-94.271927,38.928452],[-94.268294,38.924471],[-94.266513,38.921716],[-94.264099,38.917173],[-94.263826,38.915642],[-94.263096,38.915638],[-94.263877,38.907842],[-94.264329,38.900193],[-94.264659,38.89398],[-94.264692,38.893265],[-94.264704,38.893028],[-94.264773,38.891629],[-94.264819,38.890675],[-94.265459,38.878519],[-94.265777,38.873007],[-94.265856,38.871641],[-94.266051,38.868229],[-94.266205,38.865577],[-94.266225,38.865233],[-94.266295,38.864021],[-94.266377,38.862607],[-94.26644,38.861513],[-94.266661,38.857721],[-94.266714,38.856812],[-94.274614,38.856772],[-94.277089,38.855631],[-94.278077,38.8384],[-94.278167,38.835056],[-94.287593,38.835084],[-94.298193,38.835519],[-94.299652,38.835547],[-94.306197,38.835747],[-94.31657,38.836101],[-94.320327,38.836055],[-94.324627,38.83659],[-94.324894,38.836602],[-94.335364,38.836923],[-94.34343,38.837018],[-94.343622,38.837021],[-94.348105,38.837115],[-94.353948,38.837291],[-94.361971,38.837602],[-94.376002,38.838005],[-94.378872,38.838109],[-94.380916,38.83821],[-94.381733,38.83822],[-94.382844,38.838234],[-94.383907,38.838248],[-94.384006,38.838248],[-94.384652,38.838255],[-94.385185,38.838278],[-94.385983,38.838316],[-94.386998,38.838361],[-94.388902,38.838467],[-94.39001,38.838543],[-94.392338,38.838702],[-94.39307,38.838708],[-94.394931,38.838646],[-94.396317,38.838684],[-94.399447,38.838809],[-94.404566,38.838947],[-94.409206,38.839071],[-94.417875,38.839307],[-94.418523,38.839316],[-94.421722,38.839375],[-94.426801,38.839506],[-94.431168,38.839615],[-94.432321,38.839634],[-94.436649,38.839707],[-94.436806,38.839713],[-94.436905,38.839783],[-94.441401,38.839943],[-94.45503,38.840419],[-94.464437,38.840713],[-94.468745,38.840926],[-94.472449,38.841062],[-94.480309,38.841354],[-94.490031,38.841713],[-94.49213,38.841707],[-94.499422,38.842035],[-94.50673,38.842407],[-94.509068,38.842302],[-94.510121,38.842464],[-94.512626,38.842589],[-94.513858,38.842646],[-94.514912,38.842695],[-94.515079,38.842703],[-94.51633,38.842762],[-94.517537,38.842818],[-94.518767,38.842878],[-94.52031,38.842981],[-94.521613,38.843075],[-94.521808,38.843057],[-94.523274,38.843105],[-94.526584,38.843275],[-94.527687,38.843432],[-94.529421,38.843645],[-94.529564,38.843652],[-94.530087,38.843678],[-94.532213,38.843784],[-94.532769,38.843811],[-94.537827,38.84403],[-94.541828,38.843994],[-94.543483,38.844079],[-94.544631,38.844134],[-94.5452,38.844161],[-94.547947,38.844309],[-94.548731,38.844348],[-94.550536,38.844432],[-94.550834,38.844445],[-94.552262,38.844508],[-94.554205,38.844625],[-94.554552,38.844649],[-94.56208,38.845002],[-94.56269,38.844992],[-94.564921,38.845221],[-94.582632,38.846107],[-94.585319,38.846191],[-94.585572,38.8462],[-94.593789,38.846564],[-94.606106,38.847118],[-94.608033,38.847207],[-94.607736,38.832916],[-94.607673,38.825816],[-94.607902,38.816398],[-94.608031,38.811096],[-94.608172,38.811095],[-94.608384,38.789757],[-94.608491,38.775186],[-94.608707,38.760604],[-94.6091,38.738568],[-94.609467,38.723829],[-94.609504,38.721705],[-94.609733,38.70957],[-94.609887,38.705494],[-94.610214,38.688089],[-94.610437,38.679216],[-94.610566,38.672619],[-94.610674,38.666063],[-94.610734,38.661587],[-94.610898,38.652598],[-94.611095,38.643583],[-94.611247,38.638188],[-94.6113,38.63505],[-94.611585,38.634739],[-94.611466,38.625006],[-94.611612,38.620585],[-94.611762,38.609213],[-94.611902,38.601628],[-94.611894,38.592554],[-94.611889,38.580714],[-94.611803,38.580235],[-94.612167,38.565534],[-94.612153,38.550323],[-94.612095,38.549765],[-94.612274,38.546596],[-94.612328,38.520516],[-94.612399,38.506343],[-94.612538,38.495839],[-94.612653,38.491827],[-94.612866,38.484366],[-94.612876,38.483171],[-94.612872,38.483143],[-94.612851,38.483102],[-94.61281,38.48306],[-94.612697,38.483009],[-94.612882,38.477597],[-94.613031,38.47567],[-94.613033,38.474837],[-94.613231,38.464451],[-94.613356,38.457967],[-94.61332,38.447786],[-94.613244,38.446162],[-94.613333,38.434195],[-94.61343,38.429859],[-94.613424,38.41858],[-94.613377,38.4113],[-94.61334,38.406892],[-94.613332,38.399877],[-94.613232,38.388718],[-94.61324,38.375505],[-94.613097,38.370307],[-94.613207,38.364333],[-94.613228,38.362058],[-94.613016,38.34366],[-94.612971,38.3357],[-94.612713,38.313115],[-94.612707,38.310281],[-94.61268,38.297161],[-94.612844,38.291423],[-94.612707,38.284575],[-94.612656,38.270428],[-94.612621,38.256747],[-94.612493,38.237659],[-94.612503,38.220379],[-94.612651,38.218698],[-94.61265,38.218569],[-94.612652,38.218392],[-94.612588,38.212192],[-94.612689,38.204466],[-94.612666,38.203995],[-94.612824,38.20037],[-94.612931,38.190558],[-94.613203,38.185399],[-94.613094,38.181702],[-94.613474,38.167994],[-94.613431,38.161453],[-94.613857,38.14977],[-94.613634,38.149674],[-94.613718,38.13247],[-94.613963,38.126699],[-94.613754,38.125004],[-94.613743,38.118001],[-94.61376,38.10371],[-94.613921,38.08914],[-94.613958,38.074573],[-94.613984,38.073165],[-94.614114,38.062791],[-94.614061,38.060056],[-94.614076,38.030969],[-94.614038,38.01675],[-94.614034,38.009592],[-94.614014,38.002375],[-94.614266,37.993417],[-94.614182,37.988332],[-94.614095,37.987485],[-94.614111,37.973797],[-94.614555,37.970605],[-94.614521,37.964336],[-94.614622,37.944093],[-94.614864,37.935612],[-94.614778,37.9342],[-94.615179,37.91602],[-94.615392,37.90644],[-94.61517,37.90618],[-94.61529,37.901925],[-94.615626,37.891827],[-94.615716,37.878645],[-94.61592,37.878306],[-94.615828,37.872394],[-94.616122,37.857976],[-94.61627,37.851778],[-94.616272,37.85172],[-94.616273,37.851651],[-94.616276,37.851512],[-94.616347,37.84856],[-94.616344,37.842965],[-94.616373,37.841808],[-94.616862,37.819455],[-94.616996,37.815385],[-94.617196,37.800872],[-94.617437,37.789246],[-94.617465,37.783227],[-94.617669,37.776193],[-94.617638,37.771949],[-94.617709,37.755492],[-94.617768,37.741028],[-94.617834,37.727405],[-94.617901,37.711714],[-94.617868,37.695777],[-94.617897,37.689921],[-94.617742,37.689142],[-94.617657,37.687789],[-94.61772,37.685886],[-94.617966,37.682217],[-94.617821,37.679709],[-94.617835,37.66815],[-94.617698,37.653578],[-94.617599,37.63965],[-94.617488,37.63654],[-94.617621,37.628697],[-94.617639,37.625228],[-94.6173,37.610495],[-94.617427,37.609522],[-94.617347,37.591218],[-94.617345,37.579214],[-94.617019,37.571793],[-94.61705,37.56706],[-94.617108,37.560987],[-94.61711,37.56064],[-94.617127,37.558235],[-94.617108,37.557355],[-94.617084,37.556535],[-94.617106,37.555697],[-94.617183,37.551566],[-94.617207,37.550501],[-94.617022,37.544149],[-94.617066,37.537513],[-94.616919,37.528761],[-94.616862,37.521609],[-94.616724,37.506904],[-94.616724,37.500123],[-94.616966,37.483837],[-94.617088,37.477776],[-94.617105,37.470426],[-94.617115,37.469788],[-94.617094,37.448969],[-94.61726,37.446257],[-94.617258,37.439191],[-94.617268,37.425749],[-94.617323,37.420665],[-94.617464,37.406092],[-94.617507,37.391747],[-94.617536,37.378831],[-94.61757,37.36417],[-94.610217,37.364074],[-94.606214,37.363847],[-94.593715,37.363693],[-94.589771,37.363813],[-94.582299,37.363412],[-94.577711,37.36338],[-94.57527,37.36314],[-94.565983,37.362795],[-94.556803,37.362579],[-94.538403,37.361969],[-94.524425,37.36159],[-94.516871,37.361243],[-94.515779,37.361194],[-94.505708,37.360665],[-94.501709,37.360436],[-94.501608,37.360408],[-94.492672,37.360048],[-94.492452,37.360038],[-94.484979,37.359503],[-94.483733,37.359417],[-94.481702,37.359342],[-94.469681,37.358867],[-94.465396,37.358697],[-94.456002,37.358322],[-94.447457,37.357998],[-94.441369,37.357865],[-94.429444,37.357563],[-94.425934,37.357382],[-94.402052,37.356898],[-94.392821,37.35688],[-94.392845,37.35643],[-94.375228,37.356074],[-94.35664,37.355488],[-94.338344,37.355368],[-94.338293,37.35537],[-94.322858,37.355],[-94.319446,37.354981],[-94.313873,37.354873],[-94.31322,37.354853],[-94.311264,37.35485],[-94.310581,37.354834],[-94.307144,37.354738],[-94.306708,37.354724],[-94.302906,37.354578],[-94.302024,37.354544],[-94.300488,37.354502],[-94.300168,37.354504],[-94.298988,37.354474],[-94.297765,37.354428],[-94.294217,37.354313],[-94.294126,37.35431],[-94.294035,37.354307],[-94.293966,37.35431],[-94.293897,37.354313],[-94.283295,37.353982],[-94.283088,37.353839],[-94.282913,37.353839],[-94.272863,37.353576],[-94.267634,37.353307],[-94.264871,37.353401],[-94.252075,37.353266],[-94.246872,37.353228],[-94.238195,37.352973],[-94.236842,37.353029],[-94.236287,37.352988],[-94.232328,37.352857],[-94.231975,37.352845],[-94.230492,37.352792],[-94.229009,37.352739],[-94.228526,37.352722],[-94.228273,37.352708],[-94.227859,37.352661],[-94.215792,37.352297],[-94.213014,37.352222],[-94.212803,37.352216],[-94.191833,37.351703],[-94.183454,37.351663],[-94.181847,37.351642],[-94.173294,37.351492],[-94.152563,37.350914],[-94.139342,37.350685],[-94.136872,37.350642],[-94.12499,37.350378],[-94.123074,37.350164],[-94.118642,37.350192],[-94.100504,37.349607],[-94.082083,37.349291],[-94.082227,37.345459],[-94.08265,37.334742],[-94.082692,37.332494],[-94.083053,37.320128],[-94.083463,37.305528],[-94.083833,37.290851],[-94.073142,37.290613],[-94.070445,37.290547],[-94.065508,37.290426],[-94.057505,37.290209],[-94.052313,37.290078],[-94.047193,37.289945],[-94.03437,37.289571],[-94.029485,37.28946],[-94.028811,37.289443],[-94.017268,37.289156],[-94.010577,37.289005],[-94.006499,37.288911],[-93.999024,37.288747],[-93.992239,37.288599],[-93.981364,37.288369],[-93.963619,37.288108],[-93.960162,37.288066],[-93.959231,37.288053],[-93.955472,37.288074],[-93.954739,37.288086],[-93.953021,37.288077],[-93.948412,37.287666],[-93.945302,37.287841],[-93.942857,37.287809],[-93.941731,37.287784],[-93.932665,37.28761],[-93.927241,37.2876],[-93.920298,37.287502],[-93.914163,37.287497],[-93.912692,37.287473],[-93.910037,37.287453],[-93.900717,37.287311],[-93.891554,37.287288],[-93.885732,37.287167],[-93.882147,37.287114],[-93.875211,37.287101],[-93.865676,37.286892],[-93.864036,37.286856],[-93.855237,37.286662],[-93.854518,37.286646],[-93.845532,37.286456],[-93.841438,37.286359],[-93.841015,37.286366],[-93.83952,37.28641],[-93.83283,37.286327],[-93.827838,37.286211],[-93.827234,37.286199],[-93.822067,37.286075],[-93.812695,37.285896],[-93.801886,37.285705],[-93.801538,37.285702],[-93.801434,37.285703],[-93.79706,37.28563],[-93.790645,37.285477],[-93.785395,37.285379],[-93.767074,37.284981],[-93.766973,37.284979],[-93.764996,37.284943],[-93.761968,37.284855],[-93.759553,37.28477],[-93.759443,37.284764],[-93.75934,37.284764],[-93.754992,37.28477],[-93.750207,37.284782],[-93.747049,37.284551],[-93.743136,37.284475],[-93.735481,37.284242],[-93.733511,37.284206],[-93.727557,37.284059],[-93.719801,37.283899],[-93.71736,37.283891],[-93.710535,37.283755],[-93.709076,37.28366],[-93.70494,37.283692],[-93.702251,37.283723],[-93.69562,37.283546],[-93.677447,37.283024],[-93.673889,37.282941],[-93.67371,37.282936],[-93.666103,37.282747],[-93.663859,37.282701],[-93.650259,37.282407],[-93.641264,37.282226],[-93.625844,37.282011],[-93.62561,37.290146],[-93.625514,37.29281],[-93.625474,37.294592],[-93.625196,37.303788],[-93.624825,37.314665],[-93.624607,37.319291],[-93.624415,37.324748],[-93.624578,37.325572],[-93.624372,37.331079],[-93.624104,37.340133],[-93.623858,37.345816],[-93.623928,37.347561],[-93.623292,37.362574],[-93.62304,37.369176],[-93.62319,37.373311],[-93.623002,37.375044],[-93.622785,37.38373],[-93.622453,37.392915],[-93.622446,37.39309],[-93.622412,37.394041],[-93.622231,37.398265],[-93.621938,37.40558],[-93.621754,37.409181],[-93.621671,37.412805],[-93.621662,37.414129],[-93.621557,37.4173],[-93.62122,37.426622],[-93.621153,37.427423],[-93.615231,37.427242],[-93.594819,37.426806],[-93.5938,37.42679],[-93.58476,37.42662],[-93.580203,37.426542],[-93.570458,37.426319],[-93.55284,37.42598],[-93.54354,37.42576],[-93.52869,37.42541],[-93.52078,37.42525],[-93.511756,37.425045],[-93.511633,37.42539],[-93.509344,37.425381],[-93.49226,37.424962],[-93.473797,37.424543],[-93.473089,37.424521],[-93.461986,37.424469],[-93.460029,37.424379],[-93.4557,37.424184],[-93.441948,37.423686],[-93.43723,37.423554],[-93.42797,37.42332],[-93.418806,37.422997],[-93.41456,37.42287],[-93.400563,37.42269],[-93.399153,37.422673],[-93.399171,37.422661],[-93.389344,37.422322],[-93.381431,37.422047],[-93.368478,37.42196],[-93.364351,37.421815],[-93.36394,37.42181],[-93.357444,37.42162],[-93.351353,37.421392],[-93.351,37.42135],[-93.347314,37.421323],[-93.345747,37.421248],[-93.336678,37.420891],[-93.32759,37.420544],[-93.323118,37.420437],[-93.3186,37.42032],[-93.30113,37.41996],[-93.280561,37.419509],[-93.27354,37.41925],[-93.26463,37.419157],[-93.251045,37.418861],[-93.246492,37.418878],[-93.239088,37.418943],[-93.23482,37.418803],[-93.23034,37.418657],[-93.219022,37.418287],[-93.212061,37.418058],[-93.211806,37.41805],[-93.190965,37.417462],[-93.18783,37.41729],[-93.182489,37.417204],[-93.159346,37.416783],[-93.158287,37.416799],[-93.158129,37.416793],[-93.145512,37.416283],[-93.145169,37.416273],[-93.145063,37.416271],[-93.144373,37.416257],[-93.140532,37.416175],[-93.14024,37.416169],[-93.138184,37.415944],[-93.119504,37.415694],[-93.119038,37.415598],[-93.109691,37.41547],[-93.094108,37.415156],[-93.078094,37.414916],[-93.07338,37.414989],[-93.073728,37.403422],[-93.073819,37.400414],[-93.074486,37.378546],[-93.074627,37.374958],[-93.07465,37.37339],[-93.07466,37.373377],[-93.074719,37.371349],[-93.07481,37.365195],[-93.074923,37.360364],[-93.075004,37.356916],[-93.075043,37.355204],[-93.075108,37.352401],[-93.075304,37.347813],[-93.07535,37.342101],[-93.075406,37.339638],[-93.075682,37.327807],[-93.075856,37.320747],[-93.075869,37.319753],[-93.076175,37.303502],[-93.076241,37.299678],[-93.076312,37.295385],[-93.076621,37.279096],[-93.076771,37.270745],[-93.076775,37.270599],[-93.07338,37.270582],[-93.073378,37.270717],[-93.06845,37.270935],[-93.06832,37.276417],[-93.068127,37.274403],[-93.065386,37.274338],[-93.065402,37.271379],[-93.062967,37.271856],[-93.061839,37.272081],[-93.061193,37.272211],[-93.060023,37.272443],[-93.05843,37.272755],[-93.058127,37.272813],[-93.058103,37.272604],[-93.058084,37.272433],[-93.058057,37.272197],[-93.053271,37.273148],[-93.048357,37.274128],[-93.04525,37.275875],[-93.044118,37.277864],[-93.043762,37.27954],[-93.043423,37.279517],[-93.039683,37.278379],[-93.037327,37.278392],[-93.036983,37.276885],[-93.038302,37.275836],[-93.03836,37.272928],[-93.040724,37.272307],[-93.041073,37.270727],[-93.046247,37.270818],[-93.040238,37.266851],[-93.038421,37.265185],[-93.033429,37.265633],[-93.032146,37.265417],[-93.030254,37.264329],[-93.026929,37.263535],[-93.025893,37.263714],[-93.017045,37.263145],[-93.017067,37.256622],[-93.016242,37.256775],[-93.015554,37.256989],[-93.014736,37.25717],[-93.014338,37.257164],[-93.013959,37.257126],[-93.013856,37.257071],[-93.013657,37.25684],[-93.013499,37.256719],[-93.013135,37.256367],[-93.012819,37.256169],[-93.012372,37.25596],[-93.012193,37.255966],[-93.012035,37.256042],[-93.011801,37.256306],[-93.011526,37.256729],[-93.011306,37.257191],[-93.011168,37.258086],[-93.011071,37.258322],[-93.010941,37.258531],[-93.0107,37.259273],[-93.010376,37.260135],[-93.010259,37.260762],[-93.010231,37.261059],[-93.010244,37.2613],[-93.010203,37.261454],[-93.010093,37.261635],[-93.010031,37.261905],[-93.009955,37.26208],[-93.009845,37.262212],[-93.00924,37.262745],[-93.008937,37.263086],[-93.008648,37.263322],[-93.008497,37.263602],[-93.008338,37.263805],[-93.008036,37.264014],[-93.007768,37.264025],[-93.00752,37.263964],[-93.006668,37.263579],[-93.006352,37.263469],[-93.006091,37.263321],[-93.005774,37.263106],[-93.005561,37.263024],[-93.00519,37.2631],[-93.004922,37.263067],[-93.004468,37.263067],[-93.004007,37.2631],[-93.003039,37.262986],[-93.003016,37.262981],[-93.002887,37.262934],[-93.002715,37.262819],[-93.002426,37.262714],[-93.002172,37.262676],[-93.001739,37.262643],[-93.000832,37.262692],[-93.000495,37.262724],[-92.999737,37.262873],[-92.999318,37.262977],[-92.999112,37.263076],[-92.998844,37.263165],[-92.998527,37.263225],[-92.998328,37.263297],[-92.998081,37.26344],[-92.997545,37.263846],[-92.995951,37.264957],[-92.99582,37.2651],[-92.995786,37.265238],[-92.995813,37.265326],[-92.99593,37.26543],[-92.995985,37.265545],[-92.997307,37.267221],[-92.997389,37.267243],[-92.997479,37.267358],[-92.997493,37.267424],[-92.99741,37.267528],[-92.997342,37.267748],[-92.997252,37.267968],[-92.997012,37.268325],[-92.996909,37.268408],[-92.996517,37.268567],[-92.99627,37.268622],[-92.995995,37.268716],[-92.995788,37.268762],[-92.995672,37.268788],[-92.995486,37.268892],[-92.995259,37.268925],[-92.99442,37.269019],[-92.994255,37.268997],[-92.9933,37.269465],[-92.992036,37.270344],[-92.99011,37.269526],[-92.989931,37.269521],[-92.986306,37.266401],[-92.983088,37.266606],[-92.979452,37.268042],[-92.978489,37.26858],[-92.975849,37.268625],[-92.974372,37.26824],[-92.97113,37.268234],[-92.971479,37.251691],[-92.971509,37.250221],[-92.971553,37.248018],[-92.974218,37.248118],[-92.980946,37.2439],[-92.979346,37.243363],[-92.9793,37.242622],[-92.979249,37.242193],[-92.975427,37.239209],[-92.971782,37.237148],[-92.971795,37.236563],[-92.971861,37.233506],[-92.96608,37.233458],[-92.95392,37.233413],[-92.953973,37.236026],[-92.950925,37.235623],[-92.949709,37.234779],[-92.947722,37.234302],[-92.94405,37.233866],[-92.943761,37.243555],[-92.939479,37.243372],[-92.935007,37.243181],[-92.934851,37.247102],[-92.916573,37.246122],[-92.916752,37.242487],[-92.915373,37.242439],[-92.911171,37.242292],[-92.898646,37.241851],[-92.898488,37.245527],[-92.879809,37.244672],[-92.876278,37.244645],[-92.875653,37.24466],[-92.86672,37.244573],[-92.854524,37.24428],[-92.843606,37.24406],[-92.818344,37.243531],[-92.813484,37.243438],[-92.807215,37.24324],[-92.797841,37.243053],[-92.78902,37.242998],[-92.770516,37.242859],[-92.770422,37.242765],[-92.752323,37.242799],[-92.734788,37.24289],[-92.716382,37.24279],[-92.698121,37.242629],[-92.688822,37.242501],[-92.679659,37.242363],[-92.67909,37.259662],[-92.67897,37.263149],[-92.688217,37.263438],[-92.692303,37.263514],[-92.692089,37.27447],[-92.691904,37.281743],[-92.691534,37.296268],[-92.691254,37.307183],[-92.69116,37.312483],[-92.691139,37.314313],[-92.691003,37.321456],[-92.690996,37.321585],[-92.690802,37.324918],[-92.69073,37.329485],[-92.690648,37.336106],[-92.690559,37.343372],[-92.690471,37.350647],[-92.689571,37.350647],[-92.689516,37.35521],[-92.689495,37.356898],[-92.689197,37.378907],[-92.68896,37.391282],[-92.688901,37.39439],[-92.688737,37.398156],[-92.688645,37.408977],[-92.688391,37.421063],[-92.6882,37.429603],[-92.688323,37.429817],[-92.688132,37.434613],[-92.688072,37.437746],[-92.687572,37.437746],[-92.687207,37.452334],[-92.687083,37.455111],[-92.686976,37.466868],[-92.686671,37.481545],[-92.68632,37.481536],[-92.685949,37.481526],[-92.677317,37.481309],[-92.659241,37.480853],[-92.657762,37.480817],[-92.649894,37.480665],[-92.62672,37.480034],[-92.624111,37.479967],[-92.62239,37.479936],[-92.608714,37.479663],[-92.597113,37.479459],[-92.590089,37.47922],[-92.587208,37.479132],[-92.582266,37.479018],[-92.57677,37.478963],[-92.568755,37.478868],[-92.562419,37.478796],[-92.559,37.478734],[-92.553999,37.478592],[-92.543168,37.478545],[-92.540252,37.478369],[-92.533586,37.477945],[-92.522472,37.477076],[-92.5223,37.477062],[-92.511031,37.476676],[-92.500168,37.476512],[-92.487099,37.476021],[-92.468207,37.475702],[-92.450434,37.475398],[-92.432771,37.475099],[-92.414279,37.474783],[-92.41236,37.474751],[-92.412184,37.474749],[-92.412009,37.474746],[-92.4119,37.474744],[-92.411814,37.474743],[-92.411705,37.474741],[-92.41162,37.474739],[-92.411514,37.474737],[-92.38395,37.473933],[-92.371535,37.473643],[-92.361401,37.473812],[-92.35969,37.473856],[-92.351739,37.473721],[-92.321347,37.473203],[-92.306564,37.472952],[-92.305963,37.473645],[-92.263734,37.473093],[-92.252261,37.472944],[-92.25224,37.473801],[-92.251872,37.488677],[-92.25175,37.493911],[-92.251553,37.503102],[-92.251409,37.510648],[-92.251032,37.530499],[-92.250803,37.536894],[-92.250808,37.538003],[-92.250863,37.539344],[-92.250506,37.558098],[-92.25037,37.565247],[-92.250306,37.568576],[-92.250222,37.573016],[-92.250229,37.573784],[-92.250229,37.573808],[-92.25023,37.573863],[-92.25023,37.573876],[-92.25023,37.573904],[-92.250243,37.575148],[-92.250164,37.579702],[-92.250032,37.579763],[-92.249864,37.584443],[-92.249506,37.602365],[-92.249463,37.604543],[-92.243715,37.6044],[-92.2363,37.604583],[-92.233277,37.604603],[-92.232945,37.604605],[-92.227188,37.604627],[-92.219747,37.604697],[-92.208277,37.604897],[-92.183261,37.605243],[-92.176978,37.60517],[-92.158296,37.604901],[-92.149352,37.60474],[-92.140433,37.604631],[-92.131758,37.604522],[-92.113948,37.604242],[-92.08477,37.603646],[-92.083939,37.603629],[-92.06576,37.603242],[-92.042918,37.602804],[-92.042475,37.602795],[-92.035804,37.602667],[-92.029258,37.602542],[-92.029289,37.607039],[-92.029359,37.617142],[-92.029328,37.628175],[-92.02917,37.644302],[-92.029086,37.652925],[-92.029005,37.66118],[-92.028815,37.680592],[-92.028711,37.691447],[-92.02856,37.706841],[-92.026822,37.707047],[-92.026659,37.710482],[-92.026163,37.728325],[-92.025954,37.735824],[-92.025877,37.738619],[-92.02556,37.75004],[-92.025273,37.763086],[-92.025141,37.76914],[-92.025136,37.769347],[-92.025132,37.769564],[-92.02513,37.769637],[-92.025122,37.770025],[-92.02506,37.772813],[-92.025055,37.773054],[-92.024647,37.791367],[-92.0246,37.793721],[-92.024215,37.811235],[-92.023799,37.83015],[-92.023674,37.835867],[-92.023622,37.83823],[-92.022998,37.866618],[-92.022993,37.86683],[-92.022988,37.867051],[-92.022973,37.867709],[-92.022814,37.875169],[-92.022863,37.88074],[-92.022466,37.880941],[-92.022643,37.896251],[-92.021966,37.927615],[-92.02196,37.927893],[-92.021953,37.928245],[-92.021948,37.928451],[-92.021917,37.92983],[-92.021688,37.939837],[-92.021525,37.94695],[-92.021445,37.948369],[-92.021407,37.949253],[-92.021261,37.95854],[-92.021134,37.963774],[-92.021112,37.975496],[-92.021189,37.975575],[-92.021317,37.982402],[-92.021206,37.989942],[-92.021258,37.999986],[-92.021165,38.010639],[-92.036579,38.010752],[-92.048508,38.01084],[-92.057274,38.010905],[-92.057644,38.010907],[-92.058658,38.010915],[-92.061372,38.010935],[-92.075464,38.011039],[-92.075455,38.01138],[-92.091439,38.012147],[-92.103283,38.012524],[-92.103776,38.01254],[-92.121467,38.013104],[-92.138215,38.013638],[-92.142812,38.013821],[-92.155182,38.014667],[-92.158687,38.014747],[-92.164401,38.014882],[-92.171784,38.014707],[-92.18537,38.015138],[-92.18537,38.016338],[-92.2063,38.0167],[-92.20735,38.016717],[-92.220885,38.016953],[-92.223288,38.016988],[-92.226545,38.017055],[-92.241873,38.017346],[-92.259076,38.017798],[-92.261717,38.017791],[-92.272452,38.017933],[-92.293773,38.018395],[-92.295673,38.018436],[-92.295665,38.018938],[-92.3135,38.019318],[-92.322404,38.019507],[-92.346741,38.020023],[-92.356832,38.020072],[-92.360846,38.019975],[-92.36543,38.020089],[-92.36567,38.020601],[-92.37495,38.020649],[-92.379397,38.020526],[-92.379449,38.020231],[-92.390076,38.020437],[-92.397978,38.020827],[-92.404535,38.021145],[-92.406275,38.021179],[-92.424631,38.021396],[-92.457607,38.021809],[-92.461305,38.021851],[-92.492591,38.022199],[-92.496211,38.022241],[-92.501791,38.022285],[-92.515979,38.022336],[-92.515946,38.023544],[-92.51558,38.036936],[-92.533895,38.037467],[-92.533777,38.042336],[-92.533686,38.046695],[-92.533554,38.051808],[-92.538606,38.051942],[-92.547881,38.052139],[-92.552381,38.052145],[-92.552081,38.066335],[-92.563992,38.066527],[-92.570114,38.066632],[-92.570281,38.066635],[-92.570227,38.069272],[-92.570174,38.07189],[-92.570045,38.078194],[-92.569837,38.088363],[-92.569682,38.095934],[-92.577097,38.096015],[-92.579063,38.096036],[-92.585516,38.096294],[-92.587971,38.096134],[-92.587875,38.101334],[-92.587688,38.110636],[-92.588443,38.110653],[-92.596761,38.110754],[-92.596783,38.112521],[-92.596783,38.117834],[-92.596944,38.127066],[-92.596496,38.134705],[-92.596374,38.139787],[-92.605302,38.139894],[-92.605219,38.143278],[-92.605159,38.147027],[-92.605087,38.150889],[-92.605024,38.154269],[-92.604978,38.156741],[-92.604957,38.157688],[-92.605005,38.157689],[-92.60511,38.156776],[-92.606315,38.155394],[-92.608589,38.154655],[-92.612273,38.154402],[-92.612311,38.154154],[-92.612361,38.15392],[-92.612592,38.152858],[-92.612721,38.152077],[-92.61294,38.151309],[-92.61322,38.150764],[-92.613375,38.150479],[-92.613656,38.150027],[-92.613969,38.149609],[-92.614091,38.149455],[-92.614391,38.149094],[-92.61478,38.148724],[-92.616305,38.14742],[-92.619883,38.144663],[-92.623227,38.142126],[-92.62447,38.141444],[-92.625868,38.140908],[-92.628154,38.140365],[-92.629468,38.139922],[-92.632048,38.138646],[-92.63215,38.13873],[-92.634904,38.137226],[-92.638227,38.134891],[-92.640538,38.134308],[-92.64305,38.133901],[-92.6439,38.133769],[-92.64557,38.13349],[-92.646103,38.13341],[-92.646277,38.133277],[-92.649687,38.131485],[-92.65267,38.129907],[-92.654048,38.129659],[-92.656467,38.128838],[-92.657561,38.128031],[-92.659619,38.126955],[-92.661671,38.12683],[-92.663627,38.127135],[-92.667306,38.126659],[-92.671575,38.125342],[-92.674576,38.124124],[-92.675884,38.122998],[-92.679739,38.119662],[-92.681056,38.118499],[-92.684534,38.115455],[-92.686912,38.113347],[-92.688077,38.112339],[-92.689586,38.1104],[-92.689694,38.109318],[-92.689049,38.107429],[-92.685366,38.099987],[-92.685695,38.097187],[-92.686167,38.096518],[-92.686366,38.095572],[-92.687381,38.093358],[-92.687683,38.093369],[-92.689252,38.090664],[-92.691178,38.090176],[-92.69158,38.090202],[-92.69508,38.092261],[-92.697102,38.09337],[-92.698266,38.095355],[-92.700821,38.096092],[-92.701183,38.096163],[-92.704034,38.096683],[-92.706103,38.096577],[-92.707661,38.09743],[-92.710398,38.098002],[-92.711646,38.102822],[-92.709635,38.10267],[-92.706361,38.104416],[-92.704436,38.106324],[-92.704562,38.108823],[-92.706828,38.11202],[-92.710296,38.115929],[-92.714617,38.119174],[-92.718564,38.121423],[-92.724224,38.125032],[-92.731887,38.13249],[-92.734811,38.136291],[-92.736577,38.13946],[-92.737357,38.141759],[-92.741225,38.141804],[-92.741721,38.14181],[-92.742061,38.141814],[-92.742833,38.141824],[-92.743861,38.14051],[-92.743381,38.138882],[-92.74478,38.139041],[-92.74617,38.13938],[-92.747823,38.141121],[-92.750519,38.140778],[-92.753256,38.141055],[-92.754337,38.140803],[-92.754671,38.140773],[-92.758284,38.141749],[-92.758267,38.141981],[-92.75919,38.142096],[-92.763127,38.142096],[-92.76313,38.142046],[-92.767863,38.142109],[-92.767956,38.14208],[-92.767921,38.140959],[-92.768668,38.139479],[-92.768638,38.139138],[-92.768215,38.138297],[-92.768196,38.136989],[-92.768122,38.13662],[-92.767375,38.135477],[-92.767215,38.135106],[-92.76761,38.13468],[-92.768136,38.134515],[-92.770571,38.134345],[-92.773164,38.134622],[-92.774323,38.134348],[-92.774837,38.134339],[-92.775851,38.134658],[-92.775436,38.142449],[-92.772833,38.142331],[-92.77298,38.144572],[-92.77296,38.146686],[-92.776799,38.146692],[-92.774533,38.148396],[-92.773009,38.149596],[-92.772143,38.150966],[-92.77252,38.153159],[-92.773938,38.154366],[-92.77616,38.156007],[-92.777058,38.157996],[-92.777023,38.161022],[-92.777315,38.162383],[-92.778873,38.166638],[-92.778999,38.169503],[-92.779502,38.170632],[-92.782691,38.1747],[-92.782757,38.174804],[-92.782065,38.176771],[-92.780617,38.177377],[-92.778989,38.17866],[-92.776638,38.17844],[-92.77462,38.178754],[-92.773904,38.182522],[-92.773244,38.184571],[-92.774505,38.187055],[-92.775377,38.189925],[-92.769558,38.189712],[-92.767943,38.18965],[-92.764539,38.189619],[-92.764441,38.194313],[-92.764098,38.196067],[-92.761704,38.201857],[-92.758207,38.20595],[-92.757818,38.207659],[-92.755988,38.212465],[-92.753264,38.214952],[-92.749044,38.21756],[-92.744042,38.218125],[-92.740828,38.21886],[-92.736675,38.220733],[-92.732661,38.221617],[-92.731405,38.221588],[-92.725603,38.220437],[-92.721364,38.220084],[-92.718587,38.220131],[-92.714117,38.221212],[-92.710205,38.223131],[-92.707187,38.224031],[-92.701053,38.222757],[-92.698987,38.222569],[-92.695886,38.222031],[-92.69583,38.223372],[-92.695798,38.224161],[-92.695788,38.224407],[-92.69571,38.226253],[-92.695698,38.226724],[-92.695689,38.226771],[-92.69565,38.227723],[-92.695616,38.228565],[-92.695599,38.228968],[-92.695487,38.23167],[-92.695474,38.231957],[-92.695438,38.232821],[-92.695438,38.232838],[-92.695427,38.233109],[-92.695296,38.236254],[-92.69501,38.243157],[-92.694989,38.243653],[-92.694978,38.243905],[-92.694947,38.244664],[-92.694943,38.244778],[-92.694937,38.244917],[-92.694875,38.246377],[-92.694768,38.247743],[-92.693713,38.260812],[-92.693083,38.273961],[-92.6921,38.295921],[-92.692007,38.297147],[-92.691706,38.302366],[-92.691383,38.308346],[-92.69104,38.316389],[-92.690914,38.319914],[-92.689834,38.348472],[-92.674223,38.348549],[-92.6664,38.3483],[-92.66607,38.34825],[-92.64755,38.34813],[-92.64299,38.34806],[-92.640481,38.348058],[-92.633756,38.348082],[-92.633204,38.357722],[-92.633019,38.363924],[-92.633011,38.364207],[-92.632859,38.369283],[-92.632726,38.373747],[-92.632245,38.384808],[-92.632012,38.389935],[-92.631663,38.397594],[-92.631241,38.406908],[-92.630589,38.421298],[-92.630573,38.421731],[-92.630457,38.427114],[-92.63019,38.430958],[-92.625189,38.430778],[-92.630052,38.434568],[-92.635004,38.438394],[-92.649979,38.44987],[-92.660092,38.457628],[-92.664908,38.461341],[-92.670988,38.465992],[-92.673999,38.468284],[-92.68007,38.472962],[-92.684638,38.476465],[-92.693541,38.483292],[-92.698784,38.48732],[-92.702958,38.490526],[-92.70422,38.491489],[-92.712222,38.497618],[-92.712401,38.497787],[-92.721404,38.504941],[-92.723423,38.506404],[-92.724238,38.507047],[-92.732861,38.51364],[-92.733569,38.514183],[-92.742658,38.521162],[-92.743748,38.521966],[-92.7503,38.526947],[-92.756287,38.53156],[-92.761153,38.535197],[-92.768161,38.540573],[-92.772613,38.543934],[-92.774473,38.545367],[-92.782786,38.551708],[-92.782941,38.551821],[-92.785987,38.554154],[-92.788056,38.555741],[-92.788404,38.556008],[-92.791077,38.558054],[-92.797142,38.562635],[-92.802405,38.566609],[-92.802604,38.566759],[-92.807409,38.570473],[-92.824301,38.58335],[-92.840549,38.59582],[-92.841764,38.596707],[-92.84195,38.60315],[-92.84163,38.604033],[-92.841515,38.610306],[-92.841364,38.616061],[-92.841251,38.621518],[-92.841125,38.625021],[-92.84091,38.63977],[-92.840664,38.640271],[-92.840538,38.644042],[-92.840745,38.645855],[-92.840225,38.655095],[-92.840064,38.667256],[-92.840051,38.667963],[-92.839847,38.677465],[-92.839837,38.683974],[-92.844416,38.683792],[-92.84972,38.683793],[-92.858306,38.683744],[-92.872083,38.684195],[-92.876826,38.684319],[-92.889669,38.684666],[-92.89544,38.68474],[-92.907715,38.685016],[-92.908996,38.685144],[-92.909134,38.685158],[-92.909522,38.685007],[-92.915778,38.685109],[-92.926233,38.68536],[-92.927966,38.685269],[-92.932435,38.685515],[-92.935068,38.685682],[-92.950502,38.686028],[-92.950512,38.68577],[-92.950986,38.685803],[-92.953597,38.685985],[-92.958598,38.686442],[-92.961924,38.686524],[-92.964855,38.686866],[-92.974051,38.687581],[-92.975996,38.687569],[-92.978804,38.687801],[-92.992589,38.688771],[-92.997001,38.689049],[-93.000202,38.689444],[-93.006519,38.689748],[-93.018743,38.690457],[-93.025086,38.690962],[-93.039004,38.691939],[-93.043891,38.692137],[-93.046662,38.69228],[-93.048807,38.692411],[-93.059974,38.693077],[-93.059549,38.700905],[-93.05914,38.709524],[-93.058962,38.71322],[-93.058982,38.71409],[-93.05834,38.72831],[-93.058097,38.735026],[-93.057933,38.738629],[-93.057721,38.74799],[-93.05755,38.750015],[-93.056921,38.765409],[-93.056324,38.780091],[-93.056188,38.782765],[-93.055499,38.797303],[-93.055338,38.799042],[-93.054987,38.807728],[-93.054501,38.817123],[-93.054652,38.820878],[-93.05443,38.826251],[-93.054013,38.832211],[-93.053682,38.840654],[-93.053654,38.841429],[-93.053643,38.84175],[-93.053634,38.842017],[-93.053462,38.846759],[-93.053448,38.847173],[-93.05334,38.850188],[-93.05333,38.850481],[-93.053011,38.859377],[-93.052646,38.869469],[-93.052443,38.875087],[-93.052439,38.875196],[-93.052435,38.875313],[-93.052318,38.877981],[-93.052054,38.884075],[-93.052043,38.884247],[-93.052038,38.884383],[-93.051387,38.898932],[-93.050511,38.918362],[-93.050642,38.922254],[-93.05064,38.9224],[-93.050707,38.924894],[-93.050453,38.928244],[-93.050133,38.933433],[-93.050189,38.936481],[-93.049535,38.949872],[-93.049498,38.950356],[-93.049484,38.950531],[-93.049331,38.95438],[-93.048892,38.965284],[-93.048835,38.968746],[-93.048245,38.972598],[-93.037785,38.98099],[-93.037185,38.98148],[-93.025954,38.990657],[-93.02563,38.990921],[-93.015266,38.999391],[-93.001208,39.010862],[-93.000194,39.01194],[-92.992469,39.01805],[-92.990839,39.019356],[-92.985475,39.023665],[-92.982653,39.025929],[-92.982561,39.026005],[-92.975918,39.031342],[-92.957345,39.046254],[-92.954828,39.048278],[-92.946834,39.054741],[-92.936771,39.062788],[-92.934569,39.064547],[-92.935096,39.06099],[-92.934992,39.058909],[-92.932641,39.054263],[-92.93065,39.050746],[-92.923113,39.040835],[-92.921403,39.037601],[-92.92102,39.036877],[-92.918175,39.029167],[-92.915223,39.022798],[-92.914477,39.021188],[-92.909654,39.015648],[-92.902547,39.01111],[-92.894328,39.008359],[-92.889185,39.007096],[-92.884513,39.00563],[-92.87951,39.003236],[-92.876046,39.000836],[-92.870118,38.995655],[-92.868836,38.99384],[-92.866218,38.990993],[-92.861851,38.987123],[-92.856591,38.98409],[-92.852628,38.982183],[-92.847561,38.980943],[-92.841617,38.979821],[-92.832714,38.978937],[-92.829152,38.978844],[-92.820393,38.978312],[-92.81782,38.977942],[-92.809713,38.975861],[-92.804497,38.975086],[-92.796897,38.973042],[-92.791809,38.972044],[-92.787705,38.971708],[-92.783099,38.971571],[-92.779855,38.97177],[-92.774216,38.972182],[-92.770922,38.972703],[-92.764862,38.974429],[-92.757991,38.977747],[-92.754442,38.979199],[-92.75019,38.980313],[-92.745931,38.98114],[-92.742437,38.981937],[-92.733659,38.983343],[-92.729222,38.983716],[-92.725193,38.983729],[-92.720402,38.984194],[-92.719421,38.98426],[-92.715643,38.984011],[-92.711998,38.983214],[-92.707198,38.981892],[-92.697669,38.977417],[-92.693002,38.975957],[-92.689466,38.975645],[-92.681063,38.975465],[-92.675007,38.975623],[-92.665822,38.976237],[-92.655927,38.976658],[-92.649312,38.976208],[-92.6467,38.975875],[-92.635028,38.974699],[-92.629587,38.973882],[-92.625185,38.972776],[-92.62017,38.971712],[-92.612291,38.969748],[-92.606998,38.968726],[-92.600407,38.967857],[-92.594126,38.967537],[-92.587451,38.967783],[-92.570661,38.971896],[-92.564393,38.972229],[-92.562079,38.972014],[-92.558086,38.970692],[-92.55896,38.972297],[-92.559179,38.973173],[-92.559816,38.972811],[-92.563955,38.974089],[-92.565992,38.974264],[-92.567439,38.976101],[-92.568476,38.977014],[-92.570145,38.979206],[-92.569654,38.980265],[-92.566582,38.981647],[-92.565915,38.982208],[-92.565131,38.982608],[-92.564254,38.982892],[-92.562562,38.983267],[-92.561928,38.9835],[-92.561245,38.983704],[-92.559635,38.984238],[-92.558555,38.984233],[-92.556916,38.985101],[-92.556495,38.985426],[-92.556374,38.98573],[-92.556417,38.986791],[-92.556893,38.987447],[-92.556993,38.988097],[-92.557606,38.988406],[-92.558415,38.988381],[-92.559866,38.987967],[-92.560576,38.987665],[-92.562111,38.986425],[-92.562509,38.986267],[-92.563118,38.986271],[-92.563929,38.986904],[-92.563884,38.987651],[-92.563499,38.988222],[-92.563529,38.988929],[-92.563847,38.989238],[-92.564787,38.989625],[-92.565421,38.990287],[-92.565389,38.990676],[-92.564481,38.992783],[-92.55524,38.98741],[-92.552315,38.986376],[-92.54828,38.98502],[-92.54616,38.98459],[-92.54403,38.98457],[-92.54173,38.98498],[-92.53909,38.98606],[-92.53453,38.98842],[-92.53199,38.98938],[-92.52761,38.99002],[-92.52599,38.98998],[-92.51983,38.98986],[-92.518832,38.989828],[-92.518455,38.989822],[-92.51549,38.98977],[-92.50905,38.98963],[-92.50545,38.98938],[-92.49701,38.98919],[-92.49488,38.98913],[-92.49181,38.98907],[-92.47672,38.98875],[-92.46634,38.98849],[-92.46479,38.98823],[-92.46006,38.98672],[-92.45306,38.98445],[-92.4499,38.98342],[-92.44854,38.98297],[-92.44184,38.98074],[-92.4397,38.97951],[-92.43098,38.9718],[-92.43081,38.97164],[-92.410307,38.971019],[-92.410446,38.970768],[-92.407277,38.968688],[-92.4068,38.969269],[-92.40635,38.96908],[-92.40586,38.96759],[-92.402939,38.965284],[-92.402356,38.964726],[-92.402004,38.964396],[-92.40191,38.964308],[-92.401229,38.963682],[-92.400969,38.963442],[-92.400302,38.962901],[-92.399991,38.962648],[-92.399674,38.962396],[-92.398824,38.961709],[-92.39873,38.96161],[-92.39614,38.95599],[-92.3961,38.95564],[-92.3939,38.95582],[-92.39165,38.9558],[-92.38931,38.95551],[-92.38794,38.95535],[-92.3867,38.95522],[-92.38472,38.95504],[-92.3814,38.954865],[-92.380733,38.95483],[-92.3797,38.9546],[-92.379452,38.954584],[-92.378364,38.95449],[-92.37718,38.95439],[-92.37609,38.95431],[-92.37469,38.9542],[-92.37348,38.95411],[-92.37229,38.95401],[-92.3714,38.95394],[-92.37072,38.95388],[-92.36971,38.95379],[-92.36722,38.95353],[-92.36714,38.95352],[-92.36702,38.953507],[-92.36656,38.95346],[-92.366419,38.953443],[-92.36622,38.95342],[-92.365991,38.953394],[-92.36534,38.95332],[-92.36508,38.95329],[-92.3642,38.953208],[-92.36329,38.95311],[-92.36229,38.95302],[-92.3616,38.95296],[-92.36009,38.95281],[-92.3576,38.95256],[-92.35619,38.95242],[-92.35559,38.95236],[-92.35406,38.95222],[-92.35287,38.95211],[-92.35059,38.95188],[-92.35053,38.95187],[-92.34923,38.95174],[-92.34717,38.95156],[-92.34562,38.95142],[-92.34369,38.95127],[-92.342287,38.951378],[-92.34213,38.95138],[-92.34195,38.95139],[-92.33898,38.95159],[-92.33627,38.95166],[-92.33514,38.95165],[-92.33411,38.95165],[-92.33297,38.95165],[-92.33182,38.95163],[-92.33076,38.95161],[-92.32968,38.95157],[-92.3286,38.95154],[-92.32751,38.95153],[-92.32643,38.95151],[-92.32549,38.95148],[-92.32361,38.95144],[-92.32185,38.95141],[-92.32071,38.95136],[-92.31958,38.95126],[-92.31845,38.95101],[-92.31701,38.95066],[-92.31434,38.95014],[-92.31344,38.95001],[-92.31215,38.9498],[-92.31098,38.94956],[-92.31049,38.94942],[-92.30707,38.94849],[-92.305608,38.947946],[-92.30217,38.94711],[-92.301801,38.947048],[-92.299601,38.946834],[-92.29614,38.94661],[-92.2946,38.94651],[-92.29374,38.94647],[-92.29344,38.94645],[-92.291428,38.946298],[-92.291351,38.948771],[-92.29063,38.94876],[-92.29063,38.94882],[-92.28907,38.9488],[-92.28777,38.94878],[-92.28717,38.94878],[-92.284166,38.94942],[-92.28353,38.949463],[-92.27969,38.94984],[-92.279483,38.949862],[-92.279372,38.953092],[-92.279026,38.960745],[-92.279011,38.961115],[-92.279004,38.961319],[-92.276584,38.961198],[-92.269655,38.960904],[-92.266409,38.960767],[-92.25577,38.960291],[-92.25305,38.9602],[-92.24617,38.9601],[-92.235823,38.960193],[-92.227498,38.960237],[-92.22278,38.95989],[-92.21437,38.95875],[-92.21288,38.95865],[-92.204022,38.958749],[-92.204019,38.958569],[-92.19642,38.95869],[-92.184317,38.958581],[-92.184291,38.958753],[-92.17643,38.95856],[-92.17338,38.95825],[-92.16074,38.955954],[-92.155388,38.954905],[-92.14979,38.954301],[-92.149519,38.954473],[-92.148565,38.955213],[-92.14678,38.958706],[-92.148104,38.95904],[-92.148784,38.961036],[-92.146865,38.963194],[-92.146453,38.964804],[-92.144088,38.966412],[-92.143265,38.967854],[-92.144546,38.96889],[-92.145327,38.970487],[-92.145651,38.972007],[-92.144811,38.972757],[-92.145904,38.973898],[-92.147093,38.97785],[-92.145669,38.979105],[-92.14632,38.980954],[-92.143817,38.98197],[-92.142842,38.98016],[-92.141914,38.980352],[-92.141813,38.982027],[-92.140809,38.983063],[-92.141272,38.983789],[-92.140559,38.984541],[-92.138111,38.985451],[-92.139688,38.986806],[-92.138513,38.98759],[-92.139885,38.98869],[-92.138526,38.988419],[-92.138906,38.989395],[-92.138022,38.989938],[-92.137086,38.991887],[-92.137758,38.993622],[-92.136541,38.994938],[-92.1376,38.995243],[-92.138785,38.996576],[-92.137631,38.997433],[-92.136623,38.999633],[-92.137204,39.002125],[-92.138006,39.002725],[-92.139454,39.000438],[-92.140296,39.001454],[-92.13978,39.003063],[-92.138581,39.003836],[-92.138496,39.005902],[-92.139895,39.005799],[-92.140415,39.006999],[-92.135687,39.009103],[-92.133939,39.011004],[-92.133069,39.012637],[-92.132822,39.01487],[-92.133729,39.015309],[-92.133369,39.016406],[-92.13359,39.018107],[-92.13274,39.019623],[-92.131335,39.020613],[-92.131022,39.021455],[-92.13022,39.023642],[-92.13046,39.025181],[-92.131675,39.026212],[-92.133723,39.026002],[-92.134589,39.027377],[-92.140653,39.027382],[-92.140209,39.028595],[-92.140784,39.030135],[-92.13901,39.030662],[-92.138369,39.031672],[-92.135974,39.032397],[-92.135746,39.035819],[-92.134804,39.036229],[-92.133375,39.040101],[-92.133511,39.043522],[-92.133467,39.044652],[-92.132699,39.045133],[-92.129787,39.045138],[-92.128481,39.048504],[-92.129296,39.048933],[-92.130006,39.050426],[-92.131885,39.050782],[-92.130975,39.055272],[-92.132096,39.056154],[-92.13158,39.056808],[-92.131993,39.058194],[-92.132577,39.059393],[-92.130935,39.061273],[-92.130143,39.060844],[-92.12958,39.062488],[-92.131512,39.064484],[-92.124228,39.064366],[-92.110387,39.064204],[-92.110129,39.071455],[-92.109779,39.083399],[-92.109876,39.086498],[-92.109553,39.09351],[-92.108959,39.105658],[-92.108179,39.126595],[-92.107738,39.137561],[-92.107256,39.14869],[-92.106954,39.152434],[-92.106359,39.159813],[-92.106502,39.169372],[-92.106481,39.170795],[-92.106248,39.179605],[-92.106031,39.185614],[-92.1059,39.188972],[-92.105737,39.196045],[-92.105973,39.198924],[-92.105705,39.207538],[-92.10569,39.208087],[-92.105424,39.216029],[-92.10542,39.21617],[-92.10541,39.216406],[-92.105348,39.21826],[-92.105345,39.218339],[-92.104955,39.225575],[-92.104374,39.239809],[-92.104854,39.239825],[-92.132615,39.24059],[-92.134336,39.24064],[-92.144769,39.240905],[-92.16094,39.241304],[-92.17064,39.241574],[-92.179954,39.241834],[-92.184742,39.241967],[-92.19863,39.242346],[-92.203448,39.242518],[-92.212255,39.242813],[-92.214823,39.242924],[-92.223167,39.243198],[-92.223899,39.243465],[-92.227619,39.243578],[-92.231768,39.243732],[-92.234165,39.243666],[-92.235089,39.243678],[-92.256321,39.244362],[-92.273079,39.244953],[-92.274771,39.245014],[-92.275722,39.245049],[-92.280202,39.245242],[-92.285059,39.245434],[-92.286585,39.245492],[-92.292982,39.245724],[-92.301268,39.246078],[-92.314471,39.246454],[-92.321216,39.246555],[-92.324082,39.246682],[-92.324228,39.246691],[-92.324556,39.246698],[-92.324695,39.246696],[-92.326098,39.24668],[-92.334195,39.246806],[-92.34243,39.246972],[-92.356219,39.2472],[-92.36724,39.24748],[-92.370556,39.247688],[-92.372492,39.247724],[-92.375526,39.247681],[-92.379228,39.247757],[-92.393651,39.247905],[-92.408992,39.248174],[-92.415009,39.248573],[-92.42582,39.248669],[-92.430229,39.248795],[-92.435182,39.250038],[-92.448559,39.253586],[-92.45689,39.255797],[-92.461459,39.257009],[-92.467376,39.25858],[-92.476626,39.261035],[-92.479807,39.26188],[-92.481201,39.262251],[-92.496175,39.266249],[-92.504341,39.268486],[-92.524143,39.273675],[-92.527304,39.274517],[-92.53131,39.275569],[-92.541409,39.278216],[-92.5555,39.281913],[-92.55953,39.28297],[-92.56245,39.283737],[-92.568533,39.285326],[-92.573828,39.286708],[-92.585563,39.289778],[-92.586877,39.290122],[-92.588442,39.290532],[-92.590936,39.291187],[-92.604385,39.294712],[-92.605221,39.294931],[-92.619909,39.29878],[-92.620454,39.298922],[-92.631961,39.301998],[-92.646427,39.305759],[-92.651848,39.307165],[-92.657488,39.308632],[-92.661393,39.309681],[-92.672875,39.31268],[-92.688786,39.316832],[-92.707367,39.321614],[-92.730666,39.32767],[-92.750318,39.332746],[-92.753727,39.333677],[-92.763155,39.33622],[-92.770648,39.338247],[-92.782697,39.341509],[-92.787928,39.342932],[-92.788195,39.343003],[-92.790369,39.343586],[-92.792404,39.339446],[-92.792509,39.339233],[-92.79263,39.338986],[-92.794585,39.33498],[-92.794691,39.334313],[-92.795446,39.333555],[-92.804145,39.31585],[-92.810849,39.302058],[-92.814956,39.293804],[-92.815142,39.293379],[-92.816511,39.290596],[-92.818321,39.286866],[-92.821803,39.279695],[-92.829598,39.263819],[-92.830426,39.262132],[-92.83212,39.258695],[-92.83331,39.256268],[-92.835853,39.251071],[-92.839051,39.245059],[-92.841614,39.240295],[-92.841707,39.240123],[-92.841913,39.23972],[-92.843608,39.236593],[-92.844132,39.235625],[-92.844467,39.234958],[-92.845082,39.233895],[-92.846991,39.23035],[-92.847975,39.22851],[-92.849224,39.226218],[-92.848825,39.229378],[-92.849809,39.231839],[-92.851796,39.233946],[-92.854935,39.235537],[-92.86015,39.236502],[-92.862851,39.236437],[-92.86523,39.235904],[-92.870294,39.234197],[-92.872606,39.232981],[-92.879067,39.228774],[-92.88414,39.225195],[-92.886552,39.224257],[-92.892788,39.222507],[-92.896194,39.221897],[-92.899431,39.221865],[-92.906142,39.222339],[-92.911669,39.223946],[-92.915197,39.226262],[-92.919572,39.231615],[-92.919968,39.232953],[-92.919969,39.240208],[-92.917194,39.245143],[-92.916096,39.248066],[-92.915681,39.250031],[-92.915469,39.253379],[-92.916263,39.255678],[-92.916749,39.25794],[-92.918446,39.259769],[-92.921011,39.261773],[-92.923617,39.263376],[-92.926623,39.264458],[-92.931673,39.26566],[-92.936659,39.266522],[-92.943591,39.26865],[-92.947403,39.270094],[-92.95047,39.271993],[-92.956121,39.277163],[-92.957766,39.279336],[-92.958978,39.283041],[-92.957986,39.288063],[-92.954925,39.293817],[-92.953273,39.298457],[-92.953402,39.302752],[-92.954289,39.306346],[-92.956414,39.309285],[-92.958148,39.311142],[-92.960569,39.312856],[-92.961572,39.312995],[-92.968462,39.31518],[-92.971592,39.3156],[-92.976803,39.31548],[-92.983817,39.314638],[-92.993568,39.313641],[-93.001933,39.312995],[-93.007306,39.313342],[-93.01136,39.313232],[-93.014919,39.312875],[-93.023776,39.313115],[-93.03101,39.314382],[-93.040655,39.316623],[-93.044755,39.317666],[-93.052043,39.320725],[-93.056835,39.323041],[-93.061533,39.325566],[-93.067996,39.330294],[-93.07059,39.332794],[-93.072915,39.33552],[-93.074438,39.337965],[-93.076948,39.342506],[-93.078053,39.347977],[-93.076361,39.36069],[-93.077083,39.3655],[-93.079087,39.370069],[-93.080289,39.371752],[-93.087759,39.378912],[-93.092577,39.38156],[-93.098584,39.383174],[-93.104485,39.383656],[-93.106071,39.383724],[-93.10906,39.38306],[-93.125199,39.377675],[-93.131868,39.377328],[-93.135507,39.377654],[-93.139631,39.378643],[-93.14278,39.380106],[-93.146082,39.381997],[-93.151992,39.387158],[-93.154525,39.38996],[-93.15653,39.392947],[-93.159482,39.398952],[-93.162066,39.402513],[-93.164322,39.405007],[-93.167221,39.407253],[-93.174465,39.411026],[-93.177451,39.411714],[-93.180646,39.411805],[-93.184755,39.411348],[-93.189435,39.410486],[-93.193101,39.409278],[-93.196746,39.406836],[-93.199282,39.404312],[-93.200708,39.401787],[-93.200951,39.398891],[-93.200028,39.395991],[-93.197088,39.390434],[-93.191531,39.383791],[-93.190199,39.381792],[-93.188909,39.377698],[-93.1888,39.375023],[-93.189569,39.370383],[-93.192037,39.365705],[-93.195201,39.362523],[-93.203168,39.355775],[-93.206753,39.35239],[-93.209536,39.348573],[-93.215349,39.338107],[-93.221204,39.331656],[-93.221669,39.331326],[-93.22521,39.328871],[-93.226508,39.328485],[-93.230079,39.327877],[-93.231117,39.328456],[-93.232793,39.329807],[-93.237177,39.333949],[-93.240283,39.336394],[-93.242857,39.337617],[-93.247776,39.338669],[-93.252726,39.338784],[-93.255922,39.337837],[-93.262641,39.332172],[-93.263813,39.331009],[-93.264953,39.328766],[-93.267795,39.325117],[-93.267048,39.321875],[-93.266844,39.321246],[-93.266853,39.319261],[-93.269393,39.31655],[-93.276057,39.31242],[-93.277725,39.311549],[-93.283404,39.309904],[-93.292635,39.309283],[-93.294161,39.309214],[-93.301963,39.309773],[-93.310473,39.310744],[-93.316504,39.310921],[-93.324764,39.310615],[-93.329053,39.310201],[-93.332252,39.309606],[-93.336856,39.307032],[-93.340312,39.303353],[-93.343174,39.299113],[-93.344109,39.297179],[-93.344619,39.292702],[-93.34443,39.289364],[-93.343782,39.287104],[-93.341996,39.283648],[-93.337763,39.2769],[-93.332624,39.271305],[-93.330581,39.268437],[-93.328962,39.265483],[-93.328547,39.263804],[-93.328335,39.256998],[-93.329121,39.255081],[-93.333337,39.250012],[-93.33673,39.248079],[-93.344522,39.246031],[-93.353637,39.242763],[-93.357548,39.240698],[-93.362615,39.237327],[-93.368136,39.23331],[-93.373137,39.231331],[-93.382104,39.22883],[-93.388411,39.227426],[-93.392449,39.227009],[-93.396335,39.22634],[-93.399133,39.226437],[-93.401877,39.226905],[-93.406401,39.228394],[-93.407929,39.228996],[-93.411414,39.231058],[-93.415226,39.234923],[-93.415882,39.237824],[-93.41523,39.241797],[-93.413381,39.244556],[-93.410135,39.247822],[-93.40764,39.250021],[-93.404498,39.254222],[-93.403013,39.25803],[-93.402903,39.260054],[-93.404775,39.263274],[-93.407143,39.26511],[-93.411449,39.267152],[-93.413924,39.267753],[-93.418109,39.268056],[-93.419441,39.267917],[-93.423917,39.26749],[-93.43296,39.267262],[-93.440554,39.267821],[-93.444231,39.268525],[-93.445624,39.269295],[-93.450714,39.272975],[-93.451781,39.274943],[-93.452819,39.277487],[-93.453347,39.278744],[-93.455203,39.284109],[-93.455873,39.285332],[-93.459908,39.289375],[-93.464985,39.29237],[-93.466504,39.292767],[-93.470529,39.293256],[-93.473272,39.293296],[-93.477233,39.292796],[-93.481012,39.291602],[-93.483999,39.290038],[-93.485806,39.288759],[-93.489889,39.285145],[-93.492018,39.282938],[-93.49334,39.28067],[-93.495377,39.275459],[-93.496323,39.270022],[-93.496313,39.268263],[-93.496221,39.264891],[-93.495171,39.261185],[-93.494173,39.255737],[-93.492238,39.25002],[-93.490194,39.245541],[-93.487611,39.238338],[-93.486573,39.233861],[-93.487193,39.232257],[-93.487885,39.228875],[-93.489284,39.226297],[-93.49196,39.223461],[-93.498663,39.219514],[-93.500211,39.218005],[-93.505836,39.216712],[-93.512031,39.215849],[-93.516063,39.215289],[-93.528432,39.214892],[-93.529631,39.214996],[-93.537167,39.215653],[-93.544047,39.215762],[-93.551528,39.217017],[-93.556944,39.218159],[-93.560172,39.219007],[-93.563192,39.22002],[-93.564703,39.221122],[-93.565778,39.222503],[-93.567707,39.227174],[-93.568926,39.228605],[-93.572658,39.231744],[-93.574062,39.232459],[-93.576854,39.235049],[-93.580546,39.237708],[-93.583556,39.238965],[-93.58495,39.240431],[-93.589967,39.24167],[-93.592817,39.242059],[-93.595939,39.242062],[-93.601245,39.241468],[-93.60433,39.24081],[-93.60641,39.241303],[-93.607336,39.242023],[-93.608551,39.241725],[-93.613419,39.24252],[-93.624326,39.242893],[-93.628359,39.243164],[-93.631395,39.24539],[-93.634679,39.246781],[-93.636381,39.247172],[-93.639737,39.247404],[-93.641114,39.247125],[-93.643351,39.245391],[-93.64493,39.245279],[-93.646739,39.245862],[-93.648619,39.247324],[-93.650526,39.248214],[-93.653622,39.24806],[-93.656177,39.246722],[-93.657603,39.245059],[-93.656065,39.241383],[-93.656913,39.239357],[-93.658009,39.238478],[-93.661096,39.237407],[-93.661407,39.236985],[-93.661901,39.235782],[-93.666473,39.235477],[-93.674332,39.233966],[-93.681595,39.231235],[-93.685553,39.228552],[-93.687497,39.22686],[-93.689411,39.224716],[-93.690703,39.222699],[-93.692696,39.218908],[-93.693857,39.215858],[-93.696968,39.211874],[-93.700057,39.209725],[-93.70781,39.206895],[-93.71121,39.206262],[-93.719246,39.206396],[-93.722891,39.207098],[-93.728851,39.208437],[-93.731998,39.208926],[-93.738956,39.209655],[-93.746,39.209487],[-93.758463,39.207021],[-93.760358,39.206637],[-93.768834,39.203783],[-93.774095,39.201682],[-93.778523,39.200574],[-93.78181,39.20019],[-93.784391,39.200209],[-93.788494,39.20103],[-93.794502,39.202984],[-93.799775,39.205206],[-93.802519,39.207271],[-93.810917,39.210937],[-93.818513,39.213655],[-93.824172,39.214897],[-93.828992,39.215257],[-93.836612,39.215505],[-93.840147,39.215467],[-93.84648,39.214949],[-93.848971,39.214541],[-93.855434,39.212874],[-93.861249,39.210749],[-93.863323,39.209824],[-93.872089,39.205937],[-93.873678,39.205047],[-93.87522,39.20408],[-93.885122,39.196075],[-93.887053,39.194514],[-93.890151,39.192012],[-93.896551,39.186879],[-93.899417,39.184539],[-93.901435,39.184502],[-93.904311,39.183465],[-93.909131,39.182504],[-93.917854,39.183306],[-93.92583,39.184346],[-93.92783,39.184386],[-93.930919,39.18395],[-93.932291,39.183757],[-93.935648,39.182085],[-93.937674,39.180679],[-93.940043,39.17969],[-93.940718,39.178743],[-93.941451,39.174973],[-93.943323,39.173825],[-93.944358,39.170222],[-93.944128,39.161889],[-93.94322,39.15959],[-93.942411,39.158083],[-93.948345,39.152661],[-93.950458,39.150845],[-93.951187,39.150218],[-93.954064,39.148169],[-93.958327,39.145168],[-93.961155,39.143563],[-93.967014,39.142376],[-93.968748,39.142293],[-93.973544,39.143272],[-93.979091,39.145466],[-93.984713,39.148989],[-93.988892,39.152786],[-93.988054,39.153848],[-93.987983,39.153939],[-93.987543,39.154444],[-93.987005,39.15531],[-93.986706,39.156021],[-93.98626,39.161261],[-93.983361,39.168524],[-93.980912,39.170461],[-93.980366,39.170821],[-93.980007,39.170774],[-93.978488,39.171332],[-93.975348,39.172737],[-93.971017,39.175823],[-93.969481,39.176941],[-93.967863,39.178134],[-93.962632,39.183084],[-93.961479,39.187525],[-93.96138,39.189621],[-93.961779,39.19212],[-93.964544,39.195987],[-93.968047,39.199284],[-93.971971,39.202176],[-93.977402,39.205491],[-93.978963,39.206046],[-93.980088,39.205874],[-93.988664,39.201639],[-93.994661,39.200251],[-94.000222,39.198473],[-94.001214,39.198618],[-94.005396,39.197698],[-94.009141,39.196725],[-94.01539,39.19521],[-94.020882,39.193454],[-94.028557,39.191658],[-94.032046,39.189961],[-94.034494,39.187945],[-94.036047,39.184969],[-94.036015,39.180393],[-94.035474,39.177502],[-94.032911,39.174253],[-94.031198,39.172214],[-94.028455,39.16903],[-94.025711,39.165001],[-94.024751,39.160696],[-94.024333,39.156111],[-94.024206,39.154537],[-94.027379,39.152853],[-94.028708,39.152132],[-94.031006,39.150904],[-94.036782,39.14732],[-94.042958,39.14252],[-94.045566,39.14084],[-94.051166,39.13804],[-94.056638,39.135544],[-94.059118,39.134801],[-94.062463,39.13428],[-94.072991,39.134024],[-94.078607,39.134247],[-94.084559,39.135047],[-94.087135,39.135543],[-94.092047,39.137191],[-94.096815,39.139159],[-94.103391,39.142423],[-94.104823,39.143507],[-94.104935,39.140933],[-94.105225,39.131501],[-94.105223,39.131441],[-94.105633,39.126585],[-94.105639,39.126406],[-94.105817,39.121086],[-94.105941,39.117221],[-94.105963,39.112523],[-94.106286,39.109169],[-94.106056,39.108414],[-94.106764,39.091703]]]]}},{"type":"Feature","properties":{"id":5,"NAME":"5","TotalPop":769364,"PopDevPct":-1.6e-7,"DemPct":0.6084113,"RepPct":0.35902856,"WhitePct":0.61875802,"MinorityPct":0.38124198,"BlackPct":0.22448597,"HispanicPct":0.09499705,"PacificPct":0.00436401,"AsianPct":0.03160096,"NativePct":0.03140175,"TotalVAP":597387,"Margin":0.1084113,"color":"#FFD700","opacity":"0.5"},"geometry":{"type":"MultiPolygon","coordinates":[[[[-94.484112,39.145009],[-94.483479,39.145484],[-94.482847,39.145974],[-94.476912,39.150443],[-94.477237,39.150907],[-94.477237,39.153969],[-94.477227,39.154982],[-94.477214,39.15695],[-94.475182,39.157366],[-94.475235,39.157507],[-94.475254,39.157565],[-94.47531,39.157735],[-94.475326,39.162156],[-94.475327,39.16218],[-94.47533,39.163103],[-94.475135,39.164915],[-94.475097,39.171167],[-94.475069,39.172625],[-94.475023,39.178683],[-94.475307,39.180425],[-94.475188,39.194837],[-94.482227,39.194952],[-94.484583,39.194969],[-94.484312,39.198029],[-94.484314,39.198502],[-94.491101,39.198514],[-94.491722,39.198533],[-94.492588,39.198555],[-94.49254,39.202504],[-94.483062,39.206201],[-94.479785,39.207597],[-94.479855,39.207657],[-94.478544,39.208144],[-94.477973,39.20856],[-94.477459,39.209149],[-94.477366,39.20929],[-94.477254,39.209491],[-94.477161,39.209699],[-94.477086,39.20991],[-94.477043,39.210072],[-94.47699,39.210349],[-94.476724,39.211452],[-94.476,39.213894],[-94.475899,39.214349],[-94.474864,39.216348],[-94.475505,39.216352],[-94.475949,39.216354],[-94.47441,39.218415],[-94.474787,39.218556],[-94.477799,39.218618],[-94.477791,39.218988],[-94.479409,39.219007],[-94.479433,39.216402],[-94.483079,39.216419],[-94.484071,39.216427],[-94.484907,39.216471],[-94.486582,39.216465],[-94.488666,39.216499],[-94.490521,39.216526],[-94.491523,39.216538],[-94.491487,39.218895],[-94.492585,39.218952],[-94.492572,39.220672],[-94.492984,39.220681],[-94.492987,39.22354],[-94.492987,39.223554],[-94.492964,39.226117],[-94.492944,39.228399],[-94.492913,39.230097],[-94.492933,39.232034],[-94.492942,39.232869],[-94.492942,39.232899],[-94.49305,39.244031],[-94.493029,39.244288],[-94.493045,39.245463],[-94.492819,39.247764],[-94.492703,39.24921],[-94.492623,39.266709],[-94.492322,39.266831],[-94.492632,39.267429],[-94.49262,39.267507],[-94.492604,39.272467],[-94.492601,39.273232],[-94.492573,39.282572],[-94.492559,39.287274],[-94.492556,39.288524],[-94.49223,39.295701],[-94.492221,39.295804],[-94.492171,39.296446],[-94.492166,39.296497],[-94.492065,39.297777],[-94.491824,39.300854],[-94.492008,39.300967],[-94.49209,39.303005],[-94.49207,39.305031],[-94.492036,39.309836],[-94.492036,39.310038],[-94.492035,39.310233],[-94.491993,39.315931],[-94.491977,39.31794],[-94.513834,39.318225],[-94.529765,39.318335],[-94.539697,39.318376],[-94.542899,39.318395],[-94.547376,39.318407],[-94.547375,39.318629],[-94.555863,39.318626],[-94.555853,39.322289],[-94.560612,39.322284],[-94.560573,39.332642],[-94.56058,39.333141],[-94.561186,39.33314],[-94.565974,39.333165],[-94.568873,39.333143],[-94.573567,39.333107],[-94.573772,39.333105],[-94.574545,39.333105],[-94.58374,39.333292],[-94.584378,39.333306],[-94.584499,39.333307],[-94.596045,39.333232],[-94.600765,39.333149],[-94.600902,39.325613],[-94.600728,39.312126],[-94.600708,39.310908],[-94.600665,39.308821],[-94.600621,39.307397],[-94.600614,39.307079],[-94.600576,39.305469],[-94.600493,39.30238],[-94.600429,39.299248],[-94.600423,39.298524],[-94.600358,39.296755],[-94.600372,39.296304],[-94.6004,39.291948],[-94.60038,39.289436],[-94.600481,39.277538],[-94.600532,39.274939],[-94.600674,39.267709],[-94.600677,39.267546],[-94.600704,39.26602],[-94.600707,39.265838],[-94.600738,39.264074],[-94.600748,39.263218],[-94.600758,39.262376],[-94.600771,39.261432],[-94.600774,39.261221],[-94.600772,39.260353],[-94.600807,39.256731],[-94.600813,39.256416],[-94.600872,39.252974],[-94.600911,39.251031],[-94.600956,39.248007],[-94.600966,39.246494],[-94.600977,39.246375],[-94.601372,39.244399],[-94.600945,39.24256],[-94.600855,39.238652],[-94.600886,39.237232],[-94.600909,39.236148],[-94.600945,39.234467],[-94.600969,39.233365],[-94.601,39.231999],[-94.601004,39.231818],[-94.601018,39.230426],[-94.60101,39.224898],[-94.60101,39.224595],[-94.601079,39.222325],[-94.601064,39.219396],[-94.601077,39.218007],[-94.601056,39.217485],[-94.601056,39.216207],[-94.601052,39.215295],[-94.601056,39.214857],[-94.601076,39.213188],[-94.60103,39.210091],[-94.601087,39.209725],[-94.601053,39.208705],[-94.601067,39.208035],[-94.601099,39.206494],[-94.601125,39.202922],[-94.601116,39.201158],[-94.601111,39.195857],[-94.601125,39.195122],[-94.601142,39.194299],[-94.601159,39.19343],[-94.601166,39.193008],[-94.601289,39.190268],[-94.601316,39.188715],[-94.601316,39.188646],[-94.601293,39.187535],[-94.601284,39.187274],[-94.601232,39.185735],[-94.601232,39.184818],[-94.601228,39.183872],[-94.601243,39.183061],[-94.601463,39.181766],[-94.60146,39.180141],[-94.601466,39.179732],[-94.601506,39.173793],[-94.601531,39.169016],[-94.60154,39.167445],[-94.601555,39.166306],[-94.601558,39.16611],[-94.601582,39.164736],[-94.601583,39.164666],[-94.601583,39.164648],[-94.601649,39.16115],[-94.601653,39.160745],[-94.601733,39.159603],[-94.593846,39.156828],[-94.590661,39.154767],[-94.588658,39.151163],[-94.588387,39.148868],[-94.588964,39.143007],[-94.589898,39.138979],[-94.591081,39.136839],[-94.603383,39.125003],[-94.605116,39.123259],[-94.607428,39.120256],[-94.608255,39.118306],[-94.608519,39.116244],[-94.607354,39.113444],[-94.607323,39.112415],[-94.607338,39.109908],[-94.607281,39.108901],[-94.607272,39.108741],[-94.607149,39.104466],[-94.607142,39.101428],[-94.607205,39.100132],[-94.607136,39.098971],[-94.607136,39.098825],[-94.607136,39.098482],[-94.607223,39.089709],[-94.607234,39.083301],[-94.607222,39.08247],[-94.607333,39.077728],[-94.607333,39.076876],[-94.607333,39.075976],[-94.607333,39.075812],[-94.607312,39.074857],[-94.607236,39.07403],[-94.607335,39.072454],[-94.607334,39.072431],[-94.607321,39.06981],[-94.607167,39.064601],[-94.607252,39.0637],[-94.607289,39.062241],[-94.607315,39.060565],[-94.607332,39.058887],[-94.607347,39.057337],[-94.60734,39.05539],[-94.607337,39.054365],[-94.60733,39.052282],[-94.607323,39.050236],[-94.607338,39.048304],[-94.607355,39.046445],[-94.607371,39.04464],[-94.607403,39.042818],[-94.607426,39.039688],[-94.607461,39.03747],[-94.607477,39.036398],[-94.607506,39.034214],[-94.607524,39.033868],[-94.607565,39.028344],[-94.607594,39.026086],[-94.607614,39.02488],[-94.607638,39.023208],[-94.60764,39.021091],[-94.607685,39.019311],[-94.607711,39.017634],[-94.607723,39.016611],[-94.607743,39.015166],[-94.607758,39.013883],[-94.607766,39.012777],[-94.607775,39.01195],[-94.60781,39.007912],[-94.607818,39.006948],[-94.607826,39.006007],[-94.607836,39.005135],[-94.607842,39.004319],[-94.607845,39.003559],[-94.607851,39.002705],[-94.607859,39.001896],[-94.607868,39.00109],[-94.607867,39.000693],[-94.607872,39.000178],[-94.607888,38.999279],[-94.607901,38.99846],[-94.607906,38.997512],[-94.607913,38.996613],[-94.607924,38.994795],[-94.60796,38.992945],[-94.607965,38.990898],[-94.607977,38.989105],[-94.607994,38.987619],[-94.608104,38.98563],[-94.608326,38.981943],[-94.608437,38.978724],[-94.608349,38.976522],[-94.60827,38.9747],[-94.608249,38.973911],[-94.608162,38.9675],[-94.6081,38.963047],[-94.60811,38.961364],[-94.608131,38.956722],[-94.608134,38.951962],[-94.608155,38.949325],[-94.608153,38.946134],[-94.608133,38.942071],[-94.608128,38.940991],[-94.607995,38.93709],[-94.607981,38.936847],[-94.607973,38.935134],[-94.608034,38.932457],[-94.608034,38.931182],[-94.608032,38.92926],[-94.608012,38.926851],[-94.607992,38.924387],[-94.607998,38.923444],[-94.607995,38.922376],[-94.607991,38.920275],[-94.608005,38.919924],[-94.607986,38.912924],[-94.607975,38.908725],[-94.607975,38.907552],[-94.607974,38.906697],[-94.607982,38.900039],[-94.607983,38.89867],[-94.607971,38.896471],[-94.607974,38.893697],[-94.607958,38.890942],[-94.607966,38.886626],[-94.607973,38.883822],[-94.607999,38.881452],[-94.608032,38.872554],[-94.608032,38.86975],[-94.60802,38.868031],[-94.60803,38.859882],[-94.608033,38.854799],[-94.608033,38.847207],[-94.606106,38.847118],[-94.593789,38.846564],[-94.585572,38.8462],[-94.585319,38.846191],[-94.582632,38.846107],[-94.564921,38.845221],[-94.56269,38.844992],[-94.56208,38.845002],[-94.554552,38.844649],[-94.554205,38.844625],[-94.552262,38.844508],[-94.550834,38.844445],[-94.550536,38.844432],[-94.548731,38.844348],[-94.547947,38.844309],[-94.5452,38.844161],[-94.544631,38.844134],[-94.543483,38.844079],[-94.541828,38.843994],[-94.537827,38.84403],[-94.532769,38.843811],[-94.532213,38.843784],[-94.530087,38.843678],[-94.529564,38.843652],[-94.529421,38.843645],[-94.527687,38.843432],[-94.526584,38.843275],[-94.523274,38.843105],[-94.521808,38.843057],[-94.521613,38.843075],[-94.52031,38.842981],[-94.518767,38.842878],[-94.517537,38.842818],[-94.51633,38.842762],[-94.515079,38.842703],[-94.514912,38.842695],[-94.513858,38.842646],[-94.512626,38.842589],[-94.510121,38.842464],[-94.509068,38.842302],[-94.50673,38.842407],[-94.499422,38.842035],[-94.49213,38.841707],[-94.490031,38.841713],[-94.480309,38.841354],[-94.472449,38.841062],[-94.468745,38.840926],[-94.464437,38.840713],[-94.45503,38.840419],[-94.441401,38.839943],[-94.436905,38.839783],[-94.436806,38.839713],[-94.436649,38.839707],[-94.432321,38.839634],[-94.431168,38.839615],[-94.426801,38.839506],[-94.421722,38.839375],[-94.418523,38.839316],[-94.417875,38.839307],[-94.409206,38.839071],[-94.404566,38.838947],[-94.399447,38.838809],[-94.396317,38.838684],[-94.394931,38.838646],[-94.39307,38.838708],[-94.392338,38.838702],[-94.39001,38.838543],[-94.388902,38.838467],[-94.386998,38.838361],[-94.385983,38.838316],[-94.385185,38.838278],[-94.384652,38.838255],[-94.384006,38.838248],[-94.383907,38.838248],[-94.382844,38.838234],[-94.381733,38.83822],[-94.380916,38.83821],[-94.378872,38.838109],[-94.376002,38.838005],[-94.361971,38.837602],[-94.353948,38.837291],[-94.348105,38.837115],[-94.343622,38.837021],[-94.34343,38.837018],[-94.335364,38.836923],[-94.324894,38.836602],[-94.324627,38.83659],[-94.320327,38.836055],[-94.31657,38.836101],[-94.306197,38.835747],[-94.299652,38.835547],[-94.298193,38.835519],[-94.287593,38.835084],[-94.278167,38.835056],[-94.278077,38.8384],[-94.277089,38.855631],[-94.274614,38.856772],[-94.266714,38.856812],[-94.266661,38.857721],[-94.26644,38.861513],[-94.266377,38.862607],[-94.266295,38.864021],[-94.266225,38.865233],[-94.266205,38.865577],[-94.266051,38.868229],[-94.265856,38.871641],[-94.265777,38.873007],[-94.265459,38.878519],[-94.264819,38.890675],[-94.264773,38.891629],[-94.264704,38.893028],[-94.264692,38.893265],[-94.264659,38.89398],[-94.264329,38.900193],[-94.263877,38.907842],[-94.263096,38.915638],[-94.263826,38.915642],[-94.264099,38.917173],[-94.266513,38.921716],[-94.268294,38.924471],[-94.271927,38.928452],[-94.272702,38.929354],[-94.273132,38.930142],[-94.273211,38.930231],[-94.273582,38.93073],[-94.275223,38.933377],[-94.275373,38.93362],[-94.275479,38.933791],[-94.276051,38.933706],[-94.277032,38.933722],[-94.276951,38.935857],[-94.275944,38.935854],[-94.275898,38.936453],[-94.2759,38.936636],[-94.275903,38.936812],[-94.275158,38.936784],[-94.273719,38.93673],[-94.273843,38.940063],[-94.274992,38.94011],[-94.275738,38.940142],[-94.27554,38.943957],[-94.275533,38.944082],[-94.275488,38.944975],[-94.275333,38.947983],[-94.275169,38.951177],[-94.275015,38.954821],[-94.274931,38.956819],[-94.274862,38.958466],[-94.274492,38.965714],[-94.274398,38.967576],[-94.274151,38.973076],[-94.274111,38.973881],[-94.274093,38.974223],[-94.27409,38.974293],[-94.274085,38.974392],[-94.274082,38.974457],[-94.274078,38.974527],[-94.274003,38.977022],[-94.273931,38.980255],[-94.273843,38.982014],[-94.273796,38.982889],[-94.273738,38.983934],[-94.273613,38.986558],[-94.273552,38.987479],[-94.273447,38.989537],[-94.273282,38.993337],[-94.273186,38.995805],[-94.273045,38.999049],[-94.272951,39.000954],[-94.272926,39.001944],[-94.272862,39.004711],[-94.27266,39.007984],[-94.272638,39.009134],[-94.272628,39.009261],[-94.272557,39.011494],[-94.272528,39.012903],[-94.272407,39.016526],[-94.272342,39.018214],[-94.27231,39.018818],[-94.272288,39.019484],[-94.272214,39.020511],[-94.272178,39.021399],[-94.276695,39.021573],[-94.276615,39.022531],[-94.276599,39.023428],[-94.27656,39.023956],[-94.277088,39.023977],[-94.278056,39.023997],[-94.279191,39.024019],[-94.28117,39.024069],[-94.281098,39.02571],[-94.281088,39.026322],[-94.281109,39.027709],[-94.28514,39.027814],[-94.28582,39.028024],[-94.28874,39.028274],[-94.291283,39.028412],[-94.292048,39.027856],[-94.29538,39.02809],[-94.296858,39.026794],[-94.297084,39.02459],[-94.300907,39.025211],[-94.302698,39.026234],[-94.304447,39.026334],[-94.30435,39.028291],[-94.304411,39.029399],[-94.305115,39.032007],[-94.305236,39.032855],[-94.305364,39.034168],[-94.305385,39.03432],[-94.305426,39.034753],[-94.305429,39.03597],[-94.305496,39.037325],[-94.306397,39.038238],[-94.306649,39.038493],[-94.310269,39.042131],[-94.311117,39.042993],[-94.310363,39.04304],[-94.310723,39.043559],[-94.311387,39.043268],[-94.311676,39.043562],[-94.312598,39.044498],[-94.312661,39.046579],[-94.312655,39.046698],[-94.312503,39.049385],[-94.313113,39.050326],[-94.315438,39.051772],[-94.315305,39.054104],[-94.313683,39.054041],[-94.313122,39.054024],[-94.309372,39.053899],[-94.304557,39.053765],[-94.302854,39.053717],[-94.30281,39.055042],[-94.302662,39.057306],[-94.295837,39.05717],[-94.295626,39.058402],[-94.295561,39.059099],[-94.293457,39.059293],[-94.293293,39.062602],[-94.295738,39.061869],[-94.29726,39.060938],[-94.302665,39.061085],[-94.304871,39.061935],[-94.306555,39.062706],[-94.306765,39.06277],[-94.309604,39.062873],[-94.314636,39.062247],[-94.316279,39.062257],[-94.316479,39.061401],[-94.329181,39.061788],[-94.334272,39.061912],[-94.336183,39.061948],[-94.336352,39.061951],[-94.33575,39.062514],[-94.334971,39.062841],[-94.334921,39.062859],[-94.334843,39.062891],[-94.334721,39.062967],[-94.33415,39.063163],[-94.333839,39.063243],[-94.333784,39.063276],[-94.333594,39.063528],[-94.333382,39.063904],[-94.333235,39.064357],[-94.332966,39.064778],[-94.332802,39.065266],[-94.332742,39.065575],[-94.332593,39.066009],[-94.33249,39.066235],[-94.332477,39.066311],[-94.332514,39.066432],[-94.332524,39.066529],[-94.332521,39.066636],[-94.332498,39.066702],[-94.332178,39.067087],[-94.331717,39.067465],[-94.331362,39.067657],[-94.33094,39.067803],[-94.330468,39.067939],[-94.330239,39.068053],[-94.329589,39.068443],[-94.32931,39.068576],[-94.329036,39.068616],[-94.328695,39.06876],[-94.328572,39.068819],[-94.328513,39.068926],[-94.32844,39.068978],[-94.327875,39.069181],[-94.327478,39.06941],[-94.326842,39.069724],[-94.326725,39.069805],[-94.32627,39.070184],[-94.325766,39.070528],[-94.32532,39.070904],[-94.325236,39.071002],[-94.324284,39.071593],[-94.323942,39.071715],[-94.323699,39.071773],[-94.323105,39.07188],[-94.322269,39.071982],[-94.321861,39.072002],[-94.321756,39.071966],[-94.321683,39.071961],[-94.320956,39.07207],[-94.32055,39.072208],[-94.319672,39.073777],[-94.320953,39.077898],[-94.321066,39.078662],[-94.320712,39.080237],[-94.319533,39.081114],[-94.319015,39.081368],[-94.318233,39.081979],[-94.317854,39.082536],[-94.317658,39.083145],[-94.317367,39.084482],[-94.317096,39.084999],[-94.316429,39.085557],[-94.316076,39.085707],[-94.315034,39.085745],[-94.31358,39.086233],[-94.312601,39.086833],[-94.312478,39.086912],[-94.311789,39.08759],[-94.311197,39.08844],[-94.311078,39.088645],[-94.311002,39.088844],[-94.310973,39.088918],[-94.310956,39.089414],[-94.310863,39.089733],[-94.310841,39.08992],[-94.31086,39.090267],[-94.310795,39.090766],[-94.310253,39.091625],[-94.309487,39.091821],[-94.309446,39.091823],[-94.309271,39.091932],[-94.308955,39.092155],[-94.30858,39.092519],[-94.308345,39.092726],[-94.308171,39.092919],[-94.308037,39.093113],[-94.307602,39.093828],[-94.307568,39.09394],[-94.307523,39.094086],[-94.307528,39.094114],[-94.307485,39.094191],[-94.307403,39.094271],[-94.307376,39.094288],[-94.307167,39.094414],[-94.306622,39.094684],[-94.306105,39.094874],[-94.305347,39.095491],[-94.305233,39.095592],[-94.305067,39.095727],[-94.304812,39.095994],[-94.304419,39.096306],[-94.304168,39.096419],[-94.303991,39.096637],[-94.303667,39.097036],[-94.303344,39.097374],[-94.302161,39.09747],[-94.301843,39.097488],[-94.301063,39.09763],[-94.300363,39.097799],[-94.299991,39.097905],[-94.299808,39.097973],[-94.299655,39.098093],[-94.299567,39.098235],[-94.299522,39.098382],[-94.299519,39.098641],[-94.299536,39.098804],[-94.299591,39.099037],[-94.300021,39.099465],[-94.300703,39.100305],[-94.298063,39.100648],[-94.297842,39.100687],[-94.296965,39.100874],[-94.295952,39.101146],[-94.295929,39.101152],[-94.295413,39.101326],[-94.29499,39.101493],[-94.293878,39.101996],[-94.292175,39.102891],[-94.291815,39.103062],[-94.291407,39.103234],[-94.291176,39.103318],[-94.287338,39.104114],[-94.283162,39.104148],[-94.282337,39.103734],[-94.282437,39.104546],[-94.282363,39.104614],[-94.282346,39.104629],[-94.281639,39.104853],[-94.281618,39.105317],[-94.281567,39.108777],[-94.281527,39.109761],[-94.293779,39.118831],[-94.300724,39.119003],[-94.3044,39.118934],[-94.304039,39.126403],[-94.313314,39.133284],[-94.313743,39.136412],[-94.313731,39.136653],[-94.317227,39.136737],[-94.319188,39.13659],[-94.322016,39.13581],[-94.324702,39.134775],[-94.327207,39.134295],[-94.329652,39.134402],[-94.336984,39.134626],[-94.340575,39.134576],[-94.344647,39.134453],[-94.347039,39.133689],[-94.348601,39.132754],[-94.34909,39.132459],[-94.349237,39.132369],[-94.350142,39.131825],[-94.351929,39.130749],[-94.352366,39.130486],[-94.35451,39.129181],[-94.355423,39.128624],[-94.356225,39.128778],[-94.357403,39.128882],[-94.358053,39.128886],[-94.359126,39.128821],[-94.360182,39.128809],[-94.361242,39.1289],[-94.364474,39.128981],[-94.369365,39.128726],[-94.373759,39.1287],[-94.379228,39.128904],[-94.38423,39.129457],[-94.384523,39.129481],[-94.385291,39.1295],[-94.384696,39.131302],[-94.384685,39.13282],[-94.389051,39.140164],[-94.388469,39.140391],[-94.389793,39.142556],[-94.390792,39.14509],[-94.394218,39.143993],[-94.395123,39.142187],[-94.397934,39.141459],[-94.399591,39.140266],[-94.400772,39.140298],[-94.400862,39.138958],[-94.401555,39.138777],[-94.402084,39.137066],[-94.400724,39.13625],[-94.400386,39.134697],[-94.40142,39.134013],[-94.401661,39.132116],[-94.401607,39.132084],[-94.401562,39.132035],[-94.401537,39.131986],[-94.401525,39.131885],[-94.401527,39.131838],[-94.401529,39.131785],[-94.401543,39.131618],[-94.401546,39.131561],[-94.401551,39.131506],[-94.401556,39.131451],[-94.40156,39.131396],[-94.401563,39.13134],[-94.40157,39.131227],[-94.401582,39.13105],[-94.401586,39.13099],[-94.401591,39.130929],[-94.401598,39.130872],[-94.401621,39.130756],[-94.401637,39.130698],[-94.401654,39.130641],[-94.401674,39.130584],[-94.401697,39.130528],[-94.401722,39.130473],[-94.401748,39.130418],[-94.401776,39.130365],[-94.401802,39.130311],[-94.401827,39.130258],[-94.401852,39.130207],[-94.401874,39.130156],[-94.401896,39.130106],[-94.401924,39.130052],[-94.406649,39.130404],[-94.407391,39.130421],[-94.40659,39.131181],[-94.406295,39.134685],[-94.415631,39.135104],[-94.415254,39.141671],[-94.417718,39.141614],[-94.419585,39.142102],[-94.419851,39.142657],[-94.419826,39.143184],[-94.419457,39.143631],[-94.419625,39.143743],[-94.419424,39.14638],[-94.419475,39.149318],[-94.421085,39.147474],[-94.423485,39.144069],[-94.425764,39.141807],[-94.430365,39.138026],[-94.431581,39.137369],[-94.440642,39.13078],[-94.444292,39.129007],[-94.45036,39.12593],[-94.455429,39.123104],[-94.46159,39.120372],[-94.465792,39.123302],[-94.46627,39.123635],[-94.467546,39.12478],[-94.468196,39.125445],[-94.468246,39.125992],[-94.468657,39.126756],[-94.469328,39.128979],[-94.469356,39.129359],[-94.46933,39.130704],[-94.47633,39.137004],[-94.48023,39.141403],[-94.484112,39.145009]]]]}},{"type":"Feature","properties":{"id":6,"NAME":"6","TotalPop":769364,"PopDevPct":-1.6e-7,"DemPct":0.31587451,"RepPct":0.65296513,"WhitePct":0.87809177,"MinorityPct":0.12190823,"BlackPct":0.04192964,"HispanicPct":0.03168818,"PacificPct":0.00268913,"AsianPct":0.01454712,"NativePct":0.02624704,"TotalVAP":588295,"Margin":-0.18412549,"color":"#008080","opacity":"0.5"},"geometry":{"type":"MultiPolygon","coordinates":[[[[-93.889048,40.576021],[-93.899348,40.575799],[-93.907992,40.575717],[-93.925288,40.575395],[-93.934476,40.57525],[-93.937106,40.575209],[-93.937644,40.575206],[-93.963743,40.574823],[-93.974653,40.574637],[-93.98743,40.57436],[-94.000197,40.574335],[-94.003323,40.574096],[-94.011799,40.573961],[-94.02663,40.57371],[-94.038853,40.573525],[-94.046656,40.573426],[-94.060375,40.573209],[-94.07214,40.573026],[-94.080122,40.57316],[-94.081625,40.573059],[-94.095709,40.572951],[-94.110406,40.572901],[-94.118548,40.572903],[-94.125259,40.57279],[-94.155089,40.572574],[-94.167902,40.572474],[-94.175618,40.572406],[-94.20377,40.572137],[-94.213262,40.572061],[-94.23224,40.571901],[-94.234023,40.57189],[-94.249265,40.571807],[-94.25509,40.571693],[-94.269901,40.571597],[-94.270456,40.571531],[-94.282994,40.571469],[-94.289214,40.571653],[-94.29417,40.571656],[-94.294671,40.571428],[-94.304554,40.571422],[-94.30853,40.571648],[-94.322007,40.571541],[-94.336763,40.57153],[-94.346197,40.571411],[-94.355216,40.571373],[-94.358391,40.571371],[-94.374625,40.57123],[-94.375009,40.571396],[-94.38401,40.571279],[-94.389203,40.571453],[-94.392408,40.571326],[-94.403432,40.571295],[-94.412328,40.57125],[-94.422342,40.571317],[-94.429668,40.571236],[-94.432654,40.571029],[-94.456954,40.570933],[-94.460662,40.571098],[-94.470541,40.571022],[-94.471213,40.570825],[-94.489109,40.570706],[-94.489131,40.57097],[-94.501191,40.570969],[-94.517605,40.570881],[-94.528929,40.57086],[-94.542154,40.570809],[-94.577727,40.570918],[-94.594196,40.57096],[-94.603368,40.571089],[-94.622963,40.571289],[-94.63203,40.571367],[-94.65097,40.571545],[-94.670127,40.57174],[-94.674848,40.571803],[-94.687087,40.571968],[-94.688353,40.571996],[-94.708066,40.57225],[-94.733256,40.572564],[-94.745519,40.572726],[-94.753746,40.572881],[-94.754738,40.572793],[-94.768193,40.573071],[-94.773895,40.573105],[-94.797343,40.573325],[-94.799887,40.573363],[-94.801475,40.573387],[-94.811085,40.573583],[-94.815863,40.573683],[-94.823382,40.573792],[-94.83951,40.573994],[-94.848135,40.574142],[-94.858567,40.574301],[-94.887084,40.574694],[-94.896773,40.574737],[-94.901107,40.574863],[-94.933987,40.575352],[-94.948199,40.575567],[-94.953271,40.575641],[-94.966491,40.575839],[-94.972045,40.575687],[-94.99166,40.575692],[-95.000555,40.575939],[-95.010169,40.576039],[-95.021836,40.576181],[-95.030676,40.576263],[-95.036265,40.576354],[-95.039152,40.576348],[-95.06872,40.576878],[-95.079666,40.576912],[-95.087726,40.577118],[-95.097266,40.577161],[-95.109949,40.577244],[-95.120705,40.577424],[-95.131592,40.577503],[-95.135489,40.577561],[-95.145115,40.577707],[-95.164008,40.578016],[-95.179176,40.578236],[-95.202265,40.578488],[-95.218692,40.578779],[-95.220047,40.578802],[-95.221335,40.578824],[-95.222801,40.578871],[-95.224733,40.578883],[-95.232787,40.57899],[-95.233055,40.578995],[-95.249191,40.579206],[-95.25901,40.57915],[-95.278096,40.579322],[-95.302554,40.57956],[-95.316264,40.57969],[-95.335483,40.580018],[-95.354508,40.580245],[-95.360839,40.580175],[-95.373923,40.580503],[-95.375311,40.580626],[-95.389268,40.580759],[-95.392922,40.580793],[-95.411985,40.58098],[-95.413824,40.580998],[-95.431075,40.581167],[-95.45019,40.581353],[-95.460812,40.581457],[-95.469213,40.581548],[-95.484021,40.581702],[-95.488144,40.581733],[-95.499155,40.581899],[-95.522252,40.582215],[-95.526498,40.582234],[-95.545306,40.5825],[-95.573954,40.582946],[-95.58496,40.583113],[-95.601397,40.58335],[-95.610881,40.583491],[-95.632106,40.583974],[-95.637817,40.584127],[-95.638208,40.584137],[-95.647973,40.584398],[-95.652198,40.584389],[-95.652775,40.584388],[-95.657169,40.58438],[-95.658705,40.584378],[-95.673257,40.58435],[-95.68631,40.584328],[-95.716233,40.584686],[-95.735429,40.584905],[-95.744892,40.585029],[-95.749776,40.585014],[-95.764549,40.585208],[-95.765645,40.585208],[-95.768527,40.583296],[-95.772506,40.579521],[-95.773549,40.578205],[-95.774704,40.573574],[-95.773749,40.570493],[-95.771776,40.566133],[-95.76503,40.556921],[-95.763833,40.553873],[-95.763366,40.550797],[-95.763624,40.548298],[-95.764696,40.545721],[-95.767032,40.542691],[-95.768412,40.540347],[-95.769281,40.536656],[-95.768693,40.534106],[-95.76692,40.531563],[-95.762857,40.528371],[-95.75711,40.52599],[-95.752743,40.524893],[-95.74868,40.524275],[-95.741828,40.5239],[-95.73725,40.52393],[-95.734795,40.524308],[-95.731179,40.525436],[-95.727054,40.527249],[-95.722444,40.528118],[-95.717537,40.527783],[-95.714291,40.527208],[-95.712862,40.526384],[-95.710357,40.524332],[-95.708591,40.521551],[-95.707617,40.522153],[-95.699217,40.527317],[-95.697202,40.528475],[-95.695044,40.53313],[-95.697089,40.537188],[-95.697377,40.541389],[-95.696596,40.545258],[-95.694831,40.550719],[-95.694147,40.556942],[-95.687021,40.560669],[-95.678552,40.562558],[-95.671776,40.562628],[-95.666502,40.557891],[-95.665449,40.55661],[-95.662107,40.549967],[-95.655848,40.546609],[-95.65564,40.545029],[-95.653416,40.541899],[-95.652269,40.538108],[-95.653311,40.534428],[-95.654879,40.527312],[-95.655674,40.523557],[-95.661681,40.517312],[-95.667982,40.51496],[-95.670035,40.514368],[-95.671222,40.514029],[-95.680874,40.511244],[-95.681715,40.511011],[-95.691933,40.508173],[-95.695535,40.506491],[-95.699047,40.505482],[-95.699969,40.505275],[-95.696789,40.500652],[-95.695401,40.497605],[-95.694668,40.492947],[-95.694707,40.489461],[-95.696756,40.478849],[-95.696365,40.475897],[-95.694651,40.471452],[-95.693133,40.469396],[-95.687532,40.465206],[-95.684363,40.463366],[-95.677174,40.460158],[-95.67214,40.457077],[-95.666389,40.452238],[-95.662699,40.448109],[-95.659734,40.444484],[-95.657633,40.440777],[-95.656575,40.438701],[-95.655658,40.435727],[-95.655597,40.43359],[-95.655964,40.429873],[-95.656575,40.427782],[-95.659544,40.421887],[-95.66071,40.418827],[-95.66144,40.415917],[-95.660602,40.412409],[-95.659081,40.40862],[-95.651719,40.399171],[-95.649418,40.396149],[-95.646349,40.391254],[-95.643935,40.386851],[-95.642741,40.381806],[-95.642124,40.378213],[-95.642667,40.374985],[-95.642414,40.369829],[-95.641027,40.366399],[-95.638273,40.362652],[-95.636991,40.36136],[-95.632995,40.358466],[-95.628924,40.355032],[-95.627392,40.353135],[-95.624815,40.349214],[-95.623728,40.346567],[-95.622684,40.342323],[-95.623182,40.338367],[-95.624015,40.336226],[-95.625265,40.334232],[-95.625265,40.335144],[-95.627648,40.332412],[-95.629936,40.330994],[-95.633807,40.329297],[-95.640533,40.327429],[-95.644794,40.326549],[-95.647931,40.325556],[-95.653729,40.322582],[-95.656612,40.319465],[-95.657764,40.315788],[-95.658025,40.3127],[-95.657328,40.310856],[-95.654294,40.307906],[-95.651507,40.306684],[-95.645329,40.305693],[-95.642262,40.306025],[-95.63631,40.307675],[-95.625265,40.311568],[-95.623213,40.312469],[-95.615653,40.314153],[-95.613479,40.314233],[-95.607921,40.313521],[-95.60511,40.312559],[-95.598657,40.309809],[-95.59784,40.309189],[-95.590165,40.303199],[-95.587371,40.301649],[-95.581787,40.29958],[-95.570693,40.299426],[-95.56814,40.299129],[-95.562157,40.297359],[-95.558732,40.295774],[-95.555553,40.293273],[-95.553292,40.291158],[-95.55162,40.288666],[-95.550966,40.285947],[-95.550951,40.28377],[-95.551488,40.281061],[-95.554778,40.274309],[-95.556275,40.270761],[-95.556325,40.267714],[-95.554817,40.26446],[-95.554324,40.263395],[-95.552473,40.261904],[-95.543737,40.260687],[-95.534626,40.256953],[-95.524172,40.251129],[-95.521035,40.250083],[-95.516107,40.249187],[-95.507295,40.248888],[-95.498624,40.249543],[-95.493405,40.24956],[-95.488999,40.248739],[-95.484817,40.247469],[-95.48071,40.24508],[-95.478694,40.243661],[-95.476241,40.241257],[-95.472548,40.236078],[-95.470349,40.230819],[-95.469718,40.227908],[-95.4699,40.2227],[-95.470707,40.219178],[-95.471393,40.217333],[-95.473469,40.213482],[-95.47531,40.211211],[-95.477948,40.208643],[-95.481317,40.203084],[-95.482319,40.200667],[-95.482757,40.197346],[-95.48254,40.192283],[-95.481572,40.189782],[-95.48102,40.188524],[-95.47792,40.183844],[-95.474932,40.180592],[-95.469466,40.175578],[-95.463831,40.171201],[-95.458754,40.168251],[-95.453901,40.166595],[-95.447031,40.164952],[-95.440694,40.162282],[-95.438562,40.16078],[-95.436348,40.15872],[-95.434817,40.156017],[-95.433822,40.152935],[-95.433393,40.149807],[-95.433374,40.146114],[-95.432767,40.142872],[-95.431351,40.139163],[-95.428963,40.136013],[-95.427409,40.134608],[-95.42366,40.132237],[-95.41955,40.131049],[-95.415368,40.130451],[-95.410663,40.130377],[-95.405734,40.129448],[-95.400266,40.127293],[-95.39872,40.126448],[-95.396549,40.124701],[-95.394216,40.121285],[-95.393347,40.119212],[-95.393106,40.117637],[-95.39284,40.115887],[-95.392845,40.112683],[-95.393062,40.111175],[-95.394216,40.108263],[-95.397146,40.105183],[-95.400139,40.103238],[-95.403991,40.101061],[-95.406598,40.099106],[-95.408552,40.096989],[-95.4101,40.093975],[-95.410751,40.091043],[-95.409937,40.085831],[-95.408715,40.082899],[-95.408389,40.079722],[-95.408715,40.076953],[-95.410099,40.073984],[-95.410426,40.073532],[-95.416778,40.068075],[-95.418896,40.065958],[-95.420281,40.064166],[-95.42134,40.060746],[-95.421567,40.05766],[-95.420897,40.054458],[-95.42047,40.052453],[-95.419999,40.05044],[-95.418608,40.046751],[-95.416825,40.043235],[-95.415106,40.040341],[-95.412437,40.037211],[-95.407261,40.033112],[-95.405233,40.032294],[-95.402666,40.030567],[-95.395858,40.028038],[-95.391527,40.027058],[-95.387195,40.02677],[-95.382957,40.027112],[-95.379767,40.027957],[-95.375257,40.028802],[-95.373853,40.029321],[-95.363983,40.031498],[-95.35906,40.031675],[-95.356876,40.031522],[-95.351507,40.030232],[-95.346573,40.028272],[-95.34205,40.024585],[-95.336242,40.019104],[-95.333731,40.017832],[-95.328501,40.015657],[-95.323856,40.014385],[-95.318015,40.013216],[-95.315271,40.01207],[-95.312211,40.009395],[-95.309332,40.004473],[-95.308469,40.002194],[-95.308156,39.999046],[-95.308326,39.993796],[-95.307661,39.99069],[-95.305803,39.987899],[-95.301613,39.984],[-95.295403,39.980663],[-95.289654,39.977799],[-95.285615,39.9761],[-95.279759,39.974027],[-95.272335,39.971038],[-95.269886,39.969396],[-95.266324,39.965732],[-95.261854,39.960618],[-95.257652,39.954886],[-95.255065,39.952444],[-95.250254,39.948644],[-95.245409,39.946476],[-95.241383,39.944949],[-95.236761,39.943931],[-95.231114,39.943784],[-95.220248,39.944431],[-95.21644,39.943953],[-95.212734,39.942939],[-95.209785,39.941508],[-95.205266,39.93975],[-95.202965,39.937409],[-95.201109,39.934664],[-95.200382,39.931031],[-95.200463,39.925784],[-95.201171,39.923294],[-95.202147,39.921264],[-95.2037,39.919146],[-95.205229,39.916237],[-95.206063,39.912061],[-95.205842,39.909514],[-95.205388,39.90831],[-95.203477,39.905654],[-95.20175,39.904377],[-95.199275,39.903115],[-95.193793,39.900972],[-95.189561,39.900145],[-95.181381,39.899996],[-95.179453,39.900062],[-95.174303,39.900991],[-95.172222,39.901685],[-95.166521,39.904464],[-95.159834,39.906984],[-95.157762,39.907243],[-95.154045,39.907035],[-95.149657,39.905948],[-95.146055,39.904183],[-95.143802,39.901918],[-95.142499,39.899393],[-95.142251,39.897033],[-95.143403,39.889356],[-95.142718,39.885889],[-95.141439,39.882986],[-95.139679,39.880592],[-95.137092,39.878351],[-95.134747,39.876852],[-95.128609,39.874335],[-95.124529,39.872857],[-95.121137,39.872009],[-95.11404,39.871209],[-95.110849,39.870989],[-95.106569,39.869774],[-95.098322,39.866922],[-95.090158,39.86314],[-95.085003,39.861883],[-95.08156,39.861539],[-95.075046,39.861562],[-95.066074,39.862701],[-95.060757,39.86358],[-95.050756,39.864546],[-95.046064,39.864428],[-95.039403,39.864832],[-95.035246,39.865921],[-95.030249,39.868988],[-95.02788,39.87088],[-95.026747,39.872273],[-95.024901,39.877255],[-95.024809,39.879228],[-95.025845,39.883394],[-95.025947,39.886747],[-95.02524,39.8897],[-95.024389,39.891202],[-95.02115,39.894897],[-95.018743,39.897372],[-95.015135,39.899643],[-95.013125,39.900192],[-95.009936,39.900636],[-95.005329,39.900574],[-95.002446,39.900179],[-94.997636,39.899095],[-94.993382,39.897906],[-94.9903,39.896982],[-94.987059,39.89632],[-94.981195,39.896792],[-94.977788,39.89732],[-94.967224,39.899862],[-94.963486,39.90105],[-94.96066,39.901352],[-94.955178,39.901288],[-94.95154,39.900533],[-94.943867,39.89813],[-94.940002,39.896472],[-94.934907,39.893784],[-94.93016,39.889934],[-94.927897,39.886112],[-94.927359,39.883966],[-94.927351,39.879836],[-94.928466,39.876344],[-94.930471,39.873562],[-94.934199,39.870378],[-94.936583,39.868746],[-94.940671,39.865197],[-94.942378,39.862254],[-94.94296,39.859457],[-94.942041,39.855421],[-94.939854,39.852044],[-94.935487,39.84841],[-94.92615,39.841322],[-94.92375,39.839674],[-94.916766,39.835807],[-94.912625,39.834789],[-94.90634,39.833736],[-94.900045,39.834067],[-94.896277,39.834462],[-94.891481,39.834644],[-94.888793,39.834135],[-94.886504,39.833336],[-94.883658,39.831665],[-94.881013,39.828922],[-94.878677,39.826522],[-94.877605,39.82497],[-94.87666,39.822522],[-94.876558,39.820883],[-94.875944,39.813294],[-94.876344,39.806894],[-94.877644,39.803594],[-94.880644,39.797894],[-94.882289,39.795804],[-94.884652,39.793997],[-94.890528,39.791425],[-94.89318,39.790915],[-94.899887,39.790398],[-94.906476,39.790292],[-94.914344,39.790173],[-94.91955,39.790291],[-94.920645,39.790122],[-94.925301,39.789795],[-94.927558,39.78921],[-94.92991,39.788106],[-94.930806,39.78761],[-94.934021,39.785083],[-94.934997,39.783692],[-94.935477,39.782044],[-94.93578,39.778909],[-94.9353,39.775614],[-94.934644,39.773144],[-94.932856,39.771945],[-94.929649,39.769247],[-94.926229,39.76649],[-94.920693,39.762938],[-94.914709,39.76009],[-94.912293,39.759338],[-94.909093,39.759226],[-94.905444,39.759514],[-94.899475,39.761171],[-94.898587,39.761522],[-94.898263,39.761622],[-94.896637,39.762527],[-94.895894,39.762913],[-94.892188,39.765111],[-94.891669,39.764705],[-94.883691,39.770375],[-94.882161,39.771043],[-94.877451,39.772141],[-94.871837,39.772868],[-94.871145,39.77298],[-94.869655,39.772899],[-94.867143,39.771694],[-94.86522,39.77007],[-94.863767,39.768138],[-94.860639,39.762983],[-94.860618,39.762462],[-94.859984,39.75853],[-94.859035,39.754116],[-94.859195,39.753474],[-94.860563,39.749015],[-94.860579,39.748817],[-94.861327,39.747084],[-94.861737,39.744472],[-94.862735,39.742195],[-94.86485,39.739626],[-94.865048,39.738591],[-94.86774,39.736042],[-94.875634,39.730492],[-94.881343,39.727894],[-94.884143,39.726794],[-94.891744,39.724894],[-94.898344,39.724194],[-94.902612,39.724202],[-94.910068,39.725786],[-94.91274,39.726586],[-94.916989,39.728209],[-94.927381,39.733786],[-94.930005,39.73537],[-94.936709,39.74009],[-94.941493,39.74273],[-94.941804,39.743367],[-94.943429,39.74369],[-94.947541,39.745337],[-94.951158,39.745897],[-94.955286,39.745689],[-94.95813,39.744261],[-94.962662,39.741337],[-94.965318,39.739065],[-94.970422,39.732121],[-94.971206,39.729305],[-94.971334,39.725706],[-94.970662,39.720954],[-94.968453,39.707402],[-94.968565,39.704794],[-94.968917,39.696954],[-94.968869,39.694266],[-94.969333,39.69073],[-94.970677,39.687239],[-94.975445,39.682058],[-94.978197,39.68025],[-94.981565,39.678636],[-94.986453,39.67737],[-94.991829,39.676778],[-94.99199,39.676758],[-94.997926,39.676394],[-95.000246,39.676594],[-95.00703,39.67604],[-95.012245,39.675122],[-95.01531,39.674262],[-95.018318,39.672869],[-95.024595,39.668485],[-95.027644,39.665454],[-95.029351,39.663203],[-95.030731,39.661963],[-95.031431,39.660483],[-95.034537,39.65679],[-95.037499,39.652877],[-95.039049,39.649639],[-95.044554,39.64437],[-95.049518,39.637876],[-95.053367,39.630347],[-95.054925,39.624995],[-95.055152,39.621657],[-95.054573,39.618598],[-95.05361,39.615322],[-95.051885,39.611978],[-95.049555,39.608979],[-95.047911,39.606288],[-95.046445,39.601606],[-95.046361,39.599557],[-95.046688,39.596752],[-95.048509,39.591137],[-95.05059,39.587563],[-95.054782,39.582532],[-95.056897,39.580567],[-95.059519,39.579132],[-95.063392,39.577474],[-95.067095,39.576502],[-95.07216,39.576122],[-95.076688,39.576764],[-95.087433,39.580586],[-95.089515,39.581028],[-95.09215,39.581116],[-95.095736,39.580618],[-95.099095,39.579691],[-95.103228,39.577783],[-95.106385,39.575277],[-95.107474,39.573743],[-95.109844,39.567823],[-95.112653,39.560243],[-95.1129,39.559621],[-95.113489,39.556832],[-95.113557,39.553941],[-95.113117,39.55211],[-95.110368,39.544562],[-95.108065,39.539919],[-95.106596,39.537657],[-95.102888,39.533347],[-95.101302,39.531668],[-95.092704,39.524241],[-95.082714,39.516712],[-95.077441,39.513552],[-95.070804,39.510661],[-95.0593,39.506473],[-95.054459,39.502653],[-95.052177,39.499996],[-95.050552,39.497514],[-95.049221,39.491892],[-95.04874,39.488939],[-95.04876,39.485562],[-95.04837,39.48042],[-95.047671,39.477536],[-95.044668,39.471256],[-95.04078,39.466387],[-95.0375,39.463689],[-95.033408,39.460876],[-95.028498,39.458287],[-95.022025,39.455453],[-95.014861,39.452868],[-95.007618,39.451068],[-95.003377,39.450182],[-95.000241,39.449763],[-94.992851,39.447272],[-94.990172,39.446192],[-94.987495,39.444621],[-94.982144,39.440552],[-94.979239,39.436839],[-94.978052,39.43441],[-94.977122,39.428426],[-94.976606,39.426701],[-94.975127,39.424348],[-94.972952,39.421705],[-94.968081,39.418329],[-94.964489,39.416718],[-94.959455,39.415413],[-94.954817,39.413844],[-94.951209,39.411707],[-94.947864,39.408604],[-94.946293,39.405646],[-94.946185,39.40356],[-94.946721,39.400926],[-94.946227,39.395648],[-94.945577,39.393851],[-94.944068,39.391594],[-94.942039,39.389499],[-94.937158,39.386531],[-94.933652,39.385546],[-94.930574,39.38506],[-94.922994,39.384883],[-94.919225,39.385174],[-94.91766,39.385713],[-94.915859,39.386348],[-94.906102,39.390976],[-94.901823,39.392798],[-94.897873,39.393622],[-94.89432,39.393533],[-94.892851,39.393464],[-94.888972,39.392432],[-94.886796,39.391326],[-94.885026,39.389801],[-94.882859,39.38685],[-94.880979,39.383899],[-94.8802,39.382093],[-94.879281,39.37978],[-94.879088,39.375703],[-94.88136,39.370383],[-94.883313,39.367927],[-94.884922,39.366511],[-94.890893,39.363931],[-94.900656,39.361359],[-94.902497,39.360383],[-94.905706,39.357987],[-94.908289,39.355639],[-94.910017,39.352543],[-94.910641,39.348335],[-94.910353,39.344735],[-94.909121,39.338527],[-94.908657,39.333567],[-94.90851,39.329755],[-94.908197,39.325721],[-94.907904,39.323451],[-94.906762,39.317365],[-94.906126,39.314721],[-94.905153,39.312001],[-94.904667,39.310496],[-94.903976,39.308586],[-94.902312,39.305144],[-94.901699,39.303797],[-94.900678,39.301874],[-94.898516,39.29845],[-94.896552,39.296209],[-94.8949,39.294379],[-94.89332,39.292776],[-94.889103,39.288803],[-94.886448,39.286595],[-94.884093,39.284512],[-94.88234,39.283516],[-94.880399,39.282207],[-94.875056,39.280304],[-94.873488,39.279664],[-94.869341,39.278508],[-94.868368,39.278214],[-94.865456,39.277089],[-94.86352,39.276289],[-94.857718,39.274106],[-94.855147,39.272965],[-94.853136,39.272001],[-94.851312,39.271009],[-94.848113,39.269364],[-94.84632,39.268481],[-94.844557,39.267463],[-94.842893,39.266313],[-94.841103,39.264864],[-94.839071,39.263361],[-94.837855,39.262417],[-94.834593,39.259574],[-94.832002,39.256978],[-94.829044,39.252974],[-94.827479,39.249896],[-94.826175,39.244849],[-94.825663,39.241729],[-94.825807,39.239473],[-94.827055,39.235489],[-94.828511,39.232673],[-94.830383,39.229842],[-94.833196,39.226677],[-94.834896,39.223842],[-94.834886,39.22124],[-94.833192,39.217532],[-94.831679,39.215938],[-94.82459,39.211224],[-94.821935,39.209669],[-94.818932,39.208513],[-94.81424,39.207414],[-94.80848,39.206478],[-94.802599,39.206147],[-94.797349,39.206506],[-94.789102,39.207805],[-94.785966,39.207819],[-94.782951,39.207162],[-94.777838,39.203522],[-94.775532,39.200606],[-94.773544,39.197192],[-94.771196,39.19162],[-94.771115,39.191468],[-94.770739,39.190756],[-94.77025,39.189827],[-94.76709,39.184842],[-94.762858,39.179991],[-94.752803,39.173493],[-94.751647,39.173004],[-94.740777,39.169987],[-94.735743,39.169191],[-94.723637,39.169003],[-94.714137,39.170403],[-94.706845,39.173744],[-94.705523,39.1738],[-94.696333,39.178961],[-94.691611,39.181961],[-94.688788,39.183228],[-94.68498,39.183964],[-94.680338,39.184304],[-94.673903,39.183554],[-94.66911,39.182204],[-94.665277,39.180378],[-94.663824,39.17912],[-94.661577,39.177359],[-94.659371,39.174406],[-94.659162,39.174126],[-94.659307,39.170064],[-94.660315,39.168051],[-94.661397,39.162742],[-94.65921,39.157841],[-94.655787,39.15568],[-94.650774,39.154121],[-94.650647,39.154092],[-94.639779,39.153707],[-94.635552,39.154082],[-94.623565,39.156755],[-94.623354,39.156839],[-94.61548,39.160147],[-94.611071,39.160883],[-94.608657,39.161044],[-94.606455,39.160827],[-94.601733,39.159603],[-94.601653,39.160745],[-94.601649,39.16115],[-94.601583,39.164648],[-94.601583,39.164666],[-94.601582,39.164736],[-94.601558,39.16611],[-94.601555,39.166306],[-94.60154,39.167445],[-94.601531,39.169016],[-94.601506,39.173793],[-94.601466,39.179732],[-94.60146,39.180141],[-94.601463,39.181766],[-94.601243,39.183061],[-94.601228,39.183872],[-94.601232,39.184818],[-94.601232,39.185735],[-94.601284,39.187274],[-94.601293,39.187535],[-94.601316,39.188646],[-94.601316,39.188715],[-94.601289,39.190268],[-94.601166,39.193008],[-94.601159,39.19343],[-94.601142,39.194299],[-94.601125,39.195122],[-94.601111,39.195857],[-94.601116,39.201158],[-94.601125,39.202922],[-94.601099,39.206494],[-94.601067,39.208035],[-94.601053,39.208705],[-94.601087,39.209725],[-94.60103,39.210091],[-94.601076,39.213188],[-94.601056,39.214857],[-94.601052,39.215295],[-94.601056,39.216207],[-94.601056,39.217485],[-94.601077,39.218007],[-94.601064,39.219396],[-94.601079,39.222325],[-94.60101,39.224595],[-94.60101,39.224898],[-94.601018,39.230426],[-94.601004,39.231818],[-94.601,39.231999],[-94.600969,39.233365],[-94.600945,39.234467],[-94.600909,39.236148],[-94.600886,39.237232],[-94.600855,39.238652],[-94.600945,39.24256],[-94.601372,39.244399],[-94.600977,39.246375],[-94.600966,39.246494],[-94.600956,39.248007],[-94.600911,39.251031],[-94.600872,39.252974],[-94.600813,39.256416],[-94.600807,39.256731],[-94.600772,39.260353],[-94.600774,39.261221],[-94.600771,39.261432],[-94.600758,39.262376],[-94.600748,39.263218],[-94.600738,39.264074],[-94.600707,39.265838],[-94.600704,39.26602],[-94.600677,39.267546],[-94.600674,39.267709],[-94.600532,39.274939],[-94.600481,39.277538],[-94.60038,39.289436],[-94.6004,39.291948],[-94.600372,39.296304],[-94.600358,39.296755],[-94.600423,39.298524],[-94.600429,39.299248],[-94.600493,39.30238],[-94.600576,39.305469],[-94.600614,39.307079],[-94.600621,39.307397],[-94.600665,39.308821],[-94.600708,39.310908],[-94.600728,39.312126],[-94.600902,39.325613],[-94.600765,39.333149],[-94.596045,39.333232],[-94.584499,39.333307],[-94.584378,39.333306],[-94.58374,39.333292],[-94.574545,39.333105],[-94.573772,39.333105],[-94.573567,39.333107],[-94.568873,39.333143],[-94.565974,39.333165],[-94.561186,39.33314],[-94.56058,39.333141],[-94.560573,39.332642],[-94.560612,39.322284],[-94.555853,39.322289],[-94.555863,39.318626],[-94.547375,39.318629],[-94.547376,39.318407],[-94.542899,39.318395],[-94.539697,39.318376],[-94.529765,39.318335],[-94.513834,39.318225],[-94.491977,39.31794],[-94.491993,39.315931],[-94.492035,39.310233],[-94.492036,39.310038],[-94.492036,39.309836],[-94.49207,39.305031],[-94.49209,39.303005],[-94.492008,39.300967],[-94.491824,39.300854],[-94.492065,39.297777],[-94.492166,39.296497],[-94.492171,39.296446],[-94.492221,39.295804],[-94.49223,39.295701],[-94.492556,39.288524],[-94.492559,39.287274],[-94.492573,39.282572],[-94.492601,39.273232],[-94.492604,39.272467],[-94.49262,39.267507],[-94.492632,39.267429],[-94.492322,39.266831],[-94.492623,39.266709],[-94.492703,39.24921],[-94.492819,39.247764],[-94.493045,39.245463],[-94.493029,39.244288],[-94.49305,39.244031],[-94.492942,39.232899],[-94.492942,39.232869],[-94.492933,39.232034],[-94.492913,39.230097],[-94.492944,39.228399],[-94.492964,39.226117],[-94.492987,39.223554],[-94.492987,39.22354],[-94.492984,39.220681],[-94.492572,39.220672],[-94.492585,39.218952],[-94.491487,39.218895],[-94.491523,39.216538],[-94.490521,39.216526],[-94.488666,39.216499],[-94.486582,39.216465],[-94.484907,39.216471],[-94.484071,39.216427],[-94.483079,39.216419],[-94.479433,39.216402],[-94.479409,39.219007],[-94.477791,39.218988],[-94.477799,39.218618],[-94.474787,39.218556],[-94.47441,39.218415],[-94.475949,39.216354],[-94.475505,39.216352],[-94.474864,39.216348],[-94.475899,39.214349],[-94.476,39.213894],[-94.476724,39.211452],[-94.47699,39.210349],[-94.477043,39.210072],[-94.477086,39.20991],[-94.477161,39.209699],[-94.477254,39.209491],[-94.477366,39.20929],[-94.477459,39.209149],[-94.477973,39.20856],[-94.478544,39.208144],[-94.479855,39.207657],[-94.479785,39.207597],[-94.483062,39.206201],[-94.49254,39.202504],[-94.492588,39.198555],[-94.491722,39.198533],[-94.491101,39.198514],[-94.484314,39.198502],[-94.484312,39.198029],[-94.484583,39.194969],[-94.482227,39.194952],[-94.475188,39.194837],[-94.475307,39.180425],[-94.475023,39.178683],[-94.475069,39.172625],[-94.475097,39.171167],[-94.475135,39.164915],[-94.47533,39.163103],[-94.475327,39.16218],[-94.475326,39.162156],[-94.47531,39.157735],[-94.475254,39.157565],[-94.475235,39.157507],[-94.475182,39.157366],[-94.477214,39.15695],[-94.477227,39.154982],[-94.477237,39.153969],[-94.477237,39.150907],[-94.476912,39.150443],[-94.482847,39.145974],[-94.483479,39.145484],[-94.484112,39.145009],[-94.48023,39.141403],[-94.47633,39.137004],[-94.46933,39.130704],[-94.469356,39.129359],[-94.469328,39.128979],[-94.468657,39.126756],[-94.468246,39.125992],[-94.468196,39.125445],[-94.467546,39.12478],[-94.46627,39.123635],[-94.465792,39.123302],[-94.46159,39.120372],[-94.455429,39.123104],[-94.45036,39.12593],[-94.444292,39.129007],[-94.440642,39.13078],[-94.431581,39.137369],[-94.430365,39.138026],[-94.425764,39.141807],[-94.423485,39.144069],[-94.421085,39.147474],[-94.419475,39.149318],[-94.419424,39.14638],[-94.419625,39.143743],[-94.419457,39.143631],[-94.419826,39.143184],[-94.419851,39.142657],[-94.419585,39.142102],[-94.417718,39.141614],[-94.415254,39.141671],[-94.415631,39.135104],[-94.406295,39.134685],[-94.40659,39.131181],[-94.407391,39.130421],[-94.406649,39.130404],[-94.401924,39.130052],[-94.401896,39.130106],[-94.401874,39.130156],[-94.401852,39.130207],[-94.401827,39.130258],[-94.401802,39.130311],[-94.401776,39.130365],[-94.401748,39.130418],[-94.401722,39.130473],[-94.401697,39.130528],[-94.401674,39.130584],[-94.401654,39.130641],[-94.401637,39.130698],[-94.401621,39.130756],[-94.401598,39.130872],[-94.401591,39.130929],[-94.401586,39.13099],[-94.401582,39.13105],[-94.40157,39.131227],[-94.401563,39.13134],[-94.40156,39.131396],[-94.401556,39.131451],[-94.401551,39.131506],[-94.401546,39.131561],[-94.401543,39.131618],[-94.401529,39.131785],[-94.401527,39.131838],[-94.401525,39.131885],[-94.401537,39.131986],[-94.401562,39.132035],[-94.401607,39.132084],[-94.401661,39.132116],[-94.40142,39.134013],[-94.400386,39.134697],[-94.400724,39.13625],[-94.402084,39.137066],[-94.401555,39.138777],[-94.400862,39.138958],[-94.400772,39.140298],[-94.399591,39.140266],[-94.397934,39.141459],[-94.395123,39.142187],[-94.394218,39.143993],[-94.390792,39.14509],[-94.389793,39.142556],[-94.388469,39.140391],[-94.389051,39.140164],[-94.384685,39.13282],[-94.384696,39.131302],[-94.385291,39.1295],[-94.384523,39.129481],[-94.38423,39.129457],[-94.379228,39.128904],[-94.373759,39.1287],[-94.369365,39.128726],[-94.364474,39.128981],[-94.361242,39.1289],[-94.360182,39.128809],[-94.359126,39.128821],[-94.358053,39.128886],[-94.357403,39.128882],[-94.356225,39.128778],[-94.355423,39.128624],[-94.35451,39.129181],[-94.352366,39.130486],[-94.351929,39.130749],[-94.350142,39.131825],[-94.349237,39.132369],[-94.34909,39.132459],[-94.348601,39.132754],[-94.347039,39.133689],[-94.344647,39.134453],[-94.340575,39.134576],[-94.336984,39.134626],[-94.329652,39.134402],[-94.327207,39.134295],[-94.324702,39.134775],[-94.322016,39.13581],[-94.319188,39.13659],[-94.317227,39.136737],[-94.313731,39.136653],[-94.313743,39.136412],[-94.313314,39.133284],[-94.304039,39.126403],[-94.3044,39.118934],[-94.300724,39.119003],[-94.293779,39.118831],[-94.281527,39.109761],[-94.281567,39.108777],[-94.281618,39.105317],[-94.281639,39.104853],[-94.282346,39.104629],[-94.282363,39.104614],[-94.282437,39.104546],[-94.282337,39.103734],[-94.283162,39.104148],[-94.287338,39.104114],[-94.291176,39.103318],[-94.291407,39.103234],[-94.291815,39.103062],[-94.292175,39.102891],[-94.293878,39.101996],[-94.29499,39.101493],[-94.295413,39.101326],[-94.295929,39.101152],[-94.295952,39.101146],[-94.296965,39.100874],[-94.297842,39.100687],[-94.298063,39.100648],[-94.300703,39.100305],[-94.300021,39.099465],[-94.299591,39.099037],[-94.299536,39.098804],[-94.299519,39.098641],[-94.299522,39.098382],[-94.299567,39.098235],[-94.299655,39.098093],[-94.299808,39.097973],[-94.299991,39.097905],[-94.300363,39.097799],[-94.301063,39.09763],[-94.301843,39.097488],[-94.302161,39.09747],[-94.303344,39.097374],[-94.303667,39.097036],[-94.303991,39.096637],[-94.304168,39.096419],[-94.304419,39.096306],[-94.304812,39.095994],[-94.305067,39.095727],[-94.305233,39.095592],[-94.305347,39.095491],[-94.306105,39.094874],[-94.306622,39.094684],[-94.307167,39.094414],[-94.307376,39.094288],[-94.307403,39.094271],[-94.307485,39.094191],[-94.307528,39.094114],[-94.307523,39.094086],[-94.307568,39.09394],[-94.307602,39.093828],[-94.308037,39.093113],[-94.308171,39.092919],[-94.308345,39.092726],[-94.30858,39.092519],[-94.308955,39.092155],[-94.309271,39.091932],[-94.308977,39.092024],[-94.307765,39.090136],[-94.307088,39.089994],[-94.304592,39.089597],[-94.301485,39.090019],[-94.299454,39.089959],[-94.29368,39.089861],[-94.289942,39.090653],[-94.288171,39.090414],[-94.287122,39.089677],[-94.287013,39.088706],[-94.284961,39.084974],[-94.284245,39.08443],[-94.280675,39.083599],[-94.278253,39.081773],[-94.275703,39.082292],[-94.273425,39.082223],[-94.273832,39.074843],[-94.272081,39.074689],[-94.271436,39.074651],[-94.271448,39.074426],[-94.271607,39.071036],[-94.270087,39.070963],[-94.269308,39.070925],[-94.269332,39.070549],[-94.269547,39.067304],[-94.268192,39.067252],[-94.264538,39.067051],[-94.256309,39.066734],[-94.249432,39.06647],[-94.241659,39.066155],[-94.237834,39.066075],[-94.228702,39.065826],[-94.224202,39.06565],[-94.219519,39.065392],[-94.214899,39.065254],[-94.214765,39.065249],[-94.201157,39.064995],[-94.201055,39.068877],[-94.200607,39.07216],[-94.191081,39.071863],[-94.190968,39.078751],[-94.194986,39.077913],[-94.197446,39.076912],[-94.200445,39.076299],[-94.200308,39.079423],[-94.199869,39.090244],[-94.199822,39.094585],[-94.190568,39.094114],[-94.181205,39.093894],[-94.176826,39.093746],[-94.162847,39.093519],[-94.158005,39.093347],[-94.154018,39.093232],[-94.149179,39.093026],[-94.147561,39.092959],[-94.141567,39.092871],[-94.134786,39.092546],[-94.13317,39.09249],[-94.117385,39.092095],[-94.116096,39.09207],[-94.115079,39.092043],[-94.106764,39.091703],[-94.106056,39.108414],[-94.106286,39.109169],[-94.105963,39.112523],[-94.105941,39.117221],[-94.105817,39.121086],[-94.105639,39.126406],[-94.105633,39.126585],[-94.105223,39.131441],[-94.105225,39.131501],[-94.104935,39.140933],[-94.104823,39.143507],[-94.103391,39.142423],[-94.096815,39.139159],[-94.092047,39.137191],[-94.087135,39.135543],[-94.084559,39.135047],[-94.078607,39.134247],[-94.072991,39.134024],[-94.062463,39.13428],[-94.059118,39.134801],[-94.056638,39.135544],[-94.051166,39.13804],[-94.045566,39.14084],[-94.042958,39.14252],[-94.036782,39.14732],[-94.031006,39.150904],[-94.028708,39.152132],[-94.027379,39.152853],[-94.024206,39.154537],[-94.024333,39.156111],[-94.024751,39.160696],[-94.025711,39.165001],[-94.028455,39.16903],[-94.031198,39.172214],[-94.032911,39.174253],[-94.035474,39.177502],[-94.036015,39.180393],[-94.036047,39.184969],[-94.034494,39.187945],[-94.032046,39.189961],[-94.028557,39.191658],[-94.020882,39.193454],[-94.01539,39.19521],[-94.009141,39.196725],[-94.005396,39.197698],[-94.001214,39.198618],[-94.000222,39.198473],[-93.994661,39.200251],[-93.988664,39.201639],[-93.980088,39.205874],[-93.978963,39.206046],[-93.977402,39.205491],[-93.971971,39.202176],[-93.968047,39.199284],[-93.964544,39.195987],[-93.961779,39.19212],[-93.96138,39.189621],[-93.961479,39.187525],[-93.962632,39.183084],[-93.967863,39.178134],[-93.969481,39.176941],[-93.971017,39.175823],[-93.975348,39.172737],[-93.978488,39.171332],[-93.980007,39.170774],[-93.980366,39.170821],[-93.980912,39.170461],[-93.983361,39.168524],[-93.98626,39.161261],[-93.986706,39.156021],[-93.987005,39.15531],[-93.987543,39.154444],[-93.987983,39.153939],[-93.988054,39.153848],[-93.988892,39.152786],[-93.984713,39.148989],[-93.979091,39.145466],[-93.973544,39.143272],[-93.968748,39.142293],[-93.967014,39.142376],[-93.961155,39.143563],[-93.958327,39.145168],[-93.954064,39.148169],[-93.951187,39.150218],[-93.950458,39.150845],[-93.948345,39.152661],[-93.942411,39.158083],[-93.94322,39.15959],[-93.944128,39.161889],[-93.944358,39.170222],[-93.943323,39.173825],[-93.941451,39.174973],[-93.940718,39.178743],[-93.940043,39.17969],[-93.937674,39.180679],[-93.935648,39.182085],[-93.932291,39.183757],[-93.930919,39.18395],[-93.92783,39.184386],[-93.92583,39.184346],[-93.917854,39.183306],[-93.909131,39.182504],[-93.904311,39.183465],[-93.901435,39.184502],[-93.899417,39.184539],[-93.896551,39.186879],[-93.890151,39.192012],[-93.887053,39.194514],[-93.885122,39.196075],[-93.87522,39.20408],[-93.873678,39.205047],[-93.872089,39.205937],[-93.863323,39.209824],[-93.861249,39.210749],[-93.855434,39.212874],[-93.848971,39.214541],[-93.84648,39.214949],[-93.840147,39.215467],[-93.836612,39.215505],[-93.828992,39.215257],[-93.824172,39.214897],[-93.818513,39.213655],[-93.810917,39.210937],[-93.802519,39.207271],[-93.799775,39.205206],[-93.794502,39.202984],[-93.788494,39.20103],[-93.784391,39.200209],[-93.78181,39.20019],[-93.778523,39.200574],[-93.774095,39.201682],[-93.768834,39.203783],[-93.760358,39.206637],[-93.758463,39.207021],[-93.746,39.209487],[-93.738956,39.209655],[-93.731998,39.208926],[-93.728851,39.208437],[-93.722891,39.207098],[-93.719246,39.206396],[-93.71121,39.206262],[-93.70781,39.206895],[-93.700057,39.209725],[-93.696968,39.211874],[-93.693857,39.215858],[-93.692696,39.218908],[-93.690703,39.222699],[-93.689411,39.224716],[-93.687497,39.22686],[-93.685553,39.228552],[-93.681595,39.231235],[-93.674332,39.233966],[-93.666473,39.235477],[-93.661901,39.235782],[-93.661407,39.236985],[-93.661096,39.237407],[-93.658009,39.238478],[-93.656913,39.239357],[-93.656065,39.241383],[-93.657603,39.245059],[-93.656177,39.246722],[-93.653622,39.24806],[-93.650526,39.248214],[-93.648619,39.247324],[-93.646739,39.245862],[-93.64493,39.245279],[-93.643351,39.245391],[-93.641114,39.247125],[-93.639737,39.247404],[-93.636381,39.247172],[-93.634679,39.246781],[-93.631395,39.24539],[-93.628359,39.243164],[-93.624326,39.242893],[-93.613419,39.24252],[-93.608551,39.241725],[-93.607336,39.242023],[-93.60641,39.241303],[-93.60433,39.24081],[-93.601245,39.241468],[-93.595939,39.242062],[-93.592817,39.242059],[-93.589967,39.24167],[-93.58495,39.240431],[-93.583556,39.238965],[-93.580546,39.237708],[-93.576854,39.235049],[-93.574062,39.232459],[-93.572658,39.231744],[-93.568926,39.228605],[-93.567707,39.227174],[-93.565778,39.222503],[-93.564703,39.221122],[-93.563192,39.22002],[-93.560172,39.219007],[-93.556944,39.218159],[-93.551528,39.217017],[-93.544047,39.215762],[-93.537167,39.215653],[-93.529631,39.214996],[-93.528432,39.214892],[-93.516063,39.215289],[-93.512031,39.215849],[-93.505836,39.216712],[-93.500211,39.218005],[-93.498663,39.219514],[-93.49196,39.223461],[-93.489284,39.226297],[-93.487885,39.228875],[-93.487193,39.232257],[-93.486573,39.233861],[-93.487611,39.238338],[-93.490194,39.245541],[-93.492238,39.25002],[-93.494173,39.255737],[-93.495171,39.261185],[-93.496221,39.264891],[-93.496313,39.268263],[-93.496323,39.270022],[-93.495377,39.275459],[-93.49334,39.28067],[-93.492018,39.282938],[-93.489889,39.285145],[-93.485806,39.288759],[-93.483999,39.290038],[-93.481012,39.291602],[-93.477233,39.292796],[-93.473272,39.293296],[-93.470529,39.293256],[-93.466504,39.292767],[-93.464985,39.29237],[-93.459908,39.289375],[-93.455873,39.285332],[-93.455203,39.284109],[-93.453347,39.278744],[-93.452819,39.277487],[-93.451781,39.274943],[-93.450714,39.272975],[-93.445624,39.269295],[-93.444231,39.268525],[-93.440554,39.267821],[-93.43296,39.267262],[-93.423917,39.26749],[-93.419441,39.267917],[-93.418109,39.268056],[-93.413924,39.267753],[-93.411449,39.267152],[-93.407143,39.26511],[-93.404775,39.263274],[-93.402903,39.260054],[-93.403013,39.25803],[-93.404498,39.254222],[-93.40764,39.250021],[-93.410135,39.247822],[-93.413381,39.244556],[-93.41523,39.241797],[-93.415882,39.237824],[-93.415226,39.234923],[-93.411414,39.231058],[-93.407929,39.228996],[-93.406401,39.228394],[-93.401877,39.226905],[-93.399133,39.226437],[-93.396335,39.22634],[-93.392449,39.227009],[-93.388411,39.227426],[-93.382104,39.22883],[-93.373137,39.231331],[-93.368136,39.23331],[-93.362615,39.237327],[-93.357548,39.240698],[-93.353637,39.242763],[-93.344522,39.246031],[-93.33673,39.248079],[-93.333337,39.250012],[-93.329121,39.255081],[-93.328335,39.256998],[-93.328547,39.263804],[-93.328962,39.265483],[-93.330581,39.268437],[-93.332624,39.271305],[-93.337763,39.2769],[-93.341996,39.283648],[-93.343782,39.287104],[-93.34443,39.289364],[-93.344619,39.292702],[-93.344109,39.297179],[-93.343174,39.299113],[-93.340312,39.303353],[-93.336856,39.307032],[-93.332252,39.309606],[-93.329053,39.310201],[-93.324764,39.310615],[-93.316504,39.310921],[-93.310473,39.310744],[-93.301963,39.309773],[-93.294161,39.309214],[-93.292635,39.309283],[-93.283404,39.309904],[-93.277725,39.311549],[-93.276057,39.31242],[-93.269393,39.31655],[-93.266853,39.319261],[-93.266844,39.321246],[-93.267048,39.321875],[-93.267795,39.325117],[-93.264953,39.328766],[-93.263813,39.331009],[-93.262641,39.332172],[-93.255922,39.337837],[-93.252726,39.338784],[-93.247776,39.338669],[-93.242857,39.337617],[-93.240283,39.336394],[-93.237177,39.333949],[-93.232793,39.329807],[-93.231117,39.328456],[-93.230079,39.327877],[-93.226508,39.328485],[-93.22521,39.328871],[-93.221669,39.331326],[-93.221204,39.331656],[-93.215349,39.338107],[-93.209536,39.348573],[-93.206753,39.35239],[-93.203168,39.355775],[-93.195201,39.362523],[-93.192037,39.365705],[-93.189569,39.370383],[-93.1888,39.375023],[-93.188909,39.377698],[-93.190199,39.381792],[-93.191531,39.383791],[-93.197088,39.390434],[-93.200028,39.395991],[-93.200951,39.398891],[-93.200708,39.401787],[-93.199282,39.404312],[-93.196746,39.406836],[-93.193101,39.409278],[-93.189435,39.410486],[-93.184755,39.411348],[-93.180646,39.411805],[-93.177451,39.411714],[-93.174465,39.411026],[-93.167221,39.407253],[-93.164322,39.405007],[-93.162066,39.402513],[-93.159482,39.398952],[-93.15653,39.392947],[-93.154525,39.38996],[-93.151992,39.387158],[-93.146082,39.381997],[-93.14278,39.380106],[-93.139631,39.378643],[-93.135507,39.377654],[-93.131868,39.377328],[-93.125199,39.377675],[-93.10906,39.38306],[-93.106071,39.383724],[-93.104485,39.383656],[-93.098584,39.383174],[-93.092577,39.38156],[-93.087759,39.378912],[-93.080289,39.371752],[-93.079087,39.370069],[-93.077083,39.3655],[-93.076361,39.36069],[-93.078053,39.347977],[-93.076948,39.342506],[-93.074438,39.337965],[-93.072915,39.33552],[-93.07059,39.332794],[-93.067996,39.330294],[-93.061533,39.325566],[-93.056835,39.323041],[-93.052043,39.320725],[-93.044755,39.317666],[-93.040655,39.316623],[-93.03101,39.314382],[-93.023776,39.313115],[-93.014919,39.312875],[-93.01136,39.313232],[-93.007306,39.313342],[-93.001933,39.312995],[-92.993568,39.313641],[-92.983817,39.314638],[-92.976803,39.31548],[-92.971592,39.3156],[-92.968462,39.31518],[-92.961572,39.312995],[-92.960569,39.312856],[-92.958148,39.311142],[-92.956414,39.309285],[-92.954289,39.306346],[-92.953402,39.302752],[-92.953273,39.298457],[-92.954925,39.293817],[-92.957986,39.288063],[-92.958978,39.283041],[-92.957766,39.279336],[-92.956121,39.277163],[-92.95047,39.271993],[-92.947403,39.270094],[-92.943591,39.26865],[-92.936659,39.266522],[-92.931673,39.26566],[-92.926623,39.264458],[-92.923617,39.263376],[-92.921011,39.261773],[-92.918446,39.259769],[-92.916749,39.25794],[-92.916263,39.255678],[-92.915469,39.253379],[-92.915681,39.250031],[-92.916096,39.248066],[-92.917194,39.245143],[-92.919969,39.240208],[-92.919968,39.232953],[-92.919572,39.231615],[-92.915197,39.226262],[-92.911669,39.223946],[-92.906142,39.222339],[-92.899431,39.221865],[-92.896194,39.221897],[-92.892788,39.222507],[-92.886552,39.224257],[-92.88414,39.225195],[-92.879067,39.228774],[-92.872606,39.232981],[-92.870294,39.234197],[-92.86523,39.235904],[-92.862851,39.236437],[-92.86015,39.236502],[-92.854935,39.235537],[-92.851796,39.233946],[-92.849809,39.231839],[-92.848825,39.229378],[-92.849224,39.226218],[-92.847975,39.22851],[-92.846991,39.23035],[-92.845082,39.233895],[-92.844467,39.234958],[-92.844132,39.235625],[-92.843608,39.236593],[-92.841913,39.23972],[-92.841707,39.240123],[-92.841614,39.240295],[-92.839051,39.245059],[-92.835853,39.251071],[-92.83331,39.256268],[-92.83212,39.258695],[-92.830426,39.262132],[-92.829598,39.263819],[-92.821803,39.279695],[-92.818321,39.286866],[-92.816511,39.290596],[-92.815142,39.293379],[-92.814956,39.293804],[-92.810849,39.302058],[-92.804145,39.31585],[-92.795446,39.333555],[-92.794691,39.334313],[-92.794585,39.33498],[-92.79263,39.338986],[-92.792509,39.339233],[-92.792404,39.339446],[-92.790369,39.343586],[-92.788195,39.343003],[-92.787928,39.342932],[-92.782697,39.341509],[-92.770648,39.338247],[-92.763155,39.33622],[-92.753727,39.333677],[-92.750318,39.332746],[-92.730666,39.32767],[-92.707367,39.321614],[-92.688786,39.316832],[-92.672875,39.31268],[-92.661393,39.309681],[-92.657488,39.308632],[-92.651848,39.307165],[-92.646427,39.305759],[-92.631961,39.301998],[-92.620454,39.298922],[-92.619909,39.29878],[-92.605221,39.294931],[-92.604385,39.294712],[-92.590936,39.291187],[-92.588442,39.290532],[-92.586877,39.290122],[-92.585563,39.289778],[-92.573828,39.286708],[-92.568533,39.285326],[-92.56245,39.283737],[-92.55953,39.28297],[-92.5555,39.281913],[-92.541409,39.278216],[-92.53131,39.275569],[-92.527304,39.274517],[-92.524143,39.273675],[-92.504341,39.268486],[-92.496175,39.266249],[-92.481201,39.262251],[-92.479807,39.26188],[-92.476626,39.261035],[-92.467376,39.25858],[-92.461459,39.257009],[-92.45689,39.255797],[-92.448559,39.253586],[-92.435182,39.250038],[-92.430229,39.248795],[-92.42582,39.248669],[-92.415009,39.248573],[-92.408992,39.248174],[-92.393651,39.247905],[-92.379228,39.247757],[-92.375526,39.247681],[-92.372492,39.247724],[-92.370556,39.247688],[-92.36724,39.24748],[-92.356219,39.2472],[-92.34243,39.246972],[-92.334195,39.246806],[-92.326098,39.24668],[-92.324695,39.246696],[-92.324556,39.246698],[-92.324228,39.246691],[-92.324082,39.246682],[-92.321216,39.246555],[-92.314471,39.246454],[-92.301268,39.246078],[-92.292982,39.245724],[-92.286585,39.245492],[-92.285059,39.245434],[-92.280202,39.245242],[-92.275722,39.245049],[-92.274771,39.245014],[-92.273079,39.244953],[-92.256321,39.244362],[-92.235089,39.243678],[-92.234165,39.243666],[-92.231768,39.243732],[-92.227619,39.243578],[-92.223899,39.243465],[-92.223167,39.243198],[-92.214823,39.242924],[-92.212255,39.242813],[-92.203448,39.242518],[-92.19863,39.242346],[-92.184742,39.241967],[-92.179954,39.241834],[-92.17064,39.241574],[-92.16094,39.241304],[-92.144769,39.240905],[-92.134336,39.24064],[-92.132615,39.24059],[-92.104854,39.239825],[-92.104374,39.239809],[-92.104955,39.225575],[-92.105345,39.218339],[-92.105348,39.21826],[-92.10541,39.216406],[-92.10542,39.21617],[-92.105424,39.216029],[-92.10569,39.208087],[-92.105705,39.207538],[-92.105973,39.198924],[-92.105737,39.196045],[-92.1059,39.188972],[-92.106031,39.185614],[-92.106248,39.179605],[-92.106481,39.170795],[-92.106502,39.169372],[-92.106359,39.159813],[-92.106954,39.152434],[-92.107256,39.14869],[-92.107738,39.137561],[-92.108179,39.126595],[-92.108959,39.105658],[-92.109553,39.09351],[-92.109876,39.086498],[-92.109779,39.083399],[-92.110129,39.071455],[-92.110387,39.064204],[-92.091254,39.064297],[-92.063214,39.063747],[-92.061543,39.063714],[-92.055223,39.063572],[-92.046523,39.0633],[-92.03325,39.063005],[-92.029772,39.062989],[-92.000475,39.062402],[-91.995536,39.062296],[-91.993357,39.062246],[-91.988457,39.062212],[-91.977438,39.062056],[-91.976453,39.062044],[-91.966549,39.062012],[-91.963373,39.062004],[-91.937252,39.061905],[-91.928611,39.06187],[-91.923909,39.061854],[-91.909322,39.061803],[-91.901261,39.061777],[-91.901007,39.061748],[-91.895981,39.061774],[-91.895436,39.061741],[-91.894763,39.061724],[-91.886507,39.061723],[-91.886155,39.061725],[-91.875812,39.061691],[-91.863324,39.061531],[-91.863207,39.061529],[-91.850745,39.061454],[-91.843418,39.06143],[-91.837466,39.061375],[-91.833654,39.061248],[-91.81298,39.060907],[-91.812818,39.061013],[-91.804064,39.060937],[-91.794033,39.060743],[-91.777634,39.060757],[-91.774497,39.060787],[-91.768306,39.060634],[-91.755963,39.060285],[-91.752994,39.060224],[-91.750481,39.06007],[-91.745841,39.06],[-91.745579,39.059991],[-91.741694,39.060042],[-91.733228,39.059984],[-91.728517,39.059928],[-91.7285,39.059918],[-91.723468,39.059947],[-91.720088,39.059918],[-91.719177,39.059923],[-91.711253,39.059868],[-91.709686,39.059848],[-91.709104,39.059892],[-91.705481,39.059787],[-91.702377,39.059758],[-91.70045,39.059736],[-91.693079,39.059704],[-91.681821,39.059604],[-91.674194,39.059502],[-91.671304,39.059469],[-91.665951,39.059408],[-91.662032,39.059347],[-91.650017,39.059081],[-91.643252,39.059177],[-91.633998,39.059057],[-91.633533,39.067193],[-91.633443,39.070847],[-91.633171,39.077811],[-91.632854,39.085765],[-91.632118,39.097466],[-91.632082,39.097802],[-91.631858,39.102618],[-91.631676,39.107402],[-91.631152,39.11698],[-91.630675,39.126116],[-91.630345,39.133106],[-91.629598,39.147853],[-91.611821,39.147445],[-91.607382,39.147355],[-91.593063,39.147064],[-91.585027,39.146912],[-91.575584,39.146713],[-91.56583,39.146508],[-91.565177,39.146373],[-91.556238,39.146126],[-91.555469,39.146115],[-91.538704,39.145884],[-91.537617,39.14587],[-91.526294,39.145679],[-91.520199,39.1456],[-91.510657,39.145479],[-91.50383,39.145376],[-91.500149,39.145356],[-91.484936,39.144857],[-91.47208,39.144366],[-91.469053,39.144367],[-91.465646,39.14421],[-91.464743,39.144163],[-91.460818,39.143879],[-91.451257,39.143702],[-91.422941,39.143106],[-91.41923,39.14284],[-91.409033,39.142542],[-91.406543,39.142493],[-91.403724,39.142544],[-91.390481,39.142354],[-91.389015,39.142318],[-91.375094,39.142047],[-91.374386,39.141782],[-91.365418,39.141724],[-91.364145,39.141849],[-91.356627,39.141873],[-91.351249,39.141513],[-91.347602,39.141442],[-91.341971,39.141538],[-91.332959,39.141289],[-91.32486,39.140911],[-91.314029,39.140734],[-91.300937,39.140537],[-91.292817,39.140394],[-91.279578,39.140162],[-91.277644,39.14012],[-91.264777,39.139919],[-91.260232,39.139845],[-91.260572,39.126533],[-91.260743,39.120575],[-91.260906,39.115058],[-91.261147,39.108109],[-91.261457,39.099835],[-91.261718,39.089824],[-91.262022,39.08483],[-91.262481,39.072453],[-91.262557,39.070228],[-91.262564,39.070021],[-91.262561,39.069851],[-91.262493,39.067778],[-91.262487,39.067614],[-91.262823,39.055615],[-91.262877,39.052944],[-91.262466,39.052814],[-91.263107,39.037003],[-91.263104,39.028929],[-91.263447,39.018615],[-91.263528,39.01505],[-91.26382,39.007608],[-91.264197,38.9966],[-91.264272,38.993398],[-91.264287,38.992762],[-91.250152,38.992655],[-91.249223,38.992828],[-91.240496,38.992639],[-91.231451,38.992481],[-91.226254,38.992418],[-91.216488,38.9923],[-91.209631,38.992198],[-91.200894,38.992067],[-91.199175,38.992164],[-91.198995,38.992162],[-91.192088,38.992155],[-91.19004,38.992146],[-91.190007,38.992136],[-91.188396,38.991798],[-91.188407,38.991237],[-91.18842,38.990736],[-91.18855,38.984638],[-91.188647,38.979241],[-91.188722,38.975447],[-91.188735,38.974871],[-91.188767,38.97347],[-91.188746,38.970475],[-91.189038,38.962284],[-91.189089,38.95986],[-91.189102,38.955935],[-91.189113,38.955678],[-91.189088,38.955073],[-91.189139,38.9549],[-91.189162,38.952583],[-91.189237,38.942854],[-91.189274,38.940332],[-91.189348,38.932151],[-91.185455,38.932138],[-91.17472,38.93205],[-91.17283,38.932041],[-91.168499,38.931988],[-91.162792,38.93195],[-91.158454,38.931953],[-91.155111,38.931826],[-91.135546,38.932014],[-91.12931,38.932068],[-91.122553,38.932018],[-91.110187,38.931901],[-91.110414,38.925954],[-91.110303,38.92521],[-91.110462,38.919522],[-91.110603,38.909615],[-91.110614,38.908926],[-91.110804,38.902854],[-91.110953,38.897826],[-91.111036,38.892514],[-91.111154,38.884768],[-91.111333,38.883932],[-91.111331,38.880021],[-91.111251,38.872709],[-91.104185,38.872566],[-91.090752,38.87236],[-91.08669,38.872458],[-91.082564,38.872569],[-91.07373,38.872738],[-91.072869,38.872746],[-91.065188,38.872707],[-91.065098,38.872706],[-91.0632,38.872687],[-91.059818,38.872635],[-91.056066,38.872577],[-91.042006,38.872371],[-91.026838,38.872153],[-91.015638,38.872064],[-91.009187,38.87202],[-91.007013,38.872006],[-91.000141,38.87196],[-90.990339,38.871618],[-90.975213,38.871259],[-90.973204,38.871212],[-90.971322,38.871167],[-90.958536,38.870865],[-90.95838,38.87442],[-90.958177,38.879033],[-90.95796,38.883],[-90.957557,38.89321],[-90.957555,38.893285],[-90.957343,38.893293],[-90.957136,38.893483],[-90.956809,38.893901],[-90.95645,38.894164],[-90.955789,38.894231],[-90.95552,38.894172],[-90.955026,38.893918],[-90.954816,38.893684],[-90.95457,38.893525],[-90.954226,38.893148],[-90.953869,38.893082],[-90.953608,38.893148],[-90.953376,38.893259],[-90.953121,38.893512],[-90.952794,38.893639],[-90.952464,38.893934],[-90.951763,38.894097],[-90.951401,38.894063],[-90.951183,38.894114],[-90.951007,38.894228],[-90.950857,38.894408],[-90.950643,38.894988],[-90.950536,38.895053],[-90.95013,38.895074],[-90.949655,38.894943],[-90.949369,38.894715],[-90.949326,38.894401],[-90.949426,38.893979],[-90.949305,38.893788],[-90.948711,38.89352],[-90.948155,38.893148],[-90.947863,38.893045],[-90.947689,38.893162],[-90.947598,38.893405],[-90.94749,38.893471],[-90.947309,38.893478],[-90.947125,38.893347],[-90.947061,38.893101],[-90.94709,38.892925],[-90.946961,38.892545],[-90.946988,38.892416],[-90.946644,38.892162],[-90.946436,38.892088],[-90.945801,38.892035],[-90.945552,38.891944],[-90.944714,38.891387],[-90.944515,38.891109],[-90.944534,38.890618],[-90.94439,38.890317],[-90.944041,38.889986],[-90.943698,38.889565],[-90.943401,38.889399],[-90.942541,38.888633],[-90.942362,38.888265],[-90.94187,38.887797],[-90.941079,38.887311],[-90.940938,38.887169],[-90.940639,38.886685],[-90.940387,38.88653],[-90.940172,38.886472],[-90.939583,38.88651],[-90.939455,38.886475],[-90.939197,38.88654],[-90.939088,38.886655],[-90.938829,38.887224],[-90.938414,38.887494],[-90.938154,38.888061],[-90.937979,38.888163],[-90.937757,38.888199],[-90.937278,38.888086],[-90.936636,38.887575],[-90.93608,38.887325],[-90.935109,38.886999],[-90.934924,38.88684],[-90.93477,38.886772],[-90.934594,38.886525],[-90.934392,38.886458],[-90.934342,38.886325],[-90.934382,38.886044],[-90.934518,38.885947],[-90.934499,38.885845],[-90.934073,38.885335],[-90.933877,38.885184],[-90.933455,38.885049],[-90.93322,38.885146],[-90.932831,38.885903],[-90.932613,38.885952],[-90.932478,38.885937],[-90.93232,38.885996],[-90.931958,38.885995],[-90.931738,38.885945],[-90.931572,38.886028],[-90.931472,38.886304],[-90.931278,38.886498],[-90.930768,38.886657],[-90.930592,38.886626],[-90.929266,38.886998],[-90.928938,38.887194],[-90.928755,38.887517],[-90.928588,38.887561],[-90.928041,38.887524],[-90.927819,38.887408],[-90.927588,38.886979],[-90.927321,38.886733],[-90.927061,38.886587],[-90.926652,38.886546],[-90.926352,38.886606],[-90.926154,38.886695],[-90.925786,38.886966],[-90.925664,38.887118],[-90.92548,38.887743],[-90.925513,38.887919],[-90.925663,38.88814],[-90.925685,38.888352],[-90.9256,38.888474],[-90.925191,38.888631],[-90.924742,38.888571],[-90.924452,38.888465],[-90.924164,38.888287],[-90.923166,38.88803],[-90.922967,38.887943],[-90.922461,38.887529],[-90.922121,38.887426],[-90.921251,38.88738],[-90.920795,38.887404],[-90.920037,38.887548],[-90.919618,38.887696],[-90.919325,38.887855],[-90.918995,38.887948],[-90.918668,38.887919],[-90.91828,38.887823],[-90.917466,38.887913],[-90.915357,38.888605],[-90.91389,38.888883],[-90.913378,38.889281],[-90.912824,38.890295],[-90.912138,38.89064],[-90.911273,38.89067],[-90.909819,38.890553],[-90.908457,38.890854],[-90.907772,38.890871],[-90.906211,38.89042],[-90.904682,38.890506],[-90.903748,38.890319],[-90.902177,38.889743],[-90.901219,38.889324],[-90.900871,38.888704],[-90.900015,38.887435],[-90.900111,38.887005],[-90.900677,38.886723],[-90.900746,38.886155],[-90.900496,38.885993],[-90.899051,38.8864],[-90.898381,38.886507],[-90.897533,38.886417],[-90.897301,38.886053],[-90.896492,38.88617],[-90.895713,38.886533],[-90.894677,38.886313],[-90.894349,38.88658],[-90.894372,38.887293],[-90.893819,38.887443],[-90.893519,38.887139],[-90.892695,38.88676],[-90.892463,38.886457],[-90.891887,38.88636],[-90.889361,38.886496],[-90.887034,38.886666],[-90.886159,38.88663],[-90.884905,38.886829],[-90.883531,38.886644],[-90.883206,38.886748],[-90.882886,38.886952],[-90.882641,38.887454],[-90.881988,38.887784],[-90.881631,38.888148],[-90.880745,38.888523],[-90.879837,38.888604],[-90.878505,38.88834],[-90.877466,38.888251],[-90.876458,38.888252],[-90.875469,38.888377],[-90.87466,38.888271],[-90.87384,38.888492],[-90.871182,38.88873],[-90.870425,38.888675],[-90.869021,38.888433],[-90.86742,38.888203],[-90.866918,38.8882],[-90.864535,38.887872],[-90.864216,38.887828],[-90.86291,38.887263],[-90.862591,38.886965],[-90.86218,38.885873],[-90.861731,38.885467],[-90.861142,38.885131],[-90.861016,38.884813],[-90.861525,38.884317],[-90.861487,38.883399],[-90.860782,38.882209],[-90.860366,38.881932],[-90.859594,38.881718],[-90.859305,38.881857],[-90.85908,38.882872],[-90.858878,38.883034],[-90.858261,38.8829],[-90.857871,38.882994],[-90.856989,38.883646],[-90.856664,38.884216],[-90.855845,38.884722],[-90.85528,38.884759],[-90.854767,38.884353],[-90.853703,38.882968],[-90.852578,38.881057],[-90.850189,38.880124],[-90.849557,38.880674],[-90.850042,38.88198],[-90.851287,38.883547],[-90.850562,38.883735],[-90.847385,38.883699],[-90.846801,38.883494],[-90.846024,38.882954],[-90.845044,38.883005],[-90.844764,38.883366],[-90.844673,38.883965],[-90.843916,38.883979],[-90.842953,38.883455],[-90.842597,38.883038],[-90.842445,38.88248],[-90.841977,38.882004],[-90.840799,38.881623],[-90.840117,38.881615],[-90.839183,38.881428],[-90.839152,38.881319],[-90.839266,38.87964],[-90.835431,38.879968],[-90.834727,38.881326],[-90.83788,38.882285],[-90.838178,38.882841],[-90.838152,38.883162],[-90.837831,38.883632],[-90.836911,38.884091],[-90.836594,38.884118],[-90.835773,38.88389],[-90.835088,38.883531],[-90.834634,38.882995],[-90.834229,38.882161],[-90.833752,38.881477],[-90.832839,38.880883],[-90.832377,38.880272],[-90.831915,38.878964],[-90.831674,38.878619],[-90.831097,38.878212],[-90.830178,38.877923],[-90.829184,38.878419],[-90.828234,38.878778],[-90.826982,38.878964],[-90.826462,38.878435],[-90.825906,38.878098],[-90.822724,38.876392],[-90.821147,38.875884],[-90.819687,38.875757],[-90.818725,38.875818],[-90.817827,38.875966],[-90.81664,38.876495],[-90.815886,38.877122],[-90.814808,38.87815],[-90.814293,38.878508],[-90.813244,38.878954],[-90.812143,38.879207],[-90.811182,38.878999],[-90.809166,38.877803],[-90.80818,38.87752],[-90.807272,38.877821],[-90.806493,38.878529],[-90.806213,38.879016],[-90.806161,38.879696],[-90.806291,38.88004],[-90.807018,38.880636],[-90.807317,38.881082],[-90.808379,38.8823],[-90.809292,38.883534],[-90.80999,38.884983],[-90.810213,38.885605],[-90.810283,38.887437],[-90.809961,38.888922],[-90.809528,38.889946],[-90.808617,38.891713],[-90.807713,38.893128],[-90.807163,38.894386],[-90.806926,38.895244],[-90.807032,38.89628],[-90.807924,38.897975],[-90.808134,38.898487],[-90.808333,38.899553],[-90.808241,38.899978],[-90.807937,38.900459],[-90.807199,38.901147],[-90.806494,38.90155],[-90.805944,38.901733],[-90.804247,38.90183],[-90.802558,38.901672],[-90.800974,38.901142],[-90.800153,38.901072],[-90.799154,38.901421],[-90.798282,38.902429],[-90.797935,38.903098],[-90.797541,38.904429],[-90.797499,38.905145],[-90.797738,38.905837],[-90.798168,38.906302],[-90.800556,38.908147],[-90.80267,38.909165],[-90.804015,38.91022],[-90.80435,38.910607],[-90.804418,38.911139],[-90.804167,38.911491],[-90.803367,38.911921],[-90.801331,38.912741],[-90.800185,38.913203],[-90.798753,38.913989],[-90.797809,38.914437],[-90.795982,38.915411],[-90.794349,38.916455],[-90.793274,38.917131],[-90.791344,38.917895],[-90.78922,38.918361],[-90.788215,38.918448],[-90.787064,38.918422],[-90.783868,38.918115],[-90.783136,38.918169],[-90.782006,38.918559],[-90.781399,38.918999],[-90.780776,38.919668],[-90.780234,38.920422],[-90.779145,38.921755],[-90.77821,38.922488],[-90.777378,38.922796],[-90.776406,38.923016],[-90.773665,38.922983],[-90.771609,38.922784],[-90.770232,38.922703],[-90.767792,38.922329],[-90.766252,38.921975],[-90.765026,38.921621],[-90.763467,38.920926],[-90.761742,38.920244],[-90.760731,38.919894],[-90.75824,38.919603],[-90.756746,38.919811],[-90.754113,38.920747],[-90.751006,38.922963],[-90.750955,38.922999],[-90.748309,38.925113],[-90.746086,38.928686],[-90.745862,38.928891],[-90.742997,38.930368],[-90.740999,38.930766],[-90.739033,38.930957],[-90.735822,38.931141],[-90.732601,38.931162],[-90.730167,38.931029],[-90.728841,38.931141],[-90.728814,38.930944],[-90.724722,38.928249],[-90.724394,38.927823],[-90.723764,38.925175],[-90.724741,38.92362],[-90.727059,38.922225],[-90.729239,38.921406],[-90.730765,38.920906],[-90.733041,38.920315],[-90.734616,38.919709],[-90.735242,38.919291],[-90.735598,38.918917],[-90.735913,38.918321],[-90.735949,38.917495],[-90.735737,38.916177],[-90.735611,38.915832],[-90.734795,38.914976],[-90.734322,38.914601],[-90.73367,38.914272],[-90.731695,38.913989],[-90.730503,38.914043],[-90.729603,38.914183],[-90.727966,38.914645],[-90.726232,38.915207],[-90.725653,38.915318],[-90.724578,38.915181],[-90.723659,38.91454],[-90.723217,38.91407],[-90.722816,38.913231],[-90.72286,38.912055],[-90.723122,38.911557],[-90.724174,38.910517],[-90.72452,38.909786],[-90.724364,38.90923],[-90.723898,38.90871],[-90.722742,38.908508],[-90.721215,38.908688],[-90.720477,38.908977],[-90.719327,38.909747],[-90.718178,38.910201],[-90.717551,38.910316],[-90.715857,38.910317],[-90.714198,38.909892],[-90.712777,38.9093],[-90.71177,38.908797],[-90.710648,38.908106],[-90.710121,38.907611],[-90.709726,38.907043],[-90.709422,38.90618],[-90.709378,38.905248],[-90.709518,38.904104],[-90.709285,38.903093],[-90.70869,38.902658],[-90.708149,38.902591],[-90.707249,38.902722],[-90.70604,38.903428],[-90.705216,38.904148],[-90.703881,38.905626],[-90.703268,38.905998],[-90.702544,38.906223],[-90.700517,38.906522],[-90.69989,38.906877],[-90.69952,38.90733],[-90.699324,38.907881],[-90.699434,38.908411],[-90.700329,38.90965],[-90.702081,38.911362],[-90.703291,38.912239],[-90.704884,38.91304],[-90.70623,38.913506],[-90.707931,38.9138],[-90.709217,38.913764],[-90.709923,38.913602],[-90.711829,38.912735],[-90.713819,38.912079],[-90.714642,38.912057],[-90.715738,38.912327],[-90.716725,38.912851],[-90.717413,38.913653],[-90.717653,38.914235],[-90.717711,38.914736],[-90.717502,38.915376],[-90.716761,38.916329],[-90.716006,38.917007],[-90.714866,38.917845],[-90.714309,38.918164],[-90.711401,38.919618],[-90.70927,38.920874],[-90.708467,38.921219],[-90.707322,38.92149],[-90.705896,38.921543],[-90.704801,38.921426],[-90.703824,38.921221],[-90.702706,38.920797],[-90.70094,38.919818],[-90.699566,38.918706],[-90.69828,38.917171],[-90.69719,38.916067],[-90.696243,38.91563],[-90.695544,38.915463],[-90.694629,38.915443],[-90.693858,38.915526],[-90.692848,38.91576],[-90.69115,38.916388],[-90.689991,38.916601],[-90.688485,38.916599],[-90.686832,38.916177],[-90.685197,38.915615],[-90.684562,38.9156],[-90.683773,38.915986],[-90.683918,38.916674],[-90.68434,38.917139],[-90.686,38.918263],[-90.686599,38.918852],[-90.688617,38.922353],[-90.689581,38.923613],[-90.690651,38.92459],[-90.691632,38.925235],[-90.694711,38.926523],[-90.696625,38.927504],[-90.697481,38.928151],[-90.698187,38.929426],[-90.698035,38.930742],[-90.697729,38.931126],[-90.696582,38.932784],[-90.694001,38.933863],[-90.691582,38.934235],[-90.687385,38.934063],[-90.685863,38.933932],[-90.674862,38.934082],[-90.67474,38.934084],[-90.674617,38.934086],[-90.674501,38.934088],[-90.674385,38.934089],[-90.669249,38.934159],[-90.663181,38.934224],[-90.663424,38.935551],[-90.66498,38.938249],[-90.6659,38.939253],[-90.668089,38.943003],[-90.669229,38.948176],[-90.671844,38.952296],[-90.674362,38.95783],[-90.675949,38.96214],[-90.676342,38.964414],[-90.676209,38.971968],[-90.676383,38.975079],[-90.676245,38.978273],[-90.675715,38.981066],[-90.675941,38.982611],[-90.677756,38.989277],[-90.678193,38.991851],[-90.679027,38.993867],[-90.682068,38.998778],[-90.683683,39.000049],[-90.685046,39.001708],[-90.687719,39.005374],[-90.688813,39.007342],[-90.69,39.012169],[-90.692403,39.016656],[-90.700595,39.029074],[-90.707885,39.042262],[-90.71158,39.046798],[-90.712726,39.049736],[-90.713629,39.053977],[-90.713585,39.055567],[-90.712541,39.057064],[-90.702943,39.064545],[-90.702136,39.065568],[-90.701266,39.069928],[-90.700165,39.072279],[-90.698282,39.074649],[-90.693551,39.079237],[-90.690727,39.081666],[-90.686237,39.084989],[-90.682744,39.088348],[-90.681994,39.090066],[-90.681038,39.099491],[-90.681086,39.10059],[-90.684518,39.113567],[-90.68523,39.115527],[-90.686051,39.117785],[-90.68739,39.11991],[-90.692261,39.125048],[-90.693449,39.127296],[-90.695926,39.131122],[-90.697096,39.13243],[-90.700464,39.135439],[-90.702923,39.138749],[-90.705168,39.143152],[-90.706751,39.147616],[-90.707115,39.148642],[-90.709146,39.155111],[-90.709953,39.172924],[-90.71048,39.176366],[-90.711104,39.178391],[-90.713713,39.183339],[-90.71437,39.185308],[-90.716286,39.192649],[-90.717404,39.197414],[-90.717585,39.200182],[-90.717427,39.202791],[-90.716677,39.206723],[-90.716597,39.210414],[-90.717113,39.213912],[-90.721835,39.224108],[-90.721975,39.225198],[-90.721188,39.230176],[-90.721593,39.23273],[-90.723725,39.239183],[-90.726981,39.251173],[-90.728613,39.254092],[-90.72996,39.255894],[-90.731967,39.257713],[-90.736005,39.260386],[-90.739087,39.261893],[-90.742315,39.262854],[-90.748877,39.264126],[-90.751599,39.265432],[-90.757742,39.271315],[-90.76663,39.279039],[-90.768877,39.281512],[-90.773887,39.290544],[-90.774756,39.291874],[-90.776798,39.29362],[-90.779486,39.295122],[-90.783789,39.297164],[-90.78606,39.298848],[-90.790675,39.302908],[-90.791305,39.304277],[-90.791689,39.306957],[-90.793461,39.309498],[-90.798208,39.312393],[-90.799346,39.313087],[-90.807478,39.316721],[-90.814148,39.319188],[-90.816851,39.320496],[-90.821306,39.323659],[-90.834753,39.335461],[-90.840106,39.340438],[-90.842175,39.341932],[-90.8475,39.345272],[-90.859113,39.35137],[-90.866575,39.35464],[-90.87608,39.359478],[-90.878566,39.360599],[-90.887296,39.36411],[-90.890931,39.365767],[-90.895857,39.368763],[-90.900095,39.372354],[-90.902656,39.375366],[-90.902905,39.377534],[-90.904862,39.379403],[-90.906798,39.380394],[-90.910754,39.381497],[-90.91273,39.381711],[-90.914658,39.381956],[-90.918539,39.38295],[-90.920976,39.383687],[-90.924601,39.385136],[-90.928745,39.387544],[-90.93092,39.389203],[-90.934007,39.392127],[-90.934785,39.393529],[-90.935729,39.397331],[-90.937419,39.400803],[-90.939025,39.402744],[-90.940766,39.403984],[-90.944942,39.406247],[-90.949608,39.407775],[-90.957459,39.408996],[-90.962298,39.410267],[-90.96748,39.411948],[-90.972465,39.414144],[-90.974476,39.415585],[-90.976955,39.417856],[-90.98302,39.420462],[-90.989995,39.421842],[-90.993789,39.422959],[-91.000134,39.426523],[-91.002603,39.427082],[-91.011954,39.432661],[-91.02361,39.438694],[-91.024351,39.439158],[-91.027603,39.441195],[-91.029709,39.442515],[-91.033349,39.445204],[-91.035475,39.446632],[-91.03827,39.448435],[-91.04258,39.452265],[-91.047455,39.456773],[-91.050276,39.459601],[-91.057114,39.466086],[-91.059439,39.46886],[-91.061167,39.471377],[-91.062414,39.474122],[-91.062941,39.481364],[-91.063065,39.484009],[-91.064057,39.491718],[-91.064305,39.494643],[-91.066638,39.496014],[-91.071769,39.500046],[-91.075309,39.502845],[-91.079769,39.507728],[-91.082627,39.51171],[-91.086292,39.517141],[-91.089257,39.522971],[-91.092869,39.529275],[-91.096497,39.534337],[-91.097685,39.535635],[-91.100307,39.538695],[-91.100911,39.539001],[-91.114305,39.541098],[-91.126638,39.542227],[-91.136744,39.544252],[-91.143153,39.544999],[-91.148275,39.545798],[-91.153628,39.548248],[-91.156242,39.550576],[-91.163634,39.558566],[-91.166723,39.562462],[-91.168419,39.564928],[-91.16982,39.569555],[-91.170727,39.577531],[-91.171641,39.581899],[-91.174651,39.593313],[-91.178012,39.598196],[-91.181936,39.602677],[-91.185921,39.605119],[-91.192597,39.607252],[-91.199099,39.609127],[-91.21664,39.615124],[-91.223328,39.617603],[-91.229317,39.620853],[-91.235119,39.625046],[-91.23974,39.628648],[-91.241225,39.630067],[-91.24356,39.633064],[-91.245063,39.63603],[-91.248779,39.64088],[-91.251849,39.643295],[-91.256521,39.646157],[-91.260475,39.649024],[-91.264329,39.654374],[-91.267672,39.657899],[-91.270456,39.660683],[-91.27614,39.665759],[-91.278557,39.666975],[-91.283329,39.670134],[-91.293788,39.674766],[-91.29659,39.676514],[-91.301603,39.679068],[-91.303741,39.681017],[-91.304674,39.683337],[-91.306693,39.684865],[-91.311098,39.687839],[-91.317814,39.692591],[-91.325801,39.697098],[-91.330727,39.69993],[-91.335247,39.702752],[-91.343555,39.708412],[-91.347253,39.71048],[-91.348919,39.712185],[-91.349681,39.713049],[-91.351554,39.714667],[-91.354311,39.716139],[-91.355314,39.716985],[-91.358001,39.720277],[-91.358123,39.720421],[-91.362321,39.724274],[-91.367854,39.729136],[-91.369395,39.731163],[-91.370102,39.733321],[-91.369388,39.737213],[-91.36993,39.740128],[-91.369839,39.745702],[-91.368947,39.748047],[-91.367406,39.75388],[-91.36528,39.757722],[-91.365211,39.76015],[-91.365906,39.764956],[-91.365799,39.772625],[-91.365396,39.777266],[-91.364848,39.779388],[-91.363121,39.782813],[-91.361744,39.785079],[-91.361571,39.787548],[-91.362388,39.790482],[-91.363444,39.792804],[-91.367966,39.800403],[-91.369005,39.801511],[-91.370805,39.803478],[-91.372161,39.805511],[-91.376488,39.810033],[-91.381174,39.812671],[-91.383707,39.8146],[-91.390731,39.818596],[-91.393413,39.81991],[-91.400068,39.822521],[-91.40509,39.82554],[-91.407793,39.827581],[-91.411274,39.829403],[-91.415097,39.831121],[-91.428469,39.837626],[-91.430402,39.838902],[-91.433798,39.841865],[-91.436529,39.847078],[-91.437456,39.849734],[-91.437693,39.851983],[-91.439196,39.856567],[-91.441343,39.861983],[-91.443932,39.867102],[-91.446685,39.871642],[-91.447502,39.875045],[-91.447844,39.877951],[-91.446922,39.883034],[-91.445551,39.88718],[-91.444281,39.891774],[-91.443513,39.893583],[-91.441043,39.896149],[-91.434413,39.902425],[-91.428956,39.907729],[-91.423708,39.912145],[-91.420878,39.914865],[-91.41988,39.916533],[-91.418807,39.922126],[-91.41936,39.927717],[-91.420735,39.931226],[-91.42183,39.93297],[-91.425782,39.937765],[-91.427499,39.93954],[-91.430657,39.941901],[-91.435517,39.945222],[-91.43709,39.946417],[-91.439319,39.948679],[-91.443447,39.953675],[-91.447236,39.959502],[-91.449806,39.965278],[-91.454647,39.971306],[-91.457191,39.975769],[-91.457868,39.977537],[-91.459533,39.979892],[-91.463683,39.981845],[-91.465315,39.983995],[-91.466682,39.987253],[-91.467294,39.990631],[-91.469247,39.995327],[-91.474051,40.002283],[-91.47636,40.007725],[-91.477298,40.008993],[-91.484064,40.019332],[-91.485284,40.021012],[-91.487122,40.022692],[-91.488061,40.024453],[-91.49318,40.033463],[-91.494981,40.036945],[-91.49289,40.045367],[-91.489734,40.056427],[-91.489606,40.057435],[-91.491019,40.060823],[-91.495365,40.070951],[-91.497284,40.077052],[-91.497663,40.078257],[-91.500823,40.090956],[-91.501434,40.095852],[-91.502696,40.099007],[-91.504851,40.104203],[-91.506006,40.108126],[-91.507121,40.113415],[-91.508183,40.118687],[-91.510839,40.126137],[-91.510322,40.127994],[-91.510386,40.131115],[-91.510746,40.13468],[-91.511544,40.137662],[-91.51148,40.141102],[-91.511336,40.143277],[-91.511749,40.147091],[-91.51159,40.149269],[-91.509678,40.153928],[-91.508324,40.156326],[-91.508224,40.157665],[-91.511956,40.170441],[-91.513079,40.178537],[-91.512974,40.181062],[-91.512316,40.184717],[-91.511073,40.188794],[-91.509551,40.191338],[-91.505495,40.195606],[-91.504477,40.198262],[-91.505834,40.201808],[-91.506664,40.204758],[-91.507269,40.209338],[-91.506947,40.21555],[-91.505193,40.220861],[-91.504282,40.224299],[-91.504289,40.231712],[-91.505968,40.234305],[-91.506501,40.236304],[-91.505828,40.238839],[-91.503231,40.243474],[-91.500855,40.245722],[-91.498869,40.246715],[-91.497266,40.248763],[-91.496182,40.250439],[-91.491735,40.257063],[-91.490524,40.259498],[-91.489969,40.26234],[-91.490525,40.264814],[-91.49204,40.267427],[-91.492891,40.269923],[-91.493061,40.275262],[-91.492727,40.278217],[-91.490901,40.283535],[-91.489868,40.286048],[-91.487322,40.291184],[-91.484226,40.296493],[-91.48245,40.300583],[-91.477083,40.308254],[-91.475043,40.31161],[-91.471826,40.31734],[-91.469656,40.322409],[-91.467138,40.332877],[-91.465662,40.336515],[-91.46397,40.339597],[-91.46214,40.342414],[-91.458824,40.346505],[-91.454076,40.351861],[-91.452237,40.35367],[-91.447835,40.359129],[-91.446308,40.361823],[-91.444862,40.363143],[-91.441586,40.365372],[-91.439342,40.366569],[-91.429442,40.370386],[-91.426632,40.371988],[-91.422862,40.375044],[-91.420174,40.37756],[-91.419422,40.378264],[-91.422324,40.380939],[-91.425662,40.382491],[-91.429762,40.383318],[-91.435117,40.384973],[-91.436916,40.385346],[-91.441243,40.386255],[-91.441957,40.385705],[-91.445168,40.382461],[-91.445371,40.379388],[-91.446627,40.377918],[-91.448742,40.376804],[-91.454535,40.37544],[-91.460395,40.375472],[-91.463895,40.375659],[-91.465009,40.376223],[-91.465891,40.378365],[-91.464681,40.380949],[-91.463514,40.382543],[-91.463146,40.385119],[-91.464017,40.385636],[-91.467855,40.384139],[-91.471967,40.382884],[-91.474538,40.382503],[-91.475797,40.382234],[-91.480251,40.381783],[-91.482322,40.382057],[-91.484738,40.384114],[-91.486226,40.386392],[-91.489208,40.389944],[-91.490912,40.39298],[-91.490816,40.395225],[-91.490153,40.396449],[-91.489596,40.397485],[-91.488597,40.400009],[-91.487829,40.403866],[-91.489445,40.404384],[-91.492629,40.402782],[-91.494592,40.402256],[-91.498093,40.401926],[-91.502267,40.402862],[-91.505272,40.403512],[-91.506745,40.404335],[-91.507391,40.405483],[-91.509063,40.406775],[-91.511891,40.407762],[-91.513325,40.40827],[-91.513993,40.408537],[-91.518392,40.408682],[-91.520272,40.409082],[-91.522333,40.409648],[-91.524612,40.410765],[-91.526425,40.413404],[-91.527057,40.416689],[-91.526555,40.419872],[-91.521388,40.426488],[-91.519517,40.429917],[-91.519086,40.432578],[-91.519935,40.433673],[-91.525,40.433483],[-91.527645,40.433772],[-91.530355,40.434964],[-91.532603,40.436647],[-91.533623,40.43832],[-91.533548,40.440804],[-91.531912,40.44273],[-91.529098,40.444836],[-91.526108,40.446634],[-91.524053,40.448437],[-91.523271,40.450061],[-91.523072,40.452254],[-91.523864,40.456331],[-91.526155,40.458625],[-91.527581,40.458948],[-91.533761,40.458941],[-91.538348,40.458402],[-91.543785,40.458149],[-91.548366,40.45823],[-91.552691,40.458769],[-91.556805,40.4595],[-91.56057,40.460391],[-91.563844,40.460988],[-91.567141,40.462137],[-91.56853,40.462639],[-91.568683,40.462706],[-91.574734,40.465655],[-91.576013,40.466767],[-91.580355,40.471015],[-91.582437,40.474703],[-91.583315,40.479118],[-91.585169,40.483611],[-91.586884,40.487233],[-91.589377,40.490898],[-91.592551,40.493696],[-91.594644,40.494997],[-91.602248,40.497849],[-91.608347,40.50004],[-91.612821,40.502377],[-91.616948,40.504794],[-91.619486,40.507134],[-91.621353,40.510072],[-91.622362,40.514362],[-91.622192,40.517039],[-91.621762,40.518218],[-91.618793,40.526286],[-91.618028,40.53403],[-91.618367,40.536818],[-91.618999,40.539084],[-91.620071,40.540817],[-91.621902,40.542292],[-91.625161,40.5435],[-91.630791,40.544454],[-91.632783,40.545029],[-91.638082,40.545541],[-91.647995,40.547684],[-91.654345,40.549189],[-91.670993,40.550937],[-91.681714,40.553035],[-91.6887,40.55739],[-91.689526,40.558373],[-91.690804,40.559893],[-91.691581,40.562223],[-91.691557,40.564839],[-91.689967,40.568632],[-91.685723,40.576785],[-91.685381,40.578892],[-91.686357,40.580875],[-91.68882,40.583409],[-91.696359,40.588148],[-91.707251,40.592703],[-91.712025,40.595046],[-91.716769,40.59853],[-91.720058,40.601527],[-91.729115,40.61364],[-91.730482,40.613578],[-91.737047,40.613287],[-91.750164,40.612724],[-91.766085,40.612173],[-91.785899,40.611593],[-91.795,40.611249],[-91.799241,40.610979],[-91.813828,40.61053],[-91.824199,40.610304],[-91.832392,40.609805],[-91.852849,40.608811],[-91.8684,40.608056],[-91.883338,40.607636],[-91.915832,40.606772],[-91.916319,40.606759],[-91.936804,40.606211],[-91.943112,40.605827],[-91.947709,40.605471],[-91.961695,40.605191],[-91.969984,40.605125],[-91.998645,40.604434],[-92.001003,40.604453],[-92.008406,40.604378],[-92.012646,40.604299],[-92.033448,40.603684],[-92.034629,40.603652],[-92.04049,40.603507],[-92.053117,40.603203],[-92.062092,40.602772],[-92.067884,40.60262],[-92.071274,40.60269],[-92.082318,40.602177],[-92.08398,40.602228],[-92.09248,40.602087],[-92.096611,40.601831],[-92.112642,40.60187],[-92.125187,40.601481],[-92.149682,40.601033],[-92.17535,40.600603],[-92.195084,40.600207],[-92.201819,40.59998],[-92.20913,40.599966],[-92.217547,40.599832],[-92.22155,40.599769],[-92.236474,40.599481],[-92.246035,40.59915],[-92.250183,40.599264],[-92.267815,40.598944],[-92.269758,40.598909],[-92.293333,40.598551],[-92.298774,40.598468],[-92.325852,40.597896],[-92.331492,40.597712],[-92.341668,40.597365],[-92.350807,40.597275],[-92.362206,40.596987],[-92.37539,40.596594],[-92.378417,40.596485],[-92.379576,40.596469],[-92.386009,40.596415],[-92.399715,40.596138],[-92.415709,40.595819],[-92.427773,40.595567],[-92.434602,40.595416],[-92.436705,40.59537],[-92.448097,40.595306],[-92.4482,40.595306],[-92.461461,40.595377],[-92.462826,40.595273],[-92.473042,40.595153],[-92.481571,40.594947],[-92.484513,40.595077],[-92.4967,40.594766],[-92.499514,40.59461],[-92.505935,40.594328],[-92.522245,40.593868],[-92.535054,40.593511],[-92.540251,40.593376],[-92.557642,40.592972],[-92.559328,40.592909],[-92.562992,40.59274],[-92.580266,40.592258],[-92.587073,40.591966],[-92.601171,40.591651],[-92.60891,40.591479],[-92.615565,40.591331],[-92.625191,40.591044],[-92.632282,40.590992],[-92.635043,40.590922],[-92.647773,40.59065],[-92.659409,40.590341],[-92.686282,40.589861],[-92.688412,40.589922],[-92.696639,40.589704],[-92.714596,40.589427],[-92.729024,40.589261],[-92.742316,40.589205],[-92.748277,40.58903],[-92.775087,40.588713],[-92.781317,40.58859],[-92.795772,40.588688],[-92.816228,40.588542],[-92.827853,40.588602],[-92.827785,40.58845],[-92.856582,40.588363],[-92.86148,40.588213],[-92.867308,40.588178],[-92.8752,40.588392],[-92.886341,40.588248],[-92.890181,40.587958],[-92.903081,40.587956],[-92.903899,40.587864],[-92.9074,40.587978],[-92.918038,40.587842],[-92.932555,40.587654],[-92.943061,40.587604],[-92.956595,40.587365],[-92.961591,40.587337],[-92.976038,40.587042],[-92.985008,40.586887],[-93.0135,40.586297],[-93.024413,40.586013],[-93.040348,40.585617],[-93.066599,40.5848],[-93.070116,40.58466],[-93.089784,40.584262],[-93.09417,40.584118],[-93.103067,40.583832],[-93.120004,40.583272],[-93.135802,40.582854],[-93.141078,40.582793],[-93.166404,40.58233],[-93.18371,40.581999],[-93.201236,40.581806],[-93.204098,40.581765],[-93.221626,40.581449],[-93.2316,40.58135],[-93.241476,40.58124],[-93.251695,40.580924],[-93.260444,40.580814],[-93.275488,40.580748],[-93.295242,40.580738],[-93.303807,40.580724],[-93.312456,40.580686],[-93.317486,40.580674],[-93.33395,40.580441],[-93.345529,40.580515],[-93.362626,40.580337],[-93.374386,40.580333],[-93.3861,40.580195],[-93.387026,40.580346],[-93.393716,40.580158],[-93.412247,40.580086],[-93.42191,40.58003],[-93.441647,40.579951],[-93.455089,40.580013],[-93.465297,40.580164],[-93.466887,40.580072],[-93.485195,40.580386],[-93.489046,40.580384],[-93.500218,40.58027],[-93.510053,40.580355],[-93.520549,40.580439],[-93.523307,40.580457],[-93.523939,40.580473],[-93.524597,40.580489],[-93.527057,40.580498],[-93.528177,40.580367],[-93.542464,40.580333],[-93.547578,40.580407],[-93.55339,40.5803],[-93.558951,40.580112],[-93.560796,40.580147],[-93.56575,40.580094],[-93.597377,40.579431],[-93.610511,40.57918],[-93.62316,40.579005],[-93.625221,40.578812],[-93.646992,40.578488],[-93.660353,40.578376],[-93.675748,40.57815],[-93.677155,40.578088],[-93.699862,40.577796],[-93.728355,40.577547],[-93.743811,40.577483],[-93.750671,40.577612],[-93.770403,40.577507],[-93.774344,40.577548],[-93.780952,40.577437],[-93.783652,40.577367],[-93.801374,40.577338],[-93.815485,40.577277],[-93.818666,40.577081],[-93.853906,40.576605],[-93.863037,40.57642],[-93.881885,40.57622],[-93.889048,40.576021]]]]}},{"type":"Feature","properties":{"id":7,"NAME":"7","TotalPop":769365,"PopDevPct":0.00000114,"DemPct":0.27901881,"RepPct":0.68984519,"WhitePct":0.85021691,"MinorityPct":0.14978309,"BlackPct":0.02637882,"HispanicPct":0.04962963,"PacificPct":0.00447267,"AsianPct":0.01912944,"NativePct":0.04564608,"TotalVAP":594947,"Margin":-0.22098119,"color":"#A9A9A9","opacity":"0.5"},"geometry":{"type":"MultiPolygon","coordinates":[[[[-92.909336,36.809178],[-92.909342,36.809384],[-92.909148,36.815207],[-92.908987,36.819885],[-92.908844,36.824056],[-92.908829,36.824663],[-92.908709,36.828912],[-92.908284,36.852922],[-92.908258,36.854565],[-92.908218,36.857204],[-92.907992,36.867628],[-92.907589,36.875058],[-92.907097,36.894883],[-92.907094,36.896715],[-92.906946,36.901522],[-92.90694,36.901843],[-92.905866,36.936082],[-92.905803,36.939291],[-92.905782,36.940015],[-92.90558,36.950079],[-92.905348,36.961565],[-92.905114,36.969185],[-92.90486,36.977505],[-92.904701,36.98271],[-92.904623,36.985266],[-92.904533,36.998333],[-92.904319,37.002593],[-92.904367,37.002598],[-92.904208,37.008816],[-92.903901,37.022813],[-92.903703,37.030146],[-92.903494,37.037644],[-92.903441,37.039634],[-92.903408,37.041428],[-92.903249,37.050645],[-92.903051,37.056048],[-92.903237,37.063283],[-92.903263,37.067919],[-92.903273,37.070651],[-92.884111,37.070123],[-92.86711,37.069403],[-92.867026,37.069539],[-92.857042,37.069335],[-92.856751,37.068963],[-92.851871,37.068833],[-92.849076,37.068763],[-92.836772,37.068452],[-92.82467,37.068674],[-92.823451,37.068697],[-92.822836,37.068708],[-92.821755,37.068728],[-92.821572,37.068728],[-92.821505,37.068728],[-92.819243,37.068734],[-92.811871,37.068852],[-92.807457,37.06879],[-92.789301,37.068541],[-92.776194,37.06836],[-92.775575,37.068352],[-92.764082,37.068195],[-92.750167,37.068003],[-92.745746,37.067796],[-92.739624,37.067838],[-92.738977,37.067829],[-92.717411,37.067517],[-92.690293,37.067116],[-92.685867,37.067051],[-92.684901,37.090387],[-92.684172,37.108046],[-92.683997,37.112276],[-92.68381,37.116806],[-92.683761,37.117991],[-92.68374,37.118497],[-92.683466,37.125088],[-92.682824,37.144945],[-92.682759,37.154539],[-92.682464,37.159087],[-92.682023,37.168772],[-92.681883,37.169243],[-92.681963,37.175828],[-92.681557,37.184058],[-92.681495,37.185913],[-92.681296,37.191171],[-92.680851,37.205792],[-92.680534,37.213141],[-92.680531,37.213203],[-92.680608,37.215706],[-92.680254,37.22769],[-92.680055,37.22781],[-92.679807,37.234199],[-92.679811,37.234888],[-92.679766,37.235369],[-92.679676,37.238715],[-92.679667,37.238983],[-92.679769,37.239725],[-92.679659,37.242363],[-92.688822,37.242501],[-92.698121,37.242629],[-92.716382,37.24279],[-92.734788,37.24289],[-92.752323,37.242799],[-92.770422,37.242765],[-92.770516,37.242859],[-92.78902,37.242998],[-92.797841,37.243053],[-92.807215,37.24324],[-92.813484,37.243438],[-92.818344,37.243531],[-92.843606,37.24406],[-92.854524,37.24428],[-92.86672,37.244573],[-92.875653,37.24466],[-92.876278,37.244645],[-92.879809,37.244672],[-92.898488,37.245527],[-92.898646,37.241851],[-92.911171,37.242292],[-92.915373,37.242439],[-92.916752,37.242487],[-92.916573,37.246122],[-92.934851,37.247102],[-92.935007,37.243181],[-92.939479,37.243372],[-92.943761,37.243555],[-92.94405,37.233866],[-92.947722,37.234302],[-92.949709,37.234779],[-92.950925,37.235623],[-92.953973,37.236026],[-92.95392,37.233413],[-92.96608,37.233458],[-92.971861,37.233506],[-92.971795,37.236563],[-92.971782,37.237148],[-92.975427,37.239209],[-92.979249,37.242193],[-92.9793,37.242622],[-92.979346,37.243363],[-92.980946,37.2439],[-92.974218,37.248118],[-92.971553,37.248018],[-92.971509,37.250221],[-92.971479,37.251691],[-92.97113,37.268234],[-92.974372,37.26824],[-92.975849,37.268625],[-92.978489,37.26858],[-92.979452,37.268042],[-92.983088,37.266606],[-92.986306,37.266401],[-92.989931,37.269521],[-92.99011,37.269526],[-92.992036,37.270344],[-92.9933,37.269465],[-92.994255,37.268997],[-92.99442,37.269019],[-92.995259,37.268925],[-92.995486,37.268892],[-92.995672,37.268788],[-92.995788,37.268762],[-92.995995,37.268716],[-92.99627,37.268622],[-92.996517,37.268567],[-92.996909,37.268408],[-92.997012,37.268325],[-92.997252,37.267968],[-92.997342,37.267748],[-92.99741,37.267528],[-92.997493,37.267424],[-92.997479,37.267358],[-92.997389,37.267243],[-92.997307,37.267221],[-92.995985,37.265545],[-92.99593,37.26543],[-92.995813,37.265326],[-92.995786,37.265238],[-92.99582,37.2651],[-92.995951,37.264957],[-92.997545,37.263846],[-92.998081,37.26344],[-92.998328,37.263297],[-92.998527,37.263225],[-92.998844,37.263165],[-92.999112,37.263076],[-92.999318,37.262977],[-92.999737,37.262873],[-93.000495,37.262724],[-93.000832,37.262692],[-93.001739,37.262643],[-93.002172,37.262676],[-93.002426,37.262714],[-93.002715,37.262819],[-93.002887,37.262934],[-93.003016,37.262981],[-93.003039,37.262986],[-93.004007,37.2631],[-93.004468,37.263067],[-93.004922,37.263067],[-93.00519,37.2631],[-93.005561,37.263024],[-93.005774,37.263106],[-93.006091,37.263321],[-93.006352,37.263469],[-93.006668,37.263579],[-93.00752,37.263964],[-93.007768,37.264025],[-93.008036,37.264014],[-93.008338,37.263805],[-93.008497,37.263602],[-93.008648,37.263322],[-93.008937,37.263086],[-93.00924,37.262745],[-93.009845,37.262212],[-93.009955,37.26208],[-93.010031,37.261905],[-93.010093,37.261635],[-93.010203,37.261454],[-93.010244,37.2613],[-93.010231,37.261059],[-93.010259,37.260762],[-93.010376,37.260135],[-93.0107,37.259273],[-93.010941,37.258531],[-93.011071,37.258322],[-93.011168,37.258086],[-93.011306,37.257191],[-93.011526,37.256729],[-93.011801,37.256306],[-93.012035,37.256042],[-93.012193,37.255966],[-93.012372,37.25596],[-93.012819,37.256169],[-93.013135,37.256367],[-93.013499,37.256719],[-93.013657,37.25684],[-93.013856,37.257071],[-93.013959,37.257126],[-93.014338,37.257164],[-93.014736,37.25717],[-93.015554,37.256989],[-93.016242,37.256775],[-93.017067,37.256622],[-93.017045,37.263145],[-93.025893,37.263714],[-93.026929,37.263535],[-93.030254,37.264329],[-93.032146,37.265417],[-93.033429,37.265633],[-93.038421,37.265185],[-93.040238,37.266851],[-93.046247,37.270818],[-93.041073,37.270727],[-93.040724,37.272307],[-93.03836,37.272928],[-93.038302,37.275836],[-93.036983,37.276885],[-93.037327,37.278392],[-93.039683,37.278379],[-93.043423,37.279517],[-93.043762,37.27954],[-93.044118,37.277864],[-93.04525,37.275875],[-93.048357,37.274128],[-93.053271,37.273148],[-93.058057,37.272197],[-93.058084,37.272433],[-93.058103,37.272604],[-93.058127,37.272813],[-93.05843,37.272755],[-93.060023,37.272443],[-93.061193,37.272211],[-93.061839,37.272081],[-93.062967,37.271856],[-93.065402,37.271379],[-93.065386,37.274338],[-93.068127,37.274403],[-93.06832,37.276417],[-93.06845,37.270935],[-93.073378,37.270717],[-93.07338,37.270582],[-93.076775,37.270599],[-93.076771,37.270745],[-93.076621,37.279096],[-93.076312,37.295385],[-93.076241,37.299678],[-93.076175,37.303502],[-93.075869,37.319753],[-93.075856,37.320747],[-93.075682,37.327807],[-93.075406,37.339638],[-93.07535,37.342101],[-93.075304,37.347813],[-93.075108,37.352401],[-93.075043,37.355204],[-93.075004,37.356916],[-93.074923,37.360364],[-93.07481,37.365195],[-93.074719,37.371349],[-93.07466,37.373377],[-93.07465,37.37339],[-93.074627,37.374958],[-93.074486,37.378546],[-93.073819,37.400414],[-93.073728,37.403422],[-93.07338,37.414989],[-93.078094,37.414916],[-93.094108,37.415156],[-93.109691,37.41547],[-93.119038,37.415598],[-93.119504,37.415694],[-93.138184,37.415944],[-93.14024,37.416169],[-93.140532,37.416175],[-93.144373,37.416257],[-93.145063,37.416271],[-93.145169,37.416273],[-93.145512,37.416283],[-93.158129,37.416793],[-93.158287,37.416799],[-93.159346,37.416783],[-93.182489,37.417204],[-93.18783,37.41729],[-93.190965,37.417462],[-93.211806,37.41805],[-93.212061,37.418058],[-93.219022,37.418287],[-93.23034,37.418657],[-93.23482,37.418803],[-93.239088,37.418943],[-93.246492,37.418878],[-93.251045,37.418861],[-93.26463,37.419157],[-93.27354,37.41925],[-93.280561,37.419509],[-93.30113,37.41996],[-93.3186,37.42032],[-93.323118,37.420437],[-93.32759,37.420544],[-93.336678,37.420891],[-93.345747,37.421248],[-93.347314,37.421323],[-93.351,37.42135],[-93.351353,37.421392],[-93.357444,37.42162],[-93.36394,37.42181],[-93.364351,37.421815],[-93.368478,37.42196],[-93.381431,37.422047],[-93.389344,37.422322],[-93.399171,37.422661],[-93.399153,37.422673],[-93.400563,37.42269],[-93.41456,37.42287],[-93.418806,37.422997],[-93.42797,37.42332],[-93.43723,37.423554],[-93.441948,37.423686],[-93.4557,37.424184],[-93.460029,37.424379],[-93.461986,37.424469],[-93.473089,37.424521],[-93.473797,37.424543],[-93.49226,37.424962],[-93.509344,37.425381],[-93.511633,37.42539],[-93.511756,37.425045],[-93.52078,37.42525],[-93.52869,37.42541],[-93.54354,37.42576],[-93.55284,37.42598],[-93.570458,37.426319],[-93.580203,37.426542],[-93.58476,37.42662],[-93.5938,37.42679],[-93.594819,37.426806],[-93.615231,37.427242],[-93.621153,37.427423],[-93.62122,37.426622],[-93.621557,37.4173],[-93.621662,37.414129],[-93.621671,37.412805],[-93.621754,37.409181],[-93.621938,37.40558],[-93.622231,37.398265],[-93.622412,37.394041],[-93.622446,37.39309],[-93.622453,37.392915],[-93.622785,37.38373],[-93.623002,37.375044],[-93.62319,37.373311],[-93.62304,37.369176],[-93.623292,37.362574],[-93.623928,37.347561],[-93.623858,37.345816],[-93.624104,37.340133],[-93.624372,37.331079],[-93.624578,37.325572],[-93.624415,37.324748],[-93.624607,37.319291],[-93.624825,37.314665],[-93.625196,37.303788],[-93.625474,37.294592],[-93.625514,37.29281],[-93.62561,37.290146],[-93.625844,37.282011],[-93.641264,37.282226],[-93.650259,37.282407],[-93.663859,37.282701],[-93.666103,37.282747],[-93.67371,37.282936],[-93.673889,37.282941],[-93.677447,37.283024],[-93.69562,37.283546],[-93.702251,37.283723],[-93.70494,37.283692],[-93.709076,37.28366],[-93.710535,37.283755],[-93.71736,37.283891],[-93.719801,37.283899],[-93.727557,37.284059],[-93.733511,37.284206],[-93.735481,37.284242],[-93.743136,37.284475],[-93.747049,37.284551],[-93.750207,37.284782],[-93.754992,37.28477],[-93.75934,37.284764],[-93.759443,37.284764],[-93.759553,37.28477],[-93.761968,37.284855],[-93.764996,37.284943],[-93.766973,37.284979],[-93.767074,37.284981],[-93.785395,37.285379],[-93.790645,37.285477],[-93.79706,37.28563],[-93.801434,37.285703],[-93.801538,37.285702],[-93.801886,37.285705],[-93.812695,37.285896],[-93.822067,37.286075],[-93.827234,37.286199],[-93.827838,37.286211],[-93.83283,37.286327],[-93.83952,37.28641],[-93.841015,37.286366],[-93.841438,37.286359],[-93.845532,37.286456],[-93.854518,37.286646],[-93.855237,37.286662],[-93.864036,37.286856],[-93.865676,37.286892],[-93.875211,37.287101],[-93.882147,37.287114],[-93.885732,37.287167],[-93.891554,37.287288],[-93.900717,37.287311],[-93.910037,37.287453],[-93.912692,37.287473],[-93.914163,37.287497],[-93.920298,37.287502],[-93.927241,37.2876],[-93.932665,37.28761],[-93.941731,37.287784],[-93.942857,37.287809],[-93.945302,37.287841],[-93.948412,37.287666],[-93.953021,37.288077],[-93.954739,37.288086],[-93.955472,37.288074],[-93.959231,37.288053],[-93.960162,37.288066],[-93.963619,37.288108],[-93.981364,37.288369],[-93.992239,37.288599],[-93.999024,37.288747],[-94.006499,37.288911],[-94.010577,37.289005],[-94.017268,37.289156],[-94.028811,37.289443],[-94.029485,37.28946],[-94.03437,37.289571],[-94.047193,37.289945],[-94.052313,37.290078],[-94.057505,37.290209],[-94.065508,37.290426],[-94.070445,37.290547],[-94.073142,37.290613],[-94.083833,37.290851],[-94.083463,37.305528],[-94.083053,37.320128],[-94.082692,37.332494],[-94.08265,37.334742],[-94.082227,37.345459],[-94.082083,37.349291],[-94.100504,37.349607],[-94.118642,37.350192],[-94.123074,37.350164],[-94.12499,37.350378],[-94.136872,37.350642],[-94.139342,37.350685],[-94.152563,37.350914],[-94.173294,37.351492],[-94.181847,37.351642],[-94.183454,37.351663],[-94.191833,37.351703],[-94.212803,37.352216],[-94.213014,37.352222],[-94.215792,37.352297],[-94.227859,37.352661],[-94.228273,37.352708],[-94.228526,37.352722],[-94.229009,37.352739],[-94.230492,37.352792],[-94.231975,37.352845],[-94.232328,37.352857],[-94.236287,37.352988],[-94.236842,37.353029],[-94.238195,37.352973],[-94.246872,37.353228],[-94.252075,37.353266],[-94.264871,37.353401],[-94.267634,37.353307],[-94.272863,37.353576],[-94.282913,37.353839],[-94.283088,37.353839],[-94.283295,37.353982],[-94.293897,37.354313],[-94.293966,37.35431],[-94.294035,37.354307],[-94.294126,37.35431],[-94.294217,37.354313],[-94.297765,37.354428],[-94.298988,37.354474],[-94.300168,37.354504],[-94.300488,37.354502],[-94.302024,37.354544],[-94.302906,37.354578],[-94.306708,37.354724],[-94.307144,37.354738],[-94.310581,37.354834],[-94.311264,37.35485],[-94.31322,37.354853],[-94.313873,37.354873],[-94.319446,37.354981],[-94.322858,37.355],[-94.338293,37.35537],[-94.338344,37.355368],[-94.35664,37.355488],[-94.375228,37.356074],[-94.392845,37.35643],[-94.392821,37.35688],[-94.402052,37.356898],[-94.425934,37.357382],[-94.429444,37.357563],[-94.441369,37.357865],[-94.447457,37.357998],[-94.456002,37.358322],[-94.465396,37.358697],[-94.469681,37.358867],[-94.481702,37.359342],[-94.483733,37.359417],[-94.484979,37.359503],[-94.492452,37.360038],[-94.492672,37.360048],[-94.501608,37.360408],[-94.501709,37.360436],[-94.505708,37.360665],[-94.515779,37.361194],[-94.516871,37.361243],[-94.524425,37.36159],[-94.538403,37.361969],[-94.556803,37.362579],[-94.565983,37.362795],[-94.57527,37.36314],[-94.577711,37.36338],[-94.582299,37.363412],[-94.589771,37.363813],[-94.593715,37.363693],[-94.606214,37.363847],[-94.610217,37.364074],[-94.61757,37.36417],[-94.61757,37.364143],[-94.617669,37.34243],[-94.617686,37.335566],[-94.617658,37.326817],[-94.617819,37.320629],[-94.617864,37.306258],[-94.617926,37.296417],[-94.61796,37.290813],[-94.617997,37.276297],[-94.618074,37.261938],[-94.618075,37.24725],[-94.61802,37.243437],[-94.618158,37.237597],[-94.618152,37.225351],[-94.61814,37.218247],[-94.618103,37.21175],[-94.618313,37.194687],[-94.61832,37.188863],[-94.618293,37.18112],[-94.618243,37.174761],[-94.618177,37.169138],[-94.618244,37.160184],[-94.618218,37.153116],[-94.618229,37.151845],[-94.618071,37.143523],[-94.618041,37.142341],[-94.618017,37.141951],[-94.617807,37.138365],[-94.617814,37.133112],[-94.617978,37.12964],[-94.618086,37.124952],[-94.618167,37.11893],[-94.618017,37.113186],[-94.61807,37.101866],[-94.617933,37.09445],[-94.618036,37.090651],[-94.618029,37.087141],[-94.617945,37.085931],[-94.617934,37.07882],[-94.617932,37.078686],[-94.617931,37.077486],[-94.617905,37.07303],[-94.617919,37.071047],[-94.617849,37.056797],[-94.61798,37.032987],[-94.617981,37.032747],[-94.617985,37.032526],[-94.618014,37.030926],[-94.617947,37.012144],[-94.61793,37.005851],[-94.617938,37.005602],[-94.617932,37.005583],[-94.617922,37.004828],[-94.618044,36.996091],[-94.618041,36.9959],[-94.617996,36.994711],[-94.618141,36.9833],[-94.618158,36.980627],[-94.618171,36.978628],[-94.618243,36.970897],[-94.618061,36.96212],[-94.618037,36.955285],[-94.618062,36.950723],[-94.617949,36.935083],[-94.617946,36.926131],[-94.618053,36.91151],[-94.618061,36.89708],[-94.618326,36.893642],[-94.618668,36.879988],[-94.618452,36.878841],[-94.618268,36.874336],[-94.61831,36.868906],[-94.618303,36.868828],[-94.618302,36.868728],[-94.618301,36.868421],[-94.618289,36.867654],[-94.618346,36.864295],[-94.618343,36.859317],[-94.61838,36.854584],[-94.618345,36.853187],[-94.618366,36.846093],[-94.618387,36.839421],[-94.618372,36.837579],[-94.618356,36.83638],[-94.618346,36.835443],[-94.618329,36.833778],[-94.61842,36.824553],[-94.618471,36.816364],[-94.618414,36.803616],[-94.618338,36.795348],[-94.618199,36.781001],[-94.618219,36.777279],[-94.618307,36.76656],[-94.618386,36.756782],[-94.618465,36.750069],[-94.618273,36.737727],[-94.61819,36.716682],[-94.618159,36.709005],[-94.618157,36.708582],[-94.618155,36.708225],[-94.618145,36.705383],[-94.618178,36.69672],[-94.618025,36.669422],[-94.618077,36.667921],[-94.618055,36.665016],[-94.617957,36.648434],[-94.617826,36.633544],[-94.617709,36.624745],[-94.617692,36.612575],[-94.617796,36.606756],[-94.617857,36.598002],[-94.617908,36.577704],[-94.617926,36.555839],[-94.617879,36.536911],[-94.617759,36.536137],[-94.617902,36.533933],[-94.617985,36.53266],[-94.617823,36.516378],[-94.617845,36.514895],[-94.617831,36.509389],[-94.617832,36.50922],[-94.617834,36.508714],[-94.617836,36.508546],[-94.617841,36.507524],[-94.617857,36.499532],[-94.617718,36.499532],[-94.617649,36.499532],[-94.60674,36.49949],[-94.600141,36.499487],[-94.596015,36.499473],[-94.55931,36.499496],[-94.554645,36.499409],[-94.537443,36.499345],[-94.528457,36.499304],[-94.51957,36.499263],[-94.497594,36.498972],[-94.480283,36.499059],[-94.476292,36.499236],[-94.447362,36.499428],[-94.440708,36.499472],[-94.436469,36.499337],[-94.415006,36.499478],[-94.409738,36.499415],[-94.408963,36.499566],[-94.399963,36.49956],[-94.398519,36.499387],[-94.389271,36.499404],[-94.386767,36.499238],[-94.383637,36.499461],[-94.374418,36.499619],[-94.361203,36.4996],[-94.354854,36.499749],[-94.353773,36.49956],[-94.339315,36.499486],[-94.329431,36.499453],[-94.313239,36.49938],[-94.311582,36.499374],[-94.310324,36.499369],[-94.310281,36.499368],[-94.303586,36.499342],[-94.294108,36.499307],[-94.289477,36.499292],[-94.276117,36.499267],[-94.272579,36.499196],[-94.26928,36.499182],[-94.269074,36.49918],[-94.264791,36.499287],[-94.25997,36.499352],[-94.220419,36.498996],[-94.196426,36.498859],[-94.187017,36.498806],[-94.181413,36.498815],[-94.155858,36.498713],[-94.142533,36.498646],[-94.125204,36.49869],[-94.116029,36.498642],[-94.111556,36.498769],[-94.110783,36.498717],[-94.094474,36.498683],[-94.077089,36.498669],[-94.073371,36.498679],[-94.060338,36.49871],[-94.025323,36.498796],[-94.024256,36.498798],[-93.997991,36.498822],[-93.996042,36.498821],[-93.965414,36.498846],[-93.962197,36.498853],[-93.950534,36.498926],[-93.932551,36.498942],[-93.931976,36.498941],[-93.924457,36.498943],[-93.922105,36.498943],[-93.899589,36.4989],[-93.881952,36.499083],[-93.866688,36.4991],[-93.866689,36.498735],[-93.835956,36.498848],[-93.835836,36.498848],[-93.834349,36.498853],[-93.834042,36.498854],[-93.79676,36.498999],[-93.789861,36.49898],[-93.773903,36.498967],[-93.773301,36.498967],[-93.759484,36.498965],[-93.75442,36.499035],[-93.753741,36.499038],[-93.752228,36.499051],[-93.74839,36.499106],[-93.747115,36.499121],[-93.72073,36.499263],[-93.714008,36.499213],[-93.709774,36.499217],[-93.691422,36.499131],[-93.689356,36.49914],[-93.658858,36.499122],[-93.648282,36.499103],[-93.64662,36.499099],[-93.634726,36.499055],[-93.615984,36.49911],[-93.59865,36.499128],[-93.598519,36.499128],[-93.584262,36.499167],[-93.583989,36.499166],[-93.58311,36.499168],[-93.560014,36.499234],[-93.54755,36.499305],[-93.539735,36.499278],[-93.530128,36.499218],[-93.514364,36.499228],[-93.489236,36.498938],[-93.477713,36.498943],[-93.448707,36.49885],[-93.43957,36.498842],[-93.418541,36.498852],[-93.401323,36.49874],[-93.398624,36.498712],[-93.397444,36.498682],[-93.395987,36.498713],[-93.395218,36.498732],[-93.391215,36.498606],[-93.384272,36.49854],[-93.362198,36.498499],[-93.349672,36.498436],[-93.329802,36.498448],[-93.315323,36.498451],[-93.311101,36.498439],[-93.309407,36.498439],[-93.295674,36.498436],[-93.291864,36.498434],[-93.290853,36.498432],[-93.26164,36.498388],[-93.227725,36.498185],[-93.222061,36.498156],[-93.221782,36.498156],[-93.21,36.498099],[-93.209058,36.498094],[-93.192448,36.49799],[-93.180386,36.49796],[-93.15116,36.497925],[-93.150318,36.497911],[-93.137471,36.497853],[-93.101314,36.498121],[-93.089097,36.498073],[-93.076542,36.498065],[-93.06582,36.498219],[-93.029377,36.498248],[-93.0175,36.498193],[-93.014401,36.49818],[-93.013745,36.498176],[-93.010501,36.498159],[-93.008194,36.498159],[-92.997668,36.498088],[-92.984225,36.498011],[-92.970368,36.497953],[-92.964108,36.49795],[-92.960575,36.497948],[-92.934553,36.497907],[-92.929366,36.4979],[-92.929161,36.4979],[-92.913475,36.497878],[-92.912047,36.497876],[-92.880626,36.4979],[-92.875891,36.497869],[-92.86933,36.497851],[-92.863847,36.497862],[-92.838452,36.497868],[-92.825448,36.497858],[-92.814966,36.497851],[-92.813389,36.497842],[-92.802828,36.497867],[-92.772339,36.497839],[-92.772054,36.509626],[-92.771793,36.518297],[-92.771711,36.522056],[-92.771693,36.523721],[-92.771665,36.527664],[-92.771635,36.532529],[-92.770898,36.553969],[-92.770691,36.562092],[-92.77044,36.573477],[-92.77014,36.58863],[-92.770053,36.591633],[-92.769869,36.598076],[-92.769856,36.59851],[-92.769494,36.610013],[-92.769386,36.619444],[-92.769209,36.624746],[-92.769194,36.625293],[-92.768759,36.640087],[-92.768374,36.657874],[-92.767722,36.683469],[-92.767781,36.688347],[-92.767151,36.702186],[-92.767245,36.708643],[-92.767093,36.712366],[-92.766686,36.735828],[-92.766681,36.736334],[-92.766218,36.755881],[-92.765802,36.770254],[-92.765702,36.775731],[-92.765661,36.778115],[-92.765605,36.781647],[-92.765577,36.783297],[-92.764869,36.806097],[-92.765081,36.806101],[-92.781863,36.806413],[-92.783007,36.806471],[-92.789052,36.806579],[-92.818058,36.807247],[-92.824168,36.807368],[-92.824483,36.807373],[-92.828096,36.807444],[-92.828308,36.807449],[-92.832251,36.807525],[-92.85244,36.80789],[-92.855405,36.807953],[-92.875669,36.808353],[-92.903692,36.809043],[-92.907668,36.809139],[-92.909011,36.80917],[-92.909336,36.809178]]]]}},{"type":"Feature","properties":{"id":8,"NAME":"8","TotalPop":769364,"PopDevPct":-1.6e-7,"DemPct":0.25703822,"RepPct":0.71637293,"WhitePct":0.88279136,"MinorityPct":0.11720864,"BlackPct":0.04707209,"HispanicPct":0.01939072,"PacificPct":0.00099521,"AsianPct":0.01137699,"NativePct":0.03049415,"TotalVAP":595852,"Margin":-0.24296178,"color":"#6A5ACD","opacity":"0.5"},"geometry":{"type":"MultiPolygon","coordinates":[[[[-92.252261,37.472944],[-92.263734,37.473093],[-92.305963,37.473645],[-92.306564,37.472952],[-92.321347,37.473203],[-92.351739,37.473721],[-92.35969,37.473856],[-92.361401,37.473812],[-92.371535,37.473643],[-92.38395,37.473933],[-92.411514,37.474737],[-92.41162,37.474739],[-92.411705,37.474741],[-92.411814,37.474743],[-92.4119,37.474744],[-92.412009,37.474746],[-92.412184,37.474749],[-92.41236,37.474751],[-92.414279,37.474783],[-92.432771,37.475099],[-92.450434,37.475398],[-92.468207,37.475702],[-92.487099,37.476021],[-92.500168,37.476512],[-92.511031,37.476676],[-92.5223,37.477062],[-92.522472,37.477076],[-92.533586,37.477945],[-92.540252,37.478369],[-92.543168,37.478545],[-92.553999,37.478592],[-92.559,37.478734],[-92.562419,37.478796],[-92.568755,37.478868],[-92.57677,37.478963],[-92.582266,37.479018],[-92.587208,37.479132],[-92.590089,37.47922],[-92.597113,37.479459],[-92.608714,37.479663],[-92.62239,37.479936],[-92.624111,37.479967],[-92.62672,37.480034],[-92.649894,37.480665],[-92.657762,37.480817],[-92.659241,37.480853],[-92.677317,37.481309],[-92.685949,37.481526],[-92.68632,37.481536],[-92.686671,37.481545],[-92.686976,37.466868],[-92.687083,37.455111],[-92.687207,37.452334],[-92.687572,37.437746],[-92.688072,37.437746],[-92.688132,37.434613],[-92.688323,37.429817],[-92.6882,37.429603],[-92.688391,37.421063],[-92.688645,37.408977],[-92.688737,37.398156],[-92.688901,37.39439],[-92.68896,37.391282],[-92.689197,37.378907],[-92.689495,37.356898],[-92.689516,37.35521],[-92.689571,37.350647],[-92.690471,37.350647],[-92.690559,37.343372],[-92.690648,37.336106],[-92.69073,37.329485],[-92.690802,37.324918],[-92.690996,37.321585],[-92.691003,37.321456],[-92.691139,37.314313],[-92.69116,37.312483],[-92.691254,37.307183],[-92.691534,37.296268],[-92.691904,37.281743],[-92.692089,37.27447],[-92.692303,37.263514],[-92.688217,37.263438],[-92.67897,37.263149],[-92.67909,37.259662],[-92.679659,37.242363],[-92.679769,37.239725],[-92.679667,37.238983],[-92.679676,37.238715],[-92.679766,37.235369],[-92.679811,37.234888],[-92.679807,37.234199],[-92.680055,37.22781],[-92.680254,37.22769],[-92.680608,37.215706],[-92.680531,37.213203],[-92.680534,37.213141],[-92.680851,37.205792],[-92.681296,37.191171],[-92.681495,37.185913],[-92.681557,37.184058],[-92.681963,37.175828],[-92.681883,37.169243],[-92.682023,37.168772],[-92.682464,37.159087],[-92.682759,37.154539],[-92.682824,37.144945],[-92.683466,37.125088],[-92.68374,37.118497],[-92.683761,37.117991],[-92.68381,37.116806],[-92.683997,37.112276],[-92.684172,37.108046],[-92.684901,37.090387],[-92.685867,37.067051],[-92.690293,37.067116],[-92.717411,37.067517],[-92.738977,37.067829],[-92.739624,37.067838],[-92.745746,37.067796],[-92.750167,37.068003],[-92.764082,37.068195],[-92.775575,37.068352],[-92.776194,37.06836],[-92.789301,37.068541],[-92.807457,37.06879],[-92.811871,37.068852],[-92.819243,37.068734],[-92.821505,37.068728],[-92.821572,37.068728],[-92.821755,37.068728],[-92.822836,37.068708],[-92.823451,37.068697],[-92.82467,37.068674],[-92.836772,37.068452],[-92.849076,37.068763],[-92.851871,37.068833],[-92.856751,37.068963],[-92.857042,37.069335],[-92.867026,37.069539],[-92.86711,37.069403],[-92.884111,37.070123],[-92.903273,37.070651],[-92.903263,37.067919],[-92.903237,37.063283],[-92.903051,37.056048],[-92.903249,37.050645],[-92.903408,37.041428],[-92.903441,37.039634],[-92.903494,37.037644],[-92.903703,37.030146],[-92.903901,37.022813],[-92.904208,37.008816],[-92.904367,37.002598],[-92.904319,37.002593],[-92.904533,36.998333],[-92.904623,36.985266],[-92.904701,36.98271],[-92.90486,36.977505],[-92.905114,36.969185],[-92.905348,36.961565],[-92.90558,36.950079],[-92.905782,36.940015],[-92.905803,36.939291],[-92.905866,36.936082],[-92.90694,36.901843],[-92.906946,36.901522],[-92.907094,36.896715],[-92.907097,36.894883],[-92.907589,36.875058],[-92.907992,36.867628],[-92.908218,36.857204],[-92.908258,36.854565],[-92.908284,36.852922],[-92.908709,36.828912],[-92.908829,36.824663],[-92.908844,36.824056],[-92.908987,36.819885],[-92.909148,36.815207],[-92.909342,36.809384],[-92.909336,36.809178],[-92.909011,36.80917],[-92.907668,36.809139],[-92.903692,36.809043],[-92.875669,36.808353],[-92.855405,36.807953],[-92.85244,36.80789],[-92.832251,36.807525],[-92.828308,36.807449],[-92.828096,36.807444],[-92.824483,36.807373],[-92.824168,36.807368],[-92.818058,36.807247],[-92.789052,36.806579],[-92.783007,36.806471],[-92.781863,36.806413],[-92.765081,36.806101],[-92.764869,36.806097],[-92.765577,36.783297],[-92.765605,36.781647],[-92.765661,36.778115],[-92.765702,36.775731],[-92.765802,36.770254],[-92.766218,36.755881],[-92.766681,36.736334],[-92.766686,36.735828],[-92.767093,36.712366],[-92.767245,36.708643],[-92.767151,36.702186],[-92.767781,36.688347],[-92.767722,36.683469],[-92.768374,36.657874],[-92.768759,36.640087],[-92.769194,36.625293],[-92.769209,36.624746],[-92.769386,36.619444],[-92.769494,36.610013],[-92.769856,36.59851],[-92.769869,36.598076],[-92.770053,36.591633],[-92.77014,36.58863],[-92.77044,36.573477],[-92.770691,36.562092],[-92.770898,36.553969],[-92.771635,36.532529],[-92.771665,36.527664],[-92.771693,36.523721],[-92.771711,36.522056],[-92.771793,36.518297],[-92.772054,36.509626],[-92.772339,36.497839],[-92.757484,36.497843],[-92.753115,36.497845],[-92.746017,36.497847],[-92.739373,36.497856],[-92.732278,36.497865],[-92.72366,36.497887],[-92.718604,36.497916],[-92.717225,36.497921],[-92.708453,36.497962],[-92.703666,36.497971],[-92.686214,36.498007],[-92.651928,36.498107],[-92.634926,36.498178],[-92.617322,36.49814],[-92.612131,36.498157],[-92.605853,36.498178],[-92.601628,36.498193],[-92.600872,36.498194],[-92.59251,36.498193],[-92.55984,36.4983],[-92.550329,36.498424],[-92.515385,36.498604],[-92.511524,36.49869],[-92.504109,36.498609],[-92.496242,36.498627],[-92.49251,36.498675],[-92.482802,36.498704],[-92.482162,36.498713],[-92.470416,36.498762],[-92.447865,36.498559],[-92.434468,36.498313],[-92.432119,36.49824],[-92.418678,36.49791],[-92.400113,36.497874],[-92.384927,36.497845],[-92.383158,36.497555],[-92.374737,36.497302],[-92.370252,36.497264],[-92.361078,36.497355],[-92.353877,36.497577],[-92.353332,36.497572],[-92.350213,36.497646],[-92.337123,36.497585],[-92.308524,36.497661],[-92.303255,36.49771],[-92.296376,36.497745],[-92.284184,36.497851],[-92.278496,36.497988],[-92.261934,36.498022],[-92.259457,36.498048],[-92.257231,36.498071],[-92.252516,36.498149],[-92.237481,36.498206],[-92.21544,36.49837],[-92.201554,36.49836],[-92.199277,36.498375],[-92.187163,36.498408],[-92.165911,36.498594],[-92.162313,36.498677],[-92.150285,36.498661],[-92.138776,36.498739],[-92.120443,36.4987],[-92.120393,36.498779],[-92.112483,36.498813],[-92.103303,36.498776],[-92.09216,36.498673],[-92.079193,36.498707],[-92.071911,36.498661],[-92.056075,36.498581],[-92.055718,36.49858],[-92.029316,36.498533],[-92.02865,36.498418],[-92.020665,36.498358],[-92.020647,36.498515],[-92.011901,36.498491],[-92.011734,36.498491],[-92.01141,36.498489],[-91.99796,36.498418],[-91.985754,36.498449],[-91.972612,36.498485],[-91.954593,36.498547],[-91.932886,36.498722],[-91.931582,36.498732],[-91.925762,36.498782],[-91.915578,36.498849],[-91.908896,36.498855],[-91.867865,36.498908],[-91.858048,36.498895],[-91.845642,36.498901],[-91.836929,36.498912],[-91.819101,36.498953],[-91.805915,36.499062],[-91.78166,36.499191],[-91.75927,36.499208],[-91.751817,36.499292],[-91.742352,36.499277],[-91.740773,36.499381],[-91.708469,36.499406],[-91.698112,36.499409],[-91.69105,36.499412],[-91.68591,36.499374],[-91.672334,36.499392],[-91.636604,36.499352],[-91.625103,36.49928],[-91.617693,36.499328],[-91.609817,36.499319],[-91.607723,36.49957],[-91.602277,36.499556],[-91.6013,36.499348],[-91.590538,36.499302],[-91.564771,36.499255],[-91.553564,36.499247],[-91.548165,36.499165],[-91.54556,36.499178],[-91.5447,36.499151],[-91.536832,36.499124],[-91.53621,36.499117],[-91.534479,36.499011],[-91.529785,36.499053],[-91.527821,36.499037],[-91.485295,36.498515],[-91.450019,36.497672],[-91.44292,36.497578],[-91.436545,36.49737],[-91.433103,36.497399],[-91.420082,36.497159],[-91.407259,36.497091],[-91.380118,36.497233],[-91.361637,36.497249],[-91.343298,36.497266],[-91.327468,36.497366],[-91.324546,36.497377],[-91.308764,36.497433],[-91.3024,36.497403],[-91.29067,36.497348],[-91.268078,36.497424],[-91.260799,36.497459],[-91.235647,36.497542],[-91.22683,36.497525],[-91.21898,36.497487],[-91.208721,36.497509],[-91.199931,36.497462],[-91.181424,36.497563],[-91.172629,36.497545],[-91.172386,36.497546],[-91.172127,36.497545],[-91.144371,36.497673],[-91.126522,36.497665],[-91.09574,36.497836],[-91.073735,36.497906],[-91.052819,36.498049],[-91.049962,36.498064],[-91.016712,36.498197],[-90.999125,36.49831],[-90.987388,36.498314],[-90.980716,36.498321],[-90.971986,36.498349],[-90.940441,36.49844],[-90.927635,36.498455],[-90.924933,36.498452],[-90.888418,36.498224],[-90.87257,36.498295],[-90.863737,36.498384],[-90.854566,36.4985],[-90.839047,36.498647],[-90.81867,36.498741],[-90.807408,36.498834],[-90.806252,36.498642],[-90.802629,36.498612],[-90.801999,36.498608],[-90.801232,36.498606],[-90.782564,36.49858],[-90.780601,36.498603],[-90.778907,36.498582],[-90.76558,36.498545],[-90.747357,36.498556],[-90.726291,36.498539],[-90.71114,36.498378],[-90.698071,36.498237],[-90.693005,36.498241],[-90.675216,36.498568],[-90.659143,36.498647],[-90.63927,36.498479],[-90.621532,36.498464],[-90.612584,36.498537],[-90.589858,36.498494],[-90.584697,36.498575],[-90.576179,36.498547],[-90.55828,36.498543],[-90.539856,36.498497],[-90.522103,36.498456],[-90.514181,36.498444],[-90.504297,36.498466],[-90.494217,36.498353],[-90.468672,36.498631],[-90.467422,36.49843],[-90.447494,36.498413],[-90.441213,36.49833],[-90.441047,36.498328],[-90.439238,36.498311],[-90.438926,36.49831],[-90.433809,36.498262],[-90.433452,36.498259],[-90.431809,36.498244],[-90.431709,36.498242],[-90.431444,36.498239],[-90.424897,36.498177],[-90.39386,36.498075],[-90.376626,36.498095],[-90.355788,36.498066],[-90.340075,36.498076],[-90.325702,36.498108],[-90.317782,36.498104],[-90.306965,36.497972],[-90.287146,36.497948],[-90.285126,36.497931],[-90.279202,36.497932],[-90.265494,36.497896],[-90.249038,36.497798],[-90.229905,36.497862],[-90.220732,36.497859],[-90.21204,36.497937],[-90.193981,36.49791],[-90.183649,36.497863],[-90.183275,36.497863],[-90.182462,36.497866],[-90.182118,36.497867],[-90.155479,36.497967],[-90.154687,36.497973],[-90.152569,36.497981],[-90.152307,36.497982],[-90.152833,36.497567],[-90.15377,36.497054],[-90.154349,36.496829],[-90.154458,36.496252],[-90.154126,36.495567],[-90.153076,36.493952],[-90.153132,36.493301],[-90.15345,36.493048],[-90.154822,36.492563],[-90.155211,36.492629],[-90.156961,36.494066],[-90.159819,36.494506],[-90.159733,36.493011],[-90.157944,36.491025],[-90.156891,36.490629],[-90.156491,36.490516],[-90.156295,36.490164],[-90.156151,36.489097],[-90.156178,36.488492],[-90.156578,36.487596],[-90.159844,36.48763],[-90.16022,36.486396],[-90.158724,36.48478],[-90.157485,36.484499],[-90.157206,36.484311],[-90.157356,36.483739],[-90.158249,36.482432],[-90.158712,36.481943],[-90.159539,36.481248],[-90.159662,36.480833],[-90.159544,36.480244],[-90.159244,36.479711],[-90.157501,36.47887],[-90.157175,36.478779],[-90.155911,36.478693],[-90.153523,36.477964],[-90.151238,36.476958],[-90.15014,36.476717],[-90.148789,36.476317],[-90.148194,36.476223],[-90.147225,36.476219],[-90.146182,36.476539],[-90.145366,36.476506],[-90.14455,36.476331],[-90.143512,36.475744],[-90.143156,36.475186],[-90.14325,36.474039],[-90.143122,36.473341],[-90.142617,36.472664],[-90.142392,36.471399],[-90.142618,36.470451],[-90.142885,36.470233],[-90.145061,36.469109],[-90.147823,36.469324],[-90.148868,36.470246],[-90.150349,36.470498],[-90.152147,36.47022],[-90.152985,36.470771],[-90.153309,36.468648],[-90.155593,36.466435],[-90.155337,36.463716],[-90.15448,36.463538],[-90.153753,36.46373],[-90.152647,36.464356],[-90.151705,36.465088],[-90.150783,36.465445],[-90.15022,36.465399],[-90.149791,36.465098],[-90.148886,36.463972],[-90.148374,36.463496],[-90.147376,36.463019],[-90.146541,36.462817],[-90.145314,36.462794],[-90.144763,36.462964],[-90.144177,36.463741],[-90.14403,36.464648],[-90.14458,36.466343],[-90.14463,36.466738],[-90.144227,36.46779],[-90.142782,36.46779],[-90.142421,36.467195],[-90.141966,36.466933],[-90.141249,36.466784],[-90.1409,36.466456],[-90.140424,36.465075],[-90.14036,36.464333],[-90.140703,36.462976],[-90.140846,36.462514],[-90.1416,36.461137],[-90.14173,36.460598],[-90.141613,36.459814],[-90.140658,36.458102],[-90.139707,36.457065],[-90.137808,36.455713],[-90.13769,36.455633],[-90.137558,36.45551],[-90.137445,36.455411],[-90.137229,36.455226],[-90.136937,36.455041],[-90.136547,36.454854],[-90.136207,36.454713],[-90.135741,36.454588],[-90.135273,36.454486],[-90.134916,36.454439],[-90.134364,36.454272],[-90.134021,36.45396],[-90.133923,36.453503],[-90.134632,36.452594],[-90.137081,36.45076],[-90.137268,36.450189],[-90.13708,36.44965],[-90.136318,36.448563],[-90.136146,36.448054],[-90.136512,36.447053],[-90.136505,36.446578],[-90.135789,36.4446],[-90.135889,36.443767],[-90.13635,36.442874],[-90.136293,36.442555],[-90.134741,36.44062],[-90.134271,36.439547],[-90.134054,36.438699],[-90.134077,36.437348],[-90.134224,36.436572],[-90.134628,36.435831],[-90.135172,36.435446],[-90.135794,36.435263],[-90.137187,36.435149],[-90.138362,36.435291],[-90.13893,36.43503],[-90.138089,36.434056],[-90.137741,36.433385],[-90.137548,36.432708],[-90.137518,36.432144],[-90.137782,36.431696],[-90.138501,36.43126],[-90.139785,36.431257],[-90.141052,36.431513],[-90.142567,36.43131],[-90.143011,36.430948],[-90.143412,36.430227],[-90.14356,36.429647],[-90.143802,36.427991],[-90.144312,36.426018],[-90.14434,36.42538],[-90.144117,36.42474],[-90.143817,36.424308],[-90.143299,36.423886],[-90.142149,36.423352],[-90.141638,36.423017],[-90.140984,36.422364],[-90.140231,36.42175],[-90.139592,36.421424],[-90.138604,36.421154],[-90.138001,36.421168],[-90.137401,36.421417],[-90.136447,36.422483],[-90.135817,36.42296],[-90.135162,36.423168],[-90.134403,36.422877],[-90.134391,36.422344],[-90.13486,36.421367],[-90.135301,36.420096],[-90.135478,36.419188],[-90.135395,36.418729],[-90.134905,36.417572],[-90.134925,36.417146],[-90.135269,36.416431],[-90.135822,36.415738],[-90.136363,36.415231],[-90.137254,36.414913],[-90.13815,36.414835],[-90.138618,36.414575],[-90.138657,36.414297],[-90.138617,36.413992],[-90.138503,36.413726],[-90.138009,36.413438],[-90.136868,36.41328],[-90.135975,36.413334],[-90.134393,36.413728],[-90.132728,36.414405],[-90.131205,36.414964],[-90.130285,36.415559],[-90.129854,36.416149],[-90.129238,36.4167],[-90.128586,36.416852],[-90.127404,36.416736],[-90.12689,36.41646],[-90.126557,36.415946],[-90.126795,36.415156],[-90.128653,36.4125],[-90.1289,36.411968],[-90.128745,36.411446],[-90.128259,36.411257],[-90.12541,36.410937],[-90.125093,36.410903],[-90.123724,36.410846],[-90.123219,36.410836],[-90.122487,36.410795],[-90.122084,36.410785],[-90.121551,36.410835],[-90.121135,36.410965],[-90.120882,36.411112],[-90.120661,36.411285],[-90.120475,36.411478],[-90.119956,36.41197],[-90.119617,36.412282],[-90.119444,36.412423],[-90.119349,36.412481],[-90.119213,36.412517],[-90.119036,36.412532],[-90.118886,36.412513],[-90.118808,36.412456],[-90.118624,36.412142],[-90.118619,36.411489],[-90.118847,36.410648],[-90.118874,36.410007],[-90.118504,36.409429],[-90.117529,36.409173],[-90.116778,36.408798],[-90.116033,36.40809],[-90.115324,36.408028],[-90.115002,36.408258],[-90.114709,36.40914],[-90.114078,36.409651],[-90.113645,36.409562],[-90.113455,36.408932],[-90.113513,36.408254],[-90.113736,36.407886],[-90.115096,36.407272],[-90.115564,36.406951],[-90.115922,36.406314],[-90.115815,36.405931],[-90.115242,36.405776],[-90.114699,36.405913],[-90.113231,36.406527],[-90.111354,36.407654],[-90.110825,36.407744],[-90.110473,36.407566],[-90.110391,36.407047],[-90.110691,36.406042],[-90.110881,36.405072],[-90.110718,36.404519],[-90.110322,36.404165],[-90.109462,36.40379],[-90.108648,36.403644],[-90.10757,36.40395],[-90.105769,36.404979],[-90.104774,36.405445],[-90.104464,36.405446],[-90.10416,36.40535],[-90.103757,36.4049],[-90.102793,36.403242],[-90.10206,36.402302],[-90.10166,36.402006],[-90.10119,36.402026],[-90.099718,36.403137],[-90.098894,36.403924],[-90.098145,36.403949],[-90.097435,36.403557],[-90.096814,36.403344],[-90.095576,36.403606],[-90.093925,36.403707],[-90.09249,36.403496],[-90.091631,36.403146],[-90.090131,36.402709],[-90.088426,36.402306],[-90.087724,36.402191],[-90.086519,36.402119],[-90.086161,36.402017],[-90.085041,36.40126],[-90.084419,36.400675],[-90.084017,36.400522],[-90.083205,36.401086],[-90.082799,36.401232],[-90.082044,36.401237],[-90.08152,36.401096],[-90.080322,36.400488],[-90.079414,36.399834],[-90.078867,36.399238],[-90.07856,36.398327],[-90.078349,36.396876],[-90.073754,36.392769],[-90.070929,36.393608],[-90.069793,36.390474],[-90.068364,36.389125],[-90.068776,36.388529],[-90.068909,36.388188],[-90.067772,36.388094],[-90.065907,36.387529],[-90.066144,36.387063],[-90.067649,36.386428],[-90.06829,36.385884],[-90.068353,36.385602],[-90.068126,36.385149],[-90.067734,36.384984],[-90.066299,36.384831],[-90.063698,36.384185],[-90.063504,36.384081],[-90.063267,36.38347],[-90.063422,36.383118],[-90.064229,36.382408],[-90.0654,36.380646],[-90.065957,36.379673],[-90.066159,36.378867],[-90.066733,36.378111],[-90.066562,36.377818],[-90.065721,36.377582],[-90.064945,36.377104],[-90.064339,36.377108],[-90.063224,36.377551],[-90.062779,36.377163],[-90.062912,36.376625],[-90.063744,36.376041],[-90.064023,36.375278],[-90.063734,36.374138],[-90.063776,36.372863],[-90.063648,36.371732],[-90.064183,36.370557],[-90.0647,36.36917],[-90.064725,36.368601],[-90.064478,36.367625],[-90.064253,36.367433],[-90.06358,36.367278],[-90.063509,36.366986],[-90.064353,36.366418],[-90.065238,36.365522],[-90.066166,36.365209],[-90.066358,36.364989],[-90.065937,36.364338],[-90.065836,36.363342],[-90.066683,36.362042],[-90.066581,36.361123],[-90.066053,36.360062],[-90.066349,36.358833],[-90.066504,36.358659],[-90.067912,36.357999],[-90.068371,36.357696],[-90.068494,36.357357],[-90.068007,36.356629],[-90.068244,36.356417],[-90.069755,36.356619],[-90.070461,36.356381],[-90.071174,36.355612],[-90.071599,36.354405],[-90.072036,36.353953],[-90.073213,36.353544],[-90.073959,36.352864],[-90.074097,36.352033],[-90.074279,36.351652],[-90.07581,36.349835],[-90.076158,36.349681],[-90.077363,36.349608],[-90.077961,36.349398],[-90.078058,36.349147],[-90.077831,36.34859],[-90.077068,36.347408],[-90.075425,36.345514],[-90.074339,36.344071],[-90.074188,36.34337],[-90.07421,36.342517],[-90.074823,36.341788],[-90.075803,36.341597],[-90.076563,36.341652],[-90.076976,36.341439],[-90.077277,36.340767],[-90.07728,36.340021],[-90.077508,36.339337],[-90.077838,36.338846],[-90.078219,36.33802],[-90.078366,36.33732],[-90.078099,36.336246],[-90.077636,36.335892],[-90.076046,36.335258],[-90.075674,36.334979],[-90.075459,36.334345],[-90.075642,36.333862],[-90.076382,36.332634],[-90.076645,36.331349],[-90.077334,36.330399],[-90.077877,36.330094],[-90.078657,36.329882],[-90.0791,36.329556],[-90.079154,36.3291],[-90.078947,36.328383],[-90.07913,36.327698],[-90.079298,36.327518],[-90.081125,36.327179],[-90.081642,36.326816],[-90.081992,36.326072],[-90.081637,36.325475],[-90.0805,36.324624],[-90.079858,36.323705],[-90.080109,36.323193],[-90.081225,36.323121],[-90.081885,36.322848],[-90.082353,36.322119],[-90.082264,36.32184],[-90.08027,36.319995],[-90.079645,36.318329],[-90.077726,36.319163],[-90.076471,36.319048],[-90.076104,36.318213],[-90.074186,36.317533],[-90.07415,36.316588],[-90.072177,36.315447],[-90.071436,36.314145],[-90.069487,36.313254],[-90.06844,36.311322],[-90.068004,36.30924],[-90.066334,36.305382],[-90.065027,36.304776],[-90.064177,36.303708],[-90.064282,36.302333],[-90.067446,36.299542],[-90.069158,36.298806],[-90.070315,36.296866],[-90.069844,36.294749],[-90.071502,36.293206],[-90.072542,36.292843],[-90.074625,36.291032],[-90.079015,36.289868],[-90.078129,36.288819],[-90.077728,36.286463],[-90.077183,36.284315],[-90.075747,36.281209],[-90.076045,36.280624],[-90.079735,36.278661],[-90.080641,36.276798],[-90.081853,36.275342],[-90.082003,36.274086],[-90.083795,36.271938],[-90.086014,36.271353],[-90.087913,36.27147],[-90.088364,36.27153],[-90.089011,36.27131],[-90.090167,36.271189],[-90.091025,36.271237],[-90.092086,36.271127],[-90.093426,36.271178],[-90.094382,36.27115],[-90.095488,36.271391],[-90.096047,36.271366],[-90.096556,36.271192],[-90.097666,36.270299],[-90.097933,36.269777],[-90.098916,36.269341],[-90.099504,36.268947],[-90.100033,36.268871],[-90.100991,36.26904],[-90.102422,36.269053],[-90.103238,36.268734],[-90.103433,36.268267],[-90.104241,36.26775],[-90.105063,36.267763],[-90.105222,36.267598],[-90.105603,36.266428],[-90.105952,36.266114],[-90.106538,36.265859],[-90.107203,36.26583],[-90.107874,36.266044],[-90.108786,36.26562],[-90.109223,36.265642],[-90.109783,36.265935],[-90.11003,36.266337],[-90.110086,36.266786],[-90.110411,36.266834],[-90.110926,36.26649],[-90.111604,36.266322],[-90.112721,36.26634],[-90.113772,36.265872],[-90.115118,36.265205],[-90.117175,36.262992],[-90.11606,36.261524],[-90.117451,36.259833],[-90.11761,36.258166],[-90.1191,36.257884],[-90.118059,36.25621],[-90.118296,36.25544],[-90.119877,36.254524],[-90.118402,36.253624],[-90.121423,36.250064],[-90.122561,36.248942],[-90.121852,36.247731],[-90.121999,36.246468],[-90.123321,36.246112],[-90.12393,36.244799],[-90.124876,36.244209],[-90.123903,36.243402],[-90.124603,36.242837],[-90.125892,36.243424],[-90.126834,36.243154],[-90.129623,36.243424],[-90.130254,36.24311],[-90.130876,36.240998],[-90.129783,36.239971],[-90.12777,36.239609],[-90.127809,36.237183],[-90.12717,36.23653],[-90.1248,36.235263],[-90.124785,36.233949],[-90.126471,36.232987],[-90.125485,36.231672],[-90.126112,36.229381],[-90.127742,36.229726],[-90.131121,36.228732],[-90.131699,36.227054],[-90.13241,36.226432],[-90.135226,36.226338],[-90.138158,36.227325],[-90.140119,36.226791],[-90.141242,36.227613],[-90.142393,36.227327],[-90.143812,36.225855],[-90.143966,36.223462],[-90.145687,36.22336],[-90.146052,36.222821],[-90.14564,36.220979],[-90.146758,36.220874],[-90.147993,36.221874],[-90.149016,36.221789],[-90.150356,36.219599],[-90.151422,36.218909],[-90.152239,36.215647],[-90.153496,36.21563],[-90.155246,36.214097],[-90.157393,36.213568],[-90.158628,36.214957],[-90.161325,36.215544],[-90.163994,36.214319],[-90.165437,36.214445],[-90.167201,36.213408],[-90.168251,36.213316],[-90.169472,36.214124],[-90.170174,36.212367],[-90.172527,36.21074],[-90.173918,36.2102],[-90.175501,36.210766],[-90.177104,36.208807],[-90.176934,36.207732],[-90.178027,36.207162],[-90.180333,36.208613],[-90.181711,36.208406],[-90.182296,36.205405],[-90.183197,36.204964],[-90.184048,36.205525],[-90.185686,36.204539],[-90.187012,36.205657],[-90.188214,36.20534],[-90.188764,36.20364],[-90.189961,36.202495],[-90.189997,36.201593],[-90.193115,36.200324],[-90.193954,36.200622],[-90.194616,36.200626],[-90.195098,36.200434],[-90.195659,36.199621],[-90.195815,36.19907],[-90.195898,36.197202],[-90.196128,36.196707],[-90.196456,36.196372],[-90.197192,36.196003],[-90.197449,36.196143],[-90.19929,36.19673],[-90.200979,36.195423],[-90.201057,36.195195],[-90.201144,36.194663],[-90.201228,36.194355],[-90.201445,36.193792],[-90.201507,36.193309],[-90.201476,36.193122],[-90.201298,36.192771],[-90.201086,36.192619],[-90.200917,36.192448],[-90.200833,36.192243],[-90.200816,36.192029],[-90.200893,36.191804],[-90.201058,36.191583],[-90.201496,36.191224],[-90.201682,36.191104],[-90.202759,36.190707],[-90.203408,36.190453],[-90.20377,36.190262],[-90.204107,36.189905],[-90.204128,36.189673],[-90.204541,36.188652],[-90.204246,36.188141],[-90.204102,36.187525],[-90.204226,36.187074],[-90.204624,36.186747],[-90.206311,36.186435],[-90.206935,36.186162],[-90.209408,36.186164],[-90.210331,36.185593],[-90.210047,36.184155],[-90.211359,36.183099],[-90.2139,36.182969],[-90.214235,36.184328],[-90.215423,36.184588],[-90.216188,36.183699],[-90.21722,36.183655],[-90.217856,36.184442],[-90.219965,36.184727],[-90.220905,36.18401],[-90.221614,36.181801],[-90.224857,36.1789],[-90.225213,36.177696],[-90.225177,36.176766],[-90.226645,36.175546],[-90.226925,36.174759],[-90.229638,36.172958],[-90.229305,36.171429],[-90.23032,36.170587],[-90.231067,36.168498],[-90.230193,36.16758],[-90.231608,36.164775],[-90.231208,36.163761],[-90.232841,36.162875],[-90.233711,36.161212],[-90.235347,36.15954],[-90.235301,36.158569],[-90.233877,36.156735],[-90.233044,36.156409],[-90.232949,36.156382],[-90.23274,36.156169],[-90.232731,36.156021],[-90.232882,36.155866],[-90.233177,36.15564],[-90.233294,36.155518],[-90.233367,36.155361],[-90.233467,36.155],[-90.233473,36.154881],[-90.233389,36.154717],[-90.23328,36.15466],[-90.23303,36.154626],[-90.232867,36.15457],[-90.232575,36.154278],[-90.232392,36.154249],[-90.231923,36.154355],[-90.231794,36.154326],[-90.231625,36.15422],[-90.231376,36.153969],[-90.231231,36.153739],[-90.23123,36.15359],[-90.231295,36.153367],[-90.231538,36.152723],[-90.231809,36.152088],[-90.232,36.15157],[-90.232049,36.151334],[-90.232072,36.151014],[-90.231957,36.150215],[-90.231821,36.149758],[-90.231611,36.148988],[-90.231549,36.14862],[-90.231492,36.148089],[-90.231458,36.147286],[-90.231397,36.146949],[-90.231443,36.146618],[-90.231549,36.146372],[-90.231753,36.146151],[-90.232122,36.145896],[-90.232559,36.145649],[-90.232956,36.145461],[-90.233374,36.145342],[-90.233742,36.145273],[-90.234467,36.145311],[-90.234929,36.145189],[-90.235079,36.145009],[-90.235105,36.144777],[-90.235051,36.144231],[-90.234787,36.143259],[-90.234862,36.143017],[-90.235101,36.142602],[-90.235254,36.142379],[-90.2355,36.1419],[-90.235709,36.14132],[-90.235761,36.140436],[-90.235376,36.139961],[-90.235311,36.139682],[-90.235372,36.13948],[-90.235445,36.139395],[-90.235794,36.139152],[-90.235922,36.139149],[-90.23607,36.139348],[-90.236162,36.139411],[-90.236369,36.139428],[-90.236619,36.139382],[-90.236817,36.139287],[-90.2374,36.138784],[-90.237528,36.138734],[-90.238094,36.138754],[-90.238654,36.138669],[-90.239366,36.138518],[-90.240005,36.138362],[-90.240206,36.138285],[-90.240401,36.138135],[-90.240662,36.137877],[-90.241091,36.137372],[-90.241337,36.137154],[-90.241669,36.136939],[-90.241999,36.136785],[-90.242785,36.136567],[-90.243103,36.136572],[-90.243445,36.136613],[-90.244099,36.136432],[-90.244874,36.136403],[-90.245299,36.136329],[-90.245556,36.136188],[-90.245631,36.136059],[-90.24563,36.135917],[-90.24539,36.13542],[-90.245368,36.13527],[-90.24536,36.134339],[-90.245299,36.133833],[-90.245307,36.133594],[-90.245496,36.133287],[-90.24575,36.13304],[-90.246249,36.132634],[-90.246508,36.132484],[-90.246781,36.132426],[-90.2471,36.132437],[-90.247416,36.1326],[-90.247542,36.132637],[-90.247744,36.132592],[-90.247894,36.132348],[-90.247766,36.131882],[-90.24776,36.131651],[-90.247848,36.131397],[-90.247981,36.131192],[-90.248518,36.13083],[-90.248755,36.130589],[-90.249177,36.129661],[-90.249345,36.129519],[-90.251345,36.129374],[-90.251967,36.128226],[-90.253267,36.127312],[-90.255239,36.127073],[-90.25865,36.12755],[-90.260517,36.127388],[-90.26122,36.12628],[-90.264033,36.123572],[-90.266525,36.120021],[-90.268449,36.119159],[-90.271992,36.118469],[-90.273247,36.116756],[-90.276861,36.117538],[-90.27916,36.11734],[-90.280547,36.116708],[-90.283289,36.116301],[-90.285302,36.115592],[-90.288241,36.115593],[-90.290574,36.114701],[-90.292928,36.114499],[-90.294833,36.113099],[-90.29488,36.112035],[-90.293896,36.11111],[-90.293985,36.109734],[-90.296278,36.109361],[-90.29717,36.107776],[-90.29783,36.107607],[-90.298042,36.107503],[-90.298158,36.107317],[-90.298249,36.107025],[-90.29837,36.106211],[-90.29837,36.105972],[-90.298306,36.105736],[-90.298147,36.105539],[-90.297879,36.10528],[-90.297816,36.105118],[-90.297821,36.104854],[-90.297955,36.104299],[-90.298001,36.103988],[-90.297992,36.103636],[-90.297917,36.103102],[-90.297946,36.102917],[-90.298057,36.102658],[-90.298663,36.102148],[-90.299063,36.101845],[-90.299175,36.101678],[-90.299414,36.101198],[-90.299652,36.100589],[-90.299977,36.099936],[-90.300103,36.099594],[-90.300117,36.099377],[-90.300072,36.099099],[-90.299913,36.0986],[-90.299875,36.098338],[-90.299896,36.098123],[-90.299995,36.097913],[-90.300185,36.097719],[-90.300427,36.097549],[-90.3007,36.097417],[-90.301078,36.097284],[-90.301699,36.097123],[-90.302123,36.096993],[-90.3027,36.096748],[-90.303031,36.096657],[-90.303313,36.096551],[-90.303573,36.09639],[-90.30466,36.09561],[-90.305431,36.095203],[-90.305815,36.095068],[-90.306254,36.094951],[-90.307622,36.094621],[-90.307947,36.094557],[-90.30845,36.094569],[-90.30923,36.094744],[-90.309467,36.094766],[-90.309677,36.094737],[-90.310139,36.094567],[-90.310393,36.094524],[-90.31066,36.09454],[-90.311533,36.094659],[-90.311791,36.094662],[-90.312045,36.094618],[-90.312314,36.094503],[-90.313061,36.093874],[-90.314212,36.093016],[-90.314784,36.092507],[-90.31525,36.091999],[-90.315687,36.091418],[-90.31596,36.091088],[-90.316526,36.090612],[-90.316758,36.090494],[-90.317195,36.090394],[-90.317414,36.090405],[-90.317782,36.090539],[-90.318027,36.090576],[-90.31826,36.090565],[-90.318549,36.090457],[-90.318846,36.090293],[-90.319612,36.08957],[-90.319733,36.08926],[-90.319843,36.089071],[-90.320059,36.088863],[-90.320115,36.088736],[-90.320151,36.088384],[-90.320235,36.088118],[-90.320413,36.087696],[-90.320648,36.087052],[-90.320618,36.086854],[-90.320517,36.086704],[-90.320039,36.086458],[-90.319858,36.086313],[-90.31961,36.086035],[-90.31941,36.085762],[-90.319155,36.085263],[-90.318876,36.084367],[-90.318865,36.084109],[-90.318986,36.083836],[-90.31919,36.083614],[-90.31971,36.083165],[-90.319903,36.082955],[-90.319988,36.082744],[-90.320014,36.082227],[-90.32009,36.081643],[-90.320252,36.081013],[-90.320206,36.080879],[-90.320071,36.080671],[-90.319841,36.080486],[-90.319479,36.080264],[-90.31911,36.080077],[-90.318638,36.079683],[-90.318581,36.079512],[-90.318557,36.079025],[-90.318626,36.078428],[-90.318577,36.078092],[-90.318638,36.077767],[-90.318527,36.077411],[-90.318258,36.076855],[-90.318302,36.076455],[-90.318238,36.076134],[-90.318303,36.075853],[-90.318537,36.075164],[-90.318664,36.074946],[-90.318842,36.074743],[-90.319147,36.0745],[-90.319472,36.074194],[-90.320586,36.073452],[-90.320813,36.073201],[-90.320902,36.07301],[-90.320899,36.072801],[-90.320746,36.072249],[-90.320668,36.072038],[-90.320547,36.071604],[-90.320555,36.071453],[-90.320621,36.07132],[-90.320795,36.071184],[-90.321361,36.07093],[-90.321652,36.070892],[-90.321848,36.070898],[-90.322008,36.070946],[-90.322407,36.07113],[-90.322908,36.071326],[-90.323353,36.071582],[-90.323573,36.071621],[-90.323731,36.071611],[-90.323936,36.071512],[-90.324118,36.071168],[-90.324286,36.071021],[-90.325032,36.070615],[-90.325294,36.070452],[-90.326294,36.069755],[-90.326726,36.069504],[-90.327323,36.069107],[-90.327628,36.068778],[-90.328007,36.068508],[-90.328289,36.068406],[-90.328557,36.068343],[-90.328818,36.068351],[-90.329596,36.068495],[-90.329782,36.068507],[-90.329998,36.068461],[-90.331236,36.068064],[-90.33206,36.067715],[-90.332372,36.067629],[-90.332697,36.067618],[-90.333131,36.067657],[-90.333252,36.067598],[-90.333345,36.067476],[-90.33354,36.067128],[-90.333927,36.066199],[-90.333916,36.065916],[-90.333948,36.065772],[-90.33424,36.065378],[-90.33434,36.064527],[-90.334396,36.06425],[-90.334622,36.063888],[-90.334972,36.063499],[-90.335024,36.063331],[-90.335008,36.063174],[-90.334843,36.062722],[-90.334785,36.062483],[-90.334776,36.06229],[-90.334838,36.062112],[-90.335082,36.06176],[-90.335597,36.061316],[-90.336203,36.060897],[-90.336278,36.060809],[-90.336303,36.060598],[-90.336242,36.060243],[-90.33594,36.059598],[-90.335788,36.059382],[-90.335389,36.059201],[-90.335109,36.059041],[-90.334831,36.058635],[-90.334617,36.058445],[-90.334068,36.0582],[-90.333557,36.057931],[-90.333349,36.057682],[-90.333277,36.05741],[-90.33333,36.057002],[-90.333563,36.05637],[-90.333688,36.055768],[-90.333788,36.055564],[-90.333962,36.055433],[-90.334256,36.055354],[-90.335257,36.055187],[-90.336028,36.055082],[-90.336518,36.054856],[-90.336903,36.054378],[-90.3373,36.053949],[-90.337639,36.053539],[-90.337749,36.053362],[-90.337821,36.053121],[-90.337862,36.052846],[-90.337859,36.052325],[-90.337921,36.051848],[-90.338005,36.05149],[-90.337987,36.051328],[-90.337857,36.051167],[-90.337241,36.050678],[-90.337033,36.050389],[-90.336978,36.05022],[-90.336988,36.049903],[-90.337089,36.049792],[-90.337452,36.04961],[-90.337624,36.049413],[-90.337614,36.049202],[-90.337487,36.048817],[-90.33725,36.04825],[-90.337044,36.047675],[-90.336885,36.047348],[-90.336917,36.047169],[-90.337045,36.047105],[-90.337278,36.047054],[-90.337741,36.04702],[-90.337924,36.046983],[-90.338285,36.046842],[-90.338606,36.046771],[-90.338798,36.046764],[-90.339116,36.047001],[-90.339378,36.047115],[-90.339684,36.047179],[-90.339995,36.047198],[-90.340641,36.047136],[-90.340895,36.047051],[-90.341197,36.046875],[-90.341497,36.046673],[-90.342137,36.046214],[-90.342516,36.045825],[-90.342731,36.045641],[-90.343201,36.045329],[-90.343366,36.045188],[-90.343436,36.045072],[-90.343478,36.044991],[-90.343563,36.044655],[-90.343503,36.044462],[-90.343245,36.044104],[-90.343182,36.043966],[-90.343194,36.043815],[-90.343299,36.043544],[-90.343496,36.043218],[-90.343673,36.043007],[-90.343838,36.042923],[-90.34442,36.042946],[-90.344701,36.042936],[-90.345121,36.042891],[-90.34537,36.042807],[-90.345579,36.042668],[-90.345752,36.042441],[-90.345858,36.042236],[-90.346012,36.042075],[-90.346231,36.041963],[-90.346609,36.041889],[-90.347109,36.041865],[-90.347567,36.041824],[-90.347844,36.041772],[-90.348029,36.041696],[-90.348208,36.041573],[-90.348709,36.040777],[-90.349055,36.040079],[-90.349309,36.039295],[-90.349328,36.038947],[-90.349254,36.038694],[-90.349017,36.038354],[-90.348996,36.038131],[-90.34884,36.035979],[-90.348321,36.035157],[-90.348275,36.035051],[-90.348511,36.034715],[-90.348697,36.03441],[-90.348993,36.034046],[-90.349264,36.033765],[-90.3497,36.033401],[-90.34987,36.033305],[-90.350411,36.033143],[-90.350594,36.033025],[-90.350816,36.032582],[-90.350793,36.03226],[-90.350888,36.031761],[-90.351108,36.031336],[-90.351263,36.031125],[-90.351421,36.031011],[-90.351647,36.030924],[-90.351907,36.030911],[-90.352464,36.031052],[-90.352784,36.031077],[-90.353337,36.031005],[-90.353732,36.030902],[-90.353988,36.03076],[-90.354182,36.030574],[-90.354284,36.030325],[-90.354247,36.030036],[-90.353989,36.029449],[-90.353801,36.029094],[-90.353541,36.028766],[-90.353334,36.028719],[-90.353063,36.028718],[-90.352422,36.028572],[-90.352211,36.028499],[-90.351952,36.028336],[-90.351713,36.028006],[-90.351406,36.027267],[-90.351356,36.026823],[-90.351417,36.026563],[-90.35158,36.026287],[-90.351641,36.026033],[-90.351619,36.025515],[-90.351653,36.025306],[-90.351782,36.025057],[-90.351986,36.024863],[-90.352306,36.024692],[-90.352616,36.024561],[-90.352929,36.024398],[-90.353457,36.024049],[-90.35384,36.023623],[-90.354031,36.023349],[-90.354296,36.02292],[-90.354467,36.022751],[-90.354692,36.022577],[-90.355089,36.022189],[-90.355343,36.021824],[-90.355886,36.02077],[-90.356198,36.020229],[-90.356412,36.019958],[-90.356797,36.01958],[-90.35762,36.018931],[-90.358144,36.018568],[-90.359054,36.018043],[-90.359552,36.017838],[-90.359791,36.017671],[-90.360348,36.017216],[-90.360643,36.016868],[-90.361242,36.016132],[-90.361412,36.015882],[-90.361654,36.015445],[-90.361933,36.015231],[-90.362629,36.014952],[-90.362982,36.014757],[-90.363342,36.014514],[-90.36364,36.01427],[-90.364389,36.01346],[-90.364909,36.013024],[-90.369282,36.008107],[-90.37283,36.003018],[-90.376977,35.996643],[-90.3779,35.995745],[-90.374871,35.995766],[-90.37462,35.99577],[-90.366044,35.995731],[-90.365859,35.995731],[-90.35597,35.995837],[-90.342794,35.995925],[-90.339273,35.996038],[-90.319279,35.996252],[-90.319124,35.996253],[-90.297836,35.996411],[-90.297775,35.996409],[-90.297713,35.99641],[-90.292871,35.996394],[-90.266051,35.996582],[-90.248311,35.996776],[-90.247733,35.996772],[-90.241548,35.996829],[-90.241331,35.996837],[-90.230983,35.996939],[-90.212963,35.997078],[-90.199499,35.997148],[-90.195032,35.997217],[-90.191029,35.997276],[-90.190946,35.997278],[-90.190859,35.997277],[-90.186073,35.997318],[-90.177263,35.997367],[-90.159052,35.997561],[-90.149083,35.997652],[-90.14119,35.997739],[-90.132295,35.997836],[-90.119638,35.997885],[-90.118297,35.997906],[-90.115725,35.997948],[-90.115274,35.997955],[-90.103859,35.998142],[-90.090322,35.998214],[-90.089869,35.998216],[-90.068204,35.998374],[-90.054847,35.998511],[-90.054448,35.998515],[-90.021796,35.998848],[-90.021658,35.998849],[-90.003817,35.999018],[-89.995637,35.999045],[-89.972428,35.999153],[-89.960146,35.999233],[-89.959376,35.999241],[-89.945914,35.999345],[-89.923887,35.999353],[-89.91437,35.999445],[-89.907789,35.999509],[-89.897524,35.999589],[-89.875666,35.999751],[-89.874878,35.999833],[-89.874607,35.999803],[-89.85973,35.999907],[-89.845458,36.000044],[-89.841823,36.000077],[-89.820834,36.000289],[-89.80599,36.000368],[-89.788102,36.000564],[-89.770191,36.000714],[-89.751857,36.000822],[-89.743278,36.000817],[-89.73353,36.000817],[-89.732643,36.000631],[-89.717462,36.000838],[-89.706932,36.000981],[-89.705677,36.005018],[-89.703571,36.00804],[-89.700517,36.011747],[-89.695261,36.017234],[-89.692437,36.020507],[-89.690306,36.024835],[-89.688577,36.029238],[-89.687254,36.034048],[-89.685395,36.045897],[-89.684439,36.051719],[-89.68327,36.060714],[-89.681946,36.072336],[-89.680029,36.082494],[-89.678821,36.084636],[-89.676121,36.087862],[-89.672463,36.091837],[-89.666598,36.095802],[-89.657709,36.099128],[-89.650182,36.101498],[-89.64302,36.10362],[-89.635272,36.10556],[-89.628305,36.106853],[-89.625078,36.108131],[-89.621297,36.11042],[-89.615128,36.113816],[-89.612992,36.114717],[-89.612868,36.114761],[-89.604682,36.118106],[-89.601936,36.11947],[-89.598946,36.121778],[-89.594658,36.126276],[-89.593549,36.128138],[-89.59307,36.129699],[-89.592589,36.133527],[-89.592102,36.135637],[-89.591632,36.142135],[-89.59166,36.145839],[-89.592206,36.15012],[-89.593583,36.154005],[-89.594397,36.155457],[-89.59845,36.161421],[-89.602475,36.166468],[-89.607004,36.171179],[-89.613919,36.176679],[-89.618228,36.179966],[-89.623804,36.183128],[-89.629037,36.185186],[-89.636894,36.188951],[-89.64479,36.194101],[-89.654876,36.20153],[-89.658172,36.203305],[-89.664144,36.20652],[-89.672538,36.211637],[-89.679548,36.215911],[-89.685092,36.219746],[-89.69263,36.224959],[-89.696694,36.228216],[-89.699677,36.230821],[-89.700393,36.231835],[-89.701759,36.233528],[-89.704459,36.235468],[-89.70525,36.236568],[-89.705545,36.238136],[-89.705328,36.239898],[-89.703511,36.243412],[-89.700712,36.247322],[-89.700532,36.247534],[-89.699996,36.248171],[-89.699817,36.248384],[-89.698568,36.250591],[-89.695235,36.252766],[-89.693752,36.252727],[-89.691308,36.252079],[-89.689156,36.250824],[-89.686229,36.249507],[-89.684159,36.249],[-89.679527,36.248388],[-89.678043,36.248287],[-89.667201,36.24928],[-89.656185,36.250487],[-89.651407,36.250683],[-89.645904,36.250067],[-89.642182,36.249486],[-89.63679,36.248079],[-89.633114,36.246451],[-89.624416,36.243305],[-89.619427,36.242004],[-89.611145,36.239271],[-89.60651,36.238328],[-89.602374,36.238106],[-89.592483,36.238722],[-89.587326,36.239484],[-89.577544,36.242262],[-89.573928,36.243843],[-89.566849,36.248902],[-89.564124,36.250479],[-89.562206,36.250909],[-89.557991,36.251037],[-89.553035,36.250197],[-89.550765,36.248838],[-89.548159,36.247967],[-89.545758,36.247501],[-89.542599,36.247706],[-89.540701,36.248189],[-89.538446,36.249233],[-89.537454,36.250067],[-89.535153,36.252036],[-89.534679,36.252979],[-89.534681,36.253079],[-89.534672,36.254665],[-89.534564,36.259284],[-89.534507,36.261803],[-89.534844,36.263735],[-89.534848,36.263816],[-89.536441,36.272827],[-89.537675,36.275279],[-89.539487,36.277368],[-89.543831,36.280217],[-89.546577,36.280439],[-89.549219,36.27875],[-89.551213,36.278141],[-89.552767,36.277769],[-89.555036,36.278008],[-89.578492,36.288317],[-89.584337,36.29334],[-89.58982,36.296814],[-89.599837,36.302611],[-89.611819,36.309088],[-89.612958,36.310448],[-89.619242,36.320726],[-89.620166,36.322805],[-89.6198,36.329546],[-89.615841,36.336085],[-89.610689,36.340442],[-89.605668,36.342234],[-89.600544,36.342985],[-89.589821,36.342569],[-89.581636,36.342357],[-89.560439,36.337746],[-89.545006,36.336809],[-89.538079,36.337496],[-89.531822,36.339246],[-89.527029,36.341679],[-89.522695,36.344789],[-89.519,36.3486],[-89.513178,36.359897],[-89.509722,36.373626],[-89.509558,36.375065],[-89.51038,36.378356],[-89.513956,36.384891],[-89.51919,36.392237],[-89.525293,36.400446],[-89.530951,36.407311],[-89.538905,36.416422],[-89.542337,36.420103],[-89.544221,36.423684],[-89.545255,36.427079],[-89.545503,36.4307],[-89.545061,36.434915],[-89.543406,36.43877],[-89.540868,36.441559],[-89.537845,36.443933],[-89.530582,36.448829],[-89.527274,36.451545],[-89.52519,36.453991],[-89.523427,36.456572],[-89.521021,36.461934],[-89.51972,36.467002],[-89.519594,36.468715],[-89.519408,36.472919],[-89.519501,36.475419],[-89.520642,36.478668],[-89.522674,36.481305],[-89.525788,36.484166],[-89.532076,36.489073],[-89.534524,36.491432],[-89.536231,36.493547],[-89.538316,36.496933],[-89.539232,36.497934],[-89.540873,36.500793],[-89.542525,36.50302],[-89.545193,36.506112],[-89.55073,36.511751],[-89.556868,36.519293],[-89.559365,36.52266],[-89.560412,36.524406],[-89.564621,36.533006],[-89.565619,36.535154],[-89.568392,36.542032],[-89.570763,36.548823],[-89.571201,36.551429],[-89.57078,36.557321],[-89.56905,36.561721],[-89.567004,36.565048],[-89.565328,36.567259],[-89.561388,36.571228],[-89.557574,36.574297],[-89.553861,36.576646],[-89.551119,36.578074],[-89.546069,36.579791],[-89.542616,36.580703],[-89.538247,36.581294],[-89.530638,36.58171],[-89.528541,36.581582],[-89.525796,36.580867],[-89.520723,36.578588],[-89.518509,36.577854],[-89.513153,36.576756],[-89.503568,36.575951],[-89.495842,36.574383],[-89.488106,36.572925],[-89.484337,36.571575],[-89.480802,36.569715],[-89.478767,36.567865],[-89.476624,36.56512],[-89.474716,36.562197],[-89.472861,36.55884],[-89.471234,36.55467],[-89.46782,36.546974],[-89.46565,36.536994],[-89.46539,36.534451],[-89.465913,36.530015],[-89.466646,36.527041],[-89.468814,36.520928],[-89.470526,36.51721],[-89.473256,36.512416],[-89.474986,36.509735],[-89.477234,36.506967],[-89.479675,36.504532],[-89.481367,36.503208],[-89.482658,36.501679],[-89.485427,36.497491],[-89.486687,36.494992],[-89.491813,36.483106],[-89.493377,36.478959],[-89.494119,36.476268],[-89.493947,36.473559],[-89.493082,36.4705],[-89.491894,36.467901],[-89.489361,36.464561],[-89.486193,36.462114],[-89.481204,36.459869],[-89.476643,36.458393],[-89.471895,36.45756],[-89.464433,36.457747],[-89.460767,36.458686],[-89.453514,36.461789],[-89.448964,36.464882],[-89.443735,36.469161],[-89.437421,36.474759],[-89.432848,36.479187],[-89.42736,36.485167],[-89.423792,36.489506],[-89.420664,36.493959],[-89.41822,36.499029],[-89.417275,36.499011],[-89.413232,36.508611],[-89.409314,36.519409],[-89.408595,36.520773],[-89.405246,36.529058],[-89.399405,36.540532],[-89.398453,36.542849],[-89.396763,36.551797],[-89.396426,36.557216],[-89.394918,36.561518],[-89.391002,36.568526],[-89.389678,36.570352],[-89.38695,36.57572],[-89.38362,36.581697],[-89.38271,36.583722],[-89.381408,36.5878],[-89.380447,36.591514],[-89.379626,36.597004],[-89.379243,36.600747],[-89.378198,36.605847],[-89.377608,36.609791],[-89.376144,36.614132],[-89.37504,36.61611],[-89.371915,36.620196],[-89.37034,36.621724],[-89.365797,36.625126],[-89.359759,36.627463],[-89.352728,36.629748],[-89.34935,36.630718],[-89.343902,36.631888],[-89.337824,36.632625],[-89.332034,36.632881],[-89.327588,36.632276],[-89.326264,36.63184],[-89.322433,36.629754],[-89.319483,36.627178],[-89.31645,36.624044],[-89.308359,36.612906],[-89.300379,36.602624],[-89.297547,36.597917],[-89.294675,36.593779],[-89.290905,36.59021],[-89.287996,36.586862],[-89.277943,36.576588],[-89.273329,36.57267],[-89.269546,36.569716],[-89.265883,36.567388],[-89.26349,36.566269],[-89.260855,36.565397],[-89.258377,36.564946],[-89.256538,36.564961],[-89.251113,36.565608],[-89.249959,36.565912],[-89.246174,36.565956],[-89.236308,36.566881],[-89.229757,36.568624],[-89.227046,36.569537],[-89.219035,36.575057],[-89.213874,36.579911],[-89.209637,36.586696],[-89.205966,36.593866],[-89.204347,36.598122],[-89.202771,36.601665],[-89.202654,36.604815],[-89.201265,36.616545],[-89.199509,36.623411],[-89.199084,36.626111],[-89.197753,36.628971],[-89.196285,36.631204],[-89.193533,36.634823],[-89.190788,36.638128],[-89.186856,36.642022],[-89.182056,36.645668],[-89.174727,36.650475],[-89.169378,36.655498],[-89.16558,36.659344],[-89.163963,36.660833],[-89.160046,36.665564],[-89.159118,36.666354],[-89.165977,36.670278],[-89.168798,36.671892],[-89.171603,36.672443],[-89.171884,36.672598],[-89.171278,36.673084],[-89.16995,36.674339],[-89.169035,36.675669],[-89.16836,36.677061],[-89.167971,36.679089],[-89.167958,36.684168],[-89.16811,36.685729],[-89.168671,36.687262],[-89.169426,36.688771],[-89.170462,36.690048],[-89.171798,36.691004],[-89.174222,36.693215],[-89.175711,36.694722],[-89.178491,36.696663],[-89.181176,36.698381],[-89.182953,36.699552],[-89.18568,36.702275],[-89.187683,36.704169],[-89.189786,36.706425],[-89.191668,36.708041],[-89.193948,36.710363],[-89.195488,36.711554],[-89.196835,36.712753],[-89.198422,36.714516],[-89.199311,36.715624],[-89.200022,36.717101],[-89.200647,36.718751],[-89.201312,36.7223],[-89.2014,36.725881],[-89.201042,36.728969],[-89.200723,36.731013],[-89.200552,36.732567],[-89.199904,36.734619],[-89.198864,36.737586],[-89.197856,36.739772],[-89.196284,36.741937],[-89.194744,36.743806],[-89.191296,36.747669],[-89.188167,36.750744],[-89.18532,36.753349],[-89.183296,36.754716],[-89.182027,36.755408],[-89.178812,36.756468],[-89.17641,36.757115],[-89.175011,36.757772],[-89.174891,36.757829],[-89.172887,36.758771],[-89.169785,36.759641],[-89.166611,36.75967],[-89.158554,36.756229],[-89.156729,36.755944],[-89.152163,36.756329],[-89.147414,36.756009],[-89.145521,36.756059],[-89.141375,36.755043],[-89.139439,36.753641],[-89.137794,36.753132],[-89.135789,36.751777],[-89.128808,36.751801],[-89.125967,36.751809],[-89.121775,36.75567],[-89.119992,36.758437],[-89.118202,36.762326],[-89.117076,36.765769],[-89.11621,36.770802],[-89.116243,36.773292],[-89.116983,36.775595],[-89.119915,36.780987],[-89.122725,36.784537],[-89.125042,36.78621],[-89.128711,36.787675],[-89.130339,36.787803],[-89.132187,36.788257],[-89.139656,36.788634],[-89.14225,36.788452],[-89.148959,36.788487],[-89.151465,36.788669],[-89.157137,36.789569],[-89.158993,36.790123],[-89.162494,36.79168],[-89.168016,36.795216],[-89.170563,36.797538],[-89.17506,36.803909],[-89.176337,36.805646],[-89.178223,36.808614],[-89.178827,36.809957],[-89.17925,36.811366],[-89.179565,36.813017],[-89.179613,36.814518],[-89.178648,36.816233],[-89.178953,36.817859],[-89.178732,36.82077],[-89.178861,36.826522],[-89.179201,36.829896],[-89.178855,36.833336],[-89.177319,36.836049],[-89.176153,36.837619],[-89.174414,36.838535],[-89.174373,36.838562],[-89.174267,36.839008],[-89.173974,36.839477],[-89.172989,36.8403],[-89.1719,36.841106],[-89.170443,36.84184],[-89.168858,36.842227],[-89.167432,36.842711],[-89.166503,36.842894],[-89.165493,36.842877],[-89.164696,36.842713],[-89.164131,36.842641],[-89.163517,36.842633],[-89.161845,36.842687],[-89.160941,36.842687],[-89.16017,36.842622],[-89.15949,36.84261],[-89.159005,36.842729],[-89.15843,36.842998],[-89.156676,36.843824],[-89.15636,36.844582],[-89.154457,36.846212],[-89.152681,36.847105],[-89.147013,36.847181],[-89.145777,36.847202],[-89.145692,36.847203],[-89.138109,36.847323],[-89.131934,36.857596],[-89.128248,36.868741],[-89.125084,36.874988],[-89.122275,36.879065],[-89.118869,36.884413],[-89.117115,36.888685],[-89.113062,36.905647],[-89.109099,36.920729],[-89.108338,36.923278],[-89.106482,36.928152],[-89.102451,36.938177],[-89.101644,36.940728],[-89.100521,36.945574],[-89.098968,36.956067],[-89.099331,36.962575],[-89.099803,36.964669],[-89.101038,36.967085],[-89.104717,36.971806],[-89.1092,36.976451],[-89.113494,36.979428],[-89.116609,36.981103],[-89.121683,36.982769],[-89.125352,36.983529],[-89.128053,36.983386],[-89.132915,36.982057],[-89.136093,36.980381],[-89.141562,36.978897],[-89.144469,36.978837],[-89.147497,36.978255],[-89.149882,36.977636],[-89.15566,36.975411],[-89.161776,36.972765],[-89.170009,36.970298],[-89.177235,36.970885],[-89.185491,36.973518],[-89.192097,36.979995],[-89.194087,36.985659],[-89.195039,36.989768],[-89.195279,36.993407],[-89.195029,37.000051],[-89.198488,37.011723],[-89.200793,37.016164],[-89.203408,37.018856],[-89.211266,37.023609],[-89.211393,37.023679],[-89.215673,37.026136],[-89.219185,37.027695],[-89.225482,37.031077],[-89.22939,37.033892],[-89.232257,37.035681],[-89.234053,37.037277],[-89.237111,37.041012],[-89.239374,37.044807],[-89.241037,37.04854],[-89.242854,37.051983],[-89.245648,37.057783],[-89.250076,37.064833],[-89.25493,37.072014],[-89.256457,37.069494],[-89.259482,37.065274],[-89.259935,37.06407],[-89.261671,37.064097],[-89.264479,37.064813],[-89.280362,37.065222],[-89.283473,37.065809],[-89.283668,37.066733],[-89.293987,37.067342],[-89.298956,37.068328],[-89.300072,37.068665],[-89.305115,37.069138],[-89.307726,37.069654],[-89.30829,37.068371],[-89.310819,37.057897],[-89.310396,37.055941],[-89.309401,37.053769],[-89.307397,37.050432],[-89.304752,37.047565],[-89.301368,37.044982],[-89.291185,37.040408],[-89.284104,37.038279],[-89.277715,37.03614],[-89.27521,37.034706],[-89.266286,37.028683],[-89.260003,37.023288],[-89.257608,37.015496],[-89.263527,37.00005],[-89.266242,36.996302],[-89.269564,36.993401],[-89.274198,36.990495],[-89.278628,36.98867],[-89.29213,36.992189],[-89.313324,37.009499],[-89.317168,37.012767],[-89.322982,37.01609],[-89.331164,37.019936],[-89.345996,37.025521],[-89.353046,37.027574],[-89.362397,37.030156],[-89.367952,37.033244],[-89.376632,37.038482],[-89.37961,37.040669],[-89.381644,37.04301],[-89.383937,37.046441],[-89.384681,37.048251],[-89.385136,37.050938],[-89.385434,37.05513],[-89.38506,37.058012],[-89.380977,37.065692],[-89.378889,37.070499],[-89.376432,37.077696],[-89.375538,37.081833],[-89.375615,37.085936],[-89.377113,37.090765],[-89.37871,37.094586],[-89.384175,37.103267],[-89.385067,37.104425],[-89.388976,37.108277],[-89.393427,37.111197],[-89.40099,37.115352],[-89.408419,37.119949],[-89.41173,37.122507],[-89.414471,37.12505],[-89.42558,37.138235],[-89.435202,37.15209],[-89.438275,37.161287],[-89.447237,37.17445],[-89.454125,37.185069],[-89.454367,37.185441],[-89.456105,37.18812],[-89.457472,37.190826],[-89.461862,37.199517],[-89.462676,37.203351],[-89.467007,37.216332],[-89.467631,37.2182],[-89.4675,37.221844],[-89.466177,37.225019],[-89.46349,37.230286],[-89.459969,37.236575],[-89.458164,37.24102],[-89.457832,37.242594],[-89.458246,37.247066],[-89.458827,37.248661],[-89.460692,37.250577],[-89.46266,37.25152],[-89.466869,37.252736],[-89.470525,37.253357],[-89.476884,37.253229],[-89.479205,37.253052],[-89.484128,37.251959],[-89.48872,37.251457],[-89.489915,37.251315],[-89.496386,37.258474],[-89.502303,37.263738],[-89.507095,37.268903],[-89.509262,37.271371],[-89.515362,37.278909],[-89.51767,37.283172],[-89.518048,37.284306],[-89.518469,37.286256],[-89.518404,37.289074],[-89.518078,37.290659],[-89.517935,37.29125],[-89.515849,37.295178],[-89.515741,37.295362],[-89.51528,37.29693],[-89.514596,37.299334],[-89.514042,37.303776],[-89.512833,37.308478],[-89.512191,37.309999],[-89.511842,37.310825],[-89.510629,37.312932],[-89.508672,37.315203],[-89.508174,37.315662],[-89.497279,37.322828],[-89.49516,37.324795],[-89.491194,37.331361],[-89.489312,37.333079],[-89.489134,37.333247],[-89.487772,37.334083],[-89.484211,37.335646],[-89.481019,37.336676],[-89.474569,37.338165],[-89.464702,37.338752],[-89.461604,37.339041],[-89.454723,37.339283],[-89.451303,37.339596],[-89.447556,37.340475],[-89.445207,37.341307],[-89.441847,37.343006],[-89.43604,37.344441],[-89.434316,37.345624],[-89.431858,37.348309],[-89.429435,37.352775],[-89.428185,37.356158],[-89.426446,37.364136],[-89.422037,37.38053],[-89.420542,37.388007],[-89.420939,37.393952],[-89.426522,37.408998],[-89.428729,37.41432],[-89.43413,37.426847],[-89.436843,37.432236],[-89.439769,37.4372],[-89.443493,37.442129],[-89.445541,37.444422],[-89.450969,37.450069],[-89.454405,37.453102],[-89.462683,37.459888],[-89.466495,37.462592],[-89.471201,37.466473],[-89.474629,37.470251],[-89.478496,37.475674],[-89.482125,37.480403],[-89.489696,37.490402],[-89.492051,37.494008],[-89.494279,37.497772],[-89.497689,37.504948],[-89.499498,37.51031],[-89.500096,37.512762],[-89.502917,37.51787],[-89.506814,37.52316],[-89.508372,37.525756],[-89.511151,37.52821],[-89.516447,37.535558],[-89.51686,37.536735],[-89.517737,37.540255],[-89.518894,37.546108],[-89.520568,37.55135],[-89.521697,37.557325],[-89.521979,37.563397],[-89.521855,37.566214],[-89.521265,37.577196],[-89.521274,37.57897],[-89.520804,37.581154],[-89.519808,37.582747],[-89.51719,37.584262],[-89.513943,37.584815],[-89.509542,37.584147],[-89.505585,37.582948],[-89.494051,37.580116],[-89.48906,37.580318],[-89.48434,37.581415],[-89.481118,37.582973],[-89.477548,37.585885],[-89.476511,37.588156],[-89.47603,37.590226],[-89.475932,37.592998],[-89.476514,37.595554],[-89.478399,37.598869],[-89.480812,37.601774],[-89.487793,37.609167],[-89.492847,37.613163],[-89.496113,37.615378],[-89.497097,37.616177],[-89.500086,37.619662],[-89.50236,37.621596],[-89.506563,37.62505],[-89.509262,37.629991],[-89.510526,37.631754],[-89.515649,37.636445],[-89.517718,37.641217],[-89.517136,37.643789],[-89.51586,37.645555],[-89.515903,37.650803],[-89.516827,37.656089],[-89.516806,37.656992],[-89.516718,37.660823],[-89.516146,37.667975],[-89.515436,37.67137],[-89.513927,37.676575],[-89.51204,37.680985],[-89.512009,37.685525],[-89.514255,37.689923],[-89.516685,37.692762],[-89.519233,37.694744],[-89.521948,37.696475],[-89.52573,37.698441],[-89.531427,37.700334],[-89.538652,37.701054],[-89.548496,37.703069],[-89.556649,37.705218],[-89.566704,37.707189],[-89.573516,37.709065],[-89.576697,37.710555],[-89.581585,37.712341],[-89.58417,37.714012],[-89.584989,37.71479],[-89.585807,37.715659],[-89.587211,37.717509],[-89.588814,37.720457],[-89.591065,37.72312],[-89.59169,37.725444],[-89.593696,37.727691],[-89.594098,37.729325],[-89.595238,37.731169],[-89.598628,37.734429],[-89.602327,37.736522],[-89.606668,37.738404],[-89.608757,37.739684],[-89.610319,37.740069],[-89.612509,37.740035],[-89.613185,37.740505],[-89.615744,37.742725],[-89.616193,37.744283],[-89.615933,37.748184],[-89.616389,37.749167],[-89.618067,37.74982],[-89.621575,37.749344],[-89.626332,37.749046],[-89.62801,37.748135],[-89.63337,37.745782],[-89.636233,37.746133],[-89.646594,37.746031],[-89.648013,37.745685],[-89.64953,37.745496],[-89.652698,37.746057],[-89.660061,37.74824],[-89.663352,37.750052],[-89.665546,37.752095],[-89.665991,37.753571],[-89.666494,37.755899],[-89.667866,37.758603],[-89.667868,37.760257],[-89.666846,37.762545],[-89.666474,37.764195],[-89.66413,37.76851],[-89.662024,37.773757],[-89.660714,37.777462],[-89.660227,37.781032],[-89.66038,37.786296],[-89.66132,37.788204],[-89.663982,37.790801],[-89.667209,37.796464],[-89.669644,37.799922],[-89.671255,37.801144],[-89.677605,37.805066],[-89.681197,37.806673],[-89.68285,37.807789],[-89.687061,37.809411],[-89.690063,37.811148],[-89.696559,37.814337],[-89.700701,37.815828],[-89.703453,37.817182],[-89.706751,37.81906],[-89.710089,37.821336],[-89.717442,37.825723],[-89.720601,37.828062],[-89.722834,37.830204],[-89.727243,37.833212],[-89.729431,37.835114],[-89.733776,37.839538],[-89.734343,37.840789],[-89.736385,37.843455],[-89.738868,37.845225],[-89.739875,37.846921],[-89.74198,37.846952],[-89.743735,37.846471],[-89.744745,37.84612],[-89.746963,37.846486],[-89.747784,37.847004],[-89.750104,37.846963],[-89.754099,37.846353],[-89.757353,37.847604],[-89.761975,37.850642],[-89.7652,37.851763],[-89.769494,37.852189],[-89.774305,37.852127],[-89.779811,37.853871],[-89.781991,37.855053],[-89.786326,37.851689],[-89.793737,37.857063],[-89.79609,37.859519],[-89.797542,37.862128],[-89.799355,37.867513],[-89.800353,37.868626],[-89.799821,37.871343],[-89.798696,37.872495],[-89.797696,37.874392],[-89.79833,37.876701],[-89.79804,37.879653],[-89.799329,37.881516],[-89.803892,37.882978],[-89.813636,37.887696],[-89.820496,37.891877],[-89.824569,37.894566],[-89.830052,37.897858],[-89.837169,37.90232],[-89.842638,37.905197],[-89.844786,37.905572],[-89.848295,37.904522],[-89.850524,37.904172],[-89.851544,37.903404],[-89.856135,37.900368],[-89.85728,37.899101],[-89.859516,37.898675],[-89.861877,37.897684],[-89.865189,37.895204],[-89.870493,37.889967],[-89.872327,37.887726],[-89.876087,37.883641],[-89.879688,37.880736],[-89.883849,37.878279],[-89.889538,37.875186],[-89.898338,37.870931],[-89.901585,37.869936],[-89.905631,37.869393],[-89.917544,37.869895],[-89.9253,37.871153],[-89.931892,37.873352],[-89.937249,37.874897],[-89.938608,37.874304],[-89.937826,37.87498],[-89.9394,37.87574],[-89.94799,37.879997],[-89.951144,37.882097],[-89.9536,37.885091],[-89.955976,37.88979],[-89.956775,37.891109],[-89.958811,37.894675],[-89.960542,37.897369],[-89.961386,37.898418],[-89.963308,37.900603],[-89.964128,37.901408],[-89.965283,37.902357],[-89.965128,37.902345],[-89.966329,37.906731],[-89.968305,37.909882],[-89.970829,37.91458],[-89.973034,37.916924],[-89.974186,37.919509],[-89.974104,37.922633],[-89.974825,37.926293],[-89.973456,37.928359],[-89.971065,37.929957],[-89.965813,37.933011],[-89.962383,37.933775],[-89.962265,37.93574],[-89.960914,37.936597],[-89.960257,37.939282],[-89.95973,37.940028],[-89.957491,37.939943],[-89.954468,37.940405],[-89.952503,37.940057],[-89.948374,37.940031],[-89.947322,37.940283],[-89.941708,37.943588],[-89.937957,37.946311],[-89.936973,37.946773],[-89.93411,37.946877],[-89.931267,37.948277],[-89.930574,37.949238],[-89.928168,37.951093],[-89.927001,37.952378],[-89.924738,37.9552],[-89.925148,37.958454],[-89.924597,37.959849],[-89.925085,37.960021],[-89.933797,37.959143],[-89.935885,37.959581],[-89.936951,37.961438],[-89.93671,37.962772],[-89.93774,37.964994],[-89.939306,37.966458],[-89.940687,37.970874],[-89.950745,37.967987],[-89.962274,37.96499],[-89.965046,37.964393],[-89.969351,37.963933],[-89.972416,37.963869],[-89.978919,37.962791],[-89.982228,37.962111],[-89.984508,37.961906],[-89.988108,37.961749],[-89.991958,37.962165],[-89.996848,37.963219],[-90.00011,37.964563],[-90.00335,37.966408],[-90.007936,37.97011],[-90.016309,37.979616],[-90.022286,37.986164],[-90.024242,37.988131],[-90.031795,37.995126],[-90.035682,37.997747],[-90.040446,38.000222],[-90.051941,38.005432],[-90.053065,38.007076],[-90.053755,38.009225],[-90.054447,38.010323],[-90.057269,38.014362],[-90.059526,38.015587],[-90.065045,38.016875],[-90.072283,38.017001],[-90.076143,38.016186],[-90.080959,38.015428],[-90.086825,38.015521],[-90.08972,38.016216],[-90.093774,38.017833],[-90.097816,38.01994],[-90.099098,38.020196],[-90.107037,38.02477],[-90.110819,38.026748],[-90.113426,38.028643],[-90.11408,38.028978],[-90.117423,38.031708],[-90.119106,38.033268],[-90.120252,38.03455],[-90.122528,38.036962],[-90.123446,38.037871],[-90.125116,38.039264],[-90.126196,38.040706],[-90.126532,38.041665],[-90.126612,38.043981],[-90.126132,38.047297],[-90.126006,38.050569],[-90.126396,38.054897],[-90.128159,38.059645],[-90.128792,38.06066],[-90.130788,38.062341],[-90.133865,38.063955],[-90.136714,38.06466],[-90.141641,38.067634],[-90.146329,38.069777],[-90.148099,38.070274],[-90.152859,38.072305],[-90.153748,38.072942],[-90.158273,38.07495],[-90.161562,38.07489],[-90.163413,38.074346],[-90.168649,38.071573],[-90.17222,38.069636],[-90.17604,38.07066],[-90.17883,38.071886],[-90.188115,38.076851],[-90.202768,38.085159],[-90.207128,38.088205],[-90.217019,38.093466],[-90.228192,38.101269],[-90.23033,38.103418],[-90.234305,38.106062],[-90.237947,38.108197],[-90.242574,38.112125],[-90.245651,38.115891],[-90.248716,38.120874],[-90.250118,38.125054],[-90.252666,38.127812],[-90.258178,38.135117],[-90.274843,38.157559],[-90.28298,38.164373],[-90.290629,38.170363],[-90.300329,38.175139],[-90.310627,38.178573],[-90.316876,38.179477],[-90.323971,38.182405],[-90.327218,38.184311],[-90.33017,38.186523],[-90.334172,38.189857],[-90.339864,38.19633],[-90.343304,38.201304],[-90.352362,38.211828],[-90.353414,38.213213],[-90.35543,38.216306],[-90.355793,38.216887],[-90.358628,38.221981],[-90.362244,38.231173],[-90.363926,38.236355],[-90.365139,38.240724],[-90.366948,38.248344],[-90.366872,38.252478],[-90.367673,38.258115],[-90.368444,38.261634],[-90.369915,38.267708],[-90.370733,38.274441],[-90.371754,38.280536],[-90.372422,38.283725],[-90.372659,38.28623],[-90.372697,38.287893],[-90.372554,38.300418],[-90.371516,38.306191],[-90.371661,38.307865],[-90.372527,38.311955],[-90.372626,38.316162],[-90.371405,38.322969],[-90.371289,38.326538],[-90.371476,38.330897],[-90.370819,38.333554],[-90.367387,38.341126],[-90.364361,38.347514],[-90.361208,38.352443],[-90.357769,38.357196],[-90.356536,38.359397],[-90.355942,38.36046],[-90.354995,38.363956],[-90.354017,38.36732],[-90.352105,38.37182],[-90.349222,38.377333],[-90.347526,38.379704],[-90.345118,38.382834],[-90.343601,38.385114],[-90.341446,38.388298],[-90.343887,38.390976],[-90.344162,38.391491],[-90.344086,38.392818],[-90.344284,38.39333],[-90.344383,38.395824],[-90.344307,38.396568],[-90.344528,38.397594],[-90.344894,38.398565],[-90.347031,38.402599],[-90.348145,38.406898],[-90.347992,38.410057],[-90.346336,38.417076],[-90.34712,38.419488],[-90.34713,38.421417],[-90.348175,38.428349],[-90.347755,38.43343],[-90.347117,38.435953],[-90.344993,38.43757],[-90.341822,38.439939],[-90.33925,38.442945],[-90.335745,38.448195],[-90.335685,38.448655],[-90.336135,38.453491],[-90.337092,38.454474],[-90.338918,38.455347],[-90.344235,38.456879],[-90.350639,38.458082],[-90.353631,38.458217],[-90.358158,38.457613],[-90.360605,38.456721],[-90.364893,38.455408],[-90.376459,38.452912],[-90.376783,38.452868],[-90.37834,38.452525],[-90.387387,38.451394],[-90.391031,38.450561],[-90.392643,38.451713],[-90.390985,38.4544],[-90.390702,38.455369],[-90.391631,38.457329],[-90.39471,38.458486],[-90.396319,38.458253],[-90.400087,38.45557],[-90.401721,38.454408],[-90.40321,38.453951],[-90.409223,38.453226],[-90.410463,38.453469],[-90.411793,38.454286],[-90.414408,38.456971],[-90.41501,38.46294],[-90.415351,38.464704],[-90.416434,38.467084],[-90.417566,38.468883],[-90.418928,38.470969],[-90.420689,38.475135],[-90.421455,38.476485],[-90.421619,38.477453],[-90.422,38.478166],[-90.421926,38.47857],[-90.421889,38.479985],[-90.422175,38.480695],[-90.422482,38.481445],[-90.422609,38.482056],[-90.422519,38.483118],[-90.422231,38.483359],[-90.420902,38.483733],[-90.420057,38.483725],[-90.4187,38.483304],[-90.417727,38.482783],[-90.415911,38.481557],[-90.415093,38.481041],[-90.414513,38.480821],[-90.411805,38.480988],[-90.40962,38.482054],[-90.407949,38.483328],[-90.405636,38.486542],[-90.40562,38.488453],[-90.407419,38.491652],[-90.407619,38.496353],[-90.405603,38.498586],[-90.405262,38.501153],[-90.405495,38.501153],[-90.405573,38.501153],[-90.409337,38.500993],[-90.412519,38.500853],[-90.420083,38.500953],[-90.421564,38.501049],[-90.428509,38.501294],[-90.431964,38.501351],[-90.432471,38.50136],[-90.443481,38.501561],[-90.443812,38.50157],[-90.446888,38.501658],[-90.448612,38.501689],[-90.453213,38.50178],[-90.454569,38.501796],[-90.456222,38.501803],[-90.458213,38.501848],[-90.459055,38.501849],[-90.459402,38.50185],[-90.46031,38.501852],[-90.461741,38.501874],[-90.463149,38.501872],[-90.466184,38.50181],[-90.466412,38.501799],[-90.470054,38.501698],[-90.472181,38.50164],[-90.475321,38.501554],[-90.477598,38.501461],[-90.488979,38.501262],[-90.49139,38.501187],[-90.49277,38.501226],[-90.497512,38.501261],[-90.502402,38.501346],[-90.502751,38.501353],[-90.503907,38.501352],[-90.506426,38.501353],[-90.510362,38.501361],[-90.512522,38.501454],[-90.512544,38.499498],[-90.512601,38.494948],[-90.512591,38.494405],[-90.512585,38.494018],[-90.51255,38.490244],[-90.512626,38.488005],[-90.51252,38.48501],[-90.512519,38.483838],[-90.51251,38.483581],[-90.512414,38.480664],[-90.512361,38.475909],[-90.51262,38.464667],[-90.51262,38.464524],[-90.512599,38.46436],[-90.512586,38.464255],[-90.512544,38.463569],[-90.512549,38.463439],[-90.512552,38.463382],[-90.512617,38.46314],[-90.512637,38.462951],[-90.512697,38.462384],[-90.512701,38.462355],[-90.51256,38.46228],[-90.51258,38.461741],[-90.5127,38.458629],[-90.512686,38.458312],[-90.512751,38.45704],[-90.512713,38.455659],[-90.512626,38.454938],[-90.512658,38.453859],[-90.51275,38.450628],[-90.512744,38.45057],[-90.512726,38.450399],[-90.512721,38.450342],[-90.512934,38.447979],[-90.513036,38.44284],[-90.512984,38.4389],[-90.512952,38.429406],[-90.513062,38.424597],[-90.513163,38.419698],[-90.513425,38.404384],[-90.5138,38.40404],[-90.51411,38.40079],[-90.513472,38.400162],[-90.51365,38.39411],[-90.513601,38.385766],[-90.513521,38.378406],[-90.513521,38.37816],[-90.513511,38.368851],[-90.51365,38.363875],[-90.51362,38.36126],[-90.51361,38.359371],[-90.513497,38.354982],[-90.51355,38.34212],[-90.5136,38.3406],[-90.51367,38.333],[-90.513679,38.330987],[-90.51367,38.32746],[-90.513676,38.327241],[-90.513733,38.325414],[-90.513739,38.325231],[-90.513739,38.325114],[-90.513828,38.320062],[-90.5141,38.307724],[-90.514146,38.307199],[-90.512839,38.306731],[-90.514375,38.304639],[-90.514395,38.304166],[-90.514433,38.303256],[-90.514426,38.302534],[-90.514459,38.297313],[-90.514511,38.290541],[-90.514835,38.272584],[-90.514628,38.27132],[-90.515167,38.265083],[-90.515385,38.260011],[-90.515693,38.252578],[-90.515737,38.251537],[-90.515766,38.25088],[-90.515791,38.250592],[-90.515422,38.247882],[-90.51596,38.23562],[-90.51625,38.23128],[-90.51622,38.22985],[-90.51673,38.22416],[-90.516904,38.223],[-90.51713,38.22196],[-90.517634,38.211967],[-90.51777,38.21191],[-90.51859,38.19514],[-90.518778,38.1932],[-90.51883,38.19241],[-90.518874,38.192269],[-90.519233,38.183772],[-90.519062,38.183721],[-90.518402,38.183803],[-90.518355,38.183807],[-90.518214,38.183821],[-90.518168,38.183826],[-90.518159,38.183742],[-90.518025,38.1824],[-90.51777,38.180266],[-90.51747,38.178899],[-90.516827,38.175971],[-90.509478,38.175576],[-90.509611,38.172078],[-90.509826,38.167733],[-90.50971,38.16553],[-90.51019,38.16424],[-90.510867,38.16165],[-90.509838,38.161219],[-90.50967,38.15447],[-90.514266,38.154484],[-90.514224,38.155628],[-90.518651,38.155677],[-90.51782,38.15387],[-90.51813,38.15206],[-90.51793,38.15053],[-90.512505,38.145922],[-90.51223,38.145902],[-90.5099,38.14386],[-90.50812,38.14321],[-90.50599,38.14065],[-90.5045,38.13994],[-90.50152,38.13958],[-90.49867,38.13894],[-90.49672,38.13942],[-90.49351,38.13933],[-90.492543,38.139607],[-90.49211,38.13977],[-90.4919,38.13862],[-90.50067,38.13817],[-90.50263,38.13829],[-90.507415,38.139024],[-90.52432,38.14173],[-90.52841,38.14242],[-90.53059,38.14333],[-90.532659,38.144899],[-90.532584,38.144378],[-90.528957,38.141172],[-90.528692,38.1406],[-90.529729,38.138617],[-90.529863,38.135943],[-90.527723,38.133356],[-90.52742,38.130936],[-90.54366,38.13126],[-90.5447,38.12943],[-90.54111,38.12655],[-90.53971,38.1246],[-90.53813,38.12412],[-90.5383,38.12325],[-90.53729,38.12058],[-90.537373,38.119494],[-90.5376,38.11827],[-90.5378,38.10752],[-90.54277,38.10806],[-90.542745,38.107323],[-90.546626,38.108996],[-90.54723,38.10988],[-90.550427,38.110177],[-90.552515,38.111228],[-90.553645,38.113252],[-90.556095,38.114307],[-90.558896,38.114367],[-90.560438,38.114242],[-90.56107,38.11351],[-90.56384,38.10975],[-90.56347,38.108],[-90.56055,38.1068],[-90.55988,38.10571],[-90.5613,38.10208],[-90.567671,38.102761],[-90.567899,38.099096],[-90.57057,38.09933],[-90.57139,38.09938],[-90.572,38.09852],[-90.573714,38.09905],[-90.577018,38.0994],[-90.577331,38.099042],[-90.57954,38.096489],[-90.583771,38.092517],[-90.584087,38.092231],[-90.584521,38.091806],[-90.584644,38.091691],[-90.585184,38.091053],[-90.585385,38.090887],[-90.585745,38.091088],[-90.585998,38.086682],[-90.584595,38.086176],[-90.58454,38.084143],[-90.584592,38.082487],[-90.585666,38.082568],[-90.593155,38.083138],[-90.592933,38.086838],[-90.597782,38.087337],[-90.599022,38.086969],[-90.599209,38.084074],[-90.603789,38.084593],[-90.603546,38.088237],[-90.61754,38.089872],[-90.617738,38.082401],[-90.617866,38.082189],[-90.618065,38.073322],[-90.619854,38.072779],[-90.623119,38.074699],[-90.625212,38.076036],[-90.625981,38.07595],[-90.627138,38.075884],[-90.632063,38.074201],[-90.634367,38.074407],[-90.636477,38.076162],[-90.63998,38.076548],[-90.640263,38.066469],[-90.6404,38.062671],[-90.640474,38.055882],[-90.640509,38.052557],[-90.640523,38.050607],[-90.640687,38.033644],[-90.640804,38.022345],[-90.64099,38.006484],[-90.641183,37.99924],[-90.641238,37.992157],[-90.641302,37.980212],[-90.641353,37.97189],[-90.64137,37.969181],[-90.641396,37.964988],[-90.641405,37.963654],[-90.641418,37.961504],[-90.641451,37.956335],[-90.641491,37.950026],[-90.641518,37.945674],[-90.641593,37.935731],[-90.642052,37.917611],[-90.642289,37.910712],[-90.642392,37.904719],[-90.642405,37.903828],[-90.642379,37.903601],[-90.642474,37.897567],[-90.642477,37.897396],[-90.642572,37.890686],[-90.642619,37.887392],[-90.642761,37.875588],[-90.642757,37.873672],[-90.642798,37.871924],[-90.642853,37.868177],[-90.643052,37.864447],[-90.643156,37.859292],[-90.643276,37.853342],[-90.643306,37.851955],[-90.643277,37.844706],[-90.643378,37.833211],[-90.643438,37.826463],[-90.643472,37.822638],[-90.643592,37.809305],[-90.643641,37.803907],[-90.643755,37.793071],[-90.643978,37.78707],[-90.644121,37.783352],[-90.644101,37.776954],[-90.644119,37.775913],[-90.644337,37.768371],[-90.644374,37.764159],[-90.644396,37.761797],[-90.644422,37.758834],[-90.644501,37.750049],[-90.644802,37.746568],[-90.645135,37.734813],[-90.658039,37.735112],[-90.662292,37.735209],[-90.68279,37.735688],[-90.700622,37.736169],[-90.738383,37.737188],[-90.7461,37.737091],[-90.751527,37.737142],[-90.761232,37.737207],[-90.76195,37.737185],[-90.762083,37.738443],[-90.762129,37.738513],[-90.779796,37.736932],[-90.785647,37.736521],[-90.797701,37.736131],[-90.818769,37.735525],[-90.82091,37.735454],[-90.83965,37.734774],[-90.850167,37.734597],[-90.854296,37.734528],[-90.874134,37.734196],[-90.874051,37.736028],[-90.875129,37.736109],[-90.887663,37.735404],[-90.892849,37.734871],[-90.900875,37.735341],[-90.901693,37.73534],[-90.90599,37.735534],[-90.909603,37.735695],[-90.909661,37.735703],[-90.910973,37.735755],[-90.91234,37.735906],[-90.929053,37.736844],[-90.93484,37.737169],[-90.943583,37.737812],[-90.947182,37.73806],[-90.96527,37.738524],[-90.98265,37.738999],[-90.982499,37.74033],[-90.997117,37.739093],[-91.000686,37.738733],[-91.012627,37.738804],[-91.025768,37.738906],[-91.055923,37.739368],[-91.058799,37.739414],[-91.059535,37.739426],[-91.065273,37.739542],[-91.071997,37.739655],[-91.086413,37.739656],[-91.09528,37.739928],[-91.100017,37.740012],[-91.117881,37.74035],[-91.11868,37.740365],[-91.11962,37.740383],[-91.125134,37.740393],[-91.146521,37.740811],[-91.14656,37.735415],[-91.146726,37.720863],[-91.146839,37.709849],[-91.146949,37.699507],[-91.146972,37.697198],[-91.153345,37.69734],[-91.160163,37.697453],[-91.160461,37.697453],[-91.170421,37.697573],[-91.189513,37.697948],[-91.206217,37.698249],[-91.209815,37.698296],[-91.211765,37.698325],[-91.222965,37.698502],[-91.225232,37.698533],[-91.239177,37.698719],[-91.244264,37.698808],[-91.274026,37.699358],[-91.27627,37.6994],[-91.300255,37.69985],[-91.310655,37.700048],[-91.310334,37.710138],[-91.31038,37.71255],[-91.310219,37.721858],[-91.309759,37.733672],[-91.309767,37.736533],[-91.309846,37.737451],[-91.309575,37.749996],[-91.309298,37.757924],[-91.309083,37.764526],[-91.308311,37.787186],[-91.308426,37.787186],[-91.33538,37.787358],[-91.368026,37.787926],[-91.36827,37.787928],[-91.370281,37.78794],[-91.37678,37.788187],[-91.3992,37.788316],[-91.404489,37.788362],[-91.418301,37.788448],[-91.418759,37.788452],[-91.434287,37.788584],[-91.451153,37.788676],[-91.4528,37.788685],[-91.453309,37.788689],[-91.484833,37.788849],[-91.492419,37.788858],[-91.500159,37.788663],[-91.516182,37.788843],[-91.517112,37.788857],[-91.528797,37.788989],[-91.52861,37.80139],[-91.52828,37.81548],[-91.528332,37.816853],[-91.528331,37.819285],[-91.528308,37.820867],[-91.528188,37.823802],[-91.528154,37.8315],[-91.528081,37.835909],[-91.527925,37.845435],[-91.527775,37.857075],[-91.527529,37.873258],[-91.527373,37.875043],[-91.526934,37.904536],[-91.526925,37.90515],[-91.526738,37.917704],[-91.526713,37.919317],[-91.526686,37.92123],[-91.526392,37.941426],[-91.526367,37.95515],[-91.52636,37.95844],[-91.52636,37.958742],[-91.526355,37.96192],[-91.526349,37.962475],[-91.52631,37.968644],[-91.526306,37.968751],[-91.526301,37.968885],[-91.526233,37.970575],[-91.526221,37.971131],[-91.526064,37.990836],[-91.526064,37.99585],[-91.525856,38.005179],[-91.525818,38.011002],[-91.525989,38.01161],[-91.525896,38.02043],[-91.525684,38.027294],[-91.52575,38.02953],[-91.525746,38.03014],[-91.525756,38.030837],[-91.525746,38.031181],[-91.52587,38.0332],[-91.525889,38.033457],[-91.525888,38.033743],[-91.52584,38.03395],[-91.52592,38.03785],[-91.525712,38.044442],[-91.525712,38.048979],[-91.525383,38.077529],[-91.525329,38.077907],[-91.52531,38.07796],[-91.525358,38.078531],[-91.525223,38.101654],[-91.525006,38.123623],[-91.52526,38.125066],[-91.525245,38.135628],[-91.52499,38.14082],[-91.525025,38.152433],[-91.526434,38.152546],[-91.534384,38.152593],[-91.537488,38.152607],[-91.54338,38.15253],[-91.565907,38.152743],[-91.566357,38.152747],[-91.566847,38.152749],[-91.580164,38.152793],[-91.589527,38.153249],[-91.608101,38.15329],[-91.617274,38.153376],[-91.630554,38.153519],[-91.630662,38.145242],[-91.630858,38.125151],[-91.631409,38.107888],[-91.631463,38.106101],[-91.631693,38.08199],[-91.63181,38.079885],[-91.631703,38.077635],[-91.631975,38.068272],[-91.631983,38.067974],[-91.632075,38.064463],[-91.632081,38.064229],[-91.632431,38.050951],[-91.650113,38.051308],[-91.658026,38.051416],[-91.658267,38.051421],[-91.66923,38.051774],[-91.672991,38.051752],[-91.681117,38.052066],[-91.687535,38.052192],[-91.6919,38.052274],[-91.701044,38.052474],[-91.7162,38.052712],[-91.724165,38.052836],[-91.725177,38.052852],[-91.746815,38.053249],[-91.747707,38.053195],[-91.753347,38.053243],[-91.757683,38.053101],[-91.761295,38.052965],[-91.76506,38.052866],[-91.76565,38.052785],[-91.774036,38.052548],[-91.774572,38.052275],[-91.775063,38.052398],[-91.775059,38.052507],[-91.778984,38.052487],[-91.779739,38.05254],[-91.785077,38.052431],[-91.795602,38.052101],[-91.796677,38.052168],[-91.802108,38.051916],[-91.812533,38.051687],[-91.822954,38.051549],[-91.828344,38.051609],[-91.828481,38.05161],[-91.828591,38.051609],[-91.828701,38.051608],[-91.843821,38.051565],[-91.8641,38.051331],[-91.868123,38.051214],[-91.874871,38.051172],[-91.876209,38.051171],[-91.894475,38.051197],[-91.894691,38.051198],[-91.895132,38.051199],[-91.895347,38.051199],[-91.895974,38.048956],[-91.896128,38.048695],[-91.896944,38.047864],[-91.898706,38.047405],[-91.901088,38.047389],[-91.903238,38.046873],[-91.90606,38.045882],[-91.906621,38.045487],[-91.907202,38.044859],[-91.90983,38.044376],[-91.911837,38.043707],[-91.913885,38.042982],[-91.915219,38.042442],[-91.917023,38.041484],[-91.917309,38.04121],[-91.917847,38.040122],[-91.919105,38.039284],[-91.921827,38.03727],[-91.922948,38.036505],[-91.924151,38.035586],[-91.924722,38.035224],[-91.925446,38.034926],[-91.92624,38.034466],[-91.929093,38.033379],[-91.931181,38.032726],[-91.932638,38.032049],[-91.933463,38.031751],[-91.934547,38.031134],[-91.935247,38.03087],[-91.936029,38.03088],[-91.93649,38.03113],[-91.937049,38.031667],[-91.937294,38.032099],[-91.93766,38.034859],[-91.93844,38.036752],[-91.938846,38.037501],[-91.939517,38.038298],[-91.940989,38.040449],[-91.941527,38.041294],[-91.941852,38.041592],[-91.942778,38.041939],[-91.943338,38.042027],[-91.945536,38.042179],[-91.949089,38.041872],[-91.950729,38.041509],[-91.951911,38.04109],[-91.952776,38.040695],[-91.953704,38.040155],[-91.954865,38.039269],[-91.955967,38.038003],[-91.957954,38.036697],[-91.958536,38.035988],[-91.95872,38.035593],[-91.959139,38.034184],[-91.959211,38.033668],[-91.959764,38.032137],[-91.960132,38.030695],[-91.960439,38.029914],[-91.961154,38.028439],[-91.961399,38.027706],[-91.96236,38.02549],[-91.962891,38.023959],[-91.963168,38.022743],[-91.963172,38.020607],[-91.963247,38.017869],[-91.963473,38.01658],[-91.96378,38.015396],[-91.964413,38.013809],[-91.964923,38.013051],[-91.96572,38.011279],[-91.966333,38.009683],[-91.966842,38.00968],[-91.984815,38.009622],[-91.99557,38.010036],[-92.000164,38.010217],[-92.003082,38.010121],[-92.021165,38.010639],[-92.021258,37.999986],[-92.021206,37.989942],[-92.021317,37.982402],[-92.021189,37.975575],[-92.021112,37.975496],[-92.021134,37.963774],[-92.021261,37.95854],[-92.021407,37.949253],[-92.021445,37.948369],[-92.021525,37.94695],[-92.021688,37.939837],[-92.021917,37.92983],[-92.021948,37.928451],[-92.021953,37.928245],[-92.02196,37.927893],[-92.021966,37.927615],[-92.022643,37.896251],[-92.022466,37.880941],[-92.022863,37.88074],[-92.022814,37.875169],[-92.022973,37.867709],[-92.022988,37.867051],[-92.022993,37.86683],[-92.022998,37.866618],[-92.023622,37.83823],[-92.023674,37.835867],[-92.023799,37.83015],[-92.024215,37.811235],[-92.0246,37.793721],[-92.024647,37.791367],[-92.025055,37.773054],[-92.02506,37.772813],[-92.025122,37.770025],[-92.02513,37.769637],[-92.025132,37.769564],[-92.025136,37.769347],[-92.025141,37.76914],[-92.025273,37.763086],[-92.02556,37.75004],[-92.025877,37.738619],[-92.025954,37.735824],[-92.026163,37.728325],[-92.026659,37.710482],[-92.026822,37.707047],[-92.02856,37.706841],[-92.028711,37.691447],[-92.028815,37.680592],[-92.029005,37.66118],[-92.029086,37.652925],[-92.02917,37.644302],[-92.029328,37.628175],[-92.029359,37.617142],[-92.029289,37.607039],[-92.029258,37.602542],[-92.035804,37.602667],[-92.042475,37.602795],[-92.042918,37.602804],[-92.06576,37.603242],[-92.083939,37.603629],[-92.08477,37.603646],[-92.113948,37.604242],[-92.131758,37.604522],[-92.140433,37.604631],[-92.149352,37.60474],[-92.158296,37.604901],[-92.176978,37.60517],[-92.183261,37.605243],[-92.208277,37.604897],[-92.219747,37.604697],[-92.227188,37.604627],[-92.232945,37.604605],[-92.233277,37.604603],[-92.2363,37.604583],[-92.243715,37.6044],[-92.249463,37.604543],[-92.249506,37.602365],[-92.249864,37.584443],[-92.250032,37.579763],[-92.250164,37.579702],[-92.250243,37.575148],[-92.25023,37.573904],[-92.25023,37.573876],[-92.25023,37.573863],[-92.250229,37.573808],[-92.250229,37.573784],[-92.250222,37.573016],[-92.250306,37.568576],[-92.25037,37.565247],[-92.250506,37.558098],[-92.250863,37.539344],[-92.250808,37.538003],[-92.250803,37.536894],[-92.251032,37.530499],[-92.251409,37.510648],[-92.251553,37.503102],[-92.25175,37.493911],[-92.251872,37.488677],[-92.25224,37.473801],[-92.252261,37.472944]]]]}}],"labels":{"type":"FeatureCollection","features":[{"type":"Feature","properties":{"id":"1","NAME":"1","featureLabel":{"left":-90.31008655908201,"right":-90.31008655908201,"top":38.74162673291016,"bottom":38.74162673291016},"text-field":"1"},"geometry":{"type":"Point","coordinates":[-90.31008655908201,38.74162673291016]}},{"type":"Feature","properties":{"id":"2","NAME":"2","featureLabel":{"left":-91.04294278525543,"right":-91.04294278525543,"top":38.514349157051086,"bottom":38.514349157051086},"text-field":"2"},"geometry":{"type":"Point","coordinates":[-91.04294278525543,38.514349157051086]}},{"type":"Feature","properties":{"id":"3","NAME":"3","featureLabel":{"left":-91.92796682794955,"right":-91.92796682794955,"top":38.52940549980928,"bottom":38.52940549980928},"text-field":"3"},"geometry":{"type":"Point","coordinates":[-91.92796682794955,38.52940549980928]}},{"type":"Feature","properties":{"id":"4","NAME":"4","featureLabel":{"left":-93.73092923835755,"right":-93.73092923835755,"top":38.233331524826056,"bottom":38.233331524826056},"text-field":"4"},"geometry":{"type":"Point","coordinates":[-93.73092923835755,38.233331524826056]}},{"type":"Feature","properties":{"id":"5","NAME":"5","featureLabel":{"left":-94.45056029200742,"right":-94.45056029200742,"top":38.98057576939394,"bottom":38.98057576939394},"text-field":"5"},"geometry":{"type":"Point","coordinates":[-94.45056029200742,38.98057576939394]}},{"type":"Feature","properties":{"id":"6","NAME":"6","featureLabel":{"left":-94.0997801110306,"right":-94.0997801110306,"top":39.88416410259247,"bottom":39.88416410259247},"text-field":"6"},"geometry":{"type":"Point","coordinates":[-94.0997801110306,39.88416410259247]}},{"type":"Feature","properties":{"id":"7","NAME":"7","featureLabel":{"left":-93.35838707354735,"right":-93.35838707354735,"top":36.93589709124754,"bottom":36.93589709124754},"text-field":"7"},"geometry":{"type":"Point","coordinates":[-93.35838707354735,36.93589709124754]}},{"type":"Feature","properties":{"id":"8","NAME":"8","featureLabel":{"left":-90.20797062855911,"right":-90.20797062855911,"top":37.193630719402314,"bottom":37.193630719402314},"text-field":"8"},"geometry":{"type":"Point","coordinates":[-90.20797062855911,37.193630719402314]}}]}}