{"type": "FeatureCollection", "features": [{"type": "Feature", "properties": {"id": 1, "NAME": "1", "text-color": "#000000", "text-size": 16, "TotalPop": 721714, "PopDevPct": -3.5e-07, "DemPct": 0.76609509, "RepPct": 0.2060275, "WhitePct": 0.58796064, "MinorityPct": 0.41203936, "BlackPct": 0.096615, "HispanicPct": 0.24448594, "PacificPct": 0.00357088, "AsianPct": 0.05238997, "NativePct": 0.03336573, "TotalVAP": 586410, "Margin": 0.26609509, "color": "#e10000", "opacity": "0.5", "year": 2022, "state": "CO", "state-district": "CO-01"}, "geometry": {"type": "MultiPolygon", "coordinates": [[[[-105.053239, 39.758472], [-105.053238, 39.756939], [-105.053237, 39.755694], [-105.053236, 39.754848], [-105.053234, 39.754285], [-105.053232, 39.75346], [-105.053231, 39.753046], [-105.053227, 39.751249], [-105.053213, 39.749458], [-105.053219, 39.747616], [-105.053226, 39.74568], [-105.053212, 39.74398], [-105.053211, 39.743881], [-105.053211, 39.743584], [-105.053211, 39.743486], [-105.05321, 39.743339], [-105.05321, 39.743273], [-105.053209, 39.742697], [-105.053204, 39.742203], [-105.053201, 39.741935], [-105.053203, 39.741089], [-105.053206, 39.740411], [-105.053206, 39.740306], [-105.053206, 39.739286], [-105.053206, 39.73887], [-105.053207, 39.738498], [-105.053227, 39.73677], [-105.053227, 39.735284], [-105.053231, 39.735161], [-105.053228, 39.734922], [-105.055572, 39.734913], [-105.055591, 39.734508], [-105.055588, 39.733105], [-105.055011, 39.7331], [-105.055011, 39.73317], [-105.055013, 39.733724], [-105.054675, 39.73372], [-105.054668, 39.733708], [-105.054669, 39.733641], [-105.054427, 39.73364], [-105.054427, 39.733552], [-105.054425, 39.733172], [-105.054424, 39.733101], [-105.053227, 39.73311], [-105.053238, 39.731294], [-105.053238, 39.731038], [-105.053244, 39.729539], [-105.053251, 39.728522], [-105.053254, 39.727349], [-105.053252, 39.726184], [-105.053253, 39.7258], [-105.053247, 39.725647], [-105.053259, 39.724083], [-105.053263, 39.723133], [-105.05327, 39.721064], [-105.053271, 39.720414], [-105.053277, 39.718703], [-105.053278, 39.718427], [-105.05327, 39.71663], [-105.053271, 39.715004], [-105.053264, 39.713314], [-105.053254, 39.711932], [-105.05325, 39.711343], [-105.053264, 39.7103], [-105.053257, 39.709608], [-105.05326, 39.70865], [-105.053252, 39.707716], [-105.05325, 39.706889], [-105.053246, 39.705814], [-105.053258, 39.70505], [-105.053252, 39.704542], [-105.053247, 39.703985], [-105.053245, 39.703268], [-105.053249, 39.702562], [-105.053245, 39.702269], [-105.053245, 39.700438], [-105.053227, 39.69747], [-105.053225, 39.696889], [-105.053225, 39.696769], [-105.053218, 39.694988], [-105.053194, 39.693176], [-105.053205, 39.692813], [-105.053215, 39.692475], [-105.053194, 39.691364], [-105.053266, 39.689559], [-105.053254, 39.687736], [-105.053194, 39.685911], [-105.053197, 39.685563], [-105.053195, 39.68438], [-105.053183, 39.683498], [-105.053221, 39.682291], [-105.057265, 39.682272], [-105.057797, 39.682272], [-105.057794, 39.678697], [-105.060335, 39.677954], [-105.062085, 39.678832], [-105.06262, 39.67928], [-105.062621, 39.675874], [-105.062622, 39.675008], [-105.062082, 39.675011], [-105.057258, 39.675025], [-105.053251, 39.675037], [-105.053234, 39.674299], [-105.053261, 39.67328], [-105.053251, 39.673116], [-105.053262, 39.672255], [-105.053262, 39.67214], [-105.053257, 39.669076], [-105.053256, 39.667785], [-105.054866, 39.667785], [-105.055898, 39.667781], [-105.056932, 39.667785], [-105.057974, 39.667784], [-105.059033, 39.667778], [-105.06011, 39.66778], [-105.060823, 39.66778], [-105.062962, 39.667783], [-105.064044, 39.66778], [-105.065111, 39.667778], [-105.06617, 39.667777], [-105.066558, 39.667776], [-105.067297, 39.667775], [-105.07145, 39.667764], [-105.071509, 39.667764], [-105.072201, 39.669374], [-105.074951, 39.670485], [-105.07667, 39.669061], [-105.079212, 39.669339], [-105.079183, 39.669738], [-105.081348, 39.670133], [-105.081451, 39.667743], [-105.081455, 39.665551], [-105.081449, 39.665055], [-105.081453, 39.662056], [-105.079163, 39.662041], [-105.076676, 39.659312], [-105.071972, 39.659951], [-105.070016, 39.659071], [-105.070144, 39.656874], [-105.06856, 39.656877], [-105.067288, 39.656879], [-105.067283, 39.653503], [-105.067278, 39.653319], [-105.067477, 39.653321], [-105.067481, 39.653158], [-105.067484, 39.652976], [-105.069917, 39.649991], [-105.070833, 39.649579], [-105.063926, 39.64962], [-105.0639, 39.650295], [-105.062626, 39.650267], [-105.062606, 39.651077], [-105.062598, 39.651513], [-105.062002, 39.65124], [-105.058059, 39.651251], [-105.058031, 39.652959], [-105.05715, 39.652946], [-105.057165, 39.651986], [-105.053754, 39.651727], [-105.053581, 39.65116], [-105.057073, 39.651248], [-105.057091, 39.649701], [-105.062617, 39.64967], [-105.062617, 39.649627], [-105.063197, 39.649626], [-105.063223, 39.645992], [-105.072045, 39.645984], [-105.072049, 39.645815], [-105.074454, 39.644104], [-105.07576, 39.64205], [-105.076546, 39.639906], [-105.076803, 39.638735], [-105.073271, 39.63874], [-105.073307, 39.636563], [-105.074176, 39.636752], [-105.077147, 39.636413], [-105.079007, 39.636717], [-105.081565, 39.636166], [-105.081716, 39.636867], [-105.081676, 39.638759], [-105.084414, 39.638693], [-105.085844, 39.6387], [-105.086352, 39.638701], [-105.08738, 39.638692], [-105.088349, 39.638698], [-105.0911, 39.638719], [-105.091103, 39.635083], [-105.091569, 39.635082], [-105.098526, 39.635087], [-105.100542, 39.635088], [-105.109555, 39.635071], [-105.109875, 39.635072], [-105.109902, 39.634263], [-105.109902, 39.634246], [-105.109893, 39.632676], [-105.109883, 39.629897], [-105.109924, 39.627085], [-105.109617, 39.627083], [-105.107496, 39.627093], [-105.107503, 39.624218], [-105.102693, 39.624224], [-105.102346, 39.624224], [-105.098516, 39.624222], [-105.095828, 39.624204], [-105.094461, 39.624195], [-105.092971, 39.624197], [-105.091256, 39.624198], [-105.091216, 39.624983], [-105.091164, 39.627081], [-105.090166, 39.627085], [-105.089833, 39.627084], [-105.088626, 39.627087], [-105.087384, 39.62709], [-105.086923, 39.626062], [-105.085626, 39.626107], [-105.08558, 39.628527], [-105.083789, 39.628527], [-105.083813, 39.627318], [-105.08173, 39.627313], [-105.08174, 39.627624], [-105.08173, 39.628225], [-105.081714, 39.629045], [-105.081693, 39.630149], [-105.081811, 39.63015], [-105.083274, 39.630154], [-105.083735, 39.630155], [-105.083712, 39.631327], [-105.08178, 39.631325], [-105.08167, 39.631326], [-105.081567, 39.631301], [-105.080587, 39.630386], [-105.080478, 39.630094], [-105.080181, 39.629419], [-105.076273, 39.625095], [-105.074517, 39.624227], [-105.076116, 39.624225], [-105.073665, 39.623285], [-105.066126, 39.620755], [-105.065088, 39.619785], [-105.065141, 39.618582], [-105.065667, 39.618587], [-105.066961, 39.618585], [-105.068143, 39.618588], [-105.069245, 39.618571], [-105.072508, 39.618549], [-105.072844, 39.618555], [-105.073332, 39.618559], [-105.074796, 39.618511], [-105.077422, 39.618584], [-105.079168, 39.618576], [-105.084297, 39.618584], [-105.085607, 39.618482], [-105.087031, 39.618339], [-105.091123, 39.618331], [-105.091362, 39.618336], [-105.093172, 39.618324], [-105.094162, 39.618325], [-105.096151, 39.618352], [-105.097028, 39.617984], [-105.097006, 39.614514], [-105.09701, 39.614311], [-105.091401, 39.614332], [-105.091153, 39.614319], [-105.089822, 39.614334], [-105.084295, 39.614343], [-105.06992, 39.61438], [-105.068516, 39.614393], [-105.064182, 39.614393], [-105.058232, 39.614409], [-105.058193, 39.617366], [-105.05808, 39.617503], [-105.056882, 39.619575], [-105.056809, 39.619639], [-105.057386, 39.620492], [-105.056273, 39.621104], [-105.053516, 39.620864], [-105.053516, 39.620982], [-105.053483, 39.624253], [-105.055809, 39.624244], [-105.05578, 39.625998], [-105.05344, 39.627901], [-105.053457, 39.629526], [-105.057477, 39.632193], [-105.059297, 39.634333], [-105.059423, 39.636001], [-105.05914, 39.637409], [-105.059138, 39.638243], [-105.059045, 39.63876], [-105.053342, 39.63877], [-105.05338, 39.635341], [-105.053294, 39.634902], [-105.053421, 39.631946], [-105.053412, 39.63164], [-105.05341, 39.631504], [-105.045711, 39.631466], [-105.044139, 39.631411], [-105.044161, 39.628039], [-105.042807, 39.627579], [-105.041905, 39.627777], [-105.041356, 39.628026], [-105.040279, 39.627758], [-105.040062, 39.628061], [-105.038948, 39.627447], [-105.038005, 39.626836], [-105.03738, 39.627464], [-105.036802, 39.628129], [-105.034822, 39.627809], [-105.034821, 39.628176], [-105.029626, 39.627794], [-105.027612, 39.628316], [-105.025422, 39.628558], [-105.025422, 39.628979], [-105.025415, 39.629809], [-105.025408, 39.630639], [-105.02536, 39.631445], [-105.027911, 39.631918], [-105.029656, 39.632367], [-105.029988, 39.632894], [-105.030057, 39.633159], [-105.030059, 39.633183], [-105.034756, 39.633177], [-105.034747, 39.634038], [-105.034747, 39.634069], [-105.03474, 39.634924], [-105.034739, 39.635023], [-105.03473, 39.635332], [-105.034707, 39.636028], [-105.034719, 39.636522], [-105.034707, 39.638593], [-105.029998, 39.638575], [-105.029929, 39.640115], [-105.029926, 39.640483], [-105.029979, 39.642245], [-105.02998, 39.642819], [-105.032797, 39.642808], [-105.032815, 39.643678], [-105.03466, 39.643711], [-105.034649, 39.645979], [-105.034646, 39.646921], [-105.034641, 39.648161], [-105.034603, 39.649589], [-105.034628, 39.651434], [-105.034171, 39.65329], [-105.033562, 39.653286], [-105.032162, 39.653276], [-105.032157, 39.653775], [-105.032131, 39.654236], [-105.032089, 39.655905], [-105.033076, 39.656954], [-105.030939, 39.656956], [-105.02983, 39.656941], [-105.025414, 39.656817], [-105.025269, 39.656817], [-105.024021, 39.656838], [-105.023003, 39.65683], [-105.023, 39.657245], [-105.022987, 39.659482], [-105.022983, 39.660249], [-105.022982, 39.660526], [-105.022932, 39.660496], [-105.021573, 39.660517], [-105.020429, 39.660512], [-105.018137, 39.660498], [-105.018007, 39.660499], [-105.0158, 39.660508], [-105.015799, 39.66213], [-105.015766, 39.662323], [-105.015773, 39.663729], [-105.01578, 39.664209], [-105.01575, 39.665343], [-105.015733, 39.666142], [-105.015722, 39.666947], [-105.015713, 39.667733], [-105.015715, 39.668545], [-105.015731, 39.66937], [-105.015744, 39.669922], [-105.015707, 39.670156], [-105.015746, 39.670657], [-105.015701, 39.670993], [-105.015748, 39.671377], [-105.015699, 39.671795], [-105.015748, 39.672082], [-105.015692, 39.673407], [-105.015689, 39.675014], [-105.015749, 39.67592], [-105.015691, 39.676811], [-105.015752, 39.677691], [-105.015696, 39.678684], [-105.013363, 39.678667], [-105.01102, 39.678647], [-105.008664, 39.678627], [-105.008642, 39.67767], [-105.008637, 39.67678], [-105.006357, 39.676759], [-105.006392, 39.675897], [-105.006402, 39.674999], [-105.006355, 39.67318], [-105.006358, 39.671434], [-105.006359, 39.668109], [-105.007278, 39.665446], [-105.008191, 39.66409], [-105.009577, 39.662285], [-105.010941, 39.660507], [-105.010665, 39.660507], [-105.009738, 39.660505], [-105.004395, 39.660484], [-105.004886, 39.663685], [-105.004421, 39.664718], [-105.004291, 39.665001], [-105.004236, 39.665121], [-105.00407, 39.665527], [-105.003937, 39.666487], [-105.000355, 39.667728], [-104.996198, 39.667691], [-104.995913, 39.667688], [-104.99569, 39.667689], [-104.992939, 39.667687], [-104.992299, 39.667679], [-104.991132, 39.667674], [-104.989973, 39.667673], [-104.988813, 39.667679], [-104.988263, 39.66768], [-104.987572, 39.667682], [-104.986354, 39.667683], [-104.985197, 39.667687], [-104.984041, 39.667689], [-104.982835, 39.667696], [-104.981676, 39.667697], [-104.980527, 39.667699], [-104.979621, 39.6677], [-104.979311, 39.667688], [-104.978292, 39.667698], [-104.975803, 39.667688], [-104.974586, 39.667687], [-104.973486, 39.667684], [-104.973488, 39.666315], [-104.973489, 39.665866], [-104.971143, 39.665855], [-104.969978, 39.66585], [-104.968805, 39.665839], [-104.968808, 39.664949], [-104.968814, 39.664035], [-104.968817, 39.663559], [-104.96878, 39.662034], [-104.968785, 39.660417], [-104.967912, 39.660414], [-104.967619, 39.660409], [-104.966999, 39.660406], [-104.966463, 39.660377], [-104.96608, 39.660397], [-104.965161, 39.66039], [-104.964169, 39.660382], [-104.963191, 39.66037], [-104.963084, 39.660371], [-104.96307, 39.661559], [-104.959443, 39.661526], [-104.959449, 39.660344], [-104.959468, 39.659609], [-104.959459, 39.657074], [-104.95949, 39.656759], [-104.959485, 39.656691], [-104.955795, 39.65669], [-104.953788, 39.656683], [-104.953541, 39.655957], [-104.954375, 39.655886], [-104.954983, 39.652987], [-104.954062, 39.652975], [-104.946417, 39.653018], [-104.945401, 39.652968], [-104.940683, 39.653013], [-104.939753, 39.653021], [-104.938599, 39.653031], [-104.937441, 39.653037], [-104.936297, 39.653039], [-104.935138, 39.653037], [-104.933988, 39.653042], [-104.93283, 39.653041], [-104.931703, 39.653044], [-104.931726, 39.651252], [-104.931754, 39.650344], [-104.931765, 39.649446], [-104.931872, 39.646001], [-104.931873, 39.645826], [-104.927391, 39.64584], [-104.92246, 39.645849], [-104.921154, 39.644832], [-104.920561, 39.644373], [-104.919779, 39.64377], [-104.919009, 39.643166], [-104.918237, 39.642564], [-104.914264, 39.639428], [-104.913227, 39.638669], [-104.913402, 39.624203], [-104.913407, 39.624083], [-104.911699, 39.624084], [-104.906969, 39.624072], [-104.906916, 39.624071], [-104.904731, 39.624082], [-104.904031, 39.624088], [-104.901864, 39.624094], [-104.90159, 39.624094], [-104.89939, 39.624099], [-104.898081, 39.6241], [-104.894721, 39.624106], [-104.894527, 39.624108], [-104.889883, 39.624121], [-104.889666, 39.624124], [-104.888756, 39.62412], [-104.885264, 39.624129], [-104.885264, 39.624162], [-104.88528, 39.627128], [-104.885231, 39.631345], [-104.885228, 39.631433], [-104.885156, 39.633467], [-104.885173, 39.636268], [-104.885167, 39.636493], [-104.885132, 39.638093], [-104.88512, 39.638948], [-104.880332, 39.64131], [-104.880322, 39.641651], [-104.880338, 39.641955], [-104.88034, 39.641993], [-104.880381, 39.642475], [-104.880313, 39.643949], [-104.880313, 39.645889], [-104.880313, 39.645902], [-104.880246, 39.647751], [-104.880086, 39.650773], [-104.88014, 39.653057], [-104.877, 39.65305], [-104.875942, 39.651966], [-104.875454, 39.651466], [-104.875573, 39.64499], [-104.871188, 39.646229], [-104.870048, 39.646284], [-104.867624, 39.647344], [-104.857595, 39.653167], [-104.855931, 39.654141], [-104.852312, 39.655768], [-104.847296, 39.657102], [-104.848495, 39.657092], [-104.848587, 39.659203], [-104.853067, 39.659914], [-104.853367, 39.65998], [-104.855437, 39.660804], [-104.856441, 39.66034], [-104.858978, 39.66034], [-104.862317, 39.660278], [-104.864411, 39.660274], [-104.866334, 39.660309], [-104.866203, 39.661762], [-104.866174, 39.667515], [-104.866051, 39.670847], [-104.868216, 39.672621], [-104.870882, 39.674764], [-104.874015, 39.674781], [-104.875291, 39.674766], [-104.875312, 39.672062], [-104.877459, 39.672066], [-104.876265, 39.670909], [-104.87538, 39.668651], [-104.875653, 39.664527], [-104.876211, 39.663932], [-104.87926, 39.663928], [-104.879525, 39.663927], [-104.88505, 39.667493], [-104.890005, 39.667578], [-104.890057, 39.66684], [-104.888352, 39.665674], [-104.890204, 39.66451], [-104.890824, 39.664903], [-104.89144, 39.665405], [-104.892237, 39.666048], [-104.893296, 39.666899], [-104.894024, 39.667589], [-104.894329, 39.667588], [-104.89614, 39.667617], [-104.898817, 39.667626], [-104.901156, 39.66762], [-104.903509, 39.667624], [-104.903522, 39.671225], [-104.903525, 39.672677], [-104.903526, 39.673362], [-104.903523, 39.673818], [-104.90352, 39.674456], [-104.903524, 39.67464], [-104.903579, 39.676675], [-104.904782, 39.677818], [-104.906253, 39.678442], [-104.908201, 39.678455], [-104.912811, 39.678461], [-104.912905, 39.679135], [-104.912808, 39.680046], [-104.911905, 39.679891], [-104.911916, 39.682079], [-104.911032, 39.682073], [-104.909614, 39.68207], [-104.908205, 39.68207], [-104.908202, 39.682516], [-104.908201, 39.683424], [-104.908207, 39.683871], [-104.906977, 39.683863], [-104.905984, 39.683865], [-104.905191, 39.683862], [-104.905223, 39.686058], [-104.903443, 39.684857], [-104.903431, 39.685456], [-104.903538, 39.687376], [-104.900825, 39.687101], [-104.89881, 39.686826], [-104.89701, 39.686819], [-104.896911, 39.685646], [-104.896583, 39.683634], [-104.895377, 39.683628], [-104.894947, 39.683625], [-104.894483, 39.683623], [-104.894041, 39.683628], [-104.894046, 39.682061], [-104.89168, 39.682059], [-104.889308, 39.682056], [-104.889314, 39.682727], [-104.889311, 39.683805], [-104.891527, 39.68569], [-104.893395, 39.685693], [-104.894058, 39.685694], [-104.894061, 39.686428], [-104.894069, 39.688645], [-104.89407, 39.689357], [-104.89409, 39.692713], [-104.895633, 39.692964], [-104.898801, 39.692975], [-104.898798, 39.691579], [-104.89881, 39.689341], [-104.903512, 39.689354], [-104.903518, 39.691791], [-104.90351, 39.692581], [-104.903511, 39.69297], [-104.900115, 39.692985], [-104.901811, 39.694765], [-104.90258, 39.695571], [-104.903507, 39.696622], [-104.903544, 39.698535], [-104.899891, 39.697199], [-104.899757, 39.69715], [-104.900379, 39.69655], [-104.899426, 39.695748], [-104.899099, 39.695395], [-104.897894, 39.696076], [-104.897402, 39.69627], [-104.896447, 39.696588], [-104.894766, 39.696597], [-104.894766, 39.69587], [-104.894092, 39.695868], [-104.894096, 39.696359], [-104.894099, 39.696596], [-104.891715, 39.69659], [-104.891783, 39.696581], [-104.888186, 39.696567], [-104.885773, 39.696523], [-104.884509, 39.69649], [-104.882313, 39.696573], [-104.87772, 39.696508], [-104.877728, 39.698438], [-104.875318, 39.698438], [-104.875314, 39.697654], [-104.875309, 39.696505], [-104.873004, 39.696469], [-104.870666, 39.696509], [-104.869144, 39.696554], [-104.868321, 39.696566], [-104.865962, 39.696559], [-104.865963, 39.698371], [-104.865964, 39.699279], [-104.867133, 39.69928], [-104.867136, 39.700188], [-104.868309, 39.700192], [-104.868301, 39.698371], [-104.870662, 39.698377], [-104.870648, 39.700535], [-104.869393, 39.701089], [-104.868315, 39.703141], [-104.865967, 39.703807], [-104.865967, 39.704318], [-104.86597, 39.705701], [-104.865972, 39.707445], [-104.865973, 39.709305], [-104.865971, 39.711053], [-104.870625, 39.710174], [-104.870596, 39.718176], [-104.87064, 39.718176], [-104.874041, 39.718178], [-104.874947, 39.71845], [-104.87534, 39.719711], [-104.87534, 39.720134], [-104.875334, 39.723223], [-104.87533, 39.725576], [-104.878604, 39.725594], [-104.88082, 39.725454], [-104.881934, 39.72496], [-104.88258, 39.725661], [-104.885026, 39.728137], [-104.886613, 39.729219], [-104.885025, 39.730312], [-104.884708, 39.731229], [-104.884708, 39.732846], [-104.88469, 39.734199], [-104.88468, 39.735625], [-104.884659, 39.737274], [-104.884641, 39.738699], [-104.884646, 39.740156], [-104.884646, 39.740652], [-104.884652, 39.741986], [-104.884652, 39.743807], [-104.884655, 39.745629], [-104.884664, 39.747467], [-104.883993, 39.747446], [-104.883429, 39.747431], [-104.882261, 39.747432], [-104.881082, 39.747426], [-104.880138, 39.747428], [-104.879971, 39.747438], [-104.879901, 39.754652], [-104.877889, 39.754728], [-104.876845, 39.754731], [-104.875192, 39.754738], [-104.874294, 39.754729], [-104.873368, 39.754727], [-104.872441, 39.754717], [-104.871522, 39.754731], [-104.870571, 39.754751], [-104.86964, 39.754747], [-104.868715, 39.754747], [-104.86779, 39.754745], [-104.866866, 39.754737], [-104.86594, 39.75474], [-104.865915, 39.754737], [-104.864571, 39.754737], [-104.8636, 39.75474], [-104.861266, 39.754748], [-104.8588, 39.754725], [-104.856366, 39.754745], [-104.85404, 39.75471], [-104.84694, 39.754687], [-104.846932, 39.754888], [-104.846916, 39.755241], [-104.848002, 39.755449], [-104.848208, 39.756419], [-104.850786, 39.756743], [-104.854351, 39.758062], [-104.85552, 39.757796], [-104.856338, 39.758127], [-104.856352, 39.759682], [-104.856377, 39.764236], [-104.856384, 39.765335], [-104.856399, 39.76781], [-104.856394, 39.768581], [-104.847422, 39.767906], [-104.837614, 39.767169], [-104.832972, 39.766391], [-104.833009, 39.766994], [-104.833009, 39.769177], [-104.828323, 39.769156], [-104.828183, 39.770277], [-104.828163, 39.772374], [-104.828163, 39.772575], [-104.828185, 39.772784], [-104.82403, 39.772798], [-104.812306, 39.772824], [-104.810752, 39.77283], [-104.809884, 39.772823], [-104.809703, 39.772833], [-104.804609, 39.772826], [-104.801625, 39.772833], [-104.799097, 39.772827], [-104.796005, 39.772828], [-104.791479, 39.772827], [-104.790592, 39.772822], [-104.783548, 39.772801], [-104.781577, 39.772795], [-104.781575, 39.772841], [-104.78156, 39.776483], [-104.772157, 39.776409], [-104.772168, 39.774667], [-104.772166, 39.7715], [-104.764559, 39.771568], [-104.764554, 39.771271], [-104.764574, 39.769188], [-104.760946, 39.769222], [-104.753442, 39.769302], [-104.749326, 39.769281], [-104.745432, 39.769262], [-104.734601, 39.769181], [-104.734581, 39.774838], [-104.73454, 39.77965], [-104.734534, 39.78173], [-104.734532, 39.781862], [-104.734523, 39.782587], [-104.734519, 39.782949], [-104.734492, 39.785355], [-104.734429, 39.789128], [-104.734417, 39.79109], [-104.734417, 39.79462], [-104.734403, 39.796801], [-104.734399, 39.798442], [-104.734468, 39.798443], [-104.741361, 39.79846], [-104.753328, 39.79846], [-104.758094, 39.798459], [-104.762606, 39.798433], [-104.762834, 39.799878], [-104.762829, 39.800233], [-104.762646, 39.801589], [-104.762632, 39.803678], [-104.762658, 39.805574], [-104.762652, 39.809221], [-104.762554, 39.811147], [-104.762607, 39.812852], [-104.762618, 39.814743], [-104.762462, 39.823443], [-104.753082, 39.823381], [-104.745816, 39.823334], [-104.745503, 39.82333], [-104.722675, 39.823178], [-104.716084, 39.823207], [-104.694736, 39.823003], [-104.679953, 39.822869], [-104.673394, 39.82284], [-104.666062, 39.822791], [-104.666095, 39.820137], [-104.666182, 39.813075], [-104.665558, 39.813071], [-104.659171, 39.813025], [-104.655445, 39.812999], [-104.65539, 39.822605], [-104.640346, 39.822553], [-104.625596, 39.822479], [-104.625566, 39.82249], [-104.625463, 39.82249], [-104.621523, 39.822419], [-104.619799, 39.822417], [-104.619742, 39.826635], [-104.619548, 39.842652], [-104.619374, 39.855786], [-104.619189, 39.870327], [-104.619152, 39.87322], [-104.608174, 39.873136], [-104.605261, 39.873114], [-104.605234, 39.875307], [-104.605154, 39.881346], [-104.59981, 39.881307], [-104.599776, 39.884585], [-104.599581, 39.899038], [-104.607274, 39.899124], [-104.620759, 39.899328], [-104.630945, 39.899291], [-104.630939, 39.906645], [-104.640361, 39.906711], [-104.659163, 39.906787], [-104.668532, 39.906894], [-104.678083, 39.906991], [-104.679664, 39.907008], [-104.679582, 39.914016], [-104.692054, 39.914178], [-104.692139, 39.906851], [-104.703185, 39.906926], [-104.703311, 39.895949], [-104.729806, 39.896127], [-104.73039, 39.896131], [-104.730953, 39.845195], [-104.734181, 39.845214], [-104.746713, 39.845297], [-104.747001, 39.845299], [-104.753063, 39.845339], [-104.76214, 39.845385], [-104.762279, 39.84539], [-104.762296, 39.843754], [-104.7623, 39.843393], [-104.762317, 39.841788], [-104.771968, 39.841759], [-104.772186, 39.841761], [-104.786472, 39.841793], [-104.790859, 39.841802], [-104.790859, 39.841754], [-104.790708, 39.827214], [-104.790922, 39.819682], [-104.791054, 39.810462], [-104.79098, 39.80564], [-104.790895, 39.798251], [-104.795503, 39.79827], [-104.799977, 39.798285], [-104.807561, 39.798306], [-104.80951, 39.798317], [-104.80969, 39.798317], [-104.81255, 39.798307], [-104.815969, 39.798283], [-104.820038, 39.79826], [-104.823634, 39.79824], [-104.827186, 39.798216], [-104.828089, 39.798195], [-104.830739, 39.798061], [-104.83539, 39.798105], [-104.835498, 39.798107], [-104.835673, 39.798108], [-104.838754, 39.798128], [-104.842307, 39.798157], [-104.847181, 39.798236], [-104.850006, 39.798345], [-104.861332, 39.798374], [-104.866041, 39.798386], [-104.866074, 39.812847], [-104.880056, 39.812822], [-104.884405, 39.812815], [-104.884374, 39.807149], [-104.88436, 39.806082], [-104.884374, 39.804458], [-104.884372, 39.80292], [-104.884397, 39.801474], [-104.884391, 39.800939], [-104.884474, 39.798322], [-104.889376, 39.798324], [-104.891816, 39.798326], [-104.894115, 39.798325], [-104.896191, 39.798344], [-104.897213, 39.798372], [-104.899069, 39.798374], [-104.899069, 39.800202], [-104.901416, 39.800202], [-104.901405, 39.798383], [-104.90329, 39.79839], [-104.903561, 39.798391], [-104.903549, 39.795668], [-104.903539, 39.793532], [-104.903506, 39.788811], [-104.903485, 39.787288], [-104.903479, 39.786798], [-104.903474, 39.786474], [-104.903458, 39.785309], [-104.903439, 39.783888], [-104.90577, 39.783825], [-104.906745, 39.783824], [-104.910092, 39.783827], [-104.911939, 39.783818], [-104.912887, 39.783818], [-104.917715, 39.783806], [-104.920017, 39.783773], [-104.922274, 39.783776], [-104.927002, 39.783778], [-104.927023, 39.786951], [-104.927034, 39.791054], [-104.931646, 39.791047], [-104.939882, 39.790994], [-104.940079, 39.791001], [-104.940484, 39.791919], [-104.940483, 39.792209], [-104.940481, 39.79279], [-104.940476, 39.794601], [-104.944024, 39.794596], [-104.945106, 39.794599], [-104.947643, 39.794615], [-104.948648, 39.794618], [-104.949651, 39.79462], [-104.949712, 39.794621], [-104.955445, 39.794625], [-104.956327, 39.793957], [-104.960433, 39.791028], [-104.968746, 39.791042], [-104.968861, 39.791041], [-104.968863, 39.791317], [-104.967936, 39.791831], [-104.967523, 39.793269], [-104.968773, 39.793215], [-104.96874, 39.795576], [-104.968716, 39.798396], [-104.971644, 39.798291], [-104.971656, 39.796148], [-104.97116, 39.795567], [-104.972213, 39.795564], [-104.974667, 39.795608], [-104.974676, 39.794125], [-104.973057, 39.794114], [-104.973065, 39.792418], [-104.975951, 39.792422], [-104.97595, 39.791038], [-104.977105, 39.791047], [-104.977724, 39.791042], [-104.978271, 39.791874], [-104.978274, 39.791043], [-104.982851, 39.791039], [-104.9852, 39.79104], [-104.985181, 39.791667], [-104.986358, 39.791871], [-104.986386, 39.791037], [-104.987547, 39.791034], [-104.988421, 39.791036], [-104.988612, 39.791035], [-104.988848, 39.791036], [-104.989088, 39.791035], [-104.990263, 39.791031], [-104.990629, 39.792047], [-104.99324, 39.792042], [-104.993242, 39.791026], [-104.994973, 39.791023], [-104.996737, 39.791019], [-104.99779, 39.791026], [-104.998436, 39.791027], [-105.001695, 39.791024], [-105.005126, 39.791039], [-105.006416, 39.791049], [-105.010189, 39.791055], [-105.011203, 39.791059], [-105.012371, 39.791055], [-105.013533, 39.791064], [-105.01444, 39.791064], [-105.015832, 39.791072], [-105.016991, 39.791077], [-105.018156, 39.791078], [-105.019312, 39.791078], [-105.019885, 39.791088], [-105.020465, 39.791087], [-105.020542, 39.791087], [-105.020554, 39.792941], [-105.020617, 39.793011], [-105.021569, 39.793214], [-105.021106, 39.79428], [-105.021843, 39.794461], [-105.023174, 39.793398], [-105.025149, 39.794003], [-105.025263, 39.791414], [-105.025262, 39.791106], [-105.029944, 39.791125], [-105.029953, 39.792032], [-105.034645, 39.792051], [-105.034618, 39.791142], [-105.035795, 39.791137], [-105.03694, 39.791133], [-105.037578, 39.79113], [-105.038098, 39.791128], [-105.039255, 39.791123], [-105.040419, 39.791119], [-105.041577, 39.791113], [-105.042735, 39.791108], [-105.043846, 39.791102], [-105.044843, 39.791099], [-105.053246, 39.791063], [-105.055627, 39.791066], [-105.056162, 39.791067], [-105.059338, 39.791072], [-105.060417, 39.791073], [-105.06148, 39.791075], [-105.062364, 39.7905], [-105.062648, 39.790928], [-105.062813, 39.791085], [-105.064161, 39.791079], [-105.064405, 39.79108], [-105.065005, 39.790321], [-105.065008, 39.790159], [-105.064993, 39.789761], [-105.064994, 39.789377], [-105.064989, 39.788885], [-105.064992, 39.788359], [-105.062655, 39.78818], [-105.062653, 39.787193], [-105.062655, 39.786187], [-105.062656, 39.785666], [-105.062659, 39.783847], [-105.061711, 39.783845], [-105.060765, 39.783842], [-105.05982, 39.78383], [-105.058863, 39.78383], [-105.057912, 39.783831], [-105.05675, 39.783822], [-105.055588, 39.783818], [-105.054442, 39.783814], [-105.053183, 39.783797], [-105.053184, 39.783687], [-105.053184, 39.783533], [-105.053208, 39.780205], [-105.053242, 39.778384], [-105.053245, 39.776583], [-105.053241, 39.774763], [-105.053241, 39.772938], [-105.053265, 39.771134], [-105.05324, 39.769333], [-105.053241, 39.767512], [-105.053243, 39.767278], [-105.053242, 39.766622], [-105.05323, 39.765699], [-105.053243, 39.764814], [-105.053241, 39.763903], [-105.053241, 39.762989], [-105.053244, 39.762084], [-105.053241, 39.760293], [-105.053239, 39.758472]]]]}}, {"type": "Feature", "properties": {"id": 2, "NAME": "2", "text-color": "#000000", "text-size": 16, "TotalPop": 721720, "PopDevPct": 7.97e-06, "DemPct": 0.68457206, "RepPct": 0.28701639, "WhitePct": 0.78660098, "MinorityPct": 0.21339902, "BlackPct": 0.01620406, "HispanicPct": 0.12239004, "PacificPct": 0.00251725, "AsianPct": 0.04756461, "NativePct": 0.02311668, "TotalVAP": 585162, "Margin": 0.18457206, "color": "#0000f8", "opacity": "0.5", "year": 2022, "state": "CO", "state-district": "CO-02"}, "geometry": {"type": "MultiPolygon", "coordinates": [[[[-105.398349, 39.717147], [-105.398295, 39.717441], [-105.39819, 39.726234], [-105.398149, 39.733282], [-105.397949, 39.745856], [-105.397949, 39.74604], [-105.397949, 39.747735], [-105.397947, 39.748971], [-105.397947, 39.749251], [-105.397948, 39.749432], [-105.397948, 39.749994], [-105.397949, 39.750292], [-105.397943, 39.761017], [-105.397944, 39.764995], [-105.397949, 39.776609], [-105.39795, 39.77732], [-105.397951, 39.784391], [-105.397948, 39.798771], [-105.397947, 39.810203], [-105.39795, 39.8149], [-105.398043, 39.816027], [-105.398026, 39.81789], [-105.398023, 39.820146], [-105.39801, 39.822515], [-105.397993, 39.825957], [-105.397951, 39.833661], [-105.397948, 39.84094], [-105.394075, 39.842811], [-105.392528, 39.84202], [-105.388133, 39.843671], [-105.384927, 39.843452], [-105.3794, 39.845793], [-105.375432, 39.846329], [-105.373645, 39.845993], [-105.37095, 39.846086], [-105.369099, 39.846948], [-105.364608, 39.847292], [-105.362485, 39.848024], [-105.35747, 39.847045], [-105.354739, 39.847812], [-105.354887, 39.849037], [-105.352668, 39.850253], [-105.352332, 39.851364], [-105.350758, 39.851106], [-105.346897, 39.851178], [-105.34511, 39.850461], [-105.342813, 39.851986], [-105.34024, 39.852014], [-105.339407, 39.853278], [-105.335887, 39.85335], [-105.335238, 39.852548], [-105.333571, 39.853213], [-105.331383, 39.853236], [-105.332958, 39.854224], [-105.331733, 39.855432], [-105.329381, 39.85523], [-105.32767, 39.85445], [-105.326217, 39.854802], [-105.327235, 39.853115], [-105.326672, 39.852561], [-105.324256, 39.851995], [-105.322667, 39.851128], [-105.32075, 39.850661], [-105.318584, 39.85249], [-105.314893, 39.853676], [-105.314351, 39.852172], [-105.313019, 39.852715], [-105.309769, 39.852479], [-105.309049, 39.851688], [-105.30798, 39.85271], [-105.306918, 39.852896], [-105.305707, 39.85115], [-105.304888, 39.851259], [-105.304353, 39.853083], [-105.305336, 39.854072], [-105.304731, 39.854703], [-105.303526, 39.854451], [-105.302935, 39.853478], [-105.300783, 39.853978], [-105.29873, 39.852791], [-105.298346, 39.850699], [-105.295895, 39.849534], [-105.293579, 39.848995], [-105.290308, 39.849808], [-105.290628, 39.851335], [-105.289581, 39.851592], [-105.286011, 39.850532], [-105.285883, 39.849439], [-105.28334, 39.848285], [-105.281352, 39.846252], [-105.279365, 39.845433], [-105.278083, 39.844361], [-105.276073, 39.843399], [-105.275955, 39.84944], [-105.2764, 39.849532], [-105.276532, 39.84981], [-105.279773, 39.852816], [-105.279997, 39.852875], [-105.281533, 39.853276], [-105.282229, 39.854276], [-105.283869, 39.854414], [-105.283495, 39.855391], [-105.282481, 39.855433], [-105.284372, 39.858747], [-105.284325, 39.859481], [-105.286349, 39.861403], [-105.287724, 39.861493], [-105.290453, 39.862551], [-105.290982, 39.861998], [-105.292285, 39.860099], [-105.293747, 39.862463], [-105.293667, 39.863633], [-105.294467, 39.865368], [-105.296856, 39.866567], [-105.294173, 39.869924], [-105.294468, 39.876432], [-105.303666, 39.875705], [-105.30382, 39.884062], [-105.303814, 39.884161], [-105.302191, 39.883992], [-105.30064, 39.882514], [-105.29772, 39.882337], [-105.296975, 39.882336], [-105.296405, 39.882251], [-105.296155, 39.882148], [-105.295899, 39.882021], [-105.295634, 39.88188], [-105.29463, 39.881083], [-105.294317, 39.8808], [-105.292499, 39.87963], [-105.29207, 39.879505], [-105.291727, 39.879458], [-105.291281, 39.879462], [-105.291009, 39.879505], [-105.290696, 39.879528], [-105.290667, 39.879529], [-105.289749, 39.879524], [-105.288046, 39.879222], [-105.287264, 39.878994], [-105.286517, 39.878365], [-105.285631, 39.878015], [-105.284147, 39.878124], [-105.283749, 39.878166], [-105.281437, 39.878326], [-105.279891, 39.878301], [-105.278905, 39.878228], [-105.276891, 39.877861], [-105.274767, 39.877391], [-105.273979, 39.877098], [-105.271279, 39.875924], [-105.269273, 39.875052], [-105.267881, 39.874426], [-105.265623, 39.873495], [-105.265478, 39.873434], [-105.263089, 39.872418], [-105.262522, 39.872179], [-105.261928, 39.871919], [-105.257349, 39.869914], [-105.251972, 39.867649], [-105.250961, 39.867185], [-105.249916, 39.866817], [-105.249505, 39.866729], [-105.249242, 39.866673], [-105.248496, 39.86658], [-105.241165, 39.865966], [-105.241, 39.865953], [-105.240915, 39.865948], [-105.240265, 39.865909], [-105.241033, 39.868227], [-105.241077, 39.870437], [-105.241123, 39.884368], [-105.241126, 39.885845], [-105.241109, 39.886504], [-105.241109, 39.890321], [-105.241114, 39.906406], [-105.24094, 39.908532], [-105.240347, 39.910804], [-105.238933, 39.914367], [-105.231343, 39.914085], [-105.214955, 39.914223], [-105.206273, 39.914086], [-105.20345, 39.91404], [-105.201254, 39.914002], [-105.200992, 39.913999], [-105.200796, 39.913994], [-105.199494, 39.914028], [-105.196647, 39.914186], [-105.192439, 39.914107], [-105.192184, 39.914102], [-105.191895, 39.914097], [-105.166565, 39.913893], [-105.16615, 39.914047], [-105.159796, 39.914054], [-105.148472, 39.914049], [-105.148342, 39.913885], [-105.147143, 39.913889], [-105.14714, 39.914001], [-105.147005, 39.925215], [-105.147041, 39.928938], [-105.142523, 39.928929], [-105.138407, 39.928938], [-105.137604, 39.928931], [-105.137618, 39.931499], [-105.137585, 39.936112], [-105.137578, 39.937109], [-105.137598, 39.938867], [-105.137592, 39.939543], [-105.137579, 39.939688], [-105.137578, 39.939712], [-105.128165, 39.939618], [-105.12816, 39.940795], [-105.128027, 39.950319], [-105.128029, 39.950535], [-105.128016, 39.951678], [-105.128002, 39.954173], [-105.121943, 39.95416], [-105.121258, 39.952389], [-105.121207, 39.951697], [-105.121126, 39.951484], [-105.120837, 39.951293], [-105.120324, 39.950524], [-105.109333, 39.95064], [-105.109322, 39.950485], [-105.109327, 39.9478], [-105.109353, 39.943336], [-105.118562, 39.943323], [-105.118557, 39.943213], [-105.118601, 39.93991], [-105.118594, 39.939267], [-105.118619, 39.935681], [-105.118257, 39.935007], [-105.118713, 39.934159], [-105.118774, 39.933796], [-105.118657, 39.932965], [-105.114484, 39.930126], [-105.11394, 39.928989], [-105.109409, 39.925859], [-105.109406, 39.926114], [-105.110917, 39.927058], [-105.111479, 39.927488], [-105.112407, 39.928625], [-105.113515, 39.930702], [-105.11365, 39.931279], [-105.113566, 39.932055], [-105.113232, 39.932731], [-105.112293, 39.933567], [-105.109235, 39.935538], [-105.108382, 39.936134], [-105.090853, 39.936051], [-105.090813, 39.939249], [-105.091072, 39.943281], [-105.090526, 39.943282], [-105.090297, 39.943283], [-105.076637, 39.943329], [-105.076636, 39.943432], [-105.076568, 39.950538], [-105.074604, 39.95052], [-105.071899, 39.950198], [-105.07192, 39.950585], [-105.072002, 39.95767], [-105.071937, 39.957938], [-105.071663, 39.957786], [-105.062361, 39.957766], [-105.059992, 39.957766], [-105.059332, 39.957763], [-105.059328, 39.958708], [-105.058195, 39.958716], [-105.058207, 39.957894], [-105.055225, 39.957855], [-105.052889, 39.957826], [-105.052828, 39.965892], [-105.054202, 39.96587], [-105.057747, 39.968636], [-105.057709, 39.974669], [-105.058473, 39.974345], [-105.058521, 39.974703], [-105.058537, 39.974977], [-105.058553, 39.97526], [-105.052797, 39.977674], [-105.052792, 39.97938], [-105.052774, 39.98654], [-105.052822, 40.000122], [-105.052823, 40.00026], [-105.046237, 40.000265], [-105.042292, 40.000469], [-105.037067, 40.000467], [-105.026568, 40.000472], [-105.02239, 40.000473], [-105.017772, 40.000475], [-105.011655, 40.000478], [-105.008905, 40.000486], [-105.008402, 40.000483], [-105.00801, 40.000483], [-105.007906, 40.000483], [-105.007933, 40.002987], [-105.00804, 40.002987], [-105.008404, 40.002938], [-105.008405, 40.003069], [-105.008931, 40.003074], [-105.010336, 40.003086], [-105.010331, 40.00426], [-105.008944, 40.00426], [-105.008413, 40.004123], [-105.008426, 40.005772], [-105.00844, 40.006282], [-105.00832, 40.005773], [-105.007954, 40.00578], [-105.007995, 40.007581], [-104.999082, 40.007648], [-104.989647, 40.007679], [-104.989614, 40.01489], [-104.999065, 40.014887], [-104.999073, 40.015939], [-104.99907, 40.016131], [-104.996176, 40.019432], [-104.996038, 40.020556], [-104.999013, 40.020627], [-104.996784, 40.02082], [-104.996742, 40.023509], [-104.999005, 40.023509], [-104.999007, 40.025776], [-104.989519, 40.025793], [-104.986543, 40.025799], [-104.9865, 40.029309], [-104.980853, 40.029322], [-104.980433, 40.029324], [-104.980048, 40.029411], [-104.980041, 40.040316], [-104.979905, 40.042111], [-104.979242, 40.043758], [-104.978526, 40.043888], [-104.979358, 40.044029], [-104.979318, 40.043901], [-104.98029, 40.043908], [-104.980289, 40.044029], [-104.980746, 40.044028], [-104.98143, 40.044031], [-104.980899, 40.046376], [-104.980817, 40.058342], [-104.980817, 40.058413], [-104.980837, 40.080317], [-104.989465, 40.080339], [-104.989429, 40.084042], [-104.990973, 40.084051], [-104.994693, 40.084069], [-104.994667, 40.087591], [-104.994665, 40.087742], [-104.996757, 40.087719], [-104.998915, 40.087852], [-104.998917, 40.087695], [-105.008357, 40.087552], [-105.008335, 40.100201], [-105.011017, 40.100858], [-105.013503, 40.101097], [-105.014519, 40.099831], [-105.013064, 40.098826], [-105.014567, 40.097978], [-105.015443, 40.096902], [-105.017353, 40.09609], [-105.017538, 40.093995], [-105.015992, 40.092378], [-105.013769, 40.09101], [-105.012893, 40.09002], [-105.012501, 40.088388], [-105.012971, 40.08811], [-105.017666, 40.087629], [-105.017665, 40.087674], [-105.017738, 40.087674], [-105.017724, 40.087282], [-105.018222, 40.087292], [-105.018381, 40.087088], [-105.018494, 40.08709], [-105.020548, 40.084337], [-105.020832, 40.084033], [-105.021634, 40.083847], [-105.023, 40.084014], [-105.024645, 40.084417], [-105.025248, 40.084825], [-105.025525, 40.085459], [-105.025308, 40.086014], [-105.024613, 40.08652], [-105.024741, 40.087073], [-105.025007, 40.087302], [-105.026528, 40.087392], [-105.026597, 40.087534], [-105.032273, 40.087697], [-105.032265, 40.08799], [-105.037482, 40.087953], [-105.039565, 40.08784], [-105.040544, 40.087819], [-105.041564, 40.087816], [-105.041573, 40.089617], [-105.042271, 40.090229], [-105.037283, 40.09624], [-105.032132, 40.101873], [-105.032082, 40.109622], [-105.034756, 40.109644], [-105.036995, 40.109079], [-105.038948, 40.109546], [-105.03899, 40.109426], [-105.039202, 40.109465], [-105.039289, 40.109475], [-105.039376, 40.109482], [-105.039464, 40.109485], [-105.039562, 40.109484], [-105.041475, 40.10943], [-105.041463, 40.109598], [-105.041493, 40.113122], [-105.036745, 40.113231], [-105.036746, 40.120481], [-105.031984, 40.120538], [-105.031984, 40.121295], [-105.029649, 40.123042], [-105.027931, 40.12694], [-105.0259, 40.127824], [-105.020317, 40.127818], [-105.006618, 40.12783], [-105.008217, 40.125797], [-105.008235, 40.118608], [-105.006881, 40.116974], [-104.998787, 40.116972], [-104.989399, 40.116959], [-104.989302, 40.121667], [-104.989282, 40.124141], [-104.989243, 40.131375], [-104.99875, 40.131429], [-104.998848, 40.131429], [-104.998849, 40.131505], [-104.99884, 40.138802], [-104.998835, 40.143959], [-104.998818, 40.145951], [-104.998721, 40.154311], [-104.99869, 40.157071], [-105.000074, 40.157062], [-105.008097, 40.156966], [-105.008044, 40.160318], [-105.008147, 40.160316], [-105.014129, 40.160177], [-105.017712, 40.160291], [-105.022702, 40.160713], [-105.027075, 40.16061], [-105.027243, 40.160606], [-105.036736, 40.160304], [-105.036734, 40.160499], [-105.036732, 40.160685], [-105.036521, 40.167907], [-105.036523, 40.168111], [-105.036518, 40.168273], [-105.03649, 40.169228], [-105.036452, 40.170573], [-105.032183, 40.171833], [-105.030346, 40.174705], [-105.029205, 40.174153], [-105.027452, 40.174181], [-105.026917, 40.174705], [-105.026916, 40.1748], [-105.02664, 40.174803], [-105.026346, 40.174808], [-105.024296, 40.174813], [-105.024173, 40.174813], [-105.023904, 40.174814], [-105.022379, 40.174817], [-105.020903, 40.174822], [-105.0208, 40.174822], [-105.020483, 40.174823], [-105.018579, 40.174829], [-105.018356, 40.17483], [-105.018288, 40.17483], [-105.018167, 40.174831], [-105.018009, 40.174833], [-105.017021, 40.174852], [-105.015563, 40.174869], [-105.01156, 40.174894], [-105.008875, 40.174903], [-105.002541, 40.174936], [-104.998641, 40.175159], [-104.998353, 40.175727], [-104.998346, 40.182237], [-104.998463, 40.182236], [-104.998463, 40.182369], [-104.998468, 40.185779], [-104.998473, 40.189573], [-104.998476, 40.196793], [-105.010642, 40.196757], [-105.012824, 40.196738], [-105.011528, 40.200461], [-105.009905, 40.20397], [-105.012186, 40.203952], [-105.017343, 40.203912], [-105.017399, 40.203911], [-105.017974, 40.203908], [-105.017995, 40.203802], [-105.036408, 40.203755], [-105.038532, 40.203722], [-105.045273, 40.203614], [-105.0459, 40.203604], [-105.0459, 40.203727], [-105.045886, 40.20852], [-105.04588, 40.211036], [-105.04057, 40.211087], [-105.040457, 40.210633], [-105.036371, 40.208859], [-105.036344, 40.211128], [-105.036306, 40.216986], [-105.030957, 40.217013], [-105.026863, 40.216862], [-105.026865, 40.218458], [-105.02714, 40.218456], [-105.028666, 40.219909], [-105.030186, 40.220399], [-105.033735, 40.224584], [-105.036247, 40.226977], [-105.038198, 40.230669], [-105.038535, 40.231784], [-105.036595, 40.230997], [-105.035025, 40.22966], [-105.033122, 40.229345], [-105.031796, 40.230814], [-105.029507, 40.231154], [-105.02792, 40.231833], [-105.027429, 40.233014], [-105.030242, 40.233004], [-105.030241, 40.232915], [-105.031696, 40.23291], [-105.031694, 40.232999], [-105.03643, 40.232977], [-105.039192, 40.232948], [-105.055076, 40.232779], [-105.054923, 40.239713], [-105.055074, 40.247157], [-105.055101, 40.253238], [-105.0551, 40.25612], [-105.055089, 40.261793], [-105.071919, 40.261638], [-105.074075, 40.261626], [-105.075953, 40.261598], [-105.083247, 40.261538], [-105.08789, 40.261582], [-105.087962, 40.261581], [-105.0998, 40.261485], [-105.102451, 40.261367], [-105.102432, 40.262795], [-105.102455, 40.267819], [-105.102453, 40.26868], [-105.102465, 40.271523], [-105.102497, 40.275998], [-105.102494, 40.277223], [-105.102488, 40.283329], [-105.102532, 40.29023], [-105.102532, 40.290502], [-105.102531, 40.290581], [-105.102966, 40.291268], [-105.103002, 40.293646], [-105.103009, 40.294085], [-105.107512, 40.294091], [-105.107587, 40.305105], [-105.109483, 40.305039], [-105.111696, 40.306868], [-105.112296, 40.306859], [-105.112305, 40.30893], [-105.112319, 40.31123], [-105.110743, 40.311249], [-105.110788, 40.313571], [-105.112342, 40.313558], [-105.112343, 40.313662], [-105.112348, 40.314412], [-105.112331, 40.319537], [-105.112326, 40.321783], [-105.112322, 40.323256], [-105.112355, 40.323302], [-105.112425, 40.323412], [-105.112427, 40.323576], [-105.112375, 40.323576], [-105.112133, 40.323578], [-105.110633, 40.323584], [-105.110628, 40.323291], [-105.108113, 40.323328], [-105.106862, 40.323343], [-105.103037, 40.323444], [-105.102803, 40.325901], [-105.102859, 40.32624], [-105.107162, 40.325332], [-105.107378, 40.327668], [-105.109135, 40.328507], [-105.107371, 40.327162], [-105.107554, 40.325487], [-105.107116, 40.323763], [-105.108185, 40.323713], [-105.112261, 40.324546], [-105.112469, 40.323749], [-105.114628, 40.322354], [-105.116136, 40.322185], [-105.117741, 40.321775], [-105.120426, 40.322488], [-105.12151, 40.323174], [-105.123088, 40.323052], [-105.12517, 40.324221], [-105.125891, 40.323716], [-105.127656, 40.324046], [-105.13064, 40.325245], [-105.128881, 40.325667], [-105.126634, 40.32683], [-105.127939, 40.32783], [-105.130304, 40.327077], [-105.13135, 40.327484], [-105.128807, 40.328074], [-105.128314, 40.328691], [-105.127216, 40.329026], [-105.125306, 40.329861], [-105.123311, 40.330231], [-105.122066, 40.33022], [-105.122071, 40.330955], [-105.121464, 40.33088], [-105.120141, 40.331399], [-105.120334, 40.331465], [-105.121595, 40.330945], [-105.121604, 40.33245], [-105.121381, 40.332577], [-105.120556, 40.3325], [-105.11963, 40.332863], [-105.119308, 40.333215], [-105.119201, 40.333951], [-105.118609, 40.334234], [-105.117342, 40.335062], [-105.11608, 40.335281], [-105.11481, 40.335392], [-105.11448, 40.335793], [-105.11457, 40.336274], [-105.115078, 40.335643], [-105.116017, 40.335406], [-105.116728, 40.335486], [-105.117613, 40.335061], [-105.118651, 40.334328], [-105.119377, 40.334153], [-105.120496, 40.334178], [-105.120564, 40.333904], [-105.119809, 40.333503], [-105.120023, 40.333067], [-105.120655, 40.332769], [-105.12241, 40.332856], [-105.122293, 40.333167], [-105.122072, 40.333707], [-105.121893, 40.333947], [-105.121888, 40.334086], [-105.12162, 40.334394], [-105.121534, 40.334609], [-105.121319, 40.335043], [-105.12109, 40.335586], [-105.120982, 40.335768], [-105.120631, 40.33618], [-105.120143, 40.336713], [-105.119311, 40.337411], [-105.118817, 40.33796], [-105.118379, 40.338575], [-105.118071, 40.339053], [-105.117669, 40.339603], [-105.117411, 40.340026], [-105.117232, 40.340405], [-105.117168, 40.340701], [-105.117168, 40.341064], [-105.11714, 40.34119], [-105.117104, 40.34191], [-105.117234, 40.34242], [-105.11743, 40.342898], [-105.11755, 40.343411], [-105.117405, 40.343534], [-105.117144, 40.343581], [-105.116663, 40.343625], [-105.116331, 40.343785], [-105.116279, 40.343902], [-105.116338, 40.344145], [-105.116418, 40.344244], [-105.116668, 40.344414], [-105.116812, 40.344629], [-105.116956, 40.344722], [-105.117221, 40.344766], [-105.117673, 40.344606], [-105.117824, 40.344496], [-105.118118, 40.344167], [-105.118262, 40.344095], [-105.118516, 40.34414], [-105.118826, 40.344264], [-105.118918, 40.34435], [-105.119018, 40.344792], [-105.118872, 40.345068], [-105.118668, 40.345179], [-105.117832, 40.345419], [-105.117681, 40.345578], [-105.117646, 40.345688], [-105.117646, 40.346051], [-105.117481, 40.346265], [-105.117036, 40.346589], [-105.116785, 40.346831], [-105.116355, 40.347117], [-105.115989, 40.347424], [-105.115996, 40.34754], [-105.115867, 40.34771], [-105.118084, 40.346995], [-105.119498, 40.345973], [-105.121794, 40.34551], [-105.125628, 40.343811], [-105.128428, 40.343834], [-105.132554, 40.344452], [-105.13404, 40.34532], [-105.133716, 40.346484], [-105.13533, 40.347638], [-105.135285, 40.349502], [-105.134994, 40.349501], [-105.131365, 40.349489], [-105.124098, 40.349464], [-105.121782, 40.349456], [-105.114256, 40.349429], [-105.110384, 40.349445], [-105.109473, 40.349449], [-105.109224, 40.34945], [-105.107586, 40.349455], [-105.107634, 40.341748], [-105.105324, 40.341747], [-105.10508, 40.342912], [-105.105201, 40.349463], [-105.10297, 40.349466], [-105.100454, 40.349476], [-105.099734, 40.349475], [-105.099669, 40.348379], [-105.09697, 40.348419], [-105.097342, 40.34948], [-105.097326, 40.352356], [-105.097323, 40.352958], [-105.097312, 40.354966], [-105.097304, 40.356258], [-105.097285, 40.359535], [-105.097261, 40.363751], [-105.102836, 40.363886], [-105.110014, 40.36392], [-105.110016, 40.367244], [-105.109918, 40.367977], [-105.109336, 40.368242], [-105.106833, 40.368304], [-105.105872, 40.368562], [-105.106679, 40.369973], [-105.105858, 40.370864], [-105.104254, 40.370492], [-105.104213, 40.370437], [-105.103709, 40.369765], [-105.103236, 40.369123], [-105.103163, 40.369023], [-105.1031, 40.368938], [-105.102952, 40.36894], [-105.102595, 40.368938], [-105.102542, 40.368937], [-105.102058, 40.36964], [-105.101983, 40.369767], [-105.101909, 40.369878], [-105.101732, 40.37012], [-105.101707, 40.370166], [-105.101598, 40.370362], [-105.101547, 40.370406], [-105.1015, 40.370489], [-105.101377, 40.370664], [-105.098515, 40.373912], [-105.098273, 40.374713], [-105.097168, 40.374711], [-105.097132, 40.375105], [-105.097159, 40.378243], [-105.097378, 40.378263], [-105.101785, 40.378186], [-105.10193, 40.378186], [-105.103126, 40.378202], [-105.103267, 40.378208], [-105.103954, 40.378208], [-105.103954, 40.378194], [-105.103961, 40.377403], [-105.104439, 40.377395], [-105.106473, 40.377414], [-105.106494, 40.374781], [-105.106958, 40.374792], [-105.107857, 40.374805], [-105.108887, 40.374803], [-105.110514, 40.374813], [-105.111917, 40.374807], [-105.112768, 40.375094], [-105.114311, 40.376891], [-105.116263, 40.377203], [-105.117481, 40.376216], [-105.118018, 40.374826], [-105.119293, 40.374824], [-105.121697, 40.374809], [-105.123544, 40.374807], [-105.129186, 40.374806], [-105.131721, 40.374795], [-105.131667, 40.376336], [-105.131597, 40.378249], [-105.134898, 40.37829], [-105.134897, 40.378396], [-105.134894, 40.378511], [-105.132576, 40.378506], [-105.132581, 40.37986], [-105.128784, 40.379871], [-105.12877, 40.380951], [-105.128758, 40.381892], [-105.128751, 40.382576], [-105.130167, 40.382459], [-105.131222, 40.383178], [-105.130463, 40.383943], [-105.13035, 40.384279], [-105.12417, 40.383876], [-105.119783, 40.382267], [-105.119822, 40.382898], [-105.121986, 40.383697], [-105.120724, 40.385396], [-105.123485, 40.385972], [-105.123924, 40.386903], [-105.123308, 40.386895], [-105.123413, 40.392798], [-105.125238, 40.392795], [-105.125366, 40.392909], [-105.12536, 40.393329], [-105.125337, 40.393658], [-105.126391, 40.393642], [-105.126379, 40.393347], [-105.126358, 40.392886], [-105.12635, 40.392774], [-105.12662, 40.392773], [-105.127764, 40.392786], [-105.131436, 40.392778], [-105.134745, 40.392784], [-105.134781, 40.388907], [-105.134783, 40.388573], [-105.138948, 40.391313], [-105.141182, 40.392186], [-105.142186, 40.391472], [-105.143943, 40.391044], [-105.142974, 40.392045], [-105.144225, 40.392805], [-105.148051, 40.39294], [-105.148054, 40.393278], [-105.148057, 40.39343], [-105.148777, 40.393435], [-105.148955, 40.393435], [-105.148963, 40.393052], [-105.148967, 40.39295], [-105.148967, 40.392841], [-105.149307, 40.392842], [-105.149306, 40.392947], [-105.150753, 40.392937], [-105.150805, 40.390334], [-105.149922, 40.390224], [-105.147935, 40.389611], [-105.147937, 40.389236], [-105.149572, 40.389287], [-105.151327, 40.389272], [-105.151984, 40.389495], [-105.152301, 40.389451], [-105.152266, 40.389078], [-105.152612, 40.388466], [-105.152268, 40.388001], [-105.151206, 40.386683], [-105.150561, 40.384296], [-105.151281, 40.384125], [-105.151349, 40.384113], [-105.151323, 40.384008], [-105.151313, 40.383933], [-105.151287, 40.383759], [-105.151295, 40.38371], [-105.151301, 40.383683], [-105.150766, 40.383669], [-105.150115, 40.383651], [-105.148635, 40.382246], [-105.149094, 40.381822], [-105.149933, 40.381124], [-105.149949, 40.381134], [-105.151115, 40.381252], [-105.151488, 40.382335], [-105.152515, 40.382808], [-105.153754, 40.385798], [-105.153741, 40.38938], [-105.154413, 40.389387], [-105.157058, 40.389413], [-105.156961, 40.391419], [-105.155876, 40.391773], [-105.156518, 40.392962], [-105.156765, 40.394175], [-105.158063, 40.393922], [-105.159606, 40.397305], [-105.157275, 40.397463], [-105.15527, 40.398763], [-105.153672, 40.399356], [-105.15366, 40.402304], [-105.153638, 40.407228], [-105.152394, 40.407266], [-105.149723, 40.40374], [-105.147912, 40.402468], [-105.147158, 40.401992], [-105.146501, 40.40284], [-105.144184, 40.403657], [-105.144112, 40.405582], [-105.144133, 40.406696], [-105.144175, 40.406701], [-105.144631, 40.40678], [-105.145048, 40.406394], [-105.145454, 40.406901], [-105.145885, 40.406943], [-105.145933, 40.407051], [-105.145464, 40.407013], [-105.144611, 40.406869], [-105.144218, 40.406802], [-105.144133, 40.406791], [-105.143702, 40.406738], [-105.143338, 40.406726], [-105.142963, 40.406739], [-105.142737, 40.40676], [-105.142471, 40.406808], [-105.142439, 40.406814], [-105.142174, 40.40689], [-105.141171, 40.40723], [-105.140929, 40.407299], [-105.140631, 40.407358], [-105.139996, 40.407429], [-105.139853, 40.407437], [-105.139423, 40.407443], [-105.138937, 40.40745], [-105.138927, 40.407347], [-105.134312, 40.407326], [-105.134324, 40.407538], [-105.134208, 40.408148], [-105.133604, 40.408146], [-105.133609, 40.410767], [-105.133601, 40.411367], [-105.133598, 40.414461], [-105.13462, 40.414447], [-105.134652, 40.417433], [-105.135358, 40.417429], [-105.135451, 40.417384], [-105.13545, 40.417353], [-105.135448, 40.417268], [-105.136112, 40.417322], [-105.136871, 40.417384], [-105.137007, 40.417394], [-105.13713, 40.417327], [-105.137405, 40.41718], [-105.137632, 40.417057], [-105.13801, 40.416855], [-105.138097, 40.416808], [-105.138154, 40.416659], [-105.138209, 40.416588], [-105.138237, 40.416456], [-105.138265, 40.416379], [-105.138263, 40.416827], [-105.138255, 40.417287], [-105.137851, 40.417236], [-105.137805, 40.417445], [-105.137794, 40.417496], [-105.137841, 40.417502], [-105.137918, 40.417511], [-105.137902, 40.417591], [-105.138261, 40.417669], [-105.138258, 40.4186], [-105.1407, 40.420862], [-105.140861, 40.421567], [-105.141091, 40.423766], [-105.140525, 40.425445], [-105.141477, 40.427129], [-105.141494, 40.432699], [-105.141281, 40.436408], [-105.140466, 40.436403], [-105.140523, 40.433282], [-105.139285, 40.431988], [-105.139202, 40.436457], [-105.13642, 40.436582], [-105.13699, 40.438271], [-105.137645, 40.443689], [-105.115657, 40.44384], [-105.115656, 40.447341], [-105.133035, 40.447284], [-105.133091, 40.45097], [-105.116905, 40.451054], [-105.115542, 40.451007], [-105.105984, 40.451005], [-105.103804, 40.451005], [-105.103803, 40.451113], [-105.097023, 40.451122], [-105.096655, 40.451118], [-105.096653, 40.451014], [-105.096569, 40.451016], [-105.096438, 40.451018], [-105.096433, 40.451119], [-105.096467, 40.458189], [-105.096481, 40.465389], [-105.094904, 40.465403], [-105.085374, 40.465485], [-105.077987, 40.4656], [-105.077448, 40.465606], [-105.077469, 40.463039], [-105.073451, 40.463035], [-105.0738, 40.465594], [-105.070143, 40.465582], [-105.061748, 40.465538], [-105.061177, 40.465535], [-105.058417, 40.463944], [-105.058354, 40.461831], [-105.055842, 40.462136], [-105.052464, 40.460924], [-105.049937, 40.461009], [-105.049585, 40.461911], [-105.051315, 40.463561], [-105.053248, 40.464837], [-105.053407, 40.465538], [-105.044166, 40.465594], [-105.039499, 40.465631], [-105.039499, 40.465656], [-105.038412, 40.465658], [-105.035062, 40.465659], [-105.033458, 40.465664], [-105.033064, 40.465666], [-105.030315, 40.465663], [-105.020489, 40.465658], [-105.020336, 40.465653], [-105.017322, 40.465513], [-105.014868, 40.465409], [-105.01166, 40.465272], [-105.010819, 40.465236], [-105.010749, 40.465233], [-105.008853, 40.465152], [-105.0054, 40.465005], [-105.001289, 40.464829], [-104.992313, 40.464728], [-104.992112, 40.464725], [-104.992068, 40.472142], [-104.991757, 40.472138], [-104.991564, 40.472135], [-104.991477, 40.476968], [-104.991192, 40.477266], [-104.989711, 40.479432], [-104.990258, 40.479831], [-104.99133, 40.482716], [-104.991447, 40.490639], [-104.991363, 40.497647], [-104.981863, 40.497571], [-104.981938, 40.488296], [-104.981949, 40.486654], [-104.982019, 40.482146], [-104.98206, 40.479471], [-104.978508, 40.479451], [-104.974096, 40.479427], [-104.973919, 40.479425], [-104.973882, 40.479425], [-104.970192, 40.479405], [-104.963393, 40.479442], [-104.963486, 40.481161], [-104.96362, 40.484126], [-104.963743, 40.486533], [-104.962267, 40.486582], [-104.963076, 40.486991], [-104.962866, 40.498688], [-104.960002, 40.496387], [-104.958256, 40.49446], [-104.958219, 40.493783], [-104.953409, 40.493777], [-104.953468, 40.4918], [-104.948802, 40.491787], [-104.948803, 40.49223], [-104.948743, 40.501102], [-104.94622, 40.501171], [-104.950009, 40.508278], [-104.944164, 40.508104], [-104.944165, 40.508226], [-104.944193, 40.515519], [-104.944213, 40.519137], [-104.94698, 40.519157], [-104.946974, 40.520391], [-104.948816, 40.521232], [-104.950845, 40.522721], [-104.944247, 40.522663], [-104.944258, 40.522768], [-104.944239, 40.526294], [-104.944242, 40.53004], [-104.944226, 40.533654], [-104.944206, 40.537292], [-104.944186, 40.542832], [-104.944145, 40.550705], [-104.944151, 40.551715], [-104.94412, 40.558756], [-104.94412, 40.559086], [-104.94403, 40.559085], [-104.944033, 40.560094], [-104.944042, 40.563616], [-104.944042, 40.563733], [-104.944067, 40.563798], [-104.944092, 40.563853], [-104.944138, 40.563914], [-104.944135, 40.564112], [-104.944728, 40.564965], [-104.94431, 40.566242], [-104.944233, 40.566246], [-104.944108, 40.566251], [-104.941995, 40.566349], [-104.941735, 40.563055], [-104.941288, 40.562554], [-104.935492, 40.56259], [-104.935474, 40.566727], [-104.935444, 40.573896], [-104.938406, 40.573762], [-104.938622, 40.573295], [-104.944021, 40.573051], [-104.944021, 40.580939], [-104.944012, 40.58239], [-104.938611, 40.582629], [-104.938619, 40.581085], [-104.935435, 40.581189], [-104.935523, 40.588467], [-104.944095, 40.58809], [-104.944223, 40.588084], [-104.944194, 40.580938], [-104.959405, 40.580963], [-104.963152, 40.580989], [-104.967607, 40.581033], [-104.971454, 40.581276], [-104.979204, 40.581034], [-104.979372, 40.581034], [-104.982025, 40.581086], [-104.983067, 40.581096], [-104.988197, 40.58114], [-104.988196, 40.581267], [-104.98947, 40.581275], [-104.991098, 40.581284], [-104.993211, 40.581381], [-104.996217, 40.581509], [-104.99606, 40.588399], [-104.996059, 40.588459], [-104.990084, 40.588433], [-104.990085, 40.588653], [-104.994096, 40.588675], [-104.994083, 40.591936], [-104.995353, 40.591976], [-104.995331, 40.593399], [-104.992281, 40.593372], [-104.991397, 40.594941], [-104.992673, 40.595428], [-104.992599, 40.59354], [-104.996216, 40.593572], [-104.996202, 40.595495], [-104.995529, 40.595588], [-104.991478, 40.595555], [-104.991675, 40.59652], [-104.989838, 40.596741], [-104.989614, 40.598507], [-104.991497, 40.599327], [-104.991501, 40.599807], [-104.991442, 40.599794], [-104.991224, 40.600326], [-104.987816, 40.602539], [-104.987847, 40.603327], [-104.989368, 40.604303], [-104.989426, 40.6051], [-104.988283, 40.609186], [-104.988611, 40.609988], [-104.995531, 40.610039], [-104.997781, 40.610243], [-104.999627, 40.611324], [-104.999606, 40.613547], [-105.000716, 40.613554], [-105.000789, 40.623931], [-104.997888, 40.624069], [-104.99753, 40.62452], [-104.99807, 40.624524], [-105.00059, 40.624756], [-105.001059, 40.625875], [-105.000534, 40.638988], [-105.000663, 40.653518], [-105.001057, 40.653513], [-105.010053, 40.653547], [-105.019543, 40.65361], [-105.03568, 40.653742], [-105.038543, 40.653766], [-105.042091, 40.654052], [-105.045457, 40.653839], [-105.053076, 40.653924], [-105.053904, 40.654057], [-105.059845, 40.656277], [-105.062173, 40.6565], [-105.064301, 40.655918], [-105.065967, 40.657312], [-105.064639, 40.657142], [-105.061537, 40.657442], [-105.059868, 40.657296], [-105.061384, 40.658096], [-105.06027, 40.658873], [-105.061072, 40.661039], [-105.06346, 40.661406], [-105.065469, 40.662632], [-105.065296, 40.664009], [-105.068322, 40.664119], [-105.069199, 40.663703], [-105.069265, 40.66258], [-105.07034, 40.661534], [-105.07033, 40.661878], [-105.070346, 40.665394], [-105.069951, 40.666761], [-105.070304, 40.66726], [-105.070067, 40.671757], [-105.069347, 40.675857], [-105.06918, 40.676686], [-105.068796, 40.678627], [-105.068242, 40.681461], [-105.067979, 40.682802], [-105.067789, 40.685842], [-105.068072, 40.694197], [-105.068157, 40.696671], [-105.068159, 40.696727], [-105.068059, 40.699577], [-105.067407, 40.70345], [-105.068027, 40.711317], [-105.068611, 40.713075], [-105.070235, 40.717539], [-105.072383, 40.723407], [-105.074471, 40.725684], [-105.074566, 40.725773], [-105.075569, 40.727044], [-105.076161, 40.728912], [-105.076126, 40.733039], [-105.076052, 40.740315], [-105.075962, 40.754713], [-105.075984, 40.769611], [-105.076009, 40.775036], [-105.076074, 40.783846], [-105.076118, 40.798219], [-105.055605, 40.798082], [-105.039133, 40.798253], [-105.03877, 40.798064], [-105.038377, 40.781737], [-105.038183, 40.769575], [-105.038002, 40.765402], [-105.036766, 40.765626], [-105.035588, 40.766861], [-105.034099, 40.769433], [-105.031469, 40.770817], [-105.025759, 40.768206], [-105.02374, 40.767517], [-105.021928, 40.765968], [-105.019191, 40.761831], [-105.019118, 40.76957], [-105.000968, 40.769616], [-105.00013, 40.769423], [-105.000086, 40.761282], [-104.989404, 40.77471], [-104.987523, 40.777876], [-104.985271, 40.784432], [-104.983587, 40.789809], [-104.973451, 40.821275], [-104.971564, 40.827296], [-104.971303, 40.829364], [-104.971622, 40.83256], [-104.974654, 40.841179], [-104.966319, 40.84135], [-104.965988, 40.841357], [-104.953377, 40.879439], [-104.948388, 40.894493], [-104.946712, 40.898193], [-104.943127, 40.903405], [-104.943123, 40.903922], [-104.943052, 40.913672], [-104.943151, 40.938398], [-104.943201, 40.953104], [-104.943261, 40.968943], [-104.943371, 40.998213], [-104.962578, 40.998203], [-104.982147, 40.998244], [-105.000526, 40.998276], [-105.074809, 40.998298], [-105.077014, 40.998333], [-105.129402, 40.99827], [-105.155054, 40.998247], [-105.164199, 40.998323], [-105.172911, 40.998334], [-105.173721, 40.998336], [-105.210413, 40.998387], [-105.242649, 40.998432], [-105.249138, 40.998432], [-105.250425, 40.998398], [-105.254844, 40.998209], [-105.26971, 40.998195], [-105.275285, 40.998066], [-105.275603, 40.998178], [-105.30577, 40.998083], [-105.323451, 40.998028], [-105.34427, 40.997948], [-105.36355, 40.997874], [-105.375542, 40.997887], [-105.412721, 40.997804], [-105.442122, 40.997751], [-105.449421, 40.997685], [-105.473108, 40.997656], [-105.497579, 40.997601], [-105.554325, 40.9974], [-105.558052, 40.997387], [-105.588623, 40.997278], [-105.593861, 40.99726], [-105.604728, 40.997223], [-105.628474, 40.997119], [-105.645468, 40.997115], [-105.68162, 40.997055], [-105.707294, 40.996944], [-105.722907, 40.996915], [-105.726441, 40.996836], [-105.741364, 40.996907], [-105.764383, 40.996917], [-105.770148, 40.996927], [-105.77055, 40.996928], [-105.797731, 40.996968], [-105.822732, 40.997008], [-105.843402, 40.997047], [-105.86199, 40.997029], [-105.869507, 40.997039], [-105.899713, 40.997091], [-106.008698, 40.997235], [-106.013941, 40.997198], [-106.021142, 40.997191], [-106.044026, 40.99706], [-106.045096, 40.997056], [-106.051683, 40.997033], [-106.061181, 40.996999], [-106.081401, 40.997157], [-106.088733, 40.997212], [-106.115004, 40.997232], [-106.127888, 40.997332], [-106.150074, 40.997364], [-106.159211, 40.997496], [-106.190554, 40.997578], [-106.203007, 40.997648], [-106.215123, 40.997723], [-106.241549, 40.99814], [-106.250377, 40.998283], [-106.271246, 40.998506], [-106.314218, 40.998923], [-106.326456, 40.999275], [-106.346414, 40.999637], [-106.353966, 40.999971], [-106.375567, 41.00072], [-106.386356, 41.001144], [-106.389557, 41.0011], [-106.398637, 41.001097], [-106.402896, 41.001206], [-106.43095, 41.001752], [-106.43129, 41.001726], [-106.437419, 41.001795], [-106.439563, 41.001978], [-106.453757, 41.002046], [-106.455715, 41.002118], [-106.479013, 41.002139], [-106.493979, 41.00214], [-106.500588, 41.001895], [-106.526278, 41.001973], [-106.531882, 41.001972], [-106.568816, 41.002065], [-106.576194, 41.002084], [-106.585955, 41.002109], [-106.625592, 41.00211], [-106.685346, 41.00238], [-106.751902, 41.002702], [-106.756624, 41.00267], [-106.793124, 41.002681], [-106.813933, 41.002675], [-106.816398, 41.002675], [-106.857773, 41.002663], [-106.8756, 41.002996], [-106.901302, 41.003093], [-106.974153, 41.003372], [-107.000606, 41.003444], [-107.030615, 41.003367], [-107.040237, 41.003348], [-107.045163, 41.003338], [-107.070255, 41.003289], [-107.092001, 41.003245], [-107.105746, 41.003114], [-107.119879, 41.003077], [-107.145517, 41.00301], [-107.206969, 41.002898], [-107.216571, 41.002834], [-107.232441, 41.002822], [-107.238114, 41.002805], [-107.240693, 41.002805], [-107.250612, 41.002881], [-107.257882, 41.002845], [-107.274964, 41.002829], [-107.291968, 41.002905], [-107.294688, 41.002913], [-107.302937, 41.002937], [-107.317794, 41.00292], [-107.317848, 40.998527], [-107.317617, 40.976854], [-107.317361, 40.952696], [-107.317273, 40.944455], [-107.316791, 40.898968], [-107.316653, 40.885903], [-107.316591, 40.880045], [-107.316581, 40.879237], [-107.316356, 40.862799], [-107.316307, 40.859495], [-107.316088, 40.844845], [-107.315323, 40.797995], [-107.315099, 40.786573], [-107.314955, 40.776611], [-107.314541, 40.749969], [-107.313566, 40.694074], [-107.313368, 40.686266], [-107.313689, 40.664789], [-107.314029, 40.64205], [-107.314107, 40.636876], [-107.314288, 40.624971], [-107.314163, 40.60156], [-107.314153, 40.600281], [-107.319215, 40.600295], [-107.350108, 40.600268], [-107.368621, 40.600298], [-107.371487, 40.600302], [-107.37148, 40.59997], [-107.3715, 40.59781], [-107.371415, 40.596253], [-107.371398, 40.585749], [-107.371391, 40.581649], [-107.371388, 40.578445], [-107.37138, 40.577902], [-107.371371, 40.570033], [-107.371363, 40.565082], [-107.37136, 40.562929], [-107.371328, 40.542399], [-107.387538, 40.542363], [-107.39514, 40.542334], [-107.404252, 40.542298], [-107.411124, 40.542272], [-107.428813, 40.542207], [-107.428815, 40.538987], [-107.428805, 40.53743], [-107.4288, 40.53602], [-107.428758, 40.527907], [-107.428752, 40.52681], [-107.428745, 40.525368], [-107.428705, 40.517903], [-107.428524, 40.499973], [-107.428516, 40.484948], [-107.428388, 40.48021], [-107.428432, 40.476239], [-107.428505, 40.46976], [-107.429137, 40.444058], [-107.429345, 40.440771], [-107.430955, 40.38539], [-107.431013, 40.383432], [-107.431236, 40.37578], [-107.431072, 40.374969], [-107.431687, 40.349274], [-107.431849, 40.343092], [-107.432068, 40.334879], [-107.442594, 40.334755], [-107.442518, 40.308439], [-107.440732, 40.265018], [-107.440425, 40.257638], [-107.440362, 40.256114], [-107.440109, 40.249976], [-107.439506, 40.247328], [-107.439386, 40.223379], [-107.414884, 40.223634], [-107.405809, 40.223495], [-107.40019, 40.223413], [-107.369413, 40.223346], [-107.352541, 40.223464], [-107.313051, 40.223903], [-107.267357, 40.224147], [-107.265908, 40.224127], [-107.25061, 40.2242], [-107.247153, 40.224284], [-107.172653, 40.224837], [-107.14988, 40.225005], [-107.119907, 40.225159], [-107.115952, 40.225156], [-107.100109, 40.225139], [-107.09631, 40.225136], [-107.096088, 40.226062], [-107.088674, 40.225791], [-107.076552, 40.225347], [-107.057965, 40.225278], [-107.056035, 40.225174], [-107.047149, 40.225219], [-107.040388, 40.225457], [-107.037928, 40.225372], [-107.037923, 40.224766], [-107.037806, 40.20979], [-107.037991, 40.202844], [-107.038227, 40.175747], [-107.038401, 40.165645], [-107.037686, 40.165617], [-107.037677, 40.164253], [-107.037633, 40.125038], [-107.037416, 40.111016], [-107.037363, 40.091538], [-107.037326, 40.072746], [-107.037295, 40.056561], [-107.037276, 40.055346], [-107.037248, 40.053607], [-107.037359, 40.003081], [-107.03205, 40.002939], [-107.031971, 39.983894], [-107.031772, 39.963727], [-107.032648, 39.963725], [-107.032441, 39.953347], [-107.032428, 39.952628], [-107.032171, 39.939669], [-107.033968, 39.918913], [-107.041242, 39.91888], [-107.052502, 39.918924], [-107.113672, 39.919112], [-107.113596, 39.900386], [-107.113658, 39.899593], [-107.11364, 39.875027], [-107.113548, 39.866761], [-107.113529, 39.813589], [-107.113528, 39.813158], [-107.113539, 39.804008], [-107.113553, 39.776825], [-107.113544, 39.773252], [-107.113544, 39.765577], [-107.113536, 39.750843], [-107.113539, 39.747628], [-107.113559, 39.737646], [-107.113571, 39.731434], [-107.113555, 39.727179], [-107.113533, 39.722095], [-107.11349, 39.712176], [-107.113437, 39.699188], [-107.113444, 39.684506], [-107.113477, 39.66132], [-107.113503, 39.640506], [-107.113571, 39.634191], [-107.113869, 39.625095], [-107.113872, 39.62489], [-107.108913, 39.625682], [-107.106454, 39.62566], [-107.104691, 39.626158], [-107.103286, 39.627672], [-107.103067, 39.629716], [-107.102098, 39.632151], [-107.100509, 39.633712], [-107.099096, 39.634513], [-107.092131, 39.637615], [-107.085927, 39.639905], [-107.083104, 39.641894], [-107.080157, 39.644048], [-107.078104, 39.645073], [-107.078118, 39.645268], [-107.07824, 39.645428], [-107.066723, 39.65195], [-107.064113, 39.653126], [-107.061838, 39.654025], [-107.061098, 39.654185], [-107.060677, 39.654276], [-107.058816, 39.654679], [-107.056569, 39.651923], [-107.045785, 39.651487], [-107.04122, 39.649472], [-107.038102, 39.648311], [-107.038093, 39.648258], [-107.025473, 39.647991], [-107.027556, 39.644626], [-107.027691, 39.644297], [-107.027779, 39.644067], [-107.023194, 39.644652], [-107.017717, 39.646246], [-107.014518, 39.647405], [-107.014518, 39.647234], [-107.014517, 39.647078], [-107.014517, 39.646914], [-107.014517, 39.646481], [-107.00848, 39.646482], [-107.006855, 39.646479], [-107.005388, 39.646478], [-107.004818, 39.646479], [-107.004303, 39.646478], [-107.002971, 39.646476], [-107.001796, 39.646473], [-107.001181, 39.646473], [-107.000764, 39.646473], [-106.995942, 39.64647], [-106.995857, 39.64647], [-106.995857, 39.646615], [-106.995857, 39.646663], [-106.995857, 39.646711], [-106.995861, 39.647143], [-106.995861, 39.647219], [-106.99586, 39.647302], [-106.99586, 39.647442], [-106.995861, 39.648086], [-106.995861, 39.648261], [-106.995538, 39.648485], [-106.99548, 39.648498], [-106.995371, 39.648524], [-106.995167, 39.648572], [-106.994802, 39.648655], [-106.994058, 39.648834], [-106.993975, 39.648894], [-106.9938, 39.649021], [-106.992921, 39.649672], [-106.991335, 39.650307], [-106.990869, 39.650353], [-106.988901, 39.65114], [-106.988686, 39.651225], [-106.988464, 39.651314], [-106.988438, 39.651271], [-106.988384, 39.651194], [-106.988339, 39.651124], [-106.988252, 39.650996], [-106.988066, 39.651071], [-106.987293, 39.65138], [-106.987213, 39.651413], [-106.986841, 39.651559], [-106.986591, 39.651662], [-106.985412, 39.652131], [-106.985624, 39.652448], [-106.983731, 39.653204], [-106.983566, 39.653182], [-106.983191, 39.653206], [-106.982423, 39.653648], [-106.979308, 39.654831], [-106.978753, 39.65493], [-106.978561, 39.654962], [-106.977255, 39.655139], [-106.975579, 39.655267], [-106.973802, 39.655291], [-106.97203, 39.655191], [-106.97203, 39.653622], [-106.972031, 39.653371], [-106.97299, 39.653689], [-106.975526, 39.653952], [-106.975838, 39.653177], [-106.97564, 39.652292], [-106.975664, 39.638184], [-106.973106, 39.638179], [-106.963146, 39.638119], [-106.963274, 39.626959], [-106.958639, 39.626965], [-106.958628, 39.625925], [-106.958615, 39.625306], [-106.958531, 39.6197], [-106.961165, 39.619634], [-106.961661, 39.61889], [-106.963434, 39.618886], [-106.963299, 39.617017], [-106.963684, 39.615712], [-106.966578, 39.615598], [-106.967876, 39.613189], [-106.968012, 39.608656], [-106.967323, 39.60743], [-106.96688, 39.60736], [-106.966963, 39.606602], [-106.96723, 39.606147], [-106.968007, 39.605188], [-106.968332, 39.604353], [-106.968528, 39.601791], [-106.968887, 39.601157], [-106.969405, 39.599884], [-106.969554, 39.597341], [-106.969498, 39.596585], [-106.969273, 39.595661], [-106.96901, 39.595008], [-106.969051, 39.594376], [-106.968879, 39.594082], [-106.970116, 39.594053], [-106.971276, 39.594025], [-106.972581, 39.593993], [-106.972593, 39.592159], [-106.972543, 39.586971], [-106.972536, 39.586435], [-106.968231, 39.58644], [-106.96826, 39.583234], [-106.967688, 39.583245], [-106.967188, 39.583253], [-106.966063, 39.583273], [-106.958806, 39.583366], [-106.958719, 39.579735], [-106.949488, 39.579809], [-106.940002, 39.579869], [-106.939993, 39.580661], [-106.940009, 39.583316], [-106.939996, 39.583601], [-106.935284, 39.583643], [-106.935284, 39.585469], [-106.931875, 39.585829], [-106.929573, 39.585119], [-106.927016, 39.583621], [-106.926351, 39.582731], [-106.922558, 39.580722], [-106.922519, 39.580699], [-106.919652, 39.580706], [-106.91935, 39.595334], [-106.937304, 39.594778], [-106.938136, 39.595184], [-106.938029, 39.610119], [-106.94169, 39.61], [-106.943223, 39.610245], [-106.944369, 39.609582], [-106.944378, 39.615054], [-106.944386, 39.61978], [-106.939623, 39.619758], [-106.939617, 39.634536], [-106.937855, 39.634507], [-106.936846, 39.634493], [-106.930193, 39.634553], [-106.930193, 39.638175], [-106.92561, 39.638191], [-106.925643, 39.627222], [-106.919352, 39.627321], [-106.919354, 39.627027], [-106.914754, 39.627026], [-106.916135, 39.629616], [-106.916106, 39.630988], [-106.913833, 39.631007], [-106.913844, 39.627424], [-106.907392, 39.62747], [-106.906796, 39.630819], [-106.906374, 39.630876], [-106.905909, 39.630904], [-106.897416, 39.623861], [-106.893371, 39.623898], [-106.889438, 39.624265], [-106.889446, 39.617016], [-106.884778, 39.617016], [-106.88476, 39.624245], [-106.884017, 39.624247], [-106.884001, 39.62575], [-106.883963, 39.627868], [-106.888745, 39.627501], [-106.889122, 39.631151], [-106.892683, 39.631151], [-106.892684, 39.635011], [-106.891307, 39.635016], [-106.891256, 39.638663], [-106.886623, 39.638667], [-106.886612, 39.641713], [-106.874534, 39.641288], [-106.870539, 39.641372], [-106.870323, 39.641366], [-106.870321, 39.645388], [-106.868023, 39.64541], [-106.867824, 39.647591], [-106.86545, 39.648054], [-106.861181, 39.648297], [-106.860626, 39.649747], [-106.861218, 39.650103], [-106.861224, 39.650461], [-106.861851, 39.650957], [-106.862396, 39.651121], [-106.863009, 39.650816], [-106.864061, 39.650645], [-106.865765, 39.650738], [-106.868187, 39.650781], [-106.868358, 39.650682], [-106.868549, 39.649995], [-106.869067, 39.649682], [-106.869829, 39.649474], [-106.870764, 39.649192], [-106.871446, 39.648594], [-106.871878, 39.647951], [-106.872333, 39.647539], [-106.872886, 39.647352], [-106.873469, 39.647341], [-106.874599, 39.647708], [-106.875154, 39.647766], [-106.875132, 39.647866], [-106.875077, 39.648128], [-106.87433, 39.651152], [-106.874682, 39.651762], [-106.874482, 39.652282], [-106.8748, 39.652658], [-106.875562, 39.652883], [-106.869303, 39.653928], [-106.866903, 39.654127], [-106.863846, 39.653906], [-106.855898, 39.652564], [-106.852313, 39.652708], [-106.847672, 39.654568], [-106.845438, 39.654981], [-106.841104, 39.654336], [-106.841341, 39.654099], [-106.840909, 39.654051], [-106.84139, 39.65262], [-106.843624, 39.652854], [-106.843696, 39.64867], [-106.843665, 39.648462], [-106.845249, 39.648363], [-106.846365, 39.648554], [-106.845155, 39.646501], [-106.844731, 39.645781], [-106.845544, 39.645727], [-106.843415, 39.64389], [-106.842555, 39.643729], [-106.838155, 39.642852], [-106.838097, 39.6391], [-106.833615, 39.639085], [-106.833701, 39.632079], [-106.828599, 39.632301], [-106.828579, 39.6286], [-106.823773, 39.628598], [-106.82377, 39.625032], [-106.818925, 39.625058], [-106.818864, 39.623206], [-106.818747, 39.610209], [-106.816383, 39.610192], [-106.804052, 39.610308], [-106.803999, 39.617682], [-106.801281, 39.617692], [-106.783566, 39.617767], [-106.783564, 39.620358], [-106.783563, 39.621502], [-106.788557, 39.621549], [-106.78871, 39.625014], [-106.790848, 39.625093], [-106.793184, 39.62686], [-106.793527, 39.628373], [-106.794209, 39.629217], [-106.79424, 39.629987], [-106.793782, 39.629862], [-106.792225, 39.629457], [-106.788642, 39.628779], [-106.786251, 39.626976], [-106.783816, 39.626315], [-106.783766, 39.636775], [-106.783759, 39.638177], [-106.783753, 39.639381], [-106.791458, 39.639402], [-106.791481, 39.639426], [-106.791559, 39.639448], [-106.791623, 39.639492], [-106.791758, 39.639574], [-106.791914, 39.639613], [-106.792077, 39.63964], [-106.792233, 39.639734], [-106.792319, 39.639854], [-106.792418, 39.639926], [-106.792553, 39.639959], [-106.792723, 39.639942], [-106.792922, 39.639882], [-106.793086, 39.639854], [-106.793568, 39.639866], [-106.793833, 39.639934], [-106.793839, 39.643104], [-106.813349, 39.643134], [-106.81372, 39.643135], [-106.813684, 39.646574], [-106.819037, 39.646553], [-106.819598, 39.647613], [-106.822684, 39.647933], [-106.824029, 39.648684], [-106.824112, 39.649717], [-106.823072, 39.651577], [-106.822338, 39.651937], [-106.818499, 39.653417], [-106.816919, 39.655207], [-106.815373, 39.655138], [-106.814758, 39.654029], [-106.814591, 39.657694], [-106.814425, 39.657852], [-106.814234, 39.657964], [-106.813687, 39.658228], [-106.813386, 39.658337], [-106.81293, 39.658464], [-106.812508, 39.65866], [-106.812294, 39.658736], [-106.812071, 39.658724], [-106.812049, 39.658642], [-106.812363, 39.658127], [-106.81263, 39.657815], [-106.812953, 39.657309], [-106.813069, 39.656954], [-106.813084, 39.656809], [-106.813008, 39.656455], [-106.812964, 39.65637], [-106.812817, 39.656407], [-106.812748, 39.6567], [-106.812535, 39.656975], [-106.812167, 39.657307], [-106.811939, 39.657578], [-106.811554, 39.657784], [-106.811384, 39.657813], [-106.810637, 39.657687], [-106.81025, 39.65767], [-106.809874, 39.657731], [-106.809398, 39.657895], [-106.809077, 39.658123], [-106.808878, 39.658213], [-106.808151, 39.658422], [-106.807933, 39.658625], [-106.807764, 39.65901], [-106.807534, 39.659208], [-106.807343, 39.659302], [-106.807128, 39.659301], [-106.806558, 39.659465], [-106.806137, 39.659461], [-106.806028, 39.659421], [-106.805852, 39.659161], [-106.805507, 39.659037], [-106.805235, 39.659026], [-106.804944, 39.659231], [-106.804723, 39.659333], [-106.804242, 39.659386], [-106.803967, 39.659461], [-106.803211, 39.659481], [-106.802825, 39.659583], [-106.802442, 39.659738], [-106.802119, 39.659824], [-106.801617, 39.66012], [-106.801323, 39.660177], [-106.800597, 39.659994], [-106.800378, 39.659994], [-106.800206, 39.66005], [-106.799174, 39.660269], [-106.798838, 39.660296], [-106.798614, 39.660283], [-106.798361, 39.660229], [-106.798098, 39.660086], [-106.797934, 39.659915], [-106.797892, 39.659685], [-106.797992, 39.659355], [-106.798226, 39.658866], [-106.798262, 39.658691], [-106.799306, 39.657741], [-106.798603, 39.656516], [-106.796813, 39.655758], [-106.794526, 39.655506], [-106.794369, 39.655467], [-106.794057, 39.655258], [-106.79363, 39.654824], [-106.793397, 39.654665], [-106.7928, 39.654379], [-106.792075, 39.653929], [-106.791755, 39.65377], [-106.791407, 39.653632], [-106.790846, 39.653435], [-106.790605, 39.653374], [-106.790079, 39.653369], [-106.789795, 39.653396], [-106.789134, 39.653407], [-106.78814, 39.653308], [-106.787792, 39.65333], [-106.787507, 39.65339], [-106.78706, 39.653516], [-106.78647, 39.653747], [-106.786115, 39.653988], [-106.785966, 39.65418], [-106.78561, 39.65434], [-106.78522, 39.654411], [-106.78495, 39.654372], [-106.784424, 39.654202], [-106.784104, 39.654021], [-106.783764, 39.653878], [-106.783629, 39.653647], [-106.78353, 39.653367], [-106.783487, 39.652796], [-106.783444, 39.652598], [-106.783296, 39.652423], [-106.783125, 39.65228], [-106.782734, 39.652131], [-106.781981, 39.651983], [-106.781626, 39.651977], [-106.781178, 39.652016], [-106.780198, 39.652076], [-106.779843, 39.652076], [-106.779388, 39.652109], [-106.779118, 39.652152], [-106.778223, 39.652262], [-106.777662, 39.652289], [-106.776334, 39.652503], [-106.775773, 39.652552], [-106.775261, 39.652629], [-106.774352, 39.652651], [-106.773314, 39.652656], [-106.772732, 39.65282], [-106.772589, 39.652892], [-106.772085, 39.653265], [-106.771793, 39.653413], [-106.771325, 39.65349], [-106.770167, 39.653638], [-106.769768, 39.653742], [-106.768988, 39.653873], [-106.767865, 39.654049], [-106.767623, 39.654076], [-106.767318, 39.654147], [-106.766984, 39.654279], [-106.766344, 39.654433], [-106.765833, 39.654476], [-106.765051, 39.654514], [-106.764661, 39.654569], [-106.764405, 39.654706], [-106.763871, 39.655173], [-106.76346, 39.655442], [-106.763111, 39.655568], [-106.762699, 39.655634], [-106.762088, 39.655683], [-106.761541, 39.655677], [-106.760461, 39.65571], [-106.760233, 39.655676], [-106.759986, 39.655523], [-106.759815, 39.655336], [-106.759588, 39.655237], [-106.758828, 39.655138], [-106.758558, 39.655033], [-106.758167, 39.654698], [-106.75782, 39.654528], [-106.757627, 39.654484], [-106.757152, 39.654555], [-106.756682, 39.654829], [-106.756434, 39.655032], [-106.756277, 39.655241], [-106.756128, 39.655367], [-106.755936, 39.655427], [-106.755681, 39.655422], [-106.755105, 39.65535], [-106.754941, 39.65535], [-106.75448, 39.655405], [-106.754231, 39.655465], [-106.753997, 39.655366], [-106.753776, 39.655344], [-106.753592, 39.655234], [-106.753194, 39.654855], [-106.752995, 39.654624], [-106.752789, 39.654476], [-106.752619, 39.654415], [-106.752285, 39.654399], [-106.751283, 39.654662], [-106.750589, 39.65476], [-106.750504, 39.654815], [-106.75027, 39.654782], [-106.750156, 39.654722], [-106.750028, 39.654381], [-106.749659, 39.653997], [-106.749609, 39.653827], [-106.749495, 39.653729], [-106.749061, 39.653504], [-106.748947, 39.653405], [-106.748791, 39.653372], [-106.748422, 39.65335], [-106.748116, 39.653114], [-106.747945, 39.653032], [-106.747789, 39.653021], [-106.747235, 39.653252], [-106.746688, 39.653296], [-106.746483, 39.653263], [-106.746119, 39.653005], [-106.745885, 39.652917], [-106.745587, 39.652885], [-106.745317, 39.652885], [-106.744983, 39.652967], [-106.744812, 39.652957], [-106.744528, 39.652863], [-106.744336, 39.652847], [-106.74337, 39.652024], [-106.741465, 39.651184], [-106.73861, 39.65151], [-106.735136, 39.650698], [-106.735418, 39.647755], [-106.734209, 39.645855], [-106.732829, 39.642918], [-106.732416, 39.641243], [-106.730016, 39.641282], [-106.729213, 39.641843], [-106.727189, 39.64192], [-106.728829, 39.640333], [-106.730384, 39.639943], [-106.731604, 39.637795], [-106.73002, 39.637483], [-106.728599, 39.636143], [-106.730138, 39.633315], [-106.728655, 39.633749], [-106.727319, 39.633497], [-106.723399, 39.634003], [-106.72237, 39.633344], [-106.724549, 39.631548], [-106.726061, 39.63124], [-106.728297, 39.629098], [-106.730398, 39.627977], [-106.730383, 39.624129], [-106.717718, 39.624097], [-106.709012, 39.624066], [-106.705286, 39.624346], [-106.705259, 39.630024], [-106.701878, 39.631497], [-106.700641, 39.6327], [-106.699082, 39.632006], [-106.699769, 39.629624], [-106.699713, 39.627965], [-106.698673, 39.625842], [-106.696325, 39.623925], [-106.696534, 39.623104], [-106.699176, 39.622762], [-106.697986, 39.622374], [-106.696228, 39.621075], [-106.696774, 39.619903], [-106.695321, 39.619464], [-106.695333, 39.618868], [-106.69964, 39.616852], [-106.702178, 39.615325], [-106.705583, 39.614446], [-106.709698, 39.613811], [-106.710378, 39.615007], [-106.711445, 39.615173], [-106.712005, 39.616316], [-106.716899, 39.615744], [-106.719161, 39.615817], [-106.720856, 39.615174], [-106.722171, 39.613138], [-106.723635, 39.612621], [-106.724316, 39.611501], [-106.729531, 39.608989], [-106.734461, 39.609108], [-106.735811, 39.610131], [-106.735083, 39.61202], [-106.736213, 39.611387], [-106.737413, 39.611584], [-106.740885, 39.610796], [-106.742909, 39.610703], [-106.74299, 39.601464], [-106.70529, 39.600924], [-106.705196, 39.595083], [-106.668052, 39.595109], [-106.668164, 39.572744], [-106.67187, 39.574446], [-106.672125, 39.574946], [-106.67475, 39.576044], [-106.676858, 39.577527], [-106.678412, 39.579219], [-106.682613, 39.581229], [-106.685196, 39.580152], [-106.686594, 39.581053], [-106.68785, 39.583052], [-106.689731, 39.584567], [-106.692087, 39.585424], [-106.696991, 39.585281], [-106.699446, 39.584803], [-106.703634, 39.585555], [-106.704954, 39.586686], [-106.705785, 39.588147], [-106.710664, 39.583134], [-106.711866, 39.582747], [-106.714221, 39.583352], [-106.716028, 39.582514], [-106.717215, 39.582974], [-106.719332, 39.582862], [-106.721639, 39.581981], [-106.722361, 39.582438], [-106.728164, 39.582632], [-106.729482, 39.583675], [-106.731251, 39.58364], [-106.733294, 39.582015], [-106.731862, 39.581991], [-106.732401, 39.581217], [-106.734141, 39.580939], [-106.735196, 39.579851], [-106.737588, 39.579094], [-106.740151, 39.579642], [-106.741292, 39.580553], [-106.743261, 39.582902], [-106.74414, 39.584419], [-106.746235, 39.585378], [-106.750109, 39.587622], [-106.752637, 39.588492], [-106.75443, 39.590804], [-106.758542, 39.593249], [-106.760221, 39.593215], [-106.760685, 39.595722], [-106.761292, 39.595672], [-106.760495, 39.591273], [-106.761081, 39.581265], [-106.762433, 39.578309], [-106.762675, 39.575477], [-106.763203, 39.574251], [-106.763295, 39.571437], [-106.763552, 39.567861], [-106.763951, 39.566836], [-106.764324, 39.56269], [-106.763668, 39.561592], [-106.763759, 39.560149], [-106.762088, 39.555768], [-106.76316, 39.553959], [-106.763053, 39.552951], [-106.762044, 39.552174], [-106.760918, 39.549542], [-106.757754, 39.545454], [-106.756129, 39.543758], [-106.753975, 39.540042], [-106.752664, 39.53926], [-106.752661, 39.539144], [-106.753285, 39.537593], [-106.751246, 39.53329], [-106.751212, 39.53102], [-106.750591, 39.530407], [-106.749991, 39.527813], [-106.749414, 39.527056], [-106.749232, 39.524455], [-106.751095, 39.521419], [-106.75092, 39.519286], [-106.751389, 39.517765], [-106.753149, 39.516316], [-106.75308, 39.514141], [-106.751734, 39.5129], [-106.753572, 39.510468], [-106.753112, 39.508919], [-106.751385, 39.506853], [-106.751566, 39.506117], [-106.752284, 39.501442], [-106.752246, 39.499986], [-106.753014, 39.497656], [-106.751638, 39.496603], [-106.750592, 39.495363], [-106.74713, 39.489753], [-106.746211, 39.488784], [-106.743557, 39.487293], [-106.742259, 39.486069], [-106.740291, 39.485017], [-106.737784, 39.482209], [-106.736518, 39.481515], [-106.732579, 39.481159], [-106.730523, 39.48028], [-106.728549, 39.479894], [-106.72815, 39.47852], [-106.72885, 39.477511], [-106.728714, 39.475765], [-106.728119, 39.474756], [-106.728137, 39.472197], [-106.728546, 39.470849], [-106.728085, 39.469161], [-106.722805, 39.465284], [-106.718063, 39.463409], [-106.716385, 39.462289], [-106.71193, 39.460246], [-106.710512, 39.458844], [-106.708846, 39.45822], [-106.707463, 39.45633], [-106.70593, 39.455866], [-106.704621, 39.456065], [-106.706179, 39.456087], [-106.704066, 39.456632], [-106.701739, 39.456071], [-106.700351, 39.454425], [-106.698626, 39.453756], [-106.698088, 39.452959], [-106.693594, 39.45139], [-106.69295, 39.45166], [-106.690025, 39.454746], [-106.686547, 39.456481], [-106.680872, 39.458178], [-106.679895, 39.458134], [-106.675142, 39.456333], [-106.672514, 39.456316], [-106.668384, 39.455618], [-106.66288, 39.455337], [-106.660577, 39.456182], [-106.658753, 39.45604], [-106.661313, 39.45789], [-106.662457, 39.457631], [-106.663763, 39.458765], [-106.664991, 39.458613], [-106.666298, 39.459315], [-106.668652, 39.459569], [-106.667639, 39.459971], [-106.663786, 39.460225], [-106.660775, 39.4597], [-106.659652, 39.460905], [-106.657582, 39.460818], [-106.655541, 39.460018], [-106.654624, 39.460589], [-106.65272, 39.463172], [-106.651175, 39.462693], [-106.649818, 39.463354], [-106.646416, 39.464231], [-106.64261, 39.462259], [-106.641564, 39.460949], [-106.639277, 39.460512], [-106.63702, 39.461104], [-106.634943, 39.460842], [-106.631145, 39.459338], [-106.626964, 39.458952], [-106.624679, 39.458309], [-106.622135, 39.456781], [-106.618684, 39.456956], [-106.616809, 39.457625], [-106.592179, 39.44292], [-106.591501, 39.442516], [-106.578429, 39.436991], [-106.561086, 39.42982], [-106.559146, 39.428098], [-106.557157, 39.423242], [-106.556353, 39.422488], [-106.553174, 39.421362], [-106.549826, 39.419886], [-106.548392, 39.418049], [-106.546593, 39.416619], [-106.544395, 39.413593], [-106.544358, 39.41075], [-106.542537, 39.408125], [-106.543573, 39.406097], [-106.542963, 39.403731], [-106.543112, 39.401888], [-106.535509, 39.398797], [-106.523824, 39.393932], [-106.523961, 39.393417], [-106.523256, 39.38979], [-106.523611, 39.388003], [-106.522987, 39.38583], [-106.523491, 39.383851], [-106.522981, 39.38172], [-106.520298, 39.380382], [-106.518683, 39.376597], [-106.517786, 39.375373], [-106.516158, 39.371946], [-106.516689, 39.369664], [-106.515663, 39.367951], [-106.512351, 39.366445], [-106.511387, 39.364659], [-106.509864, 39.363568], [-106.509214, 39.362298], [-106.500587, 39.362319], [-106.489684, 39.361835], [-106.469452, 39.361836], [-106.463628, 39.36184], [-106.452794, 39.361849], [-106.426487, 39.361871], [-106.424087, 39.363031], [-106.421626, 39.363797], [-106.417272, 39.367296], [-106.414785, 39.36749], [-106.413107, 39.370058], [-106.410935, 39.371997], [-106.408154, 39.373696], [-106.407451, 39.375678], [-106.405147, 39.378927], [-106.403925, 39.379848], [-106.400634, 39.380962], [-106.397603, 39.379845], [-106.391658, 39.379397], [-106.390259, 39.378125], [-106.388478, 39.377719], [-106.38604, 39.376556], [-106.383654, 39.376606], [-106.380633, 39.37615], [-106.378577, 39.37146], [-106.378202, 39.369401], [-106.376383, 39.368542], [-106.375056, 39.366896], [-106.374694, 39.3657], [-106.371975, 39.363708], [-106.371256, 39.361266], [-106.37082, 39.360637], [-106.36881, 39.360386], [-106.366185, 39.3606], [-106.363139, 39.359234], [-106.362885, 39.358623], [-106.362643, 39.357217], [-106.358022, 39.35514], [-106.355573, 39.354861], [-106.353029, 39.354174], [-106.352652, 39.354093], [-106.350606, 39.353998], [-106.349904, 39.354936], [-106.3452, 39.356786], [-106.344132, 39.357712], [-106.339252, 39.359064], [-106.33479, 39.358951], [-106.332916, 39.35823], [-106.328003, 39.359236], [-106.323832, 39.358982], [-106.320601, 39.359375], [-106.316249, 39.361211], [-106.313367, 39.36217], [-106.31109, 39.362117], [-106.306669, 39.361395], [-106.30579, 39.361368], [-106.302557, 39.361119], [-106.300415, 39.360067], [-106.29781, 39.357952], [-106.296314, 39.357335], [-106.295736, 39.355656], [-106.295817, 39.353792], [-106.295309, 39.352936], [-106.292312, 39.351849], [-106.290783, 39.351766], [-106.286587, 39.35222], [-106.284812, 39.351366], [-106.283812, 39.349469], [-106.281895, 39.351455], [-106.279662, 39.352349], [-106.274732, 39.355683], [-106.272576, 39.356358], [-106.270954, 39.358074], [-106.266618, 39.358835], [-106.263822, 39.358769], [-106.259963, 39.360846], [-106.259456, 39.361861], [-106.256803, 39.36122], [-106.252485, 39.359111], [-106.251141, 39.357589], [-106.250154, 39.360701], [-106.247396, 39.362804], [-106.245006, 39.364107], [-106.239517, 39.365667], [-106.237317, 39.368517], [-106.236481, 39.370327], [-106.233925, 39.372936], [-106.232876, 39.373207], [-106.229588, 39.373167], [-106.227669, 39.374109], [-106.226898, 39.374165], [-106.226787, 39.377054], [-106.225627, 39.37963], [-106.223091, 39.379662], [-106.206732, 39.379636], [-106.195268, 39.379682], [-106.191412, 39.379696], [-106.177507, 39.37969], [-106.146976, 39.379687], [-106.136412, 39.379694], [-106.135529, 39.379546], [-106.131433, 39.379511], [-106.129494, 39.378767], [-106.127447, 39.378877], [-106.123961, 39.378021], [-106.120308, 39.37659], [-106.114813, 39.376496], [-106.11198, 39.377053], [-106.10729, 39.377454], [-106.106038, 39.377931], [-106.101943, 39.378054], [-106.099401, 39.377733], [-106.096791, 39.377896], [-106.094312, 39.376511], [-106.088428, 39.372001], [-106.087324, 39.370827], [-106.084446, 39.369283], [-106.081207, 39.369199], [-106.080241, 39.370435], [-106.078324, 39.36951], [-106.074816, 39.368764], [-106.072857, 39.367917], [-106.068471, 39.364429], [-106.067355, 39.363803], [-106.064048, 39.362758], [-106.062616, 39.36182], [-106.058335, 39.360052], [-106.056096, 39.358431], [-106.050922, 39.358061], [-106.046317, 39.357434], [-106.043926, 39.357378], [-106.03747, 39.358465], [-106.034717, 39.358376], [-106.032199, 39.358942], [-106.029651, 39.35986], [-106.02672, 39.361333], [-106.02433, 39.361147], [-106.021966, 39.361713], [-106.021133, 39.362377], [-106.017619, 39.365503], [-106.017473, 39.373383], [-106.016794, 39.374988], [-106.017453, 39.379204], [-106.018383, 39.381403], [-106.016994, 39.382911], [-106.016364, 39.38439], [-106.013851, 39.386898], [-106.008401, 39.387356], [-106.00574, 39.389161], [-106.005, 39.389293], [-106.004012, 39.391058], [-106.003339, 39.391766], [-105.999529, 39.393825], [-105.997845, 39.39401], [-105.995928, 39.395001], [-105.994132, 39.397824], [-105.993224, 39.399868], [-105.992856, 39.401859], [-105.990528, 39.402202], [-105.98693, 39.401507], [-105.985018, 39.401667], [-105.983621, 39.402441], [-105.983025, 39.404431], [-105.981923, 39.405974], [-105.980651, 39.406686], [-105.977967, 39.407269], [-105.976867, 39.40857], [-105.973206, 39.409189], [-105.969449, 39.410235], [-105.968633, 39.410693], [-105.96281, 39.411991], [-105.959244, 39.412473], [-105.952325, 39.414106], [-105.951698, 39.414619], [-105.953652, 39.418381], [-105.953875, 39.420479], [-105.955092, 39.421551], [-105.955394, 39.422851], [-105.954837, 39.42622], [-105.95631, 39.427841], [-105.960726, 39.429018], [-105.965013, 39.433436], [-105.966786, 39.438035], [-105.964395, 39.439532], [-105.961752, 39.440091], [-105.958192, 39.439677], [-105.956436, 39.438401], [-105.953619, 39.43854], [-105.947317, 39.440523], [-105.944155, 39.44091], [-105.944018, 39.445096], [-105.943698, 39.446183], [-105.941853, 39.448246], [-105.9425, 39.450484], [-105.94217, 39.452773], [-105.940612, 39.456524], [-105.938781, 39.458423], [-105.936939, 39.458448], [-105.934657, 39.457888], [-105.929823, 39.459338], [-105.926674, 39.459417], [-105.921153, 39.458386], [-105.916523, 39.458091], [-105.914316, 39.458203], [-105.911637, 39.456736], [-105.910511, 39.458376], [-105.908351, 39.459428], [-105.905959, 39.459657], [-105.90391, 39.46221], [-105.901835, 39.464248], [-105.901258, 39.467213], [-105.901612, 39.469619], [-105.900488, 39.470887], [-105.89909, 39.4715], [-105.898888, 39.472295], [-105.898481, 39.473409], [-105.896726, 39.475657], [-105.897327, 39.477137], [-105.894725, 39.477517], [-105.892666, 39.479998], [-105.892199, 39.481044], [-105.891974, 39.484173], [-105.889185, 39.48335], [-105.884677, 39.484138], [-105.879087, 39.483767], [-105.87878, 39.484402], [-105.879173, 39.486824], [-105.878348, 39.489618], [-105.876966, 39.490602], [-105.874714, 39.493521], [-105.872414, 39.494808], [-105.869905, 39.494953], [-105.867521, 39.494147], [-105.866584, 39.494351], [-105.866565, 39.496663], [-105.865931, 39.498082], [-105.864214, 39.499986], [-105.864499, 39.50037], [-105.863584, 39.502305], [-105.860395, 39.50471], [-105.858184, 39.50518], [-105.856392, 39.50513], [-105.854117, 39.50452], [-105.854772, 39.506401], [-105.857017, 39.50706], [-105.859457, 39.509225], [-105.859947, 39.510229], [-105.859947, 39.512148], [-105.86181, 39.51306], [-105.864681, 39.515065], [-105.866889, 39.516702], [-105.868049, 39.519862], [-105.864701, 39.522115], [-105.863525, 39.523955], [-105.862896, 39.527307], [-105.861662, 39.528605], [-105.860506, 39.530487], [-105.859114, 39.531813], [-105.857732, 39.532058], [-105.854562, 39.527868], [-105.851285, 39.526121], [-105.847211, 39.52484], [-105.845377, 39.52375], [-105.844329, 39.525992], [-105.840831, 39.526932], [-105.838571, 39.527821], [-105.836057, 39.529285], [-105.830016, 39.532043], [-105.823931, 39.53056], [-105.82308, 39.529865], [-105.822809, 39.530802], [-105.821234, 39.532468], [-105.819268, 39.537572], [-105.817631, 39.53831], [-105.819066, 39.544064], [-105.818928, 39.545815], [-105.816308, 39.54815], [-105.815807, 39.551976], [-105.818724, 39.552074], [-105.822337, 39.553012], [-105.825771, 39.555678], [-105.826061, 39.557442], [-105.827707, 39.559493], [-105.828906, 39.561547], [-105.828521, 39.563453], [-105.829662, 39.564865], [-105.776642, 39.56492], [-105.77172, 39.564889], [-105.750561, 39.564897], [-105.724054, 39.565375], [-105.721601, 39.565269], [-105.695149, 39.565644], [-105.65795, 39.56635], [-105.653343, 39.566398], [-105.642798, 39.566584], [-105.623875, 39.567036], [-105.587986, 39.568197], [-105.586665, 39.568164], [-105.578667, 39.567974], [-105.560937, 39.567537], [-105.514529, 39.566407], [-105.501603, 39.566155], [-105.485117, 39.566188], [-105.467953, 39.566088], [-105.459209, 39.565942], [-105.444922, 39.565988], [-105.428096, 39.565928], [-105.427251, 39.565988], [-105.407455, 39.565988], [-105.406451, 39.565988], [-105.405351, 39.565988], [-105.401051, 39.565988], [-105.398949, 39.566056], [-105.398984, 39.569771], [-105.39904, 39.570991], [-105.398986, 39.573074], [-105.398994, 39.573321], [-105.398996, 39.57336], [-105.39915, 39.578218], [-105.39915, 39.57865], [-105.39915, 39.580188], [-105.399089, 39.582072], [-105.39905, 39.582788], [-105.398957, 39.584928], [-105.39895, 39.588444], [-105.398951, 39.604786], [-105.398875, 39.60641], [-105.39875, 39.615418], [-105.398665, 39.619779], [-105.398653, 39.620374], [-105.39855, 39.625476], [-105.39845, 39.629362], [-105.39845, 39.629412], [-105.39845, 39.629573], [-105.39845, 39.629688], [-105.39845, 39.629733], [-105.39845, 39.629782], [-105.39845, 39.629952], [-105.39845, 39.630167], [-105.39845, 39.630242], [-105.39845, 39.630412], [-105.398451, 39.630738], [-105.398451, 39.631219], [-105.39845, 39.632174], [-105.39835, 39.635888], [-105.398251, 39.636727], [-105.398252, 39.643533], [-105.39825, 39.645147], [-105.39825, 39.645929], [-105.39825, 39.64605], [-105.39825, 39.647515], [-105.39825, 39.647568], [-105.398249, 39.647635], [-105.398248, 39.649949], [-105.398249, 39.650788], [-105.39824, 39.65838], [-105.398349, 39.665288], [-105.398326, 39.67206], [-105.398332, 39.672356], [-105.39834, 39.676184], [-105.398442, 39.677681], [-105.398549, 39.686294], [-105.398549, 39.686523], [-105.398549, 39.689422], [-105.398549, 39.689906], [-105.39855, 39.69281], [-105.398545, 39.701019], [-105.398425, 39.707078], [-105.398425, 39.707098], [-105.398351, 39.710794], [-105.398343, 39.712538], [-105.398348, 39.714121], [-105.398348, 39.716838], [-105.398349, 39.717147]]]]}}, {"type": "Feature", "properties": {"id": 3, "NAME": "3", "text-color": "#000000", "text-size": 16, "TotalPop": 721730, "PopDevPct": 2.182e-05, "DemPct": 0.4388297, "RepPct": 0.53609446, "WhitePct": 0.70112513, "MinorityPct": 0.29887487, "BlackPct": 0.01486917, "HispanicPct": 0.22777935, "PacificPct": 0.00257669, "AsianPct": 0.01431865, "NativePct": 0.04853146, "TotalVAP": 568559, "Margin": -0.0611703, "color": "#88ff6e", "opacity": "0.5", "year": 2022, "state": "CO", "state-district": "CO-03"}, "geometry": {"type": "MultiPolygon", "coordinates": [[[[-109.052013, 39.06606], [-109.052368, 39.027494], [-109.052446, 39.019575], [-109.052748, 38.990717], [-109.053204, 38.95319], [-109.053259, 38.949039], [-109.053441, 38.934605], [-109.053827, 38.898124], [-109.054022, 38.877161], [-109.054119, 38.873532], [-109.05595, 38.830689], [-109.057279, 38.799544], [-109.058478, 38.765783], [-109.05895, 38.753405], [-109.059041, 38.749524], [-109.059058, 38.74898], [-109.059824, 38.714746], [-109.059709, 38.672604], [-109.059688, 38.652017], [-109.059688, 38.648597], [-109.059722, 38.621622], [-109.059738, 38.609505], [-109.059856, 38.579395], [-109.059982, 38.556332], [-109.060006, 38.535908], [-109.060128, 38.510605], [-109.060119, 38.499989], [-109.06004, 38.492849], [-109.060031, 38.488664], [-109.059939, 38.474274], [-109.060154, 38.464694], [-109.060119, 38.454301], [-109.06003, 38.435584], [-109.060051, 38.42916], [-109.060098, 38.412193], [-109.060133, 38.403572], [-109.060146, 38.396734], [-109.060156, 38.378484], [-109.060137, 38.360278], [-109.06018, 38.344908], [-109.060168, 38.327595], [-109.060169, 38.327299], [-109.060185, 38.31867], [-109.060172, 38.296472], [-109.060187, 38.275528], [-109.056597, 38.25325], [-109.054672, 38.241069], [-109.051584, 38.221356], [-109.050554, 38.215013], [-109.04795, 38.19845], [-109.047918, 38.198401], [-109.046572, 38.189641], [-109.042835, 38.166268], [-109.042572, 38.157016], [-109.042583, 38.153028], [-109.042641, 38.132194], [-109.0426, 38.109519], [-109.042586, 38.102735], [-109.04258, 38.093799], [-109.041979, 38.079557], [-109.042118, 38.066133], [-109.042234, 38.051098], [-109.042866, 38.03642], [-109.042857, 38.011046], [-109.042947, 37.979906], [-109.042699, 37.962845], [-109.042504, 37.954918], [-109.04204, 37.943812], [-109.042128, 37.939193], [-109.042046, 37.923409], [-109.042027, 37.907691], [-109.041992, 37.881083], [-109.042036, 37.862963], [-109.041996, 37.84271], [-109.041944, 37.8265], [-109.041973, 37.816483], [-109.04195, 37.787583], [-109.042017, 37.774997], [-109.042028, 37.754454], [-109.042029, 37.740254], [-109.041936, 37.711178], [-109.041844, 37.68779], [-109.041917, 37.66938], [-109.041938, 37.665787], [-109.041928, 37.651204], [-109.04188, 37.649654], [-109.041907, 37.609573], [-109.041982, 37.58701], [-109.041932, 37.576253], [-109.041572, 37.562138], [-109.041785, 37.548003], [-109.04224, 37.53011], [-109.042577, 37.514018], [-109.043366, 37.484818], [-109.043777, 37.469035], [-109.044043, 37.458345], [-109.044565, 37.434107], [-109.044861, 37.422442], [-109.045241, 37.401036], [-109.045269, 37.397424], [-109.04564, 37.359723], [-109.045768, 37.329259], [-109.045776, 37.32686], [-109.045776, 37.326753], [-109.04579, 37.320781], [-109.045844, 37.301995], [-109.045796, 37.293415], [-109.045639, 37.268247], [-109.045498, 37.239902], [-109.045418, 37.224861], [-109.045398, 37.212195], [-109.045924, 37.200575], [-109.045912, 37.19693], [-109.045885, 37.187305], [-109.045774, 37.17941], [-109.0454, 37.149953], [-109.045217, 37.132124], [-109.045086, 37.120377], [-109.045109, 37.096903], [-109.044995, 37.086429], [-109.045058, 37.074661], [-109.045166, 37.072742], [-109.045199, 37.046055], [-109.045187, 37.024141], [-109.045184, 37.022655], [-109.045172, 36.998977], [-109.034069, 36.998968], [-109.005316, 36.998947], [-109.004747, 36.998945], [-108.948366, 36.998896], [-108.939422, 36.998886], [-108.875317, 36.998839], [-108.858272, 36.998866], [-108.796017, 36.998847], [-108.749603, 36.99884], [-108.739043, 36.99884], [-108.689895, 36.999029], [-108.628855, 36.99916], [-108.573844, 36.999282], [-108.554999, 36.999269], [-108.550278, 36.99932], [-108.521927, 36.99938], [-108.483264, 36.999425], [-108.446561, 36.999492], [-108.379303, 36.999608], [-108.317362, 36.999714], [-108.29762, 36.999721], [-108.272565, 36.999728], [-108.249629, 36.999711], [-108.241985, 36.999742], [-108.214867, 36.99972], [-108.188709, 36.999736], [-108.186675, 36.999736], [-108.184438, 36.999714], [-108.143087, 36.999724], [-108.129623, 36.999727], [-108.09111, 36.999745], [-108.066309, 36.999691], [-108.037602, 36.99974], [-107.992417, 36.999845], [-107.968986, 36.999817], [-107.937132, 36.999691], [-107.918543, 36.999694], [-107.917285, 36.999696], [-107.893919, 36.999696], [-107.869765, 36.999725], [-107.869564, 36.999725], [-107.867189, 36.99973], [-107.866079, 36.999731], [-107.844669, 36.999795], [-107.780599, 37.000059], [-107.76685, 37.000061], [-107.7124, 36.999994], [-107.670947, 36.999921], [-107.661693, 36.999923], [-107.635528, 36.999924], [-107.605201, 36.999969], [-107.601118, 36.999974], [-107.597249, 36.999978], [-107.57427, 36.999997], [-107.54136, 37.000025], [-107.534211, 37.000033], [-107.510354, 37.000068], [-107.496624, 37.00009], [-107.481737, 37.000127], [-107.472503, 37.000138], [-107.469009, 37.000151], [-107.461255, 37.000165], [-107.458315, 37.000171], [-107.452839, 37.000182], [-107.44236, 37.000201], [-107.430917, 37.000221], [-107.428223, 37.000223], [-107.425302, 37.000223], [-107.421786, 37.000224], [-107.410837, 37.000203], [-107.400346, 37.000182], [-107.394861, 37.000233], [-107.350806, 37.000109], [-107.346784, 37.0001], [-107.333768, 37.000067], [-107.31001, 37.000016], [-107.254969, 37.00002], [-107.242145, 37.00002], [-107.196889, 37.000027], [-107.108817, 37.000039], [-107.107757, 37.000038], [-107.059202, 37.000037], [-107.027793, 37.000061], [-106.979606, 37.000084], [-106.963598, 37.000091], [-106.923311, 37.000109], [-106.914284, 37.000108], [-106.9063, 37.000109], [-106.878317, 37.000102], [-106.877232, 37.0001], [-106.86982, 36.992497], [-106.860271, 36.99252], [-106.83276, 36.992491], [-106.831972, 36.992449], [-106.795652, 36.992489], [-106.781878, 36.992515], [-106.75059, 36.992461], [-106.722866, 36.992705], [-106.708701, 36.992832], [-106.674703, 36.992937], [-106.669728, 36.992952], [-106.661829, 36.992977], [-106.617341, 36.993113], [-106.585739, 36.993212], [-106.552121, 36.993314], [-106.547995, 36.993361], [-106.540596, 36.993351], [-106.537604, 36.99336], [-106.500032, 36.993474], [-106.47609, 36.993548], [-106.425672, 36.993703], [-106.407114, 36.993761], [-106.372377, 36.993866], [-106.32725, 36.994006], [-106.322472, 36.994021], [-106.297992, 36.994075], [-106.287202, 36.994138], [-106.249497, 36.994242], [-106.249167, 36.994268], [-106.248685, 36.99424], [-106.2361, 36.994249], [-106.220411, 36.994348], [-106.201193, 36.994506], [-106.164742, 36.994767], [-106.155884, 36.994794], [-106.153536, 36.994801], [-106.14199, 36.994824], [-106.127754, 36.994846], [-106.100012, 36.994949], [-106.077851, 36.995043], [-106.068626, 36.995074], [-106.053002, 36.995119], [-106.040001, 36.99516], [-106.038652, 36.995122], [-106.015184, 36.995263], [-105.997195, 36.995298], [-105.965879, 36.995416], [-105.945906, 36.995409], [-105.903923, 36.995551], [-105.878508, 36.99557], [-105.87699, 36.995563], [-105.823274, 36.995595], [-105.80101, 36.995614], [-105.785173, 36.995682], [-105.75057, 36.995694], [-105.735047, 36.995771], [-105.718463, 36.995841], [-105.707852, 36.995919], [-105.695393, 36.995879], [-105.681858, 36.995895], [-105.664733, 36.995907], [-105.629109, 36.995835], [-105.623322, 36.995704], [-105.609531, 36.995679], [-105.591411, 36.995646], [-105.573186, 36.995614], [-105.547929, 36.995567], [-105.533953, 36.995541], [-105.522326, 36.995521], [-105.490886, 36.995464], [-105.488156, 36.995459], [-105.471599, 36.99543], [-105.440576, 36.995374], [-105.419669, 36.995337], [-105.36647, 36.995238], [-105.307915, 36.995132], [-105.220506, 36.994974], [-105.220613, 36.995169], [-105.161219, 36.995294], [-105.155042, 36.995262], [-105.136447, 36.995169], [-105.125557, 36.995212], [-105.119635, 36.995395], [-105.08541, 36.994461], [-105.06629, 36.993863], [-105.054018, 36.993713], [-105.029226, 36.992727], [-105.000551, 36.993262], [-104.941624, 36.99329], [-104.900768, 36.99331], [-104.87555, 36.993253], [-104.875075, 36.993298], [-104.840358, 36.993363], [-104.781156, 36.993468], [-104.750547, 36.993525], [-104.732225, 36.993446], [-104.705788, 36.993497], [-104.644997, 36.993379], [-104.631417, 36.993592], [-104.625544, 36.993598], [-104.624555, 36.994375], [-104.614816, 36.994129], [-104.589303, 36.994092], [-104.574754, 36.994118], [-104.569914, 36.993877], [-104.563273, 36.993823], [-104.537048, 36.993976], [-104.519195, 36.993766], [-104.503674, 36.993828], [-104.493395, 36.993877], [-104.492272, 36.993658], [-104.486985, 36.993867], [-104.480578, 36.993861], [-104.480445, 36.993861], [-104.468486, 36.993844], [-104.450544, 36.993721], [-104.433987, 36.993738], [-104.429821, 36.993751], [-104.413528, 36.993594], [-104.408313, 36.993474], [-104.375538, 36.993524], [-104.367159, 36.993451], [-104.36637, 36.993464], [-104.338833, 36.993535], [-104.321971, 36.993887], [-104.317186, 36.993912], [-104.296505, 36.994106], [-104.250536, 36.994644], [-104.232263, 36.994761], [-104.218902, 36.994843], [-104.215634, 36.994754], [-104.172646, 36.995109], [-104.146069, 36.99526], [-104.12553, 36.995355], [-104.125176, 36.995411], [-104.096455, 36.995612], [-104.095651, 36.995618], [-104.056525, 36.995894], [-104.040332, 36.996007], [-104.007851, 36.996134], [-103.99345, 36.996218], [-103.971509, 36.996402], [-103.91849, 36.996731], [-103.868847, 36.997139], [-103.868263, 36.997145], [-103.83317, 36.997208], [-103.796642, 36.997431], [-103.782671, 36.99755], [-103.737788, 36.997989], [-103.702832, 36.998134], [-103.682962, 36.998271], [-103.639111, 36.99851], [-103.625507, 36.998629], [-103.599376, 36.998714], [-103.560191, 36.998833], [-103.523979, 36.998965], [-103.500084, 36.999097], [-103.487894, 36.999143], [-103.478361, 36.999158], [-103.432357, 36.999236], [-103.425684, 36.999269], [-103.408135, 36.999347], [-103.377734, 36.999444], [-103.342962, 36.999436], [-103.305731, 36.999548], [-103.239641, 36.99963], [-103.2005, 36.999825], [-103.127569, 37.000138], [-103.102485, 37.000196], [-103.086102, 37.000188], [-103.087275, 37.102596], [-103.086969, 37.135087], [-103.086832, 37.13613], [-103.086425, 37.142186], [-103.086344, 37.144275], [-103.086323, 37.148013], [-103.086558, 37.176128], [-103.086643, 37.180689], [-103.086241, 37.193066], [-103.086299, 37.193562], [-103.08623, 37.196], [-103.086076, 37.200359], [-103.085127, 37.235644], [-103.083926, 37.279167], [-103.083527, 37.294291], [-103.083673, 37.308068], [-103.083232, 37.322709], [-103.08336, 37.337191], [-103.083025, 37.346745], [-103.083051, 37.351739], [-103.082766, 37.358399], [-103.082782, 37.366336], [-103.082537, 37.381613], [-103.074663, 37.381754], [-103.074805, 37.398437], [-103.075243, 37.415739], [-103.075021, 37.436776], [-103.075142, 37.450943], [-103.075001, 37.455749], [-103.075157, 37.460738], [-103.07514, 37.469366], [-103.075217, 37.483723], [-103.075141, 37.484489], [-103.075275, 37.500037], [-103.075221, 37.501589], [-103.075284, 37.520365], [-103.075468, 37.587535], [-103.075581, 37.624601], [-103.075742, 37.625011], [-103.075938, 37.64342], [-103.085875, 37.643436], [-103.114734, 37.643415], [-103.117641, 37.643299], [-103.125485, 37.643581], [-103.128092, 37.643477], [-103.131488, 37.643662], [-103.146674, 37.643592], [-103.163233, 37.643599], [-103.167261, 37.643524], [-103.175173, 37.643515], [-103.187492, 37.64367], [-103.201754, 37.644046], [-103.205491, 37.644086], [-103.222041, 37.644019], [-103.240631, 37.644011], [-103.258822, 37.64398], [-103.2676, 37.644145], [-103.290579, 37.643851], [-103.308136, 37.64394], [-103.326909, 37.643768], [-103.341804, 37.643513], [-103.36126, 37.643335], [-103.361555, 37.643272], [-103.375493, 37.643535], [-103.38677, 37.643515], [-103.404339, 37.643576], [-103.404403, 37.643782], [-103.404426, 37.658203], [-103.403963, 37.662963], [-103.403917, 37.673168], [-103.404066, 37.676998], [-103.404385, 37.68689], [-103.404079, 37.696125], [-103.403796, 37.701665], [-103.403652, 37.734338], [-103.403434, 37.750011], [-103.403509, 37.764147], [-103.403544, 37.775872], [-103.403544, 37.776139], [-103.403592, 37.792397], [-103.403612, 37.79874], [-103.403682, 37.822792], [-103.399854, 37.822812], [-103.399854, 37.823155], [-103.399836, 37.866527], [-103.399874, 37.875063], [-103.399781, 37.899616], [-103.399249, 37.933768], [-103.39912, 37.940149], [-103.398236, 37.959118], [-103.398108, 37.960627], [-103.398235, 37.968457], [-103.398334, 37.981751], [-103.398942, 37.989522], [-103.398844, 37.994306], [-103.398824, 38.013904], [-103.398675, 38.022395], [-103.398667, 38.038736], [-103.398667, 38.038829], [-103.398672, 38.039491], [-103.398632, 38.040554], [-103.398628, 38.04084], [-103.398619, 38.041433], [-103.398613, 38.041738], [-103.398581, 38.043949], [-103.398546, 38.046266], [-103.398566, 38.061644], [-103.398814, 38.06237], [-103.398584, 38.063251], [-103.398594, 38.070028], [-103.398619, 38.072962], [-103.39862, 38.07337], [-103.398621, 38.073444], [-103.398621, 38.073517], [-103.398653, 38.082745], [-103.398476, 38.083413], [-103.398672, 38.084658], [-103.398818, 38.094091], [-103.398782, 38.099803], [-103.398664, 38.106669], [-103.398646, 38.110387], [-103.39858, 38.114491], [-103.398965, 38.12184], [-103.398779, 38.12501], [-103.398897, 38.141504], [-103.399004, 38.15621], [-103.399009, 38.156604], [-103.399309, 38.19664], [-103.399303, 38.197654], [-103.399408, 38.213206], [-103.399409, 38.213354], [-103.3996, 38.241149], [-103.399877, 38.250004], [-103.399938, 38.265435], [-103.410005, 38.265508], [-103.410375, 38.265308], [-103.418356, 38.265162], [-103.424988, 38.26519], [-103.437306, 38.265031], [-103.501665, 38.265015], [-103.501764, 38.265016], [-103.505827, 38.26511], [-103.506438, 38.265119], [-103.51006, 38.265169], [-103.50991, 38.264282], [-103.50987, 38.262047], [-103.509704, 38.23487], [-103.509627, 38.23133], [-103.509553, 38.216213], [-103.509552, 38.204075], [-103.509422, 38.192957], [-103.509433, 38.182449], [-103.509364, 38.172514], [-103.515315, 38.172561], [-103.515502, 38.172562], [-103.53638, 38.172657], [-103.536614, 38.172658], [-103.538409, 38.172656], [-103.540176, 38.172663], [-103.54024, 38.172663], [-103.540326, 38.172663], [-103.559473, 38.172672], [-103.564723, 38.172753], [-103.583935, 38.172715], [-103.601075, 38.171719], [-103.619283, 38.171455], [-103.619011, 38.143152], [-103.619081, 38.131468], [-103.619172, 38.113355], [-103.6255, 38.113335], [-103.664686, 38.112983], [-103.673731, 38.112906], [-103.701327, 38.113153], [-103.74764, 38.113077], [-103.750674, 38.113214], [-103.761484, 38.113071], [-103.767661, 38.112974], [-103.769264, 38.112955], [-103.769684, 38.112946], [-103.77033, 38.112925], [-103.781703, 38.112638], [-103.791267, 38.112437], [-103.801442, 38.112525], [-103.801525, 38.112525], [-103.803033, 38.112533], [-103.805028, 38.114578], [-103.807316, 38.1164], [-103.809818, 38.117509], [-103.81191, 38.117845], [-103.813765, 38.117419], [-103.818591, 38.114835], [-103.820768, 38.113953], [-103.82448, 38.113039], [-103.825908, 38.113062], [-103.82871, 38.11441], [-103.831448, 38.114205], [-103.835616, 38.11334], [-103.837703, 38.114163], [-103.841687, 38.117346], [-103.844592, 38.120794], [-103.846211, 38.123405], [-103.850335, 38.125048], [-103.855083, 38.125504], [-103.856506, 38.125186], [-103.858342, 38.125425], [-103.861981, 38.127134], [-103.86349, 38.128072], [-103.866262, 38.12876], [-103.868672, 38.128809], [-103.870941, 38.127808], [-103.873249, 38.126299], [-103.878001, 38.124649], [-103.883682, 38.124577], [-103.886846, 38.125278], [-103.888747, 38.125417], [-103.893915, 38.125006], [-103.89649, 38.124794], [-103.900662, 38.125409], [-103.900289, 38.127281], [-103.899046, 38.128473], [-103.898512, 38.131132], [-103.900239, 38.13301], [-103.902064, 38.133975], [-103.906194, 38.13486], [-103.90796, 38.134554], [-103.912507, 38.134346], [-103.913525, 38.131624], [-103.911733, 38.129885], [-103.910874, 38.127945], [-103.91098, 38.126563], [-103.914396, 38.12476], [-103.916302, 38.124729], [-103.918687, 38.125542], [-103.919903, 38.127531], [-103.920152, 38.129274], [-103.921055, 38.129504], [-103.923399, 38.130424], [-103.92593, 38.129646], [-103.929041, 38.127328], [-103.93012, 38.125005], [-103.933989, 38.124417], [-103.940056, 38.1258], [-103.943984, 38.126572], [-103.948232, 38.128158], [-103.949777, 38.129004], [-103.95127, 38.130204], [-103.952461, 38.130545], [-103.953433, 38.130678], [-103.954947, 38.130812], [-103.957902, 38.130542], [-103.960155, 38.130401], [-103.963053, 38.130889], [-103.966785, 38.131674], [-103.97003, 38.131617], [-103.972925, 38.131928], [-103.974378, 38.132119], [-103.976407, 38.13299], [-103.976957, 38.134348], [-103.976883, 38.134549], [-103.976835, 38.134846], [-103.976678, 38.135205], [-103.976337, 38.135348], [-103.975492, 38.136607], [-103.974804, 38.137182], [-103.974353, 38.138124], [-103.974128, 38.138627], [-103.974209, 38.139233], [-103.974991, 38.140336], [-103.975991, 38.140808], [-103.977753, 38.141068], [-103.978903, 38.140901], [-103.980704, 38.140579], [-103.982707, 38.140667], [-103.984213, 38.140914], [-103.98606, 38.141892], [-103.987599, 38.142776], [-103.989391, 38.144061], [-103.991203, 38.145433], [-103.993246, 38.146353], [-103.994696, 38.146654], [-103.995925, 38.146585], [-103.996983, 38.146402], [-103.998287, 38.146256], [-103.999228, 38.145783], [-103.999482, 38.145485], [-103.999723, 38.145144], [-104.000462, 38.143914], [-104.000856, 38.143435], [-104.000968, 38.143332], [-104.001703, 38.142969], [-104.002074, 38.142837], [-104.002561, 38.14277], [-104.005106, 38.143541], [-104.00577, 38.143921], [-104.006536, 38.144463], [-104.007138, 38.145174], [-104.007274, 38.145257], [-104.007751, 38.145547], [-104.009122, 38.145759], [-104.010227, 38.145737], [-104.010965, 38.145463], [-104.011795, 38.144989], [-104.013417, 38.143773], [-104.01439, 38.143333], [-104.015061, 38.142809], [-104.01685, 38.14231], [-104.017834, 38.142058], [-104.019435, 38.141858], [-104.020732, 38.141299], [-104.02157, 38.141105], [-104.021629, 38.141104], [-104.022159, 38.140951], [-104.022594, 38.140914], [-104.02719, 38.140489], [-104.032657, 38.140554], [-104.034981, 38.141045], [-104.036216, 38.141397], [-104.043984, 38.141594], [-104.047045, 38.141389], [-104.047771, 38.144852], [-104.049179, 38.146273], [-104.050234, 38.1465], [-104.055954, 38.146019], [-104.058242, 38.146492], [-104.058243, 38.146979], [-104.058328, 38.164466], [-104.058283, 38.170972], [-104.05828, 38.171162], [-104.058326, 38.187124], [-104.058451, 38.199961], [-104.058362, 38.214374], [-104.058308, 38.229002], [-104.058488, 38.252205], [-104.058402, 38.260841], [-104.057564, 38.261648], [-104.054725, 38.261889], [-104.054878, 38.276323], [-104.055109, 38.298695], [-104.055424, 38.323657], [-104.055478, 38.335188], [-104.055699, 38.356927], [-104.055936, 38.392725], [-104.055937, 38.403022], [-104.056137, 38.413465], [-104.056187, 38.422467], [-104.05635, 38.435742], [-104.056314, 38.438682], [-104.055577, 38.464486], [-104.055235, 38.473332], [-104.055017, 38.484117], [-104.054712, 38.491898], [-104.054588, 38.498475], [-104.054654, 38.502542], [-104.054193, 38.519611], [-104.053921, 38.522393], [-104.072483, 38.52239], [-104.083468, 38.522434], [-104.090179, 38.522004], [-104.109272, 38.521867], [-104.124347, 38.521746], [-104.134086, 38.521805], [-104.150152, 38.521732], [-104.152501, 38.521902], [-104.165285, 38.522271], [-104.174509, 38.522187], [-104.183729, 38.522011], [-104.193522, 38.521834], [-104.250519, 38.521307], [-104.275054, 38.521134], [-104.275471, 38.521133], [-104.298515, 38.520991], [-104.326497, 38.520877], [-104.354184, 38.520804], [-104.375521, 38.520607], [-104.381807, 38.520733], [-104.400231, 38.520614], [-104.410798, 38.520617], [-104.413118, 38.520461], [-104.42286, 38.520338], [-104.436511, 38.520453], [-104.441201, 38.52044], [-104.456486, 38.520329], [-104.470213, 38.520304], [-104.486359, 38.520215], [-104.500523, 38.519898], [-104.532637, 38.519843], [-104.567087, 38.520001], [-104.573719, 38.519939], [-104.590997, 38.520004], [-104.605255, 38.520279], [-104.612424, 38.520162], [-104.626127, 38.519935], [-104.626137, 38.519957], [-104.628189, 38.51993], [-104.630682, 38.519917], [-104.631129, 38.519914], [-104.631445, 38.519917], [-104.644691, 38.519842], [-104.660376, 38.519754], [-104.684322, 38.51944], [-104.68728, 38.519454], [-104.690795, 38.51947], [-104.704989, 38.519536], [-104.717994, 38.51956], [-104.734088, 38.519631], [-104.737859, 38.519652], [-104.75053, 38.519871], [-104.770777, 38.519842], [-104.775787, 38.519927], [-104.787217, 38.520119], [-104.796104, 38.520165], [-104.800085, 38.51999], [-104.815976, 38.520029], [-104.820466, 38.519913], [-104.825906, 38.519776], [-104.836167, 38.51998], [-104.840641, 38.51993], [-104.86615, 38.519857], [-104.866674, 38.520017], [-104.882012, 38.520087], [-104.88757, 38.519904], [-104.895683, 38.5203], [-104.911325, 38.520285], [-104.923716, 38.520289], [-104.932949, 38.520286], [-104.934082, 38.520191], [-104.941533, 38.519569], [-104.941299, 38.491688], [-104.941299, 38.479461], [-104.941179, 38.467715], [-104.941068, 38.458998], [-104.940961, 38.458203], [-104.940892, 38.435247], [-104.940902, 38.417833], [-104.940933, 38.389936], [-104.941004, 38.377908], [-104.940888, 38.372208], [-104.940889, 38.372026], [-104.940911, 38.370509], [-104.940756, 38.344577], [-104.940749, 38.338022], [-104.940749, 38.337889], [-104.940746, 38.3373], [-104.940639, 38.316056], [-104.940639, 38.315982], [-104.940557, 38.299546], [-104.940366, 38.258275], [-104.943163, 38.258262], [-104.975517, 38.258123], [-104.981961, 38.258097], [-105.000541, 38.257981], [-105.027717, 38.257919], [-105.049215, 38.257973], [-105.049223, 38.250003], [-105.048726, 38.238553], [-105.048657, 38.216805], [-105.048486, 38.175938], [-105.048461, 38.1587], [-105.048374, 38.143298], [-105.048287, 38.127773], [-105.050192, 38.117174], [-105.050678, 38.113824], [-105.050393, 38.095792], [-105.050078, 38.075961], [-105.04965, 38.048802], [-105.049558, 38.042943], [-105.04951, 38.039905], [-105.049734, 38.023632], [-105.049815, 38.017764], [-105.050115, 38.002273], [-105.05019, 38.000006], [-105.049978, 37.985701], [-105.049998, 37.985205], [-105.050119, 37.983436], [-105.050145, 37.981822], [-105.050045, 37.958886], [-105.049961, 37.930932], [-105.049937, 37.922177], [-105.049917, 37.915479], [-105.054307, 37.917509], [-105.057201, 37.915946], [-105.060064, 37.916139], [-105.061497, 37.916061], [-105.0632, 37.916976], [-105.06585, 37.920763], [-105.065135, 37.921456], [-105.065034, 37.923241], [-105.066301, 37.925048], [-105.066063, 37.92625], [-105.065104, 37.92742], [-105.063737, 37.929269], [-105.063572, 37.935001], [-105.064342, 37.936635], [-105.06603, 37.937447], [-105.066425, 37.938525], [-105.065471, 37.941802], [-105.066056, 37.944209], [-105.070472, 37.945802], [-105.072219, 37.947789], [-105.074244, 37.948513], [-105.0778, 37.952964], [-105.08183, 37.95425], [-105.084057, 37.955594], [-105.084383, 37.955384], [-105.085532, 37.951141], [-105.088011, 37.948588], [-105.090295, 37.947637], [-105.093828, 37.947329], [-105.099097, 37.944943], [-105.101971, 37.944957], [-105.103129, 37.94494], [-105.108507, 37.943399], [-105.112984, 37.945449], [-105.115608, 37.9475], [-105.117163, 37.949141], [-105.120666, 37.949597], [-105.122612, 37.949177], [-105.123823, 37.949627], [-105.125975, 37.95117], [-105.125818, 37.952542], [-105.125111, 37.953087], [-105.125551, 37.954592], [-105.126906, 37.955134], [-105.127027, 37.956025], [-105.126188, 37.957812], [-105.126411, 37.96075], [-105.127098, 37.960999], [-105.127909, 37.962592], [-105.128974, 37.96285], [-105.133409, 37.963039], [-105.13573, 37.965638], [-105.13558, 37.967294], [-105.133195, 37.970423], [-105.131335, 37.971188], [-105.131025, 37.972681], [-105.13236, 37.974643], [-105.14055, 37.979774], [-105.142145, 37.979799], [-105.141641, 37.982034], [-105.139501, 37.984607], [-105.140393, 37.985982], [-105.143909, 37.987838], [-105.146452, 37.986589], [-105.147965, 37.986841], [-105.150717, 37.990789], [-105.152491, 37.992113], [-105.152261, 37.994356], [-105.152781, 37.997391], [-105.152626, 37.99823], [-105.153199, 38.000784], [-105.15191, 38.00333], [-105.150386, 38.004547], [-105.147948, 38.005392], [-105.147969, 38.006239], [-105.151414, 38.008448], [-105.152868, 38.009747], [-105.157299, 38.012955], [-105.158366, 38.013133], [-105.160765, 38.014947], [-105.161101, 38.015866], [-105.16376, 38.016193], [-105.166304, 38.017104], [-105.166898, 38.018129], [-105.168652, 38.018946], [-105.171731, 38.018044], [-105.173264, 38.017142], [-105.176708, 38.016352], [-105.178903, 38.016474], [-105.181006, 38.015595], [-105.181819, 38.014693], [-105.185252, 38.013379], [-105.18775, 38.010598], [-105.189283, 38.009752], [-105.192808, 38.008616], [-105.194586, 38.00756], [-105.197568, 38.004366], [-105.198919, 38.003785], [-105.200044, 38.000835], [-105.199111, 37.998413], [-105.197073, 37.992416], [-105.198814, 37.990181], [-105.201924, 37.990448], [-105.206068, 37.989668], [-105.205837, 37.988619], [-105.205897, 37.983268], [-105.207707, 37.981655], [-105.209241, 37.982228], [-105.213153, 37.981031], [-105.2135, 37.980938], [-105.213986, 37.980809], [-105.214213, 37.980277], [-105.214221, 37.98026], [-105.214064, 37.979958], [-105.213109, 37.977331], [-105.214633, 37.976887], [-105.215961, 37.975899], [-105.216193, 37.975676], [-105.216505, 37.975378], [-105.216563, 37.974847], [-105.216599, 37.974528], [-105.216333, 37.972592], [-105.215366, 37.97052], [-105.216627, 37.969447], [-105.218095, 37.969903], [-105.220937, 37.96946], [-105.223136, 37.968804], [-105.224683, 37.966674], [-105.224646, 37.965036], [-105.226262, 37.963898], [-105.226921, 37.964568], [-105.228616, 37.964657], [-105.229418, 37.965245], [-105.231663, 37.964866], [-105.232832, 37.964196], [-105.234426, 37.964019], [-105.235809, 37.9628], [-105.238864, 37.96256], [-105.239933, 37.960393], [-105.238689, 37.959419], [-105.237598, 37.957568], [-105.240033, 37.95508], [-105.241799, 37.953809], [-105.244716, 37.953728], [-105.246694, 37.95211], [-105.248617, 37.952109], [-105.249742, 37.951521], [-105.250018, 37.950378], [-105.251895, 37.947764], [-105.255436, 37.942916], [-105.256764, 37.942555], [-105.257546, 37.938131], [-105.260843, 37.937098], [-105.261549, 37.937168], [-105.263168, 37.932458], [-105.263942, 37.932059], [-105.2638, 37.92882], [-105.263105, 37.92769], [-105.261842, 37.925637], [-105.263459, 37.92324], [-105.264304, 37.922882], [-105.264815, 37.921377], [-105.26805, 37.918304], [-105.267932, 37.917416], [-105.268915, 37.916346], [-105.269908, 37.913661], [-105.271433, 37.912815], [-105.272078, 37.911601], [-105.273418, 37.910716], [-105.273818, 37.907677], [-105.276233, 37.905875], [-105.276988, 37.904103], [-105.277949, 37.904407], [-105.278924, 37.903645], [-105.280549, 37.901215], [-105.284465, 37.899512], [-105.285303, 37.899552], [-105.286736, 37.900194], [-105.289367, 37.902869], [-105.29104, 37.903897], [-105.290784, 37.905368], [-105.291597, 37.906431], [-105.291538, 37.907555], [-105.292407, 37.908625], [-105.294811, 37.90822], [-105.297431, 37.909349], [-105.298011, 37.911263], [-105.300254, 37.912488], [-105.301115, 37.914627], [-105.300655, 37.915887], [-105.301659, 37.918119], [-105.300388, 37.921586], [-105.300541, 37.923085], [-105.303607, 37.926188], [-105.304366, 37.928393], [-105.306316, 37.930967], [-105.306574, 37.932292], [-105.310281, 37.93354], [-105.311093, 37.935945], [-105.313882, 37.93712], [-105.314507, 37.938444], [-105.317081, 37.938949], [-105.320609, 37.938572], [-105.324526, 37.938434], [-105.327067, 37.937434], [-105.329026, 37.936945], [-105.331702, 37.935801], [-105.33571, 37.933468], [-105.337461, 37.932055], [-105.340075, 37.929324], [-105.342076, 37.928412], [-105.344536, 37.926378], [-105.347209, 37.924759], [-105.350814, 37.924889], [-105.353674, 37.923581], [-105.356054, 37.922854], [-105.360159, 37.92245], [-105.361139, 37.922597], [-105.363779, 37.92207], [-105.36541, 37.92142], [-105.367461, 37.919974], [-105.369768, 37.919048], [-105.375003, 37.917115], [-105.377088, 37.916102], [-105.377864, 37.914353], [-105.378396, 37.9138], [-105.38165, 37.912707], [-105.383707, 37.910622], [-105.38504, 37.910178], [-105.389628, 37.906522], [-105.390305, 37.905196], [-105.39408, 37.902918], [-105.394792, 37.901366], [-105.399585, 37.898816], [-105.401826, 37.897286], [-105.403421, 37.895782], [-105.405087, 37.89515], [-105.408697, 37.894442], [-105.409784, 37.893205], [-105.411553, 37.892532], [-105.413635, 37.890527], [-105.415486, 37.890815], [-105.417916, 37.889976], [-105.418689, 37.889703], [-105.421597, 37.890652], [-105.424151, 37.890173], [-105.426855, 37.891634], [-105.42779, 37.89132], [-105.429886, 37.893837], [-105.431666, 37.894407], [-105.431972, 37.895167], [-105.437279, 37.896011], [-105.440272, 37.897461], [-105.45236, 37.895681], [-105.459235, 37.897169], [-105.461319, 37.896891], [-105.46697, 37.895515], [-105.471057, 37.895264], [-105.473204, 37.89597], [-105.473307, 37.896649], [-105.476056, 37.899389], [-105.477083, 37.899298], [-105.478875, 37.900505], [-105.479, 37.902629], [-105.478351, 37.903349], [-105.482604, 37.905004], [-105.488145, 37.909845], [-105.4884, 37.910604], [-105.491145, 37.915225], [-105.494109, 37.9171], [-105.497197, 37.920339], [-105.502273, 37.92295], [-105.503116, 37.923725], [-105.504893, 37.927213], [-105.505687, 37.927891], [-105.507042, 37.93102], [-105.507251, 37.932523], [-105.508364, 37.936094], [-105.50957, 37.937122], [-105.511086, 37.939131], [-105.514591, 37.93993], [-105.515729, 37.942015], [-105.523572, 37.948037], [-105.525534, 37.94837], [-105.527147, 37.949531], [-105.530378, 37.953363], [-105.533315, 37.955182], [-105.537703, 37.955036], [-105.541949, 37.956043], [-105.542737, 37.95651], [-105.546191, 37.956048], [-105.550101, 37.953871], [-105.551826, 37.950584], [-105.556357, 37.95098], [-105.560311, 37.951886], [-105.562351, 37.953744], [-105.567192, 37.957145], [-105.570692, 37.958266], [-105.573281, 37.961582], [-105.573982, 37.961758], [-105.57562, 37.963984], [-105.577676, 37.965536], [-105.581286, 37.96618], [-105.582616, 37.965934], [-105.584462, 37.967855], [-105.584158, 37.969087], [-105.585054, 37.970451], [-105.583964, 37.973009], [-105.581522, 37.975225], [-105.581855, 37.977972], [-105.583191, 37.979978], [-105.58591, 37.979687], [-105.58716, 37.984509], [-105.588156, 37.986689], [-105.589899, 37.987431], [-105.59043, 37.988586], [-105.592071, 37.992148], [-105.593663, 37.992775], [-105.595739, 37.995069], [-105.595892, 37.99637], [-105.598413, 37.997021], [-105.600244, 37.999999], [-105.600596, 38.002274], [-105.603907, 38.003739], [-105.604636, 38.005014], [-105.604392, 38.006157], [-105.604868, 38.007388], [-105.604355, 38.008745], [-105.598876, 38.011247], [-105.597273, 38.012664], [-105.597112, 38.013638], [-105.598325, 38.016338], [-105.597952, 38.020019], [-105.598698, 38.022649], [-105.600805, 38.023746], [-105.601233, 38.024792], [-105.603114, 38.027144], [-105.603527, 38.031263], [-105.606513, 38.031604], [-105.60938, 38.032338], [-105.608561, 38.033708], [-105.608854, 38.034953], [-105.613246, 38.038085], [-105.614003, 38.039537], [-105.614957, 38.043662], [-105.617206, 38.045929], [-105.617996, 38.047261], [-105.617564, 38.049773], [-105.617807, 38.05326], [-105.619878, 38.053598], [-105.621199, 38.054282], [-105.625563, 38.055693], [-105.628206, 38.057421], [-105.626749, 38.059149], [-105.625962, 38.061161], [-105.626263, 38.063533], [-105.626928, 38.064592], [-105.627206, 38.06731], [-105.631397, 38.068115], [-105.634159, 38.06944], [-105.637276, 38.072797], [-105.636484, 38.075584], [-105.639369, 38.078481], [-105.641241, 38.078883], [-105.64248, 38.07993], [-105.645284, 38.082404], [-105.646449, 38.085037], [-105.650105, 38.086953], [-105.652007, 38.088822], [-105.651965, 38.089397], [-105.653649, 38.09088], [-105.655296, 38.091343], [-105.655856, 38.092291], [-105.655094, 38.093587], [-105.655551, 38.0952], [-105.658826, 38.097276], [-105.660302, 38.098869], [-105.66148, 38.100912], [-105.661466, 38.103136], [-105.662221, 38.104348], [-105.661485, 38.106383], [-105.662246, 38.106845], [-105.661229, 38.109782], [-105.66134, 38.111498], [-105.659836, 38.112428], [-105.659913, 38.113249], [-105.658494, 38.115185], [-105.657663, 38.117454], [-105.660145, 38.118068], [-105.662654, 38.119158], [-105.663409, 38.120634], [-105.66329, 38.121545], [-105.665014, 38.124283], [-105.666441, 38.125852], [-105.670215, 38.128554], [-105.669712, 38.130911], [-105.670713, 38.131788], [-105.672052, 38.134067], [-105.673395, 38.137396], [-105.672547, 38.14022], [-105.674322, 38.141338], [-105.67627, 38.146173], [-105.675254, 38.147047], [-105.673066, 38.147973], [-105.672613, 38.149362], [-105.671059, 38.151077], [-105.670169, 38.153097], [-105.671343, 38.153852], [-105.672841, 38.156778], [-105.673042, 38.159126], [-105.677447, 38.159526], [-105.680782, 38.160502], [-105.68616, 38.165306], [-105.686838, 38.166845], [-105.691332, 38.166494], [-105.693215, 38.165738], [-105.69798, 38.167202], [-105.700414, 38.16918], [-105.701117, 38.171979], [-105.702195, 38.174203], [-105.705374, 38.176438], [-105.706848, 38.178152], [-105.70808, 38.180352], [-105.70831, 38.18186], [-105.712924, 38.183235], [-105.716053, 38.185273], [-105.717338, 38.188137], [-105.718833, 38.189835], [-105.721266, 38.191555], [-105.722049, 38.193449], [-105.727019, 38.199705], [-105.731511, 38.200998], [-105.732591, 38.20068], [-105.73333, 38.201743], [-105.73421, 38.205057], [-105.73581, 38.207207], [-105.736738, 38.209561], [-105.740698, 38.210283], [-105.744425, 38.213701], [-105.744806, 38.214603], [-105.748507, 38.21414], [-105.750563, 38.214213], [-105.753629, 38.216675], [-105.756026, 38.218127], [-105.756482, 38.218975], [-105.755886, 38.22203], [-105.756539, 38.22496], [-105.758199, 38.22657], [-105.75949, 38.228413], [-105.765605, 38.230803], [-105.767207, 38.231816], [-105.768232, 38.233763], [-105.77106, 38.234836], [-105.775454, 38.235849], [-105.77873, 38.237658], [-105.780933, 38.23914], [-105.783928, 38.239633], [-105.787887, 38.242056], [-105.789761, 38.24436], [-105.789211, 38.246278], [-105.789347, 38.249998], [-105.789143, 38.251824], [-105.79218, 38.254815], [-105.792744, 38.256294], [-105.794237, 38.257922], [-105.795665, 38.260139], [-105.796897, 38.265047], [-105.796855, 38.266326], [-105.797671, 38.266757], [-105.800013, 38.269922], [-105.803272, 38.270452], [-105.804015, 38.270891], [-105.806642, 38.270917], [-105.808435, 38.271837], [-105.810874, 38.2725], [-105.814604, 38.272668], [-105.817868, 38.273916], [-105.818973, 38.273597], [-105.820215, 38.274474], [-105.821474, 38.276117], [-105.824185, 38.277475], [-105.827123, 38.278568], [-105.828244, 38.28113], [-105.830769, 38.285062], [-105.832825, 38.286741], [-105.836366, 38.287892], [-105.837202, 38.288411], [-105.84083, 38.29246], [-105.84278, 38.293226], [-105.843387, 38.292413], [-105.845479, 38.291154], [-105.846169, 38.290204], [-105.848269, 38.29135], [-105.849631, 38.29312], [-105.850176, 38.294456], [-105.853233, 38.296412], [-105.858315, 38.298359], [-105.860738, 38.302499], [-105.861623, 38.303422], [-105.864981, 38.304653], [-105.866817, 38.3057], [-105.868474, 38.307796], [-105.868612, 38.308725], [-105.870112, 38.309392], [-105.872008, 38.310835], [-105.871944, 38.311302], [-105.87391, 38.315142], [-105.876376, 38.315951], [-105.876881, 38.31714], [-105.876718, 38.318802], [-105.877626, 38.319064], [-105.879292, 38.320628], [-105.87998, 38.321841], [-105.880044, 38.323222], [-105.881404, 38.324881], [-105.882247, 38.327492], [-105.883532, 38.328167], [-105.885142, 38.32889], [-105.885858, 38.330604], [-105.887058, 38.331706], [-105.88692, 38.332545], [-105.88876, 38.33436], [-105.888866, 38.337315], [-105.888291, 38.337886], [-105.888766, 38.340811], [-105.890765, 38.341374], [-105.892574, 38.343342], [-105.893478, 38.346292], [-105.894365, 38.346618], [-105.895423, 38.347412], [-105.897647, 38.350051], [-105.899831, 38.350721], [-105.902602, 38.352385], [-105.906307, 38.353268], [-105.908447, 38.354478], [-105.910236, 38.356413], [-105.910804, 38.359241], [-105.912489, 38.361539], [-105.916969, 38.362941], [-105.918406, 38.363874], [-105.919851, 38.367156], [-105.92407, 38.367936], [-105.924638, 38.368737], [-105.92701, 38.36872], [-105.93136, 38.369791], [-105.932624, 38.370432], [-105.93577, 38.373219], [-105.938536, 38.374074], [-105.940433, 38.376973], [-105.943614, 38.377999], [-105.944637, 38.378638], [-105.945432, 38.38274], [-105.947067, 38.385495], [-105.947606, 38.390526], [-105.949969, 38.392336], [-105.950654, 38.393733], [-105.955668, 38.394437], [-105.957172, 38.39518], [-105.959495, 38.397095], [-105.959945, 38.398023], [-105.95982, 38.401278], [-105.960669, 38.403095], [-105.963391, 38.40475], [-105.964721, 38.40626], [-105.967933, 38.408772], [-105.970226, 38.41004], [-105.973389, 38.409459], [-105.974647, 38.411115], [-105.976919, 38.41298], [-105.979222, 38.414127], [-105.98001, 38.415484], [-105.980409, 38.417277], [-105.9835, 38.419392], [-105.98395, 38.41999], [-105.987308, 38.418802], [-105.992008, 38.419569], [-105.993932, 38.419375], [-105.996768, 38.420303], [-105.997751, 38.422031], [-105.999788, 38.423622], [-106.000814, 38.425809], [-106.000303, 38.42702], [-106.001038, 38.429923], [-106.00193, 38.431466], [-106.006477, 38.432518], [-106.007934, 38.433715], [-106.008662, 38.435459], [-106.011016, 38.437231], [-106.012307, 38.438945], [-106.012789, 38.440777], [-106.012483, 38.442462], [-106.0127, 38.444124], [-106.012304, 38.445357], [-106.010751, 38.446566], [-106.015977, 38.447624], [-106.01768, 38.448693], [-106.016917, 38.451796], [-106.018054, 38.453687], [-106.019043, 38.454423], [-106.021489, 38.454469], [-106.02354, 38.453917], [-106.030665, 38.453538], [-106.033554, 38.454479], [-106.03601, 38.455115], [-106.041598, 38.457256], [-106.042771, 38.458267], [-106.043234, 38.457671], [-106.049091, 38.455272], [-106.050866, 38.454364], [-106.052074, 38.454221], [-106.055684, 38.45489], [-106.058571, 38.456945], [-106.06031, 38.454964], [-106.060043, 38.452737], [-106.062244, 38.45033], [-106.060378, 38.448818], [-106.059111, 38.448364], [-106.057982, 38.444691], [-106.058838, 38.443209], [-106.062089, 38.439384], [-106.062602, 38.4392], [-106.064046, 38.436654], [-106.065144, 38.435874], [-106.066402, 38.433796], [-106.068832, 38.432937], [-106.070226, 38.432005], [-106.069237, 38.431237], [-106.069773, 38.429875], [-106.071212, 38.429159], [-106.07213, 38.427387], [-106.074282, 38.426503], [-106.074555, 38.424979], [-106.076535, 38.423652], [-106.080137, 38.423538], [-106.084078, 38.422876], [-106.086068, 38.424113], [-106.087615, 38.42253], [-106.08813, 38.42228], [-106.100438, 38.422207], [-106.125571, 38.422092], [-106.128687, 38.422114], [-106.128984, 38.422105], [-106.129399, 38.422106], [-106.130646, 38.42211], [-106.131062, 38.422112], [-106.172975, 38.422394], [-106.176197, 38.422386], [-106.224616, 38.422693], [-106.24694, 38.422768], [-106.24791, 38.423959], [-106.248618, 38.426043], [-106.248384, 38.428156], [-106.249484, 38.433244], [-106.248141, 38.436029], [-106.245363, 38.439171], [-106.250103, 38.439556], [-106.253087, 38.441003], [-106.261333, 38.442355], [-106.266071, 38.441735], [-106.268555, 38.443543], [-106.270484, 38.44552], [-106.272152, 38.446389], [-106.274119, 38.446886], [-106.272247, 38.448776], [-106.27179, 38.452442], [-106.272655, 38.455196], [-106.277246, 38.454282], [-106.280609, 38.454337], [-106.283807, 38.456794], [-106.288532, 38.461373], [-106.289281, 38.462756], [-106.289138, 38.464328], [-106.290026, 38.466857], [-106.289396, 38.470465], [-106.290494, 38.471802], [-106.290332, 38.473253], [-106.292991, 38.474802], [-106.295598, 38.475586], [-106.29982, 38.475718], [-106.303015, 38.476957], [-106.304547, 38.478708], [-106.304121, 38.480052], [-106.306484, 38.482341], [-106.306809, 38.484141], [-106.30825, 38.485868], [-106.309297, 38.487963], [-106.309428, 38.489147], [-106.309422, 38.489463], [-106.309633, 38.490561], [-106.310535, 38.491228], [-106.311756, 38.494961], [-106.315546, 38.494477], [-106.31832, 38.495155], [-106.319883, 38.496883], [-106.320109, 38.497691], [-106.323024, 38.496944], [-106.326289, 38.497206], [-106.327844, 38.497329], [-106.330169, 38.49369], [-106.332465, 38.49453], [-106.336308, 38.49665], [-106.337741, 38.497862], [-106.338879, 38.49926], [-106.338962, 38.50081], [-106.341359, 38.502412], [-106.342824, 38.50288], [-106.34423, 38.50459], [-106.345425, 38.507134], [-106.345455, 38.50823], [-106.3466, 38.509661], [-106.347269, 38.511484], [-106.348108, 38.512499], [-106.345813, 38.51496], [-106.345044, 38.516671], [-106.343703, 38.51746], [-106.342597, 38.521537], [-106.344063, 38.522585], [-106.345032, 38.524494], [-106.346408, 38.526253], [-106.347131, 38.528761], [-106.350423, 38.53145], [-106.354185, 38.533384], [-106.354543, 38.536146], [-106.353706, 38.53922], [-106.354964, 38.542868], [-106.353584, 38.547133], [-106.353533, 38.549973], [-106.352034, 38.551691], [-106.350543, 38.552667], [-106.35083, 38.553777], [-106.350144, 38.555583], [-106.346641, 38.558864], [-106.347451, 38.561041], [-106.346681, 38.562783], [-106.346867, 38.565104], [-106.344619, 38.568564], [-106.347383, 38.572598], [-106.349877, 38.574764], [-106.350905, 38.576462], [-106.351673, 38.576905], [-106.351975, 38.578837], [-106.35342, 38.581467], [-106.3513, 38.58349], [-106.353139, 38.58518], [-106.355449, 38.587936], [-106.355951, 38.5901], [-106.357242, 38.591037], [-106.358188, 38.592713], [-106.361024, 38.594487], [-106.361235, 38.59588], [-106.359317, 38.599393], [-106.359822, 38.600605], [-106.362052, 38.602346], [-106.362608, 38.603493], [-106.364697, 38.605889], [-106.363646, 38.610224], [-106.363843, 38.613625], [-106.365251, 38.615899], [-106.369126, 38.618678], [-106.374393, 38.620791], [-106.37558, 38.621224], [-106.379149, 38.620118], [-106.382125, 38.621719], [-106.382641, 38.623416], [-106.384208, 38.623869], [-106.385368, 38.624995], [-106.385925, 38.626719], [-106.386269, 38.627783], [-106.385174, 38.632362], [-106.384177, 38.633827], [-106.381919, 38.635415], [-106.380362, 38.637057], [-106.379899, 38.638483], [-106.383164, 38.638922], [-106.385788, 38.638627], [-106.386632, 38.639656], [-106.38899, 38.640897], [-106.390164, 38.641034], [-106.392825, 38.640085], [-106.397267, 38.640297], [-106.398468, 38.639748], [-106.401189, 38.639702], [-106.402238, 38.642163], [-106.401507, 38.643076], [-106.401719, 38.645783], [-106.404184, 38.646732], [-106.407174, 38.647159], [-106.407944, 38.647679], [-106.411752, 38.647029], [-106.414676, 38.645407], [-106.417223, 38.644919], [-106.418164, 38.645188], [-106.420179, 38.6467], [-106.421804, 38.646789], [-106.424037, 38.648846], [-106.427139, 38.650673], [-106.429545, 38.651235], [-106.430159, 38.653468], [-106.429088, 38.65762], [-106.431317, 38.663289], [-106.43114, 38.665066], [-106.432209, 38.667921], [-106.43409, 38.668878], [-106.435907, 38.67115], [-106.436179, 38.673735], [-106.438072, 38.676635], [-106.437055, 38.678069], [-106.437032, 38.679375], [-106.437861, 38.6825], [-106.440176, 38.68687], [-106.445959, 38.688988], [-106.446183, 38.689832], [-106.448358, 38.692945], [-106.451054, 38.695365], [-106.451867, 38.698343], [-106.452126, 38.698777], [-106.450135, 38.70266], [-106.449421, 38.702945], [-106.448313, 38.704928], [-106.44553, 38.705533], [-106.444553, 38.706926], [-106.44468, 38.708037], [-106.443493, 38.709231], [-106.438142, 38.708631], [-106.434437, 38.709211], [-106.431656, 38.708708], [-106.429468, 38.709811], [-106.425275, 38.710307], [-106.424709, 38.712693], [-106.423222, 38.716166], [-106.422786, 38.718857], [-106.423467, 38.720847], [-106.419185, 38.723989], [-106.417431, 38.725675], [-106.416665, 38.727814], [-106.416752, 38.733756], [-106.418493, 38.735304], [-106.42005, 38.738805], [-106.418658, 38.739632], [-106.418011, 38.742028], [-106.418401, 38.74915], [-106.419637, 38.749995], [-106.419953, 38.751529], [-106.41728, 38.755426], [-106.415099, 38.757095], [-106.416149, 38.759237], [-106.416265, 38.761728], [-106.417143, 38.764435], [-106.419259, 38.766], [-106.418058, 38.76827], [-106.417452, 38.770474], [-106.416426, 38.770946], [-106.415498, 38.772441], [-106.415498, 38.774417], [-106.413816, 38.779093], [-106.414737, 38.780186], [-106.416033, 38.784101], [-106.416635, 38.785196], [-106.416586, 38.787623], [-106.414518, 38.789445], [-106.413091, 38.789999], [-106.41287, 38.790911], [-106.414363, 38.795203], [-106.415055, 38.799636], [-106.417911, 38.800691], [-106.418581, 38.802954], [-106.420666, 38.804149], [-106.422711, 38.807633], [-106.422432, 38.809296], [-106.421018, 38.810414], [-106.420551, 38.811609], [-106.416025, 38.813787], [-106.415045, 38.815282], [-106.415334, 38.819442], [-106.416263, 38.82385], [-106.411888, 38.825736], [-106.409307, 38.827888], [-106.406987, 38.829334], [-106.405284, 38.828398], [-106.403505, 38.826597], [-106.399021, 38.825298], [-106.397529, 38.823134], [-106.395024, 38.822393], [-106.391269, 38.82276], [-106.387848, 38.823804], [-106.383632, 38.824705], [-106.383589, 38.828504], [-106.382822, 38.831579], [-106.37902, 38.835132], [-106.378819, 38.836125], [-106.37601, 38.836416], [-106.374579, 38.837386], [-106.371525, 38.838075], [-106.370204, 38.838719], [-106.370126, 38.840485], [-106.368357, 38.842087], [-106.366442, 38.844681], [-106.364458, 38.846185], [-106.365371, 38.847606], [-106.365378, 38.851719], [-106.3643, 38.853419], [-106.362372, 38.853376], [-106.360566, 38.8538], [-106.356891, 38.855318], [-106.352693, 38.855634], [-106.349303, 38.854887], [-106.348906, 38.856338], [-106.349106, 38.858209], [-106.34898, 38.86191], [-106.34925, 38.864386], [-106.346982, 38.867213], [-106.34478, 38.868605], [-106.342674, 38.869351], [-106.340854, 38.870783], [-106.338819, 38.871723], [-106.336188, 38.87188], [-106.335846, 38.87229], [-106.336779, 38.874994], [-106.336068, 38.876313], [-106.335245, 38.87927], [-106.334344, 38.880057], [-106.334065, 38.881309], [-106.332483, 38.880696], [-106.330522, 38.881772], [-106.327505, 38.882297], [-106.326446, 38.884101], [-106.326697, 38.887318], [-106.326039, 38.888927], [-106.32471, 38.890515], [-106.323019, 38.891807], [-106.321313, 38.892599], [-106.320555, 38.894708], [-106.320863, 38.89586], [-106.322889, 38.898019], [-106.32472, 38.902929], [-106.324115, 38.904796], [-106.325118, 38.908009], [-106.324894, 38.908317], [-106.326099, 38.911004], [-106.327884, 38.911051], [-106.331056, 38.911695], [-106.334984, 38.911666], [-106.338128, 38.90872], [-106.344049, 38.907606], [-106.345241, 38.907067], [-106.34673, 38.9076], [-106.347334, 38.908467], [-106.351501, 38.909888], [-106.353035, 38.910936], [-106.357073, 38.912945], [-106.361544, 38.912339], [-106.365773, 38.909871], [-106.367482, 38.906917], [-106.372211, 38.906397], [-106.37344, 38.906608], [-106.376222, 38.909539], [-106.375745, 38.913039], [-106.376699, 38.915723], [-106.376495, 38.916772], [-106.377168, 38.917981], [-106.376982, 38.922674], [-106.38036, 38.924871], [-106.380836, 38.925685], [-106.382999, 38.923932], [-106.383451, 38.922964], [-106.386257, 38.922969], [-106.386913, 38.921121], [-106.388994, 38.919981], [-106.392344, 38.918775], [-106.392991, 38.917718], [-106.393386, 38.914427], [-106.393075, 38.913702], [-106.393959, 38.912249], [-106.399497, 38.911943], [-106.402124, 38.910617], [-106.403208, 38.910865], [-106.404977, 38.912669], [-106.406071, 38.912982], [-106.407602, 38.914762], [-106.412091, 38.915665], [-106.413166, 38.916268], [-106.414274, 38.918129], [-106.415627, 38.91853], [-106.41718, 38.920898], [-106.418244, 38.925396], [-106.418227, 38.92663], [-106.419354, 38.927677], [-106.421831, 38.928068], [-106.424952, 38.926095], [-106.427448, 38.925922], [-106.430262, 38.924909], [-106.432062, 38.923043], [-106.434333, 38.919999], [-106.434864, 38.918184], [-106.436953, 38.916317], [-106.437175, 38.914906], [-106.439333, 38.915458], [-106.44215, 38.915574], [-106.443705, 38.914652], [-106.446065, 38.913866], [-106.448005, 38.914362], [-106.449951, 38.913012], [-106.453808, 38.912755], [-106.457811, 38.910078], [-106.45873, 38.910108], [-106.461941, 38.911303], [-106.465032, 38.910354], [-106.467483, 38.91226], [-106.46901, 38.912394], [-106.470044, 38.913053], [-106.472209, 38.915927], [-106.474912, 38.916123], [-106.480905, 38.918643], [-106.48212, 38.92093], [-106.485652, 38.922108], [-106.487359, 38.923507], [-106.489938, 38.926316], [-106.490714, 38.929685], [-106.493856, 38.931089], [-106.496258, 38.93347], [-106.49876, 38.93469], [-106.500583, 38.934748], [-106.501793, 38.935293], [-106.502695, 38.936445], [-106.504371, 38.936849], [-106.505584, 38.939457], [-106.505839, 38.94292], [-106.505313, 38.9444], [-106.507162, 38.946092], [-106.508077, 38.94589], [-106.513195, 38.947487], [-106.515738, 38.948664], [-106.5167, 38.950347], [-106.518284, 38.951517], [-106.519877, 38.953969], [-106.52201, 38.953875], [-106.523122, 38.954445], [-106.526286, 38.955052], [-106.528511, 38.959883], [-106.525845, 38.963124], [-106.524056, 38.964205], [-106.523147, 38.965535], [-106.521861, 38.968666], [-106.524423, 38.971093], [-106.524626, 38.972316], [-106.526287, 38.976588], [-106.528389, 38.980727], [-106.53202, 38.981386], [-106.534179, 38.982292], [-106.536053, 38.983491], [-106.54215, 38.988277], [-106.544267, 38.989144], [-106.546762, 38.991078], [-106.550163, 38.991545], [-106.551234, 38.992075], [-106.552183, 38.993476], [-106.554211, 38.998711], [-106.556184, 38.99812], [-106.559101, 38.998624], [-106.560427, 38.998232], [-106.561554, 38.997004], [-106.562855, 38.996403], [-106.566129, 38.993792], [-106.568522, 38.994478], [-106.574721, 38.992821], [-106.577161, 38.990444], [-106.579523, 38.991702], [-106.58094, 38.99197], [-106.582769, 38.991476], [-106.585595, 38.992697], [-106.586802, 38.992694], [-106.590433, 38.991271], [-106.594153, 38.990936], [-106.595509, 38.991277], [-106.599214, 38.997994], [-106.598297, 38.998744], [-106.59543, 39.002132], [-106.594455, 39.004185], [-106.594701, 39.007568], [-106.595162, 39.010305], [-106.594954, 39.013752], [-106.595179, 39.01686], [-106.594921, 39.020809], [-106.591692, 39.024923], [-106.592596, 39.027627], [-106.594377, 39.029959], [-106.597941, 39.031666], [-106.599516, 39.033788], [-106.598936, 39.036768], [-106.597797, 39.039249], [-106.597233, 39.044821], [-106.594964, 39.045397], [-106.589133, 39.045582], [-106.584245, 39.047187], [-106.58073, 39.048717], [-106.577551, 39.05321], [-106.578023, 39.056254], [-106.577966, 39.057908], [-106.57763, 39.060598], [-106.576862, 39.063369], [-106.57723, 39.066154], [-106.577587, 39.072758], [-106.579524, 39.075574], [-106.579456, 39.077536], [-106.577076, 39.079437], [-106.580107, 39.081751], [-106.583238, 39.082959], [-106.584916, 39.08483], [-106.586338, 39.087743], [-106.586107, 39.090578], [-106.586157, 39.09405], [-106.583781, 39.097904], [-106.580311, 39.102164], [-106.576586, 39.104001], [-106.573344, 39.104424], [-106.570627, 39.104193], [-106.570161, 39.103515], [-106.568933, 39.104009], [-106.568439, 39.105205], [-106.566983, 39.105061], [-106.563989, 39.106041], [-106.563321, 39.107268], [-106.563995, 39.108595], [-106.564696, 39.10908], [-106.564538, 39.111979], [-106.564986, 39.114007], [-106.563895, 39.115748], [-106.560667, 39.117898], [-106.558171, 39.120223], [-106.558325, 39.124237], [-106.559287, 39.124656], [-106.559073, 39.125799], [-106.560179, 39.127122], [-106.560414, 39.128448], [-106.563726, 39.131199], [-106.564574, 39.132422], [-106.564244, 39.134237], [-106.563109, 39.134715], [-106.562486, 39.135898], [-106.560536, 39.137824], [-106.5595, 39.139684], [-106.559643, 39.140881], [-106.558679, 39.143847], [-106.560251, 39.145342], [-106.561045, 39.14777], [-106.560706, 39.14952], [-106.562177, 39.150676], [-106.562631, 39.151947], [-106.561265, 39.155677], [-106.557186, 39.15671], [-106.556364, 39.157949], [-106.551677, 39.161465], [-106.548626, 39.16055], [-106.545022, 39.158872], [-106.542884, 39.158882], [-106.541354, 39.158307], [-106.538526, 39.157894], [-106.536112, 39.159437], [-106.535777, 39.162585], [-106.535138, 39.163146], [-106.532634, 39.162468], [-106.531288, 39.161224], [-106.527357, 39.161021], [-106.52402, 39.158754], [-106.520942, 39.157353], [-106.519299, 39.158602], [-106.518913, 39.159698], [-106.516374, 39.160336], [-106.513862, 39.162258], [-106.511077, 39.163532], [-106.508614, 39.166681], [-106.508473, 39.168142], [-106.509047, 39.168873], [-106.508744, 39.169993], [-106.509511, 39.171928], [-106.51, 39.174653], [-106.508216, 39.177323], [-106.508208, 39.178049], [-106.506726, 39.178815], [-106.504803, 39.17902], [-106.502649, 39.180419], [-106.499607, 39.183848], [-106.498991, 39.186217], [-106.498317, 39.192014], [-106.497735, 39.193222], [-106.495836, 39.19441], [-106.493649, 39.198326], [-106.4946, 39.200148], [-106.493779, 39.206367], [-106.494954, 39.208541], [-106.494854, 39.210091], [-106.493619, 39.213328], [-106.492943, 39.215858], [-106.49387, 39.218728], [-106.493394, 39.220103], [-106.491951, 39.220698], [-106.491258, 39.222793], [-106.49226, 39.225195], [-106.491818, 39.226102], [-106.489749, 39.227718], [-106.490215, 39.228335], [-106.492721, 39.229408], [-106.495094, 39.231918], [-106.497257, 39.232978], [-106.49874, 39.234931], [-106.497993, 39.239487], [-106.49746, 39.240524], [-106.497649, 39.242022], [-106.496778, 39.243321], [-106.493972, 39.244952], [-106.489103, 39.248537], [-106.488251, 39.249264], [-106.48633, 39.253555], [-106.48309, 39.255249], [-106.482977, 39.258018], [-106.481226, 39.259167], [-106.48106, 39.259888], [-106.482812, 39.261474], [-106.483138, 39.263394], [-106.483206, 39.263914], [-106.48407, 39.265396], [-106.483417, 39.268852], [-106.483722, 39.271702], [-106.483292, 39.272669], [-106.489829, 39.27314], [-106.491056, 39.274023], [-106.4913, 39.274986], [-106.492777, 39.276276], [-106.493229, 39.277632], [-106.495322, 39.278702], [-106.498544, 39.279325], [-106.499926, 39.281673], [-106.502436, 39.283323], [-106.504031, 39.284761], [-106.504308, 39.287069], [-106.504581, 39.287362], [-106.502867, 39.289993], [-106.503597, 39.293609], [-106.503561, 39.295051], [-106.50269, 39.298067], [-106.501647, 39.299818], [-106.499898, 39.301483], [-106.496178, 39.302845], [-106.494234, 39.303079], [-106.492515, 39.303996], [-106.492604, 39.305737], [-106.49185, 39.30662], [-106.488148, 39.309014], [-106.487431, 39.30897], [-106.486399, 39.311471], [-106.485121, 39.312566], [-106.478763, 39.314221], [-106.476224, 39.314748], [-106.476205, 39.312498], [-106.475377, 39.311027], [-106.474299, 39.310303], [-106.472878, 39.308423], [-106.470726, 39.307887], [-106.46956, 39.30814], [-106.468272, 39.307315], [-106.468071, 39.308342], [-106.466964, 39.309248], [-106.466809, 39.310412], [-106.465512, 39.311579], [-106.463382, 39.311494], [-106.461482, 39.312614], [-106.459076, 39.313041], [-106.455865, 39.312135], [-106.454219, 39.312259], [-106.452746, 39.314292], [-106.452389, 39.315669], [-106.450652, 39.316698], [-106.448472, 39.316694], [-106.445825, 39.315495], [-106.44254, 39.315291], [-106.439771, 39.317321], [-106.438223, 39.316854], [-106.434514, 39.317102], [-106.43246, 39.316353], [-106.430422, 39.319378], [-106.428017, 39.32145], [-106.428001, 39.322426], [-106.426947, 39.323355], [-106.428071, 39.327047], [-106.428703, 39.328182], [-106.428663, 39.332555], [-106.429438, 39.334389], [-106.428676, 39.335402], [-106.432282, 39.335956], [-106.433548, 39.337492], [-106.433804, 39.339343], [-106.434931, 39.341099], [-106.43536, 39.343972], [-106.435104, 39.347275], [-106.433669, 39.351114], [-106.433954, 39.351658], [-106.43348, 39.354174], [-106.430785, 39.357114], [-106.429428, 39.358032], [-106.428971, 39.359975], [-106.426487, 39.361871], [-106.452794, 39.361849], [-106.463628, 39.36184], [-106.469452, 39.361836], [-106.489684, 39.361835], [-106.500587, 39.362319], [-106.509214, 39.362298], [-106.509864, 39.363568], [-106.511387, 39.364659], [-106.512351, 39.366445], [-106.515663, 39.367951], [-106.516689, 39.369664], [-106.516158, 39.371946], [-106.517786, 39.375373], [-106.518683, 39.376597], [-106.520298, 39.380382], [-106.522981, 39.38172], [-106.523491, 39.383851], [-106.522987, 39.38583], [-106.523611, 39.388003], [-106.523256, 39.38979], [-106.523961, 39.393417], [-106.523824, 39.393932], [-106.535509, 39.398797], [-106.543112, 39.401888], [-106.542963, 39.403731], [-106.543573, 39.406097], [-106.542537, 39.408125], [-106.544358, 39.41075], [-106.544395, 39.413593], [-106.546593, 39.416619], [-106.548392, 39.418049], [-106.549826, 39.419886], [-106.553174, 39.421362], [-106.556353, 39.422488], [-106.557157, 39.423242], [-106.559146, 39.428098], [-106.561086, 39.42982], [-106.578429, 39.436991], [-106.591501, 39.442516], [-106.592179, 39.44292], [-106.616809, 39.457625], [-106.618684, 39.456956], [-106.622135, 39.456781], [-106.624679, 39.458309], [-106.626964, 39.458952], [-106.631145, 39.459338], [-106.634943, 39.460842], [-106.63702, 39.461104], [-106.639277, 39.460512], [-106.641564, 39.460949], [-106.64261, 39.462259], [-106.646416, 39.464231], [-106.649818, 39.463354], [-106.651175, 39.462693], [-106.65272, 39.463172], [-106.654624, 39.460589], [-106.655541, 39.460018], [-106.657582, 39.460818], [-106.659652, 39.460905], [-106.660775, 39.4597], [-106.663786, 39.460225], [-106.667639, 39.459971], [-106.668652, 39.459569], [-106.666298, 39.459315], [-106.664991, 39.458613], [-106.663763, 39.458765], [-106.662457, 39.457631], [-106.661313, 39.45789], [-106.658753, 39.45604], [-106.660577, 39.456182], [-106.66288, 39.455337], [-106.668384, 39.455618], [-106.672514, 39.456316], [-106.675142, 39.456333], [-106.679895, 39.458134], [-106.680872, 39.458178], [-106.686547, 39.456481], [-106.690025, 39.454746], [-106.69295, 39.45166], [-106.693594, 39.45139], [-106.698088, 39.452959], [-106.698626, 39.453756], [-106.700351, 39.454425], [-106.701739, 39.456071], [-106.704066, 39.456632], [-106.706179, 39.456087], [-106.704621, 39.456065], [-106.70593, 39.455866], [-106.707463, 39.45633], [-106.708846, 39.45822], [-106.710512, 39.458844], [-106.71193, 39.460246], [-106.716385, 39.462289], [-106.718063, 39.463409], [-106.722805, 39.465284], [-106.728085, 39.469161], [-106.728546, 39.470849], [-106.728137, 39.472197], [-106.728119, 39.474756], [-106.728714, 39.475765], [-106.72885, 39.477511], [-106.72815, 39.47852], [-106.728549, 39.479894], [-106.730523, 39.48028], [-106.732579, 39.481159], [-106.736518, 39.481515], [-106.737784, 39.482209], [-106.740291, 39.485017], [-106.742259, 39.486069], [-106.743557, 39.487293], [-106.746211, 39.488784], [-106.74713, 39.489753], [-106.750592, 39.495363], [-106.751638, 39.496603], [-106.753014, 39.497656], [-106.752246, 39.499986], [-106.752284, 39.501442], [-106.751566, 39.506117], [-106.751385, 39.506853], [-106.753112, 39.508919], [-106.753572, 39.510468], [-106.751734, 39.5129], [-106.75308, 39.514141], [-106.753149, 39.516316], [-106.751389, 39.517765], [-106.75092, 39.519286], [-106.751095, 39.521419], [-106.749232, 39.524455], [-106.749414, 39.527056], [-106.749991, 39.527813], [-106.750591, 39.530407], [-106.751212, 39.53102], [-106.751246, 39.53329], [-106.753285, 39.537593], [-106.752661, 39.539144], [-106.752664, 39.53926], [-106.753975, 39.540042], [-106.756129, 39.543758], [-106.757754, 39.545454], [-106.760918, 39.549542], [-106.762044, 39.552174], [-106.763053, 39.552951], [-106.76316, 39.553959], [-106.762088, 39.555768], [-106.763759, 39.560149], [-106.763668, 39.561592], [-106.764324, 39.56269], [-106.763951, 39.566836], [-106.763552, 39.567861], [-106.763295, 39.571437], [-106.763203, 39.574251], [-106.762675, 39.575477], [-106.762433, 39.578309], [-106.761081, 39.581265], [-106.760495, 39.591273], [-106.761292, 39.595672], [-106.760685, 39.595722], [-106.760221, 39.593215], [-106.758542, 39.593249], [-106.75443, 39.590804], [-106.752637, 39.588492], [-106.750109, 39.587622], [-106.746235, 39.585378], [-106.74414, 39.584419], [-106.743261, 39.582902], [-106.741292, 39.580553], [-106.740151, 39.579642], [-106.737588, 39.579094], [-106.735196, 39.579851], [-106.734141, 39.580939], [-106.732401, 39.581217], [-106.731862, 39.581991], [-106.733294, 39.582015], [-106.731251, 39.58364], [-106.729482, 39.583675], [-106.728164, 39.582632], [-106.722361, 39.582438], [-106.721639, 39.581981], [-106.719332, 39.582862], [-106.717215, 39.582974], [-106.716028, 39.582514], [-106.714221, 39.583352], [-106.711866, 39.582747], [-106.710664, 39.583134], [-106.705785, 39.588147], [-106.704954, 39.586686], [-106.703634, 39.585555], [-106.699446, 39.584803], [-106.696991, 39.585281], [-106.692087, 39.585424], [-106.689731, 39.584567], [-106.68785, 39.583052], [-106.686594, 39.581053], [-106.685196, 39.580152], [-106.682613, 39.581229], [-106.678412, 39.579219], [-106.676858, 39.577527], [-106.67475, 39.576044], [-106.672125, 39.574946], [-106.67187, 39.574446], [-106.668164, 39.572744], [-106.668052, 39.595109], [-106.705196, 39.595083], [-106.70529, 39.600924], [-106.74299, 39.601464], [-106.742909, 39.610703], [-106.740885, 39.610796], [-106.737413, 39.611584], [-106.736213, 39.611387], [-106.735083, 39.61202], [-106.735811, 39.610131], [-106.734461, 39.609108], [-106.729531, 39.608989], [-106.724316, 39.611501], [-106.723635, 39.612621], [-106.722171, 39.613138], [-106.720856, 39.615174], [-106.719161, 39.615817], [-106.716899, 39.615744], [-106.712005, 39.616316], [-106.711445, 39.615173], [-106.710378, 39.615007], [-106.709698, 39.613811], [-106.705583, 39.614446], [-106.702178, 39.615325], [-106.69964, 39.616852], [-106.695333, 39.618868], [-106.695321, 39.619464], [-106.696774, 39.619903], [-106.696228, 39.621075], [-106.697986, 39.622374], [-106.699176, 39.622762], [-106.696534, 39.623104], [-106.696325, 39.623925], [-106.698673, 39.625842], [-106.699713, 39.627965], [-106.699769, 39.629624], [-106.699082, 39.632006], [-106.700641, 39.6327], [-106.701878, 39.631497], [-106.705259, 39.630024], [-106.705286, 39.624346], [-106.709012, 39.624066], [-106.717718, 39.624097], [-106.730383, 39.624129], [-106.730398, 39.627977], [-106.728297, 39.629098], [-106.726061, 39.63124], [-106.724549, 39.631548], [-106.72237, 39.633344], [-106.723399, 39.634003], [-106.727319, 39.633497], [-106.728655, 39.633749], [-106.730138, 39.633315], [-106.728599, 39.636143], [-106.73002, 39.637483], [-106.731604, 39.637795], [-106.730384, 39.639943], [-106.728829, 39.640333], [-106.727189, 39.64192], [-106.729213, 39.641843], [-106.730016, 39.641282], [-106.732416, 39.641243], [-106.732829, 39.642918], [-106.734209, 39.645855], [-106.735418, 39.647755], [-106.735136, 39.650698], [-106.73861, 39.65151], [-106.741465, 39.651184], [-106.74337, 39.652024], [-106.744336, 39.652847], [-106.744528, 39.652863], [-106.744812, 39.652957], [-106.744983, 39.652967], [-106.745317, 39.652885], [-106.745587, 39.652885], [-106.745885, 39.652917], [-106.746119, 39.653005], [-106.746483, 39.653263], [-106.746688, 39.653296], [-106.747235, 39.653252], [-106.747789, 39.653021], [-106.747945, 39.653032], [-106.748116, 39.653114], [-106.748422, 39.65335], [-106.748791, 39.653372], [-106.748947, 39.653405], [-106.749061, 39.653504], [-106.749495, 39.653729], [-106.749609, 39.653827], [-106.749659, 39.653997], [-106.750028, 39.654381], [-106.750156, 39.654722], [-106.75027, 39.654782], [-106.750504, 39.654815], [-106.750589, 39.65476], [-106.751283, 39.654662], [-106.752285, 39.654399], [-106.752619, 39.654415], [-106.752789, 39.654476], [-106.752995, 39.654624], [-106.753194, 39.654855], [-106.753592, 39.655234], [-106.753776, 39.655344], [-106.753997, 39.655366], [-106.754231, 39.655465], [-106.75448, 39.655405], [-106.754941, 39.65535], [-106.755105, 39.65535], [-106.755681, 39.655422], [-106.755936, 39.655427], [-106.756128, 39.655367], [-106.756277, 39.655241], [-106.756434, 39.655032], [-106.756682, 39.654829], [-106.757152, 39.654555], [-106.757627, 39.654484], [-106.75782, 39.654528], [-106.758167, 39.654698], [-106.758558, 39.655033], [-106.758828, 39.655138], [-106.759588, 39.655237], [-106.759815, 39.655336], [-106.759986, 39.655523], [-106.760233, 39.655676], [-106.760461, 39.65571], [-106.761541, 39.655677], [-106.762088, 39.655683], [-106.762699, 39.655634], [-106.763111, 39.655568], [-106.76346, 39.655442], [-106.763871, 39.655173], [-106.764405, 39.654706], [-106.764661, 39.654569], [-106.765051, 39.654514], [-106.765833, 39.654476], [-106.766344, 39.654433], [-106.766984, 39.654279], [-106.767318, 39.654147], [-106.767623, 39.654076], [-106.767865, 39.654049], [-106.768988, 39.653873], [-106.769768, 39.653742], [-106.770167, 39.653638], [-106.771325, 39.65349], [-106.771793, 39.653413], [-106.772085, 39.653265], [-106.772589, 39.652892], [-106.772732, 39.65282], [-106.773314, 39.652656], [-106.774352, 39.652651], [-106.775261, 39.652629], [-106.775773, 39.652552], [-106.776334, 39.652503], [-106.777662, 39.652289], [-106.778223, 39.652262], [-106.779118, 39.652152], [-106.779388, 39.652109], [-106.779843, 39.652076], [-106.780198, 39.652076], [-106.781178, 39.652016], [-106.781626, 39.651977], [-106.781981, 39.651983], [-106.782734, 39.652131], [-106.783125, 39.65228], [-106.783296, 39.652423], [-106.783444, 39.652598], [-106.783487, 39.652796], [-106.78353, 39.653367], [-106.783629, 39.653647], [-106.783764, 39.653878], [-106.784104, 39.654021], [-106.784424, 39.654202], [-106.78495, 39.654372], [-106.78522, 39.654411], [-106.78561, 39.65434], [-106.785966, 39.65418], [-106.786115, 39.653988], [-106.78647, 39.653747], [-106.78706, 39.653516], [-106.787507, 39.65339], [-106.787792, 39.65333], [-106.78814, 39.653308], [-106.789134, 39.653407], [-106.789795, 39.653396], [-106.790079, 39.653369], [-106.790605, 39.653374], [-106.790846, 39.653435], [-106.791407, 39.653632], [-106.791755, 39.65377], [-106.792075, 39.653929], [-106.7928, 39.654379], [-106.793397, 39.654665], [-106.79363, 39.654824], [-106.794057, 39.655258], [-106.794369, 39.655467], [-106.794526, 39.655506], [-106.796813, 39.655758], [-106.798603, 39.656516], [-106.799306, 39.657741], [-106.798262, 39.658691], [-106.798226, 39.658866], [-106.797992, 39.659355], [-106.797892, 39.659685], [-106.797934, 39.659915], [-106.798098, 39.660086], [-106.798361, 39.660229], [-106.798614, 39.660283], [-106.798838, 39.660296], [-106.799174, 39.660269], [-106.800206, 39.66005], [-106.800378, 39.659994], [-106.800597, 39.659994], [-106.801323, 39.660177], [-106.801617, 39.66012], [-106.802119, 39.659824], [-106.802442, 39.659738], [-106.802825, 39.659583], [-106.803211, 39.659481], [-106.803967, 39.659461], [-106.804242, 39.659386], [-106.804723, 39.659333], [-106.804944, 39.659231], [-106.805235, 39.659026], [-106.805507, 39.659037], [-106.805852, 39.659161], [-106.806028, 39.659421], [-106.806137, 39.659461], [-106.806558, 39.659465], [-106.807128, 39.659301], [-106.807343, 39.659302], [-106.807534, 39.659208], [-106.807764, 39.65901], [-106.807933, 39.658625], [-106.808151, 39.658422], [-106.808878, 39.658213], [-106.809077, 39.658123], [-106.809398, 39.657895], [-106.809874, 39.657731], [-106.81025, 39.65767], [-106.810637, 39.657687], [-106.811384, 39.657813], [-106.811554, 39.657784], [-106.811939, 39.657578], [-106.812167, 39.657307], [-106.812535, 39.656975], [-106.812748, 39.6567], [-106.812817, 39.656407], [-106.812964, 39.65637], [-106.813008, 39.656455], [-106.813084, 39.656809], [-106.813069, 39.656954], [-106.812953, 39.657309], [-106.81263, 39.657815], [-106.812363, 39.658127], [-106.812049, 39.658642], [-106.812071, 39.658724], [-106.812294, 39.658736], [-106.812508, 39.65866], [-106.81293, 39.658464], [-106.813386, 39.658337], [-106.813687, 39.658228], [-106.814234, 39.657964], [-106.814425, 39.657852], [-106.814591, 39.657694], [-106.814758, 39.654029], [-106.815373, 39.655138], [-106.816919, 39.655207], [-106.818499, 39.653417], [-106.822338, 39.651937], [-106.823072, 39.651577], [-106.824112, 39.649717], [-106.824029, 39.648684], [-106.822684, 39.647933], [-106.819598, 39.647613], [-106.819037, 39.646553], [-106.813684, 39.646574], [-106.81372, 39.643135], [-106.813349, 39.643134], [-106.793839, 39.643104], [-106.793833, 39.639934], [-106.793568, 39.639866], [-106.793086, 39.639854], [-106.792922, 39.639882], [-106.792723, 39.639942], [-106.792553, 39.639959], [-106.792418, 39.639926], [-106.792319, 39.639854], [-106.792233, 39.639734], [-106.792077, 39.63964], [-106.791914, 39.639613], [-106.791758, 39.639574], [-106.791623, 39.639492], [-106.791559, 39.639448], [-106.791481, 39.639426], [-106.791458, 39.639402], [-106.783753, 39.639381], [-106.783759, 39.638177], [-106.783766, 39.636775], [-106.783816, 39.626315], [-106.786251, 39.626976], [-106.788642, 39.628779], [-106.792225, 39.629457], [-106.793782, 39.629862], [-106.79424, 39.629987], [-106.794209, 39.629217], [-106.793527, 39.628373], [-106.793184, 39.62686], [-106.790848, 39.625093], [-106.78871, 39.625014], [-106.788557, 39.621549], [-106.783563, 39.621502], [-106.783564, 39.620358], [-106.783566, 39.617767], [-106.801281, 39.617692], [-106.803999, 39.617682], [-106.804052, 39.610308], [-106.816383, 39.610192], [-106.818747, 39.610209], [-106.818864, 39.623206], [-106.818925, 39.625058], [-106.82377, 39.625032], [-106.823773, 39.628598], [-106.828579, 39.6286], [-106.828599, 39.632301], [-106.833701, 39.632079], [-106.833615, 39.639085], [-106.838097, 39.6391], [-106.838155, 39.642852], [-106.842555, 39.643729], [-106.843415, 39.64389], [-106.845544, 39.645727], [-106.844731, 39.645781], [-106.845155, 39.646501], [-106.846365, 39.648554], [-106.845249, 39.648363], [-106.843665, 39.648462], [-106.843696, 39.64867], [-106.843624, 39.652854], [-106.84139, 39.65262], [-106.840909, 39.654051], [-106.841341, 39.654099], [-106.841104, 39.654336], [-106.845438, 39.654981], [-106.847672, 39.654568], [-106.852313, 39.652708], [-106.855898, 39.652564], [-106.863846, 39.653906], [-106.866903, 39.654127], [-106.869303, 39.653928], [-106.875562, 39.652883], [-106.8748, 39.652658], [-106.874482, 39.652282], [-106.874682, 39.651762], [-106.87433, 39.651152], [-106.875077, 39.648128], [-106.875132, 39.647866], [-106.875154, 39.647766], [-106.874599, 39.647708], [-106.873469, 39.647341], [-106.872886, 39.647352], [-106.872333, 39.647539], [-106.871878, 39.647951], [-106.871446, 39.648594], [-106.870764, 39.649192], [-106.869829, 39.649474], [-106.869067, 39.649682], [-106.868549, 39.649995], [-106.868358, 39.650682], [-106.868187, 39.650781], [-106.865765, 39.650738], [-106.864061, 39.650645], [-106.863009, 39.650816], [-106.862396, 39.651121], [-106.861851, 39.650957], [-106.861224, 39.650461], [-106.861218, 39.650103], [-106.860626, 39.649747], [-106.861181, 39.648297], [-106.86545, 39.648054], [-106.867824, 39.647591], [-106.868023, 39.64541], [-106.870321, 39.645388], [-106.870323, 39.641366], [-106.870539, 39.641372], [-106.874534, 39.641288], [-106.886612, 39.641713], [-106.886623, 39.638667], [-106.891256, 39.638663], [-106.891307, 39.635016], [-106.892684, 39.635011], [-106.892683, 39.631151], [-106.889122, 39.631151], [-106.888745, 39.627501], [-106.883963, 39.627868], [-106.884001, 39.62575], [-106.884017, 39.624247], [-106.88476, 39.624245], [-106.884778, 39.617016], [-106.889446, 39.617016], [-106.889438, 39.624265], [-106.893371, 39.623898], [-106.897416, 39.623861], [-106.905909, 39.630904], [-106.906374, 39.630876], [-106.906796, 39.630819], [-106.907392, 39.62747], [-106.913844, 39.627424], [-106.913833, 39.631007], [-106.916106, 39.630988], [-106.916135, 39.629616], [-106.914754, 39.627026], [-106.919354, 39.627027], [-106.919352, 39.627321], [-106.925643, 39.627222], [-106.92561, 39.638191], [-106.930193, 39.638175], [-106.930193, 39.634553], [-106.936846, 39.634493], [-106.937855, 39.634507], [-106.939617, 39.634536], [-106.939623, 39.619758], [-106.944386, 39.61978], [-106.944378, 39.615054], [-106.944369, 39.609582], [-106.943223, 39.610245], [-106.94169, 39.61], [-106.938029, 39.610119], [-106.938136, 39.595184], [-106.937304, 39.594778], [-106.91935, 39.595334], [-106.919652, 39.580706], [-106.922519, 39.580699], [-106.922558, 39.580722], [-106.926351, 39.582731], [-106.927016, 39.583621], [-106.929573, 39.585119], [-106.931875, 39.585829], [-106.935284, 39.585469], [-106.935284, 39.583643], [-106.939996, 39.583601], [-106.940009, 39.583316], [-106.939993, 39.580661], [-106.940002, 39.579869], [-106.949488, 39.579809], [-106.958719, 39.579735], [-106.958806, 39.583366], [-106.966063, 39.583273], [-106.967188, 39.583253], [-106.967688, 39.583245], [-106.96826, 39.583234], [-106.968231, 39.58644], [-106.972536, 39.586435], [-106.972543, 39.586971], [-106.972593, 39.592159], [-106.972581, 39.593993], [-106.971276, 39.594025], [-106.970116, 39.594053], [-106.968879, 39.594082], [-106.969051, 39.594376], [-106.96901, 39.595008], [-106.969273, 39.595661], [-106.969498, 39.596585], [-106.969554, 39.597341], [-106.969405, 39.599884], [-106.968887, 39.601157], [-106.968528, 39.601791], [-106.968332, 39.604353], [-106.968007, 39.605188], [-106.96723, 39.606147], [-106.966963, 39.606602], [-106.96688, 39.60736], [-106.967323, 39.60743], [-106.968012, 39.608656], [-106.967876, 39.613189], [-106.966578, 39.615598], [-106.963684, 39.615712], [-106.963299, 39.617017], [-106.963434, 39.618886], [-106.961661, 39.61889], [-106.961165, 39.619634], [-106.958531, 39.6197], [-106.958615, 39.625306], [-106.958628, 39.625925], [-106.958639, 39.626965], [-106.963274, 39.626959], [-106.963146, 39.638119], [-106.973106, 39.638179], [-106.975664, 39.638184], [-106.97564, 39.652292], [-106.975838, 39.653177], [-106.975526, 39.653952], [-106.97299, 39.653689], [-106.972031, 39.653371], [-106.97203, 39.653622], [-106.97203, 39.655191], [-106.973802, 39.655291], [-106.975579, 39.655267], [-106.977255, 39.655139], [-106.978561, 39.654962], [-106.978753, 39.65493], [-106.979308, 39.654831], [-106.982423, 39.653648], [-106.983191, 39.653206], [-106.983566, 39.653182], [-106.983731, 39.653204], [-106.985624, 39.652448], [-106.985412, 39.652131], [-106.986591, 39.651662], [-106.986841, 39.651559], [-106.987213, 39.651413], [-106.987293, 39.65138], [-106.988066, 39.651071], [-106.988252, 39.650996], [-106.988339, 39.651124], [-106.988384, 39.651194], [-106.988438, 39.651271], [-106.988464, 39.651314], [-106.988686, 39.651225], [-106.988901, 39.65114], [-106.990869, 39.650353], [-106.991335, 39.650307], [-106.992921, 39.649672], [-106.9938, 39.649021], [-106.993975, 39.648894], [-106.994058, 39.648834], [-106.994802, 39.648655], [-106.995167, 39.648572], [-106.995371, 39.648524], [-106.99548, 39.648498], [-106.995538, 39.648485], [-106.995861, 39.648261], [-106.995861, 39.648086], [-106.99586, 39.647442], [-106.99586, 39.647302], [-106.995861, 39.647219], [-106.995861, 39.647143], [-106.995857, 39.646711], [-106.995857, 39.646663], [-106.995857, 39.646615], [-106.995857, 39.64647], [-106.995942, 39.64647], [-107.000764, 39.646473], [-107.001181, 39.646473], [-107.001796, 39.646473], [-107.002971, 39.646476], [-107.004303, 39.646478], [-107.004818, 39.646479], [-107.005388, 39.646478], [-107.006855, 39.646479], [-107.00848, 39.646482], [-107.014517, 39.646481], [-107.014517, 39.646914], [-107.014517, 39.647078], [-107.014518, 39.647234], [-107.014518, 39.647405], [-107.017717, 39.646246], [-107.023194, 39.644652], [-107.027779, 39.644067], [-107.027691, 39.644297], [-107.027556, 39.644626], [-107.025473, 39.647991], [-107.038093, 39.648258], [-107.038102, 39.648311], [-107.04122, 39.649472], [-107.045785, 39.651487], [-107.056569, 39.651923], [-107.058816, 39.654679], [-107.060677, 39.654276], [-107.061098, 39.654185], [-107.061838, 39.654025], [-107.064113, 39.653126], [-107.066723, 39.65195], [-107.07824, 39.645428], [-107.078118, 39.645268], [-107.078104, 39.645073], [-107.080157, 39.644048], [-107.083104, 39.641894], [-107.085927, 39.639905], [-107.092131, 39.637615], [-107.099096, 39.634513], [-107.100509, 39.633712], [-107.102098, 39.632151], [-107.103067, 39.629716], [-107.103286, 39.627672], [-107.104691, 39.626158], [-107.106454, 39.62566], [-107.108913, 39.625682], [-107.113872, 39.62489], [-107.113869, 39.625095], [-107.113571, 39.634191], [-107.113503, 39.640506], [-107.113477, 39.66132], [-107.113444, 39.684506], [-107.113437, 39.699188], [-107.11349, 39.712176], [-107.113533, 39.722095], [-107.113555, 39.727179], [-107.113571, 39.731434], [-107.113559, 39.737646], [-107.113539, 39.747628], [-107.113536, 39.750843], [-107.113544, 39.765577], [-107.113544, 39.773252], [-107.113553, 39.776825], [-107.113539, 39.804008], [-107.113528, 39.813158], [-107.113529, 39.813589], [-107.113548, 39.866761], [-107.11364, 39.875027], [-107.113658, 39.899593], [-107.113596, 39.900386], [-107.113672, 39.919112], [-107.052502, 39.918924], [-107.041242, 39.91888], [-107.033968, 39.918913], [-107.032171, 39.939669], [-107.032428, 39.952628], [-107.032441, 39.953347], [-107.032648, 39.963725], [-107.031772, 39.963727], [-107.031971, 39.983894], [-107.03205, 40.002939], [-107.037359, 40.003081], [-107.037248, 40.053607], [-107.037276, 40.055346], [-107.037295, 40.056561], [-107.037326, 40.072746], [-107.037363, 40.091538], [-107.037416, 40.111016], [-107.037633, 40.125038], [-107.037677, 40.164253], [-107.037686, 40.165617], [-107.038401, 40.165645], [-107.038227, 40.175747], [-107.037991, 40.202844], [-107.037806, 40.20979], [-107.037923, 40.224766], [-107.037928, 40.225372], [-107.040388, 40.225457], [-107.047149, 40.225219], [-107.056035, 40.225174], [-107.057965, 40.225278], [-107.076552, 40.225347], [-107.088674, 40.225791], [-107.096088, 40.226062], [-107.09631, 40.225136], [-107.100109, 40.225139], [-107.115952, 40.225156], [-107.119907, 40.225159], [-107.14988, 40.225005], [-107.172653, 40.224837], [-107.247153, 40.224284], [-107.25061, 40.2242], [-107.265908, 40.224127], [-107.267357, 40.224147], [-107.313051, 40.223903], [-107.352541, 40.223464], [-107.369413, 40.223346], [-107.40019, 40.223413], [-107.405809, 40.223495], [-107.414884, 40.223634], [-107.439386, 40.223379], [-107.439506, 40.247328], [-107.440109, 40.249976], [-107.440362, 40.256114], [-107.440425, 40.257638], [-107.440732, 40.265018], [-107.442518, 40.308439], [-107.442594, 40.334755], [-107.432068, 40.334879], [-107.431849, 40.343092], [-107.431687, 40.349274], [-107.431072, 40.374969], [-107.431236, 40.37578], [-107.431013, 40.383432], [-107.430955, 40.38539], [-107.429345, 40.440771], [-107.429137, 40.444058], [-107.428505, 40.46976], [-107.428432, 40.476239], [-107.428388, 40.48021], [-107.428516, 40.484948], [-107.428524, 40.499973], [-107.428705, 40.517903], [-107.428745, 40.525368], [-107.428752, 40.52681], [-107.428758, 40.527907], [-107.4288, 40.53602], [-107.428805, 40.53743], [-107.428815, 40.538987], [-107.428813, 40.542207], [-107.411124, 40.542272], [-107.404252, 40.542298], [-107.39514, 40.542334], [-107.387538, 40.542363], [-107.371328, 40.542399], [-107.37136, 40.562929], [-107.371363, 40.565082], [-107.371371, 40.570033], [-107.37138, 40.577902], [-107.371388, 40.578445], [-107.371391, 40.581649], [-107.371398, 40.585749], [-107.371415, 40.596253], [-107.3715, 40.59781], [-107.37148, 40.59997], [-107.371487, 40.600302], [-107.368621, 40.600298], [-107.350108, 40.600268], [-107.319215, 40.600295], [-107.314153, 40.600281], [-107.314163, 40.60156], [-107.314288, 40.624971], [-107.314107, 40.636876], [-107.314029, 40.64205], [-107.313689, 40.664789], [-107.313368, 40.686266], [-107.313566, 40.694074], [-107.314541, 40.749969], [-107.314955, 40.776611], [-107.315099, 40.786573], [-107.315323, 40.797995], [-107.316088, 40.844845], [-107.316307, 40.859495], [-107.316356, 40.862799], [-107.316581, 40.879237], [-107.316591, 40.880045], [-107.316653, 40.885903], [-107.316791, 40.898968], [-107.317273, 40.944455], [-107.317361, 40.952696], [-107.317617, 40.976854], [-107.317848, 40.998527], [-107.317794, 41.00292], [-107.353777, 41.002989], [-107.356813, 41.003046], [-107.359378, 41.003053], [-107.367488, 41.003073], [-107.386192, 41.003028], [-107.39864, 41.002969], [-107.450128, 41.002759], [-107.478678, 41.002671], [-107.50062, 41.002349], [-107.526638, 41.002356], [-107.533126, 41.002313], [-107.573624, 41.002251], [-107.625649, 41.002123], [-107.636509, 41.002125], [-107.669596, 41.002134], [-107.69141, 41.00216], [-107.717602, 41.00213], [-107.750627, 41.001971], [-107.784142, 41.001931], [-107.808128, 41.001933], [-107.810988, 41.001953], [-107.863262, 41.001933], [-107.875632, 41.002023], [-107.900799, 41.002], [-107.916159, 41.002049], [-107.922984, 41.002012], [-107.97033, 41.002012], [-108.000636, 41.001814], [-108.024237, 41.002064], [-108.04392, 41.002064], [-108.046539, 41.002064], [-108.089224, 41.001578], [-108.089508, 41.001233], [-108.105669, 41.001391], [-108.122619, 41.001198], [-108.126215, 41.001276], [-108.148968, 41.000966], [-108.169395, 41.000595], [-108.181227, 41.000455], [-108.206461, 41.000412], [-108.209644, 41.000329], [-108.222193, 41.000396], [-108.228681, 41.000319], [-108.24972, 41.000362], [-108.250649, 41.000114], [-108.277037, 41.000093], [-108.300222, 41.000073], [-108.363349, 41.000023], [-108.375653, 41.000013], [-108.426138, 41.000054], [-108.460868, 41.000082], [-108.496663, 41.000109], [-108.519605, 40.999962], [-108.526029, 40.999592], [-108.530729, 40.999645], [-108.538795, 40.999721], [-108.557658, 40.999622], [-108.561854, 40.999962], [-108.598189, 40.999962], [-108.625663, 40.999962], [-108.631108, 41.000156], [-108.643033, 41.000147], [-108.654358, 41.000138], [-108.671484, 41.000125], [-108.711516, 41.000092], [-108.740026, 41.000069], [-108.750667, 41.000187], [-108.780179, 41.000114], [-108.787609, 41.000155], [-108.801849, 41.00019], [-108.817489, 41.000105], [-108.822867, 41.000153], [-108.849709, 41.000114], [-108.85377, 41.000031], [-108.859386, 41.000126], [-108.875671, 41.000166], [-108.884138, 41.000094], [-108.943528, 41.00033], [-109.000532, 41.000558], [-109.024975, 41.000459], [-109.050026, 41.000691], [-109.049942, 40.994908], [-109.049539, 40.94273], [-109.049256, 40.91152], [-109.049277, 40.908646], [-109.049041, 40.893666], [-109.048877, 40.887761], [-109.048969, 40.873008], [-109.048887, 40.861918], [-109.048809, 40.842647], [-109.048841, 40.837821], [-109.048638, 40.835112], [-109.048632, 40.833989], [-109.048455, 40.826081], [-109.048733, 40.782694], [-109.048707, 40.771538], [-109.048786, 40.751433], [-109.049088, 40.714503], [-109.04897, 40.684994], [-109.048546, 40.667469], [-109.048432, 40.662601], [-109.048944, 40.662601], [-109.048629, 40.653602], [-109.04828, 40.639732], [-109.047767, 40.609879], [-109.048085, 40.595109], [-109.048024, 40.580562], [-109.048657, 40.568553], [-109.049003, 40.560427], [-109.049696, 40.540997], [-109.049716, 40.540399], [-109.049737, 40.539785], [-109.050092, 40.529198], [-109.050838, 40.4719], [-109.051096, 40.453495], [-109.051245, 40.441599], [-109.051128, 40.436417], [-109.05091, 40.428183], [-109.050883, 40.415013], [-109.050801, 40.374967], [-109.050874, 40.356365], [-109.050932, 40.303034], [-109.051015, 40.273323], [-109.050945, 40.251964], [-109.050969, 40.231111], [-109.050949, 40.222647], [-109.050976, 40.209204], [-109.050887, 40.194351], [-109.050924, 40.182614], [-109.050964, 40.180806], [-109.05097, 40.159242], [-109.050939, 40.124385], [-109.051006, 40.123348], [-109.050929, 40.111105], [-109.050763, 40.092604], [-109.050864, 40.06383], [-109.050948, 40.056318], [-109.050996, 40.046486], [-109.050883, 40.034983], [-109.050953, 40.027517], [-109.050972, 40.026364], [-109.051157, 40.008238], [-109.050786, 39.968397], [-109.050664, 39.948594], [-109.050618, 39.940771], [-109.05058, 39.93199], [-109.050501, 39.900049], [-109.050376, 39.863637], [-109.050341, 39.849354], [-109.050639, 39.835874], [-109.050956, 39.821031], [-109.051028, 39.798883], [-109.051062, 39.74643], [-109.051168, 39.710229], [-109.051316, 39.676029], [-109.051227, 39.660466], [-109.051189, 39.651152], [-109.051274, 39.616742], [-109.051278, 39.607114], [-109.051416, 39.58871], [-109.051438, 39.575837], [-109.051399, 39.560886], [-109.051459, 39.549313], [-109.051443, 39.537936], [-109.051387, 39.51655], [-109.051226, 39.497739], [-109.051178, 39.485711], [-109.051151, 39.445241], [-109.051055, 39.421761], [-109.050952, 39.396715], [-109.050864, 39.374976], [-109.050765, 39.366677], [-109.050701, 39.360945], [-109.051015, 39.348205], [-109.051029, 39.330962], [-109.051099, 39.307326], [-109.051098, 39.28662], [-109.05103, 39.227126], [-109.051157, 39.206665], [-109.051256, 39.195503], [-109.051266, 39.194249], [-109.051278, 39.193258], [-109.051318, 39.186613], [-109.051223, 39.15331], [-109.051166, 39.142603], [-109.051373, 39.126096], [-109.051466, 39.117679], [-109.051473, 39.117065], [-109.051478, 39.116505], [-109.051483, 39.115949], [-109.051531, 39.111697], [-109.051666, 39.105097], [-109.051937, 39.069425], [-109.052013, 39.06606]]]]}}, {"type": "Feature", "properties": {"id": 4, "NAME": "4", "text-color": "#000000", "text-size": 16, "TotalPop": 721794, "PopDevPct": 0.0001105, "DemPct": 0.39625155, "RepPct": 0.57869742, "WhitePct": 0.78457247, "MinorityPct": 0.21542753, "BlackPct": 0.02461472, "HispanicPct": 0.11824742, "PacificPct": 0.00288687, "AsianPct": 0.0448559, "NativePct": 0.02667913, "TotalVAP": 543496, "Margin": -0.10374845, "color": "#00c3ff", "opacity": "0.5", "year": 2022, "state": "CO", "state-district": "CO-04"}, "geometry": {"type": "MultiPolygon", "coordinates": [[[[-104.331588, 38.925534], [-104.331993, 38.911053], [-104.332121, 38.911049], [-104.332012, 38.910759], [-104.332369, 38.896565], [-104.332654, 38.882015], [-104.351064, 38.881992], [-104.351551, 38.867451], [-104.328535, 38.867652], [-104.319444, 38.867769], [-104.31921, 38.865371], [-104.318263, 38.864991], [-104.315349, 38.866561], [-104.313974, 38.86944], [-104.312672, 38.869608], [-104.308442, 38.867796], [-104.30439, 38.865595], [-104.298743, 38.865245], [-104.293709, 38.864687], [-104.291793, 38.863161], [-104.288997, 38.864441], [-104.286872, 38.866565], [-104.286005, 38.868966], [-104.284696, 38.87061], [-104.283393, 38.873832], [-104.28246, 38.874426], [-104.277657, 38.874657], [-104.277713, 38.854144], [-104.277716, 38.85324], [-104.313699, 38.85338], [-104.313754, 38.838926], [-104.313786, 38.824534], [-104.313786, 38.824391], [-104.313764, 38.822657], [-104.313739, 38.820751], [-104.313713, 38.818837], [-104.313689, 38.817783], [-104.313772, 38.810629], [-104.313558, 38.810154], [-104.313478, 38.795631], [-104.313666, 38.79563], [-104.313743, 38.781304], [-104.303859, 38.78134], [-104.276781, 38.781439], [-104.276791, 38.778156], [-104.274788, 38.732131], [-104.274388, 38.722456], [-104.273779, 38.712898], [-104.273482, 38.70822], [-104.27485, 38.708224], [-104.277586, 38.703048], [-104.275748, 38.699179], [-104.274173, 38.695104], [-104.274129, 38.693353], [-104.273476, 38.692915], [-104.273945, 38.691703], [-104.275073, 38.691968], [-104.275129, 38.679424], [-104.275257, 38.652381], [-104.275336, 38.601668], [-104.275352, 38.594026], [-104.275467, 38.523742], [-104.275471, 38.521133], [-104.275054, 38.521134], [-104.250519, 38.521307], [-104.193522, 38.521834], [-104.183729, 38.522011], [-104.174509, 38.522187], [-104.165285, 38.522271], [-104.152501, 38.521902], [-104.150152, 38.521732], [-104.134086, 38.521805], [-104.124347, 38.521746], [-104.109272, 38.521867], [-104.090179, 38.522004], [-104.083468, 38.522434], [-104.072483, 38.52239], [-104.053921, 38.522393], [-104.054193, 38.519611], [-104.054654, 38.502542], [-104.054588, 38.498475], [-104.054712, 38.491898], [-104.055017, 38.484117], [-104.055235, 38.473332], [-104.055577, 38.464486], [-104.056314, 38.438682], [-104.05635, 38.435742], [-104.056187, 38.422467], [-104.056137, 38.413465], [-104.055937, 38.403022], [-104.055936, 38.392725], [-104.055699, 38.356927], [-104.055478, 38.335188], [-104.055424, 38.323657], [-104.055109, 38.298695], [-104.054878, 38.276323], [-104.054725, 38.261889], [-104.057564, 38.261648], [-104.058402, 38.260841], [-104.058488, 38.252205], [-104.058308, 38.229002], [-104.058362, 38.214374], [-104.058451, 38.199961], [-104.058326, 38.187124], [-104.05828, 38.171162], [-104.058283, 38.170972], [-104.058328, 38.164466], [-104.058243, 38.146979], [-104.058242, 38.146492], [-104.055954, 38.146019], [-104.050234, 38.1465], [-104.049179, 38.146273], [-104.047771, 38.144852], [-104.047045, 38.141389], [-104.043984, 38.141594], [-104.036216, 38.141397], [-104.034981, 38.141045], [-104.032657, 38.140554], [-104.02719, 38.140489], [-104.022594, 38.140914], [-104.022159, 38.140951], [-104.021629, 38.141104], [-104.02157, 38.141105], [-104.020732, 38.141299], [-104.019435, 38.141858], [-104.017834, 38.142058], [-104.01685, 38.14231], [-104.015061, 38.142809], [-104.01439, 38.143333], [-104.013417, 38.143773], [-104.011795, 38.144989], [-104.010965, 38.145463], [-104.010227, 38.145737], [-104.009122, 38.145759], [-104.007751, 38.145547], [-104.007274, 38.145257], [-104.007138, 38.145174], [-104.006536, 38.144463], [-104.00577, 38.143921], [-104.005106, 38.143541], [-104.002561, 38.14277], [-104.002074, 38.142837], [-104.001703, 38.142969], [-104.000968, 38.143332], [-104.000856, 38.143435], [-104.000462, 38.143914], [-103.999723, 38.145144], [-103.999482, 38.145485], [-103.999228, 38.145783], [-103.998287, 38.146256], [-103.996983, 38.146402], [-103.995925, 38.146585], [-103.994696, 38.146654], [-103.993246, 38.146353], [-103.991203, 38.145433], [-103.989391, 38.144061], [-103.987599, 38.142776], [-103.98606, 38.141892], [-103.984213, 38.140914], [-103.982707, 38.140667], [-103.980704, 38.140579], [-103.978903, 38.140901], [-103.977753, 38.141068], [-103.975991, 38.140808], [-103.974991, 38.140336], [-103.974209, 38.139233], [-103.974128, 38.138627], [-103.974353, 38.138124], [-103.974804, 38.137182], [-103.975492, 38.136607], [-103.976337, 38.135348], [-103.976678, 38.135205], [-103.976835, 38.134846], [-103.976883, 38.134549], [-103.976957, 38.134348], [-103.976407, 38.13299], [-103.974378, 38.132119], [-103.972925, 38.131928], [-103.97003, 38.131617], [-103.966785, 38.131674], [-103.963053, 38.130889], [-103.960155, 38.130401], [-103.957902, 38.130542], [-103.954947, 38.130812], [-103.953433, 38.130678], [-103.952461, 38.130545], [-103.95127, 38.130204], [-103.949777, 38.129004], [-103.948232, 38.128158], [-103.943984, 38.126572], [-103.940056, 38.1258], [-103.933989, 38.124417], [-103.93012, 38.125005], [-103.929041, 38.127328], [-103.92593, 38.129646], [-103.923399, 38.130424], [-103.921055, 38.129504], [-103.920152, 38.129274], [-103.919903, 38.127531], [-103.918687, 38.125542], [-103.916302, 38.124729], [-103.914396, 38.12476], [-103.91098, 38.126563], [-103.910874, 38.127945], [-103.911733, 38.129885], [-103.913525, 38.131624], [-103.912507, 38.134346], [-103.90796, 38.134554], [-103.906194, 38.13486], [-103.902064, 38.133975], [-103.900239, 38.13301], [-103.898512, 38.131132], [-103.899046, 38.128473], [-103.900289, 38.127281], [-103.900662, 38.125409], [-103.89649, 38.124794], [-103.893915, 38.125006], [-103.888747, 38.125417], [-103.886846, 38.125278], [-103.883682, 38.124577], [-103.878001, 38.124649], [-103.873249, 38.126299], [-103.870941, 38.127808], [-103.868672, 38.128809], [-103.866262, 38.12876], [-103.86349, 38.128072], [-103.861981, 38.127134], [-103.858342, 38.125425], [-103.856506, 38.125186], [-103.855083, 38.125504], [-103.850335, 38.125048], [-103.846211, 38.123405], [-103.844592, 38.120794], [-103.841687, 38.117346], [-103.837703, 38.114163], [-103.835616, 38.11334], [-103.831448, 38.114205], [-103.82871, 38.11441], [-103.825908, 38.113062], [-103.82448, 38.113039], [-103.820768, 38.113953], [-103.818591, 38.114835], [-103.813765, 38.117419], [-103.81191, 38.117845], [-103.809818, 38.117509], [-103.807316, 38.1164], [-103.805028, 38.114578], [-103.803033, 38.112533], [-103.801525, 38.112525], [-103.801442, 38.112525], [-103.791267, 38.112437], [-103.781703, 38.112638], [-103.77033, 38.112925], [-103.769684, 38.112946], [-103.769264, 38.112955], [-103.767661, 38.112974], [-103.761484, 38.113071], [-103.750674, 38.113214], [-103.74764, 38.113077], [-103.701327, 38.113153], [-103.673731, 38.112906], [-103.664686, 38.112983], [-103.6255, 38.113335], [-103.619172, 38.113355], [-103.619081, 38.131468], [-103.619011, 38.143152], [-103.619283, 38.171455], [-103.601075, 38.171719], [-103.583935, 38.172715], [-103.564723, 38.172753], [-103.559473, 38.172672], [-103.540326, 38.172663], [-103.54024, 38.172663], [-103.540176, 38.172663], [-103.538409, 38.172656], [-103.536614, 38.172658], [-103.53638, 38.172657], [-103.515502, 38.172562], [-103.515315, 38.172561], [-103.509364, 38.172514], [-103.509433, 38.182449], [-103.509422, 38.192957], [-103.509552, 38.204075], [-103.509553, 38.216213], [-103.509627, 38.23133], [-103.509704, 38.23487], [-103.50987, 38.262047], [-103.50991, 38.264282], [-103.51006, 38.265169], [-103.506438, 38.265119], [-103.505827, 38.26511], [-103.501764, 38.265016], [-103.501665, 38.265015], [-103.437306, 38.265031], [-103.424988, 38.26519], [-103.418356, 38.265162], [-103.410375, 38.265308], [-103.410005, 38.265508], [-103.399938, 38.265435], [-103.399877, 38.250004], [-103.3996, 38.241149], [-103.399409, 38.213354], [-103.399408, 38.213206], [-103.399303, 38.197654], [-103.399309, 38.19664], [-103.399009, 38.156604], [-103.399004, 38.15621], [-103.398897, 38.141504], [-103.398779, 38.12501], [-103.398965, 38.12184], [-103.39858, 38.114491], [-103.398646, 38.110387], [-103.398664, 38.106669], [-103.398782, 38.099803], [-103.398818, 38.094091], [-103.398672, 38.084658], [-103.398476, 38.083413], [-103.398653, 38.082745], [-103.398621, 38.073517], [-103.398621, 38.073444], [-103.39862, 38.07337], [-103.398619, 38.072962], [-103.398594, 38.070028], [-103.398584, 38.063251], [-103.398814, 38.06237], [-103.398566, 38.061644], [-103.398546, 38.046266], [-103.398581, 38.043949], [-103.398613, 38.041738], [-103.398619, 38.041433], [-103.398628, 38.04084], [-103.398632, 38.040554], [-103.398672, 38.039491], [-103.398667, 38.038829], [-103.398667, 38.038736], [-103.398675, 38.022395], [-103.398824, 38.013904], [-103.398844, 37.994306], [-103.398942, 37.989522], [-103.398334, 37.981751], [-103.398235, 37.968457], [-103.398108, 37.960627], [-103.398236, 37.959118], [-103.39912, 37.940149], [-103.399249, 37.933768], [-103.399781, 37.899616], [-103.399874, 37.875063], [-103.399836, 37.866527], [-103.399854, 37.823155], [-103.399854, 37.822812], [-103.403682, 37.822792], [-103.403612, 37.79874], [-103.403592, 37.792397], [-103.403544, 37.776139], [-103.403544, 37.775872], [-103.403509, 37.764147], [-103.403434, 37.750011], [-103.403652, 37.734338], [-103.403796, 37.701665], [-103.404079, 37.696125], [-103.404385, 37.68689], [-103.404066, 37.676998], [-103.403917, 37.673168], [-103.403963, 37.662963], [-103.404426, 37.658203], [-103.404403, 37.643782], [-103.404339, 37.643576], [-103.38677, 37.643515], [-103.375493, 37.643535], [-103.361555, 37.643272], [-103.36126, 37.643335], [-103.341804, 37.643513], [-103.326909, 37.643768], [-103.308136, 37.64394], [-103.290579, 37.643851], [-103.2676, 37.644145], [-103.258822, 37.64398], [-103.240631, 37.644011], [-103.222041, 37.644019], [-103.205491, 37.644086], [-103.201754, 37.644046], [-103.187492, 37.64367], [-103.175173, 37.643515], [-103.167261, 37.643524], [-103.163233, 37.643599], [-103.146674, 37.643592], [-103.131488, 37.643662], [-103.128092, 37.643477], [-103.125485, 37.643581], [-103.117641, 37.643299], [-103.114734, 37.643415], [-103.085875, 37.643436], [-103.075938, 37.64342], [-103.075742, 37.625011], [-103.075581, 37.624601], [-103.075468, 37.587535], [-103.075284, 37.520365], [-103.075221, 37.501589], [-103.075275, 37.500037], [-103.075141, 37.484489], [-103.075217, 37.483723], [-103.07514, 37.469366], [-103.075157, 37.460738], [-103.075001, 37.455749], [-103.075142, 37.450943], [-103.075021, 37.436776], [-103.075243, 37.415739], [-103.074805, 37.398437], [-103.074663, 37.381754], [-103.082537, 37.381613], [-103.082782, 37.366336], [-103.082766, 37.358399], [-103.083051, 37.351739], [-103.083025, 37.346745], [-103.08336, 37.337191], [-103.083232, 37.322709], [-103.083673, 37.308068], [-103.083527, 37.294291], [-103.083926, 37.279167], [-103.085127, 37.235644], [-103.086076, 37.200359], [-103.08623, 37.196], [-103.086299, 37.193562], [-103.086241, 37.193066], [-103.086643, 37.180689], [-103.086558, 37.176128], [-103.086323, 37.148013], [-103.086344, 37.144275], [-103.086425, 37.142186], [-103.086832, 37.13613], [-103.086969, 37.135087], [-103.087275, 37.102596], [-103.086102, 37.000188], [-103.037445, 37.000078], [-103.002329, 37.00015], [-102.997849, 36.999725], [-102.986976, 36.998524], [-102.979613, 36.998549], [-102.964612, 36.998718], [-102.936272, 36.998992], [-102.886687, 36.999511], [-102.875481, 36.999628], [-102.86545, 36.999591], [-102.841921, 36.9996], [-102.829465, 36.999731], [-102.815074, 36.999774], [-102.793627, 36.999374], [-102.784708, 36.999133], [-102.752141, 36.998341], [-102.74206, 36.997689], [-102.70581, 36.995568], [-102.698142, 36.995149], [-102.662122, 36.995271], [-102.651431, 36.995047], [-102.625471, 36.995036], [-102.57091, 36.995134], [-102.541817, 36.994905], [-102.524683, 36.994871], [-102.500467, 36.994967], [-102.44629, 36.994744], [-102.434251, 36.994827], [-102.38858, 36.994776], [-102.375461, 36.99458], [-102.355367, 36.994575], [-102.343778, 36.994409], [-102.325155, 36.994348], [-102.307551, 36.994276], [-102.285007, 36.994152], [-102.270228, 36.994325], [-102.260789, 36.994388], [-102.252199, 36.99417], [-102.248477, 36.994198], [-102.235136, 36.994012], [-102.208316, 36.99373], [-102.184271, 36.993593], [-102.125452, 36.993347], [-102.084723, 36.993234], [-102.077193, 36.993084], [-102.054387, 36.99313], [-102.042089, 36.993016], [-102.04199, 36.999179], [-102.04207, 37.01832], [-102.042054, 37.028334], [-102.041749, 37.034397], [-102.04192, 37.035083], [-102.042086, 37.047344], [-102.042032, 37.10514], [-102.041947, 37.106954], [-102.041958, 37.132209], [-102.041812, 37.137368], [-102.041857, 37.141522], [-102.04193, 37.149175], [-102.041995, 37.155944], [-102.042025, 37.185429], [-102.041972, 37.199583], [-102.041962, 37.22191], [-102.04218, 37.225661], [-102.042124, 37.250021], [-102.041963, 37.258164], [-102.041954, 37.265571], [-102.041939, 37.27234], [-102.041986, 37.279331], [-102.041868, 37.28603], [-102.041842, 37.294754], [-102.041902, 37.323876], [-102.041923, 37.352659], [-102.042089, 37.35283], [-102.041522, 37.375021], [-102.041586, 37.382661], [-102.04182, 37.410149], [-102.041671, 37.427534], [-102.041755, 37.434855], [-102.04161, 37.447601], [-102.041799, 37.456298], [-102.04179, 37.469415], [-102.04183, 37.485133], [-102.041784, 37.499798], [-102.041835, 37.512386], [-102.042016, 37.535261], [-102.041899, 37.541186], [-102.041894, 37.557977], [-102.041683, 37.578556], [-102.041932, 37.579047], [-102.041793, 37.601234], [-102.041618, 37.607868], [-102.041585, 37.644282], [-102.041582, 37.654495], [-102.041677, 37.65868], [-102.041703, 37.6829], [-102.041664, 37.687487], [-102.041626, 37.696699], [-102.041878, 37.723965], [-102.042014, 37.731128], [-102.042341, 37.748207], [-102.042195, 37.750031], [-102.042281, 37.760295], [-102.042431, 37.774526], [-102.042824, 37.797113], [-102.042874, 37.803552], [-102.042923, 37.824273], [-102.043161, 37.844658], [-102.043195, 37.867896], [-102.043185, 37.87502], [-102.043859, 37.92665], [-102.043846, 37.928233], [-102.044515, 37.984575], [-102.044581, 38.024643], [-102.044601, 38.029734], [-102.04461, 38.030195], [-102.044615, 38.030802], [-102.044708, 38.041257], [-102.044655, 38.044732], [-102.044624, 38.048048], [-102.044429, 38.075055], [-102.044258, 38.112946], [-102.044287, 38.13444], [-102.044251, 38.141778], [-102.044368, 38.144372], [-102.044406, 38.158874], [-102.044307, 38.175559], [-102.0443, 38.18744], [-102.044363, 38.210824], [-102.044482, 38.22465], [-102.04445, 38.244695], [-102.04479, 38.249028], [-102.044833, 38.261283], [-102.044464, 38.262412], [-102.044475, 38.268749], [-102.044523, 38.283116], [-102.044584, 38.283176], [-102.044541, 38.29841], [-102.044439, 38.304352], [-102.044612, 38.312324], [-102.044524, 38.349174], [-102.044676, 38.356184], [-102.044945, 38.384432], [-102.044804, 38.384636], [-102.044927, 38.393314], [-102.044825, 38.404272], [-102.044804, 38.419676], [-102.044947, 38.420961], [-102.044977, 38.427952], [-102.044728, 38.441346], [-102.045052, 38.460822], [-102.045043, 38.468527], [-102.045008, 38.472315], [-102.044975, 38.485706], [-102.045045, 38.510226], [-102.044916, 38.529295], [-102.044883, 38.55869], [-102.044888, 38.566394], [-102.045178, 38.577142], [-102.045146, 38.588278], [-102.045248, 38.588679], [-102.045206, 38.60068], [-102.045074, 38.602453], [-102.045082, 38.615172], [-102.044792, 38.61534], [-102.045115, 38.629732], [-102.045109, 38.65434], [-102.045207, 38.658557], [-102.045075, 38.669561], [-102.04516, 38.675221], [-102.04521, 38.70452], [-102.045395, 38.742217], [-102.045287, 38.755322], [-102.045385, 38.783352], [-102.045334, 38.799463], [-102.04544, 38.812768], [-102.045395, 38.825972], [-102.045409, 38.842785], [-102.045369, 38.857566], [-102.045577, 38.873296], [-102.045458, 38.875007], [-102.0456, 38.886261], [-102.046042, 38.973214], [-102.046046, 38.981776], [-102.046282, 39.000004], [-102.046571, 39.047038], [-102.047012, 39.121247], [-102.047105, 39.125002], [-102.047305, 39.148122], [-102.047717, 39.214688], [-102.047841, 39.234582], [-102.048017, 39.243047], [-102.048074, 39.249994], [-102.047901, 39.253122], [-102.04822, 39.274139], [-102.04853, 39.302916], [-102.04856, 39.314215], [-102.048679, 39.329552], [-102.048681, 39.32984], [-102.048667, 39.331502], [-102.048681, 39.332094], [-102.048884, 39.35101], [-102.04893, 39.359827], [-102.049088, 39.374086], [-102.049204, 39.374988], [-102.049158, 39.403475], [-102.049031, 39.403709], [-102.049079, 39.418057], [-102.049371, 39.418297], [-102.049506, 39.465343], [-102.049592, 39.471253], [-102.049341, 39.471462], [-102.049406, 39.47882], [-102.049749, 39.500134], [-102.049565, 39.506191], [-102.049673, 39.536579], [-102.049552, 39.538895], [-102.049755, 39.56235], [-102.049764, 39.56818], [-102.049806, 39.574058], [-102.049992, 39.592967], [-102.050246, 39.611015], [-102.050297, 39.640953], [-102.050419, 39.645935], [-102.050245, 39.646345], [-102.050095, 39.654029], [-102.050283, 39.657183], [-102.050505, 39.66088], [-102.050598, 39.676447], [-102.050745, 39.707539], [-102.050642, 39.71909], [-102.050956, 39.751023], [-102.051007, 39.7616], [-102.051128, 39.790295], [-102.051254, 39.819014], [-102.051318, 39.833315], [-102.051363, 39.843471], [-102.051666, 39.847689], [-102.051488, 39.859483], [-102.051357, 39.874991], [-102.051504, 39.907207], [-102.051515, 39.920217], [-102.051726, 39.978175], [-102.051726, 39.97827], [-102.051726, 39.978344], [-102.051721, 39.985411], [-102.051759, 40.013986], [-102.051791, 40.03953], [-102.051823, 40.064532], [-102.051824, 40.064894], [-102.051832, 40.06954], [-102.051832, 40.069665], [-102.051832, 40.070218], [-102.051858, 40.088529], [-102.051826, 40.112066], [-102.051838, 40.124991], [-102.051972, 40.148349], [-102.051766, 40.148684], [-102.051721, 40.16222], [-102.051911, 40.162602], [-102.051653, 40.178873], [-102.051858, 40.184597], [-102.051833, 40.191619], [-102.051971, 40.201522], [-102.051881, 40.208865], [-102.051707, 40.212553], [-102.051933, 40.217428], [-102.051613, 40.223992], [-102.051777, 40.227356], [-102.051495, 40.229248], [-102.051542, 40.235285], [-102.051726, 40.242565], [-102.051639, 40.264869], [-102.051509, 40.298501], [-102.05138, 40.322491], [-102.051309, 40.338381], [-102.051797, 40.360003], [-102.051555, 40.374995], [-102.051444, 40.393027], [-102.051475, 40.39656], [-102.05163, 40.411047], [-102.05153, 40.418162], [-102.051465, 40.440008], [-102.051499, 40.449853], [-102.051509, 40.465508], [-102.051381, 40.481358], [-102.051323, 40.483885], [-102.051274, 40.48627], [-102.05131, 40.488458], [-102.051554, 40.500023], [-102.051515, 40.52784], [-102.051523, 40.556522], [-102.051516, 40.563766], [-102.051504, 40.570922], [-102.051537, 40.581915], [-102.051491, 40.614047], [-102.051486, 40.64308], [-102.051481, 40.657578], [-102.051439, 40.672824], [-102.051482, 40.686634], [-102.051446, 40.720544], [-102.051416, 40.749586], [-102.05143, 40.757882], [-102.051432, 40.758429], [-102.051414, 40.764428], [-102.051429, 40.778999], [-102.051434, 40.793618], [-102.051447, 40.808255], [-102.051461, 40.822847], [-102.051495, 40.852098], [-102.051513, 40.867816], [-102.05153, 40.881386], [-102.05154, 40.893411], [-102.051541, 40.925505], [-102.051562, 40.954682], [-102.051567, 40.969339], [-102.051558, 40.983882], [-102.051563, 40.999127], [-102.051717, 41.002359], [-102.065554, 41.002377], [-102.070284, 41.002416], [-102.122047, 41.002345], [-102.125089, 41.002488], [-102.132913, 41.002462], [-102.171012, 41.002438], [-102.188651, 41.002451], [-102.189273, 41.00231], [-102.189866, 41.002314], [-102.190375, 41.002319], [-102.190993, 41.002325], [-102.207763, 41.00244], [-102.209083, 41.002441], [-102.209361, 41.002442], [-102.228993, 41.002274], [-102.232276, 41.002333], [-102.233028, 41.002356], [-102.240748, 41.00235], [-102.24866, 41.002369], [-102.267928, 41.002425], [-102.268012, 41.002377], [-102.2721, 41.002245], [-102.277863, 41.002273], [-102.288185, 41.002321], [-102.291354, 41.002207], [-102.344872, 41.002189], [-102.360659, 41.002428], [-102.379695, 41.002444], [-102.380219, 41.002439], [-102.383402, 41.002447], [-102.389849, 41.002443], [-102.40257, 41.002444], [-102.43065, 41.002447], [-102.45965, 41.002384], [-102.460334, 41.002383], [-102.476809, 41.002436], [-102.479266, 41.00244], [-102.488076, 41.002443], [-102.500466, 41.00234], [-102.556721, 41.0022], [-102.557505, 41.002439], [-102.562266, 41.002428], [-102.575496, 41.0022], [-102.575738, 41.002268], [-102.606929, 41.002474], [-102.621033, 41.002597], [-102.625468, 41.002354], [-102.653463, 41.002332], [-102.687911, 41.002334], [-102.692348, 41.002288], [-102.708659, 41.002195], [-102.729722, 41.002188], [-102.743133, 41.002212], [-102.754586, 41.00236], [-102.766606, 41.002276], [-102.768857, 41.002388], [-102.773561, 41.002419], [-102.827237, 41.002143], [-102.830303, 41.00235], [-102.843799, 41.002271], [-102.84644, 41.002177], [-102.846543, 41.002411], [-102.86577, 41.001989], [-102.866083, 41.002317], [-102.875551, 41.002333], [-102.88559, 41.002134], [-102.887281, 41.002314], [-102.904875, 41.002208], [-102.906358, 41.002313], [-102.923973, 41.002142], [-102.925567, 41.00228], [-102.943159, 41.00205], [-102.944829, 41.002303], [-102.955106, 41.002159], [-102.963669, 41.002186], [-102.981518, 41.002113], [-102.982714, 41.002272], [-103.000967, 41.002312], [-103.002088, 41.002486], [-103.01953, 41.002447], [-103.038704, 41.002251], [-103.043444, 41.002344], [-103.058534, 41.002307], [-103.059626, 41.00237], [-103.076787, 41.002227], [-103.077803, 41.002298], [-103.090257, 41.002309], [-103.115004, 41.002342], [-103.125489, 41.002158], [-103.143641, 41.002312], [-103.153364, 41.002222], [-103.165265, 41.002084], [-103.172646, 41.002166], [-103.191798, 41.002073], [-103.210741, 41.002247], [-103.219415, 41.002012], [-103.230077, 41.002238], [-103.236283, 41.002024], [-103.241775, 41.002176], [-103.249006, 41.00221], [-103.250483, 41.001776], [-103.268279, 41.00208], [-103.287047, 41.002014], [-103.323871, 41.00182], [-103.345511, 41.001834], [-103.365314, 41.001846], [-103.375487, 41.002299], [-103.382492, 41.002252], [-103.396989, 41.002558], [-103.413395, 41.001912], [-103.428676, 41.00197], [-103.447943, 41.00176], [-103.469785, 41.001875], [-103.486697, 41.001914], [-103.495917, 41.001868], [-103.497545, 41.001638], [-103.50047, 41.001734], [-103.534886, 41.001421], [-103.573774, 41.001716], [-103.620216, 41.001717], [-103.625494, 41.001542], [-103.636282, 41.001649], [-103.649212, 41.001552], [-103.669054, 41.001442], [-103.687745, 41.001781], [-103.710058, 41.001695], [-103.731239, 41.001595], [-103.749378, 41.001567], [-103.76334, 41.001468], [-103.783162, 41.00157], [-103.796086, 41.001765], [-103.842737, 41.001683], [-103.858449, 41.001749], [-103.878255, 41.001717], [-103.895629, 41.001718], [-103.912075, 41.001628], [-103.914845, 41.001701], [-103.931992, 41.001814], [-103.933182, 41.001696], [-103.952127, 41.001697], [-103.952368, 41.001589], [-103.953269, 41.001662], [-103.971529, 41.001544], [-103.97224, 41.001664], [-104.000503, 41.001817], [-104.011008, 41.001683], [-104.018223, 41.001617], [-104.023383, 41.001887], [-104.039238, 41.001502], [-104.051529, 41.001527], [-104.054077, 41.001615], [-104.067013, 41.001615], [-104.067016, 41.001785], [-104.088854, 41.00156], [-104.10459, 41.001543], [-104.123823, 41.001625], [-104.125505, 41.001705], [-104.162579, 41.001569], [-104.173436, 41.00177], [-104.181665, 41.001741], [-104.211441, 41.00158], [-104.216456, 41.001656], [-104.223289, 41.001618], [-104.250507, 41.00162], [-104.257569, 41.001679], [-104.276867, 41.001695], [-104.295812, 41.001719], [-104.314663, 41.001643], [-104.336984, 41.00167], [-104.342366, 41.001569], [-104.343578, 41.00176], [-104.3461, 41.001534], [-104.371258, 41.001496], [-104.390476, 41.001499], [-104.420552, 41.001454], [-104.452883, 41.001494], [-104.467672, 41.001473], [-104.487217, 41.001693], [-104.514559, 41.001675], [-104.550139, 41.001535], [-104.577579, 41.001559], [-104.600077, 41.001486], [-104.625519, 41.001428], [-104.675999, 41.000957], [-104.736562, 41.000219], [-104.750523, 40.999982], [-104.757151, 40.999982], [-104.773018, 40.999833], [-104.797867, 40.999457], [-104.816284, 40.999293], [-104.81831, 40.999197], [-104.838689, 40.998857], [-104.855273, 40.998048], [-104.869223, 40.998285], [-104.882452, 40.998186], [-104.906329, 40.998217], [-104.906648, 40.99821], [-104.906905, 40.998205], [-104.907683, 40.998192], [-104.943371, 40.998213], [-104.943261, 40.968943], [-104.943201, 40.953104], [-104.943151, 40.938398], [-104.943052, 40.913672], [-104.943123, 40.903922], [-104.943127, 40.903405], [-104.946712, 40.898193], [-104.948388, 40.894493], [-104.953377, 40.879439], [-104.965988, 40.841357], [-104.966319, 40.84135], [-104.974654, 40.841179], [-104.971622, 40.83256], [-104.971303, 40.829364], [-104.971564, 40.827296], [-104.973451, 40.821275], [-104.983587, 40.789809], [-104.985271, 40.784432], [-104.987523, 40.777876], [-104.989404, 40.77471], [-105.000086, 40.761282], [-105.00013, 40.769423], [-105.000968, 40.769616], [-105.019118, 40.76957], [-105.019191, 40.761831], [-105.021928, 40.765968], [-105.02374, 40.767517], [-105.025759, 40.768206], [-105.031469, 40.770817], [-105.034099, 40.769433], [-105.035588, 40.766861], [-105.036766, 40.765626], [-105.038002, 40.765402], [-105.038183, 40.769575], [-105.038377, 40.781737], [-105.03877, 40.798064], [-105.039133, 40.798253], [-105.055605, 40.798082], [-105.076118, 40.798219], [-105.076074, 40.783846], [-105.076009, 40.775036], [-105.075984, 40.769611], [-105.075962, 40.754713], [-105.076052, 40.740315], [-105.076126, 40.733039], [-105.076161, 40.728912], [-105.075569, 40.727044], [-105.074566, 40.725773], [-105.074471, 40.725684], [-105.072383, 40.723407], [-105.070235, 40.717539], [-105.068611, 40.713075], [-105.068027, 40.711317], [-105.067407, 40.70345], [-105.068059, 40.699577], [-105.068159, 40.696727], [-105.068157, 40.696671], [-105.068072, 40.694197], [-105.067789, 40.685842], [-105.067979, 40.682802], [-105.068242, 40.681461], [-105.068796, 40.678627], [-105.06918, 40.676686], [-105.069347, 40.675857], [-105.070067, 40.671757], [-105.070304, 40.66726], [-105.069951, 40.666761], [-105.070346, 40.665394], [-105.07033, 40.661878], [-105.07034, 40.661534], [-105.069265, 40.66258], [-105.069199, 40.663703], [-105.068322, 40.664119], [-105.065296, 40.664009], [-105.065469, 40.662632], [-105.06346, 40.661406], [-105.061072, 40.661039], [-105.06027, 40.658873], [-105.061384, 40.658096], [-105.059868, 40.657296], [-105.061537, 40.657442], [-105.064639, 40.657142], [-105.065967, 40.657312], [-105.064301, 40.655918], [-105.062173, 40.6565], [-105.059845, 40.656277], [-105.053904, 40.654057], [-105.053076, 40.653924], [-105.045457, 40.653839], [-105.042091, 40.654052], [-105.038543, 40.653766], [-105.03568, 40.653742], [-105.019543, 40.65361], [-105.010053, 40.653547], [-105.001057, 40.653513], [-105.000663, 40.653518], [-105.000534, 40.638988], [-105.001059, 40.625875], [-105.00059, 40.624756], [-104.99807, 40.624524], [-104.99753, 40.62452], [-104.997888, 40.624069], [-105.000789, 40.623931], [-105.000716, 40.613554], [-104.999606, 40.613547], [-104.999627, 40.611324], [-104.997781, 40.610243], [-104.995531, 40.610039], [-104.988611, 40.609988], [-104.988283, 40.609186], [-104.989426, 40.6051], [-104.989368, 40.604303], [-104.987847, 40.603327], [-104.987816, 40.602539], [-104.991224, 40.600326], [-104.991442, 40.599794], [-104.991501, 40.599807], [-104.991497, 40.599327], [-104.989614, 40.598507], [-104.989838, 40.596741], [-104.991675, 40.59652], [-104.991478, 40.595555], [-104.995529, 40.595588], [-104.996202, 40.595495], [-104.996216, 40.593572], [-104.992599, 40.59354], [-104.992673, 40.595428], [-104.991397, 40.594941], [-104.992281, 40.593372], [-104.995331, 40.593399], [-104.995353, 40.591976], [-104.994083, 40.591936], [-104.994096, 40.588675], [-104.990085, 40.588653], [-104.990084, 40.588433], [-104.996059, 40.588459], [-104.99606, 40.588399], [-104.996217, 40.581509], [-104.993211, 40.581381], [-104.991098, 40.581284], [-104.98947, 40.581275], [-104.988196, 40.581267], [-104.988197, 40.58114], [-104.983067, 40.581096], [-104.982025, 40.581086], [-104.979372, 40.581034], [-104.979204, 40.581034], [-104.971454, 40.581276], [-104.967607, 40.581033], [-104.963152, 40.580989], [-104.959405, 40.580963], [-104.944194, 40.580938], [-104.944223, 40.588084], [-104.944095, 40.58809], [-104.935523, 40.588467], [-104.935435, 40.581189], [-104.938619, 40.581085], [-104.938611, 40.582629], [-104.944012, 40.58239], [-104.944021, 40.580939], [-104.944021, 40.573051], [-104.938622, 40.573295], [-104.938406, 40.573762], [-104.935444, 40.573896], [-104.935474, 40.566727], [-104.935492, 40.56259], [-104.941288, 40.562554], [-104.941735, 40.563055], [-104.941995, 40.566349], [-104.944108, 40.566251], [-104.944233, 40.566246], [-104.94431, 40.566242], [-104.944728, 40.564965], [-104.944135, 40.564112], [-104.944138, 40.563914], [-104.944092, 40.563853], [-104.944067, 40.563798], [-104.944042, 40.563733], [-104.944042, 40.563616], [-104.944033, 40.560094], [-104.94403, 40.559085], [-104.94412, 40.559086], [-104.94412, 40.558756], [-104.944151, 40.551715], [-104.944145, 40.550705], [-104.944186, 40.542832], [-104.944206, 40.537292], [-104.944226, 40.533654], [-104.944242, 40.53004], [-104.944239, 40.526294], [-104.944258, 40.522768], [-104.944247, 40.522663], [-104.950845, 40.522721], [-104.948816, 40.521232], [-104.946974, 40.520391], [-104.94698, 40.519157], [-104.944213, 40.519137], [-104.944193, 40.515519], [-104.944165, 40.508226], [-104.944164, 40.508104], [-104.950009, 40.508278], [-104.94622, 40.501171], [-104.948743, 40.501102], [-104.948803, 40.49223], [-104.948802, 40.491787], [-104.953468, 40.4918], [-104.953409, 40.493777], [-104.958219, 40.493783], [-104.958256, 40.49446], [-104.960002, 40.496387], [-104.962866, 40.498688], [-104.963076, 40.486991], [-104.962267, 40.486582], [-104.963743, 40.486533], [-104.96362, 40.484126], [-104.963486, 40.481161], [-104.963393, 40.479442], [-104.970192, 40.479405], [-104.973882, 40.479425], [-104.973919, 40.479425], [-104.974096, 40.479427], [-104.978508, 40.479451], [-104.98206, 40.479471], [-104.982019, 40.482146], [-104.981949, 40.486654], [-104.981938, 40.488296], [-104.981863, 40.497571], [-104.991363, 40.497647], [-104.991447, 40.490639], [-104.99133, 40.482716], [-104.990258, 40.479831], [-104.989711, 40.479432], [-104.991192, 40.477266], [-104.991477, 40.476968], [-104.991564, 40.472135], [-104.991757, 40.472138], [-104.992068, 40.472142], [-104.992112, 40.464725], [-104.992313, 40.464728], [-105.001289, 40.464829], [-105.0054, 40.465005], [-105.008853, 40.465152], [-105.010749, 40.465233], [-105.010819, 40.465236], [-105.01166, 40.465272], [-105.014868, 40.465409], [-105.017322, 40.465513], [-105.020336, 40.465653], [-105.020489, 40.465658], [-105.030315, 40.465663], [-105.033064, 40.465666], [-105.033458, 40.465664], [-105.035062, 40.465659], [-105.038412, 40.465658], [-105.039499, 40.465656], [-105.039499, 40.465631], [-105.044166, 40.465594], [-105.053407, 40.465538], [-105.053248, 40.464837], [-105.051315, 40.463561], [-105.049585, 40.461911], [-105.049937, 40.461009], [-105.052464, 40.460924], [-105.055842, 40.462136], [-105.058354, 40.461831], [-105.058417, 40.463944], [-105.061177, 40.465535], [-105.061748, 40.465538], [-105.070143, 40.465582], [-105.0738, 40.465594], [-105.073451, 40.463035], [-105.077469, 40.463039], [-105.077448, 40.465606], [-105.077987, 40.4656], [-105.085374, 40.465485], [-105.094904, 40.465403], [-105.096481, 40.465389], [-105.096467, 40.458189], [-105.096433, 40.451119], [-105.096438, 40.451018], [-105.096569, 40.451016], [-105.096653, 40.451014], [-105.096655, 40.451118], [-105.097023, 40.451122], [-105.103803, 40.451113], [-105.103804, 40.451005], [-105.105984, 40.451005], [-105.115542, 40.451007], [-105.116905, 40.451054], [-105.133091, 40.45097], [-105.133035, 40.447284], [-105.115656, 40.447341], [-105.115657, 40.44384], [-105.137645, 40.443689], [-105.13699, 40.438271], [-105.13642, 40.436582], [-105.139202, 40.436457], [-105.139285, 40.431988], [-105.140523, 40.433282], [-105.140466, 40.436403], [-105.141281, 40.436408], [-105.141494, 40.432699], [-105.141477, 40.427129], [-105.140525, 40.425445], [-105.141091, 40.423766], [-105.140861, 40.421567], [-105.1407, 40.420862], [-105.138258, 40.4186], [-105.138261, 40.417669], [-105.137902, 40.417591], [-105.137918, 40.417511], [-105.137841, 40.417502], [-105.137794, 40.417496], [-105.137805, 40.417445], [-105.137851, 40.417236], [-105.138255, 40.417287], [-105.138263, 40.416827], [-105.138265, 40.416379], [-105.138237, 40.416456], [-105.138209, 40.416588], [-105.138154, 40.416659], [-105.138097, 40.416808], [-105.13801, 40.416855], [-105.137632, 40.417057], [-105.137405, 40.41718], [-105.13713, 40.417327], [-105.137007, 40.417394], [-105.136871, 40.417384], [-105.136112, 40.417322], [-105.135448, 40.417268], [-105.13545, 40.417353], [-105.135451, 40.417384], [-105.135358, 40.417429], [-105.134652, 40.417433], [-105.13462, 40.414447], [-105.133598, 40.414461], [-105.133601, 40.411367], [-105.133609, 40.410767], [-105.133604, 40.408146], [-105.134208, 40.408148], [-105.134324, 40.407538], [-105.134312, 40.407326], [-105.138927, 40.407347], [-105.138937, 40.40745], [-105.139423, 40.407443], [-105.139853, 40.407437], [-105.139996, 40.407429], [-105.140631, 40.407358], [-105.140929, 40.407299], [-105.141171, 40.40723], [-105.142174, 40.40689], [-105.142439, 40.406814], [-105.142471, 40.406808], [-105.142737, 40.40676], [-105.142963, 40.406739], [-105.143338, 40.406726], [-105.143702, 40.406738], [-105.144133, 40.406791], [-105.144218, 40.406802], [-105.144611, 40.406869], [-105.145464, 40.407013], [-105.145933, 40.407051], [-105.145885, 40.406943], [-105.145454, 40.406901], [-105.145048, 40.406394], [-105.144631, 40.40678], [-105.144175, 40.406701], [-105.144133, 40.406696], [-105.144112, 40.405582], [-105.144184, 40.403657], [-105.146501, 40.40284], [-105.147158, 40.401992], [-105.147912, 40.402468], [-105.149723, 40.40374], [-105.152394, 40.407266], [-105.153638, 40.407228], [-105.15366, 40.402304], [-105.153672, 40.399356], [-105.15527, 40.398763], [-105.157275, 40.397463], [-105.159606, 40.397305], [-105.158063, 40.393922], [-105.156765, 40.394175], [-105.156518, 40.392962], [-105.155876, 40.391773], [-105.156961, 40.391419], [-105.157058, 40.389413], [-105.154413, 40.389387], [-105.153741, 40.38938], [-105.153754, 40.385798], [-105.152515, 40.382808], [-105.151488, 40.382335], [-105.151115, 40.381252], [-105.149949, 40.381134], [-105.149933, 40.381124], [-105.149094, 40.381822], [-105.148635, 40.382246], [-105.150115, 40.383651], [-105.150766, 40.383669], [-105.151301, 40.383683], [-105.151295, 40.38371], [-105.151287, 40.383759], [-105.151313, 40.383933], [-105.151323, 40.384008], [-105.151349, 40.384113], [-105.151281, 40.384125], [-105.150561, 40.384296], [-105.151206, 40.386683], [-105.152268, 40.388001], [-105.152612, 40.388466], [-105.152266, 40.389078], [-105.152301, 40.389451], [-105.151984, 40.389495], [-105.151327, 40.389272], [-105.149572, 40.389287], [-105.147937, 40.389236], [-105.147935, 40.389611], [-105.149922, 40.390224], [-105.150805, 40.390334], [-105.150753, 40.392937], [-105.149306, 40.392947], [-105.149307, 40.392842], [-105.148967, 40.392841], [-105.148967, 40.39295], [-105.148963, 40.393052], [-105.148955, 40.393435], [-105.148777, 40.393435], [-105.148057, 40.39343], [-105.148054, 40.393278], [-105.148051, 40.39294], [-105.144225, 40.392805], [-105.142974, 40.392045], [-105.143943, 40.391044], [-105.142186, 40.391472], [-105.141182, 40.392186], [-105.138948, 40.391313], [-105.134783, 40.388573], [-105.134781, 40.388907], [-105.134745, 40.392784], [-105.131436, 40.392778], [-105.127764, 40.392786], [-105.12662, 40.392773], [-105.12635, 40.392774], [-105.126358, 40.392886], [-105.126379, 40.393347], [-105.126391, 40.393642], [-105.125337, 40.393658], [-105.12536, 40.393329], [-105.125366, 40.392909], [-105.125238, 40.392795], [-105.123413, 40.392798], [-105.123308, 40.386895], [-105.123924, 40.386903], [-105.123485, 40.385972], [-105.120724, 40.385396], [-105.121986, 40.383697], [-105.119822, 40.382898], [-105.119783, 40.382267], [-105.12417, 40.383876], [-105.13035, 40.384279], [-105.130463, 40.383943], [-105.131222, 40.383178], [-105.130167, 40.382459], [-105.128751, 40.382576], [-105.128758, 40.381892], [-105.12877, 40.380951], [-105.128784, 40.379871], [-105.132581, 40.37986], [-105.132576, 40.378506], [-105.134894, 40.378511], [-105.134897, 40.378396], [-105.134898, 40.37829], [-105.131597, 40.378249], [-105.131667, 40.376336], [-105.131721, 40.374795], [-105.129186, 40.374806], [-105.123544, 40.374807], [-105.121697, 40.374809], [-105.119293, 40.374824], [-105.118018, 40.374826], [-105.117481, 40.376216], [-105.116263, 40.377203], [-105.114311, 40.376891], [-105.112768, 40.375094], [-105.111917, 40.374807], [-105.110514, 40.374813], [-105.108887, 40.374803], [-105.107857, 40.374805], [-105.106958, 40.374792], [-105.106494, 40.374781], [-105.106473, 40.377414], [-105.104439, 40.377395], [-105.103961, 40.377403], [-105.103954, 40.378194], [-105.103954, 40.378208], [-105.103267, 40.378208], [-105.103126, 40.378202], [-105.10193, 40.378186], [-105.101785, 40.378186], [-105.097378, 40.378263], [-105.097159, 40.378243], [-105.097132, 40.375105], [-105.097168, 40.374711], [-105.098273, 40.374713], [-105.098515, 40.373912], [-105.101377, 40.370664], [-105.1015, 40.370489], [-105.101547, 40.370406], [-105.101598, 40.370362], [-105.101707, 40.370166], [-105.101732, 40.37012], [-105.101909, 40.369878], [-105.101983, 40.369767], [-105.102058, 40.36964], [-105.102542, 40.368937], [-105.102595, 40.368938], [-105.102952, 40.36894], [-105.1031, 40.368938], [-105.103163, 40.369023], [-105.103236, 40.369123], [-105.103709, 40.369765], [-105.104213, 40.370437], [-105.104254, 40.370492], [-105.105858, 40.370864], [-105.106679, 40.369973], [-105.105872, 40.368562], [-105.106833, 40.368304], [-105.109336, 40.368242], [-105.109918, 40.367977], [-105.110016, 40.367244], [-105.110014, 40.36392], [-105.102836, 40.363886], [-105.097261, 40.363751], [-105.097285, 40.359535], [-105.097304, 40.356258], [-105.097312, 40.354966], [-105.097323, 40.352958], [-105.097326, 40.352356], [-105.097342, 40.34948], [-105.093489, 40.349444], [-105.093213, 40.349443], [-105.080941, 40.349393], [-105.078054, 40.349383], [-105.074874, 40.349359], [-105.074041, 40.348986], [-105.069954, 40.349315], [-105.064109, 40.349298], [-105.059371, 40.349289], [-105.05672, 40.349281], [-105.040417, 40.349257], [-105.037683, 40.349256], [-105.018666, 40.349246], [-105.014161, 40.349233], [-105.002429, 40.349217], [-104.98346, 40.349184], [-104.981677, 40.349165], [-104.982289, 40.353878], [-104.983468, 40.357626], [-104.984487, 40.359856], [-104.98701, 40.363672], [-104.986732, 40.363669], [-104.987575, 40.366157], [-104.9908, 40.37211], [-104.992485, 40.375087], [-104.995169, 40.378013], [-105.00095, 40.378127], [-105.001247, 40.378127], [-105.001232, 40.379506], [-105.00234, 40.379804], [-105.002528, 40.379803], [-105.00246, 40.385344], [-104.993881, 40.385358], [-104.993861, 40.388563], [-104.993906, 40.392569], [-104.993462, 40.39257], [-104.993175, 40.39257], [-104.992903, 40.392571], [-104.992742, 40.392571], [-104.992759, 40.393971], [-104.992737, 40.397392], [-104.992736, 40.39998], [-104.992717, 40.402018], [-104.99271, 40.40282], [-104.992516, 40.404752], [-104.991056, 40.406189], [-104.988722, 40.407061], [-104.983449, 40.407116], [-104.983444, 40.406844], [-104.983221, 40.406845], [-104.973851, 40.406919], [-104.967516, 40.407215], [-104.966747, 40.40724], [-104.964324, 40.407195], [-104.964183, 40.407372], [-104.964178, 40.407584], [-104.96414, 40.409432], [-104.963984, 40.417601], [-104.962076, 40.417536], [-104.962076, 40.418488], [-104.963966, 40.41851], [-104.963927, 40.421723], [-104.954886, 40.421598], [-104.955024, 40.414337], [-104.944427, 40.414196], [-104.944545, 40.408492], [-104.944562, 40.407348], [-104.944291, 40.407138], [-104.939356, 40.407069], [-104.926259, 40.407062], [-104.916574, 40.407046], [-104.916577, 40.408685], [-104.915474, 40.408681], [-104.915447, 40.407078], [-104.907482, 40.407061], [-104.907292, 40.40721], [-104.907291, 40.407311], [-104.907197, 40.407313], [-104.907075, 40.40731], [-104.907026, 40.42155], [-104.897775, 40.421429], [-104.88823, 40.421165], [-104.883678, 40.421258], [-104.883783, 40.417667], [-104.879152, 40.417674], [-104.879083, 40.421293], [-104.874487, 40.421293], [-104.874583, 40.414064], [-104.870107, 40.414064], [-104.870102, 40.421088], [-104.869857, 40.421082], [-104.866923, 40.421016], [-104.865605, 40.421317], [-104.860423, 40.421307], [-104.857713, 40.437246], [-104.858362, 40.439972], [-104.858052, 40.440282], [-104.850892, 40.440122], [-104.850648, 40.441046], [-104.849697, 40.441993], [-104.849658, 40.442036], [-104.847869, 40.443154], [-104.8451, 40.442825], [-104.84397, 40.443438], [-104.841437, 40.443439], [-104.841601, 40.445914], [-104.841955, 40.450698], [-104.841925, 40.457876], [-104.84176, 40.457877], [-104.841822, 40.461486], [-104.838092, 40.461474], [-104.83792, 40.461469], [-104.837217, 40.461465], [-104.837186, 40.460891], [-104.837195, 40.458726], [-104.837204, 40.458007], [-104.836747, 40.458017], [-104.830926, 40.458081], [-104.83093, 40.462086], [-104.828069, 40.461508], [-104.828056, 40.458138], [-104.816269, 40.45863], [-104.81628, 40.459238], [-104.816279, 40.459285], [-104.82807, 40.461652], [-104.830931, 40.462224], [-104.837197, 40.463477], [-104.841901, 40.46463], [-104.841741, 40.473897], [-104.835158, 40.473908], [-104.835116, 40.476898], [-104.837425, 40.478181], [-104.840026, 40.478081], [-104.841826, 40.477581], [-104.845826, 40.478881], [-104.846826, 40.478481], [-104.851476, 40.478613], [-104.851468, 40.47961], [-104.832409, 40.479828], [-104.832362, 40.494377], [-104.83236, 40.495652], [-104.83226, 40.507043], [-104.832404, 40.507044], [-104.832396, 40.508821], [-104.832396, 40.508907], [-104.832153, 40.508907], [-104.832124, 40.508885], [-104.827213, 40.509006], [-104.816347, 40.509284], [-104.811663, 40.509387], [-104.801959, 40.509643], [-104.793658, 40.50988], [-104.792615, 40.509918], [-104.773481, 40.51011], [-104.754127, 40.5101], [-104.734877, 40.510183], [-104.731017, 40.510178], [-104.715844, 40.510111], [-104.715844, 40.510144], [-104.705354, 40.509926], [-104.705101, 40.509921], [-104.704698, 40.509912], [-104.704059, 40.509897], [-104.696859, 40.509686], [-104.695469, 40.50964], [-104.692114, 40.509533], [-104.679289, 40.508586], [-104.677902, 40.508556], [-104.658851, 40.508594], [-104.659143, 40.4935], [-104.653104, 40.493544], [-104.649368, 40.493561], [-104.640043, 40.493634], [-104.62089, 40.493523], [-104.601711, 40.493105], [-104.583688, 40.493282], [-104.564717, 40.493186], [-104.564463, 40.493186], [-104.556791, 40.493197], [-104.555102, 40.492357], [-104.553355, 40.492391], [-104.550817, 40.493444], [-104.549203, 40.493203], [-104.545762, 40.493226], [-104.526764, 40.49335], [-104.507594, 40.49347], [-104.507839, 40.478868], [-104.501024, 40.478949], [-104.499877, 40.479199], [-104.49259, 40.482248], [-104.488793, 40.483447], [-104.488823, 40.49359], [-104.480312, 40.493639], [-104.479901, 40.493415], [-104.479797, 40.486082], [-104.479784, 40.485572], [-104.479688, 40.479152], [-104.476346, 40.479172], [-104.470338, 40.479207], [-104.470313, 40.47208], [-104.470235, 40.464755], [-104.479679, 40.464775], [-104.488791, 40.464761], [-104.498851, 40.46455], [-104.507785, 40.464485], [-104.507718, 40.457313], [-104.507811, 40.453781], [-104.50782, 40.450107], [-104.50788, 40.435715], [-104.507946, 40.428341], [-104.508072, 40.416085], [-104.508095, 40.413797], [-104.508178, 40.406621], [-104.508137, 40.399261], [-104.499416, 40.399174], [-104.498521, 40.398854], [-104.498813, 40.391901], [-104.489039, 40.391885], [-104.489023, 40.390993], [-104.4888, 40.379447], [-104.483894, 40.378944], [-104.478089, 40.380596], [-104.475763, 40.380493], [-104.468982, 40.379059], [-104.460382, 40.377241], [-104.457635, 40.376461], [-104.45394, 40.37369], [-104.452646, 40.373232], [-104.44903, 40.374562], [-104.447091, 40.37475], [-104.445922, 40.374335], [-104.445399, 40.372274], [-104.443203, 40.372153], [-104.442059, 40.371061], [-104.440334, 40.368181], [-104.436459, 40.366463], [-104.435498, 40.365694], [-104.433904, 40.362591], [-104.431928, 40.361594], [-104.429121, 40.362521], [-104.426735, 40.360537], [-104.425047, 40.360613], [-104.42251, 40.359525], [-104.422079, 40.357076], [-104.420337, 40.354955], [-104.418995, 40.354294], [-104.415128, 40.351357], [-104.414489, 40.349188], [-104.417464, 40.346323], [-104.417646, 40.346146], [-104.415408, 40.344641], [-104.41497, 40.343156], [-104.415351, 40.33038], [-104.41557, 40.32554], [-104.462177, 40.348175], [-104.463284, 40.347754], [-104.465082, 40.348637], [-104.468359, 40.348669], [-104.471082, 40.348692], [-104.488218, 40.348688], [-104.489495, 40.348694], [-104.489574, 40.334161], [-104.489623, 40.328391], [-104.489641, 40.319642], [-104.508321, 40.319647], [-104.509774, 40.319645], [-104.527162, 40.319618], [-104.527303, 40.305127], [-104.527422, 40.290541], [-104.527424, 40.290355], [-104.527583, 40.27601], [-104.546474, 40.275991], [-104.565378, 40.276221], [-104.580138, 40.276203], [-104.602356, 40.275998], [-104.602427, 40.261475], [-104.602518, 40.246988], [-104.602623, 40.239674], [-104.602684, 40.232742], [-104.602687, 40.232371], [-104.602737, 40.217691], [-104.602738, 40.203429], [-104.602828, 40.188793], [-104.602838, 40.17072], [-104.602868, 40.15982], [-104.602949, 40.145422], [-104.603085, 40.145423], [-104.60304, 40.144867], [-104.603044, 40.138345], [-104.603045, 40.137294], [-104.603048, 40.136769], [-104.603059, 40.136243], [-104.603076, 40.135717], [-104.6031, 40.135192], [-104.60312, 40.134757], [-104.603135, 40.134322], [-104.603146, 40.133887], [-104.602933, 40.133886], [-104.602933, 40.133859], [-104.603147, 40.133859], [-104.60314, 40.120098], [-104.603138, 40.116665], [-104.607482, 40.116685], [-104.607503, 40.120116], [-104.607504, 40.120299], [-104.608351, 40.120303], [-104.608446, 40.120303], [-104.621679, 40.120361], [-104.621733, 40.116742], [-104.630946, 40.116778], [-104.630945, 40.116879], [-104.640725, 40.116923], [-104.640726, 40.116831], [-104.640481, 40.1023], [-104.640471, 40.102222], [-104.642796, 40.102233], [-104.644055, 40.102237], [-104.644166, 40.102239], [-104.644173, 40.101397], [-104.645075, 40.101398], [-104.64508, 40.100796], [-104.644974, 40.100796], [-104.644334, 40.100792], [-104.64433, 40.101228], [-104.644303, 40.101229], [-104.643941, 40.101225], [-104.643941, 40.101293], [-104.643938, 40.102098], [-104.640106, 40.102078], [-104.640107, 40.102215], [-104.638919, 40.102191], [-104.637016, 40.102154], [-104.635357, 40.102122], [-104.634688, 40.102109], [-104.634267, 40.102101], [-104.631362, 40.102044], [-104.630943, 40.102022], [-104.621701, 40.101834], [-104.621611, 40.089516], [-104.625411, 40.08702], [-104.637597, 40.080567], [-104.639893, 40.080559], [-104.649836, 40.080574], [-104.65595, 40.080655], [-104.655993, 40.080451], [-104.654389, 40.080106], [-104.652228, 40.078992], [-104.649864, 40.077045], [-104.649865, 40.074625], [-104.651284, 40.07463], [-104.651313, 40.073262], [-104.649885, 40.073259], [-104.649847, 40.070575], [-104.649811, 40.069992], [-104.651178, 40.066096], [-104.652275, 40.06439], [-104.655377, 40.061109], [-104.657576, 40.058787], [-104.658079, 40.058554], [-104.65855, 40.058744], [-104.658567, 40.058376], [-104.669051, 40.047297], [-104.672013, 40.045952], [-104.673136, 40.044969], [-104.675642, 40.044444], [-104.678488, 40.044313], [-104.678448, 40.041498], [-104.67475, 40.0415], [-104.676522, 40.039326], [-104.676384, 40.039229], [-104.676215, 40.039107], [-104.676041, 40.038983], [-104.675919, 40.038895], [-104.697436, 40.016182], [-104.697449, 40.015686], [-104.695184, 40.017612], [-104.695927, 40.015683], [-104.693523, 40.01508], [-104.696207, 40.014759], [-104.697438, 40.012403], [-104.697142, 40.00051], [-104.686226, 40.000519], [-104.682865, 40.000522], [-104.673518, 40.000528], [-104.648744, 40.00056], [-104.64064, 40.000575], [-104.640632, 39.997203], [-104.640627, 39.994986], [-104.640634, 39.991666], [-104.640639, 39.989657], [-104.640651, 39.986684], [-104.640655, 39.978726], [-104.640689, 39.972087], [-104.640648, 39.957548], [-104.640469, 39.933837], [-104.64044, 39.9284], [-104.640356, 39.913834], [-104.640361, 39.906711], [-104.630939, 39.906645], [-104.630945, 39.899291], [-104.620759, 39.899328], [-104.607274, 39.899124], [-104.599581, 39.899038], [-104.599776, 39.884585], [-104.59981, 39.881307], [-104.605154, 39.881346], [-104.605234, 39.875307], [-104.605261, 39.873114], [-104.608174, 39.873136], [-104.619152, 39.87322], [-104.619189, 39.870327], [-104.619374, 39.855786], [-104.619548, 39.842652], [-104.619742, 39.826635], [-104.603915, 39.826498], [-104.602708, 39.826671], [-104.583336, 39.826394], [-104.564525, 39.826128], [-104.545741, 39.825878], [-104.526961, 39.825602], [-104.520851, 39.825453], [-104.508088, 39.825283], [-104.489294, 39.825005], [-104.489281, 39.810512], [-104.489297, 39.795959], [-104.489219, 39.782253], [-104.489215, 39.7815], [-104.489142, 39.767265], [-104.488906, 39.766991], [-104.470669, 39.766762], [-104.470713, 39.758306], [-104.470481, 39.756987], [-104.470713, 39.756396], [-104.470724, 39.756269], [-104.470765, 39.752276], [-104.470924, 39.738438], [-104.472701, 39.73844], [-104.474663, 39.738453], [-104.480082, 39.738462], [-104.506984, 39.7385], [-104.508042, 39.738502], [-104.522707, 39.738812], [-104.526952, 39.739317], [-104.526901, 39.745863], [-104.526975, 39.755218], [-104.53277, 39.755119], [-104.535187, 39.754895], [-104.545793, 39.753246], [-104.545785, 39.745215], [-104.541018, 39.745174], [-104.541018, 39.746052], [-104.536388, 39.745987], [-104.536399, 39.739383], [-104.545779, 39.739583], [-104.54578, 39.740663], [-104.548165, 39.740701], [-104.548169, 39.739937], [-104.564509, 39.739963], [-104.56451, 39.739657], [-104.582577, 39.739871], [-104.582488, 39.739636], [-104.602222, 39.739878], [-104.602111, 39.740131], [-104.601181, 39.741012], [-104.601146, 39.744434], [-104.592001, 39.745821], [-104.589145, 39.746407], [-104.589172, 39.746451], [-104.589581, 39.747102], [-104.590013, 39.74758], [-104.592546, 39.746869], [-104.592814, 39.747149], [-104.593826, 39.747026], [-104.595188, 39.746924], [-104.595155, 39.750518], [-104.592792, 39.750489], [-104.593134, 39.751539], [-104.595152, 39.752048], [-104.59652, 39.753532], [-104.603021, 39.753906], [-104.612384, 39.753935], [-104.612436, 39.747017], [-104.617962, 39.747036], [-104.617373, 39.746313], [-104.618397, 39.745845], [-104.617137, 39.744977], [-104.621847, 39.74468], [-104.621849, 39.744175], [-104.621861, 39.741333], [-104.615428, 39.742348], [-104.613655, 39.740228], [-104.613603, 39.739982], [-104.616197, 39.740004], [-104.61616, 39.739805], [-104.622047, 39.739849], [-104.622053, 39.725472], [-104.624546, 39.725366], [-104.628704, 39.725663], [-104.640748, 39.725533], [-104.650126, 39.725534], [-104.650009, 39.738178], [-104.65008, 39.738923], [-104.640651, 39.737692], [-104.637575, 39.737554], [-104.63759, 39.737906], [-104.638906, 39.737883], [-104.656225, 39.73999], [-104.659964, 39.74028], [-104.66138, 39.740289], [-104.665775, 39.740093], [-104.676244, 39.739967], [-104.678247, 39.739994], [-104.678282, 39.739518], [-104.678262, 39.738731], [-104.678274, 39.736442], [-104.668891, 39.736412], [-104.668902, 39.734916], [-104.668938, 39.726066], [-104.66894, 39.725709], [-104.660281, 39.725714], [-104.659657, 39.725716], [-104.65953, 39.725714], [-104.659532, 39.725534], [-104.659535, 39.718315], [-104.650183, 39.718353], [-104.650285, 39.711333], [-104.641017, 39.711441], [-104.622058, 39.710788], [-104.622063, 39.696348], [-104.622081, 39.694199], [-104.622103, 39.691016], [-104.619736, 39.69108], [-104.618724, 39.69013], [-104.619149, 39.688457], [-104.612742, 39.688454], [-104.612733, 39.689027], [-104.603396, 39.688997], [-104.603363, 39.696238], [-104.593268, 39.69609], [-104.593157, 39.703343], [-104.583639, 39.703211], [-104.583809, 39.695988], [-104.584314, 39.666991], [-104.603523, 39.66725], [-104.614759, 39.667248], [-104.614761, 39.66733], [-104.614758, 39.667913], [-104.615261, 39.667915], [-104.6155, 39.667916], [-104.61551, 39.66739], [-104.615513, 39.667252], [-104.622183, 39.667307], [-104.640968, 39.667387], [-104.657512, 39.667405], [-104.657934, 39.667405], [-104.662649, 39.667434], [-104.669992, 39.667417], [-104.678777, 39.667408], [-104.69753, 39.667542], [-104.697533, 39.667322], [-104.703771, 39.667389], [-104.708859, 39.667444], [-104.716163, 39.667524], [-104.722898, 39.667526], [-104.723169, 39.667527], [-104.725537, 39.667512], [-104.725613, 39.652978], [-104.725697, 39.638632], [-104.719445, 39.638653], [-104.719447, 39.638558], [-104.7222, 39.638535], [-104.727831, 39.638557], [-104.735058, 39.638452], [-104.735061, 39.63855], [-104.734998, 39.640827], [-104.734951, 39.646441], [-104.734935, 39.648215], [-104.734923, 39.6495], [-104.734916, 39.650274], [-104.734909, 39.651285], [-104.734896, 39.652896], [-104.734896, 39.652975], [-104.737177, 39.65304], [-104.741696, 39.653054], [-104.743748, 39.65304], [-104.747417, 39.653052], [-104.750287, 39.653058], [-104.750289, 39.652929], [-104.75247, 39.652914], [-104.752308, 39.651698], [-104.752314, 39.650789], [-104.752319, 39.649974], [-104.752322, 39.649356], [-104.752467, 39.649039], [-104.752953, 39.648743], [-104.753343, 39.648707], [-104.753732, 39.648706], [-104.7538, 39.645769], [-104.753885, 39.643121], [-104.754189, 39.638565], [-104.754191, 39.638465], [-104.753893, 39.638478], [-104.75389, 39.638382], [-104.753833, 39.637312], [-104.75388, 39.631233], [-104.75397, 39.626545], [-104.753997, 39.624002], [-104.751777, 39.624001], [-104.75129, 39.623986], [-104.750206, 39.623997], [-104.746286, 39.623986], [-104.738231, 39.623976], [-104.738242, 39.623033], [-104.738449, 39.622269], [-104.738704, 39.621326], [-104.738704, 39.619047], [-104.739177, 39.617628], [-104.740397, 39.616863], [-104.740989, 39.616559], [-104.74058, 39.616039], [-104.74135, 39.615677], [-104.742131, 39.61531], [-104.742905, 39.614887], [-104.743252, 39.613448], [-104.742535, 39.61219], [-104.742372, 39.61176], [-104.741557, 39.61202], [-104.739846, 39.611575], [-104.739311, 39.611015], [-104.738781, 39.61046], [-104.737168, 39.609297], [-104.735786, 39.60929], [-104.735342, 39.609282], [-104.735362, 39.605443], [-104.735332, 39.605446], [-104.735255, 39.605457], [-104.735054, 39.605493], [-104.734781, 39.605566], [-104.734189, 39.605781], [-104.733822, 39.605901], [-104.733484, 39.60599], [-104.733065, 39.606073], [-104.733077, 39.606232], [-104.732903, 39.606262], [-104.732727, 39.606287], [-104.732461, 39.606316], [-104.732163, 39.606334], [-104.731689, 39.606312], [-104.731153, 39.606216], [-104.730707, 39.606093], [-104.730036, 39.605824], [-104.729798, 39.605703], [-104.729709, 39.605659], [-104.729612, 39.605611], [-104.728729, 39.605152], [-104.727383, 39.6043], [-104.725419, 39.602176], [-104.722797, 39.60135], [-104.71862, 39.602374], [-104.716747, 39.602441], [-104.716665, 39.609421], [-104.716792, 39.609546], [-104.71675, 39.613418], [-104.716747, 39.613678], [-104.716744, 39.613984], [-104.716613, 39.616668], [-104.716586, 39.6181], [-104.716531, 39.622924], [-104.716513, 39.624448], [-104.716345, 39.624451], [-104.716307, 39.628295], [-104.716297, 39.629392], [-104.712889, 39.629383], [-104.712864, 39.631522], [-104.712424, 39.63152], [-104.710915, 39.63119], [-104.706282, 39.631175], [-104.698611, 39.631154], [-104.697854, 39.631152], [-104.697751, 39.631157], [-104.697775, 39.629884], [-104.697757, 39.626488], [-104.694206, 39.626526], [-104.691565, 39.623779], [-104.691565, 39.623145], [-104.68347, 39.62311], [-104.683464, 39.62031], [-104.679155, 39.620324], [-104.67915, 39.623041], [-104.679026, 39.638238], [-104.679359, 39.638237], [-104.683865, 39.638228], [-104.683907, 39.634352], [-104.686503, 39.634351], [-104.686467, 39.638195], [-104.686466, 39.638337], [-104.679946, 39.638327], [-104.679939, 39.638539], [-104.67902, 39.638539], [-104.678972, 39.640975], [-104.678952, 39.642019], [-104.678804, 39.652874], [-104.678456, 39.65287], [-104.676472, 39.652876], [-104.659964, 39.652938], [-104.66026, 39.638417], [-104.660414, 39.62391], [-104.660337, 39.623911], [-104.654749, 39.623957], [-104.654767, 39.620832], [-104.651121, 39.616661], [-104.651596, 39.615523], [-104.651782, 39.613048], [-104.654609, 39.613879], [-104.653781, 39.611633], [-104.650957, 39.608716], [-104.652808, 39.606575], [-104.655501, 39.60493], [-104.653445, 39.602204], [-104.654297, 39.600616], [-104.656567, 39.599101], [-104.656561, 39.597991], [-104.659519, 39.594933], [-104.660759, 39.594929], [-104.660667, 39.58025], [-104.660784, 39.574387], [-104.642013, 39.574308], [-104.642125, 39.56589], [-104.660626, 39.565909], [-104.664122, 39.565913], [-104.672805, 39.565923], [-104.674568, 39.565928], [-104.679311, 39.5659], [-104.679324, 39.565631], [-104.679447, 39.562176], [-104.679556, 39.553849], [-104.679588, 39.552531], [-104.679556, 39.550707], [-104.691354, 39.550817], [-104.692462, 39.550823], [-104.69422, 39.550866], [-104.698439, 39.550934], [-104.700755, 39.550963], [-104.703079, 39.550989], [-104.704938, 39.551037], [-104.707232, 39.551072], [-104.70792, 39.551092], [-104.721629, 39.551211], [-104.728648, 39.551184], [-104.730143, 39.551181], [-104.731175, 39.551191], [-104.73203, 39.5512], [-104.732424, 39.551205], [-104.734273, 39.551229], [-104.735306, 39.551243], [-104.735369, 39.551243], [-104.735557, 39.551246], [-104.735621, 39.551247], [-104.735898, 39.55125], [-104.736728, 39.551261], [-104.736656, 39.558326], [-104.736628, 39.565888], [-104.739438, 39.565935], [-104.744392, 39.565994], [-104.745929, 39.566022], [-104.746043, 39.566025], [-104.746095, 39.563168], [-104.74615, 39.560399], [-104.746386, 39.558745], [-104.750848, 39.55878], [-104.750818, 39.560549], [-104.755623, 39.560606], [-104.756514, 39.558823], [-104.764814, 39.558821], [-104.76585, 39.558873], [-104.768198, 39.558882], [-104.770076, 39.560426], [-104.770355, 39.560516], [-104.774027, 39.561139], [-104.774177, 39.561127], [-104.774334, 39.561106], [-104.774429, 39.561092], [-104.774428, 39.561162], [-104.774428, 39.561178], [-104.774422, 39.561188], [-104.774422, 39.561205], [-104.774427, 39.561835], [-104.774439, 39.563379], [-104.774438, 39.565848], [-104.784654, 39.565755], [-104.784812, 39.565925], [-104.784965, 39.566088], [-104.785308, 39.566088], [-104.785519, 39.566087], [-104.791368, 39.566087], [-104.793488, 39.56609], [-104.800612, 39.565893], [-104.800939, 39.565887], [-104.801095, 39.565885], [-104.801371, 39.565887], [-104.813658, 39.565988], [-104.814077, 39.565988], [-104.815686, 39.565988], [-104.832651, 39.565988], [-104.832934, 39.565988], [-104.836228, 39.565988], [-104.839479, 39.565988], [-104.842315, 39.565988], [-104.843593, 39.565988], [-104.855548, 39.565992], [-104.85654, 39.566012], [-104.857406, 39.566029], [-104.860601, 39.566048], [-104.860665, 39.56605], [-104.866612, 39.565993], [-104.867124, 39.56598], [-104.8695, 39.565983], [-104.872123, 39.565993], [-104.872366, 39.565997], [-104.874043, 39.566017], [-104.880051, 39.565954], [-104.882826, 39.565951], [-104.88571, 39.565979], [-104.887588, 39.565964], [-104.888861, 39.565991], [-104.897067, 39.565971], [-104.902204, 39.565982], [-104.904175, 39.565982], [-104.904415, 39.565982], [-104.911872, 39.566024], [-104.913831, 39.566029], [-104.922963, 39.566053], [-104.923018, 39.56605], [-104.929106, 39.566038], [-104.933212, 39.566042], [-104.941705, 39.566025], [-104.941883, 39.566026], [-104.945072, 39.566035], [-104.945959, 39.566064], [-104.95026, 39.566077], [-104.951697, 39.566077], [-104.953404, 39.566091], [-104.955644, 39.566111], [-104.960469, 39.566129], [-104.969867, 39.566073], [-104.971802, 39.566064], [-104.972816, 39.566068], [-104.973255, 39.566069], [-104.977449, 39.566083], [-104.979187, 39.566091], [-104.982365, 39.566102], [-104.988529, 39.566124], [-104.992793, 39.566135], [-104.993299, 39.566135], [-104.996368, 39.566143], [-105.00128, 39.56615], [-105.003071, 39.566151], [-105.00512, 39.566154], [-105.012648, 39.566156], [-105.017131, 39.566132], [-105.021377, 39.566147], [-105.026024, 39.566174], [-105.026146, 39.566175], [-105.028468, 39.566185], [-105.028994, 39.566187], [-105.030292, 39.566187], [-105.03232, 39.566184], [-105.033185, 39.566186], [-105.033548, 39.566187], [-105.034833, 39.566186], [-105.035561, 39.566193], [-105.035936, 39.566189], [-105.038209, 39.56619], [-105.038624, 39.566189], [-105.038748, 39.566189], [-105.039633, 39.566189], [-105.039869, 39.566189], [-105.040285, 39.56619], [-105.04085, 39.566145], [-105.041058, 39.56609], [-105.044159, 39.566088], [-105.044814, 39.566088], [-105.04874, 39.566088], [-105.051366, 39.563257], [-105.05306, 39.563109], [-105.057252, 39.562306], [-105.058257, 39.560379], [-105.060714, 39.559941], [-105.06064, 39.557888], [-105.06113, 39.556906], [-105.063798, 39.555239], [-105.06424, 39.554188], [-105.065672, 39.553346], [-105.066735, 39.550499], [-105.070308, 39.547896], [-105.071385, 39.546429], [-105.073045, 39.545265], [-105.074111, 39.544268], [-105.074594, 39.541652], [-105.076419, 39.540055], [-105.077745, 39.536706], [-105.076571, 39.534968], [-105.076106, 39.532691], [-105.076434, 39.531624], [-105.079461, 39.525888], [-105.079288, 39.523893], [-105.080096, 39.523156], [-105.079404, 39.520816], [-105.078248, 39.517915], [-105.077945, 39.517495], [-105.078298, 39.514736], [-105.078859, 39.51285], [-105.0787, 39.510836], [-105.081133, 39.509667], [-105.082291, 39.508357], [-105.084665, 39.506585], [-105.085227, 39.50543], [-105.084746, 39.504789], [-105.085275, 39.503608], [-105.084841, 39.50121], [-105.086495, 39.499133], [-105.086148, 39.497633], [-105.087156, 39.497028], [-105.087185, 39.496061], [-105.086109, 39.494923], [-105.086751, 39.493423], [-105.088514, 39.492392], [-105.091353, 39.48928], [-105.09333, 39.488054], [-105.094134, 39.487841], [-105.095765, 39.486873], [-105.09699, 39.486322], [-105.097704, 39.48574], [-105.098707, 39.485394], [-105.099234, 39.485346], [-105.100359, 39.485487], [-105.101028, 39.485345], [-105.101808, 39.484944], [-105.102806, 39.484723], [-105.103313, 39.484715], [-105.104641, 39.48502], [-105.106942, 39.484719], [-105.110685, 39.483553], [-105.111709, 39.483529], [-105.112363, 39.483638], [-105.113154, 39.483904], [-105.113975, 39.484398], [-105.114432, 39.484791], [-105.114694, 39.4858], [-105.115093, 39.485976], [-105.115671, 39.48596], [-105.116866, 39.485691], [-105.117646, 39.485392], [-105.118142, 39.484936], [-105.118304, 39.48452], [-105.118196, 39.483554], [-105.118266, 39.482988], [-105.117941, 39.482635], [-105.117616, 39.482573], [-105.116208, 39.482739], [-105.115883, 39.482535], [-105.115973, 39.481844], [-105.116276, 39.481451], [-105.117167, 39.480884], [-105.118535, 39.480207], [-105.119026, 39.480124], [-105.119543, 39.480352], [-105.120312, 39.481038], [-105.121017, 39.481454], [-105.121823, 39.481304], [-105.12278, 39.480643], [-105.123339, 39.480116], [-105.124518, 39.479384], [-105.127081, 39.478185], [-105.12812, 39.477626], [-105.128398, 39.477388], [-105.128764, 39.475783], [-105.129395, 39.474873], [-105.130357, 39.47368], [-105.130837, 39.473398], [-105.131582, 39.472679], [-105.133393, 39.47211], [-105.134409, 39.471477], [-105.134931, 39.470952], [-105.135007, 39.470574], [-105.134797, 39.470201], [-105.134169, 39.46964], [-105.133777, 39.469138], [-105.13363, 39.46868], [-105.132625, 39.467908], [-105.1327, 39.467103], [-105.133132, 39.466312], [-105.132975, 39.464807], [-105.132577, 39.464321], [-105.132638, 39.463635], [-105.13304, 39.46249], [-105.132941, 39.461912], [-105.132529, 39.461248], [-105.131879, 39.460525], [-105.13086, 39.459932], [-105.130399, 39.459527], [-105.128661, 39.458865], [-105.127712, 39.458613], [-105.127226, 39.458101], [-105.127184, 39.458021], [-105.126908, 39.457668], [-105.126881, 39.457635], [-105.126846, 39.457561], [-105.126825, 39.457516], [-105.126821, 39.45734], [-105.126696, 39.4572], [-105.126377, 39.457069], [-105.126201, 39.457009], [-105.125661, 39.45679], [-105.125543, 39.456742], [-105.125362, 39.456665], [-105.125096, 39.456435], [-105.125027, 39.456375], [-105.125017, 39.456367], [-105.124824, 39.456029], [-105.124509, 39.455535], [-105.124317, 39.455211], [-105.124229, 39.455062], [-105.124184, 39.454985], [-105.124092, 39.454616], [-105.124036, 39.454279], [-105.123984, 39.453807], [-105.123881, 39.453022], [-105.123621, 39.452383], [-105.123597, 39.452323], [-105.123492, 39.452006], [-105.123316, 39.451475], [-105.123078, 39.450887], [-105.123062, 39.450847], [-105.123025, 39.450495], [-105.123, 39.450258], [-105.123054, 39.450042], [-105.123071, 39.449975], [-105.123425, 39.449716], [-105.123728, 39.449464], [-105.123758, 39.449276], [-105.123697, 39.449087], [-105.123629, 39.449025], [-105.123413, 39.448828], [-105.123309, 39.448696], [-105.123185, 39.448538], [-105.123148, 39.448379], [-105.123093, 39.448138], [-105.123103, 39.447957], [-105.123214, 39.447831], [-105.123578, 39.447721], [-105.12368, 39.447676], [-105.123852, 39.447603], [-105.123972, 39.447473], [-105.123983, 39.447461], [-105.123922, 39.447053], [-105.123789, 39.446621], [-105.12385, 39.4463], [-105.123925, 39.445914], [-105.124066, 39.445419], [-105.124369, 39.444892], [-105.124742, 39.44402], [-105.124792, 39.443533], [-105.124796, 39.443097], [-105.124738, 39.442872], [-105.124704, 39.442736], [-105.124795, 39.442508], [-105.125027, 39.442174], [-105.125338, 39.441944], [-105.125355, 39.441922], [-105.125385, 39.441854], [-105.125477, 39.441653], [-105.125508, 39.441586], [-105.125544, 39.441509], [-105.12559, 39.441448], [-105.125623, 39.441386], [-105.12572, 39.441212], [-105.12589, 39.440746], [-105.125945, 39.440598], [-105.125977, 39.440532], [-105.126144, 39.440187], [-105.126126, 39.439761], [-105.125925, 39.439101], [-105.125609, 39.438619], [-105.125544, 39.438521], [-105.125469, 39.438337], [-105.125337, 39.438086], [-105.125059, 39.437371], [-105.124993, 39.437041], [-105.124956, 39.436437], [-105.12489, 39.436221], [-105.124674, 39.435879], [-105.12436, 39.435561], [-105.123672, 39.43477], [-105.123644, 39.434737], [-105.123617, 39.434698], [-105.123522, 39.434561], [-105.123598, 39.434129], [-105.126279, 39.432791], [-105.127377, 39.43221], [-105.128424, 39.431757], [-105.129147, 39.431162], [-105.129428, 39.430933], [-105.130054, 39.430064], [-105.131564, 39.429235], [-105.133071, 39.427439], [-105.133962, 39.427047], [-105.135425, 39.426779], [-105.135924, 39.426495], [-105.136973, 39.425421], [-105.137656, 39.424022], [-105.137813, 39.423435], [-105.138206, 39.42307], [-105.140567, 39.422401], [-105.141013, 39.421854], [-105.141408, 39.421136], [-105.142037, 39.420678], [-105.144031, 39.419604], [-105.145316, 39.418814], [-105.146044, 39.418789], [-105.146679, 39.418611], [-105.147153, 39.418327], [-105.148307, 39.418084], [-105.14942, 39.4176], [-105.151244, 39.416189], [-105.151767, 39.415681], [-105.152866, 39.41502], [-105.153668, 39.414726], [-105.154513, 39.414284], [-105.155977, 39.413802], [-105.159937, 39.414323], [-105.161261, 39.413758], [-105.16262, 39.411929], [-105.166671, 39.40851], [-105.169042, 39.408936], [-105.170656, 39.408019], [-105.170963, 39.407825], [-105.171278, 39.406854], [-105.170482, 39.404602], [-105.169441, 39.403326], [-105.169408, 39.40159], [-105.168214, 39.40021], [-105.167194, 39.399753], [-105.166972, 39.398187], [-105.167642, 39.395748], [-105.167258, 39.394308], [-105.165495, 39.394008], [-105.164337, 39.391136], [-105.166997, 39.390588], [-105.167913, 39.389823], [-105.169968, 39.389096], [-105.171219, 39.386804], [-105.172978, 39.385745], [-105.173515, 39.383203], [-105.173284, 39.382317], [-105.170856, 39.382261], [-105.169615, 39.380682], [-105.169785, 39.380342], [-105.170746, 39.380008], [-105.17125, 39.379638], [-105.1714, 39.37901], [-105.172322, 39.378351], [-105.172826, 39.378143], [-105.172997, 39.377722], [-105.172614, 39.37705], [-105.172652, 39.376799], [-105.17226, 39.376411], [-105.171331, 39.376025], [-105.171116, 39.375719], [-105.17033, 39.375347], [-105.170165, 39.374518], [-105.169955, 39.374437], [-105.168688, 39.374386], [-105.168133, 39.374224], [-105.1679, 39.37398], [-105.167099, 39.3722], [-105.167141, 39.371747], [-105.167636, 39.370426], [-105.168661, 39.369604], [-105.169114, 39.369098], [-105.169195, 39.368702], [-105.169037, 39.368405], [-105.168922, 39.367265], [-105.168685, 39.366922], [-105.167792, 39.366371], [-105.16779, 39.36558], [-105.167275, 39.364882], [-105.166892, 39.364679], [-105.166808, 39.364109], [-105.166435, 39.362958], [-105.166418, 39.362318], [-105.166574, 39.361754], [-105.167157, 39.361014], [-105.167616, 39.360135], [-105.167531, 39.359326], [-105.16786, 39.359017], [-105.169127, 39.358934], [-105.169699, 39.358631], [-105.170219, 39.357961], [-105.171517, 39.35722], [-105.172357, 39.355817], [-105.171853, 39.35345], [-105.175157, 39.35049], [-105.177193, 39.349579], [-105.177469, 39.348945], [-105.176532, 39.347515], [-105.177158, 39.34471], [-105.179174, 39.343462], [-105.179558, 39.342415], [-105.178729, 39.340786], [-105.1801, 39.339155], [-105.182144, 39.338588], [-105.182691, 39.337132], [-105.183956, 39.33549], [-105.185071, 39.334831], [-105.187837, 39.334186], [-105.187432, 39.333256], [-105.185572, 39.333003], [-105.182403, 39.331432], [-105.182305, 39.329797], [-105.186057, 39.32829], [-105.188184, 39.327961], [-105.188054, 39.326902], [-105.185883, 39.326155], [-105.185486, 39.324405], [-105.186292, 39.323304], [-105.187803, 39.322853], [-105.188674, 39.321391], [-105.18917, 39.320001], [-105.188587, 39.317384], [-105.190197, 39.316194], [-105.193487, 39.312582], [-105.194662, 39.312434], [-105.198156, 39.310432], [-105.198268, 39.309222], [-105.19668, 39.308544], [-105.197226, 39.306573], [-105.197824, 39.304988], [-105.196522, 39.303949], [-105.196, 39.302082], [-105.197231, 39.30172], [-105.200212, 39.302029], [-105.201283, 39.30077], [-105.201368, 39.299269], [-105.204979, 39.299798], [-105.206793, 39.299196], [-105.207681, 39.298194], [-105.207173, 39.296228], [-105.205231, 39.294899], [-105.202887, 39.294752], [-105.202576, 39.293321], [-105.20393, 39.293056], [-105.205527, 39.29399], [-105.20665, 39.293971], [-105.206981, 39.293202], [-105.205531, 39.291681], [-105.206498, 39.290678], [-105.207386, 39.290846], [-105.2076, 39.291397], [-105.207908, 39.291525], [-105.208685, 39.291041], [-105.208736, 39.290616], [-105.208042, 39.289612], [-105.208586, 39.288837], [-105.21017, 39.28774], [-105.210814, 39.286733], [-105.211792, 39.285765], [-105.212415, 39.284609], [-105.211334, 39.282915], [-105.211325, 39.280967], [-105.21326, 39.279724], [-105.213755, 39.278894], [-105.215775, 39.278428], [-105.216386, 39.277618], [-105.215526, 39.276788], [-105.217507, 39.274596], [-105.215947, 39.273459], [-105.215429, 39.273111], [-105.215357, 39.272814], [-105.21558, 39.272232], [-105.216462, 39.271771], [-105.217315, 39.271589], [-105.218394, 39.270784], [-105.219179, 39.270503], [-105.220559, 39.269174], [-105.220778, 39.268662], [-105.220776, 39.268063], [-105.220611, 39.267842], [-105.219935, 39.267464], [-105.218699, 39.267042], [-105.218477, 39.266536], [-105.218714, 39.26589], [-105.21875, 39.265349], [-105.218476, 39.264385], [-105.217784, 39.263548], [-105.217419, 39.260395], [-105.219598, 39.259641], [-105.224761, 39.260707], [-105.225142, 39.259443], [-105.223402, 39.258417], [-105.223443, 39.256154], [-105.224405, 39.255894], [-105.226681, 39.256502], [-105.22736, 39.256001], [-105.227401, 39.254176], [-105.227516, 39.253988], [-105.227777, 39.25386], [-105.228121, 39.253766], [-105.229161, 39.253723], [-105.230991, 39.253819], [-105.231537, 39.253881], [-105.231807, 39.253962], [-105.232437, 39.254345], [-105.233292, 39.254948], [-105.234034, 39.255302], [-105.234176, 39.255337], [-105.234393, 39.255307], [-105.23458, 39.255091], [-105.234825, 39.254573], [-105.2348, 39.253872], [-105.23472, 39.253581], [-105.234202, 39.252413], [-105.234198, 39.252247], [-105.234354, 39.251979], [-105.234833, 39.251573], [-105.235256, 39.251313], [-105.235619, 39.251199], [-105.236094, 39.251096], [-105.237388, 39.250942], [-105.237604, 39.250875], [-105.237701, 39.250674], [-105.237678, 39.25047], [-105.237591, 39.250185], [-105.237438, 39.249989], [-105.237373, 39.24975], [-105.237399, 39.249618], [-105.237336, 39.2495], [-105.23713, 39.249348], [-105.236728, 39.2493], [-105.23646, 39.249328], [-105.236238, 39.249426], [-105.236024, 39.2496], [-105.235765, 39.249677], [-105.235452, 39.249671], [-105.23514, 39.249623], [-105.234952, 39.249491], [-105.234781, 39.249297], [-105.234745, 39.249019], [-105.234775, 39.248706], [-105.234657, 39.248242], [-105.234387, 39.247534], [-105.234208, 39.247243], [-105.233938, 39.246868], [-105.234036, 39.246667], [-105.234169, 39.246535], [-105.23432, 39.246312], [-105.234346, 39.246069], [-105.234265, 39.245778], [-105.234367, 39.245562], [-105.234958, 39.245062], [-105.236095, 39.244058], [-105.239741, 39.243635], [-105.240559, 39.244057], [-105.243403, 39.242655], [-105.246017, 39.240566], [-105.248536, 39.240846], [-105.249303, 39.241788], [-105.252428, 39.243695], [-105.253472, 39.243314], [-105.253536, 39.241372], [-105.254888, 39.240441], [-105.25432, 39.237923], [-105.255572, 39.235853], [-105.256781, 39.234746], [-105.257228, 39.233547], [-105.258343, 39.232801], [-105.261784, 39.231482], [-105.263511, 39.229261], [-105.263424, 39.22836], [-105.26166, 39.226805], [-105.261455, 39.225999], [-105.262425, 39.22483], [-105.261302, 39.223269], [-105.263528, 39.221169], [-105.262868, 39.219463], [-105.260576, 39.216688], [-105.26152, 39.214758], [-105.26135, 39.213866], [-105.260086, 39.212558], [-105.259654, 39.211374], [-105.260054, 39.210445], [-105.26212, 39.209918], [-105.263111, 39.208023], [-105.267546, 39.209225], [-105.269519, 39.209419], [-105.272052, 39.208672], [-105.272176, 39.208651], [-105.27316, 39.207624], [-105.275597, 39.207626], [-105.276291, 39.207216], [-105.27674, 39.205186], [-105.277392, 39.204469], [-105.277696, 39.202801], [-105.278814, 39.201811], [-105.281261, 39.201757], [-105.282929, 39.199953], [-105.2851, 39.194588], [-105.284702, 39.192703], [-105.285067, 39.191019], [-105.285928, 39.189585], [-105.28639, 39.186314], [-105.289182, 39.184172], [-105.289236, 39.183416], [-105.287331, 39.181255], [-105.287377, 39.179442], [-105.287937, 39.178476], [-105.289498, 39.177494], [-105.294748, 39.174838], [-105.293635, 39.173975], [-105.294216, 39.172977], [-105.29944, 39.172529], [-105.3, 39.171562], [-105.301529, 39.170612], [-105.302014, 39.169246], [-105.300214, 39.168017], [-105.301022, 39.166777], [-105.302271, 39.166689], [-105.304454, 39.164281], [-105.306012, 39.164661], [-105.307962, 39.16534], [-105.308345, 39.164479], [-105.309982, 39.163519], [-105.310692, 39.161526], [-105.313063, 39.160019], [-105.313557, 39.159121], [-105.313087, 39.157077], [-105.314136, 39.155515], [-105.31531, 39.154895], [-105.315949, 39.151302], [-105.315579, 39.149911], [-105.316193, 39.148855], [-105.315347, 39.146712], [-105.315634, 39.145801], [-105.316785, 39.145573], [-105.319916, 39.145754], [-105.321556, 39.146191], [-105.323285, 39.144992], [-105.322147, 39.142958], [-105.322782, 39.141114], [-105.321778, 39.139017], [-105.321962, 39.136967], [-105.322757, 39.135595], [-105.324774, 39.133863], [-105.327393, 39.130873], [-105.32922, 39.129689], [-105.329445, 39.129487], [-105.308226, 39.12956], [-105.285643, 39.129576], [-105.278897, 39.129575], [-105.275619, 39.129566], [-105.259567, 39.129553], [-105.25728, 39.129552], [-105.250548, 39.129546], [-105.235118, 39.129536], [-105.201706, 39.129551], [-105.201522, 39.129552], [-105.199104, 39.129565], [-105.183069, 39.129549], [-105.171751, 39.12958], [-105.162655, 39.129583], [-105.157944, 39.129595], [-105.134837, 39.129623], [-105.106606, 39.129685], [-105.104354, 39.129686], [-105.06749, 39.129718], [-105.060653, 39.129739], [-105.055258, 39.129724], [-105.033573, 39.12971], [-105.03358, 39.129819], [-105.029549, 39.129831], [-105.00054, 39.129917], [-104.993898, 39.129901], [-104.945267, 39.129828], [-104.923787, 39.129822], [-104.912201, 39.129817], [-104.910277, 39.129848], [-104.904251, 39.129816], [-104.900025, 39.129837], [-104.895977, 39.129858], [-104.89503, 39.129857], [-104.879511, 39.12983], [-104.867682, 39.12982], [-104.863922, 39.129791], [-104.863664, 39.12979], [-104.860747, 39.129833], [-104.857788, 39.129854], [-104.851053, 39.129841], [-104.843461, 39.129871], [-104.835466, 39.1298], [-104.83399, 39.129813], [-104.831904, 39.12979], [-104.830585, 39.129764], [-104.820789, 39.129723], [-104.814129, 39.129755], [-104.812991, 39.129731], [-104.80443, 39.129698], [-104.802935, 39.129692], [-104.799329, 39.12972], [-104.794152, 39.12972], [-104.789243, 39.12969], [-104.782787, 39.129678], [-104.774745, 39.129651], [-104.76987, 39.129661], [-104.766571, 39.129674], [-104.763883, 39.129658], [-104.761081, 39.129681], [-104.760654, 39.129671], [-104.755965, 39.12966], [-104.754827, 39.129662], [-104.746434, 39.12965], [-104.739616, 39.129642], [-104.730746, 39.129629], [-104.721369, 39.129613], [-104.711296, 39.129576], [-104.701677, 39.129572], [-104.692497, 39.129536], [-104.689497, 39.129552], [-104.68647, 39.129546], [-104.676413, 39.129501], [-104.670342, 39.129485], [-104.665017, 39.129585], [-104.663373, 39.129533], [-104.662896, 39.129527], [-104.65987, 39.12952], [-104.657268, 39.129516], [-104.645089, 39.129526], [-104.644172, 39.129528], [-104.643634, 39.129512], [-104.640394, 39.129524], [-104.630219, 39.129475], [-104.629816, 39.129467], [-104.628609, 39.129446], [-104.628207, 39.12944], [-104.626381, 39.129461], [-104.622311, 39.129796], [-104.618709, 39.129648], [-104.613444, 39.129441], [-104.610235, 39.129435], [-104.593699, 39.129417], [-104.589251, 39.129396], [-104.586331, 39.129405], [-104.582645, 39.129457], [-104.551765, 39.129427], [-104.552158, 39.100439], [-104.552323, 39.091145], [-104.552191, 39.089609], [-104.550982, 39.085996], [-104.549627, 39.082259], [-104.548259, 39.079243], [-104.547937, 39.077689], [-104.547961, 39.060746], [-104.547973, 39.057864], [-104.548044, 39.053491], [-104.548023, 39.049457], [-104.54808, 39.042547], [-104.539069, 39.042582], [-104.529684, 39.042631], [-104.517991, 39.042655], [-104.50639, 39.04272], [-104.497171, 39.042761], [-104.489938, 39.042798], [-104.486263, 39.042392], [-104.483926, 39.042519], [-104.478557, 39.042435], [-104.475982, 39.042383], [-104.473804, 39.042348], [-104.461436, 39.042129], [-104.441616, 39.04177], [-104.423346, 39.041424], [-104.404838, 39.041041], [-104.40481, 39.035131], [-104.404752, 39.026191], [-104.386428, 39.026218], [-104.386292, 39.005277], [-104.386317, 39.000951], [-104.386332, 38.997218], [-104.38379, 38.997262], [-104.36792, 38.997526], [-104.367966, 38.986032], [-104.367897, 38.968622], [-104.367752, 38.95983], [-104.367867, 38.954055], [-104.342052, 38.954176], [-104.331003, 38.954298], [-104.331392, 38.939902], [-104.349812, 38.939715], [-104.350172, 38.925304], [-104.331588, 38.925534]]]]}}, {"type": "Feature", "properties": {"id": 5, "NAME": "5", "text-color": "#000000", "text-size": 16, "TotalPop": 721714, "PopDevPct": -3.5e-07, "DemPct": 0.44083596, "RepPct": 0.5316361, "WhitePct": 0.69094625, "MinorityPct": 0.30905375, "BlackPct": 0.07659484, "HispanicPct": 0.15459935, "PacificPct": 0.00762633, "AsianPct": 0.04923864, "NativePct": 0.03484664, "TotalVAP": 551904, "Margin": -0.05916404, "color": "#ffb800", "opacity": "0.5", "year": 2022, "state": "CO", "state-district": "CO-05"}, "geometry": {"type": "MultiPolygon", "coordinates": [[[[-104.692497, 39.129536], [-104.701677, 39.129572], [-104.711296, 39.129576], [-104.721369, 39.129613], [-104.730746, 39.129629], [-104.739616, 39.129642], [-104.746434, 39.12965], [-104.754827, 39.129662], [-104.755965, 39.12966], [-104.760654, 39.129671], [-104.761081, 39.129681], [-104.763883, 39.129658], [-104.766571, 39.129674], [-104.76987, 39.129661], [-104.774745, 39.129651], [-104.782787, 39.129678], [-104.789243, 39.12969], [-104.794152, 39.12972], [-104.799329, 39.12972], [-104.802935, 39.129692], [-104.80443, 39.129698], [-104.812991, 39.129731], [-104.814129, 39.129755], [-104.820789, 39.129723], [-104.830585, 39.129764], [-104.831904, 39.12979], [-104.83399, 39.129813], [-104.835466, 39.1298], [-104.843461, 39.129871], [-104.851053, 39.129841], [-104.857788, 39.129854], [-104.860747, 39.129833], [-104.863664, 39.12979], [-104.863922, 39.129791], [-104.867682, 39.12982], [-104.879511, 39.12983], [-104.89503, 39.129857], [-104.895977, 39.129858], [-104.900025, 39.129837], [-104.904251, 39.129816], [-104.910277, 39.129848], [-104.912201, 39.129817], [-104.923787, 39.129822], [-104.945267, 39.129828], [-104.993898, 39.129901], [-105.00054, 39.129917], [-105.029549, 39.129831], [-105.03358, 39.129819], [-105.033573, 39.12971], [-105.032897, 39.118456], [-105.032767, 39.116116], [-105.03211, 39.104003], [-105.032097, 39.103759], [-105.030899, 39.085287], [-105.029001, 39.056667], [-105.028063, 39.04186], [-105.027195, 39.028887], [-105.027514, 39.019571], [-105.027691, 39.01485], [-105.027762, 39.014354], [-105.028809, 39.007002], [-105.029945, 38.999632], [-105.027984, 38.989109], [-105.027317, 38.985558], [-105.027346, 38.981798], [-105.027425, 38.971138], [-105.02735, 38.967476], [-105.027169, 38.960554], [-105.027064, 38.957281], [-105.027044, 38.956186], [-105.027053, 38.955256], [-105.027056, 38.954881], [-105.027082, 38.952004], [-105.027099, 38.950095], [-105.027212, 38.941615], [-105.018386, 38.941459], [-105.017799, 38.941424], [-105.016759, 38.941419], [-105.015918, 38.941415], [-105.01501, 38.941411], [-105.013586, 38.941404], [-105.013417, 38.940438], [-105.013426, 38.93994], [-105.013584, 38.934296], [-105.008955, 38.934395], [-105.009221, 38.929111], [-105.009242, 38.927137], [-105.018288, 38.926892], [-105.01828, 38.928288], [-105.018262, 38.931057], [-105.027342, 38.930811], [-105.027448, 38.924911], [-105.027519, 38.92297], [-105.027614, 38.920129], [-105.027753, 38.916009], [-105.027776, 38.915327], [-105.027801, 38.914593], [-105.02788, 38.912094], [-105.027719, 38.897722], [-105.027888, 38.893616], [-105.028314, 38.883243], [-105.028438, 38.877625], [-105.028571, 38.871494], [-105.028632, 38.868763], [-105.047041, 38.869038], [-105.06676, 38.86918], [-105.06678, 38.869073], [-105.06733, 38.865305], [-105.067372, 38.864506], [-105.067559, 38.86267], [-105.067954, 38.859688], [-105.06766, 38.858991], [-105.068443, 38.851147], [-105.07177, 38.817928], [-105.072529, 38.8084], [-105.072457, 38.805007], [-105.072184, 38.799382], [-105.054363, 38.799475], [-105.046657, 38.799081], [-105.029737, 38.798095], [-105.019089, 38.797879], [-105.014748, 38.797824], [-105.01044, 38.797991], [-105.000638, 38.798333], [-104.994688, 38.79855], [-104.986427, 38.798429], [-104.977139, 38.798279], [-104.958047, 38.798365], [-104.948775, 38.798559], [-104.939869, 38.796543], [-104.939754, 38.792274], [-104.939491, 38.781583], [-104.939474, 38.767737], [-104.939388, 38.756786], [-104.939376, 38.749988], [-104.939215, 38.736993], [-104.938976, 38.71175], [-104.939528, 38.703482], [-104.939715, 38.696319], [-104.942229, 38.696268], [-104.942187, 38.66453], [-104.941923, 38.650124], [-104.942425, 38.650159], [-104.942528, 38.624993], [-104.942359, 38.608606], [-104.942144, 38.58792], [-104.942095, 38.584159], [-104.941933, 38.567791], [-104.941783, 38.552552], [-104.941557, 38.522305], [-104.941533, 38.519569], [-104.934082, 38.520191], [-104.932949, 38.520286], [-104.923716, 38.520289], [-104.911325, 38.520285], [-104.895683, 38.5203], [-104.88757, 38.519904], [-104.882012, 38.520087], [-104.866674, 38.520017], [-104.86615, 38.519857], [-104.840641, 38.51993], [-104.836167, 38.51998], [-104.825906, 38.519776], [-104.820466, 38.519913], [-104.815976, 38.520029], [-104.800085, 38.51999], [-104.796104, 38.520165], [-104.787217, 38.520119], [-104.775787, 38.519927], [-104.770777, 38.519842], [-104.75053, 38.519871], [-104.737859, 38.519652], [-104.734088, 38.519631], [-104.717994, 38.51956], [-104.704989, 38.519536], [-104.690795, 38.51947], [-104.68728, 38.519454], [-104.684322, 38.51944], [-104.660376, 38.519754], [-104.644691, 38.519842], [-104.631445, 38.519917], [-104.631129, 38.519914], [-104.630682, 38.519917], [-104.628189, 38.51993], [-104.626137, 38.519957], [-104.626127, 38.519935], [-104.612424, 38.520162], [-104.605255, 38.520279], [-104.590997, 38.520004], [-104.573719, 38.519939], [-104.567087, 38.520001], [-104.532637, 38.519843], [-104.500523, 38.519898], [-104.486359, 38.520215], [-104.470213, 38.520304], [-104.456486, 38.520329], [-104.441201, 38.52044], [-104.436511, 38.520453], [-104.42286, 38.520338], [-104.413118, 38.520461], [-104.410798, 38.520617], [-104.400231, 38.520614], [-104.381807, 38.520733], [-104.375521, 38.520607], [-104.354184, 38.520804], [-104.326497, 38.520877], [-104.298515, 38.520991], [-104.275471, 38.521133], [-104.275467, 38.523742], [-104.275352, 38.594026], [-104.275336, 38.601668], [-104.275257, 38.652381], [-104.275129, 38.679424], [-104.275073, 38.691968], [-104.273945, 38.691703], [-104.273476, 38.692915], [-104.274129, 38.693353], [-104.274173, 38.695104], [-104.275748, 38.699179], [-104.277586, 38.703048], [-104.27485, 38.708224], [-104.273482, 38.70822], [-104.273779, 38.712898], [-104.274388, 38.722456], [-104.274788, 38.732131], [-104.276791, 38.778156], [-104.276781, 38.781439], [-104.303859, 38.78134], [-104.313743, 38.781304], [-104.313666, 38.79563], [-104.313478, 38.795631], [-104.313558, 38.810154], [-104.313772, 38.810629], [-104.313689, 38.817783], [-104.313713, 38.818837], [-104.313739, 38.820751], [-104.313764, 38.822657], [-104.313786, 38.824391], [-104.313786, 38.824534], [-104.313754, 38.838926], [-104.313699, 38.85338], [-104.277716, 38.85324], [-104.277713, 38.854144], [-104.277657, 38.874657], [-104.28246, 38.874426], [-104.283393, 38.873832], [-104.284696, 38.87061], [-104.286005, 38.868966], [-104.286872, 38.866565], [-104.288997, 38.864441], [-104.291793, 38.863161], [-104.293709, 38.864687], [-104.298743, 38.865245], [-104.30439, 38.865595], [-104.308442, 38.867796], [-104.312672, 38.869608], [-104.313974, 38.86944], [-104.315349, 38.866561], [-104.318263, 38.864991], [-104.31921, 38.865371], [-104.319444, 38.867769], [-104.328535, 38.867652], [-104.351551, 38.867451], [-104.351064, 38.881992], [-104.332654, 38.882015], [-104.332369, 38.896565], [-104.332012, 38.910759], [-104.332121, 38.911049], [-104.331993, 38.911053], [-104.331588, 38.925534], [-104.350172, 38.925304], [-104.349812, 38.939715], [-104.331392, 38.939902], [-104.331003, 38.954298], [-104.342052, 38.954176], [-104.367867, 38.954055], [-104.367752, 38.95983], [-104.367897, 38.968622], [-104.367966, 38.986032], [-104.36792, 38.997526], [-104.38379, 38.997262], [-104.386332, 38.997218], [-104.386317, 39.000951], [-104.386292, 39.005277], [-104.386428, 39.026218], [-104.404752, 39.026191], [-104.40481, 39.035131], [-104.404838, 39.041041], [-104.423346, 39.041424], [-104.441616, 39.04177], [-104.461436, 39.042129], [-104.473804, 39.042348], [-104.475982, 39.042383], [-104.478557, 39.042435], [-104.483926, 39.042519], [-104.486263, 39.042392], [-104.489938, 39.042798], [-104.497171, 39.042761], [-104.50639, 39.04272], [-104.517991, 39.042655], [-104.529684, 39.042631], [-104.539069, 39.042582], [-104.54808, 39.042547], [-104.548023, 39.049457], [-104.548044, 39.053491], [-104.547973, 39.057864], [-104.547961, 39.060746], [-104.547937, 39.077689], [-104.548259, 39.079243], [-104.549627, 39.082259], [-104.550982, 39.085996], [-104.552191, 39.089609], [-104.552323, 39.091145], [-104.552158, 39.100439], [-104.551765, 39.129427], [-104.582645, 39.129457], [-104.586331, 39.129405], [-104.589251, 39.129396], [-104.593699, 39.129417], [-104.610235, 39.129435], [-104.613444, 39.129441], [-104.618709, 39.129648], [-104.622311, 39.129796], [-104.626381, 39.129461], [-104.628207, 39.12944], [-104.628609, 39.129446], [-104.629816, 39.129467], [-104.630219, 39.129475], [-104.640394, 39.129524], [-104.643634, 39.129512], [-104.644172, 39.129528], [-104.645089, 39.129526], [-104.657268, 39.129516], [-104.65987, 39.12952], [-104.662896, 39.129527], [-104.663373, 39.129533], [-104.665017, 39.129585], [-104.670342, 39.129485], [-104.676413, 39.129501], [-104.68647, 39.129546], [-104.689497, 39.129552], [-104.692497, 39.129536]]]]}}, {"type": "Feature", "properties": {"id": 6, "NAME": "6", "text-color": "#000000", "text-size": 16, "TotalPop": 721681, "PopDevPct": -4.607e-05, "DemPct": 0.58421507, "RepPct": 0.38656211, "WhitePct": 0.59792932, "MinorityPct": 0.40207068, "BlackPct": 0.11379901, "HispanicPct": 0.19418605, "PacificPct": 0.00478836, "AsianPct": 0.07334448, "NativePct": 0.03026548, "TotalVAP": 553634, "Margin": 0.08421507, "color": "#005eff", "opacity": "0.5", "year": 2022, "state": "CO", "state-district": "CO-06"}, "geometry": {"type": "MultiPolygon", "coordinates": [[[[-104.888861, 39.565991], [-104.887588, 39.565964], [-104.88571, 39.565979], [-104.882826, 39.565951], [-104.880051, 39.565954], [-104.874043, 39.566017], [-104.872366, 39.565997], [-104.872123, 39.565993], [-104.8695, 39.565983], [-104.867124, 39.56598], [-104.866612, 39.565993], [-104.860665, 39.56605], [-104.860601, 39.566048], [-104.857406, 39.566029], [-104.85654, 39.566012], [-104.855548, 39.565992], [-104.843593, 39.565988], [-104.842315, 39.565988], [-104.839479, 39.565988], [-104.836228, 39.565988], [-104.832934, 39.565988], [-104.832651, 39.565988], [-104.815686, 39.565988], [-104.814077, 39.565988], [-104.813658, 39.565988], [-104.801371, 39.565887], [-104.801095, 39.565885], [-104.800939, 39.565887], [-104.800612, 39.565893], [-104.793488, 39.56609], [-104.791368, 39.566087], [-104.785519, 39.566087], [-104.785308, 39.566088], [-104.784965, 39.566088], [-104.784812, 39.565925], [-104.784654, 39.565755], [-104.774438, 39.565848], [-104.774439, 39.563379], [-104.774427, 39.561835], [-104.774422, 39.561205], [-104.774422, 39.561188], [-104.774428, 39.561178], [-104.774428, 39.561162], [-104.774429, 39.561092], [-104.774334, 39.561106], [-104.774177, 39.561127], [-104.774027, 39.561139], [-104.770355, 39.560516], [-104.770076, 39.560426], [-104.768198, 39.558882], [-104.76585, 39.558873], [-104.764814, 39.558821], [-104.756514, 39.558823], [-104.755623, 39.560606], [-104.750818, 39.560549], [-104.750848, 39.55878], [-104.746386, 39.558745], [-104.74615, 39.560399], [-104.746095, 39.563168], [-104.746043, 39.566025], [-104.745929, 39.566022], [-104.744392, 39.565994], [-104.739438, 39.565935], [-104.736628, 39.565888], [-104.736656, 39.558326], [-104.736728, 39.551261], [-104.735898, 39.55125], [-104.735621, 39.551247], [-104.735557, 39.551246], [-104.735369, 39.551243], [-104.735306, 39.551243], [-104.734273, 39.551229], [-104.732424, 39.551205], [-104.73203, 39.5512], [-104.731175, 39.551191], [-104.730143, 39.551181], [-104.728648, 39.551184], [-104.721629, 39.551211], [-104.70792, 39.551092], [-104.707232, 39.551072], [-104.704938, 39.551037], [-104.703079, 39.550989], [-104.700755, 39.550963], [-104.698439, 39.550934], [-104.69422, 39.550866], [-104.692462, 39.550823], [-104.691354, 39.550817], [-104.679556, 39.550707], [-104.679588, 39.552531], [-104.679556, 39.553849], [-104.679447, 39.562176], [-104.679324, 39.565631], [-104.679311, 39.5659], [-104.674568, 39.565928], [-104.672805, 39.565923], [-104.664122, 39.565913], [-104.660626, 39.565909], [-104.642125, 39.56589], [-104.642013, 39.574308], [-104.660784, 39.574387], [-104.660667, 39.58025], [-104.660759, 39.594929], [-104.659519, 39.594933], [-104.656561, 39.597991], [-104.656567, 39.599101], [-104.654297, 39.600616], [-104.653445, 39.602204], [-104.655501, 39.60493], [-104.652808, 39.606575], [-104.650957, 39.608716], [-104.653781, 39.611633], [-104.654609, 39.613879], [-104.651782, 39.613048], [-104.651596, 39.615523], [-104.651121, 39.616661], [-104.654767, 39.620832], [-104.654749, 39.623957], [-104.660337, 39.623911], [-104.660414, 39.62391], [-104.66026, 39.638417], [-104.659964, 39.652938], [-104.676472, 39.652876], [-104.678456, 39.65287], [-104.678804, 39.652874], [-104.678952, 39.642019], [-104.678972, 39.640975], [-104.67902, 39.638539], [-104.679939, 39.638539], [-104.679946, 39.638327], [-104.686466, 39.638337], [-104.686467, 39.638195], [-104.686503, 39.634351], [-104.683907, 39.634352], [-104.683865, 39.638228], [-104.679359, 39.638237], [-104.679026, 39.638238], [-104.67915, 39.623041], [-104.679155, 39.620324], [-104.683464, 39.62031], [-104.68347, 39.62311], [-104.691565, 39.623145], [-104.691565, 39.623779], [-104.694206, 39.626526], [-104.697757, 39.626488], [-104.697775, 39.629884], [-104.697751, 39.631157], [-104.697854, 39.631152], [-104.698611, 39.631154], [-104.706282, 39.631175], [-104.710915, 39.63119], [-104.712424, 39.63152], [-104.712864, 39.631522], [-104.712889, 39.629383], [-104.716297, 39.629392], [-104.716307, 39.628295], [-104.716345, 39.624451], [-104.716513, 39.624448], [-104.716531, 39.622924], [-104.716586, 39.6181], [-104.716613, 39.616668], [-104.716744, 39.613984], [-104.716747, 39.613678], [-104.71675, 39.613418], [-104.716792, 39.609546], [-104.716665, 39.609421], [-104.716747, 39.602441], [-104.71862, 39.602374], [-104.722797, 39.60135], [-104.725419, 39.602176], [-104.727383, 39.6043], [-104.728729, 39.605152], [-104.729612, 39.605611], [-104.729709, 39.605659], [-104.729798, 39.605703], [-104.730036, 39.605824], [-104.730707, 39.606093], [-104.731153, 39.606216], [-104.731689, 39.606312], [-104.732163, 39.606334], [-104.732461, 39.606316], [-104.732727, 39.606287], [-104.732903, 39.606262], [-104.733077, 39.606232], [-104.733065, 39.606073], [-104.733484, 39.60599], [-104.733822, 39.605901], [-104.734189, 39.605781], [-104.734781, 39.605566], [-104.735054, 39.605493], [-104.735255, 39.605457], [-104.735332, 39.605446], [-104.735362, 39.605443], [-104.735342, 39.609282], [-104.735786, 39.60929], [-104.737168, 39.609297], [-104.738781, 39.61046], [-104.739311, 39.611015], [-104.739846, 39.611575], [-104.741557, 39.61202], [-104.742372, 39.61176], [-104.742535, 39.61219], [-104.743252, 39.613448], [-104.742905, 39.614887], [-104.742131, 39.61531], [-104.74135, 39.615677], [-104.74058, 39.616039], [-104.740989, 39.616559], [-104.740397, 39.616863], [-104.739177, 39.617628], [-104.738704, 39.619047], [-104.738704, 39.621326], [-104.738449, 39.622269], [-104.738242, 39.623033], [-104.738231, 39.623976], [-104.746286, 39.623986], [-104.750206, 39.623997], [-104.75129, 39.623986], [-104.751777, 39.624001], [-104.753997, 39.624002], [-104.75397, 39.626545], [-104.75388, 39.631233], [-104.753833, 39.637312], [-104.75389, 39.638382], [-104.753893, 39.638478], [-104.754191, 39.638465], [-104.754189, 39.638565], [-104.753885, 39.643121], [-104.7538, 39.645769], [-104.753732, 39.648706], [-104.753343, 39.648707], [-104.752953, 39.648743], [-104.752467, 39.649039], [-104.752322, 39.649356], [-104.752319, 39.649974], [-104.752314, 39.650789], [-104.752308, 39.651698], [-104.75247, 39.652914], [-104.750289, 39.652929], [-104.750287, 39.653058], [-104.747417, 39.653052], [-104.743748, 39.65304], [-104.741696, 39.653054], [-104.737177, 39.65304], [-104.734896, 39.652975], [-104.734896, 39.652896], [-104.734909, 39.651285], [-104.734916, 39.650274], [-104.734923, 39.6495], [-104.734935, 39.648215], [-104.734951, 39.646441], [-104.734998, 39.640827], [-104.735061, 39.63855], [-104.735058, 39.638452], [-104.727831, 39.638557], [-104.7222, 39.638535], [-104.719447, 39.638558], [-104.719445, 39.638653], [-104.725697, 39.638632], [-104.725613, 39.652978], [-104.725537, 39.667512], [-104.723169, 39.667527], [-104.722898, 39.667526], [-104.716163, 39.667524], [-104.708859, 39.667444], [-104.703771, 39.667389], [-104.697533, 39.667322], [-104.69753, 39.667542], [-104.678777, 39.667408], [-104.669992, 39.667417], [-104.662649, 39.667434], [-104.657934, 39.667405], [-104.657512, 39.667405], [-104.640968, 39.667387], [-104.622183, 39.667307], [-104.615513, 39.667252], [-104.61551, 39.66739], [-104.6155, 39.667916], [-104.615261, 39.667915], [-104.614758, 39.667913], [-104.614761, 39.66733], [-104.614759, 39.667248], [-104.603523, 39.66725], [-104.584314, 39.666991], [-104.583809, 39.695988], [-104.583639, 39.703211], [-104.593157, 39.703343], [-104.593268, 39.69609], [-104.603363, 39.696238], [-104.603396, 39.688997], [-104.612733, 39.689027], [-104.612742, 39.688454], [-104.619149, 39.688457], [-104.618724, 39.69013], [-104.619736, 39.69108], [-104.622103, 39.691016], [-104.622081, 39.694199], [-104.622063, 39.696348], [-104.622058, 39.710788], [-104.641017, 39.711441], [-104.650285, 39.711333], [-104.650183, 39.718353], [-104.659535, 39.718315], [-104.659532, 39.725534], [-104.65953, 39.725714], [-104.659657, 39.725716], [-104.660281, 39.725714], [-104.66894, 39.725709], [-104.668938, 39.726066], [-104.668902, 39.734916], [-104.668891, 39.736412], [-104.678274, 39.736442], [-104.678262, 39.738731], [-104.678282, 39.739518], [-104.678247, 39.739994], [-104.676244, 39.739967], [-104.665775, 39.740093], [-104.66138, 39.740289], [-104.659964, 39.74028], [-104.656225, 39.73999], [-104.638906, 39.737883], [-104.63759, 39.737906], [-104.637575, 39.737554], [-104.640651, 39.737692], [-104.65008, 39.738923], [-104.650009, 39.738178], [-104.650126, 39.725534], [-104.640748, 39.725533], [-104.628704, 39.725663], [-104.624546, 39.725366], [-104.622053, 39.725472], [-104.622047, 39.739849], [-104.61616, 39.739805], [-104.616197, 39.740004], [-104.613603, 39.739982], [-104.613655, 39.740228], [-104.615428, 39.742348], [-104.621861, 39.741333], [-104.621849, 39.744175], [-104.621847, 39.74468], [-104.617137, 39.744977], [-104.618397, 39.745845], [-104.617373, 39.746313], [-104.617962, 39.747036], [-104.612436, 39.747017], [-104.612384, 39.753935], [-104.603021, 39.753906], [-104.59652, 39.753532], [-104.595152, 39.752048], [-104.593134, 39.751539], [-104.592792, 39.750489], [-104.595155, 39.750518], [-104.595188, 39.746924], [-104.593826, 39.747026], [-104.592814, 39.747149], [-104.592546, 39.746869], [-104.590013, 39.74758], [-104.589581, 39.747102], [-104.589172, 39.746451], [-104.589145, 39.746407], [-104.592001, 39.745821], [-104.601146, 39.744434], [-104.601181, 39.741012], [-104.602111, 39.740131], [-104.602222, 39.739878], [-104.582488, 39.739636], [-104.582577, 39.739871], [-104.56451, 39.739657], [-104.564509, 39.739963], [-104.548169, 39.739937], [-104.548165, 39.740701], [-104.54578, 39.740663], [-104.545779, 39.739583], [-104.536399, 39.739383], [-104.536388, 39.745987], [-104.541018, 39.746052], [-104.541018, 39.745174], [-104.545785, 39.745215], [-104.545793, 39.753246], [-104.535187, 39.754895], [-104.53277, 39.755119], [-104.526975, 39.755218], [-104.526901, 39.745863], [-104.526952, 39.739317], [-104.522707, 39.738812], [-104.508042, 39.738502], [-104.506984, 39.7385], [-104.480082, 39.738462], [-104.474663, 39.738453], [-104.472701, 39.73844], [-104.470924, 39.738438], [-104.470765, 39.752276], [-104.470724, 39.756269], [-104.470713, 39.756396], [-104.470481, 39.756987], [-104.470713, 39.758306], [-104.470669, 39.766762], [-104.488906, 39.766991], [-104.489142, 39.767265], [-104.489215, 39.7815], [-104.489219, 39.782253], [-104.489297, 39.795959], [-104.489281, 39.810512], [-104.489294, 39.825005], [-104.508088, 39.825283], [-104.520851, 39.825453], [-104.526961, 39.825602], [-104.545741, 39.825878], [-104.564525, 39.826128], [-104.583336, 39.826394], [-104.602708, 39.826671], [-104.603915, 39.826498], [-104.619742, 39.826635], [-104.619799, 39.822417], [-104.621523, 39.822419], [-104.625463, 39.82249], [-104.625566, 39.82249], [-104.625596, 39.822479], [-104.640346, 39.822553], [-104.65539, 39.822605], [-104.655445, 39.812999], [-104.659171, 39.813025], [-104.665558, 39.813071], [-104.666182, 39.813075], [-104.666095, 39.820137], [-104.666062, 39.822791], [-104.673394, 39.82284], [-104.679953, 39.822869], [-104.694736, 39.823003], [-104.716084, 39.823207], [-104.722675, 39.823178], [-104.745503, 39.82333], [-104.745816, 39.823334], [-104.753082, 39.823381], [-104.762462, 39.823443], [-104.762618, 39.814743], [-104.762607, 39.812852], [-104.762554, 39.811147], [-104.762652, 39.809221], [-104.762658, 39.805574], [-104.762632, 39.803678], [-104.762646, 39.801589], [-104.762829, 39.800233], [-104.762834, 39.799878], [-104.762606, 39.798433], [-104.758094, 39.798459], [-104.753328, 39.79846], [-104.741361, 39.79846], [-104.734468, 39.798443], [-104.734399, 39.798442], [-104.734403, 39.796801], [-104.734417, 39.79462], [-104.734417, 39.79109], [-104.734429, 39.789128], [-104.734492, 39.785355], [-104.734519, 39.782949], [-104.734523, 39.782587], [-104.734532, 39.781862], [-104.734534, 39.78173], [-104.73454, 39.77965], [-104.734581, 39.774838], [-104.734601, 39.769181], [-104.745432, 39.769262], [-104.749326, 39.769281], [-104.753442, 39.769302], [-104.760946, 39.769222], [-104.764574, 39.769188], [-104.764554, 39.771271], [-104.764559, 39.771568], [-104.772166, 39.7715], [-104.772168, 39.774667], [-104.772157, 39.776409], [-104.78156, 39.776483], [-104.781575, 39.772841], [-104.781577, 39.772795], [-104.783548, 39.772801], [-104.790592, 39.772822], [-104.791479, 39.772827], [-104.796005, 39.772828], [-104.799097, 39.772827], [-104.801625, 39.772833], [-104.804609, 39.772826], [-104.809703, 39.772833], [-104.809884, 39.772823], [-104.810752, 39.77283], [-104.812306, 39.772824], [-104.82403, 39.772798], [-104.828185, 39.772784], [-104.828163, 39.772575], [-104.828163, 39.772374], [-104.828183, 39.770277], [-104.828323, 39.769156], [-104.833009, 39.769177], [-104.833009, 39.766994], [-104.832972, 39.766391], [-104.837614, 39.767169], [-104.847422, 39.767906], [-104.856394, 39.768581], [-104.856399, 39.76781], [-104.856384, 39.765335], [-104.856377, 39.764236], [-104.856352, 39.759682], [-104.856338, 39.758127], [-104.85552, 39.757796], [-104.854351, 39.758062], [-104.850786, 39.756743], [-104.848208, 39.756419], [-104.848002, 39.755449], [-104.846916, 39.755241], [-104.846932, 39.754888], [-104.84694, 39.754687], [-104.85404, 39.75471], [-104.856366, 39.754745], [-104.8588, 39.754725], [-104.861266, 39.754748], [-104.8636, 39.75474], [-104.864571, 39.754737], [-104.865915, 39.754737], [-104.86594, 39.75474], [-104.866866, 39.754737], [-104.86779, 39.754745], [-104.868715, 39.754747], [-104.86964, 39.754747], [-104.870571, 39.754751], [-104.871522, 39.754731], [-104.872441, 39.754717], [-104.873368, 39.754727], [-104.874294, 39.754729], [-104.875192, 39.754738], [-104.876845, 39.754731], [-104.877889, 39.754728], [-104.879901, 39.754652], [-104.879971, 39.747438], [-104.880138, 39.747428], [-104.881082, 39.747426], [-104.882261, 39.747432], [-104.883429, 39.747431], [-104.883993, 39.747446], [-104.884664, 39.747467], [-104.884655, 39.745629], [-104.884652, 39.743807], [-104.884652, 39.741986], [-104.884646, 39.740652], [-104.884646, 39.740156], [-104.884641, 39.738699], [-104.884659, 39.737274], [-104.88468, 39.735625], [-104.88469, 39.734199], [-104.884708, 39.732846], [-104.884708, 39.731229], [-104.885025, 39.730312], [-104.886613, 39.729219], [-104.885026, 39.728137], [-104.88258, 39.725661], [-104.881934, 39.72496], [-104.88082, 39.725454], [-104.878604, 39.725594], [-104.87533, 39.725576], [-104.875334, 39.723223], [-104.87534, 39.720134], [-104.87534, 39.719711], [-104.874947, 39.71845], [-104.874041, 39.718178], [-104.87064, 39.718176], [-104.870596, 39.718176], [-104.870625, 39.710174], [-104.865971, 39.711053], [-104.865973, 39.709305], [-104.865972, 39.707445], [-104.86597, 39.705701], [-104.865967, 39.704318], [-104.865967, 39.703807], [-104.868315, 39.703141], [-104.869393, 39.701089], [-104.870648, 39.700535], [-104.870662, 39.698377], [-104.868301, 39.698371], [-104.868309, 39.700192], [-104.867136, 39.700188], [-104.867133, 39.69928], [-104.865964, 39.699279], [-104.865963, 39.698371], [-104.865962, 39.696559], [-104.868321, 39.696566], [-104.869144, 39.696554], [-104.870666, 39.696509], [-104.873004, 39.696469], [-104.875309, 39.696505], [-104.875314, 39.697654], [-104.875318, 39.698438], [-104.877728, 39.698438], [-104.87772, 39.696508], [-104.882313, 39.696573], [-104.884509, 39.69649], [-104.885773, 39.696523], [-104.888186, 39.696567], [-104.891783, 39.696581], [-104.891715, 39.69659], [-104.894099, 39.696596], [-104.894096, 39.696359], [-104.894092, 39.695868], [-104.894766, 39.69587], [-104.894766, 39.696597], [-104.896447, 39.696588], [-104.897402, 39.69627], [-104.897894, 39.696076], [-104.899099, 39.695395], [-104.899426, 39.695748], [-104.900379, 39.69655], [-104.899757, 39.69715], [-104.899891, 39.697199], [-104.903544, 39.698535], [-104.903507, 39.696622], [-104.90258, 39.695571], [-104.901811, 39.694765], [-104.900115, 39.692985], [-104.903511, 39.69297], [-104.90351, 39.692581], [-104.903518, 39.691791], [-104.903512, 39.689354], [-104.89881, 39.689341], [-104.898798, 39.691579], [-104.898801, 39.692975], [-104.895633, 39.692964], [-104.89409, 39.692713], [-104.89407, 39.689357], [-104.894069, 39.688645], [-104.894061, 39.686428], [-104.894058, 39.685694], [-104.893395, 39.685693], [-104.891527, 39.68569], [-104.889311, 39.683805], [-104.889314, 39.682727], [-104.889308, 39.682056], [-104.89168, 39.682059], [-104.894046, 39.682061], [-104.894041, 39.683628], [-104.894483, 39.683623], [-104.894947, 39.683625], [-104.895377, 39.683628], [-104.896583, 39.683634], [-104.896911, 39.685646], [-104.89701, 39.686819], [-104.89881, 39.686826], [-104.900825, 39.687101], [-104.903538, 39.687376], [-104.903431, 39.685456], [-104.903443, 39.684857], [-104.905223, 39.686058], [-104.905191, 39.683862], [-104.905984, 39.683865], [-104.906977, 39.683863], [-104.908207, 39.683871], [-104.908201, 39.683424], [-104.908202, 39.682516], [-104.908205, 39.68207], [-104.909614, 39.68207], [-104.911032, 39.682073], [-104.911916, 39.682079], [-104.911905, 39.679891], [-104.912808, 39.680046], [-104.912905, 39.679135], [-104.912811, 39.678461], [-104.908201, 39.678455], [-104.906253, 39.678442], [-104.904782, 39.677818], [-104.903579, 39.676675], [-104.903524, 39.67464], [-104.90352, 39.674456], [-104.903523, 39.673818], [-104.903526, 39.673362], [-104.903525, 39.672677], [-104.903522, 39.671225], [-104.903509, 39.667624], [-104.901156, 39.66762], [-104.898817, 39.667626], [-104.89614, 39.667617], [-104.894329, 39.667588], [-104.894024, 39.667589], [-104.893296, 39.666899], [-104.892237, 39.666048], [-104.89144, 39.665405], [-104.890824, 39.664903], [-104.890204, 39.66451], [-104.888352, 39.665674], [-104.890057, 39.66684], [-104.890005, 39.667578], [-104.88505, 39.667493], [-104.879525, 39.663927], [-104.87926, 39.663928], [-104.876211, 39.663932], [-104.875653, 39.664527], [-104.87538, 39.668651], [-104.876265, 39.670909], [-104.877459, 39.672066], [-104.875312, 39.672062], [-104.875291, 39.674766], [-104.874015, 39.674781], [-104.870882, 39.674764], [-104.868216, 39.672621], [-104.866051, 39.670847], [-104.866174, 39.667515], [-104.866203, 39.661762], [-104.866334, 39.660309], [-104.864411, 39.660274], [-104.862317, 39.660278], [-104.858978, 39.66034], [-104.856441, 39.66034], [-104.855437, 39.660804], [-104.853367, 39.65998], [-104.853067, 39.659914], [-104.848587, 39.659203], [-104.848495, 39.657092], [-104.847296, 39.657102], [-104.852312, 39.655768], [-104.855931, 39.654141], [-104.857595, 39.653167], [-104.867624, 39.647344], [-104.870048, 39.646284], [-104.871188, 39.646229], [-104.875573, 39.64499], [-104.875454, 39.651466], [-104.875942, 39.651966], [-104.877, 39.65305], [-104.88014, 39.653057], [-104.880086, 39.650773], [-104.880246, 39.647751], [-104.880313, 39.645902], [-104.880313, 39.645889], [-104.880313, 39.643949], [-104.880381, 39.642475], [-104.88034, 39.641993], [-104.880338, 39.641955], [-104.880322, 39.641651], [-104.880332, 39.64131], [-104.88512, 39.638948], [-104.885132, 39.638093], [-104.885167, 39.636493], [-104.885173, 39.636268], [-104.885156, 39.633467], [-104.885228, 39.631433], [-104.885231, 39.631345], [-104.88528, 39.627128], [-104.885264, 39.624162], [-104.885264, 39.624129], [-104.888756, 39.62412], [-104.889666, 39.624124], [-104.889883, 39.624121], [-104.894527, 39.624108], [-104.894721, 39.624106], [-104.898081, 39.6241], [-104.89939, 39.624099], [-104.90159, 39.624094], [-104.901864, 39.624094], [-104.904031, 39.624088], [-104.904731, 39.624082], [-104.906916, 39.624071], [-104.906969, 39.624072], [-104.911699, 39.624084], [-104.913407, 39.624083], [-104.913402, 39.624203], [-104.913227, 39.638669], [-104.914264, 39.639428], [-104.918237, 39.642564], [-104.919009, 39.643166], [-104.919779, 39.64377], [-104.920561, 39.644373], [-104.921154, 39.644832], [-104.92246, 39.645849], [-104.927391, 39.64584], [-104.931873, 39.645826], [-104.931872, 39.646001], [-104.931765, 39.649446], [-104.931754, 39.650344], [-104.931726, 39.651252], [-104.931703, 39.653044], [-104.93283, 39.653041], [-104.933988, 39.653042], [-104.935138, 39.653037], [-104.936297, 39.653039], [-104.937441, 39.653037], [-104.938599, 39.653031], [-104.939753, 39.653021], [-104.940683, 39.653013], [-104.945401, 39.652968], [-104.946417, 39.653018], [-104.954062, 39.652975], [-104.954983, 39.652987], [-104.954375, 39.655886], [-104.953541, 39.655957], [-104.953788, 39.656683], [-104.955795, 39.65669], [-104.959485, 39.656691], [-104.95949, 39.656759], [-104.959459, 39.657074], [-104.959468, 39.659609], [-104.959449, 39.660344], [-104.959443, 39.661526], [-104.96307, 39.661559], [-104.963084, 39.660371], [-104.963191, 39.66037], [-104.964169, 39.660382], [-104.965161, 39.66039], [-104.96608, 39.660397], [-104.966463, 39.660377], [-104.966999, 39.660406], [-104.967619, 39.660409], [-104.967912, 39.660414], [-104.968785, 39.660417], [-104.96878, 39.662034], [-104.968817, 39.663559], [-104.968814, 39.664035], [-104.968808, 39.664949], [-104.968805, 39.665839], [-104.969978, 39.66585], [-104.971143, 39.665855], [-104.973489, 39.665866], [-104.973488, 39.666315], [-104.973486, 39.667684], [-104.974586, 39.667687], [-104.975803, 39.667688], [-104.978292, 39.667698], [-104.979311, 39.667688], [-104.979621, 39.6677], [-104.980527, 39.667699], [-104.981676, 39.667697], [-104.982835, 39.667696], [-104.984041, 39.667689], [-104.985197, 39.667687], [-104.986354, 39.667683], [-104.987572, 39.667682], [-104.988263, 39.66768], [-104.988813, 39.667679], [-104.989973, 39.667673], [-104.991132, 39.667674], [-104.992299, 39.667679], [-104.992939, 39.667687], [-104.99569, 39.667689], [-104.995913, 39.667688], [-104.996198, 39.667691], [-105.000355, 39.667728], [-105.003937, 39.666487], [-105.00407, 39.665527], [-105.004236, 39.665121], [-105.004291, 39.665001], [-105.004421, 39.664718], [-105.004886, 39.663685], [-105.004395, 39.660484], [-105.009738, 39.660505], [-105.010665, 39.660507], [-105.010941, 39.660507], [-105.009577, 39.662285], [-105.008191, 39.66409], [-105.007278, 39.665446], [-105.006359, 39.668109], [-105.006358, 39.671434], [-105.006355, 39.67318], [-105.006402, 39.674999], [-105.006392, 39.675897], [-105.006357, 39.676759], [-105.008637, 39.67678], [-105.008642, 39.67767], [-105.008664, 39.678627], [-105.01102, 39.678647], [-105.013363, 39.678667], [-105.015696, 39.678684], [-105.015752, 39.677691], [-105.015691, 39.676811], [-105.015749, 39.67592], [-105.015689, 39.675014], [-105.015692, 39.673407], [-105.015748, 39.672082], [-105.015699, 39.671795], [-105.015748, 39.671377], [-105.015701, 39.670993], [-105.015746, 39.670657], [-105.015707, 39.670156], [-105.015744, 39.669922], [-105.015731, 39.66937], [-105.015715, 39.668545], [-105.015713, 39.667733], [-105.015722, 39.666947], [-105.015733, 39.666142], [-105.01575, 39.665343], [-105.01578, 39.664209], [-105.015773, 39.663729], [-105.015766, 39.662323], [-105.015799, 39.66213], [-105.0158, 39.660508], [-105.018007, 39.660499], [-105.018137, 39.660498], [-105.020429, 39.660512], [-105.021573, 39.660517], [-105.022932, 39.660496], [-105.022982, 39.660526], [-105.022983, 39.660249], [-105.022987, 39.659482], [-105.023, 39.657245], [-105.023003, 39.65683], [-105.024021, 39.656838], [-105.025269, 39.656817], [-105.025414, 39.656817], [-105.02983, 39.656941], [-105.030939, 39.656956], [-105.033076, 39.656954], [-105.032089, 39.655905], [-105.032131, 39.654236], [-105.032157, 39.653775], [-105.032162, 39.653276], [-105.033562, 39.653286], [-105.034171, 39.65329], [-105.034628, 39.651434], [-105.034603, 39.649589], [-105.034641, 39.648161], [-105.034646, 39.646921], [-105.034649, 39.645979], [-105.03466, 39.643711], [-105.032815, 39.643678], [-105.032797, 39.642808], [-105.02998, 39.642819], [-105.029979, 39.642245], [-105.029926, 39.640483], [-105.029929, 39.640115], [-105.029998, 39.638575], [-105.034707, 39.638593], [-105.034719, 39.636522], [-105.034707, 39.636028], [-105.03473, 39.635332], [-105.034739, 39.635023], [-105.03474, 39.634924], [-105.034747, 39.634069], [-105.034747, 39.634038], [-105.034756, 39.633177], [-105.030059, 39.633183], [-105.030057, 39.633159], [-105.029988, 39.632894], [-105.029656, 39.632367], [-105.027911, 39.631918], [-105.02536, 39.631445], [-105.025408, 39.630639], [-105.025415, 39.629809], [-105.025422, 39.628979], [-105.025422, 39.628558], [-105.027612, 39.628316], [-105.029626, 39.627794], [-105.034821, 39.628176], [-105.034822, 39.627809], [-105.036802, 39.628129], [-105.03738, 39.627464], [-105.038005, 39.626836], [-105.038948, 39.627447], [-105.040062, 39.628061], [-105.040279, 39.627758], [-105.041356, 39.628026], [-105.041905, 39.627777], [-105.042807, 39.627579], [-105.044161, 39.628039], [-105.044139, 39.631411], [-105.045711, 39.631466], [-105.05341, 39.631504], [-105.053412, 39.63164], [-105.053421, 39.631946], [-105.053294, 39.634902], [-105.05338, 39.635341], [-105.053342, 39.63877], [-105.059045, 39.63876], [-105.059138, 39.638243], [-105.05914, 39.637409], [-105.059423, 39.636001], [-105.059297, 39.634333], [-105.057477, 39.632193], [-105.053457, 39.629526], [-105.05344, 39.627901], [-105.05578, 39.625998], [-105.055809, 39.624244], [-105.053483, 39.624253], [-105.053516, 39.620982], [-105.053516, 39.620864], [-105.056273, 39.621104], [-105.057386, 39.620492], [-105.056809, 39.619639], [-105.056882, 39.619575], [-105.05808, 39.617503], [-105.057485, 39.615364], [-105.053641, 39.613976], [-105.053625, 39.609665], [-105.057017, 39.609814], [-105.058915, 39.609841], [-105.064196, 39.609802], [-105.065911, 39.6098], [-105.069684, 39.609786], [-105.072532, 39.609779], [-105.075799, 39.609702], [-105.083095, 39.609717], [-105.084848, 39.609751], [-105.091205, 39.609693], [-105.091426, 39.609694], [-105.092312, 39.609722], [-105.095936, 39.609768], [-105.098645, 39.609777], [-105.102753, 39.609748], [-105.10492, 39.609752], [-105.107655, 39.609727], [-105.109975, 39.609734], [-105.109991, 39.606154], [-105.110028, 39.604626], [-105.110029, 39.604521], [-105.110066, 39.600221], [-105.110132, 39.598738], [-105.110153, 39.59766], [-105.110167, 39.593842], [-105.110172, 39.593044], [-105.112227, 39.59342], [-105.114243, 39.593331], [-105.115727, 39.593896], [-105.116998, 39.593599], [-105.119164, 39.593878], [-105.121087, 39.593163], [-105.122961, 39.59225], [-105.125295, 39.592186], [-105.126073, 39.591645], [-105.127647, 39.590743], [-105.129396, 39.590762], [-105.133344, 39.589891], [-105.135588, 39.589156], [-105.137385, 39.589084], [-105.138711, 39.589849], [-105.140927, 39.589334], [-105.1418, 39.589642], [-105.144491, 39.589429], [-105.145882, 39.589731], [-105.147825, 39.592896], [-105.150626, 39.598708], [-105.151449, 39.600807], [-105.153227, 39.601637], [-105.153465, 39.601555], [-105.155212, 39.60117], [-105.156317, 39.600319], [-105.156097, 39.599733], [-105.157331, 39.598047], [-105.156424, 39.59704], [-105.155753, 39.594757], [-105.156424, 39.593583], [-105.155686, 39.591065], [-105.152531, 39.586533], [-105.152463, 39.58566], [-105.148099, 39.580189], [-105.146863, 39.579214], [-105.145973, 39.577416], [-105.145234, 39.575068], [-105.145037, 39.570156], [-105.143909, 39.567049], [-105.133792, 39.552663], [-105.130698, 39.550753], [-105.128016, 39.55192], [-105.125166, 39.552205], [-105.124098, 39.552658], [-105.124112, 39.552498], [-105.122685, 39.552504], [-105.12033, 39.553395], [-105.117577, 39.55316], [-105.113432, 39.551174], [-105.111785, 39.549806], [-105.10689, 39.547159], [-105.111007, 39.547146], [-105.111011, 39.543396], [-105.111013, 39.542116], [-105.11101, 39.536173], [-105.110813, 39.536173], [-105.094393, 39.53627], [-105.094295, 39.536455], [-105.093461, 39.536298], [-105.088696, 39.546333], [-105.088447, 39.546233], [-105.086226, 39.545629], [-105.082871, 39.545846], [-105.082159, 39.545906], [-105.079364, 39.545979], [-105.073045, 39.545265], [-105.071385, 39.546429], [-105.070308, 39.547896], [-105.066735, 39.550499], [-105.065672, 39.553346], [-105.06424, 39.554188], [-105.063798, 39.555239], [-105.06113, 39.556906], [-105.06064, 39.557888], [-105.060714, 39.559941], [-105.058257, 39.560379], [-105.057252, 39.562306], [-105.05306, 39.563109], [-105.051366, 39.563257], [-105.04874, 39.566088], [-105.044814, 39.566088], [-105.044159, 39.566088], [-105.041058, 39.56609], [-105.04085, 39.566145], [-105.040285, 39.56619], [-105.039869, 39.566189], [-105.039633, 39.566189], [-105.038748, 39.566189], [-105.038624, 39.566189], [-105.038209, 39.56619], [-105.035936, 39.566189], [-105.035561, 39.566193], [-105.034833, 39.566186], [-105.033548, 39.566187], [-105.033185, 39.566186], [-105.03232, 39.566184], [-105.030292, 39.566187], [-105.028994, 39.566187], [-105.028468, 39.566185], [-105.026146, 39.566175], [-105.026024, 39.566174], [-105.021377, 39.566147], [-105.017131, 39.566132], [-105.012648, 39.566156], [-105.00512, 39.566154], [-105.003071, 39.566151], [-105.00128, 39.56615], [-104.996368, 39.566143], [-104.993299, 39.566135], [-104.992793, 39.566135], [-104.988529, 39.566124], [-104.982365, 39.566102], [-104.979187, 39.566091], [-104.977449, 39.566083], [-104.973255, 39.566069], [-104.972816, 39.566068], [-104.971802, 39.566064], [-104.969867, 39.566073], [-104.960469, 39.566129], [-104.955644, 39.566111], [-104.953404, 39.566091], [-104.951697, 39.566077], [-104.95026, 39.566077], [-104.945959, 39.566064], [-104.945072, 39.566035], [-104.941883, 39.566026], [-104.941705, 39.566025], [-104.933212, 39.566042], [-104.929106, 39.566038], [-104.923018, 39.56605], [-104.922963, 39.566053], [-104.913831, 39.566029], [-104.911872, 39.566024], [-104.904415, 39.565982], [-104.904175, 39.565982], [-104.902204, 39.565982], [-104.897067, 39.565971], [-104.888861, 39.565991]]]]}}, {"type": "Feature", "properties": {"id": 7, "NAME": "7", "text-color": "#000000", "text-size": 16, "TotalPop": 721697, "PopDevPct": -2.39e-05, "DemPct": 0.56065936, "RepPct": 0.41089535, "WhitePct": 0.77416485, "MinorityPct": 0.22583515, "BlackPct": 0.02043931, "HispanicPct": 0.13291457, "PacificPct": 0.00231514, "AsianPct": 0.04059629, "NativePct": 0.03187301, "TotalVAP": 584413, "Margin": 0.06065936, "color": "#ff5700", "opacity": "0.5", "year": 2022, "state": "CO", "state-district": "CO-07"}, "geometry": {"type": "MultiPolygon", "coordinates": [[[[-105.145973, 39.577416], [-105.146863, 39.579214], [-105.148099, 39.580189], [-105.152463, 39.58566], [-105.152531, 39.586533], [-105.155686, 39.591065], [-105.156424, 39.593583], [-105.155753, 39.594757], [-105.156424, 39.59704], [-105.157331, 39.598047], [-105.156097, 39.599733], [-105.156317, 39.600319], [-105.155212, 39.60117], [-105.153465, 39.601555], [-105.153227, 39.601637], [-105.151449, 39.600807], [-105.150626, 39.598708], [-105.147825, 39.592896], [-105.145882, 39.589731], [-105.144491, 39.589429], [-105.1418, 39.589642], [-105.140927, 39.589334], [-105.138711, 39.589849], [-105.137385, 39.589084], [-105.135588, 39.589156], [-105.133344, 39.589891], [-105.129396, 39.590762], [-105.127647, 39.590743], [-105.126073, 39.591645], [-105.125295, 39.592186], [-105.122961, 39.59225], [-105.121087, 39.593163], [-105.119164, 39.593878], [-105.116998, 39.593599], [-105.115727, 39.593896], [-105.114243, 39.593331], [-105.112227, 39.59342], [-105.110172, 39.593044], [-105.110167, 39.593842], [-105.110153, 39.59766], [-105.110132, 39.598738], [-105.110066, 39.600221], [-105.110029, 39.604521], [-105.110028, 39.604626], [-105.109991, 39.606154], [-105.109975, 39.609734], [-105.107655, 39.609727], [-105.10492, 39.609752], [-105.102753, 39.609748], [-105.098645, 39.609777], [-105.095936, 39.609768], [-105.092312, 39.609722], [-105.091426, 39.609694], [-105.091205, 39.609693], [-105.084848, 39.609751], [-105.083095, 39.609717], [-105.075799, 39.609702], [-105.072532, 39.609779], [-105.069684, 39.609786], [-105.065911, 39.6098], [-105.064196, 39.609802], [-105.058915, 39.609841], [-105.057017, 39.609814], [-105.053625, 39.609665], [-105.053641, 39.613976], [-105.057485, 39.615364], [-105.05808, 39.617503], [-105.058193, 39.617366], [-105.058232, 39.614409], [-105.064182, 39.614393], [-105.068516, 39.614393], [-105.06992, 39.61438], [-105.084295, 39.614343], [-105.089822, 39.614334], [-105.091153, 39.614319], [-105.091401, 39.614332], [-105.09701, 39.614311], [-105.097006, 39.614514], [-105.097028, 39.617984], [-105.096151, 39.618352], [-105.094162, 39.618325], [-105.093172, 39.618324], [-105.091362, 39.618336], [-105.091123, 39.618331], [-105.087031, 39.618339], [-105.085607, 39.618482], [-105.084297, 39.618584], [-105.079168, 39.618576], [-105.077422, 39.618584], [-105.074796, 39.618511], [-105.073332, 39.618559], [-105.072844, 39.618555], [-105.072508, 39.618549], [-105.069245, 39.618571], [-105.068143, 39.618588], [-105.066961, 39.618585], [-105.065667, 39.618587], [-105.065141, 39.618582], [-105.065088, 39.619785], [-105.066126, 39.620755], [-105.073665, 39.623285], [-105.076116, 39.624225], [-105.074517, 39.624227], [-105.076273, 39.625095], [-105.080181, 39.629419], [-105.080478, 39.630094], [-105.080587, 39.630386], [-105.081567, 39.631301], [-105.08167, 39.631326], [-105.08178, 39.631325], [-105.083712, 39.631327], [-105.083735, 39.630155], [-105.083274, 39.630154], [-105.081811, 39.63015], [-105.081693, 39.630149], [-105.081714, 39.629045], [-105.08173, 39.628225], [-105.08174, 39.627624], [-105.08173, 39.627313], [-105.083813, 39.627318], [-105.083789, 39.628527], [-105.08558, 39.628527], [-105.085626, 39.626107], [-105.086923, 39.626062], [-105.087384, 39.62709], [-105.088626, 39.627087], [-105.089833, 39.627084], [-105.090166, 39.627085], [-105.091164, 39.627081], [-105.091216, 39.624983], [-105.091256, 39.624198], [-105.092971, 39.624197], [-105.094461, 39.624195], [-105.095828, 39.624204], [-105.098516, 39.624222], [-105.102346, 39.624224], [-105.102693, 39.624224], [-105.107503, 39.624218], [-105.107496, 39.627093], [-105.109617, 39.627083], [-105.109924, 39.627085], [-105.109883, 39.629897], [-105.109893, 39.632676], [-105.109902, 39.634246], [-105.109902, 39.634263], [-105.109875, 39.635072], [-105.109555, 39.635071], [-105.100542, 39.635088], [-105.098526, 39.635087], [-105.091569, 39.635082], [-105.091103, 39.635083], [-105.0911, 39.638719], [-105.088349, 39.638698], [-105.08738, 39.638692], [-105.086352, 39.638701], [-105.085844, 39.6387], [-105.084414, 39.638693], [-105.081676, 39.638759], [-105.081716, 39.636867], [-105.081565, 39.636166], [-105.079007, 39.636717], [-105.077147, 39.636413], [-105.074176, 39.636752], [-105.073307, 39.636563], [-105.073271, 39.63874], [-105.076803, 39.638735], [-105.076546, 39.639906], [-105.07576, 39.64205], [-105.074454, 39.644104], [-105.072049, 39.645815], [-105.072045, 39.645984], [-105.063223, 39.645992], [-105.063197, 39.649626], [-105.062617, 39.649627], [-105.062617, 39.64967], [-105.057091, 39.649701], [-105.057073, 39.651248], [-105.053581, 39.65116], [-105.053754, 39.651727], [-105.057165, 39.651986], [-105.05715, 39.652946], [-105.058031, 39.652959], [-105.058059, 39.651251], [-105.062002, 39.65124], [-105.062598, 39.651513], [-105.062606, 39.651077], [-105.062626, 39.650267], [-105.0639, 39.650295], [-105.063926, 39.64962], [-105.070833, 39.649579], [-105.069917, 39.649991], [-105.067484, 39.652976], [-105.067481, 39.653158], [-105.067477, 39.653321], [-105.067278, 39.653319], [-105.067283, 39.653503], [-105.067288, 39.656879], [-105.06856, 39.656877], [-105.070144, 39.656874], [-105.070016, 39.659071], [-105.071972, 39.659951], [-105.076676, 39.659312], [-105.079163, 39.662041], [-105.081453, 39.662056], [-105.081449, 39.665055], [-105.081455, 39.665551], [-105.081451, 39.667743], [-105.081348, 39.670133], [-105.079183, 39.669738], [-105.079212, 39.669339], [-105.07667, 39.669061], [-105.074951, 39.670485], [-105.072201, 39.669374], [-105.071509, 39.667764], [-105.07145, 39.667764], [-105.067297, 39.667775], [-105.066558, 39.667776], [-105.06617, 39.667777], [-105.065111, 39.667778], [-105.064044, 39.66778], [-105.062962, 39.667783], [-105.060823, 39.66778], [-105.06011, 39.66778], [-105.059033, 39.667778], [-105.057974, 39.667784], [-105.056932, 39.667785], [-105.055898, 39.667781], [-105.054866, 39.667785], [-105.053256, 39.667785], [-105.053257, 39.669076], [-105.053262, 39.67214], [-105.053262, 39.672255], [-105.053251, 39.673116], [-105.053261, 39.67328], [-105.053234, 39.674299], [-105.053251, 39.675037], [-105.057258, 39.675025], [-105.062082, 39.675011], [-105.062622, 39.675008], [-105.062621, 39.675874], [-105.06262, 39.67928], [-105.062085, 39.678832], [-105.060335, 39.677954], [-105.057794, 39.678697], [-105.057797, 39.682272], [-105.057265, 39.682272], [-105.053221, 39.682291], [-105.053183, 39.683498], [-105.053195, 39.68438], [-105.053197, 39.685563], [-105.053194, 39.685911], [-105.053254, 39.687736], [-105.053266, 39.689559], [-105.053194, 39.691364], [-105.053215, 39.692475], [-105.053205, 39.692813], [-105.053194, 39.693176], [-105.053218, 39.694988], [-105.053225, 39.696769], [-105.053225, 39.696889], [-105.053227, 39.69747], [-105.053245, 39.700438], [-105.053245, 39.702269], [-105.053249, 39.702562], [-105.053245, 39.703268], [-105.053247, 39.703985], [-105.053252, 39.704542], [-105.053258, 39.70505], [-105.053246, 39.705814], [-105.05325, 39.706889], [-105.053252, 39.707716], [-105.05326, 39.70865], [-105.053257, 39.709608], [-105.053264, 39.7103], [-105.05325, 39.711343], [-105.053254, 39.711932], [-105.053264, 39.713314], [-105.053271, 39.715004], [-105.05327, 39.71663], [-105.053278, 39.718427], [-105.053277, 39.718703], [-105.053271, 39.720414], [-105.05327, 39.721064], [-105.053263, 39.723133], [-105.053259, 39.724083], [-105.053247, 39.725647], [-105.053253, 39.7258], [-105.053252, 39.726184], [-105.053254, 39.727349], [-105.053251, 39.728522], [-105.053244, 39.729539], [-105.053238, 39.731038], [-105.053238, 39.731294], [-105.053227, 39.73311], [-105.054424, 39.733101], [-105.054425, 39.733172], [-105.054427, 39.733552], [-105.054427, 39.73364], [-105.054669, 39.733641], [-105.054668, 39.733708], [-105.054675, 39.73372], [-105.055013, 39.733724], [-105.055011, 39.73317], [-105.055011, 39.7331], [-105.055588, 39.733105], [-105.055591, 39.734508], [-105.055572, 39.734913], [-105.053228, 39.734922], [-105.053231, 39.735161], [-105.053227, 39.735284], [-105.053227, 39.73677], [-105.053207, 39.738498], [-105.053206, 39.73887], [-105.053206, 39.739286], [-105.053206, 39.740306], [-105.053206, 39.740411], [-105.053203, 39.741089], [-105.053201, 39.741935], [-105.053204, 39.742203], [-105.053209, 39.742697], [-105.05321, 39.743273], [-105.05321, 39.743339], [-105.053211, 39.743486], [-105.053211, 39.743584], [-105.053211, 39.743881], [-105.053212, 39.74398], [-105.053226, 39.74568], [-105.053219, 39.747616], [-105.053213, 39.749458], [-105.053227, 39.751249], [-105.053231, 39.753046], [-105.053232, 39.75346], [-105.053234, 39.754285], [-105.053236, 39.754848], [-105.053237, 39.755694], [-105.053238, 39.756939], [-105.053239, 39.758472], [-105.053241, 39.760293], [-105.053244, 39.762084], [-105.053241, 39.762989], [-105.053241, 39.763903], [-105.053243, 39.764814], [-105.05323, 39.765699], [-105.053242, 39.766622], [-105.053243, 39.767278], [-105.053241, 39.767512], [-105.05324, 39.769333], [-105.053265, 39.771134], [-105.053241, 39.772938], [-105.053241, 39.774763], [-105.053245, 39.776583], [-105.053242, 39.778384], [-105.053208, 39.780205], [-105.053184, 39.783533], [-105.053184, 39.783687], [-105.053183, 39.783797], [-105.054442, 39.783814], [-105.055588, 39.783818], [-105.05675, 39.783822], [-105.057912, 39.783831], [-105.058863, 39.78383], [-105.05982, 39.78383], [-105.060765, 39.783842], [-105.061711, 39.783845], [-105.062659, 39.783847], [-105.062656, 39.785666], [-105.062655, 39.786187], [-105.062653, 39.787193], [-105.062655, 39.78818], [-105.064992, 39.788359], [-105.064989, 39.788885], [-105.064994, 39.789377], [-105.064993, 39.789761], [-105.065008, 39.790159], [-105.065005, 39.790321], [-105.064405, 39.79108], [-105.064161, 39.791079], [-105.062813, 39.791085], [-105.062648, 39.790928], [-105.062364, 39.7905], [-105.06148, 39.791075], [-105.060417, 39.791073], [-105.059338, 39.791072], [-105.056162, 39.791067], [-105.055627, 39.791066], [-105.053246, 39.791063], [-105.053207, 39.792014], [-105.053174, 39.793745], [-105.0532, 39.796244], [-105.053193, 39.796434], [-105.053185, 39.798025], [-105.053164, 39.799109], [-105.053162, 39.799239], [-105.053102, 39.799788], [-105.052886, 39.800863], [-105.052537, 39.800866], [-105.049254, 39.800878], [-105.04926, 39.801929], [-105.043936, 39.801931], [-105.043947, 39.802883], [-105.041967, 39.802878], [-105.040499, 39.802874], [-105.040513, 39.80446], [-105.04199, 39.804526], [-105.044008, 39.804262], [-105.046145, 39.80383], [-105.048067, 39.803427], [-105.048509, 39.803336], [-105.048577, 39.80332], [-105.048768, 39.803273], [-105.050024, 39.803023], [-105.050026, 39.803115], [-105.04899, 39.80333], [-105.048497, 39.803433], [-105.047085, 39.803728], [-105.04687, 39.80377], [-105.044018, 39.804354], [-105.044025, 39.804448], [-105.044032, 39.804548], [-105.044029, 39.805583], [-105.044065, 39.807559], [-105.044066, 39.808402], [-105.044069, 39.809551], [-105.044089, 39.810444], [-105.044092, 39.811522], [-105.044099, 39.81282], [-105.044046, 39.816369], [-105.044081, 39.816468], [-105.044116, 39.816546], [-105.04411, 39.81745], [-105.04411, 39.817488], [-105.04422, 39.817517], [-105.044356, 39.817498], [-105.044408, 39.817493], [-105.044539, 39.817428], [-105.044872, 39.817315], [-105.04512, 39.81732], [-105.045392, 39.817376], [-105.04579, 39.817479], [-105.045917, 39.817531], [-105.045968, 39.817592], [-105.046076, 39.817671], [-105.04625, 39.817699], [-105.046372, 39.817699], [-105.046638, 39.817698], [-105.048733, 39.818237], [-105.049251, 39.81921], [-105.050164, 39.819079], [-105.051386, 39.820046], [-105.05179, 39.820045], [-105.053238, 39.820029], [-105.05327, 39.820028], [-105.053282, 39.821163], [-105.053281, 39.821859], [-105.053271, 39.823666], [-105.053271, 39.823728], [-105.053262, 39.827273], [-105.053263, 39.828935], [-105.053272, 39.830608], [-105.05327, 39.830924], [-105.053261, 39.832707], [-105.053266, 39.834527], [-105.053255, 39.836157], [-105.05325, 39.838176], [-105.053259, 39.839969], [-105.053236, 39.841807], [-105.05324, 39.844052], [-105.05321, 39.845763], [-105.053203, 39.846865], [-105.053188, 39.849649], [-105.0529, 39.852042], [-105.053249, 39.854194], [-105.053339, 39.855978], [-105.053289, 39.856764], [-105.053257, 39.856946], [-105.053263, 39.859948], [-105.053284, 39.860436], [-105.053191, 39.86362], [-105.05323, 39.869395], [-105.053198, 39.870826], [-105.053188, 39.872435], [-105.053162, 39.874404], [-105.053143, 39.875102], [-105.053139, 39.875402], [-105.053139, 39.876298], [-105.053138, 39.877981], [-105.053118, 39.879723], [-105.053106, 39.881647], [-105.053093, 39.884591], [-105.053093, 39.885218], [-105.053091, 39.885356], [-105.053036, 39.892187], [-105.053035, 39.892557], [-105.053005, 39.899806], [-105.052993, 39.901392], [-105.052964, 39.905158], [-105.052964, 39.905209], [-105.052968, 39.907049], [-105.052968, 39.908849], [-105.052885, 39.911679], [-105.052889, 39.914077], [-105.052892, 39.914224], [-105.048234, 39.914218], [-105.046209, 39.914219], [-105.04378, 39.914211], [-105.041736, 39.914204], [-105.03907, 39.914195], [-105.034347, 39.914181], [-105.034383, 39.917107], [-105.034405, 39.919181], [-105.034409, 39.920221], [-105.034392, 39.921155], [-105.034395, 39.921305], [-105.033224, 39.921292], [-105.031651, 39.921276], [-105.030077, 39.921265], [-105.02929, 39.921261], [-105.025003, 39.92125], [-105.023551, 39.921248], [-105.023545, 39.919225], [-105.021552, 39.919207], [-105.021591, 39.921367], [-105.020688, 39.921373], [-105.015469, 39.921402], [-105.015537, 39.924855], [-105.015535, 39.925034], [-105.015535, 39.925104], [-105.015539, 39.925253], [-105.015488, 39.928426], [-105.015491, 39.928544], [-105.015499, 39.929274], [-105.015528, 39.931838], [-105.015521, 39.933185], [-105.015524, 39.933421], [-105.015524, 39.933866], [-105.015586, 39.937276], [-105.015658, 39.942942], [-105.015657, 39.943093], [-105.015657, 39.943131], [-105.015612, 39.943131], [-105.015559, 39.943132], [-105.015483, 39.943132], [-105.01487, 39.943123], [-105.013531, 39.943128], [-105.013519, 39.943128], [-105.013039, 39.94313], [-105.012159, 39.943142], [-105.011746, 39.943148], [-105.010437, 39.943151], [-105.009978, 39.943152], [-105.009793, 39.943154], [-105.009792, 39.943185], [-105.009792, 39.943256], [-105.009791, 39.943288], [-105.009755, 39.943288], [-105.009549, 39.943287], [-105.009532, 39.943278], [-105.00954, 39.943188], [-105.00954, 39.943175], [-105.00954, 39.943157], [-105.008764, 39.943167], [-105.008743, 39.943167], [-105.003664, 39.943174], [-105.000481, 39.943206], [-104.9971, 39.943239], [-104.997146, 39.946232], [-104.997152, 39.946771], [-104.998054, 39.946774], [-105.00619, 39.946804], [-105.006298, 39.950439], [-105.010918, 39.950454], [-105.011009, 39.951304], [-105.012225, 39.950446], [-105.015039, 39.951457], [-105.017117, 39.952814], [-105.015816, 39.954864], [-105.01568, 39.956665], [-105.015653, 39.957724], [-105.015658, 39.960363], [-105.015672, 39.96677], [-105.015691, 39.970437], [-105.013423, 39.970448], [-105.013409, 39.972265], [-105.015722, 39.972276], [-105.015741, 39.973252], [-105.015801, 39.979437], [-105.01581, 39.979868], [-105.015845, 39.981193], [-105.006963, 39.981267], [-104.997423, 39.981213], [-104.997408, 39.979409], [-104.997398, 39.97842], [-104.999476, 39.978416], [-104.999474, 39.977582], [-104.998404, 39.977586], [-104.998389, 39.975805], [-104.997379, 39.975785], [-104.99735, 39.972151], [-104.997118, 39.968528], [-104.988159, 39.968466], [-104.988108, 39.972175], [-104.988174, 39.972176], [-104.990134, 39.97219], [-104.992438, 39.972203], [-104.997065, 39.972149], [-104.99708, 39.973954], [-104.99438, 39.973953], [-104.994411, 39.975803], [-104.988192, 39.975748], [-104.98811, 39.975747], [-104.988023, 39.975752], [-104.987784, 39.975746], [-104.987762, 39.981434], [-104.987762, 39.981534], [-104.987763, 39.98165], [-104.987747, 39.985944], [-104.987716, 39.986619], [-104.987594, 39.987062], [-104.987581, 39.987113], [-104.987486, 39.987445], [-104.987052, 39.988529], [-104.986848, 39.988934], [-104.986768, 39.989107], [-104.986331, 39.989961], [-104.986079, 39.990421], [-104.985954, 39.990634], [-104.985326, 39.991786], [-104.985087, 39.992248], [-104.984723, 39.992914], [-104.9843, 39.993691], [-104.981607, 39.998657], [-104.980944, 40.000325], [-104.980732, 40.000324], [-104.97571, 40.000322], [-104.970849, 40.000326], [-104.966143, 40.000329], [-104.961405, 40.000337], [-104.961405, 40.000419], [-104.961538, 40.000404], [-104.961494, 40.013847], [-104.96132, 40.014982], [-104.961285, 40.023642], [-104.961257, 40.029459], [-104.961076, 40.043689], [-104.961157, 40.044144], [-104.970727, 40.044001], [-104.976439, 40.043919], [-104.978526, 40.043888], [-104.979242, 40.043758], [-104.979905, 40.042111], [-104.980041, 40.040316], [-104.980048, 40.029411], [-104.980433, 40.029324], [-104.980853, 40.029322], [-104.9865, 40.029309], [-104.986543, 40.025799], [-104.989519, 40.025793], [-104.999007, 40.025776], [-104.999005, 40.023509], [-104.996742, 40.023509], [-104.996784, 40.02082], [-104.999013, 40.020627], [-104.996038, 40.020556], [-104.996176, 40.019432], [-104.99907, 40.016131], [-104.999073, 40.015939], [-104.999065, 40.014887], [-104.989614, 40.01489], [-104.989647, 40.007679], [-104.999082, 40.007648], [-105.007995, 40.007581], [-105.007954, 40.00578], [-105.00832, 40.005773], [-105.00844, 40.006282], [-105.008426, 40.005772], [-105.008413, 40.004123], [-105.008944, 40.00426], [-105.010331, 40.00426], [-105.010336, 40.003086], [-105.008931, 40.003074], [-105.008405, 40.003069], [-105.008404, 40.002938], [-105.00804, 40.002987], [-105.007933, 40.002987], [-105.007906, 40.000483], [-105.00801, 40.000483], [-105.008402, 40.000483], [-105.008905, 40.000486], [-105.011655, 40.000478], [-105.017772, 40.000475], [-105.02239, 40.000473], [-105.026568, 40.000472], [-105.037067, 40.000467], [-105.042292, 40.000469], [-105.046237, 40.000265], [-105.052823, 40.00026], [-105.052822, 40.000122], [-105.052774, 39.98654], [-105.052792, 39.97938], [-105.052797, 39.977674], [-105.058553, 39.97526], [-105.058537, 39.974977], [-105.058521, 39.974703], [-105.058473, 39.974345], [-105.057709, 39.974669], [-105.057747, 39.968636], [-105.054202, 39.96587], [-105.052828, 39.965892], [-105.052889, 39.957826], [-105.055225, 39.957855], [-105.058207, 39.957894], [-105.058195, 39.958716], [-105.059328, 39.958708], [-105.059332, 39.957763], [-105.059992, 39.957766], [-105.062361, 39.957766], [-105.071663, 39.957786], [-105.071937, 39.957938], [-105.072002, 39.95767], [-105.07192, 39.950585], [-105.071899, 39.950198], [-105.074604, 39.95052], [-105.076568, 39.950538], [-105.076636, 39.943432], [-105.076637, 39.943329], [-105.090297, 39.943283], [-105.090526, 39.943282], [-105.091072, 39.943281], [-105.090813, 39.939249], [-105.090853, 39.936051], [-105.108382, 39.936134], [-105.109235, 39.935538], [-105.112293, 39.933567], [-105.113232, 39.932731], [-105.113566, 39.932055], [-105.11365, 39.931279], [-105.113515, 39.930702], [-105.112407, 39.928625], [-105.111479, 39.927488], [-105.110917, 39.927058], [-105.109406, 39.926114], [-105.109409, 39.925859], [-105.11394, 39.928989], [-105.114484, 39.930126], [-105.118657, 39.932965], [-105.118774, 39.933796], [-105.118713, 39.934159], [-105.118257, 39.935007], [-105.118619, 39.935681], [-105.118594, 39.939267], [-105.118601, 39.93991], [-105.118557, 39.943213], [-105.118562, 39.943323], [-105.109353, 39.943336], [-105.109327, 39.9478], [-105.109322, 39.950485], [-105.109333, 39.95064], [-105.120324, 39.950524], [-105.120837, 39.951293], [-105.121126, 39.951484], [-105.121207, 39.951697], [-105.121258, 39.952389], [-105.121943, 39.95416], [-105.128002, 39.954173], [-105.128016, 39.951678], [-105.128029, 39.950535], [-105.128027, 39.950319], [-105.12816, 39.940795], [-105.128165, 39.939618], [-105.137578, 39.939712], [-105.137579, 39.939688], [-105.137592, 39.939543], [-105.137598, 39.938867], [-105.137578, 39.937109], [-105.137585, 39.936112], [-105.137618, 39.931499], [-105.137604, 39.928931], [-105.138407, 39.928938], [-105.142523, 39.928929], [-105.147041, 39.928938], [-105.147005, 39.925215], [-105.14714, 39.914001], [-105.147143, 39.913889], [-105.148342, 39.913885], [-105.148472, 39.914049], [-105.159796, 39.914054], [-105.16615, 39.914047], [-105.166565, 39.913893], [-105.191895, 39.914097], [-105.192184, 39.914102], [-105.192439, 39.914107], [-105.196647, 39.914186], [-105.199494, 39.914028], [-105.200796, 39.913994], [-105.200992, 39.913999], [-105.201254, 39.914002], [-105.20345, 39.91404], [-105.206273, 39.914086], [-105.214955, 39.914223], [-105.231343, 39.914085], [-105.238933, 39.914367], [-105.240347, 39.910804], [-105.24094, 39.908532], [-105.241114, 39.906406], [-105.241109, 39.890321], [-105.241109, 39.886504], [-105.241126, 39.885845], [-105.241123, 39.884368], [-105.241077, 39.870437], [-105.241033, 39.868227], [-105.240265, 39.865909], [-105.240915, 39.865948], [-105.241, 39.865953], [-105.241165, 39.865966], [-105.248496, 39.86658], [-105.249242, 39.866673], [-105.249505, 39.866729], [-105.249916, 39.866817], [-105.250961, 39.867185], [-105.251972, 39.867649], [-105.257349, 39.869914], [-105.261928, 39.871919], [-105.262522, 39.872179], [-105.263089, 39.872418], [-105.265478, 39.873434], [-105.265623, 39.873495], [-105.267881, 39.874426], [-105.269273, 39.875052], [-105.271279, 39.875924], [-105.273979, 39.877098], [-105.274767, 39.877391], [-105.276891, 39.877861], [-105.278905, 39.878228], [-105.279891, 39.878301], [-105.281437, 39.878326], [-105.283749, 39.878166], [-105.284147, 39.878124], [-105.285631, 39.878015], [-105.286517, 39.878365], [-105.287264, 39.878994], [-105.288046, 39.879222], [-105.289749, 39.879524], [-105.290667, 39.879529], [-105.290696, 39.879528], [-105.291009, 39.879505], [-105.291281, 39.879462], [-105.291727, 39.879458], [-105.29207, 39.879505], [-105.292499, 39.87963], [-105.294317, 39.8808], [-105.29463, 39.881083], [-105.295634, 39.88188], [-105.295899, 39.882021], [-105.296155, 39.882148], [-105.296405, 39.882251], [-105.296975, 39.882336], [-105.29772, 39.882337], [-105.30064, 39.882514], [-105.302191, 39.883992], [-105.303814, 39.884161], [-105.30382, 39.884062], [-105.303666, 39.875705], [-105.294468, 39.876432], [-105.294173, 39.869924], [-105.296856, 39.866567], [-105.294467, 39.865368], [-105.293667, 39.863633], [-105.293747, 39.862463], [-105.292285, 39.860099], [-105.290982, 39.861998], [-105.290453, 39.862551], [-105.287724, 39.861493], [-105.286349, 39.861403], [-105.284325, 39.859481], [-105.284372, 39.858747], [-105.282481, 39.855433], [-105.283495, 39.855391], [-105.283869, 39.854414], [-105.282229, 39.854276], [-105.281533, 39.853276], [-105.279997, 39.852875], [-105.279773, 39.852816], [-105.276532, 39.84981], [-105.2764, 39.849532], [-105.275955, 39.84944], [-105.276073, 39.843399], [-105.278083, 39.844361], [-105.279365, 39.845433], [-105.281352, 39.846252], [-105.28334, 39.848285], [-105.285883, 39.849439], [-105.286011, 39.850532], [-105.289581, 39.851592], [-105.290628, 39.851335], [-105.290308, 39.849808], [-105.293579, 39.848995], [-105.295895, 39.849534], [-105.298346, 39.850699], [-105.29873, 39.852791], [-105.300783, 39.853978], [-105.302935, 39.853478], [-105.303526, 39.854451], [-105.304731, 39.854703], [-105.305336, 39.854072], [-105.304353, 39.853083], [-105.304888, 39.851259], [-105.305707, 39.85115], [-105.306918, 39.852896], [-105.30798, 39.85271], [-105.309049, 39.851688], [-105.309769, 39.852479], [-105.313019, 39.852715], [-105.314351, 39.852172], [-105.314893, 39.853676], [-105.318584, 39.85249], [-105.32075, 39.850661], [-105.322667, 39.851128], [-105.324256, 39.851995], [-105.326672, 39.852561], [-105.327235, 39.853115], [-105.326217, 39.854802], [-105.32767, 39.85445], [-105.329381, 39.85523], [-105.331733, 39.855432], [-105.332958, 39.854224], [-105.331383, 39.853236], [-105.333571, 39.853213], [-105.335238, 39.852548], [-105.335887, 39.85335], [-105.339407, 39.853278], [-105.34024, 39.852014], [-105.342813, 39.851986], [-105.34511, 39.850461], [-105.346897, 39.851178], [-105.350758, 39.851106], [-105.352332, 39.851364], [-105.352668, 39.850253], [-105.354887, 39.849037], [-105.354739, 39.847812], [-105.35747, 39.847045], [-105.362485, 39.848024], [-105.364608, 39.847292], [-105.369099, 39.846948], [-105.37095, 39.846086], [-105.373645, 39.845993], [-105.375432, 39.846329], [-105.3794, 39.845793], [-105.384927, 39.843452], [-105.388133, 39.843671], [-105.392528, 39.84202], [-105.394075, 39.842811], [-105.397948, 39.84094], [-105.397951, 39.833661], [-105.397993, 39.825957], [-105.39801, 39.822515], [-105.398023, 39.820146], [-105.398026, 39.81789], [-105.398043, 39.816027], [-105.39795, 39.8149], [-105.397947, 39.810203], [-105.397948, 39.798771], [-105.397951, 39.784391], [-105.39795, 39.77732], [-105.397949, 39.776609], [-105.397944, 39.764995], [-105.397943, 39.761017], [-105.397949, 39.750292], [-105.397948, 39.749994], [-105.397948, 39.749432], [-105.397947, 39.749251], [-105.397947, 39.748971], [-105.397949, 39.747735], [-105.397949, 39.74604], [-105.397949, 39.745856], [-105.398149, 39.733282], [-105.39819, 39.726234], [-105.398295, 39.717441], [-105.398349, 39.717147], [-105.398348, 39.716838], [-105.398348, 39.714121], [-105.398343, 39.712538], [-105.398351, 39.710794], [-105.398425, 39.707098], [-105.398425, 39.707078], [-105.398545, 39.701019], [-105.39855, 39.69281], [-105.398549, 39.689906], [-105.398549, 39.689422], [-105.398549, 39.686523], [-105.398549, 39.686294], [-105.398442, 39.677681], [-105.39834, 39.676184], [-105.398332, 39.672356], [-105.398326, 39.67206], [-105.398349, 39.665288], [-105.39824, 39.65838], [-105.398249, 39.650788], [-105.398248, 39.649949], [-105.398249, 39.647635], [-105.39825, 39.647568], [-105.39825, 39.647515], [-105.39825, 39.64605], [-105.39825, 39.645929], [-105.39825, 39.645147], [-105.398252, 39.643533], [-105.398251, 39.636727], [-105.39835, 39.635888], [-105.39845, 39.632174], [-105.398451, 39.631219], [-105.398451, 39.630738], [-105.39845, 39.630412], [-105.39845, 39.630242], [-105.39845, 39.630167], [-105.39845, 39.629952], [-105.39845, 39.629782], [-105.39845, 39.629733], [-105.39845, 39.629688], [-105.39845, 39.629573], [-105.39845, 39.629412], [-105.39845, 39.629362], [-105.39855, 39.625476], [-105.398653, 39.620374], [-105.398665, 39.619779], [-105.39875, 39.615418], [-105.398875, 39.60641], [-105.398951, 39.604786], [-105.39895, 39.588444], [-105.398957, 39.584928], [-105.39905, 39.582788], [-105.399089, 39.582072], [-105.39915, 39.580188], [-105.39915, 39.57865], [-105.39915, 39.578218], [-105.398996, 39.57336], [-105.398994, 39.573321], [-105.398986, 39.573074], [-105.39904, 39.570991], [-105.398984, 39.569771], [-105.398949, 39.566056], [-105.401051, 39.565988], [-105.405351, 39.565988], [-105.406451, 39.565988], [-105.407455, 39.565988], [-105.427251, 39.565988], [-105.428096, 39.565928], [-105.444922, 39.565988], [-105.459209, 39.565942], [-105.467953, 39.566088], [-105.485117, 39.566188], [-105.501603, 39.566155], [-105.514529, 39.566407], [-105.560937, 39.567537], [-105.578667, 39.567974], [-105.586665, 39.568164], [-105.587986, 39.568197], [-105.623875, 39.567036], [-105.642798, 39.566584], [-105.653343, 39.566398], [-105.65795, 39.56635], [-105.695149, 39.565644], [-105.721601, 39.565269], [-105.724054, 39.565375], [-105.750561, 39.564897], [-105.77172, 39.564889], [-105.776642, 39.56492], [-105.829662, 39.564865], [-105.828521, 39.563453], [-105.828906, 39.561547], [-105.827707, 39.559493], [-105.826061, 39.557442], [-105.825771, 39.555678], [-105.822337, 39.553012], [-105.818724, 39.552074], [-105.815807, 39.551976], [-105.816308, 39.54815], [-105.818928, 39.545815], [-105.819066, 39.544064], [-105.817631, 39.53831], [-105.819268, 39.537572], [-105.821234, 39.532468], [-105.822809, 39.530802], [-105.82308, 39.529865], [-105.823931, 39.53056], [-105.830016, 39.532043], [-105.836057, 39.529285], [-105.838571, 39.527821], [-105.840831, 39.526932], [-105.844329, 39.525992], [-105.845377, 39.52375], [-105.847211, 39.52484], [-105.851285, 39.526121], [-105.854562, 39.527868], [-105.857732, 39.532058], [-105.859114, 39.531813], [-105.860506, 39.530487], [-105.861662, 39.528605], [-105.862896, 39.527307], [-105.863525, 39.523955], [-105.864701, 39.522115], [-105.868049, 39.519862], [-105.866889, 39.516702], [-105.864681, 39.515065], [-105.86181, 39.51306], [-105.859947, 39.512148], [-105.859947, 39.510229], [-105.859457, 39.509225], [-105.857017, 39.50706], [-105.854772, 39.506401], [-105.854117, 39.50452], [-105.856392, 39.50513], [-105.858184, 39.50518], [-105.860395, 39.50471], [-105.863584, 39.502305], [-105.864499, 39.50037], [-105.864214, 39.499986], [-105.865931, 39.498082], [-105.866565, 39.496663], [-105.866584, 39.494351], [-105.867521, 39.494147], [-105.869905, 39.494953], [-105.872414, 39.494808], [-105.874714, 39.493521], [-105.876966, 39.490602], [-105.878348, 39.489618], [-105.879173, 39.486824], [-105.87878, 39.484402], [-105.879087, 39.483767], [-105.884677, 39.484138], [-105.889185, 39.48335], [-105.891974, 39.484173], [-105.892199, 39.481044], [-105.892666, 39.479998], [-105.894725, 39.477517], [-105.897327, 39.477137], [-105.896726, 39.475657], [-105.898481, 39.473409], [-105.898888, 39.472295], [-105.89909, 39.4715], [-105.900488, 39.470887], [-105.901612, 39.469619], [-105.901258, 39.467213], [-105.901835, 39.464248], [-105.90391, 39.46221], [-105.905959, 39.459657], [-105.908351, 39.459428], [-105.910511, 39.458376], [-105.911637, 39.456736], [-105.914316, 39.458203], [-105.916523, 39.458091], [-105.921153, 39.458386], [-105.926674, 39.459417], [-105.929823, 39.459338], [-105.934657, 39.457888], [-105.936939, 39.458448], [-105.938781, 39.458423], [-105.940612, 39.456524], [-105.94217, 39.452773], [-105.9425, 39.450484], [-105.941853, 39.448246], [-105.943698, 39.446183], [-105.944018, 39.445096], [-105.944155, 39.44091], [-105.947317, 39.440523], [-105.953619, 39.43854], [-105.956436, 39.438401], [-105.958192, 39.439677], [-105.961752, 39.440091], [-105.964395, 39.439532], [-105.966786, 39.438035], [-105.965013, 39.433436], [-105.960726, 39.429018], [-105.95631, 39.427841], [-105.954837, 39.42622], [-105.955394, 39.422851], [-105.955092, 39.421551], [-105.953875, 39.420479], [-105.953652, 39.418381], [-105.951698, 39.414619], [-105.952325, 39.414106], [-105.959244, 39.412473], [-105.96281, 39.411991], [-105.968633, 39.410693], [-105.969449, 39.410235], [-105.973206, 39.409189], [-105.976867, 39.40857], [-105.977967, 39.407269], [-105.980651, 39.406686], [-105.981923, 39.405974], [-105.983025, 39.404431], [-105.983621, 39.402441], [-105.985018, 39.401667], [-105.98693, 39.401507], [-105.990528, 39.402202], [-105.992856, 39.401859], [-105.993224, 39.399868], [-105.994132, 39.397824], [-105.995928, 39.395001], [-105.997845, 39.39401], [-105.999529, 39.393825], [-106.003339, 39.391766], [-106.004012, 39.391058], [-106.005, 39.389293], [-106.00574, 39.389161], [-106.008401, 39.387356], [-106.013851, 39.386898], [-106.016364, 39.38439], [-106.016994, 39.382911], [-106.018383, 39.381403], [-106.017453, 39.379204], [-106.016794, 39.374988], [-106.017473, 39.373383], [-106.017619, 39.365503], [-106.021133, 39.362377], [-106.021966, 39.361713], [-106.02433, 39.361147], [-106.02672, 39.361333], [-106.029651, 39.35986], [-106.032199, 39.358942], [-106.034717, 39.358376], [-106.03747, 39.358465], [-106.043926, 39.357378], [-106.046317, 39.357434], [-106.050922, 39.358061], [-106.056096, 39.358431], [-106.058335, 39.360052], [-106.062616, 39.36182], [-106.064048, 39.362758], [-106.067355, 39.363803], [-106.068471, 39.364429], [-106.072857, 39.367917], [-106.074816, 39.368764], [-106.078324, 39.36951], [-106.080241, 39.370435], [-106.081207, 39.369199], [-106.084446, 39.369283], [-106.087324, 39.370827], [-106.088428, 39.372001], [-106.094312, 39.376511], [-106.096791, 39.377896], [-106.099401, 39.377733], [-106.101943, 39.378054], [-106.106038, 39.377931], [-106.10729, 39.377454], [-106.11198, 39.377053], [-106.114813, 39.376496], [-106.120308, 39.37659], [-106.123961, 39.378021], [-106.127447, 39.378877], [-106.129494, 39.378767], [-106.131433, 39.379511], [-106.135529, 39.379546], [-106.136412, 39.379694], [-106.146976, 39.379687], [-106.177507, 39.37969], [-106.191412, 39.379696], [-106.195268, 39.379682], [-106.206732, 39.379636], [-106.223091, 39.379662], [-106.225627, 39.37963], [-106.226787, 39.377054], [-106.226898, 39.374165], [-106.227669, 39.374109], [-106.229588, 39.373167], [-106.232876, 39.373207], [-106.233925, 39.372936], [-106.236481, 39.370327], [-106.237317, 39.368517], [-106.239517, 39.365667], [-106.245006, 39.364107], [-106.247396, 39.362804], [-106.250154, 39.360701], [-106.251141, 39.357589], [-106.252485, 39.359111], [-106.256803, 39.36122], [-106.259456, 39.361861], [-106.259963, 39.360846], [-106.263822, 39.358769], [-106.266618, 39.358835], [-106.270954, 39.358074], [-106.272576, 39.356358], [-106.274732, 39.355683], [-106.279662, 39.352349], [-106.281895, 39.351455], [-106.283812, 39.349469], [-106.284812, 39.351366], [-106.286587, 39.35222], [-106.290783, 39.351766], [-106.292312, 39.351849], [-106.295309, 39.352936], [-106.295817, 39.353792], [-106.295736, 39.355656], [-106.296314, 39.357335], [-106.29781, 39.357952], [-106.300415, 39.360067], [-106.302557, 39.361119], [-106.30579, 39.361368], [-106.306669, 39.361395], [-106.31109, 39.362117], [-106.313367, 39.36217], [-106.316249, 39.361211], [-106.320601, 39.359375], [-106.323832, 39.358982], [-106.328003, 39.359236], [-106.332916, 39.35823], [-106.33479, 39.358951], [-106.339252, 39.359064], [-106.344132, 39.357712], [-106.3452, 39.356786], [-106.349904, 39.354936], [-106.350606, 39.353998], [-106.352652, 39.354093], [-106.353029, 39.354174], [-106.355573, 39.354861], [-106.358022, 39.35514], [-106.362643, 39.357217], [-106.362885, 39.358623], [-106.363139, 39.359234], [-106.366185, 39.3606], [-106.36881, 39.360386], [-106.37082, 39.360637], [-106.371256, 39.361266], [-106.371975, 39.363708], [-106.374694, 39.3657], [-106.375056, 39.366896], [-106.376383, 39.368542], [-106.378202, 39.369401], [-106.378577, 39.37146], [-106.380633, 39.37615], [-106.383654, 39.376606], [-106.38604, 39.376556], [-106.388478, 39.377719], [-106.390259, 39.378125], [-106.391658, 39.379397], [-106.397603, 39.379845], [-106.400634, 39.380962], [-106.403925, 39.379848], [-106.405147, 39.378927], [-106.407451, 39.375678], [-106.408154, 39.373696], [-106.410935, 39.371997], [-106.413107, 39.370058], [-106.414785, 39.36749], [-106.417272, 39.367296], [-106.421626, 39.363797], [-106.424087, 39.363031], [-106.426487, 39.361871], [-106.428971, 39.359975], [-106.429428, 39.358032], [-106.430785, 39.357114], [-106.43348, 39.354174], [-106.433954, 39.351658], [-106.433669, 39.351114], [-106.435104, 39.347275], [-106.43536, 39.343972], [-106.434931, 39.341099], [-106.433804, 39.339343], [-106.433548, 39.337492], [-106.432282, 39.335956], [-106.428676, 39.335402], [-106.429438, 39.334389], [-106.428663, 39.332555], [-106.428703, 39.328182], [-106.428071, 39.327047], [-106.426947, 39.323355], [-106.428001, 39.322426], [-106.428017, 39.32145], [-106.430422, 39.319378], [-106.43246, 39.316353], [-106.434514, 39.317102], [-106.438223, 39.316854], [-106.439771, 39.317321], [-106.44254, 39.315291], [-106.445825, 39.315495], [-106.448472, 39.316694], [-106.450652, 39.316698], [-106.452389, 39.315669], [-106.452746, 39.314292], [-106.454219, 39.312259], [-106.455865, 39.312135], [-106.459076, 39.313041], [-106.461482, 39.312614], [-106.463382, 39.311494], [-106.465512, 39.311579], [-106.466809, 39.310412], [-106.466964, 39.309248], [-106.468071, 39.308342], [-106.468272, 39.307315], [-106.46956, 39.30814], [-106.470726, 39.307887], [-106.472878, 39.308423], [-106.474299, 39.310303], [-106.475377, 39.311027], [-106.476205, 39.312498], [-106.476224, 39.314748], [-106.478763, 39.314221], [-106.485121, 39.312566], [-106.486399, 39.311471], [-106.487431, 39.30897], [-106.488148, 39.309014], [-106.49185, 39.30662], [-106.492604, 39.305737], [-106.492515, 39.303996], [-106.494234, 39.303079], [-106.496178, 39.302845], [-106.499898, 39.301483], [-106.501647, 39.299818], [-106.50269, 39.298067], [-106.503561, 39.295051], [-106.503597, 39.293609], [-106.502867, 39.289993], [-106.504581, 39.287362], [-106.504308, 39.287069], [-106.504031, 39.284761], [-106.502436, 39.283323], [-106.499926, 39.281673], [-106.498544, 39.279325], [-106.495322, 39.278702], [-106.493229, 39.277632], [-106.492777, 39.276276], [-106.4913, 39.274986], [-106.491056, 39.274023], [-106.489829, 39.27314], [-106.483292, 39.272669], [-106.483722, 39.271702], [-106.483417, 39.268852], [-106.48407, 39.265396], [-106.483206, 39.263914], [-106.483138, 39.263394], [-106.482812, 39.261474], [-106.48106, 39.259888], [-106.481226, 39.259167], [-106.482977, 39.258018], [-106.48309, 39.255249], [-106.48633, 39.253555], [-106.488251, 39.249264], [-106.489103, 39.248537], [-106.493972, 39.244952], [-106.496778, 39.243321], [-106.497649, 39.242022], [-106.49746, 39.240524], [-106.497993, 39.239487], [-106.49874, 39.234931], [-106.497257, 39.232978], [-106.495094, 39.231918], [-106.492721, 39.229408], [-106.490215, 39.228335], [-106.489749, 39.227718], [-106.491818, 39.226102], [-106.49226, 39.225195], [-106.491258, 39.222793], [-106.491951, 39.220698], [-106.493394, 39.220103], [-106.49387, 39.218728], [-106.492943, 39.215858], [-106.493619, 39.213328], [-106.494854, 39.210091], [-106.494954, 39.208541], [-106.493779, 39.206367], [-106.4946, 39.200148], [-106.493649, 39.198326], [-106.495836, 39.19441], [-106.497735, 39.193222], [-106.498317, 39.192014], [-106.498991, 39.186217], [-106.499607, 39.183848], [-106.502649, 39.180419], [-106.504803, 39.17902], [-106.506726, 39.178815], [-106.508208, 39.178049], [-106.508216, 39.177323], [-106.51, 39.174653], [-106.509511, 39.171928], [-106.508744, 39.169993], [-106.509047, 39.168873], [-106.508473, 39.168142], [-106.508614, 39.166681], [-106.511077, 39.163532], [-106.513862, 39.162258], [-106.516374, 39.160336], [-106.518913, 39.159698], [-106.519299, 39.158602], [-106.520942, 39.157353], [-106.52402, 39.158754], [-106.527357, 39.161021], [-106.531288, 39.161224], [-106.532634, 39.162468], [-106.535138, 39.163146], [-106.535777, 39.162585], [-106.536112, 39.159437], [-106.538526, 39.157894], [-106.541354, 39.158307], [-106.542884, 39.158882], [-106.545022, 39.158872], [-106.548626, 39.16055], [-106.551677, 39.161465], [-106.556364, 39.157949], [-106.557186, 39.15671], [-106.561265, 39.155677], [-106.562631, 39.151947], [-106.562177, 39.150676], [-106.560706, 39.14952], [-106.561045, 39.14777], [-106.560251, 39.145342], [-106.558679, 39.143847], [-106.559643, 39.140881], [-106.5595, 39.139684], [-106.560536, 39.137824], [-106.562486, 39.135898], [-106.563109, 39.134715], [-106.564244, 39.134237], [-106.564574, 39.132422], [-106.563726, 39.131199], [-106.560414, 39.128448], [-106.560179, 39.127122], [-106.559073, 39.125799], [-106.559287, 39.124656], [-106.558325, 39.124237], [-106.558171, 39.120223], [-106.560667, 39.117898], [-106.563895, 39.115748], [-106.564986, 39.114007], [-106.564538, 39.111979], [-106.564696, 39.10908], [-106.563995, 39.108595], [-106.563321, 39.107268], [-106.563989, 39.106041], [-106.566983, 39.105061], [-106.568439, 39.105205], [-106.568933, 39.104009], [-106.570161, 39.103515], [-106.570627, 39.104193], [-106.573344, 39.104424], [-106.576586, 39.104001], [-106.580311, 39.102164], [-106.583781, 39.097904], [-106.586157, 39.09405], [-106.586107, 39.090578], [-106.586338, 39.087743], [-106.584916, 39.08483], [-106.583238, 39.082959], [-106.580107, 39.081751], [-106.577076, 39.079437], [-106.579456, 39.077536], [-106.579524, 39.075574], [-106.577587, 39.072758], [-106.57723, 39.066154], [-106.576862, 39.063369], [-106.57763, 39.060598], [-106.577966, 39.057908], [-106.578023, 39.056254], [-106.577551, 39.05321], [-106.58073, 39.048717], [-106.584245, 39.047187], [-106.589133, 39.045582], [-106.594964, 39.045397], [-106.597233, 39.044821], [-106.597797, 39.039249], [-106.598936, 39.036768], [-106.599516, 39.033788], [-106.597941, 39.031666], [-106.594377, 39.029959], [-106.592596, 39.027627], [-106.591692, 39.024923], [-106.594921, 39.020809], [-106.595179, 39.01686], [-106.594954, 39.013752], [-106.595162, 39.010305], [-106.594701, 39.007568], [-106.594455, 39.004185], [-106.59543, 39.002132], [-106.598297, 38.998744], [-106.599214, 38.997994], [-106.595509, 38.991277], [-106.594153, 38.990936], [-106.590433, 38.991271], [-106.586802, 38.992694], [-106.585595, 38.992697], [-106.582769, 38.991476], [-106.58094, 38.99197], [-106.579523, 38.991702], [-106.577161, 38.990444], [-106.574721, 38.992821], [-106.568522, 38.994478], [-106.566129, 38.993792], [-106.562855, 38.996403], [-106.561554, 38.997004], [-106.560427, 38.998232], [-106.559101, 38.998624], [-106.556184, 38.99812], [-106.554211, 38.998711], [-106.552183, 38.993476], [-106.551234, 38.992075], [-106.550163, 38.991545], [-106.546762, 38.991078], [-106.544267, 38.989144], [-106.54215, 38.988277], [-106.536053, 38.983491], [-106.534179, 38.982292], [-106.53202, 38.981386], [-106.528389, 38.980727], [-106.526287, 38.976588], [-106.524626, 38.972316], [-106.524423, 38.971093], [-106.521861, 38.968666], [-106.523147, 38.965535], [-106.524056, 38.964205], [-106.525845, 38.963124], [-106.528511, 38.959883], [-106.526286, 38.955052], [-106.523122, 38.954445], [-106.52201, 38.953875], [-106.519877, 38.953969], [-106.518284, 38.951517], [-106.5167, 38.950347], [-106.515738, 38.948664], [-106.513195, 38.947487], [-106.508077, 38.94589], [-106.507162, 38.946092], [-106.505313, 38.9444], [-106.505839, 38.94292], [-106.505584, 38.939457], [-106.504371, 38.936849], [-106.502695, 38.936445], [-106.501793, 38.935293], [-106.500583, 38.934748], [-106.49876, 38.93469], [-106.496258, 38.93347], [-106.493856, 38.931089], [-106.490714, 38.929685], [-106.489938, 38.926316], [-106.487359, 38.923507], [-106.485652, 38.922108], [-106.48212, 38.92093], [-106.480905, 38.918643], [-106.474912, 38.916123], [-106.472209, 38.915927], [-106.470044, 38.913053], [-106.46901, 38.912394], [-106.467483, 38.91226], [-106.465032, 38.910354], [-106.461941, 38.911303], [-106.45873, 38.910108], [-106.457811, 38.910078], [-106.453808, 38.912755], [-106.449951, 38.913012], [-106.448005, 38.914362], [-106.446065, 38.913866], [-106.443705, 38.914652], [-106.44215, 38.915574], [-106.439333, 38.915458], [-106.437175, 38.914906], [-106.436953, 38.916317], [-106.434864, 38.918184], [-106.434333, 38.919999], [-106.432062, 38.923043], [-106.430262, 38.924909], [-106.427448, 38.925922], [-106.424952, 38.926095], [-106.421831, 38.928068], [-106.419354, 38.927677], [-106.418227, 38.92663], [-106.418244, 38.925396], [-106.41718, 38.920898], [-106.415627, 38.91853], [-106.414274, 38.918129], [-106.413166, 38.916268], [-106.412091, 38.915665], [-106.407602, 38.914762], [-106.406071, 38.912982], [-106.404977, 38.912669], [-106.403208, 38.910865], [-106.402124, 38.910617], [-106.399497, 38.911943], [-106.393959, 38.912249], [-106.393075, 38.913702], [-106.393386, 38.914427], [-106.392991, 38.917718], [-106.392344, 38.918775], [-106.388994, 38.919981], [-106.386913, 38.921121], [-106.386257, 38.922969], [-106.383451, 38.922964], [-106.382999, 38.923932], [-106.380836, 38.925685], [-106.38036, 38.924871], [-106.376982, 38.922674], [-106.377168, 38.917981], [-106.376495, 38.916772], [-106.376699, 38.915723], [-106.375745, 38.913039], [-106.376222, 38.909539], [-106.37344, 38.906608], [-106.372211, 38.906397], [-106.367482, 38.906917], [-106.365773, 38.909871], [-106.361544, 38.912339], [-106.357073, 38.912945], [-106.353035, 38.910936], [-106.351501, 38.909888], [-106.347334, 38.908467], [-106.34673, 38.9076], [-106.345241, 38.907067], [-106.344049, 38.907606], [-106.338128, 38.90872], [-106.334984, 38.911666], [-106.331056, 38.911695], [-106.327884, 38.911051], [-106.326099, 38.911004], [-106.324894, 38.908317], [-106.325118, 38.908009], [-106.324115, 38.904796], [-106.32472, 38.902929], [-106.322889, 38.898019], [-106.320863, 38.89586], [-106.320555, 38.894708], [-106.321313, 38.892599], [-106.323019, 38.891807], [-106.32471, 38.890515], [-106.326039, 38.888927], [-106.326697, 38.887318], [-106.326446, 38.884101], [-106.327505, 38.882297], [-106.330522, 38.881772], [-106.332483, 38.880696], [-106.334065, 38.881309], [-106.334344, 38.880057], [-106.335245, 38.87927], [-106.336068, 38.876313], [-106.336779, 38.874994], [-106.335846, 38.87229], [-106.336188, 38.87188], [-106.338819, 38.871723], [-106.340854, 38.870783], [-106.342674, 38.869351], [-106.34478, 38.868605], [-106.346982, 38.867213], [-106.34925, 38.864386], [-106.34898, 38.86191], [-106.349106, 38.858209], [-106.348906, 38.856338], [-106.349303, 38.854887], [-106.352693, 38.855634], [-106.356891, 38.855318], [-106.360566, 38.8538], [-106.362372, 38.853376], [-106.3643, 38.853419], [-106.365378, 38.851719], [-106.365371, 38.847606], [-106.364458, 38.846185], [-106.366442, 38.844681], [-106.368357, 38.842087], [-106.370126, 38.840485], [-106.370204, 38.838719], [-106.371525, 38.838075], [-106.374579, 38.837386], [-106.37601, 38.836416], [-106.378819, 38.836125], [-106.37902, 38.835132], [-106.382822, 38.831579], [-106.383589, 38.828504], [-106.383632, 38.824705], [-106.387848, 38.823804], [-106.391269, 38.82276], [-106.395024, 38.822393], [-106.397529, 38.823134], [-106.399021, 38.825298], [-106.403505, 38.826597], [-106.405284, 38.828398], [-106.406987, 38.829334], [-106.409307, 38.827888], [-106.411888, 38.825736], [-106.416263, 38.82385], [-106.415334, 38.819442], [-106.415045, 38.815282], [-106.416025, 38.813787], [-106.420551, 38.811609], [-106.421018, 38.810414], [-106.422432, 38.809296], [-106.422711, 38.807633], [-106.420666, 38.804149], [-106.418581, 38.802954], [-106.417911, 38.800691], [-106.415055, 38.799636], [-106.414363, 38.795203], [-106.41287, 38.790911], [-106.413091, 38.789999], [-106.414518, 38.789445], [-106.416586, 38.787623], [-106.416635, 38.785196], [-106.416033, 38.784101], [-106.414737, 38.780186], [-106.413816, 38.779093], [-106.415498, 38.774417], [-106.415498, 38.772441], [-106.416426, 38.770946], [-106.417452, 38.770474], [-106.418058, 38.76827], [-106.419259, 38.766], [-106.417143, 38.764435], [-106.416265, 38.761728], [-106.416149, 38.759237], [-106.415099, 38.757095], [-106.41728, 38.755426], [-106.419953, 38.751529], [-106.419637, 38.749995], [-106.418401, 38.74915], [-106.418011, 38.742028], [-106.418658, 38.739632], [-106.42005, 38.738805], [-106.418493, 38.735304], [-106.416752, 38.733756], [-106.416665, 38.727814], [-106.417431, 38.725675], [-106.419185, 38.723989], [-106.423467, 38.720847], [-106.422786, 38.718857], [-106.423222, 38.716166], [-106.424709, 38.712693], [-106.425275, 38.710307], [-106.429468, 38.709811], [-106.431656, 38.708708], [-106.434437, 38.709211], [-106.438142, 38.708631], [-106.443493, 38.709231], [-106.44468, 38.708037], [-106.444553, 38.706926], [-106.44553, 38.705533], [-106.448313, 38.704928], [-106.449421, 38.702945], [-106.450135, 38.70266], [-106.452126, 38.698777], [-106.451867, 38.698343], [-106.451054, 38.695365], [-106.448358, 38.692945], [-106.446183, 38.689832], [-106.445959, 38.688988], [-106.440176, 38.68687], [-106.437861, 38.6825], [-106.437032, 38.679375], [-106.437055, 38.678069], [-106.438072, 38.676635], [-106.436179, 38.673735], [-106.435907, 38.67115], [-106.43409, 38.668878], [-106.432209, 38.667921], [-106.43114, 38.665066], [-106.431317, 38.663289], [-106.429088, 38.65762], [-106.430159, 38.653468], [-106.429545, 38.651235], [-106.427139, 38.650673], [-106.424037, 38.648846], [-106.421804, 38.646789], [-106.420179, 38.6467], [-106.418164, 38.645188], [-106.417223, 38.644919], [-106.414676, 38.645407], [-106.411752, 38.647029], [-106.407944, 38.647679], [-106.407174, 38.647159], [-106.404184, 38.646732], [-106.401719, 38.645783], [-106.401507, 38.643076], [-106.402238, 38.642163], [-106.401189, 38.639702], [-106.398468, 38.639748], [-106.397267, 38.640297], [-106.392825, 38.640085], [-106.390164, 38.641034], [-106.38899, 38.640897], [-106.386632, 38.639656], [-106.385788, 38.638627], [-106.383164, 38.638922], [-106.379899, 38.638483], [-106.380362, 38.637057], [-106.381919, 38.635415], [-106.384177, 38.633827], [-106.385174, 38.632362], [-106.386269, 38.627783], [-106.385925, 38.626719], [-106.385368, 38.624995], [-106.384208, 38.623869], [-106.382641, 38.623416], [-106.382125, 38.621719], [-106.379149, 38.620118], [-106.37558, 38.621224], [-106.374393, 38.620791], [-106.369126, 38.618678], [-106.365251, 38.615899], [-106.363843, 38.613625], [-106.363646, 38.610224], [-106.364697, 38.605889], [-106.362608, 38.603493], [-106.362052, 38.602346], [-106.359822, 38.600605], [-106.359317, 38.599393], [-106.361235, 38.59588], [-106.361024, 38.594487], [-106.358188, 38.592713], [-106.357242, 38.591037], [-106.355951, 38.5901], [-106.355449, 38.587936], [-106.353139, 38.58518], [-106.3513, 38.58349], [-106.35342, 38.581467], [-106.351975, 38.578837], [-106.351673, 38.576905], [-106.350905, 38.576462], [-106.349877, 38.574764], [-106.347383, 38.572598], [-106.344619, 38.568564], [-106.346867, 38.565104], [-106.346681, 38.562783], [-106.347451, 38.561041], [-106.346641, 38.558864], [-106.350144, 38.555583], [-106.35083, 38.553777], [-106.350543, 38.552667], [-106.352034, 38.551691], [-106.353533, 38.549973], [-106.353584, 38.547133], [-106.354964, 38.542868], [-106.353706, 38.53922], [-106.354543, 38.536146], [-106.354185, 38.533384], [-106.350423, 38.53145], [-106.347131, 38.528761], [-106.346408, 38.526253], [-106.345032, 38.524494], [-106.344063, 38.522585], [-106.342597, 38.521537], [-106.343703, 38.51746], [-106.345044, 38.516671], [-106.345813, 38.51496], [-106.348108, 38.512499], [-106.347269, 38.511484], [-106.3466, 38.509661], [-106.345455, 38.50823], [-106.345425, 38.507134], [-106.34423, 38.50459], [-106.342824, 38.50288], [-106.341359, 38.502412], [-106.338962, 38.50081], [-106.338879, 38.49926], [-106.337741, 38.497862], [-106.336308, 38.49665], [-106.332465, 38.49453], [-106.330169, 38.49369], [-106.327844, 38.497329], [-106.326289, 38.497206], [-106.323024, 38.496944], [-106.320109, 38.497691], [-106.319883, 38.496883], [-106.31832, 38.495155], [-106.315546, 38.494477], [-106.311756, 38.494961], [-106.310535, 38.491228], [-106.309633, 38.490561], [-106.309422, 38.489463], [-106.309428, 38.489147], [-106.309297, 38.487963], [-106.30825, 38.485868], [-106.306809, 38.484141], [-106.306484, 38.482341], [-106.304121, 38.480052], [-106.304547, 38.478708], [-106.303015, 38.476957], [-106.29982, 38.475718], [-106.295598, 38.475586], [-106.292991, 38.474802], [-106.290332, 38.473253], [-106.290494, 38.471802], [-106.289396, 38.470465], [-106.290026, 38.466857], [-106.289138, 38.464328], [-106.289281, 38.462756], [-106.288532, 38.461373], [-106.283807, 38.456794], [-106.280609, 38.454337], [-106.277246, 38.454282], [-106.272655, 38.455196], [-106.27179, 38.452442], [-106.272247, 38.448776], [-106.274119, 38.446886], [-106.272152, 38.446389], [-106.270484, 38.44552], [-106.268555, 38.443543], [-106.266071, 38.441735], [-106.261333, 38.442355], [-106.253087, 38.441003], [-106.250103, 38.439556], [-106.245363, 38.439171], [-106.248141, 38.436029], [-106.249484, 38.433244], [-106.248384, 38.428156], [-106.248618, 38.426043], [-106.24791, 38.423959], [-106.24694, 38.422768], [-106.224616, 38.422693], [-106.176197, 38.422386], [-106.172975, 38.422394], [-106.131062, 38.422112], [-106.130646, 38.42211], [-106.129399, 38.422106], [-106.128984, 38.422105], [-106.128687, 38.422114], [-106.125571, 38.422092], [-106.100438, 38.422207], [-106.08813, 38.42228], [-106.087615, 38.42253], [-106.086068, 38.424113], [-106.084078, 38.422876], [-106.080137, 38.423538], [-106.076535, 38.423652], [-106.074555, 38.424979], [-106.074282, 38.426503], [-106.07213, 38.427387], [-106.071212, 38.429159], [-106.069773, 38.429875], [-106.069237, 38.431237], [-106.070226, 38.432005], [-106.068832, 38.432937], [-106.066402, 38.433796], [-106.065144, 38.435874], [-106.064046, 38.436654], [-106.062602, 38.4392], [-106.062089, 38.439384], [-106.058838, 38.443209], [-106.057982, 38.444691], [-106.059111, 38.448364], [-106.060378, 38.448818], [-106.062244, 38.45033], [-106.060043, 38.452737], [-106.06031, 38.454964], [-106.058571, 38.456945], [-106.055684, 38.45489], [-106.052074, 38.454221], [-106.050866, 38.454364], [-106.049091, 38.455272], [-106.043234, 38.457671], [-106.042771, 38.458267], [-106.041598, 38.457256], [-106.03601, 38.455115], [-106.033554, 38.454479], [-106.030665, 38.453538], [-106.02354, 38.453917], [-106.021489, 38.454469], [-106.019043, 38.454423], [-106.018054, 38.453687], [-106.016917, 38.451796], [-106.01768, 38.448693], [-106.015977, 38.447624], [-106.010751, 38.446566], [-106.012304, 38.445357], [-106.0127, 38.444124], [-106.012483, 38.442462], [-106.012789, 38.440777], [-106.012307, 38.438945], [-106.011016, 38.437231], [-106.008662, 38.435459], [-106.007934, 38.433715], [-106.006477, 38.432518], [-106.00193, 38.431466], [-106.001038, 38.429923], [-106.000303, 38.42702], [-106.000814, 38.425809], [-105.999788, 38.423622], [-105.997751, 38.422031], [-105.996768, 38.420303], [-105.993932, 38.419375], [-105.992008, 38.419569], [-105.987308, 38.418802], [-105.98395, 38.41999], [-105.9835, 38.419392], [-105.980409, 38.417277], [-105.98001, 38.415484], [-105.979222, 38.414127], [-105.976919, 38.41298], [-105.974647, 38.411115], [-105.973389, 38.409459], [-105.970226, 38.41004], [-105.967933, 38.408772], [-105.964721, 38.40626], [-105.963391, 38.40475], [-105.960669, 38.403095], [-105.95982, 38.401278], [-105.959945, 38.398023], [-105.959495, 38.397095], [-105.957172, 38.39518], [-105.955668, 38.394437], [-105.950654, 38.393733], [-105.949969, 38.392336], [-105.947606, 38.390526], [-105.947067, 38.385495], [-105.945432, 38.38274], [-105.944637, 38.378638], [-105.943614, 38.377999], [-105.940433, 38.376973], [-105.938536, 38.374074], [-105.93577, 38.373219], [-105.932624, 38.370432], [-105.93136, 38.369791], [-105.92701, 38.36872], [-105.924638, 38.368737], [-105.92407, 38.367936], [-105.919851, 38.367156], [-105.918406, 38.363874], [-105.916969, 38.362941], [-105.912489, 38.361539], [-105.910804, 38.359241], [-105.910236, 38.356413], [-105.908447, 38.354478], [-105.906307, 38.353268], [-105.902602, 38.352385], [-105.899831, 38.350721], [-105.897647, 38.350051], [-105.895423, 38.347412], [-105.894365, 38.346618], [-105.893478, 38.346292], [-105.892574, 38.343342], [-105.890765, 38.341374], [-105.888766, 38.340811], [-105.888291, 38.337886], [-105.888866, 38.337315], [-105.88876, 38.33436], [-105.88692, 38.332545], [-105.887058, 38.331706], [-105.885858, 38.330604], [-105.885142, 38.32889], [-105.883532, 38.328167], [-105.882247, 38.327492], [-105.881404, 38.324881], [-105.880044, 38.323222], [-105.87998, 38.321841], [-105.879292, 38.320628], [-105.877626, 38.319064], [-105.876718, 38.318802], [-105.876881, 38.31714], [-105.876376, 38.315951], [-105.87391, 38.315142], [-105.871944, 38.311302], [-105.872008, 38.310835], [-105.870112, 38.309392], [-105.868612, 38.308725], [-105.868474, 38.307796], [-105.866817, 38.3057], [-105.864981, 38.304653], [-105.861623, 38.303422], [-105.860738, 38.302499], [-105.858315, 38.298359], [-105.853233, 38.296412], [-105.850176, 38.294456], [-105.849631, 38.29312], [-105.848269, 38.29135], [-105.846169, 38.290204], [-105.845479, 38.291154], [-105.843387, 38.292413], [-105.84278, 38.293226], [-105.84083, 38.29246], [-105.837202, 38.288411], [-105.836366, 38.287892], [-105.832825, 38.286741], [-105.830769, 38.285062], [-105.828244, 38.28113], [-105.827123, 38.278568], [-105.824185, 38.277475], [-105.821474, 38.276117], [-105.820215, 38.274474], [-105.818973, 38.273597], [-105.817868, 38.273916], [-105.814604, 38.272668], [-105.810874, 38.2725], [-105.808435, 38.271837], [-105.806642, 38.270917], [-105.804015, 38.270891], [-105.803272, 38.270452], [-105.800013, 38.269922], [-105.797671, 38.266757], [-105.796855, 38.266326], [-105.796897, 38.265047], [-105.795665, 38.260139], [-105.794237, 38.257922], [-105.792744, 38.256294], [-105.79218, 38.254815], [-105.789143, 38.251824], [-105.789347, 38.249998], [-105.789211, 38.246278], [-105.789761, 38.24436], [-105.787887, 38.242056], [-105.783928, 38.239633], [-105.780933, 38.23914], [-105.77873, 38.237658], [-105.775454, 38.235849], [-105.77106, 38.234836], [-105.768232, 38.233763], [-105.767207, 38.231816], [-105.765605, 38.230803], [-105.75949, 38.228413], [-105.758199, 38.22657], [-105.756539, 38.22496], [-105.755886, 38.22203], [-105.756482, 38.218975], [-105.756026, 38.218127], [-105.753629, 38.216675], [-105.750563, 38.214213], [-105.748507, 38.21414], [-105.744806, 38.214603], [-105.744425, 38.213701], [-105.740698, 38.210283], [-105.736738, 38.209561], [-105.73581, 38.207207], [-105.73421, 38.205057], [-105.73333, 38.201743], [-105.732591, 38.20068], [-105.731511, 38.200998], [-105.727019, 38.199705], [-105.722049, 38.193449], [-105.721266, 38.191555], [-105.718833, 38.189835], [-105.717338, 38.188137], [-105.716053, 38.185273], [-105.712924, 38.183235], [-105.70831, 38.18186], [-105.70808, 38.180352], [-105.706848, 38.178152], [-105.705374, 38.176438], [-105.702195, 38.174203], [-105.701117, 38.171979], [-105.700414, 38.16918], [-105.69798, 38.167202], [-105.693215, 38.165738], [-105.691332, 38.166494], [-105.686838, 38.166845], [-105.68616, 38.165306], [-105.680782, 38.160502], [-105.677447, 38.159526], [-105.673042, 38.159126], [-105.672841, 38.156778], [-105.671343, 38.153852], [-105.670169, 38.153097], [-105.671059, 38.151077], [-105.672613, 38.149362], [-105.673066, 38.147973], [-105.675254, 38.147047], [-105.67627, 38.146173], [-105.674322, 38.141338], [-105.672547, 38.14022], [-105.673395, 38.137396], [-105.672052, 38.134067], [-105.670713, 38.131788], [-105.669712, 38.130911], [-105.670215, 38.128554], [-105.666441, 38.125852], [-105.665014, 38.124283], [-105.66329, 38.121545], [-105.663409, 38.120634], [-105.662654, 38.119158], [-105.660145, 38.118068], [-105.657663, 38.117454], [-105.658494, 38.115185], [-105.659913, 38.113249], [-105.659836, 38.112428], [-105.66134, 38.111498], [-105.661229, 38.109782], [-105.662246, 38.106845], [-105.661485, 38.106383], [-105.662221, 38.104348], [-105.661466, 38.103136], [-105.66148, 38.100912], [-105.660302, 38.098869], [-105.658826, 38.097276], [-105.655551, 38.0952], [-105.655094, 38.093587], [-105.655856, 38.092291], [-105.655296, 38.091343], [-105.653649, 38.09088], [-105.651965, 38.089397], [-105.652007, 38.088822], [-105.650105, 38.086953], [-105.646449, 38.085037], [-105.645284, 38.082404], [-105.64248, 38.07993], [-105.641241, 38.078883], [-105.639369, 38.078481], [-105.636484, 38.075584], [-105.637276, 38.072797], [-105.634159, 38.06944], [-105.631397, 38.068115], [-105.627206, 38.06731], [-105.626928, 38.064592], [-105.626263, 38.063533], [-105.625962, 38.061161], [-105.626749, 38.059149], [-105.628206, 38.057421], [-105.625563, 38.055693], [-105.621199, 38.054282], [-105.619878, 38.053598], [-105.617807, 38.05326], [-105.617564, 38.049773], [-105.617996, 38.047261], [-105.617206, 38.045929], [-105.614957, 38.043662], [-105.614003, 38.039537], [-105.613246, 38.038085], [-105.608854, 38.034953], [-105.608561, 38.033708], [-105.60938, 38.032338], [-105.606513, 38.031604], [-105.603527, 38.031263], [-105.603114, 38.027144], [-105.601233, 38.024792], [-105.600805, 38.023746], [-105.598698, 38.022649], [-105.597952, 38.020019], [-105.598325, 38.016338], [-105.597112, 38.013638], [-105.597273, 38.012664], [-105.598876, 38.011247], [-105.604355, 38.008745], [-105.604868, 38.007388], [-105.604392, 38.006157], [-105.604636, 38.005014], [-105.603907, 38.003739], [-105.600596, 38.002274], [-105.600244, 37.999999], [-105.598413, 37.997021], [-105.595892, 37.99637], [-105.595739, 37.995069], [-105.593663, 37.992775], [-105.592071, 37.992148], [-105.59043, 37.988586], [-105.589899, 37.987431], [-105.588156, 37.986689], [-105.58716, 37.984509], [-105.58591, 37.979687], [-105.583191, 37.979978], [-105.581855, 37.977972], [-105.581522, 37.975225], [-105.583964, 37.973009], [-105.585054, 37.970451], [-105.584158, 37.969087], [-105.584462, 37.967855], [-105.582616, 37.965934], [-105.581286, 37.96618], [-105.577676, 37.965536], [-105.57562, 37.963984], [-105.573982, 37.961758], [-105.573281, 37.961582], [-105.570692, 37.958266], [-105.567192, 37.957145], [-105.562351, 37.953744], [-105.560311, 37.951886], [-105.556357, 37.95098], [-105.551826, 37.950584], [-105.550101, 37.953871], [-105.546191, 37.956048], [-105.542737, 37.95651], [-105.541949, 37.956043], [-105.537703, 37.955036], [-105.533315, 37.955182], [-105.530378, 37.953363], [-105.527147, 37.949531], [-105.525534, 37.94837], [-105.523572, 37.948037], [-105.515729, 37.942015], [-105.514591, 37.93993], [-105.511086, 37.939131], [-105.50957, 37.937122], [-105.508364, 37.936094], [-105.507251, 37.932523], [-105.507042, 37.93102], [-105.505687, 37.927891], [-105.504893, 37.927213], [-105.503116, 37.923725], [-105.502273, 37.92295], [-105.497197, 37.920339], [-105.494109, 37.9171], [-105.491145, 37.915225], [-105.4884, 37.910604], [-105.488145, 37.909845], [-105.482604, 37.905004], [-105.478351, 37.903349], [-105.479, 37.902629], [-105.478875, 37.900505], [-105.477083, 37.899298], [-105.476056, 37.899389], [-105.473307, 37.896649], [-105.473204, 37.89597], [-105.471057, 37.895264], [-105.46697, 37.895515], [-105.461319, 37.896891], [-105.459235, 37.897169], [-105.45236, 37.895681], [-105.440272, 37.897461], [-105.437279, 37.896011], [-105.431972, 37.895167], [-105.431666, 37.894407], [-105.429886, 37.893837], [-105.42779, 37.89132], [-105.426855, 37.891634], [-105.424151, 37.890173], [-105.421597, 37.890652], [-105.418689, 37.889703], [-105.417916, 37.889976], [-105.415486, 37.890815], [-105.413635, 37.890527], [-105.411553, 37.892532], [-105.409784, 37.893205], [-105.408697, 37.894442], [-105.405087, 37.89515], [-105.403421, 37.895782], [-105.401826, 37.897286], [-105.399585, 37.898816], [-105.394792, 37.901366], [-105.39408, 37.902918], [-105.390305, 37.905196], [-105.389628, 37.906522], [-105.38504, 37.910178], [-105.383707, 37.910622], [-105.38165, 37.912707], [-105.378396, 37.9138], [-105.377864, 37.914353], [-105.377088, 37.916102], [-105.375003, 37.917115], [-105.369768, 37.919048], [-105.367461, 37.919974], [-105.36541, 37.92142], [-105.363779, 37.92207], [-105.361139, 37.922597], [-105.360159, 37.92245], [-105.356054, 37.922854], [-105.353674, 37.923581], [-105.350814, 37.924889], [-105.347209, 37.924759], [-105.344536, 37.926378], [-105.342076, 37.928412], [-105.340075, 37.929324], [-105.337461, 37.932055], [-105.33571, 37.933468], [-105.331702, 37.935801], [-105.329026, 37.936945], [-105.327067, 37.937434], [-105.324526, 37.938434], [-105.320609, 37.938572], [-105.317081, 37.938949], [-105.314507, 37.938444], [-105.313882, 37.93712], [-105.311093, 37.935945], [-105.310281, 37.93354], [-105.306574, 37.932292], [-105.306316, 37.930967], [-105.304366, 37.928393], [-105.303607, 37.926188], [-105.300541, 37.923085], [-105.300388, 37.921586], [-105.301659, 37.918119], [-105.300655, 37.915887], [-105.301115, 37.914627], [-105.300254, 37.912488], [-105.298011, 37.911263], [-105.297431, 37.909349], [-105.294811, 37.90822], [-105.292407, 37.908625], [-105.291538, 37.907555], [-105.291597, 37.906431], [-105.290784, 37.905368], [-105.29104, 37.903897], [-105.289367, 37.902869], [-105.286736, 37.900194], [-105.285303, 37.899552], [-105.284465, 37.899512], [-105.280549, 37.901215], [-105.278924, 37.903645], [-105.277949, 37.904407], [-105.276988, 37.904103], [-105.276233, 37.905875], [-105.273818, 37.907677], [-105.273418, 37.910716], [-105.272078, 37.911601], [-105.271433, 37.912815], [-105.269908, 37.913661], [-105.268915, 37.916346], [-105.267932, 37.917416], [-105.26805, 37.918304], [-105.264815, 37.921377], [-105.264304, 37.922882], [-105.263459, 37.92324], [-105.261842, 37.925637], [-105.263105, 37.92769], [-105.2638, 37.92882], [-105.263942, 37.932059], [-105.263168, 37.932458], [-105.261549, 37.937168], [-105.260843, 37.937098], [-105.257546, 37.938131], [-105.256764, 37.942555], [-105.255436, 37.942916], [-105.251895, 37.947764], [-105.250018, 37.950378], [-105.249742, 37.951521], [-105.248617, 37.952109], [-105.246694, 37.95211], [-105.244716, 37.953728], [-105.241799, 37.953809], [-105.240033, 37.95508], [-105.237598, 37.957568], [-105.238689, 37.959419], [-105.239933, 37.960393], [-105.238864, 37.96256], [-105.235809, 37.9628], [-105.234426, 37.964019], [-105.232832, 37.964196], [-105.231663, 37.964866], [-105.229418, 37.965245], [-105.228616, 37.964657], [-105.226921, 37.964568], [-105.226262, 37.963898], [-105.224646, 37.965036], [-105.224683, 37.966674], [-105.223136, 37.968804], [-105.220937, 37.96946], [-105.218095, 37.969903], [-105.216627, 37.969447], [-105.215366, 37.97052], [-105.216333, 37.972592], [-105.216599, 37.974528], [-105.216563, 37.974847], [-105.216505, 37.975378], [-105.216193, 37.975676], [-105.215961, 37.975899], [-105.214633, 37.976887], [-105.213109, 37.977331], [-105.214064, 37.979958], [-105.214221, 37.98026], [-105.214213, 37.980277], [-105.213986, 37.980809], [-105.2135, 37.980938], [-105.213153, 37.981031], [-105.209241, 37.982228], [-105.207707, 37.981655], [-105.205897, 37.983268], [-105.205837, 37.988619], [-105.206068, 37.989668], [-105.201924, 37.990448], [-105.198814, 37.990181], [-105.197073, 37.992416], [-105.199111, 37.998413], [-105.200044, 38.000835], [-105.198919, 38.003785], [-105.197568, 38.004366], [-105.194586, 38.00756], [-105.192808, 38.008616], [-105.189283, 38.009752], [-105.18775, 38.010598], [-105.185252, 38.013379], [-105.181819, 38.014693], [-105.181006, 38.015595], [-105.178903, 38.016474], [-105.176708, 38.016352], [-105.173264, 38.017142], [-105.171731, 38.018044], [-105.168652, 38.018946], [-105.166898, 38.018129], [-105.166304, 38.017104], [-105.16376, 38.016193], [-105.161101, 38.015866], [-105.160765, 38.014947], [-105.158366, 38.013133], [-105.157299, 38.012955], [-105.152868, 38.009747], [-105.151414, 38.008448], [-105.147969, 38.006239], [-105.147948, 38.005392], [-105.150386, 38.004547], [-105.15191, 38.00333], [-105.153199, 38.000784], [-105.152626, 37.99823], [-105.152781, 37.997391], [-105.152261, 37.994356], [-105.152491, 37.992113], [-105.150717, 37.990789], [-105.147965, 37.986841], [-105.146452, 37.986589], [-105.143909, 37.987838], [-105.140393, 37.985982], [-105.139501, 37.984607], [-105.141641, 37.982034], [-105.142145, 37.979799], [-105.14055, 37.979774], [-105.13236, 37.974643], [-105.131025, 37.972681], [-105.131335, 37.971188], [-105.133195, 37.970423], [-105.13558, 37.967294], [-105.13573, 37.965638], [-105.133409, 37.963039], [-105.128974, 37.96285], [-105.127909, 37.962592], [-105.127098, 37.960999], [-105.126411, 37.96075], [-105.126188, 37.957812], [-105.127027, 37.956025], [-105.126906, 37.955134], [-105.125551, 37.954592], [-105.125111, 37.953087], [-105.125818, 37.952542], [-105.125975, 37.95117], [-105.123823, 37.949627], [-105.122612, 37.949177], [-105.120666, 37.949597], [-105.117163, 37.949141], [-105.115608, 37.9475], [-105.112984, 37.945449], [-105.108507, 37.943399], [-105.103129, 37.94494], [-105.101971, 37.944957], [-105.099097, 37.944943], [-105.093828, 37.947329], [-105.090295, 37.947637], [-105.088011, 37.948588], [-105.085532, 37.951141], [-105.084383, 37.955384], [-105.084057, 37.955594], [-105.08183, 37.95425], [-105.0778, 37.952964], [-105.074244, 37.948513], [-105.072219, 37.947789], [-105.070472, 37.945802], [-105.066056, 37.944209], [-105.065471, 37.941802], [-105.066425, 37.938525], [-105.06603, 37.937447], [-105.064342, 37.936635], [-105.063572, 37.935001], [-105.063737, 37.929269], [-105.065104, 37.92742], [-105.066063, 37.92625], [-105.066301, 37.925048], [-105.065034, 37.923241], [-105.065135, 37.921456], [-105.06585, 37.920763], [-105.0632, 37.916976], [-105.061497, 37.916061], [-105.060064, 37.916139], [-105.057201, 37.915946], [-105.054307, 37.917509], [-105.049917, 37.915479], [-105.049937, 37.922177], [-105.049961, 37.930932], [-105.050045, 37.958886], [-105.050145, 37.981822], [-105.050119, 37.983436], [-105.049998, 37.985205], [-105.049978, 37.985701], [-105.05019, 38.000006], [-105.050115, 38.002273], [-105.049815, 38.017764], [-105.049734, 38.023632], [-105.04951, 38.039905], [-105.049558, 38.042943], [-105.04965, 38.048802], [-105.050078, 38.075961], [-105.050393, 38.095792], [-105.050678, 38.113824], [-105.050192, 38.117174], [-105.048287, 38.127773], [-105.048374, 38.143298], [-105.048461, 38.1587], [-105.048486, 38.175938], [-105.048657, 38.216805], [-105.048726, 38.238553], [-105.049223, 38.250003], [-105.049215, 38.257973], [-105.027717, 38.257919], [-105.000541, 38.257981], [-104.981961, 38.258097], [-104.975517, 38.258123], [-104.943163, 38.258262], [-104.940366, 38.258275], [-104.940557, 38.299546], [-104.940639, 38.315982], [-104.940639, 38.316056], [-104.940746, 38.3373], [-104.940749, 38.337889], [-104.940749, 38.338022], [-104.940756, 38.344577], [-104.940911, 38.370509], [-104.940889, 38.372026], [-104.940888, 38.372208], [-104.941004, 38.377908], [-104.940933, 38.389936], [-104.940902, 38.417833], [-104.940892, 38.435247], [-104.940961, 38.458203], [-104.941068, 38.458998], [-104.941179, 38.467715], [-104.941299, 38.479461], [-104.941299, 38.491688], [-104.941533, 38.519569], [-104.941557, 38.522305], [-104.941783, 38.552552], [-104.941933, 38.567791], [-104.942095, 38.584159], [-104.942144, 38.58792], [-104.942359, 38.608606], [-104.942528, 38.624993], [-104.942425, 38.650159], [-104.941923, 38.650124], [-104.942187, 38.66453], [-104.942229, 38.696268], [-104.939715, 38.696319], [-104.939528, 38.703482], [-104.938976, 38.71175], [-104.939215, 38.736993], [-104.939376, 38.749988], [-104.939388, 38.756786], [-104.939474, 38.767737], [-104.939491, 38.781583], [-104.939754, 38.792274], [-104.939869, 38.796543], [-104.948775, 38.798559], [-104.958047, 38.798365], [-104.977139, 38.798279], [-104.986427, 38.798429], [-104.994688, 38.79855], [-105.000638, 38.798333], [-105.01044, 38.797991], [-105.014748, 38.797824], [-105.019089, 38.797879], [-105.029737, 38.798095], [-105.046657, 38.799081], [-105.054363, 38.799475], [-105.072184, 38.799382], [-105.072457, 38.805007], [-105.072529, 38.8084], [-105.07177, 38.817928], [-105.068443, 38.851147], [-105.06766, 38.858991], [-105.067954, 38.859688], [-105.067559, 38.86267], [-105.067372, 38.864506], [-105.06733, 38.865305], [-105.06678, 38.869073], [-105.06676, 38.86918], [-105.047041, 38.869038], [-105.028632, 38.868763], [-105.028571, 38.871494], [-105.028438, 38.877625], [-105.028314, 38.883243], [-105.027888, 38.893616], [-105.027719, 38.897722], [-105.02788, 38.912094], [-105.027801, 38.914593], [-105.027776, 38.915327], [-105.027753, 38.916009], [-105.027614, 38.920129], [-105.027519, 38.92297], [-105.027448, 38.924911], [-105.027342, 38.930811], [-105.018262, 38.931057], [-105.01828, 38.928288], [-105.018288, 38.926892], [-105.009242, 38.927137], [-105.009221, 38.929111], [-105.008955, 38.934395], [-105.013584, 38.934296], [-105.013426, 38.93994], [-105.013417, 38.940438], [-105.013586, 38.941404], [-105.01501, 38.941411], [-105.015918, 38.941415], [-105.016759, 38.941419], [-105.017799, 38.941424], [-105.018386, 38.941459], [-105.027212, 38.941615], [-105.027099, 38.950095], [-105.027082, 38.952004], [-105.027056, 38.954881], [-105.027053, 38.955256], [-105.027044, 38.956186], [-105.027064, 38.957281], [-105.027169, 38.960554], [-105.02735, 38.967476], [-105.027425, 38.971138], [-105.027346, 38.981798], [-105.027317, 38.985558], [-105.027984, 38.989109], [-105.029945, 38.999632], [-105.028809, 39.007002], [-105.027762, 39.014354], [-105.027691, 39.01485], [-105.027514, 39.019571], [-105.027195, 39.028887], [-105.028063, 39.04186], [-105.029001, 39.056667], [-105.030899, 39.085287], [-105.032097, 39.103759], [-105.03211, 39.104003], [-105.032767, 39.116116], [-105.032897, 39.118456], [-105.033573, 39.12971], [-105.055258, 39.129724], [-105.060653, 39.129739], [-105.06749, 39.129718], [-105.104354, 39.129686], [-105.106606, 39.129685], [-105.134837, 39.129623], [-105.157944, 39.129595], [-105.162655, 39.129583], [-105.171751, 39.12958], [-105.183069, 39.129549], [-105.199104, 39.129565], [-105.201522, 39.129552], [-105.201706, 39.129551], [-105.235118, 39.129536], [-105.250548, 39.129546], [-105.25728, 39.129552], [-105.259567, 39.129553], [-105.275619, 39.129566], [-105.278897, 39.129575], [-105.285643, 39.129576], [-105.308226, 39.12956], [-105.329445, 39.129487], [-105.32922, 39.129689], [-105.327393, 39.130873], [-105.324774, 39.133863], [-105.322757, 39.135595], [-105.321962, 39.136967], [-105.321778, 39.139017], [-105.322782, 39.141114], [-105.322147, 39.142958], [-105.323285, 39.144992], [-105.321556, 39.146191], [-105.319916, 39.145754], [-105.316785, 39.145573], [-105.315634, 39.145801], [-105.315347, 39.146712], [-105.316193, 39.148855], [-105.315579, 39.149911], [-105.315949, 39.151302], [-105.31531, 39.154895], [-105.314136, 39.155515], [-105.313087, 39.157077], [-105.313557, 39.159121], [-105.313063, 39.160019], [-105.310692, 39.161526], [-105.309982, 39.163519], [-105.308345, 39.164479], [-105.307962, 39.16534], [-105.306012, 39.164661], [-105.304454, 39.164281], [-105.302271, 39.166689], [-105.301022, 39.166777], [-105.300214, 39.168017], [-105.302014, 39.169246], [-105.301529, 39.170612], [-105.3, 39.171562], [-105.29944, 39.172529], [-105.294216, 39.172977], [-105.293635, 39.173975], [-105.294748, 39.174838], [-105.289498, 39.177494], [-105.287937, 39.178476], [-105.287377, 39.179442], [-105.287331, 39.181255], [-105.289236, 39.183416], [-105.289182, 39.184172], [-105.28639, 39.186314], [-105.285928, 39.189585], [-105.285067, 39.191019], [-105.284702, 39.192703], [-105.2851, 39.194588], [-105.282929, 39.199953], [-105.281261, 39.201757], [-105.278814, 39.201811], [-105.277696, 39.202801], [-105.277392, 39.204469], [-105.27674, 39.205186], [-105.276291, 39.207216], [-105.275597, 39.207626], [-105.27316, 39.207624], [-105.272176, 39.208651], [-105.272052, 39.208672], [-105.269519, 39.209419], [-105.267546, 39.209225], [-105.263111, 39.208023], [-105.26212, 39.209918], [-105.260054, 39.210445], [-105.259654, 39.211374], [-105.260086, 39.212558], [-105.26135, 39.213866], [-105.26152, 39.214758], [-105.260576, 39.216688], [-105.262868, 39.219463], [-105.263528, 39.221169], [-105.261302, 39.223269], [-105.262425, 39.22483], [-105.261455, 39.225999], [-105.26166, 39.226805], [-105.263424, 39.22836], [-105.263511, 39.229261], [-105.261784, 39.231482], [-105.258343, 39.232801], [-105.257228, 39.233547], [-105.256781, 39.234746], [-105.255572, 39.235853], [-105.25432, 39.237923], [-105.254888, 39.240441], [-105.253536, 39.241372], [-105.253472, 39.243314], [-105.252428, 39.243695], [-105.249303, 39.241788], [-105.248536, 39.240846], [-105.246017, 39.240566], [-105.243403, 39.242655], [-105.240559, 39.244057], [-105.239741, 39.243635], [-105.236095, 39.244058], [-105.234958, 39.245062], [-105.234367, 39.245562], [-105.234265, 39.245778], [-105.234346, 39.246069], [-105.23432, 39.246312], [-105.234169, 39.246535], [-105.234036, 39.246667], [-105.233938, 39.246868], [-105.234208, 39.247243], [-105.234387, 39.247534], [-105.234657, 39.248242], [-105.234775, 39.248706], [-105.234745, 39.249019], [-105.234781, 39.249297], [-105.234952, 39.249491], [-105.23514, 39.249623], [-105.235452, 39.249671], [-105.235765, 39.249677], [-105.236024, 39.2496], [-105.236238, 39.249426], [-105.23646, 39.249328], [-105.236728, 39.2493], [-105.23713, 39.249348], [-105.237336, 39.2495], [-105.237399, 39.249618], [-105.237373, 39.24975], [-105.237438, 39.249989], [-105.237591, 39.250185], [-105.237678, 39.25047], [-105.237701, 39.250674], [-105.237604, 39.250875], [-105.237388, 39.250942], [-105.236094, 39.251096], [-105.235619, 39.251199], [-105.235256, 39.251313], [-105.234833, 39.251573], [-105.234354, 39.251979], [-105.234198, 39.252247], [-105.234202, 39.252413], [-105.23472, 39.253581], [-105.2348, 39.253872], [-105.234825, 39.254573], [-105.23458, 39.255091], [-105.234393, 39.255307], [-105.234176, 39.255337], [-105.234034, 39.255302], [-105.233292, 39.254948], [-105.232437, 39.254345], [-105.231807, 39.253962], [-105.231537, 39.253881], [-105.230991, 39.253819], [-105.229161, 39.253723], [-105.228121, 39.253766], [-105.227777, 39.25386], [-105.227516, 39.253988], [-105.227401, 39.254176], [-105.22736, 39.256001], [-105.226681, 39.256502], [-105.224405, 39.255894], [-105.223443, 39.256154], [-105.223402, 39.258417], [-105.225142, 39.259443], [-105.224761, 39.260707], [-105.219598, 39.259641], [-105.217419, 39.260395], [-105.217784, 39.263548], [-105.218476, 39.264385], [-105.21875, 39.265349], [-105.218714, 39.26589], [-105.218477, 39.266536], [-105.218699, 39.267042], [-105.219935, 39.267464], [-105.220611, 39.267842], [-105.220776, 39.268063], [-105.220778, 39.268662], [-105.220559, 39.269174], [-105.219179, 39.270503], [-105.218394, 39.270784], [-105.217315, 39.271589], [-105.216462, 39.271771], [-105.21558, 39.272232], [-105.215357, 39.272814], [-105.215429, 39.273111], [-105.215947, 39.273459], [-105.217507, 39.274596], [-105.215526, 39.276788], [-105.216386, 39.277618], [-105.215775, 39.278428], [-105.213755, 39.278894], [-105.21326, 39.279724], [-105.211325, 39.280967], [-105.211334, 39.282915], [-105.212415, 39.284609], [-105.211792, 39.285765], [-105.210814, 39.286733], [-105.21017, 39.28774], [-105.208586, 39.288837], [-105.208042, 39.289612], [-105.208736, 39.290616], [-105.208685, 39.291041], [-105.207908, 39.291525], [-105.2076, 39.291397], [-105.207386, 39.290846], [-105.206498, 39.290678], [-105.205531, 39.291681], [-105.206981, 39.293202], [-105.20665, 39.293971], [-105.205527, 39.29399], [-105.20393, 39.293056], [-105.202576, 39.293321], [-105.202887, 39.294752], [-105.205231, 39.294899], [-105.207173, 39.296228], [-105.207681, 39.298194], [-105.206793, 39.299196], [-105.204979, 39.299798], [-105.201368, 39.299269], [-105.201283, 39.30077], [-105.200212, 39.302029], [-105.197231, 39.30172], [-105.196, 39.302082], [-105.196522, 39.303949], [-105.197824, 39.304988], [-105.197226, 39.306573], [-105.19668, 39.308544], [-105.198268, 39.309222], [-105.198156, 39.310432], [-105.194662, 39.312434], [-105.193487, 39.312582], [-105.190197, 39.316194], [-105.188587, 39.317384], [-105.18917, 39.320001], [-105.188674, 39.321391], [-105.187803, 39.322853], [-105.186292, 39.323304], [-105.185486, 39.324405], [-105.185883, 39.326155], [-105.188054, 39.326902], [-105.188184, 39.327961], [-105.186057, 39.32829], [-105.182305, 39.329797], [-105.182403, 39.331432], [-105.185572, 39.333003], [-105.187432, 39.333256], [-105.187837, 39.334186], [-105.185071, 39.334831], [-105.183956, 39.33549], [-105.182691, 39.337132], [-105.182144, 39.338588], [-105.1801, 39.339155], [-105.178729, 39.340786], [-105.179558, 39.342415], [-105.179174, 39.343462], [-105.177158, 39.34471], [-105.176532, 39.347515], [-105.177469, 39.348945], [-105.177193, 39.349579], [-105.175157, 39.35049], [-105.171853, 39.35345], [-105.172357, 39.355817], [-105.171517, 39.35722], [-105.170219, 39.357961], [-105.169699, 39.358631], [-105.169127, 39.358934], [-105.16786, 39.359017], [-105.167531, 39.359326], [-105.167616, 39.360135], [-105.167157, 39.361014], [-105.166574, 39.361754], [-105.166418, 39.362318], [-105.166435, 39.362958], [-105.166808, 39.364109], [-105.166892, 39.364679], [-105.167275, 39.364882], [-105.16779, 39.36558], [-105.167792, 39.366371], [-105.168685, 39.366922], [-105.168922, 39.367265], [-105.169037, 39.368405], [-105.169195, 39.368702], [-105.169114, 39.369098], [-105.168661, 39.369604], [-105.167636, 39.370426], [-105.167141, 39.371747], [-105.167099, 39.3722], [-105.1679, 39.37398], [-105.168133, 39.374224], [-105.168688, 39.374386], [-105.169955, 39.374437], [-105.170165, 39.374518], [-105.17033, 39.375347], [-105.171116, 39.375719], [-105.171331, 39.376025], [-105.17226, 39.376411], [-105.172652, 39.376799], [-105.172614, 39.37705], [-105.172997, 39.377722], [-105.172826, 39.378143], [-105.172322, 39.378351], [-105.1714, 39.37901], [-105.17125, 39.379638], [-105.170746, 39.380008], [-105.169785, 39.380342], [-105.169615, 39.380682], [-105.170856, 39.382261], [-105.173284, 39.382317], [-105.173515, 39.383203], [-105.172978, 39.385745], [-105.171219, 39.386804], [-105.169968, 39.389096], [-105.167913, 39.389823], [-105.166997, 39.390588], [-105.164337, 39.391136], [-105.165495, 39.394008], [-105.167258, 39.394308], [-105.167642, 39.395748], [-105.166972, 39.398187], [-105.167194, 39.399753], [-105.168214, 39.40021], [-105.169408, 39.40159], [-105.169441, 39.403326], [-105.170482, 39.404602], [-105.171278, 39.406854], [-105.170963, 39.407825], [-105.170656, 39.408019], [-105.169042, 39.408936], [-105.166671, 39.40851], [-105.16262, 39.411929], [-105.161261, 39.413758], [-105.159937, 39.414323], [-105.155977, 39.413802], [-105.154513, 39.414284], [-105.153668, 39.414726], [-105.152866, 39.41502], [-105.151767, 39.415681], [-105.151244, 39.416189], [-105.14942, 39.4176], [-105.148307, 39.418084], [-105.147153, 39.418327], [-105.146679, 39.418611], [-105.146044, 39.418789], [-105.145316, 39.418814], [-105.144031, 39.419604], [-105.142037, 39.420678], [-105.141408, 39.421136], [-105.141013, 39.421854], [-105.140567, 39.422401], [-105.138206, 39.42307], [-105.137813, 39.423435], [-105.137656, 39.424022], [-105.136973, 39.425421], [-105.135924, 39.426495], [-105.135425, 39.426779], [-105.133962, 39.427047], [-105.133071, 39.427439], [-105.131564, 39.429235], [-105.130054, 39.430064], [-105.129428, 39.430933], [-105.129147, 39.431162], [-105.128424, 39.431757], [-105.127377, 39.43221], [-105.126279, 39.432791], [-105.123598, 39.434129], [-105.123522, 39.434561], [-105.123617, 39.434698], [-105.123644, 39.434737], [-105.123672, 39.43477], [-105.12436, 39.435561], [-105.124674, 39.435879], [-105.12489, 39.436221], [-105.124956, 39.436437], [-105.124993, 39.437041], [-105.125059, 39.437371], [-105.125337, 39.438086], [-105.125469, 39.438337], [-105.125544, 39.438521], [-105.125609, 39.438619], [-105.125925, 39.439101], [-105.126126, 39.439761], [-105.126144, 39.440187], [-105.125977, 39.440532], [-105.125945, 39.440598], [-105.12589, 39.440746], [-105.12572, 39.441212], [-105.125623, 39.441386], [-105.12559, 39.441448], [-105.125544, 39.441509], [-105.125508, 39.441586], [-105.125477, 39.441653], [-105.125385, 39.441854], [-105.125355, 39.441922], [-105.125338, 39.441944], [-105.125027, 39.442174], [-105.124795, 39.442508], [-105.124704, 39.442736], [-105.124738, 39.442872], [-105.124796, 39.443097], [-105.124792, 39.443533], [-105.124742, 39.44402], [-105.124369, 39.444892], [-105.124066, 39.445419], [-105.123925, 39.445914], [-105.12385, 39.4463], [-105.123789, 39.446621], [-105.123922, 39.447053], [-105.123983, 39.447461], [-105.123972, 39.447473], [-105.123852, 39.447603], [-105.12368, 39.447676], [-105.123578, 39.447721], [-105.123214, 39.447831], [-105.123103, 39.447957], [-105.123093, 39.448138], [-105.123148, 39.448379], [-105.123185, 39.448538], [-105.123309, 39.448696], [-105.123413, 39.448828], [-105.123629, 39.449025], [-105.123697, 39.449087], [-105.123758, 39.449276], [-105.123728, 39.449464], [-105.123425, 39.449716], [-105.123071, 39.449975], [-105.123054, 39.450042], [-105.123, 39.450258], [-105.123025, 39.450495], [-105.123062, 39.450847], [-105.123078, 39.450887], [-105.123316, 39.451475], [-105.123492, 39.452006], [-105.123597, 39.452323], [-105.123621, 39.452383], [-105.123881, 39.453022], [-105.123984, 39.453807], [-105.124036, 39.454279], [-105.124092, 39.454616], [-105.124184, 39.454985], [-105.124229, 39.455062], [-105.124317, 39.455211], [-105.124509, 39.455535], [-105.124824, 39.456029], [-105.125017, 39.456367], [-105.125027, 39.456375], [-105.125096, 39.456435], [-105.125362, 39.456665], [-105.125543, 39.456742], [-105.125661, 39.45679], [-105.126201, 39.457009], [-105.126377, 39.457069], [-105.126696, 39.4572], [-105.126821, 39.45734], [-105.126825, 39.457516], [-105.126846, 39.457561], [-105.126881, 39.457635], [-105.126908, 39.457668], [-105.127184, 39.458021], [-105.127226, 39.458101], [-105.127712, 39.458613], [-105.128661, 39.458865], [-105.130399, 39.459527], [-105.13086, 39.459932], [-105.131879, 39.460525], [-105.132529, 39.461248], [-105.132941, 39.461912], [-105.13304, 39.46249], [-105.132638, 39.463635], [-105.132577, 39.464321], [-105.132975, 39.464807], [-105.133132, 39.466312], [-105.1327, 39.467103], [-105.132625, 39.467908], [-105.13363, 39.46868], [-105.133777, 39.469138], [-105.134169, 39.46964], [-105.134797, 39.470201], [-105.135007, 39.470574], [-105.134931, 39.470952], [-105.134409, 39.471477], [-105.133393, 39.47211], [-105.131582, 39.472679], [-105.130837, 39.473398], [-105.130357, 39.47368], [-105.129395, 39.474873], [-105.128764, 39.475783], [-105.128398, 39.477388], [-105.12812, 39.477626], [-105.127081, 39.478185], [-105.124518, 39.479384], [-105.123339, 39.480116], [-105.12278, 39.480643], [-105.121823, 39.481304], [-105.121017, 39.481454], [-105.120312, 39.481038], [-105.119543, 39.480352], [-105.119026, 39.480124], [-105.118535, 39.480207], [-105.117167, 39.480884], [-105.116276, 39.481451], [-105.115973, 39.481844], [-105.115883, 39.482535], [-105.116208, 39.482739], [-105.117616, 39.482573], [-105.117941, 39.482635], [-105.118266, 39.482988], [-105.118196, 39.483554], [-105.118304, 39.48452], [-105.118142, 39.484936], [-105.117646, 39.485392], [-105.116866, 39.485691], [-105.115671, 39.48596], [-105.115093, 39.485976], [-105.114694, 39.4858], [-105.114432, 39.484791], [-105.113975, 39.484398], [-105.113154, 39.483904], [-105.112363, 39.483638], [-105.111709, 39.483529], [-105.110685, 39.483553], [-105.106942, 39.484719], [-105.104641, 39.48502], [-105.103313, 39.484715], [-105.102806, 39.484723], [-105.101808, 39.484944], [-105.101028, 39.485345], [-105.100359, 39.485487], [-105.099234, 39.485346], [-105.098707, 39.485394], [-105.097704, 39.48574], [-105.09699, 39.486322], [-105.095765, 39.486873], [-105.094134, 39.487841], [-105.09333, 39.488054], [-105.091353, 39.48928], [-105.088514, 39.492392], [-105.086751, 39.493423], [-105.086109, 39.494923], [-105.087185, 39.496061], [-105.087156, 39.497028], [-105.086148, 39.497633], [-105.086495, 39.499133], [-105.084841, 39.50121], [-105.085275, 39.503608], [-105.084746, 39.504789], [-105.085227, 39.50543], [-105.084665, 39.506585], [-105.082291, 39.508357], [-105.081133, 39.509667], [-105.0787, 39.510836], [-105.078859, 39.51285], [-105.078298, 39.514736], [-105.077945, 39.517495], [-105.078248, 39.517915], [-105.079404, 39.520816], [-105.080096, 39.523156], [-105.079288, 39.523893], [-105.079461, 39.525888], [-105.076434, 39.531624], [-105.076106, 39.532691], [-105.076571, 39.534968], [-105.077745, 39.536706], [-105.076419, 39.540055], [-105.074594, 39.541652], [-105.074111, 39.544268], [-105.073045, 39.545265], [-105.079364, 39.545979], [-105.082159, 39.545906], [-105.082871, 39.545846], [-105.086226, 39.545629], [-105.088447, 39.546233], [-105.088696, 39.546333], [-105.093461, 39.536298], [-105.094295, 39.536455], [-105.094393, 39.53627], [-105.110813, 39.536173], [-105.11101, 39.536173], [-105.111013, 39.542116], [-105.111011, 39.543396], [-105.111007, 39.547146], [-105.10689, 39.547159], [-105.111785, 39.549806], [-105.113432, 39.551174], [-105.117577, 39.55316], [-105.12033, 39.553395], [-105.122685, 39.552504], [-105.124112, 39.552498], [-105.124098, 39.552658], [-105.125166, 39.552205], [-105.128016, 39.55192], [-105.130698, 39.550753], [-105.133792, 39.552663], [-105.143909, 39.567049], [-105.145037, 39.570156], [-105.145234, 39.575068], [-105.145973, 39.577416]]]]}}, {"type": "Feature", "properties": {"id": 8, "NAME": "8", "text-color": "#000000", "text-size": 16, "TotalPop": 721664, "PopDevPct": -6.963e-05, "DemPct": 0.47728882, "RepPct": 0.4955762, "WhitePct": 0.56109165, "MinorityPct": 0.43890835, "BlackPct": 0.02595159, "HispanicPct": 0.34501435, "PacificPct": 0.00286568, "AsianPct": 0.04339009, "NativePct": 0.03996843, "TotalVAP": 535998, "Margin": -0.02271118, "color": "#38ffbf", "opacity": "0.5", "year": 2022, "state": "CO", "state-district": "CO-08"}, "geometry": {"type": "MultiPolygon", "coordinates": [[[[-104.988848, 39.791036], [-104.988612, 39.791035], [-104.988421, 39.791036], [-104.987547, 39.791034], [-104.986386, 39.791037], [-104.986358, 39.791871], [-104.985181, 39.791667], [-104.9852, 39.79104], [-104.982851, 39.791039], [-104.978274, 39.791043], [-104.978271, 39.791874], [-104.977724, 39.791042], [-104.977105, 39.791047], [-104.97595, 39.791038], [-104.975951, 39.792422], [-104.973065, 39.792418], [-104.973057, 39.794114], [-104.974676, 39.794125], [-104.974667, 39.795608], [-104.972213, 39.795564], [-104.97116, 39.795567], [-104.971656, 39.796148], [-104.971644, 39.798291], [-104.968716, 39.798396], [-104.96874, 39.795576], [-104.968773, 39.793215], [-104.967523, 39.793269], [-104.967936, 39.791831], [-104.968863, 39.791317], [-104.968861, 39.791041], [-104.968746, 39.791042], [-104.960433, 39.791028], [-104.956327, 39.793957], [-104.955445, 39.794625], [-104.949712, 39.794621], [-104.949651, 39.79462], [-104.948648, 39.794618], [-104.947643, 39.794615], [-104.945106, 39.794599], [-104.944024, 39.794596], [-104.940476, 39.794601], [-104.940481, 39.79279], [-104.940483, 39.792209], [-104.940484, 39.791919], [-104.940079, 39.791001], [-104.939882, 39.790994], [-104.931646, 39.791047], [-104.927034, 39.791054], [-104.927023, 39.786951], [-104.927002, 39.783778], [-104.922274, 39.783776], [-104.920017, 39.783773], [-104.917715, 39.783806], [-104.912887, 39.783818], [-104.911939, 39.783818], [-104.910092, 39.783827], [-104.906745, 39.783824], [-104.90577, 39.783825], [-104.903439, 39.783888], [-104.903458, 39.785309], [-104.903474, 39.786474], [-104.903479, 39.786798], [-104.903485, 39.787288], [-104.903506, 39.788811], [-104.903539, 39.793532], [-104.903549, 39.795668], [-104.903561, 39.798391], [-104.90329, 39.79839], [-104.901405, 39.798383], [-104.901416, 39.800202], [-104.899069, 39.800202], [-104.899069, 39.798374], [-104.897213, 39.798372], [-104.896191, 39.798344], [-104.894115, 39.798325], [-104.891816, 39.798326], [-104.889376, 39.798324], [-104.884474, 39.798322], [-104.884391, 39.800939], [-104.884397, 39.801474], [-104.884372, 39.80292], [-104.884374, 39.804458], [-104.88436, 39.806082], [-104.884374, 39.807149], [-104.884405, 39.812815], [-104.880056, 39.812822], [-104.866074, 39.812847], [-104.866041, 39.798386], [-104.861332, 39.798374], [-104.850006, 39.798345], [-104.847181, 39.798236], [-104.842307, 39.798157], [-104.838754, 39.798128], [-104.835673, 39.798108], [-104.835498, 39.798107], [-104.83539, 39.798105], [-104.830739, 39.798061], [-104.828089, 39.798195], [-104.827186, 39.798216], [-104.823634, 39.79824], [-104.820038, 39.79826], [-104.815969, 39.798283], [-104.81255, 39.798307], [-104.80969, 39.798317], [-104.80951, 39.798317], [-104.807561, 39.798306], [-104.799977, 39.798285], [-104.795503, 39.79827], [-104.790895, 39.798251], [-104.79098, 39.80564], [-104.791054, 39.810462], [-104.790922, 39.819682], [-104.790708, 39.827214], [-104.790859, 39.841754], [-104.790859, 39.841802], [-104.786472, 39.841793], [-104.772186, 39.841761], [-104.771968, 39.841759], [-104.762317, 39.841788], [-104.7623, 39.843393], [-104.762296, 39.843754], [-104.762279, 39.84539], [-104.76214, 39.845385], [-104.753063, 39.845339], [-104.747001, 39.845299], [-104.746713, 39.845297], [-104.734181, 39.845214], [-104.730953, 39.845195], [-104.73039, 39.896131], [-104.729806, 39.896127], [-104.703311, 39.895949], [-104.703185, 39.906926], [-104.692139, 39.906851], [-104.692054, 39.914178], [-104.679582, 39.914016], [-104.679664, 39.907008], [-104.678083, 39.906991], [-104.668532, 39.906894], [-104.659163, 39.906787], [-104.640361, 39.906711], [-104.640356, 39.913834], [-104.64044, 39.9284], [-104.640469, 39.933837], [-104.640648, 39.957548], [-104.640689, 39.972087], [-104.640655, 39.978726], [-104.640651, 39.986684], [-104.640639, 39.989657], [-104.640634, 39.991666], [-104.640627, 39.994986], [-104.640632, 39.997203], [-104.64064, 40.000575], [-104.648744, 40.00056], [-104.673518, 40.000528], [-104.682865, 40.000522], [-104.686226, 40.000519], [-104.697142, 40.00051], [-104.697438, 40.012403], [-104.696207, 40.014759], [-104.693523, 40.01508], [-104.695927, 40.015683], [-104.695184, 40.017612], [-104.697449, 40.015686], [-104.697436, 40.016182], [-104.675919, 40.038895], [-104.676041, 40.038983], [-104.676215, 40.039107], [-104.676384, 40.039229], [-104.676522, 40.039326], [-104.67475, 40.0415], [-104.678448, 40.041498], [-104.678488, 40.044313], [-104.675642, 40.044444], [-104.673136, 40.044969], [-104.672013, 40.045952], [-104.669051, 40.047297], [-104.658567, 40.058376], [-104.65855, 40.058744], [-104.658079, 40.058554], [-104.657576, 40.058787], [-104.655377, 40.061109], [-104.652275, 40.06439], [-104.651178, 40.066096], [-104.649811, 40.069992], [-104.649847, 40.070575], [-104.649885, 40.073259], [-104.651313, 40.073262], [-104.651284, 40.07463], [-104.649865, 40.074625], [-104.649864, 40.077045], [-104.652228, 40.078992], [-104.654389, 40.080106], [-104.655993, 40.080451], [-104.65595, 40.080655], [-104.649836, 40.080574], [-104.639893, 40.080559], [-104.637597, 40.080567], [-104.625411, 40.08702], [-104.621611, 40.089516], [-104.621701, 40.101834], [-104.630943, 40.102022], [-104.631362, 40.102044], [-104.634267, 40.102101], [-104.634688, 40.102109], [-104.635357, 40.102122], [-104.637016, 40.102154], [-104.638919, 40.102191], [-104.640107, 40.102215], [-104.640106, 40.102078], [-104.643938, 40.102098], [-104.643941, 40.101293], [-104.643941, 40.101225], [-104.644303, 40.101229], [-104.64433, 40.101228], [-104.644334, 40.100792], [-104.644974, 40.100796], [-104.64508, 40.100796], [-104.645075, 40.101398], [-104.644173, 40.101397], [-104.644166, 40.102239], [-104.644055, 40.102237], [-104.642796, 40.102233], [-104.640471, 40.102222], [-104.640481, 40.1023], [-104.640726, 40.116831], [-104.640725, 40.116923], [-104.630945, 40.116879], [-104.630946, 40.116778], [-104.621733, 40.116742], [-104.621679, 40.120361], [-104.608446, 40.120303], [-104.608351, 40.120303], [-104.607504, 40.120299], [-104.607503, 40.120116], [-104.607482, 40.116685], [-104.603138, 40.116665], [-104.60314, 40.120098], [-104.603147, 40.133859], [-104.602933, 40.133859], [-104.602933, 40.133886], [-104.603146, 40.133887], [-104.603135, 40.134322], [-104.60312, 40.134757], [-104.6031, 40.135192], [-104.603076, 40.135717], [-104.603059, 40.136243], [-104.603048, 40.136769], [-104.603045, 40.137294], [-104.603044, 40.138345], [-104.60304, 40.144867], [-104.603085, 40.145423], [-104.602949, 40.145422], [-104.602868, 40.15982], [-104.602838, 40.17072], [-104.602828, 40.188793], [-104.602738, 40.203429], [-104.602737, 40.217691], [-104.602687, 40.232371], [-104.602684, 40.232742], [-104.602623, 40.239674], [-104.602518, 40.246988], [-104.602427, 40.261475], [-104.602356, 40.275998], [-104.580138, 40.276203], [-104.565378, 40.276221], [-104.546474, 40.275991], [-104.527583, 40.27601], [-104.527424, 40.290355], [-104.527422, 40.290541], [-104.527303, 40.305127], [-104.527162, 40.319618], [-104.509774, 40.319645], [-104.508321, 40.319647], [-104.489641, 40.319642], [-104.489623, 40.328391], [-104.489574, 40.334161], [-104.489495, 40.348694], [-104.488218, 40.348688], [-104.471082, 40.348692], [-104.468359, 40.348669], [-104.465082, 40.348637], [-104.463284, 40.347754], [-104.462177, 40.348175], [-104.41557, 40.32554], [-104.415351, 40.33038], [-104.41497, 40.343156], [-104.415408, 40.344641], [-104.417646, 40.346146], [-104.417464, 40.346323], [-104.414489, 40.349188], [-104.415128, 40.351357], [-104.418995, 40.354294], [-104.420337, 40.354955], [-104.422079, 40.357076], [-104.42251, 40.359525], [-104.425047, 40.360613], [-104.426735, 40.360537], [-104.429121, 40.362521], [-104.431928, 40.361594], [-104.433904, 40.362591], [-104.435498, 40.365694], [-104.436459, 40.366463], [-104.440334, 40.368181], [-104.442059, 40.371061], [-104.443203, 40.372153], [-104.445399, 40.372274], [-104.445922, 40.374335], [-104.447091, 40.37475], [-104.44903, 40.374562], [-104.452646, 40.373232], [-104.45394, 40.37369], [-104.457635, 40.376461], [-104.460382, 40.377241], [-104.468982, 40.379059], [-104.475763, 40.380493], [-104.478089, 40.380596], [-104.483894, 40.378944], [-104.4888, 40.379447], [-104.489023, 40.390993], [-104.489039, 40.391885], [-104.498813, 40.391901], [-104.498521, 40.398854], [-104.499416, 40.399174], [-104.508137, 40.399261], [-104.508178, 40.406621], [-104.508095, 40.413797], [-104.508072, 40.416085], [-104.507946, 40.428341], [-104.50788, 40.435715], [-104.50782, 40.450107], [-104.507811, 40.453781], [-104.507718, 40.457313], [-104.507785, 40.464485], [-104.498851, 40.46455], [-104.488791, 40.464761], [-104.479679, 40.464775], [-104.470235, 40.464755], [-104.470313, 40.47208], [-104.470338, 40.479207], [-104.476346, 40.479172], [-104.479688, 40.479152], [-104.479784, 40.485572], [-104.479797, 40.486082], [-104.479901, 40.493415], [-104.480312, 40.493639], [-104.488823, 40.49359], [-104.488793, 40.483447], [-104.49259, 40.482248], [-104.499877, 40.479199], [-104.501024, 40.478949], [-104.507839, 40.478868], [-104.507594, 40.49347], [-104.526764, 40.49335], [-104.545762, 40.493226], [-104.549203, 40.493203], [-104.550817, 40.493444], [-104.553355, 40.492391], [-104.555102, 40.492357], [-104.556791, 40.493197], [-104.564463, 40.493186], [-104.564717, 40.493186], [-104.583688, 40.493282], [-104.601711, 40.493105], [-104.62089, 40.493523], [-104.640043, 40.493634], [-104.649368, 40.493561], [-104.653104, 40.493544], [-104.659143, 40.4935], [-104.658851, 40.508594], [-104.677902, 40.508556], [-104.679289, 40.508586], [-104.692114, 40.509533], [-104.695469, 40.50964], [-104.696859, 40.509686], [-104.704059, 40.509897], [-104.704698, 40.509912], [-104.705101, 40.509921], [-104.705354, 40.509926], [-104.715844, 40.510144], [-104.715844, 40.510111], [-104.731017, 40.510178], [-104.734877, 40.510183], [-104.754127, 40.5101], [-104.773481, 40.51011], [-104.792615, 40.509918], [-104.793658, 40.50988], [-104.801959, 40.509643], [-104.811663, 40.509387], [-104.816347, 40.509284], [-104.827213, 40.509006], [-104.832124, 40.508885], [-104.832153, 40.508907], [-104.832396, 40.508907], [-104.832396, 40.508821], [-104.832404, 40.507044], [-104.83226, 40.507043], [-104.83236, 40.495652], [-104.832362, 40.494377], [-104.832409, 40.479828], [-104.851468, 40.47961], [-104.851476, 40.478613], [-104.846826, 40.478481], [-104.845826, 40.478881], [-104.841826, 40.477581], [-104.840026, 40.478081], [-104.837425, 40.478181], [-104.835116, 40.476898], [-104.835158, 40.473908], [-104.841741, 40.473897], [-104.841901, 40.46463], [-104.837197, 40.463477], [-104.830931, 40.462224], [-104.82807, 40.461652], [-104.816279, 40.459285], [-104.81628, 40.459238], [-104.816269, 40.45863], [-104.828056, 40.458138], [-104.828069, 40.461508], [-104.83093, 40.462086], [-104.830926, 40.458081], [-104.836747, 40.458017], [-104.837204, 40.458007], [-104.837195, 40.458726], [-104.837186, 40.460891], [-104.837217, 40.461465], [-104.83792, 40.461469], [-104.838092, 40.461474], [-104.841822, 40.461486], [-104.84176, 40.457877], [-104.841925, 40.457876], [-104.841955, 40.450698], [-104.841601, 40.445914], [-104.841437, 40.443439], [-104.84397, 40.443438], [-104.8451, 40.442825], [-104.847869, 40.443154], [-104.849658, 40.442036], [-104.849697, 40.441993], [-104.850648, 40.441046], [-104.850892, 40.440122], [-104.858052, 40.440282], [-104.858362, 40.439972], [-104.857713, 40.437246], [-104.860423, 40.421307], [-104.865605, 40.421317], [-104.866923, 40.421016], [-104.869857, 40.421082], [-104.870102, 40.421088], [-104.870107, 40.414064], [-104.874583, 40.414064], [-104.874487, 40.421293], [-104.879083, 40.421293], [-104.879152, 40.417674], [-104.883783, 40.417667], [-104.883678, 40.421258], [-104.88823, 40.421165], [-104.897775, 40.421429], [-104.907026, 40.42155], [-104.907075, 40.40731], [-104.907197, 40.407313], [-104.907291, 40.407311], [-104.907292, 40.40721], [-104.907482, 40.407061], [-104.915447, 40.407078], [-104.915474, 40.408681], [-104.916577, 40.408685], [-104.916574, 40.407046], [-104.926259, 40.407062], [-104.939356, 40.407069], [-104.944291, 40.407138], [-104.944562, 40.407348], [-104.944545, 40.408492], [-104.944427, 40.414196], [-104.955024, 40.414337], [-104.954886, 40.421598], [-104.963927, 40.421723], [-104.963966, 40.41851], [-104.962076, 40.418488], [-104.962076, 40.417536], [-104.963984, 40.417601], [-104.96414, 40.409432], [-104.964178, 40.407584], [-104.964183, 40.407372], [-104.964324, 40.407195], [-104.966747, 40.40724], [-104.967516, 40.407215], [-104.973851, 40.406919], [-104.983221, 40.406845], [-104.983444, 40.406844], [-104.983449, 40.407116], [-104.988722, 40.407061], [-104.991056, 40.406189], [-104.992516, 40.404752], [-104.99271, 40.40282], [-104.992717, 40.402018], [-104.992736, 40.39998], [-104.992737, 40.397392], [-104.992759, 40.393971], [-104.992742, 40.392571], [-104.992903, 40.392571], [-104.993175, 40.39257], [-104.993462, 40.39257], [-104.993906, 40.392569], [-104.993861, 40.388563], [-104.993881, 40.385358], [-105.00246, 40.385344], [-105.002528, 40.379803], [-105.00234, 40.379804], [-105.001232, 40.379506], [-105.001247, 40.378127], [-105.00095, 40.378127], [-104.995169, 40.378013], [-104.992485, 40.375087], [-104.9908, 40.37211], [-104.987575, 40.366157], [-104.986732, 40.363669], [-104.98701, 40.363672], [-104.984487, 40.359856], [-104.983468, 40.357626], [-104.982289, 40.353878], [-104.981677, 40.349165], [-104.98346, 40.349184], [-105.002429, 40.349217], [-105.014161, 40.349233], [-105.018666, 40.349246], [-105.037683, 40.349256], [-105.040417, 40.349257], [-105.05672, 40.349281], [-105.059371, 40.349289], [-105.064109, 40.349298], [-105.069954, 40.349315], [-105.074041, 40.348986], [-105.074874, 40.349359], [-105.078054, 40.349383], [-105.080941, 40.349393], [-105.093213, 40.349443], [-105.093489, 40.349444], [-105.097342, 40.34948], [-105.09697, 40.348419], [-105.099669, 40.348379], [-105.099734, 40.349475], [-105.100454, 40.349476], [-105.10297, 40.349466], [-105.105201, 40.349463], [-105.10508, 40.342912], [-105.105324, 40.341747], [-105.107634, 40.341748], [-105.107586, 40.349455], [-105.109224, 40.34945], [-105.109473, 40.349449], [-105.110384, 40.349445], [-105.114256, 40.349429], [-105.121782, 40.349456], [-105.124098, 40.349464], [-105.131365, 40.349489], [-105.134994, 40.349501], [-105.135285, 40.349502], [-105.13533, 40.347638], [-105.133716, 40.346484], [-105.13404, 40.34532], [-105.132554, 40.344452], [-105.128428, 40.343834], [-105.125628, 40.343811], [-105.121794, 40.34551], [-105.119498, 40.345973], [-105.118084, 40.346995], [-105.115867, 40.34771], [-105.115996, 40.34754], [-105.115989, 40.347424], [-105.116355, 40.347117], [-105.116785, 40.346831], [-105.117036, 40.346589], [-105.117481, 40.346265], [-105.117646, 40.346051], [-105.117646, 40.345688], [-105.117681, 40.345578], [-105.117832, 40.345419], [-105.118668, 40.345179], [-105.118872, 40.345068], [-105.119018, 40.344792], [-105.118918, 40.34435], [-105.118826, 40.344264], [-105.118516, 40.34414], [-105.118262, 40.344095], [-105.118118, 40.344167], [-105.117824, 40.344496], [-105.117673, 40.344606], [-105.117221, 40.344766], [-105.116956, 40.344722], [-105.116812, 40.344629], [-105.116668, 40.344414], [-105.116418, 40.344244], [-105.116338, 40.344145], [-105.116279, 40.343902], [-105.116331, 40.343785], [-105.116663, 40.343625], [-105.117144, 40.343581], [-105.117405, 40.343534], [-105.11755, 40.343411], [-105.11743, 40.342898], [-105.117234, 40.34242], [-105.117104, 40.34191], [-105.11714, 40.34119], [-105.117168, 40.341064], [-105.117168, 40.340701], [-105.117232, 40.340405], [-105.117411, 40.340026], [-105.117669, 40.339603], [-105.118071, 40.339053], [-105.118379, 40.338575], [-105.118817, 40.33796], [-105.119311, 40.337411], [-105.120143, 40.336713], [-105.120631, 40.33618], [-105.120982, 40.335768], [-105.12109, 40.335586], [-105.121319, 40.335043], [-105.121534, 40.334609], [-105.12162, 40.334394], [-105.121888, 40.334086], [-105.121893, 40.333947], [-105.122072, 40.333707], [-105.122293, 40.333167], [-105.12241, 40.332856], [-105.120655, 40.332769], [-105.120023, 40.333067], [-105.119809, 40.333503], [-105.120564, 40.333904], [-105.120496, 40.334178], [-105.119377, 40.334153], [-105.118651, 40.334328], [-105.117613, 40.335061], [-105.116728, 40.335486], [-105.116017, 40.335406], [-105.115078, 40.335643], [-105.11457, 40.336274], [-105.11448, 40.335793], [-105.11481, 40.335392], [-105.11608, 40.335281], [-105.117342, 40.335062], [-105.118609, 40.334234], [-105.119201, 40.333951], [-105.119308, 40.333215], [-105.11963, 40.332863], [-105.120556, 40.3325], [-105.121381, 40.332577], [-105.121604, 40.33245], [-105.121595, 40.330945], [-105.120334, 40.331465], [-105.120141, 40.331399], [-105.121464, 40.33088], [-105.122071, 40.330955], [-105.122066, 40.33022], [-105.123311, 40.330231], [-105.125306, 40.329861], [-105.127216, 40.329026], [-105.128314, 40.328691], [-105.128807, 40.328074], [-105.13135, 40.327484], [-105.130304, 40.327077], [-105.127939, 40.32783], [-105.126634, 40.32683], [-105.128881, 40.325667], [-105.13064, 40.325245], [-105.127656, 40.324046], [-105.125891, 40.323716], [-105.12517, 40.324221], [-105.123088, 40.323052], [-105.12151, 40.323174], [-105.120426, 40.322488], [-105.117741, 40.321775], [-105.116136, 40.322185], [-105.114628, 40.322354], [-105.112469, 40.323749], [-105.112261, 40.324546], [-105.108185, 40.323713], [-105.107116, 40.323763], [-105.107554, 40.325487], [-105.107371, 40.327162], [-105.109135, 40.328507], [-105.107378, 40.327668], [-105.107162, 40.325332], [-105.102859, 40.32624], [-105.102803, 40.325901], [-105.103037, 40.323444], [-105.106862, 40.323343], [-105.108113, 40.323328], [-105.110628, 40.323291], [-105.110633, 40.323584], [-105.112133, 40.323578], [-105.112375, 40.323576], [-105.112427, 40.323576], [-105.112425, 40.323412], [-105.112355, 40.323302], [-105.112322, 40.323256], [-105.112326, 40.321783], [-105.112331, 40.319537], [-105.112348, 40.314412], [-105.112343, 40.313662], [-105.112342, 40.313558], [-105.110788, 40.313571], [-105.110743, 40.311249], [-105.112319, 40.31123], [-105.112305, 40.30893], [-105.112296, 40.306859], [-105.111696, 40.306868], [-105.109483, 40.305039], [-105.107587, 40.305105], [-105.107512, 40.294091], [-105.103009, 40.294085], [-105.103002, 40.293646], [-105.102966, 40.291268], [-105.102531, 40.290581], [-105.102532, 40.290502], [-105.102532, 40.29023], [-105.102488, 40.283329], [-105.102494, 40.277223], [-105.102497, 40.275998], [-105.102465, 40.271523], [-105.102453, 40.26868], [-105.102455, 40.267819], [-105.102432, 40.262795], [-105.102451, 40.261367], [-105.0998, 40.261485], [-105.087962, 40.261581], [-105.08789, 40.261582], [-105.083247, 40.261538], [-105.075953, 40.261598], [-105.074075, 40.261626], [-105.071919, 40.261638], [-105.055089, 40.261793], [-105.0551, 40.25612], [-105.055101, 40.253238], [-105.055074, 40.247157], [-105.054923, 40.239713], [-105.055076, 40.232779], [-105.039192, 40.232948], [-105.03643, 40.232977], [-105.031694, 40.232999], [-105.031696, 40.23291], [-105.030241, 40.232915], [-105.030242, 40.233004], [-105.027429, 40.233014], [-105.02792, 40.231833], [-105.029507, 40.231154], [-105.031796, 40.230814], [-105.033122, 40.229345], [-105.035025, 40.22966], [-105.036595, 40.230997], [-105.038535, 40.231784], [-105.038198, 40.230669], [-105.036247, 40.226977], [-105.033735, 40.224584], [-105.030186, 40.220399], [-105.028666, 40.219909], [-105.02714, 40.218456], [-105.026865, 40.218458], [-105.026863, 40.216862], [-105.030957, 40.217013], [-105.036306, 40.216986], [-105.036344, 40.211128], [-105.036371, 40.208859], [-105.040457, 40.210633], [-105.04057, 40.211087], [-105.04588, 40.211036], [-105.045886, 40.20852], [-105.0459, 40.203727], [-105.0459, 40.203604], [-105.045273, 40.203614], [-105.038532, 40.203722], [-105.036408, 40.203755], [-105.017995, 40.203802], [-105.017974, 40.203908], [-105.017399, 40.203911], [-105.017343, 40.203912], [-105.012186, 40.203952], [-105.009905, 40.20397], [-105.011528, 40.200461], [-105.012824, 40.196738], [-105.010642, 40.196757], [-104.998476, 40.196793], [-104.998473, 40.189573], [-104.998468, 40.185779], [-104.998463, 40.182369], [-104.998463, 40.182236], [-104.998346, 40.182237], [-104.998353, 40.175727], [-104.998641, 40.175159], [-105.002541, 40.174936], [-105.008875, 40.174903], [-105.01156, 40.174894], [-105.015563, 40.174869], [-105.017021, 40.174852], [-105.018009, 40.174833], [-105.018167, 40.174831], [-105.018288, 40.17483], [-105.018356, 40.17483], [-105.018579, 40.174829], [-105.020483, 40.174823], [-105.0208, 40.174822], [-105.020903, 40.174822], [-105.022379, 40.174817], [-105.023904, 40.174814], [-105.024173, 40.174813], [-105.024296, 40.174813], [-105.026346, 40.174808], [-105.02664, 40.174803], [-105.026916, 40.1748], [-105.026917, 40.174705], [-105.027452, 40.174181], [-105.029205, 40.174153], [-105.030346, 40.174705], [-105.032183, 40.171833], [-105.036452, 40.170573], [-105.03649, 40.169228], [-105.036518, 40.168273], [-105.036523, 40.168111], [-105.036521, 40.167907], [-105.036732, 40.160685], [-105.036734, 40.160499], [-105.036736, 40.160304], [-105.027243, 40.160606], [-105.027075, 40.16061], [-105.022702, 40.160713], [-105.017712, 40.160291], [-105.014129, 40.160177], [-105.008147, 40.160316], [-105.008044, 40.160318], [-105.008097, 40.156966], [-105.000074, 40.157062], [-104.99869, 40.157071], [-104.998721, 40.154311], [-104.998818, 40.145951], [-104.998835, 40.143959], [-104.99884, 40.138802], [-104.998849, 40.131505], [-104.998848, 40.131429], [-104.99875, 40.131429], [-104.989243, 40.131375], [-104.989282, 40.124141], [-104.989302, 40.121667], [-104.989399, 40.116959], [-104.998787, 40.116972], [-105.006881, 40.116974], [-105.008235, 40.118608], [-105.008217, 40.125797], [-105.006618, 40.12783], [-105.020317, 40.127818], [-105.0259, 40.127824], [-105.027931, 40.12694], [-105.029649, 40.123042], [-105.031984, 40.121295], [-105.031984, 40.120538], [-105.036746, 40.120481], [-105.036745, 40.113231], [-105.041493, 40.113122], [-105.041463, 40.109598], [-105.041475, 40.10943], [-105.039562, 40.109484], [-105.039464, 40.109485], [-105.039376, 40.109482], [-105.039289, 40.109475], [-105.039202, 40.109465], [-105.03899, 40.109426], [-105.038948, 40.109546], [-105.036995, 40.109079], [-105.034756, 40.109644], [-105.032082, 40.109622], [-105.032132, 40.101873], [-105.037283, 40.09624], [-105.042271, 40.090229], [-105.041573, 40.089617], [-105.041564, 40.087816], [-105.040544, 40.087819], [-105.039565, 40.08784], [-105.037482, 40.087953], [-105.032265, 40.08799], [-105.032273, 40.087697], [-105.026597, 40.087534], [-105.026528, 40.087392], [-105.025007, 40.087302], [-105.024741, 40.087073], [-105.024613, 40.08652], [-105.025308, 40.086014], [-105.025525, 40.085459], [-105.025248, 40.084825], [-105.024645, 40.084417], [-105.023, 40.084014], [-105.021634, 40.083847], [-105.020832, 40.084033], [-105.020548, 40.084337], [-105.018494, 40.08709], [-105.018381, 40.087088], [-105.018222, 40.087292], [-105.017724, 40.087282], [-105.017738, 40.087674], [-105.017665, 40.087674], [-105.017666, 40.087629], [-105.012971, 40.08811], [-105.012501, 40.088388], [-105.012893, 40.09002], [-105.013769, 40.09101], [-105.015992, 40.092378], [-105.017538, 40.093995], [-105.017353, 40.09609], [-105.015443, 40.096902], [-105.014567, 40.097978], [-105.013064, 40.098826], [-105.014519, 40.099831], [-105.013503, 40.101097], [-105.011017, 40.100858], [-105.008335, 40.100201], [-105.008357, 40.087552], [-104.998917, 40.087695], [-104.998915, 40.087852], [-104.996757, 40.087719], [-104.994665, 40.087742], [-104.994667, 40.087591], [-104.994693, 40.084069], [-104.990973, 40.084051], [-104.989429, 40.084042], [-104.989465, 40.080339], [-104.980837, 40.080317], [-104.980817, 40.058413], [-104.980817, 40.058342], [-104.980899, 40.046376], [-104.98143, 40.044031], [-104.980746, 40.044028], [-104.980289, 40.044029], [-104.98029, 40.043908], [-104.979318, 40.043901], [-104.979358, 40.044029], [-104.978526, 40.043888], [-104.976439, 40.043919], [-104.970727, 40.044001], [-104.961157, 40.044144], [-104.961076, 40.043689], [-104.961257, 40.029459], [-104.961285, 40.023642], [-104.96132, 40.014982], [-104.961494, 40.013847], [-104.961538, 40.000404], [-104.961405, 40.000419], [-104.961405, 40.000337], [-104.966143, 40.000329], [-104.970849, 40.000326], [-104.97571, 40.000322], [-104.980732, 40.000324], [-104.980944, 40.000325], [-104.981607, 39.998657], [-104.9843, 39.993691], [-104.984723, 39.992914], [-104.985087, 39.992248], [-104.985326, 39.991786], [-104.985954, 39.990634], [-104.986079, 39.990421], [-104.986331, 39.989961], [-104.986768, 39.989107], [-104.986848, 39.988934], [-104.987052, 39.988529], [-104.987486, 39.987445], [-104.987581, 39.987113], [-104.987594, 39.987062], [-104.987716, 39.986619], [-104.987747, 39.985944], [-104.987763, 39.98165], [-104.987762, 39.981534], [-104.987762, 39.981434], [-104.987784, 39.975746], [-104.988023, 39.975752], [-104.98811, 39.975747], [-104.988192, 39.975748], [-104.994411, 39.975803], [-104.99438, 39.973953], [-104.99708, 39.973954], [-104.997065, 39.972149], [-104.992438, 39.972203], [-104.990134, 39.97219], [-104.988174, 39.972176], [-104.988108, 39.972175], [-104.988159, 39.968466], [-104.997118, 39.968528], [-104.99735, 39.972151], [-104.997379, 39.975785], [-104.998389, 39.975805], [-104.998404, 39.977586], [-104.999474, 39.977582], [-104.999476, 39.978416], [-104.997398, 39.97842], [-104.997408, 39.979409], [-104.997423, 39.981213], [-105.006963, 39.981267], [-105.015845, 39.981193], [-105.01581, 39.979868], [-105.015801, 39.979437], [-105.015741, 39.973252], [-105.015722, 39.972276], [-105.013409, 39.972265], [-105.013423, 39.970448], [-105.015691, 39.970437], [-105.015672, 39.96677], [-105.015658, 39.960363], [-105.015653, 39.957724], [-105.01568, 39.956665], [-105.015816, 39.954864], [-105.017117, 39.952814], [-105.015039, 39.951457], [-105.012225, 39.950446], [-105.011009, 39.951304], [-105.010918, 39.950454], [-105.006298, 39.950439], [-105.00619, 39.946804], [-104.998054, 39.946774], [-104.997152, 39.946771], [-104.997146, 39.946232], [-104.9971, 39.943239], [-105.000481, 39.943206], [-105.003664, 39.943174], [-105.008743, 39.943167], [-105.008764, 39.943167], [-105.00954, 39.943157], [-105.00954, 39.943175], [-105.00954, 39.943188], [-105.009532, 39.943278], [-105.009549, 39.943287], [-105.009755, 39.943288], [-105.009791, 39.943288], [-105.009792, 39.943256], [-105.009792, 39.943185], [-105.009793, 39.943154], [-105.009978, 39.943152], [-105.010437, 39.943151], [-105.011746, 39.943148], [-105.012159, 39.943142], [-105.013039, 39.94313], [-105.013519, 39.943128], [-105.013531, 39.943128], [-105.01487, 39.943123], [-105.015483, 39.943132], [-105.015559, 39.943132], [-105.015612, 39.943131], [-105.015657, 39.943131], [-105.015657, 39.943093], [-105.015658, 39.942942], [-105.015586, 39.937276], [-105.015524, 39.933866], [-105.015524, 39.933421], [-105.015521, 39.933185], [-105.015528, 39.931838], [-105.015499, 39.929274], [-105.015491, 39.928544], [-105.015488, 39.928426], [-105.015539, 39.925253], [-105.015535, 39.925104], [-105.015535, 39.925034], [-105.015537, 39.924855], [-105.015469, 39.921402], [-105.020688, 39.921373], [-105.021591, 39.921367], [-105.021552, 39.919207], [-105.023545, 39.919225], [-105.023551, 39.921248], [-105.025003, 39.92125], [-105.02929, 39.921261], [-105.030077, 39.921265], [-105.031651, 39.921276], [-105.033224, 39.921292], [-105.034395, 39.921305], [-105.034392, 39.921155], [-105.034409, 39.920221], [-105.034405, 39.919181], [-105.034383, 39.917107], [-105.034347, 39.914181], [-105.03907, 39.914195], [-105.041736, 39.914204], [-105.04378, 39.914211], [-105.046209, 39.914219], [-105.048234, 39.914218], [-105.052892, 39.914224], [-105.052889, 39.914077], [-105.052885, 39.911679], [-105.052968, 39.908849], [-105.052968, 39.907049], [-105.052964, 39.905209], [-105.052964, 39.905158], [-105.052993, 39.901392], [-105.053005, 39.899806], [-105.053035, 39.892557], [-105.053036, 39.892187], [-105.053091, 39.885356], [-105.053093, 39.885218], [-105.053093, 39.884591], [-105.053106, 39.881647], [-105.053118, 39.879723], [-105.053138, 39.877981], [-105.053139, 39.876298], [-105.053139, 39.875402], [-105.053143, 39.875102], [-105.053162, 39.874404], [-105.053188, 39.872435], [-105.053198, 39.870826], [-105.05323, 39.869395], [-105.053191, 39.86362], [-105.053284, 39.860436], [-105.053263, 39.859948], [-105.053257, 39.856946], [-105.053289, 39.856764], [-105.053339, 39.855978], [-105.053249, 39.854194], [-105.0529, 39.852042], [-105.053188, 39.849649], [-105.053203, 39.846865], [-105.05321, 39.845763], [-105.05324, 39.844052], [-105.053236, 39.841807], [-105.053259, 39.839969], [-105.05325, 39.838176], [-105.053255, 39.836157], [-105.053266, 39.834527], [-105.053261, 39.832707], [-105.05327, 39.830924], [-105.053272, 39.830608], [-105.053263, 39.828935], [-105.053262, 39.827273], [-105.053271, 39.823728], [-105.053271, 39.823666], [-105.053281, 39.821859], [-105.053282, 39.821163], [-105.05327, 39.820028], [-105.053238, 39.820029], [-105.05179, 39.820045], [-105.051386, 39.820046], [-105.050164, 39.819079], [-105.049251, 39.81921], [-105.048733, 39.818237], [-105.046638, 39.817698], [-105.046372, 39.817699], [-105.04625, 39.817699], [-105.046076, 39.817671], [-105.045968, 39.817592], [-105.045917, 39.817531], [-105.04579, 39.817479], [-105.045392, 39.817376], [-105.04512, 39.81732], [-105.044872, 39.817315], [-105.044539, 39.817428], [-105.044408, 39.817493], [-105.044356, 39.817498], [-105.04422, 39.817517], [-105.04411, 39.817488], [-105.04411, 39.81745], [-105.044116, 39.816546], [-105.044081, 39.816468], [-105.044046, 39.816369], [-105.044099, 39.81282], [-105.044092, 39.811522], [-105.044089, 39.810444], [-105.044069, 39.809551], [-105.044066, 39.808402], [-105.044065, 39.807559], [-105.044029, 39.805583], [-105.044032, 39.804548], [-105.044025, 39.804448], [-105.044018, 39.804354], [-105.04687, 39.80377], [-105.047085, 39.803728], [-105.048497, 39.803433], [-105.04899, 39.80333], [-105.050026, 39.803115], [-105.050024, 39.803023], [-105.048768, 39.803273], [-105.048577, 39.80332], [-105.048509, 39.803336], [-105.048067, 39.803427], [-105.046145, 39.80383], [-105.044008, 39.804262], [-105.04199, 39.804526], [-105.040513, 39.80446], [-105.040499, 39.802874], [-105.041967, 39.802878], [-105.043947, 39.802883], [-105.043936, 39.801931], [-105.04926, 39.801929], [-105.049254, 39.800878], [-105.052537, 39.800866], [-105.052886, 39.800863], [-105.053102, 39.799788], [-105.053162, 39.799239], [-105.053164, 39.799109], [-105.053185, 39.798025], [-105.053193, 39.796434], [-105.0532, 39.796244], [-105.053174, 39.793745], [-105.053207, 39.792014], [-105.053246, 39.791063], [-105.044843, 39.791099], [-105.043846, 39.791102], [-105.042735, 39.791108], [-105.041577, 39.791113], [-105.040419, 39.791119], [-105.039255, 39.791123], [-105.038098, 39.791128], [-105.037578, 39.79113], [-105.03694, 39.791133], [-105.035795, 39.791137], [-105.034618, 39.791142], [-105.034645, 39.792051], [-105.029953, 39.792032], [-105.029944, 39.791125], [-105.025262, 39.791106], [-105.025263, 39.791414], [-105.025149, 39.794003], [-105.023174, 39.793398], [-105.021843, 39.794461], [-105.021106, 39.79428], [-105.021569, 39.793214], [-105.020617, 39.793011], [-105.020554, 39.792941], [-105.020542, 39.791087], [-105.020465, 39.791087], [-105.019885, 39.791088], [-105.019312, 39.791078], [-105.018156, 39.791078], [-105.016991, 39.791077], [-105.015832, 39.791072], [-105.01444, 39.791064], [-105.013533, 39.791064], [-105.012371, 39.791055], [-105.011203, 39.791059], [-105.010189, 39.791055], [-105.006416, 39.791049], [-105.005126, 39.791039], [-105.001695, 39.791024], [-104.998436, 39.791027], [-104.99779, 39.791026], [-104.996737, 39.791019], [-104.994973, 39.791023], [-104.993242, 39.791026], [-104.99324, 39.792042], [-104.990629, 39.792047], [-104.990263, 39.791031], [-104.989088, 39.791035], [-104.988848, 39.791036]]]]}}], "labels": {"type": "FeatureCollection", "features": [{"type": "Feature", "properties": {"id": "1", "NAME": "1", "text-color": "#000000", "text-size": 16, "featureLabel": {"left": -104.95852173005676, "right": -104.95852173005676, "top": 39.72845867530823, "bottom": 39.72845867530823}, "text-field": "1"}, "geometry": {"type": "Point", "coordinates": [-104.95852173005676, 39.72845867530823]}}, {"type": "Feature", "properties": {"id": "2", "NAME": "2", "text-color": "#000000", "text-size": 16, "featureLabel": {"left": -106.21565906166457, "right": -106.21565906166457, "top": 40.22929784149551, "bottom": 40.22929784149551}, "text-field": "2"}, "geometry": {"type": "Point", "coordinates": [-106.21565906166457, 40.22929784149551]}}, {"type": "Feature", "properties": {"id": "3", "NAME": "3", "text-color": "#000000", "text-size": 16, "featureLabel": {"left": -107.73191182409667, "right": -107.73191182409667, "top": 38.31992096179198, "bottom": 38.31992096179198}, "text-field": "3"}, "geometry": {"type": "Point", "coordinates": [-107.73191182409667, 38.31992096179198]}}, {"type": "Feature", "properties": {"id": "4", "NAME": "4", "text-color": "#000000", "text-size": 16, "featureLabel": {"left": -103.26733139696886, "right": -103.26733139696886, "top": 39.554218012516024, "bottom": 39.554218012516024}, "text-field": "4"}, "geometry": {"type": "Point", "coordinates": [-103.26733139696886, 39.554218012516024]}}, {"type": "Feature", "properties": {"id": "5", "NAME": "5", "text-color": "#000000", "text-size": 16, "featureLabel": {"left": -104.66518725297547, "right": -104.66518725297547, "top": 38.79424593836975, "bottom": 38.79424593836975}, "text-field": "5"}, "geometry": {"type": "Point", "coordinates": [-104.66518725297547, 38.79424593836975]}}, {"type": "Feature", "properties": {"id": "6", "NAME": "6", "text-color": "#000000", "text-size": 16, "featureLabel": {"left": -104.79736011251829, "right": -104.79736011251829, "top": 39.70446733541872, "bottom": 39.70446733541872}, "text-field": "6"}, "geometry": {"type": "Point", "coordinates": [-104.79736011251829, 39.70446733541872]}}, {"type": "Feature", "properties": {"id": "7", "NAME": "7", "text-color": "#000000", "text-size": 16, "featureLabel": {"left": -105.78863577409365, "right": -105.78863577409365, "top": 38.9088095094757, "bottom": 38.9088095094757}, "text-field": "7"}, "geometry": {"type": "Point", "coordinates": [-105.78863577409365, 38.9088095094757]}}, {"type": "Feature", "properties": {"id": "8", "NAME": "8", "text-color": "#000000", "text-size": 16, "featureLabel": {"left": -104.80366130624388, "right": -104.80366130624388, "top": 40.22824908657835, "bottom": 40.22824908657835}, "text-field": "8"}, "geometry": {"type": "Point", "coordinates": [-104.80366130624388, 40.22824908657835]}}]}}