{"type": "FeatureCollection", "features": [{"type": "Feature", "properties": {"id": 1, "NAME": "1", "text-color": "#000000", "text-size": 16, "TotalPop": 775375, "PopDevPct": 0.00025354, "DemPct": 0.39341231, "RepPct": 0.59120638, "WhitePct": 0.90860081, "MinorityPct": 0.09139919, "BlackPct": 0.01346591, "HispanicPct": 0.01619858, "PacificPct": 0.00107095, "AsianPct": 0.00850761, "NativePct": 0.04469893, "TotalVAP": 633080, "Margin": -0.10658769, "color": "#820000", "opacity": "0.5", "year": 2022, "state": "MI", "state-district": "MI-01"}, "geometry": {"type": "MultiPolygon", "coordinates": [[[[-85.698524, 44.424546], [-85.697015, 44.424537], [-85.694561, 44.424503], [-85.685769, 44.424447], [-85.678664, 44.424396], [-85.671411, 44.42433], [-85.658772, 44.424324], [-85.655413, 44.424353], [-85.651697, 44.424375], [-85.63883, 44.424434], [-85.628826, 44.424512], [-85.622798, 44.424477], [-85.621028, 44.424498], [-85.604103, 44.424607], [-85.598823, 44.424536], [-85.578913, 44.424697], [-85.559181, 44.424553], [-85.558008, 44.424566], [-85.554186, 44.424566], [-85.539173, 44.424558], [-85.524291, 44.424562], [-85.519329, 44.424569], [-85.499242, 44.424685], [-85.487733, 44.424774], [-85.480085, 44.424861], [-85.479293, 44.424881], [-85.459471, 44.42509], [-85.438605, 44.425143], [-85.438549, 44.425142], [-85.418533, 44.425093], [-85.409705, 44.425039], [-85.408142, 44.425049], [-85.403257, 44.425115], [-85.40238, 44.425127], [-85.401349, 44.425141], [-85.398565, 44.425184], [-85.388555, 44.425108], [-85.386297, 44.42508], [-85.385662, 44.425072], [-85.378664, 44.425049], [-85.368563, 44.425195], [-85.35873, 44.42521], [-85.353886, 44.425108], [-85.351049, 44.425267], [-85.339467, 44.425392], [-85.338404, 44.425376], [-85.33818, 44.41104], [-85.338015, 44.403844], [-85.337891, 44.396667], [-85.337744, 44.382302], [-85.337607, 44.379023], [-85.337351, 44.353453], [-85.337242, 44.347758], [-85.337092, 44.339254], [-85.336783, 44.31951], [-85.336761, 44.318377], [-85.336648, 44.313065], [-85.336606, 44.311094], [-85.336505, 44.308694], [-85.336474, 44.30675], [-85.336514, 44.306216], [-85.336484, 44.305965], [-85.336429, 44.305508], [-85.336232, 44.2995], [-85.336324, 44.295702], [-85.336152, 44.285326], [-85.336152, 44.285272], [-85.336204, 44.284245], [-85.33622, 44.283924], [-85.336198, 44.281263], [-85.336159, 44.268415], [-85.336113, 44.252444], [-85.336068, 44.249732], [-85.335988, 44.237487], [-85.335773, 44.234622], [-85.335881, 44.233951], [-85.335927, 44.231886], [-85.335737, 44.228132], [-85.335783, 44.222928], [-85.335693, 44.219301], [-85.335615, 44.215739], [-85.335367, 44.208421], [-85.335087, 44.196944], [-85.335032, 44.193874], [-85.334879, 44.179303], [-85.334687, 44.166662], [-85.334777, 44.165118], [-85.334, 44.164831], [-85.325969, 44.164802], [-85.314653, 44.164829], [-85.307386, 44.164849], [-85.304052, 44.16483], [-85.29395, 44.164864], [-85.285999, 44.164853], [-85.283988, 44.164866], [-85.267046, 44.16491], [-85.257039, 44.164891], [-85.253805, 44.164956], [-85.233568, 44.16493], [-85.226919, 44.164916], [-85.215387, 44.164885], [-85.213504, 44.164892], [-85.20647, 44.1649], [-85.201062, 44.164852], [-85.194299, 44.164794], [-85.187534, 44.164757], [-85.150489, 44.164555], [-85.147597, 44.164494], [-85.143873, 44.164492], [-85.133108, 44.164505], [-85.127625, 44.164389], [-85.112908, 44.164508], [-85.112629, 44.164505], [-85.109637, 44.164479], [-85.109323, 44.164476], [-85.109121, 44.164474], [-85.108583, 44.164469], [-85.108518, 44.164468], [-85.108317, 44.164467], [-85.108219, 44.164466], [-85.108205, 44.164466], [-85.107927, 44.164463], [-85.10783, 44.164463], [-85.107559, 44.16446], [-85.106746, 44.164454], [-85.106476, 44.164453], [-85.100395, 44.164412], [-85.097381, 44.164369], [-85.092765, 44.164302], [-85.092083, 44.164307], [-85.087403, 44.164242], [-85.078328, 44.164088], [-85.073622, 44.164008], [-85.067953, 44.163912], [-85.062044, 44.163772], [-85.057952, 44.163705], [-85.051998, 44.163614], [-85.044304, 44.163488], [-85.03239, 44.163438], [-85.020061, 44.163183], [-85.010528, 44.16315], [-85.010396, 44.163149], [-85.010265, 44.163147], [-85.010171, 44.163146], [-85.009707, 44.16314], [-85.009614, 44.163139], [-85.009495, 44.163138], [-85.009365, 44.163136], [-85.0088, 44.163129], [-85.00867, 44.163127], [-85.008593, 44.163126], [-85.008541, 44.163126], [-85.008489, 44.163125], [-85.008412, 44.163124], [-85.008163, 44.163121], [-85.007507, 44.163113], [-84.996036, 44.16297], [-84.985209, 44.162764], [-84.981985, 44.162691], [-84.972504, 44.162475], [-84.972303, 44.162472], [-84.967927, 44.162409], [-84.960158, 44.162298], [-84.952179, 44.162091], [-84.926193, 44.161808], [-84.909882, 44.161796], [-84.90877, 44.16176], [-84.904287, 44.161756], [-84.891857, 44.161382], [-84.891539, 44.1614], [-84.878936, 44.161412], [-84.8786, 44.16151], [-84.871824, 44.161563], [-84.867516, 44.161402], [-84.860937, 44.161391], [-84.860902, 44.161391], [-84.860849, 44.161391], [-84.860776, 44.161391], [-84.860726, 44.161391], [-84.851705, 44.161375], [-84.848282, 44.161367], [-84.844866, 44.161443], [-84.836886, 44.161341], [-84.836815, 44.161341], [-84.8235, 44.161252], [-84.796683, 44.160992], [-84.795661, 44.160982], [-84.795244, 44.160977], [-84.78714, 44.160898], [-84.772188, 44.160737], [-84.769921, 44.160728], [-84.742487, 44.16083], [-84.728755, 44.160859], [-84.715641, 44.160843], [-84.712386, 44.160838], [-84.688841, 44.160812], [-84.688376, 44.160719], [-84.687573, 44.160782], [-84.684618, 44.160664], [-84.67536, 44.160627], [-84.671021, 44.160641], [-84.667416, 44.160629], [-84.660284, 44.160613], [-84.640454, 44.16063], [-84.630579, 44.160566], [-84.629999, 44.16057], [-84.629033, 44.160561], [-84.610069, 44.16055], [-84.6087, 44.160484], [-84.608104, 44.160482], [-84.569417, 44.160551], [-84.528863, 44.160654], [-84.511834, 44.160576], [-84.490996, 44.160499], [-84.488758, 44.160491], [-84.487551, 44.160496], [-84.487295, 44.160491], [-84.485692, 44.160492], [-84.476477, 44.160497], [-84.447875, 44.160479], [-84.437549, 44.160507], [-84.427867, 44.160546], [-84.390618, 44.160567], [-84.368039, 44.160538], [-84.358921, 44.160659], [-84.357281, 44.160701], [-84.356565, 44.160728], [-84.355981, 44.160733], [-84.354232, 44.160753], [-84.348947, 44.160796], [-84.345977, 44.160827], [-84.328068, 44.161002], [-84.312239, 44.161094], [-84.308625, 44.16112], [-84.306961, 44.161194], [-84.305787, 44.161214], [-84.288746, 44.16131], [-84.286871, 44.161329], [-84.266821, 44.161472], [-84.266217, 44.161479], [-84.246596, 44.161663], [-84.225479, 44.161748], [-84.213539, 44.161773], [-84.197546, 44.161797], [-84.166107, 44.161788], [-84.166518, 44.126664], [-84.166576, 44.120394], [-84.166744, 44.112261], [-84.166441, 44.097985], [-84.16645, 44.083059], [-84.16634, 44.062668], [-84.166288, 44.040595], [-84.166339, 44.00843], [-84.166377, 43.996901], [-84.139072, 43.997018], [-84.125389, 43.99706], [-84.1055, 43.997012], [-84.095452, 43.997013], [-84.065489, 43.997059], [-84.06047, 43.997038], [-84.045409, 43.996974], [-84.045421, 43.983263], [-84.045345, 43.976177], [-84.045277, 43.968932], [-84.045074, 43.954486], [-84.045017, 43.943538], [-84.044986, 43.94], [-84.044937, 43.925497], [-84.04488, 43.914819], [-84.044843, 43.911146], [-84.025905, 43.911008], [-84.020611, 43.910986], [-84.020139, 43.910979], [-84.016051, 43.910982], [-84.006062, 43.910948], [-83.986128, 43.910811], [-83.976137, 43.910757], [-83.966199, 43.910677], [-83.96136, 43.910695], [-83.955509, 43.910724], [-83.946315, 43.910527], [-83.946274, 43.910527], [-83.934921, 43.910504], [-83.926517, 43.910462], [-83.923302, 43.910474], [-83.909974, 43.91051], [-83.907456, 43.910366], [-83.904834, 43.909538], [-83.896001, 43.906738], [-83.895017, 43.906439], [-83.874999, 43.900053], [-83.811691, 43.87502], [-83.708525, 43.833948], [-83.643753, 43.875003], [-83.624987, 43.886775], [-83.607734, 43.897659], [-83.581099, 43.914296], [-83.526143, 43.948621], [-83.500059, 43.965594], [-83.48375, 43.976696], [-83.458214, 43.994038], [-83.449608, 44.000012], [-83.42599, 44.014841], [-83.411658, 44.024012], [-83.374965, 44.047302], [-83.32831, 44.077261], [-83.269099, 44.115412], [-83.253116, 44.125766], [-83.240885, 44.13347], [-83.18528, 44.168404], [-83.128315, 44.168902], [-83.124955, 44.168931], [-83.085097, 44.169619], [-82.999953, 44.171089], [-82.772775, 44.167352], [-82.249914, 44.158751], [-82.249914, 44.165143], [-82.269361, 44.250015], [-82.289854, 44.33873], [-82.298108, 44.374459], [-82.298405, 44.375015], [-82.304483, 44.402094], [-82.326466, 44.500015], [-82.329519, 44.512834], [-82.356455, 44.625015], [-82.354787, 44.625015], [-82.374927, 44.708139], [-82.374927, 44.716437], [-82.385504, 44.750016], [-82.382837, 44.750016], [-82.408717, 44.858147], [-82.412416, 44.875017], [-82.44222, 45.000018], [-82.490596, 45.208484], [-82.499937, 45.24864], [-82.500802, 45.250021], [-82.52064, 45.335902], [-82.602976, 45.375022], [-82.663105, 45.402517], [-82.74995, 45.442221], [-82.874956, 45.496723], [-82.878765, 45.500022], [-82.999963, 45.556378], [-83.039035, 45.57388], [-83.12497, 45.612375], [-83.152556, 45.625021], [-83.249978, 45.668152], [-83.374984, 45.723502], [-83.434654, 45.75002], [-83.483974, 45.771937], [-83.49999, 45.771581], [-83.636867, 45.773944], [-83.547626, 45.87502], [-83.518515, 45.906694], [-83.499992, 45.92685], [-83.433558, 45.998895], [-83.436102, 46.000022], [-83.499993, 46.050412], [-83.509782, 46.057889], [-83.571467, 46.105998], [-83.624999, 46.116331], [-83.654647, 46.122055], [-83.750004, 46.104858], [-83.759529, 46.103173], [-83.760391, 46.103379], [-83.788365, 46.110081], [-83.826243, 46.119288], [-83.875007, 46.082465], [-83.887383, 46.073082], [-83.903737, 46.060819], [-83.932026, 46.058767], [-83.945239, 46.057875], [-83.955424, 46.057188], [-83.976134, 46.102554], [-84.000012, 46.115267], [-84.005873, 46.118469], [-84.005685, 46.149551], [-84.033464, 46.16435], [-84.07131, 46.184513], [-84.077027, 46.187558], [-84.085785, 46.209991], [-84.097389, 46.226247], [-84.108089, 46.241238], [-84.10222, 46.250017], [-84.097766, 46.256512], [-84.115563, 46.268225], [-84.116395, 46.277134], [-84.119629, 46.315013], [-84.119332, 46.315173], [-84.106247, 46.321963], [-84.119122, 46.337014], [-84.125025, 46.34721], [-84.138167, 46.37089], [-84.138906, 46.372221], [-84.139485, 46.375019], [-84.146172, 46.41852], [-84.125026, 46.470143], [-84.125026, 46.469878], [-84.112885, 46.50002], [-84.111225, 46.504119], [-84.116989, 46.515734], [-84.117925, 46.517619], [-84.123325, 46.520919], [-84.128925, 46.530119], [-84.139426, 46.532219], [-84.146526, 46.531119], [-84.153144, 46.528301], [-84.156493, 46.52776], [-84.166027, 46.52622], [-84.177428, 46.52692], [-84.19402, 46.540149], [-84.226131, 46.53392], [-84.250033, 46.506221], [-84.254434, 46.500821], [-84.255759, 46.500021], [-84.263732, 46.495366], [-84.265391, 46.494393], [-84.266817, 46.494163], [-84.275814, 46.492821], [-84.293016, 46.492803], [-84.306944, 46.4959], [-84.325371, 46.500021], [-84.329466, 46.501862], [-84.337732, 46.505577], [-84.341427, 46.507689], [-84.350631, 46.507941], [-84.360639, 46.508456], [-84.360765, 46.508462], [-84.37399, 46.509099], [-84.388296, 46.502337], [-84.394725, 46.499242], [-84.401372, 46.499714], [-84.420274, 46.501077], [-84.422227, 46.500022], [-84.445149, 46.489016], [-84.466107, 46.464127], [-84.46691, 46.463174], [-84.475594, 46.452864], [-84.500047, 46.455184], [-84.556909, 46.460634], [-84.556976, 46.46065], [-84.590378, 46.489171], [-84.603084, 46.500021], [-84.625054, 46.518475], [-84.637454, 46.52905], [-84.660557, 46.548615], [-84.69076, 46.573968], [-84.722824, 46.600994], [-84.750061, 46.623764], [-84.751942, 46.625022], [-84.762957, 46.634324], [-84.771261, 46.656396], [-84.787146, 46.697386], [-84.807354, 46.750024], [-84.815559, 46.7718], [-84.829102, 46.80792], [-84.841957, 46.841859], [-84.854047, 46.875021], [-84.859335, 46.888843], [-85.125524, 47.000018], [-85.23433, 47.04761], [-85.250111, 47.054513], [-85.250111, 47.05654], [-85.375122, 47.107541], [-85.420121, 47.125005], [-85.415964, 47.125005], [-85.500131, 47.158284], [-85.625137, 47.210303], [-85.722212, 47.249985], [-85.720967, 47.249985], [-85.750143, 47.264283], [-85.750143, 47.261387], [-85.854862, 47.305482], [-85.875144, 47.314023], [-85.875144, 47.316261], [-86.000144, 47.367279], [-86.000145, 47.361883], [-86.027345, 47.374961], [-86.020032, 47.374962], [-86.125142, 47.416744], [-86.125141, 47.423468], [-86.250139, 47.474448], [-86.250139, 47.477903], [-86.305205, 47.499941], [-86.312774, 47.49994], [-86.361462, 47.518469], [-86.375134, 47.523616], [-86.50013, 47.568324], [-86.50013, 47.569523], [-86.625125, 47.620008], [-86.625125, 47.617767], [-86.634344, 47.62492], [-86.631321, 47.62492], [-86.75012, 47.674911], [-86.75012, 47.67196], [-86.76708, 47.678724], [-86.875116, 47.721812], [-86.949226, 47.749905], [-86.940622, 47.749905], [-87.000111, 47.773604], [-87.063101, 47.799991], [-87.112695, 47.817998], [-87.250103, 47.870477], [-87.261138, 47.874894], [-87.319133, 47.897966], [-87.375099, 47.920232], [-87.500095, 47.968114], [-87.576882, 47.999885], [-87.574241, 47.999885], [-87.625091, 48.019019], [-87.625091, 48.021109], [-87.64768, 48.028838], [-87.720675, 48.053814], [-87.750087, 48.063878], [-87.750087, 48.066245], [-87.875082, 48.114726], [-87.875082, 48.113432], [-87.908245, 48.124878], [-87.910813, 48.124878], [-88.000078, 48.155883], [-88.000077, 48.16405], [-88.125073, 48.21236], [-88.173112, 48.230836], [-88.223025, 48.249869], [-88.250068, 48.260303], [-88.250068, 48.260364], [-88.308344, 48.282707], [-88.336499, 48.293508], [-88.369862, 48.306063], [-88.375065, 48.304957], [-88.500063, 48.280177], [-88.625064, 48.255451], [-88.653263, 48.24987], [-88.653802, 48.24987], [-88.672859, 48.246151], [-88.677442, 48.245397], [-88.68767, 48.241354], [-88.718376, 48.228944], [-88.750067, 48.215864], [-88.750067, 48.215517], [-88.802509, 48.194102], [-88.875071, 48.164492], [-88.971197, 48.12488], [-88.971903, 48.12488], [-89.000074, 48.11335], [-89.000074, 48.113521], [-89.125079, 48.061813], [-89.250083, 48.010416], [-89.274665, 47.999886], [-89.275475, 47.999886], [-89.33755, 47.974261], [-89.359822, 47.980063], [-89.375085, 47.983911], [-89.431733, 47.999886], [-89.432307, 48.000316], [-89.47864, 48.012801], [-89.483385, 48.013716], [-89.488857, 48.005575], [-89.492137, 47.999886], [-89.500087, 47.988543], [-89.548165, 47.916362], [-89.575522, 47.874883], [-89.625167, 47.799549], [-89.64102, 47.77511], [-89.657447, 47.749896], [-89.68073, 47.714552], [-89.708644, 47.671657], [-89.739071, 47.624903], [-89.750109, 47.608235], [-89.792278, 47.542907], [-89.820034, 47.49991], [-89.837315, 47.473583], [-89.889159, 47.394604], [-89.916572, 47.352842], [-89.957102, 47.291103], [-90.000145, 47.214969], [-90.022574, 47.180446], [-90.058644, 47.12493], [-90.089512, 47.07665], [-90.111689, 47.041964], [-90.125164, 47.020679], [-90.139252, 46.999937], [-90.143501, 46.99336], [-90.220022, 46.87494], [-90.250174, 46.828454], [-90.269622, 46.798182], [-90.292001, 46.763534], [-90.359138, 46.659592], [-90.381518, 46.624945], [-90.406102, 46.585433], [-90.416438, 46.569069], [-90.418392, 46.566099], [-90.416696, 46.56506], [-90.415199, 46.563113], [-90.415476, 46.562099], [-90.414321, 46.557347], [-90.413945, 46.556524], [-90.410669, 46.555093], [-90.408464, 46.55506], [-90.40598, 46.548577], [-90.40424, 46.546503], [-90.402219, 46.545322], [-90.401352, 46.544008], [-90.399588, 46.544222], [-90.398131, 46.541884], [-90.396347, 46.537527], [-90.394886, 46.535779], [-90.392419, 46.53621], [-90.392328, 46.534586], [-90.394652, 46.534493], [-90.395069, 46.533768], [-90.393262, 46.532433], [-90.390885, 46.533501], [-90.388074, 46.533326], [-90.385955, 46.533791], [-90.383318, 46.535602], [-90.380451, 46.536565], [-90.378635, 46.535601], [-90.37685, 46.536175], [-90.375517, 46.538831], [-90.371885, 46.539581], [-90.368702, 46.541044], [-90.367083, 46.541163], [-90.366218, 46.539682], [-90.364736, 46.539586], [-90.362527, 46.541208], [-90.360685, 46.54138], [-90.359439, 46.539161], [-90.357914, 46.539482], [-90.35785, 46.538813], [-90.350684, 46.540325], [-90.348405, 46.541779], [-90.347989, 46.543915], [-90.346119, 46.544963], [-90.345643, 46.546494], [-90.347596, 46.547132], [-90.347227, 46.548988], [-90.345173, 46.549338], [-90.343595, 46.54806], [-90.342336, 46.547831], [-90.340284, 46.548238], [-90.339523, 46.549947], [-90.34343, 46.550639], [-90.344267, 46.551517], [-90.343533, 46.552455], [-90.338608, 46.553185], [-90.337046, 46.554011], [-90.334341, 46.553301], [-90.33165, 46.553084], [-90.332475, 46.551672], [-90.331008, 46.551844], [-90.329467, 46.550582], [-90.32817, 46.551625], [-90.327346, 46.551125], [-90.328058, 46.54817], [-90.326474, 46.545963], [-90.323726, 46.545513], [-90.322885, 46.546694], [-90.320663, 46.546606], [-90.320245, 46.545617], [-90.318627, 46.544314], [-90.316731, 46.545198], [-90.315254, 46.544109], [-90.316342, 46.543626], [-90.31698, 46.542225], [-90.31596, 46.540342], [-90.314793, 46.54084], [-90.313682, 46.539689], [-90.31276, 46.54031], [-90.310782, 46.539387], [-90.31145, 46.537893], [-90.309441, 46.537285], [-90.310839, 46.536289], [-90.31138, 46.534039], [-90.310604, 46.532411], [-90.312773, 46.531156], [-90.312026, 46.529622], [-90.313014, 46.526571], [-90.314434, 46.523691], [-90.317666, 46.521933], [-90.317001, 46.519757], [-90.317003, 46.517599], [-90.316554, 46.516896], [-90.313843, 46.516063], [-90.313336, 46.516916], [-90.311571, 46.516532], [-90.308767, 46.51673], [-90.307841, 46.518305], [-90.306129, 46.518365], [-90.304575, 46.5176], [-90.299947, 46.517594], [-90.297609, 46.518207], [-90.296386, 46.519065], [-90.295722, 46.518523], [-90.294483, 46.519149], [-90.2951, 46.521443], [-90.294342, 46.52161], [-90.291658, 46.520249], [-90.287664, 46.5196], [-90.284464, 46.518715], [-90.282635, 46.519291], [-90.281597, 46.520403], [-90.282301, 46.521305], [-90.278707, 46.522419], [-90.27796, 46.524262], [-90.276744, 46.524407], [-90.273986, 46.522407], [-90.272023, 46.520254], [-90.27193, 46.519034], [-90.273065, 46.518638], [-90.275324, 46.51823], [-90.277105, 46.516101], [-90.277549, 46.514566], [-90.27524, 46.515389], [-90.27442, 46.515215], [-90.273383, 46.513662], [-90.270441, 46.511683], [-90.271046, 46.510142], [-90.27287, 46.508633], [-90.27319, 46.505795], [-90.272551, 46.504512], [-90.271539, 46.505006], [-90.271196, 46.506508], [-90.266567, 46.507855], [-90.264321, 46.506632], [-90.264034, 46.505885], [-90.265756, 46.505333], [-90.265296, 46.504121], [-90.263906, 46.503807], [-90.26357, 46.502862], [-90.261548, 46.502562], [-90.25921, 46.503262], [-90.256698, 46.504805], [-90.251113, 46.504723], [-90.248215, 46.505414], [-90.246182, 46.504718], [-90.245235, 46.505192], [-90.240897, 46.505976], [-90.23878, 46.506949], [-90.237455, 46.506837], [-90.234296, 46.508536], [-90.231111, 46.509859], [-90.229601, 46.508416], [-90.229788, 46.506726], [-90.231108, 46.504806], [-90.231253, 46.50307], [-90.229141, 46.502742], [-90.230968, 46.501598], [-90.228948, 46.501469], [-90.226729, 46.501803], [-90.226102, 46.50246], [-90.222557, 46.503416], [-90.220772, 46.503568], [-90.219323, 46.502516], [-90.217822, 46.502235], [-90.216172, 46.501272], [-90.215168, 46.499564], [-90.215104, 46.49792], [-90.213516, 46.495917], [-90.212546, 46.493945], [-90.211256, 46.492694], [-90.212081, 46.490611], [-90.209294, 46.48703], [-90.206887, 46.485961], [-90.205696, 46.484446], [-90.205633, 46.480735], [-90.204883, 46.479184], [-90.203002, 46.477013], [-90.198889, 46.474476], [-90.197047, 46.473829], [-90.196823, 46.473016], [-90.195237, 46.473369], [-90.193148, 46.472316], [-90.192405, 46.469823], [-90.192419, 46.468494], [-90.189183, 46.469089], [-90.188594, 46.468024], [-90.189642, 46.467028], [-90.191318, 46.465484], [-90.192282, 46.46559], [-90.192372, 46.465438], [-90.192179, 46.46344], [-90.193575, 46.463241], [-90.192581, 46.461968], [-90.191232, 46.461727], [-90.191396, 46.460519], [-90.189656, 46.45896], [-90.188337, 46.458335], [-90.181133, 46.457164], [-90.179832, 46.457132], [-90.181325, 46.458345], [-90.179675, 46.458478], [-90.178492, 46.457644], [-90.178037, 46.455914], [-90.17929, 46.453179], [-90.178777, 46.451592], [-90.179171, 46.450596], [-90.178442, 46.449899], [-90.177195, 46.449059], [-90.176751, 46.447675], [-90.178091, 46.444554], [-90.178284, 46.442379], [-90.177707, 46.440089], [-90.175203, 46.439613], [-90.172127, 46.439911], [-90.170699, 46.43944], [-90.169494, 46.439753], [-90.16777, 46.442122], [-90.166715, 46.439632], [-90.16713, 46.438453], [-90.166085, 46.437471], [-90.163291, 46.434425], [-90.163553, 46.43261], [-90.162504, 46.430633], [-90.162349, 46.427491], [-90.160503, 46.42668], [-90.159714, 46.425471], [-90.160591, 46.422999], [-90.158688, 46.422659], [-90.157386, 46.421215], [-90.158439, 46.420402], [-90.158856, 46.418034], [-90.15772, 46.415706], [-90.159048, 46.41426], [-90.158483, 46.411783], [-90.158767, 46.41097], [-90.157799, 46.410202], [-90.158203, 46.409333], [-90.157242, 46.407961], [-90.154926, 46.40666], [-90.153705, 46.407078], [-90.153451, 46.406249], [-90.154948, 46.40538], [-90.154543, 46.40438], [-90.153211, 46.404112], [-90.153065, 46.401162], [-90.151258, 46.400833], [-90.151138, 46.400169], [-90.14883, 46.399082], [-90.146667, 46.399013], [-90.147298, 46.395441], [-90.145117, 46.39386], [-90.144338, 46.39241], [-90.145004, 46.391882], [-90.144352, 46.390048], [-90.141372, 46.389049], [-90.140737, 46.388181], [-90.141473, 46.387373], [-90.139659, 46.385962], [-90.139785, 46.385435], [-90.132346, 46.381361], [-90.13425, 46.379131], [-90.132808, 46.37812], [-90.134059, 46.377988], [-90.134612, 46.373474], [-90.133529, 46.372756], [-90.134055, 46.372208], [-90.131781, 46.371293], [-90.129732, 46.369873], [-90.131168, 46.36941], [-90.130311, 46.368577], [-90.126663, 46.367096], [-90.125551, 46.365382], [-90.122748, 46.363546], [-90.12258, 46.362707], [-90.123408, 46.360796], [-90.120661, 46.360617], [-90.120937, 46.35993], [-90.118822, 46.359531], [-90.116748, 46.354944], [-90.117538, 46.353834], [-90.116596, 46.353758], [-90.116837, 46.350739], [-90.118315, 46.350222], [-90.118963, 46.349227], [-90.120198, 46.349633], [-90.121826, 46.347836], [-90.121712, 46.346885], [-90.123579, 46.346023], [-90.121535, 46.3444], [-90.120032, 46.344764], [-90.11884, 46.342174], [-90.118008, 46.34157], [-90.11864, 46.340834], [-90.118457, 46.339476], [-90.120861, 46.338927], [-90.121563, 46.337867], [-90.120572, 46.337039], [-90.109052, 46.33462], [-90.079188, 46.328791], [-90.055835, 46.32428], [-90.020267, 46.317448], [-89.990502, 46.311636], [-89.98685, 46.310928], [-89.930326, 46.299979], [-89.918893, 46.29776], [-89.912864, 46.29684], [-89.905616, 46.295663], [-89.90434, 46.295083], [-89.90431, 46.29506], [-89.904085, 46.294961], [-89.898121, 46.293784], [-89.892869, 46.292902], [-89.888804, 46.291983], [-89.879142, 46.290491], [-89.878469, 46.290258], [-89.875157, 46.289856], [-89.870544, 46.288575], [-89.857027, 46.286007], [-89.794921, 46.274203], [-89.791208, 46.273497], [-89.790423, 46.273345], [-89.790292, 46.273318], [-89.789924, 46.273218], [-89.78787, 46.272784], [-89.764505, 46.268082], [-89.749919, 46.265422], [-89.743697, 46.264145], [-89.743271, 46.264061], [-89.740671, 46.263573], [-89.734947, 46.262482], [-89.709514, 46.25761], [-89.704293, 46.256619], [-89.686285, 46.253222], [-89.669237, 46.249928], [-89.663343, 46.248894], [-89.648728, 46.245824], [-89.633756, 46.242936], [-89.62523, 46.241436], [-89.608511, 46.238371], [-89.584117, 46.233626], [-89.545278, 46.226055], [-89.537309, 46.224501], [-89.535169, 46.224269], [-89.533748, 46.224108], [-89.53322, 46.224001], [-89.522419, 46.221783], [-89.521394, 46.22168], [-89.500153, 46.217384], [-89.496005, 46.216351], [-89.490586, 46.215355], [-89.480333, 46.213439], [-89.477863, 46.213009], [-89.463498, 46.210062], [-89.449877, 46.207422], [-89.446738, 46.206798], [-89.444097, 46.206304], [-89.436919, 46.204919], [-89.435333, 46.204615], [-89.424014, 46.202418], [-89.398871, 46.19754], [-89.39119, 46.196125], [-89.376369, 46.19353], [-89.331208, 46.184725], [-89.330857, 46.184656], [-89.330332, 46.184554], [-89.329806, 46.184451], [-89.329456, 46.184383], [-89.285331, 46.175751], [-89.283536, 46.175429], [-89.276088, 46.173813], [-89.250434, 46.169014], [-89.247917, 46.168625], [-89.220004, 46.163328], [-89.21725, 46.162802], [-89.216302, 46.162617], [-89.205466, 46.160386], [-89.200659, 46.159254], [-89.194289, 46.157902], [-89.166881, 46.152867], [-89.166533, 46.152731], [-89.155408, 46.15042], [-89.145808, 46.148562], [-89.125136, 46.144531], [-89.10563, 46.141026], [-89.102278, 46.140407], [-89.091638, 46.138447], [-89.07954, 46.13352], [-89.068203, 46.128849], [-89.064246, 46.127229], [-89.063642, 46.126967], [-89.058676, 46.124914], [-89.02656, 46.111847], [-89.022138, 46.109894], [-89.000034, 46.101089], [-88.990864, 46.097381], [-88.989995, 46.096971], [-88.970146, 46.088917], [-88.96369, 46.086293], [-88.955761, 46.083027], [-88.949828, 46.080635], [-88.943846, 46.078212], [-88.943161, 46.078], [-88.933497, 46.073971], [-88.922498, 46.069568], [-88.907843, 46.063589], [-88.895239, 46.058523], [-88.875138, 46.05019], [-88.865236, 46.046169], [-88.851133, 46.040444], [-88.850242, 46.039999], [-88.84882, 46.038949], [-88.848357, 46.03847], [-88.847766, 46.037031], [-88.847117, 46.036339], [-88.843957, 46.034806], [-88.843827, 46.034647], [-88.844083, 46.033921], [-88.844167, 46.033287], [-88.843708, 46.032842], [-88.842565, 46.032573], [-88.841505, 46.032431], [-88.841076, 46.032209], [-88.838951, 46.029933], [-88.838173, 46.030294], [-88.837046, 46.030511], [-88.835408, 46.030444], [-88.833801, 46.029785], [-88.832197, 46.029822], [-88.831675, 46.029722], [-88.829268, 46.028855], [-88.828436, 46.028403], [-88.827869, 46.028221], [-88.82701, 46.028118], [-88.825255, 46.027255], [-88.824379, 46.026553], [-88.822476, 46.026329], [-88.821604, 46.026371], [-88.819084, 46.026314], [-88.818842, 46.026142], [-88.818704, 46.025023], [-88.818488, 46.024599], [-88.817422, 46.024317], [-88.816509, 46.023953], [-88.81544, 46.022974], [-88.815645, 46.022335], [-88.816107, 46.021648], [-88.816193, 46.021236], [-88.816026, 46.020586], [-88.814165, 46.020752], [-88.81349, 46.02068], [-88.811948, 46.021609], [-88.811115, 46.021935], [-88.809696, 46.02208], [-88.807176, 46.021706], [-88.805771, 46.021554], [-88.804242, 46.022294], [-88.803137, 46.023342], [-88.801761, 46.023737], [-88.799731, 46.023847], [-88.798384, 46.023736], [-88.797533, 46.023555], [-88.79646, 46.023606], [-88.795995, 46.024005], [-88.79579, 46.024865], [-88.795917, 46.026015], [-88.796242, 46.026854], [-88.797408, 46.027801], [-88.800396, 46.029793], [-88.80067, 46.030036], [-88.800272, 46.030605], [-88.799263, 46.031259], [-88.798604, 46.031433], [-88.797885, 46.031823], [-88.797472, 46.032616], [-88.796895, 46.032807], [-88.796589, 46.033344], [-88.796182, 46.033712], [-88.795457, 46.03358], [-88.793952, 46.033089], [-88.793264, 46.032724], [-88.792162, 46.032316], [-88.791247, 46.031668], [-88.790688, 46.031086], [-88.790269, 46.030376], [-88.790081, 46.029563], [-88.789638, 46.028933], [-88.788766, 46.028623], [-88.787947, 46.028675], [-88.787274, 46.029073], [-88.786555, 46.030541], [-88.785946, 46.031455], [-88.784955, 46.032503], [-88.784411, 46.032709], [-88.783501, 46.032672], [-88.782998, 46.032268], [-88.782193, 46.03211], [-88.780175, 46.0321], [-88.778739, 46.03169], [-88.778628, 46.031271], [-88.778598, 46.029743], [-88.778734, 46.028875], [-88.779073, 46.028451], [-88.783635, 46.024357], [-88.78394, 46.023844], [-88.784007, 46.022984], [-88.783891, 46.020934], [-88.783396, 46.019669], [-88.783142, 46.018614], [-88.782473, 46.017565], [-88.782666, 46.017251], [-88.782372, 46.016539], [-88.782073, 46.016185], [-88.781063, 46.015679], [-88.780156, 46.015395], [-88.778568, 46.015316], [-88.777526, 46.015503], [-88.776375, 46.015885], [-88.77541, 46.01639], [-88.77352, 46.017834], [-88.772239, 46.018418], [-88.771206, 46.018703], [-88.769801, 46.018944], [-88.769266, 46.01964], [-88.768762, 46.020565], [-88.768848, 46.021887], [-88.769466, 46.02287], [-88.77043, 46.024085], [-88.771157, 46.02485], [-88.771189, 46.025077], [-88.770621, 46.025561], [-88.769297, 46.025811], [-88.768655, 46.025724], [-88.767305, 46.025339], [-88.766075, 46.024701], [-88.765647, 46.024355], [-88.765223, 46.023771], [-88.764795, 46.022667], [-88.763882, 46.022023], [-88.761959, 46.021062], [-88.761458, 46.020752], [-88.760551, 46.019945], [-88.759715, 46.019667], [-88.758968, 46.019633], [-88.757151, 46.019852], [-88.75643, 46.020271], [-88.755377, 46.021182], [-88.754731, 46.021519], [-88.7542, 46.022207], [-88.753241, 46.023097], [-88.75272, 46.023415], [-88.74951, 46.024044], [-88.747813, 46.024538], [-88.746243, 46.025935], [-88.742, 46.026205], [-88.739671, 46.027423], [-88.738033, 46.027167], [-88.736763, 46.02637], [-88.733499, 46.025543], [-88.732495, 46.026553], [-88.730719, 46.026791], [-88.724146, 46.023964], [-88.723678, 46.022784], [-88.721261, 46.022221], [-88.721126, 46.018915], [-88.722044, 46.018027], [-88.721842, 46.017086], [-88.720323, 46.016088], [-88.718024, 46.015611], [-88.718674, 46.013882], [-88.718314, 46.013182], [-88.712977, 46.012718], [-88.712078, 46.016346], [-88.710216, 46.016429], [-88.709821, 46.015292], [-88.707505, 46.015568], [-88.707374, 46.016398], [-88.705873, 46.017939], [-88.703711, 46.018293], [-88.699128, 46.018001], [-88.697421, 46.01749], [-88.696829, 46.016371], [-88.694834, 46.01633], [-88.69214, 46.015586], [-88.689158, 46.013986], [-88.687637, 46.015014], [-88.68447, 46.01406], [-88.682069, 46.014124], [-88.678868, 46.013595], [-88.677164, 46.011676], [-88.675635, 46.011682], [-88.674777, 46.010725], [-88.675916, 46.008546], [-88.674235, 46.007572], [-88.673778, 46.00662], [-88.671914, 46.00601], [-88.671215, 46.004859], [-88.672223, 46.002462], [-88.670746, 46.001581], [-88.670342, 46.000189], [-88.671006, 45.998832], [-88.669555, 45.997763], [-88.666728, 45.996932], [-88.66734, 45.994331], [-88.66663, 45.993486], [-88.663874, 45.993307], [-88.663755, 45.991819], [-88.666724, 45.990616], [-88.668567, 45.990568], [-88.670754, 45.989731], [-88.670827, 45.988547], [-88.666389, 45.988184], [-88.664934, 45.989033], [-88.663497, 45.988816], [-88.663368, 45.987669], [-88.658654, 45.98929], [-88.656165, 45.989035], [-88.653623, 45.987831], [-88.652399, 45.987706], [-88.651105, 45.987607], [-88.648846, 45.988587], [-88.647247, 45.988519], [-88.64647, 45.98711], [-88.641777, 45.986114], [-88.639245, 45.985097], [-88.635853, 45.98508], [-88.634833, 45.985659], [-88.634986, 45.986688], [-88.634192, 45.988073], [-88.627841, 45.98844], [-88.625507, 45.987619], [-88.623997, 45.988611], [-88.62082, 45.988434], [-88.616471, 45.987732], [-88.613683, 45.989281], [-88.613004, 45.990977], [-88.613874, 45.992318], [-88.615922, 45.993335], [-88.614766, 45.994655], [-88.614736, 45.996143], [-88.613814, 45.997276], [-88.611849, 45.99839], [-88.612009, 46.000912], [-88.61148, 46.003227], [-88.612576, 46.004199], [-88.611277, 46.005693], [-88.609519, 46.005963], [-88.607311, 46.007621], [-88.606939, 46.008454], [-88.607538, 46.010679], [-88.60551, 46.013093], [-88.603898, 46.016481], [-88.601421, 46.017686], [-88.599266, 46.017858], [-88.59712, 46.017133], [-88.595212, 46.015563], [-88.593946, 46.015141], [-88.593152, 46.014025], [-88.592891, 46.011125], [-88.590676, 46.008701], [-88.589812, 46.005687], [-88.58827, 46.005098], [-88.585324, 46.005733], [-88.582998, 46.006589], [-88.581646, 46.006602], [-88.579989, 46.007443], [-88.578784, 46.009668], [-88.575453, 46.010053], [-88.572491, 46.012011], [-88.571367, 46.013961], [-88.56625, 46.015466], [-88.565127, 46.015729], [-88.562648, 46.015147], [-88.560185, 46.014158], [-88.558482, 46.014273], [-88.55509, 46.015045], [-88.550989, 46.012943], [-88.548978, 46.012939], [-88.547492, 46.013754], [-88.544072, 46.013445], [-88.539942, 46.014239], [-88.538174, 46.015339], [-88.536268, 46.017688], [-88.533153, 46.017985], [-88.532546, 46.019021], [-88.534173, 46.020269], [-88.534196, 46.020886], [-88.532651, 46.021186], [-88.530804, 46.020458], [-88.527846, 46.020913], [-88.525794, 46.020682], [-88.523755, 46.019609], [-88.521943, 46.019366], [-88.51547, 46.020065], [-88.512708, 46.019646], [-88.509262, 46.019203], [-88.506364, 46.01761], [-88.505795, 46.013081], [-88.506579, 46.01153], [-88.505245, 46.010178], [-88.503866, 46.007884], [-88.502286, 46.006971], [-88.503102, 46.005965], [-88.501487, 46.003892], [-88.50076, 46.001903], [-88.500448, 46.000342], [-88.498301, 46.00014], [-88.496852, 45.999234], [-88.497978, 45.995794], [-88.496479, 45.99483], [-88.493803, 45.994262], [-88.492706, 45.992493], [-88.489355, 45.991367], [-88.48611, 45.991091], [-88.484519, 45.99221], [-88.483322, 45.992402], [-88.480002, 45.991707], [-88.477321, 45.992272], [-88.474814, 45.993333], [-88.47385, 45.994677], [-88.475141, 45.997185], [-88.474583, 45.998953], [-88.471104, 46.000882], [-88.467715, 46.000595], [-88.464731, 46.000738], [-88.462533, 45.999416], [-88.45904, 45.999562], [-88.457759, 45.998815], [-88.454319, 45.997656], [-88.453692, 45.996444], [-88.454235, 45.993476], [-88.452891, 45.99193], [-88.450037, 45.990112], [-88.448854, 45.989758], [-88.442516, 45.990857], [-88.440749, 45.99085], [-88.439246, 45.990184], [-88.438558, 45.988604], [-88.434405, 45.988089], [-88.433678, 45.98676], [-88.434156, 45.98581], [-88.430146, 45.984372], [-88.42759, 45.983954], [-88.426064, 45.984312], [-88.425429, 45.983138], [-88.423493, 45.982072], [-88.422255, 45.979675], [-88.423053, 45.978624], [-88.420697, 45.976784], [-88.417025, 45.975178], [-88.415188, 45.975348], [-88.412247, 45.977584], [-88.410807, 45.979382], [-88.405955, 45.98028], [-88.402445, 45.981181], [-88.39897, 45.980332], [-88.395421, 45.980312], [-88.393052, 45.981008], [-88.391605, 45.981921], [-88.388957, 45.982515], [-88.387939, 45.983167], [-88.387799, 45.984283], [-88.386235, 45.986376], [-88.384451, 45.987563], [-88.384306, 45.988407], [-88.385172, 45.989964], [-88.384682, 45.990615], [-88.383058, 45.990544], [-88.380891, 45.991813], [-88.376448, 45.989458], [-88.374298, 45.98905], [-88.372403, 45.985858], [-88.369505, 45.985279], [-88.367917, 45.985166], [-88.359821, 45.981892], [-88.358827, 45.980687], [-88.356679, 45.979416], [-88.3547, 45.979177], [-88.353205, 45.977675], [-88.351209, 45.977303], [-88.349232, 45.97599], [-88.347936, 45.974484], [-88.345417, 45.973985], [-88.342378, 45.971731], [-88.342588, 45.969683], [-88.341437, 45.968719], [-88.338956, 45.9696], [-88.33474, 45.968627], [-88.332309, 45.966589], [-88.330278, 45.965835], [-88.328041, 45.963539], [-88.328404, 45.959747], [-88.328094, 45.958368], [-88.329894, 45.957455], [-88.330047, 45.956417], [-88.327276, 45.954957], [-88.325603, 45.955532], [-88.325461, 45.956373], [-88.324103, 45.956902], [-88.322478, 45.958822], [-88.320444, 45.959846], [-88.32103, 45.961374], [-88.321033, 45.963313], [-88.318824, 45.963275], [-88.318345, 45.961638], [-88.315895, 45.96068], [-88.312745, 45.959379], [-88.310389, 45.959558], [-88.306933, 45.958461], [-88.305714, 45.957549], [-88.301378, 45.956459], [-88.299984, 45.955449], [-88.29699, 45.954172], [-88.295389, 45.95148], [-88.293849, 45.950941], [-88.291732, 45.951161], [-88.290628, 45.952046], [-88.288175, 45.952768], [-88.285314, 45.955262], [-88.283223, 45.955334], [-88.281708, 45.954846], [-88.279598, 45.956027], [-88.277591, 45.955806], [-88.273608, 45.956619], [-88.268944, 45.956413], [-88.267985, 45.957769], [-88.265789, 45.958357], [-88.261732, 45.959344], [-88.258673, 45.959846], [-88.258066, 45.961429], [-88.25498, 45.963512], [-88.253429, 45.963523], [-88.246894, 45.963532], [-88.245801, 45.963021], [-88.246261, 45.958188], [-88.245719, 45.954373], [-88.243826, 45.951547], [-88.241472, 45.949948], [-88.237106, 45.948278], [-88.233445, 45.947403], [-88.230193, 45.947251], [-88.228031, 45.947565], [-88.224222, 45.948607], [-88.222523, 45.948466], [-88.219139, 45.947503], [-88.210538, 45.947522], [-88.203409, 45.948008], [-88.201842, 45.948487], [-88.202232, 45.949766], [-88.19974, 45.951036], [-88.198351, 45.952683], [-88.197126, 45.953213], [-88.192477, 45.952476], [-88.192058, 45.952651], [-88.189119, 45.951824], [-88.185331, 45.948979], [-88.180498, 45.948287], [-88.178041, 45.947093], [-88.175554, 45.944891], [-88.17263, 45.941023], [-88.170089, 45.939492], [-88.165945, 45.938508], [-88.163858, 45.938381], [-88.162763, 45.939192], [-88.16288, 45.940584], [-88.161175, 45.940601], [-88.156111, 45.937514], [-88.153206, 45.936826], [-88.148128, 45.937546], [-88.145768, 45.936381], [-88.14582, 45.935791], [-88.146334, 45.934069], [-88.143444, 45.932467], [-88.141752, 45.93115], [-88.139537, 45.930091], [-88.133803, 45.928618], [-88.130725, 45.927187], [-88.127927, 45.926599], [-88.126419, 45.925608], [-88.126373, 45.923893], [-88.127348, 45.923429], [-88.127268, 45.922211], [-88.125751, 45.921596], [-88.123421, 45.921409], [-88.121887, 45.920859], [-88.119017, 45.921032], [-88.116845, 45.921627], [-88.113614, 45.922253], [-88.108188, 45.922419], [-88.104622, 45.922164], [-88.102461, 45.921546], [-88.097112, 45.917859], [-88.095193, 45.916108], [-88.095314, 45.913657], [-88.098347, 45.912518], [-88.101338, 45.910907], [-88.105023, 45.906454], [-88.10571, 45.905205], [-88.106894, 45.90075], [-88.106491, 45.897968], [-88.105146, 45.896473], [-88.103226, 45.894682], [-88.102527, 45.892222], [-88.101757, 45.883192], [-88.100914, 45.881773], [-88.09886, 45.88044], [-88.096496, 45.879861], [-88.092818, 45.879765], [-88.087599, 45.880554], [-88.083285, 45.880547], [-88.080653, 45.879766], [-88.078389, 45.877511], [-88.07645, 45.876013], [-88.072459, 45.875076], [-88.070483, 45.874329], [-88.070176, 45.872507], [-88.073696, 45.871819], [-88.074272, 45.870374], [-88.075566, 45.869935], [-88.076253, 45.868588], [-88.074396, 45.86619], [-88.074828, 45.864905], [-88.07736, 45.86376], [-88.08025, 45.864745], [-88.082465, 45.864961], [-88.085891, 45.861242], [-88.086755, 45.858323], [-88.087719, 45.85695], [-88.090787, 45.854466], [-88.093294, 45.853094], [-88.095628, 45.851383], [-88.098469, 45.84982], [-88.101114, 45.847121], [-88.102793, 45.844887], [-88.105196, 45.842413], [-88.107998, 45.840535], [-88.112283, 45.838721], [-88.116672, 45.835541], [-88.120901, 45.832962], [-88.123127, 45.830544], [-88.127364, 45.827415], [-88.132456, 45.824156], [-88.134243, 45.822741], [-88.135311, 45.821428], [-88.136212, 45.818735], [-88.13559, 45.817307], [-88.133644, 45.81486], [-88.132374, 45.812072], [-88.130586, 45.81012], [-88.12868, 45.808861], [-88.125134, 45.80753], [-88.119903, 45.805904], [-88.116266, 45.804086], [-88.112341, 45.803597], [-88.108745, 45.803611], [-88.106988, 45.802452], [-88.105362, 45.799825], [-88.106016, 45.797712], [-88.105719, 45.796366], [-88.104091, 45.794423], [-88.103213, 45.791255], [-88.099786, 45.790177], [-88.096249, 45.787441], [-88.094754, 45.785755], [-88.093354, 45.785284], [-88.087206, 45.784743], [-88.082247, 45.785304], [-88.079277, 45.784911], [-88.078044, 45.784046], [-88.076852, 45.782069], [-88.075528, 45.781188], [-88.071402, 45.779938], [-88.065357, 45.780345], [-88.059043, 45.780739], [-88.057315, 45.780542], [-88.056703, 45.780548], [-88.054353, 45.780794], [-88.052951, 45.780807], [-88.05064, 45.780999], [-88.04996, 45.781193], [-88.049247, 45.782194], [-88.048513, 45.782549], [-88.046707, 45.782384], [-88.046049, 45.782433], [-88.045426, 45.782991], [-88.045337, 45.783394], [-88.044696, 45.783718], [-88.043783, 45.783796], [-88.042829, 45.783649], [-88.041744, 45.783734], [-88.040937, 45.784265], [-88.040505, 45.785076], [-88.04066, 45.785917], [-88.040891, 45.786452], [-88.040403, 45.787416], [-88.040043, 45.787838], [-88.04002, 45.788362], [-88.04022, 45.789236], [-88.039728, 45.789626], [-88.03776, 45.789516], [-88.036829, 45.789893], [-88.034849, 45.789766], [-88.033568, 45.789816], [-88.031124, 45.789233], [-88.027232, 45.789197], [-88.0236, 45.790094], [-88.021239, 45.791027], [-88.019559, 45.791937], [-88.017588, 45.792455], [-88.015485, 45.792625], [-88.013323, 45.792392], [-88.011519, 45.792073], [-88.008673, 45.792009], [-88.007043, 45.792192], [-88.005855, 45.792604], [-88.001593, 45.794091], [-87.994539, 45.795637], [-87.991447, 45.795393], [-87.989831, 45.794827], [-87.988473, 45.793568], [-87.987942, 45.793075], [-87.985687, 45.789079], [-87.982617, 45.782944], [-87.98087, 45.776977], [-87.981789, 45.775081], [-87.983392, 45.774696], [-87.98597, 45.774746], [-87.989829, 45.772945], [-87.989656, 45.772025], [-87.986429, 45.769596], [-87.981246, 45.768364], [-87.976835, 45.767015], [-87.974733, 45.76668], [-87.972451, 45.766319], [-87.96697, 45.764021], [-87.963898, 45.760375], [-87.964725, 45.759461], [-87.963452, 45.75822], [-87.959371, 45.75738], [-87.954459, 45.758414], [-87.952183, 45.758416], [-87.949131, 45.757905], [-87.946488, 45.756704], [-87.942245, 45.757693], [-87.938413, 45.75812], [-87.934583, 45.758096], [-87.929867, 45.760287], [-87.926608, 45.759595], [-87.923334, 45.757416], [-87.921879, 45.757024], [-87.920028, 45.757371], [-87.918455, 45.759154], [-87.917493, 45.759444], [-87.915406, 45.75921], [-87.914126, 45.757719], [-87.911336, 45.756539], [-87.91, 45.756716], [-87.908169, 45.759338], [-87.904657, 45.759163], [-87.902707, 45.757932], [-87.901299, 45.756553], [-87.900005, 45.753497], [-87.898363, 45.752503], [-87.896032, 45.752285], [-87.891866, 45.754064], [-87.890029, 45.754196], [-87.885675, 45.753957], [-87.882261, 45.754779], [-87.879812, 45.754843], [-87.87583, 45.7539], [-87.874304, 45.751314], [-87.873339, 45.750439], [-87.868111, 45.749477], [-87.865681, 45.746288], [-87.862211, 45.745018], [-87.861665, 45.743723], [-87.863874, 45.74266], [-87.863514, 45.741573], [-87.86432, 45.737139], [-87.862969, 45.735129], [-87.858556, 45.730543], [-87.856215, 45.727577], [-87.854594, 45.726301], [-87.851336, 45.725562], [-87.849486, 45.724721], [-87.846602, 45.722544], [-87.839402, 45.717814], [-87.837345, 45.716918], [-87.831463, 45.714915], [-87.826408, 45.714435], [-87.82418, 45.712655], [-87.822421, 45.712701], [-87.81539, 45.711931], [-87.812338, 45.711303], [-87.810144, 45.71023], [-87.807144, 45.708014], [-87.805256, 45.70586], [-87.805076, 45.703556], [-87.806493, 45.702109], [-87.809181, 45.700337], [-87.809075, 45.699717], [-87.806007, 45.697437], [-87.804993, 45.695796], [-87.80188, 45.693862], [-87.797919, 45.691876], [-87.787727, 45.68718], [-87.78473, 45.685262], [-87.782226, 45.683053], [-87.780808, 45.680349], [-87.780714, 45.676667], [-87.781007, 45.673934], [-87.783211, 45.672817], [-87.785757, 45.672649], [-87.788024, 45.672095], [-87.795355, 45.671334], [-87.798903, 45.67014], [-87.801312, 45.667749], [-87.80329, 45.666494], [-87.806242, 45.665697], [-87.80938, 45.665353], [-87.81428, 45.665127], [-87.816587, 45.663898], [-87.819901, 45.663054], [-87.822709, 45.6627], [-87.824191, 45.662044], [-87.822378, 45.660997], [-87.823701, 45.659697], [-87.822427, 45.658013], [-87.822695, 45.656078], [-87.824678, 45.653212], [-87.824346, 45.650183], [-87.824392, 45.64771], [-87.823229, 45.646292], [-87.817278, 45.643927], [-87.815016, 45.642176], [-87.811378, 45.639898], [-87.810195, 45.638732], [-87.80818, 45.635483], [-87.805885, 45.631033], [-87.80452, 45.628987], [-87.803138, 45.627833], [-87.799403, 45.625612], [-87.79879, 45.624964], [-87.796983, 45.623613], [-87.796179, 45.622074], [-87.79628, 45.620754], [-87.796241, 45.619644], [-87.79588, 45.618846], [-87.793984, 45.617576], [-87.792001, 45.616753], [-87.789403, 45.616304], [-87.786275, 45.615721], [-87.782906, 45.61529], [-87.780845, 45.614599], [-87.779824, 45.612986], [-87.779243, 45.610908], [-87.777671, 45.609204], [-87.777618, 45.608568], [-87.778415, 45.607782], [-87.778341, 45.6068], [-87.777937, 45.60444], [-87.777058, 45.603424], [-87.775709, 45.602824], [-87.774887, 45.602307], [-87.774682, 45.602024], [-87.775021, 45.601156], [-87.775855, 45.600009], [-87.776238, 45.597797], [-87.776741, 45.596399], [-87.777049, 45.594984], [-87.777494, 45.593835], [-87.777199, 45.588498], [-87.780341, 45.586828], [-87.781255, 45.585681], [-87.785646, 45.583959], [-87.787533, 45.581374], [-87.787236, 45.579463], [-87.787292, 45.574906], [-87.78832, 45.5705], [-87.788326, 45.567941], [-87.788798, 45.565947], [-87.792372, 45.563055], [-87.794737, 45.562372], [-87.797536, 45.562124], [-87.806104, 45.562863], [-87.807591, 45.563327], [-87.81042, 45.565308], [-87.81176, 45.565554], [-87.813746, 45.565175], [-87.816344, 45.565819], [-87.819821, 45.567079], [-87.823763, 45.567221], [-87.825801, 45.56755], [-87.829348, 45.568777], [-87.831691, 45.568036], [-87.832032, 45.564625], [-87.833592, 45.562529], [-87.832968, 45.559461], [-87.827215, 45.55562], [-87.818791, 45.5521], [-87.817089, 45.549512], [-87.813737, 45.548616], [-87.811517, 45.546403], [-87.808366, 45.544662], [-87.807159, 45.543523], [-87.806358, 45.541662], [-87.80339, 45.538272], [-87.803364, 45.537016], [-87.804528, 45.534373], [-87.80472, 45.531244], [-87.804203, 45.524676], [-87.802494, 45.518056], [-87.802241, 45.513059], [-87.801771, 45.512294], [-87.800395, 45.509906], [-87.799475, 45.50715], [-87.79756, 45.505856], [-87.793921, 45.505489], [-87.793215, 45.505028], [-87.792769, 45.499967], [-87.793447, 45.498372], [-87.794639, 45.497439], [-87.796409, 45.494679], [-87.797943, 45.494044], [-87.798243, 45.493264], [-87.797701, 45.490413], [-87.798362, 45.486564], [-87.799499, 45.48452], [-87.801425, 45.483032], [-87.80351, 45.481931], [-87.806891, 45.479092], [-87.807388, 45.477031], [-87.805873, 45.47438], [-87.806347, 45.472262], [-87.811469, 45.467991], [-87.812971, 45.4661], [-87.81289, 45.465207], [-87.812928, 45.464421], [-87.813503, 45.463703], [-87.816078, 45.462713], [-87.818484, 45.462544], [-87.820264, 45.462314], [-87.82004, 45.460453], [-87.821057, 45.459955], [-87.824661, 45.459137], [-87.825509, 45.458026], [-87.827819, 45.458117], [-87.831217, 45.457185], [-87.832694, 45.455922], [-87.833042, 45.453596], [-87.834609, 45.452638], [-87.835562, 45.451102], [-87.836946, 45.450531], [-87.842242, 45.449222], [-87.844804, 45.448406], [-87.845367, 45.446656], [-87.847429, 45.444177], [-87.855298, 45.441379], [-87.85626, 45.440566], [-87.857212, 45.437934], [-87.858482, 45.436477], [-87.861697, 45.434473], [-87.86195, 45.433072], [-87.860127, 45.429584], [-87.860555, 45.425372], [-87.860432, 45.423504], [-87.858847, 45.421393], [-87.857124, 45.420192], [-87.857116, 45.417624], [-87.856216, 45.416101], [-87.852749, 45.413667], [-87.850533, 45.411685], [-87.849668, 45.409518], [-87.849322, 45.403872], [-87.850969, 45.401925], [-87.85489, 45.400796], [-87.859131, 45.398967], [-87.859773, 45.397278], [-87.859033, 45.395572], [-87.857446, 45.394186], [-87.856911, 45.392624], [-87.859418, 45.388227], [-87.861316, 45.386829], [-87.864677, 45.385232], [-87.870905, 45.383116], [-87.873568, 45.381357], [-87.875424, 45.379373], [-87.875844, 45.378194], [-87.87538, 45.376584], [-87.871789, 45.373557], [-87.87129, 45.372141], [-87.871998, 45.371192], [-87.874518, 45.370179], [-87.877219, 45.368183], [-87.878377, 45.366322], [-87.880076, 45.365122], [-87.882548, 45.364351], [-87.884855, 45.362792], [-87.886146, 45.361236], [-87.887828, 45.358122], [-87.888052, 45.354697], [-87.886949, 45.35311], [-87.88517, 45.351736], [-87.883816, 45.351326], [-87.879838, 45.351493], [-87.877461, 45.352832], [-87.875111, 45.354893], [-87.871096, 45.355921], [-87.869853, 45.356757], [-87.869771, 45.358616], [-87.870521, 45.359589], [-87.875805, 45.364422], [-87.875416, 45.365779], [-87.87295, 45.366526], [-87.870238, 45.366436], [-87.867414, 45.364849], [-87.865764, 45.362885], [-87.865163, 45.361115], [-87.865763, 45.35628], [-87.865593, 45.35562], [-87.863489, 45.35302], [-87.860871, 45.351192], [-87.858617, 45.350378], [-87.852784, 45.349497], [-87.850418, 45.347492], [-87.849899, 45.344651], [-87.851475, 45.342335], [-87.851318, 45.341346], [-87.850133, 45.340435], [-87.848368, 45.340676], [-87.838141, 45.345101], [-87.836782, 45.346451], [-87.835948, 45.349747], [-87.835303, 45.35098], [-87.832612, 45.352249], [-87.829775, 45.352005], [-87.826918, 45.350538], [-87.824855, 45.350713], [-87.823028, 45.35265], [-87.821889, 45.35269], [-87.810076, 45.351269], [-87.800464, 45.353608], [-87.79039, 45.353445], [-87.787967, 45.352612], [-87.78451, 45.350323], [-87.781869, 45.349627], [-87.773901, 45.351226], [-87.769172, 45.351195], [-87.763597, 45.348765], [-87.762128, 45.348401], [-87.754104, 45.349442], [-87.751842, 45.351104], [-87.751199, 45.352278], [-87.751626, 45.354169], [-87.750928, 45.355037], [-87.743809, 45.356562], [-87.739634, 45.35644], [-87.738457, 45.357156], [-87.737801, 45.359635], [-87.733409, 45.364432], [-87.729499, 45.368053], [-87.727339, 45.369606], [-87.724181, 45.37301], [-87.720522, 45.376302], [-87.718891, 45.377462], [-87.71361, 45.37909], [-87.708329, 45.381218], [-87.706767, 45.383827], [-87.70166, 45.386916], [-87.698729, 45.388356], [-87.693956, 45.389893], [-87.690281, 45.389822], [-87.685934, 45.388711], [-87.682866, 45.38495], [-87.680219, 45.384057], [-87.676466, 45.383219], [-87.67455, 45.381649], [-87.674699, 45.379354], [-87.673513, 45.376946], [-87.670649, 45.374977], [-87.669799, 45.374973], [-87.666668, 45.373211], [-87.663354, 45.372007], [-87.658175, 45.369476], [-87.656622, 45.367299], [-87.656763, 45.364128], [-87.656003, 45.362206], [-87.656447, 45.358413], [-87.654883, 45.355637], [-87.653286, 45.354095], [-87.651051, 45.354171], [-87.64809, 45.351719], [-87.647729, 45.350721], [-87.648128, 45.34788], [-87.647454, 45.345232], [-87.648237, 45.343292], [-87.647768, 45.340563], [-87.648126, 45.339396], [-87.649616, 45.337627], [-87.651798, 45.336414], [-87.653392, 45.334144], [-87.654094, 45.332479], [-87.656678, 45.3303], [-87.65983, 45.329144], [-87.661603, 45.327608], [-87.662001, 45.326088], [-87.66148, 45.322001], [-87.661711, 45.320736], [-87.66368, 45.318237], [-87.665262, 45.317088], [-87.667447, 45.316325], [-87.669356, 45.313445], [-87.672669, 45.310213], [-87.671889, 45.308106], [-87.673653, 45.307546], [-87.675335, 45.307907], [-87.678805, 45.306018], [-87.679731, 45.304844], [-87.68033, 45.3028], [-87.684267, 45.301023], [-87.68646, 45.299173], [-87.687729, 45.297492], [-87.687405, 45.296215], [-87.688898, 45.294013], [-87.690176, 45.290633], [-87.691586, 45.288739], [-87.693173, 45.287746], [-87.694922, 45.28485], [-87.697343, 45.282968], [-87.698583, 45.279991], [-87.697476, 45.278569], [-87.699014, 45.277252], [-87.699194, 45.276426], [-87.69839, 45.270584], [-87.698974, 45.269145], [-87.705869, 45.265738], [-87.705836, 45.264274], [-87.707342, 45.26215], [-87.708195, 45.261771], [-87.71045, 45.259324], [-87.709815, 45.258457], [-87.707758, 45.258637], [-87.708922, 45.257104], [-87.709145, 45.254649], [-87.710857, 45.253298], [-87.711329, 45.251422], [-87.709933, 45.249033], [-87.710226, 45.247692], [-87.71148, 45.245224], [-87.711722, 45.243481], [-87.711074, 45.240952], [-87.711596, 45.239516], [-87.713398, 45.238564], [-87.717645, 45.238634], [-87.718818, 45.237855], [-87.719974, 45.235844], [-87.723464, 45.233899], [-87.724992, 45.23214], [-87.72534, 45.230848], [-87.724372, 45.229492], [-87.722431, 45.228785], [-87.721354, 45.226847], [-87.722473, 45.223309], [-87.725009, 45.221099], [-87.726952, 45.218949], [-87.727276, 45.216129], [-87.72604, 45.211706], [-87.726198, 45.209391], [-87.72796, 45.207956], [-87.73171, 45.206792], [-87.736339, 45.204653], [-87.739492, 45.202126], [-87.740792, 45.200301], [-87.741732, 45.198201], [-87.741799, 45.197051], [-87.740801, 45.194704], [-87.739007, 45.192738], [-87.739267, 45.189555], [-87.737577, 45.186746], [-87.737737, 45.184165], [-87.736006, 45.180124], [-87.73521, 45.177642], [-87.735282, 45.176565], [-87.736509, 45.173389], [-87.735135, 45.171538], [-87.729665, 45.170566], [-87.725783, 45.168376], [-87.724601, 45.167452], [-87.723436, 45.165531], [-87.72036, 45.163312], [-87.71791, 45.161191], [-87.711265, 45.159003], [-87.710108, 45.159013], [-87.708201, 45.157688], [-87.708227, 45.157624], [-87.708134, 45.156004], [-87.707391, 45.154679], [-87.702995, 45.151953], [-87.698497, 45.150796], [-87.695055, 45.150522], [-87.692375, 45.149505], [-87.688425, 45.147433], [-87.683902, 45.144135], [-87.682488, 45.142894], [-87.679589, 45.138747], [-87.67597, 45.135438], [-87.675768, 45.134481], [-87.678511, 45.131204], [-87.678209, 45.130084], [-87.674742, 45.127018], [-87.673909, 45.123768], [-87.672447, 45.121294], [-87.671, 45.120069], [-87.667056, 45.118079], [-87.665844, 45.116951], [-87.664444, 45.11558], [-87.661296, 45.112566], [-87.661211, 45.108279], [-87.659952, 45.107512], [-87.657135, 45.107568], [-87.654452, 45.108332], [-87.651412, 45.108558], [-87.648191, 45.106368], [-87.645757, 45.106124], [-87.638287, 45.106551], [-87.635808, 45.10587], [-87.634801, 45.105715], [-87.631535, 45.106224], [-87.630007, 45.105607], [-87.628877, 45.104053], [-87.626527, 45.103128], [-87.625122, 45.102951], [-87.621645, 45.102409], [-87.614953, 45.100078], [-87.598302, 45.096204], [-87.592192, 45.094762], [-87.590158, 45.09528], [-87.585486, 45.096891], [-87.585388, 45.096925], [-87.500106, 45.08462], [-87.490775, 45.083576], [-87.442508, 45.076434], [-87.439231, 45.087629], [-87.430459, 45.118722], [-87.428428, 45.124986], [-87.405694, 45.201969], [-87.37511, 45.214972], [-87.315422, 45.240657], [-87.303831, 45.249983], [-87.250113, 45.291919], [-87.238405, 45.30034], [-87.227293, 45.308933], [-87.195783, 45.333416], [-87.17117, 45.35254], [-87.154304, 45.374979], [-87.127826, 45.409487], [-87.101133, 45.44423], [-87.000121, 45.444119], [-86.963363, 45.444036], [-86.904709, 45.443957], [-86.875121, 45.443885], [-86.871985, 45.443897], [-86.841036, 45.443795], [-86.815281, 45.443777], [-86.756512, 45.443642], [-86.754236, 45.44361], [-86.75012, 45.441977], [-86.717245, 45.42856], [-86.639448, 45.396806], [-86.625117, 45.390957], [-86.58572, 45.37499], [-86.500113, 45.339895], [-86.46412, 45.32481], [-86.375106, 45.288246], [-86.32576, 45.2679], [-86.282304, 45.249983], [-86.2501, 45.236402], [-86.2501, 45.235735], [-86.331109, 45.186709], [-86.375104, 45.160084], [-86.433128, 45.124991], [-86.49993, 45.0808], [-86.528212, 45.050449], [-86.575208, 44.999996], [-86.625103, 44.946973], [-86.686288, 44.881002], [-86.689016, 44.874999], [-86.699834, 44.85077], [-86.734529, 44.773074], [-86.74485, 44.75], [-86.750103, 44.739499], [-86.800531, 44.624849], [-86.846928, 44.519429], [-86.750139, 44.519489], [-86.625118, 44.519706], [-86.500119, 44.519279], [-86.375102, 44.518696], [-86.253547, 44.518263], [-86.242333, 44.518284], [-86.234685, 44.518305], [-86.23313, 44.518269], [-86.221184, 44.517987], [-86.217434, 44.517995], [-86.201137, 44.518027], [-86.180922, 44.517862], [-86.180804, 44.517861], [-86.176027, 44.517693], [-86.170999, 44.517544], [-86.160914, 44.517239], [-86.155869, 44.517106], [-86.140719, 44.516701], [-86.120677, 44.516235], [-86.107837, 44.515868], [-86.105066, 44.515722], [-86.080564, 44.515102], [-86.073086, 44.514995], [-86.068861, 44.514898], [-86.060511, 44.514757], [-86.059241, 44.514719], [-86.044867, 44.514425], [-86.044692, 44.514426], [-86.044502, 44.514426], [-86.039791, 44.514331], [-86.029672, 44.514142], [-86.019614, 44.514008], [-86.019449, 44.514005], [-86.000281, 44.513689], [-85.993315, 44.513605], [-85.985871, 44.513516], [-85.979289, 44.513459], [-85.977046, 44.513377], [-85.962289, 44.513228], [-85.961652, 44.513221], [-85.959931, 44.513202], [-85.957368, 44.513189], [-85.957211, 44.513192], [-85.949062, 44.51324], [-85.947063, 44.513215], [-85.946171, 44.513205], [-85.938933, 44.513187], [-85.928814, 44.513172], [-85.918781, 44.513178], [-85.892642, 44.513041], [-85.889123, 44.513024], [-85.878483, 44.512971], [-85.858316, 44.51303], [-85.855209, 44.513008], [-85.838117, 44.512963], [-85.836876, 44.512961], [-85.817802, 44.512969], [-85.797767, 44.512936], [-85.797374, 44.512931], [-85.794044, 44.512901], [-85.790453, 44.512893], [-85.777446, 44.512938], [-85.775491, 44.512951], [-85.767337, 44.512997], [-85.757222, 44.512984], [-85.757283, 44.506072], [-85.757267, 44.497582], [-85.75735, 44.49331], [-85.757432, 44.489746], [-85.757458, 44.483016], [-85.757446, 44.477219], [-85.75748, 44.47575], [-85.758096, 44.473633], [-85.757333, 44.471543], [-85.757348, 44.468498], [-85.757511, 44.457602], [-85.757109, 44.456051], [-85.757518, 44.454336], [-85.757893, 44.448843], [-85.758069, 44.446252], [-85.758769, 44.438782], [-85.758402, 44.435336], [-85.756593, 44.433706], [-85.756131, 44.432574], [-85.756183, 44.427824], [-85.758806, 44.427], [-85.75891, 44.424234], [-85.753577, 44.42428], [-85.738873, 44.424323], [-85.732028, 44.424305], [-85.729007, 44.424327], [-85.721848, 44.424354], [-85.720867, 44.42445], [-85.718907, 44.424499], [-85.71839, 44.424507], [-85.717081, 44.424507], [-85.712647, 44.424459], [-85.712223, 44.424454], [-85.71004, 44.424511], [-85.709289, 44.424529], [-85.699379, 44.424544], [-85.698524, 44.424546]]]]}}, {"type": "Feature", "properties": {"id": 2, "NAME": "2", "text-color": "#000000", "text-size": 16, "TotalPop": 774997, "PopDevPct": -0.00023409, "DemPct": 0.35031454, "RepPct": 0.63235933, "WhitePct": 0.89167496, "MinorityPct": 0.10832504, "BlackPct": 0.02747385, "HispanicPct": 0.03815327, "PacificPct": 0.00079095, "AsianPct": 0.00850432, "NativePct": 0.02631874, "TotalVAP": 606868, "Margin": -0.14968546, "color": "#000094", "opacity": "0.5", "year": 2022, "state": "MI", "state-district": "MI-02"}, "geometry": {"type": "MultiPolygon", "coordinates": [[[[-84.719321, 43.118115], [-84.709399, 43.118056], [-84.699707, 43.118025], [-84.692032, 43.118001], [-84.691865, 43.118002], [-84.691442, 43.11799], [-84.680202, 43.117968], [-84.676496, 43.117952], [-84.670833, 43.117926], [-84.668921, 43.117917], [-84.667058, 43.117908], [-84.666194, 43.117904], [-84.661748, 43.117883], [-84.635192, 43.117792], [-84.630252, 43.117785], [-84.620377, 43.117754], [-84.61549, 43.117747], [-84.608606, 43.117746], [-84.600525, 43.117714], [-84.592652, 43.117706], [-84.582789, 43.117725], [-84.570737, 43.117735], [-84.563471, 43.117756], [-84.563021, 43.11776], [-84.559928, 43.117744], [-84.55303, 43.117746], [-84.543152, 43.117762], [-84.542364, 43.117762], [-84.523315, 43.117757], [-84.513381, 43.117757], [-84.503571, 43.117663], [-84.493623, 43.117649], [-84.487234, 43.117641], [-84.483715, 43.117637], [-84.480436, 43.117647], [-84.466797, 43.117642], [-84.46573, 43.117644], [-84.447077, 43.117693], [-84.446786, 43.117692], [-84.433127, 43.117741], [-84.427113, 43.117756], [-84.407464, 43.11779], [-84.406171, 43.117794], [-84.387631, 43.117842], [-84.379765, 43.117861], [-84.36776, 43.117942], [-84.36785, 43.124658], [-84.367891, 43.128452], [-84.367911, 43.132392], [-84.368036, 43.142967], [-84.368067, 43.146913], [-84.368109, 43.154431], [-84.368167, 43.157544], [-84.368168, 43.157806], [-84.368186, 43.163371], [-84.36827, 43.172059], [-84.368323, 43.176075], [-84.368325, 43.176651], [-84.368332, 43.179472], [-84.36837, 43.18298], [-84.368399, 43.186672], [-84.368433, 43.190497], [-84.368541, 43.201132], [-84.36859, 43.205031], [-84.368621, 43.208329], [-84.36864, 43.211853], [-84.368676, 43.214577], [-84.368737, 43.219555], [-84.368782, 43.227424], [-84.368807, 43.229192], [-84.368919, 43.243867], [-84.368982, 43.248594], [-84.36906, 43.258148], [-84.369041, 43.263115], [-84.369207, 43.272849], [-84.369356, 43.28769], [-84.369408, 43.292096], [-84.369413, 43.294771], [-84.369461, 43.302343], [-84.369491, 43.30658], [-84.36948, 43.307283], [-84.36957, 43.317135], [-84.369594, 43.321129], [-84.369619, 43.328356], [-84.369643, 43.331743], [-84.369643, 43.335598], [-84.369679, 43.34624], [-84.369685, 43.35009], [-84.369747, 43.36089], [-84.369762, 43.364611], [-84.36983, 43.37543], [-84.369827, 43.37799], [-84.369808, 43.379101], [-84.36983, 43.386595], [-84.36985, 43.389612], [-84.369868, 43.393602], [-84.369913, 43.408096], [-84.369927, 43.411822], [-84.369945, 43.422577], [-84.369969, 43.433852], [-84.369961, 43.437095], [-84.369977, 43.448333], [-84.369962, 43.451423], [-84.369925, 43.458711], [-84.369895, 43.46275], [-84.369876, 43.466044], [-84.389952, 43.466103], [-84.409624, 43.466133], [-84.429624, 43.466149], [-84.449498, 43.466162], [-84.469585, 43.466167], [-84.488684, 43.466168], [-84.488646, 43.480671], [-84.488599, 43.487912], [-84.488758, 43.503885], [-84.488749, 43.504258], [-84.488745, 43.504469], [-84.488781, 43.509693], [-84.488791, 43.524246], [-84.48884, 43.531609], [-84.488552, 43.546399], [-84.488486, 43.553331], [-84.488488, 43.56417], [-84.488451, 43.567812], [-84.488456, 43.573007], [-84.488451, 43.575052], [-84.488455, 43.579985], [-84.488451, 43.580349], [-84.488481, 43.582239], [-84.488393, 43.58396], [-84.488392, 43.585397], [-84.48841, 43.587209], [-84.488435, 43.596795], [-84.488416, 43.611388], [-84.488468, 43.622209], [-84.48829, 43.637169], [-84.488306, 43.638114], [-84.488344, 43.6405], [-84.488207, 43.6477], [-84.488204, 43.649899], [-84.48814, 43.655049], [-84.487946, 43.669414], [-84.487692, 43.683881], [-84.487552, 43.691124], [-84.487379, 43.698341], [-84.487258, 43.702483], [-84.48749, 43.705063], [-84.487241, 43.707323], [-84.487276, 43.710045], [-84.487243, 43.71228], [-84.487044, 43.72719], [-84.47923, 43.726838], [-84.478455, 43.726846], [-84.474401, 43.726813], [-84.467408, 43.726759], [-84.44616, 43.726781], [-84.441395, 43.726826], [-84.427564, 43.726756], [-84.42636, 43.726754], [-84.418875, 43.726738], [-84.407321, 43.726732], [-84.396993, 43.726844], [-84.396377, 43.726474], [-84.393621, 43.726515], [-84.390508, 43.726678], [-84.388188, 43.7268], [-84.38803, 43.726809], [-84.385842, 43.726798], [-84.384077, 43.726788], [-84.368027, 43.726484], [-84.367914, 43.734213], [-84.367861, 43.741189], [-84.367846, 43.742399], [-84.36763, 43.756871], [-84.367569, 43.762889], [-84.367541, 43.764146], [-84.367433, 43.770133], [-84.36742, 43.771378], [-84.367175, 43.784672], [-84.367137, 43.785907], [-84.367005, 43.793132], [-84.366933, 43.797566], [-84.366888, 43.799267], [-84.366871, 43.800398], [-84.366747, 43.80638], [-84.36671, 43.809554], [-84.366676, 43.81356], [-84.366625, 43.814798], [-84.36656, 43.816637], [-84.366568, 43.818204], [-84.366535, 43.82406], [-84.36653, 43.824979], [-84.366527, 43.825545], [-84.366516, 43.8275], [-84.366511, 43.828434], [-84.358107, 43.828346], [-84.357878, 43.828344], [-84.348899, 43.828264], [-84.339582, 43.828212], [-84.333947, 43.828236], [-84.331727, 43.828219], [-84.328854, 43.828176], [-84.328167, 43.828174], [-84.307927, 43.827956], [-84.288196, 43.827635], [-84.283827, 43.827597], [-84.27593, 43.827509], [-84.267463, 43.827462], [-84.26295, 43.827407], [-84.249687, 43.827247], [-84.227284, 43.827047], [-84.207276, 43.826785], [-84.195303, 43.826577], [-84.183834, 43.826295], [-84.171459, 43.825886], [-84.167318, 43.825902], [-84.16691, 43.840356], [-84.166776, 43.855064], [-84.166509, 43.869495], [-84.166341, 43.88391], [-84.166012, 43.898312], [-84.165904, 43.9122], [-84.166039, 43.926672], [-84.166016, 43.933496], [-84.16602, 43.941131], [-84.166123, 43.955601], [-84.166153, 43.984495], [-84.166377, 43.996901], [-84.166339, 44.00843], [-84.166288, 44.040595], [-84.16634, 44.062668], [-84.16645, 44.083059], [-84.166441, 44.097985], [-84.166744, 44.112261], [-84.166576, 44.120394], [-84.166518, 44.126664], [-84.166107, 44.161788], [-84.197546, 44.161797], [-84.213539, 44.161773], [-84.225479, 44.161748], [-84.246596, 44.161663], [-84.266217, 44.161479], [-84.266821, 44.161472], [-84.286871, 44.161329], [-84.288746, 44.16131], [-84.305787, 44.161214], [-84.306961, 44.161194], [-84.308625, 44.16112], [-84.312239, 44.161094], [-84.328068, 44.161002], [-84.345977, 44.160827], [-84.348947, 44.160796], [-84.354232, 44.160753], [-84.355981, 44.160733], [-84.356565, 44.160728], [-84.357281, 44.160701], [-84.358921, 44.160659], [-84.368039, 44.160538], [-84.390618, 44.160567], [-84.427867, 44.160546], [-84.437549, 44.160507], [-84.447875, 44.160479], [-84.476477, 44.160497], [-84.485692, 44.160492], [-84.487295, 44.160491], [-84.487551, 44.160496], [-84.488758, 44.160491], [-84.490996, 44.160499], [-84.511834, 44.160576], [-84.528863, 44.160654], [-84.569417, 44.160551], [-84.608104, 44.160482], [-84.6087, 44.160484], [-84.610069, 44.16055], [-84.629033, 44.160561], [-84.629999, 44.16057], [-84.630579, 44.160566], [-84.640454, 44.16063], [-84.660284, 44.160613], [-84.667416, 44.160629], [-84.671021, 44.160641], [-84.67536, 44.160627], [-84.684618, 44.160664], [-84.687573, 44.160782], [-84.688376, 44.160719], [-84.688841, 44.160812], [-84.712386, 44.160838], [-84.715641, 44.160843], [-84.728755, 44.160859], [-84.742487, 44.16083], [-84.769921, 44.160728], [-84.772188, 44.160737], [-84.78714, 44.160898], [-84.795244, 44.160977], [-84.795661, 44.160982], [-84.796683, 44.160992], [-84.8235, 44.161252], [-84.836815, 44.161341], [-84.836886, 44.161341], [-84.844866, 44.161443], [-84.848282, 44.161367], [-84.851705, 44.161375], [-84.860726, 44.161391], [-84.860776, 44.161391], [-84.860849, 44.161391], [-84.860902, 44.161391], [-84.860937, 44.161391], [-84.867516, 44.161402], [-84.871824, 44.161563], [-84.8786, 44.16151], [-84.878936, 44.161412], [-84.891539, 44.1614], [-84.891857, 44.161382], [-84.904287, 44.161756], [-84.90877, 44.16176], [-84.909882, 44.161796], [-84.926193, 44.161808], [-84.952179, 44.162091], [-84.960158, 44.162298], [-84.967927, 44.162409], [-84.972303, 44.162472], [-84.972504, 44.162475], [-84.981985, 44.162691], [-84.985209, 44.162764], [-84.996036, 44.16297], [-85.007507, 44.163113], [-85.008163, 44.163121], [-85.008412, 44.163124], [-85.008489, 44.163125], [-85.008541, 44.163126], [-85.008593, 44.163126], [-85.00867, 44.163127], [-85.0088, 44.163129], [-85.009365, 44.163136], [-85.009495, 44.163138], [-85.009614, 44.163139], [-85.009707, 44.16314], [-85.010171, 44.163146], [-85.010265, 44.163147], [-85.010396, 44.163149], [-85.010528, 44.16315], [-85.020061, 44.163183], [-85.03239, 44.163438], [-85.044304, 44.163488], [-85.051998, 44.163614], [-85.057952, 44.163705], [-85.062044, 44.163772], [-85.067953, 44.163912], [-85.073622, 44.164008], [-85.078328, 44.164088], [-85.087403, 44.164242], [-85.092083, 44.164307], [-85.092765, 44.164302], [-85.097381, 44.164369], [-85.100395, 44.164412], [-85.106476, 44.164453], [-85.106746, 44.164454], [-85.107559, 44.16446], [-85.10783, 44.164463], [-85.107927, 44.164463], [-85.108205, 44.164466], [-85.108219, 44.164466], [-85.108317, 44.164467], [-85.108518, 44.164468], [-85.108583, 44.164469], [-85.109121, 44.164474], [-85.109323, 44.164476], [-85.109637, 44.164479], [-85.112629, 44.164505], [-85.112908, 44.164508], [-85.127625, 44.164389], [-85.133108, 44.164505], [-85.143873, 44.164492], [-85.147597, 44.164494], [-85.150489, 44.164555], [-85.187534, 44.164757], [-85.194299, 44.164794], [-85.201062, 44.164852], [-85.20647, 44.1649], [-85.213504, 44.164892], [-85.215387, 44.164885], [-85.226919, 44.164916], [-85.233568, 44.16493], [-85.253805, 44.164956], [-85.257039, 44.164891], [-85.267046, 44.16491], [-85.283988, 44.164866], [-85.285999, 44.164853], [-85.29395, 44.164864], [-85.304052, 44.16483], [-85.307386, 44.164849], [-85.314653, 44.164829], [-85.325969, 44.164802], [-85.334, 44.164831], [-85.334777, 44.165118], [-85.334687, 44.166662], [-85.334879, 44.179303], [-85.335032, 44.193874], [-85.335087, 44.196944], [-85.335367, 44.208421], [-85.335615, 44.215739], [-85.335693, 44.219301], [-85.335783, 44.222928], [-85.335737, 44.228132], [-85.335927, 44.231886], [-85.335881, 44.233951], [-85.335773, 44.234622], [-85.335988, 44.237487], [-85.336068, 44.249732], [-85.336113, 44.252444], [-85.336159, 44.268415], [-85.336198, 44.281263], [-85.33622, 44.283924], [-85.336204, 44.284245], [-85.336152, 44.285272], [-85.336152, 44.285326], [-85.336324, 44.295702], [-85.336232, 44.2995], [-85.336429, 44.305508], [-85.336484, 44.305965], [-85.336514, 44.306216], [-85.336474, 44.30675], [-85.336505, 44.308694], [-85.336606, 44.311094], [-85.336648, 44.313065], [-85.336761, 44.318377], [-85.336783, 44.31951], [-85.337092, 44.339254], [-85.337242, 44.347758], [-85.337351, 44.353453], [-85.337607, 44.379023], [-85.337744, 44.382302], [-85.337891, 44.396667], [-85.338015, 44.403844], [-85.33818, 44.41104], [-85.338404, 44.425376], [-85.339467, 44.425392], [-85.351049, 44.425267], [-85.353886, 44.425108], [-85.35873, 44.42521], [-85.368563, 44.425195], [-85.378664, 44.425049], [-85.385662, 44.425072], [-85.386297, 44.42508], [-85.388555, 44.425108], [-85.398565, 44.425184], [-85.401349, 44.425141], [-85.40238, 44.425127], [-85.403257, 44.425115], [-85.408142, 44.425049], [-85.409705, 44.425039], [-85.418533, 44.425093], [-85.438549, 44.425142], [-85.438605, 44.425143], [-85.459471, 44.42509], [-85.479293, 44.424881], [-85.480085, 44.424861], [-85.487733, 44.424774], [-85.499242, 44.424685], [-85.519329, 44.424569], [-85.524291, 44.424562], [-85.539173, 44.424558], [-85.554186, 44.424566], [-85.558008, 44.424566], [-85.559181, 44.424553], [-85.578913, 44.424697], [-85.598823, 44.424536], [-85.604103, 44.424607], [-85.621028, 44.424498], [-85.622798, 44.424477], [-85.628826, 44.424512], [-85.63883, 44.424434], [-85.651697, 44.424375], [-85.655413, 44.424353], [-85.658772, 44.424324], [-85.671411, 44.42433], [-85.678664, 44.424396], [-85.685769, 44.424447], [-85.694561, 44.424503], [-85.697015, 44.424537], [-85.698524, 44.424546], [-85.699379, 44.424544], [-85.709289, 44.424529], [-85.71004, 44.424511], [-85.712223, 44.424454], [-85.712647, 44.424459], [-85.717081, 44.424507], [-85.71839, 44.424507], [-85.718907, 44.424499], [-85.720867, 44.42445], [-85.721848, 44.424354], [-85.729007, 44.424327], [-85.732028, 44.424305], [-85.738873, 44.424323], [-85.753577, 44.42428], [-85.75891, 44.424234], [-85.758806, 44.427], [-85.756183, 44.427824], [-85.756131, 44.432574], [-85.756593, 44.433706], [-85.758402, 44.435336], [-85.758769, 44.438782], [-85.758069, 44.446252], [-85.757893, 44.448843], [-85.757518, 44.454336], [-85.757109, 44.456051], [-85.757511, 44.457602], [-85.757348, 44.468498], [-85.757333, 44.471543], [-85.758096, 44.473633], [-85.75748, 44.47575], [-85.757446, 44.477219], [-85.757458, 44.483016], [-85.757432, 44.489746], [-85.75735, 44.49331], [-85.757267, 44.497582], [-85.757283, 44.506072], [-85.757222, 44.512984], [-85.767337, 44.512997], [-85.775491, 44.512951], [-85.777446, 44.512938], [-85.790453, 44.512893], [-85.794044, 44.512901], [-85.797374, 44.512931], [-85.797767, 44.512936], [-85.817802, 44.512969], [-85.836876, 44.512961], [-85.838117, 44.512963], [-85.855209, 44.513008], [-85.858316, 44.51303], [-85.878483, 44.512971], [-85.889123, 44.513024], [-85.892642, 44.513041], [-85.918781, 44.513178], [-85.928814, 44.513172], [-85.938933, 44.513187], [-85.946171, 44.513205], [-85.947063, 44.513215], [-85.949062, 44.51324], [-85.957211, 44.513192], [-85.957368, 44.513189], [-85.959931, 44.513202], [-85.961652, 44.513221], [-85.962289, 44.513228], [-85.977046, 44.513377], [-85.979289, 44.513459], [-85.985871, 44.513516], [-85.993315, 44.513605], [-86.000281, 44.513689], [-86.019449, 44.514005], [-86.019614, 44.514008], [-86.029672, 44.514142], [-86.039791, 44.514331], [-86.044502, 44.514426], [-86.044692, 44.514426], [-86.044867, 44.514425], [-86.059241, 44.514719], [-86.060511, 44.514757], [-86.068861, 44.514898], [-86.073086, 44.514995], [-86.080564, 44.515102], [-86.105066, 44.515722], [-86.107837, 44.515868], [-86.120677, 44.516235], [-86.140719, 44.516701], [-86.155869, 44.517106], [-86.160914, 44.517239], [-86.170999, 44.517544], [-86.176027, 44.517693], [-86.180804, 44.517861], [-86.180922, 44.517862], [-86.201137, 44.518027], [-86.217434, 44.517995], [-86.221184, 44.517987], [-86.23313, 44.518269], [-86.234685, 44.518305], [-86.242333, 44.518284], [-86.253547, 44.518263], [-86.375102, 44.518696], [-86.500119, 44.519279], [-86.625118, 44.519706], [-86.750139, 44.519489], [-86.846928, 44.519429], [-86.855184, 44.500339], [-86.847694, 44.500339], [-86.874561, 44.440795], [-86.902716, 44.375673], [-86.92482, 44.32563], [-86.931096, 44.311107], [-86.958022, 44.249993], [-86.987998, 44.182649], [-86.999261, 44.156712], [-87.00008, 44.154821], [-87.000073, 44.163236], [-87.013234, 44.131905], [-87.014842, 44.125001], [-87.021067, 44.10169], [-87.030426, 44.064191], [-87.046249, 44], [-87.048847, 44], [-87.075335, 43.894774], [-87.093109, 43.820113], [-87.1102, 43.75], [-87.114102, 43.734111], [-87.125079, 43.670445], [-87.125079, 43.666515], [-87.126557, 43.646911], [-87.128207, 43.625002], [-87.134775, 43.541666], [-87.134971, 43.528445], [-87.137083, 43.500003], [-87.138198, 43.500003], [-87.140331, 43.471436], [-87.147166, 43.379859], [-87.146569, 43.374885], [-87.135319, 43.298114], [-87.128269, 43.250008], [-87.12584, 43.234619], [-87.125072, 43.229753], [-87.125072, 43.227737], [-87.12148, 43.205864], [-87.119008, 43.190816], [-87.108397, 43.12501], [-87.107669, 43.118243], [-87.000068, 43.118194], [-87.000068, 43.117297], [-86.875066, 43.117694], [-86.625063, 43.118875], [-86.500061, 43.117912], [-86.500061, 43.119024], [-86.437799, 43.11904], [-86.375058, 43.119056], [-86.375058, 43.118572], [-86.366794, 43.11851], [-86.296904, 43.118399], [-86.287099, 43.118249], [-86.271915, 43.118365], [-86.272783, 43.120103], [-86.275196, 43.123827], [-86.276838, 43.127559], [-86.280015, 43.133619], [-86.281747, 43.136337], [-86.285149, 43.143173], [-86.287647, 43.147719], [-86.290815, 43.153058], [-86.293704, 43.158721], [-86.295319, 43.160698], [-86.29862, 43.166548], [-86.303163, 43.174292], [-86.304733, 43.177555], [-86.306345, 43.180181], [-86.308608, 43.183022], [-86.310718, 43.186638], [-86.311436, 43.186965], [-86.312792, 43.189776], [-86.316768, 43.196309], [-86.319664, 43.201449], [-86.320564, 43.202537], [-86.321104, 43.203399], [-86.323037, 43.206079], [-86.326153, 43.211071], [-86.328135, 43.213549], [-86.329138, 43.215326], [-86.330656, 43.216325], [-86.332543, 43.219791], [-86.334923, 43.222265], [-86.337616, 43.223953], [-86.342011, 43.222893], [-86.338772, 43.223758], [-86.338859, 43.225841], [-86.339939, 43.227289], [-86.341661, 43.22665], [-86.341668, 43.226733], [-86.339926, 43.227452], [-86.340233, 43.228129], [-86.341739, 43.227486], [-86.340316, 43.228487], [-86.343246, 43.230638], [-86.34229, 43.231328], [-86.343509, 43.235072], [-86.3437, 43.235757], [-86.345358, 43.240192], [-86.346929, 43.242669], [-86.348774, 43.244569], [-86.352851, 43.251338], [-86.355844, 43.255093], [-86.358368, 43.259637], [-86.361474, 43.264343], [-86.358506, 43.264385], [-86.355846, 43.261924], [-86.3544, 43.260196], [-86.353148, 43.256677], [-86.351026, 43.256285], [-86.349834, 43.255313], [-86.3516, 43.253898], [-86.35073, 43.252943], [-86.348395, 43.251971], [-86.347699, 43.250628], [-86.347852, 43.248696], [-86.349126, 43.246889], [-86.348082, 43.244867], [-86.342623, 43.247658], [-86.337998, 43.248207], [-86.334999, 43.247888], [-86.333809, 43.248633], [-86.332702, 43.250575], [-86.331139, 43.251133], [-86.322347, 43.248992], [-86.318419, 43.248343], [-86.315499, 43.248661], [-86.313627, 43.249117], [-86.312395, 43.249401], [-86.312236, 43.249417], [-86.311247, 43.249436], [-86.309648, 43.249751], [-86.302752, 43.249851], [-86.301577, 43.249828], [-86.298585, 43.249783], [-86.294311, 43.249719], [-86.2922, 43.249706], [-86.29139, 43.251033], [-86.283279, 43.255329], [-86.279359, 43.253591], [-86.277875, 43.25291], [-86.279683, 43.251616], [-86.278789, 43.250929], [-86.277877, 43.250247], [-86.27698, 43.24955], [-86.275194, 43.250832], [-86.273936, 43.251697], [-86.272672, 43.252585], [-86.271669, 43.251732], [-86.273626, 43.250329], [-86.273077, 43.250012], [-86.271226, 43.251357], [-86.269878, 43.252312], [-86.2706, 43.252949], [-86.269744, 43.253556], [-86.268695, 43.252165], [-86.267444, 43.254952], [-86.264319, 43.2577], [-86.260834, 43.258958], [-86.25937, 43.259088], [-86.257117, 43.258372], [-86.254845, 43.259517], [-86.256429, 43.259925], [-86.257478, 43.261276], [-86.256719, 43.262039], [-86.253819, 43.262636], [-86.253637, 43.263568], [-86.251776, 43.263598], [-86.252245, 43.262874], [-86.251377, 43.262137], [-86.251158, 43.260797], [-86.249447, 43.26028], [-86.2491, 43.259991], [-86.246774, 43.262191], [-86.246006, 43.262693], [-86.246164, 43.262927], [-86.246669, 43.263684], [-86.245942, 43.263674], [-86.244866, 43.263659], [-86.242221, 43.264479], [-86.238633, 43.266161], [-86.238634, 43.265901], [-86.237898, 43.266123], [-86.237004, 43.265859], [-86.235954, 43.265786], [-86.235608, 43.265939], [-86.234977, 43.266523], [-86.234524, 43.267665], [-86.234101, 43.268177], [-86.233464, 43.26814], [-86.233461, 43.268432], [-86.233461, 43.268451], [-86.23346, 43.26858], [-86.233457, 43.269006], [-86.228743, 43.268949], [-86.228513, 43.268957], [-86.228516, 43.268711], [-86.228523, 43.26811], [-86.227984, 43.268545], [-86.227067, 43.269915], [-86.226059, 43.270707], [-86.225069, 43.270763], [-86.224554, 43.270519], [-86.223384, 43.270484], [-86.222, 43.27064], [-86.221298, 43.270865], [-86.219331, 43.272175], [-86.218391, 43.272202], [-86.216901, 43.271777], [-86.216123, 43.271369], [-86.215546, 43.271308], [-86.215037, 43.271036], [-86.214764, 43.27064], [-86.214659, 43.270095], [-86.214688, 43.269289], [-86.213519, 43.268299], [-86.2127, 43.267919], [-86.211883, 43.267821], [-86.211028, 43.268781], [-86.210651, 43.269957], [-86.209401, 43.271209], [-86.208691, 43.271286], [-86.208021, 43.270999], [-86.207305, 43.270247], [-86.20668, 43.270162], [-86.206007, 43.270279], [-86.205261, 43.271251], [-86.205048, 43.271652], [-86.204626, 43.271955], [-86.204068, 43.272103], [-86.204143, 43.271668], [-86.20565, 43.262916], [-86.205668, 43.262793], [-86.205684, 43.262688], [-86.205698, 43.262589], [-86.203538, 43.262615], [-86.20368, 43.260694], [-86.204188, 43.252376], [-86.203677, 43.252378], [-86.198936, 43.25239], [-86.193782, 43.252397], [-86.193804, 43.251471], [-86.19381, 43.251241], [-86.189143, 43.251204], [-86.189216, 43.247547], [-86.189251, 43.245109], [-86.186393, 43.245089], [-86.18389, 43.245086], [-86.179006, 43.245096], [-86.17903, 43.243262], [-86.179067, 43.24146], [-86.179106, 43.240498], [-86.179107, 43.239882], [-86.177857, 43.239915], [-86.176018, 43.239129], [-86.174157, 43.23913], [-86.168167, 43.239095], [-86.168017, 43.237857], [-86.165923, 43.237815], [-86.164319, 43.237809], [-86.164311, 43.234236], [-86.154385, 43.234279], [-86.144389, 43.234346], [-86.144668, 43.223663], [-86.144774, 43.219813], [-86.144817, 43.216693], [-86.144819, 43.216165], [-86.14486, 43.214285], [-86.144867, 43.212438], [-86.144913, 43.20516], [-86.119233, 43.205545], [-86.111784, 43.205649], [-86.106744, 43.20572], [-86.101127, 43.205713], [-86.086697, 43.205673], [-86.076961, 43.205756], [-86.067427, 43.205857], [-86.052671, 43.20593], [-86.047731, 43.205955], [-86.027894, 43.206091], [-86.007869, 43.205751], [-85.987812, 43.205701], [-85.977723, 43.205693], [-85.94775, 43.205775], [-85.940499, 43.205802], [-85.932477, 43.205614], [-85.931036, 43.205648], [-85.926869, 43.205851], [-85.908388, 43.20592], [-85.9081, 43.196842], [-85.908058, 43.19553], [-85.907893, 43.191459], [-85.907858, 43.180117], [-85.907845, 43.178512], [-85.907824, 43.176946], [-85.907808, 43.162382], [-85.907796, 43.14798], [-85.907668, 43.137501], [-85.907619, 43.133375], [-85.907435, 43.118911], [-85.898168, 43.11888], [-85.888158, 43.118836], [-85.879034, 43.11881], [-85.868518, 43.118746], [-85.863281, 43.118698], [-85.853523, 43.118609], [-85.852415, 43.118602], [-85.848616, 43.118563], [-85.838789, 43.118448], [-85.828871, 43.118357], [-85.823579, 43.118276], [-85.818586, 43.118228], [-85.809057, 43.118153], [-85.808909, 43.11815], [-85.789224, 43.118034], [-85.768818, 43.117826], [-85.749847, 43.117652], [-85.749017, 43.117642], [-85.719995, 43.117215], [-85.719715, 43.11721], [-85.710072, 43.117049], [-85.709828, 43.117046], [-85.705801, 43.116991], [-85.705496, 43.116981], [-85.690136, 43.116776], [-85.68642, 43.116726], [-85.680193, 43.116652], [-85.670247, 43.116613], [-85.669438, 43.116613], [-85.659015, 43.116635], [-85.654039, 43.116641], [-85.650761, 43.11665], [-85.647093, 43.116674], [-85.645437, 43.116688], [-85.6385, 43.116744], [-85.637088, 43.116756], [-85.620787, 43.116876], [-85.617296, 43.116893], [-85.614502, 43.116904], [-85.61082, 43.116914], [-85.607006, 43.116949], [-85.606552, 43.116955], [-85.602783, 43.116988], [-85.585882, 43.11712], [-85.57817, 43.117195], [-85.578175, 43.119121], [-85.580913, 43.119089], [-85.580939, 43.130377], [-85.580003, 43.130382], [-85.580017, 43.13178], [-85.578248, 43.131804], [-85.575723, 43.131816], [-85.575702, 43.130677], [-85.574915, 43.130685], [-85.574936, 43.131821], [-85.57412, 43.131828], [-85.572903, 43.131838], [-85.57247, 43.128713], [-85.571101, 43.129054], [-85.569788, 43.129629], [-85.565839, 43.12966], [-85.565835, 43.130824], [-85.565845, 43.131879], [-85.565893, 43.139226], [-85.559153, 43.139192], [-85.558962, 43.139193], [-85.559776, 43.139778], [-85.560136, 43.140548], [-85.560837, 43.141001], [-85.561146, 43.141443], [-85.561057, 43.141792], [-85.560699, 43.142114], [-85.560672, 43.142509], [-85.560334, 43.142783], [-85.550745, 43.142815], [-85.550748, 43.143513], [-85.550752, 43.144301], [-85.550739, 43.146529], [-85.548797, 43.146529], [-85.547106, 43.146521], [-85.547069, 43.142864], [-85.546275, 43.142845], [-85.540506, 43.142835], [-85.540466, 43.141359], [-85.540284, 43.135879], [-85.54027, 43.135554], [-85.535741, 43.135493], [-85.535631, 43.131969], [-85.543451, 43.131951], [-85.545625, 43.128979], [-85.545933, 43.128686], [-85.547491, 43.128282], [-85.547478, 43.127591], [-85.545526, 43.127551], [-85.545546, 43.125635], [-85.545527, 43.124963], [-85.544896, 43.123048], [-85.544699, 43.122574], [-85.544245, 43.121759], [-85.542746, 43.120419], [-85.542592, 43.118083], [-85.545314, 43.117949], [-85.546241, 43.117944], [-85.546235, 43.117414], [-85.54598, 43.117414], [-85.545627, 43.117418], [-85.545353, 43.11742], [-85.544683, 43.11742], [-85.543397, 43.117424], [-85.542633, 43.117423], [-85.541013, 43.117431], [-85.533292, 43.117455], [-85.530942, 43.117862], [-85.511017, 43.117594], [-85.510695, 43.117567], [-85.500294, 43.117589], [-85.4904, 43.117516], [-85.483971, 43.117647], [-85.482439, 43.117684], [-85.4814, 43.1177], [-85.478101, 43.117734], [-85.471, 43.11778], [-85.470511, 43.117784], [-85.457975, 43.117883], [-85.441188, 43.117987], [-85.431187, 43.118031], [-85.431122, 43.109087], [-85.431102, 43.107873], [-85.431119, 43.103825], [-85.431123, 43.099544], [-85.431067, 43.094438], [-85.431021, 43.087172], [-85.43096, 43.072632], [-85.43097, 43.068968], [-85.430936, 43.065332], [-85.430882, 43.058063], [-85.43084, 43.050755], [-85.430837, 43.05018], [-85.430746, 43.043496], [-85.430835, 43.04164], [-85.430864, 43.038302], [-85.430866, 43.031386], [-85.430828, 43.028744], [-85.4307, 43.016448], [-85.430978, 43.006883], [-85.431002, 43.001852], [-85.430994, 42.998366], [-85.430913, 42.994626], [-85.430925, 42.991078], [-85.430935, 42.987273], [-85.430928, 42.98378], [-85.431026, 42.980047], [-85.430988, 42.976729], [-85.431013, 42.97278], [-85.431036, 42.970943], [-85.431102, 42.96744], [-85.431242, 42.958187], [-85.43149, 42.950919], [-85.431525, 42.949125], [-85.431489, 42.943656], [-85.431582, 42.938445], [-85.431333, 42.929315], [-85.431147, 42.924411], [-85.431144, 42.923874], [-85.431142, 42.923789], [-85.431129, 42.923454], [-85.430938, 42.920467], [-85.430913, 42.920187], [-85.430731, 42.91436], [-85.430268, 42.899851], [-85.429864, 42.88531], [-85.429662, 42.878518], [-85.429642, 42.878248], [-85.429585, 42.876736], [-85.429451, 42.870808], [-85.429426, 42.869342], [-85.429422, 42.869073], [-85.429412, 42.868599], [-85.429229, 42.863505], [-85.429032, 42.856294], [-85.443827, 42.856088], [-85.448019, 42.856054], [-85.458615, 42.855947], [-85.468595, 42.855767], [-85.47846, 42.855688], [-85.486725, 42.855513], [-85.487586, 42.8555], [-85.492074, 42.855426], [-85.498109, 42.855373], [-85.49968, 42.855342], [-85.503329, 42.855271], [-85.504134, 42.855263], [-85.508067, 42.855162], [-85.514829, 42.855037], [-85.51756, 42.854983], [-85.519908, 42.854941], [-85.52467, 42.854858], [-85.527795, 42.854798], [-85.541963, 42.854578], [-85.54239, 42.854563], [-85.545832, 42.85449], [-85.54579, 42.849992], [-85.545782, 42.849581], [-85.545689, 42.840622], [-85.545636, 42.826213], [-85.545596, 42.813307], [-85.545591, 42.811697], [-85.545561, 42.797149], [-85.545552, 42.782956], [-85.545563, 42.78263], [-85.545564, 42.768139], [-85.545524, 42.764938], [-85.545511, 42.760538], [-85.545575, 42.754019], [-85.545539, 42.746739], [-85.545529, 42.744499], [-85.545498, 42.739523], [-85.545428, 42.732278], [-85.545355, 42.725049], [-85.54529, 42.717795], [-85.545227, 42.710538], [-85.545224, 42.703268], [-85.545107, 42.681428], [-85.544894, 42.672838], [-85.544873, 42.671906], [-85.544754, 42.667163], [-85.54463, 42.660239], [-85.544488, 42.652785], [-85.544488, 42.652648], [-85.544417, 42.649142], [-85.544381, 42.645716], [-85.544384, 42.645402], [-85.544276, 42.638392], [-85.544159, 42.630868], [-85.54412, 42.628249], [-85.544072, 42.625048], [-85.544058, 42.624351], [-85.543995, 42.620394], [-85.543982, 42.618893], [-85.543958, 42.6166], [-85.543954, 42.616325], [-85.543925, 42.614063], [-85.543908, 42.613545], [-85.543902, 42.612032], [-85.543885, 42.611062], [-85.543882, 42.610667], [-85.543878, 42.610499], [-85.54386, 42.609355], [-85.543825, 42.607674], [-85.5438, 42.606722], [-85.543777, 42.605765], [-85.543775, 42.605681], [-85.543759, 42.604953], [-85.543664, 42.601061], [-85.543513, 42.594812], [-85.543437, 42.591674], [-85.543239, 42.590905], [-85.543234, 42.588627], [-85.543239, 42.587389], [-85.54324, 42.587298], [-85.543241, 42.587206], [-85.543185, 42.581371], [-85.543186, 42.577651], [-85.543185, 42.574089], [-85.543182, 42.567293], [-85.543189, 42.56683], [-85.543178, 42.566475], [-85.543123, 42.559707], [-85.54309, 42.556013], [-85.543059, 42.552317], [-85.543021, 42.540245], [-85.543013, 42.537842], [-85.543021, 42.536477], [-85.543036, 42.534177], [-85.543037, 42.533978], [-85.543026, 42.530737], [-85.543024, 42.530583], [-85.543102, 42.523462], [-85.543103, 42.523318], [-85.543107, 42.521458], [-85.543111, 42.519681], [-85.543121, 42.51464], [-85.543134, 42.508836], [-85.543112, 42.497762], [-85.543266, 42.494502], [-85.543214, 42.493084], [-85.543222, 42.491797], [-85.543302, 42.487035], [-85.543294, 42.479811], [-85.543391, 42.473658], [-85.543423, 42.471972], [-85.543435, 42.46529], [-85.543446, 42.452226], [-85.543453, 42.450618], [-85.543447, 42.449485], [-85.543438, 42.4475], [-85.543417, 42.443671], [-85.543433, 42.436173], [-85.543442, 42.434092], [-85.543447, 42.433246], [-85.543424, 42.430335], [-85.543421, 42.429046], [-85.54344, 42.428353], [-85.543191, 42.421433], [-85.532498, 42.421522], [-85.532212, 42.421521], [-85.52942, 42.421517], [-85.528473, 42.421515], [-85.526912, 42.421512], [-85.525658, 42.421509], [-85.525328, 42.421508], [-85.503848, 42.421335], [-85.494104, 42.421121], [-85.482251, 42.421032], [-85.464756, 42.420843], [-85.454913, 42.420743], [-85.43896, 42.42042], [-85.435627, 42.420349], [-85.425166, 42.420197], [-85.418099, 42.420194], [-85.415477, 42.42016], [-85.395846, 42.420013], [-85.390222, 42.419958], [-85.377904, 42.419835], [-85.376477, 42.419828], [-85.363843, 42.419758], [-85.360624, 42.419736], [-85.351578, 42.419722], [-85.344223, 42.419734], [-85.338369, 42.419728], [-85.33702, 42.419726], [-85.333155, 42.419736], [-85.333038, 42.419736], [-85.329881, 42.419731], [-85.329052, 42.419732], [-85.322399, 42.419772], [-85.316015, 42.419786], [-85.308409, 42.419832], [-85.300856, 42.419853], [-85.298879, 42.419849], [-85.288071, 42.419922], [-85.281561, 42.419958], [-85.277945, 42.419978], [-85.261098, 42.420143], [-85.259048, 42.420165], [-85.249699, 42.420174], [-85.248658, 42.420181], [-85.242301, 42.420242], [-85.238037, 42.420303], [-85.228952, 42.420424], [-85.211668, 42.420548], [-85.209299, 42.420567], [-85.208838, 42.420568], [-85.195632, 42.42062], [-85.194377, 42.420621], [-85.194113, 42.420619], [-85.193715, 42.420618], [-85.19169, 42.420601], [-85.189938, 42.420598], [-85.181758, 42.42067], [-85.18173, 42.42067], [-85.180138, 42.42068], [-85.170033, 42.420747], [-85.162881, 42.420771], [-85.160811, 42.42079], [-85.155094, 42.420835], [-85.14293, 42.420841], [-85.133129, 42.420937], [-85.128358, 42.420941], [-85.12642, 42.42097], [-85.12354, 42.420936], [-85.099071, 42.4211], [-85.096404, 42.421141], [-85.081119, 42.42135], [-85.071609, 42.421428], [-85.071915, 42.430976], [-85.072087, 42.436], [-85.072314, 42.444459], [-85.072475, 42.450499], [-85.072795, 42.464998], [-85.072963, 42.472323], [-85.073153, 42.479518], [-85.073139, 42.480321], [-85.073326, 42.485149], [-85.073329, 42.486775], [-85.073317, 42.486966], [-85.073482, 42.494041], [-85.073813, 42.509173], [-85.053294, 42.50922], [-85.04805, 42.509226], [-85.033248, 42.509311], [-85.029701, 42.509332], [-85.014918, 42.509435], [-85.013567, 42.512465], [-85.013691, 42.52396], [-85.013826, 42.538452], [-85.013867, 42.546558], [-85.013869, 42.546967], [-85.013952, 42.552903], [-85.014116, 42.567268], [-85.014176, 42.571474], [-85.014305, 42.577797], [-85.01434, 42.581755], [-85.00536, 42.581849], [-84.995055, 42.581733], [-84.987065, 42.581841], [-84.975019, 42.581891], [-84.975141, 42.589214], [-84.975453, 42.597035], [-84.964087, 42.59712], [-84.955799, 42.597184], [-84.955882, 42.611741], [-84.955977, 42.626357], [-84.956049, 42.635681], [-84.95603, 42.640789], [-84.956133, 42.655392], [-84.956071, 42.662205], [-84.956238, 42.673519], [-84.956216, 42.674304], [-84.956102, 42.682907], [-84.956109, 42.683077], [-84.956087, 42.690338], [-84.956069, 42.690753], [-84.956055, 42.697661], [-84.95604, 42.712163], [-84.956036, 42.719393], [-84.956, 42.726658], [-84.955973, 42.729977], [-84.955892, 42.741147], [-84.9559, 42.74848], [-84.955604, 42.755651], [-84.955734, 42.762991], [-84.955866, 42.76907], [-84.95583, 42.77046], [-84.951271, 42.77046], [-84.935226, 42.770457], [-84.932127, 42.770466], [-84.930836, 42.770471], [-84.916167, 42.770471], [-84.906241, 42.770473], [-84.896186, 42.770495], [-84.891505, 42.770504], [-84.889888, 42.770504], [-84.886425, 42.770504], [-84.876356, 42.770504], [-84.856713, 42.770505], [-84.837085, 42.770479], [-84.837084, 42.774395], [-84.83707, 42.776568], [-84.837074, 42.777775], [-84.837112, 42.78495], [-84.837075, 42.795713], [-84.837093, 42.799533], [-84.837094, 42.80007], [-84.837094, 42.800312], [-84.837095, 42.800593], [-84.837096, 42.801226], [-84.837094, 42.802152], [-84.837102, 42.813902], [-84.837121, 42.81754], [-84.837077, 42.821108], [-84.837113, 42.824185], [-84.837115, 42.826458], [-84.837101, 42.827011], [-84.837111, 42.827319], [-84.837112, 42.828465], [-84.837175, 42.842867], [-84.837166, 42.849959], [-84.837166, 42.850242], [-84.837206, 42.857185], [-84.837253, 42.864587], [-84.837265, 42.871632], [-84.837273, 42.878662], [-84.837321, 42.886113], [-84.837416, 42.900606], [-84.837437, 42.915104], [-84.837469, 42.920192], [-84.837544, 42.929556], [-84.837615, 42.936748], [-84.837628, 42.943751], [-84.837569, 42.95833], [-84.837513, 42.969298], [-84.837504, 42.972943], [-84.837506, 42.977898], [-84.837508, 42.983696], [-84.837509, 42.984248], [-84.837528, 42.989021], [-84.837573, 42.994664], [-84.837423, 43.001484], [-84.837496, 43.001708], [-84.837486, 43.0022], [-84.837594, 43.009381], [-84.837579, 43.01268], [-84.83756, 43.016628], [-84.837467, 43.028877], [-84.83762, 43.032641], [-84.837372, 43.033013], [-84.83729, 43.047015], [-84.837291, 43.056512], [-84.837273, 43.057862], [-84.83727, 43.058305], [-84.837202, 43.067466], [-84.837181, 43.068367], [-84.837106, 43.076062], [-84.837051, 43.083365], [-84.837012, 43.090053], [-84.836997, 43.090642], [-84.837011, 43.0955], [-84.836981, 43.096695], [-84.836962, 43.097876], [-84.836939, 43.100657], [-84.836922, 43.10523], [-84.836889, 43.118851], [-84.818594, 43.11872], [-84.818362, 43.118723], [-84.798879, 43.118592], [-84.798549, 43.118593], [-84.783997, 43.118491], [-84.783163, 43.118486], [-84.778731, 43.118468], [-84.758927, 43.11838], [-84.739164, 43.11825], [-84.726119, 43.118177], [-84.719321, 43.118115]]]]}}, {"type": "Feature", "properties": {"id": 3, "NAME": "3", "text-color": "#000000", "text-size": 16, "TotalPop": 775414, "PopDevPct": 0.00030385, "DemPct": 0.53274066, "RepPct": 0.44780709, "WhitePct": 0.73997402, "MinorityPct": 0.26002598, "BlackPct": 0.11718509, "HispanicPct": 0.08810809, "PacificPct": 0.00113483, "AsianPct": 0.03505744, "NativePct": 0.02111648, "TotalVAP": 597448, "Margin": 0.03274066, "color": "#88ff6e", "opacity": "0.5", "year": 2022, "state": "MI", "state-district": "MI-03"}, "geometry": {"type": "MultiPolygon", "coordinates": [[[[-85.789224, 43.118034], [-85.808909, 43.11815], [-85.809057, 43.118153], [-85.818586, 43.118228], [-85.823579, 43.118276], [-85.828871, 43.118357], [-85.838789, 43.118448], [-85.848616, 43.118563], [-85.852415, 43.118602], [-85.853523, 43.118609], [-85.863281, 43.118698], [-85.868518, 43.118746], [-85.879034, 43.11881], [-85.888158, 43.118836], [-85.898168, 43.11888], [-85.907435, 43.118911], [-85.907619, 43.133375], [-85.907668, 43.137501], [-85.907796, 43.14798], [-85.907808, 43.162382], [-85.907824, 43.176946], [-85.907845, 43.178512], [-85.907858, 43.180117], [-85.907893, 43.191459], [-85.908058, 43.19553], [-85.9081, 43.196842], [-85.908388, 43.20592], [-85.926869, 43.205851], [-85.931036, 43.205648], [-85.932477, 43.205614], [-85.940499, 43.205802], [-85.94775, 43.205775], [-85.977723, 43.205693], [-85.987812, 43.205701], [-86.007869, 43.205751], [-86.027894, 43.206091], [-86.047731, 43.205955], [-86.052671, 43.20593], [-86.067427, 43.205857], [-86.076961, 43.205756], [-86.086697, 43.205673], [-86.101127, 43.205713], [-86.106744, 43.20572], [-86.111784, 43.205649], [-86.119233, 43.205545], [-86.144913, 43.20516], [-86.144867, 43.212438], [-86.14486, 43.214285], [-86.144819, 43.216165], [-86.144817, 43.216693], [-86.144774, 43.219813], [-86.144668, 43.223663], [-86.144389, 43.234346], [-86.154385, 43.234279], [-86.164311, 43.234236], [-86.164319, 43.237809], [-86.165923, 43.237815], [-86.168017, 43.237857], [-86.168167, 43.239095], [-86.174157, 43.23913], [-86.176018, 43.239129], [-86.177857, 43.239915], [-86.179107, 43.239882], [-86.179106, 43.240498], [-86.179067, 43.24146], [-86.17903, 43.243262], [-86.179006, 43.245096], [-86.18389, 43.245086], [-86.186393, 43.245089], [-86.189251, 43.245109], [-86.189216, 43.247547], [-86.189143, 43.251204], [-86.19381, 43.251241], [-86.193804, 43.251471], [-86.193782, 43.252397], [-86.198936, 43.25239], [-86.203677, 43.252378], [-86.204188, 43.252376], [-86.20368, 43.260694], [-86.203538, 43.262615], [-86.205698, 43.262589], [-86.205684, 43.262688], [-86.205668, 43.262793], [-86.20565, 43.262916], [-86.204143, 43.271668], [-86.204068, 43.272103], [-86.204626, 43.271955], [-86.205048, 43.271652], [-86.205261, 43.271251], [-86.206007, 43.270279], [-86.20668, 43.270162], [-86.207305, 43.270247], [-86.208021, 43.270999], [-86.208691, 43.271286], [-86.209401, 43.271209], [-86.210651, 43.269957], [-86.211028, 43.268781], [-86.211883, 43.267821], [-86.2127, 43.267919], [-86.213519, 43.268299], [-86.214688, 43.269289], [-86.214659, 43.270095], [-86.214764, 43.27064], [-86.215037, 43.271036], [-86.215546, 43.271308], [-86.216123, 43.271369], [-86.216901, 43.271777], [-86.218391, 43.272202], [-86.219331, 43.272175], [-86.221298, 43.270865], [-86.222, 43.27064], [-86.223384, 43.270484], [-86.224554, 43.270519], [-86.225069, 43.270763], [-86.226059, 43.270707], [-86.227067, 43.269915], [-86.227984, 43.268545], [-86.228523, 43.26811], [-86.228516, 43.268711], [-86.228513, 43.268957], [-86.228743, 43.268949], [-86.233457, 43.269006], [-86.23346, 43.26858], [-86.233461, 43.268451], [-86.233461, 43.268432], [-86.233464, 43.26814], [-86.234101, 43.268177], [-86.234524, 43.267665], [-86.234977, 43.266523], [-86.235608, 43.265939], [-86.235954, 43.265786], [-86.237004, 43.265859], [-86.237898, 43.266123], [-86.238634, 43.265901], [-86.238633, 43.266161], [-86.242221, 43.264479], [-86.244866, 43.263659], [-86.245942, 43.263674], [-86.246669, 43.263684], [-86.246164, 43.262927], [-86.246006, 43.262693], [-86.246774, 43.262191], [-86.2491, 43.259991], [-86.249447, 43.26028], [-86.251158, 43.260797], [-86.251377, 43.262137], [-86.252245, 43.262874], [-86.251776, 43.263598], [-86.253637, 43.263568], [-86.253819, 43.262636], [-86.256719, 43.262039], [-86.257478, 43.261276], [-86.256429, 43.259925], [-86.254845, 43.259517], [-86.257117, 43.258372], [-86.25937, 43.259088], [-86.260834, 43.258958], [-86.264319, 43.2577], [-86.267444, 43.254952], [-86.268695, 43.252165], [-86.269744, 43.253556], [-86.2706, 43.252949], [-86.269878, 43.252312], [-86.271226, 43.251357], [-86.273077, 43.250012], [-86.273626, 43.250329], [-86.271669, 43.251732], [-86.272672, 43.252585], [-86.273936, 43.251697], [-86.275194, 43.250832], [-86.27698, 43.24955], [-86.277877, 43.250247], [-86.278789, 43.250929], [-86.279683, 43.251616], [-86.277875, 43.25291], [-86.279359, 43.253591], [-86.283279, 43.255329], [-86.29139, 43.251033], [-86.2922, 43.249706], [-86.294311, 43.249719], [-86.298585, 43.249783], [-86.301577, 43.249828], [-86.302752, 43.249851], [-86.309648, 43.249751], [-86.311247, 43.249436], [-86.312236, 43.249417], [-86.312395, 43.249401], [-86.313627, 43.249117], [-86.315499, 43.248661], [-86.318419, 43.248343], [-86.322347, 43.248992], [-86.331139, 43.251133], [-86.332702, 43.250575], [-86.333809, 43.248633], [-86.334999, 43.247888], [-86.337998, 43.248207], [-86.342623, 43.247658], [-86.348082, 43.244867], [-86.349126, 43.246889], [-86.347852, 43.248696], [-86.347699, 43.250628], [-86.348395, 43.251971], [-86.35073, 43.252943], [-86.3516, 43.253898], [-86.349834, 43.255313], [-86.351026, 43.256285], [-86.353148, 43.256677], [-86.3544, 43.260196], [-86.355846, 43.261924], [-86.358506, 43.264385], [-86.361474, 43.264343], [-86.358368, 43.259637], [-86.355844, 43.255093], [-86.352851, 43.251338], [-86.348774, 43.244569], [-86.346929, 43.242669], [-86.345358, 43.240192], [-86.3437, 43.235757], [-86.343509, 43.235072], [-86.34229, 43.231328], [-86.343246, 43.230638], [-86.340316, 43.228487], [-86.341739, 43.227486], [-86.340233, 43.228129], [-86.339926, 43.227452], [-86.341668, 43.226733], [-86.341661, 43.22665], [-86.339939, 43.227289], [-86.338859, 43.225841], [-86.338772, 43.223758], [-86.342011, 43.222893], [-86.337616, 43.223953], [-86.334923, 43.222265], [-86.332543, 43.219791], [-86.330656, 43.216325], [-86.329138, 43.215326], [-86.328135, 43.213549], [-86.326153, 43.211071], [-86.323037, 43.206079], [-86.321104, 43.203399], [-86.320564, 43.202537], [-86.319664, 43.201449], [-86.316768, 43.196309], [-86.312792, 43.189776], [-86.311436, 43.186965], [-86.310718, 43.186638], [-86.308608, 43.183022], [-86.306345, 43.180181], [-86.304733, 43.177555], [-86.303163, 43.174292], [-86.29862, 43.166548], [-86.295319, 43.160698], [-86.293704, 43.158721], [-86.290815, 43.153058], [-86.287647, 43.147719], [-86.285149, 43.143173], [-86.281747, 43.136337], [-86.280015, 43.133619], [-86.276838, 43.127559], [-86.275196, 43.123827], [-86.272783, 43.120103], [-86.271915, 43.118365], [-86.287099, 43.118249], [-86.296904, 43.118399], [-86.366794, 43.11851], [-86.375058, 43.118572], [-86.375058, 43.119056], [-86.437799, 43.11904], [-86.500061, 43.119024], [-86.500061, 43.117912], [-86.625063, 43.118875], [-86.875066, 43.117694], [-87.000068, 43.117297], [-87.000068, 43.118194], [-87.107669, 43.118243], [-87.091881, 43.000014], [-87.077477, 42.899883], [-87.073901, 42.875016], [-87.069693, 42.844107], [-87.064527, 42.806861], [-87.058716, 42.765202], [-87.000057, 42.766534], [-86.875054, 42.766934], [-86.750052, 42.766648], [-86.62505, 42.766637], [-86.500048, 42.767226], [-86.375045, 42.767095], [-86.250043, 42.767269], [-86.227172, 42.767442], [-86.209217, 42.767536], [-86.210248, 42.771329], [-86.211882, 42.772741], [-86.212245, 42.772966], [-86.212811, 42.773317], [-86.211185, 42.776045], [-86.211269, 42.778058], [-86.210774, 42.782038], [-86.210699, 42.788091], [-86.210388, 42.79012], [-86.210588, 42.795687], [-86.211189, 42.80107], [-86.210974, 42.804137], [-86.210992, 42.812736], [-86.211374, 42.821378], [-86.211608, 42.824215], [-86.21178, 42.83134], [-86.211523, 42.835293], [-86.21102, 42.839015], [-86.211187, 42.842011], [-86.210951, 42.844237], [-86.211135, 42.849443], [-86.21064, 42.853869], [-86.210667, 42.855474], [-86.210501, 42.856695], [-86.210799, 42.862759], [-86.211828, 42.869504], [-86.212523, 42.871164], [-86.213272, 42.87502], [-86.213981, 42.878248], [-86.214084, 42.883563], [-86.214343, 42.884521], [-86.213985, 42.888917], [-86.214004, 42.892559], [-86.214367, 42.8959], [-86.215278, 42.899032], [-86.215668, 42.900506], [-86.215662, 42.901462], [-86.215667, 42.902162], [-86.215837, 42.904111], [-86.215428, 42.90575], [-86.215429, 42.912512], [-86.215665, 42.913695], [-86.216453, 42.922241], [-86.217416, 42.927904], [-86.218272, 42.936564], [-86.219237, 42.942622], [-86.219296, 42.942987], [-86.212489, 42.942975], [-86.212483, 42.942847], [-86.205809, 42.942903], [-86.202469, 42.942894], [-86.182739, 42.94296], [-86.182561, 42.942968], [-86.17281, 42.943017], [-86.162239, 42.943071], [-86.161894, 42.943064], [-86.161385, 42.943061], [-86.14803, 42.943075], [-86.143148, 42.943075], [-86.122248, 42.9431], [-86.121502, 42.943101], [-86.114452, 42.943034], [-86.111633, 42.943014], [-86.102006, 42.942927], [-86.101734, 42.942923], [-86.086313, 42.942826], [-86.082017, 42.9428], [-86.065854, 42.942701], [-86.062514, 42.942683], [-86.062369, 42.942683], [-86.057472, 42.942657], [-86.056886, 42.942654], [-86.052929, 42.942636], [-86.042982, 42.942592], [-86.042657, 42.942586], [-86.022908, 42.942654], [-86.012187, 42.942732], [-86.007164, 42.942782], [-86.005003, 42.942787], [-86.002378, 42.942805], [-85.992358, 42.942866], [-85.982497, 42.942923], [-85.97258, 42.943019], [-85.962791, 42.9431], [-85.95284, 42.943159], [-85.942998, 42.943226], [-85.932698, 42.943283], [-85.923186, 42.943294], [-85.921689, 42.943292], [-85.913359, 42.943283], [-85.910836, 42.943281], [-85.903448, 42.943282], [-85.903509, 42.945657], [-85.90356, 42.946932], [-85.903568, 42.947125], [-85.903573, 42.947394], [-85.903641, 42.950466], [-85.893815, 42.950556], [-85.892435, 42.95057], [-85.892457, 42.95106], [-85.893089, 42.951181], [-85.893084, 42.952816], [-85.89233, 42.952879], [-85.892294, 42.95336], [-85.89276, 42.956668], [-85.892819, 42.957757], [-85.888989, 42.957798], [-85.887836, 42.957833], [-85.88346, 42.957872], [-85.876831, 42.957933], [-85.876107, 42.95792], [-85.875889, 42.957078], [-85.875207, 42.955307], [-85.874684, 42.954243], [-85.874165, 42.953501], [-85.873412, 42.952722], [-85.872009, 42.951477], [-85.870995, 42.950771], [-85.868721, 42.949505], [-85.868027, 42.948994], [-85.865112, 42.947201], [-85.863571, 42.946449], [-85.863559, 42.945817], [-85.860726, 42.94486], [-85.858535, 42.944542], [-85.85369, 42.944646], [-85.853315, 42.944121], [-85.849987, 42.944034], [-85.849943, 42.942295], [-85.850601, 42.941927], [-85.849959, 42.940194], [-85.846766, 42.939434], [-85.846318, 42.938807], [-85.842766, 42.938085], [-85.842494, 42.936218], [-85.840099, 42.936208], [-85.833275, 42.936187], [-85.832021, 42.936122], [-85.827929, 42.933298], [-85.826873, 42.932528], [-85.82602, 42.931905], [-85.825145, 42.931265], [-85.824105, 42.930515], [-85.821771, 42.928841], [-85.821021, 42.928304], [-85.818162, 42.926253], [-85.816398, 42.924972], [-85.815241, 42.924125], [-85.811807, 42.921689], [-85.810693, 42.920869], [-85.809719, 42.920175], [-85.808765, 42.91949], [-85.808469, 42.919273], [-85.807786, 42.918788], [-85.806865, 42.918118], [-85.805884, 42.917425], [-85.804986, 42.916759], [-85.804536, 42.916457], [-85.800733, 42.913719], [-85.799821, 42.913067], [-85.797527, 42.911394], [-85.792612, 42.911471], [-85.78904, 42.913607], [-85.782177, 42.911323], [-85.782175, 42.911091], [-85.782173, 42.910913], [-85.782172, 42.910851], [-85.782172, 42.910806], [-85.782172, 42.910789], [-85.782172, 42.910702], [-85.782158, 42.909162], [-85.782157, 42.909071], [-85.782156, 42.908898], [-85.782156, 42.908883], [-85.782154, 42.908695], [-85.782139, 42.906752], [-85.782133, 42.90633], [-85.782132, 42.906175], [-85.782128, 42.905777], [-85.782126, 42.905507], [-85.782118, 42.904497], [-85.78207, 42.902183], [-85.78207, 42.89979], [-85.782215, 42.891737], [-85.782229, 42.890553], [-85.782242, 42.88901], [-85.782245, 42.888499], [-85.782251, 42.887217], [-85.782262, 42.885229], [-85.782267, 42.881375], [-85.782271, 42.879922], [-85.782276, 42.877418], [-85.78228, 42.877075], [-85.782254, 42.875706], [-85.782245, 42.873088], [-85.782166, 42.863522], [-85.782106, 42.856296], [-85.782179, 42.853381], [-85.782337, 42.84841], [-85.782385, 42.846166], [-85.78239, 42.845846], [-85.782472, 42.840927], [-85.782725, 42.827076], [-85.782736, 42.826784], [-85.782852, 42.815809], [-85.782832, 42.812157], [-85.782865, 42.804758], [-85.782805, 42.797389], [-85.782799, 42.791656], [-85.782724, 42.782843], [-85.782579, 42.775541], [-85.782498, 42.7682], [-85.781651, 42.768203], [-85.763453, 42.768254], [-85.761921, 42.768257], [-85.752028, 42.768263], [-85.742214, 42.768277], [-85.741511, 42.76827], [-85.732857, 42.76826], [-85.732348, 42.768253], [-85.727213, 42.768252], [-85.722473, 42.76825], [-85.719615, 42.76824], [-85.712659, 42.768237], [-85.705698, 42.768234], [-85.702788, 42.768234], [-85.684187, 42.76819], [-85.682989, 42.768186], [-85.676727, 42.768153], [-85.672006, 42.768129], [-85.671787, 42.768128], [-85.668626, 42.768113], [-85.663296, 42.768099], [-85.644291, 42.768224], [-85.63429, 42.768206], [-85.625465, 42.768192], [-85.62479, 42.768191], [-85.614614, 42.768216], [-85.604991, 42.768257], [-85.585284, 42.768219], [-85.565291, 42.768211], [-85.55384, 42.768172], [-85.545564, 42.768139], [-85.545563, 42.78263], [-85.545552, 42.782956], [-85.545561, 42.797149], [-85.545591, 42.811697], [-85.545596, 42.813307], [-85.545636, 42.826213], [-85.545689, 42.840622], [-85.545782, 42.849581], [-85.54579, 42.849992], [-85.545832, 42.85449], [-85.54239, 42.854563], [-85.541963, 42.854578], [-85.527795, 42.854798], [-85.52467, 42.854858], [-85.519908, 42.854941], [-85.51756, 42.854983], [-85.514829, 42.855037], [-85.508067, 42.855162], [-85.504134, 42.855263], [-85.503329, 42.855271], [-85.49968, 42.855342], [-85.498109, 42.855373], [-85.492074, 42.855426], [-85.487586, 42.8555], [-85.486725, 42.855513], [-85.47846, 42.855688], [-85.468595, 42.855767], [-85.458615, 42.855947], [-85.448019, 42.856054], [-85.443827, 42.856088], [-85.429032, 42.856294], [-85.429229, 42.863505], [-85.429412, 42.868599], [-85.429422, 42.869073], [-85.429426, 42.869342], [-85.429451, 42.870808], [-85.429585, 42.876736], [-85.429642, 42.878248], [-85.429662, 42.878518], [-85.429864, 42.88531], [-85.430268, 42.899851], [-85.430731, 42.91436], [-85.430913, 42.920187], [-85.430938, 42.920467], [-85.431129, 42.923454], [-85.431142, 42.923789], [-85.431144, 42.923874], [-85.431147, 42.924411], [-85.431333, 42.929315], [-85.431582, 42.938445], [-85.431489, 42.943656], [-85.431525, 42.949125], [-85.43149, 42.950919], [-85.431242, 42.958187], [-85.431102, 42.96744], [-85.431036, 42.970943], [-85.431013, 42.97278], [-85.430988, 42.976729], [-85.431026, 42.980047], [-85.430928, 42.98378], [-85.430935, 42.987273], [-85.430925, 42.991078], [-85.430913, 42.994626], [-85.430994, 42.998366], [-85.431002, 43.001852], [-85.430978, 43.006883], [-85.4307, 43.016448], [-85.430828, 43.028744], [-85.430866, 43.031386], [-85.430864, 43.038302], [-85.430835, 43.04164], [-85.430746, 43.043496], [-85.430837, 43.05018], [-85.43084, 43.050755], [-85.430882, 43.058063], [-85.430936, 43.065332], [-85.43097, 43.068968], [-85.43096, 43.072632], [-85.431021, 43.087172], [-85.431067, 43.094438], [-85.431123, 43.099544], [-85.431119, 43.103825], [-85.431102, 43.107873], [-85.431122, 43.109087], [-85.431187, 43.118031], [-85.441188, 43.117987], [-85.457975, 43.117883], [-85.470511, 43.117784], [-85.471, 43.11778], [-85.478101, 43.117734], [-85.4814, 43.1177], [-85.482439, 43.117684], [-85.483971, 43.117647], [-85.4904, 43.117516], [-85.500294, 43.117589], [-85.510695, 43.117567], [-85.511017, 43.117594], [-85.530942, 43.117862], [-85.533292, 43.117455], [-85.541013, 43.117431], [-85.542633, 43.117423], [-85.543397, 43.117424], [-85.544683, 43.11742], [-85.545353, 43.11742], [-85.545627, 43.117418], [-85.54598, 43.117414], [-85.546235, 43.117414], [-85.546241, 43.117944], [-85.545314, 43.117949], [-85.542592, 43.118083], [-85.542746, 43.120419], [-85.544245, 43.121759], [-85.544699, 43.122574], [-85.544896, 43.123048], [-85.545527, 43.124963], [-85.545546, 43.125635], [-85.545526, 43.127551], [-85.547478, 43.127591], [-85.547491, 43.128282], [-85.545933, 43.128686], [-85.545625, 43.128979], [-85.543451, 43.131951], [-85.535631, 43.131969], [-85.535741, 43.135493], [-85.54027, 43.135554], [-85.540284, 43.135879], [-85.540466, 43.141359], [-85.540506, 43.142835], [-85.546275, 43.142845], [-85.547069, 43.142864], [-85.547106, 43.146521], [-85.548797, 43.146529], [-85.550739, 43.146529], [-85.550752, 43.144301], [-85.550748, 43.143513], [-85.550745, 43.142815], [-85.560334, 43.142783], [-85.560672, 43.142509], [-85.560699, 43.142114], [-85.561057, 43.141792], [-85.561146, 43.141443], [-85.560837, 43.141001], [-85.560136, 43.140548], [-85.559776, 43.139778], [-85.558962, 43.139193], [-85.559153, 43.139192], [-85.565893, 43.139226], [-85.565845, 43.131879], [-85.565835, 43.130824], [-85.565839, 43.12966], [-85.569788, 43.129629], [-85.571101, 43.129054], [-85.57247, 43.128713], [-85.572903, 43.131838], [-85.57412, 43.131828], [-85.574936, 43.131821], [-85.574915, 43.130685], [-85.575702, 43.130677], [-85.575723, 43.131816], [-85.578248, 43.131804], [-85.580017, 43.13178], [-85.580003, 43.130382], [-85.580939, 43.130377], [-85.580913, 43.119089], [-85.578175, 43.119121], [-85.57817, 43.117195], [-85.585882, 43.11712], [-85.602783, 43.116988], [-85.606552, 43.116955], [-85.607006, 43.116949], [-85.61082, 43.116914], [-85.614502, 43.116904], [-85.617296, 43.116893], [-85.620787, 43.116876], [-85.637088, 43.116756], [-85.6385, 43.116744], [-85.645437, 43.116688], [-85.647093, 43.116674], [-85.650761, 43.11665], [-85.654039, 43.116641], [-85.659015, 43.116635], [-85.669438, 43.116613], [-85.670247, 43.116613], [-85.680193, 43.116652], [-85.68642, 43.116726], [-85.690136, 43.116776], [-85.705496, 43.116981], [-85.705801, 43.116991], [-85.709828, 43.117046], [-85.710072, 43.117049], [-85.719715, 43.11721], [-85.719995, 43.117215], [-85.749017, 43.117642], [-85.749847, 43.117652], [-85.768818, 43.117826], [-85.789224, 43.118034]]]]}}, {"type": "Feature", "properties": {"id": 4, "NAME": "4", "text-color": "#000000", "text-size": 16, "TotalPop": 774600, "PopDevPct": -0.00074623, "DemPct": 0.47110977, "RepPct": 0.51054016, "WhitePct": 0.78416491, "MinorityPct": 0.21583509, "BlackPct": 0.089814, "HispanicPct": 0.07047639, "PacificPct": 0.00108086, "AsianPct": 0.02945088, "NativePct": 0.02337821, "TotalVAP": 593972, "Margin": -0.02889023, "color": "#009aff", "opacity": "0.5", "year": 2022, "state": "MI", "state-district": "MI-04"}, "geometry": {"type": "MultiPolygon", "coordinates": [[[[-87.058716, 42.765202], [-87.056352, 42.750018], [-87.055587, 42.744718], [-87.043899, 42.663729], [-87.038404, 42.625021], [-87.036742, 42.612868], [-87.025669, 42.531934], [-87.021802, 42.503671], [-87.021303, 42.500024], [-87.020433, 42.500032], [-87.019863, 42.493763], [-87.021158, 42.48891], [-87.040046, 42.416993], [-87.049206, 42.384557], [-87.051814, 42.375026], [-87.068039, 42.314346], [-87.08463, 42.250029], [-87.088338, 42.235334], [-87.000041, 42.235453], [-87.000041, 42.240392], [-86.875355, 42.241081], [-86.750678, 42.241693], [-86.625989, 42.242483], [-86.501313, 42.24286], [-86.500015, 42.242853], [-86.374919, 42.242964], [-86.369672, 42.243051], [-86.368774, 42.243067], [-86.364599, 42.243138], [-86.367806, 42.239167], [-86.36942, 42.236632], [-86.372955, 42.232085], [-86.374543, 42.230498], [-86.378684, 42.225103], [-86.380361, 42.223496], [-86.384026, 42.218813], [-86.388168, 42.213752], [-86.394673, 42.206895], [-86.395854, 42.205311], [-86.398127, 42.203155], [-86.404275, 42.19621], [-86.405302, 42.194932], [-86.410156, 42.190217], [-86.413524, 42.186528], [-86.416231, 42.183586], [-86.41856, 42.181088], [-86.422034, 42.177947], [-86.426805, 42.172847], [-86.430499, 42.16931], [-86.437304, 42.163335], [-86.439692, 42.160997], [-86.442633, 42.157696], [-86.442774, 42.157544], [-86.454203, 42.145795], [-86.456523, 42.143836], [-86.45877, 42.141354], [-86.463205, 42.137205], [-86.4666, 42.134299], [-86.468743, 42.131988], [-86.470288, 42.130758], [-86.477448, 42.12447], [-86.478844, 42.123234], [-86.481394, 42.127123], [-86.481747, 42.126782], [-86.498131, 42.117372], [-86.499646, 42.115719], [-86.501518, 42.084589], [-86.505945, 42.085282], [-86.51045, 42.084848], [-86.509202, 42.075564], [-86.508807, 42.072618], [-86.511529, 42.068793], [-86.511322, 42.068629], [-86.512786, 42.066139], [-86.512707, 42.065589], [-86.515736, 42.061426], [-86.516895, 42.059093], [-86.521002, 42.053569], [-86.521435, 42.052565], [-86.523188, 42.050732], [-86.529567, 42.050734], [-86.533071, 42.045943], [-86.533228, 42.03572], [-86.531055, 42.038615], [-86.523857, 42.038385], [-86.523902, 42.0434], [-86.520598, 42.043415], [-86.519453, 42.043418], [-86.518866, 42.043406], [-86.518839, 42.043404], [-86.518795, 42.043405], [-86.518098, 42.043424], [-86.517522, 42.043426], [-86.515199, 42.043422], [-86.514155, 42.043419], [-86.514184, 42.046519], [-86.514187, 42.047195], [-86.514189, 42.050685], [-86.512851, 42.050638], [-86.509248, 42.050664], [-86.505462, 42.050659], [-86.502366, 42.050664], [-86.49969, 42.050655], [-86.499102, 42.050647], [-86.496043, 42.050644], [-86.494816, 42.050631], [-86.489847, 42.050657], [-86.489426, 42.050644], [-86.485025, 42.050709], [-86.482035, 42.050723], [-86.478646, 42.050739], [-86.477279, 42.050746], [-86.475281, 42.050755], [-86.469791, 42.050796], [-86.46857, 42.050796], [-86.467365, 42.050797], [-86.466122, 42.050805], [-86.465601, 42.050801], [-86.455822, 42.050866], [-86.455829, 42.056917], [-86.454131, 42.055055], [-86.452169, 42.056057], [-86.451049, 42.056205], [-86.45069, 42.057236], [-86.449678, 42.057626], [-86.447038, 42.057276], [-86.445769, 42.056284], [-86.443216, 42.054603], [-86.436987, 42.054607], [-86.436485, 42.053674], [-86.435163, 42.054217], [-86.435076, 42.056488], [-86.437311, 42.057647], [-86.43834, 42.057606], [-86.43858, 42.058115], [-86.436427, 42.058737], [-86.43642, 42.059451], [-86.436419, 42.06039], [-86.436472, 42.065923], [-86.436458, 42.06713], [-86.436468, 42.068186], [-86.43647, 42.068479], [-86.436493, 42.070368], [-86.436487, 42.072587], [-86.433151, 42.072538], [-86.430841, 42.072538], [-86.428363, 42.072548], [-86.427808, 42.072547], [-86.426604, 42.072462], [-86.417012, 42.072497], [-86.404274, 42.072442], [-86.402418, 42.072453], [-86.399995, 42.07245], [-86.397598, 42.072447], [-86.387873, 42.072427], [-86.373041, 42.072362], [-86.372526, 42.07236], [-86.368506, 42.07236], [-86.358796, 42.072338], [-86.349322, 42.072272], [-86.344286, 42.072306], [-86.339397, 42.072273], [-86.320061, 42.072174], [-86.310239, 42.07209], [-86.300598, 42.072004], [-86.295595, 42.072039], [-86.285993, 42.071992], [-86.2808, 42.071952], [-86.276497, 42.071884], [-86.26765, 42.071846], [-86.26175, 42.071823], [-86.256664, 42.071767], [-86.25398, 42.071732], [-86.246737, 42.071683], [-86.239831, 42.071606], [-86.23844, 42.071594], [-86.232619, 42.071545], [-86.227682, 42.071517], [-86.22294, 42.071484], [-86.216954, 42.071436], [-86.208567, 42.07137], [-86.198946, 42.07131], [-86.185695, 42.07114], [-86.184281, 42.071131], [-86.183078, 42.071118], [-86.181037, 42.071101], [-86.179843, 42.071112], [-86.175876, 42.071136], [-86.167805, 42.071164], [-86.167625, 42.071165], [-86.161014, 42.071123], [-86.153507, 42.07105], [-86.152799, 42.071043], [-86.150626, 42.071022], [-86.150541, 42.071021], [-86.150455, 42.07102], [-86.149902, 42.071015], [-86.146694, 42.070983], [-86.145821, 42.070982], [-86.145002, 42.070981], [-86.140537, 42.070976], [-86.127321, 42.070962], [-86.113819, 42.070793], [-86.107885, 42.070802], [-86.091064, 42.070659], [-86.08902, 42.070648], [-86.08443, 42.070498], [-86.069491, 42.070425], [-86.060075, 42.070377], [-86.050135, 42.070327], [-86.040485, 42.070256], [-86.038175, 42.070239], [-86.030711, 42.070179], [-86.021857, 42.070181], [-86.021325, 42.070181], [-86.011343, 42.070178], [-86.01117, 42.070178], [-86.007258, 42.070155], [-86.001646, 42.070125], [-85.991929, 42.070071], [-85.97411, 42.069873], [-85.959682, 42.069746], [-85.954107, 42.0697], [-85.953163, 42.069691], [-85.935441, 42.069588], [-85.9342, 42.069584], [-85.929993, 42.069571], [-85.920945, 42.069541], [-85.920471, 42.069536], [-85.916026, 42.069515], [-85.905666, 42.069502], [-85.896554, 42.069487], [-85.886853, 42.069458], [-85.877116, 42.069445], [-85.870146, 42.069368], [-85.870014, 42.069368], [-85.868217, 42.069362], [-85.864555, 42.069348], [-85.860061, 42.069341], [-85.857449, 42.069338], [-85.852199, 42.06933], [-85.850071, 42.069324], [-85.840668, 42.069339], [-85.825929, 42.06928], [-85.811369, 42.069301], [-85.809386, 42.06932], [-85.805361, 42.069306], [-85.80181, 42.069299], [-85.799456, 42.069309], [-85.782373, 42.069315], [-85.777517, 42.069306], [-85.762943, 42.069327], [-85.763148, 42.083857], [-85.763264, 42.0911], [-85.763413, 42.098262], [-85.763485, 42.101874], [-85.763585, 42.106853], [-85.76368, 42.112841], [-85.763942, 42.127291], [-85.764004, 42.131044], [-85.764234, 42.14142], [-85.764243, 42.141783], [-85.764256, 42.142492], [-85.764442, 42.152647], [-85.764605, 42.157254], [-85.747723, 42.157574], [-85.746728, 42.157289], [-85.742403, 42.157218], [-85.728123, 42.157315], [-85.716232, 42.15737], [-85.704113, 42.157443], [-85.694077, 42.157577], [-85.686947, 42.157672], [-85.676285, 42.157813], [-85.667377, 42.157507], [-85.647813, 42.157383], [-85.644634, 42.157353], [-85.643764, 42.15735], [-85.640273, 42.157385], [-85.63506, 42.157558], [-85.63474, 42.157583], [-85.6334, 42.157555], [-85.631695, 42.15752], [-85.628319, 42.157375], [-85.62497, 42.157387], [-85.624299, 42.157387], [-85.614706, 42.157402], [-85.613765, 42.157406], [-85.609216, 42.157406], [-85.600649, 42.157402], [-85.594006, 42.157413], [-85.589227, 42.157408], [-85.588541, 42.157412], [-85.58651, 42.157414], [-85.570787, 42.157425], [-85.569623, 42.157424], [-85.56455, 42.157442], [-85.564179, 42.157444], [-85.561367, 42.157444], [-85.54022, 42.157474], [-85.531845, 42.157388], [-85.530307, 42.157372], [-85.529725, 42.157365], [-85.525837, 42.157324], [-85.510123, 42.157515], [-85.500761, 42.15758], [-85.496697, 42.157606], [-85.486587, 42.157663], [-85.485972, 42.157667], [-85.485774, 42.157668], [-85.484686, 42.157676], [-85.483893, 42.157681], [-85.473772, 42.157748], [-85.473415, 42.15775], [-85.472761, 42.157754], [-85.470997, 42.157766], [-85.46934, 42.157776], [-85.465251, 42.157803], [-85.464704, 42.157806], [-85.464469, 42.157808], [-85.452428, 42.157884], [-85.451334, 42.157857], [-85.446781, 42.157875], [-85.432104, 42.15793], [-85.426231, 42.157968], [-85.41748, 42.158005], [-85.41584, 42.158006], [-85.41253, 42.158], [-85.402775, 42.158019], [-85.393618, 42.158052], [-85.383233, 42.158057], [-85.370832, 42.158118], [-85.353901, 42.158115], [-85.343409, 42.158119], [-85.333972, 42.158139], [-85.329844, 42.158157], [-85.324142, 42.158136], [-85.317595, 42.158165], [-85.309129, 42.158207], [-85.304878, 42.158226], [-85.295351, 42.15825], [-85.295445, 42.165507], [-85.295537, 42.172758], [-85.295735, 42.180078], [-85.295852, 42.187157], [-85.295855, 42.187343], [-85.296173, 42.201874], [-85.29628, 42.20915], [-85.296323, 42.212292], [-85.296377, 42.216383], [-85.296736, 42.230944], [-85.296782, 42.238281], [-85.296996, 42.246071], [-85.286285, 42.246109], [-85.276313, 42.24629], [-85.258009, 42.246382], [-85.252726, 42.246451], [-85.248731, 42.24646], [-85.246615, 42.246407], [-85.237792, 42.246572], [-85.236043, 42.246502], [-85.234617, 42.246508], [-85.228057, 42.246479], [-85.226582, 42.246784], [-85.22351, 42.24677], [-85.21819, 42.246694], [-85.198482, 42.246551], [-85.186771, 42.246587], [-85.186167, 42.246582], [-85.185412, 42.246577], [-85.178962, 42.246459], [-85.177764, 42.246408], [-85.171937, 42.24643], [-85.168925, 42.246436], [-85.151342, 42.246576], [-85.149425, 42.246645], [-85.147264, 42.246624], [-85.139399, 42.24666], [-85.129562, 42.246702], [-85.127179, 42.246716], [-85.115046, 42.246745], [-85.10129, 42.246839], [-85.095712, 42.246857], [-85.090494, 42.246918], [-85.080775, 42.246888], [-85.061154, 42.246672], [-85.061246, 42.254243], [-85.061355, 42.261648], [-85.061388, 42.263552], [-85.061498, 42.269938], [-85.061503, 42.270214], [-85.061478, 42.270742], [-85.061512, 42.271865], [-85.061516, 42.272401], [-85.061549, 42.273653], [-85.061559, 42.273945], [-85.061617, 42.278336], [-85.061786, 42.286423], [-85.0618, 42.287494], [-85.062236, 42.297659], [-85.062233, 42.297915], [-85.062501, 42.303971], [-85.062513, 42.305165], [-85.062449, 42.307555], [-85.062445, 42.30772], [-85.062383, 42.310103], [-85.062329, 42.312765], [-85.062667, 42.333571], [-85.062787, 42.341271], [-85.062911, 42.348113], [-85.063059, 42.355524], [-85.063092, 42.357061], [-85.063242, 42.362742], [-85.062971, 42.369827], [-85.062958, 42.370714], [-85.0633, 42.376381], [-85.063462, 42.380095], [-85.063515, 42.381316], [-85.063859, 42.388611], [-85.063917, 42.390328], [-85.063885, 42.391645], [-85.063991, 42.397445], [-85.064008, 42.397584], [-85.06409, 42.398277], [-85.064114, 42.398479], [-85.064147, 42.398755], [-85.06415, 42.398777], [-85.06415, 42.398938], [-85.064144, 42.401198], [-85.064295, 42.404421], [-85.064381, 42.406296], [-85.064423, 42.413629], [-85.06471, 42.417553], [-85.064855, 42.421508], [-85.071609, 42.421428], [-85.081119, 42.42135], [-85.096404, 42.421141], [-85.099071, 42.4211], [-85.12354, 42.420936], [-85.12642, 42.42097], [-85.128358, 42.420941], [-85.133129, 42.420937], [-85.14293, 42.420841], [-85.155094, 42.420835], [-85.160811, 42.42079], [-85.162881, 42.420771], [-85.170033, 42.420747], [-85.180138, 42.42068], [-85.18173, 42.42067], [-85.181758, 42.42067], [-85.189938, 42.420598], [-85.19169, 42.420601], [-85.193715, 42.420618], [-85.194113, 42.420619], [-85.194377, 42.420621], [-85.195632, 42.42062], [-85.208838, 42.420568], [-85.209299, 42.420567], [-85.211668, 42.420548], [-85.228952, 42.420424], [-85.238037, 42.420303], [-85.242301, 42.420242], [-85.248658, 42.420181], [-85.249699, 42.420174], [-85.259048, 42.420165], [-85.261098, 42.420143], [-85.277945, 42.419978], [-85.281561, 42.419958], [-85.288071, 42.419922], [-85.298879, 42.419849], [-85.300856, 42.419853], [-85.308409, 42.419832], [-85.316015, 42.419786], [-85.322399, 42.419772], [-85.329052, 42.419732], [-85.329881, 42.419731], [-85.333038, 42.419736], [-85.333155, 42.419736], [-85.33702, 42.419726], [-85.338369, 42.419728], [-85.344223, 42.419734], [-85.351578, 42.419722], [-85.360624, 42.419736], [-85.363843, 42.419758], [-85.376477, 42.419828], [-85.377904, 42.419835], [-85.390222, 42.419958], [-85.395846, 42.420013], [-85.415477, 42.42016], [-85.418099, 42.420194], [-85.425166, 42.420197], [-85.435627, 42.420349], [-85.43896, 42.42042], [-85.454913, 42.420743], [-85.464756, 42.420843], [-85.482251, 42.421032], [-85.494104, 42.421121], [-85.503848, 42.421335], [-85.525328, 42.421508], [-85.525658, 42.421509], [-85.526912, 42.421512], [-85.528473, 42.421515], [-85.52942, 42.421517], [-85.532212, 42.421521], [-85.532498, 42.421522], [-85.543191, 42.421433], [-85.54344, 42.428353], [-85.543421, 42.429046], [-85.543424, 42.430335], [-85.543447, 42.433246], [-85.543442, 42.434092], [-85.543433, 42.436173], [-85.543417, 42.443671], [-85.543438, 42.4475], [-85.543447, 42.449485], [-85.543453, 42.450618], [-85.543446, 42.452226], [-85.543435, 42.46529], [-85.543423, 42.471972], [-85.543391, 42.473658], [-85.543294, 42.479811], [-85.543302, 42.487035], [-85.543222, 42.491797], [-85.543214, 42.493084], [-85.543266, 42.494502], [-85.543112, 42.497762], [-85.543134, 42.508836], [-85.543121, 42.51464], [-85.543111, 42.519681], [-85.543107, 42.521458], [-85.543103, 42.523318], [-85.543102, 42.523462], [-85.543024, 42.530583], [-85.543026, 42.530737], [-85.543037, 42.533978], [-85.543036, 42.534177], [-85.543021, 42.536477], [-85.543013, 42.537842], [-85.543021, 42.540245], [-85.543059, 42.552317], [-85.54309, 42.556013], [-85.543123, 42.559707], [-85.543178, 42.566475], [-85.543189, 42.56683], [-85.543182, 42.567293], [-85.543185, 42.574089], [-85.543186, 42.577651], [-85.543185, 42.581371], [-85.543241, 42.587206], [-85.54324, 42.587298], [-85.543239, 42.587389], [-85.543234, 42.588627], [-85.543239, 42.590905], [-85.543437, 42.591674], [-85.543513, 42.594812], [-85.543664, 42.601061], [-85.543759, 42.604953], [-85.543775, 42.605681], [-85.543777, 42.605765], [-85.5438, 42.606722], [-85.543825, 42.607674], [-85.54386, 42.609355], [-85.543878, 42.610499], [-85.543882, 42.610667], [-85.543885, 42.611062], [-85.543902, 42.612032], [-85.543908, 42.613545], [-85.543925, 42.614063], [-85.543954, 42.616325], [-85.543958, 42.6166], [-85.543982, 42.618893], [-85.543995, 42.620394], [-85.544058, 42.624351], [-85.544072, 42.625048], [-85.54412, 42.628249], [-85.544159, 42.630868], [-85.544276, 42.638392], [-85.544384, 42.645402], [-85.544381, 42.645716], [-85.544417, 42.649142], [-85.544488, 42.652648], [-85.544488, 42.652785], [-85.54463, 42.660239], [-85.544754, 42.667163], [-85.544873, 42.671906], [-85.544894, 42.672838], [-85.545107, 42.681428], [-85.545224, 42.703268], [-85.545227, 42.710538], [-85.54529, 42.717795], [-85.545355, 42.725049], [-85.545428, 42.732278], [-85.545498, 42.739523], [-85.545529, 42.744499], [-85.545539, 42.746739], [-85.545575, 42.754019], [-85.545511, 42.760538], [-85.545524, 42.764938], [-85.545564, 42.768139], [-85.55384, 42.768172], [-85.565291, 42.768211], [-85.585284, 42.768219], [-85.604991, 42.768257], [-85.614614, 42.768216], [-85.62479, 42.768191], [-85.625465, 42.768192], [-85.63429, 42.768206], [-85.644291, 42.768224], [-85.663296, 42.768099], [-85.668626, 42.768113], [-85.671787, 42.768128], [-85.672006, 42.768129], [-85.676727, 42.768153], [-85.682989, 42.768186], [-85.684187, 42.76819], [-85.702788, 42.768234], [-85.705698, 42.768234], [-85.712659, 42.768237], [-85.719615, 42.76824], [-85.722473, 42.76825], [-85.727213, 42.768252], [-85.732348, 42.768253], [-85.732857, 42.76826], [-85.741511, 42.76827], [-85.742214, 42.768277], [-85.752028, 42.768263], [-85.761921, 42.768257], [-85.763453, 42.768254], [-85.781651, 42.768203], [-85.782498, 42.7682], [-85.782579, 42.775541], [-85.782724, 42.782843], [-85.782799, 42.791656], [-85.782805, 42.797389], [-85.782865, 42.804758], [-85.782832, 42.812157], [-85.782852, 42.815809], [-85.782736, 42.826784], [-85.782725, 42.827076], [-85.782472, 42.840927], [-85.78239, 42.845846], [-85.782385, 42.846166], [-85.782337, 42.84841], [-85.782179, 42.853381], [-85.782106, 42.856296], [-85.782166, 42.863522], [-85.782245, 42.873088], [-85.782254, 42.875706], [-85.78228, 42.877075], [-85.782276, 42.877418], [-85.782271, 42.879922], [-85.782267, 42.881375], [-85.782262, 42.885229], [-85.782251, 42.887217], [-85.782245, 42.888499], [-85.782242, 42.88901], [-85.782229, 42.890553], [-85.782215, 42.891737], [-85.78207, 42.89979], [-85.78207, 42.902183], [-85.782118, 42.904497], [-85.782126, 42.905507], [-85.782128, 42.905777], [-85.782132, 42.906175], [-85.782133, 42.90633], [-85.782139, 42.906752], [-85.782154, 42.908695], [-85.782156, 42.908883], [-85.782156, 42.908898], [-85.782157, 42.909071], [-85.782158, 42.909162], [-85.782172, 42.910702], [-85.782172, 42.910789], [-85.782172, 42.910806], [-85.782172, 42.910851], [-85.782173, 42.910913], [-85.782175, 42.911091], [-85.782177, 42.911323], [-85.78904, 42.913607], [-85.792612, 42.911471], [-85.797527, 42.911394], [-85.799821, 42.913067], [-85.800733, 42.913719], [-85.804536, 42.916457], [-85.804986, 42.916759], [-85.805884, 42.917425], [-85.806865, 42.918118], [-85.807786, 42.918788], [-85.808469, 42.919273], [-85.808765, 42.91949], [-85.809719, 42.920175], [-85.810693, 42.920869], [-85.811807, 42.921689], [-85.815241, 42.924125], [-85.816398, 42.924972], [-85.818162, 42.926253], [-85.821021, 42.928304], [-85.821771, 42.928841], [-85.824105, 42.930515], [-85.825145, 42.931265], [-85.82602, 42.931905], [-85.826873, 42.932528], [-85.827929, 42.933298], [-85.832021, 42.936122], [-85.833275, 42.936187], [-85.840099, 42.936208], [-85.842494, 42.936218], [-85.842766, 42.938085], [-85.846318, 42.938807], [-85.846766, 42.939434], [-85.849959, 42.940194], [-85.850601, 42.941927], [-85.849943, 42.942295], [-85.849987, 42.944034], [-85.853315, 42.944121], [-85.85369, 42.944646], [-85.858535, 42.944542], [-85.860726, 42.94486], [-85.863559, 42.945817], [-85.863571, 42.946449], [-85.865112, 42.947201], [-85.868027, 42.948994], [-85.868721, 42.949505], [-85.870995, 42.950771], [-85.872009, 42.951477], [-85.873412, 42.952722], [-85.874165, 42.953501], [-85.874684, 42.954243], [-85.875207, 42.955307], [-85.875889, 42.957078], [-85.876107, 42.95792], [-85.876831, 42.957933], [-85.88346, 42.957872], [-85.887836, 42.957833], [-85.888989, 42.957798], [-85.892819, 42.957757], [-85.89276, 42.956668], [-85.892294, 42.95336], [-85.89233, 42.952879], [-85.893084, 42.952816], [-85.893089, 42.951181], [-85.892457, 42.95106], [-85.892435, 42.95057], [-85.893815, 42.950556], [-85.903641, 42.950466], [-85.903573, 42.947394], [-85.903568, 42.947125], [-85.90356, 42.946932], [-85.903509, 42.945657], [-85.903448, 42.943282], [-85.910836, 42.943281], [-85.913359, 42.943283], [-85.921689, 42.943292], [-85.923186, 42.943294], [-85.932698, 42.943283], [-85.942998, 42.943226], [-85.95284, 42.943159], [-85.962791, 42.9431], [-85.97258, 42.943019], [-85.982497, 42.942923], [-85.992358, 42.942866], [-86.002378, 42.942805], [-86.005003, 42.942787], [-86.007164, 42.942782], [-86.012187, 42.942732], [-86.022908, 42.942654], [-86.042657, 42.942586], [-86.042982, 42.942592], [-86.052929, 42.942636], [-86.056886, 42.942654], [-86.057472, 42.942657], [-86.062369, 42.942683], [-86.062514, 42.942683], [-86.065854, 42.942701], [-86.082017, 42.9428], [-86.086313, 42.942826], [-86.101734, 42.942923], [-86.102006, 42.942927], [-86.111633, 42.943014], [-86.114452, 42.943034], [-86.121502, 42.943101], [-86.122248, 42.9431], [-86.143148, 42.943075], [-86.14803, 42.943075], [-86.161385, 42.943061], [-86.161894, 42.943064], [-86.162239, 42.943071], [-86.17281, 42.943017], [-86.182561, 42.942968], [-86.182739, 42.94296], [-86.202469, 42.942894], [-86.205809, 42.942903], [-86.212483, 42.942847], [-86.212489, 42.942975], [-86.219296, 42.942987], [-86.219237, 42.942622], [-86.218272, 42.936564], [-86.217416, 42.927904], [-86.216453, 42.922241], [-86.215665, 42.913695], [-86.215429, 42.912512], [-86.215428, 42.90575], [-86.215837, 42.904111], [-86.215667, 42.902162], [-86.215662, 42.901462], [-86.215668, 42.900506], [-86.215278, 42.899032], [-86.214367, 42.8959], [-86.214004, 42.892559], [-86.213985, 42.888917], [-86.214343, 42.884521], [-86.214084, 42.883563], [-86.213981, 42.878248], [-86.213272, 42.87502], [-86.212523, 42.871164], [-86.211828, 42.869504], [-86.210799, 42.862759], [-86.210501, 42.856695], [-86.210667, 42.855474], [-86.21064, 42.853869], [-86.211135, 42.849443], [-86.210951, 42.844237], [-86.211187, 42.842011], [-86.21102, 42.839015], [-86.211523, 42.835293], [-86.21178, 42.83134], [-86.211608, 42.824215], [-86.211374, 42.821378], [-86.210992, 42.812736], [-86.210974, 42.804137], [-86.211189, 42.80107], [-86.210588, 42.795687], [-86.210388, 42.79012], [-86.210699, 42.788091], [-86.210774, 42.782038], [-86.211269, 42.778058], [-86.211185, 42.776045], [-86.212811, 42.773317], [-86.212245, 42.772966], [-86.211882, 42.772741], [-86.210248, 42.771329], [-86.209217, 42.767536], [-86.227172, 42.767442], [-86.250043, 42.767269], [-86.375045, 42.767095], [-86.500048, 42.767226], [-86.62505, 42.766637], [-86.750052, 42.766648], [-86.875054, 42.766934], [-87.000057, 42.766534], [-87.058716, 42.765202]]]]}}, {"type": "Feature", "properties": {"id": 5, "NAME": "5", "text-color": "#000000", "text-size": 16, "TotalPop": 774544, "PopDevPct": -0.00081847, "DemPct": 0.37050643, "RepPct": 0.61214513, "WhitePct": 0.86614185, "MinorityPct": 0.13385815, "BlackPct": 0.04876251, "HispanicPct": 0.04127454, "PacificPct": 0.00078178, "AsianPct": 0.01213579, "NativePct": 0.02485049, "TotalVAP": 606306, "Margin": -0.12949357, "color": "#ff9200", "opacity": "0.5", "year": 2022, "state": "MI", "state-district": "MI-05"}, "geometry": {"type": "MultiPolygon", "coordinates": [[[[-84.829087, 42.421783], [-84.835922, 42.421801], [-84.839085, 42.421828], [-84.852761, 42.42186], [-84.85856, 42.42188], [-84.865521, 42.421926], [-84.868421, 42.421947], [-84.875402, 42.421992], [-84.888168, 42.422021], [-84.895217, 42.42205], [-84.904974, 42.422075], [-84.907745, 42.422068], [-84.914867, 42.42209], [-84.932081, 42.422097], [-84.936615, 42.422046], [-84.938, 42.422038], [-84.938586, 42.422188], [-84.940554, 42.422187], [-84.943998, 42.422092], [-84.946897, 42.422182], [-84.954019, 42.422116], [-84.957992, 42.42211], [-84.959028, 42.42211], [-84.968651, 42.422085], [-84.978635, 42.422065], [-84.980724, 42.422066], [-84.98626, 42.422011], [-84.992777, 42.422006], [-85.005954, 42.421948], [-85.014545, 42.421918], [-85.031992, 42.421779], [-85.033501, 42.421767], [-85.039977, 42.421715], [-85.04797, 42.421671], [-85.05085, 42.42167], [-85.05113, 42.42167], [-85.053455, 42.421643], [-85.061907, 42.421545], [-85.064855, 42.421508], [-85.06471, 42.417553], [-85.064423, 42.413629], [-85.064381, 42.406296], [-85.064295, 42.404421], [-85.064144, 42.401198], [-85.06415, 42.398938], [-85.06415, 42.398777], [-85.064147, 42.398755], [-85.064114, 42.398479], [-85.06409, 42.398277], [-85.064008, 42.397584], [-85.063991, 42.397445], [-85.063885, 42.391645], [-85.063917, 42.390328], [-85.063859, 42.388611], [-85.063515, 42.381316], [-85.063462, 42.380095], [-85.0633, 42.376381], [-85.062958, 42.370714], [-85.062971, 42.369827], [-85.063242, 42.362742], [-85.063092, 42.357061], [-85.063059, 42.355524], [-85.062911, 42.348113], [-85.062787, 42.341271], [-85.062667, 42.333571], [-85.062329, 42.312765], [-85.062383, 42.310103], [-85.062445, 42.30772], [-85.062449, 42.307555], [-85.062513, 42.305165], [-85.062501, 42.303971], [-85.062233, 42.297915], [-85.062236, 42.297659], [-85.0618, 42.287494], [-85.061786, 42.286423], [-85.061617, 42.278336], [-85.061559, 42.273945], [-85.061549, 42.273653], [-85.061516, 42.272401], [-85.061512, 42.271865], [-85.061478, 42.270742], [-85.061503, 42.270214], [-85.061498, 42.269938], [-85.061388, 42.263552], [-85.061355, 42.261648], [-85.061246, 42.254243], [-85.061154, 42.246672], [-85.080775, 42.246888], [-85.090494, 42.246918], [-85.095712, 42.246857], [-85.10129, 42.246839], [-85.115046, 42.246745], [-85.127179, 42.246716], [-85.129562, 42.246702], [-85.139399, 42.24666], [-85.147264, 42.246624], [-85.149425, 42.246645], [-85.151342, 42.246576], [-85.168925, 42.246436], [-85.171937, 42.24643], [-85.177764, 42.246408], [-85.178962, 42.246459], [-85.185412, 42.246577], [-85.186167, 42.246582], [-85.186771, 42.246587], [-85.198482, 42.246551], [-85.21819, 42.246694], [-85.22351, 42.24677], [-85.226582, 42.246784], [-85.228057, 42.246479], [-85.234617, 42.246508], [-85.236043, 42.246502], [-85.237792, 42.246572], [-85.246615, 42.246407], [-85.248731, 42.24646], [-85.252726, 42.246451], [-85.258009, 42.246382], [-85.276313, 42.24629], [-85.286285, 42.246109], [-85.296996, 42.246071], [-85.296782, 42.238281], [-85.296736, 42.230944], [-85.296377, 42.216383], [-85.296323, 42.212292], [-85.29628, 42.20915], [-85.296173, 42.201874], [-85.295855, 42.187343], [-85.295852, 42.187157], [-85.295735, 42.180078], [-85.295537, 42.172758], [-85.295445, 42.165507], [-85.295351, 42.15825], [-85.304878, 42.158226], [-85.309129, 42.158207], [-85.317595, 42.158165], [-85.324142, 42.158136], [-85.329844, 42.158157], [-85.333972, 42.158139], [-85.343409, 42.158119], [-85.353901, 42.158115], [-85.370832, 42.158118], [-85.383233, 42.158057], [-85.393618, 42.158052], [-85.402775, 42.158019], [-85.41253, 42.158], [-85.41584, 42.158006], [-85.41748, 42.158005], [-85.426231, 42.157968], [-85.432104, 42.15793], [-85.446781, 42.157875], [-85.451334, 42.157857], [-85.452428, 42.157884], [-85.464469, 42.157808], [-85.464704, 42.157806], [-85.465251, 42.157803], [-85.46934, 42.157776], [-85.470997, 42.157766], [-85.472761, 42.157754], [-85.473415, 42.15775], [-85.473772, 42.157748], [-85.483893, 42.157681], [-85.484686, 42.157676], [-85.485774, 42.157668], [-85.485972, 42.157667], [-85.486587, 42.157663], [-85.496697, 42.157606], [-85.500761, 42.15758], [-85.510123, 42.157515], [-85.525837, 42.157324], [-85.529725, 42.157365], [-85.530307, 42.157372], [-85.531845, 42.157388], [-85.54022, 42.157474], [-85.561367, 42.157444], [-85.564179, 42.157444], [-85.56455, 42.157442], [-85.569623, 42.157424], [-85.570787, 42.157425], [-85.58651, 42.157414], [-85.588541, 42.157412], [-85.589227, 42.157408], [-85.594006, 42.157413], [-85.600649, 42.157402], [-85.609216, 42.157406], [-85.613765, 42.157406], [-85.614706, 42.157402], [-85.624299, 42.157387], [-85.62497, 42.157387], [-85.628319, 42.157375], [-85.631695, 42.15752], [-85.6334, 42.157555], [-85.63474, 42.157583], [-85.63506, 42.157558], [-85.640273, 42.157385], [-85.643764, 42.15735], [-85.644634, 42.157353], [-85.647813, 42.157383], [-85.667377, 42.157507], [-85.676285, 42.157813], [-85.686947, 42.157672], [-85.694077, 42.157577], [-85.704113, 42.157443], [-85.716232, 42.15737], [-85.728123, 42.157315], [-85.742403, 42.157218], [-85.746728, 42.157289], [-85.747723, 42.157574], [-85.764605, 42.157254], [-85.764442, 42.152647], [-85.764256, 42.142492], [-85.764243, 42.141783], [-85.764234, 42.14142], [-85.764004, 42.131044], [-85.763942, 42.127291], [-85.76368, 42.112841], [-85.763585, 42.106853], [-85.763485, 42.101874], [-85.763413, 42.098262], [-85.763264, 42.0911], [-85.763148, 42.083857], [-85.762943, 42.069327], [-85.777517, 42.069306], [-85.782373, 42.069315], [-85.799456, 42.069309], [-85.80181, 42.069299], [-85.805361, 42.069306], [-85.809386, 42.06932], [-85.811369, 42.069301], [-85.825929, 42.06928], [-85.840668, 42.069339], [-85.850071, 42.069324], [-85.852199, 42.06933], [-85.857449, 42.069338], [-85.860061, 42.069341], [-85.864555, 42.069348], [-85.868217, 42.069362], [-85.870014, 42.069368], [-85.870146, 42.069368], [-85.877116, 42.069445], [-85.886853, 42.069458], [-85.896554, 42.069487], [-85.905666, 42.069502], [-85.916026, 42.069515], [-85.920471, 42.069536], [-85.920945, 42.069541], [-85.929993, 42.069571], [-85.9342, 42.069584], [-85.935441, 42.069588], [-85.953163, 42.069691], [-85.954107, 42.0697], [-85.959682, 42.069746], [-85.97411, 42.069873], [-85.991929, 42.070071], [-86.001646, 42.070125], [-86.007258, 42.070155], [-86.01117, 42.070178], [-86.011343, 42.070178], [-86.021325, 42.070181], [-86.021857, 42.070181], [-86.030711, 42.070179], [-86.038175, 42.070239], [-86.040485, 42.070256], [-86.050135, 42.070327], [-86.060075, 42.070377], [-86.069491, 42.070425], [-86.08443, 42.070498], [-86.08902, 42.070648], [-86.091064, 42.070659], [-86.107885, 42.070802], [-86.113819, 42.070793], [-86.127321, 42.070962], [-86.140537, 42.070976], [-86.145002, 42.070981], [-86.145821, 42.070982], [-86.146694, 42.070983], [-86.149902, 42.071015], [-86.150455, 42.07102], [-86.150541, 42.071021], [-86.150626, 42.071022], [-86.152799, 42.071043], [-86.153507, 42.07105], [-86.161014, 42.071123], [-86.167625, 42.071165], [-86.167805, 42.071164], [-86.175876, 42.071136], [-86.179843, 42.071112], [-86.181037, 42.071101], [-86.183078, 42.071118], [-86.184281, 42.071131], [-86.185695, 42.07114], [-86.198946, 42.07131], [-86.208567, 42.07137], [-86.216954, 42.071436], [-86.22294, 42.071484], [-86.227682, 42.071517], [-86.232619, 42.071545], [-86.23844, 42.071594], [-86.239831, 42.071606], [-86.246737, 42.071683], [-86.25398, 42.071732], [-86.256664, 42.071767], [-86.26175, 42.071823], [-86.26765, 42.071846], [-86.276497, 42.071884], [-86.2808, 42.071952], [-86.285993, 42.071992], [-86.295595, 42.072039], [-86.300598, 42.072004], [-86.310239, 42.07209], [-86.320061, 42.072174], [-86.339397, 42.072273], [-86.344286, 42.072306], [-86.349322, 42.072272], [-86.358796, 42.072338], [-86.368506, 42.07236], [-86.372526, 42.07236], [-86.373041, 42.072362], [-86.387873, 42.072427], [-86.397598, 42.072447], [-86.399995, 42.07245], [-86.402418, 42.072453], [-86.404274, 42.072442], [-86.417012, 42.072497], [-86.426604, 42.072462], [-86.427808, 42.072547], [-86.428363, 42.072548], [-86.430841, 42.072538], [-86.433151, 42.072538], [-86.436487, 42.072587], [-86.436493, 42.070368], [-86.43647, 42.068479], [-86.436468, 42.068186], [-86.436458, 42.06713], [-86.436472, 42.065923], [-86.436419, 42.06039], [-86.43642, 42.059451], [-86.436427, 42.058737], [-86.43858, 42.058115], [-86.43834, 42.057606], [-86.437311, 42.057647], [-86.435076, 42.056488], [-86.435163, 42.054217], [-86.436485, 42.053674], [-86.436987, 42.054607], [-86.443216, 42.054603], [-86.445769, 42.056284], [-86.447038, 42.057276], [-86.449678, 42.057626], [-86.45069, 42.057236], [-86.451049, 42.056205], [-86.452169, 42.056057], [-86.454131, 42.055055], [-86.455829, 42.056917], [-86.455822, 42.050866], [-86.465601, 42.050801], [-86.466122, 42.050805], [-86.467365, 42.050797], [-86.46857, 42.050796], [-86.469791, 42.050796], [-86.475281, 42.050755], [-86.477279, 42.050746], [-86.478646, 42.050739], [-86.482035, 42.050723], [-86.485025, 42.050709], [-86.489426, 42.050644], [-86.489847, 42.050657], [-86.494816, 42.050631], [-86.496043, 42.050644], [-86.499102, 42.050647], [-86.49969, 42.050655], [-86.502366, 42.050664], [-86.505462, 42.050659], [-86.509248, 42.050664], [-86.512851, 42.050638], [-86.514189, 42.050685], [-86.514187, 42.047195], [-86.514184, 42.046519], [-86.514155, 42.043419], [-86.515199, 42.043422], [-86.517522, 42.043426], [-86.518098, 42.043424], [-86.518795, 42.043405], [-86.518839, 42.043404], [-86.518866, 42.043406], [-86.519453, 42.043418], [-86.520598, 42.043415], [-86.523902, 42.0434], [-86.523857, 42.038385], [-86.531055, 42.038615], [-86.533228, 42.03572], [-86.533071, 42.045943], [-86.529567, 42.050734], [-86.523188, 42.050732], [-86.521435, 42.052565], [-86.521002, 42.053569], [-86.516895, 42.059093], [-86.515736, 42.061426], [-86.512707, 42.065589], [-86.512786, 42.066139], [-86.511322, 42.068629], [-86.511529, 42.068793], [-86.508807, 42.072618], [-86.509202, 42.075564], [-86.51045, 42.084848], [-86.505945, 42.085282], [-86.501518, 42.084589], [-86.499646, 42.115719], [-86.498131, 42.117372], [-86.481747, 42.126782], [-86.481394, 42.127123], [-86.478844, 42.123234], [-86.477448, 42.12447], [-86.470288, 42.130758], [-86.468743, 42.131988], [-86.4666, 42.134299], [-86.463205, 42.137205], [-86.45877, 42.141354], [-86.456523, 42.143836], [-86.454203, 42.145795], [-86.442774, 42.157544], [-86.442633, 42.157696], [-86.439692, 42.160997], [-86.437304, 42.163335], [-86.430499, 42.16931], [-86.426805, 42.172847], [-86.422034, 42.177947], [-86.41856, 42.181088], [-86.416231, 42.183586], [-86.413524, 42.186528], [-86.410156, 42.190217], [-86.405302, 42.194932], [-86.404275, 42.19621], [-86.398127, 42.203155], [-86.395854, 42.205311], [-86.394673, 42.206895], [-86.388168, 42.213752], [-86.384026, 42.218813], [-86.380361, 42.223496], [-86.378684, 42.225103], [-86.374543, 42.230498], [-86.372955, 42.232085], [-86.36942, 42.236632], [-86.367806, 42.239167], [-86.364599, 42.243138], [-86.368774, 42.243067], [-86.369672, 42.243051], [-86.374919, 42.242964], [-86.500015, 42.242853], [-86.501313, 42.24286], [-86.625989, 42.242483], [-86.750678, 42.241693], [-86.875355, 42.241081], [-87.000041, 42.240392], [-87.000041, 42.235453], [-87.088338, 42.235334], [-87.102363, 42.182186], [-87.111162, 42.149409], [-87.125042, 42.097098], [-87.125042, 42.095118], [-87.134541, 42.058765], [-87.150009, 42.000033], [-87.148431, 42.000014], [-87.166305, 41.927814], [-87.179372, 41.875034], [-87.190597, 41.829945], [-87.207774, 41.760956], [-87.125036, 41.761368], [-87.125036, 41.760425], [-87.086902, 41.760522], [-87.000033, 41.760744], [-86.934367, 41.76104], [-86.87503, 41.760335], [-86.841707, 41.760266], [-86.832392, 41.760367], [-86.824957, 41.760296], [-86.823447, 41.760292], [-86.82042, 41.760298], [-86.819049, 41.760296], [-86.817417, 41.760295], [-86.815351, 41.760293], [-86.81428, 41.760291], [-86.81258, 41.760288], [-86.811026, 41.760283], [-86.809121, 41.760282], [-86.808564, 41.760281], [-86.807355, 41.760279], [-86.80616, 41.760276], [-86.80541, 41.760275], [-86.804504, 41.760275], [-86.801234, 41.760274], [-86.800913, 41.760268], [-86.800436, 41.760268], [-86.792942, 41.760255], [-86.783701, 41.760237], [-86.780175, 41.760045], [-86.777249, 41.760195], [-86.771991, 41.760151], [-86.765607, 41.760098], [-86.762376, 41.760058], [-86.752981, 41.759963], [-86.75138, 41.759947], [-86.751, 41.759947], [-86.746173, 41.759904], [-86.72766, 41.759866], [-86.722298, 41.75984], [-86.699681, 41.759791], [-86.687781, 41.759714], [-86.670096, 41.759709], [-86.668752, 41.759706], [-86.66018, 41.759714], [-86.655829, 41.759714], [-86.639986, 41.759757], [-86.631619, 41.759702], [-86.622176, 41.759594], [-86.610798, 41.759654], [-86.601282, 41.759534], [-86.591616, 41.759487], [-86.572402, 41.759546], [-86.569737, 41.759559], [-86.566939, 41.759572], [-86.54788, 41.759618], [-86.535155, 41.759627], [-86.524217, 41.759659], [-86.511407, 41.75967], [-86.502044, 41.759743], [-86.474407, 41.759613], [-86.455232, 41.759614], [-86.44845, 41.759602], [-86.443566, 41.759553], [-86.426179, 41.75965], [-86.416584, 41.759632], [-86.414578, 41.759717], [-86.398484, 41.759873], [-86.394719, 41.759894], [-86.391663, 41.759788], [-86.378913, 41.759875], [-86.360854, 41.759859], [-86.350786, 41.760013], [-86.341034, 41.760048], [-86.331655, 41.760199], [-86.3312, 41.760206], [-86.32344, 41.760254], [-86.31304, 41.76028], [-86.303827, 41.760398], [-86.284422, 41.76052], [-86.274814, 41.760454], [-86.273093, 41.760398], [-86.272495, 41.760402], [-86.272158, 41.760404], [-86.264939, 41.760501], [-86.255156, 41.760473], [-86.252992, 41.760537], [-86.25174, 41.760537], [-86.250937, 41.760539], [-86.246184, 41.760514], [-86.24105, 41.760405], [-86.226095, 41.760406], [-86.217541, 41.76043], [-86.202471, 41.760462], [-86.178675, 41.760466], [-86.171812, 41.760469], [-86.157224, 41.760522], [-86.137787, 41.760549], [-86.127723, 41.760605], [-86.110386, 41.760676], [-86.108465, 41.760697], [-86.088435, 41.760638], [-86.067527, 41.760533], [-86.062575, 41.760513], [-86.055763, 41.760462], [-86.041081, 41.76045], [-86.02043, 41.760343], [-86.001185, 41.760178], [-85.996257, 41.760181], [-85.995803, 41.760178], [-85.991378, 41.760074], [-85.97497, 41.760017], [-85.96271, 41.75994], [-85.950477, 41.760011], [-85.947706, 41.759954], [-85.940253, 41.759813], [-85.936042, 41.759869], [-85.926132, 41.759747], [-85.916693, 41.759762], [-85.90709, 41.759652], [-85.897441, 41.759492], [-85.89359, 41.759522], [-85.878016, 41.759329], [-85.877645, 41.759327], [-85.87178, 41.759248], [-85.868016, 41.759321], [-85.847912, 41.759236], [-85.829126, 41.759174], [-85.827466, 41.759248], [-85.819082, 41.759148], [-85.815316, 41.759131], [-85.81126, 41.759113], [-85.810843, 41.759112], [-85.800657, 41.759064], [-85.795923, 41.759131], [-85.791668, 41.759075], [-85.791335, 41.759078], [-85.790305, 41.75908], [-85.785843, 41.75909], [-85.784545, 41.759092], [-85.775083, 41.759093], [-85.760454, 41.759058], [-85.750291, 41.758969], [-85.745512, 41.759042], [-85.728153, 41.758946], [-85.724646, 41.75904], [-85.711252, 41.759036], [-85.707522, 41.759061], [-85.682571, 41.759044], [-85.677241, 41.759043], [-85.662641, 41.75903], [-85.650721, 41.759095], [-85.64629, 41.759115], [-85.640423, 41.759103], [-85.639004, 41.759097], [-85.632716, 41.759081], [-85.608205, 41.759131], [-85.586313, 41.759233], [-85.581937, 41.759252], [-85.581474, 41.759252], [-85.571212, 41.759269], [-85.557094, 41.759315], [-85.556728, 41.759318], [-85.554339, 41.759344], [-85.543599, 41.759433], [-85.525757, 41.759355], [-85.518262, 41.759349], [-85.505958, 41.75931], [-85.50012, 41.75939], [-85.499916, 41.759388], [-85.486638, 41.759266], [-85.477156, 41.759235], [-85.474743, 41.759456], [-85.447756, 41.759591], [-85.427535, 41.759655], [-85.425606, 41.759638], [-85.423422, 41.759653], [-85.420609, 41.759674], [-85.418433, 41.759685], [-85.408749, 41.759849], [-85.3969, 41.759759], [-85.389059, 41.759698], [-85.379238, 41.759763], [-85.369668, 41.759905], [-85.355024, 41.759862], [-85.350123, 41.759861], [-85.33799, 41.75992], [-85.318233, 41.759888], [-85.308274, 41.759947], [-85.298409, 41.759832], [-85.292179, 41.759889], [-85.286618, 41.759793], [-85.272298, 41.759869], [-85.254142, 41.759763], [-85.24998, 41.759799], [-85.232423, 41.759733], [-85.22545, 41.759707], [-85.213762, 41.759676], [-85.194279, 41.759635], [-85.181897, 41.759619], [-85.174891, 41.759603], [-85.156179, 41.759538], [-85.136709, 41.759589], [-85.117275, 41.759605], [-85.107398, 41.759659], [-85.104153, 41.759664], [-85.097888, 41.759673], [-85.092987, 41.759676], [-85.07829, 41.759648], [-85.063511, 41.759616], [-85.058543, 41.75961], [-85.049042, 41.759631], [-85.039286, 41.759683], [-85.032575, 41.759697], [-85.019794, 41.759731], [-85.01675, 41.759782], [-85.016453, 41.759781], [-84.997758, 41.759637], [-84.996811, 41.759625], [-84.996268, 41.759623], [-84.992692, 41.759594], [-84.989844, 41.759562], [-84.989477, 41.759565], [-84.980969, 41.759491], [-84.971377, 41.759548], [-84.961343, 41.759613], [-84.947701, 41.759681], [-84.942468, 41.759713], [-84.941852, 41.759716], [-84.932384, 41.759724], [-84.922454, 41.759718], [-84.917723, 41.759718], [-84.90302, 41.759752], [-84.899443, 41.759813], [-84.883682, 41.759866], [-84.873194, 41.759906], [-84.872043, 41.759907], [-84.87093, 41.759909], [-84.869152, 41.759917], [-84.854445, 41.759954], [-84.830052, 41.759995], [-84.82513, 41.759999], [-84.810008, 41.760018], [-84.805885, 41.760171], [-84.805823, 41.752328], [-84.805858, 41.748535], [-84.806043, 41.737528], [-84.805922, 41.732976], [-84.805991, 41.712034], [-84.805898, 41.70751], [-84.805996, 41.696118], [-84.796168, 41.696507], [-84.786467, 41.696799], [-84.767097, 41.697449], [-84.752048, 41.697972], [-84.747529, 41.698125], [-84.718391, 41.698971], [-84.708711, 41.699121], [-84.693959, 41.699483], [-84.689352, 41.699596], [-84.688926, 41.699607], [-84.686039, 41.699678], [-84.685691, 41.699686], [-84.68543, 41.699693], [-84.685175, 41.699699], [-84.683132, 41.699749], [-84.682567, 41.699763], [-84.670182, 41.699973], [-84.650752, 41.700289], [-84.633425, 41.700805], [-84.631157, 41.700851], [-84.621541, 41.701075], [-84.611912, 41.701221], [-84.602175, 41.7014], [-84.592451, 41.70144], [-84.580315, 41.701737], [-84.572789, 41.701919], [-84.562085, 41.702175], [-84.553398, 41.702381], [-84.533953, 41.70282], [-84.514905, 41.703254], [-84.514609, 41.703242], [-84.495179, 41.70359], [-84.475933, 41.703813], [-84.456869, 41.704424], [-84.438155, 41.704955], [-84.43783, 41.704931], [-84.418883, 41.70537], [-84.409212, 41.705616], [-84.399546, 41.705816], [-84.397117, 41.705884], [-84.393215, 41.705934], [-84.360416, 41.706589], [-84.355917, 41.706704], [-84.342225, 41.707093], [-84.332384, 41.707356], [-84.328469, 41.707467], [-84.308604, 41.708013], [-84.28937, 41.708534], [-84.276358, 41.708995], [-84.270006, 41.709241], [-84.264153, 41.709386], [-84.249699, 41.709771], [-84.243763, 41.709885], [-84.230735, 41.710135], [-84.210508, 41.710585], [-84.202242, 41.710775], [-84.192531, 41.711014], [-84.175687, 41.711555], [-84.173125, 41.711638], [-84.158507, 41.712146], [-84.153666, 41.712311], [-84.149024, 41.712471], [-84.144157, 41.712628], [-84.119841, 41.713391], [-84.114984, 41.713531], [-84.105344, 41.713882], [-84.095659, 41.714252], [-84.076676, 41.714863], [-84.071305, 41.715001], [-84.056764, 41.715367], [-84.037373, 41.716112], [-84.017945, 41.716671], [-83.998694, 41.716813], [-83.993033, 41.716965], [-83.976831, 41.717378], [-83.9577, 41.718029], [-83.938014, 41.718742], [-83.931611, 41.718879], [-83.918858, 41.719165], [-83.899566, 41.719929], [-83.885186, 41.720043], [-83.880391, 41.720212], [-83.869181, 41.720635], [-83.859276, 41.721007], [-83.839986, 41.721535], [-83.820558, 41.721987], [-83.806142, 41.722379], [-83.802144, 41.722515], [-83.781444, 41.723024], [-83.76315, 41.723552], [-83.746098, 41.724121], [-83.744381, 41.724177], [-83.724205, 41.72488], [-83.70926, 41.725277], [-83.701518, 41.725631], [-83.700331, 41.725702], [-83.689044, 41.726393], [-83.688664, 41.726418], [-83.685444, 41.726622], [-83.675109, 41.726705], [-83.673796, 41.726723], [-83.666165, 41.726879], [-83.655805, 41.727231], [-83.645731, 41.727476], [-83.639991, 41.727667], [-83.628557, 41.728022], [-83.624533, 41.728148], [-83.605408, 41.728811], [-83.595575, 41.729022], [-83.58936, 41.729154], [-83.585542, 41.729237], [-83.573904, 41.729525], [-83.566866, 41.729702], [-83.556318, 41.729962], [-83.553614, 41.730029], [-83.547671, 41.730155], [-83.543483, 41.730315], [-83.536474, 41.730579], [-83.534522, 41.730652], [-83.531565, 41.730763], [-83.529991, 41.730824], [-83.528525, 41.730879], [-83.528433, 41.730881], [-83.521589, 41.731087], [-83.5167, 41.731232], [-83.509084, 41.73146], [-83.503995, 41.73162], [-83.501589, 41.731696], [-83.498186, 41.731792], [-83.497263, 41.731816], [-83.492387, 41.731944], [-83.488977, 41.732029], [-83.48871, 41.731997], [-83.482814, 41.732178], [-83.481108, 41.732211], [-83.479751, 41.732266], [-83.468977, 41.732533], [-83.464477, 41.732448], [-83.45538, 41.732844], [-83.453693, 41.732858], [-83.447121, 41.733136], [-83.423256, 41.733639], [-83.42163, 41.733674], [-83.415851, 41.733794], [-83.403843, 41.742648], [-83.390658, 41.75301], [-83.375218, 41.764841], [-83.305007, 41.815279], [-83.304464, 41.815748], [-83.249928, 41.857875], [-83.226843, 41.875045], [-83.185535, 41.905919], [-83.124923, 41.951218], [-83.11246, 41.95941], [-83.124923, 41.986292], [-83.13114, 42.000044], [-83.132268, 42.003091], [-83.137558, 42.014362], [-83.142089, 42.024461], [-83.143956, 42.02793], [-83.149786, 42.028098], [-83.164603, 42.028291], [-83.181261, 42.028454], [-83.184152, 42.028477], [-83.185574, 42.02917], [-83.185859, 42.029397], [-83.188927, 42.031117], [-83.190845, 42.032403], [-83.194291, 42.03277], [-83.199085, 42.03476], [-83.200089, 42.035645], [-83.200222, 42.03737], [-83.200434, 42.038174], [-83.200836, 42.038636], [-83.201557, 42.039062], [-83.202457, 42.039278], [-83.203661, 42.039211], [-83.205349, 42.039229], [-83.206237, 42.039453], [-83.207889, 42.039867], [-83.21033, 42.040369], [-83.210853, 42.041011], [-83.214211, 42.042577], [-83.217739, 42.044686], [-83.21848, 42.046212], [-83.219079, 42.048844], [-83.220469, 42.049116], [-83.222841, 42.048462], [-83.225464, 42.049104], [-83.225644, 42.049127], [-83.229087, 42.048326], [-83.229976, 42.048469], [-83.230433, 42.048678], [-83.230668, 42.048995], [-83.230645, 42.049504], [-83.229844, 42.050352], [-83.2292, 42.051575], [-83.228958, 42.052926], [-83.228896, 42.05452], [-83.229302, 42.054855], [-83.231051, 42.054549], [-83.231685, 42.054618], [-83.232312, 42.054857], [-83.233128, 42.055616], [-83.233335, 42.056136], [-83.233364, 42.057878], [-83.233571, 42.058398], [-83.234393, 42.059025], [-83.234954, 42.059157], [-83.235408, 42.058905], [-83.235647, 42.058291], [-83.236655, 42.057933], [-83.237053, 42.058127], [-83.237494, 42.058956], [-83.23842, 42.059652], [-83.239103, 42.059814], [-83.240911, 42.059766], [-83.242033, 42.060413], [-83.2426, 42.061205], [-83.243171, 42.06151], [-83.244249, 42.061563], [-83.246566, 42.060801], [-83.247433, 42.060675], [-83.24861, 42.060627], [-83.249242, 42.061157], [-83.249209, 42.062304], [-83.249619, 42.06304], [-83.250008, 42.063458], [-83.251133, 42.064053], [-83.251996, 42.064153], [-83.253912, 42.064066], [-83.25428, 42.064], [-83.254816, 42.063976], [-83.254993, 42.064187], [-83.254805, 42.064567], [-83.253978, 42.06498], [-83.253495, 42.065384], [-83.251882, 42.067132], [-83.251541, 42.067652], [-83.251753, 42.068243], [-83.252355, 42.068379], [-83.253084, 42.068094], [-83.254075, 42.068013], [-83.254277, 42.06803], [-83.254625, 42.068202], [-83.254878, 42.068657], [-83.255073, 42.070271], [-83.255299, 42.070778], [-83.256021, 42.071666], [-83.257173, 42.072855], [-83.257615, 42.073684], [-83.258655, 42.074184], [-83.259843, 42.074246], [-83.260396, 42.073855], [-83.260356, 42.07305], [-83.260629, 42.072923], [-83.261707, 42.073093], [-83.26214, 42.073055], [-83.262615, 42.072737], [-83.263951, 42.070498], [-83.264314, 42.069283], [-83.265079, 42.068754], [-83.266295, 42.068663], [-83.267129, 42.068862], [-83.267598, 42.069084], [-83.268479, 42.069795], [-83.269989, 42.071388], [-83.269899, 42.072058], [-83.269634, 42.072558], [-83.268959, 42.073373], [-83.268773, 42.073927], [-83.268776, 42.074281], [-83.268848, 42.074744], [-83.268938, 42.075039], [-83.26908, 42.075202], [-83.269485, 42.075492], [-83.269778, 42.075651], [-83.270084, 42.075903], [-83.270437, 42.076132], [-83.270825, 42.07621], [-83.271145, 42.076118], [-83.27158, 42.076034], [-83.272087, 42.075668], [-83.272582, 42.075241], [-83.273043, 42.07495], [-83.273322, 42.074925], [-83.273638, 42.074935], [-83.274295, 42.075067], [-83.275064, 42.075352], [-83.275835, 42.075781], [-83.276609, 42.075962], [-83.277073, 42.076095], [-83.277348, 42.076335], [-83.277474, 42.076571], [-83.277461, 42.07688], [-83.277339, 42.077315], [-83.276966, 42.078227], [-83.276664, 42.078762], [-83.276436, 42.07899], [-83.275771, 42.079273], [-83.275453, 42.079387], [-83.275045, 42.079582], [-83.274844, 42.079855], [-83.274787, 42.080119], [-83.274934, 42.080319], [-83.275253, 42.080306], [-83.276025, 42.080039], [-83.276609, 42.079798], [-83.277272, 42.079393], [-83.27768, 42.079337], [-83.278189, 42.079374], [-83.278649, 42.079487], [-83.279139, 42.079666], [-83.279529, 42.079881], [-83.279961, 42.080217], [-83.280273, 42.080627], [-83.280487, 42.080958], [-83.280531, 42.081331], [-83.280443, 42.081638], [-83.280154, 42.081832], [-83.279615, 42.081967], [-83.279122, 42.081953], [-83.278247, 42.081882], [-83.277617, 42.081856], [-83.277289, 42.081953], [-83.277165, 42.082042], [-83.277058, 42.082243], [-83.27708, 42.082483], [-83.277228, 42.082704], [-83.277467, 42.082816], [-83.278157, 42.082954], [-83.278513, 42.083005], [-83.278797, 42.083149], [-83.279048, 42.083442], [-83.279138, 42.083706], [-83.279351, 42.083947], [-83.279702, 42.084004], [-83.280021, 42.083916], [-83.280295, 42.08377], [-83.28066, 42.083518], [-83.281056, 42.083406], [-83.281694, 42.08342], [-83.282015, 42.083644], [-83.282307, 42.083888], [-83.282527, 42.084207], [-83.282456, 42.084396], [-83.282045, 42.0845], [-83.281634, 42.084507], [-83.280833, 42.084616], [-83.280487, 42.084761], [-83.280282, 42.085045], [-83.28025, 42.085358], [-83.28027, 42.085457], [-83.280465, 42.086058], [-83.281124, 42.086115], [-83.281541, 42.085996], [-83.281992, 42.085494], [-83.282446, 42.085496], [-83.283042, 42.085703], [-83.283245, 42.086126], [-83.28245, 42.086877], [-83.282354, 42.087147], [-83.282506, 42.088176], [-83.283141, 42.08939], [-83.283512, 42.089737], [-83.284155, 42.089952], [-83.2849, 42.089646], [-83.283969, 42.089074], [-83.284525, 42.088158], [-83.286469, 42.088153], [-83.286958, 42.089004], [-83.286314, 42.089066], [-83.285658, 42.089581], [-83.286079, 42.090608], [-83.286238, 42.090767], [-83.286743, 42.091209], [-83.287215, 42.089464], [-83.28732, 42.089322], [-83.288402, 42.089655], [-83.289344, 42.090043], [-83.289635, 42.090296], [-83.289556, 42.091137], [-83.289731, 42.091516], [-83.290232, 42.091913], [-83.290855, 42.092215], [-83.293039, 42.092378], [-83.293679, 42.092614], [-83.294355, 42.093071], [-83.294748, 42.093565], [-83.295063, 42.094237], [-83.295268, 42.094243], [-83.295275, 42.094234], [-83.302761, 42.094254], [-83.303606, 42.094245], [-83.303885, 42.094241], [-83.305915, 42.09422], [-83.308624, 42.094186], [-83.308797, 42.094181], [-83.31973, 42.094138], [-83.322477, 42.094126], [-83.325311, 42.094122], [-83.330101, 42.094095], [-83.330643, 42.094105], [-83.333545, 42.09409], [-83.337341, 42.094066], [-83.338839, 42.094058], [-83.342546, 42.094047], [-83.343347, 42.094044], [-83.345238, 42.094037], [-83.345928, 42.094036], [-83.347518, 42.094033], [-83.352484, 42.094019], [-83.353996, 42.094012], [-83.355095, 42.094008], [-83.3595, 42.094004], [-83.362193, 42.093992], [-83.366089, 42.093969], [-83.377159, 42.093901], [-83.377631, 42.0939], [-83.381501, 42.093862], [-83.383924, 42.093834], [-83.386786, 42.093811], [-83.391195, 42.093788], [-83.392196, 42.093784], [-83.398414, 42.09373], [-83.400219, 42.09372], [-83.400769, 42.093714], [-83.4086, 42.093657], [-83.416975, 42.093614], [-83.420761, 42.093568], [-83.420652, 42.091549], [-83.420673, 42.089965], [-83.420622, 42.087777], [-83.423434, 42.087764], [-83.430932, 42.087648], [-83.433104, 42.087627], [-83.440793, 42.087526], [-83.459637, 42.087259], [-83.461454, 42.087241], [-83.464503, 42.08718], [-83.471967, 42.087031], [-83.479967, 42.086879], [-83.485722, 42.086735], [-83.494488, 42.086517], [-83.498706, 42.086412], [-83.500167, 42.086374], [-83.503557, 42.086311], [-83.508483, 42.086201], [-83.509991, 42.086172], [-83.513407, 42.086101], [-83.523033, 42.085914], [-83.539396, 42.085598], [-83.546009, 42.085488], [-83.549212, 42.085375], [-83.558154, 42.085232], [-83.568746, 42.085051], [-83.575743, 42.084931], [-83.578791, 42.084877], [-83.579665, 42.084866], [-83.582994, 42.084816], [-83.58683, 42.084709], [-83.591443, 42.084775], [-83.598172, 42.084611], [-83.608019, 42.08448], [-83.617705, 42.084322], [-83.63722, 42.084033], [-83.63887, 42.084009], [-83.646553, 42.08389], [-83.656621, 42.084581], [-83.657412, 42.084584], [-83.66157, 42.084525], [-83.661488, 42.080937], [-83.662573, 42.080935], [-83.662538, 42.080053], [-83.661467, 42.080057], [-83.661464, 42.079875], [-83.662612, 42.079876], [-83.662594, 42.078197], [-83.661408, 42.078101], [-83.661401, 42.077931], [-83.662587, 42.078008], [-83.662503, 42.075827], [-83.663605, 42.07601], [-83.664315, 42.075269], [-83.662105, 42.073937], [-83.662025, 42.070049], [-83.664595, 42.070029], [-83.66608, 42.070002], [-83.670053, 42.069955], [-83.670402, 42.069953], [-83.670779, 42.069952], [-83.670896, 42.073632], [-83.679348, 42.073456], [-83.679279, 42.073424], [-83.677874, 42.072772], [-83.676742, 42.072247], [-83.676002, 42.071903], [-83.675943, 42.070341], [-83.67579, 42.066241], [-83.680498, 42.066179], [-83.682318, 42.066575], [-83.68483, 42.073385], [-83.685209, 42.073382], [-83.685726, 42.073014], [-83.685739, 42.073375], [-83.688108, 42.073343], [-83.688084, 42.072624], [-83.692614, 42.072563], [-83.695288, 42.070868], [-83.697322, 42.06961], [-83.704721, 42.069448], [-83.710245, 42.069351], [-83.711018, 42.068793], [-83.711212, 42.076547], [-83.711701, 42.076536], [-83.711872, 42.083639], [-83.715458, 42.083576], [-83.735862, 42.083147], [-83.740767, 42.083048], [-83.75169, 42.08285], [-83.763907, 42.082645], [-83.764414, 42.082616], [-83.771463, 42.0825], [-83.773922, 42.08243], [-83.77817, 42.082374], [-83.787322, 42.082206], [-83.793608, 42.082101], [-83.796503, 42.082045], [-83.803516, 42.081925], [-83.813126, 42.081761], [-83.819511, 42.081638], [-83.822272, 42.081599], [-83.832648, 42.081434], [-83.838459, 42.081324], [-83.841956, 42.08129], [-83.844699, 42.081235], [-83.85199, 42.081057], [-83.854953, 42.081065], [-83.857426, 42.080974], [-83.864706, 42.080869], [-83.871673, 42.080721], [-83.877056, 42.080617], [-83.885587, 42.080465], [-83.889685, 42.080382], [-83.896852, 42.080242], [-83.903138, 42.080099], [-83.909079, 42.079962], [-83.914041, 42.079866], [-83.921963, 42.079706], [-83.931246, 42.07951], [-83.952604, 42.079049], [-83.95824, 42.078916], [-83.972676, 42.078605], [-83.976907, 42.078532], [-83.978766, 42.078499], [-83.979522, 42.078485], [-83.982924, 42.078424], [-83.98581, 42.078371], [-83.987353, 42.078343], [-83.999528, 42.078018], [-84.002976, 42.078013], [-84.008337, 42.078005], [-84.008152, 42.073598], [-84.01359, 42.073499], [-84.018151, 42.073418], [-84.025115, 42.073351], [-84.026427, 42.073358], [-84.027441, 42.07334], [-84.028156, 42.073344], [-84.046912, 42.073003], [-84.0647, 42.072661], [-84.06648, 42.072607], [-84.076035, 42.0725], [-84.079197, 42.072195], [-84.080651, 42.072346], [-84.085841, 42.072181], [-84.086134, 42.072177], [-84.095964, 42.072128], [-84.106664, 42.072034], [-84.107439, 42.072032], [-84.109918, 42.072061], [-84.112435, 42.072048], [-84.126536, 42.071678], [-84.131963, 42.071577], [-84.132203, 42.082968], [-84.132284, 42.087151], [-84.132387, 42.092778], [-84.132416, 42.094384], [-84.132485, 42.098664], [-84.132536, 42.099972], [-84.132541, 42.100852], [-84.13293, 42.11532], [-84.133001, 42.118596], [-84.132946, 42.120318], [-84.133262, 42.127598], [-84.133293, 42.128309], [-84.133609, 42.136521], [-84.133899, 42.144662], [-84.133955, 42.146226], [-84.13404, 42.151875], [-84.134061, 42.155753], [-84.134079, 42.160182], [-84.134072, 42.161292], [-84.134065, 42.169251], [-84.13365, 42.177766], [-84.133376, 42.184023], [-84.133201, 42.188031], [-84.132988, 42.191344], [-84.132715, 42.198596], [-84.132516, 42.204223], [-84.132455, 42.205875], [-84.132363, 42.207271], [-84.132137, 42.211494], [-84.131817, 42.217384], [-84.131397, 42.228389], [-84.131185, 42.233612], [-84.131091, 42.242566], [-84.130771, 42.250035], [-84.130922, 42.262211], [-84.131007, 42.270182], [-84.131046, 42.272476], [-84.131095, 42.277572], [-84.131101, 42.278186], [-84.131205, 42.289183], [-84.131261, 42.296572], [-84.131269, 42.296814], [-84.131298, 42.304768], [-84.131305, 42.30669], [-84.131313, 42.310019], [-84.131386, 42.322206], [-84.131376, 42.322703], [-84.131485, 42.330356], [-84.131453, 42.334141], [-84.131553, 42.337111], [-84.131581, 42.347715], [-84.131589, 42.348498], [-84.131592, 42.349589], [-84.131472, 42.353728], [-84.131589, 42.356269], [-84.131602, 42.365492], [-84.13154, 42.368687], [-84.131604, 42.370869], [-84.13145, 42.380084], [-84.131383, 42.391017], [-84.13136, 42.394506], [-84.131408, 42.397525], [-84.131204, 42.411014], [-84.131193, 42.416453], [-84.131136, 42.424567], [-84.136147, 42.424572], [-84.138491, 42.424589], [-84.140713, 42.424611], [-84.150906, 42.424672], [-84.154732, 42.424708], [-84.170138, 42.424752], [-84.173105, 42.424757], [-84.200244, 42.424867], [-84.206177, 42.424867], [-84.214202, 42.424863], [-84.218285, 42.424867], [-84.225133, 42.424858], [-84.230237, 42.424851], [-84.234286, 42.42486], [-84.234953, 42.424735], [-84.242101, 42.424757], [-84.245114, 42.424759], [-84.246656, 42.424758], [-84.248316, 42.42476], [-84.250413, 42.424765], [-84.258292, 42.424745], [-84.265447, 42.424721], [-84.270302, 42.424525], [-84.270708, 42.42467], [-84.277786, 42.424674], [-84.279988, 42.424671], [-84.282323, 42.424679], [-84.294961, 42.424659], [-84.29726, 42.424656], [-84.31235, 42.424664], [-84.31661, 42.424744], [-84.319673, 42.424735], [-84.325466, 42.424717], [-84.327287, 42.424711], [-84.334022, 42.424715], [-84.355817, 42.424663], [-84.363036, 42.42469], [-84.364805, 42.424694], [-84.364783, 42.422147], [-84.374482, 42.422115], [-84.384332, 42.422126], [-84.394897, 42.422085], [-84.398996, 42.42207], [-84.408479, 42.422049], [-84.413679, 42.422047], [-84.428477, 42.422032], [-84.433218, 42.422061], [-84.433509, 42.42205], [-84.440779, 42.422065], [-84.440932, 42.422064], [-84.441042, 42.422065], [-84.443182, 42.422078], [-84.462743, 42.422079], [-84.467753, 42.422082], [-84.472408, 42.422106], [-84.477452, 42.422106], [-84.482268, 42.422111], [-84.497029, 42.42211], [-84.50444, 42.422087], [-84.506895, 42.422066], [-84.518351, 42.422041], [-84.521808, 42.422048], [-84.526233, 42.422044], [-84.526668, 42.422043], [-84.53141, 42.422033], [-84.531613, 42.422037], [-84.538963, 42.422046], [-84.540956, 42.422051], [-84.54136, 42.42205], [-84.551088, 42.422037], [-84.5513, 42.422036], [-84.560852, 42.421979], [-84.580445, 42.421953], [-84.580845, 42.421938], [-84.591019, 42.421951], [-84.600403, 42.421984], [-84.602702, 42.421947], [-84.610215, 42.421888], [-84.624972, 42.421816], [-84.635941, 42.421822], [-84.644704, 42.421808], [-84.648654, 42.421797], [-84.64967, 42.421789], [-84.650244, 42.421788], [-84.651926, 42.421782], [-84.665539, 42.421728], [-84.676212, 42.421681], [-84.681326, 42.42166], [-84.692442, 42.421617], [-84.7011, 42.421584], [-84.708224, 42.421558], [-84.718493, 42.42152], [-84.733227, 42.421455], [-84.738079, 42.421493], [-84.74767, 42.421502], [-84.754478, 42.421536], [-84.757467, 42.421555], [-84.767503, 42.421553], [-84.768044, 42.421553], [-84.771118, 42.421552], [-84.781406, 42.421569], [-84.787599, 42.421607], [-84.791619, 42.421619], [-84.794721, 42.421627], [-84.797026, 42.421634], [-84.810166, 42.421676], [-84.817738, 42.421707], [-84.829087, 42.421783]]]]}}, {"type": "Feature", "properties": {"id": 6, "NAME": "6", "text-color": "#000000", "text-size": 16, "TotalPop": 775273, "PopDevPct": 0.00012196, "DemPct": 0.62682156, "RepPct": 0.36008903, "WhitePct": 0.71506201, "MinorityPct": 0.28493799, "BlackPct": 0.10835193, "HispanicPct": 0.04336918, "PacificPct": 0.00117851, "AsianPct": 0.1111077, "NativePct": 0.01799246, "TotalVAP": 619426, "Margin": 0.12682156, "color": "#001fff", "opacity": "0.5", "year": 2022, "state": "MI", "state-district": "MI-06"}, "geometry": {"type": "MultiPolygon", "coordinates": [[[[-83.430832, 42.371809], [-83.430943, 42.374211], [-83.431199, 42.380235], [-83.43124, 42.381247], [-83.431273, 42.382004], [-83.431286, 42.382333], [-83.431329, 42.383367], [-83.431387, 42.384858], [-83.431421, 42.38584], [-83.431423, 42.385895], [-83.43145, 42.386674], [-83.431497, 42.38801], [-83.431529, 42.388834], [-83.431561, 42.389692], [-83.431593, 42.390575], [-83.431698, 42.393405], [-83.43175, 42.394613], [-83.431809, 42.395985], [-83.431834, 42.396559], [-83.432051, 42.401609], [-83.432263, 42.406543], [-83.432315, 42.40802], [-83.432328, 42.4086], [-83.432373, 42.409768], [-83.432424, 42.410658], [-83.432614, 42.414794], [-83.432697, 42.416829], [-83.432736, 42.418045], [-83.43289, 42.420736], [-83.432955, 42.422129], [-83.432997, 42.423045], [-83.433085, 42.424934], [-83.433293, 42.430315], [-83.433371, 42.431929], [-83.433472, 42.433913], [-83.433564, 42.43536], [-83.433672, 42.438942], [-83.433734, 42.43894], [-83.433524, 42.441146], [-83.433984, 42.446147], [-83.43427, 42.453484], [-83.434384, 42.456046], [-83.434545, 42.459391], [-83.434551, 42.459512], [-83.434613, 42.460812], [-83.434783, 42.464486], [-83.43481, 42.465093], [-83.434943, 42.467991], [-83.435098, 42.471756], [-83.435435, 42.478822], [-83.43552, 42.480553], [-83.435642, 42.483498], [-83.435666, 42.483934], [-83.435764, 42.486017], [-83.435772, 42.486215], [-83.435854, 42.488108], [-83.435949, 42.48983], [-83.436122, 42.494613], [-83.436222, 42.496873], [-83.436245, 42.497133], [-83.436463, 42.502233], [-83.436556, 42.504148], [-83.436592, 42.504817], [-83.436687, 42.506947], [-83.436756, 42.50842], [-83.436885, 42.511604], [-83.437068, 42.515422], [-83.437086, 42.51585], [-83.437203, 42.518425], [-83.437268, 42.519923], [-83.437538, 42.526072], [-83.437586, 42.527102], [-83.44274, 42.526989], [-83.445018, 42.526935], [-83.445555, 42.526925], [-83.451426, 42.526785], [-83.452317, 42.52676], [-83.455025, 42.526682], [-83.455782, 42.526662], [-83.458439, 42.526589], [-83.462042, 42.526488], [-83.464093, 42.526413], [-83.466365, 42.526342], [-83.467166, 42.526317], [-83.46846, 42.526277], [-83.469093, 42.526258], [-83.470915, 42.526208], [-83.474202, 42.5261], [-83.472815, 42.523868], [-83.47256, 42.520865], [-83.471217, 42.515338], [-83.471412, 42.514664], [-83.47222, 42.513363], [-83.472783, 42.512849], [-83.474385, 42.511855], [-83.475235, 42.511364], [-83.474505, 42.510033], [-83.476583, 42.50997], [-83.476911, 42.509055], [-83.476933, 42.508747], [-83.476897, 42.508239], [-83.476868, 42.507833], [-83.476778, 42.506398], [-83.476727, 42.505631], [-83.476618, 42.504216], [-83.476515, 42.502778], [-83.47871, 42.5027], [-83.479798, 42.502671], [-83.480398, 42.502657], [-83.481585, 42.50263], [-83.486526, 42.502463], [-83.486449, 42.500413], [-83.48733, 42.500366], [-83.487282, 42.499577], [-83.488768, 42.499747], [-83.490622, 42.499279], [-83.491403, 42.498939], [-83.491718, 42.4984], [-83.491321, 42.49767], [-83.490789, 42.497031], [-83.490308, 42.496056], [-83.49028, 42.495213], [-83.496014, 42.495012], [-83.505723, 42.494734], [-83.510771, 42.494555], [-83.511465, 42.494531], [-83.515867, 42.494431], [-83.516073, 42.494403], [-83.518654, 42.494394], [-83.518287, 42.494117], [-83.520085, 42.494264], [-83.531957, 42.493845], [-83.53377, 42.49377], [-83.535818, 42.493691], [-83.540701, 42.493578], [-83.545088, 42.493482], [-83.547427, 42.493425], [-83.549978, 42.493352], [-83.551758, 42.493295], [-83.55521, 42.493165], [-83.555194, 42.492867], [-83.555006, 42.490087], [-83.554451, 42.480412], [-83.55442, 42.479871], [-83.554328, 42.478447], [-83.554151, 42.475336], [-83.554042, 42.473387], [-83.553729, 42.46763], [-83.553608, 42.465445], [-83.553511, 42.464036], [-83.553396, 42.461336], [-83.553107, 42.456879], [-83.553101, 42.456773], [-83.552733, 42.449614], [-83.552722, 42.449442], [-83.55244, 42.444945], [-83.551907, 42.435166], [-83.566706, 42.43467], [-83.571328, 42.434513], [-83.59031, 42.433857], [-83.609412, 42.43317], [-83.614623, 42.432969], [-83.624986, 42.432598], [-83.62974, 42.432438], [-83.636401, 42.432186], [-83.637675, 42.43214], [-83.642457, 42.431958], [-83.643626, 42.43192], [-83.649247, 42.431722], [-83.659045, 42.431359], [-83.664808, 42.431179], [-83.671171, 42.43097], [-83.677289, 42.430749], [-83.694509, 42.430129], [-83.695334, 42.430102], [-83.709521, 42.42967], [-83.724498, 42.429163], [-83.733589, 42.428801], [-83.744824, 42.428479], [-83.746366, 42.428503], [-83.761648, 42.429248], [-83.762141, 42.429272], [-83.766493, 42.429313], [-83.766802, 42.429301], [-83.768978, 42.429126], [-83.769657, 42.429125], [-83.774672, 42.428966], [-83.775123, 42.428951], [-83.777645, 42.428874], [-83.778955, 42.428837], [-83.787247, 42.428591], [-83.79053, 42.428505], [-83.796398, 42.428282], [-83.811837, 42.42785], [-83.818498, 42.427688], [-83.82767, 42.42746], [-83.834859, 42.427283], [-83.864942, 42.426485], [-83.86968, 42.426335], [-83.875327, 42.42612], [-83.881685, 42.425894], [-83.885027, 42.425776], [-83.885684, 42.425761], [-83.885737, 42.425759], [-83.887364, 42.425717], [-83.901563, 42.425349], [-83.903208, 42.425244], [-83.904157, 42.425224], [-83.905805, 42.425174], [-83.908123, 42.425166], [-83.909697, 42.425111], [-83.910456, 42.425086], [-83.915746, 42.424911], [-83.922393, 42.42469], [-83.923054, 42.424668], [-83.924727, 42.424613], [-83.924912, 42.424607], [-83.92567, 42.424616], [-83.926548, 42.424594], [-83.929966, 42.424556], [-83.942601, 42.424197], [-83.94465, 42.424149], [-83.947483, 42.424157], [-83.949952, 42.424173], [-83.952876, 42.4242], [-83.963891, 42.42421], [-83.966222, 42.424185], [-83.970784, 42.424133], [-83.976259, 42.42406], [-83.987409, 42.424024], [-83.994456, 42.424004], [-83.997637, 42.423996], [-83.998665, 42.423994], [-83.998947, 42.423994], [-84.000707, 42.423988], [-84.003574, 42.423977], [-84.010929, 42.423932], [-84.015069, 42.423904], [-84.016568, 42.423911], [-84.019028, 42.42391], [-84.023402, 42.42393], [-84.027079, 42.423924], [-84.029503, 42.423919], [-84.041282, 42.423935], [-84.054705, 42.424045], [-84.062313, 42.424123], [-84.066638, 42.424198], [-84.06719, 42.424207], [-84.068609, 42.424215], [-84.074071, 42.42418], [-84.083572, 42.424343], [-84.088683, 42.424411], [-84.097709, 42.424436], [-84.098954, 42.424415], [-84.099077, 42.424417], [-84.0992, 42.424419], [-84.099328, 42.424422], [-84.099456, 42.424424], [-84.100649, 42.424443], [-84.111579, 42.424478], [-84.112038, 42.424475], [-84.114543, 42.424462], [-84.118335, 42.424516], [-84.118566, 42.424518], [-84.119417, 42.424526], [-84.122272, 42.424521], [-84.131136, 42.424567], [-84.131193, 42.416453], [-84.131204, 42.411014], [-84.131408, 42.397525], [-84.13136, 42.394506], [-84.131383, 42.391017], [-84.13145, 42.380084], [-84.131604, 42.370869], [-84.13154, 42.368687], [-84.131602, 42.365492], [-84.131589, 42.356269], [-84.131472, 42.353728], [-84.131592, 42.349589], [-84.131589, 42.348498], [-84.131581, 42.347715], [-84.131553, 42.337111], [-84.131453, 42.334141], [-84.131485, 42.330356], [-84.131376, 42.322703], [-84.131386, 42.322206], [-84.131313, 42.310019], [-84.131305, 42.30669], [-84.131298, 42.304768], [-84.131269, 42.296814], [-84.131261, 42.296572], [-84.131205, 42.289183], [-84.131101, 42.278186], [-84.131095, 42.277572], [-84.131046, 42.272476], [-84.131007, 42.270182], [-84.130922, 42.262211], [-84.130771, 42.250035], [-84.131091, 42.242566], [-84.131185, 42.233612], [-84.131397, 42.228389], [-84.131817, 42.217384], [-84.132137, 42.211494], [-84.132363, 42.207271], [-84.132455, 42.205875], [-84.132516, 42.204223], [-84.132715, 42.198596], [-84.132988, 42.191344], [-84.133201, 42.188031], [-84.133376, 42.184023], [-84.13365, 42.177766], [-84.134065, 42.169251], [-84.134072, 42.161292], [-84.134079, 42.160182], [-84.134061, 42.155753], [-84.13404, 42.151875], [-84.133955, 42.146226], [-84.133899, 42.144662], [-84.133609, 42.136521], [-84.133293, 42.128309], [-84.133262, 42.127598], [-84.132946, 42.120318], [-84.133001, 42.118596], [-84.13293, 42.11532], [-84.132541, 42.100852], [-84.132536, 42.099972], [-84.132485, 42.098664], [-84.132416, 42.094384], [-84.132387, 42.092778], [-84.132284, 42.087151], [-84.132203, 42.082968], [-84.131963, 42.071577], [-84.126536, 42.071678], [-84.112435, 42.072048], [-84.109918, 42.072061], [-84.107439, 42.072032], [-84.106664, 42.072034], [-84.095964, 42.072128], [-84.086134, 42.072177], [-84.085841, 42.072181], [-84.080651, 42.072346], [-84.079197, 42.072195], [-84.076035, 42.0725], [-84.06648, 42.072607], [-84.0647, 42.072661], [-84.046912, 42.073003], [-84.028156, 42.073344], [-84.027441, 42.07334], [-84.026427, 42.073358], [-84.025115, 42.073351], [-84.018151, 42.073418], [-84.01359, 42.073499], [-84.008152, 42.073598], [-84.008337, 42.078005], [-84.002976, 42.078013], [-83.999528, 42.078018], [-83.987353, 42.078343], [-83.98581, 42.078371], [-83.982924, 42.078424], [-83.979522, 42.078485], [-83.978766, 42.078499], [-83.976907, 42.078532], [-83.972676, 42.078605], [-83.95824, 42.078916], [-83.952604, 42.079049], [-83.931246, 42.07951], [-83.921963, 42.079706], [-83.914041, 42.079866], [-83.909079, 42.079962], [-83.903138, 42.080099], [-83.896852, 42.080242], [-83.889685, 42.080382], [-83.885587, 42.080465], [-83.877056, 42.080617], [-83.871673, 42.080721], [-83.864706, 42.080869], [-83.857426, 42.080974], [-83.854953, 42.081065], [-83.85199, 42.081057], [-83.844699, 42.081235], [-83.841956, 42.08129], [-83.838459, 42.081324], [-83.832648, 42.081434], [-83.822272, 42.081599], [-83.819511, 42.081638], [-83.813126, 42.081761], [-83.803516, 42.081925], [-83.796503, 42.082045], [-83.793608, 42.082101], [-83.787322, 42.082206], [-83.77817, 42.082374], [-83.773922, 42.08243], [-83.771463, 42.0825], [-83.764414, 42.082616], [-83.763907, 42.082645], [-83.75169, 42.08285], [-83.740767, 42.083048], [-83.735862, 42.083147], [-83.715458, 42.083576], [-83.711872, 42.083639], [-83.711701, 42.076536], [-83.711212, 42.076547], [-83.711018, 42.068793], [-83.710245, 42.069351], [-83.704721, 42.069448], [-83.697322, 42.06961], [-83.695288, 42.070868], [-83.692614, 42.072563], [-83.688084, 42.072624], [-83.688108, 42.073343], [-83.685739, 42.073375], [-83.685726, 42.073014], [-83.685209, 42.073382], [-83.68483, 42.073385], [-83.682318, 42.066575], [-83.680498, 42.066179], [-83.67579, 42.066241], [-83.675943, 42.070341], [-83.676002, 42.071903], [-83.676742, 42.072247], [-83.677874, 42.072772], [-83.679279, 42.073424], [-83.679348, 42.073456], [-83.670896, 42.073632], [-83.670779, 42.069952], [-83.670402, 42.069953], [-83.670053, 42.069955], [-83.66608, 42.070002], [-83.664595, 42.070029], [-83.662025, 42.070049], [-83.662105, 42.073937], [-83.664315, 42.075269], [-83.663605, 42.07601], [-83.662503, 42.075827], [-83.662587, 42.078008], [-83.661401, 42.077931], [-83.661408, 42.078101], [-83.662594, 42.078197], [-83.662612, 42.079876], [-83.661464, 42.079875], [-83.661467, 42.080057], [-83.662538, 42.080053], [-83.662573, 42.080935], [-83.661488, 42.080937], [-83.66157, 42.084525], [-83.657412, 42.084584], [-83.656621, 42.084581], [-83.646553, 42.08389], [-83.63887, 42.084009], [-83.63722, 42.084033], [-83.617705, 42.084322], [-83.608019, 42.08448], [-83.598172, 42.084611], [-83.591443, 42.084775], [-83.58683, 42.084709], [-83.582994, 42.084816], [-83.579665, 42.084866], [-83.578791, 42.084877], [-83.575743, 42.084931], [-83.568746, 42.085051], [-83.558154, 42.085232], [-83.549212, 42.085375], [-83.546009, 42.085488], [-83.539396, 42.085598], [-83.523033, 42.085914], [-83.513407, 42.086101], [-83.509991, 42.086172], [-83.508483, 42.086201], [-83.503557, 42.086311], [-83.500167, 42.086374], [-83.498706, 42.086412], [-83.494488, 42.086517], [-83.485722, 42.086735], [-83.479967, 42.086879], [-83.471967, 42.087031], [-83.464503, 42.08718], [-83.461454, 42.087241], [-83.459637, 42.087259], [-83.440793, 42.087526], [-83.433104, 42.087627], [-83.430932, 42.087648], [-83.423434, 42.087764], [-83.420622, 42.087777], [-83.420673, 42.089965], [-83.420652, 42.091549], [-83.420761, 42.093568], [-83.416975, 42.093614], [-83.4086, 42.093657], [-83.400769, 42.093714], [-83.400219, 42.09372], [-83.398414, 42.09373], [-83.392196, 42.093784], [-83.391195, 42.093788], [-83.386786, 42.093811], [-83.383924, 42.093834], [-83.381501, 42.093862], [-83.377631, 42.0939], [-83.377159, 42.093901], [-83.366089, 42.093969], [-83.362193, 42.093992], [-83.3595, 42.094004], [-83.355095, 42.094008], [-83.353996, 42.094012], [-83.352484, 42.094019], [-83.347518, 42.094033], [-83.345928, 42.094036], [-83.345238, 42.094037], [-83.343347, 42.094044], [-83.342546, 42.094047], [-83.338839, 42.094058], [-83.337341, 42.094066], [-83.333545, 42.09409], [-83.330643, 42.094105], [-83.330101, 42.094095], [-83.325311, 42.094122], [-83.322477, 42.094126], [-83.31973, 42.094138], [-83.308797, 42.094181], [-83.308624, 42.094186], [-83.305915, 42.09422], [-83.303885, 42.094241], [-83.303606, 42.094245], [-83.302761, 42.094254], [-83.295275, 42.094234], [-83.295268, 42.094243], [-83.295063, 42.094237], [-83.294748, 42.093565], [-83.294355, 42.093071], [-83.293679, 42.092614], [-83.293039, 42.092378], [-83.290855, 42.092215], [-83.290232, 42.091913], [-83.289731, 42.091516], [-83.289556, 42.091137], [-83.289635, 42.090296], [-83.289344, 42.090043], [-83.288402, 42.089655], [-83.28732, 42.089322], [-83.287215, 42.089464], [-83.286743, 42.091209], [-83.286238, 42.090767], [-83.286079, 42.090608], [-83.285658, 42.089581], [-83.286314, 42.089066], [-83.286958, 42.089004], [-83.286469, 42.088153], [-83.284525, 42.088158], [-83.283969, 42.089074], [-83.2849, 42.089646], [-83.284155, 42.089952], [-83.283512, 42.089737], [-83.283141, 42.08939], [-83.282506, 42.088176], [-83.282354, 42.087147], [-83.28245, 42.086877], [-83.283245, 42.086126], [-83.283042, 42.085703], [-83.282446, 42.085496], [-83.281992, 42.085494], [-83.281541, 42.085996], [-83.281124, 42.086115], [-83.280465, 42.086058], [-83.28027, 42.085457], [-83.28025, 42.085358], [-83.280282, 42.085045], [-83.280487, 42.084761], [-83.280833, 42.084616], [-83.281634, 42.084507], [-83.282045, 42.0845], [-83.282456, 42.084396], [-83.282527, 42.084207], [-83.282307, 42.083888], [-83.282015, 42.083644], [-83.281694, 42.08342], [-83.281056, 42.083406], [-83.28066, 42.083518], [-83.280295, 42.08377], [-83.280021, 42.083916], [-83.279702, 42.084004], [-83.279351, 42.083947], [-83.279138, 42.083706], [-83.279048, 42.083442], [-83.278797, 42.083149], [-83.278513, 42.083005], [-83.278157, 42.082954], [-83.277467, 42.082816], [-83.277228, 42.082704], [-83.27708, 42.082483], [-83.277058, 42.082243], [-83.277165, 42.082042], [-83.277289, 42.081953], [-83.277617, 42.081856], [-83.278247, 42.081882], [-83.279122, 42.081953], [-83.279615, 42.081967], [-83.280154, 42.081832], [-83.280443, 42.081638], [-83.280531, 42.081331], [-83.280487, 42.080958], [-83.280273, 42.080627], [-83.279961, 42.080217], [-83.279529, 42.079881], [-83.279139, 42.079666], [-83.278649, 42.079487], [-83.278189, 42.079374], [-83.27768, 42.079337], [-83.277272, 42.079393], [-83.276609, 42.079798], [-83.276025, 42.080039], [-83.275253, 42.080306], [-83.274934, 42.080319], [-83.274787, 42.080119], [-83.274844, 42.079855], [-83.275045, 42.079582], [-83.275453, 42.079387], [-83.275771, 42.079273], [-83.276436, 42.07899], [-83.276664, 42.078762], [-83.276966, 42.078227], [-83.277339, 42.077315], [-83.277461, 42.07688], [-83.277474, 42.076571], [-83.277348, 42.076335], [-83.277073, 42.076095], [-83.276609, 42.075962], [-83.275835, 42.075781], [-83.275064, 42.075352], [-83.274295, 42.075067], [-83.273638, 42.074935], [-83.273322, 42.074925], [-83.273043, 42.07495], [-83.272582, 42.075241], [-83.272087, 42.075668], [-83.27158, 42.076034], [-83.271145, 42.076118], [-83.270825, 42.07621], [-83.270437, 42.076132], [-83.270084, 42.075903], [-83.269778, 42.075651], [-83.269485, 42.075492], [-83.26908, 42.075202], [-83.268938, 42.075039], [-83.268848, 42.074744], [-83.268776, 42.074281], [-83.268773, 42.073927], [-83.268959, 42.073373], [-83.269634, 42.072558], [-83.269899, 42.072058], [-83.269989, 42.071388], [-83.268479, 42.069795], [-83.267598, 42.069084], [-83.267129, 42.068862], [-83.266295, 42.068663], [-83.265079, 42.068754], [-83.264314, 42.069283], [-83.263951, 42.070498], [-83.262615, 42.072737], [-83.26214, 42.073055], [-83.261707, 42.073093], [-83.260629, 42.072923], [-83.260356, 42.07305], [-83.260396, 42.073855], [-83.259843, 42.074246], [-83.258655, 42.074184], [-83.257615, 42.073684], [-83.257173, 42.072855], [-83.256021, 42.071666], [-83.255299, 42.070778], [-83.255073, 42.070271], [-83.254878, 42.068657], [-83.254625, 42.068202], [-83.254277, 42.06803], [-83.254075, 42.068013], [-83.253084, 42.068094], [-83.252355, 42.068379], [-83.251753, 42.068243], [-83.251541, 42.067652], [-83.251882, 42.067132], [-83.253495, 42.065384], [-83.253978, 42.06498], [-83.254805, 42.064567], [-83.254993, 42.064187], [-83.254816, 42.063976], [-83.25428, 42.064], [-83.253912, 42.064066], [-83.251996, 42.064153], [-83.251133, 42.064053], [-83.250008, 42.063458], [-83.249619, 42.06304], [-83.249209, 42.062304], [-83.249242, 42.061157], [-83.24861, 42.060627], [-83.247433, 42.060675], [-83.246566, 42.060801], [-83.244249, 42.061563], [-83.243171, 42.06151], [-83.2426, 42.061205], [-83.242033, 42.060413], [-83.240911, 42.059766], [-83.239103, 42.059814], [-83.23842, 42.059652], [-83.237494, 42.058956], [-83.237053, 42.058127], [-83.236655, 42.057933], [-83.235647, 42.058291], [-83.235408, 42.058905], [-83.234954, 42.059157], [-83.234393, 42.059025], [-83.233571, 42.058398], [-83.233364, 42.057878], [-83.233335, 42.056136], [-83.233128, 42.055616], [-83.232312, 42.054857], [-83.231685, 42.054618], [-83.231051, 42.054549], [-83.229302, 42.054855], [-83.228896, 42.05452], [-83.228958, 42.052926], [-83.2292, 42.051575], [-83.229844, 42.050352], [-83.230645, 42.049504], [-83.230668, 42.048995], [-83.230433, 42.048678], [-83.229976, 42.048469], [-83.229087, 42.048326], [-83.225644, 42.049127], [-83.225464, 42.049104], [-83.222841, 42.048462], [-83.220469, 42.049116], [-83.219079, 42.048844], [-83.21848, 42.046212], [-83.217739, 42.044686], [-83.214211, 42.042577], [-83.210853, 42.041011], [-83.21033, 42.040369], [-83.207889, 42.039867], [-83.206237, 42.039453], [-83.205349, 42.039229], [-83.203661, 42.039211], [-83.202457, 42.039278], [-83.201557, 42.039062], [-83.200836, 42.038636], [-83.200434, 42.038174], [-83.200222, 42.03737], [-83.200089, 42.035645], [-83.199085, 42.03476], [-83.194291, 42.03277], [-83.190845, 42.032403], [-83.188927, 42.031117], [-83.185859, 42.029397], [-83.185574, 42.02917], [-83.184152, 42.028477], [-83.181261, 42.028454], [-83.164603, 42.028291], [-83.149786, 42.028098], [-83.143956, 42.02793], [-83.146172, 42.033983], [-83.14945, 42.040264], [-83.147742, 42.046438], [-83.145691, 42.053858], [-83.136179, 42.078328], [-83.133996, 42.084255], [-83.132123, 42.088139], [-83.132063, 42.090035], [-83.132017, 42.090174], [-83.128193, 42.101939], [-83.127526, 42.104968], [-83.124758, 42.10882], [-83.122401, 42.114269], [-83.12127, 42.117454], [-83.119386, 42.124685], [-83.119228, 42.125263], [-83.120173, 42.127732], [-83.121279, 42.130974], [-83.122567, 42.133081], [-83.125304, 42.137556], [-83.128033, 42.150513], [-83.130664, 42.16269], [-83.132921, 42.169931], [-83.134384, 42.174621], [-83.13323, 42.184627], [-83.132438, 42.192849], [-83.132032, 42.195541], [-83.131471, 42.202772], [-83.137779, 42.202915], [-83.143011, 42.202877], [-83.143236, 42.202618], [-83.146965, 42.199139], [-83.148844, 42.192604], [-83.150517, 42.192608], [-83.15127, 42.190671], [-83.153113, 42.18715], [-83.153609, 42.186782], [-83.15442, 42.185409], [-83.159992, 42.185304], [-83.160205, 42.185304], [-83.166295, 42.185221], [-83.166627, 42.185216], [-83.167525, 42.185203], [-83.167959, 42.185195], [-83.168453, 42.185186], [-83.170429, 42.185153], [-83.171446, 42.18514], [-83.17246, 42.185123], [-83.173478, 42.185108], [-83.178363, 42.185033], [-83.178555, 42.185032], [-83.179593, 42.185014], [-83.18074, 42.184996], [-83.181838, 42.184985], [-83.182051, 42.184987], [-83.182919, 42.18497], [-83.183951, 42.184959], [-83.187968, 42.184922], [-83.189317, 42.184896], [-83.189795, 42.184891], [-83.197461, 42.184731], [-83.199079, 42.18469], [-83.199205, 42.184688], [-83.200447, 42.184668], [-83.201627, 42.184647], [-83.202756, 42.184628], [-83.203216, 42.184623], [-83.204435, 42.184612], [-83.205596, 42.184593], [-83.206875, 42.184568], [-83.20872, 42.184541], [-83.212003, 42.184489], [-83.213086, 42.184486], [-83.214881, 42.184457], [-83.218122, 42.1844], [-83.220459, 42.184365], [-83.223807, 42.18433], [-83.226778, 42.184299], [-83.228123, 42.184279], [-83.22941, 42.184255], [-83.23063, 42.184231], [-83.231836, 42.184206], [-83.232954, 42.184183], [-83.243267, 42.183979], [-83.244034, 42.183963], [-83.247679, 42.183892], [-83.257464, 42.183674], [-83.261535, 42.183588], [-83.267242, 42.183466], [-83.279155, 42.182934], [-83.282735, 42.182762], [-83.283257, 42.182725], [-83.286823, 42.182535], [-83.287089, 42.18252], [-83.29226, 42.182174], [-83.295785, 42.18194], [-83.296795, 42.181873], [-83.306022, 42.181282], [-83.306271, 42.181274], [-83.312684, 42.181131], [-83.313224, 42.18112], [-83.315844, 42.181074], [-83.318535, 42.181033], [-83.323191, 42.180972], [-83.324269, 42.180961], [-83.325518, 42.180946], [-83.329347, 42.180884], [-83.333888, 42.180811], [-83.345006, 42.180633], [-83.364501, 42.180387], [-83.370571, 42.180272], [-83.374209, 42.180204], [-83.383897, 42.180064], [-83.387032, 42.180002], [-83.388025, 42.17998], [-83.388518, 42.179972], [-83.391925, 42.17991], [-83.393968, 42.179862], [-83.394073, 42.179858], [-83.394252, 42.179853], [-83.403471, 42.179696], [-83.405757, 42.17966], [-83.416358, 42.179472], [-83.419317, 42.179458], [-83.421637, 42.179447], [-83.421868, 42.179445], [-83.423191, 42.179439], [-83.423205, 42.179999], [-83.423209, 42.180152], [-83.423289, 42.183225], [-83.423319, 42.184355], [-83.423323, 42.184534], [-83.423404, 42.187636], [-83.423409, 42.18781], [-83.42343, 42.188636], [-83.423452, 42.18947], [-83.423648, 42.196993], [-83.423718, 42.199089], [-83.423759, 42.20023], [-83.423815, 42.201811], [-83.423975, 42.208078], [-83.424057, 42.209836], [-83.424122, 42.2115], [-83.424279, 42.215248], [-83.4243, 42.216384], [-83.424415, 42.219776], [-83.424421, 42.219938], [-83.424436, 42.220404], [-83.424446, 42.220724], [-83.424528, 42.222843], [-83.424692, 42.227955], [-83.424747, 42.229452], [-83.424759, 42.229828], [-83.424953, 42.235639], [-83.424968, 42.23615], [-83.425025, 42.237938], [-83.425127, 42.241117], [-83.425172, 42.242865], [-83.425377, 42.248346], [-83.425415, 42.24934], [-83.425552, 42.253096], [-83.425698, 42.256439], [-83.426534, 42.265351], [-83.426583, 42.265857], [-83.42679, 42.271163], [-83.426793, 42.271212], [-83.426866, 42.273035], [-83.426905, 42.274016], [-83.427107, 42.278883], [-83.427112, 42.279204], [-83.427312, 42.284241], [-83.427436, 42.287465], [-83.427594, 42.291549], [-83.427705, 42.294586], [-83.427931, 42.300203], [-83.428037, 42.302856], [-83.428064, 42.303536], [-83.428283, 42.308981], [-83.428496, 42.314294], [-83.428692, 42.319187], [-83.428863, 42.323448], [-83.429083, 42.328916], [-83.429179, 42.331303], [-83.429219, 42.332306], [-83.429597, 42.341727], [-83.429616, 42.342373], [-83.429714, 42.345005], [-83.42991, 42.349546], [-83.430038, 42.352465], [-83.430089, 42.356153], [-83.43033, 42.359714], [-83.430356, 42.360348], [-83.430407, 42.361745], [-83.430475, 42.363492], [-83.430637, 42.367173], [-83.430665, 42.367815], [-83.430705, 42.368713], [-83.430742, 42.369563], [-83.430758, 42.36993], [-83.430832, 42.371809]]]]}}, {"type": "Feature", "properties": {"id": 7, "NAME": "7", "text-color": "#000000", "text-size": 16, "TotalPop": 775238, "PopDevPct": 7.681e-05, "DemPct": 0.49608911, "RepPct": 0.48662251, "WhitePct": 0.82032692, "MinorityPct": 0.17967308, "BlackPct": 0.06796747, "HispanicPct": 0.04769128, "PacificPct": 0.00118136, "AsianPct": 0.03764644, "NativePct": 0.02185352, "TotalVAP": 611160, "Margin": -0.00391089, "color": "#ff2000", "opacity": "0.5", "year": 2022, "state": "MI", "state-district": "MI-07"}, "geometry": {"type": "MultiPolygon", "coordinates": [[[[-84.482268, 42.422111], [-84.477452, 42.422106], [-84.472408, 42.422106], [-84.467753, 42.422082], [-84.462743, 42.422079], [-84.443182, 42.422078], [-84.441042, 42.422065], [-84.440932, 42.422064], [-84.440779, 42.422065], [-84.433509, 42.42205], [-84.433218, 42.422061], [-84.428477, 42.422032], [-84.413679, 42.422047], [-84.408479, 42.422049], [-84.398996, 42.42207], [-84.394897, 42.422085], [-84.384332, 42.422126], [-84.374482, 42.422115], [-84.364783, 42.422147], [-84.364805, 42.424694], [-84.363036, 42.42469], [-84.355817, 42.424663], [-84.334022, 42.424715], [-84.327287, 42.424711], [-84.325466, 42.424717], [-84.319673, 42.424735], [-84.31661, 42.424744], [-84.31235, 42.424664], [-84.29726, 42.424656], [-84.294961, 42.424659], [-84.282323, 42.424679], [-84.279988, 42.424671], [-84.277786, 42.424674], [-84.270708, 42.42467], [-84.270302, 42.424525], [-84.265447, 42.424721], [-84.258292, 42.424745], [-84.250413, 42.424765], [-84.248316, 42.42476], [-84.246656, 42.424758], [-84.245114, 42.424759], [-84.242101, 42.424757], [-84.234953, 42.424735], [-84.234286, 42.42486], [-84.230237, 42.424851], [-84.225133, 42.424858], [-84.218285, 42.424867], [-84.214202, 42.424863], [-84.206177, 42.424867], [-84.200244, 42.424867], [-84.173105, 42.424757], [-84.170138, 42.424752], [-84.154732, 42.424708], [-84.150906, 42.424672], [-84.140713, 42.424611], [-84.138491, 42.424589], [-84.136147, 42.424572], [-84.131136, 42.424567], [-84.122272, 42.424521], [-84.119417, 42.424526], [-84.118566, 42.424518], [-84.118335, 42.424516], [-84.114543, 42.424462], [-84.112038, 42.424475], [-84.111579, 42.424478], [-84.100649, 42.424443], [-84.099456, 42.424424], [-84.099328, 42.424422], [-84.0992, 42.424419], [-84.099077, 42.424417], [-84.098954, 42.424415], [-84.097709, 42.424436], [-84.088683, 42.424411], [-84.083572, 42.424343], [-84.074071, 42.42418], [-84.068609, 42.424215], [-84.06719, 42.424207], [-84.066638, 42.424198], [-84.062313, 42.424123], [-84.054705, 42.424045], [-84.041282, 42.423935], [-84.029503, 42.423919], [-84.027079, 42.423924], [-84.023402, 42.42393], [-84.019028, 42.42391], [-84.016568, 42.423911], [-84.015069, 42.423904], [-84.010929, 42.423932], [-84.003574, 42.423977], [-84.000707, 42.423988], [-83.998947, 42.423994], [-83.998665, 42.423994], [-83.997637, 42.423996], [-83.994456, 42.424004], [-83.987409, 42.424024], [-83.976259, 42.42406], [-83.970784, 42.424133], [-83.966222, 42.424185], [-83.963891, 42.42421], [-83.952876, 42.4242], [-83.949952, 42.424173], [-83.947483, 42.424157], [-83.94465, 42.424149], [-83.942601, 42.424197], [-83.929966, 42.424556], [-83.926548, 42.424594], [-83.92567, 42.424616], [-83.924912, 42.424607], [-83.924727, 42.424613], [-83.923054, 42.424668], [-83.922393, 42.42469], [-83.915746, 42.424911], [-83.910456, 42.425086], [-83.909697, 42.425111], [-83.908123, 42.425166], [-83.905805, 42.425174], [-83.904157, 42.425224], [-83.903208, 42.425244], [-83.901563, 42.425349], [-83.887364, 42.425717], [-83.885737, 42.425759], [-83.885684, 42.425761], [-83.885027, 42.425776], [-83.881685, 42.425894], [-83.875327, 42.42612], [-83.86968, 42.426335], [-83.864942, 42.426485], [-83.834859, 42.427283], [-83.82767, 42.42746], [-83.818498, 42.427688], [-83.811837, 42.42785], [-83.796398, 42.428282], [-83.79053, 42.428505], [-83.787247, 42.428591], [-83.778955, 42.428837], [-83.777645, 42.428874], [-83.775123, 42.428951], [-83.774672, 42.428966], [-83.769657, 42.429125], [-83.768978, 42.429126], [-83.766802, 42.429301], [-83.766493, 42.429313], [-83.762141, 42.429272], [-83.761648, 42.429248], [-83.746366, 42.428503], [-83.744824, 42.428479], [-83.733589, 42.428801], [-83.724498, 42.429163], [-83.709521, 42.42967], [-83.695334, 42.430102], [-83.694509, 42.430129], [-83.677289, 42.430749], [-83.671171, 42.43097], [-83.664808, 42.431179], [-83.659045, 42.431359], [-83.649247, 42.431722], [-83.643626, 42.43192], [-83.642457, 42.431958], [-83.637675, 42.43214], [-83.636401, 42.432186], [-83.62974, 42.432438], [-83.624986, 42.432598], [-83.614623, 42.432969], [-83.609412, 42.43317], [-83.59031, 42.433857], [-83.571328, 42.434513], [-83.566706, 42.43467], [-83.551907, 42.435166], [-83.55244, 42.444945], [-83.552722, 42.449442], [-83.552733, 42.449614], [-83.553101, 42.456773], [-83.553107, 42.456879], [-83.553396, 42.461336], [-83.553511, 42.464036], [-83.553608, 42.465445], [-83.553729, 42.46763], [-83.554042, 42.473387], [-83.554151, 42.475336], [-83.554328, 42.478447], [-83.55442, 42.479871], [-83.554451, 42.480412], [-83.555006, 42.490087], [-83.555194, 42.492867], [-83.55521, 42.493165], [-83.555514, 42.498597], [-83.555648, 42.502092], [-83.555659, 42.50231], [-83.55593, 42.507521], [-83.556146, 42.511646], [-83.556784, 42.523911], [-83.557142, 42.53079], [-83.557375, 42.531086], [-83.557592, 42.53454], [-83.557746, 42.537186], [-83.558414, 42.548414], [-83.558443, 42.549901], [-83.5586, 42.552058], [-83.558644, 42.552545], [-83.558674, 42.55286], [-83.559041, 42.559623], [-83.559167, 42.561153], [-83.559495, 42.567103], [-83.559694, 42.570751], [-83.559895, 42.574203], [-83.560279, 42.581501], [-83.562254, 42.581754], [-83.579077, 42.580995], [-83.579906, 42.581179], [-83.580001, 42.578483], [-83.580087, 42.577947], [-83.582904, 42.579319], [-83.585057, 42.579959], [-83.586274, 42.580628], [-83.589419, 42.580679], [-83.590554, 42.580685], [-83.589507, 42.579216], [-83.59329, 42.58157], [-83.597687, 42.583684], [-83.60028, 42.583596], [-83.600337, 42.584496], [-83.601577, 42.584464], [-83.604019, 42.584385], [-83.605229, 42.584315], [-83.605629, 42.584817], [-83.605098, 42.585209], [-83.607852, 42.585204], [-83.608263, 42.585626], [-83.608321, 42.585725], [-83.609045, 42.587249], [-83.607288, 42.591519], [-83.609435, 42.591446], [-83.610973, 42.591489], [-83.615211, 42.592821], [-83.615528, 42.592919], [-83.621828, 42.594647], [-83.623885, 42.594628], [-83.625518, 42.593956], [-83.631562, 42.593549], [-83.634033, 42.593575], [-83.640672, 42.596694], [-83.644379, 42.59664], [-83.64451, 42.598182], [-83.644653, 42.600302], [-83.644747, 42.601645], [-83.644042, 42.602892], [-83.642294, 42.603531], [-83.641312, 42.60472], [-83.642446, 42.607108], [-83.644035, 42.607813], [-83.646881, 42.607748], [-83.648358, 42.607687], [-83.648553, 42.60768], [-83.656367, 42.607308], [-83.660273, 42.607184], [-83.677115, 42.606255], [-83.677526, 42.613685], [-83.678018, 42.620953], [-83.678707, 42.629888], [-83.678925, 42.632862], [-83.679105, 42.63542], [-83.679123, 42.635716], [-83.679541, 42.641381], [-83.679643, 42.643291], [-83.679727, 42.645185], [-83.679798, 42.64663], [-83.680281, 42.654083], [-83.68033, 42.65482], [-83.680512, 42.657399], [-83.680551, 42.65816], [-83.680719, 42.660059], [-83.680989, 42.664206], [-83.681003, 42.664576], [-83.68177, 42.677195], [-83.681779, 42.678015], [-83.68189, 42.679158], [-83.681853, 42.67926], [-83.681916, 42.680187], [-83.681954, 42.680746], [-83.682042, 42.680964], [-83.682768, 42.694175], [-83.682711, 42.694266], [-83.68278, 42.69558], [-83.682852, 42.696955], [-83.682937, 42.698796], [-83.683081, 42.701], [-83.683883, 42.715894], [-83.683925, 42.716458], [-83.68409, 42.719397], [-83.684345, 42.724975], [-83.684506, 42.726721], [-83.684612, 42.731903], [-83.684969, 42.739073], [-83.685139, 42.744746], [-83.685532, 42.753714], [-83.685759, 42.760896], [-83.685851, 42.763713], [-83.686064, 42.768983], [-83.686313, 42.777244], [-83.686493, 42.783263], [-83.691479, 42.783187], [-83.699669, 42.783064], [-83.701234, 42.78306], [-83.704852, 42.783002], [-83.706524, 42.782988], [-83.708985, 42.782924], [-83.710949, 42.78288], [-83.716414, 42.782784], [-83.723201, 42.782654], [-83.726392, 42.782593], [-83.733509, 42.782465], [-83.73546, 42.782461], [-83.742321, 42.782331], [-83.743425, 42.782299], [-83.743743, 42.782296], [-83.746136, 42.782265], [-83.746336, 42.782254], [-83.758169, 42.782061], [-83.761244, 42.782001], [-83.766113, 42.781932], [-83.766945, 42.781917], [-83.76913, 42.781876], [-83.774234, 42.781769], [-83.77596, 42.781726], [-83.776898, 42.781711], [-83.778042, 42.781692], [-83.786507, 42.781556], [-83.805418, 42.781138], [-83.808387, 42.781154], [-83.816963, 42.781204], [-83.817693, 42.781208], [-83.828314, 42.781275], [-83.829589, 42.781262], [-83.831592, 42.781242], [-83.837262, 42.781293], [-83.838672, 42.781352], [-83.839437, 42.781365], [-83.845496, 42.781366], [-83.853868, 42.781392], [-83.862937, 42.78148], [-83.865453, 42.781512], [-83.873973, 42.781601], [-83.875098, 42.78161], [-83.883975, 42.78169], [-83.884667, 42.781673], [-83.887279, 42.78161], [-83.893978, 42.78145], [-83.893837, 42.783203], [-83.89412, 42.789515], [-83.894731, 42.803281], [-83.904369, 42.803045], [-83.909508, 42.803012], [-83.914355, 42.802923], [-83.915022, 42.815192], [-83.919751, 42.815951], [-83.924315, 42.816664], [-83.924352, 42.817357], [-83.924361, 42.817515], [-83.924805, 42.82453], [-83.925202, 42.831791], [-83.925645, 42.839091], [-83.925782, 42.842834], [-83.925855, 42.844381], [-83.926009, 42.846378], [-83.926692, 42.859309], [-83.927164, 42.868344], [-83.927255, 42.871316], [-83.927538, 42.880448], [-83.927555, 42.88075], [-83.927631, 42.882846], [-83.927635, 42.883255], [-83.928103, 42.897342], [-83.928124, 42.897874], [-83.928546, 42.912081], [-83.928825, 42.919855], [-83.928988, 42.924215], [-83.928998, 42.924492], [-83.92906, 42.926366], [-83.929281, 42.932575], [-83.9293, 42.933775], [-83.929393, 42.935953], [-83.929562, 42.940879], [-83.929575, 42.941262], [-83.929825, 42.949981], [-83.929823, 42.95168], [-83.929811, 42.953605], [-83.929911, 42.956512], [-83.929361, 42.956596], [-83.928837, 42.956548], [-83.928942, 42.959152], [-83.928869, 42.964138], [-83.928867, 42.964387], [-83.928824, 42.966997], [-83.928802, 42.97011], [-83.928769, 42.971152], [-83.928761, 42.972727], [-83.928735, 42.977262], [-83.928724, 42.9782], [-83.928675, 42.982381], [-83.928674, 42.983138], [-83.928657, 42.984029], [-83.928667, 42.985483], [-83.928637, 42.987107], [-83.928653, 42.987499], [-83.928627, 42.992938], [-83.928629, 42.993498], [-83.928619, 42.994753], [-83.928607, 42.996385], [-83.928574, 42.998889], [-83.928575, 42.999031], [-83.928566, 43.000315], [-83.928535, 43.002048], [-83.928495, 43.00932], [-83.928457, 43.013402], [-83.928441, 43.014818], [-83.928406, 43.024745], [-83.928384, 43.027847], [-83.92838, 43.02966], [-83.928387, 43.033159], [-83.928322, 43.044511], [-83.928417, 43.058938], [-83.928432, 43.059376], [-83.928693, 43.073375], [-83.928698, 43.074052], [-83.928721, 43.08045], [-83.928753, 43.087789], [-83.928757, 43.088717], [-83.92876, 43.089336], [-83.928846, 43.102208], [-83.92885, 43.103178], [-83.928919, 43.115803], [-83.928922, 43.116619], [-83.928904, 43.117675], [-83.92891, 43.118485], [-83.928974, 43.125992], [-83.929079, 43.132782], [-83.940117, 43.132663], [-83.940169, 43.132664], [-83.940346, 43.132666], [-83.940574, 43.13267], [-83.940679, 43.132669], [-83.940692, 43.132667], [-83.940895, 43.132667], [-83.940947, 43.132667], [-83.941084, 43.132668], [-83.941371, 43.132669], [-83.941622, 43.13267], [-83.941965, 43.132671], [-83.943028, 43.132675], [-83.943991, 43.132679], [-83.944237, 43.13268], [-83.945354, 43.132672], [-83.948767, 43.132593], [-83.968416, 43.132452], [-83.978834, 43.132354], [-83.979113, 43.132351], [-83.988065, 43.132272], [-84.007742, 43.132069], [-84.027489, 43.131914], [-84.032399, 43.1319], [-84.038391, 43.131837], [-84.042695, 43.131791], [-84.045671, 43.131759], [-84.050388, 43.131709], [-84.067551, 43.131227], [-84.06995, 43.131158], [-84.089455, 43.130592], [-84.0896, 43.130593], [-84.108885, 43.130106], [-84.132788, 43.129531], [-84.133782, 43.129501], [-84.148384, 43.129134], [-84.148539, 43.129126], [-84.15364, 43.128996], [-84.154469, 43.128971], [-84.162326, 43.128776], [-84.162934, 43.128757], [-84.168044, 43.128633], [-84.168443, 43.128631], [-84.175881, 43.128674], [-84.187746, 43.128691], [-84.188529, 43.128681], [-84.206929, 43.128674], [-84.207452, 43.128671], [-84.216582, 43.128674], [-84.226897, 43.128794], [-84.246056, 43.12883], [-84.246614, 43.128836], [-84.256083, 43.128833], [-84.256444, 43.128833], [-84.266221, 43.128926], [-84.285381, 43.128923], [-84.305231, 43.128845], [-84.316699, 43.128818], [-84.319946, 43.128811], [-84.325359, 43.128776], [-84.344796, 43.128601], [-84.367891, 43.128452], [-84.36785, 43.124658], [-84.36776, 43.117942], [-84.379765, 43.117861], [-84.387631, 43.117842], [-84.406171, 43.117794], [-84.407464, 43.11779], [-84.427113, 43.117756], [-84.433127, 43.117741], [-84.446786, 43.117692], [-84.447077, 43.117693], [-84.46573, 43.117644], [-84.466797, 43.117642], [-84.480436, 43.117647], [-84.483715, 43.117637], [-84.487234, 43.117641], [-84.493623, 43.117649], [-84.503571, 43.117663], [-84.513381, 43.117757], [-84.523315, 43.117757], [-84.542364, 43.117762], [-84.543152, 43.117762], [-84.55303, 43.117746], [-84.559928, 43.117744], [-84.563021, 43.11776], [-84.563471, 43.117756], [-84.570737, 43.117735], [-84.582789, 43.117725], [-84.592652, 43.117706], [-84.600525, 43.117714], [-84.608606, 43.117746], [-84.61549, 43.117747], [-84.620377, 43.117754], [-84.630252, 43.117785], [-84.635192, 43.117792], [-84.661748, 43.117883], [-84.666194, 43.117904], [-84.667058, 43.117908], [-84.668921, 43.117917], [-84.670833, 43.117926], [-84.676496, 43.117952], [-84.680202, 43.117968], [-84.691442, 43.11799], [-84.691865, 43.118002], [-84.692032, 43.118001], [-84.699707, 43.118025], [-84.709399, 43.118056], [-84.719321, 43.118115], [-84.726119, 43.118177], [-84.739164, 43.11825], [-84.758927, 43.11838], [-84.778731, 43.118468], [-84.783163, 43.118486], [-84.783997, 43.118491], [-84.798549, 43.118593], [-84.798879, 43.118592], [-84.818362, 43.118723], [-84.818594, 43.11872], [-84.836889, 43.118851], [-84.836922, 43.10523], [-84.836939, 43.100657], [-84.836962, 43.097876], [-84.836981, 43.096695], [-84.837011, 43.0955], [-84.836997, 43.090642], [-84.837012, 43.090053], [-84.837051, 43.083365], [-84.837106, 43.076062], [-84.837181, 43.068367], [-84.837202, 43.067466], [-84.83727, 43.058305], [-84.837273, 43.057862], [-84.837291, 43.056512], [-84.83729, 43.047015], [-84.837372, 43.033013], [-84.83762, 43.032641], [-84.837467, 43.028877], [-84.83756, 43.016628], [-84.837579, 43.01268], [-84.837594, 43.009381], [-84.837486, 43.0022], [-84.837496, 43.001708], [-84.837423, 43.001484], [-84.837573, 42.994664], [-84.837528, 42.989021], [-84.837509, 42.984248], [-84.837508, 42.983696], [-84.837506, 42.977898], [-84.837504, 42.972943], [-84.837513, 42.969298], [-84.837569, 42.95833], [-84.837628, 42.943751], [-84.837615, 42.936748], [-84.837544, 42.929556], [-84.837469, 42.920192], [-84.837437, 42.915104], [-84.837416, 42.900606], [-84.837321, 42.886113], [-84.837273, 42.878662], [-84.837265, 42.871632], [-84.837253, 42.864587], [-84.837206, 42.857185], [-84.837166, 42.850242], [-84.837166, 42.849959], [-84.837175, 42.842867], [-84.837112, 42.828465], [-84.837111, 42.827319], [-84.837101, 42.827011], [-84.837115, 42.826458], [-84.837113, 42.824185], [-84.837077, 42.821108], [-84.837121, 42.81754], [-84.837102, 42.813902], [-84.837094, 42.802152], [-84.837096, 42.801226], [-84.837095, 42.800593], [-84.837094, 42.800312], [-84.837094, 42.80007], [-84.837093, 42.799533], [-84.837075, 42.795713], [-84.837112, 42.78495], [-84.837074, 42.777775], [-84.83707, 42.776568], [-84.837084, 42.774395], [-84.837085, 42.770479], [-84.856713, 42.770505], [-84.876356, 42.770504], [-84.886425, 42.770504], [-84.889888, 42.770504], [-84.891505, 42.770504], [-84.896186, 42.770495], [-84.906241, 42.770473], [-84.916167, 42.770471], [-84.930836, 42.770471], [-84.932127, 42.770466], [-84.935226, 42.770457], [-84.951271, 42.77046], [-84.95583, 42.77046], [-84.955866, 42.76907], [-84.955734, 42.762991], [-84.955604, 42.755651], [-84.9559, 42.74848], [-84.955892, 42.741147], [-84.955973, 42.729977], [-84.956, 42.726658], [-84.956036, 42.719393], [-84.95604, 42.712163], [-84.956055, 42.697661], [-84.956069, 42.690753], [-84.956087, 42.690338], [-84.956109, 42.683077], [-84.956102, 42.682907], [-84.956216, 42.674304], [-84.956238, 42.673519], [-84.956071, 42.662205], [-84.956133, 42.655392], [-84.95603, 42.640789], [-84.956049, 42.635681], [-84.955977, 42.626357], [-84.955882, 42.611741], [-84.955799, 42.597184], [-84.964087, 42.59712], [-84.975453, 42.597035], [-84.975141, 42.589214], [-84.975019, 42.581891], [-84.987065, 42.581841], [-84.995055, 42.581733], [-85.00536, 42.581849], [-85.01434, 42.581755], [-85.014305, 42.577797], [-85.014176, 42.571474], [-85.014116, 42.567268], [-85.013952, 42.552903], [-85.013869, 42.546967], [-85.013867, 42.546558], [-85.013826, 42.538452], [-85.013691, 42.52396], [-85.013567, 42.512465], [-85.014918, 42.509435], [-85.029701, 42.509332], [-85.033248, 42.509311], [-85.04805, 42.509226], [-85.053294, 42.50922], [-85.073813, 42.509173], [-85.073482, 42.494041], [-85.073317, 42.486966], [-85.073329, 42.486775], [-85.073326, 42.485149], [-85.073139, 42.480321], [-85.073153, 42.479518], [-85.072963, 42.472323], [-85.072795, 42.464998], [-85.072475, 42.450499], [-85.072314, 42.444459], [-85.072087, 42.436], [-85.071915, 42.430976], [-85.071609, 42.421428], [-85.064855, 42.421508], [-85.061907, 42.421545], [-85.053455, 42.421643], [-85.05113, 42.42167], [-85.05085, 42.42167], [-85.04797, 42.421671], [-85.039977, 42.421715], [-85.033501, 42.421767], [-85.031992, 42.421779], [-85.014545, 42.421918], [-85.005954, 42.421948], [-84.992777, 42.422006], [-84.98626, 42.422011], [-84.980724, 42.422066], [-84.978635, 42.422065], [-84.968651, 42.422085], [-84.959028, 42.42211], [-84.957992, 42.42211], [-84.954019, 42.422116], [-84.946897, 42.422182], [-84.943998, 42.422092], [-84.940554, 42.422187], [-84.938586, 42.422188], [-84.938, 42.422038], [-84.936615, 42.422046], [-84.932081, 42.422097], [-84.914867, 42.42209], [-84.907745, 42.422068], [-84.904974, 42.422075], [-84.895217, 42.42205], [-84.888168, 42.422021], [-84.875402, 42.421992], [-84.868421, 42.421947], [-84.865521, 42.421926], [-84.85856, 42.42188], [-84.852761, 42.42186], [-84.839085, 42.421828], [-84.835922, 42.421801], [-84.829087, 42.421783], [-84.817738, 42.421707], [-84.810166, 42.421676], [-84.797026, 42.421634], [-84.794721, 42.421627], [-84.791619, 42.421619], [-84.787599, 42.421607], [-84.781406, 42.421569], [-84.771118, 42.421552], [-84.768044, 42.421553], [-84.767503, 42.421553], [-84.757467, 42.421555], [-84.754478, 42.421536], [-84.74767, 42.421502], [-84.738079, 42.421493], [-84.733227, 42.421455], [-84.718493, 42.42152], [-84.708224, 42.421558], [-84.7011, 42.421584], [-84.692442, 42.421617], [-84.681326, 42.42166], [-84.676212, 42.421681], [-84.665539, 42.421728], [-84.651926, 42.421782], [-84.650244, 42.421788], [-84.64967, 42.421789], [-84.648654, 42.421797], [-84.644704, 42.421808], [-84.635941, 42.421822], [-84.624972, 42.421816], [-84.610215, 42.421888], [-84.602702, 42.421947], [-84.600403, 42.421984], [-84.591019, 42.421951], [-84.580845, 42.421938], [-84.580445, 42.421953], [-84.560852, 42.421979], [-84.5513, 42.422036], [-84.551088, 42.422037], [-84.54136, 42.42205], [-84.540956, 42.422051], [-84.538963, 42.422046], [-84.531613, 42.422037], [-84.53141, 42.422033], [-84.526668, 42.422043], [-84.526233, 42.422044], [-84.521808, 42.422048], [-84.518351, 42.422041], [-84.506895, 42.422066], [-84.50444, 42.422087], [-84.497029, 42.42211], [-84.482268, 42.422111]]]]}}, {"type": "Feature", "properties": {"id": 8, "NAME": "8", "text-color": "#000000", "text-size": 16, "TotalPop": 775229, "PopDevPct": 6.52e-05, "DemPct": 0.50257217, "RepPct": 0.48227907, "WhitePct": 0.76231633, "MinorityPct": 0.23768367, "BlackPct": 0.15152295, "HispanicPct": 0.04440377, "PacificPct": 0.00081466, "AsianPct": 0.01485018, "NativePct": 0.02311878, "TotalVAP": 606390, "Margin": 0.00257217, "color": "#28ffcf", "opacity": "0.5", "year": 2022, "state": "MI", "state-district": "MI-08"}, "geometry": {"type": "MultiPolygon", "coordinates": [[[[-83.57105, 42.873277], [-83.56196, 42.873645], [-83.559635, 42.873741], [-83.550951, 42.874094], [-83.545147, 42.874229], [-83.542137, 42.874309], [-83.532327, 42.87452], [-83.523904, 42.874665], [-83.523407, 42.874673], [-83.51259, 42.874886], [-83.493087, 42.875332], [-83.488473, 42.875515], [-83.473613, 42.875776], [-83.472013, 42.875747], [-83.470014, 42.875808], [-83.459968, 42.876023], [-83.458729, 42.876056], [-83.454895, 42.876133], [-83.453297, 42.876307], [-83.45335, 42.879545], [-83.453364, 42.880432], [-83.453397, 42.88108], [-83.45359, 42.882314], [-83.453789, 42.885675], [-83.453996, 42.890687], [-83.454162, 42.894849], [-83.454535, 42.904139], [-83.454568, 42.905211], [-83.455217, 42.919671], [-83.455685, 42.931223], [-83.455792, 42.934132], [-83.456321, 42.948645], [-83.456659, 42.959162], [-83.456781, 42.963137], [-83.456838, 42.967054], [-83.456874, 42.968433], [-83.45688, 42.96862], [-83.456937, 42.97041], [-83.457088, 42.975503], [-83.457193, 42.979654], [-83.457366, 42.983515], [-83.457394, 42.983752], [-83.457541, 42.992018], [-83.457608, 42.99412], [-83.457644, 42.994967], [-83.457934, 43.002831], [-83.457992, 43.004927], [-83.458255, 43.015823], [-83.458253, 43.016158], [-83.458289, 43.019527], [-83.458417, 43.020966], [-83.458757, 43.033823], [-83.458725, 43.035747], [-83.458842, 43.037916], [-83.45889, 43.041225], [-83.458917, 43.042298], [-83.458971, 43.044465], [-83.459089, 43.049173], [-83.459082, 43.0496], [-83.459081, 43.050014], [-83.459113, 43.053858], [-83.459118, 43.054835], [-83.459134, 43.057639], [-83.459032, 43.0645], [-83.459002, 43.068458], [-83.458988, 43.079091], [-83.459003, 43.089853], [-83.459014, 43.092589], [-83.459067, 43.093682], [-83.459098, 43.097487], [-83.45919, 43.10371], [-83.459262, 43.108092], [-83.459262, 43.108186], [-83.459262, 43.108277], [-83.459379, 43.118184], [-83.459391, 43.119096], [-83.459466, 43.127787], [-83.459481, 43.129702], [-83.459594, 43.136961], [-83.459661, 43.143377], [-83.459692, 43.151381], [-83.459744, 43.157851], [-83.459803, 43.163518], [-83.459853, 43.16511], [-83.459875, 43.165767], [-83.459945, 43.172918], [-83.459975, 43.176061], [-83.459999, 43.178372], [-83.460005, 43.179648], [-83.460116, 43.186931], [-83.460194, 43.191985], [-83.46023, 43.193834], [-83.460229, 43.194457], [-83.460369, 43.206853], [-83.460389, 43.208775], [-83.460426, 43.209975], [-83.460442, 43.212207], [-83.46045, 43.213019], [-83.460431, 43.213769], [-83.460633, 43.219626], [-83.460639, 43.219712], [-83.460733, 43.223131], [-83.462404, 43.223124], [-83.470393, 43.22309], [-83.480811, 43.223048], [-83.485706, 43.223024], [-83.495757, 43.222977], [-83.497856, 43.222958], [-83.499932, 43.222959], [-83.523859, 43.222875], [-83.539144, 43.222842], [-83.550196, 43.222812], [-83.558737, 43.222795], [-83.560081, 43.222795], [-83.568503, 43.222801], [-83.569772, 43.222797], [-83.581515, 43.222762], [-83.60133, 43.222461], [-83.611107, 43.222361], [-83.611222, 43.226016], [-83.611583, 43.237026], [-83.611735, 43.244369], [-83.61177, 43.245081], [-83.6119, 43.251669], [-83.613314, 43.251671], [-83.621842, 43.251655], [-83.622086, 43.258866], [-83.622285, 43.266183], [-83.632395, 43.266227], [-83.632842, 43.266229], [-83.642103, 43.266247], [-83.662091, 43.265992], [-83.668232, 43.265893], [-83.671469, 43.265837], [-83.681283, 43.265755], [-83.686337, 43.265696], [-83.695758, 43.265566], [-83.695709, 43.271711], [-83.695621, 43.279234], [-83.695608, 43.280281], [-83.695612, 43.286464], [-83.695612, 43.287566], [-83.695491, 43.293758], [-83.695479, 43.294926], [-83.695426, 43.29729], [-83.695335, 43.306827], [-83.695205, 43.320798], [-83.695286, 43.321343], [-83.695261, 43.325851], [-83.698388, 43.326628], [-83.698379, 43.328456], [-83.698285, 43.335895], [-83.6982, 43.350211], [-83.698202, 43.350717], [-83.698139, 43.364728], [-83.698146, 43.36536], [-83.69833, 43.379266], [-83.698344, 43.379978], [-83.698364, 43.38153], [-83.698509, 43.392711], [-83.698516, 43.399963], [-83.69848, 43.407143], [-83.698522, 43.414408], [-83.698502, 43.418553], [-83.698516, 43.421547], [-83.698564, 43.436011], [-83.698643, 43.443145], [-83.698649, 43.44404], [-83.698652, 43.444387], [-83.698666, 43.445337], [-83.698671, 43.445637], [-83.698692, 43.447162], [-83.698694, 43.447401], [-83.698695, 43.447457], [-83.6987, 43.447868], [-83.698694, 43.448417], [-83.698699, 43.448991], [-83.6987, 43.449166], [-83.698705, 43.449553], [-83.698702, 43.450414], [-83.698699, 43.451147], [-83.698698, 43.451426], [-83.69871, 43.45231], [-83.698713, 43.45255], [-83.698713, 43.452625], [-83.698714, 43.452845], [-83.698714, 43.453251], [-83.698712, 43.454052], [-83.698735, 43.45686], [-83.698736, 43.457107], [-83.698732, 43.457224], [-83.698732, 43.457249], [-83.698737, 43.458392], [-83.698731, 43.459751], [-83.69873, 43.459875], [-83.69873, 43.460219], [-83.698737, 43.4605], [-83.698743, 43.462287], [-83.698745, 43.462813], [-83.698746, 43.463102], [-83.698747, 43.463556], [-83.698748, 43.464899], [-83.69875, 43.465299], [-83.698751, 43.465536], [-83.698816, 43.478957], [-83.698855, 43.486201], [-83.698894, 43.493463], [-83.698997, 43.503142], [-83.699039, 43.507905], [-83.699071, 43.522378], [-83.699138, 43.536755], [-83.699169, 43.544019], [-83.699187, 43.551265], [-83.699239, 43.558257], [-83.699484, 43.565823], [-83.699495, 43.566349], [-83.699499, 43.566557], [-83.699621, 43.572819], [-83.699651, 43.579877], [-83.699652, 43.580068], [-83.699523, 43.588984], [-83.699465, 43.591191], [-83.699371, 43.594744], [-83.699206, 43.597392], [-83.699393, 43.601152], [-83.69992, 43.611782], [-83.700066, 43.616681], [-83.700602, 43.625021], [-83.70125, 43.649312], [-83.703198, 43.673219], [-83.703422, 43.678994], [-83.704319, 43.702026], [-83.705558, 43.750019], [-83.708317, 43.828721], [-83.713563, 43.830898], [-83.708525, 43.833948], [-83.811691, 43.87502], [-83.874999, 43.900053], [-83.895017, 43.906439], [-83.896001, 43.906738], [-83.904834, 43.909538], [-83.907456, 43.910366], [-83.909974, 43.91051], [-83.923302, 43.910474], [-83.926517, 43.910462], [-83.934921, 43.910504], [-83.946274, 43.910527], [-83.946315, 43.910527], [-83.955509, 43.910724], [-83.96136, 43.910695], [-83.966199, 43.910677], [-83.976137, 43.910757], [-83.986128, 43.910811], [-84.006062, 43.910948], [-84.016051, 43.910982], [-84.020139, 43.910979], [-84.020611, 43.910986], [-84.025905, 43.911008], [-84.044843, 43.911146], [-84.04488, 43.914819], [-84.044937, 43.925497], [-84.044986, 43.94], [-84.045017, 43.943538], [-84.045074, 43.954486], [-84.045277, 43.968932], [-84.045345, 43.976177], [-84.045421, 43.983263], [-84.045409, 43.996974], [-84.06047, 43.997038], [-84.065489, 43.997059], [-84.095452, 43.997013], [-84.1055, 43.997012], [-84.125389, 43.99706], [-84.139072, 43.997018], [-84.166377, 43.996901], [-84.166153, 43.984495], [-84.166123, 43.955601], [-84.16602, 43.941131], [-84.166016, 43.933496], [-84.166039, 43.926672], [-84.165904, 43.9122], [-84.166012, 43.898312], [-84.166341, 43.88391], [-84.166509, 43.869495], [-84.166776, 43.855064], [-84.16691, 43.840356], [-84.167318, 43.825902], [-84.171459, 43.825886], [-84.183834, 43.826295], [-84.195303, 43.826577], [-84.207276, 43.826785], [-84.227284, 43.827047], [-84.249687, 43.827247], [-84.26295, 43.827407], [-84.267463, 43.827462], [-84.27593, 43.827509], [-84.283827, 43.827597], [-84.288196, 43.827635], [-84.307927, 43.827956], [-84.328167, 43.828174], [-84.328854, 43.828176], [-84.331727, 43.828219], [-84.333947, 43.828236], [-84.339582, 43.828212], [-84.348899, 43.828264], [-84.357878, 43.828344], [-84.358107, 43.828346], [-84.366511, 43.828434], [-84.366516, 43.8275], [-84.366527, 43.825545], [-84.36653, 43.824979], [-84.366535, 43.82406], [-84.366568, 43.818204], [-84.36656, 43.816637], [-84.366625, 43.814798], [-84.366676, 43.81356], [-84.36671, 43.809554], [-84.366747, 43.80638], [-84.366871, 43.800398], [-84.366888, 43.799267], [-84.366933, 43.797566], [-84.367005, 43.793132], [-84.367137, 43.785907], [-84.367175, 43.784672], [-84.36742, 43.771378], [-84.367433, 43.770133], [-84.367541, 43.764146], [-84.367569, 43.762889], [-84.36763, 43.756871], [-84.367846, 43.742399], [-84.367861, 43.741189], [-84.367914, 43.734213], [-84.368027, 43.726484], [-84.384077, 43.726788], [-84.385842, 43.726798], [-84.38803, 43.726809], [-84.388188, 43.7268], [-84.390508, 43.726678], [-84.393621, 43.726515], [-84.396377, 43.726474], [-84.396993, 43.726844], [-84.407321, 43.726732], [-84.418875, 43.726738], [-84.42636, 43.726754], [-84.427564, 43.726756], [-84.441395, 43.726826], [-84.44616, 43.726781], [-84.467408, 43.726759], [-84.474401, 43.726813], [-84.478455, 43.726846], [-84.47923, 43.726838], [-84.487044, 43.72719], [-84.487243, 43.71228], [-84.487276, 43.710045], [-84.487241, 43.707323], [-84.48749, 43.705063], [-84.487258, 43.702483], [-84.487379, 43.698341], [-84.487552, 43.691124], [-84.487692, 43.683881], [-84.487946, 43.669414], [-84.48814, 43.655049], [-84.488204, 43.649899], [-84.488207, 43.6477], [-84.488344, 43.6405], [-84.488306, 43.638114], [-84.48829, 43.637169], [-84.488468, 43.622209], [-84.488416, 43.611388], [-84.488435, 43.596795], [-84.48841, 43.587209], [-84.488392, 43.585397], [-84.488393, 43.58396], [-84.488481, 43.582239], [-84.488451, 43.580349], [-84.488455, 43.579985], [-84.488451, 43.575052], [-84.488456, 43.573007], [-84.488451, 43.567812], [-84.488488, 43.56417], [-84.488486, 43.553331], [-84.488552, 43.546399], [-84.48884, 43.531609], [-84.488791, 43.524246], [-84.488781, 43.509693], [-84.488745, 43.504469], [-84.488749, 43.504258], [-84.488758, 43.503885], [-84.488599, 43.487912], [-84.488646, 43.480671], [-84.488684, 43.466168], [-84.469585, 43.466167], [-84.449498, 43.466162], [-84.429624, 43.466149], [-84.409624, 43.466133], [-84.389952, 43.466103], [-84.369876, 43.466044], [-84.369895, 43.46275], [-84.369925, 43.458711], [-84.369962, 43.451423], [-84.369977, 43.448333], [-84.369961, 43.437095], [-84.369969, 43.433852], [-84.369945, 43.422577], [-84.369927, 43.411822], [-84.369913, 43.408096], [-84.369868, 43.393602], [-84.36985, 43.389612], [-84.36983, 43.386595], [-84.369808, 43.379101], [-84.369827, 43.37799], [-84.36983, 43.37543], [-84.369762, 43.364611], [-84.369747, 43.36089], [-84.369685, 43.35009], [-84.369679, 43.34624], [-84.369643, 43.335598], [-84.369643, 43.331743], [-84.369619, 43.328356], [-84.369594, 43.321129], [-84.36957, 43.317135], [-84.36948, 43.307283], [-84.369491, 43.30658], [-84.369461, 43.302343], [-84.369413, 43.294771], [-84.369408, 43.292096], [-84.369356, 43.28769], [-84.369207, 43.272849], [-84.369041, 43.263115], [-84.36906, 43.258148], [-84.368982, 43.248594], [-84.368919, 43.243867], [-84.368807, 43.229192], [-84.368782, 43.227424], [-84.368737, 43.219555], [-84.368676, 43.214577], [-84.36864, 43.211853], [-84.368621, 43.208329], [-84.36859, 43.205031], [-84.368541, 43.201132], [-84.368433, 43.190497], [-84.368399, 43.186672], [-84.36837, 43.18298], [-84.368332, 43.179472], [-84.368325, 43.176651], [-84.368323, 43.176075], [-84.36827, 43.172059], [-84.368186, 43.163371], [-84.368168, 43.157806], [-84.368167, 43.157544], [-84.368109, 43.154431], [-84.368067, 43.146913], [-84.368036, 43.142967], [-84.367911, 43.132392], [-84.367891, 43.128452], [-84.344796, 43.128601], [-84.325359, 43.128776], [-84.319946, 43.128811], [-84.316699, 43.128818], [-84.305231, 43.128845], [-84.285381, 43.128923], [-84.266221, 43.128926], [-84.256444, 43.128833], [-84.256083, 43.128833], [-84.246614, 43.128836], [-84.246056, 43.12883], [-84.226897, 43.128794], [-84.216582, 43.128674], [-84.207452, 43.128671], [-84.206929, 43.128674], [-84.188529, 43.128681], [-84.187746, 43.128691], [-84.175881, 43.128674], [-84.168443, 43.128631], [-84.168044, 43.128633], [-84.162934, 43.128757], [-84.162326, 43.128776], [-84.154469, 43.128971], [-84.15364, 43.128996], [-84.148539, 43.129126], [-84.148384, 43.129134], [-84.133782, 43.129501], [-84.132788, 43.129531], [-84.108885, 43.130106], [-84.0896, 43.130593], [-84.089455, 43.130592], [-84.06995, 43.131158], [-84.067551, 43.131227], [-84.050388, 43.131709], [-84.045671, 43.131759], [-84.042695, 43.131791], [-84.038391, 43.131837], [-84.032399, 43.1319], [-84.027489, 43.131914], [-84.007742, 43.132069], [-83.988065, 43.132272], [-83.979113, 43.132351], [-83.978834, 43.132354], [-83.968416, 43.132452], [-83.948767, 43.132593], [-83.945354, 43.132672], [-83.944237, 43.13268], [-83.943991, 43.132679], [-83.943028, 43.132675], [-83.941965, 43.132671], [-83.941622, 43.13267], [-83.941371, 43.132669], [-83.941084, 43.132668], [-83.940947, 43.132667], [-83.940895, 43.132667], [-83.940692, 43.132667], [-83.940679, 43.132669], [-83.940574, 43.13267], [-83.940346, 43.132666], [-83.940169, 43.132664], [-83.940117, 43.132663], [-83.929079, 43.132782], [-83.928974, 43.125992], [-83.92891, 43.118485], [-83.928904, 43.117675], [-83.928922, 43.116619], [-83.928919, 43.115803], [-83.92885, 43.103178], [-83.928846, 43.102208], [-83.92876, 43.089336], [-83.928757, 43.088717], [-83.928753, 43.087789], [-83.928721, 43.08045], [-83.928698, 43.074052], [-83.928693, 43.073375], [-83.928432, 43.059376], [-83.928417, 43.058938], [-83.928322, 43.044511], [-83.928387, 43.033159], [-83.92838, 43.02966], [-83.928384, 43.027847], [-83.928406, 43.024745], [-83.928441, 43.014818], [-83.928457, 43.013402], [-83.928495, 43.00932], [-83.928535, 43.002048], [-83.928566, 43.000315], [-83.928575, 42.999031], [-83.928574, 42.998889], [-83.928607, 42.996385], [-83.928619, 42.994753], [-83.928629, 42.993498], [-83.928627, 42.992938], [-83.928653, 42.987499], [-83.928637, 42.987107], [-83.928667, 42.985483], [-83.928657, 42.984029], [-83.928674, 42.983138], [-83.928675, 42.982381], [-83.928724, 42.9782], [-83.928735, 42.977262], [-83.928761, 42.972727], [-83.928769, 42.971152], [-83.928802, 42.97011], [-83.928824, 42.966997], [-83.928867, 42.964387], [-83.928869, 42.964138], [-83.928942, 42.959152], [-83.928837, 42.956548], [-83.929361, 42.956596], [-83.929911, 42.956512], [-83.929811, 42.953605], [-83.929823, 42.95168], [-83.929825, 42.949981], [-83.929575, 42.941262], [-83.929562, 42.940879], [-83.929393, 42.935953], [-83.9293, 42.933775], [-83.929281, 42.932575], [-83.92906, 42.926366], [-83.928998, 42.924492], [-83.928988, 42.924215], [-83.928825, 42.919855], [-83.928546, 42.912081], [-83.928124, 42.897874], [-83.928103, 42.897342], [-83.927635, 42.883255], [-83.927631, 42.882846], [-83.927555, 42.88075], [-83.927538, 42.880448], [-83.927255, 42.871316], [-83.927164, 42.868344], [-83.926692, 42.859309], [-83.926009, 42.846378], [-83.925855, 42.844381], [-83.925782, 42.842834], [-83.925645, 42.839091], [-83.925202, 42.831791], [-83.924805, 42.82453], [-83.924361, 42.817515], [-83.924352, 42.817357], [-83.924315, 42.816664], [-83.919751, 42.815951], [-83.915022, 42.815192], [-83.914355, 42.802923], [-83.909508, 42.803012], [-83.904369, 42.803045], [-83.894731, 42.803281], [-83.89412, 42.789515], [-83.893837, 42.783203], [-83.893978, 42.78145], [-83.887279, 42.78161], [-83.884667, 42.781673], [-83.883975, 42.78169], [-83.875098, 42.78161], [-83.873973, 42.781601], [-83.865453, 42.781512], [-83.862937, 42.78148], [-83.853868, 42.781392], [-83.845496, 42.781366], [-83.839437, 42.781365], [-83.838672, 42.781352], [-83.837262, 42.781293], [-83.831592, 42.781242], [-83.829589, 42.781262], [-83.828314, 42.781275], [-83.817693, 42.781208], [-83.816963, 42.781204], [-83.808387, 42.781154], [-83.805418, 42.781138], [-83.786507, 42.781556], [-83.778042, 42.781692], [-83.776898, 42.781711], [-83.77596, 42.781726], [-83.774234, 42.781769], [-83.76913, 42.781876], [-83.766945, 42.781917], [-83.766113, 42.781932], [-83.761244, 42.782001], [-83.758169, 42.782061], [-83.746336, 42.782254], [-83.746136, 42.782265], [-83.743743, 42.782296], [-83.743425, 42.782299], [-83.742321, 42.782331], [-83.73546, 42.782461], [-83.733509, 42.782465], [-83.726392, 42.782593], [-83.723201, 42.782654], [-83.716414, 42.782784], [-83.710949, 42.78288], [-83.708985, 42.782924], [-83.706524, 42.782988], [-83.704852, 42.783002], [-83.701234, 42.78306], [-83.699669, 42.783064], [-83.691479, 42.783187], [-83.686493, 42.783263], [-83.686678, 42.789025], [-83.686715, 42.790173], [-83.686724, 42.790435], [-83.686818, 42.793351], [-83.686954, 42.797908], [-83.687124, 42.801291], [-83.687198, 42.805809], [-83.687374, 42.812434], [-83.68754, 42.819474], [-83.687476, 42.819585], [-83.687672, 42.827426], [-83.687948, 42.83159], [-83.688597, 42.842008], [-83.688651, 42.84228], [-83.688797, 42.843977], [-83.68886, 42.848649], [-83.689141, 42.855588], [-83.689146, 42.855687], [-83.689215, 42.858558], [-83.689216, 42.858663], [-83.689271, 42.861499], [-83.689274, 42.861643], [-83.689339, 42.86388], [-83.689339, 42.865035], [-83.689382, 42.867246], [-83.689438, 42.870156], [-83.689384, 42.871263], [-83.681899, 42.871395], [-83.680745, 42.871415], [-83.67883, 42.871449], [-83.67056, 42.871594], [-83.669826, 42.871607], [-83.654975, 42.871942], [-83.65493, 42.871869], [-83.652696, 42.871915], [-83.649939, 42.871965], [-83.649354, 42.87197], [-83.630422, 42.87232], [-83.625267, 42.872446], [-83.598581, 42.872879], [-83.598002, 42.872886], [-83.596686, 42.872908], [-83.595604, 42.872927], [-83.594453, 42.872947], [-83.585479, 42.873074], [-83.584039, 42.873093], [-83.58131, 42.87313], [-83.579093, 42.873158], [-83.576353, 42.873195], [-83.575101, 42.873212], [-83.57105, 42.873277]]]]}}, {"type": "Feature", "properties": {"id": 9, "NAME": "9", "text-color": "#000000", "text-size": 16, "TotalPop": 774962, "PopDevPct": -0.00027924, "DemPct": 0.34557726, "RepPct": 0.6400704, "WhitePct": 0.89593256, "MinorityPct": 0.10406744, "BlackPct": 0.02727557, "HispanicPct": 0.03142542, "PacificPct": 0.00060484, "AsianPct": 0.01660596, "NativePct": 0.02029764, "TotalVAP": 606770, "Margin": -0.15442274, "color": "#ecff0a", "opacity": "0.5", "year": 2022, "state": "MI", "state-district": "MI-09"}, "geometry": {"type": "MultiPolygon", "coordinates": [[[[-82.249914, 44.158751], [-82.772775, 44.167352], [-82.999953, 44.171089], [-83.085097, 44.169619], [-83.124955, 44.168931], [-83.128315, 44.168902], [-83.18528, 44.168404], [-83.240885, 44.13347], [-83.253116, 44.125766], [-83.269099, 44.115412], [-83.32831, 44.077261], [-83.374965, 44.047302], [-83.411658, 44.024012], [-83.42599, 44.014841], [-83.449608, 44.000012], [-83.458214, 43.994038], [-83.48375, 43.976696], [-83.500059, 43.965594], [-83.526143, 43.948621], [-83.581099, 43.914296], [-83.607734, 43.897659], [-83.624987, 43.886775], [-83.643753, 43.875003], [-83.708525, 43.833948], [-83.713563, 43.830898], [-83.708317, 43.828721], [-83.705558, 43.750019], [-83.704319, 43.702026], [-83.703422, 43.678994], [-83.703198, 43.673219], [-83.70125, 43.649312], [-83.700602, 43.625021], [-83.700066, 43.616681], [-83.69992, 43.611782], [-83.699393, 43.601152], [-83.699206, 43.597392], [-83.699371, 43.594744], [-83.699465, 43.591191], [-83.699523, 43.588984], [-83.699652, 43.580068], [-83.699651, 43.579877], [-83.699621, 43.572819], [-83.699499, 43.566557], [-83.699495, 43.566349], [-83.699484, 43.565823], [-83.699239, 43.558257], [-83.699187, 43.551265], [-83.699169, 43.544019], [-83.699138, 43.536755], [-83.699071, 43.522378], [-83.699039, 43.507905], [-83.698997, 43.503142], [-83.698894, 43.493463], [-83.698855, 43.486201], [-83.698816, 43.478957], [-83.698751, 43.465536], [-83.69875, 43.465299], [-83.698748, 43.464899], [-83.698747, 43.463556], [-83.698746, 43.463102], [-83.698745, 43.462813], [-83.698743, 43.462287], [-83.698737, 43.4605], [-83.69873, 43.460219], [-83.69873, 43.459875], [-83.698731, 43.459751], [-83.698737, 43.458392], [-83.698732, 43.457249], [-83.698732, 43.457224], [-83.698736, 43.457107], [-83.698735, 43.45686], [-83.698712, 43.454052], [-83.698714, 43.453251], [-83.698714, 43.452845], [-83.698713, 43.452625], [-83.698713, 43.45255], [-83.69871, 43.45231], [-83.698698, 43.451426], [-83.698699, 43.451147], [-83.698702, 43.450414], [-83.698705, 43.449553], [-83.6987, 43.449166], [-83.698699, 43.448991], [-83.698694, 43.448417], [-83.6987, 43.447868], [-83.698695, 43.447457], [-83.698694, 43.447401], [-83.698692, 43.447162], [-83.698671, 43.445637], [-83.698666, 43.445337], [-83.698652, 43.444387], [-83.698649, 43.44404], [-83.698643, 43.443145], [-83.698564, 43.436011], [-83.698516, 43.421547], [-83.698502, 43.418553], [-83.698522, 43.414408], [-83.69848, 43.407143], [-83.698516, 43.399963], [-83.698509, 43.392711], [-83.698364, 43.38153], [-83.698344, 43.379978], [-83.69833, 43.379266], [-83.698146, 43.36536], [-83.698139, 43.364728], [-83.698202, 43.350717], [-83.6982, 43.350211], [-83.698285, 43.335895], [-83.698379, 43.328456], [-83.698388, 43.326628], [-83.695261, 43.325851], [-83.695286, 43.321343], [-83.695205, 43.320798], [-83.695335, 43.306827], [-83.695426, 43.29729], [-83.695479, 43.294926], [-83.695491, 43.293758], [-83.695612, 43.287566], [-83.695612, 43.286464], [-83.695608, 43.280281], [-83.695621, 43.279234], [-83.695709, 43.271711], [-83.695758, 43.265566], [-83.686337, 43.265696], [-83.681283, 43.265755], [-83.671469, 43.265837], [-83.668232, 43.265893], [-83.662091, 43.265992], [-83.642103, 43.266247], [-83.632842, 43.266229], [-83.632395, 43.266227], [-83.622285, 43.266183], [-83.622086, 43.258866], [-83.621842, 43.251655], [-83.613314, 43.251671], [-83.6119, 43.251669], [-83.61177, 43.245081], [-83.611735, 43.244369], [-83.611583, 43.237026], [-83.611222, 43.226016], [-83.611107, 43.222361], [-83.60133, 43.222461], [-83.581515, 43.222762], [-83.569772, 43.222797], [-83.568503, 43.222801], [-83.560081, 43.222795], [-83.558737, 43.222795], [-83.550196, 43.222812], [-83.539144, 43.222842], [-83.523859, 43.222875], [-83.499932, 43.222959], [-83.497856, 43.222958], [-83.495757, 43.222977], [-83.485706, 43.223024], [-83.480811, 43.223048], [-83.470393, 43.22309], [-83.462404, 43.223124], [-83.460733, 43.223131], [-83.460639, 43.219712], [-83.460633, 43.219626], [-83.460431, 43.213769], [-83.46045, 43.213019], [-83.460442, 43.212207], [-83.460426, 43.209975], [-83.460389, 43.208775], [-83.460369, 43.206853], [-83.460229, 43.194457], [-83.46023, 43.193834], [-83.460194, 43.191985], [-83.460116, 43.186931], [-83.460005, 43.179648], [-83.459999, 43.178372], [-83.459975, 43.176061], [-83.459945, 43.172918], [-83.459875, 43.165767], [-83.459853, 43.16511], [-83.459803, 43.163518], [-83.459744, 43.157851], [-83.459692, 43.151381], [-83.459661, 43.143377], [-83.459594, 43.136961], [-83.459481, 43.129702], [-83.459466, 43.127787], [-83.459391, 43.119096], [-83.459379, 43.118184], [-83.459262, 43.108277], [-83.459262, 43.108186], [-83.459262, 43.108092], [-83.45919, 43.10371], [-83.459098, 43.097487], [-83.459067, 43.093682], [-83.459014, 43.092589], [-83.459003, 43.089853], [-83.458988, 43.079091], [-83.459002, 43.068458], [-83.459032, 43.0645], [-83.459134, 43.057639], [-83.459118, 43.054835], [-83.459113, 43.053858], [-83.459081, 43.050014], [-83.459082, 43.0496], [-83.459089, 43.049173], [-83.458971, 43.044465], [-83.458917, 43.042298], [-83.45889, 43.041225], [-83.458842, 43.037916], [-83.458725, 43.035747], [-83.458757, 43.033823], [-83.458417, 43.020966], [-83.458289, 43.019527], [-83.458253, 43.016158], [-83.458255, 43.015823], [-83.457992, 43.004927], [-83.457934, 43.002831], [-83.457644, 42.994967], [-83.457608, 42.99412], [-83.457541, 42.992018], [-83.457394, 42.983752], [-83.457366, 42.983515], [-83.457193, 42.979654], [-83.457088, 42.975503], [-83.456937, 42.97041], [-83.45688, 42.96862], [-83.456874, 42.968433], [-83.456838, 42.967054], [-83.456781, 42.963137], [-83.456659, 42.959162], [-83.456321, 42.948645], [-83.455792, 42.934132], [-83.455685, 42.931223], [-83.455217, 42.919671], [-83.454568, 42.905211], [-83.454535, 42.904139], [-83.454162, 42.894849], [-83.453996, 42.890687], [-83.453789, 42.885675], [-83.45359, 42.882314], [-83.453397, 42.88108], [-83.453364, 42.880432], [-83.45335, 42.879545], [-83.453297, 42.876307], [-83.454895, 42.876133], [-83.458729, 42.876056], [-83.459968, 42.876023], [-83.470014, 42.875808], [-83.472013, 42.875747], [-83.473613, 42.875776], [-83.488473, 42.875515], [-83.493087, 42.875332], [-83.51259, 42.874886], [-83.523407, 42.874673], [-83.523904, 42.874665], [-83.532327, 42.87452], [-83.542137, 42.874309], [-83.545147, 42.874229], [-83.550951, 42.874094], [-83.559635, 42.873741], [-83.56196, 42.873645], [-83.57105, 42.873277], [-83.575101, 42.873212], [-83.576353, 42.873195], [-83.579093, 42.873158], [-83.58131, 42.87313], [-83.584039, 42.873093], [-83.585479, 42.873074], [-83.594453, 42.872947], [-83.595604, 42.872927], [-83.596686, 42.872908], [-83.598002, 42.872886], [-83.598581, 42.872879], [-83.625267, 42.872446], [-83.630422, 42.87232], [-83.649354, 42.87197], [-83.649939, 42.871965], [-83.652696, 42.871915], [-83.65493, 42.871869], [-83.654975, 42.871942], [-83.669826, 42.871607], [-83.67056, 42.871594], [-83.67883, 42.871449], [-83.680745, 42.871415], [-83.681899, 42.871395], [-83.689384, 42.871263], [-83.689438, 42.870156], [-83.689382, 42.867246], [-83.689339, 42.865035], [-83.689339, 42.86388], [-83.689274, 42.861643], [-83.689271, 42.861499], [-83.689216, 42.858663], [-83.689215, 42.858558], [-83.689146, 42.855687], [-83.689141, 42.855588], [-83.68886, 42.848649], [-83.688797, 42.843977], [-83.688651, 42.84228], [-83.688597, 42.842008], [-83.687948, 42.83159], [-83.687672, 42.827426], [-83.687476, 42.819585], [-83.68754, 42.819474], [-83.687374, 42.812434], [-83.687198, 42.805809], [-83.687124, 42.801291], [-83.686954, 42.797908], [-83.686818, 42.793351], [-83.686724, 42.790435], [-83.686715, 42.790173], [-83.686678, 42.789025], [-83.686493, 42.783263], [-83.686313, 42.777244], [-83.686064, 42.768983], [-83.685851, 42.763713], [-83.685759, 42.760896], [-83.685532, 42.753714], [-83.685139, 42.744746], [-83.684969, 42.739073], [-83.684612, 42.731903], [-83.684506, 42.726721], [-83.684345, 42.724975], [-83.68409, 42.719397], [-83.683925, 42.716458], [-83.683883, 42.715894], [-83.683081, 42.701], [-83.682937, 42.698796], [-83.682852, 42.696955], [-83.68278, 42.69558], [-83.682711, 42.694266], [-83.682768, 42.694175], [-83.682042, 42.680964], [-83.681954, 42.680746], [-83.681916, 42.680187], [-83.681853, 42.67926], [-83.68189, 42.679158], [-83.681779, 42.678015], [-83.68177, 42.677195], [-83.681003, 42.664576], [-83.680989, 42.664206], [-83.680719, 42.660059], [-83.680551, 42.65816], [-83.680512, 42.657399], [-83.68033, 42.65482], [-83.680281, 42.654083], [-83.679798, 42.64663], [-83.679727, 42.645185], [-83.679643, 42.643291], [-83.679541, 42.641381], [-83.679123, 42.635716], [-83.679105, 42.63542], [-83.678925, 42.632862], [-83.678707, 42.629888], [-83.678018, 42.620953], [-83.677526, 42.613685], [-83.677115, 42.606255], [-83.660273, 42.607184], [-83.656367, 42.607308], [-83.648553, 42.60768], [-83.648358, 42.607687], [-83.646881, 42.607748], [-83.644035, 42.607813], [-83.642446, 42.607108], [-83.641312, 42.60472], [-83.642294, 42.603531], [-83.644042, 42.602892], [-83.644747, 42.601645], [-83.644653, 42.600302], [-83.64451, 42.598182], [-83.644379, 42.59664], [-83.640672, 42.596694], [-83.634033, 42.593575], [-83.631562, 42.593549], [-83.625518, 42.593956], [-83.623885, 42.594628], [-83.621828, 42.594647], [-83.615528, 42.592919], [-83.615211, 42.592821], [-83.610973, 42.591489], [-83.609435, 42.591446], [-83.607288, 42.591519], [-83.609045, 42.587249], [-83.608321, 42.585725], [-83.608263, 42.585626], [-83.607852, 42.585204], [-83.605098, 42.585209], [-83.605629, 42.584817], [-83.605229, 42.584315], [-83.604019, 42.584385], [-83.601577, 42.584464], [-83.600337, 42.584496], [-83.60028, 42.583596], [-83.597687, 42.583684], [-83.59329, 42.58157], [-83.589507, 42.579216], [-83.590554, 42.580685], [-83.589419, 42.580679], [-83.586274, 42.580628], [-83.585057, 42.579959], [-83.582904, 42.579319], [-83.580087, 42.577947], [-83.580001, 42.578483], [-83.579906, 42.581179], [-83.579077, 42.580995], [-83.562254, 42.581754], [-83.560279, 42.581501], [-83.561072, 42.595755], [-83.561033, 42.596191], [-83.561211, 42.596201], [-83.561731, 42.605236], [-83.562062, 42.610741], [-83.562834, 42.626342], [-83.562987, 42.629289], [-83.564101, 42.653794], [-83.564112, 42.654055], [-83.56424, 42.656962], [-83.564281, 42.657915], [-83.564306, 42.658477], [-83.564878, 42.671813], [-83.564897, 42.67227], [-83.56506, 42.676015], [-83.565208, 42.679605], [-83.565244, 42.680487], [-83.565359, 42.68256], [-83.565379, 42.684119], [-83.565426, 42.685806], [-83.56548, 42.687342], [-83.565567, 42.689682], [-83.565625, 42.691374], [-83.561925, 42.691471], [-83.558499, 42.691061], [-83.557793, 42.69125], [-83.556487, 42.691599], [-83.55426, 42.691658], [-83.549344, 42.691762], [-83.54965, 42.699595], [-83.534095, 42.699952], [-83.515104, 42.700443], [-83.513008, 42.700973], [-83.512986, 42.700534], [-83.507693, 42.700551], [-83.505262, 42.700631], [-83.498833, 42.700647], [-83.495909, 42.700684], [-83.490538, 42.700932], [-83.471234, 42.701346], [-83.470999, 42.701417], [-83.466762, 42.701443], [-83.46567, 42.701465], [-83.460874, 42.701595], [-83.455375, 42.701745], [-83.451263, 42.701788], [-83.450982, 42.701788], [-83.446086, 42.701878], [-83.44612, 42.703002], [-83.445951, 42.702931], [-83.441762, 42.702917], [-83.432562, 42.703152], [-83.432466, 42.703153], [-83.427889, 42.703267], [-83.427365, 42.70328], [-83.426308, 42.70323], [-83.426056, 42.703312], [-83.424532, 42.703351], [-83.423443, 42.703379], [-83.419863, 42.70347], [-83.418474, 42.703507], [-83.416175, 42.703558], [-83.414694, 42.703594], [-83.4068, 42.703773], [-83.406409, 42.703783], [-83.404753, 42.703825], [-83.404049, 42.703844], [-83.402195, 42.703892], [-83.400912, 42.703925], [-83.399643, 42.703958], [-83.398096, 42.703998], [-83.397933, 42.704005], [-83.397172, 42.704045], [-83.391048, 42.704293], [-83.390426, 42.704319], [-83.388455, 42.704401], [-83.388064, 42.704407], [-83.387997, 42.704413], [-83.382519, 42.704492], [-83.377753, 42.704566], [-83.376821, 42.70458], [-83.375184, 42.704605], [-83.374077, 42.704499], [-83.373134, 42.704553], [-83.371878, 42.704657], [-83.371276, 42.704666], [-83.365644, 42.704819], [-83.363281, 42.70491], [-83.361553, 42.704977], [-83.354549, 42.705201], [-83.352843, 42.705254], [-83.348743, 42.705368], [-83.340568, 42.7056], [-83.338521, 42.705642], [-83.334032, 42.705759], [-83.332919, 42.705779], [-83.32895, 42.705918], [-83.324388, 42.706082], [-83.323456, 42.706137], [-83.315085, 42.706639], [-83.307169, 42.707046], [-83.306874, 42.707062], [-83.304494, 42.707142], [-83.303684, 42.707119], [-83.28973, 42.707547], [-83.289587, 42.70752], [-83.289436, 42.707511], [-83.289067, 42.707523], [-83.288739, 42.707536], [-83.288618, 42.707541], [-83.288256, 42.707552], [-83.287786, 42.707565], [-83.287699, 42.707566], [-83.287157, 42.707572], [-83.286791, 42.707578], [-83.286039, 42.70757], [-83.28541, 42.707556], [-83.285218, 42.707553], [-83.282148, 42.707614], [-83.277512, 42.707659], [-83.275609, 42.707767], [-83.268608, 42.70807], [-83.267131, 42.708793], [-83.266036, 42.708331], [-83.262452, 42.708261], [-83.252075, 42.70853], [-83.250011, 42.708525], [-83.247306, 42.708595], [-83.242705, 42.708717], [-83.242449, 42.708723], [-83.240424, 42.708704], [-83.232579, 42.708987], [-83.227866, 42.709154], [-83.223348, 42.709334], [-83.222777, 42.709351], [-83.221529, 42.709352], [-83.219517, 42.709399], [-83.218624, 42.709414], [-83.217147, 42.70944], [-83.214652, 42.709508], [-83.21403, 42.709523], [-83.208979, 42.709673], [-83.204065, 42.709812], [-83.203125, 42.709831], [-83.195423, 42.709992], [-83.190311, 42.710214], [-83.184639, 42.710306], [-83.175624, 42.710549], [-83.1746, 42.710573], [-83.173166, 42.710613], [-83.16971, 42.71072], [-83.169093, 42.710741], [-83.163347, 42.710906], [-83.158337, 42.711071], [-83.15739, 42.711104], [-83.156559, 42.711133], [-83.147793, 42.711337], [-83.147658, 42.711247], [-83.143822, 42.711323], [-83.140801, 42.711387], [-83.135022, 42.711478], [-83.132941, 42.711525], [-83.130845, 42.711574], [-83.128887, 42.711608], [-83.125061, 42.711715], [-83.123345, 42.711756], [-83.100509, 42.712254], [-83.095441, 42.712499], [-83.09479, 42.71249], [-83.094114, 42.712488], [-83.091584, 42.712522], [-83.089911, 42.712536], [-83.088571, 42.712558], [-83.084701, 42.712617], [-83.082877, 42.71266], [-83.077525, 42.712781], [-83.07527, 42.712824], [-83.072385, 42.712897], [-83.072281, 42.712899], [-83.070624, 42.712941], [-83.064752, 42.713089], [-83.063614, 42.713115], [-83.062174, 42.713145], [-83.060102, 42.713194], [-83.055924, 42.713289], [-83.053033, 42.713347], [-83.052892, 42.71335], [-83.049886, 42.71341], [-83.047752, 42.713453], [-83.043874, 42.713531], [-83.042435, 42.71356], [-83.04025, 42.713604], [-83.038293, 42.713647], [-83.03533, 42.713712], [-83.033038, 42.713763], [-83.031996, 42.713786], [-83.029122, 42.713843], [-83.026362, 42.713895], [-83.025995, 42.713902], [-83.021778, 42.713998], [-83.021102, 42.714007], [-83.01891, 42.714049], [-83.01611, 42.714118], [-83.015974, 42.714121], [-83.012802, 42.714216], [-83.003707, 42.7145], [-83.00276, 42.714525], [-83.000529, 42.714592], [-82.996321, 42.714719], [-82.98654, 42.714963], [-82.983872, 42.71521], [-82.982455, 42.715394], [-82.981049, 42.715512], [-82.979122, 42.715693], [-82.978276, 42.715778], [-82.976908, 42.715905], [-82.976772, 42.712294], [-82.97666, 42.709552], [-82.976323, 42.70294], [-82.976312, 42.70084], [-82.976057, 42.695821], [-82.97593, 42.69321], [-82.975921, 42.692826], [-82.975793, 42.68937], [-82.975736, 42.688241], [-82.975628, 42.686049], [-82.975584, 42.684438], [-82.975575, 42.684128], [-82.975519, 42.682702], [-82.975447, 42.681084], [-82.975386, 42.679772], [-82.975376, 42.679573], [-82.97535, 42.679008], [-82.975248, 42.676005], [-82.97508, 42.671216], [-82.974898, 42.666314], [-82.974818, 42.664372], [-82.974798, 42.66391], [-82.974772, 42.66332], [-82.974754, 42.662973], [-82.974677, 42.661168], [-82.974464, 42.656525], [-82.967472, 42.656606], [-82.967438, 42.656607], [-82.966335, 42.656638], [-82.965233, 42.65667], [-82.964029, 42.656667], [-82.960443, 42.656751], [-82.958818, 42.656785], [-82.958267, 42.656797], [-82.956986, 42.656825], [-82.95196, 42.656967], [-82.951126, 42.656994], [-82.94887, 42.657064], [-82.94643, 42.657141], [-82.943672, 42.657203], [-82.937131, 42.657383], [-82.937038, 42.654842], [-82.936772, 42.649546], [-82.936543, 42.644722], [-82.936496, 42.643866], [-82.936426, 42.642694], [-82.933479, 42.642764], [-82.928631, 42.642886], [-82.92765, 42.642912], [-82.926344, 42.642939], [-82.926312, 42.641736], [-82.926159, 42.641062], [-82.925818, 42.64017], [-82.925753, 42.639718], [-82.925192, 42.637444], [-82.924257, 42.636115], [-82.920994, 42.636172], [-82.919449, 42.636201], [-82.917082, 42.637128], [-82.916318, 42.637135], [-82.916139, 42.634676], [-82.916151, 42.633533], [-82.916075, 42.632792], [-82.915911, 42.629035], [-82.91207, 42.628837], [-82.91091, 42.628737], [-82.908436, 42.628702], [-82.907876, 42.628717], [-82.907484, 42.628729], [-82.90472, 42.628808], [-82.901294, 42.62891], [-82.900613, 42.62893], [-82.895953, 42.628995], [-82.89137, 42.62882], [-82.88913, 42.628958], [-82.888998, 42.628965], [-82.888912, 42.628969], [-82.88685, 42.62917], [-82.884913, 42.629362], [-82.881472, 42.629706], [-82.876111, 42.630163], [-82.870046, 42.63034], [-82.864277, 42.630468], [-82.860642, 42.630434], [-82.856131, 42.630234], [-82.854261, 42.630286], [-82.85203, 42.630337], [-82.849796, 42.630391], [-82.849453, 42.630395], [-82.839974, 42.63067], [-82.839667, 42.630665], [-82.836635, 42.630395], [-82.827752, 42.630595], [-82.825924, 42.630652], [-82.823957, 42.630959], [-82.822616, 42.630952], [-82.817736, 42.631043], [-82.814724, 42.631313], [-82.800636, 42.63125], [-82.801637, 42.626829], [-82.801387, 42.623513], [-82.797632, 42.616696], [-82.7733, 42.603951], [-82.766004, 42.600051], [-82.761734, 42.596748], [-82.760913, 42.595251], [-82.759474, 42.592627], [-82.757729, 42.583979], [-82.757936, 42.574994], [-82.764179, 42.566135], [-82.769517, 42.561387], [-82.773521, 42.559259], [-82.807085, 42.557403], [-82.812001, 42.557131], [-82.816009, 42.556662], [-82.819081, 42.556302], [-82.821787, 42.555985], [-82.827657, 42.55477], [-82.836023, 42.553038], [-82.85514, 42.540918], [-82.86351, 42.530413], [-82.86655, 42.524324], [-82.868924, 42.518725], [-82.871013, 42.509486], [-82.871962, 42.498499], [-82.871971, 42.495978], [-82.870937, 42.484862], [-82.868274, 42.475532], [-82.864282, 42.468184], [-82.861524, 42.462597], [-82.864114, 42.451337], [-82.821535, 42.451246], [-82.749908, 42.451092], [-82.72317, 42.477778], [-82.72255, 42.478282], [-82.71158, 42.489141], [-82.700858, 42.500028], [-82.701169, 42.50005], [-82.679128, 42.522171], [-82.677085, 42.52412], [-82.668064, 42.533112], [-82.66738, 42.534018], [-82.663349, 42.540168], [-82.661886, 42.541746], [-82.659834, 42.543266], [-82.653254, 42.547687], [-82.64307, 42.554321], [-82.641218, 42.554919], [-82.633724, 42.556802], [-82.62433, 42.557134], [-82.617086, 42.554718], [-82.61086, 42.550026], [-82.609136, 42.549011], [-82.606967, 42.548282], [-82.604564, 42.548394], [-82.591196, 42.550588], [-82.589981, 42.550978], [-82.584074, 42.55405], [-82.581914, 42.558742], [-82.581136, 42.561535], [-82.579569, 42.565306], [-82.577702, 42.566947], [-82.57213, 42.57115], [-82.570718, 42.572385], [-82.564306, 42.576562], [-82.558486, 42.580991], [-82.554516, 42.584293], [-82.552547, 42.586461], [-82.549249, 42.590788], [-82.545633, 42.593178], [-82.534472, 42.600215], [-82.524921, 42.605923], [-82.523274, 42.607482], [-82.518831, 42.613973], [-82.518599, 42.614755], [-82.51577, 42.622299], [-82.514334, 42.627038], [-82.512316, 42.629831], [-82.511236, 42.632985], [-82.510039, 42.636793], [-82.509941, 42.63922], [-82.510362, 42.653225], [-82.510522, 42.658095], [-82.510736, 42.658561], [-82.511005, 42.664336], [-82.510851, 42.664992], [-82.49773, 42.693902], [-82.49729, 42.695605], [-82.493746, 42.70189], [-82.491922, 42.704571], [-82.48797, 42.71104], [-82.483886, 42.718163], [-82.483623, 42.728522], [-82.483385, 42.733462], [-82.481219, 42.73768], [-82.476799, 42.74572], [-82.474271, 42.749949], [-82.471342, 42.755365], [-82.467667, 42.761906], [-82.467045, 42.768747], [-82.468871, 42.776096], [-82.470136, 42.779964], [-82.470591, 42.783705], [-82.472478, 42.786604], [-82.474207, 42.789853], [-82.475278, 42.791793], [-82.47646, 42.795378], [-82.47741, 42.796469], [-82.480905, 42.802646], [-82.482127, 42.806802], [-82.482574, 42.808644], [-82.481771, 42.813168], [-82.479681, 42.819351], [-82.478534, 42.823384], [-82.478526, 42.825625], [-82.477585, 42.826338], [-82.472619, 42.836673], [-82.471452, 42.841], [-82.47024, 42.846383], [-82.470436, 42.848335], [-82.468677, 42.85205], [-82.468144, 42.859423], [-82.468684, 42.866872], [-82.469768, 42.877459], [-82.469941, 42.88093], [-82.469901, 42.886265], [-82.469337, 42.88872], [-82.467937, 42.892482], [-82.46363, 42.902269], [-82.461719, 42.907508], [-82.460505, 42.912225], [-82.45953, 42.915119], [-82.456249, 42.925177], [-82.455383, 42.92705], [-82.452816, 42.930084], [-82.447719, 42.937153], [-82.443162, 42.940847], [-82.437306, 42.945544], [-82.428728, 42.952021], [-82.424034, 42.958552], [-82.422541, 42.959328], [-82.416698, 42.966424], [-82.416383, 42.967483], [-82.415373, 42.971299], [-82.415217, 42.971633], [-82.413474, 42.976887], [-82.41387, 42.978197], [-82.418082, 42.982076], [-82.420382, 42.984081], [-82.421056, 42.985214], [-82.42305, 42.98844], [-82.423726, 42.990152], [-82.424969, 42.993383], [-82.424421, 42.996977], [-82.423617, 42.998709], [-82.423526, 42.998876], [-82.422732, 43.000058], [-82.419885, 43.002311], [-82.417757, 43.003994], [-82.416054, 43.005477], [-82.410997, 43.011315], [-82.407361, 43.020387], [-82.406862, 43.021589], [-82.398706, 43.041248], [-82.39903, 43.041248], [-82.389971, 43.062238], [-82.377837, 43.085421], [-82.374914, 43.091006], [-82.374914, 43.08862], [-82.357179, 43.125029], [-82.356242, 43.125029], [-82.352154, 43.133396], [-82.334073, 43.170413], [-82.310382, 43.21881], [-82.295101, 43.250028], [-82.265787, 43.307798], [-82.24991, 43.339088], [-82.230035, 43.378798], [-82.199435, 43.43942], [-82.168835, 43.500041], [-82.124904, 43.587101], [-82.122971, 43.590827], [-82.124904, 43.599475], [-82.124904, 43.600605], [-82.13008, 43.625025], [-82.13354, 43.640857], [-82.145501, 43.695587], [-82.158001, 43.750023], [-82.194094, 43.913256], [-82.213475, 44.000014], [-82.21986, 44.028597], [-82.249914, 44.158751]]]]}}, {"type": "Feature", "properties": {"id": 10, "NAME": "10", "text-color": "#000000", "text-size": 16, "TotalPop": 775218, "PopDevPct": 5.101e-05, "DemPct": 0.48849426, "RepPct": 0.4982842, "WhitePct": 0.75726939, "MinorityPct": 0.24273061, "BlackPct": 0.1308958, "HispanicPct": 0.02555008, "PacificPct": 0.00085285, "AsianPct": 0.06456361, "NativePct": 0.0166427, "TotalVAP": 620272, "Margin": -0.01150574, "color": "#0000ef", "opacity": "0.5", "year": 2022, "state": "MI", "state-district": "MI-10"}, "geometry": {"type": "MultiPolygon", "coordinates": [[[[-82.817736, 42.631043], [-82.822616, 42.630952], [-82.823957, 42.630959], [-82.825924, 42.630652], [-82.827752, 42.630595], [-82.836635, 42.630395], [-82.839667, 42.630665], [-82.839974, 42.63067], [-82.849453, 42.630395], [-82.849796, 42.630391], [-82.85203, 42.630337], [-82.854261, 42.630286], [-82.856131, 42.630234], [-82.860642, 42.630434], [-82.864277, 42.630468], [-82.870046, 42.63034], [-82.876111, 42.630163], [-82.881472, 42.629706], [-82.884913, 42.629362], [-82.88685, 42.62917], [-82.888912, 42.628969], [-82.888998, 42.628965], [-82.88913, 42.628958], [-82.89137, 42.62882], [-82.895953, 42.628995], [-82.900613, 42.62893], [-82.901294, 42.62891], [-82.90472, 42.628808], [-82.907484, 42.628729], [-82.907876, 42.628717], [-82.908436, 42.628702], [-82.91091, 42.628737], [-82.91207, 42.628837], [-82.915911, 42.629035], [-82.916075, 42.632792], [-82.916151, 42.633533], [-82.916139, 42.634676], [-82.916318, 42.637135], [-82.917082, 42.637128], [-82.919449, 42.636201], [-82.920994, 42.636172], [-82.924257, 42.636115], [-82.925192, 42.637444], [-82.925753, 42.639718], [-82.925818, 42.64017], [-82.926159, 42.641062], [-82.926312, 42.641736], [-82.926344, 42.642939], [-82.92765, 42.642912], [-82.928631, 42.642886], [-82.933479, 42.642764], [-82.936426, 42.642694], [-82.936496, 42.643866], [-82.936543, 42.644722], [-82.936772, 42.649546], [-82.937038, 42.654842], [-82.937131, 42.657383], [-82.943672, 42.657203], [-82.94643, 42.657141], [-82.94887, 42.657064], [-82.951126, 42.656994], [-82.95196, 42.656967], [-82.956986, 42.656825], [-82.958267, 42.656797], [-82.958818, 42.656785], [-82.960443, 42.656751], [-82.964029, 42.656667], [-82.965233, 42.65667], [-82.966335, 42.656638], [-82.967438, 42.656607], [-82.967472, 42.656606], [-82.974464, 42.656525], [-82.974677, 42.661168], [-82.974754, 42.662973], [-82.974772, 42.66332], [-82.974798, 42.66391], [-82.974818, 42.664372], [-82.974898, 42.666314], [-82.97508, 42.671216], [-82.975248, 42.676005], [-82.97535, 42.679008], [-82.975376, 42.679573], [-82.975386, 42.679772], [-82.975447, 42.681084], [-82.975519, 42.682702], [-82.975575, 42.684128], [-82.975584, 42.684438], [-82.975628, 42.686049], [-82.975736, 42.688241], [-82.975793, 42.68937], [-82.975921, 42.692826], [-82.97593, 42.69321], [-82.976057, 42.695821], [-82.976312, 42.70084], [-82.976323, 42.70294], [-82.97666, 42.709552], [-82.976772, 42.712294], [-82.976908, 42.715905], [-82.978276, 42.715778], [-82.979122, 42.715693], [-82.981049, 42.715512], [-82.982455, 42.715394], [-82.983872, 42.71521], [-82.98654, 42.714963], [-82.996321, 42.714719], [-83.000529, 42.714592], [-83.00276, 42.714525], [-83.003707, 42.7145], [-83.012802, 42.714216], [-83.015974, 42.714121], [-83.01611, 42.714118], [-83.01891, 42.714049], [-83.021102, 42.714007], [-83.021778, 42.713998], [-83.025995, 42.713902], [-83.026362, 42.713895], [-83.029122, 42.713843], [-83.031996, 42.713786], [-83.033038, 42.713763], [-83.03533, 42.713712], [-83.038293, 42.713647], [-83.04025, 42.713604], [-83.042435, 42.71356], [-83.043874, 42.713531], [-83.047752, 42.713453], [-83.049886, 42.71341], [-83.052892, 42.71335], [-83.053033, 42.713347], [-83.055924, 42.713289], [-83.060102, 42.713194], [-83.062174, 42.713145], [-83.063614, 42.713115], [-83.064752, 42.713089], [-83.070624, 42.712941], [-83.072281, 42.712899], [-83.072385, 42.712897], [-83.07527, 42.712824], [-83.077525, 42.712781], [-83.082877, 42.71266], [-83.084701, 42.712617], [-83.088571, 42.712558], [-83.089911, 42.712536], [-83.091584, 42.712522], [-83.094114, 42.712488], [-83.09479, 42.71249], [-83.095441, 42.712499], [-83.100509, 42.712254], [-83.123345, 42.711756], [-83.125061, 42.711715], [-83.128887, 42.711608], [-83.130845, 42.711574], [-83.132941, 42.711525], [-83.135022, 42.711478], [-83.140801, 42.711387], [-83.143822, 42.711323], [-83.147658, 42.711247], [-83.147793, 42.711337], [-83.156559, 42.711133], [-83.15739, 42.711104], [-83.158337, 42.711071], [-83.163347, 42.710906], [-83.169093, 42.710741], [-83.16971, 42.71072], [-83.173166, 42.710613], [-83.1746, 42.710573], [-83.175624, 42.710549], [-83.184639, 42.710306], [-83.190311, 42.710214], [-83.195423, 42.709992], [-83.203125, 42.709831], [-83.204065, 42.709812], [-83.208979, 42.709673], [-83.21403, 42.709523], [-83.213328, 42.700901], [-83.213311, 42.700692], [-83.213161, 42.698793], [-83.212757, 42.69376], [-83.21243, 42.687209], [-83.212144, 42.683326], [-83.211999, 42.679977], [-83.211986, 42.679703], [-83.211933, 42.678607], [-83.211926, 42.678389], [-83.211816, 42.675971], [-83.211671, 42.672522], [-83.211529, 42.669452], [-83.211339, 42.664841], [-83.2112, 42.661808], [-83.210907, 42.655908], [-83.210946, 42.655895], [-83.210655, 42.65019], [-83.210628, 42.649952], [-83.210495, 42.646651], [-83.210487, 42.646458], [-83.210488, 42.646447], [-83.210384, 42.644372], [-83.210376, 42.64421], [-83.21026, 42.641674], [-83.210234, 42.641153], [-83.210149, 42.639503], [-83.210077, 42.637907], [-83.210056, 42.637427], [-83.209891, 42.634009], [-83.209756, 42.631596], [-83.20964, 42.629328], [-83.209576, 42.62795], [-83.209545, 42.627385], [-83.209453, 42.625692], [-83.209372, 42.624015], [-83.209276, 42.622377], [-83.209216, 42.620995], [-83.205164, 42.621115], [-83.203532, 42.621154], [-83.201929, 42.621201], [-83.201055, 42.62122], [-83.199456, 42.621264], [-83.190996, 42.621497], [-83.1896, 42.621517], [-83.18754, 42.621582], [-83.182045, 42.621724], [-83.181419, 42.621731], [-83.17948, 42.621771], [-83.175116, 42.621877], [-83.172525, 42.621947], [-83.171303, 42.621979], [-83.170093, 42.622031], [-83.169851, 42.622038], [-83.163902, 42.622181], [-83.162697, 42.622207], [-83.161456, 42.62224], [-83.160855, 42.622256], [-83.160235, 42.622267], [-83.159018, 42.622307], [-83.15615, 42.622387], [-83.150492, 42.622542], [-83.147977, 42.622594], [-83.145542, 42.622651], [-83.145448, 42.622653], [-83.142978, 42.622714], [-83.14056, 42.62277], [-83.137593, 42.622851], [-83.135908, 42.622899], [-83.134867, 42.622922], [-83.134077, 42.62294], [-83.130687, 42.623028], [-83.128766, 42.623072], [-83.127623, 42.623103], [-83.125822, 42.623152], [-83.120718, 42.623296], [-83.119505, 42.623354], [-83.117559, 42.623431], [-83.116683, 42.623466], [-83.112489, 42.623643], [-83.110919, 42.623704], [-83.104604, 42.623876], [-83.091449, 42.624208], [-83.091039, 42.614622], [-83.091026, 42.614307], [-83.091007, 42.613851], [-83.090889, 42.611652], [-83.090843, 42.610666], [-83.090798, 42.609694], [-83.090687, 42.60747], [-83.090616, 42.606079], [-83.090531, 42.60443], [-83.090485, 42.603405], [-83.090438, 42.602599], [-83.090387, 42.601496], [-83.090221, 42.598481], [-83.090185, 42.597876], [-83.0899, 42.593009], [-83.089819, 42.590765], [-83.089687, 42.587143], [-83.089677, 42.586832], [-83.089662, 42.586452], [-83.08961, 42.585061], [-83.089566, 42.583947], [-83.089446, 42.580169], [-83.089366, 42.57845], [-83.089234, 42.575159], [-83.089225, 42.574953], [-83.089126, 42.572483], [-83.089068, 42.571081], [-83.08905, 42.570721], [-83.088938, 42.567986], [-83.088901, 42.567126], [-83.088786, 42.56411], [-83.088776, 42.563843], [-83.088662, 42.561556], [-83.088618, 42.56036], [-83.08861, 42.560214], [-83.088597, 42.559893], [-83.088543, 42.558649], [-83.088508, 42.557856], [-83.088455, 42.556984], [-83.088422, 42.556192], [-83.088417, 42.556075], [-83.088367, 42.554875], [-83.088358, 42.55441], [-83.088332, 42.553695], [-83.088326, 42.553492], [-83.088284, 42.552592], [-83.088277, 42.552504], [-83.088242, 42.551305], [-83.088157, 42.549379], [-83.087993, 42.547526], [-83.087991, 42.547499], [-83.087836, 42.545714], [-83.087702, 42.54412], [-83.087675, 42.54379], [-83.087637, 42.543337], [-83.087543, 42.542256], [-83.087406, 42.540709], [-83.087276, 42.539324], [-83.086882, 42.534792], [-83.086601, 42.528327], [-83.086464, 42.525258], [-83.086417, 42.524324], [-83.08637, 42.522995], [-83.086323, 42.521945], [-83.086246, 42.520018], [-83.086162, 42.518154], [-83.086093, 42.516336], [-83.086074, 42.515851], [-83.08602, 42.514534], [-83.085965, 42.513073], [-83.085946, 42.512614], [-83.085924, 42.512106], [-83.085859, 42.510571], [-83.085832, 42.509855], [-83.085819, 42.509495], [-83.085793, 42.509009], [-83.085788, 42.508886], [-83.085625, 42.505205], [-83.085547, 42.503316], [-83.085498, 42.502029], [-83.085482, 42.501613], [-83.085434, 42.500257], [-83.085406, 42.499388], [-83.085379, 42.498658], [-83.085356, 42.498046], [-83.085346, 42.49776], [-83.085293, 42.49624], [-83.085288, 42.496077], [-83.085179, 42.492705], [-83.085175, 42.492544], [-83.085122, 42.49076], [-83.085103, 42.490395], [-83.085029, 42.488649], [-83.084871, 42.484736], [-83.084846, 42.484132], [-83.084836, 42.483849], [-83.084832, 42.483737], [-83.084806, 42.483143], [-83.084614, 42.47848], [-83.084571, 42.477458], [-83.084523, 42.476345], [-83.084414, 42.470819], [-83.084401, 42.469931], [-83.084369, 42.469044], [-83.084311, 42.467859], [-83.084278, 42.467259], [-83.084248, 42.466713], [-83.084172, 42.465448], [-83.084118, 42.464549], [-83.084106, 42.464266], [-83.084067, 42.463641], [-83.084015, 42.462771], [-83.083958, 42.461825], [-83.083926, 42.461035], [-83.083895, 42.460212], [-83.083867, 42.459432], [-83.083838, 42.458633], [-83.083817, 42.458036], [-83.083806, 42.45773], [-83.08379, 42.457291], [-83.083773, 42.456841], [-83.083759, 42.456538], [-83.083739, 42.455927], [-83.083734, 42.455814], [-83.083699, 42.455071], [-83.083696, 42.455016], [-83.083677, 42.4542], [-83.083676, 42.454144], [-83.083647, 42.453411], [-83.083623, 42.452861], [-83.083597, 42.451895], [-83.083538, 42.450376], [-83.083511, 42.449612], [-83.083499, 42.449139], [-83.083483, 42.448897], [-83.083447, 42.448264], [-83.083443, 42.448108], [-83.083401, 42.44729], [-83.083393, 42.447153], [-83.079089, 42.447078], [-83.077861, 42.447093], [-83.07664, 42.447107], [-83.075413, 42.447119], [-83.074182, 42.447133], [-83.073023, 42.44715], [-83.072037, 42.447162], [-83.071046, 42.447175], [-83.070034, 42.447187], [-83.069025, 42.447197], [-83.067992, 42.447211], [-83.066941, 42.447224], [-83.065926, 42.447234], [-83.064936, 42.447247], [-83.063877, 42.447258], [-83.062839, 42.447288], [-83.061678, 42.447318], [-83.059862, 42.447366], [-83.0594, 42.447379], [-83.054057, 42.447507], [-83.052984, 42.447533], [-83.051872, 42.447561], [-83.050728, 42.447589], [-83.049726, 42.44761], [-83.048669, 42.447641], [-83.04757, 42.447664], [-83.046472, 42.447691], [-83.045398, 42.447727], [-83.044282, 42.447765], [-83.043959, 42.447772], [-83.04194, 42.447822], [-83.039417, 42.447874], [-83.037044, 42.447928], [-83.034519, 42.447936], [-83.033304, 42.447957], [-83.032096, 42.447988], [-83.030827, 42.448016], [-83.029631, 42.448045], [-83.028392, 42.448075], [-83.027184, 42.448103], [-83.025961, 42.448131], [-83.024745, 42.448159], [-83.023613, 42.448188], [-83.022555, 42.448217], [-83.021478, 42.448247], [-83.017581, 42.448364], [-83.014908, 42.448436], [-83.014374, 42.44845], [-83.007274, 42.448725], [-83.005534, 42.448806], [-83.005185, 42.448819], [-83.002698, 42.448901], [-83.000348, 42.44892], [-82.99914, 42.448968], [-82.997865, 42.449006], [-82.996626, 42.449033], [-82.995424, 42.449058], [-82.994199, 42.449087], [-82.992933, 42.449114], [-82.991743, 42.449142], [-82.990543, 42.449169], [-82.9893, 42.449195], [-82.988093, 42.449223], [-82.986888, 42.449251], [-82.985659, 42.44928], [-82.983198, 42.449339], [-82.980768, 42.449401], [-82.978318, 42.449465], [-82.977177, 42.449494], [-82.975848, 42.44953], [-82.973553, 42.449587], [-82.971041, 42.449665], [-82.970921, 42.44967], [-82.967938, 42.449836], [-82.966093, 42.449886], [-82.963673, 42.449931], [-82.961112, 42.44997], [-82.958636, 42.450013], [-82.957706, 42.450026], [-82.956606, 42.450042], [-82.95621, 42.450048], [-82.955483, 42.450063], [-82.95375, 42.450095], [-82.951315, 42.450143], [-82.949543, 42.450177], [-82.948839, 42.45019], [-82.946392, 42.450229], [-82.946208, 42.450228], [-82.942995, 42.450199], [-82.941283, 42.45023], [-82.94098, 42.450227], [-82.940741, 42.450224], [-82.939711, 42.450248], [-82.935403, 42.450159], [-82.934297, 42.450292], [-82.933668, 42.450526], [-82.932359, 42.450553], [-82.929564, 42.450609], [-82.928579, 42.45062], [-82.92632, 42.450645], [-82.924933, 42.450655], [-82.922701, 42.450674], [-82.919294, 42.450699], [-82.917792, 42.450705], [-82.917391, 42.450718], [-82.917289, 42.450719], [-82.917187, 42.45072], [-82.915899, 42.450726], [-82.914608, 42.450731], [-82.912778, 42.450753], [-82.912456, 42.450756], [-82.911375, 42.450768], [-82.910722, 42.450772], [-82.909723, 42.450781], [-82.909252, 42.450783], [-82.904734, 42.450774], [-82.90164, 42.450814], [-82.899934, 42.450837], [-82.899175, 42.450845], [-82.89799, 42.450834], [-82.894871, 42.450861], [-82.891833, 42.450892], [-82.888277, 42.450917], [-82.887842, 42.450916], [-82.886981, 42.450921], [-82.883986, 42.450908], [-82.883443, 42.450906], [-82.880895, 42.450939], [-82.880413, 42.450944], [-82.877693, 42.450958], [-82.877182, 42.450955], [-82.87321, 42.450981], [-82.873023, 42.450979], [-82.870045, 42.451008], [-82.864114, 42.451337], [-82.861524, 42.462597], [-82.864282, 42.468184], [-82.868274, 42.475532], [-82.870937, 42.484862], [-82.871971, 42.495978], [-82.871962, 42.498499], [-82.871013, 42.509486], [-82.868924, 42.518725], [-82.86655, 42.524324], [-82.86351, 42.530413], [-82.85514, 42.540918], [-82.836023, 42.553038], [-82.827657, 42.55477], [-82.821787, 42.555985], [-82.819081, 42.556302], [-82.816009, 42.556662], [-82.812001, 42.557131], [-82.807085, 42.557403], [-82.773521, 42.559259], [-82.769517, 42.561387], [-82.764179, 42.566135], [-82.757936, 42.574994], [-82.757729, 42.583979], [-82.759474, 42.592627], [-82.760913, 42.595251], [-82.761734, 42.596748], [-82.766004, 42.600051], [-82.7733, 42.603951], [-82.797632, 42.616696], [-82.801387, 42.623513], [-82.801637, 42.626829], [-82.800636, 42.63125], [-82.814724, 42.631313], [-82.817736, 42.631043]]]]}}, {"type": "Feature", "properties": {"id": 11, "NAME": "11", "text-color": "#000000", "text-size": 16, "TotalPop": 775568, "PopDevPct": 0.00050251, "DemPct": 0.59254668, "RepPct": 0.39418168, "WhitePct": 0.70863291, "MinorityPct": 0.29136709, "BlackPct": 0.13614607, "HispanicPct": 0.0446524, "PacificPct": 0.00081402, "AsianPct": 0.09129818, "NativePct": 0.01529648, "TotalVAP": 624065, "Margin": 0.09254668, "color": "#ca0000", "opacity": "0.5", "year": 2022, "state": "MI", "state-district": "MI-11"}, "geometry": {"type": "MultiPolygon", "coordinates": [[[[-83.559895, 42.574203], [-83.559694, 42.570751], [-83.559495, 42.567103], [-83.559167, 42.561153], [-83.559041, 42.559623], [-83.558674, 42.55286], [-83.558644, 42.552545], [-83.5586, 42.552058], [-83.558443, 42.549901], [-83.558414, 42.548414], [-83.557746, 42.537186], [-83.557592, 42.53454], [-83.557375, 42.531086], [-83.557142, 42.53079], [-83.556784, 42.523911], [-83.556146, 42.511646], [-83.55593, 42.507521], [-83.555659, 42.50231], [-83.555648, 42.502092], [-83.555514, 42.498597], [-83.55521, 42.493165], [-83.551758, 42.493295], [-83.549978, 42.493352], [-83.547427, 42.493425], [-83.545088, 42.493482], [-83.540701, 42.493578], [-83.535818, 42.493691], [-83.53377, 42.49377], [-83.531957, 42.493845], [-83.520085, 42.494264], [-83.518287, 42.494117], [-83.518654, 42.494394], [-83.516073, 42.494403], [-83.515867, 42.494431], [-83.511465, 42.494531], [-83.510771, 42.494555], [-83.505723, 42.494734], [-83.496014, 42.495012], [-83.49028, 42.495213], [-83.490308, 42.496056], [-83.490789, 42.497031], [-83.491321, 42.49767], [-83.491718, 42.4984], [-83.491403, 42.498939], [-83.490622, 42.499279], [-83.488768, 42.499747], [-83.487282, 42.499577], [-83.48733, 42.500366], [-83.486449, 42.500413], [-83.486526, 42.502463], [-83.481585, 42.50263], [-83.480398, 42.502657], [-83.479798, 42.502671], [-83.47871, 42.5027], [-83.476515, 42.502778], [-83.476618, 42.504216], [-83.476727, 42.505631], [-83.476778, 42.506398], [-83.476868, 42.507833], [-83.476897, 42.508239], [-83.476933, 42.508747], [-83.476911, 42.509055], [-83.476583, 42.50997], [-83.474505, 42.510033], [-83.475235, 42.511364], [-83.474385, 42.511855], [-83.472783, 42.512849], [-83.47222, 42.513363], [-83.471412, 42.514664], [-83.471217, 42.515338], [-83.47256, 42.520865], [-83.472815, 42.523868], [-83.474202, 42.5261], [-83.470915, 42.526208], [-83.469093, 42.526258], [-83.46846, 42.526277], [-83.467166, 42.526317], [-83.466365, 42.526342], [-83.464093, 42.526413], [-83.462042, 42.526488], [-83.458439, 42.526589], [-83.455782, 42.526662], [-83.455025, 42.526682], [-83.452317, 42.52676], [-83.451426, 42.526785], [-83.445555, 42.526925], [-83.445018, 42.526935], [-83.44274, 42.526989], [-83.437586, 42.527102], [-83.437538, 42.526072], [-83.437268, 42.519923], [-83.437203, 42.518425], [-83.437086, 42.51585], [-83.437068, 42.515422], [-83.436885, 42.511604], [-83.436756, 42.50842], [-83.436687, 42.506947], [-83.436592, 42.504817], [-83.436556, 42.504148], [-83.436463, 42.502233], [-83.436245, 42.497133], [-83.436222, 42.496873], [-83.436122, 42.494613], [-83.435949, 42.48983], [-83.435854, 42.488108], [-83.435772, 42.486215], [-83.435764, 42.486017], [-83.435666, 42.483934], [-83.435642, 42.483498], [-83.43552, 42.480553], [-83.435435, 42.478822], [-83.435098, 42.471756], [-83.434943, 42.467991], [-83.43481, 42.465093], [-83.434783, 42.464486], [-83.434613, 42.460812], [-83.434551, 42.459512], [-83.434545, 42.459391], [-83.434384, 42.456046], [-83.43427, 42.453484], [-83.433984, 42.446147], [-83.433524, 42.441146], [-83.433734, 42.43894], [-83.433672, 42.438942], [-83.432344, 42.438986], [-83.431866, 42.439006], [-83.427948, 42.439135], [-83.424378, 42.43925], [-83.423917, 42.439263], [-83.421645, 42.439328], [-83.417738, 42.439432], [-83.414357, 42.439523], [-83.404466, 42.439769], [-83.399629, 42.43991], [-83.39477, 42.440028], [-83.393808, 42.440055], [-83.385307, 42.440276], [-83.384407, 42.440309], [-83.382834, 42.440347], [-83.375469, 42.440557], [-83.372613, 42.440636], [-83.369177, 42.440738], [-83.368924, 42.440746], [-83.367896, 42.440774], [-83.366802, 42.440804], [-83.365711, 42.440838], [-83.365563, 42.440842], [-83.364353, 42.440874], [-83.363291, 42.440899], [-83.363109, 42.440903], [-83.361891, 42.440933], [-83.360845, 42.440959], [-83.360722, 42.440962], [-83.355901, 42.441086], [-83.352495, 42.441176], [-83.349937, 42.441241], [-83.346305, 42.441333], [-83.346035, 42.441339], [-83.344755, 42.441372], [-83.343621, 42.441401], [-83.342721, 42.441422], [-83.341599, 42.441448], [-83.340435, 42.441481], [-83.339272, 42.441508], [-83.338751, 42.441523], [-83.338138, 42.441538], [-83.336456, 42.441575], [-83.334046, 42.441633], [-83.330184, 42.441725], [-83.328103, 42.441774], [-83.326551, 42.44181], [-83.325415, 42.441837], [-83.321415, 42.441925], [-83.320551, 42.441944], [-83.316825, 42.442033], [-83.316839, 42.44221], [-83.31688, 42.44383], [-83.316965, 42.44564], [-83.317063, 42.447457], [-83.317158, 42.449199], [-83.31717, 42.44971], [-83.317251, 42.451343], [-83.317316, 42.452779], [-83.3174, 42.454027], [-83.317433, 42.455122], [-83.317496, 42.456571], [-83.317519, 42.456979], [-83.317557, 42.457809], [-83.317592, 42.45834], [-83.317813, 42.462843], [-83.317934, 42.46571], [-83.318025, 42.467316], [-83.31817, 42.470446], [-83.318191, 42.471055], [-83.318475, 42.4769], [-83.318567, 42.47874], [-83.318693, 42.481508], [-83.318723, 42.482128], [-83.318878, 42.485548], [-83.318973, 42.487841], [-83.319076, 42.490585], [-83.319082, 42.490787], [-83.319163, 42.492853], [-83.319259, 42.49476], [-83.319376, 42.496932], [-83.319568, 42.500246], [-83.319793, 42.505079], [-83.319895, 42.506952], [-83.319925, 42.507373], [-83.31993, 42.507426], [-83.320005, 42.508998], [-83.320222, 42.514707], [-83.320248, 42.515046], [-83.320382, 42.51833], [-83.320485, 42.520429], [-83.320556, 42.521979], [-83.320693, 42.52469], [-83.320748, 42.525796], [-83.320724, 42.526052], [-83.320757, 42.527655], [-83.320726, 42.527659], [-83.320737, 42.527887], [-83.320755, 42.52827], [-83.320779, 42.52878], [-83.320804, 42.528901], [-83.320831, 42.529033], [-83.320895, 42.529035], [-83.318808, 42.529405], [-83.315865, 42.529434], [-83.31484, 42.529424], [-83.313303, 42.529456], [-83.311481, 42.529533], [-83.308706, 42.529627], [-83.30534, 42.529618], [-83.304448, 42.529676], [-83.300627, 42.529788], [-83.299487, 42.529817], [-83.297455, 42.529867], [-83.294808, 42.529933], [-83.293029, 42.529982], [-83.292756, 42.52999], [-83.29078, 42.530037], [-83.290687, 42.53004], [-83.289636, 42.530066], [-83.289352, 42.530074], [-83.288473, 42.5301], [-83.288013, 42.530113], [-83.286452, 42.530151], [-83.285387, 42.530176], [-83.284962, 42.530211], [-83.283535, 42.530242], [-83.281572, 42.530274], [-83.281537, 42.530275], [-83.280138, 42.530307], [-83.27912, 42.53032], [-83.276144, 42.530379], [-83.274187, 42.530428], [-83.272976, 42.530455], [-83.272038, 42.530473], [-83.271893, 42.530475], [-83.270737, 42.530493], [-83.27, 42.530504], [-83.269233, 42.530516], [-83.267044, 42.530547], [-83.264378, 42.530599], [-83.257323, 42.530687], [-83.256595, 42.5307], [-83.251979, 42.530787], [-83.250077, 42.530829], [-83.249165, 42.530851], [-83.247796, 42.530889], [-83.246436, 42.530917], [-83.244795, 42.530956], [-83.238546, 42.531086], [-83.236523, 42.531056], [-83.233481, 42.531163], [-83.230288, 42.531257], [-83.228771, 42.531284], [-83.227651, 42.531303], [-83.223935, 42.53135], [-83.222739, 42.531377], [-83.221523, 42.531405], [-83.220292, 42.53144], [-83.219082, 42.531474], [-83.217857, 42.531508], [-83.216541, 42.531544], [-83.21545, 42.531573], [-83.214228, 42.531607], [-83.211418, 42.531697], [-83.209322, 42.531782], [-83.205558, 42.531876], [-83.20438, 42.531905], [-83.204344, 42.531056], [-83.204307, 42.530186], [-83.204265, 42.529312], [-83.204229, 42.528558], [-83.204189, 42.527725], [-83.204153, 42.52691], [-83.204116, 42.526087], [-83.204078, 42.525239], [-83.204053, 42.524693], [-83.204029, 42.524144], [-83.203991, 42.523291], [-83.203951, 42.522391], [-83.20391, 42.521476], [-83.203839, 42.519891], [-83.203746, 42.517463], [-83.203617, 42.514949], [-83.203517, 42.512537], [-83.203419, 42.510189], [-83.203339, 42.508228], [-83.203321, 42.50784], [-83.203211, 42.505549], [-83.203209, 42.505508], [-83.203075, 42.502892], [-83.202993, 42.501072], [-83.20287, 42.498298], [-83.202758, 42.495675], [-83.202632, 42.493235], [-83.202512, 42.4909], [-83.202384, 42.488359], [-83.20227, 42.48566], [-83.202181, 42.483536], [-83.202198, 42.481107], [-83.202074, 42.478335], [-83.202037, 42.477585], [-83.202022, 42.477158], [-83.202014, 42.476955], [-83.201994, 42.476734], [-83.201863, 42.473846], [-83.201823, 42.472925], [-83.201787, 42.472041], [-83.201621, 42.471143], [-83.201582, 42.4704], [-83.201574, 42.470245], [-83.201532, 42.469468], [-83.201527, 42.469349], [-83.201478, 42.468448], [-83.201439, 42.467552], [-83.201414, 42.466585], [-83.201294, 42.463721], [-83.201287, 42.463548], [-83.201223, 42.461876], [-83.201137, 42.461429], [-83.201, 42.459318], [-83.200911, 42.456638], [-83.200848, 42.455097], [-83.200709, 42.451607], [-83.200671, 42.450707], [-83.200556, 42.448013], [-83.200562, 42.445382], [-83.200529, 42.444889], [-83.200522, 42.444839], [-83.19324, 42.445095], [-83.190798, 42.445147], [-83.187057, 42.44522], [-83.181005, 42.445343], [-83.175605, 42.445453], [-83.171265, 42.445545], [-83.16696, 42.445683], [-83.161516, 42.445794], [-83.151986, 42.446007], [-83.150944, 42.446031], [-83.147211, 42.446115], [-83.14699, 42.44612], [-83.14419, 42.446181], [-83.14206, 42.446229], [-83.137684, 42.44632], [-83.136553, 42.446345], [-83.133115, 42.446395], [-83.125073, 42.446566], [-83.124896, 42.446569], [-83.124708, 42.446578], [-83.117492, 42.446719], [-83.112954, 42.44679], [-83.11263, 42.446799], [-83.112342, 42.446809], [-83.109626, 42.446959], [-83.109471, 42.446971], [-83.102875, 42.44714], [-83.10179, 42.447102], [-83.097421, 42.44682], [-83.094929, 42.446862], [-83.0947, 42.446865], [-83.090247, 42.446994], [-83.088295, 42.447048], [-83.087076, 42.447083], [-83.086335, 42.447102], [-83.083393, 42.447153], [-83.083401, 42.44729], [-83.083443, 42.448108], [-83.083447, 42.448264], [-83.083483, 42.448897], [-83.083499, 42.449139], [-83.083511, 42.449612], [-83.083538, 42.450376], [-83.083597, 42.451895], [-83.083623, 42.452861], [-83.083647, 42.453411], [-83.083676, 42.454144], [-83.083677, 42.4542], [-83.083696, 42.455016], [-83.083699, 42.455071], [-83.083734, 42.455814], [-83.083739, 42.455927], [-83.083759, 42.456538], [-83.083773, 42.456841], [-83.08379, 42.457291], [-83.083806, 42.45773], [-83.083817, 42.458036], [-83.083838, 42.458633], [-83.083867, 42.459432], [-83.083895, 42.460212], [-83.083926, 42.461035], [-83.083958, 42.461825], [-83.084015, 42.462771], [-83.084067, 42.463641], [-83.084106, 42.464266], [-83.084118, 42.464549], [-83.084172, 42.465448], [-83.084248, 42.466713], [-83.084278, 42.467259], [-83.084311, 42.467859], [-83.084369, 42.469044], [-83.084401, 42.469931], [-83.084414, 42.470819], [-83.084523, 42.476345], [-83.084571, 42.477458], [-83.084614, 42.47848], [-83.084806, 42.483143], [-83.084832, 42.483737], [-83.084836, 42.483849], [-83.084846, 42.484132], [-83.084871, 42.484736], [-83.085029, 42.488649], [-83.085103, 42.490395], [-83.085122, 42.49076], [-83.085175, 42.492544], [-83.085179, 42.492705], [-83.085288, 42.496077], [-83.085293, 42.49624], [-83.085346, 42.49776], [-83.085356, 42.498046], [-83.085379, 42.498658], [-83.085406, 42.499388], [-83.085434, 42.500257], [-83.085482, 42.501613], [-83.085498, 42.502029], [-83.085547, 42.503316], [-83.085625, 42.505205], [-83.085788, 42.508886], [-83.085793, 42.509009], [-83.085819, 42.509495], [-83.085832, 42.509855], [-83.085859, 42.510571], [-83.085924, 42.512106], [-83.085946, 42.512614], [-83.085965, 42.513073], [-83.08602, 42.514534], [-83.086074, 42.515851], [-83.086093, 42.516336], [-83.086162, 42.518154], [-83.086246, 42.520018], [-83.086323, 42.521945], [-83.08637, 42.522995], [-83.086417, 42.524324], [-83.086464, 42.525258], [-83.086601, 42.528327], [-83.086882, 42.534792], [-83.087276, 42.539324], [-83.087406, 42.540709], [-83.087543, 42.542256], [-83.087637, 42.543337], [-83.087675, 42.54379], [-83.087702, 42.54412], [-83.087836, 42.545714], [-83.087991, 42.547499], [-83.087993, 42.547526], [-83.088157, 42.549379], [-83.088242, 42.551305], [-83.088277, 42.552504], [-83.088284, 42.552592], [-83.088326, 42.553492], [-83.088332, 42.553695], [-83.088358, 42.55441], [-83.088367, 42.554875], [-83.088417, 42.556075], [-83.088422, 42.556192], [-83.088455, 42.556984], [-83.088508, 42.557856], [-83.088543, 42.558649], [-83.088597, 42.559893], [-83.08861, 42.560214], [-83.088618, 42.56036], [-83.088662, 42.561556], [-83.088776, 42.563843], [-83.088786, 42.56411], [-83.088901, 42.567126], [-83.088938, 42.567986], [-83.08905, 42.570721], [-83.089068, 42.571081], [-83.089126, 42.572483], [-83.089225, 42.574953], [-83.089234, 42.575159], [-83.089366, 42.57845], [-83.089446, 42.580169], [-83.089566, 42.583947], [-83.08961, 42.585061], [-83.089662, 42.586452], [-83.089677, 42.586832], [-83.089687, 42.587143], [-83.089819, 42.590765], [-83.0899, 42.593009], [-83.090185, 42.597876], [-83.090221, 42.598481], [-83.090387, 42.601496], [-83.090438, 42.602599], [-83.090485, 42.603405], [-83.090531, 42.60443], [-83.090616, 42.606079], [-83.090687, 42.60747], [-83.090798, 42.609694], [-83.090843, 42.610666], [-83.090889, 42.611652], [-83.091007, 42.613851], [-83.091026, 42.614307], [-83.091039, 42.614622], [-83.091449, 42.624208], [-83.104604, 42.623876], [-83.110919, 42.623704], [-83.112489, 42.623643], [-83.116683, 42.623466], [-83.117559, 42.623431], [-83.119505, 42.623354], [-83.120718, 42.623296], [-83.125822, 42.623152], [-83.127623, 42.623103], [-83.128766, 42.623072], [-83.130687, 42.623028], [-83.134077, 42.62294], [-83.134867, 42.622922], [-83.135908, 42.622899], [-83.137593, 42.622851], [-83.14056, 42.62277], [-83.142978, 42.622714], [-83.145448, 42.622653], [-83.145542, 42.622651], [-83.147977, 42.622594], [-83.150492, 42.622542], [-83.15615, 42.622387], [-83.159018, 42.622307], [-83.160235, 42.622267], [-83.160855, 42.622256], [-83.161456, 42.62224], [-83.162697, 42.622207], [-83.163902, 42.622181], [-83.169851, 42.622038], [-83.170093, 42.622031], [-83.171303, 42.621979], [-83.172525, 42.621947], [-83.175116, 42.621877], [-83.17948, 42.621771], [-83.181419, 42.621731], [-83.182045, 42.621724], [-83.18754, 42.621582], [-83.1896, 42.621517], [-83.190996, 42.621497], [-83.199456, 42.621264], [-83.201055, 42.62122], [-83.201929, 42.621201], [-83.203532, 42.621154], [-83.205164, 42.621115], [-83.209216, 42.620995], [-83.209276, 42.622377], [-83.209372, 42.624015], [-83.209453, 42.625692], [-83.209545, 42.627385], [-83.209576, 42.62795], [-83.20964, 42.629328], [-83.209756, 42.631596], [-83.209891, 42.634009], [-83.210056, 42.637427], [-83.210077, 42.637907], [-83.210149, 42.639503], [-83.210234, 42.641153], [-83.21026, 42.641674], [-83.210376, 42.64421], [-83.210384, 42.644372], [-83.210488, 42.646447], [-83.210487, 42.646458], [-83.210495, 42.646651], [-83.210628, 42.649952], [-83.210655, 42.65019], [-83.210946, 42.655895], [-83.210907, 42.655908], [-83.2112, 42.661808], [-83.211339, 42.664841], [-83.211529, 42.669452], [-83.211671, 42.672522], [-83.211816, 42.675971], [-83.211926, 42.678389], [-83.211933, 42.678607], [-83.211986, 42.679703], [-83.211999, 42.679977], [-83.212144, 42.683326], [-83.21243, 42.687209], [-83.212757, 42.69376], [-83.213161, 42.698793], [-83.213311, 42.700692], [-83.213328, 42.700901], [-83.21403, 42.709523], [-83.214652, 42.709508], [-83.217147, 42.70944], [-83.218624, 42.709414], [-83.219517, 42.709399], [-83.221529, 42.709352], [-83.222777, 42.709351], [-83.223348, 42.709334], [-83.227866, 42.709154], [-83.232579, 42.708987], [-83.240424, 42.708704], [-83.242449, 42.708723], [-83.242705, 42.708717], [-83.247306, 42.708595], [-83.250011, 42.708525], [-83.252075, 42.70853], [-83.262452, 42.708261], [-83.266036, 42.708331], [-83.267131, 42.708793], [-83.268608, 42.70807], [-83.275609, 42.707767], [-83.277512, 42.707659], [-83.282148, 42.707614], [-83.285218, 42.707553], [-83.28541, 42.707556], [-83.286039, 42.70757], [-83.286791, 42.707578], [-83.287157, 42.707572], [-83.287699, 42.707566], [-83.287786, 42.707565], [-83.288256, 42.707552], [-83.288618, 42.707541], [-83.288739, 42.707536], [-83.289067, 42.707523], [-83.289436, 42.707511], [-83.289587, 42.70752], [-83.28973, 42.707547], [-83.303684, 42.707119], [-83.304494, 42.707142], [-83.306874, 42.707062], [-83.307169, 42.707046], [-83.315085, 42.706639], [-83.323456, 42.706137], [-83.324388, 42.706082], [-83.32895, 42.705918], [-83.332919, 42.705779], [-83.334032, 42.705759], [-83.338521, 42.705642], [-83.340568, 42.7056], [-83.348743, 42.705368], [-83.352843, 42.705254], [-83.354549, 42.705201], [-83.361553, 42.704977], [-83.363281, 42.70491], [-83.365644, 42.704819], [-83.371276, 42.704666], [-83.371878, 42.704657], [-83.373134, 42.704553], [-83.374077, 42.704499], [-83.375184, 42.704605], [-83.376821, 42.70458], [-83.377753, 42.704566], [-83.382519, 42.704492], [-83.387997, 42.704413], [-83.388064, 42.704407], [-83.388455, 42.704401], [-83.390426, 42.704319], [-83.391048, 42.704293], [-83.397172, 42.704045], [-83.397933, 42.704005], [-83.398096, 42.703998], [-83.399643, 42.703958], [-83.400912, 42.703925], [-83.402195, 42.703892], [-83.404049, 42.703844], [-83.404753, 42.703825], [-83.406409, 42.703783], [-83.4068, 42.703773], [-83.414694, 42.703594], [-83.416175, 42.703558], [-83.418474, 42.703507], [-83.419863, 42.70347], [-83.423443, 42.703379], [-83.424532, 42.703351], [-83.426056, 42.703312], [-83.426308, 42.70323], [-83.427365, 42.70328], [-83.427889, 42.703267], [-83.432466, 42.703153], [-83.432562, 42.703152], [-83.441762, 42.702917], [-83.445951, 42.702931], [-83.44612, 42.703002], [-83.446086, 42.701878], [-83.450982, 42.701788], [-83.451263, 42.701788], [-83.455375, 42.701745], [-83.460874, 42.701595], [-83.46567, 42.701465], [-83.466762, 42.701443], [-83.470999, 42.701417], [-83.471234, 42.701346], [-83.490538, 42.700932], [-83.495909, 42.700684], [-83.498833, 42.700647], [-83.505262, 42.700631], [-83.507693, 42.700551], [-83.512986, 42.700534], [-83.513008, 42.700973], [-83.515104, 42.700443], [-83.534095, 42.699952], [-83.54965, 42.699595], [-83.549344, 42.691762], [-83.55426, 42.691658], [-83.556487, 42.691599], [-83.557793, 42.69125], [-83.558499, 42.691061], [-83.561925, 42.691471], [-83.565625, 42.691374], [-83.565567, 42.689682], [-83.56548, 42.687342], [-83.565426, 42.685806], [-83.565379, 42.684119], [-83.565359, 42.68256], [-83.565244, 42.680487], [-83.565208, 42.679605], [-83.56506, 42.676015], [-83.564897, 42.67227], [-83.564878, 42.671813], [-83.564306, 42.658477], [-83.564281, 42.657915], [-83.56424, 42.656962], [-83.564112, 42.654055], [-83.564101, 42.653794], [-83.562987, 42.629289], [-83.562834, 42.626342], [-83.562062, 42.610741], [-83.561731, 42.605236], [-83.561211, 42.596201], [-83.561033, 42.596191], [-83.561072, 42.595755], [-83.560279, 42.581501], [-83.559895, 42.574203]]]]}}, {"type": "Feature", "properties": {"id": 12, "NAME": "12", "text-color": "#000000", "text-size": 16, "TotalPop": 775247, "PopDevPct": 8.842e-05, "DemPct": 0.73678518, "RepPct": 0.25169662, "WhitePct": 0.47459953, "MinorityPct": 0.52540047, "BlackPct": 0.45699375, "HispanicPct": 0.02853999, "PacificPct": 0.00084548, "AsianPct": 0.0261193, "NativePct": 0.01592321, "TotalVAP": 596111, "Margin": 0.23678518, "color": "#58ff9f", "opacity": "0.5", "year": 2022, "state": "MI", "state-district": "MI-12"}, "geometry": {"type": "MultiPolygon", "coordinates": [[[[-83.163205, 42.395155], [-83.162535, 42.395173], [-83.162664, 42.397899], [-83.161596, 42.397924], [-83.160532, 42.397948], [-83.159473, 42.39797], [-83.159573, 42.400241], [-83.159611, 42.401052], [-83.159642, 42.401775], [-83.159688, 42.402515], [-83.158608, 42.402526], [-83.157525, 42.402533], [-83.156415, 42.40254], [-83.155326, 42.402548], [-83.154815, 42.402551], [-83.154356, 42.402554], [-83.153373, 42.40256], [-83.152387, 42.402566], [-83.15053, 42.402578], [-83.150596, 42.404406], [-83.150607, 42.404715], [-83.150612, 42.404868], [-83.150622, 42.405139], [-83.150662, 42.406188], [-83.150799, 42.4098], [-83.150955, 42.409798], [-83.151014, 42.412234], [-83.151066, 42.413945], [-83.151166, 42.417098], [-83.151253, 42.418895], [-83.15136, 42.420716], [-83.151467, 42.422486], [-83.151572, 42.424283], [-83.151669, 42.426065], [-83.151761, 42.427849], [-83.151811, 42.429616], [-83.151858, 42.431413], [-83.150684, 42.431427], [-83.150728, 42.43321], [-83.150767, 42.434955], [-83.150772, 42.435158], [-83.150825, 42.436837], [-83.150887, 42.438684], [-83.150679, 42.438688], [-83.150772, 42.441154], [-83.150842, 42.443485], [-83.150925, 42.445885], [-83.150944, 42.446031], [-83.151986, 42.446007], [-83.161516, 42.445794], [-83.16696, 42.445683], [-83.171265, 42.445545], [-83.175605, 42.445453], [-83.181005, 42.445343], [-83.187057, 42.44522], [-83.190798, 42.445147], [-83.19324, 42.445095], [-83.200522, 42.444839], [-83.200529, 42.444889], [-83.200562, 42.445382], [-83.200556, 42.448013], [-83.200671, 42.450707], [-83.200709, 42.451607], [-83.200848, 42.455097], [-83.200911, 42.456638], [-83.201, 42.459318], [-83.201137, 42.461429], [-83.201223, 42.461876], [-83.201287, 42.463548], [-83.201294, 42.463721], [-83.201414, 42.466585], [-83.201439, 42.467552], [-83.201478, 42.468448], [-83.201527, 42.469349], [-83.201532, 42.469468], [-83.201574, 42.470245], [-83.201582, 42.4704], [-83.201621, 42.471143], [-83.201787, 42.472041], [-83.201823, 42.472925], [-83.201863, 42.473846], [-83.201994, 42.476734], [-83.202014, 42.476955], [-83.202022, 42.477158], [-83.202037, 42.477585], [-83.202074, 42.478335], [-83.202198, 42.481107], [-83.202181, 42.483536], [-83.20227, 42.48566], [-83.202384, 42.488359], [-83.202512, 42.4909], [-83.202632, 42.493235], [-83.202758, 42.495675], [-83.20287, 42.498298], [-83.202993, 42.501072], [-83.203075, 42.502892], [-83.203209, 42.505508], [-83.203211, 42.505549], [-83.203321, 42.50784], [-83.203339, 42.508228], [-83.203419, 42.510189], [-83.203517, 42.512537], [-83.203617, 42.514949], [-83.203746, 42.517463], [-83.203839, 42.519891], [-83.20391, 42.521476], [-83.203951, 42.522391], [-83.203991, 42.523291], [-83.204029, 42.524144], [-83.204053, 42.524693], [-83.204078, 42.525239], [-83.204116, 42.526087], [-83.204153, 42.52691], [-83.204189, 42.527725], [-83.204229, 42.528558], [-83.204265, 42.529312], [-83.204307, 42.530186], [-83.204344, 42.531056], [-83.20438, 42.531905], [-83.205558, 42.531876], [-83.209322, 42.531782], [-83.211418, 42.531697], [-83.214228, 42.531607], [-83.21545, 42.531573], [-83.216541, 42.531544], [-83.217857, 42.531508], [-83.219082, 42.531474], [-83.220292, 42.53144], [-83.221523, 42.531405], [-83.222739, 42.531377], [-83.223935, 42.53135], [-83.227651, 42.531303], [-83.228771, 42.531284], [-83.230288, 42.531257], [-83.233481, 42.531163], [-83.236523, 42.531056], [-83.238546, 42.531086], [-83.244795, 42.530956], [-83.246436, 42.530917], [-83.247796, 42.530889], [-83.249165, 42.530851], [-83.250077, 42.530829], [-83.251979, 42.530787], [-83.256595, 42.5307], [-83.257323, 42.530687], [-83.264378, 42.530599], [-83.267044, 42.530547], [-83.269233, 42.530516], [-83.27, 42.530504], [-83.270737, 42.530493], [-83.271893, 42.530475], [-83.272038, 42.530473], [-83.272976, 42.530455], [-83.274187, 42.530428], [-83.276144, 42.530379], [-83.27912, 42.53032], [-83.280138, 42.530307], [-83.281537, 42.530275], [-83.281572, 42.530274], [-83.283535, 42.530242], [-83.284962, 42.530211], [-83.285387, 42.530176], [-83.286452, 42.530151], [-83.288013, 42.530113], [-83.288473, 42.5301], [-83.289352, 42.530074], [-83.289636, 42.530066], [-83.290687, 42.53004], [-83.29078, 42.530037], [-83.292756, 42.52999], [-83.293029, 42.529982], [-83.294808, 42.529933], [-83.297455, 42.529867], [-83.299487, 42.529817], [-83.300627, 42.529788], [-83.304448, 42.529676], [-83.30534, 42.529618], [-83.308706, 42.529627], [-83.311481, 42.529533], [-83.313303, 42.529456], [-83.31484, 42.529424], [-83.315865, 42.529434], [-83.318808, 42.529405], [-83.320895, 42.529035], [-83.320831, 42.529033], [-83.320804, 42.528901], [-83.320779, 42.52878], [-83.320755, 42.52827], [-83.320737, 42.527887], [-83.320726, 42.527659], [-83.320757, 42.527655], [-83.320724, 42.526052], [-83.320748, 42.525796], [-83.320693, 42.52469], [-83.320556, 42.521979], [-83.320485, 42.520429], [-83.320382, 42.51833], [-83.320248, 42.515046], [-83.320222, 42.514707], [-83.320005, 42.508998], [-83.31993, 42.507426], [-83.319925, 42.507373], [-83.319895, 42.506952], [-83.319793, 42.505079], [-83.319568, 42.500246], [-83.319376, 42.496932], [-83.319259, 42.49476], [-83.319163, 42.492853], [-83.319082, 42.490787], [-83.319076, 42.490585], [-83.318973, 42.487841], [-83.318878, 42.485548], [-83.318723, 42.482128], [-83.318693, 42.481508], [-83.318567, 42.47874], [-83.318475, 42.4769], [-83.318191, 42.471055], [-83.31817, 42.470446], [-83.318025, 42.467316], [-83.317934, 42.46571], [-83.317813, 42.462843], [-83.317592, 42.45834], [-83.317557, 42.457809], [-83.317519, 42.456979], [-83.317496, 42.456571], [-83.317433, 42.455122], [-83.3174, 42.454027], [-83.317316, 42.452779], [-83.317251, 42.451343], [-83.31717, 42.44971], [-83.317158, 42.449199], [-83.317063, 42.447457], [-83.316965, 42.44564], [-83.31688, 42.44383], [-83.316839, 42.44221], [-83.316825, 42.442033], [-83.320551, 42.441944], [-83.321415, 42.441925], [-83.325415, 42.441837], [-83.326551, 42.44181], [-83.328103, 42.441774], [-83.330184, 42.441725], [-83.334046, 42.441633], [-83.336456, 42.441575], [-83.338138, 42.441538], [-83.338751, 42.441523], [-83.339272, 42.441508], [-83.340435, 42.441481], [-83.341599, 42.441448], [-83.342721, 42.441422], [-83.343621, 42.441401], [-83.344755, 42.441372], [-83.346035, 42.441339], [-83.346305, 42.441333], [-83.349937, 42.441241], [-83.352495, 42.441176], [-83.355901, 42.441086], [-83.360722, 42.440962], [-83.360845, 42.440959], [-83.361891, 42.440933], [-83.363109, 42.440903], [-83.363291, 42.440899], [-83.364353, 42.440874], [-83.365563, 42.440842], [-83.365711, 42.440838], [-83.366802, 42.440804], [-83.367896, 42.440774], [-83.368924, 42.440746], [-83.369177, 42.440738], [-83.372613, 42.440636], [-83.375469, 42.440557], [-83.382834, 42.440347], [-83.384407, 42.440309], [-83.385307, 42.440276], [-83.393808, 42.440055], [-83.39477, 42.440028], [-83.399629, 42.43991], [-83.404466, 42.439769], [-83.414357, 42.439523], [-83.417738, 42.439432], [-83.421645, 42.439328], [-83.423917, 42.439263], [-83.424378, 42.43925], [-83.427948, 42.439135], [-83.431866, 42.439006], [-83.432344, 42.438986], [-83.433672, 42.438942], [-83.433564, 42.43536], [-83.433472, 42.433913], [-83.433371, 42.431929], [-83.433293, 42.430315], [-83.433085, 42.424934], [-83.432997, 42.423045], [-83.432955, 42.422129], [-83.43289, 42.420736], [-83.432736, 42.418045], [-83.432697, 42.416829], [-83.432614, 42.414794], [-83.432424, 42.410658], [-83.432373, 42.409768], [-83.432328, 42.4086], [-83.432315, 42.40802], [-83.432263, 42.406543], [-83.432051, 42.401609], [-83.431834, 42.396559], [-83.431809, 42.395985], [-83.43175, 42.394613], [-83.431698, 42.393405], [-83.431593, 42.390575], [-83.431561, 42.389692], [-83.431529, 42.388834], [-83.431497, 42.38801], [-83.43145, 42.386674], [-83.431423, 42.385895], [-83.431421, 42.38584], [-83.431387, 42.384858], [-83.431329, 42.383367], [-83.431286, 42.382333], [-83.431273, 42.382004], [-83.43124, 42.381247], [-83.431199, 42.380235], [-83.430943, 42.374211], [-83.430832, 42.371809], [-83.430758, 42.36993], [-83.430742, 42.369563], [-83.430705, 42.368713], [-83.430665, 42.367815], [-83.430637, 42.367173], [-83.430475, 42.363492], [-83.430407, 42.361745], [-83.430356, 42.360348], [-83.43033, 42.359714], [-83.430089, 42.356153], [-83.430038, 42.352465], [-83.42991, 42.349546], [-83.429714, 42.345005], [-83.429616, 42.342373], [-83.429597, 42.341727], [-83.429219, 42.332306], [-83.429179, 42.331303], [-83.429083, 42.328916], [-83.428863, 42.323448], [-83.428692, 42.319187], [-83.428496, 42.314294], [-83.428283, 42.308981], [-83.428064, 42.303536], [-83.428037, 42.302856], [-83.427931, 42.300203], [-83.427705, 42.294586], [-83.427594, 42.291549], [-83.427436, 42.287465], [-83.425464, 42.287505], [-83.422123, 42.287557], [-83.419395, 42.287611], [-83.417359, 42.287653], [-83.415692, 42.287686], [-83.415016, 42.2877], [-83.413088, 42.287739], [-83.410358, 42.287798], [-83.408412, 42.287839], [-83.407203, 42.287865], [-83.405684, 42.287899], [-83.401715, 42.287995], [-83.401101, 42.288009], [-83.399422, 42.288045], [-83.398769, 42.28806], [-83.397435, 42.288088], [-83.392943, 42.288194], [-83.392675, 42.288201], [-83.391192, 42.288237], [-83.390073, 42.288264], [-83.388849, 42.288296], [-83.386657, 42.288332], [-83.38569, 42.288347], [-83.384778, 42.288372], [-83.382901, 42.288409], [-83.381676, 42.288433], [-83.381308, 42.288441], [-83.379929, 42.288464], [-83.378778, 42.288482], [-83.378042, 42.28849], [-83.376728, 42.288509], [-83.375509, 42.28853], [-83.374862, 42.288543], [-83.373986, 42.288558], [-83.373238, 42.288569], [-83.372493, 42.288583], [-83.371342, 42.288601], [-83.371145, 42.288601], [-83.370935, 42.288614], [-83.370398, 42.288626], [-83.369422, 42.288642], [-83.368625, 42.288651], [-83.367143, 42.288684], [-83.366716, 42.288693], [-83.365777, 42.288717], [-83.364971, 42.288737], [-83.364287, 42.288755], [-83.363571, 42.288783], [-83.358173, 42.288967], [-83.356235, 42.288821], [-83.350946, 42.288954], [-83.348939, 42.289186], [-83.348913, 42.288744], [-83.348737, 42.285631], [-83.348711, 42.285305], [-83.348659, 42.284375], [-83.348651, 42.284208], [-83.348553, 42.282025], [-83.348381, 42.277899], [-83.348304, 42.276035], [-83.348199, 42.274689], [-83.348161, 42.272462], [-83.348073, 42.269647], [-83.34807, 42.26916], [-83.348095, 42.267463], [-83.342416, 42.26758], [-83.341389, 42.267601], [-83.336012, 42.26769], [-83.329979, 42.26781], [-83.328622, 42.267842], [-83.318847, 42.268033], [-83.318485, 42.268041], [-83.317889, 42.268052], [-83.317458, 42.26806], [-83.313868, 42.268136], [-83.311087, 42.26819], [-83.308999, 42.26823], [-83.309071, 42.269935], [-83.309078, 42.270048], [-83.309103, 42.270652], [-83.309156, 42.271914], [-83.309233, 42.273696], [-83.309311, 42.275505], [-83.304422, 42.275584], [-83.30323, 42.275606], [-83.301968, 42.275627], [-83.300703, 42.275653], [-83.29952, 42.275678], [-83.29659, 42.275741], [-83.293372, 42.275815], [-83.289776, 42.275896], [-83.289808, 42.276805], [-83.289839, 42.277709], [-83.289871, 42.278613], [-83.285058, 42.278721], [-83.285091, 42.279615], [-83.285124, 42.280512], [-83.285158, 42.281416], [-83.282836, 42.281464], [-83.280775, 42.281511], [-83.280355, 42.281521], [-83.276705, 42.281599], [-83.273575, 42.281665], [-83.2711, 42.281723], [-83.270634, 42.281736], [-83.269249, 42.281766], [-83.267983, 42.281793], [-83.266921, 42.28182], [-83.265751, 42.281861], [-83.264276, 42.281897], [-83.262794, 42.281947], [-83.260901, 42.281993], [-83.259262, 42.282017], [-83.257625, 42.282046], [-83.256054, 42.282071], [-83.254774, 42.282089], [-83.253554, 42.282111], [-83.252334, 42.282132], [-83.251129, 42.28215], [-83.24995, 42.282174], [-83.248763, 42.282195], [-83.247574, 42.282217], [-83.246291, 42.282239], [-83.245141, 42.282264], [-83.243998, 42.282288], [-83.242747, 42.28231], [-83.241385, 42.28234], [-83.240163, 42.282367], [-83.238948, 42.282393], [-83.237722, 42.282421], [-83.236536, 42.282454], [-83.235324, 42.282479], [-83.234109, 42.282504], [-83.232894, 42.28253], [-83.231648, 42.282559], [-83.230304, 42.282573], [-83.229099, 42.282598], [-83.227889, 42.281961], [-83.226324, 42.281248], [-83.224205, 42.280237], [-83.222636, 42.279479], [-83.220246, 42.278376], [-83.217991, 42.277326], [-83.217729, 42.277222], [-83.217391, 42.277649], [-83.217241, 42.277842], [-83.213866, 42.281806], [-83.213215, 42.282564], [-83.211606, 42.284379], [-83.209029, 42.287431], [-83.206917, 42.289947], [-83.204772, 42.292925], [-83.204658, 42.292906], [-83.204608, 42.29289], [-83.20421, 42.292827], [-83.203905, 42.294883], [-83.204051, 42.295992], [-83.200981, 42.299433], [-83.200539, 42.300311], [-83.200714, 42.300524], [-83.199592, 42.30097], [-83.189616, 42.295415], [-83.18795, 42.294976], [-83.187588, 42.295], [-83.184424, 42.294992], [-83.184205, 42.294949], [-83.180472, 42.294262], [-83.179101, 42.294385], [-83.176869, 42.295341], [-83.174783, 42.297274], [-83.173624, 42.297339], [-83.171303, 42.295323], [-83.171239, 42.293002], [-83.169133, 42.291609], [-83.169744, 42.291441], [-83.169676, 42.289644], [-83.167074, 42.289571], [-83.164263, 42.29059], [-83.164007, 42.290731], [-83.161201, 42.291871], [-83.158333, 42.292024], [-83.157801, 42.292673], [-83.157895, 42.293374], [-83.157928, 42.29345], [-83.158029, 42.293602], [-83.158138, 42.293754], [-83.158231, 42.293911], [-83.15826, 42.29413], [-83.158251, 42.294326], [-83.158179, 42.294559], [-83.158013, 42.294791], [-83.157774, 42.294964], [-83.157479, 42.295114], [-83.151079, 42.296233], [-83.150833, 42.296205], [-83.150541, 42.296114], [-83.150335, 42.296004], [-83.150068, 42.295825], [-83.149763, 42.295566], [-83.149682, 42.29542], [-83.149683, 42.295407], [-83.149688, 42.295237], [-83.149616, 42.295019], [-83.148514, 42.292882], [-83.146957, 42.292801], [-83.145742, 42.293126], [-83.144473, 42.293584], [-83.143998, 42.293792], [-83.143773, 42.294383], [-83.143208, 42.294416], [-83.142641, 42.294415], [-83.142318, 42.294703], [-83.14093, 42.29651], [-83.140403, 42.299054], [-83.141652, 42.302172], [-83.142281, 42.304828], [-83.142438, 42.305252], [-83.142233, 42.306098], [-83.140584, 42.306846], [-83.139807, 42.309005], [-83.140682, 42.310796], [-83.14078, 42.311008], [-83.141767, 42.312402], [-83.143448, 42.31469], [-83.146118, 42.318344], [-83.146948, 42.319525], [-83.147038, 42.31963], [-83.147135, 42.319753], [-83.149431, 42.322897], [-83.153209, 42.328087], [-83.155005, 42.327654], [-83.156551, 42.32724], [-83.156594, 42.327798], [-83.15668, 42.328731], [-83.156687, 42.328909], [-83.156737, 42.329925], [-83.156981, 42.336961], [-83.154428, 42.337239], [-83.150901, 42.338869], [-83.149494, 42.341036], [-83.148879, 42.344221], [-83.148431, 42.344688], [-83.147545, 42.349918], [-83.147736, 42.351916], [-83.148618, 42.351898], [-83.149623, 42.351877], [-83.15063, 42.351856], [-83.151635, 42.351836], [-83.152635, 42.351816], [-83.153987, 42.351787], [-83.155163, 42.351764], [-83.156339, 42.35174], [-83.157525, 42.351716], [-83.157654, 42.354112], [-83.157799, 42.356554], [-83.157963, 42.358887], [-83.159623, 42.358838], [-83.16052, 42.358811], [-83.160814, 42.358803], [-83.162022, 42.358782], [-83.162834, 42.358744], [-83.163135, 42.358735], [-83.164097, 42.358716], [-83.164104, 42.358843], [-83.164184, 42.361078], [-83.164262, 42.363883], [-83.164324, 42.366071], [-83.163064, 42.366097], [-83.161582, 42.366127], [-83.16163, 42.366848], [-83.161664, 42.367556], [-83.1617, 42.368285], [-83.161734, 42.369015], [-83.16177, 42.369743], [-83.164437, 42.369676], [-83.164459, 42.370404], [-83.164482, 42.371133], [-83.164505, 42.371864], [-83.164528, 42.372594], [-83.164552, 42.37335], [-83.163364, 42.373382], [-83.161981, 42.373417], [-83.160671, 42.373451], [-83.159634, 42.373477], [-83.158569, 42.373505], [-83.157811, 42.373521], [-83.157503, 42.373527], [-83.156426, 42.373549], [-83.155341, 42.373569], [-83.154257, 42.37359], [-83.152744, 42.373618], [-83.152015, 42.37363], [-83.151142, 42.373635], [-83.151531, 42.373792], [-83.1524, 42.374145], [-83.152638, 42.374241], [-83.1537, 42.374669], [-83.154308, 42.374914], [-83.154661, 42.375056], [-83.155401, 42.375354], [-83.155669, 42.375462], [-83.156518, 42.375805], [-83.156663, 42.375863], [-83.15763, 42.376253], [-83.157757, 42.378997], [-83.157821, 42.380766], [-83.15791, 42.383675], [-83.157944, 42.38474], [-83.15896, 42.384757], [-83.158969, 42.385058], [-83.158974, 42.385248], [-83.158979, 42.385423], [-83.158985, 42.385615], [-83.158993, 42.385901], [-83.158998, 42.386066], [-83.160058, 42.386045], [-83.161121, 42.38603], [-83.162189, 42.386001], [-83.163251, 42.385974], [-83.163109, 42.388395], [-83.163187, 42.390204], [-83.163244, 42.391557], [-83.163306, 42.393658], [-83.163205, 42.395155]]]]}}, {"type": "Feature", "properties": {"id": 13, "NAME": "13", "text-color": "#000000", "text-size": 16, "TotalPop": 775666, "PopDevPct": 0.00062894, "DemPct": 0.74206136, "RepPct": 0.24619388, "WhitePct": 0.39547251, "MinorityPct": 0.60452749, "BlackPct": 0.46854576, "HispanicPct": 0.08769195, "PacificPct": 0.00117591, "AsianPct": 0.03474071, "NativePct": 0.02097906, "TotalVAP": 592734, "Margin": 0.24206136, "color": "#ff5700", "opacity": "0.5", "year": 2022, "state": "MI", "state-district": "MI-13"}, "geometry": {"type": "MultiPolygon", "coordinates": [[[[-82.877182, 42.450955], [-82.877693, 42.450958], [-82.880413, 42.450944], [-82.880895, 42.450939], [-82.883443, 42.450906], [-82.883986, 42.450908], [-82.886981, 42.450921], [-82.887842, 42.450916], [-82.888277, 42.450917], [-82.891833, 42.450892], [-82.894871, 42.450861], [-82.89799, 42.450834], [-82.899175, 42.450845], [-82.899934, 42.450837], [-82.90164, 42.450814], [-82.904734, 42.450774], [-82.909252, 42.450783], [-82.909723, 42.450781], [-82.910722, 42.450772], [-82.911375, 42.450768], [-82.912456, 42.450756], [-82.912778, 42.450753], [-82.914608, 42.450731], [-82.915899, 42.450726], [-82.917187, 42.45072], [-82.917289, 42.450719], [-82.917391, 42.450718], [-82.917792, 42.450705], [-82.919294, 42.450699], [-82.922701, 42.450674], [-82.924933, 42.450655], [-82.92632, 42.450645], [-82.928579, 42.45062], [-82.929564, 42.450609], [-82.932359, 42.450553], [-82.933668, 42.450526], [-82.934297, 42.450292], [-82.935403, 42.450159], [-82.939711, 42.450248], [-82.940741, 42.450224], [-82.94098, 42.450227], [-82.941283, 42.45023], [-82.942995, 42.450199], [-82.946208, 42.450228], [-82.946392, 42.450229], [-82.948839, 42.45019], [-82.949543, 42.450177], [-82.951315, 42.450143], [-82.95375, 42.450095], [-82.955483, 42.450063], [-82.95621, 42.450048], [-82.956606, 42.450042], [-82.957706, 42.450026], [-82.958636, 42.450013], [-82.961112, 42.44997], [-82.963673, 42.449931], [-82.966093, 42.449886], [-82.967938, 42.449836], [-82.970921, 42.44967], [-82.971041, 42.449665], [-82.973553, 42.449587], [-82.975848, 42.44953], [-82.977177, 42.449494], [-82.978318, 42.449465], [-82.980768, 42.449401], [-82.983198, 42.449339], [-82.985659, 42.44928], [-82.986888, 42.449251], [-82.988093, 42.449223], [-82.9893, 42.449195], [-82.990543, 42.449169], [-82.991743, 42.449142], [-82.992933, 42.449114], [-82.994199, 42.449087], [-82.995424, 42.449058], [-82.996626, 42.449033], [-82.997865, 42.449006], [-82.99914, 42.448968], [-83.000348, 42.44892], [-83.002698, 42.448901], [-83.005185, 42.448819], [-83.005534, 42.448806], [-83.007274, 42.448725], [-83.014374, 42.44845], [-83.014908, 42.448436], [-83.017581, 42.448364], [-83.021478, 42.448247], [-83.022555, 42.448217], [-83.023613, 42.448188], [-83.024745, 42.448159], [-83.025961, 42.448131], [-83.027184, 42.448103], [-83.028392, 42.448075], [-83.029631, 42.448045], [-83.030827, 42.448016], [-83.032096, 42.447988], [-83.033304, 42.447957], [-83.034519, 42.447936], [-83.037044, 42.447928], [-83.039417, 42.447874], [-83.04194, 42.447822], [-83.043959, 42.447772], [-83.044282, 42.447765], [-83.045398, 42.447727], [-83.046472, 42.447691], [-83.04757, 42.447664], [-83.048669, 42.447641], [-83.049726, 42.44761], [-83.050728, 42.447589], [-83.051872, 42.447561], [-83.052984, 42.447533], [-83.054057, 42.447507], [-83.0594, 42.447379], [-83.059862, 42.447366], [-83.061678, 42.447318], [-83.062839, 42.447288], [-83.063877, 42.447258], [-83.064936, 42.447247], [-83.065926, 42.447234], [-83.066941, 42.447224], [-83.067992, 42.447211], [-83.069025, 42.447197], [-83.070034, 42.447187], [-83.071046, 42.447175], [-83.072037, 42.447162], [-83.073023, 42.44715], [-83.074182, 42.447133], [-83.075413, 42.447119], [-83.07664, 42.447107], [-83.077861, 42.447093], [-83.079089, 42.447078], [-83.083393, 42.447153], [-83.086335, 42.447102], [-83.087076, 42.447083], [-83.088295, 42.447048], [-83.090247, 42.446994], [-83.0947, 42.446865], [-83.094929, 42.446862], [-83.097421, 42.44682], [-83.10179, 42.447102], [-83.102875, 42.44714], [-83.109471, 42.446971], [-83.109626, 42.446959], [-83.112342, 42.446809], [-83.11263, 42.446799], [-83.112954, 42.44679], [-83.117492, 42.446719], [-83.124708, 42.446578], [-83.124896, 42.446569], [-83.125073, 42.446566], [-83.133115, 42.446395], [-83.136553, 42.446345], [-83.137684, 42.44632], [-83.14206, 42.446229], [-83.14419, 42.446181], [-83.14699, 42.44612], [-83.147211, 42.446115], [-83.150944, 42.446031], [-83.150925, 42.445885], [-83.150842, 42.443485], [-83.150772, 42.441154], [-83.150679, 42.438688], [-83.150887, 42.438684], [-83.150825, 42.436837], [-83.150772, 42.435158], [-83.150767, 42.434955], [-83.150728, 42.43321], [-83.150684, 42.431427], [-83.151858, 42.431413], [-83.151811, 42.429616], [-83.151761, 42.427849], [-83.151669, 42.426065], [-83.151572, 42.424283], [-83.151467, 42.422486], [-83.15136, 42.420716], [-83.151253, 42.418895], [-83.151166, 42.417098], [-83.151066, 42.413945], [-83.151014, 42.412234], [-83.150955, 42.409798], [-83.150799, 42.4098], [-83.150662, 42.406188], [-83.150622, 42.405139], [-83.150612, 42.404868], [-83.150607, 42.404715], [-83.150596, 42.404406], [-83.15053, 42.402578], [-83.152387, 42.402566], [-83.153373, 42.40256], [-83.154356, 42.402554], [-83.154815, 42.402551], [-83.155326, 42.402548], [-83.156415, 42.40254], [-83.157525, 42.402533], [-83.158608, 42.402526], [-83.159688, 42.402515], [-83.159642, 42.401775], [-83.159611, 42.401052], [-83.159573, 42.400241], [-83.159473, 42.39797], [-83.160532, 42.397948], [-83.161596, 42.397924], [-83.162664, 42.397899], [-83.162535, 42.395173], [-83.163205, 42.395155], [-83.163306, 42.393658], [-83.163244, 42.391557], [-83.163187, 42.390204], [-83.163109, 42.388395], [-83.163251, 42.385974], [-83.162189, 42.386001], [-83.161121, 42.38603], [-83.160058, 42.386045], [-83.158998, 42.386066], [-83.158993, 42.385901], [-83.158985, 42.385615], [-83.158979, 42.385423], [-83.158974, 42.385248], [-83.158969, 42.385058], [-83.15896, 42.384757], [-83.157944, 42.38474], [-83.15791, 42.383675], [-83.157821, 42.380766], [-83.157757, 42.378997], [-83.15763, 42.376253], [-83.156663, 42.375863], [-83.156518, 42.375805], [-83.155669, 42.375462], [-83.155401, 42.375354], [-83.154661, 42.375056], [-83.154308, 42.374914], [-83.1537, 42.374669], [-83.152638, 42.374241], [-83.1524, 42.374145], [-83.151531, 42.373792], [-83.151142, 42.373635], [-83.152015, 42.37363], [-83.152744, 42.373618], [-83.154257, 42.37359], [-83.155341, 42.373569], [-83.156426, 42.373549], [-83.157503, 42.373527], [-83.157811, 42.373521], [-83.158569, 42.373505], [-83.159634, 42.373477], [-83.160671, 42.373451], [-83.161981, 42.373417], [-83.163364, 42.373382], [-83.164552, 42.37335], [-83.164528, 42.372594], [-83.164505, 42.371864], [-83.164482, 42.371133], [-83.164459, 42.370404], [-83.164437, 42.369676], [-83.16177, 42.369743], [-83.161734, 42.369015], [-83.1617, 42.368285], [-83.161664, 42.367556], [-83.16163, 42.366848], [-83.161582, 42.366127], [-83.163064, 42.366097], [-83.164324, 42.366071], [-83.164262, 42.363883], [-83.164184, 42.361078], [-83.164104, 42.358843], [-83.164097, 42.358716], [-83.163135, 42.358735], [-83.162834, 42.358744], [-83.162022, 42.358782], [-83.160814, 42.358803], [-83.16052, 42.358811], [-83.159623, 42.358838], [-83.157963, 42.358887], [-83.157799, 42.356554], [-83.157654, 42.354112], [-83.157525, 42.351716], [-83.156339, 42.35174], [-83.155163, 42.351764], [-83.153987, 42.351787], [-83.152635, 42.351816], [-83.151635, 42.351836], [-83.15063, 42.351856], [-83.149623, 42.351877], [-83.148618, 42.351898], [-83.147736, 42.351916], [-83.147545, 42.349918], [-83.148431, 42.344688], [-83.148879, 42.344221], [-83.149494, 42.341036], [-83.150901, 42.338869], [-83.154428, 42.337239], [-83.156981, 42.336961], [-83.156737, 42.329925], [-83.156687, 42.328909], [-83.15668, 42.328731], [-83.156594, 42.327798], [-83.156551, 42.32724], [-83.155005, 42.327654], [-83.153209, 42.328087], [-83.149431, 42.322897], [-83.147135, 42.319753], [-83.147038, 42.31963], [-83.146948, 42.319525], [-83.146118, 42.318344], [-83.143448, 42.31469], [-83.141767, 42.312402], [-83.14078, 42.311008], [-83.140682, 42.310796], [-83.139807, 42.309005], [-83.140584, 42.306846], [-83.142233, 42.306098], [-83.142438, 42.305252], [-83.142281, 42.304828], [-83.141652, 42.302172], [-83.140403, 42.299054], [-83.14093, 42.29651], [-83.142318, 42.294703], [-83.142641, 42.294415], [-83.143208, 42.294416], [-83.143773, 42.294383], [-83.143998, 42.293792], [-83.144473, 42.293584], [-83.145742, 42.293126], [-83.146957, 42.292801], [-83.148514, 42.292882], [-83.149616, 42.295019], [-83.149688, 42.295237], [-83.149683, 42.295407], [-83.149682, 42.29542], [-83.149763, 42.295566], [-83.150068, 42.295825], [-83.150335, 42.296004], [-83.150541, 42.296114], [-83.150833, 42.296205], [-83.151079, 42.296233], [-83.157479, 42.295114], [-83.157774, 42.294964], [-83.158013, 42.294791], [-83.158179, 42.294559], [-83.158251, 42.294326], [-83.15826, 42.29413], [-83.158231, 42.293911], [-83.158138, 42.293754], [-83.158029, 42.293602], [-83.157928, 42.29345], [-83.157895, 42.293374], [-83.157801, 42.292673], [-83.158333, 42.292024], [-83.161201, 42.291871], [-83.164007, 42.290731], [-83.164263, 42.29059], [-83.167074, 42.289571], [-83.169676, 42.289644], [-83.169744, 42.291441], [-83.169133, 42.291609], [-83.171239, 42.293002], [-83.171303, 42.295323], [-83.173624, 42.297339], [-83.174783, 42.297274], [-83.176869, 42.295341], [-83.179101, 42.294385], [-83.180472, 42.294262], [-83.184205, 42.294949], [-83.184424, 42.294992], [-83.187588, 42.295], [-83.18795, 42.294976], [-83.189616, 42.295415], [-83.199592, 42.30097], [-83.200714, 42.300524], [-83.200539, 42.300311], [-83.200981, 42.299433], [-83.204051, 42.295992], [-83.203905, 42.294883], [-83.20421, 42.292827], [-83.204608, 42.29289], [-83.204658, 42.292906], [-83.204772, 42.292925], [-83.206917, 42.289947], [-83.209029, 42.287431], [-83.211606, 42.284379], [-83.213215, 42.282564], [-83.213866, 42.281806], [-83.217241, 42.277842], [-83.217391, 42.277649], [-83.217729, 42.277222], [-83.217991, 42.277326], [-83.220246, 42.278376], [-83.222636, 42.279479], [-83.224205, 42.280237], [-83.226324, 42.281248], [-83.227889, 42.281961], [-83.229099, 42.282598], [-83.230304, 42.282573], [-83.231648, 42.282559], [-83.232894, 42.28253], [-83.234109, 42.282504], [-83.235324, 42.282479], [-83.236536, 42.282454], [-83.237722, 42.282421], [-83.238948, 42.282393], [-83.240163, 42.282367], [-83.241385, 42.28234], [-83.242747, 42.28231], [-83.243998, 42.282288], [-83.245141, 42.282264], [-83.246291, 42.282239], [-83.247574, 42.282217], [-83.248763, 42.282195], [-83.24995, 42.282174], [-83.251129, 42.28215], [-83.252334, 42.282132], [-83.253554, 42.282111], [-83.254774, 42.282089], [-83.256054, 42.282071], [-83.257625, 42.282046], [-83.259262, 42.282017], [-83.260901, 42.281993], [-83.262794, 42.281947], [-83.264276, 42.281897], [-83.265751, 42.281861], [-83.266921, 42.28182], [-83.267983, 42.281793], [-83.269249, 42.281766], [-83.270634, 42.281736], [-83.2711, 42.281723], [-83.273575, 42.281665], [-83.276705, 42.281599], [-83.280355, 42.281521], [-83.280775, 42.281511], [-83.282836, 42.281464], [-83.285158, 42.281416], [-83.285124, 42.280512], [-83.285091, 42.279615], [-83.285058, 42.278721], [-83.289871, 42.278613], [-83.289839, 42.277709], [-83.289808, 42.276805], [-83.289776, 42.275896], [-83.293372, 42.275815], [-83.29659, 42.275741], [-83.29952, 42.275678], [-83.300703, 42.275653], [-83.301968, 42.275627], [-83.30323, 42.275606], [-83.304422, 42.275584], [-83.309311, 42.275505], [-83.309233, 42.273696], [-83.309156, 42.271914], [-83.309103, 42.270652], [-83.309078, 42.270048], [-83.309071, 42.269935], [-83.308999, 42.26823], [-83.311087, 42.26819], [-83.313868, 42.268136], [-83.317458, 42.26806], [-83.317889, 42.268052], [-83.318485, 42.268041], [-83.318847, 42.268033], [-83.328622, 42.267842], [-83.329979, 42.26781], [-83.336012, 42.26769], [-83.341389, 42.267601], [-83.342416, 42.26758], [-83.348095, 42.267463], [-83.34807, 42.26916], [-83.348073, 42.269647], [-83.348161, 42.272462], [-83.348199, 42.274689], [-83.348304, 42.276035], [-83.348381, 42.277899], [-83.348553, 42.282025], [-83.348651, 42.284208], [-83.348659, 42.284375], [-83.348711, 42.285305], [-83.348737, 42.285631], [-83.348913, 42.288744], [-83.348939, 42.289186], [-83.350946, 42.288954], [-83.356235, 42.288821], [-83.358173, 42.288967], [-83.363571, 42.288783], [-83.364287, 42.288755], [-83.364971, 42.288737], [-83.365777, 42.288717], [-83.366716, 42.288693], [-83.367143, 42.288684], [-83.368625, 42.288651], [-83.369422, 42.288642], [-83.370398, 42.288626], [-83.370935, 42.288614], [-83.371145, 42.288601], [-83.371342, 42.288601], [-83.372493, 42.288583], [-83.373238, 42.288569], [-83.373986, 42.288558], [-83.374862, 42.288543], [-83.375509, 42.28853], [-83.376728, 42.288509], [-83.378042, 42.28849], [-83.378778, 42.288482], [-83.379929, 42.288464], [-83.381308, 42.288441], [-83.381676, 42.288433], [-83.382901, 42.288409], [-83.384778, 42.288372], [-83.38569, 42.288347], [-83.386657, 42.288332], [-83.388849, 42.288296], [-83.390073, 42.288264], [-83.391192, 42.288237], [-83.392675, 42.288201], [-83.392943, 42.288194], [-83.397435, 42.288088], [-83.398769, 42.28806], [-83.399422, 42.288045], [-83.401101, 42.288009], [-83.401715, 42.287995], [-83.405684, 42.287899], [-83.407203, 42.287865], [-83.408412, 42.287839], [-83.410358, 42.287798], [-83.413088, 42.287739], [-83.415016, 42.2877], [-83.415692, 42.287686], [-83.417359, 42.287653], [-83.419395, 42.287611], [-83.422123, 42.287557], [-83.425464, 42.287505], [-83.427436, 42.287465], [-83.427312, 42.284241], [-83.427112, 42.279204], [-83.427107, 42.278883], [-83.426905, 42.274016], [-83.426866, 42.273035], [-83.426793, 42.271212], [-83.42679, 42.271163], [-83.426583, 42.265857], [-83.426534, 42.265351], [-83.425698, 42.256439], [-83.425552, 42.253096], [-83.425415, 42.24934], [-83.425377, 42.248346], [-83.425172, 42.242865], [-83.425127, 42.241117], [-83.425025, 42.237938], [-83.424968, 42.23615], [-83.424953, 42.235639], [-83.424759, 42.229828], [-83.424747, 42.229452], [-83.424692, 42.227955], [-83.424528, 42.222843], [-83.424446, 42.220724], [-83.424436, 42.220404], [-83.424421, 42.219938], [-83.424415, 42.219776], [-83.4243, 42.216384], [-83.424279, 42.215248], [-83.424122, 42.2115], [-83.424057, 42.209836], [-83.423975, 42.208078], [-83.423815, 42.201811], [-83.423759, 42.20023], [-83.423718, 42.199089], [-83.423648, 42.196993], [-83.423452, 42.18947], [-83.42343, 42.188636], [-83.423409, 42.18781], [-83.423404, 42.187636], [-83.423323, 42.184534], [-83.423319, 42.184355], [-83.423289, 42.183225], [-83.423209, 42.180152], [-83.423205, 42.179999], [-83.423191, 42.179439], [-83.421868, 42.179445], [-83.421637, 42.179447], [-83.419317, 42.179458], [-83.416358, 42.179472], [-83.405757, 42.17966], [-83.403471, 42.179696], [-83.394252, 42.179853], [-83.394073, 42.179858], [-83.393968, 42.179862], [-83.391925, 42.17991], [-83.388518, 42.179972], [-83.388025, 42.17998], [-83.387032, 42.180002], [-83.383897, 42.180064], [-83.374209, 42.180204], [-83.370571, 42.180272], [-83.364501, 42.180387], [-83.345006, 42.180633], [-83.333888, 42.180811], [-83.329347, 42.180884], [-83.325518, 42.180946], [-83.324269, 42.180961], [-83.323191, 42.180972], [-83.318535, 42.181033], [-83.315844, 42.181074], [-83.313224, 42.18112], [-83.312684, 42.181131], [-83.306271, 42.181274], [-83.306022, 42.181282], [-83.296795, 42.181873], [-83.295785, 42.18194], [-83.29226, 42.182174], [-83.287089, 42.18252], [-83.286823, 42.182535], [-83.283257, 42.182725], [-83.282735, 42.182762], [-83.279155, 42.182934], [-83.267242, 42.183466], [-83.261535, 42.183588], [-83.257464, 42.183674], [-83.247679, 42.183892], [-83.244034, 42.183963], [-83.243267, 42.183979], [-83.232954, 42.184183], [-83.231836, 42.184206], [-83.23063, 42.184231], [-83.22941, 42.184255], [-83.228123, 42.184279], [-83.226778, 42.184299], [-83.223807, 42.18433], [-83.220459, 42.184365], [-83.218122, 42.1844], [-83.214881, 42.184457], [-83.213086, 42.184486], [-83.212003, 42.184489], [-83.20872, 42.184541], [-83.206875, 42.184568], [-83.205596, 42.184593], [-83.204435, 42.184612], [-83.203216, 42.184623], [-83.202756, 42.184628], [-83.201627, 42.184647], [-83.200447, 42.184668], [-83.199205, 42.184688], [-83.199079, 42.18469], [-83.197461, 42.184731], [-83.189795, 42.184891], [-83.189317, 42.184896], [-83.187968, 42.184922], [-83.183951, 42.184959], [-83.182919, 42.18497], [-83.182051, 42.184987], [-83.181838, 42.184985], [-83.18074, 42.184996], [-83.179593, 42.185014], [-83.178555, 42.185032], [-83.178363, 42.185033], [-83.173478, 42.185108], [-83.17246, 42.185123], [-83.171446, 42.18514], [-83.170429, 42.185153], [-83.168453, 42.185186], [-83.167959, 42.185195], [-83.167525, 42.185203], [-83.166627, 42.185216], [-83.166295, 42.185221], [-83.160205, 42.185304], [-83.159992, 42.185304], [-83.15442, 42.185409], [-83.153609, 42.186782], [-83.153113, 42.18715], [-83.15127, 42.190671], [-83.150517, 42.192608], [-83.148844, 42.192604], [-83.146965, 42.199139], [-83.143236, 42.202618], [-83.143011, 42.202877], [-83.137779, 42.202915], [-83.131471, 42.202772], [-83.130875, 42.208753], [-83.130251, 42.214046], [-83.129745, 42.216836], [-83.127237, 42.234762], [-83.126361, 42.238412], [-83.121499, 42.246198], [-83.118152, 42.251031], [-83.114276, 42.256945], [-83.11203, 42.260587], [-83.108412, 42.269917], [-83.099977, 42.286698], [-83.097704, 42.289675], [-83.090734, 42.29628], [-83.08002, 42.307172], [-83.078394, 42.30842], [-83.073425, 42.310938], [-83.063637, 42.316857], [-83.04981, 42.321459], [-83.040843, 42.324017], [-83.039153, 42.324771], [-83.026234, 42.32891], [-83.024034, 42.32943], [-83.019024, 42.330616], [-83.014076, 42.331321], [-83.008036, 42.331602], [-82.989197, 42.332481], [-82.95975, 42.340033], [-82.948108, 42.346042], [-82.945485, 42.347396], [-82.925944, 42.351719], [-82.924047, 42.352123], [-82.923014, 42.352211], [-82.913906, 42.354411], [-82.898813, 42.357937], [-82.892812, 42.359237], [-82.885212, 42.361037], [-82.874912, 42.363524], [-82.83025, 42.373492], [-82.828722, 42.375037], [-82.810717, 42.392412], [-82.749908, 42.451092], [-82.821535, 42.451246], [-82.864114, 42.451337], [-82.870045, 42.451008], [-82.873023, 42.450979], [-82.87321, 42.450981], [-82.877182, 42.450955]]]]}}], "labels": {"type": "FeatureCollection", "features": [{"type": "Feature", "properties": {"id": "1", "NAME": "1", "text-color": "#000000", "text-size": 16, "featureLabel": {"left": -87.07988558026028, "right": -87.07988558026028, "top": 46.578561355479245, "bottom": 46.578561355479245}, "text-field": "1"}, "geometry": {"type": "Point", "coordinates": [-87.07988558026028, 46.578561355479245]}}, {"type": "Feature", "properties": {"id": "2", "NAME": "2", "text-color": "#000000", "text-size": 16, "featureLabel": {"left": -86.42560491592408, "right": -86.42560491592408, "top": 43.88999678567503, "bottom": 43.88999678567503}, "text-field": "2"}, "geometry": {"type": "Point", "coordinates": [-86.42560491592408, 43.88999678567503]}}, {"type": "Feature", "properties": {"id": "3", "NAME": "3", "text-color": "#000000", "text-size": 16, "featureLabel": {"left": -86.62532428869628, "right": -86.62532428869628, "top": 42.94275566516116, "bottom": 42.94275566516116}, "text-field": "3"}, "geometry": {"type": "Point", "coordinates": [-86.62532428869628, 42.94275566516116]}}, {"type": "Feature", "properties": {"id": "4", "NAME": "4", "text-color": "#000000", "text-size": 16, "featureLabel": {"left": -86.006064700798, "right": -86.006064700798, "top": 42.44844043126678, "bottom": 42.44844043126678}, "text-field": "4"}, "geometry": {"type": "Point", "coordinates": [-86.006064700798, 42.44844043126678]}}, {"type": "Feature", "properties": {"id": "5", "NAME": "5", "text-color": "#000000", "text-size": 16, "featureLabel": {"left": -84.59866220855717, "right": -84.59866220855717, "top": 42.061693441345206, "bottom": 42.061693441345206}, "text-field": "5"}, "geometry": {"type": "Point", "coordinates": [-84.59866220855717, 42.061693441345206]}}, {"type": "Feature", "properties": {"id": "6", "NAME": "6", "text-color": "#000000", "text-size": 16, "featureLabel": {"left": -83.60101241687012, "right": -83.60101241687012, "top": 42.258976805541984, "bottom": 42.258976805541984}, "text-field": "6"}, "geometry": {"type": "Point", "coordinates": [-83.60101241687012, 42.258976805541984]}}, {"type": "Feature", "properties": {"id": "7", "NAME": "7", "text-color": "#000000", "text-size": 16, "featureLabel": {"left": -84.2796236415558, "right": -84.2796236415558, "top": 42.7767956495819, "bottom": 42.7767956495819}, "text-field": "7"}, "geometry": {"type": "Point", "coordinates": [-84.2796236415558, 42.7767956495819]}}, {"type": "Feature", "properties": {"id": "8", "NAME": "8", "text-color": "#000000", "text-size": 16, "featureLabel": {"left": -84.03626397146606, "right": -84.03626397146606, "top": 43.5151637953186, "bottom": 43.5151637953186}, "text-field": "8"}, "geometry": {"type": "Point", "coordinates": [-84.03626397146606, 43.5151637953186]}}, {"type": "Feature", "properties": {"id": "9", "NAME": "9", "text-color": "#000000", "text-size": 16, "featureLabel": {"left": -82.88458560278322, "right": -82.88458560278322, "top": 43.5206629411621, "bottom": 43.5206629411621}, "text-field": "9"}, "geometry": {"type": "Point", "coordinates": [-82.88458560278322, 43.5206629411621]}}, {"type": "Feature", "properties": {"id": "10", "NAME": "10", "text-color": "#000000", "text-size": 16, "featureLabel": {"left": -82.9851726394043, "right": -82.9851726394043, "top": 42.55215417846679, "bottom": 42.55215417846679}, "text-field": "10"}, "geometry": {"type": "Point", "coordinates": [-82.9851726394043, 42.55215417846679]}}, {"type": "Feature", "properties": {"id": "11", "NAME": "11", "text-color": "#000000", "text-size": 16, "featureLabel": {"left": -83.38053641804504, "right": -83.38053641804504, "top": 42.606638207260126, "bottom": 42.606638207260126}, "text-field": "11"}, "geometry": {"type": "Point", "coordinates": [-83.38053641804504, 42.606638207260126]}}, {"type": "Feature", "properties": {"id": "12", "NAME": "12", "text-color": "#000000", "text-size": 16, "featureLabel": {"left": -83.25698055197145, "right": -83.25698055197145, "top": 42.37324222103883, "bottom": 42.37324222103883}, "text-field": "12"}, "geometry": {"type": "Point", "coordinates": [-83.25698055197145, 42.37324222103883]}}, {"type": "Feature", "properties": {"id": "13", "NAME": "13", "text-color": "#000000", "text-size": 16, "featureLabel": {"left": -83.08463857186891, "right": -83.08463857186891, "top": 42.38029651150511, "bottom": 42.38029651150511}, "text-field": "13"}, "geometry": {"type": "Point", "coordinates": [-83.08463857186891, 42.38029651150511]}}]}}