{"type": "FeatureCollection", "features": [{"type": "Feature", "properties": {"id": 1, "NAME": "1", "text-color": "#000000", "text-size": 16, "TotalPop": 779094, "PopDevPct": 0, "DemPct": 0.3051079, "RepPct": 0.66956852, "WhitePct": 0.84408473, "MinorityPct": 0.15591527, "BlackPct": 0.03597425, "HispanicPct": 0.03624099, "PacificPct": 0.0022832, "AsianPct": 0.02213077, "NativePct": 0.05876768, "TotalVAP": 596093, "Margin": -0.1948921, "color": "#e10000", "opacity": "0.5", "year": 2022, "state": "ND", "state-district": "ND-01"}, "geometry": {"type": "MultiPolygon", "coordinates": [[[[-99.921237, 48.999227], [-99.964985, 48.99924], [-100.049763, 48.999268], [-100.052305, 48.999268], [-100.074084, 48.999274], [-100.162008, 48.999294], [-100.166404, 48.999295], [-100.182606, 48.999297], [-100.204423, 48.999301], [-100.204981, 48.999301], [-100.212681, 48.999302], [-100.213214, 48.999302], [-100.2193, 48.999303], [-100.247734, 48.999302], [-100.30864, 48.999327], [-100.314581, 48.999327], [-100.328163, 48.999327], [-100.352765, 48.999328], [-100.365695, 48.999333], [-100.366873, 48.999334], [-100.445573, 48.999367], [-100.512954, 48.999386], [-100.555643, 48.999405], [-100.577198, 48.999414], [-100.642745, 48.999439], [-100.708693, 48.999473], [-100.780197, 48.999503], [-100.840757, 48.99953], [-100.906904, 48.999567], [-100.95837, 48.999573], [-100.972148, 48.999573], [-101.017416, 48.999558], [-101.049348, 48.999548], [-101.102863, 48.999531], [-101.14666, 48.999518], [-101.190614, 48.999504], [-101.234005, 48.99949], [-101.254969, 48.999488], [-101.278203, 48.999485], [-101.296708, 48.999482], [-101.311873, 48.999479], [-101.344228, 48.999476], [-101.365443, 48.999475], [-101.398395, 48.999471], [-101.496551, 48.999449], [-101.612109, 48.999313], [-101.627834, 48.999296], [-101.715725, 48.999201], [-101.759094, 48.999153], [-101.802823, 48.999108], [-101.846896, 48.999069], [-101.890095, 48.999041], [-101.965636, 48.998913], [-101.966825, 48.998911], [-101.999646, 48.998881], [-102.021216, 48.998887], [-102.046887, 48.998926], [-102.131358, 48.99891], [-102.152507, 48.998905], [-102.21136, 48.998893], [-102.214139, 48.998892], [-102.217895, 48.998891], [-102.264912, 48.998884], [-102.275143, 48.998882], [-102.283383, 48.99888], [-102.314762, 48.998876], [-102.34941, 48.998823], [-102.377514, 48.998864], [-102.414279, 48.998859], [-102.456547, 48.998854], [-102.5344, 48.998955], [-102.54907, 48.998972], [-102.552364, 48.998976], [-102.56233, 48.99899], [-102.567848, 48.998997], [-102.655697, 48.9991], [-102.67657, 48.999136], [-102.748201, 48.999197], [-102.78843, 48.999235], [-102.807593, 48.999259], [-102.836559, 48.999292], [-102.873837, 48.999309], [-102.917718, 48.999316], [-102.938957, 48.99933], [-103.004808, 48.999346], [-103.070183, 48.999362], [-103.092156, 48.999362], [-103.114352, 48.999365], [-103.136229, 48.999369], [-103.158382, 48.999385], [-103.201915, 48.999419], [-103.244355, 48.9994], [-103.268037, 48.999389], [-103.333531, 48.999366], [-103.348306, 48.99936], [-103.348578, 48.99936], [-103.377525, 48.999349], [-103.399564, 48.999341], [-103.464875, 48.999314], [-103.486846, 48.999305], [-103.515902, 48.999291], [-103.596659, 48.999257], [-103.655627, 48.999336], [-103.70183, 48.999404], [-103.727484, 48.999442], [-103.809451, 48.999557], [-103.859243, 48.999625], [-103.950704, 48.999752], [-103.963147, 48.99977], [-104.012491, 48.999844], [-104.048692, 48.999899], [-104.048712, 48.989122], [-104.048708, 48.978091], [-104.048803, 48.967159], [-104.048826, 48.950949], [-104.048888, 48.934191], [-104.049009, 48.933599], [-104.048901, 48.923624], [-104.048978, 48.919249], [-104.048831, 48.911503], [-104.048932, 48.90384], [-104.048645, 48.901391], [-104.048826, 48.897029], [-104.04883, 48.894776], [-104.048841, 48.886632], [-104.048868, 48.873754], [-104.048883, 48.873028], [-104.048837, 48.865776], [-104.048901, 48.860669], [-104.0489, 48.848318], [-104.048817, 48.847446], [-104.048877, 48.836809], [-104.048779, 48.822284], [-104.048686, 48.807667], [-104.048591, 48.796348], [-104.048653, 48.792802], [-104.048529, 48.778825], [-104.048473, 48.751379], [-104.048446, 48.74722], [-104.048426, 48.743722], [-104.048351, 48.720996], [-104.048238, 48.706436], [-104.048166, 48.692126], [-104.048096, 48.678958], [-104.048089, 48.677142], [-104.048074, 48.672952], [-104.048064, 48.670129], [-104.048041, 48.663231], [-104.048002, 48.648462], [-104.047927, 48.636456], [-104.047925, 48.634357], [-104.047924, 48.633911], [-104.047986, 48.627066], [-104.047912, 48.625173], [-104.047875, 48.620407], [-104.047815, 48.597626], [-104.047817, 48.597308], [-104.047803, 48.592647], [-104.047803, 48.590447], [-104.047746, 48.583106], [-104.04772, 48.575937], [-104.047734, 48.561586], [-104.047698, 48.54709], [-104.047633, 48.539615], [-104.04765, 48.529511], [-104.047611, 48.518114], [-104.047475, 48.489113], [-104.047372, 48.474392], [-104.047261, 48.460047], [-104.047153, 48.44584], [-104.046875, 48.402987], [-104.046767, 48.387676], [-104.046657, 48.380443], [-104.046619, 48.37438], [-104.046594, 48.37314], [-104.046433, 48.352632], [-104.046332, 48.34229], [-104.046437, 48.336463], [-104.046278, 48.328302], [-104.046137, 48.328302], [-104.046154, 48.321058], [-104.046024, 48.313854], [-104.045832, 48.309669], [-104.046029, 48.299352], [-104.045845, 48.293695], [-104.045985, 48.284857], [-104.045966, 48.270416], [-104.045889, 48.263066], [-104.045874, 48.255915], [-104.045902, 48.244574], [-104.045778, 48.241381], [-104.045654, 48.219291], [-104.045536, 48.198146], [-104.04546, 48.18368], [-104.045362, 48.176448], [-104.045468, 48.16211], [-104.045391, 48.142256], [-104.045357, 48.140282], [-104.045333, 48.137365], [-104.045296, 48.133035], [-104.045166, 48.1112], [-104.044956, 48.095222], [-104.044859, 48.082348], [-104.044688, 48.069575], [-104.044197, 48.024789], [-104.044112, 48.007548], [-104.0441, 48.002772], [-104.044097, 48.002471], [-104.044063, 47.997706], [-104.044044, 47.996082], [-104.044133, 47.994557], [-104.043902, 47.991952], [-104.043773, 47.978433], [-104.043671, 47.971053], [-104.043433, 47.9596], [-104.043195, 47.949548], [-104.042837, 47.939079], [-104.043009, 47.935126], [-104.042704, 47.934292], [-104.042513, 47.925672], [-104.042127, 47.901683], [-104.042075, 47.890969], [-104.042058, 47.887737], [-104.041791, 47.877166], [-104.041453, 47.862549], [-104.041478, 47.860511], [-104.041512, 47.85832], [-104.041525, 47.857289], [-104.041555, 47.855487], [-104.041631, 47.852035], [-104.041664, 47.849738], [-104.041677, 47.848279], [-104.041808, 47.841201], [-104.041903, 47.83401], [-104.042215, 47.820114], [-104.042219, 47.815969], [-104.04232, 47.808546], [-104.042466, 47.808053], [-104.042498, 47.806791], [-104.042446, 47.805692], [-104.042599, 47.798306], [-104.042747, 47.789256], [-104.042762, 47.788414], [-104.042799, 47.78595], [-104.042864, 47.781921], [-104.043118, 47.765706], [-104.043211, 47.758191], [-104.043245, 47.754449], [-104.043441, 47.732483], [-104.043284, 47.717228], [-104.043625, 47.677073], [-104.043643, 47.67488], [-104.043691, 47.660563], [-104.043778, 47.654322], [-104.043864, 47.643152], [-104.043824, 47.627913], [-104.043908, 47.590412], [-104.043912, 47.58898], [-104.043948, 47.571162], [-104.044092, 47.54771], [-104.044165, 47.526855], [-104.044347, 47.484799], [-104.04445, 47.459152], [-104.044595, 47.438416], [-104.04481, 47.41396], [-104.044832, 47.404109], [-104.044944, 47.374055], [-104.045002, 47.353703], [-104.044937, 47.34438], [-104.04514, 47.343303], [-104.044968, 47.330141], [-104.04502, 47.310143], [-104.044922, 47.295859], [-104.044866, 47.266175], [-104.045003, 47.263784], [-104.045746, 47.261648], [-104.045422, 47.258437], [-104.044836, 47.255726], [-104.044788, 47.236091], [-104.044825, 47.209999], [-104.044729, 47.193462], [-104.04485, 47.177921], [-104.044899, 47.153787], [-104.044908, 47.147491], [-104.045001, 47.107197], [-104.04492, 47.093126], [-104.044994, 47.080994], [-104.045031, 47.066663], [-104.045062, 47.058204], [-104.04508, 47.053859], [-104.04506, 47.043671], [-104.044996, 47.03485], [-104.045083, 47.023254], [-104.045177, 47.016046], [-104.045304, 47.008736], [-104.045357, 47.005178], [-104.045366, 46.994303], [-104.045435, 46.979811], [-104.045587, 46.962733], [-104.045605, 46.948277], [-104.045761, 46.934961], [-104.045773, 46.934638], [-104.045769, 46.934241], [-104.045772, 46.933982], [-104.045758, 46.918946], [-104.045799, 46.912058], [-104.045853, 46.904599], [-104.045904, 46.894467], [-104.045924, 46.890144], [-104.045972, 46.875857], [-104.045967, 46.861235], [-104.045974, 46.846644], [-104.045927, 46.832304], [-104.04583, 46.817882], [-104.045797, 46.80346], [-104.045797, 46.802539], [-104.045699, 46.78901], [-104.0456, 46.774199], [-104.045552, 46.76001], [-104.045605, 46.756074], [-104.045496, 46.745522], [-104.045509, 46.729965], [-104.045592, 46.715397], [-104.045785, 46.714626], [-104.04573, 46.708365], [-104.045466, 46.706619], [-104.045335, 46.699483], [-104.045381, 46.688105], [-104.045331, 46.670526], [-104.04535, 46.657184], [-104.045234, 46.641504], [-104.045257, 46.629432], [-104.045253, 46.612618], [-104.045218, 46.583666], [-104.045211, 46.540861], [-104.045153, 46.510055], [-104.045231, 46.482427], [-104.045247, 46.453157], [-104.045365, 46.438443], [-104.045362, 46.421963], [-104.045522, 46.366912], [-104.045568, 46.351716], [-104.045522, 46.324935], [-104.045529, 46.310191], [-104.045536, 46.309796], [-104.045724, 46.296229], [-104.045669, 46.290015], [-104.045559, 46.280081], [-104.045471, 46.26694], [-104.04555, 46.25198], [-104.045503, 46.242537], [-104.045493, 46.227095], [-104.045444, 46.205902], [-104.045474, 46.189551], [-104.045487, 46.166104], [-104.045715, 46.132939], [-104.045789, 46.119113], [-104.04586, 46.103447], [-104.045901, 46.087803], [-104.045958, 46.077042], [-104.04623, 46.054241], [-104.046787, 46.024397], [-104.046828, 46.017509], [-104.046676, 46.000176], [-104.046168, 45.974236], [-104.045547, 45.945308], [-104.033706, 45.945281], [-104.000552, 45.945231], [-103.981881, 45.945243], [-103.971478, 45.945274], [-103.924006, 45.945333], [-103.907762, 45.945356], [-103.901225, 45.945144], [-103.893985, 45.945163], [-103.888425, 45.945052], [-103.875566, 45.945068], [-103.872818, 45.945191], [-103.853743, 45.945258], [-103.848096, 45.945212], [-103.815867, 45.945204], [-103.787222, 45.945202], [-103.784224, 45.94516], [-103.750347, 45.945255], [-103.742794, 45.945066], [-103.733406, 45.945087], [-103.672492, 45.945225], [-103.660767, 45.945233], [-103.618334, 45.945299], [-103.584927, 45.945286], [-103.577098, 45.945331], [-103.55731, 45.945362], [-103.556767, 45.94515], [-103.535803, 45.945264], [-103.500553, 45.945252], [-103.493988, 45.944944], [-103.466603, 45.945224], [-103.431646, 45.945308], [-103.431488, 45.945123], [-103.418488, 45.945116], [-103.410833, 45.945231], [-103.390552, 45.944978], [-103.369029, 45.945152], [-103.340071, 45.945153], [-103.320799, 45.945152], [-103.284093, 45.945152], [-103.252742, 45.945171], [-103.245118, 45.94516], [-103.211909, 45.945215], [-103.193419, 45.945257], [-103.181401, 45.945186], [-103.168002, 45.945267], [-103.164917, 45.945113], [-103.125585, 45.945138], [-103.102555, 45.945095], [-103.0982, 45.945139], [-103.078524, 45.945111], [-103.057093, 45.945136], [-103.047376, 45.945118], [-103.034544, 45.945318], [-103.024541, 45.945262], [-102.995248, 45.945167], [-102.989913, 45.945211], [-102.983434, 45.945079], [-102.959869, 45.945035], [-102.953808, 45.945024], [-102.94207, 45.945], [-102.934939, 45.945074], [-102.920533, 45.945105], [-102.891578, 45.945114], [-102.870629, 45.945069], [-102.860282, 45.945144], [-102.828182, 45.945179], [-102.802032, 45.945083], [-102.78912, 45.945071], [-102.746388, 45.945221], [-102.73453, 45.945236], [-102.704839, 45.94507], [-102.697566, 45.94518], [-102.676446, 45.945143], [-102.652345, 45.945269], [-102.642202, 45.945211], [-102.637962, 45.944904], [-102.621752, 45.944918], [-102.600838, 45.944974], [-102.580493, 45.945027], [-102.557506, 45.944952], [-102.549895, 45.944836], [-102.537937, 45.944962], [-102.497406, 45.945052], [-102.476147, 45.944982], [-102.456353, 45.945043], [-102.449736, 45.945065], [-102.445961, 45.944916], [-102.42561, 45.944943], [-102.410561, 45.945033], [-102.398789, 45.944849], [-102.392912, 45.944942], [-102.373094, 45.944901], [-102.369479, 45.944899], [-102.353161, 45.944945], [-102.348203, 45.944909], [-102.331903, 45.945029], [-102.328658, 45.944955], [-102.309919, 45.944891], [-102.284982, 45.94482], [-102.279082, 45.944874], [-102.270047, 45.944879], [-102.268622, 45.944866], [-102.260836, 45.944907], [-102.24774, 45.944921], [-102.227031, 45.94482], [-102.184585, 45.944722], [-102.182065, 45.944709], [-102.176859, 45.944754], [-102.162872, 45.944685], [-102.159334, 45.944641], [-102.157854, 45.944667], [-102.156418, 45.944699], [-102.141674, 45.944661], [-102.126414, 45.944695], [-102.124394, 45.945063], [-102.123319, 45.944693], [-102.114557, 45.944683], [-102.096531, 45.944905], [-102.087523, 45.944922], [-102.081745, 45.944813], [-102.061035, 45.944723], [-102.04256, 45.944588], [-102.040206, 45.944742], [-102.018478, 45.944546], [-102.000564, 45.944563], [-101.998733, 45.944653], [-101.991517, 45.944566], [-101.988476, 45.944567], [-101.977686, 45.944544], [-101.95712, 45.944514], [-101.943374, 45.944553], [-101.93921, 45.944461], [-101.89761, 45.944811], [-101.886874, 45.944845], [-101.874437, 45.944743], [-101.832708, 45.944642], [-101.816218, 45.944546], [-101.81376, 45.944448], [-101.786099, 45.944341], [-101.76992, 45.944392], [-101.758284, 45.944405], [-101.738027, 45.944378], [-101.728744, 45.944308], [-101.708349, 45.944321], [-101.683677, 45.944331], [-101.680179, 45.944165], [-101.666796, 45.944316], [-101.64535, 45.94426], [-101.62481, 45.944391], [-101.61946, 45.944289], [-101.589531, 45.944347], [-101.575983, 45.94432], [-101.561666, 45.944193], [-101.540936, 45.944168], [-101.529718, 45.944175], [-101.52153, 45.944043], [-101.500469, 45.944117], [-101.499808, 45.944302], [-101.482264, 45.944063], [-101.458775, 45.943886], [-101.432374, 45.94382], [-101.420443, 45.943806], [-101.401855, 45.943941], [-101.373605, 45.944218], [-101.363533, 45.9441], [-101.333889, 45.944097], [-101.332033, 45.944157], [-101.317378, 45.944067], [-101.308118, 45.944108], [-101.301631, 45.944031], [-101.287152, 45.944009], [-101.271421, 45.944136], [-101.263874, 45.944046], [-101.250238, 45.944186], [-101.241726, 45.943987], [-101.223568, 45.94406], [-101.209241, 45.944006], [-101.205771, 45.943928], [-101.175296, 45.94402], [-101.162729, 45.943944], [-101.145594, 45.94394], [-101.125656, 45.943889], [-101.117399, 45.944077], [-101.107237, 45.944068], [-101.105085, 45.943926], [-101.101038, 45.943827], [-101.079451, 45.943549], [-101.059622, 45.943451], [-101.041137, 45.943455], [-101.022119, 45.943546], [-101.000322, 45.943622], [-100.980373, 45.943818], [-100.963982, 45.943763], [-100.938385, 45.943891], [-100.934978, 45.943803], [-100.892581, 45.94385], [-100.876719, 45.943689], [-100.849441, 45.943695], [-100.848899, 45.943623], [-100.830862, 45.943622], [-100.811085, 45.943692], [-100.793764, 45.943786], [-100.768404, 45.943835], [-100.751461, 45.943697], [-100.750596, 45.943662], [-100.721745, 45.944024], [-100.708148, 45.943984], [-100.649018, 45.943649], [-100.648156, 45.94366], [-100.628042, 45.943693], [-100.622886, 45.943579], [-100.614926, 45.943588], [-100.607805, 45.943579], [-100.585886, 45.943755], [-100.552492, 45.94377], [-100.54903, 45.943681], [-100.528339, 45.943738], [-100.511949, 45.943712], [-100.503544, 45.943697], [-100.500668, 45.943693], [-100.481922, 45.943615], [-100.464741, 45.943633], [-100.440974, 45.943573], [-100.430319, 45.943534], [-100.414064, 45.943499], [-100.409031, 45.943417], [-100.378754, 45.943156], [-100.372449, 45.943385], [-100.355069, 45.943217], [-100.308163, 45.943258], [-100.293826, 45.943059], [-100.28559, 45.942938], [-100.24681, 45.943026], [-100.228481, 45.942868], [-100.213009, 45.942792], [-100.191714, 45.942645], [-100.160465, 45.942402], [-100.150543, 45.94247], [-100.141766, 45.942506], [-100.125395, 45.942219], [-100.121937, 45.942316], [-100.108869, 45.942287], [-100.08634, 45.942138], [-100.069258, 45.942051], [-100.067568, 45.942067], [-100.046516, 45.941975], [-100.03689, 45.94207], [-100.025456, 45.941905], [-100.017324, 45.941984], [-100.004999, 45.941967], [-100.00038, 45.941849], [-99.98399, 45.941856], [-99.963244, 45.941816], [-99.960983, 45.941751], [-99.942421, 45.941651], [-99.921684, 45.941556], [-99.908189, 45.941534], [-99.900865, 45.94145], [-99.894845, 45.941382], [-99.88006, 45.941423], [-99.865596, 45.941245], [-99.859898, 45.941308], [-99.852939, 45.941162], [-99.838509, 45.941158], [-99.817662, 45.941045], [-99.796858, 45.940973], [-99.781391, 45.94091], [-99.755276, 45.940808], [-99.72747, 45.940813], [-99.713595, 45.940906], [-99.692731, 45.941054], [-99.671894, 45.94101], [-99.630017, 45.941078], [-99.610955, 45.941052], [-99.609391, 45.941028], [-99.58861, 45.940976], [-99.567852, 45.940831], [-99.557356, 45.940764], [-99.546964, 45.940736], [-99.50548, 45.940474], [-99.484105, 45.940425], [-99.46368, 45.940339], [-99.442795, 45.94026], [-99.421974, 45.940273], [-99.401239, 45.940335], [-99.378197, 45.940285], [-99.366326, 45.940259], [-99.36053, 45.940332], [-99.34364, 45.940189], [-99.317705, 45.940143], [-99.296714, 45.940059], [-99.276005, 45.94012], [-99.257745, 45.940044], [-99.250591, 45.940082], [-99.234665, 45.940013], [-99.196801, 45.939954], [-99.180738, 45.939999], [-99.130522, 45.940034], [-99.093277, 45.940009], [-99.047318, 45.939919], [-99.015266, 45.939799], [-99.005758, 45.939731], [-98.964154, 45.939519], [-98.915936, 45.939328], [-98.892046, 45.939392], [-98.88504, 45.939246], [-98.880321, 45.939355], [-98.870976, 45.939252], [-98.839455, 45.939132], [-98.8186, 45.939057], [-98.797803, 45.938971], [-98.787338, 45.93894], [-98.782211, 45.938882], [-98.777039, 45.938858], [-98.756309, 45.93879], [-98.735911, 45.938786], [-98.714816, 45.938691], [-98.704361, 45.938646], [-98.675308, 45.938413], [-98.652596, 45.938251], [-98.63185, 45.938147], [-98.611047, 45.938058], [-98.589976, 45.937898], [-98.569491, 45.93768], [-98.54857, 45.937458], [-98.5278, 45.937245], [-98.507009, 45.937073], [-98.486288, 45.936916], [-98.453324, 45.936705], [-98.444684, 45.936664], [-98.414318, 45.936493], [-98.382318, 45.936371], [-98.319948, 45.936175], [-98.299135, 45.936133], [-98.278303, 45.936136], [-98.257487, 45.936152], [-98.236758, 45.936142], [-98.227883, 45.936128], [-98.215975, 45.93624], [-98.196457, 45.936187], [-98.174631, 45.936178], [-98.174342, 45.936178], [-98.173729, 45.936178], [-98.153655, 45.936108], [-98.14927, 45.93608], [-98.129045, 45.935988], [-98.112012, 45.935986], [-98.091273, 45.935925], [-98.070426, 45.935932], [-98.06128, 45.935843], [-98.0285, 45.935777], [-98.019707, 45.935918], [-98.008102, 45.935896], [-97.987146, 45.935992], [-97.978778, 45.935863], [-97.958727, 45.935878], [-97.904824, 45.935806], [-97.903031, 45.935882], [-97.902115, 45.935722], [-97.88241, 45.935672], [-97.862696, 45.935659], [-97.849351, 45.93567], [-97.835027, 45.935557], [-97.812243, 45.93551], [-97.800299, 45.935579], [-97.776931, 45.93549], [-97.758746, 45.935529], [-97.737973, 45.935533], [-97.717244, 45.935506], [-97.696434, 45.935469], [-97.654849, 45.935389], [-97.638584, 45.935354], [-97.63405, 45.935345], [-97.624408, 45.935356], [-97.613267, 45.935325], [-97.592451, 45.935295], [-97.550969, 45.935223], [-97.532635, 45.935239], [-97.52069, 45.935187], [-97.518108, 45.93534], [-97.509529, 45.935125], [-97.482542, 45.935091], [-97.480413, 45.935135], [-97.479759, 45.935134], [-97.449798, 45.935171], [-97.430883, 45.935994], [-97.416837, 45.936139], [-97.395887, 45.935967], [-97.375042, 45.935926], [-97.374596, 45.935986], [-97.354092, 45.935854], [-97.334762, 45.935833], [-97.333727, 45.935826], [-97.322088, 45.935746], [-97.311916, 45.935676], [-97.307414, 45.935638], [-97.291027, 45.935722], [-97.282069, 45.935741], [-97.270226, 45.935703], [-97.254782, 45.935625], [-97.228291, 45.935383], [-97.207495, 45.935433], [-97.186742, 45.935545], [-97.16597, 45.935648], [-97.144965, 45.935607], [-97.123378, 45.935642], [-97.113633, 45.935706], [-97.106313, 45.935886], [-97.103114, 45.935715], [-97.074991, 45.935784], [-97.061247, 45.935749], [-97.048322, 45.935716], [-97.040319, 45.935782], [-97.019421, 45.935776], [-96.998477, 45.935757], [-96.98654, 45.935504], [-96.977579, 45.935533], [-96.972678, 45.935894], [-96.956676, 45.935597], [-96.946066, 45.935467], [-96.932883, 45.935452], [-96.914843, 45.935745], [-96.906841, 45.935505], [-96.894076, 45.935849], [-96.868143, 45.93586], [-96.843773, 45.935821], [-96.843226, 45.935819], [-96.831391, 45.935835], [-96.805249, 45.935817], [-96.799016, 45.935772], [-96.784448, 45.935739], [-96.763769, 45.935777], [-96.734791, 45.935922], [-96.722206, 45.9359], [-96.716165, 45.93598], [-96.701421, 45.935854], [-96.691347, 45.935786], [-96.680694, 45.935717], [-96.659925, 45.935538], [-96.639135, 45.935378], [-96.618405, 45.935289], [-96.617807, 45.935402], [-96.604511, 45.935277], [-96.597676, 45.935298], [-96.576927, 45.935269], [-96.563672, 45.935245], [-96.562804, 45.937095], [-96.561983, 45.940528], [-96.561334, 45.945655], [-96.562136, 45.947716], [-96.564803, 45.950348], [-96.565431, 45.953506], [-96.565334, 45.957326], [-96.567859, 45.958477], [-96.569137, 45.960647], [-96.57035, 45.963595], [-96.570912, 45.966681], [-96.57122, 45.9705], [-96.572491, 45.97705], [-96.572319, 45.981945], [-96.572483, 45.989577], [-96.572942, 45.992707], [-96.573408, 45.999959], [-96.573835, 46.003589], [-96.575869, 46.007999], [-96.574821, 46.013643], [-96.574216, 46.01576], [-96.57469, 46.018091], [-96.577073, 46.022974], [-96.577875, 46.027034], [-96.577058, 46.029655], [-96.574223, 46.03706], [-96.571799, 46.040707], [-96.566561, 46.050348], [-96.566349, 46.051119], [-96.566051, 46.051832], [-96.56198, 46.054351], [-96.560069, 46.056614], [-96.559108, 46.058523], [-96.559112, 46.060095], [-96.558142, 46.061948], [-96.558198, 46.063634], [-96.556807, 46.064713], [-96.556781, 46.069309], [-96.557797, 46.071387], [-96.557728, 46.073245], [-96.556408, 46.075067], [-96.55723, 46.076702], [-96.557202, 46.077833], [-96.555721, 46.079672], [-96.555592, 46.081795], [-96.554436, 46.084186], [-96.555921, 46.086567], [-96.557185, 46.087405], [-96.557363, 46.090555], [-96.556427, 46.091721], [-96.556531, 46.094511], [-96.557358, 46.095242], [-96.556735, 46.096954], [-96.558731, 46.100962], [-96.557885, 46.102201], [-96.559046, 46.103489], [-96.559037, 46.104868], [-96.561179, 46.107147], [-96.563172, 46.108594], [-96.563129, 46.110055], [-96.564938, 46.110934], [-96.56692, 46.11475], [-96.562815, 46.116251], [-96.560234, 46.116568], [-96.562253, 46.119318], [-96.563554, 46.119652], [-96.566086, 46.119384], [-96.567447, 46.119964], [-96.568418, 46.123308], [-96.571523, 46.124209], [-96.572181, 46.12491], [-96.571299, 46.125911], [-96.569679, 46.126061], [-96.570016, 46.128716], [-96.56858, 46.130352], [-96.57134, 46.130819], [-96.571047, 46.131401], [-96.568632, 46.132303], [-96.568875, 46.133417], [-96.571864, 46.135156], [-96.571211, 46.13661], [-96.572687, 46.138353], [-96.572934, 46.140719], [-96.574746, 46.141937], [-96.574732, 46.143584], [-96.576838, 46.144653], [-96.577481, 46.146467], [-96.579119, 46.147304], [-96.579276, 46.149352], [-96.580273, 46.151076], [-96.579337, 46.152397], [-96.578253, 46.153576], [-96.578394, 46.1561], [-96.576265, 46.159582], [-96.579917, 46.161481], [-96.577289, 46.162899], [-96.577854, 46.164827], [-96.57702, 46.166036], [-96.580573, 46.166811], [-96.580608, 46.167648], [-96.579202, 46.168173], [-96.576742, 46.167972], [-96.57529, 46.168486], [-96.575706, 46.169696], [-96.577601, 46.170382], [-96.579654, 46.169725], [-96.583179, 46.169838], [-96.583476, 46.171149], [-96.580147, 46.171719], [-96.578159, 46.171281], [-96.577011, 46.171546], [-96.576636, 46.173944], [-96.577822, 46.174376], [-96.580044, 46.173363], [-96.581617, 46.173932], [-96.583522, 46.172663], [-96.583779, 46.173563], [-96.582292, 46.174918], [-96.579141, 46.176832], [-96.579926, 46.177229], [-96.585619, 46.177344], [-96.585627, 46.175417], [-96.58748, 46.176361], [-96.588884, 46.176235], [-96.590163, 46.174905], [-96.592044, 46.174603], [-96.592682, 46.175211], [-96.591847, 46.176948], [-96.591665, 46.178496], [-96.588387, 46.179084], [-96.589233, 46.181395], [-96.588467, 46.181675], [-96.587234, 46.181296], [-96.586551, 46.181479], [-96.586151, 46.181812], [-96.586182, 46.182342], [-96.586559, 46.182775], [-96.587247, 46.183044], [-96.588574, 46.183406], [-96.590727, 46.183987], [-96.591277, 46.185063], [-96.587428, 46.185801], [-96.589004, 46.186386], [-96.589568, 46.187199], [-96.587386, 46.187995], [-96.588586, 46.189735], [-96.590453, 46.190057], [-96.59044, 46.190638], [-96.587667, 46.191908], [-96.587362, 46.194002], [-96.585313, 46.193998], [-96.585993, 46.19507], [-96.59081, 46.195274], [-96.591166, 46.195932], [-96.588988, 46.196994], [-96.585047, 46.197106], [-96.583677, 46.200735], [-96.584204, 46.201447], [-96.587016, 46.201315], [-96.587064, 46.202125], [-96.584378, 46.203539], [-96.58496, 46.204395], [-96.5873, 46.204163], [-96.588942, 46.204522], [-96.587895, 46.206721], [-96.587113, 46.207173], [-96.584549, 46.207298], [-96.583842, 46.208375], [-96.587056, 46.209967], [-96.589988, 46.208562], [-96.591162, 46.209118], [-96.589523, 46.210853], [-96.588501, 46.212524], [-96.589304, 46.213333], [-96.592227, 46.213552], [-96.592889, 46.214297], [-96.591595, 46.216164], [-96.591987, 46.21847], [-96.594926, 46.219273], [-96.595823, 46.219929], [-96.594683, 46.222932], [-96.594943, 46.224057], [-96.597103, 46.226484], [-96.59779, 46.229454], [-96.597083, 46.231197], [-96.596934, 46.232266], [-96.597157, 46.233296], [-96.598783, 46.235056], [-96.598961, 46.236149], [-96.597966, 46.238259], [-96.598088, 46.239504], [-96.598646, 46.242598], [-96.594855, 46.24436], [-96.593859, 46.24554], [-96.590589, 46.245125], [-96.586053, 46.247025], [-96.584188, 46.248675], [-96.583715, 46.249807], [-96.584738, 46.250527], [-96.588525, 46.249605], [-96.591056, 46.24966], [-96.592844, 46.250772], [-96.595091, 46.252907], [-96.595291, 46.253787], [-96.592956, 46.25562], [-96.592727, 46.256984], [-96.593394, 46.257935], [-96.594369, 46.259179], [-96.596764, 46.260759], [-96.600371, 46.261645], [-96.599779, 46.262841], [-96.599085, 46.263775], [-96.598219, 46.266007], [-96.59683, 46.268142], [-96.597441, 46.270394], [-96.596184, 46.271307], [-96.597202, 46.273081], [-96.595264, 46.274247], [-96.595947, 46.277185], [-96.597843, 46.278928], [-96.599656, 46.279596], [-96.600451, 46.280634], [-96.600025, 46.282111], [-96.598049, 46.283901], [-96.595843, 46.284969], [-96.594864, 46.286344], [-96.596288, 46.286591], [-96.599843, 46.28571], [-96.601968, 46.285904], [-96.602366, 46.286552], [-96.60133, 46.287396], [-96.597964, 46.287611], [-96.596287, 46.288019], [-96.595923, 46.289812], [-96.596292, 46.291103], [-96.597573, 46.291937], [-96.602042, 46.292413], [-96.605332, 46.293034], [-96.605845, 46.293583], [-96.604516, 46.294987], [-96.600818, 46.296285], [-96.598437, 46.296819], [-96.59719, 46.298088], [-96.597966, 46.298862], [-96.601461, 46.300607], [-96.603575, 46.302386], [-96.603047, 46.303244], [-96.60044, 46.304823], [-96.599957, 46.306285], [-96.600275, 46.308838], [-96.598405, 46.311226], [-96.598132, 46.314899], [-96.597054, 46.315994], [-96.597349, 46.317853], [-96.599951, 46.318552], [-96.60123, 46.319638], [-96.600599, 46.322218], [-96.600904, 46.323714], [-96.599907, 46.325259], [-96.600027, 46.326817], [-96.601036, 46.327008], [-96.604822, 46.325942], [-96.605959, 46.32616], [-96.606114, 46.326746], [-96.604378, 46.328034], [-96.60081, 46.328763], [-96.599583, 46.329411], [-96.59966, 46.330481], [-96.602578, 46.331171], [-96.605892, 46.331083], [-96.607603, 46.332211], [-96.608471, 46.333456], [-96.608954, 46.335639], [-96.6113, 46.336874], [-96.612995, 46.336989], [-96.614985, 46.337899], [-96.61652, 46.339462], [-96.619719, 46.339956], [-96.620414, 46.340423], [-96.620158, 46.34178], [-96.618147, 46.344296], [-96.616432, 46.345575], [-96.616674, 46.347388], [-96.61772, 46.347725], [-96.621219, 46.347628], [-96.627443, 46.349254], [-96.628622, 46.349987], [-96.629392, 46.351567], [-96.629039, 46.353974], [-96.630809, 46.354205], [-96.632342, 46.353086], [-96.633834, 46.352656], [-96.636789, 46.35248], [-96.640405, 46.351448], [-96.641973, 46.350256], [-96.644185, 46.350122], [-96.645604, 46.351086], [-96.648124, 46.356668], [-96.64845, 46.358081], [-96.647605, 46.359089], [-96.644464, 46.360226], [-96.643149, 46.361232], [-96.64441, 46.362554], [-96.649103, 46.363062], [-96.653786, 46.365086], [-96.655477, 46.366518], [-96.656465, 46.369273], [-96.656647, 46.369542], [-96.659466, 46.370815], [-96.660386, 46.371634], [-96.658024, 46.373357], [-96.658071, 46.374526], [-96.664277, 46.374325], [-96.666632, 46.37508], [-96.667422, 46.376117], [-96.666818, 46.379889], [-96.667989, 46.382043], [-96.669259, 46.383484], [-96.669471, 46.385159], [-96.668357, 46.386528], [-96.668552, 46.387998], [-96.670474, 46.388972], [-96.670693, 46.389982], [-96.668094, 46.389942], [-96.667528, 46.390908], [-96.66956, 46.391581], [-96.673801, 46.390536], [-96.675144, 46.39106], [-96.674996, 46.39213], [-96.672515, 46.394174], [-96.672486, 46.39528], [-96.674402, 46.397958], [-96.676056, 46.399556], [-96.678215, 46.404304], [-96.679875, 46.406525], [-96.681038, 46.40745], [-96.682344, 46.407515], [-96.68738, 46.405569], [-96.688994, 46.406634], [-96.689907, 46.409494], [-96.688914, 46.410404], [-96.684941, 46.412394], [-96.685173, 46.413994], [-96.686211, 46.41457], [-96.692688, 46.413988], [-96.695831, 46.41275], [-96.697814, 46.412623], [-96.699146, 46.413088], [-96.701496, 46.415002], [-96.701831, 46.416072], [-96.701011, 46.416789], [-96.698525, 46.417234], [-96.69699, 46.417122], [-96.694373, 46.415627], [-96.693178, 46.415555], [-96.691957, 46.416568], [-96.693102, 46.419743], [-96.692834, 46.421879], [-96.693927, 46.422081], [-96.697709, 46.419919], [-96.700066, 46.419042], [-96.702642, 46.417656], [-96.704001, 46.417497], [-96.70483, 46.418728], [-96.704391, 46.419883], [-96.702623, 46.422036], [-96.702063, 46.425171], [-96.701358, 46.425878], [-96.699305, 46.425934], [-96.699023, 46.426785], [-96.70042, 46.427249], [-96.704148, 46.426233], [-96.704222, 46.427159], [-96.701987, 46.428175], [-96.700874, 46.429293], [-96.701466, 46.43031], [-96.702969, 46.430126], [-96.704811, 46.428976], [-96.706751, 46.428975], [-96.707592, 46.42965], [-96.707655, 46.430963], [-96.706633, 46.43252], [-96.704339, 46.434032], [-96.704396, 46.435184], [-96.703127, 46.436774], [-96.704603, 46.438178], [-96.707754, 46.435903], [-96.71143, 46.435649], [-96.712478, 46.436608], [-96.712783, 46.437883], [-96.714308, 46.437225], [-96.71573, 46.437318], [-96.716176, 46.436649], [-96.713771, 46.435026], [-96.714496, 46.433974], [-96.716053, 46.434121], [-96.717407, 46.436416], [-96.71763, 46.438996], [-96.71898, 46.439941], [-96.721809, 46.439764], [-96.721557, 46.440671], [-96.718273, 46.441825], [-96.716582, 46.441877], [-96.712487, 46.441121], [-96.712342, 46.441922], [-96.716216, 46.444166], [-96.715294, 46.445271], [-96.712287, 46.446081], [-96.71127, 46.446705], [-96.713347, 46.448761], [-96.715036, 46.448406], [-96.715363, 46.446747], [-96.717816, 46.446033], [-96.720044, 46.446615], [-96.721565, 46.448151], [-96.721549, 46.449166], [-96.72042, 46.449534], [-96.716353, 46.449344], [-96.714457, 46.449517], [-96.71308, 46.450232], [-96.713513, 46.452045], [-96.714424, 46.452713], [-96.716897, 46.453027], [-96.717569, 46.453776], [-96.717372, 46.455216], [-96.715812, 46.455921], [-96.7141, 46.454953], [-96.71222, 46.455446], [-96.712216, 46.456614], [-96.712233, 46.458466], [-96.711614, 46.459532], [-96.712861, 46.460749], [-96.718282, 46.461425], [-96.718539, 46.462327], [-96.717174, 46.463566], [-96.713672, 46.465012], [-96.712871, 46.466159], [-96.713985, 46.466661], [-96.716186, 46.466394], [-96.71852, 46.467814], [-96.721468, 46.465226], [-96.722896, 46.466344], [-96.722731, 46.469013], [-96.719732, 46.470728], [-96.718295, 46.470912], [-96.714797, 46.4705], [-96.714114, 46.471412], [-96.715254, 46.472545], [-96.719943, 46.47335], [-96.720966, 46.472513], [-96.721423, 46.470933], [-96.723114, 46.470763], [-96.726422, 46.47168], [-96.727208, 46.472419], [-96.726677, 46.476157], [-96.72957, 46.477169], [-96.730716, 46.478794], [-96.731903, 46.478163], [-96.732781, 46.478534], [-96.732848, 46.479863], [-96.735054, 46.48057], [-96.735699, 46.479579], [-96.735253, 46.478332], [-96.736001, 46.477497], [-96.738092, 46.477812], [-96.73888, 46.479204], [-96.736417, 46.481635], [-96.733273, 46.482197], [-96.732486, 46.483222], [-96.735406, 46.484889], [-96.738223, 46.485317], [-96.739544, 46.486253], [-96.739578, 46.48717], [-96.7382, 46.48822], [-96.734698, 46.488124], [-96.734136, 46.488948], [-96.736703, 46.491063], [-96.73598, 46.492303], [-96.733715, 46.492397], [-96.733188, 46.492934], [-96.734948, 46.49496], [-96.733393, 46.496983], [-96.734704, 46.497768], [-96.738186, 46.497752], [-96.738508, 46.498866], [-96.736559, 46.500351], [-96.737344, 46.501302], [-96.740613, 46.500615], [-96.741519, 46.49922], [-96.742141, 46.500477], [-96.740148, 46.501499], [-96.736083, 46.505031], [-96.734423, 46.504941], [-96.734396, 46.503798], [-96.733482, 46.503467], [-96.733305, 46.504632], [-96.733991, 46.506436], [-96.735325, 46.507531], [-96.738571, 46.508744], [-96.740374, 46.510786], [-96.74, 46.51153], [-96.737083, 46.510832], [-96.735259, 46.510723], [-96.734213, 46.51173], [-96.734421, 46.512452], [-96.736389, 46.51336], [-96.737749, 46.514674], [-96.738014, 46.515659], [-96.737478, 46.51756], [-96.739825, 46.519903], [-96.741002, 46.520225], [-96.742294, 46.519215], [-96.743656, 46.519251], [-96.74523, 46.520209], [-96.744593, 46.52067], [-96.742237, 46.520489], [-96.740361, 46.521599], [-96.737436, 46.521948], [-96.736741, 46.52413], [-96.737173, 46.525074], [-96.73888, 46.525499], [-96.741881, 46.524838], [-96.744768, 46.524711], [-96.745481, 46.525326], [-96.743716, 46.52626], [-96.74205, 46.529291], [-96.742985, 46.533154], [-96.743662, 46.533941], [-96.745787, 46.534399], [-96.746041, 46.53511], [-96.742295, 46.535437], [-96.738616, 46.534594], [-96.738144, 46.535735], [-96.741629, 46.537004], [-96.742568, 46.537751], [-96.742126, 46.538652], [-96.738687, 46.538925], [-96.738727, 46.539613], [-96.744011, 46.540349], [-96.745499, 46.539215], [-96.746955, 46.538879], [-96.748944, 46.539707], [-96.750088, 46.540901], [-96.748401, 46.541688], [-96.745136, 46.542046], [-96.742103, 46.54075], [-96.740422, 46.541077], [-96.738715, 46.543228], [-96.739774, 46.543888], [-96.741797, 46.543916], [-96.744995, 46.543038], [-96.750448, 46.544048], [-96.750503, 46.544722], [-96.748281, 46.545522], [-96.745536, 46.547998], [-96.744197, 46.548191], [-96.742322, 46.545688], [-96.740701, 46.545641], [-96.741062, 46.54778], [-96.744531, 46.550343], [-96.746028, 46.550625], [-96.748871, 46.549375], [-96.749208, 46.550087], [-96.747896, 46.551579], [-96.745944, 46.555212], [-96.746043, 46.556084], [-96.748249, 46.556179], [-96.751753, 46.555532], [-96.754298, 46.55654], [-96.75335, 46.557927], [-96.750539, 46.558357], [-96.747598, 46.558414], [-96.746734, 46.559097], [-96.748518, 46.560517], [-96.752465, 46.561786], [-96.751806, 46.562698], [-96.750615, 46.562831], [-96.747072, 46.562418], [-96.746301, 46.563268], [-96.745996, 46.565085], [-96.745202, 46.565248], [-96.742578, 46.563471], [-96.741887, 46.56423], [-96.743179, 46.565349], [-96.74384, 46.567162], [-96.747016, 46.567157], [-96.746807, 46.568506], [-96.745172, 46.569607], [-96.745697, 46.571027], [-96.748938, 46.571451], [-96.751657, 46.57077], [-96.752462, 46.571005], [-96.752779, 46.572385], [-96.750741, 46.573612], [-96.747014, 46.573434], [-96.746285, 46.575058], [-96.747425, 46.576008], [-96.75174, 46.576366], [-96.753637, 46.576046], [-96.755889, 46.574324], [-96.757179, 46.578158], [-96.754067, 46.57817], [-96.752863, 46.579086], [-96.752447, 46.581652], [-96.750557, 46.581887], [-96.748803, 46.580665], [-96.747237, 46.580959], [-96.74763, 46.582657], [-96.749132, 46.583674], [-96.75097, 46.583767], [-96.753009, 46.583314], [-96.755223, 46.582098], [-96.757667, 46.582327], [-96.760518, 46.581508], [-96.761159, 46.582649], [-96.760094, 46.58362], [-96.754859, 46.583867], [-96.751234, 46.584709], [-96.750889, 46.586108], [-96.752244, 46.588148], [-96.753901, 46.588178], [-96.757236, 46.586858], [-96.759185, 46.587324], [-96.762608, 46.589324], [-96.76296, 46.591379], [-96.761015, 46.59211], [-96.757617, 46.591479], [-96.756101, 46.592375], [-96.75544, 46.594907], [-96.757254, 46.595524], [-96.761255, 46.594194], [-96.762782, 46.594066], [-96.76408, 46.5948], [-96.765471, 46.598024], [-96.766543, 46.598831], [-96.76818, 46.598655], [-96.769586, 46.597718], [-96.769879, 46.595838], [-96.771639, 46.596311], [-96.771914, 46.599007], [-96.772529, 46.600718], [-96.770461, 46.601806], [-96.770138, 46.602485], [-96.772223, 46.603865], [-96.769317, 46.604859], [-96.768205, 46.605932], [-96.76949, 46.606756], [-96.776445, 46.605427], [-96.778304, 46.606437], [-96.778818, 46.60753], [-96.777878, 46.608077], [-96.773771, 46.608702], [-96.772435, 46.609785], [-96.77447, 46.611018], [-96.77395, 46.613761], [-96.77126, 46.614254], [-96.770754, 46.615103], [-96.772805, 46.616414], [-96.77458, 46.615842], [-96.776177, 46.614345], [-96.777883, 46.613822], [-96.780289, 46.614578], [-96.781305, 46.615518], [-96.780831, 46.617247], [-96.776759, 46.61687], [-96.774835, 46.617787], [-96.775142, 46.620845], [-96.776744, 46.620938], [-96.779112, 46.619542], [-96.780812, 46.61969], [-96.782283, 46.621551], [-96.783354, 46.622153], [-96.784636, 46.621516], [-96.78504, 46.619137], [-96.786518, 46.618898], [-96.787537, 46.620053], [-96.786521, 46.622226], [-96.785378, 46.622995], [-96.781102, 46.624424], [-96.778179, 46.624504], [-96.778332, 46.625428], [-96.780829, 46.625775], [-96.784517, 46.624929], [-96.786409, 46.624064], [-96.788431, 46.623951], [-96.791261, 46.624907], [-96.790976, 46.625565], [-96.787468, 46.626386], [-96.78563, 46.627509], [-96.785241, 46.629866], [-96.78468, 46.630435], [-96.782068, 46.631178], [-96.783258, 46.631703], [-96.784993, 46.631266], [-96.788204, 46.629322], [-96.78958, 46.629247], [-96.793559, 46.63064], [-96.795064, 46.631557], [-96.796041, 46.631209], [-96.795681, 46.629509], [-96.796322, 46.628709], [-96.798069, 46.629226], [-96.798128, 46.630326], [-96.79604, 46.63318], [-96.792964, 46.634258], [-96.791568, 46.636162], [-96.790782, 46.638669], [-96.786075, 46.640133], [-96.786615, 46.641129], [-96.789461, 46.641642], [-96.790826, 46.64256], [-96.791245, 46.644292], [-96.794158, 46.646447], [-96.793854, 46.646899], [-96.791134, 46.647616], [-96.790653, 46.649066], [-96.79507, 46.652492], [-96.79895, 46.654112], [-96.799037, 46.657596], [-96.796996, 46.659223], [-96.79718, 46.659935], [-96.799346, 46.660427], [-96.799835, 46.661239], [-96.797222, 46.662282], [-96.798477, 46.664234], [-96.798601, 46.665272], [-96.795511, 46.665854], [-96.795503, 46.666601], [-96.79756, 46.667011], [-96.799831, 46.666452], [-96.801653, 46.666985], [-96.801962, 46.668175], [-96.798823, 46.669018], [-96.797117, 46.668567], [-96.795034, 46.667228], [-96.794072, 46.667972], [-96.793511, 46.669772], [-96.794172, 46.671575], [-96.791947, 46.671648], [-96.791354, 46.672817], [-96.79327, 46.674089], [-96.796731, 46.673172], [-96.798879, 46.674032], [-96.79951, 46.675245], [-96.79946, 46.677807], [-96.798842, 46.678647], [-96.796407, 46.678873], [-96.795166, 46.679549], [-96.793672, 46.678864], [-96.793142, 46.677173], [-96.792145, 46.676555], [-96.788825, 46.676555], [-96.787597, 46.676989], [-96.787696, 46.678223], [-96.793903, 46.681423], [-96.794799, 46.683297], [-96.793499, 46.683566], [-96.791298, 46.68309], [-96.789703, 46.681885], [-96.788434, 46.681691], [-96.787557, 46.682973], [-96.787607, 46.685203], [-96.785707, 46.684615], [-96.784503, 46.684813], [-96.783928, 46.685729], [-96.784703, 46.687384], [-96.787866, 46.687823], [-96.789795, 46.688422], [-96.790625, 46.689957], [-96.789625, 46.690666], [-96.786095, 46.691463], [-96.787292, 46.693], [-96.784925, 46.694372], [-96.78519, 46.695792], [-96.786418, 46.69813], [-96.788079, 46.70024], [-96.787578, 46.700927], [-96.784415, 46.700853], [-96.784514, 46.70177], [-96.785779, 46.702115], [-96.789807, 46.702304], [-96.790946, 46.703023], [-96.791204, 46.703747], [-96.789503, 46.704684], [-96.785922, 46.705547], [-96.784505, 46.705585], [-96.783859, 46.706442], [-96.785526, 46.707508], [-96.788619, 46.708392], [-96.789188, 46.709946], [-96.786231, 46.710411], [-96.783971, 46.711125], [-96.784001, 46.712202], [-96.786877, 46.713084], [-96.787468, 46.713998], [-96.784411, 46.715918], [-96.782344, 46.716405], [-96.782252, 46.717117], [-96.783781, 46.717807], [-96.787772, 46.718158], [-96.790169, 46.717453], [-96.791232, 46.718004], [-96.790267, 46.71965], [-96.786348, 46.719902], [-96.7811, 46.722048], [-96.77981, 46.723688], [-96.78203, 46.725193], [-96.779988, 46.725752], [-96.779136, 46.726642], [-96.779321, 46.729567], [-96.779971, 46.730136], [-96.781976, 46.728844], [-96.783016, 46.728994], [-96.784225, 46.730976], [-96.784546, 46.732705], [-96.78184, 46.733125], [-96.780897, 46.734565], [-96.783091, 46.735955], [-96.781513, 46.737207], [-96.780939, 46.738421], [-96.782864, 46.740291], [-96.782661, 46.740772], [-96.780352, 46.741423], [-96.781215, 46.742392], [-96.786321, 46.74256], [-96.787353, 46.74314], [-96.786475, 46.744513], [-96.785206, 46.744618], [-96.782105, 46.743935], [-96.780737, 46.744178], [-96.780834, 46.745963], [-96.784312, 46.746505], [-96.787128, 46.747694], [-96.787474, 46.748976], [-96.784465, 46.748684], [-96.782599, 46.74916], [-96.782783, 46.750409], [-96.784663, 46.751424], [-96.789377, 46.751999], [-96.788383, 46.752858], [-96.784171, 46.752439], [-96.782708, 46.75305], [-96.782988, 46.754516], [-96.784329, 46.754985], [-96.787235, 46.755095], [-96.789789, 46.756609], [-96.789389, 46.757501], [-96.787129, 46.757774], [-96.784769, 46.756403], [-96.78294, 46.756745], [-96.783604, 46.759076], [-96.785831, 46.759488], [-96.787294, 46.760356], [-96.786395, 46.761864], [-96.783469, 46.761772], [-96.781076, 46.7604], [-96.778217, 46.760422], [-96.778249, 46.762433], [-96.779645, 46.763051], [-96.78297, 46.762892], [-96.785397, 46.763258], [-96.78912, 46.764858], [-96.788853, 46.766458], [-96.785689, 46.76623], [-96.780992, 46.765312], [-96.778797, 46.764533], [-96.776817, 46.764969], [-96.775686, 46.766043], [-96.776183, 46.767802], [-96.778976, 46.76842], [-96.786059, 46.76913], [-96.78802, 46.769976], [-96.789549, 46.771759], [-96.790079, 46.774569], [-96.788882, 46.775002], [-96.785923, 46.773993], [-96.784294, 46.774312], [-96.783095, 46.776396], [-96.784192, 46.778407], [-96.785886, 46.778547], [-96.788145, 46.77803], [-96.791379, 46.776168], [-96.794444, 46.775834], [-96.795924, 46.776285], [-96.796722, 46.777464], [-96.793322, 46.779923], [-96.791282, 46.781953], [-96.788214, 46.783686], [-96.78714, 46.785146], [-96.788002, 46.786497], [-96.7899, 46.787023], [-96.790234, 46.788029], [-96.789568, 46.789562], [-96.793477, 46.788383], [-96.795119, 46.788826], [-96.796195, 46.789881], [-96.796992, 46.791572], [-96.796959, 46.79244], [-96.796693, 46.792783], [-96.795029, 46.793583], [-96.794397, 46.794108], [-96.794263, 46.794634], [-96.794396, 46.795091], [-96.794928, 46.795776], [-96.795627, 46.796233], [-96.797024, 46.796622], [-96.799613, 46.796257], [-96.801505, 46.796401], [-96.802196, 46.797334], [-96.801243, 46.798093], [-96.796596, 46.79922], [-96.795585, 46.801194], [-96.796616, 46.803378], [-96.798287, 46.804651], [-96.801681, 46.804121], [-96.803163, 46.804476], [-96.80292, 46.805589], [-96.79821, 46.806128], [-96.796027, 46.806828], [-96.795964, 46.808228], [-96.797578, 46.809259], [-96.801224, 46.810042], [-96.802604, 46.811194], [-96.802609, 46.812108], [-96.799773, 46.814307], [-96.799468, 46.815506], [-96.80016, 46.819664], [-96.798327, 46.821967], [-96.797444, 46.822398], [-96.79428, 46.822367], [-96.792395, 46.823037], [-96.792083, 46.823816], [-96.793096, 46.826014], [-96.791581, 46.827733], [-96.788085, 46.82691], [-96.783503, 46.826224], [-96.781679, 46.82479], [-96.780398, 46.824938], [-96.780647, 46.826366], [-96.783077, 46.82806], [-96.787579, 46.830576], [-96.791881, 46.831833], [-96.793959, 46.833064], [-96.792918, 46.834294], [-96.790787, 46.833929], [-96.786862, 46.832468], [-96.785095, 46.832774], [-96.783834, 46.834092], [-96.782887, 46.836283], [-96.784102, 46.837863], [-96.787103, 46.838816], [-96.788087, 46.839991], [-96.787532, 46.840912], [-96.785785, 46.841341], [-96.781894, 46.840864], [-96.778321, 46.838959], [-96.775918, 46.838666], [-96.775015, 46.839046], [-96.774848, 46.840331], [-96.776284, 46.841784], [-96.780108, 46.843754], [-96.781827, 46.845641], [-96.780717, 46.84765], [-96.780496, 46.8478], [-96.779484, 46.84855], [-96.774303, 46.849789], [-96.773247, 46.851272], [-96.774144, 46.852205], [-96.776591, 46.852482], [-96.780503, 46.85112], [-96.7825, 46.851017], [-96.784579, 46.852052], [-96.785469, 46.853414], [-96.785326, 46.855154], [-96.783742, 46.855727], [-96.777667, 46.853782], [-96.775854, 46.854601], [-96.776079, 46.855533], [-96.777646, 46.857479], [-96.782418, 46.860059], [-96.783959, 46.861663], [-96.783972, 46.863034], [-96.781194, 46.866528], [-96.780502, 46.868635], [-96.782022, 46.87078], [-96.780919, 46.872063], [-96.776208, 46.87386], [-96.776071, 46.874436], [-96.776408, 46.875037], [-96.779373, 46.87622], [-96.78019, 46.877039], [-96.781362, 46.87921], [-96.780338, 46.880291], [-96.778188, 46.879349], [-96.775473, 46.879067], [-96.772886, 46.881332], [-96.771314, 46.880592], [-96.771976, 46.878238], [-96.770651, 46.877275], [-96.769499, 46.877732], [-96.768429, 46.879508], [-96.76729, 46.883472], [-96.768669, 46.885073], [-96.771499, 46.884183], [-96.773054, 46.884379], [-96.774114, 46.885744], [-96.774485, 46.889843], [-96.770022, 46.891388], [-96.769745, 46.893214], [-96.771523, 46.893904], [-96.77571, 46.894162], [-96.776633, 46.895872], [-96.775502, 46.898694], [-96.773738, 46.899587], [-96.771271, 46.899873], [-96.770485, 46.901492], [-96.773572, 46.903148], [-96.773826, 46.903631], [-96.771733, 46.905885], [-96.769571, 46.906405], [-96.767063, 46.904833], [-96.765086, 46.905377], [-96.764457, 46.907463], [-96.763374, 46.909655], [-96.764082, 46.912138], [-96.762537, 46.914217], [-96.760097, 46.915084], [-96.759014, 46.916435], [-96.757223, 46.914044], [-96.755014, 46.913813], [-96.754494, 46.91504], [-96.75683, 46.91728], [-96.76009, 46.918724], [-96.761269, 46.919547], [-96.76299, 46.921562], [-96.762922, 46.92354], [-96.76026, 46.923869], [-96.756937, 46.922514], [-96.754249, 46.922641], [-96.752654, 46.923543], [-96.753257, 46.924563], [-96.756662, 46.925499], [-96.761741, 46.925753], [-96.763731, 46.926197], [-96.765382, 46.927615], [-96.764694, 46.928925], [-96.762355, 46.929245], [-96.759604, 46.927764], [-96.75808, 46.927425], [-96.756725, 46.927996], [-96.756402, 46.929547], [-96.757457, 46.930763], [-96.761089, 46.931899], [-96.761693, 46.934558], [-96.763335, 46.934677], [-96.764472, 46.933754], [-96.767586, 46.932984], [-96.770249, 46.931667], [-96.774893, 46.930546], [-96.775454, 46.929619], [-96.774893, 46.927827], [-96.776681, 46.925721], [-96.777852, 46.925694], [-96.778326, 46.927717], [-96.779711, 46.928327], [-96.780986, 46.927571], [-96.782152, 46.925831], [-96.783765, 46.924382], [-96.785177, 46.9244], [-96.785596, 46.925266], [-96.784803, 46.928464], [-96.785735, 46.929917], [-96.787377, 46.930103], [-96.789145, 46.927489], [-96.791074, 46.927315], [-96.791812, 46.928751], [-96.790931, 46.930618], [-96.791333, 46.933853], [-96.791321, 46.935321], [-96.789888, 46.93705], [-96.790447, 46.938404], [-96.791873, 46.939528], [-96.792047, 46.941287], [-96.791372, 46.943593], [-96.791569, 46.944948], [-96.792962, 46.946604], [-96.794067, 46.946933], [-96.795697, 46.946433], [-96.796341, 46.945013], [-96.797974, 46.944186], [-96.799449, 46.944269], [-96.803977, 46.946533], [-96.803888, 46.947813], [-96.802719, 46.948411], [-96.801293, 46.94854], [-96.8004, 46.948691], [-96.799178, 46.950063], [-96.799012, 46.951887], [-96.799606, 46.954316], [-96.802534, 46.95598], [-96.803622, 46.957068], [-96.803494, 46.958428], [-96.79991, 46.959228], [-96.79879, 46.9603], [-96.797285, 46.96302], [-96.795693, 46.96426], [-96.795391, 46.96614], [-96.799615, 46.968075], [-96.80159, 46.968287], [-96.802153, 46.966467], [-96.801191, 46.965231], [-96.801599, 46.964209], [-96.80313, 46.964518], [-96.804819, 46.967295], [-96.806969, 46.967299], [-96.807601, 46.964636], [-96.809786, 46.963835], [-96.81216, 46.964609], [-96.81328, 46.966152], [-96.815575, 46.966958], [-96.819555, 46.967415], [-96.822664, 46.97002], [-96.823175, 46.971482], [-96.821391, 46.972841], [-96.820953, 46.975504], [-96.820037, 46.976818], [-96.820113, 46.979378], [-96.822604, 46.985914], [-96.826156, 46.987485], [-96.826348, 46.988446], [-96.823465, 46.989311], [-96.822345, 46.990591], [-96.822694, 46.991501], [-96.824598, 46.993309], [-96.82447, 46.996173], [-96.823926, 46.997437], [-96.822902, 46.997821], [-96.820454, 46.997181], [-96.819478, 46.997373], [-96.819478, 46.998413], [-96.82223, 46.999261], [-96.82338, 47.000881], [-96.821076, 47.002823], [-96.821076, 47.003486], [-96.823181, 47.003668], [-96.826353, 47.001726], [-96.82819, 47.002274], [-96.828258, 47.004627], [-96.830228, 47.005267], [-96.832967, 47.00417], [-96.833769, 47.005106], [-96.833903, 47.00682], [-96.834839, 47.007254], [-96.838111, 47.006065], [-96.839515, 47.007162], [-96.837712, 47.008808], [-96.833971, 47.00979], [-96.83337, 47.010407], [-96.833939, 47.012762], [-96.832303, 47.015184], [-96.834408, 47.016715], [-96.834776, 47.017446], [-96.831302, 47.018315], [-96.830138, 47.020586], [-96.829516, 47.02155], [-96.827386, 47.022901], [-96.825523, 47.023365], [-96.819609, 47.024502], [-96.81685, 47.023765], [-96.815456, 47.023754], [-96.8149, 47.025247], [-96.817998, 47.02769], [-96.819183, 47.029397], [-96.821233, 47.030638], [-96.825143, 47.030055], [-96.827225, 47.03093], [-96.826572, 47.032948], [-96.823301, 47.033754], [-96.81878, 47.033105], [-96.816343, 47.033788], [-96.812991, 47.037772], [-96.813023, 47.039246], [-96.814385, 47.039883], [-96.817173, 47.038908], [-96.818435, 47.036731], [-96.819464, 47.035847], [-96.821488, 47.035802], [-96.822716, 47.036937], [-96.822549, 47.038865], [-96.817834, 47.045285], [-96.817865, 47.047077], [-96.820455, 47.047577], [-96.824704, 47.046218], [-96.826862, 47.045244], [-96.827559, 47.046332], [-96.826563, 47.046945], [-96.823702, 47.047509], [-96.819963, 47.049264], [-96.817737, 47.051118], [-96.817708, 47.052309], [-96.819928, 47.053762], [-96.825063, 47.055564], [-96.825102, 47.056456], [-96.823935, 47.057425], [-96.821862, 47.058123], [-96.8217, 47.059177], [-96.823043, 47.059674], [-96.826323, 47.059106], [-96.82887, 47.059412], [-96.830386, 47.060823], [-96.82942, 47.061607], [-96.827177, 47.062077], [-96.822213, 47.060847], [-96.819739, 47.061729], [-96.820422, 47.063066], [-96.821571, 47.063821], [-96.8235, 47.065967], [-96.823241, 47.068946], [-96.824546, 47.071534], [-96.824115, 47.072377], [-96.82162, 47.072746], [-96.820224, 47.073478], [-96.81963, 47.075342], [-96.82093, 47.07609], [-96.824057, 47.075764], [-96.826778, 47.072598], [-96.828076, 47.07289], [-96.829276, 47.07462], [-96.826147, 47.076497], [-96.821204, 47.077919], [-96.816713, 47.078455], [-96.815751, 47.078987], [-96.815778, 47.080064], [-96.818786, 47.081253], [-96.819946, 47.082242], [-96.820382, 47.08379], [-96.819795, 47.084653], [-96.816184, 47.086808], [-96.815527, 47.087906], [-96.816449, 47.088776], [-96.819492, 47.089739], [-96.821691, 47.089474], [-96.824897, 47.088136], [-96.826292, 47.088663], [-96.825385, 47.090252], [-96.821183, 47.090776], [-96.817989, 47.091405], [-96.817091, 47.09271], [-96.817586, 47.094006], [-96.81722, 47.097857], [-96.817929, 47.098597], [-96.820466, 47.099312], [-96.82102, 47.100894], [-96.819447, 47.102402], [-96.816804, 47.103613], [-96.815659, 47.104662], [-96.816191, 47.108481], [-96.816823, 47.10912], [-96.820255, 47.107989], [-96.822666, 47.109664], [-96.822174, 47.111717], [-96.820614, 47.113751], [-96.821192, 47.115754], [-96.823301, 47.117499], [-96.826578, 47.11851], [-96.827717, 47.120221], [-96.828956, 47.120906], [-96.833076, 47.120404], [-96.83676, 47.121477], [-96.837564, 47.12198], [-96.836661, 47.123443], [-96.834919, 47.123764], [-96.829861, 47.122827], [-96.826712, 47.12285], [-96.824871, 47.12429], [-96.824773, 47.1265], [-96.824136, 47.127615], [-96.821159, 47.129343], [-96.820689, 47.130049], [-96.821858, 47.130851], [-96.826373, 47.128668], [-96.82838, 47.128513], [-96.830417, 47.129224], [-96.830884, 47.129931], [-96.829979, 47.131823], [-96.827604, 47.132914], [-96.826466, 47.133871], [-96.82633, 47.134941], [-96.827598, 47.136769], [-96.828562, 47.139836], [-96.8302, 47.14148], [-96.833403, 47.142091], [-96.834626, 47.143958], [-96.832693, 47.144985], [-96.829073, 47.14529], [-96.828648, 47.146419], [-96.8317, 47.149447], [-96.833315, 47.14972], [-96.836083, 47.1485], [-96.8375, 47.148811], [-96.840122, 47.150475], [-96.841216, 47.151641], [-96.840719, 47.152524], [-96.837474, 47.152806], [-96.836138, 47.153986], [-96.836887, 47.156146], [-96.835998, 47.156669], [-96.831788, 47.155044], [-96.827868, 47.154639], [-96.82533, 47.154805], [-96.823077, 47.155598], [-96.822359, 47.156341], [-96.822434, 47.157659], [-96.824529, 47.158561], [-96.829545, 47.15818], [-96.831873, 47.158897], [-96.831534, 47.160296], [-96.830136, 47.160885], [-96.824501, 47.161071], [-96.822602, 47.16146], [-96.820071, 47.162891], [-96.819009, 47.164293], [-96.8191, 47.165207], [-96.820776, 47.165899], [-96.823278, 47.166013], [-96.824975, 47.166998], [-96.825006, 47.169226], [-96.82243, 47.172723], [-96.823239, 47.173888], [-96.825447, 47.174256], [-96.827766, 47.173978], [-96.830883, 47.174413], [-96.833383, 47.176328], [-96.8332, 47.177287], [-96.832044, 47.177713], [-96.827106, 47.177258], [-96.824463, 47.178338], [-96.82431, 47.179567], [-96.825099, 47.180347], [-96.827462, 47.181382], [-96.826641, 47.182439], [-96.823657, 47.18217], [-96.821639, 47.18345], [-96.822062, 47.185175], [-96.823203, 47.185738], [-96.825621, 47.185605], [-96.828446, 47.184399], [-96.832554, 47.183374], [-96.835592, 47.184284], [-96.835975, 47.185628], [-96.833391, 47.187394], [-96.826722, 47.188759], [-96.82573, 47.190398], [-96.826594, 47.191636], [-96.828405, 47.192731], [-96.834786, 47.194775], [-96.836863, 47.196095], [-96.839359, 47.196357], [-96.840336, 47.195534], [-96.840365, 47.194176], [-96.839679, 47.192856], [-96.839774, 47.191349], [-96.842535, 47.190947], [-96.844123, 47.191866], [-96.844847, 47.19358], [-96.844397, 47.194786], [-96.839767, 47.198089], [-96.837226, 47.200334], [-96.834438, 47.203259], [-96.833406, 47.203735], [-96.831256, 47.202964], [-96.829817, 47.200428], [-96.827795, 47.200233], [-96.827181, 47.201532], [-96.828987, 47.203601], [-96.831474, 47.20503], [-96.8366, 47.206737], [-96.837163, 47.207684], [-96.835685, 47.208646], [-96.832859, 47.208738], [-96.830777, 47.209483], [-96.830285, 47.210931], [-96.830787, 47.211719], [-96.836661, 47.215172], [-96.837298, 47.216376], [-96.836464, 47.217342], [-96.834048, 47.21841], [-96.832899, 47.219984], [-96.833996, 47.221934], [-96.835568, 47.222759], [-96.838574, 47.222868], [-96.840168, 47.221104], [-96.840184, 47.219336], [-96.841187, 47.218083], [-96.843967, 47.217926], [-96.845587, 47.219261], [-96.845704, 47.220972], [-96.843303, 47.222815], [-96.83838, 47.224444], [-96.834136, 47.22524], [-96.831759, 47.226175], [-96.831463, 47.227251], [-96.832878, 47.228624], [-96.836471, 47.229471], [-96.839858, 47.22909], [-96.841441, 47.229508], [-96.842787, 47.231004], [-96.841469, 47.233208], [-96.839711, 47.234289], [-96.837054, 47.234995], [-96.834465, 47.233805], [-96.832627, 47.23179], [-96.83164, 47.231307], [-96.829388, 47.231716], [-96.828762, 47.232567], [-96.829126, 47.234723], [-96.830673, 47.236395], [-96.833393, 47.238041], [-96.835249, 47.239642], [-96.835939, 47.241936], [-96.837941, 47.242488], [-96.83931, 47.241624], [-96.840291, 47.239351], [-96.841528, 47.238766], [-96.843662, 47.239613], [-96.843698, 47.240903], [-96.842864, 47.242174], [-96.840706, 47.243587], [-96.838888, 47.244298], [-96.834566, 47.245271], [-96.832274, 47.246658], [-96.832321, 47.247748], [-96.835244, 47.250128], [-96.837403, 47.253051], [-96.839313, 47.252667], [-96.840146, 47.250211], [-96.841989, 47.249404], [-96.843675, 47.249853], [-96.844422, 47.251227], [-96.842655, 47.253461], [-96.839896, 47.254492], [-96.838593, 47.255939], [-96.838836, 47.256915], [-96.840069, 47.257537], [-96.844411, 47.25729], [-96.845293, 47.258405], [-96.843815, 47.259181], [-96.841641, 47.259031], [-96.838633, 47.258312], [-96.836, 47.259328], [-96.835433, 47.260709], [-96.835917, 47.262461], [-96.837566, 47.26306], [-96.841816, 47.262645], [-96.844598, 47.261057], [-96.846605, 47.260908], [-96.847382, 47.262545], [-96.845987, 47.264589], [-96.84496, 47.265299], [-96.842959, 47.265424], [-96.839488, 47.264553], [-96.837656, 47.264608], [-96.835042, 47.26567], [-96.834577, 47.266699], [-96.8353, 47.268321], [-96.838415, 47.269231], [-96.84193, 47.268549], [-96.844926, 47.268775], [-96.847302, 47.27016], [-96.847224, 47.272238], [-96.846227, 47.272916], [-96.841491, 47.273876], [-96.840137, 47.275362], [-96.84009, 47.276551], [-96.840926, 47.279745], [-96.841126, 47.283243], [-96.843421, 47.288387], [-96.844032, 47.291463], [-96.843857, 47.292939], [-96.842038, 47.295288], [-96.83652, 47.299642], [-96.835044, 47.302831], [-96.830818, 47.305181], [-96.830932, 47.30661], [-96.833607, 47.308386], [-96.835741, 47.311108], [-96.836828, 47.311526], [-96.838969, 47.310894], [-96.840297, 47.309143], [-96.841917, 47.308609], [-96.843712, 47.309335], [-96.843892, 47.310388], [-96.842339, 47.312223], [-96.842702, 47.313764], [-96.846026, 47.314758], [-96.846985, 47.31569], [-96.846066, 47.316991], [-96.842763, 47.318243], [-96.840934, 47.318554], [-96.837012, 47.318386], [-96.835128, 47.319297], [-96.834662, 47.320672], [-96.836884, 47.323267], [-96.837064, 47.324344], [-96.835995, 47.32546], [-96.831243, 47.32575], [-96.82909, 47.326944], [-96.828764, 47.327995], [-96.830932, 47.330155], [-96.832878, 47.330771], [-96.835159, 47.330923], [-96.837116, 47.329721], [-96.838154, 47.328224], [-96.840183, 47.326836], [-96.841993, 47.326501], [-96.843759, 47.326732], [-96.845465, 47.327665], [-96.846159, 47.328861], [-96.845566, 47.330648], [-96.842894, 47.332058], [-96.840817, 47.332215], [-96.837855, 47.331894], [-96.835364, 47.332202], [-96.834165, 47.33295], [-96.830618, 47.338014], [-96.831214, 47.339591], [-96.833405, 47.340695], [-96.834954, 47.341007], [-96.838575, 47.340503], [-96.84099, 47.341378], [-96.842257, 47.34402], [-96.843407, 47.345174], [-96.846271, 47.346675], [-96.847436, 47.348696], [-96.84692, 47.349784], [-96.843024, 47.350613], [-96.844366, 47.35258], [-96.845051, 47.353631], [-96.843258, 47.354719], [-96.839974, 47.353492], [-96.838008, 47.353514], [-96.837044, 47.354527], [-96.83731, 47.355474], [-96.838991, 47.356265], [-96.846547, 47.356418], [-96.85054, 47.357091], [-96.852175, 47.358388], [-96.851685, 47.360471], [-96.848386, 47.362536], [-96.848362, 47.36462], [-96.850807, 47.366406], [-96.854581, 47.366093], [-96.856665, 47.366203], [-96.858072, 47.367144], [-96.85717, 47.368969], [-96.854707, 47.369574], [-96.850642, 47.369578], [-96.847895, 47.368573], [-96.844591, 47.367993], [-96.843369, 47.368169], [-96.837141, 47.371291], [-96.836691, 47.372605], [-96.839294, 47.373552], [-96.841988, 47.372822], [-96.844831, 47.370701], [-96.847016, 47.370265], [-96.849457, 47.370719], [-96.853958, 47.372605], [-96.854609, 47.374105], [-96.852871, 47.375009], [-96.850358, 47.375099], [-96.845792, 47.374785], [-96.843544, 47.375902], [-96.843313, 47.376991], [-96.844724, 47.378271], [-96.849264, 47.380126], [-96.85012, 47.381287], [-96.8492, 47.382418], [-96.847992, 47.382743], [-96.846051, 47.382293], [-96.844308, 47.381195], [-96.841094, 47.380702], [-96.839244, 47.381165], [-96.837974, 47.38273], [-96.838934, 47.384225], [-96.841767, 47.385654], [-96.841832, 47.38692], [-96.838172, 47.38818], [-96.837496, 47.389633], [-96.839626, 47.392652], [-96.841205, 47.393249], [-96.84307, 47.392226], [-96.844885, 47.39223], [-96.848755, 47.393425], [-96.848824, 47.394789], [-96.847841, 47.395745], [-96.843016, 47.396751], [-96.840186, 47.398054], [-96.839363, 47.39966], [-96.842147, 47.400717], [-96.845049, 47.403068], [-96.84991, 47.404306], [-96.852123, 47.405309], [-96.852744, 47.406454], [-96.851873, 47.407202], [-96.847285, 47.407902], [-96.842251, 47.410295], [-96.841813, 47.411063], [-96.842725, 47.412033], [-96.844287, 47.412035], [-96.850665, 47.410203], [-96.855005, 47.4095], [-96.85642, 47.409577], [-96.858432, 47.410613], [-96.859703, 47.412473], [-96.861678, 47.414394], [-96.861883, 47.415387], [-96.86083, 47.417516], [-96.86366, 47.418067], [-96.865852, 47.418975], [-96.869842, 47.418081], [-96.871093, 47.418258], [-96.871761, 47.419187], [-96.871041, 47.419919], [-96.86446, 47.420939], [-96.86207, 47.42246], [-96.8589, 47.423394], [-96.856166, 47.42388], [-96.85443, 47.425059], [-96.855571, 47.426719], [-96.857301, 47.427232], [-96.859498, 47.42716], [-96.861155, 47.426629], [-96.863342, 47.426601], [-96.864471, 47.427243], [-96.863873, 47.428972], [-96.860772, 47.430028], [-96.858214, 47.432073], [-96.856188, 47.432224], [-96.854703, 47.43154], [-96.852947, 47.431749], [-96.852991, 47.432623], [-96.855037, 47.433536], [-96.858795, 47.434037], [-96.861619, 47.434969], [-96.862859, 47.436403], [-96.861942, 47.43757], [-96.85758, 47.437974], [-96.856021, 47.438952], [-96.855915, 47.440041], [-96.858422, 47.443266], [-96.859621, 47.446042], [-96.85787, 47.447818], [-96.857133, 47.449371], [-96.859258, 47.451728], [-96.858255, 47.45243], [-96.855967, 47.452655], [-96.854582, 47.453335], [-96.854483, 47.454816], [-96.856921, 47.455522], [-96.859624, 47.455275], [-96.862272, 47.455504], [-96.863495, 47.456439], [-96.863115, 47.457868], [-96.861792, 47.458317], [-96.858094, 47.458462], [-96.85528, 47.45951], [-96.854019, 47.460239], [-96.854323, 47.461987], [-96.858514, 47.46526], [-96.860065, 47.467707], [-96.860977, 47.472768], [-96.860172, 47.473676], [-96.857937, 47.473726], [-96.855188, 47.474972], [-96.852445, 47.477107], [-96.852025, 47.479228], [-96.85342, 47.480484], [-96.856085, 47.48115], [-96.858459, 47.481125], [-96.860543, 47.480656], [-96.864916, 47.476894], [-96.867073, 47.476738], [-96.86849, 47.477579], [-96.868329, 47.479142], [-96.865921, 47.480505], [-96.862747, 47.484078], [-96.86094, 47.48424], [-96.856333, 47.483158], [-96.854147, 47.483471], [-96.85234, 47.485278], [-96.852677, 47.487121], [-96.85522, 47.487949], [-96.858129, 47.48842], [-96.86369, 47.489791], [-96.864718, 47.490453], [-96.864969, 47.491824], [-96.863966, 47.492561], [-96.860914, 47.492123], [-96.856126, 47.493817], [-96.855011, 47.495262], [-96.853584, 47.49605], [-96.849853, 47.497311], [-96.848933, 47.4979], [-96.849304, 47.499346], [-96.850712, 47.500006], [-96.852584, 47.500623], [-96.85366, 47.502247], [-96.852887, 47.505057], [-96.853017, 47.506897], [-96.851211, 47.507487], [-96.849076, 47.506444], [-96.846112, 47.506614], [-96.843332, 47.507554], [-96.842447, 47.508219], [-96.842492, 47.509371], [-96.8439, 47.510217], [-96.846935, 47.510382], [-96.849688, 47.509669], [-96.852183, 47.509803], [-96.853552, 47.511185], [-96.853217, 47.512681], [-96.85077, 47.513565], [-96.846041, 47.512284], [-96.8439, 47.512601], [-96.842022, 47.514591], [-96.842268, 47.516032], [-96.844093, 47.516873], [-96.847339, 47.516725], [-96.852168, 47.514772], [-96.853924, 47.514414], [-96.858088, 47.514747], [-96.86112, 47.515556], [-96.862627, 47.516457], [-96.863578, 47.518007], [-96.864022, 47.520693], [-96.865715, 47.52239], [-96.866526, 47.525015], [-96.867346, 47.525787], [-96.870058, 47.526263], [-96.871111, 47.527115], [-96.870908, 47.528027], [-96.869047, 47.528906], [-96.862485, 47.528966], [-96.860925, 47.529365], [-96.858928, 47.530934], [-96.856866, 47.533876], [-96.853534, 47.536213], [-96.853677, 47.537914], [-96.854673, 47.538281], [-96.858493, 47.537214], [-96.860914, 47.537321], [-96.86357, 47.539369], [-96.863205, 47.540589], [-96.86175, 47.541398], [-96.857651, 47.542191], [-96.855996, 47.542226], [-96.854257, 47.541644], [-96.852151, 47.540344], [-96.850982, 47.538529], [-96.849259, 47.537329], [-96.84672, 47.537404], [-96.845323, 47.538752], [-96.846337, 47.540991], [-96.848509, 47.542533], [-96.851156, 47.543408], [-96.858285, 47.544943], [-96.860509, 47.546192], [-96.859585, 47.547105], [-96.854918, 47.54859], [-96.850431, 47.551779], [-96.850223, 47.553829], [-96.851744, 47.554648], [-96.855913, 47.554987], [-96.85784, 47.555404], [-96.859075, 47.556241], [-96.861707, 47.559028], [-96.861375, 47.560117], [-96.859408, 47.560644], [-96.856361, 47.559972], [-96.853743, 47.560597], [-96.847615, 47.564651], [-96.847499, 47.566226], [-96.849497, 47.566722], [-96.851855, 47.565712], [-96.855486, 47.565117], [-96.859456, 47.563371], [-96.861735, 47.562616], [-96.864434, 47.562791], [-96.866817, 47.564138], [-96.86865, 47.566157], [-96.868885, 47.567687], [-96.868236, 47.568544], [-96.866145, 47.569605], [-96.86194, 47.568519], [-96.859835, 47.567395], [-96.857307, 47.567121], [-96.854904, 47.567337], [-96.851905, 47.568335], [-96.851419, 47.569113], [-96.852362, 47.571031], [-96.853715, 47.571941], [-96.860215, 47.574408], [-96.860273, 47.575381], [-96.859084, 47.575473], [-96.855401, 47.577365], [-96.853739, 47.57885], [-96.853003, 47.580333], [-96.853252, 47.583634], [-96.852085, 47.585014], [-96.85121, 47.5879], [-96.849908, 47.590754], [-96.850575, 47.592047], [-96.852306, 47.592833], [-96.854417, 47.593122], [-96.857853, 47.594401], [-96.858887, 47.595103], [-96.858147, 47.596236], [-96.853181, 47.596034], [-96.851281, 47.597274], [-96.850983, 47.598292], [-96.852099, 47.599717], [-96.855876, 47.600966], [-96.856812, 47.601832], [-96.856904, 47.603099], [-96.854993, 47.605784], [-96.855073, 47.607888], [-96.855933, 47.609714], [-96.857082, 47.610745], [-96.859551, 47.612028], [-96.864709, 47.61233], [-96.866602, 47.612835], [-96.868302, 47.614469], [-96.87003, 47.61474], [-96.872049, 47.613606], [-96.873952, 47.61374], [-96.874005, 47.614891], [-96.870832, 47.617127], [-96.871411, 47.618359], [-96.875433, 47.619065], [-96.878982, 47.618812], [-96.879705, 47.620255], [-96.876277, 47.622069], [-96.87586, 47.623449], [-96.877516, 47.62445], [-96.879867, 47.624779], [-96.880487, 47.626016], [-96.879223, 47.626713], [-96.875357, 47.626554], [-96.874331, 47.627264], [-96.874529, 47.628171], [-96.875967, 47.62887], [-96.87935, 47.628711], [-96.88148, 47.63003], [-96.882058, 47.633127], [-96.887631, 47.637723], [-96.888092, 47.639648], [-96.88437, 47.640583], [-96.882571, 47.641883], [-96.882859, 47.644266], [-96.882118, 47.648083], [-96.882477, 47.650053], [-96.886174, 47.652305], [-96.886845, 47.653671], [-96.886693, 47.655582], [-96.887518, 47.657935], [-96.887291, 47.659291], [-96.88577, 47.661361], [-96.885419, 47.663884], [-96.886785, 47.666149], [-96.889335, 47.668405], [-96.889834, 47.670345], [-96.886846, 47.672063], [-96.886038, 47.672445], [-96.885362, 47.672925], [-96.885033, 47.673562], [-96.885243, 47.673966], [-96.886021, 47.674246], [-96.886706, 47.674255], [-96.887467, 47.674112], [-96.889046, 47.673615], [-96.890397, 47.673304], [-96.892572, 47.673027], [-96.893784, 47.673074], [-96.894982, 47.673439], [-96.896125, 47.674075], [-96.896541, 47.674753], [-96.896598, 47.67533], [-96.895971, 47.677855], [-96.89616, 47.67871], [-96.896653, 47.679739], [-96.897515, 47.681329], [-96.898028, 47.682844], [-96.898772, 47.68435], [-96.899128, 47.685665], [-96.89907, 47.688685], [-96.899237, 47.689579], [-96.899777, 47.690443], [-96.900431, 47.691097], [-96.900968, 47.691444], [-96.901676, 47.691681], [-96.902514, 47.691675], [-96.902944, 47.691539], [-96.90357, 47.691105], [-96.904686, 47.689578], [-96.905768, 47.688896], [-96.906819, 47.688567], [-96.907869, 47.688505], [-96.908795, 47.688749], [-96.909771, 47.689496], [-96.909928, 47.690064], [-96.909965, 47.690822], [-96.909763, 47.691709], [-96.908853, 47.692633], [-96.907263, 47.693635], [-96.90702, 47.693993], [-96.907019, 47.694426], [-96.907305, 47.695177], [-96.907689, 47.69569], [-96.909092, 47.696865], [-96.909839, 47.697901], [-96.911092, 47.700339], [-96.91157, 47.701062], [-96.912486, 47.701756], [-96.913054, 47.701943], [-96.914017, 47.701803], [-96.915343, 47.700871], [-96.917186, 47.699476], [-96.917883, 47.699226], [-96.918556, 47.69914], [-96.919449, 47.699191], [-96.920093, 47.699346], [-96.920998, 47.700146], [-96.92112, 47.700571], [-96.920873, 47.701305], [-96.920379, 47.701815], [-96.919329, 47.702529], [-96.918134, 47.70324], [-96.917405, 47.70344], [-96.915668, 47.703397], [-96.914836, 47.703481], [-96.913549, 47.70422], [-96.912546, 47.705226], [-96.911975, 47.7065], [-96.911864, 47.706925], [-96.912063, 47.707741], [-96.912372, 47.708071], [-96.912985, 47.708406], [-96.91519, 47.70848], [-96.916293, 47.708564], [-96.91684, 47.708696], [-96.918749, 47.709463], [-96.919691, 47.710095], [-96.920068, 47.710571], [-96.920356, 47.711409], [-96.920187, 47.712522], [-96.919066, 47.714433], [-96.918886, 47.715143], [-96.919277, 47.716262], [-96.919799, 47.716928], [-96.920791, 47.717575], [-96.921636, 47.717865], [-96.922315, 47.717928], [-96.923132, 47.717803], [-96.924005, 47.717294], [-96.92543, 47.715731], [-96.926239, 47.715018], [-96.926828, 47.714656], [-96.927604, 47.714351], [-96.928277, 47.714261], [-96.929164, 47.714331], [-96.93009, 47.714663], [-96.930569, 47.715], [-96.930973, 47.715547], [-96.931031, 47.716698], [-96.930883, 47.717156], [-96.930435, 47.717847], [-96.929895, 47.718243], [-96.928628, 47.718684], [-96.926713, 47.719098], [-96.924631, 47.719803], [-96.922409, 47.720829], [-96.921187, 47.721334], [-96.919685, 47.722297], [-96.918757, 47.723175], [-96.918413, 47.723969], [-96.918603, 47.724527], [-96.918931, 47.724808], [-96.919975, 47.725229], [-96.920676, 47.725386], [-96.922086, 47.725529], [-96.923052, 47.725711], [-96.924105, 47.726242], [-96.924432, 47.726611], [-96.924765, 47.727819], [-96.924975, 47.729726], [-96.925366, 47.730233], [-96.927278, 47.73153], [-96.929494, 47.733625], [-96.930926, 47.73492], [-96.931977, 47.736086], [-96.932677, 47.737215], [-96.932904, 47.737734], [-96.933052, 47.739249], [-96.932859, 47.73992], [-96.932085, 47.74083], [-96.931102, 47.741536], [-96.929577, 47.742483], [-96.928984, 47.743161], [-96.928673, 47.743812], [-96.928521, 47.744489], [-96.92838, 47.745965], [-96.928416, 47.748316], [-96.928642, 47.749498], [-96.929405, 47.750651], [-96.930277, 47.751276], [-96.93265, 47.752354], [-96.934596, 47.753048], [-96.93847, 47.75388], [-96.939446, 47.754429], [-96.939685, 47.754788], [-96.939706, 47.755506], [-96.93899, 47.756205], [-96.938087, 47.756398], [-96.936998, 47.756312], [-96.935895, 47.755965], [-96.933841, 47.755083], [-96.932178, 47.754742], [-96.930962, 47.754711], [-96.929612, 47.754875], [-96.928854, 47.755296], [-96.928827, 47.755795], [-96.929615, 47.756362], [-96.930697, 47.756815], [-96.931948, 47.7572], [-96.934268, 47.757784], [-96.935772, 47.75838], [-96.936835, 47.759085], [-96.937223, 47.759461], [-96.938184, 47.760716], [-96.938434, 47.761266], [-96.938476, 47.762423], [-96.938196, 47.763229], [-96.937202, 47.764338], [-96.935273, 47.765825], [-96.934773, 47.766457], [-96.934883, 47.767209], [-96.935556, 47.767659], [-96.936497, 47.767893], [-96.938266, 47.768092], [-96.939696, 47.768698], [-96.940459, 47.769196], [-96.942305, 47.770682], [-96.943016, 47.771165], [-96.944313, 47.771704], [-96.945419, 47.772372], [-96.94578, 47.772729], [-96.945973, 47.7734], [-96.946041, 47.774338], [-96.946326, 47.774842], [-96.946773, 47.775091], [-96.947619, 47.775294], [-96.948884, 47.775341], [-96.949765, 47.775223], [-96.951936, 47.774667], [-96.952706, 47.774537], [-96.95397, 47.774503], [-96.955323, 47.774662], [-96.955858, 47.774815], [-96.956511, 47.775232], [-96.956643, 47.775779], [-96.95603, 47.776607], [-96.954608, 47.777578], [-96.953188, 47.778389], [-96.952692, 47.778765], [-96.95237, 47.779296], [-96.952567, 47.779696], [-96.953025, 47.779934], [-96.953653, 47.779953], [-96.955323, 47.779776], [-96.957535, 47.779882], [-96.958282, 47.780061], [-96.958935, 47.780441], [-96.959405, 47.781193], [-96.959333, 47.781661], [-96.958956, 47.782335], [-96.958003, 47.783542], [-96.957529, 47.78446], [-96.957534, 47.785108], [-96.957976, 47.785658], [-96.958765, 47.785512], [-96.959577, 47.784695], [-96.960519, 47.783915], [-96.961716, 47.783264], [-96.962865, 47.782997], [-96.9636, 47.782955], [-96.964687, 47.783209], [-96.96516, 47.783573], [-96.965358, 47.783985], [-96.965354, 47.78474], [-96.964738, 47.78589], [-96.963456, 47.787387], [-96.961735, 47.78866], [-96.960439, 47.789212], [-96.958328, 47.789677], [-96.957613, 47.789908], [-96.957141, 47.790293], [-96.957051, 47.791007], [-96.957519, 47.791797], [-96.958695, 47.79272], [-96.961017, 47.793658], [-96.962515, 47.794196], [-96.963806, 47.794761], [-96.964655, 47.795356], [-96.965636, 47.796427], [-96.96602, 47.7971], [-96.966132, 47.79767], [-96.966114, 47.799005], [-96.966391, 47.799514], [-96.96712, 47.799852], [-96.967753, 47.799848], [-96.968751, 47.799526], [-96.97092, 47.798496], [-96.972431, 47.797978], [-96.973278, 47.797776], [-96.974532, 47.79765], [-96.975798, 47.797675], [-96.976254, 47.797768], [-96.976818, 47.798146], [-96.977158, 47.798753], [-96.977158, 47.799833], [-96.97683, 47.800783], [-96.976285, 47.801542], [-96.975212, 47.80189], [-96.973156, 47.801793], [-96.972224, 47.802068], [-96.972109, 47.802556], [-96.9723, 47.802815], [-96.972345, 47.802847], [-96.972442, 47.802918], [-96.972511, 47.802973], [-96.972665, 47.803072], [-96.97287, 47.803187], [-96.973097, 47.80328], [-96.973237, 47.80333], [-96.973381, 47.803376], [-96.974175, 47.803576], [-96.974377, 47.803617], [-96.974426, 47.803631], [-96.974478, 47.803639], [-96.974793, 47.803665], [-96.975004, 47.803677], [-96.975215, 47.803681], [-96.975849, 47.80368], [-96.976476, 47.803666], [-96.97659, 47.803663], [-96.9768, 47.803678], [-96.976955, 47.8037], [-96.977519, 47.803797], [-96.977623, 47.803811], [-96.977728, 47.803818], [-96.977882, 47.803844], [-96.977987, 47.803854], [-96.978246, 47.803889], [-96.978559, 47.803926], [-96.978921, 47.80398], [-96.979022, 47.804], [-96.979125, 47.804015], [-96.979282, 47.804032], [-96.979385, 47.804051], [-96.979643, 47.80409], [-96.979844, 47.804135], [-96.97994, 47.804165], [-96.980198, 47.804206], [-96.980448, 47.804266], [-96.980699, 47.804321], [-96.980941, 47.804395], [-96.981019, 47.804411], [-96.981093, 47.804426], [-96.981189, 47.804457], [-96.98134, 47.804489], [-96.981482, 47.804538], [-96.981683, 47.804582], [-96.982023, 47.804683], [-96.982481, 47.804864], [-96.982524, 47.804885], [-96.982773, 47.804987], [-96.983021, 47.805111], [-96.983394, 47.80535], [-96.984765, 47.806273], [-96.985905, 47.806859], [-96.986803, 47.807064], [-96.989544, 47.807213], [-96.990763, 47.807533], [-96.991578, 47.808187], [-96.991616, 47.808797], [-96.991437, 47.809097], [-96.99081, 47.809583], [-96.990091, 47.809811], [-96.988945, 47.809939], [-96.987994, 47.809943], [-96.98601, 47.809726], [-96.983828, 47.809292], [-96.98186, 47.809016], [-96.980703, 47.809088], [-96.979816, 47.809298], [-96.9787, 47.809892], [-96.978006, 47.810899], [-96.977901, 47.811474], [-96.978161, 47.812357], [-96.978429, 47.812749], [-96.979523, 47.813944], [-96.979871, 47.814511], [-96.980125, 47.815323], [-96.980373, 47.816541], [-96.980319, 47.817771], [-96.980357, 47.818927], [-96.980581, 47.820702], [-96.980556, 47.821642], [-96.98015, 47.822379], [-96.979586, 47.822631], [-96.979059, 47.822611], [-96.977485, 47.82219], [-96.976707, 47.822084], [-96.975286, 47.822146], [-96.974394, 47.822609], [-96.974117, 47.823115], [-96.974222, 47.823682], [-96.97499, 47.824546], [-96.975607, 47.824942], [-96.976607, 47.825267], [-96.978768, 47.82561], [-96.980454, 47.825711], [-96.981878, 47.825638], [-96.983365, 47.825383], [-96.985193, 47.825189], [-96.986758, 47.825317], [-96.987212, 47.825675], [-96.987236, 47.826139], [-96.98642, 47.826693], [-96.983421, 47.827839], [-96.982442, 47.828391], [-96.982034, 47.828724], [-96.981558, 47.829486], [-96.981573, 47.829991], [-96.981878, 47.830641], [-96.98289, 47.831611], [-96.98384, 47.83224], [-96.9849, 47.833138], [-96.985364, 47.833967], [-96.985608, 47.834892], [-96.985757, 47.835899], [-96.986163, 47.83691], [-96.986729, 47.8376], [-96.987476, 47.837997], [-96.98809, 47.838102], [-96.989832, 47.838046], [-96.991369, 47.837776], [-96.992003, 47.837747], [-96.993035, 47.837882], [-96.993965, 47.838408], [-96.994231, 47.838988], [-96.994047, 47.839585], [-96.993008, 47.840982], [-96.992384, 47.841939], [-96.992368, 47.842444], [-96.992721, 47.842791], [-96.993788, 47.842733], [-96.996451, 47.841699], [-96.997005, 47.841579], [-96.99789, 47.841578], [-96.998359, 47.842003], [-96.998312, 47.842543], [-96.998045, 47.843015], [-96.99721, 47.843979], [-96.996591, 47.844374], [-96.995114, 47.844845], [-96.994189, 47.84532], [-96.993983, 47.846], [-96.997298, 47.848468], [-96.997538, 47.8495], [-96.996799, 47.852306], [-96.996772, 47.854078], [-96.997514, 47.857548], [-96.999201, 47.860201], [-97.000862, 47.861394], [-97.005549, 47.863979], [-97.005907, 47.864496], [-97.005813, 47.865029], [-97.005462, 47.865298], [-97.004695, 47.865538], [-97.003491, 47.865662], [-97.002199, 47.866208], [-97.001505, 47.866869], [-97.001416, 47.867511], [-97.001828, 47.868134], [-97.002863, 47.869005], [-97.003715, 47.869548], [-97.005447, 47.87024], [-97.007897, 47.870809], [-97.009739, 47.871089], [-97.015181, 47.871222], [-97.018904, 47.871843], [-97.021065, 47.872526], [-97.0229, 47.873702], [-97.023138, 47.87497], [-97.021903, 47.875702], [-97.020299, 47.876173], [-97.019058, 47.876721], [-97.018327, 47.877384], [-97.018031, 47.877964], [-97.018014, 47.878651], [-97.018566, 47.879546], [-97.01897, 47.879926], [-97.019963, 47.880524], [-97.022104, 47.881426], [-97.023199, 47.881996], [-97.023788, 47.882413], [-97.024691, 47.883276], [-97.025064, 47.883794], [-97.025422, 47.884926], [-97.025491, 47.885516], [-97.025022, 47.886791], [-97.023234, 47.888042], [-97.019228, 47.889623], [-97.018818, 47.890975], [-97.019605, 47.891863], [-97.023487, 47.893797], [-97.024855, 47.894896], [-97.024922, 47.897101], [-97.023959, 47.898057], [-97.022952, 47.898569], [-97.021775, 47.899059], [-97.020738, 47.899674], [-97.020264, 47.900152], [-97.019905, 47.900831], [-97.019886, 47.901588], [-97.020523, 47.902459], [-97.022985, 47.904105], [-97.024416, 47.905583], [-97.024782, 47.906105], [-97.025227, 47.907258], [-97.025229, 47.907728], [-97.025002, 47.908129], [-97.024548, 47.908429], [-97.023623, 47.908515], [-97.022826, 47.908236], [-97.02201, 47.90767], [-97.021067, 47.906751], [-97.019842, 47.905956], [-97.018862, 47.905685], [-97.017917, 47.905618], [-97.01718, 47.905679], [-97.016082, 47.906111], [-97.015544, 47.906459], [-97.015002, 47.90732], [-97.01487, 47.907961], [-97.014904, 47.908576], [-97.015179, 47.909573], [-97.015773, 47.911002], [-97.016204, 47.91178], [-97.017038, 47.912828], [-97.018446, 47.913759], [-97.019646, 47.914291], [-97.021389, 47.914702], [-97.022409, 47.91491], [-97.023338, 47.915253], [-97.023732, 47.915545], [-97.023628, 47.916215], [-97.022832, 47.916746], [-97.02214, 47.917011], [-97.019488, 47.917734], [-97.018442, 47.918153], [-97.017588, 47.918924], [-97.017613, 47.919393], [-97.018107, 47.920228], [-97.019441, 47.921051], [-97.020909, 47.92178], [-97.024706, 47.92422], [-97.026034, 47.925272], [-97.028467, 47.92692], [-97.034353, 47.929337], [-97.036826, 47.931209], [-97.037324, 47.933246], [-97.036505, 47.934694], [-97.036115, 47.935208], [-97.035573, 47.936266], [-97.035492, 47.936697], [-97.035524, 47.937928], [-97.035693, 47.938644], [-97.036149, 47.939392], [-97.036855, 47.939883], [-97.037849, 47.940299], [-97.038796, 47.940531], [-97.039449, 47.940586], [-97.039481, 47.940589], [-97.039904, 47.940612], [-97.041338, 47.940634], [-97.041647, 47.940645], [-97.041814, 47.940651], [-97.042237, 47.940678], [-97.042342, 47.940689], [-97.042606, 47.940707], [-97.043237, 47.940765], [-97.043708, 47.94082], [-97.043959, 47.940877], [-97.044062, 47.940896], [-97.044312, 47.940957], [-97.044619, 47.941013], [-97.044774, 47.941037], [-97.044871, 47.941067], [-97.044949, 47.941085], [-97.045022, 47.941102], [-97.045163, 47.941152], [-97.045413, 47.941212], [-97.045566, 47.941241], [-97.045829, 47.941266], [-97.04598, 47.941301], [-97.046074, 47.941334], [-97.046225, 47.94137], [-97.046717, 47.941504], [-97.047199, 47.941654], [-97.047239, 47.941668], [-97.04734, 47.941705], [-97.047616, 47.941814], [-97.047713, 47.941843], [-97.047801, 47.941883], [-97.048037, 47.941966], [-97.048174, 47.942021], [-97.048222, 47.942036], [-97.048401, 47.942114], [-97.048664, 47.942237], [-97.048881, 47.942331], [-97.049022, 47.942382], [-97.049152, 47.942444], [-97.049574, 47.942664], [-97.049751, 47.942744], [-97.049921, 47.94283], [-97.050381, 47.943076], [-97.050871, 47.943354], [-97.051287, 47.943579], [-97.051587, 47.943728], [-97.052212, 47.94412], [-97.052806, 47.944535], [-97.05291, 47.944617], [-97.053274, 47.944881], [-97.053335, 47.944941], [-97.053435, 47.945025], [-97.053452, 47.945043], [-97.053521, 47.945117], [-97.053683, 47.94526], [-97.053732, 47.945324], [-97.053907, 47.945506], [-97.05418, 47.945858], [-97.054345, 47.946044], [-97.054466, 47.946163], [-97.054603, 47.946318], [-97.054662, 47.946378], [-97.054737, 47.946474], [-97.054874, 47.946629], [-97.055001, 47.946828], [-97.055147, 47.9471], [-97.055215, 47.94725], [-97.055289, 47.947412], [-97.055341, 47.947515], [-97.055383, 47.94762], [-97.055451, 47.947832], [-97.055562, 47.94826], [-97.055595, 47.948513], [-97.0556, 47.94861], [-97.055603, 47.948658], [-97.055598, 47.949085], [-97.055597, 47.949129], [-97.055565, 47.949382], [-97.05553, 47.949598], [-97.055445, 47.950017], [-97.054818, 47.951408], [-97.052681, 47.954422], [-97.052253, 47.955874], [-97.052826, 47.958253], [-97.055367, 47.960533], [-97.059028, 47.962008], [-97.061354, 47.963517], [-97.061656, 47.965549], [-97.060763, 47.966656], [-97.058115, 47.968635], [-97.057234, 47.970597], [-97.059075, 47.973177], [-97.059255, 47.975324], [-97.056709, 47.98], [-97.054945, 47.984844], [-97.053089, 47.98934], [-97.053387, 47.991314], [-97.056161, 47.993564], [-97.060897, 47.995228], [-97.062881, 47.996412], [-97.064416, 47.998892], [-97.064513, 48.003399], [-97.066744, 48.008841], [-97.066577, 48.010365], [-97.063012, 48.013179], [-97.063289, 48.014989], [-97.064927, 48.015658], [-97.068519, 48.015932], [-97.070654, 48.016918], [-97.071785, 48.018057], [-97.072307, 48.019511], [-97.072399, 48.020046], [-97.071911, 48.021395], [-97.071304, 48.022757], [-97.069922, 48.024655], [-97.068988, 48.026267], [-97.068713, 48.027694], [-97.06881, 48.029035], [-97.069175, 48.031258], [-97.069792, 48.033351], [-97.070148, 48.036065], [-97.069987, 48.037366], [-97.070411, 48.041765], [-97.071288, 48.045797], [-97.072257, 48.048068], [-97.073229, 48.049896], [-97.074026, 48.051209], [-97.074723, 48.052018], [-97.075641, 48.052725], [-97.078252, 48.053997], [-97.081561, 48.05523], [-97.082895, 48.055794], [-97.084585, 48.056641], [-97.08594, 48.057455], [-97.086986, 48.058222], [-97.087829, 48.05902], [-97.088527, 48.059865], [-97.089282, 48.061], [-97.090818, 48.063035], [-97.092034, 48.064385], [-97.093232, 48.065236], [-97.095153, 48.066837], [-97.095828, 48.06761], [-97.097261, 48.070584], [-97.097772, 48.07108], [-97.098829, 48.071477], [-97.099786, 48.071525], [-97.101287, 48.071497], [-97.103052, 48.071669], [-97.103867, 48.071898], [-97.104483, 48.072428], [-97.104697, 48.073094], [-97.104516, 48.073935], [-97.104154, 48.074578], [-97.100768, 48.077453], [-97.100155, 48.078757], [-97.099862, 48.07987], [-97.099431, 48.082106], [-97.099433, 48.083708], [-97.099798, 48.085884], [-97.100163, 48.086827], [-97.101263, 48.088335], [-97.102165, 48.089122], [-97.103498, 48.08971], [-97.104736, 48.090103], [-97.108046, 48.090537], [-97.109418, 48.090901], [-97.109857, 48.091395], [-97.109521, 48.092512], [-97.108894, 48.092873], [-97.106913, 48.093447], [-97.104027, 48.093806], [-97.103195, 48.094084], [-97.102558, 48.094503], [-97.102058, 48.095248], [-97.101876, 48.095896], [-97.102249, 48.096694], [-97.102983, 48.097276], [-97.104183, 48.097901], [-97.106086, 48.098607], [-97.107429, 48.099157], [-97.108051, 48.099509], [-97.108691, 48.100257], [-97.108959, 48.101616], [-97.108895, 48.102726], [-97.109097, 48.103778], [-97.109535, 48.104723], [-97.110794, 48.105558], [-97.11147, 48.105913], [-97.112417, 48.106145], [-97.113194, 48.106188], [-97.114874, 48.106042], [-97.116938, 48.105619], [-97.119773, 48.105381], [-97.120841, 48.105592], [-97.12182, 48.10589], [-97.123202, 48.10665], [-97.123484, 48.107218], [-97.123666, 48.108004], [-97.123135, 48.109497], [-97.12202, 48.110848], [-97.12104, 48.112281], [-97.120592, 48.113365], [-97.120702, 48.114987], [-97.121586, 48.116925], [-97.125351, 48.122235], [-97.125626, 48.122324], [-97.126124, 48.12326], [-97.126862, 48.124277], [-97.128279, 48.127185], [-97.128882, 48.129], [-97.129028, 48.130804], [-97.129453, 48.133133], [-97.130051, 48.133975], [-97.131451, 48.134984], [-97.133238, 48.136504], [-97.133468, 48.137101], [-97.13252, 48.137641], [-97.13198, 48.137572], [-97.130328, 48.137132], [-97.127652, 48.136193], [-97.126705, 48.136056], [-97.125351, 48.136078], [-97.124149, 48.136384], [-97.123044, 48.136996], [-97.122416, 48.138091], [-97.122382, 48.139066], [-97.122876, 48.13975], [-97.123992, 48.140548], [-97.125351, 48.141091], [-97.126626, 48.14152], [-97.129419, 48.14201], [-97.131914, 48.142392], [-97.134753, 48.142978], [-97.136768, 48.143292], [-97.137911, 48.143237], [-97.139301, 48.142862], [-97.140708, 48.142206], [-97.141572, 48.141673], [-97.142674, 48.141212], [-97.143569, 48.140997], [-97.144493, 48.141054], [-97.145464, 48.141294], [-97.146122, 48.141649], [-97.146505, 48.14222], [-97.146667, 48.143203], [-97.146531, 48.144055], [-97.145887, 48.145104], [-97.144717, 48.146575], [-97.143594, 48.147476], [-97.141321, 48.150033], [-97.140295, 48.150894], [-97.139176, 48.151529], [-97.137118, 48.152236], [-97.132862, 48.153433], [-97.130525, 48.154251], [-97.128162, 48.155133], [-97.126343, 48.155923], [-97.124481, 48.15655], [-97.122551, 48.157682], [-97.121713, 48.158226], [-97.121165, 48.158725], [-97.120968, 48.159552], [-97.121035, 48.160738], [-97.121467, 48.161478], [-97.122447, 48.162048], [-97.123361, 48.16241], [-97.124759, 48.162775], [-97.125351, 48.16282], [-97.127392, 48.162748], [-97.128552, 48.162515], [-97.13056, 48.161929], [-97.13223, 48.161387], [-97.134502, 48.160295], [-97.136376, 48.159771], [-97.13856, 48.159459], [-97.140347, 48.159755], [-97.14195, 48.160202], [-97.143138, 48.161065], [-97.144242, 48.162491], [-97.144384, 48.163288], [-97.145199, 48.166706], [-97.145426, 48.167465], [-97.146331, 48.168583], [-97.14751, 48.170572], [-97.147511, 48.172407], [-97.146751, 48.173197], [-97.145243, 48.174046], [-97.143444, 48.174338], [-97.141732, 48.174501], [-97.13895, 48.174656], [-97.137131, 48.175357], [-97.136582, 48.175763], [-97.13601, 48.17674], [-97.135994, 48.178897], [-97.13668, 48.180866], [-97.138386, 48.182304], [-97.140601, 48.182942], [-97.141697, 48.182988], [-97.14324, 48.182762], [-97.145547, 48.18233], [-97.146768, 48.182058], [-97.148458, 48.182433], [-97.14981, 48.183498], [-97.149755, 48.185824], [-97.147503, 48.187842], [-97.144921, 48.189471], [-97.142922, 48.190996], [-97.141518, 48.192518], [-97.141221, 48.193712], [-97.141139, 48.193841], [-97.140933, 48.194368], [-97.13973, 48.195047], [-97.138359, 48.195471], [-97.136508, 48.196264], [-97.135672, 48.197126], [-97.135921, 48.198325], [-97.136796, 48.19952], [-97.138302, 48.200509], [-97.140106, 48.201792], [-97.14124, 48.202953], [-97.141148, 48.203999], [-97.14091, 48.20452], [-97.139091, 48.205841], [-97.137554, 48.206223], [-97.134069, 48.206728], [-97.13165, 48.20711], [-97.130122, 48.207636], [-97.129585, 48.207977], [-97.129277, 48.208377], [-97.129199, 48.209938], [-97.130155, 48.210765], [-97.131837, 48.211191], [-97.135408, 48.211501], [-97.136449, 48.211856], [-97.138257, 48.213061], [-97.139497, 48.214391], [-97.139296, 48.216755], [-97.138953, 48.217075], [-97.137376, 48.217681], [-97.13547, 48.217851], [-97.134435, 48.217794], [-97.132861, 48.217597], [-97.131363, 48.217182], [-97.130235, 48.216352], [-97.129247, 48.215732], [-97.127862, 48.214417], [-97.12655, 48.211228], [-97.126091, 48.210009], [-97.125349, 48.209206], [-97.12452, 48.207961], [-97.122925, 48.207381], [-97.120493, 48.207289], [-97.118943, 48.207822], [-97.118301, 48.20857], [-97.117838, 48.209764], [-97.117905, 48.210603], [-97.118118, 48.211404], [-97.118959, 48.212867], [-97.119491, 48.213519], [-97.120863, 48.214974], [-97.122884, 48.216494], [-97.124842, 48.21741], [-97.125349, 48.217753], [-97.127297, 48.218453], [-97.128901, 48.218739], [-97.132161, 48.219579], [-97.135056, 48.220648], [-97.139055, 48.221952], [-97.140605, 48.222142], [-97.141714, 48.222086], [-97.143604, 48.221523], [-97.144834, 48.2208], [-97.145817, 48.220133], [-97.147122, 48.218847], [-97.148288, 48.218317], [-97.149774, 48.218088], [-97.150902, 48.218306], [-97.15219, 48.219636], [-97.151097, 48.222098], [-97.148345, 48.223742], [-97.140819, 48.226199], [-97.135791, 48.227084], [-97.133288, 48.226943], [-97.131731, 48.226424], [-97.126637, 48.223839], [-97.123317, 48.223076], [-97.121684, 48.223568], [-97.12069, 48.224754], [-97.121675, 48.226936], [-97.125349, 48.228657], [-97.130333, 48.229672], [-97.135127, 48.229743], [-97.139311, 48.230187], [-97.14238, 48.230993], [-97.143582, 48.231767], [-97.144645, 48.233562], [-97.14434, 48.235049], [-97.141603, 48.236467], [-97.135835, 48.236919], [-97.134399, 48.237704], [-97.133735, 48.239075], [-97.135737, 48.240893], [-97.138533, 48.241488], [-97.144444, 48.241182], [-97.147076, 48.242201], [-97.146744, 48.244484], [-97.146092, 48.245187], [-97.143148, 48.246708], [-97.139969, 48.247345], [-97.135575, 48.249488], [-97.133434, 48.249873], [-97.127441, 48.249437], [-97.125348, 48.24991], [-97.124489, 48.250702], [-97.124873, 48.253164], [-97.126759, 48.25502], [-97.13003, 48.257203], [-97.130623, 48.258056], [-97.130363, 48.259465], [-97.129233, 48.259895], [-97.125348, 48.260008], [-97.123142, 48.261174], [-97.123056, 48.262237], [-97.124697, 48.263881], [-97.126273, 48.26437], [-97.135059, 48.265825], [-97.140658, 48.265337], [-97.143864, 48.265749], [-97.144856, 48.266793], [-97.145032, 48.268766], [-97.143096, 48.27044], [-97.140365, 48.271096], [-97.136138, 48.271033], [-97.131443, 48.269948], [-97.127208, 48.269844], [-97.12408, 48.27125], [-97.123754, 48.27241], [-97.125651, 48.275736], [-97.124029, 48.277], [-97.119801, 48.27685], [-97.117543, 48.278023], [-97.11657, 48.279661], [-97.116639, 48.280685], [-97.117726, 48.283488], [-97.12216, 48.290056], [-97.124766, 48.291656], [-97.127193, 48.291764], [-97.129582, 48.290775], [-97.132261, 48.288361], [-97.135546, 48.287059], [-97.137899, 48.287883], [-97.138383, 48.288655], [-97.13809, 48.290846], [-97.136457, 48.292411], [-97.134412, 48.29347], [-97.132321, 48.295247], [-97.130665, 48.297207], [-97.128296, 48.298822], [-97.126333, 48.299084], [-97.124154, 48.298357], [-97.121319, 48.295438], [-97.11919, 48.294242], [-97.115316, 48.293859], [-97.113801, 48.294227], [-97.112377, 48.295344], [-97.112231, 48.296472], [-97.113086, 48.297757], [-97.114808, 48.298933], [-97.120068, 48.301092], [-97.124158, 48.302141], [-97.126687, 48.304004], [-97.126344, 48.305808], [-97.122202, 48.308702], [-97.122201, 48.30987], [-97.125355, 48.311723], [-97.127613, 48.311806], [-97.129822, 48.311091], [-97.133166, 48.309103], [-97.135095, 48.308811], [-97.137749, 48.309729], [-97.137926, 48.311984], [-97.134854, 48.315903], [-97.134318, 48.317611], [-97.132599, 48.319145], [-97.13125, 48.319543], [-97.125348, 48.319556], [-97.119735, 48.320788], [-97.117319, 48.321579], [-97.115741, 48.322978], [-97.115581, 48.323928], [-97.11754, 48.325901], [-97.120301, 48.327098], [-97.129206, 48.328131], [-97.132667, 48.328075], [-97.135329, 48.327296], [-97.138016, 48.325493], [-97.139011, 48.325099], [-97.141063, 48.325384], [-97.142273, 48.326653], [-97.14224, 48.327507], [-97.140872, 48.329362], [-97.137806, 48.330809], [-97.130863, 48.331976], [-97.129041, 48.33289], [-97.127529, 48.335108], [-97.125852, 48.338373], [-97.12592, 48.340579], [-97.126745, 48.34214], [-97.129754, 48.34347], [-97.132011, 48.343932], [-97.137256, 48.343853], [-97.1396, 48.344246], [-97.14103, 48.345813], [-97.140504, 48.347078], [-97.136857, 48.349574], [-97.136004, 48.350437], [-97.136203, 48.352184], [-97.138209, 48.353146], [-97.143534, 48.35427], [-97.144273, 48.355034], [-97.145618, 48.358032], [-97.148482, 48.360717], [-97.150149, 48.361236], [-97.155481, 48.363768], [-97.156276, 48.366198], [-97.15541, 48.368852], [-97.154806, 48.36997], [-97.15125, 48.371211], [-97.147664, 48.370913], [-97.143341, 48.370231], [-97.139286, 48.3704], [-97.13736, 48.371757], [-97.137647, 48.373565], [-97.141242, 48.377677], [-97.140977, 48.379211], [-97.139518, 48.380027], [-97.135569, 48.380429], [-97.133915, 48.381079], [-97.133341, 48.382196], [-97.134419, 48.383267], [-97.136247, 48.383933], [-97.140637, 48.383223], [-97.144315, 48.3816], [-97.147027, 48.381396], [-97.153279, 48.383394], [-97.15721, 48.385732], [-97.157743, 48.387388], [-97.156366, 48.39039], [-97.157681, 48.391161], [-97.161701, 48.391403], [-97.16329, 48.391987], [-97.163135, 48.39364], [-97.162103, 48.394761], [-97.158648, 48.396344], [-97.153429, 48.396967], [-97.148155, 48.396759], [-97.144557, 48.398045], [-97.142746, 48.39951], [-97.139956, 48.402449], [-97.134922, 48.404544], [-97.131479, 48.406586], [-97.131015, 48.407855], [-97.132282, 48.410362], [-97.137372, 48.413436], [-97.138454, 48.414548], [-97.13888, 48.417162], [-97.13988, 48.418487], [-97.142099, 48.418525], [-97.144505, 48.417214], [-97.146711, 48.413941], [-97.148904, 48.412896], [-97.153284, 48.413051], [-97.154362, 48.413533], [-97.155452, 48.415004], [-97.155413, 48.416741], [-97.153994, 48.418121], [-97.150943, 48.41948], [-97.144305, 48.421071], [-97.138396, 48.421647], [-97.133558, 48.420916], [-97.130115, 48.418977], [-97.127446, 48.416789], [-97.126044, 48.41612], [-97.124425, 48.416357], [-97.122796, 48.417526], [-97.122369, 48.419492], [-97.122887, 48.420664], [-97.124664, 48.422216], [-97.128605, 48.42414], [-97.134657, 48.426108], [-97.139091, 48.42642], [-97.142597, 48.42765], [-97.145751, 48.43027], [-97.145183, 48.432564], [-97.141242, 48.433771], [-97.138475, 48.433519], [-97.131546, 48.431146], [-97.129071, 48.431061], [-97.126777, 48.431804], [-97.124645, 48.433614], [-97.123667, 48.436034], [-97.123388, 48.438266], [-97.124347, 48.441254], [-97.126572, 48.443131], [-97.129579, 48.44401], [-97.131414, 48.444012], [-97.13453, 48.443335], [-97.139864, 48.439166], [-97.141087, 48.438584], [-97.146414, 48.438068], [-97.149811, 48.439153], [-97.150633, 48.440816], [-97.149236, 48.443358], [-97.146275, 48.444735], [-97.140184, 48.446676], [-97.135315, 48.448883], [-97.130692, 48.452207], [-97.129331, 48.454048], [-97.129186, 48.456373], [-97.128544, 48.460301], [-97.128877, 48.461556], [-97.130632, 48.46342], [-97.133439, 48.463818], [-97.138076, 48.462976], [-97.14208, 48.463347], [-97.144409, 48.464812], [-97.147049, 48.46763], [-97.148244, 48.47074], [-97.147418, 48.472753], [-97.146133, 48.474052], [-97.143257, 48.474776], [-97.14073, 48.474691], [-97.137961, 48.473697], [-97.134066, 48.471745], [-97.132477, 48.471265], [-97.129485, 48.47149], [-97.128321, 48.472837], [-97.128163, 48.474362], [-97.12892, 48.475742], [-97.130882, 48.476855], [-97.134601, 48.477536], [-97.140628, 48.477465], [-97.146188, 48.476075], [-97.151128, 48.475191], [-97.154916, 48.474911], [-97.15858, 48.475147], [-97.161665, 48.476227], [-97.162668, 48.477783], [-97.162351, 48.479164], [-97.159205, 48.481107], [-97.154616, 48.482006], [-97.145593, 48.482963], [-97.141117, 48.484216], [-97.1396, 48.485372], [-97.139339, 48.487277], [-97.140146, 48.488697], [-97.143364, 48.491308], [-97.143017, 48.492334], [-97.141535, 48.492588], [-97.139955, 48.491963], [-97.136783, 48.488393], [-97.134039, 48.487766], [-97.1315, 48.489006], [-97.131175, 48.490685], [-97.132239, 48.492378], [-97.134588, 48.494238], [-97.136767, 48.495301], [-97.140872, 48.496663], [-97.145338, 48.497878], [-97.147853, 48.49947], [-97.149774, 48.501986], [-97.149827, 48.506055], [-97.149541, 48.508512], [-97.150267, 48.5116], [-97.149195, 48.512338], [-97.142061, 48.511517], [-97.139009, 48.511663], [-97.136619, 48.512183], [-97.128114, 48.517755], [-97.126758, 48.520157], [-97.127593, 48.521395], [-97.130777, 48.522668], [-97.133975, 48.52266], [-97.138552, 48.521385], [-97.142687, 48.519406], [-97.145406, 48.518735], [-97.14884, 48.518849], [-97.152423, 48.520364], [-97.154034, 48.521669], [-97.154773, 48.524163], [-97.154897, 48.526532], [-97.154382, 48.528424], [-97.152765, 48.530285], [-97.149946, 48.531231], [-97.143854, 48.531557], [-97.141162, 48.533202], [-97.141358, 48.535452], [-97.142437, 48.536529], [-97.145608, 48.5381], [-97.150497, 48.539453], [-97.155795, 48.540252], [-97.159651, 48.541358], [-97.161393, 48.542348], [-97.163555, 48.544182], [-97.165278, 48.546956], [-97.166271, 48.551065], [-97.165936, 48.552718], [-97.164714, 48.553741], [-97.161579, 48.55396], [-97.15724, 48.551481], [-97.154811, 48.551088], [-97.149443, 48.551538], [-97.141799, 48.551262], [-97.138924, 48.552002], [-97.138156, 48.554017], [-97.139364, 48.555455], [-97.141751, 48.556608], [-97.145791, 48.557311], [-97.151147, 48.557435], [-97.164405, 48.557047], [-97.167469, 48.557531], [-97.17139, 48.558785], [-97.174884, 48.560679], [-97.175423, 48.561957], [-97.174498, 48.563673], [-97.171971, 48.56495], [-97.167964, 48.565522], [-97.154465, 48.566673], [-97.152596, 48.567212], [-97.150699, 48.568313], [-97.14917, 48.570014], [-97.147943, 48.572479], [-97.148132, 48.575632], [-97.150444, 48.577438], [-97.153054, 48.577948], [-97.158486, 48.578138], [-97.160185, 48.57906], [-97.160555, 48.58111], [-97.159306, 48.581984], [-97.156043, 48.582723], [-97.154333, 48.582652], [-97.149275, 48.581216], [-97.14717, 48.580967], [-97.144627, 48.581587], [-97.143059, 48.583325], [-97.142405, 48.585694], [-97.141872, 48.590728], [-97.14206, 48.592282], [-97.144261, 48.593848], [-97.145852, 48.594113], [-97.150962, 48.593745], [-97.152637, 48.593919], [-97.154027, 48.595406], [-97.152876, 48.596263], [-97.152172, 48.597686], [-97.150104, 48.598149], [-97.146615, 48.597765], [-97.143822, 48.598359], [-97.141737, 48.600237], [-97.139473, 48.603244], [-97.137639, 48.604721], [-97.135056, 48.606129], [-97.134315, 48.607001], [-97.134766, 48.608113], [-97.137706, 48.608882], [-97.143698, 48.608026], [-97.147217, 48.608082], [-97.14926, 48.60879], [-97.150679, 48.610344], [-97.150649, 48.611676], [-97.14805, 48.613838], [-97.145272, 48.614587], [-97.141926, 48.614888], [-97.138126, 48.614664], [-97.132587, 48.613162], [-97.131042, 48.613194], [-97.129233, 48.613971], [-97.128788, 48.61541], [-97.130814, 48.618062], [-97.135229, 48.620738], [-97.134631, 48.622529], [-97.130939, 48.622806], [-97.127958, 48.621321], [-97.125497, 48.619006], [-97.123737, 48.618102], [-97.120408, 48.618017], [-97.119206, 48.618986], [-97.1194, 48.620659], [-97.120142, 48.62168], [-97.124667, 48.625084], [-97.127608, 48.626537], [-97.129647, 48.627927], [-97.131012, 48.629621], [-97.131191, 48.631294], [-97.129796, 48.633071], [-97.127668, 48.633893], [-97.12424, 48.633973], [-97.122104, 48.633393], [-97.118524, 48.631547], [-97.114684, 48.630342], [-97.112578, 48.630554], [-97.110669, 48.631412], [-97.108972, 48.633733], [-97.10947, 48.637383], [-97.110525, 48.639626], [-97.111508, 48.640663], [-97.115581, 48.643519], [-97.115636, 48.644702], [-97.114343, 48.645559], [-97.111303, 48.645986], [-97.109055, 48.646955], [-97.107438, 48.648485], [-97.10664, 48.652161], [-97.105902, 48.653562], [-97.104349, 48.655084], [-97.09991, 48.658522], [-97.098902, 48.659919], [-97.098731, 48.661284], [-97.100319, 48.662631], [-97.10243, 48.662841], [-97.107321, 48.662503], [-97.108851, 48.663188], [-97.109022, 48.664583], [-97.107955, 48.665175], [-97.102758, 48.666606], [-97.100859, 48.66794], [-97.100178, 48.669351], [-97.100082, 48.671089], [-97.101023, 48.677377], [-97.101861, 48.680764], [-97.101482, 48.682044], [-97.099993, 48.683243], [-97.097987, 48.683374], [-97.094967, 48.682224], [-97.092414, 48.682117], [-97.090439, 48.683356], [-97.090369, 48.684655], [-97.091896, 48.685982], [-97.097158, 48.687684], [-97.105442, 48.689648], [-97.108677, 48.690991], [-97.110694, 48.692496], [-97.11308, 48.695485], [-97.115165, 48.697642], [-97.119195, 48.700564], [-97.120572, 48.702196], [-97.120692, 48.703528], [-97.119081, 48.704586], [-97.116348, 48.705134], [-97.112721, 48.705414], [-97.110599, 48.706063], [-97.110189, 48.708074], [-97.112514, 48.70938], [-97.116877, 48.710478], [-97.118977, 48.711346], [-97.121509, 48.713627], [-97.123051, 48.71721], [-97.123413, 48.717978], [-97.124186, 48.719055], [-97.125198, 48.72016], [-97.125827, 48.720703], [-97.126965, 48.721474], [-97.127574, 48.721771], [-97.129854, 48.722657], [-97.13358, 48.724504], [-97.135309, 48.725195], [-97.136403, 48.725733], [-97.137084, 48.726197], [-97.13744, 48.726601], [-97.137589, 48.727569], [-97.137282, 48.72799], [-97.1361, 48.728614], [-97.134958, 48.728812], [-97.133889, 48.728885], [-97.131564, 48.729175], [-97.130279, 48.72954], [-97.129356, 48.730092], [-97.128887, 48.73049], [-97.12847, 48.731197], [-97.128352, 48.7317], [-97.128412, 48.732532], [-97.128694, 48.733074], [-97.129616, 48.73392], [-97.130175, 48.7342], [-97.130927, 48.734395], [-97.132313, 48.734504], [-97.13328, 48.734498], [-97.135207, 48.734382], [-97.136264, 48.734254], [-97.137713, 48.734205], [-97.138834, 48.734284], [-97.140015, 48.734623], [-97.141124, 48.735199], [-97.141636, 48.73557], [-97.142133, 48.736172], [-97.14226, 48.736599], [-97.14217, 48.737286], [-97.141723, 48.738024], [-97.140123, 48.738956], [-97.138385, 48.740196], [-97.137635, 48.740905], [-97.137234, 48.741419], [-97.136744, 48.742304], [-97.136547, 48.742944], [-97.136252, 48.74442], [-97.136242, 48.746398], [-97.13643, 48.747298], [-97.136935, 48.748673], [-97.137538, 48.749644], [-97.138248, 48.750235], [-97.139097, 48.750618], [-97.140258, 48.750898], [-97.141435, 48.750969], [-97.142504, 48.75091], [-97.144525, 48.750537], [-97.145572, 48.750257], [-97.14843, 48.750208], [-97.149748, 48.750518], [-97.150776, 48.75091], [-97.151464, 48.751314], [-97.15248, 48.752208], [-97.153248, 48.753165], [-97.153795, 48.753993], [-97.154367, 48.75509], [-97.154823, 48.756471], [-97.1548, 48.757414], [-97.154439, 48.758212], [-97.153711, 48.758974], [-97.152435, 48.759751], [-97.147737, 48.761331], [-97.146623, 48.762006], [-97.145978, 48.762773], [-97.145597, 48.763453], [-97.14544, 48.764718], [-97.145945, 48.765634], [-97.146775, 48.766394], [-97.148413, 48.767712], [-97.14953, 48.768734], [-97.150064, 48.769322], [-97.150747, 48.770368], [-97.151145, 48.77116], [-97.151733, 48.771932], [-97.152541, 48.772464], [-97.153217, 48.772685], [-97.154105, 48.772827], [-97.155547, 48.772933], [-97.157178, 48.773158], [-97.158142, 48.773607], [-97.158927, 48.774542], [-97.159042, 48.774985], [-97.158983, 48.775711], [-97.15853, 48.776322], [-97.157482, 48.77694], [-97.156601, 48.777209], [-97.150272, 48.778606], [-97.149446, 48.77887], [-97.148207, 48.779441], [-97.147523, 48.780047], [-97.147238, 48.780961], [-97.147469, 48.781441], [-97.148207, 48.781981], [-97.149139, 48.78241], [-97.150559, 48.782562], [-97.152801, 48.782389], [-97.155321, 48.782279], [-97.156698, 48.782437], [-97.157482, 48.782671], [-97.158924, 48.783257], [-97.159754, 48.784311], [-97.159549, 48.785607], [-97.158845, 48.786586], [-97.158079, 48.787332], [-97.157625, 48.787544], [-97.156858, 48.789941], [-97.158622, 48.791341], [-97.159824, 48.791525], [-97.1645, 48.790911], [-97.17123, 48.791984], [-97.173556, 48.793315], [-97.174188, 48.794561], [-97.172597, 48.796178], [-97.169824, 48.796679], [-97.165576, 48.796067], [-97.163805, 48.796066], [-97.161851, 48.797113], [-97.162043, 48.79953], [-97.163178, 48.800533], [-97.166453, 48.801454], [-97.169392, 48.80131], [-97.171767, 48.800588], [-97.175553, 48.797782], [-97.177204, 48.79712], [-97.180064, 48.797257], [-97.181705, 48.798655], [-97.181048, 48.800017], [-97.179831, 48.800783], [-97.174495, 48.802208], [-97.168747, 48.804337], [-97.166642, 48.804882], [-97.161004, 48.805639], [-97.158307, 48.806762], [-97.157548, 48.807876], [-97.15772, 48.809568], [-97.15866, 48.810904], [-97.160761, 48.811548], [-97.164865, 48.812027], [-97.16913, 48.811304], [-97.172061, 48.81152], [-97.173876, 48.812057], [-97.178482, 48.814505], [-97.181958, 48.815298], [-97.1846, 48.815004], [-97.186694, 48.81435], [-97.189077, 48.814305], [-97.190278, 48.815857], [-97.188768, 48.816898], [-97.184259, 48.817786], [-97.180522, 48.819379], [-97.178678, 48.821267], [-97.177894, 48.823229], [-97.177965, 48.825115], [-97.179099, 48.826716], [-97.183312, 48.829622], [-97.184761, 48.831835], [-97.183816, 48.834224], [-97.181433, 48.834961], [-97.178317, 48.835025], [-97.176412, 48.835603], [-97.174524, 48.836788], [-97.173884, 48.837993], [-97.173886, 48.840568], [-97.174732, 48.843525], [-97.176385, 48.845249], [-97.17823, 48.845806], [-97.181021, 48.845937], [-97.182806, 48.846597], [-97.182788, 48.847445], [-97.181242, 48.848105], [-97.17764, 48.848206], [-97.175272, 48.848666], [-97.173423, 48.84997], [-97.173052, 48.851675], [-97.174579, 48.853696], [-97.176729, 48.854843], [-97.178834, 48.856661], [-97.179352, 48.858222], [-97.178779, 48.8619], [-97.18015, 48.863508], [-97.183678, 48.863901], [-97.186692, 48.86314], [-97.189077, 48.863114], [-97.190582, 48.864388], [-97.190357, 48.865502], [-97.188412, 48.867438], [-97.184964, 48.869292], [-97.17934, 48.873135], [-97.177979, 48.874609], [-97.178677, 48.876668], [-97.180855, 48.877226], [-97.183267, 48.877118], [-97.186177, 48.876471], [-97.188325, 48.87641], [-97.19071, 48.876845], [-97.196657, 48.879102], [-97.199394, 48.881113], [-97.199891, 48.88259], [-97.199155, 48.88439], [-97.197475, 48.88645], [-97.197368, 48.887527], [-97.1988, 48.889209], [-97.201089, 48.890735], [-97.201627, 48.891932], [-97.200495, 48.892548], [-97.198371, 48.892399], [-97.195705, 48.891469], [-97.19405, 48.891347], [-97.191721, 48.891827], [-97.190313, 48.892756], [-97.189873, 48.895203], [-97.191555, 48.897135], [-97.193266, 48.898336], [-97.198777, 48.900294], [-97.206882, 48.902331], [-97.210151, 48.904243], [-97.212096, 48.906665], [-97.212654, 48.908956], [-97.212258, 48.910568], [-97.211074, 48.912752], [-97.210534, 48.914958], [-97.211374, 48.916961], [-97.213096, 48.918152], [-97.217026, 48.919171], [-97.219476, 48.92112], [-97.219806, 48.922146], [-97.219317, 48.924365], [-97.217515, 48.927287], [-97.214755, 48.929874], [-97.214618, 48.931934], [-97.21707, 48.932705], [-97.222031, 48.93253], [-97.224542, 48.933745], [-97.225837, 48.935329], [-97.227077, 48.939443], [-97.227004, 48.941917], [-97.226527, 48.943741], [-97.226624, 48.945826], [-97.227641, 48.946616], [-97.232306, 48.946379], [-97.234128, 48.947898], [-97.234027, 48.949348], [-97.232648, 48.952436], [-97.231686, 48.95616], [-97.230486, 48.958434], [-97.228094, 48.960759], [-97.227512, 48.962401], [-97.228731, 48.96385], [-97.230399, 48.964366], [-97.234514, 48.964672], [-97.237243, 48.965482], [-97.238881, 48.967035], [-97.239063, 48.9692], [-97.238039, 48.971759], [-97.237786, 48.973699], [-97.238298, 48.979983], [-97.238191, 48.98334], [-97.237617, 48.985145], [-97.235712, 48.987506], [-97.232764, 48.989857], [-97.228113, 48.991898], [-97.226769, 48.992829], [-97.226526, 48.993744], [-97.228923, 48.994905], [-97.23257, 48.995032], [-97.233626, 48.995508], [-97.234273, 48.996901], [-97.233524, 48.998171], [-97.228961, 49.000454], [-97.229902, 49.000455], [-97.237141, 49.00046], [-97.238021, 49.000461], [-97.359267, 49.000475], [-97.390006, 49.000486], [-97.425631, 49.000497], [-97.462796, 49.000503], [-97.556945, 49.000528], [-97.638906, 49.000553], [-97.687828, 49.000561], [-97.797805, 49.000518], [-97.818867, 49.00051], [-97.884485, 49.000484], [-97.908605, 49.000473], [-97.950012, 49.000458], [-98.079368, 49.00037], [-98.186783, 49.000252], [-98.206212, 49.000264], [-98.210839, 49.000267], [-98.34273, 49.000247], [-98.364926, 49.00024], [-98.474684, 49.000205], [-98.58994, 49.000172], [-98.605974, 49.00017], [-98.694297, 49.000134], [-98.737129, 49.000122], [-98.869038, 49.000077], [-98.937691, 49.000035], [-98.999817, 48.999959], [-99.022154, 48.999938], [-99.110038, 48.999844], [-99.132972, 48.999814], [-99.17833, 48.99976], [-99.25755, 48.999687], [-99.262756, 48.999682], [-99.346938, 48.999581], [-99.358477, 48.999569], [-99.394436, 48.999535], [-99.473184, 48.99946], [-99.525774, 48.999411], [-99.54778, 48.999389], [-99.590478, 48.99935], [-99.657118, 48.99929], [-99.658881, 48.999288], [-99.715567, 48.999234], [-99.77907, 48.999174], [-99.821461, 48.999197], [-99.833118, 48.999196], [-99.876442, 48.999211], [-99.878108, 48.999212], [-99.879481, 48.999213], [-99.88213, 48.999214], [-99.893002, 48.999218], [-99.921237, 48.999227]]]]}}]}