{"type": "FeatureCollection", "features": [{"type": "Feature", "properties": {"id": 1, "NAME": "1", "text-color": "#000000", "text-size": 16, "TotalPop": 773585, "PopDevPct": 4.3e-07, "DemPct": 0.61548803, "RepPct": 0.37104282, "WhitePct": 0.63052354, "MinorityPct": 0.36947646, "BlackPct": 0.17844344, "HispanicPct": 0.12632564, "PacificPct": 0.00161897, "AsianPct": 0.06003238, "NativePct": 0.01627234, "TotalVAP": 604707, "Margin": 0.11548803, "color": "#820000", "opacity": "0.5", "year": 2022, "state": "NJ", "state-district": "NJ-01"}, "geometry": {"type": "MultiPolygon", "coordinates": [[[[-74.937525, 39.890294], [-74.938864, 39.89067], [-74.940945, 39.892478], [-74.9442, 39.89308], [-74.945163, 39.89523], [-74.945275, 39.895708], [-74.945304, 39.895834], [-74.946829, 39.897276], [-74.949359, 39.898164], [-74.950384, 39.899336], [-74.951947, 39.901672], [-74.9525, 39.906017], [-74.95253, 39.907118], [-74.954431, 39.909296], [-74.954803, 39.911345], [-74.955904, 39.913217], [-74.957313, 39.914345], [-74.958022, 39.915268], [-74.960895, 39.916822], [-74.961605, 39.91897], [-74.962837, 39.920185], [-74.964358, 39.920697], [-74.965764, 39.920624], [-74.966022, 39.920612], [-74.967153, 39.920671], [-74.969637, 39.921746], [-74.970267, 39.921615], [-74.974283, 39.921421], [-74.976259, 39.922233], [-74.977446, 39.923237], [-74.977726, 39.923397], [-74.979092, 39.923986], [-74.980985, 39.925649], [-74.983203, 39.926322], [-74.984045, 39.927354], [-74.980299, 39.929661], [-74.978577, 39.930569], [-74.978183, 39.930827], [-74.975413, 39.932635], [-74.971789, 39.934989], [-74.971389, 39.935249], [-74.969625, 39.936314], [-74.9689, 39.936757], [-74.968783, 39.936824], [-74.966816, 39.938018], [-74.967058, 39.938956], [-74.967082, 39.939037], [-74.967092, 39.939077], [-74.967567, 39.941256], [-74.968257, 39.944119], [-74.968291, 39.944263], [-74.968735, 39.94556], [-74.971935, 39.949372], [-74.973789, 39.951621], [-74.974981, 39.953052], [-74.977551, 39.952761], [-74.978983, 39.952355], [-74.981285, 39.953429], [-74.982737, 39.953487], [-74.984471, 39.955965], [-74.986637, 39.956927], [-74.986598, 39.958279], [-74.987188, 39.959798], [-74.987755, 39.960375], [-74.98923, 39.960534], [-74.991117, 39.962133], [-74.991312, 39.962213], [-74.991472, 39.962435], [-74.991929, 39.962599], [-74.992294, 39.962657], [-74.99292, 39.96297], [-74.993506, 39.963171], [-74.994372, 39.96358], [-74.994524, 39.963749], [-74.994568, 39.963954], [-74.994534, 39.964335], [-74.994255, 39.965067], [-74.994205, 39.965339], [-74.994165, 39.965972], [-74.994211, 39.966162], [-74.994343, 39.966358], [-74.994452, 39.966441], [-74.994696, 39.966523], [-74.994989, 39.966547], [-74.995161, 39.966615], [-74.995743, 39.966924], [-74.995887, 39.966972], [-74.996532, 39.967109], [-74.996845, 39.967131], [-74.997433, 39.967034], [-74.997721, 39.967013], [-74.998074, 39.967035], [-74.998394, 39.967155], [-74.998614, 39.967311], [-74.998758, 39.967501], [-74.998939, 39.967941], [-74.999059, 39.968105], [-74.999225, 39.96824], [-74.999411, 39.968323], [-74.999731, 39.968343], [-75, 39.968283], [-75.000311, 39.968104], [-75.000838, 39.967692], [-75.001191, 39.967503], [-75.001446, 39.967474], [-75.001622, 39.967523], [-75.001812, 39.9677], [-75.002096, 39.968234], [-75.002279, 39.968711], [-75.002247, 39.968883], [-75.002139, 39.968962], [-75.001488, 39.969177], [-75.00141, 39.96939], [-75.001479, 39.969506], [-75.001702, 39.969689], [-75.00196, 39.969844], [-75.002077, 39.969971], [-75.002286, 39.970289], [-75.002408, 39.97057], [-75.00249, 39.970681], [-75.002756, 39.970871], [-75.003144, 39.971054], [-75.003393, 39.971255], [-75.003498, 39.971435], [-75.003606, 39.971848], [-75.003748, 39.972017], [-75.003931, 39.972162], [-75.004239, 39.972287], [-75.00479, 39.972371], [-75.005054, 39.972465], [-75.005243, 39.97263], [-75.005403, 39.97303], [-75.007618, 39.972139], [-75.007734, 39.972095], [-75.008918, 39.97162], [-75.010367, 39.97104], [-75.012339, 39.970251], [-75.016371, 39.968608], [-75.018153, 39.967882], [-75.019253, 39.967434], [-75.020115, 39.968077], [-75.020165, 39.968302], [-75.020042, 39.968427], [-75.019768, 39.968584], [-75.019663, 39.968702], [-75.019606, 39.968866], [-75.019695, 39.969086], [-75.019842, 39.969253], [-75.019866, 39.969361], [-75.019737, 39.969484], [-75.019561, 39.969502], [-75.01897, 39.969397], [-75.018022, 39.969344], [-75.017578, 39.969371], [-75.01734, 39.969472], [-75.016791, 39.969831], [-75.016413, 39.970047], [-75.016197, 39.97014], [-75.01604, 39.97033], [-75.016144, 39.970737], [-75.016274, 39.970985], [-75.016456, 39.971264], [-75.016503, 39.971421], [-75.016424, 39.971757], [-75.01607, 39.972382], [-75.01599, 39.97259], [-75.016018, 39.972835], [-75.01627, 39.973019], [-75.016512, 39.973098], [-75.017317, 39.973299], [-75.017536, 39.973419], [-75.017615, 39.973588], [-75.017618, 39.973826], [-75.017609, 39.973999], [-75.017594, 39.974202], [-75.017571, 39.974384], [-75.017566, 39.974412], [-75.017537, 39.974518], [-75.017488, 39.974615], [-75.017446, 39.97467], [-75.017382, 39.974728], [-75.01731, 39.974763], [-75.017233, 39.974784], [-75.017154, 39.974787], [-75.017108, 39.974782], [-75.017028, 39.974775], [-75.016871, 39.974718], [-75.016716, 39.974633], [-75.016624, 39.974569], [-75.016523, 39.974472], [-75.016447, 39.974377], [-75.016404, 39.974299], [-75.016384, 39.974217], [-75.016377, 39.974124], [-75.016389, 39.973989], [-75.016389, 39.973906], [-75.016362, 39.973819], [-75.016342, 39.973782], [-75.016273, 39.97373], [-75.016221, 39.973707], [-75.016136, 39.97369], [-75.016036, 39.973691], [-75.015945, 39.973706], [-75.015867, 39.973734], [-75.015773, 39.973782], [-75.015689, 39.973835], [-75.015618, 39.973893], [-75.015459, 39.974048], [-75.015264, 39.974248], [-75.015213, 39.974296], [-75.015152, 39.974349], [-75.015103, 39.974385], [-75.015079, 39.974419], [-75.01506, 39.974441], [-75.015041, 39.974474], [-75.015016, 39.974528], [-75.014889, 39.974738], [-75.015542, 39.975939], [-75.015527, 39.976058], [-75.014192, 39.976521], [-75.012949, 39.97794], [-75.012801, 39.978014], [-75.012426, 39.978215], [-75.012185, 39.978607], [-75.011817, 39.978789], [-75.011396, 39.978922], [-75.011063, 39.979074], [-75.010765, 39.979304], [-75.010497, 39.979437], [-75.010146, 39.979768], [-75.010246, 39.979937], [-75.010354, 39.979996], [-75.010693, 39.980089], [-75.011187, 39.980111], [-75.01207, 39.980045], [-75.012421, 39.979995], [-75.012958, 39.980034], [-75.013468, 39.980116], [-75.013836, 39.980311], [-75.014, 39.980655], [-75.013964, 39.980725], [-75.014048, 39.980919], [-75.014025, 39.981193], [-75.013884, 39.981886], [-75.0139, 39.982161], [-75.014183, 39.982673], [-75.014399, 39.983243], [-75.01454, 39.9838], [-75.014551, 39.984212], [-75.014828, 39.98525], [-75.014941, 39.985354], [-75.015529, 39.985698], [-75.016178, 39.986024], [-75.01749, 39.986327], [-75.018192, 39.986695], [-75.018362, 39.987268], [-75.018164, 39.988064], [-75.018387, 39.988954], [-75.018744, 39.989448], [-75.019362, 39.989888], [-75.02033, 39.990396], [-75.02075, 39.990392], [-75.021309, 39.990106], [-75.02203, 39.989993], [-75.023239, 39.990557], [-75.024542, 39.990674], [-75.025313, 39.990978], [-75.025764, 39.991734], [-75.026184, 39.992822], [-75.027353, 39.993589], [-75.028134, 39.99279], [-75.02815, 39.992639], [-75.028394, 39.991944], [-75.031105, 39.99193], [-75.030782, 39.993234], [-75.029502, 39.993708], [-75.029383, 39.993789], [-75.028834, 39.994089], [-75.027501, 39.994755], [-75.021096, 39.995412], [-75.018902, 39.99633], [-75.01573, 39.997573], [-75.014627, 39.998037], [-75.014019, 39.998289], [-75.012893, 39.998771], [-75.014611, 39.999564], [-75.014366, 39.999713], [-75.013254, 40.000357], [-75.012062, 40.001101], [-75.011332, 40.001902], [-75.01076, 40.002773], [-75.010441, 40.003249], [-75.012546, 40.004227], [-75.014668, 40.005209], [-75.0172, 40.006375], [-75.017366, 40.006456], [-75.017515, 40.006528], [-75.019339, 40.007415], [-75.020808, 40.008113], [-75.021858, 40.008613], [-75.023958, 40.009613], [-75.024028, 40.009581], [-75.024789, 40.010352], [-75.025697, 40.011248], [-75.025955, 40.011582], [-75.030583, 40.016194], [-75.031914, 40.015831], [-75.038287, 40.013831], [-75.04297, 40.011998], [-75.04709, 40.009941], [-75.049902, 40.007217], [-75.053405, 40.004568], [-75.0567, 39.999331], [-75.058089, 39.997404], [-75.058502, 39.994801], [-75.059913, 39.991529], [-75.064175, 39.986027], [-75.065652, 39.984728], [-75.065748, 39.984643], [-75.068593, 39.982388], [-75.071264, 39.980493], [-75.075605, 39.978041], [-75.0802, 39.97702], [-75.085831, 39.975102], [-75.090861, 39.974744], [-75.096372, 39.973981], [-75.102287, 39.972377], [-75.108089, 39.970332], [-75.114286, 39.967744], [-75.119491, 39.965372], [-75.123821, 39.962744], [-75.125701, 39.961823], [-75.130591, 39.958608], [-75.133698, 39.95462], [-75.13434, 39.952974], [-75.134386, 39.952857], [-75.135239, 39.950677], [-75.136078, 39.944969], [-75.136268, 39.943282], [-75.136177, 39.936548], [-75.136151, 39.932974], [-75.135527, 39.92916], [-75.134896, 39.927351], [-75.134484, 39.926168], [-75.13035, 39.917404], [-75.129342, 39.9159], [-75.128253, 39.913164], [-75.128537, 39.909095], [-75.128887, 39.907446], [-75.129515, 39.905302], [-75.12956, 39.90518], [-75.130054, 39.90239], [-75.13081, 39.900363], [-75.131919, 39.898288], [-75.134696, 39.894614], [-75.137296, 39.889966], [-75.139832, 39.888317], [-75.143746, 39.884998], [-75.145626, 39.884502], [-75.147366, 39.883921], [-75.150653, 39.883504], [-75.162872, 39.882649], [-75.180112, 39.882197], [-75.185735, 39.881607], [-75.188821, 39.880814], [-75.192738, 39.879006], [-75.195361, 39.877276], [-75.199941, 39.873182], [-75.204087, 39.871204], [-75.211463, 39.867004], [-75.221371, 39.861543], [-75.222936, 39.8609], [-75.229825, 39.858193], [-75.234718, 39.856732], [-75.246149, 39.853982], [-75.256762, 39.851934], [-75.253857, 39.847824], [-75.251505, 39.844527], [-75.24908, 39.84516], [-75.248127, 39.843835], [-75.247947, 39.843584], [-75.247129, 39.842453], [-75.247506, 39.841717], [-75.245501, 39.838912], [-75.245667, 39.837448], [-75.245987, 39.836085], [-75.246193, 39.835219], [-75.246261, 39.834399], [-75.246287, 39.834277], [-75.24761, 39.833927], [-75.249418, 39.834317], [-75.249772, 39.833377], [-75.252527, 39.83265], [-75.256122, 39.826206], [-75.254873, 39.826389], [-75.253892, 39.826053], [-75.252951, 39.825699], [-75.251996, 39.82535], [-75.250977, 39.824969], [-75.250796, 39.824893], [-75.250044, 39.82462], [-75.24947, 39.824387], [-75.249113, 39.824262], [-75.245242, 39.822873], [-75.243439, 39.82221], [-75.242707, 39.821941], [-75.239091, 39.820644], [-75.238793, 39.820537], [-75.236179, 39.819572], [-75.236726, 39.819545], [-75.241716, 39.819307], [-75.242234, 39.819283], [-75.242995, 39.819245], [-75.251067, 39.818835], [-75.251547, 39.818508], [-75.253681, 39.817097], [-75.255361, 39.815973], [-75.255842, 39.815643], [-75.257235, 39.814681], [-75.257426, 39.814549], [-75.257664, 39.814363], [-75.258638, 39.813629], [-75.260178, 39.812587], [-75.267107, 39.807929], [-75.256595, 39.801594], [-75.255202, 39.800756], [-75.254238, 39.800175], [-75.251998, 39.798824], [-75.249615, 39.797433], [-75.246582, 39.795619], [-75.245442, 39.794928], [-75.244035, 39.795931], [-75.245802, 39.797624], [-75.248049, 39.798982], [-75.247678, 39.799346], [-75.247134, 39.799767], [-75.24606, 39.800297], [-75.245549, 39.799646], [-75.245247, 39.799258], [-75.244651, 39.799673], [-75.242762, 39.800569], [-75.241522, 39.799932], [-75.240278, 39.801173], [-75.241099, 39.802064], [-75.237778, 39.804212], [-75.234957, 39.80601], [-75.232315, 39.807628], [-75.23033, 39.807767], [-75.22933, 39.8048], [-75.227145, 39.802628], [-75.226969, 39.802465], [-75.235964, 39.797935], [-75.23175, 39.797276], [-75.228497, 39.796176], [-75.231802, 39.793901], [-75.225563, 39.783273], [-75.218289, 39.787346], [-75.206738, 39.793889], [-75.206588, 39.793975], [-75.199404, 39.798021], [-75.199295, 39.797918], [-75.19786, 39.796576], [-75.196015, 39.794884], [-75.193835, 39.792767], [-75.198354, 39.788229], [-75.20044, 39.786135], [-75.207695, 39.778944], [-75.212515, 39.774215], [-75.216237, 39.770571], [-75.217504, 39.769333], [-75.220481, 39.766413], [-75.223753, 39.763207], [-75.226008, 39.760995], [-75.229017, 39.758058], [-75.222662, 39.757541], [-75.212653, 39.756745], [-75.209218, 39.756375], [-75.20354, 39.752952], [-75.20303, 39.752648], [-75.195105, 39.747957], [-75.193472, 39.746985], [-75.184868, 39.741874], [-75.18005, 39.739057], [-75.174181, 39.735605], [-75.167619, 39.731708], [-75.164654, 39.729912], [-75.158875, 39.726404], [-75.15694, 39.725229], [-75.153192, 39.723045], [-75.152861, 39.722846], [-75.139513, 39.715024], [-75.142213, 39.71218], [-75.146672, 39.707477], [-75.151075, 39.702837], [-75.151595, 39.70229], [-75.152607, 39.701223], [-75.15493, 39.698773], [-75.159013, 39.694477], [-75.167545, 39.685468], [-75.165198, 39.684832], [-75.161364, 39.684441], [-75.157963, 39.685914], [-75.154443, 39.687768], [-75.152704, 39.689418], [-75.148469, 39.691981], [-75.14025, 39.692616], [-75.139368, 39.692686], [-75.134555, 39.693067], [-75.13088, 39.693347], [-75.126535, 39.693677], [-75.115121, 39.694624], [-75.113841, 39.694609], [-75.11331, 39.693982], [-75.112361, 39.691639], [-75.108615, 39.682507], [-75.107573, 39.679937], [-75.106974, 39.679907], [-75.105226, 39.6798], [-75.103438, 39.679702], [-75.101525, 39.679573], [-75.099632, 39.679439], [-75.097475, 39.679294], [-75.092664, 39.679262], [-75.085401, 39.678933], [-75.068943, 39.678202], [-75.060082, 39.677815], [-75.053492, 39.677529], [-75.052244, 39.676679], [-75.047685, 39.673577], [-75.04482, 39.67163], [-75.042279, 39.669897], [-75.031669, 39.662675], [-75.025167, 39.658134], [-75.018818, 39.653698], [-75.014393, 39.650611], [-75.013145, 39.649743], [-75.006246, 39.644927], [-75.004704, 39.643848], [-74.995762, 39.637601], [-74.990232, 39.633704], [-74.986244, 39.630886], [-74.983318, 39.628811], [-74.98146, 39.627499], [-74.970431, 39.619688], [-74.970039, 39.619411], [-74.968008, 39.617973], [-74.959498, 39.611949], [-74.95721, 39.610339], [-74.941496, 39.599352], [-74.936219, 39.595557], [-74.927247, 39.589063], [-74.925934, 39.588121], [-74.912789, 39.579082], [-74.911882, 39.578462], [-74.910638, 39.579534], [-74.906815, 39.582835], [-74.905625, 39.583865], [-74.903785, 39.585451], [-74.903182, 39.585974], [-74.902606, 39.586468], [-74.89814, 39.590326], [-74.89663, 39.59163], [-74.885945, 39.600859], [-74.885429, 39.601301], [-74.88443, 39.602166], [-74.88338, 39.603071], [-74.882986, 39.603416], [-74.882515, 39.603824], [-74.882455, 39.603873], [-74.880893, 39.60522], [-74.880508, 39.605563], [-74.878994, 39.606858], [-74.87726, 39.608352], [-74.862684, 39.620929], [-74.859173, 39.623958], [-74.858433, 39.624597], [-74.852511, 39.629695], [-74.851934, 39.630196], [-74.85176, 39.630344], [-74.847962, 39.633617], [-74.845609, 39.635635], [-74.840686, 39.639884], [-74.836716, 39.643308], [-74.829463, 39.649557], [-74.82915, 39.64982], [-74.828373, 39.650496], [-74.827642, 39.651126], [-74.822433, 39.655599], [-74.820638, 39.657156], [-74.813282, 39.663489], [-74.811535, 39.665], [-74.803208, 39.672171], [-74.800587, 39.674428], [-74.800087, 39.674864], [-74.795995, 39.678381], [-74.78928, 39.684154], [-74.786154, 39.686845], [-74.781293, 39.691022], [-74.778088, 39.693778], [-74.77801, 39.693849], [-74.777769, 39.694056], [-74.777701, 39.694116], [-74.77749, 39.694295], [-74.771961, 39.699051], [-74.768042, 39.702421], [-74.750876, 39.717182], [-74.74929, 39.718543], [-74.737648, 39.728547], [-74.736216, 39.729775], [-74.738405, 39.731166], [-74.739312, 39.731742], [-74.751528, 39.739505], [-74.755735, 39.742179], [-74.756131, 39.742049], [-74.756634, 39.742172], [-74.756786, 39.742392], [-74.757161, 39.742985], [-74.757612, 39.74374], [-74.759664, 39.742418], [-74.761026, 39.743974], [-74.763937, 39.74548], [-74.764067, 39.745854], [-74.764552, 39.746133], [-74.764789, 39.74613], [-74.765096, 39.746069], [-74.765128, 39.746065], [-74.765163, 39.746061], [-74.765194, 39.74606], [-74.765244, 39.746065], [-74.765281, 39.746073], [-74.765327, 39.746093], [-74.76543, 39.74618], [-74.765506, 39.746261], [-74.765592, 39.746319], [-74.768332, 39.748634], [-74.768307, 39.749558], [-74.77209, 39.750436], [-74.77382, 39.752384], [-74.773723, 39.75351], [-74.77503, 39.754312], [-74.774991, 39.756401], [-74.776937, 39.75779], [-74.779924, 39.75813], [-74.781204, 39.758587], [-74.782508, 39.760037], [-74.782403, 39.761377], [-74.78376, 39.762451], [-74.78362, 39.763722], [-74.784916, 39.764527], [-74.785142, 39.765616], [-74.786738, 39.765974], [-74.78792, 39.7669], [-74.789055, 39.769308], [-74.790096, 39.769725], [-74.790724, 39.771303], [-74.792875, 39.77262], [-74.79532, 39.773609], [-74.795499, 39.7747], [-74.79676, 39.775713], [-74.798148, 39.775721], [-74.79904, 39.776543], [-74.798692, 39.77731], [-74.799687, 39.778021], [-74.801134, 39.778874], [-74.802416, 39.780323], [-74.804185, 39.781095], [-74.8061, 39.783013], [-74.81043, 39.784822], [-74.814506, 39.785507], [-74.817983, 39.786022], [-74.819419, 39.788001], [-74.82271, 39.78818], [-74.82763, 39.789173], [-74.828252, 39.788749], [-74.830539, 39.788625], [-74.832973, 39.789169], [-74.835295, 39.788957], [-74.837067, 39.789585], [-74.839116, 39.78916], [-74.843208, 39.789919], [-74.847508, 39.788879], [-74.848125, 39.787888], [-74.849031, 39.788804], [-74.851449, 39.788602], [-74.854018, 39.78706], [-74.85578, 39.787295], [-74.85644, 39.786676], [-74.860236, 39.785901], [-74.863384, 39.785634], [-74.866531, 39.784867], [-74.869482, 39.784334], [-74.870305, 39.783633], [-74.874087, 39.782474], [-74.876185, 39.781459], [-74.878936, 39.78163], [-74.882911, 39.781999], [-74.887041, 39.781746], [-74.889755, 39.781973], [-74.894755, 39.783283], [-74.895791, 39.784379], [-74.896104, 39.785709], [-74.898223, 39.787582], [-74.898633, 39.789693], [-74.902368, 39.791041], [-74.903239, 39.792159], [-74.903957, 39.794942], [-74.904483, 39.796967], [-74.905542, 39.801055], [-74.908307, 39.809738], [-74.910071, 39.816335], [-74.911789, 39.822135], [-74.914554, 39.831469], [-74.915404, 39.834335], [-74.915864, 39.83589], [-74.917205, 39.840418], [-74.917595, 39.841732], [-74.921578, 39.855176], [-74.921726, 39.855679], [-74.921759, 39.855788], [-74.92418, 39.863998], [-74.926043, 39.869901], [-74.927211, 39.873758], [-74.927778, 39.876214], [-74.928803, 39.879643], [-74.929088, 39.880582], [-74.930745, 39.885908], [-74.93202, 39.886532], [-74.93329, 39.888084], [-74.935508, 39.889411], [-74.937525, 39.890294]], [[-74.799851, 39.735819], [-74.797189, 39.736116], [-74.799851, 39.735819], [-74.799851, 39.735819]]]]}}, {"type": "Feature", "properties": {"id": 2, "NAME": "2", "text-color": "#000000", "text-size": 16, "TotalPop": 773584, "PopDevPct": -8.6e-07, "DemPct": 0.46827066, "RepPct": 0.51849893, "WhitePct": 0.67381858, "MinorityPct": 0.32618142, "BlackPct": 0.12637696, "HispanicPct": 0.14781, "PacificPct": 0.00167327, "AsianPct": 0.04250452, "NativePct": 0.01964466, "TotalVAP": 616758, "Margin": -0.03172934, "color": "#000094", "opacity": "0.5", "year": 2022, "state": "NJ", "state-district": "NJ-02"}, "geometry": {"type": "MultiPolygon", "coordinates": [[[[-75.229017, 39.758058], [-75.226008, 39.760995], [-75.223753, 39.763207], [-75.220481, 39.766413], [-75.217504, 39.769333], [-75.216237, 39.770571], [-75.212515, 39.774215], [-75.207695, 39.778944], [-75.20044, 39.786135], [-75.198354, 39.788229], [-75.193835, 39.792767], [-75.196015, 39.794884], [-75.19786, 39.796576], [-75.199295, 39.797918], [-75.199404, 39.798021], [-75.206588, 39.793975], [-75.206738, 39.793889], [-75.218289, 39.787346], [-75.225563, 39.783273], [-75.231802, 39.793901], [-75.228497, 39.796176], [-75.23175, 39.797276], [-75.235964, 39.797935], [-75.226969, 39.802465], [-75.227145, 39.802628], [-75.22933, 39.8048], [-75.23033, 39.807767], [-75.232315, 39.807628], [-75.234957, 39.80601], [-75.237778, 39.804212], [-75.241099, 39.802064], [-75.240278, 39.801173], [-75.241522, 39.799932], [-75.242762, 39.800569], [-75.244651, 39.799673], [-75.245247, 39.799258], [-75.245549, 39.799646], [-75.24606, 39.800297], [-75.247134, 39.799767], [-75.247678, 39.799346], [-75.248049, 39.798982], [-75.245802, 39.797624], [-75.244035, 39.795931], [-75.245442, 39.794928], [-75.246582, 39.795619], [-75.249615, 39.797433], [-75.251998, 39.798824], [-75.254238, 39.800175], [-75.255202, 39.800756], [-75.256595, 39.801594], [-75.267107, 39.807929], [-75.260178, 39.812587], [-75.258638, 39.813629], [-75.257664, 39.814363], [-75.257426, 39.814549], [-75.257235, 39.814681], [-75.255842, 39.815643], [-75.255361, 39.815973], [-75.253681, 39.817097], [-75.251547, 39.818508], [-75.251067, 39.818835], [-75.242995, 39.819245], [-75.242234, 39.819283], [-75.241716, 39.819307], [-75.236726, 39.819545], [-75.236179, 39.819572], [-75.238793, 39.820537], [-75.239091, 39.820644], [-75.242707, 39.821941], [-75.243439, 39.82221], [-75.245242, 39.822873], [-75.249113, 39.824262], [-75.24947, 39.824387], [-75.250044, 39.82462], [-75.250796, 39.824893], [-75.250977, 39.824969], [-75.251996, 39.82535], [-75.252951, 39.825699], [-75.253892, 39.826053], [-75.254873, 39.826389], [-75.256122, 39.826206], [-75.252527, 39.83265], [-75.249772, 39.833377], [-75.249418, 39.834317], [-75.24761, 39.833927], [-75.246287, 39.834277], [-75.246261, 39.834399], [-75.246193, 39.835219], [-75.245987, 39.836085], [-75.245667, 39.837448], [-75.245501, 39.838912], [-75.247506, 39.841717], [-75.247129, 39.842453], [-75.247947, 39.843584], [-75.248127, 39.843835], [-75.24908, 39.84516], [-75.251505, 39.844527], [-75.253857, 39.847824], [-75.256762, 39.851934], [-75.272202, 39.849076], [-75.284709, 39.848966], [-75.293376, 39.848782], [-75.300122, 39.849248], [-75.309674, 39.850178], [-75.323231, 39.849813], [-75.330432, 39.849013], [-75.341433, 39.846112], [-75.345812, 39.844368], [-75.348512, 39.842967], [-75.353532, 39.839902], [-75.354401, 39.839917], [-75.367866, 39.830442], [-75.371176, 39.827998], [-75.382479, 39.820611], [-75.38319, 39.820284], [-75.395411, 39.812326], [-75.398417, 39.810467], [-75.409053, 39.80465], [-75.415062, 39.801919], [-75.405489, 39.796368], [-75.42677, 39.788402], [-75.436172, 39.785009], [-75.4383, 39.784402], [-75.445235, 39.779453], [-75.450293, 39.775279], [-75.450212, 39.774761], [-75.449295, 39.774436], [-75.452339, 39.769013], [-75.45944, 39.765811], [-75.462198, 39.763197], [-75.463921, 39.760763], [-75.46355, 39.757014], [-75.466235, 39.750795], [-75.46609, 39.750839], [-75.467513, 39.747657], [-75.467904, 39.746135], [-75.469396, 39.742861], [-75.470532, 39.741777], [-75.47096, 39.740312], [-75.472121, 39.739055], [-75.472876, 39.73843], [-75.475525, 39.733271], [-75.47507, 39.729683], [-75.475607, 39.728286], [-75.477147, 39.72494], [-75.476302, 39.723946], [-75.476409, 39.720709], [-75.47642, 39.720485], [-75.476326, 39.716669], [-75.47853, 39.714074], [-75.479728, 39.713665], [-75.481883, 39.713686], [-75.483625, 39.715288], [-75.486126, 39.715822], [-75.488384, 39.714708], [-75.491476, 39.710827], [-75.491475, 39.709724], [-75.493892, 39.706879], [-75.493797, 39.706146], [-75.494915, 39.704134], [-75.495621, 39.701779], [-75.496312, 39.700956], [-75.499287, 39.699449], [-75.501127, 39.699408], [-75.50336, 39.69844], [-75.506536, 39.697263], [-75.509125, 39.694479], [-75.509874, 39.693915], [-75.509163, 39.69208], [-75.50947, 39.688657], [-75.509368, 39.686424], [-75.509086, 39.685931], [-75.50918, 39.685266], [-75.509252, 39.684864], [-75.510508, 39.680381], [-75.510056, 39.679725], [-75.510875, 39.675776], [-75.51219, 39.671767], [-75.513297, 39.670581], [-75.51496, 39.667153], [-75.517228, 39.664455], [-75.518625, 39.663239], [-75.521838, 39.660988], [-75.524734, 39.657374], [-75.52729, 39.656078], [-75.526167, 39.655621], [-75.527497, 39.653402], [-75.528712, 39.652644], [-75.528877, 39.652119], [-75.531214, 39.649888], [-75.533524, 39.647557], [-75.535083, 39.646814], [-75.539111, 39.645854], [-75.541978, 39.645425], [-75.543694, 39.64305], [-75.547077, 39.639686], [-75.548347, 39.638001], [-75.551203, 39.636622], [-75.554055, 39.635745], [-75.557327, 39.632591], [-75.558773, 39.629987], [-75.559566, 39.625418], [-75.559455, 39.622314], [-75.558908, 39.618483], [-75.557898, 39.61751], [-75.557203, 39.613081], [-75.556641, 39.610934], [-75.557432, 39.609534], [-75.556974, 39.607576], [-75.555283, 39.604885], [-75.554031, 39.603818], [-75.553398, 39.601766], [-75.550877, 39.601011], [-75.550318, 39.600766], [-75.549657, 39.600232], [-75.549261, 39.599737], [-75.548882, 39.599696], [-75.548144, 39.599325], [-75.547369, 39.598778], [-75.547126, 39.598259], [-75.545934, 39.597251], [-75.542903, 39.59513], [-75.542146, 39.594519], [-75.540397, 39.59432], [-75.538145, 39.593875], [-75.537375, 39.593532], [-75.537244, 39.593285], [-75.536941, 39.591872], [-75.534216, 39.590342], [-75.533968, 39.589615], [-75.532322, 39.589147], [-75.531312, 39.588434], [-75.530493, 39.5868], [-75.529309, 39.58608], [-75.527693, 39.584112], [-75.524611, 39.584137], [-75.523132, 39.583791], [-75.522055, 39.583423], [-75.520837, 39.583286], [-75.520619, 39.583499], [-75.520213, 39.583304], [-75.519575, 39.583307], [-75.51912, 39.583075], [-75.518065, 39.58284], [-75.516896, 39.581955], [-75.516502, 39.581754], [-75.516238, 39.581218], [-75.515685, 39.580905], [-75.515319, 39.581186], [-75.514658, 39.580788], [-75.514316, 39.580087], [-75.514189, 39.579348], [-75.513775, 39.57916], [-75.51287, 39.57836], [-75.512073, 39.569453], [-75.512171, 39.567009], [-75.514662, 39.562659], [-75.515007, 39.562612], [-75.515674, 39.561435], [-75.516033, 39.560655], [-75.51677, 39.559434], [-75.517814, 39.557457], [-75.518144, 39.556684], [-75.519068, 39.555434], [-75.521364, 39.552914], [-75.522495, 39.551815], [-75.524107, 39.550373], [-75.524736, 39.549659], [-75.526003, 39.548488], [-75.527028, 39.547655], [-75.530193, 39.545262], [-75.530348, 39.54506], [-75.532342, 39.54328], [-75.533412, 39.542044], [-75.534014, 39.540702], [-75.533975, 39.540218], [-75.533285, 39.539208], [-75.532617, 39.538102], [-75.531968, 39.537165], [-75.531575, 39.536825], [-75.530953, 39.536564], [-75.529821, 39.536318], [-75.527799, 39.535364], [-75.527499, 39.534972], [-75.52733, 39.534189], [-75.527379, 39.533222], [-75.527496, 39.532715], [-75.527374, 39.532288], [-75.526919, 39.531891], [-75.526787, 39.53144], [-75.526671, 39.530215], [-75.526771, 39.529215], [-75.526921, 39.528612], [-75.52673, 39.527693], [-75.526654, 39.526638], [-75.526889, 39.525559], [-75.527121, 39.525093], [-75.527167, 39.524505], [-75.527079, 39.523707], [-75.527598, 39.522551], [-75.527926, 39.521634], [-75.528007, 39.520425], [-75.528214, 39.51929], [-75.528264, 39.518082], [-75.527394, 39.517443], [-75.527358, 39.516846], [-75.527522, 39.515614], [-75.528309, 39.514651], [-75.528971, 39.513663], [-75.529741, 39.51204], [-75.530022, 39.510414], [-75.530002, 39.505993], [-75.530141, 39.505373], [-75.530051, 39.504817], [-75.5294, 39.502842], [-75.529368, 39.501229], [-75.528019, 39.500414], [-75.526823, 39.499411], [-75.527795, 39.498346], [-75.527861, 39.498139], [-75.538384, 39.496942], [-75.542606, 39.496574], [-75.547262, 39.496215], [-75.55909, 39.495806], [-75.563586, 39.483048], [-75.560485, 39.456845], [-75.560538, 39.455645], [-75.555465, 39.451321], [-75.531125, 39.430197], [-75.48764, 39.392844], [-75.48136, 39.387555], [-75.471189, 39.375021], [-75.469436, 39.373147], [-75.444751, 39.355089], [-75.42007, 39.333884], [-75.40182, 39.318286], [-75.38113, 39.300845], [-75.346518, 39.272489], [-75.332356, 39.260805], [-75.321021, 39.251379], [-75.300521, 39.225274], [-75.249017, 39.158945], [-75.248151, 39.157766], [-75.236967, 39.141472], [-75.224, 39.123053], [-75.219075, 39.115947], [-75.191671, 39.079], [-75.179779, 39.067398], [-75.168462, 39.056179], [-75.142827, 39.011487], [-75.138461, 39.002697], [-75.134653, 38.997572], [-75.124627, 38.97959], [-75.11465, 38.962271], [-75.075728, 38.894434], [-75.064769, 38.875112], [-75.06412, 38.87433], [-75.048958, 38.847865], [-75.016109, 38.79053], [-75.015123, 38.788657], [-74.999621, 38.802614], [-74.999621, 38.802084], [-74.93563, 38.854797], [-74.910968, 38.875112], [-74.913366, 38.875112], [-74.907986, 38.879316], [-74.904037, 38.879725], [-74.897046, 38.881083], [-74.8898, 38.882879], [-74.882081, 38.884675], [-74.874614, 38.886774], [-74.872158, 38.887794], [-74.869226, 38.887607], [-74.864746, 38.887898], [-74.860997, 38.887916], [-74.854921, 38.888214], [-74.848633, 38.88885], [-74.840798, 38.890098], [-74.83198, 38.893031], [-74.824329, 38.896262], [-74.819303, 38.899009], [-74.815052, 38.901819], [-74.809393, 38.906957], [-74.803571, 38.913911], [-74.801012, 38.918564], [-74.800679, 38.920583], [-74.796899, 38.923088], [-74.790976, 38.927923], [-74.776513, 38.940496], [-74.773938, 38.942794], [-74.768171, 38.944971], [-74.759306, 38.948908], [-74.749608, 38.954059], [-74.743107, 38.958885], [-74.733423, 38.967658], [-74.728402, 38.974249], [-74.724883, 38.983302], [-74.72383, 38.989194], [-74.721143, 38.993196], [-74.718455, 38.997704], [-74.717412, 39.000113], [-74.720008, 39.000113], [-74.715571, 39.009216], [-74.709645, 39.014569], [-74.704444, 39.02096], [-74.695986, 39.032214], [-74.690825, 39.038939], [-74.682193, 39.049824], [-74.676621, 39.052036], [-74.668883, 39.056441], [-74.661615, 39.061284], [-74.653558, 39.068294], [-74.646874, 39.076212], [-74.642169, 39.084574], [-74.639868, 39.094653], [-74.640384, 39.102274], [-74.644279, 39.114824], [-74.637375, 39.125114], [-74.624602, 39.143133], [-74.624602, 39.14358], [-74.613235, 39.152693], [-74.603602, 39.162945], [-74.599474, 39.170918], [-74.595346, 39.177752], [-74.589841, 39.183447], [-74.583735, 39.18722], [-74.583389, 39.187857], [-74.574876, 39.199251], [-74.565241, 39.210642], [-74.555609, 39.219755], [-74.545976, 39.22659], [-74.533591, 39.234565], [-74.523958, 39.24026], [-74.518454, 39.245955], [-74.51295, 39.253928], [-74.512004, 39.255757], [-74.511308, 39.255758], [-74.509761, 39.259622], [-74.508471, 39.260971], [-74.500213, 39.266667], [-74.491066, 39.274068], [-74.490819, 39.27395], [-74.489699, 39.277301], [-74.486947, 39.279579], [-74.482818, 39.284135], [-74.477314, 39.288692], [-74.469058, 39.294387], [-74.46493, 39.29823], [-74.461615, 39.301023], [-74.457714, 39.302411], [-74.453375, 39.303115], [-74.430601, 39.308356], [-74.411399, 39.309666], [-74.392196, 39.312286], [-74.374591, 39.317526], [-74.368754, 39.320681], [-74.362513, 39.325781], [-74.357437, 39.331684], [-74.354659, 39.335407], [-74.351179, 39.342716], [-74.350047, 39.345768], [-74.344239, 39.348687], [-74.33613, 39.35449], [-74.325415, 39.362339], [-74.315215, 39.371528], [-74.311135, 39.375117], [-74.287271, 39.398252], [-74.265918, 39.422415], [-74.249585, 39.4526], [-74.232062, 39.475198], [-74.212742, 39.500117], [-74.21118, 39.500117], [-74.183189, 39.532994], [-74.153431, 39.574811], [-74.12458, 39.615139], [-74.116404, 39.625119], [-74.11132, 39.631565], [-74.096531, 39.649949], [-74.083316, 39.669562], [-74.070688, 39.691253], [-74.062195, 39.707035], [-74.049489, 39.723785], [-74.043863, 39.736353], [-74.038158, 39.75012], [-74.034615, 39.762427], [-74.033079, 39.770019], [-74.030482, 39.786682], [-74.02766, 39.806504], [-74.024785, 39.829586], [-74.022336, 39.855761], [-74.019899, 39.875119], [-73.999577, 39.976798], [-73.99268, 40.000117], [-73.98918, 40.013324], [-73.986029, 40.021126], [-73.973291, 40.075142], [-73.970366, 40.080766], [-73.966145, 40.090577], [-73.965414, 40.097642], [-73.999579, 40.097662], [-74.007179, 40.097715], [-74.02788, 40.099215], [-74.029107, 40.099769], [-74.031337, 40.100789], [-74.031716, 40.100974], [-74.031318, 40.100541], [-74.03268, 40.100415], [-74.033546, 40.099518], [-74.03609, 40.09274], [-74.038318, 40.085343], [-74.039421, 40.081437], [-74.040694, 40.075559], [-74.042182, 40.06869], [-74.042728, 40.067524], [-74.043541, 40.061906], [-74.044497, 40.057545], [-74.045265, 40.055055], [-74.04588, 40.051116], [-74.048459, 40.041723], [-74.050181, 40.036755], [-74.051751, 40.028928], [-74.052123, 40.026526], [-74.053489, 40.020182], [-74.054542, 40.01681], [-74.055214, 40.013743], [-74.05638, 40.011214], [-74.057017, 40.007817], [-74.057624, 40.005928], [-74.058579, 40.001221], [-74.058784, 39.999369], [-74.060035, 39.995185], [-74.0616, 39.988549], [-74.063623, 39.980099], [-74.065134, 39.973998], [-74.065787, 39.969293], [-74.066071, 39.967049], [-74.066893, 39.963297], [-74.067166, 39.959237], [-74.067478, 39.956449], [-74.067643, 39.955732], [-74.067777, 39.955032], [-74.06858, 39.94813], [-74.068626, 39.946346], [-74.069435, 39.943569], [-74.067848, 39.942829], [-74.068077, 39.941921], [-74.069572, 39.942028], [-74.069786, 39.940571], [-74.070599, 39.939582], [-74.070882, 39.936757], [-74.071804, 39.933328], [-74.071815, 39.933277], [-74.07299, 39.928005], [-74.073899, 39.924861], [-74.074718, 39.92135], [-74.076789, 39.912721], [-74.077156, 39.912758], [-74.077246, 39.91277], [-74.079947, 39.913049], [-74.080016, 39.913058], [-74.08236, 39.913317], [-74.084819, 39.91356], [-74.085809, 39.913799], [-74.098855, 39.91544], [-74.098229, 39.919109], [-74.096956, 39.926034], [-74.096047, 39.93098], [-74.095925, 39.93404], [-74.096352, 39.937748], [-74.096337, 39.94009], [-74.096641, 39.940605], [-74.096947, 39.941474], [-74.111244, 39.938258], [-74.124112, 39.935362], [-74.124218, 39.928914], [-74.124087, 39.928804], [-74.123819, 39.928537], [-74.123852, 39.927831], [-74.123884, 39.927141], [-74.123948, 39.925768], [-74.12398, 39.925088], [-74.124012, 39.924403], [-74.124043, 39.923724], [-74.124076, 39.923017], [-74.124534, 39.923127], [-74.129124, 39.9234], [-74.13145, 39.923467], [-74.136077, 39.923601], [-74.138368, 39.923666], [-74.140277, 39.923721], [-74.140771, 39.923048], [-74.143169, 39.923118], [-74.147078, 39.923231], [-74.147093, 39.923482], [-74.147539, 39.922952], [-74.149102, 39.922613], [-74.153878, 39.921566], [-74.15398, 39.920066], [-74.15406, 39.917787], [-74.154536, 39.916108], [-74.154655, 39.916079], [-74.154566, 39.913233], [-74.160006, 39.913583], [-74.161216, 39.913655], [-74.162528, 39.913761], [-74.162706, 39.913049], [-74.162811, 39.912639], [-74.166329, 39.913485], [-74.170967, 39.914685], [-74.171553, 39.912943], [-74.170467, 39.911819], [-74.169334, 39.911288], [-74.16866, 39.911167], [-74.165961, 39.91048], [-74.165106, 39.91026], [-74.163689, 39.909899], [-74.161476, 39.909321], [-74.162293, 39.910819], [-74.16064, 39.910393], [-74.160371, 39.911051], [-74.160226, 39.911527], [-74.156856, 39.910627], [-74.157323, 39.909618], [-74.158597, 39.906953], [-74.161475, 39.907645], [-74.164974, 39.9087], [-74.168668, 39.909493], [-74.169244, 39.908529], [-74.169869, 39.908144], [-74.168835, 39.907864], [-74.169081, 39.90744], [-74.17061, 39.90784], [-74.170971, 39.907113], [-74.170831, 39.906271], [-74.170949, 39.905636], [-74.170972, 39.904772], [-74.173359, 39.904568], [-74.174679, 39.904396], [-74.174786, 39.90447], [-74.173763, 39.901622], [-74.173674, 39.899528], [-74.173583, 39.895727], [-74.173482, 39.890714], [-74.17339, 39.886792], [-74.173598, 39.885646], [-74.173423, 39.877378], [-74.173676, 39.871076], [-74.172801, 39.870108], [-74.171622, 39.87024], [-74.171598, 39.869464], [-74.168762, 39.867801], [-74.167547, 39.867302], [-74.166434, 39.867387], [-74.166128, 39.867916], [-74.16614, 39.86854], [-74.165681, 39.869161], [-74.165357, 39.869107], [-74.164128, 39.868775], [-74.164024, 39.868213], [-74.163344, 39.868252], [-74.162916, 39.86843], [-74.162807, 39.868993], [-74.162576, 39.869277], [-74.16276, 39.870051], [-74.162767, 39.870083], [-74.162716, 39.870187], [-74.162684, 39.870254], [-74.162651, 39.87032], [-74.162447, 39.87052], [-74.160117, 39.869496], [-74.15798, 39.869473], [-74.155337, 39.8704], [-74.153124, 39.870397], [-74.147696, 39.869588], [-74.142444, 39.869335], [-74.140135, 39.869514], [-74.133965, 39.870514], [-74.131059, 39.871288], [-74.125929, 39.872658], [-74.12076, 39.873542], [-74.113468, 39.874165], [-74.10784, 39.87432], [-74.094252, 39.874893], [-74.087462, 39.87518], [-74.087302, 39.874512], [-74.087536, 39.872504], [-74.087668, 39.872466], [-74.087562, 39.871725], [-74.087331, 39.871798], [-74.087223, 39.871177], [-74.087486, 39.869757], [-74.087527, 39.868746], [-74.087156, 39.867721], [-74.087694, 39.866441], [-74.087948, 39.866146], [-74.087905, 39.865859], [-74.088283, 39.865681], [-74.088618, 39.865021], [-74.088627, 39.864589], [-74.089055, 39.864075], [-74.0894, 39.863021], [-74.08906, 39.862025], [-74.0883, 39.861332], [-74.087844, 39.860424], [-74.088168, 39.859154], [-74.088875, 39.858091], [-74.08929, 39.857907], [-74.089752, 39.857404], [-74.090008, 39.85685], [-74.089759, 39.856306], [-74.089463, 39.855113], [-74.08943, 39.853942], [-74.089575, 39.85347], [-74.089905, 39.853139], [-74.089798, 39.852845], [-74.089424, 39.852627], [-74.089239, 39.851998], [-74.090095, 39.851571], [-74.090396, 39.851096], [-74.090037, 39.85078], [-74.090122, 39.8502], [-74.0905, 39.849146], [-74.091016, 39.848103], [-74.091335, 39.847983], [-74.091223, 39.847554], [-74.091331, 39.846972], [-74.09101, 39.845625], [-74.090118, 39.844975], [-74.090284, 39.84403], [-74.091527, 39.842691], [-74.092137, 39.841752], [-74.092131, 39.841219], [-74.09229, 39.840505], [-74.092584, 39.839791], [-74.092343, 39.839263], [-74.09211, 39.838136], [-74.091769, 39.837663], [-74.091552, 39.836689], [-74.091246, 39.836013], [-74.091874, 39.833807], [-74.091666, 39.833829], [-74.09191, 39.833353], [-74.092014, 39.831466], [-74.091719, 39.830359], [-74.091927, 39.830442], [-74.092104, 39.829651], [-74.092517, 39.82898], [-74.092581, 39.828509], [-74.092882, 39.827958], [-74.093085, 39.826887], [-74.093069, 39.826395], [-74.093144, 39.825443], [-74.093518, 39.824838], [-74.093799, 39.823042], [-74.094214, 39.822158], [-74.094732, 39.821453], [-74.094791, 39.82069], [-74.094689, 39.820129], [-74.094808, 39.818999], [-74.095169, 39.816864], [-74.095718, 39.815445], [-74.095711, 39.815164], [-74.096063, 39.814622], [-74.096329, 39.813693], [-74.096743, 39.81326], [-74.096841, 39.812246], [-74.097038, 39.811606], [-74.096802, 39.810681], [-74.096433, 39.809969], [-74.096413, 39.809346], [-74.096208, 39.808579], [-74.096252, 39.807974], [-74.096654, 39.806656], [-74.097549, 39.805596], [-74.098187, 39.805222], [-74.098625, 39.804366], [-74.099494, 39.804015], [-74.099875, 39.803004], [-74.100261, 39.802796], [-74.100738, 39.802742], [-74.100484, 39.802566], [-74.101305, 39.801534], [-74.101789, 39.801106], [-74.102554, 39.800739], [-74.102753, 39.800311], [-74.103382, 39.799531], [-74.103446, 39.798725], [-74.103318, 39.79829], [-74.103432, 39.79798], [-74.102891, 39.797375], [-74.102864, 39.796372], [-74.107854, 39.797431], [-74.130074, 39.802388], [-74.163147, 39.809641], [-74.170488, 39.811183], [-74.171432, 39.810921], [-74.172432, 39.810443], [-74.173623, 39.810386], [-74.174678, 39.810022], [-74.175346, 39.809619], [-74.176233, 39.809634], [-74.177204, 39.809384], [-74.179084, 39.809334], [-74.18086, 39.809493], [-74.183147, 39.809588], [-74.185258, 39.809885], [-74.187107, 39.810303], [-74.18908, 39.80997], [-74.190907, 39.809735], [-74.192539, 39.810419], [-74.193388, 39.810537], [-74.193489, 39.810499], [-74.193563, 39.810464], [-74.193633, 39.810424], [-74.193697, 39.810379], [-74.193755, 39.810329], [-74.193793, 39.810295], [-74.193836, 39.810265], [-74.193884, 39.81024], [-74.193937, 39.810221], [-74.193992, 39.810208], [-74.194049, 39.810201], [-74.194104, 39.810203], [-74.194165, 39.810206], [-74.19422, 39.810218], [-74.194273, 39.810236], [-74.194323, 39.81026], [-74.194352, 39.810278], [-74.194603, 39.810504], [-74.194743, 39.810629], [-74.194783, 39.810655], [-74.194828, 39.810677], [-74.194877, 39.810693], [-74.194928, 39.810704], [-74.194981, 39.810708], [-74.195034, 39.810706], [-74.195086, 39.810699], [-74.195136, 39.810685], [-74.195156, 39.810681], [-74.195175, 39.810679], [-74.195197, 39.81068], [-74.195217, 39.810684], [-74.195236, 39.81069], [-74.195253, 39.810698], [-74.195268, 39.810709], [-74.195281, 39.810721], [-74.195291, 39.810735], [-74.195298, 39.81075], [-74.195302, 39.810765], [-74.195302, 39.810781], [-74.195298, 39.810797], [-74.195292, 39.810812], [-74.195286, 39.810831], [-74.195285, 39.810851], [-74.195288, 39.81087], [-74.195296, 39.810889], [-74.195307, 39.810907], [-74.195322, 39.810923], [-74.19534, 39.810937], [-74.19536, 39.810948], [-74.195383, 39.810957], [-74.195408, 39.810962], [-74.195433, 39.810965], [-74.195459, 39.810964], [-74.195484, 39.81096], [-74.195621, 39.810935], [-74.195653, 39.810926], [-74.195687, 39.810921], [-74.195721, 39.81092], [-74.195761, 39.810924], [-74.1958, 39.810933], [-74.195962, 39.810984], [-74.195997, 39.810994], [-74.196034, 39.811], [-74.196071, 39.811], [-74.196108, 39.810996], [-74.196144, 39.810988], [-74.196177, 39.810974], [-74.196201, 39.810963], [-74.196226, 39.810954], [-74.196253, 39.810948], [-74.196281, 39.810945], [-74.196309, 39.810946], [-74.196336, 39.810951], [-74.196363, 39.810958], [-74.196387, 39.810968], [-74.196402, 39.810977], [-74.196414, 39.810985], [-74.196432, 39.810998], [-74.196449, 39.811008], [-74.196469, 39.811015], [-74.196489, 39.81102], [-74.196511, 39.811022], [-74.196589, 39.811017], [-74.196667, 39.811006], [-74.196742, 39.810987], [-74.196813, 39.810962], [-74.196846, 39.810949], [-74.19688, 39.81094], [-74.196917, 39.810936], [-74.196953, 39.810936], [-74.196989, 39.810941], [-74.197024, 39.81095], [-74.197056, 39.810964], [-74.197084, 39.810982], [-74.197109, 39.811003], [-74.197128, 39.811027], [-74.197142, 39.811053], [-74.197151, 39.81108], [-74.197153, 39.811108], [-74.197157, 39.811185], [-74.197181, 39.811217], [-74.197377, 39.81142], [-74.198043, 39.811304], [-74.198135, 39.811306], [-74.198161, 39.811323], [-74.198222, 39.811374], [-74.198249, 39.811394], [-74.198289, 39.811418], [-74.198332, 39.811438], [-74.198388, 39.811457], [-74.198442, 39.811468], [-74.198506, 39.811475], [-74.198567, 39.811474], [-74.198626, 39.811466], [-74.198679, 39.811444], [-74.198729, 39.811419], [-74.198774, 39.811389], [-74.198816, 39.811356], [-74.19885, 39.811324], [-74.198882, 39.811283], [-74.198906, 39.811246], [-74.198928, 39.811202], [-74.198944, 39.811166], [-74.198952, 39.811155], [-74.198963, 39.811145], [-74.198976, 39.811136], [-74.198992, 39.811129], [-74.199006, 39.811124], [-74.199023, 39.811122], [-74.199146, 39.811114], [-74.199269, 39.811111], [-74.199392, 39.811114], [-74.199496, 39.811111], [-74.19963, 39.811104], [-74.19969, 39.81134], [-74.200033, 39.812937], [-74.201874, 39.816905], [-74.20251, 39.819757], [-74.202509, 39.81998], [-74.202515, 39.820112], [-74.202511, 39.823727], [-74.202284, 39.825624], [-74.20225, 39.825698], [-74.200438, 39.828334], [-74.199813, 39.829193], [-74.196188, 39.833959], [-74.194497, 39.835521], [-74.195068, 39.835595], [-74.196123, 39.836099], [-74.196194, 39.836187], [-74.199407, 39.839474], [-74.200608, 39.840154], [-74.201535, 39.839279], [-74.201942, 39.838999], [-74.202177, 39.839495], [-74.202889, 39.84051], [-74.203229, 39.840714], [-74.203856, 39.83957], [-74.204681, 39.83973], [-74.204349, 39.840329], [-74.203964, 39.841092], [-74.204941, 39.841236], [-74.205218, 39.840549], [-74.205889, 39.839156], [-74.206759, 39.839438], [-74.207549, 39.839653], [-74.207733, 39.838977], [-74.207787, 39.837455], [-74.208665, 39.837738], [-74.209471, 39.837994], [-74.21003, 39.836858], [-74.213871, 39.838229], [-74.212262, 39.833234], [-74.212151, 39.833009], [-74.211257, 39.829653], [-74.211576, 39.829403], [-74.216813, 39.829438], [-74.217653, 39.830075], [-74.220902, 39.830826], [-74.225283, 39.830668], [-74.226837, 39.825697], [-74.227448, 39.822437], [-74.227846, 39.818142], [-74.228508, 39.815677], [-74.230554, 39.810531], [-74.231732, 39.804007], [-74.234495, 39.803186], [-74.237069, 39.803822], [-74.240643, 39.802489], [-74.241061, 39.80314], [-74.24258, 39.803317], [-74.242995, 39.80259], [-74.245479, 39.802012], [-74.246674, 39.800151], [-74.247676, 39.800354], [-74.24885, 39.798799], [-74.250113, 39.79827], [-74.254252, 39.799672], [-74.269085, 39.805304], [-74.2756, 39.807777], [-74.278523, 39.808888], [-74.290141, 39.813296], [-74.306351, 39.819445], [-74.330692, 39.82867], [-74.331407, 39.828943], [-74.341965, 39.828232], [-74.343368, 39.828137], [-74.366005, 39.826416], [-74.378534, 39.825465], [-74.399809, 39.823888], [-74.409304, 39.823219], [-74.416891, 39.822682], [-74.415141, 39.81975], [-74.41178, 39.813381], [-74.411102, 39.812151], [-74.405767, 39.802461], [-74.394662, 39.782286], [-74.39395, 39.780987], [-74.390372, 39.77449], [-74.389708, 39.773283], [-74.389803, 39.754134], [-74.389823, 39.742204], [-74.389859, 39.739133], [-74.389919, 39.728078], [-74.38994, 39.723753], [-74.389934, 39.717613], [-74.390058, 39.700604], [-74.39009, 39.686009], [-74.390093, 39.682222], [-74.390187, 39.66679], [-74.390177, 39.66399], [-74.390311, 39.636566], [-74.390322, 39.628455], [-74.390331, 39.627049], [-74.390334, 39.626498], [-74.390206, 39.623023], [-74.390276, 39.61222], [-74.390311, 39.599753], [-74.390396, 39.596201], [-74.390541, 39.595835], [-74.391363, 39.595164], [-74.391774, 39.595009], [-74.392301, 39.59456], [-74.394132, 39.590527], [-74.394245, 39.590143], [-74.394125, 39.589631], [-74.394559, 39.589093], [-74.394885, 39.589015], [-74.395058, 39.588666], [-74.394972, 39.588288], [-74.395351, 39.587926], [-74.395201, 39.587551], [-74.395573, 39.586932], [-74.39555, 39.586661], [-74.396025, 39.586365], [-74.3961, 39.585747], [-74.396308, 39.585456], [-74.396305, 39.584853], [-74.396688, 39.584564], [-74.396614, 39.583524], [-74.396833, 39.583255], [-74.396913, 39.582203], [-74.3976, 39.581516], [-74.397815, 39.580657], [-74.397554, 39.57984], [-74.397691, 39.578721], [-74.397669, 39.577786], [-74.398025, 39.577021], [-74.39812, 39.576575], [-74.399116, 39.575178], [-74.399338, 39.574707], [-74.399872, 39.574014], [-74.399973, 39.573617], [-74.400519, 39.573322], [-74.400819, 39.572242], [-74.401449, 39.572014], [-74.403148, 39.571784], [-74.403412, 39.57154], [-74.403824, 39.57056], [-74.404371, 39.569978], [-74.405159, 39.569593], [-74.406665, 39.56929], [-74.407186, 39.569282], [-74.40844, 39.56943], [-74.408923, 39.569599], [-74.409459, 39.570454], [-74.409871, 39.570862], [-74.410395, 39.571021], [-74.411186, 39.570837], [-74.412734, 39.57022], [-74.413306, 39.57018], [-74.413844, 39.570349], [-74.415269, 39.57054], [-74.41599, 39.57046], [-74.416232, 39.570335], [-74.416467, 39.570169], [-74.417302, 39.569472], [-74.417731, 39.569206], [-74.418833, 39.568583], [-74.419041, 39.568367], [-74.419154, 39.568066], [-74.419093, 39.567829], [-74.418757, 39.56749], [-74.418326, 39.567013], [-74.418291, 39.566807], [-74.4181, 39.566277], [-74.417958, 39.565696], [-74.417785, 39.565272], [-74.417504, 39.564648], [-74.417096, 39.564112], [-74.416727, 39.563883], [-74.415967, 39.563554], [-74.415202, 39.563437], [-74.41471, 39.563236], [-74.414304, 39.562834], [-74.414097, 39.562396], [-74.41406, 39.561986], [-74.414138, 39.561613], [-74.414235, 39.561428], [-74.414398, 39.560977], [-74.414577, 39.560809], [-74.414937, 39.560406], [-74.415175, 39.560167], [-74.415954, 39.559635], [-74.41607, 39.559568], [-74.416426, 39.559318], [-74.416599, 39.559211], [-74.416992, 39.558245], [-74.417386, 39.557279], [-74.417393, 39.557255], [-74.419847, 39.557531], [-74.422053, 39.556345], [-74.425392, 39.553521], [-74.427852, 39.553164], [-74.431821, 39.555174], [-74.433931, 39.555628], [-74.435368, 39.555431], [-74.438368, 39.553519], [-74.43835, 39.551313], [-74.434255, 39.546576], [-74.433447, 39.543839], [-74.434448, 39.541958], [-74.4375, 39.541198], [-74.440876, 39.542105], [-74.442514, 39.543207], [-74.445734, 39.546352], [-74.446135, 39.549743], [-74.443566, 39.554758], [-74.443889, 39.556864], [-74.44485, 39.558078], [-74.446722, 39.559061], [-74.448646, 39.559025], [-74.450757, 39.558464], [-74.452615, 39.556915], [-74.453151, 39.555761], [-74.453322, 39.553729], [-74.453054, 39.550996], [-74.453446, 39.548573], [-74.455196, 39.547423], [-74.457308, 39.547317], [-74.459576, 39.548575], [-74.460395, 39.550416], [-74.460754, 39.554281], [-74.462086, 39.556034], [-74.462287, 39.55616], [-74.462794, 39.556382], [-74.463166, 39.556479], [-74.463615, 39.556527], [-74.464103, 39.556551], [-74.464794, 39.556535], [-74.465562, 39.55648], [-74.466261, 39.556349], [-74.466577, 39.556254], [-74.467077, 39.556068], [-74.467759, 39.555667], [-74.470763, 39.552998], [-74.471833, 39.551994], [-74.472392, 39.551618], [-74.47283, 39.551429], [-74.473247, 39.551326], [-74.473757, 39.551235], [-74.47431, 39.551214], [-74.474978, 39.551289], [-74.475335, 39.551365], [-74.475664, 39.55146], [-74.475903, 39.551581], [-74.476661, 39.552034], [-74.47729, 39.552561], [-74.477867, 39.553093], [-74.47836, 39.553687], [-74.479003, 39.554419], [-74.479613, 39.555531], [-74.480497, 39.557039], [-74.481069, 39.557594], [-74.481546, 39.557943], [-74.482016, 39.558192], [-74.482473, 39.558392], [-74.482937, 39.558536], [-74.483253, 39.558596], [-74.483813, 39.558645], [-74.484426, 39.558628], [-74.48524, 39.55853], [-74.485737, 39.558399], [-74.48635, 39.558211], [-74.486925, 39.557954], [-74.487758, 39.55745], [-74.489535, 39.55648], [-74.489959, 39.556225], [-74.490477, 39.555934], [-74.490956, 39.555742], [-74.491192, 39.555682], [-74.491902, 39.555591], [-74.492792, 39.555591], [-74.493052, 39.555627], [-74.493369, 39.555744], [-74.493623, 39.555882], [-74.493982, 39.556213], [-74.494091, 39.556409], [-74.494171, 39.556741], [-74.494271, 39.557342], [-74.494373, 39.557942], [-74.494457, 39.55856], [-74.494487, 39.559179], [-74.494443, 39.559887], [-74.494438, 39.560216], [-74.494518, 39.56063], [-74.494596, 39.56082], [-74.494868, 39.56134], [-74.495118, 39.56169], [-74.495475, 39.562027], [-74.496148, 39.562501], [-74.5, 39.564458], [-74.503245, 39.568328], [-74.503632, 39.568674], [-74.50414, 39.569021], [-74.504495, 39.5692], [-74.50482, 39.569323], [-74.505463, 39.569532], [-74.505917, 39.569645], [-74.506531, 39.569729], [-74.507133, 39.569769], [-74.507784, 39.569729], [-74.509851, 39.569275], [-74.510025, 39.56925], [-74.510497, 39.569237], [-74.510919, 39.569262], [-74.511198, 39.569312], [-74.511463, 39.569397], [-74.512001, 39.569744], [-74.512231, 39.569952], [-74.512641, 39.570535], [-74.512904, 39.571041], [-74.513857, 39.573143], [-74.514037, 39.573481], [-74.514325, 39.573763], [-74.514793, 39.574002], [-74.515301, 39.574172], [-74.515854, 39.574257], [-74.516466, 39.574255], [-74.516771, 39.574215], [-74.517023, 39.574151], [-74.517353, 39.57401], [-74.517593, 39.573858], [-74.517868, 39.573613], [-74.518545, 39.57272], [-74.518991, 39.572236], [-74.519486, 39.571757], [-74.520802, 39.570794], [-74.521712, 39.570246], [-74.522571, 39.569868], [-74.52354, 39.569552], [-74.524061, 39.569424], [-74.524493, 39.569379], [-74.525052, 39.569357], [-74.525622, 39.569355], [-74.526139, 39.569385], [-74.526608, 39.569434], [-74.527637, 39.56963], [-74.528156, 39.569788], [-74.528631, 39.56999], [-74.529529, 39.570552], [-74.532389, 39.57337], [-74.534341, 39.574074], [-74.53851, 39.574518], [-74.541211, 39.576263], [-74.542641, 39.57912], [-74.542684, 39.581485], [-74.541981, 39.585816], [-74.543819, 39.586936], [-74.546066, 39.587826], [-74.54797, 39.589075], [-74.549047, 39.590312], [-74.551003, 39.593728], [-74.553754, 39.598337], [-74.555621, 39.598431], [-74.557901, 39.597566], [-74.563331, 39.596715], [-74.56709, 39.597691], [-74.569908, 39.598609], [-74.57296, 39.598894], [-74.575749, 39.598395], [-74.577636, 39.599244], [-74.578242, 39.60001], [-74.580173, 39.602856], [-74.580848, 39.603348], [-74.585126, 39.604952], [-74.58621, 39.606161], [-74.586988, 39.609946], [-74.589003, 39.611924], [-74.592811, 39.61277], [-74.597265, 39.614684], [-74.602818, 39.617964], [-74.610995, 39.622771], [-74.612212, 39.623102], [-74.616327, 39.623444], [-74.618193, 39.624629], [-74.618736, 39.625002], [-74.620577, 39.626435], [-74.621028, 39.626691], [-74.622015, 39.626822], [-74.622854, 39.626722], [-74.624269, 39.626281], [-74.624746, 39.625757], [-74.625536, 39.623107], [-74.626007, 39.622169], [-74.626559, 39.621381], [-74.627612, 39.620387], [-74.628245, 39.620132], [-74.628775, 39.620093], [-74.630161, 39.620241], [-74.630772, 39.620432], [-74.631571, 39.62096], [-74.63195, 39.621505], [-74.632038, 39.622138], [-74.631396, 39.625006], [-74.63141, 39.62549], [-74.631636, 39.626085], [-74.632048, 39.62668], [-74.634023, 39.628026], [-74.634455, 39.628083], [-74.635122, 39.627739], [-74.635587, 39.627116], [-74.636287, 39.625835], [-74.636913, 39.624564], [-74.63721, 39.623506], [-74.63749, 39.623254], [-74.638592, 39.622697], [-74.639303, 39.622439], [-74.640224, 39.622624], [-74.640892, 39.623416], [-74.641052, 39.623808], [-74.640998, 39.624273], [-74.639915, 39.624849], [-74.639972, 39.62534], [-74.640216, 39.625557], [-74.641873, 39.625876], [-74.643359, 39.625796], [-74.644091, 39.626029], [-74.644453, 39.625898], [-74.644917, 39.625357], [-74.645264, 39.625213], [-74.646743, 39.62491], [-74.647175, 39.624915], [-74.647553, 39.624929], [-74.647981, 39.625118], [-74.647933, 39.625327], [-74.647687, 39.625597], [-74.64764, 39.625773], [-74.647735, 39.62602], [-74.64799, 39.626238], [-74.648278, 39.626402], [-74.648464, 39.626582], [-74.648547, 39.626749], [-74.648544, 39.626905], [-74.648463, 39.627086], [-74.648326, 39.627203], [-74.647961, 39.62738], [-74.647575, 39.627423], [-74.647458, 39.627515], [-74.647471, 39.62771], [-74.647604, 39.627915], [-74.647751, 39.628026], [-74.64812, 39.628186], [-74.64836, 39.628322], [-74.648508, 39.628494], [-74.648685, 39.628846], [-74.648804, 39.62895], [-74.64895, 39.629003], [-74.649208, 39.628967], [-74.649432, 39.628826], [-74.649661, 39.628743], [-74.650089, 39.628669], [-74.650663, 39.628623], [-74.650887, 39.628535], [-74.651057, 39.628428], [-74.651241, 39.628233], [-74.651384, 39.627867], [-74.651644, 39.627466], [-74.651814, 39.627336], [-74.652241, 39.627184], [-74.652389, 39.627003], [-74.652998, 39.626587], [-74.65315, 39.626537], [-74.653361, 39.626606], [-74.653406, 39.626752], [-74.653606, 39.626913], [-74.653715, 39.626954], [-74.654032, 39.626918], [-74.65439, 39.626763], [-74.654665, 39.626795], [-74.654801, 39.626846], [-74.654959, 39.626993], [-74.655021, 39.627119], [-74.655072, 39.627473], [-74.655068, 39.628014], [-74.655016, 39.628107], [-74.654758, 39.628396], [-74.654613, 39.628661], [-74.654575, 39.628804], [-74.654597, 39.628986], [-74.654737, 39.629365], [-74.654719, 39.629551], [-74.6545, 39.629737], [-74.654464, 39.629918], [-74.654585, 39.63008], [-74.654699, 39.630159], [-74.654994, 39.630248], [-74.655167, 39.630258], [-74.655326, 39.630383], [-74.655321, 39.63075], [-74.655401, 39.630911], [-74.655755, 39.631139], [-74.656126, 39.631305], [-74.656354, 39.63135], [-74.656592, 39.631348], [-74.656819, 39.631293], [-74.657177, 39.631119], [-74.658494, 39.630993], [-74.658958, 39.630995], [-74.659069, 39.631036], [-74.659295, 39.631233], [-74.659371, 39.631578], [-74.659363, 39.632076], [-74.659294, 39.632452], [-74.659212, 39.632692], [-74.659178, 39.633242], [-74.658965, 39.633708], [-74.658777, 39.634025], [-74.658717, 39.634202], [-74.658711, 39.634433], [-74.658619, 39.635008], [-74.65839, 39.635443], [-74.658304, 39.63572], [-74.658321, 39.635963], [-74.658604, 39.636551], [-74.658863, 39.637347], [-74.658995, 39.637622], [-74.65933, 39.638017], [-74.659428, 39.638239], [-74.659548, 39.638611], [-74.659609, 39.638714], [-74.659881, 39.638899], [-74.659977, 39.639116], [-74.659939, 39.63932], [-74.659876, 39.639409], [-74.659645, 39.639537], [-74.659364, 39.639588], [-74.659256, 39.639761], [-74.659271, 39.639894], [-74.659466, 39.640342], [-74.658755, 39.641905], [-74.657599, 39.642512], [-74.658364, 39.643336], [-74.657098, 39.644073], [-74.657095, 39.644842], [-74.658258, 39.645846], [-74.658926, 39.646024], [-74.659008, 39.646464], [-74.659342, 39.646821], [-74.659163, 39.647363], [-74.658733, 39.647662], [-74.658937, 39.647933], [-74.658698, 39.648331], [-74.658901, 39.648855], [-74.658558, 39.651704], [-74.659924, 39.651562], [-74.66038, 39.652539], [-74.658447, 39.653966], [-74.6592, 39.655958], [-74.658259, 39.656848], [-74.658999, 39.658077], [-74.658532, 39.659239], [-74.65911, 39.660071], [-74.658563, 39.660325], [-74.658154, 39.66013], [-74.657717, 39.660615], [-74.658493, 39.660726], [-74.658459, 39.6611], [-74.658002, 39.660923], [-74.657863, 39.661382], [-74.65846, 39.661748], [-74.658546, 39.662114], [-74.659692, 39.662609], [-74.659508, 39.662726], [-74.659617, 39.663282], [-74.65937, 39.663826], [-74.659864, 39.664003], [-74.659957, 39.664333], [-74.659535, 39.664846], [-74.659594, 39.665053], [-74.66032, 39.665205], [-74.660124, 39.665638], [-74.66028, 39.666196], [-74.660133, 39.66636], [-74.66025, 39.667393], [-74.659807, 39.667836], [-74.660522, 39.668002], [-74.660479, 39.668799], [-74.660833, 39.668994], [-74.661429, 39.669667], [-74.661085, 39.669928], [-74.661216, 39.670204], [-74.661927, 39.670588], [-74.662271, 39.670616], [-74.662869, 39.671051], [-74.662911, 39.671547], [-74.662323, 39.671722], [-74.661818, 39.67172], [-74.662036, 39.6724], [-74.662694, 39.67202], [-74.662942, 39.672476], [-74.6636, 39.672583], [-74.663956, 39.673249], [-74.663981, 39.673823], [-74.664464, 39.673846], [-74.664748, 39.674188], [-74.664939, 39.674784], [-74.66493, 39.675307], [-74.665191, 39.675886], [-74.665122, 39.676117], [-74.664567, 39.676251], [-74.664327, 39.676763], [-74.66464, 39.677387], [-74.665087, 39.677726], [-74.664825, 39.678089], [-74.664831, 39.678541], [-74.665382, 39.678985], [-74.665434, 39.679303], [-74.665168, 39.679518], [-74.665398, 39.67991], [-74.666046, 39.679949], [-74.666537, 39.680914], [-74.666801, 39.681192], [-74.666211, 39.681291], [-74.666298, 39.681471], [-74.667222, 39.681848], [-74.667669, 39.682506], [-74.667835, 39.68358], [-74.667967, 39.683699], [-74.669202, 39.683856], [-74.669386, 39.684134], [-74.669316, 39.684636], [-74.669509, 39.685027], [-74.670074, 39.684988], [-74.670063, 39.685296], [-74.670443, 39.685551], [-74.670773, 39.685422], [-74.670907, 39.685064], [-74.671537, 39.684746], [-74.671536, 39.685186], [-74.671331, 39.685609], [-74.671587, 39.685893], [-74.67205, 39.686056], [-74.672544, 39.686453], [-74.672935, 39.686293], [-74.673317, 39.686513], [-74.67352, 39.686973], [-74.673814, 39.687212], [-74.673874, 39.687582], [-74.673504, 39.687758], [-74.673858, 39.688005], [-74.673358, 39.68822], [-74.673749, 39.688679], [-74.674412, 39.688584], [-74.674805, 39.688928], [-74.674539, 39.689512], [-74.674771, 39.689802], [-74.675262, 39.689941], [-74.67546, 39.690556], [-74.675789, 39.691038], [-74.675895, 39.691159], [-74.676183, 39.691644], [-74.676592, 39.691904], [-74.697018, 39.704938], [-74.700218, 39.70698], [-74.704245, 39.709538], [-74.720124, 39.719682], [-74.723856, 39.722063], [-74.731982, 39.727133], [-74.732396, 39.727389], [-74.736216, 39.729775], [-74.737648, 39.728547], [-74.74929, 39.718543], [-74.750876, 39.717182], [-74.768042, 39.702421], [-74.771961, 39.699051], [-74.77749, 39.694295], [-74.777701, 39.694116], [-74.777769, 39.694056], [-74.77801, 39.693849], [-74.778088, 39.693778], [-74.781293, 39.691022], [-74.786154, 39.686845], [-74.78928, 39.684154], [-74.795995, 39.678381], [-74.800087, 39.674864], [-74.800587, 39.674428], [-74.803208, 39.672171], [-74.811535, 39.665], [-74.813282, 39.663489], [-74.820638, 39.657156], [-74.822433, 39.655599], [-74.827642, 39.651126], [-74.828373, 39.650496], [-74.82915, 39.64982], [-74.829463, 39.649557], [-74.836716, 39.643308], [-74.840686, 39.639884], [-74.845609, 39.635635], [-74.847962, 39.633617], [-74.85176, 39.630344], [-74.851934, 39.630196], [-74.852511, 39.629695], [-74.858433, 39.624597], [-74.859173, 39.623958], [-74.862684, 39.620929], [-74.87726, 39.608352], [-74.878994, 39.606858], [-74.880508, 39.605563], [-74.880893, 39.60522], [-74.882455, 39.603873], [-74.882515, 39.603824], [-74.882986, 39.603416], [-74.88338, 39.603071], [-74.88443, 39.602166], [-74.885429, 39.601301], [-74.885945, 39.600859], [-74.89663, 39.59163], [-74.89814, 39.590326], [-74.902606, 39.586468], [-74.903182, 39.585974], [-74.903785, 39.585451], [-74.905625, 39.583865], [-74.906815, 39.582835], [-74.910638, 39.579534], [-74.911882, 39.578462], [-74.912789, 39.579082], [-74.925934, 39.588121], [-74.927247, 39.589063], [-74.936219, 39.595557], [-74.941496, 39.599352], [-74.95721, 39.610339], [-74.959498, 39.611949], [-74.968008, 39.617973], [-74.970039, 39.619411], [-74.970431, 39.619688], [-74.98146, 39.627499], [-74.983318, 39.628811], [-74.986244, 39.630886], [-74.990232, 39.633704], [-74.995762, 39.637601], [-75.004704, 39.643848], [-75.006246, 39.644927], [-75.013145, 39.649743], [-75.014393, 39.650611], [-75.018818, 39.653698], [-75.025167, 39.658134], [-75.031669, 39.662675], [-75.042279, 39.669897], [-75.04482, 39.67163], [-75.047685, 39.673577], [-75.052244, 39.676679], [-75.053492, 39.677529], [-75.060082, 39.677815], [-75.068943, 39.678202], [-75.085401, 39.678933], [-75.092664, 39.679262], [-75.097475, 39.679294], [-75.099632, 39.679439], [-75.101525, 39.679573], [-75.103438, 39.679702], [-75.105226, 39.6798], [-75.106974, 39.679907], [-75.107573, 39.679937], [-75.108615, 39.682507], [-75.112361, 39.691639], [-75.11331, 39.693982], [-75.113841, 39.694609], [-75.115121, 39.694624], [-75.126535, 39.693677], [-75.13088, 39.693347], [-75.134555, 39.693067], [-75.139368, 39.692686], [-75.14025, 39.692616], [-75.148469, 39.691981], [-75.152704, 39.689418], [-75.154443, 39.687768], [-75.157963, 39.685914], [-75.161364, 39.684441], [-75.165198, 39.684832], [-75.167545, 39.685468], [-75.159013, 39.694477], [-75.15493, 39.698773], [-75.152607, 39.701223], [-75.151595, 39.70229], [-75.151075, 39.702837], [-75.146672, 39.707477], [-75.142213, 39.71218], [-75.139513, 39.715024], [-75.152861, 39.722846], [-75.153192, 39.723045], [-75.15694, 39.725229], [-75.158875, 39.726404], [-75.164654, 39.729912], [-75.167619, 39.731708], [-75.174181, 39.735605], [-75.18005, 39.739057], [-75.184868, 39.741874], [-75.193472, 39.746985], [-75.195105, 39.747957], [-75.20303, 39.752648], [-75.20354, 39.752952], [-75.209218, 39.756375], [-75.212653, 39.756745], [-75.222662, 39.757541], [-75.229017, 39.758058]]]]}}, {"type": "Feature", "properties": {"id": 3, "NAME": "3", "text-color": "#000000", "text-size": 16, "TotalPop": 773586, "PopDevPct": 1.72e-06, "DemPct": 0.56400466, "RepPct": 0.42286956, "WhitePct": 0.65875111, "MinorityPct": 0.34124889, "BlackPct": 0.14183861, "HispanicPct": 0.09794999, "PacificPct": 0.00140184, "AsianPct": 0.09167181, "NativePct": 0.01360326, "TotalVAP": 614191, "Margin": 0.06400466, "color": "#88ff6e", "opacity": "0.5", "year": 2022, "state": "NJ", "state-district": "NJ-03"}, "geometry": {"type": "MultiPolygon", "coordinates": [[[[-74.749534, 40.260855], [-74.749121, 40.258076], [-74.750658, 40.255839], [-74.750964, 40.252635], [-74.74811, 40.251187], [-74.748716, 40.250755], [-74.751877, 40.250924], [-74.75631, 40.248713], [-74.755783, 40.248058], [-74.750689, 40.241872], [-74.749839, 40.240867], [-74.748942, 40.239811], [-74.748189, 40.240321], [-74.747458, 40.24082], [-74.746788, 40.2414], [-74.746113, 40.241988], [-74.745837, 40.242232], [-74.745664, 40.242338], [-74.745269, 40.242646], [-74.745031, 40.242838], [-74.744951, 40.242908], [-74.744712, 40.243117], [-74.744031, 40.243686], [-74.743923, 40.243782], [-74.743791, 40.24391], [-74.743745, 40.243956], [-74.742449, 40.245039], [-74.741152, 40.244693], [-74.740168, 40.244425], [-74.739652, 40.244285], [-74.739052, 40.244121], [-74.736957, 40.24355], [-74.735911, 40.243274], [-74.735776, 40.243238], [-74.735659, 40.243205], [-74.735493, 40.243164], [-74.732991, 40.2425], [-74.731791, 40.242192], [-74.732092, 40.241674], [-74.733453, 40.240848], [-74.734661, 40.239473], [-74.734695, 40.239427], [-74.734755, 40.23935], [-74.735004, 40.239021], [-74.735045, 40.238925], [-74.735084, 40.238831], [-74.735227, 40.238593], [-74.735504, 40.238319], [-74.735677, 40.238117], [-74.735784, 40.23792], [-74.735882, 40.237791], [-74.736047, 40.237628], [-74.736619, 40.237128], [-74.737045, 40.236726], [-74.737114, 40.236673], [-74.737301, 40.236527], [-74.737436, 40.236422], [-74.737635, 40.236271], [-74.7378, 40.23615], [-74.737853, 40.235991], [-74.737863, 40.235937], [-74.737862, 40.2359], [-74.737861, 40.235854], [-74.737871, 40.235808], [-74.73789, 40.23577], [-74.737932, 40.235712], [-74.73801, 40.235598], [-74.73805, 40.235531], [-74.738087, 40.23544], [-74.738105, 40.235368], [-74.738122, 40.235288], [-74.738137, 40.235219], [-74.738168, 40.235121], [-74.73818, 40.235083], [-74.738204, 40.235037], [-74.738237, 40.234984], [-74.738277, 40.234941], [-74.738341, 40.234885], [-74.738408, 40.234814], [-74.738457, 40.234729], [-74.738477, 40.234687], [-74.738498, 40.234668], [-74.73852, 40.234657], [-74.738563, 40.234644], [-74.738558, 40.234489], [-74.738549, 40.234377], [-74.738528, 40.234281], [-74.738508, 40.234184], [-74.738478, 40.234106], [-74.738434, 40.234032], [-74.738199, 40.233712], [-74.738138, 40.233606], [-74.738107, 40.233537], [-74.737898, 40.232392], [-74.739478, 40.231507], [-74.738462, 40.230487], [-74.737731, 40.229754], [-74.736638, 40.228664], [-74.735235, 40.227252], [-74.734126, 40.226142], [-74.733695, 40.225709], [-74.732854, 40.224867], [-74.73208, 40.224092], [-74.731401, 40.223412], [-74.730515, 40.222524], [-74.729937, 40.221947], [-74.729411, 40.221373], [-74.728808, 40.220768], [-74.729264, 40.22065], [-74.729616, 40.220559], [-74.73011, 40.220428], [-74.730626, 40.22029], [-74.730953, 40.220198], [-74.732807, 40.21971], [-74.732373, 40.21927], [-74.732302, 40.219202], [-74.731741, 40.218633], [-74.73116, 40.218064], [-74.730818, 40.217725], [-74.730593, 40.217496], [-74.730016, 40.216914], [-74.729765, 40.216665], [-74.731383, 40.215211], [-74.731431, 40.215169], [-74.731775, 40.214854], [-74.732409, 40.214276], [-74.732983, 40.213754], [-74.733379, 40.213393], [-74.733632, 40.213163], [-74.73427, 40.212581], [-74.7347, 40.212187], [-74.734892, 40.212011], [-74.735581, 40.211388], [-74.735738, 40.211244], [-74.736197, 40.210831], [-74.736783, 40.210292], [-74.737041, 40.210058], [-74.737106, 40.21], [-74.737423, 40.209708], [-74.737141, 40.209331], [-74.737081, 40.209251], [-74.736579, 40.208599], [-74.736293, 40.208225], [-74.736069, 40.207933], [-74.735373, 40.207029], [-74.734553, 40.205962], [-74.734442, 40.205818], [-74.733417, 40.204486], [-74.732565, 40.203391], [-74.73289, 40.203023], [-74.733205, 40.202668], [-74.73328, 40.202583], [-74.733486, 40.202351], [-74.733763, 40.202039], [-74.733811, 40.201983], [-74.734036, 40.201732], [-74.734313, 40.201415], [-74.734386, 40.201332], [-74.734614, 40.201075], [-74.734979, 40.200663], [-74.735277, 40.200786], [-74.735857, 40.200732], [-74.73698, 40.200567], [-74.73731, 40.200521], [-74.738168, 40.2004], [-74.738199, 40.200395], [-74.73845, 40.200362], [-74.73909, 40.20027], [-74.739971, 40.200145], [-74.740106, 40.200126], [-74.740856, 40.20002], [-74.741241, 40.199965], [-74.741745, 40.199893], [-74.741901, 40.199871], [-74.742626, 40.199768], [-74.743527, 40.199641], [-74.743757, 40.199608], [-74.744027, 40.199571], [-74.744402, 40.199518], [-74.746011, 40.199291], [-74.746598, 40.199208], [-74.747447, 40.19909], [-74.747869, 40.199028], [-74.748327, 40.198963], [-74.749185, 40.198843], [-74.749211, 40.19884], [-74.750109, 40.198722], [-74.75098, 40.198606], [-74.751065, 40.198592], [-74.752681, 40.198364], [-74.752841, 40.19834], [-74.75238, 40.19635], [-74.751784, 40.194011], [-74.751762, 40.193951], [-74.751725, 40.193838], [-74.751614, 40.193395], [-74.751302, 40.192192], [-74.751202, 40.191997], [-74.750979, 40.191193], [-74.750633, 40.190248], [-74.750407, 40.189628], [-74.750368, 40.189558], [-74.748699, 40.18735], [-74.746104, 40.185684], [-74.746593, 40.185521], [-74.746948, 40.18541], [-74.749163, 40.184693], [-74.751176, 40.18404], [-74.75176, 40.183839], [-74.751705, 40.183309], [-74.749505, 40.182509], [-74.744105, 40.181009], [-74.737205, 40.177609], [-74.733804, 40.174509], [-74.722325, 40.160727], [-74.721519, 40.158568], [-74.721576, 40.15404], [-74.722048, 40.150311], [-74.723223, 40.147902], [-74.724369, 40.146412], [-74.730863, 40.142169], [-74.731691, 40.141942], [-74.736143, 40.138577], [-74.740237, 40.135685], [-74.741504, 40.135041], [-74.743738, 40.134454], [-74.745797, 40.134401], [-74.749565, 40.134888], [-74.75313, 40.135033], [-74.758028, 40.134332], [-74.762323, 40.132881], [-74.76909, 40.129187], [-74.776027, 40.125004], [-74.778743, 40.123143], [-74.782002, 40.121254], [-74.784168, 40.120477], [-74.786847, 40.120437], [-74.791543, 40.121186], [-74.799421, 40.122703], [-74.803821, 40.124003], [-74.807137, 40.125229], [-74.810305, 40.126323], [-74.813883, 40.127362], [-74.816121, 40.12774], [-74.819499, 40.127614], [-74.822531, 40.126844], [-74.82377, 40.126189], [-74.826226, 40.124066], [-74.828587, 40.12059], [-74.830546, 40.117108], [-74.830592, 40.117015], [-74.833103, 40.111972], [-74.834084, 40.107184], [-74.83467, 40.105401], [-74.835868, 40.103466], [-74.838152, 40.101074], [-74.842215, 40.098502], [-74.849904, 40.095606], [-74.853745, 40.093926], [-74.855859, 40.092186], [-74.857634, 40.090215], [-74.858987, 40.086757], [-74.859973, 40.085033], [-74.861314, 40.083855], [-74.863422, 40.082635], [-74.869547, 40.081539], [-74.874361, 40.08076], [-74.880359, 40.07903], [-74.885978, 40.07697], [-74.889685, 40.075834], [-74.899153, 40.073205], [-74.903186, 40.071978], [-74.907318, 40.0708], [-74.911189, 40.070262], [-74.91342, 40.070359], [-74.915241, 40.070441], [-74.920289, 40.071348], [-74.924361, 40.071186], [-74.927308, 40.070544], [-74.93258, 40.06881], [-74.935042, 40.067836], [-74.942658, 40.064302], [-74.946836, 40.062315], [-74.953545, 40.058889], [-74.958126, 40.056643], [-74.962253, 40.054811], [-74.966891, 40.052716], [-74.973981, 40.048595], [-74.977846, 40.045372], [-74.980779, 40.043543], [-74.98277, 40.041772], [-74.990068, 40.036435], [-75.000617, 40.0287], [-75.003853, 40.026996], [-75.013776, 40.020166], [-75.019645, 40.018436], [-75.021211, 40.018222], [-75.024072, 40.017829], [-75.030583, 40.016194], [-75.025955, 40.011582], [-75.025697, 40.011248], [-75.024789, 40.010352], [-75.024028, 40.009581], [-75.023958, 40.009613], [-75.021858, 40.008613], [-75.020808, 40.008113], [-75.019339, 40.007415], [-75.017515, 40.006528], [-75.017366, 40.006456], [-75.0172, 40.006375], [-75.014668, 40.005209], [-75.012546, 40.004227], [-75.010441, 40.003249], [-75.01076, 40.002773], [-75.011332, 40.001902], [-75.012062, 40.001101], [-75.013254, 40.000357], [-75.014366, 39.999713], [-75.014611, 39.999564], [-75.012893, 39.998771], [-75.014019, 39.998289], [-75.014627, 39.998037], [-75.01573, 39.997573], [-75.018902, 39.99633], [-75.021096, 39.995412], [-75.027501, 39.994755], [-75.028834, 39.994089], [-75.029383, 39.993789], [-75.029502, 39.993708], [-75.030782, 39.993234], [-75.031105, 39.99193], [-75.028394, 39.991944], [-75.02815, 39.992639], [-75.028134, 39.99279], [-75.027353, 39.993589], [-75.026184, 39.992822], [-75.025764, 39.991734], [-75.025313, 39.990978], [-75.024542, 39.990674], [-75.023239, 39.990557], [-75.02203, 39.989993], [-75.021309, 39.990106], [-75.02075, 39.990392], [-75.02033, 39.990396], [-75.019362, 39.989888], [-75.018744, 39.989448], [-75.018387, 39.988954], [-75.018164, 39.988064], [-75.018362, 39.987268], [-75.018192, 39.986695], [-75.01749, 39.986327], [-75.016178, 39.986024], [-75.015529, 39.985698], [-75.014941, 39.985354], [-75.014828, 39.98525], [-75.014551, 39.984212], [-75.01454, 39.9838], [-75.014399, 39.983243], [-75.014183, 39.982673], [-75.0139, 39.982161], [-75.013884, 39.981886], [-75.014025, 39.981193], [-75.014048, 39.980919], [-75.013964, 39.980725], [-75.014, 39.980655], [-75.013836, 39.980311], [-75.013468, 39.980116], [-75.012958, 39.980034], [-75.012421, 39.979995], [-75.01207, 39.980045], [-75.011187, 39.980111], [-75.010693, 39.980089], [-75.010354, 39.979996], [-75.010246, 39.979937], [-75.010146, 39.979768], [-75.010497, 39.979437], [-75.010765, 39.979304], [-75.011063, 39.979074], [-75.011396, 39.978922], [-75.011817, 39.978789], [-75.012185, 39.978607], [-75.012426, 39.978215], [-75.012801, 39.978014], [-75.012949, 39.97794], [-75.014192, 39.976521], [-75.015527, 39.976058], [-75.015542, 39.975939], [-75.014889, 39.974738], [-75.015016, 39.974528], [-75.015041, 39.974474], [-75.01506, 39.974441], [-75.015079, 39.974419], [-75.015103, 39.974385], [-75.015152, 39.974349], [-75.015213, 39.974296], [-75.015264, 39.974248], [-75.015459, 39.974048], [-75.015618, 39.973893], [-75.015689, 39.973835], [-75.015773, 39.973782], [-75.015867, 39.973734], [-75.015945, 39.973706], [-75.016036, 39.973691], [-75.016136, 39.97369], [-75.016221, 39.973707], [-75.016273, 39.97373], [-75.016342, 39.973782], [-75.016362, 39.973819], [-75.016389, 39.973906], [-75.016389, 39.973989], [-75.016377, 39.974124], [-75.016384, 39.974217], [-75.016404, 39.974299], [-75.016447, 39.974377], [-75.016523, 39.974472], [-75.016624, 39.974569], [-75.016716, 39.974633], [-75.016871, 39.974718], [-75.017028, 39.974775], [-75.017108, 39.974782], [-75.017154, 39.974787], [-75.017233, 39.974784], [-75.01731, 39.974763], [-75.017382, 39.974728], [-75.017446, 39.97467], [-75.017488, 39.974615], [-75.017537, 39.974518], [-75.017566, 39.974412], [-75.017571, 39.974384], [-75.017594, 39.974202], [-75.017609, 39.973999], [-75.017618, 39.973826], [-75.017615, 39.973588], [-75.017536, 39.973419], [-75.017317, 39.973299], [-75.016512, 39.973098], [-75.01627, 39.973019], [-75.016018, 39.972835], [-75.01599, 39.97259], [-75.01607, 39.972382], [-75.016424, 39.971757], [-75.016503, 39.971421], [-75.016456, 39.971264], [-75.016274, 39.970985], [-75.016144, 39.970737], [-75.01604, 39.97033], [-75.016197, 39.97014], [-75.016413, 39.970047], [-75.016791, 39.969831], [-75.01734, 39.969472], [-75.017578, 39.969371], [-75.018022, 39.969344], [-75.01897, 39.969397], [-75.019561, 39.969502], [-75.019737, 39.969484], [-75.019866, 39.969361], [-75.019842, 39.969253], [-75.019695, 39.969086], [-75.019606, 39.968866], [-75.019663, 39.968702], [-75.019768, 39.968584], [-75.020042, 39.968427], [-75.020165, 39.968302], [-75.020115, 39.968077], [-75.019253, 39.967434], [-75.018153, 39.967882], [-75.016371, 39.968608], [-75.012339, 39.970251], [-75.010367, 39.97104], [-75.008918, 39.97162], [-75.007734, 39.972095], [-75.007618, 39.972139], [-75.005403, 39.97303], [-75.005243, 39.97263], [-75.005054, 39.972465], [-75.00479, 39.972371], [-75.004239, 39.972287], [-75.003931, 39.972162], [-75.003748, 39.972017], [-75.003606, 39.971848], [-75.003498, 39.971435], [-75.003393, 39.971255], [-75.003144, 39.971054], [-75.002756, 39.970871], [-75.00249, 39.970681], [-75.002408, 39.97057], [-75.002286, 39.970289], [-75.002077, 39.969971], [-75.00196, 39.969844], [-75.001702, 39.969689], [-75.001479, 39.969506], [-75.00141, 39.96939], [-75.001488, 39.969177], [-75.002139, 39.968962], [-75.002247, 39.968883], [-75.002279, 39.968711], [-75.002096, 39.968234], [-75.001812, 39.9677], [-75.001622, 39.967523], [-75.001446, 39.967474], [-75.001191, 39.967503], [-75.000838, 39.967692], [-75.000311, 39.968104], [-75, 39.968283], [-74.999731, 39.968343], [-74.999411, 39.968323], [-74.999225, 39.96824], [-74.999059, 39.968105], [-74.998939, 39.967941], [-74.998758, 39.967501], [-74.998614, 39.967311], [-74.998394, 39.967155], [-74.998074, 39.967035], [-74.997721, 39.967013], [-74.997433, 39.967034], [-74.996845, 39.967131], [-74.996532, 39.967109], [-74.995887, 39.966972], [-74.995743, 39.966924], [-74.995161, 39.966615], [-74.994989, 39.966547], [-74.994696, 39.966523], [-74.994452, 39.966441], [-74.994343, 39.966358], [-74.994211, 39.966162], [-74.994165, 39.965972], [-74.994205, 39.965339], [-74.994255, 39.965067], [-74.994534, 39.964335], [-74.994568, 39.963954], [-74.994524, 39.963749], [-74.994372, 39.96358], [-74.993506, 39.963171], [-74.99292, 39.96297], [-74.992294, 39.962657], [-74.991929, 39.962599], [-74.991472, 39.962435], [-74.991312, 39.962213], [-74.991117, 39.962133], [-74.98923, 39.960534], [-74.987755, 39.960375], [-74.987188, 39.959798], [-74.986598, 39.958279], [-74.986637, 39.956927], [-74.984471, 39.955965], [-74.982737, 39.953487], [-74.981285, 39.953429], [-74.978983, 39.952355], [-74.977551, 39.952761], [-74.974981, 39.953052], [-74.973789, 39.951621], [-74.971935, 39.949372], [-74.968735, 39.94556], [-74.968291, 39.944263], [-74.968257, 39.944119], [-74.967567, 39.941256], [-74.967092, 39.939077], [-74.967082, 39.939037], [-74.967058, 39.938956], [-74.966816, 39.938018], [-74.968783, 39.936824], [-74.9689, 39.936757], [-74.969625, 39.936314], [-74.971389, 39.935249], [-74.971789, 39.934989], [-74.975413, 39.932635], [-74.978183, 39.930827], [-74.978577, 39.930569], [-74.980299, 39.929661], [-74.984045, 39.927354], [-74.983203, 39.926322], [-74.980985, 39.925649], [-74.979092, 39.923986], [-74.977726, 39.923397], [-74.977446, 39.923237], [-74.976259, 39.922233], [-74.974283, 39.921421], [-74.970267, 39.921615], [-74.969637, 39.921746], [-74.967153, 39.920671], [-74.966022, 39.920612], [-74.965764, 39.920624], [-74.964358, 39.920697], [-74.962837, 39.920185], [-74.961605, 39.91897], [-74.960895, 39.916822], [-74.958022, 39.915268], [-74.957313, 39.914345], [-74.955904, 39.913217], [-74.954803, 39.911345], [-74.954431, 39.909296], [-74.95253, 39.907118], [-74.9525, 39.906017], [-74.951947, 39.901672], [-74.950384, 39.899336], [-74.949359, 39.898164], [-74.946829, 39.897276], [-74.945304, 39.895834], [-74.945275, 39.895708], [-74.945163, 39.89523], [-74.9442, 39.89308], [-74.940945, 39.892478], [-74.938864, 39.89067], [-74.937525, 39.890294], [-74.935508, 39.889411], [-74.93329, 39.888084], [-74.93202, 39.886532], [-74.930745, 39.885908], [-74.929088, 39.880582], [-74.928803, 39.879643], [-74.927778, 39.876214], [-74.927211, 39.873758], [-74.926043, 39.869901], [-74.92418, 39.863998], [-74.921759, 39.855788], [-74.921726, 39.855679], [-74.921578, 39.855176], [-74.917595, 39.841732], [-74.917205, 39.840418], [-74.915864, 39.83589], [-74.915404, 39.834335], [-74.914554, 39.831469], [-74.911789, 39.822135], [-74.910071, 39.816335], [-74.908307, 39.809738], [-74.905542, 39.801055], [-74.904483, 39.796967], [-74.903957, 39.794942], [-74.903239, 39.792159], [-74.902368, 39.791041], [-74.898633, 39.789693], [-74.898223, 39.787582], [-74.896104, 39.785709], [-74.895791, 39.784379], [-74.894755, 39.783283], [-74.889755, 39.781973], [-74.887041, 39.781746], [-74.882911, 39.781999], [-74.878936, 39.78163], [-74.876185, 39.781459], [-74.874087, 39.782474], [-74.870305, 39.783633], [-74.869482, 39.784334], [-74.866531, 39.784867], [-74.863384, 39.785634], [-74.860236, 39.785901], [-74.85644, 39.786676], [-74.85578, 39.787295], [-74.854018, 39.78706], [-74.851449, 39.788602], [-74.849031, 39.788804], [-74.848125, 39.787888], [-74.847508, 39.788879], [-74.843208, 39.789919], [-74.839116, 39.78916], [-74.837067, 39.789585], [-74.835295, 39.788957], [-74.832973, 39.789169], [-74.830539, 39.788625], [-74.828252, 39.788749], [-74.82763, 39.789173], [-74.82271, 39.78818], [-74.819419, 39.788001], [-74.817983, 39.786022], [-74.814506, 39.785507], [-74.81043, 39.784822], [-74.8061, 39.783013], [-74.804185, 39.781095], [-74.802416, 39.780323], [-74.801134, 39.778874], [-74.799687, 39.778021], [-74.798692, 39.77731], [-74.79904, 39.776543], [-74.798148, 39.775721], [-74.79676, 39.775713], [-74.795499, 39.7747], [-74.79532, 39.773609], [-74.792875, 39.77262], [-74.790724, 39.771303], [-74.790096, 39.769725], [-74.789055, 39.769308], [-74.78792, 39.7669], [-74.786738, 39.765974], [-74.785142, 39.765616], [-74.784916, 39.764527], [-74.78362, 39.763722], [-74.78376, 39.762451], [-74.782403, 39.761377], [-74.782508, 39.760037], [-74.781204, 39.758587], [-74.779924, 39.75813], [-74.776937, 39.75779], [-74.774991, 39.756401], [-74.77503, 39.754312], [-74.773723, 39.75351], [-74.77382, 39.752384], [-74.77209, 39.750436], [-74.768307, 39.749558], [-74.768332, 39.748634], [-74.765592, 39.746319], [-74.765506, 39.746261], [-74.76543, 39.74618], [-74.765327, 39.746093], [-74.765281, 39.746073], [-74.765244, 39.746065], [-74.765194, 39.74606], [-74.765163, 39.746061], [-74.765128, 39.746065], [-74.765096, 39.746069], [-74.764789, 39.74613], [-74.764552, 39.746133], [-74.764067, 39.745854], [-74.763937, 39.74548], [-74.761026, 39.743974], [-74.759664, 39.742418], [-74.757612, 39.74374], [-74.757161, 39.742985], [-74.756786, 39.742392], [-74.756634, 39.742172], [-74.756131, 39.742049], [-74.755735, 39.742179], [-74.751528, 39.739505], [-74.739312, 39.731742], [-74.738405, 39.731166], [-74.736216, 39.729775], [-74.732396, 39.727389], [-74.731982, 39.727133], [-74.723856, 39.722063], [-74.720124, 39.719682], [-74.704245, 39.709538], [-74.700218, 39.70698], [-74.697018, 39.704938], [-74.676592, 39.691904], [-74.676183, 39.691644], [-74.675895, 39.691159], [-74.675789, 39.691038], [-74.67546, 39.690556], [-74.675262, 39.689941], [-74.674771, 39.689802], [-74.674539, 39.689512], [-74.674805, 39.688928], [-74.674412, 39.688584], [-74.673749, 39.688679], [-74.673358, 39.68822], [-74.673858, 39.688005], [-74.673504, 39.687758], [-74.673874, 39.687582], [-74.673814, 39.687212], [-74.67352, 39.686973], [-74.673317, 39.686513], [-74.672935, 39.686293], [-74.672544, 39.686453], [-74.67205, 39.686056], [-74.671587, 39.685893], [-74.671331, 39.685609], [-74.671536, 39.685186], [-74.671537, 39.684746], [-74.670907, 39.685064], [-74.670773, 39.685422], [-74.670443, 39.685551], [-74.670063, 39.685296], [-74.670074, 39.684988], [-74.669509, 39.685027], [-74.669316, 39.684636], [-74.669386, 39.684134], [-74.669202, 39.683856], [-74.667967, 39.683699], [-74.667835, 39.68358], [-74.667669, 39.682506], [-74.667222, 39.681848], [-74.666298, 39.681471], [-74.666211, 39.681291], [-74.666801, 39.681192], [-74.666537, 39.680914], [-74.666046, 39.679949], [-74.665398, 39.67991], [-74.665168, 39.679518], [-74.665434, 39.679303], [-74.665382, 39.678985], [-74.664831, 39.678541], [-74.664825, 39.678089], [-74.665087, 39.677726], [-74.66464, 39.677387], [-74.664327, 39.676763], [-74.664567, 39.676251], [-74.665122, 39.676117], [-74.665191, 39.675886], [-74.66493, 39.675307], [-74.664939, 39.674784], [-74.664748, 39.674188], [-74.664464, 39.673846], [-74.663981, 39.673823], [-74.663956, 39.673249], [-74.6636, 39.672583], [-74.662942, 39.672476], [-74.662694, 39.67202], [-74.662036, 39.6724], [-74.661818, 39.67172], [-74.662323, 39.671722], [-74.662911, 39.671547], [-74.662869, 39.671051], [-74.662271, 39.670616], [-74.661927, 39.670588], [-74.661216, 39.670204], [-74.661085, 39.669928], [-74.661429, 39.669667], [-74.660833, 39.668994], [-74.660479, 39.668799], [-74.660522, 39.668002], [-74.659807, 39.667836], [-74.66025, 39.667393], [-74.660133, 39.66636], [-74.66028, 39.666196], [-74.660124, 39.665638], [-74.66032, 39.665205], [-74.659594, 39.665053], [-74.659535, 39.664846], [-74.659957, 39.664333], [-74.659864, 39.664003], [-74.65937, 39.663826], [-74.659617, 39.663282], [-74.659508, 39.662726], [-74.659692, 39.662609], [-74.658546, 39.662114], [-74.65846, 39.661748], [-74.657863, 39.661382], [-74.658002, 39.660923], [-74.658459, 39.6611], [-74.658493, 39.660726], [-74.657717, 39.660615], [-74.658154, 39.66013], [-74.658563, 39.660325], [-74.65911, 39.660071], [-74.658532, 39.659239], [-74.658999, 39.658077], [-74.658259, 39.656848], [-74.6592, 39.655958], [-74.658447, 39.653966], [-74.66038, 39.652539], [-74.659924, 39.651562], [-74.658558, 39.651704], [-74.658901, 39.648855], [-74.658698, 39.648331], [-74.658937, 39.647933], [-74.658733, 39.647662], [-74.659163, 39.647363], [-74.659342, 39.646821], [-74.659008, 39.646464], [-74.658926, 39.646024], [-74.658258, 39.645846], [-74.657095, 39.644842], [-74.657098, 39.644073], [-74.658364, 39.643336], [-74.657599, 39.642512], [-74.658755, 39.641905], [-74.659466, 39.640342], [-74.659271, 39.639894], [-74.659256, 39.639761], [-74.659364, 39.639588], [-74.659645, 39.639537], [-74.659876, 39.639409], [-74.659939, 39.63932], [-74.659977, 39.639116], [-74.659881, 39.638899], [-74.659609, 39.638714], [-74.659548, 39.638611], [-74.659428, 39.638239], [-74.65933, 39.638017], [-74.658995, 39.637622], [-74.658863, 39.637347], [-74.658604, 39.636551], [-74.658321, 39.635963], [-74.658304, 39.63572], [-74.65839, 39.635443], [-74.658619, 39.635008], [-74.658711, 39.634433], [-74.658717, 39.634202], [-74.658777, 39.634025], [-74.658965, 39.633708], [-74.659178, 39.633242], [-74.659212, 39.632692], [-74.659294, 39.632452], [-74.659363, 39.632076], [-74.659371, 39.631578], [-74.659295, 39.631233], [-74.659069, 39.631036], [-74.658958, 39.630995], [-74.658494, 39.630993], [-74.657177, 39.631119], [-74.656819, 39.631293], [-74.656592, 39.631348], [-74.656354, 39.63135], [-74.656126, 39.631305], [-74.655755, 39.631139], [-74.655401, 39.630911], [-74.655321, 39.63075], [-74.655326, 39.630383], [-74.655167, 39.630258], [-74.654994, 39.630248], [-74.654699, 39.630159], [-74.654585, 39.63008], [-74.654464, 39.629918], [-74.6545, 39.629737], [-74.654719, 39.629551], [-74.654737, 39.629365], [-74.654597, 39.628986], [-74.654575, 39.628804], [-74.654613, 39.628661], [-74.654758, 39.628396], [-74.655016, 39.628107], [-74.655068, 39.628014], [-74.655072, 39.627473], [-74.655021, 39.627119], [-74.654959, 39.626993], [-74.654801, 39.626846], [-74.654665, 39.626795], [-74.65439, 39.626763], [-74.654032, 39.626918], [-74.653715, 39.626954], [-74.653606, 39.626913], [-74.653406, 39.626752], [-74.653361, 39.626606], [-74.65315, 39.626537], [-74.652998, 39.626587], [-74.652389, 39.627003], [-74.652241, 39.627184], [-74.651814, 39.627336], [-74.651644, 39.627466], [-74.651384, 39.627867], [-74.651241, 39.628233], [-74.651057, 39.628428], [-74.650887, 39.628535], [-74.650663, 39.628623], [-74.650089, 39.628669], [-74.649661, 39.628743], [-74.649432, 39.628826], [-74.649208, 39.628967], [-74.64895, 39.629003], [-74.648804, 39.62895], [-74.648685, 39.628846], [-74.648508, 39.628494], [-74.64836, 39.628322], [-74.64812, 39.628186], [-74.647751, 39.628026], [-74.647604, 39.627915], [-74.647471, 39.62771], [-74.647458, 39.627515], [-74.647575, 39.627423], [-74.647961, 39.62738], [-74.648326, 39.627203], [-74.648463, 39.627086], [-74.648544, 39.626905], [-74.648547, 39.626749], [-74.648464, 39.626582], [-74.648278, 39.626402], [-74.64799, 39.626238], [-74.647735, 39.62602], [-74.64764, 39.625773], [-74.647687, 39.625597], [-74.647933, 39.625327], [-74.647981, 39.625118], [-74.647553, 39.624929], [-74.647175, 39.624915], [-74.646743, 39.62491], [-74.645264, 39.625213], [-74.644917, 39.625357], [-74.644453, 39.625898], [-74.644091, 39.626029], [-74.643359, 39.625796], [-74.641873, 39.625876], [-74.640216, 39.625557], [-74.639972, 39.62534], [-74.639915, 39.624849], [-74.640998, 39.624273], [-74.641052, 39.623808], [-74.640892, 39.623416], [-74.640224, 39.622624], [-74.639303, 39.622439], [-74.638592, 39.622697], [-74.63749, 39.623254], [-74.63721, 39.623506], [-74.636913, 39.624564], [-74.636287, 39.625835], [-74.635587, 39.627116], [-74.635122, 39.627739], [-74.634455, 39.628083], [-74.634023, 39.628026], [-74.632048, 39.62668], [-74.631636, 39.626085], [-74.63141, 39.62549], [-74.631396, 39.625006], [-74.632038, 39.622138], [-74.63195, 39.621505], [-74.631571, 39.62096], [-74.630772, 39.620432], [-74.630161, 39.620241], [-74.628775, 39.620093], [-74.628245, 39.620132], [-74.627612, 39.620387], [-74.626559, 39.621381], [-74.626007, 39.622169], [-74.625536, 39.623107], [-74.624746, 39.625757], [-74.624269, 39.626281], [-74.622854, 39.626722], [-74.622015, 39.626822], [-74.621028, 39.626691], [-74.620577, 39.626435], [-74.618736, 39.625002], [-74.618193, 39.624629], [-74.616327, 39.623444], [-74.612212, 39.623102], [-74.610995, 39.622771], [-74.602818, 39.617964], [-74.597265, 39.614684], [-74.592811, 39.61277], [-74.589003, 39.611924], [-74.586988, 39.609946], [-74.58621, 39.606161], [-74.585126, 39.604952], [-74.580848, 39.603348], [-74.580173, 39.602856], [-74.578242, 39.60001], [-74.577636, 39.599244], [-74.575749, 39.598395], [-74.57296, 39.598894], [-74.569908, 39.598609], [-74.56709, 39.597691], [-74.563331, 39.596715], [-74.557901, 39.597566], [-74.555621, 39.598431], [-74.553754, 39.598337], [-74.551003, 39.593728], [-74.549047, 39.590312], [-74.54797, 39.589075], [-74.546066, 39.587826], [-74.543819, 39.586936], [-74.541981, 39.585816], [-74.542684, 39.581485], [-74.542641, 39.57912], [-74.541211, 39.576263], [-74.53851, 39.574518], [-74.534341, 39.574074], [-74.532389, 39.57337], [-74.529529, 39.570552], [-74.528631, 39.56999], [-74.528156, 39.569788], [-74.527637, 39.56963], [-74.526608, 39.569434], [-74.526139, 39.569385], [-74.525622, 39.569355], [-74.525052, 39.569357], [-74.524493, 39.569379], [-74.524061, 39.569424], [-74.52354, 39.569552], [-74.522571, 39.569868], [-74.521712, 39.570246], [-74.520802, 39.570794], [-74.519486, 39.571757], [-74.518991, 39.572236], [-74.518545, 39.57272], [-74.517868, 39.573613], [-74.517593, 39.573858], [-74.517353, 39.57401], [-74.517023, 39.574151], [-74.516771, 39.574215], [-74.516466, 39.574255], [-74.515854, 39.574257], [-74.515301, 39.574172], [-74.514793, 39.574002], [-74.514325, 39.573763], [-74.514037, 39.573481], [-74.513857, 39.573143], [-74.512904, 39.571041], [-74.512641, 39.570535], [-74.512231, 39.569952], [-74.512001, 39.569744], [-74.511463, 39.569397], [-74.511198, 39.569312], [-74.510919, 39.569262], [-74.510497, 39.569237], [-74.510025, 39.56925], [-74.509851, 39.569275], [-74.507784, 39.569729], [-74.507133, 39.569769], [-74.506531, 39.569729], [-74.505917, 39.569645], [-74.505463, 39.569532], [-74.50482, 39.569323], [-74.504495, 39.5692], [-74.50414, 39.569021], [-74.503632, 39.568674], [-74.503245, 39.568328], [-74.5, 39.564458], [-74.496148, 39.562501], [-74.495475, 39.562027], [-74.495118, 39.56169], [-74.494868, 39.56134], [-74.494596, 39.56082], [-74.494518, 39.56063], [-74.494438, 39.560216], [-74.494443, 39.559887], [-74.494487, 39.559179], [-74.494457, 39.55856], [-74.494373, 39.557942], [-74.494271, 39.557342], [-74.494171, 39.556741], [-74.494091, 39.556409], [-74.493982, 39.556213], [-74.493623, 39.555882], [-74.493369, 39.555744], [-74.493052, 39.555627], [-74.492792, 39.555591], [-74.491902, 39.555591], [-74.491192, 39.555682], [-74.490956, 39.555742], [-74.490477, 39.555934], [-74.489959, 39.556225], [-74.489535, 39.55648], [-74.487758, 39.55745], [-74.486925, 39.557954], [-74.48635, 39.558211], [-74.485737, 39.558399], [-74.48524, 39.55853], [-74.484426, 39.558628], [-74.483813, 39.558645], [-74.483253, 39.558596], [-74.482937, 39.558536], [-74.482473, 39.558392], [-74.482016, 39.558192], [-74.481546, 39.557943], [-74.481069, 39.557594], [-74.480497, 39.557039], [-74.479613, 39.555531], [-74.479003, 39.554419], [-74.47836, 39.553687], [-74.477867, 39.553093], [-74.47729, 39.552561], [-74.476661, 39.552034], [-74.475903, 39.551581], [-74.475664, 39.55146], [-74.475335, 39.551365], [-74.474978, 39.551289], [-74.47431, 39.551214], [-74.473757, 39.551235], [-74.473247, 39.551326], [-74.47283, 39.551429], [-74.472392, 39.551618], [-74.471833, 39.551994], [-74.470763, 39.552998], [-74.467759, 39.555667], [-74.467077, 39.556068], [-74.466577, 39.556254], [-74.466261, 39.556349], [-74.465562, 39.55648], [-74.464794, 39.556535], [-74.464103, 39.556551], [-74.463615, 39.556527], [-74.463166, 39.556479], [-74.462794, 39.556382], [-74.462287, 39.55616], [-74.462086, 39.556034], [-74.460754, 39.554281], [-74.460395, 39.550416], [-74.459576, 39.548575], [-74.457308, 39.547317], [-74.455196, 39.547423], [-74.453446, 39.548573], [-74.453054, 39.550996], [-74.453322, 39.553729], [-74.453151, 39.555761], [-74.452615, 39.556915], [-74.450757, 39.558464], [-74.448646, 39.559025], [-74.446722, 39.559061], [-74.44485, 39.558078], [-74.443889, 39.556864], [-74.443566, 39.554758], [-74.446135, 39.549743], [-74.445734, 39.546352], [-74.442514, 39.543207], [-74.440876, 39.542105], [-74.4375, 39.541198], [-74.434448, 39.541958], [-74.433447, 39.543839], [-74.434255, 39.546576], [-74.43835, 39.551313], [-74.438368, 39.553519], [-74.435368, 39.555431], [-74.433931, 39.555628], [-74.431821, 39.555174], [-74.427852, 39.553164], [-74.425392, 39.553521], [-74.422053, 39.556345], [-74.419847, 39.557531], [-74.417393, 39.557255], [-74.417386, 39.557279], [-74.416992, 39.558245], [-74.416599, 39.559211], [-74.416426, 39.559318], [-74.41607, 39.559568], [-74.415954, 39.559635], [-74.415175, 39.560167], [-74.414937, 39.560406], [-74.414577, 39.560809], [-74.414398, 39.560977], [-74.414235, 39.561428], [-74.414138, 39.561613], [-74.41406, 39.561986], [-74.414097, 39.562396], [-74.414304, 39.562834], [-74.41471, 39.563236], [-74.415202, 39.563437], [-74.415967, 39.563554], [-74.416727, 39.563883], [-74.417096, 39.564112], [-74.417504, 39.564648], [-74.417785, 39.565272], [-74.417958, 39.565696], [-74.4181, 39.566277], [-74.418291, 39.566807], [-74.418326, 39.567013], [-74.418757, 39.56749], [-74.419093, 39.567829], [-74.419154, 39.568066], [-74.419041, 39.568367], [-74.418833, 39.568583], [-74.417731, 39.569206], [-74.417302, 39.569472], [-74.416467, 39.570169], [-74.416232, 39.570335], [-74.41599, 39.57046], [-74.415269, 39.57054], [-74.413844, 39.570349], [-74.413306, 39.57018], [-74.412734, 39.57022], [-74.411186, 39.570837], [-74.410395, 39.571021], [-74.409871, 39.570862], [-74.409459, 39.570454], [-74.408923, 39.569599], [-74.40844, 39.56943], [-74.407186, 39.569282], [-74.406665, 39.56929], [-74.405159, 39.569593], [-74.404371, 39.569978], [-74.403824, 39.57056], [-74.403412, 39.57154], [-74.403148, 39.571784], [-74.401449, 39.572014], [-74.400819, 39.572242], [-74.400519, 39.573322], [-74.399973, 39.573617], [-74.399872, 39.574014], [-74.399338, 39.574707], [-74.399116, 39.575178], [-74.39812, 39.576575], [-74.398025, 39.577021], [-74.397669, 39.577786], [-74.397691, 39.578721], [-74.397554, 39.57984], [-74.397815, 39.580657], [-74.3976, 39.581516], [-74.396913, 39.582203], [-74.396833, 39.583255], [-74.396614, 39.583524], [-74.396688, 39.584564], [-74.396305, 39.584853], [-74.396308, 39.585456], [-74.3961, 39.585747], [-74.396025, 39.586365], [-74.39555, 39.586661], [-74.395573, 39.586932], [-74.395201, 39.587551], [-74.395351, 39.587926], [-74.394972, 39.588288], [-74.395058, 39.588666], [-74.394885, 39.589015], [-74.394559, 39.589093], [-74.394125, 39.589631], [-74.394245, 39.590143], [-74.394132, 39.590527], [-74.392301, 39.59456], [-74.391774, 39.595009], [-74.391363, 39.595164], [-74.390541, 39.595835], [-74.390396, 39.596201], [-74.390311, 39.599753], [-74.390276, 39.61222], [-74.390206, 39.623023], [-74.390334, 39.626498], [-74.390331, 39.627049], [-74.390322, 39.628455], [-74.390311, 39.636566], [-74.390177, 39.66399], [-74.390187, 39.66679], [-74.390093, 39.682222], [-74.39009, 39.686009], [-74.390058, 39.700604], [-74.389934, 39.717613], [-74.38994, 39.723753], [-74.389919, 39.728078], [-74.389859, 39.739133], [-74.389823, 39.742204], [-74.389803, 39.754134], [-74.389708, 39.773283], [-74.390372, 39.77449], [-74.39395, 39.780987], [-74.394662, 39.782286], [-74.405767, 39.802461], [-74.411102, 39.812151], [-74.41178, 39.813381], [-74.415141, 39.81975], [-74.416891, 39.822682], [-74.429415, 39.845403], [-74.430492, 39.847586], [-74.433608, 39.853927], [-74.434223, 39.855157], [-74.438099, 39.862391], [-74.441799, 39.869315], [-74.443648, 39.872775], [-74.448186, 39.88126], [-74.448511, 39.881869], [-74.448626, 39.882085], [-74.450639, 39.885854], [-74.453009, 39.890288], [-74.459366, 39.902184], [-74.468659, 39.919552], [-74.469615, 39.921351], [-74.469642, 39.921403], [-74.470239, 39.922527], [-74.472524, 39.926856], [-74.472843, 39.927465], [-74.475349, 39.932236], [-74.481295, 39.943543], [-74.481895, 39.944687], [-74.484619, 39.949869], [-74.488843, 39.957902], [-74.489936, 39.959981], [-74.491228, 39.962431], [-74.491465, 39.962886], [-74.492215, 39.96432], [-74.495006, 39.969625], [-74.496851, 39.973137], [-74.498475, 39.976219], [-74.500073, 39.979257], [-74.505471, 39.989512], [-74.50641, 39.991301], [-74.506482, 39.99144], [-74.506797, 39.992099], [-74.514324, 40.007682], [-74.522572, 40.02478], [-74.526901, 40.03375], [-74.527021, 40.033993], [-74.527151, 40.034262], [-74.528324, 40.036679], [-74.52909, 40.038168], [-74.533045, 40.045254], [-74.534475, 40.047711], [-74.538893, 40.055202], [-74.540151, 40.057334], [-74.540329, 40.057634], [-74.540432, 40.057763], [-74.540705, 40.058116], [-74.54322, 40.062364], [-74.543901, 40.063517], [-74.545977, 40.067013], [-74.548606, 40.071506], [-74.553105, 40.07913], [-74.549886, 40.08047], [-74.54638, 40.081973], [-74.541016, 40.084231], [-74.540807, 40.08432], [-74.534374, 40.087033], [-74.533474, 40.087413], [-74.528374, 40.089613], [-74.525132, 40.09173], [-74.520402, 40.094862], [-74.519951, 40.095167], [-74.518537, 40.096103], [-74.513705, 40.099315], [-74.512766, 40.09994], [-74.511455, 40.100808], [-74.508733, 40.102591], [-74.508351, 40.102853], [-74.507415, 40.103507], [-74.505911, 40.104487], [-74.504331, 40.10553], [-74.500332, 40.108186], [-74.492526, 40.113352], [-74.489691, 40.115242], [-74.483835, 40.119126], [-74.480594, 40.121253], [-74.478093, 40.122921], [-74.475552, 40.124609], [-74.469548, 40.128586], [-74.463476, 40.132666], [-74.458842, 40.135924], [-74.458036, 40.136487], [-74.448853, 40.142907], [-74.444331, 40.146078], [-74.439535, 40.149397], [-74.428164, 40.15733], [-74.424324, 40.160045], [-74.424048, 40.160252], [-74.421718, 40.161866], [-74.420932, 40.16242], [-74.416715, 40.165362], [-74.413986, 40.167295], [-74.409058, 40.170752], [-74.409006, 40.170789], [-74.40671, 40.172402], [-74.400535, 40.176682], [-74.39062, 40.183653], [-74.387994, 40.185504], [-74.387308, 40.185995], [-74.384445, 40.187982], [-74.373343, 40.195799], [-74.372015, 40.196722], [-74.365566, 40.201212], [-74.359318, 40.205247], [-74.353526, 40.208899], [-74.346102, 40.213702], [-74.341628, 40.216542], [-74.335173, 40.217664], [-74.331372, 40.217969], [-74.329283, 40.218049], [-74.328681, 40.207426], [-74.328585, 40.20744], [-74.322893, 40.208678], [-74.319018, 40.209033], [-74.315665, 40.209637], [-74.314403, 40.209372], [-74.312079, 40.20974], [-74.310666, 40.211775], [-74.310665, 40.211967], [-74.310221, 40.213072], [-74.309927, 40.213461], [-74.30942, 40.213806], [-74.30868, 40.214019], [-74.308169, 40.213927], [-74.304858, 40.213604], [-74.302385, 40.213389], [-74.301161, 40.212978], [-74.298788, 40.212192], [-74.29635, 40.212076], [-74.29556, 40.211876], [-74.295581, 40.21183], [-74.296362, 40.209585], [-74.289244, 40.20785], [-74.285765, 40.206985], [-74.284896, 40.206691], [-74.28068, 40.205156], [-74.279033, 40.206969], [-74.27757, 40.210033], [-74.27711, 40.210757], [-74.274291, 40.20978], [-74.271855, 40.209161], [-74.27017, 40.209042], [-74.268612, 40.209022], [-74.269901, 40.207834], [-74.270099, 40.206818], [-74.268605, 40.206006], [-74.266476, 40.209003], [-74.262434, 40.214664], [-74.261867, 40.215493], [-74.261739, 40.21568], [-74.260185, 40.217701], [-74.259578, 40.218499], [-74.259665, 40.218546], [-74.25975, 40.218585], [-74.259836, 40.218619], [-74.259897, 40.218643], [-74.259955, 40.21867], [-74.260004, 40.218707], [-74.26004, 40.218758], [-74.26006, 40.218826], [-74.260068, 40.218906], [-74.26007, 40.218989], [-74.260066, 40.219073], [-74.260054, 40.219151], [-74.260022, 40.219218], [-74.259888, 40.219302], [-74.259799, 40.219312], [-74.259707, 40.219307], [-74.259611, 40.219295], [-74.259518, 40.219278], [-74.259437, 40.219258], [-74.259341, 40.219225], [-74.259323, 40.219207], [-74.259215, 40.219099], [-74.259028, 40.219406], [-74.258909, 40.219374], [-74.253273, 40.226167], [-74.249641, 40.230551], [-74.245249, 40.235959], [-74.244894, 40.23639], [-74.244758, 40.236556], [-74.243721, 40.237816], [-74.243072, 40.238609], [-74.242397, 40.239425], [-74.238368, 40.2443], [-74.235421, 40.247844], [-74.233764, 40.249818], [-74.231655, 40.252272], [-74.230502, 40.253595], [-74.223859, 40.261186], [-74.22376, 40.262966], [-74.223209, 40.272927], [-74.223096, 40.275025], [-74.223084, 40.275237], [-74.22299, 40.276981], [-74.222962, 40.277422], [-74.222881, 40.278071], [-74.221972, 40.282741], [-74.222998, 40.282691], [-74.222734, 40.285765], [-74.221336, 40.301667], [-74.221265, 40.301755], [-74.221252, 40.301771], [-74.221636, 40.305125], [-74.222506, 40.312914], [-74.223093, 40.319608], [-74.223506, 40.32312], [-74.224067, 40.327679], [-74.223315, 40.329272], [-74.221822, 40.331641], [-74.221016, 40.33331], [-74.221782, 40.334412], [-74.225295, 40.339457], [-74.22186, 40.340665], [-74.214019, 40.343458], [-74.210608, 40.344281], [-74.210431, 40.344314], [-74.202656, 40.345718], [-74.201913, 40.345731], [-74.200075, 40.345322], [-74.197471, 40.345374], [-74.195417, 40.345131], [-74.194818, 40.345096], [-74.19452, 40.344873], [-74.194356, 40.344809], [-74.193888, 40.344831], [-74.193694, 40.344772], [-74.193299, 40.344497], [-74.193, 40.344425], [-74.192962, 40.344128], [-74.192853, 40.343869], [-74.192803, 40.343388], [-74.192913, 40.343153], [-74.19289, 40.342858], [-74.192783, 40.342634], [-74.192401, 40.34221], [-74.192442, 40.342041], [-74.192547, 40.341941], [-74.192897, 40.34192], [-74.192905, 40.341786], [-74.192673, 40.341654], [-74.192503, 40.341518], [-74.19241, 40.341379], [-74.192388, 40.341121], [-74.192478, 40.341017], [-74.192797, 40.340817], [-74.192792, 40.34069], [-74.192663, 40.340577], [-74.192607, 40.340385], [-74.192606, 40.340068], [-74.192515, 40.339965], [-74.192511, 40.339843], [-74.192587, 40.339615], [-74.192492, 40.33956], [-74.192203, 40.339533], [-74.192011, 40.339446], [-74.191905, 40.339302], [-74.191878, 40.339143], [-74.191424, 40.338967], [-74.191098, 40.338761], [-74.190943, 40.338763], [-74.190837, 40.338986], [-74.190854, 40.339174], [-74.190494, 40.339205], [-74.190316, 40.339068], [-74.190216, 40.338835], [-74.189886, 40.338702], [-74.18965, 40.338667], [-74.189425, 40.338425], [-74.189208, 40.338374], [-74.189102, 40.338245], [-74.189133, 40.338119], [-74.188995, 40.338089], [-74.188462, 40.338173], [-74.187855, 40.338171], [-74.1875, 40.33822], [-74.187312, 40.338212], [-74.187161, 40.338126], [-74.187077, 40.338067], [-74.187035, 40.338026], [-74.186977, 40.337913], [-74.186798, 40.337447], [-74.186744, 40.337322], [-74.186741, 40.337194], [-74.186784, 40.337018], [-74.186799, 40.336888], [-74.186796, 40.336849], [-74.186751, 40.336757], [-74.186687, 40.336691], [-74.186606, 40.336634], [-74.186548, 40.336616], [-74.186252, 40.336606], [-74.186178, 40.33659], [-74.186083, 40.336556], [-74.18599, 40.336506], [-74.185902, 40.336407], [-74.185802, 40.336305], [-74.18571, 40.336234], [-74.185601, 40.33617], [-74.185567, 40.336162], [-74.185445, 40.336163], [-74.185338, 40.336177], [-74.185186, 40.336175], [-74.185128, 40.336162], [-74.184953, 40.336084], [-74.184842, 40.336026], [-74.184721, 40.335995], [-74.184506, 40.335968], [-74.18439, 40.335966], [-74.184334, 40.335941], [-74.184294, 40.335898], [-74.184276, 40.335785], [-74.184258, 40.335744], [-74.184219, 40.33573], [-74.184143, 40.335726], [-74.183986, 40.335735], [-74.183935, 40.335722], [-74.183886, 40.335681], [-74.183844, 40.335521], [-74.183823, 40.335383], [-74.183801, 40.335336], [-74.183728, 40.335254], [-74.183646, 40.335216], [-74.183551, 40.335238], [-74.183455, 40.335287], [-74.183389, 40.335301], [-74.183302, 40.335275], [-74.183258, 40.335235], [-74.183193, 40.335128], [-74.183178, 40.33504], [-74.183221, 40.334858], [-74.183216, 40.334703], [-74.183165, 40.334633], [-74.183108, 40.334609], [-74.183064, 40.334615], [-74.182921, 40.334684], [-74.182803, 40.334779], [-74.182744, 40.334807], [-74.182662, 40.334815], [-74.182361, 40.334816], [-74.182294, 40.33482], [-74.182149, 40.334852], [-74.182104, 40.334849], [-74.18205, 40.334813], [-74.18204, 40.334771], [-74.18205, 40.334688], [-74.18212, 40.334588], [-74.182141, 40.33453], [-74.182121, 40.334492], [-74.182028, 40.334448], [-74.1819, 40.334419], [-74.181743, 40.3344], [-74.181412, 40.334259], [-74.181342, 40.334216], [-74.181311, 40.334176], [-74.181277, 40.333986], [-74.181226, 40.333846], [-74.181166, 40.333794], [-74.181104, 40.333783], [-74.180881, 40.333823], [-74.18073, 40.333879], [-74.180668, 40.333873], [-74.180616, 40.333838], [-74.18059, 40.333745], [-74.180492, 40.333719], [-74.180375, 40.333702], [-74.180239, 40.333635], [-74.180193, 40.333607], [-74.180077, 40.333603], [-74.180046, 40.333593], [-74.179984, 40.333535], [-74.179885, 40.333489], [-74.179771, 40.333493], [-74.179699, 40.333483], [-74.179647, 40.333459], [-74.179502, 40.333442], [-74.179393, 40.333438], [-74.179321, 40.333456], [-74.179186, 40.333557], [-74.179033, 40.333626], [-74.178892, 40.333659], [-74.178771, 40.333653], [-74.178534, 40.333602], [-74.178362, 40.333579], [-74.178264, 40.3336], [-74.178106, 40.333662], [-74.177913, 40.333763], [-74.177897, 40.333781], [-74.177838, 40.333912], [-74.177794, 40.33398], [-74.177491, 40.334079], [-74.177338, 40.334149], [-74.177187, 40.334174], [-74.177058, 40.334282], [-74.176995, 40.334317], [-74.176925, 40.334338], [-74.176597, 40.334359], [-74.176489, 40.334374], [-74.17638, 40.334417], [-74.176241, 40.334502], [-74.17619, 40.334519], [-74.176103, 40.334527], [-74.175756, 40.33439], [-74.175571, 40.334328], [-74.175246, 40.33425], [-74.175164, 40.33421], [-74.175121, 40.33417], [-74.175046, 40.334059], [-74.174971, 40.333846], [-74.174955, 40.333764], [-74.174968, 40.333553], [-74.174955, 40.333494], [-74.174919, 40.333436], [-74.174786, 40.33337], [-74.174671, 40.333352], [-74.174617, 40.333332], [-74.174573, 40.33329], [-74.174543, 40.333199], [-74.174403, 40.333147], [-74.174315, 40.333106], [-74.174236, 40.333039], [-74.174242, 40.332961], [-74.174236, 40.332859], [-74.17421, 40.332824], [-74.174115, 40.332774], [-74.173963, 40.332745], [-74.173901, 40.332724], [-74.17383, 40.332661], [-74.173808, 40.332624], [-74.173699, 40.332245], [-74.173612, 40.332155], [-74.173559, 40.332121], [-74.173444, 40.332072], [-74.173402, 40.332043], [-74.173398, 40.33199], [-74.173421, 40.331944], [-74.173471, 40.331912], [-74.173601, 40.331872], [-74.17377, 40.331812], [-74.173828, 40.331759], [-74.173844, 40.331648], [-74.173867, 40.331607], [-74.173936, 40.331576], [-74.174053, 40.331564], [-74.174179, 40.331487], [-74.174215, 40.331458], [-74.174277, 40.33138], [-74.174383, 40.331279], [-74.174488, 40.331205], [-74.174494, 40.331141], [-74.174474, 40.331105], [-74.174422, 40.331057], [-74.174311, 40.330993], [-74.17426, 40.330949], [-74.174205, 40.330866], [-74.174171, 40.330793], [-74.174091, 40.330688], [-74.173967, 40.330543], [-74.173877, 40.330421], [-74.17379, 40.330351], [-74.173607, 40.330283], [-74.173551, 40.330249], [-74.173455, 40.330166], [-74.173422, 40.330115], [-74.173432, 40.330032], [-74.173501, 40.329925], [-74.173504, 40.329872], [-74.173486, 40.329832], [-74.173481, 40.328654], [-74.173454, 40.328656], [-74.173431, 40.328669], [-74.173383, 40.328691], [-74.173316, 40.328711], [-74.173221, 40.328735], [-74.173135, 40.328752], [-74.173079, 40.328759], [-74.173039, 40.32876], [-74.172999, 40.328751], [-74.17296, 40.328735], [-74.172929, 40.328711], [-74.17291, 40.328678], [-74.172899, 40.328655], [-74.172875, 40.328621], [-74.172851, 40.328588], [-74.172823, 40.328563], [-74.17279, 40.328548], [-74.17275, 40.328543], [-74.172715, 40.328545], [-74.172636, 40.328544], [-74.172584, 40.328537], [-74.172545, 40.328524], [-74.17159, 40.32808], [-74.171392, 40.327883], [-74.171155, 40.327728], [-74.170796, 40.327455], [-74.170667, 40.327403], [-74.170011, 40.327392], [-74.169868, 40.327333], [-74.169646, 40.327178], [-74.169248, 40.327136], [-74.168928, 40.327138], [-74.168479, 40.326948], [-74.168304, 40.327], [-74.168179, 40.327091], [-74.168125, 40.32722], [-74.16793, 40.327291], [-74.167574, 40.327272], [-74.167386, 40.327314], [-74.167247, 40.327297], [-74.167078, 40.327182], [-74.166969, 40.327171], [-74.166758, 40.32727], [-74.166405, 40.327272], [-74.166318, 40.327337], [-74.166121, 40.327591], [-74.165756, 40.327645], [-74.165288, 40.327596], [-74.165016, 40.327436], [-74.164908, 40.327341], [-74.164827, 40.327187], [-74.164671, 40.327094], [-74.164336, 40.327014], [-74.164021, 40.327005], [-74.163307, 40.327075], [-74.16319, 40.327156], [-74.163035, 40.327369], [-74.162748, 40.327322], [-74.162619, 40.327251], [-74.162384, 40.327217], [-74.162029, 40.327107], [-74.161812, 40.327069], [-74.161584, 40.326928], [-74.161189, 40.326516], [-74.161265, 40.326301], [-74.160996, 40.326151], [-74.160688, 40.326071], [-74.160253, 40.326102], [-74.160133, 40.326135], [-74.159833, 40.326313], [-74.159573, 40.326338], [-74.15949, 40.326299], [-74.157137, 40.326201], [-74.155964, 40.326604], [-74.153457, 40.325995], [-74.150191, 40.324526], [-74.149078, 40.324658], [-74.149069, 40.325342], [-74.149023, 40.328119], [-74.149004, 40.329127], [-74.148831, 40.339135], [-74.148563, 40.34042], [-74.148289, 40.341756], [-74.147973, 40.343336], [-74.146589, 40.34655], [-74.146174, 40.348847], [-74.146353, 40.349762], [-74.147027, 40.353727], [-74.147136, 40.354379], [-74.148395, 40.361655], [-74.14866, 40.362986], [-74.148892, 40.365535], [-74.149583, 40.366757], [-74.150467, 40.370905], [-74.150076, 40.372279], [-74.14738, 40.374319], [-74.147215, 40.374433], [-74.146829, 40.374701], [-74.14654, 40.374902], [-74.144143, 40.37637], [-74.143446, 40.376724], [-74.144438, 40.379895], [-74.144779, 40.382766], [-74.145142, 40.384467], [-74.145417, 40.387554], [-74.146126, 40.390792], [-74.145554, 40.390754], [-74.145027, 40.392897], [-74.144946, 40.393346], [-74.144793, 40.394211], [-74.144177, 40.397779], [-74.14416, 40.397874], [-74.14377, 40.4], [-74.143543, 40.401267], [-74.14331, 40.402608], [-74.142907, 40.404922], [-74.142881, 40.404909], [-74.142547, 40.405248], [-74.1368, 40.411061], [-74.13645, 40.41415], [-74.13632, 40.4154], [-74.136007, 40.41747], [-74.135169, 40.419566], [-74.133936, 40.42319], [-74.133689, 40.424453], [-74.133494, 40.425291], [-74.133239, 40.426457], [-74.133157, 40.426856], [-74.135839, 40.426779], [-74.136357, 40.425899], [-74.142488, 40.424079], [-74.143621, 40.423745], [-74.146808, 40.422799], [-74.148736, 40.42223], [-74.151457, 40.421426], [-74.152118, 40.421232], [-74.154022, 40.420669], [-74.158683, 40.419291], [-74.16203, 40.418349], [-74.163735, 40.417877], [-74.16793, 40.416735], [-74.168127, 40.416693], [-74.168541, 40.416604], [-74.169938, 40.416291], [-74.173432, 40.415633], [-74.173586, 40.415142], [-74.174484, 40.414894], [-74.17514, 40.414711], [-74.175794, 40.414531], [-74.176151, 40.414431], [-74.176415, 40.414357], [-74.177124, 40.414162], [-74.177776, 40.413982], [-74.178452, 40.413795], [-74.180554, 40.413211], [-74.181708, 40.412845], [-74.183954, 40.412361], [-74.185398, 40.412141], [-74.185783, 40.411704], [-74.187907, 40.411616], [-74.188476, 40.411535], [-74.190365, 40.411297], [-74.191771, 40.411163], [-74.19335, 40.41092], [-74.195174, 40.410514], [-74.196349, 40.410239], [-74.198527, 40.408911], [-74.198667, 40.408822], [-74.19952, 40.408281], [-74.199809, 40.408096], [-74.201327, 40.407021], [-74.203298, 40.406254], [-74.206792, 40.405458], [-74.209053, 40.405025], [-74.209005, 40.403657], [-74.208605, 40.401193], [-74.207856, 40.39936], [-74.208301, 40.397073], [-74.208341, 40.396894], [-74.208654, 40.395131], [-74.208528, 40.392493], [-74.20777, 40.389983], [-74.208815, 40.381827], [-74.213707, 40.383642], [-74.219453, 40.385826], [-74.220134, 40.386085], [-74.221141, 40.386468], [-74.228313, 40.388403], [-74.231134, 40.389892], [-74.233008, 40.390732], [-74.237683, 40.391296], [-74.239639, 40.391744], [-74.241969, 40.392277], [-74.242122, 40.392312], [-74.245254, 40.393047], [-74.24556, 40.393126], [-74.255255, 40.394444], [-74.259649, 40.395045], [-74.262074, 40.395373], [-74.26769, 40.391011], [-74.268802, 40.390153], [-74.273722, 40.386328], [-74.282386, 40.379586], [-74.290883, 40.372978], [-74.293125, 40.371242], [-74.294897, 40.369866], [-74.298924, 40.366741], [-74.299153, 40.366565], [-74.301332, 40.364874], [-74.304888, 40.362115], [-74.305178, 40.361893], [-74.308855, 40.35904], [-74.310369, 40.357865], [-74.31289, 40.355911], [-74.314243, 40.354862], [-74.321915, 40.348903], [-74.327377, 40.344599], [-74.328442, 40.343782], [-74.331678, 40.34121], [-74.337894, 40.336371], [-74.352522, 40.324977], [-74.356259, 40.32206], [-74.360762, 40.318541], [-74.360824, 40.318493], [-74.362638, 40.317077], [-74.363386, 40.316391], [-74.365369, 40.314837], [-74.374424, 40.30787], [-74.376061, 40.306595], [-74.378499, 40.304466], [-74.381285, 40.301625], [-74.385341, 40.297484], [-74.393325, 40.289317], [-74.393352, 40.289291], [-74.394231, 40.28839], [-74.394934, 40.286086], [-74.394117, 40.282894], [-74.393141, 40.281877], [-74.39272, 40.281412], [-74.393438, 40.279548], [-74.397908, 40.278213], [-74.398593, 40.277428], [-74.408157, 40.27343], [-74.413323, 40.271275], [-74.416131, 40.270103], [-74.417953, 40.269337], [-74.422239, 40.267547], [-74.425813, 40.26605], [-74.435704, 40.261912], [-74.436147, 40.261727], [-74.436503, 40.261578], [-74.441835, 40.25935], [-74.449014, 40.25634], [-74.456352, 40.253224], [-74.461017, 40.251122], [-74.463277, 40.252111], [-74.467994, 40.25245], [-74.471502, 40.252639], [-74.475762, 40.252854], [-74.476037, 40.252867], [-74.476574, 40.252894], [-74.477511, 40.252941], [-74.478616, 40.252998], [-74.484962, 40.253325], [-74.484167, 40.25853], [-74.483762, 40.262238], [-74.482945, 40.267301], [-74.48292, 40.267453], [-74.482123, 40.272567], [-74.48203, 40.273915], [-74.483814, 40.274616], [-74.486869, 40.275011], [-74.487831, 40.275515], [-74.488968, 40.277084], [-74.490936, 40.277663], [-74.495921, 40.278767], [-74.497617, 40.280534], [-74.498754, 40.280047], [-74.500679, 40.280343], [-74.501626, 40.279508], [-74.504069, 40.280559], [-74.504296, 40.280614], [-74.504489, 40.280662], [-74.5047, 40.28071], [-74.506721, 40.28036], [-74.507151, 40.28155], [-74.508836, 40.281701], [-74.509453, 40.283008], [-74.511152, 40.283041], [-74.511751, 40.28493], [-74.513151, 40.286227], [-74.514855, 40.287138], [-74.515668, 40.287032], [-74.518369, 40.286496], [-74.519761, 40.287062], [-74.5208, 40.286627], [-74.522873, 40.285608], [-74.523215, 40.287009], [-74.521763, 40.288723], [-74.521918, 40.290214], [-74.522044, 40.290282], [-74.523683, 40.290693], [-74.524686, 40.292305], [-74.526828, 40.293173], [-74.528142, 40.2943], [-74.530713, 40.294043], [-74.532211, 40.292977], [-74.53434, 40.292675], [-74.533671, 40.292232], [-74.536582, 40.289486], [-74.539918, 40.28833], [-74.542112, 40.290676], [-74.542244, 40.29178], [-74.545142, 40.292321], [-74.546674, 40.291165], [-74.54944, 40.290938], [-74.550574, 40.291133], [-74.551713, 40.290551], [-74.553396, 40.290906], [-74.555979, 40.292516], [-74.55631, 40.291754], [-74.557596, 40.292127], [-74.558731, 40.294236], [-74.55842, 40.295096], [-74.559489, 40.29601], [-74.562449, 40.296333], [-74.563013, 40.296977], [-74.564818, 40.296966], [-74.566029, 40.298539], [-74.567767, 40.299968], [-74.569385, 40.299584], [-74.573397, 40.3009], [-74.572853, 40.295793], [-74.572403, 40.289684], [-74.567528, 40.287748], [-74.567827, 40.286484], [-74.567594, 40.282532], [-74.567387, 40.278522], [-74.568622, 40.278479], [-74.569881, 40.278435], [-74.571628, 40.278374], [-74.571473, 40.274696], [-74.576792, 40.269263], [-74.578584, 40.267454], [-74.579389, 40.267029], [-74.580356, 40.26637], [-74.579991, 40.266165], [-74.582141, 40.264028], [-74.58608, 40.260093], [-74.595585, 40.25062], [-74.599285, 40.24683], [-74.60041, 40.248018], [-74.603018, 40.249318], [-74.6072, 40.252007], [-74.607709, 40.253169], [-74.614758, 40.251301], [-74.618669, 40.250265], [-74.621039, 40.249648], [-74.625814, 40.248365], [-74.631066, 40.246933], [-74.632367, 40.246579], [-74.635979, 40.245594], [-74.638479, 40.244918], [-74.640279, 40.244424], [-74.644544, 40.243253], [-74.64767, 40.242389], [-74.648745, 40.242089], [-74.649937, 40.241759], [-74.650074, 40.241986], [-74.650487, 40.242673], [-74.650585, 40.242836], [-74.651187, 40.243848], [-74.655414, 40.25092], [-74.655479, 40.251039], [-74.658402, 40.256608], [-74.658619, 40.257015], [-74.660318, 40.25996], [-74.660368, 40.260046], [-74.660414, 40.260127], [-74.664492, 40.267163], [-74.66455, 40.267259], [-74.664569, 40.267297], [-74.666275, 40.270605], [-74.66955, 40.276953], [-74.669883, 40.277741], [-74.670809, 40.279383], [-74.676571, 40.290148], [-74.677167, 40.291332], [-74.677996, 40.293122], [-74.678071, 40.293328], [-74.678132, 40.293536], [-74.678385, 40.2939], [-74.680051, 40.296774], [-74.680121, 40.296899], [-74.682365, 40.300846], [-74.682934, 40.301868], [-74.684642, 40.304872], [-74.684666, 40.305104], [-74.686382, 40.308084], [-74.688969, 40.313236], [-74.689803, 40.314929], [-74.695067, 40.325136], [-74.700708, 40.335348], [-74.704655, 40.342722], [-74.70642, 40.345999], [-74.707078, 40.347197], [-74.709565, 40.351761], [-74.710091, 40.352671], [-74.710421, 40.353287], [-74.710515, 40.353447], [-74.711354, 40.355023], [-74.712028, 40.356229], [-74.712136, 40.356436], [-74.712885, 40.357847], [-74.713221, 40.358476], [-74.717958, 40.354303], [-74.72824, 40.345241], [-74.737905, 40.336572], [-74.73821, 40.336298], [-74.743733, 40.33138], [-74.746037, 40.32611], [-74.75413, 40.306882], [-74.757313, 40.297967], [-74.757453, 40.297599], [-74.757718, 40.296862], [-74.759893, 40.29077], [-74.760868, 40.288059], [-74.760953, 40.287817], [-74.761711, 40.285658], [-74.762224, 40.284274], [-74.762288, 40.28234], [-74.762343, 40.28099], [-74.76239, 40.279227], [-74.762433, 40.277708], [-74.761818, 40.277413], [-74.75934, 40.276248], [-74.75382, 40.27365], [-74.751582, 40.272564], [-74.751822, 40.272214], [-74.753278, 40.270054], [-74.75574, 40.266393], [-74.755841, 40.263836], [-74.753078, 40.263133], [-74.751482, 40.263308], [-74.7496, 40.261741], [-74.749534, 40.260855]]]]}}, {"type": "Feature", "properties": {"id": 4, "NAME": "4", "text-color": "#000000", "text-size": 16, "TotalPop": 773586, "PopDevPct": 1.72e-06, "DemPct": 0.381179, "RepPct": 0.60592904, "WhitePct": 0.81970533, "MinorityPct": 0.18029467, "BlackPct": 0.04219612, "HispanicPct": 0.09093918, "PacificPct": 0.00084701, "AsianPct": 0.03250386, "NativePct": 0.01145078, "TotalVAP": 589130, "Margin": -0.118821, "color": "#009aff", "opacity": "0.5", "year": 2022, "state": "NJ", "state-district": "NJ-04"}, "geometry": {"type": "MultiPolygon", "coordinates": [[[[-74.076473, 40.361686], [-74.076321, 40.361759], [-74.075764, 40.362098], [-74.074532, 40.362822], [-74.07309, 40.363687], [-74.072742, 40.363907], [-74.07108, 40.364884], [-74.07081, 40.365038], [-74.067605, 40.366871], [-74.0665, 40.367662], [-74.065195, 40.368839], [-74.061016, 40.370957], [-74.058935, 40.371998], [-74.053376, 40.374026], [-74.049651, 40.375431], [-74.049522, 40.375482], [-74.048132, 40.375514], [-74.047631, 40.374826], [-74.046118, 40.374944], [-74.044721, 40.37404], [-74.042696, 40.373504], [-74.041377, 40.374079], [-74.036709, 40.377414], [-74.035178, 40.37802], [-74.032077, 40.37854], [-74.031091, 40.376709], [-74.025189, 40.378587], [-74.01943, 40.380163], [-74.014321, 40.381645], [-74.011744, 40.382333], [-74.0151, 40.389046], [-74.021399, 40.393366], [-74.022344, 40.393716], [-74.022316, 40.39385], [-74.022125, 40.394853], [-74.021689, 40.397134], [-74.021478, 40.39805], [-74.021598, 40.398137], [-74.021764, 40.398186], [-74.024181, 40.39976], [-74.023624, 40.400328], [-74.025277, 40.401376], [-74.025727, 40.40071], [-74.029394, 40.40302], [-74.029604, 40.403392], [-74.029711, 40.403559], [-74.029826, 40.403454], [-74.030574, 40.402431], [-74.032702, 40.401792], [-74.034232, 40.403329], [-74.034329, 40.404004], [-74.036888, 40.406566], [-74.040536, 40.408364], [-74.042026, 40.408802], [-74.042772, 40.409641], [-74.043049, 40.410172], [-74.04308, 40.410276], [-74.043144, 40.411614], [-74.045706, 40.411792], [-74.048165, 40.412622], [-74.050988, 40.413249], [-74.051518, 40.413227], [-74.056594, 40.41416], [-74.05749, 40.414315], [-74.0575, 40.4142], [-74.059315, 40.414514], [-74.062438, 40.415087], [-74.065232, 40.415583], [-74.06969, 40.416412], [-74.069906, 40.416462], [-74.070308, 40.416532], [-74.073963, 40.417175], [-74.073955, 40.417261], [-74.074384, 40.417337], [-74.076184, 40.417655], [-74.077038, 40.417806], [-74.07873, 40.418104], [-74.08296, 40.418729], [-74.087465, 40.419131], [-74.089876, 40.41981], [-74.089126, 40.420884], [-74.090432, 40.421826], [-74.090609, 40.421546], [-74.090902, 40.421051], [-74.091309, 40.420354], [-74.09463, 40.421609], [-74.096772, 40.422403], [-74.096869, 40.42244], [-74.099575, 40.423733], [-74.103146, 40.425939], [-74.105721, 40.427431], [-74.108234, 40.42901], [-74.108909, 40.429424], [-74.109574, 40.429842], [-74.110248, 40.430248], [-74.110927, 40.430666], [-74.112245, 40.43143], [-74.109237, 40.433472], [-74.109267, 40.433502], [-74.110626, 40.434888], [-74.111458, 40.434551], [-74.112572, 40.434093], [-74.113063, 40.434802], [-74.113702, 40.435743], [-74.114462, 40.435435], [-74.113886, 40.434486], [-74.114664, 40.434199], [-74.115239, 40.43512], [-74.116034, 40.434792], [-74.115652, 40.434175], [-74.115763, 40.434129], [-74.116046, 40.434025], [-74.116366, 40.433912], [-74.116415, 40.433904], [-74.116436, 40.433913], [-74.116475, 40.433963], [-74.116791, 40.434492], [-74.116663, 40.434545], [-74.116675, 40.43533], [-74.116691, 40.436414], [-74.118683, 40.436415], [-74.11869, 40.437014], [-74.118707, 40.438134], [-74.116712, 40.438149], [-74.116722, 40.438807], [-74.119722, 40.438889], [-74.12088, 40.438931], [-74.122316, 40.438956], [-74.122347, 40.437877], [-74.123555, 40.437912], [-74.126069, 40.438137], [-74.12619, 40.437974], [-74.128332, 40.435808], [-74.128959, 40.436219], [-74.129858, 40.436334], [-74.130526, 40.436418], [-74.130602, 40.436427], [-74.130674, 40.436097], [-74.130825, 40.435421], [-74.131271, 40.43548], [-74.131287, 40.435373], [-74.131394, 40.43486], [-74.13141, 40.434791], [-74.131542, 40.434201], [-74.131628, 40.433808], [-74.13168, 40.433575], [-74.132088, 40.431716], [-74.132268, 40.430935], [-74.132414, 40.430227], [-74.132584, 40.429464], [-74.132748, 40.428735], [-74.133157, 40.426856], [-74.133239, 40.426457], [-74.133494, 40.425291], [-74.133689, 40.424453], [-74.133936, 40.42319], [-74.135169, 40.419566], [-74.136007, 40.41747], [-74.13632, 40.4154], [-74.13645, 40.41415], [-74.1368, 40.411061], [-74.142547, 40.405248], [-74.142881, 40.404909], [-74.142907, 40.404922], [-74.14331, 40.402608], [-74.143543, 40.401267], [-74.14377, 40.4], [-74.14416, 40.397874], [-74.144177, 40.397779], [-74.144793, 40.394211], [-74.144946, 40.393346], [-74.145027, 40.392897], [-74.145554, 40.390754], [-74.146126, 40.390792], [-74.145417, 40.387554], [-74.145142, 40.384467], [-74.144779, 40.382766], [-74.144438, 40.379895], [-74.143446, 40.376724], [-74.144143, 40.37637], [-74.14654, 40.374902], [-74.146829, 40.374701], [-74.147215, 40.374433], [-74.14738, 40.374319], [-74.150076, 40.372279], [-74.150467, 40.370905], [-74.149583, 40.366757], [-74.148892, 40.365535], [-74.14866, 40.362986], [-74.148395, 40.361655], [-74.147136, 40.354379], [-74.147027, 40.353727], [-74.146353, 40.349762], [-74.146174, 40.348847], [-74.146589, 40.34655], [-74.147973, 40.343336], [-74.148289, 40.341756], [-74.148563, 40.34042], [-74.148831, 40.339135], [-74.149004, 40.329127], [-74.149023, 40.328119], [-74.149069, 40.325342], [-74.149078, 40.324658], [-74.150191, 40.324526], [-74.153457, 40.325995], [-74.155964, 40.326604], [-74.157137, 40.326201], [-74.15949, 40.326299], [-74.159573, 40.326338], [-74.159833, 40.326313], [-74.160133, 40.326135], [-74.160253, 40.326102], [-74.160688, 40.326071], [-74.160996, 40.326151], [-74.161265, 40.326301], [-74.161189, 40.326516], [-74.161584, 40.326928], [-74.161812, 40.327069], [-74.162029, 40.327107], [-74.162384, 40.327217], [-74.162619, 40.327251], [-74.162748, 40.327322], [-74.163035, 40.327369], [-74.16319, 40.327156], [-74.163307, 40.327075], [-74.164021, 40.327005], [-74.164336, 40.327014], [-74.164671, 40.327094], [-74.164827, 40.327187], [-74.164908, 40.327341], [-74.165016, 40.327436], [-74.165288, 40.327596], [-74.165756, 40.327645], [-74.166121, 40.327591], [-74.166318, 40.327337], [-74.166405, 40.327272], [-74.166758, 40.32727], [-74.166969, 40.327171], [-74.167078, 40.327182], [-74.167247, 40.327297], [-74.167386, 40.327314], [-74.167574, 40.327272], [-74.16793, 40.327291], [-74.168125, 40.32722], [-74.168179, 40.327091], [-74.168304, 40.327], [-74.168479, 40.326948], [-74.168928, 40.327138], [-74.169248, 40.327136], [-74.169646, 40.327178], [-74.169868, 40.327333], [-74.170011, 40.327392], [-74.170667, 40.327403], [-74.170796, 40.327455], [-74.171155, 40.327728], [-74.171392, 40.327883], [-74.17159, 40.32808], [-74.172545, 40.328524], [-74.172584, 40.328537], [-74.172636, 40.328544], [-74.172715, 40.328545], [-74.17275, 40.328543], [-74.17279, 40.328548], [-74.172823, 40.328563], [-74.172851, 40.328588], [-74.172875, 40.328621], [-74.172899, 40.328655], [-74.17291, 40.328678], [-74.172929, 40.328711], [-74.17296, 40.328735], [-74.172999, 40.328751], [-74.173039, 40.32876], [-74.173079, 40.328759], [-74.173135, 40.328752], [-74.173221, 40.328735], [-74.173316, 40.328711], [-74.173383, 40.328691], [-74.173431, 40.328669], [-74.173454, 40.328656], [-74.173481, 40.328654], [-74.173486, 40.329832], [-74.173504, 40.329872], [-74.173501, 40.329925], [-74.173432, 40.330032], [-74.173422, 40.330115], [-74.173455, 40.330166], [-74.173551, 40.330249], [-74.173607, 40.330283], [-74.17379, 40.330351], [-74.173877, 40.330421], [-74.173967, 40.330543], [-74.174091, 40.330688], [-74.174171, 40.330793], [-74.174205, 40.330866], [-74.17426, 40.330949], [-74.174311, 40.330993], [-74.174422, 40.331057], [-74.174474, 40.331105], [-74.174494, 40.331141], [-74.174488, 40.331205], [-74.174383, 40.331279], [-74.174277, 40.33138], [-74.174215, 40.331458], [-74.174179, 40.331487], [-74.174053, 40.331564], [-74.173936, 40.331576], [-74.173867, 40.331607], [-74.173844, 40.331648], [-74.173828, 40.331759], [-74.17377, 40.331812], [-74.173601, 40.331872], [-74.173471, 40.331912], [-74.173421, 40.331944], [-74.173398, 40.33199], [-74.173402, 40.332043], [-74.173444, 40.332072], [-74.173559, 40.332121], [-74.173612, 40.332155], [-74.173699, 40.332245], [-74.173808, 40.332624], [-74.17383, 40.332661], [-74.173901, 40.332724], [-74.173963, 40.332745], [-74.174115, 40.332774], [-74.17421, 40.332824], [-74.174236, 40.332859], [-74.174242, 40.332961], [-74.174236, 40.333039], [-74.174315, 40.333106], [-74.174403, 40.333147], [-74.174543, 40.333199], [-74.174573, 40.33329], [-74.174617, 40.333332], [-74.174671, 40.333352], [-74.174786, 40.33337], [-74.174919, 40.333436], [-74.174955, 40.333494], [-74.174968, 40.333553], [-74.174955, 40.333764], [-74.174971, 40.333846], [-74.175046, 40.334059], [-74.175121, 40.33417], [-74.175164, 40.33421], [-74.175246, 40.33425], [-74.175571, 40.334328], [-74.175756, 40.33439], [-74.176103, 40.334527], [-74.17619, 40.334519], [-74.176241, 40.334502], [-74.17638, 40.334417], [-74.176489, 40.334374], [-74.176597, 40.334359], [-74.176925, 40.334338], [-74.176995, 40.334317], [-74.177058, 40.334282], [-74.177187, 40.334174], [-74.177338, 40.334149], [-74.177491, 40.334079], [-74.177794, 40.33398], [-74.177838, 40.333912], [-74.177897, 40.333781], [-74.177913, 40.333763], [-74.178106, 40.333662], [-74.178264, 40.3336], [-74.178362, 40.333579], [-74.178534, 40.333602], [-74.178771, 40.333653], [-74.178892, 40.333659], [-74.179033, 40.333626], [-74.179186, 40.333557], [-74.179321, 40.333456], [-74.179393, 40.333438], [-74.179502, 40.333442], [-74.179647, 40.333459], [-74.179699, 40.333483], [-74.179771, 40.333493], [-74.179885, 40.333489], [-74.179984, 40.333535], [-74.180046, 40.333593], [-74.180077, 40.333603], [-74.180193, 40.333607], [-74.180239, 40.333635], [-74.180375, 40.333702], [-74.180492, 40.333719], [-74.18059, 40.333745], [-74.180616, 40.333838], [-74.180668, 40.333873], [-74.18073, 40.333879], [-74.180881, 40.333823], [-74.181104, 40.333783], [-74.181166, 40.333794], [-74.181226, 40.333846], [-74.181277, 40.333986], [-74.181311, 40.334176], [-74.181342, 40.334216], [-74.181412, 40.334259], [-74.181743, 40.3344], [-74.1819, 40.334419], [-74.182028, 40.334448], [-74.182121, 40.334492], [-74.182141, 40.33453], [-74.18212, 40.334588], [-74.18205, 40.334688], [-74.18204, 40.334771], [-74.18205, 40.334813], [-74.182104, 40.334849], [-74.182149, 40.334852], [-74.182294, 40.33482], [-74.182361, 40.334816], [-74.182662, 40.334815], [-74.182744, 40.334807], [-74.182803, 40.334779], [-74.182921, 40.334684], [-74.183064, 40.334615], [-74.183108, 40.334609], [-74.183165, 40.334633], [-74.183216, 40.334703], [-74.183221, 40.334858], [-74.183178, 40.33504], [-74.183193, 40.335128], [-74.183258, 40.335235], [-74.183302, 40.335275], [-74.183389, 40.335301], [-74.183455, 40.335287], [-74.183551, 40.335238], [-74.183646, 40.335216], [-74.183728, 40.335254], [-74.183801, 40.335336], [-74.183823, 40.335383], [-74.183844, 40.335521], [-74.183886, 40.335681], [-74.183935, 40.335722], [-74.183986, 40.335735], [-74.184143, 40.335726], [-74.184219, 40.33573], [-74.184258, 40.335744], [-74.184276, 40.335785], [-74.184294, 40.335898], [-74.184334, 40.335941], [-74.18439, 40.335966], [-74.184506, 40.335968], [-74.184721, 40.335995], [-74.184842, 40.336026], [-74.184953, 40.336084], [-74.185128, 40.336162], [-74.185186, 40.336175], [-74.185338, 40.336177], [-74.185445, 40.336163], [-74.185567, 40.336162], [-74.185601, 40.33617], [-74.18571, 40.336234], [-74.185802, 40.336305], [-74.185902, 40.336407], [-74.18599, 40.336506], [-74.186083, 40.336556], [-74.186178, 40.33659], [-74.186252, 40.336606], [-74.186548, 40.336616], [-74.186606, 40.336634], [-74.186687, 40.336691], [-74.186751, 40.336757], [-74.186796, 40.336849], [-74.186799, 40.336888], [-74.186784, 40.337018], [-74.186741, 40.337194], [-74.186744, 40.337322], [-74.186798, 40.337447], [-74.186977, 40.337913], [-74.187035, 40.338026], [-74.187077, 40.338067], [-74.187161, 40.338126], [-74.187312, 40.338212], [-74.1875, 40.33822], [-74.187855, 40.338171], [-74.188462, 40.338173], [-74.188995, 40.338089], [-74.189133, 40.338119], [-74.189102, 40.338245], [-74.189208, 40.338374], [-74.189425, 40.338425], [-74.18965, 40.338667], [-74.189886, 40.338702], [-74.190216, 40.338835], [-74.190316, 40.339068], [-74.190494, 40.339205], [-74.190854, 40.339174], [-74.190837, 40.338986], [-74.190943, 40.338763], [-74.191098, 40.338761], [-74.191424, 40.338967], [-74.191878, 40.339143], [-74.191905, 40.339302], [-74.192011, 40.339446], [-74.192203, 40.339533], [-74.192492, 40.33956], [-74.192587, 40.339615], [-74.192511, 40.339843], [-74.192515, 40.339965], [-74.192606, 40.340068], [-74.192607, 40.340385], [-74.192663, 40.340577], [-74.192792, 40.34069], [-74.192797, 40.340817], [-74.192478, 40.341017], [-74.192388, 40.341121], [-74.19241, 40.341379], [-74.192503, 40.341518], [-74.192673, 40.341654], [-74.192905, 40.341786], [-74.192897, 40.34192], [-74.192547, 40.341941], [-74.192442, 40.342041], [-74.192401, 40.34221], [-74.192783, 40.342634], [-74.19289, 40.342858], [-74.192913, 40.343153], [-74.192803, 40.343388], [-74.192853, 40.343869], [-74.192962, 40.344128], [-74.193, 40.344425], [-74.193299, 40.344497], [-74.193694, 40.344772], [-74.193888, 40.344831], [-74.194356, 40.344809], [-74.19452, 40.344873], [-74.194818, 40.345096], [-74.195417, 40.345131], [-74.197471, 40.345374], [-74.200075, 40.345322], [-74.201913, 40.345731], [-74.202656, 40.345718], [-74.210431, 40.344314], [-74.210608, 40.344281], [-74.214019, 40.343458], [-74.22186, 40.340665], [-74.225295, 40.339457], [-74.221782, 40.334412], [-74.221016, 40.33331], [-74.221822, 40.331641], [-74.223315, 40.329272], [-74.224067, 40.327679], [-74.223506, 40.32312], [-74.223093, 40.319608], [-74.222506, 40.312914], [-74.221636, 40.305125], [-74.221252, 40.301771], [-74.221265, 40.301755], [-74.221336, 40.301667], [-74.222734, 40.285765], [-74.222998, 40.282691], [-74.221972, 40.282741], [-74.222881, 40.278071], [-74.222962, 40.277422], [-74.22299, 40.276981], [-74.223084, 40.275237], [-74.223096, 40.275025], [-74.223209, 40.272927], [-74.22376, 40.262966], [-74.223859, 40.261186], [-74.230502, 40.253595], [-74.231655, 40.252272], [-74.233764, 40.249818], [-74.235421, 40.247844], [-74.238368, 40.2443], [-74.242397, 40.239425], [-74.243072, 40.238609], [-74.243721, 40.237816], [-74.244758, 40.236556], [-74.244894, 40.23639], [-74.245249, 40.235959], [-74.249641, 40.230551], [-74.253273, 40.226167], [-74.258909, 40.219374], [-74.259028, 40.219406], [-74.259215, 40.219099], [-74.259323, 40.219207], [-74.259341, 40.219225], [-74.259437, 40.219258], [-74.259518, 40.219278], [-74.259611, 40.219295], [-74.259707, 40.219307], [-74.259799, 40.219312], [-74.259888, 40.219302], [-74.260022, 40.219218], [-74.260054, 40.219151], [-74.260066, 40.219073], [-74.26007, 40.218989], [-74.260068, 40.218906], [-74.26006, 40.218826], [-74.26004, 40.218758], [-74.260004, 40.218707], [-74.259955, 40.21867], [-74.259897, 40.218643], [-74.259836, 40.218619], [-74.25975, 40.218585], [-74.259665, 40.218546], [-74.259578, 40.218499], [-74.260185, 40.217701], [-74.261739, 40.21568], [-74.261867, 40.215493], [-74.262434, 40.214664], [-74.266476, 40.209003], [-74.268605, 40.206006], [-74.270099, 40.206818], [-74.269901, 40.207834], [-74.268612, 40.209022], [-74.27017, 40.209042], [-74.271855, 40.209161], [-74.274291, 40.20978], [-74.27711, 40.210757], [-74.27757, 40.210033], [-74.279033, 40.206969], [-74.28068, 40.205156], [-74.284896, 40.206691], [-74.285765, 40.206985], [-74.289244, 40.20785], [-74.296362, 40.209585], [-74.295581, 40.21183], [-74.29556, 40.211876], [-74.29635, 40.212076], [-74.298788, 40.212192], [-74.301161, 40.212978], [-74.302385, 40.213389], [-74.304858, 40.213604], [-74.308169, 40.213927], [-74.30868, 40.214019], [-74.30942, 40.213806], [-74.309927, 40.213461], [-74.310221, 40.213072], [-74.310665, 40.211967], [-74.310666, 40.211775], [-74.312079, 40.20974], [-74.314403, 40.209372], [-74.315665, 40.209637], [-74.319018, 40.209033], [-74.322893, 40.208678], [-74.328585, 40.20744], [-74.328681, 40.207426], [-74.329283, 40.218049], [-74.331372, 40.217969], [-74.335173, 40.217664], [-74.341628, 40.216542], [-74.346102, 40.213702], [-74.353526, 40.208899], [-74.359318, 40.205247], [-74.365566, 40.201212], [-74.372015, 40.196722], [-74.373343, 40.195799], [-74.384445, 40.187982], [-74.387308, 40.185995], [-74.387994, 40.185504], [-74.39062, 40.183653], [-74.400535, 40.176682], [-74.40671, 40.172402], [-74.409006, 40.170789], [-74.409058, 40.170752], [-74.413986, 40.167295], [-74.416715, 40.165362], [-74.420932, 40.16242], [-74.421718, 40.161866], [-74.424048, 40.160252], [-74.424324, 40.160045], [-74.428164, 40.15733], [-74.439535, 40.149397], [-74.444331, 40.146078], [-74.448853, 40.142907], [-74.458036, 40.136487], [-74.458842, 40.135924], [-74.463476, 40.132666], [-74.469548, 40.128586], [-74.475552, 40.124609], [-74.478093, 40.122921], [-74.480594, 40.121253], [-74.483835, 40.119126], [-74.489691, 40.115242], [-74.492526, 40.113352], [-74.500332, 40.108186], [-74.504331, 40.10553], [-74.505911, 40.104487], [-74.507415, 40.103507], [-74.508351, 40.102853], [-74.508733, 40.102591], [-74.511455, 40.100808], [-74.512766, 40.09994], [-74.513705, 40.099315], [-74.518537, 40.096103], [-74.519951, 40.095167], [-74.520402, 40.094862], [-74.525132, 40.09173], [-74.528374, 40.089613], [-74.533474, 40.087413], [-74.534374, 40.087033], [-74.540807, 40.08432], [-74.541016, 40.084231], [-74.54638, 40.081973], [-74.549886, 40.08047], [-74.553105, 40.07913], [-74.548606, 40.071506], [-74.545977, 40.067013], [-74.543901, 40.063517], [-74.54322, 40.062364], [-74.540705, 40.058116], [-74.540432, 40.057763], [-74.540329, 40.057634], [-74.540151, 40.057334], [-74.538893, 40.055202], [-74.534475, 40.047711], [-74.533045, 40.045254], [-74.52909, 40.038168], [-74.528324, 40.036679], [-74.527151, 40.034262], [-74.527021, 40.033993], [-74.526901, 40.03375], [-74.522572, 40.02478], [-74.514324, 40.007682], [-74.506797, 39.992099], [-74.506482, 39.99144], [-74.50641, 39.991301], [-74.505471, 39.989512], [-74.500073, 39.979257], [-74.498475, 39.976219], [-74.496851, 39.973137], [-74.495006, 39.969625], [-74.492215, 39.96432], [-74.491465, 39.962886], [-74.491228, 39.962431], [-74.489936, 39.959981], [-74.488843, 39.957902], [-74.484619, 39.949869], [-74.481895, 39.944687], [-74.481295, 39.943543], [-74.475349, 39.932236], [-74.472843, 39.927465], [-74.472524, 39.926856], [-74.470239, 39.922527], [-74.469642, 39.921403], [-74.469615, 39.921351], [-74.468659, 39.919552], [-74.459366, 39.902184], [-74.453009, 39.890288], [-74.450639, 39.885854], [-74.448626, 39.882085], [-74.448511, 39.881869], [-74.448186, 39.88126], [-74.443648, 39.872775], [-74.441799, 39.869315], [-74.438099, 39.862391], [-74.434223, 39.855157], [-74.433608, 39.853927], [-74.430492, 39.847586], [-74.429415, 39.845403], [-74.416891, 39.822682], [-74.409304, 39.823219], [-74.399809, 39.823888], [-74.378534, 39.825465], [-74.366005, 39.826416], [-74.343368, 39.828137], [-74.341965, 39.828232], [-74.331407, 39.828943], [-74.330692, 39.82867], [-74.306351, 39.819445], [-74.290141, 39.813296], [-74.278523, 39.808888], [-74.2756, 39.807777], [-74.269085, 39.805304], [-74.254252, 39.799672], [-74.250113, 39.79827], [-74.24885, 39.798799], [-74.247676, 39.800354], [-74.246674, 39.800151], [-74.245479, 39.802012], [-74.242995, 39.80259], [-74.24258, 39.803317], [-74.241061, 39.80314], [-74.240643, 39.802489], [-74.237069, 39.803822], [-74.234495, 39.803186], [-74.231732, 39.804007], [-74.230554, 39.810531], [-74.228508, 39.815677], [-74.227846, 39.818142], [-74.227448, 39.822437], [-74.226837, 39.825697], [-74.225283, 39.830668], [-74.220902, 39.830826], [-74.217653, 39.830075], [-74.216813, 39.829438], [-74.211576, 39.829403], [-74.211257, 39.829653], [-74.212151, 39.833009], [-74.212262, 39.833234], [-74.213871, 39.838229], [-74.21003, 39.836858], [-74.209471, 39.837994], [-74.208665, 39.837738], [-74.207787, 39.837455], [-74.207733, 39.838977], [-74.207549, 39.839653], [-74.206759, 39.839438], [-74.205889, 39.839156], [-74.205218, 39.840549], [-74.204941, 39.841236], [-74.203964, 39.841092], [-74.204349, 39.840329], [-74.204681, 39.83973], [-74.203856, 39.83957], [-74.203229, 39.840714], [-74.202889, 39.84051], [-74.202177, 39.839495], [-74.201942, 39.838999], [-74.201535, 39.839279], [-74.200608, 39.840154], [-74.199407, 39.839474], [-74.196194, 39.836187], [-74.196123, 39.836099], [-74.195068, 39.835595], [-74.194497, 39.835521], [-74.196188, 39.833959], [-74.199813, 39.829193], [-74.200438, 39.828334], [-74.20225, 39.825698], [-74.202284, 39.825624], [-74.202511, 39.823727], [-74.202515, 39.820112], [-74.202509, 39.81998], [-74.20251, 39.819757], [-74.201874, 39.816905], [-74.200033, 39.812937], [-74.19969, 39.81134], [-74.19963, 39.811104], [-74.199496, 39.811111], [-74.199392, 39.811114], [-74.199269, 39.811111], [-74.199146, 39.811114], [-74.199023, 39.811122], [-74.199006, 39.811124], [-74.198992, 39.811129], [-74.198976, 39.811136], [-74.198963, 39.811145], [-74.198952, 39.811155], [-74.198944, 39.811166], [-74.198928, 39.811202], [-74.198906, 39.811246], [-74.198882, 39.811283], [-74.19885, 39.811324], [-74.198816, 39.811356], [-74.198774, 39.811389], [-74.198729, 39.811419], [-74.198679, 39.811444], [-74.198626, 39.811466], [-74.198567, 39.811474], [-74.198506, 39.811475], [-74.198442, 39.811468], [-74.198388, 39.811457], [-74.198332, 39.811438], [-74.198289, 39.811418], [-74.198249, 39.811394], [-74.198222, 39.811374], [-74.198161, 39.811323], [-74.198135, 39.811306], [-74.198043, 39.811304], [-74.197377, 39.81142], [-74.197181, 39.811217], [-74.197157, 39.811185], [-74.197153, 39.811108], [-74.197151, 39.81108], [-74.197142, 39.811053], [-74.197128, 39.811027], [-74.197109, 39.811003], [-74.197084, 39.810982], [-74.197056, 39.810964], [-74.197024, 39.81095], [-74.196989, 39.810941], [-74.196953, 39.810936], [-74.196917, 39.810936], [-74.19688, 39.81094], [-74.196846, 39.810949], [-74.196813, 39.810962], [-74.196742, 39.810987], [-74.196667, 39.811006], [-74.196589, 39.811017], [-74.196511, 39.811022], [-74.196489, 39.81102], [-74.196469, 39.811015], [-74.196449, 39.811008], [-74.196432, 39.810998], [-74.196414, 39.810985], [-74.196402, 39.810977], [-74.196387, 39.810968], [-74.196363, 39.810958], [-74.196336, 39.810951], [-74.196309, 39.810946], [-74.196281, 39.810945], [-74.196253, 39.810948], [-74.196226, 39.810954], [-74.196201, 39.810963], [-74.196177, 39.810974], [-74.196144, 39.810988], [-74.196108, 39.810996], [-74.196071, 39.811], [-74.196034, 39.811], [-74.195997, 39.810994], [-74.195962, 39.810984], [-74.1958, 39.810933], [-74.195761, 39.810924], [-74.195721, 39.81092], [-74.195687, 39.810921], [-74.195653, 39.810926], [-74.195621, 39.810935], [-74.195484, 39.81096], [-74.195459, 39.810964], [-74.195433, 39.810965], [-74.195408, 39.810962], [-74.195383, 39.810957], [-74.19536, 39.810948], [-74.19534, 39.810937], [-74.195322, 39.810923], [-74.195307, 39.810907], [-74.195296, 39.810889], [-74.195288, 39.81087], [-74.195285, 39.810851], [-74.195286, 39.810831], [-74.195292, 39.810812], [-74.195298, 39.810797], [-74.195302, 39.810781], [-74.195302, 39.810765], [-74.195298, 39.81075], [-74.195291, 39.810735], [-74.195281, 39.810721], [-74.195268, 39.810709], [-74.195253, 39.810698], [-74.195236, 39.81069], [-74.195217, 39.810684], [-74.195197, 39.81068], [-74.195175, 39.810679], [-74.195156, 39.810681], [-74.195136, 39.810685], [-74.195086, 39.810699], [-74.195034, 39.810706], [-74.194981, 39.810708], [-74.194928, 39.810704], [-74.194877, 39.810693], [-74.194828, 39.810677], [-74.194783, 39.810655], [-74.194743, 39.810629], [-74.194603, 39.810504], [-74.194352, 39.810278], [-74.194323, 39.81026], [-74.194273, 39.810236], [-74.19422, 39.810218], [-74.194165, 39.810206], [-74.194104, 39.810203], [-74.194049, 39.810201], [-74.193992, 39.810208], [-74.193937, 39.810221], [-74.193884, 39.81024], [-74.193836, 39.810265], [-74.193793, 39.810295], [-74.193755, 39.810329], [-74.193697, 39.810379], [-74.193633, 39.810424], [-74.193563, 39.810464], [-74.193489, 39.810499], [-74.193388, 39.810537], [-74.192539, 39.810419], [-74.190907, 39.809735], [-74.18908, 39.80997], [-74.187107, 39.810303], [-74.185258, 39.809885], [-74.183147, 39.809588], [-74.18086, 39.809493], [-74.179084, 39.809334], [-74.177204, 39.809384], [-74.176233, 39.809634], [-74.175346, 39.809619], [-74.174678, 39.810022], [-74.173623, 39.810386], [-74.172432, 39.810443], [-74.171432, 39.810921], [-74.170488, 39.811183], [-74.163147, 39.809641], [-74.130074, 39.802388], [-74.107854, 39.797431], [-74.102864, 39.796372], [-74.102891, 39.797375], [-74.103432, 39.79798], [-74.103318, 39.79829], [-74.103446, 39.798725], [-74.103382, 39.799531], [-74.102753, 39.800311], [-74.102554, 39.800739], [-74.101789, 39.801106], [-74.101305, 39.801534], [-74.100484, 39.802566], [-74.100738, 39.802742], [-74.100261, 39.802796], [-74.099875, 39.803004], [-74.099494, 39.804015], [-74.098625, 39.804366], [-74.098187, 39.805222], [-74.097549, 39.805596], [-74.096654, 39.806656], [-74.096252, 39.807974], [-74.096208, 39.808579], [-74.096413, 39.809346], [-74.096433, 39.809969], [-74.096802, 39.810681], [-74.097038, 39.811606], [-74.096841, 39.812246], [-74.096743, 39.81326], [-74.096329, 39.813693], [-74.096063, 39.814622], [-74.095711, 39.815164], [-74.095718, 39.815445], [-74.095169, 39.816864], [-74.094808, 39.818999], [-74.094689, 39.820129], [-74.094791, 39.82069], [-74.094732, 39.821453], [-74.094214, 39.822158], [-74.093799, 39.823042], [-74.093518, 39.824838], [-74.093144, 39.825443], [-74.093069, 39.826395], [-74.093085, 39.826887], [-74.092882, 39.827958], [-74.092581, 39.828509], [-74.092517, 39.82898], [-74.092104, 39.829651], [-74.091927, 39.830442], [-74.091719, 39.830359], [-74.092014, 39.831466], [-74.09191, 39.833353], [-74.091666, 39.833829], [-74.091874, 39.833807], [-74.091246, 39.836013], [-74.091552, 39.836689], [-74.091769, 39.837663], [-74.09211, 39.838136], [-74.092343, 39.839263], [-74.092584, 39.839791], [-74.09229, 39.840505], [-74.092131, 39.841219], [-74.092137, 39.841752], [-74.091527, 39.842691], [-74.090284, 39.84403], [-74.090118, 39.844975], [-74.09101, 39.845625], [-74.091331, 39.846972], [-74.091223, 39.847554], [-74.091335, 39.847983], [-74.091016, 39.848103], [-74.0905, 39.849146], [-74.090122, 39.8502], [-74.090037, 39.85078], [-74.090396, 39.851096], [-74.090095, 39.851571], [-74.089239, 39.851998], [-74.089424, 39.852627], [-74.089798, 39.852845], [-74.089905, 39.853139], [-74.089575, 39.85347], [-74.08943, 39.853942], [-74.089463, 39.855113], [-74.089759, 39.856306], [-74.090008, 39.85685], [-74.089752, 39.857404], [-74.08929, 39.857907], [-74.088875, 39.858091], [-74.088168, 39.859154], [-74.087844, 39.860424], [-74.0883, 39.861332], [-74.08906, 39.862025], [-74.0894, 39.863021], [-74.089055, 39.864075], [-74.088627, 39.864589], [-74.088618, 39.865021], [-74.088283, 39.865681], [-74.087905, 39.865859], [-74.087948, 39.866146], [-74.087694, 39.866441], [-74.087156, 39.867721], [-74.087527, 39.868746], [-74.087486, 39.869757], [-74.087223, 39.871177], [-74.087331, 39.871798], [-74.087562, 39.871725], [-74.087668, 39.872466], [-74.087536, 39.872504], [-74.087302, 39.874512], [-74.087462, 39.87518], [-74.094252, 39.874893], [-74.10784, 39.87432], [-74.113468, 39.874165], [-74.12076, 39.873542], [-74.125929, 39.872658], [-74.131059, 39.871288], [-74.133965, 39.870514], [-74.140135, 39.869514], [-74.142444, 39.869335], [-74.147696, 39.869588], [-74.153124, 39.870397], [-74.155337, 39.8704], [-74.15798, 39.869473], [-74.160117, 39.869496], [-74.162447, 39.87052], [-74.162651, 39.87032], [-74.162684, 39.870254], [-74.162716, 39.870187], [-74.162767, 39.870083], [-74.16276, 39.870051], [-74.162576, 39.869277], [-74.162807, 39.868993], [-74.162916, 39.86843], [-74.163344, 39.868252], [-74.164024, 39.868213], [-74.164128, 39.868775], [-74.165357, 39.869107], [-74.165681, 39.869161], [-74.16614, 39.86854], [-74.166128, 39.867916], [-74.166434, 39.867387], [-74.167547, 39.867302], [-74.168762, 39.867801], [-74.171598, 39.869464], [-74.171622, 39.87024], [-74.172801, 39.870108], [-74.173676, 39.871076], [-74.173423, 39.877378], [-74.173598, 39.885646], [-74.17339, 39.886792], [-74.173482, 39.890714], [-74.173583, 39.895727], [-74.173674, 39.899528], [-74.173763, 39.901622], [-74.174786, 39.90447], [-74.174679, 39.904396], [-74.173359, 39.904568], [-74.170972, 39.904772], [-74.170949, 39.905636], [-74.170831, 39.906271], [-74.170971, 39.907113], [-74.17061, 39.90784], [-74.169081, 39.90744], [-74.168835, 39.907864], [-74.169869, 39.908144], [-74.169244, 39.908529], [-74.168668, 39.909493], [-74.164974, 39.9087], [-74.161475, 39.907645], [-74.158597, 39.906953], [-74.157323, 39.909618], [-74.156856, 39.910627], [-74.160226, 39.911527], [-74.160371, 39.911051], [-74.16064, 39.910393], [-74.162293, 39.910819], [-74.161476, 39.909321], [-74.163689, 39.909899], [-74.165106, 39.91026], [-74.165961, 39.91048], [-74.16866, 39.911167], [-74.169334, 39.911288], [-74.170467, 39.911819], [-74.171553, 39.912943], [-74.170967, 39.914685], [-74.166329, 39.913485], [-74.162811, 39.912639], [-74.162706, 39.913049], [-74.162528, 39.913761], [-74.161216, 39.913655], [-74.160006, 39.913583], [-74.154566, 39.913233], [-74.154655, 39.916079], [-74.154536, 39.916108], [-74.15406, 39.917787], [-74.15398, 39.920066], [-74.153878, 39.921566], [-74.149102, 39.922613], [-74.147539, 39.922952], [-74.147093, 39.923482], [-74.147078, 39.923231], [-74.143169, 39.923118], [-74.140771, 39.923048], [-74.140277, 39.923721], [-74.138368, 39.923666], [-74.136077, 39.923601], [-74.13145, 39.923467], [-74.129124, 39.9234], [-74.124534, 39.923127], [-74.124076, 39.923017], [-74.124043, 39.923724], [-74.124012, 39.924403], [-74.12398, 39.925088], [-74.123948, 39.925768], [-74.123884, 39.927141], [-74.123852, 39.927831], [-74.123819, 39.928537], [-74.124087, 39.928804], [-74.124218, 39.928914], [-74.124112, 39.935362], [-74.111244, 39.938258], [-74.096947, 39.941474], [-74.096641, 39.940605], [-74.096337, 39.94009], [-74.096352, 39.937748], [-74.095925, 39.93404], [-74.096047, 39.93098], [-74.096956, 39.926034], [-74.098229, 39.919109], [-74.098855, 39.91544], [-74.085809, 39.913799], [-74.084819, 39.91356], [-74.08236, 39.913317], [-74.080016, 39.913058], [-74.079947, 39.913049], [-74.077246, 39.91277], [-74.077156, 39.912758], [-74.076789, 39.912721], [-74.074718, 39.92135], [-74.073899, 39.924861], [-74.07299, 39.928005], [-74.071815, 39.933277], [-74.071804, 39.933328], [-74.070882, 39.936757], [-74.070599, 39.939582], [-74.069786, 39.940571], [-74.069572, 39.942028], [-74.068077, 39.941921], [-74.067848, 39.942829], [-74.069435, 39.943569], [-74.068626, 39.946346], [-74.06858, 39.94813], [-74.067777, 39.955032], [-74.067643, 39.955732], [-74.067478, 39.956449], [-74.067166, 39.959237], [-74.066893, 39.963297], [-74.066071, 39.967049], [-74.065787, 39.969293], [-74.065134, 39.973998], [-74.063623, 39.980099], [-74.0616, 39.988549], [-74.060035, 39.995185], [-74.058784, 39.999369], [-74.058579, 40.001221], [-74.057624, 40.005928], [-74.057017, 40.007817], [-74.05638, 40.011214], [-74.055214, 40.013743], [-74.054542, 40.01681], [-74.053489, 40.020182], [-74.052123, 40.026526], [-74.051751, 40.028928], [-74.050181, 40.036755], [-74.048459, 40.041723], [-74.04588, 40.051116], [-74.045265, 40.055055], [-74.044497, 40.057545], [-74.043541, 40.061906], [-74.042728, 40.067524], [-74.042182, 40.06869], [-74.040694, 40.075559], [-74.039421, 40.081437], [-74.038318, 40.085343], [-74.03609, 40.09274], [-74.033546, 40.099518], [-74.03268, 40.100415], [-74.031318, 40.100541], [-74.031716, 40.100974], [-74.031337, 40.100789], [-74.029107, 40.099769], [-74.02788, 40.099215], [-74.007179, 40.097715], [-74.02828, 40.117415], [-74.02418, 40.123514], [-74.02148, 40.137514], [-74.018257, 40.152321], [-74.015081, 40.166914], [-74.014798, 40.167544], [-74.011937, 40.17393], [-74.011317, 40.175337], [-74.01071, 40.176719], [-74.009753, 40.178677], [-74.008349, 40.182], [-74.006481, 40.187313], [-74.005736, 40.191135], [-74.004981, 40.195013], [-74.007481, 40.195613], [-74.009026, 40.195545], [-74.009515, 40.195554], [-74.011185, 40.195666], [-74.016953, 40.19511], [-74.018422, 40.195307], [-74.020254, 40.196349], [-74.02039, 40.196414], [-74.021261, 40.197489], [-74.021299, 40.197383], [-74.021706, 40.196232], [-74.021722, 40.196185], [-74.022122, 40.195053], [-74.022283, 40.194598], [-74.022317, 40.194504], [-74.022469, 40.194072], [-74.022503, 40.193977], [-74.022679, 40.193481], [-74.022828, 40.193056], [-74.023074, 40.192649], [-74.023951, 40.190398], [-74.023873, 40.190185], [-74.024995, 40.187005], [-74.025102, 40.186715], [-74.025648, 40.185312], [-74.0259, 40.18539], [-74.027868, 40.184097], [-74.027879, 40.184105], [-74.027896, 40.184114], [-74.02792, 40.184114], [-74.02795, 40.184098], [-74.028573, 40.183513], [-74.028963, 40.183156], [-74.029144, 40.183015], [-74.02932, 40.1829], [-74.029448, 40.18283], [-74.029707, 40.182785], [-74.029824, 40.182817], [-74.030109, 40.183038], [-74.030446, 40.183207], [-74.030767, 40.183451], [-74.030865, 40.183657], [-74.030765, 40.184085], [-74.030693, 40.184195], [-74.030628, 40.184508], [-74.030413, 40.18519], [-74.030356, 40.185611], [-74.030205, 40.185765], [-74.03012, 40.186047], [-74.030127, 40.186328], [-74.02989, 40.18669], [-74.029899, 40.186811], [-74.029708, 40.187096], [-74.029761, 40.187229], [-74.029648, 40.187389], [-74.029385, 40.187849], [-74.029214, 40.188054], [-74.029027, 40.188185], [-74.029025, 40.188238], [-74.02885, 40.188267], [-74.028272, 40.188134], [-74.028157, 40.188412], [-74.028528, 40.188504], [-74.02905, 40.188602], [-74.029998, 40.188774], [-74.030195, 40.18882], [-74.030501, 40.188891], [-74.030661, 40.188893], [-74.031129, 40.188865], [-74.031724, 40.188748], [-74.032038, 40.188644], [-74.032521, 40.188431], [-74.033273, 40.188001], [-74.033603, 40.187794], [-74.034009, 40.187418], [-74.034485, 40.186984], [-74.03473, 40.186672], [-74.034875, 40.186326], [-74.034968, 40.185881], [-74.034976, 40.185699], [-74.034915, 40.185216], [-74.034929, 40.184761], [-74.035079, 40.184248], [-74.035372, 40.183615], [-74.035745, 40.18303], [-74.036098, 40.182519], [-74.036988, 40.181922], [-74.04168, 40.181531], [-74.045369, 40.183173], [-74.048029, 40.184834], [-74.048481, 40.185142], [-74.049142, 40.185769], [-74.049902, 40.185993], [-74.051063, 40.1861], [-74.051828, 40.186421], [-74.052775, 40.186299], [-74.05308, 40.186567], [-74.053386, 40.187333], [-74.05374, 40.187754], [-74.054169, 40.187965], [-74.055209, 40.187991], [-74.056387, 40.187814], [-74.057189, 40.188417], [-74.057008, 40.188941], [-74.057242, 40.189585], [-74.058717, 40.190464], [-74.059054, 40.190796], [-74.059253, 40.191401], [-74.05894, 40.192219], [-74.059825, 40.193085], [-74.059991, 40.193299], [-74.060088, 40.193253], [-74.060154, 40.193356], [-74.06011, 40.193445], [-74.060236, 40.193537], [-74.060705, 40.193733], [-74.060796, 40.193804], [-74.06077, 40.194057], [-74.060793, 40.19419], [-74.060964, 40.194238], [-74.061556, 40.194228], [-74.06193, 40.194115], [-74.062082, 40.194099], [-74.062241, 40.194153], [-74.062632, 40.194459], [-74.06281, 40.194496], [-74.063086, 40.194616], [-74.063163, 40.194686], [-74.063135, 40.194839], [-74.062693, 40.195202], [-74.0625, 40.195493], [-74.062344, 40.195659], [-74.062093, 40.19583], [-74.061927, 40.196071], [-74.061929, 40.196201], [-74.062129, 40.19634], [-74.0625, 40.196417], [-74.062671, 40.196524], [-74.062743, 40.196703], [-74.0628, 40.196754], [-74.063051, 40.196614], [-74.063304, 40.196533], [-74.063421, 40.196431], [-74.063557, 40.196532], [-74.063857, 40.196618], [-74.06407, 40.196633], [-74.06427, 40.196753], [-74.064647, 40.196772], [-74.065052, 40.196857], [-74.065238, 40.196795], [-74.06639, 40.196715], [-74.067676, 40.195831], [-74.069101, 40.196735], [-74.069026, 40.198283], [-74.069836, 40.198644], [-74.073236, 40.200462], [-74.074415, 40.200517], [-74.074789, 40.201619], [-74.075527, 40.201234], [-74.078371, 40.201314], [-74.078598, 40.202063], [-74.080998, 40.202863], [-74.081766, 40.204227], [-74.082938, 40.204357], [-74.084058, 40.202854], [-74.085034, 40.203325], [-74.085096, 40.203337], [-74.085217, 40.203378], [-74.085272, 40.203408], [-74.085373, 40.20348], [-74.085408, 40.203484], [-74.085481, 40.203461], [-74.085578, 40.203484], [-74.085611, 40.203524], [-74.085603, 40.203547], [-74.085525, 40.203616], [-74.085505, 40.203681], [-74.085514, 40.203708], [-74.085574, 40.203757], [-74.085665, 40.203794], [-74.08577, 40.203804], [-74.085827, 40.20386], [-74.085845, 40.203919], [-74.085838, 40.203977], [-74.085775, 40.204068], [-74.085805, 40.204207], [-74.085839, 40.204312], [-74.085862, 40.204347], [-74.08593, 40.204388], [-74.085997, 40.204399], [-74.086053, 40.20438], [-74.086096, 40.20435], [-74.08619, 40.204252], [-74.086238, 40.204225], [-74.086332, 40.204214], [-74.086427, 40.204224], [-74.086454, 40.20428], [-74.086411, 40.204382], [-74.086393, 40.204445], [-74.0864, 40.204472], [-74.086467, 40.204561], [-74.086532, 40.204598], [-74.086562, 40.204638], [-74.086553, 40.204778], [-74.086533, 40.204829], [-74.086553, 40.204937], [-74.0866, 40.204966], [-74.086746, 40.204964], [-74.086802, 40.204946], [-74.086837, 40.204917], [-74.08686, 40.204818], [-74.086877, 40.204794], [-74.086935, 40.20479], [-74.086972, 40.204819], [-74.08699, 40.204865], [-74.087026, 40.204887], [-74.087119, 40.204883], [-74.08724, 40.204841], [-74.087467, 40.204747], [-74.087526, 40.204747], [-74.087565, 40.204781], [-74.087577, 40.204817], [-74.087588, 40.205035], [-74.08758, 40.205129], [-74.08755, 40.205183], [-74.087564, 40.205302], [-74.087604, 40.205343], [-74.087697, 40.205339], [-74.087745, 40.205299], [-74.087779, 40.205224], [-74.087862, 40.205174], [-74.087973, 40.205186], [-74.088048, 40.205214], [-74.088101, 40.205202], [-74.088159, 40.20515], [-74.088259, 40.205039], [-74.088382, 40.204986], [-74.088475, 40.204988], [-74.088528, 40.205013], [-74.088575, 40.205056], [-74.088666, 40.205183], [-74.088708, 40.205227], [-74.088851, 40.205303], [-74.089016, 40.205411], [-74.089071, 40.205431], [-74.089154, 40.205445], [-74.089335, 40.205403], [-74.089523, 40.205394], [-74.089729, 40.205374], [-74.089767, 40.205358], [-74.089838, 40.205299], [-74.089863, 40.205235], [-74.089809, 40.20512], [-74.089827, 40.205066], [-74.089862, 40.205047], [-74.089974, 40.20502], [-74.090155, 40.205017], [-74.090303, 40.205044], [-74.090373, 40.205075], [-74.090518, 40.205153], [-74.090814, 40.205264], [-74.090957, 40.205363], [-74.091048, 40.205388], [-74.091166, 40.205389], [-74.091508, 40.205434], [-74.091774, 40.205454], [-74.091994, 40.205466], [-74.092139, 40.205481], [-74.092178, 40.205499], [-74.09222, 40.205519], [-74.092372, 40.205627], [-74.092562, 40.205728], [-74.092917, 40.205937], [-74.093009, 40.205986], [-74.093171, 40.206054], [-74.093277, 40.206081], [-74.093522, 40.206173], [-74.093645, 40.206212], [-74.093891, 40.206267], [-74.094011, 40.206289], [-74.094256, 40.20631], [-74.094425, 40.206314], [-74.094585, 40.206321], [-74.094365, 40.207747], [-74.093995, 40.210151], [-74.093866, 40.211696], [-74.093865, 40.211709], [-74.093857, 40.211827], [-74.093501, 40.214174], [-74.093047, 40.217232], [-74.09272, 40.219132], [-74.092422, 40.220733], [-74.092353, 40.220762], [-74.092108, 40.222383], [-74.091633, 40.225553], [-74.089916, 40.224553], [-74.086338, 40.225456], [-74.083135, 40.227563], [-74.082365, 40.227822], [-74.081524, 40.228172], [-74.081426, 40.228242], [-74.080761, 40.230141], [-74.079034, 40.23157], [-74.077876, 40.232356], [-74.077512, 40.233594], [-74.077409, 40.234395], [-74.076737, 40.2342], [-74.075912, 40.234017], [-74.075291, 40.233874], [-74.072491, 40.23328], [-74.070124, 40.232782], [-74.069036, 40.232548], [-74.068418, 40.232417], [-74.067711, 40.232263], [-74.060867, 40.230811], [-74.059484, 40.230437], [-74.050304, 40.228523], [-74.04975, 40.228409], [-74.045503, 40.227516], [-74.039475, 40.226226], [-74.039141, 40.226164], [-74.038009, 40.225917], [-74.035079, 40.225329], [-74.032801, 40.224819], [-74.031897, 40.224626], [-74.030625, 40.224354], [-74.030582, 40.224439], [-74.030567, 40.224456], [-74.030531, 40.224533], [-74.030499, 40.224564], [-74.030436, 40.224591], [-74.030351, 40.224617], [-74.030219, 40.224619], [-74.030175, 40.224625], [-74.030093, 40.224628], [-74.029902, 40.22463], [-74.029709, 40.224634], [-74.029547, 40.224629], [-74.029436, 40.224618], [-74.029281, 40.224598], [-74.029145, 40.224578], [-74.028999, 40.224561], [-74.028825, 40.224533], [-74.028733, 40.224526], [-74.028673, 40.224525], [-74.028574, 40.22453], [-74.028463, 40.224537], [-74.028371, 40.224548], [-74.028254, 40.22457], [-74.028155, 40.224594], [-74.028038, 40.224615], [-74.027841, 40.224665], [-74.027609, 40.22473], [-74.02751, 40.224764], [-74.027405, 40.224802], [-74.027316, 40.22485], [-74.027287, 40.224872], [-74.027207, 40.224926], [-74.027151, 40.224964], [-74.027109, 40.224995], [-74.026899, 40.225221], [-74.026768, 40.225415], [-74.026507, 40.226013], [-74.023611, 40.226752], [-74.022949, 40.227262], [-74.021351, 40.228164], [-74.018273, 40.229137], [-74.014881, 40.229652], [-74.01384, 40.230234], [-74.016305, 40.231091], [-74.017345, 40.231146], [-74.017969, 40.231267], [-74.020018, 40.232212], [-74.020914, 40.232492], [-74.022224, 40.232755], [-74.022466, 40.232933], [-74.022675, 40.233643], [-74.023021, 40.234133], [-74.023565, 40.234534], [-74.024329, 40.23465], [-74.024445, 40.234719], [-74.024143, 40.235354], [-74.024125, 40.235451], [-74.023942, 40.236441], [-74.023897, 40.236715], [-74.023762, 40.237417], [-74.023504, 40.238424], [-74.023267, 40.239246], [-74.023159, 40.239635], [-74.022762, 40.240874], [-74.016354, 40.23936], [-74.01529, 40.23911], [-74.015523, 40.238572], [-74.015527, 40.23856], [-74.015534, 40.238543], [-74.015517, 40.238524], [-74.015486, 40.238446], [-74.015452, 40.238279], [-74.015427, 40.238117], [-74.015403, 40.237971], [-74.015339, 40.237907], [-74.015218, 40.237693], [-74.014989, 40.237451], [-74.014904, 40.237397], [-74.014531, 40.237232], [-74.014308, 40.237127], [-74.014066, 40.236974], [-74.013905, 40.236848], [-74.013823, 40.236784], [-74.01292, 40.236238], [-74.012188, 40.235963], [-74.010734, 40.235782], [-74.009873, 40.235754], [-74.008684, 40.235364], [-74.008431, 40.236127], [-74.008351, 40.237449], [-74.008001, 40.239851], [-74.008625, 40.242938], [-74.009375, 40.244166], [-74.009197, 40.245859], [-74.009683, 40.248417], [-74.007986, 40.248135], [-74.005584, 40.247742], [-74.003825, 40.247453], [-74.003746, 40.248658], [-74.003704, 40.2499], [-74.003668, 40.251141], [-74.003598, 40.252976], [-74.003221, 40.25298], [-74.003204, 40.254536], [-74.003148, 40.256832], [-74.000408, 40.256283], [-74.000215, 40.256312], [-74.000042, 40.257893], [-73.999953, 40.25873], [-73.999892, 40.259557], [-73.99977, 40.261263], [-73.999711, 40.261809], [-73.999711, 40.261934], [-73.999732, 40.262132], [-73.99975, 40.262211], [-73.999776, 40.262326], [-73.999883, 40.262702], [-73.999983, 40.262791], [-74.000174, 40.263357], [-74.000325, 40.264], [-74.000663, 40.265116], [-74.00089, 40.265917], [-74.001261, 40.267268], [-74.001321, 40.267418], [-74.001802, 40.269168], [-74.00219, 40.2706], [-74.002459, 40.27229], [-74.002571, 40.273089], [-74.002671, 40.273676], [-74.002737, 40.274033], [-74.002817, 40.274494], [-74.002902, 40.27498], [-74.002893, 40.276385], [-74.002889, 40.276407], [-74.004647, 40.276481], [-74.005841, 40.27622], [-74.009807, 40.275389], [-74.012721, 40.274842], [-74.015173, 40.274876], [-74.016821, 40.274355], [-74.018606, 40.274024], [-74.02222, 40.272751], [-74.02572, 40.27217], [-74.027625, 40.272741], [-74.02762, 40.27322], [-74.027953, 40.275542], [-74.028164, 40.276779], [-74.028237, 40.277152], [-74.028587, 40.279133], [-74.028692, 40.279704], [-74.028734, 40.279971], [-74.029368, 40.283519], [-74.031657, 40.283227], [-74.032293, 40.28313], [-74.032404, 40.284989], [-74.035718, 40.284798], [-74.034818, 40.285588], [-74.035291, 40.288584], [-74.038538, 40.291496], [-74.035969, 40.292688], [-74.033249, 40.293788], [-74.036921, 40.2974], [-74.037008, 40.297485], [-74.036987, 40.297492], [-74.036855, 40.297548], [-74.036736, 40.297593], [-74.032552, 40.298755], [-74.033842, 40.299944], [-74.034761, 40.300789], [-74.035833, 40.30176], [-74.035887, 40.30181], [-74.036413, 40.302295], [-74.036939, 40.302782], [-74.03765, 40.303425], [-74.038321, 40.304253], [-74.039275, 40.304254], [-74.041238, 40.304532], [-74.040705, 40.305068], [-74.040624, 40.305143], [-74.040095, 40.305663], [-74.04137, 40.306812], [-74.041066, 40.307384], [-74.043672, 40.30865], [-74.043749, 40.308716], [-74.044826, 40.309637], [-74.045159, 40.309922], [-74.046942, 40.311445], [-74.047445, 40.311876], [-74.047883, 40.312251], [-74.048916, 40.313136], [-74.049615, 40.313735], [-74.051124, 40.31502], [-74.051099, 40.315162], [-74.050986, 40.315344], [-74.050768, 40.315573], [-74.050212, 40.316574], [-74.05012, 40.316657], [-74.049756, 40.316815], [-74.049502, 40.316819], [-74.049327, 40.316772], [-74.049026, 40.316607], [-74.048404, 40.316164], [-74.048106, 40.316023], [-74.047872, 40.31602], [-74.047728, 40.316077], [-74.047631, 40.316233], [-74.047647, 40.316364], [-74.047787, 40.316621], [-74.047742, 40.317742], [-74.04463, 40.317874], [-74.042319, 40.319127], [-74.040913, 40.320413], [-74.041115, 40.320961], [-74.042989, 40.325989], [-74.045624, 40.325484], [-74.04641, 40.325487], [-74.047092, 40.329805], [-74.051497, 40.332062], [-74.054056, 40.333405], [-74.05504, 40.333918], [-74.059215, 40.336065], [-74.060558, 40.336723], [-74.063691, 40.338267], [-74.063676, 40.338136], [-74.067072, 40.338032], [-74.068282, 40.337957], [-74.071517, 40.33764], [-74.073299, 40.337451], [-74.074905, 40.337273], [-74.075629, 40.337219], [-74.076221, 40.337173], [-74.077265, 40.337092], [-74.077641, 40.337069], [-74.078199, 40.337021], [-74.078885, 40.336977], [-74.080117, 40.336882], [-74.081695, 40.336763], [-74.082878, 40.336678], [-74.084077, 40.336594], [-74.085803, 40.336432], [-74.087125, 40.336302], [-74.08728, 40.336285], [-74.087316, 40.336357], [-74.087343, 40.336409], [-74.087852, 40.337305], [-74.088705, 40.338206], [-74.089874, 40.338821], [-74.090209, 40.339092], [-74.090286, 40.339579], [-74.09011, 40.339812], [-74.089431, 40.340185], [-74.088676, 40.340369], [-74.088199, 40.340233], [-74.086929, 40.33948], [-74.0856, 40.338949], [-74.08485, 40.338866], [-74.083397, 40.338917], [-74.082498, 40.339298], [-74.081839, 40.33988], [-74.081592, 40.340356], [-74.081555, 40.340915], [-74.081584, 40.341025], [-74.081616, 40.341127], [-74.08166, 40.3412], [-74.081704, 40.341244], [-74.081805, 40.341322], [-74.081926, 40.341393], [-74.082074, 40.341472], [-74.082312, 40.34158], [-74.082435, 40.341625], [-74.082486, 40.341644], [-74.082633, 40.341698], [-74.082956, 40.341828], [-74.083219, 40.341941], [-74.083474, 40.342059], [-74.083663, 40.342173], [-74.08374, 40.342228], [-74.083837, 40.342296], [-74.083878, 40.342335], [-74.083961, 40.342441], [-74.084068, 40.342579], [-74.084149, 40.342732], [-74.084216, 40.344476], [-74.082379, 40.347399], [-74.079187, 40.349337], [-74.079382, 40.350369], [-74.07978, 40.351881], [-74.079144, 40.352884], [-74.078896, 40.353248], [-74.077897, 40.354792], [-74.076797, 40.35608], [-74.07734, 40.357116], [-74.078097, 40.358441], [-74.079124, 40.360094], [-74.078106, 40.360725], [-74.078036, 40.360741], [-74.07716, 40.361261], [-74.077104, 40.361301], [-74.076473, 40.361686]]]]}}, {"type": "Feature", "properties": {"id": 5, "NAME": "5", "text-color": "#000000", "text-size": 16, "TotalPop": 773585, "PopDevPct": 4.3e-07, "DemPct": 0.55568992, "RepPct": 0.43170436, "WhitePct": 0.61207868, "MinorityPct": 0.38792132, "BlackPct": 0.07020702, "HispanicPct": 0.14914016, "PacificPct": 0.00131678, "AsianPct": 0.16666776, "NativePct": 0.01059484, "TotalVAP": 610580, "Margin": 0.05568992, "color": "#ff9200", "opacity": "0.5", "year": 2022, "state": "NJ", "state-district": "NJ-05"}, "geometry": {"type": "MultiPolygon", "coordinates": [[[[-74.344927, 41.192051], [-74.355228, 41.197049], [-74.365967, 41.202442], [-74.36751, 41.203241], [-74.383056, 41.211358], [-74.396701, 41.218505], [-74.400337, 41.220322], [-74.413368, 41.226801], [-74.418819, 41.22951], [-74.420068, 41.230143], [-74.423293, 41.231732], [-74.432715, 41.236334], [-74.439651, 41.239683], [-74.450201, 41.244766], [-74.455269, 41.247185], [-74.468417, 41.253263], [-74.473089, 41.255374], [-74.476948, 41.257097], [-74.491263, 41.263469], [-74.503174, 41.269385], [-74.507514, 41.271529], [-74.518206, 41.276536], [-74.536482, 41.285167], [-74.536653, 41.285247], [-74.536844, 41.285337], [-74.546013, 41.289543], [-74.556376, 41.294252], [-74.557631, 41.294822], [-74.562461, 41.297002], [-74.571697, 41.301225], [-74.573299, 41.30195], [-74.596669, 41.312527], [-74.607646, 41.317519], [-74.616518, 41.321556], [-74.630973, 41.328145], [-74.641582, 41.332941], [-74.64934, 41.336525], [-74.674902, 41.348221], [-74.685353, 41.35297], [-74.690916, 41.355543], [-74.693893, 41.35687], [-74.69558, 41.357607], [-74.697746, 41.355748], [-74.700097, 41.354655], [-74.705384, 41.353694], [-74.709531, 41.352326], [-74.717622, 41.348565], [-74.722204, 41.347047], [-74.725951, 41.346192], [-74.730941, 41.345866], [-74.736204, 41.346555], [-74.743804, 41.346207], [-74.749603, 41.346554], [-74.752398, 41.346536], [-74.754282, 41.3462], [-74.756092, 41.34519], [-74.757777, 41.342871], [-74.759043, 41.341804], [-74.760821, 41.33951], [-74.762131, 41.335777], [-74.762751, 41.332515], [-74.763485, 41.331271], [-74.766639, 41.328157], [-74.772657, 41.324781], [-74.774451, 41.324375], [-74.779775, 41.324629], [-74.784139, 41.324285], [-74.791584, 41.323019], [-74.793216, 41.322236], [-74.796069, 41.319603], [-74.795952, 41.31799], [-74.79445, 41.316686], [-74.792281, 41.313958], [-74.79178, 41.312778], [-74.791922, 41.31121], [-74.792616, 41.310436], [-74.795046, 41.309084], [-74.800074, 41.306929], [-74.807428, 41.302812], [-74.812033, 41.298158], [-74.815606, 41.296073], [-74.821211, 41.294313], [-74.823507, 41.292802], [-74.826161, 41.290287], [-74.829431, 41.28801], [-74.830347, 41.287065], [-74.832123, 41.283815], [-74.834924, 41.280456], [-74.836421, 41.279043], [-74.837787, 41.278009], [-74.838361, 41.277294], [-74.839055, 41.275884], [-74.839571, 41.275091], [-74.840101, 41.273448], [-74.84044, 41.271984], [-74.840829, 41.271229], [-74.841496, 41.270499], [-74.842177, 41.269586], [-74.842772, 41.26839], [-74.843855, 41.266553], [-74.845329, 41.26464], [-74.846084, 41.263419], [-74.846455, 41.262413], [-74.846362, 41.26164], [-74.845399, 41.259741], [-74.845062, 41.258881], [-74.844883, 41.25813], [-74.84491, 41.257594], [-74.845218, 41.256581], [-74.845724, 41.255626], [-74.846367, 41.253978], [-74.847547, 41.252248], [-74.848598, 41.251428], [-74.849617, 41.251114], [-74.853531, 41.250683], [-74.854943, 41.2504], [-74.855669, 41.250131], [-74.85673, 41.249471], [-74.857756, 41.248422], [-74.858601, 41.246927], [-74.859306, 41.245977], [-74.860661, 41.244305], [-74.861117, 41.243645], [-74.861767, 41.242224], [-74.862051, 41.241023], [-74.86206, 41.240419], [-74.861911, 41.238479], [-74.862334, 41.237431], [-74.864592, 41.234482], [-74.866173, 41.232693], [-74.866574, 41.232071], [-74.867205, 41.230677], [-74.867574, 41.229169], [-74.867591, 41.227974], [-74.867437, 41.22742], [-74.866906, 41.226512], [-74.866333, 41.225821], [-74.865511, 41.225102], [-74.864544, 41.224433], [-74.862199, 41.223125], [-74.860837, 41.222318], [-74.860136, 41.221641], [-74.859323, 41.220507], [-74.859211, 41.220072], [-74.859822, 41.21811], [-74.863326, 41.213283], [-74.866476, 41.209505], [-74.868978, 41.206118], [-74.872101, 41.201251], [-74.871557, 41.199936], [-74.868478, 41.192505], [-74.86599, 41.186473], [-74.862825, 41.178824], [-74.861843, 41.176448], [-74.859118, 41.16986], [-74.856921, 41.164539], [-74.855089, 41.160107], [-74.854081, 41.157672], [-74.849532, 41.146663], [-74.847156, 41.138603], [-74.84643, 41.136155], [-74.846683, 41.135684], [-74.846801, 41.135324], [-74.845883, 41.134063], [-74.845631, 41.132555], [-74.843637, 41.130343], [-74.844055, 41.12981], [-74.844659, 41.128859], [-74.844062, 41.127695], [-74.844106, 41.127044], [-74.844075, 41.126973], [-74.843418, 41.126982], [-74.843017, 41.12561], [-74.842265, 41.123167], [-74.842044, 41.122533], [-74.841909, 41.122143], [-74.841703, 41.121559], [-74.841126, 41.119919], [-74.839434, 41.115038], [-74.83937, 41.114827], [-74.838751, 41.112829], [-74.836584, 41.106476], [-74.8355, 41.103304], [-74.830881, 41.104208], [-74.828135, 41.096265], [-74.826363, 41.091422], [-74.825442, 41.088936], [-74.822984, 41.083101], [-74.821806, 41.080369], [-74.821155, 41.078864], [-74.818828, 41.073475], [-74.818719, 41.073212], [-74.818577, 41.072891], [-74.818471, 41.072645], [-74.818275, 41.072189], [-74.818074, 41.072295], [-74.81792, 41.072376], [-74.817801, 41.07244], [-74.816193, 41.073289], [-74.814156, 41.068728], [-74.812117, 41.064161], [-74.811896, 41.063665], [-74.811966, 41.062819], [-74.811634, 41.062477], [-74.811059, 41.061767], [-74.810971, 41.061081], [-74.8109, 41.060533], [-74.810853, 41.060183], [-74.81082, 41.059929], [-74.810066, 41.060314], [-74.805415, 41.061716], [-74.804312, 41.062296], [-74.800045, 41.065379], [-74.797048, 41.067765], [-74.795237, 41.068755], [-74.790607, 41.066652], [-74.784721, 41.063979], [-74.780599, 41.064861], [-74.774729, 41.06612], [-74.762973, 41.068637], [-74.763391, 41.067231], [-74.76451, 41.063461], [-74.765064, 41.061594], [-74.77586, 41.055328], [-74.772662, 41.052957], [-74.768456, 41.049881], [-74.76939, 41.048578], [-74.76894, 41.048097], [-74.765899, 41.04486], [-74.766269, 41.043286], [-74.767603, 41.039198], [-74.772459, 41.022971], [-74.772947, 41.021512], [-74.776081, 41.018155], [-74.776465, 41.017746], [-74.783402, 41.010322], [-74.787643, 41.005786], [-74.779897, 40.999456], [-74.767904, 40.989647], [-74.764568, 40.987131], [-74.76351, 40.986396], [-74.758885, 40.983004], [-74.754629, 40.979707], [-74.751626, 40.977378], [-74.751013, 40.98199], [-74.748958, 40.997288], [-74.748638, 40.999683], [-74.746225, 40.999764], [-74.743942, 40.99908], [-74.742438, 40.998632], [-74.740893, 40.998172], [-74.737222, 40.997077], [-74.735541, 40.996576], [-74.733776, 40.99605], [-74.732451, 40.995655], [-74.733378, 40.9925], [-74.73549, 40.985317], [-74.736161, 40.983048], [-74.73732, 40.979094], [-74.737896, 40.977136], [-74.740069, 40.96974], [-74.732215, 40.975803], [-74.731042, 40.976708], [-74.729612, 40.977812], [-74.728325, 40.978804], [-74.726768, 40.980007], [-74.72572, 40.980815], [-74.724822, 40.981508], [-74.724218, 40.981974], [-74.720192, 40.98508], [-74.70999, 40.992948], [-74.706702, 40.995484], [-74.698976, 41.001409], [-74.692265, 41.006461], [-74.688517, 41.009289], [-74.688137, 41.014554], [-74.687729, 41.020275], [-74.687585, 41.022189], [-74.687149, 41.028217], [-74.686515, 41.036982], [-74.686494, 41.037267], [-74.686278, 41.040261], [-74.686085, 41.042933], [-74.685992, 41.044213], [-74.685427, 41.052031], [-74.685421, 41.052048], [-74.685062, 41.052912], [-74.682814, 41.058259], [-74.682171, 41.05979], [-74.681451, 41.061514], [-74.679619, 41.065866], [-74.676956, 41.0722], [-74.67541, 41.075891], [-74.674194, 41.078784], [-74.673254, 41.081028], [-74.671605, 41.08495], [-74.670799, 41.08687], [-74.667774, 41.094077], [-74.667752, 41.094129], [-74.638545, 41.118668], [-74.633351, 41.114926], [-74.631048, 41.113268], [-74.629326, 41.112027], [-74.62781, 41.110931], [-74.620077, 41.105371], [-74.618179, 41.103988], [-74.607214, 41.096094], [-74.603218, 41.093685], [-74.603143, 41.093641], [-74.602169, 41.093061], [-74.601894, 41.092892], [-74.598836, 41.091062], [-74.598486, 41.090851], [-74.593768, 41.088025], [-74.590656, 41.086161], [-74.589573, 41.08553], [-74.58791, 41.08487], [-74.585749, 41.083691], [-74.579203, 41.079985], [-74.577675, 41.079107], [-74.57707, 41.07876], [-74.553113, 41.066991], [-74.547978, 41.064469], [-74.535808, 41.058486], [-74.529362, 41.064355], [-74.528387, 41.065192], [-74.527866, 41.06564], [-74.527283, 41.066141], [-74.526785, 41.066572], [-74.525578, 41.067606], [-74.522569, 41.07019], [-74.52194, 41.070734], [-74.505147, 41.084307], [-74.504872, 41.084533], [-74.504438, 41.084882], [-74.503212, 41.085873], [-74.502216, 41.085832], [-74.502035, 41.085936], [-74.501015, 41.085999], [-74.500768, 41.086114], [-74.499943, 41.085634], [-74.49939, 41.084834], [-74.499301, 41.084045], [-74.499253, 41.083851], [-74.498663, 41.083076], [-74.496068, 41.082403], [-74.495861, 41.081885], [-74.495895, 41.081707], [-74.496051, 41.081491], [-74.495982, 41.08131], [-74.495855, 41.081167], [-74.495655, 41.081075], [-74.494791, 41.080971], [-74.494495, 41.080903], [-74.49414, 41.080734], [-74.493942, 41.080602], [-74.493584, 41.080257], [-74.493071, 41.079894], [-74.492851, 41.079705], [-74.492077, 41.078489], [-74.491866, 41.078242], [-74.491694, 41.078142], [-74.491208, 41.078121], [-74.490716, 41.077997], [-74.490574, 41.077935], [-74.490282, 41.077731], [-74.490005, 41.077675], [-74.48963, 41.077762], [-74.489186, 41.077951], [-74.48851, 41.078031], [-74.487946, 41.077735], [-74.487295, 41.076941], [-74.486925, 41.076736], [-74.486941, 41.07584], [-74.487427, 41.075304], [-74.487646, 41.075112], [-74.488068, 41.074625], [-74.488716, 41.072497], [-74.489071, 41.071909], [-74.489019, 41.071139], [-74.48879, 41.070733], [-74.488715, 41.070117], [-74.488194, 41.069011], [-74.487713, 41.068288], [-74.487377, 41.06754], [-74.487269, 41.066817], [-74.487327, 41.066127], [-74.487549, 41.06568], [-74.487901, 41.065267], [-74.488458, 41.064863], [-74.489628, 41.064327], [-74.492645, 41.063312], [-74.493463, 41.062909], [-74.494262, 41.062379], [-74.495084, 41.061667], [-74.495735, 41.060944], [-74.496605, 41.059787], [-74.497136, 41.058234], [-74.497469, 41.055897], [-74.497522, 41.054286], [-74.497857, 41.053198], [-74.498636, 41.048395], [-74.5, 41.044717], [-74.500456, 41.043971], [-74.501141, 41.043067], [-74.501692, 41.042098], [-74.50163, 41.041075], [-74.501353, 41.040717], [-74.501226, 41.040589], [-74.501081, 41.040521], [-74.501925, 41.038917], [-74.501407, 41.038651], [-74.501306, 41.038568], [-74.500835, 41.038419], [-74.500564, 41.038409], [-74.500342, 41.038436], [-74.500156, 41.038399], [-74.500055, 41.038272], [-74.499755, 41.038002], [-74.499804, 41.037719], [-74.49977, 41.037549], [-74.499597, 41.037382], [-74.49934, 41.037007], [-74.499354, 41.03617], [-74.499404, 41.035823], [-74.499396, 41.035567], [-74.499219, 41.035242], [-74.498989, 41.035008], [-74.498767, 41.034863], [-74.497878, 41.034476], [-74.497736, 41.034189], [-74.497502, 41.034094], [-74.497358, 41.034112], [-74.497084, 41.034235], [-74.496961, 41.034376], [-74.496927, 41.034504], [-74.49699, 41.034682], [-74.497141, 41.034844], [-74.497147, 41.035168], [-74.496964, 41.035356], [-74.496766, 41.035458], [-74.496584, 41.035679], [-74.496406, 41.035807], [-74.495961, 41.035927], [-74.495705, 41.036055], [-74.495555, 41.036085], [-74.495373, 41.036011], [-74.495266, 41.035763], [-74.49512, 41.035793], [-74.495024, 41.035962], [-74.494866, 41.036086], [-74.494695, 41.036313], [-74.49458, 41.036375], [-74.494426, 41.036339], [-74.494305, 41.036164], [-74.4942, 41.036164], [-74.494049, 41.036255], [-74.493696, 41.03662], [-74.493704, 41.036787], [-74.493829, 41.036836], [-74.49421, 41.036906], [-74.494277, 41.036956], [-74.494255, 41.037112], [-74.494057, 41.037232], [-74.493862, 41.037286], [-74.493645, 41.037267], [-74.493499, 41.037169], [-74.493333, 41.037159], [-74.493189, 41.037316], [-74.493417, 41.037434], [-74.493345, 41.037531], [-74.493169, 41.03745], [-74.493065, 41.037317], [-74.492805, 41.037256], [-74.492683, 41.037321], [-74.492343, 41.037611], [-74.492042, 41.037792], [-74.49184, 41.037827], [-74.491516, 41.03779], [-74.49143, 41.037724], [-74.49135, 41.037431], [-74.491208, 41.037362], [-74.490929, 41.03734], [-74.490734, 41.037375], [-74.49061, 41.037472], [-74.490443, 41.037673], [-74.490228, 41.037763], [-74.490172, 41.037838], [-74.490124, 41.038137], [-74.489925, 41.038367], [-74.489596, 41.038459], [-74.489362, 41.038444], [-74.489177, 41.038546], [-74.48884, 41.038507], [-74.488597, 41.038398], [-74.488434, 41.038371], [-74.488252, 41.03852], [-74.488213, 41.038621], [-74.488247, 41.038787], [-74.488335, 41.038862], [-74.488535, 41.038932], [-74.48882, 41.038957], [-74.488841, 41.03905], [-74.488692, 41.039131], [-74.488258, 41.039079], [-74.488045, 41.039107], [-74.487849, 41.039193], [-74.487584, 41.039213], [-74.48738, 41.039295], [-74.487223, 41.039453], [-74.487151, 41.039698], [-74.487235, 41.039896], [-74.48723, 41.040047], [-74.487031, 41.040305], [-74.486883, 41.040541], [-74.486682, 41.04079], [-74.486299, 41.041096], [-74.486228, 41.041433], [-74.48615, 41.041601], [-74.485986, 41.041706], [-74.485752, 41.041692], [-74.485652, 41.041728], [-74.485658, 41.041876], [-74.485763, 41.042042], [-74.485715, 41.04211], [-74.485526, 41.042114], [-74.485412, 41.042037], [-74.485212, 41.042022], [-74.485087, 41.042094], [-74.485106, 41.042371], [-74.485005, 41.042524], [-74.485, 41.042763], [-74.484842, 41.042879], [-74.484574, 41.04287], [-74.484385, 41.042903], [-74.484109, 41.043011], [-74.483958, 41.043123], [-74.483749, 41.04318], [-74.483621, 41.043147], [-74.483545, 41.042883], [-74.483458, 41.042793], [-74.483278, 41.042797], [-74.482975, 41.042925], [-74.482844, 41.043186], [-74.482738, 41.043476], [-74.482588, 41.04354], [-74.482458, 41.043486], [-74.482327, 41.043177], [-74.482213, 41.043079], [-74.482079, 41.043057], [-74.481865, 41.043244], [-74.481829, 41.043381], [-74.481844, 41.043617], [-74.481699, 41.043985], [-74.481772, 41.044035], [-74.481802, 41.044294], [-74.481883, 41.044422], [-74.482024, 41.044508], [-74.482054, 41.044613], [-74.481972, 41.044669], [-74.481783, 41.044671], [-74.481671, 41.044722], [-74.481645, 41.044827], [-74.481787, 41.045054], [-74.481717, 41.045183], [-74.481471, 41.045358], [-74.481311, 41.045509], [-74.481108, 41.045599], [-74.480765, 41.045649], [-74.480473, 41.04575], [-74.480247, 41.04574], [-74.480052, 41.045796], [-74.479787, 41.045934], [-74.479673, 41.045902], [-74.479524, 41.045709], [-74.479384, 41.045712], [-74.479079, 41.045954], [-74.478791, 41.046084], [-74.478391, 41.046189], [-74.47788, 41.046432], [-74.477502, 41.046645], [-74.477371, 41.046674], [-74.47722, 41.046597], [-74.47706, 41.046627], [-74.476973, 41.046727], [-74.476949, 41.046882], [-74.476803, 41.046905], [-74.476664, 41.046804], [-74.476544, 41.046787], [-74.476399, 41.046845], [-74.476389, 41.046949], [-74.476565, 41.047046], [-74.477016, 41.047121], [-74.47715, 41.047246], [-74.477017, 41.047381], [-74.476702, 41.047468], [-74.476391, 41.047609], [-74.476064, 41.047827], [-74.475882, 41.047896], [-74.475364, 41.047932], [-74.475192, 41.047978], [-74.474698, 41.048163], [-74.474578, 41.048135], [-74.474593, 41.04799], [-74.474674, 41.047913], [-74.474642, 41.047781], [-74.474566, 41.047762], [-74.474169, 41.047812], [-74.473474, 41.047823], [-74.473123, 41.047854], [-74.47282, 41.047921], [-74.472274, 41.047975], [-74.471856, 41.048092], [-74.471568, 41.048115], [-74.471178, 41.048093], [-74.470845, 41.048121], [-74.47054, 41.048078], [-74.47039, 41.047999], [-74.470294, 41.047789], [-74.470132, 41.047757], [-74.469695, 41.048093], [-74.469568, 41.048134], [-74.469124, 41.048113], [-74.46899, 41.048147], [-74.46879, 41.048271], [-74.46835, 41.048279], [-74.46812, 41.048366], [-74.467673, 41.048643], [-74.467439, 41.048765], [-74.467103, 41.048763], [-74.4666, 41.048861], [-74.466306, 41.048964], [-74.465969, 41.04922], [-74.46548, 41.04972], [-74.465136, 41.049958], [-74.464824, 41.05014], [-74.462118, 41.051257], [-74.462019, 41.051563], [-74.461219, 41.052032], [-74.460171, 41.052123], [-74.45733, 41.051955], [-74.456413, 41.052004], [-74.455606, 41.052287], [-74.455008, 41.052312], [-74.454476, 41.052522], [-74.453207, 41.052592], [-74.453182, 41.052592], [-74.453043, 41.052594], [-74.452852, 41.052588], [-74.452582, 41.052595], [-74.452511, 41.052605], [-74.452463, 41.052618], [-74.452412, 41.052638], [-74.452279, 41.052709], [-74.452228, 41.052737], [-74.452203, 41.052748], [-74.45218, 41.052757], [-74.452148, 41.052763], [-74.452115, 41.052768], [-74.452073, 41.052771], [-74.452017, 41.052776], [-74.451929, 41.052781], [-74.451884, 41.052785], [-74.451828, 41.052794], [-74.451705, 41.052825], [-74.451644, 41.052845], [-74.451596, 41.052864], [-74.451542, 41.052889], [-74.451514, 41.052903], [-74.451417, 41.052954], [-74.451352, 41.052998], [-74.451229, 41.053081], [-74.45009, 41.053824], [-74.450009, 41.053895], [-74.44816, 41.054248], [-74.447017, 41.054429], [-74.446275, 41.053636], [-74.445919, 41.052674], [-74.44504, 41.052322], [-74.444617, 41.052425], [-74.443705, 41.05261], [-74.443469, 41.051545], [-74.44233, 41.050903], [-74.441877, 41.049659], [-74.441915, 41.049453], [-74.441928, 41.049219], [-74.441858, 41.049154], [-74.441812, 41.0491], [-74.441749, 41.048989], [-74.441728, 41.048928], [-74.441715, 41.048877], [-74.441712, 41.048824], [-74.441717, 41.04878], [-74.441732, 41.048721], [-74.441797, 41.048543], [-74.441887, 41.047771], [-74.441335, 41.046431], [-74.44138, 41.045574], [-74.44107, 41.044992], [-74.440882, 41.044692], [-74.440488, 41.043853], [-74.440279, 41.043559], [-74.440046, 41.043355], [-74.439811, 41.043214], [-74.439708, 41.043191], [-74.439556, 41.043275], [-74.43942, 41.043546], [-74.439352, 41.043586], [-74.439156, 41.043515], [-74.438848, 41.043056], [-74.438566, 41.042888], [-74.438369, 41.04289], [-74.438073, 41.043029], [-74.437792, 41.043016], [-74.4375, 41.042772], [-74.437413, 41.042621], [-74.437425, 41.042513], [-74.437565, 41.042479], [-74.437627, 41.042386], [-74.437585, 41.042285], [-74.437312, 41.042102], [-74.437142, 41.041943], [-74.436804, 41.041957], [-74.436569, 41.041899], [-74.4364, 41.041771], [-74.436058, 41.041621], [-74.435989, 41.041486], [-74.436094, 41.041278], [-74.436018, 41.041031], [-74.435779, 41.040537], [-74.435525, 41.040404], [-74.435171, 41.040364], [-74.435033, 41.040355], [-74.434861, 41.04017], [-74.434853, 41.039995], [-74.43466, 41.039874], [-74.434368, 41.039886], [-74.434262, 41.039857], [-74.433803, 41.039514], [-74.433562, 41.039436], [-74.433259, 41.039446], [-74.4331, 41.039358], [-74.433139, 41.039217], [-74.433388, 41.038946], [-74.433426, 41.038848], [-74.433442, 41.038784], [-74.433539, 41.038653], [-74.433529, 41.038615], [-74.433514, 41.038556], [-74.433491, 41.038466], [-74.433097, 41.038277], [-74.432882, 41.038062], [-74.432864, 41.038044], [-74.432681, 41.037807], [-74.432459, 41.037787], [-74.432014, 41.037841], [-74.431176, 41.037973], [-74.430969, 41.037975], [-74.430465, 41.03793], [-74.429534, 41.037797], [-74.42893, 41.03767], [-74.428609, 41.037578], [-74.428213, 41.037426], [-74.427768, 41.037104], [-74.427268, 41.03599], [-74.427243, 41.035024], [-74.427469, 41.033943], [-74.427904, 41.032636], [-74.428535, 41.031345], [-74.430096, 41.029453], [-74.431465, 41.027758], [-74.431988, 41.026885], [-74.432889, 41.025489], [-74.43369, 41.024289], [-74.434215, 41.023169], [-74.434428, 41.022576], [-74.434626, 41.021828], [-74.43504, 41.020021], [-74.43364, 41.019953], [-74.433236, 41.019946], [-74.432034, 41.019993], [-74.430557, 41.020106], [-74.430172, 41.020174], [-74.428153, 41.020673], [-74.425883, 41.022972], [-74.424439, 41.025954], [-74.42355, 41.027697], [-74.422288, 41.028091], [-74.419064, 41.028738], [-74.418404, 41.028647], [-74.415378, 41.028011], [-74.413842, 41.027123], [-74.410881, 41.02614], [-74.410047, 41.025088], [-74.40881, 41.024732], [-74.406851, 41.024291], [-74.406204, 41.024176], [-74.405887, 41.023961], [-74.405235, 41.023171], [-74.404084, 41.022249], [-74.403487, 41.021309], [-74.403377, 41.020468], [-74.402554, 41.020554], [-74.402576, 41.019626], [-74.402662, 41.019451], [-74.402608, 41.019237], [-74.402344, 41.019064], [-74.401892, 41.018984], [-74.40169, 41.018889], [-74.401419, 41.018595], [-74.40051, 41.018075], [-74.400184, 41.017828], [-74.399965, 41.017426], [-74.399827, 41.017335], [-74.398913, 41.017162], [-74.398444, 41.017093], [-74.398027, 41.016979], [-74.397724, 41.016986], [-74.397144, 41.016953], [-74.396557, 41.016964], [-74.395905, 41.016867], [-74.394917, 41.016657], [-74.393212, 41.016224], [-74.392865, 41.016126], [-74.392038, 41.016003], [-74.391534, 41.015997], [-74.391294, 41.015964], [-74.391084, 41.015823], [-74.390781, 41.015466], [-74.390698, 41.015218], [-74.390231, 41.014782], [-74.390007, 41.014521], [-74.389859, 41.014231], [-74.389846, 41.014097], [-74.38992, 41.013861], [-74.38938, 41.012306], [-74.386295, 41.011688], [-74.381918, 41.014058], [-74.379253, 41.014237], [-74.376383, 41.013621], [-74.372315, 41.011427], [-74.370282, 41.011388], [-74.370108, 41.011419], [-74.369246, 41.011556], [-74.367849, 41.011938], [-74.366878, 41.011907], [-74.365824, 41.011602], [-74.364801, 41.011123], [-74.363951, 41.011021], [-74.362842, 41.013096], [-74.362826, 41.013127], [-74.362736, 41.013496], [-74.362043, 41.01386], [-74.359727, 41.013993], [-74.35879, 41.013869], [-74.358221, 41.013535], [-74.357703, 41.013508], [-74.356624, 41.013615], [-74.356567, 41.013625], [-74.356497, 41.013638], [-74.356413, 41.013662], [-74.356263, 41.013714], [-74.356066, 41.013789], [-74.356012, 41.013809], [-74.355997, 41.013816], [-74.355809, 41.013882], [-74.355694, 41.013905], [-74.355617, 41.013913], [-74.355543, 41.013915], [-74.355474, 41.013911], [-74.355401, 41.013897], [-74.355301, 41.01387], [-74.355093, 41.013772], [-74.355043, 41.013732], [-74.354909, 41.013643], [-74.3548, 41.013552], [-74.354685, 41.01347], [-74.354632, 41.013433], [-74.354393, 41.013263], [-74.354195, 41.01314], [-74.354144, 41.013106], [-74.353949, 41.012925], [-74.35368, 41.012649], [-74.353542, 41.012496], [-74.353372, 41.012315], [-74.353117, 41.012032], [-74.353054, 41.011972], [-74.352984, 41.011932], [-74.35286, 41.011852], [-74.352761, 41.011791], [-74.352657, 41.011739], [-74.352483, 41.011644], [-74.352329, 41.01154], [-74.35215, 41.011424], [-74.351973, 41.01129], [-74.351823, 41.011156], [-74.351656, 41.011009], [-74.351561, 41.010926], [-74.351477, 41.010851], [-74.351465, 41.010842], [-74.351277, 41.010676], [-74.35123, 41.010631], [-74.351181, 41.010568], [-74.351137, 41.010493], [-74.351114, 41.010414], [-74.351102, 41.010339], [-74.351104, 41.01018], [-74.351126, 41.009917], [-74.351157, 41.009569], [-74.351187, 41.009372], [-74.351186, 41.009039], [-74.35118, 41.008757], [-74.351145, 41.008269], [-74.351103, 41.007869], [-74.351088, 41.007648], [-74.351087, 41.007456], [-74.351091, 41.00744], [-74.351131, 41.007249], [-74.351242, 41.006971], [-74.351248, 41.006961], [-74.351277, 41.006912], [-74.351646, 41.006377], [-74.352377, 41.005941], [-74.352437, 41.005702], [-74.351808, 41.005202], [-74.35139, 41.004593], [-74.35075, 41.004218], [-74.349952, 41.003935], [-74.349378, 41.00405], [-74.348033, 41.004463], [-74.345848, 41.004834], [-74.343352, 41.006495], [-74.341992, 41.006928], [-74.340623, 41.005793], [-74.33762, 41.007397], [-74.336428, 41.007562], [-74.335075, 41.006558], [-74.334748, 41.003666], [-74.334688, 41.003613], [-74.334648, 41.003591], [-74.334531, 41.003532], [-74.33442, 41.003471], [-74.334386, 41.003453], [-74.334287, 41.003407], [-74.334031, 41.003271], [-74.333805, 41.003151], [-74.333688, 41.003097], [-74.333506, 41.003033], [-74.333445, 41.003014], [-74.333382, 41.002995], [-74.333361, 41.002989], [-74.333177, 41.002934], [-74.333051, 41.00292], [-74.332959, 41.002914], [-74.332732, 41.002913], [-74.332626, 41.002903], [-74.332566, 41.002899], [-74.332495, 41.002889], [-74.332437, 41.002883], [-74.332375, 41.002876], [-74.332252, 41.002879], [-74.332058, 41.002894], [-74.331877, 41.002913], [-74.331816, 41.002909], [-74.331622, 41.002896], [-74.331609, 41.002894], [-74.331317, 41.002846], [-74.331092, 41.002802], [-74.331072, 41.002799], [-74.331023, 41.002761], [-74.330989, 41.002724], [-74.330953, 41.002682], [-74.330919, 41.002622], [-74.330887, 41.002566], [-74.330837, 41.002509], [-74.330751, 41.002446], [-74.330725, 41.00243], [-74.330608, 41.002361], [-74.330553, 41.002329], [-74.330524, 41.002313], [-74.330475, 41.002285], [-74.330385, 41.002234], [-74.330297, 41.002198], [-74.330148, 41.002168], [-74.329994, 41.002137], [-74.329831, 41.002117], [-74.329645, 41.002087], [-74.329528, 41.002065], [-74.329432, 41.002032], [-74.329342, 41.001988], [-74.329283, 41.001953], [-74.329179, 41.001876], [-74.329111, 41.00183], [-74.329025, 41.001767], [-74.328961, 41.001721], [-74.328639, 41.001436], [-74.328547, 41.001349], [-74.328456, 41.001264], [-74.327789, 41.001137], [-74.326763, 41.000911], [-74.321832, 41.00143], [-74.32132, 41.001582], [-74.320365, 41.001779], [-74.319547, 41.001843], [-74.318571, 41.001859], [-74.318026, 41.001942], [-74.31768, 41.001972], [-74.317337, 41.001967], [-74.31706, 41.001992], [-74.315554, 41.002369], [-74.315428, 41.002357], [-74.315004, 41.002056], [-74.314629, 41.001613], [-74.314337, 41.001393], [-74.313742, 41.001047], [-74.313335, 41.00077], [-74.312979, 41.000582], [-74.312741, 41.000391], [-74.312524, 41.000014], [-74.312452, 40.999688], [-74.312303, 40.999529], [-74.312087, 40.999434], [-74.311615, 40.999268], [-74.311304, 40.999132], [-74.310704, 40.998926], [-74.310115, 40.998667], [-74.309807, 40.998498], [-74.309494, 40.998409], [-74.308968, 40.998389], [-74.308392, 40.998436], [-74.307894, 40.998573], [-74.307529, 40.998711], [-74.307073, 40.998882], [-74.305807, 40.999137], [-74.301685, 40.999173], [-74.301015, 41.000444], [-74.301521, 41.00209], [-74.300029, 41.003115], [-74.300128, 41.003378], [-74.3012, 41.006184], [-74.301415, 41.006837], [-74.303083, 41.012051], [-74.302355, 41.013082], [-74.301239, 41.013077], [-74.300997, 41.013081], [-74.300566, 41.013073], [-74.299091, 41.013065], [-74.298174, 41.013059], [-74.297605, 41.013058], [-74.2968, 41.013051], [-74.296611, 41.013331], [-74.296127, 41.013782], [-74.290116, 41.015578], [-74.289599, 41.01573], [-74.287027, 41.016498], [-74.286238, 41.018964], [-74.282221, 41.02263], [-74.281183, 41.023577], [-74.281852, 41.024392], [-74.277422, 41.023346], [-74.270658, 41.021033], [-74.269357, 41.023622], [-74.26927, 41.023771], [-74.262986, 41.036193], [-74.262843, 41.03647], [-74.260835, 41.040437], [-74.260817, 41.040472], [-74.255299, 41.051367], [-74.25274, 41.056418], [-74.250458, 41.060816], [-74.248954, 41.063615], [-74.231359, 41.056532], [-74.224458, 41.053402], [-74.224267, 41.053315], [-74.2242, 41.053284], [-74.219488, 41.051158], [-74.218476, 41.050705], [-74.21355, 41.049214], [-74.200509, 41.045246], [-74.197246, 41.043676], [-74.195143, 41.04245], [-74.192458, 41.040837], [-74.19215, 41.040662], [-74.186142, 41.037524], [-74.18323, 41.03607], [-74.182681, 41.035868], [-74.180884, 41.034876], [-74.178821, 41.032459], [-74.177914, 41.031972], [-74.176797, 41.031389], [-74.176143, 41.030719], [-74.176097, 41.030627], [-74.174808, 41.031217], [-74.172411, 41.029629], [-74.171058, 41.029324], [-74.169864, 41.028132], [-74.169269, 41.025263], [-74.169642, 41.024062], [-74.16758, 41.023781], [-74.17033, 41.022906], [-74.185733, 41.017927], [-74.186175, 41.017781], [-74.187318, 41.017299], [-74.187722, 41.013991], [-74.188019, 41.011331], [-74.188168, 41.010011], [-74.188366, 41.008566], [-74.188595, 41.006887], [-74.188804, 41.00487], [-74.188823, 41.004567], [-74.188836, 41.004369], [-74.188971, 41.003373], [-74.189174, 41.002109], [-74.189455, 41.000361], [-74.189635, 40.998799], [-74.189839, 40.996781], [-74.190289, 40.992393], [-74.191368, 40.982435], [-74.191632, 40.980065], [-74.191664, 40.979777], [-74.191798, 40.978564], [-74.18738, 40.978273], [-74.18524, 40.978129], [-74.184239, 40.978064], [-74.183551, 40.978018], [-74.181365, 40.977862], [-74.171141, 40.977066], [-74.170275, 40.983904], [-74.16894, 40.983071], [-74.168483, 40.982812], [-74.164082, 40.980127], [-74.163366, 40.979694], [-74.162237, 40.979015], [-74.16094, 40.978233], [-74.160132, 40.977752], [-74.159953, 40.977644], [-74.156568, 40.975613], [-74.155665, 40.975072], [-74.152758, 40.973328], [-74.151131, 40.972352], [-74.149168, 40.971173], [-74.149095, 40.97113], [-74.148507, 40.97078], [-74.148001, 40.970482], [-74.144838, 40.968548], [-74.141048, 40.966348], [-74.141168, 40.965786], [-74.141209, 40.965447], [-74.141356, 40.964698], [-74.141422, 40.964423], [-74.14205, 40.962483], [-74.142298, 40.961828], [-74.14265, 40.960891], [-74.142725, 40.960692], [-74.143066, 40.959794], [-74.143235, 40.959317], [-74.143422, 40.958819], [-74.143528, 40.958518], [-74.143571, 40.958397], [-74.143779, 40.957816], [-74.144135, 40.956901], [-74.144429, 40.956053], [-74.144663, 40.955241], [-74.144775, 40.954837], [-74.144919, 40.954319], [-74.144961, 40.954167], [-74.145153, 40.953489], [-74.145337, 40.952828], [-74.145527, 40.952139], [-74.145594, 40.951897], [-74.145691, 40.951547], [-74.146104, 40.949668], [-74.146293, 40.948961], [-74.146306, 40.948914], [-74.146429, 40.948441], [-74.147325, 40.94571], [-74.147937, 40.943429], [-74.148158, 40.942339], [-74.148171, 40.942153], [-74.148071, 40.941643], [-74.144845, 40.941323], [-74.143775, 40.940551], [-74.140922, 40.936735], [-74.139607, 40.933898], [-74.140072, 40.932169], [-74.142079, 40.930287], [-74.14246, 40.929355], [-74.142415, 40.927941], [-74.141861, 40.9263], [-74.141545, 40.925742], [-74.140253, 40.924036], [-74.13801, 40.922941], [-74.136205, 40.922974], [-74.134484, 40.923022], [-74.132337, 40.92243], [-74.131669, 40.922606], [-74.131024, 40.922772], [-74.130204, 40.922986], [-74.123527, 40.924715], [-74.123376, 40.924371], [-74.122255, 40.921777], [-74.121558, 40.920118], [-74.121082, 40.920241], [-74.120125, 40.920495], [-74.119503, 40.920663], [-74.119244, 40.920733], [-74.118255, 40.920999], [-74.117358, 40.92124], [-74.11616, 40.921563], [-74.115223, 40.921816], [-74.114999, 40.921876], [-74.113966, 40.919054], [-74.113505, 40.917864], [-74.113438, 40.917718], [-74.110968, 40.918365], [-74.108421, 40.919023], [-74.107601, 40.919235], [-74.106748, 40.919456], [-74.10588, 40.91968], [-74.105022, 40.919902], [-74.104156, 40.920126], [-74.103315, 40.920349], [-74.102238, 40.920633], [-74.099925, 40.921241], [-74.099166, 40.921051], [-74.098889, 40.921032], [-74.098459, 40.920971], [-74.097453, 40.920829], [-74.096956, 40.920758], [-74.094157, 40.920404], [-74.092579, 40.920223], [-74.091278, 40.920013], [-74.08961, 40.919743], [-74.089411, 40.919709], [-74.089481, 40.919807], [-74.089496, 40.919829], [-74.089507, 40.919844], [-74.086864, 40.919383], [-74.086675, 40.919352], [-74.085173, 40.919088], [-74.085006, 40.919058], [-74.084826, 40.919025], [-74.084648, 40.918984], [-74.084473, 40.918938], [-74.084301, 40.918885], [-74.084133, 40.918827], [-74.083968, 40.918763], [-74.083807, 40.918693], [-74.083692, 40.918636], [-74.081938, 40.917206], [-74.081081, 40.916481], [-74.07898, 40.914706], [-74.078325, 40.914214], [-74.078296, 40.914195], [-74.075321, 40.912402], [-74.072681, 40.910796], [-74.071838, 40.910271], [-74.070791, 40.909619], [-74.070778, 40.909611], [-74.070701, 40.909563], [-74.068929, 40.908544], [-74.067753, 40.911056], [-74.067267, 40.910908], [-74.067519, 40.910238], [-74.065744, 40.90959], [-74.066267, 40.908498], [-74.065302, 40.908178], [-74.064432, 40.907959], [-74.063562, 40.90774], [-74.062738, 40.907532], [-74.061868, 40.907313], [-74.061017, 40.907098], [-74.05995, 40.90683], [-74.05922, 40.908519], [-74.058198, 40.908258], [-74.058499, 40.907505], [-74.057208, 40.906784], [-74.056462, 40.906336], [-74.055689, 40.907077], [-74.054421, 40.906332], [-74.05487, 40.905397], [-74.056369, 40.903733], [-74.056861, 40.90311], [-74.057158, 40.902225], [-74.057278, 40.901214], [-74.05725, 40.899939], [-74.057654, 40.899031], [-74.057778, 40.898775], [-74.058079, 40.898239], [-74.058222, 40.897986], [-74.058517, 40.897465], [-74.058651, 40.897175], [-74.058858, 40.896624], [-74.058957, 40.896359], [-74.059168, 40.895427], [-74.05918, 40.89483], [-74.059189, 40.894381], [-74.059211, 40.893309], [-74.059432, 40.892599], [-74.059722, 40.89205], [-74.061844, 40.89011], [-74.062236, 40.88938], [-74.06457, 40.887063], [-74.064731, 40.886265], [-74.0649, 40.88543], [-74.065059, 40.884637], [-74.065221, 40.883838], [-74.065444, 40.88273], [-74.065598, 40.882308], [-74.065722, 40.882021], [-74.065809, 40.881818], [-74.065889, 40.881634], [-74.066103, 40.88114], [-74.068073, 40.876585], [-74.068305, 40.876049], [-74.066024, 40.874759], [-74.063647, 40.873403], [-74.063523, 40.873335], [-74.062028, 40.872495], [-74.060102, 40.871278], [-74.059474, 40.869299], [-74.059516, 40.869148], [-74.059567, 40.869005], [-74.059494, 40.869102], [-74.059441, 40.869172], [-74.059249, 40.869427], [-74.059104, 40.86962], [-74.058696, 40.870161], [-74.058535, 40.870375], [-74.058388, 40.870559], [-74.058282, 40.870691], [-74.058176, 40.870824], [-74.05811, 40.870906], [-74.058, 40.871043], [-74.055629, 40.874049], [-74.055356, 40.873872], [-74.054375, 40.873497], [-74.053987, 40.873423], [-74.053144, 40.873283], [-74.051214, 40.872952], [-74.05058, 40.872955], [-74.050367, 40.872977], [-74.049594, 40.873056], [-74.049523, 40.873063], [-74.0486, 40.873157], [-74.047824, 40.872085], [-74.047514, 40.871656], [-74.046844, 40.870731], [-74.046438, 40.870173], [-74.04636, 40.870063], [-74.045086, 40.868301], [-74.045063, 40.868271], [-74.04429, 40.867202], [-74.044177, 40.867046], [-74.044111, 40.866955], [-74.044022, 40.866831], [-74.043227, 40.865734], [-74.042283, 40.864429], [-74.040854, 40.862456], [-74.040761, 40.862327], [-74.040238, 40.861604], [-74.039655, 40.860797], [-74.038268, 40.858881], [-74.036325, 40.858799], [-74.035165, 40.85875], [-74.032967, 40.858658], [-74.032384, 40.858634], [-74.030161, 40.856565], [-74.028506, 40.854176], [-74.028946, 40.851082], [-74.030175, 40.848478], [-74.030466, 40.84648], [-74.027782, 40.846678], [-74.027154, 40.846361], [-74.026278, 40.844866], [-74.024813, 40.842608], [-74.022912, 40.841266], [-74.021664, 40.839884], [-74.0189, 40.839387], [-74.018259, 40.839284], [-74.01816, 40.839264], [-74.017499, 40.839133], [-74.016867, 40.838998], [-74.016826, 40.839001], [-74.014015, 40.83879], [-74.012152, 40.839774], [-74.011235, 40.842216], [-74.011062, 40.844098], [-74.011051, 40.844413], [-74.011043, 40.844557], [-74.010941, 40.846832], [-74.010275, 40.846463], [-74.006918, 40.844601], [-74.005228, 40.843664], [-74.00504, 40.843559], [-74.004854, 40.843457], [-74.0021, 40.841928], [-74.00023, 40.840872], [-73.9994, 40.840395], [-73.998404, 40.839824], [-73.996651, 40.838817], [-73.99413, 40.837383], [-73.993816, 40.837209], [-73.993382, 40.836968], [-73.992748, 40.836613], [-73.991998, 40.836195], [-73.991395, 40.835855], [-73.990623, 40.835417], [-73.989923, 40.835018], [-73.989166, 40.834589], [-73.98893, 40.834454], [-73.988479, 40.834203], [-73.987772, 40.83381], [-73.98704, 40.833403], [-73.986312, 40.833], [-73.985592, 40.832605], [-73.984744, 40.832139], [-73.983832, 40.831642], [-73.982604, 40.830974], [-73.979975, 40.829545], [-73.97804, 40.828494], [-73.976825, 40.827833], [-73.975782, 40.829727], [-73.97441, 40.83151], [-73.973458, 40.833675], [-73.973808, 40.835867], [-73.972724, 40.839148], [-73.972409, 40.840737], [-73.971387, 40.842154], [-73.97065, 40.843936], [-73.970311, 40.843544], [-73.969906, 40.843941], [-73.969684, 40.844523], [-73.969003, 40.844992], [-73.969059, 40.845355], [-73.968674, 40.846005], [-73.968435, 40.846658], [-73.968457, 40.846963], [-73.968111, 40.847417], [-73.967225, 40.847271], [-73.966297, 40.847017], [-73.965787, 40.847476], [-73.96532, 40.847904], [-73.965303, 40.846735], [-73.963461, 40.847387], [-73.961982, 40.8481], [-73.954194, 40.848003], [-73.952565, 40.851537], [-73.952486, 40.851666], [-73.948336, 40.858446], [-73.943042, 40.867092], [-73.938946, 40.873783], [-73.932573, 40.88421], [-73.929821, 40.888682], [-73.927119, 40.895496], [-73.919934, 40.913623], [-73.914253, 40.92796], [-73.909112, 40.945894], [-73.908463, 40.94788], [-73.896144, 40.981873], [-73.893628, 40.997165], [-73.902682, 40.997326], [-73.911345, 41.001188], [-73.919881, 41.00503], [-73.920238, 41.005191], [-73.921784, 41.005885], [-73.923226, 41.006533], [-73.929514, 41.009395], [-73.939049, 41.0137], [-73.941338, 41.014733], [-73.945089, 41.016421], [-73.946332, 41.016982], [-73.950422, 41.018822], [-73.951858, 41.019468], [-73.952975, 41.019963], [-73.958808, 41.022551], [-73.977282, 41.030797], [-73.992682, 41.037644], [-73.993749, 41.03812], [-73.9993, 41.040588], [-73.999819, 41.040819], [-74.012701, 41.04653], [-74.01349, 41.046886], [-74.01833, 41.049026], [-74.019384, 41.049497], [-74.022509, 41.050877], [-74.024543, 41.051779], [-74.025816, 41.052346], [-74.033281, 41.055669], [-74.037295, 41.057453], [-74.040909, 41.059054], [-74.043039, 41.059998], [-74.04614, 41.061371], [-74.052045, 41.063989], [-74.056807, 41.066103], [-74.057218, 41.066284], [-74.05952, 41.067311], [-74.060966, 41.067953], [-74.067892, 41.071031], [-74.071829, 41.072785], [-74.081706, 41.077179], [-74.09233, 41.081906], [-74.093057, 41.082232], [-74.094087, 41.082694], [-74.094164, 41.082729], [-74.096768, 41.083897], [-74.098243, 41.08454], [-74.103981, 41.087052], [-74.112378, 41.090734], [-74.120771, 41.094429], [-74.127248, 41.097311], [-74.145709, 41.105447], [-74.149904, 41.107295], [-74.151738, 41.10811], [-74.152169, 41.108299], [-74.153403, 41.108841], [-74.155172, 41.109617], [-74.156164, 41.110052], [-74.158207, 41.110949], [-74.15829, 41.110985], [-74.161778, 41.112517], [-74.162496, 41.112833], [-74.162685, 41.112915], [-74.168138, 41.115307], [-74.191278, 41.125193], [-74.206273, 41.131612], [-74.211224, 41.133714], [-74.217766, 41.136017], [-74.23304, 41.142485], [-74.237483, 41.144393], [-74.242269, 41.146478], [-74.24264, 41.146646], [-74.250737, 41.150168], [-74.267017, 41.157721], [-74.279677, 41.163055], [-74.301924, 41.172761], [-74.319696, 41.180612], [-74.321846, 41.181559], [-74.322344, 41.181788], [-74.326409, 41.183607], [-74.330675, 41.185457], [-74.331299, 41.18575], [-74.332169, 41.186154], [-74.344927, 41.192051]]]]}}, {"type": "Feature", "properties": {"id": 6, "NAME": "6", "text-color": "#000000", "text-size": 16, "TotalPop": 773586, "PopDevPct": 1.72e-06, "DemPct": 0.59191871, "RepPct": 0.39503749, "WhitePct": 0.45158129, "MinorityPct": 0.54841871, "BlackPct": 0.12717887, "HispanicPct": 0.22057558, "PacificPct": 0.00149212, "AsianPct": 0.19698467, "NativePct": 0.01436822, "TotalVAP": 611210, "Margin": 0.09191871, "color": "#001fff", "opacity": "0.5", "year": 2022, "state": "NJ", "state-district": "NJ-06"}, "geometry": {"type": "MultiPolygon", "coordinates": [[[[-74.28338, 40.424842], [-74.282416, 40.424897], [-74.282293, 40.424904], [-74.28058, 40.425138], [-74.279957, 40.422191], [-74.276931, 40.422772], [-74.276759, 40.424333], [-74.276712, 40.425414], [-74.274406, 40.425285], [-74.273101, 40.424398], [-74.269606, 40.421818], [-74.267375, 40.418953], [-74.265209, 40.416447], [-74.263997, 40.414396], [-74.262734, 40.413091], [-74.261407, 40.412716], [-74.261856, 40.411997], [-74.261916, 40.411196], [-74.262028, 40.409556], [-74.262313, 40.40698], [-74.261821, 40.403483], [-74.261631, 40.402287], [-74.261387, 40.400783], [-74.261306, 40.400331], [-74.260733, 40.397798], [-74.260402, 40.396666], [-74.262074, 40.395373], [-74.259649, 40.395045], [-74.255255, 40.394444], [-74.24556, 40.393126], [-74.245254, 40.393047], [-74.242122, 40.392312], [-74.241969, 40.392277], [-74.239639, 40.391744], [-74.237683, 40.391296], [-74.233008, 40.390732], [-74.231134, 40.389892], [-74.228313, 40.388403], [-74.221141, 40.386468], [-74.220134, 40.386085], [-74.219453, 40.385826], [-74.213707, 40.383642], [-74.208815, 40.381827], [-74.20777, 40.389983], [-74.208528, 40.392493], [-74.208654, 40.395131], [-74.208341, 40.396894], [-74.208301, 40.397073], [-74.207856, 40.39936], [-74.208605, 40.401193], [-74.209005, 40.403657], [-74.209053, 40.405025], [-74.206792, 40.405458], [-74.203298, 40.406254], [-74.201327, 40.407021], [-74.199809, 40.408096], [-74.19952, 40.408281], [-74.198667, 40.408822], [-74.198527, 40.408911], [-74.196349, 40.410239], [-74.195174, 40.410514], [-74.19335, 40.41092], [-74.191771, 40.411163], [-74.190365, 40.411297], [-74.188476, 40.411535], [-74.187907, 40.411616], [-74.185783, 40.411704], [-74.185398, 40.412141], [-74.183954, 40.412361], [-74.181708, 40.412845], [-74.180554, 40.413211], [-74.178452, 40.413795], [-74.177776, 40.413982], [-74.177124, 40.414162], [-74.176415, 40.414357], [-74.176151, 40.414431], [-74.175794, 40.414531], [-74.17514, 40.414711], [-74.174484, 40.414894], [-74.173586, 40.415142], [-74.173432, 40.415633], [-74.169938, 40.416291], [-74.168541, 40.416604], [-74.168127, 40.416693], [-74.16793, 40.416735], [-74.163735, 40.417877], [-74.16203, 40.418349], [-74.158683, 40.419291], [-74.154022, 40.420669], [-74.152118, 40.421232], [-74.151457, 40.421426], [-74.148736, 40.42223], [-74.146808, 40.422799], [-74.143621, 40.423745], [-74.142488, 40.424079], [-74.136357, 40.425899], [-74.135839, 40.426779], [-74.133157, 40.426856], [-74.132748, 40.428735], [-74.132584, 40.429464], [-74.132414, 40.430227], [-74.132268, 40.430935], [-74.132088, 40.431716], [-74.13168, 40.433575], [-74.131628, 40.433808], [-74.131542, 40.434201], [-74.13141, 40.434791], [-74.131394, 40.43486], [-74.131287, 40.435373], [-74.131271, 40.43548], [-74.130825, 40.435421], [-74.130674, 40.436097], [-74.130602, 40.436427], [-74.130526, 40.436418], [-74.129858, 40.436334], [-74.128959, 40.436219], [-74.128332, 40.435808], [-74.12619, 40.437974], [-74.126069, 40.438137], [-74.123555, 40.437912], [-74.122347, 40.437877], [-74.122316, 40.438956], [-74.12088, 40.438931], [-74.119722, 40.438889], [-74.116722, 40.438807], [-74.116712, 40.438149], [-74.118707, 40.438134], [-74.11869, 40.437014], [-74.118683, 40.436415], [-74.116691, 40.436414], [-74.116675, 40.43533], [-74.116663, 40.434545], [-74.116791, 40.434492], [-74.116475, 40.433963], [-74.116436, 40.433913], [-74.116415, 40.433904], [-74.116366, 40.433912], [-74.116046, 40.434025], [-74.115763, 40.434129], [-74.115652, 40.434175], [-74.116034, 40.434792], [-74.115239, 40.43512], [-74.114664, 40.434199], [-74.113886, 40.434486], [-74.114462, 40.435435], [-74.113702, 40.435743], [-74.113063, 40.434802], [-74.112572, 40.434093], [-74.111458, 40.434551], [-74.110626, 40.434888], [-74.109267, 40.433502], [-74.109237, 40.433472], [-74.112245, 40.43143], [-74.110927, 40.430666], [-74.110248, 40.430248], [-74.109574, 40.429842], [-74.108909, 40.429424], [-74.108234, 40.42901], [-74.105721, 40.427431], [-74.103146, 40.425939], [-74.099575, 40.423733], [-74.096869, 40.42244], [-74.096772, 40.422403], [-74.09463, 40.421609], [-74.091309, 40.420354], [-74.090902, 40.421051], [-74.090609, 40.421546], [-74.090432, 40.421826], [-74.089126, 40.420884], [-74.089876, 40.41981], [-74.087465, 40.419131], [-74.08296, 40.418729], [-74.07873, 40.418104], [-74.077038, 40.417806], [-74.076184, 40.417655], [-74.074384, 40.417337], [-74.073955, 40.417261], [-74.073963, 40.417175], [-74.070308, 40.416532], [-74.069906, 40.416462], [-74.06969, 40.416412], [-74.065232, 40.415583], [-74.062438, 40.415087], [-74.059315, 40.414514], [-74.0575, 40.4142], [-74.05749, 40.414315], [-74.056594, 40.41416], [-74.051518, 40.413227], [-74.050988, 40.413249], [-74.048165, 40.412622], [-74.045706, 40.411792], [-74.043144, 40.411614], [-74.04308, 40.410276], [-74.043049, 40.410172], [-74.042772, 40.409641], [-74.042026, 40.408802], [-74.040536, 40.408364], [-74.036888, 40.406566], [-74.034329, 40.404004], [-74.034232, 40.403329], [-74.032702, 40.401792], [-74.030574, 40.402431], [-74.029826, 40.403454], [-74.029711, 40.403559], [-74.029604, 40.403392], [-74.029394, 40.40302], [-74.025727, 40.40071], [-74.025277, 40.401376], [-74.023624, 40.400328], [-74.024181, 40.39976], [-74.021764, 40.398186], [-74.021598, 40.398137], [-74.021478, 40.39805], [-74.021689, 40.397134], [-74.022125, 40.394853], [-74.022316, 40.39385], [-74.022344, 40.393716], [-74.021399, 40.393366], [-74.0151, 40.389046], [-74.011744, 40.382333], [-74.014321, 40.381645], [-74.01943, 40.380163], [-74.025189, 40.378587], [-74.031091, 40.376709], [-74.032077, 40.37854], [-74.035178, 40.37802], [-74.036709, 40.377414], [-74.041377, 40.374079], [-74.042696, 40.373504], [-74.044721, 40.37404], [-74.046118, 40.374944], [-74.047631, 40.374826], [-74.048132, 40.375514], [-74.049522, 40.375482], [-74.049651, 40.375431], [-74.053376, 40.374026], [-74.058935, 40.371998], [-74.061016, 40.370957], [-74.065195, 40.368839], [-74.0665, 40.367662], [-74.067605, 40.366871], [-74.07081, 40.365038], [-74.07108, 40.364884], [-74.072742, 40.363907], [-74.07309, 40.363687], [-74.074532, 40.362822], [-74.075764, 40.362098], [-74.076321, 40.361759], [-74.076473, 40.361686], [-74.077104, 40.361301], [-74.07716, 40.361261], [-74.078036, 40.360741], [-74.078106, 40.360725], [-74.079124, 40.360094], [-74.078097, 40.358441], [-74.07734, 40.357116], [-74.076797, 40.35608], [-74.077897, 40.354792], [-74.078896, 40.353248], [-74.079144, 40.352884], [-74.07978, 40.351881], [-74.079382, 40.350369], [-74.079187, 40.349337], [-74.082379, 40.347399], [-74.084216, 40.344476], [-74.084149, 40.342732], [-74.084068, 40.342579], [-74.083961, 40.342441], [-74.083878, 40.342335], [-74.083837, 40.342296], [-74.08374, 40.342228], [-74.083663, 40.342173], [-74.083474, 40.342059], [-74.083219, 40.341941], [-74.082956, 40.341828], [-74.082633, 40.341698], [-74.082486, 40.341644], [-74.082435, 40.341625], [-74.082312, 40.34158], [-74.082074, 40.341472], [-74.081926, 40.341393], [-74.081805, 40.341322], [-74.081704, 40.341244], [-74.08166, 40.3412], [-74.081616, 40.341127], [-74.081584, 40.341025], [-74.081555, 40.340915], [-74.081592, 40.340356], [-74.081839, 40.33988], [-74.082498, 40.339298], [-74.083397, 40.338917], [-74.08485, 40.338866], [-74.0856, 40.338949], [-74.086929, 40.33948], [-74.088199, 40.340233], [-74.088676, 40.340369], [-74.089431, 40.340185], [-74.09011, 40.339812], [-74.090286, 40.339579], [-74.090209, 40.339092], [-74.089874, 40.338821], [-74.088705, 40.338206], [-74.087852, 40.337305], [-74.087343, 40.336409], [-74.087316, 40.336357], [-74.08728, 40.336285], [-74.087125, 40.336302], [-74.085803, 40.336432], [-74.084077, 40.336594], [-74.082878, 40.336678], [-74.081695, 40.336763], [-74.080117, 40.336882], [-74.078885, 40.336977], [-74.078199, 40.337021], [-74.077641, 40.337069], [-74.077265, 40.337092], [-74.076221, 40.337173], [-74.075629, 40.337219], [-74.074905, 40.337273], [-74.073299, 40.337451], [-74.071517, 40.33764], [-74.068282, 40.337957], [-74.067072, 40.338032], [-74.063676, 40.338136], [-74.063691, 40.338267], [-74.060558, 40.336723], [-74.059215, 40.336065], [-74.05504, 40.333918], [-74.054056, 40.333405], [-74.051497, 40.332062], [-74.047092, 40.329805], [-74.04641, 40.325487], [-74.045624, 40.325484], [-74.042989, 40.325989], [-74.041115, 40.320961], [-74.040913, 40.320413], [-74.042319, 40.319127], [-74.04463, 40.317874], [-74.047742, 40.317742], [-74.047787, 40.316621], [-74.047647, 40.316364], [-74.047631, 40.316233], [-74.047728, 40.316077], [-74.047872, 40.31602], [-74.048106, 40.316023], [-74.048404, 40.316164], [-74.049026, 40.316607], [-74.049327, 40.316772], [-74.049502, 40.316819], [-74.049756, 40.316815], [-74.05012, 40.316657], [-74.050212, 40.316574], [-74.050768, 40.315573], [-74.050986, 40.315344], [-74.051099, 40.315162], [-74.051124, 40.31502], [-74.049615, 40.313735], [-74.048916, 40.313136], [-74.047883, 40.312251], [-74.047445, 40.311876], [-74.046942, 40.311445], [-74.045159, 40.309922], [-74.044826, 40.309637], [-74.043749, 40.308716], [-74.043672, 40.30865], [-74.041066, 40.307384], [-74.04137, 40.306812], [-74.040095, 40.305663], [-74.040624, 40.305143], [-74.040705, 40.305068], [-74.041238, 40.304532], [-74.039275, 40.304254], [-74.038321, 40.304253], [-74.03765, 40.303425], [-74.036939, 40.302782], [-74.036413, 40.302295], [-74.035887, 40.30181], [-74.035833, 40.30176], [-74.034761, 40.300789], [-74.033842, 40.299944], [-74.032552, 40.298755], [-74.036736, 40.297593], [-74.036855, 40.297548], [-74.036987, 40.297492], [-74.037008, 40.297485], [-74.036921, 40.2974], [-74.033249, 40.293788], [-74.035969, 40.292688], [-74.038538, 40.291496], [-74.035291, 40.288584], [-74.034818, 40.285588], [-74.035718, 40.284798], [-74.032404, 40.284989], [-74.032293, 40.28313], [-74.031657, 40.283227], [-74.029368, 40.283519], [-74.028734, 40.279971], [-74.028692, 40.279704], [-74.028587, 40.279133], [-74.028237, 40.277152], [-74.028164, 40.276779], [-74.027953, 40.275542], [-74.02762, 40.27322], [-74.027625, 40.272741], [-74.02572, 40.27217], [-74.02222, 40.272751], [-74.018606, 40.274024], [-74.016821, 40.274355], [-74.015173, 40.274876], [-74.012721, 40.274842], [-74.009807, 40.275389], [-74.005841, 40.27622], [-74.004647, 40.276481], [-74.002889, 40.276407], [-74.002893, 40.276385], [-74.002902, 40.27498], [-74.002817, 40.274494], [-74.002737, 40.274033], [-74.002671, 40.273676], [-74.002571, 40.273089], [-74.002459, 40.27229], [-74.00219, 40.2706], [-74.001802, 40.269168], [-74.001321, 40.267418], [-74.001261, 40.267268], [-74.00089, 40.265917], [-74.000663, 40.265116], [-74.000325, 40.264], [-74.000174, 40.263357], [-73.999983, 40.262791], [-73.999883, 40.262702], [-73.999776, 40.262326], [-73.99975, 40.262211], [-73.999732, 40.262132], [-73.999711, 40.261934], [-73.999711, 40.261809], [-73.99977, 40.261263], [-73.999892, 40.259557], [-73.999953, 40.25873], [-74.000042, 40.257893], [-74.000215, 40.256312], [-74.000408, 40.256283], [-74.003148, 40.256832], [-74.003204, 40.254536], [-74.003221, 40.25298], [-74.003598, 40.252976], [-74.003668, 40.251141], [-74.003704, 40.2499], [-74.003746, 40.248658], [-74.003825, 40.247453], [-74.005584, 40.247742], [-74.007986, 40.248135], [-74.009683, 40.248417], [-74.009197, 40.245859], [-74.009375, 40.244166], [-74.008625, 40.242938], [-74.008001, 40.239851], [-74.008351, 40.237449], [-74.008431, 40.236127], [-74.008684, 40.235364], [-74.009873, 40.235754], [-74.010734, 40.235782], [-74.012188, 40.235963], [-74.01292, 40.236238], [-74.013823, 40.236784], [-74.013905, 40.236848], [-74.014066, 40.236974], [-74.014308, 40.237127], [-74.014531, 40.237232], [-74.014904, 40.237397], [-74.014989, 40.237451], [-74.015218, 40.237693], [-74.015339, 40.237907], [-74.015403, 40.237971], [-74.015427, 40.238117], [-74.015452, 40.238279], [-74.015486, 40.238446], [-74.015517, 40.238524], [-74.015534, 40.238543], [-74.015527, 40.23856], [-74.015523, 40.238572], [-74.01529, 40.23911], [-74.016354, 40.23936], [-74.022762, 40.240874], [-74.023159, 40.239635], [-74.023267, 40.239246], [-74.023504, 40.238424], [-74.023762, 40.237417], [-74.023897, 40.236715], [-74.023942, 40.236441], [-74.024125, 40.235451], [-74.024143, 40.235354], [-74.024445, 40.234719], [-74.024329, 40.23465], [-74.023565, 40.234534], [-74.023021, 40.234133], [-74.022675, 40.233643], [-74.022466, 40.232933], [-74.022224, 40.232755], [-74.020914, 40.232492], [-74.020018, 40.232212], [-74.017969, 40.231267], [-74.017345, 40.231146], [-74.016305, 40.231091], [-74.01384, 40.230234], [-74.014881, 40.229652], [-74.018273, 40.229137], [-74.021351, 40.228164], [-74.022949, 40.227262], [-74.023611, 40.226752], [-74.026507, 40.226013], [-74.026768, 40.225415], [-74.026899, 40.225221], [-74.027109, 40.224995], [-74.027151, 40.224964], [-74.027207, 40.224926], [-74.027287, 40.224872], [-74.027316, 40.22485], [-74.027405, 40.224802], [-74.02751, 40.224764], [-74.027609, 40.22473], [-74.027841, 40.224665], [-74.028038, 40.224615], [-74.028155, 40.224594], [-74.028254, 40.22457], [-74.028371, 40.224548], [-74.028463, 40.224537], [-74.028574, 40.22453], [-74.028673, 40.224525], [-74.028733, 40.224526], [-74.028825, 40.224533], [-74.028999, 40.224561], [-74.029145, 40.224578], [-74.029281, 40.224598], [-74.029436, 40.224618], [-74.029547, 40.224629], [-74.029709, 40.224634], [-74.029902, 40.22463], [-74.030093, 40.224628], [-74.030175, 40.224625], [-74.030219, 40.224619], [-74.030351, 40.224617], [-74.030436, 40.224591], [-74.030499, 40.224564], [-74.030531, 40.224533], [-74.030567, 40.224456], [-74.030582, 40.224439], [-74.030625, 40.224354], [-74.031897, 40.224626], [-74.032801, 40.224819], [-74.035079, 40.225329], [-74.038009, 40.225917], [-74.039141, 40.226164], [-74.039475, 40.226226], [-74.045503, 40.227516], [-74.04975, 40.228409], [-74.050304, 40.228523], [-74.059484, 40.230437], [-74.060867, 40.230811], [-74.067711, 40.232263], [-74.068418, 40.232417], [-74.069036, 40.232548], [-74.070124, 40.232782], [-74.072491, 40.23328], [-74.075291, 40.233874], [-74.075912, 40.234017], [-74.076737, 40.2342], [-74.077409, 40.234395], [-74.077512, 40.233594], [-74.077876, 40.232356], [-74.079034, 40.23157], [-74.080761, 40.230141], [-74.081426, 40.228242], [-74.081524, 40.228172], [-74.082365, 40.227822], [-74.083135, 40.227563], [-74.086338, 40.225456], [-74.089916, 40.224553], [-74.091633, 40.225553], [-74.092108, 40.222383], [-74.092353, 40.220762], [-74.092422, 40.220733], [-74.09272, 40.219132], [-74.093047, 40.217232], [-74.093501, 40.214174], [-74.093857, 40.211827], [-74.093865, 40.211709], [-74.093866, 40.211696], [-74.093995, 40.210151], [-74.094365, 40.207747], [-74.094585, 40.206321], [-74.094425, 40.206314], [-74.094256, 40.20631], [-74.094011, 40.206289], [-74.093891, 40.206267], [-74.093645, 40.206212], [-74.093522, 40.206173], [-74.093277, 40.206081], [-74.093171, 40.206054], [-74.093009, 40.205986], [-74.092917, 40.205937], [-74.092562, 40.205728], [-74.092372, 40.205627], [-74.09222, 40.205519], [-74.092178, 40.205499], [-74.092139, 40.205481], [-74.091994, 40.205466], [-74.091774, 40.205454], [-74.091508, 40.205434], [-74.091166, 40.205389], [-74.091048, 40.205388], [-74.090957, 40.205363], [-74.090814, 40.205264], [-74.090518, 40.205153], [-74.090373, 40.205075], [-74.090303, 40.205044], [-74.090155, 40.205017], [-74.089974, 40.20502], [-74.089862, 40.205047], [-74.089827, 40.205066], [-74.089809, 40.20512], [-74.089863, 40.205235], [-74.089838, 40.205299], [-74.089767, 40.205358], [-74.089729, 40.205374], [-74.089523, 40.205394], [-74.089335, 40.205403], [-74.089154, 40.205445], [-74.089071, 40.205431], [-74.089016, 40.205411], [-74.088851, 40.205303], [-74.088708, 40.205227], [-74.088666, 40.205183], [-74.088575, 40.205056], [-74.088528, 40.205013], [-74.088475, 40.204988], [-74.088382, 40.204986], [-74.088259, 40.205039], [-74.088159, 40.20515], [-74.088101, 40.205202], [-74.088048, 40.205214], [-74.087973, 40.205186], [-74.087862, 40.205174], [-74.087779, 40.205224], [-74.087745, 40.205299], [-74.087697, 40.205339], [-74.087604, 40.205343], [-74.087564, 40.205302], [-74.08755, 40.205183], [-74.08758, 40.205129], [-74.087588, 40.205035], [-74.087577, 40.204817], [-74.087565, 40.204781], [-74.087526, 40.204747], [-74.087467, 40.204747], [-74.08724, 40.204841], [-74.087119, 40.204883], [-74.087026, 40.204887], [-74.08699, 40.204865], [-74.086972, 40.204819], [-74.086935, 40.20479], [-74.086877, 40.204794], [-74.08686, 40.204818], [-74.086837, 40.204917], [-74.086802, 40.204946], [-74.086746, 40.204964], [-74.0866, 40.204966], [-74.086553, 40.204937], [-74.086533, 40.204829], [-74.086553, 40.204778], [-74.086562, 40.204638], [-74.086532, 40.204598], [-74.086467, 40.204561], [-74.0864, 40.204472], [-74.086393, 40.204445], [-74.086411, 40.204382], [-74.086454, 40.20428], [-74.086427, 40.204224], [-74.086332, 40.204214], [-74.086238, 40.204225], [-74.08619, 40.204252], [-74.086096, 40.20435], [-74.086053, 40.20438], [-74.085997, 40.204399], [-74.08593, 40.204388], [-74.085862, 40.204347], [-74.085839, 40.204312], [-74.085805, 40.204207], [-74.085775, 40.204068], [-74.085838, 40.203977], [-74.085845, 40.203919], [-74.085827, 40.20386], [-74.08577, 40.203804], [-74.085665, 40.203794], [-74.085574, 40.203757], [-74.085514, 40.203708], [-74.085505, 40.203681], [-74.085525, 40.203616], [-74.085603, 40.203547], [-74.085611, 40.203524], [-74.085578, 40.203484], [-74.085481, 40.203461], [-74.085408, 40.203484], [-74.085373, 40.20348], [-74.085272, 40.203408], [-74.085217, 40.203378], [-74.085096, 40.203337], [-74.085034, 40.203325], [-74.084058, 40.202854], [-74.082938, 40.204357], [-74.081766, 40.204227], [-74.080998, 40.202863], [-74.078598, 40.202063], [-74.078371, 40.201314], [-74.075527, 40.201234], [-74.074789, 40.201619], [-74.074415, 40.200517], [-74.073236, 40.200462], [-74.069836, 40.198644], [-74.069026, 40.198283], [-74.069101, 40.196735], [-74.067676, 40.195831], [-74.06639, 40.196715], [-74.065238, 40.196795], [-74.065052, 40.196857], [-74.064647, 40.196772], [-74.06427, 40.196753], [-74.06407, 40.196633], [-74.063857, 40.196618], [-74.063557, 40.196532], [-74.063421, 40.196431], [-74.063304, 40.196533], [-74.063051, 40.196614], [-74.0628, 40.196754], [-74.062743, 40.196703], [-74.062671, 40.196524], [-74.0625, 40.196417], [-74.062129, 40.19634], [-74.061929, 40.196201], [-74.061927, 40.196071], [-74.062093, 40.19583], [-74.062344, 40.195659], [-74.0625, 40.195493], [-74.062693, 40.195202], [-74.063135, 40.194839], [-74.063163, 40.194686], [-74.063086, 40.194616], [-74.06281, 40.194496], [-74.062632, 40.194459], [-74.062241, 40.194153], [-74.062082, 40.194099], [-74.06193, 40.194115], [-74.061556, 40.194228], [-74.060964, 40.194238], [-74.060793, 40.19419], [-74.06077, 40.194057], [-74.060796, 40.193804], [-74.060705, 40.193733], [-74.060236, 40.193537], [-74.06011, 40.193445], [-74.060154, 40.193356], [-74.060088, 40.193253], [-74.059991, 40.193299], [-74.059825, 40.193085], [-74.05894, 40.192219], [-74.059253, 40.191401], [-74.059054, 40.190796], [-74.058717, 40.190464], [-74.057242, 40.189585], [-74.057008, 40.188941], [-74.057189, 40.188417], [-74.056387, 40.187814], [-74.055209, 40.187991], [-74.054169, 40.187965], [-74.05374, 40.187754], [-74.053386, 40.187333], [-74.05308, 40.186567], [-74.052775, 40.186299], [-74.051828, 40.186421], [-74.051063, 40.1861], [-74.049902, 40.185993], [-74.049142, 40.185769], [-74.048481, 40.185142], [-74.048029, 40.184834], [-74.045369, 40.183173], [-74.04168, 40.181531], [-74.036988, 40.181922], [-74.036098, 40.182519], [-74.035745, 40.18303], [-74.035372, 40.183615], [-74.035079, 40.184248], [-74.034929, 40.184761], [-74.034915, 40.185216], [-74.034976, 40.185699], [-74.034968, 40.185881], [-74.034875, 40.186326], [-74.03473, 40.186672], [-74.034485, 40.186984], [-74.034009, 40.187418], [-74.033603, 40.187794], [-74.033273, 40.188001], [-74.032521, 40.188431], [-74.032038, 40.188644], [-74.031724, 40.188748], [-74.031129, 40.188865], [-74.030661, 40.188893], [-74.030501, 40.188891], [-74.030195, 40.18882], [-74.029998, 40.188774], [-74.02905, 40.188602], [-74.028528, 40.188504], [-74.028157, 40.188412], [-74.028272, 40.188134], [-74.02885, 40.188267], [-74.029025, 40.188238], [-74.029027, 40.188185], [-74.029214, 40.188054], [-74.029385, 40.187849], [-74.029648, 40.187389], [-74.029761, 40.187229], [-74.029708, 40.187096], [-74.029899, 40.186811], [-74.02989, 40.18669], [-74.030127, 40.186328], [-74.03012, 40.186047], [-74.030205, 40.185765], [-74.030356, 40.185611], [-74.030413, 40.18519], [-74.030628, 40.184508], [-74.030693, 40.184195], [-74.030765, 40.184085], [-74.030865, 40.183657], [-74.030767, 40.183451], [-74.030446, 40.183207], [-74.030109, 40.183038], [-74.029824, 40.182817], [-74.029707, 40.182785], [-74.029448, 40.18283], [-74.02932, 40.1829], [-74.029144, 40.183015], [-74.028963, 40.183156], [-74.028573, 40.183513], [-74.02795, 40.184098], [-74.02792, 40.184114], [-74.027896, 40.184114], [-74.027879, 40.184105], [-74.027868, 40.184097], [-74.0259, 40.18539], [-74.025648, 40.185312], [-74.025102, 40.186715], [-74.024995, 40.187005], [-74.023873, 40.190185], [-74.023951, 40.190398], [-74.023074, 40.192649], [-74.022828, 40.193056], [-74.022679, 40.193481], [-74.022503, 40.193977], [-74.022469, 40.194072], [-74.022317, 40.194504], [-74.022283, 40.194598], [-74.022122, 40.195053], [-74.021722, 40.196185], [-74.021706, 40.196232], [-74.021299, 40.197383], [-74.021261, 40.197489], [-74.02039, 40.196414], [-74.020254, 40.196349], [-74.018422, 40.195307], [-74.016953, 40.19511], [-74.011185, 40.195666], [-74.009515, 40.195554], [-74.009026, 40.195545], [-74.007481, 40.195613], [-74.004981, 40.195013], [-74.005736, 40.191135], [-74.006481, 40.187313], [-74.008349, 40.182], [-74.009753, 40.178677], [-74.01071, 40.176719], [-74.011317, 40.175337], [-74.011937, 40.17393], [-74.014798, 40.167544], [-74.015081, 40.166914], [-74.018257, 40.152321], [-74.02148, 40.137514], [-74.02418, 40.123514], [-74.02828, 40.117415], [-74.007179, 40.097715], [-73.999579, 40.097662], [-73.965414, 40.097642], [-73.965079, 40.100892], [-73.966265, 40.108597], [-73.965275, 40.11295], [-73.962735, 40.119914], [-73.960513, 40.125114], [-73.94688, 40.154381], [-73.933207, 40.190209], [-73.93253, 40.19229], [-73.910494, 40.241743], [-73.906863, 40.250111], [-73.898208, 40.274353], [-73.890791, 40.31069], [-73.887082, 40.345009], [-73.886746, 40.375109], [-73.886746, 40.424227], [-73.88506, 40.452776], [-73.886747, 40.475892], [-73.888434, 40.484049], [-73.889645, 40.486511], [-73.90214, 40.492121], [-73.977874, 40.519095], [-74.04378, 40.507828], [-74.091264, 40.499663], [-74.092728, 40.499406], [-74.158821, 40.488023], [-74.206443, 40.479818], [-74.225331, 40.476578], [-74.228196, 40.477621], [-74.243811, 40.483301], [-74.24897, 40.485181], [-74.253143, 40.486886], [-74.256134, 40.493183], [-74.25629, 40.493506], [-74.258136, 40.497389], [-74.258843, 40.498875], [-74.258559, 40.502782], [-74.258313, 40.506178], [-74.258186, 40.507919], [-74.256984, 40.510688], [-74.254048, 40.515692], [-74.24602, 40.520958], [-74.246782, 40.524771], [-74.249735, 40.539551], [-74.250284, 40.5423], [-74.247527, 40.54927], [-74.23964, 40.554166], [-74.232134, 40.558743], [-74.231415, 40.559182], [-74.228306, 40.55869], [-74.218003, 40.557058], [-74.214575, 40.560533], [-74.21203, 40.568111], [-74.210144, 40.573724], [-74.209544, 40.576666], [-74.207383, 40.587222], [-74.207242, 40.587915], [-74.203605, 40.592635], [-74.207133, 40.595036], [-74.21037, 40.59714], [-74.212061, 40.599616], [-74.212471, 40.602821], [-74.214457, 40.604141], [-74.215591, 40.604015], [-74.216878, 40.602994], [-74.217963, 40.601077], [-74.221756, 40.600006], [-74.225791, 40.599916], [-74.230727, 40.598843], [-74.231211, 40.598931], [-74.231534, 40.599001], [-74.231999, 40.599093], [-74.232633, 40.599233], [-74.23273, 40.599267], [-74.232963, 40.599348], [-74.233217, 40.599471], [-74.233422, 40.599587], [-74.233527, 40.59967], [-74.233606, 40.599733], [-74.233721, 40.599842], [-74.233793, 40.599935], [-74.233818, 40.599976], [-74.233882, 40.600085], [-74.233957, 40.600263], [-74.233995, 40.60034], [-74.234105, 40.60067], [-74.234359, 40.601439], [-74.234533, 40.601832], [-74.234593, 40.601925], [-74.234611, 40.601953], [-74.234714, 40.602073], [-74.234816, 40.602175], [-74.234916, 40.602245], [-74.235034, 40.602312], [-74.235223, 40.6024], [-74.235378, 40.602467], [-74.2355, 40.602491], [-74.235639, 40.602522], [-74.235899, 40.602552], [-74.235962, 40.602556], [-74.236, 40.602559], [-74.236215, 40.602571], [-74.236311, 40.602577], [-74.236681, 40.602568], [-74.236821, 40.602559], [-74.237053, 40.602532], [-74.237229, 40.602495], [-74.237372, 40.602442], [-74.237527, 40.602353], [-74.237621, 40.602281], [-74.237709, 40.602207], [-74.237958, 40.601958], [-74.238138, 40.60174], [-74.238234, 40.601623], [-74.238638, 40.601131], [-74.238833, 40.600935], [-74.238905, 40.600872], [-74.239062, 40.600759], [-74.239521, 40.600495], [-74.240323, 40.600097], [-74.241115, 40.599737], [-74.241449, 40.599618], [-74.241666, 40.599556], [-74.241986, 40.599505], [-74.24221, 40.599486], [-74.242393, 40.599474], [-74.246079, 40.599803], [-74.248493, 40.600443], [-74.252968, 40.600768], [-74.254985, 40.602041], [-74.257689, 40.602276], [-74.257801, 40.60198], [-74.259468, 40.59755], [-74.259559, 40.597313], [-74.260364, 40.597202], [-74.261934, 40.596925], [-74.26282, 40.596764], [-74.264454, 40.596484], [-74.266103, 40.596195], [-74.2669, 40.596047], [-74.267716, 40.595924], [-74.272854, 40.595059], [-74.273079, 40.595014], [-74.274238, 40.594758], [-74.275904, 40.594506], [-74.279555, 40.593886], [-74.280419, 40.593738], [-74.282863, 40.593315], [-74.286052, 40.592764], [-74.290849, 40.59195], [-74.291441, 40.592261], [-74.292228, 40.592823], [-74.29252, 40.593033], [-74.293401, 40.593667], [-74.294594, 40.594534], [-74.295123, 40.594978], [-74.296741, 40.595966], [-74.297722, 40.596625], [-74.299086, 40.597542], [-74.299809, 40.598027], [-74.300301, 40.598285], [-74.301099, 40.59853], [-74.30199, 40.5988], [-74.30279, 40.599205], [-74.303589, 40.59964], [-74.305326, 40.600586], [-74.305007, 40.601301], [-74.304684, 40.602025], [-74.304384, 40.602725], [-74.304173, 40.60323], [-74.303394, 40.605091], [-74.303134, 40.605711], [-74.304799, 40.60667], [-74.302962, 40.607276], [-74.302921, 40.608683], [-74.305286, 40.608489], [-74.308527, 40.608222], [-74.309126, 40.608173], [-74.310042, 40.608098], [-74.310433, 40.608062], [-74.311995, 40.60796], [-74.312997, 40.607874], [-74.313601, 40.607814], [-74.316653, 40.607555], [-74.320533, 40.607237], [-74.322154, 40.607102], [-74.323539, 40.606985], [-74.331685, 40.606299], [-74.338472, 40.605735], [-74.34477, 40.605214], [-74.346951, 40.605036], [-74.352963, 40.604543], [-74.356209, 40.604277], [-74.358717, 40.604061], [-74.372773, 40.602862], [-74.377849, 40.602428], [-74.381981, 40.602074], [-74.38452, 40.601864], [-74.386036, 40.601733], [-74.387494, 40.601611], [-74.389894, 40.601401], [-74.39472, 40.600989], [-74.39723, 40.600788], [-74.400279, 40.600528], [-74.401175, 40.600454], [-74.402303, 40.600362], [-74.407339, 40.599935], [-74.413479, 40.59943], [-74.41612, 40.599213], [-74.418551, 40.599011], [-74.420946, 40.598814], [-74.422673, 40.598661], [-74.423635, 40.598589], [-74.424699, 40.598513], [-74.426425, 40.598353], [-74.427177, 40.598289], [-74.428718, 40.598163], [-74.430564, 40.59801], [-74.433626, 40.597756], [-74.434837, 40.59765], [-74.437067, 40.597468], [-74.437998, 40.597391], [-74.438363, 40.597357], [-74.439777, 40.597241], [-74.440486, 40.597178], [-74.441719, 40.597085], [-74.443497, 40.596931], [-74.444617, 40.596832], [-74.445921, 40.596726], [-74.44794, 40.59656], [-74.448654, 40.596495], [-74.449451, 40.596429], [-74.450268, 40.596363], [-74.452064, 40.596212], [-74.453167, 40.596119], [-74.453263, 40.59611], [-74.455132, 40.595954], [-74.455865, 40.595502], [-74.457771, 40.594232], [-74.457129, 40.593642], [-74.45518, 40.591859], [-74.453609, 40.590418], [-74.452353, 40.589268], [-74.455269, 40.586725], [-74.456978, 40.585246], [-74.456805, 40.584962], [-74.460222, 40.584414], [-74.460163, 40.584073], [-74.459876, 40.582424], [-74.459736, 40.581553], [-74.461173, 40.581418], [-74.462653, 40.581279], [-74.464099, 40.58115], [-74.465332, 40.58104], [-74.46593, 40.580987], [-74.466747, 40.580914], [-74.468907, 40.580722], [-74.46967, 40.585567], [-74.470617, 40.584955], [-74.477165, 40.58074], [-74.478388, 40.579941], [-74.47918, 40.579438], [-74.479827, 40.579028], [-74.480544, 40.578572], [-74.481292, 40.578084], [-74.480441, 40.576105], [-74.479491, 40.57382], [-74.481718, 40.572592], [-74.483696, 40.572102], [-74.484751, 40.571841], [-74.486983, 40.571068], [-74.489345, 40.569567], [-74.49015, 40.569053], [-74.49729, 40.564764], [-74.498269, 40.563325], [-74.500287, 40.564067], [-74.501994, 40.563178], [-74.502035, 40.563153], [-74.502426, 40.562945], [-74.502745, 40.562792], [-74.503012, 40.562662], [-74.503107, 40.562608], [-74.50323, 40.562536], [-74.505196, 40.561391], [-74.506204, 40.560808], [-74.506562, 40.56058], [-74.507379, 40.560107], [-74.509166, 40.559594], [-74.509778, 40.560203], [-74.511249, 40.560241], [-74.512529, 40.559531], [-74.51599, 40.557664], [-74.518633, 40.556237], [-74.519488, 40.555776], [-74.519843, 40.555584], [-74.517791, 40.55285], [-74.516725, 40.54925], [-74.515872, 40.544984], [-74.514122, 40.542031], [-74.511748, 40.539814], [-74.511542, 40.539684], [-74.507061, 40.536871], [-74.500011, 40.532596], [-74.497762, 40.531132], [-74.496321, 40.529998], [-74.495548, 40.52937], [-74.491644, 40.524682], [-74.490466, 40.523092], [-74.489237, 40.521393], [-74.489056, 40.521114], [-74.485547, 40.51591], [-74.482358, 40.512493], [-74.480461, 40.511322], [-74.477835, 40.510689], [-74.474174, 40.510563], [-74.470561, 40.509914], [-74.466947, 40.508898], [-74.467064, 40.508388], [-74.467094, 40.508257], [-74.467148, 40.508103], [-74.467215, 40.505651], [-74.467312, 40.505018], [-74.466952, 40.502871], [-74.465035, 40.501258], [-74.463192, 40.500672], [-74.461959, 40.499606], [-74.460791, 40.498628], [-74.459043, 40.496066], [-74.459745, 40.493532], [-74.459863, 40.491046], [-74.4604, 40.490769], [-74.461143, 40.490388], [-74.46253, 40.48968], [-74.463231, 40.489291], [-74.463575, 40.489049], [-74.46394, 40.488878], [-74.466953, 40.487463], [-74.467721, 40.487086], [-74.467851, 40.487022], [-74.468503, 40.486745], [-74.469318, 40.486479], [-74.47171, 40.485819], [-74.47245, 40.485612], [-74.47327, 40.485382], [-74.473786, 40.485237], [-74.473976, 40.485184], [-74.475688, 40.484706], [-74.475889, 40.484648], [-74.476483, 40.484483], [-74.47868, 40.483816], [-74.479472, 40.48337], [-74.480167, 40.482978], [-74.480898, 40.482566], [-74.481983, 40.481955], [-74.483298, 40.480988], [-74.484122, 40.480331], [-74.484313, 40.480174], [-74.485609, 40.478833], [-74.489491, 40.474452], [-74.488631, 40.47394], [-74.487921, 40.47352], [-74.487229, 40.473103], [-74.486907, 40.472911], [-74.48551, 40.472104], [-74.484793, 40.471682], [-74.484081, 40.471261], [-74.483378, 40.470848], [-74.482667, 40.470432], [-74.478959, 40.468205], [-74.477344, 40.467244], [-74.471212, 40.47324], [-74.469354, 40.472117], [-74.467811, 40.471181], [-74.467707, 40.471265], [-74.466422, 40.472307], [-74.46591, 40.472722], [-74.46521, 40.473291], [-74.464591, 40.473792], [-74.464128, 40.474167], [-74.463979, 40.474288], [-74.463901, 40.474352], [-74.463298, 40.474841], [-74.462745, 40.475368], [-74.462725, 40.475386], [-74.462181, 40.475909], [-74.461749, 40.476325], [-74.461382, 40.476677], [-74.46086, 40.477179], [-74.460379, 40.477626], [-74.458159, 40.477175], [-74.455929, 40.476828], [-74.451229, 40.477932], [-74.450163, 40.477714], [-74.448845, 40.477211], [-74.447856, 40.476145], [-74.446169, 40.476264], [-74.443439, 40.476475], [-74.443097, 40.476494], [-74.442177, 40.476564], [-74.441466, 40.47662], [-74.436892, 40.476963], [-74.427938, 40.477638], [-74.427738, 40.477652], [-74.427488, 40.47767], [-74.424058, 40.477921], [-74.423766, 40.477944], [-74.423468, 40.477969], [-74.422995, 40.478005], [-74.415259, 40.478584], [-74.414825, 40.478623], [-74.413221, 40.482125], [-74.412914, 40.48255], [-74.412491, 40.483021], [-74.412286, 40.483335], [-74.412231, 40.483482], [-74.411833, 40.483902], [-74.411642, 40.484017], [-74.411432, 40.484001], [-74.411159, 40.483819], [-74.410882, 40.483152], [-74.410493, 40.482679], [-74.410193, 40.482447], [-74.409391, 40.481978], [-74.408484, 40.481472], [-74.408172, 40.481175], [-74.407966, 40.480814], [-74.407774, 40.480628], [-74.407558, 40.480511], [-74.407395, 40.480495], [-74.406743, 40.48059], [-74.406364, 40.480645], [-74.40472, 40.480497], [-74.404108, 40.480341], [-74.403653, 40.480225], [-74.403637, 40.480221], [-74.403548, 40.480191], [-74.403452, 40.480158], [-74.403134, 40.48005], [-74.40235, 40.479674], [-74.4017, 40.47977], [-74.400234, 40.480564], [-74.399592, 40.481226], [-74.399343, 40.4813], [-74.397885, 40.481162], [-74.397141, 40.481529], [-74.396704, 40.481962], [-74.395669, 40.482663], [-74.395434, 40.483558], [-74.395185, 40.483626], [-74.394498, 40.483448], [-74.394123, 40.483536], [-74.39302, 40.484522], [-74.392475, 40.485258], [-74.389248, 40.486724], [-74.387859, 40.487319], [-74.385078, 40.487212], [-74.383991, 40.486106], [-74.383901, 40.48575], [-74.383494, 40.484205], [-74.383494, 40.481805], [-74.382194, 40.479805], [-74.379694, 40.478305], [-74.376808, 40.4778], [-74.376626, 40.477308], [-74.376294, 40.47636], [-74.375637, 40.475093], [-74.375739, 40.474609], [-74.375996, 40.474308], [-74.376851, 40.473968], [-74.378169, 40.473876], [-74.379041, 40.473641], [-74.379349, 40.472999], [-74.379266, 40.47241], [-74.378169, 40.470068], [-74.378535, 40.469484], [-74.378869, 40.469205], [-74.381299, 40.469204], [-74.382137, 40.469021], [-74.382277, 40.468009], [-74.380632, 40.466391], [-74.379092, 40.464297], [-74.378921, 40.463721], [-74.379161, 40.462871], [-74.380375, 40.462321], [-74.381333, 40.462232], [-74.381742, 40.462395], [-74.383035, 40.46317], [-74.383463, 40.463338], [-74.384087, 40.463329], [-74.384357, 40.463182], [-74.384781, 40.462761], [-74.385234, 40.461601], [-74.385412, 40.461358], [-74.386158, 40.460345], [-74.386089, 40.459521], [-74.385234, 40.459037], [-74.38277, 40.458081], [-74.381214, 40.45782], [-74.380102, 40.458317], [-74.379337, 40.460216], [-74.378539, 40.461115], [-74.377341, 40.461352], [-74.375837, 40.461047], [-74.375652, 40.461097], [-74.377288, 40.456319], [-74.377493, 40.454605], [-74.378493, 40.453305], [-74.378376, 40.452483], [-74.376498, 40.451358], [-74.374998, 40.451611], [-74.37489, 40.452701], [-74.375603, 40.453961], [-74.375689, 40.45562], [-74.37309, 40.456446], [-74.371556, 40.456204], [-74.371261, 40.455543], [-74.370984, 40.454195], [-74.371314, 40.451356], [-74.36974, 40.448533], [-74.368293, 40.447506], [-74.365693, 40.447106], [-74.363493, 40.446406], [-74.362093, 40.444406], [-74.359993, 40.443406], [-74.359493, 40.442306], [-74.360269, 40.440621], [-74.36043, 40.439904], [-74.359654, 40.43912], [-74.357208, 40.438637], [-74.3566, 40.438266], [-74.35666, 40.437391], [-74.357093, 40.436506], [-74.357391, 40.435481], [-74.357863, 40.434573], [-74.357393, 40.434006], [-74.354093, 40.432306], [-74.353648, 40.431785], [-74.356333, 40.429593], [-74.357467, 40.428343], [-74.35717, 40.425979], [-74.356468, 40.424909], [-74.355854, 40.42411], [-74.355953, 40.423464], [-74.356531, 40.422788], [-74.357589, 40.422072], [-74.358472, 40.421635], [-74.361349, 40.421304], [-74.36227, 40.421111], [-74.363298, 40.419638], [-74.363359, 40.418864], [-74.363199, 40.418445], [-74.362871, 40.418079], [-74.362456, 40.417616], [-74.361748, 40.416831], [-74.36154, 40.416595], [-74.361411, 40.416673], [-74.361376, 40.416694], [-74.359494, 40.417835], [-74.359276, 40.417967], [-74.357895, 40.418811], [-74.353863, 40.421294], [-74.353807, 40.42133], [-74.35366, 40.421418], [-74.352215, 40.422266], [-74.34573, 40.426172], [-74.343334, 40.427613], [-74.341037, 40.428996], [-74.331981, 40.434462], [-74.328141, 40.436776], [-74.32472, 40.439146], [-74.324452, 40.439094], [-74.322286, 40.441801], [-74.321367, 40.442706], [-74.318463, 40.44547], [-74.31786, 40.446046], [-74.317329, 40.446543], [-74.313629, 40.450617], [-74.312911, 40.450163], [-74.310625, 40.448042], [-74.308916, 40.445554], [-74.308598, 40.443464], [-74.308651, 40.442371], [-74.307584, 40.440998], [-74.307704, 40.440336], [-74.307726, 40.440211], [-74.309362, 40.440225], [-74.309884, 40.439004], [-74.310412, 40.438874], [-74.30918, 40.438042], [-74.308345, 40.436717], [-74.304821, 40.435792], [-74.301564, 40.435406], [-74.302564, 40.432438], [-74.302712, 40.431922], [-74.30284, 40.431393], [-74.303388, 40.428439], [-74.304212, 40.42233], [-74.30504, 40.416107], [-74.30473, 40.416269], [-74.304893, 40.41549], [-74.303772, 40.415344], [-74.303449, 40.415135], [-74.296953, 40.41464], [-74.294429, 40.414011], [-74.293203, 40.417487], [-74.292518, 40.418887], [-74.292223, 40.419451], [-74.291484, 40.420648], [-74.287579, 40.42478], [-74.285655, 40.424726], [-74.28414, 40.424804], [-74.283989, 40.42388], [-74.283947, 40.423671], [-74.283807, 40.423331], [-74.283737, 40.423272], [-74.283662, 40.423225], [-74.283584, 40.423194], [-74.283491, 40.423215], [-74.283371, 40.423255], [-74.283273, 40.423309], [-74.283216, 40.423416], [-74.28323, 40.423949], [-74.28338, 40.424842]]]]}}, {"type": "Feature", "properties": {"id": 7, "NAME": "7", "text-color": "#000000", "text-size": 16, "TotalPop": 773584, "PopDevPct": -8.6e-07, "DemPct": 0.51015903, "RepPct": 0.47356791, "WhitePct": 0.73462895, "MinorityPct": 0.26537105, "BlackPct": 0.05877189, "HispanicPct": 0.10787427, "PacificPct": 0.00098287, "AsianPct": 0.08696494, "NativePct": 0.01050963, "TotalVAP": 609441, "Margin": 0.01015903, "color": "#ff2000", "opacity": "0.5", "year": 2022, "state": "NJ", "state-district": "NJ-07"}, "geometry": {"type": "MultiPolygon", "coordinates": [[[[-75.1896, 40.591776], [-75.189268, 40.589919], [-75.189692, 40.587671], [-75.190974, 40.585934], [-75.19415, 40.582843], [-75.195222, 40.580303], [-75.195496, 40.578627], [-75.194105, 40.576079], [-75.191071, 40.573405], [-75.18827, 40.570547], [-75.184907, 40.568308], [-75.181251, 40.566715], [-75.172877, 40.564423], [-75.169923, 40.564146], [-75.162314, 40.564193], [-75.160484, 40.564401], [-75.157852, 40.565424], [-75.148757, 40.571819], [-75.144932, 40.573869], [-75.140172, 40.57537], [-75.134995, 40.575662], [-75.128111, 40.574489], [-75.122322, 40.573826], [-75.11916, 40.573595], [-75.115536, 40.57286], [-75.110716, 40.571002], [-75.103857, 40.568894], [-75.099827, 40.567398], [-75.098502, 40.566508], [-75.096502, 40.565073], [-75.092829, 40.561257], [-75.087284, 40.55642], [-75.079133, 40.549026], [-75.075138, 40.545579], [-75.07063, 40.5436], [-75.068581, 40.542185], [-75.067257, 40.539244], [-75.066821, 40.536451], [-75.065269, 40.527892], [-75.065088, 40.526165], [-75.065688, 40.522106], [-75.065365, 40.517077], [-75.065217, 40.513123], [-75.064879, 40.510064], [-75.064842, 40.503503], [-75.0633, 40.499728], [-75.062576, 40.494074], [-75.062625, 40.488287], [-75.062859, 40.484446], [-75.062761, 40.480026], [-75.064435, 40.476984], [-75.066116, 40.474964], [-75.067715, 40.473669], [-75.068016, 40.471378], [-75.067016, 40.465308], [-75.068589, 40.461336], [-75.070419, 40.458407], [-75.070608, 40.456196], [-75.068725, 40.4515], [-75.066515, 40.447176], [-75.065946, 40.445266], [-75.065575, 40.441839], [-75.064165, 40.438156], [-75.06438, 40.436396], [-75.063093, 40.433308], [-75.062202, 40.429423], [-75.062125, 40.425324], [-75.060917, 40.421737], [-75.058948, 40.418631], [-75.057619, 40.417336], [-75.055888, 40.416471], [-75.0525, 40.415329], [-75.047276, 40.414338], [-75.044202, 40.412784], [-75.042311, 40.410999], [-75.036868, 40.408137], [-75.035504, 40.407443], [-75.034907, 40.406393], [-75.031778, 40.404813], [-75.028633, 40.403971], [-75.025713, 40.403479], [-75.023028, 40.403693], [-75.007443, 40.407597], [-75.004049, 40.407524], [-75.000637, 40.409466], [-74.998111, 40.410295], [-74.99586, 40.410384], [-74.991009, 40.409419], [-74.988413, 40.408494], [-74.985032, 40.405983], [-74.983841, 40.404994], [-74.979453, 40.402923], [-74.973577, 40.400768], [-74.969422, 40.39964], [-74.966529, 40.398134], [-74.964431, 40.395948], [-74.963067, 40.393346], [-74.961478, 40.388935], [-74.96041, 40.387021], [-74.955499, 40.379395], [-74.955467, 40.379316], [-74.954167, 40.376596], [-74.953338, 40.374284], [-74.951342, 40.369949], [-74.950342, 40.367943], [-74.948842, 40.364899], [-74.948308, 40.363319], [-74.947122, 40.360209], [-74.945906, 40.355396], [-74.945349, 40.352103], [-74.945356, 40.348768], [-74.944517, 40.345063], [-74.942909, 40.341683], [-74.941675, 40.341425], [-74.939853, 40.341036], [-74.93939, 40.340936], [-74.938979, 40.340848], [-74.938654, 40.340782], [-74.932192, 40.339435], [-74.929195, 40.339724], [-74.920334, 40.340577], [-74.916448, 40.340952], [-74.904919, 40.342062], [-74.897816, 40.342745], [-74.885905, 40.343889], [-74.87584, 40.344852], [-74.872672, 40.345159], [-74.868604, 40.345524], [-74.858432, 40.346485], [-74.856262, 40.346696], [-74.856648, 40.347586], [-74.860559, 40.356616], [-74.864732, 40.366307], [-74.867783, 40.373178], [-74.869678, 40.377774], [-74.85821, 40.379024], [-74.846149, 40.380344], [-74.8382, 40.381221], [-74.830361, 40.38208], [-74.819206, 40.38325], [-74.819083, 40.383262], [-74.815162, 40.383686], [-74.811284, 40.384092], [-74.802016, 40.384972], [-74.803176, 40.391086], [-74.805091, 40.400749], [-74.805227, 40.401341], [-74.805505, 40.402535], [-74.806869, 40.408908], [-74.808219, 40.415679], [-74.80847, 40.416664], [-74.789607, 40.41901], [-74.787975, 40.419213], [-74.757571, 40.422986], [-74.748147, 40.424156], [-74.752013, 40.431361], [-74.748785, 40.433667], [-74.741189, 40.438759], [-74.74034, 40.439375], [-74.739288, 40.439864], [-74.737448, 40.439723], [-74.720062, 40.441498], [-74.717789, 40.441448], [-74.716463, 40.441876], [-74.715334, 40.442061], [-74.710495, 40.451448], [-74.701823, 40.468242], [-74.69119, 40.469224], [-74.676198, 40.470609], [-74.675446, 40.473514], [-74.674817, 40.475884], [-74.674328, 40.47782], [-74.67387, 40.479515], [-74.672938, 40.479171], [-74.672094, 40.478629], [-74.670721, 40.478774], [-74.6686, 40.480261], [-74.665628, 40.480111], [-74.65534, 40.478039], [-74.65429, 40.480441], [-74.659143, 40.480956], [-74.663503, 40.481904], [-74.665703, 40.482104], [-74.670771, 40.483811], [-74.674903, 40.484204], [-74.682804, 40.487104], [-74.683704, 40.488104], [-74.685004, 40.494904], [-74.686216, 40.498966], [-74.686916, 40.503603], [-74.6876, 40.506443], [-74.688393, 40.506007], [-74.689137, 40.513031], [-74.69096, 40.514297], [-74.687479, 40.514932], [-74.687083, 40.515519], [-74.685096, 40.516101], [-74.684572, 40.517186], [-74.685679, 40.517281], [-74.687501, 40.516521], [-74.689576, 40.516971], [-74.688725, 40.518779], [-74.687763, 40.520845], [-74.691136, 40.52176], [-74.692947, 40.51787], [-74.697858, 40.519209], [-74.70371, 40.520847], [-74.703947, 40.520907], [-74.704206, 40.52099], [-74.704074, 40.521258], [-74.703916, 40.521679], [-74.70376, 40.522053], [-74.703445, 40.522837], [-74.703291, 40.523438], [-74.703225, 40.523818], [-74.70323, 40.524133], [-74.703284, 40.524433], [-74.703566, 40.524745], [-74.70505, 40.525715], [-74.705506, 40.526054], [-74.7056, 40.526106], [-74.705643, 40.52613], [-74.706982, 40.527125], [-74.707542, 40.528029], [-74.707889, 40.529493], [-74.707803, 40.530351], [-74.707784, 40.530415], [-74.707684, 40.53063], [-74.707518, 40.530804], [-74.707352, 40.530913], [-74.707325, 40.53093], [-74.707009, 40.530994], [-74.706724, 40.531059], [-74.706123, 40.531159], [-74.705326, 40.531616], [-74.705318, 40.532572], [-74.706045, 40.533859], [-74.706855, 40.534318], [-74.708565, 40.534948], [-74.709027, 40.535183], [-74.709579, 40.535838], [-74.709648, 40.536158], [-74.709643, 40.536217], [-74.709493, 40.536633], [-74.709448, 40.536784], [-74.709387, 40.537194], [-74.709316, 40.537403], [-74.709183, 40.537596], [-74.709062, 40.53769], [-74.708412, 40.537944], [-74.707359, 40.538148], [-74.706592, 40.53826], [-74.705953, 40.538598], [-74.705666, 40.538769], [-74.704978, 40.539117], [-74.704546, 40.539256], [-74.704129, 40.539313], [-74.703576, 40.539413], [-74.703201, 40.539525], [-74.702749, 40.539735], [-74.702233, 40.540083], [-74.701904, 40.540342], [-74.701567, 40.540508], [-74.700641, 40.541044], [-74.700247, 40.541331], [-74.699845, 40.541502], [-74.699306, 40.541707], [-74.698954, 40.541818], [-74.69848, 40.542028], [-74.698322, 40.542139], [-74.698273, 40.542309], [-74.698393, 40.543017], [-74.69834, 40.54337], [-74.697875, 40.543932], [-74.697445, 40.544309], [-74.69732, 40.544684], [-74.696819, 40.545226], [-74.696733, 40.54564], [-74.696536, 40.54589], [-74.696298, 40.546653], [-74.696229, 40.546686], [-74.69617, 40.546714], [-74.696032, 40.546778], [-74.694015, 40.548797], [-74.692129, 40.551154], [-74.689153, 40.553207], [-74.687409, 40.555354], [-74.686147, 40.555062], [-74.682547, 40.551489], [-74.678668, 40.548213], [-74.677311, 40.547713], [-74.674541, 40.547713], [-74.672991, 40.5483], [-74.669796, 40.549407], [-74.668151, 40.549649], [-74.661934, 40.550523], [-74.660084, 40.550838], [-74.65889, 40.551051], [-74.657825, 40.551197], [-74.656703, 40.551398], [-74.655782, 40.551516], [-74.655142, 40.551639], [-74.654674, 40.551778], [-74.65392, 40.552088], [-74.653188, 40.552441], [-74.652448, 40.552856], [-74.651782, 40.553577], [-74.651117, 40.55443], [-74.650924, 40.554628], [-74.650666, 40.554812], [-74.650501, 40.554932], [-74.649812, 40.555373], [-74.649289, 40.555742], [-74.648725, 40.556202], [-74.64817, 40.556718], [-74.647957, 40.557086], [-74.647734, 40.557241], [-74.647456, 40.557604], [-74.647269, 40.557884], [-74.647098, 40.558209], [-74.646764, 40.558962], [-74.6464, 40.559649], [-74.646115, 40.560128], [-74.645836, 40.560376], [-74.645326, 40.56068], [-74.644896, 40.560911], [-74.643774, 40.561283], [-74.642983, 40.56157], [-74.642437, 40.561808], [-74.642271, 40.561901], [-74.641259, 40.56246], [-74.640671, 40.562846], [-74.639976, 40.563353], [-74.638519, 40.564259], [-74.638001, 40.564533], [-74.637512, 40.564685], [-74.637123, 40.564762], [-74.636879, 40.564758], [-74.636778, 40.564757], [-74.636425, 40.564702], [-74.635981, 40.56467], [-74.635799, 40.564642], [-74.635726, 40.56463], [-74.635593, 40.564611], [-74.635001, 40.564547], [-74.633347, 40.564567], [-74.632715, 40.564587], [-74.632197, 40.564615], [-74.631557, 40.564623], [-74.630954, 40.564619], [-74.630213, 40.564541], [-74.629573, 40.564413], [-74.629141, 40.564295], [-74.628709, 40.564128], [-74.628377, 40.563941], [-74.627361, 40.56346], [-74.626119, 40.563143], [-74.624857, 40.562805], [-74.623849, 40.562398], [-74.622906, 40.56184], [-74.622034, 40.561269], [-74.621462, 40.560568], [-74.621069, 40.560003], [-74.621026, 40.559875], [-74.621006, 40.5598], [-74.620927, 40.559601], [-74.620838, 40.559397], [-74.620732, 40.559033], [-74.620633, 40.558832], [-74.620606, 40.558637], [-74.620635, 40.558429], [-74.62061, 40.55814], [-74.620629, 40.557948], [-74.620614, 40.557827], [-74.620334, 40.557388], [-74.617546, 40.55622], [-74.616225, 40.556038], [-74.615796, 40.556103], [-74.615616, 40.556169], [-74.615086, 40.556527], [-74.613626, 40.557534], [-74.612582, 40.557898], [-74.611578, 40.558039], [-74.609915, 40.558003], [-74.609222, 40.558059], [-74.608096, 40.558356], [-74.609971, 40.558647], [-74.610121, 40.558966], [-74.609652, 40.559302], [-74.609006, 40.559496], [-74.608246, 40.560205], [-74.607803, 40.561458], [-74.607794, 40.561499], [-74.607744, 40.561762], [-74.607745, 40.562078], [-74.607665, 40.562451], [-74.607559, 40.562498], [-74.607543, 40.562505], [-74.607462, 40.562525], [-74.607319, 40.562569], [-74.607257, 40.562587], [-74.607214, 40.562599], [-74.607136, 40.56262], [-74.60703, 40.562663], [-74.606985, 40.562689], [-74.606939, 40.56272], [-74.606893, 40.562754], [-74.606822, 40.56281], [-74.60672, 40.562913], [-74.606588, 40.563051], [-74.60602, 40.563904], [-74.601853, 40.56323], [-74.590208, 40.561283], [-74.589528, 40.561313], [-74.589298, 40.561995], [-74.589048, 40.562709], [-74.588902, 40.563167], [-74.588505, 40.564382], [-74.588239, 40.565118], [-74.588073, 40.565613], [-74.587597, 40.566909], [-74.587434, 40.567354], [-74.587143, 40.568152], [-74.586827, 40.569061], [-74.586689, 40.569423], [-74.586259, 40.570531], [-74.584785, 40.570382], [-74.583879, 40.570291], [-74.582514, 40.570152], [-74.582443, 40.570145], [-74.579285, 40.569813], [-74.575966, 40.569459], [-74.571663, 40.569021], [-74.56926, 40.568747], [-74.56535, 40.568358], [-74.563059, 40.56812], [-74.562802, 40.568113], [-74.559866, 40.568096], [-74.559204, 40.568083], [-74.556883, 40.56803], [-74.556433, 40.56803], [-74.553482, 40.567999], [-74.554609, 40.568375], [-74.556322, 40.570133], [-74.557548, 40.572525], [-74.555313, 40.574457], [-74.554596, 40.574669], [-74.553395, 40.572768], [-74.54933, 40.572367], [-74.544811, 40.571947], [-74.544624, 40.572389], [-74.544523, 40.572637], [-74.541417, 40.572036], [-74.541008, 40.57158], [-74.539939, 40.571475], [-74.539231, 40.5719], [-74.538287, 40.574463], [-74.537648, 40.57454], [-74.536764, 40.577609], [-74.536743, 40.577682], [-74.536516, 40.57882], [-74.536359, 40.579274], [-74.534388, 40.579755], [-74.529895, 40.580718], [-74.524703, 40.581839], [-74.525886, 40.579204], [-74.525965, 40.579069], [-74.527305, 40.575564], [-74.5282, 40.573046], [-74.528367, 40.572588], [-74.528644, 40.571843], [-74.52906, 40.570657], [-74.523917, 40.56967], [-74.521927, 40.572549], [-74.522727, 40.57331], [-74.521056, 40.574027], [-74.519052, 40.576185], [-74.515946, 40.578533], [-74.515443, 40.579382], [-74.515146, 40.58011], [-74.516228, 40.581278], [-74.51368, 40.581146], [-74.512154, 40.582075], [-74.510298, 40.582848], [-74.509721, 40.584218], [-74.508016, 40.584955], [-74.507083, 40.584487], [-74.50594, 40.586047], [-74.504793, 40.586292], [-74.503041, 40.584592], [-74.502437, 40.584006], [-74.501406, 40.58501], [-74.501977, 40.585309], [-74.500049, 40.585865], [-74.500326, 40.586634], [-74.499251, 40.586907], [-74.499053, 40.586088], [-74.496648, 40.586096], [-74.494381, 40.586521], [-74.492832, 40.58749], [-74.491247, 40.587557], [-74.491074, 40.58662], [-74.489693, 40.586948], [-74.48884, 40.588003], [-74.485563, 40.588849], [-74.482868, 40.589692], [-74.480701, 40.591492], [-74.478462, 40.592845], [-74.477892, 40.593213], [-74.477536, 40.594109], [-74.476505, 40.595138], [-74.47485, 40.595667], [-74.473858, 40.597008], [-74.470573, 40.597878], [-74.470081, 40.598343], [-74.468867, 40.598017], [-74.467201, 40.598633], [-74.466344, 40.597783], [-74.466266, 40.599077], [-74.463291, 40.599187], [-74.462306, 40.599889], [-74.459878, 40.600033], [-74.459345, 40.601357], [-74.457376, 40.602302], [-74.458035, 40.603117], [-74.458511, 40.603679], [-74.458997, 40.604263], [-74.459488, 40.604835], [-74.459913, 40.605342], [-74.460014, 40.605461], [-74.460465, 40.606], [-74.461202, 40.606864], [-74.462483, 40.608387], [-74.462777, 40.608731], [-74.462913, 40.608891], [-74.463906, 40.610095], [-74.463936, 40.610077], [-74.463997, 40.610145], [-74.464951, 40.611271], [-74.464885, 40.611321], [-74.463941, 40.612022], [-74.462504, 40.613094], [-74.45487, 40.618777], [-74.453266, 40.619971], [-74.452208, 40.620757], [-74.445625, 40.625659], [-74.445554, 40.625726], [-74.44379, 40.62736], [-74.441682, 40.629378], [-74.440142, 40.630073], [-74.439204, 40.630497], [-74.438401, 40.63086], [-74.436994, 40.63149], [-74.433642, 40.633002], [-74.432968, 40.633306], [-74.432437, 40.633547], [-74.425451, 40.636695], [-74.424958, 40.636917], [-74.423258, 40.637682], [-74.419871, 40.639208], [-74.418925, 40.639635], [-74.418869, 40.639598], [-74.415308, 40.641273], [-74.414785, 40.641576], [-74.414729, 40.641539], [-74.413802, 40.64101], [-74.412912, 40.641909], [-74.412044, 40.642378], [-74.408418, 40.642756], [-74.40853, 40.644346], [-74.405959, 40.642843], [-74.404108, 40.641767], [-74.403102, 40.641181], [-74.402081, 40.640587], [-74.401782, 40.640412], [-74.401304, 40.640135], [-74.399777, 40.639244], [-74.398771, 40.638658], [-74.398232, 40.638344], [-74.3969, 40.63757], [-74.396503, 40.63734], [-74.395324, 40.636654], [-74.394189, 40.636], [-74.393449, 40.635577], [-74.39273, 40.635168], [-74.391135, 40.634259], [-74.38977, 40.633481], [-74.387589, 40.632238], [-74.386807, 40.631793], [-74.386019, 40.631343], [-74.385275, 40.630919], [-74.384457, 40.630453], [-74.382725, 40.629467], [-74.383997, 40.628271], [-74.38516, 40.627187], [-74.38721, 40.625333], [-74.38926, 40.623511], [-74.389943, 40.622179], [-74.389987, 40.622091], [-74.39198, 40.618182], [-74.39309, 40.616], [-74.394461, 40.613256], [-74.396148, 40.609986], [-74.396579, 40.609138], [-74.396833, 40.608638], [-74.397151, 40.608054], [-74.396327, 40.607289], [-74.39578, 40.606622], [-74.395739, 40.606571], [-74.395379, 40.60594], [-74.395266, 40.605119], [-74.395289, 40.604147], [-74.395297, 40.60288], [-74.394913, 40.601345], [-74.39472, 40.600989], [-74.389894, 40.601401], [-74.387494, 40.601611], [-74.386036, 40.601733], [-74.38452, 40.601864], [-74.381981, 40.602074], [-74.377849, 40.602428], [-74.372773, 40.602862], [-74.358717, 40.604061], [-74.356209, 40.604277], [-74.352963, 40.604543], [-74.346951, 40.605036], [-74.34477, 40.605214], [-74.338472, 40.605735], [-74.331685, 40.606299], [-74.323539, 40.606985], [-74.322154, 40.607102], [-74.320533, 40.607237], [-74.316653, 40.607555], [-74.313601, 40.607814], [-74.312997, 40.607874], [-74.311995, 40.60796], [-74.310433, 40.608062], [-74.310042, 40.608098], [-74.309126, 40.608173], [-74.308527, 40.608222], [-74.305286, 40.608489], [-74.302921, 40.608683], [-74.302962, 40.607276], [-74.304799, 40.60667], [-74.303134, 40.605711], [-74.303394, 40.605091], [-74.304173, 40.60323], [-74.304384, 40.602725], [-74.304684, 40.602025], [-74.305007, 40.601301], [-74.305326, 40.600586], [-74.303589, 40.59964], [-74.30279, 40.599205], [-74.30199, 40.5988], [-74.301099, 40.59853], [-74.300301, 40.598285], [-74.299809, 40.598027], [-74.299086, 40.597542], [-74.297722, 40.596625], [-74.296741, 40.595966], [-74.295123, 40.594978], [-74.294594, 40.594534], [-74.293401, 40.593667], [-74.29252, 40.593033], [-74.292228, 40.592823], [-74.291441, 40.592261], [-74.290849, 40.59195], [-74.286052, 40.592764], [-74.282863, 40.593315], [-74.280419, 40.593738], [-74.279555, 40.593886], [-74.275904, 40.594506], [-74.274238, 40.594758], [-74.273079, 40.595014], [-74.272854, 40.595059], [-74.267716, 40.595924], [-74.2669, 40.596047], [-74.266103, 40.596195], [-74.264454, 40.596484], [-74.26282, 40.596764], [-74.261934, 40.596925], [-74.260364, 40.597202], [-74.259559, 40.597313], [-74.259468, 40.59755], [-74.257801, 40.60198], [-74.257689, 40.602276], [-74.254985, 40.602041], [-74.252968, 40.600768], [-74.248493, 40.600443], [-74.246079, 40.599803], [-74.242393, 40.599474], [-74.24221, 40.599486], [-74.241986, 40.599505], [-74.241666, 40.599556], [-74.241449, 40.599618], [-74.241115, 40.599737], [-74.240323, 40.600097], [-74.239521, 40.600495], [-74.239062, 40.600759], [-74.238905, 40.600872], [-74.238833, 40.600935], [-74.238638, 40.601131], [-74.238234, 40.601623], [-74.238138, 40.60174], [-74.237958, 40.601958], [-74.237709, 40.602207], [-74.237621, 40.602281], [-74.237527, 40.602353], [-74.237372, 40.602442], [-74.237229, 40.602495], [-74.237053, 40.602532], [-74.236821, 40.602559], [-74.236681, 40.602568], [-74.236311, 40.602577], [-74.236215, 40.602571], [-74.236, 40.602559], [-74.235962, 40.602556], [-74.235899, 40.602552], [-74.235639, 40.602522], [-74.2355, 40.602491], [-74.235378, 40.602467], [-74.235223, 40.6024], [-74.235034, 40.602312], [-74.234916, 40.602245], [-74.234816, 40.602175], [-74.234714, 40.602073], [-74.234611, 40.601953], [-74.234593, 40.601925], [-74.234533, 40.601832], [-74.234359, 40.601439], [-74.234105, 40.60067], [-74.233995, 40.60034], [-74.233957, 40.600263], [-74.233882, 40.600085], [-74.233818, 40.599976], [-74.233793, 40.599935], [-74.233721, 40.599842], [-74.233606, 40.599733], [-74.233527, 40.59967], [-74.233422, 40.599587], [-74.233217, 40.599471], [-74.232963, 40.599348], [-74.23273, 40.599267], [-74.232633, 40.599233], [-74.231999, 40.599093], [-74.231534, 40.599001], [-74.231211, 40.598931], [-74.230727, 40.598843], [-74.225791, 40.599916], [-74.221756, 40.600006], [-74.217963, 40.601077], [-74.216878, 40.602994], [-74.215591, 40.604015], [-74.214457, 40.604141], [-74.212471, 40.602821], [-74.212061, 40.599616], [-74.21037, 40.59714], [-74.207133, 40.595036], [-74.203605, 40.592635], [-74.199589, 40.597846], [-74.199589, 40.600382], [-74.204833, 40.606062], [-74.203889, 40.614276], [-74.202425, 40.61677], [-74.203925, 40.62437], [-74.202281, 40.628781], [-74.2024, 40.631592], [-74.200668, 40.6329], [-74.20183, 40.634218], [-74.20255, 40.634714], [-74.203836, 40.635596], [-74.207169, 40.637875], [-74.20748, 40.638087], [-74.207703, 40.638239], [-74.207851, 40.63834], [-74.208094, 40.638507], [-74.21016, 40.639914], [-74.21362, 40.642283], [-74.215119, 40.643309], [-74.215699, 40.643705], [-74.216199, 40.643709], [-74.218133, 40.643488], [-74.221654, 40.642392], [-74.222441, 40.642685], [-74.223506, 40.643386], [-74.224068, 40.642908], [-74.22299, 40.642165], [-74.224039, 40.641991], [-74.224925, 40.641877], [-74.225122, 40.642011], [-74.226293, 40.642804], [-74.226746, 40.64243], [-74.225871, 40.641815], [-74.226719, 40.641759], [-74.227564, 40.64173], [-74.227184, 40.642068], [-74.228566, 40.64293], [-74.229073, 40.642324], [-74.229979, 40.641238], [-74.231259, 40.639728], [-74.231472, 40.639472], [-74.231794, 40.639063], [-74.231921, 40.639089], [-74.231965, 40.639098], [-74.232096, 40.639125], [-74.232299, 40.639167], [-74.238105, 40.640834], [-74.239463, 40.641245], [-74.244861, 40.636078], [-74.245113, 40.636238], [-74.246265, 40.635135], [-74.247114, 40.635655], [-74.24784, 40.636107], [-74.248334, 40.636405], [-74.249209, 40.636908], [-74.250935, 40.635245], [-74.251916, 40.635845], [-74.252705, 40.636328], [-74.253487, 40.636806], [-74.254085, 40.63624], [-74.255302, 40.636912], [-74.254663, 40.637526], [-74.255375, 40.637961], [-74.255932, 40.638294], [-74.256892, 40.637386], [-74.257613, 40.636704], [-74.259892, 40.634515], [-74.25861, 40.63373], [-74.259876, 40.632525], [-74.260141, 40.632274], [-74.260484, 40.631947], [-74.261099, 40.631363], [-74.2617, 40.630793], [-74.262273, 40.630249], [-74.262859, 40.629692], [-74.263456, 40.629125], [-74.264018, 40.628591], [-74.264616, 40.628018], [-74.265193, 40.627457], [-74.265745, 40.626922], [-74.265879, 40.626792], [-74.267216, 40.626864], [-74.270179, 40.627664], [-74.271735, 40.628339], [-74.274505, 40.625698], [-74.274813, 40.625479], [-74.276487, 40.627029], [-74.276837, 40.627353], [-74.277286, 40.627763], [-74.279006, 40.629313], [-74.280022, 40.630185], [-74.280654, 40.63072], [-74.281294, 40.631264], [-74.282399, 40.632203], [-74.282936, 40.632662], [-74.284553, 40.634033], [-74.285023, 40.634435], [-74.285347, 40.63471], [-74.285165, 40.634842], [-74.284409, 40.635382], [-74.283761, 40.635851], [-74.28399, 40.636187], [-74.284027, 40.636239], [-74.2845, 40.636919], [-74.285579, 40.638312], [-74.286977, 40.639087], [-74.287743, 40.639719], [-74.289198, 40.639971], [-74.289552, 40.639968], [-74.290119, 40.639915], [-74.290426, 40.639863], [-74.290542, 40.639843], [-74.292843, 40.639116], [-74.293596, 40.638936], [-74.294154, 40.638923], [-74.295419, 40.638695], [-74.297845, 40.637422], [-74.299572, 40.636235], [-74.302512, 40.634551], [-74.303462, 40.634277], [-74.304867, 40.63349], [-74.310754, 40.637046], [-74.311322, 40.637378], [-74.31228, 40.637979], [-74.312849, 40.638307], [-74.313361, 40.638611], [-74.314294, 40.639158], [-74.315318, 40.639758], [-74.316299, 40.640331], [-74.317316, 40.640928], [-74.318064, 40.641371], [-74.318833, 40.641822], [-74.319721, 40.642334], [-74.321488, 40.643396], [-74.323236, 40.644436], [-74.32554, 40.645805], [-74.326552, 40.646412], [-74.327667, 40.647081], [-74.331211, 40.648282], [-74.332803, 40.648795], [-74.333611, 40.649514], [-74.332724, 40.650394], [-74.332515, 40.651428], [-74.331923, 40.652342], [-74.331283, 40.65335], [-74.330494, 40.654596], [-74.329727, 40.655795], [-74.328874, 40.65713], [-74.327426, 40.657324], [-74.32628, 40.657464], [-74.326923, 40.660115], [-74.327072, 40.660824], [-74.32708, 40.660861], [-74.327319, 40.661975], [-74.327396, 40.662621], [-74.32736, 40.662603], [-74.326092, 40.665408], [-74.325252, 40.667489], [-74.32614, 40.66781], [-74.325456, 40.669097], [-74.324239, 40.669779], [-74.323868, 40.670619], [-74.323518, 40.671411], [-74.323191, 40.672282], [-74.323671, 40.675006], [-74.322685, 40.675435], [-74.322575, 40.67622], [-74.322547, 40.676376], [-74.322525, 40.67652], [-74.322498, 40.676706], [-74.322478, 40.676849], [-74.321813, 40.676939], [-74.310403, 40.678476], [-74.310194, 40.679742], [-74.307624, 40.680049], [-74.306798, 40.680606], [-74.308368, 40.680928], [-74.306912, 40.68189], [-74.307541, 40.682718], [-74.310658, 40.683829], [-74.312026, 40.686895], [-74.311819, 40.687823], [-74.311851, 40.688576], [-74.311758, 40.69007], [-74.308928, 40.690757], [-74.306525, 40.693584], [-74.306511, 40.694293], [-74.307864, 40.695956], [-74.306978, 40.698821], [-74.309135, 40.700007], [-74.310693, 40.699981], [-74.311092, 40.701121], [-74.309973, 40.701648], [-74.307758, 40.703305], [-74.30423, 40.704273], [-74.302203, 40.704287], [-74.301051, 40.7048], [-74.301524, 40.705536], [-74.301872, 40.707912], [-74.300578, 40.708572], [-74.299311, 40.709201], [-74.297361, 40.709946], [-74.296916, 40.710673], [-74.296029, 40.712392], [-74.296942, 40.713807], [-74.297248, 40.71398], [-74.297293, 40.714074], [-74.297336, 40.714164], [-74.297353, 40.714198], [-74.297212, 40.715189], [-74.29988, 40.714061], [-74.300041, 40.713995], [-74.300721, 40.713718], [-74.301308, 40.713498], [-74.301695, 40.713643], [-74.301925, 40.713625], [-74.302836, 40.713376], [-74.303285, 40.713253], [-74.303523, 40.713188], [-74.303711, 40.713222], [-74.303827, 40.713243], [-74.303876, 40.713254], [-74.303987, 40.713269], [-74.30403, 40.713283], [-74.304857, 40.713388], [-74.30563, 40.713565], [-74.306191, 40.713736], [-74.308411, 40.714253], [-74.308725, 40.714334], [-74.309572, 40.715175], [-74.311405, 40.71567], [-74.312822, 40.716973], [-74.312842, 40.717401], [-74.315251, 40.718648], [-74.316281, 40.719264], [-74.318611, 40.719175], [-74.321408, 40.719072], [-74.322519, 40.718542], [-74.324619, 40.71754], [-74.325542, 40.717099], [-74.325596, 40.717075], [-74.325861, 40.7172], [-74.325885, 40.717212], [-74.326108, 40.717317], [-74.326218, 40.717369], [-74.3263, 40.717408], [-74.326686, 40.71759], [-74.330334, 40.719295], [-74.331105, 40.719676], [-74.331432, 40.719841], [-74.331697, 40.719975], [-74.331735, 40.719989], [-74.331905, 40.720079], [-74.332088, 40.720176], [-74.332175, 40.720222], [-74.332214, 40.720243], [-74.33236, 40.72032], [-74.334897, 40.721525], [-74.335207, 40.721684], [-74.335495, 40.721832], [-74.338681, 40.723404], [-74.339884, 40.723917], [-74.340153, 40.723979], [-74.340344, 40.724071], [-74.340549, 40.724153], [-74.340787, 40.724234], [-74.341032, 40.72431], [-74.342377, 40.724998], [-74.345436, 40.727428], [-74.348663, 40.730221], [-74.349724, 40.730817], [-74.350371, 40.731157], [-74.354215, 40.733174], [-74.355382, 40.733988], [-74.355981, 40.734631], [-74.35634, 40.73501], [-74.356407, 40.734876], [-74.358939, 40.735975], [-74.364204, 40.737412], [-74.36524, 40.737653], [-74.365485, 40.737717], [-74.365785, 40.737796], [-74.366261, 40.737922], [-74.366471, 40.737977], [-74.36724, 40.738341], [-74.36735, 40.738371], [-74.367566, 40.738473], [-74.368026, 40.73869], [-74.36855, 40.739007], [-74.368675, 40.738995], [-74.369273, 40.739394], [-74.371631, 40.739632], [-74.371738, 40.73964], [-74.371561, 40.739218], [-74.371391, 40.737962], [-74.371032, 40.736789], [-74.370662, 40.736067], [-74.370808, 40.735362], [-74.371127, 40.73458], [-74.372005, 40.734075], [-74.374099, 40.733593], [-74.375, 40.733534], [-74.376219, 40.734042], [-74.377552, 40.734326], [-74.377747, 40.734348], [-74.378253, 40.734279], [-74.379187, 40.73418], [-74.379493, 40.734112], [-74.379731, 40.733983], [-74.379995, 40.733734], [-74.380082, 40.733478], [-74.380065, 40.733242], [-74.379982, 40.732783], [-74.379724, 40.73245], [-74.379323, 40.732095], [-74.379009, 40.731868], [-74.378767, 40.731663], [-74.378294, 40.731037], [-74.37811, 40.730744], [-74.377649, 40.730334], [-74.37752, 40.730182], [-74.377469, 40.730044], [-74.377595, 40.729876], [-74.378286, 40.729581], [-74.378648, 40.729458], [-74.378898, 40.729292], [-74.379186, 40.728961], [-74.379317, 40.728504], [-74.380314, 40.727561], [-74.381466, 40.726646], [-74.383749, 40.725004], [-74.384387, 40.724414], [-74.385133, 40.724314], [-74.385862, 40.7247], [-74.386905, 40.725731], [-74.388169, 40.726237], [-74.389748, 40.726109], [-74.390127, 40.726013], [-74.390776, 40.725388], [-74.391045, 40.724518], [-74.391097, 40.723619], [-74.390905, 40.722553], [-74.391207, 40.721316], [-74.390904, 40.720327], [-74.39083, 40.719786], [-74.391021, 40.719208], [-74.39074, 40.718522], [-74.390991, 40.718197], [-74.391408, 40.71811], [-74.393468, 40.71796], [-74.394262, 40.717516], [-74.394831, 40.717353], [-74.396157, 40.717242], [-74.397773, 40.717816], [-74.398518, 40.717853], [-74.399279, 40.717684], [-74.399833, 40.717808], [-74.400864, 40.718128], [-74.401912, 40.718123], [-74.402323, 40.717984], [-74.402708, 40.717609], [-74.403491, 40.716607], [-74.40376, 40.715989], [-74.404291, 40.715433], [-74.405044, 40.714923], [-74.40568, 40.714718], [-74.406294, 40.714356], [-74.407335, 40.713424], [-74.407483, 40.71328], [-74.407504, 40.713263], [-74.407528, 40.713232], [-74.407531, 40.713221], [-74.407604, 40.713134], [-74.407637, 40.713084], [-74.407668, 40.713022], [-74.407702, 40.712917], [-74.407713, 40.712871], [-74.407734, 40.712785], [-74.407744, 40.71267], [-74.407748, 40.712611], [-74.407742, 40.712549], [-74.407728, 40.712486], [-74.407685, 40.712383], [-74.407657, 40.712327], [-74.407627, 40.71227], [-74.407572, 40.712181], [-74.407557, 40.712156], [-74.407527, 40.712093], [-74.407513, 40.712008], [-74.407521, 40.711938], [-74.407557, 40.711833], [-74.407577, 40.711806], [-74.407591, 40.711786], [-74.407622, 40.711743], [-74.40769, 40.71166], [-74.407753, 40.711603], [-74.40786, 40.711492], [-74.407907, 40.711429], [-74.407945, 40.71138], [-74.408042, 40.711241], [-74.40806, 40.711215], [-74.408085, 40.711179], [-74.408106, 40.711149], [-74.40816, 40.711053], [-74.40817, 40.711028], [-74.408197, 40.710953], [-74.40822, 40.710835], [-74.408237, 40.71075], [-74.408267, 40.710602], [-74.408305, 40.710462], [-74.408339, 40.710343], [-74.408364, 40.710294], [-74.408413, 40.710209], [-74.408445, 40.710163], [-74.408486, 40.710106], [-74.408503, 40.710089], [-74.409229, 40.709719], [-74.410487, 40.70948], [-74.411855, 40.71036], [-74.412562, 40.710244], [-74.413201, 40.70981], [-74.413416, 40.708969], [-74.413529, 40.708789], [-74.413693, 40.708632], [-74.413923, 40.7083], [-74.413936, 40.708075], [-74.413801, 40.707822], [-74.413764, 40.70775], [-74.41378, 40.707542], [-74.413809, 40.707379], [-74.413848, 40.707271], [-74.413939, 40.707128], [-74.414134, 40.706915], [-74.414286, 40.706796], [-74.41437, 40.706712], [-74.414453, 40.706579], [-74.414565, 40.706353], [-74.414682, 40.706202], [-74.414798, 40.706116], [-74.415083, 40.705952], [-74.415445, 40.705739], [-74.41565, 40.705614], [-74.41575, 40.705566], [-74.416103, 40.705471], [-74.41634, 40.705421], [-74.416503, 40.70541], [-74.416722, 40.705429], [-74.416952, 40.705465], [-74.417041, 40.705468], [-74.417362, 40.705454], [-74.417616, 40.705406], [-74.418137, 40.705282], [-74.418231, 40.705254], [-74.418366, 40.705202], [-74.418477, 40.705137], [-74.418648, 40.705004], [-74.418768, 40.704898], [-74.418917, 40.704797], [-74.419072, 40.704709], [-74.419361, 40.704572], [-74.419598, 40.704453], [-74.419841, 40.704312], [-74.419962, 40.704224], [-74.420157, 40.704062], [-74.420345, 40.703896], [-74.420663, 40.703698], [-74.420855, 40.703566], [-74.420978, 40.703501], [-74.421263, 40.703335], [-74.421358, 40.70327], [-74.421508, 40.703193], [-74.421709, 40.703132], [-74.42182, 40.703109], [-74.421965, 40.7031], [-74.422109, 40.70311], [-74.422381, 40.703154], [-74.422534, 40.703168], [-74.422668, 40.703172], [-74.422798, 40.703167], [-74.42296, 40.70315], [-74.423206, 40.703118], [-74.423323, 40.703095], [-74.423511, 40.703049], [-74.423708, 40.702964], [-74.423903, 40.70286], [-74.424037, 40.702769], [-74.424115, 40.702693], [-74.424164, 40.70263], [-74.424242, 40.70249], [-74.424339, 40.702337], [-74.424501, 40.70214], [-74.424661, 40.701967], [-74.424768, 40.701888], [-74.424866, 40.701842], [-74.425015, 40.701799], [-74.4252, 40.70178], [-74.425319, 40.701779], [-74.425524, 40.701789], [-74.425866, 40.701843], [-74.426136, 40.701881], [-74.426396, 40.701907], [-74.426517, 40.701908], [-74.426615, 40.701896], [-74.426739, 40.70187], [-74.426814, 40.701845], [-74.426895, 40.701771], [-74.426912, 40.70172], [-74.426929, 40.701616], [-74.426868, 40.701294], [-74.426942, 40.700897], [-74.427087, 40.700602], [-74.42755, 40.699971], [-74.42788, 40.699674], [-74.428256, 40.699426], [-74.4284, 40.699253], [-74.428573, 40.699115], [-74.428737, 40.698992], [-74.429135, 40.698817], [-74.429443, 40.698586], [-74.429615, 40.69838], [-74.430004, 40.698021], [-74.430078, 40.697762], [-74.429965, 40.69753], [-74.429743, 40.697363], [-74.429612, 40.697108], [-74.429666, 40.696903], [-74.430026, 40.696575], [-74.430231, 40.696311], [-74.430323, 40.696006], [-74.430303, 40.695712], [-74.430359, 40.695198], [-74.430382, 40.694658], [-74.430421, 40.694349], [-74.430427, 40.693885], [-74.430515, 40.693656], [-74.430897, 40.693336], [-74.431303, 40.693146], [-74.431773, 40.692985], [-74.432012, 40.692951], [-74.432395, 40.692997], [-74.432855, 40.693231], [-74.433091, 40.693321], [-74.433699, 40.693472], [-74.434085, 40.693568], [-74.434255, 40.693585], [-74.434548, 40.693562], [-74.434805, 40.693458], [-74.434973, 40.693323], [-74.435601, 40.692926], [-74.435776, 40.69269], [-74.436036, 40.6925], [-74.436295, 40.692372], [-74.436925, 40.692281], [-74.4375, 40.692142], [-74.437716, 40.692041], [-74.437892, 40.691916], [-74.437961, 40.691804], [-74.43797, 40.691641], [-74.437896, 40.691305], [-74.437769, 40.691019], [-74.437737, 40.690863], [-74.437784, 40.690617], [-74.437968, 40.690337], [-74.438128, 40.690195], [-74.438521, 40.689967], [-74.438871, 40.689834], [-74.439151, 40.689757], [-74.439638, 40.6897], [-74.440596, 40.689673], [-74.441362, 40.689467], [-74.442354, 40.688718], [-74.443762, 40.688038], [-74.443775, 40.688109], [-74.443846, 40.688499], [-74.44387, 40.688629], [-74.444456, 40.691793], [-74.444612, 40.692639], [-74.444773, 40.693516], [-74.445215, 40.695905], [-74.445447, 40.697162], [-74.445765, 40.698881], [-74.446402, 40.70208], [-74.448509, 40.71267], [-74.449367, 40.716976], [-74.449449, 40.717392], [-74.450272, 40.717126], [-74.459605, 40.714107], [-74.476117, 40.708762], [-74.47739, 40.70835], [-74.483316, 40.706551], [-74.499414, 40.701893], [-74.502651, 40.700956], [-74.504531, 40.700411], [-74.508828, 40.699166], [-74.509653, 40.698928], [-74.510639, 40.698642], [-74.513594, 40.697786], [-74.513717, 40.69775], [-74.513748, 40.697888], [-74.513895, 40.698224], [-74.513857, 40.698393], [-74.513694, 40.698523], [-74.513683, 40.698617], [-74.513852, 40.698764], [-74.513975, 40.698947], [-74.513972, 40.699127], [-74.513789, 40.699264], [-74.51348, 40.699341], [-74.51342, 40.699469], [-74.513786, 40.69962], [-74.51375, 40.699852], [-74.513872, 40.700013], [-74.514046, 40.700028], [-74.514243, 40.699982], [-74.514397, 40.700049], [-74.514448, 40.700186], [-74.514356, 40.700458], [-74.514371, 40.700734], [-74.514292, 40.700901], [-74.513971, 40.700877], [-74.513868, 40.700983], [-74.513897, 40.701136], [-74.514183, 40.701291], [-74.514399, 40.70144], [-74.514682, 40.701909], [-74.514904, 40.702057], [-74.515176, 40.702139], [-74.515463, 40.702343], [-74.515814, 40.702296], [-74.516435, 40.702109], [-74.516601, 40.702098], [-74.51679, 40.702158], [-74.516826, 40.702324], [-74.516774, 40.702444], [-74.516554, 40.702656], [-74.516565, 40.702818], [-74.516766, 40.702937], [-74.516805, 40.703088], [-74.516588, 40.703266], [-74.516535, 40.703386], [-74.516623, 40.703509], [-74.517024, 40.703623], [-74.517245, 40.703781], [-74.517287, 40.704059], [-74.517551, 40.704265], [-74.517604, 40.704342], [-74.517607, 40.704701], [-74.517642, 40.704802], [-74.517809, 40.705064], [-74.517896, 40.705573], [-74.517993, 40.705652], [-74.51972, 40.706421], [-74.519901, 40.707152], [-74.522025, 40.708684], [-74.523627, 40.708426], [-74.526039, 40.709331], [-74.526809, 40.710933], [-74.524187, 40.713374], [-74.524118, 40.715643], [-74.526072, 40.715791], [-74.528763, 40.717642], [-74.528807, 40.719123], [-74.531228, 40.719683], [-74.531496, 40.721216], [-74.531505, 40.721267], [-74.530261, 40.725376], [-74.529494, 40.726862], [-74.530761, 40.727725], [-74.530893, 40.729854], [-74.534466, 40.730315], [-74.537312, 40.731929], [-74.537984, 40.732118], [-74.539913, 40.733729], [-74.540429, 40.73382], [-74.54097, 40.733519], [-74.543146, 40.734168], [-74.543381, 40.734368], [-74.543568, 40.734578], [-74.544813, 40.734109], [-74.545253, 40.734048], [-74.545851, 40.734172], [-74.546379, 40.73413], [-74.546711, 40.733908], [-74.547307, 40.733783], [-74.547846, 40.733884], [-74.548403, 40.733739], [-74.549326, 40.733827], [-74.549409, 40.734425], [-74.548507, 40.735834], [-74.548661, 40.736157], [-74.548023, 40.736829], [-74.547676, 40.736987], [-74.547805, 40.737576], [-74.54813, 40.737913], [-74.547759, 40.738165], [-74.548241, 40.738754], [-74.548424, 40.740047], [-74.549005, 40.740935], [-74.548777, 40.742164], [-74.549402, 40.743114], [-74.549408, 40.745018], [-74.548711, 40.746119], [-74.550037, 40.747266], [-74.550095, 40.747327], [-74.549051, 40.752957], [-74.54699, 40.763927], [-74.546755, 40.765184], [-74.544761, 40.775848], [-74.542232, 40.789355], [-74.542214, 40.78945], [-74.541991, 40.79065], [-74.542147, 40.79062], [-74.542181, 40.790615], [-74.542306, 40.790599], [-74.542386, 40.790596], [-74.542459, 40.790572], [-74.542514, 40.790527], [-74.54254, 40.790407], [-74.542601, 40.790295], [-74.542637, 40.790354], [-74.542725, 40.790457], [-74.542735, 40.790518], [-74.542744, 40.790639], [-74.542757, 40.7907], [-74.542766, 40.790821], [-74.542757, 40.790882], [-74.542704, 40.790929], [-74.542631, 40.790953], [-74.542562, 40.790984], [-74.542459, 40.791078], [-74.542382, 40.791184], [-74.542315, 40.791297], [-74.54226, 40.791342], [-74.542187, 40.791363], [-74.542151, 40.79137], [-74.542108, 40.791379], [-74.542032, 40.7914], [-74.541953, 40.791414], [-74.541849, 40.791418], [-74.540026, 40.801186], [-74.539932, 40.801695], [-74.539501, 40.804005], [-74.539478, 40.804124], [-74.539364, 40.804733], [-74.539319, 40.804976], [-74.538223, 40.810855], [-74.538175, 40.81111], [-74.539592, 40.811294], [-74.539594, 40.810094], [-74.540571, 40.809297], [-74.544116, 40.809724], [-74.547668, 40.809391], [-74.547754, 40.809334], [-74.548154, 40.809128], [-74.547809, 40.80822], [-74.543809, 40.803678], [-74.542589, 40.801749], [-74.546396, 40.80062], [-74.550144, 40.800223], [-74.549546, 40.797735], [-74.55067, 40.796978], [-74.555182, 40.797617], [-74.557419, 40.797699], [-74.55737, 40.795987], [-74.56042, 40.795732], [-74.562294, 40.795773], [-74.564911, 40.794778], [-74.56692, 40.794858], [-74.568284, 40.794402], [-74.569152, 40.795728], [-74.571255, 40.797565], [-74.57291, 40.799768], [-74.575155, 40.800643], [-74.575417, 40.802907], [-74.576149, 40.804104], [-74.57736, 40.804873], [-74.576168, 40.805054], [-74.56638, 40.805706], [-74.565884, 40.806858], [-74.566659, 40.808164], [-74.566388, 40.809164], [-74.568645, 40.810931], [-74.570154, 40.809953], [-74.570582, 40.808737], [-74.572789, 40.808254], [-74.573241, 40.810067], [-74.571735, 40.810215], [-74.571804, 40.810671], [-74.571976, 40.811661], [-74.571969, 40.811693], [-74.571948, 40.811722], [-74.571915, 40.811743], [-74.571875, 40.811755], [-74.571841, 40.811757], [-74.571494, 40.811746], [-74.571857, 40.812702], [-74.571447, 40.813452], [-74.57117, 40.814478], [-74.572341, 40.81485], [-74.571585, 40.81562], [-74.577837, 40.814466], [-74.582621, 40.813461], [-74.590984, 40.811881], [-74.59596, 40.810943], [-74.600896, 40.810009], [-74.601971, 40.810011], [-74.610307, 40.808471], [-74.613303, 40.807941], [-74.613583, 40.807891], [-74.627098, 40.80542], [-74.630647, 40.80471], [-74.628738, 40.806901], [-74.629298, 40.808759], [-74.628201, 40.810523], [-74.628347, 40.811636], [-74.626343, 40.814617], [-74.624855, 40.815076], [-74.624771, 40.816245], [-74.623757, 40.816646], [-74.623797, 40.818486], [-74.625578, 40.820627], [-74.628262, 40.822052], [-74.629147, 40.823175], [-74.630617, 40.82489], [-74.628336, 40.829096], [-74.628044, 40.829142], [-74.628039, 40.830333], [-74.637372, 40.833367], [-74.63787, 40.833523], [-74.639422, 40.83403], [-74.640051, 40.834234], [-74.643259, 40.835276], [-74.644866, 40.835814], [-74.644708, 40.83659], [-74.645946, 40.837212], [-74.64485, 40.839763], [-74.641916, 40.841399], [-74.641223, 40.842922], [-74.640171, 40.843497], [-74.638951, 40.84636], [-74.637811, 40.846553], [-74.637697, 40.84752], [-74.634101, 40.850632], [-74.632481, 40.854308], [-74.632716, 40.855261], [-74.631404, 40.85774], [-74.628636, 40.860298], [-74.627935, 40.861317], [-74.627916, 40.861357], [-74.627868, 40.861459], [-74.623603, 40.86588], [-74.623642, 40.866831], [-74.617322, 40.864546], [-74.612777, 40.86357], [-74.611054, 40.8632], [-74.607394, 40.862414], [-74.602954, 40.86257], [-74.602228, 40.862596], [-74.599343, 40.865162], [-74.599189, 40.866919], [-74.597674, 40.867991], [-74.597006, 40.869176], [-74.59689, 40.869363], [-74.594516, 40.868749], [-74.59371, 40.868543], [-74.592679, 40.871895], [-74.591791, 40.873491], [-74.587226, 40.872555], [-74.584259, 40.871979], [-74.579458, 40.877177], [-74.579069, 40.877597], [-74.578781, 40.879504], [-74.578047, 40.884499], [-74.577967, 40.885039], [-74.577823, 40.886016], [-74.577298, 40.886362], [-74.576737, 40.886738], [-74.575634, 40.887476], [-74.574662, 40.888126], [-74.573249, 40.889072], [-74.572398, 40.889642], [-74.571696, 40.890113], [-74.571558, 40.890205], [-74.570353, 40.891009], [-74.569017, 40.891929], [-74.568816, 40.892068], [-74.568826, 40.892254], [-74.568887, 40.89229], [-74.568909, 40.892309], [-74.568923, 40.892328], [-74.568944, 40.89236], [-74.569019, 40.892481], [-74.569043, 40.892525], [-74.569047, 40.892563], [-74.569042, 40.892597], [-74.569036, 40.892642], [-74.569036, 40.892679], [-74.569036, 40.892711], [-74.569047, 40.892758], [-74.569079, 40.892834], [-74.56909, 40.892886], [-74.569112, 40.892939], [-74.569145, 40.892987], [-74.569186, 40.893031], [-74.569199, 40.893065], [-74.569203, 40.893111], [-74.569202, 40.893123], [-74.569198, 40.893153], [-74.569211, 40.893172], [-74.569228, 40.893192], [-74.56922, 40.893241], [-74.569211, 40.893282], [-74.569194, 40.893317], [-74.569172, 40.893346], [-74.569155, 40.893363], [-74.569098, 40.893419], [-74.569077, 40.893462], [-74.569068, 40.893554], [-74.569064, 40.893619], [-74.569034, 40.893942], [-74.569021, 40.894014], [-74.568999, 40.894047], [-74.568989, 40.894053], [-74.568952, 40.894073], [-74.568886, 40.894094], [-74.568848, 40.894106], [-74.568739, 40.894141], [-74.568733, 40.894158], [-74.568718, 40.894196], [-74.568722, 40.894321], [-74.568739, 40.894392], [-74.56876, 40.894477], [-74.568799, 40.894564], [-74.568866, 40.894646], [-74.568921, 40.894712], [-74.568984, 40.894768], [-74.56905, 40.89481], [-74.569093, 40.894832], [-74.569147, 40.89485], [-74.569199, 40.894863], [-74.569252, 40.894881], [-74.569277, 40.894889], [-74.569316, 40.894912], [-74.569346, 40.894938], [-74.569362, 40.894955], [-74.569382, 40.894992], [-74.569396, 40.895022], [-74.569418, 40.895098], [-74.569442, 40.895201], [-74.56946, 40.895328], [-74.569465, 40.895379], [-74.569461, 40.895446], [-74.56945, 40.895492], [-74.569428, 40.895548], [-74.569284, 40.895927], [-74.569224, 40.896091], [-74.569184, 40.896191], [-74.569149, 40.896324], [-74.569129, 40.896492], [-74.569127, 40.896508], [-74.569115, 40.896618], [-74.569066, 40.897146], [-74.569066, 40.897404], [-74.569162, 40.8978], [-74.56917, 40.897962], [-74.569124, 40.898265], [-74.569044, 40.898344], [-74.568553, 40.898564], [-74.568371, 40.898771], [-74.568286, 40.898997], [-74.568245, 40.89934], [-74.568253, 40.899559], [-74.568365, 40.899994], [-74.568185, 40.900329], [-74.568207, 40.90042], [-74.568348, 40.900555], [-74.568725, 40.900741], [-74.568332, 40.901044], [-74.568299, 40.901322], [-74.568175, 40.901499], [-74.568202, 40.901701], [-74.568342, 40.901843], [-74.568197, 40.902073], [-74.568107, 40.902522], [-74.56831, 40.902691], [-74.568325, 40.90275], [-74.568283, 40.903235], [-74.568143, 40.903642], [-74.568073, 40.904093], [-74.567918, 40.904288], [-74.567902, 40.904305], [-74.566757, 40.906587], [-74.566829, 40.907777], [-74.565974, 40.908415], [-74.56694, 40.909899], [-74.567055, 40.910107], [-74.567251, 40.910332], [-74.567326, 40.910329], [-74.567346, 40.910329], [-74.567482, 40.910327], [-74.567641, 40.910325], [-74.568144, 40.910329], [-74.568693, 40.910355], [-74.568973, 40.910372], [-74.569536, 40.910426], [-74.57, 40.910484], [-74.570532, 40.910565], [-74.571105, 40.910677], [-74.571694, 40.910813], [-74.572145, 40.910934], [-74.572396, 40.911008], [-74.573, 40.911204], [-74.573371, 40.911336], [-74.573736, 40.911471], [-74.574399, 40.911737], [-74.574703, 40.911869], [-74.574784, 40.911904], [-74.575906, 40.91343], [-74.577988, 40.913703], [-74.578088, 40.913717], [-74.578892, 40.913825], [-74.57927, 40.914123], [-74.580672, 40.915017], [-74.580846, 40.915115], [-74.580926, 40.91516], [-74.580991, 40.915201], [-74.581024, 40.915222], [-74.581033, 40.915209], [-74.581046, 40.91519], [-74.581312, 40.914942], [-74.581386, 40.914871], [-74.586516, 40.910085], [-74.5881, 40.90864], [-74.58831, 40.908448], [-74.591476, 40.905557], [-74.593887, 40.902776], [-74.594403, 40.902272], [-74.594565, 40.902116], [-74.595147, 40.902694], [-74.595577, 40.903121], [-74.596087, 40.903631], [-74.596483, 40.904016], [-74.596699, 40.904234], [-74.597777, 40.90535], [-74.599196, 40.907498], [-74.599391, 40.907796], [-74.599553, 40.908043], [-74.602207, 40.912057], [-74.602301, 40.912199], [-74.60236, 40.912287], [-74.603925, 40.914656], [-74.604297, 40.91522], [-74.604451, 40.915453], [-74.604619, 40.915707], [-74.604667, 40.915779], [-74.605068, 40.916387], [-74.605464, 40.916967], [-74.608744, 40.921441], [-74.610403, 40.923662], [-74.610988, 40.924444], [-74.613331, 40.92758], [-74.61539, 40.930334], [-74.618585, 40.934608], [-74.622282, 40.939538], [-74.622289, 40.939564], [-74.623736, 40.94189], [-74.624227, 40.942681], [-74.636163, 40.942639], [-74.63524, 40.945004], [-74.634636, 40.949097], [-74.634837, 40.9507], [-74.635298, 40.952045], [-74.636654, 40.954105], [-74.638812, 40.956213], [-74.640904, 40.9591], [-74.641424, 40.961365], [-74.641555, 40.962192], [-74.640643, 40.965338], [-74.638993, 40.967267], [-74.632139, 40.973241], [-74.632192, 40.97351], [-74.63094, 40.974864], [-74.629191, 40.976566], [-74.625959, 40.979662], [-74.617837, 40.987424], [-74.614605, 40.990676], [-74.614539, 40.990733], [-74.613026, 40.992038], [-74.60638, 40.997763], [-74.606185, 40.997933], [-74.594434, 41.008041], [-74.584383, 41.016701], [-74.582716, 41.018152], [-74.568523, 41.030375], [-74.567066, 41.03161], [-74.559825, 41.03775], [-74.557691, 41.03956], [-74.547718, 41.048016], [-74.547184, 41.048471], [-74.535808, 41.058486], [-74.547978, 41.064469], [-74.553113, 41.066991], [-74.57707, 41.07876], [-74.577675, 41.079107], [-74.579203, 41.079985], [-74.585749, 41.083691], [-74.58791, 41.08487], [-74.589573, 41.08553], [-74.590656, 41.086161], [-74.593768, 41.088025], [-74.598486, 41.090851], [-74.598836, 41.091062], [-74.601894, 41.092892], [-74.602169, 41.093061], [-74.603143, 41.093641], [-74.603218, 41.093685], [-74.607214, 41.096094], [-74.618179, 41.103988], [-74.620077, 41.105371], [-74.62781, 41.110931], [-74.629326, 41.112027], [-74.631048, 41.113268], [-74.633351, 41.114926], [-74.638545, 41.118668], [-74.667752, 41.094129], [-74.667774, 41.094077], [-74.670799, 41.08687], [-74.671605, 41.08495], [-74.673254, 41.081028], [-74.674194, 41.078784], [-74.67541, 41.075891], [-74.676956, 41.0722], [-74.679619, 41.065866], [-74.681451, 41.061514], [-74.682171, 41.05979], [-74.682814, 41.058259], [-74.685062, 41.052912], [-74.685421, 41.052048], [-74.685427, 41.052031], [-74.685992, 41.044213], [-74.686085, 41.042933], [-74.686278, 41.040261], [-74.686494, 41.037267], [-74.686515, 41.036982], [-74.687149, 41.028217], [-74.687585, 41.022189], [-74.687729, 41.020275], [-74.688137, 41.014554], [-74.688517, 41.009289], [-74.692265, 41.006461], [-74.698976, 41.001409], [-74.706702, 40.995484], [-74.70999, 40.992948], [-74.720192, 40.98508], [-74.724218, 40.981974], [-74.724822, 40.981508], [-74.72572, 40.980815], [-74.726768, 40.980007], [-74.728325, 40.978804], [-74.729612, 40.977812], [-74.731042, 40.976708], [-74.732215, 40.975803], [-74.740069, 40.96974], [-74.737896, 40.977136], [-74.73732, 40.979094], [-74.736161, 40.983048], [-74.73549, 40.985317], [-74.733378, 40.9925], [-74.732451, 40.995655], [-74.733776, 40.99605], [-74.735541, 40.996576], [-74.737222, 40.997077], [-74.740893, 40.998172], [-74.742438, 40.998632], [-74.743942, 40.99908], [-74.746225, 40.999764], [-74.748638, 40.999683], [-74.748958, 40.997288], [-74.751013, 40.98199], [-74.751626, 40.977378], [-74.754629, 40.979707], [-74.758885, 40.983004], [-74.76351, 40.986396], [-74.764568, 40.987131], [-74.767904, 40.989647], [-74.779897, 40.999456], [-74.787643, 41.005786], [-74.783402, 41.010322], [-74.776465, 41.017746], [-74.776081, 41.018155], [-74.772947, 41.021512], [-74.772459, 41.022971], [-74.767603, 41.039198], [-74.766269, 41.043286], [-74.765899, 41.04486], [-74.76894, 41.048097], [-74.76939, 41.048578], [-74.768456, 41.049881], [-74.772662, 41.052957], [-74.77586, 41.055328], [-74.765064, 41.061594], [-74.76451, 41.063461], [-74.763391, 41.067231], [-74.762973, 41.068637], [-74.774729, 41.06612], [-74.780599, 41.064861], [-74.784721, 41.063979], [-74.790607, 41.066652], [-74.795237, 41.068755], [-74.797048, 41.067765], [-74.800045, 41.065379], [-74.804312, 41.062296], [-74.805415, 41.061716], [-74.810066, 41.060314], [-74.81082, 41.059929], [-74.810853, 41.060183], [-74.8109, 41.060533], [-74.810971, 41.061081], [-74.811059, 41.061767], [-74.811634, 41.062477], [-74.811966, 41.062819], [-74.811896, 41.063665], [-74.812117, 41.064161], [-74.814156, 41.068728], [-74.816193, 41.073289], [-74.817801, 41.07244], [-74.81792, 41.072376], [-74.818074, 41.072295], [-74.818275, 41.072189], [-74.818471, 41.072645], [-74.818577, 41.072891], [-74.818719, 41.073212], [-74.818828, 41.073475], [-74.821155, 41.078864], [-74.821806, 41.080369], [-74.822984, 41.083101], [-74.825442, 41.088936], [-74.826363, 41.091422], [-74.828135, 41.096265], [-74.830881, 41.104208], [-74.8355, 41.103304], [-74.836584, 41.106476], [-74.838751, 41.112829], [-74.83937, 41.114827], [-74.839434, 41.115038], [-74.841126, 41.119919], [-74.841703, 41.121559], [-74.841909, 41.122143], [-74.842044, 41.122533], [-74.842265, 41.123167], [-74.843017, 41.12561], [-74.843418, 41.126982], [-74.844075, 41.126973], [-74.844106, 41.127044], [-74.844062, 41.127695], [-74.844659, 41.128859], [-74.844055, 41.12981], [-74.843637, 41.130343], [-74.845631, 41.132555], [-74.845883, 41.134063], [-74.846801, 41.135324], [-74.846683, 41.135684], [-74.84643, 41.136155], [-74.847156, 41.138603], [-74.849532, 41.146663], [-74.854081, 41.157672], [-74.855089, 41.160107], [-74.856921, 41.164539], [-74.859118, 41.16986], [-74.861843, 41.176448], [-74.862825, 41.178824], [-74.86599, 41.186473], [-74.868478, 41.192505], [-74.871557, 41.199936], [-74.872101, 41.201251], [-74.874793, 41.197239], [-74.878198, 41.190469], [-74.879025, 41.186511], [-74.882331, 41.180821], [-74.886147, 41.176742], [-74.889988, 41.173217], [-74.898542, 41.167444], [-74.900738, 41.165189], [-74.902819, 41.159425], [-74.905256, 41.155668], [-74.914225, 41.147317], [-74.916708, 41.144833], [-74.919789, 41.142759], [-74.921096, 41.14157], [-74.922627, 41.139112], [-74.924469, 41.13753], [-74.931146, 41.133734], [-74.935774, 41.132056], [-74.939156, 41.13108], [-74.941453, 41.130961], [-74.944498, 41.129974], [-74.946695, 41.12804], [-74.947714, 41.126292], [-74.94719, 41.12441], [-74.948112, 41.123192], [-74.952164, 41.120777], [-74.956154, 41.119097], [-74.958456, 41.117907], [-74.963233, 41.114676], [-74.964699, 41.114053], [-74.967045, 41.113741], [-74.970476, 41.113874], [-74.97359, 41.113186], [-74.979985, 41.110507], [-74.982, 41.10849], [-74.983955, 41.104309], [-74.98713, 41.099972], [-74.988171, 41.097387], [-74.989612, 41.095027], [-74.991387, 41.093155], [-74.992015, 41.090395], [-74.991815, 41.089132], [-74.991013, 41.088578], [-74.988263, 41.088222], [-74.984782, 41.088545], [-74.981314, 41.08986], [-74.98025, 41.090931], [-74.976889, 41.09318], [-74.972036, 41.095562], [-74.969434, 41.096074], [-74.967464, 41.095327], [-74.966906, 41.09441], [-74.966815, 41.092521], [-74.967408, 41.090117], [-74.969123, 41.086803], [-74.970987, 41.085293], [-74.980891, 41.079954], [-74.98259, 41.079172], [-74.989332, 41.078319], [-74.993062, 41.077307], [-74.994847, 41.076556], [-75.000232, 41.073579], [-75.003109, 41.071254], [-75.006564, 41.067782], [-75.007501, 41.067486], [-75.011507, 41.067619], [-75.013469, 41.065941], [-75.015261, 41.061796], [-75.016597, 41.059235], [-75.017129, 41.056623], [-75.021228, 41.051237], [-75.022394, 41.050566], [-75.025364, 41.047694], [-75.027146, 41.045254], [-75.02739, 41.044106], [-75.026161, 41.041701], [-75.026847, 41.039731], [-75.031274, 41.038519], [-75.035058, 41.036836], [-75.03799, 41.034652], [-75.040106, 41.032735], [-75.042702, 41.031257], [-75.047557, 41.029689], [-75.0506, 41.028284], [-75.053655, 41.026389], [-75.059116, 41.024179], [-75.069277, 41.019348], [-75.070532, 41.01862], [-75.074191, 41.017675], [-75.074999, 41.01713], [-75.081101, 41.016838], [-75.084495, 41.01592], [-75.085483, 41.01475], [-75.088402, 41.013129], [-75.090872, 41.01106], [-75.093523, 41.009442], [-75.100682, 41.006716], [-75.107543, 41.004782], [-75.109113, 41.004102], [-75.110595, 41.002174], [-75.113173, 41.001216], [-75.11481, 41.000096], [-75.123423, 40.996129], [-75.127196, 40.993954], [-75.130575, 40.991093], [-75.131341, 40.98998], [-75.131726, 40.987939], [-75.13153, 40.984914], [-75.132522, 40.981235], [-75.135438, 40.977004], [-75.135492, 40.976914], [-75.135531, 40.973803], [-75.134701, 40.972038], [-75.132622, 40.970005], [-75.13136, 40.969276], [-75.129074, 40.968976], [-75.122603, 40.970152], [-75.120543, 40.969022], [-75.11956, 40.966361], [-75.120787, 40.963571], [-75.120786, 40.96278], [-75.119091, 40.95886], [-75.118906, 40.956337], [-75.117767, 40.953013], [-75.113646, 40.949468], [-75.112154, 40.948446], [-75.111689, 40.948127], [-75.106148, 40.93967], [-75.105889, 40.937659], [-75.104809, 40.935247], [-75.100434, 40.93023], [-75.099167, 40.928523], [-75.095528, 40.924148], [-75.091686, 40.921613], [-75.088828, 40.919666], [-75.084229, 40.916936], [-75.079295, 40.91388], [-75.07876, 40.913125], [-75.076963, 40.909859], [-75.07609, 40.907039], [-75.075823, 40.903657], [-75.075231, 40.899947], [-75.07598, 40.895692], [-75.075345, 40.894166], [-75.073925, 40.892177], [-75.070417, 40.889226], [-75.06544, 40.885675], [-75.062149, 40.882289], [-75.058747, 40.877776], [-75.053664, 40.87366], [-75.051508, 40.870224], [-75.050839, 40.868067], [-75.051448, 40.864209], [-75.052913, 40.863743], [-75.058462, 40.860706], [-75.063925, 40.855424], [-75.064321, 40.854072], [-75.063302, 40.851124], [-75.063498, 40.849458], [-75.064328, 40.848338], [-75.066008, 40.847594], [-75.069015, 40.847342], [-75.07083, 40.847392], [-75.073544, 40.84894], [-75.076684, 40.849875], [-75.081055, 40.84961], [-75.087426, 40.849503], [-75.090962, 40.849187], [-75.094151, 40.848072], [-75.095784, 40.847082], [-75.097221, 40.844672], [-75.097572, 40.840967], [-75.097006, 40.839336], [-75.09494, 40.837103], [-75.088437, 40.832245], [-75.086951, 40.831267], [-75.085517, 40.830085], [-75.084969, 40.829414], [-75.084657, 40.828841], [-75.084126, 40.828186], [-75.083635, 40.826699], [-75.083956, 40.824425], [-75.085387, 40.821972], [-75.087223, 40.820249], [-75.090518, 40.815913], [-75.094439, 40.813596], [-75.096686, 40.811894], [-75.098279, 40.810286], [-75.100277, 40.807578], [-75.100739, 40.805488], [-75.100165, 40.803], [-75.1008, 40.799797], [-75.102127, 40.798161], [-75.106211, 40.794197], [-75.108505, 40.791094], [-75.111322, 40.789888], [-75.116015, 40.789541], [-75.121225, 40.787624], [-75.123088, 40.786746], [-75.125867, 40.784026], [-75.128225, 40.780854], [-75.131465, 40.77595], [-75.132728, 40.774694], [-75.133377, 40.7741], [-75.1344, 40.77377], [-75.139106, 40.773606], [-75.144973, 40.77447], [-75.149378, 40.774786], [-75.152063, 40.775327], [-75.15718, 40.777053], [-75.163648, 40.778386], [-75.169523, 40.778473], [-75.171587, 40.777745], [-75.172525, 40.776873], [-75.173349, 40.776129], [-75.17562, 40.772923], [-75.176855, 40.768721], [-75.177477, 40.764225], [-75.17904, 40.761897], [-75.183037, 40.759344], [-75.189209, 40.757089], [-75.191796, 40.75583], [-75.19492, 40.753427], [-75.196535, 40.751631], [-75.196677, 40.748129], [-75.195349, 40.745473], [-75.192148, 40.742369], [-75.187732, 40.739266], [-75.18578, 40.737266], [-75.182804, 40.73365], [-75.182084, 40.731522], [-75.182948, 40.72933], [-75.184804, 40.727378], [-75.1861, 40.725427], [-75.186372, 40.72397], [-75.186052, 40.72205], [-75.18674, 40.71949], [-75.192615, 40.715874], [-75.194006, 40.714658], [-75.19498, 40.71285], [-75.19582, 40.709798], [-75.198022, 40.706495], [-75.19872, 40.705298], [-75.203081, 40.694525], [-75.203095, 40.694478], [-75.20391, 40.691472], [-75.203363, 40.690199], [-75.202923, 40.689207], [-75.202255, 40.687885], [-75.202172, 40.687691], [-75.200922, 40.685501], [-75.196921, 40.681297], [-75.191924, 40.679756], [-75.189679, 40.679444], [-75.184516, 40.679971], [-75.180564, 40.679363], [-75.179076, 40.678819], [-75.177299, 40.677395], [-75.176803, 40.675715], [-75.177708, 40.672292], [-75.177902, 40.671966], [-75.182522, 40.666256], [-75.182976, 40.665747], [-75.186164, 40.664259], [-75.18795, 40.663816], [-75.190852, 40.661938], [-75.193438, 40.659315], [-75.196108, 40.655876], [-75.197943, 40.654781], [-75.19786, 40.65205], [-75.200452, 40.649219], [-75.200468, 40.646899], [-75.197348, 40.644803], [-75.195351, 40.643044], [-75.194707, 40.641178], [-75.191954, 40.637204], [-75.190691, 40.635891], [-75.19039, 40.634059], [-75.189827, 40.629747], [-75.188595, 40.623636], [-75.189283, 40.621492], [-75.190688, 40.619957], [-75.193667, 40.61994], [-75.197891, 40.619332], [-75.201188, 40.61802], [-75.201844, 40.615892], [-75.200442, 40.613349], [-75.198499, 40.611492], [-75.195923, 40.606788], [-75.193731, 40.604311], [-75.192291, 40.602676], [-75.192228, 40.599731], [-75.191443, 40.595492], [-75.190989, 40.594178], [-75.1896, 40.591776]]]]}}, {"type": "Feature", "properties": {"id": 8, "NAME": "8", "text-color": "#000000", "text-size": 16, "TotalPop": 773584, "PopDevPct": -8.6e-07, "DemPct": 0.71850795, "RepPct": 0.27098948, "WhitePct": 0.26807074, "MinorityPct": 0.73192926, "BlackPct": 0.11181778, "HispanicPct": 0.48949803, "PacificPct": 0.00222952, "AsianPct": 0.13332353, "NativePct": 0.022341, "TotalVAP": 611790, "Margin": 0.21850795, "color": "#28ffcf", "opacity": "0.5", "year": 2022, "state": "NJ", "state-district": "NJ-08"}, "geometry": {"type": "MultiPolygon", "coordinates": [[[[-74.2224, 40.675125], [-74.222172, 40.674994], [-74.222356, 40.675006], [-74.222994, 40.675054], [-74.225185, 40.675245], [-74.225198, 40.675259], [-74.225719, 40.675842], [-74.225851, 40.675761], [-74.22598, 40.675673], [-74.226088, 40.675747], [-74.226439, 40.675523], [-74.225959, 40.675163], [-74.225551, 40.674859], [-74.226884, 40.674074], [-74.228104, 40.674362], [-74.22863, 40.673728], [-74.229901, 40.673776], [-74.230202, 40.673469], [-74.23084, 40.672634], [-74.230974, 40.672096], [-74.231004, 40.671834], [-74.231023, 40.671674], [-74.231965, 40.672414], [-74.232909, 40.673182], [-74.233507, 40.673633], [-74.234187, 40.674165], [-74.233937, 40.674428], [-74.235729, 40.675464], [-74.234823, 40.676636], [-74.235571, 40.677034], [-74.236686, 40.676023], [-74.237951, 40.673783], [-74.238886, 40.673216], [-74.239033, 40.67315], [-74.239061, 40.673101], [-74.239323, 40.672634], [-74.239567, 40.672753], [-74.24035, 40.673135], [-74.241316, 40.672379], [-74.24172, 40.672503], [-74.242497, 40.672742], [-74.243373, 40.672962], [-74.243464, 40.672978], [-74.244407, 40.673089], [-74.244479, 40.673095], [-74.245529, 40.673183], [-74.245584, 40.673188], [-74.246186, 40.673232], [-74.248265, 40.672569], [-74.249881, 40.671951], [-74.25052, 40.671692], [-74.250979, 40.671503], [-74.252045, 40.671065], [-74.25315, 40.670617], [-74.254223, 40.670165], [-74.252974, 40.669518], [-74.252143, 40.669104], [-74.25135, 40.668708], [-74.25104, 40.668553], [-74.249093, 40.667548], [-74.248547, 40.667159], [-74.248085, 40.666687], [-74.247853, 40.666316], [-74.247463, 40.665687], [-74.247202, 40.665267], [-74.247148, 40.665146], [-74.247122, 40.665061], [-74.246882, 40.663987], [-74.246722, 40.663164], [-74.24469, 40.663454], [-74.243693, 40.662786], [-74.243417, 40.662601], [-74.242086, 40.661708], [-74.240491, 40.660638], [-74.239259, 40.659815], [-74.23924, 40.659803], [-74.238636, 40.659397], [-74.236627, 40.658052], [-74.235968, 40.657471], [-74.235419, 40.65683], [-74.234467, 40.655719], [-74.233372, 40.654436], [-74.23299, 40.654663], [-74.232513, 40.654927], [-74.231796, 40.654428], [-74.231072, 40.653925], [-74.230403, 40.653461], [-74.230342, 40.653418], [-74.229673, 40.652954], [-74.228799, 40.652347], [-74.228206, 40.651917], [-74.226001, 40.650465], [-74.223788, 40.648957], [-74.223611, 40.648835], [-74.22356, 40.6488], [-74.223441, 40.64872], [-74.221142, 40.647126], [-74.220137, 40.646427], [-74.219309, 40.64584], [-74.218429, 40.645221], [-74.217632, 40.644676], [-74.21693, 40.644203], [-74.216199, 40.643709], [-74.215699, 40.643705], [-74.215119, 40.643309], [-74.21362, 40.642283], [-74.21016, 40.639914], [-74.208094, 40.638507], [-74.207851, 40.63834], [-74.207703, 40.638239], [-74.20748, 40.638087], [-74.207169, 40.637875], [-74.203836, 40.635596], [-74.20255, 40.634714], [-74.20183, 40.634218], [-74.200668, 40.6329], [-74.198164, 40.634787], [-74.197447, 40.635874], [-74.197393, 40.635956], [-74.196203, 40.637734], [-74.19143, 40.642025], [-74.187756, 40.644575], [-74.185689, 40.64601], [-74.18165, 40.646528], [-74.177596, 40.646051], [-74.161428, 40.644148], [-74.158107, 40.643757], [-74.14311, 40.64199], [-74.142237, 40.642135], [-74.135839, 40.643199], [-74.132921, 40.643684], [-74.131815, 40.643438], [-74.128077, 40.642608], [-74.12546, 40.642355], [-74.12096, 40.644001], [-74.109848, 40.648064], [-74.09419, 40.648065], [-74.093442, 40.648065], [-74.086986, 40.651506], [-74.055749, 40.651476], [-74.053229, 40.655657], [-74.051286, 40.658893], [-74.049631, 40.661634], [-74.047689, 40.664849], [-74.043519, 40.671754], [-74.03579, 40.68455], [-74.033553, 40.688257], [-74.02639, 40.700103], [-74.024952, 40.709474], [-74.024271, 40.71394], [-74.023981, 40.715839], [-74.023019, 40.720611], [-74.022289, 40.72361], [-74.02189, 40.725251], [-74.021352, 40.727462], [-74.021311, 40.727624], [-74.02102, 40.72883], [-74.020639, 40.730391], [-74.019427, 40.735369], [-74.018136, 40.740667], [-74.017398, 40.743706], [-74.016013, 40.749396], [-74.014249, 40.756656], [-74.012952, 40.759026], [-74.010235, 40.762747], [-74.010046, 40.763006], [-74.009884, 40.763226], [-74.004086, 40.771168], [-74.001618, 40.774548], [-74.000447, 40.776152], [-73.99864, 40.778625], [-73.997408, 40.780313], [-73.995868, 40.782423], [-73.994845, 40.783823], [-73.993939, 40.785063], [-73.992998, 40.786353], [-73.99169, 40.788143], [-73.984739, 40.797662], [-73.992177, 40.800814], [-73.993556, 40.801802], [-73.993682, 40.802125], [-73.993485, 40.803846], [-73.993161, 40.805759], [-73.994333, 40.80641], [-73.994412, 40.806453], [-73.994531, 40.806532], [-73.994901, 40.806726], [-73.995691, 40.807168], [-73.996456, 40.807551], [-73.997267, 40.807957], [-73.998104, 40.808376], [-73.998303, 40.808477], [-73.998663, 40.808668], [-73.999386, 40.809052], [-74.00012, 40.809444], [-74.000351, 40.809567], [-74.000969, 40.809895], [-74.002512, 40.810718], [-74.004183, 40.811607], [-74.005135, 40.812115], [-74.008063, 40.813678], [-74.009638, 40.81452], [-74.012352, 40.815977], [-74.011782, 40.817366], [-74.011299, 40.820557], [-74.012429, 40.821857], [-74.01377, 40.823059], [-74.014643, 40.823057], [-74.015132, 40.822891], [-74.015647, 40.822893], [-74.016702, 40.823543], [-74.017292, 40.823538], [-74.017819, 40.823341], [-74.018448, 40.822863], [-74.018946, 40.822125], [-74.019097, 40.82141], [-74.019112, 40.821364], [-74.019164, 40.821199], [-74.019216, 40.821099], [-74.019277, 40.821029], [-74.01934, 40.820986], [-74.019414, 40.82095], [-74.019555, 40.820928], [-74.019656, 40.820917], [-74.019686, 40.820917], [-74.019902, 40.820914], [-74.020102, 40.820901], [-74.020179, 40.820886], [-74.020237, 40.820869], [-74.020302, 40.820848], [-74.020336, 40.82083], [-74.020386, 40.820796], [-74.020412, 40.820773], [-74.020457, 40.820726], [-74.020475, 40.820684], [-74.020478, 40.82065], [-74.020469, 40.820619], [-74.020447, 40.820591], [-74.020418, 40.820562], [-74.020385, 40.820534], [-74.020334, 40.820495], [-74.020304, 40.820472], [-74.020146, 40.820315], [-74.020059, 40.820203], [-74.020008, 40.820127], [-74.019952, 40.819957], [-74.019952, 40.819942], [-74.019944, 40.819833], [-74.019954, 40.819652], [-74.019973, 40.819515], [-74.019985, 40.819448], [-74.020028, 40.819256], [-74.020105, 40.819034], [-74.020164, 40.818879], [-74.020203, 40.818811], [-74.020231, 40.818773], [-74.020289, 40.818715], [-74.020343, 40.818678], [-74.020376, 40.818659], [-74.020414, 40.818644], [-74.020464, 40.818631], [-74.020592, 40.818596], [-74.020902, 40.818533], [-74.021691, 40.818466], [-74.022819, 40.818525], [-74.023145, 40.818172], [-74.022982, 40.816954], [-74.023362, 40.816562], [-74.024835, 40.816365], [-74.025059, 40.816233], [-74.024844, 40.815845], [-74.024044, 40.815376], [-74.023927, 40.81491], [-74.024115, 40.814698], [-74.024692, 40.814677], [-74.025082, 40.814901], [-74.025807, 40.815847], [-74.026601, 40.816264], [-74.027083, 40.816221], [-74.027572, 40.816041], [-74.028272, 40.815538], [-74.02854, 40.815168], [-74.02867, 40.813647], [-74.028661, 40.813591], [-74.028626, 40.81342], [-74.028584, 40.813251], [-74.028575, 40.813214], [-74.028577, 40.813178], [-74.0286, 40.813123], [-74.028632, 40.813069], [-74.028694, 40.812994], [-74.028716, 40.812971], [-74.028768, 40.812928], [-74.028826, 40.812889], [-74.02889, 40.812855], [-74.028956, 40.812827], [-74.029011, 40.812811], [-74.029027, 40.812804], [-74.029101, 40.812787], [-74.029117, 40.812785], [-74.031652, 40.813256], [-74.033376, 40.81005], [-74.034629, 40.808839], [-74.036539, 40.807848], [-74.038232, 40.807567], [-74.044923, 40.807555], [-74.042384, 40.807334], [-74.039726, 40.806356], [-74.037272, 40.805308], [-74.034402, 40.80358], [-74.034191, 40.803539], [-74.033678, 40.803264], [-74.033834, 40.803099], [-74.035006, 40.801864], [-74.035289, 40.801783], [-74.035649, 40.801985], [-74.037253, 40.800315], [-74.040617, 40.796831], [-74.040474, 40.79676], [-74.040233, 40.796659], [-74.04119, 40.795692], [-74.037741, 40.794056], [-74.037459, 40.793941], [-74.033649, 40.792387], [-74.03493, 40.790411], [-74.037475, 40.786481], [-74.038639, 40.784684], [-74.039224, 40.783786], [-74.03943, 40.783459], [-74.039578, 40.783238], [-74.039886, 40.782761], [-74.039985, 40.78261], [-74.040469, 40.781856], [-74.041496, 40.781046], [-74.042344, 40.780062], [-74.046275, 40.780671], [-74.046549, 40.780723], [-74.047078, 40.780818], [-74.047194, 40.780839], [-74.050147, 40.782377], [-74.053993, 40.780828], [-74.054053, 40.780745], [-74.054236, 40.780465], [-74.054412, 40.780275], [-74.054988, 40.779674], [-74.055157, 40.777937], [-74.056334, 40.776892], [-74.056558, 40.775515], [-74.055336, 40.773763], [-74.056467, 40.772509], [-74.05641, 40.770017], [-74.056969, 40.768987], [-74.058512, 40.766708], [-74.05998, 40.765723], [-74.059648, 40.763886], [-74.06002, 40.762542], [-74.06251, 40.762666], [-74.063554, 40.763517], [-74.06493, 40.763755], [-74.068039, 40.762168], [-74.068813, 40.761862], [-74.069733, 40.761404], [-74.070232, 40.761156], [-74.071983, 40.760226], [-74.072665, 40.758903], [-74.073626, 40.758657], [-74.074799, 40.758149], [-74.074828, 40.755773], [-74.076178, 40.755184], [-74.076387, 40.754375], [-74.075236, 40.753125], [-74.075798, 40.752394], [-74.077472, 40.752014], [-74.078686, 40.750601], [-74.090644, 40.748802], [-74.092599, 40.750404], [-74.092888, 40.750592], [-74.093619, 40.750906], [-74.09545, 40.753371], [-74.09439, 40.757053], [-74.094358, 40.757167], [-74.093485, 40.758315], [-74.090787, 40.761984], [-74.09182, 40.762801], [-74.093548, 40.763218], [-74.094606, 40.762222], [-74.095836, 40.76286], [-74.09699, 40.766089], [-74.098697, 40.767741], [-74.097592, 40.770081], [-74.098436, 40.772524], [-74.100724, 40.773476], [-74.100963, 40.77471], [-74.101263, 40.776068], [-74.101491, 40.776111], [-74.10331, 40.775738], [-74.105337, 40.777159], [-74.107811, 40.77731], [-74.10923, 40.777825], [-74.110557, 40.777128], [-74.111933, 40.776107], [-74.113959, 40.776308], [-74.115399, 40.774421], [-74.116698, 40.774069], [-74.116183, 40.773415], [-74.117745, 40.772759], [-74.118317, 40.771827], [-74.119207, 40.77237], [-74.124959, 40.771577], [-74.12677, 40.771386], [-74.127007, 40.771361], [-74.12719, 40.771342], [-74.127479, 40.772189], [-74.129716, 40.773837], [-74.129596, 40.776044], [-74.130359, 40.777564], [-74.131375, 40.776139], [-74.131901, 40.775401], [-74.132427, 40.774681], [-74.132909, 40.774022], [-74.133759, 40.772857], [-74.134227, 40.772259], [-74.134735, 40.771663], [-74.135497, 40.770792], [-74.135724, 40.770478], [-74.137482, 40.767984], [-74.135806, 40.766814], [-74.132966, 40.765558], [-74.135787, 40.762106], [-74.138566, 40.758454], [-74.140487, 40.759601], [-74.142494, 40.76064], [-74.142641, 40.760434], [-74.143447, 40.760814], [-74.145766, 40.757284], [-74.144912, 40.756984], [-74.144516, 40.756842], [-74.144848, 40.755736], [-74.145201, 40.75456], [-74.14532, 40.754169], [-74.145503, 40.753568], [-74.145622, 40.75293], [-74.144502, 40.752626], [-74.144768, 40.752], [-74.145591, 40.752228], [-74.145549, 40.751885], [-74.145889, 40.751984], [-74.150549, 40.753325], [-74.154174, 40.754249], [-74.15461, 40.753547], [-74.155555, 40.753893], [-74.156451, 40.754176], [-74.157318, 40.75269], [-74.158147, 40.7529], [-74.158947, 40.753111], [-74.159544, 40.753268], [-74.160354, 40.753392], [-74.160517, 40.752925], [-74.162898, 40.753675], [-74.164037, 40.754273], [-74.164799, 40.754718], [-74.164529, 40.756298], [-74.163388, 40.759401], [-74.162149, 40.761373], [-74.160325, 40.763293], [-74.157688, 40.7661], [-74.157481, 40.766472], [-74.157387, 40.766642], [-74.156369, 40.768896], [-74.155159, 40.771732], [-74.152656, 40.774797], [-74.150372, 40.776893], [-74.148987, 40.778001], [-74.148326, 40.779702], [-74.148342, 40.779885], [-74.148893, 40.77994], [-74.149082, 40.779919], [-74.151001, 40.780294], [-74.153358, 40.780815], [-74.154515, 40.781286], [-74.159163, 40.783109], [-74.161281, 40.784179], [-74.164948, 40.786053], [-74.166139, 40.78673], [-74.16983, 40.787009], [-74.169923, 40.787033], [-74.170109, 40.787082], [-74.170321, 40.787189], [-74.170804, 40.787612], [-74.171181, 40.788043], [-74.171339, 40.788129], [-74.17154, 40.788239], [-74.171549, 40.788249], [-74.171568, 40.788267], [-74.171658, 40.788235], [-74.171752, 40.788173], [-74.171776, 40.788155], [-74.17179, 40.788146], [-74.171803, 40.788142], [-74.174032, 40.786902], [-74.17476, 40.785607], [-74.174871, 40.785504], [-74.175201, 40.785159], [-74.176954, 40.783441], [-74.177479, 40.782221], [-74.177733, 40.781466], [-74.176877, 40.780973], [-74.176975, 40.779867], [-74.176992, 40.778905], [-74.177555, 40.777826], [-74.177656, 40.777624], [-74.177754, 40.777434], [-74.178205, 40.777569], [-74.178399, 40.777628], [-74.178597, 40.777687], [-74.178795, 40.777747], [-74.178979, 40.777395], [-74.179715, 40.777192], [-74.180282, 40.777672], [-74.182035, 40.776701], [-74.182149, 40.776737], [-74.182458, 40.776831], [-74.182775, 40.776221], [-74.182792, 40.776195], [-74.183467, 40.775944], [-74.183683, 40.775527], [-74.184012, 40.775631], [-74.184086, 40.775644], [-74.184341, 40.775154], [-74.185654, 40.774722], [-74.186172, 40.774544], [-74.186202, 40.774587], [-74.186218, 40.774609], [-74.186232, 40.77463], [-74.186256, 40.774665], [-74.186357, 40.774625], [-74.18671, 40.774485], [-74.186721, 40.774464], [-74.186735, 40.774497], [-74.186763, 40.774529], [-74.186801, 40.774555], [-74.186848, 40.774571], [-74.186867, 40.774522], [-74.187079, 40.774004], [-74.187283, 40.773504], [-74.187904, 40.771987], [-74.18875, 40.769884], [-74.189454, 40.768277], [-74.189759, 40.768634], [-74.190109, 40.767966], [-74.190449, 40.767312], [-74.190026, 40.76719], [-74.190886, 40.76555], [-74.19002, 40.765292], [-74.18912, 40.765023], [-74.189539, 40.76421], [-74.188584, 40.763726], [-74.189255, 40.762442], [-74.187814, 40.762015], [-74.189132, 40.75982], [-74.187709, 40.759397], [-74.188907, 40.757092], [-74.190227, 40.757495], [-74.191528, 40.757893], [-74.192172, 40.756536], [-74.19252, 40.755575], [-74.191125, 40.755152], [-74.190077, 40.754832], [-74.190325, 40.754331], [-74.189567, 40.753807], [-74.188833, 40.753304], [-74.18831, 40.754293], [-74.187489, 40.754052], [-74.187458, 40.754043], [-74.186567, 40.753782], [-74.18541, 40.755999], [-74.185423, 40.756054], [-74.185396, 40.75798], [-74.1852, 40.758626], [-74.184818, 40.758499], [-74.181324, 40.757733], [-74.181067, 40.757636], [-74.180684, 40.757328], [-74.179868, 40.757018], [-74.178954, 40.756743], [-74.180126, 40.754339], [-74.179315, 40.754111], [-74.178409, 40.753856], [-74.179637, 40.751521], [-74.178718, 40.751333], [-74.177825, 40.751209], [-74.176643, 40.75336], [-74.175422, 40.75569], [-74.174569, 40.755438], [-74.175748, 40.753108], [-74.174546, 40.75277], [-74.174598, 40.752159], [-74.173591, 40.752133], [-74.173685, 40.751095], [-74.172752, 40.75107], [-74.171705, 40.751041], [-74.17164, 40.752083], [-74.170651, 40.752058], [-74.170653, 40.751013], [-74.169943, 40.750014], [-74.169465, 40.752651], [-74.169373, 40.753264], [-74.169189, 40.7545], [-74.168264, 40.754447], [-74.168557, 40.752649], [-74.16872, 40.750064], [-74.167782, 40.750475], [-74.166898, 40.75075], [-74.165684, 40.750984], [-74.165465, 40.750996], [-74.16598, 40.748068], [-74.165995, 40.747969], [-74.166079, 40.747444], [-74.166079, 40.747235], [-74.165954, 40.745107], [-74.165557, 40.744025], [-74.163788, 40.739201], [-74.161958, 40.736007], [-74.162239, 40.735836], [-74.163352, 40.735131], [-74.164927, 40.733917], [-74.165433, 40.73403], [-74.163971, 40.735413], [-74.16585, 40.735976], [-74.166099, 40.735283], [-74.166467, 40.734249], [-74.166811, 40.733348], [-74.165949, 40.733193], [-74.165816, 40.733169], [-74.167681, 40.731376], [-74.168446, 40.730601], [-74.16858, 40.730684], [-74.168866, 40.730814], [-74.169333, 40.729957], [-74.169654, 40.729637], [-74.170387, 40.729863], [-74.169736, 40.731072], [-74.171054, 40.731446], [-74.171531, 40.730592], [-74.171711, 40.730269], [-74.172006, 40.729741], [-74.173543, 40.730204], [-74.174111, 40.730375], [-74.173656, 40.731235], [-74.174471, 40.731482], [-74.174951, 40.730628], [-74.176043, 40.728754], [-74.176761, 40.727569], [-74.175204, 40.72709], [-74.173681, 40.726621], [-74.173701, 40.726581], [-74.172975, 40.726327], [-74.172795, 40.726264], [-74.172545, 40.726177], [-74.173233, 40.725451], [-74.170917, 40.724768], [-74.170109, 40.724444], [-74.16777, 40.723505], [-74.167867, 40.723269], [-74.165666, 40.722515], [-74.166022, 40.721796], [-74.166172, 40.721494], [-74.166355, 40.721122], [-74.166707, 40.720411], [-74.167124, 40.719742], [-74.164294, 40.718755], [-74.163949, 40.719454], [-74.163602, 40.720158], [-74.163257, 40.720857], [-74.16291, 40.721562], [-74.162554, 40.722285], [-74.160944, 40.72171], [-74.160485, 40.722608], [-74.1589, 40.722137], [-74.159395, 40.721169], [-74.159752, 40.720472], [-74.160111, 40.719772], [-74.160467, 40.719076], [-74.160828, 40.718371], [-74.161636, 40.717016], [-74.159062, 40.717368], [-74.158254, 40.717478], [-74.158079, 40.717502], [-74.157854, 40.717532], [-74.155387, 40.718127], [-74.154525, 40.718476], [-74.151699, 40.720032], [-74.152085, 40.720497], [-74.152654, 40.721083], [-74.153163, 40.721609], [-74.153393, 40.721846], [-74.153911, 40.72238], [-74.154376, 40.72286], [-74.15199, 40.724188], [-74.151831, 40.724026], [-74.149624, 40.72525], [-74.149087, 40.724692], [-74.148538, 40.724122], [-74.147981, 40.723544], [-74.145765, 40.724766], [-74.145239, 40.724264], [-74.144869, 40.723875], [-74.144798, 40.723803], [-74.144721, 40.723723], [-74.144657, 40.723656], [-74.144581, 40.723575], [-74.14414, 40.72311], [-74.143581, 40.722497], [-74.143196, 40.722096], [-74.142648, 40.723011], [-74.141915, 40.724319], [-74.142322, 40.724866], [-74.142396, 40.724942], [-74.142455, 40.725003], [-74.138972, 40.726983], [-74.138671, 40.727148], [-74.13858, 40.727095], [-74.138473, 40.727032], [-74.137423, 40.725693], [-74.137316, 40.724596], [-74.136153, 40.725658], [-74.133438, 40.72596], [-74.132485, 40.725739], [-74.132243, 40.725682], [-74.13196, 40.725617], [-74.131936, 40.725611], [-74.131691, 40.725553], [-74.129284, 40.724943], [-74.124102, 40.723598], [-74.122002, 40.723064], [-74.120987, 40.722901], [-74.121387, 40.721001], [-74.120287, 40.715901], [-74.117057, 40.710381], [-74.108154, 40.715963], [-74.105632, 40.717544], [-74.103774, 40.718694], [-74.099086, 40.726101], [-74.098571, 40.727212], [-74.09852, 40.727317], [-74.0947, 40.73447], [-74.094018, 40.735138], [-74.093956, 40.735199], [-74.089286, 40.738401], [-74.087972, 40.737961], [-74.08505, 40.736518], [-74.084823, 40.7364], [-74.081205, 40.73449], [-74.081075, 40.734456], [-74.079109, 40.733963], [-74.077193, 40.733505], [-74.076793, 40.734206], [-74.077009, 40.734256], [-74.076818, 40.734652], [-74.078646, 40.735125], [-74.07984, 40.735584], [-74.079725, 40.73569], [-74.079238, 40.736118], [-74.078874, 40.736484], [-74.078811, 40.736563], [-74.078661, 40.736748], [-74.078504, 40.73695], [-74.078368, 40.737101], [-74.078273, 40.737218], [-74.078192, 40.737304], [-74.078165, 40.737327], [-74.078083, 40.737396], [-74.077994, 40.73745], [-74.077917, 40.737489], [-74.077826, 40.737527], [-74.077688, 40.737567], [-74.077575, 40.737588], [-74.077425, 40.737601], [-74.077288, 40.737601], [-74.0772, 40.73759], [-74.077139, 40.737583], [-74.077007, 40.737557], [-74.076463, 40.737398], [-74.075854, 40.737221], [-74.075593, 40.737149], [-74.075479, 40.737123], [-74.075423, 40.73711], [-74.075323, 40.737087], [-74.075201, 40.737083], [-74.075084, 40.737093], [-74.075025, 40.737102], [-74.074927, 40.73712], [-74.074825, 40.737149], [-74.074674, 40.737209], [-74.074568, 40.737269], [-74.07448, 40.737351], [-74.074412, 40.737416], [-74.074189, 40.737841], [-74.072844, 40.737456], [-74.072452, 40.737344], [-74.07154, 40.737083], [-74.071716, 40.736911], [-74.072092, 40.736136], [-74.072413, 40.735488], [-74.072749, 40.734808], [-74.071371, 40.734369], [-74.070432, 40.734172], [-74.069442, 40.733957], [-74.06853, 40.733759], [-74.067777, 40.73507], [-74.067107, 40.73492], [-74.067256, 40.734212], [-74.067633, 40.733571], [-74.068815, 40.731575], [-74.067819, 40.731365], [-74.067181, 40.731738], [-74.064171, 40.731675], [-74.06414, 40.731598], [-74.064103, 40.731507], [-74.064192, 40.730945], [-74.064319, 40.730839], [-74.063233, 40.730641], [-74.062158, 40.730524], [-74.061257, 40.730423], [-74.061092, 40.730622], [-74.060902, 40.730834], [-74.060084, 40.731772], [-74.059602, 40.7326], [-74.059449, 40.732498], [-74.05802, 40.733275], [-74.057824, 40.733026], [-74.057402, 40.732489], [-74.056624, 40.731539], [-74.055912, 40.732149], [-74.054865, 40.7316], [-74.055771, 40.730542], [-74.055588, 40.730322], [-74.055278, 40.729909], [-74.054909, 40.728837], [-74.054815, 40.728549], [-74.053966, 40.727419], [-74.055389, 40.724775], [-74.056128, 40.723596], [-74.059683, 40.724913], [-74.06018, 40.72651], [-74.061111, 40.725753], [-74.059685, 40.724701], [-74.060606, 40.724149], [-74.06106, 40.723576], [-74.059878, 40.722411], [-74.058467, 40.721982], [-74.057231, 40.721607], [-74.056989, 40.721534], [-74.056379, 40.72135], [-74.055396, 40.721051], [-74.055153, 40.72097], [-74.055669, 40.719501], [-74.055567, 40.719487], [-74.055262, 40.719446], [-74.055393, 40.718735], [-74.055536, 40.718033], [-74.055621, 40.717295], [-74.055499, 40.716538], [-74.055772, 40.71634], [-74.055889, 40.716256], [-74.056149, 40.71607], [-74.056578, 40.715763], [-74.056747, 40.715642], [-74.057814, 40.714879], [-74.059023, 40.714034], [-74.060231, 40.713178], [-74.061453, 40.712297], [-74.060778, 40.71175], [-74.061959, 40.710912], [-74.062625, 40.711451], [-74.064936, 40.709831], [-74.065728, 40.70926], [-74.067186, 40.708214], [-74.069451, 40.706582], [-74.071815, 40.704874], [-74.070128, 40.703461], [-74.072361, 40.702462], [-74.072488, 40.702406], [-74.075964, 40.700815], [-74.07656, 40.700529], [-74.077135, 40.700136], [-74.078788, 40.698842], [-74.083881, 40.695009], [-74.087613, 40.692066], [-74.088389, 40.691465], [-74.091598, 40.688982], [-74.09338, 40.687597], [-74.09449, 40.686725], [-74.097729, 40.688179], [-74.097219, 40.688792], [-74.098305, 40.689307], [-74.098668, 40.689479], [-74.099587, 40.689915], [-74.100728, 40.690383], [-74.101257, 40.690638], [-74.101914, 40.690958], [-74.101322, 40.691595], [-74.101045, 40.692135], [-74.101536, 40.693191], [-74.102849, 40.69536], [-74.103584, 40.695779], [-74.105187, 40.696558], [-74.106311, 40.697102], [-74.106488, 40.697188], [-74.107962, 40.697903], [-74.114559, 40.701072], [-74.117267, 40.697808], [-74.119171, 40.695612], [-74.119257, 40.695512], [-74.120754, 40.693739], [-74.122911, 40.691172], [-74.129208, 40.683557], [-74.131403, 40.680902], [-74.133433, 40.678434], [-74.135211, 40.676253], [-74.136557, 40.674368], [-74.136703, 40.674444], [-74.135775, 40.675559], [-74.139147, 40.677122], [-74.144378, 40.679831], [-74.150433, 40.683147], [-74.152655, 40.685224], [-74.153861, 40.685917], [-74.157861, 40.685952], [-74.159065, 40.686423], [-74.160121, 40.687588], [-74.160677, 40.688529], [-74.161757, 40.689379], [-74.162262, 40.689565], [-74.162518, 40.689637], [-74.162718, 40.689681], [-74.162977, 40.689734], [-74.163868, 40.689918], [-74.164444, 40.69004], [-74.16505, 40.690161], [-74.166454, 40.690148], [-74.167633, 40.689963], [-74.168529, 40.689397], [-74.169272, 40.688617], [-74.169927, 40.688549], [-74.179184, 40.688001], [-74.183914, 40.687715], [-74.187441, 40.687509], [-74.187624, 40.687499], [-74.189403, 40.687394], [-74.189973, 40.68736], [-74.191758, 40.687251], [-74.1925, 40.687209], [-74.192665, 40.687199], [-74.192781, 40.687194], [-74.192941, 40.687183], [-74.193074, 40.687175], [-74.197217, 40.686924], [-74.198069, 40.686878], [-74.199644, 40.686784], [-74.201454, 40.686678], [-74.201804, 40.68681], [-74.204015, 40.68796], [-74.205372, 40.68867], [-74.207473, 40.689775], [-74.208235, 40.690176], [-74.209248, 40.690709], [-74.212347, 40.690665], [-74.214882, 40.688896], [-74.214873, 40.688836], [-74.214851, 40.688607], [-74.214801, 40.688107], [-74.214777, 40.68739], [-74.214703, 40.686611], [-74.215161, 40.685934], [-74.216042, 40.684616], [-74.216612, 40.683759], [-74.217208, 40.682875], [-74.217731, 40.682095], [-74.218214, 40.681372], [-74.218862, 40.680405], [-74.219323, 40.679721], [-74.219891, 40.678873], [-74.220551, 40.677893], [-74.220959, 40.677281], [-74.221574, 40.67637], [-74.2224, 40.675125]], [[-74.04074, 40.700131], [-74.038936, 40.699655], [-74.038368, 40.698687], [-74.040234, 40.698833], [-74.04074, 40.700131]], [[-74.047207, 40.690843], [-74.04597, 40.691103], [-74.043885, 40.690185], [-74.043619, 40.68876], [-74.044792, 40.68859], [-74.046248, 40.689319], [-74.047207, 40.690843]]]]}}, {"type": "Feature", "properties": {"id": 9, "NAME": "9", "text-color": "#000000", "text-size": 16, "TotalPop": 773584, "PopDevPct": -8.6e-07, "DemPct": 0.58979137, "RepPct": 0.39959938, "WhitePct": 0.40888463, "MinorityPct": 0.59111537, "BlackPct": 0.10910322, "HispanicPct": 0.39060566, "PacificPct": 0.00159533, "AsianPct": 0.101243, "NativePct": 0.01912904, "TotalVAP": 601128, "Margin": 0.08979137, "color": "#ecff0a", "opacity": "0.5", "year": 2022, "state": "NJ", "state-district": "NJ-09"}, "geometry": {"type": "MultiPolygon", "coordinates": [[[[-74.179591, 40.887288], [-74.180613, 40.884908], [-74.181817, 40.883817], [-74.182413, 40.883467], [-74.184439, 40.880193], [-74.185167, 40.879042], [-74.185469, 40.878551], [-74.185576, 40.878377], [-74.185641, 40.878271], [-74.185712, 40.878155], [-74.1858, 40.878011], [-74.185901, 40.877773], [-74.18602, 40.877491], [-74.186124, 40.877244], [-74.186144, 40.877197], [-74.186201, 40.877061], [-74.186244, 40.876959], [-74.186307, 40.876811], [-74.186395, 40.876735], [-74.186503, 40.87664], [-74.188104, 40.875371], [-74.188331, 40.8752], [-74.188596, 40.875064], [-74.188771, 40.874963], [-74.189396, 40.874526], [-74.189829, 40.873886], [-74.190428, 40.873002], [-74.190721, 40.87257], [-74.1908, 40.872453], [-74.191189, 40.871952], [-74.19127, 40.871849], [-74.191695, 40.871302], [-74.193714, 40.868626], [-74.193747, 40.868578], [-74.193808, 40.868495], [-74.194021, 40.865173], [-74.194888, 40.863024], [-74.196999, 40.859464], [-74.197872, 40.857053], [-74.19524, 40.855629], [-74.192344, 40.854072], [-74.191443, 40.853588], [-74.187316, 40.851337], [-74.18534, 40.850228], [-74.182662, 40.848784], [-74.181195, 40.847959], [-74.179903, 40.847261], [-74.179403, 40.846972], [-74.179023, 40.846751], [-74.172853, 40.84337], [-74.172527, 40.843191], [-74.168591, 40.841039], [-74.163093, 40.838044], [-74.162666, 40.837808], [-74.158508, 40.835559], [-74.157483, 40.834998], [-74.151948, 40.831997], [-74.151233, 40.831662], [-74.150247, 40.831112], [-74.149232, 40.830547], [-74.148146, 40.829971], [-74.147141, 40.829425], [-74.145196, 40.82836], [-74.144009, 40.827715], [-74.142379, 40.826824], [-74.140694, 40.825903], [-74.139573, 40.825285], [-74.134904, 40.82273], [-74.130932, 40.820554], [-74.130795, 40.820477], [-74.130508, 40.820321], [-74.130016, 40.819938], [-74.131542, 40.819619], [-74.133377, 40.819163], [-74.136353, 40.818078], [-74.137005, 40.817337], [-74.137236, 40.816837], [-74.137825, 40.815197], [-74.138474, 40.813259], [-74.138483, 40.81103], [-74.138813, 40.807186], [-74.139575, 40.805409], [-74.139593, 40.805322], [-74.13906, 40.802291], [-74.138194, 40.800658], [-74.138264, 40.798354], [-74.139424, 40.796998], [-74.140868, 40.795046], [-74.142977, 40.792291], [-74.143139, 40.792138], [-74.145295, 40.78975], [-74.147529, 40.786491], [-74.148516, 40.784164], [-74.148342, 40.779885], [-74.148326, 40.779702], [-74.148987, 40.778001], [-74.150372, 40.776893], [-74.152656, 40.774797], [-74.155159, 40.771732], [-74.156369, 40.768896], [-74.157387, 40.766642], [-74.157481, 40.766472], [-74.157688, 40.7661], [-74.160325, 40.763293], [-74.162149, 40.761373], [-74.163388, 40.759401], [-74.164529, 40.756298], [-74.164799, 40.754718], [-74.164037, 40.754273], [-74.162898, 40.753675], [-74.160517, 40.752925], [-74.160354, 40.753392], [-74.159544, 40.753268], [-74.158947, 40.753111], [-74.158147, 40.7529], [-74.157318, 40.75269], [-74.156451, 40.754176], [-74.155555, 40.753893], [-74.15461, 40.753547], [-74.154174, 40.754249], [-74.150549, 40.753325], [-74.145889, 40.751984], [-74.145549, 40.751885], [-74.145591, 40.752228], [-74.144768, 40.752], [-74.144502, 40.752626], [-74.145622, 40.75293], [-74.145503, 40.753568], [-74.14532, 40.754169], [-74.145201, 40.75456], [-74.144848, 40.755736], [-74.144516, 40.756842], [-74.144912, 40.756984], [-74.145766, 40.757284], [-74.143447, 40.760814], [-74.142641, 40.760434], [-74.142494, 40.76064], [-74.140487, 40.759601], [-74.138566, 40.758454], [-74.135787, 40.762106], [-74.132966, 40.765558], [-74.135806, 40.766814], [-74.137482, 40.767984], [-74.135724, 40.770478], [-74.135497, 40.770792], [-74.134735, 40.771663], [-74.134227, 40.772259], [-74.133759, 40.772857], [-74.132909, 40.774022], [-74.132427, 40.774681], [-74.131901, 40.775401], [-74.131375, 40.776139], [-74.130359, 40.777564], [-74.129596, 40.776044], [-74.129716, 40.773837], [-74.127479, 40.772189], [-74.12719, 40.771342], [-74.127007, 40.771361], [-74.12677, 40.771386], [-74.124959, 40.771577], [-74.119207, 40.77237], [-74.118317, 40.771827], [-74.117745, 40.772759], [-74.116183, 40.773415], [-74.116698, 40.774069], [-74.115399, 40.774421], [-74.113959, 40.776308], [-74.111933, 40.776107], [-74.110557, 40.777128], [-74.10923, 40.777825], [-74.107811, 40.77731], [-74.105337, 40.777159], [-74.10331, 40.775738], [-74.101491, 40.776111], [-74.101263, 40.776068], [-74.100963, 40.77471], [-74.100724, 40.773476], [-74.098436, 40.772524], [-74.097592, 40.770081], [-74.098697, 40.767741], [-74.09699, 40.766089], [-74.095836, 40.76286], [-74.094606, 40.762222], [-74.093548, 40.763218], [-74.09182, 40.762801], [-74.090787, 40.761984], [-74.093485, 40.758315], [-74.094358, 40.757167], [-74.09439, 40.757053], [-74.09545, 40.753371], [-74.093619, 40.750906], [-74.092888, 40.750592], [-74.092599, 40.750404], [-74.090644, 40.748802], [-74.078686, 40.750601], [-74.077472, 40.752014], [-74.075798, 40.752394], [-74.075236, 40.753125], [-74.076387, 40.754375], [-74.076178, 40.755184], [-74.074828, 40.755773], [-74.074799, 40.758149], [-74.073626, 40.758657], [-74.072665, 40.758903], [-74.071983, 40.760226], [-74.070232, 40.761156], [-74.069733, 40.761404], [-74.068813, 40.761862], [-74.068039, 40.762168], [-74.06493, 40.763755], [-74.063554, 40.763517], [-74.06251, 40.762666], [-74.06002, 40.762542], [-74.059648, 40.763886], [-74.05998, 40.765723], [-74.058512, 40.766708], [-74.056969, 40.768987], [-74.05641, 40.770017], [-74.056467, 40.772509], [-74.055336, 40.773763], [-74.056558, 40.775515], [-74.056334, 40.776892], [-74.055157, 40.777937], [-74.054988, 40.779674], [-74.054412, 40.780275], [-74.054236, 40.780465], [-74.054053, 40.780745], [-74.053993, 40.780828], [-74.050147, 40.782377], [-74.047194, 40.780839], [-74.047078, 40.780818], [-74.046549, 40.780723], [-74.046275, 40.780671], [-74.042344, 40.780062], [-74.041496, 40.781046], [-74.040469, 40.781856], [-74.039985, 40.78261], [-74.039886, 40.782761], [-74.039578, 40.783238], [-74.03943, 40.783459], [-74.039224, 40.783786], [-74.038639, 40.784684], [-74.037475, 40.786481], [-74.03493, 40.790411], [-74.033649, 40.792387], [-74.037459, 40.793941], [-74.037741, 40.794056], [-74.04119, 40.795692], [-74.040233, 40.796659], [-74.040474, 40.79676], [-74.040617, 40.796831], [-74.037253, 40.800315], [-74.035649, 40.801985], [-74.035289, 40.801783], [-74.035006, 40.801864], [-74.033834, 40.803099], [-74.033678, 40.803264], [-74.034191, 40.803539], [-74.034402, 40.80358], [-74.037272, 40.805308], [-74.039726, 40.806356], [-74.042384, 40.807334], [-74.044923, 40.807555], [-74.038232, 40.807567], [-74.036539, 40.807848], [-74.034629, 40.808839], [-74.033376, 40.81005], [-74.031652, 40.813256], [-74.029117, 40.812785], [-74.029101, 40.812787], [-74.029027, 40.812804], [-74.029011, 40.812811], [-74.028956, 40.812827], [-74.02889, 40.812855], [-74.028826, 40.812889], [-74.028768, 40.812928], [-74.028716, 40.812971], [-74.028694, 40.812994], [-74.028632, 40.813069], [-74.0286, 40.813123], [-74.028577, 40.813178], [-74.028575, 40.813214], [-74.028584, 40.813251], [-74.028626, 40.81342], [-74.028661, 40.813591], [-74.02867, 40.813647], [-74.02854, 40.815168], [-74.028272, 40.815538], [-74.027572, 40.816041], [-74.027083, 40.816221], [-74.026601, 40.816264], [-74.025807, 40.815847], [-74.025082, 40.814901], [-74.024692, 40.814677], [-74.024115, 40.814698], [-74.023927, 40.81491], [-74.024044, 40.815376], [-74.024844, 40.815845], [-74.025059, 40.816233], [-74.024835, 40.816365], [-74.023362, 40.816562], [-74.022982, 40.816954], [-74.023145, 40.818172], [-74.022819, 40.818525], [-74.021691, 40.818466], [-74.020902, 40.818533], [-74.020592, 40.818596], [-74.020464, 40.818631], [-74.020414, 40.818644], [-74.020376, 40.818659], [-74.020343, 40.818678], [-74.020289, 40.818715], [-74.020231, 40.818773], [-74.020203, 40.818811], [-74.020164, 40.818879], [-74.020105, 40.819034], [-74.020028, 40.819256], [-74.019985, 40.819448], [-74.019973, 40.819515], [-74.019954, 40.819652], [-74.019944, 40.819833], [-74.019952, 40.819942], [-74.019952, 40.819957], [-74.020008, 40.820127], [-74.020059, 40.820203], [-74.020146, 40.820315], [-74.020304, 40.820472], [-74.020334, 40.820495], [-74.020385, 40.820534], [-74.020418, 40.820562], [-74.020447, 40.820591], [-74.020469, 40.820619], [-74.020478, 40.82065], [-74.020475, 40.820684], [-74.020457, 40.820726], [-74.020412, 40.820773], [-74.020386, 40.820796], [-74.020336, 40.82083], [-74.020302, 40.820848], [-74.020237, 40.820869], [-74.020179, 40.820886], [-74.020102, 40.820901], [-74.019902, 40.820914], [-74.019686, 40.820917], [-74.019656, 40.820917], [-74.019555, 40.820928], [-74.019414, 40.82095], [-74.01934, 40.820986], [-74.019277, 40.821029], [-74.019216, 40.821099], [-74.019164, 40.821199], [-74.019112, 40.821364], [-74.019097, 40.82141], [-74.018946, 40.822125], [-74.018448, 40.822863], [-74.017819, 40.823341], [-74.017292, 40.823538], [-74.016702, 40.823543], [-74.015647, 40.822893], [-74.015132, 40.822891], [-74.014643, 40.823057], [-74.01377, 40.823059], [-74.012429, 40.821857], [-74.011299, 40.820557], [-74.011782, 40.817366], [-74.012352, 40.815977], [-74.009638, 40.81452], [-74.008063, 40.813678], [-74.005135, 40.812115], [-74.004183, 40.811607], [-74.002512, 40.810718], [-74.000969, 40.809895], [-74.000351, 40.809567], [-74.00012, 40.809444], [-73.999386, 40.809052], [-73.998663, 40.808668], [-73.998303, 40.808477], [-73.998104, 40.808376], [-73.997267, 40.807957], [-73.996456, 40.807551], [-73.995691, 40.807168], [-73.994901, 40.806726], [-73.994531, 40.806532], [-73.994412, 40.806453], [-73.994333, 40.80641], [-73.993161, 40.805759], [-73.993485, 40.803846], [-73.993682, 40.802125], [-73.993556, 40.801802], [-73.992177, 40.800814], [-73.984739, 40.797662], [-73.973487, 40.813071], [-73.965719, 40.823709], [-73.963577, 40.826642], [-73.961263, 40.83191], [-73.954194, 40.848003], [-73.961982, 40.8481], [-73.963461, 40.847387], [-73.965303, 40.846735], [-73.96532, 40.847904], [-73.965787, 40.847476], [-73.966297, 40.847017], [-73.967225, 40.847271], [-73.968111, 40.847417], [-73.968457, 40.846963], [-73.968435, 40.846658], [-73.968674, 40.846005], [-73.969059, 40.845355], [-73.969003, 40.844992], [-73.969684, 40.844523], [-73.969906, 40.843941], [-73.970311, 40.843544], [-73.97065, 40.843936], [-73.971387, 40.842154], [-73.972409, 40.840737], [-73.972724, 40.839148], [-73.973808, 40.835867], [-73.973458, 40.833675], [-73.97441, 40.83151], [-73.975782, 40.829727], [-73.976825, 40.827833], [-73.97804, 40.828494], [-73.979975, 40.829545], [-73.982604, 40.830974], [-73.983832, 40.831642], [-73.984744, 40.832139], [-73.985592, 40.832605], [-73.986312, 40.833], [-73.98704, 40.833403], [-73.987772, 40.83381], [-73.988479, 40.834203], [-73.98893, 40.834454], [-73.989166, 40.834589], [-73.989923, 40.835018], [-73.990623, 40.835417], [-73.991395, 40.835855], [-73.991998, 40.836195], [-73.992748, 40.836613], [-73.993382, 40.836968], [-73.993816, 40.837209], [-73.99413, 40.837383], [-73.996651, 40.838817], [-73.998404, 40.839824], [-73.9994, 40.840395], [-74.00023, 40.840872], [-74.0021, 40.841928], [-74.004854, 40.843457], [-74.00504, 40.843559], [-74.005228, 40.843664], [-74.006918, 40.844601], [-74.010275, 40.846463], [-74.010941, 40.846832], [-74.011043, 40.844557], [-74.011051, 40.844413], [-74.011062, 40.844098], [-74.011235, 40.842216], [-74.012152, 40.839774], [-74.014015, 40.83879], [-74.016826, 40.839001], [-74.016867, 40.838998], [-74.017499, 40.839133], [-74.01816, 40.839264], [-74.018259, 40.839284], [-74.0189, 40.839387], [-74.021664, 40.839884], [-74.022912, 40.841266], [-74.024813, 40.842608], [-74.026278, 40.844866], [-74.027154, 40.846361], [-74.027782, 40.846678], [-74.030466, 40.84648], [-74.030175, 40.848478], [-74.028946, 40.851082], [-74.028506, 40.854176], [-74.030161, 40.856565], [-74.032384, 40.858634], [-74.032967, 40.858658], [-74.035165, 40.85875], [-74.036325, 40.858799], [-74.038268, 40.858881], [-74.039655, 40.860797], [-74.040238, 40.861604], [-74.040761, 40.862327], [-74.040854, 40.862456], [-74.042283, 40.864429], [-74.043227, 40.865734], [-74.044022, 40.866831], [-74.044111, 40.866955], [-74.044177, 40.867046], [-74.04429, 40.867202], [-74.045063, 40.868271], [-74.045086, 40.868301], [-74.04636, 40.870063], [-74.046438, 40.870173], [-74.046844, 40.870731], [-74.047514, 40.871656], [-74.047824, 40.872085], [-74.0486, 40.873157], [-74.049523, 40.873063], [-74.049594, 40.873056], [-74.050367, 40.872977], [-74.05058, 40.872955], [-74.051214, 40.872952], [-74.053144, 40.873283], [-74.053987, 40.873423], [-74.054375, 40.873497], [-74.055356, 40.873872], [-74.055629, 40.874049], [-74.058, 40.871043], [-74.05811, 40.870906], [-74.058176, 40.870824], [-74.058282, 40.870691], [-74.058388, 40.870559], [-74.058535, 40.870375], [-74.058696, 40.870161], [-74.059104, 40.86962], [-74.059249, 40.869427], [-74.059441, 40.869172], [-74.059494, 40.869102], [-74.059567, 40.869005], [-74.059516, 40.869148], [-74.059474, 40.869299], [-74.060102, 40.871278], [-74.062028, 40.872495], [-74.063523, 40.873335], [-74.063647, 40.873403], [-74.066024, 40.874759], [-74.068305, 40.876049], [-74.068073, 40.876585], [-74.066103, 40.88114], [-74.065889, 40.881634], [-74.065809, 40.881818], [-74.065722, 40.882021], [-74.065598, 40.882308], [-74.065444, 40.88273], [-74.065221, 40.883838], [-74.065059, 40.884637], [-74.0649, 40.88543], [-74.064731, 40.886265], [-74.06457, 40.887063], [-74.062236, 40.88938], [-74.061844, 40.89011], [-74.059722, 40.89205], [-74.059432, 40.892599], [-74.059211, 40.893309], [-74.059189, 40.894381], [-74.05918, 40.89483], [-74.059168, 40.895427], [-74.058957, 40.896359], [-74.058858, 40.896624], [-74.058651, 40.897175], [-74.058517, 40.897465], [-74.058222, 40.897986], [-74.058079, 40.898239], [-74.057778, 40.898775], [-74.057654, 40.899031], [-74.05725, 40.899939], [-74.057278, 40.901214], [-74.057158, 40.902225], [-74.056861, 40.90311], [-74.056369, 40.903733], [-74.05487, 40.905397], [-74.054421, 40.906332], [-74.055689, 40.907077], [-74.056462, 40.906336], [-74.057208, 40.906784], [-74.058499, 40.907505], [-74.058198, 40.908258], [-74.05922, 40.908519], [-74.05995, 40.90683], [-74.061017, 40.907098], [-74.061868, 40.907313], [-74.062738, 40.907532], [-74.063562, 40.90774], [-74.064432, 40.907959], [-74.065302, 40.908178], [-74.066267, 40.908498], [-74.065744, 40.90959], [-74.067519, 40.910238], [-74.067267, 40.910908], [-74.067753, 40.911056], [-74.068929, 40.908544], [-74.070701, 40.909563], [-74.070778, 40.909611], [-74.070791, 40.909619], [-74.071838, 40.910271], [-74.072681, 40.910796], [-74.075321, 40.912402], [-74.078296, 40.914195], [-74.078325, 40.914214], [-74.07898, 40.914706], [-74.081081, 40.916481], [-74.081938, 40.917206], [-74.083692, 40.918636], [-74.083807, 40.918693], [-74.083968, 40.918763], [-74.084133, 40.918827], [-74.084301, 40.918885], [-74.084473, 40.918938], [-74.084648, 40.918984], [-74.084826, 40.919025], [-74.085006, 40.919058], [-74.085173, 40.919088], [-74.086675, 40.919352], [-74.086864, 40.919383], [-74.089507, 40.919844], [-74.089496, 40.919829], [-74.089481, 40.919807], [-74.089411, 40.919709], [-74.08961, 40.919743], [-74.091278, 40.920013], [-74.092579, 40.920223], [-74.094157, 40.920404], [-74.096956, 40.920758], [-74.097453, 40.920829], [-74.098459, 40.920971], [-74.098889, 40.921032], [-74.099166, 40.921051], [-74.099925, 40.921241], [-74.102238, 40.920633], [-74.103315, 40.920349], [-74.104156, 40.920126], [-74.105022, 40.919902], [-74.10588, 40.91968], [-74.106748, 40.919456], [-74.107601, 40.919235], [-74.108421, 40.919023], [-74.110968, 40.918365], [-74.113438, 40.917718], [-74.113505, 40.917864], [-74.113966, 40.919054], [-74.114999, 40.921876], [-74.115223, 40.921816], [-74.11616, 40.921563], [-74.117358, 40.92124], [-74.118255, 40.920999], [-74.119244, 40.920733], [-74.119503, 40.920663], [-74.120125, 40.920495], [-74.121082, 40.920241], [-74.121558, 40.920118], [-74.122255, 40.921777], [-74.123376, 40.924371], [-74.123527, 40.924715], [-74.130204, 40.922986], [-74.131024, 40.922772], [-74.131669, 40.922606], [-74.132337, 40.92243], [-74.134484, 40.923022], [-74.136205, 40.922974], [-74.13801, 40.922941], [-74.140253, 40.924036], [-74.141545, 40.925742], [-74.141861, 40.9263], [-74.142415, 40.927941], [-74.14246, 40.929355], [-74.142079, 40.930287], [-74.140072, 40.932169], [-74.139607, 40.933898], [-74.140922, 40.936735], [-74.143775, 40.940551], [-74.144845, 40.941323], [-74.148071, 40.941643], [-74.148171, 40.942153], [-74.148158, 40.942339], [-74.147937, 40.943429], [-74.147325, 40.94571], [-74.146429, 40.948441], [-74.146306, 40.948914], [-74.146293, 40.948961], [-74.146104, 40.949668], [-74.145691, 40.951547], [-74.145594, 40.951897], [-74.145527, 40.952139], [-74.145337, 40.952828], [-74.145153, 40.953489], [-74.144961, 40.954167], [-74.144919, 40.954319], [-74.144775, 40.954837], [-74.144663, 40.955241], [-74.144429, 40.956053], [-74.144135, 40.956901], [-74.143779, 40.957816], [-74.143571, 40.958397], [-74.143528, 40.958518], [-74.143422, 40.958819], [-74.143235, 40.959317], [-74.143066, 40.959794], [-74.142725, 40.960692], [-74.14265, 40.960891], [-74.142298, 40.961828], [-74.14205, 40.962483], [-74.141422, 40.964423], [-74.141356, 40.964698], [-74.141209, 40.965447], [-74.141168, 40.965786], [-74.141048, 40.966348], [-74.144838, 40.968548], [-74.148001, 40.970482], [-74.148507, 40.97078], [-74.149095, 40.97113], [-74.149168, 40.971173], [-74.151131, 40.972352], [-74.152758, 40.973328], [-74.155665, 40.975072], [-74.156568, 40.975613], [-74.159953, 40.977644], [-74.160132, 40.977752], [-74.16094, 40.978233], [-74.162237, 40.979015], [-74.163366, 40.979694], [-74.164082, 40.980127], [-74.168483, 40.982812], [-74.16894, 40.983071], [-74.170275, 40.983904], [-74.171141, 40.977066], [-74.181365, 40.977862], [-74.183551, 40.978018], [-74.184239, 40.978064], [-74.18524, 40.978129], [-74.18738, 40.978273], [-74.191798, 40.978564], [-74.191664, 40.979777], [-74.191632, 40.980065], [-74.191368, 40.982435], [-74.190289, 40.992393], [-74.189839, 40.996781], [-74.189635, 40.998799], [-74.189455, 41.000361], [-74.189174, 41.002109], [-74.188971, 41.003373], [-74.188836, 41.004369], [-74.188823, 41.004567], [-74.188804, 41.00487], [-74.188595, 41.006887], [-74.188366, 41.008566], [-74.188168, 41.010011], [-74.188019, 41.011331], [-74.187722, 41.013991], [-74.187318, 41.017299], [-74.186175, 41.017781], [-74.185733, 41.017927], [-74.17033, 41.022906], [-74.16758, 41.023781], [-74.169642, 41.024062], [-74.169269, 41.025263], [-74.169864, 41.028132], [-74.171058, 41.029324], [-74.172411, 41.029629], [-74.174808, 41.031217], [-74.176097, 41.030627], [-74.176143, 41.030719], [-74.176797, 41.031389], [-74.177914, 41.031972], [-74.178821, 41.032459], [-74.180884, 41.034876], [-74.182681, 41.035868], [-74.18323, 41.03607], [-74.186142, 41.037524], [-74.19215, 41.040662], [-74.192458, 41.040837], [-74.195143, 41.04245], [-74.197246, 41.043676], [-74.200509, 41.045246], [-74.21355, 41.049214], [-74.218476, 41.050705], [-74.219488, 41.051158], [-74.2242, 41.053284], [-74.224267, 41.053315], [-74.224458, 41.053402], [-74.231359, 41.056532], [-74.248954, 41.063615], [-74.250458, 41.060816], [-74.25274, 41.056418], [-74.255299, 41.051367], [-74.260817, 41.040472], [-74.260835, 41.040437], [-74.262843, 41.03647], [-74.262986, 41.036193], [-74.26927, 41.023771], [-74.269357, 41.023622], [-74.270658, 41.021033], [-74.277422, 41.023346], [-74.281852, 41.024392], [-74.281183, 41.023577], [-74.282221, 41.02263], [-74.286238, 41.018964], [-74.287027, 41.016498], [-74.289599, 41.01573], [-74.290116, 41.015578], [-74.296127, 41.013782], [-74.296611, 41.013331], [-74.2968, 41.013051], [-74.297605, 41.013058], [-74.298174, 41.013059], [-74.299091, 41.013065], [-74.300566, 41.013073], [-74.300997, 41.013081], [-74.301239, 41.013077], [-74.302355, 41.013082], [-74.303083, 41.012051], [-74.301415, 41.006837], [-74.3012, 41.006184], [-74.300128, 41.003378], [-74.300029, 41.003115], [-74.300014, 41.003116], [-74.298764, 41.002813], [-74.297633, 41.001179], [-74.298158, 40.999258], [-74.298151, 40.998769], [-74.298137, 40.998634], [-74.298195, 40.998227], [-74.298192, 40.997984], [-74.298106, 40.997544], [-74.297836, 40.99662], [-74.297677, 40.996382], [-74.29753, 40.996259], [-74.297251, 40.996119], [-74.296729, 40.995962], [-74.296609, 40.995909], [-74.296418, 40.995734], [-74.296116, 40.9953], [-74.295774, 40.995038], [-74.295552, 40.994703], [-74.29548, 40.994242], [-74.295432, 40.993552], [-74.295352, 40.993286], [-74.295189, 40.993081], [-74.295165, 40.992769], [-74.29519, 40.992489], [-74.295378, 40.992004], [-74.295778, 40.991565], [-74.295907, 40.991479], [-74.295945, 40.991366], [-74.295842, 40.991207], [-74.295775, 40.991005], [-74.295684, 40.990923], [-74.295454, 40.990841], [-74.295201, 40.990808], [-74.295009, 40.990747], [-74.294711, 40.990578], [-74.294525, 40.990517], [-74.294288, 40.990502], [-74.294137, 40.990445], [-74.293963, 40.990167], [-74.293954, 40.989963], [-74.293891, 40.989824], [-74.293838, 40.989459], [-74.293664, 40.98913], [-74.293459, 40.988907], [-74.293238, 40.988565], [-74.292936, 40.988333], [-74.292882, 40.988046], [-74.292833, 40.987955], [-74.292972, 40.987821], [-74.294255, 40.986572], [-74.295319, 40.985741], [-74.296401, 40.984604], [-74.296925, 40.984195], [-74.297107, 40.984025], [-74.297365, 40.983713], [-74.297446, 40.98358], [-74.297561, 40.98338], [-74.297636, 40.983167], [-74.297699, 40.982701], [-74.297648, 40.982187], [-74.297373, 40.981835], [-74.297261, 40.981592], [-74.297214, 40.981249], [-74.297268, 40.980791], [-74.29734, 40.980611], [-74.297475, 40.980397], [-74.297691, 40.980139], [-74.297669, 40.979912], [-74.297324, 40.979536], [-74.297175, 40.979443], [-74.296217, 40.979105], [-74.295837, 40.978942], [-74.295466, 40.978829], [-74.295244, 40.978803], [-74.294909, 40.978868], [-74.294443, 40.979164], [-74.294159, 40.979316], [-74.293687, 40.97967], [-74.293421, 40.979785], [-74.293091, 40.979852], [-74.292692, 40.979837], [-74.292372, 40.979728], [-74.292015, 40.979722], [-74.290961, 40.979994], [-74.290519, 40.979983], [-74.289991, 40.979852], [-74.289537, 40.979679], [-74.289267, 40.979545], [-74.28876, 40.979194], [-74.288491, 40.979112], [-74.288171, 40.979114], [-74.288007, 40.979156], [-74.287748, 40.979537], [-74.287198, 40.979814], [-74.28687, 40.97987], [-74.286687, 40.979837], [-74.286455, 40.979742], [-74.286304, 40.979633], [-74.286246, 40.979519], [-74.286287, 40.97927], [-74.286268, 40.979088], [-74.286193, 40.978987], [-74.286027, 40.978902], [-74.28566, 40.978784], [-74.285203, 40.978785], [-74.285005, 40.978747], [-74.2848, 40.978643], [-74.284726, 40.978704], [-74.284682, 40.978793], [-74.284678, 40.978837], [-74.284702, 40.978963], [-74.284658, 40.979022], [-74.284622, 40.979051], [-74.284454, 40.979129], [-74.284373, 40.979158], [-74.284151, 40.979216], [-74.284075, 40.979227], [-74.284029, 40.97923], [-74.283948, 40.979229], [-74.28384, 40.979223], [-74.283776, 40.979213], [-74.283702, 40.979195], [-74.28363, 40.979164], [-74.283583, 40.979137], [-74.283552, 40.979116], [-74.2835, 40.979073], [-74.283434, 40.979008], [-74.283404, 40.978973], [-74.28338, 40.978953], [-74.283354, 40.978935], [-74.283315, 40.978921], [-74.283248, 40.978938], [-74.28322, 40.978949], [-74.283204, 40.978956], [-74.28318, 40.978974], [-74.283175, 40.979008], [-74.283178, 40.979041], [-74.283219, 40.979121], [-74.283295, 40.979226], [-74.283317, 40.979264], [-74.28333, 40.979295], [-74.283331, 40.979322], [-74.283329, 40.979348], [-74.283316, 40.979378], [-74.2833, 40.979399], [-74.283265, 40.979425], [-74.283204, 40.979464], [-74.283133, 40.979498], [-74.283075, 40.979516], [-74.283004, 40.979534], [-74.282896, 40.97955], [-74.282733, 40.97956], [-74.282669, 40.979571], [-74.282577, 40.979609], [-74.28249, 40.979644], [-74.282409, 40.979698], [-74.282232, 40.979836], [-74.28216, 40.979882], [-74.282009, 40.979931], [-74.281688, 40.979961], [-74.28179, 40.979575], [-74.281854, 40.979245], [-74.281904, 40.978774], [-74.28195, 40.977822], [-74.281933, 40.977225], [-74.281924, 40.976995], [-74.281906, 40.976817], [-74.281869, 40.976636], [-74.281828, 40.976526], [-74.281753, 40.976376], [-74.281695, 40.976293], [-74.281629, 40.976219], [-74.281501, 40.976128], [-74.281419, 40.976093], [-74.281268, 40.976062], [-74.280926, 40.976081], [-74.280797, 40.976078], [-74.280671, 40.976062], [-74.280532, 40.976032], [-74.280292, 40.975961], [-74.279416, 40.975639], [-74.279236, 40.975574], [-74.278832, 40.975398], [-74.27873, 40.97515], [-74.278642, 40.974989], [-74.278553, 40.974776], [-74.278483, 40.974693], [-74.278424, 40.974641], [-74.27835, 40.974595], [-74.278233, 40.974485], [-74.278123, 40.974361], [-74.277976, 40.974165], [-74.277872, 40.974045], [-74.277656, 40.97378], [-74.27754, 40.973612], [-74.277508, 40.97355], [-74.277529, 40.973443], [-74.27761, 40.973208], [-74.277774, 40.972903], [-74.277796, 40.972795], [-74.277821, 40.972474], [-74.277868, 40.972139], [-74.277924, 40.971993], [-74.278018, 40.97179], [-74.278078, 40.971678], [-74.27814, 40.971606], [-74.278247, 40.971528], [-74.278352, 40.97147], [-74.278452, 40.971432], [-74.278583, 40.971402], [-74.278672, 40.971395], [-74.27879, 40.971396], [-74.27892, 40.971409], [-74.279098, 40.971447], [-74.279183, 40.971473], [-74.279285, 40.971521], [-74.279464, 40.971637], [-74.279614, 40.971755], [-74.279757, 40.971885], [-74.279826, 40.971979], [-74.279939, 40.972164], [-74.279991, 40.972223], [-74.280043, 40.972259], [-74.280122, 40.972293], [-74.280269, 40.972323], [-74.280376, 40.972328], [-74.280465, 40.972324], [-74.280613, 40.972307], [-74.280692, 40.972287], [-74.280975, 40.972167], [-74.281044, 40.972123], [-74.281167, 40.972022], [-74.281389, 40.971804], [-74.281619, 40.971589], [-74.281713, 40.971491], [-74.28189, 40.971274], [-74.282125, 40.97078], [-74.28221, 40.970619], [-74.28227, 40.97052], [-74.282384, 40.97025], [-74.282409, 40.970144], [-74.282421, 40.970026], [-74.282426, 40.969874], [-74.282403, 40.969727], [-74.282368, 40.969621], [-74.282307, 40.969512], [-74.282145, 40.969315], [-74.282033, 40.969171], [-74.281842, 40.969184], [-74.278513, 40.969315], [-74.271515, 40.969743], [-74.273148, 40.974602], [-74.274014, 40.975792], [-74.270005, 40.976297], [-74.26914, 40.975551], [-74.263298, 40.972035], [-74.264171, 40.973965], [-74.263318, 40.974243], [-74.262603, 40.972747], [-74.26159, 40.973234], [-74.261279, 40.972833], [-74.261791, 40.972364], [-74.261335, 40.972093], [-74.259301, 40.973002], [-74.256976, 40.970509], [-74.25743, 40.970151], [-74.258039, 40.970486], [-74.259249, 40.969964], [-74.260459, 40.969645], [-74.258532, 40.967957], [-74.258215, 40.96769], [-74.258366, 40.967598], [-74.2594, 40.967059], [-74.25754, 40.965084], [-74.255455, 40.964978], [-74.255164, 40.965173], [-74.254698, 40.964776], [-74.255991, 40.963831], [-74.253312, 40.962969], [-74.253047, 40.963058], [-74.252755, 40.96337], [-74.250286, 40.962348], [-74.248945, 40.961804], [-74.247015, 40.961267], [-74.244203, 40.960907], [-74.240512, 40.960328], [-74.235299, 40.959586], [-74.231732, 40.959099], [-74.231124, 40.959027], [-74.229401, 40.958777], [-74.225624, 40.958324], [-74.22482, 40.958112], [-74.222566, 40.956994], [-74.219827, 40.955784], [-74.214012, 40.95393], [-74.211474, 40.952919], [-74.210139, 40.951556], [-74.208992, 40.950233], [-74.206009, 40.950634], [-74.204559, 40.95005], [-74.201675, 40.95004], [-74.201809, 40.952253], [-74.200381, 40.95227], [-74.199802, 40.954106], [-74.19888, 40.95466], [-74.199564, 40.955343], [-74.198028, 40.956488], [-74.196883, 40.955162], [-74.196403, 40.94647], [-74.196148, 40.940633], [-74.196017, 40.938867], [-74.195802, 40.935509], [-74.199472, 40.932146], [-74.200099, 40.931549], [-74.200838, 40.92886], [-74.202042, 40.926466], [-74.203678, 40.92495], [-74.203573, 40.924812], [-74.203555, 40.924788], [-74.203505, 40.924723], [-74.203409, 40.92458], [-74.203329, 40.924459], [-74.203293, 40.924405], [-74.203214, 40.9243], [-74.203142, 40.924214], [-74.203045, 40.924127], [-74.202945, 40.924037], [-74.202847, 40.923957], [-74.202709, 40.923846], [-74.202618, 40.923771], [-74.201499, 40.92333], [-74.198877, 40.924748], [-74.198613, 40.924874], [-74.199345, 40.924106], [-74.199917, 40.923503], [-74.200475, 40.922915], [-74.201051, 40.922309], [-74.201612, 40.921717], [-74.202188, 40.921111], [-74.202744, 40.920531], [-74.203318, 40.919921], [-74.204425, 40.918754], [-74.20502, 40.918128], [-74.205562, 40.917557], [-74.206136, 40.916953], [-74.206065, 40.916888], [-74.204196, 40.915224], [-74.202106, 40.913397], [-74.200191, 40.911696], [-74.197687, 40.909406], [-74.196311, 40.908215], [-74.196011, 40.907881], [-74.195677, 40.907639], [-74.195548, 40.907578], [-74.195333, 40.907524], [-74.194729, 40.907286], [-74.193797, 40.907007], [-74.191926, 40.906469], [-74.19014, 40.905946], [-74.189208, 40.905681], [-74.188879, 40.905589], [-74.186533, 40.904883], [-74.181241, 40.903424], [-74.179441, 40.902899], [-74.17477, 40.901532], [-74.174548, 40.899472], [-74.177071, 40.89563], [-74.177177, 40.894012], [-74.178541, 40.892393], [-74.17926, 40.890017], [-74.179591, 40.887288]]]]}}, {"type": "Feature", "properties": {"id": 10, "NAME": "10", "text-color": "#000000", "text-size": 16, "TotalPop": 773584, "PopDevPct": -8.6e-07, "DemPct": 0.80856116, "RepPct": 0.18339778, "WhitePct": 0.20296404, "MinorityPct": 0.79703596, "BlackPct": 0.52712018, "HispanicPct": 0.20071643, "PacificPct": 0.0019583, "AsianPct": 0.07503913, "NativePct": 0.01460112, "TotalVAP": 597968, "Margin": 0.30856116, "color": "#0000ef", "opacity": "0.5", "year": 2022, "state": "NJ", "state-district": "NJ-10"}, "geometry": {"type": "MultiPolygon", "coordinates": [[[[-74.242086, 40.661708], [-74.243417, 40.662601], [-74.243693, 40.662786], [-74.24469, 40.663454], [-74.246722, 40.663164], [-74.246882, 40.663987], [-74.247122, 40.665061], [-74.247148, 40.665146], [-74.247202, 40.665267], [-74.247463, 40.665687], [-74.247853, 40.666316], [-74.248085, 40.666687], [-74.248547, 40.667159], [-74.249093, 40.667548], [-74.25104, 40.668553], [-74.25135, 40.668708], [-74.252143, 40.669104], [-74.252974, 40.669518], [-74.254223, 40.670165], [-74.25315, 40.670617], [-74.252045, 40.671065], [-74.250979, 40.671503], [-74.25052, 40.671692], [-74.249881, 40.671951], [-74.248265, 40.672569], [-74.246186, 40.673232], [-74.245584, 40.673188], [-74.245529, 40.673183], [-74.244479, 40.673095], [-74.244407, 40.673089], [-74.243464, 40.672978], [-74.243373, 40.672962], [-74.242497, 40.672742], [-74.24172, 40.672503], [-74.241316, 40.672379], [-74.24035, 40.673135], [-74.239567, 40.672753], [-74.239323, 40.672634], [-74.239061, 40.673101], [-74.239033, 40.67315], [-74.238886, 40.673216], [-74.237951, 40.673783], [-74.236686, 40.676023], [-74.235571, 40.677034], [-74.234823, 40.676636], [-74.235729, 40.675464], [-74.233937, 40.674428], [-74.234187, 40.674165], [-74.233507, 40.673633], [-74.232909, 40.673182], [-74.231965, 40.672414], [-74.231023, 40.671674], [-74.231004, 40.671834], [-74.230974, 40.672096], [-74.23084, 40.672634], [-74.230202, 40.673469], [-74.229901, 40.673776], [-74.22863, 40.673728], [-74.228104, 40.674362], [-74.226884, 40.674074], [-74.225551, 40.674859], [-74.225959, 40.675163], [-74.226439, 40.675523], [-74.226088, 40.675747], [-74.22598, 40.675673], [-74.225851, 40.675761], [-74.225719, 40.675842], [-74.225198, 40.675259], [-74.225185, 40.675245], [-74.222994, 40.675054], [-74.222356, 40.675006], [-74.222172, 40.674994], [-74.2224, 40.675125], [-74.221574, 40.67637], [-74.220959, 40.677281], [-74.220551, 40.677893], [-74.219891, 40.678873], [-74.219323, 40.679721], [-74.218862, 40.680405], [-74.218214, 40.681372], [-74.217731, 40.682095], [-74.217208, 40.682875], [-74.216612, 40.683759], [-74.216042, 40.684616], [-74.215161, 40.685934], [-74.214703, 40.686611], [-74.214777, 40.68739], [-74.214801, 40.688107], [-74.214851, 40.688607], [-74.214873, 40.688836], [-74.214882, 40.688896], [-74.212347, 40.690665], [-74.209248, 40.690709], [-74.208235, 40.690176], [-74.207473, 40.689775], [-74.205372, 40.68867], [-74.204015, 40.68796], [-74.201804, 40.68681], [-74.201454, 40.686678], [-74.199644, 40.686784], [-74.198069, 40.686878], [-74.197217, 40.686924], [-74.193074, 40.687175], [-74.192941, 40.687183], [-74.192781, 40.687194], [-74.192665, 40.687199], [-74.1925, 40.687209], [-74.191758, 40.687251], [-74.189973, 40.68736], [-74.189403, 40.687394], [-74.187624, 40.687499], [-74.187441, 40.687509], [-74.183914, 40.687715], [-74.179184, 40.688001], [-74.169927, 40.688549], [-74.169272, 40.688617], [-74.168529, 40.689397], [-74.167633, 40.689963], [-74.166454, 40.690148], [-74.16505, 40.690161], [-74.164444, 40.69004], [-74.163868, 40.689918], [-74.162977, 40.689734], [-74.162718, 40.689681], [-74.162518, 40.689637], [-74.162262, 40.689565], [-74.161757, 40.689379], [-74.160677, 40.688529], [-74.160121, 40.687588], [-74.159065, 40.686423], [-74.157861, 40.685952], [-74.153861, 40.685917], [-74.152655, 40.685224], [-74.150433, 40.683147], [-74.144378, 40.679831], [-74.139147, 40.677122], [-74.135775, 40.675559], [-74.136703, 40.674444], [-74.136557, 40.674368], [-74.135211, 40.676253], [-74.133433, 40.678434], [-74.131403, 40.680902], [-74.129208, 40.683557], [-74.122911, 40.691172], [-74.120754, 40.693739], [-74.119257, 40.695512], [-74.119171, 40.695612], [-74.117267, 40.697808], [-74.114559, 40.701072], [-74.107962, 40.697903], [-74.106488, 40.697188], [-74.106311, 40.697102], [-74.105187, 40.696558], [-74.103584, 40.695779], [-74.102849, 40.69536], [-74.101536, 40.693191], [-74.101045, 40.692135], [-74.101322, 40.691595], [-74.101914, 40.690958], [-74.101257, 40.690638], [-74.100728, 40.690383], [-74.099587, 40.689915], [-74.098668, 40.689479], [-74.098305, 40.689307], [-74.097219, 40.688792], [-74.097729, 40.688179], [-74.09449, 40.686725], [-74.09338, 40.687597], [-74.091598, 40.688982], [-74.088389, 40.691465], [-74.087613, 40.692066], [-74.083881, 40.695009], [-74.078788, 40.698842], [-74.077135, 40.700136], [-74.07656, 40.700529], [-74.075964, 40.700815], [-74.072488, 40.702406], [-74.072361, 40.702462], [-74.070128, 40.703461], [-74.071815, 40.704874], [-74.069451, 40.706582], [-74.067186, 40.708214], [-74.065728, 40.70926], [-74.064936, 40.709831], [-74.062625, 40.711451], [-74.061959, 40.710912], [-74.060778, 40.71175], [-74.061453, 40.712297], [-74.060231, 40.713178], [-74.059023, 40.714034], [-74.057814, 40.714879], [-74.056747, 40.715642], [-74.056578, 40.715763], [-74.056149, 40.71607], [-74.055889, 40.716256], [-74.055772, 40.71634], [-74.055499, 40.716538], [-74.055621, 40.717295], [-74.055536, 40.718033], [-74.055393, 40.718735], [-74.055262, 40.719446], [-74.055567, 40.719487], [-74.055669, 40.719501], [-74.055153, 40.72097], [-74.055396, 40.721051], [-74.056379, 40.72135], [-74.056989, 40.721534], [-74.057231, 40.721607], [-74.058467, 40.721982], [-74.059878, 40.722411], [-74.06106, 40.723576], [-74.060606, 40.724149], [-74.059685, 40.724701], [-74.061111, 40.725753], [-74.06018, 40.72651], [-74.059683, 40.724913], [-74.056128, 40.723596], [-74.055389, 40.724775], [-74.053966, 40.727419], [-74.054815, 40.728549], [-74.054909, 40.728837], [-74.055278, 40.729909], [-74.055588, 40.730322], [-74.055771, 40.730542], [-74.054865, 40.7316], [-74.055912, 40.732149], [-74.056624, 40.731539], [-74.057402, 40.732489], [-74.057824, 40.733026], [-74.05802, 40.733275], [-74.059449, 40.732498], [-74.059602, 40.7326], [-74.060084, 40.731772], [-74.060902, 40.730834], [-74.061092, 40.730622], [-74.061257, 40.730423], [-74.062158, 40.730524], [-74.063233, 40.730641], [-74.064319, 40.730839], [-74.064192, 40.730945], [-74.064103, 40.731507], [-74.06414, 40.731598], [-74.064171, 40.731675], [-74.067181, 40.731738], [-74.067819, 40.731365], [-74.068815, 40.731575], [-74.067633, 40.733571], [-74.067256, 40.734212], [-74.067107, 40.73492], [-74.067777, 40.73507], [-74.06853, 40.733759], [-74.069442, 40.733957], [-74.070432, 40.734172], [-74.071371, 40.734369], [-74.072749, 40.734808], [-74.072413, 40.735488], [-74.072092, 40.736136], [-74.071716, 40.736911], [-74.07154, 40.737083], [-74.072452, 40.737344], [-74.072844, 40.737456], [-74.074189, 40.737841], [-74.074412, 40.737416], [-74.07448, 40.737351], [-74.074568, 40.737269], [-74.074674, 40.737209], [-74.074825, 40.737149], [-74.074927, 40.73712], [-74.075025, 40.737102], [-74.075084, 40.737093], [-74.075201, 40.737083], [-74.075323, 40.737087], [-74.075423, 40.73711], [-74.075479, 40.737123], [-74.075593, 40.737149], [-74.075854, 40.737221], [-74.076463, 40.737398], [-74.077007, 40.737557], [-74.077139, 40.737583], [-74.0772, 40.73759], [-74.077288, 40.737601], [-74.077425, 40.737601], [-74.077575, 40.737588], [-74.077688, 40.737567], [-74.077826, 40.737527], [-74.077917, 40.737489], [-74.077994, 40.73745], [-74.078083, 40.737396], [-74.078165, 40.737327], [-74.078192, 40.737304], [-74.078273, 40.737218], [-74.078368, 40.737101], [-74.078504, 40.73695], [-74.078661, 40.736748], [-74.078811, 40.736563], [-74.078874, 40.736484], [-74.079238, 40.736118], [-74.079725, 40.73569], [-74.07984, 40.735584], [-74.078646, 40.735125], [-74.076818, 40.734652], [-74.077009, 40.734256], [-74.076793, 40.734206], [-74.077193, 40.733505], [-74.079109, 40.733963], [-74.081075, 40.734456], [-74.081205, 40.73449], [-74.084823, 40.7364], [-74.08505, 40.736518], [-74.087972, 40.737961], [-74.089286, 40.738401], [-74.093956, 40.735199], [-74.094018, 40.735138], [-74.0947, 40.73447], [-74.09852, 40.727317], [-74.098571, 40.727212], [-74.099086, 40.726101], [-74.103774, 40.718694], [-74.105632, 40.717544], [-74.108154, 40.715963], [-74.117057, 40.710381], [-74.120287, 40.715901], [-74.121387, 40.721001], [-74.120987, 40.722901], [-74.122002, 40.723064], [-74.124102, 40.723598], [-74.129284, 40.724943], [-74.131691, 40.725553], [-74.131936, 40.725611], [-74.13196, 40.725617], [-74.132243, 40.725682], [-74.132485, 40.725739], [-74.133438, 40.72596], [-74.136153, 40.725658], [-74.137316, 40.724596], [-74.137423, 40.725693], [-74.138473, 40.727032], [-74.13858, 40.727095], [-74.138671, 40.727148], [-74.138972, 40.726983], [-74.142455, 40.725003], [-74.142396, 40.724942], [-74.142322, 40.724866], [-74.141915, 40.724319], [-74.142648, 40.723011], [-74.143196, 40.722096], [-74.143581, 40.722497], [-74.14414, 40.72311], [-74.144581, 40.723575], [-74.144657, 40.723656], [-74.144721, 40.723723], [-74.144798, 40.723803], [-74.144869, 40.723875], [-74.145239, 40.724264], [-74.145765, 40.724766], [-74.147981, 40.723544], [-74.148538, 40.724122], [-74.149087, 40.724692], [-74.149624, 40.72525], [-74.151831, 40.724026], [-74.15199, 40.724188], [-74.154376, 40.72286], [-74.153911, 40.72238], [-74.153393, 40.721846], [-74.153163, 40.721609], [-74.152654, 40.721083], [-74.152085, 40.720497], [-74.151699, 40.720032], [-74.154525, 40.718476], [-74.155387, 40.718127], [-74.157854, 40.717532], [-74.158079, 40.717502], [-74.158254, 40.717478], [-74.159062, 40.717368], [-74.161636, 40.717016], [-74.160828, 40.718371], [-74.160467, 40.719076], [-74.160111, 40.719772], [-74.159752, 40.720472], [-74.159395, 40.721169], [-74.1589, 40.722137], [-74.160485, 40.722608], [-74.160944, 40.72171], [-74.162554, 40.722285], [-74.16291, 40.721562], [-74.163257, 40.720857], [-74.163602, 40.720158], [-74.163949, 40.719454], [-74.164294, 40.718755], [-74.167124, 40.719742], [-74.166707, 40.720411], [-74.166355, 40.721122], [-74.166172, 40.721494], [-74.166022, 40.721796], [-74.165666, 40.722515], [-74.167867, 40.723269], [-74.16777, 40.723505], [-74.170109, 40.724444], [-74.170917, 40.724768], [-74.173233, 40.725451], [-74.172545, 40.726177], [-74.172795, 40.726264], [-74.172975, 40.726327], [-74.173701, 40.726581], [-74.173681, 40.726621], [-74.175204, 40.72709], [-74.176761, 40.727569], [-74.176043, 40.728754], [-74.174951, 40.730628], [-74.174471, 40.731482], [-74.173656, 40.731235], [-74.174111, 40.730375], [-74.173543, 40.730204], [-74.172006, 40.729741], [-74.171711, 40.730269], [-74.171531, 40.730592], [-74.171054, 40.731446], [-74.169736, 40.731072], [-74.170387, 40.729863], [-74.169654, 40.729637], [-74.169333, 40.729957], [-74.168866, 40.730814], [-74.16858, 40.730684], [-74.168446, 40.730601], [-74.167681, 40.731376], [-74.165816, 40.733169], [-74.165949, 40.733193], [-74.166811, 40.733348], [-74.166467, 40.734249], [-74.166099, 40.735283], [-74.16585, 40.735976], [-74.163971, 40.735413], [-74.165433, 40.73403], [-74.164927, 40.733917], [-74.163352, 40.735131], [-74.162239, 40.735836], [-74.161958, 40.736007], [-74.163788, 40.739201], [-74.165557, 40.744025], [-74.165954, 40.745107], [-74.166079, 40.747235], [-74.166079, 40.747444], [-74.165995, 40.747969], [-74.16598, 40.748068], [-74.165465, 40.750996], [-74.165684, 40.750984], [-74.166898, 40.75075], [-74.167782, 40.750475], [-74.16872, 40.750064], [-74.168557, 40.752649], [-74.168264, 40.754447], [-74.169189, 40.7545], [-74.169373, 40.753264], [-74.169465, 40.752651], [-74.169943, 40.750014], [-74.170653, 40.751013], [-74.170651, 40.752058], [-74.17164, 40.752083], [-74.171705, 40.751041], [-74.172752, 40.75107], [-74.173685, 40.751095], [-74.173591, 40.752133], [-74.174598, 40.752159], [-74.174546, 40.75277], [-74.175748, 40.753108], [-74.174569, 40.755438], [-74.175422, 40.75569], [-74.176643, 40.75336], [-74.177825, 40.751209], [-74.178718, 40.751333], [-74.179637, 40.751521], [-74.178409, 40.753856], [-74.179315, 40.754111], [-74.180126, 40.754339], [-74.178954, 40.756743], [-74.179868, 40.757018], [-74.180684, 40.757328], [-74.181067, 40.757636], [-74.181324, 40.757733], [-74.184818, 40.758499], [-74.1852, 40.758626], [-74.185396, 40.75798], [-74.185423, 40.756054], [-74.18541, 40.755999], [-74.186567, 40.753782], [-74.187458, 40.754043], [-74.187489, 40.754052], [-74.18831, 40.754293], [-74.188833, 40.753304], [-74.189567, 40.753807], [-74.190325, 40.754331], [-74.190077, 40.754832], [-74.191125, 40.755152], [-74.19252, 40.755575], [-74.192172, 40.756536], [-74.191528, 40.757893], [-74.190227, 40.757495], [-74.188907, 40.757092], [-74.187709, 40.759397], [-74.189132, 40.75982], [-74.187814, 40.762015], [-74.189255, 40.762442], [-74.188584, 40.763726], [-74.189539, 40.76421], [-74.18912, 40.765023], [-74.19002, 40.765292], [-74.190886, 40.76555], [-74.190026, 40.76719], [-74.190449, 40.767312], [-74.190109, 40.767966], [-74.189759, 40.768634], [-74.190067, 40.768976], [-74.190746, 40.76974], [-74.191377, 40.770449], [-74.191978, 40.77112], [-74.192105, 40.77126], [-74.192761, 40.771995], [-74.193414, 40.772725], [-74.194205, 40.773612], [-74.195036, 40.774537], [-74.195587, 40.775153], [-74.196363, 40.776112], [-74.196823, 40.776541], [-74.197022, 40.776763], [-74.1975, 40.777297], [-74.200112, 40.780217], [-74.200355, 40.780491], [-74.201002, 40.781217], [-74.201189, 40.781425], [-74.201446, 40.781712], [-74.201516, 40.78179], [-74.201563, 40.781808], [-74.201622, 40.78183], [-74.203704, 40.782616], [-74.204739, 40.783007], [-74.20581, 40.783412], [-74.206582, 40.783704], [-74.208292, 40.784349], [-74.20926, 40.784714], [-74.210573, 40.78521], [-74.21146, 40.785545], [-74.211853, 40.785694], [-74.212572, 40.785965], [-74.214864, 40.786832], [-74.215686, 40.787139], [-74.216426, 40.787418], [-74.217396, 40.787786], [-74.218528, 40.788213], [-74.217991, 40.789204], [-74.214579, 40.794872], [-74.213731, 40.79627], [-74.213607, 40.796474], [-74.21167, 40.799795], [-74.211312, 40.800394], [-74.210997, 40.800924], [-74.209994, 40.802607], [-74.208935, 40.804422], [-74.208831, 40.804602], [-74.20831, 40.805496], [-74.207197, 40.807332], [-74.206524, 40.808509], [-74.206086, 40.808526], [-74.205674, 40.80992], [-74.205785, 40.810015], [-74.207163, 40.811551], [-74.20745, 40.811954], [-74.207086, 40.812416], [-74.205821, 40.813961], [-74.207988, 40.815153], [-74.208697, 40.814461], [-74.209468, 40.81609], [-74.20964, 40.817421], [-74.209933, 40.817634], [-74.209738, 40.81859], [-74.209598, 40.819277], [-74.210846, 40.819851], [-74.210381, 40.820427], [-74.209972, 40.82094], [-74.209004, 40.820492], [-74.207811, 40.825478], [-74.208228, 40.825291], [-74.211208, 40.821511], [-74.212181, 40.820307], [-74.211274, 40.819348], [-74.211754, 40.818644], [-74.210753, 40.818089], [-74.210665, 40.81804], [-74.211372, 40.817297], [-74.210958, 40.817037], [-74.211842, 40.81616], [-74.212693, 40.815315], [-74.213681, 40.815898], [-74.215752, 40.813639], [-74.214516, 40.81322], [-74.215388, 40.812184], [-74.213989, 40.811006], [-74.215264, 40.809584], [-74.216924, 40.807856], [-74.215864, 40.807114], [-74.216824, 40.805945], [-74.215407, 40.804716], [-74.217198, 40.802899], [-74.218591, 40.803865], [-74.219308, 40.802893], [-74.218817, 40.802008], [-74.220825, 40.801965], [-74.222603, 40.799086], [-74.223851, 40.799464], [-74.224216, 40.798759], [-74.226126, 40.799315], [-74.226452, 40.798549], [-74.224538, 40.798137], [-74.22506, 40.797356], [-74.22677, 40.797852], [-74.227073, 40.797187], [-74.227181, 40.79696], [-74.227468, 40.796487], [-74.228093, 40.795793], [-74.226656, 40.794882], [-74.226772, 40.794579], [-74.228173, 40.795724], [-74.229481, 40.796793], [-74.230679, 40.797749], [-74.234499, 40.800827], [-74.23644, 40.802438], [-74.23729, 40.803153], [-74.237729, 40.803527], [-74.23692, 40.806319], [-74.236716, 40.806713], [-74.236042, 40.807626], [-74.23594, 40.80782], [-74.235497, 40.809078], [-74.234785, 40.81074], [-74.234334, 40.812262], [-74.232814, 40.812861], [-74.232294, 40.814329], [-74.22913, 40.819943], [-74.229146, 40.820869], [-74.229219, 40.822199], [-74.22795, 40.8248], [-74.227928, 40.824939], [-74.22791, 40.825047], [-74.228791, 40.825658], [-74.226983, 40.827206], [-74.226893, 40.827144], [-74.226482, 40.826864], [-74.226453, 40.826844], [-74.226424, 40.826927], [-74.226354, 40.827129], [-74.226331, 40.827196], [-74.226322, 40.827276], [-74.226312, 40.82737], [-74.222209, 40.830877], [-74.221258, 40.831753], [-74.220433, 40.834183], [-74.223509, 40.835368], [-74.227067, 40.836192], [-74.227204, 40.833934], [-74.227257, 40.833796], [-74.22738, 40.833321], [-74.22991, 40.834032], [-74.233263, 40.834973], [-74.236114, 40.835774], [-74.236759, 40.835955], [-74.236592, 40.836326], [-74.236279, 40.837019], [-74.235053, 40.839718], [-74.234237, 40.841479], [-74.233137, 40.843854], [-74.2334, 40.844389], [-74.235279, 40.845066], [-74.236328, 40.845444], [-74.236359, 40.845391], [-74.240992, 40.846707], [-74.245392, 40.847926], [-74.251602, 40.849623], [-74.254393, 40.84418], [-74.256271, 40.841006], [-74.256861, 40.840489], [-74.257684, 40.837233], [-74.259755, 40.835473], [-74.259805, 40.834876], [-74.26361, 40.83517], [-74.263184, 40.835907], [-74.263101, 40.83809], [-74.263062, 40.838761], [-74.264565, 40.839326], [-74.264359, 40.839869], [-74.265867, 40.840436], [-74.266252, 40.840719], [-74.267091, 40.841591], [-74.267797, 40.842334], [-74.268195, 40.842297], [-74.269261, 40.842197], [-74.27021, 40.842947], [-74.271078, 40.843637], [-74.274617, 40.844704], [-74.274409, 40.845122], [-74.274341, 40.845261], [-74.273954, 40.84604], [-74.273758, 40.846434], [-74.273517, 40.846898], [-74.274161, 40.847235], [-74.275202, 40.847781], [-74.275432, 40.847902], [-74.275696, 40.847665], [-74.275817, 40.847477], [-74.276414, 40.846786], [-74.276844, 40.846309], [-74.279576, 40.847856], [-74.281867, 40.847805], [-74.283853, 40.847344], [-74.28417, 40.84727], [-74.285213, 40.847027], [-74.286298, 40.845583], [-74.287131, 40.845729], [-74.290255, 40.842202], [-74.290622, 40.841783], [-74.289807, 40.841349], [-74.28775, 40.840451], [-74.289129, 40.839278], [-74.288271, 40.838749], [-74.289397, 40.838539], [-74.289659, 40.838554], [-74.289773, 40.838562], [-74.291324, 40.83869], [-74.293516, 40.833972], [-74.290823, 40.834266], [-74.289511, 40.835194], [-74.287858, 40.834413], [-74.288903, 40.8343], [-74.289146, 40.83422], [-74.290891, 40.833631], [-74.294442, 40.833617], [-74.29712, 40.833309], [-74.299459, 40.833146], [-74.300225, 40.832486], [-74.298732, 40.831359], [-74.294527, 40.827774], [-74.292618, 40.8268], [-74.290335, 40.824978], [-74.291455, 40.823884], [-74.288578, 40.822404], [-74.289314, 40.821768], [-74.288087, 40.820919], [-74.287361, 40.820035], [-74.284946, 40.819181], [-74.285038, 40.817856], [-74.284706, 40.817852], [-74.283718, 40.817812], [-74.283415, 40.817815], [-74.28247, 40.817804], [-74.282334, 40.81779], [-74.279905, 40.817943], [-74.278212, 40.815349], [-74.277907, 40.815113], [-74.277561, 40.814843], [-74.276426, 40.814568], [-74.276654, 40.814134], [-74.27723, 40.813059], [-74.277382, 40.812771], [-74.277628, 40.81231], [-74.278952, 40.809818], [-74.279107, 40.809519], [-74.279568, 40.808652], [-74.280584, 40.806738], [-74.282267, 40.803509], [-74.282372, 40.803285], [-74.284636, 40.798852], [-74.285029, 40.798112], [-74.285283, 40.797631], [-74.287036, 40.79442], [-74.287095, 40.794304], [-74.288862, 40.790756], [-74.292367, 40.783724], [-74.294388, 40.77964], [-74.294641, 40.779135], [-74.298371, 40.77164], [-74.299142, 40.770039], [-74.300058, 40.768069], [-74.302967, 40.761773], [-74.303505, 40.760578], [-74.304055, 40.759355], [-74.304721, 40.757876], [-74.302191, 40.757838], [-74.300095, 40.757807], [-74.298149, 40.757778], [-74.295619, 40.757631], [-74.293758, 40.757577], [-74.291734, 40.75752], [-74.290214, 40.757477], [-74.288421, 40.757869], [-74.276819, 40.76041], [-74.275038, 40.760785], [-74.267829, 40.762303], [-74.267562, 40.762215], [-74.265645, 40.761585], [-74.264778, 40.7613], [-74.263226, 40.760792], [-74.261665, 40.760332], [-74.260467, 40.759978], [-74.258997, 40.7595], [-74.257007, 40.758752], [-74.256092, 40.758405], [-74.255324, 40.758119], [-74.253821, 40.757568], [-74.252675, 40.757149], [-74.251872, 40.756852], [-74.250983, 40.75652], [-74.249973, 40.756149], [-74.247761, 40.755322], [-74.247452, 40.755209], [-74.245977, 40.754659], [-74.244225, 40.754017], [-74.243112, 40.75348], [-74.24016, 40.751922], [-74.239769, 40.752389], [-74.239272, 40.752902], [-74.238229, 40.752288], [-74.238152, 40.752243], [-74.234671, 40.750556], [-74.235188, 40.750219], [-74.235496, 40.749542], [-74.235741, 40.748866], [-74.235903, 40.74889], [-74.23703, 40.745546], [-74.236861, 40.745547], [-74.2379, 40.744988], [-74.238914, 40.743497], [-74.238969, 40.742427], [-74.240426, 40.740845], [-74.240608, 40.74056], [-74.243914, 40.741738], [-74.244164, 40.741458], [-74.245052, 40.740528], [-74.245901, 40.740948], [-74.248056, 40.739887], [-74.248368, 40.739651], [-74.249752, 40.738672], [-74.251361, 40.737534], [-74.251324, 40.737375], [-74.251123, 40.736581], [-74.25079, 40.735882], [-74.25023, 40.735308], [-74.250121, 40.735207], [-74.249645, 40.734804], [-74.24865, 40.734403], [-74.248151, 40.734286], [-74.246282, 40.733811], [-74.245348, 40.733569], [-74.244369, 40.733307], [-74.244378, 40.732956], [-74.24354, 40.732107], [-74.243448, 40.730748], [-74.243659, 40.730339], [-74.244082, 40.730648], [-74.244604, 40.729947], [-74.245375, 40.728913], [-74.245847, 40.728313], [-74.24597, 40.728346], [-74.246194, 40.727638], [-74.246695, 40.727725], [-74.247809, 40.726193], [-74.24962, 40.723492], [-74.250213, 40.722287], [-74.251399, 40.718929], [-74.252179, 40.716918], [-74.252815, 40.715259], [-74.255354, 40.713673], [-74.256022, 40.713418], [-74.257933, 40.713989], [-74.258129, 40.714048], [-74.259029, 40.714316], [-74.259903, 40.714576], [-74.262187, 40.715253], [-74.266895, 40.716653], [-74.267924, 40.716955], [-74.268957, 40.717247], [-74.269487, 40.717403], [-74.270662, 40.717735], [-74.271842, 40.718071], [-74.271914, 40.718093], [-74.271968, 40.718107], [-74.272897, 40.71838], [-74.273648, 40.718585], [-74.273961, 40.718672], [-74.27461, 40.718864], [-74.275141, 40.719008], [-74.275788, 40.719201], [-74.276661, 40.719448], [-74.277133, 40.719582], [-74.278581, 40.720001], [-74.279417, 40.720277], [-74.280167, 40.720519], [-74.280975, 40.720778], [-74.28184, 40.721065], [-74.281937, 40.721097], [-74.283636, 40.721647], [-74.283771, 40.721692], [-74.285187, 40.722152], [-74.290351, 40.721198], [-74.292579, 40.720903], [-74.29406, 40.719486], [-74.293567, 40.719355], [-74.294617, 40.71752], [-74.296504, 40.71658], [-74.297245, 40.715532], [-74.297215, 40.715218], [-74.297212, 40.715189], [-74.297353, 40.714198], [-74.297336, 40.714164], [-74.297293, 40.714074], [-74.297248, 40.71398], [-74.296942, 40.713807], [-74.296029, 40.712392], [-74.296916, 40.710673], [-74.297361, 40.709946], [-74.299311, 40.709201], [-74.300578, 40.708572], [-74.301872, 40.707912], [-74.301524, 40.705536], [-74.301051, 40.7048], [-74.302203, 40.704287], [-74.30423, 40.704273], [-74.307758, 40.703305], [-74.309973, 40.701648], [-74.311092, 40.701121], [-74.310693, 40.699981], [-74.309135, 40.700007], [-74.306978, 40.698821], [-74.307864, 40.695956], [-74.306511, 40.694293], [-74.306525, 40.693584], [-74.308928, 40.690757], [-74.311758, 40.69007], [-74.311851, 40.688576], [-74.311819, 40.687823], [-74.312026, 40.686895], [-74.310658, 40.683829], [-74.307541, 40.682718], [-74.306912, 40.68189], [-74.308368, 40.680928], [-74.306798, 40.680606], [-74.307624, 40.680049], [-74.310194, 40.679742], [-74.310403, 40.678476], [-74.321813, 40.676939], [-74.322478, 40.676849], [-74.322498, 40.676706], [-74.322525, 40.67652], [-74.322547, 40.676376], [-74.322575, 40.67622], [-74.322685, 40.675435], [-74.323671, 40.675006], [-74.323191, 40.672282], [-74.323518, 40.671411], [-74.323868, 40.670619], [-74.324239, 40.669779], [-74.325456, 40.669097], [-74.32614, 40.66781], [-74.325252, 40.667489], [-74.326092, 40.665408], [-74.32736, 40.662603], [-74.327396, 40.662621], [-74.327319, 40.661975], [-74.32708, 40.660861], [-74.327072, 40.660824], [-74.326923, 40.660115], [-74.32628, 40.657464], [-74.327426, 40.657324], [-74.328874, 40.65713], [-74.329727, 40.655795], [-74.330494, 40.654596], [-74.331283, 40.65335], [-74.331923, 40.652342], [-74.332515, 40.651428], [-74.332724, 40.650394], [-74.333611, 40.649514], [-74.332803, 40.648795], [-74.331211, 40.648282], [-74.327667, 40.647081], [-74.326552, 40.646412], [-74.32554, 40.645805], [-74.323236, 40.644436], [-74.321488, 40.643396], [-74.319721, 40.642334], [-74.318833, 40.641822], [-74.318064, 40.641371], [-74.317316, 40.640928], [-74.316299, 40.640331], [-74.315318, 40.639758], [-74.314294, 40.639158], [-74.313361, 40.638611], [-74.312849, 40.638307], [-74.31228, 40.637979], [-74.311322, 40.637378], [-74.310754, 40.637046], [-74.304867, 40.63349], [-74.303462, 40.634277], [-74.302512, 40.634551], [-74.299572, 40.636235], [-74.297845, 40.637422], [-74.295419, 40.638695], [-74.294154, 40.638923], [-74.293596, 40.638936], [-74.292843, 40.639116], [-74.290542, 40.639843], [-74.290426, 40.639863], [-74.290119, 40.639915], [-74.289552, 40.639968], [-74.289198, 40.639971], [-74.287743, 40.639719], [-74.286977, 40.639087], [-74.285579, 40.638312], [-74.2845, 40.636919], [-74.284027, 40.636239], [-74.28399, 40.636187], [-74.283761, 40.635851], [-74.284409, 40.635382], [-74.285165, 40.634842], [-74.285347, 40.63471], [-74.285023, 40.634435], [-74.284553, 40.634033], [-74.282936, 40.632662], [-74.282399, 40.632203], [-74.281294, 40.631264], [-74.280654, 40.63072], [-74.280022, 40.630185], [-74.279006, 40.629313], [-74.277286, 40.627763], [-74.276837, 40.627353], [-74.276487, 40.627029], [-74.274813, 40.625479], [-74.274505, 40.625698], [-74.271735, 40.628339], [-74.270179, 40.627664], [-74.267216, 40.626864], [-74.265879, 40.626792], [-74.265745, 40.626922], [-74.265193, 40.627457], [-74.264616, 40.628018], [-74.264018, 40.628591], [-74.263456, 40.629125], [-74.262859, 40.629692], [-74.262273, 40.630249], [-74.2617, 40.630793], [-74.261099, 40.631363], [-74.260484, 40.631947], [-74.260141, 40.632274], [-74.259876, 40.632525], [-74.25861, 40.63373], [-74.259892, 40.634515], [-74.257613, 40.636704], [-74.256892, 40.637386], [-74.255932, 40.638294], [-74.255375, 40.637961], [-74.254663, 40.637526], [-74.255302, 40.636912], [-74.254085, 40.63624], [-74.253487, 40.636806], [-74.252705, 40.636328], [-74.251916, 40.635845], [-74.250935, 40.635245], [-74.249209, 40.636908], [-74.248334, 40.636405], [-74.24784, 40.636107], [-74.247114, 40.635655], [-74.246265, 40.635135], [-74.245113, 40.636238], [-74.244861, 40.636078], [-74.239463, 40.641245], [-74.238105, 40.640834], [-74.232299, 40.639167], [-74.232096, 40.639125], [-74.231965, 40.639098], [-74.231921, 40.639089], [-74.231794, 40.639063], [-74.231472, 40.639472], [-74.231259, 40.639728], [-74.229979, 40.641238], [-74.229073, 40.642324], [-74.228566, 40.64293], [-74.227184, 40.642068], [-74.227564, 40.64173], [-74.226719, 40.641759], [-74.225871, 40.641815], [-74.226746, 40.64243], [-74.226293, 40.642804], [-74.225122, 40.642011], [-74.224925, 40.641877], [-74.224039, 40.641991], [-74.22299, 40.642165], [-74.224068, 40.642908], [-74.223506, 40.643386], [-74.222441, 40.642685], [-74.221654, 40.642392], [-74.218133, 40.643488], [-74.216199, 40.643709], [-74.21693, 40.644203], [-74.217632, 40.644676], [-74.218429, 40.645221], [-74.219309, 40.64584], [-74.220137, 40.646427], [-74.221142, 40.647126], [-74.223441, 40.64872], [-74.22356, 40.6488], [-74.223611, 40.648835], [-74.223788, 40.648957], [-74.226001, 40.650465], [-74.228206, 40.651917], [-74.228799, 40.652347], [-74.229673, 40.652954], [-74.230342, 40.653418], [-74.230403, 40.653461], [-74.231072, 40.653925], [-74.231796, 40.654428], [-74.232513, 40.654927], [-74.23299, 40.654663], [-74.233372, 40.654436], [-74.234467, 40.655719], [-74.235419, 40.65683], [-74.235968, 40.657471], [-74.236627, 40.658052], [-74.238636, 40.659397], [-74.23924, 40.659803], [-74.239259, 40.659815], [-74.240491, 40.660638], [-74.242086, 40.661708]]]]}}, {"type": "Feature", "properties": {"id": 11, "NAME": "11", "text-color": "#000000", "text-size": 16, "TotalPop": 773584, "PopDevPct": -8.6e-07, "DemPct": 0.5778391, "RepPct": 0.40961868, "WhitePct": 0.63988457, "MinorityPct": 0.36011543, "BlackPct": 0.07802974, "HispanicPct": 0.15215972, "PacificPct": 0.00109758, "AsianPct": 0.12427402, "NativePct": 0.0104114, "TotalVAP": 609524, "Margin": 0.0778391, "color": "#ca0000", "opacity": "0.5", "year": 2022, "state": "NJ", "state-district": "NJ-11"}, "geometry": {"type": "MultiPolygon", "coordinates": [[[[-74.282033, 40.969171], [-74.282145, 40.969315], [-74.282307, 40.969512], [-74.282368, 40.969621], [-74.282403, 40.969727], [-74.282426, 40.969874], [-74.282421, 40.970026], [-74.282409, 40.970144], [-74.282384, 40.97025], [-74.28227, 40.97052], [-74.28221, 40.970619], [-74.282125, 40.97078], [-74.28189, 40.971274], [-74.281713, 40.971491], [-74.281619, 40.971589], [-74.281389, 40.971804], [-74.281167, 40.972022], [-74.281044, 40.972123], [-74.280975, 40.972167], [-74.280692, 40.972287], [-74.280613, 40.972307], [-74.280465, 40.972324], [-74.280376, 40.972328], [-74.280269, 40.972323], [-74.280122, 40.972293], [-74.280043, 40.972259], [-74.279991, 40.972223], [-74.279939, 40.972164], [-74.279826, 40.971979], [-74.279757, 40.971885], [-74.279614, 40.971755], [-74.279464, 40.971637], [-74.279285, 40.971521], [-74.279183, 40.971473], [-74.279098, 40.971447], [-74.27892, 40.971409], [-74.27879, 40.971396], [-74.278672, 40.971395], [-74.278583, 40.971402], [-74.278452, 40.971432], [-74.278352, 40.97147], [-74.278247, 40.971528], [-74.27814, 40.971606], [-74.278078, 40.971678], [-74.278018, 40.97179], [-74.277924, 40.971993], [-74.277868, 40.972139], [-74.277821, 40.972474], [-74.277796, 40.972795], [-74.277774, 40.972903], [-74.27761, 40.973208], [-74.277529, 40.973443], [-74.277508, 40.97355], [-74.27754, 40.973612], [-74.277656, 40.97378], [-74.277872, 40.974045], [-74.277976, 40.974165], [-74.278123, 40.974361], [-74.278233, 40.974485], [-74.27835, 40.974595], [-74.278424, 40.974641], [-74.278483, 40.974693], [-74.278553, 40.974776], [-74.278642, 40.974989], [-74.27873, 40.97515], [-74.278832, 40.975398], [-74.279236, 40.975574], [-74.279416, 40.975639], [-74.280292, 40.975961], [-74.280532, 40.976032], [-74.280671, 40.976062], [-74.280797, 40.976078], [-74.280926, 40.976081], [-74.281268, 40.976062], [-74.281419, 40.976093], [-74.281501, 40.976128], [-74.281629, 40.976219], [-74.281695, 40.976293], [-74.281753, 40.976376], [-74.281828, 40.976526], [-74.281869, 40.976636], [-74.281906, 40.976817], [-74.281924, 40.976995], [-74.281933, 40.977225], [-74.28195, 40.977822], [-74.281904, 40.978774], [-74.281854, 40.979245], [-74.28179, 40.979575], [-74.281688, 40.979961], [-74.282009, 40.979931], [-74.28216, 40.979882], [-74.282232, 40.979836], [-74.282409, 40.979698], [-74.28249, 40.979644], [-74.282577, 40.979609], [-74.282669, 40.979571], [-74.282733, 40.97956], [-74.282896, 40.97955], [-74.283004, 40.979534], [-74.283075, 40.979516], [-74.283133, 40.979498], [-74.283204, 40.979464], [-74.283265, 40.979425], [-74.2833, 40.979399], [-74.283316, 40.979378], [-74.283329, 40.979348], [-74.283331, 40.979322], [-74.28333, 40.979295], [-74.283317, 40.979264], [-74.283295, 40.979226], [-74.283219, 40.979121], [-74.283178, 40.979041], [-74.283175, 40.979008], [-74.28318, 40.978974], [-74.283204, 40.978956], [-74.28322, 40.978949], [-74.283248, 40.978938], [-74.283315, 40.978921], [-74.283354, 40.978935], [-74.28338, 40.978953], [-74.283404, 40.978973], [-74.283434, 40.979008], [-74.2835, 40.979073], [-74.283552, 40.979116], [-74.283583, 40.979137], [-74.28363, 40.979164], [-74.283702, 40.979195], [-74.283776, 40.979213], [-74.28384, 40.979223], [-74.283948, 40.979229], [-74.284029, 40.97923], [-74.284075, 40.979227], [-74.284151, 40.979216], [-74.284373, 40.979158], [-74.284454, 40.979129], [-74.284622, 40.979051], [-74.284658, 40.979022], [-74.284702, 40.978963], [-74.284678, 40.978837], [-74.284682, 40.978793], [-74.284726, 40.978704], [-74.2848, 40.978643], [-74.285005, 40.978747], [-74.285203, 40.978785], [-74.28566, 40.978784], [-74.286027, 40.978902], [-74.286193, 40.978987], [-74.286268, 40.979088], [-74.286287, 40.97927], [-74.286246, 40.979519], [-74.286304, 40.979633], [-74.286455, 40.979742], [-74.286687, 40.979837], [-74.28687, 40.97987], [-74.287198, 40.979814], [-74.287748, 40.979537], [-74.288007, 40.979156], [-74.288171, 40.979114], [-74.288491, 40.979112], [-74.28876, 40.979194], [-74.289267, 40.979545], [-74.289537, 40.979679], [-74.289991, 40.979852], [-74.290519, 40.979983], [-74.290961, 40.979994], [-74.292015, 40.979722], [-74.292372, 40.979728], [-74.292692, 40.979837], [-74.293091, 40.979852], [-74.293421, 40.979785], [-74.293687, 40.97967], [-74.294159, 40.979316], [-74.294443, 40.979164], [-74.294909, 40.978868], [-74.295244, 40.978803], [-74.295466, 40.978829], [-74.295837, 40.978942], [-74.296217, 40.979105], [-74.297175, 40.979443], [-74.297324, 40.979536], [-74.297669, 40.979912], [-74.297691, 40.980139], [-74.297475, 40.980397], [-74.29734, 40.980611], [-74.297268, 40.980791], [-74.297214, 40.981249], [-74.297261, 40.981592], [-74.297373, 40.981835], [-74.297648, 40.982187], [-74.297699, 40.982701], [-74.297636, 40.983167], [-74.297561, 40.98338], [-74.297446, 40.98358], [-74.297365, 40.983713], [-74.297107, 40.984025], [-74.296925, 40.984195], [-74.296401, 40.984604], [-74.295319, 40.985741], [-74.294255, 40.986572], [-74.292972, 40.987821], [-74.292833, 40.987955], [-74.292882, 40.988046], [-74.292936, 40.988333], [-74.293238, 40.988565], [-74.293459, 40.988907], [-74.293664, 40.98913], [-74.293838, 40.989459], [-74.293891, 40.989824], [-74.293954, 40.989963], [-74.293963, 40.990167], [-74.294137, 40.990445], [-74.294288, 40.990502], [-74.294525, 40.990517], [-74.294711, 40.990578], [-74.295009, 40.990747], [-74.295201, 40.990808], [-74.295454, 40.990841], [-74.295684, 40.990923], [-74.295775, 40.991005], [-74.295842, 40.991207], [-74.295945, 40.991366], [-74.295907, 40.991479], [-74.295778, 40.991565], [-74.295378, 40.992004], [-74.29519, 40.992489], [-74.295165, 40.992769], [-74.295189, 40.993081], [-74.295352, 40.993286], [-74.295432, 40.993552], [-74.29548, 40.994242], [-74.295552, 40.994703], [-74.295774, 40.995038], [-74.296116, 40.9953], [-74.296418, 40.995734], [-74.296609, 40.995909], [-74.296729, 40.995962], [-74.297251, 40.996119], [-74.29753, 40.996259], [-74.297677, 40.996382], [-74.297836, 40.99662], [-74.298106, 40.997544], [-74.298192, 40.997984], [-74.298195, 40.998227], [-74.298137, 40.998634], [-74.298151, 40.998769], [-74.298158, 40.999258], [-74.297633, 41.001179], [-74.298764, 41.002813], [-74.300014, 41.003116], [-74.300029, 41.003115], [-74.301521, 41.00209], [-74.301015, 41.000444], [-74.301685, 40.999173], [-74.305807, 40.999137], [-74.307073, 40.998882], [-74.307529, 40.998711], [-74.307894, 40.998573], [-74.308392, 40.998436], [-74.308968, 40.998389], [-74.309494, 40.998409], [-74.309807, 40.998498], [-74.310115, 40.998667], [-74.310704, 40.998926], [-74.311304, 40.999132], [-74.311615, 40.999268], [-74.312087, 40.999434], [-74.312303, 40.999529], [-74.312452, 40.999688], [-74.312524, 41.000014], [-74.312741, 41.000391], [-74.312979, 41.000582], [-74.313335, 41.00077], [-74.313742, 41.001047], [-74.314337, 41.001393], [-74.314629, 41.001613], [-74.315004, 41.002056], [-74.315428, 41.002357], [-74.315554, 41.002369], [-74.31706, 41.001992], [-74.317337, 41.001967], [-74.31768, 41.001972], [-74.318026, 41.001942], [-74.318571, 41.001859], [-74.319547, 41.001843], [-74.320365, 41.001779], [-74.32132, 41.001582], [-74.321832, 41.00143], [-74.326763, 41.000911], [-74.327789, 41.001137], [-74.328456, 41.001264], [-74.328547, 41.001349], [-74.328639, 41.001436], [-74.328961, 41.001721], [-74.329025, 41.001767], [-74.329111, 41.00183], [-74.329179, 41.001876], [-74.329283, 41.001953], [-74.329342, 41.001988], [-74.329432, 41.002032], [-74.329528, 41.002065], [-74.329645, 41.002087], [-74.329831, 41.002117], [-74.329994, 41.002137], [-74.330148, 41.002168], [-74.330297, 41.002198], [-74.330385, 41.002234], [-74.330475, 41.002285], [-74.330524, 41.002313], [-74.330553, 41.002329], [-74.330608, 41.002361], [-74.330725, 41.00243], [-74.330751, 41.002446], [-74.330837, 41.002509], [-74.330887, 41.002566], [-74.330919, 41.002622], [-74.330953, 41.002682], [-74.330989, 41.002724], [-74.331023, 41.002761], [-74.331072, 41.002799], [-74.331092, 41.002802], [-74.331317, 41.002846], [-74.331609, 41.002894], [-74.331622, 41.002896], [-74.331816, 41.002909], [-74.331877, 41.002913], [-74.332058, 41.002894], [-74.332252, 41.002879], [-74.332375, 41.002876], [-74.332437, 41.002883], [-74.332495, 41.002889], [-74.332566, 41.002899], [-74.332626, 41.002903], [-74.332732, 41.002913], [-74.332959, 41.002914], [-74.333051, 41.00292], [-74.333177, 41.002934], [-74.333361, 41.002989], [-74.333382, 41.002995], [-74.333445, 41.003014], [-74.333506, 41.003033], [-74.333688, 41.003097], [-74.333805, 41.003151], [-74.334031, 41.003271], [-74.334287, 41.003407], [-74.334386, 41.003453], [-74.33442, 41.003471], [-74.334531, 41.003532], [-74.334648, 41.003591], [-74.334688, 41.003613], [-74.334748, 41.003666], [-74.335075, 41.006558], [-74.336428, 41.007562], [-74.33762, 41.007397], [-74.340623, 41.005793], [-74.341992, 41.006928], [-74.343352, 41.006495], [-74.345848, 41.004834], [-74.348033, 41.004463], [-74.349378, 41.00405], [-74.349952, 41.003935], [-74.35075, 41.004218], [-74.35139, 41.004593], [-74.351808, 41.005202], [-74.352437, 41.005702], [-74.352377, 41.005941], [-74.351646, 41.006377], [-74.351277, 41.006912], [-74.351248, 41.006961], [-74.351242, 41.006971], [-74.351131, 41.007249], [-74.351091, 41.00744], [-74.351087, 41.007456], [-74.351088, 41.007648], [-74.351103, 41.007869], [-74.351145, 41.008269], [-74.35118, 41.008757], [-74.351186, 41.009039], [-74.351187, 41.009372], [-74.351157, 41.009569], [-74.351126, 41.009917], [-74.351104, 41.01018], [-74.351102, 41.010339], [-74.351114, 41.010414], [-74.351137, 41.010493], [-74.351181, 41.010568], [-74.35123, 41.010631], [-74.351277, 41.010676], [-74.351465, 41.010842], [-74.351477, 41.010851], [-74.351561, 41.010926], [-74.351656, 41.011009], [-74.351823, 41.011156], [-74.351973, 41.01129], [-74.35215, 41.011424], [-74.352329, 41.01154], [-74.352483, 41.011644], [-74.352657, 41.011739], [-74.352761, 41.011791], [-74.35286, 41.011852], [-74.352984, 41.011932], [-74.353054, 41.011972], [-74.353117, 41.012032], [-74.353372, 41.012315], [-74.353542, 41.012496], [-74.35368, 41.012649], [-74.353949, 41.012925], [-74.354144, 41.013106], [-74.354195, 41.01314], [-74.354393, 41.013263], [-74.354632, 41.013433], [-74.354685, 41.01347], [-74.3548, 41.013552], [-74.354909, 41.013643], [-74.355043, 41.013732], [-74.355093, 41.013772], [-74.355301, 41.01387], [-74.355401, 41.013897], [-74.355474, 41.013911], [-74.355543, 41.013915], [-74.355617, 41.013913], [-74.355694, 41.013905], [-74.355809, 41.013882], [-74.355997, 41.013816], [-74.356012, 41.013809], [-74.356066, 41.013789], [-74.356263, 41.013714], [-74.356413, 41.013662], [-74.356497, 41.013638], [-74.356567, 41.013625], [-74.356624, 41.013615], [-74.357703, 41.013508], [-74.358221, 41.013535], [-74.35879, 41.013869], [-74.359727, 41.013993], [-74.362043, 41.01386], [-74.362736, 41.013496], [-74.362826, 41.013127], [-74.362842, 41.013096], [-74.363951, 41.011021], [-74.364801, 41.011123], [-74.365824, 41.011602], [-74.366878, 41.011907], [-74.367849, 41.011938], [-74.369246, 41.011556], [-74.370108, 41.011419], [-74.370282, 41.011388], [-74.372315, 41.011427], [-74.376383, 41.013621], [-74.379253, 41.014237], [-74.381918, 41.014058], [-74.386295, 41.011688], [-74.38938, 41.012306], [-74.38992, 41.013861], [-74.389846, 41.014097], [-74.389859, 41.014231], [-74.390007, 41.014521], [-74.390231, 41.014782], [-74.390698, 41.015218], [-74.390781, 41.015466], [-74.391084, 41.015823], [-74.391294, 41.015964], [-74.391534, 41.015997], [-74.392038, 41.016003], [-74.392865, 41.016126], [-74.393212, 41.016224], [-74.394917, 41.016657], [-74.395905, 41.016867], [-74.396557, 41.016964], [-74.397144, 41.016953], [-74.397724, 41.016986], [-74.398027, 41.016979], [-74.398444, 41.017093], [-74.398913, 41.017162], [-74.399827, 41.017335], [-74.399965, 41.017426], [-74.400184, 41.017828], [-74.40051, 41.018075], [-74.401419, 41.018595], [-74.40169, 41.018889], [-74.401892, 41.018984], [-74.402344, 41.019064], [-74.402608, 41.019237], [-74.402662, 41.019451], [-74.402576, 41.019626], [-74.402554, 41.020554], [-74.403377, 41.020468], [-74.403487, 41.021309], [-74.404084, 41.022249], [-74.405235, 41.023171], [-74.405887, 41.023961], [-74.406204, 41.024176], [-74.406851, 41.024291], [-74.40881, 41.024732], [-74.410047, 41.025088], [-74.410881, 41.02614], [-74.413842, 41.027123], [-74.415378, 41.028011], [-74.418404, 41.028647], [-74.419064, 41.028738], [-74.422288, 41.028091], [-74.42355, 41.027697], [-74.424439, 41.025954], [-74.425883, 41.022972], [-74.428153, 41.020673], [-74.430172, 41.020174], [-74.430557, 41.020106], [-74.432034, 41.019993], [-74.433236, 41.019946], [-74.43364, 41.019953], [-74.43504, 41.020021], [-74.434626, 41.021828], [-74.434428, 41.022576], [-74.434215, 41.023169], [-74.43369, 41.024289], [-74.432889, 41.025489], [-74.431988, 41.026885], [-74.431465, 41.027758], [-74.430096, 41.029453], [-74.428535, 41.031345], [-74.427904, 41.032636], [-74.427469, 41.033943], [-74.427243, 41.035024], [-74.427268, 41.03599], [-74.427768, 41.037104], [-74.428213, 41.037426], [-74.428609, 41.037578], [-74.42893, 41.03767], [-74.429534, 41.037797], [-74.430465, 41.03793], [-74.430969, 41.037975], [-74.431176, 41.037973], [-74.432014, 41.037841], [-74.432459, 41.037787], [-74.432681, 41.037807], [-74.432864, 41.038044], [-74.432882, 41.038062], [-74.433097, 41.038277], [-74.433491, 41.038466], [-74.433514, 41.038556], [-74.433529, 41.038615], [-74.433539, 41.038653], [-74.433442, 41.038784], [-74.433426, 41.038848], [-74.433388, 41.038946], [-74.433139, 41.039217], [-74.4331, 41.039358], [-74.433259, 41.039446], [-74.433562, 41.039436], [-74.433803, 41.039514], [-74.434262, 41.039857], [-74.434368, 41.039886], [-74.43466, 41.039874], [-74.434853, 41.039995], [-74.434861, 41.04017], [-74.435033, 41.040355], [-74.435171, 41.040364], [-74.435525, 41.040404], [-74.435779, 41.040537], [-74.436018, 41.041031], [-74.436094, 41.041278], [-74.435989, 41.041486], [-74.436058, 41.041621], [-74.4364, 41.041771], [-74.436569, 41.041899], [-74.436804, 41.041957], [-74.437142, 41.041943], [-74.437312, 41.042102], [-74.437585, 41.042285], [-74.437627, 41.042386], [-74.437565, 41.042479], [-74.437425, 41.042513], [-74.437413, 41.042621], [-74.4375, 41.042772], [-74.437792, 41.043016], [-74.438073, 41.043029], [-74.438369, 41.04289], [-74.438566, 41.042888], [-74.438848, 41.043056], [-74.439156, 41.043515], [-74.439352, 41.043586], [-74.43942, 41.043546], [-74.439556, 41.043275], [-74.439708, 41.043191], [-74.439811, 41.043214], [-74.440046, 41.043355], [-74.440279, 41.043559], [-74.440488, 41.043853], [-74.440882, 41.044692], [-74.44107, 41.044992], [-74.44138, 41.045574], [-74.441335, 41.046431], [-74.441887, 41.047771], [-74.441797, 41.048543], [-74.441732, 41.048721], [-74.441717, 41.04878], [-74.441712, 41.048824], [-74.441715, 41.048877], [-74.441728, 41.048928], [-74.441749, 41.048989], [-74.441812, 41.0491], [-74.441858, 41.049154], [-74.441928, 41.049219], [-74.441915, 41.049453], [-74.441877, 41.049659], [-74.44233, 41.050903], [-74.443469, 41.051545], [-74.443705, 41.05261], [-74.444617, 41.052425], [-74.44504, 41.052322], [-74.445919, 41.052674], [-74.446275, 41.053636], [-74.447017, 41.054429], [-74.44816, 41.054248], [-74.450009, 41.053895], [-74.45009, 41.053824], [-74.451229, 41.053081], [-74.451352, 41.052998], [-74.451417, 41.052954], [-74.451514, 41.052903], [-74.451542, 41.052889], [-74.451596, 41.052864], [-74.451644, 41.052845], [-74.451705, 41.052825], [-74.451828, 41.052794], [-74.451884, 41.052785], [-74.451929, 41.052781], [-74.452017, 41.052776], [-74.452073, 41.052771], [-74.452115, 41.052768], [-74.452148, 41.052763], [-74.45218, 41.052757], [-74.452203, 41.052748], [-74.452228, 41.052737], [-74.452279, 41.052709], [-74.452412, 41.052638], [-74.452463, 41.052618], [-74.452511, 41.052605], [-74.452582, 41.052595], [-74.452852, 41.052588], [-74.453043, 41.052594], [-74.453182, 41.052592], [-74.453207, 41.052592], [-74.454476, 41.052522], [-74.455008, 41.052312], [-74.455606, 41.052287], [-74.456413, 41.052004], [-74.45733, 41.051955], [-74.460171, 41.052123], [-74.461219, 41.052032], [-74.462019, 41.051563], [-74.462118, 41.051257], [-74.464824, 41.05014], [-74.465136, 41.049958], [-74.46548, 41.04972], [-74.465969, 41.04922], [-74.466306, 41.048964], [-74.4666, 41.048861], [-74.467103, 41.048763], [-74.467439, 41.048765], [-74.467673, 41.048643], [-74.46812, 41.048366], [-74.46835, 41.048279], [-74.46879, 41.048271], [-74.46899, 41.048147], [-74.469124, 41.048113], [-74.469568, 41.048134], [-74.469695, 41.048093], [-74.470132, 41.047757], [-74.470294, 41.047789], [-74.47039, 41.047999], [-74.47054, 41.048078], [-74.470845, 41.048121], [-74.471178, 41.048093], [-74.471568, 41.048115], [-74.471856, 41.048092], [-74.472274, 41.047975], [-74.47282, 41.047921], [-74.473123, 41.047854], [-74.473474, 41.047823], [-74.474169, 41.047812], [-74.474566, 41.047762], [-74.474642, 41.047781], [-74.474674, 41.047913], [-74.474593, 41.04799], [-74.474578, 41.048135], [-74.474698, 41.048163], [-74.475192, 41.047978], [-74.475364, 41.047932], [-74.475882, 41.047896], [-74.476064, 41.047827], [-74.476391, 41.047609], [-74.476702, 41.047468], [-74.477017, 41.047381], [-74.47715, 41.047246], [-74.477016, 41.047121], [-74.476565, 41.047046], [-74.476389, 41.046949], [-74.476399, 41.046845], [-74.476544, 41.046787], [-74.476664, 41.046804], [-74.476803, 41.046905], [-74.476949, 41.046882], [-74.476973, 41.046727], [-74.47706, 41.046627], [-74.47722, 41.046597], [-74.477371, 41.046674], [-74.477502, 41.046645], [-74.47788, 41.046432], [-74.478391, 41.046189], [-74.478791, 41.046084], [-74.479079, 41.045954], [-74.479384, 41.045712], [-74.479524, 41.045709], [-74.479673, 41.045902], [-74.479787, 41.045934], [-74.480052, 41.045796], [-74.480247, 41.04574], [-74.480473, 41.04575], [-74.480765, 41.045649], [-74.481108, 41.045599], [-74.481311, 41.045509], [-74.481471, 41.045358], [-74.481717, 41.045183], [-74.481787, 41.045054], [-74.481645, 41.044827], [-74.481671, 41.044722], [-74.481783, 41.044671], [-74.481972, 41.044669], [-74.482054, 41.044613], [-74.482024, 41.044508], [-74.481883, 41.044422], [-74.481802, 41.044294], [-74.481772, 41.044035], [-74.481699, 41.043985], [-74.481844, 41.043617], [-74.481829, 41.043381], [-74.481865, 41.043244], [-74.482079, 41.043057], [-74.482213, 41.043079], [-74.482327, 41.043177], [-74.482458, 41.043486], [-74.482588, 41.04354], [-74.482738, 41.043476], [-74.482844, 41.043186], [-74.482975, 41.042925], [-74.483278, 41.042797], [-74.483458, 41.042793], [-74.483545, 41.042883], [-74.483621, 41.043147], [-74.483749, 41.04318], [-74.483958, 41.043123], [-74.484109, 41.043011], [-74.484385, 41.042903], [-74.484574, 41.04287], [-74.484842, 41.042879], [-74.485, 41.042763], [-74.485005, 41.042524], [-74.485106, 41.042371], [-74.485087, 41.042094], [-74.485212, 41.042022], [-74.485412, 41.042037], [-74.485526, 41.042114], [-74.485715, 41.04211], [-74.485763, 41.042042], [-74.485658, 41.041876], [-74.485652, 41.041728], [-74.485752, 41.041692], [-74.485986, 41.041706], [-74.48615, 41.041601], [-74.486228, 41.041433], [-74.486299, 41.041096], [-74.486682, 41.04079], [-74.486883, 41.040541], [-74.487031, 41.040305], [-74.48723, 41.040047], [-74.487235, 41.039896], [-74.487151, 41.039698], [-74.487223, 41.039453], [-74.48738, 41.039295], [-74.487584, 41.039213], [-74.487849, 41.039193], [-74.488045, 41.039107], [-74.488258, 41.039079], [-74.488692, 41.039131], [-74.488841, 41.03905], [-74.48882, 41.038957], [-74.488535, 41.038932], [-74.488335, 41.038862], [-74.488247, 41.038787], [-74.488213, 41.038621], [-74.488252, 41.03852], [-74.488434, 41.038371], [-74.488597, 41.038398], [-74.48884, 41.038507], [-74.489177, 41.038546], [-74.489362, 41.038444], [-74.489596, 41.038459], [-74.489925, 41.038367], [-74.490124, 41.038137], [-74.490172, 41.037838], [-74.490228, 41.037763], [-74.490443, 41.037673], [-74.49061, 41.037472], [-74.490734, 41.037375], [-74.490929, 41.03734], [-74.491208, 41.037362], [-74.49135, 41.037431], [-74.49143, 41.037724], [-74.491516, 41.03779], [-74.49184, 41.037827], [-74.492042, 41.037792], [-74.492343, 41.037611], [-74.492683, 41.037321], [-74.492805, 41.037256], [-74.493065, 41.037317], [-74.493169, 41.03745], [-74.493345, 41.037531], [-74.493417, 41.037434], [-74.493189, 41.037316], [-74.493333, 41.037159], [-74.493499, 41.037169], [-74.493645, 41.037267], [-74.493862, 41.037286], [-74.494057, 41.037232], [-74.494255, 41.037112], [-74.494277, 41.036956], [-74.49421, 41.036906], [-74.493829, 41.036836], [-74.493704, 41.036787], [-74.493696, 41.03662], [-74.494049, 41.036255], [-74.4942, 41.036164], [-74.494305, 41.036164], [-74.494426, 41.036339], [-74.49458, 41.036375], [-74.494695, 41.036313], [-74.494866, 41.036086], [-74.495024, 41.035962], [-74.49512, 41.035793], [-74.495266, 41.035763], [-74.495373, 41.036011], [-74.495555, 41.036085], [-74.495705, 41.036055], [-74.495961, 41.035927], [-74.496406, 41.035807], [-74.496584, 41.035679], [-74.496766, 41.035458], [-74.496964, 41.035356], [-74.497147, 41.035168], [-74.497141, 41.034844], [-74.49699, 41.034682], [-74.496927, 41.034504], [-74.496961, 41.034376], [-74.497084, 41.034235], [-74.497358, 41.034112], [-74.497502, 41.034094], [-74.497736, 41.034189], [-74.497878, 41.034476], [-74.498767, 41.034863], [-74.498989, 41.035008], [-74.499219, 41.035242], [-74.499396, 41.035567], [-74.499404, 41.035823], [-74.499354, 41.03617], [-74.49934, 41.037007], [-74.499597, 41.037382], [-74.49977, 41.037549], [-74.499804, 41.037719], [-74.499755, 41.038002], [-74.500055, 41.038272], [-74.500156, 41.038399], [-74.500342, 41.038436], [-74.500564, 41.038409], [-74.500835, 41.038419], [-74.501306, 41.038568], [-74.501407, 41.038651], [-74.501925, 41.038917], [-74.501081, 41.040521], [-74.501226, 41.040589], [-74.501353, 41.040717], [-74.50163, 41.041075], [-74.501692, 41.042098], [-74.501141, 41.043067], [-74.500456, 41.043971], [-74.5, 41.044717], [-74.498636, 41.048395], [-74.497857, 41.053198], [-74.497522, 41.054286], [-74.497469, 41.055897], [-74.497136, 41.058234], [-74.496605, 41.059787], [-74.495735, 41.060944], [-74.495084, 41.061667], [-74.494262, 41.062379], [-74.493463, 41.062909], [-74.492645, 41.063312], [-74.489628, 41.064327], [-74.488458, 41.064863], [-74.487901, 41.065267], [-74.487549, 41.06568], [-74.487327, 41.066127], [-74.487269, 41.066817], [-74.487377, 41.06754], [-74.487713, 41.068288], [-74.488194, 41.069011], [-74.488715, 41.070117], [-74.48879, 41.070733], [-74.489019, 41.071139], [-74.489071, 41.071909], [-74.488716, 41.072497], [-74.488068, 41.074625], [-74.487646, 41.075112], [-74.487427, 41.075304], [-74.486941, 41.07584], [-74.486925, 41.076736], [-74.487295, 41.076941], [-74.487946, 41.077735], [-74.48851, 41.078031], [-74.489186, 41.077951], [-74.48963, 41.077762], [-74.490005, 41.077675], [-74.490282, 41.077731], [-74.490574, 41.077935], [-74.490716, 41.077997], [-74.491208, 41.078121], [-74.491694, 41.078142], [-74.491866, 41.078242], [-74.492077, 41.078489], [-74.492851, 41.079705], [-74.493071, 41.079894], [-74.493584, 41.080257], [-74.493942, 41.080602], [-74.49414, 41.080734], [-74.494495, 41.080903], [-74.494791, 41.080971], [-74.495655, 41.081075], [-74.495855, 41.081167], [-74.495982, 41.08131], [-74.496051, 41.081491], [-74.495895, 41.081707], [-74.495861, 41.081885], [-74.496068, 41.082403], [-74.498663, 41.083076], [-74.499253, 41.083851], [-74.499301, 41.084045], [-74.49939, 41.084834], [-74.499943, 41.085634], [-74.500768, 41.086114], [-74.501015, 41.085999], [-74.502035, 41.085936], [-74.502216, 41.085832], [-74.503212, 41.085873], [-74.504438, 41.084882], [-74.504872, 41.084533], [-74.505147, 41.084307], [-74.52194, 41.070734], [-74.522569, 41.07019], [-74.525578, 41.067606], [-74.526785, 41.066572], [-74.527283, 41.066141], [-74.527866, 41.06564], [-74.528387, 41.065192], [-74.529362, 41.064355], [-74.535808, 41.058486], [-74.547184, 41.048471], [-74.547718, 41.048016], [-74.557691, 41.03956], [-74.559825, 41.03775], [-74.567066, 41.03161], [-74.568523, 41.030375], [-74.582716, 41.018152], [-74.584383, 41.016701], [-74.594434, 41.008041], [-74.606185, 40.997933], [-74.60638, 40.997763], [-74.613026, 40.992038], [-74.614539, 40.990733], [-74.614605, 40.990676], [-74.617837, 40.987424], [-74.625959, 40.979662], [-74.629191, 40.976566], [-74.63094, 40.974864], [-74.632192, 40.97351], [-74.632139, 40.973241], [-74.638993, 40.967267], [-74.640643, 40.965338], [-74.641555, 40.962192], [-74.641424, 40.961365], [-74.640904, 40.9591], [-74.638812, 40.956213], [-74.636654, 40.954105], [-74.635298, 40.952045], [-74.634837, 40.9507], [-74.634636, 40.949097], [-74.63524, 40.945004], [-74.636163, 40.942639], [-74.624227, 40.942681], [-74.623736, 40.94189], [-74.622289, 40.939564], [-74.622282, 40.939538], [-74.618585, 40.934608], [-74.61539, 40.930334], [-74.613331, 40.92758], [-74.610988, 40.924444], [-74.610403, 40.923662], [-74.608744, 40.921441], [-74.605464, 40.916967], [-74.605068, 40.916387], [-74.604667, 40.915779], [-74.604619, 40.915707], [-74.604451, 40.915453], [-74.604297, 40.91522], [-74.603925, 40.914656], [-74.60236, 40.912287], [-74.602301, 40.912199], [-74.602207, 40.912057], [-74.599553, 40.908043], [-74.599391, 40.907796], [-74.599196, 40.907498], [-74.597777, 40.90535], [-74.596699, 40.904234], [-74.596483, 40.904016], [-74.596087, 40.903631], [-74.595577, 40.903121], [-74.595147, 40.902694], [-74.594565, 40.902116], [-74.594403, 40.902272], [-74.593887, 40.902776], [-74.591476, 40.905557], [-74.58831, 40.908448], [-74.5881, 40.90864], [-74.586516, 40.910085], [-74.581386, 40.914871], [-74.581312, 40.914942], [-74.581046, 40.91519], [-74.581033, 40.915209], [-74.581024, 40.915222], [-74.580991, 40.915201], [-74.580926, 40.91516], [-74.580846, 40.915115], [-74.580672, 40.915017], [-74.57927, 40.914123], [-74.578892, 40.913825], [-74.578088, 40.913717], [-74.577988, 40.913703], [-74.575906, 40.91343], [-74.574784, 40.911904], [-74.574703, 40.911869], [-74.574399, 40.911737], [-74.573736, 40.911471], [-74.573371, 40.911336], [-74.573, 40.911204], [-74.572396, 40.911008], [-74.572145, 40.910934], [-74.571694, 40.910813], [-74.571105, 40.910677], [-74.570532, 40.910565], [-74.57, 40.910484], [-74.569536, 40.910426], [-74.568973, 40.910372], [-74.568693, 40.910355], [-74.568144, 40.910329], [-74.567641, 40.910325], [-74.567482, 40.910327], [-74.567346, 40.910329], [-74.567326, 40.910329], [-74.567251, 40.910332], [-74.567055, 40.910107], [-74.56694, 40.909899], [-74.565974, 40.908415], [-74.566829, 40.907777], [-74.566757, 40.906587], [-74.567902, 40.904305], [-74.567918, 40.904288], [-74.568073, 40.904093], [-74.568143, 40.903642], [-74.568283, 40.903235], [-74.568325, 40.90275], [-74.56831, 40.902691], [-74.568107, 40.902522], [-74.568197, 40.902073], [-74.568342, 40.901843], [-74.568202, 40.901701], [-74.568175, 40.901499], [-74.568299, 40.901322], [-74.568332, 40.901044], [-74.568725, 40.900741], [-74.568348, 40.900555], [-74.568207, 40.90042], [-74.568185, 40.900329], [-74.568365, 40.899994], [-74.568253, 40.899559], [-74.568245, 40.89934], [-74.568286, 40.898997], [-74.568371, 40.898771], [-74.568553, 40.898564], [-74.569044, 40.898344], [-74.569124, 40.898265], [-74.56917, 40.897962], [-74.569162, 40.8978], [-74.569066, 40.897404], [-74.569066, 40.897146], [-74.569115, 40.896618], [-74.569127, 40.896508], [-74.569129, 40.896492], [-74.569149, 40.896324], [-74.569184, 40.896191], [-74.569224, 40.896091], [-74.569284, 40.895927], [-74.569428, 40.895548], [-74.56945, 40.895492], [-74.569461, 40.895446], [-74.569465, 40.895379], [-74.56946, 40.895328], [-74.569442, 40.895201], [-74.569418, 40.895098], [-74.569396, 40.895022], [-74.569382, 40.894992], [-74.569362, 40.894955], [-74.569346, 40.894938], [-74.569316, 40.894912], [-74.569277, 40.894889], [-74.569252, 40.894881], [-74.569199, 40.894863], [-74.569147, 40.89485], [-74.569093, 40.894832], [-74.56905, 40.89481], [-74.568984, 40.894768], [-74.568921, 40.894712], [-74.568866, 40.894646], [-74.568799, 40.894564], [-74.56876, 40.894477], [-74.568739, 40.894392], [-74.568722, 40.894321], [-74.568718, 40.894196], [-74.568733, 40.894158], [-74.568739, 40.894141], [-74.568848, 40.894106], [-74.568886, 40.894094], [-74.568952, 40.894073], [-74.568989, 40.894053], [-74.568999, 40.894047], [-74.569021, 40.894014], [-74.569034, 40.893942], [-74.569064, 40.893619], [-74.569068, 40.893554], [-74.569077, 40.893462], [-74.569098, 40.893419], [-74.569155, 40.893363], [-74.569172, 40.893346], [-74.569194, 40.893317], [-74.569211, 40.893282], [-74.56922, 40.893241], [-74.569228, 40.893192], [-74.569211, 40.893172], [-74.569198, 40.893153], [-74.569202, 40.893123], [-74.569203, 40.893111], [-74.569199, 40.893065], [-74.569186, 40.893031], [-74.569145, 40.892987], [-74.569112, 40.892939], [-74.56909, 40.892886], [-74.569079, 40.892834], [-74.569047, 40.892758], [-74.569036, 40.892711], [-74.569036, 40.892679], [-74.569036, 40.892642], [-74.569042, 40.892597], [-74.569047, 40.892563], [-74.569043, 40.892525], [-74.569019, 40.892481], [-74.568944, 40.89236], [-74.568923, 40.892328], [-74.568909, 40.892309], [-74.568887, 40.89229], [-74.568826, 40.892254], [-74.568816, 40.892068], [-74.569017, 40.891929], [-74.570353, 40.891009], [-74.571558, 40.890205], [-74.571696, 40.890113], [-74.572398, 40.889642], [-74.573249, 40.889072], [-74.574662, 40.888126], [-74.575634, 40.887476], [-74.576737, 40.886738], [-74.577298, 40.886362], [-74.577823, 40.886016], [-74.577967, 40.885039], [-74.578047, 40.884499], [-74.578781, 40.879504], [-74.579069, 40.877597], [-74.579458, 40.877177], [-74.584259, 40.871979], [-74.587226, 40.872555], [-74.591791, 40.873491], [-74.592679, 40.871895], [-74.59371, 40.868543], [-74.594516, 40.868749], [-74.59689, 40.869363], [-74.597006, 40.869176], [-74.597674, 40.867991], [-74.599189, 40.866919], [-74.599343, 40.865162], [-74.602228, 40.862596], [-74.602954, 40.86257], [-74.607394, 40.862414], [-74.611054, 40.8632], [-74.612777, 40.86357], [-74.617322, 40.864546], [-74.623642, 40.866831], [-74.623603, 40.86588], [-74.627868, 40.861459], [-74.627916, 40.861357], [-74.627935, 40.861317], [-74.628636, 40.860298], [-74.631404, 40.85774], [-74.632716, 40.855261], [-74.632481, 40.854308], [-74.634101, 40.850632], [-74.637697, 40.84752], [-74.637811, 40.846553], [-74.638951, 40.84636], [-74.640171, 40.843497], [-74.641223, 40.842922], [-74.641916, 40.841399], [-74.64485, 40.839763], [-74.645946, 40.837212], [-74.644708, 40.83659], [-74.644866, 40.835814], [-74.643259, 40.835276], [-74.640051, 40.834234], [-74.639422, 40.83403], [-74.63787, 40.833523], [-74.637372, 40.833367], [-74.628039, 40.830333], [-74.628044, 40.829142], [-74.628336, 40.829096], [-74.630617, 40.82489], [-74.629147, 40.823175], [-74.628262, 40.822052], [-74.625578, 40.820627], [-74.623797, 40.818486], [-74.623757, 40.816646], [-74.624771, 40.816245], [-74.624855, 40.815076], [-74.626343, 40.814617], [-74.628347, 40.811636], [-74.628201, 40.810523], [-74.629298, 40.808759], [-74.628738, 40.806901], [-74.630647, 40.80471], [-74.627098, 40.80542], [-74.613583, 40.807891], [-74.613303, 40.807941], [-74.610307, 40.808471], [-74.601971, 40.810011], [-74.600896, 40.810009], [-74.59596, 40.810943], [-74.590984, 40.811881], [-74.582621, 40.813461], [-74.577837, 40.814466], [-74.571585, 40.81562], [-74.572341, 40.81485], [-74.57117, 40.814478], [-74.571447, 40.813452], [-74.571857, 40.812702], [-74.571494, 40.811746], [-74.571841, 40.811757], [-74.571875, 40.811755], [-74.571915, 40.811743], [-74.571948, 40.811722], [-74.571969, 40.811693], [-74.571976, 40.811661], [-74.571804, 40.810671], [-74.571735, 40.810215], [-74.573241, 40.810067], [-74.572789, 40.808254], [-74.570582, 40.808737], [-74.570154, 40.809953], [-74.568645, 40.810931], [-74.566388, 40.809164], [-74.566659, 40.808164], [-74.565884, 40.806858], [-74.56638, 40.805706], [-74.576168, 40.805054], [-74.57736, 40.804873], [-74.576149, 40.804104], [-74.575417, 40.802907], [-74.575155, 40.800643], [-74.57291, 40.799768], [-74.571255, 40.797565], [-74.569152, 40.795728], [-74.568284, 40.794402], [-74.56692, 40.794858], [-74.564911, 40.794778], [-74.562294, 40.795773], [-74.56042, 40.795732], [-74.55737, 40.795987], [-74.557419, 40.797699], [-74.555182, 40.797617], [-74.55067, 40.796978], [-74.549546, 40.797735], [-74.550144, 40.800223], [-74.546396, 40.80062], [-74.542589, 40.801749], [-74.543809, 40.803678], [-74.547809, 40.80822], [-74.548154, 40.809128], [-74.547754, 40.809334], [-74.547668, 40.809391], [-74.544116, 40.809724], [-74.540571, 40.809297], [-74.539594, 40.810094], [-74.539592, 40.811294], [-74.538175, 40.81111], [-74.538223, 40.810855], [-74.539319, 40.804976], [-74.539364, 40.804733], [-74.539478, 40.804124], [-74.539501, 40.804005], [-74.539932, 40.801695], [-74.540026, 40.801186], [-74.541849, 40.791418], [-74.541953, 40.791414], [-74.542032, 40.7914], [-74.542108, 40.791379], [-74.542151, 40.79137], [-74.542187, 40.791363], [-74.54226, 40.791342], [-74.542315, 40.791297], [-74.542382, 40.791184], [-74.542459, 40.791078], [-74.542562, 40.790984], [-74.542631, 40.790953], [-74.542704, 40.790929], [-74.542757, 40.790882], [-74.542766, 40.790821], [-74.542757, 40.7907], [-74.542744, 40.790639], [-74.542735, 40.790518], [-74.542725, 40.790457], [-74.542637, 40.790354], [-74.542601, 40.790295], [-74.54254, 40.790407], [-74.542514, 40.790527], [-74.542459, 40.790572], [-74.542386, 40.790596], [-74.542306, 40.790599], [-74.542181, 40.790615], [-74.542147, 40.79062], [-74.541991, 40.79065], [-74.542214, 40.78945], [-74.542232, 40.789355], [-74.544761, 40.775848], [-74.546755, 40.765184], [-74.54699, 40.763927], [-74.549051, 40.752957], [-74.550095, 40.747327], [-74.550037, 40.747266], [-74.548711, 40.746119], [-74.549408, 40.745018], [-74.549402, 40.743114], [-74.548777, 40.742164], [-74.549005, 40.740935], [-74.548424, 40.740047], [-74.548241, 40.738754], [-74.547759, 40.738165], [-74.54813, 40.737913], [-74.547805, 40.737576], [-74.547676, 40.736987], [-74.548023, 40.736829], [-74.548661, 40.736157], [-74.548507, 40.735834], [-74.549409, 40.734425], [-74.549326, 40.733827], [-74.548403, 40.733739], [-74.547846, 40.733884], [-74.547307, 40.733783], [-74.546711, 40.733908], [-74.546379, 40.73413], [-74.545851, 40.734172], [-74.545253, 40.734048], [-74.544813, 40.734109], [-74.543568, 40.734578], [-74.543381, 40.734368], [-74.543146, 40.734168], [-74.54097, 40.733519], [-74.540429, 40.73382], [-74.539913, 40.733729], [-74.537984, 40.732118], [-74.537312, 40.731929], [-74.534466, 40.730315], [-74.530893, 40.729854], [-74.530761, 40.727725], [-74.529494, 40.726862], [-74.530261, 40.725376], [-74.531505, 40.721267], [-74.531496, 40.721216], [-74.531228, 40.719683], [-74.528807, 40.719123], [-74.528763, 40.717642], [-74.526072, 40.715791], [-74.524118, 40.715643], [-74.524187, 40.713374], [-74.526809, 40.710933], [-74.526039, 40.709331], [-74.523627, 40.708426], [-74.522025, 40.708684], [-74.519901, 40.707152], [-74.51972, 40.706421], [-74.517993, 40.705652], [-74.517896, 40.705573], [-74.517809, 40.705064], [-74.517642, 40.704802], [-74.517607, 40.704701], [-74.517604, 40.704342], [-74.517551, 40.704265], [-74.517287, 40.704059], [-74.517245, 40.703781], [-74.517024, 40.703623], [-74.516623, 40.703509], [-74.516535, 40.703386], [-74.516588, 40.703266], [-74.516805, 40.703088], [-74.516766, 40.702937], [-74.516565, 40.702818], [-74.516554, 40.702656], [-74.516774, 40.702444], [-74.516826, 40.702324], [-74.51679, 40.702158], [-74.516601, 40.702098], [-74.516435, 40.702109], [-74.515814, 40.702296], [-74.515463, 40.702343], [-74.515176, 40.702139], [-74.514904, 40.702057], [-74.514682, 40.701909], [-74.514399, 40.70144], [-74.514183, 40.701291], [-74.513897, 40.701136], [-74.513868, 40.700983], [-74.513971, 40.700877], [-74.514292, 40.700901], [-74.514371, 40.700734], [-74.514356, 40.700458], [-74.514448, 40.700186], [-74.514397, 40.700049], [-74.514243, 40.699982], [-74.514046, 40.700028], [-74.513872, 40.700013], [-74.51375, 40.699852], [-74.513786, 40.69962], [-74.51342, 40.699469], [-74.51348, 40.699341], [-74.513789, 40.699264], [-74.513972, 40.699127], [-74.513975, 40.698947], [-74.513852, 40.698764], [-74.513683, 40.698617], [-74.513694, 40.698523], [-74.513857, 40.698393], [-74.513895, 40.698224], [-74.513748, 40.697888], [-74.513717, 40.69775], [-74.513594, 40.697786], [-74.510639, 40.698642], [-74.509653, 40.698928], [-74.508828, 40.699166], [-74.504531, 40.700411], [-74.502651, 40.700956], [-74.499414, 40.701893], [-74.483316, 40.706551], [-74.47739, 40.70835], [-74.476117, 40.708762], [-74.459605, 40.714107], [-74.450272, 40.717126], [-74.449449, 40.717392], [-74.449367, 40.716976], [-74.448509, 40.71267], [-74.446402, 40.70208], [-74.445765, 40.698881], [-74.445447, 40.697162], [-74.445215, 40.695905], [-74.444773, 40.693516], [-74.444612, 40.692639], [-74.444456, 40.691793], [-74.44387, 40.688629], [-74.443846, 40.688499], [-74.443775, 40.688109], [-74.443762, 40.688038], [-74.442354, 40.688718], [-74.441362, 40.689467], [-74.440596, 40.689673], [-74.439638, 40.6897], [-74.439151, 40.689757], [-74.438871, 40.689834], [-74.438521, 40.689967], [-74.438128, 40.690195], [-74.437968, 40.690337], [-74.437784, 40.690617], [-74.437737, 40.690863], [-74.437769, 40.691019], [-74.437896, 40.691305], [-74.43797, 40.691641], [-74.437961, 40.691804], [-74.437892, 40.691916], [-74.437716, 40.692041], [-74.4375, 40.692142], [-74.436925, 40.692281], [-74.436295, 40.692372], [-74.436036, 40.6925], [-74.435776, 40.69269], [-74.435601, 40.692926], [-74.434973, 40.693323], [-74.434805, 40.693458], [-74.434548, 40.693562], [-74.434255, 40.693585], [-74.434085, 40.693568], [-74.433699, 40.693472], [-74.433091, 40.693321], [-74.432855, 40.693231], [-74.432395, 40.692997], [-74.432012, 40.692951], [-74.431773, 40.692985], [-74.431303, 40.693146], [-74.430897, 40.693336], [-74.430515, 40.693656], [-74.430427, 40.693885], [-74.430421, 40.694349], [-74.430382, 40.694658], [-74.430359, 40.695198], [-74.430303, 40.695712], [-74.430323, 40.696006], [-74.430231, 40.696311], [-74.430026, 40.696575], [-74.429666, 40.696903], [-74.429612, 40.697108], [-74.429743, 40.697363], [-74.429965, 40.69753], [-74.430078, 40.697762], [-74.430004, 40.698021], [-74.429615, 40.69838], [-74.429443, 40.698586], [-74.429135, 40.698817], [-74.428737, 40.698992], [-74.428573, 40.699115], [-74.4284, 40.699253], [-74.428256, 40.699426], [-74.42788, 40.699674], [-74.42755, 40.699971], [-74.427087, 40.700602], [-74.426942, 40.700897], [-74.426868, 40.701294], [-74.426929, 40.701616], [-74.426912, 40.70172], [-74.426895, 40.701771], [-74.426814, 40.701845], [-74.426739, 40.70187], [-74.426615, 40.701896], [-74.426517, 40.701908], [-74.426396, 40.701907], [-74.426136, 40.701881], [-74.425866, 40.701843], [-74.425524, 40.701789], [-74.425319, 40.701779], [-74.4252, 40.70178], [-74.425015, 40.701799], [-74.424866, 40.701842], [-74.424768, 40.701888], [-74.424661, 40.701967], [-74.424501, 40.70214], [-74.424339, 40.702337], [-74.424242, 40.70249], [-74.424164, 40.70263], [-74.424115, 40.702693], [-74.424037, 40.702769], [-74.423903, 40.70286], [-74.423708, 40.702964], [-74.423511, 40.703049], [-74.423323, 40.703095], [-74.423206, 40.703118], [-74.42296, 40.70315], [-74.422798, 40.703167], [-74.422668, 40.703172], [-74.422534, 40.703168], [-74.422381, 40.703154], [-74.422109, 40.70311], [-74.421965, 40.7031], [-74.42182, 40.703109], [-74.421709, 40.703132], [-74.421508, 40.703193], [-74.421358, 40.70327], [-74.421263, 40.703335], [-74.420978, 40.703501], [-74.420855, 40.703566], [-74.420663, 40.703698], [-74.420345, 40.703896], [-74.420157, 40.704062], [-74.419962, 40.704224], [-74.419841, 40.704312], [-74.419598, 40.704453], [-74.419361, 40.704572], [-74.419072, 40.704709], [-74.418917, 40.704797], [-74.418768, 40.704898], [-74.418648, 40.705004], [-74.418477, 40.705137], [-74.418366, 40.705202], [-74.418231, 40.705254], [-74.418137, 40.705282], [-74.417616, 40.705406], [-74.417362, 40.705454], [-74.417041, 40.705468], [-74.416952, 40.705465], [-74.416722, 40.705429], [-74.416503, 40.70541], [-74.41634, 40.705421], [-74.416103, 40.705471], [-74.41575, 40.705566], [-74.41565, 40.705614], [-74.415445, 40.705739], [-74.415083, 40.705952], [-74.414798, 40.706116], [-74.414682, 40.706202], [-74.414565, 40.706353], [-74.414453, 40.706579], [-74.41437, 40.706712], [-74.414286, 40.706796], [-74.414134, 40.706915], [-74.413939, 40.707128], [-74.413848, 40.707271], [-74.413809, 40.707379], [-74.41378, 40.707542], [-74.413764, 40.70775], [-74.413801, 40.707822], [-74.413936, 40.708075], [-74.413923, 40.7083], [-74.413693, 40.708632], [-74.413529, 40.708789], [-74.413416, 40.708969], [-74.413201, 40.70981], [-74.412562, 40.710244], [-74.411855, 40.71036], [-74.410487, 40.70948], [-74.409229, 40.709719], [-74.408503, 40.710089], [-74.408486, 40.710106], [-74.408445, 40.710163], [-74.408413, 40.710209], [-74.408364, 40.710294], [-74.408339, 40.710343], [-74.408305, 40.710462], [-74.408267, 40.710602], [-74.408237, 40.71075], [-74.40822, 40.710835], [-74.408197, 40.710953], [-74.40817, 40.711028], [-74.40816, 40.711053], [-74.408106, 40.711149], [-74.408085, 40.711179], [-74.40806, 40.711215], [-74.408042, 40.711241], [-74.407945, 40.71138], [-74.407907, 40.711429], [-74.40786, 40.711492], [-74.407753, 40.711603], [-74.40769, 40.71166], [-74.407622, 40.711743], [-74.407591, 40.711786], [-74.407577, 40.711806], [-74.407557, 40.711833], [-74.407521, 40.711938], [-74.407513, 40.712008], [-74.407527, 40.712093], [-74.407557, 40.712156], [-74.407572, 40.712181], [-74.407627, 40.71227], [-74.407657, 40.712327], [-74.407685, 40.712383], [-74.407728, 40.712486], [-74.407742, 40.712549], [-74.407748, 40.712611], [-74.407744, 40.71267], [-74.407734, 40.712785], [-74.407713, 40.712871], [-74.407702, 40.712917], [-74.407668, 40.713022], [-74.407637, 40.713084], [-74.407604, 40.713134], [-74.407531, 40.713221], [-74.407528, 40.713232], [-74.407504, 40.713263], [-74.407483, 40.71328], [-74.407335, 40.713424], [-74.406294, 40.714356], [-74.40568, 40.714718], [-74.405044, 40.714923], [-74.404291, 40.715433], [-74.40376, 40.715989], [-74.403491, 40.716607], [-74.402708, 40.717609], [-74.402323, 40.717984], [-74.401912, 40.718123], [-74.400864, 40.718128], [-74.399833, 40.717808], [-74.399279, 40.717684], [-74.398518, 40.717853], [-74.397773, 40.717816], [-74.396157, 40.717242], [-74.394831, 40.717353], [-74.394262, 40.717516], [-74.393468, 40.71796], [-74.391408, 40.71811], [-74.390991, 40.718197], [-74.39074, 40.718522], [-74.391021, 40.719208], [-74.39083, 40.719786], [-74.390904, 40.720327], [-74.391207, 40.721316], [-74.390905, 40.722553], [-74.391097, 40.723619], [-74.391045, 40.724518], [-74.390776, 40.725388], [-74.390127, 40.726013], [-74.389748, 40.726109], [-74.388169, 40.726237], [-74.386905, 40.725731], [-74.385862, 40.7247], [-74.385133, 40.724314], [-74.384387, 40.724414], [-74.383749, 40.725004], [-74.381466, 40.726646], [-74.380314, 40.727561], [-74.379317, 40.728504], [-74.379186, 40.728961], [-74.378898, 40.729292], [-74.378648, 40.729458], [-74.378286, 40.729581], [-74.377595, 40.729876], [-74.377469, 40.730044], [-74.37752, 40.730182], [-74.377649, 40.730334], [-74.37811, 40.730744], [-74.378294, 40.731037], [-74.378767, 40.731663], [-74.379009, 40.731868], [-74.379323, 40.732095], [-74.379724, 40.73245], [-74.379982, 40.732783], [-74.380065, 40.733242], [-74.380082, 40.733478], [-74.379995, 40.733734], [-74.379731, 40.733983], [-74.379493, 40.734112], [-74.379187, 40.73418], [-74.378253, 40.734279], [-74.377747, 40.734348], [-74.377552, 40.734326], [-74.376219, 40.734042], [-74.375, 40.733534], [-74.374099, 40.733593], [-74.372005, 40.734075], [-74.371127, 40.73458], [-74.370808, 40.735362], [-74.370662, 40.736067], [-74.371032, 40.736789], [-74.371391, 40.737962], [-74.371561, 40.739218], [-74.371738, 40.73964], [-74.371631, 40.739632], [-74.369273, 40.739394], [-74.368675, 40.738995], [-74.36855, 40.739007], [-74.368026, 40.73869], [-74.367566, 40.738473], [-74.36735, 40.738371], [-74.36724, 40.738341], [-74.366471, 40.737977], [-74.366261, 40.737922], [-74.365785, 40.737796], [-74.365485, 40.737717], [-74.36524, 40.737653], [-74.364204, 40.737412], [-74.358939, 40.735975], [-74.356407, 40.734876], [-74.35634, 40.73501], [-74.355981, 40.734631], [-74.355382, 40.733988], [-74.354215, 40.733174], [-74.350371, 40.731157], [-74.349724, 40.730817], [-74.348663, 40.730221], [-74.345436, 40.727428], [-74.342377, 40.724998], [-74.341032, 40.72431], [-74.340787, 40.724234], [-74.340549, 40.724153], [-74.340344, 40.724071], [-74.340153, 40.723979], [-74.339884, 40.723917], [-74.338681, 40.723404], [-74.335495, 40.721832], [-74.335207, 40.721684], [-74.334897, 40.721525], [-74.33236, 40.72032], [-74.332214, 40.720243], [-74.332175, 40.720222], [-74.332088, 40.720176], [-74.331905, 40.720079], [-74.331735, 40.719989], [-74.331697, 40.719975], [-74.331432, 40.719841], [-74.331105, 40.719676], [-74.330334, 40.719295], [-74.326686, 40.71759], [-74.3263, 40.717408], [-74.326218, 40.717369], [-74.326108, 40.717317], [-74.325885, 40.717212], [-74.325861, 40.7172], [-74.325596, 40.717075], [-74.325542, 40.717099], [-74.324619, 40.71754], [-74.322519, 40.718542], [-74.321408, 40.719072], [-74.318611, 40.719175], [-74.316281, 40.719264], [-74.315251, 40.718648], [-74.312842, 40.717401], [-74.312822, 40.716973], [-74.311405, 40.71567], [-74.309572, 40.715175], [-74.308725, 40.714334], [-74.308411, 40.714253], [-74.306191, 40.713736], [-74.30563, 40.713565], [-74.304857, 40.713388], [-74.30403, 40.713283], [-74.303987, 40.713269], [-74.303876, 40.713254], [-74.303827, 40.713243], [-74.303711, 40.713222], [-74.303523, 40.713188], [-74.303285, 40.713253], [-74.302836, 40.713376], [-74.301925, 40.713625], [-74.301695, 40.713643], [-74.301308, 40.713498], [-74.300721, 40.713718], [-74.300041, 40.713995], [-74.29988, 40.714061], [-74.297212, 40.715189], [-74.297215, 40.715218], [-74.297245, 40.715532], [-74.296504, 40.71658], [-74.294617, 40.71752], [-74.293567, 40.719355], [-74.29406, 40.719486], [-74.292579, 40.720903], [-74.290351, 40.721198], [-74.285187, 40.722152], [-74.283771, 40.721692], [-74.283636, 40.721647], [-74.281937, 40.721097], [-74.28184, 40.721065], [-74.280975, 40.720778], [-74.280167, 40.720519], [-74.279417, 40.720277], [-74.278581, 40.720001], [-74.277133, 40.719582], [-74.276661, 40.719448], [-74.275788, 40.719201], [-74.275141, 40.719008], [-74.27461, 40.718864], [-74.273961, 40.718672], [-74.273648, 40.718585], [-74.272897, 40.71838], [-74.271968, 40.718107], [-74.271914, 40.718093], [-74.271842, 40.718071], [-74.270662, 40.717735], [-74.269487, 40.717403], [-74.268957, 40.717247], [-74.267924, 40.716955], [-74.266895, 40.716653], [-74.262187, 40.715253], [-74.259903, 40.714576], [-74.259029, 40.714316], [-74.258129, 40.714048], [-74.257933, 40.713989], [-74.256022, 40.713418], [-74.255354, 40.713673], [-74.252815, 40.715259], [-74.252179, 40.716918], [-74.251399, 40.718929], [-74.250213, 40.722287], [-74.24962, 40.723492], [-74.247809, 40.726193], [-74.246695, 40.727725], [-74.246194, 40.727638], [-74.24597, 40.728346], [-74.245847, 40.728313], [-74.245375, 40.728913], [-74.244604, 40.729947], [-74.244082, 40.730648], [-74.243659, 40.730339], [-74.243448, 40.730748], [-74.24354, 40.732107], [-74.244378, 40.732956], [-74.244369, 40.733307], [-74.245348, 40.733569], [-74.246282, 40.733811], [-74.248151, 40.734286], [-74.24865, 40.734403], [-74.249645, 40.734804], [-74.250121, 40.735207], [-74.25023, 40.735308], [-74.25079, 40.735882], [-74.251123, 40.736581], [-74.251324, 40.737375], [-74.251361, 40.737534], [-74.249752, 40.738672], [-74.248368, 40.739651], [-74.248056, 40.739887], [-74.245901, 40.740948], [-74.245052, 40.740528], [-74.244164, 40.741458], [-74.243914, 40.741738], [-74.240608, 40.74056], [-74.240426, 40.740845], [-74.238969, 40.742427], [-74.238914, 40.743497], [-74.2379, 40.744988], [-74.236861, 40.745547], [-74.23703, 40.745546], [-74.235903, 40.74889], [-74.235741, 40.748866], [-74.235496, 40.749542], [-74.235188, 40.750219], [-74.234671, 40.750556], [-74.238152, 40.752243], [-74.238229, 40.752288], [-74.239272, 40.752902], [-74.239769, 40.752389], [-74.24016, 40.751922], [-74.243112, 40.75348], [-74.244225, 40.754017], [-74.245977, 40.754659], [-74.247452, 40.755209], [-74.247761, 40.755322], [-74.249973, 40.756149], [-74.250983, 40.75652], [-74.251872, 40.756852], [-74.252675, 40.757149], [-74.253821, 40.757568], [-74.255324, 40.758119], [-74.256092, 40.758405], [-74.257007, 40.758752], [-74.258997, 40.7595], [-74.260467, 40.759978], [-74.261665, 40.760332], [-74.263226, 40.760792], [-74.264778, 40.7613], [-74.265645, 40.761585], [-74.267562, 40.762215], [-74.267829, 40.762303], [-74.275038, 40.760785], [-74.276819, 40.76041], [-74.288421, 40.757869], [-74.290214, 40.757477], [-74.291734, 40.75752], [-74.293758, 40.757577], [-74.295619, 40.757631], [-74.298149, 40.757778], [-74.300095, 40.757807], [-74.302191, 40.757838], [-74.304721, 40.757876], [-74.304055, 40.759355], [-74.303505, 40.760578], [-74.302967, 40.761773], [-74.300058, 40.768069], [-74.299142, 40.770039], [-74.298371, 40.77164], [-74.294641, 40.779135], [-74.294388, 40.77964], [-74.292367, 40.783724], [-74.288862, 40.790756], [-74.287095, 40.794304], [-74.287036, 40.79442], [-74.285283, 40.797631], [-74.285029, 40.798112], [-74.284636, 40.798852], [-74.282372, 40.803285], [-74.282267, 40.803509], [-74.280584, 40.806738], [-74.279568, 40.808652], [-74.279107, 40.809519], [-74.278952, 40.809818], [-74.277628, 40.81231], [-74.277382, 40.812771], [-74.27723, 40.813059], [-74.276654, 40.814134], [-74.276426, 40.814568], [-74.277561, 40.814843], [-74.277907, 40.815113], [-74.278212, 40.815349], [-74.279905, 40.817943], [-74.282334, 40.81779], [-74.28247, 40.817804], [-74.283415, 40.817815], [-74.283718, 40.817812], [-74.284706, 40.817852], [-74.285038, 40.817856], [-74.284946, 40.819181], [-74.287361, 40.820035], [-74.288087, 40.820919], [-74.289314, 40.821768], [-74.288578, 40.822404], [-74.291455, 40.823884], [-74.290335, 40.824978], [-74.292618, 40.8268], [-74.294527, 40.827774], [-74.298732, 40.831359], [-74.300225, 40.832486], [-74.299459, 40.833146], [-74.29712, 40.833309], [-74.294442, 40.833617], [-74.290891, 40.833631], [-74.289146, 40.83422], [-74.288903, 40.8343], [-74.287858, 40.834413], [-74.289511, 40.835194], [-74.290823, 40.834266], [-74.293516, 40.833972], [-74.291324, 40.83869], [-74.289773, 40.838562], [-74.289659, 40.838554], [-74.289397, 40.838539], [-74.288271, 40.838749], [-74.289129, 40.839278], [-74.28775, 40.840451], [-74.289807, 40.841349], [-74.290622, 40.841783], [-74.290255, 40.842202], [-74.287131, 40.845729], [-74.286298, 40.845583], [-74.285213, 40.847027], [-74.28417, 40.84727], [-74.283853, 40.847344], [-74.281867, 40.847805], [-74.279576, 40.847856], [-74.276844, 40.846309], [-74.276414, 40.846786], [-74.275817, 40.847477], [-74.275696, 40.847665], [-74.275432, 40.847902], [-74.275202, 40.847781], [-74.274161, 40.847235], [-74.273517, 40.846898], [-74.273758, 40.846434], [-74.273954, 40.84604], [-74.274341, 40.845261], [-74.274409, 40.845122], [-74.274617, 40.844704], [-74.271078, 40.843637], [-74.27021, 40.842947], [-74.269261, 40.842197], [-74.268195, 40.842297], [-74.267797, 40.842334], [-74.267091, 40.841591], [-74.266252, 40.840719], [-74.265867, 40.840436], [-74.264359, 40.839869], [-74.264565, 40.839326], [-74.263062, 40.838761], [-74.263101, 40.83809], [-74.263184, 40.835907], [-74.26361, 40.83517], [-74.259805, 40.834876], [-74.259755, 40.835473], [-74.257684, 40.837233], [-74.256861, 40.840489], [-74.256271, 40.841006], [-74.254393, 40.84418], [-74.251602, 40.849623], [-74.245392, 40.847926], [-74.240992, 40.846707], [-74.236359, 40.845391], [-74.236328, 40.845444], [-74.235279, 40.845066], [-74.2334, 40.844389], [-74.233137, 40.843854], [-74.234237, 40.841479], [-74.235053, 40.839718], [-74.236279, 40.837019], [-74.236592, 40.836326], [-74.236759, 40.835955], [-74.236114, 40.835774], [-74.233263, 40.834973], [-74.22991, 40.834032], [-74.22738, 40.833321], [-74.227257, 40.833796], [-74.227204, 40.833934], [-74.227067, 40.836192], [-74.223509, 40.835368], [-74.220433, 40.834183], [-74.221258, 40.831753], [-74.222209, 40.830877], [-74.226312, 40.82737], [-74.226322, 40.827276], [-74.226331, 40.827196], [-74.226354, 40.827129], [-74.226424, 40.826927], [-74.226453, 40.826844], [-74.226482, 40.826864], [-74.226893, 40.827144], [-74.226983, 40.827206], [-74.228791, 40.825658], [-74.22791, 40.825047], [-74.227928, 40.824939], [-74.22795, 40.8248], [-74.229219, 40.822199], [-74.229146, 40.820869], [-74.22913, 40.819943], [-74.232294, 40.814329], [-74.232814, 40.812861], [-74.234334, 40.812262], [-74.234785, 40.81074], [-74.235497, 40.809078], [-74.23594, 40.80782], [-74.236042, 40.807626], [-74.236716, 40.806713], [-74.23692, 40.806319], [-74.237729, 40.803527], [-74.23729, 40.803153], [-74.23644, 40.802438], [-74.234499, 40.800827], [-74.230679, 40.797749], [-74.229481, 40.796793], [-74.228173, 40.795724], [-74.226772, 40.794579], [-74.226656, 40.794882], [-74.228093, 40.795793], [-74.227468, 40.796487], [-74.227181, 40.79696], [-74.227073, 40.797187], [-74.22677, 40.797852], [-74.22506, 40.797356], [-74.224538, 40.798137], [-74.226452, 40.798549], [-74.226126, 40.799315], [-74.224216, 40.798759], [-74.223851, 40.799464], [-74.222603, 40.799086], [-74.220825, 40.801965], [-74.218817, 40.802008], [-74.219308, 40.802893], [-74.218591, 40.803865], [-74.217198, 40.802899], [-74.215407, 40.804716], [-74.216824, 40.805945], [-74.215864, 40.807114], [-74.216924, 40.807856], [-74.215264, 40.809584], [-74.213989, 40.811006], [-74.215388, 40.812184], [-74.214516, 40.81322], [-74.215752, 40.813639], [-74.213681, 40.815898], [-74.212693, 40.815315], [-74.211842, 40.81616], [-74.210958, 40.817037], [-74.211372, 40.817297], [-74.210665, 40.81804], [-74.210753, 40.818089], [-74.211754, 40.818644], [-74.211274, 40.819348], [-74.212181, 40.820307], [-74.211208, 40.821511], [-74.208228, 40.825291], [-74.207811, 40.825478], [-74.209004, 40.820492], [-74.209972, 40.82094], [-74.210381, 40.820427], [-74.210846, 40.819851], [-74.209598, 40.819277], [-74.209738, 40.81859], [-74.209933, 40.817634], [-74.20964, 40.817421], [-74.209468, 40.81609], [-74.208697, 40.814461], [-74.207988, 40.815153], [-74.205821, 40.813961], [-74.207086, 40.812416], [-74.20745, 40.811954], [-74.207163, 40.811551], [-74.205785, 40.810015], [-74.205674, 40.80992], [-74.206086, 40.808526], [-74.206524, 40.808509], [-74.207197, 40.807332], [-74.20831, 40.805496], [-74.208831, 40.804602], [-74.208935, 40.804422], [-74.209994, 40.802607], [-74.210997, 40.800924], [-74.211312, 40.800394], [-74.21167, 40.799795], [-74.213607, 40.796474], [-74.213731, 40.79627], [-74.214579, 40.794872], [-74.217991, 40.789204], [-74.218528, 40.788213], [-74.217396, 40.787786], [-74.216426, 40.787418], [-74.215686, 40.787139], [-74.214864, 40.786832], [-74.212572, 40.785965], [-74.211853, 40.785694], [-74.21146, 40.785545], [-74.210573, 40.78521], [-74.20926, 40.784714], [-74.208292, 40.784349], [-74.206582, 40.783704], [-74.20581, 40.783412], [-74.204739, 40.783007], [-74.203704, 40.782616], [-74.201622, 40.78183], [-74.201563, 40.781808], [-74.201516, 40.78179], [-74.201446, 40.781712], [-74.201189, 40.781425], [-74.201002, 40.781217], [-74.200355, 40.780491], [-74.200112, 40.780217], [-74.1975, 40.777297], [-74.197022, 40.776763], [-74.196823, 40.776541], [-74.196363, 40.776112], [-74.195587, 40.775153], [-74.195036, 40.774537], [-74.194205, 40.773612], [-74.193414, 40.772725], [-74.192761, 40.771995], [-74.192105, 40.77126], [-74.191978, 40.77112], [-74.191377, 40.770449], [-74.190746, 40.76974], [-74.190067, 40.768976], [-74.189759, 40.768634], [-74.189454, 40.768277], [-74.18875, 40.769884], [-74.187904, 40.771987], [-74.187283, 40.773504], [-74.187079, 40.774004], [-74.186867, 40.774522], [-74.186848, 40.774571], [-74.186801, 40.774555], [-74.186763, 40.774529], [-74.186735, 40.774497], [-74.186721, 40.774464], [-74.18671, 40.774485], [-74.186357, 40.774625], [-74.186256, 40.774665], [-74.186232, 40.77463], [-74.186218, 40.774609], [-74.186202, 40.774587], [-74.186172, 40.774544], [-74.185654, 40.774722], [-74.184341, 40.775154], [-74.184086, 40.775644], [-74.184012, 40.775631], [-74.183683, 40.775527], [-74.183467, 40.775944], [-74.182792, 40.776195], [-74.182775, 40.776221], [-74.182458, 40.776831], [-74.182149, 40.776737], [-74.182035, 40.776701], [-74.180282, 40.777672], [-74.179715, 40.777192], [-74.178979, 40.777395], [-74.178795, 40.777747], [-74.178597, 40.777687], [-74.178399, 40.777628], [-74.178205, 40.777569], [-74.177754, 40.777434], [-74.177656, 40.777624], [-74.177555, 40.777826], [-74.176992, 40.778905], [-74.176975, 40.779867], [-74.176877, 40.780973], [-74.177733, 40.781466], [-74.177479, 40.782221], [-74.176954, 40.783441], [-74.175201, 40.785159], [-74.174871, 40.785504], [-74.17476, 40.785607], [-74.174032, 40.786902], [-74.171803, 40.788142], [-74.17179, 40.788146], [-74.171776, 40.788155], [-74.171752, 40.788173], [-74.171658, 40.788235], [-74.171568, 40.788267], [-74.171549, 40.788249], [-74.17154, 40.788239], [-74.171339, 40.788129], [-74.171181, 40.788043], [-74.170804, 40.787612], [-74.170321, 40.787189], [-74.170109, 40.787082], [-74.169923, 40.787033], [-74.16983, 40.787009], [-74.166139, 40.78673], [-74.164948, 40.786053], [-74.161281, 40.784179], [-74.159163, 40.783109], [-74.154515, 40.781286], [-74.153358, 40.780815], [-74.151001, 40.780294], [-74.149082, 40.779919], [-74.148893, 40.77994], [-74.148342, 40.779885], [-74.148516, 40.784164], [-74.147529, 40.786491], [-74.145295, 40.78975], [-74.143139, 40.792138], [-74.142977, 40.792291], [-74.140868, 40.795046], [-74.139424, 40.796998], [-74.138264, 40.798354], [-74.138194, 40.800658], [-74.13906, 40.802291], [-74.139593, 40.805322], [-74.139575, 40.805409], [-74.138813, 40.807186], [-74.138483, 40.81103], [-74.138474, 40.813259], [-74.137825, 40.815197], [-74.137236, 40.816837], [-74.137005, 40.817337], [-74.136353, 40.818078], [-74.133377, 40.819163], [-74.131542, 40.819619], [-74.130016, 40.819938], [-74.130508, 40.820321], [-74.130795, 40.820477], [-74.130932, 40.820554], [-74.134904, 40.82273], [-74.139573, 40.825285], [-74.140694, 40.825903], [-74.142379, 40.826824], [-74.144009, 40.827715], [-74.145196, 40.82836], [-74.147141, 40.829425], [-74.148146, 40.829971], [-74.149232, 40.830547], [-74.150247, 40.831112], [-74.151233, 40.831662], [-74.151948, 40.831997], [-74.157483, 40.834998], [-74.158508, 40.835559], [-74.162666, 40.837808], [-74.163093, 40.838044], [-74.168591, 40.841039], [-74.172527, 40.843191], [-74.172853, 40.84337], [-74.179023, 40.846751], [-74.179403, 40.846972], [-74.179903, 40.847261], [-74.181195, 40.847959], [-74.182662, 40.848784], [-74.18534, 40.850228], [-74.187316, 40.851337], [-74.191443, 40.853588], [-74.192344, 40.854072], [-74.19524, 40.855629], [-74.197872, 40.857053], [-74.196999, 40.859464], [-74.194888, 40.863024], [-74.194021, 40.865173], [-74.193808, 40.868495], [-74.193747, 40.868578], [-74.193714, 40.868626], [-74.191695, 40.871302], [-74.19127, 40.871849], [-74.191189, 40.871952], [-74.1908, 40.872453], [-74.190721, 40.87257], [-74.190428, 40.873002], [-74.189829, 40.873886], [-74.189396, 40.874526], [-74.188771, 40.874963], [-74.188596, 40.875064], [-74.188331, 40.8752], [-74.188104, 40.875371], [-74.186503, 40.87664], [-74.186395, 40.876735], [-74.186307, 40.876811], [-74.186244, 40.876959], [-74.186201, 40.877061], [-74.186144, 40.877197], [-74.186124, 40.877244], [-74.18602, 40.877491], [-74.185901, 40.877773], [-74.1858, 40.878011], [-74.185712, 40.878155], [-74.185641, 40.878271], [-74.185576, 40.878377], [-74.185469, 40.878551], [-74.185167, 40.879042], [-74.184439, 40.880193], [-74.182413, 40.883467], [-74.181817, 40.883817], [-74.180613, 40.884908], [-74.179591, 40.887288], [-74.17926, 40.890017], [-74.178541, 40.892393], [-74.177177, 40.894012], [-74.177071, 40.89563], [-74.174548, 40.899472], [-74.17477, 40.901532], [-74.179441, 40.902899], [-74.181241, 40.903424], [-74.186533, 40.904883], [-74.188879, 40.905589], [-74.189208, 40.905681], [-74.19014, 40.905946], [-74.191926, 40.906469], [-74.193797, 40.907007], [-74.194729, 40.907286], [-74.195333, 40.907524], [-74.195548, 40.907578], [-74.195677, 40.907639], [-74.196011, 40.907881], [-74.196311, 40.908215], [-74.197687, 40.909406], [-74.200191, 40.911696], [-74.202106, 40.913397], [-74.204196, 40.915224], [-74.206065, 40.916888], [-74.206136, 40.916953], [-74.205562, 40.917557], [-74.20502, 40.918128], [-74.204425, 40.918754], [-74.203318, 40.919921], [-74.202744, 40.920531], [-74.202188, 40.921111], [-74.201612, 40.921717], [-74.201051, 40.922309], [-74.200475, 40.922915], [-74.199917, 40.923503], [-74.199345, 40.924106], [-74.198613, 40.924874], [-74.198877, 40.924748], [-74.201499, 40.92333], [-74.202618, 40.923771], [-74.202709, 40.923846], [-74.202847, 40.923957], [-74.202945, 40.924037], [-74.203045, 40.924127], [-74.203142, 40.924214], [-74.203214, 40.9243], [-74.203293, 40.924405], [-74.203329, 40.924459], [-74.203409, 40.92458], [-74.203505, 40.924723], [-74.203555, 40.924788], [-74.203573, 40.924812], [-74.203678, 40.92495], [-74.202042, 40.926466], [-74.200838, 40.92886], [-74.200099, 40.931549], [-74.199472, 40.932146], [-74.195802, 40.935509], [-74.196017, 40.938867], [-74.196148, 40.940633], [-74.196403, 40.94647], [-74.196883, 40.955162], [-74.198028, 40.956488], [-74.199564, 40.955343], [-74.19888, 40.95466], [-74.199802, 40.954106], [-74.200381, 40.95227], [-74.201809, 40.952253], [-74.201675, 40.95004], [-74.204559, 40.95005], [-74.206009, 40.950634], [-74.208992, 40.950233], [-74.210139, 40.951556], [-74.211474, 40.952919], [-74.214012, 40.95393], [-74.219827, 40.955784], [-74.222566, 40.956994], [-74.22482, 40.958112], [-74.225624, 40.958324], [-74.229401, 40.958777], [-74.231124, 40.959027], [-74.231732, 40.959099], [-74.235299, 40.959586], [-74.240512, 40.960328], [-74.244203, 40.960907], [-74.247015, 40.961267], [-74.248945, 40.961804], [-74.250286, 40.962348], [-74.252755, 40.96337], [-74.253047, 40.963058], [-74.253312, 40.962969], [-74.255991, 40.963831], [-74.254698, 40.964776], [-74.255164, 40.965173], [-74.255455, 40.964978], [-74.25754, 40.965084], [-74.2594, 40.967059], [-74.258366, 40.967598], [-74.258215, 40.96769], [-74.258532, 40.967957], [-74.260459, 40.969645], [-74.259249, 40.969964], [-74.258039, 40.970486], [-74.25743, 40.970151], [-74.256976, 40.970509], [-74.259301, 40.973002], [-74.261335, 40.972093], [-74.261791, 40.972364], [-74.261279, 40.972833], [-74.26159, 40.973234], [-74.262603, 40.972747], [-74.263318, 40.974243], [-74.264171, 40.973965], [-74.263298, 40.972035], [-74.26914, 40.975551], [-74.270005, 40.976297], [-74.274014, 40.975792], [-74.273148, 40.974602], [-74.271515, 40.969743], [-74.278513, 40.969315], [-74.281842, 40.969184], [-74.282033, 40.969171]]]]}}, {"type": "Feature", "properties": {"id": 12, "NAME": "12", "text-color": "#000000", "text-size": 16, "TotalPop": 773584, "PopDevPct": -8.6e-07, "DemPct": 0.66527462, "RepPct": 0.32185295, "WhitePct": 0.43543297, "MinorityPct": 0.56456703, "BlackPct": 0.17660109, "HispanicPct": 0.19185032, "PacificPct": 0.00157551, "AsianPct": 0.19458308, "NativePct": 0.01438295, "TotalVAP": 604883, "Margin": 0.16527462, "color": "#58ff9f", "opacity": "0.5", "year": 2022, "state": "NJ", "state-district": "NJ-12"}, "geometry": {"type": "MultiPolygon", "coordinates": [[[[-74.680121, 40.296899], [-74.680051, 40.296774], [-74.678385, 40.2939], [-74.678132, 40.293536], [-74.678071, 40.293328], [-74.677996, 40.293122], [-74.677167, 40.291332], [-74.676571, 40.290148], [-74.670809, 40.279383], [-74.669883, 40.277741], [-74.66955, 40.276953], [-74.666275, 40.270605], [-74.664569, 40.267297], [-74.66455, 40.267259], [-74.664492, 40.267163], [-74.660414, 40.260127], [-74.660368, 40.260046], [-74.660318, 40.25996], [-74.658619, 40.257015], [-74.658402, 40.256608], [-74.655479, 40.251039], [-74.655414, 40.25092], [-74.651187, 40.243848], [-74.650585, 40.242836], [-74.650487, 40.242673], [-74.650074, 40.241986], [-74.649937, 40.241759], [-74.648745, 40.242089], [-74.64767, 40.242389], [-74.644544, 40.243253], [-74.640279, 40.244424], [-74.638479, 40.244918], [-74.635979, 40.245594], [-74.632367, 40.246579], [-74.631066, 40.246933], [-74.625814, 40.248365], [-74.621039, 40.249648], [-74.618669, 40.250265], [-74.614758, 40.251301], [-74.607709, 40.253169], [-74.6072, 40.252007], [-74.603018, 40.249318], [-74.60041, 40.248018], [-74.599285, 40.24683], [-74.595585, 40.25062], [-74.58608, 40.260093], [-74.582141, 40.264028], [-74.579991, 40.266165], [-74.580356, 40.26637], [-74.579389, 40.267029], [-74.578584, 40.267454], [-74.576792, 40.269263], [-74.571473, 40.274696], [-74.571628, 40.278374], [-74.569881, 40.278435], [-74.568622, 40.278479], [-74.567387, 40.278522], [-74.567594, 40.282532], [-74.567827, 40.286484], [-74.567528, 40.287748], [-74.572403, 40.289684], [-74.572853, 40.295793], [-74.573397, 40.3009], [-74.569385, 40.299584], [-74.567767, 40.299968], [-74.566029, 40.298539], [-74.564818, 40.296966], [-74.563013, 40.296977], [-74.562449, 40.296333], [-74.559489, 40.29601], [-74.55842, 40.295096], [-74.558731, 40.294236], [-74.557596, 40.292127], [-74.55631, 40.291754], [-74.555979, 40.292516], [-74.553396, 40.290906], [-74.551713, 40.290551], [-74.550574, 40.291133], [-74.54944, 40.290938], [-74.546674, 40.291165], [-74.545142, 40.292321], [-74.542244, 40.29178], [-74.542112, 40.290676], [-74.539918, 40.28833], [-74.536582, 40.289486], [-74.533671, 40.292232], [-74.53434, 40.292675], [-74.532211, 40.292977], [-74.530713, 40.294043], [-74.528142, 40.2943], [-74.526828, 40.293173], [-74.524686, 40.292305], [-74.523683, 40.290693], [-74.522044, 40.290282], [-74.521918, 40.290214], [-74.521763, 40.288723], [-74.523215, 40.287009], [-74.522873, 40.285608], [-74.5208, 40.286627], [-74.519761, 40.287062], [-74.518369, 40.286496], [-74.515668, 40.287032], [-74.514855, 40.287138], [-74.513151, 40.286227], [-74.511751, 40.28493], [-74.511152, 40.283041], [-74.509453, 40.283008], [-74.508836, 40.281701], [-74.507151, 40.28155], [-74.506721, 40.28036], [-74.5047, 40.28071], [-74.504489, 40.280662], [-74.504296, 40.280614], [-74.504069, 40.280559], [-74.501626, 40.279508], [-74.500679, 40.280343], [-74.498754, 40.280047], [-74.497617, 40.280534], [-74.495921, 40.278767], [-74.490936, 40.277663], [-74.488968, 40.277084], [-74.487831, 40.275515], [-74.486869, 40.275011], [-74.483814, 40.274616], [-74.48203, 40.273915], [-74.482123, 40.272567], [-74.48292, 40.267453], [-74.482945, 40.267301], [-74.483762, 40.262238], [-74.484167, 40.25853], [-74.484962, 40.253325], [-74.478616, 40.252998], [-74.477511, 40.252941], [-74.476574, 40.252894], [-74.476037, 40.252867], [-74.475762, 40.252854], [-74.471502, 40.252639], [-74.467994, 40.25245], [-74.463277, 40.252111], [-74.461017, 40.251122], [-74.456352, 40.253224], [-74.449014, 40.25634], [-74.441835, 40.25935], [-74.436503, 40.261578], [-74.436147, 40.261727], [-74.435704, 40.261912], [-74.425813, 40.26605], [-74.422239, 40.267547], [-74.417953, 40.269337], [-74.416131, 40.270103], [-74.413323, 40.271275], [-74.408157, 40.27343], [-74.398593, 40.277428], [-74.397908, 40.278213], [-74.393438, 40.279548], [-74.39272, 40.281412], [-74.393141, 40.281877], [-74.394117, 40.282894], [-74.394934, 40.286086], [-74.394231, 40.28839], [-74.393352, 40.289291], [-74.393325, 40.289317], [-74.385341, 40.297484], [-74.381285, 40.301625], [-74.378499, 40.304466], [-74.376061, 40.306595], [-74.374424, 40.30787], [-74.365369, 40.314837], [-74.363386, 40.316391], [-74.362638, 40.317077], [-74.360824, 40.318493], [-74.360762, 40.318541], [-74.356259, 40.32206], [-74.352522, 40.324977], [-74.337894, 40.336371], [-74.331678, 40.34121], [-74.328442, 40.343782], [-74.327377, 40.344599], [-74.321915, 40.348903], [-74.314243, 40.354862], [-74.31289, 40.355911], [-74.310369, 40.357865], [-74.308855, 40.35904], [-74.305178, 40.361893], [-74.304888, 40.362115], [-74.301332, 40.364874], [-74.299153, 40.366565], [-74.298924, 40.366741], [-74.294897, 40.369866], [-74.293125, 40.371242], [-74.290883, 40.372978], [-74.282386, 40.379586], [-74.273722, 40.386328], [-74.268802, 40.390153], [-74.26769, 40.391011], [-74.262074, 40.395373], [-74.260402, 40.396666], [-74.260733, 40.397798], [-74.261306, 40.400331], [-74.261387, 40.400783], [-74.261631, 40.402287], [-74.261821, 40.403483], [-74.262313, 40.40698], [-74.262028, 40.409556], [-74.261916, 40.411196], [-74.261856, 40.411997], [-74.261407, 40.412716], [-74.262734, 40.413091], [-74.263997, 40.414396], [-74.265209, 40.416447], [-74.267375, 40.418953], [-74.269606, 40.421818], [-74.273101, 40.424398], [-74.274406, 40.425285], [-74.276712, 40.425414], [-74.276759, 40.424333], [-74.276931, 40.422772], [-74.279957, 40.422191], [-74.28058, 40.425138], [-74.282293, 40.424904], [-74.282416, 40.424897], [-74.28338, 40.424842], [-74.28323, 40.423949], [-74.283216, 40.423416], [-74.283273, 40.423309], [-74.283371, 40.423255], [-74.283491, 40.423215], [-74.283584, 40.423194], [-74.283662, 40.423225], [-74.283737, 40.423272], [-74.283807, 40.423331], [-74.283947, 40.423671], [-74.283989, 40.42388], [-74.28414, 40.424804], [-74.285655, 40.424726], [-74.287579, 40.42478], [-74.291484, 40.420648], [-74.292223, 40.419451], [-74.292518, 40.418887], [-74.293203, 40.417487], [-74.294429, 40.414011], [-74.296953, 40.41464], [-74.303449, 40.415135], [-74.303772, 40.415344], [-74.304893, 40.41549], [-74.30473, 40.416269], [-74.30504, 40.416107], [-74.304212, 40.42233], [-74.303388, 40.428439], [-74.30284, 40.431393], [-74.302712, 40.431922], [-74.302564, 40.432438], [-74.301564, 40.435406], [-74.304821, 40.435792], [-74.308345, 40.436717], [-74.30918, 40.438042], [-74.310412, 40.438874], [-74.309884, 40.439004], [-74.309362, 40.440225], [-74.307726, 40.440211], [-74.307704, 40.440336], [-74.307584, 40.440998], [-74.308651, 40.442371], [-74.308598, 40.443464], [-74.308916, 40.445554], [-74.310625, 40.448042], [-74.312911, 40.450163], [-74.313629, 40.450617], [-74.317329, 40.446543], [-74.31786, 40.446046], [-74.318463, 40.44547], [-74.321367, 40.442706], [-74.322286, 40.441801], [-74.324452, 40.439094], [-74.32472, 40.439146], [-74.328141, 40.436776], [-74.331981, 40.434462], [-74.341037, 40.428996], [-74.343334, 40.427613], [-74.34573, 40.426172], [-74.352215, 40.422266], [-74.35366, 40.421418], [-74.353807, 40.42133], [-74.353863, 40.421294], [-74.357895, 40.418811], [-74.359276, 40.417967], [-74.359494, 40.417835], [-74.361376, 40.416694], [-74.361411, 40.416673], [-74.36154, 40.416595], [-74.361748, 40.416831], [-74.362456, 40.417616], [-74.362871, 40.418079], [-74.363199, 40.418445], [-74.363359, 40.418864], [-74.363298, 40.419638], [-74.36227, 40.421111], [-74.361349, 40.421304], [-74.358472, 40.421635], [-74.357589, 40.422072], [-74.356531, 40.422788], [-74.355953, 40.423464], [-74.355854, 40.42411], [-74.356468, 40.424909], [-74.35717, 40.425979], [-74.357467, 40.428343], [-74.356333, 40.429593], [-74.353648, 40.431785], [-74.354093, 40.432306], [-74.357393, 40.434006], [-74.357863, 40.434573], [-74.357391, 40.435481], [-74.357093, 40.436506], [-74.35666, 40.437391], [-74.3566, 40.438266], [-74.357208, 40.438637], [-74.359654, 40.43912], [-74.36043, 40.439904], [-74.360269, 40.440621], [-74.359493, 40.442306], [-74.359993, 40.443406], [-74.362093, 40.444406], [-74.363493, 40.446406], [-74.365693, 40.447106], [-74.368293, 40.447506], [-74.36974, 40.448533], [-74.371314, 40.451356], [-74.370984, 40.454195], [-74.371261, 40.455543], [-74.371556, 40.456204], [-74.37309, 40.456446], [-74.375689, 40.45562], [-74.375603, 40.453961], [-74.37489, 40.452701], [-74.374998, 40.451611], [-74.376498, 40.451358], [-74.378376, 40.452483], [-74.378493, 40.453305], [-74.377493, 40.454605], [-74.377288, 40.456319], [-74.375652, 40.461097], [-74.375837, 40.461047], [-74.377341, 40.461352], [-74.378539, 40.461115], [-74.379337, 40.460216], [-74.380102, 40.458317], [-74.381214, 40.45782], [-74.38277, 40.458081], [-74.385234, 40.459037], [-74.386089, 40.459521], [-74.386158, 40.460345], [-74.385412, 40.461358], [-74.385234, 40.461601], [-74.384781, 40.462761], [-74.384357, 40.463182], [-74.384087, 40.463329], [-74.383463, 40.463338], [-74.383035, 40.46317], [-74.381742, 40.462395], [-74.381333, 40.462232], [-74.380375, 40.462321], [-74.379161, 40.462871], [-74.378921, 40.463721], [-74.379092, 40.464297], [-74.380632, 40.466391], [-74.382277, 40.468009], [-74.382137, 40.469021], [-74.381299, 40.469204], [-74.378869, 40.469205], [-74.378535, 40.469484], [-74.378169, 40.470068], [-74.379266, 40.47241], [-74.379349, 40.472999], [-74.379041, 40.473641], [-74.378169, 40.473876], [-74.376851, 40.473968], [-74.375996, 40.474308], [-74.375739, 40.474609], [-74.375637, 40.475093], [-74.376294, 40.47636], [-74.376626, 40.477308], [-74.376808, 40.4778], [-74.379694, 40.478305], [-74.382194, 40.479805], [-74.383494, 40.481805], [-74.383494, 40.484205], [-74.383901, 40.48575], [-74.383991, 40.486106], [-74.385078, 40.487212], [-74.387859, 40.487319], [-74.389248, 40.486724], [-74.392475, 40.485258], [-74.39302, 40.484522], [-74.394123, 40.483536], [-74.394498, 40.483448], [-74.395185, 40.483626], [-74.395434, 40.483558], [-74.395669, 40.482663], [-74.396704, 40.481962], [-74.397141, 40.481529], [-74.397885, 40.481162], [-74.399343, 40.4813], [-74.399592, 40.481226], [-74.400234, 40.480564], [-74.4017, 40.47977], [-74.40235, 40.479674], [-74.403134, 40.48005], [-74.403452, 40.480158], [-74.403548, 40.480191], [-74.403637, 40.480221], [-74.403653, 40.480225], [-74.404108, 40.480341], [-74.40472, 40.480497], [-74.406364, 40.480645], [-74.406743, 40.48059], [-74.407395, 40.480495], [-74.407558, 40.480511], [-74.407774, 40.480628], [-74.407966, 40.480814], [-74.408172, 40.481175], [-74.408484, 40.481472], [-74.409391, 40.481978], [-74.410193, 40.482447], [-74.410493, 40.482679], [-74.410882, 40.483152], [-74.411159, 40.483819], [-74.411432, 40.484001], [-74.411642, 40.484017], [-74.411833, 40.483902], [-74.412231, 40.483482], [-74.412286, 40.483335], [-74.412491, 40.483021], [-74.412914, 40.48255], [-74.413221, 40.482125], [-74.414825, 40.478623], [-74.415259, 40.478584], [-74.422995, 40.478005], [-74.423468, 40.477969], [-74.423766, 40.477944], [-74.424058, 40.477921], [-74.427488, 40.47767], [-74.427738, 40.477652], [-74.427938, 40.477638], [-74.436892, 40.476963], [-74.441466, 40.47662], [-74.442177, 40.476564], [-74.443097, 40.476494], [-74.443439, 40.476475], [-74.446169, 40.476264], [-74.447856, 40.476145], [-74.448845, 40.477211], [-74.450163, 40.477714], [-74.451229, 40.477932], [-74.455929, 40.476828], [-74.458159, 40.477175], [-74.460379, 40.477626], [-74.46086, 40.477179], [-74.461382, 40.476677], [-74.461749, 40.476325], [-74.462181, 40.475909], [-74.462725, 40.475386], [-74.462745, 40.475368], [-74.463298, 40.474841], [-74.463901, 40.474352], [-74.463979, 40.474288], [-74.464128, 40.474167], [-74.464591, 40.473792], [-74.46521, 40.473291], [-74.46591, 40.472722], [-74.466422, 40.472307], [-74.467707, 40.471265], [-74.467811, 40.471181], [-74.469354, 40.472117], [-74.471212, 40.47324], [-74.477344, 40.467244], [-74.478959, 40.468205], [-74.482667, 40.470432], [-74.483378, 40.470848], [-74.484081, 40.471261], [-74.484793, 40.471682], [-74.48551, 40.472104], [-74.486907, 40.472911], [-74.487229, 40.473103], [-74.487921, 40.47352], [-74.488631, 40.47394], [-74.489491, 40.474452], [-74.485609, 40.478833], [-74.484313, 40.480174], [-74.484122, 40.480331], [-74.483298, 40.480988], [-74.481983, 40.481955], [-74.480898, 40.482566], [-74.480167, 40.482978], [-74.479472, 40.48337], [-74.47868, 40.483816], [-74.476483, 40.484483], [-74.475889, 40.484648], [-74.475688, 40.484706], [-74.473976, 40.485184], [-74.473786, 40.485237], [-74.47327, 40.485382], [-74.47245, 40.485612], [-74.47171, 40.485819], [-74.469318, 40.486479], [-74.468503, 40.486745], [-74.467851, 40.487022], [-74.467721, 40.487086], [-74.466953, 40.487463], [-74.46394, 40.488878], [-74.463575, 40.489049], [-74.463231, 40.489291], [-74.46253, 40.48968], [-74.461143, 40.490388], [-74.4604, 40.490769], [-74.459863, 40.491046], [-74.459745, 40.493532], [-74.459043, 40.496066], [-74.460791, 40.498628], [-74.461959, 40.499606], [-74.463192, 40.500672], [-74.465035, 40.501258], [-74.466952, 40.502871], [-74.467312, 40.505018], [-74.467215, 40.505651], [-74.467148, 40.508103], [-74.467094, 40.508257], [-74.467064, 40.508388], [-74.466947, 40.508898], [-74.470561, 40.509914], [-74.474174, 40.510563], [-74.477835, 40.510689], [-74.480461, 40.511322], [-74.482358, 40.512493], [-74.485547, 40.51591], [-74.489056, 40.521114], [-74.489237, 40.521393], [-74.490466, 40.523092], [-74.491644, 40.524682], [-74.495548, 40.52937], [-74.496321, 40.529998], [-74.497762, 40.531132], [-74.500011, 40.532596], [-74.507061, 40.536871], [-74.511542, 40.539684], [-74.511748, 40.539814], [-74.514122, 40.542031], [-74.515872, 40.544984], [-74.516725, 40.54925], [-74.517791, 40.55285], [-74.519843, 40.555584], [-74.519488, 40.555776], [-74.518633, 40.556237], [-74.51599, 40.557664], [-74.512529, 40.559531], [-74.511249, 40.560241], [-74.509778, 40.560203], [-74.509166, 40.559594], [-74.507379, 40.560107], [-74.506562, 40.56058], [-74.506204, 40.560808], [-74.505196, 40.561391], [-74.50323, 40.562536], [-74.503107, 40.562608], [-74.503012, 40.562662], [-74.502745, 40.562792], [-74.502426, 40.562945], [-74.502035, 40.563153], [-74.501994, 40.563178], [-74.500287, 40.564067], [-74.498269, 40.563325], [-74.49729, 40.564764], [-74.49015, 40.569053], [-74.489345, 40.569567], [-74.486983, 40.571068], [-74.484751, 40.571841], [-74.483696, 40.572102], [-74.481718, 40.572592], [-74.479491, 40.57382], [-74.480441, 40.576105], [-74.481292, 40.578084], [-74.480544, 40.578572], [-74.479827, 40.579028], [-74.47918, 40.579438], [-74.478388, 40.579941], [-74.477165, 40.58074], [-74.470617, 40.584955], [-74.46967, 40.585567], [-74.468907, 40.580722], [-74.466747, 40.580914], [-74.46593, 40.580987], [-74.465332, 40.58104], [-74.464099, 40.58115], [-74.462653, 40.581279], [-74.461173, 40.581418], [-74.459736, 40.581553], [-74.459876, 40.582424], [-74.460163, 40.584073], [-74.460222, 40.584414], [-74.456805, 40.584962], [-74.456978, 40.585246], [-74.455269, 40.586725], [-74.452353, 40.589268], [-74.453609, 40.590418], [-74.45518, 40.591859], [-74.457129, 40.593642], [-74.457771, 40.594232], [-74.455865, 40.595502], [-74.455132, 40.595954], [-74.453263, 40.59611], [-74.453167, 40.596119], [-74.452064, 40.596212], [-74.450268, 40.596363], [-74.449451, 40.596429], [-74.448654, 40.596495], [-74.44794, 40.59656], [-74.445921, 40.596726], [-74.444617, 40.596832], [-74.443497, 40.596931], [-74.441719, 40.597085], [-74.440486, 40.597178], [-74.439777, 40.597241], [-74.438363, 40.597357], [-74.437998, 40.597391], [-74.437067, 40.597468], [-74.434837, 40.59765], [-74.433626, 40.597756], [-74.430564, 40.59801], [-74.428718, 40.598163], [-74.427177, 40.598289], [-74.426425, 40.598353], [-74.424699, 40.598513], [-74.423635, 40.598589], [-74.422673, 40.598661], [-74.420946, 40.598814], [-74.418551, 40.599011], [-74.41612, 40.599213], [-74.413479, 40.59943], [-74.407339, 40.599935], [-74.402303, 40.600362], [-74.401175, 40.600454], [-74.400279, 40.600528], [-74.39723, 40.600788], [-74.39472, 40.600989], [-74.394913, 40.601345], [-74.395297, 40.60288], [-74.395289, 40.604147], [-74.395266, 40.605119], [-74.395379, 40.60594], [-74.395739, 40.606571], [-74.39578, 40.606622], [-74.396327, 40.607289], [-74.397151, 40.608054], [-74.396833, 40.608638], [-74.396579, 40.609138], [-74.396148, 40.609986], [-74.394461, 40.613256], [-74.39309, 40.616], [-74.39198, 40.618182], [-74.389987, 40.622091], [-74.389943, 40.622179], [-74.38926, 40.623511], [-74.38721, 40.625333], [-74.38516, 40.627187], [-74.383997, 40.628271], [-74.382725, 40.629467], [-74.384457, 40.630453], [-74.385275, 40.630919], [-74.386019, 40.631343], [-74.386807, 40.631793], [-74.387589, 40.632238], [-74.38977, 40.633481], [-74.391135, 40.634259], [-74.39273, 40.635168], [-74.393449, 40.635577], [-74.394189, 40.636], [-74.395324, 40.636654], [-74.396503, 40.63734], [-74.3969, 40.63757], [-74.398232, 40.638344], [-74.398771, 40.638658], [-74.399777, 40.639244], [-74.401304, 40.640135], [-74.401782, 40.640412], [-74.402081, 40.640587], [-74.403102, 40.641181], [-74.404108, 40.641767], [-74.405959, 40.642843], [-74.40853, 40.644346], [-74.408418, 40.642756], [-74.412044, 40.642378], [-74.412912, 40.641909], [-74.413802, 40.64101], [-74.414729, 40.641539], [-74.414785, 40.641576], [-74.415308, 40.641273], [-74.418869, 40.639598], [-74.418925, 40.639635], [-74.419871, 40.639208], [-74.423258, 40.637682], [-74.424958, 40.636917], [-74.425451, 40.636695], [-74.432437, 40.633547], [-74.432968, 40.633306], [-74.433642, 40.633002], [-74.436994, 40.63149], [-74.438401, 40.63086], [-74.439204, 40.630497], [-74.440142, 40.630073], [-74.441682, 40.629378], [-74.44379, 40.62736], [-74.445554, 40.625726], [-74.445625, 40.625659], [-74.452208, 40.620757], [-74.453266, 40.619971], [-74.45487, 40.618777], [-74.462504, 40.613094], [-74.463941, 40.612022], [-74.464885, 40.611321], [-74.464951, 40.611271], [-74.463997, 40.610145], [-74.463936, 40.610077], [-74.463906, 40.610095], [-74.462913, 40.608891], [-74.462777, 40.608731], [-74.462483, 40.608387], [-74.461202, 40.606864], [-74.460465, 40.606], [-74.460014, 40.605461], [-74.459913, 40.605342], [-74.459488, 40.604835], [-74.458997, 40.604263], [-74.458511, 40.603679], [-74.458035, 40.603117], [-74.457376, 40.602302], [-74.459345, 40.601357], [-74.459878, 40.600033], [-74.462306, 40.599889], [-74.463291, 40.599187], [-74.466266, 40.599077], [-74.466344, 40.597783], [-74.467201, 40.598633], [-74.468867, 40.598017], [-74.470081, 40.598343], [-74.470573, 40.597878], [-74.473858, 40.597008], [-74.47485, 40.595667], [-74.476505, 40.595138], [-74.477536, 40.594109], [-74.477892, 40.593213], [-74.478462, 40.592845], [-74.480701, 40.591492], [-74.482868, 40.589692], [-74.485563, 40.588849], [-74.48884, 40.588003], [-74.489693, 40.586948], [-74.491074, 40.58662], [-74.491247, 40.587557], [-74.492832, 40.58749], [-74.494381, 40.586521], [-74.496648, 40.586096], [-74.499053, 40.586088], [-74.499251, 40.586907], [-74.500326, 40.586634], [-74.500049, 40.585865], [-74.501977, 40.585309], [-74.501406, 40.58501], [-74.502437, 40.584006], [-74.503041, 40.584592], [-74.504793, 40.586292], [-74.50594, 40.586047], [-74.507083, 40.584487], [-74.508016, 40.584955], [-74.509721, 40.584218], [-74.510298, 40.582848], [-74.512154, 40.582075], [-74.51368, 40.581146], [-74.516228, 40.581278], [-74.515146, 40.58011], [-74.515443, 40.579382], [-74.515946, 40.578533], [-74.519052, 40.576185], [-74.521056, 40.574027], [-74.522727, 40.57331], [-74.521927, 40.572549], [-74.523917, 40.56967], [-74.52906, 40.570657], [-74.528644, 40.571843], [-74.528367, 40.572588], [-74.5282, 40.573046], [-74.527305, 40.575564], [-74.525965, 40.579069], [-74.525886, 40.579204], [-74.524703, 40.581839], [-74.529895, 40.580718], [-74.534388, 40.579755], [-74.536359, 40.579274], [-74.536516, 40.57882], [-74.536743, 40.577682], [-74.536764, 40.577609], [-74.537648, 40.57454], [-74.538287, 40.574463], [-74.539231, 40.5719], [-74.539939, 40.571475], [-74.541008, 40.57158], [-74.541417, 40.572036], [-74.544523, 40.572637], [-74.544624, 40.572389], [-74.544811, 40.571947], [-74.54933, 40.572367], [-74.553395, 40.572768], [-74.554596, 40.574669], [-74.555313, 40.574457], [-74.557548, 40.572525], [-74.556322, 40.570133], [-74.554609, 40.568375], [-74.553482, 40.567999], [-74.556433, 40.56803], [-74.556883, 40.56803], [-74.559204, 40.568083], [-74.559866, 40.568096], [-74.562802, 40.568113], [-74.563059, 40.56812], [-74.56535, 40.568358], [-74.56926, 40.568747], [-74.571663, 40.569021], [-74.575966, 40.569459], [-74.579285, 40.569813], [-74.582443, 40.570145], [-74.582514, 40.570152], [-74.583879, 40.570291], [-74.584785, 40.570382], [-74.586259, 40.570531], [-74.586689, 40.569423], [-74.586827, 40.569061], [-74.587143, 40.568152], [-74.587434, 40.567354], [-74.587597, 40.566909], [-74.588073, 40.565613], [-74.588239, 40.565118], [-74.588505, 40.564382], [-74.588902, 40.563167], [-74.589048, 40.562709], [-74.589298, 40.561995], [-74.589528, 40.561313], [-74.590208, 40.561283], [-74.601853, 40.56323], [-74.60602, 40.563904], [-74.606588, 40.563051], [-74.60672, 40.562913], [-74.606822, 40.56281], [-74.606893, 40.562754], [-74.606939, 40.56272], [-74.606985, 40.562689], [-74.60703, 40.562663], [-74.607136, 40.56262], [-74.607214, 40.562599], [-74.607257, 40.562587], [-74.607319, 40.562569], [-74.607462, 40.562525], [-74.607543, 40.562505], [-74.607559, 40.562498], [-74.607665, 40.562451], [-74.607745, 40.562078], [-74.607744, 40.561762], [-74.607794, 40.561499], [-74.607803, 40.561458], [-74.608246, 40.560205], [-74.609006, 40.559496], [-74.609652, 40.559302], [-74.610121, 40.558966], [-74.609971, 40.558647], [-74.608096, 40.558356], [-74.609222, 40.558059], [-74.609915, 40.558003], [-74.611578, 40.558039], [-74.612582, 40.557898], [-74.613626, 40.557534], [-74.615086, 40.556527], [-74.615616, 40.556169], [-74.615796, 40.556103], [-74.616225, 40.556038], [-74.617546, 40.55622], [-74.620334, 40.557388], [-74.620614, 40.557827], [-74.620629, 40.557948], [-74.62061, 40.55814], [-74.620635, 40.558429], [-74.620606, 40.558637], [-74.620633, 40.558832], [-74.620732, 40.559033], [-74.620838, 40.559397], [-74.620927, 40.559601], [-74.621006, 40.5598], [-74.621026, 40.559875], [-74.621069, 40.560003], [-74.621462, 40.560568], [-74.622034, 40.561269], [-74.622906, 40.56184], [-74.623849, 40.562398], [-74.624857, 40.562805], [-74.626119, 40.563143], [-74.627361, 40.56346], [-74.628377, 40.563941], [-74.628709, 40.564128], [-74.629141, 40.564295], [-74.629573, 40.564413], [-74.630213, 40.564541], [-74.630954, 40.564619], [-74.631557, 40.564623], [-74.632197, 40.564615], [-74.632715, 40.564587], [-74.633347, 40.564567], [-74.635001, 40.564547], [-74.635593, 40.564611], [-74.635726, 40.56463], [-74.635799, 40.564642], [-74.635981, 40.56467], [-74.636425, 40.564702], [-74.636778, 40.564757], [-74.636879, 40.564758], [-74.637123, 40.564762], [-74.637512, 40.564685], [-74.638001, 40.564533], [-74.638519, 40.564259], [-74.639976, 40.563353], [-74.640671, 40.562846], [-74.641259, 40.56246], [-74.642271, 40.561901], [-74.642437, 40.561808], [-74.642983, 40.56157], [-74.643774, 40.561283], [-74.644896, 40.560911], [-74.645326, 40.56068], [-74.645836, 40.560376], [-74.646115, 40.560128], [-74.6464, 40.559649], [-74.646764, 40.558962], [-74.647098, 40.558209], [-74.647269, 40.557884], [-74.647456, 40.557604], [-74.647734, 40.557241], [-74.647957, 40.557086], [-74.64817, 40.556718], [-74.648725, 40.556202], [-74.649289, 40.555742], [-74.649812, 40.555373], [-74.650501, 40.554932], [-74.650666, 40.554812], [-74.650924, 40.554628], [-74.651117, 40.55443], [-74.651782, 40.553577], [-74.652448, 40.552856], [-74.653188, 40.552441], [-74.65392, 40.552088], [-74.654674, 40.551778], [-74.655142, 40.551639], [-74.655782, 40.551516], [-74.656703, 40.551398], [-74.657825, 40.551197], [-74.65889, 40.551051], [-74.660084, 40.550838], [-74.661934, 40.550523], [-74.668151, 40.549649], [-74.669796, 40.549407], [-74.672991, 40.5483], [-74.674541, 40.547713], [-74.677311, 40.547713], [-74.678668, 40.548213], [-74.682547, 40.551489], [-74.686147, 40.555062], [-74.687409, 40.555354], [-74.689153, 40.553207], [-74.692129, 40.551154], [-74.694015, 40.548797], [-74.696032, 40.546778], [-74.69617, 40.546714], [-74.696229, 40.546686], [-74.696298, 40.546653], [-74.696536, 40.54589], [-74.696733, 40.54564], [-74.696819, 40.545226], [-74.69732, 40.544684], [-74.697445, 40.544309], [-74.697875, 40.543932], [-74.69834, 40.54337], [-74.698393, 40.543017], [-74.698273, 40.542309], [-74.698322, 40.542139], [-74.69848, 40.542028], [-74.698954, 40.541818], [-74.699306, 40.541707], [-74.699845, 40.541502], [-74.700247, 40.541331], [-74.700641, 40.541044], [-74.701567, 40.540508], [-74.701904, 40.540342], [-74.702233, 40.540083], [-74.702749, 40.539735], [-74.703201, 40.539525], [-74.703576, 40.539413], [-74.704129, 40.539313], [-74.704546, 40.539256], [-74.704978, 40.539117], [-74.705666, 40.538769], [-74.705953, 40.538598], [-74.706592, 40.53826], [-74.707359, 40.538148], [-74.708412, 40.537944], [-74.709062, 40.53769], [-74.709183, 40.537596], [-74.709316, 40.537403], [-74.709387, 40.537194], [-74.709448, 40.536784], [-74.709493, 40.536633], [-74.709643, 40.536217], [-74.709648, 40.536158], [-74.709579, 40.535838], [-74.709027, 40.535183], [-74.708565, 40.534948], [-74.706855, 40.534318], [-74.706045, 40.533859], [-74.705318, 40.532572], [-74.705326, 40.531616], [-74.706123, 40.531159], [-74.706724, 40.531059], [-74.707009, 40.530994], [-74.707325, 40.53093], [-74.707352, 40.530913], [-74.707518, 40.530804], [-74.707684, 40.53063], [-74.707784, 40.530415], [-74.707803, 40.530351], [-74.707889, 40.529493], [-74.707542, 40.528029], [-74.706982, 40.527125], [-74.705643, 40.52613], [-74.7056, 40.526106], [-74.705506, 40.526054], [-74.70505, 40.525715], [-74.703566, 40.524745], [-74.703284, 40.524433], [-74.70323, 40.524133], [-74.703225, 40.523818], [-74.703291, 40.523438], [-74.703445, 40.522837], [-74.70376, 40.522053], [-74.703916, 40.521679], [-74.704074, 40.521258], [-74.704206, 40.52099], [-74.703947, 40.520907], [-74.70371, 40.520847], [-74.697858, 40.519209], [-74.692947, 40.51787], [-74.691136, 40.52176], [-74.687763, 40.520845], [-74.688725, 40.518779], [-74.689576, 40.516971], [-74.687501, 40.516521], [-74.685679, 40.517281], [-74.684572, 40.517186], [-74.685096, 40.516101], [-74.687083, 40.515519], [-74.687479, 40.514932], [-74.69096, 40.514297], [-74.689137, 40.513031], [-74.688393, 40.506007], [-74.6876, 40.506443], [-74.686916, 40.503603], [-74.686216, 40.498966], [-74.685004, 40.494904], [-74.683704, 40.488104], [-74.682804, 40.487104], [-74.674903, 40.484204], [-74.670771, 40.483811], [-74.665703, 40.482104], [-74.663503, 40.481904], [-74.659143, 40.480956], [-74.65429, 40.480441], [-74.65534, 40.478039], [-74.665628, 40.480111], [-74.6686, 40.480261], [-74.670721, 40.478774], [-74.672094, 40.478629], [-74.672938, 40.479171], [-74.67387, 40.479515], [-74.674328, 40.47782], [-74.674817, 40.475884], [-74.675446, 40.473514], [-74.676198, 40.470609], [-74.69119, 40.469224], [-74.701823, 40.468242], [-74.710495, 40.451448], [-74.715334, 40.442061], [-74.716463, 40.441876], [-74.717789, 40.441448], [-74.720062, 40.441498], [-74.737448, 40.439723], [-74.739288, 40.439864], [-74.74034, 40.439375], [-74.741189, 40.438759], [-74.748785, 40.433667], [-74.752013, 40.431361], [-74.748147, 40.424156], [-74.757571, 40.422986], [-74.787975, 40.419213], [-74.789607, 40.41901], [-74.80847, 40.416664], [-74.808219, 40.415679], [-74.806869, 40.408908], [-74.805505, 40.402535], [-74.805227, 40.401341], [-74.805091, 40.400749], [-74.803176, 40.391086], [-74.802016, 40.384972], [-74.811284, 40.384092], [-74.815162, 40.383686], [-74.819083, 40.383262], [-74.819206, 40.38325], [-74.830361, 40.38208], [-74.8382, 40.381221], [-74.846149, 40.380344], [-74.85821, 40.379024], [-74.869678, 40.377774], [-74.867783, 40.373178], [-74.864732, 40.366307], [-74.860559, 40.356616], [-74.856648, 40.347586], [-74.856262, 40.346696], [-74.858432, 40.346485], [-74.868604, 40.345524], [-74.872672, 40.345159], [-74.87584, 40.344852], [-74.885905, 40.343889], [-74.897816, 40.342745], [-74.904919, 40.342062], [-74.916448, 40.340952], [-74.920334, 40.340577], [-74.929195, 40.339724], [-74.932192, 40.339435], [-74.938654, 40.340782], [-74.938979, 40.340848], [-74.93939, 40.340936], [-74.939853, 40.341036], [-74.941675, 40.341425], [-74.942909, 40.341683], [-74.939711, 40.338006], [-74.933111, 40.333106], [-74.92681, 40.329406], [-74.91741, 40.322406], [-74.90831, 40.316907], [-74.90331, 40.315607], [-74.896409, 40.315107], [-74.895654, 40.314777], [-74.891609, 40.313007], [-74.88795, 40.310811], [-74.886409, 40.309807], [-74.880609, 40.305607], [-74.87346, 40.299614], [-74.868263, 40.295254], [-74.864334, 40.290165], [-74.860492, 40.284584], [-74.859399, 40.282338], [-74.856653, 40.277655], [-74.853108, 40.269707], [-74.851632, 40.267078], [-74.848008, 40.261708], [-74.846742, 40.259084], [-74.846702, 40.259002], [-74.842308, 40.250508], [-74.836307, 40.246208], [-74.824076, 40.241574], [-74.819032, 40.238334], [-74.815167, 40.236921], [-74.813188, 40.2362], [-74.805207, 40.233408], [-74.79557, 40.229513], [-74.789381, 40.226211], [-74.787389, 40.225075], [-74.785972, 40.224258], [-74.783508, 40.222836], [-74.778342, 40.219739], [-74.77401, 40.217058], [-74.77162, 40.21526], [-74.771115, 40.214742], [-74.768574, 40.210373], [-74.768171, 40.208949], [-74.768143, 40.208857], [-74.767677, 40.207752], [-74.764272, 40.203563], [-74.760605, 40.198909], [-74.759823, 40.197488], [-74.759505, 40.196909], [-74.756905, 40.189409], [-74.755605, 40.186709], [-74.754305, 40.185209], [-74.75176, 40.183839], [-74.751176, 40.18404], [-74.749163, 40.184693], [-74.746948, 40.18541], [-74.746593, 40.185521], [-74.746104, 40.185684], [-74.748699, 40.18735], [-74.750368, 40.189558], [-74.750407, 40.189628], [-74.750633, 40.190248], [-74.750979, 40.191193], [-74.751202, 40.191997], [-74.751302, 40.192192], [-74.751614, 40.193395], [-74.751725, 40.193838], [-74.751762, 40.193951], [-74.751784, 40.194011], [-74.75238, 40.19635], [-74.752841, 40.19834], [-74.752681, 40.198364], [-74.751065, 40.198592], [-74.75098, 40.198606], [-74.750109, 40.198722], [-74.749211, 40.19884], [-74.749185, 40.198843], [-74.748327, 40.198963], [-74.747869, 40.199028], [-74.747447, 40.19909], [-74.746598, 40.199208], [-74.746011, 40.199291], [-74.744402, 40.199518], [-74.744027, 40.199571], [-74.743757, 40.199608], [-74.743527, 40.199641], [-74.742626, 40.199768], [-74.741901, 40.199871], [-74.741745, 40.199893], [-74.741241, 40.199965], [-74.740856, 40.20002], [-74.740106, 40.200126], [-74.739971, 40.200145], [-74.73909, 40.20027], [-74.73845, 40.200362], [-74.738199, 40.200395], [-74.738168, 40.2004], [-74.73731, 40.200521], [-74.73698, 40.200567], [-74.735857, 40.200732], [-74.735277, 40.200786], [-74.734979, 40.200663], [-74.734614, 40.201075], [-74.734386, 40.201332], [-74.734313, 40.201415], [-74.734036, 40.201732], [-74.733811, 40.201983], [-74.733763, 40.202039], [-74.733486, 40.202351], [-74.73328, 40.202583], [-74.733205, 40.202668], [-74.73289, 40.203023], [-74.732565, 40.203391], [-74.733417, 40.204486], [-74.734442, 40.205818], [-74.734553, 40.205962], [-74.735373, 40.207029], [-74.736069, 40.207933], [-74.736293, 40.208225], [-74.736579, 40.208599], [-74.737081, 40.209251], [-74.737141, 40.209331], [-74.737423, 40.209708], [-74.737106, 40.21], [-74.737041, 40.210058], [-74.736783, 40.210292], [-74.736197, 40.210831], [-74.735738, 40.211244], [-74.735581, 40.211388], [-74.734892, 40.212011], [-74.7347, 40.212187], [-74.73427, 40.212581], [-74.733632, 40.213163], [-74.733379, 40.213393], [-74.732983, 40.213754], [-74.732409, 40.214276], [-74.731775, 40.214854], [-74.731431, 40.215169], [-74.731383, 40.215211], [-74.729765, 40.216665], [-74.730016, 40.216914], [-74.730593, 40.217496], [-74.730818, 40.217725], [-74.73116, 40.218064], [-74.731741, 40.218633], [-74.732302, 40.219202], [-74.732373, 40.21927], [-74.732807, 40.21971], [-74.730953, 40.220198], [-74.730626, 40.22029], [-74.73011, 40.220428], [-74.729616, 40.220559], [-74.729264, 40.22065], [-74.728808, 40.220768], [-74.729411, 40.221373], [-74.729937, 40.221947], [-74.730515, 40.222524], [-74.731401, 40.223412], [-74.73208, 40.224092], [-74.732854, 40.224867], [-74.733695, 40.225709], [-74.734126, 40.226142], [-74.735235, 40.227252], [-74.736638, 40.228664], [-74.737731, 40.229754], [-74.738462, 40.230487], [-74.739478, 40.231507], [-74.737898, 40.232392], [-74.738107, 40.233537], [-74.738138, 40.233606], [-74.738199, 40.233712], [-74.738434, 40.234032], [-74.738478, 40.234106], [-74.738508, 40.234184], [-74.738528, 40.234281], [-74.738549, 40.234377], [-74.738558, 40.234489], [-74.738563, 40.234644], [-74.73852, 40.234657], [-74.738498, 40.234668], [-74.738477, 40.234687], [-74.738457, 40.234729], [-74.738408, 40.234814], [-74.738341, 40.234885], [-74.738277, 40.234941], [-74.738237, 40.234984], [-74.738204, 40.235037], [-74.73818, 40.235083], [-74.738168, 40.235121], [-74.738137, 40.235219], [-74.738122, 40.235288], [-74.738105, 40.235368], [-74.738087, 40.23544], [-74.73805, 40.235531], [-74.73801, 40.235598], [-74.737932, 40.235712], [-74.73789, 40.23577], [-74.737871, 40.235808], [-74.737861, 40.235854], [-74.737862, 40.2359], [-74.737863, 40.235937], [-74.737853, 40.235991], [-74.7378, 40.23615], [-74.737635, 40.236271], [-74.737436, 40.236422], [-74.737301, 40.236527], [-74.737114, 40.236673], [-74.737045, 40.236726], [-74.736619, 40.237128], [-74.736047, 40.237628], [-74.735882, 40.237791], [-74.735784, 40.23792], [-74.735677, 40.238117], [-74.735504, 40.238319], [-74.735227, 40.238593], [-74.735084, 40.238831], [-74.735045, 40.238925], [-74.735004, 40.239021], [-74.734755, 40.23935], [-74.734695, 40.239427], [-74.734661, 40.239473], [-74.733453, 40.240848], [-74.732092, 40.241674], [-74.731791, 40.242192], [-74.732991, 40.2425], [-74.735493, 40.243164], [-74.735659, 40.243205], [-74.735776, 40.243238], [-74.735911, 40.243274], [-74.736957, 40.24355], [-74.739052, 40.244121], [-74.739652, 40.244285], [-74.740168, 40.244425], [-74.741152, 40.244693], [-74.742449, 40.245039], [-74.743745, 40.243956], [-74.743791, 40.24391], [-74.743923, 40.243782], [-74.744031, 40.243686], [-74.744712, 40.243117], [-74.744951, 40.242908], [-74.745031, 40.242838], [-74.745269, 40.242646], [-74.745664, 40.242338], [-74.745837, 40.242232], [-74.746113, 40.241988], [-74.746788, 40.2414], [-74.747458, 40.24082], [-74.748189, 40.240321], [-74.748942, 40.239811], [-74.749839, 40.240867], [-74.750689, 40.241872], [-74.755783, 40.248058], [-74.75631, 40.248713], [-74.751877, 40.250924], [-74.748716, 40.250755], [-74.74811, 40.251187], [-74.750964, 40.252635], [-74.750658, 40.255839], [-74.749121, 40.258076], [-74.749534, 40.260855], [-74.7496, 40.261741], [-74.751482, 40.263308], [-74.753078, 40.263133], [-74.755841, 40.263836], [-74.75574, 40.266393], [-74.753278, 40.270054], [-74.751822, 40.272214], [-74.751582, 40.272564], [-74.75382, 40.27365], [-74.75934, 40.276248], [-74.761818, 40.277413], [-74.762433, 40.277708], [-74.76239, 40.279227], [-74.762343, 40.28099], [-74.762288, 40.28234], [-74.762224, 40.284274], [-74.761711, 40.285658], [-74.760953, 40.287817], [-74.760868, 40.288059], [-74.759893, 40.29077], [-74.757718, 40.296862], [-74.757453, 40.297599], [-74.757313, 40.297967], [-74.75413, 40.306882], [-74.746037, 40.32611], [-74.743733, 40.33138], [-74.73821, 40.336298], [-74.737905, 40.336572], [-74.72824, 40.345241], [-74.717958, 40.354303], [-74.713221, 40.358476], [-74.712885, 40.357847], [-74.712136, 40.356436], [-74.712028, 40.356229], [-74.711354, 40.355023], [-74.710515, 40.353447], [-74.710421, 40.353287], [-74.710091, 40.352671], [-74.709565, 40.351761], [-74.707078, 40.347197], [-74.70642, 40.345999], [-74.704655, 40.342722], [-74.700708, 40.335348], [-74.695067, 40.325136], [-74.689803, 40.314929], [-74.688969, 40.313236], [-74.686382, 40.308084], [-74.684666, 40.305104], [-74.684642, 40.304872], [-74.682934, 40.301868], [-74.682365, 40.300846], [-74.680121, 40.296899]]]]}}], "labels": {"type": "FeatureCollection", "features": [{"type": "Feature", "properties": {"id": "1", "NAME": "1", "text-color": "#000000", "text-size": 16, "featureLabel": {"left": -75.04074019073485, "right": -75.04074019073485, "top": 39.80530971600342, "bottom": 39.80530971600342}, "text-field": "1"}, "geometry": {"type": "Point", "coordinates": [-75.04074019073485, 39.80530971600342]}}, {"type": "Feature", "properties": {"id": "2", "NAME": "2", "text-color": "#000000", "text-size": 16, "featureLabel": {"left": -74.92603013813785, "right": -74.92603013813785, "top": 39.26125211592102, "bottom": 39.26125211592102}, "text-field": "2"}, "geometry": {"type": "Point", "coordinates": [-74.92603013813785, 39.26125211592102]}}, {"type": "Feature", "properties": {"id": "3", "NAME": "3", "text-color": "#000000", "text-size": 16, "featureLabel": {"left": -74.69977382301327, "right": -74.69977382301327, "top": 39.945397034896835, "bottom": 39.945397034896835}, "text-field": "3"}, "geometry": {"type": "Point", "coordinates": [-74.69977382301327, 39.945397034896835]}}, {"type": "Feature", "properties": {"id": "4", "NAME": "4", "text-color": "#000000", "text-size": 16, "featureLabel": {"left": -74.31778842140199, "right": -74.31778842140199, "top": 40.01651449079895, "bottom": 40.01651449079895}, "text-field": "4"}, "geometry": {"type": "Point", "coordinates": [-74.31778842140199, 40.01651449079895]}}, {"type": "Feature", "properties": {"id": "5", "NAME": "5", "text-color": "#000000", "text-size": 16, "featureLabel": {"left": -74.73401102876284, "right": -74.73401102876284, "top": 41.20080324076843, "bottom": 41.20080324076843}, "text-field": "5"}, "geometry": {"type": "Point", "coordinates": [-74.73401102876284, 41.20080324076843]}}, {"type": "Feature", "properties": {"id": "6", "NAME": "6", "text-color": "#000000", "text-size": 16, "featureLabel": {"left": -73.95891904594419, "right": -73.95891904594419, "top": 40.43517266535951, "bottom": 40.43517266535951}, "text-field": "6"}, "geometry": {"type": "Point", "coordinates": [-73.95891904594419, 40.43517266535951]}}, {"type": "Feature", "properties": {"id": "7", "NAME": "7", "text-color": "#000000", "text-size": 16, "featureLabel": {"left": -74.85705194146728, "right": -74.85705194146728, "top": 40.725283604797355, "bottom": 40.725283604797355}, "text-field": "7"}, "geometry": {"type": "Point", "coordinates": [-74.85705194146728, 40.725283604797355]}}, {"type": "Feature", "properties": {"id": "8", "NAME": "8", "text-color": "#000000", "text-size": 16, "featureLabel": {"left": -74.06939214468385, "right": -74.06939214468385, "top": 40.67565620748901, "bottom": 40.67565620748901}, "text-field": "8"}, "geometry": {"type": "Point", "coordinates": [-74.06939214468385, 40.67565620748901]}}, {"type": "Feature", "properties": {"id": "9", "NAME": "9", "text-color": "#000000", "text-size": 16, "featureLabel": {"left": -74.11682568704222, "right": -74.11682568704222, "top": 40.86876873373413, "bottom": 40.86876873373413}, "text-field": "9"}, "geometry": {"type": "Point", "coordinates": [-74.11682568704222, 40.86876873373413]}}, {"type": "Feature", "properties": {"id": "10", "NAME": "10", "text-color": "#000000", "text-size": 16, "featureLabel": {"left": -74.21032769580076, "right": -74.21032769580076, "top": 40.724424402832035, "bottom": 40.724424402832035}, "text-field": "10"}, "geometry": {"type": "Point", "coordinates": [-74.21032769580076, 40.724424402832035]}}, {"type": "Feature", "properties": {"id": "11", "NAME": "11", "text-color": "#000000", "text-size": 16, "featureLabel": {"left": -74.42468265692136, "right": -74.42468265692136, "top": 40.882793718811044, "bottom": 40.882793718811044}, "text-field": "11"}, "geometry": {"type": "Point", "coordinates": [-74.42468265692136, 40.882793718811044]}}, {"type": "Feature", "properties": {"id": "12", "NAME": "12", "text-color": "#000000", "text-size": 16, "featureLabel": {"left": -74.57388363807678, "right": -74.57388363807678, "top": 40.408197032272334, "bottom": 40.408197032272334}, "text-field": "12"}, "geometry": {"type": "Point", "coordinates": [-74.57388363807678, 40.408197032272334]}}]}}