{"type": "FeatureCollection", "features": [{"type": "Feature", "properties": {"id": 1, "NAME": "1", "text-color": "#000000", "text-size": 16, "TotalPop": 775836, "PopDevPct": -0.00040746, "DemPct": 0.50244007, "RepPct": 0.47982914, "WhitePct": 0.43922497, "MinorityPct": 0.56077503, "BlackPct": 0.11739989, "HispanicPct": 0.32183508, "PacificPct": 0.01426226, "AsianPct": 0.10402767, "NativePct": 0.02970457, "TotalVAP": 599975, "Margin": 0.00244007, "color": "#0000FF", "opacity": "0.5", "year": 2022, "state": "NV", "state-district": "NV-01"}, "geometry": {"type": "MultiPolygon", "coordinates": [[[[-115.148679, 36.156972], [-115.149782, 36.155306], [-115.151025, 36.153272], [-115.151882, 36.152061], [-115.152416, 36.151229], [-115.152445, 36.151187], [-115.154243, 36.14838], [-115.154314, 36.148276], [-115.155681, 36.146279], [-115.156223, 36.14545], [-115.156784, 36.144552], [-115.157331, 36.143719], [-115.158502, 36.143736], [-115.164779, 36.144009], [-115.166124, 36.14407], [-115.167541, 36.144123], [-115.169237, 36.144202], [-115.170852, 36.144305], [-115.171144, 36.144314], [-115.171358, 36.14407], [-115.177451, 36.137126], [-115.179803, 36.133479], [-115.180634, 36.130331], [-115.180776, 36.126207], [-115.180819, 36.121524], [-115.18081, 36.120328], [-115.180769, 36.119756], [-115.180801, 36.114543], [-115.180797, 36.114362], [-115.180832, 36.108122], [-115.180838, 36.100694], [-115.180863, 36.093461], [-115.181304, 36.093457], [-115.183459, 36.093527], [-115.185563, 36.093599], [-115.185556, 36.088084], [-115.185566, 36.08616], [-115.184281, 36.086077], [-115.182735, 36.086046], [-115.180878, 36.085987], [-115.180544, 36.085996], [-115.180542, 36.076658], [-115.176888, 36.075783], [-115.175825, 36.075082], [-115.174718, 36.073576], [-115.172472, 36.072307], [-115.172349, 36.071101], [-115.163451, 36.071221], [-115.161418, 36.071257], [-115.158182, 36.071292], [-115.154563, 36.071335], [-115.14627, 36.071533], [-115.14597, 36.07154], [-115.141238, 36.071631], [-115.136558, 36.071784], [-115.134528, 36.071771], [-115.127739, 36.071726], [-115.125495, 36.071688], [-115.123756, 36.071659], [-115.118687, 36.071567], [-115.118701, 36.074295], [-115.118744, 36.0789], [-115.118788, 36.082533], [-115.118813, 36.086181], [-115.11657, 36.086234], [-115.114363, 36.086302], [-115.112939, 36.086343], [-115.10992, 36.086426], [-115.106113, 36.086394], [-115.105426, 36.086387], [-115.104327, 36.086378], [-115.102642, 36.086364], [-115.100951, 36.086355], [-115.098063, 36.086136], [-115.096318, 36.085998], [-115.091316, 36.085618], [-115.086732, 36.085614], [-115.084436, 36.085608], [-115.084389, 36.085608], [-115.082108, 36.085605], [-115.079877, 36.085619], [-115.077618, 36.085619], [-115.0777, 36.083657], [-115.079314, 36.083649], [-115.079475, 36.081931], [-115.080537, 36.08195], [-115.080567, 36.080091], [-115.081575, 36.080102], [-115.082246, 36.080106], [-115.081956, 36.078236], [-115.08296, 36.077707], [-115.08231, 36.076331], [-115.082325, 36.074548], [-115.082332, 36.07446], [-115.082331, 36.074364], [-115.082328, 36.073812], [-115.082328, 36.073662], [-115.082331, 36.073629], [-115.083922, 36.073696], [-115.08469, 36.073219], [-115.084697, 36.072804], [-115.087031, 36.072901], [-115.087036, 36.072651], [-115.087046, 36.072188], [-115.087079, 36.071044], [-115.087626, 36.071074], [-115.088528, 36.070542], [-115.088498, 36.069314], [-115.088595, 36.069318], [-115.089413, 36.06936], [-115.089393, 36.068224], [-115.089387, 36.06755], [-115.091731, 36.067637], [-115.091697, 36.067138], [-115.09168, 36.066879], [-115.091674, 36.066487], [-115.091619, 36.064007], [-115.093226, 36.064001], [-115.093701, 36.064057], [-115.09618, 36.064124], [-115.096097, 36.062383], [-115.096064, 36.061687], [-115.096013, 36.060525], [-115.100456, 36.060662], [-115.10033, 36.057033], [-115.100314, 36.055322], [-115.100307, 36.053921], [-115.100301, 36.053381], [-115.108014, 36.053279], [-115.108799, 36.053287], [-115.109254, 36.053287], [-115.109257, 36.049627], [-115.111619, 36.049611], [-115.11663, 36.04956], [-115.118156, 36.049539], [-115.118185, 36.04785], [-115.118189, 36.04713], [-115.118208, 36.045924], [-115.118228, 36.044058], [-115.113743, 36.0441], [-115.11375, 36.04228], [-115.114099, 36.042273], [-115.115642, 36.042255], [-115.116001, 36.042258], [-115.116027, 36.040429], [-115.118267, 36.040412], [-115.118294, 36.038585], [-115.118318, 36.036736], [-115.118349, 36.034945], [-115.118381, 36.033337], [-115.118383, 36.033106], [-115.11388, 36.033137], [-115.113883, 36.032802], [-115.113916, 36.030728], [-115.113931, 36.02983], [-115.113973, 36.029829], [-115.113981, 36.02945], [-115.113991, 36.027639], [-115.113916, 36.027639], [-115.113227, 36.027636], [-115.110949, 36.027616], [-115.107683, 36.02764], [-115.106922, 36.027639], [-115.10337, 36.027722], [-115.10155, 36.027762], [-115.100464, 36.027787], [-115.100535, 36.025694], [-115.100628, 36.023682], [-115.100649, 36.02345], [-115.100624, 36.020513], [-115.102912, 36.0205], [-115.10518, 36.020492], [-115.107427, 36.020485], [-115.109652, 36.020478], [-115.114146, 36.020458], [-115.116405, 36.020479], [-115.118605, 36.020481], [-115.118662, 36.01869], [-115.118664, 36.018545], [-115.118698, 36.016909], [-115.118757, 36.014212], [-115.118778, 36.013339], [-115.118803, 36.01234], [-115.118843, 36.008807], [-115.118898, 36.003878], [-115.118903, 36.003614], [-115.120321, 36.002688], [-115.12042, 36.002777], [-115.125983, 35.998835], [-115.127359, 36.000144], [-115.129253, 35.999233], [-115.132416, 35.999075], [-115.134661, 35.999094], [-115.136912, 35.999104], [-115.136881, 35.99546], [-115.136851, 35.991516], [-115.136849, 35.991025], [-115.136847, 35.990842], [-115.140918, 35.987865], [-115.145326, 35.98474], [-115.145625, 35.984733], [-115.146267, 35.984734], [-115.145777, 35.985628], [-115.145829, 35.991797], [-115.145847, 35.99375], [-115.147801, 35.993772], [-115.147936, 35.993776], [-115.150363, 35.993807], [-115.150354, 35.992901], [-115.154829, 35.992947], [-115.154816, 35.992029], [-115.154831, 35.991145], [-115.152586, 35.991115], [-115.152579, 35.990202], [-115.154804, 35.990238], [-115.154751, 35.98836], [-115.154717, 35.987519], [-115.154694, 35.985829], [-115.154721, 35.984813], [-115.154803, 35.981194], [-115.154789, 35.980845], [-115.154728, 35.978156], [-115.154727, 35.978019], [-115.155434, 35.97752], [-115.155686, 35.977516], [-115.156438, 35.977504], [-115.15858, 35.975967], [-115.159503, 35.976553], [-115.160558, 35.975796], [-115.161409, 35.975308], [-115.161404, 35.974694], [-115.163684, 35.974657], [-115.163507, 35.973627], [-115.164741, 35.973461], [-115.164729, 35.972193], [-115.165468, 35.971663], [-115.16583, 35.970208], [-115.165803, 35.970226], [-115.165802, 35.970046], [-115.166403, 35.969627], [-115.167223, 35.969055], [-115.167449, 35.96905], [-115.168046, 35.968614], [-115.168053, 35.969959], [-115.172766, 35.969861], [-115.17286, 35.965823], [-115.181592, 35.961884], [-115.181803, 35.955032], [-115.182045, 35.950746], [-115.182841, 35.94697], [-115.18462, 35.942607], [-115.186025, 35.940247], [-115.192823, 35.930439], [-115.196269, 35.925654], [-115.208993, 35.907744], [-115.216388, 35.897284], [-115.214658, 35.897293], [-115.212496, 35.897305], [-115.207049, 35.897288], [-115.207352, 35.888266], [-115.207453, 35.880915], [-115.207305, 35.876828], [-115.206996, 35.85919], [-115.206658, 35.846307], [-115.206336, 35.828765], [-115.206061, 35.821584], [-115.20598, 35.813492], [-115.205829, 35.80851], [-115.208145, 35.80851], [-115.208394, 35.792705], [-115.208394, 35.786457], [-115.208596, 35.779357], [-115.208793, 35.770489], [-115.209095, 35.751459], [-115.209095, 35.747398], [-115.209101, 35.746633], [-115.211354, 35.72909], [-115.211096, 35.727345], [-115.209306, 35.720493], [-115.209263, 35.720309], [-115.209379, 35.701707], [-115.209632, 35.651737], [-115.209333, 35.650657], [-115.207968, 35.649427], [-115.207278, 35.590276], [-115.19864, 35.590322], [-115.177213, 35.590217], [-115.156061, 35.590322], [-115.149151, 35.590488], [-115.138582, 35.59024], [-115.130249, 35.59024], [-115.113786, 35.589826], [-115.100841, 35.589661], [-115.090929, 35.589627], [-115.080072, 35.589662], [-115.069359, 35.589559], [-115.037269, 35.588732], [-115.036256, 35.589318], [-115.033969, 35.589131], [-115.025985, 35.588892], [-115.009848, 35.588573], [-114.998411, 35.588397], [-114.966436, 35.588493], [-114.934846, 35.588579], [-114.915759, 35.588539], [-114.915291, 35.588536], [-114.899994, 35.589029], [-114.899942, 35.589179], [-114.8861, 35.589206], [-114.886017, 35.589184], [-114.840136, 35.588639], [-114.776543, 35.588794], [-114.77141, 35.588671], [-114.751197, 35.588561], [-114.671861, 35.588353], [-114.670813, 35.588358], [-114.669643, 35.588391], [-114.668022, 35.588342], [-114.658824, 35.588319], [-114.655586, 35.594819], [-114.654518, 35.596609], [-114.6539, 35.598491], [-114.653731, 35.600373], [-114.654489, 35.605173], [-114.653618, 35.607192], [-114.653534, 35.609672], [-114.653927, 35.611739], [-114.655219, 35.614059], [-114.657241, 35.617046], [-114.659461, 35.619552], [-114.660641, 35.620334], [-114.663647, 35.620773], [-114.665389, 35.621556], [-114.666682, 35.623073], [-114.668087, 35.627115], [-114.669015, 35.628861], [-114.672134, 35.633365], [-114.675001, 35.638304], [-114.677615, 35.641774], [-114.679415, 35.643429], [-114.683462, 35.646096], [-114.686133, 35.647522], [-114.689001, 35.65028], [-114.689481, 35.65137], [-114.689226, 35.652898], [-114.690016, 35.660016], [-114.690494, 35.662657], [-114.690214, 35.665159], [-114.689568, 35.666261], [-114.686055, 35.670642], [-114.682317, 35.677825], [-114.680827, 35.682255], [-114.680631, 35.684046], [-114.680997, 35.685929], [-114.682657, 35.688571], [-114.685694, 35.690341], [-114.688113, 35.691354], [-114.691263, 35.693125], [-114.696214, 35.69655], [-114.701416, 35.701084], [-114.703608, 35.703922], [-114.705597, 35.708274], [-114.705347, 35.708344], [-114.705447, 35.711757], [-114.703255, 35.717541], [-114.699405, 35.726929], [-114.697859, 35.731657], [-114.69654, 35.738934], [-114.696401, 35.742673], [-114.696655, 35.746143], [-114.697585, 35.748417], [-114.697726, 35.750966], [-114.696854, 35.752756], [-114.696546, 35.754638], [-114.694267, 35.756633], [-114.694717, 35.757897], [-114.69742, 35.760677], [-114.700266, 35.766879], [-114.701027, 35.76968], [-114.70117, 35.774112], [-114.700074, 35.780126], [-114.699036, 35.788046], [-114.699318, 35.79048], [-114.703178, 35.794685], [-114.705827, 35.798889], [-114.71149, 35.80438], [-114.712026, 35.805529], [-114.710534, 35.807525], [-114.709718, 35.809453], [-114.708818, 35.810577], [-114.70634, 35.812022], [-114.703271, 35.815233], [-114.700654, 35.822004], [-114.697276, 35.826776], [-114.69553, 35.829897], [-114.695249, 35.832285], [-114.695757, 35.833387], [-114.701478, 35.839316], [-114.702085, 35.840239], [-114.702339, 35.842151], [-114.703527, 35.841845], [-114.704173, 35.842669], [-114.704203, 35.844274], [-114.706076, 35.845873], [-114.706532, 35.849027], [-114.705856, 35.850508], [-114.703599, 35.852595], [-114.699985, 35.853591], [-114.695291, 35.853987], [-114.693446, 35.855125], [-114.691456, 35.858661], [-114.689581, 35.859916], [-114.68205, 35.86295], [-114.678186, 35.863311], [-114.672289, 35.865011], [-114.669399, 35.86528], [-114.667471, 35.867061], [-114.662623, 35.869213], [-114.661636, 35.871233], [-114.663214, 35.873692], [-114.668145, 35.875201], [-114.672009, 35.878018], [-114.678972, 35.88551], [-114.684554, 35.889442], [-114.693602, 35.895311], [-114.69454, 35.896587], [-114.696064, 35.896464], [-114.695586, 35.896939], [-114.694928, 35.897594], [-114.696132, 35.898662], [-114.697558, 35.89936], [-114.700258, 35.901757], [-114.700769, 35.903064], [-114.703538, 35.906707], [-114.706767, 35.90895], [-114.708112, 35.909933], [-114.709187, 35.916827], [-114.707784, 35.916993], [-114.707398, 35.918057], [-114.70788, 35.919207], [-114.707523, 35.921645], [-114.707329, 35.926177], [-114.707603, 35.92795], [-114.708397, 35.928738], [-114.712965, 35.932159], [-114.713413, 35.9319], [-114.713312, 35.933844], [-114.721569, 35.946738], [-114.729762, 35.959895], [-114.728496, 35.960395], [-114.729328, 35.962428], [-114.73009, 35.962691], [-114.732456, 35.965891], [-114.736195, 35.969421], [-114.740536, 35.975545], [-114.743494, 35.983553], [-114.743638, 35.985785], [-114.743117, 35.987387], [-114.739413, 35.991363], [-114.739481, 35.992542], [-114.740544, 35.994853], [-114.740815, 35.997464], [-114.741536, 35.99969], [-114.741679, 36.002283], [-114.743163, 36.006722], [-114.743005, 36.00845], [-114.741177, 36.01231], [-114.741099, 36.012465], [-114.738555, 36.015223], [-114.73729, 36.016179], [-114.728874, 36.021387], [-114.723324, 36.026588], [-114.722214, 36.027964], [-114.722096, 36.028952], [-114.723673, 36.03123], [-114.727602, 36.033099], [-114.730563, 36.036207], [-114.733417, 36.037913], [-114.735739, 36.038033], [-114.740018, 36.037467], [-114.741262, 36.038044], [-114.742105, 36.039792], [-114.742661, 36.042573], [-114.742479, 36.045697], [-114.741677, 36.047877], [-114.739458, 36.050193], [-114.736322, 36.052686], [-114.73508, 36.054435], [-114.735285, 36.056648], [-114.736023, 36.059063], [-114.74006, 36.062437], [-114.741129, 36.065454], [-114.744408, 36.066181], [-114.755614, 36.07319], [-114.771155, 36.082097], [-114.798445, 36.097138], [-114.819589, 36.107797], [-114.833686, 36.113347], [-114.846531, 36.117863], [-114.850248, 36.117683], [-114.854276, 36.118072], [-114.859165, 36.120295], [-114.861693, 36.122183], [-114.862601, 36.125175], [-114.866576, 36.128387], [-114.870734, 36.130285], [-114.87329, 36.132142], [-114.875145, 36.132441], [-114.876749, 36.131642], [-114.878186, 36.132601], [-114.880304, 36.13201], [-114.880818, 36.13083], [-114.882395, 36.129962], [-114.884353, 36.129851], [-114.887173, 36.129309], [-114.888575, 36.129739], [-114.891499, 36.128621], [-114.893582, 36.126413], [-114.897105, 36.125134], [-114.898888, 36.123878], [-114.900638, 36.123163], [-114.902492, 36.123253], [-114.904899, 36.122235], [-114.906387, 36.12178], [-114.906485, 36.119254], [-114.907631, 36.119253], [-114.907926, 36.10916], [-114.907954, 36.103587], [-114.908121, 36.100925], [-114.90361, 36.100915], [-114.903689, 36.099385], [-114.903726, 36.099295], [-114.905067, 36.096688], [-114.909687, 36.090202], [-114.911734, 36.088317], [-114.913404, 36.087612], [-114.919146, 36.085944], [-114.923606, 36.084292], [-114.929804, 36.081925], [-114.934584, 36.079641], [-114.939466, 36.077592], [-114.939527, 36.077985], [-114.939602, 36.078825], [-114.939727, 36.08033], [-114.93976, 36.080677], [-114.940234, 36.08623], [-114.939523, 36.100012], [-114.939472, 36.101029], [-114.937685, 36.101022], [-114.937708, 36.102021], [-114.941527, 36.101636], [-114.943706, 36.099911], [-114.94615, 36.097527], [-114.947836, 36.097016], [-114.95044, 36.095617], [-114.956672, 36.094768], [-114.962145, 36.093417], [-114.965016, 36.092981], [-114.972632, 36.090159], [-114.97535, 36.089831], [-114.975598, 36.101595], [-114.975985, 36.119968], [-114.976481, 36.143449], [-114.976813, 36.159151], [-114.989959, 36.159006], [-114.9904, 36.159077], [-114.991041, 36.159074], [-114.990784, 36.162895], [-114.990614, 36.189722], [-114.990521, 36.196398], [-114.990476, 36.201985], [-114.995658, 36.200396], [-115.001062, 36.199325], [-115.006708, 36.198955], [-115.008653, 36.198834], [-115.008875, 36.201771], [-115.0102, 36.202535], [-115.013413, 36.202481], [-115.015242, 36.202464], [-115.017889, 36.20245], [-115.018836, 36.202452], [-115.019684, 36.202451], [-115.022484, 36.202471], [-115.026939, 36.20251], [-115.02682, 36.203781], [-115.026745, 36.204478], [-115.026583, 36.206122], [-115.026466, 36.207112], [-115.026226, 36.209496], [-115.026152, 36.210379], [-115.026024, 36.211667], [-115.02574, 36.214369], [-115.025324, 36.218208], [-115.02681, 36.218212], [-115.028042, 36.218208], [-115.029865, 36.218269], [-115.030078, 36.215743], [-115.030236, 36.214345], [-115.032595, 36.21428], [-115.033065, 36.210574], [-115.033378, 36.210586], [-115.034931, 36.210631], [-115.043595, 36.210886], [-115.043648, 36.206739], [-115.043676, 36.203544], [-115.053131, 36.20354], [-115.055317, 36.203543], [-115.057559, 36.203539], [-115.057666, 36.203541], [-115.062096, 36.203598], [-115.062241, 36.2036], [-115.066672, 36.20347], [-115.068898, 36.203408], [-115.071175, 36.203343], [-115.071124, 36.199634], [-115.071065, 36.197773], [-115.070998, 36.195917], [-115.070943, 36.19421], [-115.070927, 36.193727], [-115.070881, 36.1922], [-115.070869, 36.191773], [-115.070857, 36.19108], [-115.070844, 36.190351], [-115.070823, 36.189642], [-115.070785, 36.18848], [-115.070831, 36.18848], [-115.072234, 36.188505], [-115.073885, 36.188497], [-115.074854, 36.188497], [-115.075309, 36.188497], [-115.079874, 36.188506], [-115.082578, 36.188459], [-115.0841, 36.188428], [-115.086235, 36.188391], [-115.086803, 36.188379], [-115.087948, 36.188348], [-115.089099, 36.188332], [-115.09161, 36.188293], [-115.09221, 36.188281], [-115.092284, 36.18828], [-115.092455, 36.188277], [-115.092971, 36.188269], [-115.093144, 36.188267], [-115.093645, 36.188252], [-115.0937, 36.188251], [-115.095408, 36.188204], [-115.096125, 36.188188], [-115.097116, 36.188167], [-115.098284, 36.188129], [-115.102417, 36.188208], [-115.103085, 36.188224], [-115.103727, 36.18824], [-115.104175, 36.188249], [-115.105968, 36.188285], [-115.107209, 36.188312], [-115.107689, 36.188324], [-115.1095, 36.18836], [-115.111211, 36.188392], [-115.111655, 36.188401], [-115.116108, 36.188483], [-115.11777, 36.188477], [-115.118348, 36.188475], [-115.119505, 36.18847], [-115.120571, 36.188465], [-115.122409, 36.188455], [-115.125051, 36.188443], [-115.127512, 36.188435], [-115.130564, 36.188451], [-115.13395, 36.188441], [-115.134034, 36.186277], [-115.134025, 36.184673], [-115.13401, 36.182284], [-115.134163, 36.181185], [-115.135558, 36.177362], [-115.135862, 36.176793], [-115.136445, 36.175878], [-115.136812, 36.175297], [-115.137098, 36.174903], [-115.137827, 36.173721], [-115.137905, 36.173598], [-115.138433, 36.172762], [-115.139141, 36.171576], [-115.138054, 36.17111], [-115.138717, 36.169949], [-115.139874, 36.170429], [-115.140647, 36.169241], [-115.141426, 36.168082], [-115.142187, 36.166923], [-115.14369, 36.164576], [-115.144463, 36.16342], [-115.145221, 36.162255], [-115.14599, 36.161087], [-115.146747, 36.159924], [-115.147419, 36.158886], [-115.147499, 36.158766], [-115.148679, 36.156972]]]]}}, {"type": "Feature", "properties": {"id": 2, "NAME": "2", "text-color": "#000000", "text-size": 16, "TotalPop": 776235, "PopDevPct": 0.00010662, "DemPct": 0.41867907, "RepPct": 0.55795368, "WhitePct": 0.66774135, "MinorityPct": 0.33225865, "BlackPct": 0.02811973, "HispanicPct": 0.19776607, "PacificPct": 0.00895701, "AsianPct": 0.05958136, "NativePct": 0.04508126, "TotalVAP": 611030, "Margin": -0.08132093, "color": "#008000", "opacity": "0.5", "year": 2022, "state": "NV", "state-district": "NV-02"}, "geometry": {"type": "MultiPolygon", "coordinates": [[[[-118.417752, 39.073691], [-118.3916, 39.073509], [-118.375964, 39.073473], [-118.333164, 39.073741], [-118.320728, 39.073742], [-118.314452, 39.07366], [-118.304329, 39.073571], [-118.301914, 39.073727], [-118.273299, 39.073738], [-118.264169, 39.073623], [-118.250962, 39.07375], [-118.243645, 39.07335], [-118.20957, 39.073494], [-118.194068, 39.073427], [-118.125958, 39.073512], [-118.125023, 39.073416], [-118.099036, 39.073548], [-118.046076, 39.073493], [-118.000955, 39.073438], [-117.996813, 39.073618], [-117.966826, 39.073632], [-117.929234, 39.073647], [-117.889564, 39.073715], [-117.865116, 39.073654], [-117.830154, 39.081389], [-117.830118, 39.081397], [-117.805078, 39.086897], [-117.775468, 39.093425], [-117.763782, 39.095375], [-117.75101, 39.097508], [-117.693344, 39.107246], [-117.682046, 39.109079], [-117.646991, 39.115001], [-117.629239, 39.117856], [-117.620483, 39.11916], [-117.61312, 39.120369], [-117.601369, 39.122242], [-117.587226, 39.124926], [-117.55998, 39.129494], [-117.541408, 39.132611], [-117.506706, 39.138434], [-117.500933, 39.139404], [-117.472618, 39.143612], [-117.43353, 39.14906], [-117.375928, 39.157093], [-117.357439, 39.159548], [-117.356735, 39.159652], [-117.331857, 39.16343], [-117.299736, 39.16341], [-117.279072, 39.163364], [-117.250924, 39.163398], [-117.232056, 39.163211], [-117.220205, 39.163202], [-117.184522, 39.163257], [-117.177239, 39.163268], [-117.125922, 39.163349], [-117.098432, 39.163224], [-117.093324, 39.163274], [-117.069658, 39.163303], [-117.060777, 39.163313], [-117.045762, 39.163329], [-117.014135, 39.16336], [-117.000223, 39.163327], [-116.964559, 39.163064], [-116.917515, 39.162728], [-116.875915, 39.162629], [-116.847447, 39.162227], [-116.836623, 39.162147], [-116.827065, 39.162077], [-116.750845, 39.161528], [-116.739213, 39.162256], [-116.730816, 39.162215], [-116.712433, 39.162108], [-116.691778, 39.161989], [-116.686697, 39.161959], [-116.639795, 39.161685], [-116.600946, 39.161463], [-116.595207, 39.16143], [-116.531413, 39.161599], [-116.481361, 39.161692], [-116.462325, 39.161703], [-116.410122, 39.161736], [-116.352052, 39.161761], [-116.335184, 39.16178], [-116.250896, 39.161831], [-116.235081, 39.161793], [-116.168293, 39.161631], [-116.125891, 39.161669], [-116.124608, 39.161525], [-116.112562, 39.161496], [-116.077941, 39.161413], [-116.032403, 39.161301], [-116.011735, 39.161241], [-116.002271, 39.161228], [-116.000886, 39.161845], [-115.99273, 39.161848], [-115.971554, 39.161845], [-115.967089, 39.161845], [-115.938632, 39.161855], [-115.907071, 39.161848], [-115.875874, 39.145428], [-115.869672, 39.142676], [-115.84256, 39.128325], [-115.794823, 39.10294], [-115.780242, 39.095218], [-115.766155, 39.087696], [-115.750827, 39.079636], [-115.742633, 39.074647], [-115.711239, 39.058135], [-115.69757, 39.050926], [-115.660353, 39.031252], [-115.644623, 39.022978], [-115.626766, 39.013579], [-115.62133, 39.010551], [-115.608149, 39.003461], [-115.607621, 39.003177], [-115.601585, 38.999933], [-115.599878, 38.999933], [-115.568275, 38.983412], [-115.567885, 38.98321], [-115.564731, 38.981464], [-115.545837, 38.971082], [-115.51031, 38.951991], [-115.500865, 38.946924], [-115.49753, 38.944964], [-115.463105, 38.926496], [-115.37586, 38.879697], [-115.368786, 38.87602], [-115.366694, 38.874938], [-115.301049, 38.839806], [-115.278296, 38.827549], [-115.274874, 38.825753], [-115.266707, 38.821168], [-115.250855, 38.81241], [-115.237279, 38.805124], [-115.184343, 38.776562], [-115.164441, 38.765824], [-115.15725, 38.761944], [-115.155883, 38.761264], [-115.134788, 38.749942], [-115.12585, 38.744604], [-115.122877, 38.743404], [-115.103436, 38.732923], [-115.079037, 38.719773], [-115.078517, 38.719485], [-115.057612, 38.708119], [-115.049426, 38.703715], [-115.047568, 38.702716], [-115.000846, 38.677322], [-114.962002, 38.677312], [-114.906426, 38.6773], [-114.875785, 38.677298], [-114.836333, 38.677335], [-114.831872, 38.669656], [-114.830815, 38.667907], [-114.827906, 38.66448], [-114.826023, 38.662784], [-114.824398, 38.660521], [-114.822174, 38.6587], [-114.820095, 38.653921], [-114.81703, 38.645823], [-114.811772, 38.64537], [-114.809538, 38.643602], [-114.807607, 38.642854], [-114.8026, 38.642427], [-114.801135, 38.641181], [-114.800361, 38.639472], [-114.799862, 38.63341], [-114.799824, 38.629368], [-114.799535, 38.62841], [-114.797615, 38.625877], [-114.794127, 38.622095], [-114.785707, 38.612108], [-114.781972, 38.607289], [-114.775301, 38.600943], [-114.770908, 38.597094], [-114.770016, 38.595298], [-114.770857, 38.593822], [-114.768523, 38.592161], [-114.762065, 38.589335], [-114.761302, 38.588815], [-114.756808, 38.587596], [-114.752766, 38.587798], [-114.748099, 38.588863], [-114.745931, 38.589717], [-114.742168, 38.590562], [-114.74016, 38.591727], [-114.737845, 38.592464], [-114.736328, 38.592373], [-114.73496, 38.592975], [-114.732167, 38.593426], [-114.730631, 38.593348], [-114.72946, 38.592701], [-114.726966, 38.592275], [-114.725016, 38.591434], [-114.723475, 38.591554], [-114.721202, 38.590947], [-114.718489, 38.592205], [-114.717628, 38.593614], [-114.715708, 38.59351], [-114.714408, 38.594134], [-114.710093, 38.59528], [-114.707201, 38.595807], [-114.705378, 38.596499], [-114.698747, 38.597785], [-114.695063, 38.597681], [-114.686819, 38.596635], [-114.667063, 38.592192], [-114.647734, 38.585961], [-114.646796, 38.594172], [-114.643058, 38.626208], [-114.642343, 38.629793], [-114.638378, 38.643428], [-114.634175, 38.657863], [-114.633577, 38.66066], [-114.632143, 38.673764], [-114.631914, 38.675733], [-114.630918, 38.675037], [-114.630149, 38.675706], [-114.629524, 38.6774], [-114.606608, 38.677331], [-114.563961, 38.677355], [-114.548165, 38.677353], [-114.500831, 38.677373], [-114.474228, 38.677344], [-114.470926, 38.677306], [-114.43153, 38.677329], [-114.375836, 38.677365], [-114.347307, 38.677344], [-114.278306, 38.677345], [-114.273475, 38.677346], [-114.267404, 38.677345], [-114.254871, 38.677346], [-114.210315, 38.677442], [-114.207657, 38.677447], [-114.171663, 38.677504], [-114.164808, 38.677614], [-114.158503, 38.677317], [-114.151459, 38.677317], [-114.123135, 38.677336], [-114.12023, 38.677335], [-114.0883, 38.677348], [-114.049807, 38.677365], [-114.049832, 38.682779], [-114.049692, 38.731192], [-114.049623, 38.767872], [-114.049618, 38.769106], [-114.049618, 38.773157], [-114.049621, 38.780105], [-114.049593, 38.799973], [-114.049603, 38.804425], [-114.049625, 38.828408], [-114.049653, 38.842255], [-114.049655, 38.85221], [-114.049579, 38.88348], [-114.049493, 38.90043], [-114.049387, 38.920149], [-114.04934, 38.929449], [-114.049358, 38.934748], [-114.049254, 38.949597], [-114.049171, 38.959577], [-114.049094, 38.986258], [-114.049025, 39.006552], [-114.048919, 39.030504], [-114.048903, 39.043592], [-114.048891, 39.057112], [-114.04881, 39.087848], [-114.048823, 39.098521], [-114.048764, 39.112374], [-114.048645, 39.159317], [-114.048542, 39.194931], [-114.048558, 39.201447], [-114.0485, 39.241932], [-114.048495, 39.260169], [-114.048375, 39.309588], [-114.048343, 39.332135], [-114.048215, 39.378363], [-114.048174, 39.386006], [-114.047988, 39.42267], [-114.047943, 39.447707], [-114.047894, 39.461852], [-114.047823, 39.492326], [-114.047649, 39.537524], [-114.047542, 39.598031], [-114.047551, 39.624941], [-114.047373, 39.651088], [-114.047301, 39.667585], [-114.047273, 39.672215], [-114.047238, 39.679905], [-114.047041, 39.694787], [-114.046839, 39.709111], [-114.047148, 39.737494], [-114.047726, 39.763588], [-114.047855, 39.779402], [-114.047839, 39.785375], [-114.047766, 39.808439], [-114.047217, 39.846973], [-114.047174, 39.85333], [-114.047169, 39.869263], [-114.047164, 39.873347], [-114.047114, 39.89552], [-114.04702, 39.906808], [-114.046994, 39.911513], [-114.04698, 39.947234], [-114.046936, 39.971929], [-114.046896, 39.980589], [-114.046806, 40.002926], [-114.046679, 40.061668], [-114.04671, 40.081025], [-114.046685, 40.099672], [-114.046614, 40.116936], [-114.046489, 40.136641], [-114.046456, 40.143255], [-114.046564, 40.154056], [-114.046475, 40.155306], [-114.046432, 40.179036], [-114.046522, 40.183899], [-114.046584, 40.200076], [-114.04648, 40.225447], [-114.04626, 40.242755], [-114.046273, 40.254928], [-114.046317, 40.264989], [-114.046208, 40.284052], [-114.046172, 40.290492], [-114.046197, 40.293363], [-114.046156, 40.332159], [-114.046087, 40.36025], [-114.046086, 40.360501], [-114.046082, 40.361599], [-114.046082, 40.361735], [-114.046081, 40.361752], [-114.046081, 40.361803], [-114.046081, 40.361821], [-114.0461, 40.372736], [-114.046035, 40.388453], [-114.046038, 40.388999], [-114.046099, 40.401848], [-114.04578, 40.416483], [-114.045671, 40.424544], [-114.04507, 40.43082], [-114.04507, 40.43992], [-114.045202, 40.448956], [-114.045332, 40.457793], [-114.045477, 40.49008], [-114.045407, 40.500112], [-114.045401, 40.500984], [-114.045401, 40.501087], [-114.045398, 40.50149], [-114.045397, 40.501629], [-114.045361, 40.506763], [-114.045283, 40.518228], [-114.04485, 40.578953], [-114.04467, 40.60742], [-114.044529, 40.62474], [-114.04405, 40.682461], [-114.043815, 40.717894], [-114.043762, 40.726034], [-114.043737, 40.729113], [-114.043722, 40.731488], [-114.043718, 40.732067], [-114.043689, 40.735776], [-114.043657, 40.73799], [-114.043654, 40.738142], [-114.043635, 40.73961], [-114.043401, 40.755552], [-114.043046, 40.780326], [-114.042876, 40.795614], [-114.042838, 40.814396], [-114.042779, 40.829358], [-114.042674, 40.845903], [-114.042637, 40.867649], [-114.042523, 40.879827], [-114.042477, 40.897577], [-114.042329, 40.922686], [-114.042302, 40.942092], [-114.04227, 40.954665], [-114.042153, 40.982138], [-114.041948, 41.010251], [-114.041794, 41.020902], [-114.041861, 41.023749], [-114.041695, 41.055791], [-114.041521, 41.103928], [-114.041542, 41.116701], [-114.041555, 41.119425], [-114.041502, 41.136496], [-114.041229, 41.153683], [-114.041369, 41.191271], [-114.041318, 41.211539], [-114.041189, 41.244603], [-114.041166, 41.254145], [-114.04099, 41.270791], [-114.040854, 41.292756], [-114.040742, 41.303121], [-114.040566, 41.334139], [-114.040528, 41.34197], [-114.040581, 41.362773], [-114.040598, 41.368202], [-114.040546, 41.391346], [-114.040488, 41.400672], [-114.04047, 41.425736], [-114.040446, 41.452926], [-114.04039, 41.47167], [-114.040289, 41.486183], [-114.040359, 41.495807], [-114.040727, 41.525021], [-114.040715, 41.534048], [-114.040467, 41.575051], [-114.040348, 41.581797], [-114.040168, 41.602387], [-114.040025, 41.614895], [-114.039799, 41.633212], [-114.039764, 41.651667], [-114.039802, 41.661217], [-114.039834, 41.701193], [-114.03972, 41.711839], [-114.039463, 41.719178], [-114.039783, 41.725998], [-114.039863, 41.733129], [-114.039707, 41.740817], [-114.040119, 41.77411], [-114.040177, 41.775203], [-114.039891, 41.829319], [-114.039888, 41.833632], [-114.040375, 41.84801], [-114.040315, 41.859407], [-114.040289, 41.864656], [-114.04042, 41.876987], [-114.040227, 41.883092], [-114.039978, 41.891345], [-114.039951, 41.903939], [-114.040293, 41.925371], [-114.040384, 41.935825], [-114.040218, 41.949878], [-114.040935, 41.967202], [-114.041374, 41.977717], [-114.041477, 41.993873], [-114.045295, 41.993802], [-114.061895, 41.993797], [-114.06191, 41.993939], [-114.08585, 41.993948], [-114.107528, 41.993831], [-114.107728, 41.993965], [-114.125851, 41.993936], [-114.125851, 41.993989], [-114.145053, 41.994007], [-114.160877, 41.994029], [-114.184822, 41.994076], [-114.196906, 41.994098], [-114.20174, 41.994108], [-114.217721, 41.994114], [-114.234654, 41.994114], [-114.248444, 41.994284], [-114.250855, 41.994314], [-114.281855, 41.994214], [-114.281799, 41.994441], [-114.284504, 41.994349], [-114.290348, 41.994352], [-114.300401, 41.994385], [-114.319509, 41.994412], [-114.33275, 41.994461], [-114.339858, 41.994504], [-114.349749, 41.994538], [-114.359435, 41.994464], [-114.369427, 41.994542], [-114.37886, 41.994457], [-114.396128, 41.99449], [-114.403057, 41.994488], [-114.42734, 41.994499], [-114.44149, 41.994522], [-114.475216, 41.994537], [-114.489677, 41.994633], [-114.501807, 41.99463], [-114.514212, 41.994565], [-114.537142, 41.994361], [-114.54886, 41.994238], [-114.562125, 41.99439], [-114.56869, 41.994377], [-114.587148, 41.994542], [-114.598281, 41.994594], [-114.603156, 41.994697], [-114.612139, 41.995076], [-114.620836, 41.995523], [-114.640258, 41.996248], [-114.651524, 41.996516], [-114.669336, 41.996854], [-114.674773, 41.99696], [-114.682694, 41.997082], [-114.701749, 41.99763], [-114.72104, 41.998394], [-114.735288, 41.998905], [-114.760372, 41.999776], [-114.778711, 42.000347], [-114.792441, 42.000829], [-114.808517, 42.001468], [-114.816425, 42.001791], [-114.823491, 42.001842], [-114.851754, 42.001716], [-114.85625, 42.001702], [-114.862441, 42.001414], [-114.875618, 42.000784], [-114.891964, 42.000141], [-114.900304, 41.999882], [-114.921326, 41.999462], [-114.930444, 41.999197], [-114.936234, 41.999042], [-114.948793, 41.998446], [-114.954842, 41.998166], [-114.972414, 41.997518], [-114.978955, 41.997473], [-114.993499, 41.997565], [-115.000052, 41.99721], [-115.003053, 41.996976], [-115.013765, 41.9966], [-115.033002, 41.996245], [-115.038157, 41.996279], [-115.062879, 41.996198], [-115.069421, 41.996137], [-115.103541, 41.996159], [-115.118774, 41.99613], [-115.143376, 41.996265], [-115.149424, 41.996237], [-115.161893, 41.996216], [-115.191944, 41.996281], [-115.219421, 41.996371], [-115.229947, 41.996358], [-115.238186, 41.996331], [-115.254908, 41.996271], [-115.267032, 41.996326], [-115.289279, 41.996335], [-115.310062, 41.996367], [-115.318498, 41.996424], [-115.343822, 41.996306], [-115.352449, 41.996317], [-115.365369, 41.99638], [-115.380717, 41.996449], [-115.396785, 41.996513], [-115.411906, 41.99652], [-115.425412, 41.996602], [-115.437211, 41.99663], [-115.454789, 41.996739], [-115.46124, 41.99671], [-115.486326, 41.996784], [-115.492117, 41.996808], [-115.504598, 41.996936], [-115.518354, 41.996858], [-115.526752, 41.99687], [-115.573194, 41.996906], [-115.580904, 41.996845], [-115.59172, 41.996915], [-115.624883, 41.996922], [-115.653264, 41.99692], [-115.672752, 41.996917], [-115.678588, 41.996841], [-115.687821, 41.996802], [-115.701886, 41.996908], [-115.711034, 41.996882], [-115.724543, 41.996891], [-115.733245, 41.996859], [-115.748045, 41.996797], [-115.755324, 41.996931], [-115.768613, 41.996961], [-115.769353, 41.996964], [-115.784535, 41.996893], [-115.799563, 41.996881], [-115.812059, 41.99696], [-115.817044, 41.996895], [-115.829846, 41.996909], [-115.84278, 41.996779], [-115.849404, 41.996789], [-115.871325, 41.997038], [-115.890261, 41.997172], [-115.909272, 41.997119], [-115.912457, 41.996971], [-115.92968, 41.996674], [-115.94639, 41.996553], [-115.950455, 41.996418], [-115.965867, 41.996385], [-115.986799, 41.996523], [-115.999132, 41.9965], [-116.012649, 41.996416], [-116.031551, 41.996362], [-116.045373, 41.996331], [-116.053878, 41.996748], [-116.066625, 41.9975], [-116.072666, 41.997501], [-116.084526, 41.997499], [-116.117621, 41.99762], [-116.133287, 41.997656], [-116.137904, 41.99766], [-116.146759, 41.997667], [-116.152535, 41.997616], [-116.160833, 41.997508], [-116.174799, 41.997687], [-116.190456, 41.997698], [-116.191003, 41.997698], [-116.201028, 41.997683], [-116.206229, 41.997684], [-116.225462, 41.997669], [-116.243962, 41.997651], [-116.25764, 41.997361], [-116.27247, 41.997391], [-116.302417, 41.997238], [-116.314496, 41.997069], [-116.317339, 41.997147], [-116.334654, 41.997268], [-116.339276, 41.997237], [-116.352973, 41.996874], [-116.368477, 41.99628], [-116.377923, 41.996324], [-116.378176, 41.996472], [-116.397298, 41.996444], [-116.407672, 41.9966], [-116.414038, 41.996738], [-116.440954, 41.996683], [-116.471093, 41.997095], [-116.484389, 41.99721], [-116.498188, 41.997443], [-116.503885, 41.99729], [-116.510517, 41.997276], [-116.523951, 41.997292], [-116.576393, 41.997413], [-116.586948, 41.997531], [-116.601502, 41.997588], [-116.617863, 41.997591], [-116.635231, 41.997676], [-116.647082, 41.997782], [-116.697532, 41.997864], [-116.7093, 41.997953], [-116.709505, 41.997954], [-116.726271, 41.998007], [-116.759685, 41.998201], [-116.79965, 41.998423], [-116.875964, 41.998765], [-116.891632, 41.998796], [-116.901095, 41.998851], [-116.932562, 41.998896], [-116.944675, 41.998715], [-116.959213, 41.998831], [-116.988742, 41.998782], [-117.008908, 41.998756], [-117.015534, 41.999317], [-117.018204, 41.999715], [-117.019095, 41.999598], [-117.0262, 42.000195], [-117.026197, 41.99989], [-117.046559, 41.999984], [-117.068398, 42.000035], [-117.125961, 42.000371], [-117.133667, 42.000439], [-117.178631, 42.000351], [-117.198024, 42.000383], [-117.2172, 42.000124], [-117.217551, 41.999887], [-117.250964, 41.999887], [-117.251232, 41.999787], [-117.292696, 41.999687], [-117.35825, 41.999516], [-117.36841, 41.9995], [-117.375967, 41.999407], [-117.395124, 41.999325], [-117.403613, 41.99929], [-117.438269, 41.999577], [-117.443062, 41.999659], [-117.467281, 41.999367], [-117.47199, 41.999425], [-117.495677, 41.999354], [-117.500967, 41.999464], [-117.506428, 41.999271], [-117.513476, 41.999207], [-117.515112, 41.999189], [-117.530197, 41.999024], [-117.610714, 41.998542], [-117.617188, 41.998505], [-117.623734, 41.998466], [-117.626018, 41.998096], [-117.645667, 41.998158], [-117.650514, 41.998122], [-117.65823, 41.998128], [-117.705781, 41.998161], [-117.717087, 41.998184], [-117.718549, 41.998189], [-117.722496, 41.998177], [-117.725418, 41.99818], [-117.737735, 41.998219], [-117.763086, 41.998282], [-117.789235, 41.998426], [-117.812415, 41.998417], [-117.838883, 41.998234], [-117.873467, 41.998335], [-117.87598, 41.998159], [-117.890613, 41.998133], [-117.914375, 41.998242], [-117.92168, 41.9982], [-117.960382, 41.997988], [-118.000985, 41.998059], [-118.00181, 41.997988], [-118.067935, 41.997663], [-118.070087, 41.997651], [-118.12404, 41.997367], [-118.129544, 41.997339], [-118.195869, 41.997001], [-118.197371, 41.997344], [-118.223189, 41.997249], [-118.242249, 41.997103], [-118.287995, 41.996826], [-118.30371, 41.996722], [-118.319946, 41.996554], [-118.327192, 41.99654], [-118.329327, 41.996536], [-118.348218, 41.996444], [-118.377414, 41.996239], [-118.396869, 41.995888], [-118.414024, 41.995914], [-118.434816, 41.995857], [-118.481791, 41.995408], [-118.538863, 41.994777], [-118.54201, 41.99474], [-118.569725, 41.994457], [-118.628607, 41.993399], [-118.634858, 41.99324], [-118.638755, 41.993118], [-118.640052, 41.993077], [-118.644699, 41.992962], [-118.676499, 41.992154], [-118.696124, 41.992121], [-118.707888, 41.992082], [-118.714985, 41.99214], [-118.738096, 41.992332], [-118.745862, 41.992499], [-118.757159, 41.99261], [-118.765792, 41.992509], [-118.793338, 41.992605], [-118.808347, 41.992613], [-118.870936, 41.992748], [-118.883832, 41.992772], [-118.903244, 41.992725], [-118.934234, 41.993158], [-118.982525, 41.993385], [-119.00106, 41.993551], [-119.045009, 41.993582], [-119.082125, 41.993715], [-119.115069, 41.993492], [-119.135208, 41.993403], [-119.164153, 41.99337], [-119.203995, 41.993498], [-119.204632, 41.993511], [-119.222922, 41.993672], [-119.238096, 41.993898], [-119.257872, 41.993817], [-119.295133, 41.993934], [-119.321043, 41.993926], [-119.324184, 41.993923], [-119.336778, 41.993956], [-119.355582, 41.994227], [-119.37632, 41.994444], [-119.383184, 41.994588], [-119.401713, 41.994977], [-119.433079, 41.995474], [-119.455515, 41.995717], [-119.475951, 41.995772], [-119.493762, 41.995727], [-119.511751, 41.995765], [-119.531434, 41.995787], [-119.574007, 41.995752], [-119.613241, 41.995909], [-119.646336, 41.996133], [-119.67308, 41.996342], [-119.710989, 41.996182], [-119.733556, 41.996251], [-119.755983, 41.996545], [-119.770254, 41.997036], [-119.777319, 41.997159], [-119.789711, 41.997388], [-119.80213, 41.997417], [-119.826835, 41.997477], [-119.84854, 41.997476], [-119.888772, 41.997422], [-119.908647, 41.997154], [-119.948657, 41.996736], [-119.96044, 41.996348], [-119.9687, 41.996073], [-119.986801, 41.995709], [-119.999234, 41.994944], [-119.999169, 41.99373], [-119.999332, 41.907702], [-119.999261, 41.891286], [-119.999276, 41.874895], [-119.998693, 41.80218], [-119.998295, 41.749915], [-119.998698, 41.720632], [-119.998754, 41.671328], [-119.998823, 41.665148], [-119.998902, 41.657899], [-119.998861, 41.624937], [-119.998287, 41.618818], [-119.998307, 41.615544], [-119.998575, 41.581432], [-119.998762, 41.557943], [-119.999043, 41.522864], [-119.999471, 41.499894], [-119.999494, 41.488826], [-119.999552, 41.470218], [-119.999757, 41.37465], [-119.999716, 41.367814], [-119.999699, 41.36511], [-119.999836, 41.322491], [-120.000016, 41.266548], [-120.000073, 41.249758], [-119.99978, 41.241948], [-119.99976, 41.236061], [-119.999874, 41.176444], [-119.999807, 41.162328], [-119.999799, 41.155921], [-119.999995, 41.122559], [-120.000039, 41.082999], [-119.999875, 41.054041], [-119.999888, 41.039538], [-119.999802, 41.021836], [-119.999875, 40.999894], [-119.999418, 40.916761], [-119.999251, 40.875931], [-119.999281, 40.871466], [-119.998903, 40.83209], [-119.998873, 40.821786], [-119.998672, 40.796119], [-119.998785, 40.77385], [-119.998502, 40.751444], [-119.99759, 40.683547], [-119.997477, 40.671422], [-119.997235, 40.657369], [-119.997073, 40.64232], [-119.996811, 40.624764], [-119.996739, 40.613132], [-119.996644, 40.599447], [-119.996231, 40.584284], [-119.995976, 40.57055], [-119.995897, 40.552808], [-119.99582, 40.541628], [-119.99583, 40.510725], [-119.995796, 40.496248], [-119.995687, 40.481752], [-119.995664, 40.452902], [-119.995598, 40.438366], [-119.995705, 40.37583], [-119.996445, 40.332641], [-119.996536, 40.318131], [-119.996265, 40.274521], [-119.996284, 40.245449], [-119.99646, 40.230856], [-119.996528, 40.21892], [-119.996659, 40.200694], [-119.997006, 40.186235], [-119.996944, 40.17158], [-119.997016, 40.154331], [-119.997015, 40.153277], [-119.997002, 40.142579], [-119.99717, 40.126322], [-119.997215, 40.114498], [-119.997352, 40.099991], [-119.997344, 40.096363], [-119.997333, 40.091788], [-119.997304, 40.077208], [-119.99722, 40.069812], [-119.997346, 40.056075], [-119.99742, 40.039203], [-119.997706, 39.999905], [-119.997903, 39.981636], [-119.998279, 39.963105], [-119.998445, 39.95511], [-119.998626, 39.938032], [-119.998833, 39.923559], [-119.999084, 39.904257], [-119.999174, 39.874913], [-119.999461, 39.865535], [-119.999941, 39.83758], [-120.000028, 39.822084], [-120.000306, 39.808523], [-120.000489, 39.797269], [-120.000548, 39.775223], [-120.000805, 39.759846], [-120.001133, 39.752229], [-120.001013, 39.734189], [-120.001062, 39.722418], [-120.000979, 39.714348], [-120.000959, 39.680613], [-120.000903, 39.675144], [-120.000912, 39.673642], [-120.000918, 39.673], [-120.000925, 39.672255], [-120.001049, 39.66702], [-120.001157, 39.650294], [-120.00114, 39.635795], [-120.00082, 39.606828], [-120.001477, 39.578827], [-120.001505, 39.57057], [-120.001947, 39.548724], [-120.00174, 39.534444], [-120.001789, 39.527642], [-120.001823, 39.525693], [-120.001878, 39.522402], [-120.001918, 39.520095], [-120.00215, 39.50542], [-120.002155, 39.504362], [-120.002181, 39.502882], [-120.002187, 39.502567], [-120.002299, 39.495799], [-120.002303, 39.495515], [-120.002317, 39.494657], [-120.002496, 39.487086], [-120.002827, 39.474381], [-120.002888, 39.468169], [-120.00289, 39.467956], [-120.002899, 39.466295], [-120.002903, 39.465635], [-120.003056, 39.463185], [-120.003383, 39.456849], [-120.006127, 39.374106], [-120.006276, 39.330683], [-120.006326, 39.315819], [-120.00645, 39.279574], [-120.006452, 39.278897], [-120.006473, 39.272878], [-120.005686, 39.244263], [-120.005679, 39.236249], [-120.005611, 39.228335], [-120.005577, 39.227426], [-120.005722, 39.226973], [-120.005726, 39.22604], [-120.005634, 39.22261], [-120.005541, 39.218029], [-120.00453, 39.187445], [-120.004297, 39.165603], [-120.004024, 39.148764], [-120.003741, 39.12491], [-120.003429, 39.112687], [-120.001014, 38.999574], [-119.976692, 38.98286], [-119.95134, 38.965437], [-119.949641, 38.96427], [-119.945998, 38.961916], [-119.942042, 38.959224], [-119.938756, 38.956919], [-119.931847, 38.952301], [-119.905569, 38.934189], [-119.900596, 38.93076], [-119.887245, 38.921487], [-119.877773, 38.914962], [-119.857455, 38.901034], [-119.85057, 38.89632], [-119.84379, 38.891731], [-119.839849, 38.889064], [-119.835142, 38.885879], [-119.832004, 38.88374], [-119.830371, 38.882584], [-119.821061, 38.875957], [-119.8142, 38.871325], [-119.803525, 38.86402], [-119.797453, 38.859836], [-119.790942, 38.85535], [-119.779027, 38.847126], [-119.769668, 38.840661], [-119.764631, 38.837183], [-119.753965, 38.829819], [-119.729324, 38.81279], [-119.726793, 38.81104], [-119.695346, 38.789305], [-119.691009, 38.786307], [-119.68212, 38.780163], [-119.677078, 38.776678], [-119.66672, 38.769519], [-119.656579, 38.762436], [-119.638339, 38.749904], [-119.635047, 38.747355], [-119.630757, 38.744282], [-119.625863, 38.740845], [-119.619602, 38.736586], [-119.60937, 38.729625], [-119.587647, 38.714727], [-119.552579, 38.690353], [-119.551635, 38.6897], [-119.548528, 38.68757], [-119.547659, 38.686975], [-119.5476, 38.686934], [-119.546293, 38.686039], [-119.542712, 38.683587], [-119.540864, 38.682321], [-119.530623, 38.675305], [-119.511529, 38.662222], [-119.501, 38.654374], [-119.494958, 38.650366], [-119.491567, 38.648107], [-119.477569, 38.63837], [-119.47224, 38.634663], [-119.459131, 38.626089], [-119.453783, 38.622405], [-119.450655, 38.619968], [-119.428134, 38.604126], [-119.401217, 38.584746], [-119.387962, 38.575301], [-119.375994, 38.566793], [-119.370117, 38.563281], [-119.360341, 38.5567], [-119.360167, 38.556583], [-119.333423, 38.538328], [-119.330052, 38.535961], [-119.329749, 38.57296], [-119.329747, 38.57321], [-119.329639, 38.588066], [-119.327992, 38.586684], [-119.325634, 38.585816], [-119.320478, 38.586367], [-119.319247, 38.586937], [-119.315108, 38.586687], [-119.314387, 38.586915], [-119.309816, 38.585129], [-119.307499, 38.583494], [-119.30383, 38.583656], [-119.301051, 38.582162], [-119.300182, 38.579965], [-119.297014, 38.578442], [-119.295314, 38.576494], [-119.293307, 38.574847], [-119.289948, 38.573648], [-119.289368, 38.571489], [-119.288375, 38.569758], [-119.28617, 38.573051], [-119.285537, 38.576361], [-119.285751, 38.578578], [-119.286348, 38.580319], [-119.28628, 38.58191], [-119.283169, 38.587149], [-119.28142, 38.612939], [-119.275387, 38.617317], [-119.275136, 38.619398], [-119.2739, 38.621784], [-119.270248, 38.624038], [-119.269547, 38.626825], [-119.264566, 38.632494], [-119.264619, 38.634631], [-119.266821, 38.635367], [-119.268702, 38.637058], [-119.272839, 38.646361], [-119.274303, 38.649162], [-119.281261, 38.660967], [-119.283444, 38.664667], [-119.294021, 38.682613], [-119.295374, 38.684676], [-119.305324, 38.69751], [-119.320594, 38.717184], [-119.324169, 38.72178], [-119.325565, 38.724247], [-119.330179, 38.733886], [-119.33102, 38.737279], [-119.331119, 38.741256], [-119.331321, 38.758116], [-119.330906, 38.760168], [-119.328984, 38.765775], [-119.328858, 38.773069], [-119.328867, 38.788256], [-119.33035, 38.787074], [-119.343133, 38.7827], [-119.344949, 38.781859], [-119.346215, 38.784764], [-119.3472, 38.785827], [-119.347502, 38.786626], [-119.34744, 38.79612], [-119.347557, 38.802048], [-119.328876, 38.802253], [-119.328864, 38.801003], [-119.328868, 38.799801], [-119.327888, 38.800428], [-119.320441, 38.800446], [-119.319461, 38.800658], [-119.317145, 38.801852], [-119.315593, 38.802167], [-119.30578, 38.802128], [-119.299399, 38.802097], [-119.291909, 38.802047], [-119.291883, 38.805261], [-119.289678, 38.805857], [-119.288083, 38.805294], [-119.286652, 38.805641], [-119.284254, 38.805071], [-119.282322, 38.806247], [-119.278031, 38.806372], [-119.277231, 38.806952], [-119.282739, 38.802006], [-119.278456, 38.801997], [-119.275435, 38.802223], [-119.272619, 38.802921], [-119.26991, 38.804143], [-119.262426, 38.80865], [-119.260764, 38.809431], [-119.258192, 38.810081], [-119.255736, 38.810206], [-119.248984, 38.809601], [-119.237193, 38.808484], [-119.225191, 38.80736], [-119.2223, 38.808042], [-119.221308, 38.808944], [-119.220284, 38.809099], [-119.219333, 38.810577], [-119.217684, 38.811305], [-119.21696, 38.8111], [-119.215533, 38.812757], [-119.210216, 38.814344], [-119.208398, 38.816156], [-119.208076, 38.817722], [-119.205712, 38.818605], [-119.204814, 38.819605], [-119.203123, 38.820339], [-119.203513, 38.822044], [-119.202926, 38.822931], [-119.199908, 38.823685], [-119.199233, 38.822927], [-119.196956, 38.822955], [-119.195017, 38.823729], [-119.193596, 38.825931], [-119.191648, 38.827608], [-119.191614, 38.828393], [-119.186997, 38.831467], [-119.18599, 38.833831], [-119.185335, 38.834106], [-119.177285, 38.837562], [-119.174562, 38.838065], [-119.168634, 38.83803], [-119.163133, 38.837989], [-119.163069, 38.829117], [-119.158105, 38.830452], [-119.153736, 38.830387], [-119.1534, 38.831433], [-119.151243, 38.832095], [-119.148818, 38.833764], [-119.147366, 38.833852], [-119.144526, 38.835134], [-119.144093, 38.836241], [-119.144694, 38.837214], [-119.144714, 38.839013], [-119.144762, 38.845021], [-119.133189, 38.845102], [-119.111304, 38.84493], [-119.107575, 38.844896], [-119.106308, 38.847672], [-119.105342, 38.848307], [-119.100416, 38.846943], [-119.097842, 38.846704], [-119.095917, 38.846924], [-119.093846, 38.846683], [-119.090392, 38.845496], [-119.086061, 38.844584], [-119.083219, 38.844712], [-119.083176, 38.844724], [-119.079462, 38.845704], [-119.076603, 38.846489], [-119.073636, 38.846938], [-119.062997, 38.845226], [-119.060422, 38.844366], [-119.047933, 38.839568], [-119.045084, 38.83863], [-119.039101, 38.838788], [-119.032122, 38.838438], [-119.028331, 38.839065], [-119.023274, 38.840783], [-119.021132, 38.843004], [-119.0203, 38.845542], [-119.019802, 38.846454], [-119.017579, 38.8482], [-119.014036, 38.848286], [-119.012797, 38.849336], [-119.010138, 38.849109], [-119.007054, 38.849804], [-119.000196, 38.85203], [-119.014499, 38.851951], [-119.014499, 38.862029], [-119.014502, 38.8716], [-119.014512, 38.881235], [-119.014655, 38.893742], [-119.014798, 38.917604], [-119.014822, 38.923565], [-119.014874, 38.936946], [-119.014858, 38.94414], [-119.012137, 38.948384], [-119.010715, 38.950607], [-119.009713, 38.95217], [-119.000998, 38.965765], [-118.993772, 38.975386], [-118.973109, 39.002882], [-118.943669, 39.042014], [-118.923037, 39.069408], [-118.923428, 39.069642], [-118.940089, 39.069669], [-118.940142, 39.07934], [-118.948094, 39.083929], [-118.978155, 39.08392], [-118.994485, 39.083984], [-118.995627, 39.083931], [-118.995321, 39.106488], [-118.995695, 39.111399], [-118.9981, 39.112778], [-119.013576, 39.1126], [-119.013416, 39.121951], [-119.015906, 39.122674], [-119.032617, 39.123301], [-119.034379, 39.123212], [-119.050197, 39.120608], [-119.05626, 39.119756], [-119.058616, 39.119914], [-119.075256, 39.121051], [-119.084871, 39.122776], [-119.092009, 39.123546], [-119.099223, 39.12428], [-119.102751, 39.124734], [-119.103939, 39.124883], [-119.116695, 39.127976], [-119.115947, 39.130099], [-119.116264, 39.13141], [-119.117187, 39.131945], [-119.117367, 39.132989], [-119.115745, 39.134075], [-119.11563, 39.136936], [-119.115258, 39.137581], [-119.11161, 39.13835], [-119.112925, 39.140441], [-119.111473, 39.141949], [-119.110006, 39.142032], [-119.108244, 39.144367], [-119.10636, 39.145839], [-119.1024, 39.146237], [-119.101283, 39.147277], [-119.101653, 39.14925], [-119.101265, 39.150518], [-119.099248, 39.152422], [-119.096092, 39.152975], [-119.092747, 39.152443], [-119.087902, 39.153308], [-119.087816, 39.154332], [-119.09548, 39.154302], [-119.102069, 39.154297], [-119.1021, 39.157917], [-119.107316, 39.157907], [-119.107275, 39.165126], [-119.088054, 39.165082], [-119.08507, 39.165044], [-119.049926, 39.164904], [-119.051, 39.166781], [-119.050643, 39.169378], [-119.050914, 39.170826], [-119.050401, 39.172154], [-119.048913, 39.187454], [-119.046785, 39.209589], [-119.047662, 39.210761], [-119.047662, 39.212494], [-119.046594, 39.213211], [-119.045956, 39.215555], [-119.04718, 39.215747], [-119.047347, 39.216962], [-119.046806, 39.219148], [-119.045193, 39.221358], [-119.044899, 39.223508], [-119.046035, 39.225378], [-119.045746, 39.227035], [-119.044587, 39.22885], [-119.043976, 39.2328], [-119.04476, 39.234174], [-119.043488, 39.235663], [-119.044405, 39.235801], [-119.045827, 39.234509], [-119.046235, 39.234783], [-119.044847, 39.238268], [-119.043482, 39.239783], [-119.043704, 39.240357], [-119.046375, 39.239335], [-119.048366, 39.239683], [-119.048983, 39.241196], [-119.048565, 39.243194], [-119.047346, 39.244632], [-119.045656, 39.244959], [-119.042866, 39.244187], [-119.043535, 39.24541], [-119.042017, 39.246784], [-119.042366, 39.250085], [-119.041798, 39.250988], [-119.041881, 39.253189], [-119.041336, 39.254026], [-119.040907, 39.256593], [-119.041168, 39.25755], [-119.040765, 39.26188], [-119.041623, 39.262688], [-119.04103, 39.263207], [-119.03886, 39.263627], [-119.040607, 39.264451], [-119.040966, 39.265175], [-119.039773, 39.26794], [-119.03879, 39.267389], [-119.03561, 39.266287], [-119.034491, 39.265251], [-119.032032, 39.264321], [-119.029081, 39.264824], [-119.024863, 39.263088], [-119.019297, 39.261139], [-119.015878, 39.259107], [-119.013606, 39.25859], [-119.009411, 39.256887], [-119.006856, 39.256207], [-119.003267, 39.254284], [-119.000224, 39.253756], [-118.998258, 39.252888], [-118.995841, 39.252314], [-118.993587, 39.250148], [-118.991107, 39.248929], [-118.989993, 39.248725], [-118.986905, 39.246761], [-118.984466, 39.246313], [-118.981392, 39.245054], [-118.981687, 39.243144], [-118.982019, 39.242201], [-118.980582, 39.23973], [-118.980005, 39.236848], [-118.98074, 39.234927], [-118.980322, 39.232952], [-118.979571, 39.231989], [-118.974855, 39.229974], [-118.972962, 39.229567], [-118.967398, 39.226099], [-118.962768, 39.224893], [-118.960723, 39.225914], [-118.958718, 39.225952], [-118.957748, 39.225214], [-118.95625, 39.225069], [-118.952593, 39.226344], [-118.945835, 39.22708], [-118.94371, 39.225558], [-118.940443, 39.22624], [-118.939778, 39.227365], [-118.938608, 39.22769], [-118.933476, 39.22689], [-118.929581, 39.227688], [-118.924533, 39.22945], [-118.922163, 39.229608], [-118.918762, 39.230702], [-118.914366, 39.233136], [-118.909141, 39.234601], [-118.909031, 39.227191], [-118.890663, 39.2272], [-118.890831, 39.198218], [-118.866757, 39.19821], [-118.866737, 39.185337], [-118.848103, 39.185314], [-118.848091, 39.17123], [-118.82944, 39.171137], [-118.80039, 39.171302], [-118.792415, 39.171397], [-118.792737, 39.141826], [-118.792738, 39.141548], [-118.792219, 39.141547], [-118.7835, 39.141525], [-118.751573, 39.141758], [-118.706786, 39.141764], [-118.630336, 39.1417], [-118.620799, 39.141846], [-118.589964, 39.141967], [-118.570178, 39.141941], [-118.570333, 39.127276], [-118.544378, 39.127255], [-118.533322, 39.126938], [-118.533285, 39.114062], [-118.533211, 39.112247], [-118.518297, 39.112612], [-118.485487, 39.112642], [-118.477688, 39.112762], [-118.477407, 39.080246], [-118.477505, 39.073682], [-118.456667, 39.073719], [-118.452633, 39.073902], [-118.417752, 39.073691]]]]}}, {"type": "Feature", "properties": {"id": 3, "NAME": "3", "text-color": "#000000", "text-size": 16, "TotalPop": 776062, "PopDevPct": -0.00011628, "DemPct": 0.48807954, "RepPct": 0.49543019, "WhitePct": 0.47148371, "MinorityPct": 0.52851629, "BlackPct": 0.11273689, "HispanicPct": 0.18828399, "PacificPct": 0.01951153, "AsianPct": 0.20836709, "NativePct": 0.02278835, "TotalVAP": 615841, "Margin": -0.01192046, "color": "#8B008B", "opacity": "0.5", "year": 2022, "state": "NV", "state-district": "NV-03"}, "geometry": {"type": "MultiPolygon", "coordinates": [[[[-115.244672, 36.196019], [-115.244675, 36.203414], [-115.246829, 36.203413], [-115.248943, 36.203447], [-115.251433, 36.203445], [-115.251429, 36.20494], [-115.2513, 36.206173], [-115.249754, 36.208683], [-115.249431, 36.210817], [-115.249458, 36.212438], [-115.251137, 36.216332], [-115.251339, 36.21822], [-115.246949, 36.218215], [-115.246972, 36.22564], [-115.249084, 36.225643], [-115.251416, 36.225659], [-115.255976, 36.22568], [-115.255965, 36.22474], [-115.255961, 36.223775], [-115.258237, 36.22378], [-115.258287, 36.224735], [-115.258293, 36.225708], [-115.260562, 36.225715], [-115.262231, 36.225724], [-115.262277, 36.225727], [-115.26269, 36.225736], [-115.262841, 36.22574], [-115.265133, 36.225823], [-115.267456, 36.225871], [-115.269763, 36.225944], [-115.272061, 36.226008], [-115.273261, 36.22604], [-115.273403, 36.226043], [-115.273831, 36.226055], [-115.273974, 36.22606], [-115.274773, 36.226074], [-115.276215, 36.226109], [-115.27664, 36.226135], [-115.277083, 36.226144], [-115.278947, 36.226191], [-115.278954, 36.226996], [-115.278972, 36.227445], [-115.278998, 36.228678], [-115.27905, 36.230568], [-115.279047, 36.231247], [-115.279091, 36.232644], [-115.279126, 36.233742], [-115.27912, 36.235589], [-115.279122, 36.237413], [-115.27913, 36.239222], [-115.279147, 36.241049], [-115.279127, 36.244686], [-115.279158, 36.24831], [-115.279098, 36.250164], [-115.279047, 36.251977], [-115.279008, 36.25308], [-115.278979, 36.253816], [-115.278934, 36.255661], [-115.278903, 36.256986], [-115.278881, 36.257478], [-115.278833, 36.259306], [-115.278733, 36.262981], [-115.279939, 36.26291], [-115.281188, 36.262861], [-115.283614, 36.262826], [-115.286066, 36.262752], [-115.288515, 36.262692], [-115.292998, 36.262671], [-115.295212, 36.262674], [-115.297461, 36.262663], [-115.299631, 36.262667], [-115.301813, 36.262663], [-115.303976, 36.262654], [-115.306167, 36.262656], [-115.309518, 36.262647], [-115.310547, 36.262641], [-115.311592, 36.262641], [-115.312671, 36.262643], [-115.314984, 36.262632], [-115.316096, 36.262619], [-115.317238, 36.262608], [-115.318374, 36.262605], [-115.319522, 36.262597], [-115.320673, 36.262589], [-115.321814, 36.262582], [-115.322959, 36.262567], [-115.324097, 36.262564], [-115.325259, 36.26255], [-115.326405, 36.262545], [-115.326764, 36.262534], [-115.327066, 36.262529], [-115.327346, 36.262525], [-115.327573, 36.262522], [-115.327813, 36.262519], [-115.330383, 36.262565], [-115.330963, 36.262584], [-115.330968, 36.264278], [-115.331026, 36.264284], [-115.330989, 36.266175], [-115.333277, 36.266155], [-115.33331, 36.269815], [-115.333374, 36.27714], [-115.333389, 36.28828], [-115.333467, 36.299057], [-115.333587, 36.30627], [-115.333571, 36.308161], [-115.333467, 36.320896], [-115.346977, 36.321114], [-115.346923, 36.323701], [-115.35033, 36.322646], [-115.350355, 36.321166], [-115.351421, 36.321191], [-115.351434, 36.322297], [-115.356028, 36.320882], [-115.364998, 36.318084], [-115.376619, 36.314479], [-115.378912, 36.313765], [-115.390249, 36.310238], [-115.392679, 36.309474], [-115.397312, 36.308032], [-115.399612, 36.307318], [-115.403079, 36.306252], [-115.40722, 36.304276], [-115.424034, 36.293136], [-115.424189, 36.284309], [-115.424569, 36.280938], [-115.423772, 36.277328], [-115.423481, 36.188509], [-115.414406, 36.188907], [-115.413602, 36.167806], [-115.405163, 36.162468], [-115.403872, 36.161646], [-115.40086, 36.158872], [-115.395145, 36.153608], [-115.388284, 36.153681], [-115.387769, 36.144966], [-115.396351, 36.142888], [-115.402695, 36.140203], [-115.40656, 36.137815], [-115.409284, 36.135711], [-115.41281, 36.133697], [-115.417506, 36.132242], [-115.419552, 36.132086], [-115.421319, 36.131551], [-115.423877, 36.130366], [-115.426387, 36.129249], [-115.429631, 36.130425], [-115.431229, 36.1306], [-115.436333, 36.132263], [-115.437013, 36.133793], [-115.440119, 36.135697], [-115.445298, 36.137088], [-115.450225, 36.137285], [-115.452655, 36.138085], [-115.454246, 36.13816], [-115.457691, 36.139112], [-115.459051, 36.139912], [-115.460834, 36.141583], [-115.462654, 36.142411], [-115.465972, 36.142754], [-115.467927, 36.143304], [-115.469809, 36.143099], [-115.471188, 36.1437], [-115.474405, 36.143875], [-115.476323, 36.1454], [-115.481081, 36.14628], [-115.483281, 36.148228], [-115.487859, 36.150094], [-115.488168, 36.151714], [-115.489214, 36.153139], [-115.489934, 36.153285], [-115.494022, 36.155494], [-115.494886, 36.156656], [-115.498408, 36.159204], [-115.499078, 36.160125], [-115.501517, 36.162293], [-115.503282, 36.16315], [-115.503429, 36.163016], [-115.503856, 36.162987], [-115.504598, 36.162989], [-115.504839, 36.16292], [-115.504929, 36.162838], [-115.505777, 36.162742], [-115.50613, 36.162718], [-115.506306, 36.162741], [-115.507573, 36.162707], [-115.508489, 36.162614], [-115.50872, 36.162551], [-115.509153, 36.162376], [-115.509324, 36.162232], [-115.509625, 36.162087], [-115.509814, 36.161891], [-115.510045, 36.16183], [-115.51028, 36.161533], [-115.510655, 36.161575], [-115.511074, 36.161461], [-115.511334, 36.161504], [-115.511743, 36.161322], [-115.512313, 36.161242], [-115.51247, 36.161172], [-115.513035, 36.161016], [-115.513347, 36.160969], [-115.51347, 36.160924], [-115.513741, 36.160943], [-115.513854, 36.160839], [-115.514507, 36.160898], [-115.514878, 36.160783], [-115.515084, 36.160566], [-115.515168, 36.160379], [-115.515359, 36.160076], [-115.515809, 36.159908], [-115.516004, 36.160003], [-115.516268, 36.159994], [-115.516377, 36.159952], [-115.516608, 36.159726], [-115.516739, 36.159513], [-115.516762, 36.159359], [-115.516729, 36.158859], [-115.516678, 36.158606], [-115.516593, 36.158407], [-115.516697, 36.15821], [-115.516885, 36.158105], [-115.516893, 36.158012], [-115.517085, 36.157618], [-115.517175, 36.157531], [-115.517188, 36.157328], [-115.517272, 36.157125], [-115.517227, 36.156938], [-115.517252, 36.156845], [-115.517513, 36.156641], [-115.517812, 36.1566], [-115.517926, 36.156406], [-115.518165, 36.156304], [-115.518307, 36.156289], [-115.518818, 36.156115], [-115.519103, 36.156099], [-115.519287, 36.156024], [-115.519414, 36.155855], [-115.519533, 36.15562], [-115.519799, 36.155284], [-115.519929, 36.15517], [-115.519991, 36.154874], [-115.520226, 36.154533], [-115.520328, 36.15427], [-115.520699, 36.153958], [-115.520859, 36.153888], [-115.521098, 36.153973], [-115.521417, 36.153962], [-115.52164, 36.153991], [-115.521925, 36.153695], [-115.522114, 36.15373], [-115.522346, 36.153861], [-115.522453, 36.153961], [-115.52282, 36.154086], [-115.524119, 36.149493], [-115.524283, 36.146891], [-115.527291, 36.144866], [-115.526828, 36.143105], [-115.529458, 36.141725], [-115.530833, 36.137671], [-115.530354, 36.137428], [-115.530979, 36.135907], [-115.530056, 36.134407], [-115.531124, 36.133784], [-115.531432, 36.131464], [-115.532508, 36.130547], [-115.536179, 36.129137], [-115.53665, 36.129646], [-115.540047, 36.128468], [-115.540384, 36.128785], [-115.541955, 36.128944], [-115.542876, 36.128488], [-115.545809, 36.12856], [-115.547923, 36.12745], [-115.549122, 36.126264], [-115.549633, 36.124401], [-115.551056, 36.123072], [-115.554151, 36.121286], [-115.556441, 36.121523], [-115.5579, 36.120905], [-115.558145, 36.120374], [-115.560872, 36.113898], [-115.562331, 36.11161], [-115.565263, 36.110653], [-115.571715, 36.109084], [-115.57328, 36.10894], [-115.573527, 36.108873], [-115.57346, 36.110626], [-115.57409, 36.111923], [-115.573799, 36.112699], [-115.573142, 36.113236], [-115.572167, 36.117632], [-115.570806, 36.119094], [-115.570305, 36.120314], [-115.571023, 36.123787], [-115.571335, 36.12408], [-115.572218, 36.125363], [-115.572253, 36.128182], [-115.572043, 36.130303], [-115.572429, 36.130885], [-115.571488, 36.133017], [-115.57029, 36.140342], [-115.570317, 36.140353], [-115.570723, 36.140727], [-115.570798, 36.140853], [-115.570832, 36.140974], [-115.570845, 36.141188], [-115.570832, 36.14126], [-115.570757, 36.14138], [-115.57071, 36.141611], [-115.570771, 36.141782], [-115.570791, 36.141946], [-115.570771, 36.142177], [-115.570703, 36.142523], [-115.570674, 36.145156], [-115.571533, 36.148186], [-115.57149, 36.149518], [-115.572655, 36.150892], [-115.572879, 36.152139], [-115.571423, 36.155238], [-115.571843, 36.156843], [-115.57396, 36.162238], [-115.575521, 36.164172], [-115.57574, 36.16425], [-115.575801, 36.164272], [-115.576025, 36.164464], [-115.576249, 36.1647], [-115.576258, 36.164708], [-115.576425, 36.164871], [-115.576466, 36.164898], [-115.576935, 36.16532], [-115.576967, 36.165349], [-115.577198, 36.165519], [-115.57736, 36.165706], [-115.577476, 36.165761], [-115.577663, 36.165799], [-115.577675, 36.165811], [-115.579132, 36.167276], [-115.581527, 36.167447], [-115.582995, 36.166688], [-115.590613, 36.167247], [-115.592641, 36.166727], [-115.59489, 36.166654], [-115.597648, 36.167621], [-115.601519, 36.1673], [-115.6023, 36.166814], [-115.604498, 36.167539], [-115.605971, 36.166003], [-115.606672, 36.166701], [-115.608172, 36.166176], [-115.608193, 36.166051], [-115.608201, 36.166006], [-115.608316, 36.165874], [-115.608411, 36.165802], [-115.608608, 36.165703], [-115.608682, 36.165648], [-115.608831, 36.165634], [-115.60891, 36.165626], [-115.609143, 36.165604], [-115.6092, 36.165582], [-115.609373, 36.165516], [-115.609678, 36.165549], [-115.609781, 36.165504], [-115.609922, 36.165445], [-115.610186, 36.165296], [-115.610302, 36.16528], [-115.610491, 36.165285], [-115.610586, 36.165296], [-115.610722, 36.165263], [-115.610938, 36.165137], [-115.611088, 36.165105], [-115.611176, 36.165087], [-115.611478, 36.164971], [-115.611521, 36.164955], [-115.611765, 36.164757], [-115.612002, 36.164697], [-115.612144, 36.164674], [-115.612273, 36.164603], [-115.612409, 36.164559], [-115.612582, 36.164541], [-115.612625, 36.164537], [-115.612667, 36.164537], [-115.615017, 36.164216], [-115.615744, 36.164482], [-115.618271, 36.162973], [-115.618922, 36.162248], [-115.620162, 36.162143], [-115.620573, 36.16189], [-115.622843, 36.162625], [-115.625848, 36.162155], [-115.627137, 36.162499], [-115.629861, 36.162526], [-115.630396, 36.162839], [-115.63222, 36.161715], [-115.633077, 36.16169], [-115.63395, 36.161092], [-115.639436, 36.160573], [-115.641076, 36.161538], [-115.642412, 36.161438], [-115.645661, 36.162113], [-115.648034, 36.161502], [-115.649469, 36.161793], [-115.650957, 36.16314], [-115.651178, 36.164032], [-115.654268, 36.165219], [-115.656145, 36.165226], [-115.657915, 36.16466], [-115.660425, 36.162209], [-115.662241, 36.161763], [-115.664301, 36.162228], [-115.668429, 36.161221], [-115.67145, 36.158748], [-115.674136, 36.1554], [-115.677607, 36.1521], [-115.678751, 36.150143], [-115.680842, 36.149062], [-115.68149, 36.147971], [-115.683909, 36.147507], [-115.685336, 36.147667], [-115.686961, 36.147247], [-115.688487, 36.14767], [-115.691363, 36.147309], [-115.695956, 36.147258], [-115.699672, 36.145781], [-115.702616, 36.145065], [-115.703146, 36.144608], [-115.707142, 36.143797], [-115.712504, 36.14361], [-115.714601, 36.144058], [-115.717866, 36.143716], [-115.720588, 36.143806], [-115.721613, 36.144347], [-115.722533, 36.145873], [-115.725959, 36.145209], [-115.728262, 36.145867], [-115.728476, 36.147602], [-115.73242, 36.1455], [-115.737473, 36.143505], [-115.744809, 36.140844], [-115.750234, 36.139015], [-115.7586, 36.135945], [-115.760408, 36.135075], [-115.761961, 36.133241], [-115.767081, 36.130808], [-115.769339, 36.128917], [-115.775512, 36.126945], [-115.779721, 36.125899], [-115.781808, 36.125125], [-115.789368, 36.12494], [-115.796835, 36.12454], [-115.799743, 36.124612], [-115.801445, 36.124124], [-115.804606, 36.123825], [-115.813574, 36.123402], [-115.816859, 36.122999], [-115.820463, 36.123229], [-115.829078, 36.12241], [-115.832384, 36.122795], [-115.836887, 36.122967], [-115.841528, 36.122309], [-115.845803, 36.122048], [-115.845805, 36.120242], [-115.845804, 36.119954], [-115.845763, 36.095583], [-115.845767, 36.054285], [-115.845746, 36.046545], [-115.845718, 36.010684], [-115.845563, 36.004111], [-115.845533, 35.9866], [-115.84553, 35.986585], [-115.845994, 35.963707], [-115.834582, 35.954817], [-115.784504, 35.915799], [-115.758219, 35.895161], [-115.709064, 35.85687], [-115.702771, 35.851899], [-115.695733, 35.846481], [-115.694551, 35.845335], [-115.689568, 35.841431], [-115.686001, 35.83865], [-115.67136, 35.827195], [-115.667217, 35.823984], [-115.65857, 35.817203], [-115.649373, 35.809995], [-115.648323, 35.809189], [-115.64584, 35.807348], [-115.621299, 35.788126], [-115.601407, 35.772533], [-115.591802, 35.765001], [-115.549856, 35.732036], [-115.521888, 35.710031], [-115.507909, 35.699021], [-115.483642, 35.679897], [-115.470931, 35.66991], [-115.418086, 35.628389], [-115.405926, 35.618766], [-115.405971, 35.618579], [-115.404499, 35.617639], [-115.391467, 35.607319], [-115.391139, 35.607057], [-115.388796, 35.605234], [-115.370923, 35.591111], [-115.369317, 35.589813], [-115.366799, 35.587866], [-115.329567, 35.558509], [-115.283996, 35.52222], [-115.269457, 35.511166], [-115.25972, 35.503541], [-115.247554, 35.493679], [-115.241786, 35.489105], [-115.225378, 35.475889], [-115.21951, 35.471103], [-115.212984, 35.465963], [-115.204361, 35.459125], [-115.167269, 35.429732], [-115.164904, 35.427867], [-115.161057, 35.423958], [-115.159944, 35.423065], [-115.104325, 35.378387], [-115.095891, 35.371787], [-115.087583, 35.365903], [-115.084002, 35.363394], [-115.076954, 35.35749], [-115.067699, 35.349736], [-115.044418, 35.331508], [-114.994666, 35.292511], [-114.984368, 35.283975], [-114.947619, 35.254819], [-114.925434, 35.237194], [-114.895389, 35.213328], [-114.874283, 35.195977], [-114.853932, 35.179247], [-114.84929, 35.17584], [-114.835711, 35.165559], [-114.81915, 35.152304], [-114.815122, 35.149135], [-114.801313, 35.13803], [-114.797341, 35.134927], [-114.783733, 35.12389], [-114.779626, 35.120675], [-114.765601, 35.109337], [-114.746484, 35.093622], [-114.731561, 35.081386], [-114.729802, 35.08004], [-114.714117, 35.067237], [-114.711354, 35.065068], [-114.695759, 35.052491], [-114.683513, 35.04255], [-114.675315, 35.035897], [-114.657877, 35.021641], [-114.653765, 35.018279], [-114.634091, 35.002338], [-114.633487, 35.001857], [-114.63557, 35.005933], [-114.636821, 35.009359], [-114.637644, 35.013882], [-114.63819, 35.022069], [-114.637524, 35.027053], [-114.636329, 35.029542], [-114.634732, 35.033734], [-114.631052, 35.039881], [-114.627124, 35.044721], [-114.625799, 35.045834], [-114.617491, 35.051703], [-114.615902, 35.05272], [-114.610701, 35.055458], [-114.609278, 35.056455], [-114.606694, 35.058941], [-114.604715, 35.061744], [-114.603619, 35.064226], [-114.603042, 35.06654], [-114.603175, 35.070445], [-114.604182, 35.073715], [-114.605545, 35.075961], [-114.607701, 35.078533], [-114.613132, 35.083097], [-114.61842, 35.086539], [-114.622517, 35.088703], [-114.625799, 35.089833], [-114.632053, 35.092559], [-114.635586, 35.093566], [-114.639691, 35.095005], [-114.642831, 35.096503], [-114.643729, 35.097487], [-114.644507, 35.098346], [-114.646003, 35.100079], [-114.646764, 35.101868], [-114.645152, 35.104995], [-114.644354, 35.105903], [-114.641116, 35.108401], [-114.639008, 35.110915], [-114.632282, 35.117088], [-114.629934, 35.118272], [-114.623761, 35.120602], [-114.618586, 35.121557], [-114.613725, 35.121666], [-114.613638, 35.121659], [-114.613377, 35.121643], [-114.613293, 35.121639], [-114.604007, 35.121252], [-114.60274, 35.121666], [-114.600694, 35.121611], [-114.597794, 35.121735], [-114.589787, 35.123522], [-114.584877, 35.125194], [-114.579882, 35.127506], [-114.578263, 35.12881], [-114.577146, 35.130982], [-114.574411, 35.13495], [-114.572597, 35.139557], [-114.573972, 35.14404], [-114.573553, 35.146902], [-114.570301, 35.159105], [-114.569529, 35.162317], [-114.568886, 35.168443], [-114.56876, 35.172195], [-114.569214, 35.17289], [-114.568989, 35.175085], [-114.569242, 35.17796], [-114.569238, 35.178872], [-114.569242, 35.18162], [-114.569245, 35.182539], [-114.569653, 35.186267], [-114.571404, 35.191026], [-114.571412, 35.193297], [-114.571753, 35.197229], [-114.571802, 35.199507], [-114.571821, 35.199755], [-114.572084, 35.200794], [-114.574037, 35.20379], [-114.574233, 35.205481], [-114.574958, 35.206714], [-114.578581, 35.208113], [-114.579535, 35.208911], [-114.579897, 35.21097], [-114.579921, 35.215521], [-114.580312, 35.220095], [-114.581735, 35.224072], [-114.583428, 35.229737], [-114.583438, 35.230994], [-114.58248, 35.233173], [-114.582842, 35.238703], [-114.584993, 35.242717], [-114.585522, 35.246902], [-114.586053, 35.248891], [-114.585714, 35.253145], [-114.585768, 35.257743], [-114.586604, 35.262386], [-114.587497, 35.265473], [-114.589843, 35.270389], [-114.593247, 35.284361], [-114.593778, 35.285916], [-114.595119, 35.288201], [-114.596264, 35.291928], [-114.597268, 35.299565], [-114.59721, 35.303223], [-114.596454, 35.308346], [-114.595163, 35.321883], [-114.595162, 35.324238], [-114.595553, 35.326547], [-114.599771, 35.34111], [-114.606173, 35.359651], [-114.611206, 35.370119], [-114.613137, 35.373389], [-114.617698, 35.380131], [-114.618257, 35.382646], [-114.618313, 35.384498], [-114.618984, 35.389391], [-114.620887, 35.396867], [-114.621783, 35.39945], [-114.625702, 35.407976], [-114.627325, 35.410193], [-114.629061, 35.411175], [-114.631973, 35.413825], [-114.650735, 35.428877], [-114.652752, 35.430819], [-114.653817, 35.432853], [-114.654295, 35.436854], [-114.658105, 35.441835], [-114.661747, 35.444735], [-114.663541, 35.447797], [-114.664215, 35.451707], [-114.66388, 35.454657], [-114.665142, 35.457331], [-114.666151, 35.458198], [-114.667217, 35.46037], [-114.666769, 35.462085], [-114.66579, 35.463915], [-114.66551, 35.465836], [-114.665988, 35.467985], [-114.667389, 35.469904], [-114.67235, 35.47374], [-114.673585, 35.475843], [-114.673081, 35.47797], [-114.672074, 35.479709], [-114.671907, 35.482087], [-114.673534, 35.485675], [-114.676507, 35.489284], [-114.676956, 35.490336], [-114.676257, 35.493103], [-114.677743, 35.495182], [-114.678642, 35.497628], [-114.678892, 35.501276], [-114.678068, 35.505645], [-114.677143, 35.512945], [-114.675685, 35.51563], [-114.672767, 35.518428], [-114.66954, 35.52079], [-114.668586, 35.521225], [-114.666565, 35.520993], [-114.664601, 35.521519], [-114.663983, 35.522161], [-114.661682, 35.526682], [-114.659886, 35.527919], [-114.657753, 35.530741], [-114.657163, 35.532301], [-114.65677, 35.534964], [-114.657809, 35.536963], [-114.660335, 35.540433], [-114.661457, 35.544062], [-114.66157, 35.545692], [-114.66112, 35.549021], [-114.661963, 35.552604], [-114.661963, 35.555887], [-114.663451, 35.559884], [-114.663535, 35.560963], [-114.662805, 35.564268], [-114.6639, 35.56629], [-114.664433, 35.568426], [-114.666231, 35.571642], [-114.668393, 35.574331], [-114.670022, 35.575596], [-114.671567, 35.576217], [-114.674881, 35.578379], [-114.675751, 35.579459], [-114.674993, 35.580652], [-114.670191, 35.583471], [-114.667635, 35.584318], [-114.664209, 35.585944], [-114.660558, 35.586583], [-114.658824, 35.588319], [-114.668022, 35.588342], [-114.669643, 35.588391], [-114.670813, 35.588358], [-114.671861, 35.588353], [-114.751197, 35.588561], [-114.77141, 35.588671], [-114.776543, 35.588794], [-114.840136, 35.588639], [-114.886017, 35.589184], [-114.8861, 35.589206], [-114.899942, 35.589179], [-114.899994, 35.589029], [-114.915291, 35.588536], [-114.915759, 35.588539], [-114.934846, 35.588579], [-114.966436, 35.588493], [-114.998411, 35.588397], [-115.009848, 35.588573], [-115.025985, 35.588892], [-115.033969, 35.589131], [-115.036256, 35.589318], [-115.037269, 35.588732], [-115.069359, 35.589559], [-115.080072, 35.589662], [-115.090929, 35.589627], [-115.100841, 35.589661], [-115.113786, 35.589826], [-115.130249, 35.59024], [-115.138582, 35.59024], [-115.149151, 35.590488], [-115.156061, 35.590322], [-115.177213, 35.590217], [-115.19864, 35.590322], [-115.207278, 35.590276], [-115.207968, 35.649427], [-115.209333, 35.650657], [-115.209632, 35.651737], [-115.209379, 35.701707], [-115.209263, 35.720309], [-115.209306, 35.720493], [-115.211096, 35.727345], [-115.211354, 35.72909], [-115.209101, 35.746633], [-115.209095, 35.747398], [-115.209095, 35.751459], [-115.208793, 35.770489], [-115.208596, 35.779357], [-115.208394, 35.786457], [-115.208394, 35.792705], [-115.208145, 35.80851], [-115.205829, 35.80851], [-115.20598, 35.813492], [-115.206061, 35.821584], [-115.206336, 35.828765], [-115.206658, 35.846307], [-115.206996, 35.85919], [-115.207305, 35.876828], [-115.207453, 35.880915], [-115.207352, 35.888266], [-115.207049, 35.897288], [-115.212496, 35.897305], [-115.214658, 35.897293], [-115.216388, 35.897284], [-115.208993, 35.907744], [-115.196269, 35.925654], [-115.192823, 35.930439], [-115.186025, 35.940247], [-115.18462, 35.942607], [-115.182841, 35.94697], [-115.182045, 35.950746], [-115.181803, 35.955032], [-115.181592, 35.961884], [-115.17286, 35.965823], [-115.172766, 35.969861], [-115.168053, 35.969959], [-115.168046, 35.968614], [-115.167449, 35.96905], [-115.167223, 35.969055], [-115.166403, 35.969627], [-115.165802, 35.970046], [-115.165803, 35.970226], [-115.16583, 35.970208], [-115.165468, 35.971663], [-115.164729, 35.972193], [-115.164741, 35.973461], [-115.163507, 35.973627], [-115.163684, 35.974657], [-115.161404, 35.974694], [-115.161409, 35.975308], [-115.160558, 35.975796], [-115.159503, 35.976553], [-115.15858, 35.975967], [-115.156438, 35.977504], [-115.155686, 35.977516], [-115.155434, 35.97752], [-115.154727, 35.978019], [-115.154728, 35.978156], [-115.154789, 35.980845], [-115.154803, 35.981194], [-115.154721, 35.984813], [-115.154694, 35.985829], [-115.154717, 35.987519], [-115.154751, 35.98836], [-115.154804, 35.990238], [-115.152579, 35.990202], [-115.152586, 35.991115], [-115.154831, 35.991145], [-115.154816, 35.992029], [-115.154829, 35.992947], [-115.150354, 35.992901], [-115.150363, 35.993807], [-115.147936, 35.993776], [-115.147801, 35.993772], [-115.145847, 35.99375], [-115.145829, 35.991797], [-115.145777, 35.985628], [-115.146267, 35.984734], [-115.145625, 35.984733], [-115.145326, 35.98474], [-115.140918, 35.987865], [-115.136847, 35.990842], [-115.136849, 35.991025], [-115.136851, 35.991516], [-115.136881, 35.99546], [-115.136912, 35.999104], [-115.134661, 35.999094], [-115.132416, 35.999075], [-115.129253, 35.999233], [-115.127359, 36.000144], [-115.125983, 35.998835], [-115.12042, 36.002777], [-115.120321, 36.002688], [-115.118903, 36.003614], [-115.118898, 36.003878], [-115.118843, 36.008807], [-115.118803, 36.01234], [-115.118778, 36.013339], [-115.118757, 36.014212], [-115.118698, 36.016909], [-115.118664, 36.018545], [-115.118662, 36.01869], [-115.118605, 36.020481], [-115.116405, 36.020479], [-115.114146, 36.020458], [-115.109652, 36.020478], [-115.107427, 36.020485], [-115.10518, 36.020492], [-115.102912, 36.0205], [-115.100624, 36.020513], [-115.100649, 36.02345], [-115.100628, 36.023682], [-115.100535, 36.025694], [-115.100464, 36.027787], [-115.10155, 36.027762], [-115.10337, 36.027722], [-115.106922, 36.027639], [-115.107683, 36.02764], [-115.110949, 36.027616], [-115.113227, 36.027636], [-115.113916, 36.027639], [-115.113991, 36.027639], [-115.113981, 36.02945], [-115.113973, 36.029829], [-115.113931, 36.02983], [-115.113916, 36.030728], [-115.113883, 36.032802], [-115.11388, 36.033137], [-115.118383, 36.033106], [-115.118381, 36.033337], [-115.118349, 36.034945], [-115.118318, 36.036736], [-115.118294, 36.038585], [-115.118267, 36.040412], [-115.116027, 36.040429], [-115.116001, 36.042258], [-115.115642, 36.042255], [-115.114099, 36.042273], [-115.11375, 36.04228], [-115.113743, 36.0441], [-115.118228, 36.044058], [-115.118208, 36.045924], [-115.118189, 36.04713], [-115.118185, 36.04785], [-115.118156, 36.049539], [-115.11663, 36.04956], [-115.111619, 36.049611], [-115.109257, 36.049627], [-115.109254, 36.053287], [-115.108799, 36.053287], [-115.108014, 36.053279], [-115.100301, 36.053381], [-115.100307, 36.053921], [-115.100314, 36.055322], [-115.10033, 36.057033], [-115.100456, 36.060662], [-115.096013, 36.060525], [-115.096064, 36.061687], [-115.096097, 36.062383], [-115.09618, 36.064124], [-115.093701, 36.064057], [-115.093226, 36.064001], [-115.091619, 36.064007], [-115.091674, 36.066487], [-115.09168, 36.066879], [-115.091697, 36.067138], [-115.091731, 36.067637], [-115.089387, 36.06755], [-115.089393, 36.068224], [-115.089413, 36.06936], [-115.088595, 36.069318], [-115.088498, 36.069314], [-115.088528, 36.070542], [-115.087626, 36.071074], [-115.087079, 36.071044], [-115.087046, 36.072188], [-115.087036, 36.072651], [-115.087031, 36.072901], [-115.084697, 36.072804], [-115.08469, 36.073219], [-115.083922, 36.073696], [-115.082331, 36.073629], [-115.082328, 36.073662], [-115.082328, 36.073812], [-115.082331, 36.074364], [-115.082332, 36.07446], [-115.082325, 36.074548], [-115.08231, 36.076331], [-115.08296, 36.077707], [-115.081956, 36.078236], [-115.082246, 36.080106], [-115.081575, 36.080102], [-115.080567, 36.080091], [-115.080537, 36.08195], [-115.079475, 36.081931], [-115.079314, 36.083649], [-115.0777, 36.083657], [-115.077618, 36.085619], [-115.079877, 36.085619], [-115.082108, 36.085605], [-115.084389, 36.085608], [-115.084436, 36.085608], [-115.086732, 36.085614], [-115.091316, 36.085618], [-115.096318, 36.085998], [-115.098063, 36.086136], [-115.100951, 36.086355], [-115.102642, 36.086364], [-115.104327, 36.086378], [-115.105426, 36.086387], [-115.106113, 36.086394], [-115.10992, 36.086426], [-115.112939, 36.086343], [-115.114363, 36.086302], [-115.11657, 36.086234], [-115.118813, 36.086181], [-115.118788, 36.082533], [-115.118744, 36.0789], [-115.118701, 36.074295], [-115.118687, 36.071567], [-115.123756, 36.071659], [-115.125495, 36.071688], [-115.127739, 36.071726], [-115.134528, 36.071771], [-115.136558, 36.071784], [-115.141238, 36.071631], [-115.14597, 36.07154], [-115.14627, 36.071533], [-115.154563, 36.071335], [-115.158182, 36.071292], [-115.161418, 36.071257], [-115.163451, 36.071221], [-115.172349, 36.071101], [-115.172472, 36.072307], [-115.174718, 36.073576], [-115.175825, 36.075082], [-115.176888, 36.075783], [-115.180542, 36.076658], [-115.180544, 36.085996], [-115.180878, 36.085987], [-115.182735, 36.086046], [-115.184281, 36.086077], [-115.185566, 36.08616], [-115.185556, 36.088084], [-115.185563, 36.093599], [-115.183459, 36.093527], [-115.181304, 36.093457], [-115.180863, 36.093461], [-115.180838, 36.100694], [-115.180832, 36.108122], [-115.180797, 36.114362], [-115.180801, 36.114543], [-115.180769, 36.119756], [-115.18081, 36.120328], [-115.180819, 36.121524], [-115.180776, 36.126207], [-115.180634, 36.130331], [-115.179803, 36.133479], [-115.177451, 36.137126], [-115.177959, 36.137134], [-115.178719, 36.136231], [-115.181297, 36.136281], [-115.188519, 36.136397], [-115.190473, 36.136425], [-115.190513, 36.137329], [-115.19056, 36.138236], [-115.190571, 36.138554], [-115.190587, 36.139119], [-115.190601, 36.139584], [-115.190668, 36.141247], [-115.190701, 36.141954], [-115.190724, 36.142655], [-115.193975, 36.142682], [-115.194016, 36.143406], [-115.194905, 36.143406], [-115.195908, 36.143415], [-115.196809, 36.143426], [-115.199781, 36.143438], [-115.199828, 36.144371], [-115.199834, 36.14455], [-115.204336, 36.144583], [-115.208138, 36.144596], [-115.212426, 36.144531], [-115.214565, 36.144497], [-115.216725, 36.144458], [-115.218849, 36.144426], [-115.220995, 36.144386], [-115.223151, 36.144353], [-115.225296, 36.144301], [-115.227395, 36.144268], [-115.229577, 36.144228], [-115.231717, 36.144175], [-115.233876, 36.144129], [-115.236138, 36.144156], [-115.23839, 36.144182], [-115.242767, 36.144241], [-115.243033, 36.144227], [-115.243092, 36.146015], [-115.243185, 36.147871], [-115.243283, 36.149746], [-115.243382, 36.151616], [-115.243586, 36.155346], [-115.243787, 36.159049], [-115.243791, 36.159184], [-115.24438, 36.166443], [-115.24442, 36.170539], [-115.244525, 36.173803], [-115.244518, 36.173917], [-115.244538, 36.17434], [-115.244574, 36.174664], [-115.244606, 36.174935], [-115.244606, 36.175176], [-115.244587, 36.175357], [-115.244528, 36.175657], [-115.244448, 36.175945], [-115.244213, 36.176321], [-115.244058, 36.176482], [-115.243809, 36.17668], [-115.244291, 36.177875], [-115.244607, 36.181264], [-115.244624, 36.188621], [-115.244656, 36.190426], [-115.244672, 36.196019]]]]}}, {"type": "Feature", "properties": {"id": 4, "NAME": "4", "text-color": "#000000", "text-size": 16, "TotalPop": 776481, "PopDevPct": 0.00042356, "DemPct": 0.50244987, "RepPct": 0.47918701, "WhitePct": 0.41562884, "MinorityPct": 0.58437116, "BlackPct": 0.18036932, "HispanicPct": 0.30607864, "PacificPct": 0.01496215, "AsianPct": 0.07874949, "NativePct": 0.03184593, "TotalVAP": 586480, "Margin": 0.00244987, "color": "#FF0000", "opacity": "0.5", "year": 2022, "state": "NV", "state-district": "NV-04"}, "geometry": {"type": "MultiPolygon", "coordinates": [[[[-115.246949, 36.218215], [-115.251339, 36.21822], [-115.251137, 36.216332], [-115.249458, 36.212438], [-115.249431, 36.210817], [-115.249754, 36.208683], [-115.2513, 36.206173], [-115.251429, 36.20494], [-115.251433, 36.203445], [-115.248943, 36.203447], [-115.246829, 36.203413], [-115.244675, 36.203414], [-115.244672, 36.196019], [-115.244656, 36.190426], [-115.244624, 36.188621], [-115.244607, 36.181264], [-115.244291, 36.177875], [-115.243809, 36.17668], [-115.244058, 36.176482], [-115.244213, 36.176321], [-115.244448, 36.175945], [-115.244528, 36.175657], [-115.244587, 36.175357], [-115.244606, 36.175176], [-115.244606, 36.174935], [-115.244574, 36.174664], [-115.244538, 36.17434], [-115.244518, 36.173917], [-115.244525, 36.173803], [-115.24442, 36.170539], [-115.24438, 36.166443], [-115.243791, 36.159184], [-115.243787, 36.159049], [-115.243586, 36.155346], [-115.243382, 36.151616], [-115.243283, 36.149746], [-115.243185, 36.147871], [-115.243092, 36.146015], [-115.243033, 36.144227], [-115.242767, 36.144241], [-115.23839, 36.144182], [-115.236138, 36.144156], [-115.233876, 36.144129], [-115.231717, 36.144175], [-115.229577, 36.144228], [-115.227395, 36.144268], [-115.225296, 36.144301], [-115.223151, 36.144353], [-115.220995, 36.144386], [-115.218849, 36.144426], [-115.216725, 36.144458], [-115.214565, 36.144497], [-115.212426, 36.144531], [-115.208138, 36.144596], [-115.204336, 36.144583], [-115.199834, 36.14455], [-115.199828, 36.144371], [-115.199781, 36.143438], [-115.196809, 36.143426], [-115.195908, 36.143415], [-115.194905, 36.143406], [-115.194016, 36.143406], [-115.193975, 36.142682], [-115.190724, 36.142655], [-115.190701, 36.141954], [-115.190668, 36.141247], [-115.190601, 36.139584], [-115.190587, 36.139119], [-115.190571, 36.138554], [-115.19056, 36.138236], [-115.190513, 36.137329], [-115.190473, 36.136425], [-115.188519, 36.136397], [-115.181297, 36.136281], [-115.178719, 36.136231], [-115.177959, 36.137134], [-115.177451, 36.137126], [-115.171358, 36.14407], [-115.171144, 36.144314], [-115.170852, 36.144305], [-115.169237, 36.144202], [-115.167541, 36.144123], [-115.166124, 36.14407], [-115.164779, 36.144009], [-115.158502, 36.143736], [-115.157331, 36.143719], [-115.156784, 36.144552], [-115.156223, 36.14545], [-115.155681, 36.146279], [-115.154314, 36.148276], [-115.154243, 36.14838], [-115.152445, 36.151187], [-115.152416, 36.151229], [-115.151882, 36.152061], [-115.151025, 36.153272], [-115.149782, 36.155306], [-115.148679, 36.156972], [-115.147499, 36.158766], [-115.147419, 36.158886], [-115.146747, 36.159924], [-115.14599, 36.161087], [-115.145221, 36.162255], [-115.144463, 36.16342], [-115.14369, 36.164576], [-115.142187, 36.166923], [-115.141426, 36.168082], [-115.140647, 36.169241], [-115.139874, 36.170429], [-115.138717, 36.169949], [-115.138054, 36.17111], [-115.139141, 36.171576], [-115.138433, 36.172762], [-115.137905, 36.173598], [-115.137827, 36.173721], [-115.137098, 36.174903], [-115.136812, 36.175297], [-115.136445, 36.175878], [-115.135862, 36.176793], [-115.135558, 36.177362], [-115.134163, 36.181185], [-115.13401, 36.182284], [-115.134025, 36.184673], [-115.134034, 36.186277], [-115.13395, 36.188441], [-115.130564, 36.188451], [-115.127512, 36.188435], [-115.125051, 36.188443], [-115.122409, 36.188455], [-115.120571, 36.188465], [-115.119505, 36.18847], [-115.118348, 36.188475], [-115.11777, 36.188477], [-115.116108, 36.188483], [-115.111655, 36.188401], [-115.111211, 36.188392], [-115.1095, 36.18836], [-115.107689, 36.188324], [-115.107209, 36.188312], [-115.105968, 36.188285], [-115.104175, 36.188249], [-115.103727, 36.18824], [-115.103085, 36.188224], [-115.102417, 36.188208], [-115.098284, 36.188129], [-115.097116, 36.188167], [-115.096125, 36.188188], [-115.095408, 36.188204], [-115.0937, 36.188251], [-115.093645, 36.188252], [-115.093144, 36.188267], [-115.092971, 36.188269], [-115.092455, 36.188277], [-115.092284, 36.18828], [-115.09221, 36.188281], [-115.09161, 36.188293], [-115.089099, 36.188332], [-115.087948, 36.188348], [-115.086803, 36.188379], [-115.086235, 36.188391], [-115.0841, 36.188428], [-115.082578, 36.188459], [-115.079874, 36.188506], [-115.075309, 36.188497], [-115.074854, 36.188497], [-115.073885, 36.188497], [-115.072234, 36.188505], [-115.070831, 36.18848], [-115.070785, 36.18848], [-115.070823, 36.189642], [-115.070844, 36.190351], [-115.070857, 36.19108], [-115.070869, 36.191773], [-115.070881, 36.1922], [-115.070927, 36.193727], [-115.070943, 36.19421], [-115.070998, 36.195917], [-115.071065, 36.197773], [-115.071124, 36.199634], [-115.071175, 36.203343], [-115.068898, 36.203408], [-115.066672, 36.20347], [-115.062241, 36.2036], [-115.062096, 36.203598], [-115.057666, 36.203541], [-115.057559, 36.203539], [-115.055317, 36.203543], [-115.053131, 36.20354], [-115.043676, 36.203544], [-115.043648, 36.206739], [-115.043595, 36.210886], [-115.034931, 36.210631], [-115.033378, 36.210586], [-115.033065, 36.210574], [-115.032595, 36.21428], [-115.030236, 36.214345], [-115.030078, 36.215743], [-115.029865, 36.218269], [-115.028042, 36.218208], [-115.02681, 36.218212], [-115.025324, 36.218208], [-115.02574, 36.214369], [-115.026024, 36.211667], [-115.026152, 36.210379], [-115.026226, 36.209496], [-115.026466, 36.207112], [-115.026583, 36.206122], [-115.026745, 36.204478], [-115.02682, 36.203781], [-115.026939, 36.20251], [-115.022484, 36.202471], [-115.019684, 36.202451], [-115.018836, 36.202452], [-115.017889, 36.20245], [-115.015242, 36.202464], [-115.013413, 36.202481], [-115.0102, 36.202535], [-115.008875, 36.201771], [-115.008653, 36.198834], [-115.006708, 36.198955], [-115.001062, 36.199325], [-114.995658, 36.200396], [-114.990476, 36.201985], [-114.990521, 36.196398], [-114.990614, 36.189722], [-114.990784, 36.162895], [-114.991041, 36.159074], [-114.9904, 36.159077], [-114.989959, 36.159006], [-114.976813, 36.159151], [-114.976481, 36.143449], [-114.975985, 36.119968], [-114.975598, 36.101595], [-114.97535, 36.089831], [-114.972632, 36.090159], [-114.965016, 36.092981], [-114.962145, 36.093417], [-114.956672, 36.094768], [-114.95044, 36.095617], [-114.947836, 36.097016], [-114.94615, 36.097527], [-114.943706, 36.099911], [-114.941527, 36.101636], [-114.937708, 36.102021], [-114.937685, 36.101022], [-114.939472, 36.101029], [-114.939523, 36.100012], [-114.940234, 36.08623], [-114.93976, 36.080677], [-114.939727, 36.08033], [-114.939602, 36.078825], [-114.939527, 36.077985], [-114.939466, 36.077592], [-114.934584, 36.079641], [-114.929804, 36.081925], [-114.923606, 36.084292], [-114.919146, 36.085944], [-114.913404, 36.087612], [-114.911734, 36.088317], [-114.909687, 36.090202], [-114.905067, 36.096688], [-114.903726, 36.099295], [-114.903689, 36.099385], [-114.90361, 36.100915], [-114.908121, 36.100925], [-114.907954, 36.103587], [-114.907926, 36.10916], [-114.907631, 36.119253], [-114.906485, 36.119254], [-114.906387, 36.12178], [-114.904899, 36.122235], [-114.902492, 36.123253], [-114.900638, 36.123163], [-114.898888, 36.123878], [-114.897105, 36.125134], [-114.893582, 36.126413], [-114.891499, 36.128621], [-114.888575, 36.129739], [-114.887173, 36.129309], [-114.884353, 36.129851], [-114.882395, 36.129962], [-114.880818, 36.13083], [-114.880304, 36.13201], [-114.878186, 36.132601], [-114.876749, 36.131642], [-114.875145, 36.132441], [-114.87329, 36.132142], [-114.870734, 36.130285], [-114.866576, 36.128387], [-114.862601, 36.125175], [-114.861693, 36.122183], [-114.859165, 36.120295], [-114.854276, 36.118072], [-114.850248, 36.117683], [-114.846531, 36.117863], [-114.833686, 36.113347], [-114.819589, 36.107797], [-114.798445, 36.097138], [-114.771155, 36.082097], [-114.755614, 36.07319], [-114.744408, 36.066181], [-114.741129, 36.065454], [-114.7422, 36.067833], [-114.742331, 36.069151], [-114.743542, 36.071037], [-114.745236, 36.072511], [-114.747725, 36.073894], [-114.748891, 36.074981], [-114.75057, 36.08033], [-114.754032, 36.083093], [-114.754681, 36.085052], [-114.754508, 36.086171], [-114.752836, 36.089393], [-114.750095, 36.092275], [-114.748913, 36.095183], [-114.745083, 36.097712], [-114.737497, 36.103102], [-114.734085, 36.104672], [-114.718257, 36.107164], [-114.715364, 36.107342], [-114.709269, 36.107396], [-114.706091, 36.108239], [-114.703046, 36.108488], [-114.696981, 36.110297], [-114.694152, 36.112291], [-114.691631, 36.112535], [-114.688074, 36.111457], [-114.684426, 36.109472], [-114.681847, 36.109192], [-114.679775, 36.109874], [-114.677841, 36.111247], [-114.675106, 36.114111], [-114.671867, 36.115964], [-114.665716, 36.116098], [-114.664343, 36.1163], [-114.661833, 36.118158], [-114.660448, 36.119999], [-114.658131, 36.124127], [-114.655512, 36.126187], [-114.6517, 36.128589], [-114.649057, 36.129845], [-114.645728, 36.131995], [-114.641976, 36.13373], [-114.640125, 36.135126], [-114.636862, 36.135552], [-114.635809, 36.13617], [-114.630474, 36.142218], [-114.628462, 36.141822], [-114.627079, 36.140761], [-114.623837, 36.137144], [-114.622264, 36.134268], [-114.620605, 36.131759], [-114.618429, 36.130328], [-114.615455, 36.129653], [-114.61324, 36.130266], [-114.609288, 36.132229], [-114.604192, 36.135773], [-114.598067, 36.140554], [-114.596474, 36.141537], [-114.593035, 36.142674], [-114.589828, 36.143192], [-114.58764, 36.143897], [-114.583716, 36.14556], [-114.580707, 36.145987], [-114.578828, 36.147175], [-114.57706, 36.148845], [-114.574301, 36.150053], [-114.57109, 36.151099], [-114.569047, 36.151184], [-114.564709, 36.150824], [-114.561173, 36.150921], [-114.556162, 36.15247], [-114.554461, 36.152257], [-114.552254, 36.151445], [-114.548742, 36.150697], [-114.543232, 36.151871], [-114.539233, 36.151764], [-114.537562, 36.151413], [-114.534478, 36.15023], [-114.532924, 36.149282], [-114.532308, 36.14804], [-114.531091, 36.147644], [-114.52621, 36.148177], [-114.51428, 36.150795], [-114.511218, 36.150576], [-114.508104, 36.149713], [-114.501049, 36.144516], [-114.500236, 36.143226], [-114.499992, 36.141594], [-114.50108, 36.14006], [-114.503213, 36.139242], [-114.50515, 36.138078], [-114.507175, 36.13634], [-114.50921, 36.133247], [-114.508467, 36.129913], [-114.507201, 36.128484], [-114.504715, 36.127188], [-114.501798, 36.126556], [-114.498849, 36.126612], [-114.491836, 36.128031], [-114.487635, 36.128656], [-114.483827, 36.12972], [-114.478248, 36.132683], [-114.468674, 36.138889], [-114.465579, 36.139496], [-114.4626, 36.139644], [-114.458945, 36.139214], [-114.456487, 36.138032], [-114.45511, 36.136372], [-114.453798, 36.133586], [-114.451331, 36.129831], [-114.448795, 36.127752], [-114.447135, 36.126022], [-114.445042, 36.125346], [-114.443736, 36.125593], [-114.430893, 36.132655], [-114.423114, 36.13735], [-114.418193, 36.142771], [-114.415253, 36.145123], [-114.412491, 36.146511], [-114.40914, 36.147], [-114.405624, 36.146983], [-114.398373, 36.145799], [-114.394328, 36.144561], [-114.388301, 36.142946], [-114.381479, 36.141349], [-114.379976, 36.141388], [-114.378098, 36.14209], [-114.375356, 36.143556], [-114.373745, 36.143722], [-114.370181, 36.142624], [-114.368551, 36.140892], [-114.367381, 36.13852], [-114.365529, 36.136306], [-114.364499, 36.134072], [-114.360626, 36.129412], [-114.358968, 36.127795], [-114.351915, 36.123299], [-114.348592, 36.121147], [-114.3451, 36.118556], [-114.342601, 36.115878], [-114.34095, 36.113457], [-114.338815, 36.111309], [-114.337264, 36.110428], [-114.334632, 36.106784], [-114.333587, 36.106342], [-114.328801, 36.105902], [-114.325814, 36.103933], [-114.325539, 36.102989], [-114.323458, 36.101186], [-114.320866, 36.096463], [-114.316983, 36.093409], [-114.315159, 36.091469], [-114.313086, 36.088816], [-114.306939, 36.082487], [-114.305393, 36.078183], [-114.304171, 36.07558], [-114.304384, 36.074019], [-114.305853, 36.071478], [-114.307485, 36.069672], [-114.31242, 36.066117], [-114.3136, 36.064148], [-114.314328, 36.062016], [-114.314427, 36.060523], [-114.313591, 36.059048], [-114.311904, 36.057661], [-114.308624, 36.056976], [-114.300971, 36.05746], [-114.298593, 36.057263], [-114.295941, 36.056168], [-114.293435, 36.0545], [-114.290867, 36.050511], [-114.287992, 36.04907], [-114.284006, 36.048242], [-114.279637, 36.046103], [-114.278166, 36.045819], [-114.273911, 36.046529], [-114.272299, 36.046289], [-114.270862, 36.045523], [-114.269548, 36.043769], [-114.268896, 36.04094], [-114.26922, 36.036807], [-114.268586, 36.035034], [-114.265971, 36.03031], [-114.26438, 36.027911], [-114.262388, 36.026107], [-114.259518, 36.024206], [-114.251633, 36.019886], [-114.250846, 36.01956], [-114.248419, 36.018556], [-114.246111, 36.017164], [-114.243865, 36.015266], [-114.240439, 36.015245], [-114.238154, 36.014473], [-114.236892, 36.013247], [-114.233443, 36.012835], [-114.231854, 36.013147], [-114.228015, 36.014731], [-114.226459, 36.014606], [-114.224798, 36.013699], [-114.218759, 36.014511], [-114.216609, 36.014336], [-114.214679, 36.014806], [-114.211932, 36.014834], [-114.210595, 36.015423], [-114.206052, 36.016634], [-114.204156, 36.016575], [-114.201227, 36.017751], [-114.200066, 36.017743], [-114.191221, 36.020019], [-114.18586, 36.022266], [-114.179438, 36.024313], [-114.176304, 36.026129], [-114.174683, 36.02667], [-114.171937, 36.026674], [-114.166638, 36.026982], [-114.164402, 36.026852], [-114.161237, 36.026279], [-114.157344, 36.024966], [-114.1534, 36.02317], [-114.150225, 36.023515], [-114.146989, 36.026061], [-114.145907, 36.027229], [-114.145637, 36.028559], [-114.145672, 36.03297], [-114.144666, 36.034272], [-114.143153, 36.035295], [-114.13826, 36.03719], [-114.137112, 36.038491], [-114.135721, 36.041238], [-114.134841, 36.043873], [-114.134824, 36.045343], [-114.135927, 36.050358], [-114.136206, 36.053232], [-114.1352, 36.056946], [-114.133389, 36.061665], [-114.129768, 36.068484], [-114.125891, 36.072935], [-114.124019, 36.075563], [-114.121186, 36.082755], [-114.119648, 36.085822], [-114.115311, 36.090866], [-114.112297, 36.09405], [-114.1119, 36.095845], [-114.115208, 36.099878], [-114.11707, 36.101177], [-114.119329, 36.10193], [-114.121033, 36.103885], [-114.121779, 36.105699], [-114.12167, 36.108294], [-114.120865, 36.11085], [-114.118497, 36.1139], [-114.116061, 36.115471], [-114.108381, 36.119154], [-114.107419, 36.119401], [-114.100433, 36.119359], [-114.097707, 36.120213], [-114.096994, 36.120823], [-114.095361, 36.124991], [-114.092753, 36.132356], [-114.092366, 36.135331], [-114.091701, 36.137303], [-114.089279, 36.140326], [-114.087899, 36.142923], [-114.081234, 36.150208], [-114.07945, 36.154625], [-114.078832, 36.157434], [-114.077779, 36.159479], [-114.075641, 36.162523], [-114.071652, 36.170921], [-114.066798, 36.179087], [-114.062361, 36.184001], [-114.058662, 36.187835], [-114.0536, 36.190281], [-114.052743, 36.190919], [-114.049484, 36.192134], [-114.043944, 36.19335], [-114.04397, 36.196647], [-114.043981, 36.207574], [-114.04404, 36.210201], [-114.043998, 36.231284], [-114.043849, 36.245114], [-114.044744, 36.259522], [-114.045518, 36.27439], [-114.045559, 36.288837], [-114.045033, 36.30305], [-114.044345, 36.310234], [-114.044051, 36.317628], [-114.044776, 36.331969], [-114.044702, 36.346298], [-114.043999, 36.361082], [-114.043418, 36.375528], [-114.043135, 36.380478], [-114.043042, 36.387429], [-114.042819, 36.438277], [-114.042861, 36.449494], [-114.043133, 36.469716], [-114.044816, 36.491343], [-114.045072, 36.506381], [-114.045487, 36.516837], [-114.045647, 36.521095], [-114.045732, 36.537796], [-114.04632, 36.564615], [-114.046872, 36.585887], [-114.047494, 36.607891], [-114.048112, 36.637216], [-114.04868, 36.659551], [-114.049253, 36.68223], [-114.04975, 36.702925], [-114.049935, 36.709521], [-114.050024, 36.724223], [-114.049973, 36.738672], [-114.050202, 36.747854], [-114.050327, 36.752899], [-114.05002, 36.77266], [-114.049879, 36.781909], [-114.049968, 36.797426], [-114.049988, 36.799136], [-114.049993, 36.799607], [-114.050044, 36.804144], [-114.050087, 36.807811], [-114.050111, 36.809901], [-114.05015, 36.816812], [-114.050137, 36.817562], [-114.050135, 36.817881], [-114.050131, 36.819799], [-114.050124, 36.823389], [-114.050112, 36.828378], [-114.050354, 36.843141], [-114.050309, 36.87498], [-114.050502, 36.895232], [-114.050423, 36.903154], [-114.050079, 36.950649], [-114.049995, 36.957769], [-114.050585, 36.999103], [-114.050052, 37.000191], [-114.050072, 37.014095], [-114.05016, 37.023164], [-114.050881, 37.074976], [-114.05118, 37.080443], [-114.051633, 37.088591], [-114.0514, 37.089834], [-114.051816, 37.091821], [-114.052317, 37.098469], [-114.052541, 37.112881], [-114.052423, 37.1179], [-114.051914, 37.122766], [-114.051866, 37.134387], [-114.051908, 37.14776], [-114.051889, 37.162463], [-114.051674, 37.172467], [-114.051615, 37.184152], [-114.051712, 37.208151], [-114.051704, 37.23392], [-114.051741, 37.250035], [-114.051676, 37.257753], [-114.051801, 37.273119], [-114.05196, 37.284484], [-114.051868, 37.296336], [-114.051665, 37.302972], [-114.051626, 37.303905], [-114.05189, 37.31995], [-114.051754, 37.331284], [-114.051818, 37.347264], [-114.051864, 37.361298], [-114.051916, 37.416672], [-114.051945, 37.418218], [-114.052807, 37.434149], [-114.052813, 37.442905], [-114.052635, 37.464071], [-114.052779, 37.47192], [-114.052794, 37.47234], [-114.052662, 37.482886], [-114.052701, 37.492014], [-114.05269, 37.518005], [-114.05283, 37.532328], [-114.052833, 37.538396], [-114.052885, 37.549262], [-114.052878, 37.565238], [-114.052824, 37.574252], [-114.052831, 37.585238], [-114.052867, 37.58827], [-114.052806, 37.593913], [-114.05227, 37.607552], [-114.052304, 37.618878], [-114.052242, 37.632309], [-114.052211, 37.63632], [-114.052128, 37.650035], [-114.051849, 37.6642], [-114.052011, 37.679591], [-114.051823, 37.713524], [-114.051763, 37.724038], [-114.051654, 37.751498], [-114.049861, 37.766142], [-114.049258, 37.780643], [-114.049142, 37.795], [-114.048302, 37.809424], [-114.048342, 37.809861], [-114.049613, 37.823541], [-114.049549, 37.829989], [-114.049468, 37.837954], [-114.049892, 37.852653], [-114.049973, 37.867851], [-114.049656, 37.881385], [-114.050137, 37.894806], [-114.050254, 37.910402], [-114.050273, 37.923695], [-114.050451, 37.941802], [-114.0505, 37.953341], [-114.050268, 37.979468], [-114.050319, 38.012992], [-114.050291, 38.03962], [-114.050445, 38.05425], [-114.05038, 38.0673], [-114.050201, 38.083787], [-114.050043, 38.097528], [-114.050111, 38.114306], [-114.050032, 38.137716], [-114.049962, 38.151916], [-114.050022, 38.170542], [-114.050085, 38.205005], [-114.050346, 38.237104], [-114.050131, 38.248429], [-114.049905, 38.255396], [-114.049325, 38.26606], [-114.049474, 38.281797], [-114.049574, 38.303435], [-114.049559, 38.326267], [-114.049813, 38.366326], [-114.049948, 38.384895], [-114.050111, 38.390471], [-114.049982, 38.392856], [-114.050298, 38.424306], [-114.050284, 38.454575], [-114.050153, 38.4698], [-114.050366, 38.489357], [-114.050521, 38.496117], [-114.050119, 38.525945], [-114.049912, 38.598377], [-114.049894, 38.647844], [-114.049853, 38.651359], [-114.049807, 38.677365], [-114.0883, 38.677348], [-114.12023, 38.677335], [-114.123135, 38.677336], [-114.151459, 38.677317], [-114.158503, 38.677317], [-114.164808, 38.677614], [-114.171663, 38.677504], [-114.207657, 38.677447], [-114.210315, 38.677442], [-114.254871, 38.677346], [-114.267404, 38.677345], [-114.273475, 38.677346], [-114.278306, 38.677345], [-114.347307, 38.677344], [-114.375836, 38.677365], [-114.43153, 38.677329], [-114.470926, 38.677306], [-114.474228, 38.677344], [-114.500831, 38.677373], [-114.548165, 38.677353], [-114.563961, 38.677355], [-114.606608, 38.677331], [-114.629524, 38.6774], [-114.630149, 38.675706], [-114.630918, 38.675037], [-114.631914, 38.675733], [-114.632143, 38.673764], [-114.633577, 38.66066], [-114.634175, 38.657863], [-114.638378, 38.643428], [-114.642343, 38.629793], [-114.643058, 38.626208], [-114.646796, 38.594172], [-114.647734, 38.585961], [-114.667063, 38.592192], [-114.686819, 38.596635], [-114.695063, 38.597681], [-114.698747, 38.597785], [-114.705378, 38.596499], [-114.707201, 38.595807], [-114.710093, 38.59528], [-114.714408, 38.594134], [-114.715708, 38.59351], [-114.717628, 38.593614], [-114.718489, 38.592205], [-114.721202, 38.590947], [-114.723475, 38.591554], [-114.725016, 38.591434], [-114.726966, 38.592275], [-114.72946, 38.592701], [-114.730631, 38.593348], [-114.732167, 38.593426], [-114.73496, 38.592975], [-114.736328, 38.592373], [-114.737845, 38.592464], [-114.74016, 38.591727], [-114.742168, 38.590562], [-114.745931, 38.589717], [-114.748099, 38.588863], [-114.752766, 38.587798], [-114.756808, 38.587596], [-114.761302, 38.588815], [-114.762065, 38.589335], [-114.768523, 38.592161], [-114.770857, 38.593822], [-114.770016, 38.595298], [-114.770908, 38.597094], [-114.775301, 38.600943], [-114.781972, 38.607289], [-114.785707, 38.612108], [-114.794127, 38.622095], [-114.797615, 38.625877], [-114.799535, 38.62841], [-114.799824, 38.629368], [-114.799862, 38.63341], [-114.800361, 38.639472], [-114.801135, 38.641181], [-114.8026, 38.642427], [-114.807607, 38.642854], [-114.809538, 38.643602], [-114.811772, 38.64537], [-114.81703, 38.645823], [-114.820095, 38.653921], [-114.822174, 38.6587], [-114.824398, 38.660521], [-114.826023, 38.662784], [-114.827906, 38.66448], [-114.830815, 38.667907], [-114.831872, 38.669656], [-114.836333, 38.677335], [-114.875785, 38.677298], [-114.906426, 38.6773], [-114.962002, 38.677312], [-115.000846, 38.677322], [-115.047568, 38.702716], [-115.049426, 38.703715], [-115.057612, 38.708119], [-115.078517, 38.719485], [-115.079037, 38.719773], [-115.103436, 38.732923], [-115.122877, 38.743404], [-115.12585, 38.744604], [-115.134788, 38.749942], [-115.155883, 38.761264], [-115.15725, 38.761944], [-115.164441, 38.765824], [-115.184343, 38.776562], [-115.237279, 38.805124], [-115.250855, 38.81241], [-115.266707, 38.821168], [-115.274874, 38.825753], [-115.278296, 38.827549], [-115.301049, 38.839806], [-115.366694, 38.874938], [-115.368786, 38.87602], [-115.37586, 38.879697], [-115.463105, 38.926496], [-115.49753, 38.944964], [-115.500865, 38.946924], [-115.51031, 38.951991], [-115.545837, 38.971082], [-115.564731, 38.981464], [-115.567885, 38.98321], [-115.568275, 38.983412], [-115.599878, 38.999933], [-115.601585, 38.999933], [-115.607621, 39.003177], [-115.608149, 39.003461], [-115.62133, 39.010551], [-115.626766, 39.013579], [-115.644623, 39.022978], [-115.660353, 39.031252], [-115.69757, 39.050926], [-115.711239, 39.058135], [-115.742633, 39.074647], [-115.750827, 39.079636], [-115.766155, 39.087696], [-115.780242, 39.095218], [-115.794823, 39.10294], [-115.84256, 39.128325], [-115.869672, 39.142676], [-115.875874, 39.145428], [-115.907071, 39.161848], [-115.938632, 39.161855], [-115.967089, 39.161845], [-115.971554, 39.161845], [-115.99273, 39.161848], [-116.000886, 39.161845], [-116.002271, 39.161228], [-116.011735, 39.161241], [-116.032403, 39.161301], [-116.077941, 39.161413], [-116.112562, 39.161496], [-116.124608, 39.161525], [-116.125891, 39.161669], [-116.168293, 39.161631], [-116.235081, 39.161793], [-116.250896, 39.161831], [-116.335184, 39.16178], [-116.352052, 39.161761], [-116.410122, 39.161736], [-116.462325, 39.161703], [-116.481361, 39.161692], [-116.531413, 39.161599], [-116.595207, 39.16143], [-116.600946, 39.161463], [-116.639795, 39.161685], [-116.686697, 39.161959], [-116.691778, 39.161989], [-116.712433, 39.162108], [-116.730816, 39.162215], [-116.739213, 39.162256], [-116.750845, 39.161528], [-116.827065, 39.162077], [-116.836623, 39.162147], [-116.847447, 39.162227], [-116.875915, 39.162629], [-116.917515, 39.162728], [-116.964559, 39.163064], [-117.000223, 39.163327], [-117.014135, 39.16336], [-117.045762, 39.163329], [-117.060777, 39.163313], [-117.069658, 39.163303], [-117.093324, 39.163274], [-117.098432, 39.163224], [-117.125922, 39.163349], [-117.177239, 39.163268], [-117.184522, 39.163257], [-117.220205, 39.163202], [-117.232056, 39.163211], [-117.250924, 39.163398], [-117.279072, 39.163364], [-117.299736, 39.16341], [-117.331857, 39.16343], [-117.356735, 39.159652], [-117.357439, 39.159548], [-117.375928, 39.157093], [-117.43353, 39.14906], [-117.472618, 39.143612], [-117.500933, 39.139404], [-117.506706, 39.138434], [-117.541408, 39.132611], [-117.55998, 39.129494], [-117.587226, 39.124926], [-117.601369, 39.122242], [-117.61312, 39.120369], [-117.620483, 39.11916], [-117.629239, 39.117856], [-117.646991, 39.115001], [-117.682046, 39.109079], [-117.693344, 39.107246], [-117.75101, 39.097508], [-117.763782, 39.095375], [-117.775468, 39.093425], [-117.805078, 39.086897], [-117.830118, 39.081397], [-117.830154, 39.081389], [-117.865116, 39.073654], [-117.889564, 39.073715], [-117.929234, 39.073647], [-117.966826, 39.073632], [-117.996813, 39.073618], [-118.000955, 39.073438], [-118.046076, 39.073493], [-118.099036, 39.073548], [-118.125023, 39.073416], [-118.125958, 39.073512], [-118.194068, 39.073427], [-118.20957, 39.073494], [-118.243645, 39.07335], [-118.250962, 39.07375], [-118.264169, 39.073623], [-118.273299, 39.073738], [-118.301914, 39.073727], [-118.304329, 39.073571], [-118.314452, 39.07366], [-118.320728, 39.073742], [-118.333164, 39.073741], [-118.375964, 39.073473], [-118.3916, 39.073509], [-118.417752, 39.073691], [-118.452633, 39.073902], [-118.456667, 39.073719], [-118.477505, 39.073682], [-118.477407, 39.080246], [-118.477688, 39.112762], [-118.485487, 39.112642], [-118.518297, 39.112612], [-118.533211, 39.112247], [-118.533285, 39.114062], [-118.533322, 39.126938], [-118.544378, 39.127255], [-118.570333, 39.127276], [-118.570178, 39.141941], [-118.589964, 39.141967], [-118.620799, 39.141846], [-118.630336, 39.1417], [-118.706786, 39.141764], [-118.751573, 39.141758], [-118.7835, 39.141525], [-118.792219, 39.141547], [-118.792738, 39.141548], [-118.792737, 39.141826], [-118.792415, 39.171397], [-118.80039, 39.171302], [-118.82944, 39.171137], [-118.848091, 39.17123], [-118.848103, 39.185314], [-118.866737, 39.185337], [-118.866757, 39.19821], [-118.890831, 39.198218], [-118.890663, 39.2272], [-118.909031, 39.227191], [-118.909141, 39.234601], [-118.914366, 39.233136], [-118.918762, 39.230702], [-118.922163, 39.229608], [-118.924533, 39.22945], [-118.929581, 39.227688], [-118.933476, 39.22689], [-118.938608, 39.22769], [-118.939778, 39.227365], [-118.940443, 39.22624], [-118.94371, 39.225558], [-118.945835, 39.22708], [-118.952593, 39.226344], [-118.95625, 39.225069], [-118.957748, 39.225214], [-118.958718, 39.225952], [-118.960723, 39.225914], [-118.962768, 39.224893], [-118.967398, 39.226099], [-118.972962, 39.229567], [-118.974855, 39.229974], [-118.979571, 39.231989], [-118.980322, 39.232952], [-118.98074, 39.234927], [-118.980005, 39.236848], [-118.980582, 39.23973], [-118.982019, 39.242201], [-118.981687, 39.243144], [-118.981392, 39.245054], [-118.984466, 39.246313], [-118.986905, 39.246761], [-118.989993, 39.248725], [-118.991107, 39.248929], [-118.993587, 39.250148], [-118.995841, 39.252314], [-118.998258, 39.252888], [-119.000224, 39.253756], [-119.003267, 39.254284], [-119.006856, 39.256207], [-119.009411, 39.256887], [-119.013606, 39.25859], [-119.015878, 39.259107], [-119.019297, 39.261139], [-119.024863, 39.263088], [-119.029081, 39.264824], [-119.032032, 39.264321], [-119.034491, 39.265251], [-119.03561, 39.266287], [-119.03879, 39.267389], [-119.039773, 39.26794], [-119.040966, 39.265175], [-119.040607, 39.264451], [-119.03886, 39.263627], [-119.04103, 39.263207], [-119.041623, 39.262688], [-119.040765, 39.26188], [-119.041168, 39.25755], [-119.040907, 39.256593], [-119.041336, 39.254026], [-119.041881, 39.253189], [-119.041798, 39.250988], [-119.042366, 39.250085], [-119.042017, 39.246784], [-119.043535, 39.24541], [-119.042866, 39.244187], [-119.045656, 39.244959], [-119.047346, 39.244632], [-119.048565, 39.243194], [-119.048983, 39.241196], [-119.048366, 39.239683], [-119.046375, 39.239335], [-119.043704, 39.240357], [-119.043482, 39.239783], [-119.044847, 39.238268], [-119.046235, 39.234783], [-119.045827, 39.234509], [-119.044405, 39.235801], [-119.043488, 39.235663], [-119.04476, 39.234174], [-119.043976, 39.2328], [-119.044587, 39.22885], [-119.045746, 39.227035], [-119.046035, 39.225378], [-119.044899, 39.223508], [-119.045193, 39.221358], [-119.046806, 39.219148], [-119.047347, 39.216962], [-119.04718, 39.215747], [-119.045956, 39.215555], [-119.046594, 39.213211], [-119.047662, 39.212494], [-119.047662, 39.210761], [-119.046785, 39.209589], [-119.048913, 39.187454], [-119.050401, 39.172154], [-119.050914, 39.170826], [-119.050643, 39.169378], [-119.051, 39.166781], [-119.049926, 39.164904], [-119.08507, 39.165044], [-119.088054, 39.165082], [-119.107275, 39.165126], [-119.107316, 39.157907], [-119.1021, 39.157917], [-119.102069, 39.154297], [-119.09548, 39.154302], [-119.087816, 39.154332], [-119.087902, 39.153308], [-119.092747, 39.152443], [-119.096092, 39.152975], [-119.099248, 39.152422], [-119.101265, 39.150518], [-119.101653, 39.14925], [-119.101283, 39.147277], [-119.1024, 39.146237], [-119.10636, 39.145839], [-119.108244, 39.144367], [-119.110006, 39.142032], [-119.111473, 39.141949], [-119.112925, 39.140441], [-119.11161, 39.13835], [-119.115258, 39.137581], [-119.11563, 39.136936], [-119.115745, 39.134075], [-119.117367, 39.132989], [-119.117187, 39.131945], [-119.116264, 39.13141], [-119.115947, 39.130099], [-119.116695, 39.127976], [-119.103939, 39.124883], [-119.102751, 39.124734], [-119.099223, 39.12428], [-119.092009, 39.123546], [-119.084871, 39.122776], [-119.075256, 39.121051], [-119.058616, 39.119914], [-119.05626, 39.119756], [-119.050197, 39.120608], [-119.034379, 39.123212], [-119.032617, 39.123301], [-119.015906, 39.122674], [-119.013416, 39.121951], [-119.013576, 39.1126], [-118.9981, 39.112778], [-118.995695, 39.111399], [-118.995321, 39.106488], [-118.995627, 39.083931], [-118.994485, 39.083984], [-118.978155, 39.08392], [-118.948094, 39.083929], [-118.940142, 39.07934], [-118.940089, 39.069669], [-118.923428, 39.069642], [-118.923037, 39.069408], [-118.943669, 39.042014], [-118.973109, 39.002882], [-118.993772, 38.975386], [-119.000998, 38.965765], [-119.009713, 38.95217], [-119.010715, 38.950607], [-119.012137, 38.948384], [-119.014858, 38.94414], [-119.014874, 38.936946], [-119.014822, 38.923565], [-119.014798, 38.917604], [-119.014655, 38.893742], [-119.014512, 38.881235], [-119.014502, 38.8716], [-119.014499, 38.862029], [-119.014499, 38.851951], [-119.000196, 38.85203], [-119.007054, 38.849804], [-119.010138, 38.849109], [-119.012797, 38.849336], [-119.014036, 38.848286], [-119.017579, 38.8482], [-119.019802, 38.846454], [-119.0203, 38.845542], [-119.021132, 38.843004], [-119.023274, 38.840783], [-119.028331, 38.839065], [-119.032122, 38.838438], [-119.039101, 38.838788], [-119.045084, 38.83863], [-119.047933, 38.839568], [-119.060422, 38.844366], [-119.062997, 38.845226], [-119.073636, 38.846938], [-119.076603, 38.846489], [-119.079462, 38.845704], [-119.083176, 38.844724], [-119.083219, 38.844712], [-119.086061, 38.844584], [-119.090392, 38.845496], [-119.093846, 38.846683], [-119.095917, 38.846924], [-119.097842, 38.846704], [-119.100416, 38.846943], [-119.105342, 38.848307], [-119.106308, 38.847672], [-119.107575, 38.844896], [-119.111304, 38.84493], [-119.133189, 38.845102], [-119.144762, 38.845021], [-119.144714, 38.839013], [-119.144694, 38.837214], [-119.144093, 38.836241], [-119.144526, 38.835134], [-119.147366, 38.833852], [-119.148818, 38.833764], [-119.151243, 38.832095], [-119.1534, 38.831433], [-119.153736, 38.830387], [-119.158105, 38.830452], [-119.163069, 38.829117], [-119.163133, 38.837989], [-119.168634, 38.83803], [-119.174562, 38.838065], [-119.177285, 38.837562], [-119.185335, 38.834106], [-119.18599, 38.833831], [-119.186997, 38.831467], [-119.191614, 38.828393], [-119.191648, 38.827608], [-119.193596, 38.825931], [-119.195017, 38.823729], [-119.196956, 38.822955], [-119.199233, 38.822927], [-119.199908, 38.823685], [-119.202926, 38.822931], [-119.203513, 38.822044], [-119.203123, 38.820339], [-119.204814, 38.819605], [-119.205712, 38.818605], [-119.208076, 38.817722], [-119.208398, 38.816156], [-119.210216, 38.814344], [-119.215533, 38.812757], [-119.21696, 38.8111], [-119.217684, 38.811305], [-119.219333, 38.810577], [-119.220284, 38.809099], [-119.221308, 38.808944], [-119.2223, 38.808042], [-119.225191, 38.80736], [-119.237193, 38.808484], [-119.248984, 38.809601], [-119.255736, 38.810206], [-119.258192, 38.810081], [-119.260764, 38.809431], [-119.262426, 38.80865], [-119.26991, 38.804143], [-119.272619, 38.802921], [-119.275435, 38.802223], [-119.278456, 38.801997], [-119.282739, 38.802006], [-119.277231, 38.806952], [-119.278031, 38.806372], [-119.282322, 38.806247], [-119.284254, 38.805071], [-119.286652, 38.805641], [-119.288083, 38.805294], [-119.289678, 38.805857], [-119.291883, 38.805261], [-119.291909, 38.802047], [-119.299399, 38.802097], [-119.30578, 38.802128], [-119.315593, 38.802167], [-119.317145, 38.801852], [-119.319461, 38.800658], [-119.320441, 38.800446], [-119.327888, 38.800428], [-119.328868, 38.799801], [-119.328864, 38.801003], [-119.328876, 38.802253], [-119.347557, 38.802048], [-119.34744, 38.79612], [-119.347502, 38.786626], [-119.3472, 38.785827], [-119.346215, 38.784764], [-119.344949, 38.781859], [-119.343133, 38.7827], [-119.33035, 38.787074], [-119.328867, 38.788256], [-119.328858, 38.773069], [-119.328984, 38.765775], [-119.330906, 38.760168], [-119.331321, 38.758116], [-119.331119, 38.741256], [-119.33102, 38.737279], [-119.330179, 38.733886], [-119.325565, 38.724247], [-119.324169, 38.72178], [-119.320594, 38.717184], [-119.305324, 38.69751], [-119.295374, 38.684676], [-119.294021, 38.682613], [-119.283444, 38.664667], [-119.281261, 38.660967], [-119.274303, 38.649162], [-119.272839, 38.646361], [-119.268702, 38.637058], [-119.266821, 38.635367], [-119.264619, 38.634631], [-119.264566, 38.632494], [-119.269547, 38.626825], [-119.270248, 38.624038], [-119.2739, 38.621784], [-119.275136, 38.619398], [-119.275387, 38.617317], [-119.28142, 38.612939], [-119.283169, 38.587149], [-119.28628, 38.58191], [-119.286348, 38.580319], [-119.285751, 38.578578], [-119.285537, 38.576361], [-119.28617, 38.573051], [-119.288375, 38.569758], [-119.289368, 38.571489], [-119.289948, 38.573648], [-119.293307, 38.574847], [-119.295314, 38.576494], [-119.297014, 38.578442], [-119.300182, 38.579965], [-119.301051, 38.582162], [-119.30383, 38.583656], [-119.307499, 38.583494], [-119.309816, 38.585129], [-119.314387, 38.586915], [-119.315108, 38.586687], [-119.319247, 38.586937], [-119.320478, 38.586367], [-119.325634, 38.585816], [-119.327992, 38.586684], [-119.329639, 38.588066], [-119.329747, 38.57321], [-119.329749, 38.57296], [-119.330052, 38.535961], [-119.330059, 38.535114], [-119.312266, 38.523286], [-119.298394, 38.513609], [-119.279552, 38.500313], [-119.263992, 38.489467], [-119.250061, 38.479695], [-119.239985, 38.472629], [-119.23455, 38.468708], [-119.212811, 38.45358], [-119.207679, 38.44994], [-119.204092, 38.447439], [-119.195418, 38.441404], [-119.183657, 38.433268], [-119.161495, 38.41768], [-119.160206, 38.41677], [-119.155907, 38.413753], [-119.155564, 38.413763], [-119.125982, 38.39317], [-119.124487, 38.391901], [-119.100246, 38.374916], [-119.097159, 38.372851], [-119.088114, 38.366005], [-119.082358, 38.361267], [-119.029783, 38.324978], [-119.028691, 38.324047], [-119.005462, 38.3069], [-119.000975, 38.303675], [-118.94971, 38.268965], [-118.922518, 38.249919], [-118.910346, 38.241142], [-118.887932, 38.225094], [-118.875873, 38.216456], [-118.86045, 38.205773], [-118.854824, 38.201746], [-118.797624, 38.160551], [-118.781838, 38.149108], [-118.771867, 38.141871], [-118.752225, 38.128773], [-118.746598, 38.124926], [-118.714201, 38.102105], [-118.68636, 38.081835], [-118.685938, 38.081565], [-118.645081, 38.051712], [-118.625963, 38.03774], [-118.621676, 38.034438], [-118.571958, 37.99993], [-118.525065, 37.966318], [-118.517184, 37.960626], [-118.516301, 37.959874], [-118.500964, 37.949023], [-118.496043, 37.945146], [-118.461322, 37.920152], [-118.435178, 37.901289], [-118.428144, 37.89622], [-118.398531, 37.874883], [-118.375936, 37.858663], [-118.372572, 37.856012], [-118.327656, 37.823739], [-118.318569, 37.817258], [-118.301589, 37.80504], [-118.250956, 37.768622], [-118.244972, 37.76417], [-118.225439, 37.749993], [-118.21361, 37.741565], [-118.177906, 37.715635], [-118.125849, 37.677986], [-118.101046, 37.660109], [-118.072024, 37.639211], [-118.063714, 37.633227], [-118.052189, 37.62493], [-118.037481, 37.613538], [-118.007388, 37.59177], [-118.000962, 37.587396], [-117.995572, 37.583518], [-117.986954, 37.57702], [-117.983035, 37.574387], [-117.979542, 37.572141], [-117.976643, 37.569949], [-117.975439, 37.569039], [-117.937025, 37.540077], [-117.931446, 37.536], [-117.913106, 37.522245], [-117.904625, 37.515836], [-117.878323, 37.498764], [-117.875927, 37.497267], [-117.866144, 37.489946], [-117.837499, 37.468503], [-117.799679, 37.440192], [-117.750927, 37.403598], [-117.748548, 37.402002], [-117.713073, 37.375552], [-117.712358, 37.374931], [-117.680454, 37.353283], [-117.669528, 37.34512], [-117.65341, 37.332934], [-117.634468, 37.318526], [-117.625457, 37.31179], [-117.581418, 37.278936], [-117.551878, 37.257816], [-117.540885, 37.249931], [-117.534076, 37.244659], [-117.506173, 37.224155], [-117.500909, 37.220282], [-117.500117, 37.22038], [-117.448638, 37.181682], [-117.417543, 37.158223], [-117.405485, 37.149184], [-117.373451, 37.124932], [-117.371219, 37.123614], [-117.31883, 37.084409], [-117.286036, 37.059869], [-117.266046, 37.04491], [-117.250903, 37.03451], [-117.244917, 37.030244], [-117.226619, 37.016464], [-117.204655, 36.999922], [-117.182891, 36.983882], [-117.166001, 36.971111], [-117.151197, 36.959868], [-117.13757, 36.949929], [-117.125899, 36.941186], [-117.110822, 36.929678], [-117.0866, 36.911314], [-117.064482, 36.894681], [-117.037976, 36.874943], [-117.024158, 36.86485], [-117.0129, 36.856349], [-117.004011, 36.849735], [-117.000895, 36.847694], [-116.975362, 36.828415], [-116.957877, 36.815213], [-116.927908, 36.792588], [-116.880674, 36.75692], [-116.874254, 36.752081], [-116.82125, 36.711812], [-116.792503, 36.689969], [-116.750926, 36.658377], [-116.730232, 36.642683], [-116.710248, 36.627535], [-116.656883, 36.587088], [-116.614585, 36.555005], [-116.595297, 36.540376], [-116.541983, 36.499952], [-116.529897, 36.490581], [-116.500882, 36.468223], [-116.488233, 36.459097], [-116.472579, 36.446869], [-116.472136, 36.446558], [-116.445201, 36.425501], [-116.422299, 36.407682], [-116.417184, 36.403695], [-116.41175, 36.399441], [-116.380347, 36.374961], [-116.3759, 36.372583], [-116.372799, 36.369924], [-116.33551, 36.341483], [-116.327804, 36.335606], [-116.250818, 36.276939], [-116.245838, 36.273051], [-116.230542, 36.261314], [-116.21264, 36.247595], [-116.197267, 36.235728], [-116.169054, 36.213947], [-116.129137, 36.183176], [-116.122009, 36.177628], [-116.115608, 36.172636], [-116.108531, 36.167138], [-116.097216, 36.158346], [-116.092575, 36.154945], [-116.063859, 36.13273], [-116.035692, 36.11087], [-116.010091, 36.091133], [-116.000655, 36.083857], [-115.993107, 36.077771], [-115.974959, 36.063656], [-115.962489, 36.05396], [-115.95761, 36.050165], [-115.93962, 36.036182], [-115.921842, 36.022349], [-115.912564, 36.015324], [-115.90059, 36.006045], [-115.872622, 35.98443], [-115.857677, 35.972803], [-115.845994, 35.963707], [-115.84553, 35.986585], [-115.845533, 35.9866], [-115.845563, 36.004111], [-115.845718, 36.010684], [-115.845746, 36.046545], [-115.845767, 36.054285], [-115.845763, 36.095583], [-115.845804, 36.119954], [-115.845805, 36.120242], [-115.845803, 36.122048], [-115.841528, 36.122309], [-115.836887, 36.122967], [-115.832384, 36.122795], [-115.829078, 36.12241], [-115.820463, 36.123229], [-115.816859, 36.122999], [-115.813574, 36.123402], [-115.804606, 36.123825], [-115.801445, 36.124124], [-115.799743, 36.124612], [-115.796835, 36.12454], [-115.789368, 36.12494], [-115.781808, 36.125125], [-115.779721, 36.125899], [-115.775512, 36.126945], [-115.769339, 36.128917], [-115.767081, 36.130808], [-115.761961, 36.133241], [-115.760408, 36.135075], [-115.7586, 36.135945], [-115.750234, 36.139015], [-115.744809, 36.140844], [-115.737473, 36.143505], [-115.73242, 36.1455], [-115.728476, 36.147602], [-115.728262, 36.145867], [-115.725959, 36.145209], [-115.722533, 36.145873], [-115.721613, 36.144347], [-115.720588, 36.143806], [-115.717866, 36.143716], [-115.714601, 36.144058], [-115.712504, 36.14361], [-115.707142, 36.143797], [-115.703146, 36.144608], [-115.702616, 36.145065], [-115.699672, 36.145781], [-115.695956, 36.147258], [-115.691363, 36.147309], [-115.688487, 36.14767], [-115.686961, 36.147247], [-115.685336, 36.147667], [-115.683909, 36.147507], [-115.68149, 36.147971], [-115.680842, 36.149062], [-115.678751, 36.150143], [-115.677607, 36.1521], [-115.674136, 36.1554], [-115.67145, 36.158748], [-115.668429, 36.161221], [-115.664301, 36.162228], [-115.662241, 36.161763], [-115.660425, 36.162209], [-115.657915, 36.16466], [-115.656145, 36.165226], [-115.654268, 36.165219], [-115.651178, 36.164032], [-115.650957, 36.16314], [-115.649469, 36.161793], [-115.648034, 36.161502], [-115.645661, 36.162113], [-115.642412, 36.161438], [-115.641076, 36.161538], [-115.639436, 36.160573], [-115.63395, 36.161092], [-115.633077, 36.16169], [-115.63222, 36.161715], [-115.630396, 36.162839], [-115.629861, 36.162526], [-115.627137, 36.162499], [-115.625848, 36.162155], [-115.622843, 36.162625], [-115.620573, 36.16189], [-115.620162, 36.162143], [-115.618922, 36.162248], [-115.618271, 36.162973], [-115.615744, 36.164482], [-115.615017, 36.164216], [-115.612667, 36.164537], [-115.612625, 36.164537], [-115.612582, 36.164541], [-115.612409, 36.164559], [-115.612273, 36.164603], [-115.612144, 36.164674], [-115.612002, 36.164697], [-115.611765, 36.164757], [-115.611521, 36.164955], [-115.611478, 36.164971], [-115.611176, 36.165087], [-115.611088, 36.165105], [-115.610938, 36.165137], [-115.610722, 36.165263], [-115.610586, 36.165296], [-115.610491, 36.165285], [-115.610302, 36.16528], [-115.610186, 36.165296], [-115.609922, 36.165445], [-115.609781, 36.165504], [-115.609678, 36.165549], [-115.609373, 36.165516], [-115.6092, 36.165582], [-115.609143, 36.165604], [-115.60891, 36.165626], [-115.608831, 36.165634], [-115.608682, 36.165648], [-115.608608, 36.165703], [-115.608411, 36.165802], [-115.608316, 36.165874], [-115.608201, 36.166006], [-115.608193, 36.166051], [-115.608172, 36.166176], [-115.606672, 36.166701], [-115.605971, 36.166003], [-115.604498, 36.167539], [-115.6023, 36.166814], [-115.601519, 36.1673], [-115.597648, 36.167621], [-115.59489, 36.166654], [-115.592641, 36.166727], [-115.590613, 36.167247], [-115.582995, 36.166688], [-115.581527, 36.167447], [-115.579132, 36.167276], [-115.577675, 36.165811], [-115.577663, 36.165799], [-115.577476, 36.165761], [-115.57736, 36.165706], [-115.577198, 36.165519], [-115.576967, 36.165349], [-115.576935, 36.16532], [-115.576466, 36.164898], [-115.576425, 36.164871], [-115.576258, 36.164708], [-115.576249, 36.1647], [-115.576025, 36.164464], [-115.575801, 36.164272], [-115.57574, 36.16425], [-115.575521, 36.164172], [-115.57396, 36.162238], [-115.571843, 36.156843], [-115.571423, 36.155238], [-115.572879, 36.152139], [-115.572655, 36.150892], [-115.57149, 36.149518], [-115.571533, 36.148186], [-115.570674, 36.145156], [-115.570703, 36.142523], [-115.570771, 36.142177], [-115.570791, 36.141946], [-115.570771, 36.141782], [-115.57071, 36.141611], [-115.570757, 36.14138], [-115.570832, 36.14126], [-115.570845, 36.141188], [-115.570832, 36.140974], [-115.570798, 36.140853], [-115.570723, 36.140727], [-115.570317, 36.140353], [-115.57029, 36.140342], [-115.571488, 36.133017], [-115.572429, 36.130885], [-115.572043, 36.130303], [-115.572253, 36.128182], [-115.572218, 36.125363], [-115.571335, 36.12408], [-115.571023, 36.123787], [-115.570305, 36.120314], [-115.570806, 36.119094], [-115.572167, 36.117632], [-115.573142, 36.113236], [-115.573799, 36.112699], [-115.57409, 36.111923], [-115.57346, 36.110626], [-115.573527, 36.108873], [-115.57328, 36.10894], [-115.571715, 36.109084], [-115.565263, 36.110653], [-115.562331, 36.11161], [-115.560872, 36.113898], [-115.558145, 36.120374], [-115.5579, 36.120905], [-115.556441, 36.121523], [-115.554151, 36.121286], [-115.551056, 36.123072], [-115.549633, 36.124401], [-115.549122, 36.126264], [-115.547923, 36.12745], [-115.545809, 36.12856], [-115.542876, 36.128488], [-115.541955, 36.128944], [-115.540384, 36.128785], [-115.540047, 36.128468], [-115.53665, 36.129646], [-115.536179, 36.129137], [-115.532508, 36.130547], [-115.531432, 36.131464], [-115.531124, 36.133784], [-115.530056, 36.134407], [-115.530979, 36.135907], [-115.530354, 36.137428], [-115.530833, 36.137671], [-115.529458, 36.141725], [-115.526828, 36.143105], [-115.527291, 36.144866], [-115.524283, 36.146891], [-115.524119, 36.149493], [-115.52282, 36.154086], [-115.522453, 36.153961], [-115.522346, 36.153861], [-115.522114, 36.15373], [-115.521925, 36.153695], [-115.52164, 36.153991], [-115.521417, 36.153962], [-115.521098, 36.153973], [-115.520859, 36.153888], [-115.520699, 36.153958], [-115.520328, 36.15427], [-115.520226, 36.154533], [-115.519991, 36.154874], [-115.519929, 36.15517], [-115.519799, 36.155284], [-115.519533, 36.15562], [-115.519414, 36.155855], [-115.519287, 36.156024], [-115.519103, 36.156099], [-115.518818, 36.156115], [-115.518307, 36.156289], [-115.518165, 36.156304], [-115.517926, 36.156406], [-115.517812, 36.1566], [-115.517513, 36.156641], [-115.517252, 36.156845], [-115.517227, 36.156938], [-115.517272, 36.157125], [-115.517188, 36.157328], [-115.517175, 36.157531], [-115.517085, 36.157618], [-115.516893, 36.158012], [-115.516885, 36.158105], [-115.516697, 36.15821], [-115.516593, 36.158407], [-115.516678, 36.158606], [-115.516729, 36.158859], [-115.516762, 36.159359], [-115.516739, 36.159513], [-115.516608, 36.159726], [-115.516377, 36.159952], [-115.516268, 36.159994], [-115.516004, 36.160003], [-115.515809, 36.159908], [-115.515359, 36.160076], [-115.515168, 36.160379], [-115.515084, 36.160566], [-115.514878, 36.160783], [-115.514507, 36.160898], [-115.513854, 36.160839], [-115.513741, 36.160943], [-115.51347, 36.160924], [-115.513347, 36.160969], [-115.513035, 36.161016], [-115.51247, 36.161172], [-115.512313, 36.161242], [-115.511743, 36.161322], [-115.511334, 36.161504], [-115.511074, 36.161461], [-115.510655, 36.161575], [-115.51028, 36.161533], [-115.510045, 36.16183], [-115.509814, 36.161891], [-115.509625, 36.162087], [-115.509324, 36.162232], [-115.509153, 36.162376], [-115.50872, 36.162551], [-115.508489, 36.162614], [-115.507573, 36.162707], [-115.506306, 36.162741], [-115.50613, 36.162718], [-115.505777, 36.162742], [-115.504929, 36.162838], [-115.504839, 36.16292], [-115.504598, 36.162989], [-115.503856, 36.162987], [-115.503429, 36.163016], [-115.503282, 36.16315], [-115.501517, 36.162293], [-115.499078, 36.160125], [-115.498408, 36.159204], [-115.494886, 36.156656], [-115.494022, 36.155494], [-115.489934, 36.153285], [-115.489214, 36.153139], [-115.488168, 36.151714], [-115.487859, 36.150094], [-115.483281, 36.148228], [-115.481081, 36.14628], [-115.476323, 36.1454], [-115.474405, 36.143875], [-115.471188, 36.1437], [-115.469809, 36.143099], [-115.467927, 36.143304], [-115.465972, 36.142754], [-115.462654, 36.142411], [-115.460834, 36.141583], [-115.459051, 36.139912], [-115.457691, 36.139112], [-115.454246, 36.13816], [-115.452655, 36.138085], [-115.450225, 36.137285], [-115.445298, 36.137088], [-115.440119, 36.135697], [-115.437013, 36.133793], [-115.436333, 36.132263], [-115.431229, 36.1306], [-115.429631, 36.130425], [-115.426387, 36.129249], [-115.423877, 36.130366], [-115.421319, 36.131551], [-115.419552, 36.132086], [-115.417506, 36.132242], [-115.41281, 36.133697], [-115.409284, 36.135711], [-115.40656, 36.137815], [-115.402695, 36.140203], [-115.396351, 36.142888], [-115.387769, 36.144966], [-115.388284, 36.153681], [-115.395145, 36.153608], [-115.40086, 36.158872], [-115.403872, 36.161646], [-115.405163, 36.162468], [-115.413602, 36.167806], [-115.414406, 36.188907], [-115.423481, 36.188509], [-115.423772, 36.277328], [-115.424569, 36.280938], [-115.424189, 36.284309], [-115.424034, 36.293136], [-115.40722, 36.304276], [-115.403079, 36.306252], [-115.399612, 36.307318], [-115.397312, 36.308032], [-115.392679, 36.309474], [-115.390249, 36.310238], [-115.378912, 36.313765], [-115.376619, 36.314479], [-115.364998, 36.318084], [-115.356028, 36.320882], [-115.351434, 36.322297], [-115.351421, 36.321191], [-115.350355, 36.321166], [-115.35033, 36.322646], [-115.346923, 36.323701], [-115.346977, 36.321114], [-115.333467, 36.320896], [-115.333571, 36.308161], [-115.333587, 36.30627], [-115.333467, 36.299057], [-115.333389, 36.28828], [-115.333374, 36.27714], [-115.33331, 36.269815], [-115.333277, 36.266155], [-115.330989, 36.266175], [-115.331026, 36.264284], [-115.330968, 36.264278], [-115.330963, 36.262584], [-115.330383, 36.262565], [-115.327813, 36.262519], [-115.327573, 36.262522], [-115.327346, 36.262525], [-115.327066, 36.262529], [-115.326764, 36.262534], [-115.326405, 36.262545], [-115.325259, 36.26255], [-115.324097, 36.262564], [-115.322959, 36.262567], [-115.321814, 36.262582], [-115.320673, 36.262589], [-115.319522, 36.262597], [-115.318374, 36.262605], [-115.317238, 36.262608], [-115.316096, 36.262619], [-115.314984, 36.262632], [-115.312671, 36.262643], [-115.311592, 36.262641], [-115.310547, 36.262641], [-115.309518, 36.262647], [-115.306167, 36.262656], [-115.303976, 36.262654], [-115.301813, 36.262663], [-115.299631, 36.262667], [-115.297461, 36.262663], [-115.295212, 36.262674], [-115.292998, 36.262671], [-115.288515, 36.262692], [-115.286066, 36.262752], [-115.283614, 36.262826], [-115.281188, 36.262861], [-115.279939, 36.26291], [-115.278733, 36.262981], [-115.278833, 36.259306], [-115.278881, 36.257478], [-115.278903, 36.256986], [-115.278934, 36.255661], [-115.278979, 36.253816], [-115.279008, 36.25308], [-115.279047, 36.251977], [-115.279098, 36.250164], [-115.279158, 36.24831], [-115.279127, 36.244686], [-115.279147, 36.241049], [-115.27913, 36.239222], [-115.279122, 36.237413], [-115.27912, 36.235589], [-115.279126, 36.233742], [-115.279091, 36.232644], [-115.279047, 36.231247], [-115.27905, 36.230568], [-115.278998, 36.228678], [-115.278972, 36.227445], [-115.278954, 36.226996], [-115.278947, 36.226191], [-115.277083, 36.226144], [-115.27664, 36.226135], [-115.276215, 36.226109], [-115.274773, 36.226074], [-115.273974, 36.22606], [-115.273831, 36.226055], [-115.273403, 36.226043], [-115.273261, 36.22604], [-115.272061, 36.226008], [-115.269763, 36.225944], [-115.267456, 36.225871], [-115.265133, 36.225823], [-115.262841, 36.22574], [-115.26269, 36.225736], [-115.262277, 36.225727], [-115.262231, 36.225724], [-115.260562, 36.225715], [-115.258293, 36.225708], [-115.258287, 36.224735], [-115.258237, 36.22378], [-115.255961, 36.223775], [-115.255965, 36.22474], [-115.255976, 36.22568], [-115.251416, 36.225659], [-115.249084, 36.225643], [-115.246972, 36.22564], [-115.246949, 36.218215]]]]}}], "labels": {"type": "FeatureCollection", "features": [{"type": "Feature", "properties": {"id": "1", "NAME": "1", "text-color": "#000000", "text-size": 16, "featureLabel": {"left": -114.9519361118622, "right": -114.9519361118622, "top": 35.82965931413269, "bottom": 35.82965931413269}, "text-field": "1"}, "geometry": {"type": "Point", "coordinates": [-114.9519361118622, 35.82965931413269]}}, {"type": "Feature", "properties": {"id": "2", "NAME": "2", "text-color": "#000000", "text-size": 16, "featureLabel": {"left": -118.01830216947742, "right": -118.01830216947742, "top": 40.53567401387596, "bottom": 40.53567401387596}, "text-field": "2"}, "geometry": {"type": "Point", "coordinates": [-118.01830216947742, 40.53567401387596]}}, {"type": "Feature", "properties": {"id": "3", "NAME": "3", "text-color": "#000000", "text-size": 16, "featureLabel": {"left": -115.43156921983335, "right": -115.43156921983335, "top": 35.913525253616335, "bottom": 35.913525253616335}, "text-field": "3"}, "geometry": {"type": "Point", "coordinates": [-115.43156921983335, 35.913525253616335]}}, {"type": "Feature", "properties": {"id": "4", "NAME": "4", "text-color": "#000000", "text-size": 16, "featureLabel": {"left": -115.77144172991176, "right": -115.77144172991176, "top": 37.58322787874602, "bottom": 37.58322787874602}, "text-field": "4"}, "geometry": {"type": "Point", "coordinates": [-115.77144172991176, 37.58322787874602]}}]}}