{"type": "FeatureCollection", "features": [{"type": "Feature", "properties": {"id": 1, "NAME": "1", "text-color": "#000000", "text-size": 16, "TotalPop": 706209, "PopDevPct": -4.7e-07, "DemPct": 0.67837133, "RepPct": 0.28852728, "WhitePct": 0.6902255, "MinorityPct": 0.3097745, "BlackPct": 0.0302649, "HispanicPct": 0.12694797, "PacificPct": 0.00823878, "AsianPct": 0.11516059, "NativePct": 0.03220999, "TotalVAP": 565011, "Margin": 0.17837133, "color": "#0000FF", "opacity": "0.5", "year": 2022, "state": "OR", "state-district": "OR-01"}, "geometry": {"type": "MultiPolygon", "coordinates": [[[[-123.05267, 45.404727], [-123.032296, 45.404961], [-123.032192, 45.403965], [-123.032209, 45.403453], [-123.032323, 45.399652], [-123.032294, 45.390891], [-123.027879, 45.390902], [-123.014476, 45.390993], [-123.01129, 45.390905], [-123.011645, 45.382183], [-123.011649, 45.381031], [-123.011653, 45.376348], [-123.000855, 45.375818], [-123.000721, 45.375813], [-122.999779, 45.37656], [-122.997212, 45.375664], [-122.996216, 45.375628], [-122.993866, 45.375546], [-122.99323, 45.375523], [-122.992575, 45.375509], [-122.992235, 45.375489], [-122.991388, 45.375468], [-122.991393, 45.368009], [-122.991392, 45.3676], [-122.99139, 45.364991], [-122.991395, 45.362822], [-122.991396, 45.361096], [-122.98042, 45.36103], [-122.980106, 45.361022], [-122.979806, 45.361013], [-122.978054, 45.362657], [-122.976592, 45.360932], [-122.976368, 45.360926], [-122.97628, 45.360991], [-122.976062, 45.361271], [-122.975875, 45.361458], [-122.975671, 45.361561], [-122.975566, 45.361576], [-122.975404, 45.361577], [-122.975331, 45.361552], [-122.975282, 45.361512], [-122.975244, 45.361452], [-122.975229, 45.361224], [-122.975322, 45.3609], [-122.9703, 45.36077], [-122.97034, 45.354905], [-122.97053, 45.353034], [-122.970294, 45.348862], [-122.967278, 45.346834], [-122.96348, 45.346747], [-122.962566, 45.346415], [-122.955213, 45.346377], [-122.939204, 45.346332], [-122.93558, 45.346314], [-122.928873, 45.34628], [-122.924134, 45.347235], [-122.920771, 45.347917], [-122.916054, 45.348868], [-122.915434, 45.349379], [-122.914022, 45.350868], [-122.913902, 45.35556], [-122.913597, 45.356121], [-122.909223, 45.357055], [-122.908008, 45.35846], [-122.907135, 45.360473], [-122.90675, 45.367853], [-122.899432, 45.367954], [-122.899065, 45.368758], [-122.897149, 45.36782], [-122.889749, 45.367823], [-122.884191, 45.367357], [-122.883334, 45.367512], [-122.882555, 45.367777], [-122.871568, 45.367723], [-122.867768, 45.367701], [-122.86454, 45.367714], [-122.863353, 45.36772], [-122.86331, 45.371315], [-122.86016, 45.371319], [-122.860137, 45.372605], [-122.858503, 45.372618], [-122.856524, 45.372642], [-122.856678, 45.374782], [-122.856683, 45.374929], [-122.856921, 45.37953], [-122.856336, 45.381188], [-122.852828, 45.382945], [-122.85199, 45.384593], [-122.851883, 45.388272], [-122.851823, 45.389564], [-122.846498, 45.389883], [-122.84587, 45.390558], [-122.845592, 45.392346], [-122.843745, 45.393], [-122.843615, 45.39464], [-122.841636, 45.397667], [-122.841573, 45.400385], [-122.841409, 45.400417], [-122.836101, 45.401769], [-122.831183, 45.401685], [-122.831203, 45.404058], [-122.83847, 45.404004], [-122.841361, 45.40432], [-122.841555, 45.410857], [-122.841914, 45.411227], [-122.841915, 45.411529], [-122.84192, 45.4118], [-122.841926, 45.41208], [-122.8419, 45.412585], [-122.841045, 45.412652], [-122.839768, 45.411955], [-122.839593, 45.412681], [-122.838102, 45.412514], [-122.837553, 45.414863], [-122.836476, 45.414874], [-122.836364, 45.416211], [-122.836853, 45.416377], [-122.837256, 45.41701], [-122.838206, 45.417542], [-122.839459, 45.418103], [-122.838927, 45.419388], [-122.836396, 45.419376], [-122.836383, 45.420323], [-122.83739, 45.420273], [-122.838615, 45.421205], [-122.836474, 45.421202], [-122.836472, 45.421322], [-122.836454, 45.423816], [-122.836691, 45.424204], [-122.836354, 45.424202], [-122.836341, 45.425229], [-122.836329, 45.426232], [-122.836326, 45.426428], [-122.83855, 45.426613], [-122.838543, 45.426708], [-122.841026, 45.426819], [-122.841025, 45.42672], [-122.841023, 45.426363], [-122.843312, 45.426709], [-122.844773, 45.426731], [-122.846612, 45.426723], [-122.848081, 45.426845], [-122.848384, 45.426901], [-122.849089, 45.426803], [-122.849219, 45.426791], [-122.84923, 45.429668], [-122.8487, 45.429664], [-122.846649, 45.42965], [-122.846658, 45.433294], [-122.846681, 45.43644], [-122.846693, 45.437782], [-122.846737, 45.447542], [-122.846737, 45.447634], [-122.849881, 45.447656], [-122.851674, 45.448254], [-122.85166, 45.449198], [-122.847865, 45.448645], [-122.847405, 45.449763], [-122.846559, 45.449768], [-122.845951, 45.450032], [-122.84372, 45.452042], [-122.84378, 45.453049], [-122.84317, 45.453035], [-122.841949, 45.453008], [-122.838994, 45.453018], [-122.8385, 45.45301], [-122.837648, 45.452997], [-122.837474, 45.452995], [-122.836952, 45.452992], [-122.836779, 45.452991], [-122.836283, 45.452994], [-122.836296, 45.453655], [-122.836254, 45.454372], [-122.836287, 45.454882], [-122.836279, 45.455596], [-122.836276, 45.456555], [-122.836272, 45.458395], [-122.836315, 45.460915], [-122.836296, 45.462741], [-122.836278, 45.463506], [-122.836273, 45.465646], [-122.834382, 45.465646], [-122.8324, 45.465638], [-122.830437, 45.465631], [-122.829345, 45.465636], [-122.828051, 45.465642], [-122.827537, 45.465643], [-122.826087, 45.465658], [-122.825401, 45.465659], [-122.824413, 45.465663], [-122.823613, 45.465654], [-122.82222, 45.465655], [-122.82133, 45.465657], [-122.820365, 45.465785], [-122.818981, 45.466148], [-122.81796, 45.466548], [-122.815605, 45.467114], [-122.814171, 45.466848], [-122.81057, 45.466572], [-122.808836, 45.466819], [-122.808186, 45.466546], [-122.807249, 45.466555], [-122.803798, 45.466964], [-122.80383, 45.467762], [-122.804002, 45.469221], [-122.802795, 45.469233], [-122.800325, 45.469252], [-122.798759, 45.469249], [-122.795572, 45.469322], [-122.793698, 45.469326], [-122.791841, 45.469338], [-122.787749, 45.469366], [-122.78663, 45.469379], [-122.78616, 45.469389], [-122.785936, 45.469393], [-122.786062, 45.471943], [-122.786437, 45.472851], [-122.789629, 45.476645], [-122.790952, 45.478418], [-122.792539, 45.481958], [-122.792612, 45.482215], [-122.792829, 45.486548], [-122.790609, 45.486543], [-122.790104, 45.486529], [-122.788773, 45.48652], [-122.786698, 45.486534], [-122.783134, 45.486537], [-122.782676, 45.486546], [-122.778399, 45.486532], [-122.777201, 45.48654], [-122.775856, 45.486509], [-122.774563, 45.4865], [-122.77103, 45.486432], [-122.768155, 45.48636], [-122.764038, 45.486299], [-122.760878, 45.486238], [-122.760779, 45.486236], [-122.760671, 45.486233], [-122.756977, 45.48617], [-122.754694, 45.486115], [-122.749195, 45.486063], [-122.748967, 45.486103], [-122.748087, 45.486314], [-122.744809, 45.487031], [-122.743745, 45.487084], [-122.743736, 45.485895], [-122.743711, 45.484201], [-122.743699, 45.482574], [-122.743693, 45.480074], [-122.743681, 45.477961], [-122.747364, 45.478672], [-122.747344, 45.478642], [-122.747047, 45.478124], [-122.747018, 45.478034], [-122.747011, 45.477992], [-122.747006, 45.477961], [-122.747003, 45.477823], [-122.747035, 45.477509], [-122.747054, 45.477386], [-122.747258, 45.476603], [-122.747291, 45.476474], [-122.74662, 45.476461], [-122.746616, 45.476572], [-122.746609, 45.47685], [-122.746608, 45.476865], [-122.746607, 45.476906], [-122.746602, 45.477134], [-122.746601, 45.477167], [-122.746367, 45.477164], [-122.746211, 45.477162], [-122.745821, 45.477157], [-122.745782, 45.477157], [-122.745773, 45.477132], [-122.745772, 45.477121], [-122.745729, 45.476464], [-122.745442, 45.476467], [-122.74544, 45.477398], [-122.744286, 45.47645], [-122.7442, 45.476448], [-122.744074, 45.476447], [-122.743952, 45.476446], [-122.743671, 45.476442], [-122.743626, 45.476439], [-122.74363, 45.475397], [-122.743643, 45.474656], [-122.743667, 45.474255], [-122.743665, 45.472561], [-122.743654, 45.469466], [-122.743663, 45.467532], [-122.743672, 45.465652], [-122.743672, 45.465576], [-122.743675, 45.460158], [-122.743667, 45.458486], [-122.743665, 45.45815], [-122.743661, 45.457308], [-122.743659, 45.456685], [-122.743656, 45.456137], [-122.743649, 45.454892], [-122.743651, 45.454123], [-122.743653, 45.453405], [-122.74366, 45.451223], [-122.743668, 45.447693], [-122.743668, 45.447669], [-122.743673, 45.447284], [-122.743673, 45.446981], [-122.743675, 45.446638], [-122.743687, 45.445108], [-122.743691, 45.444663], [-122.743703, 45.442944], [-122.742673, 45.443111], [-122.740155, 45.44344], [-122.739932, 45.443488], [-122.738722, 45.443746], [-122.731989, 45.445373], [-122.731079, 45.445364], [-122.731082, 45.445794], [-122.731091, 45.447114], [-122.730277, 45.447956], [-122.729707, 45.448769], [-122.728303, 45.45101], [-122.727784, 45.451643], [-122.726891, 45.452355], [-122.726286, 45.452714], [-122.724294, 45.453377], [-122.722998, 45.453539], [-122.721291, 45.45353], [-122.721113, 45.453533], [-122.718069, 45.453456], [-122.715387, 45.454282], [-122.710076, 45.457235], [-122.70396, 45.460675], [-122.699054, 45.463496], [-122.698309, 45.463502], [-122.697314, 45.463489], [-122.697346, 45.464358], [-122.69735, 45.464526], [-122.694318, 45.466147], [-122.693258, 45.466871], [-122.691874, 45.46786], [-122.690337, 45.469433], [-122.689481, 45.4699], [-122.688089, 45.470265], [-122.687464, 45.470347], [-122.685891, 45.470396], [-122.685937, 45.470275], [-122.686184, 45.469721], [-122.680703, 45.468793], [-122.674607, 45.467327], [-122.67304, 45.467526], [-122.672815, 45.468256], [-122.67254, 45.469332], [-122.672418, 45.470017], [-122.671499, 45.469482], [-122.671307, 45.468814], [-122.670103, 45.468884], [-122.669167, 45.469081], [-122.667955, 45.465881], [-122.667666, 45.464331], [-122.666484, 45.464334], [-122.666484, 45.464933], [-122.667554, 45.474783], [-122.668329, 45.479386], [-122.669145, 45.484237], [-122.668865, 45.486618], [-122.668511, 45.489634], [-122.66691, 45.493594], [-122.665453, 45.497914], [-122.665103, 45.501184], [-122.661711, 45.501457], [-122.661075, 45.501503], [-122.6607, 45.501531], [-122.658819, 45.50155], [-122.657795, 45.501542], [-122.656791, 45.50154], [-122.655784, 45.501475], [-122.654782, 45.501264], [-122.654213, 45.501153], [-122.653151, 45.500922], [-122.652703, 45.500819], [-122.652137, 45.500662], [-122.648926, 45.499961], [-122.648785, 45.499944], [-122.648678, 45.499931], [-122.64844, 45.499908], [-122.645654, 45.499595], [-122.64464, 45.499351], [-122.643565, 45.499042], [-122.642614, 45.498769], [-122.641648, 45.498485], [-122.640633, 45.498192], [-122.639618, 45.49794], [-122.63759, 45.497789], [-122.636577, 45.497583], [-122.635559, 45.497315], [-122.633558, 45.496968], [-122.633519, 45.498203], [-122.633542, 45.499093], [-122.633546, 45.499806], [-122.63355, 45.500519], [-122.631522, 45.500516], [-122.631525, 45.50123], [-122.633554, 45.501232], [-122.633566, 45.501945], [-122.633575, 45.502461], [-122.633572, 45.503537], [-122.633568, 45.504799], [-122.632607, 45.504797], [-122.632662, 45.505146], [-122.632665, 45.505496], [-122.632681, 45.506274], [-122.6327, 45.507256], [-122.632711, 45.508252], [-122.63159, 45.5081], [-122.631591, 45.508822], [-122.631591, 45.509526], [-122.631591, 45.510788], [-122.632734, 45.51079], [-122.633747, 45.510792], [-122.633768, 45.512069], [-122.632722, 45.512067], [-122.631659, 45.512064], [-122.630876, 45.512062], [-122.630575, 45.51206], [-122.629579, 45.51206], [-122.628653, 45.512058], [-122.62821, 45.512058], [-122.627635, 45.512057], [-122.626751, 45.512055], [-122.62581, 45.512054], [-122.624486, 45.512052], [-122.623953, 45.512051], [-122.622824, 45.512043], [-122.622912, 45.512876], [-122.622923, 45.51359], [-122.622909, 45.514304], [-122.622908, 45.515017], [-122.622932, 45.51579], [-122.622954, 45.516521], [-122.622987, 45.517154], [-122.623005, 45.517867], [-122.62302, 45.518578], [-122.623007, 45.519293], [-122.623045, 45.519729], [-122.623028, 45.520285], [-122.623026, 45.520984], [-122.62303, 45.521705], [-122.623023, 45.522784], [-122.623005, 45.523537], [-122.623006, 45.52389], [-122.623008, 45.524267], [-122.623013, 45.524983], [-122.623006, 45.525694], [-122.622635, 45.526216], [-122.622518, 45.526449], [-122.62121, 45.526444], [-122.620982, 45.527173], [-122.623001, 45.527168], [-122.622985, 45.527893], [-122.622998, 45.528596], [-122.622972, 45.529326], [-122.622988, 45.530034], [-122.62297, 45.530775], [-122.622977, 45.531519], [-122.622971, 45.531714], [-122.622947, 45.532494], [-122.622932, 45.533049], [-122.625723, 45.533706], [-122.629277, 45.534207], [-122.630624, 45.533925], [-122.631614, 45.533408], [-122.632039, 45.533016], [-122.633546, 45.531389], [-122.63468, 45.530722], [-122.635585, 45.530445], [-122.637127, 45.52998], [-122.637116, 45.530284], [-122.644859, 45.529906], [-122.644849, 45.530057], [-122.648137, 45.529858], [-122.65356, 45.528521], [-122.653558, 45.528396], [-122.656835, 45.527334], [-122.660675, 45.525537], [-122.660672, 45.525672], [-122.661693, 45.525398], [-122.661697, 45.525641], [-122.663013, 45.525848], [-122.665233, 45.527066], [-122.665347, 45.527158], [-122.667912, 45.528111], [-122.668056, 45.528045], [-122.668077, 45.528036], [-122.669003, 45.527626], [-122.673945, 45.531963], [-122.678037, 45.535282], [-122.683176, 45.537857], [-122.683269, 45.537922], [-122.690863, 45.543782], [-122.692003, 45.544869], [-122.697985, 45.550291], [-122.702642, 45.552166], [-122.7169, 45.557408], [-122.722695, 45.560297], [-122.725739, 45.562231], [-122.730522, 45.564932], [-122.736197, 45.568535], [-122.737299, 45.570865], [-122.738944, 45.572107], [-122.747077, 45.576997], [-122.756372, 45.58108], [-122.764308, 45.585316], [-122.771838, 45.591807], [-122.77716, 45.597975], [-122.77846, 45.599491], [-122.782539, 45.605642], [-122.788341, 45.614874], [-122.790063, 45.616892], [-122.790845, 45.619479], [-122.791098, 45.622189], [-122.791065, 45.626451], [-122.790567, 45.628146], [-122.78871, 45.633006], [-122.785651, 45.635725], [-122.785146, 45.636154], [-122.771321, 45.644907], [-122.767767, 45.649076], [-122.765077, 45.652887], [-122.765094, 45.6529], [-122.7644, 45.65359], [-122.76241, 45.656438], [-122.76381, 45.657138], [-122.774511, 45.680437], [-122.772511, 45.699637], [-122.762437, 45.728665], [-122.760108, 45.734413], [-122.761451, 45.759163], [-122.769532, 45.780583], [-122.795605, 45.81], [-122.795729, 45.815216], [-122.795963, 45.825024], [-122.785696, 45.844216], [-122.785299, 45.858097], [-122.785121, 45.864353], [-122.785026, 45.867699], [-122.79049, 45.874836], [-122.794621, 45.879998], [-122.796801, 45.882721], [-122.798091, 45.884333], [-122.799082, 45.886432], [-122.808347, 45.906041], [-122.808599, 45.906574], [-122.810057, 45.909665], [-122.8115, 45.912724], [-122.811218, 45.913861], [-122.806187, 45.932416], [-122.813999, 45.960983], [-122.837638, 45.980821], [-122.838572, 45.982528], [-122.848066, 45.999837], [-122.856158, 46.014469], [-122.876218, 46.030151], [-122.87767, 46.031027], [-122.878091, 46.03128], [-122.884478, 46.06028], [-122.886012, 46.061952], [-122.886274, 46.062335], [-122.902957, 46.082342], [-122.903584, 46.083092], [-122.904119, 46.083734], [-122.93042, 46.093333], [-122.937388, 46.095812], [-122.939625, 46.096608], [-122.961755, 46.104477], [-122.964512, 46.105855], [-122.966801, 46.107467], [-122.979512, 46.116372], [-122.996267, 46.128116], [-123.004233, 46.133823], [-123.009436, 46.136043], [-123.016882, 46.137584], [-123.022147, 46.13911], [-123.03231, 46.143543], [-123.03382, 46.144336], [-123.039405, 46.145702], [-123.043418, 46.147556], [-123.047646, 46.151027], [-123.051064, 46.153599], [-123.072955, 46.163368], [-123.105021, 46.177676], [-123.108242, 46.179324], [-123.111935, 46.182315], [-123.115904, 46.185268], [-123.126229, 46.18611], [-123.166416, 46.188979], [-123.213054, 46.172541], [-123.217734, 46.170003], [-123.22293, 46.167444], [-123.228925, 46.164964], [-123.232326, 46.163801], [-123.242026, 46.160968], [-123.251233, 46.156562], [-123.255266, 46.1556], [-123.259234, 46.154055], [-123.263439, 46.151502], [-123.265547, 46.150535], [-123.270714, 46.14877], [-123.280166, 46.144843], [-123.284434, 46.144532], [-123.290534, 46.144532], [-123.294834, 46.144732], [-123.301034, 46.144632], [-123.318935, 46.145632], [-123.324635, 46.145632], [-123.326657, 46.145844], [-123.328893, 46.145601], [-123.332832, 46.146012], [-123.339436, 46.146232], [-123.346438, 46.145061], [-123.361459, 46.14632], [-123.363743, 46.146333], [-123.371433, 46.146372], [-123.379524, 46.150993], [-123.390404, 46.154428], [-123.404935, 46.164068], [-123.411124, 46.168079], [-123.422737, 46.175855], [-123.430987, 46.181571], [-123.430167, 46.191872], [-123.427629, 46.229348], [-123.434331, 46.236053], [-123.447592, 46.249832], [-123.452542, 46.253232], [-123.458743, 46.257031], [-123.464543, 46.261631], [-123.468743, 46.264531], [-123.474844, 46.267831], [-123.479644, 46.269131], [-123.501245, 46.27099], [-123.516429, 46.266088], [-123.526391, 46.263404], [-123.538092, 46.26061], [-123.543929, 46.259565], [-123.55048, 46.258765], [-123.558976, 46.258095], [-123.563833, 46.257711], [-123.586954, 46.25589], [-123.626248, 46.257671], [-123.648775, 46.258803], [-123.683759, 46.251064], [-123.688115, 46.250105], [-123.69163, 46.251392], [-123.692738, 46.251794], [-123.698115, 46.253758], [-123.710153, 46.258146], [-123.741449, 46.269155], [-123.742371, 46.268768], [-123.751253, 46.265037], [-123.778124, 46.25425], [-123.779365, 46.253884], [-123.784264, 46.253242], [-123.793423, 46.25246], [-123.803012, 46.251237], [-123.809473, 46.250072], [-123.815136, 46.249827], [-123.871869, 46.234949], [-123.876765, 46.235246], [-123.927427, 46.238603], [-123.930477, 46.238805], [-123.946409, 46.249824], [-123.946544, 46.249824], [-123.953622, 46.256393], [-123.957619, 46.260155], [-123.960924, 46.26201], [-123.96323, 46.263303], [-123.969846, 46.266532], [-123.976275, 46.269907], [-123.982927, 46.271993], [-123.985992, 46.272755], [-123.993298, 46.273645], [-123.998967, 46.274034], [-124.001262, 46.274012], [-124.003616, 46.274709], [-124.005849, 46.276793], [-124.005145, 46.277687], [-124.009672, 46.283216], [-124.011456, 46.286565], [-124.012998, 46.290026], [-124.014875, 46.293165], [-124.017781, 46.295118], [-124.024877, 46.299099], [-124.030129, 46.298748], [-124.034189, 46.297843], [-124.035599, 46.296843], [-124.037164, 46.290762], [-124.038626, 46.285841], [-124.038797, 46.283675], [-124.036641, 46.280069], [-124.033933, 46.277442], [-124.033645, 46.274395], [-124.03568, 46.271474], [-124.034929, 46.265045], [-124.035951, 46.264183], [-124.066152, 46.262963], [-124.074139, 46.26284], [-124.129397, 46.261838], [-124.159546, 46.261132], [-124.157782, 46.257522], [-124.156312, 46.253963], [-124.1536, 46.245309], [-124.150289, 46.237032], [-124.149096, 46.233114], [-124.147029, 46.228857], [-124.143753, 46.22473], [-124.141205, 46.220707], [-124.137878, 46.216242], [-124.133536, 46.211706], [-124.126264, 46.205102], [-124.123418, 46.202729], [-124.119521, 46.200766], [-124.116788, 46.198896], [-124.113867, 46.197567], [-124.111281, 46.195898], [-124.106661, 46.194343], [-124.103742, 46.193114], [-124.09927, 46.191725], [-124.091197, 46.188739], [-124.088524, 46.187878], [-124.077163, 46.185447], [-124.067313, 46.183849], [-124.065698, 46.182108], [-124.064366, 46.179625], [-124.061478, 46.176477], [-124.058451, 46.173834], [-124.053934, 46.167229], [-124.050658, 46.163914], [-124.04835, 46.160359], [-124.046618, 46.156263], [-124.043185, 46.151302], [-124.036787, 46.139725], [-124.034128, 46.134523], [-124.030897, 46.130467], [-124.029032, 46.127482], [-124.028282, 46.124825], [-124.026887, 46.122776], [-124.02541, 46.119744], [-124.023064, 46.116272], [-124.01988, 46.108826], [-124.017841, 46.103738], [-124.015637, 46.097359], [-124.013671, 46.092888], [-124.012494, 46.089049], [-124.011563, 46.084872], [-124.009796, 46.081973], [-124.008265, 46.074293], [-124.00633, 46.063345], [-124.005125, 46.057383], [-124.004899, 46.050345], [-124.004486, 46.047853], [-124.003376, 46.036839], [-124.003199, 46.0297], [-124.002783, 46.027544], [-124.005546, 46.021925], [-124.006794, 46.017852], [-124.00791, 46.012297], [-124.008071, 46.01053], [-124.008125, 46.00994], [-124.010504, 46.00917], [-124.01318, 46.007692], [-124.019168, 46.003795], [-124.022884, 45.999828], [-124.031909, 45.992148], [-124.039544, 45.985938], [-124.044391, 45.984999], [-124.051176, 45.983006], [-124.062364, 45.978592], [-124.070819, 45.973939], [-124.078916, 45.966634], [-124.084898, 45.960137], [-124.089905, 45.950496], [-124.09192, 45.943455], [-124.092434, 45.934261], [-124.090571, 45.925752], [-124.086508, 45.916326], [-124.080158, 45.908264], [-124.073727, 45.903039], [-124.066417, 45.898125], [-124.056556, 45.893836], [-124.045819, 45.890596], [-124.044674, 45.888563], [-124.043353, 45.887086], [-124.042999, 45.883632], [-124.043437, 45.880237], [-124.042202, 45.875243], [-124.041916, 45.873179], [-124.042543, 45.869852], [-124.043278, 45.860307], [-124.041995, 45.848553], [-124.039191, 45.844317], [-124.037704, 45.841614], [-124.04053, 45.838463], [-124.046711, 45.832344], [-124.051392, 45.826845], [-124.055646, 45.816486], [-124.056027, 45.806572], [-124.054118, 45.79753], [-124.062056, 45.789741], [-124.065448, 45.783054], [-124.067371, 45.779268], [-124.068962, 45.772719], [-124.070395, 45.76274], [-124.067968, 45.750315], [-124.067442, 45.749826], [-124.060016, 45.739541], [-124.043799, 45.727307], [-124.03045, 45.720989], [-124.024805, 45.720233], [-124.022044, 45.715925], [-124.019116, 45.712732], [-124.013897, 45.709558], [-124.010805, 45.708285], [-124.011384, 45.688725], [-124.011657, 45.676717], [-124.01348, 45.672741], [-124.01485, 45.666789], [-124.015868, 45.660964], [-124.01616, 45.651679], [-124.016204, 45.6461], [-124.016256, 45.639425], [-124.016648, 45.632119], [-124.017593, 45.628645], [-124.019071, 45.626034], [-124.020379, 45.624825], [-124.021339, 45.624825], [-124.024674, 45.620347], [-124.029324, 45.612461], [-124.031073, 45.601923], [-124.030894, 45.593663], [-124.030367, 45.592492], [-124.032471, 45.588178], [-124.035538, 45.580722], [-124.037112, 45.571724], [-124.036785, 45.568509], [-124.03623, 45.563032], [-124.032279, 45.554523], [-124.029032, 45.548665], [-124.026926, 45.546013], [-124.027101, 45.543671], [-124.02666, 45.537877], [-124.029728, 45.535907], [-124.039104, 45.530243], [-124.045936, 45.523775], [-124.053115, 45.514225], [-124.056434, 45.502146], [-124.056234, 45.499823], [-124.056402, 45.494669], [-124.055326, 45.492184], [-124.05478, 45.4887], [-124.057694, 45.484582], [-124.059367, 45.481215], [-124.064549, 45.467567], [-124.064535, 45.464019], [-124.064876, 45.46047], [-124.064243, 45.457361], [-124.063953, 45.451512], [-124.058949, 45.442008], [-124.05316, 45.435744], [-124.04346, 45.426692], [-124.035819, 45.422051], [-124.036498, 45.413336], [-124.038773, 45.404802], [-124.040175, 45.400129], [-124.041827, 45.391348], [-124.042787, 45.387299], [-124.043308, 45.384061], [-124.052683, 45.379609], [-124.058164, 45.376414], [-124.060195, 45.374823], [-124.066488, 45.366973], [-124.072782, 45.355981], [-124.075432, 45.347054], [-124.076977, 45.341846], [-124.076977, 45.330071], [-124.073829, 45.317509], [-124.06124, 45.30416], [-124.046552, 45.293168], [-124.042356, 45.282176], [-124.040257, 45.268828], [-124.041305, 45.256266], [-124.043006, 45.249824], [-124.043322, 45.245174], [-124.04436, 45.242719], [-124.048986, 45.236996], [-124.054837, 45.230204], [-124.056917, 45.225987], [-124.058211, 45.222525], [-124.059827, 45.215599], [-124.059487, 45.206655], [-124.058486, 45.202874], [-124.057042, 45.19884], [-124.055163, 45.195309], [-124.053987, 45.191717], [-124.05113, 45.187113], [-124.04508, 45.179795], [-124.044444, 45.1774], [-124.045633, 45.171985], [-124.045792, 45.169907], [-124.044792, 45.165999], [-124.046945, 45.159039], [-124.047793, 45.156179], [-124.048195, 45.151456], [-124.050131, 45.140688], [-124.053653, 45.130238], [-124.055808, 45.124826], [-124.059851, 45.117762], [-124.065245, 45.107668], [-124.073334, 45.099592], [-124.081425, 45.085457], [-124.088166, 45.069304], [-124.093561, 45.054166], [-124.095833, 45.043986], [-124.087741, 45.044067], [-124.087865, 45.044998], [-124.016035, 45.044999], [-124.01236, 45.044999], [-124.010291, 45.044999], [-124.005424, 45.044998], [-124.002471, 45.044888], [-124.000362, 45.044806], [-123.99883, 45.044801], [-123.998577, 45.044803], [-123.992832, 45.044788], [-123.98853, 45.044684], [-123.978804, 45.044748], [-123.968661, 45.04486], [-123.967191, 45.044843], [-123.967184, 45.045727], [-123.955007, 45.04572], [-123.947437, 45.045717], [-123.942865, 45.045711], [-123.930792, 45.04569], [-123.924451, 45.045782], [-123.913509, 45.045695], [-123.911026, 45.045679], [-123.895988, 45.045552], [-123.884557, 45.045397], [-123.864409, 45.045467], [-123.856159, 45.045366], [-123.851132, 45.045356], [-123.84541, 45.045274], [-123.840962, 45.045186], [-123.82836, 45.045081], [-123.815525, 45.045006], [-123.81069, 45.044968], [-123.801472, 45.044913], [-123.798779, 45.044893], [-123.786898, 45.044753], [-123.784759, 45.04473], [-123.764228, 45.044569], [-123.746517, 45.044412], [-123.742078, 45.044394], [-123.724663, 45.044432], [-123.72462, 45.048901], [-123.72453, 45.061538], [-123.724463, 45.07049], [-123.724442, 45.071487], [-123.724368, 45.076226], [-123.724362, 45.076777], [-123.743962, 45.076656], [-123.746889, 45.07669], [-123.761062, 45.076827], [-123.764552, 45.076851], [-123.784016, 45.076657], [-123.784218, 45.076655], [-123.784122, 45.084323], [-123.784135, 45.087581], [-123.784487, 45.08866], [-123.784259, 45.104049], [-123.784367, 45.113273], [-123.784552, 45.123954], [-123.784209, 45.132319], [-123.784291, 45.137571], [-123.784157, 45.144694], [-123.784354, 45.146783], [-123.785478, 45.158765], [-123.785332, 45.166922], [-123.784216, 45.173495], [-123.784171, 45.184132], [-123.784141, 45.188342], [-123.784134, 45.202101], [-123.784501, 45.202521], [-123.78453, 45.210503], [-123.784532, 45.211483], [-123.78454, 45.216294], [-123.761994, 45.216283], [-123.750675, 45.216273], [-123.741719, 45.216266], [-123.737808, 45.216269], [-123.734996, 45.216271], [-123.7232, 45.216277], [-123.723084, 45.216453], [-123.716509, 45.21633], [-123.697398, 45.216273], [-123.6857, 45.21625], [-123.667481, 45.216452], [-123.65482, 45.216607], [-123.644356, 45.2171], [-123.615144, 45.217106], [-123.613925, 45.217103], [-123.60909, 45.21675], [-123.606416, 45.216555], [-123.586145, 45.216527], [-123.56647, 45.216393], [-123.565105, 45.216388], [-123.563717, 45.216384], [-123.545643, 45.216417], [-123.532593, 45.21636], [-123.529849, 45.216347], [-123.523018, 45.21633], [-123.518251, 45.216332], [-123.510676, 45.216294], [-123.507617, 45.216264], [-123.49018, 45.216139], [-123.483026, 45.216134], [-123.48129, 45.216154], [-123.463518, 45.216312], [-123.463514, 45.226702], [-123.463495, 45.23512], [-123.463505, 45.238128], [-123.463442, 45.245283], [-123.463367, 45.252178], [-123.463051, 45.259918], [-123.463164, 45.267463], [-123.463141, 45.27281], [-123.463132, 45.274549], [-123.46313, 45.274888], [-123.463125, 45.275854], [-123.463101, 45.280192], [-123.463006, 45.298482], [-123.46287, 45.305912], [-123.46259, 45.321975], [-123.462579, 45.32282], [-123.462321, 45.338244], [-123.462427, 45.345787], [-123.46288, 45.35439], [-123.463692, 45.367548], [-123.464112, 45.374535], [-123.464092, 45.379328], [-123.464081, 45.386479], [-123.464081, 45.386618], [-123.464081, 45.386713], [-123.464548, 45.395097], [-123.465182, 45.404909], [-123.465204, 45.405497], [-123.465658, 45.41566], [-123.465553, 45.420791], [-123.464891, 45.433124], [-123.46488, 45.433332], [-123.451377, 45.433414], [-123.447049, 45.433438], [-123.43573, 45.433515], [-123.419457, 45.43359], [-123.380322, 45.433825], [-123.37796, 45.43384], [-123.375695, 45.433857], [-123.354614, 45.433913], [-123.342263, 45.43388], [-123.322044, 45.433861], [-123.314403, 45.433849], [-123.302677, 45.433818], [-123.28291, 45.433833], [-123.247501, 45.433788], [-123.237, 45.433802], [-123.213382, 45.43372], [-123.209265, 45.433707], [-123.207909, 45.433703], [-123.197565, 45.433669], [-123.196977, 45.433667], [-123.189162, 45.433632], [-123.18775, 45.433626], [-123.186855, 45.433622], [-123.180951, 45.433599], [-123.176888, 45.433584], [-123.156057, 45.433541], [-123.156018, 45.433541], [-123.152402, 45.43353], [-123.151954, 45.433528], [-123.142683, 45.433489], [-123.140244, 45.433479], [-123.139236, 45.433475], [-123.138987, 45.433473], [-123.137607, 45.433468], [-123.135427, 45.433459], [-123.135195, 45.422958], [-123.135114, 45.418937], [-123.134658, 45.418937], [-123.130132, 45.418942], [-123.114696, 45.418957], [-123.114648, 45.406113], [-123.114641, 45.404383], [-123.112032, 45.404393], [-123.103125, 45.404421], [-123.083758, 45.404517], [-123.075487, 45.404952], [-123.071145, 45.405034], [-123.066881, 45.404926], [-123.063593, 45.404896], [-123.062894, 45.404898], [-123.059605, 45.404839], [-123.05267, 45.404727]]]]}}, {"type": "Feature", "properties": {"id": 2, "NAME": "2", "text-color": "#000000", "text-size": 16, "TotalPop": 706209, "PopDevPct": -4.7e-07, "DemPct": 0.36412144, "RepPct": 0.60728967, "WhitePct": 0.78773501, "MinorityPct": 0.21226499, "BlackPct": 0.01187125, "HispanicPct": 0.11830978, "PacificPct": 0.00575218, "AsianPct": 0.01891203, "NativePct": 0.05392442, "TotalVAP": 558745, "Margin": -0.13587856, "color": "#008000", "opacity": "0.5", "year": 2022, "state": "OR", "state-district": "OR-02"}, "geometry": {"type": "MultiPolygon", "coordinates": [[[[-122.615339, 42.005453], [-122.566993, 42.007058], [-122.559272, 42.007268], [-122.54999, 42.007505], [-122.537621, 42.007629], [-122.522432, 42.007922], [-122.515301, 42.008052], [-122.493322, 42.008121], [-122.473748, 42.008155], [-122.454605, 42.008279], [-122.444086, 42.008295], [-122.416638, 42.00838], [-122.403462, 42.008604], [-122.402144, 42.008629], [-122.399026, 42.008683], [-122.378511, 42.009485], [-122.360161, 42.009192], [-122.352014, 42.009113], [-122.343299, 42.009045], [-122.320293, 42.008609], [-122.289748, 42.008098], [-122.261344, 42.007617], [-122.248908, 42.007645], [-122.236196, 42.007644], [-122.185496, 42.007456], [-122.182281, 42.007435], [-122.176664, 42.007397], [-122.164571, 42.007306], [-122.161693, 42.007196], [-122.159364, 42.007109], [-122.156995, 42.007021], [-122.145113, 42.00657], [-122.125839, 42.00624], [-122.109731, 42.006082], [-122.106505, 42.005992], [-122.086479, 42.005912], [-122.065547, 42.005685], [-122.048217, 42.00539], [-122.039106, 42.004928], [-122.034563, 42.004696], [-122.028729, 42.004643], [-122.017345, 42.004351], [-121.996127, 42.003887], [-121.975148, 42.003739], [-121.957531, 42.003485], [-121.954086, 42.003628], [-121.939829, 42.003808], [-121.917767, 42.003622], [-121.901904, 42.003384], [-121.891327, 42.003259], [-121.889217, 42.003237], [-121.868699, 42.003017], [-121.842667, 42.002738], [-121.825079, 42.002467], [-121.824566, 42.00246], [-121.816016, 42.002321], [-121.777709, 42.001772], [-121.77754, 42.00177], [-121.756783, 42.001475], [-121.756642, 42.001475], [-121.737089, 42.001223], [-121.717922, 42.000933], [-121.707643, 42.000792], [-121.699552, 42.000678], [-121.678249, 42.000375], [-121.646154, 41.999918], [-121.641856, 41.999854], [-121.629258, 41.999681], [-121.600302, 41.999355], [-121.589789, 41.999155], [-121.561022, 41.998701], [-121.539811, 41.998482], [-121.535314, 41.998456], [-121.520523, 41.998278], [-121.519446, 41.99826], [-121.512134, 41.998204], [-121.502663, 41.998102], [-121.50241, 41.998099], [-121.492693, 41.997987], [-121.483204, 41.997899], [-121.48278, 41.997895], [-121.463105, 41.997662], [-121.447538, 41.997465], [-121.440366, 41.997383], [-121.440332, 41.997382], [-121.44016, 41.99738], [-121.437483, 41.997349], [-121.435531, 41.997327], [-121.423052, 41.997185], [-121.417392, 41.997123], [-121.40637, 41.996992], [-121.363237, 41.996499], [-121.360306, 41.99654], [-121.360082, 41.996547], [-121.344911, 41.996214], [-121.340658, 41.99634], [-121.33071, 41.996719], [-121.316487, 41.997057], [-121.29653, 41.997365], [-121.290211, 41.997436], [-121.268043, 41.997438], [-121.250343, 41.997315], [-121.240432, 41.997347], [-121.23408, 41.997411], [-121.20985, 41.997414], [-121.208836, 41.997412], [-121.206673, 41.997407], [-121.205399, 41.997431], [-121.202435, 41.997409], [-121.200903, 41.997427], [-121.188565, 41.997384], [-121.177813, 41.997261], [-121.168477, 41.997178], [-121.125007, 41.996125], [-121.111242, 41.995672], [-121.093515, 41.995379], [-121.091656, 41.995557], [-121.071069, 41.995102], [-121.055712, 41.9945], [-121.044599, 41.994095], [-121.029154, 41.993656], [-121.019095, 41.993386], [-120.990083, 41.993056], [-120.980416, 41.993023], [-120.974135, 41.992988], [-120.963784, 41.99308], [-120.95406, 41.993167], [-120.934524, 41.993625], [-120.927323, 41.993635], [-120.906904, 41.993676], [-120.879926, 41.993764], [-120.853186, 41.993811], [-120.842924, 41.993832], [-120.810426, 41.993908], [-120.798117, 41.993951], [-120.778112, 41.993719], [-120.758388, 41.993653], [-120.748383, 41.993693], [-120.739082, 41.993739], [-120.700815, 41.993822], [-120.680984, 41.99357], [-120.662123, 41.993212], [-120.624255, 41.99306], [-120.616234, 41.993029], [-120.591913, 41.992972], [-120.583377, 41.992971], [-120.569171, 41.993189], [-120.532543, 41.993423], [-120.517794, 41.993546], [-120.508435, 41.993622], [-120.487934, 41.993613], [-120.413985, 41.993141], [-120.328539, 41.992594], [-120.326387, 41.992586], [-120.325751, 41.993143], [-120.318416, 41.993146], [-120.307309, 41.993135], [-120.299757, 41.993015], [-120.298075, 41.992998], [-120.294546, 41.993012], [-120.293712, 41.993021], [-120.293579, 41.993024], [-120.292927, 41.993036], [-120.286424, 41.993058], [-120.284045, 41.992771], [-120.276921, 41.99288], [-120.256499, 41.992953], [-120.23986, 41.993503], [-120.198357, 41.994332], [-120.178921, 41.994557], [-120.166008, 41.994588], [-120.15941, 41.994603], [-120.11311, 41.994799], [-120.091124, 41.99484], [-120.071546, 41.994923], [-120.046746, 41.994955], [-120.042148, 41.994964], [-120.021366, 41.994995], [-119.999234, 41.994944], [-119.986801, 41.995709], [-119.973301, 41.996008], [-119.9687, 41.996073], [-119.948657, 41.996736], [-119.932158, 41.996919], [-119.905422, 41.997199], [-119.889551, 41.997415], [-119.88087, 41.997436], [-119.826835, 41.997477], [-119.791174, 41.997384], [-119.777319, 41.997159], [-119.770254, 41.997036], [-119.755983, 41.996545], [-119.733556, 41.996251], [-119.71992, 41.996198], [-119.710989, 41.996182], [-119.689874, 41.996271], [-119.67308, 41.996342], [-119.661413, 41.996249], [-119.646336, 41.996133], [-119.613241, 41.995909], [-119.574007, 41.995752], [-119.560133, 41.995765], [-119.521512, 41.995774], [-119.493762, 41.995727], [-119.475951, 41.995772], [-119.455515, 41.995717], [-119.433079, 41.995474], [-119.401713, 41.994977], [-119.37632, 41.994444], [-119.360122, 41.994278], [-119.336778, 41.993956], [-119.321043, 41.993926], [-119.295133, 41.993934], [-119.257872, 41.993817], [-119.238096, 41.993898], [-119.222922, 41.993672], [-119.203995, 41.993498], [-119.164153, 41.99337], [-119.154684, 41.993354], [-119.125704, 41.993464], [-119.115069, 41.993492], [-119.082125, 41.993715], [-119.045009, 41.993582], [-119.00106, 41.993551], [-118.982525, 41.993385], [-118.934234, 41.993158], [-118.903244, 41.992725], [-118.883832, 41.992772], [-118.870936, 41.992748], [-118.82963, 41.992656], [-118.808347, 41.992613], [-118.785256, 41.992601], [-118.765792, 41.992509], [-118.757159, 41.99261], [-118.745862, 41.992499], [-118.738096, 41.992332], [-118.707888, 41.992082], [-118.676499, 41.992154], [-118.640052, 41.993077], [-118.634858, 41.99324], [-118.630471, 41.993366], [-118.569725, 41.994457], [-118.538863, 41.994777], [-118.481791, 41.995408], [-118.434816, 41.995857], [-118.426818, 41.995882], [-118.396869, 41.995888], [-118.382232, 41.996155], [-118.377414, 41.996239], [-118.347756, 41.996444], [-118.339143, 41.996516], [-118.319946, 41.996554], [-118.30371, 41.996722], [-118.242249, 41.997103], [-118.223189, 41.997249], [-118.197371, 41.997344], [-118.195869, 41.997001], [-118.158233, 41.997193], [-118.129544, 41.997339], [-118.12404, 41.997367], [-118.104808, 41.997467], [-118.064571, 41.997669], [-118.002022, 41.997987], [-118.000985, 41.998059], [-117.960382, 41.997988], [-117.914375, 41.998242], [-117.890613, 41.998133], [-117.87598, 41.998159], [-117.873467, 41.998335], [-117.838883, 41.998234], [-117.812415, 41.998417], [-117.789235, 41.998426], [-117.763086, 41.998282], [-117.750975, 41.99828], [-117.722496, 41.998177], [-117.721819, 41.998177], [-117.720229, 41.998189], [-117.719842, 41.998189], [-117.718549, 41.998189], [-117.708566, 41.998163], [-117.65823, 41.998128], [-117.645667, 41.998158], [-117.626018, 41.998096], [-117.623734, 41.998466], [-117.613208, 41.998529], [-117.530197, 41.999024], [-117.506682, 41.999268], [-117.500967, 41.999464], [-117.495677, 41.999354], [-117.47199, 41.999425], [-117.467281, 41.999367], [-117.443062, 41.999659], [-117.438269, 41.999577], [-117.403613, 41.99929], [-117.395124, 41.999325], [-117.375967, 41.999407], [-117.36841, 41.9995], [-117.35825, 41.999516], [-117.292696, 41.999687], [-117.251232, 41.999787], [-117.250964, 41.999887], [-117.217551, 41.999887], [-117.2172, 42.000124], [-117.198024, 42.000383], [-117.178631, 42.000351], [-117.133667, 42.000439], [-117.125961, 42.000371], [-117.068398, 42.000035], [-117.046559, 41.999984], [-117.026197, 41.99989], [-117.026251, 42.006813], [-117.026236, 42.018168], [-117.026279, 42.050974], [-117.026341, 42.061881], [-117.026171, 42.093407], [-117.026097, 42.117647], [-117.026579, 42.124888], [-117.026595, 42.132997], [-117.026443, 42.138615], [-117.0262, 42.166401], [-117.02631, 42.190842], [-117.026166, 42.200677], [-117.026217, 42.234623], [-117.026301, 42.267011], [-117.026361, 42.27837], [-117.026377, 42.308474], [-117.02611, 42.324407], [-117.026129, 42.357192], [-117.026531, 42.374871], [-117.026483, 42.392939], [-117.026421, 42.415193], [-117.026426, 42.430458], [-117.02643, 42.442925], [-117.026434, 42.456621], [-117.026597, 42.490227], [-117.026554, 42.499879], [-117.026458, 42.500424], [-117.026458, 42.53075], [-117.026452, 42.567008], [-117.026452, 42.577075], [-117.026561, 42.609694], [-117.026665, 42.624878], [-117.026577, 42.682395], [-117.026524, 42.717025], [-117.026483, 42.734043], [-117.026499, 42.744027], [-117.02641, 42.760336], [-117.026341, 42.790359], [-117.026335, 42.807017], [-117.026231, 42.831194], [-117.026262, 42.850342], [-117.026293, 42.869514], [-117.026534, 42.904722], [-117.026406, 42.91462], [-117.026387, 42.931282], [-117.026414, 42.954424], [-117.026376, 42.957425], [-117.026379, 42.961115], [-117.026279, 42.97227], [-117.026417, 42.995915], [-117.026668, 43.025024], [-117.026658, 43.025441], [-117.026672, 43.041554], [-117.026592, 43.076211], [-117.026767, 43.096515], [-117.026853, 43.118377], [-117.026702, 43.124953], [-117.026856, 43.127089], [-117.026744, 43.137842], [-117.026845, 43.148203], [-117.026872, 43.154238], [-117.026831, 43.166432], [-117.026744, 43.188144], [-117.026643, 43.198987], [-117.026687, 43.226875], [-117.026722, 43.241962], [-117.026668, 43.250773], [-117.026665, 43.275792], [-117.026685, 43.299182], [-117.026743, 43.307345], [-117.026798, 43.335278], [-117.026651, 43.374877], [-117.026683, 43.420805], [-117.02669, 43.449945], [-117.026733, 43.484177], [-117.026693, 43.499357], [-117.026631, 43.500187], [-117.026715, 43.516281], [-117.026871, 43.522994], [-117.027014, 43.544183], [-117.026902, 43.560189], [-117.026868, 43.564721], [-117.02662, 43.573841], [-117.02671, 43.576322], [-117.026658, 43.577887], [-117.026711, 43.578603], [-117.026701, 43.583076], [-117.026747, 43.584911], [-117.026765, 43.588042], [-117.026717, 43.59106], [-117.026738, 43.593755], [-117.026652, 43.593861], [-117.026735, 43.595145], [-117.026741, 43.596768], [-117.026844, 43.599335], [-117.026729, 43.610396], [-117.026703, 43.617672], [-117.026779, 43.620869], [-117.026814, 43.624578], [-117.02668, 43.629974], [-117.026902, 43.6408], [-117.02684, 43.64658], [-117.026788, 43.664461], [-117.026733, 43.675739], [-117.026576, 43.679684], [-117.02659, 43.682384], [-117.026757, 43.683418], [-117.026736, 43.693549], [-117.026754, 43.707775], [-117.026732, 43.718948], [-117.026817, 43.733153], [-117.026662, 43.736712], [-117.026677, 43.745635], [-117.02638, 43.749883], [-117.026515, 43.758707], [-117.026397, 43.760324], [-117.0264, 43.760567], [-117.026408, 43.761208], [-117.026419, 43.762311], [-117.026529, 43.770528], [-117.026537, 43.774117], [-117.026589, 43.789967], [-117.026576, 43.798594], [-117.026639, 43.806914], [-117.026634, 43.80811], [-117.025205, 43.811284], [-117.024297, 43.812461], [-117.023049, 43.813842], [-117.022076, 43.815856], [-117.02155, 43.819402], [-117.022224, 43.82214], [-117.023577, 43.823811], [-117.025894, 43.825394], [-117.028765, 43.826659], [-117.032289, 43.828767], [-117.032578, 43.830181], [-117.031341, 43.831941], [-117.032094, 43.833275], [-117.031887, 43.834156], [-117.029518, 43.837474], [-117.027563, 43.839465], [-117.025156, 43.841334], [-117.023201, 43.841892], [-117.020794, 43.841325], [-117.016826, 43.839962], [-117.014612, 43.839642], [-117.012831, 43.840001], [-117.011582, 43.841045], [-117.010383, 43.844803], [-117.010119, 43.84745], [-117.010701, 43.849754], [-117.012652, 43.851295], [-117.014828, 43.852172], [-117.017902, 43.852905], [-117.020116, 43.853958], [-117.021638, 43.856393], [-117.020925, 43.857814], [-117.019337, 43.859418], [-117.011523, 43.86245], [-117.008742, 43.86294], [-117.007189, 43.863641], [-117.000991, 43.863967], [-116.997391, 43.864874], [-116.994334, 43.864079], [-116.991415, 43.863864], [-116.989598, 43.864301], [-116.988104, 43.865432], [-116.984152, 43.866794], [-116.982347, 43.86884], [-116.982482, 43.872799], [-116.983879, 43.876943], [-116.983857, 43.880795], [-116.982087, 43.883911], [-116.980025, 43.887274], [-116.979517, 43.888843], [-116.976181, 43.894649], [-116.976026, 43.895548], [-116.976635, 43.898032], [-116.976441, 43.901295], [-116.977354, 43.905816], [-116.978152, 43.907334], [-116.979113, 43.909694], [-116.980537, 43.911322], [-116.981145, 43.913693], [-116.980544, 43.91483], [-116.974386, 43.916391], [-116.970052, 43.916456], [-116.96461, 43.916954], [-116.962615, 43.91748], [-116.961535, 43.918388], [-116.961035, 43.921652], [-116.960152, 43.925537], [-116.959151, 43.928738], [-116.960403, 43.931589], [-116.961806, 43.932797], [-116.965763, 43.933837], [-116.967641, 43.934792], [-116.968577, 43.936051], [-116.969083, 43.937747], [-116.969139, 43.938865], [-116.969028, 43.939921], [-116.96876, 43.94092], [-116.968214, 43.941881], [-116.967275, 43.942434], [-116.966049, 43.943278], [-116.964755, 43.943905], [-116.964292, 43.944286], [-116.964053, 43.944851], [-116.963109, 43.946064], [-116.96254, 43.946993], [-116.962251, 43.948097], [-116.962153, 43.950465], [-116.962041, 43.951479], [-116.96177, 43.952149], [-116.961081, 43.953256], [-116.960415, 43.954564], [-116.960477, 43.955103], [-116.961264, 43.956], [-116.962879, 43.956232], [-116.964915, 43.956301], [-116.96722, 43.956514], [-116.969716, 43.956918], [-116.971574, 43.956964], [-116.972431, 43.957987], [-116.97049, 43.959764], [-116.966305, 43.961472], [-116.960478, 43.963413], [-116.959206, 43.964619], [-116.959206, 43.96636], [-116.961683, 43.968168], [-116.964414, 43.968812], [-116.966314, 43.968884], [-116.97088, 43.968302], [-116.971257, 43.968843], [-116.971399, 43.970394], [-116.971676, 43.970983], [-116.97205, 43.971197], [-116.972853, 43.971224], [-116.973959, 43.971792], [-116.973732, 43.972328], [-116.975208, 43.97282], [-116.976, 43.97377], [-116.97618, 43.974267], [-116.976045, 43.975058], [-116.975412, 43.976007], [-116.974689, 43.976618], [-116.973603, 43.977228], [-116.972925, 43.977522], [-116.972247, 43.977635], [-116.970891, 43.977432], [-116.968743, 43.977477], [-116.967365, 43.977047], [-116.966415, 43.977296], [-116.965511, 43.978178], [-116.96481, 43.979183], [-116.963951, 43.980562], [-116.962911, 43.981783], [-116.962301, 43.982167], [-116.960832, 43.982823], [-116.959871, 43.982925], [-116.958585, 43.983425], [-116.954043, 43.983551], [-116.951406, 43.983221], [-116.949036, 43.984404], [-116.94571, 43.984454], [-116.942757, 43.984043], [-116.940024, 43.984445], [-116.938516, 43.985032], [-116.936327, 43.98655], [-116.935301, 43.988616], [-116.935847, 43.990875], [-116.938546, 43.994837], [-116.940257, 43.996872], [-116.941243, 43.998646], [-116.942951, 43.999885], [-116.944099, 44.001382], [-116.944882, 44.003593], [-116.941355, 44.006712], [-116.94105, 44.006927], [-116.93761, 44.009494], [-116.93649, 44.01174], [-116.936705, 44.013997], [-116.936331, 44.016092], [-116.935321, 44.018], [-116.934499, 44.021218], [-116.934728, 44.023798], [-116.9353, 44.024994], [-116.935335, 44.025083], [-116.936833, 44.028433], [-116.939608, 44.032116], [-116.943361, 44.035645], [-116.948113, 44.0377], [-116.951342, 44.039476], [-116.952792, 44.039935], [-116.955131, 44.041458], [-116.955824, 44.042347], [-116.956306, 44.043694], [-116.959001, 44.045254], [-116.967722, 44.047169], [-116.972035, 44.048614], [-116.973185, 44.049425], [-116.974016, 44.053663], [-116.973518, 44.055526], [-116.973523, 44.05892], [-116.973774, 44.060056], [-116.975255, 44.063657], [-116.975503, 44.069129], [-116.974927, 44.072973], [-116.975879, 44.074812], [-116.976204, 44.080792], [-116.976092, 44.081803], [-116.975956, 44.0829], [-116.977407, 44.084865], [-116.977085, 44.08582], [-116.974253, 44.088295], [-116.969077, 44.090407], [-116.967203, 44.090936], [-116.960638, 44.091228], [-116.957238, 44.091635], [-116.95383, 44.092355], [-116.944811, 44.093574], [-116.94173, 44.094605], [-116.940196, 44.095471], [-116.935974, 44.098126], [-116.933701, 44.100043], [-116.931717, 44.102477], [-116.928305, 44.107327], [-116.927687, 44.109438], [-116.929525, 44.113059], [-116.928562, 44.115159], [-116.926987, 44.116704], [-116.925642, 44.118929], [-116.920931, 44.121881], [-116.916671, 44.124886], [-116.914236, 44.127304], [-116.913213, 44.130215], [-116.913239, 44.132929], [-116.912562, 44.135785], [-116.911218, 44.139992], [-116.908451, 44.141852], [-116.903327, 44.144422], [-116.901922, 44.145931], [-116.901737, 44.14862], [-116.900834, 44.150099], [-116.895931, 44.154295], [-116.894309, 44.158114], [-116.894202, 44.162317], [-116.89488, 44.165789], [-116.895032, 44.168076], [-116.895757, 44.171267], [-116.900103, 44.176851], [-116.903607, 44.179985], [-116.907116, 44.180849], [-116.910049, 44.181268], [-116.914871, 44.18269], [-116.922952, 44.187358], [-116.924028, 44.18844], [-116.924636, 44.191043], [-116.926071, 44.191771], [-116.935443, 44.193962], [-116.939297, 44.193786], [-116.942121, 44.193255], [-116.945256, 44.191677], [-116.946709, 44.191286], [-116.949518, 44.191562], [-116.961641, 44.19344], [-116.967259, 44.194581], [-116.970587, 44.196287], [-116.972073, 44.197998], [-116.973701, 44.208017], [-116.973522, 44.209973], [-116.9726, 44.2132], [-116.970219, 44.217493], [-116.970365, 44.221221], [-116.972885, 44.223916], [-116.973945, 44.225932], [-116.974322, 44.228606], [-116.971987, 44.234655], [-116.972218, 44.237183], [-116.973542, 44.23998], [-116.975382, 44.242392], [-116.976975, 44.243213], [-116.981807, 44.244342], [-116.986133, 44.245354], [-116.988001, 44.245479], [-117.00098, 44.245381], [-117.003924, 44.246233], [-117.007987, 44.246417], [-117.011354, 44.2459], [-117.016917, 44.24539], [-117.02023, 44.246063], [-117.025277, 44.248505], [-117.027558, 44.248881], [-117.031862, 44.248635], [-117.03585, 44.246805], [-117.042283, 44.242775], [-117.043018, 44.241229], [-117.043404, 44.238622], [-117.044769, 44.234146], [-117.046148, 44.230669], [-117.047382, 44.229583], [-117.048448, 44.229073], [-117.051431, 44.228748], [-117.054093, 44.229469], [-117.05651, 44.230874], [-117.057464, 44.232434], [-117.058635, 44.236328], [-117.060405, 44.238144], [-117.063327, 44.239951], [-117.067284, 44.24401], [-117.069467, 44.245391], [-117.07835, 44.249885], [-117.088171, 44.257096], [-117.089503, 44.258234], [-117.090933, 44.260311], [-117.091819, 44.262885], [-117.092308, 44.26547], [-117.093574, 44.269374], [-117.094569, 44.270976], [-117.098531, 44.275533], [-117.102243, 44.278799], [-117.104207, 44.279942], [-117.107685, 44.280766], [-117.111616, 44.280666], [-117.113948, 44.280187], [-117.119861, 44.278272], [-117.121038, 44.277586], [-117.127276, 44.272619], [-117.130866, 44.269492], [-117.132515, 44.267083], [-117.133107, 44.264216], [-117.134666, 44.26217], [-117.136767, 44.260391], [-117.13849, 44.25938], [-117.141264, 44.258515], [-117.146218, 44.258027], [-117.151573, 44.258084], [-117.157053, 44.257493], [-117.161044, 44.257758], [-117.165791, 44.258475], [-117.170341, 44.258889], [-117.172226, 44.259719], [-117.177596, 44.263522], [-117.184309, 44.267146], [-117.188637, 44.268772], [-117.195775, 44.272386], [-117.19857, 44.274132], [-117.200389, 44.275442], [-117.204696, 44.279298], [-117.207505, 44.282722], [-117.213546, 44.286535], [-117.216974, 44.288357], [-117.217626, 44.289056], [-117.221801, 44.295769], [-117.22274, 44.298326], [-117.221973, 44.299559], [-117.220048, 44.301404], [-117.218835, 44.303613], [-117.217843, 44.30718], [-117.21521, 44.309116], [-117.211545, 44.309991], [-117.2055, 44.311789], [-117.204082, 44.312451], [-117.202856, 44.313757], [-117.202494, 44.315729], [-117.200686, 44.316899], [-117.19964, 44.321423], [-117.196797, 44.324196], [-117.196625, 44.32608], [-117.195767, 44.327119], [-117.192203, 44.32863], [-117.191335, 44.330128], [-117.191388, 44.332237], [-117.189842, 44.335007], [-117.189769, 44.336585], [-117.190603, 44.338306], [-117.192083, 44.339213], [-117.196149, 44.346362], [-117.197339, 44.347406], [-117.202666, 44.349813], [-117.204139, 44.351549], [-117.204793, 44.35302], [-117.206962, 44.355206], [-117.210587, 44.357703], [-117.214118, 44.358808], [-117.216911, 44.360163], [-117.220614, 44.363629], [-117.222238, 44.364999], [-117.225359, 44.366341], [-117.227938, 44.367975], [-117.229938, 44.369742], [-117.233004, 44.371965], [-117.235117, 44.373853], [-117.235572, 44.377253], [-117.237376, 44.380728], [-117.23783, 44.382386], [-117.243027, 44.390974], [-117.242564, 44.39348], [-117.242675, 44.396548], [-117.237257, 44.398476], [-117.233077, 44.4008], [-117.231479, 44.402423], [-117.227259, 44.405236], [-117.225461, 44.407729], [-117.22482, 44.411234], [-117.222813, 44.414247], [-117.222974, 44.416457], [-117.219291, 44.419236], [-117.216429, 44.423755], [-117.215072, 44.427162], [-117.215729, 44.42919], [-117.215194, 44.430698], [-117.215936, 44.435198], [-117.215282, 44.437978], [-117.215445, 44.439951], [-117.216562, 44.442276], [-117.21632, 44.443935], [-117.214936, 44.446564], [-117.214741, 44.44923], [-117.215573, 44.453746], [-117.217015, 44.459042], [-117.217646, 44.460064], [-117.220383, 44.463037], [-117.220245, 44.465904], [-117.221548, 44.470146], [-117.224445, 44.473884], [-117.225371, 44.475476], [-117.225932, 44.479389], [-117.225076, 44.482346], [-117.224104, 44.483734], [-117.221455, 44.484529], [-117.216372, 44.48616], [-117.21507, 44.486219], [-117.211148, 44.485359], [-117.208454, 44.485928], [-117.206661, 44.487599], [-117.203006, 44.48987], [-117.200237, 44.492027], [-117.198874, 44.494937], [-117.196731, 44.496432], [-117.194317, 44.499884], [-117.192494, 44.503272], [-117.191329, 44.506784], [-117.19163, 44.509886], [-117.189759, 44.513385], [-117.187029, 44.515488], [-117.185386, 44.519261], [-117.181583, 44.52296], [-117.177176, 44.522474], [-117.172158, 44.523928], [-117.167187, 44.523431], [-117.161033, 44.525166], [-117.156489, 44.528312], [-117.152406, 44.531802], [-117.149242, 44.536151], [-117.147132, 44.53987], [-117.144161, 44.545647], [-117.143808, 44.550353], [-117.143101, 44.554176], [-117.14293, 44.557236], [-117.147934, 44.562143], [-117.148255, 44.564371], [-117.146032, 44.568603], [-117.14248, 44.57143], [-117.138066, 44.572996], [-117.133963, 44.57524], [-117.126009, 44.581553], [-117.124754, 44.583834], [-117.125409, 44.59224], [-117.125267, 44.593818], [-117.1238, 44.597279], [-117.12333, 44.601389], [-117.123373, 44.604046], [-117.121874, 44.606891], [-117.121355, 44.609433], [-117.121393, 44.611753], [-117.120522, 44.614658], [-117.117809, 44.620139], [-117.1159, 44.623339], [-117.112034, 44.625953], [-117.108231, 44.62711], [-117.105984, 44.629836], [-117.098221, 44.640689], [-117.098206, 44.647651], [-117.096228, 44.649203], [-117.094968, 44.652011], [-117.096791, 44.657385], [-117.09613, 44.659023], [-117.095868, 44.664737], [-117.091223, 44.668807], [-117.08585, 44.671925], [-117.080796, 44.673768], [-117.078944, 44.677895], [-117.078574, 44.680328], [-117.080772, 44.684161], [-117.080555, 44.686714], [-117.079442, 44.688673], [-117.07871, 44.690084], [-117.07912, 44.692175], [-117.074137, 44.696374], [-117.073352, 44.697372], [-117.072221, 44.700517], [-117.067983, 44.701834], [-117.063824, 44.703623], [-117.061799, 44.706654], [-117.062032, 44.70992], [-117.062687, 44.711679], [-117.060971, 44.717], [-117.060454, 44.721668], [-117.062273, 44.727143], [-117.058302, 44.730482], [-117.050227, 44.732546], [-117.048178, 44.735916], [-117.047821, 44.741527], [-117.046244, 44.743107], [-117.044217, 44.74514], [-117.039549, 44.746483], [-117.03827, 44.748179], [-117.031655, 44.749882], [-117.02942, 44.751102], [-117.028071, 44.751186], [-117.021618, 44.750749], [-117.02, 44.751019], [-117.017507, 44.752897], [-117.016216, 44.755572], [-117.014805, 44.756603], [-117.011286, 44.756822], [-117.006045, 44.756024], [-117.000303, 44.756082], [-116.995003, 44.757782], [-116.990303, 44.760082], [-116.983302, 44.764381], [-116.978902, 44.767481], [-116.975702, 44.769181], [-116.973802, 44.771681], [-116.971902, 44.773381], [-116.968501, 44.774781], [-116.966801, 44.775181], [-116.961501, 44.775681], [-116.957301, 44.776881], [-116.949001, 44.777981], [-116.9459, 44.780181], [-116.9433, 44.781681], [-116.9368, 44.782881], [-116.9347, 44.783881], [-116.931466, 44.787369], [-116.930933, 44.788596], [-116.9308, 44.790981], [-116.932399, 44.793281], [-116.933599, 44.795681], [-116.933699, 44.798781], [-116.932199, 44.802781], [-116.929801, 44.806582], [-116.928099, 44.808381], [-116.922999, 44.81098], [-116.921298, 44.81288], [-116.920098, 44.81508], [-116.905772, 44.834793], [-116.900991, 44.835882], [-116.900902, 44.836167], [-116.900146, 44.836672], [-116.899923, 44.839112], [-116.90018, 44.839859], [-116.899711, 44.840609], [-116.898502, 44.842038], [-116.897694, 44.843745], [-116.896589, 44.846545], [-116.896249, 44.84833], [-116.89643, 44.849781], [-116.896898, 44.850458], [-116.898474, 44.851632], [-116.898727, 44.85229], [-116.89862, 44.853744], [-116.897722, 44.854847], [-116.896396, 44.855682], [-116.895311, 44.85581], [-116.892361, 44.855218], [-116.889882, 44.855171], [-116.887748, 44.855799], [-116.885953, 44.856842], [-116.883591, 44.858277], [-116.881218, 44.860149], [-116.879375, 44.861793], [-116.878853, 44.863159], [-116.878183, 44.864706], [-116.877136, 44.866049], [-116.876001, 44.866684], [-116.874329, 44.866995], [-116.871701, 44.867613], [-116.868685, 44.868936], [-116.866475, 44.869802], [-116.865338, 44.870603], [-116.864493, 44.871694], [-116.86227, 44.874876], [-116.861501, 44.875925], [-116.860742, 44.876707], [-116.860445, 44.877552], [-116.859336, 44.878691], [-116.857038, 44.88077], [-116.857053, 44.881851], [-116.85729, 44.882291], [-116.855924, 44.88404], [-116.854714, 44.885179], [-116.854199, 44.885949], [-116.852427, 44.887578], [-116.852328, 44.888195], [-116.851694, 44.890327], [-116.852373, 44.891919], [-116.850512, 44.893524], [-116.849977, 44.895023], [-116.850115, 44.896168], [-116.848893, 44.900719], [-116.847535, 44.901731], [-116.846855, 44.903654], [-116.846061, 44.90525], [-116.844987, 44.906869], [-116.843977, 44.908185], [-116.842922, 44.908907], [-116.842057, 44.913057], [-116.842108, 44.914922], [-116.838956, 44.917826], [-116.838444, 44.919733], [-116.838167, 44.921271], [-116.838467, 44.923601], [-116.836359, 44.926328], [-116.833632, 44.928976], [-116.832848, 44.930186], [-116.832176, 44.931373], [-116.83199, 44.933007], [-116.832352, 44.933871], [-116.833029, 44.934623], [-116.833585, 44.936272], [-116.834571, 44.938352], [-116.835702, 44.940633], [-116.837091, 44.942096], [-116.839077, 44.943854], [-116.840805, 44.945773], [-116.843027, 44.947635], [-116.844653, 44.949338], [-116.846461, 44.951521], [-116.847437, 44.954082], [-116.850737, 44.958113], [-116.851406, 44.959841], [-116.850984, 44.961556], [-116.849561, 44.963593], [-116.847044, 44.96536], [-116.843106, 44.966031], [-116.839847, 44.968368], [-116.838227, 44.968851], [-116.836449, 44.969239], [-116.835405, 44.971048], [-116.833294, 44.973206], [-116.83225, 44.974321], [-116.83151, 44.975324], [-116.830746, 44.976807], [-116.829687, 44.978123], [-116.828356, 44.979325], [-116.827426, 44.980721], [-116.826854, 44.98174], [-116.826271, 44.982493], [-116.826894, 44.983878], [-116.828821, 44.984227], [-116.830301, 44.984368], [-116.832076, 44.984454], [-116.836592, 44.984037], [-116.83863, 44.983545], [-116.839744, 44.983063], [-116.840497, 44.982549], [-116.841294, 44.981659], [-116.841719, 44.980825], [-116.842077, 44.979775], [-116.842219, 44.978486], [-116.842509, 44.977404], [-116.843235, 44.975869], [-116.84355, 44.975408], [-116.844472, 44.974614], [-116.846785, 44.972424], [-116.848574, 44.971716], [-116.850139, 44.971617], [-116.85202, 44.97203], [-116.85351, 44.972988], [-116.854934, 44.974715], [-116.855695, 44.975328], [-116.857485, 44.976728], [-116.858313, 44.978761], [-116.857549, 44.982567], [-116.854872, 44.987417], [-116.853391, 44.989358], [-116.845871, 45.000133], [-116.844625, 45.001435], [-116.844534, 45.003686], [-116.845113, 45.007953], [-116.847191, 45.011496], [-116.847067, 45.012085], [-116.844935, 45.0138], [-116.844796, 45.015312], [-116.845847, 45.01847], [-116.847322, 45.02025], [-116.847944, 45.022602], [-116.844769, 45.025494], [-116.842923, 45.028251], [-116.842499, 45.029898], [-116.841314, 45.030907], [-116.838419, 45.03232], [-116.830115, 45.035317], [-116.825133, 45.03784], [-116.822384, 45.041605], [-116.820914, 45.043118], [-116.814375, 45.048285], [-116.808576, 45.050652], [-116.804023, 45.055022], [-116.801743, 45.056299], [-116.79994, 45.058317], [-116.797329, 45.060267], [-116.795006, 45.064435], [-116.792918, 45.066015], [-116.792016, 45.067158], [-116.790878, 45.069947], [-116.788219, 45.071964], [-116.786986, 45.074182], [-116.784754, 45.075729], [-116.78371, 45.076972], [-116.783829, 45.078263], [-116.784045, 45.079593], [-116.783859, 45.082886], [-116.784289, 45.085776], [-116.784244, 45.088128], [-116.783537, 45.093605], [-116.782492, 45.09579], [-116.779453, 45.099688], [-116.778408, 45.100394], [-116.776414, 45.103553], [-116.774847, 45.105536], [-116.772232, 45.106343], [-116.766718, 45.109301], [-116.762962, 45.110477], [-116.754643, 45.113972], [-116.75393, 45.115283], [-116.753694, 45.118777], [-116.752839, 45.121768], [-116.748564, 45.122945], [-116.74686, 45.124223], [-116.746232, 45.126813], [-116.746331, 45.128596], [-116.745535, 45.133038], [-116.742455, 45.135265], [-116.736954, 45.137499], [-116.733296, 45.138486], [-116.731216, 45.139934], [-116.729607, 45.142091], [-116.728757, 45.144381], [-116.728018, 45.154237], [-116.727357, 45.156324], [-116.725178, 45.159222], [-116.724188, 45.162924], [-116.724205, 45.171501], [-116.723166, 45.174362], [-116.720611, 45.17948], [-116.717676, 45.184364], [-116.714318, 45.193419], [-116.711997, 45.197426], [-116.709536, 45.203015], [-116.708546, 45.207356], [-116.708645, 45.210013], [-116.709364, 45.213408], [-116.70975, 45.217243], [-116.709373, 45.219463], [-116.708189, 45.222089], [-116.706264, 45.224464], [-116.704111, 45.228154], [-116.703697, 45.236093], [-116.702709, 45.23791], [-116.703697, 45.240099], [-116.701067, 45.242668], [-116.70071, 45.242976], [-116.699715, 45.244037], [-116.698765, 45.245182], [-116.698481, 45.246192], [-116.698435, 45.247403], [-116.698104, 45.248782], [-116.697472, 45.24988], [-116.696901, 45.250976], [-116.696163, 45.252055], [-116.695952, 45.254074], [-116.696047, 45.254679], [-116.695619, 45.255353], [-116.694573, 45.25697], [-116.693813, 45.258956], [-116.693526, 45.259774], [-116.692482, 45.261651], [-116.691388, 45.263739], [-116.689485, 45.265088], [-116.688581, 45.265829], [-116.687772, 45.266403], [-116.687439, 45.267413], [-116.687177, 45.267643], [-116.687106, 45.267817], [-116.687008, 45.267857], [-116.686059, 45.268357], [-116.68306, 45.269539], [-116.681013, 45.27072], [-116.680747, 45.270906], [-116.678729, 45.272271], [-116.677491, 45.273215], [-116.675587, 45.274867], [-116.67473, 45.275844], [-116.674493, 45.276349], [-116.674255, 45.277527], [-116.674255, 45.278503], [-116.673303, 45.280624], [-116.672733, 45.283183], [-116.672305, 45.285202], [-116.672353, 45.287289], [-116.672163, 45.288938], [-116.672189, 45.289239], [-116.672286, 45.289977], [-116.67238, 45.290927], [-116.672421, 45.292468], [-116.672277, 45.293459], [-116.67248, 45.294217], [-116.672339, 45.294814], [-116.672327, 45.295234], [-116.672542, 45.296269], [-116.672594, 45.298023], [-116.672828, 45.299555], [-116.673067, 45.301184], [-116.673307, 45.303213], [-116.673449, 45.304514], [-116.673521, 45.305267], [-116.673645, 45.3063], [-116.673978, 45.308045], [-116.67417, 45.308857], [-116.673646, 45.310305], [-116.673925, 45.311163], [-116.673909, 45.311378], [-116.67401, 45.312314], [-116.674288, 45.312685], [-116.674648, 45.314342], [-116.674648, 45.315082], [-116.674267, 45.315958], [-116.674268, 45.316866], [-116.674316, 45.318246], [-116.67384, 45.320568], [-116.673793, 45.321511], [-116.67303, 45.322319], [-116.672368, 45.3228], [-116.671649, 45.323297], [-116.671057, 45.32383], [-116.670562, 45.324846], [-116.670368, 45.324999], [-116.670234, 45.325344], [-116.669457, 45.326531], [-116.666646, 45.331078], [-116.666122, 45.332459], [-116.664025, 45.335019], [-116.661023, 45.339027], [-116.658783, 45.342462], [-116.658054, 45.344198], [-116.657544, 45.344966], [-116.656812, 45.34584], [-116.656542, 45.3461], [-116.65635, 45.346579], [-116.655997, 45.347259], [-116.655913, 45.34752], [-116.65568, 45.348104], [-116.655255, 45.34886], [-116.654176, 45.350057], [-116.652811, 45.351502], [-116.651684, 45.352969], [-116.650923, 45.353752], [-116.650599, 45.354073], [-116.650175, 45.354608], [-116.650014, 45.354913], [-116.649802, 45.355237], [-116.648865, 45.356372], [-116.64505, 45.361189], [-116.64214, 45.365129], [-116.641567, 45.366711], [-116.64147, 45.367124], [-116.641305, 45.367718], [-116.641144, 45.367934], [-116.64082, 45.368305], [-116.640273, 45.368678], [-116.639943, 45.369338], [-116.639568, 45.369634], [-116.638978, 45.369958], [-116.63818, 45.370719], [-116.637893, 45.371067], [-116.637327, 45.371663], [-116.636638, 45.372522], [-116.63596, 45.373264], [-116.635857, 45.373396], [-116.63573, 45.373652], [-116.635156, 45.37467], [-116.635012, 45.374881], [-116.633583, 45.376368], [-116.632344, 45.377415], [-116.631915, 45.378189], [-116.631297, 45.379639], [-116.630868, 45.380112], [-116.630296, 45.380483], [-116.629391, 45.381663], [-116.628725, 45.383046], [-116.627679, 45.385642], [-116.626633, 45.388037], [-116.625976, 45.388812], [-116.623522, 45.391167], [-116.623047, 45.391942], [-116.623048, 45.392448], [-116.62343, 45.392717], [-116.623764, 45.393087], [-116.623575, 45.393694], [-116.623385, 45.393963], [-116.622909, 45.394199], [-116.622481, 45.394503], [-116.621719, 45.394874], [-116.620817, 45.395285], [-116.62071, 45.395361], [-116.620501, 45.395669], [-116.620149, 45.395986], [-116.619675, 45.397233], [-116.619057, 45.39821], [-116.618611, 45.398491], [-116.617512, 45.3993], [-116.616751, 45.399749], [-116.616232, 45.400172], [-116.61616, 45.400293], [-116.613061, 45.402524], [-116.6113, 45.403367], [-116.610863, 45.403708], [-116.610535, 45.403919], [-116.609832, 45.404515], [-116.609349, 45.404883], [-116.607562, 45.406188], [-116.606683, 45.406838], [-116.603827, 45.408725], [-116.6029, 45.409398], [-116.602224, 45.409777], [-116.601206, 45.410204], [-116.601002, 45.410326], [-116.600669, 45.410587], [-116.600276, 45.410844], [-116.598875, 45.411557], [-116.597447, 45.41277], [-116.59683, 45.414656], [-116.596167, 45.417418], [-116.594981, 45.420753], [-116.593973, 45.423191], [-116.593859, 45.423453], [-116.593558, 45.4238], [-116.593258, 45.424399], [-116.59304, 45.425036], [-116.592881, 45.425669], [-116.592729, 45.426489], [-116.592415, 45.427358], [-116.590898, 45.432577], [-116.590283, 45.43598], [-116.590051, 45.436904], [-116.590033, 45.437377], [-116.589762, 45.438035], [-116.589602, 45.438571], [-116.589445, 45.439188], [-116.589253, 45.440231], [-116.589101, 45.440816], [-116.589028, 45.440904], [-116.588859, 45.441403], [-116.588589, 45.442027], [-116.588473, 45.442436], [-116.588195, 45.44292], [-116.587433, 45.443729], [-116.585909, 45.444301], [-116.584243, 45.445345], [-116.583953, 45.445582], [-116.583233, 45.446708], [-116.582334, 45.447941], [-116.581382, 45.448984], [-116.580143, 45.449726], [-116.579138, 45.450402], [-116.578181, 45.451074], [-116.577908, 45.451226], [-116.577545, 45.451466], [-116.576988, 45.451893], [-116.576697, 45.452088], [-116.576332, 45.452273], [-116.575949, 45.452522], [-116.573285, 45.453666], [-116.572274, 45.454023], [-116.571793, 45.454208], [-116.571598, 45.454261], [-116.570799, 45.454544], [-116.569009, 45.455403], [-116.568251, 45.45582], [-116.567895, 45.456218], [-116.567574, 45.456637], [-116.567341, 45.45732], [-116.566388, 45.4581], [-116.565724, 45.458831], [-116.565405, 45.459113], [-116.564944, 45.459585], [-116.564585, 45.45985], [-116.564158, 45.460096], [-116.563973, 45.460229], [-116.563569, 45.460454], [-116.562851, 45.460779], [-116.561899, 45.461118], [-116.561744, 45.461213], [-116.560155, 45.461634], [-116.558938, 45.46195], [-116.556736, 45.462323], [-116.55483, 45.46293], [-116.554831, 45.464814], [-116.554975, 45.465459], [-116.555313, 45.467828], [-116.555407, 45.469021], [-116.555405, 45.469398], [-116.555169, 45.470417], [-116.554981, 45.472798], [-116.555208, 45.473516], [-116.555564, 45.474068], [-116.556461, 45.475426], [-116.558802, 45.480073], [-116.558807, 45.481189], [-116.558093, 45.482365], [-116.557174, 45.484274], [-116.556995, 45.485496], [-116.556756, 45.486341], [-116.556423, 45.48688], [-116.5559, 45.489306], [-116.555368, 45.490295], [-116.554519, 45.491932], [-116.55361, 45.494466], [-116.553089, 45.49621], [-116.553424, 45.497691], [-116.553472, 45.499108], [-116.554142, 45.499884], [-116.555026, 45.500471], [-116.555922, 45.500925], [-116.556516, 45.501322], [-116.557132, 45.502017], [-116.557512, 45.502583], [-116.557621, 45.503495], [-116.557463, 45.504173], [-116.557259, 45.50478], [-116.557032, 45.505544], [-116.556669, 45.506119], [-116.556029, 45.507019], [-116.555488, 45.50747], [-116.554634, 45.507856], [-116.553185, 45.508159], [-116.5525, 45.508311], [-116.551701, 45.508697], [-116.55079, 45.509292], [-116.549688, 45.509895], [-116.548676, 45.510385], [-116.547832, 45.511037], [-116.546876, 45.511584], [-116.546021, 45.512244], [-116.545199, 45.512969], [-116.544546, 45.513654], [-116.543837, 45.514193], [-116.543127, 45.514958], [-116.542631, 45.515587], [-116.542123, 45.516368], [-116.54168, 45.517091], [-116.541266, 45.517844], [-116.541005, 45.518497], [-116.540914, 45.519053], [-116.540889, 45.51974], [-116.540933, 45.520111], [-116.540403, 45.520925], [-116.539918, 45.521545], [-116.539321, 45.522182], [-116.538848, 45.522633], [-116.537644, 45.523227], [-116.536958, 45.523508], [-116.536339, 45.523935], [-116.535866, 45.524507], [-116.535482, 45.525079], [-116.535187, 45.525677], [-116.534802, 45.527111], [-116.534361, 45.527998], [-116.534214, 45.528385], [-116.533842, 45.528772], [-116.533503, 45.529159], [-116.533132, 45.529537], [-116.532848, 45.530489], [-116.533048, 45.531159], [-116.533113, 45.531765], [-116.533044, 45.532225], [-116.533132, 45.532766], [-116.53286, 45.53354], [-116.532769, 45.534137], [-116.532609, 45.534758], [-116.532349, 45.535355], [-116.532021, 45.536016], [-116.531727, 45.536685], [-116.531231, 45.537306], [-116.530892, 45.537676], [-116.530364, 45.537949], [-116.529812, 45.538295], [-116.529035, 45.538747], [-116.528742, 45.539004], [-116.528394, 45.539267], [-116.527852, 45.539873], [-116.527209, 45.540702], [-116.526745, 45.541702], [-116.526552, 45.542251], [-116.526582, 45.543461], [-116.526648, 45.543986], [-116.526579, 45.544486], [-116.526252, 45.544857], [-116.52543, 45.545283], [-116.524518, 45.545531], [-116.523876, 45.545949], [-116.523439, 45.546556], [-116.52339, 45.546895], [-116.523445, 45.547174], [-116.523599, 45.547404], [-116.523947, 45.548234], [-116.524172, 45.548565], [-116.524822, 45.548873], [-116.525967, 45.549449], [-116.527112, 45.549613], [-116.527718, 45.549784], [-116.52828, 45.54989], [-116.528571, 45.550149], [-116.528625, 45.550601], [-116.528556, 45.551094], [-116.528319, 45.551513], [-116.527723, 45.551818], [-116.527227, 45.552285], [-116.526831, 45.552898], [-116.526166, 45.553549], [-116.525153, 45.554225], [-116.524439, 45.554469], [-116.524185, 45.55457], [-116.522913, 45.555302], [-116.521787, 45.55584], [-116.52074, 45.556201], [-116.51851, 45.556689], [-116.517468, 45.55679], [-116.516019, 45.556698], [-116.51497, 45.556535], [-116.513931, 45.556281], [-116.512717, 45.556367], [-116.51175, 45.556445], [-116.510547, 45.556724], [-116.508769, 45.557454], [-116.507879, 45.558001], [-116.506967, 45.558427], [-116.505953, 45.559199], [-116.505062, 45.559939], [-116.503957, 45.560953], [-116.503449, 45.561695], [-116.503188, 45.562495], [-116.503155, 45.562974], [-116.503425, 45.564203], [-116.503697, 45.564372], [-116.503728, 45.565102], [-116.503534, 45.565819], [-116.50323, 45.566166], [-116.502756, 45.566608], [-116.501933, 45.567179], [-116.500974, 45.567807], [-116.498963, 45.568964], [-116.498354, 45.569339], [-116.496868, 45.570309], [-116.496131, 45.570757], [-116.495635, 45.571175], [-116.495186, 45.571471], [-116.494228, 45.572225], [-116.493699, 45.572554], [-116.493008, 45.572905], [-116.49241, 45.573129], [-116.491617, 45.573458], [-116.490729, 45.574186], [-116.490279, 45.574499], [-116.489554, 45.574875], [-116.48791, 45.575521], [-116.486245, 45.575933], [-116.485108, 45.576291], [-116.484051, 45.576577], [-116.483557, 45.576752], [-116.48297, 45.577008], [-116.482416, 45.577449], [-116.481943, 45.577898], [-116.481582, 45.578518], [-116.48137, 45.57917], [-116.481191, 45.579943], [-116.481208, 45.580597], [-116.481525, 45.581082], [-116.482117, 45.581504], [-116.482892, 45.582032], [-116.483278, 45.582387], [-116.483617, 45.582962], [-116.483612, 45.583511], [-116.483387, 45.584284], [-116.48328, 45.584832], [-116.482674, 45.585958], [-116.482163, 45.586682], [-116.481631, 45.58722], [-116.480788, 45.587942], [-116.47997, 45.588422], [-116.478912, 45.58891], [-116.477877, 45.589228], [-116.477154, 45.589361], [-116.476521, 45.589673], [-116.475967, 45.59009], [-116.475653, 45.590669], [-116.475096, 45.591457], [-116.474738, 45.59177], [-116.473378, 45.592538], [-116.472456, 45.593107], [-116.471684, 45.593612], [-116.471326, 45.593934], [-116.470956, 45.594302], [-116.470388, 45.594977], [-116.467138, 45.598188], [-116.46658, 45.599065], [-116.466047, 45.59974], [-116.465572, 45.600205], [-116.465169, 45.600478], [-116.464717, 45.60096], [-116.463984, 45.602214], [-116.463635, 45.602785], [-116.463457, 45.603365], [-116.463407, 45.603857], [-116.46363, 45.604568], [-116.463614, 45.605043], [-116.463618, 45.605906], [-116.46346, 45.606809], [-116.463311, 45.609332], [-116.463262, 45.610929], [-116.463325, 45.611591], [-116.46349, 45.612374], [-116.463598, 45.613011], [-116.463616, 45.61356], [-116.463566, 45.61406], [-116.463414, 45.614365], [-116.463296, 45.61476], [-116.463361, 45.615172], [-116.463504, 45.615785], [-116.463865, 45.616424], [-116.464238, 45.617055], [-116.464578, 45.617475], [-116.46517, 45.617986], [-116.465796, 45.618449], [-116.466459, 45.618694], [-116.467338, 45.619093], [-116.469335, 45.620182], [-116.469813, 45.620604], [-116.470288, 45.621267], [-116.471036, 45.622287], [-116.472877, 45.624877], [-116.472595, 45.625557], [-116.4724, 45.625919], [-116.472033, 45.626339], [-116.471356, 45.627185], [-116.471241, 45.627669], [-116.471298, 45.628056], [-116.471504, 45.628467], [-116.4721, 45.629201], [-116.473212, 45.630153], [-116.474346, 45.630998], [-116.475058, 45.631401], [-116.475803, 45.6317], [-116.47664, 45.631789], [-116.477224, 45.631789], [-116.478038, 45.631837], [-116.478714, 45.631845], [-116.480342, 45.631974], [-116.481018, 45.632152], [-116.481557, 45.632369], [-116.481981, 45.632668], [-116.482428, 45.633135], [-116.482806, 45.633595], [-116.483013, 45.634046], [-116.483058, 45.63453], [-116.483058, 45.635111], [-116.482989, 45.635675], [-116.48284, 45.63636], [-116.482694, 45.637095], [-116.482553, 45.637989], [-116.482472, 45.639352], [-116.482495, 45.639916], [-116.482667, 45.640336], [-116.482908, 45.640706], [-116.48316, 45.64115], [-116.483286, 45.641529], [-116.483492, 45.641795], [-116.484352, 45.642416], [-116.484737, 45.642499], [-116.485476, 45.642722], [-116.486095, 45.642988], [-116.486828, 45.643327], [-116.487447, 45.643682], [-116.487734, 45.643956], [-116.487849, 45.644238], [-116.487608, 45.645447], [-116.487449, 45.646068], [-116.487355, 45.646786], [-116.487263, 45.64781], [-116.48747, 45.64888], [-116.487985, 45.649639], [-116.488468, 45.65023], [-116.488818, 45.650799], [-116.489853, 45.65179], [-116.490742, 45.652563], [-116.491485, 45.653262], [-116.491884, 45.653457], [-116.49209, 45.653631], [-116.492572, 45.653962], [-116.493306, 45.654647], [-116.494074, 45.65534], [-116.49451, 45.655679], [-116.49506, 45.656042], [-116.495737, 45.656412], [-116.496219, 45.656743], [-116.496574, 45.657009], [-116.496826, 45.657251], [-116.497216, 45.65742], [-116.497767, 45.657541], [-116.498237, 45.657815], [-116.499166, 45.658218], [-116.499613, 45.658428], [-116.500038, 45.658573], [-116.500324, 45.658815], [-116.500749, 45.659274], [-116.500975, 45.659283], [-116.50154, 45.659824], [-116.502481, 45.66035], [-116.503814, 45.660948], [-116.504908, 45.661575], [-116.505429, 45.661914], [-116.505635, 45.662177], [-116.505734, 45.662623], [-116.505964, 45.663209], [-116.506176, 45.663649], [-116.506748, 45.66408], [-116.507564, 45.664644], [-116.508294, 45.665134], [-116.508839, 45.665676], [-116.50911, 45.666012], [-116.509906, 45.666495], [-116.510425, 45.667215], [-116.510938, 45.668114], [-116.511787, 45.66943], [-116.512326, 45.670224], [-116.513211, 45.67112], [-116.51583, 45.673478], [-116.516684, 45.674175], [-116.517675, 45.675039], [-116.518775, 45.675559], [-116.5199, 45.675967], [-116.521341, 45.676364], [-116.522212, 45.676622], [-116.523143, 45.677148], [-116.523961, 45.677639], [-116.524729, 45.678331], [-116.525515, 45.679162], [-116.525915, 45.679702], [-116.526823, 45.680227], [-116.528272, 45.681473], [-116.529083, 45.682595], [-116.529583, 45.683549], [-116.529699, 45.68419], [-116.529757, 45.684846], [-116.530131, 45.685515], [-116.530652, 45.686163], [-116.531399, 45.686815], [-116.531874, 45.687486], [-116.532089, 45.687845], [-116.532972, 45.688806], [-116.535117, 45.691277], [-116.535396, 45.691734], [-116.535222, 45.692531], [-116.535166, 45.692967], [-116.535396, 45.693561], [-116.535827, 45.694595], [-116.536145, 45.695603], [-116.536395, 45.69665], [-116.536333, 45.697595], [-116.536322, 45.698678], [-116.536258, 45.700035], [-116.53637, 45.701548], [-116.536634, 45.703961], [-116.53659, 45.705052], [-116.537185, 45.706622], [-116.537312, 45.707634], [-116.53728, 45.709048], [-116.537151, 45.711058], [-116.5373, 45.712459], [-116.537497, 45.713392], [-116.538014, 45.714929], [-116.538201, 45.716161], [-116.538139, 45.716742], [-116.537793, 45.718077], [-116.537376, 45.721045], [-116.537068, 45.723359], [-116.536875, 45.724132], [-116.536804, 45.724632], [-116.537107, 45.726148], [-116.537089, 45.727474], [-116.537043, 45.728196], [-116.536727, 45.728987], [-116.536193, 45.729843], [-116.535906, 45.730371], [-116.535706, 45.732881], [-116.535652, 45.733907], [-116.535698, 45.734231], [-116.536405, 45.734815], [-116.536648, 45.73525], [-116.536757, 45.736133], [-116.537173, 45.737288], [-116.537777, 45.738163], [-116.538645, 45.73893], [-116.539337, 45.739912], [-116.539977, 45.741136], [-116.541317, 45.743414], [-116.541771, 45.744449], [-116.542143, 45.744718], [-116.542509, 45.745011], [-116.543075, 45.7457], [-116.543794, 45.746545], [-116.544258, 45.747232], [-116.544652, 45.747643], [-116.545287, 45.748261], [-116.545814, 45.748755], [-116.546049, 45.749195], [-116.546289, 45.749466], [-116.546381, 45.750402], [-116.546643, 45.750972], [-116.54724, 45.751677], [-116.54809, 45.752364], [-116.549085, 45.752735], [-116.550414, 45.753129], [-116.551531, 45.753136], [-116.552534, 45.75325], [-116.553548, 45.753388], [-116.556368, 45.754181], [-116.557534, 45.754382], [-116.558575, 45.754753], [-116.559444, 45.755189], [-116.559822, 45.755831], [-116.560175, 45.756385], [-116.560758, 45.756896], [-116.561559, 45.757374], [-116.562362, 45.757964], [-116.563, 45.758322], [-116.563585, 45.758922], [-116.564018, 45.759435], [-116.564394, 45.759924], [-116.564986, 45.760321], [-116.565673, 45.760816], [-116.566001, 45.761233], [-116.566364, 45.761625], [-116.566416, 45.762044], [-116.566861, 45.762572], [-116.567339, 45.763004], [-116.568151, 45.763401], [-116.568971, 45.76358], [-116.569896, 45.763871], [-116.57052, 45.764044], [-116.57162, 45.76443], [-116.572085, 45.764733], [-116.572963, 45.764976], [-116.574039, 45.765355], [-116.575129, 45.765863], [-116.575817, 45.766446], [-116.577422, 45.76753], [-116.578066, 45.768274], [-116.578603, 45.768762], [-116.580995, 45.770138], [-116.581786, 45.770688], [-116.582808, 45.771317], [-116.584302, 45.77191], [-116.585183, 45.772314], [-116.585777, 45.772753], [-116.586384, 45.77328], [-116.587374, 45.774079], [-116.588091, 45.774984], [-116.590044, 45.776218], [-116.591024, 45.777098], [-116.591702, 45.777697], [-116.593004, 45.778541], [-116.593861, 45.778865], [-116.59421, 45.77908], [-116.595503, 45.779319], [-116.596908, 45.779325], [-116.598118, 45.779405], [-116.599249, 45.779532], [-116.600758, 45.779585], [-116.601486, 45.779773], [-116.602137, 45.779907], [-116.60284, 45.780165], [-116.603805, 45.780634], [-116.60504, 45.781018], [-116.606252, 45.781162], [-116.60978, 45.781674], [-116.611455, 45.781806], [-116.612653, 45.781837], [-116.61383, 45.781981], [-116.615343, 45.782267], [-116.616935, 45.782464], [-116.618304, 45.782364], [-116.619439, 45.782041], [-116.620428, 45.78196], [-116.621407, 45.781977], [-116.621673, 45.782007], [-116.622636, 45.781901], [-116.623742, 45.781813], [-116.624715, 45.782136], [-116.62539, 45.782614], [-116.625601, 45.782814], [-116.625976, 45.783462], [-116.626317, 45.783725], [-116.626757, 45.784013], [-116.626971, 45.784126], [-116.627928, 45.784301], [-116.629296, 45.784374], [-116.630182, 45.784681], [-116.631021, 45.784874], [-116.632032, 45.784979], [-116.632676, 45.784891], [-116.633377, 45.784681], [-116.635814, 45.783642], [-116.637722, 45.782627], [-116.638779, 45.781894], [-116.639641, 45.781274], [-116.640395, 45.78104], [-116.641304, 45.780793], [-116.642698, 45.780435], [-116.64394, 45.780153], [-116.646342, 45.779815], [-116.648029, 45.779819], [-116.649172, 45.779734], [-116.649666, 45.779739], [-116.651641, 45.779798], [-116.653388, 45.779758], [-116.654364, 45.779899], [-116.655591, 45.779907], [-116.656871, 45.779847], [-116.659629, 45.780016], [-116.66117, 45.780313], [-116.662616, 45.780973], [-116.663106, 45.781157], [-116.665268, 45.782059], [-116.665942, 45.782753], [-116.666493, 45.783096], [-116.668067, 45.784207], [-116.668357, 45.784286], [-116.669036, 45.784664], [-116.669404, 45.785164], [-116.669727, 45.785808], [-116.67016, 45.786411], [-116.670808, 45.786904], [-116.672304, 45.787927], [-116.673661, 45.788644], [-116.675178, 45.789716], [-116.676425, 45.790898], [-116.677796, 45.791897], [-116.678713, 45.792433], [-116.680818, 45.794388], [-116.681808, 45.796087], [-116.683272, 45.799093], [-116.684643, 45.801228], [-116.685553, 45.80238], [-116.685393, 45.803242], [-116.685463, 45.803645], [-116.685681, 45.80404], [-116.687007, 45.806319], [-116.687836, 45.807286], [-116.688711, 45.808116], [-116.690414, 45.809292], [-116.691116, 45.809533], [-116.691795, 45.810016], [-116.693097, 45.811144], [-116.693425, 45.81164], [-116.693823, 45.812634], [-116.693997, 45.813376], [-116.694343, 45.814028], [-116.69447, 45.814947], [-116.694806, 45.816631], [-116.695625, 45.818113], [-116.696501, 45.819354], [-116.697192, 45.820135], [-116.698079, 45.820852], [-116.69878, 45.820884], [-116.699724, 45.820883], [-116.700725, 45.82106], [-116.702175, 45.82143], [-116.703417, 45.821704], [-116.70716, 45.824288], [-116.70845, 45.825117], [-116.70975, 45.825728], [-116.711822, 45.826267], [-116.713364, 45.826476], [-116.714262, 45.826636], [-116.715527, 45.826773], [-116.716942, 45.826708], [-116.718564, 45.826416], [-116.720162, 45.826021], [-116.721519, 45.825738], [-116.722382, 45.825737], [-116.723648, 45.825986], [-116.724488, 45.826381], [-116.724687, 45.826519], [-116.725317, 45.826557], [-116.726398, 45.826581], [-116.730735, 45.826457], [-116.734543, 45.826527], [-116.735405, 45.826394], [-116.735779, 45.826364], [-116.736013, 45.826313], [-116.736268, 45.826179], [-116.737384, 45.825946], [-116.737997, 45.82567], [-116.7389, 45.825226], [-116.740486, 45.82446], [-116.742005, 45.823616], [-116.743795, 45.822491], [-116.744355, 45.822151], [-116.744972, 45.821584], [-116.745225, 45.821391], [-116.747275, 45.820312], [-116.749343, 45.819255], [-116.750985, 45.818654], [-116.753923, 45.817429], [-116.75529, 45.81706], [-116.756552, 45.817037], [-116.757459, 45.816596], [-116.759789, 45.816167], [-116.760747, 45.816527], [-116.76108, 45.816176], [-116.762543, 45.816227], [-116.763402, 45.81658], [-116.766848, 45.818828], [-116.76789, 45.819497], [-116.767997, 45.819779], [-116.768612, 45.820243], [-116.769754, 45.820976], [-116.770392, 45.821317], [-116.77139, 45.821769], [-116.772589, 45.822097], [-116.773079, 45.822136], [-116.774224, 45.823369], [-116.776372, 45.823843], [-116.779158, 45.824203], [-116.779697, 45.824263], [-116.780389, 45.824363], [-116.782139, 45.825116], [-116.782502, 45.825608], [-116.783104, 45.82605], [-116.783817, 45.826941], [-116.784241, 45.827871], [-116.785527, 45.828903], [-116.785872, 45.829493], [-116.786191, 45.829699], [-116.788329, 45.831928], [-116.789066, 45.833471], [-116.789067, 45.834881], [-116.788923, 45.836741], [-116.788404, 45.838228], [-116.78752, 45.840204], [-116.787483, 45.841107], [-116.787758, 45.842728], [-116.787792, 45.844267], [-116.788252, 45.845842], [-116.788809, 45.847142], [-116.790151, 45.849851], [-116.791928, 45.852039], [-116.79376, 45.854469], [-116.794305, 45.855691], [-116.795976, 45.858094], [-116.795987, 45.85901], [-116.795879, 45.859914], [-116.796019, 45.860616], [-116.796459, 45.861224], [-116.797146, 45.861575], [-116.799715, 45.862592], [-116.802638, 45.864241], [-116.803741, 45.864934], [-116.804903, 45.865815], [-116.805529, 45.866405], [-116.805765, 45.86701], [-116.80689, 45.868748], [-116.808077, 45.870395], [-116.809544, 45.872169], [-116.809785, 45.87279], [-116.810971, 45.874068], [-116.811962, 45.874879], [-116.812698, 45.87599], [-116.81317, 45.87636], [-116.813509, 45.876978], [-116.814131, 45.877641], [-116.815918, 45.878998], [-116.817464, 45.879842], [-116.818548, 45.880261], [-116.819182, 45.880938], [-116.823277, 45.882938], [-116.824096, 45.883301], [-116.830003, 45.886405], [-116.837041, 45.889411], [-116.838056, 45.889693], [-116.839279, 45.890338], [-116.840814, 45.890789], [-116.84355, 45.892273], [-116.844369, 45.892966], [-116.845565, 45.894748], [-116.846959, 45.896646], [-116.848422, 45.898161], [-116.849761, 45.899322], [-116.851354, 45.900346], [-116.853017, 45.901838], [-116.854668, 45.902966], [-116.855649, 45.903498], [-116.856584, 45.903796], [-116.857254, 45.904159], [-116.859795, 45.907264], [-116.863042, 45.912047], [-116.863897, 45.913216], [-116.865029, 45.914498], [-116.865735, 45.915854], [-116.866544, 45.916958], [-116.866752, 45.917886], [-116.8674, 45.91912], [-116.868569, 45.922436], [-116.86902, 45.923283], [-116.869655, 45.923799], [-116.870177, 45.925574], [-116.870398, 45.926913], [-116.870308, 45.929326], [-116.870067, 45.930472], [-116.870484, 45.932408], [-116.871399, 45.934562], [-116.872035, 45.936264], [-116.872683, 45.937579], [-116.873377, 45.938482], [-116.873933, 45.939894], [-116.874465, 45.940757], [-116.875125, 45.9422], [-116.875706, 45.945008], [-116.875823, 45.946274], [-116.875756, 45.948372], [-116.875514, 45.949453], [-116.87518, 45.949639], [-116.874869, 45.950253], [-116.874904, 45.950963], [-116.87516, 45.952165], [-116.875681, 45.95402], [-116.87598, 45.954319], [-116.87598, 45.954775], [-116.876715, 45.95556], [-116.877964, 45.957037], [-116.879302, 45.957935], [-116.880506, 45.958508], [-116.881739, 45.958678], [-116.884444, 45.958399], [-116.886843, 45.958617], [-116.88935, 45.959297], [-116.89091, 45.96001], [-116.891298, 45.960327], [-116.891512, 45.961547], [-116.892674, 45.963508], [-116.893662, 45.965428], [-116.894515, 45.96804], [-116.894906, 45.968922], [-116.894255, 45.970887], [-116.893245, 45.972921], [-116.892935, 45.974396], [-116.892861, 45.976373], [-116.893606, 45.97758], [-116.894851, 45.978581], [-116.896731, 45.979595], [-116.897102, 45.980259], [-116.898566, 45.981294], [-116.900497, 45.982801], [-116.90175, 45.983218], [-116.904305, 45.984196], [-116.905661, 45.984997], [-116.906728, 45.985722], [-116.909867, 45.98799], [-116.911469, 45.989049], [-116.913177, 45.991135], [-116.913483, 45.99161], [-116.913709, 45.992282], [-116.914471, 45.993566], [-116.915324, 45.994616], [-116.916071, 45.995357], [-116.917487, 45.995442], [-116.933416, 45.996071], [-116.93686, 45.996046], [-116.957663, 45.996436], [-116.988074, 45.996807], [-117.038144, 45.997148], [-117.050056, 45.997142], [-117.061459, 45.997207], [-117.080005, 45.99752], [-117.090177, 45.997634], [-117.134025, 45.997934], [-117.187648, 45.998177], [-117.228101, 45.998353], [-117.259921, 45.998482], [-117.273265, 45.998282], [-117.278409, 45.998307], [-117.295046, 45.998385], [-117.337909, 45.998575], [-117.354005, 45.996563], [-117.354886, 45.996565], [-117.356122, 45.996569], [-117.382135, 45.99801], [-117.382675, 45.998039], [-117.385431, 45.998192], [-117.404392, 45.998451], [-117.41172, 45.99849], [-117.430675, 45.998437], [-117.444995, 45.998395], [-117.458278, 45.998155], [-117.466832, 45.99793], [-117.479751, 45.997783], [-117.483932, 45.997888], [-117.4996, 45.998099], [-117.505764, 45.998123], [-117.51986, 45.99833], [-117.546605, 45.998429], [-117.554298, 45.998461], [-117.58879, 45.998593], [-117.614328, 45.999218], [-117.623598, 45.999329], [-117.635579, 45.999291], [-117.682138, 45.999788], [-117.700207, 45.999797], [-117.730061, 45.999814], [-117.838114, 46.000116], [-117.859315, 46.000126], [-117.90171, 46.000204], [-117.910244, 46.000313], [-117.924278, 46.000384], [-117.977664, 46.000522], [-118.006598, 46.000576], [-118.023336, 46.00056], [-118.057864, 46.000568], [-118.074713, 46.000631], [-118.080843, 46.00058], [-118.114436, 46.000617], [-118.115251, 46.000616], [-118.146105, 46.000576], [-118.158487, 46.000519], [-118.170752, 46.000549], [-118.180134, 46.000573], [-118.210964, 46.000625], [-118.236667, 46.000624], [-118.256588, 46.000624], [-118.283624, 46.000605], [-118.287666, 46.000603], [-118.308875, 46.000582], [-118.315074, 46.000659], [-118.340519, 46.000647], [-118.345709, 46.000619], [-118.366592, 46.000704], [-118.375048, 46.000633], [-118.37814, 46.000646], [-118.382651, 46.000674], [-118.387293, 46.000731], [-118.392682, 46.000746], [-118.396562, 46.000743], [-118.403233, 46.000761], [-118.403817, 46.000773], [-118.405056, 46.000757], [-118.408017, 46.000754], [-118.408584, 46.000756], [-118.41533, 46.000756], [-118.424028, 46.000759], [-118.427693, 46.000785], [-118.439021, 46.000833], [-118.449817, 46.000857], [-118.470687, 46.000958], [-118.497045, 46.000933], [-118.523172, 46.000955], [-118.537323, 46.00104], [-118.555233, 46.001134], [-118.569506, 46.001016], [-118.57795, 46.000971], [-118.590617, 46.000943], [-118.599967, 46.000984], [-118.612763, 46.001051], [-118.637727, 46.001031], [-118.653692, 46.001049], [-118.658601, 46.00096], [-118.677896, 46.000956], [-118.678832, 46.001069], [-118.700489, 46.001071], [-118.725242, 46.001157], [-118.762405, 46.001081], [-118.775825, 46.001104], [-118.788976, 46.000981], [-118.817896, 46.000805], [-118.838307, 46.000756], [-118.848813, 46.00073], [-118.852631, 46.000721], [-118.86948, 46.000679], [-118.8889, 46.000686], [-118.893343, 46.000628], [-118.976064, 46.000418], [-118.976508, 46.000405], [-118.977776, 46.000336], [-118.987258, 45.999855], [-119.001115, 45.986539], [-119.008651, 45.979223], [-119.027215, 45.969112], [-119.061497, 45.958542], [-119.093294, 45.942723], [-119.126322, 45.932784], [-119.141389, 45.930999], [-119.169191, 45.927703], [-119.19552, 45.9279], [-119.225631, 45.932797], [-119.257072, 45.939867], [-119.265781, 45.939129], [-119.286062, 45.93742], [-119.297763, 45.936024], [-119.298872, 45.935905], [-119.312797, 45.934237], [-119.322574, 45.933072], [-119.324722, 45.932575], [-119.328454, 45.931711], [-119.328847, 45.931623], [-119.332438, 45.930789], [-119.356958, 45.923722], [-119.364498, 45.921547], [-119.43215, 45.918271], [-119.450398, 45.917381], [-119.488083, 45.906361], [-119.524519, 45.908567], [-119.536946, 45.913033], [-119.571602, 45.925478], [-119.600543, 45.919549], [-119.623628, 45.905602], [-119.626137, 45.902974], [-119.652904, 45.874855], [-119.669974, 45.856908], [-119.672348, 45.856651], [-119.729939, 45.850403], [-119.772854, 45.845727], [-119.802705, 45.84763], [-119.849343, 45.84018], [-119.868312, 45.836198], [-119.907245, 45.828176], [-119.965772, 45.824376], [-119.999501, 45.812517], [-120.014837, 45.80712], [-120.070236, 45.785156], [-120.126152, 45.775802], [-120.14148, 45.773208], [-120.170603, 45.76198], [-120.191102, 45.743584], [-120.210774, 45.725915], [-120.211472, 45.72587], [-120.283431, 45.721165], [-120.326332, 45.71142], [-120.376159, 45.703708], [-120.403651, 45.699444], [-120.482615, 45.694407], [-120.501163, 45.698852], [-120.505743, 45.699949], [-120.522735, 45.710287], [-120.559287, 45.738315], [-120.591144, 45.746509], [-120.62289, 45.74623], [-120.635051, 45.745711], [-120.653503, 45.737181], [-120.66928, 45.729883], [-120.689535, 45.715727], [-120.704144, 45.711672], [-120.709184, 45.710364], [-120.728626, 45.705319], [-120.788574, 45.686424], [-120.836168, 45.675964], [-120.855415, 45.671729], [-120.895822, 45.642923], [-120.913608, 45.639992], [-120.91585, 45.6412], [-120.944018, 45.656392], [-120.953115, 45.656742], [-120.977819, 45.649397], [-120.981527, 45.648719], [-120.983494, 45.648358], [-120.985525, 45.64877], [-121.00737, 45.653197], [-121.033823, 45.650963], [-121.06446, 45.652491], [-121.084863, 45.647932], [-121.12011, 45.623165], [-121.118784, 45.62092], [-121.118625, 45.620651], [-121.118271, 45.620054], [-121.117177, 45.618201], [-121.120159, 45.616989], [-121.121107, 45.616603], [-121.121994, 45.616242], [-121.123695, 45.615211], [-121.123869, 45.615094], [-121.124117, 45.614927], [-121.124643, 45.614574], [-121.127734, 45.612502], [-121.129217, 45.611506], [-121.131833, 45.609753], [-121.139386, 45.612045], [-121.140575, 45.611258], [-121.145583, 45.607945], [-121.167852, 45.606098], [-121.170475, 45.606154], [-121.179426, 45.606353], [-121.183684, 45.60645], [-121.196459, 45.61661], [-121.196061, 45.620651], [-121.195184, 45.629561], [-121.196584, 45.635056], [-121.199865, 45.647931], [-121.200351, 45.649839], [-121.215768, 45.671228], [-121.248962, 45.677756], [-121.287296, 45.686867], [-121.312296, 45.699839], [-121.337712, 45.704839], [-121.365466, 45.703402], [-121.372573, 45.703033], [-121.40174, 45.692893], [-121.423962, 45.694074], [-121.441229, 45.69728], [-121.441166, 45.692798], [-121.441155, 45.692135], [-121.441153, 45.691992], [-121.441149, 45.691658], [-121.4411, 45.688165], [-121.441019, 45.677571], [-121.441241, 45.670566], [-121.441238, 45.668855], [-121.441189, 45.649906], [-121.44145, 45.639349], [-121.441153, 45.635399], [-121.441489, 45.635401], [-121.441138, 45.631813], [-121.441071, 45.614389], [-121.441051, 45.606495], [-121.441719, 45.592584], [-121.441148, 45.574583], [-121.441135, 45.574299], [-121.440638, 45.563454], [-121.440506, 45.557146], [-121.440493, 45.553758], [-121.440542, 45.539979], [-121.440551, 45.53276], [-121.440599, 45.526179], [-121.440618, 45.523589], [-121.440642, 45.520065], [-121.441642, 45.519393], [-121.447278, 45.519416], [-121.482168, 45.519604], [-121.481985, 45.51356], [-121.481753, 45.505055], [-121.481782, 45.496448], [-121.481813, 45.490679], [-121.482056, 45.482753], [-121.481798, 45.475675], [-121.481784, 45.471347], [-121.481741, 45.457905], [-121.481708, 45.445577], [-121.481711, 45.442985], [-121.481719, 45.435496], [-121.481797, 45.406256], [-121.481798, 45.403625], [-121.481801, 45.399899], [-121.481811, 45.388675], [-121.481518, 45.354643], [-121.481488, 45.351309], [-121.481441, 45.34583], [-121.480866, 45.332664], [-121.480852, 45.332249], [-121.480722, 45.328877], [-121.480159, 45.315542], [-121.480817, 45.301339], [-121.480879, 45.294275], [-121.480581, 45.290202], [-121.480348, 45.287031], [-121.480494, 45.283069], [-121.480609, 45.279032], [-121.48061, 45.278383], [-121.480617, 45.272711], [-121.481088, 45.267314], [-121.481888, 45.258128], [-121.490492, 45.258149], [-121.501795, 45.258203], [-121.512815, 45.25805], [-121.534555, 45.25804], [-121.543029, 45.258061], [-121.553853, 45.257821], [-121.558882, 45.257789], [-121.563079, 45.257762], [-121.583735, 45.257881], [-121.586084, 45.257848], [-121.589888, 45.257796], [-121.606261, 45.257555], [-121.609438, 45.257487], [-121.614577, 45.257377], [-121.62188, 45.257633], [-121.62807, 45.257833], [-121.635917, 45.258059], [-121.668208, 45.258033], [-121.669442, 45.258027], [-121.696479, 45.25792], [-121.696411, 45.255359], [-121.691878, 45.254141], [-121.689261, 45.251348], [-121.687538, 45.250851], [-121.685622, 45.251166], [-121.682111, 45.250941], [-121.680898, 45.250581], [-121.682463, 45.247204], [-121.681537, 45.243495], [-121.684793, 45.240067], [-121.685304, 45.235873], [-121.686261, 45.234701], [-121.686262, 45.233301], [-121.684475, 45.230368], [-121.68256, 45.228928], [-121.685082, 45.228409], [-121.689772, 45.22965], [-121.691112, 45.229558], [-121.697256, 45.227604], [-121.698375, 45.226448], [-121.69945, 45.224054], [-121.703592, 45.2233], [-121.705971, 45.221466], [-121.709251, 45.21998], [-121.710517, 45.21847], [-121.711275, 45.215347], [-121.712953, 45.212368], [-121.714637, 45.211232], [-121.716722, 45.211031], [-121.719697, 45.211691], [-121.722558, 45.211957], [-121.727341, 45.212044], [-121.73048, 45.211543], [-121.73492, 45.208963], [-121.736292, 45.206919], [-121.738512, 45.206156], [-121.741175, 45.206788], [-121.74687, 45.205997], [-121.748485, 45.20444], [-121.748637, 45.200926], [-121.749061, 45.197559], [-121.748649, 45.1918], [-121.747973, 45.188995], [-121.746454, 45.18635], [-121.743454, 45.183795], [-121.740329, 45.182227], [-121.738794, 45.180374], [-121.738, 45.178191], [-121.736506, 45.176313], [-121.733403, 45.174913], [-121.732263, 45.173088], [-121.732018, 45.170913], [-121.731438, 45.170633], [-121.732897, 45.168846], [-121.736163, 45.167187], [-121.73753, 45.167404], [-121.739616, 45.16946], [-121.740704, 45.171005], [-121.742679, 45.169216], [-121.74527, 45.167471], [-121.747337, 45.166924], [-121.7486, 45.164789], [-121.748283, 45.161946], [-121.74771, 45.160661], [-121.745173, 45.158127], [-121.74478, 45.157129], [-121.742865, 45.149196], [-121.741103, 45.147018], [-121.739259, 45.145902], [-121.730882, 45.143035], [-121.729928, 45.142534], [-121.723212, 45.136982], [-121.723342, 45.135804], [-121.725666, 45.122612], [-121.727944, 45.108885], [-121.729134, 45.101957], [-121.729413, 45.100875], [-121.729714, 45.099306], [-121.732096, 45.085203], [-121.738224, 45.050801], [-121.735415, 45.048845], [-121.734782, 45.04775], [-121.734628, 45.045727], [-121.739081, 45.045444], [-121.740994, 45.034428], [-121.741376, 45.034422], [-121.744103, 45.03385], [-121.749443, 45.034098], [-121.751454, 45.034836], [-121.752152, 45.036162], [-121.755915, 45.037218], [-121.757936, 45.037411], [-121.760406, 45.03818], [-121.766495, 45.03958], [-121.768822, 45.039886], [-121.77149, 45.039657], [-121.774287, 45.038548], [-121.77739, 45.037826], [-121.777937, 45.037744], [-121.778672, 45.037277], [-121.779906, 45.035136], [-121.781727, 45.034399], [-121.78183, 45.033698], [-121.779672, 45.031646], [-121.779132, 45.030126], [-121.778803, 45.026237], [-121.779177, 45.024906], [-121.781121, 45.021486], [-121.781588, 45.018144], [-121.781098, 45.016312], [-121.78147, 45.015411], [-121.784556, 45.015132], [-121.788805, 45.016028], [-121.79164, 45.017244], [-121.793219, 45.017471], [-121.798154, 45.01615], [-121.80044, 45.015183], [-121.804426, 45.012877], [-121.805269, 45.011496], [-121.805667, 45.006124], [-121.804406, 45.002217], [-121.803163, 44.999614], [-121.802547, 44.995386], [-121.802831, 44.993375], [-121.803471, 44.992173], [-121.802935, 44.987321], [-121.802465, 44.984946], [-121.801623, 44.982743], [-121.802626, 44.981021], [-121.803345, 44.977103], [-121.800131, 44.976452], [-121.798684, 44.974963], [-121.798502, 44.973167], [-121.79603, 44.970487], [-121.794783, 44.964926], [-121.793754, 44.962385], [-121.792475, 44.959666], [-121.792162, 44.95786], [-121.791112, 44.956569], [-121.787787, 44.95477], [-121.786147, 44.952248], [-121.785593, 44.950377], [-121.785612, 44.947412], [-121.786735, 44.945223], [-121.790661, 44.941371], [-121.793893, 44.939213], [-121.796127, 44.937426], [-121.79511, 44.935668], [-121.791436, 44.934809], [-121.789703, 44.934682], [-121.787028, 44.935457], [-121.78285, 44.935654], [-121.780485, 44.935185], [-121.77977, 44.935153], [-121.779208, 44.935381], [-121.77874, 44.935688], [-121.778559, 44.935901], [-121.777156, 44.936857], [-121.773775, 44.938213], [-121.772236, 44.93984], [-121.766527, 44.941721], [-121.763319, 44.94171], [-121.761613, 44.940334], [-121.760379, 44.938447], [-121.754124, 44.932036], [-121.752417, 44.93057], [-121.761271, 44.910965], [-121.762318, 44.90499], [-121.765086, 44.888183], [-121.765322, 44.885719], [-121.766567, 44.872899], [-121.769433, 44.856577], [-121.77117, 44.846719], [-121.771895, 44.842658], [-121.774451, 44.83335], [-121.775926, 44.819846], [-121.781753, 44.818958], [-121.784944, 44.81715], [-121.787132, 44.815469], [-121.790388, 44.815368], [-121.790868, 44.813884], [-121.792116, 44.813004], [-121.795129, 44.812656], [-121.796409, 44.812002], [-121.803883, 44.81217], [-121.807844, 44.81169], [-121.808847, 44.810805], [-121.811952, 44.811081], [-121.811363, 44.807869], [-121.810174, 44.806377], [-121.810667, 44.8058], [-121.813063, 44.805407], [-121.813663, 44.80399], [-121.814626, 44.804065], [-121.816998, 44.803173], [-121.818769, 44.801234], [-121.820278, 44.800134], [-121.819663, 44.795847], [-121.820254, 44.79466], [-121.817693, 44.793037], [-121.816245, 44.792502], [-121.818099, 44.790386], [-121.819137, 44.7898], [-121.818681, 44.788324], [-121.817413, 44.786906], [-121.814807, 44.784878], [-121.813655, 44.784404], [-121.81183, 44.781453], [-121.810407, 44.782222], [-121.809166, 44.781618], [-121.80762, 44.782159], [-121.806653, 44.780597], [-121.804304, 44.779078], [-121.804413, 44.777548], [-121.801536, 44.779277], [-121.799934, 44.778804], [-121.796831, 44.776675], [-121.796053, 44.774653], [-121.796515, 44.773382], [-121.795963, 44.772848], [-121.791301, 44.772309], [-121.789999, 44.773281], [-121.784961, 44.771856], [-121.783621, 44.772641], [-121.787418, 44.765075], [-121.78759, 44.763942], [-121.788365, 44.756369], [-121.788524, 44.747923], [-121.791661, 44.746261], [-121.792298, 44.744269], [-121.795075, 44.741882], [-121.797222, 44.738266], [-121.799765, 44.73632], [-121.800219, 44.735456], [-121.800005, 44.733439], [-121.799463, 44.732704], [-121.802779, 44.730793], [-121.804694, 44.729169], [-121.802907, 44.729036], [-121.796778, 44.727095], [-121.794385, 44.725896], [-121.795792, 44.724494], [-121.796093, 44.722525], [-121.79528, 44.72052], [-121.796162, 44.718252], [-121.795892, 44.71582], [-121.797653, 44.714009], [-121.802109, 44.711741], [-121.803037, 44.710123], [-121.801811, 44.707761], [-121.800965, 44.703863], [-121.799724, 44.70231], [-121.79751, 44.700602], [-121.79626, 44.699003], [-121.796635, 44.698304], [-121.795481, 44.69753], [-121.793604, 44.696291], [-121.793329, 44.6946], [-121.791511, 44.694108], [-121.790022, 44.6928], [-121.788944, 44.690417], [-121.787395, 44.690323], [-121.787179, 44.689291], [-121.788859, 44.687063], [-121.79003, 44.686334], [-121.793238, 44.685153], [-121.794599, 44.683929], [-121.799562, 44.683915], [-121.800015, 44.683425], [-121.800402, 44.683013], [-121.800929, 44.67856], [-121.799675, 44.676467], [-121.799241, 44.672991], [-121.800345, 44.671413], [-121.800936, 44.665891], [-121.800563, 44.663489], [-121.801813, 44.659877], [-121.800652, 44.656659], [-121.798296, 44.654228], [-121.799036, 44.652762], [-121.797993, 44.650642], [-121.797622, 44.649507], [-121.797991, 44.64721], [-121.799566, 44.646223], [-121.799432, 44.643578], [-121.797945, 44.640313], [-121.800054, 44.639156], [-121.801352, 44.637365], [-121.80273, 44.63719], [-121.802244, 44.636033], [-121.80419, 44.633771], [-121.805488, 44.63302], [-121.805763, 44.631081], [-121.808206, 44.628211], [-121.807491, 44.623723], [-121.80941, 44.622239], [-121.810189, 44.617967], [-121.811566, 44.615767], [-121.81069, 44.61439], [-121.806559, 44.613731], [-121.805405, 44.61293], [-121.804756, 44.611599], [-121.802325, 44.610439], [-121.802162, 44.608412], [-121.800331, 44.606225], [-121.798691, 44.604806], [-121.800926, 44.603152], [-121.800946, 44.601584], [-121.800216, 44.600249], [-121.795192, 44.597702], [-121.795273, 44.596546], [-121.793895, 44.594056], [-121.79518, 44.592814], [-121.796859, 44.588985], [-121.798363, 44.582152], [-121.799965, 44.581321], [-121.799081, 44.579193], [-121.800051, 44.576399], [-121.799163, 44.57422], [-121.79921, 44.573115], [-121.800617, 44.572228], [-121.801265, 44.570839], [-121.800708, 44.567833], [-121.801798, 44.566362], [-121.803133, 44.564929], [-121.802908, 44.563212], [-121.802093, 44.562017], [-121.802801, 44.559782], [-121.803286, 44.555321], [-121.804825, 44.553353], [-121.807092, 44.551851], [-121.807335, 44.551039], [-121.806817, 44.548444], [-121.807657, 44.546928], [-121.811331, 44.545235], [-121.813604, 44.54353], [-121.8138, 44.541745], [-121.815832, 44.539172], [-121.816317, 44.537376], [-121.816073, 44.534596], [-121.813482, 44.531585], [-121.812672, 44.529501], [-121.812509, 44.527784], [-121.813074, 44.525157], [-121.811212, 44.519831], [-121.809419, 44.517546], [-121.809045, 44.516279], [-121.809865, 44.513812], [-121.814698, 44.513325], [-121.815638, 44.512108], [-121.818283, 44.512981], [-121.819453, 44.512045], [-121.823104, 44.511203], [-121.824155, 44.510048], [-121.824802, 44.507962], [-121.82561, 44.50698], [-121.829007, 44.504256], [-121.832405, 44.502985], [-121.834668, 44.499335], [-121.839796, 44.495385], [-121.843914, 44.492775], [-121.844861, 44.491746], [-121.84688, 44.49109], [-121.847359, 44.488942], [-121.848875, 44.486706], [-121.84938, 44.484523], [-121.847034, 44.483275], [-121.845971, 44.483372], [-121.844366, 44.481512], [-121.843049, 44.479035], [-121.843415, 44.47727], [-121.844256, 44.475957], [-121.844453, 44.473565], [-121.844113, 44.471442], [-121.847093, 44.470459], [-121.848793, 44.469405], [-121.849512, 44.468364], [-121.849462, 44.466672], [-121.847634, 44.464364], [-121.847291, 44.462899], [-121.848791, 44.461925], [-121.848139, 44.459549], [-121.848677, 44.458411], [-121.847434, 44.455623], [-121.847502, 44.454743], [-121.844408, 44.451388], [-121.84291, 44.447288], [-121.841128, 44.444912], [-121.841616, 44.44375], [-121.841535, 44.441974], [-121.844711, 44.437707], [-121.846615, 44.433879], [-121.846191, 44.431791], [-121.847578, 44.430542], [-121.847561, 44.428753], [-121.845745, 44.426582], [-121.84552, 44.424733], [-121.843164, 44.425233], [-121.840299, 44.425176], [-121.835491, 44.423878], [-121.833069, 44.422764], [-121.829744, 44.423449], [-121.827097, 44.42341], [-121.824545, 44.424496], [-121.821523, 44.425322], [-121.819338, 44.425308], [-121.815735, 44.424465], [-121.810703, 44.42436], [-121.805616, 44.423192], [-121.80354, 44.423102], [-121.801616, 44.423779], [-121.799954, 44.42388], [-121.795602, 44.423224], [-121.793191, 44.422619], [-121.789307, 44.42068], [-121.785204, 44.419494], [-121.781508, 44.41871], [-121.779338, 44.418593], [-121.77408, 44.418872], [-121.767182, 44.418419], [-121.764939, 44.418508], [-121.760226, 44.420257], [-121.752065, 44.422584], [-121.738431, 44.425588], [-121.733803, 44.427227], [-121.730035, 44.428125], [-121.725394, 44.428345], [-121.720718, 44.428529], [-121.715488, 44.429791], [-121.712956, 44.42928], [-121.707144, 44.423782], [-121.700144, 44.416898], [-121.683176, 44.400418], [-121.679463, 44.396826], [-121.678255, 44.39568], [-121.674928, 44.393387], [-121.673699, 44.393383], [-121.662656, 44.393239], [-121.658785, 44.393175], [-121.65613, 44.393089], [-121.650007, 44.39289], [-121.636001, 44.392413], [-121.622501, 44.392425], [-121.619078, 44.392433], [-121.608296, 44.392486], [-121.606603, 44.392491], [-121.596883, 44.392578], [-121.59406, 44.392603], [-121.59326, 44.392612], [-121.580797, 44.392762], [-121.578291, 44.392791], [-121.569472, 44.392894], [-121.554116, 44.393077], [-121.533117, 44.393184], [-121.520334, 44.393252], [-121.514991, 44.393281], [-121.493674, 44.393251], [-121.473293, 44.393464], [-121.470699, 44.393445], [-121.46999, 44.39344], [-121.437727, 44.393244], [-121.434137, 44.393216], [-121.426195, 44.393197], [-121.405495, 44.393153], [-121.384134, 44.393035], [-121.362076, 44.392931], [-121.350405, 44.392802], [-121.341894, 44.392812], [-121.331599, 44.392791], [-121.291112, 44.392893], [-121.287948, 44.392914], [-121.283916, 44.392943], [-121.270999, 44.392995], [-121.250619, 44.392924], [-121.242113, 44.392954], [-121.240061, 44.393034], [-121.234505, 44.393066], [-121.230586, 44.393045], [-121.230354, 44.393045], [-121.2293, 44.393036], [-121.229289, 44.390646], [-121.226953, 44.390709], [-121.223002, 44.390708], [-121.221269, 44.390659], [-121.199971, 44.390631], [-121.1954, 44.390627], [-121.191338, 44.390623], [-121.189792, 44.390621], [-121.184484, 44.390618], [-121.177781, 44.390626], [-121.167035, 44.39056], [-121.158884, 44.390622], [-121.149644, 44.390647], [-121.130934, 44.390635], [-121.121289, 44.390625], [-121.107534, 44.3906], [-121.107566, 44.380408], [-121.107987, 44.363497], [-121.107987, 44.363228], [-121.107983, 44.360425], [-121.107976, 44.355866], [-121.107974, 44.354561], [-121.107965, 44.348902], [-121.10795, 44.340047], [-121.107972, 44.33272], [-121.108065, 44.32718], [-121.108006, 44.324714], [-121.107888, 44.320349], [-121.108148, 44.305588], [-121.108176, 44.298414], [-121.108266, 44.276157], [-121.108335, 44.26204], [-121.108487, 44.231493], [-121.108537, 44.218519], [-121.102938, 44.218487], [-121.102832, 44.210223], [-121.102883, 44.20241], [-121.102849, 44.185596], [-121.102792, 44.171689], [-121.102791, 44.17139], [-121.102781, 44.169238], [-121.10679, 44.16817], [-121.10713, 44.168371], [-121.114209, 44.16355], [-121.116904, 44.160206], [-121.121759, 44.160026], [-121.124542, 44.161383], [-121.126133, 44.161701], [-121.127289, 44.160704], [-121.130303, 44.159313], [-121.13214, 44.159808], [-121.136549, 44.159597], [-121.140115, 44.159829], [-121.142307, 44.160367], [-121.143273, 44.159764], [-121.14508, 44.16009], [-121.147012, 44.159806], [-121.155364, 44.159849], [-121.160539, 44.159735], [-121.161425, 44.160407], [-121.165335, 44.15956], [-121.1683, 44.159868], [-121.173741, 44.159568], [-121.174797, 44.15833], [-121.177926, 44.15706], [-121.180123, 44.155763], [-121.181722, 44.154347], [-121.18874, 44.149067], [-121.193507, 44.143256], [-121.197535, 44.14008], [-121.199923, 44.137163], [-121.202227, 44.135078], [-121.203615, 44.133375], [-121.205524, 44.128903], [-121.20836, 44.124638], [-121.212717, 44.121881], [-121.216246, 44.118839], [-121.220786, 44.118278], [-121.224489, 44.118387], [-121.22633, 44.109483], [-121.22624, 44.109483], [-121.226922, 44.106039], [-121.229498, 44.094671], [-121.243502, 44.094738], [-121.243547, 44.087501], [-121.251577, 44.087484], [-121.25362, 44.087483], [-121.253655, 44.086278], [-121.253657, 44.085591], [-121.253659, 44.084916], [-121.253659, 44.084742], [-121.253661, 44.084242], [-121.253653, 44.082512], [-121.253656, 44.081568], [-121.25367, 44.079357], [-121.253689, 44.076664], [-121.253695, 44.076049], [-121.253706, 44.075497], [-121.254355, 44.075498], [-121.254372, 44.074787], [-121.254377, 44.074072], [-121.254389, 44.073493], [-121.253695, 44.073566], [-121.253722, 44.068164], [-121.253725, 44.067495], [-121.253716, 44.06576], [-121.253179, 44.06576], [-121.253221, 44.065285], [-121.253221, 44.064584], [-121.253215, 44.063881], [-121.25326, 44.062162], [-121.253617, 44.062164], [-121.253565, 44.057229], [-121.253529, 44.054866], [-121.253507, 44.053363], [-121.253477, 44.051377], [-121.243454, 44.051287], [-121.243462, 44.050128], [-121.24348, 44.048075], [-121.243502, 44.045235], [-121.243526, 44.044131], [-121.243551, 44.042928], [-121.24356, 44.042464], [-121.243561, 44.040346], [-121.243614, 44.036848], [-121.242714, 44.036854], [-121.242709, 44.035911], [-121.243789, 44.035823], [-121.244795, 44.032485], [-121.244508, 44.030359], [-121.243684, 44.029627], [-121.24371, 44.015297], [-121.243935, 44.01361], [-121.243747, 44.007762], [-121.251686, 44.00789], [-121.255521, 44.008343], [-121.259294, 44.009876], [-121.260817, 44.008501], [-121.262867, 44.007975], [-121.274247, 44.007965], [-121.274207, 44.009784], [-121.275386, 44.010813], [-121.276595, 44.009998], [-121.276579, 44.011596], [-121.284103, 44.011583], [-121.284095, 44.007972], [-121.289146, 44.008001], [-121.291727, 44.007682], [-121.292877, 44.006993], [-121.292525, 44.005122], [-121.294064, 44.005102], [-121.294107, 44.000654], [-121.302051, 44.0006], [-121.302117, 44.000675], [-121.30249, 44.001038], [-121.303555, 44.00046], [-121.305371, 43.999846], [-121.310613, 43.999739], [-121.312515, 43.99919], [-121.314915, 43.998016], [-121.318976, 43.996673], [-121.321399, 43.995298], [-121.32342, 43.996347], [-121.324609, 43.996291], [-121.326057, 43.99534], [-121.326077, 43.994286], [-121.328296, 43.99105], [-121.329146, 43.9911], [-121.334113, 43.963153], [-121.336197, 43.962683], [-121.338579, 43.96296], [-121.341601, 43.962917], [-121.342778, 43.962402], [-121.34507, 43.962695], [-121.347702, 43.962277], [-121.351478, 43.937661], [-121.352589, 43.93035], [-121.352277, 43.925986], [-121.349644, 43.918724], [-121.349443, 43.917], [-121.349999, 43.914198], [-121.350846, 43.912667], [-121.353015, 43.910361], [-121.354951, 43.908935], [-121.357872, 43.908833], [-121.356744, 43.907607], [-121.363715, 43.902548], [-121.381187, 43.889666], [-121.395115, 43.879399], [-121.399125, 43.875485], [-121.403235, 43.869722], [-121.402668, 43.86952], [-121.398442, 43.867726], [-121.408396, 43.857055], [-121.411085, 43.853945], [-121.411273, 43.853923], [-121.416891, 43.847852], [-121.417897, 43.847095], [-121.418724, 43.845222], [-121.421442, 43.842926], [-121.421844, 43.838358], [-121.422202, 43.837541], [-121.42223, 43.83748], [-121.423216, 43.837391], [-121.424889, 43.833541], [-121.428031, 43.828137], [-121.428877, 43.819474], [-121.44424, 43.819458], [-121.444215, 43.819527], [-121.44606, 43.819511], [-121.4502, 43.820386], [-121.451427, 43.820338], [-121.453613, 43.819574], [-121.461359, 43.819442], [-121.462667, 43.81942], [-121.462675, 43.819576], [-121.462673, 43.821149], [-121.462681, 43.822742], [-121.462689, 43.824328], [-121.462671, 43.825801], [-121.462116, 43.827482], [-121.457629, 43.827471], [-121.457623, 43.829064], [-121.457628, 43.830666], [-121.457623, 43.832257], [-121.457623, 43.833828], [-121.457625, 43.834704], [-121.455628, 43.834713], [-121.455641, 43.83609], [-121.455641, 43.837473], [-121.457621, 43.83675], [-121.459272, 43.83675], [-121.462646, 43.83596], [-121.462805, 43.838033], [-121.460962, 43.837387], [-121.460524, 43.83793], [-121.461105, 43.839531], [-121.462102, 43.840292], [-121.465216, 43.841739], [-121.466432, 43.84329], [-121.466008, 43.846021], [-121.465483, 43.8466], [-121.462954, 43.846962], [-121.460523, 43.846002], [-121.458998, 43.846202], [-121.45764, 43.846998], [-121.456716, 43.848539], [-121.457024, 43.850164], [-121.457754, 43.850871], [-121.460055, 43.851789], [-121.460163, 43.852677], [-121.459045, 43.853275], [-121.454685, 43.853396], [-121.45331, 43.85453], [-121.457483, 43.856508], [-121.457737, 43.857092], [-121.457025, 43.859482], [-121.455845, 43.861091], [-121.452513, 43.862599], [-121.452062, 43.863143], [-121.456186, 43.863021], [-121.457281, 43.861695], [-121.458519, 43.859863], [-121.458744, 43.858403], [-121.459096, 43.857029], [-121.457933, 43.855336], [-121.458094, 43.854593], [-121.461075, 43.855301], [-121.46623, 43.855311], [-121.466586, 43.856833], [-121.466608, 43.858375], [-121.475235, 43.85832], [-121.484369, 43.858262], [-121.485872, 43.856882], [-121.488834, 43.851348], [-121.488225, 43.849192], [-121.488385, 43.847777], [-121.490035, 43.845815], [-121.491208, 43.845435], [-121.494231, 43.845397], [-121.495652, 43.8457], [-121.498148, 43.845186], [-121.501243, 43.843493], [-121.504566, 43.842215], [-121.506737, 43.839577], [-121.508207, 43.838889], [-121.510123, 43.840858], [-121.512638, 43.842946], [-121.514439, 43.846529], [-121.514601, 43.848217], [-121.517207, 43.851208], [-121.518588, 43.853684], [-121.519156, 43.855502], [-121.520294, 43.856702], [-121.523051, 43.855508], [-121.537684, 43.851474], [-121.554848, 43.84717], [-121.555651, 43.846869], [-121.569105, 43.840296], [-121.574537, 43.836519], [-121.5814, 43.838798], [-121.588605, 43.84113], [-121.594344, 43.837529], [-121.59665, 43.836545], [-121.59548, 43.833665], [-121.59551, 43.832697], [-121.597083, 43.829608], [-121.600171, 43.826007], [-121.602209, 43.825974], [-121.606102, 43.826363], [-121.610382, 43.828156], [-121.615818, 43.829272], [-121.62049, 43.829974], [-121.625096, 43.831652], [-121.633829, 43.832574], [-121.636991, 43.833453], [-121.639261, 43.833275], [-121.644026, 43.832179], [-121.648274, 43.830203], [-121.650483, 43.829877], [-121.653036, 43.830311], [-121.655816, 43.830488], [-121.661535, 43.831379], [-121.670761, 43.834318], [-121.671811, 43.834318], [-121.682438, 43.83142], [-121.684332, 43.830695], [-121.685866, 43.830124], [-121.689072, 43.828698], [-121.690923, 43.826986], [-121.692427, 43.826692], [-121.697749, 43.826382], [-121.702215, 43.826484], [-121.705093, 43.827804], [-121.709875, 43.829118], [-121.71163, 43.830312], [-121.715188, 43.831188], [-121.718699, 43.830597], [-121.719791, 43.830995], [-121.723241, 43.833405], [-121.724958, 43.834203], [-121.726282, 43.835604], [-121.727479, 43.836137], [-121.729957, 43.835927], [-121.732322, 43.834098], [-121.734994, 43.8331], [-121.745483, 43.829288], [-121.746532, 43.829121], [-121.772297, 43.827848], [-121.773432, 43.827785], [-121.77644, 43.827623], [-121.785026, 43.827172], [-121.792754, 43.826727], [-121.79271, 43.826766], [-121.797233, 43.826521], [-121.80706, 43.823947], [-121.809874, 43.822755], [-121.812854, 43.821384], [-121.816861, 43.820593], [-121.82033, 43.819306], [-121.821616, 43.818699], [-121.826754, 43.815783], [-121.838241, 43.810796], [-121.849123, 43.80627], [-121.853471, 43.804511], [-121.856765, 43.804937], [-121.858163, 43.804656], [-121.861289, 43.802917], [-121.860242, 43.802293], [-121.860904, 43.801799], [-121.861449, 43.801886], [-121.862412, 43.802361], [-121.862709, 43.802916], [-121.865578, 43.803295], [-121.868798, 43.804687], [-121.873703, 43.805186], [-121.875038, 43.804578], [-121.877479, 43.804989], [-121.879807, 43.804913], [-121.883011, 43.806277], [-121.88443, 43.804724], [-121.8834, 43.803453], [-121.880982, 43.801944], [-121.87879, 43.799896], [-121.878911, 43.799909], [-121.879415, 43.799097], [-121.879795, 43.798804], [-121.881173, 43.798671], [-121.882079, 43.798389], [-121.883173, 43.798163], [-121.883872, 43.797538], [-121.884451, 43.797455], [-121.885746, 43.79793], [-121.886766, 43.797998], [-121.890767, 43.797003], [-121.891359, 43.796631], [-121.892174, 43.796377], [-121.892786, 43.795824], [-121.893527, 43.795375], [-121.895275, 43.794772], [-121.896052, 43.794399], [-121.897573, 43.794952], [-121.898851, 43.794308], [-121.900595, 43.794466], [-121.902726, 43.794096], [-121.904285, 43.794395], [-121.906073, 43.795332], [-121.909156, 43.795806], [-121.912788, 43.794714], [-121.914334, 43.795623], [-121.919655, 43.796137], [-121.920092, 43.796983], [-121.922623, 43.798228], [-121.925557, 43.798657], [-121.927505, 43.800624], [-121.927988, 43.801819], [-121.929014, 43.80212], [-121.931155, 43.804229], [-121.933942, 43.804818], [-121.937558, 43.8046], [-121.94196, 43.804939], [-121.945102, 43.804601], [-121.950555, 43.806483], [-121.951018, 43.807533], [-121.952851, 43.808004], [-121.955054, 43.8091], [-121.957109, 43.808788], [-121.959149, 43.809018], [-121.962739, 43.807995], [-121.964537, 43.808235], [-121.964924, 43.805798], [-121.964404, 43.803954], [-121.966654, 43.801924], [-121.968382, 43.800984], [-121.967348, 43.795743], [-121.967157, 43.793313], [-121.967844, 43.791207], [-121.96739, 43.78699], [-121.966186, 43.784709], [-121.964026, 43.782628], [-121.960507, 43.78124], [-121.962544, 43.77872], [-121.96538, 43.777706], [-121.967344, 43.776427], [-121.968894, 43.774753], [-121.969131, 43.771392], [-121.969609, 43.769542], [-121.969048, 43.76734], [-121.965522, 43.765176], [-121.960876, 43.763918], [-121.962098, 43.763537], [-121.964667, 43.761344], [-121.967095, 43.759699], [-121.968164, 43.757767], [-121.970119, 43.756832], [-121.971991, 43.752983], [-121.970437, 43.750748], [-121.974141, 43.750364], [-121.97481, 43.748039], [-121.975677, 43.746965], [-121.981168, 43.743368], [-121.981007, 43.741516], [-121.979648, 43.739082], [-121.978289, 43.737692], [-121.975173, 43.735841], [-121.975571, 43.733585], [-121.973689, 43.730635], [-121.975456, 43.729102], [-121.977949, 43.725444], [-121.978262, 43.724446], [-121.977, 43.722386], [-121.975842, 43.721911], [-121.973588, 43.7176], [-121.973125, 43.715821], [-121.974629, 43.714027], [-121.975179, 43.710661], [-121.974607, 43.708584], [-121.973498, 43.706227], [-121.971795, 43.705008], [-121.968286, 43.704703], [-121.967179, 43.704254], [-121.966917, 43.702821], [-121.967826, 43.701406], [-121.972422, 43.69714], [-121.973084, 43.695848], [-121.972889, 43.692868], [-121.973488, 43.691409], [-121.976117, 43.690301], [-121.978224, 43.688021], [-121.979573, 43.683766], [-121.979319, 43.680825], [-121.980832, 43.676079], [-121.980605, 43.674749], [-121.981099, 43.673038], [-121.983119, 43.670143], [-121.98475, 43.667019], [-121.984519, 43.665708], [-121.985716, 43.66425], [-121.986267, 43.661708], [-121.985717, 43.656292], [-121.987071, 43.654436], [-121.985633, 43.652527], [-121.983788, 43.648179], [-121.982442, 43.644379], [-121.980619, 43.64254], [-121.980509, 43.639685], [-121.978135, 43.637181], [-121.974541, 43.635627], [-121.973742, 43.633715], [-121.972147, 43.631689], [-121.969516, 43.629837], [-121.968358, 43.627719], [-121.9657, 43.62779], [-121.964918, 43.627045], [-121.966352, 43.627034], [-121.968364, 43.626385], [-121.977014, 43.625796], [-121.981146, 43.625894], [-121.98666, 43.625632], [-121.99214, 43.625893], [-121.995526, 43.626937], [-121.997755, 43.62704], [-122.000462, 43.625944], [-122.001623, 43.622528], [-122.001865, 43.620968], [-122.001944, 43.616414], [-122.002362, 43.615498], [-122.003068, 43.614657], [-122.006578, 43.612401], [-122.007728, 43.611347], [-122.010965, 43.609274], [-122.013037, 43.609162], [-122.016941, 43.609916], [-122.018191, 43.608182], [-122.020002, 43.606611], [-122.026748, 43.604822], [-122.02914, 43.603609], [-122.034958, 43.602452], [-122.035993, 43.601758], [-122.039201, 43.601578], [-122.04094, 43.600817], [-122.042529, 43.599211], [-122.046115, 43.597823], [-122.047708, 43.597881], [-122.049781, 43.594581], [-122.053433, 43.59338], [-122.055677, 43.592149], [-122.056872, 43.59192], [-122.059263, 43.590297], [-122.061334, 43.589719], [-122.062848, 43.588156], [-122.064361, 43.587403], [-122.066432, 43.587343], [-122.067707, 43.58775], [-122.071531, 43.58775], [-122.072009, 43.587402], [-122.072724, 43.584945], [-122.07081, 43.582796], [-122.070284, 43.581616], [-122.07137, 43.580514], [-122.071291, 43.579585], [-122.073043, 43.579357], [-122.076149, 43.579643], [-122.078379, 43.577964], [-122.080848, 43.577326], [-122.0826, 43.577615], [-122.086742, 43.579584], [-122.092318, 43.579642], [-122.093513, 43.579215], [-122.094982, 43.576825], [-122.094779, 43.575654], [-122.096613, 43.574618], [-122.099228, 43.574987], [-122.103544, 43.574486], [-122.105215, 43.572977], [-122.106566, 43.569273], [-122.10752, 43.568403], [-122.109553, 43.567709], [-122.109766, 43.566232], [-122.110753, 43.565274], [-122.112224, 43.56549], [-122.115558, 43.563423], [-122.116677, 43.562447], [-122.121859, 43.56194], [-122.124336, 43.561938], [-122.125264, 43.55993], [-122.12716, 43.558293], [-122.129193, 43.557376], [-122.131009, 43.557284], [-122.131616, 43.55495], [-122.133128, 43.553278], [-122.133674, 43.551491], [-122.135109, 43.549437], [-122.134632, 43.549045], [-122.135389, 43.546415], [-122.136604, 43.545221], [-122.136349, 43.544544], [-122.138746, 43.543161], [-122.139145, 43.541944], [-122.140828, 43.540482], [-122.142867, 43.536971], [-122.142867, 43.535952], [-122.141768, 43.534465], [-122.140082, 43.530775], [-122.140265, 43.529406], [-122.143532, 43.528421], [-122.145271, 43.528359], [-122.146991, 43.525509], [-122.146222, 43.523617], [-122.147807, 43.523017], [-122.14816, 43.52198], [-122.149534, 43.520693], [-122.148688, 43.519057], [-122.147726, 43.515463], [-122.145139, 43.513576], [-122.142355, 43.513285], [-122.138758, 43.511821], [-122.132474, 43.510434], [-122.131583, 43.507323], [-122.129797, 43.505694], [-122.129678, 43.503594], [-122.130579, 43.499774], [-122.128812, 43.497702], [-122.128721, 43.496887], [-122.130529, 43.491969], [-122.133453, 43.491401], [-122.133547, 43.489966], [-122.130937, 43.485057], [-122.131417, 43.483834], [-122.133046, 43.482811], [-122.132853, 43.480858], [-122.133356, 43.479701], [-122.132331, 43.478185], [-122.133099, 43.477044], [-122.132848, 43.476034], [-122.134547, 43.47356], [-122.13445, 43.472069], [-122.135167, 43.470327], [-122.135334, 43.468423], [-122.136871, 43.467445], [-122.138917, 43.467514], [-122.140492, 43.466716], [-122.140106, 43.46535], [-122.140161, 43.463835], [-122.13888, 43.461778], [-122.137364, 43.461777], [-122.136458, 43.460686], [-122.138412, 43.459132], [-122.137966, 43.458544], [-122.138978, 43.456987], [-122.136868, 43.456222], [-122.138621, 43.45514], [-122.145365, 43.45489], [-122.147339, 43.452654], [-122.146301, 43.450923], [-122.148739, 43.449351], [-122.151573, 43.448708], [-122.153016, 43.447571], [-122.149927, 43.444354], [-122.147305, 43.442479], [-122.14421, 43.442832], [-122.14345, 43.444169], [-122.140676, 43.444947], [-122.138814, 43.444501], [-122.13754, 43.443167], [-122.136423, 43.443095], [-122.133361, 43.441341], [-122.132034, 43.440221], [-122.134849, 43.440222], [-122.145238, 43.440222], [-122.152493, 43.440223], [-122.168483, 43.440219], [-122.180163, 43.440218], [-122.18889, 43.440043], [-122.191859, 43.440013], [-122.217043, 43.440011], [-122.235351, 43.440013], [-122.253374, 43.440012], [-122.260353, 43.440011], [-122.270653, 43.440011], [-122.270806, 43.441628], [-122.286795, 43.441625], [-122.295992, 43.441624], [-122.298985, 43.441623], [-122.303542, 43.441633], [-122.304992, 43.441626], [-122.322396, 43.441626], [-122.334671, 43.441631], [-122.35939, 43.441629], [-122.362245, 43.441624], [-122.363047, 43.441624], [-122.364109, 43.441626], [-122.38396, 43.4416], [-122.41033, 43.441552], [-122.423787, 43.441461], [-122.424442, 43.441452], [-122.427935, 43.441433], [-122.447124, 43.44141], [-122.474241, 43.441461], [-122.490469, 43.441481], [-122.508441, 43.441275], [-122.508602, 43.440226], [-122.5153, 43.440236], [-122.522433, 43.440247], [-122.536677, 43.440258], [-122.537766, 43.440259], [-122.543546, 43.440262], [-122.545055, 43.440261], [-122.552281, 43.440263], [-122.56353, 43.44027], [-122.583452, 43.44027], [-122.586789, 43.44027], [-122.603036, 43.440274], [-122.603179, 43.440208], [-122.603296, 43.440182], [-122.604025, 43.440218], [-122.604158, 43.440247], [-122.604234, 43.440276], [-122.604859, 43.440275], [-122.605325, 43.440276], [-122.611785, 43.440273], [-122.616962, 43.440268], [-122.622914, 43.440262], [-122.622946, 43.438458], [-122.632306, 43.438357], [-122.638051, 43.438311], [-122.645639, 43.43824], [-122.646129, 43.438235], [-122.648176, 43.43821], [-122.648523, 43.438206], [-122.650323, 43.438184], [-122.652977, 43.438147], [-122.662552, 43.437934], [-122.677061, 43.437898], [-122.69432, 43.437829], [-122.713236, 43.437597], [-122.722383, 43.437459], [-122.734962, 43.437416], [-122.741716, 43.437395], [-122.741609, 43.442782], [-122.741317, 43.452015], [-122.741564, 43.458545], [-122.741866, 43.466968], [-122.741788, 43.471024], [-122.741782, 43.471325], [-122.741631, 43.481848], [-122.74166, 43.494972], [-122.74166, 43.495305], [-122.741816, 43.511996], [-122.741836, 43.513199], [-122.741914, 43.517582], [-122.744871, 43.517615], [-122.762226, 43.517231], [-122.763089, 43.517736], [-122.765083, 43.517698], [-122.766397, 43.517138], [-122.77419, 43.517039], [-122.778328, 43.517266], [-122.778657, 43.517269], [-122.781976, 43.517227], [-122.807834, 43.517124], [-122.816089, 43.517034], [-122.831078, 43.517198], [-122.856945, 43.517327], [-122.870158, 43.517355], [-122.893316, 43.517426], [-122.893366, 43.50622], [-122.904359, 43.506193], [-122.910727, 43.506252], [-122.910847, 43.504226], [-122.910927, 43.501021], [-122.91096, 43.49972], [-122.911138, 43.49258], [-122.911148, 43.492195], [-122.913535, 43.491465], [-122.91449, 43.491464], [-122.920681, 43.491456], [-122.923123, 43.491466], [-122.923003, 43.487238], [-122.922468, 43.476719], [-122.930531, 43.47635], [-122.93373, 43.476278], [-122.933056, 43.469727], [-122.932398, 43.46176], [-122.932404, 43.461648], [-122.932696, 43.451611], [-122.934931, 43.450699], [-122.935108, 43.450543], [-122.935107, 43.450204], [-122.936, 43.446091], [-122.940421, 43.445062], [-122.947147, 43.443993], [-122.949277, 43.443694], [-122.949292, 43.436592], [-122.9493, 43.432656], [-122.965756, 43.433105], [-122.969249, 43.43348], [-122.969901, 43.42636], [-122.970055, 43.419772], [-122.970074, 43.418938], [-122.970111, 43.417365], [-122.97012, 43.416965], [-122.985438, 43.416842], [-122.987367, 43.416827], [-122.988536, 43.416817], [-122.988556, 43.411398], [-122.988431, 43.401448], [-122.988276, 43.391057], [-122.988199, 43.38768], [-122.990515, 43.387682], [-123.006116, 43.387695], [-123.013501, 43.385181], [-123.013696, 43.385316], [-123.014744, 43.383919], [-123.013568, 43.381886], [-123.015372, 43.381755], [-123.015424, 43.380714], [-123.013216, 43.378578], [-123.012941, 43.377622], [-123.014022, 43.377317], [-123.016337, 43.377972], [-123.016485, 43.376423], [-123.017504, 43.376331], [-123.018718, 43.374453], [-123.018121, 43.373424], [-123.015113, 43.372657], [-123.013039, 43.369935], [-123.012077, 43.369426], [-123.010359, 43.369208], [-123.008965, 43.368142], [-123.009288, 43.367543], [-123.007802, 43.366899], [-123.008351, 43.366358], [-123.006228, 43.365778], [-123.004439, 43.364334], [-123.002953, 43.364567], [-123.000415, 43.364057], [-122.995857, 43.362275], [-122.995675, 43.360239], [-122.993846, 43.359084], [-122.99287, 43.357973], [-122.993736, 43.353038], [-122.993623, 43.349495], [-122.994164, 43.347275], [-122.994848, 43.345572], [-122.994941, 43.343257], [-122.996028, 43.339938], [-122.997864, 43.338395], [-123.0037, 43.337098], [-123.00431, 43.335037], [-123.005023, 43.335196], [-123.007508, 43.335764], [-123.014835, 43.333424], [-123.013349, 43.33197], [-123.01483, 43.329573], [-123.011835, 43.333126], [-123.010841, 43.333562], [-123.008865, 43.333652], [-123.005095, 43.333432], [-123.005372, 43.332595], [-123.002584, 43.332325], [-123.001642, 43.331044], [-123.00195, 43.327991], [-123.00116, 43.326463], [-122.998735, 43.324658], [-122.998572, 43.323863], [-122.993091, 43.323699], [-122.989685, 43.321446], [-122.987723, 43.31999], [-122.984121, 43.319503], [-122.98244, 43.317863], [-122.980689, 43.317336], [-122.975557, 43.317802], [-122.973305, 43.315839], [-122.969442, 43.314643], [-122.966644, 43.313401], [-122.966627, 43.310755], [-122.965116, 43.30855], [-122.9623, 43.307635], [-122.957345, 43.304607], [-122.951625, 43.300735], [-122.94642, 43.298951], [-122.944777, 43.298733], [-122.945902, 43.295349], [-122.947091, 43.292298], [-122.947894, 43.292124], [-122.948768, 43.2926], [-122.95037, 43.291667], [-122.951918, 43.290454], [-122.953353, 43.290558], [-122.955615, 43.289622], [-122.958184, 43.288016], [-122.959522, 43.28789], [-122.962361, 43.28654], [-122.959643, 43.285019], [-122.958784, 43.284967], [-122.961529, 43.283229], [-122.972498, 43.276806], [-122.979076, 43.271203], [-122.981129, 43.269287], [-122.985637, 43.269091], [-122.987179, 43.270484], [-122.987556, 43.269335], [-122.988457, 43.26948], [-122.990017, 43.270804], [-122.991841, 43.268557], [-122.993435, 43.268272], [-122.995448, 43.268333], [-122.997002, 43.268845], [-122.999423, 43.266516], [-123.000496, 43.265986], [-123.002205, 43.267046], [-123.003852, 43.266137], [-123.005134, 43.264475], [-123.010963, 43.262754], [-123.011731, 43.262961], [-123.014344, 43.262138], [-123.015444, 43.262346], [-123.023453, 43.263857], [-123.025246, 43.264223], [-123.032568, 43.265439], [-123.033141, 43.26728], [-123.034004, 43.267972], [-123.037426, 43.269328], [-123.039648, 43.269492], [-123.041529, 43.268752], [-123.043569, 43.268879], [-123.046362, 43.269836], [-123.050019, 43.270706], [-123.055572, 43.271866], [-123.058188, 43.271562], [-123.059228, 43.270537], [-123.061702, 43.269715], [-123.063715, 43.269955], [-123.066442, 43.270858], [-123.069407, 43.271221], [-123.070366, 43.271043], [-123.075296, 43.271407], [-123.074934, 43.270714], [-123.074708, 43.269617], [-123.075413, 43.268786], [-123.074993, 43.267751], [-123.075797, 43.266752], [-123.075316, 43.266143], [-123.076851, 43.264989], [-123.079024, 43.263627], [-123.0915, 43.255643], [-123.102579, 43.249022], [-123.106892, 43.246801], [-123.112828, 43.242598], [-123.118584, 43.239438], [-123.121428, 43.235821], [-123.123696, 43.234883], [-123.125557, 43.233405], [-123.129391, 43.232311], [-123.132209, 43.230662], [-123.132232, 43.228454], [-123.134095, 43.226177], [-123.135134, 43.221634], [-123.137008, 43.21975], [-123.140949, 43.218431], [-123.143174, 43.21794], [-123.146227, 43.217692], [-123.149286, 43.216727], [-123.1515, 43.21463], [-123.153709, 43.213075], [-123.159482, 43.211137], [-123.162665, 43.210244], [-123.165437, 43.209062], [-123.16932, 43.206767], [-123.170921, 43.206158], [-123.174383, 43.206431], [-123.181377, 43.205048], [-123.183933, 43.204851], [-123.188791, 43.20533], [-123.192218, 43.205829], [-123.197913, 43.205932], [-123.198672, 43.206395], [-123.198979, 43.205466], [-123.200985, 43.205597], [-123.206795, 43.207511], [-123.209414, 43.207947], [-123.214011, 43.208006], [-123.216633, 43.207928], [-123.218702, 43.206711], [-123.220478, 43.206303], [-123.226621, 43.206825], [-123.229087, 43.206855], [-123.22988, 43.205448], [-123.231096, 43.204915], [-123.231433, 43.203811], [-123.233256, 43.203229], [-123.235333, 43.201877], [-123.238718, 43.201774], [-123.241433, 43.201785], [-123.242042, 43.202006], [-123.243889, 43.203152], [-123.24558, 43.206385], [-123.2488, 43.206291], [-123.251556, 43.205723], [-123.265515, 43.206374], [-123.283976, 43.207233], [-123.284664, 43.207295], [-123.298576, 43.205698], [-123.299595, 43.205583], [-123.300682, 43.205457], [-123.306828, 43.205041], [-123.321267, 43.202026], [-123.326259, 43.200744], [-123.326732, 43.197644], [-123.325669, 43.195833], [-123.326279, 43.194992], [-123.327732, 43.194844], [-123.329325, 43.195583], [-123.33018, 43.197215], [-123.330511, 43.199732], [-123.332698, 43.199734], [-123.33701, 43.19886], [-123.337555, 43.198749], [-123.34563, 43.193487], [-123.345462, 43.193168], [-123.345266, 43.192816], [-123.345223, 43.192739], [-123.345153, 43.192531], [-123.345131, 43.192467], [-123.345396, 43.192419], [-123.347194, 43.192451], [-123.347219, 43.190516], [-123.348699, 43.190532], [-123.348671, 43.191502], [-123.364759, 43.180982], [-123.364547, 43.180802], [-123.36447, 43.180744], [-123.364361, 43.180662], [-123.363924, 43.180333], [-123.363829, 43.180274], [-123.362908, 43.179671], [-123.3619, 43.178866], [-123.361067, 43.177855], [-123.360501, 43.176554], [-123.360405, 43.175461], [-123.360519, 43.174684], [-123.360823, 43.173845], [-123.361258, 43.17316], [-123.361904, 43.172423], [-123.364119, 43.170338], [-123.364714, 43.169658], [-123.365543, 43.168531], [-123.366053, 43.167426], [-123.365386, 43.165047], [-123.36523, 43.160507], [-123.362226, 43.160495], [-123.362129, 43.15749], [-123.361238, 43.154941], [-123.361393, 43.153029], [-123.362457, 43.151573], [-123.362392, 43.148324], [-123.362884, 43.147393], [-123.361346, 43.146979], [-123.361286, 43.145022], [-123.364614, 43.144961], [-123.363961, 43.127248], [-123.363677, 43.124955], [-123.36302, 43.123579], [-123.359147, 43.117876], [-123.358162, 43.115503], [-123.354658, 43.11132], [-123.35519, 43.10888], [-123.3575, 43.106276], [-123.359724, 43.105301], [-123.36329, 43.105067], [-123.36614, 43.103858], [-123.366862, 43.102396], [-123.367755, 43.090604], [-123.367491, 43.088859], [-123.364064, 43.080247], [-123.362843, 43.078661], [-123.357884, 43.074068], [-123.355576, 43.072002], [-123.35579, 43.071882], [-123.358553, 43.071593], [-123.361112, 43.070295], [-123.363233, 43.070909], [-123.365396, 43.071435], [-123.365935, 43.072313], [-123.367486, 43.072812], [-123.367068, 43.074442], [-123.36874, 43.075255], [-123.367496, 43.077243], [-123.367323, 43.078876], [-123.3678, 43.079927], [-123.368245, 43.081638], [-123.371645, 43.088891], [-123.373439, 43.090813], [-123.374825, 43.091624], [-123.375813, 43.092086], [-123.378059, 43.092165], [-123.381671, 43.09095], [-123.383179, 43.089607], [-123.384208, 43.083891], [-123.384987, 43.083287], [-123.386487, 43.080765], [-123.387903, 43.079191], [-123.390698, 43.079222], [-123.396597, 43.078689], [-123.398672, 43.078732], [-123.403451, 43.081322], [-123.404846, 43.081766], [-123.410837, 43.082622], [-123.412991, 43.083371], [-123.415343, 43.085766], [-123.4207, 43.089117], [-123.426375, 43.0931], [-123.428852, 43.095904], [-123.430179, 43.097741], [-123.433242, 43.101665], [-123.435644, 43.10335], [-123.439802, 43.103508], [-123.439963, 43.105045], [-123.440816, 43.107581], [-123.443411, 43.107156], [-123.441176, 43.105834], [-123.443825, 43.104526], [-123.444473, 43.103433], [-123.455066, 43.103412], [-123.455024, 43.108642], [-123.457144, 43.108317], [-123.469888, 43.104549], [-123.470664, 43.104228], [-123.474152, 43.101541], [-123.477946, 43.10116], [-123.482113, 43.10177], [-123.483789, 43.10325], [-123.491446, 43.113168], [-123.494056, 43.114831], [-123.498479, 43.116163], [-123.50115, 43.116332], [-123.502483, 43.115956], [-123.505428, 43.114028], [-123.507763, 43.113324], [-123.515703, 43.111352], [-123.51942, 43.11042], [-123.531178, 43.107529], [-123.54418, 43.104243], [-123.550903, 43.101683], [-123.561697, 43.097525], [-123.564595, 43.095685], [-123.568026, 43.09327], [-123.569745, 43.091921], [-123.570024, 43.090934], [-123.569875, 43.090161], [-123.569705, 43.088926], [-123.570867, 43.087033], [-123.580067, 43.078783], [-123.580892, 43.078295], [-123.589365, 43.074939], [-123.593501, 43.073308], [-123.59559, 43.072263], [-123.597086, 43.071393], [-123.599596, 43.07055], [-123.602549, 43.070839], [-123.604167, 43.070764], [-123.604317, 43.070727], [-123.604775, 43.070606], [-123.604811, 43.070595], [-123.605248, 43.070464], [-123.606726, 43.070021], [-123.607365, 43.06983], [-123.607935, 43.069654], [-123.608166, 43.069583], [-123.608827, 43.069383], [-123.609656, 43.069133], [-123.610222, 43.068969], [-123.61063, 43.068849], [-123.610816, 43.068796], [-123.611406, 43.068606], [-123.611743, 43.068512], [-123.611853, 43.068478], [-123.612261, 43.068356], [-123.617223, 43.066847], [-123.619988, 43.064624], [-123.62173, 43.063911], [-123.624338, 43.063728], [-123.6274, 43.064592], [-123.634479, 43.068917], [-123.63684, 43.068666], [-123.638925, 43.066403], [-123.640181, 43.065589], [-123.643285, 43.064542], [-123.645053, 43.06436], [-123.647911, 43.065088], [-123.649849, 43.064856], [-123.650952, 43.064114], [-123.652768, 43.061225], [-123.653812, 43.059528], [-123.659128, 43.050916], [-123.661376, 43.047313], [-123.662982, 43.045995], [-123.665495, 43.044862], [-123.667421, 43.04236], [-123.670511, 43.038112], [-123.670883, 43.037612], [-123.67273, 43.035039], [-123.673034, 43.034631], [-123.673722, 43.033672], [-123.675078, 43.031823], [-123.677478, 43.028549], [-123.677775, 43.028104], [-123.679055, 43.026447], [-123.681278, 43.024062], [-123.689788, 43.016085], [-123.693453, 43.012641], [-123.695283, 43.011288], [-123.700598, 43.009964], [-123.702682, 43.009418], [-123.704435, 43.008323], [-123.704671, 43.008178], [-123.706703, 43.006855], [-123.707375, 43.006187], [-123.707985, 43.005314], [-123.708519, 43.004147], [-123.708939, 43.003529], [-123.710014, 43.002762], [-123.711456, 43.002331], [-123.714119, 43.002045], [-123.714943, 43.001881], [-123.715839, 43.001569], [-123.717139, 43.000402], [-123.717628, 42.998704], [-123.719711, 42.996853], [-123.722977, 42.995197], [-123.726486, 42.994633], [-123.728333, 42.993626], [-123.728615, 42.992538], [-123.728548, 42.989123], [-123.728883, 42.988167], [-123.730514, 42.987339], [-123.734117, 42.986547], [-123.735649, 42.985562], [-123.736321, 42.983625], [-123.738523, 42.981232], [-123.740565, 42.979844], [-123.747807, 42.973845], [-123.752306, 42.972714], [-123.753182, 42.972527], [-123.754108, 42.972308], [-123.757741, 42.970707], [-123.760875, 42.969889], [-123.764125, 42.968175], [-123.766462, 42.967703], [-123.769687, 42.966227], [-123.770528, 42.966132], [-123.773117, 42.965999], [-123.776576, 42.966636], [-123.778545, 42.966519], [-123.783111, 42.965511], [-123.785972, 42.96578], [-123.789188, 42.965135], [-123.793294, 42.965018], [-123.796997, 42.964042], [-123.800931, 42.963773], [-123.804877, 42.964314], [-123.807604, 42.964012], [-123.809784, 42.96465], [-123.811454, 42.965556], [-123.814021, 42.966373], [-123.817289, 42.965714], [-123.819138, 42.965229], [-123.821121, 42.965284], [-123.821118, 42.965129], [-123.821119, 42.964954], [-123.821102, 42.953493], [-123.821487, 42.931835], [-123.821426, 42.923191], [-123.820515, 42.909675], [-123.819496, 42.909661], [-123.819462, 42.907369], [-123.819439, 42.905365], [-123.819431, 42.90416], [-123.81915, 42.885135], [-123.819144, 42.884356], [-123.819147, 42.87607], [-123.819248, 42.8535], [-123.819379, 42.849378], [-123.819763, 42.838101], [-123.820439, 42.824112], [-123.811789, 42.824101], [-123.811776, 42.821341], [-123.811686, 42.812428], [-123.811535, 42.798636], [-123.81152, 42.792474], [-123.811541, 42.789541], [-123.811553, 42.788837], [-123.811546, 42.788215], [-123.808536, 42.787868], [-123.806976, 42.786983], [-123.803732, 42.787536], [-123.800444, 42.78959], [-123.79724, 42.79187], [-123.796456, 42.792936], [-123.796428, 42.792951], [-123.795867, 42.79336], [-123.795463, 42.793513], [-123.79544, 42.793522], [-123.795417, 42.79353], [-123.795111, 42.793699], [-123.794822, 42.794002], [-123.794622, 42.794156], [-123.794574, 42.794206], [-123.79239, 42.796411], [-123.792284, 42.796636], [-123.79207, 42.796934], [-123.7917, 42.797302], [-123.791299, 42.797534], [-123.790804, 42.797718], [-123.790435, 42.797806], [-123.789726, 42.797977], [-123.789603, 42.798008], [-123.789505, 42.79805], [-123.789263, 42.798147], [-123.788803, 42.79824], [-123.788408, 42.79832], [-123.787537, 42.798516], [-123.786955, 42.798574], [-123.78259, 42.799449], [-123.780349, 42.798915], [-123.778041, 42.797665], [-123.773673, 42.797456], [-123.773327, 42.797244], [-123.772712, 42.796821], [-123.76995, 42.794568], [-123.766112, 42.793468], [-123.764019, 42.792059], [-123.761476, 42.792391], [-123.759427, 42.79107], [-123.756486, 42.789808], [-123.754526, 42.789804], [-123.752421, 42.788245], [-123.750436, 42.787735], [-123.746879, 42.788228], [-123.743493, 42.787971], [-123.741725, 42.786552], [-123.740093, 42.783343], [-123.739229, 42.782865], [-123.735741, 42.782516], [-123.734082, 42.781753], [-123.732315, 42.780131], [-123.726832, 42.781526], [-123.723188, 42.783945], [-123.721345, 42.784066], [-123.718927, 42.784434], [-123.716766, 42.785273], [-123.716492, 42.784061], [-123.718719, 42.782694], [-123.72034, 42.780911], [-123.720119, 42.77747], [-123.721769, 42.7764], [-123.722426, 42.775141], [-123.725276, 42.774115], [-123.727794, 42.773809], [-123.729492, 42.772849], [-123.730022, 42.771115], [-123.731477, 42.769674], [-123.733021, 42.768945], [-123.733563, 42.767578], [-123.734322, 42.765701], [-123.735421, 42.764575], [-123.735183, 42.762842], [-123.736506, 42.760655], [-123.73667, 42.759577], [-123.737944, 42.757294], [-123.737502, 42.753118], [-123.739398, 42.751499], [-123.741852, 42.747987], [-123.744373, 42.746335], [-123.744552, 42.745262], [-123.74584, 42.744741], [-123.747579, 42.742576], [-123.749533, 42.742038], [-123.749697, 42.740965], [-123.751493, 42.738476], [-123.752868, 42.735736], [-123.753948, 42.734447], [-123.753487, 42.733692], [-123.754326, 42.732693], [-123.75543, 42.731791], [-123.756302, 42.729115], [-123.756231, 42.728067], [-123.754795, 42.72596], [-123.757263, 42.720584], [-123.758186, 42.720093], [-123.759135, 42.717906], [-123.760665, 42.717138], [-123.761074, 42.715876], [-123.762886, 42.715028], [-123.764535, 42.713543], [-123.765268, 42.711145], [-123.766875, 42.709109], [-123.769127, 42.708063], [-123.769484, 42.707279], [-123.76855, 42.70586], [-123.770488, 42.704685], [-123.772341, 42.704493], [-123.773833, 42.702858], [-123.773716, 42.700834], [-123.774581, 42.700429], [-123.774729, 42.700319], [-123.775158, 42.699803], [-123.779962, 42.694025], [-123.787354, 42.685132], [-123.796394, 42.674259], [-123.798285, 42.671989], [-123.81662, 42.649927], [-123.831264, 42.632313], [-123.831595, 42.627324], [-123.831689, 42.625798], [-123.828568, 42.625339], [-123.824264, 42.622398], [-123.824321, 42.621925], [-123.821526, 42.619743], [-123.81985, 42.615779], [-123.819017, 42.615042], [-123.819403, 42.612446], [-123.82086, 42.611139], [-123.821583, 42.60913], [-123.824234, 42.607575], [-123.827067, 42.607046], [-123.828618, 42.606107], [-123.828393, 42.604497], [-123.829275, 42.601793], [-123.828889, 42.601057], [-123.82926, 42.599452], [-123.830469, 42.598106], [-123.830695, 42.596244], [-123.830315, 42.595067], [-123.835668, 42.591633], [-123.836711, 42.59149], [-123.838165, 42.590295], [-123.840861, 42.588961], [-123.841223, 42.587864], [-123.84331, 42.587515], [-123.846549, 42.586258], [-123.849558, 42.583718], [-123.850178, 42.581966], [-123.849517, 42.579542], [-123.850134, 42.57809], [-123.850036, 42.574579], [-123.850644, 42.573592], [-123.853456, 42.570941], [-123.853474, 42.569663], [-123.855639, 42.567228], [-123.857235, 42.566509], [-123.858642, 42.565058], [-123.858754, 42.564143], [-123.860305, 42.563091], [-123.859671, 42.562393], [-123.860883, 42.560754], [-123.860751, 42.559512], [-123.859311, 42.556281], [-123.856672, 42.553775], [-123.855219, 42.551791], [-123.854798, 42.549736], [-123.855858, 42.548699], [-123.858651, 42.546875], [-123.859596, 42.546665], [-123.860259, 42.545242], [-123.861708, 42.544375], [-123.86202, 42.543315], [-123.863521, 42.542232], [-123.865156, 42.542134], [-123.865974, 42.540313], [-123.865843, 42.539031], [-123.868406, 42.536341], [-123.871196, 42.535158], [-123.870714, 42.534203], [-123.872161, 42.533372], [-123.87338, 42.531188], [-123.875128, 42.530067], [-123.874554, 42.528675], [-123.875902, 42.527805], [-123.875677, 42.526195], [-123.878488, 42.524647], [-123.879224, 42.522047], [-123.878426, 42.519959], [-123.876055, 42.516799], [-123.876929, 42.516203], [-123.876505, 42.514814], [-123.875256, 42.51372], [-123.875662, 42.512992], [-123.877937, 42.51279], [-123.880309, 42.511588], [-123.879821, 42.509885], [-123.881088, 42.509181], [-123.884731, 42.508401], [-123.885552, 42.507625], [-123.884898, 42.506279], [-123.886257, 42.505436], [-123.885746, 42.504233], [-123.886997, 42.503282], [-123.888662, 42.502978], [-123.890657, 42.500538], [-123.894213, 42.499925], [-123.89549, 42.498997], [-123.897998, 42.499058], [-123.900611, 42.498416], [-123.902759, 42.499584], [-123.904993, 42.499165], [-123.908023, 42.496903], [-123.910798, 42.497435], [-123.913158, 42.496146], [-123.915768, 42.495396], [-123.917355, 42.495798], [-123.919321, 42.494737], [-123.923228, 42.495021], [-123.926059, 42.494345], [-123.928109, 42.494563], [-123.929368, 42.496048], [-123.932984, 42.496023], [-123.934826, 42.497079], [-123.935837, 42.499437], [-123.93669, 42.500293], [-123.938921, 42.50113], [-123.941841, 42.500867], [-123.943053, 42.501312], [-123.945943, 42.501334], [-123.947539, 42.500474], [-123.949711, 42.500487], [-123.952541, 42.499311], [-123.956422, 42.498797], [-123.958133, 42.498238], [-123.961176, 42.498816], [-123.962014, 42.497958], [-123.964007, 42.49732], [-123.967916, 42.497228], [-123.969199, 42.496028], [-123.972112, 42.495364], [-123.978035, 42.49761], [-123.981442, 42.497167], [-123.986202, 42.498229], [-123.987687, 42.501544], [-123.988482, 42.501979], [-123.990256, 42.501621], [-123.992775, 42.499595], [-123.995531, 42.500832], [-123.998129, 42.500422], [-124.001195, 42.496875], [-124.005475, 42.496918], [-124.008397, 42.496352], [-124.010456, 42.494019], [-124.011507, 42.489849], [-124.011544, 42.489628], [-124.011608, 42.489652], [-124.011647, 42.489447], [-124.009281, 42.489288], [-124.008385, 42.488922], [-124.007195, 42.48878], [-124.006302, 42.488053], [-124.006004, 42.487466], [-124.004425, 42.486665], [-124.003455, 42.48593], [-124.002964, 42.485336], [-124.002243, 42.484041], [-124.002045, 42.48316], [-124.002144, 42.481921], [-124.001739, 42.481042], [-124.00193, 42.477609], [-124.002426, 42.476582], [-124.002716, 42.474972], [-124.003113, 42.473951], [-124.003105, 42.47161], [-124.002807, 42.470441], [-124.002005, 42.469161], [-124.001347, 42.46728], [-124.001263, 42.466299], [-124.001396, 42.465185], [-124.002215, 42.463395], [-124.003082, 42.462694], [-124.004413, 42.462601], [-124.005844, 42.461733], [-124.005936, 42.459467], [-124.005737, 42.458663], [-124.005242, 42.458082], [-124.002869, 42.456333], [-124.00148, 42.455021], [-124.001381, 42.453996], [-124.001678, 42.453484], [-124.002662, 42.452751], [-124.003349, 42.451943], [-124.004631, 42.451355], [-124.004622, 42.450685], [-124.004433, 42.449822], [-124.004532, 42.448947], [-124.004333, 42.448436], [-124.002945, 42.446755], [-124.002052, 42.445956], [-124.001854, 42.445152], [-124.002251, 42.444271], [-124.003136, 42.443538], [-124.005012, 42.443314], [-124.005303, 42.443096], [-124.006096, 42.442944], [-124.007378, 42.442433], [-124.008759, 42.442133], [-124.009544, 42.441694], [-124.01033, 42.440741], [-124.012001, 42.437813], [-124.012695, 42.437005], [-124.013573, 42.435323], [-124.014755, 42.434222], [-124.014953, 42.433347], [-124.014854, 42.432393], [-124.013962, 42.430717], [-124.013168, 42.429986], [-124.011879, 42.429186], [-124.011192, 42.428382], [-124.010498, 42.427947], [-124.009804, 42.427732], [-124.009308, 42.427219], [-124.009605, 42.426559], [-124.011673, 42.425383], [-124.012955, 42.424138], [-124.013153, 42.423551], [-124.012161, 42.422461], [-124.01107, 42.42166], [-124.009491, 42.421372], [-124.008804, 42.42064], [-124.008896, 42.419689], [-124.009392, 42.418667], [-124.010277, 42.417786], [-124.010963, 42.417347], [-124.011261, 42.416831], [-124.011947, 42.416244], [-124.012047, 42.415514], [-124.012634, 42.414707], [-124.013221, 42.413554], [-124.013345, 42.412677], [-124.016143, 42.412218], [-124.017488, 42.410959], [-124.02036, 42.410041], [-124.021521, 42.408194], [-124.02306, 42.407621], [-124.025462, 42.407758], [-124.026168, 42.407409], [-124.027425, 42.405516], [-124.028557, 42.403308], [-124.030212, 42.402883], [-124.032309, 42.403283], [-124.033525, 42.402547], [-124.035208, 42.402433], [-124.036828, 42.398726], [-124.036342, 42.398046], [-124.036252, 42.396984], [-124.035796, 42.396407], [-124.035948, 42.396248], [-124.036743, 42.396061], [-124.037047, 42.395766], [-124.036177, 42.394949], [-124.0366, 42.394446], [-124.037134, 42.394157], [-124.037333, 42.393818], [-124.037262, 42.393219], [-124.036998, 42.392623], [-124.037113, 42.392427], [-124.037772, 42.39225], [-124.037394, 42.39156], [-124.037669, 42.391157], [-124.038101, 42.390081], [-124.038723, 42.389676], [-124.038842, 42.388837], [-124.039294, 42.38854], [-124.040275, 42.388495], [-124.040949, 42.388026], [-124.041983, 42.387656], [-124.04179, 42.387144], [-124.041579, 42.385912], [-124.040646, 42.385498], [-124.039586, 42.384751], [-124.039627, 42.38421], [-124.039392, 42.383897], [-124.038867, 42.38364], [-124.038584, 42.383094], [-124.03766, 42.382872], [-124.03726, 42.382673], [-124.037266, 42.380525], [-124.036473, 42.379078], [-124.035892, 42.378228], [-124.035489, 42.377858], [-124.035008, 42.376214], [-124.035001, 42.375876], [-124.035391, 42.375292], [-124.036171, 42.374389], [-124.036414, 42.372729], [-124.03624, 42.372294], [-124.036379, 42.371667], [-124.036289, 42.370213], [-124.033565, 42.367455], [-124.033017, 42.366352], [-124.032262, 42.365481], [-124.031199, 42.364743], [-124.030141, 42.363636], [-124.030057, 42.363045], [-124.029373, 42.362109], [-124.028712, 42.361049], [-124.027369, 42.35997], [-124.027073, 42.359216], [-124.025984, 42.359409], [-124.025037, 42.360099], [-124.02312, 42.361007], [-124.021961, 42.36166], [-124.02035, 42.361689], [-124.019732, 42.36162], [-124.01908, 42.361384], [-124.018169, 42.360561], [-124.017452, 42.35977], [-124.015153, 42.359294], [-124.013518, 42.359026], [-124.012294, 42.358635], [-124.010986, 42.358541], [-124.010062, 42.358678], [-124.008637, 42.359016], [-124.00713, 42.359037], [-124.005156, 42.358812], [-124.003386, 42.358864], [-124.002409, 42.358812], [-124.001734, 42.358669], [-124.000116, 42.358688], [-123.998549, 42.358488], [-123.996969, 42.358613], [-123.99623, 42.358611], [-123.995141, 42.358487], [-123.992913, 42.357659], [-123.9924, 42.357667], [-123.990456, 42.357941], [-123.989576, 42.3584], [-123.988255, 42.35879], [-123.987109, 42.359313], [-123.986317, 42.359409], [-123.985055, 42.358593], [-123.984686, 42.358449], [-123.983381, 42.358267], [-123.982675, 42.358274], [-123.98095, 42.358642], [-123.979725, 42.358776], [-123.978917, 42.358505], [-123.977307, 42.358403], [-123.975472, 42.358211], [-123.974875, 42.358087], [-123.974247, 42.358123], [-123.972898, 42.357979], [-123.970015, 42.357324], [-123.968953, 42.357373], [-123.968152, 42.357649], [-123.966661, 42.35774], [-123.962628, 42.356714], [-123.962043, 42.356654], [-123.960591, 42.356941], [-123.95979, 42.35703], [-123.957562, 42.357785], [-123.956691, 42.357897], [-123.956029, 42.357866], [-123.954132, 42.357256], [-123.953011, 42.356991], [-123.94959, 42.356544], [-123.948533, 42.357001], [-123.947381, 42.357276], [-123.944993, 42.358004], [-123.944632, 42.358058], [-123.943005, 42.35907], [-123.941409, 42.359942], [-123.940407, 42.360604], [-123.939141, 42.361062], [-123.938198, 42.361238], [-123.936842, 42.361632], [-123.936538, 42.361625], [-123.935888, 42.361116], [-123.935764, 42.360576], [-123.935313, 42.35983], [-123.935348, 42.35928], [-123.935089, 42.357665], [-123.934881, 42.356939], [-123.934638, 42.356534], [-123.93467, 42.355761], [-123.933895, 42.355427], [-123.933713, 42.354938], [-123.933213, 42.354338], [-123.932801, 42.354101], [-123.930195, 42.353759], [-123.929774, 42.353582], [-123.929171, 42.353059], [-123.928303, 42.352612], [-123.926691, 42.352257], [-123.925893, 42.352008], [-123.925591, 42.351741], [-123.924437, 42.351045], [-123.924053, 42.350465], [-123.923922, 42.350008], [-123.923302, 42.348835], [-123.921418, 42.347114], [-123.920408, 42.346469], [-123.919791, 42.346551], [-123.919451, 42.346742], [-123.918911, 42.346757], [-123.918157, 42.346554], [-123.917636, 42.346626], [-123.916606, 42.346592], [-123.915017, 42.346709], [-123.914617, 42.347008], [-123.913062, 42.347217], [-123.911976, 42.347669], [-123.910437, 42.347884], [-123.908615, 42.347574], [-123.907007, 42.347644], [-123.906166, 42.3481], [-123.905025, 42.348562], [-123.903895, 42.349229], [-123.903527, 42.349314], [-123.902541, 42.349094], [-123.900754, 42.349338], [-123.900219, 42.349234], [-123.899462, 42.349368], [-123.898903, 42.349593], [-123.89763, 42.350325], [-123.897208, 42.350937], [-123.896638, 42.351114], [-123.895094, 42.351422], [-123.89457, 42.351683], [-123.893745, 42.352314], [-123.892651, 42.353293], [-123.892307, 42.353341], [-123.891321, 42.353095], [-123.889972, 42.35215], [-123.888411, 42.351627], [-123.887695, 42.351218], [-123.887403, 42.350588], [-123.885945, 42.349422], [-123.885444, 42.348669], [-123.884354, 42.347602], [-123.88422, 42.347314], [-123.884229, 42.346519], [-123.884467, 42.346072], [-123.884036, 42.345874], [-123.88275, 42.345666], [-123.881707, 42.345926], [-123.880659, 42.345926], [-123.878816, 42.345667], [-123.878164, 42.345236], [-123.877852, 42.344851], [-123.877718, 42.343843], [-123.877858, 42.342428], [-123.878522, 42.341049], [-123.878813, 42.339381], [-123.878829, 42.33794], [-123.878462, 42.336284], [-123.879052, 42.33554], [-123.878927, 42.335279], [-123.878344, 42.335015], [-123.877219, 42.334336], [-123.876337, 42.333167], [-123.876248, 42.332797], [-123.876363, 42.331978], [-123.876945, 42.331139], [-123.87675, 42.330669], [-123.875264, 42.330071], [-123.874818, 42.329731], [-123.874147, 42.328995], [-123.873486, 42.327885], [-123.87318, 42.327633], [-123.871837, 42.327455], [-123.871645, 42.327127], [-123.871906, 42.326326], [-123.871803, 42.325716], [-123.871462, 42.324799], [-123.870915, 42.32409], [-123.869582, 42.322796], [-123.868646, 42.322499], [-123.866394, 42.322362], [-123.865143, 42.322036], [-123.864168, 42.321478], [-123.863558, 42.32046], [-123.863115, 42.320146], [-123.861165, 42.319332], [-123.860203, 42.318628], [-123.859863, 42.31854], [-123.857646, 42.318688], [-123.856849, 42.319058], [-123.856269, 42.319612], [-123.856118, 42.319933], [-123.855473, 42.320095], [-123.853846, 42.320742], [-123.852614, 42.320864], [-123.851287, 42.320577], [-123.849054, 42.319125], [-123.848396, 42.318986], [-123.846565, 42.318848], [-123.845674, 42.318508], [-123.84557, 42.318327], [-123.845985, 42.317288], [-123.845982, 42.316923], [-123.845481, 42.316171], [-123.843718, 42.314771], [-123.842203, 42.314144], [-123.8417, 42.313281], [-123.840919, 42.312764], [-123.839806, 42.312466], [-123.839496, 42.312202], [-123.841454, 42.310752], [-123.844167, 42.307854], [-123.845096, 42.30635], [-123.845404, 42.305638], [-123.846767, 42.304681], [-123.847129, 42.304249], [-123.847483, 42.303538], [-123.847619, 42.302637], [-123.847595, 42.301983], [-123.847315, 42.299219], [-123.84643, 42.29871], [-123.843557, 42.298507], [-123.843007, 42.297656], [-123.83972, 42.296282], [-123.837879, 42.294693], [-123.836606, 42.290556], [-123.838258, 42.289261], [-123.838419, 42.288537], [-123.835287, 42.286277], [-123.832956, 42.285622], [-123.832684, 42.282991], [-123.830885, 42.281438], [-123.829732, 42.279859], [-123.828031, 42.279255], [-123.825321, 42.276123], [-123.825625, 42.273378], [-123.826159, 42.270973], [-123.82382, 42.268693], [-123.823743, 42.266983], [-123.822177, 42.264365], [-123.820847, 42.264665], [-123.817359, 42.264096], [-123.814997, 42.262603], [-123.81475, 42.261887], [-123.815251, 42.259439], [-123.814672, 42.256741], [-123.813816, 42.254797], [-123.811992, 42.253495], [-123.811604, 42.251246], [-123.810548, 42.249697], [-123.810017, 42.24779], [-123.811032, 42.245614], [-123.812203, 42.24399], [-123.809421, 42.241494], [-123.807817, 42.241069], [-123.805938, 42.241176], [-123.803515, 42.239436], [-123.79962, 42.240204], [-123.798159, 42.238232], [-123.796383, 42.237497], [-123.792184, 42.237625], [-123.792354, 42.234271], [-123.792395, 42.234061], [-123.794003, 42.231155], [-123.793075, 42.230098], [-123.793288, 42.22781], [-123.792834, 42.224314], [-123.791902, 42.223289], [-123.790522, 42.220299], [-123.793144, 42.22111], [-123.796702, 42.219878], [-123.797063, 42.218962], [-123.799931, 42.216388], [-123.802202, 42.215738], [-123.804148, 42.21662], [-123.805991, 42.216849], [-123.807594, 42.21731], [-123.808796, 42.216961], [-123.811361, 42.214644], [-123.812417, 42.212667], [-123.813325, 42.20772], [-123.813891, 42.20573], [-123.814988, 42.204628], [-123.816794, 42.203769], [-123.818915, 42.2036], [-123.820471, 42.198974], [-123.820407, 42.195498], [-123.821531, 42.193959], [-123.820857, 42.190924], [-123.821288, 42.189849], [-123.819089, 42.188754], [-123.81719, 42.188225], [-123.816316, 42.185435], [-123.813505, 42.183987], [-123.813199, 42.178235], [-123.815092, 42.174122], [-123.814536, 42.172501], [-123.814793, 42.170464], [-123.812603, 42.169651], [-123.815726, 42.166047], [-123.817915, 42.16438], [-123.820841, 42.163027], [-123.821199, 42.161167], [-123.822386, 42.159333], [-123.823911, 42.157656], [-123.826311, 42.157509], [-123.827684, 42.155855], [-123.832351, 42.155207], [-123.833854, 42.154723], [-123.836854, 42.154378], [-123.840232, 42.152913], [-123.84094, 42.151584], [-123.842871, 42.149668], [-123.843257, 42.148296], [-123.844724, 42.146369], [-123.849528, 42.145819], [-123.85081, 42.144503], [-123.853382, 42.143597], [-123.855572, 42.141392], [-123.856163, 42.138965], [-123.85591, 42.138323], [-123.857192, 42.137426], [-123.858549, 42.135116], [-123.857834, 42.134084], [-123.856075, 42.133224], [-123.855141, 42.131992], [-123.854857, 42.130628], [-123.850176, 42.126945], [-123.846258, 42.125204], [-123.844277, 42.125095], [-123.842828, 42.125599], [-123.839241, 42.124671], [-123.83883, 42.122593], [-123.840149, 42.119291], [-123.840156, 42.116779], [-123.838249, 42.113334], [-123.836688, 42.109619], [-123.835422, 42.10885], [-123.833125, 42.108463], [-123.832155, 42.107914], [-123.831124, 42.103609], [-123.830979, 42.101345], [-123.829967, 42.100377], [-123.829528, 42.097285], [-123.827376, 42.094709], [-123.82572, 42.093188], [-123.824298, 42.091096], [-123.823755, 42.089663], [-123.822139, 42.087522], [-123.82251, 42.085321], [-123.824877, 42.084441], [-123.825624, 42.080498], [-123.8271, 42.077493], [-123.826921, 42.074796], [-123.828112, 42.073675], [-123.827741, 42.073254], [-123.827264, 42.072475], [-123.829193, 42.069899], [-123.829397, 42.069596], [-123.831473, 42.068235], [-123.834173, 42.066002], [-123.834638, 42.064831], [-123.834228, 42.06355], [-123.83608, 42.062494], [-123.838246, 42.061487], [-123.838888, 42.061335], [-123.839255, 42.061157], [-123.840511, 42.06041], [-123.840632, 42.060229], [-123.841559, 42.059225], [-123.840893, 42.058515], [-123.841147, 42.056844], [-123.840331, 42.054994], [-123.840928, 42.053487], [-123.840693, 42.051934], [-123.8412, 42.051482], [-123.843151, 42.048965], [-123.843902, 42.048562], [-123.846851, 42.047798], [-123.848497, 42.046646], [-123.84909, 42.045069], [-123.84964, 42.044643], [-123.848718, 42.04154], [-123.848084, 42.040143], [-123.845386, 42.036426], [-123.84463, 42.035201], [-123.844471, 42.03336], [-123.842651, 42.03217], [-123.842401, 42.031794], [-123.841932, 42.031516], [-123.841723, 42.031385], [-123.839537, 42.030528], [-123.838058, 42.02985], [-123.836097, 42.029191], [-123.837182, 42.028028], [-123.837574, 42.02734], [-123.837685, 42.026101], [-123.837496, 42.025558], [-123.836691, 42.024807], [-123.83653, 42.024006], [-123.837173, 42.021737], [-123.837518, 42.020974], [-123.837541, 42.020306], [-123.837915, 42.019772], [-123.838311, 42.019593], [-123.839126, 42.019449], [-123.839878, 42.019023], [-123.840111, 42.018451], [-123.840068, 42.018098], [-123.840363, 42.017404], [-123.839738, 42.015564], [-123.83774, 42.01489], [-123.83615, 42.013911], [-123.835935, 42.011896], [-123.835345, 42.011522], [-123.832066, 42.011666], [-123.829579, 42.011134], [-123.82937, 42.01084], [-123.829095, 42.010512], [-123.829034, 42.010426], [-123.828813, 42.010112], [-123.828229, 42.009815], [-123.827026, 42.008013], [-123.827235, 42.00721], [-123.828272, 42.00605], [-123.829206, 42.005226], [-123.829156, 42.004196], [-123.828719, 42.002348], [-123.826343, 42.00188], [-123.827401, 42.000879], [-123.825836, 42.000868], [-123.822273, 42.000021], [-123.820386, 41.998742], [-123.818981, 41.998563], [-123.822041, 41.99558], [-123.810908, 41.995164], [-123.793648, 41.995673], [-123.791161, 41.995741], [-123.790207, 41.995768], [-123.789914, 41.995776], [-123.789782, 41.99578], [-123.789563, 41.995785], [-123.787501, 41.995834], [-123.77474, 41.996019], [-123.75394, 41.996614], [-123.733504, 41.996971], [-123.728169, 41.997056], [-123.721428, 41.996878], [-123.718374, 41.996799], [-123.685325, 41.995922], [-123.681934, 41.995742], [-123.667174, 41.995355], [-123.657212, 41.995094], [-123.6405, 41.997447], [-123.631511, 41.99871], [-123.62323, 41.999782], [-123.620066, 41.999831], [-123.591598, 42.000288], [-123.570352, 42.00061], [-123.564204, 42.000706], [-123.548487, 42.00067], [-123.535209, 42.000787], [-123.530014, 42.000778], [-123.519119, 42.00076], [-123.517425, 42.000754], [-123.514013, 42.00075], [-123.511354, 42.000743], [-123.504248, 42.000733], [-123.501801, 42.000724], [-123.498496, 42.00072], [-123.471097, 42.000652], [-123.44597, 42.000626], [-123.408006, 42.000107], [-123.347451, 41.999277], [-123.331786, 41.999906], [-123.298877, 42.001245], [-123.286032, 42.001711], [-123.273414, 42.002225], [-123.271425, 42.002323], [-123.231113, 42.003943], [-123.222408, 42.004286], [-123.201797, 42.005095], [-123.196246, 42.005371], [-123.183923, 42.005789], [-123.154508, 42.008075], [-123.153387, 42.008163], [-123.145735, 42.008761], [-123.128935, 42.008372], [-123.11207, 42.007406], [-123.080938, 42.005064], [-123.062882, 42.00482], [-123.043997, 42.003084], [-123.023706, 42.003149], [-123.007716, 42.003127], [-122.987706, 42.00329], [-122.967979, 42.003524], [-122.961661, 42.003498], [-122.952396, 42.003451], [-122.912952, 42.003556], [-122.902121, 42.00366], [-122.893602, 42.003753], [-122.875516, 42.003962], [-122.854919, 42.003873], [-122.839091, 42.004026], [-122.838271, 42.004032], [-122.829868, 42.004115], [-122.813845, 42.004141], [-122.802794, 42.004097], [-122.801484, 42.004095], [-122.799792, 42.004087], [-122.780795, 42.004016], [-122.761513, 42.004103], [-122.753635, 42.004133], [-122.747749, 42.004145], [-122.721386, 42.004123], [-122.718994, 42.004197], [-122.702787, 42.004224], [-122.683549, 42.004455], [-122.664807, 42.00485], [-122.658407, 42.004894], [-122.646612, 42.004962], [-122.645776, 42.004967], [-122.645221, 42.004968], [-122.625315, 42.005143], [-122.615692, 42.005441], [-122.615339, 42.005453]]]]}}, {"type": "Feature", "properties": {"id": 3, "NAME": "3", "text-color": "#000000", "text-size": 16, "TotalPop": 706209, "PopDevPct": -4.7e-07, "DemPct": 0.72004627, "RepPct": 0.25029754, "WhitePct": 0.67931173, "MinorityPct": 0.32068827, "BlackPct": 0.06717105, "HispanicPct": 0.12011507, "PacificPct": 0.01050636, "AsianPct": 0.09389981, "NativePct": 0.03623832, "TotalVAP": 562802, "Margin": 0.22004627, "color": "#8B008B", "opacity": "0.5", "year": 2022, "state": "OR", "state-district": "OR-03"}, "geometry": {"type": "MultiPolygon", "coordinates": [[[[-121.938202, 45.272171], [-121.937973, 45.271622], [-121.932755, 45.270699], [-121.931152, 45.269573], [-121.930565, 45.268032], [-121.926285, 45.268055], [-121.923988, 45.266407], [-121.922562, 45.266132], [-121.922379, 45.264084], [-121.921234, 45.262794], [-121.918129, 45.261673], [-121.915443, 45.259686], [-121.912239, 45.258907], [-121.91214, 45.258312], [-121.908455, 45.256096], [-121.90593, 45.254013], [-121.9058, 45.25296], [-121.904739, 45.251678], [-121.901077, 45.249615], [-121.899719, 45.247437], [-121.897682, 45.247551], [-121.896935, 45.246315], [-121.895187, 45.244759], [-121.893539, 45.243889], [-121.890823, 45.243637], [-121.888527, 45.242493], [-121.88694, 45.242676], [-121.883575, 45.239746], [-121.881828, 45.238762], [-121.881508, 45.236935], [-121.880669, 45.235584], [-121.877953, 45.235264], [-121.874802, 45.231628], [-121.875511, 45.229115], [-121.873856, 45.228542], [-121.871719, 45.226898], [-121.870064, 45.226562], [-121.868225, 45.224339], [-121.867256, 45.224022], [-121.862953, 45.224411], [-121.862564, 45.222698], [-121.859291, 45.220684], [-121.858192, 45.221119], [-121.855637, 45.220596], [-121.854698, 45.219612], [-121.85247, 45.219727], [-121.849365, 45.220436], [-121.84671, 45.222084], [-121.846321, 45.223412], [-121.842667, 45.223961], [-121.841087, 45.225353], [-121.836357, 45.22554], [-121.833611, 45.225449], [-121.830894, 45.22625], [-121.827469, 45.226135], [-121.824554, 45.226501], [-121.821548, 45.22562], [-121.818214, 45.225357], [-121.815758, 45.225586], [-121.814491, 45.225014], [-121.813751, 45.223301], [-121.811485, 45.223301], [-121.806305, 45.222683], [-121.804916, 45.223118], [-121.800552, 45.223686], [-121.797188, 45.223228], [-121.794853, 45.222198], [-121.791847, 45.218884], [-121.791267, 45.21701], [-121.789848, 45.216164], [-121.78389, 45.214478], [-121.778847, 45.21479], [-121.777328, 45.214699], [-121.775612, 45.216251], [-121.773079, 45.215523], [-121.770599, 45.215244], [-121.769112, 45.21611], [-121.765541, 45.217232], [-121.761894, 45.217216], [-121.758827, 45.216747], [-121.755173, 45.216995], [-121.753677, 45.219303], [-121.75161, 45.21912], [-121.749138, 45.21983], [-121.747589, 45.221066], [-121.746262, 45.220932], [-121.742897, 45.219398], [-121.74247, 45.218281], [-121.738594, 45.21883], [-121.736656, 45.220821], [-121.73452, 45.221508], [-121.732582, 45.222603], [-121.723747, 45.225079], [-121.721939, 45.226036], [-121.720978, 45.225937], [-121.716591, 45.22686], [-121.71537, 45.228073], [-121.713722, 45.227455], [-121.711555, 45.22908], [-121.709099, 45.232304], [-121.707321, 45.235481], [-121.705986, 45.237053], [-121.704147, 45.237907], [-121.701561, 45.239666], [-121.700712, 45.240792], [-121.699407, 45.239656], [-121.698127, 45.237472], [-121.698199, 45.23594], [-121.701914, 45.232761], [-121.7017, 45.230399], [-121.700204, 45.228521], [-121.698375, 45.226448], [-121.697256, 45.227604], [-121.691112, 45.229558], [-121.689772, 45.22965], [-121.685082, 45.228409], [-121.68256, 45.228928], [-121.684475, 45.230368], [-121.686262, 45.233301], [-121.686261, 45.234701], [-121.685304, 45.235873], [-121.684793, 45.240067], [-121.681537, 45.243495], [-121.682463, 45.247204], [-121.680898, 45.250581], [-121.682111, 45.250941], [-121.685622, 45.251166], [-121.687538, 45.250851], [-121.689261, 45.251348], [-121.691878, 45.254141], [-121.696411, 45.255359], [-121.696479, 45.25792], [-121.669442, 45.258027], [-121.668208, 45.258033], [-121.635917, 45.258059], [-121.62807, 45.257833], [-121.62188, 45.257633], [-121.614577, 45.257377], [-121.609438, 45.257487], [-121.606261, 45.257555], [-121.589888, 45.257796], [-121.586084, 45.257848], [-121.583735, 45.257881], [-121.563079, 45.257762], [-121.558882, 45.257789], [-121.553853, 45.257821], [-121.543029, 45.258061], [-121.534555, 45.25804], [-121.512815, 45.25805], [-121.501795, 45.258203], [-121.490492, 45.258149], [-121.481888, 45.258128], [-121.481088, 45.267314], [-121.480617, 45.272711], [-121.48061, 45.278383], [-121.480609, 45.279032], [-121.480494, 45.283069], [-121.480348, 45.287031], [-121.480581, 45.290202], [-121.480879, 45.294275], [-121.480817, 45.301339], [-121.480159, 45.315542], [-121.480722, 45.328877], [-121.480852, 45.332249], [-121.480866, 45.332664], [-121.481441, 45.34583], [-121.481488, 45.351309], [-121.481518, 45.354643], [-121.481811, 45.388675], [-121.481801, 45.399899], [-121.481798, 45.403625], [-121.481797, 45.406256], [-121.481719, 45.435496], [-121.481711, 45.442985], [-121.481708, 45.445577], [-121.481741, 45.457905], [-121.481784, 45.471347], [-121.481798, 45.475675], [-121.482056, 45.482753], [-121.481813, 45.490679], [-121.481782, 45.496448], [-121.481753, 45.505055], [-121.481985, 45.51356], [-121.482168, 45.519604], [-121.447278, 45.519416], [-121.441642, 45.519393], [-121.440642, 45.520065], [-121.440618, 45.523589], [-121.440599, 45.526179], [-121.440551, 45.53276], [-121.440542, 45.539979], [-121.440493, 45.553758], [-121.440506, 45.557146], [-121.440638, 45.563454], [-121.441135, 45.574299], [-121.441148, 45.574583], [-121.441719, 45.592584], [-121.441051, 45.606495], [-121.441071, 45.614389], [-121.441138, 45.631813], [-121.441489, 45.635401], [-121.441153, 45.635399], [-121.44145, 45.639349], [-121.441189, 45.649906], [-121.441238, 45.668855], [-121.441241, 45.670566], [-121.441019, 45.677571], [-121.4411, 45.688165], [-121.441149, 45.691658], [-121.441153, 45.691992], [-121.441155, 45.692135], [-121.441166, 45.692798], [-121.441229, 45.69728], [-121.462795, 45.701282], [-121.481615, 45.711382], [-121.494685, 45.718453], [-121.499098, 45.720747], [-121.511092, 45.722789], [-121.531984, 45.72634], [-121.534237, 45.726216], [-121.562723, 45.719912], [-121.631323, 45.704697], [-121.63812, 45.704774], [-121.668406, 45.705114], [-121.707295, 45.694836], [-121.735073, 45.694002], [-121.811197, 45.706708], [-121.867021, 45.693391], [-121.877152, 45.68676], [-121.901745, 45.670669], [-121.900667, 45.662316], [-121.904432, 45.658306], [-121.908134, 45.654558], [-121.922028, 45.649205], [-121.934987, 45.644231], [-121.940728, 45.644312], [-121.944908, 45.644378], [-121.951691, 45.644836], [-121.953602, 45.644251], [-121.954902, 45.643853], [-121.955775, 45.643586], [-121.96308, 45.632891], [-121.979177, 45.62481], [-121.983007, 45.622888], [-121.992304, 45.619748], [-122.003554, 45.615947], [-122.021054, 45.61478], [-122.044299, 45.609535], [-122.099952, 45.583995], [-122.102781, 45.58299], [-122.112317, 45.581337], [-122.116165, 45.581688], [-122.118018, 45.581856], [-122.141613, 45.584003], [-122.182864, 45.576781], [-122.200791, 45.565111], [-122.241349, 45.550737], [-122.249217, 45.548653], [-122.248993, 45.547745], [-122.262625, 45.544321], [-122.266701, 45.543841], [-122.29482, 45.543542], [-122.296601, 45.543641], [-122.331502, 45.548241], [-122.341812, 45.558502], [-122.352802, 45.569441], [-122.372226, 45.573905], [-122.380302, 45.575941], [-122.391802, 45.574541], [-122.401202, 45.571041], [-122.410706, 45.567633], [-122.416929, 45.566697], [-122.418354, 45.566657], [-122.438674, 45.563585], [-122.453891, 45.567312], [-122.459555, 45.570417], [-122.472339, 45.577153], [-122.475059, 45.578465], [-122.479315, 45.579761], [-122.492259, 45.58328], [-122.505332, 45.586033], [-122.523668, 45.589632], [-122.545786, 45.596165], [-122.549448, 45.597064], [-122.54995, 45.597182], [-122.550222, 45.597245], [-122.551279, 45.597443], [-122.561005, 45.59944], [-122.581406, 45.60394], [-122.586006, 45.60474], [-122.588923, 45.605221], [-122.602106, 45.60744], [-122.607706, 45.608139], [-122.634962, 45.609344], [-122.643907, 45.609739], [-122.675099, 45.618066], [-122.675332, 45.618162], [-122.682795, 45.621133], [-122.691123, 45.624804], [-122.691382, 45.624951], [-122.713309, 45.637438], [-122.738109, 45.644138], [-122.743553, 45.64686], [-122.76241, 45.656438], [-122.7644, 45.65359], [-122.765094, 45.6529], [-122.765077, 45.652887], [-122.767767, 45.649076], [-122.771321, 45.644907], [-122.785146, 45.636154], [-122.785651, 45.635725], [-122.78871, 45.633006], [-122.790567, 45.628146], [-122.791065, 45.626451], [-122.791098, 45.622189], [-122.790845, 45.619479], [-122.790063, 45.616892], [-122.788341, 45.614874], [-122.782539, 45.605642], [-122.77846, 45.599491], [-122.77716, 45.597975], [-122.771838, 45.591807], [-122.764308, 45.585316], [-122.756372, 45.58108], [-122.747077, 45.576997], [-122.738944, 45.572107], [-122.737299, 45.570865], [-122.736197, 45.568535], [-122.730522, 45.564932], [-122.725739, 45.562231], [-122.722695, 45.560297], [-122.7169, 45.557408], [-122.702642, 45.552166], [-122.697985, 45.550291], [-122.692003, 45.544869], [-122.690863, 45.543782], [-122.683269, 45.537922], [-122.683176, 45.537857], [-122.678037, 45.535282], [-122.673945, 45.531963], [-122.669003, 45.527626], [-122.668077, 45.528036], [-122.668056, 45.528045], [-122.667912, 45.528111], [-122.665347, 45.527158], [-122.665233, 45.527066], [-122.663013, 45.525848], [-122.661697, 45.525641], [-122.661693, 45.525398], [-122.660672, 45.525672], [-122.660675, 45.525537], [-122.656835, 45.527334], [-122.653558, 45.528396], [-122.65356, 45.528521], [-122.648137, 45.529858], [-122.644849, 45.530057], [-122.644859, 45.529906], [-122.637116, 45.530284], [-122.637127, 45.52998], [-122.635585, 45.530445], [-122.63468, 45.530722], [-122.633546, 45.531389], [-122.632039, 45.533016], [-122.631614, 45.533408], [-122.630624, 45.533925], [-122.629277, 45.534207], [-122.625723, 45.533706], [-122.622932, 45.533049], [-122.622947, 45.532494], [-122.622971, 45.531714], [-122.622977, 45.531519], [-122.62297, 45.530775], [-122.622988, 45.530034], [-122.622972, 45.529326], [-122.622998, 45.528596], [-122.622985, 45.527893], [-122.623001, 45.527168], [-122.620982, 45.527173], [-122.62121, 45.526444], [-122.622518, 45.526449], [-122.622635, 45.526216], [-122.623006, 45.525694], [-122.623013, 45.524983], [-122.623008, 45.524267], [-122.623006, 45.52389], [-122.623005, 45.523537], [-122.623023, 45.522784], [-122.62303, 45.521705], [-122.623026, 45.520984], [-122.623028, 45.520285], [-122.623045, 45.519729], [-122.623007, 45.519293], [-122.62302, 45.518578], [-122.623005, 45.517867], [-122.622987, 45.517154], [-122.622954, 45.516521], [-122.622932, 45.51579], [-122.622908, 45.515017], [-122.622909, 45.514304], [-122.622923, 45.51359], [-122.622912, 45.512876], [-122.622824, 45.512043], [-122.623953, 45.512051], [-122.624486, 45.512052], [-122.62581, 45.512054], [-122.626751, 45.512055], [-122.627635, 45.512057], [-122.62821, 45.512058], [-122.628653, 45.512058], [-122.629579, 45.51206], [-122.630575, 45.51206], [-122.630876, 45.512062], [-122.631659, 45.512064], [-122.632722, 45.512067], [-122.633768, 45.512069], [-122.633747, 45.510792], [-122.632734, 45.51079], [-122.631591, 45.510788], [-122.631591, 45.509526], [-122.631591, 45.508822], [-122.63159, 45.5081], [-122.632711, 45.508252], [-122.6327, 45.507256], [-122.632681, 45.506274], [-122.632665, 45.505496], [-122.632662, 45.505146], [-122.632607, 45.504797], [-122.633568, 45.504799], [-122.633572, 45.503537], [-122.633575, 45.502461], [-122.633566, 45.501945], [-122.633554, 45.501232], [-122.631525, 45.50123], [-122.631522, 45.500516], [-122.63355, 45.500519], [-122.633546, 45.499806], [-122.633542, 45.499093], [-122.633519, 45.498203], [-122.633558, 45.496968], [-122.635559, 45.497315], [-122.636577, 45.497583], [-122.63759, 45.497789], [-122.639618, 45.49794], [-122.640633, 45.498192], [-122.641648, 45.498485], [-122.642614, 45.498769], [-122.643565, 45.499042], [-122.64464, 45.499351], [-122.645654, 45.499595], [-122.64844, 45.499908], [-122.648678, 45.499931], [-122.648785, 45.499944], [-122.648926, 45.499961], [-122.652137, 45.500662], [-122.652703, 45.500819], [-122.653151, 45.500922], [-122.654213, 45.501153], [-122.654782, 45.501264], [-122.655784, 45.501475], [-122.656791, 45.50154], [-122.657795, 45.501542], [-122.658819, 45.50155], [-122.6607, 45.501531], [-122.661075, 45.501503], [-122.661711, 45.501457], [-122.665103, 45.501184], [-122.665453, 45.497914], [-122.66691, 45.493594], [-122.668511, 45.489634], [-122.668865, 45.486618], [-122.669145, 45.484237], [-122.668329, 45.479386], [-122.667554, 45.474783], [-122.666484, 45.464933], [-122.666484, 45.464334], [-122.66357, 45.464339], [-122.661371, 45.464327], [-122.660013, 45.464321], [-122.659, 45.464326], [-122.657986, 45.464326], [-122.656973, 45.464325], [-122.654985, 45.464324], [-122.652997, 45.464323], [-122.651009, 45.464322], [-122.649022, 45.46432], [-122.647042, 45.464319], [-122.645054, 45.464318], [-122.645053, 45.465031], [-122.643065, 45.465029], [-122.643124, 45.464317], [-122.643066, 45.464316], [-122.641557, 45.464312], [-122.641257, 45.464273], [-122.638369, 45.464269], [-122.637172, 45.464285], [-122.638322, 45.469272], [-122.635492, 45.469844], [-122.635483, 45.470163], [-122.634443, 45.47005], [-122.633423, 45.469726], [-122.632415, 45.46952], [-122.631395, 45.469496], [-122.630388, 45.469205], [-122.629441, 45.469314], [-122.629192, 45.469323], [-122.629191, 45.471003], [-122.628244, 45.471022], [-122.627223, 45.470771], [-122.626231, 45.4705], [-122.626216, 45.471198], [-122.626214, 45.471826], [-122.624374, 45.471825], [-122.624364, 45.471197], [-122.622599, 45.471197], [-122.621035, 45.471195], [-122.619487, 45.471194], [-122.619497, 45.471893], [-122.61745, 45.471893], [-122.615996, 45.471895], [-122.614549, 45.471896], [-122.613974, 45.471896], [-122.61345, 45.472581], [-122.611986, 45.472579], [-122.611423, 45.472579], [-122.60985, 45.47262], [-122.609516, 45.473567], [-122.608731, 45.47583], [-122.608718, 45.476283], [-122.60872, 45.476996], [-122.608721, 45.477487], [-122.608722, 45.477708], [-122.608724, 45.478422], [-122.608727, 45.479163], [-122.607336, 45.479164], [-122.604765, 45.479165], [-122.602188, 45.479162], [-122.599615, 45.479159], [-122.597041, 45.479155], [-122.594455, 45.479152], [-122.591887, 45.479283], [-122.589292, 45.479516], [-122.588364, 45.479576], [-122.588005, 45.479599], [-122.586723, 45.479607], [-122.584152, 45.479601], [-122.581596, 45.479608], [-122.580918, 45.479575], [-122.579009, 45.47947], [-122.578479, 45.479454], [-122.577974, 45.479441], [-122.577469, 45.479428], [-122.576963, 45.479414], [-122.576374, 45.479388], [-122.575919, 45.479364], [-122.575397, 45.479351], [-122.574895, 45.479342], [-122.574426, 45.479332], [-122.573399, 45.479296], [-122.572433, 45.479283], [-122.571467, 45.479266], [-122.570563, 45.479249], [-122.569603, 45.479219], [-122.568612, 45.479123], [-122.565928, 45.478331], [-122.565731, 45.473473], [-122.565678, 45.472568], [-122.565233, 45.472866], [-122.563779, 45.47374], [-122.563555, 45.473878], [-122.561176, 45.474383], [-122.561126, 45.474163], [-122.561192, 45.473879], [-122.562187, 45.473423], [-122.564295, 45.470792], [-122.56471, 45.468865], [-122.565453, 45.468623], [-122.565539, 45.468347], [-122.565971, 45.468357], [-122.56701, 45.466454], [-122.568538, 45.464687], [-122.571309, 45.461392], [-122.570847, 45.461388], [-122.570126, 45.46138], [-122.568617, 45.461365], [-122.565483, 45.461307], [-122.564761, 45.461287], [-122.563168, 45.461216], [-122.558255, 45.461062], [-122.55301, 45.461053], [-122.548002, 45.461045], [-122.547138, 45.460937], [-122.544511, 45.460304], [-122.54303, 45.45956], [-122.541789, 45.458188], [-122.540964, 45.456868], [-122.540904, 45.45674], [-122.540846, 45.456617], [-122.540824, 45.456571], [-122.540489, 45.455886], [-122.539271, 45.453569], [-122.537795, 45.451467], [-122.536993, 45.451009], [-122.534718, 45.449327], [-122.532377, 45.447074], [-122.530923, 45.44695], [-122.530879, 45.444748], [-122.531629, 45.442849], [-122.531838, 45.442679], [-122.533853, 45.439839], [-122.535496, 45.438302], [-122.537839, 45.435962], [-122.538048, 45.434603], [-122.538054, 45.434146], [-122.538059, 45.433824], [-122.538062, 45.433595], [-122.538068, 45.433234], [-122.538068, 45.433182], [-122.538072, 45.433071], [-122.538073, 45.433047], [-122.538079, 45.432886], [-122.538102, 45.432311], [-122.538102, 45.432302], [-122.538101, 45.431983], [-122.537959, 45.431995], [-122.537739, 45.432013], [-122.535793, 45.432008], [-122.535793, 45.431972], [-122.534703, 45.431938], [-122.533423, 45.431926], [-122.533415, 45.432034], [-122.533389, 45.432279], [-122.529105, 45.432252], [-122.529053, 45.436084], [-122.527748, 45.436075], [-122.527766, 45.432375], [-122.527715, 45.430309], [-122.52775, 45.429641], [-122.527743, 45.429101], [-122.527699, 45.429101], [-122.527641, 45.429098], [-122.527625, 45.429095], [-122.527344, 45.429093], [-122.527071, 45.429091], [-122.526947, 45.42909], [-122.526912, 45.429089], [-122.526878, 45.429085], [-122.526845, 45.429079], [-122.526814, 45.429072], [-122.526785, 45.429063], [-122.526757, 45.429052], [-122.52673, 45.429039], [-122.526705, 45.429024], [-122.526682, 45.429009], [-122.52666, 45.428991], [-122.526641, 45.428973], [-122.526589, 45.428885], [-122.526584, 45.428873], [-122.526548, 45.428798], [-122.526538, 45.428785], [-122.526519, 45.428755], [-122.526509, 45.428741], [-122.526565, 45.428715], [-122.526587, 45.428701], [-122.526531, 45.42866], [-122.526125, 45.428358], [-122.526661, 45.428362], [-122.526608, 45.428604], [-122.526597, 45.428655], [-122.526622, 45.428675], [-122.526654, 45.428701], [-122.526681, 45.428749], [-122.526704, 45.428789], [-122.526746, 45.428875], [-122.526753, 45.428887], [-122.526761, 45.4289], [-122.526771, 45.428911], [-122.526782, 45.428922], [-122.526794, 45.428933], [-122.526808, 45.428942], [-122.526823, 45.428951], [-122.526839, 45.428958], [-122.526856, 45.428965], [-122.526873, 45.42897], [-122.526892, 45.428975], [-122.52691, 45.428978], [-122.526929, 45.42898], [-122.526949, 45.428981], [-122.527067, 45.428982], [-122.527339, 45.428984], [-122.527476, 45.428985], [-122.527627, 45.428986], [-122.52764, 45.428983], [-122.527656, 45.428974], [-122.527663, 45.428958], [-122.527663, 45.428739], [-122.527662, 45.42865], [-122.527662, 45.428555], [-122.527662, 45.428522], [-122.527695, 45.428522], [-122.527732, 45.428521], [-122.527722, 45.428038], [-122.525537, 45.428008], [-122.524109, 45.428005], [-122.52305, 45.428098], [-122.522178, 45.428113], [-122.520548, 45.428109], [-122.520505, 45.42747], [-122.520371, 45.426826], [-122.520135, 45.426531], [-122.520108, 45.425021], [-122.517486, 45.424993], [-122.517485, 45.42493], [-122.514921, 45.424872], [-122.514924, 45.424776], [-122.514961, 45.423645], [-122.514958, 45.422962], [-122.516099, 45.422957], [-122.516085, 45.422252], [-122.517399, 45.42225], [-122.517381, 45.42081], [-122.51738, 45.420727], [-122.517368, 45.41949], [-122.517421, 45.415482], [-122.517427, 45.415086], [-122.517434, 45.414748], [-122.517945, 45.413296], [-122.51798, 45.412812], [-122.51748, 45.412364], [-122.517501, 45.410104], [-122.517539, 45.409202], [-122.517511, 45.408403], [-122.515404, 45.409603], [-122.513788, 45.409314], [-122.512352, 45.408531], [-122.507683, 45.403351], [-122.507344, 45.401287], [-122.50693, 45.400642], [-122.505041, 45.398443], [-122.502495, 45.395721], [-122.500345, 45.394717], [-122.497382, 45.393051], [-122.497299, 45.393017], [-122.497246, 45.393008], [-122.496976, 45.393551], [-122.496948, 45.393627], [-122.49693, 45.393699], [-122.496929, 45.39383], [-122.496965, 45.393989], [-122.496991, 45.394057], [-122.497094, 45.394261], [-122.497057, 45.394253], [-122.496862, 45.394233], [-122.49668, 45.394203], [-122.496528, 45.394178], [-122.49659, 45.393991], [-122.496587, 45.393931], [-122.496608, 45.393867], [-122.49666, 45.39378], [-122.496671, 45.393758], [-122.496623, 45.393745], [-122.494304, 45.39366], [-122.494113, 45.394231], [-122.493365, 45.394112], [-122.493295, 45.394103], [-122.493308, 45.393748], [-122.49319, 45.393837], [-122.492796, 45.393839], [-122.492719, 45.393882], [-122.49236, 45.393893], [-122.492152, 45.393963], [-122.491956, 45.39395], [-122.491515, 45.393969], [-122.491227, 45.39407], [-122.491048, 45.394043], [-122.490887, 45.394086], [-122.490736, 45.394212], [-122.490652, 45.394368], [-122.490519, 45.394427], [-122.490414, 45.394398], [-122.489643, 45.39391], [-122.489489, 45.393788], [-122.487911, 45.392591], [-122.485298, 45.391968], [-122.484977, 45.391815], [-122.484313, 45.391747], [-122.482247, 45.391536], [-122.47985, 45.39062], [-122.478187, 45.391898], [-122.476491, 45.392528], [-122.473745, 45.392169], [-122.471313, 45.391186], [-122.470346, 45.386551], [-122.470564, 45.384987], [-122.468496, 45.384236], [-122.463237, 45.384062], [-122.450806, 45.38426], [-122.450781, 45.384641], [-122.448997, 45.38448], [-122.444519, 45.383076], [-122.439507, 45.383999], [-122.436684, 45.385677], [-122.434891, 45.388348], [-122.433571, 45.389648], [-122.432236, 45.389896], [-122.424324, 45.388626], [-122.422157, 45.389175], [-122.420174, 45.388252], [-122.416183, 45.385666], [-122.413514, 45.382042], [-122.413676, 45.381959], [-122.41317, 45.381349], [-122.41193, 45.380405], [-122.410582, 45.378975], [-122.409719, 45.378136], [-122.408286, 45.377777], [-122.406542, 45.377506], [-122.405747, 45.377704], [-122.404352, 45.377702], [-122.401979, 45.376349], [-122.401304, 45.37534], [-122.398193, 45.373214], [-122.398568, 45.371142], [-122.397969, 45.370691], [-122.397556, 45.369389], [-122.397594, 45.368406], [-122.397032, 45.367636], [-122.395344, 45.366133], [-122.394434, 45.365572], [-122.392256, 45.364422], [-122.386748, 45.361096], [-122.386074, 45.360456], [-122.385227, 45.359384], [-122.384101, 45.358278], [-122.38327, 45.3572], [-122.382132, 45.356433], [-122.381619, 45.355914], [-122.381407, 45.355216], [-122.381547, 45.354607], [-122.382494, 45.353752], [-122.382733, 45.353221], [-122.384171, 45.351921], [-122.384308, 45.351311], [-122.385101, 45.349209], [-122.383362, 45.346478], [-122.380363, 45.345257], [-122.380821, 45.341843], [-122.382515, 45.340401], [-122.388504, 45.338402], [-122.389381, 45.337341], [-122.387268, 45.335712], [-122.385139, 45.335049], [-122.382683, 45.333302], [-122.380699, 45.331181], [-122.380608, 45.329201], [-122.381134, 45.322624], [-122.382408, 45.319954], [-122.383476, 45.31855], [-122.387054, 45.316223], [-122.386017, 45.314827], [-122.382645, 45.313725], [-122.381508, 45.313965], [-122.379883, 45.314156], [-122.378304, 45.313618], [-122.376518, 45.312355], [-122.372795, 45.31139], [-122.371376, 45.310555], [-122.368095, 45.310787], [-122.366104, 45.31049], [-122.364311, 45.309219], [-122.362572, 45.309479], [-122.361626, 45.308361], [-122.363884, 45.306087], [-122.367134, 45.30415], [-122.367958, 45.302929], [-122.368195, 45.300541], [-122.367676, 45.297226], [-122.366356, 45.296844], [-122.362312, 45.29929], [-122.361404, 45.299332], [-122.357697, 45.300819], [-122.356293, 45.301117], [-122.351219, 45.30022], [-122.351318, 45.299727], [-122.351262, 45.299378], [-122.350559, 45.299223], [-122.350454, 45.299352], [-122.348412, 45.297328], [-122.347126, 45.294921], [-122.344756, 45.293674], [-122.343812, 45.292425], [-122.344291, 45.289553], [-122.343904, 45.287642], [-122.342621, 45.28647], [-122.340118, 45.285284], [-122.334746, 45.283141], [-122.332625, 45.282535], [-122.332146, 45.282431], [-122.332072, 45.282553], [-122.331871, 45.283209], [-122.331614, 45.283866], [-122.328738, 45.282532], [-122.328024, 45.28223], [-122.328019, 45.282395], [-122.325941, 45.281474], [-122.325945, 45.281421], [-122.325628, 45.281297], [-122.325476, 45.281232], [-122.325217, 45.281092], [-122.324904, 45.28092], [-122.324368, 45.280553], [-122.324554, 45.280553], [-122.321904, 45.278151], [-122.320662, 45.276123], [-122.319512, 45.273832], [-122.319359, 45.273534], [-122.319143, 45.273132], [-122.318177, 45.271815], [-122.31791, 45.270897], [-122.314456, 45.268249], [-122.31429, 45.267225], [-122.314281, 45.267045], [-122.315811, 45.267521], [-122.319753, 45.26812], [-122.320976, 45.268429], [-122.321159, 45.268497], [-122.32151, 45.268711], [-122.321808, 45.268963], [-122.321899, 45.269096], [-122.32205, 45.269451], [-122.332609, 45.269496], [-122.332757, 45.266864], [-122.332908, 45.261963], [-122.326451, 45.261915], [-122.32637, 45.258621], [-122.325949, 45.258313], [-122.321356, 45.258241], [-122.320524, 45.257784], [-122.320578, 45.255622], [-122.317563, 45.255218], [-122.317396, 45.250707], [-122.311946, 45.250698], [-122.311491, 45.250382], [-122.311568, 45.239757], [-122.311203, 45.238637], [-122.305298, 45.238552], [-122.302454, 45.236877], [-122.295908, 45.236783], [-122.294511, 45.235018], [-122.291326, 45.232445], [-122.2907, 45.231201], [-122.291638, 45.229502], [-122.28793, 45.229559], [-122.265687, 45.230119], [-122.266615, 45.230767], [-122.266032, 45.231635], [-122.262699, 45.231771], [-122.262699, 45.232411], [-122.264767, 45.235704], [-122.264022, 45.23607], [-122.262081, 45.235292], [-122.26163, 45.233874], [-122.260627, 45.233119], [-122.256204, 45.228839], [-122.254793, 45.228821], [-122.251816, 45.224731], [-122.249718, 45.223042], [-122.245506, 45.221069], [-122.241203, 45.218235], [-122.238274, 45.215266], [-122.236475, 45.215349], [-122.235547, 45.215392], [-122.230516, 45.215626], [-122.230516, 45.230188], [-122.220933, 45.224804], [-122.220273, 45.224181], [-122.219892, 45.222098], [-122.216549, 45.21433], [-122.212952, 45.212317], [-122.210802, 45.209738], [-122.207493, 45.207392], [-122.205025, 45.206775], [-122.200796, 45.205024], [-122.197314, 45.205445], [-122.195306, 45.205303], [-122.19246, 45.20627], [-122.183873, 45.205353], [-122.181455, 45.204555], [-122.177485, 45.205327], [-122.173492, 45.204817], [-122.171995, 45.205063], [-122.168485, 45.204473], [-122.166085, 45.203671], [-122.164063, 45.203763], [-122.160642, 45.202873], [-122.159437, 45.203005], [-122.160049, 45.203983], [-122.156889, 45.204997], [-122.155197, 45.204455], [-122.154654, 45.202914], [-122.152803, 45.202605], [-122.150179, 45.203644], [-122.149934, 45.204249], [-122.151706, 45.204479], [-122.150149, 45.204581], [-122.14287, 45.202842], [-122.141053, 45.203726], [-122.138332, 45.203111], [-122.134803, 45.20449], [-122.132679, 45.203464], [-122.129699, 45.203895], [-122.128371, 45.203295], [-122.126836, 45.203389], [-122.125266, 45.204271], [-122.123996, 45.203787], [-122.120397, 45.204378], [-122.118684, 45.204388], [-122.116006, 45.203711], [-122.113371, 45.204441], [-122.112593, 45.203782], [-122.109408, 45.203977], [-122.109556, 45.204788], [-122.108144, 45.20592], [-122.105978, 45.205962], [-122.106219, 45.20705], [-122.10432, 45.20816], [-122.10149, 45.208132], [-122.100548, 45.209788], [-122.096703, 45.211355], [-122.095118, 45.211438], [-122.093493, 45.210439], [-122.090638, 45.210448], [-122.087942, 45.21125], [-122.083025, 45.212328], [-122.079382, 45.213683], [-122.077058, 45.214841], [-122.073818, 45.216939], [-122.071424, 45.217998], [-122.069747, 45.218005], [-122.067918, 45.216952], [-122.067054, 45.215884], [-122.066912, 45.214619], [-122.065494, 45.212509], [-122.065186, 45.210657], [-122.064175, 45.209966], [-122.062407, 45.210193], [-122.060764, 45.209641], [-122.059255, 45.209702], [-122.055779, 45.211083], [-122.05421, 45.212252], [-122.052503, 45.212327], [-122.050908, 45.2112], [-122.048978, 45.21131], [-122.04798, 45.212751], [-122.045557, 45.213867], [-122.044443, 45.214848], [-122.044317, 45.215825], [-122.042803, 45.21615], [-122.03957, 45.216111], [-122.036793, 45.217041], [-122.034666, 45.218866], [-122.032653, 45.219478], [-122.030261, 45.219584], [-122.02918, 45.218642], [-122.030005, 45.217128], [-122.028874, 45.217077], [-122.026073, 45.220182], [-122.023912, 45.220171], [-122.024933, 45.218884], [-122.026848, 45.218311], [-122.028267, 45.215569], [-122.027885, 45.21278], [-122.029327, 45.210327], [-122.029358, 45.208122], [-122.028206, 45.205875], [-122.023842, 45.203381], [-122.021744, 45.202785], [-122.022682, 45.200844], [-122.021645, 45.200939], [-122.020355, 45.202351], [-122.018349, 45.202396], [-122.015274, 45.202965], [-122.014275, 45.204041], [-122.010201, 45.205021], [-122.009682, 45.205479], [-122.006508, 45.204334], [-122.00502, 45.204357], [-122.002329, 45.203321], [-122.002622, 45.229189], [-122.002671, 45.232298], [-122.002991, 45.259487], [-122.002966, 45.260859], [-121.986381, 45.260932], [-121.946634, 45.261045], [-121.945076, 45.262844], [-121.944809, 45.264809], [-121.942795, 45.265701], [-121.941559, 45.266834], [-121.941986, 45.268673], [-121.940065, 45.270332], [-121.938202, 45.272171]]]]}}, {"type": "Feature", "properties": {"id": 4, "NAME": "4", "text-color": "#000000", "text-size": 16, "TotalPop": 706208, "PopDevPct": -1.89e-06, "DemPct": 0.54672999, "RepPct": 0.42039078, "WhitePct": 0.81369305, "MinorityPct": 0.18630695, "BlackPct": 0.01618123, "HispanicPct": 0.0734547, "PacificPct": 0.00593054, "AsianPct": 0.04063287, "NativePct": 0.04610231, "TotalVAP": 581229, "Margin": 0.04672999, "color": "#FF0000", "opacity": "0.5", "year": 2022, "state": "OR", "state-district": "OR-04"}, "geometry": {"type": "MultiPolygon", "coordinates": [[[[-124.013345, 42.412677], [-124.013221, 42.413554], [-124.012634, 42.414707], [-124.012047, 42.415514], [-124.011947, 42.416244], [-124.011261, 42.416831], [-124.010963, 42.417347], [-124.010277, 42.417786], [-124.009392, 42.418667], [-124.008896, 42.419689], [-124.008804, 42.42064], [-124.009491, 42.421372], [-124.01107, 42.42166], [-124.012161, 42.422461], [-124.013153, 42.423551], [-124.012955, 42.424138], [-124.011673, 42.425383], [-124.009605, 42.426559], [-124.009308, 42.427219], [-124.009804, 42.427732], [-124.010498, 42.427947], [-124.011192, 42.428382], [-124.011879, 42.429186], [-124.013168, 42.429986], [-124.013962, 42.430717], [-124.014854, 42.432393], [-124.014953, 42.433347], [-124.014755, 42.434222], [-124.013573, 42.435323], [-124.012695, 42.437005], [-124.012001, 42.437813], [-124.01033, 42.440741], [-124.009544, 42.441694], [-124.008759, 42.442133], [-124.007378, 42.442433], [-124.006096, 42.442944], [-124.005303, 42.443096], [-124.005012, 42.443314], [-124.003136, 42.443538], [-124.002251, 42.444271], [-124.001854, 42.445152], [-124.002052, 42.445956], [-124.002945, 42.446755], [-124.004333, 42.448436], [-124.004532, 42.448947], [-124.004433, 42.449822], [-124.004622, 42.450685], [-124.004631, 42.451355], [-124.003349, 42.451943], [-124.002662, 42.452751], [-124.001678, 42.453484], [-124.001381, 42.453996], [-124.00148, 42.455021], [-124.002869, 42.456333], [-124.005242, 42.458082], [-124.005737, 42.458663], [-124.005936, 42.459467], [-124.005844, 42.461733], [-124.004413, 42.462601], [-124.003082, 42.462694], [-124.002215, 42.463395], [-124.001396, 42.465185], [-124.001263, 42.466299], [-124.001347, 42.46728], [-124.002005, 42.469161], [-124.002807, 42.470441], [-124.003105, 42.47161], [-124.003113, 42.473951], [-124.002716, 42.474972], [-124.002426, 42.476582], [-124.00193, 42.477609], [-124.001739, 42.481042], [-124.002144, 42.481921], [-124.002045, 42.48316], [-124.002243, 42.484041], [-124.002964, 42.485336], [-124.003455, 42.48593], [-124.004425, 42.486665], [-124.006004, 42.487466], [-124.006302, 42.488053], [-124.007195, 42.48878], [-124.008385, 42.488922], [-124.009281, 42.489288], [-124.011647, 42.489447], [-124.011608, 42.489652], [-124.011544, 42.489628], [-124.011507, 42.489849], [-124.010456, 42.494019], [-124.008397, 42.496352], [-124.005475, 42.496918], [-124.001195, 42.496875], [-123.998129, 42.500422], [-123.995531, 42.500832], [-123.992775, 42.499595], [-123.990256, 42.501621], [-123.988482, 42.501979], [-123.987687, 42.501544], [-123.986202, 42.498229], [-123.981442, 42.497167], [-123.978035, 42.49761], [-123.972112, 42.495364], [-123.969199, 42.496028], [-123.967916, 42.497228], [-123.964007, 42.49732], [-123.962014, 42.497958], [-123.961176, 42.498816], [-123.958133, 42.498238], [-123.956422, 42.498797], [-123.952541, 42.499311], [-123.949711, 42.500487], [-123.947539, 42.500474], [-123.945943, 42.501334], [-123.943053, 42.501312], [-123.941841, 42.500867], [-123.938921, 42.50113], [-123.93669, 42.500293], [-123.935837, 42.499437], [-123.934826, 42.497079], [-123.932984, 42.496023], [-123.929368, 42.496048], [-123.928109, 42.494563], [-123.926059, 42.494345], [-123.923228, 42.495021], [-123.919321, 42.494737], [-123.917355, 42.495798], [-123.915768, 42.495396], [-123.913158, 42.496146], [-123.910798, 42.497435], [-123.908023, 42.496903], [-123.904993, 42.499165], [-123.902759, 42.499584], [-123.900611, 42.498416], [-123.897998, 42.499058], [-123.89549, 42.498997], [-123.894213, 42.499925], [-123.890657, 42.500538], [-123.888662, 42.502978], [-123.886997, 42.503282], [-123.885746, 42.504233], [-123.886257, 42.505436], [-123.884898, 42.506279], [-123.885552, 42.507625], [-123.884731, 42.508401], [-123.881088, 42.509181], [-123.879821, 42.509885], [-123.880309, 42.511588], [-123.877937, 42.51279], [-123.875662, 42.512992], [-123.875256, 42.51372], [-123.876505, 42.514814], [-123.876929, 42.516203], [-123.876055, 42.516799], [-123.878426, 42.519959], [-123.879224, 42.522047], [-123.878488, 42.524647], [-123.875677, 42.526195], [-123.875902, 42.527805], [-123.874554, 42.528675], [-123.875128, 42.530067], [-123.87338, 42.531188], [-123.872161, 42.533372], [-123.870714, 42.534203], [-123.871196, 42.535158], [-123.868406, 42.536341], [-123.865843, 42.539031], [-123.865974, 42.540313], [-123.865156, 42.542134], [-123.863521, 42.542232], [-123.86202, 42.543315], [-123.861708, 42.544375], [-123.860259, 42.545242], [-123.859596, 42.546665], [-123.858651, 42.546875], [-123.855858, 42.548699], [-123.854798, 42.549736], [-123.855219, 42.551791], [-123.856672, 42.553775], [-123.859311, 42.556281], [-123.860751, 42.559512], [-123.860883, 42.560754], [-123.859671, 42.562393], [-123.860305, 42.563091], [-123.858754, 42.564143], [-123.858642, 42.565058], [-123.857235, 42.566509], [-123.855639, 42.567228], [-123.853474, 42.569663], [-123.853456, 42.570941], [-123.850644, 42.573592], [-123.850036, 42.574579], [-123.850134, 42.57809], [-123.849517, 42.579542], [-123.850178, 42.581966], [-123.849558, 42.583718], [-123.846549, 42.586258], [-123.84331, 42.587515], [-123.841223, 42.587864], [-123.840861, 42.588961], [-123.838165, 42.590295], [-123.836711, 42.59149], [-123.835668, 42.591633], [-123.830315, 42.595067], [-123.830695, 42.596244], [-123.830469, 42.598106], [-123.82926, 42.599452], [-123.828889, 42.601057], [-123.829275, 42.601793], [-123.828393, 42.604497], [-123.828618, 42.606107], [-123.827067, 42.607046], [-123.824234, 42.607575], [-123.821583, 42.60913], [-123.82086, 42.611139], [-123.819403, 42.612446], [-123.819017, 42.615042], [-123.81985, 42.615779], [-123.821526, 42.619743], [-123.824321, 42.621925], [-123.824264, 42.622398], [-123.828568, 42.625339], [-123.831689, 42.625798], [-123.831595, 42.627324], [-123.831264, 42.632313], [-123.81662, 42.649927], [-123.798285, 42.671989], [-123.796394, 42.674259], [-123.787354, 42.685132], [-123.779962, 42.694025], [-123.775158, 42.699803], [-123.774729, 42.700319], [-123.774581, 42.700429], [-123.773716, 42.700834], [-123.773833, 42.702858], [-123.772341, 42.704493], [-123.770488, 42.704685], [-123.76855, 42.70586], [-123.769484, 42.707279], [-123.769127, 42.708063], [-123.766875, 42.709109], [-123.765268, 42.711145], [-123.764535, 42.713543], [-123.762886, 42.715028], [-123.761074, 42.715876], [-123.760665, 42.717138], [-123.759135, 42.717906], [-123.758186, 42.720093], [-123.757263, 42.720584], [-123.754795, 42.72596], [-123.756231, 42.728067], [-123.756302, 42.729115], [-123.75543, 42.731791], [-123.754326, 42.732693], [-123.753487, 42.733692], [-123.753948, 42.734447], [-123.752868, 42.735736], [-123.751493, 42.738476], [-123.749697, 42.740965], [-123.749533, 42.742038], [-123.747579, 42.742576], [-123.74584, 42.744741], [-123.744552, 42.745262], [-123.744373, 42.746335], [-123.741852, 42.747987], [-123.739398, 42.751499], [-123.737502, 42.753118], [-123.737944, 42.757294], [-123.73667, 42.759577], [-123.736506, 42.760655], [-123.735183, 42.762842], [-123.735421, 42.764575], [-123.734322, 42.765701], [-123.733563, 42.767578], [-123.733021, 42.768945], [-123.731477, 42.769674], [-123.730022, 42.771115], [-123.729492, 42.772849], [-123.727794, 42.773809], [-123.725276, 42.774115], [-123.722426, 42.775141], [-123.721769, 42.7764], [-123.720119, 42.77747], [-123.72034, 42.780911], [-123.718719, 42.782694], [-123.716492, 42.784061], [-123.716766, 42.785273], [-123.718927, 42.784434], [-123.721345, 42.784066], [-123.723188, 42.783945], [-123.726832, 42.781526], [-123.732315, 42.780131], [-123.734082, 42.781753], [-123.735741, 42.782516], [-123.739229, 42.782865], [-123.740093, 42.783343], [-123.741725, 42.786552], [-123.743493, 42.787971], [-123.746879, 42.788228], [-123.750436, 42.787735], [-123.752421, 42.788245], [-123.754526, 42.789804], [-123.756486, 42.789808], [-123.759427, 42.79107], [-123.761476, 42.792391], [-123.764019, 42.792059], [-123.766112, 42.793468], [-123.76995, 42.794568], [-123.772712, 42.796821], [-123.773327, 42.797244], [-123.773673, 42.797456], [-123.778041, 42.797665], [-123.780349, 42.798915], [-123.78259, 42.799449], [-123.786955, 42.798574], [-123.787537, 42.798516], [-123.788408, 42.79832], [-123.788803, 42.79824], [-123.789263, 42.798147], [-123.789505, 42.79805], [-123.789603, 42.798008], [-123.789726, 42.797977], [-123.790435, 42.797806], [-123.790804, 42.797718], [-123.791299, 42.797534], [-123.7917, 42.797302], [-123.79207, 42.796934], [-123.792284, 42.796636], [-123.79239, 42.796411], [-123.794574, 42.794206], [-123.794622, 42.794156], [-123.794822, 42.794002], [-123.795111, 42.793699], [-123.795417, 42.79353], [-123.79544, 42.793522], [-123.795463, 42.793513], [-123.795867, 42.79336], [-123.796428, 42.792951], [-123.796456, 42.792936], [-123.79724, 42.79187], [-123.800444, 42.78959], [-123.803732, 42.787536], [-123.806976, 42.786983], [-123.808536, 42.787868], [-123.811546, 42.788215], [-123.811553, 42.788837], [-123.811541, 42.789541], [-123.81152, 42.792474], [-123.811535, 42.798636], [-123.811686, 42.812428], [-123.811776, 42.821341], [-123.811789, 42.824101], [-123.820439, 42.824112], [-123.819763, 42.838101], [-123.819379, 42.849378], [-123.819248, 42.8535], [-123.819147, 42.87607], [-123.819144, 42.884356], [-123.81915, 42.885135], [-123.819431, 42.90416], [-123.819439, 42.905365], [-123.819462, 42.907369], [-123.819496, 42.909661], [-123.820515, 42.909675], [-123.821426, 42.923191], [-123.821487, 42.931835], [-123.821102, 42.953493], [-123.821119, 42.964954], [-123.821118, 42.965129], [-123.821121, 42.965284], [-123.819138, 42.965229], [-123.817289, 42.965714], [-123.814021, 42.966373], [-123.811454, 42.965556], [-123.809784, 42.96465], [-123.807604, 42.964012], [-123.804877, 42.964314], [-123.800931, 42.963773], [-123.796997, 42.964042], [-123.793294, 42.965018], [-123.789188, 42.965135], [-123.785972, 42.96578], [-123.783111, 42.965511], [-123.778545, 42.966519], [-123.776576, 42.966636], [-123.773117, 42.965999], [-123.770528, 42.966132], [-123.769687, 42.966227], [-123.766462, 42.967703], [-123.764125, 42.968175], [-123.760875, 42.969889], [-123.757741, 42.970707], [-123.754108, 42.972308], [-123.753182, 42.972527], [-123.752306, 42.972714], [-123.747807, 42.973845], [-123.740565, 42.979844], [-123.738523, 42.981232], [-123.736321, 42.983625], [-123.735649, 42.985562], [-123.734117, 42.986547], [-123.730514, 42.987339], [-123.728883, 42.988167], [-123.728548, 42.989123], [-123.728615, 42.992538], [-123.728333, 42.993626], [-123.726486, 42.994633], [-123.722977, 42.995197], [-123.719711, 42.996853], [-123.717628, 42.998704], [-123.717139, 43.000402], [-123.715839, 43.001569], [-123.714943, 43.001881], [-123.714119, 43.002045], [-123.711456, 43.002331], [-123.710014, 43.002762], [-123.708939, 43.003529], [-123.708519, 43.004147], [-123.707985, 43.005314], [-123.707375, 43.006187], [-123.706703, 43.006855], [-123.704671, 43.008178], [-123.704435, 43.008323], [-123.702682, 43.009418], [-123.700598, 43.009964], [-123.695283, 43.011288], [-123.693453, 43.012641], [-123.689788, 43.016085], [-123.681278, 43.024062], [-123.679055, 43.026447], [-123.677775, 43.028104], [-123.677478, 43.028549], [-123.675078, 43.031823], [-123.673722, 43.033672], [-123.673034, 43.034631], [-123.67273, 43.035039], [-123.670883, 43.037612], [-123.670511, 43.038112], [-123.667421, 43.04236], [-123.665495, 43.044862], [-123.662982, 43.045995], [-123.661376, 43.047313], [-123.659128, 43.050916], [-123.653812, 43.059528], [-123.652768, 43.061225], [-123.650952, 43.064114], [-123.649849, 43.064856], [-123.647911, 43.065088], [-123.645053, 43.06436], [-123.643285, 43.064542], [-123.640181, 43.065589], [-123.638925, 43.066403], [-123.63684, 43.068666], [-123.634479, 43.068917], [-123.6274, 43.064592], [-123.624338, 43.063728], [-123.62173, 43.063911], [-123.619988, 43.064624], [-123.617223, 43.066847], [-123.612261, 43.068356], [-123.611853, 43.068478], [-123.611743, 43.068512], [-123.611406, 43.068606], [-123.610816, 43.068796], [-123.61063, 43.068849], [-123.610222, 43.068969], [-123.609656, 43.069133], [-123.608827, 43.069383], [-123.608166, 43.069583], [-123.607935, 43.069654], [-123.607365, 43.06983], [-123.606726, 43.070021], [-123.605248, 43.070464], [-123.604811, 43.070595], [-123.604775, 43.070606], [-123.604317, 43.070727], [-123.604167, 43.070764], [-123.602549, 43.070839], [-123.599596, 43.07055], [-123.597086, 43.071393], [-123.59559, 43.072263], [-123.593501, 43.073308], [-123.589365, 43.074939], [-123.580892, 43.078295], [-123.580067, 43.078783], [-123.570867, 43.087033], [-123.569705, 43.088926], [-123.569875, 43.090161], [-123.570024, 43.090934], [-123.569745, 43.091921], [-123.568026, 43.09327], [-123.564595, 43.095685], [-123.561697, 43.097525], [-123.550903, 43.101683], [-123.54418, 43.104243], [-123.531178, 43.107529], [-123.51942, 43.11042], [-123.515703, 43.111352], [-123.507763, 43.113324], [-123.505428, 43.114028], [-123.502483, 43.115956], [-123.50115, 43.116332], [-123.498479, 43.116163], [-123.494056, 43.114831], [-123.491446, 43.113168], [-123.483789, 43.10325], [-123.482113, 43.10177], [-123.477946, 43.10116], [-123.474152, 43.101541], [-123.470664, 43.104228], [-123.469888, 43.104549], [-123.457144, 43.108317], [-123.455024, 43.108642], [-123.455066, 43.103412], [-123.444473, 43.103433], [-123.443825, 43.104526], [-123.441176, 43.105834], [-123.443411, 43.107156], [-123.440816, 43.107581], [-123.439963, 43.105045], [-123.439802, 43.103508], [-123.435644, 43.10335], [-123.433242, 43.101665], [-123.430179, 43.097741], [-123.428852, 43.095904], [-123.426375, 43.0931], [-123.4207, 43.089117], [-123.415343, 43.085766], [-123.412991, 43.083371], [-123.410837, 43.082622], [-123.404846, 43.081766], [-123.403451, 43.081322], [-123.398672, 43.078732], [-123.396597, 43.078689], [-123.390698, 43.079222], [-123.387903, 43.079191], [-123.386487, 43.080765], [-123.384987, 43.083287], [-123.384208, 43.083891], [-123.383179, 43.089607], [-123.381671, 43.09095], [-123.378059, 43.092165], [-123.375813, 43.092086], [-123.374825, 43.091624], [-123.373439, 43.090813], [-123.371645, 43.088891], [-123.368245, 43.081638], [-123.3678, 43.079927], [-123.367323, 43.078876], [-123.367496, 43.077243], [-123.36874, 43.075255], [-123.367068, 43.074442], [-123.367486, 43.072812], [-123.365935, 43.072313], [-123.365396, 43.071435], [-123.363233, 43.070909], [-123.361112, 43.070295], [-123.358553, 43.071593], [-123.35579, 43.071882], [-123.355576, 43.072002], [-123.357884, 43.074068], [-123.362843, 43.078661], [-123.364064, 43.080247], [-123.367491, 43.088859], [-123.367755, 43.090604], [-123.366862, 43.102396], [-123.36614, 43.103858], [-123.36329, 43.105067], [-123.359724, 43.105301], [-123.3575, 43.106276], [-123.35519, 43.10888], [-123.354658, 43.11132], [-123.358162, 43.115503], [-123.359147, 43.117876], [-123.36302, 43.123579], [-123.363677, 43.124955], [-123.363961, 43.127248], [-123.364614, 43.144961], [-123.361286, 43.145022], [-123.361346, 43.146979], [-123.362884, 43.147393], [-123.362392, 43.148324], [-123.362457, 43.151573], [-123.361393, 43.153029], [-123.361238, 43.154941], [-123.362129, 43.15749], [-123.362226, 43.160495], [-123.36523, 43.160507], [-123.365386, 43.165047], [-123.366053, 43.167426], [-123.365543, 43.168531], [-123.364714, 43.169658], [-123.364119, 43.170338], [-123.361904, 43.172423], [-123.361258, 43.17316], [-123.360823, 43.173845], [-123.360519, 43.174684], [-123.360405, 43.175461], [-123.360501, 43.176554], [-123.361067, 43.177855], [-123.3619, 43.178866], [-123.362908, 43.179671], [-123.363829, 43.180274], [-123.363924, 43.180333], [-123.364361, 43.180662], [-123.36447, 43.180744], [-123.364547, 43.180802], [-123.364759, 43.180982], [-123.348671, 43.191502], [-123.348699, 43.190532], [-123.347219, 43.190516], [-123.347194, 43.192451], [-123.345396, 43.192419], [-123.345131, 43.192467], [-123.345153, 43.192531], [-123.345223, 43.192739], [-123.345266, 43.192816], [-123.345462, 43.193168], [-123.34563, 43.193487], [-123.337555, 43.198749], [-123.33701, 43.19886], [-123.332698, 43.199734], [-123.330511, 43.199732], [-123.33018, 43.197215], [-123.329325, 43.195583], [-123.327732, 43.194844], [-123.326279, 43.194992], [-123.325669, 43.195833], [-123.326732, 43.197644], [-123.326259, 43.200744], [-123.321267, 43.202026], [-123.306828, 43.205041], [-123.300682, 43.205457], [-123.299595, 43.205583], [-123.298576, 43.205698], [-123.284664, 43.207295], [-123.283976, 43.207233], [-123.265515, 43.206374], [-123.251556, 43.205723], [-123.2488, 43.206291], [-123.24558, 43.206385], [-123.243889, 43.203152], [-123.242042, 43.202006], [-123.241433, 43.201785], [-123.238718, 43.201774], [-123.235333, 43.201877], [-123.233256, 43.203229], [-123.231433, 43.203811], [-123.231096, 43.204915], [-123.22988, 43.205448], [-123.229087, 43.206855], [-123.226621, 43.206825], [-123.220478, 43.206303], [-123.218702, 43.206711], [-123.216633, 43.207928], [-123.214011, 43.208006], [-123.209414, 43.207947], [-123.206795, 43.207511], [-123.200985, 43.205597], [-123.198979, 43.205466], [-123.198672, 43.206395], [-123.197913, 43.205932], [-123.192218, 43.205829], [-123.188791, 43.20533], [-123.183933, 43.204851], [-123.181377, 43.205048], [-123.174383, 43.206431], [-123.170921, 43.206158], [-123.16932, 43.206767], [-123.165437, 43.209062], [-123.162665, 43.210244], [-123.159482, 43.211137], [-123.153709, 43.213075], [-123.1515, 43.21463], [-123.149286, 43.216727], [-123.146227, 43.217692], [-123.143174, 43.21794], [-123.140949, 43.218431], [-123.137008, 43.21975], [-123.135134, 43.221634], [-123.134095, 43.226177], [-123.132232, 43.228454], [-123.132209, 43.230662], [-123.129391, 43.232311], [-123.125557, 43.233405], [-123.123696, 43.234883], [-123.121428, 43.235821], [-123.118584, 43.239438], [-123.112828, 43.242598], [-123.106892, 43.246801], [-123.102579, 43.249022], [-123.0915, 43.255643], [-123.079024, 43.263627], [-123.076851, 43.264989], [-123.075316, 43.266143], [-123.075797, 43.266752], [-123.074993, 43.267751], [-123.075413, 43.268786], [-123.074708, 43.269617], [-123.074934, 43.270714], [-123.075296, 43.271407], [-123.070366, 43.271043], [-123.069407, 43.271221], [-123.066442, 43.270858], [-123.063715, 43.269955], [-123.061702, 43.269715], [-123.059228, 43.270537], [-123.058188, 43.271562], [-123.055572, 43.271866], [-123.050019, 43.270706], [-123.046362, 43.269836], [-123.043569, 43.268879], [-123.041529, 43.268752], [-123.039648, 43.269492], [-123.037426, 43.269328], [-123.034004, 43.267972], [-123.033141, 43.26728], [-123.032568, 43.265439], [-123.025246, 43.264223], [-123.023453, 43.263857], [-123.015444, 43.262346], [-123.014344, 43.262138], [-123.011731, 43.262961], [-123.010963, 43.262754], [-123.005134, 43.264475], [-123.003852, 43.266137], [-123.002205, 43.267046], [-123.000496, 43.265986], [-122.999423, 43.266516], [-122.997002, 43.268845], [-122.995448, 43.268333], [-122.993435, 43.268272], [-122.991841, 43.268557], [-122.990017, 43.270804], [-122.988457, 43.26948], [-122.987556, 43.269335], [-122.987179, 43.270484], [-122.985637, 43.269091], [-122.981129, 43.269287], [-122.979076, 43.271203], [-122.972498, 43.276806], [-122.961529, 43.283229], [-122.958784, 43.284967], [-122.959643, 43.285019], [-122.962361, 43.28654], [-122.959522, 43.28789], [-122.958184, 43.288016], [-122.955615, 43.289622], [-122.953353, 43.290558], [-122.951918, 43.290454], [-122.95037, 43.291667], [-122.948768, 43.2926], [-122.947894, 43.292124], [-122.947091, 43.292298], [-122.945902, 43.295349], [-122.944777, 43.298733], [-122.94642, 43.298951], [-122.951625, 43.300735], [-122.957345, 43.304607], [-122.9623, 43.307635], [-122.965116, 43.30855], [-122.966627, 43.310755], [-122.966644, 43.313401], [-122.969442, 43.314643], [-122.973305, 43.315839], [-122.975557, 43.317802], [-122.980689, 43.317336], [-122.98244, 43.317863], [-122.984121, 43.319503], [-122.987723, 43.31999], [-122.989685, 43.321446], [-122.993091, 43.323699], [-122.998572, 43.323863], [-122.998735, 43.324658], [-123.00116, 43.326463], [-123.00195, 43.327991], [-123.001642, 43.331044], [-123.002584, 43.332325], [-123.005372, 43.332595], [-123.005095, 43.333432], [-123.008865, 43.333652], [-123.010841, 43.333562], [-123.011835, 43.333126], [-123.01483, 43.329573], [-123.013349, 43.33197], [-123.014835, 43.333424], [-123.007508, 43.335764], [-123.005023, 43.335196], [-123.00431, 43.335037], [-123.0037, 43.337098], [-122.997864, 43.338395], [-122.996028, 43.339938], [-122.994941, 43.343257], [-122.994848, 43.345572], [-122.994164, 43.347275], [-122.993623, 43.349495], [-122.993736, 43.353038], [-122.99287, 43.357973], [-122.993846, 43.359084], [-122.995675, 43.360239], [-122.995857, 43.362275], [-123.000415, 43.364057], [-123.002953, 43.364567], [-123.004439, 43.364334], [-123.006228, 43.365778], [-123.008351, 43.366358], [-123.007802, 43.366899], [-123.009288, 43.367543], [-123.008965, 43.368142], [-123.010359, 43.369208], [-123.012077, 43.369426], [-123.013039, 43.369935], [-123.015113, 43.372657], [-123.018121, 43.373424], [-123.018718, 43.374453], [-123.017504, 43.376331], [-123.016485, 43.376423], [-123.016337, 43.377972], [-123.014022, 43.377317], [-123.012941, 43.377622], [-123.013216, 43.378578], [-123.015424, 43.380714], [-123.015372, 43.381755], [-123.013568, 43.381886], [-123.014744, 43.383919], [-123.013696, 43.385316], [-123.013501, 43.385181], [-123.006116, 43.387695], [-122.990515, 43.387682], [-122.988199, 43.38768], [-122.988276, 43.391057], [-122.988431, 43.401448], [-122.988556, 43.411398], [-122.988536, 43.416817], [-122.987367, 43.416827], [-122.985438, 43.416842], [-122.97012, 43.416965], [-122.970111, 43.417365], [-122.970074, 43.418938], [-122.970055, 43.419772], [-122.969901, 43.42636], [-122.969249, 43.43348], [-122.965756, 43.433105], [-122.9493, 43.432656], [-122.949292, 43.436592], [-122.949277, 43.443694], [-122.947147, 43.443993], [-122.940421, 43.445062], [-122.936, 43.446091], [-122.935107, 43.450204], [-122.935108, 43.450543], [-122.934931, 43.450699], [-122.932696, 43.451611], [-122.932404, 43.461648], [-122.932398, 43.46176], [-122.933056, 43.469727], [-122.93373, 43.476278], [-122.930531, 43.47635], [-122.922468, 43.476719], [-122.923003, 43.487238], [-122.923123, 43.491466], [-122.920681, 43.491456], [-122.91449, 43.491464], [-122.913535, 43.491465], [-122.911148, 43.492195], [-122.911138, 43.49258], [-122.91096, 43.49972], [-122.910927, 43.501021], [-122.910847, 43.504226], [-122.910727, 43.506252], [-122.904359, 43.506193], [-122.893366, 43.50622], [-122.893316, 43.517426], [-122.870158, 43.517355], [-122.856945, 43.517327], [-122.831078, 43.517198], [-122.816089, 43.517034], [-122.807834, 43.517124], [-122.781976, 43.517227], [-122.778657, 43.517269], [-122.778328, 43.517266], [-122.77419, 43.517039], [-122.766397, 43.517138], [-122.765083, 43.517698], [-122.763089, 43.517736], [-122.762226, 43.517231], [-122.744871, 43.517615], [-122.741914, 43.517582], [-122.741836, 43.513199], [-122.741816, 43.511996], [-122.74166, 43.495305], [-122.74166, 43.494972], [-122.741631, 43.481848], [-122.741782, 43.471325], [-122.741788, 43.471024], [-122.741866, 43.466968], [-122.741564, 43.458545], [-122.741317, 43.452015], [-122.741609, 43.442782], [-122.741716, 43.437395], [-122.734962, 43.437416], [-122.722383, 43.437459], [-122.713236, 43.437597], [-122.69432, 43.437829], [-122.677061, 43.437898], [-122.662552, 43.437934], [-122.652977, 43.438147], [-122.650323, 43.438184], [-122.648523, 43.438206], [-122.648176, 43.43821], [-122.646129, 43.438235], [-122.645639, 43.43824], [-122.638051, 43.438311], [-122.632306, 43.438357], [-122.622946, 43.438458], [-122.622914, 43.440262], [-122.616962, 43.440268], [-122.611785, 43.440273], [-122.605325, 43.440276], [-122.604859, 43.440275], [-122.604234, 43.440276], [-122.604158, 43.440247], [-122.604025, 43.440218], [-122.603296, 43.440182], [-122.603179, 43.440208], [-122.603036, 43.440274], [-122.586789, 43.44027], [-122.583452, 43.44027], [-122.56353, 43.44027], [-122.552281, 43.440263], [-122.545055, 43.440261], [-122.543546, 43.440262], [-122.537766, 43.440259], [-122.536677, 43.440258], [-122.522433, 43.440247], [-122.5153, 43.440236], [-122.508602, 43.440226], [-122.508441, 43.441275], [-122.490469, 43.441481], [-122.474241, 43.441461], [-122.447124, 43.44141], [-122.427935, 43.441433], [-122.424442, 43.441452], [-122.423787, 43.441461], [-122.41033, 43.441552], [-122.38396, 43.4416], [-122.364109, 43.441626], [-122.363047, 43.441624], [-122.362245, 43.441624], [-122.35939, 43.441629], [-122.334671, 43.441631], [-122.322396, 43.441626], [-122.304992, 43.441626], [-122.303542, 43.441633], [-122.298985, 43.441623], [-122.295992, 43.441624], [-122.286795, 43.441625], [-122.270806, 43.441628], [-122.270653, 43.440011], [-122.260353, 43.440011], [-122.253374, 43.440012], [-122.235351, 43.440013], [-122.217043, 43.440011], [-122.191859, 43.440013], [-122.18889, 43.440043], [-122.180163, 43.440218], [-122.168483, 43.440219], [-122.152493, 43.440223], [-122.145238, 43.440222], [-122.134849, 43.440222], [-122.132034, 43.440221], [-122.133361, 43.441341], [-122.136423, 43.443095], [-122.13754, 43.443167], [-122.138814, 43.444501], [-122.140676, 43.444947], [-122.14345, 43.444169], [-122.14421, 43.442832], [-122.147305, 43.442479], [-122.149927, 43.444354], [-122.153016, 43.447571], [-122.151573, 43.448708], [-122.148739, 43.449351], [-122.146301, 43.450923], [-122.147339, 43.452654], [-122.145365, 43.45489], [-122.138621, 43.45514], [-122.136868, 43.456222], [-122.138978, 43.456987], [-122.137966, 43.458544], [-122.138412, 43.459132], [-122.136458, 43.460686], [-122.137364, 43.461777], [-122.13888, 43.461778], [-122.140161, 43.463835], [-122.140106, 43.46535], [-122.140492, 43.466716], [-122.138917, 43.467514], [-122.136871, 43.467445], [-122.135334, 43.468423], [-122.135167, 43.470327], [-122.13445, 43.472069], [-122.134547, 43.47356], [-122.132848, 43.476034], [-122.133099, 43.477044], [-122.132331, 43.478185], [-122.133356, 43.479701], [-122.132853, 43.480858], [-122.133046, 43.482811], [-122.131417, 43.483834], [-122.130937, 43.485057], [-122.133547, 43.489966], [-122.133453, 43.491401], [-122.130529, 43.491969], [-122.128721, 43.496887], [-122.128812, 43.497702], [-122.130579, 43.499774], [-122.129678, 43.503594], [-122.129797, 43.505694], [-122.131583, 43.507323], [-122.132474, 43.510434], [-122.138758, 43.511821], [-122.142355, 43.513285], [-122.145139, 43.513576], [-122.147726, 43.515463], [-122.148688, 43.519057], [-122.149534, 43.520693], [-122.14816, 43.52198], [-122.147807, 43.523017], [-122.146222, 43.523617], [-122.146991, 43.525509], [-122.145271, 43.528359], [-122.143532, 43.528421], [-122.140265, 43.529406], [-122.140082, 43.530775], [-122.141768, 43.534465], [-122.142867, 43.535952], [-122.142867, 43.536971], [-122.140828, 43.540482], [-122.139145, 43.541944], [-122.138746, 43.543161], [-122.136349, 43.544544], [-122.136604, 43.545221], [-122.135389, 43.546415], [-122.134632, 43.549045], [-122.135109, 43.549437], [-122.133674, 43.551491], [-122.133128, 43.553278], [-122.131616, 43.55495], [-122.131009, 43.557284], [-122.129193, 43.557376], [-122.12716, 43.558293], [-122.125264, 43.55993], [-122.124336, 43.561938], [-122.121859, 43.56194], [-122.116677, 43.562447], [-122.115558, 43.563423], [-122.112224, 43.56549], [-122.110753, 43.565274], [-122.109766, 43.566232], [-122.109553, 43.567709], [-122.10752, 43.568403], [-122.106566, 43.569273], [-122.105215, 43.572977], [-122.103544, 43.574486], [-122.099228, 43.574987], [-122.096613, 43.574618], [-122.094779, 43.575654], [-122.094982, 43.576825], [-122.093513, 43.579215], [-122.092318, 43.579642], [-122.086742, 43.579584], [-122.0826, 43.577615], [-122.080848, 43.577326], [-122.078379, 43.577964], [-122.076149, 43.579643], [-122.073043, 43.579357], [-122.071291, 43.579585], [-122.07137, 43.580514], [-122.070284, 43.581616], [-122.07081, 43.582796], [-122.072724, 43.584945], [-122.072009, 43.587402], [-122.071531, 43.58775], [-122.067707, 43.58775], [-122.066432, 43.587343], [-122.064361, 43.587403], [-122.062848, 43.588156], [-122.061334, 43.589719], [-122.059263, 43.590297], [-122.056872, 43.59192], [-122.055677, 43.592149], [-122.053433, 43.59338], [-122.049781, 43.594581], [-122.047708, 43.597881], [-122.046115, 43.597823], [-122.042529, 43.599211], [-122.04094, 43.600817], [-122.039201, 43.601578], [-122.035993, 43.601758], [-122.034958, 43.602452], [-122.02914, 43.603609], [-122.026748, 43.604822], [-122.020002, 43.606611], [-122.018191, 43.608182], [-122.016941, 43.609916], [-122.013037, 43.609162], [-122.010965, 43.609274], [-122.007728, 43.611347], [-122.006578, 43.612401], [-122.003068, 43.614657], [-122.002362, 43.615498], [-122.001944, 43.616414], [-122.001865, 43.620968], [-122.001623, 43.622528], [-122.000462, 43.625944], [-121.997755, 43.62704], [-121.995526, 43.626937], [-121.99214, 43.625893], [-121.98666, 43.625632], [-121.981146, 43.625894], [-121.977014, 43.625796], [-121.968364, 43.626385], [-121.966352, 43.627034], [-121.964918, 43.627045], [-121.9657, 43.62779], [-121.968358, 43.627719], [-121.969516, 43.629837], [-121.972147, 43.631689], [-121.973742, 43.633715], [-121.974541, 43.635627], [-121.978135, 43.637181], [-121.980509, 43.639685], [-121.980619, 43.64254], [-121.982442, 43.644379], [-121.983788, 43.648179], [-121.985633, 43.652527], [-121.987071, 43.654436], [-121.985717, 43.656292], [-121.986267, 43.661708], [-121.985716, 43.66425], [-121.984519, 43.665708], [-121.98475, 43.667019], [-121.983119, 43.670143], [-121.981099, 43.673038], [-121.980605, 43.674749], [-121.980832, 43.676079], [-121.979319, 43.680825], [-121.979573, 43.683766], [-121.978224, 43.688021], [-121.976117, 43.690301], [-121.973488, 43.691409], [-121.972889, 43.692868], [-121.973084, 43.695848], [-121.972422, 43.69714], [-121.967826, 43.701406], [-121.966917, 43.702821], [-121.967179, 43.704254], [-121.968286, 43.704703], [-121.971795, 43.705008], [-121.973498, 43.706227], [-121.974607, 43.708584], [-121.975179, 43.710661], [-121.974629, 43.714027], [-121.973125, 43.715821], [-121.973588, 43.7176], [-121.975842, 43.721911], [-121.977, 43.722386], [-121.978262, 43.724446], [-121.977949, 43.725444], [-121.975456, 43.729102], [-121.973689, 43.730635], [-121.975571, 43.733585], [-121.975173, 43.735841], [-121.978289, 43.737692], [-121.979648, 43.739082], [-121.981007, 43.741516], [-121.981168, 43.743368], [-121.975677, 43.746965], [-121.97481, 43.748039], [-121.974141, 43.750364], [-121.970437, 43.750748], [-121.971991, 43.752983], [-121.970119, 43.756832], [-121.968164, 43.757767], [-121.967095, 43.759699], [-121.964667, 43.761344], [-121.962098, 43.763537], [-121.960876, 43.763918], [-121.965522, 43.765176], [-121.969048, 43.76734], [-121.969609, 43.769542], [-121.969131, 43.771392], [-121.968894, 43.774753], [-121.967344, 43.776427], [-121.96538, 43.777706], [-121.962544, 43.77872], [-121.960507, 43.78124], [-121.964026, 43.782628], [-121.966186, 43.784709], [-121.96739, 43.78699], [-121.967844, 43.791207], [-121.967157, 43.793313], [-121.967348, 43.795743], [-121.968382, 43.800984], [-121.966654, 43.801924], [-121.964404, 43.803954], [-121.964924, 43.805798], [-121.964537, 43.808235], [-121.963765, 43.809745], [-121.967767, 43.812761], [-121.97073, 43.813036], [-121.974371, 43.811555], [-121.975565, 43.812541], [-121.974278, 43.817418], [-121.974756, 43.821219], [-121.973495, 43.827147], [-121.973657, 43.829345], [-121.974376, 43.829347], [-121.975264, 43.827875], [-121.976611, 43.827615], [-121.977799, 43.828526], [-121.976763, 43.830226], [-121.977053, 43.831638], [-121.976501, 43.832222], [-121.976052, 43.834914], [-121.975226, 43.83585], [-121.974803, 43.838518], [-121.975192, 43.83999], [-121.9744, 43.84128], [-121.974401, 43.843043], [-121.976081, 43.846044], [-121.976173, 43.848478], [-121.974896, 43.851243], [-121.97542, 43.851773], [-121.975358, 43.855444], [-121.975113, 43.85757], [-121.972875, 43.859351], [-121.972931, 43.861156], [-121.968548, 43.864554], [-121.965431, 43.865763], [-121.962046, 43.865003], [-121.961483, 43.866226], [-121.959462, 43.868195], [-121.9575, 43.868549], [-121.956466, 43.870083], [-121.95296, 43.871681], [-121.951465, 43.873582], [-121.951391, 43.875554], [-121.952638, 43.876552], [-121.952256, 43.878063], [-121.947402, 43.881049], [-121.94521, 43.882058], [-121.943782, 43.884603], [-121.94233, 43.886262], [-121.937524, 43.890663], [-121.934642, 43.892806], [-121.932797, 43.893816], [-121.932148, 43.894725], [-121.931999, 43.896439], [-121.931269, 43.897504], [-121.931615, 43.899137], [-121.93656, 43.900588], [-121.939608, 43.900941], [-121.936964, 43.903343], [-121.934322, 43.904908], [-121.931438, 43.905543], [-121.929404, 43.907347], [-121.928213, 43.909181], [-121.925455, 43.908612], [-121.923578, 43.908566], [-121.923178, 43.909221], [-121.920359, 43.911171], [-121.918115, 43.911663], [-121.916801, 43.911488], [-121.916265, 43.912347], [-121.913613, 43.912917], [-121.911588, 43.912326], [-121.910219, 43.913229], [-121.907868, 43.913876], [-121.905856, 43.913363], [-121.904318, 43.914863], [-121.901482, 43.9159], [-121.899743, 43.914537], [-121.898393, 43.912269], [-121.893921, 43.910784], [-121.892574, 43.9109], [-121.891796, 43.910206], [-121.891442, 43.908658], [-121.888545, 43.90867], [-121.884325, 43.907985], [-121.882749, 43.908308], [-121.881388, 43.907845], [-121.876903, 43.907841], [-121.871602, 43.911681], [-121.869974, 43.911664], [-121.868905, 43.912534], [-121.868029, 43.914504], [-121.86838, 43.915837], [-121.866636, 43.917106], [-121.866262, 43.918901], [-121.865553, 43.919789], [-121.865855, 43.920959], [-121.869966, 43.923286], [-121.868366, 43.923898], [-121.86649, 43.925795], [-121.864863, 43.930281], [-121.865518, 43.931159], [-121.865338, 43.932315], [-121.863321, 43.933844], [-121.861553, 43.935837], [-121.862399, 43.937103], [-121.861353, 43.939036], [-121.861569, 43.941197], [-121.860927, 43.943048], [-121.858364, 43.944787], [-121.858102, 43.945593], [-121.859205, 43.947384], [-121.858174, 43.948783], [-121.858124, 43.951404], [-121.859497, 43.952781], [-121.859435, 43.953806], [-121.858022, 43.954542], [-121.858952, 43.955807], [-121.85998, 43.958507], [-121.859448, 43.961998], [-121.858171, 43.963215], [-121.857063, 43.965248], [-121.855395, 43.96556], [-121.853218, 43.966596], [-121.851462, 43.966335], [-121.848898, 43.967269], [-121.84539, 43.967175], [-121.844385, 43.968062], [-121.841387, 43.969574], [-121.836461, 43.971444], [-121.837024, 43.972007], [-121.841469, 43.972587], [-121.84356, 43.973445], [-121.84511, 43.975021], [-121.845087, 43.976239], [-121.843135, 43.979073], [-121.837282, 43.982647], [-121.835963, 43.984745], [-121.83679, 43.985983], [-121.835458, 43.987284], [-121.832449, 43.987296], [-121.828402, 43.988727], [-121.830273, 43.989247], [-121.831355, 43.990573], [-121.833398, 43.991423], [-121.829239, 43.994496], [-121.829103, 43.995395], [-121.827099, 43.99759], [-121.825663, 44.002135], [-121.824533, 44.004224], [-121.824299, 44.008066], [-121.822029, 44.011659], [-121.822782, 44.014668], [-121.825381, 44.019426], [-121.825042, 44.021567], [-121.825487, 44.023129], [-121.827324, 44.024752], [-121.827952, 44.026205], [-121.827486, 44.026952], [-121.828042, 44.029158], [-121.82955, 44.03106], [-121.83182, 44.032334], [-121.832623, 44.033319], [-121.832785, 44.035576], [-121.835193, 44.037024], [-121.835353, 44.037894], [-121.833991, 44.040554], [-121.832225, 44.041599], [-121.830059, 44.041365], [-121.828374, 44.042698], [-121.825726, 44.044147], [-121.8238, 44.045595], [-121.821394, 44.047911], [-121.820056, 44.050905], [-121.819709, 44.051441], [-121.817468, 44.051832], [-121.815895, 44.051201], [-121.814176, 44.052956], [-121.81219, 44.053164], [-121.805421, 44.052251], [-121.802451, 44.052368], [-121.801688, 44.054055], [-121.801513, 44.05684], [-121.800083, 44.057954], [-121.80061, 44.058346], [-121.799227, 44.060089], [-121.796501, 44.061662], [-121.793616, 44.067131], [-121.790365, 44.071873], [-121.789458, 44.072607], [-121.789211, 44.075019], [-121.787098, 44.076541], [-121.784547, 44.077214], [-121.783654, 44.078014], [-121.779748, 44.080121], [-121.779395, 44.082353], [-121.777087, 44.085138], [-121.777242, 44.087255], [-121.776779, 44.088537], [-121.773384, 44.089686], [-121.772481, 44.091034], [-121.77256, 44.092251], [-121.771755, 44.094858], [-121.772156, 44.095897], [-121.771349, 44.099603], [-121.769259, 44.10134], [-121.769046, 44.102464], [-121.769874, 44.10395], [-121.769311, 44.106409], [-121.770003, 44.108132], [-121.769573, 44.110428], [-121.768446, 44.11205], [-121.76807, 44.115245], [-121.769381, 44.118178], [-121.769539, 44.120133], [-121.770137, 44.120782], [-121.771345, 44.123916], [-121.770604, 44.125254], [-121.771649, 44.12676], [-121.771805, 44.129662], [-121.771473, 44.131314], [-121.773003, 44.133307], [-121.772532, 44.134981], [-121.773339, 44.137039], [-121.772735, 44.139831], [-121.777596, 44.143899], [-121.779553, 44.145276], [-121.782676, 44.14625], [-121.784259, 44.14809], [-121.783572, 44.149345], [-121.783142, 44.151746], [-121.78342, 44.154322], [-121.781069, 44.155202], [-121.781132, 44.158315], [-121.782017, 44.159531], [-121.781614, 44.160053], [-121.77888, 44.160744], [-121.776708, 44.159933], [-121.772426, 44.16353], [-121.772913, 44.164798], [-121.771647, 44.167583], [-121.773196, 44.169488], [-121.777229, 44.171595], [-121.778813, 44.173127], [-121.77971, 44.175364], [-121.779543, 44.176267], [-121.777556, 44.178687], [-121.776464, 44.181082], [-121.77429, 44.183762], [-121.773407, 44.185623], [-121.774429, 44.187627], [-121.774047, 44.190156], [-121.774525, 44.190792], [-121.777485, 44.192042], [-121.7791, 44.194255], [-121.781511, 44.194809], [-121.78121, 44.196545], [-121.782174, 44.198499], [-121.781334, 44.199392], [-121.780652, 44.201958], [-121.782576, 44.203014], [-121.78161, 44.205326], [-121.78366, 44.20542], [-121.785631, 44.207811], [-121.785378, 44.208845], [-121.783458, 44.209599], [-121.785251, 44.212595], [-121.78406, 44.215751], [-121.779552, 44.216985], [-121.777905, 44.218877], [-121.778066, 44.220959], [-121.77879, 44.222871], [-121.780239, 44.224606], [-121.78201, 44.225534], [-121.783459, 44.225653], [-121.785753, 44.229239], [-121.785421, 44.230903], [-121.786562, 44.233215], [-121.78766, 44.234981], [-121.787967, 44.23926], [-121.787806, 44.240762], [-121.789792, 44.243505], [-121.790457, 44.245463], [-121.78928, 44.247071], [-121.789648, 44.249326], [-121.793299, 44.25152], [-121.794053, 44.252707], [-121.797461, 44.254613], [-121.799426, 44.25828], [-121.813139, 44.258267], [-121.814175, 44.258215], [-121.869098, 44.258209], [-121.909587, 44.258166], [-121.960126, 44.257313], [-121.960527, 44.258931], [-121.961303, 44.259134], [-121.964517, 44.257238], [-121.96665, 44.257202], [-122.004905, 44.256554], [-122.023528, 44.25624], [-122.028016, 44.256164], [-122.027996, 44.253818], [-122.038812, 44.25385], [-122.040448, 44.253842], [-122.057429, 44.253854], [-122.058734, 44.253844], [-122.058763, 44.253842], [-122.112126, 44.253849], [-122.117874, 44.253844], [-122.124869, 44.253856], [-122.126575, 44.253846], [-122.132237, 44.253839], [-122.152354, 44.253835], [-122.170831, 44.253857], [-122.181423, 44.253848], [-122.197725, 44.253846], [-122.228368, 44.253847], [-122.233763, 44.253848], [-122.23493, 44.253845], [-122.259226, 44.253846], [-122.264527, 44.253847], [-122.264527, 44.25263], [-122.275221, 44.252682], [-122.310796, 44.252788], [-122.315635, 44.252799], [-122.32715, 44.252841], [-122.32949, 44.249537], [-122.330778, 44.247215], [-122.332446, 44.243031], [-122.331478, 44.240603], [-122.328531, 44.238506], [-122.325744, 44.237579], [-122.32777, 44.23603], [-122.328729, 44.234719], [-122.327313, 44.231189], [-122.329582, 44.230386], [-122.330673, 44.229606], [-122.331857, 44.227653], [-122.334249, 44.226938], [-122.336791, 44.227001], [-122.338768, 44.22544], [-122.340264, 44.223823], [-122.340612, 44.221577], [-122.343978, 44.221479], [-122.347714, 44.221659], [-122.349331, 44.221083], [-122.352623, 44.220742], [-122.354488, 44.219183], [-122.355447, 44.217265], [-122.35689, 44.216311], [-122.358069, 44.213326], [-122.361244, 44.211748], [-122.363745, 44.211945], [-122.364257, 44.21102], [-122.367197, 44.20938], [-122.371128, 44.209667], [-122.373799, 44.210413], [-122.379589, 44.20944], [-122.380958, 44.209614], [-122.38457, 44.211013], [-122.384561, 44.217063], [-122.397859, 44.216983], [-122.404781, 44.216938], [-122.404748, 44.22058], [-122.417444, 44.22063], [-122.425089, 44.220657], [-122.425081, 44.218198], [-122.426446, 44.218544], [-122.429038, 44.219658], [-122.434885, 44.221306], [-122.438796, 44.21871], [-122.441566, 44.218328], [-122.442879, 44.218543], [-122.445272, 44.217388], [-122.448436, 44.216748], [-122.451074, 44.21805], [-122.456337, 44.219036], [-122.457892, 44.220805], [-122.463518, 44.222209], [-122.465628, 44.223039], [-122.468798, 44.222599], [-122.470829, 44.222878], [-122.47368, 44.222406], [-122.477568, 44.219414], [-122.479251, 44.219065], [-122.480849, 44.21965], [-122.484305, 44.22148], [-122.485952, 44.221399], [-122.488381, 44.221927], [-122.492272, 44.219967], [-122.493441, 44.220783], [-122.497, 44.222308], [-122.499506, 44.222611], [-122.501421, 44.222287], [-122.503685, 44.221746], [-122.507203, 44.223448], [-122.508114, 44.224475], [-122.510561, 44.2262], [-122.511964, 44.227819], [-122.512251, 44.22982], [-122.513635, 44.231654], [-122.519391, 44.230717], [-122.522442, 44.228581], [-122.527171, 44.226638], [-122.529542, 44.226715], [-122.531171, 44.228633], [-122.532942, 44.22987], [-122.532614, 44.231511], [-122.533745, 44.233706], [-122.536297, 44.235036], [-122.539632, 44.23431], [-122.543711, 44.235184], [-122.544986, 44.235112], [-122.548543, 44.235588], [-122.549707, 44.235344], [-122.551917, 44.232295], [-122.554953, 44.231089], [-122.558723, 44.230568], [-122.562413, 44.231617], [-122.565493, 44.230575], [-122.567339, 44.229347], [-122.570153, 44.228689], [-122.573085, 44.229146], [-122.574458, 44.228802], [-122.577232, 44.228044], [-122.57778, 44.22979], [-122.575169, 44.234628], [-122.5754, 44.235358], [-122.577398, 44.236777], [-122.579831, 44.237819], [-122.582028, 44.238046], [-122.585624, 44.239178], [-122.588363, 44.24123], [-122.591986, 44.242953], [-122.593471, 44.244427], [-122.599071, 44.24447], [-122.604621, 44.244228], [-122.606661, 44.244721], [-122.609959, 44.246006], [-122.611738, 44.246867], [-122.615761, 44.247341], [-122.617391, 44.247801], [-122.622312, 44.249852], [-122.624857, 44.25002], [-122.627052, 44.249562], [-122.631432, 44.249189], [-122.637437, 44.249458], [-122.639958, 44.249397], [-122.640716, 44.251096], [-122.642052, 44.251973], [-122.644082, 44.252551], [-122.64493, 44.253458], [-122.645763, 44.25681], [-122.644542, 44.260088], [-122.644982, 44.26135], [-122.646875, 44.264507], [-122.646812, 44.266618], [-122.651583, 44.267078], [-122.652553, 44.26881], [-122.655773, 44.269688], [-122.657909, 44.271093], [-122.659768, 44.270986], [-122.663697, 44.270062], [-122.665931, 44.269093], [-122.668915, 44.268902], [-122.670787, 44.270633], [-122.674283, 44.271849], [-122.676247, 44.273535], [-122.678177, 44.273248], [-122.680863, 44.274128], [-122.683333, 44.274459], [-122.686703, 44.27373], [-122.689353, 44.273948], [-122.692063, 44.275387], [-122.693973, 44.275771], [-122.696412, 44.277019], [-122.696076, 44.278893], [-122.700224, 44.279938], [-122.701933, 44.279478], [-122.704483, 44.27822], [-122.705453, 44.278218], [-122.707171, 44.279355], [-122.710473, 44.27937], [-122.71472, 44.281603], [-122.717134, 44.280931], [-122.721184, 44.281778], [-122.722692, 44.282775], [-122.724937, 44.283162], [-122.725098, 44.285595], [-122.725697, 44.286668], [-122.727574, 44.286529], [-122.731121, 44.28823], [-122.733851, 44.287458], [-122.737145, 44.285949], [-122.738128, 44.285828], [-122.742034, 44.287467], [-122.742894, 44.287389], [-122.744951, 44.285992], [-122.746347, 44.285909], [-122.748964, 44.284899], [-122.750524, 44.284948], [-122.753255, 44.28724], [-122.758014, 44.289137], [-122.758905, 44.290066], [-122.762735, 44.290537], [-122.768734, 44.288119], [-122.771265, 44.286729], [-122.774074, 44.284609], [-122.776804, 44.283735], [-122.779134, 44.283909], [-122.781625, 44.2834], [-122.784533, 44.283564], [-122.785935, 44.284578], [-122.788615, 44.28565], [-122.791085, 44.285866], [-122.795605, 44.285708], [-122.798259, 44.284724], [-122.802825, 44.284435], [-122.804727, 44.283952], [-122.807156, 44.284171], [-122.811088, 44.280808], [-122.814416, 44.276269], [-122.818188, 44.276194], [-122.819352, 44.275804], [-122.823015, 44.27432], [-122.823775, 44.274389], [-122.82527, 44.276858], [-122.826402, 44.277243], [-122.829074, 44.277106], [-122.828717, 44.278525], [-122.830352, 44.28097], [-122.830451, 44.282166], [-122.833148, 44.282285], [-122.835135, 44.283455], [-122.837442, 44.282129], [-122.839919, 44.281352], [-122.843403, 44.281187], [-122.844388, 44.281893], [-122.845096, 44.283601], [-122.846854, 44.284282], [-122.849343, 44.284298], [-122.852796, 44.285539], [-122.856452, 44.285373], [-122.860134, 44.285586], [-122.861992, 44.286662], [-122.865465, 44.287317], [-122.86551, 44.271382], [-122.865545, 44.25898], [-122.872923, 44.258952], [-122.874143, 44.258948], [-122.884125, 44.258894], [-122.903999, 44.259129], [-122.904066, 44.257897], [-122.904634, 44.246693], [-122.904843, 44.241544], [-122.90499, 44.237121], [-122.905082, 44.234874], [-122.905374, 44.227204], [-122.905436, 44.225697], [-122.905496, 44.223908], [-122.905802, 44.215444], [-122.905777, 44.207644], [-122.905755, 44.200736], [-122.90818, 44.200742], [-122.912562, 44.200737], [-122.933831, 44.200747], [-122.937787, 44.200732], [-122.946908, 44.200714], [-122.966149, 44.200716], [-122.979199, 44.200616], [-122.97952, 44.200613], [-122.985827, 44.200572], [-123.001196, 44.200178], [-123.020233, 44.200108], [-123.038121, 44.200129], [-123.038427, 44.200745], [-123.040818, 44.200135], [-123.053515, 44.200117], [-123.060186, 44.200076], [-123.060468, 44.200079], [-123.060853, 44.200077], [-123.07167, 44.200024], [-123.073583, 44.200021], [-123.08999, 44.199972], [-123.096856, 44.199915], [-123.106012, 44.199974], [-123.127696, 44.200016], [-123.128461, 44.200026], [-123.131929, 44.200028], [-123.143365, 44.200059], [-123.165139, 44.20007], [-123.165428, 44.200071], [-123.166002, 44.201877], [-123.164226, 44.204725], [-123.160434, 44.207989], [-123.159786, 44.209394], [-123.15787, 44.211612], [-123.15911, 44.214094], [-123.155708, 44.219947], [-123.152389, 44.222689], [-123.150627, 44.2252], [-123.15034, 44.226627], [-123.1512, 44.228779], [-123.153386, 44.231343], [-123.156542, 44.233269], [-123.159533, 44.233078], [-123.162966, 44.234842], [-123.16485, 44.237009], [-123.165042, 44.237318], [-123.165502, 44.238057], [-123.165779, 44.238499], [-123.166868, 44.240113], [-123.16844, 44.243709], [-123.169846, 44.246502], [-123.172315, 44.247828], [-123.173248, 44.247995], [-123.174204, 44.248114], [-123.174366, 44.248177], [-123.175342, 44.248645], [-123.175447, 44.248715], [-123.17604, 44.249122], [-123.176849, 44.249646], [-123.178139, 44.250655], [-123.178903, 44.253056], [-123.178083, 44.255105], [-123.176683, 44.257077], [-123.17599, 44.257869], [-123.175256, 44.258838], [-123.174938, 44.261582], [-123.174958, 44.263301], [-123.17494, 44.263613], [-123.174928, 44.263811], [-123.174696, 44.264504], [-123.174605, 44.264669], [-123.174174, 44.267131], [-123.174601, 44.269234], [-123.175133, 44.275152], [-123.176185, 44.278045], [-123.178193, 44.281234], [-123.179841, 44.28334], [-123.179931, 44.283431], [-123.180388, 44.283725], [-123.183671, 44.28493], [-123.187851, 44.285562], [-123.191102, 44.287587], [-123.1924, 44.28884], [-123.193575, 44.290742], [-123.193657, 44.292272], [-123.192427, 44.29357], [-123.190365, 44.294963], [-123.18975, 44.295892], [-123.189955, 44.29746], [-123.190897, 44.29984], [-123.193752, 44.303354], [-123.193097, 44.305646], [-123.194313, 44.307319], [-123.197359, 44.308573], [-123.200105, 44.308829], [-123.204394, 44.308716], [-123.211304, 44.309222], [-123.214125, 44.309747], [-123.216178, 44.310808], [-123.216919, 44.311648], [-123.217302, 44.313726], [-123.216802, 44.317272], [-123.217585, 44.32066], [-123.21691, 44.324952], [-123.219041, 44.328287], [-123.220295, 44.32943], [-123.222468, 44.330677], [-123.225964, 44.331328], [-123.229862, 44.330779], [-123.236564, 44.328999], [-123.239365, 44.329186], [-123.243416, 44.330344], [-123.244844, 44.330984], [-123.245678, 44.332099], [-123.245334, 44.33363], [-123.242944, 44.336044], [-123.240744, 44.337789], [-123.237425, 44.338879], [-123.232316, 44.339869], [-123.229898, 44.340852], [-123.228518, 44.342591], [-123.228599, 44.344606], [-123.229399, 44.345995], [-123.230581, 44.348468], [-123.233245, 44.352618], [-123.235102, 44.354622], [-123.235294, 44.356521], [-123.23319, 44.358396], [-123.229529, 44.359847], [-123.226797, 44.360124], [-123.222699, 44.359588], [-123.219661, 44.35993], [-123.219065, 44.36051], [-123.219011, 44.362497], [-123.219598, 44.363956], [-123.221167, 44.366149], [-123.223754, 44.36901], [-123.22595, 44.370322], [-123.230813, 44.371131], [-123.23416, 44.37205], [-123.236619, 44.373194], [-123.239283, 44.374888], [-123.242288, 44.377715], [-123.244701, 44.380821], [-123.245088, 44.381779], [-123.244952, 44.384143], [-123.242821, 44.385352], [-123.240662, 44.385352], [-123.238668, 44.384887], [-123.235868, 44.385229], [-123.233258, 44.386089], [-123.229297, 44.388135], [-123.223969, 44.393036], [-123.22345, 44.395505], [-123.224024, 44.397496], [-123.225099, 44.39935], [-123.227668, 44.406912], [-123.228304, 44.407686], [-123.232593, 44.409825], [-123.233214, 44.411658], [-123.231784, 44.413299], [-123.229331, 44.414213], [-123.226739, 44.414465], [-123.225107, 44.413658], [-123.224693, 44.412824], [-123.227181, 44.412088], [-123.229146, 44.41312], [-123.22896, 44.41221], [-123.226813, 44.411611], [-123.220773, 44.413363], [-123.219258, 44.414401], [-123.218455, 44.417337], [-123.218648, 44.419104], [-123.219545, 44.42086], [-123.221981, 44.422709], [-123.223767, 44.425332], [-123.224242, 44.426698], [-123.223884, 44.4293], [-123.223042, 44.429882], [-123.222201, 44.43222], [-123.221178, 44.433547], [-123.217152, 44.433496], [-123.212306, 44.434242], [-123.210261, 44.434852], [-123.208345, 44.432125], [-123.207617, 44.430111], [-123.20872, 44.429627], [-123.211431, 44.429643], [-123.21415, 44.431597], [-123.214441, 44.431306], [-123.21261, 44.429841], [-123.209569, 44.42831], [-123.206866, 44.429716], [-123.207847, 44.432092], [-123.20853, 44.434912], [-123.206915, 44.437745], [-123.205721, 44.441186], [-123.204794, 44.44337], [-123.205324, 44.445044], [-123.206317, 44.445745], [-123.207368, 44.446601], [-123.209831, 44.448576], [-123.211306, 44.450269], [-123.211866, 44.452756], [-123.211785, 44.457143], [-123.213822, 44.460622], [-123.216462, 44.468473], [-123.216643, 44.470416], [-123.216169, 44.471695], [-123.213992, 44.473803], [-123.213426, 44.476371], [-123.213651, 44.478364], [-123.214276, 44.479649], [-123.215479, 44.480414], [-123.219144, 44.481805], [-123.220156, 44.482585], [-123.221019, 44.484751], [-123.219354, 44.486962], [-123.214778, 44.488627], [-123.214177, 44.489435], [-123.214409, 44.491014], [-123.213828, 44.491016], [-123.214616, 44.493261], [-123.213252, 44.495659], [-123.211931, 44.499527], [-123.210882, 44.499509], [-123.210724, 44.503875], [-123.211755, 44.507688], [-123.212376, 44.514158], [-123.212725, 44.517862], [-123.212094, 44.51933], [-123.207845, 44.523786], [-123.203623, 44.52695], [-123.206542, 44.527796], [-123.2073, 44.528658], [-123.206754, 44.530712], [-123.208523, 44.532833], [-123.210045, 44.534004], [-123.20281, 44.533771], [-123.202813, 44.534327], [-123.203178, 44.537713], [-123.203979, 44.538936], [-123.203142, 44.539269], [-123.202889, 44.542261], [-123.20322, 44.543512], [-123.203267, 44.547248], [-123.203369, 44.549564], [-123.204836, 44.549547], [-123.204655, 44.550881], [-123.204242, 44.55595], [-123.203857, 44.556746], [-123.202861, 44.564057], [-123.198594, 44.564049], [-123.197749, 44.564049], [-123.194826, 44.564335], [-123.188766, 44.56698], [-123.183184, 44.567234], [-123.183428, 44.574813], [-123.181972, 44.579174], [-123.181784, 44.581736], [-123.183448, 44.581669], [-123.185573, 44.582012], [-123.18563, 44.58639], [-123.18564, 44.587179], [-123.185375, 44.587298], [-123.184791, 44.587451], [-123.183011, 44.590002], [-123.183202, 44.593077], [-123.184161, 44.594289], [-123.18719, 44.595583], [-123.191431, 44.595896], [-123.193832, 44.596419], [-123.19701, 44.59756], [-123.198355, 44.599046], [-123.198645, 44.60042], [-123.198028, 44.602857], [-123.197141, 44.60393], [-123.19519, 44.604953], [-123.191101, 44.606382], [-123.187849, 44.60723], [-123.185101, 44.6084], [-123.18392, 44.609246], [-123.18291, 44.611036], [-123.182812, 44.613029], [-123.183449, 44.616087], [-123.183175, 44.61745], [-123.181816, 44.619], [-123.179922, 44.619901], [-123.174226, 44.620036], [-123.171626, 44.621011], [-123.17011, 44.622674], [-123.169674, 44.624542], [-123.171855, 44.62779], [-123.172124, 44.628866], [-123.171739, 44.632428], [-123.17088, 44.634245], [-123.171734, 44.634698], [-123.164752, 44.637829], [-123.160347, 44.637937], [-123.157899, 44.637622], [-123.150838, 44.638002], [-123.150434, 44.637507], [-123.14252, 44.63787], [-123.136988, 44.637775], [-123.133623, 44.638056], [-123.126206, 44.639291], [-123.121978, 44.640363], [-123.119519, 44.640896], [-123.112528, 44.640594], [-123.110063, 44.639801], [-123.108685, 44.639262], [-123.1066, 44.639133], [-123.105836, 44.63915], [-123.105311, 44.639202], [-123.101193, 44.639818], [-123.09675, 44.640814], [-123.095339, 44.641107], [-123.091433, 44.642211], [-123.088313, 44.643195], [-123.078206, 44.646585], [-123.074291, 44.649613], [-123.073574, 44.650495], [-123.073132, 44.652359], [-123.073643, 44.657331], [-123.074838, 44.659373], [-123.07836, 44.662326], [-123.084184, 44.665294], [-123.086173, 44.66814], [-123.087313, 44.672546], [-123.088338, 44.674243], [-123.089254, 44.674727], [-123.092509, 44.675887], [-123.098106, 44.676074], [-123.100643, 44.675959], [-123.105532, 44.674763], [-123.111736, 44.674826], [-123.114522, 44.675549], [-123.116892, 44.676966], [-123.117304, 44.678097], [-123.117517, 44.678592], [-123.119212, 44.682083], [-123.119339, 44.684493], [-123.121105, 44.69108], [-123.12453, 44.693903], [-123.126206, 44.696014], [-123.133244, 44.700002], [-123.1366, 44.702178], [-123.143316, 44.70831], [-123.145982, 44.711407], [-123.147489, 44.714848], [-123.147507, 44.717047], [-123.149025, 44.720225], [-123.150369, 44.720217], [-123.163295, 44.720135], [-123.172193, 44.72009], [-123.174985, 44.720084], [-123.177246, 44.720085], [-123.182025, 44.720085], [-123.201917, 44.720099], [-123.221593, 44.720125], [-123.23521, 44.720146], [-123.240276, 44.719914], [-123.250851, 44.720217], [-123.253677, 44.720234], [-123.261208, 44.720216], [-123.265511, 44.72007], [-123.265869, 44.720062], [-123.276064, 44.719831], [-123.281108, 44.719817], [-123.295691, 44.719777], [-123.301882, 44.719835], [-123.316612, 44.719994], [-123.325378, 44.720015], [-123.334097, 44.720038], [-123.339138, 44.720059], [-123.353389, 44.72014], [-123.371468, 44.720355], [-123.383473, 44.720441], [-123.389043, 44.720455], [-123.409764, 44.720531], [-123.414116, 44.720552], [-123.437576, 44.720616], [-123.438419, 44.720622], [-123.461516, 44.720689], [-123.47056, 44.720722], [-123.486962, 44.720748], [-123.506712, 44.720796], [-123.509683, 44.720817], [-123.521402, 44.72089], [-123.531101, 44.721074], [-123.54132, 44.72127], [-123.561068, 44.720568], [-123.566318, 44.720264], [-123.576502, 44.719673], [-123.580966, 44.719415], [-123.602609, 44.721154], [-123.607075, 44.721154], [-123.642984, 44.721152], [-123.661455, 44.721154], [-123.688486, 44.721154], [-123.704467, 44.721154], [-123.704534, 44.732225], [-123.704578, 44.73898], [-123.716062, 44.739018], [-123.719535, 44.739029], [-123.725001, 44.739046], [-123.725044, 44.746539], [-123.725079, 44.753939], [-123.725188, 44.764328], [-123.725278, 44.769104], [-123.725324, 44.77829], [-123.725563, 44.797183], [-123.725591, 44.805278], [-123.725581, 44.832925], [-123.725581, 44.834668], [-123.725576, 44.842256], [-123.725486, 44.863736], [-123.725452, 44.871992], [-123.725422, 44.879221], [-123.725418, 44.880206], [-123.725401, 44.884329], [-123.725394, 44.88599], [-123.725394, 44.88608], [-123.725353, 44.895199], [-123.725344, 44.897921], [-123.724842, 44.911745], [-123.724903, 44.924877], [-123.724936, 44.932053], [-123.724955, 44.936377], [-123.724887, 44.945785], [-123.724875, 44.946525], [-123.724669, 44.949916], [-123.724231, 44.955493], [-123.724782, 44.962958], [-123.724667, 44.983028], [-123.724659, 44.984273], [-123.724599, 45.00076], [-123.725771, 45.000746], [-123.725759, 45.002906], [-123.725695, 45.015216], [-123.725537, 45.020004], [-123.725489, 45.021255], [-123.725396, 45.023601], [-123.725313, 45.023613], [-123.725139, 45.023745], [-123.724915, 45.023917], [-123.724894, 45.023934], [-123.724765, 45.024254], [-123.724889, 45.024713], [-123.724895, 45.024734], [-123.725104, 45.024892], [-123.725337, 45.025068], [-123.725174, 45.0291], [-123.725104, 45.03105], [-123.724982, 45.031191], [-123.724931, 45.03125], [-123.724914, 45.031311], [-123.724835, 45.031616], [-123.724897, 45.031705], [-123.724979, 45.031821], [-123.725074, 45.031955], [-123.724992, 45.034337], [-123.724917, 45.036545], [-123.724663, 45.044432], [-123.742078, 45.044394], [-123.746517, 45.044412], [-123.764228, 45.044569], [-123.784759, 45.04473], [-123.786898, 45.044753], [-123.798779, 45.044893], [-123.801472, 45.044913], [-123.81069, 45.044968], [-123.815525, 45.045006], [-123.82836, 45.045081], [-123.840962, 45.045186], [-123.84541, 45.045274], [-123.851132, 45.045356], [-123.856159, 45.045366], [-123.864409, 45.045467], [-123.884557, 45.045397], [-123.895988, 45.045552], [-123.911026, 45.045679], [-123.913509, 45.045695], [-123.924451, 45.045782], [-123.930792, 45.04569], [-123.942865, 45.045711], [-123.947437, 45.045717], [-123.955007, 45.04572], [-123.967184, 45.045727], [-123.967191, 45.044843], [-123.968661, 45.04486], [-123.978804, 45.044748], [-123.98853, 45.044684], [-123.992832, 45.044788], [-123.998577, 45.044803], [-123.99883, 45.044801], [-124.000362, 45.044806], [-124.002471, 45.044888], [-124.005424, 45.044998], [-124.010291, 45.044999], [-124.01236, 45.044999], [-124.016035, 45.044999], [-124.087865, 45.044998], [-124.087741, 45.044067], [-124.095833, 45.043986], [-124.096724, 45.040466], [-124.097475, 45.034196], [-124.097475, 45.027358], [-124.095973, 45.020521], [-124.094469, 45.016535], [-124.092215, 45.011408], [-124.087707, 45.005712], [-124.086205, 45.002864], [-124.087707, 45.000016], [-124.089719, 44.98661], [-124.089615, 44.981376], [-124.090836, 44.976944], [-124.09078, 44.971913], [-124.091012, 44.969396], [-124.090627, 44.965907], [-124.092135, 44.963052], [-124.093734, 44.958989], [-124.094766, 44.954525], [-124.096698, 44.951635], [-124.098482, 44.945424], [-124.099505, 44.936901], [-124.098884, 44.933379], [-124.097932, 44.929657], [-124.09863, 44.927241], [-124.113781, 44.874832], [-124.116574, 44.866335], [-124.126228, 44.859179], [-124.130426, 44.85572], [-124.133295, 44.852699], [-124.136209, 44.849241], [-124.13902, 44.844173], [-124.140878, 44.837933], [-124.141563, 44.833439], [-124.141761, 44.826464], [-124.141351, 44.820529], [-124.139553, 44.811578], [-124.140728, 44.810235], [-124.142364, 44.806879], [-124.143715, 44.803222], [-124.144716, 44.796146], [-124.144417, 44.793396], [-124.145757, 44.787895], [-124.146252, 44.783367], [-124.145956, 44.78102], [-124.146515, 44.778619], [-124.147757, 44.773573], [-124.147638, 44.769113], [-124.146758, 44.763681], [-124.145307, 44.757514], [-124.147294, 44.749836], [-124.148312, 44.744189], [-124.148207, 44.735594], [-124.146792, 44.73082], [-124.144352, 44.72473], [-124.140369, 44.717625], [-124.140632, 44.714808], [-124.139118, 44.710536], [-124.142175, 44.706222], [-124.144408, 44.699318], [-124.148258, 44.695713], [-124.151041, 44.690323], [-124.152307, 44.685898], [-124.153242, 44.68164], [-124.153962, 44.675332], [-124.153363, 44.668917], [-124.152005, 44.663203], [-124.147849, 44.654889], [-124.142044, 44.646701], [-124.13744, 44.641002], [-124.141436, 44.636626], [-124.14506, 44.631677], [-124.149078, 44.624838], [-124.150834, 44.62025], [-124.151922, 44.61597], [-124.15234, 44.612423], [-124.152077, 44.60653], [-124.151221, 44.602911], [-124.148393, 44.598345], [-124.144119, 44.592366], [-124.134313, 44.583182], [-124.136135, 44.58078], [-124.138012, 44.577642], [-124.139865, 44.572462], [-124.142662, 44.563269], [-124.144763, 44.552868], [-124.145783, 44.546244], [-124.146088, 44.54022], [-124.150901, 44.535857], [-124.15553, 44.531024], [-124.159615, 44.523512], [-124.162619, 44.512912], [-124.164557, 44.49984], [-124.164909, 44.494833], [-124.163914, 44.488405], [-124.157581, 44.473665], [-124.156955, 44.472815], [-124.153428, 44.465036], [-124.157014, 44.421594], [-124.158588, 44.40608], [-124.161595, 44.384378], [-124.16352, 44.374841], [-124.164576, 44.371175], [-124.175142, 44.334505], [-124.178253, 44.327999], [-124.180068, 44.322454], [-124.181652, 44.316804], [-124.181871, 44.31137], [-124.181483, 44.308866], [-124.180581, 44.307772], [-124.182275, 44.306007], [-124.185663, 44.296601], [-124.187649, 44.288559], [-124.187674, 44.286263], [-124.186518, 44.284356], [-124.187409, 44.276871], [-124.188113, 44.270973], [-124.186171, 44.262941], [-124.184317, 44.257984], [-124.18681, 44.248161], [-124.186793, 44.244658], [-124.185469, 44.237091], [-124.182832, 44.230952], [-124.184404, 44.227474], [-124.185592, 44.221599], [-124.1862, 44.216252], [-124.186619, 44.204301], [-124.185965, 44.199002], [-124.187488, 44.195524], [-124.188297, 44.190325], [-124.188527, 44.185874], [-124.186756, 44.176481], [-124.18813, 44.170608], [-124.188862, 44.168363], [-124.189008, 44.164223], [-124.193255, 44.158936], [-124.195547, 44.154829], [-124.198214, 44.149315], [-124.199841, 44.145535], [-124.200168, 44.142845], [-124.200984, 44.139524], [-124.20043, 44.135338], [-124.200847, 44.132751], [-124.200135, 44.129102], [-124.199174, 44.1272], [-124.199704, 44.124842], [-124.199975, 44.12137], [-124.199806, 44.116466], [-124.19932, 44.111254], [-124.198549, 44.106206], [-124.197017, 44.101583], [-124.195377, 44.097462], [-124.19657, 44.09372], [-124.197411, 44.089335], [-124.199068, 44.07405], [-124.200225, 44.069971], [-124.201772, 44.062407], [-124.202426, 44.056541], [-124.202326, 44.053854], [-124.204469, 44.0466], [-124.204978, 44.043788], [-124.205172, 44.040636], [-124.207409, 44.037715], [-124.208671, 44.034679], [-124.210996, 44.03045], [-124.212721, 44.024567], [-124.212726, 44.018071], [-124.212541, 44.014122], [-124.21076, 44.008623], [-124.209001, 44.003895], [-124.207893, 44.002133], [-124.208807, 43.999846], [-124.212103, 43.979985], [-124.215152, 43.953775], [-124.220183, 43.924432], [-124.22584, 43.890753], [-124.228554, 43.874841], [-124.230178, 43.863723], [-124.234401, 43.839829], [-124.235927, 43.831533], [-124.239694, 43.811055], [-124.243659, 43.791664], [-124.247016, 43.776458], [-124.249664, 43.766651], [-124.25123, 43.761651], [-124.25123, 43.760715], [-124.25422, 43.749097], [-124.265705, 43.701558], [-124.26875, 43.699497], [-124.271543, 43.696836], [-124.277728, 43.689928], [-124.279635, 43.687146], [-124.281432, 43.683863], [-124.285296, 43.672726], [-124.285847, 43.668252], [-124.28576, 43.664124], [-124.284926, 43.659874], [-124.283944, 43.656767], [-124.281614, 43.650726], [-124.280333, 43.648394], [-124.286303, 43.624837], [-124.290236, 43.610959], [-124.293101, 43.600201], [-124.296769, 43.585958], [-124.303029, 43.568089], [-124.31109, 43.547331], [-124.316646, 43.533726], [-124.321784, 43.519617], [-124.329601, 43.499835], [-124.328714, 43.499835], [-124.340196, 43.473394], [-124.343836, 43.465012], [-124.346219, 43.462473], [-124.351467, 43.454249], [-124.352634, 43.452045], [-124.355795, 43.446072], [-124.358111, 43.440561], [-124.360319, 43.434317], [-124.374369, 43.412738], [-124.37623, 43.40904], [-124.379242, 43.404066], [-124.380274, 43.402846], [-124.387548, 43.399615], [-124.392186, 43.396544], [-124.400351, 43.39542], [-124.407805, 43.393697], [-124.415224, 43.390765], [-124.425643, 43.385886], [-124.43194, 43.381049], [-124.438054, 43.374833], [-124.439539, 43.374833], [-124.441075, 43.372884], [-124.443788, 43.366775], [-124.446699, 43.358157], [-124.461424, 43.350117], [-124.471637, 43.339151], [-124.476948, 43.329371], [-124.477899, 43.323891], [-124.47709, 43.310512], [-124.478002, 43.303459], [-124.476712, 43.294125], [-124.474849, 43.288566], [-124.46367, 43.27475], [-124.461955, 43.273383], [-124.455498, 43.268233], [-124.461881, 43.261863], [-124.465006, 43.257466], [-124.46678, 43.253159], [-124.467923, 43.249831], [-124.470326, 43.245496], [-124.471197, 43.23804], [-124.470015, 43.228675], [-124.471262, 43.219514], [-124.46945, 43.208309], [-124.465235, 43.200308], [-124.467463, 43.196476], [-124.471118, 43.190187], [-124.475816, 43.178859], [-124.477883, 43.170436], [-124.480111, 43.165491], [-124.481613, 43.15944], [-124.484966, 43.158007], [-124.493926, 43.153542], [-124.501229, 43.148162], [-124.505969, 43.143379], [-124.508816, 43.13943], [-124.512351, 43.133304], [-124.515265, 43.126487], [-124.515535, 43.124146], [-124.515573, 43.119739], [-124.515024, 43.114497], [-124.515963, 43.111558], [-124.516361, 43.102542], [-124.514421, 43.094262], [-124.509199, 43.085415], [-124.5096, 43.081308], [-124.507933, 43.073295], [-124.505331, 43.067953], [-124.507016, 43.063311], [-124.507866, 43.060072], [-124.509767, 43.056865], [-124.512746, 43.050219], [-124.515849, 43.039899], [-124.520967, 43.026768], [-124.524994, 43.01642], [-124.529086, 43.007335], [-124.532992, 42.99983], [-124.530606, 42.99983], [-124.545172, 42.970736], [-124.552373, 42.954311], [-124.553514, 42.95171], [-124.558973, 42.945562], [-124.56475, 42.933018], [-124.567887, 42.930387], [-124.572353, 42.922514], [-124.591834, 42.914715], [-124.60686, 42.903525], [-124.615956, 42.892882], [-124.620507, 42.883021], [-124.622126, 42.877198], [-124.626225, 42.875791], [-124.627305, 42.874831], [-124.6387, 42.867423], [-124.645154, 42.861892], [-124.652458, 42.850692], [-124.655124, 42.84002], [-124.660593, 42.836504], [-124.666269, 42.831042], [-124.671762, 42.825582], [-124.675201, 42.819564], [-124.67792, 42.81432], [-124.679956, 42.809047], [-124.680493, 42.805238], [-124.680632, 42.804251], [-124.685327, 42.801039], [-124.691279, 42.796346], [-124.695814, 42.791125], [-124.700283, 42.784028], [-124.702657, 42.776742], [-124.703541, 42.770369], [-124.70299, 42.761726], [-124.700342, 42.752526], [-124.699129, 42.749832], [-124.698266, 42.749832], [-124.695965, 42.745453], [-124.690712, 42.738254], [-124.682414, 42.730185], [-124.676227, 42.72599], [-124.664637, 42.720482], [-124.65273, 42.717263], [-124.64213, 42.716113], [-124.630198, 42.716289], [-124.626222, 42.716614], [-124.620625, 42.717665], [-124.616067, 42.717018], [-124.609412, 42.716536], [-124.601616, 42.716627], [-124.596827, 42.717126], [-124.590439, 42.718095], [-124.584689, 42.719302], [-124.579294, 42.712067], [-124.575521, 42.709292], [-124.574619, 42.707129], [-124.571762, 42.703612], [-124.566135, 42.697491], [-124.561233, 42.692755], [-124.553098, 42.687708], [-124.544129, 42.683817], [-124.545799, 42.679691], [-124.547427, 42.6724], [-124.547234, 42.665071], [-124.545722, 42.657166], [-124.543687, 42.654022], [-124.543245, 42.651049], [-124.54059, 42.644492], [-124.537197, 42.639724], [-124.535298, 42.63767], [-124.530312, 42.63228], [-124.522599, 42.626861], [-124.518649, 42.624832], [-124.519551, 42.624832], [-124.51402, 42.622065], [-124.508492, 42.619564], [-124.501218, 42.617325], [-124.492548, 42.615414], [-124.473554, 42.614734], [-124.472913, 42.610752], [-124.476177, 42.603365], [-124.476404, 42.599073], [-124.479941, 42.591481], [-124.480838, 42.581577], [-124.479422, 42.573951], [-124.474073, 42.562805], [-124.465351, 42.553033], [-124.467892, 42.55082], [-124.479218, 42.547635], [-124.489838, 42.542901], [-124.50122, 42.535388], [-124.50122, 42.535054], [-124.506313, 42.530608], [-124.512165, 42.524336], [-124.515403, 42.519258], [-124.518687, 42.511076], [-124.524869, 42.509154], [-124.53523, 42.504915], [-124.544309, 42.499833], [-124.547516, 42.499833], [-124.554651, 42.494142], [-124.557035, 42.491871], [-124.560893, 42.487594], [-124.564396, 42.482744], [-124.567221, 42.477791], [-124.568968, 42.472095], [-124.570438, 42.463379], [-124.570179, 42.458849], [-124.569509, 42.454586], [-124.565352, 42.443565], [-124.561756, 42.438283], [-124.559797, 42.435859], [-124.555815, 42.432487], [-124.552817, 42.426536], [-124.549664, 42.42206], [-124.546634, 42.418658], [-124.5427, 42.415252], [-124.537862, 42.411808], [-124.532572, 42.408396], [-124.527094, 42.405552], [-124.521158, 42.40321], [-124.514137, 42.400862], [-124.509224, 42.399765], [-124.504305, 42.399171], [-124.501224, 42.397917], [-124.497879, 42.396866], [-124.494154, 42.396086], [-124.497504, 42.389304], [-124.4987, 42.38645], [-124.500321, 42.380068], [-124.500838, 42.376137], [-124.500396, 42.372917], [-124.500007, 42.365101], [-124.499353, 42.360947], [-124.498635, 42.357836], [-124.496624, 42.352193], [-124.493806, 42.346864], [-124.49013, 42.341749], [-124.486544, 42.338278], [-124.490497, 42.333249], [-124.492926, 42.328914], [-124.494071, 42.325875], [-124.495345, 42.315649], [-124.495253, 42.310413], [-124.494904, 42.305751], [-124.494118, 42.301768], [-124.492743, 42.296014], [-124.490334, 42.290646], [-124.487975, 42.287155], [-124.484788, 42.283242], [-124.481905, 42.280499], [-124.479708, 42.278995], [-124.478258, 42.278002], [-124.480946, 42.27155], [-124.482174, 42.268207], [-124.484444, 42.257832], [-124.485684, 42.249837], [-124.485882, 42.247471], [-124.485655, 42.244151], [-124.483673, 42.229613], [-124.481974, 42.223961], [-124.480056, 42.219599], [-124.477213, 42.214776], [-124.473535, 42.207482], [-124.471356, 42.203723], [-124.466925, 42.198522], [-124.463306, 42.194987], [-124.457122, 42.190047], [-124.451961, 42.187844], [-124.451424, 42.186342], [-124.449507, 42.183921], [-124.44565, 42.179818], [-124.441233, 42.176697], [-124.438003, 42.170671], [-124.435088, 42.166318], [-124.433514, 42.164832], [-124.434523, 42.162063], [-124.435099, 42.154904], [-124.435326, 42.149865], [-124.434954, 42.146043], [-124.433635, 42.140625], [-124.432929, 42.139495], [-124.433416, 42.137473], [-124.432455, 42.131848], [-124.431139, 42.128142], [-124.429513, 42.124836], [-124.428055, 42.121179], [-124.425988, 42.117912], [-124.425645, 42.113575], [-124.425029, 42.109539], [-124.424406, 42.106948], [-124.422934, 42.102305], [-124.420646, 42.098164], [-124.420669, 42.092953], [-124.420455, 42.090128], [-124.419752, 42.085285], [-124.418241, 42.079566], [-124.416273, 42.074854], [-124.412503, 42.068489], [-124.409314, 42.064077], [-124.404815, 42.059425], [-124.402429, 42.057401], [-124.39725, 42.053487], [-124.3922, 42.050817], [-124.39035, 42.050173], [-124.389726, 42.048523], [-124.386186, 42.042361], [-124.382685, 42.037677], [-124.380753, 42.035418], [-124.37621, 42.031001], [-124.375047, 42.02923], [-124.370444, 42.025878], [-124.363958, 42.021877], [-124.360915, 42.020348], [-124.355136, 42.018032], [-124.349173, 42.016386], [-124.34834, 42.013904], [-124.346603, 42.01078], [-124.342879, 42.006579], [-124.338659, 42.003256], [-124.328835, 41.998334], [-124.251201, 41.998343], [-124.217027, 41.998447], [-124.211605, 41.99846], [-124.208297, 41.998401], [-124.198548, 41.998234], [-124.197062, 41.998209], [-124.196546, 41.9982], [-124.193025, 41.99814], [-124.192704, 41.998136], [-124.141582, 41.997256], [-124.118786, 41.997027], [-124.104557, 41.997094], [-124.100376, 41.996712], [-124.087967, 41.996808], [-124.087488, 41.99665], [-124.079435, 41.996599], [-124.057713, 41.996345], [-124.045824, 41.996379], [-124.033089, 41.996275], [-124.001183, 41.996145], [-123.993252, 41.996028], [-123.967089, 41.996015], [-123.966934, 41.996015], [-123.942228, 41.995975], [-123.936313, 41.995963], [-123.928612, 41.995941], [-123.912055, 41.995948], [-123.908176, 41.995956], [-123.894986, 41.995974], [-123.893236, 41.995978], [-123.885316, 41.995999], [-123.871907, 41.996058], [-123.871223, 41.99606], [-123.870573, 41.996063], [-123.866099, 41.996081], [-123.834485, 41.99605], [-123.822041, 41.99558], [-123.818981, 41.998563], [-123.820386, 41.998742], [-123.822273, 42.000021], [-123.825836, 42.000868], [-123.827401, 42.000879], [-123.826343, 42.00188], [-123.828719, 42.002348], [-123.829156, 42.004196], [-123.829206, 42.005226], [-123.828272, 42.00605], [-123.827235, 42.00721], [-123.827026, 42.008013], [-123.828229, 42.009815], [-123.828813, 42.010112], [-123.829034, 42.010426], [-123.829095, 42.010512], [-123.82937, 42.01084], [-123.829579, 42.011134], [-123.832066, 42.011666], [-123.835345, 42.011522], [-123.835935, 42.011896], [-123.83615, 42.013911], [-123.83774, 42.01489], [-123.839738, 42.015564], [-123.840363, 42.017404], [-123.840068, 42.018098], [-123.840111, 42.018451], [-123.839878, 42.019023], [-123.839126, 42.019449], [-123.838311, 42.019593], [-123.837915, 42.019772], [-123.837541, 42.020306], [-123.837518, 42.020974], [-123.837173, 42.021737], [-123.83653, 42.024006], [-123.836691, 42.024807], [-123.837496, 42.025558], [-123.837685, 42.026101], [-123.837574, 42.02734], [-123.837182, 42.028028], [-123.836097, 42.029191], [-123.838058, 42.02985], [-123.839537, 42.030528], [-123.841723, 42.031385], [-123.841932, 42.031516], [-123.842401, 42.031794], [-123.842651, 42.03217], [-123.844471, 42.03336], [-123.84463, 42.035201], [-123.845386, 42.036426], [-123.848084, 42.040143], [-123.848718, 42.04154], [-123.84964, 42.044643], [-123.84909, 42.045069], [-123.848497, 42.046646], [-123.846851, 42.047798], [-123.843902, 42.048562], [-123.843151, 42.048965], [-123.8412, 42.051482], [-123.840693, 42.051934], [-123.840928, 42.053487], [-123.840331, 42.054994], [-123.841147, 42.056844], [-123.840893, 42.058515], [-123.841559, 42.059225], [-123.840632, 42.060229], [-123.840511, 42.06041], [-123.839255, 42.061157], [-123.838888, 42.061335], [-123.838246, 42.061487], [-123.83608, 42.062494], [-123.834228, 42.06355], [-123.834638, 42.064831], [-123.834173, 42.066002], [-123.831473, 42.068235], [-123.829397, 42.069596], [-123.829193, 42.069899], [-123.827264, 42.072475], [-123.827741, 42.073254], [-123.828112, 42.073675], [-123.826921, 42.074796], [-123.8271, 42.077493], [-123.825624, 42.080498], [-123.824877, 42.084441], [-123.82251, 42.085321], [-123.822139, 42.087522], [-123.823755, 42.089663], [-123.824298, 42.091096], [-123.82572, 42.093188], [-123.827376, 42.094709], [-123.829528, 42.097285], [-123.829967, 42.100377], [-123.830979, 42.101345], [-123.831124, 42.103609], [-123.832155, 42.107914], [-123.833125, 42.108463], [-123.835422, 42.10885], [-123.836688, 42.109619], [-123.838249, 42.113334], [-123.840156, 42.116779], [-123.840149, 42.119291], [-123.83883, 42.122593], [-123.839241, 42.124671], [-123.842828, 42.125599], [-123.844277, 42.125095], [-123.846258, 42.125204], [-123.850176, 42.126945], [-123.854857, 42.130628], [-123.855141, 42.131992], [-123.856075, 42.133224], [-123.857834, 42.134084], [-123.858549, 42.135116], [-123.857192, 42.137426], [-123.85591, 42.138323], [-123.856163, 42.138965], [-123.855572, 42.141392], [-123.853382, 42.143597], [-123.85081, 42.144503], [-123.849528, 42.145819], [-123.844724, 42.146369], [-123.843257, 42.148296], [-123.842871, 42.149668], [-123.84094, 42.151584], [-123.840232, 42.152913], [-123.836854, 42.154378], [-123.833854, 42.154723], [-123.832351, 42.155207], [-123.827684, 42.155855], [-123.826311, 42.157509], [-123.823911, 42.157656], [-123.822386, 42.159333], [-123.821199, 42.161167], [-123.820841, 42.163027], [-123.817915, 42.16438], [-123.815726, 42.166047], [-123.812603, 42.169651], [-123.814793, 42.170464], [-123.814536, 42.172501], [-123.815092, 42.174122], [-123.813199, 42.178235], [-123.813505, 42.183987], [-123.816316, 42.185435], [-123.81719, 42.188225], [-123.819089, 42.188754], [-123.821288, 42.189849], [-123.820857, 42.190924], [-123.821531, 42.193959], [-123.820407, 42.195498], [-123.820471, 42.198974], [-123.818915, 42.2036], [-123.816794, 42.203769], [-123.814988, 42.204628], [-123.813891, 42.20573], [-123.813325, 42.20772], [-123.812417, 42.212667], [-123.811361, 42.214644], [-123.808796, 42.216961], [-123.807594, 42.21731], [-123.805991, 42.216849], [-123.804148, 42.21662], [-123.802202, 42.215738], [-123.799931, 42.216388], [-123.797063, 42.218962], [-123.796702, 42.219878], [-123.793144, 42.22111], [-123.790522, 42.220299], [-123.791902, 42.223289], [-123.792834, 42.224314], [-123.793288, 42.22781], [-123.793075, 42.230098], [-123.794003, 42.231155], [-123.792395, 42.234061], [-123.792354, 42.234271], [-123.792184, 42.237625], [-123.796383, 42.237497], [-123.798159, 42.238232], [-123.79962, 42.240204], [-123.803515, 42.239436], [-123.805938, 42.241176], [-123.807817, 42.241069], [-123.809421, 42.241494], [-123.812203, 42.24399], [-123.811032, 42.245614], [-123.810017, 42.24779], [-123.810548, 42.249697], [-123.811604, 42.251246], [-123.811992, 42.253495], [-123.813816, 42.254797], [-123.814672, 42.256741], [-123.815251, 42.259439], [-123.81475, 42.261887], [-123.814997, 42.262603], [-123.817359, 42.264096], [-123.820847, 42.264665], [-123.822177, 42.264365], [-123.823743, 42.266983], [-123.82382, 42.268693], [-123.826159, 42.270973], [-123.825625, 42.273378], [-123.825321, 42.276123], [-123.828031, 42.279255], [-123.829732, 42.279859], [-123.830885, 42.281438], [-123.832684, 42.282991], [-123.832956, 42.285622], [-123.835287, 42.286277], [-123.838419, 42.288537], [-123.838258, 42.289261], [-123.836606, 42.290556], [-123.837879, 42.294693], [-123.83972, 42.296282], [-123.843007, 42.297656], [-123.843557, 42.298507], [-123.84643, 42.29871], [-123.847315, 42.299219], [-123.847595, 42.301983], [-123.847619, 42.302637], [-123.847483, 42.303538], [-123.847129, 42.304249], [-123.846767, 42.304681], [-123.845404, 42.305638], [-123.845096, 42.30635], [-123.844167, 42.307854], [-123.841454, 42.310752], [-123.839496, 42.312202], [-123.839806, 42.312466], [-123.840919, 42.312764], [-123.8417, 42.313281], [-123.842203, 42.314144], [-123.843718, 42.314771], [-123.845481, 42.316171], [-123.845982, 42.316923], [-123.845985, 42.317288], [-123.84557, 42.318327], [-123.845674, 42.318508], [-123.846565, 42.318848], [-123.848396, 42.318986], [-123.849054, 42.319125], [-123.851287, 42.320577], [-123.852614, 42.320864], [-123.853846, 42.320742], [-123.855473, 42.320095], [-123.856118, 42.319933], [-123.856269, 42.319612], [-123.856849, 42.319058], [-123.857646, 42.318688], [-123.859863, 42.31854], [-123.860203, 42.318628], [-123.861165, 42.319332], [-123.863115, 42.320146], [-123.863558, 42.32046], [-123.864168, 42.321478], [-123.865143, 42.322036], [-123.866394, 42.322362], [-123.868646, 42.322499], [-123.869582, 42.322796], [-123.870915, 42.32409], [-123.871462, 42.324799], [-123.871803, 42.325716], [-123.871906, 42.326326], [-123.871645, 42.327127], [-123.871837, 42.327455], [-123.87318, 42.327633], [-123.873486, 42.327885], [-123.874147, 42.328995], [-123.874818, 42.329731], [-123.875264, 42.330071], [-123.87675, 42.330669], [-123.876945, 42.331139], [-123.876363, 42.331978], [-123.876248, 42.332797], [-123.876337, 42.333167], [-123.877219, 42.334336], [-123.878344, 42.335015], [-123.878927, 42.335279], [-123.879052, 42.33554], [-123.878462, 42.336284], [-123.878829, 42.33794], [-123.878813, 42.339381], [-123.878522, 42.341049], [-123.877858, 42.342428], [-123.877718, 42.343843], [-123.877852, 42.344851], [-123.878164, 42.345236], [-123.878816, 42.345667], [-123.880659, 42.345926], [-123.881707, 42.345926], [-123.88275, 42.345666], [-123.884036, 42.345874], [-123.884467, 42.346072], [-123.884229, 42.346519], [-123.88422, 42.347314], [-123.884354, 42.347602], [-123.885444, 42.348669], [-123.885945, 42.349422], [-123.887403, 42.350588], [-123.887695, 42.351218], [-123.888411, 42.351627], [-123.889972, 42.35215], [-123.891321, 42.353095], [-123.892307, 42.353341], [-123.892651, 42.353293], [-123.893745, 42.352314], [-123.89457, 42.351683], [-123.895094, 42.351422], [-123.896638, 42.351114], [-123.897208, 42.350937], [-123.89763, 42.350325], [-123.898903, 42.349593], [-123.899462, 42.349368], [-123.900219, 42.349234], [-123.900754, 42.349338], [-123.902541, 42.349094], [-123.903527, 42.349314], [-123.903895, 42.349229], [-123.905025, 42.348562], [-123.906166, 42.3481], [-123.907007, 42.347644], [-123.908615, 42.347574], [-123.910437, 42.347884], [-123.911976, 42.347669], [-123.913062, 42.347217], [-123.914617, 42.347008], [-123.915017, 42.346709], [-123.916606, 42.346592], [-123.917636, 42.346626], [-123.918157, 42.346554], [-123.918911, 42.346757], [-123.919451, 42.346742], [-123.919791, 42.346551], [-123.920408, 42.346469], [-123.921418, 42.347114], [-123.923302, 42.348835], [-123.923922, 42.350008], [-123.924053, 42.350465], [-123.924437, 42.351045], [-123.925591, 42.351741], [-123.925893, 42.352008], [-123.926691, 42.352257], [-123.928303, 42.352612], [-123.929171, 42.353059], [-123.929774, 42.353582], [-123.930195, 42.353759], [-123.932801, 42.354101], [-123.933213, 42.354338], [-123.933713, 42.354938], [-123.933895, 42.355427], [-123.93467, 42.355761], [-123.934638, 42.356534], [-123.934881, 42.356939], [-123.935089, 42.357665], [-123.935348, 42.35928], [-123.935313, 42.35983], [-123.935764, 42.360576], [-123.935888, 42.361116], [-123.936538, 42.361625], [-123.936842, 42.361632], [-123.938198, 42.361238], [-123.939141, 42.361062], [-123.940407, 42.360604], [-123.941409, 42.359942], [-123.943005, 42.35907], [-123.944632, 42.358058], [-123.944993, 42.358004], [-123.947381, 42.357276], [-123.948533, 42.357001], [-123.94959, 42.356544], [-123.953011, 42.356991], [-123.954132, 42.357256], [-123.956029, 42.357866], [-123.956691, 42.357897], [-123.957562, 42.357785], [-123.95979, 42.35703], [-123.960591, 42.356941], [-123.962043, 42.356654], [-123.962628, 42.356714], [-123.966661, 42.35774], [-123.968152, 42.357649], [-123.968953, 42.357373], [-123.970015, 42.357324], [-123.972898, 42.357979], [-123.974247, 42.358123], [-123.974875, 42.358087], [-123.975472, 42.358211], [-123.977307, 42.358403], [-123.978917, 42.358505], [-123.979725, 42.358776], [-123.98095, 42.358642], [-123.982675, 42.358274], [-123.983381, 42.358267], [-123.984686, 42.358449], [-123.985055, 42.358593], [-123.986317, 42.359409], [-123.987109, 42.359313], [-123.988255, 42.35879], [-123.989576, 42.3584], [-123.990456, 42.357941], [-123.9924, 42.357667], [-123.992913, 42.357659], [-123.995141, 42.358487], [-123.99623, 42.358611], [-123.996969, 42.358613], [-123.998549, 42.358488], [-124.000116, 42.358688], [-124.001734, 42.358669], [-124.002409, 42.358812], [-124.003386, 42.358864], [-124.005156, 42.358812], [-124.00713, 42.359037], [-124.008637, 42.359016], [-124.010062, 42.358678], [-124.010986, 42.358541], [-124.012294, 42.358635], [-124.013518, 42.359026], [-124.015153, 42.359294], [-124.017452, 42.35977], [-124.018169, 42.360561], [-124.01908, 42.361384], [-124.019732, 42.36162], [-124.02035, 42.361689], [-124.021961, 42.36166], [-124.02312, 42.361007], [-124.025037, 42.360099], [-124.025984, 42.359409], [-124.027073, 42.359216], [-124.027369, 42.35997], [-124.028712, 42.361049], [-124.029373, 42.362109], [-124.030057, 42.363045], [-124.030141, 42.363636], [-124.031199, 42.364743], [-124.032262, 42.365481], [-124.033017, 42.366352], [-124.033565, 42.367455], [-124.036289, 42.370213], [-124.036379, 42.371667], [-124.03624, 42.372294], [-124.036414, 42.372729], [-124.036171, 42.374389], [-124.035391, 42.375292], [-124.035001, 42.375876], [-124.035008, 42.376214], [-124.035489, 42.377858], [-124.035892, 42.378228], [-124.036473, 42.379078], [-124.037266, 42.380525], [-124.03726, 42.382673], [-124.03766, 42.382872], [-124.038584, 42.383094], [-124.038867, 42.38364], [-124.039392, 42.383897], [-124.039627, 42.38421], [-124.039586, 42.384751], [-124.040646, 42.385498], [-124.041579, 42.385912], [-124.04179, 42.387144], [-124.041983, 42.387656], [-124.040949, 42.388026], [-124.040275, 42.388495], [-124.039294, 42.38854], [-124.038842, 42.388837], [-124.038723, 42.389676], [-124.038101, 42.390081], [-124.037669, 42.391157], [-124.037394, 42.39156], [-124.037772, 42.39225], [-124.037113, 42.392427], [-124.036998, 42.392623], [-124.037262, 42.393219], [-124.037333, 42.393818], [-124.037134, 42.394157], [-124.0366, 42.394446], [-124.036177, 42.394949], [-124.037047, 42.395766], [-124.036743, 42.396061], [-124.035948, 42.396248], [-124.035796, 42.396407], [-124.036252, 42.396984], [-124.036342, 42.398046], [-124.036828, 42.398726], [-124.035208, 42.402433], [-124.033525, 42.402547], [-124.032309, 42.403283], [-124.030212, 42.402883], [-124.028557, 42.403308], [-124.027425, 42.405516], [-124.026168, 42.407409], [-124.025462, 42.407758], [-124.02306, 42.407621], [-124.021521, 42.408194], [-124.02036, 42.410041], [-124.017488, 42.410959], [-124.016143, 42.412218], [-124.013345, 42.412677]]]]}}, {"type": "Feature", "properties": {"id": 5, "NAME": "5", "text-color": "#000000", "text-size": 16, "TotalPop": 706209, "PopDevPct": -4.7e-07, "DemPct": 0.52804495, "RepPct": 0.44028331, "WhitePct": 0.8148202, "MinorityPct": 0.1851798, "BlackPct": 0.01531565, "HispanicPct": 0.08328355, "PacificPct": 0.0056613, "AsianPct": 0.04300508, "NativePct": 0.03352115, "TotalVAP": 557469, "Margin": 0.02804495, "color": "#FFD700", "opacity": "0.5", "year": 2022, "state": "OR", "state-district": "OR-05"}, "geometry": {"type": "MultiPolygon", "coordinates": [[[[-122.314281, 45.267045], [-122.31429, 45.267225], [-122.314456, 45.268249], [-122.31791, 45.270897], [-122.318177, 45.271815], [-122.319143, 45.273132], [-122.319359, 45.273534], [-122.319512, 45.273832], [-122.320662, 45.276123], [-122.321904, 45.278151], [-122.324554, 45.280553], [-122.324368, 45.280553], [-122.324904, 45.28092], [-122.325217, 45.281092], [-122.325476, 45.281232], [-122.325628, 45.281297], [-122.325945, 45.281421], [-122.325941, 45.281474], [-122.328019, 45.282395], [-122.328024, 45.28223], [-122.328738, 45.282532], [-122.331614, 45.283866], [-122.331871, 45.283209], [-122.332072, 45.282553], [-122.332146, 45.282431], [-122.332625, 45.282535], [-122.334746, 45.283141], [-122.340118, 45.285284], [-122.342621, 45.28647], [-122.343904, 45.287642], [-122.344291, 45.289553], [-122.343812, 45.292425], [-122.344756, 45.293674], [-122.347126, 45.294921], [-122.348412, 45.297328], [-122.350454, 45.299352], [-122.350559, 45.299223], [-122.351262, 45.299378], [-122.351318, 45.299727], [-122.351219, 45.30022], [-122.356293, 45.301117], [-122.357697, 45.300819], [-122.361404, 45.299332], [-122.362312, 45.29929], [-122.366356, 45.296844], [-122.367676, 45.297226], [-122.368195, 45.300541], [-122.367958, 45.302929], [-122.367134, 45.30415], [-122.363884, 45.306087], [-122.361626, 45.308361], [-122.362572, 45.309479], [-122.364311, 45.309219], [-122.366104, 45.31049], [-122.368095, 45.310787], [-122.371376, 45.310555], [-122.372795, 45.31139], [-122.376518, 45.312355], [-122.378304, 45.313618], [-122.379883, 45.314156], [-122.381508, 45.313965], [-122.382645, 45.313725], [-122.386017, 45.314827], [-122.387054, 45.316223], [-122.383476, 45.31855], [-122.382408, 45.319954], [-122.381134, 45.322624], [-122.380608, 45.329201], [-122.380699, 45.331181], [-122.382683, 45.333302], [-122.385139, 45.335049], [-122.387268, 45.335712], [-122.389381, 45.337341], [-122.388504, 45.338402], [-122.382515, 45.340401], [-122.380821, 45.341843], [-122.380363, 45.345257], [-122.383362, 45.346478], [-122.385101, 45.349209], [-122.384308, 45.351311], [-122.384171, 45.351921], [-122.382733, 45.353221], [-122.382494, 45.353752], [-122.381547, 45.354607], [-122.381407, 45.355216], [-122.381619, 45.355914], [-122.382132, 45.356433], [-122.38327, 45.3572], [-122.384101, 45.358278], [-122.385227, 45.359384], [-122.386074, 45.360456], [-122.386748, 45.361096], [-122.392256, 45.364422], [-122.394434, 45.365572], [-122.395344, 45.366133], [-122.397032, 45.367636], [-122.397594, 45.368406], [-122.397556, 45.369389], [-122.397969, 45.370691], [-122.398568, 45.371142], [-122.398193, 45.373214], [-122.401304, 45.37534], [-122.401979, 45.376349], [-122.404352, 45.377702], [-122.405747, 45.377704], [-122.406542, 45.377506], [-122.408286, 45.377777], [-122.409719, 45.378136], [-122.410582, 45.378975], [-122.41193, 45.380405], [-122.41317, 45.381349], [-122.413676, 45.381959], [-122.413514, 45.382042], [-122.416183, 45.385666], [-122.420174, 45.388252], [-122.422157, 45.389175], [-122.424324, 45.388626], [-122.432236, 45.389896], [-122.433571, 45.389648], [-122.434891, 45.388348], [-122.436684, 45.385677], [-122.439507, 45.383999], [-122.444519, 45.383076], [-122.448997, 45.38448], [-122.450781, 45.384641], [-122.450806, 45.38426], [-122.463237, 45.384062], [-122.468496, 45.384236], [-122.470564, 45.384987], [-122.470346, 45.386551], [-122.471313, 45.391186], [-122.473745, 45.392169], [-122.476491, 45.392528], [-122.478187, 45.391898], [-122.47985, 45.39062], [-122.482247, 45.391536], [-122.484313, 45.391747], [-122.484977, 45.391815], [-122.485298, 45.391968], [-122.487911, 45.392591], [-122.489489, 45.393788], [-122.489643, 45.39391], [-122.490414, 45.394398], [-122.490519, 45.394427], [-122.490652, 45.394368], [-122.490736, 45.394212], [-122.490887, 45.394086], [-122.491048, 45.394043], [-122.491227, 45.39407], [-122.491515, 45.393969], [-122.491956, 45.39395], [-122.492152, 45.393963], [-122.49236, 45.393893], [-122.492719, 45.393882], [-122.492796, 45.393839], [-122.49319, 45.393837], [-122.493308, 45.393748], [-122.493295, 45.394103], [-122.493365, 45.394112], [-122.494113, 45.394231], [-122.494304, 45.39366], [-122.496623, 45.393745], [-122.496671, 45.393758], [-122.49666, 45.39378], [-122.496608, 45.393867], [-122.496587, 45.393931], [-122.49659, 45.393991], [-122.496528, 45.394178], [-122.49668, 45.394203], [-122.496862, 45.394233], [-122.497057, 45.394253], [-122.497094, 45.394261], [-122.496991, 45.394057], [-122.496965, 45.393989], [-122.496929, 45.39383], [-122.49693, 45.393699], [-122.496948, 45.393627], [-122.496976, 45.393551], [-122.497246, 45.393008], [-122.497299, 45.393017], [-122.497382, 45.393051], [-122.500345, 45.394717], [-122.502495, 45.395721], [-122.505041, 45.398443], [-122.50693, 45.400642], [-122.507344, 45.401287], [-122.507683, 45.403351], [-122.512352, 45.408531], [-122.513788, 45.409314], [-122.515404, 45.409603], [-122.517511, 45.408403], [-122.517539, 45.409202], [-122.517501, 45.410104], [-122.51748, 45.412364], [-122.51798, 45.412812], [-122.517945, 45.413296], [-122.517434, 45.414748], [-122.517427, 45.415086], [-122.517421, 45.415482], [-122.517368, 45.41949], [-122.51738, 45.420727], [-122.517381, 45.42081], [-122.517399, 45.42225], [-122.516085, 45.422252], [-122.516099, 45.422957], [-122.514958, 45.422962], [-122.514961, 45.423645], [-122.514924, 45.424776], [-122.514921, 45.424872], [-122.517485, 45.42493], [-122.517486, 45.424993], [-122.520108, 45.425021], [-122.520135, 45.426531], [-122.520371, 45.426826], [-122.520505, 45.42747], [-122.520548, 45.428109], [-122.522178, 45.428113], [-122.52305, 45.428098], [-122.524109, 45.428005], [-122.525537, 45.428008], [-122.527722, 45.428038], [-122.527732, 45.428521], [-122.527695, 45.428522], [-122.527662, 45.428522], [-122.527662, 45.428555], [-122.527662, 45.42865], [-122.527663, 45.428739], [-122.527663, 45.428958], [-122.527656, 45.428974], [-122.52764, 45.428983], [-122.527627, 45.428986], [-122.527476, 45.428985], [-122.527339, 45.428984], [-122.527067, 45.428982], [-122.526949, 45.428981], [-122.526929, 45.42898], [-122.52691, 45.428978], [-122.526892, 45.428975], [-122.526873, 45.42897], [-122.526856, 45.428965], [-122.526839, 45.428958], [-122.526823, 45.428951], [-122.526808, 45.428942], [-122.526794, 45.428933], [-122.526782, 45.428922], [-122.526771, 45.428911], [-122.526761, 45.4289], [-122.526753, 45.428887], [-122.526746, 45.428875], [-122.526704, 45.428789], [-122.526681, 45.428749], [-122.526654, 45.428701], [-122.526622, 45.428675], [-122.526597, 45.428655], [-122.526608, 45.428604], [-122.526661, 45.428362], [-122.526125, 45.428358], [-122.526531, 45.42866], [-122.526587, 45.428701], [-122.526565, 45.428715], [-122.526509, 45.428741], [-122.526519, 45.428755], [-122.526538, 45.428785], [-122.526548, 45.428798], [-122.526584, 45.428873], [-122.526589, 45.428885], [-122.526641, 45.428973], [-122.52666, 45.428991], [-122.526682, 45.429009], [-122.526705, 45.429024], [-122.52673, 45.429039], [-122.526757, 45.429052], [-122.526785, 45.429063], [-122.526814, 45.429072], [-122.526845, 45.429079], [-122.526878, 45.429085], [-122.526912, 45.429089], [-122.526947, 45.42909], [-122.527071, 45.429091], [-122.527344, 45.429093], [-122.527625, 45.429095], [-122.527641, 45.429098], [-122.527699, 45.429101], [-122.527743, 45.429101], [-122.52775, 45.429641], [-122.527715, 45.430309], [-122.527766, 45.432375], [-122.527748, 45.436075], [-122.529053, 45.436084], [-122.529105, 45.432252], [-122.533389, 45.432279], [-122.533415, 45.432034], [-122.533423, 45.431926], [-122.534703, 45.431938], [-122.535793, 45.431972], [-122.535793, 45.432008], [-122.537739, 45.432013], [-122.537959, 45.431995], [-122.538101, 45.431983], [-122.538102, 45.432302], [-122.538102, 45.432311], [-122.538079, 45.432886], [-122.538073, 45.433047], [-122.538072, 45.433071], [-122.538068, 45.433182], [-122.538068, 45.433234], [-122.538062, 45.433595], [-122.538059, 45.433824], [-122.538054, 45.434146], [-122.538048, 45.434603], [-122.537839, 45.435962], [-122.535496, 45.438302], [-122.533853, 45.439839], [-122.531838, 45.442679], [-122.531629, 45.442849], [-122.530879, 45.444748], [-122.530923, 45.44695], [-122.532377, 45.447074], [-122.534718, 45.449327], [-122.536993, 45.451009], [-122.537795, 45.451467], [-122.539271, 45.453569], [-122.540489, 45.455886], [-122.540824, 45.456571], [-122.540846, 45.456617], [-122.540904, 45.45674], [-122.540964, 45.456868], [-122.541789, 45.458188], [-122.54303, 45.45956], [-122.544511, 45.460304], [-122.547138, 45.460937], [-122.548002, 45.461045], [-122.55301, 45.461053], [-122.558255, 45.461062], [-122.563168, 45.461216], [-122.564761, 45.461287], [-122.565483, 45.461307], [-122.568617, 45.461365], [-122.570126, 45.46138], [-122.570847, 45.461388], [-122.571309, 45.461392], [-122.568538, 45.464687], [-122.56701, 45.466454], [-122.565971, 45.468357], [-122.565539, 45.468347], [-122.565453, 45.468623], [-122.56471, 45.468865], [-122.564295, 45.470792], [-122.562187, 45.473423], [-122.561192, 45.473879], [-122.561126, 45.474163], [-122.561176, 45.474383], [-122.563555, 45.473878], [-122.563779, 45.47374], [-122.565233, 45.472866], [-122.565678, 45.472568], [-122.565731, 45.473473], [-122.565928, 45.478331], [-122.568612, 45.479123], [-122.569603, 45.479219], [-122.570563, 45.479249], [-122.571467, 45.479266], [-122.572433, 45.479283], [-122.573399, 45.479296], [-122.574426, 45.479332], [-122.574895, 45.479342], [-122.575397, 45.479351], [-122.575919, 45.479364], [-122.576374, 45.479388], [-122.576963, 45.479414], [-122.577469, 45.479428], [-122.577974, 45.479441], [-122.578479, 45.479454], [-122.579009, 45.47947], [-122.580918, 45.479575], [-122.581596, 45.479608], [-122.584152, 45.479601], [-122.586723, 45.479607], [-122.588005, 45.479599], [-122.588364, 45.479576], [-122.589292, 45.479516], [-122.591887, 45.479283], [-122.594455, 45.479152], [-122.597041, 45.479155], [-122.599615, 45.479159], [-122.602188, 45.479162], [-122.604765, 45.479165], [-122.607336, 45.479164], [-122.608727, 45.479163], [-122.608724, 45.478422], [-122.608722, 45.477708], [-122.608721, 45.477487], [-122.60872, 45.476996], [-122.608718, 45.476283], [-122.608731, 45.47583], [-122.609516, 45.473567], [-122.60985, 45.47262], [-122.611423, 45.472579], [-122.611986, 45.472579], [-122.61345, 45.472581], [-122.613974, 45.471896], [-122.614549, 45.471896], [-122.615996, 45.471895], [-122.61745, 45.471893], [-122.619497, 45.471893], [-122.619487, 45.471194], [-122.621035, 45.471195], [-122.622599, 45.471197], [-122.624364, 45.471197], [-122.624374, 45.471825], [-122.626214, 45.471826], [-122.626216, 45.471198], [-122.626231, 45.4705], [-122.627223, 45.470771], [-122.628244, 45.471022], [-122.629191, 45.471003], [-122.629192, 45.469323], [-122.629441, 45.469314], [-122.630388, 45.469205], [-122.631395, 45.469496], [-122.632415, 45.46952], [-122.633423, 45.469726], [-122.634443, 45.47005], [-122.635483, 45.470163], [-122.635492, 45.469844], [-122.638322, 45.469272], [-122.637172, 45.464285], [-122.638369, 45.464269], [-122.641257, 45.464273], [-122.641557, 45.464312], [-122.643066, 45.464316], [-122.643124, 45.464317], [-122.643065, 45.465029], [-122.645053, 45.465031], [-122.645054, 45.464318], [-122.647042, 45.464319], [-122.649022, 45.46432], [-122.651009, 45.464322], [-122.652997, 45.464323], [-122.654985, 45.464324], [-122.656973, 45.464325], [-122.657986, 45.464326], [-122.659, 45.464326], [-122.660013, 45.464321], [-122.661371, 45.464327], [-122.66357, 45.464339], [-122.666484, 45.464334], [-122.667666, 45.464331], [-122.667955, 45.465881], [-122.669167, 45.469081], [-122.670103, 45.468884], [-122.671307, 45.468814], [-122.671499, 45.469482], [-122.672418, 45.470017], [-122.67254, 45.469332], [-122.672815, 45.468256], [-122.67304, 45.467526], [-122.674607, 45.467327], [-122.680703, 45.468793], [-122.686184, 45.469721], [-122.685937, 45.470275], [-122.685891, 45.470396], [-122.687464, 45.470347], [-122.688089, 45.470265], [-122.689481, 45.4699], [-122.690337, 45.469433], [-122.691874, 45.46786], [-122.693258, 45.466871], [-122.694318, 45.466147], [-122.69735, 45.464526], [-122.697346, 45.464358], [-122.697314, 45.463489], [-122.698309, 45.463502], [-122.699054, 45.463496], [-122.70396, 45.460675], [-122.710076, 45.457235], [-122.715387, 45.454282], [-122.718069, 45.453456], [-122.721113, 45.453533], [-122.721291, 45.45353], [-122.722998, 45.453539], [-122.724294, 45.453377], [-122.726286, 45.452714], [-122.726891, 45.452355], [-122.727784, 45.451643], [-122.728303, 45.45101], [-122.729707, 45.448769], [-122.730277, 45.447956], [-122.731091, 45.447114], [-122.731082, 45.445794], [-122.731079, 45.445364], [-122.731989, 45.445373], [-122.738722, 45.443746], [-122.739932, 45.443488], [-122.740155, 45.44344], [-122.742673, 45.443111], [-122.743703, 45.442944], [-122.743717, 45.440563], [-122.743721, 45.439028], [-122.743713, 45.438377], [-122.743715, 45.436951], [-122.743718, 45.435079], [-122.743721, 45.433294], [-122.741101, 45.433268], [-122.741104, 45.433128], [-122.741495, 45.432871], [-122.741801, 45.432652], [-122.74211, 45.430281], [-122.742108, 45.429585], [-122.742101, 45.4289], [-122.741109, 45.428681], [-122.741086, 45.42647], [-122.741083, 45.426104], [-122.741083, 45.426063], [-122.743991, 45.426072], [-122.744006, 45.421046], [-122.744009, 45.420921], [-122.743864, 45.420855], [-122.743839, 45.418857], [-122.743818, 45.415311], [-122.742917, 45.415304], [-122.742795, 45.415304], [-122.742695, 45.415304], [-122.740091, 45.415303], [-122.73719, 45.415302], [-122.736697, 45.415302], [-122.735647, 45.415301], [-122.732707, 45.415316], [-122.73043, 45.415324], [-122.730367, 45.415275], [-122.72997, 45.414962], [-122.729802, 45.41482], [-122.729663, 45.414687], [-122.729566, 45.414574], [-122.728475, 45.413476], [-122.726632, 45.410562], [-122.726561, 45.410575], [-122.725619, 45.410632], [-122.721991, 45.410822], [-122.722, 45.409145], [-122.723105, 45.40868], [-122.723126, 45.406934], [-122.723137, 45.406026], [-122.723133, 45.40595], [-122.723128, 45.405863], [-122.723097, 45.405693], [-122.723075, 45.405608], [-122.723077, 45.405531], [-122.723217, 45.405361], [-122.723493, 45.405074], [-122.723522, 45.405035], [-122.723574, 45.40485], [-122.723487, 45.404687], [-122.723117, 45.404015], [-122.723112, 45.402769], [-122.723108, 45.402395], [-122.723085, 45.400654], [-122.723086, 45.398334], [-122.722962, 45.397076], [-122.722095, 45.396519], [-122.719348, 45.395191], [-122.719639, 45.392616], [-122.72133, 45.388388], [-122.720808, 45.386266], [-122.720736, 45.384175], [-122.722988, 45.38416], [-122.722989, 45.383575], [-122.721124, 45.383566], [-122.721687, 45.382682], [-122.722069, 45.382757], [-122.722087, 45.382342], [-122.72194, 45.382312], [-122.720768, 45.380933], [-122.720771, 45.379935], [-122.720985, 45.379845], [-122.721114, 45.37983], [-122.721915, 45.380461], [-122.722027, 45.380502], [-122.722342, 45.379434], [-122.722341, 45.379419], [-122.722362, 45.379401], [-122.722556, 45.37923], [-122.722584, 45.379123], [-122.722717, 45.379131], [-122.7229, 45.379124], [-122.723083, 45.379044], [-122.72319, 45.378902], [-122.723221, 45.378712], [-122.723175, 45.378525], [-122.722958, 45.378229], [-122.722946, 45.378212], [-122.722908, 45.37818], [-122.722902, 45.377675], [-122.722876, 45.377242], [-122.72285, 45.37623], [-122.723775, 45.375358], [-122.724054, 45.375356], [-122.725978, 45.375348], [-122.72609, 45.375087], [-122.72673, 45.37476], [-122.727388, 45.373582], [-122.728583, 45.373574], [-122.728593, 45.373111], [-122.73503, 45.373248], [-122.738114, 45.373017], [-122.742499, 45.372137], [-122.743738, 45.372233], [-122.743923, 45.372181], [-122.743923, 45.371751], [-122.743916, 45.369247], [-122.743921, 45.368298], [-122.743883, 45.361036], [-122.743856, 45.359577], [-122.743855, 45.359457], [-122.743798, 45.355871], [-122.743811, 45.353992], [-122.743866, 45.348463], [-122.743868, 45.346587], [-122.743767, 45.336359], [-122.743761, 45.336331], [-122.743765, 45.336212], [-122.743741, 45.332067], [-122.743732, 45.33197], [-122.743757, 45.324829], [-122.743762, 45.321045], [-122.74375, 45.317548], [-122.742933, 45.317529], [-122.741144, 45.317522], [-122.74099, 45.317517], [-122.738115, 45.317509], [-122.731311, 45.317491], [-122.731306, 45.311154], [-122.738135, 45.311167], [-122.7385, 45.302456], [-122.738405, 45.301362], [-122.743805, 45.300309], [-122.743954, 45.299353], [-122.74144, 45.300079], [-122.736061, 45.301125], [-122.731293, 45.301815], [-122.726768, 45.302135], [-122.723701, 45.301765], [-122.721283, 45.300709], [-122.720016, 45.29948], [-122.721336, 45.298035], [-122.719925, 45.29631], [-122.719963, 45.2943], [-122.723495, 45.291344], [-122.722092, 45.288544], [-122.720642, 45.287693], [-122.719765, 45.288387], [-122.718231, 45.28796], [-122.716713, 45.28471], [-122.716438, 45.284336], [-122.716507, 45.283936], [-122.717781, 45.283051], [-122.718735, 45.283066], [-122.719688, 45.283531], [-122.720657, 45.283672], [-122.721817, 45.283371], [-122.723442, 45.282776], [-122.724281, 45.282642], [-122.726799, 45.28252], [-122.729225, 45.282501], [-122.729874, 45.282314], [-122.730469, 45.281487], [-122.731255, 45.280772], [-122.730881, 45.280132], [-122.730911, 45.279503], [-122.731094, 45.278999], [-122.731583, 45.278732], [-122.733383, 45.278481], [-122.734131, 45.277657], [-122.735283, 45.276531], [-122.735291, 45.276302], [-122.73465, 45.276142], [-122.734444, 45.276562], [-122.734612, 45.276741], [-122.733879, 45.277321], [-122.733315, 45.276882], [-122.731171, 45.276356], [-122.73069, 45.276016], [-122.73053, 45.27552], [-122.730812, 45.275059], [-122.730942, 45.273548], [-122.731316, 45.273087], [-122.731857, 45.273174], [-122.732674, 45.274113], [-122.733513, 45.274666], [-122.733932, 45.27475], [-122.735069, 45.274529], [-122.735703, 45.274315], [-122.737045, 45.273605], [-122.73774, 45.27354], [-122.737984, 45.273335], [-122.738235, 45.27264], [-122.738075, 45.271553], [-122.737801, 45.271137], [-122.736938, 45.270664], [-122.736427, 45.270569], [-122.734879, 45.271011], [-122.734177, 45.270073], [-122.734489, 45.269661], [-122.736046, 45.269333], [-122.736366, 45.269138], [-122.736687, 45.268642], [-122.736443, 45.267986], [-122.735174, 45.267263], [-122.734917, 45.266975], [-122.735046, 45.266163], [-122.735321, 45.265873], [-122.736031, 45.265949], [-122.73719, 45.266365], [-122.737648, 45.266434], [-122.738495, 45.266243], [-122.739227, 45.266201], [-122.740158, 45.266308], [-122.740692, 45.26606], [-122.740822, 45.265465], [-122.739861, 45.264034], [-122.739014, 45.261944], [-122.73925, 45.261753], [-122.73996, 45.261658], [-122.74057, 45.261951], [-122.740715, 45.262192], [-122.740829, 45.263855], [-122.741219, 45.264584], [-122.742348, 45.265022], [-122.742897, 45.265011], [-122.743591, 45.264015], [-122.744034, 45.263699], [-122.744461, 45.263641], [-122.745064, 45.263866], [-122.745834, 45.263912], [-122.746521, 45.263359], [-122.746155, 45.2626], [-122.744972, 45.261848], [-122.744682, 45.261299], [-122.744736, 45.260578], [-122.744591, 45.260128], [-122.744217, 45.259892], [-122.742966, 45.25996], [-122.742378, 45.260101], [-122.741379, 45.260532], [-122.740562, 45.260437], [-122.739929, 45.260235], [-122.73938, 45.259895], [-122.73926, 45.259532], [-122.738988, 45.259532], [-122.73903, 45.259359], [-122.739218, 45.259232], [-122.739567, 45.259176], [-122.740001, 45.259183], [-122.740773, 45.259268], [-122.740979, 45.259258], [-122.741236, 45.259197], [-122.74144, 45.259049], [-122.741505, 45.258924], [-122.741516, 45.258664], [-122.74141, 45.2583], [-122.741086, 45.257761], [-122.74102, 45.257451], [-122.741049, 45.257216], [-122.74112, 45.257031], [-122.741295, 45.256879], [-122.741429, 45.256834], [-122.742709, 45.256638], [-122.742888, 45.256578], [-122.743208, 45.256345], [-122.743292, 45.256129], [-122.743301, 45.255976], [-122.743016, 45.255002], [-122.743073, 45.254775], [-122.743201, 45.254585], [-122.743479, 45.254379], [-122.743992, 45.254142], [-122.744189, 45.253978], [-122.744306, 45.253814], [-122.744454, 45.253444], [-122.744433, 45.253202], [-122.74431, 45.252718], [-122.743917, 45.252211], [-122.743557, 45.251712], [-122.743388, 45.251351], [-122.743436, 45.251045], [-122.743689, 45.250864], [-122.743977, 45.25078], [-122.74432, 45.250756], [-122.744633, 45.25078], [-122.744981, 45.250888], [-122.745153, 45.251078], [-122.745162, 45.251528], [-122.745328, 45.251829], [-122.745474, 45.251969], [-122.745653, 45.252059], [-122.746028, 45.252163], [-122.746553, 45.252269], [-122.746986, 45.252323], [-122.747269, 45.252311], [-122.747534, 45.252235], [-122.747717, 45.252121], [-122.747925, 45.251807], [-122.747922, 45.251495], [-122.747729, 45.251254], [-122.747273, 45.250871], [-122.747119, 45.250587], [-122.747043, 45.250177], [-122.747134, 45.249281], [-122.748613, 45.247889], [-122.750062, 45.247278], [-122.751162, 45.246144], [-122.751113, 45.245342], [-122.749828, 45.244329], [-122.749958, 45.243364], [-122.751768, 45.243167], [-122.751948, 45.242542], [-122.750248, 45.24053], [-122.75131, 45.239361], [-122.75124, 45.238406], [-122.749131, 45.238205], [-122.748194, 45.237288], [-122.747736, 45.235692], [-122.749784, 45.236119], [-122.750739, 45.235042], [-122.750085, 45.233603], [-122.749821, 45.231969], [-122.747765, 45.233478], [-122.745686, 45.233226], [-122.745243, 45.232414], [-122.745948, 45.229364], [-122.746774, 45.229255], [-122.747274, 45.231025], [-122.748109, 45.231213], [-122.75186, 45.23017], [-122.752533, 45.228835], [-122.751151, 45.229313], [-122.749779, 45.229017], [-122.748913, 45.227217], [-122.747221, 45.226271], [-122.746712, 45.225199], [-122.747151, 45.223337], [-122.74879, 45.22336], [-122.749909, 45.223384], [-122.75075, 45.2234], [-122.753999, 45.223388], [-122.753867, 45.220215], [-122.757304, 45.220135], [-122.757607, 45.219809], [-122.75854, 45.22017], [-122.76072, 45.220933], [-122.763839, 45.217725], [-122.765758, 45.216189], [-122.76738, 45.21626], [-122.76953, 45.21275], [-122.77128, 45.21086], [-122.779242, 45.204453], [-122.779342, 45.203935], [-122.780856, 45.202829], [-122.782782, 45.200565], [-122.784951, 45.198476], [-122.792314, 45.193143], [-122.79694, 45.189418], [-122.798991, 45.187526], [-122.800061, 45.186362], [-122.79877, 45.1861], [-122.797705, 45.185461], [-122.798347, 45.184777], [-122.797437, 45.184187], [-122.800499, 45.181852], [-122.800439, 45.181382], [-122.800361, 45.180714], [-122.8001, 45.17827], [-122.80255, 45.17818], [-122.80355, 45.17813], [-122.803912, 45.178113], [-122.80316, 45.17264], [-122.805246, 45.172643], [-122.810407, 45.172638], [-122.810396, 45.171982], [-122.813072, 45.171962], [-122.814253, 45.170578], [-122.820799, 45.163086], [-122.821381, 45.162432], [-122.822017, 45.161704], [-122.822192, 45.161537], [-122.822213, 45.161513], [-122.822255, 45.161465], [-122.822337, 45.161366], [-122.822585, 45.161074], [-122.822668, 45.160976], [-122.822811, 45.160809], [-122.823245, 45.160308], [-122.82339, 45.160141], [-122.82366, 45.159838], [-122.823724, 45.15977], [-122.82398, 45.159497], [-122.823936, 45.159498], [-122.823804, 45.1595], [-122.823762, 45.1595], [-122.82366, 45.159498], [-122.827106, 45.155577], [-122.828376, 45.154135], [-122.825424, 45.153935], [-122.821774, 45.15369], [-122.821782, 45.153287], [-122.822027, 45.15121], [-122.823024, 45.15121], [-122.82333, 45.15025], [-122.82504, 45.14864], [-122.82631, 45.14747], [-122.82657, 45.14758], [-122.82684, 45.14767], [-122.826949, 45.147711], [-122.827078, 45.147597], [-122.827155, 45.147449], [-122.827213, 45.147341], [-122.826879, 45.147162], [-122.826733, 45.147083], [-122.8269, 45.14693], [-122.827366, 45.146483], [-122.827701, 45.146681], [-122.827927, 45.146815], [-122.828357, 45.14642], [-122.828054, 45.146308], [-122.827689, 45.146173], [-122.828304, 45.145523], [-122.829032, 45.145519], [-122.829215, 45.145261], [-122.829269, 45.145005], [-122.829946, 45.145034], [-122.83007, 45.143468], [-122.830186, 45.142158], [-122.834031, 45.142295], [-122.834152, 45.141073], [-122.835455, 45.140405], [-122.835322, 45.13945], [-122.83758, 45.136321], [-122.837194, 45.136335], [-122.838904, 45.133447], [-122.837833, 45.132636], [-122.840224, 45.127963], [-122.845057, 45.127897], [-122.847641, 45.127862], [-122.852229, 45.1278], [-122.852346, 45.127664], [-122.85555, 45.12412], [-122.857386, 45.122134], [-122.858195, 45.121244], [-122.859712, 45.120004], [-122.864951, 45.117084], [-122.871344, 45.114392], [-122.877741, 45.111751], [-122.881984, 45.109731], [-122.886526, 45.106614], [-122.888947, 45.104959], [-122.89138, 45.103306], [-122.893398, 45.101957], [-122.894762, 45.101019], [-122.902472, 45.095713], [-122.903651, 45.094765], [-122.904047, 45.094383], [-122.90469, 45.09382], [-122.914149, 45.085492], [-122.916506, 45.083341], [-122.919813, 45.080302], [-122.9203, 45.07986], [-122.930885, 45.073], [-122.936429, 45.068945], [-122.937876, 45.067644], [-122.943976, 45.059691], [-122.946107, 45.056891], [-122.949696, 45.052828], [-122.952704, 45.049652], [-122.95419, 45.04803], [-122.95481, 45.04736], [-122.95524, 45.04689], [-122.963327, 45.038046], [-122.96346, 45.0379], [-122.96614, 45.03493], [-122.971318, 45.029411], [-122.97222, 45.028144], [-122.975247, 45.023623], [-122.975969, 45.02089], [-122.976053, 45.02002], [-122.97474, 45.02002], [-122.9747, 45.01921], [-122.97472, 45.01841], [-122.976199, 45.01841], [-122.976274, 45.017641], [-122.976643, 45.013711], [-122.97607, 45.00917], [-122.976027, 45.009028], [-122.975844, 45.006185], [-122.97644, 45.004665], [-122.976451, 45.004636], [-122.97648, 45.00456], [-122.9763, 45.004558], [-122.975764, 45.004555], [-122.975585, 45.004554], [-122.97338, 45.00454], [-122.97258, 45.00454], [-122.971784, 45.004532], [-122.965941, 45.004494], [-122.963049, 45.004495], [-122.962778, 45.004496], [-122.962748, 45.004497], [-122.962492, 45.004497], [-122.961725, 45.004499], [-122.96147, 45.0045], [-122.961284, 45.0045], [-122.960726, 45.0045], [-122.95863, 45.0045], [-122.953207, 45.00447], [-122.953253, 45.000635], [-122.953252, 44.997128], [-122.95263, 44.9971], [-122.95286, 44.995973], [-122.952903, 44.995588], [-122.95294, 44.99529], [-122.95395, 44.99096], [-122.954755, 44.987744], [-122.955122, 44.986159], [-122.955306, 44.985388], [-122.95603, 44.98234], [-122.95731, 44.97691], [-122.95799, 44.97409], [-122.95854, 44.97321], [-122.95931, 44.97181], [-122.95898, 44.97116], [-122.95872, 44.97045], [-122.959247, 44.968146], [-122.959428, 44.968136], [-122.96028, 44.964454], [-122.960884, 44.962266], [-122.960921, 44.9618], [-122.96063, 44.9618], [-122.960587, 44.961481], [-122.95979, 44.958231], [-122.95891, 44.95488], [-122.958473, 44.951546], [-122.95855, 44.94891], [-122.95856, 44.94716], [-122.95867, 44.94396], [-122.95933, 44.93961], [-122.959224, 44.937988], [-122.95908, 44.93633], [-122.959042, 44.934482], [-122.959174, 44.934484], [-122.959113, 44.931437], [-122.958894, 44.928079], [-122.958887, 44.927972], [-122.958782, 44.927973], [-122.9582, 44.9237], [-122.95617, 44.92117], [-122.955272, 44.920179], [-122.95376, 44.91856], [-122.952508, 44.917348], [-122.95228, 44.9157], [-122.953844, 44.913675], [-122.95027, 44.9137], [-122.945025, 44.909785], [-122.94521, 44.909612], [-122.950453, 44.905968], [-122.946564, 44.903099], [-122.94628, 44.90289], [-122.946183, 44.902825], [-122.946157, 44.902808], [-122.946642, 44.902476], [-122.946628, 44.90247], [-122.944982, 44.901783], [-122.944348, 44.901484], [-122.94345, 44.90106], [-122.943106, 44.900898], [-122.942959, 44.900823], [-122.94271, 44.900699], [-122.942457, 44.900569], [-122.942213, 44.900441], [-122.94206, 44.900363], [-122.941884, 44.900269], [-122.941748, 44.900197], [-122.941578, 44.900105], [-122.941362, 44.899986], [-122.941211, 44.899908], [-122.940961, 44.89977], [-122.940803, 44.899681], [-122.940631, 44.899582], [-122.940695, 44.899534], [-122.94064, 44.899499], [-122.940575, 44.899549], [-122.937396, 44.897548], [-122.925276, 44.888902], [-122.925521, 44.888969], [-122.92024, 44.885184], [-122.9201, 44.88521], [-122.91327, 44.880347], [-122.91327, 44.880222], [-122.909527, 44.877463], [-122.902558, 44.872588], [-122.874467, 44.857019], [-122.867104, 44.853002], [-122.866047, 44.852417], [-122.863706, 44.851111], [-122.858417, 44.848168], [-122.857298, 44.847577], [-122.854415, 44.846024], [-122.85443, 44.84536], [-122.854497, 44.844098], [-122.854521, 44.843612], [-122.854585, 44.84253], [-122.85462, 44.841964], [-122.854685, 44.840934], [-122.854705, 44.8406], [-122.854836, 44.838601], [-122.85489, 44.83781], [-122.85517, 44.83777], [-122.85547, 44.83787], [-122.85549, 44.83499], [-122.85551, 44.83239], [-122.855507, 44.828538], [-122.85482, 44.82735], [-122.85485, 44.82442], [-122.85351, 44.82378], [-122.85357, 44.81949], [-122.84668, 44.81941], [-122.84634, 44.81923], [-122.84634, 44.80962], [-122.843526, 44.80963], [-122.843528, 44.802487], [-122.851214, 44.802437], [-122.855141, 44.8021], [-122.855177, 44.796368], [-122.834987, 44.796606], [-122.8349, 44.79138], [-122.83599, 44.79114], [-122.84416, 44.79026], [-122.84521, 44.79002], [-122.848115, 44.788795], [-122.850467, 44.788819], [-122.853758, 44.789465], [-122.85661, 44.790809], [-122.860264, 44.791527], [-122.865803, 44.792244], [-122.873135, 44.792354], [-122.874894, 44.791902], [-122.87489, 44.79091], [-122.8748, 44.7851], [-122.87319, 44.78374], [-122.87344, 44.78352], [-122.86747, 44.77485], [-122.866385, 44.775264], [-122.86595, 44.77541], [-122.86601, 44.76638], [-122.866186, 44.766074], [-122.866284, 44.762294], [-122.86524, 44.760572], [-122.864928, 44.758479], [-122.864965, 44.7583], [-122.868847, 44.758216], [-122.871689, 44.757137], [-122.873219, 44.75506], [-122.873276, 44.752196], [-122.873334, 44.752037], [-122.873669, 44.751454], [-122.875777, 44.751025], [-122.877289, 44.751164], [-122.882731, 44.751034], [-122.884958, 44.750569], [-122.890258, 44.748623], [-122.891829, 44.747499], [-122.892398, 44.745129], [-122.894692, 44.743955], [-122.897648, 44.744958], [-122.899397, 44.743794], [-122.900612, 44.741044], [-122.902456, 44.739819], [-122.90538, 44.739187], [-122.906842, 44.737503], [-122.909232, 44.736472], [-122.909888, 44.732507], [-122.911992, 44.731175], [-122.912779, 44.730052], [-122.916886, 44.728611], [-122.919518, 44.726906], [-122.919464, 44.724935], [-122.922578, 44.723703], [-122.925638, 44.721852], [-122.928097, 44.72222], [-122.929231, 44.721828], [-122.929887, 44.720663], [-122.929381, 44.719301], [-122.931922, 44.716995], [-122.93408, 44.71578], [-122.93708, 44.715087], [-122.937846, 44.714889], [-122.939622, 44.71493], [-122.942354, 44.715285], [-122.943228, 44.715479], [-122.944621, 44.716053], [-122.945837, 44.716791], [-122.947659, 44.717986], [-122.949349, 44.718634], [-122.94935, 44.718661], [-122.951185, 44.719645], [-122.952019, 44.720129], [-122.956081, 44.721372], [-122.957553, 44.721301], [-122.9586, 44.720084], [-122.960854, 44.718355], [-122.962939, 44.715787], [-122.965309, 44.714798], [-122.96464, 44.715517], [-122.967491, 44.713844], [-122.968987, 44.713397], [-122.971495, 44.710505], [-122.972471, 44.708629], [-122.973067, 44.708858], [-122.97416, 44.70802], [-122.972842, 44.707979], [-122.974054, 44.705489], [-122.974391, 44.702838], [-122.973993, 44.702888], [-122.973949, 44.70227], [-122.973649, 44.700518], [-122.974059, 44.69909], [-122.974905, 44.698144], [-122.975862, 44.697578], [-122.97701, 44.697239], [-122.977583, 44.696929], [-122.978279, 44.696744], [-122.979769, 44.696492], [-122.983595, 44.696614], [-122.985042, 44.696526], [-122.985738, 44.696386], [-122.986746, 44.695985], [-122.9872, 44.695682], [-122.988156, 44.694822], [-122.988675, 44.694026], [-122.98929, 44.693657], [-122.990027, 44.693479], [-122.991065, 44.693602], [-122.991695, 44.693872], [-122.992268, 44.694275], [-122.992678, 44.694733], [-122.993154, 44.69556], [-122.993648, 44.696058], [-122.994658, 44.696123], [-122.996175, 44.695699], [-122.997737, 44.694811], [-122.998293, 44.694101], [-122.998156, 44.693076], [-122.997623, 44.69212], [-122.996435, 44.69086], [-122.996025, 44.690286], [-122.99593, 44.68973], [-122.996297, 44.689016], [-122.998717, 44.687233], [-123.000013, 44.686916], [-123.000724, 44.687428], [-123.001201, 44.688548], [-123.001831, 44.688924], [-123.002527, 44.688948], [-123.003743, 44.688657], [-123.004903, 44.68809], [-123.005122, 44.687503], [-123.005477, 44.687041], [-123.006079, 44.686887], [-123.006689, 44.686896], [-123.006847, 44.686898], [-123.006837, 44.686683], [-123.006972, 44.68669], [-123.007747, 44.687798], [-123.010346, 44.68904], [-123.013998, 44.691549], [-123.016827, 44.694245], [-123.01884, 44.698559], [-123.018938, 44.700409], [-123.018305, 44.702465], [-123.017935, 44.704585], [-123.015446, 44.70904], [-123.016231, 44.708651], [-123.015244, 44.710505], [-123.013995, 44.713973], [-123.014118, 44.714625], [-123.014217, 44.714884], [-123.014863, 44.71613], [-123.015654, 44.719624], [-123.015148, 44.719877], [-123.015927, 44.721298], [-123.016667, 44.72213], [-123.018153, 44.723642], [-123.018694, 44.724149], [-123.018892, 44.724663], [-123.019999, 44.725376], [-123.020708, 44.725619], [-123.022348, 44.725786], [-123.024002, 44.725578], [-123.025518, 44.725035], [-123.027127, 44.723951], [-123.028715, 44.722935], [-123.029997, 44.722244], [-123.031884, 44.72107], [-123.032567, 44.720756], [-123.033317, 44.720575], [-123.034095, 44.720551], [-123.034752, 44.720865], [-123.035804, 44.721804], [-123.036515, 44.722166], [-123.03803, 44.722767], [-123.03941, 44.723498], [-123.040598, 44.724331], [-123.041567, 44.725243], [-123.042196, 44.726223], [-123.042565, 44.727251], [-123.042756, 44.728972], [-123.042484, 44.730079], [-123.041897, 44.731045], [-123.041034, 44.731919], [-123.039696, 44.733135], [-123.039451, 44.733589], [-123.039627, 44.734713], [-123.039861, 44.735663], [-123.04008, 44.736114], [-123.040934, 44.737092], [-123.042009, 44.737719], [-123.042639, 44.737834], [-123.043981, 44.738261], [-123.045789, 44.738577], [-123.046794, 44.738654], [-123.048454, 44.738616], [-123.050025, 44.73849], [-123.050816, 44.73836], [-123.052465, 44.737829], [-123.053026, 44.737627], [-123.055342, 44.737034], [-123.057878, 44.737111], [-123.060106, 44.737684], [-123.061853, 44.738869], [-123.062017, 44.74], [-123.061431, 44.743405], [-123.060721, 44.744883], [-123.061117, 44.747124], [-123.062154, 44.748042], [-123.064667, 44.748316], [-123.066818, 44.748094], [-123.07173, 44.74615], [-123.076375, 44.743504], [-123.078903, 44.743073], [-123.081389, 44.743343], [-123.086457, 44.745997], [-123.089503, 44.747011], [-123.092658, 44.747551], [-123.094434, 44.746898], [-123.095772, 44.746539], [-123.09748, 44.746242], [-123.099242, 44.746215], [-123.10009, 44.74631], [-123.100881, 44.746553], [-123.102275, 44.747144], [-123.10405, 44.748202], [-123.105377, 44.748844], [-123.105867, 44.749306], [-123.106032, 44.751034], [-123.106304, 44.751559], [-123.107712, 44.752966], [-123.108094, 44.753527], [-123.109051, 44.755302], [-123.109804, 44.756254], [-123.110308, 44.757621], [-123.111113, 44.758608], [-123.111578, 44.759049], [-123.11226, 44.759356], [-123.113025, 44.759483], [-123.11383, 44.759411], [-123.114638, 44.759114], [-123.117971, 44.758663], [-123.118721, 44.758445], [-123.119378, 44.758021], [-123.119939, 44.757516], [-123.120253, 44.756922], [-123.12017, 44.755803], [-123.11987, 44.755026], [-123.119733, 44.753731], [-123.119828, 44.753072], [-123.120155, 44.752475], [-123.120716, 44.751969], [-123.121467, 44.75159], [-123.123007, 44.751272], [-123.12769, 44.751372], [-123.129179, 44.751589], [-123.131221, 44.751983], [-123.132942, 44.75213], [-123.133831, 44.752109], [-123.13551, 44.75186], [-123.13696, 44.751258], [-123.138352, 44.750371], [-123.139759, 44.749592], [-123.140533, 44.74928], [-123.142191, 44.7488], [-123.143843, 44.748914], [-123.140884, 44.747632], [-123.137757, 44.747062], [-123.135106, 44.745741], [-123.1327, 44.743363], [-123.132445, 44.741157], [-123.133529, 44.738662], [-123.137819, 44.736145], [-123.140707, 44.734762], [-123.146582, 44.731585], [-123.147982, 44.73041], [-123.150429, 44.727611], [-123.150763, 44.72578], [-123.150297, 44.722689], [-123.149025, 44.720225], [-123.147507, 44.717047], [-123.147489, 44.714848], [-123.145982, 44.711407], [-123.143316, 44.70831], [-123.1366, 44.702178], [-123.133244, 44.700002], [-123.126206, 44.696014], [-123.12453, 44.693903], [-123.121105, 44.69108], [-123.119339, 44.684493], [-123.119212, 44.682083], [-123.117517, 44.678592], [-123.117304, 44.678097], [-123.116892, 44.676966], [-123.114522, 44.675549], [-123.111736, 44.674826], [-123.105532, 44.674763], [-123.100643, 44.675959], [-123.098106, 44.676074], [-123.092509, 44.675887], [-123.089254, 44.674727], [-123.088338, 44.674243], [-123.087313, 44.672546], [-123.086173, 44.66814], [-123.084184, 44.665294], [-123.07836, 44.662326], [-123.074838, 44.659373], [-123.073643, 44.657331], [-123.073132, 44.652359], [-123.073574, 44.650495], [-123.074291, 44.649613], [-123.078206, 44.646585], [-123.088313, 44.643195], [-123.091433, 44.642211], [-123.095339, 44.641107], [-123.09675, 44.640814], [-123.101193, 44.639818], [-123.105311, 44.639202], [-123.105836, 44.63915], [-123.1066, 44.639133], [-123.108685, 44.639262], [-123.110063, 44.639801], [-123.112528, 44.640594], [-123.119519, 44.640896], [-123.121978, 44.640363], [-123.126206, 44.639291], [-123.133623, 44.638056], [-123.136988, 44.637775], [-123.14252, 44.63787], [-123.150434, 44.637507], [-123.150838, 44.638002], [-123.157899, 44.637622], [-123.160347, 44.637937], [-123.164752, 44.637829], [-123.171734, 44.634698], [-123.17088, 44.634245], [-123.171739, 44.632428], [-123.172124, 44.628866], [-123.171855, 44.62779], [-123.169674, 44.624542], [-123.17011, 44.622674], [-123.171626, 44.621011], [-123.174226, 44.620036], [-123.179922, 44.619901], [-123.181816, 44.619], [-123.183175, 44.61745], [-123.183449, 44.616087], [-123.182812, 44.613029], [-123.18291, 44.611036], [-123.18392, 44.609246], [-123.185101, 44.6084], [-123.187849, 44.60723], [-123.191101, 44.606382], [-123.19519, 44.604953], [-123.197141, 44.60393], [-123.198028, 44.602857], [-123.198645, 44.60042], [-123.198355, 44.599046], [-123.19701, 44.59756], [-123.193832, 44.596419], [-123.191431, 44.595896], [-123.18719, 44.595583], [-123.184161, 44.594289], [-123.183202, 44.593077], [-123.183011, 44.590002], [-123.184791, 44.587451], [-123.185375, 44.587298], [-123.18564, 44.587179], [-123.18563, 44.58639], [-123.185573, 44.582012], [-123.183448, 44.581669], [-123.181784, 44.581736], [-123.181972, 44.579174], [-123.183428, 44.574813], [-123.183184, 44.567234], [-123.188766, 44.56698], [-123.194826, 44.564335], [-123.197749, 44.564049], [-123.198594, 44.564049], [-123.202861, 44.564057], [-123.203857, 44.556746], [-123.204242, 44.55595], [-123.204655, 44.550881], [-123.204836, 44.549547], [-123.203369, 44.549564], [-123.203267, 44.547248], [-123.20322, 44.543512], [-123.202889, 44.542261], [-123.203142, 44.539269], [-123.203979, 44.538936], [-123.203178, 44.537713], [-123.202813, 44.534327], [-123.20281, 44.533771], [-123.210045, 44.534004], [-123.208523, 44.532833], [-123.206754, 44.530712], [-123.2073, 44.528658], [-123.206542, 44.527796], [-123.203623, 44.52695], [-123.207845, 44.523786], [-123.212094, 44.51933], [-123.212725, 44.517862], [-123.212376, 44.514158], [-123.211755, 44.507688], [-123.210724, 44.503875], [-123.210882, 44.499509], [-123.211931, 44.499527], [-123.213252, 44.495659], [-123.214616, 44.493261], [-123.213828, 44.491016], [-123.214409, 44.491014], [-123.214177, 44.489435], [-123.214778, 44.488627], [-123.219354, 44.486962], [-123.221019, 44.484751], [-123.220156, 44.482585], [-123.219144, 44.481805], [-123.215479, 44.480414], [-123.214276, 44.479649], [-123.213651, 44.478364], [-123.213426, 44.476371], [-123.213992, 44.473803], [-123.216169, 44.471695], [-123.216643, 44.470416], [-123.216462, 44.468473], [-123.213822, 44.460622], [-123.211785, 44.457143], [-123.211866, 44.452756], [-123.211306, 44.450269], [-123.209831, 44.448576], [-123.207368, 44.446601], [-123.206317, 44.445745], [-123.205324, 44.445044], [-123.204794, 44.44337], [-123.205721, 44.441186], [-123.206915, 44.437745], [-123.20853, 44.434912], [-123.207847, 44.432092], [-123.206866, 44.429716], [-123.209569, 44.42831], [-123.21261, 44.429841], [-123.214441, 44.431306], [-123.21415, 44.431597], [-123.211431, 44.429643], [-123.20872, 44.429627], [-123.207617, 44.430111], [-123.208345, 44.432125], [-123.210261, 44.434852], [-123.212306, 44.434242], [-123.217152, 44.433496], [-123.221178, 44.433547], [-123.222201, 44.43222], [-123.223042, 44.429882], [-123.223884, 44.4293], [-123.224242, 44.426698], [-123.223767, 44.425332], [-123.221981, 44.422709], [-123.219545, 44.42086], [-123.218648, 44.419104], [-123.218455, 44.417337], [-123.219258, 44.414401], [-123.220773, 44.413363], [-123.226813, 44.411611], [-123.22896, 44.41221], [-123.229146, 44.41312], [-123.227181, 44.412088], [-123.224693, 44.412824], [-123.225107, 44.413658], [-123.226739, 44.414465], [-123.229331, 44.414213], [-123.231784, 44.413299], [-123.233214, 44.411658], [-123.232593, 44.409825], [-123.228304, 44.407686], [-123.227668, 44.406912], [-123.225099, 44.39935], [-123.224024, 44.397496], [-123.22345, 44.395505], [-123.223969, 44.393036], [-123.229297, 44.388135], [-123.233258, 44.386089], [-123.235868, 44.385229], [-123.238668, 44.384887], [-123.240662, 44.385352], [-123.242821, 44.385352], [-123.244952, 44.384143], [-123.245088, 44.381779], [-123.244701, 44.380821], [-123.242288, 44.377715], [-123.239283, 44.374888], [-123.236619, 44.373194], [-123.23416, 44.37205], [-123.230813, 44.371131], [-123.22595, 44.370322], [-123.223754, 44.36901], [-123.221167, 44.366149], [-123.219598, 44.363956], [-123.219011, 44.362497], [-123.219065, 44.36051], [-123.219661, 44.35993], [-123.222699, 44.359588], [-123.226797, 44.360124], [-123.229529, 44.359847], [-123.23319, 44.358396], [-123.235294, 44.356521], [-123.235102, 44.354622], [-123.233245, 44.352618], [-123.230581, 44.348468], [-123.229399, 44.345995], [-123.228599, 44.344606], [-123.228518, 44.342591], [-123.229898, 44.340852], [-123.232316, 44.339869], [-123.237425, 44.338879], [-123.240744, 44.337789], [-123.242944, 44.336044], [-123.245334, 44.33363], [-123.245678, 44.332099], [-123.244844, 44.330984], [-123.243416, 44.330344], [-123.239365, 44.329186], [-123.236564, 44.328999], [-123.229862, 44.330779], [-123.225964, 44.331328], [-123.222468, 44.330677], [-123.220295, 44.32943], [-123.219041, 44.328287], [-123.21691, 44.324952], [-123.217585, 44.32066], [-123.216802, 44.317272], [-123.217302, 44.313726], [-123.216919, 44.311648], [-123.216178, 44.310808], [-123.214125, 44.309747], [-123.211304, 44.309222], [-123.204394, 44.308716], [-123.200105, 44.308829], [-123.197359, 44.308573], [-123.194313, 44.307319], [-123.193097, 44.305646], [-123.193752, 44.303354], [-123.190897, 44.29984], [-123.189955, 44.29746], [-123.18975, 44.295892], [-123.190365, 44.294963], [-123.192427, 44.29357], [-123.193657, 44.292272], [-123.193575, 44.290742], [-123.1924, 44.28884], [-123.191102, 44.287587], [-123.187851, 44.285562], [-123.183671, 44.28493], [-123.180388, 44.283725], [-123.179931, 44.283431], [-123.179841, 44.28334], [-123.178193, 44.281234], [-123.176185, 44.278045], [-123.175133, 44.275152], [-123.174601, 44.269234], [-123.174174, 44.267131], [-123.174605, 44.264669], [-123.174696, 44.264504], [-123.174928, 44.263811], [-123.17494, 44.263613], [-123.174958, 44.263301], [-123.174938, 44.261582], [-123.175256, 44.258838], [-123.17599, 44.257869], [-123.176683, 44.257077], [-123.178083, 44.255105], [-123.178903, 44.253056], [-123.178139, 44.250655], [-123.176849, 44.249646], [-123.17604, 44.249122], [-123.175447, 44.248715], [-123.175342, 44.248645], [-123.174366, 44.248177], [-123.174204, 44.248114], [-123.173248, 44.247995], [-123.172315, 44.247828], [-123.169846, 44.246502], [-123.16844, 44.243709], [-123.166868, 44.240113], [-123.165779, 44.238499], [-123.165502, 44.238057], [-123.165042, 44.237318], [-123.16485, 44.237009], [-123.162966, 44.234842], [-123.159533, 44.233078], [-123.156542, 44.233269], [-123.153386, 44.231343], [-123.1512, 44.228779], [-123.15034, 44.226627], [-123.150627, 44.2252], [-123.152389, 44.222689], [-123.155708, 44.219947], [-123.15911, 44.214094], [-123.15787, 44.211612], [-123.159786, 44.209394], [-123.160434, 44.207989], [-123.164226, 44.204725], [-123.166002, 44.201877], [-123.165428, 44.200071], [-123.165139, 44.20007], [-123.143365, 44.200059], [-123.131929, 44.200028], [-123.128461, 44.200026], [-123.127696, 44.200016], [-123.106012, 44.199974], [-123.096856, 44.199915], [-123.08999, 44.199972], [-123.073583, 44.200021], [-123.07167, 44.200024], [-123.060853, 44.200077], [-123.060468, 44.200079], [-123.060186, 44.200076], [-123.053515, 44.200117], [-123.040818, 44.200135], [-123.038427, 44.200745], [-123.038121, 44.200129], [-123.020233, 44.200108], [-123.001196, 44.200178], [-122.985827, 44.200572], [-122.97952, 44.200613], [-122.979199, 44.200616], [-122.966149, 44.200716], [-122.946908, 44.200714], [-122.937787, 44.200732], [-122.933831, 44.200747], [-122.912562, 44.200737], [-122.90818, 44.200742], [-122.905755, 44.200736], [-122.905777, 44.207644], [-122.905802, 44.215444], [-122.905496, 44.223908], [-122.905436, 44.225697], [-122.905374, 44.227204], [-122.905082, 44.234874], [-122.90499, 44.237121], [-122.904843, 44.241544], [-122.904634, 44.246693], [-122.904066, 44.257897], [-122.903999, 44.259129], [-122.884125, 44.258894], [-122.874143, 44.258948], [-122.872923, 44.258952], [-122.865545, 44.25898], [-122.86551, 44.271382], [-122.865465, 44.287317], [-122.861992, 44.286662], [-122.860134, 44.285586], [-122.856452, 44.285373], [-122.852796, 44.285539], [-122.849343, 44.284298], [-122.846854, 44.284282], [-122.845096, 44.283601], [-122.844388, 44.281893], [-122.843403, 44.281187], [-122.839919, 44.281352], [-122.837442, 44.282129], [-122.835135, 44.283455], [-122.833148, 44.282285], [-122.830451, 44.282166], [-122.830352, 44.28097], [-122.828717, 44.278525], [-122.829074, 44.277106], [-122.826402, 44.277243], [-122.82527, 44.276858], [-122.823775, 44.274389], [-122.823015, 44.27432], [-122.819352, 44.275804], [-122.818188, 44.276194], [-122.814416, 44.276269], [-122.811088, 44.280808], [-122.807156, 44.284171], [-122.804727, 44.283952], [-122.802825, 44.284435], [-122.798259, 44.284724], [-122.795605, 44.285708], [-122.791085, 44.285866], [-122.788615, 44.28565], [-122.785935, 44.284578], [-122.784533, 44.283564], [-122.781625, 44.2834], [-122.779134, 44.283909], [-122.776804, 44.283735], [-122.774074, 44.284609], [-122.771265, 44.286729], [-122.768734, 44.288119], [-122.762735, 44.290537], [-122.758905, 44.290066], [-122.758014, 44.289137], [-122.753255, 44.28724], [-122.750524, 44.284948], [-122.748964, 44.284899], [-122.746347, 44.285909], [-122.744951, 44.285992], [-122.742894, 44.287389], [-122.742034, 44.287467], [-122.738128, 44.285828], [-122.737145, 44.285949], [-122.733851, 44.287458], [-122.731121, 44.28823], [-122.727574, 44.286529], [-122.725697, 44.286668], [-122.725098, 44.285595], [-122.724937, 44.283162], [-122.722692, 44.282775], [-122.721184, 44.281778], [-122.717134, 44.280931], [-122.71472, 44.281603], [-122.710473, 44.27937], [-122.707171, 44.279355], [-122.705453, 44.278218], [-122.704483, 44.27822], [-122.701933, 44.279478], [-122.700224, 44.279938], [-122.696076, 44.278893], [-122.696412, 44.277019], [-122.693973, 44.275771], [-122.692063, 44.275387], [-122.689353, 44.273948], [-122.686703, 44.27373], [-122.683333, 44.274459], [-122.680863, 44.274128], [-122.678177, 44.273248], [-122.676247, 44.273535], [-122.674283, 44.271849], [-122.670787, 44.270633], [-122.668915, 44.268902], [-122.665931, 44.269093], [-122.663697, 44.270062], [-122.659768, 44.270986], [-122.657909, 44.271093], [-122.655773, 44.269688], [-122.652553, 44.26881], [-122.651583, 44.267078], [-122.646812, 44.266618], [-122.646875, 44.264507], [-122.644982, 44.26135], [-122.644542, 44.260088], [-122.645763, 44.25681], [-122.64493, 44.253458], [-122.644082, 44.252551], [-122.642052, 44.251973], [-122.640716, 44.251096], [-122.639958, 44.249397], [-122.637437, 44.249458], [-122.631432, 44.249189], [-122.627052, 44.249562], [-122.624857, 44.25002], [-122.622312, 44.249852], [-122.617391, 44.247801], [-122.615761, 44.247341], [-122.611738, 44.246867], [-122.609959, 44.246006], [-122.606661, 44.244721], [-122.604621, 44.244228], [-122.599071, 44.24447], [-122.593471, 44.244427], [-122.591986, 44.242953], [-122.588363, 44.24123], [-122.585624, 44.239178], [-122.582028, 44.238046], [-122.579831, 44.237819], [-122.577398, 44.236777], [-122.5754, 44.235358], [-122.575169, 44.234628], [-122.57778, 44.22979], [-122.577232, 44.228044], [-122.574458, 44.228802], [-122.573085, 44.229146], [-122.570153, 44.228689], [-122.567339, 44.229347], [-122.565493, 44.230575], [-122.562413, 44.231617], [-122.558723, 44.230568], [-122.554953, 44.231089], [-122.551917, 44.232295], [-122.549707, 44.235344], [-122.548543, 44.235588], [-122.544986, 44.235112], [-122.543711, 44.235184], [-122.539632, 44.23431], [-122.536297, 44.235036], [-122.533745, 44.233706], [-122.532614, 44.231511], [-122.532942, 44.22987], [-122.531171, 44.228633], [-122.529542, 44.226715], [-122.527171, 44.226638], [-122.522442, 44.228581], [-122.519391, 44.230717], [-122.513635, 44.231654], [-122.512251, 44.22982], [-122.511964, 44.227819], [-122.510561, 44.2262], [-122.508114, 44.224475], [-122.507203, 44.223448], [-122.503685, 44.221746], [-122.501421, 44.222287], [-122.499506, 44.222611], [-122.497, 44.222308], [-122.493441, 44.220783], [-122.492272, 44.219967], [-122.488381, 44.221927], [-122.485952, 44.221399], [-122.484305, 44.22148], [-122.480849, 44.21965], [-122.479251, 44.219065], [-122.477568, 44.219414], [-122.47368, 44.222406], [-122.470829, 44.222878], [-122.468798, 44.222599], [-122.465628, 44.223039], [-122.463518, 44.222209], [-122.457892, 44.220805], [-122.456337, 44.219036], [-122.451074, 44.21805], [-122.448436, 44.216748], [-122.445272, 44.217388], [-122.442879, 44.218543], [-122.441566, 44.218328], [-122.438796, 44.21871], [-122.434885, 44.221306], [-122.429038, 44.219658], [-122.426446, 44.218544], [-122.425081, 44.218198], [-122.425089, 44.220657], [-122.417444, 44.22063], [-122.404748, 44.22058], [-122.404781, 44.216938], [-122.397859, 44.216983], [-122.384561, 44.217063], [-122.38457, 44.211013], [-122.380958, 44.209614], [-122.379589, 44.20944], [-122.373799, 44.210413], [-122.371128, 44.209667], [-122.367197, 44.20938], [-122.364257, 44.21102], [-122.363745, 44.211945], [-122.361244, 44.211748], [-122.358069, 44.213326], [-122.35689, 44.216311], [-122.355447, 44.217265], [-122.354488, 44.219183], [-122.352623, 44.220742], [-122.349331, 44.221083], [-122.347714, 44.221659], [-122.343978, 44.221479], [-122.340612, 44.221577], [-122.340264, 44.223823], [-122.338768, 44.22544], [-122.336791, 44.227001], [-122.334249, 44.226938], [-122.331857, 44.227653], [-122.330673, 44.229606], [-122.329582, 44.230386], [-122.327313, 44.231189], [-122.328729, 44.234719], [-122.32777, 44.23603], [-122.325744, 44.237579], [-122.328531, 44.238506], [-122.331478, 44.240603], [-122.332446, 44.243031], [-122.330778, 44.247215], [-122.32949, 44.249537], [-122.32715, 44.252841], [-122.315635, 44.252799], [-122.310796, 44.252788], [-122.275221, 44.252682], [-122.264527, 44.25263], [-122.264527, 44.253847], [-122.259226, 44.253846], [-122.23493, 44.253845], [-122.233763, 44.253848], [-122.228368, 44.253847], [-122.197725, 44.253846], [-122.181423, 44.253848], [-122.170831, 44.253857], [-122.152354, 44.253835], [-122.132237, 44.253839], [-122.126575, 44.253846], [-122.124869, 44.253856], [-122.117874, 44.253844], [-122.112126, 44.253849], [-122.058763, 44.253842], [-122.058734, 44.253844], [-122.057429, 44.253854], [-122.040448, 44.253842], [-122.038812, 44.25385], [-122.027996, 44.253818], [-122.028016, 44.256164], [-122.023528, 44.25624], [-122.004905, 44.256554], [-121.96665, 44.257202], [-121.964517, 44.257238], [-121.961303, 44.259134], [-121.960527, 44.258931], [-121.960126, 44.257313], [-121.909587, 44.258166], [-121.869098, 44.258209], [-121.814175, 44.258215], [-121.813139, 44.258267], [-121.799426, 44.25828], [-121.797461, 44.254613], [-121.794053, 44.252707], [-121.793299, 44.25152], [-121.789648, 44.249326], [-121.78928, 44.247071], [-121.790457, 44.245463], [-121.789792, 44.243505], [-121.787806, 44.240762], [-121.787967, 44.23926], [-121.78766, 44.234981], [-121.786562, 44.233215], [-121.785421, 44.230903], [-121.785753, 44.229239], [-121.783459, 44.225653], [-121.78201, 44.225534], [-121.780239, 44.224606], [-121.77879, 44.222871], [-121.778066, 44.220959], [-121.777905, 44.218877], [-121.779552, 44.216985], [-121.78406, 44.215751], [-121.785251, 44.212595], [-121.783458, 44.209599], [-121.785378, 44.208845], [-121.785631, 44.207811], [-121.78366, 44.20542], [-121.78161, 44.205326], [-121.782576, 44.203014], [-121.780652, 44.201958], [-121.781334, 44.199392], [-121.782174, 44.198499], [-121.78121, 44.196545], [-121.781511, 44.194809], [-121.7791, 44.194255], [-121.777485, 44.192042], [-121.774525, 44.190792], [-121.774047, 44.190156], [-121.774429, 44.187627], [-121.773407, 44.185623], [-121.77429, 44.183762], [-121.776464, 44.181082], [-121.777556, 44.178687], [-121.779543, 44.176267], [-121.77971, 44.175364], [-121.778813, 44.173127], [-121.777229, 44.171595], [-121.773196, 44.169488], [-121.771647, 44.167583], [-121.772913, 44.164798], [-121.772426, 44.16353], [-121.776708, 44.159933], [-121.77888, 44.160744], [-121.781614, 44.160053], [-121.782017, 44.159531], [-121.781132, 44.158315], [-121.781069, 44.155202], [-121.78342, 44.154322], [-121.783142, 44.151746], [-121.783572, 44.149345], [-121.784259, 44.14809], [-121.782676, 44.14625], [-121.779553, 44.145276], [-121.777596, 44.143899], [-121.772735, 44.139831], [-121.773339, 44.137039], [-121.772532, 44.134981], [-121.773003, 44.133307], [-121.771473, 44.131314], [-121.771805, 44.129662], [-121.771649, 44.12676], [-121.770604, 44.125254], [-121.771345, 44.123916], [-121.770137, 44.120782], [-121.769539, 44.120133], [-121.769381, 44.118178], [-121.76807, 44.115245], [-121.768446, 44.11205], [-121.769573, 44.110428], [-121.770003, 44.108132], [-121.769311, 44.106409], [-121.769874, 44.10395], [-121.769046, 44.102464], [-121.769259, 44.10134], [-121.771349, 44.099603], [-121.772156, 44.095897], [-121.771755, 44.094858], [-121.77256, 44.092251], [-121.772481, 44.091034], [-121.773384, 44.089686], [-121.776779, 44.088537], [-121.777242, 44.087255], [-121.777087, 44.085138], [-121.779395, 44.082353], [-121.779748, 44.080121], [-121.783654, 44.078014], [-121.784547, 44.077214], [-121.787098, 44.076541], [-121.789211, 44.075019], [-121.789458, 44.072607], [-121.790365, 44.071873], [-121.793616, 44.067131], [-121.796501, 44.061662], [-121.799227, 44.060089], [-121.80061, 44.058346], [-121.800083, 44.057954], [-121.801513, 44.05684], [-121.801688, 44.054055], [-121.802451, 44.052368], [-121.805421, 44.052251], [-121.81219, 44.053164], [-121.814176, 44.052956], [-121.815895, 44.051201], [-121.817468, 44.051832], [-121.819709, 44.051441], [-121.820056, 44.050905], [-121.821394, 44.047911], [-121.8238, 44.045595], [-121.825726, 44.044147], [-121.828374, 44.042698], [-121.830059, 44.041365], [-121.832225, 44.041599], [-121.833991, 44.040554], [-121.835353, 44.037894], [-121.835193, 44.037024], [-121.832785, 44.035576], [-121.832623, 44.033319], [-121.83182, 44.032334], [-121.82955, 44.03106], [-121.828042, 44.029158], [-121.827486, 44.026952], [-121.827952, 44.026205], [-121.827324, 44.024752], [-121.825487, 44.023129], [-121.825042, 44.021567], [-121.825381, 44.019426], [-121.822782, 44.014668], [-121.822029, 44.011659], [-121.824299, 44.008066], [-121.824533, 44.004224], [-121.825663, 44.002135], [-121.827099, 43.99759], [-121.829103, 43.995395], [-121.829239, 43.994496], [-121.833398, 43.991423], [-121.831355, 43.990573], [-121.830273, 43.989247], [-121.828402, 43.988727], [-121.832449, 43.987296], [-121.835458, 43.987284], [-121.83679, 43.985983], [-121.835963, 43.984745], [-121.837282, 43.982647], [-121.843135, 43.979073], [-121.845087, 43.976239], [-121.84511, 43.975021], [-121.84356, 43.973445], [-121.841469, 43.972587], [-121.837024, 43.972007], [-121.836461, 43.971444], [-121.841387, 43.969574], [-121.844385, 43.968062], [-121.84539, 43.967175], [-121.848898, 43.967269], [-121.851462, 43.966335], [-121.853218, 43.966596], [-121.855395, 43.96556], [-121.857063, 43.965248], [-121.858171, 43.963215], [-121.859448, 43.961998], [-121.85998, 43.958507], [-121.858952, 43.955807], [-121.858022, 43.954542], [-121.859435, 43.953806], [-121.859497, 43.952781], [-121.858124, 43.951404], [-121.858174, 43.948783], [-121.859205, 43.947384], [-121.858102, 43.945593], [-121.858364, 43.944787], [-121.860927, 43.943048], [-121.861569, 43.941197], [-121.861353, 43.939036], [-121.862399, 43.937103], [-121.861553, 43.935837], [-121.863321, 43.933844], [-121.865338, 43.932315], [-121.865518, 43.931159], [-121.864863, 43.930281], [-121.86649, 43.925795], [-121.868366, 43.923898], [-121.869966, 43.923286], [-121.865855, 43.920959], [-121.865553, 43.919789], [-121.866262, 43.918901], [-121.866636, 43.917106], [-121.86838, 43.915837], [-121.868029, 43.914504], [-121.868905, 43.912534], [-121.869974, 43.911664], [-121.871602, 43.911681], [-121.876903, 43.907841], [-121.881388, 43.907845], [-121.882749, 43.908308], [-121.884325, 43.907985], [-121.888545, 43.90867], [-121.891442, 43.908658], [-121.891796, 43.910206], [-121.892574, 43.9109], [-121.893921, 43.910784], [-121.898393, 43.912269], [-121.899743, 43.914537], [-121.901482, 43.9159], [-121.904318, 43.914863], [-121.905856, 43.913363], [-121.907868, 43.913876], [-121.910219, 43.913229], [-121.911588, 43.912326], [-121.913613, 43.912917], [-121.916265, 43.912347], [-121.916801, 43.911488], [-121.918115, 43.911663], [-121.920359, 43.911171], [-121.923178, 43.909221], [-121.923578, 43.908566], [-121.925455, 43.908612], [-121.928213, 43.909181], [-121.929404, 43.907347], [-121.931438, 43.905543], [-121.934322, 43.904908], [-121.936964, 43.903343], [-121.939608, 43.900941], [-121.93656, 43.900588], [-121.931615, 43.899137], [-121.931269, 43.897504], [-121.931999, 43.896439], [-121.932148, 43.894725], [-121.932797, 43.893816], [-121.934642, 43.892806], [-121.937524, 43.890663], [-121.94233, 43.886262], [-121.943782, 43.884603], [-121.94521, 43.882058], [-121.947402, 43.881049], [-121.952256, 43.878063], [-121.952638, 43.876552], [-121.951391, 43.875554], [-121.951465, 43.873582], [-121.95296, 43.871681], [-121.956466, 43.870083], [-121.9575, 43.868549], [-121.959462, 43.868195], [-121.961483, 43.866226], [-121.962046, 43.865003], [-121.965431, 43.865763], [-121.968548, 43.864554], [-121.972931, 43.861156], [-121.972875, 43.859351], [-121.975113, 43.85757], [-121.975358, 43.855444], [-121.97542, 43.851773], [-121.974896, 43.851243], [-121.976173, 43.848478], [-121.976081, 43.846044], [-121.974401, 43.843043], [-121.9744, 43.84128], [-121.975192, 43.83999], [-121.974803, 43.838518], [-121.975226, 43.83585], [-121.976052, 43.834914], [-121.976501, 43.832222], [-121.977053, 43.831638], [-121.976763, 43.830226], [-121.977799, 43.828526], [-121.976611, 43.827615], [-121.975264, 43.827875], [-121.974376, 43.829347], [-121.973657, 43.829345], [-121.973495, 43.827147], [-121.974756, 43.821219], [-121.974278, 43.817418], [-121.975565, 43.812541], [-121.974371, 43.811555], [-121.97073, 43.813036], [-121.967767, 43.812761], [-121.963765, 43.809745], [-121.964537, 43.808235], [-121.962739, 43.807995], [-121.959149, 43.809018], [-121.957109, 43.808788], [-121.955054, 43.8091], [-121.952851, 43.808004], [-121.951018, 43.807533], [-121.950555, 43.806483], [-121.945102, 43.804601], [-121.94196, 43.804939], [-121.937558, 43.8046], [-121.933942, 43.804818], [-121.931155, 43.804229], [-121.929014, 43.80212], [-121.927988, 43.801819], [-121.927505, 43.800624], [-121.925557, 43.798657], [-121.922623, 43.798228], [-121.920092, 43.796983], [-121.919655, 43.796137], [-121.914334, 43.795623], [-121.912788, 43.794714], [-121.909156, 43.795806], [-121.906073, 43.795332], [-121.904285, 43.794395], [-121.902726, 43.794096], [-121.900595, 43.794466], [-121.898851, 43.794308], [-121.897573, 43.794952], [-121.896052, 43.794399], [-121.895275, 43.794772], [-121.893527, 43.795375], [-121.892786, 43.795824], [-121.892174, 43.796377], [-121.891359, 43.796631], [-121.890767, 43.797003], [-121.886766, 43.797998], [-121.885746, 43.79793], [-121.884451, 43.797455], [-121.883872, 43.797538], [-121.883173, 43.798163], [-121.882079, 43.798389], [-121.881173, 43.798671], [-121.879795, 43.798804], [-121.879415, 43.799097], [-121.878911, 43.799909], [-121.87879, 43.799896], [-121.880982, 43.801944], [-121.8834, 43.803453], [-121.88443, 43.804724], [-121.883011, 43.806277], [-121.879807, 43.804913], [-121.877479, 43.804989], [-121.875038, 43.804578], [-121.873703, 43.805186], [-121.868798, 43.804687], [-121.865578, 43.803295], [-121.862709, 43.802916], [-121.862412, 43.802361], [-121.861449, 43.801886], [-121.860904, 43.801799], [-121.860242, 43.802293], [-121.861289, 43.802917], [-121.858163, 43.804656], [-121.856765, 43.804937], [-121.853471, 43.804511], [-121.849123, 43.80627], [-121.838241, 43.810796], [-121.826754, 43.815783], [-121.821616, 43.818699], [-121.82033, 43.819306], [-121.816861, 43.820593], [-121.812854, 43.821384], [-121.809874, 43.822755], [-121.80706, 43.823947], [-121.797233, 43.826521], [-121.79271, 43.826766], [-121.792754, 43.826727], [-121.785026, 43.827172], [-121.77644, 43.827623], [-121.773432, 43.827785], [-121.772297, 43.827848], [-121.746532, 43.829121], [-121.745483, 43.829288], [-121.734994, 43.8331], [-121.732322, 43.834098], [-121.729957, 43.835927], [-121.727479, 43.836137], [-121.726282, 43.835604], [-121.724958, 43.834203], [-121.723241, 43.833405], [-121.719791, 43.830995], [-121.718699, 43.830597], [-121.715188, 43.831188], [-121.71163, 43.830312], [-121.709875, 43.829118], [-121.705093, 43.827804], [-121.702215, 43.826484], [-121.697749, 43.826382], [-121.692427, 43.826692], [-121.690923, 43.826986], [-121.689072, 43.828698], [-121.685866, 43.830124], [-121.684332, 43.830695], [-121.682438, 43.83142], [-121.671811, 43.834318], [-121.670761, 43.834318], [-121.661535, 43.831379], [-121.655816, 43.830488], [-121.653036, 43.830311], [-121.650483, 43.829877], [-121.648274, 43.830203], [-121.644026, 43.832179], [-121.639261, 43.833275], [-121.636991, 43.833453], [-121.633829, 43.832574], [-121.625096, 43.831652], [-121.62049, 43.829974], [-121.615818, 43.829272], [-121.610382, 43.828156], [-121.606102, 43.826363], [-121.602209, 43.825974], [-121.600171, 43.826007], [-121.597083, 43.829608], [-121.59551, 43.832697], [-121.59548, 43.833665], [-121.59665, 43.836545], [-121.594344, 43.837529], [-121.588605, 43.84113], [-121.5814, 43.838798], [-121.574537, 43.836519], [-121.569105, 43.840296], [-121.555651, 43.846869], [-121.554848, 43.84717], [-121.537684, 43.851474], [-121.523051, 43.855508], [-121.520294, 43.856702], [-121.519156, 43.855502], [-121.518588, 43.853684], [-121.517207, 43.851208], [-121.514601, 43.848217], [-121.514439, 43.846529], [-121.512638, 43.842946], [-121.510123, 43.840858], [-121.508207, 43.838889], [-121.506737, 43.839577], [-121.504566, 43.842215], [-121.501243, 43.843493], [-121.498148, 43.845186], [-121.495652, 43.8457], [-121.494231, 43.845397], [-121.491208, 43.845435], [-121.490035, 43.845815], [-121.488385, 43.847777], [-121.488225, 43.849192], [-121.488834, 43.851348], [-121.485872, 43.856882], [-121.484369, 43.858262], [-121.475235, 43.85832], [-121.466608, 43.858375], [-121.466586, 43.856833], [-121.46623, 43.855311], [-121.461075, 43.855301], [-121.458094, 43.854593], [-121.457933, 43.855336], [-121.459096, 43.857029], [-121.458744, 43.858403], [-121.458519, 43.859863], [-121.457281, 43.861695], [-121.456186, 43.863021], [-121.452062, 43.863143], [-121.452513, 43.862599], [-121.455845, 43.861091], [-121.457025, 43.859482], [-121.457737, 43.857092], [-121.457483, 43.856508], [-121.45331, 43.85453], [-121.454685, 43.853396], [-121.459045, 43.853275], [-121.460163, 43.852677], [-121.460055, 43.851789], [-121.457754, 43.850871], [-121.457024, 43.850164], [-121.456716, 43.848539], [-121.45764, 43.846998], [-121.458998, 43.846202], [-121.460523, 43.846002], [-121.462954, 43.846962], [-121.465483, 43.8466], [-121.466008, 43.846021], [-121.466432, 43.84329], [-121.465216, 43.841739], [-121.462102, 43.840292], [-121.461105, 43.839531], [-121.460524, 43.83793], [-121.460962, 43.837387], [-121.462805, 43.838033], [-121.462646, 43.83596], [-121.459272, 43.83675], [-121.457621, 43.83675], [-121.455641, 43.837473], [-121.455641, 43.83609], [-121.455628, 43.834713], [-121.457625, 43.834704], [-121.457623, 43.833828], [-121.457623, 43.832257], [-121.457628, 43.830666], [-121.457623, 43.829064], [-121.457629, 43.827471], [-121.462116, 43.827482], [-121.462671, 43.825801], [-121.462689, 43.824328], [-121.462681, 43.822742], [-121.462673, 43.821149], [-121.462675, 43.819576], [-121.462667, 43.81942], [-121.461359, 43.819442], [-121.453613, 43.819574], [-121.451427, 43.820338], [-121.4502, 43.820386], [-121.44606, 43.819511], [-121.444215, 43.819527], [-121.44424, 43.819458], [-121.428877, 43.819474], [-121.428031, 43.828137], [-121.424889, 43.833541], [-121.423216, 43.837391], [-121.42223, 43.83748], [-121.422202, 43.837541], [-121.421844, 43.838358], [-121.421442, 43.842926], [-121.418724, 43.845222], [-121.417897, 43.847095], [-121.416891, 43.847852], [-121.411273, 43.853923], [-121.411085, 43.853945], [-121.408396, 43.857055], [-121.398442, 43.867726], [-121.402668, 43.86952], [-121.403235, 43.869722], [-121.399125, 43.875485], [-121.395115, 43.879399], [-121.381187, 43.889666], [-121.363715, 43.902548], [-121.356744, 43.907607], [-121.357872, 43.908833], [-121.354951, 43.908935], [-121.353015, 43.910361], [-121.350846, 43.912667], [-121.349999, 43.914198], [-121.349443, 43.917], [-121.349644, 43.918724], [-121.352277, 43.925986], [-121.352589, 43.93035], [-121.351478, 43.937661], [-121.347702, 43.962277], [-121.34507, 43.962695], [-121.342778, 43.962402], [-121.341601, 43.962917], [-121.338579, 43.96296], [-121.336197, 43.962683], [-121.334113, 43.963153], [-121.329146, 43.9911], [-121.328296, 43.99105], [-121.326077, 43.994286], [-121.326057, 43.99534], [-121.324609, 43.996291], [-121.32342, 43.996347], [-121.321399, 43.995298], [-121.318976, 43.996673], [-121.314915, 43.998016], [-121.312515, 43.99919], [-121.310613, 43.999739], [-121.305371, 43.999846], [-121.303555, 44.00046], [-121.30249, 44.001038], [-121.302117, 44.000675], [-121.302051, 44.0006], [-121.294107, 44.000654], [-121.294064, 44.005102], [-121.292525, 44.005122], [-121.292877, 44.006993], [-121.291727, 44.007682], [-121.289146, 44.008001], [-121.284095, 44.007972], [-121.284103, 44.011583], [-121.276579, 44.011596], [-121.276595, 44.009998], [-121.275386, 44.010813], [-121.274207, 44.009784], [-121.274247, 44.007965], [-121.262867, 44.007975], [-121.260817, 44.008501], [-121.259294, 44.009876], [-121.255521, 44.008343], [-121.251686, 44.00789], [-121.243747, 44.007762], [-121.243935, 44.01361], [-121.24371, 44.015297], [-121.243684, 44.029627], [-121.244508, 44.030359], [-121.244795, 44.032485], [-121.243789, 44.035823], [-121.242709, 44.035911], [-121.242714, 44.036854], [-121.243614, 44.036848], [-121.243561, 44.040346], [-121.24356, 44.042464], [-121.243551, 44.042928], [-121.243526, 44.044131], [-121.243502, 44.045235], [-121.24348, 44.048075], [-121.243462, 44.050128], [-121.243454, 44.051287], [-121.253477, 44.051377], [-121.253507, 44.053363], [-121.253529, 44.054866], [-121.253565, 44.057229], [-121.253617, 44.062164], [-121.25326, 44.062162], [-121.253215, 44.063881], [-121.253221, 44.064584], [-121.253221, 44.065285], [-121.253179, 44.06576], [-121.253716, 44.06576], [-121.253725, 44.067495], [-121.253722, 44.068164], [-121.253695, 44.073566], [-121.254389, 44.073493], [-121.254377, 44.074072], [-121.254372, 44.074787], [-121.254355, 44.075498], [-121.253706, 44.075497], [-121.253695, 44.076049], [-121.253689, 44.076664], [-121.25367, 44.079357], [-121.253656, 44.081568], [-121.253653, 44.082512], [-121.253661, 44.084242], [-121.253659, 44.084742], [-121.253659, 44.084916], [-121.253657, 44.085591], [-121.253655, 44.086278], [-121.25362, 44.087483], [-121.251577, 44.087484], [-121.243547, 44.087501], [-121.243502, 44.094738], [-121.229498, 44.094671], [-121.226922, 44.106039], [-121.22624, 44.109483], [-121.22633, 44.109483], [-121.224489, 44.118387], [-121.220786, 44.118278], [-121.216246, 44.118839], [-121.212717, 44.121881], [-121.20836, 44.124638], [-121.205524, 44.128903], [-121.203615, 44.133375], [-121.202227, 44.135078], [-121.199923, 44.137163], [-121.197535, 44.14008], [-121.193507, 44.143256], [-121.18874, 44.149067], [-121.181722, 44.154347], [-121.180123, 44.155763], [-121.177926, 44.15706], [-121.174797, 44.15833], [-121.173741, 44.159568], [-121.1683, 44.159868], [-121.165335, 44.15956], [-121.161425, 44.160407], [-121.160539, 44.159735], [-121.155364, 44.159849], [-121.147012, 44.159806], [-121.14508, 44.16009], [-121.143273, 44.159764], [-121.142307, 44.160367], [-121.140115, 44.159829], [-121.136549, 44.159597], [-121.13214, 44.159808], [-121.130303, 44.159313], [-121.127289, 44.160704], [-121.126133, 44.161701], [-121.124542, 44.161383], [-121.121759, 44.160026], [-121.116904, 44.160206], [-121.114209, 44.16355], [-121.10713, 44.168371], [-121.10679, 44.16817], [-121.102781, 44.169238], [-121.102791, 44.17139], [-121.102792, 44.171689], [-121.102849, 44.185596], [-121.102883, 44.20241], [-121.102832, 44.210223], [-121.102938, 44.218487], [-121.108537, 44.218519], [-121.108487, 44.231493], [-121.108335, 44.26204], [-121.108266, 44.276157], [-121.108176, 44.298414], [-121.108148, 44.305588], [-121.107888, 44.320349], [-121.108006, 44.324714], [-121.108065, 44.32718], [-121.107972, 44.33272], [-121.10795, 44.340047], [-121.107965, 44.348902], [-121.107974, 44.354561], [-121.107976, 44.355866], [-121.107983, 44.360425], [-121.107987, 44.363228], [-121.107987, 44.363497], [-121.107566, 44.380408], [-121.107534, 44.3906], [-121.121289, 44.390625], [-121.130934, 44.390635], [-121.149644, 44.390647], [-121.158884, 44.390622], [-121.167035, 44.39056], [-121.177781, 44.390626], [-121.184484, 44.390618], [-121.189792, 44.390621], [-121.191338, 44.390623], [-121.1954, 44.390627], [-121.199971, 44.390631], [-121.221269, 44.390659], [-121.223002, 44.390708], [-121.226953, 44.390709], [-121.229289, 44.390646], [-121.2293, 44.393036], [-121.230354, 44.393045], [-121.230586, 44.393045], [-121.234505, 44.393066], [-121.240061, 44.393034], [-121.242113, 44.392954], [-121.250619, 44.392924], [-121.270999, 44.392995], [-121.283916, 44.392943], [-121.287948, 44.392914], [-121.291112, 44.392893], [-121.331599, 44.392791], [-121.341894, 44.392812], [-121.350405, 44.392802], [-121.362076, 44.392931], [-121.384134, 44.393035], [-121.405495, 44.393153], [-121.426195, 44.393197], [-121.434137, 44.393216], [-121.437727, 44.393244], [-121.46999, 44.39344], [-121.470699, 44.393445], [-121.473293, 44.393464], [-121.493674, 44.393251], [-121.514991, 44.393281], [-121.520334, 44.393252], [-121.533117, 44.393184], [-121.554116, 44.393077], [-121.569472, 44.392894], [-121.578291, 44.392791], [-121.580797, 44.392762], [-121.59326, 44.392612], [-121.59406, 44.392603], [-121.596883, 44.392578], [-121.606603, 44.392491], [-121.608296, 44.392486], [-121.619078, 44.392433], [-121.622501, 44.392425], [-121.636001, 44.392413], [-121.650007, 44.39289], [-121.65613, 44.393089], [-121.658785, 44.393175], [-121.662656, 44.393239], [-121.673699, 44.393383], [-121.674928, 44.393387], [-121.678255, 44.39568], [-121.679463, 44.396826], [-121.683176, 44.400418], [-121.700144, 44.416898], [-121.707144, 44.423782], [-121.712956, 44.42928], [-121.715488, 44.429791], [-121.720718, 44.428529], [-121.725394, 44.428345], [-121.730035, 44.428125], [-121.733803, 44.427227], [-121.738431, 44.425588], [-121.752065, 44.422584], [-121.760226, 44.420257], [-121.764939, 44.418508], [-121.767182, 44.418419], [-121.77408, 44.418872], [-121.779338, 44.418593], [-121.781508, 44.41871], [-121.785204, 44.419494], [-121.789307, 44.42068], [-121.793191, 44.422619], [-121.795602, 44.423224], [-121.799954, 44.42388], [-121.801616, 44.423779], [-121.80354, 44.423102], [-121.805616, 44.423192], [-121.810703, 44.42436], [-121.815735, 44.424465], [-121.819338, 44.425308], [-121.821523, 44.425322], [-121.824545, 44.424496], [-121.827097, 44.42341], [-121.829744, 44.423449], [-121.833069, 44.422764], [-121.835491, 44.423878], [-121.840299, 44.425176], [-121.843164, 44.425233], [-121.84552, 44.424733], [-121.845745, 44.426582], [-121.847561, 44.428753], [-121.847578, 44.430542], [-121.846191, 44.431791], [-121.846615, 44.433879], [-121.844711, 44.437707], [-121.841535, 44.441974], [-121.841616, 44.44375], [-121.841128, 44.444912], [-121.84291, 44.447288], [-121.844408, 44.451388], [-121.847502, 44.454743], [-121.847434, 44.455623], [-121.848677, 44.458411], [-121.848139, 44.459549], [-121.848791, 44.461925], [-121.847291, 44.462899], [-121.847634, 44.464364], [-121.849462, 44.466672], [-121.849512, 44.468364], [-121.848793, 44.469405], [-121.847093, 44.470459], [-121.844113, 44.471442], [-121.844453, 44.473565], [-121.844256, 44.475957], [-121.843415, 44.47727], [-121.843049, 44.479035], [-121.844366, 44.481512], [-121.845971, 44.483372], [-121.847034, 44.483275], [-121.84938, 44.484523], [-121.848875, 44.486706], [-121.847359, 44.488942], [-121.84688, 44.49109], [-121.844861, 44.491746], [-121.843914, 44.492775], [-121.839796, 44.495385], [-121.834668, 44.499335], [-121.832405, 44.502985], [-121.829007, 44.504256], [-121.82561, 44.50698], [-121.824802, 44.507962], [-121.824155, 44.510048], [-121.823104, 44.511203], [-121.819453, 44.512045], [-121.818283, 44.512981], [-121.815638, 44.512108], [-121.814698, 44.513325], [-121.809865, 44.513812], [-121.809045, 44.516279], [-121.809419, 44.517546], [-121.811212, 44.519831], [-121.813074, 44.525157], [-121.812509, 44.527784], [-121.812672, 44.529501], [-121.813482, 44.531585], [-121.816073, 44.534596], [-121.816317, 44.537376], [-121.815832, 44.539172], [-121.8138, 44.541745], [-121.813604, 44.54353], [-121.811331, 44.545235], [-121.807657, 44.546928], [-121.806817, 44.548444], [-121.807335, 44.551039], [-121.807092, 44.551851], [-121.804825, 44.553353], [-121.803286, 44.555321], [-121.802801, 44.559782], [-121.802093, 44.562017], [-121.802908, 44.563212], [-121.803133, 44.564929], [-121.801798, 44.566362], [-121.800708, 44.567833], [-121.801265, 44.570839], [-121.800617, 44.572228], [-121.79921, 44.573115], [-121.799163, 44.57422], [-121.800051, 44.576399], [-121.799081, 44.579193], [-121.799965, 44.581321], [-121.798363, 44.582152], [-121.796859, 44.588985], [-121.79518, 44.592814], [-121.793895, 44.594056], [-121.795273, 44.596546], [-121.795192, 44.597702], [-121.800216, 44.600249], [-121.800946, 44.601584], [-121.800926, 44.603152], [-121.798691, 44.604806], [-121.800331, 44.606225], [-121.802162, 44.608412], [-121.802325, 44.610439], [-121.804756, 44.611599], [-121.805405, 44.61293], [-121.806559, 44.613731], [-121.81069, 44.61439], [-121.811566, 44.615767], [-121.810189, 44.617967], [-121.80941, 44.622239], [-121.807491, 44.623723], [-121.808206, 44.628211], [-121.805763, 44.631081], [-121.805488, 44.63302], [-121.80419, 44.633771], [-121.802244, 44.636033], [-121.80273, 44.63719], [-121.801352, 44.637365], [-121.800054, 44.639156], [-121.797945, 44.640313], [-121.799432, 44.643578], [-121.799566, 44.646223], [-121.797991, 44.64721], [-121.797622, 44.649507], [-121.797993, 44.650642], [-121.799036, 44.652762], [-121.798296, 44.654228], [-121.800652, 44.656659], [-121.801813, 44.659877], [-121.800563, 44.663489], [-121.800936, 44.665891], [-121.800345, 44.671413], [-121.799241, 44.672991], [-121.799675, 44.676467], [-121.800929, 44.67856], [-121.800402, 44.683013], [-121.800015, 44.683425], [-121.799562, 44.683915], [-121.794599, 44.683929], [-121.793238, 44.685153], [-121.79003, 44.686334], [-121.788859, 44.687063], [-121.787179, 44.689291], [-121.787395, 44.690323], [-121.788944, 44.690417], [-121.790022, 44.6928], [-121.791511, 44.694108], [-121.793329, 44.6946], [-121.793604, 44.696291], [-121.795481, 44.69753], [-121.796635, 44.698304], [-121.79626, 44.699003], [-121.79751, 44.700602], [-121.799724, 44.70231], [-121.800965, 44.703863], [-121.801811, 44.707761], [-121.803037, 44.710123], [-121.802109, 44.711741], [-121.797653, 44.714009], [-121.795892, 44.71582], [-121.796162, 44.718252], [-121.79528, 44.72052], [-121.796093, 44.722525], [-121.795792, 44.724494], [-121.794385, 44.725896], [-121.796778, 44.727095], [-121.802907, 44.729036], [-121.804694, 44.729169], [-121.802779, 44.730793], [-121.799463, 44.732704], [-121.800005, 44.733439], [-121.800219, 44.735456], [-121.799765, 44.73632], [-121.797222, 44.738266], [-121.795075, 44.741882], [-121.792298, 44.744269], [-121.791661, 44.746261], [-121.788524, 44.747923], [-121.788365, 44.756369], [-121.78759, 44.763942], [-121.787418, 44.765075], [-121.783621, 44.772641], [-121.784961, 44.771856], [-121.789999, 44.773281], [-121.791301, 44.772309], [-121.795963, 44.772848], [-121.796515, 44.773382], [-121.796053, 44.774653], [-121.796831, 44.776675], [-121.799934, 44.778804], [-121.801536, 44.779277], [-121.804413, 44.777548], [-121.804304, 44.779078], [-121.806653, 44.780597], [-121.80762, 44.782159], [-121.809166, 44.781618], [-121.810407, 44.782222], [-121.81183, 44.781453], [-121.813655, 44.784404], [-121.814807, 44.784878], [-121.817413, 44.786906], [-121.818681, 44.788324], [-121.819137, 44.7898], [-121.818099, 44.790386], [-121.816245, 44.792502], [-121.817693, 44.793037], [-121.820254, 44.79466], [-121.819663, 44.795847], [-121.820278, 44.800134], [-121.818769, 44.801234], [-121.816998, 44.803173], [-121.814626, 44.804065], [-121.813663, 44.80399], [-121.813063, 44.805407], [-121.810667, 44.8058], [-121.810174, 44.806377], [-121.811363, 44.807869], [-121.811952, 44.811081], [-121.808847, 44.810805], [-121.807844, 44.81169], [-121.803883, 44.81217], [-121.796409, 44.812002], [-121.795129, 44.812656], [-121.792116, 44.813004], [-121.790868, 44.813884], [-121.790388, 44.815368], [-121.787132, 44.815469], [-121.784944, 44.81715], [-121.781753, 44.818958], [-121.775926, 44.819846], [-121.774451, 44.83335], [-121.771895, 44.842658], [-121.77117, 44.846719], [-121.769433, 44.856577], [-121.766567, 44.872899], [-121.765322, 44.885719], [-121.765086, 44.888183], [-121.762318, 44.90499], [-121.761271, 44.910965], [-121.752417, 44.93057], [-121.754124, 44.932036], [-121.760379, 44.938447], [-121.761613, 44.940334], [-121.763319, 44.94171], [-121.766527, 44.941721], [-121.772236, 44.93984], [-121.773775, 44.938213], [-121.777156, 44.936857], [-121.778559, 44.935901], [-121.77874, 44.935688], [-121.779208, 44.935381], [-121.77977, 44.935153], [-121.780485, 44.935185], [-121.78285, 44.935654], [-121.787028, 44.935457], [-121.789703, 44.934682], [-121.791436, 44.934809], [-121.79511, 44.935668], [-121.796127, 44.937426], [-121.793893, 44.939213], [-121.790661, 44.941371], [-121.786735, 44.945223], [-121.785612, 44.947412], [-121.785593, 44.950377], [-121.786147, 44.952248], [-121.787787, 44.95477], [-121.791112, 44.956569], [-121.792162, 44.95786], [-121.792475, 44.959666], [-121.793754, 44.962385], [-121.794783, 44.964926], [-121.79603, 44.970487], [-121.798502, 44.973167], [-121.798684, 44.974963], [-121.800131, 44.976452], [-121.803345, 44.977103], [-121.802626, 44.981021], [-121.801623, 44.982743], [-121.802465, 44.984946], [-121.802935, 44.987321], [-121.803471, 44.992173], [-121.802831, 44.993375], [-121.802547, 44.995386], [-121.803163, 44.999614], [-121.804406, 45.002217], [-121.805667, 45.006124], [-121.805269, 45.011496], [-121.804426, 45.012877], [-121.80044, 45.015183], [-121.798154, 45.01615], [-121.793219, 45.017471], [-121.79164, 45.017244], [-121.788805, 45.016028], [-121.784556, 45.015132], [-121.78147, 45.015411], [-121.781098, 45.016312], [-121.781588, 45.018144], [-121.781121, 45.021486], [-121.779177, 45.024906], [-121.778803, 45.026237], [-121.779132, 45.030126], [-121.779672, 45.031646], [-121.78183, 45.033698], [-121.781727, 45.034399], [-121.779906, 45.035136], [-121.778672, 45.037277], [-121.777937, 45.037744], [-121.77739, 45.037826], [-121.774287, 45.038548], [-121.77149, 45.039657], [-121.768822, 45.039886], [-121.766495, 45.03958], [-121.760406, 45.03818], [-121.757936, 45.037411], [-121.755915, 45.037218], [-121.752152, 45.036162], [-121.751454, 45.034836], [-121.749443, 45.034098], [-121.744103, 45.03385], [-121.741376, 45.034422], [-121.740994, 45.034428], [-121.739081, 45.045444], [-121.734628, 45.045727], [-121.734782, 45.04775], [-121.735415, 45.048845], [-121.738224, 45.050801], [-121.732096, 45.085203], [-121.729714, 45.099306], [-121.729413, 45.100875], [-121.729134, 45.101957], [-121.727944, 45.108885], [-121.725666, 45.122612], [-121.723342, 45.135804], [-121.723212, 45.136982], [-121.729928, 45.142534], [-121.730882, 45.143035], [-121.739259, 45.145902], [-121.741103, 45.147018], [-121.742865, 45.149196], [-121.74478, 45.157129], [-121.745173, 45.158127], [-121.74771, 45.160661], [-121.748283, 45.161946], [-121.7486, 45.164789], [-121.747337, 45.166924], [-121.74527, 45.167471], [-121.742679, 45.169216], [-121.740704, 45.171005], [-121.739616, 45.16946], [-121.73753, 45.167404], [-121.736163, 45.167187], [-121.732897, 45.168846], [-121.731438, 45.170633], [-121.732018, 45.170913], [-121.732263, 45.173088], [-121.733403, 45.174913], [-121.736506, 45.176313], [-121.738, 45.178191], [-121.738794, 45.180374], [-121.740329, 45.182227], [-121.743454, 45.183795], [-121.746454, 45.18635], [-121.747973, 45.188995], [-121.748649, 45.1918], [-121.749061, 45.197559], [-121.748637, 45.200926], [-121.748485, 45.20444], [-121.74687, 45.205997], [-121.741175, 45.206788], [-121.738512, 45.206156], [-121.736292, 45.206919], [-121.73492, 45.208963], [-121.73048, 45.211543], [-121.727341, 45.212044], [-121.722558, 45.211957], [-121.719697, 45.211691], [-121.716722, 45.211031], [-121.714637, 45.211232], [-121.712953, 45.212368], [-121.711275, 45.215347], [-121.710517, 45.21847], [-121.709251, 45.21998], [-121.705971, 45.221466], [-121.703592, 45.2233], [-121.69945, 45.224054], [-121.698375, 45.226448], [-121.700204, 45.228521], [-121.7017, 45.230399], [-121.701914, 45.232761], [-121.698199, 45.23594], [-121.698127, 45.237472], [-121.699407, 45.239656], [-121.700712, 45.240792], [-121.701561, 45.239666], [-121.704147, 45.237907], [-121.705986, 45.237053], [-121.707321, 45.235481], [-121.709099, 45.232304], [-121.711555, 45.22908], [-121.713722, 45.227455], [-121.71537, 45.228073], [-121.716591, 45.22686], [-121.720978, 45.225937], [-121.721939, 45.226036], [-121.723747, 45.225079], [-121.732582, 45.222603], [-121.73452, 45.221508], [-121.736656, 45.220821], [-121.738594, 45.21883], [-121.74247, 45.218281], [-121.742897, 45.219398], [-121.746262, 45.220932], [-121.747589, 45.221066], [-121.749138, 45.21983], [-121.75161, 45.21912], [-121.753677, 45.219303], [-121.755173, 45.216995], [-121.758827, 45.216747], [-121.761894, 45.217216], [-121.765541, 45.217232], [-121.769112, 45.21611], [-121.770599, 45.215244], [-121.773079, 45.215523], [-121.775612, 45.216251], [-121.777328, 45.214699], [-121.778847, 45.21479], [-121.78389, 45.214478], [-121.789848, 45.216164], [-121.791267, 45.21701], [-121.791847, 45.218884], [-121.794853, 45.222198], [-121.797188, 45.223228], [-121.800552, 45.223686], [-121.804916, 45.223118], [-121.806305, 45.222683], [-121.811485, 45.223301], [-121.813751, 45.223301], [-121.814491, 45.225014], [-121.815758, 45.225586], [-121.818214, 45.225357], [-121.821548, 45.22562], [-121.824554, 45.226501], [-121.827469, 45.226135], [-121.830894, 45.22625], [-121.833611, 45.225449], [-121.836357, 45.22554], [-121.841087, 45.225353], [-121.842667, 45.223961], [-121.846321, 45.223412], [-121.84671, 45.222084], [-121.849365, 45.220436], [-121.85247, 45.219727], [-121.854698, 45.219612], [-121.855637, 45.220596], [-121.858192, 45.221119], [-121.859291, 45.220684], [-121.862564, 45.222698], [-121.862953, 45.224411], [-121.867256, 45.224022], [-121.868225, 45.224339], [-121.870064, 45.226562], [-121.871719, 45.226898], [-121.873856, 45.228542], [-121.875511, 45.229115], [-121.874802, 45.231628], [-121.877953, 45.235264], [-121.880669, 45.235584], [-121.881508, 45.236935], [-121.881828, 45.238762], [-121.883575, 45.239746], [-121.88694, 45.242676], [-121.888527, 45.242493], [-121.890823, 45.243637], [-121.893539, 45.243889], [-121.895187, 45.244759], [-121.896935, 45.246315], [-121.897682, 45.247551], [-121.899719, 45.247437], [-121.901077, 45.249615], [-121.904739, 45.251678], [-121.9058, 45.25296], [-121.90593, 45.254013], [-121.908455, 45.256096], [-121.91214, 45.258312], [-121.912239, 45.258907], [-121.915443, 45.259686], [-121.918129, 45.261673], [-121.921234, 45.262794], [-121.922379, 45.264084], [-121.922562, 45.266132], [-121.923988, 45.266407], [-121.926285, 45.268055], [-121.930565, 45.268032], [-121.931152, 45.269573], [-121.932755, 45.270699], [-121.937973, 45.271622], [-121.938202, 45.272171], [-121.940065, 45.270332], [-121.941986, 45.268673], [-121.941559, 45.266834], [-121.942795, 45.265701], [-121.944809, 45.264809], [-121.945076, 45.262844], [-121.946634, 45.261045], [-121.986381, 45.260932], [-122.002966, 45.260859], [-122.002991, 45.259487], [-122.002671, 45.232298], [-122.002622, 45.229189], [-122.002329, 45.203321], [-122.00502, 45.204357], [-122.006508, 45.204334], [-122.009682, 45.205479], [-122.010201, 45.205021], [-122.014275, 45.204041], [-122.015274, 45.202965], [-122.018349, 45.202396], [-122.020355, 45.202351], [-122.021645, 45.200939], [-122.022682, 45.200844], [-122.021744, 45.202785], [-122.023842, 45.203381], [-122.028206, 45.205875], [-122.029358, 45.208122], [-122.029327, 45.210327], [-122.027885, 45.21278], [-122.028267, 45.215569], [-122.026848, 45.218311], [-122.024933, 45.218884], [-122.023912, 45.220171], [-122.026073, 45.220182], [-122.028874, 45.217077], [-122.030005, 45.217128], [-122.02918, 45.218642], [-122.030261, 45.219584], [-122.032653, 45.219478], [-122.034666, 45.218866], [-122.036793, 45.217041], [-122.03957, 45.216111], [-122.042803, 45.21615], [-122.044317, 45.215825], [-122.044443, 45.214848], [-122.045557, 45.213867], [-122.04798, 45.212751], [-122.048978, 45.21131], [-122.050908, 45.2112], [-122.052503, 45.212327], [-122.05421, 45.212252], [-122.055779, 45.211083], [-122.059255, 45.209702], [-122.060764, 45.209641], [-122.062407, 45.210193], [-122.064175, 45.209966], [-122.065186, 45.210657], [-122.065494, 45.212509], [-122.066912, 45.214619], [-122.067054, 45.215884], [-122.067918, 45.216952], [-122.069747, 45.218005], [-122.071424, 45.217998], [-122.073818, 45.216939], [-122.077058, 45.214841], [-122.079382, 45.213683], [-122.083025, 45.212328], [-122.087942, 45.21125], [-122.090638, 45.210448], [-122.093493, 45.210439], [-122.095118, 45.211438], [-122.096703, 45.211355], [-122.100548, 45.209788], [-122.10149, 45.208132], [-122.10432, 45.20816], [-122.106219, 45.20705], [-122.105978, 45.205962], [-122.108144, 45.20592], [-122.109556, 45.204788], [-122.109408, 45.203977], [-122.112593, 45.203782], [-122.113371, 45.204441], [-122.116006, 45.203711], [-122.118684, 45.204388], [-122.120397, 45.204378], [-122.123996, 45.203787], [-122.125266, 45.204271], [-122.126836, 45.203389], [-122.128371, 45.203295], [-122.129699, 45.203895], [-122.132679, 45.203464], [-122.134803, 45.20449], [-122.138332, 45.203111], [-122.141053, 45.203726], [-122.14287, 45.202842], [-122.150149, 45.204581], [-122.151706, 45.204479], [-122.149934, 45.204249], [-122.150179, 45.203644], [-122.152803, 45.202605], [-122.154654, 45.202914], [-122.155197, 45.204455], [-122.156889, 45.204997], [-122.160049, 45.203983], [-122.159437, 45.203005], [-122.160642, 45.202873], [-122.164063, 45.203763], [-122.166085, 45.203671], [-122.168485, 45.204473], [-122.171995, 45.205063], [-122.173492, 45.204817], [-122.177485, 45.205327], [-122.181455, 45.204555], [-122.183873, 45.205353], [-122.19246, 45.20627], [-122.195306, 45.205303], [-122.197314, 45.205445], [-122.200796, 45.205024], [-122.205025, 45.206775], [-122.207493, 45.207392], [-122.210802, 45.209738], [-122.212952, 45.212317], [-122.216549, 45.21433], [-122.219892, 45.222098], [-122.220273, 45.224181], [-122.220933, 45.224804], [-122.230516, 45.230188], [-122.230516, 45.215626], [-122.235547, 45.215392], [-122.236475, 45.215349], [-122.238274, 45.215266], [-122.241203, 45.218235], [-122.245506, 45.221069], [-122.249718, 45.223042], [-122.251816, 45.224731], [-122.254793, 45.228821], [-122.256204, 45.228839], [-122.260627, 45.233119], [-122.26163, 45.233874], [-122.262081, 45.235292], [-122.264022, 45.23607], [-122.264767, 45.235704], [-122.262699, 45.232411], [-122.262699, 45.231771], [-122.266032, 45.231635], [-122.266615, 45.230767], [-122.265687, 45.230119], [-122.28793, 45.229559], [-122.291638, 45.229502], [-122.2907, 45.231201], [-122.291326, 45.232445], [-122.294511, 45.235018], [-122.295908, 45.236783], [-122.302454, 45.236877], [-122.305298, 45.238552], [-122.311203, 45.238637], [-122.311568, 45.239757], [-122.311491, 45.250382], [-122.311946, 45.250698], [-122.317396, 45.250707], [-122.317563, 45.255218], [-122.320578, 45.255622], [-122.320524, 45.257784], [-122.321356, 45.258241], [-122.325949, 45.258313], [-122.32637, 45.258621], [-122.326451, 45.261915], [-122.332908, 45.261963], [-122.332757, 45.266864], [-122.332609, 45.269496], [-122.32205, 45.269451], [-122.321899, 45.269096], [-122.321808, 45.268963], [-122.32151, 45.268711], [-122.321159, 45.268497], [-122.320976, 45.268429], [-122.319753, 45.26812], [-122.315811, 45.267521], [-122.314281, 45.267045]]]]}}, {"type": "Feature", "properties": {"id": 6, "NAME": "6", "text-color": "#000000", "text-size": 16, "TotalPop": 706212, "PopDevPct": 3.78e-06, "DemPct": 0.54790054, "RepPct": 0.41720332, "WhitePct": 0.70893443, "MinorityPct": 0.29106557, "BlackPct": 0.02012299, "HispanicPct": 0.17389016, "PacificPct": 0.01124687, "AsianPct": 0.05081262, "NativePct": 0.04129843, "TotalVAP": 545396, "Margin": 0.04790054, "color": "#008080", "opacity": "0.5", "year": 2022, "state": "OR", "state-district": "OR-06"}, "geometry": {"type": "MultiPolygon", "coordinates": [[[[-122.749195, 45.486063], [-122.754694, 45.486115], [-122.756977, 45.48617], [-122.760671, 45.486233], [-122.760779, 45.486236], [-122.760878, 45.486238], [-122.764038, 45.486299], [-122.768155, 45.48636], [-122.77103, 45.486432], [-122.774563, 45.4865], [-122.775856, 45.486509], [-122.777201, 45.48654], [-122.778399, 45.486532], [-122.782676, 45.486546], [-122.783134, 45.486537], [-122.786698, 45.486534], [-122.788773, 45.48652], [-122.790104, 45.486529], [-122.790609, 45.486543], [-122.792829, 45.486548], [-122.792612, 45.482215], [-122.792539, 45.481958], [-122.790952, 45.478418], [-122.789629, 45.476645], [-122.786437, 45.472851], [-122.786062, 45.471943], [-122.785936, 45.469393], [-122.78616, 45.469389], [-122.78663, 45.469379], [-122.787749, 45.469366], [-122.791841, 45.469338], [-122.793698, 45.469326], [-122.795572, 45.469322], [-122.798759, 45.469249], [-122.800325, 45.469252], [-122.802795, 45.469233], [-122.804002, 45.469221], [-122.80383, 45.467762], [-122.803798, 45.466964], [-122.807249, 45.466555], [-122.808186, 45.466546], [-122.808836, 45.466819], [-122.81057, 45.466572], [-122.814171, 45.466848], [-122.815605, 45.467114], [-122.81796, 45.466548], [-122.818981, 45.466148], [-122.820365, 45.465785], [-122.82133, 45.465657], [-122.82222, 45.465655], [-122.823613, 45.465654], [-122.824413, 45.465663], [-122.825401, 45.465659], [-122.826087, 45.465658], [-122.827537, 45.465643], [-122.828051, 45.465642], [-122.829345, 45.465636], [-122.830437, 45.465631], [-122.8324, 45.465638], [-122.834382, 45.465646], [-122.836273, 45.465646], [-122.836278, 45.463506], [-122.836296, 45.462741], [-122.836315, 45.460915], [-122.836272, 45.458395], [-122.836276, 45.456555], [-122.836279, 45.455596], [-122.836287, 45.454882], [-122.836254, 45.454372], [-122.836296, 45.453655], [-122.836283, 45.452994], [-122.836779, 45.452991], [-122.836952, 45.452992], [-122.837474, 45.452995], [-122.837648, 45.452997], [-122.8385, 45.45301], [-122.838994, 45.453018], [-122.841949, 45.453008], [-122.84317, 45.453035], [-122.84378, 45.453049], [-122.84372, 45.452042], [-122.845951, 45.450032], [-122.846559, 45.449768], [-122.847405, 45.449763], [-122.847865, 45.448645], [-122.85166, 45.449198], [-122.851674, 45.448254], [-122.849881, 45.447656], [-122.846737, 45.447634], [-122.846737, 45.447542], [-122.846693, 45.437782], [-122.846681, 45.43644], [-122.846658, 45.433294], [-122.846649, 45.42965], [-122.8487, 45.429664], [-122.84923, 45.429668], [-122.849219, 45.426791], [-122.849089, 45.426803], [-122.848384, 45.426901], [-122.848081, 45.426845], [-122.846612, 45.426723], [-122.844773, 45.426731], [-122.843312, 45.426709], [-122.841023, 45.426363], [-122.841025, 45.42672], [-122.841026, 45.426819], [-122.838543, 45.426708], [-122.83855, 45.426613], [-122.836326, 45.426428], [-122.836329, 45.426232], [-122.836341, 45.425229], [-122.836354, 45.424202], [-122.836691, 45.424204], [-122.836454, 45.423816], [-122.836472, 45.421322], [-122.836474, 45.421202], [-122.838615, 45.421205], [-122.83739, 45.420273], [-122.836383, 45.420323], [-122.836396, 45.419376], [-122.838927, 45.419388], [-122.839459, 45.418103], [-122.838206, 45.417542], [-122.837256, 45.41701], [-122.836853, 45.416377], [-122.836364, 45.416211], [-122.836476, 45.414874], [-122.837553, 45.414863], [-122.838102, 45.412514], [-122.839593, 45.412681], [-122.839768, 45.411955], [-122.841045, 45.412652], [-122.8419, 45.412585], [-122.841926, 45.41208], [-122.84192, 45.4118], [-122.841915, 45.411529], [-122.841914, 45.411227], [-122.841555, 45.410857], [-122.841361, 45.40432], [-122.83847, 45.404004], [-122.831203, 45.404058], [-122.831183, 45.401685], [-122.836101, 45.401769], [-122.841409, 45.400417], [-122.841573, 45.400385], [-122.841636, 45.397667], [-122.843615, 45.39464], [-122.843745, 45.393], [-122.845592, 45.392346], [-122.84587, 45.390558], [-122.846498, 45.389883], [-122.851823, 45.389564], [-122.851883, 45.388272], [-122.85199, 45.384593], [-122.852828, 45.382945], [-122.856336, 45.381188], [-122.856921, 45.37953], [-122.856683, 45.374929], [-122.856678, 45.374782], [-122.856524, 45.372642], [-122.858503, 45.372618], [-122.860137, 45.372605], [-122.86016, 45.371319], [-122.86331, 45.371315], [-122.863353, 45.36772], [-122.86454, 45.367714], [-122.867768, 45.367701], [-122.871568, 45.367723], [-122.882555, 45.367777], [-122.883334, 45.367512], [-122.884191, 45.367357], [-122.889749, 45.367823], [-122.897149, 45.36782], [-122.899065, 45.368758], [-122.899432, 45.367954], [-122.90675, 45.367853], [-122.907135, 45.360473], [-122.908008, 45.35846], [-122.909223, 45.357055], [-122.913597, 45.356121], [-122.913902, 45.35556], [-122.914022, 45.350868], [-122.915434, 45.349379], [-122.916054, 45.348868], [-122.920771, 45.347917], [-122.924134, 45.347235], [-122.928873, 45.34628], [-122.93558, 45.346314], [-122.939204, 45.346332], [-122.955213, 45.346377], [-122.962566, 45.346415], [-122.96348, 45.346747], [-122.967278, 45.346834], [-122.970294, 45.348862], [-122.97053, 45.353034], [-122.97034, 45.354905], [-122.9703, 45.36077], [-122.975322, 45.3609], [-122.975229, 45.361224], [-122.975244, 45.361452], [-122.975282, 45.361512], [-122.975331, 45.361552], [-122.975404, 45.361577], [-122.975566, 45.361576], [-122.975671, 45.361561], [-122.975875, 45.361458], [-122.976062, 45.361271], [-122.97628, 45.360991], [-122.976368, 45.360926], [-122.976592, 45.360932], [-122.978054, 45.362657], [-122.979806, 45.361013], [-122.980106, 45.361022], [-122.98042, 45.36103], [-122.991396, 45.361096], [-122.991395, 45.362822], [-122.99139, 45.364991], [-122.991392, 45.3676], [-122.991393, 45.368009], [-122.991388, 45.375468], [-122.992235, 45.375489], [-122.992575, 45.375509], [-122.99323, 45.375523], [-122.993866, 45.375546], [-122.996216, 45.375628], [-122.997212, 45.375664], [-122.999779, 45.37656], [-123.000721, 45.375813], [-123.000855, 45.375818], [-123.011653, 45.376348], [-123.011649, 45.381031], [-123.011645, 45.382183], [-123.01129, 45.390905], [-123.014476, 45.390993], [-123.027879, 45.390902], [-123.032294, 45.390891], [-123.032323, 45.399652], [-123.032209, 45.403453], [-123.032192, 45.403965], [-123.032296, 45.404961], [-123.05267, 45.404727], [-123.059605, 45.404839], [-123.062894, 45.404898], [-123.063593, 45.404896], [-123.066881, 45.404926], [-123.071145, 45.405034], [-123.075487, 45.404952], [-123.083758, 45.404517], [-123.103125, 45.404421], [-123.112032, 45.404393], [-123.114641, 45.404383], [-123.114648, 45.406113], [-123.114696, 45.418957], [-123.130132, 45.418942], [-123.134658, 45.418937], [-123.135114, 45.418937], [-123.135195, 45.422958], [-123.135427, 45.433459], [-123.137607, 45.433468], [-123.138987, 45.433473], [-123.139236, 45.433475], [-123.140244, 45.433479], [-123.142683, 45.433489], [-123.151954, 45.433528], [-123.152402, 45.43353], [-123.156018, 45.433541], [-123.156057, 45.433541], [-123.176888, 45.433584], [-123.180951, 45.433599], [-123.186855, 45.433622], [-123.18775, 45.433626], [-123.189162, 45.433632], [-123.196977, 45.433667], [-123.197565, 45.433669], [-123.207909, 45.433703], [-123.209265, 45.433707], [-123.213382, 45.43372], [-123.237, 45.433802], [-123.247501, 45.433788], [-123.28291, 45.433833], [-123.302677, 45.433818], [-123.314403, 45.433849], [-123.322044, 45.433861], [-123.342263, 45.43388], [-123.354614, 45.433913], [-123.375695, 45.433857], [-123.37796, 45.43384], [-123.380322, 45.433825], [-123.419457, 45.43359], [-123.43573, 45.433515], [-123.447049, 45.433438], [-123.451377, 45.433414], [-123.46488, 45.433332], [-123.464891, 45.433124], [-123.465553, 45.420791], [-123.465658, 45.41566], [-123.465204, 45.405497], [-123.465182, 45.404909], [-123.464548, 45.395097], [-123.464081, 45.386713], [-123.464081, 45.386618], [-123.464081, 45.386479], [-123.464092, 45.379328], [-123.464112, 45.374535], [-123.463692, 45.367548], [-123.46288, 45.35439], [-123.462427, 45.345787], [-123.462321, 45.338244], [-123.462579, 45.32282], [-123.46259, 45.321975], [-123.46287, 45.305912], [-123.463006, 45.298482], [-123.463101, 45.280192], [-123.463125, 45.275854], [-123.46313, 45.274888], [-123.463132, 45.274549], [-123.463141, 45.27281], [-123.463164, 45.267463], [-123.463051, 45.259918], [-123.463367, 45.252178], [-123.463442, 45.245283], [-123.463505, 45.238128], [-123.463495, 45.23512], [-123.463514, 45.226702], [-123.463518, 45.216312], [-123.48129, 45.216154], [-123.483026, 45.216134], [-123.49018, 45.216139], [-123.507617, 45.216264], [-123.510676, 45.216294], [-123.518251, 45.216332], [-123.523018, 45.21633], [-123.529849, 45.216347], [-123.532593, 45.21636], [-123.545643, 45.216417], [-123.563717, 45.216384], [-123.565105, 45.216388], [-123.56647, 45.216393], [-123.586145, 45.216527], [-123.606416, 45.216555], [-123.60909, 45.21675], [-123.613925, 45.217103], [-123.615144, 45.217106], [-123.644356, 45.2171], [-123.65482, 45.216607], [-123.667481, 45.216452], [-123.6857, 45.21625], [-123.697398, 45.216273], [-123.716509, 45.21633], [-123.723084, 45.216453], [-123.7232, 45.216277], [-123.734996, 45.216271], [-123.737808, 45.216269], [-123.741719, 45.216266], [-123.750675, 45.216273], [-123.761994, 45.216283], [-123.78454, 45.216294], [-123.784532, 45.211483], [-123.78453, 45.210503], [-123.784501, 45.202521], [-123.784134, 45.202101], [-123.784141, 45.188342], [-123.784171, 45.184132], [-123.784216, 45.173495], [-123.785332, 45.166922], [-123.785478, 45.158765], [-123.784354, 45.146783], [-123.784157, 45.144694], [-123.784291, 45.137571], [-123.784209, 45.132319], [-123.784552, 45.123954], [-123.784367, 45.113273], [-123.784259, 45.104049], [-123.784487, 45.08866], [-123.784135, 45.087581], [-123.784122, 45.084323], [-123.784218, 45.076655], [-123.784016, 45.076657], [-123.764552, 45.076851], [-123.761062, 45.076827], [-123.746889, 45.07669], [-123.743962, 45.076656], [-123.724362, 45.076777], [-123.724368, 45.076226], [-123.724442, 45.071487], [-123.724463, 45.07049], [-123.72453, 45.061538], [-123.72462, 45.048901], [-123.724663, 45.044432], [-123.724917, 45.036545], [-123.724992, 45.034337], [-123.725074, 45.031955], [-123.724979, 45.031821], [-123.724897, 45.031705], [-123.724835, 45.031616], [-123.724914, 45.031311], [-123.724931, 45.03125], [-123.724982, 45.031191], [-123.725104, 45.03105], [-123.725174, 45.0291], [-123.725337, 45.025068], [-123.725104, 45.024892], [-123.724895, 45.024734], [-123.724889, 45.024713], [-123.724765, 45.024254], [-123.724894, 45.023934], [-123.724915, 45.023917], [-123.725139, 45.023745], [-123.725313, 45.023613], [-123.725396, 45.023601], [-123.725489, 45.021255], [-123.725537, 45.020004], [-123.725695, 45.015216], [-123.725759, 45.002906], [-123.725771, 45.000746], [-123.724599, 45.00076], [-123.724659, 44.984273], [-123.724667, 44.983028], [-123.724782, 44.962958], [-123.724231, 44.955493], [-123.724669, 44.949916], [-123.724875, 44.946525], [-123.724887, 44.945785], [-123.724955, 44.936377], [-123.724936, 44.932053], [-123.724903, 44.924877], [-123.724842, 44.911745], [-123.725344, 44.897921], [-123.725353, 44.895199], [-123.725394, 44.88608], [-123.725394, 44.88599], [-123.725401, 44.884329], [-123.725418, 44.880206], [-123.725422, 44.879221], [-123.725452, 44.871992], [-123.725486, 44.863736], [-123.725576, 44.842256], [-123.725581, 44.834668], [-123.725581, 44.832925], [-123.725591, 44.805278], [-123.725563, 44.797183], [-123.725324, 44.77829], [-123.725278, 44.769104], [-123.725188, 44.764328], [-123.725079, 44.753939], [-123.725044, 44.746539], [-123.725001, 44.739046], [-123.719535, 44.739029], [-123.716062, 44.739018], [-123.704578, 44.73898], [-123.704534, 44.732225], [-123.704467, 44.721154], [-123.688486, 44.721154], [-123.661455, 44.721154], [-123.642984, 44.721152], [-123.607075, 44.721154], [-123.602609, 44.721154], [-123.580966, 44.719415], [-123.576502, 44.719673], [-123.566318, 44.720264], [-123.561068, 44.720568], [-123.54132, 44.72127], [-123.531101, 44.721074], [-123.521402, 44.72089], [-123.509683, 44.720817], [-123.506712, 44.720796], [-123.486962, 44.720748], [-123.47056, 44.720722], [-123.461516, 44.720689], [-123.438419, 44.720622], [-123.437576, 44.720616], [-123.414116, 44.720552], [-123.409764, 44.720531], [-123.389043, 44.720455], [-123.383473, 44.720441], [-123.371468, 44.720355], [-123.353389, 44.72014], [-123.339138, 44.720059], [-123.334097, 44.720038], [-123.325378, 44.720015], [-123.316612, 44.719994], [-123.301882, 44.719835], [-123.295691, 44.719777], [-123.281108, 44.719817], [-123.276064, 44.719831], [-123.265869, 44.720062], [-123.265511, 44.72007], [-123.261208, 44.720216], [-123.253677, 44.720234], [-123.250851, 44.720217], [-123.240276, 44.719914], [-123.23521, 44.720146], [-123.221593, 44.720125], [-123.201917, 44.720099], [-123.182025, 44.720085], [-123.177246, 44.720085], [-123.174985, 44.720084], [-123.172193, 44.72009], [-123.163295, 44.720135], [-123.150369, 44.720217], [-123.149025, 44.720225], [-123.150297, 44.722689], [-123.150763, 44.72578], [-123.150429, 44.727611], [-123.147982, 44.73041], [-123.146582, 44.731585], [-123.140707, 44.734762], [-123.137819, 44.736145], [-123.133529, 44.738662], [-123.132445, 44.741157], [-123.1327, 44.743363], [-123.135106, 44.745741], [-123.137757, 44.747062], [-123.140884, 44.747632], [-123.143843, 44.748914], [-123.142191, 44.7488], [-123.140533, 44.74928], [-123.139759, 44.749592], [-123.138352, 44.750371], [-123.13696, 44.751258], [-123.13551, 44.75186], [-123.133831, 44.752109], [-123.132942, 44.75213], [-123.131221, 44.751983], [-123.129179, 44.751589], [-123.12769, 44.751372], [-123.123007, 44.751272], [-123.121467, 44.75159], [-123.120716, 44.751969], [-123.120155, 44.752475], [-123.119828, 44.753072], [-123.119733, 44.753731], [-123.11987, 44.755026], [-123.12017, 44.755803], [-123.120253, 44.756922], [-123.119939, 44.757516], [-123.119378, 44.758021], [-123.118721, 44.758445], [-123.117971, 44.758663], [-123.114638, 44.759114], [-123.11383, 44.759411], [-123.113025, 44.759483], [-123.11226, 44.759356], [-123.111578, 44.759049], [-123.111113, 44.758608], [-123.110308, 44.757621], [-123.109804, 44.756254], [-123.109051, 44.755302], [-123.108094, 44.753527], [-123.107712, 44.752966], [-123.106304, 44.751559], [-123.106032, 44.751034], [-123.105867, 44.749306], [-123.105377, 44.748844], [-123.10405, 44.748202], [-123.102275, 44.747144], [-123.100881, 44.746553], [-123.10009, 44.74631], [-123.099242, 44.746215], [-123.09748, 44.746242], [-123.095772, 44.746539], [-123.094434, 44.746898], [-123.092658, 44.747551], [-123.089503, 44.747011], [-123.086457, 44.745997], [-123.081389, 44.743343], [-123.078903, 44.743073], [-123.076375, 44.743504], [-123.07173, 44.74615], [-123.066818, 44.748094], [-123.064667, 44.748316], [-123.062154, 44.748042], [-123.061117, 44.747124], [-123.060721, 44.744883], [-123.061431, 44.743405], [-123.062017, 44.74], [-123.061853, 44.738869], [-123.060106, 44.737684], [-123.057878, 44.737111], [-123.055342, 44.737034], [-123.053026, 44.737627], [-123.052465, 44.737829], [-123.050816, 44.73836], [-123.050025, 44.73849], [-123.048454, 44.738616], [-123.046794, 44.738654], [-123.045789, 44.738577], [-123.043981, 44.738261], [-123.042639, 44.737834], [-123.042009, 44.737719], [-123.040934, 44.737092], [-123.04008, 44.736114], [-123.039861, 44.735663], [-123.039627, 44.734713], [-123.039451, 44.733589], [-123.039696, 44.733135], [-123.041034, 44.731919], [-123.041897, 44.731045], [-123.042484, 44.730079], [-123.042756, 44.728972], [-123.042565, 44.727251], [-123.042196, 44.726223], [-123.041567, 44.725243], [-123.040598, 44.724331], [-123.03941, 44.723498], [-123.03803, 44.722767], [-123.036515, 44.722166], [-123.035804, 44.721804], [-123.034752, 44.720865], [-123.034095, 44.720551], [-123.033317, 44.720575], [-123.032567, 44.720756], [-123.031884, 44.72107], [-123.029997, 44.722244], [-123.028715, 44.722935], [-123.027127, 44.723951], [-123.025518, 44.725035], [-123.024002, 44.725578], [-123.022348, 44.725786], [-123.020708, 44.725619], [-123.019999, 44.725376], [-123.018892, 44.724663], [-123.018694, 44.724149], [-123.018153, 44.723642], [-123.016667, 44.72213], [-123.015927, 44.721298], [-123.015148, 44.719877], [-123.015654, 44.719624], [-123.014863, 44.71613], [-123.014217, 44.714884], [-123.014118, 44.714625], [-123.013995, 44.713973], [-123.015244, 44.710505], [-123.016231, 44.708651], [-123.015446, 44.70904], [-123.017935, 44.704585], [-123.018305, 44.702465], [-123.018938, 44.700409], [-123.01884, 44.698559], [-123.016827, 44.694245], [-123.013998, 44.691549], [-123.010346, 44.68904], [-123.007747, 44.687798], [-123.006972, 44.68669], [-123.006837, 44.686683], [-123.006847, 44.686898], [-123.006689, 44.686896], [-123.006079, 44.686887], [-123.005477, 44.687041], [-123.005122, 44.687503], [-123.004903, 44.68809], [-123.003743, 44.688657], [-123.002527, 44.688948], [-123.001831, 44.688924], [-123.001201, 44.688548], [-123.000724, 44.687428], [-123.000013, 44.686916], [-122.998717, 44.687233], [-122.996297, 44.689016], [-122.99593, 44.68973], [-122.996025, 44.690286], [-122.996435, 44.69086], [-122.997623, 44.69212], [-122.998156, 44.693076], [-122.998293, 44.694101], [-122.997737, 44.694811], [-122.996175, 44.695699], [-122.994658, 44.696123], [-122.993648, 44.696058], [-122.993154, 44.69556], [-122.992678, 44.694733], [-122.992268, 44.694275], [-122.991695, 44.693872], [-122.991065, 44.693602], [-122.990027, 44.693479], [-122.98929, 44.693657], [-122.988675, 44.694026], [-122.988156, 44.694822], [-122.9872, 44.695682], [-122.986746, 44.695985], [-122.985738, 44.696386], [-122.985042, 44.696526], [-122.983595, 44.696614], [-122.979769, 44.696492], [-122.978279, 44.696744], [-122.977583, 44.696929], [-122.97701, 44.697239], [-122.975862, 44.697578], [-122.974905, 44.698144], [-122.974059, 44.69909], [-122.973649, 44.700518], [-122.973949, 44.70227], [-122.973993, 44.702888], [-122.974391, 44.702838], [-122.974054, 44.705489], [-122.972842, 44.707979], [-122.97416, 44.70802], [-122.973067, 44.708858], [-122.972471, 44.708629], [-122.971495, 44.710505], [-122.968987, 44.713397], [-122.967491, 44.713844], [-122.96464, 44.715517], [-122.965309, 44.714798], [-122.962939, 44.715787], [-122.960854, 44.718355], [-122.9586, 44.720084], [-122.957553, 44.721301], [-122.956081, 44.721372], [-122.952019, 44.720129], [-122.951185, 44.719645], [-122.94935, 44.718661], [-122.949349, 44.718634], [-122.947659, 44.717986], [-122.945837, 44.716791], [-122.944621, 44.716053], [-122.943228, 44.715479], [-122.942354, 44.715285], [-122.939622, 44.71493], [-122.937846, 44.714889], [-122.93708, 44.715087], [-122.93408, 44.71578], [-122.931922, 44.716995], [-122.929381, 44.719301], [-122.929887, 44.720663], [-122.929231, 44.721828], [-122.928097, 44.72222], [-122.925638, 44.721852], [-122.922578, 44.723703], [-122.919464, 44.724935], [-122.919518, 44.726906], [-122.916886, 44.728611], [-122.912779, 44.730052], [-122.911992, 44.731175], [-122.909888, 44.732507], [-122.909232, 44.736472], [-122.906842, 44.737503], [-122.90538, 44.739187], [-122.902456, 44.739819], [-122.900612, 44.741044], [-122.899397, 44.743794], [-122.897648, 44.744958], [-122.894692, 44.743955], [-122.892398, 44.745129], [-122.891829, 44.747499], [-122.890258, 44.748623], [-122.884958, 44.750569], [-122.882731, 44.751034], [-122.877289, 44.751164], [-122.875777, 44.751025], [-122.873669, 44.751454], [-122.873334, 44.752037], [-122.873276, 44.752196], [-122.873219, 44.75506], [-122.871689, 44.757137], [-122.868847, 44.758216], [-122.864965, 44.7583], [-122.864928, 44.758479], [-122.86524, 44.760572], [-122.866284, 44.762294], [-122.866186, 44.766074], [-122.86601, 44.76638], [-122.86595, 44.77541], [-122.866385, 44.775264], [-122.86747, 44.77485], [-122.87344, 44.78352], [-122.87319, 44.78374], [-122.8748, 44.7851], [-122.87489, 44.79091], [-122.874894, 44.791902], [-122.873135, 44.792354], [-122.865803, 44.792244], [-122.860264, 44.791527], [-122.85661, 44.790809], [-122.853758, 44.789465], [-122.850467, 44.788819], [-122.848115, 44.788795], [-122.84521, 44.79002], [-122.84416, 44.79026], [-122.83599, 44.79114], [-122.8349, 44.79138], [-122.834987, 44.796606], [-122.855177, 44.796368], [-122.855141, 44.8021], [-122.851214, 44.802437], [-122.843528, 44.802487], [-122.843526, 44.80963], [-122.84634, 44.80962], [-122.84634, 44.81923], [-122.84668, 44.81941], [-122.85357, 44.81949], [-122.85351, 44.82378], [-122.85485, 44.82442], [-122.85482, 44.82735], [-122.855507, 44.828538], [-122.85551, 44.83239], [-122.85549, 44.83499], [-122.85547, 44.83787], [-122.85517, 44.83777], [-122.85489, 44.83781], [-122.854836, 44.838601], [-122.854705, 44.8406], [-122.854685, 44.840934], [-122.85462, 44.841964], [-122.854585, 44.84253], [-122.854521, 44.843612], [-122.854497, 44.844098], [-122.85443, 44.84536], [-122.854415, 44.846024], [-122.857298, 44.847577], [-122.858417, 44.848168], [-122.863706, 44.851111], [-122.866047, 44.852417], [-122.867104, 44.853002], [-122.874467, 44.857019], [-122.902558, 44.872588], [-122.909527, 44.877463], [-122.91327, 44.880222], [-122.91327, 44.880347], [-122.9201, 44.88521], [-122.92024, 44.885184], [-122.925521, 44.888969], [-122.925276, 44.888902], [-122.937396, 44.897548], [-122.940575, 44.899549], [-122.94064, 44.899499], [-122.940695, 44.899534], [-122.940631, 44.899582], [-122.940803, 44.899681], [-122.940961, 44.89977], [-122.941211, 44.899908], [-122.941362, 44.899986], [-122.941578, 44.900105], [-122.941748, 44.900197], [-122.941884, 44.900269], [-122.94206, 44.900363], [-122.942213, 44.900441], [-122.942457, 44.900569], [-122.94271, 44.900699], [-122.942959, 44.900823], [-122.943106, 44.900898], [-122.94345, 44.90106], [-122.944348, 44.901484], [-122.944982, 44.901783], [-122.946628, 44.90247], [-122.946642, 44.902476], [-122.946157, 44.902808], [-122.946183, 44.902825], [-122.94628, 44.90289], [-122.946564, 44.903099], [-122.950453, 44.905968], [-122.94521, 44.909612], [-122.945025, 44.909785], [-122.95027, 44.9137], [-122.953844, 44.913675], [-122.95228, 44.9157], [-122.952508, 44.917348], [-122.95376, 44.91856], [-122.955272, 44.920179], [-122.95617, 44.92117], [-122.9582, 44.9237], [-122.958782, 44.927973], [-122.958887, 44.927972], [-122.958894, 44.928079], [-122.959113, 44.931437], [-122.959174, 44.934484], [-122.959042, 44.934482], [-122.95908, 44.93633], [-122.959224, 44.937988], [-122.95933, 44.93961], [-122.95867, 44.94396], [-122.95856, 44.94716], [-122.95855, 44.94891], [-122.958473, 44.951546], [-122.95891, 44.95488], [-122.95979, 44.958231], [-122.960587, 44.961481], [-122.96063, 44.9618], [-122.960921, 44.9618], [-122.960884, 44.962266], [-122.96028, 44.964454], [-122.959428, 44.968136], [-122.959247, 44.968146], [-122.95872, 44.97045], [-122.95898, 44.97116], [-122.95931, 44.97181], [-122.95854, 44.97321], [-122.95799, 44.97409], [-122.95731, 44.97691], [-122.95603, 44.98234], [-122.955306, 44.985388], [-122.955122, 44.986159], [-122.954755, 44.987744], [-122.95395, 44.99096], [-122.95294, 44.99529], [-122.952903, 44.995588], [-122.95286, 44.995973], [-122.95263, 44.9971], [-122.953252, 44.997128], [-122.953253, 45.000635], [-122.953207, 45.00447], [-122.95863, 45.0045], [-122.960726, 45.0045], [-122.961284, 45.0045], [-122.96147, 45.0045], [-122.961725, 45.004499], [-122.962492, 45.004497], [-122.962748, 45.004497], [-122.962778, 45.004496], [-122.963049, 45.004495], [-122.965941, 45.004494], [-122.971784, 45.004532], [-122.97258, 45.00454], [-122.97338, 45.00454], [-122.975585, 45.004554], [-122.975764, 45.004555], [-122.9763, 45.004558], [-122.97648, 45.00456], [-122.976451, 45.004636], [-122.97644, 45.004665], [-122.975844, 45.006185], [-122.976027, 45.009028], [-122.97607, 45.00917], [-122.976643, 45.013711], [-122.976274, 45.017641], [-122.976199, 45.01841], [-122.97472, 45.01841], [-122.9747, 45.01921], [-122.97474, 45.02002], [-122.976053, 45.02002], [-122.975969, 45.02089], [-122.975247, 45.023623], [-122.97222, 45.028144], [-122.971318, 45.029411], [-122.96614, 45.03493], [-122.96346, 45.0379], [-122.963327, 45.038046], [-122.95524, 45.04689], [-122.95481, 45.04736], [-122.95419, 45.04803], [-122.952704, 45.049652], [-122.949696, 45.052828], [-122.946107, 45.056891], [-122.943976, 45.059691], [-122.937876, 45.067644], [-122.936429, 45.068945], [-122.930885, 45.073], [-122.9203, 45.07986], [-122.919813, 45.080302], [-122.916506, 45.083341], [-122.914149, 45.085492], [-122.90469, 45.09382], [-122.904047, 45.094383], [-122.903651, 45.094765], [-122.902472, 45.095713], [-122.894762, 45.101019], [-122.893398, 45.101957], [-122.89138, 45.103306], [-122.888947, 45.104959], [-122.886526, 45.106614], [-122.881984, 45.109731], [-122.877741, 45.111751], [-122.871344, 45.114392], [-122.864951, 45.117084], [-122.859712, 45.120004], [-122.858195, 45.121244], [-122.857386, 45.122134], [-122.85555, 45.12412], [-122.852346, 45.127664], [-122.852229, 45.1278], [-122.847641, 45.127862], [-122.845057, 45.127897], [-122.840224, 45.127963], [-122.837833, 45.132636], [-122.838904, 45.133447], [-122.837194, 45.136335], [-122.83758, 45.136321], [-122.835322, 45.13945], [-122.835455, 45.140405], [-122.834152, 45.141073], [-122.834031, 45.142295], [-122.830186, 45.142158], [-122.83007, 45.143468], [-122.829946, 45.145034], [-122.829269, 45.145005], [-122.829215, 45.145261], [-122.829032, 45.145519], [-122.828304, 45.145523], [-122.827689, 45.146173], [-122.828054, 45.146308], [-122.828357, 45.14642], [-122.827927, 45.146815], [-122.827701, 45.146681], [-122.827366, 45.146483], [-122.8269, 45.14693], [-122.826733, 45.147083], [-122.826879, 45.147162], [-122.827213, 45.147341], [-122.827155, 45.147449], [-122.827078, 45.147597], [-122.826949, 45.147711], [-122.82684, 45.14767], [-122.82657, 45.14758], [-122.82631, 45.14747], [-122.82504, 45.14864], [-122.82333, 45.15025], [-122.823024, 45.15121], [-122.822027, 45.15121], [-122.821782, 45.153287], [-122.821774, 45.15369], [-122.825424, 45.153935], [-122.828376, 45.154135], [-122.827106, 45.155577], [-122.82366, 45.159498], [-122.823762, 45.1595], [-122.823804, 45.1595], [-122.823936, 45.159498], [-122.82398, 45.159497], [-122.823724, 45.15977], [-122.82366, 45.159838], [-122.82339, 45.160141], [-122.823245, 45.160308], [-122.822811, 45.160809], [-122.822668, 45.160976], [-122.822585, 45.161074], [-122.822337, 45.161366], [-122.822255, 45.161465], [-122.822213, 45.161513], [-122.822192, 45.161537], [-122.822017, 45.161704], [-122.821381, 45.162432], [-122.820799, 45.163086], [-122.814253, 45.170578], [-122.813072, 45.171962], [-122.810396, 45.171982], [-122.810407, 45.172638], [-122.805246, 45.172643], [-122.80316, 45.17264], [-122.803912, 45.178113], [-122.80355, 45.17813], [-122.80255, 45.17818], [-122.8001, 45.17827], [-122.800361, 45.180714], [-122.800439, 45.181382], [-122.800499, 45.181852], [-122.797437, 45.184187], [-122.798347, 45.184777], [-122.797705, 45.185461], [-122.79877, 45.1861], [-122.800061, 45.186362], [-122.798991, 45.187526], [-122.79694, 45.189418], [-122.792314, 45.193143], [-122.784951, 45.198476], [-122.782782, 45.200565], [-122.780856, 45.202829], [-122.779342, 45.203935], [-122.779242, 45.204453], [-122.77128, 45.21086], [-122.76953, 45.21275], [-122.76738, 45.21626], [-122.765758, 45.216189], [-122.763839, 45.217725], [-122.76072, 45.220933], [-122.75854, 45.22017], [-122.757607, 45.219809], [-122.757304, 45.220135], [-122.753867, 45.220215], [-122.753999, 45.223388], [-122.75075, 45.2234], [-122.749909, 45.223384], [-122.74879, 45.22336], [-122.747151, 45.223337], [-122.746712, 45.225199], [-122.747221, 45.226271], [-122.748913, 45.227217], [-122.749779, 45.229017], [-122.751151, 45.229313], [-122.752533, 45.228835], [-122.75186, 45.23017], [-122.748109, 45.231213], [-122.747274, 45.231025], [-122.746774, 45.229255], [-122.745948, 45.229364], [-122.745243, 45.232414], [-122.745686, 45.233226], [-122.747765, 45.233478], [-122.749821, 45.231969], [-122.750085, 45.233603], [-122.750739, 45.235042], [-122.749784, 45.236119], [-122.747736, 45.235692], [-122.748194, 45.237288], [-122.749131, 45.238205], [-122.75124, 45.238406], [-122.75131, 45.239361], [-122.750248, 45.24053], [-122.751948, 45.242542], [-122.751768, 45.243167], [-122.749958, 45.243364], [-122.749828, 45.244329], [-122.751113, 45.245342], [-122.751162, 45.246144], [-122.750062, 45.247278], [-122.748613, 45.247889], [-122.747134, 45.249281], [-122.747043, 45.250177], [-122.747119, 45.250587], [-122.747273, 45.250871], [-122.747729, 45.251254], [-122.747922, 45.251495], [-122.747925, 45.251807], [-122.747717, 45.252121], [-122.747534, 45.252235], [-122.747269, 45.252311], [-122.746986, 45.252323], [-122.746553, 45.252269], [-122.746028, 45.252163], [-122.745653, 45.252059], [-122.745474, 45.251969], [-122.745328, 45.251829], [-122.745162, 45.251528], [-122.745153, 45.251078], [-122.744981, 45.250888], [-122.744633, 45.25078], [-122.74432, 45.250756], [-122.743977, 45.25078], [-122.743689, 45.250864], [-122.743436, 45.251045], [-122.743388, 45.251351], [-122.743557, 45.251712], [-122.743917, 45.252211], [-122.74431, 45.252718], [-122.744433, 45.253202], [-122.744454, 45.253444], [-122.744306, 45.253814], [-122.744189, 45.253978], [-122.743992, 45.254142], [-122.743479, 45.254379], [-122.743201, 45.254585], [-122.743073, 45.254775], [-122.743016, 45.255002], [-122.743301, 45.255976], [-122.743292, 45.256129], [-122.743208, 45.256345], [-122.742888, 45.256578], [-122.742709, 45.256638], [-122.741429, 45.256834], [-122.741295, 45.256879], [-122.74112, 45.257031], [-122.741049, 45.257216], [-122.74102, 45.257451], [-122.741086, 45.257761], [-122.74141, 45.2583], [-122.741516, 45.258664], [-122.741505, 45.258924], [-122.74144, 45.259049], [-122.741236, 45.259197], [-122.740979, 45.259258], [-122.740773, 45.259268], [-122.740001, 45.259183], [-122.739567, 45.259176], [-122.739218, 45.259232], [-122.73903, 45.259359], [-122.738988, 45.259532], [-122.73926, 45.259532], [-122.73938, 45.259895], [-122.739929, 45.260235], [-122.740562, 45.260437], [-122.741379, 45.260532], [-122.742378, 45.260101], [-122.742966, 45.25996], [-122.744217, 45.259892], [-122.744591, 45.260128], [-122.744736, 45.260578], [-122.744682, 45.261299], [-122.744972, 45.261848], [-122.746155, 45.2626], [-122.746521, 45.263359], [-122.745834, 45.263912], [-122.745064, 45.263866], [-122.744461, 45.263641], [-122.744034, 45.263699], [-122.743591, 45.264015], [-122.742897, 45.265011], [-122.742348, 45.265022], [-122.741219, 45.264584], [-122.740829, 45.263855], [-122.740715, 45.262192], [-122.74057, 45.261951], [-122.73996, 45.261658], [-122.73925, 45.261753], [-122.739014, 45.261944], [-122.739861, 45.264034], [-122.740822, 45.265465], [-122.740692, 45.26606], [-122.740158, 45.266308], [-122.739227, 45.266201], [-122.738495, 45.266243], [-122.737648, 45.266434], [-122.73719, 45.266365], [-122.736031, 45.265949], [-122.735321, 45.265873], [-122.735046, 45.266163], [-122.734917, 45.266975], [-122.735174, 45.267263], [-122.736443, 45.267986], [-122.736687, 45.268642], [-122.736366, 45.269138], [-122.736046, 45.269333], [-122.734489, 45.269661], [-122.734177, 45.270073], [-122.734879, 45.271011], [-122.736427, 45.270569], [-122.736938, 45.270664], [-122.737801, 45.271137], [-122.738075, 45.271553], [-122.738235, 45.27264], [-122.737984, 45.273335], [-122.73774, 45.27354], [-122.737045, 45.273605], [-122.735703, 45.274315], [-122.735069, 45.274529], [-122.733932, 45.27475], [-122.733513, 45.274666], [-122.732674, 45.274113], [-122.731857, 45.273174], [-122.731316, 45.273087], [-122.730942, 45.273548], [-122.730812, 45.275059], [-122.73053, 45.27552], [-122.73069, 45.276016], [-122.731171, 45.276356], [-122.733315, 45.276882], [-122.733879, 45.277321], [-122.734612, 45.276741], [-122.734444, 45.276562], [-122.73465, 45.276142], [-122.735291, 45.276302], [-122.735283, 45.276531], [-122.734131, 45.277657], [-122.733383, 45.278481], [-122.731583, 45.278732], [-122.731094, 45.278999], [-122.730911, 45.279503], [-122.730881, 45.280132], [-122.731255, 45.280772], [-122.730469, 45.281487], [-122.729874, 45.282314], [-122.729225, 45.282501], [-122.726799, 45.28252], [-122.724281, 45.282642], [-122.723442, 45.282776], [-122.721817, 45.283371], [-122.720657, 45.283672], [-122.719688, 45.283531], [-122.718735, 45.283066], [-122.717781, 45.283051], [-122.716507, 45.283936], [-122.716438, 45.284336], [-122.716713, 45.28471], [-122.718231, 45.28796], [-122.719765, 45.288387], [-122.720642, 45.287693], [-122.722092, 45.288544], [-122.723495, 45.291344], [-122.719963, 45.2943], [-122.719925, 45.29631], [-122.721336, 45.298035], [-122.720016, 45.29948], [-122.721283, 45.300709], [-122.723701, 45.301765], [-122.726768, 45.302135], [-122.731293, 45.301815], [-122.736061, 45.301125], [-122.74144, 45.300079], [-122.743954, 45.299353], [-122.743805, 45.300309], [-122.738405, 45.301362], [-122.7385, 45.302456], [-122.738135, 45.311167], [-122.731306, 45.311154], [-122.731311, 45.317491], [-122.738115, 45.317509], [-122.74099, 45.317517], [-122.741144, 45.317522], [-122.742933, 45.317529], [-122.74375, 45.317548], [-122.743762, 45.321045], [-122.743757, 45.324829], [-122.743732, 45.33197], [-122.743741, 45.332067], [-122.743765, 45.336212], [-122.743761, 45.336331], [-122.743767, 45.336359], [-122.743868, 45.346587], [-122.743866, 45.348463], [-122.743811, 45.353992], [-122.743798, 45.355871], [-122.743855, 45.359457], [-122.743856, 45.359577], [-122.743883, 45.361036], [-122.743921, 45.368298], [-122.743916, 45.369247], [-122.743923, 45.371751], [-122.743923, 45.372181], [-122.743738, 45.372233], [-122.742499, 45.372137], [-122.738114, 45.373017], [-122.73503, 45.373248], [-122.728593, 45.373111], [-122.728583, 45.373574], [-122.727388, 45.373582], [-122.72673, 45.37476], [-122.72609, 45.375087], [-122.725978, 45.375348], [-122.724054, 45.375356], [-122.723775, 45.375358], [-122.72285, 45.37623], [-122.722876, 45.377242], [-122.722902, 45.377675], [-122.722908, 45.37818], [-122.722946, 45.378212], [-122.722958, 45.378229], [-122.723175, 45.378525], [-122.723221, 45.378712], [-122.72319, 45.378902], [-122.723083, 45.379044], [-122.7229, 45.379124], [-122.722717, 45.379131], [-122.722584, 45.379123], [-122.722556, 45.37923], [-122.722362, 45.379401], [-122.722341, 45.379419], [-122.722342, 45.379434], [-122.722027, 45.380502], [-122.721915, 45.380461], [-122.721114, 45.37983], [-122.720985, 45.379845], [-122.720771, 45.379935], [-122.720768, 45.380933], [-122.72194, 45.382312], [-122.722087, 45.382342], [-122.722069, 45.382757], [-122.721687, 45.382682], [-122.721124, 45.383566], [-122.722989, 45.383575], [-122.722988, 45.38416], [-122.720736, 45.384175], [-122.720808, 45.386266], [-122.72133, 45.388388], [-122.719639, 45.392616], [-122.719348, 45.395191], [-122.722095, 45.396519], [-122.722962, 45.397076], [-122.723086, 45.398334], [-122.723085, 45.400654], [-122.723108, 45.402395], [-122.723112, 45.402769], [-122.723117, 45.404015], [-122.723487, 45.404687], [-122.723574, 45.40485], [-122.723522, 45.405035], [-122.723493, 45.405074], [-122.723217, 45.405361], [-122.723077, 45.405531], [-122.723075, 45.405608], [-122.723097, 45.405693], [-122.723128, 45.405863], [-122.723133, 45.40595], [-122.723137, 45.406026], [-122.723126, 45.406934], [-122.723105, 45.40868], [-122.722, 45.409145], [-122.721991, 45.410822], [-122.725619, 45.410632], [-122.726561, 45.410575], [-122.726632, 45.410562], [-122.728475, 45.413476], [-122.729566, 45.414574], [-122.729663, 45.414687], [-122.729802, 45.41482], [-122.72997, 45.414962], [-122.730367, 45.415275], [-122.73043, 45.415324], [-122.732707, 45.415316], [-122.735647, 45.415301], [-122.736697, 45.415302], [-122.73719, 45.415302], [-122.740091, 45.415303], [-122.742695, 45.415304], [-122.742795, 45.415304], [-122.742917, 45.415304], [-122.743818, 45.415311], [-122.743839, 45.418857], [-122.743864, 45.420855], [-122.744009, 45.420921], [-122.744006, 45.421046], [-122.743991, 45.426072], [-122.741083, 45.426063], [-122.741083, 45.426104], [-122.741086, 45.42647], [-122.741109, 45.428681], [-122.742101, 45.4289], [-122.742108, 45.429585], [-122.74211, 45.430281], [-122.741801, 45.432652], [-122.741495, 45.432871], [-122.741104, 45.433128], [-122.741101, 45.433268], [-122.743721, 45.433294], [-122.743718, 45.435079], [-122.743715, 45.436951], [-122.743713, 45.438377], [-122.743721, 45.439028], [-122.743717, 45.440563], [-122.743703, 45.442944], [-122.743691, 45.444663], [-122.743687, 45.445108], [-122.743675, 45.446638], [-122.743673, 45.446981], [-122.743673, 45.447284], [-122.743668, 45.447669], [-122.743668, 45.447693], [-122.74366, 45.451223], [-122.743653, 45.453405], [-122.743651, 45.454123], [-122.743649, 45.454892], [-122.743656, 45.456137], [-122.743659, 45.456685], [-122.743661, 45.457308], [-122.743665, 45.45815], [-122.743667, 45.458486], [-122.743675, 45.460158], [-122.743672, 45.465576], [-122.743672, 45.465652], [-122.743663, 45.467532], [-122.743654, 45.469466], [-122.743665, 45.472561], [-122.743667, 45.474255], [-122.743643, 45.474656], [-122.74363, 45.475397], [-122.743626, 45.476439], [-122.743671, 45.476442], [-122.743952, 45.476446], [-122.744074, 45.476447], [-122.7442, 45.476448], [-122.744286, 45.47645], [-122.74544, 45.477398], [-122.745442, 45.476467], [-122.745729, 45.476464], [-122.745772, 45.477121], [-122.745773, 45.477132], [-122.745782, 45.477157], [-122.745821, 45.477157], [-122.746211, 45.477162], [-122.746367, 45.477164], [-122.746601, 45.477167], [-122.746602, 45.477134], [-122.746607, 45.476906], [-122.746608, 45.476865], [-122.746609, 45.47685], [-122.746616, 45.476572], [-122.74662, 45.476461], [-122.747291, 45.476474], [-122.747258, 45.476603], [-122.747054, 45.477386], [-122.747035, 45.477509], [-122.747003, 45.477823], [-122.747006, 45.477961], [-122.747011, 45.477992], [-122.747018, 45.478034], [-122.747047, 45.478124], [-122.747344, 45.478642], [-122.747364, 45.478672], [-122.743681, 45.477961], [-122.743693, 45.480074], [-122.743699, 45.482574], [-122.743711, 45.484201], [-122.743736, 45.485895], [-122.743745, 45.487084], [-122.744809, 45.487031], [-122.748087, 45.486314], [-122.748967, 45.486103], [-122.749195, 45.486063]]]]}}], "labels": {"type": "FeatureCollection", "features": [{"type": "Feature", "properties": {"id": "1", "NAME": "1", "text-color": "#000000", "text-size": 16, "featureLabel": {"left": -123.61571508987046, "right": -123.61571508987046, "top": 45.81330672430802, "bottom": 45.81330672430802}, "text-field": "1"}, "geometry": {"type": "Point", "coordinates": [-123.61571508987046, 45.81330672430802]}}, {"type": "Feature", "properties": {"id": "2", "NAME": "2", "text-color": "#000000", "text-size": 16, "featureLabel": {"left": -119.15416027854255, "right": -119.15416027854255, "top": 43.95385530944538, "bottom": 43.95385530944538}, "text-field": "2"}, "geometry": {"type": "Point", "coordinates": [-119.15416027854255, 43.95385530944538]}}, {"type": "Feature", "properties": {"id": "3", "NAME": "3", "text-color": "#000000", "text-size": 16, "featureLabel": {"left": -121.77522272564698, "right": -121.77522272564698, "top": 45.47069232208252, "bottom": 45.47069232208252}, "text-field": "3"}, "geometry": {"type": "Point", "coordinates": [-121.77522272564698, 45.47069232208252]}}, {"type": "Feature", "properties": {"id": "4", "NAME": "4", "text-color": "#000000", "text-size": 16, "featureLabel": {"left": -123.61236399858285, "right": -123.61236399858285, "top": 43.7614436744709, "bottom": 43.7614436744709}, "text-field": "4"}, "geometry": {"type": "Point", "coordinates": [-123.61236399858285, 43.7614436744709]}}, {"type": "Feature", "properties": {"id": "5", "NAME": "5", "text-color": "#000000", "text-size": 16, "featureLabel": {"left": -122.3496646456604, "right": -122.3496646456604, "top": 44.74023543600464, "bottom": 44.74023543600464}, "text-field": "5"}, "geometry": {"type": "Point", "coordinates": [-122.3496646456604, 44.74023543600464]}}, {"type": "Feature", "properties": {"id": "6", "NAME": "6", "text-color": "#000000", "text-size": 16, "featureLabel": {"left": -123.26383604273225, "right": -123.26383604273225, "top": 45.00986126937105, "bottom": 45.00986126937105}, "text-field": "6"}, "geometry": {"type": "Point", "coordinates": [-123.26383604273225, 45.00986126937105]}}]}}