{"type":"FeatureCollection","features":[{"type":"Feature","properties":{"id":1,"NAME":"47108112001","TotalPop":702540,"PopDevPct":-0.08508083,"DemPct":0.20815043,"RepPct":0.78157857,"WhitePct":0.89426613,"MinorityPct":0.10573387,"BlackPct":0.0283761,"HispanicPct":0.03831739,"PacificPct":0.00113944,"AsianPct":0.01103997,"NativePct":0.02447755,"TotalVAP":564313,"Margin":-0.29184957,"color":"#e10000","opacity":"0.5"},"geometry":{"type":"MultiPolygon","coordinates":[[[[-82.898317,35.944967],[-82.895669,35.944628],[-82.892662,35.945003],[-82.890325,35.946614],[-82.889094,35.948246],[-82.887705,35.948714],[-82.885053,35.948804],[-82.883534,35.949519],[-82.879498,35.950247],[-82.878467,35.95012],[-82.876448,35.951484],[-82.874837,35.952031],[-82.874493,35.952768],[-82.870449,35.951701],[-82.869512,35.950504],[-82.867518,35.950441],[-82.866453,35.949527],[-82.864554,35.949055],[-82.860312,35.947452],[-82.85892,35.947906],[-82.856251,35.948032],[-82.853017,35.94882],[-82.85203,35.949329],[-82.850277,35.94853],[-82.849187,35.946928],[-82.847049,35.945915],[-82.846037,35.946169],[-82.844613,35.944312],[-82.844454,35.94196],[-82.841479,35.941901],[-82.839338,35.939464],[-82.838831,35.937447],[-82.83789,35.93703],[-82.835709,35.936952],[-82.833472,35.935598],[-82.832406,35.932813],[-82.830959,35.932589],[-82.829386,35.932924],[-82.828235,35.932541],[-82.827412,35.930942],[-82.825895,35.92967],[-82.82652,35.927739],[-82.823551,35.924859],[-82.822797,35.922862],[-82.821948,35.92183],[-82.820318,35.922031],[-82.819058,35.922916],[-82.815818,35.924025],[-82.815181,35.925484],[-82.812646,35.925483],[-82.810327,35.926985],[-82.808857,35.926849],[-82.805085,35.927137],[-82.802675,35.929571],[-82.803543,35.930993],[-82.804755,35.933986],[-82.80591,35.935688],[-82.806305,35.937377],[-82.803936,35.938772],[-82.803989,35.939947],[-82.802067,35.941328],[-82.799727,35.944661],[-82.796858,35.94639],[-82.794828,35.94673],[-82.793714,35.948261],[-82.792147,35.949583],[-82.791288,35.951034],[-82.789795,35.951778],[-82.788689,35.951481],[-82.78735,35.952496],[-82.786977,35.955924],[-82.78612,35.956834],[-82.785267,35.959331],[-82.785258,35.961953],[-82.784359,35.963452],[-82.782588,35.965148],[-82.77872,35.966399],[-82.77739,35.967738],[-82.776888,35.96965],[-82.776006,35.97135],[-82.775038,35.971971],[-82.776505,35.974058],[-82.778221,35.974664],[-82.780916,35.974126],[-82.782621,35.974858],[-82.78569,35.977841],[-82.784499,35.982374],[-82.785202,35.984228],[-82.785041,35.987096],[-82.785167,35.988685],[-82.782622,35.989815],[-82.780904,35.990898],[-82.780554,35.99179],[-82.779315,35.992205],[-82.778766,35.994716],[-82.778066,35.995862],[-82.778143,35.997083],[-82.777376,35.998638],[-82.77615,35.998678],[-82.77567,36.001068],[-82.774895,36.000795],[-82.772749,36.0006],[-82.771052,36.0015],[-82.766426,36.002669],[-82.76257,36.004844],[-82.759987,36.005073],[-82.758662,36.004111],[-82.754442,36.00439],[-82.75248,36.006219],[-82.750221,36.005981],[-82.750882,36.00869],[-82.749148,36.009726],[-82.74691,36.009552],[-82.745206,36.009783],[-82.743394,36.010828],[-82.742543,36.012361],[-82.740852,36.012005],[-82.739562,36.013165],[-82.739576,36.014709],[-82.7375,36.015331],[-82.734213,36.01531],[-82.731962,36.017515],[-82.730461,36.017598],[-82.728406,36.01833],[-82.725707,36.018089],[-82.72334,36.019194],[-82.719879,36.021575],[-82.716322,36.022509],[-82.715341,36.023554],[-82.715721,36.025625],[-82.715289,36.028537],[-82.712415,36.029071],[-82.710244,36.029885],[-82.70864,36.029721],[-82.704826,36.031743],[-82.701796,36.03265],[-82.701228,36.034359],[-82.697954,36.034409],[-82.697224,36.035783],[-82.689586,36.038157],[-82.687557,36.039723],[-82.685606,36.042114],[-82.684879,36.04485],[-82.684073,36.045795],[-82.681455,36.046311],[-82.679392,36.048251],[-82.678532,36.048603],[-82.674851,36.048833],[-82.673106,36.050097],[-82.672653,36.051344],[-82.671225,36.052009],[-82.670406,36.053009],[-82.666684,36.052926],[-82.664654,36.054129],[-82.66033,36.055991],[-82.659268,36.057117],[-82.656554,36.056381],[-82.654944,36.056281],[-82.651533,36.057368],[-82.647154,36.059883],[-82.646524,36.060768],[-82.643904,36.06263],[-82.640994,36.063662],[-82.63723,36.06582],[-82.632608,36.065911],[-82.632332,36.064307],[-82.626433,36.060744],[-82.625168,36.060386],[-82.623184,36.058749],[-82.622614,36.057705],[-82.619968,36.057333],[-82.617954,36.05591],[-82.617042,36.053768],[-82.61786,36.052037],[-82.617986,36.049087],[-82.618546,36.047147],[-82.616192,36.046845],[-82.615115,36.046313],[-82.613478,36.046594],[-82.611075,36.044986],[-82.609582,36.044895],[-82.608163,36.044013],[-82.607325,36.042569],[-82.605524,36.040723],[-82.60298,36.039677],[-82.601674,36.038225],[-82.601659,36.036054],[-82.596771,36.03677],[-82.593209,36.036207],[-82.591447,36.035568],[-82.590725,36.033305],[-82.590995,36.031574],[-82.594898,36.029643],[-82.598299,36.027445],[-82.599982,36.025598],[-82.602923,36.023371],[-82.603741,36.021514],[-82.602812,36.017931],[-82.607552,36.015951],[-82.608187,36.015055],[-82.608537,36.012742],[-82.609414,36.010867],[-82.608452,36.010645],[-82.606876,36.01043],[-82.607292,36.009907],[-82.607792,36.009709],[-82.608062,36.009384],[-82.608587,36.008286],[-82.608843,36.008035],[-82.609435,36.007775],[-82.609887,36.007392],[-82.610549,36.007268],[-82.61107,36.006702],[-82.611857,36.006293],[-82.612328,36.005324],[-82.612917,36.004765],[-82.613825,36.004917],[-82.614125,36.004354],[-82.614418,36.003033],[-82.614928,36.002046],[-82.615177,36.000826],[-82.615059,36.000103],[-82.614729,35.999073],[-82.613707,35.997183],[-82.613554,35.996727],[-82.612998,35.995631],[-82.612871,35.99507],[-82.612897,35.993606],[-82.612627,35.993458],[-82.611471,35.993203],[-82.609645,35.992917],[-82.60853,35.992637],[-82.607128,35.99236],[-82.606694,35.991875],[-82.606517,35.991326],[-82.605808,35.990168],[-82.605536,35.989514],[-82.604631,35.988034],[-82.604413,35.987463],[-82.604667,35.986672],[-82.605083,35.986127],[-82.605961,35.985474],[-82.60639,35.98501],[-82.607002,35.983959],[-82.607836,35.981348],[-82.607994,35.980124],[-82.608301,35.979279],[-82.60902,35.978514],[-82.609256,35.97803],[-82.609286,35.977186],[-82.609412,35.976769],[-82.610447,35.97527],[-82.610939,35.97438],[-82.611325,35.973098],[-82.611261,35.972507],[-82.611522,35.971245],[-82.611457,35.970006],[-82.610779,35.968252],[-82.610703,35.967203],[-82.610117,35.966995],[-82.609145,35.966947],[-82.608667,35.96683],[-82.608038,35.96602],[-82.607518,35.965948],[-82.606513,35.966394],[-82.605846,35.966511],[-82.604831,35.966514],[-82.603593,35.966123],[-82.601989,35.965239],[-82.600709,35.964705],[-82.600106,35.964594],[-82.599254,35.96476],[-82.598237,35.96507],[-82.596696,35.965094],[-82.595344,35.965393],[-82.594306,35.965757],[-82.592376,35.966262],[-82.59182,35.966291],[-82.590042,35.965954],[-82.589509,35.965727],[-82.588642,35.965561],[-82.587134,35.965621],[-82.586162,35.965591],[-82.583834,35.965268],[-82.58241,35.965229],[-82.581549,35.965302],[-82.580462,35.965248],[-82.579068,35.964685],[-82.577958,35.964448],[-82.577798,35.964334],[-82.577327,35.963479],[-82.577096,35.962602],[-82.576817,35.960965],[-82.576813,35.959908],[-82.576685,35.959286],[-82.576384,35.958843],[-82.57549,35.958505],[-82.573009,35.957917],[-82.571774,35.957887],[-82.570218,35.957568],[-82.569554,35.957231],[-82.569067,35.956837],[-82.568201,35.955833],[-82.567524,35.955557],[-82.565519,35.955199],[-82.565059,35.955281],[-82.564481,35.955609],[-82.563641,35.955573],[-82.562073,35.954894],[-82.561274,35.9548],[-82.560478,35.954835],[-82.560349,35.954796],[-82.56021,35.954753],[-82.558587,35.95389],[-82.556493,35.955703],[-82.554771,35.958127],[-82.553686,35.959042],[-82.552871,35.960517],[-82.550333,35.962446],[-82.549975,35.96384],[-82.544716,35.965433],[-82.543113,35.967361],[-82.539726,35.969085],[-82.536728,35.969329],[-82.534047,35.97029],[-82.530963,35.972136],[-82.527063,35.972254],[-82.525105,35.971046],[-82.522904,35.971976],[-82.522121,35.974012],[-82.517233,35.975769],[-82.515717,35.9759],[-82.513187,35.9753],[-82.512636,35.975614],[-82.51178,35.97649],[-82.511682,35.976532],[-82.511624,35.976566],[-82.509268,35.977467],[-82.505184,35.977547],[-82.504018,35.979149],[-82.503809,35.981185],[-82.503235,35.982202],[-82.500795,35.982103],[-82.497846,35.984354],[-82.496367,35.985047],[-82.492369,35.988208],[-82.49103,35.989048],[-82.490221,35.989714],[-82.489268,35.990663],[-82.488652,35.991042],[-82.486626,35.991915],[-82.48417,35.993301],[-82.483782,35.993865],[-82.483809,35.994943],[-82.483703,35.99555],[-82.48319,35.996432],[-82.482284,35.997396],[-82.481591,35.998029],[-82.480922,35.998375],[-82.48014,35.998582],[-82.479298,35.998616],[-82.476929,35.998335],[-82.476026,35.998183],[-82.475748,35.998403],[-82.474575,35.999683],[-82.47408,36.000091],[-82.472861,36.000912],[-82.471915,36.001429],[-82.470793,36.0026],[-82.470245,36.002979],[-82.469448,36.003276],[-82.468568,36.003491],[-82.467703,36.004365],[-82.466824,36.004986],[-82.463951,36.006536],[-82.462595,36.007151],[-82.460975,36.007697],[-82.460583,36.007724],[-82.459161,36.009832],[-82.458048,36.011555],[-82.452641,36.019464],[-82.45024,36.02307],[-82.447635,36.02702],[-82.443415,36.033218],[-82.440984,36.036789],[-82.439803,36.038553],[-82.436759,36.043133],[-82.432737,36.049061],[-82.422234,36.064632],[-82.416999,36.072446],[-82.416911,36.072577],[-82.416738,36.072827],[-82.416601,36.073029],[-82.410197,36.082552],[-82.406785,36.084815],[-82.40566,36.086447],[-82.403345,36.088057],[-82.40239,36.089238],[-82.400074,36.090089],[-82.398118,36.09032],[-82.397372,36.091726],[-82.395299,36.093105],[-82.394332,36.093247],[-82.391277,36.09523],[-82.389218,36.097097],[-82.38422,36.098777],[-82.383109,36.09937],[-82.380475,36.099347],[-82.379791,36.100094],[-82.378726,36.103253],[-82.376559,36.104335],[-82.375955,36.105323],[-82.374014,36.106194],[-82.372103,36.106091],[-82.369031,36.107335],[-82.366729,36.10765],[-82.366535,36.107734],[-82.366291,36.107811],[-82.365949,36.107921],[-82.365757,36.107962],[-82.365543,36.107965],[-82.365485,36.107953],[-82.365405,36.107913],[-82.365364,36.107887],[-82.365337,36.107845],[-82.365155,36.10771],[-82.364836,36.107429],[-82.363563,36.109395],[-82.362007,36.10969],[-82.361013,36.110632],[-82.360209,36.111662],[-82.356411,36.114067],[-82.355684,36.115139],[-82.353626,36.115745],[-82.352761,36.116452],[-82.350203,36.117036],[-82.34837,36.115489],[-82.346875,36.115119],[-82.343779,36.115533],[-82.338679,36.114775],[-82.336487,36.114623],[-82.333456,36.116077],[-82.33154,36.117502],[-82.329291,36.117447],[-82.327533,36.117925],[-82.32577,36.119005],[-82.323392,36.120181],[-82.320684,36.119677],[-82.316208,36.121934],[-82.314482,36.123896],[-82.309574,36.126091],[-82.308259,36.126959],[-82.307304,36.128404],[-82.302481,36.131465],[-82.298179,36.13302],[-82.296614,36.133778],[-82.294609,36.133932],[-82.291222,36.135255],[-82.288572,36.135727],[-82.287083,36.134705],[-82.2835,36.13166],[-82.281637,36.130605],[-82.280635,36.129478],[-82.278793,36.128681],[-82.273448,36.129317],[-82.271572,36.128657],[-82.269737,36.127415],[-82.267847,36.127513],[-82.266161,36.126957],[-82.263925,36.127297],[-82.263267,36.129891],[-82.261192,36.131802],[-82.260304,36.133533],[-82.256435,36.134977],[-82.254328,36.136058],[-82.251268,36.132155],[-82.249365,36.132444],[-82.245388,36.131199],[-82.243472,36.133008],[-82.243358,36.134382],[-82.242701,36.134915],[-82.241992,36.137031],[-82.24061,36.137257],[-82.235646,36.14076],[-82.235328,36.14175],[-82.233542,36.142208],[-82.23318,36.143079],[-82.231292,36.144351],[-82.229537,36.144588],[-82.228102,36.147259],[-82.2263,36.148342],[-82.224106,36.151261],[-82.22339,36.153806],[-82.222218,36.155213],[-82.222064,36.15696],[-82.219982,36.156714],[-82.217977,36.157198],[-82.215782,36.158474],[-82.213898,36.159041],[-82.211892,36.158997],[-82.209696,36.15825],[-82.207988,36.157229],[-82.204581,36.157355],[-82.201733,36.156384],[-82.200554,36.155049],[-82.199442,36.152735],[-82.196684,36.15156],[-82.195667,36.150191],[-82.192557,36.148994],[-82.191012,36.149912],[-82.187956,36.151028],[-82.186237,36.147533],[-82.184988,36.145286],[-82.183518,36.143829],[-82.181566,36.143791],[-82.179066,36.143291],[-82.177217,36.142373],[-82.17513,36.14384],[-82.174452,36.145242],[-82.172934,36.1465],[-82.16834,36.146664],[-82.166206,36.144983],[-82.164702,36.145939],[-82.161015,36.146839],[-82.159283,36.145893],[-82.157255,36.147531],[-82.155744,36.148273],[-82.153121,36.14819],[-82.14852,36.1497],[-82.147959,36.147645],[-82.146408,36.145815],[-82.144362,36.143951],[-82.144675,36.142588],[-82.144452,36.140406],[-82.141268,36.138971],[-82.14101,36.136667],[-82.138305,36.130985],[-82.136987,36.129039],[-82.136826,36.123057],[-82.137856,36.11951],[-82.135995,36.116534],[-82.134918,36.114265],[-82.132602,36.11115],[-82.130943,36.107369],[-82.13062,36.104959],[-82.128399,36.104013],[-82.126965,36.10441],[-82.124321,36.104309],[-82.119633,36.104707],[-82.116352,36.104301],[-82.112473,36.105585],[-82.110468,36.106704],[-82.108516,36.107497],[-82.105418,36.107837],[-82.103013,36.106535],[-82.10031,36.105671],[-82.097628,36.105658],[-82.094246,36.10605],[-82.088035,36.106165],[-82.086532,36.106002],[-82.081079,36.10317],[-82.080688,36.105601],[-82.080028,36.106433],[-82.075196,36.108308],[-82.071675,36.109141],[-82.069591,36.110808],[-82.066977,36.112252],[-82.062051,36.112923],[-82.061163,36.114002],[-82.059907,36.116758],[-82.057222,36.119811],[-82.056577,36.120949],[-82.056714,36.123224],[-82.056113,36.124956],[-82.054012,36.126674],[-82.051559,36.125938],[-82.044755,36.125556],[-82.041564,36.123996],[-82.039135,36.121684],[-82.037315,36.121022],[-82.033839,36.120475],[-82.030067,36.123393],[-82.028745,36.125129],[-82.026995,36.128446],[-82.026901,36.130154],[-82.016903,36.144661],[-82.002953,36.164766],[-81.999308,36.170162],[-81.992525,36.180047],[-81.989599,36.184387],[-81.986255,36.189313],[-81.976863,36.20325],[-81.975957,36.204591],[-81.970704,36.21231],[-81.965997,36.219283],[-81.962216,36.224949],[-81.957947,36.230861],[-81.956368,36.233033],[-81.949159,36.242886],[-81.941035,36.253386],[-81.939008,36.256033],[-81.933065,36.264873],[-81.920779,36.283175],[-81.908167,36.301966],[-81.906765,36.302246],[-81.90642,36.303047],[-81.903819,36.303853],[-81.902783,36.305166],[-81.900384,36.306004],[-81.89967,36.306736],[-81.896823,36.307456],[-81.895046,36.307149],[-81.891902,36.308361],[-81.88746,36.309164],[-81.885729,36.310216],[-81.884203,36.312015],[-81.882065,36.313079],[-81.879676,36.313707],[-81.878307,36.314944],[-81.876855,36.315641],[-81.875272,36.318263],[-81.870569,36.322733],[-81.868693,36.324112],[-81.866549,36.326346],[-81.865509,36.329193],[-81.862982,36.330212],[-81.862575,36.33042],[-81.860808,36.332119],[-81.859044,36.332909],[-81.854888,36.337209],[-81.853553,36.336437],[-81.851911,36.337012],[-81.851268,36.337774],[-81.849147,36.338975],[-81.848159,36.338909],[-81.846796,36.339994],[-81.844955,36.340838],[-81.841191,36.343353],[-81.834854,36.346055],[-81.833311,36.347181],[-81.831481,36.347262],[-81.825923,36.348903],[-81.824232,36.348617],[-81.820489,36.349254],[-81.818439,36.35046],[-81.814621,36.351352],[-81.811891,36.35151],[-81.809779,36.352221],[-81.808812,36.353677],[-81.804295,36.355549],[-81.803171,36.35543],[-81.801657,36.356558],[-81.800823,36.358051],[-81.797474,36.358465],[-81.796327,36.359575],[-81.795096,36.361797],[-81.793085,36.362408],[-81.793654,36.361024],[-81.793588,36.358958],[-81.791793,36.356061],[-81.790938,36.355886],[-81.790644,36.353827],[-81.791019,36.352026],[-81.790137,36.348848],[-81.789545,36.348214],[-81.788171,36.348253],[-81.78596,36.347476],[-81.783403,36.347753],[-81.782567,36.347524],[-81.780275,36.347881],[-81.778975,36.348574],[-81.776236,36.346553],[-81.774468,36.344153],[-81.773259,36.343352],[-81.771672,36.343511],[-81.770467,36.34255],[-81.769313,36.342503],[-81.768927,36.340975],[-81.765596,36.339302],[-81.764954,36.338722],[-81.763164,36.339754],[-81.761132,36.340254],[-81.757713,36.339666],[-81.755576,36.338331],[-81.75447,36.336999],[-81.752117,36.337085],[-81.750454,36.337812],[-81.74785,36.337392],[-81.744275,36.337854],[-81.740372,36.339482],[-81.73937,36.339923],[-81.738302,36.34126],[-81.736205,36.342905],[-81.731205,36.341342],[-81.727974,36.341431],[-81.724985,36.340177],[-81.723363,36.338911],[-81.720723,36.338455],[-81.71861,36.336154],[-81.713609,36.336087],[-81.709792,36.335272],[-81.707475,36.335225],[-81.707166,36.336854],[-81.705878,36.338901],[-81.705313,36.341773],[-81.706368,36.344048],[-81.708035,36.346203],[-81.708105,36.346251],[-81.708242,36.346333],[-81.70846,36.346425],[-81.708837,36.346478],[-81.709215,36.346531],[-81.709567,36.346556],[-81.709918,36.346581],[-81.710015,36.346588],[-81.712399,36.346716],[-81.712617,36.34672],[-81.715096,36.346984],[-81.717754,36.34804],[-81.719081,36.349005],[-81.722133,36.352086],[-81.723018,36.354493],[-81.723767,36.355428],[-81.724373,36.357695],[-81.722508,36.358783],[-81.722883,36.361237],[-81.724021,36.362994],[-81.725141,36.363602],[-81.727116,36.365586],[-81.726773,36.366504],[-81.726066,36.368785],[-81.727179,36.370174],[-81.728998,36.371416],[-81.729203,36.373663],[-81.730827,36.37368],[-81.731953,36.376706],[-81.733042,36.378568],[-81.734681,36.379848],[-81.733438,36.382283],[-81.730972,36.382938],[-81.729539,36.385357],[-81.730594,36.387406],[-81.73014,36.389648],[-81.72889,36.390825],[-81.729659,36.39305],[-81.731958,36.394929],[-81.73452,36.394329],[-81.738477,36.394827],[-81.739368,36.395591],[-81.738955,36.398619],[-81.738256,36.400576],[-81.738474,36.401297],[-81.741031,36.402102],[-81.741447,36.403641],[-81.740415,36.405081],[-81.740885,36.406966],[-81.740022,36.408302],[-81.741928,36.411148],[-81.741596,36.412587],[-81.73766,36.413518],[-81.735905,36.412364],[-81.734457,36.412557],[-81.734335,36.413557],[-81.733337,36.414833],[-81.731636,36.414817],[-81.729719,36.415653],[-81.729177,36.417373],[-81.727796,36.417951],[-81.727152,36.419869],[-81.726002,36.419743],[-81.724303,36.420353],[-81.723549,36.422337],[-81.722495,36.421958],[-81.720876,36.42247],[-81.720153,36.42393],[-81.71928,36.425378],[-81.718003,36.428829],[-81.718099,36.430571],[-81.721317,36.4339],[-81.719937,36.434758],[-81.718216,36.435044],[-81.715204,36.436704],[-81.714796,36.437414],[-81.715708,36.438463],[-81.714519,36.440985],[-81.714839,36.441964],[-81.717329,36.443787],[-81.717751,36.44515],[-81.715983,36.4457],[-81.713787,36.447173],[-81.714362,36.450843],[-81.715392,36.451257],[-81.715062,36.453358],[-81.71515,36.45474],[-81.716688,36.45614],[-81.71543,36.457636],[-81.712308,36.458807],[-81.711321,36.458752],[-81.709464,36.459588],[-81.708377,36.462088],[-81.705465,36.462716],[-81.701267,36.464161],[-81.699001,36.464068],[-81.69688,36.46603],[-81.695177,36.467625],[-81.696131,36.46936],[-81.694608,36.473372],[-81.69486,36.474487],[-81.69635,36.475537],[-81.696521,36.478345],[-81.695922,36.48029],[-81.697352,36.483516],[-81.697308,36.484886],[-81.697725,36.486473],[-81.697783,36.489503],[-81.695949,36.491619],[-81.696137,36.492034],[-81.697095,36.494088],[-81.697229,36.496039],[-81.69831,36.497204],[-81.700111,36.498203],[-81.700206,36.499682],[-81.699394,36.500936],[-81.699271,36.501138],[-81.699511,36.501599],[-81.698795,36.501856],[-81.698486,36.501849],[-81.697591,36.502136],[-81.697679,36.502673],[-81.698112,36.502992],[-81.697784,36.503219],[-81.697939,36.503777],[-81.697742,36.503977],[-81.696992,36.504788],[-81.697132,36.506035],[-81.698405,36.506524],[-81.698077,36.50721],[-81.698336,36.509681],[-81.69927,36.511129],[-81.699496,36.512481],[-81.70034,36.513448],[-81.700224,36.514641],[-81.701546,36.516454],[-81.701539,36.518043],[-81.70297,36.521141],[-81.708097,36.524148],[-81.70731,36.52823],[-81.708442,36.532203],[-81.707878,36.536006],[-81.705046,36.536481],[-81.701027,36.536452],[-81.699795,36.536727],[-81.699999,36.539711],[-81.699026,36.541865],[-81.69731,36.544701],[-81.696233,36.545615],[-81.694233,36.547596],[-81.694242,36.547768],[-81.69422,36.547909],[-81.69415,36.548024],[-81.694066,36.548112],[-81.693925,36.548165],[-81.693868,36.548213],[-81.69383,36.548306],[-81.694069,36.549197],[-81.693429,36.550867],[-81.690207,36.551878],[-81.690998,36.554395],[-81.690937,36.555995],[-81.690303,36.557396],[-81.690535,36.558572],[-81.689548,36.561441],[-81.691183,36.563622],[-81.691067,36.56488],[-81.691878,36.565941],[-81.691416,36.567551],[-81.690128,36.568722],[-81.686258,36.56798],[-81.684371,36.568486],[-81.680072,36.568672],[-81.677306,36.570496],[-81.677013,36.572365],[-81.677613,36.573233],[-81.677306,36.574349],[-81.678771,36.5773],[-81.679186,36.578773],[-81.677109,36.58091],[-81.678386,36.582102],[-81.680011,36.585818],[-81.67749,36.588137],[-81.672442,36.592018],[-81.6469,36.611918],[-81.688189,36.612164],[-81.692986,36.612091],[-81.703916,36.612254],[-81.715644,36.612317],[-81.736895,36.612379],[-81.754568,36.612687],[-81.770529,36.612922],[-81.803951,36.613669],[-81.80441,36.613681],[-81.826742,36.614215],[-81.826642,36.614415],[-81.844842,36.614715],[-81.844842,36.614815],[-81.864969,36.615116],[-81.874843,36.615264],[-81.891389,36.615609],[-81.91004,36.615971],[-81.913205,36.616047],[-81.920098,36.616168],[-81.922644,36.616213],[-81.925754,36.610265],[-81.926371,36.609084],[-81.929496,36.603108],[-81.93072,36.60079],[-81.934144,36.594213],[-81.962465,36.594321],[-81.964934,36.594328],[-81.968287,36.594338],[-81.96996,36.594343],[-81.978658,36.594381],[-81.983791,36.594399],[-81.999018,36.594459],[-82.005657,36.594416],[-82.014228,36.594491],[-82.015642,36.594461],[-82.016321,36.59418],[-82.019365,36.594456],[-82.029095,36.594443],[-82.032058,36.594432],[-82.040257,36.594413],[-82.046794,36.594403],[-82.053649,36.594435],[-82.06454,36.594589],[-82.083407,36.594678],[-82.087375,36.594685],[-82.097648,36.594739],[-82.102171,36.594762],[-82.107743,36.594711],[-82.110791,36.594647],[-82.11238,36.594621],[-82.112767,36.594615],[-82.113398,36.594605],[-82.117837,36.594563],[-82.12458,36.594513],[-82.125665,36.594682],[-82.127731,36.594775],[-82.130707,36.594782],[-82.132726,36.594762],[-82.138535,36.594744],[-82.139917,36.594742],[-82.143045,36.594733],[-82.14985,36.594746],[-82.151211,36.59469],[-82.153634,36.594742],[-82.157427,36.594681],[-82.15845,36.594662],[-82.159462,36.594647],[-82.159667,36.594643],[-82.160237,36.594633],[-82.160282,36.594632],[-82.160488,36.594629],[-82.160653,36.594626],[-82.161148,36.594619],[-82.161314,36.594618],[-82.162116,36.594608],[-82.167133,36.594585],[-82.169912,36.594596],[-82.171213,36.594601],[-82.173854,36.594612],[-82.177404,36.594828],[-82.17915,36.594879],[-82.180083,36.594905],[-82.18082,36.594927],[-82.180957,36.594932],[-82.181875,36.594968],[-82.182284,36.594978],[-82.183348,36.595005],[-82.185139,36.595062],[-82.186424,36.595089],[-82.1877,36.595109],[-82.188674,36.595143],[-82.188819,36.595147],[-82.18974,36.595173],[-82.19158,36.595221],[-82.194676,36.595311],[-82.197118,36.595378],[-82.198115,36.595402],[-82.199124,36.595431],[-82.199715,36.595452],[-82.200745,36.59548],[-82.201814,36.595508],[-82.206723,36.595634],[-82.20785,36.595663],[-82.208996,36.595695],[-82.210431,36.595762],[-82.210716,36.595776],[-82.214276,36.595846],[-82.217537,36.595828],[-82.218359,36.595828],[-82.221797,36.595809],[-82.22405,36.595727],[-82.225875,36.595744],[-82.229342,36.595682],[-82.229767,36.595681],[-82.234437,36.595673],[-82.235065,36.595671],[-82.242063,36.595659],[-82.243382,36.595651],[-82.24409,36.595646],[-82.253669,36.595575],[-82.262139,36.595645],[-82.26582,36.59564],[-82.272647,36.595648],[-82.286003,36.595687],[-82.292807,36.595697],[-82.293814,36.595699],[-82.309721,36.595611],[-82.311111,36.595609],[-82.326477,36.595475],[-82.35625,36.595171],[-82.368468,36.595015],[-82.386909,36.595016],[-82.40038,36.595003],[-82.406018,36.595012],[-82.416443,36.595015],[-82.421989,36.595011],[-82.44187,36.594892],[-82.442856,36.594878],[-82.450763,36.594764],[-82.457822,36.594635],[-82.46564,36.594482],[-82.471864,36.594841],[-82.478673,36.595588],[-82.486994,36.595822],[-82.489568,36.595701],[-82.491658,36.595631],[-82.493818,36.595585],[-82.502429,36.595459],[-82.517271,36.595391],[-82.520722,36.595316],[-82.53483,36.595165],[-82.545583,36.594999],[-82.549173,36.594948],[-82.554001,36.594779],[-82.560432,36.594791],[-82.561265,36.594657],[-82.562182,36.594798],[-82.56428,36.594755],[-82.56769,36.594688],[-82.571746,36.5946],[-82.572134,36.594599],[-82.57386,36.594571],[-82.578147,36.5945],[-82.585952,36.594376],[-82.587832,36.594375],[-82.593406,36.594267],[-82.60906,36.594099],[-82.609176,36.594099],[-82.609476,36.59401],[-82.609489,36.594011],[-82.609507,36.594013],[-82.609543,36.594017],[-82.609599,36.594023],[-82.618636,36.59398],[-82.622603,36.593797],[-82.630501,36.593798],[-82.6327,36.593799],[-82.650857,36.593799],[-82.66206,36.593758],[-82.663491,36.593644],[-82.671021,36.593718],[-82.688143,36.593731],[-82.699545,36.593697],[-82.739682,36.593598],[-82.764519,36.593748],[-82.7796,36.593743],[-82.780539,36.593739],[-82.784857,36.593751],[-82.796805,36.593746],[-82.810051,36.593714],[-82.811862,36.593704],[-82.830433,36.593761],[-82.85227,36.593698],[-82.852315,36.593698],[-82.874899,36.593497],[-82.888924,36.593468],[-82.889199,36.593469],[-82.890113,36.593475],[-82.909617,36.59361],[-82.91369,36.59363],[-82.929602,36.593679],[-82.92977,36.59367],[-82.961741,36.593778],[-82.98499,36.593729],[-82.991959,36.593715],[-82.992282,36.593715],[-83.005327,36.593851],[-83.013169,36.593868],[-83.066846,36.593971],[-83.070916,36.59398],[-83.075828,36.593988],[-83.101524,36.594039],[-83.124893,36.594089],[-83.13949,36.594032],[-83.144667,36.594012],[-83.174533,36.593895],[-83.211582,36.593912],[-83.21481,36.593915],[-83.22299,36.59392],[-83.225444,36.593918],[-83.241366,36.593926],[-83.248933,36.593827],[-83.252629,36.593925],[-83.261099,36.593887],[-83.2763,36.598187],[-83.282305,36.598141],[-83.307953,36.597955],[-83.311186,36.597931],[-83.324965,36.59783],[-83.346457,36.597644],[-83.346786,36.597641],[-83.346916,36.59764],[-83.356528,36.597553],[-83.37565,36.597386],[-83.383873,36.597386],[-83.405614,36.597385],[-83.426611,36.597364],[-83.455508,36.597313],[-83.472108,36.597284],[-83.465866,36.593473],[-83.464243,36.592482],[-83.459679,36.589695],[-83.456761,36.587912],[-83.444106,36.580185],[-83.432782,36.573194],[-83.429184,36.569358],[-83.427833,36.567886],[-83.414868,36.553994],[-83.410972,36.549573],[-83.410409,36.548926],[-83.409828,36.548259],[-83.398403,36.535002],[-83.392631,36.522843],[-83.39219,36.521908],[-83.388473,36.513977],[-83.388418,36.513859],[-83.386158,36.509033],[-83.38598,36.508652],[-83.383702,36.500085],[-83.381511,36.494088],[-83.380823,36.493279],[-83.379196,36.490022],[-83.378406,36.487685],[-83.378042,36.487039],[-83.377228,36.484329],[-83.37598,36.481912],[-83.374901,36.476255],[-83.373272,36.47102],[-83.370312,36.46197],[-83.369401,36.459186],[-83.369831,36.450758],[-83.369901,36.449375],[-83.370078,36.446326],[-83.371586,36.433905],[-83.373012,36.431025],[-83.373094,36.43086],[-83.374104,36.43129],[-83.375544,36.431443],[-83.376038,36.431185],[-83.377027,36.430722],[-83.377692,36.430067],[-83.37775,36.427913],[-83.37742,36.424521],[-83.377518,36.42354],[-83.377917,36.422008],[-83.378819,36.420978],[-83.380108,36.420415],[-83.386123,36.420089],[-83.387284,36.419724],[-83.387607,36.419403],[-83.387813,36.418695],[-83.387389,36.417686],[-83.38659,36.416714],[-83.386085,36.415976],[-83.385742,36.414832],[-83.38586,36.414089],[-83.386059,36.413734],[-83.3868,36.413186],[-83.387368,36.412656],[-83.390239,36.411693],[-83.390042,36.410823],[-83.389443,36.408162],[-83.387283,36.409073],[-83.385991,36.409006],[-83.383367,36.409647],[-83.381784,36.408904],[-83.380076,36.4113],[-83.378243,36.411468],[-83.3727,36.413287],[-83.372,36.412987],[-83.367099,36.414887],[-83.365099,36.415087],[-83.362199,36.416587],[-83.359899,36.417387],[-83.358699,36.417087],[-83.355799,36.418587],[-83.354999,36.419387],[-83.353099,36.419087],[-83.352099,36.419787],[-83.348522,36.416115],[-83.340998,36.408388],[-83.339198,36.408488],[-83.336756,36.409849],[-83.334998,36.407587],[-83.332698,36.408287],[-83.331698,36.407886],[-83.329498,36.408086],[-83.328197,36.409685],[-83.325157,36.407941],[-83.323014,36.404263],[-83.321132,36.404954],[-83.318526,36.405327],[-83.317781,36.403833],[-83.317531,36.403327],[-83.315379,36.398956],[-83.3153,36.398794],[-83.308597,36.399589],[-83.308297,36.399189],[-83.308597,36.396789],[-83.307497,36.392789],[-83.304197,36.388189],[-83.300497,36.389289],[-83.298996,36.390289],[-83.298096,36.390189],[-83.296496,36.391089],[-83.293896,36.391889],[-83.292996,36.392489],[-83.286596,36.393989],[-83.284796,36.393989],[-83.280595,36.394689],[-83.277596,36.390489],[-83.277596,36.388389],[-83.275996,36.386389],[-83.274396,36.386089],[-83.273895,36.384689],[-83.279096,36.383089],[-83.282496,36.382389],[-83.285496,36.380489],[-83.288896,36.378889],[-83.287436,36.375283],[-83.28578,36.373685],[-83.283095,36.37149],[-83.273295,36.37019],[-83.272281,36.365617],[-83.271217,36.363001],[-83.267895,36.354815],[-83.267194,36.35309],[-83.264894,36.35119],[-83.264799,36.349772],[-83.264612,36.346975],[-83.264499,36.345249],[-83.264498,36.344993],[-83.264506,36.344752],[-83.265128,36.336936],[-83.265379,36.33484],[-83.26558,36.333347],[-83.265635,36.327837],[-83.269066,36.325646],[-83.273694,36.322691],[-83.27369,36.319086],[-83.273318,36.318522],[-83.272144,36.316677],[-83.271731,36.316099],[-83.269889,36.313826],[-83.269773,36.313666],[-83.269427,36.313187],[-83.269312,36.313028],[-83.26576,36.308113],[-83.265662,36.307978],[-83.265371,36.307574],[-83.265274,36.30744],[-83.263642,36.305101],[-83.263132,36.304125],[-83.262717,36.30333],[-83.260178,36.298472],[-83.259147,36.296498],[-83.258609,36.295468],[-83.255885,36.290252],[-83.255292,36.289092],[-83.259989,36.288989],[-83.263286,36.288487],[-83.265983,36.286687],[-83.267281,36.285087],[-83.26718,36.283789],[-83.26628,36.28259],[-83.265476,36.276995],[-83.266274,36.274996],[-83.267073,36.274296],[-83.269371,36.273895],[-83.27237,36.273993],[-83.273369,36.274392],[-83.276568,36.276688],[-83.278566,36.276088],[-83.278964,36.27309],[-83.278662,36.268995],[-83.27816,36.265596],[-83.27826,36.264497],[-83.279358,36.263197],[-83.282055,36.262097],[-83.284111,36.261996],[-83.285554,36.261995],[-83.287892,36.262293],[-83.288456,36.262293],[-83.290157,36.262692],[-83.291459,36.263792],[-83.29196,36.265093],[-83.29216,36.266192],[-83.292161,36.266692],[-83.291461,36.268494],[-83.291262,36.269494],[-83.290862,36.270595],[-83.290663,36.271996],[-83.291165,36.274697],[-83.291566,36.275798],[-83.292067,36.276498],[-83.292968,36.277398],[-83.293969,36.277798],[-83.29447,36.278097],[-83.29557,36.277897],[-83.296771,36.277396],[-83.298271,36.276394],[-83.298971,36.276094],[-83.299871,36.275193],[-83.300671,36.274092],[-83.301471,36.273291],[-83.302171,36.27219],[-83.30237,36.271589],[-83.30297,36.270188],[-83.30397,36.268887],[-83.30507,36.268186],[-83.30567,36.268085],[-83.306571,36.268085],[-83.307571,36.268284],[-83.308072,36.268484],[-83.308873,36.269184],[-83.309273,36.269284],[-83.310274,36.270084],[-83.310374,36.270284],[-83.309974,36.271184],[-83.310175,36.272385],[-83.310476,36.273385],[-83.310776,36.273885],[-83.311177,36.274886],[-83.311878,36.276086],[-83.312279,36.276486],[-83.31358,36.276485],[-83.31398,36.276385],[-83.315181,36.276784],[-83.316182,36.277684],[-83.316682,36.278384],[-83.317483,36.278784],[-83.317784,36.279584],[-83.318084,36.279884],[-83.319187,36.281685],[-83.319988,36.283685],[-83.319989,36.284586],[-83.319689,36.285287],[-83.319089,36.285987],[-83.31819,36.287289],[-83.31799,36.287789],[-83.318391,36.290289],[-83.318592,36.290889],[-83.319493,36.29229],[-83.320624,36.293319],[-83.321695,36.29459],[-83.322295,36.29499],[-83.323895,36.29569],[-83.325595,36.29629],[-83.327095,36.29669],[-83.328295,36.29669],[-83.328977,36.296149],[-83.330195,36.29569],[-83.331195,36.29469],[-83.331795,36.29389],[-83.332495,36.29249],[-83.332795,36.29079],[-83.332795,36.28889],[-83.332995,36.28709],[-83.332995,36.28649],[-83.333395,36.28479],[-83.333495,36.28409],[-83.333795,36.28359],[-83.334695,36.28279],[-83.336895,36.28209],[-83.338295,36.28139],[-83.339595,36.28049],[-83.340195,36.27989],[-83.340995,36.27949],[-83.342895,36.27919],[-83.344195,36.27919],[-83.344795,36.27939],[-83.346296,36.28009],[-83.347196,36.28059],[-83.348896,36.28119],[-83.349596,36.28129],[-83.352096,36.28189],[-83.352496,36.28209],[-83.353796,36.28239],[-83.355196,36.28259],[-83.356796,36.28249],[-83.358296,36.28219],[-83.359796,36.28149],[-83.360896,36.28059],[-83.361696,36.28009],[-83.362996,36.27899],[-83.363496,36.27819],[-83.364396,36.27599],[-83.364196,36.27449],[-83.363796,36.27329],[-83.363396,36.27259],[-83.362296,36.27169],[-83.361896,36.27039],[-83.361796,36.26899],[-83.362196,36.26769],[-83.364996,36.26609],[-83.365596,36.26579],[-83.366296,36.26579],[-83.367196,36.26559],[-83.369396,36.26539],[-83.370596,36.26539],[-83.371896,36.26559],[-83.373196,36.26559],[-83.373596,36.26569],[-83.374896,36.26569],[-83.375596,36.26569],[-83.377496,36.26529],[-83.379096,36.26529],[-83.381502,36.265431],[-83.382697,36.26549],[-83.384197,36.265689],[-83.384751,36.265588],[-83.385997,36.265389],[-83.386797,36.265089],[-83.387697,36.264589],[-83.389831,36.262743],[-83.392597,36.259789],[-83.393097,36.258089],[-83.394497,36.255489],[-83.397097,36.253189],[-83.405897,36.250089],[-83.407397,36.249589],[-83.409497,36.248789],[-83.411297,36.247289],[-83.416297,36.241289],[-83.419897,36.236289],[-83.421497,36.232689],[-83.421697,36.230989],[-83.420897,36.228689],[-83.416697,36.223089],[-83.415896,36.220689],[-83.416096,36.219389],[-83.422297,36.214589],[-83.424397,36.212789],[-83.426597,36.211489],[-83.432297,36.209889],[-83.433432,36.209889],[-83.434197,36.209889],[-83.437561,36.211483],[-83.438797,36.212289],[-83.439097,36.213889],[-83.437997,36.218489],[-83.439097,36.221089],[-83.440497,36.222189],[-83.442498,36.222789],[-83.447398,36.219889],[-83.449498,36.217989],[-83.450398,36.216089],[-83.450798,36.213289],[-83.450597,36.208889],[-83.451016,36.20607],[-83.451197,36.203189],[-83.450297,36.200589],[-83.447297,36.196289],[-83.446897,36.194889],[-83.447197,36.192589],[-83.449097,36.190289],[-83.451597,36.189289],[-83.453597,36.188889],[-83.460297,36.188089],[-83.461697,36.188089],[-83.465897,36.188888],[-83.468297,36.187288],[-83.468697,36.185388],[-83.466903,36.181941],[-83.465697,36.178488],[-83.466197,36.176488],[-83.467097,36.174688],[-83.465497,36.171377],[-83.464303,36.168552],[-83.462502,36.164293],[-83.460628,36.159871],[-83.458695,36.155289],[-83.457728,36.155375],[-83.458265,36.151737],[-83.459059,36.149664],[-83.459291,36.147565],[-83.459734,36.14248],[-83.468955,36.140936],[-83.469031,36.140923],[-83.46984,36.140789],[-83.47042,36.142583],[-83.472885,36.142194],[-83.473086,36.140213],[-83.473141,36.140197],[-83.473097,36.13893],[-83.472765,36.138266],[-83.472273,36.137791],[-83.470824,36.137053],[-83.470052,36.136551],[-83.469642,36.136143],[-83.468922,36.134871],[-83.478749,36.131288],[-83.481939,36.130443],[-83.48266,36.12948],[-83.484609,36.128036],[-83.483409,36.127343],[-83.480207,36.12713],[-83.477676,36.12723],[-83.473445,36.127435],[-83.472218,36.127236],[-83.47332,36.125919],[-83.47646,36.125426],[-83.476588,36.125112],[-83.475584,36.124499],[-83.473992,36.124505],[-83.470735,36.126956],[-83.468958,36.126259],[-83.471772,36.124314],[-83.474232,36.122627],[-83.474549,36.12242],[-83.475511,36.121773],[-83.477417,36.120611],[-83.477305,36.120469],[-83.474402,36.122283],[-83.473875,36.121164],[-83.475228,36.119548],[-83.476298,36.119265],[-83.474613,36.11741],[-83.474202,36.11765],[-83.472903,36.116666],[-83.473331,36.116418],[-83.471281,36.114819],[-83.469982,36.113939],[-83.466547,36.113376],[-83.465761,36.112127],[-83.46509,36.110988],[-83.464149,36.109407],[-83.463865,36.109085],[-83.461697,36.1075],[-83.461195,36.106555],[-83.461177,36.105838],[-83.46136,36.105241],[-83.461302,36.104708],[-83.46106,36.104293],[-83.460084,36.10322],[-83.459261,36.102518],[-83.457421,36.10149],[-83.455935,36.10051],[-83.454398,36.09996],[-83.454165,36.099546],[-83.453751,36.102541],[-83.453901,36.106138],[-83.444654,36.105508],[-83.445128,36.102966],[-83.443812,36.100343],[-83.444298,36.097258],[-83.445396,36.093983],[-83.444402,36.09363],[-83.442494,36.09213],[-83.446016,36.092509],[-83.448275,36.093567],[-83.451725,36.094451],[-83.455922,36.096656],[-83.455947,36.092936],[-83.45803,36.088022],[-83.457666,36.086882],[-83.456449,36.082365],[-83.454733,36.080177],[-83.454032,36.079573],[-83.450113,36.079127],[-83.449964,36.075606],[-83.450259,36.072209],[-83.448904,36.07096],[-83.448483,36.069673],[-83.448191,36.069015],[-83.450764,36.066102],[-83.452007,36.064566],[-83.453808,36.06316],[-83.455347,36.06213],[-83.455535,36.06209],[-83.455197,36.061617],[-83.452887,36.059669],[-83.44663,36.057458],[-83.444946,36.056348],[-83.444622,36.055231],[-83.443161,36.056147],[-83.436965,36.057109],[-83.435105,36.058015],[-83.4334,36.057751],[-83.43114,36.057878],[-83.429023,36.059355],[-83.428042,36.060427],[-83.424484,36.062332],[-83.422772,36.063682],[-83.421578,36.064055],[-83.420948,36.064304],[-83.416785,36.063564],[-83.414944,36.064246],[-83.416959,36.062486],[-83.418114,36.060527],[-83.418876,36.059618],[-83.417806,36.05543],[-83.420539,36.053226],[-83.420031,36.051144],[-83.418605,36.0505],[-83.418299,36.048918],[-83.418298,36.048686],[-83.418284,36.048021],[-83.417683,36.045389],[-83.417072,36.044868],[-83.414426,36.043367],[-83.413409,36.041863],[-83.411082,36.044885],[-83.410764,36.046206],[-83.409223,36.047261],[-83.407782,36.049],[-83.404835,36.051291],[-83.402405,36.05391],[-83.400331,36.052053],[-83.397538,36.052347],[-83.396841,36.051984],[-83.394074,36.052834],[-83.391875,36.054595],[-83.389463,36.055908],[-83.386796,36.053882],[-83.38418,36.050837],[-83.382893,36.051646],[-83.379862,36.054905],[-83.379579,36.055725],[-83.379322,36.057943],[-83.378359,36.059641],[-83.378071,36.06214],[-83.378034,36.062456],[-83.373855,36.059157],[-83.369683,36.057252],[-83.359498,36.053808],[-83.35779,36.05323],[-83.357712,36.052949],[-83.353024,36.05129],[-83.348924,36.049012],[-83.346974,36.047826],[-83.342788,36.045341],[-83.342659,36.045266],[-83.339318,36.043264],[-83.337599,36.042223],[-83.337486,36.042283],[-83.333076,36.044576],[-83.325116,36.045165],[-83.322129,36.045141],[-83.31695,36.0448],[-83.310744,36.043759],[-83.30473,36.041907],[-83.301996,36.041312],[-83.297915,36.037842],[-83.294751,36.035931],[-83.290201,36.033899],[-83.287615,36.032363],[-83.285322,36.030605],[-83.283601,36.028408],[-83.282231,36.0259],[-83.279867,36.015843],[-83.2782,36.010946],[-83.27627,36.008989],[-83.276677,36.007652],[-83.277949,36.000963],[-83.27796,36.000752],[-83.277995,36.000121],[-83.277997,36.000096],[-83.278028,35.999914],[-83.278374,35.997936],[-83.278872,35.995086],[-83.280598,35.985961],[-83.280571,35.985396],[-83.280619,35.985107],[-83.280788,35.984146],[-83.280897,35.983516],[-83.280944,35.98325],[-83.281021,35.982804],[-83.28149,35.980122],[-83.282615,35.973827],[-83.282806,35.97275],[-83.283635,35.96801],[-83.285837,35.968659],[-83.28668,35.967931],[-83.288236,35.967891],[-83.290478,35.96605],[-83.290618,35.963872],[-83.2892,35.964851],[-83.287972,35.964417],[-83.285647,35.964802],[-83.284242,35.964544],[-83.285252,35.958763],[-83.285562,35.956987],[-83.286292,35.952813],[-83.286323,35.952634],[-83.28925,35.935889],[-83.28951,35.934401],[-83.291098,35.925318],[-83.291722,35.921747],[-83.293263,35.912932],[-83.293739,35.910081],[-83.29533,35.908749],[-83.296205,35.905506],[-83.297483,35.902981],[-83.297853,35.901516],[-83.301398,35.899833],[-83.302702,35.897579],[-83.304168,35.897927],[-83.304716,35.89886],[-83.305752,35.900164],[-83.307748,35.898064],[-83.310782,35.895846],[-83.312627,35.897449],[-83.314419,35.900313],[-83.31641,35.901704],[-83.318633,35.904114],[-83.321186,35.906412],[-83.3262,35.909239],[-83.326485,35.909382],[-83.328436,35.91024],[-83.331135,35.911891],[-83.334569,35.912257],[-83.337209,35.911952],[-83.337833,35.911924],[-83.33944,35.913179],[-83.342164,35.913767],[-83.34405,35.914615],[-83.344502,35.916102],[-83.348361,35.917004],[-83.350126,35.917876],[-83.353374,35.919628],[-83.356146,35.919833],[-83.359949,35.919011],[-83.360326,35.918929],[-83.360358,35.918923],[-83.361208,35.918182],[-83.3615,35.917929],[-83.364274,35.9161],[-83.367341,35.915453],[-83.369262,35.915454],[-83.371442,35.914196],[-83.373005,35.91516],[-83.374884,35.914811],[-83.378036,35.91558],[-83.379691,35.915726],[-83.383629,35.91496],[-83.387457,35.913605],[-83.39075,35.914779],[-83.391299,35.915223],[-83.391484,35.915547],[-83.391789,35.916879],[-83.391277,35.917755],[-83.391203,35.918384],[-83.391839,35.919106],[-83.392119,35.919841],[-83.391185,35.92161],[-83.390587,35.922171],[-83.389784,35.922537],[-83.390185,35.923016],[-83.390627,35.92443],[-83.390444,35.925017],[-83.390377,35.92609],[-83.390007,35.92658],[-83.390025,35.926814],[-83.390959,35.927335],[-83.390877,35.927633],[-83.390491,35.927792],[-83.389283,35.927987],[-83.389133,35.92822],[-83.389602,35.928844],[-83.389902,35.92962],[-83.390881,35.93073],[-83.39128,35.931354],[-83.392365,35.931707],[-83.39378,35.932667],[-83.394843,35.933085],[-83.395377,35.93308],[-83.396065,35.932847],[-83.397006,35.932186],[-83.398906,35.932996],[-83.400399,35.931802],[-83.400537,35.93065],[-83.401802,35.930149],[-83.403886,35.930758],[-83.404607,35.928568],[-83.406624,35.929564],[-83.407153,35.928914],[-83.415994,35.933231],[-83.416868,35.93268],[-83.417094,35.930249],[-83.417211,35.929996],[-83.417246,35.929923],[-83.417496,35.929723],[-83.417889,35.929541],[-83.418069,35.929459],[-83.418142,35.929426],[-83.42035,35.929097],[-83.420503,35.929248],[-83.420701,35.929977],[-83.420905,35.930277],[-83.421397,35.930554],[-83.42207,35.930339],[-83.422413,35.92935],[-83.423314,35.92899],[-83.424011,35.928211],[-83.424498,35.927932],[-83.425562,35.927245],[-83.426354,35.926643],[-83.427062,35.925977],[-83.427663,35.925911],[-83.428041,35.925918],[-83.428209,35.925629],[-83.428292,35.925486],[-83.428322,35.925436],[-83.428666,35.925168],[-83.428797,35.925068],[-83.428849,35.925028],[-83.428862,35.925026],[-83.429098,35.924997],[-83.429113,35.924996],[-83.429174,35.925017],[-83.429551,35.925148],[-83.430135,35.92592],[-83.430927,35.926892],[-83.432424,35.927359],[-83.433665,35.925645],[-83.435405,35.923727],[-83.435986,35.923626],[-83.436444,35.923994],[-83.436281,35.924866],[-83.436781,35.925336],[-83.437657,35.926643],[-83.438615,35.927481],[-83.438991,35.928085],[-83.439409,35.928923],[-83.441277,35.928921],[-83.44323,35.929085],[-83.443741,35.929008],[-83.444352,35.928915],[-83.444804,35.92637],[-83.447538,35.9228],[-83.448746,35.923254],[-83.45059,35.924356],[-83.449705,35.925044],[-83.450412,35.926],[-83.449808,35.928302],[-83.450641,35.929722],[-83.451096,35.929064],[-83.453193,35.928869],[-83.453243,35.928839],[-83.453609,35.927352],[-83.454385,35.925819],[-83.454404,35.924497],[-83.45572,35.922917],[-83.457304,35.922387],[-83.460309,35.923135],[-83.460594,35.926038],[-83.462424,35.926943],[-83.461681,35.928712],[-83.46274,35.929904],[-83.464114,35.929726],[-83.464866,35.928255],[-83.464636,35.927262],[-83.46506,35.924831],[-83.467025,35.923552],[-83.468425,35.923794],[-83.469398,35.92296],[-83.470863,35.923082],[-83.472162,35.924643],[-83.473416,35.92444],[-83.474901,35.922893],[-83.475466,35.924413],[-83.475513,35.926466],[-83.476895,35.927705],[-83.477139,35.930126],[-83.477871,35.930199],[-83.478078,35.930095],[-83.478217,35.930048],[-83.478391,35.929998],[-83.478678,35.929932],[-83.478846,35.929887],[-83.479015,35.92985],[-83.479283,35.930142],[-83.479603,35.930483],[-83.479681,35.93056],[-83.479749,35.93059],[-83.479832,35.930595],[-83.479999,35.930547],[-83.480076,35.930508],[-83.480239,35.930619],[-83.480496,35.930231],[-83.480664,35.93002],[-83.480934,35.929735],[-83.481452,35.929142],[-83.481601,35.929022],[-83.481839,35.928983],[-83.482398,35.928974],[-83.483683,35.927993],[-83.485476,35.928438],[-83.486188,35.927605],[-83.487305,35.927455],[-83.486141,35.928553],[-83.488337,35.927655],[-83.490122,35.927973],[-83.49013,35.928043],[-83.490132,35.928111],[-83.490115,35.928338],[-83.490088,35.928501],[-83.490067,35.928575],[-83.490053,35.92863],[-83.489931,35.928992],[-83.489869,35.929209],[-83.489739,35.929772],[-83.489713,35.92991],[-83.489831,35.92996],[-83.489878,35.929979],[-83.489462,35.930931],[-83.487401,35.931454],[-83.486859,35.932709],[-83.487918,35.935141],[-83.489201,35.93555],[-83.491791,35.936164],[-83.493565,35.935383],[-83.494662,35.936482],[-83.496652,35.935652],[-83.497756,35.936526],[-83.497393,35.937709],[-83.500479,35.937183],[-83.501556,35.937753],[-83.503832,35.937712],[-83.505028,35.938472],[-83.505224,35.939518],[-83.507028,35.938814],[-83.508303,35.939409],[-83.508315,35.942372],[-83.509111,35.943336],[-83.511239,35.944365],[-83.511679,35.946084],[-83.515322,35.947851],[-83.516865,35.949016],[-83.518197,35.950923],[-83.517533,35.952101],[-83.516681,35.953315],[-83.516325,35.955646],[-83.51857,35.957264],[-83.51924,35.958605],[-83.51952,35.960784],[-83.521515,35.962958],[-83.523113,35.963659],[-83.525905,35.964131],[-83.529537,35.963676],[-83.536411,35.961307],[-83.537968,35.960612],[-83.538149,35.961068],[-83.538605,35.960994],[-83.538248,35.959965],[-83.537707,35.959482],[-83.537567,35.959249],[-83.536891,35.959005],[-83.536403,35.958439],[-83.536422,35.958016],[-83.537156,35.956376],[-83.537423,35.955249],[-83.537796,35.954379],[-83.53909,35.952002],[-83.539349,35.951275],[-83.539318,35.950665],[-83.538373,35.949163],[-83.538386,35.948943],[-83.539025,35.947537],[-83.539106,35.946986],[-83.539987,35.944425],[-83.540172,35.944072],[-83.540725,35.943188],[-83.540947,35.943032],[-83.541548,35.942086],[-83.541693,35.941686],[-83.541824,35.940705],[-83.542047,35.939987],[-83.542154,35.938921],[-83.54244,35.938022],[-83.543293,35.935772],[-83.543895,35.934025],[-83.543903,35.933642],[-83.543563,35.931027],[-83.543076,35.927767],[-83.544238,35.927337],[-83.546981,35.928951],[-83.547152,35.928158],[-83.545353,35.926708],[-83.543734,35.926209],[-83.542751,35.924925],[-83.543146,35.923627],[-83.544596,35.921408],[-83.545856,35.918767],[-83.546257,35.917914],[-83.546838,35.916804],[-83.548222,35.916063],[-83.549721,35.915564],[-83.555841,35.913528],[-83.558356,35.912677],[-83.562234,35.911374],[-83.565804,35.910064],[-83.567133,35.908948],[-83.569411,35.907236],[-83.570893,35.904898],[-83.572747,35.903663],[-83.574956,35.903791],[-83.574959,35.903762],[-83.575245,35.902765],[-83.577512,35.903715],[-83.579416,35.903714],[-83.580623,35.903859],[-83.580363,35.904548],[-83.579976,35.907239],[-83.580758,35.909534],[-83.581185,35.911112],[-83.581018,35.912167],[-83.580567,35.914818],[-83.580384,35.91912],[-83.58056,35.919111],[-83.581594,35.919025],[-83.581542,35.916182],[-83.581851,35.914818],[-83.581949,35.914269],[-83.582907,35.914351],[-83.582646,35.916388],[-83.58305,35.919392],[-83.584406,35.921457],[-83.583553,35.924465],[-83.58359,35.925599],[-83.584797,35.928405],[-83.58807,35.927284],[-83.588865,35.926385],[-83.589367,35.922149],[-83.590331,35.922486],[-83.5909,35.923626],[-83.594486,35.922819],[-83.59326,35.923736],[-83.593697,35.929806],[-83.594102,35.930676],[-83.594423,35.930394],[-83.594969,35.930086],[-83.595265,35.929506],[-83.595625,35.929457],[-83.595597,35.929844],[-83.596942,35.930503],[-83.598103,35.930958],[-83.598529,35.930996],[-83.600204,35.931496],[-83.600251,35.931622],[-83.602878,35.931605],[-83.604202,35.931934],[-83.605438,35.932076],[-83.605477,35.931653],[-83.605569,35.931961],[-83.605277,35.932329],[-83.604341,35.932712],[-83.606712,35.933278],[-83.609338,35.934484],[-83.611769,35.935458],[-83.615823,35.936061],[-83.6176,35.935459],[-83.61908,35.934114],[-83.621678,35.929641],[-83.622692,35.928715],[-83.624894,35.92775],[-83.627089,35.926309],[-83.63042,35.926758],[-83.634271,35.926964],[-83.636351,35.927317],[-83.638972,35.927344],[-83.645347,35.929803],[-83.646063,35.930608],[-83.64694,35.930119],[-83.647682,35.926175],[-83.650971,35.926835],[-83.652119,35.927527],[-83.652524,35.926435],[-83.652524,35.925934],[-83.654571,35.925012],[-83.654564,35.924199],[-83.653424,35.922744],[-83.653384,35.920283],[-83.651003,35.91401],[-83.650821,35.912291],[-83.651443,35.912022],[-83.659279,35.918867],[-83.663958,35.920944],[-83.665633,35.920629],[-83.666688,35.919986],[-83.666983,35.919412],[-83.662628,35.917429],[-83.660759,35.915638],[-83.658796,35.910228],[-83.659341,35.910583],[-83.659054,35.908853],[-83.658062,35.908087],[-83.658107,35.908497],[-83.655826,35.908217],[-83.654546,35.907193],[-83.654884,35.906943],[-83.655524,35.905576],[-83.654732,35.904388],[-83.655658,35.903571],[-83.655922,35.901659],[-83.655112,35.900442],[-83.656324,35.898865],[-83.656092,35.897768],[-83.656996,35.897037],[-83.661721,35.894616],[-83.663026,35.895926],[-83.663654,35.893971],[-83.662766,35.89206],[-83.662595,35.890928],[-83.663925,35.890176],[-83.663244,35.888237],[-83.663427,35.887456],[-83.663834,35.887517],[-83.664724,35.888383],[-83.66554,35.888735],[-83.666823,35.888568],[-83.667331,35.888734],[-83.667763,35.889346],[-83.668872,35.889677],[-83.669724,35.889476],[-83.670514,35.888167],[-83.671372,35.888152],[-83.671762,35.888312],[-83.67219,35.888773],[-83.672486,35.888772],[-83.672888,35.888044],[-83.673582,35.887625],[-83.674452,35.887498],[-83.675024,35.887787],[-83.676055,35.88872],[-83.676849,35.888969],[-83.67753,35.888879],[-83.67846,35.888428],[-83.678601,35.888138],[-83.678322,35.887449],[-83.677496,35.886438],[-83.676725,35.885534],[-83.676033,35.884899],[-83.675577,35.884279],[-83.675523,35.883568],[-83.676284,35.883122],[-83.677577,35.883374],[-83.679468,35.883104],[-83.680088,35.883377],[-83.681134,35.883393],[-83.681548,35.883256],[-83.682406,35.883182],[-83.682505,35.882971],[-83.682372,35.882207],[-83.682524,35.881758],[-83.682902,35.881542],[-83.68442,35.881461],[-83.685643,35.881278],[-83.686211,35.881661],[-83.686751,35.882183],[-83.687071,35.881717],[-83.686868,35.881041],[-83.68702,35.880847],[-83.689366,35.880127],[-83.691111,35.879817],[-83.6918,35.87922],[-83.692185,35.87913],[-83.693129,35.878194],[-83.694635,35.878898],[-83.694928,35.878726],[-83.694773,35.877826],[-83.693854,35.876142],[-83.693662,35.875343],[-83.694139,35.874359],[-83.696179,35.874941],[-83.697702,35.874448],[-83.698158,35.875426],[-83.702029,35.875242],[-83.702309,35.874793],[-83.699977,35.872513],[-83.700285,35.870682],[-83.702522,35.870667],[-83.702962,35.870113],[-83.706227,35.87029],[-83.707065,35.870654],[-83.708645,35.873033],[-83.709951,35.873396],[-83.711628,35.872932],[-83.713022,35.873638],[-83.713401,35.874606],[-83.716137,35.876387],[-83.718426,35.8767],[-83.719658,35.877439],[-83.719806,35.878983],[-83.720146,35.879656],[-83.722167,35.881024],[-83.726364,35.882877],[-83.726671,35.88383],[-83.728125,35.885485],[-83.729129,35.886672],[-83.730999,35.885873],[-83.735364,35.885816],[-83.735876,35.885175],[-83.736675,35.884515],[-83.738011,35.883532],[-83.740521,35.881735],[-83.741614,35.880767],[-83.744249,35.879398],[-83.74564,35.878139],[-83.746025,35.877792],[-83.746876,35.878613],[-83.748067,35.879364],[-83.751103,35.877371],[-83.751449,35.877683],[-83.752344,35.878572],[-83.749839,35.880361],[-83.751315,35.88142],[-83.75378,35.879969],[-83.754282,35.881199],[-83.756149,35.882837],[-83.756086,35.883228],[-83.753654,35.885071],[-83.753945,35.88596],[-83.754661,35.888081],[-83.754508,35.888714],[-83.755058,35.88909],[-83.756017,35.889943],[-83.757537,35.891146],[-83.760289,35.890823],[-83.765339,35.889116],[-83.770978,35.887038],[-83.769182,35.883948],[-83.772123,35.883301],[-83.771759,35.88295],[-83.770529,35.883455],[-83.767067,35.884064],[-83.765451,35.884607],[-83.765081,35.883927],[-83.770536,35.881857],[-83.77034,35.881683],[-83.771879,35.880218],[-83.775203,35.879026],[-83.775163,35.879014],[-83.774696,35.878875],[-83.774609,35.87885],[-83.774482,35.878813],[-83.773379,35.878493],[-83.773084,35.878408],[-83.772707,35.87831],[-83.772311,35.878207],[-83.771584,35.878018],[-83.771246,35.87793],[-83.771211,35.877921],[-83.77113,35.8779],[-83.771093,35.877861],[-83.768848,35.87729],[-83.766414,35.876456],[-83.763607,35.874703],[-83.763594,35.874709],[-83.763533,35.874746],[-83.762614,35.874172],[-83.761767,35.873657],[-83.761711,35.873609],[-83.760303,35.872738],[-83.757035,35.870723],[-83.760674,35.869202],[-83.76204,35.868601],[-83.764077,35.866942],[-83.764783,35.866339],[-83.764965,35.866185],[-83.769701,35.862512],[-83.770191,35.861701],[-83.772031,35.862696],[-83.772446,35.863811],[-83.772914,35.864171],[-83.778166,35.862044],[-83.780389,35.861143],[-83.780888,35.862078],[-83.781621,35.861777],[-83.781517,35.861559],[-83.781165,35.860827],[-83.77988,35.860184],[-83.779405,35.859291],[-83.781644,35.860217],[-83.780726,35.858533],[-83.784286,35.856686],[-83.783842,35.856084],[-83.783247,35.855282],[-83.782892,35.8548],[-83.78021,35.855975],[-83.778602,35.853778],[-83.7781,35.852785],[-83.777646,35.851898],[-83.774569,35.853314],[-83.774387,35.853331],[-83.773604,35.852931],[-83.77056,35.849338],[-83.769008,35.847506],[-83.772214,35.845733],[-83.771012,35.843462],[-83.769984,35.841519],[-83.764022,35.830257],[-83.761376,35.825255],[-83.757287,35.817528],[-83.755968,35.818571],[-83.75406,35.815475],[-83.75159,35.811472],[-83.751315,35.811028],[-83.749895,35.808725],[-83.748124,35.808621],[-83.746998,35.809392],[-83.743998,35.807848],[-83.742978,35.809031],[-83.742528,35.810773],[-83.740509,35.810483],[-83.740289,35.811249],[-83.73877,35.811534],[-83.739503,35.808292],[-83.739518,35.806815],[-83.742206,35.805064],[-83.746127,35.802134],[-83.746258,35.802029],[-83.746762,35.801281],[-83.747317,35.798398],[-83.74337,35.790539],[-83.740369,35.784828],[-83.739099,35.782329],[-83.734186,35.772657],[-83.731754,35.76787],[-83.731987,35.766361],[-83.73105,35.764372],[-83.729723,35.763754],[-83.728684,35.762418],[-83.726148,35.763369],[-83.726042,35.762796],[-83.727931,35.760978],[-83.728399,35.759575],[-83.73003,35.758564],[-83.729604,35.75652],[-83.729968,35.754302],[-83.728769,35.753684],[-83.728222,35.752584],[-83.726288,35.752602],[-83.724349,35.753151],[-83.724177,35.751875],[-83.724588,35.749808],[-83.721813,35.748114],[-83.718914,35.747726],[-83.717945,35.741162],[-83.716671,35.730682],[-83.716462,35.729035],[-83.715626,35.72829],[-83.714283,35.727445],[-83.712961,35.726819],[-83.709887,35.727091],[-83.708951,35.727238],[-83.708251,35.72724],[-83.707807,35.726685],[-83.707775,35.725895],[-83.708395,35.725112],[-83.709033,35.724144],[-83.708795,35.723387],[-83.708138,35.720664],[-83.707398,35.720214],[-83.705772,35.719984],[-83.705178,35.719389],[-83.704262,35.719649],[-83.702971,35.719482],[-83.701985,35.719444],[-83.701344,35.719276],[-83.701431,35.718091],[-83.701979,35.716478],[-83.701985,35.716017],[-83.703213,35.713042],[-83.70525,35.71158],[-83.702152,35.709217],[-83.700407,35.709059],[-83.698652,35.708112],[-83.69672,35.708132],[-83.695369,35.707506],[-83.693922,35.708274],[-83.691351,35.708319],[-83.690092,35.709111],[-83.687532,35.710051],[-83.682831,35.709725],[-83.682161,35.709772],[-83.680502,35.707865],[-83.679947,35.706512],[-83.682106,35.702511],[-83.682507,35.700689],[-83.681704,35.698463],[-83.680846,35.697726],[-83.681278,35.696807],[-83.679833,35.693393],[-83.67987,35.691605],[-83.679732,35.691156],[-83.679138,35.688353],[-83.674272,35.685497],[-83.672381,35.685548],[-83.667733,35.686564],[-83.66545,35.68772],[-83.662814,35.690618],[-83.662779,35.679598],[-83.662767,35.674779],[-83.662769,35.674507],[-83.662805,35.669558],[-83.662814,35.663347],[-83.662817,35.6283],[-83.662818,35.62509],[-83.663291,35.61681],[-83.663223,35.605865],[-83.662999,35.569468],[-83.660827,35.568344],[-83.657526,35.569228],[-83.656014,35.570013],[-83.65381,35.569465],[-83.653204,35.568414],[-83.648637,35.567573],[-83.64618,35.566709],[-83.64536,35.566023],[-83.639962,35.566203],[-83.639569,35.566641],[-83.636096,35.567712],[-83.634899,35.568535],[-83.634105,35.570397],[-83.633526,35.570693],[-83.629468,35.568165],[-83.626374,35.569361],[-83.624888,35.57069],[-83.623472,35.571086],[-83.621409,35.572648],[-83.618719,35.572232],[-83.617899,35.573018],[-83.616097,35.573482],[-83.614929,35.574695],[-83.613497,35.575129],[-83.611098,35.576954],[-83.608498,35.580009],[-83.601774,35.578919],[-83.599816,35.577195],[-83.597925,35.574801],[-83.596393,35.575087],[-83.594597,35.573473],[-83.591778,35.571633],[-83.591253,35.569058],[-83.589821,35.568575],[-83.587561,35.567026],[-83.586613,35.564236],[-83.585987,35.563445],[-83.584374,35.562698],[-83.581153,35.562814],[-83.579143,35.56382],[-83.577954,35.563562],[-83.57478,35.563969],[-83.573255,35.565189],[-83.571561,35.565343],[-83.56953,35.564316],[-83.568064,35.564064],[-83.566216,35.564443],[-83.564979,35.566091],[-83.562008,35.565163],[-83.559292,35.564613],[-83.55626,35.564998],[-83.552206,35.56418],[-83.551171,35.563493],[-83.547836,35.564196],[-83.544973,35.565256],[-83.54231,35.565234],[-83.540717,35.565865],[-83.536004,35.564722],[-83.530304,35.564512],[-83.528731,35.564979],[-83.52629,35.564808],[-83.521974,35.565593],[-83.519958,35.564988],[-83.518096,35.56307],[-83.516234,35.562416],[-83.513229,35.56308],[-83.510567,35.562711],[-83.507878,35.561974],[-83.504262,35.562055],[-83.498544,35.562888],[-83.495071,35.565857],[-83.493317,35.56683],[-83.49013,35.56704],[-83.485834,35.56819],[-83.482644,35.572548],[-83.481805,35.574828],[-83.47974,35.57826],[-83.478631,35.57919],[-83.47916,35.583031],[-83.478588,35.583542],[-83.473963,35.5854],[-83.47237,35.587158],[-83.472499,35.589153],[-83.471296,35.590268],[-83.466373,35.591687],[-83.462692,35.59257],[-83.462073,35.593924],[-83.461452,35.595286],[-83.45914,35.595844],[-83.456589,35.597194],[-83.455305,35.598847],[-83.455011,35.602022],[-83.452905,35.60272],[-83.451254,35.60394],[-83.450767,35.60633],[-83.447034,35.608632],[-83.446415,35.609368],[-83.445676,35.611747],[-83.441263,35.611753],[-83.439803,35.61122],[-83.435142,35.610687],[-83.432303,35.60999],[-83.430108,35.610164],[-83.428003,35.610708],[-83.425925,35.611083],[-83.422038,35.611049],[-83.420726,35.611786],[-83.420268,35.613417],[-83.416917,35.614307],[-83.415182,35.614455],[-83.412046,35.616267],[-83.411609,35.617014],[-83.409006,35.618249],[-83.406522,35.61999],[-83.403461,35.621341],[-83.399276,35.621862],[-83.396282,35.622806],[-83.39295,35.624859],[-83.390667,35.628151],[-83.388713,35.632392],[-83.388726,35.633622],[-83.382286,35.634515],[-83.377926,35.634645],[-83.376612,35.636847],[-83.371828,35.639163],[-83.371269,35.638378],[-83.368295,35.637769],[-83.367709,35.637957],[-83.366163,35.640924],[-83.363776,35.642919],[-83.362605,35.643238],[-83.360628,35.645706],[-83.358246,35.647075],[-83.358241,35.648843],[-83.356102,35.650419],[-83.355753,35.652168],[-83.356036,35.654151],[-83.354522,35.65541],[-83.352841,35.658717],[-83.350985,35.660449],[-83.346259,35.661445],[-83.345007,35.661209],[-83.342766,35.662929],[-83.341932,35.664061],[-83.340782,35.664578],[-83.339374,35.663589],[-83.338365,35.66376],[-83.335437,35.665508],[-83.334656,35.665662],[-83.332138,35.664547],[-83.330468,35.664542],[-83.329566,35.663729],[-83.327701,35.663763],[-83.324678,35.663081],[-83.321616,35.663054],[-83.319818,35.660946],[-83.315341,35.657018],[-83.313853,35.656266],[-83.312379,35.654706],[-83.310945,35.654491],[-83.309713,35.654958],[-83.309034,35.656029],[-83.306506,35.65548],[-83.303555,35.655865],[-83.302256,35.656584],[-83.298567,35.657134],[-83.296211,35.65888],[-83.293497,35.662056],[-83.293672,35.664917],[-83.291928,35.666011],[-83.291133,35.669307],[-83.290951,35.672602],[-83.288843,35.674481],[-83.284252,35.674436],[-83.282797,35.675205],[-83.281342,35.677699],[-83.277848,35.678522],[-83.274467,35.679076],[-83.273039,35.680531],[-83.272076,35.682327],[-83.271166,35.683168],[-83.271044,35.686316],[-83.27068,35.686827],[-83.266908,35.688649],[-83.263305,35.688516],[-83.261076,35.689773],[-83.259291,35.690371],[-83.258152,35.692106],[-83.257734,35.69382],[-83.255961,35.69499],[-83.254439,35.695308],[-83.254822,35.697659],[-83.255744,35.698994],[-83.255265,35.700428],[-83.256414,35.703862],[-83.257417,35.705225],[-83.255409,35.706218],[-83.251635,35.708875],[-83.251655,35.709545],[-83.25349,35.712153],[-83.253585,35.714213],[-83.255343,35.715084],[-83.254142,35.717534],[-83.250375,35.720421],[-83.243384,35.722437],[-83.242751,35.723058],[-83.240827,35.726856],[-83.232775,35.725958],[-83.228201,35.725811],[-83.223182,35.725901],[-83.221518,35.726226],[-83.220056,35.725957],[-83.217644,35.725865],[-83.215534,35.724481],[-83.214196,35.724113],[-83.211182,35.724531],[-83.207544,35.726141],[-83.204264,35.726016],[-83.200834,35.725055],[-83.1976,35.725286],[-83.195572,35.726962],[-83.193733,35.727929],[-83.191786,35.728429],[-83.18895,35.729655],[-83.187131,35.729715],[-83.185137,35.730753],[-83.183439,35.734654],[-83.181363,35.736824],[-83.18075,35.739038],[-83.178095,35.742438],[-83.177812,35.744345],[-83.174962,35.745136],[-83.170285,35.74603],[-83.168323,35.750758],[-83.166691,35.751879],[-83.164743,35.754362],[-83.16539,35.757032],[-83.165059,35.759504],[-83.164089,35.760333],[-83.162625,35.762547],[-83.159936,35.764409],[-83.158277,35.765035],[-83.154422,35.76431],[-83.151483,35.764627],[-83.149029,35.763956],[-83.147405,35.764439],[-83.14644,35.765384],[-83.143778,35.765284],[-83.141897,35.765641],[-83.136248,35.765222],[-83.13339,35.767077],[-83.13014,35.767406],[-83.127673,35.768058],[-83.124872,35.767167],[-83.121917,35.766969],[-83.120608,35.766431],[-83.118921,35.76934],[-83.116917,35.770087],[-83.115191,35.770054],[-83.112394,35.770913],[-83.111121,35.770653],[-83.10959,35.771376],[-83.109186,35.77215],[-83.107837,35.77209],[-83.106402,35.773151],[-83.104703,35.773533],[-83.104711,35.774322],[-83.102123,35.775114],[-83.099895,35.774967],[-83.099429,35.775097],[-83.098057,35.775698],[-83.09793,35.775756],[-83.096754,35.776351],[-83.095569,35.777722],[-83.09458,35.7796],[-83.093488,35.779689],[-83.089302,35.781491],[-83.087597,35.783679],[-83.085945,35.784129],[-83.08544,35.785674],[-83.083027,35.787048],[-83.081064,35.787087],[-83.078745,35.789587],[-83.076136,35.789576],[-83.073918,35.790055],[-83.072048,35.78864],[-83.06915,35.788078],[-83.066524,35.787119],[-83.064058,35.786931],[-83.061373,35.787189],[-83.059864,35.787907],[-83.052821,35.789705],[-83.051018,35.788638],[-83.048692,35.787929],[-83.046088,35.785971],[-83.043091,35.785496],[-83.040007,35.786637],[-83.037593,35.786779],[-83.036487,35.787488],[-83.033858,35.786971],[-83.031377,35.785267],[-83.0299,35.78558],[-83.027291,35.784843],[-83.025065,35.783628],[-83.023886,35.78342],[-83.020678,35.780578],[-83.019457,35.780523],[-83.01616,35.782043],[-83.01376,35.781076],[-83.011247,35.778899],[-83.005988,35.778496],[-83.00493,35.777457],[-83.003535,35.776962],[-83.003165,35.775863],[-83.001763,35.774994],[-83.001164,35.773719],[-82.999591,35.773798],[-82.997844,35.773203],[-82.995786,35.773098],[-82.992348,35.773814],[-82.989519,35.775973],[-82.987504,35.776295],[-82.986963,35.776964],[-82.984057,35.778029],[-82.981197,35.780236],[-82.980204,35.781814],[-82.977699,35.783276],[-82.976811,35.784646],[-82.974722,35.786102],[-82.974268,35.787],[-82.971842,35.788193],[-82.969585,35.789691],[-82.966742,35.78986],[-82.964466,35.790424],[-82.963025,35.789994],[-82.961754,35.790959],[-82.961921,35.79224],[-82.962713,35.793363],[-82.962847,35.795469],[-82.962449,35.799061],[-82.962166,35.799294],[-82.962038,35.799382],[-82.961556,35.800824],[-82.959224,35.802719],[-82.957968,35.805567],[-82.956279,35.807758],[-82.95599,35.809284],[-82.953755,35.812612],[-82.953911,35.813807],[-82.952964,35.814634],[-82.951764,35.816608],[-82.949698,35.816335],[-82.948138,35.817969],[-82.948595,35.819339],[-82.946902,35.821984],[-82.946966,35.822935],[-82.94563,35.824615],[-82.943824,35.825586],[-82.938809,35.825901],[-82.937814,35.825316],[-82.936162,35.82541],[-82.934712,35.828986],[-82.93347,35.830307],[-82.934029,35.83235],[-82.932908,35.833468],[-82.933132,35.83517],[-82.93407,35.836662],[-82.931941,35.837526],[-82.927251,35.838607],[-82.920211,35.839385],[-82.919448,35.84073],[-82.91657,35.841486],[-82.917335,35.84437],[-82.918356,35.845377],[-82.919923,35.848295],[-82.919909,35.849528],[-82.920973,35.851282],[-82.919919,35.852045],[-82.919888,35.854119],[-82.920271,35.85615],[-82.91977,35.857604],[-82.918224,35.859493],[-82.920231,35.861098],[-82.921432,35.863105],[-82.921054,35.865372],[-82.920831,35.868178],[-82.918139,35.868798],[-82.914949,35.868694],[-82.912967,35.868288],[-82.910774,35.868573],[-82.906411,35.87025],[-82.905285,35.87122],[-82.901221,35.87268],[-82.899899,35.873988],[-82.899438,35.876183],[-82.896776,35.878257],[-82.896081,35.879544],[-82.896403,35.880499],[-82.898583,35.881264],[-82.903627,35.880458],[-82.905331,35.882697],[-82.906825,35.883908],[-82.906474,35.885776],[-82.902658,35.888946],[-82.902191,35.89117],[-82.901057,35.892483],[-82.902764,35.893995],[-82.902784,35.894912],[-82.904681,35.897017],[-82.905017,35.899555],[-82.905846,35.902195],[-82.906293,35.903034],[-82.907974,35.903952],[-82.908283,35.905011],[-82.90698,35.907577],[-82.908411,35.909259],[-82.908032,35.911314],[-82.909383,35.910896],[-82.910389,35.91254],[-82.913003,35.913639],[-82.914366,35.915232],[-82.911678,35.916666],[-82.912289,35.917877],[-82.911778,35.91999],[-82.91307,35.920388],[-82.913549,35.921671],[-82.913581,35.924341],[-82.916168,35.924144],[-82.919491,35.926095],[-82.920491,35.927341],[-82.919835,35.928886],[-82.91639,35.929023],[-82.91385,35.929654],[-82.912046,35.92956],[-82.911675,35.928572],[-82.910332,35.927401],[-82.907797,35.92706],[-82.906602,35.926412],[-82.904292,35.926153],[-82.90182,35.92696],[-82.901522,35.927877],[-82.900245,35.9283],[-82.900292,35.929327],[-82.899049,35.929613],[-82.899609,35.931316],[-82.899296,35.932426],[-82.900425,35.933206],[-82.900344,35.934294],[-82.901513,35.935031],[-82.901309,35.936414],[-82.901784,35.937852],[-82.899282,35.94302],[-82.898855,35.943917],[-82.898499,35.944609],[-82.898317,35.944967]],[[-83.336366,36.060943],[-83.338586,36.058981],[-83.339712,36.057544],[-83.34509,36.052321],[-83.34495,36.050321],[-83.346812,36.048059],[-83.348696,36.049189],[-83.347825,36.049835],[-83.349803,36.050248],[-83.352237,36.051527],[-83.3526,36.053488],[-83.352125,36.056013],[-83.353658,36.058025],[-83.354499,36.059802],[-83.355591,36.06059],[-83.356502,36.062633],[-83.356935,36.063405],[-83.355661,36.063958],[-83.354289,36.071888],[-83.354604,36.072757],[-83.351927,36.074497],[-83.342157,36.080541],[-83.340745,36.078721],[-83.341452,36.07654],[-83.342584,36.0752],[-83.344274,36.070144],[-83.33965,36.063143],[-83.336366,36.060943]]]]}},{"type":"Feature","properties":{"id":2,"NAME":"47108112002","TotalPop":795428,"PopDevPct":0.03588739,"DemPct":0.32009064,"RepPct":0.66618795,"WhitePct":0.83901898,"MinorityPct":0.16098102,"BlackPct":0.0640838,"HispanicPct":0.04500408,"PacificPct":0.00111963,"AsianPct":0.02246081,"NativePct":0.02647626,"TotalVAP":630565,"Margin":-0.17990936,"color":"#0000f8","opacity":"0.5"},"geometry":{"type":"MultiPolygon","coordinates":[[[[-84.736514,35.516316],[-84.739256,35.516167],[-84.740163,35.514934],[-84.739765,35.513541],[-84.740596,35.512906],[-84.742506,35.511112],[-84.744521,35.511155],[-84.747173,35.510783],[-84.747925,35.507907],[-84.749942,35.506579],[-84.749652,35.503588],[-84.750757,35.502209],[-84.749711,35.501546],[-84.749741,35.500465],[-84.752243,35.499372],[-84.753443,35.498472],[-84.755443,35.496272],[-84.756743,35.496372],[-84.758243,35.495372],[-84.759843,35.495172],[-84.761443,35.493972],[-84.761668,35.493248],[-84.760473,35.492672],[-84.758142,35.493169],[-84.757586,35.492474],[-84.757943,35.491272],[-84.757485,35.488991],[-84.757843,35.488872],[-84.759243,35.487872],[-84.760443,35.486172],[-84.761743,35.485672],[-84.763243,35.485872],[-84.764943,35.485172],[-84.76593,35.485495],[-84.767443,35.485372],[-84.768583,35.484117],[-84.768943,35.483072],[-84.771343,35.480672],[-84.771442,35.479571],[-84.770742,35.477971],[-84.770942,35.47537],[-84.772142,35.47397],[-84.771742,35.47227],[-84.775243,35.469269],[-84.775826,35.467258],[-84.777543,35.465669],[-84.780342,35.464969],[-84.781942,35.463869],[-84.785643,35.465169],[-84.787743,35.464769],[-84.788943,35.462569],[-84.790143,35.461769],[-84.791543,35.45877],[-84.792444,35.45767],[-84.794444,35.45617],[-84.795717,35.455893],[-84.798242,35.457176],[-84.799643,35.456679],[-84.801147,35.455181],[-84.80195,35.453482],[-84.800376,35.451708],[-84.800044,35.450771],[-84.801244,35.449071],[-84.805544,35.448571],[-84.806544,35.446171],[-84.805044,35.444971],[-84.805144,35.443771],[-84.802644,35.443471],[-84.800743,35.442271],[-84.801943,35.43777],[-84.803243,35.43657],[-84.805043,35.43637],[-84.807843,35.43707],[-84.810922,35.436491],[-84.814543,35.43697],[-84.815843,35.43527],[-84.818545,35.430071],[-84.819445,35.427271],[-84.821045,35.425571],[-84.822045,35.422371],[-84.823145,35.420571],[-84.823054,35.419785],[-84.821326,35.418623],[-84.820303,35.418298],[-84.817044,35.418071],[-84.817144,35.416971],[-84.818843,35.415471],[-84.818943,35.414672],[-84.820043,35.414172],[-84.820843,35.412972],[-84.820746,35.411456],[-84.822142,35.409072],[-84.823443,35.407971],[-84.824543,35.404671],[-84.825643,35.40577],[-84.827039,35.405662],[-84.828843,35.40567],[-84.831244,35.40447],[-84.834344,35.40077],[-84.835444,35.39827],[-84.837444,35.39737],[-84.837044,35.39517],[-84.838644,35.39367],[-84.839804,35.390877],[-84.844117,35.384382],[-84.845825,35.380632],[-84.848548,35.376669],[-84.850116,35.373469],[-84.851953,35.370995],[-84.853222,35.37018],[-84.853469,35.368943],[-84.853077,35.366672],[-84.853706,35.364269],[-84.854586,35.362787],[-84.854782,35.360674],[-84.856062,35.358151],[-84.856643,35.355711],[-84.858345,35.353144],[-84.858702,35.352545],[-84.860164,35.350074],[-84.855789,35.3481],[-84.851095,35.346489],[-84.848925,35.345783],[-84.841878,35.342422],[-84.837902,35.340042],[-84.836793,35.338896],[-84.834086,35.335243],[-84.832441,35.331934],[-84.83124,35.330679],[-84.827581,35.328165],[-84.825854,35.326702],[-84.824855,35.325693],[-84.821532,35.324554],[-84.817406,35.324651],[-84.814516,35.325624],[-84.810539,35.327893],[-84.807852,35.328423],[-84.805854,35.327696],[-84.804181,35.326135],[-84.80379,35.325275],[-84.803744,35.32069],[-84.802876,35.31809],[-84.802002,35.317395],[-84.799314,35.316228],[-84.798645,35.316068],[-84.790342,35.314219],[-84.784972,35.314319],[-84.782567,35.313536],[-84.779704,35.309059],[-84.777724,35.307433],[-84.771952,35.304516],[-84.76907,35.302873],[-84.76514,35.30003],[-84.765067,35.299984],[-84.762127,35.297491],[-84.760229,35.295042],[-84.758638,35.292759],[-84.756845,35.290928],[-84.756684,35.290813],[-84.752707,35.288595],[-84.749191,35.287273],[-84.74654,35.287373],[-84.74234,35.288873],[-84.740155,35.289431],[-84.734238,35.29087],[-84.730739,35.29137],[-84.728339,35.29127],[-84.72674,35.29067],[-84.72534,35.289471],[-84.72374,35.287071],[-84.72294,35.284372],[-84.723039,35.280572],[-84.723639,35.278672],[-84.726539,35.276273],[-84.729739,35.275373],[-84.733381,35.27488],[-84.733438,35.274873],[-84.733555,35.274879],[-84.733756,35.274877],[-84.734439,35.274873],[-84.734883,35.274917],[-84.735258,35.274955],[-84.737734,35.27548],[-84.737954,35.275534],[-84.738079,35.275579],[-84.739026,35.275924],[-84.739166,35.275992],[-84.739194,35.276006],[-84.739375,35.276127],[-84.739436,35.276198],[-84.73943,35.276245],[-84.74194,35.276873],[-84.74554,35.276673],[-84.74994,35.275886],[-84.751101,35.275446],[-84.752633,35.273985],[-84.752702,35.272598],[-84.751642,35.271206],[-84.74994,35.270273],[-84.747437,35.269378],[-84.745497,35.266843],[-84.745415,35.266725],[-84.745353,35.266635],[-84.745226,35.266343],[-84.74517,35.266213],[-84.744441,35.264223],[-84.741817,35.258047],[-84.740378,35.256468],[-84.737384,35.255359],[-84.732476,35.254454],[-84.730394,35.254713],[-84.72604,35.256781],[-84.723505,35.258402],[-84.721262,35.259258],[-84.720972,35.259444],[-84.719238,35.260273],[-84.718638,35.260673],[-84.717138,35.261373],[-84.716138,35.261773],[-84.715238,35.261973],[-84.713138,35.262273],[-84.710538,35.261973],[-84.709138,35.261473],[-84.708438,35.260973],[-84.706038,35.259873],[-84.705538,35.259573],[-84.704638,35.259273],[-84.703538,35.258773],[-84.702338,35.257973],[-84.701738,35.257673],[-84.700538,35.256573],[-84.700138,35.255973],[-84.699038,35.254673],[-84.697838,35.253173],[-84.697538,35.252673],[-84.697737,35.251473],[-84.698038,35.251173],[-84.698238,35.250073],[-84.698954,35.249757],[-84.699444,35.249371],[-84.700179,35.249146],[-84.701306,35.248994],[-84.703137,35.249245],[-84.704203,35.249601],[-84.704898,35.249965],[-84.711264,35.249971],[-84.712244,35.24956],[-84.712574,35.249159],[-84.712794,35.248569],[-84.712688,35.248021],[-84.712191,35.246964],[-84.711148,35.245468],[-84.711225,35.243923],[-84.710934,35.243649],[-84.709917,35.243374],[-84.708026,35.243437],[-84.706655,35.243613],[-84.705647,35.243556],[-84.704453,35.24302],[-84.703921,35.242469],[-84.70361,35.24176],[-84.703607,35.241043],[-84.703219,35.241101],[-84.698737,35.241673],[-84.698738,35.244173],[-84.694638,35.245093],[-84.694637,35.246673],[-84.689654,35.246573],[-84.68872,35.246603],[-84.685443,35.246584],[-84.685485,35.253597],[-84.684093,35.253224],[-84.684062,35.253772],[-84.680959,35.253747],[-84.678504,35.253727],[-84.676569,35.253712],[-84.673452,35.257936],[-84.671924,35.260996],[-84.669542,35.265544],[-84.667517,35.267862],[-84.667398,35.268041],[-84.663584,35.268088],[-84.652785,35.267939],[-84.650101,35.267831],[-84.647338,35.267792],[-84.644924,35.26787],[-84.641297,35.267853],[-84.629411,35.267795],[-84.624734,35.267873],[-84.61732,35.267761],[-84.606054,35.26755],[-84.605805,35.26756],[-84.586813,35.267326],[-84.577223,35.267237],[-84.564566,35.267121],[-84.562806,35.267104],[-84.559226,35.267071],[-84.556242,35.267029],[-84.553147,35.266898],[-84.547823,35.266864],[-84.547493,35.266796],[-84.544026,35.266841],[-84.543816,35.266847],[-84.542077,35.266833],[-84.535486,35.26674],[-84.51613,35.266472],[-84.51523,35.268472],[-84.51343,35.270372],[-84.509229,35.273572],[-84.505229,35.276272],[-84.504629,35.277672],[-84.502329,35.279072],[-84.501529,35.280872],[-84.499929,35.281572],[-84.498129,35.283473],[-84.495529,35.285472],[-84.490274,35.283502],[-84.482814,35.280707],[-84.480782,35.279808],[-84.447188,35.267355],[-84.437681,35.263807],[-84.431683,35.261551],[-84.428136,35.259809],[-84.419612,35.257028],[-84.396992,35.248536],[-84.386842,35.244714],[-84.379506,35.241951],[-84.374461,35.240057],[-84.356923,35.233676],[-84.358647,35.230659],[-84.360923,35.226676],[-84.348603,35.221855],[-84.344822,35.220376],[-84.352123,35.207276],[-84.348223,35.205725],[-84.344323,35.204276],[-84.342451,35.207445],[-84.341486,35.209075],[-84.340422,35.210877],[-84.332522,35.207776],[-84.329808,35.212495],[-84.325722,35.219377],[-84.292365,35.206694],[-84.290519,35.223571],[-84.290332,35.224662],[-84.290055,35.225443],[-84.287893,35.224398],[-84.285813,35.22622],[-84.283297,35.226459],[-84.282803,35.227635],[-84.281543,35.22894],[-84.277875,35.231497],[-84.277234,35.232871],[-84.275909,35.234204],[-84.272136,35.236015],[-84.268746,35.237998],[-84.267234,35.238284],[-84.2652,35.239908],[-84.260916,35.241549],[-84.259994,35.24222],[-84.25868,35.245345],[-84.252775,35.249534],[-84.25017,35.251018],[-84.247282,35.251469],[-84.243,35.25321],[-84.240438,35.255149],[-84.239694,35.256671],[-84.234828,35.26146],[-84.233331,35.262764],[-84.232646,35.264093],[-84.229201,35.265943],[-84.228845,35.266973],[-84.227484,35.267926],[-84.224611,35.268859],[-84.223415,35.268907],[-84.221163,35.267518],[-84.217718,35.26816],[-84.216015,35.267512],[-84.214704,35.266209],[-84.211395,35.265621],[-84.209167,35.262202],[-84.206473,35.260369],[-84.204902,35.257477],[-84.202887,35.255116],[-84.202396,35.253042],[-84.202823,35.251805],[-84.201688,35.250149],[-84.201791,35.248021],[-84.200481,35.245207],[-84.199212,35.243667],[-84.197243,35.244281],[-84.193166,35.244681],[-84.191157,35.241951],[-84.188957,35.240217],[-84.183513,35.239996],[-84.179067,35.240434],[-84.177794,35.241828],[-84.17301,35.244349],[-84.171401,35.244722],[-84.169869,35.246435],[-84.168396,35.245521],[-84.166703,35.245225],[-84.162894,35.243809],[-84.161161,35.243599],[-84.159486,35.245651],[-84.157517,35.245806],[-84.154723,35.246494],[-84.152734,35.245975],[-84.149972,35.246059],[-84.14797,35.246844],[-84.145415,35.24643],[-84.143831,35.246685],[-84.1394,35.246097],[-84.136612,35.244607],[-84.133619,35.242377],[-84.131918,35.241785],[-84.129753,35.241669],[-84.127277,35.240755],[-84.125958,35.241524],[-84.125687,35.242441],[-84.126251,35.243511],[-84.126131,35.244904],[-84.126659,35.24577],[-84.126491,35.247154],[-84.12522,35.249871],[-84.122974,35.249892],[-84.121128,35.250629],[-84.119927,35.252049],[-84.119077,35.252249],[-84.116171,35.251163],[-84.114168,35.249161],[-84.113083,35.249024],[-84.110309,35.250436],[-84.109253,35.249891],[-84.106849,35.251518],[-84.105313,35.250363],[-84.104207,35.250214],[-84.102965,35.248631],[-84.101053,35.248459],[-84.098628,35.247564],[-84.097504,35.247598],[-84.092318,35.249374],[-84.091337,35.250043],[-84.090938,35.251374],[-84.087795,35.253105],[-84.084934,35.255556],[-84.08253,35.256288],[-84.082837,35.258408],[-84.081013,35.261158],[-84.077249,35.262116],[-84.073991,35.263365],[-84.072635,35.263306],[-84.06732,35.26497],[-84.063684,35.26663],[-84.059169,35.267353],[-84.055598,35.268496],[-84.052383,35.270495],[-84.052614,35.27141],[-84.050669,35.273567],[-84.046719,35.274416],[-84.045539,35.276193],[-84.041504,35.278975],[-84.040542,35.280181],[-84.039295,35.284206],[-84.036239,35.288418],[-84.033171,35.289879],[-84.030229,35.291746],[-84.028031,35.292756],[-84.024254,35.295504],[-84.023085,35.297196],[-84.023303,35.298916],[-84.021495,35.301083],[-84.021779,35.301857],[-84.023032,35.302385],[-84.023975,35.304188],[-84.026298,35.306321],[-84.02674,35.309431],[-84.027911,35.310099],[-84.034115,35.311183],[-84.035717,35.312913],[-84.035829,35.315798],[-84.035115,35.318387],[-84.033919,35.320614],[-84.034566,35.322108],[-84.032878,35.324064],[-84.032442,35.325286],[-84.032535,35.327643],[-84.032184,35.328766],[-84.030397,35.330691],[-84.029287,35.333256],[-84.031414,35.336476],[-84.032767,35.337181],[-84.035922,35.337496],[-84.036212,35.339371],[-84.035568,35.34147],[-84.034053,35.342546],[-84.034001,35.343276],[-84.038266,35.348214],[-84.038881,35.348208],[-84.03839,35.350924],[-84.034274,35.351646],[-84.03295,35.352868],[-84.02961,35.353763],[-84.028046,35.353623],[-84.023714,35.354087],[-84.02273,35.356273],[-84.021006,35.356962],[-84.019456,35.358341],[-84.019247,35.359518],[-84.016455,35.362658],[-84.015057,35.364981],[-84.007394,35.371649],[-84.008742,35.372818],[-84.008882,35.375731],[-84.008301,35.378766],[-84.009587,35.380889],[-84.00963,35.381872],[-84.00968,35.382503],[-84.011396,35.384601],[-84.010457,35.386813],[-84.008296,35.389732],[-84.008907,35.391299],[-84.010475,35.391983],[-84.011963,35.391883],[-84.012794,35.392664],[-84.013695,35.397646],[-84.015138,35.398555],[-84.017881,35.399307],[-84.018712,35.399996],[-84.020311,35.403038],[-84.021452,35.404223],[-84.021101,35.40641],[-84.02283,35.409265],[-84.023498,35.411419],[-84.023052,35.411933],[-84.020224,35.411998],[-84.018304,35.411396],[-84.0153,35.411931],[-84.013889,35.412711],[-84.01217,35.415069],[-84.01064,35.416477],[-84.006181,35.41964],[-84.005254,35.421186],[-84.004262,35.421449],[-84.001682,35.423029],[-83.999482,35.425941],[-83.999165,35.426936],[-83.999884,35.428366],[-83.997955,35.430732],[-83.999412,35.431343],[-83.998636,35.432176],[-83.999708,35.433191],[-83.999124,35.434223],[-83.997442,35.433801],[-83.996351,35.434905],[-83.994894,35.435069],[-83.994476,35.436739],[-83.992985,35.437757],[-83.992601,35.439465],[-83.991777,35.440674],[-83.990308,35.439611],[-83.988194,35.439362],[-83.988671,35.440311],[-83.987983,35.440921],[-83.984433,35.44015],[-83.983449,35.44081],[-83.982533,35.444271],[-83.979757,35.44826],[-83.97854,35.447961],[-83.976719,35.446692],[-83.975828,35.446561],[-83.97532,35.447809],[-83.973968,35.447878],[-83.972745,35.44723],[-83.973077,35.44865],[-83.973017,35.451792],[-83.97272,35.452992],[-83.971096,35.453007],[-83.971969,35.454638],[-83.970948,35.455493],[-83.969461,35.455167],[-83.966516,35.455119],[-83.964797,35.454105],[-83.964242,35.455083],[-83.96563,35.455724],[-83.964864,35.456621],[-83.963085,35.456422],[-83.963223,35.458031],[-83.961051,35.460174],[-83.961193,35.461673],[-83.961102,35.463754],[-83.96108,35.464138],[-83.957932,35.464267],[-83.955772,35.463645],[-83.954572,35.462854],[-83.952964,35.460543],[-83.949242,35.461099],[-83.947573,35.462214],[-83.947167,35.463039],[-83.94498,35.46422],[-83.942738,35.464524],[-83.94301,35.465451],[-83.94197,35.467312],[-83.938654,35.469462],[-83.936978,35.471442],[-83.934904,35.472156],[-83.929223,35.47321],[-83.927996,35.473002],[-83.925504,35.473546],[-83.924141,35.474311],[-83.921716,35.474254],[-83.920844,35.473849],[-83.919022,35.473292],[-83.91856,35.473628],[-83.915835,35.473889],[-83.913809,35.475459],[-83.911875,35.476068],[-83.908976,35.480464],[-83.909143,35.482512],[-83.908788,35.483753],[-83.907219,35.4855],[-83.905781,35.488689],[-83.901249,35.491347],[-83.900365,35.493031],[-83.900291,35.494288],[-83.901335,35.495106],[-83.901466,35.496552],[-83.898523,35.499164],[-83.897216,35.499708],[-83.896894,35.500963],[-83.894709,35.502032],[-83.892801,35.50224],[-83.889861,35.504737],[-83.887756,35.508609],[-83.884029,35.512556],[-83.883169,35.51403],[-83.883228,35.515615],[-83.880312,35.518782],[-83.879202,35.519303],[-83.876648,35.519277],[-83.872894,35.52089],[-83.868755,35.520002],[-83.863637,35.520861],[-83.861856,35.520577],[-83.858706,35.521457],[-83.857181,35.521573],[-83.854076,35.520618],[-83.849326,35.518621],[-83.846008,35.520127],[-83.845008,35.520946],[-83.842374,35.521507],[-83.840124,35.521518],[-83.835482,35.523623],[-83.832143,35.524574],[-83.827938,35.524536],[-83.825566,35.524311],[-83.823363,35.525454],[-83.820192,35.5258],[-83.819278,35.527327],[-83.816504,35.528898],[-83.812581,35.531925],[-83.809893,35.532996],[-83.808704,35.53477],[-83.808038,35.537093],[-83.806311,35.538087],[-83.802609,35.541564],[-83.798598,35.541756],[-83.796581,35.543304],[-83.794646,35.545649],[-83.791756,35.546088],[-83.790246,35.546963],[-83.786964,35.547796],[-83.785667,35.548471],[-83.784444,35.549794],[-83.782743,35.55041],[-83.780444,35.550524],[-83.779423,35.55137],[-83.778219,35.553215],[-83.777036,35.553995],[-83.775093,35.556361],[-83.772733,35.557366],[-83.772288,35.560612],[-83.771889,35.56139],[-83.770587,35.561743],[-83.767589,35.561879],[-83.765398,35.561637],[-83.764188,35.562696],[-83.759551,35.562573],[-83.755113,35.564587],[-83.75092,35.562493],[-83.747561,35.560401],[-83.746162,35.560424],[-83.74406,35.56193],[-83.743025,35.563111],[-83.741103,35.562893],[-83.738866,35.564657],[-83.736412,35.56546],[-83.734476,35.565027],[-83.73264,35.563649],[-83.73018,35.56415],[-83.728445,35.56387],[-83.727329,35.562789],[-83.722536,35.562357],[-83.721112,35.563379],[-83.717956,35.564062],[-83.715358,35.563897],[-83.714007,35.564183],[-83.712591,35.566305],[-83.71023,35.566601],[-83.708079,35.568041],[-83.706607,35.568612],[-83.704328,35.568673],[-83.701323,35.56747],[-83.697088,35.569564],[-83.696087,35.570295],[-83.695045,35.57024],[-83.692262,35.568713],[-83.689687,35.568972],[-83.687697,35.568197],[-83.684416,35.568933],[-83.682763,35.568752],[-83.679825,35.57034],[-83.678238,35.569768],[-83.676699,35.570219],[-83.674554,35.570104],[-83.673169,35.569395],[-83.667617,35.56929],[-83.664874,35.5698],[-83.662999,35.569468],[-83.663223,35.605865],[-83.663291,35.61681],[-83.662818,35.62509],[-83.662817,35.6283],[-83.662814,35.663347],[-83.662805,35.669558],[-83.662769,35.674507],[-83.662767,35.674779],[-83.662779,35.679598],[-83.662814,35.690618],[-83.66545,35.68772],[-83.667733,35.686564],[-83.672381,35.685548],[-83.674272,35.685497],[-83.679138,35.688353],[-83.679732,35.691156],[-83.67987,35.691605],[-83.679833,35.693393],[-83.681278,35.696807],[-83.680846,35.697726],[-83.681704,35.698463],[-83.682507,35.700689],[-83.682106,35.702511],[-83.679947,35.706512],[-83.680502,35.707865],[-83.682161,35.709772],[-83.682831,35.709725],[-83.687532,35.710051],[-83.690092,35.709111],[-83.691351,35.708319],[-83.693922,35.708274],[-83.695369,35.707506],[-83.69672,35.708132],[-83.698652,35.708112],[-83.700407,35.709059],[-83.702152,35.709217],[-83.70525,35.71158],[-83.703213,35.713042],[-83.701985,35.716017],[-83.701979,35.716478],[-83.701431,35.718091],[-83.701344,35.719276],[-83.701985,35.719444],[-83.702971,35.719482],[-83.704262,35.719649],[-83.705178,35.719389],[-83.705772,35.719984],[-83.707398,35.720214],[-83.708138,35.720664],[-83.708795,35.723387],[-83.709033,35.724144],[-83.708395,35.725112],[-83.707775,35.725895],[-83.707807,35.726685],[-83.708251,35.72724],[-83.708951,35.727238],[-83.709887,35.727091],[-83.712961,35.726819],[-83.714283,35.727445],[-83.715626,35.72829],[-83.716462,35.729035],[-83.716671,35.730682],[-83.717945,35.741162],[-83.718914,35.747726],[-83.721813,35.748114],[-83.724588,35.749808],[-83.724177,35.751875],[-83.724349,35.753151],[-83.726288,35.752602],[-83.728222,35.752584],[-83.728769,35.753684],[-83.729968,35.754302],[-83.729604,35.75652],[-83.73003,35.758564],[-83.728399,35.759575],[-83.727931,35.760978],[-83.726042,35.762796],[-83.726148,35.763369],[-83.728684,35.762418],[-83.729723,35.763754],[-83.73105,35.764372],[-83.731987,35.766361],[-83.731754,35.76787],[-83.734186,35.772657],[-83.739099,35.782329],[-83.740369,35.784828],[-83.74337,35.790539],[-83.747317,35.798398],[-83.746762,35.801281],[-83.746258,35.802029],[-83.746127,35.802134],[-83.742206,35.805064],[-83.739518,35.806815],[-83.739503,35.808292],[-83.73877,35.811534],[-83.740289,35.811249],[-83.740509,35.810483],[-83.742528,35.810773],[-83.742978,35.809031],[-83.743998,35.807848],[-83.746998,35.809392],[-83.748124,35.808621],[-83.749895,35.808725],[-83.751315,35.811028],[-83.75159,35.811472],[-83.75406,35.815475],[-83.755968,35.818571],[-83.757287,35.817528],[-83.761376,35.825255],[-83.764022,35.830257],[-83.769984,35.841519],[-83.771012,35.843462],[-83.772214,35.845733],[-83.769008,35.847506],[-83.77056,35.849338],[-83.773604,35.852931],[-83.774387,35.853331],[-83.774569,35.853314],[-83.777646,35.851898],[-83.7781,35.852785],[-83.778602,35.853778],[-83.78021,35.855975],[-83.782892,35.8548],[-83.783247,35.855282],[-83.783842,35.856084],[-83.784286,35.856686],[-83.780726,35.858533],[-83.781644,35.860217],[-83.779405,35.859291],[-83.77988,35.860184],[-83.781165,35.860827],[-83.781517,35.861559],[-83.781621,35.861777],[-83.780888,35.862078],[-83.780389,35.861143],[-83.778166,35.862044],[-83.772914,35.864171],[-83.772446,35.863811],[-83.772031,35.862696],[-83.770191,35.861701],[-83.769701,35.862512],[-83.764965,35.866185],[-83.764783,35.866339],[-83.764077,35.866942],[-83.76204,35.868601],[-83.760674,35.869202],[-83.757035,35.870723],[-83.760303,35.872738],[-83.761711,35.873609],[-83.761767,35.873657],[-83.762614,35.874172],[-83.763533,35.874746],[-83.763594,35.874709],[-83.763607,35.874703],[-83.766414,35.876456],[-83.768848,35.87729],[-83.771093,35.877861],[-83.77113,35.8779],[-83.771211,35.877921],[-83.771246,35.87793],[-83.771584,35.878018],[-83.772311,35.878207],[-83.772707,35.87831],[-83.773084,35.878408],[-83.773379,35.878493],[-83.774482,35.878813],[-83.774609,35.87885],[-83.774696,35.878875],[-83.775163,35.879014],[-83.775203,35.879026],[-83.771879,35.880218],[-83.77034,35.881683],[-83.770536,35.881857],[-83.765081,35.883927],[-83.765451,35.884607],[-83.767067,35.884064],[-83.770529,35.883455],[-83.771759,35.88295],[-83.772123,35.883301],[-83.769182,35.883948],[-83.770978,35.887038],[-83.765339,35.889116],[-83.760289,35.890823],[-83.757537,35.891146],[-83.756017,35.889943],[-83.755058,35.88909],[-83.754508,35.888714],[-83.754661,35.888081],[-83.753945,35.88596],[-83.753654,35.885071],[-83.756086,35.883228],[-83.756149,35.882837],[-83.754282,35.881199],[-83.75378,35.879969],[-83.751315,35.88142],[-83.749839,35.880361],[-83.752344,35.878572],[-83.751449,35.877683],[-83.751103,35.877371],[-83.748067,35.879364],[-83.746876,35.878613],[-83.746025,35.877792],[-83.74564,35.878139],[-83.744249,35.879398],[-83.741614,35.880767],[-83.740521,35.881735],[-83.738011,35.883532],[-83.736675,35.884515],[-83.735876,35.885175],[-83.735364,35.885816],[-83.730999,35.885873],[-83.729129,35.886672],[-83.728125,35.885485],[-83.726671,35.88383],[-83.726364,35.882877],[-83.722167,35.881024],[-83.720146,35.879656],[-83.719806,35.878983],[-83.719658,35.877439],[-83.718426,35.8767],[-83.716137,35.876387],[-83.713401,35.874606],[-83.713022,35.873638],[-83.711628,35.872932],[-83.709951,35.873396],[-83.708645,35.873033],[-83.707065,35.870654],[-83.706227,35.87029],[-83.702962,35.870113],[-83.702522,35.870667],[-83.700285,35.870682],[-83.699977,35.872513],[-83.702309,35.874793],[-83.702029,35.875242],[-83.698158,35.875426],[-83.697702,35.874448],[-83.696179,35.874941],[-83.694139,35.874359],[-83.693662,35.875343],[-83.693854,35.876142],[-83.694773,35.877826],[-83.694928,35.878726],[-83.694635,35.878898],[-83.693129,35.878194],[-83.692185,35.87913],[-83.6918,35.87922],[-83.691111,35.879817],[-83.689366,35.880127],[-83.68702,35.880847],[-83.686868,35.881041],[-83.687071,35.881717],[-83.686751,35.882183],[-83.686211,35.881661],[-83.685643,35.881278],[-83.68442,35.881461],[-83.682902,35.881542],[-83.682524,35.881758],[-83.682372,35.882207],[-83.682505,35.882971],[-83.682406,35.883182],[-83.681548,35.883256],[-83.681134,35.883393],[-83.680088,35.883377],[-83.679468,35.883104],[-83.677577,35.883374],[-83.676284,35.883122],[-83.675523,35.883568],[-83.675577,35.884279],[-83.676033,35.884899],[-83.676725,35.885534],[-83.677496,35.886438],[-83.678322,35.887449],[-83.678601,35.888138],[-83.67846,35.888428],[-83.67753,35.888879],[-83.676849,35.888969],[-83.676055,35.88872],[-83.675024,35.887787],[-83.674452,35.887498],[-83.673582,35.887625],[-83.672888,35.888044],[-83.672486,35.888772],[-83.67219,35.888773],[-83.671762,35.888312],[-83.671372,35.888152],[-83.670514,35.888167],[-83.669724,35.889476],[-83.668872,35.889677],[-83.667763,35.889346],[-83.667331,35.888734],[-83.666823,35.888568],[-83.66554,35.888735],[-83.664724,35.888383],[-83.663834,35.887517],[-83.663427,35.887456],[-83.663244,35.888237],[-83.663925,35.890176],[-83.662595,35.890928],[-83.662766,35.89206],[-83.663654,35.893971],[-83.663026,35.895926],[-83.661721,35.894616],[-83.656996,35.897037],[-83.656092,35.897768],[-83.656324,35.898865],[-83.655112,35.900442],[-83.655922,35.901659],[-83.655658,35.903571],[-83.654732,35.904388],[-83.655524,35.905576],[-83.654884,35.906943],[-83.654546,35.907193],[-83.655826,35.908217],[-83.658107,35.908497],[-83.658062,35.908087],[-83.659054,35.908853],[-83.659341,35.910583],[-83.658796,35.910228],[-83.660759,35.915638],[-83.662628,35.917429],[-83.666983,35.919412],[-83.666688,35.919986],[-83.665633,35.920629],[-83.663958,35.920944],[-83.659279,35.918867],[-83.651443,35.912022],[-83.650821,35.912291],[-83.651003,35.91401],[-83.653384,35.920283],[-83.653424,35.922744],[-83.654564,35.924199],[-83.654571,35.925012],[-83.652524,35.925934],[-83.652524,35.926435],[-83.652119,35.927527],[-83.650971,35.926835],[-83.647682,35.926175],[-83.64694,35.930119],[-83.646063,35.930608],[-83.645347,35.929803],[-83.638972,35.927344],[-83.636351,35.927317],[-83.634271,35.926964],[-83.63042,35.926758],[-83.627089,35.926309],[-83.624894,35.92775],[-83.622692,35.928715],[-83.621678,35.929641],[-83.61908,35.934114],[-83.6176,35.935459],[-83.615823,35.936061],[-83.611769,35.935458],[-83.609338,35.934484],[-83.606712,35.933278],[-83.604341,35.932712],[-83.605277,35.932329],[-83.605569,35.931961],[-83.605477,35.931653],[-83.605438,35.932076],[-83.604202,35.931934],[-83.602878,35.931605],[-83.600251,35.931622],[-83.600204,35.931496],[-83.598529,35.930996],[-83.598103,35.930958],[-83.596942,35.930503],[-83.595597,35.929844],[-83.595625,35.929457],[-83.595265,35.929506],[-83.594969,35.930086],[-83.594423,35.930394],[-83.594102,35.930676],[-83.593697,35.929806],[-83.59326,35.923736],[-83.594486,35.922819],[-83.5909,35.923626],[-83.590331,35.922486],[-83.589367,35.922149],[-83.588865,35.926385],[-83.58807,35.927284],[-83.584797,35.928405],[-83.58359,35.925599],[-83.583553,35.924465],[-83.584406,35.921457],[-83.58305,35.919392],[-83.582646,35.916388],[-83.582907,35.914351],[-83.581949,35.914269],[-83.581851,35.914818],[-83.581542,35.916182],[-83.581594,35.919025],[-83.58056,35.919111],[-83.580384,35.91912],[-83.580567,35.914818],[-83.581018,35.912167],[-83.581185,35.911112],[-83.580758,35.909534],[-83.579976,35.907239],[-83.580363,35.904548],[-83.580623,35.903859],[-83.579416,35.903714],[-83.577512,35.903715],[-83.575245,35.902765],[-83.574959,35.903762],[-83.574956,35.903791],[-83.572747,35.903663],[-83.570893,35.904898],[-83.569411,35.907236],[-83.567133,35.908948],[-83.565804,35.910064],[-83.562234,35.911374],[-83.558356,35.912677],[-83.555841,35.913528],[-83.549721,35.915564],[-83.548222,35.916063],[-83.546838,35.916804],[-83.546257,35.917914],[-83.545856,35.918767],[-83.544596,35.921408],[-83.543146,35.923627],[-83.542751,35.924925],[-83.543734,35.926209],[-83.545353,35.926708],[-83.547152,35.928158],[-83.546981,35.928951],[-83.544238,35.927337],[-83.543076,35.927767],[-83.543563,35.931027],[-83.543903,35.933642],[-83.543895,35.934025],[-83.543293,35.935772],[-83.54244,35.938022],[-83.542154,35.938921],[-83.542047,35.939987],[-83.541824,35.940705],[-83.541693,35.941686],[-83.541548,35.942086],[-83.540947,35.943032],[-83.540725,35.943188],[-83.540172,35.944072],[-83.539987,35.944425],[-83.539106,35.946986],[-83.539025,35.947537],[-83.538386,35.948943],[-83.538373,35.949163],[-83.539318,35.950665],[-83.539349,35.951275],[-83.53909,35.952002],[-83.537796,35.954379],[-83.537423,35.955249],[-83.537156,35.956376],[-83.536422,35.958016],[-83.536403,35.958439],[-83.536891,35.959005],[-83.537567,35.959249],[-83.537707,35.959482],[-83.538248,35.959965],[-83.538605,35.960994],[-83.538149,35.961068],[-83.537968,35.960612],[-83.536411,35.961307],[-83.529537,35.963676],[-83.525905,35.964131],[-83.523113,35.963659],[-83.524522,35.964224],[-83.525858,35.964796],[-83.527161,35.965615],[-83.527781,35.966004],[-83.528421,35.966405],[-83.52983,35.96729],[-83.530272,35.967567],[-83.530738,35.967861],[-83.530839,35.967924],[-83.532584,35.969019],[-83.533529,35.969613],[-83.536638,35.971566],[-83.538712,35.972869],[-83.545995,35.977441],[-83.548927,35.979284],[-83.549412,35.97959],[-83.554798,35.982972],[-83.560604,35.986618],[-83.561804,35.987372],[-83.565792,35.989876],[-83.567855,35.991168],[-83.568948,35.991857],[-83.569259,35.992054],[-83.569934,35.992479],[-83.570414,35.99278],[-83.570515,35.992847],[-83.573082,35.994455],[-83.588542,36.004125],[-83.589897,36.00504],[-83.590641,36.005363],[-83.599385,36.010736],[-83.599852,36.01102],[-83.604261,36.013712],[-83.607428,36.015648],[-83.607951,36.015501],[-83.609501,36.014833],[-83.611795,36.014487],[-83.611895,36.013987],[-83.613696,36.013586],[-83.614695,36.015787],[-83.615705,36.015706],[-83.61604,36.016821],[-83.616496,36.018787],[-83.618796,36.018887],[-83.618852,36.019299],[-83.620935,36.020619],[-83.630967,36.027052],[-83.632466,36.02803],[-83.637218,36.031126],[-83.643412,36.035166],[-83.655597,36.043119],[-83.656897,36.042337],[-83.656791,36.041081],[-83.656181,36.034559],[-83.65668,36.034579],[-83.658633,36.036432],[-83.661196,36.035387],[-83.664097,36.034887],[-83.664997,36.036486],[-83.673297,36.038486],[-83.674454,36.038699],[-83.674206,36.040672],[-83.673453,36.042675],[-83.673913,36.043315],[-83.675283,36.044545],[-83.675199,36.048215],[-83.671273,36.048941],[-83.671169,36.053105],[-83.684735,36.054542],[-83.684861,36.057472],[-83.691993,36.058024],[-83.692177,36.05804],[-83.693499,36.058155],[-83.694137,36.058208],[-83.694599,36.058249],[-83.693465,36.059018],[-83.691951,36.060997],[-83.692147,36.062633],[-83.693366,36.064458],[-83.697273,36.068084],[-83.700271,36.071218],[-83.701548,36.073546],[-83.703725,36.078173],[-83.705857,36.081566],[-83.708719,36.084464],[-83.709924,36.087032],[-83.71029,36.089061],[-83.710114,36.091497],[-83.70925,36.093234],[-83.706324,36.095235],[-83.704319,36.095782],[-83.699122,36.096223],[-83.695149,36.095745],[-83.691292,36.09463],[-83.689138,36.093335],[-83.686301,36.090768],[-83.682916,36.088422],[-83.679504,36.084969],[-83.676289,36.082559],[-83.674736,36.081819],[-83.669956,36.080631],[-83.66746,36.080587],[-83.66741,36.081236],[-83.667026,36.086238],[-83.672119,36.093271],[-83.675665,36.098094],[-83.67932,36.098706],[-83.680945,36.10136],[-83.681199,36.101777],[-83.687208,36.102311],[-83.687212,36.108628],[-83.68775,36.1087],[-83.687167,36.111815],[-83.687688,36.112406],[-83.689247,36.112476],[-83.689534,36.111797],[-83.694581,36.11128],[-83.697665,36.109391],[-83.699405,36.109469],[-83.699265,36.110866],[-83.699015,36.113369],[-83.697752,36.112732],[-83.697014,36.115918],[-83.694737,36.115808],[-83.694247,36.120869],[-83.691477,36.121108],[-83.691436,36.121971],[-83.700045,36.122879],[-83.700383,36.121059],[-83.701723,36.121261],[-83.701743,36.120059],[-83.703982,36.120652],[-83.703491,36.122074],[-83.704847,36.122503],[-83.706688,36.124742],[-83.706377,36.128211],[-83.712603,36.128784],[-83.716986,36.132382],[-83.717279,36.132759],[-83.719822,36.12796],[-83.720025,36.128076],[-83.717846,36.132148],[-83.717445,36.132969],[-83.71964,36.135421],[-83.720389,36.136336],[-83.721103,36.136883],[-83.723703,36.137483],[-83.723303,36.140282],[-83.724881,36.14212],[-83.725103,36.142383],[-83.724194,36.145694],[-83.723697,36.147502],[-83.726004,36.149583],[-83.722904,36.151883],[-83.725223,36.15385],[-83.72645,36.154891],[-83.727804,36.156038],[-83.728491,36.156617],[-83.729217,36.15723],[-83.730718,36.158526],[-83.731263,36.160191],[-83.731538,36.161028],[-83.732427,36.163738],[-83.732704,36.164583],[-83.736785,36.164677],[-83.746371,36.164899],[-83.749872,36.164981],[-83.752397,36.165045],[-83.764493,36.165361],[-83.7659,36.165397],[-83.770848,36.165525],[-83.772645,36.165572],[-83.787018,36.165944],[-83.797887,36.166227],[-83.79949,36.166273],[-83.812218,36.166623],[-83.814252,36.16676],[-83.81679,36.166749],[-83.82044,36.166849],[-83.82242,36.166904],[-83.842032,36.167446],[-83.852414,36.167711],[-83.862048,36.167964],[-83.867769,36.168112],[-83.867875,36.168113],[-83.87458,36.168271],[-83.881283,36.168445],[-83.884542,36.168537],[-83.889286,36.168701],[-83.898099,36.168882],[-83.903972,36.16898],[-83.902497,36.167709],[-83.90323,36.166758],[-83.901853,36.166333],[-83.900992,36.165191],[-83.900489,36.164533],[-83.902514,36.162504],[-83.905169,36.160906],[-83.906545,36.162006],[-83.90973,36.162688],[-83.909007,36.164244],[-83.907671,36.163853],[-83.905909,36.165352],[-83.906239,36.165814],[-83.907264,36.167264],[-83.906942,36.167697],[-83.906108,36.169013],[-83.906256,36.169005],[-83.90885,36.169061],[-83.916834,36.169244],[-83.917522,36.169333],[-83.917569,36.169365],[-83.922712,36.169381],[-83.925946,36.172019],[-83.926842,36.172806],[-83.927203,36.173037],[-83.927437,36.173198],[-83.934763,36.179237],[-83.937587,36.182139],[-83.939575,36.184183],[-83.941711,36.186378],[-83.944113,36.186479],[-83.944913,36.186079],[-83.946413,36.184179],[-83.947612,36.181879],[-83.950613,36.181379],[-83.952013,36.181679],[-83.956013,36.179479],[-83.957213,36.177579],[-83.961213,36.175979],[-83.962813,36.175779],[-83.964164,36.174225],[-83.964913,36.172779],[-83.967313,36.172179],[-83.968613,36.171279],[-83.968952,36.169562],[-83.969913,36.167479],[-83.976213,36.168079],[-83.976213,36.164279],[-83.975713,36.162879],[-83.979613,36.160779],[-83.980713,36.160579],[-83.981013,36.159579],[-83.984313,36.156679],[-83.985413,36.156179],[-83.988843,36.152907],[-83.990213,36.151979],[-83.992689,36.150928],[-83.996491,36.147203],[-83.997309,36.146701],[-83.997413,36.145487],[-83.999721,36.144419],[-83.999032,36.141398],[-83.999023,36.139914],[-84.000313,36.138979],[-84.002713,36.138779],[-84.004413,36.138079],[-84.007283,36.135887],[-84.007289,36.13591],[-84.007296,36.135933],[-84.007413,36.135851],[-84.007768,36.135628],[-84.008056,36.135447],[-84.008441,36.135179],[-84.008501,36.135137],[-84.00876,36.13495],[-84.008906,36.134853],[-84.009263,36.134593],[-84.009459,36.134464],[-84.011312,36.134779],[-84.015314,36.135378],[-84.015885,36.132491],[-84.016314,36.130879],[-84.015514,36.129378],[-84.016614,36.128579],[-84.018714,36.129279],[-84.020514,36.128879],[-84.022441,36.126716],[-84.02374,36.125079],[-84.027162,36.123855],[-84.028698,36.122591],[-84.029178,36.120751],[-84.027994,36.119871],[-84.028074,36.118623],[-84.029601,36.116569],[-84.029717,36.116475],[-84.030188,36.116089],[-84.033307,36.11408],[-84.034747,36.112784],[-84.036907,36.111696],[-84.038635,36.111712],[-84.040955,36.110831],[-84.043836,36.111583],[-84.044492,36.110703],[-84.04392,36.109182],[-84.043626,36.108399],[-84.045178,36.106271],[-84.045146,36.104911],[-84.046122,36.103839],[-84.047962,36.103454],[-84.051362,36.102296],[-84.052034,36.100982],[-84.053124,36.100325],[-84.055048,36.09901],[-84.057811,36.097752],[-84.060328,36.095537],[-84.063549,36.093678],[-84.065418,36.09082],[-84.066693,36.089788],[-84.068171,36.087679],[-84.068075,36.086559],[-84.069931,36.086063],[-84.072427,36.083263],[-84.078054,36.080936],[-84.081102,36.078144],[-84.081458,36.077715],[-84.08289,36.076383],[-84.08457,36.075471],[-84.086458,36.075375],[-84.088668,36.076975],[-84.09014,36.074703],[-84.092759,36.073724],[-84.091762,36.072095],[-84.09134,36.071439],[-84.092251,36.070223],[-84.094011,36.068911],[-84.090402,36.065673],[-84.088827,36.064271],[-84.084319,36.060256],[-84.080469,36.056542],[-84.075685,36.052232],[-84.074165,36.05088],[-84.072849,36.04968],[-84.071836,36.048764],[-84.071608,36.048528],[-84.068921,36.046022],[-84.065795,36.043065],[-84.058585,36.036304],[-84.060185,36.035664],[-84.063549,36.03282],[-84.068195,36.031393],[-84.069879,36.029624],[-84.070116,36.028881],[-84.070679,36.028278],[-84.070253,36.027551],[-84.070905,36.026312],[-84.073827,36.025605],[-84.076586,36.023488],[-84.076298,36.020656],[-84.077109,36.019677],[-84.077945,36.019569],[-84.079321,36.020465],[-84.080478,36.020215],[-84.082715,36.018683],[-84.082977,36.018318],[-84.084618,36.017104],[-84.085091,36.016709],[-84.088297,36.015837],[-84.089011,36.015915],[-84.090684,36.015346],[-84.091675,36.014984],[-84.093481,36.01472],[-84.099732,36.012521],[-84.100217,36.012241],[-84.101465,36.011709],[-84.103719,36.010373],[-84.103892,36.009074],[-84.103956,36.00795],[-84.105946,36.007135],[-84.106186,36.005743],[-84.107178,36.005055],[-84.109275,36.003567],[-84.110939,36.003295],[-84.112814,36.00161],[-84.113375,36.000364],[-84.114972,35.999485],[-84.116235,36.000079],[-84.118283,36.000223],[-84.119867,36.000959],[-84.122123,35.999311],[-84.124108,35.998379],[-84.125643,35.998383],[-84.126724,35.997729],[-84.126765,35.997693],[-84.127147,35.997263],[-84.127659,35.996991],[-84.12813,35.996818],[-84.128203,35.996809],[-84.129707,35.996111],[-84.129963,35.994463],[-84.133731,35.994067],[-84.1363,35.993359],[-84.137564,35.993647],[-84.138188,35.992927],[-84.137836,35.990879],[-84.139644,35.989807],[-84.143052,35.990047],[-84.1443,35.990511],[-84.144965,35.98998],[-84.146652,35.988287],[-84.14742,35.987007],[-84.1495,35.986927],[-84.15518,35.989359],[-84.157068,35.990671],[-84.15731,35.990883],[-84.157886,35.991276],[-84.159222,35.990432],[-84.161754,35.989912],[-84.167252,35.990536],[-84.174851,35.991629],[-84.180567,35.9922],[-84.184558,35.992943],[-84.187262,35.994383],[-84.190271,35.994976],[-84.191535,35.995632],[-84.193247,35.994992],[-84.195151,35.993008],[-84.195488,35.991692],[-84.195511,35.991602],[-84.195726,35.990303],[-84.194334,35.983615],[-84.194606,35.981999],[-84.195694,35.979566],[-84.196606,35.978414],[-84.198894,35.977198],[-84.201918,35.976894],[-84.206206,35.976734],[-84.213407,35.975774],[-84.214647,35.975115],[-84.215759,35.97331],[-84.215791,35.971662],[-84.216527,35.96651],[-84.219535,35.963438],[-84.220575,35.961614],[-84.220127,35.959918],[-84.217583,35.957486],[-84.215855,35.956654],[-84.214495,35.95411],[-84.213782,35.950119],[-84.214094,35.947854],[-84.215902,35.946382],[-84.217775,35.94571],[-84.221373,35.945752],[-84.224975,35.94707],[-84.227679,35.948286],[-84.229967,35.950398],[-84.233019,35.952577],[-84.236336,35.954414],[-84.23896,35.955454],[-84.240704,35.95571],[-84.244016,35.95499],[-84.24536,35.953134],[-84.24587,35.950511],[-84.244854,35.948656],[-84.241949,35.948464],[-84.239897,35.948025],[-84.238576,35.946967],[-84.237791,35.944462],[-84.237967,35.943342],[-84.23921,35.940993],[-84.238207,35.937486],[-84.236575,35.934334],[-84.235823,35.931678],[-84.236271,35.930638],[-84.237583,35.929646],[-84.239695,35.929006],[-84.241679,35.929182],[-84.244784,35.930334],[-84.247808,35.932942],[-84.250203,35.936495],[-84.251527,35.938013],[-84.25434,35.939936],[-84.258397,35.941557],[-84.264725,35.943637],[-84.26821,35.943867],[-84.271546,35.942228],[-84.27347,35.939278],[-84.272889,35.936694],[-84.27167,35.935685],[-84.26769,35.933888],[-84.263766,35.931268],[-84.260944,35.930027],[-84.258878,35.929668],[-84.256366,35.928358],[-84.255333,35.92513],[-84.252675,35.920386],[-84.252359,35.918888],[-84.253314,35.917374],[-84.255365,35.916078],[-84.257863,35.915207],[-84.261609,35.914425],[-84.26394,35.914399],[-84.2679,35.913879],[-84.270666,35.91201],[-84.271587,35.910165],[-84.271309,35.907351],[-84.268393,35.902563],[-84.264928,35.898455],[-84.263383,35.89694],[-84.264045,35.895181],[-84.265292,35.894349],[-84.266656,35.894101],[-84.268952,35.894794],[-84.271373,35.89666],[-84.274541,35.900263],[-84.277083,35.901985],[-84.279297,35.902846],[-84.281159,35.902984],[-84.282819,35.902319],[-84.284551,35.901026],[-84.285502,35.899181],[-84.285931,35.896142],[-84.285811,35.894283],[-84.283758,35.889491],[-84.281682,35.886298],[-84.278817,35.881035],[-84.278545,35.879796],[-84.278976,35.87721],[-84.28169,35.875467],[-84.282678,35.875077],[-84.285613,35.875077],[-84.287551,35.876758],[-84.289801,35.879511],[-84.293683,35.883323],[-84.296684,35.884602],[-84.304926,35.88721],[-84.30906,35.888253],[-84.310376,35.888272],[-84.312966,35.887847],[-84.316957,35.886591],[-84.319184,35.886313],[-84.322983,35.88675],[-84.324275,35.887133],[-84.327392,35.889375],[-84.32997,35.892904],[-84.330159,35.892115],[-84.330962,35.888757],[-84.332902,35.880624],[-84.332096,35.880126],[-84.33312,35.878815],[-84.333236,35.87861],[-84.333901,35.876443],[-84.335447,35.869461],[-84.336888,35.86027],[-84.337492,35.856671],[-84.338871,35.850295],[-84.338687,35.849486],[-84.339048,35.848411],[-84.339042,35.844649],[-84.338494,35.841839],[-84.339347,35.840698],[-84.339925,35.838972],[-84.339887,35.83698],[-84.340142,35.835486],[-84.342269,35.834323],[-84.342791,35.83189],[-84.347624,35.832367],[-84.350681,35.831121],[-84.353508,35.829965],[-84.354572,35.829531],[-84.36486,35.825335],[-84.371537,35.825862],[-84.372165,35.823888],[-84.374342,35.822954],[-84.375568,35.822429],[-84.375326,35.820274],[-84.379668,35.817439],[-84.381161,35.805642],[-84.379881,35.797815],[-84.381909,35.796521],[-84.378968,35.792881],[-84.378323,35.792941],[-84.377189,35.790678],[-84.382473,35.78709],[-84.387432,35.783375],[-84.388296,35.782319],[-84.386125,35.781036],[-84.382112,35.778645],[-84.380776,35.777851],[-84.386895,35.770427],[-84.388333,35.768683],[-84.388607,35.768352],[-84.391961,35.770405],[-84.395614,35.772471],[-84.399731,35.774526],[-84.402764,35.775951],[-84.404442,35.776545],[-84.406695,35.777046],[-84.408241,35.777245],[-84.412588,35.777117],[-84.414745,35.7769],[-84.416415,35.776451],[-84.417696,35.775747],[-84.419143,35.774752],[-84.420862,35.773277],[-84.422009,35.771976],[-84.423249,35.770004],[-84.423889,35.768441],[-84.424336,35.766402],[-84.424488,35.764664],[-84.424483,35.762976],[-84.424358,35.758954],[-84.424408,35.75796],[-84.424991,35.755533],[-84.425289,35.754569],[-84.42601,35.753255],[-84.427155,35.751833],[-84.428548,35.750473],[-84.42907,35.750074],[-84.430123,35.749452],[-84.431359,35.748888],[-84.431706,35.74873],[-84.433406,35.748306],[-84.43407,35.74821],[-84.435166,35.748212],[-84.43642,35.748367],[-84.43857,35.749192],[-84.440059,35.750074],[-84.441143,35.750583],[-84.444352,35.752917],[-84.445709,35.75403],[-84.446348,35.75468],[-84.447104,35.75612],[-84.447351,35.757112],[-84.4475,35.758201],[-84.44733,35.759083],[-84.448361,35.759382],[-84.449173,35.758867],[-84.458787,35.750073],[-84.46793,35.741489],[-84.47088,35.738716],[-84.472,35.737664],[-84.481451,35.728682],[-84.482554,35.727633],[-84.494488,35.716362],[-84.510472,35.716448],[-84.512361,35.715149],[-84.516891,35.71204],[-84.521008,35.705865],[-84.521551,35.705053],[-84.521869,35.694773],[-84.526091,35.6948],[-84.526171,35.691329],[-84.530577,35.691171],[-84.530597,35.69072],[-84.530737,35.687609],[-84.531803,35.687606],[-84.531877,35.684294],[-84.531909,35.683997],[-84.527427,35.683912],[-84.526842,35.683902],[-84.521842,35.683729],[-84.521887,35.680907],[-84.521936,35.676597],[-84.52542,35.676606],[-84.526299,35.676607],[-84.530779,35.676612],[-84.530976,35.670382],[-84.539963,35.670465],[-84.540031,35.665894],[-84.540254,35.665873],[-84.541204,35.665916],[-84.54881,35.666062],[-84.548815,35.665642],[-84.548872,35.662402],[-84.550918,35.662404],[-84.55337,35.662406],[-84.553352,35.658825],[-84.565717,35.658843],[-84.575602,35.658889],[-84.575615,35.658604],[-84.575671,35.657348],[-84.575503,35.651638],[-84.576407,35.651638],[-84.579587,35.651625],[-84.58441,35.651607],[-84.584469,35.650331],[-84.584444,35.648339],[-84.584461,35.645801],[-84.584472,35.644424],[-84.601307,35.64449],[-84.605699,35.644472],[-84.619865,35.644651],[-84.621759,35.643874],[-84.622613,35.642717],[-84.624548,35.642261],[-84.627985,35.640758],[-84.629744,35.640016],[-84.630052,35.637258],[-84.631217,35.634797],[-84.632564,35.633079],[-84.634484,35.633354],[-84.634945,35.632542],[-84.634003,35.630917],[-84.634339,35.62974],[-84.637018,35.628875],[-84.638168,35.62618],[-84.641858,35.626175],[-84.643056,35.625065],[-84.643794,35.623329],[-84.644774,35.621918],[-84.647632,35.616038],[-84.649077,35.615078],[-84.650487,35.612384],[-84.65238,35.611696],[-84.652426,35.610155],[-84.653823,35.608252],[-84.654976,35.60764],[-84.655157,35.606749],[-84.654588,35.60498],[-84.655174,35.604057],[-84.658048,35.602743],[-84.659285,35.59914],[-84.658507,35.598217],[-84.659407,35.596955],[-84.661357,35.596277],[-84.665713,35.595296],[-84.666889,35.592814],[-84.666959,35.592594],[-84.667343,35.591438],[-84.666396,35.590403],[-84.666535,35.589289],[-84.668237,35.588392],[-84.669695,35.586673],[-84.672786,35.585316],[-84.673973,35.584246],[-84.677017,35.582669],[-84.680899,35.581096],[-84.681625,35.579365],[-84.684083,35.578994],[-84.685047,35.579481],[-84.687065,35.579638],[-84.689814,35.577603],[-84.689661,35.57582],[-84.6883,35.575086],[-84.688123,35.574054],[-84.688672,35.57076],[-84.690717,35.567521],[-84.69076,35.563728],[-84.692215,35.561832],[-84.695744,35.561077],[-84.695464,35.558303],[-84.69724,35.556963],[-84.69745,35.556339],[-84.698065,35.555288],[-84.699973,35.554291],[-84.702626,35.551653],[-84.702568,35.550668],[-84.705303,35.54719],[-84.70547,35.545995],[-84.706721,35.543373],[-84.706773,35.541347],[-84.708112,35.539878],[-84.709995,35.539334],[-84.711198,35.538019],[-84.711473,35.535537],[-84.711961,35.534835],[-84.713843,35.533897],[-84.715616,35.532535],[-84.716057,35.532342],[-84.716945,35.530891],[-84.719818,35.528284],[-84.720523,35.526538],[-84.722701,35.523991],[-84.724491,35.52323],[-84.724634,35.521551],[-84.728939,35.519998],[-84.731996,35.520671],[-84.733116,35.520057],[-84.733348,35.518641],[-84.735588,35.517267],[-84.736514,35.516316]]],[[[-84.539963,35.670465],[-84.539848,35.673838],[-84.539822,35.675185],[-84.539774,35.67684],[-84.544214,35.676893],[-84.544266,35.673265],[-84.548777,35.673213],[-84.548774,35.670536],[-84.541246,35.670477],[-84.539963,35.670465]]]]}},{"type":"Feature","properties":{"id":3,"NAME":"47108112003","TotalPop":740857,"PopDevPct":-0.03518053,"DemPct":0.31637291,"RepPct":0.67045758,"WhitePct":0.80050535,"MinorityPct":0.19949465,"BlackPct":0.10413501,"HispanicPct":0.04782579,"PacificPct":0.00112338,"AsianPct":0.01887901,"NativePct":0.02710805,"TotalVAP":585730,"Margin":-0.18362709,"color":"#88ff6e","opacity":"0.5"},"geometry":{"type":"MultiPolygon","coordinates":[[[[-84.667398,35.268041],[-84.667517,35.267862],[-84.669542,35.265544],[-84.671924,35.260996],[-84.673452,35.257936],[-84.676569,35.253712],[-84.678504,35.253727],[-84.680959,35.253747],[-84.684062,35.253772],[-84.684093,35.253224],[-84.685485,35.253597],[-84.685443,35.246584],[-84.68872,35.246603],[-84.689654,35.246573],[-84.694637,35.246673],[-84.694638,35.245093],[-84.698738,35.244173],[-84.698737,35.241673],[-84.703219,35.241101],[-84.703607,35.241043],[-84.70361,35.24176],[-84.703921,35.242469],[-84.704453,35.24302],[-84.705647,35.243556],[-84.706655,35.243613],[-84.708026,35.243437],[-84.709917,35.243374],[-84.710934,35.243649],[-84.711225,35.243923],[-84.711148,35.245468],[-84.712191,35.246964],[-84.712688,35.248021],[-84.712794,35.248569],[-84.712574,35.249159],[-84.712244,35.24956],[-84.711264,35.249971],[-84.704898,35.249965],[-84.704203,35.249601],[-84.703137,35.249245],[-84.701306,35.248994],[-84.700179,35.249146],[-84.699444,35.249371],[-84.698954,35.249757],[-84.698238,35.250073],[-84.698038,35.251173],[-84.697737,35.251473],[-84.697538,35.252673],[-84.697838,35.253173],[-84.699038,35.254673],[-84.700138,35.255973],[-84.700538,35.256573],[-84.701738,35.257673],[-84.702338,35.257973],[-84.703538,35.258773],[-84.704638,35.259273],[-84.705538,35.259573],[-84.706038,35.259873],[-84.708438,35.260973],[-84.709138,35.261473],[-84.710538,35.261973],[-84.713138,35.262273],[-84.715238,35.261973],[-84.716138,35.261773],[-84.717138,35.261373],[-84.718638,35.260673],[-84.719238,35.260273],[-84.720972,35.259444],[-84.721262,35.259258],[-84.723505,35.258402],[-84.72604,35.256781],[-84.730394,35.254713],[-84.732476,35.254454],[-84.737384,35.255359],[-84.740378,35.256468],[-84.741817,35.258047],[-84.744441,35.264223],[-84.74517,35.266213],[-84.745226,35.266343],[-84.745353,35.266635],[-84.745415,35.266725],[-84.745497,35.266843],[-84.747437,35.269378],[-84.74994,35.270273],[-84.751642,35.271206],[-84.752702,35.272598],[-84.752633,35.273985],[-84.751101,35.275446],[-84.74994,35.275886],[-84.74554,35.276673],[-84.74194,35.276873],[-84.73943,35.276245],[-84.739436,35.276198],[-84.739375,35.276127],[-84.739194,35.276006],[-84.739166,35.275992],[-84.739026,35.275924],[-84.738079,35.275579],[-84.737954,35.275534],[-84.737734,35.27548],[-84.735258,35.274955],[-84.734883,35.274917],[-84.734439,35.274873],[-84.733756,35.274877],[-84.733555,35.274879],[-84.733438,35.274873],[-84.733381,35.27488],[-84.729739,35.275373],[-84.726539,35.276273],[-84.723639,35.278672],[-84.723039,35.280572],[-84.72294,35.284372],[-84.72374,35.287071],[-84.72534,35.289471],[-84.72674,35.29067],[-84.728339,35.29127],[-84.730739,35.29137],[-84.734238,35.29087],[-84.740155,35.289431],[-84.74234,35.288873],[-84.74654,35.287373],[-84.749191,35.287273],[-84.752707,35.288595],[-84.756684,35.290813],[-84.756845,35.290928],[-84.758638,35.292759],[-84.760229,35.295042],[-84.762127,35.297491],[-84.765067,35.299984],[-84.76514,35.30003],[-84.76907,35.302873],[-84.771952,35.304516],[-84.777724,35.307433],[-84.779704,35.309059],[-84.782567,35.313536],[-84.784972,35.314319],[-84.790342,35.314219],[-84.798645,35.316068],[-84.799314,35.316228],[-84.802002,35.317395],[-84.802876,35.31809],[-84.803744,35.32069],[-84.80379,35.325275],[-84.804181,35.326135],[-84.805854,35.327696],[-84.807852,35.328423],[-84.810539,35.327893],[-84.814516,35.325624],[-84.817406,35.324651],[-84.821532,35.324554],[-84.824855,35.325693],[-84.825854,35.326702],[-84.827581,35.328165],[-84.83124,35.330679],[-84.832441,35.331934],[-84.834086,35.335243],[-84.836793,35.338896],[-84.837902,35.340042],[-84.841878,35.342422],[-84.848925,35.345783],[-84.851095,35.346489],[-84.855789,35.3481],[-84.860164,35.350074],[-84.858702,35.352545],[-84.858345,35.353144],[-84.856643,35.355711],[-84.856062,35.358151],[-84.854782,35.360674],[-84.854586,35.362787],[-84.853706,35.364269],[-84.853077,35.366672],[-84.853469,35.368943],[-84.853222,35.37018],[-84.851953,35.370995],[-84.850116,35.373469],[-84.848548,35.376669],[-84.845825,35.380632],[-84.844117,35.384382],[-84.839804,35.390877],[-84.838644,35.39367],[-84.837044,35.39517],[-84.837444,35.39737],[-84.835444,35.39827],[-84.834344,35.40077],[-84.831244,35.40447],[-84.828843,35.40567],[-84.827039,35.405662],[-84.825643,35.40577],[-84.824543,35.404671],[-84.823443,35.407971],[-84.822142,35.409072],[-84.820746,35.411456],[-84.820843,35.412972],[-84.820043,35.414172],[-84.818943,35.414672],[-84.818843,35.415471],[-84.817144,35.416971],[-84.817044,35.418071],[-84.820303,35.418298],[-84.821326,35.418623],[-84.823054,35.419785],[-84.823145,35.420571],[-84.822045,35.422371],[-84.821045,35.425571],[-84.819445,35.427271],[-84.818545,35.430071],[-84.815843,35.43527],[-84.814543,35.43697],[-84.810922,35.436491],[-84.807843,35.43707],[-84.805043,35.43637],[-84.803243,35.43657],[-84.801943,35.43777],[-84.800743,35.442271],[-84.802644,35.443471],[-84.805144,35.443771],[-84.805044,35.444971],[-84.806544,35.446171],[-84.805544,35.448571],[-84.801244,35.449071],[-84.800044,35.450771],[-84.800376,35.451708],[-84.80195,35.453482],[-84.801147,35.455181],[-84.799643,35.456679],[-84.798242,35.457176],[-84.795717,35.455893],[-84.794444,35.45617],[-84.792444,35.45767],[-84.791543,35.45877],[-84.790143,35.461769],[-84.788943,35.462569],[-84.787743,35.464769],[-84.785643,35.465169],[-84.781942,35.463869],[-84.780342,35.464969],[-84.777543,35.465669],[-84.775826,35.467258],[-84.775243,35.469269],[-84.771742,35.47227],[-84.772142,35.47397],[-84.770942,35.47537],[-84.770742,35.477971],[-84.771442,35.479571],[-84.771343,35.480672],[-84.768943,35.483072],[-84.768583,35.484117],[-84.767443,35.485372],[-84.76593,35.485495],[-84.764943,35.485172],[-84.763243,35.485872],[-84.761743,35.485672],[-84.760443,35.486172],[-84.759243,35.487872],[-84.757843,35.488872],[-84.757485,35.488991],[-84.757943,35.491272],[-84.757586,35.492474],[-84.758142,35.493169],[-84.760473,35.492672],[-84.761668,35.493248],[-84.761443,35.493972],[-84.759843,35.495172],[-84.758243,35.495372],[-84.756743,35.496372],[-84.755443,35.496272],[-84.753443,35.498472],[-84.752243,35.499372],[-84.749741,35.500465],[-84.749711,35.501546],[-84.750757,35.502209],[-84.749652,35.503588],[-84.749942,35.506579],[-84.747925,35.507907],[-84.747173,35.510783],[-84.744521,35.511155],[-84.742506,35.511112],[-84.740596,35.512906],[-84.739765,35.513541],[-84.740163,35.514934],[-84.739256,35.516167],[-84.736514,35.516316],[-84.735588,35.517267],[-84.733348,35.518641],[-84.733116,35.520057],[-84.731996,35.520671],[-84.728939,35.519998],[-84.724634,35.521551],[-84.724491,35.52323],[-84.722701,35.523991],[-84.720523,35.526538],[-84.719818,35.528284],[-84.716945,35.530891],[-84.716057,35.532342],[-84.715616,35.532535],[-84.713843,35.533897],[-84.711961,35.534835],[-84.711473,35.535537],[-84.711198,35.538019],[-84.709995,35.539334],[-84.708112,35.539878],[-84.706773,35.541347],[-84.706721,35.543373],[-84.70547,35.545995],[-84.705303,35.54719],[-84.702568,35.550668],[-84.702626,35.551653],[-84.699973,35.554291],[-84.698065,35.555288],[-84.69745,35.556339],[-84.69724,35.556963],[-84.695464,35.558303],[-84.695744,35.561077],[-84.692215,35.561832],[-84.69076,35.563728],[-84.690717,35.567521],[-84.688672,35.57076],[-84.688123,35.574054],[-84.6883,35.575086],[-84.689661,35.57582],[-84.689814,35.577603],[-84.687065,35.579638],[-84.685047,35.579481],[-84.684083,35.578994],[-84.681625,35.579365],[-84.680899,35.581096],[-84.677017,35.582669],[-84.673973,35.584246],[-84.672786,35.585316],[-84.669695,35.586673],[-84.668237,35.588392],[-84.666535,35.589289],[-84.666396,35.590403],[-84.667343,35.591438],[-84.666959,35.592594],[-84.666889,35.592814],[-84.665713,35.595296],[-84.661357,35.596277],[-84.659407,35.596955],[-84.658507,35.598217],[-84.659285,35.59914],[-84.658048,35.602743],[-84.655174,35.604057],[-84.654588,35.60498],[-84.655157,35.606749],[-84.654976,35.60764],[-84.653823,35.608252],[-84.652426,35.610155],[-84.65238,35.611696],[-84.650487,35.612384],[-84.649077,35.615078],[-84.647632,35.616038],[-84.644774,35.621918],[-84.643794,35.623329],[-84.643056,35.625065],[-84.641858,35.626175],[-84.638168,35.62618],[-84.637018,35.628875],[-84.634339,35.62974],[-84.634003,35.630917],[-84.634945,35.632542],[-84.634484,35.633354],[-84.632564,35.633079],[-84.631217,35.634797],[-84.630052,35.637258],[-84.629744,35.640016],[-84.627985,35.640758],[-84.624548,35.642261],[-84.622613,35.642717],[-84.621759,35.643874],[-84.619865,35.644651],[-84.605699,35.644472],[-84.601307,35.64449],[-84.584472,35.644424],[-84.584461,35.645801],[-84.584444,35.648339],[-84.584469,35.650331],[-84.58441,35.651607],[-84.579587,35.651625],[-84.576407,35.651638],[-84.575503,35.651638],[-84.575671,35.657348],[-84.575615,35.658604],[-84.575602,35.658889],[-84.565717,35.658843],[-84.553352,35.658825],[-84.55337,35.662406],[-84.550918,35.662404],[-84.548872,35.662402],[-84.548815,35.665642],[-84.54881,35.666062],[-84.541204,35.665916],[-84.540254,35.665873],[-84.540031,35.665894],[-84.539963,35.670465],[-84.530976,35.670382],[-84.530779,35.676612],[-84.526299,35.676607],[-84.52542,35.676606],[-84.521936,35.676597],[-84.521887,35.680907],[-84.521842,35.683729],[-84.526842,35.683902],[-84.527427,35.683912],[-84.531909,35.683997],[-84.531877,35.684294],[-84.531803,35.687606],[-84.530737,35.687609],[-84.530597,35.69072],[-84.530577,35.691171],[-84.526171,35.691329],[-84.526091,35.6948],[-84.521869,35.694773],[-84.521551,35.705053],[-84.521008,35.705865],[-84.516891,35.71204],[-84.512361,35.715149],[-84.510472,35.716448],[-84.494488,35.716362],[-84.482554,35.727633],[-84.481451,35.728682],[-84.472,35.737664],[-84.47088,35.738716],[-84.46793,35.741489],[-84.458787,35.750073],[-84.449173,35.758867],[-84.448361,35.759382],[-84.44733,35.759083],[-84.4475,35.758201],[-84.447351,35.757112],[-84.447104,35.75612],[-84.446348,35.75468],[-84.445709,35.75403],[-84.444352,35.752917],[-84.441143,35.750583],[-84.440059,35.750074],[-84.43857,35.749192],[-84.43642,35.748367],[-84.435166,35.748212],[-84.43407,35.74821],[-84.433406,35.748306],[-84.431706,35.74873],[-84.431359,35.748888],[-84.430123,35.749452],[-84.42907,35.750074],[-84.428548,35.750473],[-84.427155,35.751833],[-84.42601,35.753255],[-84.425289,35.754569],[-84.424991,35.755533],[-84.424408,35.75796],[-84.424358,35.758954],[-84.424483,35.762976],[-84.424488,35.764664],[-84.424336,35.766402],[-84.423889,35.768441],[-84.423249,35.770004],[-84.422009,35.771976],[-84.420862,35.773277],[-84.419143,35.774752],[-84.417696,35.775747],[-84.416415,35.776451],[-84.414745,35.7769],[-84.412588,35.777117],[-84.408241,35.777245],[-84.406695,35.777046],[-84.404442,35.776545],[-84.402764,35.775951],[-84.399731,35.774526],[-84.395614,35.772471],[-84.391961,35.770405],[-84.388607,35.768352],[-84.388333,35.768683],[-84.386895,35.770427],[-84.380776,35.777851],[-84.382112,35.778645],[-84.386125,35.781036],[-84.388296,35.782319],[-84.387432,35.783375],[-84.382473,35.78709],[-84.377189,35.790678],[-84.378323,35.792941],[-84.378968,35.792881],[-84.381909,35.796521],[-84.379881,35.797815],[-84.381161,35.805642],[-84.379668,35.817439],[-84.375326,35.820274],[-84.375568,35.822429],[-84.374342,35.822954],[-84.372165,35.823888],[-84.371537,35.825862],[-84.36486,35.825335],[-84.354572,35.829531],[-84.353508,35.829965],[-84.350681,35.831121],[-84.347624,35.832367],[-84.342791,35.83189],[-84.342269,35.834323],[-84.340142,35.835486],[-84.339887,35.83698],[-84.339925,35.838972],[-84.339347,35.840698],[-84.338494,35.841839],[-84.339042,35.844649],[-84.339048,35.848411],[-84.338687,35.849486],[-84.338871,35.850295],[-84.337492,35.856671],[-84.336888,35.86027],[-84.335447,35.869461],[-84.333901,35.876443],[-84.333236,35.87861],[-84.33312,35.878815],[-84.332096,35.880126],[-84.332902,35.880624],[-84.330962,35.888757],[-84.330159,35.892115],[-84.32997,35.892904],[-84.327392,35.889375],[-84.324275,35.887133],[-84.322983,35.88675],[-84.319184,35.886313],[-84.316957,35.886591],[-84.312966,35.887847],[-84.310376,35.888272],[-84.30906,35.888253],[-84.304926,35.88721],[-84.296684,35.884602],[-84.293683,35.883323],[-84.289801,35.879511],[-84.287551,35.876758],[-84.285613,35.875077],[-84.282678,35.875077],[-84.28169,35.875467],[-84.278976,35.87721],[-84.278545,35.879796],[-84.278817,35.881035],[-84.281682,35.886298],[-84.283758,35.889491],[-84.285811,35.894283],[-84.285931,35.896142],[-84.285502,35.899181],[-84.284551,35.901026],[-84.282819,35.902319],[-84.281159,35.902984],[-84.279297,35.902846],[-84.277083,35.901985],[-84.274541,35.900263],[-84.271373,35.89666],[-84.268952,35.894794],[-84.266656,35.894101],[-84.265292,35.894349],[-84.264045,35.895181],[-84.263383,35.89694],[-84.264928,35.898455],[-84.268393,35.902563],[-84.271309,35.907351],[-84.271587,35.910165],[-84.270666,35.91201],[-84.2679,35.913879],[-84.26394,35.914399],[-84.261609,35.914425],[-84.257863,35.915207],[-84.255365,35.916078],[-84.253314,35.917374],[-84.252359,35.918888],[-84.252675,35.920386],[-84.255333,35.92513],[-84.256366,35.928358],[-84.258878,35.929668],[-84.260944,35.930027],[-84.263766,35.931268],[-84.26769,35.933888],[-84.27167,35.935685],[-84.272889,35.936694],[-84.27347,35.939278],[-84.271546,35.942228],[-84.26821,35.943867],[-84.264725,35.943637],[-84.258397,35.941557],[-84.25434,35.939936],[-84.251527,35.938013],[-84.250203,35.936495],[-84.247808,35.932942],[-84.244784,35.930334],[-84.241679,35.929182],[-84.239695,35.929006],[-84.237583,35.929646],[-84.236271,35.930638],[-84.235823,35.931678],[-84.236575,35.934334],[-84.238207,35.937486],[-84.23921,35.940993],[-84.237967,35.943342],[-84.237791,35.944462],[-84.238576,35.946967],[-84.239897,35.948025],[-84.241949,35.948464],[-84.244854,35.948656],[-84.24587,35.950511],[-84.24536,35.953134],[-84.244016,35.95499],[-84.240704,35.95571],[-84.23896,35.955454],[-84.236336,35.954414],[-84.233019,35.952577],[-84.229967,35.950398],[-84.227679,35.948286],[-84.224975,35.94707],[-84.221373,35.945752],[-84.217775,35.94571],[-84.215902,35.946382],[-84.214094,35.947854],[-84.213782,35.950119],[-84.214495,35.95411],[-84.215855,35.956654],[-84.217583,35.957486],[-84.220127,35.959918],[-84.220575,35.961614],[-84.219535,35.963438],[-84.216527,35.96651],[-84.215791,35.971662],[-84.215759,35.97331],[-84.214647,35.975115],[-84.213407,35.975774],[-84.206206,35.976734],[-84.201918,35.976894],[-84.198894,35.977198],[-84.196606,35.978414],[-84.195694,35.979566],[-84.194606,35.981999],[-84.194334,35.983615],[-84.195726,35.990303],[-84.195511,35.991602],[-84.195488,35.991692],[-84.195151,35.993008],[-84.193247,35.994992],[-84.191535,35.995632],[-84.190271,35.994976],[-84.187262,35.994383],[-84.184558,35.992943],[-84.180567,35.9922],[-84.174851,35.991629],[-84.167252,35.990536],[-84.161754,35.989912],[-84.159222,35.990432],[-84.157886,35.991276],[-84.15731,35.990883],[-84.157068,35.990671],[-84.15518,35.989359],[-84.1495,35.986927],[-84.14742,35.987007],[-84.146652,35.988287],[-84.144965,35.98998],[-84.1443,35.990511],[-84.143052,35.990047],[-84.139644,35.989807],[-84.137836,35.990879],[-84.138188,35.992927],[-84.137564,35.993647],[-84.1363,35.993359],[-84.133731,35.994067],[-84.129963,35.994463],[-84.129707,35.996111],[-84.128203,35.996809],[-84.12813,35.996818],[-84.127659,35.996991],[-84.127147,35.997263],[-84.126765,35.997693],[-84.126724,35.997729],[-84.125643,35.998383],[-84.124108,35.998379],[-84.122123,35.999311],[-84.119867,36.000959],[-84.118283,36.000223],[-84.116235,36.000079],[-84.114972,35.999485],[-84.113375,36.000364],[-84.112814,36.00161],[-84.110939,36.003295],[-84.109275,36.003567],[-84.107178,36.005055],[-84.106186,36.005743],[-84.105946,36.007135],[-84.103956,36.00795],[-84.103892,36.009074],[-84.103719,36.010373],[-84.101465,36.011709],[-84.100217,36.012241],[-84.099732,36.012521],[-84.093481,36.01472],[-84.091675,36.014984],[-84.090684,36.015346],[-84.089011,36.015915],[-84.088297,36.015837],[-84.085091,36.016709],[-84.084618,36.017104],[-84.082977,36.018318],[-84.082715,36.018683],[-84.080478,36.020215],[-84.079321,36.020465],[-84.077945,36.019569],[-84.077109,36.019677],[-84.076298,36.020656],[-84.076586,36.023488],[-84.073827,36.025605],[-84.070905,36.026312],[-84.070253,36.027551],[-84.070679,36.028278],[-84.070116,36.028881],[-84.069879,36.029624],[-84.068195,36.031393],[-84.063549,36.03282],[-84.060185,36.035664],[-84.058585,36.036304],[-84.065795,36.043065],[-84.068921,36.046022],[-84.071608,36.048528],[-84.071836,36.048764],[-84.072849,36.04968],[-84.074165,36.05088],[-84.075685,36.052232],[-84.080469,36.056542],[-84.084319,36.060256],[-84.088827,36.064271],[-84.090402,36.065673],[-84.094011,36.068911],[-84.092251,36.070223],[-84.09134,36.071439],[-84.091762,36.072095],[-84.092759,36.073724],[-84.09014,36.074703],[-84.088668,36.076975],[-84.086458,36.075375],[-84.08457,36.075471],[-84.08289,36.076383],[-84.081458,36.077715],[-84.081102,36.078144],[-84.078054,36.080936],[-84.072427,36.083263],[-84.069931,36.086063],[-84.068075,36.086559],[-84.068171,36.087679],[-84.066693,36.089788],[-84.065418,36.09082],[-84.063549,36.093678],[-84.060328,36.095537],[-84.057811,36.097752],[-84.055048,36.09901],[-84.053124,36.100325],[-84.052034,36.100982],[-84.051362,36.102296],[-84.047962,36.103454],[-84.046122,36.103839],[-84.045146,36.104911],[-84.045178,36.106271],[-84.043626,36.108399],[-84.04392,36.109182],[-84.044492,36.110703],[-84.043836,36.111583],[-84.040955,36.110831],[-84.038635,36.111712],[-84.036907,36.111696],[-84.034747,36.112784],[-84.033307,36.11408],[-84.030188,36.116089],[-84.029717,36.116475],[-84.029601,36.116569],[-84.028074,36.118623],[-84.027994,36.119871],[-84.029178,36.120751],[-84.028698,36.122591],[-84.027162,36.123855],[-84.02374,36.125079],[-84.022441,36.126716],[-84.020514,36.128879],[-84.018714,36.129279],[-84.016614,36.128579],[-84.015514,36.129378],[-84.016314,36.130879],[-84.015885,36.132491],[-84.015314,36.135378],[-84.011312,36.134779],[-84.009459,36.134464],[-84.009263,36.134593],[-84.008906,36.134853],[-84.00876,36.13495],[-84.008501,36.135137],[-84.008441,36.135179],[-84.008056,36.135447],[-84.007768,36.135628],[-84.007413,36.135851],[-84.007296,36.135933],[-84.007289,36.13591],[-84.007283,36.135887],[-84.004413,36.138079],[-84.002713,36.138779],[-84.000313,36.138979],[-83.999023,36.139914],[-83.999032,36.141398],[-83.999721,36.144419],[-83.997413,36.145487],[-83.997309,36.146701],[-83.996491,36.147203],[-83.992689,36.150928],[-83.990213,36.151979],[-83.988843,36.152907],[-83.985413,36.156179],[-83.984313,36.156679],[-83.981013,36.159579],[-83.980713,36.160579],[-83.979613,36.160779],[-83.975713,36.162879],[-83.976213,36.164279],[-83.976213,36.168079],[-83.969913,36.167479],[-83.968952,36.169562],[-83.968613,36.171279],[-83.967313,36.172179],[-83.964913,36.172779],[-83.964164,36.174225],[-83.962813,36.175779],[-83.961213,36.175979],[-83.957213,36.177579],[-83.956013,36.179479],[-83.952013,36.181679],[-83.950613,36.181379],[-83.947612,36.181879],[-83.946413,36.184179],[-83.944913,36.186079],[-83.944113,36.186479],[-83.941711,36.186378],[-83.939575,36.184183],[-83.937587,36.182139],[-83.934763,36.179237],[-83.927437,36.173198],[-83.927203,36.173037],[-83.926842,36.172806],[-83.925946,36.172019],[-83.922712,36.169381],[-83.917569,36.169365],[-83.917522,36.169333],[-83.916834,36.169244],[-83.90885,36.169061],[-83.906256,36.169005],[-83.906108,36.169013],[-83.906942,36.167697],[-83.907264,36.167264],[-83.906239,36.165814],[-83.905909,36.165352],[-83.907671,36.163853],[-83.909007,36.164244],[-83.90973,36.162688],[-83.906545,36.162006],[-83.905169,36.160906],[-83.902514,36.162504],[-83.900489,36.164533],[-83.900992,36.165191],[-83.901853,36.166333],[-83.90323,36.166758],[-83.902497,36.167709],[-83.903972,36.16898],[-83.898099,36.168882],[-83.889286,36.168701],[-83.884542,36.168537],[-83.881283,36.168445],[-83.87458,36.168271],[-83.867875,36.168113],[-83.867769,36.168112],[-83.862048,36.167964],[-83.852414,36.167711],[-83.842032,36.167446],[-83.82242,36.166904],[-83.82044,36.166849],[-83.81679,36.166749],[-83.814252,36.16676],[-83.812218,36.166623],[-83.79949,36.166273],[-83.797887,36.166227],[-83.787018,36.165944],[-83.772645,36.165572],[-83.770848,36.165525],[-83.7659,36.165397],[-83.764493,36.165361],[-83.752397,36.165045],[-83.749872,36.164981],[-83.746371,36.164899],[-83.736785,36.164677],[-83.732704,36.164583],[-83.732427,36.163738],[-83.731538,36.161028],[-83.731263,36.160191],[-83.730718,36.158526],[-83.729217,36.15723],[-83.728491,36.156617],[-83.727804,36.156038],[-83.72645,36.154891],[-83.725223,36.15385],[-83.722904,36.151883],[-83.726004,36.149583],[-83.723697,36.147502],[-83.724194,36.145694],[-83.725103,36.142383],[-83.724881,36.14212],[-83.723303,36.140282],[-83.723703,36.137483],[-83.721103,36.136883],[-83.720389,36.136336],[-83.71964,36.135421],[-83.717445,36.132969],[-83.717846,36.132148],[-83.720025,36.128076],[-83.719822,36.12796],[-83.717279,36.132759],[-83.716986,36.132382],[-83.712603,36.128784],[-83.706377,36.128211],[-83.706688,36.124742],[-83.704847,36.122503],[-83.703491,36.122074],[-83.703982,36.120652],[-83.701743,36.120059],[-83.701723,36.121261],[-83.700383,36.121059],[-83.700045,36.122879],[-83.691436,36.121971],[-83.691477,36.121108],[-83.694247,36.120869],[-83.694737,36.115808],[-83.697014,36.115918],[-83.697752,36.112732],[-83.699015,36.113369],[-83.699265,36.110866],[-83.699405,36.109469],[-83.697665,36.109391],[-83.694581,36.11128],[-83.689534,36.111797],[-83.689247,36.112476],[-83.687688,36.112406],[-83.687167,36.111815],[-83.68775,36.1087],[-83.687212,36.108628],[-83.687208,36.102311],[-83.681199,36.101777],[-83.680945,36.10136],[-83.67932,36.098706],[-83.675665,36.098094],[-83.672119,36.093271],[-83.667026,36.086238],[-83.66741,36.081236],[-83.66746,36.080587],[-83.669956,36.080631],[-83.674736,36.081819],[-83.676289,36.082559],[-83.679504,36.084969],[-83.682916,36.088422],[-83.686301,36.090768],[-83.689138,36.093335],[-83.691292,36.09463],[-83.695149,36.095745],[-83.699122,36.096223],[-83.704319,36.095782],[-83.706324,36.095235],[-83.70925,36.093234],[-83.710114,36.091497],[-83.71029,36.089061],[-83.709924,36.087032],[-83.708719,36.084464],[-83.705857,36.081566],[-83.703725,36.078173],[-83.701548,36.073546],[-83.700271,36.071218],[-83.697273,36.068084],[-83.693366,36.064458],[-83.692147,36.062633],[-83.691951,36.060997],[-83.693465,36.059018],[-83.694599,36.058249],[-83.694137,36.058208],[-83.693499,36.058155],[-83.692177,36.05804],[-83.691993,36.058024],[-83.684861,36.057472],[-83.684735,36.054542],[-83.671169,36.053105],[-83.671273,36.048941],[-83.675199,36.048215],[-83.675283,36.044545],[-83.673913,36.043315],[-83.673453,36.042675],[-83.674206,36.040672],[-83.674454,36.038699],[-83.673297,36.038486],[-83.664997,36.036486],[-83.664097,36.034887],[-83.661196,36.035387],[-83.658633,36.036432],[-83.65668,36.034579],[-83.656181,36.034559],[-83.656791,36.041081],[-83.656897,36.042337],[-83.655597,36.043119],[-83.643412,36.035166],[-83.637218,36.031126],[-83.632466,36.02803],[-83.630967,36.027052],[-83.620935,36.020619],[-83.618852,36.019299],[-83.618796,36.018887],[-83.616496,36.018787],[-83.61604,36.016821],[-83.615705,36.015706],[-83.614695,36.015787],[-83.613696,36.013586],[-83.611895,36.013987],[-83.611795,36.014487],[-83.609501,36.014833],[-83.607951,36.015501],[-83.607428,36.015648],[-83.604261,36.013712],[-83.599852,36.01102],[-83.599385,36.010736],[-83.590641,36.005363],[-83.589897,36.00504],[-83.588542,36.004125],[-83.573082,35.994455],[-83.570515,35.992847],[-83.570414,35.99278],[-83.569934,35.992479],[-83.569259,35.992054],[-83.568948,35.991857],[-83.567855,35.991168],[-83.565792,35.989876],[-83.561804,35.987372],[-83.560604,35.986618],[-83.554798,35.982972],[-83.549412,35.97959],[-83.548927,35.979284],[-83.545995,35.977441],[-83.538712,35.972869],[-83.536638,35.971566],[-83.533529,35.969613],[-83.532584,35.969019],[-83.530839,35.967924],[-83.530738,35.967861],[-83.530272,35.967567],[-83.52983,35.96729],[-83.528421,35.966405],[-83.527781,35.966004],[-83.527161,35.965615],[-83.525858,35.964796],[-83.524522,35.964224],[-83.523113,35.963659],[-83.521515,35.962958],[-83.51952,35.960784],[-83.51924,35.958605],[-83.51857,35.957264],[-83.516325,35.955646],[-83.516681,35.953315],[-83.517533,35.952101],[-83.518197,35.950923],[-83.516865,35.949016],[-83.515322,35.947851],[-83.511679,35.946084],[-83.511239,35.944365],[-83.509111,35.943336],[-83.508315,35.942372],[-83.508303,35.939409],[-83.507028,35.938814],[-83.505224,35.939518],[-83.505028,35.938472],[-83.503832,35.937712],[-83.501556,35.937753],[-83.500479,35.937183],[-83.497393,35.937709],[-83.497756,35.936526],[-83.496652,35.935652],[-83.494662,35.936482],[-83.493565,35.935383],[-83.491791,35.936164],[-83.489201,35.93555],[-83.487918,35.935141],[-83.486859,35.932709],[-83.487401,35.931454],[-83.489462,35.930931],[-83.489878,35.929979],[-83.489831,35.92996],[-83.489713,35.92991],[-83.489739,35.929772],[-83.489869,35.929209],[-83.489931,35.928992],[-83.490053,35.92863],[-83.490067,35.928575],[-83.490088,35.928501],[-83.490115,35.928338],[-83.490132,35.928111],[-83.49013,35.928043],[-83.490122,35.927973],[-83.488337,35.927655],[-83.486141,35.928553],[-83.487305,35.927455],[-83.486188,35.927605],[-83.485476,35.928438],[-83.483683,35.927993],[-83.482398,35.928974],[-83.481839,35.928983],[-83.481601,35.929022],[-83.481452,35.929142],[-83.480934,35.929735],[-83.480664,35.93002],[-83.480496,35.930231],[-83.480239,35.930619],[-83.480076,35.930508],[-83.479999,35.930547],[-83.479832,35.930595],[-83.479749,35.93059],[-83.479681,35.93056],[-83.479603,35.930483],[-83.479283,35.930142],[-83.479015,35.92985],[-83.478846,35.929887],[-83.478678,35.929932],[-83.478391,35.929998],[-83.478217,35.930048],[-83.478078,35.930095],[-83.477871,35.930199],[-83.477139,35.930126],[-83.476895,35.927705],[-83.475513,35.926466],[-83.475466,35.924413],[-83.474901,35.922893],[-83.473416,35.92444],[-83.472162,35.924643],[-83.470863,35.923082],[-83.469398,35.92296],[-83.468425,35.923794],[-83.467025,35.923552],[-83.46506,35.924831],[-83.464636,35.927262],[-83.464866,35.928255],[-83.464114,35.929726],[-83.46274,35.929904],[-83.461681,35.928712],[-83.462424,35.926943],[-83.460594,35.926038],[-83.460309,35.923135],[-83.457304,35.922387],[-83.45572,35.922917],[-83.454404,35.924497],[-83.454385,35.925819],[-83.453609,35.927352],[-83.453243,35.928839],[-83.453193,35.928869],[-83.451096,35.929064],[-83.450641,35.929722],[-83.449808,35.928302],[-83.450412,35.926],[-83.449705,35.925044],[-83.45059,35.924356],[-83.448746,35.923254],[-83.447538,35.9228],[-83.444804,35.92637],[-83.444352,35.928915],[-83.443741,35.929008],[-83.44323,35.929085],[-83.441277,35.928921],[-83.439409,35.928923],[-83.438991,35.928085],[-83.438615,35.927481],[-83.437657,35.926643],[-83.436781,35.925336],[-83.436281,35.924866],[-83.436444,35.923994],[-83.435986,35.923626],[-83.435405,35.923727],[-83.433665,35.925645],[-83.432424,35.927359],[-83.430927,35.926892],[-83.430135,35.92592],[-83.429551,35.925148],[-83.429174,35.925017],[-83.429113,35.924996],[-83.429098,35.924997],[-83.428862,35.925026],[-83.428849,35.925028],[-83.428797,35.925068],[-83.428666,35.925168],[-83.428322,35.925436],[-83.428292,35.925486],[-83.428209,35.925629],[-83.428041,35.925918],[-83.427663,35.925911],[-83.427062,35.925977],[-83.426354,35.926643],[-83.425562,35.927245],[-83.424498,35.927932],[-83.424011,35.928211],[-83.423314,35.92899],[-83.422413,35.92935],[-83.42207,35.930339],[-83.421397,35.930554],[-83.420905,35.930277],[-83.420701,35.929977],[-83.420503,35.929248],[-83.42035,35.929097],[-83.418142,35.929426],[-83.418069,35.929459],[-83.417889,35.929541],[-83.417496,35.929723],[-83.417246,35.929923],[-83.417211,35.929996],[-83.417094,35.930249],[-83.416868,35.93268],[-83.415994,35.933231],[-83.407153,35.928914],[-83.406624,35.929564],[-83.404607,35.928568],[-83.403886,35.930758],[-83.401802,35.930149],[-83.400537,35.93065],[-83.400399,35.931802],[-83.398906,35.932996],[-83.397006,35.932186],[-83.396065,35.932847],[-83.395377,35.93308],[-83.394843,35.933085],[-83.39378,35.932667],[-83.392365,35.931707],[-83.39128,35.931354],[-83.390881,35.93073],[-83.389902,35.92962],[-83.389602,35.928844],[-83.389133,35.92822],[-83.389283,35.927987],[-83.390491,35.927792],[-83.390877,35.927633],[-83.390959,35.927335],[-83.390025,35.926814],[-83.390007,35.92658],[-83.390377,35.92609],[-83.390444,35.925017],[-83.390627,35.92443],[-83.390185,35.923016],[-83.389784,35.922537],[-83.390587,35.922171],[-83.391185,35.92161],[-83.392119,35.919841],[-83.391839,35.919106],[-83.391203,35.918384],[-83.391277,35.917755],[-83.391789,35.916879],[-83.391484,35.915547],[-83.391299,35.915223],[-83.39075,35.914779],[-83.387457,35.913605],[-83.383629,35.91496],[-83.379691,35.915726],[-83.378036,35.91558],[-83.374884,35.914811],[-83.373005,35.91516],[-83.371442,35.914196],[-83.369262,35.915454],[-83.367341,35.915453],[-83.364274,35.9161],[-83.3615,35.917929],[-83.361208,35.918182],[-83.360358,35.918923],[-83.360326,35.918929],[-83.359949,35.919011],[-83.356146,35.919833],[-83.353374,35.919628],[-83.350126,35.917876],[-83.348361,35.917004],[-83.344502,35.916102],[-83.34405,35.914615],[-83.342164,35.913767],[-83.33944,35.913179],[-83.337833,35.911924],[-83.337209,35.911952],[-83.334569,35.912257],[-83.331135,35.911891],[-83.328436,35.91024],[-83.326485,35.909382],[-83.3262,35.909239],[-83.321186,35.906412],[-83.318633,35.904114],[-83.31641,35.901704],[-83.314419,35.900313],[-83.312627,35.897449],[-83.310782,35.895846],[-83.307748,35.898064],[-83.305752,35.900164],[-83.304716,35.89886],[-83.304168,35.897927],[-83.302702,35.897579],[-83.301398,35.899833],[-83.297853,35.901516],[-83.297483,35.902981],[-83.296205,35.905506],[-83.29533,35.908749],[-83.293739,35.910081],[-83.293263,35.912932],[-83.291722,35.921747],[-83.291098,35.925318],[-83.28951,35.934401],[-83.28925,35.935889],[-83.286323,35.952634],[-83.286292,35.952813],[-83.285562,35.956987],[-83.285252,35.958763],[-83.284242,35.964544],[-83.285647,35.964802],[-83.287972,35.964417],[-83.2892,35.964851],[-83.290618,35.963872],[-83.290478,35.96605],[-83.288236,35.967891],[-83.28668,35.967931],[-83.285837,35.968659],[-83.283635,35.96801],[-83.282806,35.97275],[-83.282615,35.973827],[-83.28149,35.980122],[-83.281021,35.982804],[-83.280944,35.98325],[-83.280897,35.983516],[-83.280788,35.984146],[-83.280619,35.985107],[-83.280571,35.985396],[-83.280598,35.985961],[-83.278872,35.995086],[-83.278374,35.997936],[-83.278028,35.999914],[-83.277997,36.000096],[-83.277995,36.000121],[-83.27796,36.000752],[-83.277949,36.000963],[-83.276677,36.007652],[-83.27627,36.008989],[-83.2782,36.010946],[-83.279867,36.015843],[-83.282231,36.0259],[-83.283601,36.028408],[-83.285322,36.030605],[-83.287615,36.032363],[-83.290201,36.033899],[-83.294751,36.035931],[-83.297915,36.037842],[-83.301996,36.041312],[-83.30473,36.041907],[-83.310744,36.043759],[-83.31695,36.0448],[-83.322129,36.045141],[-83.325116,36.045165],[-83.333076,36.044576],[-83.337486,36.042283],[-83.337599,36.042223],[-83.339318,36.043264],[-83.342659,36.045266],[-83.342788,36.045341],[-83.346974,36.047826],[-83.348924,36.049012],[-83.353024,36.05129],[-83.357712,36.052949],[-83.35779,36.05323],[-83.359498,36.053808],[-83.369683,36.057252],[-83.373855,36.059157],[-83.378034,36.062456],[-83.378071,36.06214],[-83.378359,36.059641],[-83.379322,36.057943],[-83.379579,36.055725],[-83.379862,36.054905],[-83.382893,36.051646],[-83.38418,36.050837],[-83.386796,36.053882],[-83.389463,36.055908],[-83.391875,36.054595],[-83.394074,36.052834],[-83.396841,36.051984],[-83.397538,36.052347],[-83.400331,36.052053],[-83.402405,36.05391],[-83.404835,36.051291],[-83.407782,36.049],[-83.409223,36.047261],[-83.410764,36.046206],[-83.411082,36.044885],[-83.413409,36.041863],[-83.414426,36.043367],[-83.417072,36.044868],[-83.417683,36.045389],[-83.418284,36.048021],[-83.418298,36.048686],[-83.418299,36.048918],[-83.418605,36.0505],[-83.420031,36.051144],[-83.420539,36.053226],[-83.417806,36.05543],[-83.418876,36.059618],[-83.418114,36.060527],[-83.416959,36.062486],[-83.414944,36.064246],[-83.416785,36.063564],[-83.420948,36.064304],[-83.421578,36.064055],[-83.422772,36.063682],[-83.424484,36.062332],[-83.428042,36.060427],[-83.429023,36.059355],[-83.43114,36.057878],[-83.4334,36.057751],[-83.435105,36.058015],[-83.436965,36.057109],[-83.443161,36.056147],[-83.444622,36.055231],[-83.444946,36.056348],[-83.44663,36.057458],[-83.452887,36.059669],[-83.455197,36.061617],[-83.455535,36.06209],[-83.455347,36.06213],[-83.453808,36.06316],[-83.452007,36.064566],[-83.450764,36.066102],[-83.448191,36.069015],[-83.448483,36.069673],[-83.448904,36.07096],[-83.450259,36.072209],[-83.449964,36.075606],[-83.450113,36.079127],[-83.454032,36.079573],[-83.454733,36.080177],[-83.456449,36.082365],[-83.457666,36.086882],[-83.45803,36.088022],[-83.455947,36.092936],[-83.455922,36.096656],[-83.451725,36.094451],[-83.448275,36.093567],[-83.446016,36.092509],[-83.442494,36.09213],[-83.444402,36.09363],[-83.445396,36.093983],[-83.444298,36.097258],[-83.443812,36.100343],[-83.445128,36.102966],[-83.444654,36.105508],[-83.453901,36.106138],[-83.453751,36.102541],[-83.454165,36.099546],[-83.454398,36.09996],[-83.455935,36.10051],[-83.457421,36.10149],[-83.459261,36.102518],[-83.460084,36.10322],[-83.46106,36.104293],[-83.461302,36.104708],[-83.46136,36.105241],[-83.461177,36.105838],[-83.461195,36.106555],[-83.461697,36.1075],[-83.463865,36.109085],[-83.464149,36.109407],[-83.46509,36.110988],[-83.465761,36.112127],[-83.466547,36.113376],[-83.469982,36.113939],[-83.471281,36.114819],[-83.473331,36.116418],[-83.472903,36.116666],[-83.474202,36.11765],[-83.474613,36.11741],[-83.476298,36.119265],[-83.475228,36.119548],[-83.473875,36.121164],[-83.474402,36.122283],[-83.477305,36.120469],[-83.477417,36.120611],[-83.475511,36.121773],[-83.474549,36.12242],[-83.474232,36.122627],[-83.471772,36.124314],[-83.468958,36.126259],[-83.470735,36.126956],[-83.473992,36.124505],[-83.475584,36.124499],[-83.476588,36.125112],[-83.47646,36.125426],[-83.47332,36.125919],[-83.472218,36.127236],[-83.473445,36.127435],[-83.477676,36.12723],[-83.480207,36.12713],[-83.483409,36.127343],[-83.484609,36.128036],[-83.48266,36.12948],[-83.481939,36.130443],[-83.478749,36.131288],[-83.468922,36.134871],[-83.469642,36.136143],[-83.470052,36.136551],[-83.470824,36.137053],[-83.472273,36.137791],[-83.472765,36.138266],[-83.473097,36.13893],[-83.473141,36.140197],[-83.473086,36.140213],[-83.472885,36.142194],[-83.47042,36.142583],[-83.46984,36.140789],[-83.469031,36.140923],[-83.468955,36.140936],[-83.459734,36.14248],[-83.459291,36.147565],[-83.459059,36.149664],[-83.458265,36.151737],[-83.457728,36.155375],[-83.458695,36.155289],[-83.460628,36.159871],[-83.462502,36.164293],[-83.464303,36.168552],[-83.465497,36.171377],[-83.467097,36.174688],[-83.466197,36.176488],[-83.465697,36.178488],[-83.466903,36.181941],[-83.468697,36.185388],[-83.468297,36.187288],[-83.465897,36.188888],[-83.461697,36.188089],[-83.460297,36.188089],[-83.453597,36.188889],[-83.451597,36.189289],[-83.449097,36.190289],[-83.447197,36.192589],[-83.446897,36.194889],[-83.447297,36.196289],[-83.450297,36.200589],[-83.451197,36.203189],[-83.451016,36.20607],[-83.450597,36.208889],[-83.450798,36.213289],[-83.450398,36.216089],[-83.449498,36.217989],[-83.447398,36.219889],[-83.442498,36.222789],[-83.440497,36.222189],[-83.439097,36.221089],[-83.437997,36.218489],[-83.439097,36.213889],[-83.438797,36.212289],[-83.437561,36.211483],[-83.434197,36.209889],[-83.433432,36.209889],[-83.432297,36.209889],[-83.426597,36.211489],[-83.424397,36.212789],[-83.422297,36.214589],[-83.416096,36.219389],[-83.415896,36.220689],[-83.416697,36.223089],[-83.420897,36.228689],[-83.421697,36.230989],[-83.421497,36.232689],[-83.419897,36.236289],[-83.416297,36.241289],[-83.411297,36.247289],[-83.409497,36.248789],[-83.407397,36.249589],[-83.405897,36.250089],[-83.397097,36.253189],[-83.394497,36.255489],[-83.393097,36.258089],[-83.392597,36.259789],[-83.389831,36.262743],[-83.387697,36.264589],[-83.386797,36.265089],[-83.385997,36.265389],[-83.384751,36.265588],[-83.384197,36.265689],[-83.382697,36.26549],[-83.381502,36.265431],[-83.379096,36.26529],[-83.377496,36.26529],[-83.375596,36.26569],[-83.374896,36.26569],[-83.373596,36.26569],[-83.373196,36.26559],[-83.371896,36.26559],[-83.370596,36.26539],[-83.369396,36.26539],[-83.367196,36.26559],[-83.366296,36.26579],[-83.365596,36.26579],[-83.364996,36.26609],[-83.362196,36.26769],[-83.361796,36.26899],[-83.361896,36.27039],[-83.362296,36.27169],[-83.363396,36.27259],[-83.363796,36.27329],[-83.364196,36.27449],[-83.364396,36.27599],[-83.363496,36.27819],[-83.362996,36.27899],[-83.361696,36.28009],[-83.360896,36.28059],[-83.359796,36.28149],[-83.358296,36.28219],[-83.356796,36.28249],[-83.355196,36.28259],[-83.353796,36.28239],[-83.352496,36.28209],[-83.352096,36.28189],[-83.349596,36.28129],[-83.348896,36.28119],[-83.347196,36.28059],[-83.346296,36.28009],[-83.344795,36.27939],[-83.344195,36.27919],[-83.342895,36.27919],[-83.340995,36.27949],[-83.340195,36.27989],[-83.339595,36.28049],[-83.338295,36.28139],[-83.336895,36.28209],[-83.334695,36.28279],[-83.333795,36.28359],[-83.333495,36.28409],[-83.333395,36.28479],[-83.332995,36.28649],[-83.332995,36.28709],[-83.332795,36.28889],[-83.332795,36.29079],[-83.332495,36.29249],[-83.331795,36.29389],[-83.331195,36.29469],[-83.330195,36.29569],[-83.328977,36.296149],[-83.328295,36.29669],[-83.327095,36.29669],[-83.325595,36.29629],[-83.323895,36.29569],[-83.322295,36.29499],[-83.321695,36.29459],[-83.320624,36.293319],[-83.319493,36.29229],[-83.318592,36.290889],[-83.318391,36.290289],[-83.31799,36.287789],[-83.31819,36.287289],[-83.319089,36.285987],[-83.319689,36.285287],[-83.319989,36.284586],[-83.319988,36.283685],[-83.319187,36.281685],[-83.318084,36.279884],[-83.317784,36.279584],[-83.317483,36.278784],[-83.316682,36.278384],[-83.316182,36.277684],[-83.315181,36.276784],[-83.31398,36.276385],[-83.31358,36.276485],[-83.312279,36.276486],[-83.311878,36.276086],[-83.311177,36.274886],[-83.310776,36.273885],[-83.310476,36.273385],[-83.310175,36.272385],[-83.309974,36.271184],[-83.310374,36.270284],[-83.310274,36.270084],[-83.309273,36.269284],[-83.308873,36.269184],[-83.308072,36.268484],[-83.307571,36.268284],[-83.306571,36.268085],[-83.30567,36.268085],[-83.30507,36.268186],[-83.30397,36.268887],[-83.30297,36.270188],[-83.30237,36.271589],[-83.302171,36.27219],[-83.301471,36.273291],[-83.300671,36.274092],[-83.299871,36.275193],[-83.298971,36.276094],[-83.298271,36.276394],[-83.296771,36.277396],[-83.29557,36.277897],[-83.29447,36.278097],[-83.293969,36.277798],[-83.292968,36.277398],[-83.292067,36.276498],[-83.291566,36.275798],[-83.291165,36.274697],[-83.290663,36.271996],[-83.290862,36.270595],[-83.291262,36.269494],[-83.291461,36.268494],[-83.292161,36.266692],[-83.29216,36.266192],[-83.29196,36.265093],[-83.291459,36.263792],[-83.290157,36.262692],[-83.288456,36.262293],[-83.287892,36.262293],[-83.285554,36.261995],[-83.284111,36.261996],[-83.282055,36.262097],[-83.279358,36.263197],[-83.27826,36.264497],[-83.27816,36.265596],[-83.278662,36.268995],[-83.278964,36.27309],[-83.278566,36.276088],[-83.276568,36.276688],[-83.273369,36.274392],[-83.27237,36.273993],[-83.269371,36.273895],[-83.267073,36.274296],[-83.266274,36.274996],[-83.265476,36.276995],[-83.26628,36.28259],[-83.26718,36.283789],[-83.267281,36.285087],[-83.265983,36.286687],[-83.263286,36.288487],[-83.259989,36.288989],[-83.255292,36.289092],[-83.255885,36.290252],[-83.258609,36.295468],[-83.259147,36.296498],[-83.260178,36.298472],[-83.262717,36.30333],[-83.263132,36.304125],[-83.263642,36.305101],[-83.265274,36.30744],[-83.265371,36.307574],[-83.265662,36.307978],[-83.26576,36.308113],[-83.269312,36.313028],[-83.269427,36.313187],[-83.269773,36.313666],[-83.269889,36.313826],[-83.271731,36.316099],[-83.272144,36.316677],[-83.273318,36.318522],[-83.27369,36.319086],[-83.273694,36.322691],[-83.269066,36.325646],[-83.265635,36.327837],[-83.26558,36.333347],[-83.265379,36.33484],[-83.265128,36.336936],[-83.264506,36.344752],[-83.264498,36.344993],[-83.264499,36.345249],[-83.264612,36.346975],[-83.264799,36.349772],[-83.264894,36.35119],[-83.267194,36.35309],[-83.267895,36.354815],[-83.271217,36.363001],[-83.272281,36.365617],[-83.273295,36.37019],[-83.283095,36.37149],[-83.28578,36.373685],[-83.287436,36.375283],[-83.288896,36.378889],[-83.285496,36.380489],[-83.282496,36.382389],[-83.279096,36.383089],[-83.273895,36.384689],[-83.274396,36.386089],[-83.275996,36.386389],[-83.277596,36.388389],[-83.277596,36.390489],[-83.280595,36.394689],[-83.284796,36.393989],[-83.286596,36.393989],[-83.292996,36.392489],[-83.293896,36.391889],[-83.296496,36.391089],[-83.298096,36.390189],[-83.298996,36.390289],[-83.300497,36.389289],[-83.304197,36.388189],[-83.307497,36.392789],[-83.308597,36.396789],[-83.308297,36.399189],[-83.308597,36.399589],[-83.3153,36.398794],[-83.315379,36.398956],[-83.317531,36.403327],[-83.317781,36.403833],[-83.318526,36.405327],[-83.321132,36.404954],[-83.323014,36.404263],[-83.325157,36.407941],[-83.328197,36.409685],[-83.329498,36.408086],[-83.331698,36.407886],[-83.332698,36.408287],[-83.334998,36.407587],[-83.336756,36.409849],[-83.339198,36.408488],[-83.340998,36.408388],[-83.348522,36.416115],[-83.352099,36.419787],[-83.353099,36.419087],[-83.354999,36.419387],[-83.355799,36.418587],[-83.358699,36.417087],[-83.359899,36.417387],[-83.362199,36.416587],[-83.365099,36.415087],[-83.367099,36.414887],[-83.372,36.412987],[-83.3727,36.413287],[-83.378243,36.411468],[-83.380076,36.4113],[-83.381784,36.408904],[-83.383367,36.409647],[-83.385991,36.409006],[-83.387283,36.409073],[-83.389443,36.408162],[-83.390042,36.410823],[-83.390239,36.411693],[-83.387368,36.412656],[-83.3868,36.413186],[-83.386059,36.413734],[-83.38586,36.414089],[-83.385742,36.414832],[-83.386085,36.415976],[-83.38659,36.416714],[-83.387389,36.417686],[-83.387813,36.418695],[-83.387607,36.419403],[-83.387284,36.419724],[-83.386123,36.420089],[-83.380108,36.420415],[-83.378819,36.420978],[-83.377917,36.422008],[-83.377518,36.42354],[-83.37742,36.424521],[-83.37775,36.427913],[-83.377692,36.430067],[-83.377027,36.430722],[-83.376038,36.431185],[-83.375544,36.431443],[-83.374104,36.43129],[-83.373094,36.43086],[-83.373012,36.431025],[-83.371586,36.433905],[-83.370078,36.446326],[-83.369901,36.449375],[-83.369831,36.450758],[-83.369401,36.459186],[-83.370312,36.46197],[-83.373272,36.47102],[-83.374901,36.476255],[-83.37598,36.481912],[-83.377228,36.484329],[-83.378042,36.487039],[-83.378406,36.487685],[-83.379196,36.490022],[-83.380823,36.493279],[-83.381511,36.494088],[-83.383702,36.500085],[-83.38598,36.508652],[-83.386158,36.509033],[-83.388418,36.513859],[-83.388473,36.513977],[-83.39219,36.521908],[-83.392631,36.522843],[-83.398403,36.535002],[-83.409828,36.548259],[-83.410409,36.548926],[-83.410972,36.549573],[-83.414868,36.553994],[-83.427833,36.567886],[-83.429184,36.569358],[-83.432782,36.573194],[-83.444106,36.580185],[-83.456761,36.587912],[-83.459679,36.589695],[-83.464243,36.592482],[-83.465866,36.593473],[-83.472108,36.597284],[-83.483176,36.597264],[-83.488813,36.597253],[-83.505619,36.597249],[-83.522593,36.597295],[-83.544642,36.597353],[-83.551688,36.59737],[-83.56182,36.597431],[-83.574311,36.597552],[-83.583143,36.597631],[-83.592189,36.597725],[-83.595217,36.597757],[-83.609246,36.597895],[-83.622051,36.597982],[-83.625543,36.598395],[-83.641775,36.59969],[-83.645586,36.600002],[-83.649722,36.600119],[-83.655402,36.600281],[-83.655641,36.600287],[-83.66037,36.600402],[-83.661674,36.600413],[-83.661843,36.600414],[-83.661989,36.600417],[-83.668302,36.600746],[-83.670128,36.600764],[-83.673063,36.600796],[-83.675395,36.600784],[-83.676083,36.598167],[-83.676218,36.597933],[-83.678439,36.595916],[-83.67966,36.594172],[-83.68266,36.593109],[-83.683081,36.591974],[-83.685074,36.590099],[-83.685196,36.589528],[-83.688047,36.586674],[-83.688998,36.584581],[-83.690789,36.582596],[-83.713755,36.58288],[-83.717362,36.582925],[-83.750123,36.583329],[-83.76487,36.58351],[-83.780033,36.583769],[-83.783461,36.583836],[-83.784369,36.583855],[-83.790709,36.583977],[-83.79741,36.584119],[-83.798145,36.584136],[-83.812413,36.584474],[-83.874034,36.585934],[-83.896531,36.586631],[-83.897581,36.586664],[-83.899377,36.586721],[-83.899676,36.586731],[-83.900174,36.586744],[-83.900275,36.586747],[-83.906705,36.586946],[-83.910903,36.587075],[-83.950337,36.588304],[-83.957125,36.588517],[-83.970498,36.588934],[-83.987615,36.589471],[-83.987022,36.588432],[-83.985933,36.588449],[-83.982492,36.585315],[-83.982184,36.583509],[-83.983958,36.580012],[-83.98474,36.574898],[-83.984518,36.572658],[-83.983408,36.57029],[-83.984001,36.568754],[-83.983487,36.565912],[-83.983136,36.566486],[-83.982801,36.563968],[-83.983673,36.56185],[-83.984634,36.560482],[-83.984087,36.560163],[-83.984327,36.560102],[-83.981807,36.558454],[-83.98113,36.556838],[-83.978011,36.555597],[-83.978567,36.554361],[-83.977986,36.553446],[-83.978226,36.552453],[-83.979237,36.551774],[-83.979979,36.550353],[-83.976207,36.541971],[-83.974451,36.538356],[-83.960806,36.508887],[-83.960528,36.508311],[-83.95696,36.501555],[-83.95617,36.500079],[-83.943139,36.473564],[-83.936421,36.460121],[-83.930291,36.459959],[-83.929919,36.455579],[-83.932212,36.455149],[-83.932176,36.454014],[-83.933319,36.453279],[-83.931896,36.450108],[-83.931186,36.448529],[-83.930191,36.446314],[-83.929627,36.445069],[-83.928307,36.445429],[-83.92751,36.443641],[-83.926743,36.442252],[-83.927673,36.441132],[-83.924085,36.436857],[-83.922321,36.43208],[-83.92207,36.429359],[-83.922618,36.427779],[-83.920218,36.428479],[-83.919718,36.427779],[-83.918218,36.428179],[-83.917418,36.427079],[-83.916218,36.427679],[-83.915318,36.426779],[-83.913618,36.426879],[-83.913518,36.426279],[-83.911418,36.426279],[-83.910118,36.426879],[-83.907318,36.429079],[-83.902918,36.427479],[-83.901139,36.425622],[-83.900869,36.425253],[-83.899796,36.42315],[-83.900781,36.421436],[-83.90271,36.420573],[-83.905174,36.420521],[-83.905638,36.419979],[-83.908355,36.419759],[-83.903317,36.418279],[-83.903917,36.417079],[-83.905817,36.413279],[-83.910819,36.413378],[-83.906427,36.410342],[-83.905405,36.408939],[-83.902717,36.405379],[-83.904117,36.404879],[-83.905317,36.401479],[-83.906556,36.399738],[-83.907217,36.399079],[-83.912317,36.395579],[-83.915017,36.393979],[-83.916817,36.391979],[-83.921217,36.387879],[-83.924217,36.387279],[-83.925817,36.387879],[-83.931518,36.393178],[-83.934018,36.394178],[-83.939018,36.394278],[-83.941118,36.395178],[-83.943318,36.397378],[-83.944918,36.398378],[-83.947718,36.398978],[-83.950019,36.401078],[-83.950919,36.401278],[-83.952419,36.399978],[-83.953119,36.397878],[-83.955619,36.393278],[-83.956118,36.391578],[-83.955918,36.389778],[-83.954908,36.387623],[-83.953618,36.384978],[-83.953618,36.384178],[-83.956513,36.381148],[-83.956918,36.380978],[-83.958318,36.379978],[-83.958218,36.378578],[-83.957418,36.377678],[-83.956418,36.377178],[-83.955018,36.376778],[-83.953318,36.375778],[-83.952818,36.375078],[-83.952918,36.374978],[-83.952118,36.374178],[-83.951318,36.372578],[-83.950918,36.372078],[-83.950218,36.370778],[-83.949918,36.369978],[-83.949918,36.368978],[-83.950418,36.367778],[-83.951418,36.365878],[-83.952118,36.364878],[-83.953418,36.363678],[-83.954318,36.363078],[-83.955518,36.362478],[-83.957618,36.361678],[-83.959218,36.361278],[-83.960718,36.361078],[-83.962218,36.361378],[-83.963218,36.362278],[-83.963418,36.362778],[-83.964618,36.362412],[-83.965118,36.361578],[-83.964418,36.360678],[-83.964718,36.359178],[-83.962518,36.358078],[-83.960518,36.358778],[-83.957718,36.359178],[-83.956844,36.358604],[-83.956518,36.357778],[-83.957618,36.357078],[-83.960018,36.356378],[-83.965566,36.355214],[-83.968318,36.354778],[-83.968418,36.354578],[-83.963618,36.348878],[-83.962318,36.347978],[-83.961918,36.347478],[-83.961717,36.346778],[-83.961817,36.345978],[-83.962017,36.345378],[-83.962617,36.344678],[-83.963117,36.344478],[-83.964117,36.344678],[-83.966018,36.345578],[-83.968018,36.345978],[-83.968818,36.346278],[-83.969818,36.346478],[-83.971418,36.342578],[-83.971185,36.341165],[-83.969917,36.333363],[-83.971623,36.328601],[-83.972817,36.312378],[-83.974517,36.311178],[-83.973117,36.308678],[-83.974317,36.308578],[-83.974017,36.306378],[-83.977917,36.305678],[-83.977552,36.304648],[-83.976217,36.300878],[-83.974017,36.298278],[-83.97743,36.29596],[-83.979317,36.294678],[-83.978417,36.293578],[-83.979717,36.292678],[-83.979117,36.292078],[-83.980817,36.290478],[-83.983117,36.289178],[-83.981917,36.286078],[-83.981016,36.284978],[-83.983817,36.285478],[-83.985053,36.282876],[-83.985717,36.281478],[-83.988817,36.282978],[-83.992717,36.283678],[-83.995017,36.283478],[-83.997617,36.282678],[-83.999328,36.281382],[-83.999917,36.277738],[-84.000264,36.276892],[-84.000218,36.273483],[-84.00072,36.271647],[-84.002114,36.270621],[-84.004317,36.270378],[-84.010917,36.272178],[-84.014217,36.271878],[-84.015917,36.271278],[-84.018418,36.271078],[-84.019918,36.271378],[-84.021518,36.272278],[-84.025318,36.277478],[-84.025918,36.279278],[-84.025218,36.284078],[-84.025318,36.286278],[-84.026018,36.289078],[-84.025806,36.292522],[-84.025774,36.294179],[-84.026519,36.297079],[-84.028519,36.299579],[-84.030419,36.300979],[-84.032519,36.301779],[-84.035819,36.301278],[-84.037519,36.299978],[-84.037619,36.299078],[-84.033019,36.293778],[-84.032719,36.293078],[-84.033219,36.291078],[-84.034319,36.289278],[-84.035619,36.287978],[-84.040519,36.285078],[-84.042019,36.282578],[-84.042119,36.280878],[-84.041019,36.277578],[-84.041419,36.275278],[-84.043319,36.272978],[-84.045219,36.271178],[-84.050319,36.267578],[-84.055419,36.263678],[-84.056619,36.262178],[-84.057319,36.260578],[-84.058319,36.255978],[-84.057919,36.252878],[-84.057219,36.250078],[-84.057619,36.249078],[-84.059219,36.247878],[-84.063119,36.246978],[-84.066119,36.248178],[-84.068706,36.250569],[-84.070229,36.251873],[-84.072698,36.251989],[-84.07309,36.251652],[-84.07492,36.250078],[-84.07602,36.247878],[-84.07632,36.244078],[-84.07592,36.241878],[-84.073819,36.239978],[-84.071219,36.238478],[-84.069819,36.236678],[-84.069218,36.233578],[-84.069918,36.230378],[-84.072018,36.228578],[-84.073718,36.227878],[-84.076818,36.227678],[-84.079818,36.228178],[-84.083419,36.229478],[-84.085775,36.229846],[-84.08832,36.229878],[-84.09152,36.229278],[-84.09302,36.226778],[-84.09251,36.22426],[-84.091755,36.222931],[-84.09196,36.222613],[-84.092264,36.222494],[-84.092746,36.2224],[-84.09321,36.222459],[-84.097061,36.223334],[-84.098037,36.223276],[-84.100991,36.224102],[-84.102691,36.224424],[-84.103463,36.225368],[-84.103535,36.225842],[-84.103087,36.228645],[-84.10392,36.229478],[-84.104521,36.232078],[-84.107121,36.232678],[-84.110421,36.233878],[-84.114521,36.234078],[-84.117184,36.233878],[-84.119421,36.233678],[-84.122788,36.233778],[-84.125009,36.234293],[-84.126777,36.233874],[-84.128435,36.234659],[-84.128885,36.234697],[-84.130868,36.233987],[-84.133118,36.234767],[-84.135319,36.233766],[-84.137005,36.234219],[-84.137526,36.234473],[-84.140125,36.233676],[-84.142837,36.23511],[-84.145643,36.23596],[-84.150323,36.237378],[-84.151971,36.237391],[-84.15199,36.237391],[-84.161265,36.237518],[-84.161454,36.237571],[-84.162676,36.237914],[-84.163645,36.238187],[-84.165398,36.238679],[-84.165415,36.238684],[-84.165521,36.238713],[-84.170824,36.240178],[-84.17293,36.240091],[-84.173217,36.240079],[-84.17348,36.240068],[-84.174727,36.240015],[-84.182924,36.239678],[-84.183762,36.239775],[-84.190313,36.240529],[-84.192087,36.240736],[-84.210518,36.24288],[-84.227527,36.244879],[-84.227627,36.244779],[-84.228527,36.243679],[-84.228327,36.242479],[-84.226127,36.241479],[-84.226727,36.239979],[-84.228427,36.239779],[-84.228727,36.238779],[-84.228126,36.236579],[-84.228926,36.234279],[-84.227526,36.232879],[-84.229326,36.225579],[-84.229926,36.224879],[-84.228526,36.223579],[-84.226366,36.2206],[-84.225626,36.219579],[-84.225726,36.217179],[-84.226326,36.216479],[-84.229526,36.215179],[-84.232526,36.214579],[-84.233326,36.210079],[-84.234226,36.208379],[-84.233673,36.207333],[-84.231226,36.204379],[-84.230226,36.203679],[-84.229726,36.201679],[-84.230626,36.198779],[-84.229742,36.197247],[-84.230525,36.193778],[-84.231525,36.191778],[-84.229325,36.189878],[-84.228725,36.187378],[-84.228991,36.185014],[-84.229225,36.183878],[-84.230325,36.182078],[-84.232525,36.181578],[-84.235225,36.180578],[-84.237325,36.178478],[-84.241325,36.177578],[-84.241925,36.177678],[-84.243026,36.178978],[-84.244726,36.178978],[-84.246126,36.180278],[-84.248526,36.181078],[-84.249426,36.181978],[-84.251626,36.182878],[-84.253326,36.186578],[-84.255626,36.187878],[-84.258127,36.189878],[-84.259027,36.190078],[-84.260627,36.189078],[-84.264127,36.188178],[-84.265627,36.191078],[-84.268027,36.193778],[-84.270227,36.194878],[-84.271427,36.196078],[-84.271927,36.199078],[-84.272628,36.200278],[-84.274528,36.201878],[-84.278528,36.204078],[-84.282328,36.206578],[-84.285428,36.207578],[-84.287328,36.210378],[-84.289529,36.211978],[-84.290554,36.213319],[-84.291029,36.215278],[-84.294929,36.217678],[-84.296929,36.219478],[-84.299929,36.220878],[-84.301429,36.220978],[-84.304029,36.218878],[-84.306907,36.217924],[-84.30973,36.216078],[-84.31113,36.216278],[-84.31273,36.215178],[-84.31633,36.214678],[-84.31783,36.213378],[-84.31973,36.213178],[-84.32303,36.213578],[-84.324747,36.212461],[-84.324867,36.2123],[-84.324996,36.211713],[-84.321587,36.210812],[-84.32165,36.210157],[-84.32633,36.208578],[-84.32833,36.208778],[-84.33073,36.208078],[-84.33273,36.208578],[-84.333931,36.210278],[-84.337585,36.210921],[-84.339031,36.212278],[-84.343631,36.213678],[-84.344231,36.214378],[-84.346731,36.215078],[-84.349531,36.215178],[-84.351831,36.214278],[-84.353932,36.214078],[-84.355832,36.214378],[-84.357732,36.214178],[-84.363432,36.213078],[-84.365732,36.212478],[-84.366932,36.212878],[-84.370632,36.214978],[-84.372731,36.216778],[-84.374332,36.215678],[-84.374332,36.214378],[-84.375832,36.212278],[-84.378233,36.211478],[-84.380233,36.209778],[-84.382133,36.207678],[-84.383333,36.206878],[-84.385633,36.206678],[-84.386733,36.205578],[-84.390333,36.204278],[-84.391933,36.202878],[-84.392433,36.201678],[-84.390933,36.199378],[-84.390833,36.196478],[-84.392792,36.193887],[-84.393933,36.192378],[-84.396633,36.190678],[-84.397433,36.189278],[-84.401233,36.186778],[-84.403133,36.185778],[-84.403533,36.184478],[-84.402433,36.180778],[-84.401333,36.180078],[-84.400833,36.178478],[-84.402033,36.176078],[-84.404233,36.174478],[-84.406233,36.174978],[-84.408433,36.173878],[-84.411633,36.169978],[-84.413633,36.169578],[-84.415333,36.167978],[-84.419233,36.169178],[-84.421634,36.169278],[-84.423634,36.168678],[-84.425434,36.165278],[-84.426434,36.164678],[-84.432734,36.165378],[-84.433734,36.164778],[-84.435334,36.164778],[-84.441034,36.163478],[-84.441134,36.162478],[-84.442434,36.160778],[-84.442334,36.158278],[-84.440834,36.155978],[-84.442034,36.155178],[-84.443834,36.153078],[-84.445327,36.151878],[-84.446534,36.152478],[-84.448234,36.152478],[-84.449881,36.151046],[-84.449834,36.142277],[-84.449034,36.139577],[-84.446234,36.138477],[-84.444434,36.138477],[-84.442963,36.139901],[-84.442534,36.139977],[-84.442534,36.137477],[-84.442134,36.135477],[-84.439934,36.135277],[-84.435733,36.133977],[-84.432433,36.131677],[-84.430033,36.131877],[-84.429676,36.131352],[-84.425532,36.125078],[-84.425452,36.124612],[-84.425491,36.123657],[-84.425542,36.122992],[-84.421732,36.115277],[-84.420432,36.108377],[-84.416432,36.108277],[-84.414532,36.107877],[-84.413532,36.107177],[-84.408132,36.105077],[-84.406031,36.103577],[-84.403331,36.103877],[-84.400131,36.104677],[-84.397131,36.104777],[-84.396431,36.105077],[-84.395031,36.104377],[-84.393531,36.102477],[-84.393231,36.100477],[-84.391131,36.099277],[-84.38933,36.099277],[-84.38883,36.098677],[-84.38693,36.098877],[-84.38463,36.097677],[-84.38183,36.096577],[-84.38063,36.096477],[-84.37903,36.095377],[-84.376189,36.09129],[-84.361128,36.069977],[-84.360643,36.06945],[-84.358807,36.067454],[-84.353834,36.062047],[-84.34894,36.056728],[-84.348803,36.056579],[-84.348394,36.056134],[-84.348326,36.05606],[-84.348259,36.055986],[-84.347916,36.055614],[-84.346872,36.054479],[-84.345511,36.053001],[-84.345086,36.052538],[-84.343522,36.050841],[-84.34321,36.050496],[-84.341812,36.048977],[-84.34085,36.046778],[-84.342617,36.047455],[-84.343227,36.047634],[-84.344036,36.047731],[-84.344819,36.047609],[-84.346777,36.047168],[-84.346721,36.047096],[-84.344626,36.047572],[-84.343978,36.04766],[-84.342802,36.04741],[-84.340793,36.046632],[-84.340475,36.045815],[-84.340181,36.044928],[-84.339833,36.044001],[-84.339351,36.042721],[-84.339077,36.041992],[-84.338297,36.039918],[-84.337726,36.038404],[-84.336384,36.034825],[-84.335967,36.033715],[-84.334906,36.030888],[-84.334595,36.03006],[-84.334469,36.029727],[-84.334352,36.029417],[-84.333812,36.027984],[-84.332511,36.024503],[-84.331918,36.022944],[-84.331912,36.022929],[-84.331906,36.022913],[-84.331891,36.022874],[-84.331547,36.02196],[-84.327851,36.012127],[-84.326053,36.007327],[-84.325739,36.006506],[-84.325177,36.005034],[-84.326488,36.003109],[-84.327429,36.003588],[-84.328118,36.002299],[-84.327736,36.000913],[-84.328929,36.000829],[-84.33009,35.999715],[-84.327874,35.998934],[-84.330308,35.998088],[-84.332138,35.998853],[-84.334991,35.998073],[-84.336557,35.996957],[-84.338738,35.996049],[-84.338181,35.995603],[-84.339716,35.994009],[-84.34039,35.995534],[-84.342374,35.994889],[-84.345424,35.992872],[-84.347103,35.991359],[-84.347285,35.990651],[-84.348915,35.991206],[-84.351581,35.989135],[-84.352438,35.987298],[-84.352351,35.985209],[-84.355156,35.983661],[-84.357241,35.984229],[-84.360415,35.983949],[-84.361108,35.983816],[-84.360611,35.982562],[-84.361563,35.98212],[-84.363068,35.9804],[-84.365932,35.980149],[-84.367453,35.979359],[-84.368215,35.978127],[-84.363765,35.978579],[-84.365376,35.97695],[-84.366593,35.976764],[-84.366311,35.975807],[-84.367938,35.975169],[-84.367714,35.974907],[-84.370571,35.973807],[-84.37245,35.972075],[-84.376054,35.970098],[-84.377453,35.969888],[-84.380246,35.968027],[-84.383284,35.966681],[-84.385938,35.96503],[-84.388511,35.964907],[-84.390727,35.964464],[-84.39405,35.962728],[-84.395325,35.960383],[-84.395801,35.958248],[-84.393891,35.956448],[-84.390318,35.954976],[-84.389146,35.953946],[-84.389465,35.95351],[-84.390148,35.953239],[-84.39178,35.953468],[-84.393754,35.952876],[-84.395523,35.952973],[-84.397451,35.953753],[-84.399151,35.955265],[-84.401473,35.954741],[-84.401681,35.953289],[-84.404029,35.951266],[-84.405931,35.950857],[-84.40738,35.951297],[-84.408718,35.949647],[-84.410532,35.950066],[-84.412212,35.949386],[-84.415364,35.947614],[-84.41618,35.946836],[-84.418685,35.945761],[-84.41908,35.944845],[-84.422316,35.943633],[-84.427468,35.940384],[-84.429718,35.938404],[-84.430407,35.937071],[-84.431203,35.935888],[-84.432506,35.934365],[-84.434251,35.93377],[-84.434364,35.932557],[-84.435349,35.931184],[-84.434561,35.929834],[-84.434797,35.927163],[-84.438203,35.925757],[-84.439141,35.92653],[-84.439219,35.926388],[-84.438728,35.926102],[-84.438539,35.92552],[-84.438228,35.924998],[-84.437816,35.92463],[-84.437161,35.924262],[-84.434532,35.922226],[-84.433594,35.920006],[-84.428039,35.922463],[-84.426326,35.923449],[-84.42456,35.924799],[-84.42292,35.927203],[-84.422095,35.929653],[-84.420642,35.93111],[-84.418885,35.931799],[-84.414476,35.933691],[-84.413243,35.933512],[-84.411328,35.932306],[-84.410135,35.930674],[-84.409656,35.927913],[-84.410623,35.925679],[-84.412248,35.923967],[-84.415851,35.922163],[-84.41662,35.921387],[-84.416688,35.918749],[-84.415392,35.916571],[-84.412595,35.913918],[-84.411198,35.912941],[-84.408816,35.912092],[-84.402927,35.911789],[-84.399592,35.910788],[-84.398317,35.909747],[-84.398161,35.909664],[-84.394627,35.907759],[-84.391956,35.905132],[-84.391789,35.904951],[-84.390342,35.903347],[-84.388258,35.900017],[-84.387949,35.898578],[-84.388659,35.896052],[-84.389773,35.894414],[-84.391139,35.89206],[-84.391194,35.890472],[-84.390338,35.888242],[-84.387368,35.885492],[-84.387264,35.885432],[-84.388817,35.884009],[-84.391886,35.881873],[-84.393231,35.879697],[-84.395149,35.878005],[-84.396123,35.877667],[-84.398459,35.877676],[-84.401349,35.879982],[-84.401459,35.8785],[-84.404337,35.876587],[-84.406817,35.8755],[-84.41011,35.873825],[-84.411282,35.873869],[-84.41261,35.874924],[-84.415568,35.874471],[-84.41609,35.873977],[-84.41819,35.871969],[-84.420492,35.869662],[-84.422034,35.86846],[-84.42686,35.865394],[-84.427059,35.865204],[-84.429115,35.862955],[-84.430999,35.862853],[-84.434286,35.860773],[-84.43469,35.860553],[-84.436672,35.85991],[-84.437927,35.858784],[-84.440539,35.8546],[-84.440675,35.853876],[-84.438927,35.853733],[-84.438896,35.853657],[-84.441294,35.852784],[-84.442626,35.851859],[-84.443541,35.849229],[-84.444392,35.847508],[-84.448181,35.843163],[-84.449943,35.840804],[-84.450554,35.8386],[-84.454811,35.834511],[-84.456683,35.832618],[-84.459091,35.829252],[-84.461151,35.826984],[-84.464561,35.824123],[-84.467359,35.819835],[-84.467434,35.819707],[-84.466864,35.819111],[-84.465823,35.818391],[-84.461437,35.816794],[-84.462334,35.814842],[-84.463777,35.813518],[-84.464374,35.812807],[-84.464784,35.812149],[-84.465305,35.811755],[-84.466322,35.810379],[-84.468643,35.806963],[-84.470031,35.805729],[-84.472349,35.804432],[-84.474749,35.803212],[-84.47574,35.802372],[-84.476375,35.800886],[-84.477017,35.799167],[-84.47762,35.797975],[-84.480105,35.793707],[-84.482565,35.795037],[-84.484957,35.796663],[-84.491389,35.791939],[-84.492217,35.791581],[-84.492882,35.791523],[-84.489262,35.790305],[-84.488981,35.789861],[-84.48971,35.787302],[-84.489789,35.784974],[-84.490535,35.783249],[-84.491409,35.779567],[-84.49305,35.77639],[-84.493107,35.774747],[-84.493426,35.773878],[-84.496326,35.770591],[-84.500832,35.766277],[-84.502015,35.764626],[-84.503511,35.764829],[-84.504367,35.764099],[-84.505546,35.764374],[-84.508477,35.766812],[-84.50872,35.767342],[-84.510536,35.767384],[-84.511537,35.765593],[-84.51506,35.763588],[-84.515347,35.763519],[-84.518233,35.763725],[-84.520721,35.764948],[-84.521768,35.76604],[-84.522621,35.768097],[-84.524237,35.769983],[-84.525185,35.77027],[-84.526237,35.768623],[-84.526394,35.767143],[-84.529277,35.765904],[-84.530865,35.764288],[-84.531759,35.761806],[-84.531912,35.759885],[-84.532436,35.75925],[-84.533768,35.757732],[-84.535353,35.757834],[-84.535892,35.758484],[-84.536865,35.759286],[-84.540908,35.76124],[-84.5421,35.762118],[-84.543487,35.764466],[-84.546457,35.762123],[-84.547609,35.76075],[-84.547953,35.759866],[-84.550016,35.758509],[-84.551444,35.758839],[-84.55191,35.758362],[-84.550562,35.757628],[-84.551131,35.755795],[-84.549737,35.754686],[-84.549744,35.754196],[-84.552368,35.751031],[-84.553506,35.748752],[-84.554969,35.747431],[-84.560366,35.741679],[-84.560659,35.740967],[-84.561431,35.74002],[-84.563198,35.739055],[-84.567702,35.734165],[-84.569082,35.733458],[-84.573317,35.73017],[-84.574861,35.728185],[-84.575319,35.726663],[-84.577247,35.723018],[-84.577885,35.721961],[-84.580719,35.719347],[-84.5826,35.717719],[-84.583617,35.717716],[-84.583781,35.716137],[-84.58453,35.715362],[-84.585212,35.712676],[-84.58761,35.711144],[-84.590384,35.708851],[-84.591417,35.70662],[-84.592923,35.702858],[-84.594325,35.701161],[-84.59819,35.695126],[-84.600494,35.692129],[-84.604063,35.688642],[-84.604417,35.68738],[-84.605875,35.685124],[-84.605973,35.684947],[-84.606769,35.68346],[-84.60874,35.681165],[-84.609215,35.679314],[-84.611114,35.678257],[-84.613137,35.675807],[-84.614258,35.673611],[-84.615757,35.671847],[-84.620674,35.66544],[-84.621628,35.663754],[-84.625868,35.658869],[-84.626978,35.660593],[-84.628038,35.662249],[-84.62804,35.665274],[-84.628041,35.666005],[-84.628045,35.671677],[-84.628061,35.690117],[-84.626196,35.690862],[-84.625365,35.691713],[-84.623147,35.692306],[-84.619201,35.694837],[-84.619212,35.696081],[-84.620652,35.696686],[-84.622039,35.697241],[-84.623339,35.699878],[-84.61897,35.703386],[-84.619031,35.70788],[-84.622952,35.707922],[-84.623034,35.711775],[-84.624936,35.713186],[-84.634349,35.719108],[-84.636388,35.720384],[-84.636309,35.72429],[-84.645073,35.724438],[-84.645078,35.724283],[-84.645279,35.717092],[-84.653204,35.717265],[-84.654349,35.717293],[-84.654403,35.710017],[-84.656574,35.71006],[-84.656751,35.710066],[-84.663209,35.710202],[-84.663327,35.707399],[-84.663528,35.702837],[-84.666576,35.702893],[-84.671303,35.702934],[-84.672223,35.702943],[-84.67209,35.706898],[-84.67207,35.707279],[-84.671967,35.71038],[-84.676457,35.710487],[-84.676515,35.715318],[-84.67654,35.717501],[-84.684663,35.717633],[-84.696589,35.717831],[-84.69873,35.717869],[-84.698546,35.725024],[-84.695338,35.724925],[-84.69529,35.726527],[-84.695171,35.730962],[-84.695122,35.732685],[-84.69841,35.732708],[-84.69844,35.740355],[-84.698416,35.741814],[-84.701186,35.741844],[-84.702954,35.741863],[-84.703911,35.74187],[-84.713986,35.741986],[-84.71549,35.745204],[-84.717332,35.747019],[-84.721043,35.751959],[-84.721557,35.752235],[-84.723853,35.752896],[-84.725575,35.752801],[-84.726488,35.752169],[-84.727263,35.751515],[-84.727892,35.751199],[-84.728247,35.751198],[-84.729175,35.751962],[-84.729619,35.75217],[-84.730131,35.752096],[-84.730543,35.751652],[-84.730727,35.750967],[-84.731147,35.750071],[-84.732291,35.748716],[-84.733121,35.748647],[-84.736404,35.750071],[-84.737413,35.750726],[-84.738774,35.751344],[-84.739552,35.75131],[-84.740456,35.750816],[-84.742305,35.750352],[-84.743339,35.750357],[-84.744708,35.750466],[-84.745871,35.750746],[-84.747163,35.751162],[-84.748358,35.751812],[-84.749345,35.752269],[-84.749942,35.752672],[-84.751289,35.752905],[-84.753038,35.75365],[-84.754472,35.75439],[-84.755942,35.755912],[-84.757046,35.756963],[-84.757635,35.758209],[-84.757699,35.759095],[-84.757561,35.760824],[-84.757033,35.761703],[-84.756177,35.763391],[-84.755287,35.76421],[-84.754353,35.764723],[-84.753652,35.764795],[-84.753403,35.764961],[-84.753145,35.765675],[-84.752225,35.767048],[-84.752229,35.767394],[-84.753002,35.768812],[-84.753683,35.769874],[-84.753783,35.770342],[-84.753667,35.770767],[-84.753345,35.77119],[-84.75279,35.772527],[-84.751764,35.772636],[-84.751131,35.773354],[-84.750638,35.774371],[-84.749812,35.774398],[-84.7479,35.774289],[-84.747515,35.774376],[-84.746945,35.774858],[-84.7465,35.775005],[-84.745985,35.774909],[-84.745091,35.774488],[-84.744101,35.774302],[-84.743006,35.77423],[-84.74205,35.774423],[-84.740916,35.774904],[-84.740021,35.775573],[-84.738918,35.776535],[-84.738315,35.777588],[-84.73809,35.778451],[-84.738033,35.779291],[-84.738723,35.78121],[-84.738795,35.781824],[-84.738631,35.783401],[-84.738941,35.784427],[-84.739444,35.785823],[-84.739499,35.787163],[-84.739616,35.787492],[-84.74159,35.789751],[-84.741623,35.790092],[-84.741992,35.790301],[-84.742644,35.790781],[-84.746992,35.792108],[-84.747167,35.794254],[-84.749448,35.794925],[-84.751127,35.794963],[-84.751419,35.794971],[-84.753804,35.795141],[-84.75673,35.795223],[-84.757776,35.795396],[-84.759913,35.796536],[-84.763422,35.798871],[-84.765038,35.799038],[-84.765451,35.799351],[-84.769194,35.805649],[-84.771653,35.808185],[-84.77333,35.80884],[-84.774612,35.809636],[-84.776833,35.810426],[-84.778102,35.811692],[-84.780282,35.813207],[-84.781539,35.813431],[-84.784919,35.812387],[-84.786983,35.813222],[-84.789167,35.814571],[-84.789292,35.815673],[-84.78675,35.817473],[-84.7848,35.817252],[-84.783394,35.817677],[-84.782636,35.818538],[-84.783097,35.820664],[-84.7852,35.822952],[-84.78414,35.824112],[-84.782769,35.824159],[-84.781901,35.825],[-84.789924,35.825077],[-84.79783,35.825151],[-84.797941,35.825039],[-84.81464,35.815935],[-84.831938,35.806456],[-84.835141,35.804699],[-84.836144,35.804148],[-84.845095,35.799241],[-84.857488,35.792448],[-84.877605,35.78138],[-84.880964,35.779563],[-84.882387,35.778793],[-84.88675,35.77782],[-84.893212,35.776383],[-84.895335,35.775913],[-84.905133,35.773738],[-84.910705,35.767699],[-84.916062,35.761939],[-84.927115,35.750067],[-84.928568,35.748173],[-84.939691,35.736149],[-84.944463,35.730963],[-84.951837,35.722946],[-84.964006,35.709766],[-84.966398,35.707264],[-84.966889,35.706742],[-84.971548,35.701625],[-84.979717,35.692833],[-84.98591,35.686037],[-84.987271,35.684605],[-84.989907,35.681802],[-84.990086,35.680199],[-84.981161,35.679447],[-84.981568,35.674805],[-84.992399,35.675543],[-84.994842,35.675712],[-84.995463,35.675755],[-84.998666,35.672296],[-85.002874,35.667545],[-85.010835,35.658964],[-85.013728,35.655832],[-85.020316,35.648729],[-85.022542,35.64632],[-85.026292,35.642285],[-85.03157,35.636586],[-85.035028,35.632862],[-85.038031,35.62961],[-85.041223,35.626173],[-85.047641,35.618654],[-85.050779,35.616188],[-85.061512,35.607746],[-85.062311,35.607123],[-85.068515,35.60224],[-85.083912,35.590175],[-85.087121,35.587647],[-85.093358,35.582707],[-85.095107,35.581318],[-85.107734,35.571383],[-85.107874,35.569773],[-85.107942,35.568786],[-85.108281,35.563897],[-85.108726,35.557473],[-85.108908,35.554856],[-85.108997,35.553537],[-85.109819,35.541551],[-85.105606,35.548779],[-85.102471,35.547546],[-85.096574,35.545218],[-85.102141,35.544096],[-85.10068,35.539138],[-85.099927,35.536581],[-85.099069,35.533683],[-85.100608,35.533351],[-85.104237,35.532568],[-85.105058,35.535194],[-85.109161,35.537462],[-85.109055,35.535957],[-85.108763,35.53179],[-85.105773,35.529605],[-85.110057,35.526014],[-85.111997,35.524354],[-85.115567,35.521344],[-85.118602,35.523504],[-85.116145,35.524174],[-85.113877,35.52479],[-85.119276,35.528984],[-85.122682,35.526001],[-85.127159,35.520423],[-85.132634,35.514045],[-85.135659,35.508828],[-85.136837,35.506763],[-85.138,35.504708],[-85.141194,35.500067],[-85.143517,35.495857],[-85.146393,35.491299],[-85.144969,35.491305],[-85.143826,35.492645],[-85.141737,35.492248],[-85.141684,35.49099],[-85.142282,35.489804],[-85.141672,35.488446],[-85.140429,35.487962],[-85.138709,35.489027],[-85.138043,35.489983],[-85.136713,35.489774],[-85.134232,35.491459],[-85.133749,35.49075],[-85.133778,35.488585],[-85.132791,35.48775],[-85.132792,35.486145],[-85.134411,35.485866],[-85.13501,35.484943],[-85.133398,35.483887],[-85.131612,35.483265],[-85.131243,35.481875],[-85.128838,35.481522],[-85.126514,35.481955],[-85.125392,35.481647],[-85.124684,35.480635],[-85.125126,35.478888],[-85.124465,35.477913],[-85.122717,35.478735],[-85.11988,35.47698],[-85.115946,35.47567],[-85.124961,35.46762],[-85.134504,35.459255],[-85.135191,35.458649],[-85.132815,35.457936],[-85.131094,35.458004],[-85.131757,35.450974],[-85.135995,35.451313],[-85.13657,35.452345],[-85.136053,35.455607],[-85.137969,35.456216],[-85.145341,35.449782],[-85.148792,35.445594],[-85.151233,35.445205],[-85.154133,35.447217],[-85.155912,35.447278],[-85.157497,35.44779],[-85.159142,35.447345],[-85.16078,35.448395],[-85.163077,35.448852],[-85.164291,35.451753],[-85.16744,35.454567],[-85.168302,35.455614],[-85.174372,35.445537],[-85.184094,35.428156],[-85.18811,35.419681],[-85.18892,35.418001],[-85.192881,35.410841],[-85.195973,35.403494],[-85.20296,35.392014],[-85.205094,35.388507],[-85.211452,35.378065],[-85.21312,35.375422],[-85.216407,35.370025],[-85.222064,35.360629],[-85.223809,35.357729],[-85.225473,35.354923],[-85.225877,35.354276],[-85.227413,35.351745],[-85.231384,35.344862],[-85.231505,35.344652],[-85.232757,35.342479],[-85.242761,35.324897],[-85.246005,35.319077],[-85.248683,35.316049],[-85.249958,35.314667],[-85.254249,35.309174],[-85.25751,35.305535],[-85.262677,35.299305],[-85.268377,35.292383],[-85.271403,35.288548],[-85.27183,35.28804],[-85.276066,35.282963],[-85.280396,35.27772],[-85.285193,35.271939],[-85.289701,35.266402],[-85.292544,35.26291],[-85.305033,35.247645],[-85.312582,35.23828],[-85.324291,35.223859],[-85.328112,35.219162],[-85.333114,35.213224],[-85.343887,35.199883],[-85.349471,35.193145],[-85.353065,35.188854],[-85.354669,35.186851],[-85.356439,35.184407],[-85.361986,35.177684],[-85.363127,35.176299],[-85.366334,35.172413],[-85.372073,35.165176],[-85.376418,35.160009],[-85.376867,35.159474],[-85.382889,35.152221],[-85.387089,35.147169],[-85.388448,35.145504],[-85.387547,35.143246],[-85.38629,35.141673],[-85.385703,35.139079],[-85.386239,35.137721],[-85.385731,35.136781],[-85.387118,35.13277],[-85.388102,35.131188],[-85.387709,35.128506],[-85.38979,35.126346],[-85.39039,35.124409],[-85.390833,35.123195],[-85.391819,35.120448],[-85.392174,35.119432],[-85.392442,35.118304],[-85.39374,35.112769],[-85.39577,35.105638],[-85.393463,35.105367],[-85.391973,35.105848],[-85.390355,35.105384],[-85.384811,35.1059],[-85.383305,35.10574],[-85.38119,35.103883],[-85.379603,35.103291],[-85.376078,35.100825],[-85.373033,35.100105],[-85.37216,35.099073],[-85.367467,35.094965],[-85.36816,35.092573],[-85.36716,35.090873],[-85.364353,35.0892],[-85.363444,35.088658],[-85.361959,35.087773],[-85.362686,35.083754],[-85.364059,35.076173],[-85.364359,35.076073],[-85.365031,35.072554],[-85.366017,35.070052],[-85.367994,35.06717],[-85.368219,35.066857],[-85.368474,35.066503],[-85.371149,35.063109],[-85.376067,35.058619],[-85.377272,35.057306],[-85.378064,35.055672],[-85.378615,35.051852],[-85.379468,35.049758],[-85.381567,35.047343],[-85.381683,35.045707],[-85.382255,35.04473],[-85.384756,35.042991],[-85.386966,35.040972],[-85.38815,35.040945],[-85.389678,35.040126],[-85.392637,35.039138],[-85.397636,35.041754],[-85.404601,35.041779],[-85.405163,35.042115],[-85.40684,35.041243],[-85.40812,35.041339],[-85.409272,35.040683],[-85.409912,35.039483],[-85.411204,35.035593],[-85.411243,35.035498],[-85.411265,35.035442],[-85.411288,35.035387],[-85.411318,35.035327],[-85.413074,35.032855],[-85.414248,35.031275],[-85.414104,35.029531],[-85.415752,35.028075],[-85.41684,35.028347],[-85.419016,35.027883],[-85.419896,35.026603],[-85.418632,35.025211],[-85.419384,35.023403],[-85.418792,35.021035],[-85.4182,35.020219],[-85.419832,35.019179],[-85.41948,35.017243],[-85.421032,35.013739],[-85.42407,35.01174],[-85.424965,35.010525],[-85.427411,35.008143],[-85.427779,35.006673],[-85.432048,35.005059],[-85.432742,35.004254],[-85.433886,35.003013],[-85.435421,35.002341],[-85.437014,35.003036],[-85.437979,35.002949],[-85.440073,35.001],[-85.442699,35.000586],[-85.442903,34.999354],[-85.443622,34.999066],[-85.442999,34.997979],[-85.443542,34.997116],[-85.447969,34.99691],[-85.450081,34.995678],[-85.452702,34.996573],[-85.456206,34.995229],[-85.457771,34.993057],[-85.461448,34.990675],[-85.463614,34.989941],[-85.464046,34.989142],[-85.46629,34.988635],[-85.468055,34.98723],[-85.468451,34.986936],[-85.468713,34.986817],[-85.469247,34.986889],[-85.469528,34.986812],[-85.474889,34.986972],[-85.474921,34.985084],[-85.474073,34.98302],[-85.466509,34.982971],[-85.46347,34.982973],[-85.459194,34.982999],[-85.458583,34.983019],[-85.458017,34.983018],[-85.432329,34.982958],[-85.431695,34.982957],[-85.422244,34.982957],[-85.410488,34.982936],[-85.409565,34.982955],[-85.409182,34.982961],[-85.40763,34.982938],[-85.398423,34.982972],[-85.395215,34.982971],[-85.394945,34.98296],[-85.384884,34.982988],[-85.379718,34.983035],[-85.379512,34.983035],[-85.365238,34.983291],[-85.364758,34.983375],[-85.362919,34.983374],[-85.362476,34.983375],[-85.360931,34.983573],[-85.360625,34.983564],[-85.35796,34.983487],[-85.355838,34.983564],[-85.354221,34.983573],[-85.349074,34.983578],[-85.345558,34.983675],[-85.345371,34.983673],[-85.344391,34.983665],[-85.341558,34.983775],[-85.333267,34.983976],[-85.332568,34.983975],[-85.327428,34.983976],[-85.322819,34.984155],[-85.317152,34.984176],[-85.310378,34.984375],[-85.305462,34.984475],[-85.29937,34.984505],[-85.294645,34.984612],[-85.294613,34.98462],[-85.289565,34.984775],[-85.287874,34.984784],[-85.287016,34.984868],[-85.286908,34.984869],[-85.285778,34.984774],[-85.284609,34.984778],[-85.284613,34.984844],[-85.283455,34.984867],[-85.282303,34.984882],[-85.281738,34.984886],[-85.281148,34.984898],[-85.281148,34.98488],[-85.280199,34.984904],[-85.27752,34.984974],[-85.273676,34.984974],[-85.27302,34.984975],[-85.270966,34.985074],[-85.264096,34.985075],[-85.25533,34.985171],[-85.254823,34.985014],[-85.252187,34.985231],[-85.244896,34.985374],[-85.242185,34.985521],[-85.239408,34.985661],[-85.235643,34.985834],[-85.23041,34.985489],[-85.227925,34.985475],[-85.226572,34.985574],[-85.225116,34.985479],[-85.223457,34.985569],[-85.221873,34.985476],[-85.220509,34.985578],[-85.218566,34.98567],[-85.218017,34.985675],[-85.21654,34.985675],[-85.21119,34.985636],[-85.209886,34.985688],[-85.208714,34.985775],[-85.207304,34.985775],[-85.202927,34.985777],[-85.201646,34.985867],[-85.201362,34.985876],[-85.195694,34.985778],[-85.19233,34.985876],[-85.187984,34.985972],[-85.187503,34.985979],[-85.182469,34.986075],[-85.180483,34.986074],[-85.175227,34.985976],[-85.171822,34.986013],[-85.166123,34.986079],[-85.164779,34.986098],[-85.157823,34.986301],[-85.154375,34.986275],[-85.150728,34.986275],[-85.147501,34.986279],[-85.143886,34.986372],[-85.140602,34.986374],[-85.138825,34.986449],[-85.130802,34.986511],[-85.126875,34.986497],[-85.126653,34.986445],[-85.124223,34.986504],[-85.118297,34.986531],[-85.117449,34.986535],[-85.114069,34.98655],[-85.106127,34.986581],[-85.102082,34.986571],[-85.096092,34.986538],[-85.083614,34.986667],[-85.064833,34.986648],[-85.057627,34.986697],[-85.057626,34.986737],[-85.057361,34.986739],[-85.054987,34.986755],[-85.054235,34.98676],[-85.054016,34.986762],[-85.053837,34.986764],[-85.053641,34.986766],[-85.053557,34.986767],[-85.053054,34.986777],[-85.052859,34.986781],[-85.0522,34.986796],[-85.051867,34.986805],[-85.050225,34.98682],[-85.049894,34.986824],[-85.049678,34.986826],[-85.049567,34.986823],[-85.049305,34.98683],[-85.049114,34.986836],[-85.048521,34.986842],[-85.04826,34.986846],[-85.047999,34.986849],[-85.04722,34.986858],[-85.04696,34.986862],[-85.046869,34.986861],[-85.046596,34.98686],[-85.046506,34.98687],[-85.046505,34.986852],[-85.037504,34.986987],[-85.025622,34.987085],[-85.00975,34.987343],[-85.007985,34.987355],[-84.999518,34.987563],[-84.984488,34.987622],[-84.981887,34.987637],[-84.980434,34.987646],[-84.976976,34.987664],[-84.962404,34.98775],[-84.961659,34.987752],[-84.955667,34.987829],[-84.952772,34.987943],[-84.944202,34.987848],[-84.943898,34.987871],[-84.93949,34.987913],[-84.93078,34.987903],[-84.921993,34.987893],[-84.905005,34.987864],[-84.891515,34.988243],[-84.891526,34.98787],[-84.886527,34.987871],[-84.88002,34.987875],[-84.860954,34.987804],[-84.85819,34.987755],[-84.851864,34.987754],[-84.831882,34.987995],[-84.831229,34.987744],[-84.820465,34.987975],[-84.819893,34.987776],[-84.80785,34.987594],[-84.802399,34.98764],[-84.779663,34.98785],[-84.776076,34.987881],[-84.775853,34.987884],[-84.750029,34.988123],[-84.738484,34.987838],[-84.737045,34.987885],[-84.730881,34.988169],[-84.725635,34.988031],[-84.709461,34.988108],[-84.68228,34.988181],[-84.677546,34.988106],[-84.66569,34.988113],[-84.634491,34.988008],[-84.624933,34.987978],[-84.621483,34.988329],[-84.604845,34.988316],[-84.603647,34.988312],[-84.600705,34.988303],[-84.59842,34.988272],[-84.597174,34.988268],[-84.596362,34.988295],[-84.596177,34.988294],[-84.595623,34.988292],[-84.595439,34.988292],[-84.593747,34.988319],[-84.571279,34.988265],[-84.56824,34.988298],[-84.555168,34.988206],[-84.503328,34.988017],[-84.487342,34.988183],[-84.466677,34.988118],[-84.466222,34.988114],[-84.463438,34.988109],[-84.458009,34.988092],[-84.455255,34.988118],[-84.453298,34.988119],[-84.44519,34.988106],[-84.438611,34.988096],[-84.425981,34.988076],[-84.413831,34.988056],[-84.403753,34.98804],[-84.401946,34.988038],[-84.398427,34.988034],[-84.393819,34.988067],[-84.389937,34.988021],[-84.387916,34.988014],[-84.382889,34.988001],[-84.381325,34.987996],[-84.377382,34.987986],[-84.373639,34.988183],[-84.372236,34.98821],[-84.371646,34.98821],[-84.371075,34.988242],[-84.37077,34.988243],[-84.37016,34.988247],[-84.36886,34.988261],[-84.36836,34.988258],[-84.367351,34.988258],[-84.367075,34.988258],[-84.366089,34.988261],[-84.352225,34.988223],[-84.340489,34.988336],[-84.338294,34.98835],[-84.332309,34.988385],[-84.328765,34.988407],[-84.323798,34.988409],[-84.321821,34.988408],[-84.32151,34.991219],[-84.320174,35.002772],[-84.317645,35.02172],[-84.317627,35.021862],[-84.317602,35.022047],[-84.316022,35.033827],[-84.315911,35.034647],[-84.315118,35.040561],[-84.31407,35.048363],[-84.312715,35.058453],[-84.31267,35.058785],[-84.312216,35.062168],[-84.311385,35.068566],[-84.310032,35.078977],[-84.308219,35.092946],[-84.307169,35.10101],[-84.30645,35.106571],[-84.305714,35.112232],[-84.305148,35.11658],[-84.305295,35.116672],[-84.305351,35.116726],[-84.305372,35.116792],[-84.305382,35.11691],[-84.30537,35.117103],[-84.305338,35.117291],[-84.305288,35.117476],[-84.3052,35.117711],[-84.305127,35.117885],[-84.304927,35.118284],[-84.304645,35.120441],[-84.306854,35.12212],[-84.306967,35.122394],[-84.304524,35.121373],[-84.30266,35.135507],[-84.299257,35.161142],[-84.298809,35.163912],[-84.29849,35.165738],[-84.298109,35.167934],[-84.297996,35.168565],[-84.297305,35.172564],[-84.297133,35.173521],[-84.296027,35.178728],[-84.295626,35.18055],[-84.294838,35.185017],[-84.294559,35.188641],[-84.293493,35.197573],[-84.292365,35.206694],[-84.325722,35.219377],[-84.329808,35.212495],[-84.332522,35.207776],[-84.340422,35.210877],[-84.341486,35.209075],[-84.342451,35.207445],[-84.344323,35.204276],[-84.348223,35.205725],[-84.352123,35.207276],[-84.344822,35.220376],[-84.348603,35.221855],[-84.360923,35.226676],[-84.358647,35.230659],[-84.356923,35.233676],[-84.374461,35.240057],[-84.379506,35.241951],[-84.386842,35.244714],[-84.396992,35.248536],[-84.419612,35.257028],[-84.428136,35.259809],[-84.431683,35.261551],[-84.437681,35.263807],[-84.447188,35.267355],[-84.480782,35.279808],[-84.482814,35.280707],[-84.490274,35.283502],[-84.495529,35.285472],[-84.498129,35.283473],[-84.499929,35.281572],[-84.501529,35.280872],[-84.502329,35.279072],[-84.504629,35.277672],[-84.505229,35.276272],[-84.509229,35.273572],[-84.51343,35.270372],[-84.51523,35.268472],[-84.51613,35.266472],[-84.535486,35.26674],[-84.542077,35.266833],[-84.543816,35.266847],[-84.544026,35.266841],[-84.547493,35.266796],[-84.547823,35.266864],[-84.553147,35.266898],[-84.556242,35.267029],[-84.559226,35.267071],[-84.562806,35.267104],[-84.564566,35.267121],[-84.577223,35.267237],[-84.586813,35.267326],[-84.605805,35.26756],[-84.606054,35.26755],[-84.61732,35.267761],[-84.624734,35.267873],[-84.629411,35.267795],[-84.641297,35.267853],[-84.644924,35.26787],[-84.647338,35.267792],[-84.650101,35.267831],[-84.652785,35.267939],[-84.663584,35.268088],[-84.667398,35.268041]],[[-84.539963,35.670465],[-84.541246,35.670477],[-84.548774,35.670536],[-84.548777,35.673213],[-84.544266,35.673265],[-84.544214,35.676893],[-84.539774,35.67684],[-84.539822,35.675185],[-84.539848,35.673838],[-84.539963,35.670465]]],[[[-83.336366,36.060943],[-83.33965,36.063143],[-83.344274,36.070144],[-83.342584,36.0752],[-83.341452,36.07654],[-83.340745,36.078721],[-83.342157,36.080541],[-83.351927,36.074497],[-83.354604,36.072757],[-83.354289,36.071888],[-83.355661,36.063958],[-83.356935,36.063405],[-83.356502,36.062633],[-83.355591,36.06059],[-83.354499,36.059802],[-83.353658,36.058025],[-83.352125,36.056013],[-83.3526,36.053488],[-83.352237,36.051527],[-83.349803,36.050248],[-83.347825,36.049835],[-83.348696,36.049189],[-83.346812,36.048059],[-83.34495,36.050321],[-83.34509,36.052321],[-83.339712,36.057544],[-83.338586,36.058981],[-83.336366,36.060943]]]]}},{"type":"Feature","properties":{"id":4,"NAME":"47108112004","TotalPop":734969,"PopDevPct":-0.04284848,"DemPct":0.20343437,"RepPct":0.78703236,"WhitePct":0.8851622,"MinorityPct":0.1148378,"BlackPct":0.04562892,"HispanicPct":0.0317719,"PacificPct":0.00087635,"AsianPct":0.00852793,"NativePct":0.02518718,"TotalVAP":577397,"Margin":-0.29656563,"color":"#00c3ff","opacity":"0.5"},"geometry":{"type":"MultiPolygon","coordinates":[[[[-87.575352,35.398454],[-87.575405,35.395062],[-87.575494,35.389356],[-87.575515,35.387991],[-87.575716,35.375077],[-87.575902,35.371444],[-87.576246,35.353267],[-87.576358,35.3479],[-87.576512,35.339995],[-87.576579,35.336537],[-87.576626,35.334239],[-87.576722,35.329512],[-87.576972,35.318965],[-87.577429,35.304871],[-87.577805,35.289981],[-87.578083,35.280346],[-87.578316,35.272405],[-87.578376,35.269142],[-87.578409,35.266952],[-87.578412,35.266749],[-87.578444,35.264666],[-87.578499,35.260584],[-87.578686,35.244649],[-87.578732,35.225094],[-87.578758,35.221863],[-87.578796,35.215984],[-87.578862,35.200117],[-87.578897,35.193846],[-87.578943,35.186953],[-87.577306,35.187366],[-87.57638,35.188097],[-87.575896,35.190728],[-87.572654,35.190451],[-87.57366,35.183523],[-87.576245,35.166542],[-87.575176,35.165522],[-87.574411,35.164375],[-87.576264,35.161939],[-87.577796,35.1594],[-87.577253,35.156644],[-87.57641,35.155159],[-87.576699,35.152135],[-87.57746,35.152697],[-87.578939,35.155214],[-87.580539,35.15584],[-87.583407,35.155522],[-87.583406,35.154746],[-87.583406,35.149974],[-87.583407,35.143109],[-87.590376,35.142756],[-87.590375,35.141781],[-87.590241,35.135009],[-87.589651,35.104071],[-87.589431,35.092261],[-87.588833,35.058431],[-87.583424,35.058417],[-87.583612,35.053938],[-87.578671,35.053818],[-87.577276,35.053785],[-87.577411,35.051046],[-87.572706,35.050904],[-87.57275,35.049051],[-87.577078,35.049133],[-87.58134,35.049214],[-87.581343,35.045024],[-87.579751,35.04495],[-87.579624,35.03924],[-87.579588,35.037602],[-87.578583,35.03744],[-87.578649,35.03487],[-87.580293,35.034869],[-87.583587,35.034865],[-87.585127,35.034587],[-87.585482,35.034566],[-87.593831,35.035062],[-87.605733,35.035865],[-87.606228,35.032042],[-87.607485,35.022343],[-87.609552,35.021314],[-87.611755,35.01965],[-87.611341,35.01683],[-87.609631,35.014012],[-87.610255,35.010617],[-87.608937,35.007007],[-87.607057,35.004377],[-87.606043,35.003436],[-87.606031,35.003425],[-87.604887,35.003464],[-87.601742,35.003473],[-87.597697,35.003492],[-87.577243,35.003542],[-87.574225,35.003554],[-87.552893,35.00335],[-87.522663,35.003051],[-87.520996,35.003056],[-87.51105,35.003078],[-87.499984,35.00311],[-87.495594,35.002993],[-87.492952,35.003053],[-87.489162,35.002899],[-87.481974,35.002854],[-87.460806,35.002726],[-87.443287,35.002765],[-87.437074,35.002776],[-87.429968,35.002791],[-87.429216,35.00252],[-87.421467,35.002476],[-87.421198,35.002517],[-87.420947,35.002563],[-87.420662,35.002625],[-87.420193,35.002722],[-87.419966,35.00275],[-87.419725,35.002754],[-87.419469,35.002758],[-87.419379,35.002753],[-87.419327,35.002751],[-87.419155,35.002737],[-87.418986,35.0027],[-87.41886,35.002668],[-87.417999,35.002473],[-87.412257,35.002416],[-87.404947,35.002432],[-87.391478,35.002207],[-87.385547,35.002224],[-87.381104,35.001978],[-87.378882,35.001928],[-87.367226,35.001861],[-87.360512,35.001773],[-87.359279,35.00176],[-87.349324,35.001659],[-87.343801,35.001575],[-87.337462,35.001494],[-87.337212,35.00149],[-87.330762,35.001392],[-87.321522,35.001251],[-87.319599,35.001223],[-87.311728,35.001103],[-87.303621,35.000981],[-87.299222,35.000777],[-87.280137,35.000433],[-87.274536,35.00018],[-87.272659,35.000067],[-87.265376,35.000192],[-87.252856,34.999922],[-87.236675,34.999547],[-87.235297,34.99952],[-87.230387,34.999489],[-87.224052,34.999377],[-87.222482,34.99941],[-87.221596,34.999388],[-87.219768,34.999378],[-87.21645,34.999141],[-87.215237,34.999117],[-87.192676,34.998646],[-87.177272,34.998345],[-87.173519,34.998273],[-87.161003,34.998033],[-87.156747,34.997951],[-87.144315,34.997672],[-87.125616,34.997356],[-87.122648,34.997199],[-87.120322,34.997144],[-87.094472,34.996673],[-87.089895,34.99659],[-87.079446,34.996414],[-87.07301,34.996359],[-87.055395,34.996184],[-87.047349,34.99598],[-87.042654,34.995837],[-87.040547,34.99576],[-87.035896,34.995594],[-87.030284,34.995492],[-87.029701,34.995457],[-87.011174,34.995162],[-87.005106,34.995006],[-86.988396,34.99472],[-86.972541,34.99446],[-86.97179,34.994589],[-86.971698,34.994618],[-86.971584,34.994628],[-86.971404,34.994594],[-86.971312,34.994582],[-86.970237,34.994547],[-86.970081,34.99453],[-86.967121,34.994401],[-86.938972,34.993887],[-86.937456,34.993907],[-86.929983,34.993594],[-86.927401,34.993424],[-86.915487,34.992999],[-86.905538,34.992729],[-86.904915,34.992738],[-86.902871,34.992763],[-86.898613,34.992782],[-86.879239,34.992246],[-86.878898,34.992238],[-86.877718,34.992208],[-86.8665,34.992053],[-86.85909,34.992065],[-86.855101,34.99204],[-86.849936,34.992002],[-86.847817,34.991986],[-86.846462,34.992006],[-86.84461,34.992001],[-86.842067,34.991976],[-86.840904,34.991953],[-86.83774,34.991926],[-86.836306,34.991899],[-86.816467,34.991871],[-86.801633,34.991909],[-86.776087,34.991972],[-86.77534,34.991996],[-86.755738,34.992053],[-86.748098,34.992008],[-86.748102,34.99207],[-86.739389,34.992112],[-86.737464,34.992096],[-86.72891,34.991955],[-86.721724,34.99193],[-86.719339,34.992105],[-86.713276,34.992093],[-86.708986,34.992117],[-86.702643,34.992105],[-86.684846,34.991966],[-86.67948,34.991875],[-86.677675,34.992016],[-86.675532,34.991935],[-86.670846,34.991735],[-86.66986,34.992294],[-86.668151,34.991731],[-86.651126,34.991768],[-86.641334,34.99174],[-86.629246,34.991522],[-86.626508,34.99139],[-86.608871,34.991262],[-86.60004,34.991241],[-86.589079,34.991063],[-86.588712,34.991172],[-86.578745,34.991085],[-86.571308,34.991012],[-86.564445,34.990776],[-86.55577,34.990753],[-86.555227,34.990993],[-86.545808,34.990886],[-86.528549,34.990677],[-86.526846,34.990685],[-86.522708,34.990716],[-86.491106,34.990617],[-86.491116,34.990732],[-86.487038,34.990608],[-86.481771,34.990685],[-86.473105,34.990541],[-86.467941,34.990486],[-86.467716,34.990693],[-86.455492,34.990868],[-86.439203,34.991031],[-86.434102,34.99086],[-86.428637,34.990927],[-86.419736,34.991105],[-86.410918,34.991356],[-86.399478,34.991564],[-86.393172,34.991675],[-86.390221,34.991691],[-86.377491,34.991725],[-86.370748,34.991657],[-86.343734,34.991406],[-86.333824,34.991312],[-86.318761,34.991169],[-86.299843,34.990991],[-86.291754,34.990967],[-86.254101,34.990613],[-86.248019,34.990421],[-86.247525,34.990414],[-86.237023,34.990387],[-86.218907,34.990262],[-86.152814,34.989926],[-86.124985,34.989786],[-86.101912,34.989723],[-86.084648,34.989594],[-86.067137,34.989514],[-86.007497,34.989021],[-85.999981,34.989034],[-85.955125,34.988753],[-85.954646,34.988751],[-85.925374,34.988583],[-85.908203,34.988682],[-85.904077,34.988646],[-85.899075,34.988601],[-85.89214,34.988572],[-85.884415,34.988471],[-85.873076,34.988282],[-85.863935,34.988253],[-85.847865,34.988203],[-85.828767,34.988069],[-85.824349,34.988118],[-85.822546,34.98809],[-85.812858,34.987835],[-85.808116,34.987776],[-85.807889,34.987774],[-85.795819,34.9876],[-85.772677,34.987323],[-85.763072,34.98722],[-85.757948,34.987166],[-85.748941,34.987065],[-85.745415,34.987011],[-85.735776,34.986865],[-85.726237,34.98672],[-85.722153,34.986657],[-85.720283,34.98663],[-85.719769,34.986622],[-85.702249,34.986355],[-85.700824,34.986333],[-85.699396,34.986311],[-85.696584,34.986268],[-85.694764,34.986241],[-85.676966,34.985969],[-85.655931,34.985649],[-85.638299,34.985381],[-85.637641,34.985372],[-85.622034,34.985104],[-85.611494,34.984837],[-85.610559,34.984814],[-85.605165,34.984678],[-85.603279,34.98466],[-85.599894,34.984576],[-85.597855,34.984583],[-85.57267,34.984254],[-85.552714,34.983996],[-85.534166,34.983755],[-85.517973,34.983544],[-85.503294,34.983366],[-85.498195,34.983199],[-85.485196,34.983104],[-85.474073,34.98302],[-85.474921,34.985084],[-85.474889,34.986972],[-85.469528,34.986812],[-85.469247,34.986889],[-85.468713,34.986817],[-85.468451,34.986936],[-85.468055,34.98723],[-85.46629,34.988635],[-85.464046,34.989142],[-85.463614,34.989941],[-85.461448,34.990675],[-85.457771,34.993057],[-85.456206,34.995229],[-85.452702,34.996573],[-85.450081,34.995678],[-85.447969,34.99691],[-85.443542,34.997116],[-85.442999,34.997979],[-85.443622,34.999066],[-85.442903,34.999354],[-85.442699,35.000586],[-85.440073,35.001],[-85.437979,35.002949],[-85.437014,35.003036],[-85.435421,35.002341],[-85.433886,35.003013],[-85.432742,35.004254],[-85.432048,35.005059],[-85.427779,35.006673],[-85.427411,35.008143],[-85.424965,35.010525],[-85.42407,35.01174],[-85.421032,35.013739],[-85.41948,35.017243],[-85.419832,35.019179],[-85.4182,35.020219],[-85.418792,35.021035],[-85.419384,35.023403],[-85.418632,35.025211],[-85.419896,35.026603],[-85.419016,35.027883],[-85.41684,35.028347],[-85.415752,35.028075],[-85.414104,35.029531],[-85.414248,35.031275],[-85.413074,35.032855],[-85.411318,35.035327],[-85.411288,35.035387],[-85.411265,35.035442],[-85.411243,35.035498],[-85.411204,35.035593],[-85.409912,35.039483],[-85.409272,35.040683],[-85.40812,35.041339],[-85.40684,35.041243],[-85.405163,35.042115],[-85.404601,35.041779],[-85.397636,35.041754],[-85.392637,35.039138],[-85.389678,35.040126],[-85.38815,35.040945],[-85.386966,35.040972],[-85.384756,35.042991],[-85.382255,35.04473],[-85.381683,35.045707],[-85.381567,35.047343],[-85.379468,35.049758],[-85.378615,35.051852],[-85.378064,35.055672],[-85.377272,35.057306],[-85.376067,35.058619],[-85.371149,35.063109],[-85.368474,35.066503],[-85.368219,35.066857],[-85.367994,35.06717],[-85.366017,35.070052],[-85.365031,35.072554],[-85.364359,35.076073],[-85.364059,35.076173],[-85.362686,35.083754],[-85.361959,35.087773],[-85.363444,35.088658],[-85.364353,35.0892],[-85.36716,35.090873],[-85.36816,35.092573],[-85.367467,35.094965],[-85.37216,35.099073],[-85.373033,35.100105],[-85.376078,35.100825],[-85.379603,35.103291],[-85.38119,35.103883],[-85.383305,35.10574],[-85.384811,35.1059],[-85.390355,35.105384],[-85.391973,35.105848],[-85.393463,35.105367],[-85.39577,35.105638],[-85.39374,35.112769],[-85.392442,35.118304],[-85.392174,35.119432],[-85.391819,35.120448],[-85.390833,35.123195],[-85.39039,35.124409],[-85.38979,35.126346],[-85.387709,35.128506],[-85.388102,35.131188],[-85.387118,35.13277],[-85.385731,35.136781],[-85.386239,35.137721],[-85.385703,35.139079],[-85.38629,35.141673],[-85.387547,35.143246],[-85.388448,35.145504],[-85.387089,35.147169],[-85.382889,35.152221],[-85.376867,35.159474],[-85.376418,35.160009],[-85.372073,35.165176],[-85.366334,35.172413],[-85.363127,35.176299],[-85.361986,35.177684],[-85.356439,35.184407],[-85.354669,35.186851],[-85.353065,35.188854],[-85.349471,35.193145],[-85.343887,35.199883],[-85.333114,35.213224],[-85.328112,35.219162],[-85.324291,35.223859],[-85.312582,35.23828],[-85.305033,35.247645],[-85.292544,35.26291],[-85.289701,35.266402],[-85.285193,35.271939],[-85.280396,35.27772],[-85.276066,35.282963],[-85.27183,35.28804],[-85.271403,35.288548],[-85.268377,35.292383],[-85.262677,35.299305],[-85.25751,35.305535],[-85.254249,35.309174],[-85.249958,35.314667],[-85.248683,35.316049],[-85.246005,35.319077],[-85.242761,35.324897],[-85.232757,35.342479],[-85.231505,35.344652],[-85.231384,35.344862],[-85.227413,35.351745],[-85.225877,35.354276],[-85.225473,35.354923],[-85.223809,35.357729],[-85.222064,35.360629],[-85.216407,35.370025],[-85.21312,35.375422],[-85.211452,35.378065],[-85.205094,35.388507],[-85.20296,35.392014],[-85.195973,35.403494],[-85.192881,35.410841],[-85.18892,35.418001],[-85.18811,35.419681],[-85.184094,35.428156],[-85.174372,35.445537],[-85.168302,35.455614],[-85.16744,35.454567],[-85.164291,35.451753],[-85.163077,35.448852],[-85.16078,35.448395],[-85.159142,35.447345],[-85.157497,35.44779],[-85.155912,35.447278],[-85.154133,35.447217],[-85.151233,35.445205],[-85.148792,35.445594],[-85.145341,35.449782],[-85.137969,35.456216],[-85.136053,35.455607],[-85.13657,35.452345],[-85.135995,35.451313],[-85.131757,35.450974],[-85.131094,35.458004],[-85.132815,35.457936],[-85.135191,35.458649],[-85.134504,35.459255],[-85.124961,35.46762],[-85.115946,35.47567],[-85.11988,35.47698],[-85.122717,35.478735],[-85.124465,35.477913],[-85.125126,35.478888],[-85.124684,35.480635],[-85.125392,35.481647],[-85.126514,35.481955],[-85.128838,35.481522],[-85.131243,35.481875],[-85.131612,35.483265],[-85.133398,35.483887],[-85.13501,35.484943],[-85.134411,35.485866],[-85.132792,35.486145],[-85.132791,35.48775],[-85.133778,35.488585],[-85.133749,35.49075],[-85.134232,35.491459],[-85.136713,35.489774],[-85.138043,35.489983],[-85.138709,35.489027],[-85.140429,35.487962],[-85.141672,35.488446],[-85.142282,35.489804],[-85.141684,35.49099],[-85.141737,35.492248],[-85.143826,35.492645],[-85.144969,35.491305],[-85.146393,35.491299],[-85.143517,35.495857],[-85.141194,35.500067],[-85.138,35.504708],[-85.136837,35.506763],[-85.135659,35.508828],[-85.132634,35.514045],[-85.127159,35.520423],[-85.122682,35.526001],[-85.119276,35.528984],[-85.113877,35.52479],[-85.116145,35.524174],[-85.118602,35.523504],[-85.115567,35.521344],[-85.111997,35.524354],[-85.110057,35.526014],[-85.105773,35.529605],[-85.108763,35.53179],[-85.109055,35.535957],[-85.109161,35.537462],[-85.105058,35.535194],[-85.104237,35.532568],[-85.100608,35.533351],[-85.099069,35.533683],[-85.099927,35.536581],[-85.10068,35.539138],[-85.102141,35.544096],[-85.096574,35.545218],[-85.102471,35.547546],[-85.105606,35.548779],[-85.109819,35.541551],[-85.108997,35.553537],[-85.108908,35.554856],[-85.108726,35.557473],[-85.108281,35.563897],[-85.107942,35.568786],[-85.107874,35.569773],[-85.107734,35.571383],[-85.095107,35.581318],[-85.093358,35.582707],[-85.087121,35.587647],[-85.083912,35.590175],[-85.068515,35.60224],[-85.062311,35.607123],[-85.061512,35.607746],[-85.050779,35.616188],[-85.047641,35.618654],[-85.041223,35.626173],[-85.038031,35.62961],[-85.035028,35.632862],[-85.03157,35.636586],[-85.026292,35.642285],[-85.022542,35.64632],[-85.020316,35.648729],[-85.013728,35.655832],[-85.010835,35.658964],[-85.002874,35.667545],[-84.998666,35.672296],[-84.995463,35.675755],[-84.994842,35.675712],[-84.992399,35.675543],[-84.981568,35.674805],[-84.981161,35.679447],[-84.990086,35.680199],[-84.989907,35.681802],[-84.987271,35.684605],[-84.98591,35.686037],[-84.979717,35.692833],[-84.971548,35.701625],[-84.966889,35.706742],[-84.966398,35.707264],[-84.964006,35.709766],[-84.951837,35.722946],[-84.944463,35.730963],[-84.939691,35.736149],[-84.928568,35.748173],[-84.927115,35.750067],[-84.916062,35.761939],[-84.910705,35.767699],[-84.905133,35.773738],[-84.895335,35.775913],[-84.893212,35.776383],[-84.88675,35.77782],[-84.882387,35.778793],[-84.880964,35.779563],[-84.877605,35.78138],[-84.857488,35.792448],[-84.845095,35.799241],[-84.836144,35.804148],[-84.835141,35.804699],[-84.831938,35.806456],[-84.81464,35.815935],[-84.797941,35.825039],[-84.79783,35.825151],[-84.789924,35.825077],[-84.781901,35.825],[-84.782769,35.824159],[-84.78414,35.824112],[-84.7852,35.822952],[-84.783097,35.820664],[-84.782636,35.818538],[-84.783394,35.817677],[-84.7848,35.817252],[-84.78675,35.817473],[-84.789292,35.815673],[-84.789167,35.814571],[-84.786983,35.813222],[-84.784919,35.812387],[-84.781539,35.813431],[-84.780282,35.813207],[-84.778102,35.811692],[-84.776833,35.810426],[-84.774612,35.809636],[-84.77333,35.80884],[-84.771653,35.808185],[-84.769194,35.805649],[-84.765451,35.799351],[-84.765038,35.799038],[-84.763422,35.798871],[-84.759913,35.796536],[-84.757776,35.795396],[-84.75673,35.795223],[-84.753804,35.795141],[-84.751419,35.794971],[-84.751127,35.794963],[-84.749448,35.794925],[-84.747167,35.794254],[-84.746992,35.792108],[-84.742644,35.790781],[-84.741992,35.790301],[-84.741623,35.790092],[-84.74159,35.789751],[-84.739616,35.787492],[-84.739499,35.787163],[-84.739444,35.785823],[-84.738941,35.784427],[-84.738631,35.783401],[-84.738795,35.781824],[-84.738723,35.78121],[-84.738033,35.779291],[-84.73809,35.778451],[-84.738315,35.777588],[-84.738918,35.776535],[-84.740021,35.775573],[-84.740916,35.774904],[-84.74205,35.774423],[-84.743006,35.77423],[-84.744101,35.774302],[-84.745091,35.774488],[-84.745985,35.774909],[-84.7465,35.775005],[-84.746945,35.774858],[-84.747515,35.774376],[-84.7479,35.774289],[-84.749812,35.774398],[-84.750638,35.774371],[-84.751131,35.773354],[-84.751764,35.772636],[-84.75279,35.772527],[-84.753345,35.77119],[-84.753667,35.770767],[-84.753783,35.770342],[-84.753683,35.769874],[-84.753002,35.768812],[-84.752229,35.767394],[-84.752225,35.767048],[-84.753145,35.765675],[-84.753403,35.764961],[-84.753652,35.764795],[-84.754353,35.764723],[-84.755287,35.76421],[-84.756177,35.763391],[-84.757033,35.761703],[-84.757561,35.760824],[-84.757699,35.759095],[-84.757635,35.758209],[-84.757046,35.756963],[-84.755942,35.755912],[-84.754472,35.75439],[-84.753038,35.75365],[-84.751289,35.752905],[-84.749942,35.752672],[-84.749345,35.752269],[-84.748358,35.751812],[-84.747163,35.751162],[-84.745871,35.750746],[-84.744708,35.750466],[-84.743339,35.750357],[-84.742305,35.750352],[-84.740456,35.750816],[-84.739552,35.75131],[-84.738774,35.751344],[-84.737413,35.750726],[-84.736404,35.750071],[-84.733121,35.748647],[-84.732291,35.748716],[-84.731147,35.750071],[-84.730727,35.750967],[-84.730543,35.751652],[-84.730131,35.752096],[-84.729619,35.75217],[-84.729175,35.751962],[-84.728247,35.751198],[-84.727892,35.751199],[-84.727263,35.751515],[-84.726488,35.752169],[-84.725575,35.752801],[-84.723853,35.752896],[-84.721557,35.752235],[-84.721043,35.751959],[-84.717332,35.747019],[-84.71549,35.745204],[-84.713986,35.741986],[-84.703911,35.74187],[-84.702954,35.741863],[-84.701186,35.741844],[-84.698416,35.741814],[-84.69844,35.740355],[-84.69841,35.732708],[-84.695122,35.732685],[-84.695171,35.730962],[-84.69529,35.726527],[-84.695338,35.724925],[-84.698546,35.725024],[-84.69873,35.717869],[-84.696589,35.717831],[-84.684663,35.717633],[-84.67654,35.717501],[-84.676515,35.715318],[-84.676457,35.710487],[-84.671967,35.71038],[-84.67207,35.707279],[-84.67209,35.706898],[-84.672223,35.702943],[-84.671303,35.702934],[-84.666576,35.702893],[-84.663528,35.702837],[-84.663327,35.707399],[-84.663209,35.710202],[-84.656751,35.710066],[-84.656574,35.71006],[-84.654403,35.710017],[-84.654349,35.717293],[-84.653204,35.717265],[-84.645279,35.717092],[-84.645078,35.724283],[-84.645073,35.724438],[-84.636309,35.72429],[-84.636388,35.720384],[-84.634349,35.719108],[-84.624936,35.713186],[-84.623034,35.711775],[-84.622952,35.707922],[-84.619031,35.70788],[-84.61897,35.703386],[-84.623339,35.699878],[-84.622039,35.697241],[-84.620652,35.696686],[-84.619212,35.696081],[-84.619201,35.694837],[-84.623147,35.692306],[-84.625365,35.691713],[-84.626196,35.690862],[-84.628061,35.690117],[-84.628045,35.671677],[-84.628041,35.666005],[-84.62804,35.665274],[-84.628038,35.662249],[-84.626978,35.660593],[-84.625868,35.658869],[-84.621628,35.663754],[-84.620674,35.66544],[-84.615757,35.671847],[-84.614258,35.673611],[-84.613137,35.675807],[-84.611114,35.678257],[-84.609215,35.679314],[-84.60874,35.681165],[-84.606769,35.68346],[-84.605973,35.684947],[-84.605875,35.685124],[-84.604417,35.68738],[-84.604063,35.688642],[-84.600494,35.692129],[-84.59819,35.695126],[-84.594325,35.701161],[-84.592923,35.702858],[-84.591417,35.70662],[-84.590384,35.708851],[-84.58761,35.711144],[-84.585212,35.712676],[-84.58453,35.715362],[-84.583781,35.716137],[-84.583617,35.717716],[-84.5826,35.717719],[-84.580719,35.719347],[-84.577885,35.721961],[-84.577247,35.723018],[-84.575319,35.726663],[-84.574861,35.728185],[-84.573317,35.73017],[-84.569082,35.733458],[-84.567702,35.734165],[-84.563198,35.739055],[-84.561431,35.74002],[-84.560659,35.740967],[-84.560366,35.741679],[-84.554969,35.747431],[-84.553506,35.748752],[-84.552368,35.751031],[-84.549744,35.754196],[-84.549737,35.754686],[-84.551131,35.755795],[-84.550562,35.757628],[-84.55191,35.758362],[-84.551444,35.758839],[-84.550016,35.758509],[-84.547953,35.759866],[-84.547609,35.76075],[-84.546457,35.762123],[-84.543487,35.764466],[-84.5421,35.762118],[-84.540908,35.76124],[-84.536865,35.759286],[-84.535892,35.758484],[-84.535353,35.757834],[-84.533768,35.757732],[-84.532436,35.75925],[-84.531912,35.759885],[-84.531759,35.761806],[-84.530865,35.764288],[-84.529277,35.765904],[-84.526394,35.767143],[-84.526237,35.768623],[-84.525185,35.77027],[-84.524237,35.769983],[-84.522621,35.768097],[-84.521768,35.76604],[-84.520721,35.764948],[-84.518233,35.763725],[-84.515347,35.763519],[-84.51506,35.763588],[-84.511537,35.765593],[-84.510536,35.767384],[-84.50872,35.767342],[-84.508477,35.766812],[-84.505546,35.764374],[-84.504367,35.764099],[-84.503511,35.764829],[-84.502015,35.764626],[-84.500832,35.766277],[-84.496326,35.770591],[-84.493426,35.773878],[-84.493107,35.774747],[-84.49305,35.77639],[-84.491409,35.779567],[-84.490535,35.783249],[-84.489789,35.784974],[-84.48971,35.787302],[-84.488981,35.789861],[-84.489262,35.790305],[-84.492882,35.791523],[-84.492217,35.791581],[-84.491389,35.791939],[-84.484957,35.796663],[-84.482565,35.795037],[-84.480105,35.793707],[-84.47762,35.797975],[-84.477017,35.799167],[-84.476375,35.800886],[-84.47574,35.802372],[-84.474749,35.803212],[-84.472349,35.804432],[-84.470031,35.805729],[-84.468643,35.806963],[-84.466322,35.810379],[-84.465305,35.811755],[-84.464784,35.812149],[-84.464374,35.812807],[-84.463777,35.813518],[-84.462334,35.814842],[-84.461437,35.816794],[-84.465823,35.818391],[-84.466864,35.819111],[-84.467434,35.819707],[-84.467359,35.819835],[-84.464561,35.824123],[-84.461151,35.826984],[-84.459091,35.829252],[-84.456683,35.832618],[-84.454811,35.834511],[-84.450554,35.8386],[-84.449943,35.840804],[-84.448181,35.843163],[-84.444392,35.847508],[-84.443541,35.849229],[-84.442626,35.851859],[-84.441294,35.852784],[-84.438896,35.853657],[-84.438927,35.853733],[-84.440675,35.853876],[-84.440539,35.8546],[-84.437927,35.858784],[-84.436672,35.85991],[-84.43469,35.860553],[-84.434286,35.860773],[-84.430999,35.862853],[-84.429115,35.862955],[-84.427059,35.865204],[-84.42686,35.865394],[-84.422034,35.86846],[-84.420492,35.869662],[-84.41819,35.871969],[-84.41609,35.873977],[-84.415568,35.874471],[-84.41261,35.874924],[-84.411282,35.873869],[-84.41011,35.873825],[-84.406817,35.8755],[-84.404337,35.876587],[-84.401459,35.8785],[-84.401349,35.879982],[-84.398459,35.877676],[-84.396123,35.877667],[-84.395149,35.878005],[-84.393231,35.879697],[-84.391886,35.881873],[-84.388817,35.884009],[-84.387264,35.885432],[-84.387368,35.885492],[-84.390338,35.888242],[-84.391194,35.890472],[-84.391139,35.89206],[-84.389773,35.894414],[-84.388659,35.896052],[-84.387949,35.898578],[-84.388258,35.900017],[-84.390342,35.903347],[-84.391789,35.904951],[-84.391956,35.905132],[-84.394627,35.907759],[-84.398161,35.909664],[-84.398317,35.909747],[-84.399592,35.910788],[-84.402927,35.911789],[-84.408816,35.912092],[-84.411198,35.912941],[-84.412595,35.913918],[-84.415392,35.916571],[-84.416688,35.918749],[-84.41662,35.921387],[-84.415851,35.922163],[-84.412248,35.923967],[-84.410623,35.925679],[-84.409656,35.927913],[-84.410135,35.930674],[-84.411328,35.932306],[-84.413243,35.933512],[-84.414476,35.933691],[-84.418885,35.931799],[-84.420642,35.93111],[-84.422095,35.929653],[-84.42292,35.927203],[-84.42456,35.924799],[-84.426326,35.923449],[-84.428039,35.922463],[-84.433594,35.920006],[-84.434532,35.922226],[-84.437161,35.924262],[-84.437816,35.92463],[-84.438228,35.924998],[-84.438539,35.92552],[-84.438728,35.926102],[-84.439219,35.926388],[-84.439141,35.92653],[-84.438203,35.925757],[-84.434797,35.927163],[-84.434561,35.929834],[-84.435349,35.931184],[-84.434364,35.932557],[-84.434251,35.93377],[-84.432506,35.934365],[-84.431203,35.935888],[-84.430407,35.937071],[-84.429718,35.938404],[-84.427468,35.940384],[-84.422316,35.943633],[-84.41908,35.944845],[-84.418685,35.945761],[-84.41618,35.946836],[-84.415364,35.947614],[-84.412212,35.949386],[-84.410532,35.950066],[-84.408718,35.949647],[-84.40738,35.951297],[-84.405931,35.950857],[-84.404029,35.951266],[-84.401681,35.953289],[-84.401473,35.954741],[-84.399151,35.955265],[-84.397451,35.953753],[-84.395523,35.952973],[-84.393754,35.952876],[-84.39178,35.953468],[-84.390148,35.953239],[-84.389465,35.95351],[-84.389146,35.953946],[-84.390318,35.954976],[-84.393891,35.956448],[-84.395801,35.958248],[-84.395325,35.960383],[-84.39405,35.962728],[-84.390727,35.964464],[-84.388511,35.964907],[-84.385938,35.96503],[-84.383284,35.966681],[-84.380246,35.968027],[-84.377453,35.969888],[-84.376054,35.970098],[-84.37245,35.972075],[-84.370571,35.973807],[-84.367714,35.974907],[-84.367938,35.975169],[-84.366311,35.975807],[-84.366593,35.976764],[-84.365376,35.97695],[-84.363765,35.978579],[-84.368215,35.978127],[-84.367453,35.979359],[-84.365932,35.980149],[-84.363068,35.9804],[-84.361563,35.98212],[-84.360611,35.982562],[-84.361108,35.983816],[-84.360415,35.983949],[-84.357241,35.984229],[-84.355156,35.983661],[-84.352351,35.985209],[-84.352438,35.987298],[-84.351581,35.989135],[-84.348915,35.991206],[-84.347285,35.990651],[-84.347103,35.991359],[-84.345424,35.992872],[-84.342374,35.994889],[-84.34039,35.995534],[-84.339716,35.994009],[-84.338181,35.995603],[-84.338738,35.996049],[-84.336557,35.996957],[-84.334991,35.998073],[-84.332138,35.998853],[-84.330308,35.998088],[-84.327874,35.998934],[-84.33009,35.999715],[-84.328929,36.000829],[-84.327736,36.000913],[-84.328118,36.002299],[-84.327429,36.003588],[-84.326488,36.003109],[-84.325177,36.005034],[-84.325739,36.006506],[-84.326053,36.007327],[-84.327851,36.012127],[-84.331547,36.02196],[-84.331891,36.022874],[-84.331906,36.022913],[-84.331912,36.022929],[-84.331918,36.022944],[-84.332511,36.024503],[-84.333812,36.027984],[-84.334352,36.029417],[-84.334469,36.029727],[-84.334595,36.03006],[-84.334906,36.030888],[-84.335967,36.033715],[-84.336384,36.034825],[-84.337726,36.038404],[-84.338297,36.039918],[-84.339077,36.041992],[-84.339351,36.042721],[-84.339833,36.044001],[-84.340181,36.044928],[-84.340475,36.045815],[-84.340793,36.046632],[-84.342802,36.04741],[-84.343978,36.04766],[-84.344626,36.047572],[-84.346721,36.047096],[-84.346777,36.047168],[-84.344819,36.047609],[-84.344036,36.047731],[-84.343227,36.047634],[-84.342617,36.047455],[-84.34085,36.046778],[-84.341812,36.048977],[-84.34321,36.050496],[-84.343522,36.050841],[-84.345086,36.052538],[-84.345511,36.053001],[-84.346872,36.054479],[-84.347916,36.055614],[-84.348259,36.055986],[-84.348326,36.05606],[-84.348394,36.056134],[-84.348803,36.056579],[-84.34894,36.056728],[-84.353834,36.062047],[-84.358807,36.067454],[-84.360643,36.06945],[-84.361128,36.069977],[-84.376189,36.09129],[-84.37903,36.095377],[-84.38063,36.096477],[-84.38183,36.096577],[-84.38463,36.097677],[-84.38693,36.098877],[-84.38883,36.098677],[-84.38933,36.099277],[-84.391131,36.099277],[-84.393231,36.100477],[-84.393531,36.102477],[-84.395031,36.104377],[-84.396431,36.105077],[-84.397131,36.104777],[-84.400131,36.104677],[-84.403331,36.103877],[-84.406031,36.103577],[-84.408132,36.105077],[-84.413532,36.107177],[-84.414532,36.107877],[-84.416432,36.108277],[-84.420432,36.108377],[-84.421732,36.115277],[-84.425542,36.122992],[-84.425491,36.123657],[-84.425452,36.124612],[-84.425532,36.125078],[-84.429676,36.131352],[-84.430033,36.131877],[-84.432433,36.131677],[-84.435733,36.133977],[-84.439934,36.135277],[-84.442134,36.135477],[-84.442534,36.137477],[-84.442534,36.139977],[-84.442963,36.139901],[-84.444434,36.138477],[-84.446234,36.138477],[-84.449034,36.139577],[-84.449834,36.142277],[-84.449881,36.151046],[-84.448234,36.152478],[-84.446534,36.152478],[-84.445327,36.151878],[-84.443834,36.153078],[-84.442034,36.155178],[-84.440834,36.155978],[-84.442334,36.158278],[-84.442434,36.160778],[-84.441134,36.162478],[-84.441034,36.163478],[-84.435334,36.164778],[-84.433734,36.164778],[-84.432734,36.165378],[-84.426434,36.164678],[-84.425434,36.165278],[-84.423634,36.168678],[-84.421634,36.169278],[-84.419233,36.169178],[-84.415333,36.167978],[-84.413633,36.169578],[-84.411633,36.169978],[-84.408433,36.173878],[-84.406233,36.174978],[-84.404233,36.174478],[-84.402033,36.176078],[-84.400833,36.178478],[-84.401333,36.180078],[-84.402433,36.180778],[-84.403533,36.184478],[-84.403133,36.185778],[-84.401233,36.186778],[-84.397433,36.189278],[-84.396633,36.190678],[-84.393933,36.192378],[-84.392792,36.193887],[-84.390833,36.196478],[-84.390933,36.199378],[-84.392433,36.201678],[-84.391933,36.202878],[-84.390333,36.204278],[-84.386733,36.205578],[-84.385633,36.206678],[-84.383333,36.206878],[-84.382133,36.207678],[-84.380233,36.209778],[-84.378233,36.211478],[-84.375832,36.212278],[-84.374332,36.214378],[-84.374332,36.215678],[-84.372731,36.216778],[-84.370632,36.214978],[-84.366932,36.212878],[-84.365732,36.212478],[-84.363432,36.213078],[-84.357732,36.214178],[-84.355832,36.214378],[-84.353932,36.214078],[-84.351831,36.214278],[-84.349531,36.215178],[-84.346731,36.215078],[-84.344231,36.214378],[-84.343631,36.213678],[-84.339031,36.212278],[-84.337585,36.210921],[-84.333931,36.210278],[-84.33273,36.208578],[-84.33073,36.208078],[-84.32833,36.208778],[-84.32633,36.208578],[-84.32165,36.210157],[-84.321587,36.210812],[-84.324996,36.211713],[-84.324867,36.2123],[-84.324747,36.212461],[-84.32303,36.213578],[-84.31973,36.213178],[-84.31783,36.213378],[-84.31633,36.214678],[-84.31273,36.215178],[-84.31113,36.216278],[-84.30973,36.216078],[-84.306907,36.217924],[-84.304029,36.218878],[-84.301429,36.220978],[-84.299929,36.220878],[-84.296929,36.219478],[-84.294929,36.217678],[-84.291029,36.215278],[-84.290554,36.213319],[-84.289529,36.211978],[-84.287328,36.210378],[-84.285428,36.207578],[-84.282328,36.206578],[-84.278528,36.204078],[-84.274528,36.201878],[-84.272628,36.200278],[-84.271927,36.199078],[-84.271427,36.196078],[-84.270227,36.194878],[-84.268027,36.193778],[-84.265627,36.191078],[-84.264127,36.188178],[-84.260627,36.189078],[-84.259027,36.190078],[-84.258127,36.189878],[-84.255626,36.187878],[-84.253326,36.186578],[-84.251626,36.182878],[-84.249426,36.181978],[-84.248526,36.181078],[-84.246126,36.180278],[-84.244726,36.178978],[-84.243026,36.178978],[-84.241925,36.177678],[-84.241325,36.177578],[-84.237325,36.178478],[-84.235225,36.180578],[-84.232525,36.181578],[-84.230325,36.182078],[-84.229225,36.183878],[-84.228991,36.185014],[-84.228725,36.187378],[-84.229325,36.189878],[-84.231525,36.191778],[-84.230525,36.193778],[-84.229742,36.197247],[-84.230626,36.198779],[-84.229726,36.201679],[-84.230226,36.203679],[-84.231226,36.204379],[-84.233673,36.207333],[-84.234226,36.208379],[-84.233326,36.210079],[-84.232526,36.214579],[-84.229526,36.215179],[-84.226326,36.216479],[-84.225726,36.217179],[-84.225626,36.219579],[-84.226366,36.2206],[-84.228526,36.223579],[-84.229926,36.224879],[-84.229326,36.225579],[-84.227526,36.232879],[-84.228926,36.234279],[-84.228126,36.236579],[-84.228727,36.238779],[-84.228427,36.239779],[-84.226727,36.239979],[-84.226127,36.241479],[-84.228327,36.242479],[-84.228527,36.243679],[-84.227627,36.244779],[-84.227527,36.244879],[-84.210518,36.24288],[-84.192087,36.240736],[-84.190313,36.240529],[-84.183762,36.239775],[-84.182924,36.239678],[-84.174727,36.240015],[-84.17348,36.240068],[-84.173217,36.240079],[-84.17293,36.240091],[-84.170824,36.240178],[-84.165521,36.238713],[-84.165415,36.238684],[-84.165398,36.238679],[-84.163645,36.238187],[-84.162676,36.237914],[-84.161454,36.237571],[-84.161265,36.237518],[-84.15199,36.237391],[-84.151971,36.237391],[-84.150323,36.237378],[-84.145643,36.23596],[-84.142837,36.23511],[-84.140125,36.233676],[-84.137526,36.234473],[-84.137005,36.234219],[-84.135319,36.233766],[-84.133118,36.234767],[-84.130868,36.233987],[-84.128885,36.234697],[-84.128435,36.234659],[-84.126777,36.233874],[-84.125009,36.234293],[-84.122788,36.233778],[-84.119421,36.233678],[-84.117184,36.233878],[-84.114521,36.234078],[-84.110421,36.233878],[-84.107121,36.232678],[-84.104521,36.232078],[-84.10392,36.229478],[-84.103087,36.228645],[-84.103535,36.225842],[-84.103463,36.225368],[-84.102691,36.224424],[-84.100991,36.224102],[-84.098037,36.223276],[-84.097061,36.223334],[-84.09321,36.222459],[-84.092746,36.2224],[-84.092264,36.222494],[-84.09196,36.222613],[-84.091755,36.222931],[-84.09251,36.22426],[-84.09302,36.226778],[-84.09152,36.229278],[-84.08832,36.229878],[-84.085775,36.229846],[-84.083419,36.229478],[-84.079818,36.228178],[-84.076818,36.227678],[-84.073718,36.227878],[-84.072018,36.228578],[-84.069918,36.230378],[-84.069218,36.233578],[-84.069819,36.236678],[-84.071219,36.238478],[-84.073819,36.239978],[-84.07592,36.241878],[-84.07632,36.244078],[-84.07602,36.247878],[-84.07492,36.250078],[-84.07309,36.251652],[-84.072698,36.251989],[-84.070229,36.251873],[-84.068706,36.250569],[-84.066119,36.248178],[-84.063119,36.246978],[-84.059219,36.247878],[-84.057619,36.249078],[-84.057219,36.250078],[-84.057919,36.252878],[-84.058319,36.255978],[-84.057319,36.260578],[-84.056619,36.262178],[-84.055419,36.263678],[-84.050319,36.267578],[-84.045219,36.271178],[-84.043319,36.272978],[-84.041419,36.275278],[-84.041019,36.277578],[-84.042119,36.280878],[-84.042019,36.282578],[-84.040519,36.285078],[-84.035619,36.287978],[-84.034319,36.289278],[-84.033219,36.291078],[-84.032719,36.293078],[-84.033019,36.293778],[-84.037619,36.299078],[-84.037519,36.299978],[-84.035819,36.301278],[-84.032519,36.301779],[-84.030419,36.300979],[-84.028519,36.299579],[-84.026519,36.297079],[-84.025774,36.294179],[-84.025806,36.292522],[-84.026018,36.289078],[-84.025318,36.286278],[-84.025218,36.284078],[-84.025918,36.279278],[-84.025318,36.277478],[-84.021518,36.272278],[-84.019918,36.271378],[-84.018418,36.271078],[-84.015917,36.271278],[-84.014217,36.271878],[-84.010917,36.272178],[-84.004317,36.270378],[-84.002114,36.270621],[-84.00072,36.271647],[-84.000218,36.273483],[-84.000264,36.276892],[-83.999917,36.277738],[-83.999328,36.281382],[-83.997617,36.282678],[-83.995017,36.283478],[-83.992717,36.283678],[-83.988817,36.282978],[-83.985717,36.281478],[-83.985053,36.282876],[-83.983817,36.285478],[-83.981016,36.284978],[-83.981917,36.286078],[-83.983117,36.289178],[-83.980817,36.290478],[-83.979117,36.292078],[-83.979717,36.292678],[-83.978417,36.293578],[-83.979317,36.294678],[-83.97743,36.29596],[-83.974017,36.298278],[-83.976217,36.300878],[-83.977552,36.304648],[-83.977917,36.305678],[-83.974017,36.306378],[-83.974317,36.308578],[-83.973117,36.308678],[-83.974517,36.311178],[-83.972817,36.312378],[-83.971623,36.328601],[-83.969917,36.333363],[-83.971185,36.341165],[-83.971418,36.342578],[-83.969818,36.346478],[-83.968818,36.346278],[-83.968018,36.345978],[-83.966018,36.345578],[-83.964117,36.344678],[-83.963117,36.344478],[-83.962617,36.344678],[-83.962017,36.345378],[-83.961817,36.345978],[-83.961717,36.346778],[-83.961918,36.347478],[-83.962318,36.347978],[-83.963618,36.348878],[-83.968418,36.354578],[-83.968318,36.354778],[-83.965566,36.355214],[-83.960018,36.356378],[-83.957618,36.357078],[-83.956518,36.357778],[-83.956844,36.358604],[-83.957718,36.359178],[-83.960518,36.358778],[-83.962518,36.358078],[-83.964718,36.359178],[-83.964418,36.360678],[-83.965118,36.361578],[-83.964618,36.362412],[-83.963418,36.362778],[-83.963218,36.362278],[-83.962218,36.361378],[-83.960718,36.361078],[-83.959218,36.361278],[-83.957618,36.361678],[-83.955518,36.362478],[-83.954318,36.363078],[-83.953418,36.363678],[-83.952118,36.364878],[-83.951418,36.365878],[-83.950418,36.367778],[-83.949918,36.368978],[-83.949918,36.369978],[-83.950218,36.370778],[-83.950918,36.372078],[-83.951318,36.372578],[-83.952118,36.374178],[-83.952918,36.374978],[-83.952818,36.375078],[-83.953318,36.375778],[-83.955018,36.376778],[-83.956418,36.377178],[-83.957418,36.377678],[-83.958218,36.378578],[-83.958318,36.379978],[-83.956918,36.380978],[-83.956513,36.381148],[-83.953618,36.384178],[-83.953618,36.384978],[-83.954908,36.387623],[-83.955918,36.389778],[-83.956118,36.391578],[-83.955619,36.393278],[-83.953119,36.397878],[-83.952419,36.399978],[-83.950919,36.401278],[-83.950019,36.401078],[-83.947718,36.398978],[-83.944918,36.398378],[-83.943318,36.397378],[-83.941118,36.395178],[-83.939018,36.394278],[-83.934018,36.394178],[-83.931518,36.393178],[-83.925817,36.387879],[-83.924217,36.387279],[-83.921217,36.387879],[-83.916817,36.391979],[-83.915017,36.393979],[-83.912317,36.395579],[-83.907217,36.399079],[-83.906556,36.399738],[-83.905317,36.401479],[-83.904117,36.404879],[-83.902717,36.405379],[-83.905405,36.408939],[-83.906427,36.410342],[-83.910819,36.413378],[-83.905817,36.413279],[-83.903917,36.417079],[-83.903317,36.418279],[-83.908355,36.419759],[-83.905638,36.419979],[-83.905174,36.420521],[-83.90271,36.420573],[-83.900781,36.421436],[-83.899796,36.42315],[-83.900869,36.425253],[-83.901139,36.425622],[-83.902918,36.427479],[-83.907318,36.429079],[-83.910118,36.426879],[-83.911418,36.426279],[-83.913518,36.426279],[-83.913618,36.426879],[-83.915318,36.426779],[-83.916218,36.427679],[-83.917418,36.427079],[-83.918218,36.428179],[-83.919718,36.427779],[-83.920218,36.428479],[-83.922618,36.427779],[-83.92207,36.429359],[-83.922321,36.43208],[-83.924085,36.436857],[-83.927673,36.441132],[-83.926743,36.442252],[-83.92751,36.443641],[-83.928307,36.445429],[-83.929627,36.445069],[-83.930191,36.446314],[-83.931186,36.448529],[-83.931896,36.450108],[-83.933319,36.453279],[-83.932176,36.454014],[-83.932212,36.455149],[-83.929919,36.455579],[-83.930291,36.459959],[-83.936421,36.460121],[-83.943139,36.473564],[-83.95617,36.500079],[-83.95696,36.501555],[-83.960528,36.508311],[-83.960806,36.508887],[-83.974451,36.538356],[-83.976207,36.541971],[-83.979979,36.550353],[-83.979237,36.551774],[-83.978226,36.552453],[-83.977986,36.553446],[-83.978567,36.554361],[-83.978011,36.555597],[-83.98113,36.556838],[-83.981807,36.558454],[-83.984327,36.560102],[-83.984087,36.560163],[-83.984634,36.560482],[-83.983673,36.56185],[-83.982801,36.563968],[-83.983136,36.566486],[-83.983487,36.565912],[-83.984001,36.568754],[-83.983408,36.57029],[-83.984518,36.572658],[-83.98474,36.574898],[-83.983958,36.580012],[-83.982184,36.583509],[-83.982492,36.585315],[-83.985933,36.588449],[-83.987022,36.588432],[-83.987615,36.589471],[-83.999943,36.589857],[-84.018068,36.59006],[-84.020983,36.590088],[-84.072731,36.590654],[-84.08601,36.590932],[-84.098836,36.591238],[-84.102161,36.591316],[-84.104019,36.591316],[-84.104641,36.591317],[-84.104911,36.591316],[-84.122043,36.591338],[-84.122669,36.59134],[-84.125493,36.591352],[-84.126122,36.591355],[-84.127448,36.591361],[-84.131547,36.591377],[-84.142923,36.591456],[-84.144706,36.59147],[-84.149109,36.591501],[-84.191244,36.591801],[-84.197615,36.591845],[-84.226832,36.592041],[-84.227292,36.592045],[-84.261337,36.591784],[-84.270904,36.591708],[-84.291025,36.592217],[-84.320304,36.593071],[-84.376548,36.594598],[-84.393169,36.595021],[-84.417982,36.595592],[-84.426448,36.595762],[-84.434938,36.595931],[-84.435937,36.595951],[-84.439102,36.596015],[-84.443183,36.596097],[-84.450175,36.596223],[-84.458684,36.596304],[-84.478354,36.596486],[-84.490822,36.596582],[-84.500093,36.596575],[-84.520921,36.596423],[-84.536447,36.596328],[-84.540474,36.596304],[-84.5587,36.59699],[-84.562599,36.597133],[-84.582562,36.597903],[-84.604903,36.598767],[-84.605472,36.598789],[-84.624902,36.599539],[-84.642153,36.600108],[-84.651255,36.600408],[-84.685446,36.601363],[-84.729347,36.602194],[-84.739982,36.602387],[-84.749949,36.60257],[-84.778605,36.603279],[-84.78545,36.603444],[-84.804294,36.6039],[-84.818982,36.604259],[-84.829123,36.604514],[-84.874882,36.607701],[-84.883803,36.608175],[-84.897679,36.609085],[-84.919833,36.610634],[-84.937508,36.611858],[-84.95274,36.613412],[-84.991632,36.617041],[-84.993427,36.617156],[-84.99681,36.617373],[-85.026279,36.619261],[-85.026861,36.619299],[-85.02742,36.619323],[-85.049583,36.620303],[-85.070543,36.621248],[-85.078097,36.621543],[-85.085471,36.621882],[-85.086396,36.621921],[-85.088348,36.622005],[-85.096619,36.622352],[-85.110636,36.622935],[-85.118389,36.623215],[-85.136033,36.623813],[-85.143387,36.624034],[-85.168763,36.624798],[-85.17018,36.62484],[-85.171624,36.624884],[-85.18627,36.625208],[-85.190361,36.625277],[-85.203933,36.625505],[-85.204519,36.625515],[-85.205493,36.625532],[-85.207773,36.625571],[-85.208062,36.625576],[-85.208322,36.62558],[-85.209046,36.625593],[-85.209382,36.625599],[-85.213286,36.625669],[-85.221927,36.625823],[-85.225992,36.625896],[-85.226468,36.625905],[-85.228942,36.625949],[-85.240162,36.626149],[-85.247557,36.626281],[-85.249966,36.626324],[-85.256819,36.626438],[-85.257149,36.626443],[-85.265628,36.626622],[-85.276281,36.626816],[-85.276297,36.62528],[-85.276517,36.624655],[-85.276687,36.617777],[-85.279789,36.616822],[-85.278467,36.614095],[-85.279169,36.614006],[-85.281339,36.611652],[-85.280446,36.608096],[-85.276945,36.60729],[-85.276969,36.606332],[-85.277029,36.603924],[-85.277112,36.600599],[-85.277119,36.600318],[-85.277209,36.596731],[-85.277299,36.593053],[-85.277391,36.58888],[-85.27749,36.586137],[-85.272158,36.579545],[-85.267759,36.574106],[-85.267538,36.573833],[-85.267057,36.573238],[-85.267205,36.572995],[-85.267388,36.572698],[-85.271819,36.565316],[-85.275686,36.558933],[-85.275072,36.558076],[-85.276117,36.556382],[-85.278085,36.555469],[-85.279089,36.553016],[-85.278071,36.552558],[-85.279329,36.550945],[-85.280857,36.549523],[-85.281752,36.547722],[-85.282517,36.542244],[-85.282794,36.541384],[-85.282713,36.540691],[-85.282803,36.53998],[-85.282704,36.539146],[-85.283225,36.537905],[-85.283944,36.537037],[-85.284118,36.536243],[-85.284558,36.535911],[-85.285371,36.534722],[-85.284878,36.531293],[-85.27851,36.536255],[-85.272519,36.538078],[-85.272115,36.538345],[-85.269219,36.540265],[-85.258417,36.533206],[-85.260061,36.53089],[-85.261463,36.530693],[-85.263847,36.531871],[-85.264603,36.532615],[-85.265398,36.531521],[-85.264809,36.531183],[-85.262078,36.529643],[-85.260797,36.529664],[-85.256082,36.527073],[-85.251,36.523789],[-85.248736,36.522981],[-85.245854,36.522316],[-85.240395,36.520731],[-85.233345,36.518446],[-85.223273,36.515015],[-85.220698,36.51387],[-85.218371,36.512835],[-85.211688,36.508907],[-85.208637,36.507052],[-85.205102,36.504615],[-85.201391,36.5019],[-85.200582,36.501283],[-85.19981,36.500691],[-85.185348,36.490349],[-85.18304,36.488357],[-85.182433,36.487834],[-85.179857,36.485627],[-85.178527,36.484488],[-85.174671,36.481189],[-85.174502,36.479539],[-85.172242,36.479299],[-85.168205,36.475624],[-85.16752,36.475467],[-85.159465,36.468309],[-85.157738,36.466773],[-85.159185,36.463843],[-85.158427,36.460484],[-85.156346,36.460998],[-85.155249,36.462291],[-85.151653,36.461682],[-85.150309,36.460068],[-85.150472,36.458007],[-85.150541,36.455818],[-85.147937,36.456164],[-85.147671,36.450909],[-85.147658,36.450666],[-85.147646,36.450532],[-85.147619,36.450132],[-85.14761,36.45],[-85.147579,36.449399],[-85.147547,36.448699],[-85.147428,36.446264],[-85.147314,36.443949],[-85.146916,36.435771],[-85.145579,36.433621],[-85.145091,36.432808],[-85.136465,36.418949],[-85.136948,36.416746],[-85.135952,36.414823],[-85.134456,36.413562],[-85.134314,36.412504],[-85.135325,36.410263],[-85.134782,36.408387],[-85.135101,36.406991],[-85.132763,36.405769],[-85.131347,36.406199],[-85.128846,36.405614],[-85.120445,36.407164],[-85.12046,36.405239],[-85.120495,36.401451],[-85.120503,36.399799],[-85.118899,36.399812],[-85.119163,36.397667],[-85.120527,36.397282],[-85.120566,36.393061],[-85.120732,36.375043],[-85.121045,36.36305],[-85.121519,36.33999],[-85.121757,36.328401],[-85.122167,36.30834],[-85.122245,36.304599],[-85.121639,36.302675],[-85.120168,36.29791],[-85.119742,36.296565],[-85.1196,36.296118],[-85.119176,36.29478],[-85.119035,36.294334],[-85.117855,36.290606],[-85.114858,36.281139],[-85.112722,36.274391],[-85.110852,36.268482],[-85.11065,36.267837],[-85.106129,36.256226],[-85.100385,36.241535],[-85.093915,36.225128],[-85.090594,36.216709],[-85.089687,36.214409],[-85.08518,36.202979],[-85.082497,36.196171],[-85.083778,36.194397],[-85.094256,36.179883],[-85.101883,36.169311],[-85.105854,36.163742],[-85.106056,36.163476],[-85.106664,36.162682],[-85.106867,36.162417],[-85.119583,36.144719],[-85.112104,36.142277],[-85.10954,36.141462],[-85.102712,36.139313],[-85.102675,36.139326],[-85.100213,36.138561],[-85.102781,36.13606],[-85.105438,36.134883],[-85.107319,36.132899],[-85.110835,36.133081],[-85.112254,36.132751],[-85.114657,36.13126],[-85.117768,36.131336],[-85.119615,36.130079],[-85.121735,36.130227],[-85.122787,36.129622],[-85.124572,36.1296],[-85.127529,36.128756],[-85.128814,36.129655],[-85.129672,36.130246],[-85.131575,36.130259],[-85.131748,36.128246],[-85.136685,36.121498],[-85.148067,36.105943],[-85.152233,36.100249],[-85.15275,36.099544],[-85.167153,36.100618],[-85.181087,36.101664],[-85.207234,36.103623],[-85.218173,36.104442],[-85.235757,36.105752],[-85.235705,36.103307],[-85.236148,36.100554],[-85.238185,36.103252],[-85.238487,36.103272],[-85.238581,36.102808],[-85.239108,36.100247],[-85.246362,36.100698],[-85.248219,36.084534],[-85.24764,36.083265],[-85.244884,36.080657],[-85.244512,36.079999],[-85.24453,36.077608],[-85.243865,36.075795],[-85.242894,36.075015],[-85.243187,36.073284],[-85.242604,36.072746],[-85.244078,36.070514],[-85.24556,36.069909],[-85.246682,36.067903],[-85.24731,36.065183],[-85.247423,36.063222],[-85.246392,36.060396],[-85.245443,36.057964],[-85.244028,36.056734],[-85.243303,36.054916],[-85.243925,36.053932],[-85.245204,36.054212],[-85.245961,36.053519],[-85.24433,36.053058],[-85.245784,36.051486],[-85.244092,36.050504],[-85.244815,36.049415],[-85.247536,36.050612],[-85.247927,36.04915],[-85.246709,36.048255],[-85.247554,36.047128],[-85.246565,36.045755],[-85.248506,36.044562],[-85.248322,36.043139],[-85.249219,36.040166],[-85.251364,36.040521],[-85.254854,36.023564],[-85.256792,36.014276],[-85.259498,36.001011],[-85.260407,35.996645],[-85.254881,35.99649],[-85.257012,35.978492],[-85.264206,35.979154],[-85.264259,35.979168],[-85.264418,35.97921],[-85.264472,35.979224],[-85.280585,35.984042],[-85.282996,35.984762],[-85.294016,35.988058],[-85.296695,35.988857],[-85.304214,35.991086],[-85.311302,35.992997],[-85.311347,35.996686],[-85.31149,36.008003],[-85.31159,36.01588],[-85.311675,36.022307],[-85.310638,36.022563],[-85.309363,36.031592],[-85.31452,36.032062],[-85.32537,36.033052],[-85.326278,36.030227],[-85.330309,36.032235],[-85.334253,36.034237],[-85.35497,36.045039],[-85.356619,36.045893],[-85.362195,36.047235],[-85.372621,36.049747],[-85.372181,36.052388],[-85.374972,36.052352],[-85.378923,36.05278],[-85.390603,36.053929],[-85.395356,36.055085],[-85.404778,36.057381],[-85.410366,36.05874],[-85.427782,36.062977],[-85.437572,36.065274],[-85.456399,36.070005],[-85.46903,36.073094],[-85.476949,36.074805],[-85.494463,36.079286],[-85.499239,36.08037],[-85.500667,36.080377],[-85.505785,36.081724],[-85.506291,36.081827],[-85.506611,36.081866],[-85.509821,36.08183],[-85.513946,36.081406],[-85.517871,36.080957],[-85.519755,36.08074],[-85.522132,36.080468],[-85.529189,36.079659],[-85.53505,36.078986],[-85.543329,36.078038],[-85.5454,36.077798],[-85.548198,36.075541],[-85.549545,36.075286],[-85.550787,36.073647],[-85.552158,36.072943],[-85.554924,36.073635],[-85.557634,36.07382],[-85.560459,36.073471],[-85.563507,36.068927],[-85.565298,36.066259],[-85.565507,36.06595],[-85.570052,36.059174],[-85.570742,36.058837],[-85.571095,36.05939],[-85.573957,36.059549],[-85.575028,36.05587],[-85.575817,36.05554],[-85.577799,36.05632],[-85.57851,36.057418],[-85.577541,36.062463],[-85.57824,36.063404],[-85.579156,36.063201],[-85.582127,36.060658],[-85.580121,36.06185],[-85.580527,36.061108],[-85.582834,36.060418],[-85.582782,36.060237],[-85.58196,36.059383],[-85.580915,36.058915],[-85.580798,36.057588],[-85.580894,36.056942],[-85.58119,36.056428],[-85.581833,36.056263],[-85.582872,36.056209],[-85.584121,36.055761],[-85.584258,36.055408],[-85.583929,36.054276],[-85.583705,36.053133],[-85.583271,36.052727],[-85.583449,36.05212],[-85.583361,36.05163],[-85.582714,36.050993],[-85.582104,36.051291],[-85.582489,36.050585],[-85.582084,36.05017],[-85.582329,36.050014],[-85.582803,36.050435],[-85.582891,36.050337],[-85.582467,36.049421],[-85.582379,36.048896],[-85.58252,36.04814],[-85.582915,36.047249],[-85.582643,36.047002],[-85.582697,36.046671],[-85.58308,36.046464],[-85.583068,36.045795],[-85.583365,36.045759],[-85.583837,36.044979],[-85.584811,36.044198],[-85.585988,36.043837],[-85.587219,36.04371],[-85.587682,36.043411],[-85.58885,36.043517],[-85.589298,36.043403],[-85.588308,36.04238],[-85.587989,36.042394],[-85.58799,36.042052],[-85.587636,36.041483],[-85.587514,36.04069],[-85.586792,36.039636],[-85.583642,36.037236],[-85.586435,36.037505],[-85.587942,36.038715],[-85.588535,36.039778],[-85.588672,36.040494],[-85.589243,36.040958],[-85.590192,36.041489],[-85.591453,36.041846],[-85.593329,36.042368],[-85.593904,36.042892],[-85.594026,36.04345],[-85.594086,36.043726],[-85.594155,36.043713],[-85.594435,36.043665],[-85.595384,36.043419],[-85.595969,36.043268],[-85.596262,36.043031],[-85.596593,36.042399],[-85.597435,36.041935],[-85.597717,36.041887],[-85.59827,36.041795],[-85.598677,36.041898],[-85.602159,36.042006],[-85.602008,36.043488],[-85.606177,36.044024],[-85.609618,36.046125],[-85.611138,36.04605],[-85.612424,36.043416],[-85.61378,36.042581],[-85.618512,36.040909],[-85.61933,36.037913],[-85.620862,36.036209],[-85.622982,36.036749],[-85.624107,36.035096],[-85.623633,36.034089],[-85.621972,36.033484],[-85.62498,36.031513],[-85.633216,36.028875],[-85.636733,36.028317],[-85.638549,36.027352],[-85.638779,36.026748],[-85.638175,36.024052],[-85.639306,36.023562],[-85.641382,36.024219],[-85.643274,36.024191],[-85.643509,36.019334],[-85.644604,36.015053],[-85.644244,36.013301],[-85.642063,36.011506],[-85.641019,36.00862],[-85.637817,36.006028],[-85.636193,36.006114],[-85.634674,36.007297],[-85.63287,36.007834],[-85.63189,36.007627],[-85.630493,36.006469],[-85.630863,36.006294],[-85.632725,36.005417],[-85.632871,36.003705],[-85.640324,36.00362],[-85.64044,36.00221],[-85.644207,36.00215],[-85.6446,35.997957],[-85.644615,35.997492],[-85.646242,35.988798],[-85.646608,35.988676],[-85.655088,35.979521],[-85.657428,35.977062],[-85.657907,35.976128],[-85.659664,35.974865],[-85.660392,35.973412],[-85.662917,35.971501],[-85.663051,35.967857],[-85.663007,35.966195],[-85.662926,35.96401],[-85.662563,35.951741],[-85.66262,35.949064],[-85.660753,35.944325],[-85.660422,35.94304],[-85.655471,35.930038],[-85.654769,35.927737],[-85.654425,35.926717],[-85.654735,35.921618],[-85.656976,35.922093],[-85.658721,35.916286],[-85.655286,35.915548],[-85.651656,35.913856],[-85.65166,35.906296],[-85.651662,35.904993],[-85.649234,35.903934],[-85.646983,35.902167],[-85.646756,35.901375],[-85.64734,35.899151],[-85.64817,35.898203],[-85.651896,35.895124],[-85.656165,35.892698],[-85.658526,35.891634],[-85.666962,35.88878],[-85.668958,35.887312],[-85.669877,35.884868],[-85.669666,35.884209],[-85.66813,35.883659],[-85.661996,35.884552],[-85.653235,35.886146],[-85.648463,35.887869],[-85.644926,35.889541],[-85.643119,35.889916],[-85.640561,35.88967],[-85.63752,35.888066],[-85.636454,35.886847],[-85.635903,35.884543],[-85.637327,35.881824],[-85.643256,35.87718],[-85.646773,35.875065],[-85.648615,35.873303],[-85.650483,35.870813],[-85.65298,35.868853],[-85.657327,35.866635],[-85.665903,35.861868],[-85.671063,35.858512],[-85.672806,35.856527],[-85.673224,35.854607],[-85.672969,35.852904],[-85.671882,35.851113],[-85.669233,35.849434],[-85.664573,35.848998],[-85.660853,35.849046],[-85.657151,35.849844],[-85.653933,35.851667],[-85.650438,35.853305],[-85.648211,35.853877],[-85.644639,35.85382],[-85.634803,35.853897],[-85.632538,35.853259],[-85.631858,35.851718],[-85.632449,35.847385],[-85.636144,35.844126],[-85.641356,35.840767],[-85.644919,35.838473],[-85.653837,35.827905],[-85.656014,35.826824],[-85.658864,35.825872],[-85.662563,35.825703],[-85.664867,35.826518],[-85.666883,35.827874],[-85.671133,35.831409],[-85.674613,35.833127],[-85.677521,35.833579],[-85.68039,35.832861],[-85.682095,35.831254],[-85.685095,35.83196],[-85.687415,35.832512],[-85.704664,35.836082],[-85.713633,35.838515],[-85.714723,35.838753],[-85.719645,35.8428],[-85.734501,35.843826],[-85.734988,35.844055],[-85.744804,35.84857],[-85.747257,35.849369],[-85.751785,35.850027],[-85.751597,35.847759],[-85.751467,35.84524],[-85.757341,35.84518],[-85.757206,35.846746],[-85.757051,35.848519],[-85.761318,35.848606],[-85.76249,35.848617],[-85.766206,35.848691],[-85.767718,35.848737],[-85.776027,35.845536],[-85.77421,35.842548],[-85.783941,35.842862],[-85.787534,35.843036],[-85.787115,35.846407],[-85.788657,35.846536],[-85.788523,35.852002],[-85.78957,35.852051],[-85.790841,35.8507],[-85.792096,35.85074],[-85.793851,35.85091],[-85.796925,35.851131],[-85.802276,35.850659],[-85.802544,35.850636],[-85.806994,35.850403],[-85.811546,35.850179],[-85.811329,35.848613],[-85.813624,35.845816],[-85.818905,35.846317],[-85.820671,35.84649],[-85.824402,35.846816],[-85.824411,35.847381],[-85.832226,35.84714],[-85.842082,35.846912],[-85.842398,35.845043],[-85.842506,35.843896],[-85.842943,35.840419],[-85.846601,35.840966],[-85.846224,35.845475],[-85.859038,35.846684],[-85.863784,35.846158],[-85.863939,35.844785],[-85.866665,35.845066],[-85.867485,35.845],[-85.867353,35.846346],[-85.872935,35.846447],[-85.873162,35.845818],[-85.875877,35.845776],[-85.87588,35.845208],[-85.875885,35.844497],[-85.873391,35.843897],[-85.873387,35.840425],[-85.879803,35.839224],[-85.885156,35.839658],[-85.885202,35.838977],[-85.885561,35.836332],[-85.885595,35.830539],[-85.895673,35.830552],[-85.895674,35.829877],[-85.896792,35.829994],[-85.897859,35.830222],[-85.90133,35.828554],[-85.904339,35.827138],[-85.912694,35.823131],[-85.913867,35.822506],[-85.914435,35.821832],[-85.918147,35.817127],[-85.921958,35.812307],[-85.923442,35.810429],[-85.929707,35.802503],[-85.932844,35.798534],[-85.942133,35.786779],[-85.940538,35.786449],[-85.935715,35.786087],[-85.935739,35.785493],[-85.93577,35.784673],[-85.934651,35.784672],[-85.93475,35.781507],[-85.936158,35.781812],[-85.939473,35.781814],[-85.94031,35.780266],[-85.941172,35.780406],[-85.94195,35.780968],[-85.943119,35.781092],[-85.945214,35.77778],[-85.951842,35.770109],[-85.95314,35.768833],[-85.953382,35.768591],[-85.954798,35.767081],[-85.962273,35.762277],[-85.963571,35.761329],[-85.966179,35.758036],[-85.966408,35.757746],[-85.969994,35.753541],[-85.972312,35.750619],[-85.977259,35.744189],[-85.983921,35.735788],[-85.984891,35.734553],[-85.987838,35.734879],[-85.988314,35.731541],[-85.986393,35.731016],[-85.986824,35.728394],[-85.987665,35.723288],[-85.98963,35.711356],[-85.996084,35.711831],[-85.997426,35.711955],[-85.997732,35.709926],[-85.993376,35.709136],[-85.993655,35.705821],[-85.989489,35.704685],[-85.988244,35.704353],[-85.986835,35.703961],[-85.986868,35.702283],[-85.986974,35.69706],[-85.991257,35.697406],[-85.991444,35.696503],[-85.99195,35.694071],[-85.992775,35.694103],[-85.990539,35.690993],[-85.990548,35.680777],[-85.989683,35.678556],[-85.989351,35.677702],[-85.987063,35.671831],[-85.985546,35.667937],[-85.985023,35.666592],[-85.986525,35.666695],[-85.986916,35.664645],[-85.985238,35.664427],[-85.985503,35.662191],[-85.985062,35.660108],[-85.994211,35.660453],[-85.994585,35.657468],[-85.996112,35.656946],[-85.995645,35.655161],[-85.994462,35.653725],[-86.00157,35.652628],[-86.001752,35.654062],[-86.004405,35.654514],[-86.004146,35.65695],[-86.00817,35.657203],[-86.008779,35.653435],[-86.01151,35.653685],[-86.012871,35.654124],[-86.013498,35.651474],[-86.015206,35.649502],[-86.024241,35.650295],[-86.032238,35.65114],[-86.033038,35.645887],[-86.036952,35.64623],[-86.037601,35.642954],[-86.039034,35.643705],[-86.040648,35.645102],[-86.043875,35.647321],[-86.052669,35.648047],[-86.053246,35.643989],[-86.055049,35.64416],[-86.066725,35.645449],[-86.070003,35.645841],[-86.071796,35.645477],[-86.07473,35.645693],[-86.08889,35.646823],[-86.120263,35.660929],[-86.135818,35.661778],[-86.141924,35.661488],[-86.143652,35.661747],[-86.148255,35.664279],[-86.151067,35.666971],[-86.150696,35.671003],[-86.152126,35.671104],[-86.154322,35.672021],[-86.154196,35.673872],[-86.1599,35.674698],[-86.159635,35.676293],[-86.165858,35.676856],[-86.165826,35.681545],[-86.170729,35.681722],[-86.170192,35.683791],[-86.173772,35.683611],[-86.175454,35.684264],[-86.176209,35.686157],[-86.177063,35.686985],[-86.179995,35.688297],[-86.181667,35.689036],[-86.181425,35.691087],[-86.18484,35.691183],[-86.187119,35.689871],[-86.187858,35.690613],[-86.188258,35.691961],[-86.189764,35.692509],[-86.189626,35.694711],[-86.190413,35.695901],[-86.189738,35.697976],[-86.189291,35.698886],[-86.190306,35.69916],[-86.191479,35.700957],[-86.191514,35.701651],[-86.193711,35.702431],[-86.194587,35.702327],[-86.197883,35.703247],[-86.19961,35.701884],[-86.201078,35.701859],[-86.203234,35.702785],[-86.203583,35.702944],[-86.204588,35.704012],[-86.205044,35.704203],[-86.205961,35.704158],[-86.207147,35.70379],[-86.207191,35.703699],[-86.207353,35.703537],[-86.207485,35.703407],[-86.207759,35.703123],[-86.207874,35.702727],[-86.208127,35.702516],[-86.208239,35.702402],[-86.208363,35.70244],[-86.20877,35.702563],[-86.210345,35.703043],[-86.210365,35.703044],[-86.210598,35.703065],[-86.210642,35.703054],[-86.210795,35.703071],[-86.210974,35.703059],[-86.211171,35.703017],[-86.211482,35.702894],[-86.211599,35.702839],[-86.211988,35.702721],[-86.212205,35.702631],[-86.212309,35.702576],[-86.212371,35.702541],[-86.212487,35.702465],[-86.212572,35.702408],[-86.212861,35.702257],[-86.212956,35.702205],[-86.213429,35.701884],[-86.214121,35.701408],[-86.214743,35.700956],[-86.215723,35.70101],[-86.215747,35.701025],[-86.215822,35.701041],[-86.215847,35.701049],[-86.2159,35.701069],[-86.216062,35.701129],[-86.216116,35.70115],[-86.216222,35.701406],[-86.216254,35.701436],[-86.21661,35.701775],[-86.216986,35.701918],[-86.217054,35.701939],[-86.217361,35.702035],[-86.21756,35.702378],[-86.218037,35.703201],[-86.218122,35.703425],[-86.218263,35.703797],[-86.217924,35.70448],[-86.218206,35.704931],[-86.218741,35.705193],[-86.219106,35.70572],[-86.219584,35.706178],[-86.221631,35.706429],[-86.222137,35.706154],[-86.222614,35.705078],[-86.222895,35.703887],[-86.223226,35.703722],[-86.223316,35.703139],[-86.223757,35.701969],[-86.2245,35.701456],[-86.22573,35.700359],[-86.226178,35.70014],[-86.2272,35.698463],[-86.227273,35.697696],[-86.226667,35.697158],[-86.225589,35.695703],[-86.225318,35.695164],[-86.225522,35.694775],[-86.226066,35.694732],[-86.227861,35.694811],[-86.229458,35.694608],[-86.230521,35.694263],[-86.231719,35.693594],[-86.232425,35.693009],[-86.232911,35.692143],[-86.233084,35.691568],[-86.233584,35.691162],[-86.234893,35.690864],[-86.235896,35.690422],[-86.238715,35.689923],[-86.239852,35.690352],[-86.241118,35.69074],[-86.24156,35.690511],[-86.241724,35.689954],[-86.242392,35.689667],[-86.244561,35.689469],[-86.245406,35.688899],[-86.245782,35.687928],[-86.245958,35.687831],[-86.246705,35.686195],[-86.246817,35.685428],[-86.246043,35.684859],[-86.244737,35.68456],[-86.244555,35.684076],[-86.244486,35.682874],[-86.24381,35.682248],[-86.243982,35.681601],[-86.245186,35.680521],[-86.245554,35.679727],[-86.243938,35.677509],[-86.243832,35.676662],[-86.243873,35.675652],[-86.242819,35.674681],[-86.24238,35.674151],[-86.242356,35.672407],[-86.241878,35.670739],[-86.241829,35.669601],[-86.241672,35.668464],[-86.242503,35.66758],[-86.243567,35.666831],[-86.245333,35.666353],[-86.2479,35.666492],[-86.249052,35.66504],[-86.247944,35.662406],[-86.244654,35.661795],[-86.243762,35.660138],[-86.240844,35.657983],[-86.24093,35.656472],[-86.242494,35.654728],[-86.242959,35.652586],[-86.243842,35.650853],[-86.243645,35.649748],[-86.244919,35.648756],[-86.245748,35.646507],[-86.245682,35.645644],[-86.244268,35.644053],[-86.244866,35.642476],[-86.24342,35.64049],[-86.242278,35.639592],[-86.242154,35.637784],[-86.241443,35.63644],[-86.24325,35.634339],[-86.24321,35.633145],[-86.245179,35.632299],[-86.245165,35.631913],[-86.244183,35.630386],[-86.241862,35.627654],[-86.24167,35.626986],[-86.242565,35.625641],[-86.243291,35.62572],[-86.24362,35.625759],[-86.24339,35.625179],[-86.245749,35.624879],[-86.247213,35.624313],[-86.247662,35.624055],[-86.248096,35.62062],[-86.244448,35.620434],[-86.243789,35.61741],[-86.245112,35.616877],[-86.245292,35.615254],[-86.245115,35.611879],[-86.244362,35.611762],[-86.243779,35.610139],[-86.243927,35.608914],[-86.245771,35.607096],[-86.243869,35.606691],[-86.243719,35.603266],[-86.242252,35.577876],[-86.242141,35.575072],[-86.242149,35.570689],[-86.242482,35.55557],[-86.242697,35.545808],[-86.242701,35.545636],[-86.242838,35.539321],[-86.242942,35.532386],[-86.242708,35.528431],[-86.242786,35.525101],[-86.242654,35.517822],[-86.24178,35.516008],[-86.23756,35.507667],[-86.237278,35.507086],[-86.236679,35.505836],[-86.238723,35.504841],[-86.241641,35.504176],[-86.241987,35.501003],[-86.242253,35.500074],[-86.24383,35.487851],[-86.245008,35.478731],[-86.245289,35.477411],[-86.244786,35.476604],[-86.244062,35.472866],[-86.246278,35.471579],[-86.24617,35.469418],[-86.24471,35.469047],[-86.244237,35.467837],[-86.244957,35.466903],[-86.246742,35.466573],[-86.246872,35.465375],[-86.246244,35.462482],[-86.245413,35.460671],[-86.244286,35.458809],[-86.243641,35.458932],[-86.242381,35.459569],[-86.241739,35.457516],[-86.239396,35.455882],[-86.236714,35.455034],[-86.234529,35.453308],[-86.235057,35.451961],[-86.237266,35.452003],[-86.237789,35.448553],[-86.246613,35.449195],[-86.247622,35.441181],[-86.249601,35.426008],[-86.249856,35.42318],[-86.249867,35.423063],[-86.249991,35.421715],[-86.250438,35.414474],[-86.25055,35.413202],[-86.254676,35.41277],[-86.25759,35.412476],[-86.25875,35.41236],[-86.268918,35.411346],[-86.273462,35.410892],[-86.278589,35.410377],[-86.283153,35.408873],[-86.283351,35.408807],[-86.288015,35.40726],[-86.29294,35.395337],[-86.294328,35.392033],[-86.298148,35.390605],[-86.306761,35.387319],[-86.311593,35.385476],[-86.316191,35.382277],[-86.317999,35.381562],[-86.318402,35.381398],[-86.329492,35.376977],[-86.330545,35.375764],[-86.331009,35.375078],[-86.334382,35.372062],[-86.336192,35.370377],[-86.334692,35.370177],[-86.335192,35.368577],[-86.329892,35.368077],[-86.330392,35.365477],[-86.328792,35.363677],[-86.337492,35.364877],[-86.337792,35.362577],[-86.338392,35.362777],[-86.339192,35.364777],[-86.339265,35.367289],[-86.339478,35.367143],[-86.34728,35.361779],[-86.348657,35.361808],[-86.350022,35.36184],[-86.358222,35.362023],[-86.35885,35.362011],[-86.360288,35.361989],[-86.364993,35.351576],[-86.365695,35.350994],[-86.36777,35.352234],[-86.367971,35.352423],[-86.369929,35.354468],[-86.37096,35.354989],[-86.371857,35.355441],[-86.372063,35.355545],[-86.372956,35.355996],[-86.374186,35.356511],[-86.374982,35.35323],[-86.372646,35.352943],[-86.372711,35.35195],[-86.368602,35.351545],[-86.369237,35.346778],[-86.371198,35.347945],[-86.374969,35.348632],[-86.37763,35.34867],[-86.380579,35.349879],[-86.381583,35.34998],[-86.383676,35.349277],[-86.385101,35.349786],[-86.389692,35.349977],[-86.389836,35.349161],[-86.390592,35.344877],[-86.393592,35.347677],[-86.397602,35.348915],[-86.397993,35.346677],[-86.40049,35.346579],[-86.400524,35.34619],[-86.400592,35.345377],[-86.401572,35.345524],[-86.409286,35.346591],[-86.409992,35.342377],[-86.408892,35.340377],[-86.409137,35.339233],[-86.409492,35.337577],[-86.410692,35.337677],[-86.411486,35.333509],[-86.412099,35.329164],[-86.413529,35.327114],[-86.414161,35.325582],[-86.414249,35.324465],[-86.416126,35.324604],[-86.417027,35.323171],[-86.418292,35.322675],[-86.421117,35.321612],[-86.421672,35.319267],[-86.423575,35.318817],[-86.426189,35.319389],[-86.426946,35.320582],[-86.429495,35.321033],[-86.431148,35.320822],[-86.433798,35.321731],[-86.435051,35.321412],[-86.436274,35.322414],[-86.438699,35.322589],[-86.442102,35.320948],[-86.444169,35.3207],[-86.446381,35.322551],[-86.447316,35.322601],[-86.448708,35.323338],[-86.449466,35.324603],[-86.452496,35.324968],[-86.453919,35.326449],[-86.456642,35.326351],[-86.459501,35.327675],[-86.459878,35.330809],[-86.461106,35.331497],[-86.461775,35.333479],[-86.463528,35.333882],[-86.463624,35.334705],[-86.465341,35.336955],[-86.466857,35.337412],[-86.469182,35.336318],[-86.471698,35.338308],[-86.475058,35.3377],[-86.476458,35.339437],[-86.476495,35.340938],[-86.475301,35.344034],[-86.476831,35.344918],[-86.480017,35.345478],[-86.480349,35.347691],[-86.481187,35.348182],[-86.480989,35.350415],[-86.479972,35.350044],[-86.479216,35.351385],[-86.4796,35.352663],[-86.48119,35.352872],[-86.481727,35.353483],[-86.483237,35.356074],[-86.483273,35.357728],[-86.483976,35.358351],[-86.484975,35.359515],[-86.485098,35.360545],[-86.486547,35.360896],[-86.489619,35.361769],[-86.492356,35.362113],[-86.494071,35.360715],[-86.496269,35.361596],[-86.496778,35.361638],[-86.499674,35.359984],[-86.502068,35.360576],[-86.50397,35.359501],[-86.507908,35.360294],[-86.508346,35.360863],[-86.508137,35.362759],[-86.509503,35.362639],[-86.51194,35.358591],[-86.514872,35.357125],[-86.519112,35.357221],[-86.524373,35.354862],[-86.525306,35.354718],[-86.52563,35.355316],[-86.526762,35.354874],[-86.527717,35.354475],[-86.529853,35.355692],[-86.531243,35.354728],[-86.531673,35.351856],[-86.532915,35.351652],[-86.534543,35.352734],[-86.536667,35.355294],[-86.538374,35.355712],[-86.539281,35.357113],[-86.539864,35.359634],[-86.542539,35.362502],[-86.543671,35.363211],[-86.54733,35.363503],[-86.547836,35.361942],[-86.54999,35.362121],[-86.551568,35.360071],[-86.552689,35.359981],[-86.554937,35.362333],[-86.557093,35.362859],[-86.559116,35.364535],[-86.560063,35.364181],[-86.560857,35.364302],[-86.562355,35.365818],[-86.564424,35.365681],[-86.566101,35.366574],[-86.568618,35.366862],[-86.570778,35.367979],[-86.572175,35.368014],[-86.575836,35.367399],[-86.576449,35.369287],[-86.578003,35.369233],[-86.580557,35.370109],[-86.582055,35.369329],[-86.582875,35.370983],[-86.584695,35.370375],[-86.589295,35.368375],[-86.590595,35.367075],[-86.593479,35.365718],[-86.595196,35.364475],[-86.597896,35.363875],[-86.599478,35.36495],[-86.601607,35.353924],[-86.602535,35.350861],[-86.602521,35.349288],[-86.603398,35.348628],[-86.603192,35.345474],[-86.60373,35.344472],[-86.605104,35.343966],[-86.605984,35.342575],[-86.604194,35.339612],[-86.604536,35.337331],[-86.602295,35.333827],[-86.602613,35.327013],[-86.627254,35.322694],[-86.629217,35.322361],[-86.637064,35.321027],[-86.637454,35.320956],[-86.637819,35.320833],[-86.639164,35.320372],[-86.640164,35.320029],[-86.641196,35.319676],[-86.641396,35.318176],[-86.642839,35.316767],[-86.645524,35.314144],[-86.649997,35.309777],[-86.651097,35.311077],[-86.653897,35.311877],[-86.655197,35.311377],[-86.654997,35.314977],[-86.667897,35.310377],[-86.669889,35.309362],[-86.670335,35.309135],[-86.673197,35.307677],[-86.672997,35.310377],[-86.677397,35.310677],[-86.677284,35.31042],[-86.679802,35.309283],[-86.679865,35.304287],[-86.696409,35.296068],[-86.697998,35.295277],[-86.71101,35.285703],[-86.716676,35.281532],[-86.723895,35.276422],[-86.725243,35.275054],[-86.725455,35.27484],[-86.726096,35.274207],[-86.726312,35.273999],[-86.72657,35.273732],[-86.727346,35.272936],[-86.727606,35.272671],[-86.730666,35.269557],[-86.732314,35.267895],[-86.734957,35.265232],[-86.736449,35.263735],[-86.73669,35.260776],[-86.739299,35.260878],[-86.746899,35.252878],[-86.749999,35.253378],[-86.766972,35.255618],[-86.783163,35.257755],[-86.785587,35.258075],[-86.789556,35.258598],[-86.790318,35.258699],[-86.797373,35.259623],[-86.800319,35.260009],[-86.808949,35.26114],[-86.815669,35.262021],[-86.817694,35.262287],[-86.828301,35.263677],[-86.828343,35.27004],[-86.828396,35.277991],[-86.828414,35.280197],[-86.828461,35.287443],[-86.8285,35.293376],[-86.831801,35.294477],[-86.832101,35.292577],[-86.832705,35.292617],[-86.832801,35.296077],[-86.832215,35.296441],[-86.831875,35.298171],[-86.833602,35.298627],[-86.834436,35.300198],[-86.833801,35.302877],[-86.838704,35.305174],[-86.837672,35.308468],[-86.843602,35.309276],[-86.843404,35.311229],[-86.84249,35.319206],[-86.843896,35.319677],[-86.845385,35.320889],[-86.847851,35.320322],[-86.849836,35.318009],[-86.85185,35.316934],[-86.853478,35.316514],[-86.855193,35.315517],[-86.8551,35.313692],[-86.855233,35.312249],[-86.855739,35.308949],[-86.857797,35.308506],[-86.858829,35.306952],[-86.860016,35.306392],[-86.859818,35.300733],[-86.859481,35.298966],[-86.860934,35.299073],[-86.861666,35.299878],[-86.864029,35.300285],[-86.864602,35.301077],[-86.864102,35.304877],[-86.868167,35.305156],[-86.878646,35.305852],[-86.881444,35.306024],[-86.88228,35.306075],[-86.882569,35.306094],[-86.882768,35.306108],[-86.886437,35.306444],[-86.887403,35.309877],[-86.888603,35.309977],[-86.888004,35.315176],[-86.888688,35.31523],[-86.89893,35.316037],[-86.902203,35.316277],[-86.903202,35.313979],[-86.906451,35.314075],[-86.910843,35.318347],[-86.912007,35.321347],[-86.911182,35.323004],[-86.909223,35.324889],[-86.903207,35.324779],[-86.902688,35.332033],[-86.902516,35.334466],[-86.902303,35.337476],[-86.901802,35.338475],[-86.904203,35.338577],[-86.904605,35.337982],[-86.907506,35.338177],[-86.907725,35.338676],[-86.910104,35.338677],[-86.910004,35.339976],[-86.912003,35.340176],[-86.911655,35.342911],[-86.910961,35.342809],[-86.910503,35.346976],[-86.908603,35.346776],[-86.907903,35.348176],[-86.908247,35.350118],[-86.916051,35.351457],[-86.920107,35.35218],[-86.919857,35.354393],[-86.918715,35.356804],[-86.918536,35.358441],[-86.919411,35.360044],[-86.919087,35.3622],[-86.917806,35.364039],[-86.922103,35.363776],[-86.924603,35.363076],[-86.924003,35.371954],[-86.925428,35.372446],[-86.925344,35.372699],[-86.924829,35.373963],[-86.927042,35.374924],[-86.927535,35.375142],[-86.926603,35.377076],[-86.925303,35.388175],[-86.926903,35.388575],[-86.926555,35.391138],[-86.925803,35.396675],[-86.926703,35.396875],[-86.925969,35.400988],[-86.925903,35.401345],[-86.925703,35.402475],[-86.924502,35.403575],[-86.924202,35.405575],[-86.922802,35.406775],[-86.924502,35.407875],[-86.924802,35.409075],[-86.926002,35.409775],[-86.927903,35.409876],[-86.928603,35.410776],[-86.931203,35.412076],[-86.932203,35.411576],[-86.933403,35.409576],[-86.934459,35.408631],[-86.935803,35.408376],[-86.937703,35.409775],[-86.937803,35.411075],[-86.938744,35.412326],[-86.939803,35.413075],[-86.939603,35.414975],[-86.940003,35.415475],[-86.941903,35.415575],[-86.943304,35.413575],[-86.945404,35.413675],[-86.947704,35.415375],[-86.949804,35.415675],[-86.950504,35.416475],[-86.951804,35.416775],[-86.953704,35.419075],[-86.957073,35.419378],[-86.958054,35.417934],[-86.959372,35.417159],[-86.960804,35.417021],[-86.959774,35.422123],[-86.958794,35.427023],[-86.95638,35.438813],[-86.956139,35.440913],[-86.955004,35.451474],[-86.954586,35.451645],[-86.936403,35.459074],[-86.936103,35.458074],[-86.932203,35.457574],[-86.932635,35.455434],[-86.930472,35.455569],[-86.930205,35.454565],[-86.927802,35.454287],[-86.927403,35.455574],[-86.922203,35.454874],[-86.921403,35.456074],[-86.919003,35.456274],[-86.919503,35.457874],[-86.924503,35.463674],[-86.920544,35.466075],[-86.920076,35.466359],[-86.916402,35.468585],[-86.915684,35.469023],[-86.90457,35.475675],[-86.895502,35.481073],[-86.894194,35.482378],[-86.889647,35.486267],[-86.889398,35.486478],[-86.889133,35.486706],[-86.888838,35.486958],[-86.8806,35.494003],[-86.880593,35.49581],[-86.880558,35.498559],[-86.881245,35.498978],[-86.881089,35.501123],[-86.880006,35.501097],[-86.879718,35.503399],[-86.878554,35.503871],[-86.878332,35.505892],[-86.877916,35.509703],[-86.877143,35.509669],[-86.875589,35.521251],[-86.87327,35.521065],[-86.870568,35.520796],[-86.872777,35.503451],[-86.871148,35.50334],[-86.87128,35.502486],[-86.856031,35.518663],[-86.849573,35.525515],[-86.844045,35.537634],[-86.841854,35.542443],[-86.840457,35.545509],[-86.838378,35.550157],[-86.8381,35.550776],[-86.838724,35.550805],[-86.84213,35.551036],[-86.839048,35.552055],[-86.838216,35.559388],[-86.841704,35.559657],[-86.840489,35.567286],[-86.834354,35.566837],[-86.836789,35.573211],[-86.836722,35.574591],[-86.836627,35.574842],[-86.83658,35.574967],[-86.836528,35.575108],[-86.836381,35.575465],[-86.829905,35.57411],[-86.829836,35.574298],[-86.827501,35.580812],[-86.827394,35.58211],[-86.831492,35.58246],[-86.833765,35.582654],[-86.840755,35.583247],[-86.839846,35.591527],[-86.837641,35.592086],[-86.837104,35.592339],[-86.836526,35.592985],[-86.836022,35.593857],[-86.835988,35.594544],[-86.833917,35.594278],[-86.82843,35.596246],[-86.825844,35.599414],[-86.824795,35.600934],[-86.823765,35.60869],[-86.82238,35.608564],[-86.822379,35.608942],[-86.82236,35.610017],[-86.823127,35.614026],[-86.822884,35.616145],[-86.822705,35.61741],[-86.821748,35.624181],[-86.821716,35.624413],[-86.82167,35.62464],[-86.821377,35.625939],[-86.820535,35.632067],[-86.818773,35.644982],[-86.816961,35.658251],[-86.814473,35.676805],[-86.814045,35.680037],[-86.813235,35.686105],[-86.812597,35.690909],[-86.811864,35.696412],[-86.809452,35.697251],[-86.803749,35.699235],[-86.803233,35.699415],[-86.803369,35.697201],[-86.802266,35.697158],[-86.802792,35.692042],[-86.796935,35.691479],[-86.796727,35.693728],[-86.794866,35.696867],[-86.795243,35.698318],[-86.793424,35.699917],[-86.792579,35.70153],[-86.794332,35.702123],[-86.793885,35.702629],[-86.790753,35.703708],[-86.78403,35.70588],[-86.782016,35.706595],[-86.783074,35.70695],[-86.79038,35.707625],[-86.790448,35.707219],[-86.792717,35.707453],[-86.797898,35.707988],[-86.799972,35.708978],[-86.799223,35.70979],[-86.798903,35.709819],[-86.798352,35.709873],[-86.79794,35.709911],[-86.797621,35.709942],[-86.797433,35.711444],[-86.806973,35.712486],[-86.80631,35.715686],[-86.809981,35.716085],[-86.811286,35.715932],[-86.812022,35.719272],[-86.811891,35.720455],[-86.823058,35.721651],[-86.823288,35.723306],[-86.828384,35.7239],[-86.835474,35.724671],[-86.838524,35.725054],[-86.84071,35.725259],[-86.842697,35.725887],[-86.84248,35.727522],[-86.84376,35.727614],[-86.844121,35.725044],[-86.845491,35.725166],[-86.849393,35.731479],[-86.853946,35.73427],[-86.856044,35.734893],[-86.865158,35.737257],[-86.865613,35.73737],[-86.866413,35.737569],[-86.867468,35.737832],[-86.867983,35.737961],[-86.870487,35.738587],[-86.873047,35.739204],[-86.87331,35.739262],[-86.87763,35.740325],[-86.879838,35.740941],[-86.886506,35.74328],[-86.8866,35.743313],[-86.886655,35.743332],[-86.886821,35.74339],[-86.886877,35.74341],[-86.887592,35.743661],[-86.888056,35.743823],[-86.890457,35.744667],[-86.891365,35.744984],[-86.892855,35.745506],[-86.893706,35.745805],[-86.894728,35.746164],[-86.89541,35.746403],[-86.896904,35.746926],[-86.8976,35.74717],[-86.898493,35.747484],[-86.898804,35.747593],[-86.899689,35.747903],[-86.900617,35.748228],[-86.900964,35.74835],[-86.902708,35.748963],[-86.907052,35.750393],[-86.909667,35.751307],[-86.910862,35.75173],[-86.911548,35.751973],[-86.913083,35.752518],[-86.913495,35.752661],[-86.91487,35.753151],[-86.914865,35.753175],[-86.915461,35.753444],[-86.91874,35.754438],[-86.92162,35.755236],[-86.924167,35.755932],[-86.925189,35.756173],[-86.92911,35.757261],[-86.934871,35.760223],[-86.938278,35.761972],[-86.935816,35.764077],[-86.933361,35.766898],[-86.932333,35.768726],[-86.930515,35.77454],[-86.929779,35.776302],[-86.92836,35.778057],[-86.928779,35.778095],[-86.929027,35.778129],[-86.929251,35.77816],[-86.932994,35.778553],[-86.941723,35.779551],[-86.942293,35.775152],[-86.944302,35.77265],[-86.944657,35.772688],[-86.947416,35.772982],[-86.952242,35.773499],[-86.952096,35.774288],[-86.950733,35.781642],[-86.953593,35.781904],[-86.954142,35.7847],[-86.955494,35.785104],[-86.9571,35.78619],[-86.958847,35.785431],[-86.961349,35.784832],[-86.965234,35.786166],[-86.966393,35.787271],[-86.96803,35.787967],[-86.970268,35.787379],[-86.972099,35.787329],[-86.97397,35.788447],[-86.976273,35.789188],[-86.975742,35.790296],[-86.975894,35.791799],[-86.976822,35.792075],[-86.978844,35.791626],[-86.979095,35.791375],[-86.97921,35.791298],[-86.980282,35.791475],[-86.981583,35.793114],[-86.986672,35.794628],[-86.990356,35.793949],[-86.991879,35.793976],[-86.981674,35.807672],[-86.977653,35.813076],[-86.976494,35.814788],[-86.97739,35.814842],[-86.977352,35.815092],[-86.976331,35.815029],[-86.974632,35.817594],[-86.969377,35.824201],[-86.96645,35.82793],[-86.965216,35.827808],[-86.962476,35.827495],[-86.961638,35.831032],[-86.961615,35.831972],[-86.961488,35.832612],[-86.951425,35.83994],[-86.950708,35.840459],[-86.941338,35.84518],[-86.941357,35.842459],[-86.940843,35.841983],[-86.935814,35.841466],[-86.92761,35.840561],[-86.926429,35.840854],[-86.920872,35.845013],[-86.915646,35.845632],[-86.914503,35.845513],[-86.911996,35.844102],[-86.909383,35.84427],[-86.906945,35.844072],[-86.903114,35.842054],[-86.902757,35.842278],[-86.901619,35.841525],[-86.900498,35.841163],[-86.900269,35.839926],[-86.899457,35.839203],[-86.899148,35.837449],[-86.892318,35.837638],[-86.891634,35.836774],[-86.889614,35.834575],[-86.888041,35.834129],[-86.887232,35.833082],[-86.885875,35.83282],[-86.886234,35.83204],[-86.884756,35.831511],[-86.884129,35.83067],[-86.882578,35.830283],[-86.882319,35.83093],[-86.88174,35.833108],[-86.881714,35.833309],[-86.881897,35.836378],[-86.882017,35.837707],[-86.882267,35.840781],[-86.882677,35.843588],[-86.882973,35.844646],[-86.884285,35.84915],[-86.88459,35.851425],[-86.884529,35.853537],[-86.884346,35.855646],[-86.884114,35.861021],[-86.884015,35.864151],[-86.883899,35.867231],[-86.883316,35.872839],[-86.88296,35.873852],[-86.877043,35.873411],[-86.870401,35.872948],[-86.870286,35.874041],[-86.870936,35.875453],[-86.870796,35.876511],[-86.872688,35.876667],[-86.874341,35.875514],[-86.875662,35.877716],[-86.873797,35.878558],[-86.872447,35.87857],[-86.872265,35.880002],[-86.874146,35.878952],[-86.87946,35.876496],[-86.880692,35.876495],[-86.876434,35.878496],[-86.872878,35.880126],[-86.871542,35.881153],[-86.87038,35.882699],[-86.869734,35.88495],[-86.870095,35.887291],[-86.871389,35.890477],[-86.871842,35.893709],[-86.867065,35.89344],[-86.866819,35.895358],[-86.865697,35.896478],[-86.862495,35.896396],[-86.862465,35.897092],[-86.862366,35.897083],[-86.860987,35.896952],[-86.859976,35.897626],[-86.857283,35.899478],[-86.855971,35.900054],[-86.855508,35.899383],[-86.856292,35.899049],[-86.864775,35.89253],[-86.860359,35.892227],[-86.860329,35.892605],[-86.862541,35.893101],[-86.859814,35.895352],[-86.858856,35.895069],[-86.857378,35.895903],[-86.856094,35.895821],[-86.854889,35.89716],[-86.853572,35.896725],[-86.853841,35.8955],[-86.854782,35.894928],[-86.853836,35.893856],[-86.851487,35.893803],[-86.851723,35.895105],[-86.852502,35.896286],[-86.851458,35.896037],[-86.849614,35.895661],[-86.849628,35.895553],[-86.84984,35.89395],[-86.849901,35.893502],[-86.850107,35.891484],[-86.847792,35.892165],[-86.84614,35.893409],[-86.843714,35.894959],[-86.841658,35.896305],[-86.841668,35.89727],[-86.842727,35.89907],[-86.843258,35.901066],[-86.844246,35.901382],[-86.84605,35.900763],[-86.846368,35.901866],[-86.846263,35.904271],[-86.848349,35.905513],[-86.850307,35.907103],[-86.855272,35.909266],[-86.857534,35.909484],[-86.858669,35.910037],[-86.86059,35.911713],[-86.861124,35.912212],[-86.862988,35.913574],[-86.863916,35.914995],[-86.866413,35.916567],[-86.866682,35.914849],[-86.867592,35.914997],[-86.867483,35.917412],[-86.86628,35.920203],[-86.866867,35.919825],[-86.868082,35.921507],[-86.869423,35.920887],[-86.869499,35.921036],[-86.870483,35.922394],[-86.871056,35.923153],[-86.87162,35.923914],[-86.872192,35.924706],[-86.872749,35.925465],[-86.873836,35.926991],[-86.874254,35.927566],[-86.874825,35.927476],[-86.876862,35.927261],[-86.8806,35.926922],[-86.883916,35.927217],[-86.884282,35.925995],[-86.884743,35.922966],[-86.880185,35.922486],[-86.880358,35.921512],[-86.883197,35.920491],[-86.887094,35.919635],[-86.890394,35.919556],[-86.890722,35.917356],[-86.890769,35.917035],[-86.891007,35.915107],[-86.891513,35.914771],[-86.89312,35.914982],[-86.893028,35.916278],[-86.893883,35.915096],[-86.89502,35.915256],[-86.895134,35.914532],[-86.894838,35.912923],[-86.893852,35.912594],[-86.89308,35.912641],[-86.892899,35.914204],[-86.89164,35.914082],[-86.891746,35.913131],[-86.890587,35.913036],[-86.889221,35.9119],[-86.889503,35.911739],[-86.889832,35.911552],[-86.889955,35.911478],[-86.890324,35.91126],[-86.890448,35.911187],[-86.890519,35.911141],[-86.890733,35.911004],[-86.890805,35.910959],[-86.891609,35.910404],[-86.89222,35.90995],[-86.893342,35.911333],[-86.894739,35.911862],[-86.89523,35.912689],[-86.895727,35.913259],[-86.896104,35.914079],[-86.896693,35.914918],[-86.896652,35.917089],[-86.897064,35.917693],[-86.895295,35.919865],[-86.895332,35.920673],[-86.894874,35.923165],[-86.892899,35.923009],[-86.892812,35.923618],[-86.892876,35.925155],[-86.89344,35.925694],[-86.895012,35.925594],[-86.894309,35.926964],[-86.894608,35.92791],[-86.893906,35.929276],[-86.894019,35.929299],[-86.895896,35.929651],[-86.895965,35.929663],[-86.898544,35.930031],[-86.901404,35.930266],[-86.902305,35.930294],[-86.904536,35.930358],[-86.907412,35.930425],[-86.907457,35.930425],[-86.917319,35.930644],[-86.919463,35.9307],[-86.923776,35.931139],[-86.923902,35.93116],[-86.926698,35.931785],[-86.92761,35.932045],[-86.928567,35.932362],[-86.931909,35.933757],[-86.932108,35.933859],[-86.936035,35.936306],[-86.938332,35.938277],[-86.943471,35.943587],[-86.945574,35.940082],[-86.945435,35.939321],[-86.944085,35.939015],[-86.94366,35.936719],[-86.945252,35.934583],[-86.948271,35.933702],[-86.948584,35.935538],[-86.949344,35.936004],[-86.952781,35.935185],[-86.955167,35.936077],[-86.956793,35.936126],[-86.958418,35.935816],[-86.959135,35.934783],[-86.960408,35.935329],[-86.961409,35.934877],[-86.961613,35.933333],[-86.960918,35.93193],[-86.962091,35.931322],[-86.962784,35.933049],[-86.965366,35.932228],[-86.965905,35.931036],[-86.964776,35.929422],[-86.966188,35.926591],[-86.967961,35.926029],[-86.969161,35.925279],[-86.971367,35.925537],[-86.972332,35.92446],[-86.976508,35.921249],[-86.978685,35.918811],[-86.978828,35.918615],[-86.976563,35.916892],[-86.975008,35.916623],[-86.973066,35.91574],[-86.975282,35.912199],[-86.978884,35.904715],[-86.982667,35.897533],[-86.985737,35.897017],[-86.987086,35.896725],[-86.990049,35.896756],[-86.991876,35.89608],[-86.993061,35.894599],[-86.99418,35.894029],[-86.99514,35.894911],[-86.994877,35.893324],[-86.990816,35.892448],[-86.988046,35.892221],[-86.987746,35.889655],[-86.990289,35.885098],[-86.990278,35.883583],[-86.989483,35.88296],[-86.988364,35.881925],[-86.989331,35.880667],[-86.989632,35.878484],[-86.98943,35.87589],[-86.992471,35.87593],[-86.994005,35.872266],[-86.996662,35.866035],[-86.999157,35.865469],[-87.003599,35.866189],[-87.003449,35.867271],[-87.005681,35.867468],[-87.009548,35.868277],[-87.011744,35.86984],[-87.012412,35.870422],[-87.01266,35.86988],[-87.01375,35.870691],[-87.015388,35.87664],[-87.014772,35.878618],[-87.01498,35.881257],[-87.014688,35.882614],[-87.011757,35.883298],[-87.010285,35.885217],[-87.00771,35.88546],[-87.005207,35.886055],[-87.008172,35.888038],[-87.009499,35.888652],[-87.011795,35.890804],[-87.012007,35.890649],[-87.013842,35.889164],[-87.020076,35.892013],[-87.022632,35.892602],[-87.029693,35.894254],[-87.032923,35.894749],[-87.035281,35.895376],[-87.038887,35.895592],[-87.041523,35.895257],[-87.04592,35.895502],[-87.047233,35.895328],[-87.049836,35.894199],[-87.051785,35.892911],[-87.053514,35.892314],[-87.052848,35.894731],[-87.049533,35.897103],[-87.049216,35.897912],[-87.049999,35.901483],[-87.049838,35.901954],[-87.047062,35.902013],[-87.045661,35.903088],[-87.046013,35.904303],[-87.045864,35.906486],[-87.044158,35.907633],[-87.03854,35.909732],[-87.037577,35.911531],[-87.03918,35.915874],[-87.0392,35.918877],[-87.038229,35.921459],[-87.03447,35.923704],[-87.035824,35.924459],[-87.038096,35.926008],[-87.039283,35.926743],[-87.039881,35.927199],[-87.040444,35.927934],[-87.040734,35.92852],[-87.041457,35.930897],[-87.042816,35.934856],[-87.043087,35.935401],[-87.043331,35.935565],[-87.044571,35.935782],[-87.044814,35.935739],[-87.046048,35.936128],[-87.046692,35.936129],[-87.04792,35.935819],[-87.048479,35.935789],[-87.048947,35.935917],[-87.049428,35.936386],[-87.049765,35.936975],[-87.050435,35.936893],[-87.051279,35.937399],[-87.0518,35.93758],[-87.053557,35.937575],[-87.055044,35.937893],[-87.056105,35.938267],[-87.056212,35.938643],[-87.056875,35.939026],[-87.058119,35.939579],[-87.059368,35.940297],[-87.059611,35.940216],[-87.060416,35.940793],[-87.060993,35.940972],[-87.062214,35.941886],[-87.062896,35.942152],[-87.064018,35.9431],[-87.065159,35.943623],[-87.065899,35.944536],[-87.066272,35.944758],[-87.067682,35.945194],[-87.069191,35.945744],[-87.069707,35.946062],[-87.071185,35.946695],[-87.071769,35.94678],[-87.072563,35.947267],[-87.073486,35.947479],[-87.074197,35.947529],[-87.075928,35.947968],[-87.076538,35.948532],[-87.076662,35.948066],[-87.077903,35.948671],[-87.079978,35.948363],[-87.080208,35.948736],[-87.08033,35.949379],[-87.080337,35.950231],[-87.080215,35.950781],[-87.079918,35.951402],[-87.079391,35.951891],[-87.078302,35.95193],[-87.078046,35.952282],[-87.078079,35.952897],[-87.078357,35.953507],[-87.078432,35.954271],[-87.078585,35.954369],[-87.078587,35.953799],[-87.078275,35.952886],[-87.078188,35.952342],[-87.078471,35.952067],[-87.079364,35.95204],[-87.079911,35.951638],[-87.080296,35.950995],[-87.080445,35.950534],[-87.080512,35.949764],[-87.080417,35.948736],[-87.081298,35.947304],[-87.081656,35.947375],[-87.081168,35.947902],[-87.081653,35.949162],[-87.081596,35.950821],[-87.080122,35.95364],[-87.078794,35.954576],[-87.076508,35.95901],[-87.07692,35.96032],[-87.077698,35.960686],[-87.079056,35.960789],[-87.084522,35.962553],[-87.088696,35.962739],[-87.091151,35.961989],[-87.095375,35.96113],[-87.099071,35.962815],[-87.102667,35.962227],[-87.103668,35.963272],[-87.106161,35.964686],[-87.106805,35.966679],[-87.107764,35.967833],[-87.107789,35.969752],[-87.107992,35.970597],[-87.110375,35.972625],[-87.108235,35.974802],[-87.1082,35.976281],[-87.108093,35.977592],[-87.108745,35.977916],[-87.108498,35.98251],[-87.108225,35.986115],[-87.107225,35.986509],[-87.105136,35.987176],[-87.10476,35.990067],[-87.1061,35.991941],[-87.107263,35.992327],[-87.108849,35.992526],[-87.110214,35.992996],[-87.109666,35.993774],[-87.109204,35.994055],[-87.109052,35.994466],[-87.109123,35.995368],[-87.108841,35.996136],[-87.107522,35.994985],[-87.106296,35.994252],[-87.105839,35.994083],[-87.10562,35.994522],[-87.105857,35.995034],[-87.10603,35.995825],[-87.108519,35.996816],[-87.110185,35.99741],[-87.119335,36.00079],[-87.120231,36.001187],[-87.126667,36.001828],[-87.126161,36.008879],[-87.127535,36.008947],[-87.128523,36.008991],[-87.128842,36.005716],[-87.128679,36.004491],[-87.129771,36.001267],[-87.131297,36.002279],[-87.131493,36.001592],[-87.131707,36.000179],[-87.13343,35.998703],[-87.132222,35.997436],[-87.131699,35.996887],[-87.132635,35.996182],[-87.132997,35.99574],[-87.132964,35.995356],[-87.132412,35.994214],[-87.131822,35.991596],[-87.131361,35.990448],[-87.130832,35.98857],[-87.13069,35.988324],[-87.129127,35.986294],[-87.12909,35.986096],[-87.129344,35.983535],[-87.129303,35.983376],[-87.131363,35.982994],[-87.132326,35.982776],[-87.133331,35.98246],[-87.134064,35.982211],[-87.134441,35.982194],[-87.134969,35.982502],[-87.136642,35.983887],[-87.137276,35.983954],[-87.13954,35.983881],[-87.140367,35.984092],[-87.141411,35.984844],[-87.141383,35.985488],[-87.141562,35.985762],[-87.142388,35.986371],[-87.146084,35.988616],[-87.146547,35.988716],[-87.147125,35.988766],[-87.14856,35.988873],[-87.148806,35.988883],[-87.150885,35.988578],[-87.151558,35.988396],[-87.152158,35.988279],[-87.154077,35.987537],[-87.15401,35.988398],[-87.154462,35.988418],[-87.15445,35.988171],[-87.154474,35.987963],[-87.154481,35.987901],[-87.154515,35.9877],[-87.154529,35.98746],[-87.154529,35.987441],[-87.154548,35.987268],[-87.154762,35.987148],[-87.155224,35.984167],[-87.15523,35.982408],[-87.155414,35.981082],[-87.157638,35.979843],[-87.158831,35.978471],[-87.156858,35.976417],[-87.156967,35.974211],[-87.157771,35.96952],[-87.152962,35.969212],[-87.151894,35.967678],[-87.15125,35.966221],[-87.151435,35.965209],[-87.156613,35.965301],[-87.156681,35.963832],[-87.163306,35.964433],[-87.163945,35.964336],[-87.163963,35.964342],[-87.167271,35.966238],[-87.169022,35.965083],[-87.168247,35.964507],[-87.168964,35.962683],[-87.164977,35.962245],[-87.16494,35.961124],[-87.163738,35.961017],[-87.164037,35.958449],[-87.162003,35.957948],[-87.162306,35.957153],[-87.161304,35.956925],[-87.160843,35.956807],[-87.159293,35.956263],[-87.156456,35.955008],[-87.155617,35.954662],[-87.155472,35.954604],[-87.154523,35.954231],[-87.153681,35.959383],[-87.15163,35.959319],[-87.151472,35.959315],[-87.151617,35.958682],[-87.151528,35.953447],[-87.151494,35.951727],[-87.151305,35.941609],[-87.153352,35.941657],[-87.153722,35.942401],[-87.152088,35.942981],[-87.15295,35.944483],[-87.154446,35.943822],[-87.15407,35.942952],[-87.153404,35.941635],[-87.151634,35.941368],[-87.152904,35.940721],[-87.154694,35.939983],[-87.156325,35.939471],[-87.158388,35.939006],[-87.160371,35.938741],[-87.162183,35.938642],[-87.163819,35.938679],[-87.164833,35.938759],[-87.166695,35.938976],[-87.182511,35.940872],[-87.184534,35.94093],[-87.187674,35.940181],[-87.188801,35.939861],[-87.189945,35.939535],[-87.190247,35.939449],[-87.192813,35.938722],[-87.19644,35.93769],[-87.202092,35.936075],[-87.202103,35.935994],[-87.202839,35.93104],[-87.20507,35.914639],[-87.206093,35.916301],[-87.21041,35.920063],[-87.212447,35.920118],[-87.214051,35.920774],[-87.215779,35.919475],[-87.218312,35.919447],[-87.222913,35.916382],[-87.223467,35.913456],[-87.224508,35.913006],[-87.225615,35.914173],[-87.227817,35.915521],[-87.229815,35.916237],[-87.231834,35.916833],[-87.233167,35.916296],[-87.234773,35.915233],[-87.235397,35.914967],[-87.236396,35.913235],[-87.237615,35.912264],[-87.239581,35.911743],[-87.241115,35.910206],[-87.242429,35.909769],[-87.242945,35.909303],[-87.244512,35.90967],[-87.246966,35.908412],[-87.246916,35.907111],[-87.247464,35.904313],[-87.247987,35.903541],[-87.250401,35.903037],[-87.251134,35.901497],[-87.25196,35.900599],[-87.253778,35.897159],[-87.255493,35.895783],[-87.255831,35.895695],[-87.256406,35.89563],[-87.260142,35.893576],[-87.262205,35.893085],[-87.263161,35.893738],[-87.265638,35.895796],[-87.270168,35.895659],[-87.268196,35.89178],[-87.268773,35.890501],[-87.268423,35.890224],[-87.26893,35.889888],[-87.269464,35.888987],[-87.271542,35.888083],[-87.276274,35.885358],[-87.276335,35.885468],[-87.277464,35.888079],[-87.27723,35.888577],[-87.278656,35.891843],[-87.280474,35.893504],[-87.281481,35.893742],[-87.281734,35.893669],[-87.283149,35.894465],[-87.283855,35.89598],[-87.284624,35.896454],[-87.285905,35.902533],[-87.286266,35.903002],[-87.287573,35.907011],[-87.288583,35.907934],[-87.288835,35.909707],[-87.289846,35.911929],[-87.2857,35.911766],[-87.289016,35.913513],[-87.290191,35.914392],[-87.290242,35.916582],[-87.291301,35.917954],[-87.293577,35.918863],[-87.295418,35.920026],[-87.295844,35.921771],[-87.297224,35.922866],[-87.299938,35.925656],[-87.302439,35.92644],[-87.310063,35.927968],[-87.310337,35.928391],[-87.311716,35.928009],[-87.322006,35.925146],[-87.322163,35.925115],[-87.325827,35.923344],[-87.328059,35.920796],[-87.328465,35.919977],[-87.329346,35.92008],[-87.331491,35.920262],[-87.33392,35.920409],[-87.335032,35.919455],[-87.336124,35.920633],[-87.338651,35.923335],[-87.339293,35.923048],[-87.341228,35.922278],[-87.342111,35.921346],[-87.345383,35.919832],[-87.345417,35.919866],[-87.345467,35.919843],[-87.345796,35.919717],[-87.346234,35.919945],[-87.346607,35.919864],[-87.348141,35.91797],[-87.349351,35.917739],[-87.352993,35.915156],[-87.354577,35.914925],[-87.355909,35.915338],[-87.359117,35.915986],[-87.358671,35.918144],[-87.361634,35.919589],[-87.363999,35.921722],[-87.363805,35.923054],[-87.362365,35.924159],[-87.362076,35.924962],[-87.363469,35.926384],[-87.363926,35.928153],[-87.367364,35.92874],[-87.368626,35.929992],[-87.369471,35.929317],[-87.372371,35.929733],[-87.373222,35.929491],[-87.374133,35.927803],[-87.377129,35.927575],[-87.378151,35.929809],[-87.38064,35.928072],[-87.384484,35.92958],[-87.385413,35.931731],[-87.391429,35.936573],[-87.393648,35.936495],[-87.397029,35.938007],[-87.39912,35.938497],[-87.400757,35.940011],[-87.40426,35.939986],[-87.405763,35.940427],[-87.407759,35.940163],[-87.409115,35.938998],[-87.410274,35.93723],[-87.411603,35.937625],[-87.412202,35.939511],[-87.41257,35.939548],[-87.414351,35.9391],[-87.415524,35.937272],[-87.414626,35.935152],[-87.416228,35.935268],[-87.416768,35.932165],[-87.420059,35.932262],[-87.420604,35.931364],[-87.423568,35.930176],[-87.42488,35.930598],[-87.428441,35.928179],[-87.42787,35.92662],[-87.426667,35.92649],[-87.426145,35.924422],[-87.426762,35.92232],[-87.428186,35.919634],[-87.430007,35.918651],[-87.424841,35.91586],[-87.42261,35.915189],[-87.421371,35.915214],[-87.418031,35.914573],[-87.418831,35.914184],[-87.417839,35.913128],[-87.416614,35.912978],[-87.414832,35.910194],[-87.412811,35.908744],[-87.411579,35.907209],[-87.408256,35.906399],[-87.407046,35.907724],[-87.405827,35.907415],[-87.404616,35.907846],[-87.403358,35.91049],[-87.40382,35.911343],[-87.402161,35.91218],[-87.398813,35.910911],[-87.394525,35.911831],[-87.390823,35.911928],[-87.387476,35.911185],[-87.385128,35.910783],[-87.38051,35.910455],[-87.375136,35.910075],[-87.375059,35.909973],[-87.377243,35.907226],[-87.380882,35.90441],[-87.381506,35.902832],[-87.38095,35.900557],[-87.379454,35.899623],[-87.378838,35.898176],[-87.379312,35.894615],[-87.380086,35.893238],[-87.381767,35.891691],[-87.383154,35.889538],[-87.383482,35.888213],[-87.382785,35.886357],[-87.382313,35.883555],[-87.38548,35.882821],[-87.386849,35.8824],[-87.389806,35.881911],[-87.39061,35.881281],[-87.391913,35.880824],[-87.395356,35.878273],[-87.397639,35.877308],[-87.400571,35.877406],[-87.400534,35.88049],[-87.401212,35.881254],[-87.402424,35.880825],[-87.402685,35.878935],[-87.40362,35.878043],[-87.405894,35.877625],[-87.407309,35.875494],[-87.407934,35.873452],[-87.408797,35.873137],[-87.41198,35.8732],[-87.412675,35.873496],[-87.416029,35.873484],[-87.416548,35.872368],[-87.417997,35.870955],[-87.419856,35.870218],[-87.420126,35.870371],[-87.422714,35.86852],[-87.42523,35.870981],[-87.426401,35.872112],[-87.427834,35.871607],[-87.429837,35.869593],[-87.432263,35.869452],[-87.434896,35.869054],[-87.435566,35.867853],[-87.434917,35.865585],[-87.433726,35.864435],[-87.43279,35.8625],[-87.430674,35.860384],[-87.429005,35.859393],[-87.425707,35.857672],[-87.424498,35.857382],[-87.42144,35.858005],[-87.418584,35.858191],[-87.414091,35.858811],[-87.412769,35.858356],[-87.412584,35.858296],[-87.410815,35.857668],[-87.405328,35.856954],[-87.401796,35.855852],[-87.401411,35.853696],[-87.400217,35.850495],[-87.400476,35.848455],[-87.398902,35.847344],[-87.407081,35.843036],[-87.412274,35.841258],[-87.413515,35.840839],[-87.417579,35.839469],[-87.422285,35.837889],[-87.426858,35.836343],[-87.427947,35.835981],[-87.428562,35.8371],[-87.431659,35.83626],[-87.432984,35.83585],[-87.433857,35.837484],[-87.433351,35.838961],[-87.428233,35.838747],[-87.428165,35.839319],[-87.426621,35.839432],[-87.42763,35.840626],[-87.429142,35.84154],[-87.436299,35.845873],[-87.441013,35.84865],[-87.444124,35.845627],[-87.450838,35.85025],[-87.453543,35.851753],[-87.457451,35.853405],[-87.460599,35.854727],[-87.460781,35.854803],[-87.460971,35.854883],[-87.461329,35.855034],[-87.461385,35.855058],[-87.461513,35.855111],[-87.467575,35.857638],[-87.468766,35.858612],[-87.468879,35.859422],[-87.468861,35.859574],[-87.468991,35.861963],[-87.469869,35.860548],[-87.47247,35.86027],[-87.475009,35.860574],[-87.477602,35.860731],[-87.478932,35.859747],[-87.480747,35.859321],[-87.483264,35.860444],[-87.485345,35.862051],[-87.489798,35.863844],[-87.492616,35.865272],[-87.495299,35.869035],[-87.498141,35.869329],[-87.500247,35.869934],[-87.500909,35.870734],[-87.502282,35.871921],[-87.505342,35.872211],[-87.506632,35.872502],[-87.507193,35.872543],[-87.509118,35.872134],[-87.512552,35.870721],[-87.514511,35.871342],[-87.516553,35.871438],[-87.517804,35.872913],[-87.518922,35.873087],[-87.51977,35.873267],[-87.522353,35.874835],[-87.526684,35.87738],[-87.526717,35.879366],[-87.527769,35.880492],[-87.531361,35.883016],[-87.536416,35.882956],[-87.538076,35.884037],[-87.541226,35.884465],[-87.543616,35.885994],[-87.545239,35.886347],[-87.546737,35.885984],[-87.54994,35.886104],[-87.553998,35.883563],[-87.557784,35.882808],[-87.560652,35.883164],[-87.563795,35.883085],[-87.562235,35.879722],[-87.562628,35.878869],[-87.563393,35.87753],[-87.563454,35.875692],[-87.563043,35.873716],[-87.560798,35.870019],[-87.560014,35.866864],[-87.559041,35.865367],[-87.558425,35.862138],[-87.559076,35.858838],[-87.55916,35.857302],[-87.558562,35.854322],[-87.558366,35.851903],[-87.556772,35.851005],[-87.555745,35.850942],[-87.553321,35.851803],[-87.551557,35.849702],[-87.549111,35.848521],[-87.547847,35.846927],[-87.544478,35.845301],[-87.543264,35.844118],[-87.542519,35.842046],[-87.541888,35.841392],[-87.539717,35.842482],[-87.536417,35.841547],[-87.534985,35.840302],[-87.535836,35.840201],[-87.539696,35.839953],[-87.541037,35.83836],[-87.542398,35.835706],[-87.542341,35.834759],[-87.543619,35.832597],[-87.544391,35.830258],[-87.544284,35.82939],[-87.547709,35.828204],[-87.546826,35.825949],[-87.54598,35.825479],[-87.546303,35.823847],[-87.547138,35.823091],[-87.548704,35.822878],[-87.550505,35.825021],[-87.550584,35.826296],[-87.552977,35.829981],[-87.552844,35.831501],[-87.55173,35.833133],[-87.553843,35.834427],[-87.555377,35.832871],[-87.555525,35.831172],[-87.558894,35.828319],[-87.560627,35.827382],[-87.560409,35.824147],[-87.559159,35.822881],[-87.558887,35.820423],[-87.559478,35.819043],[-87.557149,35.820024],[-87.553883,35.820674],[-87.551549,35.82007],[-87.549521,35.82023],[-87.548502,35.819813],[-87.547772,35.818498],[-87.550187,35.814486],[-87.550901,35.812095],[-87.550629,35.810129],[-87.549219,35.808039],[-87.548095,35.804489],[-87.547616,35.802242],[-87.546634,35.79984],[-87.545055,35.798036],[-87.542967,35.797027],[-87.540223,35.79598],[-87.535724,35.794629],[-87.532877,35.794041],[-87.528954,35.794557],[-87.526506,35.796092],[-87.525909,35.798049],[-87.526965,35.80073],[-87.530911,35.804699],[-87.53236,35.806823],[-87.532627,35.807804],[-87.531319,35.811918],[-87.530879,35.81478],[-87.530815,35.817628],[-87.529259,35.819627],[-87.527994,35.819985],[-87.527594,35.821268],[-87.52679,35.821977],[-87.524486,35.822483],[-87.519943,35.822507],[-87.518729,35.822289],[-87.514617,35.820678],[-87.511465,35.818927],[-87.510731,35.817085],[-87.512231,35.814838],[-87.51439,35.813136],[-87.515588,35.811762],[-87.51961,35.805698],[-87.517851,35.802993],[-87.515805,35.798735],[-87.514748,35.79718],[-87.514411,35.796696],[-87.513005,35.79413],[-87.512136,35.791661],[-87.512182,35.790025],[-87.510911,35.789398],[-87.506852,35.788302],[-87.500113,35.787844],[-87.4996,35.790887],[-87.493501,35.790413],[-87.497982,35.785089],[-87.501826,35.780767],[-87.506303,35.782859],[-87.512199,35.783699],[-87.514034,35.781709],[-87.515355,35.78191],[-87.515378,35.781577],[-87.51613,35.781598],[-87.516346,35.780356],[-87.51558,35.779987],[-87.510801,35.778848],[-87.507895,35.778615],[-87.503807,35.776662],[-87.500657,35.77512],[-87.496563,35.77355],[-87.493781,35.772793],[-87.493733,35.774958],[-87.491721,35.774488],[-87.488226,35.774173],[-87.48684,35.774061],[-87.487105,35.771167],[-87.487648,35.768437],[-87.487422,35.767228],[-87.486343,35.767173],[-87.486587,35.761791],[-87.483778,35.760328],[-87.481584,35.760116],[-87.481494,35.759141],[-87.482592,35.757625],[-87.48442,35.756444],[-87.487743,35.756378],[-87.489655,35.755209],[-87.491398,35.754606],[-87.493591,35.755228],[-87.494255,35.756387],[-87.495673,35.756086],[-87.500821,35.751311],[-87.499539,35.750487],[-87.4994,35.747825],[-87.500304,35.746501],[-87.500426,35.743753],[-87.501101,35.742652],[-87.503348,35.74108],[-87.504892,35.739442],[-87.506137,35.738965],[-87.507033,35.737936],[-87.506335,35.736987],[-87.506259,35.73431],[-87.503946,35.730767],[-87.504317,35.729785],[-87.506019,35.727526],[-87.507016,35.72507],[-87.509163,35.7247],[-87.510618,35.724058],[-87.514276,35.723639],[-87.513515,35.722208],[-87.512507,35.717876],[-87.514536,35.71802],[-87.517358,35.719368],[-87.517782,35.720029],[-87.517176,35.720624],[-87.517694,35.721812],[-87.518673,35.72224],[-87.519264,35.723423],[-87.51869,35.724191],[-87.519164,35.725231],[-87.520671,35.725878],[-87.521831,35.728122],[-87.521766,35.729046],[-87.520125,35.72962],[-87.520149,35.731007],[-87.521793,35.732789],[-87.522993,35.734587],[-87.523931,35.735004],[-87.524675,35.737004],[-87.526177,35.738168],[-87.527941,35.737907],[-87.529895,35.73645],[-87.529368,35.734685],[-87.533473,35.73502],[-87.535582,35.736873],[-87.538133,35.739169],[-87.539194,35.738046],[-87.540147,35.736118],[-87.543064,35.7342],[-87.542733,35.733837],[-87.544269,35.732834],[-87.545072,35.732958],[-87.546358,35.731804],[-87.546703,35.730769],[-87.548671,35.728976],[-87.549265,35.728365],[-87.560803,35.726626],[-87.567324,35.725569],[-87.567441,35.72845],[-87.56809,35.729361],[-87.569665,35.734337],[-87.571503,35.735658],[-87.57166,35.736565],[-87.572968,35.737494],[-87.575123,35.735958],[-87.575615,35.735129],[-87.576783,35.7356],[-87.57926,35.735051],[-87.583932,35.736166],[-87.586157,35.735301],[-87.586107,35.732006],[-87.58799,35.730293],[-87.588894,35.728812],[-87.590299,35.728091],[-87.592058,35.725645],[-87.592769,35.722772],[-87.592335,35.721874],[-87.586047,35.722807],[-87.58616,35.722301],[-87.588928,35.720359],[-87.590145,35.717745],[-87.591049,35.71657],[-87.590066,35.714634],[-87.590263,35.713406],[-87.588879,35.711946],[-87.588325,35.710504],[-87.592611,35.707443],[-87.593612,35.705927],[-87.59382,35.704399],[-87.59671,35.703205],[-87.600588,35.702676],[-87.617304,35.718134],[-87.6183,35.719071],[-87.620784,35.717925],[-87.623955,35.717292],[-87.624712,35.71669],[-87.624693,35.717143],[-87.625103,35.717127],[-87.626666,35.71602],[-87.629224,35.712505],[-87.631749,35.710769],[-87.634494,35.707205],[-87.637681,35.705997],[-87.636661,35.70388],[-87.64004,35.698727],[-87.642664,35.695725],[-87.644301,35.694832],[-87.645339,35.694817],[-87.647609,35.693638],[-87.648159,35.692119],[-87.649469,35.690482],[-87.64993,35.68845],[-87.650808,35.687986],[-87.652728,35.68829],[-87.653856,35.691995],[-87.656196,35.694338],[-87.654594,35.695669],[-87.654322,35.696445],[-87.655352,35.698096],[-87.653365,35.699611],[-87.653061,35.702871],[-87.651338,35.705564],[-87.658822,35.701436],[-87.660338,35.702015],[-87.66132,35.701751],[-87.663035,35.702364],[-87.664931,35.702064],[-87.665422,35.703307],[-87.66753,35.70372],[-87.667651,35.704605],[-87.66998,35.707446],[-87.670224,35.709557],[-87.670905,35.709898],[-87.671459,35.711726],[-87.670427,35.712986],[-87.670808,35.713896],[-87.672271,35.715261],[-87.672381,35.715497],[-87.674013,35.714929],[-87.677603,35.715425],[-87.680658,35.711906],[-87.682653,35.71074],[-87.683956,35.710643],[-87.685474,35.709737],[-87.690512,35.708129],[-87.692634,35.708675],[-87.697268,35.708788],[-87.700462,35.709339],[-87.70183,35.70987],[-87.704582,35.710185],[-87.707417,35.709556],[-87.710185,35.70861],[-87.710669,35.703616],[-87.723959,35.704263],[-87.72596,35.701485],[-87.737811,35.702342],[-87.738738,35.696346],[-87.738932,35.695047],[-87.741369,35.67929],[-87.74375,35.663952],[-87.743122,35.663436],[-87.741955,35.661907],[-87.739199,35.661494],[-87.738249,35.66036],[-87.737238,35.660213],[-87.73729,35.659455],[-87.73574,35.658303],[-87.73385,35.657701],[-87.733083,35.656931],[-87.732977,35.655915],[-87.730642,35.655224],[-87.729606,35.654491],[-87.72757,35.655065],[-87.726113,35.654479],[-87.726062,35.652478],[-87.724306,35.650347],[-87.7211,35.650074],[-87.71905,35.649173],[-87.718664,35.648326],[-87.716515,35.646755],[-87.714457,35.646314],[-87.711889,35.646954],[-87.710556,35.645286],[-87.708057,35.645353],[-87.708172,35.644022],[-87.707489,35.642425],[-87.706355,35.641604],[-87.704248,35.641348],[-87.703261,35.640647],[-87.702668,35.639389],[-87.700945,35.639197],[-87.699575,35.638271],[-87.698152,35.638141],[-87.697091,35.63855],[-87.695822,35.637089],[-87.693858,35.635875],[-87.692921,35.634509],[-87.688176,35.634283],[-87.686891,35.633702],[-87.685279,35.631144],[-87.683879,35.629951],[-87.681024,35.629575],[-87.679732,35.627834],[-87.677729,35.627496],[-87.676818,35.627497],[-87.676483,35.627054],[-87.676451,35.625755],[-87.676193,35.625069],[-87.675759,35.624547],[-87.675758,35.624192],[-87.674761,35.623598],[-87.67404,35.623019],[-87.673398,35.622819],[-87.67324,35.622545],[-87.67313,35.621812],[-87.67231,35.621064],[-87.671363,35.621058],[-87.669131,35.619514],[-87.668075,35.619025],[-87.667394,35.618462],[-87.665489,35.617772],[-87.66376,35.61589],[-87.663028,35.615524],[-87.661496,35.614365],[-87.660767,35.612532],[-87.661749,35.610861],[-87.660768,35.609005],[-87.658189,35.609349],[-87.657557,35.607973],[-87.657684,35.605872],[-87.656644,35.604217],[-87.656738,35.602083],[-87.655434,35.600633],[-87.655777,35.598793],[-87.654929,35.598147],[-87.654922,35.596942],[-87.652412,35.595701],[-87.651761,35.594798],[-87.651558,35.593218],[-87.648534,35.590869],[-87.649454,35.58824],[-87.650306,35.587523],[-87.650929,35.586729],[-87.651205,35.585876],[-87.651767,35.583763],[-87.650702,35.58136],[-87.648788,35.579876],[-87.649795,35.57723],[-87.650774,35.576111],[-87.650734,35.573393],[-87.650631,35.573302],[-87.650404,35.573136],[-87.650383,35.57291],[-87.650524,35.572725],[-87.650989,35.572748],[-87.651056,35.572753],[-87.651138,35.572761],[-87.651304,35.572722],[-87.651336,35.572697],[-87.651462,35.5726],[-87.651568,35.572464],[-87.651616,35.572356],[-87.651633,35.572246],[-87.651624,35.572174],[-87.65162,35.572137],[-87.651535,35.572001],[-87.651445,35.571883],[-87.650629,35.570765],[-87.651075,35.570316],[-87.651235,35.570227],[-87.651285,35.5702],[-87.651329,35.570097],[-87.651365,35.569965],[-87.651367,35.56982],[-87.651346,35.569721],[-87.651339,35.569684],[-87.651288,35.569563],[-87.651289,35.569547],[-87.651131,35.569489],[-87.651009,35.569331],[-87.650954,35.569076],[-87.651007,35.568762],[-87.651199,35.568605],[-87.651424,35.56856],[-87.65161,35.568596],[-87.651707,35.568615],[-87.65191,35.568555],[-87.651998,35.568521],[-87.652082,35.568477],[-87.652167,35.568434],[-87.652265,35.568354],[-87.652332,35.568278],[-87.652372,35.568198],[-87.652417,35.56806],[-87.652421,35.567934],[-87.652403,35.567781],[-87.652359,35.567619],[-87.652314,35.567426],[-87.652223,35.567036],[-87.651901,35.56608],[-87.651599,35.565293],[-87.651637,35.56507],[-87.651755,35.564864],[-87.652068,35.564713],[-87.652178,35.564677],[-87.652291,35.564668],[-87.652899,35.564674],[-87.654958,35.563316],[-87.655622,35.563542],[-87.657798,35.560682],[-87.657899,35.560419],[-87.657955,35.560327],[-87.658356,35.560394],[-87.65932,35.559864],[-87.660789,35.559668],[-87.661373,35.558647],[-87.661639,35.558468],[-87.662708,35.558352],[-87.663703,35.557426],[-87.663744,35.556303],[-87.664426,35.55515],[-87.665252,35.55503],[-87.665327,35.553815],[-87.666428,35.553102],[-87.667748,35.553534],[-87.669348,35.553257],[-87.670431,35.551917],[-87.671018,35.551369],[-87.673469,35.551434],[-87.673996,35.551907],[-87.67491,35.55337],[-87.6765,35.553322],[-87.676964,35.554227],[-87.678228,35.554766],[-87.679008,35.55652],[-87.681102,35.557715],[-87.68198,35.556737],[-87.681279,35.555502],[-87.681693,35.554185],[-87.684083,35.553419],[-87.687529,35.552813],[-87.688493,35.551525],[-87.688165,35.550173],[-87.686867,35.549822],[-87.686434,35.549552],[-87.686135,35.549052],[-87.685834,35.548065],[-87.686748,35.540039],[-87.687622,35.532369],[-87.688957,35.520532],[-87.689992,35.51135],[-87.689989,35.511298],[-87.690651,35.505329],[-87.711014,35.505289],[-87.71197,35.49753],[-87.715944,35.49776],[-87.716161,35.495824],[-87.716609,35.491818],[-87.716995,35.48838],[-87.717559,35.483347],[-87.713924,35.482696],[-87.71342,35.482606],[-87.704516,35.481012],[-87.698851,35.479998],[-87.698671,35.479966],[-87.686362,35.473121],[-87.686034,35.472937],[-87.683308,35.472806],[-87.673471,35.47279],[-87.661163,35.472769],[-87.657854,35.472764],[-87.648824,35.472717],[-87.645896,35.472745],[-87.646083,35.468164],[-87.646125,35.465444],[-87.646215,35.459515],[-87.646252,35.457108],[-87.646477,35.442464],[-87.645869,35.441934],[-87.641356,35.440935],[-87.635442,35.441008],[-87.632614,35.441042],[-87.632505,35.438335],[-87.625021,35.437763],[-87.61057,35.436464],[-87.607276,35.436176],[-87.607626,35.432498],[-87.608518,35.427031],[-87.608406,35.426681],[-87.605151,35.41948],[-87.601229,35.418613],[-87.601,35.418224],[-87.597164,35.411723],[-87.594957,35.411628],[-87.591911,35.411577],[-87.590704,35.411561],[-87.584783,35.409142],[-87.581016,35.408085],[-87.577518,35.406419],[-87.575205,35.406308],[-87.57525,35.403907],[-87.575352,35.398454]]]]}},{"type":"Feature","properties":{"id":5,"NAME":"47108112005","TotalPop":825316,"PopDevPct":0.07481059,"DemPct":0.55811886,"RepPct":0.42336341,"WhitePct":0.61740047,"MinorityPct":0.38259953,"BlackPct":0.21737546,"HispanicPct":0.10513095,"PacificPct":0.00145657,"AsianPct":0.04232295,"NativePct":0.02113936,"TotalVAP":655649,"Margin":0.05811886,"color":"#ffb800","opacity":"0.5"},"geometry":{"type":"MultiPolygon","coordinates":[[[[-86.331307,36.102075],[-86.33075,36.104059],[-86.329088,36.11025],[-86.325059,36.120999],[-86.323987,36.123791],[-86.323698,36.124543],[-86.323455,36.125175],[-86.321994,36.129002],[-86.321338,36.131608],[-86.321158,36.132523],[-86.321978,36.133639],[-86.321926,36.135397],[-86.321566,36.139577],[-86.320767,36.145582],[-86.320097,36.146895],[-86.319484,36.151226],[-86.315869,36.150812],[-86.314091,36.152158],[-86.312844,36.152295],[-86.312506,36.153092],[-86.312966,36.154933],[-86.31157,36.155274],[-86.309592,36.156347],[-86.309298,36.157055],[-86.309159,36.157042],[-86.309571,36.155976],[-86.309419,36.155938],[-86.306585,36.163341],[-86.305161,36.166781],[-86.305342,36.166804],[-86.305477,36.16682],[-86.312113,36.167525],[-86.31158,36.168678],[-86.310705,36.17073],[-86.310434,36.171419],[-86.314851,36.171616],[-86.321341,36.172374],[-86.327818,36.173092],[-86.329788,36.173178],[-86.330837,36.172752],[-86.333044,36.172946],[-86.333219,36.173531],[-86.336939,36.173795],[-86.336425,36.177709],[-86.336329,36.177772],[-86.333352,36.179814],[-86.32865,36.180441],[-86.328396,36.18047],[-86.327402,36.180295],[-86.326075,36.180209],[-86.326089,36.182867],[-86.319822,36.182693],[-86.324368,36.183048],[-86.30579,36.18254],[-86.305095,36.18416],[-86.304829,36.184807],[-86.304645,36.185261],[-86.304456,36.185731],[-86.304014,36.186812],[-86.303179,36.188773],[-86.301999,36.190923],[-86.301867,36.190861],[-86.301628,36.190748],[-86.301478,36.190665],[-86.301352,36.190595],[-86.300269,36.189926],[-86.297733,36.189188],[-86.295991,36.18906],[-86.295874,36.18903],[-86.293393,36.194462],[-86.29271,36.196776],[-86.292656,36.196964],[-86.292583,36.197223],[-86.292208,36.200079],[-86.291848,36.202758],[-86.291761,36.20342],[-86.291568,36.204938],[-86.291269,36.206854],[-86.29115,36.207695],[-86.290751,36.207936],[-86.289736,36.207853],[-86.289565,36.208933],[-86.289266,36.210621],[-86.288977,36.212271],[-86.290388,36.212422],[-86.291779,36.212577],[-86.293204,36.212735],[-86.294358,36.21286],[-86.294149,36.214208],[-86.294016,36.21522],[-86.293724,36.217216],[-86.293896,36.21728],[-86.294981,36.217686],[-86.298447,36.219333],[-86.302213,36.222815],[-86.304757,36.223918],[-86.307056,36.223762],[-86.307923,36.224325],[-86.308855,36.226963],[-86.310233,36.231935],[-86.310815,36.233778],[-86.311588,36.235931],[-86.311624,36.236032],[-86.311674,36.23617],[-86.313335,36.239809],[-86.31349,36.240147],[-86.313669,36.240576],[-86.314464,36.244046],[-86.314363,36.24643],[-86.314355,36.246543],[-86.314323,36.247004],[-86.314241,36.24577],[-86.31209,36.244259],[-86.310171,36.241687],[-86.305266,36.241533],[-86.303962,36.241715],[-86.302912,36.24201],[-86.301002,36.240958],[-86.300737,36.243127],[-86.300165,36.248135],[-86.298206,36.247881],[-86.296886,36.247748],[-86.295448,36.247715],[-86.295137,36.246876],[-86.290644,36.247393],[-86.289831,36.24656],[-86.288814,36.246527],[-86.288718,36.247984],[-86.293542,36.248482],[-86.293483,36.24919],[-86.288634,36.249184],[-86.288718,36.247984],[-86.288853,36.243231],[-86.288949,36.24173],[-86.289053,36.240428],[-86.289426,36.234674],[-86.287555,36.233418],[-86.285006,36.232725],[-86.284795,36.231819],[-86.283337,36.231175],[-86.279111,36.230487],[-86.276859,36.230871],[-86.274559,36.231728],[-86.273019,36.2317],[-86.270808,36.230933],[-86.270241,36.231179],[-86.269757,36.232525],[-86.267542,36.233925],[-86.265784,36.233704],[-86.263953,36.23723],[-86.259473,36.24085],[-86.256317,36.243714],[-86.24901,36.250448],[-86.246575,36.252878],[-86.244213,36.255261],[-86.242121,36.258146],[-86.24067,36.260986],[-86.239242,36.261726],[-86.237855,36.261686],[-86.237204,36.262431],[-86.236813,36.264832],[-86.236626,36.265981],[-86.238015,36.266482],[-86.2362,36.26818],[-86.227874,36.274155],[-86.225348,36.276046],[-86.223452,36.277862],[-86.216356,36.284641],[-86.213935,36.286235],[-86.209144,36.288326],[-86.206853,36.289319],[-86.203876,36.29105],[-86.199132,36.29506],[-86.197687,36.29721],[-86.196277,36.300641],[-86.195188,36.302536],[-86.191979,36.305016],[-86.19162,36.30701],[-86.189316,36.30646],[-86.185141,36.308937],[-86.179641,36.315118],[-86.178807,36.316274],[-86.178773,36.316319],[-86.176044,36.32096],[-86.175586,36.324574],[-86.174463,36.327865],[-86.175016,36.328234],[-86.175916,36.328836],[-86.177011,36.325961],[-86.180825,36.321587],[-86.184277,36.319287],[-86.186203,36.319225],[-86.189251,36.320088],[-86.197593,36.326234],[-86.199587,36.327931],[-86.204069,36.332321],[-86.206404,36.336509],[-86.20656,36.342659],[-86.207752,36.342621],[-86.209252,36.342842],[-86.210505,36.343825],[-86.212355,36.344674],[-86.21533,36.343248],[-86.217884,36.341625],[-86.223078,36.342138],[-86.226996,36.342692],[-86.226251,36.348957],[-86.228669,36.349217],[-86.230096,36.349172],[-86.244456,36.336405],[-86.245715,36.334643],[-86.247123,36.331121],[-86.248322,36.327415],[-86.24775,36.323038],[-86.247391,36.317587],[-86.247399,36.311521],[-86.248042,36.308446],[-86.249275,36.30582],[-86.252546,36.302829],[-86.257999,36.300393],[-86.260942,36.299665],[-86.263446,36.299448],[-86.266136,36.300863],[-86.269869,36.304243],[-86.272664,36.307286],[-86.27347,36.309364],[-86.273072,36.313277],[-86.27258,36.315441],[-86.271176,36.318233],[-86.266212,36.325639],[-86.264643,36.328292],[-86.264578,36.331102],[-86.265761,36.337369],[-86.267291,36.341395],[-86.26913,36.344862],[-86.272764,36.347579],[-86.275903,36.348476],[-86.27911,36.348523],[-86.283256,36.3475],[-86.287291,36.346174],[-86.290883,36.343376],[-86.294477,36.339005],[-86.295987,36.336491],[-86.296429,36.334636],[-86.296613,36.324065],[-86.297198,36.320008],[-86.298289,36.315367],[-86.298452,36.313634],[-86.300075,36.312374],[-86.307046,36.312894],[-86.315952,36.315397],[-86.32074,36.316919],[-86.330452,36.318772],[-86.333865,36.318525],[-86.336409,36.317877],[-86.339858,36.316497],[-86.344832,36.314195],[-86.348547,36.312299],[-86.354816,36.309711],[-86.356661,36.309475],[-86.358539,36.309236],[-86.360512,36.309843],[-86.362023,36.311505],[-86.361626,36.31442],[-86.361281,36.315434],[-86.356287,36.322251],[-86.353223,36.324803],[-86.349405,36.326806],[-86.346839,36.328841],[-86.346094,36.329848],[-86.345651,36.34089],[-86.346517,36.345112],[-86.351025,36.352292],[-86.352971,36.352696],[-86.355366,36.354428],[-86.358691,36.356488],[-86.361323,36.357684],[-86.363902,36.358063],[-86.366388,36.357746],[-86.370409,36.356134],[-86.375705,36.352119],[-86.376888,36.350921],[-86.380816,36.344649],[-86.383992,36.341005],[-86.38624,36.337625],[-86.388208,36.332969],[-86.389728,36.327817],[-86.39044,36.322682],[-86.38912,36.317446],[-86.38916,36.313086],[-86.390778,36.309855],[-86.391289,36.309353],[-86.391863,36.308812],[-86.393113,36.307671],[-86.395583,36.306666],[-86.401068,36.30589],[-86.402791,36.305941],[-86.405004,36.306248],[-86.407812,36.307702],[-86.409961,36.309268],[-86.413166,36.31215],[-86.41544,36.313698],[-86.417304,36.317594],[-86.418552,36.32207],[-86.417712,36.327553],[-86.418392,36.332837],[-86.41884,36.333489],[-86.422552,36.335753],[-86.428008,36.338461],[-86.430937,36.339441],[-86.433665,36.340017],[-86.437184,36.339656],[-86.438225,36.339441],[-86.444737,36.336877],[-86.447305,36.336297],[-86.451721,36.335629],[-86.457073,36.332865],[-86.459414,36.331299],[-86.468031,36.326195],[-86.472606,36.322449],[-86.474093,36.32145],[-86.477322,36.320421],[-86.483229,36.316811],[-86.49047,36.31255],[-86.490871,36.312176],[-86.494304,36.310694],[-86.501234,36.308422],[-86.507114,36.304274],[-86.509276,36.302938],[-86.511298,36.301426],[-86.512754,36.299707],[-86.513426,36.298303],[-86.514818,36.293675],[-86.516994,36.285151],[-86.518434,36.282115],[-86.52005,36.279539],[-86.521642,36.278099],[-86.52453,36.278059],[-86.52633,36.278511],[-86.530386,36.280727],[-86.532277,36.282573],[-86.53357,36.283983],[-86.535946,36.287515],[-86.537826,36.290727],[-86.53957,36.295723],[-86.54033,36.301067],[-86.539922,36.308182],[-86.540194,36.311862],[-86.541394,36.31695],[-86.542378,36.319334],[-86.543434,36.320602],[-86.544946,36.321186],[-86.546578,36.321255],[-86.549338,36.320662],[-86.552842,36.319066],[-86.555698,36.316634],[-86.55937,36.312626],[-86.559894,36.31245],[-86.563834,36.306498],[-86.564433,36.30455],[-86.563755,36.301147],[-86.563075,36.295691],[-86.56177,36.293243],[-86.559794,36.287451],[-86.560941,36.284923],[-86.566293,36.273132],[-86.569759,36.265493],[-86.571095,36.262552],[-86.574376,36.2602],[-86.579554,36.25649],[-86.594395,36.245853],[-86.594286,36.245105],[-86.609988,36.244204],[-86.615092,36.245104],[-86.616226,36.245767],[-86.621012,36.248499],[-86.622798,36.249308],[-86.636633,36.254228],[-86.639095,36.255105],[-86.641251,36.265033],[-86.642589,36.271204],[-86.642261,36.279463],[-86.642192,36.281201],[-86.642,36.288251],[-86.649186,36.292835],[-86.655776,36.296738],[-86.668744,36.300577],[-86.668176,36.3013],[-86.667537,36.302038],[-86.667559,36.302161],[-86.666495,36.303505],[-86.667832,36.304893],[-86.669843,36.30684],[-86.672224,36.308924],[-86.672257,36.309454],[-86.672301,36.30984],[-86.672277,36.310224],[-86.672296,36.311055],[-86.672682,36.311672],[-86.67269,36.311701],[-86.672717,36.311788],[-86.672726,36.311818],[-86.672739,36.311871],[-86.672745,36.311897],[-86.672789,36.312063],[-86.672814,36.312128],[-86.672838,36.312213],[-86.672892,36.31234],[-86.673241,36.31229],[-86.673617,36.312847],[-86.67473,36.314122],[-86.675145,36.313721],[-86.675817,36.313458],[-86.675966,36.313776],[-86.675681,36.31421],[-86.674764,36.314666],[-86.674819,36.315243],[-86.67563,36.315383],[-86.676413,36.315163],[-86.677354,36.315328],[-86.679107,36.315375],[-86.681103,36.315641],[-86.681931,36.316137],[-86.684566,36.317017],[-86.6854,36.317395],[-86.687244,36.317826],[-86.687408,36.318129],[-86.687387,36.3182],[-86.688418,36.31991],[-86.691558,36.320714],[-86.692087,36.321042],[-86.693025,36.321174],[-86.693942,36.32113],[-86.695239,36.321377],[-86.696318,36.321421],[-86.697181,36.321921],[-86.697684,36.322685],[-86.697616,36.323515],[-86.696726,36.324307],[-86.696407,36.325241],[-86.69655,36.325944],[-86.696876,36.32673],[-86.697385,36.327098],[-86.698486,36.327192],[-86.699304,36.327723],[-86.699705,36.327249],[-86.702256,36.326777],[-86.70302,36.32717],[-86.70358,36.327297],[-86.706567,36.329063],[-86.707471,36.33074],[-86.707993,36.332843],[-86.709301,36.333251],[-86.709671,36.333553],[-86.709697,36.333606],[-86.710074,36.333726],[-86.710266,36.334064],[-86.711084,36.334593],[-86.712491,36.334961],[-86.713253,36.335378],[-86.714021,36.335998],[-86.715136,36.336441],[-86.715643,36.336823],[-86.71611,36.337542],[-86.716591,36.337845],[-86.716986,36.338177],[-86.717758,36.338971],[-86.717827,36.338987],[-86.717936,36.339013],[-86.718866,36.339532],[-86.721054,36.342076],[-86.722047,36.344383],[-86.721715,36.345972],[-86.723495,36.34768],[-86.722768,36.351313],[-86.72468,36.353429],[-86.725068,36.355462],[-86.724956,36.357736],[-86.725835,36.359994],[-86.726192,36.360972],[-86.725499,36.361623],[-86.725432,36.363348],[-86.726371,36.366173],[-86.726665,36.368849],[-86.727345,36.370525],[-86.727529,36.372316],[-86.728484,36.373224],[-86.728558,36.375472],[-86.729852,36.377844],[-86.730151,36.380264],[-86.731049,36.382165],[-86.732688,36.383659],[-86.73296,36.385061],[-86.734651,36.386988],[-86.735396,36.38759],[-86.735901,36.388218],[-86.736687,36.388815],[-86.737598,36.389215],[-86.738533,36.389506],[-86.740132,36.390486],[-86.740213,36.390717],[-86.740638,36.392802],[-86.741334,36.393156],[-86.741674,36.397337],[-86.743483,36.397743],[-86.744687,36.398845],[-86.74606,36.399644],[-86.745693,36.403097],[-86.748493,36.404694],[-86.751352,36.404763],[-86.753895,36.404295],[-86.754795,36.405496],[-86.755098,36.404433],[-86.755195,36.402458],[-86.756597,36.400441],[-86.758072,36.399867],[-86.760557,36.400717],[-86.762231,36.400318],[-86.764151,36.399722],[-86.764808,36.398223],[-86.764825,36.39814],[-86.763394,36.397094],[-86.763492,36.396898],[-86.763522,36.396842],[-86.76433,36.394289],[-86.766805,36.393915],[-86.768581,36.393752],[-86.769517,36.393369],[-86.772387,36.393241],[-86.772609,36.392519],[-86.773421,36.392399],[-86.777749,36.39115],[-86.781365,36.390049],[-86.781893,36.389588],[-86.781685,36.389075],[-86.781035,36.387866],[-86.780655,36.387168],[-86.780587,36.386743],[-86.781524,36.384137],[-86.781661,36.384016],[-86.781706,36.383978],[-86.781852,36.383868],[-86.782005,36.383797],[-86.782071,36.383768],[-86.782146,36.383752],[-86.782307,36.383717],[-86.784366,36.383281],[-86.783726,36.381827],[-86.784735,36.379441],[-86.787344,36.377118],[-86.791034,36.37676],[-86.791946,36.369321],[-86.789866,36.368738],[-86.788272,36.366319],[-86.786942,36.365767],[-86.787723,36.363284],[-86.787357,36.35964],[-86.790259,36.360038],[-86.79153,36.359802],[-86.795015,36.359874],[-86.797047,36.359611],[-86.798134,36.358413],[-86.802649,36.356738],[-86.803278,36.355473],[-86.80739,36.355445],[-86.809184,36.354989],[-86.812925,36.353563],[-86.815554,36.352602],[-86.818889,36.352704],[-86.821974,36.351632],[-86.823083,36.351648],[-86.824518,36.350475],[-86.825915,36.349635],[-86.825696,36.350699],[-86.826409,36.351273],[-86.830206,36.35343],[-86.830884,36.354544],[-86.830728,36.355995],[-86.833756,36.356724],[-86.8336,36.357471],[-86.834689,36.357864],[-86.834514,36.359843],[-86.836614,36.360246],[-86.836773,36.35838],[-86.838644,36.359378],[-86.839507,36.360785],[-86.840962,36.361939],[-86.84084,36.362901],[-86.844075,36.36406],[-86.844469,36.365148],[-86.84799,36.366444],[-86.849661,36.366377],[-86.851442,36.367102],[-86.851646,36.368091],[-86.852863,36.369223],[-86.854037,36.369561],[-86.854299,36.369796],[-86.853303,36.377245],[-86.852919,36.380135],[-86.858665,36.380738],[-86.862783,36.381035],[-86.862584,36.377239],[-86.86214,36.369569],[-86.864534,36.370294],[-86.86895,36.372827],[-86.870168,36.37419],[-86.871915,36.374238],[-86.874334,36.373698],[-86.875237,36.372313],[-86.876116,36.371892],[-86.877798,36.372446],[-86.87883,36.374678],[-86.878642,36.376094],[-86.878649,36.378677],[-86.879754,36.379991],[-86.881187,36.38092],[-86.883403,36.380333],[-86.885634,36.381777],[-86.886688,36.383402],[-86.886495,36.384023],[-86.889257,36.38667],[-86.890523,36.387053],[-86.89059,36.387065],[-86.892057,36.387896],[-86.893406,36.388212],[-86.893861,36.388528],[-86.894298,36.389097],[-86.89697,36.389464],[-86.897518,36.3896],[-86.898196,36.389921],[-86.898938,36.389979],[-86.901308,36.389065],[-86.904384,36.389499],[-86.907101,36.390404],[-86.908675,36.390457],[-86.90963,36.389899],[-86.910869,36.38814],[-86.91164,36.386105],[-86.912523,36.384952],[-86.912544,36.383823],[-86.914208,36.383541],[-86.913233,36.382621],[-86.91525,36.38378],[-86.916477,36.385714],[-86.918113,36.385657],[-86.919582,36.387092],[-86.923578,36.385066],[-86.924664,36.383855],[-86.927937,36.382513],[-86.931375,36.383608],[-86.933434,36.384983],[-86.935191,36.387493],[-86.936992,36.387643],[-86.937459,36.386346],[-86.936618,36.384486],[-86.936677,36.382621],[-86.937628,36.380122],[-86.941695,36.37828],[-86.943301,36.378226],[-86.946996,36.379096],[-86.94934,36.379377],[-86.951959,36.378675],[-86.954148,36.378872],[-86.956418,36.376899],[-86.957774,36.376779],[-86.959469,36.377119],[-86.962311,36.377128],[-86.96474,36.376106],[-86.96453,36.375173],[-86.965771,36.37408],[-86.96766,36.374024],[-86.97078,36.373391],[-86.971207,36.372303],[-86.97089,36.369524],[-86.971426,36.368435],[-86.971669,36.366581],[-86.973454,36.366248],[-86.977156,36.367175],[-86.979309,36.368298],[-86.982155,36.371123],[-86.983709,36.371452],[-86.985695,36.37088],[-86.986188,36.369472],[-86.987786,36.370208],[-86.988725,36.370749],[-86.988795,36.370711],[-86.988869,36.37074],[-86.989991,36.37224],[-86.992967,36.37624],[-86.995596,36.379796],[-87.000001,36.385487],[-87.003547,36.390083],[-87.004436,36.391232],[-87.005364,36.392392],[-87.008863,36.393667],[-87.01305,36.395195],[-87.013805,36.395469],[-87.016499,36.396451],[-87.017526,36.396825],[-87.017979,36.396989],[-87.019712,36.397621],[-87.027498,36.400478],[-87.027745,36.400564],[-87.029754,36.401748],[-87.032941,36.403624],[-87.03816,36.406699],[-87.039417,36.407438],[-87.044302,36.410318],[-87.063143,36.421415],[-87.073163,36.427404],[-87.073559,36.427653],[-87.077447,36.429913],[-87.077518,36.429954],[-87.081164,36.432074],[-87.082746,36.433008],[-87.083244,36.433301],[-87.09203,36.43849],[-87.095044,36.440269],[-87.09455,36.445039],[-87.097901,36.445586],[-87.098277,36.44233],[-87.101742,36.444382],[-87.115538,36.452554],[-87.117259,36.453575],[-87.120239,36.455339],[-87.120443,36.45546],[-87.122691,36.455711],[-87.12577,36.453076],[-87.128026,36.451227],[-87.135155,36.449244],[-87.14703,36.445962],[-87.150276,36.445037],[-87.149709,36.442873],[-87.150251,36.440199],[-87.150062,36.437761],[-87.151642,36.433364],[-87.151455,36.430912],[-87.151762,36.429682],[-87.152239,36.426977],[-87.1517,36.425453],[-87.15082,36.423963],[-87.148602,36.422773],[-87.148425,36.422986],[-87.142496,36.418663],[-87.139242,36.417255],[-87.135296,36.414098],[-87.133823,36.413489],[-87.133899,36.412928],[-87.134118,36.411951],[-87.137504,36.408787],[-87.138058,36.407984],[-87.14186,36.404997],[-87.142191,36.404257],[-87.142954,36.396751],[-87.143462,36.392567],[-87.143391,36.39105],[-87.141556,36.389982],[-87.141462,36.389897],[-87.136557,36.390726],[-87.13442,36.391524],[-87.132387,36.391468],[-87.129214,36.39275],[-87.126033,36.393157],[-87.123715,36.390039],[-87.122283,36.387493],[-87.121056,36.386215],[-87.120781,36.382931],[-87.120308,36.382385],[-87.118709,36.380808],[-87.116573,36.37612],[-87.116563,36.37605],[-87.116973,36.3734],[-87.117457,36.372609],[-87.119304,36.369686],[-87.118347,36.367651],[-87.117959,36.365856],[-87.118491,36.363874],[-87.118545,36.363297],[-87.118702,36.363158],[-87.118743,36.363123],[-87.118845,36.36302],[-87.11888,36.362985],[-87.119129,36.3627],[-87.119268,36.362543],[-87.121572,36.360601],[-87.121965,36.3582],[-87.119727,36.355874],[-87.11966,36.355688],[-87.120907,36.353576],[-87.119886,36.348595],[-87.120793,36.345552],[-87.119812,36.345342],[-87.118402,36.345066],[-87.114167,36.345504],[-87.11243,36.344781],[-87.107817,36.344441],[-87.106575,36.343703],[-87.10636,36.340886],[-87.107531,36.339788],[-87.107103,36.338191],[-87.106998,36.335279],[-87.106489,36.334387],[-87.105524,36.334429],[-87.102462,36.335606],[-87.101175,36.335796],[-87.098953,36.334852],[-87.097843,36.333928],[-87.096394,36.331554],[-87.095564,36.328623],[-87.093128,36.326809],[-87.092935,36.32445],[-87.093011,36.324275],[-87.093297,36.324827],[-87.093461,36.32651],[-87.093628,36.326882],[-87.094211,36.327346],[-87.09473,36.327535],[-87.095265,36.327628],[-87.095593,36.327553],[-87.095841,36.327421],[-87.095929,36.327046],[-87.095778,36.326802],[-87.095587,36.32637],[-87.095587,36.32623],[-87.096107,36.326191],[-87.096418,36.326268],[-87.09669,36.326396],[-87.096977,36.326652],[-87.097376,36.326805],[-87.098255,36.326839],[-87.099151,36.326673],[-87.101795,36.326865],[-87.102011,36.32687],[-87.102691,36.326811],[-87.103266,36.326952],[-87.103825,36.327105],[-87.104056,36.327133],[-87.10428,36.32703],[-87.104745,36.326388],[-87.105956,36.324224],[-87.107199,36.321957],[-87.107408,36.321298],[-87.107761,36.320632],[-87.109002,36.319471],[-87.109778,36.318957],[-87.110042,36.318654],[-87.111437,36.316583],[-87.112582,36.315263],[-87.113198,36.314677],[-87.113711,36.314266],[-87.113775,36.313998],[-87.11372,36.313711],[-87.11352,36.31353],[-87.113289,36.313454],[-87.113601,36.313283],[-87.114225,36.312813],[-87.115665,36.311904],[-87.11696,36.311447],[-87.118321,36.311054],[-87.119616,36.310793],[-87.119829,36.310807],[-87.121829,36.311006],[-87.126055,36.312187],[-87.128117,36.314065],[-87.130791,36.314308],[-87.13185,36.313844],[-87.131937,36.310022],[-87.13118,36.307573],[-87.129568,36.305605],[-87.12847,36.302993],[-87.127944,36.301442],[-87.127806,36.300821],[-87.128144,36.3006],[-87.128707,36.300639],[-87.129375,36.300955],[-87.129947,36.301385],[-87.131022,36.302022],[-87.131508,36.302182],[-87.132222,36.30223],[-87.132893,36.302109],[-87.133112,36.301659],[-87.132883,36.301071],[-87.132296,36.300268],[-87.132067,36.299681],[-87.132164,36.298938],[-87.132457,36.297711],[-87.128305,36.297292],[-87.121667,36.296753],[-87.117973,36.296308],[-87.115239,36.295522],[-87.111486,36.293556],[-87.102487,36.288032],[-87.096367,36.285133],[-87.092179,36.283413],[-87.086495,36.281749],[-87.084812,36.281129],[-87.082772,36.279985],[-87.08097,36.278755],[-87.079831,36.27751],[-87.07812,36.274923],[-87.076418,36.270693],[-87.075819,36.2692],[-87.075875,36.26913],[-87.073299,36.26015],[-87.070731,36.256206],[-87.069267,36.254814],[-87.067835,36.253442],[-87.066883,36.252382],[-87.065355,36.25151],[-87.063547,36.250542],[-87.062835,36.250058],[-87.060035,36.248954],[-87.059026,36.248626],[-87.058502,36.248448],[-87.057226,36.247671],[-87.055485,36.246619],[-87.05166,36.244572],[-87.049743,36.243685],[-87.048526,36.243253],[-87.046386,36.242515],[-87.042114,36.240311],[-87.039514,36.239027],[-87.038418,36.238343],[-87.036856,36.237102],[-87.036945,36.236209],[-87.037024,36.234065],[-87.036841,36.233751],[-87.034985,36.232666],[-87.034684,36.232013],[-87.034815,36.231621],[-87.035155,36.231294],[-87.0342,36.230836],[-87.033679,36.2305],[-87.033194,36.229817],[-87.033274,36.229665],[-87.033878,36.229644],[-87.034344,36.229397],[-87.034314,36.228743],[-87.034632,36.228406],[-87.035742,36.228364],[-87.03589,36.22791],[-87.035543,36.227627],[-87.036649,36.225935],[-87.0369,36.226007],[-87.042939,36.227743],[-87.04518,36.228007],[-87.047452,36.228724],[-87.047696,36.226075],[-87.048297,36.221907],[-87.048785,36.218679],[-87.046979,36.215408],[-87.04738,36.215072],[-87.048007,36.212295],[-87.048113,36.211741],[-87.048777,36.210729],[-87.049747,36.210169],[-87.051627,36.212155],[-87.054108,36.212867],[-87.055162,36.21392],[-87.058416,36.212137],[-87.06064,36.212307],[-87.062997,36.21134],[-87.06616,36.210854],[-87.067538,36.211355],[-87.069709,36.211025],[-87.070504,36.211341],[-87.072445,36.214322],[-87.076348,36.213511],[-87.0774,36.212992],[-87.081297,36.21314],[-87.083539,36.212037],[-87.085329,36.212308],[-87.089662,36.210342],[-87.089279,36.209095],[-87.090279,36.208589],[-87.092804,36.209089],[-87.096046,36.208054],[-87.097702,36.206336],[-87.09925,36.202871],[-87.100963,36.202734],[-87.100751,36.201561],[-87.101416,36.199768],[-87.099762,36.198814],[-87.098485,36.197048],[-87.09782,36.194122],[-87.098979,36.192075],[-87.101447,36.190347],[-87.101595,36.189814],[-87.100354,36.188274],[-87.098764,36.187755],[-87.096705,36.18847],[-87.092417,36.1873],[-87.090865,36.186371],[-87.090877,36.185512],[-87.092041,36.18436],[-87.091871,36.183474],[-87.090107,36.181582],[-87.085493,36.179683],[-87.081461,36.181039],[-87.076913,36.180359],[-87.073953,36.177075],[-87.073796,36.176434],[-87.074928,36.174947],[-87.075416,36.173047],[-87.077289,36.171781],[-87.076917,36.170856],[-87.0748,36.170662],[-87.07396,36.169572],[-87.074167,36.16744],[-87.07286,36.167399],[-87.071087,36.166075],[-87.071022,36.164682],[-87.072026,36.162455],[-87.069408,36.157576],[-87.067254,36.157672],[-87.065824,36.156557],[-87.067259,36.155457],[-87.067623,36.15456],[-87.065857,36.152582],[-87.066212,36.149416],[-87.065884,36.148354],[-87.063929,36.145894],[-87.061221,36.146502],[-87.060581,36.145841],[-87.057968,36.144907],[-87.056233,36.145977],[-87.054674,36.146025],[-87.053246,36.144758],[-87.051778,36.144587],[-87.051412,36.142852],[-87.051663,36.14105],[-87.053723,36.137835],[-87.056555,36.135823],[-87.057226,36.135823],[-87.059868,36.134532],[-87.061473,36.134912],[-87.061506,36.134887],[-87.061734,36.134697],[-87.061919,36.134565],[-87.062128,36.134459],[-87.062236,36.134421],[-87.062502,36.134362],[-87.062983,36.134191],[-87.063756,36.133716],[-87.064012,36.133564],[-87.064155,36.133522],[-87.064262,36.133501],[-87.064539,36.133481],[-87.065332,36.13347],[-87.065466,36.133452],[-87.067687,36.131899],[-87.070526,36.131509],[-87.072673,36.128552],[-87.075335,36.128271],[-87.077991,36.125402],[-87.079041,36.125116],[-87.082617,36.125138],[-87.084027,36.124795],[-87.086621,36.122899],[-87.089513,36.122909],[-87.092798,36.122381],[-87.095305,36.12277],[-87.096552,36.124139],[-87.098027,36.124322],[-87.099084,36.124193],[-87.099119,36.123573],[-87.098238,36.123415],[-87.096829,36.122825],[-87.094979,36.121111],[-87.094547,36.120215],[-87.094827,36.117072],[-87.094777,36.115859],[-87.093843,36.114111],[-87.092848,36.113347],[-87.09028,36.113299],[-87.087851,36.11437],[-87.083449,36.114605],[-87.07853,36.114056],[-87.075254,36.112811],[-87.074389,36.111062],[-87.076824,36.111507],[-87.076302,36.110378],[-87.074444,36.108413],[-87.073984,36.107024],[-87.073252,36.105125],[-87.073152,36.101386],[-87.074439,36.1002],[-87.077372,36.098958],[-87.079316,36.097658],[-87.080638,36.096056],[-87.081469,36.093232],[-87.082621,36.091843],[-87.087181,36.089125],[-87.090388,36.086324],[-87.089974,36.085031],[-87.089866,36.084806],[-87.088315,36.081799],[-87.086708,36.080962],[-87.082691,36.082177],[-87.081747,36.081118],[-87.080567,36.077179],[-87.082544,36.077107],[-87.084756,36.076312],[-87.086507,36.077669],[-87.088452,36.078397],[-87.091518,36.077713],[-87.093372,36.0776],[-87.094391,36.076931],[-87.096497,36.075298],[-87.098779,36.074352],[-87.101602,36.072323],[-87.103495,36.071638],[-87.106607,36.071921],[-87.106856,36.071967],[-87.10733,36.072066],[-87.110428,36.071842],[-87.111687,36.070944],[-87.112,36.07074],[-87.114646,36.070797],[-87.115837,36.070339],[-87.117645,36.068871],[-87.120225,36.068889],[-87.123321,36.06711],[-87.123718,36.06631],[-87.12585,36.065447],[-87.126392,36.064451],[-87.129005,36.063297],[-87.129084,36.062416],[-87.127921,36.061016],[-87.125917,36.060369],[-87.124256,36.060287],[-87.123705,36.05966],[-87.124191,36.056571],[-87.123789,36.055209],[-87.124417,36.0535],[-87.123965,36.050667],[-87.126243,36.049774],[-87.126432,36.049225],[-87.125225,36.047873],[-87.127299,36.046814],[-87.123798,36.046352],[-87.122549,36.047596],[-87.120742,36.047894],[-87.117595,36.049044],[-87.116045,36.048078],[-87.114475,36.048276],[-87.112162,36.050283],[-87.110186,36.050515],[-87.108751,36.051142],[-87.106788,36.050934],[-87.106375,36.05083],[-87.105502,36.051011],[-87.104914,36.051226],[-87.104257,36.051831],[-87.104082,36.052133],[-87.103852,36.053018],[-87.103852,36.053754],[-87.104022,36.054364],[-87.104801,36.055881],[-87.10482,36.056818],[-87.104692,36.056894],[-87.102885,36.053787],[-87.10278,36.05235],[-87.103654,36.051304],[-87.102923,36.050022],[-87.104155,36.04757],[-87.106124,36.045167],[-87.092814,36.044249],[-87.084916,36.043805],[-87.084008,36.043874],[-87.077616,36.044083],[-87.071066,36.044307],[-87.066897,36.044499],[-87.053722,36.045582],[-87.051917,36.038439],[-87.048335,36.024842],[-87.045351,36.012597],[-87.042946,36.002727],[-87.04155,35.997062],[-87.040749,35.993825],[-87.040288,35.991944],[-87.039386,35.989242],[-87.039223,35.989286],[-87.03197,35.989752],[-87.028336,35.989857],[-87.026471,35.991078],[-87.024785,35.992078],[-87.023023,35.993202],[-87.022766,35.993368],[-87.018781,35.995913],[-87.016437,35.997617],[-87.016082,35.997874],[-87.00728,36.003433],[-87.001496,36.007057],[-86.987551,36.015781],[-86.980605,36.020184],[-86.97964,36.020799],[-86.976824,36.02258],[-86.974663,36.023965],[-86.968487,36.027906],[-86.962984,36.031386],[-86.953413,36.037347],[-86.951924,36.038287],[-86.951472,36.038555],[-86.94876,36.040284],[-86.947362,36.041178],[-86.947012,36.0414],[-86.946907,36.041468],[-86.946823,36.041523],[-86.946786,36.041547],[-86.946675,36.041619],[-86.946639,36.041644],[-86.946608,36.041664],[-86.946517,36.041724],[-86.946487,36.041745],[-86.946388,36.0418],[-86.946035,36.042024],[-86.943581,36.043578],[-86.939161,36.046332],[-86.936415,36.048156],[-86.928861,36.052942],[-86.928602,36.052909],[-86.926473,36.052638],[-86.921686,36.052023],[-86.919745,36.051774],[-86.919116,36.051693],[-86.91684,36.051403],[-86.908797,36.050398],[-86.903024,36.04969],[-86.896719,36.04892],[-86.893385,36.048515],[-86.885613,36.047526],[-86.88458,36.047389],[-86.883805,36.047286],[-86.882165,36.04707],[-86.872219,36.045769],[-86.864761,36.044896],[-86.862739,36.047308],[-86.860576,36.049893],[-86.858298,36.052774],[-86.853089,36.059373],[-86.849261,36.062764],[-86.847838,36.06402],[-86.844118,36.068079],[-86.842834,36.069778],[-86.838548,36.076987],[-86.837927,36.077802],[-86.837028,36.078775],[-86.8361,36.07972],[-86.834006,36.082447],[-86.833569,36.083703],[-86.832969,36.085306],[-86.830538,36.088695],[-86.828508,36.091363],[-86.823755,36.090895],[-86.820019,36.090894],[-86.818748,36.090821],[-86.819284,36.086445],[-86.819013,36.085258],[-86.819436,36.083614],[-86.820667,36.083705],[-86.821393,36.079707],[-86.820229,36.079508],[-86.8169,36.078307],[-86.814688,36.078157],[-86.812537,36.078779],[-86.811076,36.080816],[-86.80895,36.081002],[-86.807813,36.08088],[-86.807171,36.080825],[-86.806481,36.080762],[-86.805436,36.080656],[-86.805219,36.082078],[-86.804963,36.083692],[-86.803041,36.083462],[-86.802647,36.083413],[-86.801492,36.084851],[-86.798619,36.084587],[-86.79866,36.08372],[-86.796757,36.083461],[-86.795277,36.083046],[-86.793917,36.084375],[-86.791456,36.084108],[-86.791305,36.085636],[-86.791228,36.086365],[-86.790999,36.088326],[-86.787719,36.088232],[-86.782742,36.087997],[-86.77941,36.08705],[-86.777875,36.086935],[-86.773724,36.08669],[-86.771967,36.086579],[-86.770306,36.086329],[-86.76848,36.085102],[-86.766645,36.083126],[-86.765969,36.082884],[-86.763974,36.082549],[-86.764771,36.079745],[-86.766408,36.077597],[-86.764692,36.07937],[-86.768615,36.074484],[-86.76883,36.074553],[-86.769075,36.074055],[-86.768796,36.074102],[-86.769233,36.07282],[-86.770837,36.066098],[-86.770063,36.066024],[-86.769276,36.065932],[-86.768752,36.065898],[-86.768099,36.065854],[-86.765695,36.065668],[-86.763661,36.065475],[-86.761873,36.065332],[-86.75924,36.065234],[-86.759379,36.066864],[-86.759306,36.068252],[-86.758717,36.070045],[-86.75879,36.071716],[-86.759141,36.073391],[-86.75921,36.074757],[-86.754844,36.074706],[-86.750567,36.074575],[-86.750366,36.073706],[-86.749755,36.072711],[-86.749012,36.071849],[-86.747509,36.07076],[-86.746264,36.069291],[-86.747273,36.067623],[-86.749366,36.067046],[-86.749622,36.065419],[-86.749379,36.064654],[-86.74914,36.06346],[-86.75116,36.062936],[-86.750018,36.061648],[-86.749805,36.060626],[-86.750307,36.059062],[-86.751157,36.059277],[-86.752822,36.059391],[-86.753392,36.05615],[-86.753418,36.055074],[-86.756233,36.054619],[-86.756124,36.053472],[-86.755499,36.051668],[-86.751863,36.05221],[-86.751631,36.051664],[-86.749996,36.052683],[-86.747107,36.052696],[-86.745407,36.053269],[-86.745122,36.053478],[-86.745024,36.052442],[-86.743094,36.052207],[-86.74266,36.0551],[-86.739405,36.053895],[-86.737537,36.053328],[-86.736015,36.053786],[-86.734367,36.055236],[-86.733709,36.055225],[-86.733284,36.055193],[-86.731919,36.055091],[-86.732031,36.053248],[-86.732011,36.051989],[-86.732011,36.051905],[-86.731266,36.049384],[-86.727974,36.048083],[-86.727775,36.047253],[-86.725064,36.046678],[-86.7225,36.046922],[-86.722607,36.04564],[-86.720854,36.045728],[-86.719713,36.045601],[-86.718356,36.045424],[-86.717042,36.045262],[-86.714796,36.045221],[-86.713262,36.045369],[-86.71313,36.044247],[-86.713057,36.043535],[-86.712945,36.04245],[-86.712767,36.040199],[-86.713335,36.035577],[-86.712982,36.033528],[-86.712551,36.030514],[-86.712571,36.028733],[-86.712856,36.026807],[-86.713049,36.02547],[-86.712832,36.023943],[-86.711388,36.021346],[-86.70833,36.018357],[-86.705666,36.015382],[-86.703832,36.012716],[-86.703608,36.012382],[-86.701689,36.009526],[-86.701509,36.009178],[-86.70082,36.007596],[-86.699795,36.00513],[-86.698031,36.003466],[-86.6958,36.001501],[-86.693509,35.999496],[-86.689924,35.996856],[-86.68786,35.995441],[-86.687714,35.995343],[-86.687394,35.995104],[-86.687305,35.995037],[-86.6872,35.994962],[-86.686735,35.994608],[-86.686455,35.994363],[-86.686347,35.994269],[-86.686164,35.994092],[-86.684785,35.992599],[-86.683475,35.991177],[-86.681889,35.989399],[-86.6761,35.987158],[-86.675519,35.986933],[-86.673863,35.986292],[-86.669453,35.984592],[-86.666792,35.983565],[-86.664852,35.982816],[-86.664248,35.982583],[-86.656189,35.979472],[-86.654285,35.978736],[-86.648288,35.976422],[-86.648288,35.975573],[-86.645887,35.975359],[-86.632912,35.974401],[-86.627397,35.974027],[-86.627695,35.972128],[-86.6186,35.971336],[-86.618892,35.968224],[-86.614415,35.967785],[-86.613688,35.972391],[-86.613646,35.975552],[-86.610425,35.975468],[-86.609595,35.979822],[-86.607995,35.979772],[-86.607743,35.981573],[-86.607547,35.983784],[-86.607225,35.985472],[-86.610086,35.985755],[-86.610007,35.987902],[-86.609591,35.990926],[-86.615588,35.991624],[-86.612734,36.007273],[-86.612691,36.007523],[-86.612335,36.009994],[-86.608489,36.010471],[-86.606891,36.010682],[-86.605822,36.010187],[-86.601888,36.011397],[-86.6015,36.011552],[-86.600134,36.012283],[-86.597931,36.014869],[-86.594983,36.019316],[-86.594119,36.020261],[-86.592052,36.021866],[-86.591529,36.022599],[-86.591618,36.024129],[-86.590335,36.024029],[-86.587499,36.025548],[-86.586415,36.024598],[-86.586289,36.024693],[-86.584383,36.025515],[-86.581606,36.025573],[-86.578982,36.025571],[-86.57755,36.026688],[-86.574974,36.028671],[-86.572207,36.030152],[-86.571221,36.030803],[-86.569495,36.032803],[-86.567119,36.033521],[-86.567207,36.034496],[-86.562427,36.035323],[-86.561608,36.037543],[-86.560947,36.038218],[-86.560677,36.039845],[-86.565363,36.046306],[-86.566379,36.048762],[-86.565485,36.05085],[-86.565042,36.051885],[-86.562073,36.054214],[-86.561439,36.057662],[-86.561793,36.058282],[-86.56387,36.061917],[-86.564292,36.063579],[-86.562525,36.063921],[-86.562275,36.065163],[-86.563197,36.066172],[-86.561685,36.068418],[-86.561685,36.06742],[-86.55739,36.065718],[-86.550486,36.065322],[-86.546487,36.06652],[-86.54609,36.077518],[-86.548486,36.080218],[-86.54899,36.085916],[-86.546884,36.087817],[-86.545091,36.086618],[-86.540689,36.077619],[-86.538988,36.076621],[-86.529489,36.077521],[-86.52749,36.07402],[-86.532884,36.060019],[-86.530786,36.05762],[-86.529327,36.057156],[-86.528588,36.056921],[-86.525689,36.057318],[-86.524384,36.059021],[-86.524988,36.068918],[-86.523286,36.071021],[-86.521083,36.072395],[-86.520823,36.072973],[-86.520444,36.075892],[-86.520215,36.077648],[-86.519512,36.083063],[-86.519363,36.084194],[-86.517597,36.084081],[-86.516886,36.089272],[-86.515589,36.10061],[-86.512171,36.098306],[-86.510366,36.097077],[-86.502285,36.091754],[-86.492966,36.086031],[-86.478663,36.076517],[-86.476778,36.075255],[-86.472,36.072079],[-86.471848,36.072515],[-86.469118,36.072157],[-86.469293,36.070865],[-86.463125,36.070244],[-86.463496,36.068676],[-86.452016,36.062697],[-86.452081,36.06256],[-86.442217,36.057074],[-86.437304,36.054036],[-86.43828,36.051776],[-86.439792,36.051408],[-86.43628,36.05082],[-86.435008,36.049888],[-86.433592,36.04966],[-86.432544,36.051016],[-86.43103,36.050066],[-86.43076,36.049897],[-86.430403,36.049673],[-86.427097,36.047608],[-86.426729,36.047403],[-86.418092,36.041961],[-86.417277,36.04156],[-86.41794,36.043103],[-86.417499,36.047346],[-86.417817,36.050406],[-86.418459,36.053042],[-86.422181,36.054391],[-86.423398,36.059325],[-86.422249,36.065026],[-86.422997,36.067123],[-86.422962,36.070017],[-86.422454,36.073901],[-86.421609,36.074538],[-86.420412,36.076906],[-86.420389,36.078329],[-86.417035,36.077886],[-86.413684,36.078701],[-86.408637,36.079566],[-86.405195,36.080126],[-86.403295,36.081393],[-86.401466,36.083558],[-86.400788,36.086087],[-86.399137,36.08723],[-86.392843,36.087895],[-86.389864,36.088807],[-86.385173,36.089718],[-86.379132,36.089439],[-86.377533,36.089706],[-86.373911,36.092038],[-86.371345,36.093192],[-86.364944,36.09572],[-86.363547,36.095731],[-86.360866,36.094844],[-86.359279,36.094745],[-86.357016,36.095467],[-86.350213,36.095975],[-86.346422,36.094966],[-86.343059,36.094536],[-86.335633,36.093912],[-86.333479,36.097816],[-86.331307,36.102075]]],[[[-86.709697,36.333606],[-86.709508,36.333571],[-86.709076,36.333626],[-86.70877,36.333719],[-86.708498,36.33384],[-86.708145,36.333961],[-86.707962,36.333972],[-86.707819,36.333873],[-86.70752,36.333461],[-86.707235,36.332994],[-86.707208,36.332642],[-86.707228,36.332329],[-86.707323,36.331999],[-86.707493,36.331774],[-86.707567,36.33162],[-86.707533,36.33134],[-86.707255,36.330823],[-86.707119,36.330631],[-86.706983,36.330213],[-86.706759,36.329746],[-86.706643,36.329411],[-86.70631,36.329136],[-86.706011,36.329004],[-86.704897,36.328779],[-86.704687,36.328658],[-86.704501,36.328447],[-86.704177,36.327977],[-86.703939,36.327752],[-86.703559,36.327449],[-86.703328,36.327307],[-86.703036,36.327213],[-86.702782,36.327189],[-86.702376,36.327243],[-86.701898,36.327411],[-86.70152,36.32762],[-86.701134,36.327806],[-86.700499,36.328058],[-86.700214,36.328108],[-86.699669,36.327924],[-86.699304,36.327723],[-86.699271,36.327749],[-86.699679,36.327981],[-86.700081,36.328129],[-86.700404,36.328129],[-86.700991,36.327963],[-86.701359,36.327778],[-86.701695,36.327542],[-86.701889,36.3275],[-86.70229,36.327668],[-86.702728,36.327642],[-86.703062,36.327775],[-86.704123,36.328651],[-86.704318,36.328955],[-86.70665,36.330547],[-86.70706,36.333519],[-86.708041,36.334165],[-86.709443,36.33384],[-86.709749,36.33373],[-86.709697,36.333606]]]]}},{"type":"Feature","properties":{"id":6,"NAME":"47108112006","TotalPop":939457,"PopDevPct":0.22345663,"DemPct":0.2882639,"RepPct":0.69972393,"WhitePct":0.77977451,"MinorityPct":0.22022549,"BlackPct":0.09941546,"HispanicPct":0.07138648,"PacificPct":0.00137548,"AsianPct":0.02371404,"NativePct":0.02455049,"TotalVAP":716116,"Margin":-0.2117361,"color":"#005eff","opacity":"0.5"},"geometry":{"type":"MultiPolygon","coordinates":[[[[-86.174463,36.327865],[-86.175586,36.324574],[-86.176044,36.32096],[-86.178773,36.316319],[-86.178807,36.316274],[-86.179641,36.315118],[-86.185141,36.308937],[-86.189316,36.30646],[-86.19162,36.30701],[-86.191979,36.305016],[-86.195188,36.302536],[-86.196277,36.300641],[-86.197687,36.29721],[-86.199132,36.29506],[-86.203876,36.29105],[-86.206853,36.289319],[-86.209144,36.288326],[-86.213935,36.286235],[-86.216356,36.284641],[-86.223452,36.277862],[-86.225348,36.276046],[-86.227874,36.274155],[-86.2362,36.26818],[-86.238015,36.266482],[-86.236626,36.265981],[-86.236813,36.264832],[-86.237204,36.262431],[-86.237855,36.261686],[-86.239242,36.261726],[-86.24067,36.260986],[-86.242121,36.258146],[-86.244213,36.255261],[-86.246575,36.252878],[-86.24901,36.250448],[-86.256317,36.243714],[-86.259473,36.24085],[-86.263953,36.23723],[-86.265784,36.233704],[-86.267542,36.233925],[-86.269757,36.232525],[-86.270241,36.231179],[-86.270808,36.230933],[-86.273019,36.2317],[-86.274559,36.231728],[-86.276859,36.230871],[-86.279111,36.230487],[-86.283337,36.231175],[-86.284795,36.231819],[-86.285006,36.232725],[-86.287555,36.233418],[-86.289426,36.234674],[-86.289053,36.240428],[-86.288949,36.24173],[-86.288853,36.243231],[-86.288718,36.247984],[-86.288814,36.246527],[-86.289831,36.24656],[-86.290644,36.247393],[-86.295137,36.246876],[-86.295448,36.247715],[-86.296886,36.247748],[-86.298206,36.247881],[-86.300165,36.248135],[-86.300737,36.243127],[-86.301002,36.240958],[-86.302912,36.24201],[-86.303962,36.241715],[-86.305266,36.241533],[-86.310171,36.241687],[-86.31209,36.244259],[-86.314241,36.24577],[-86.314323,36.247004],[-86.314355,36.246543],[-86.314363,36.24643],[-86.314464,36.244046],[-86.313669,36.240576],[-86.31349,36.240147],[-86.313335,36.239809],[-86.311674,36.23617],[-86.311624,36.236032],[-86.311588,36.235931],[-86.310815,36.233778],[-86.310233,36.231935],[-86.308855,36.226963],[-86.307923,36.224325],[-86.307056,36.223762],[-86.304757,36.223918],[-86.302213,36.222815],[-86.298447,36.219333],[-86.294981,36.217686],[-86.293896,36.21728],[-86.293724,36.217216],[-86.294016,36.21522],[-86.294149,36.214208],[-86.294358,36.21286],[-86.293204,36.212735],[-86.291779,36.212577],[-86.290388,36.212422],[-86.288977,36.212271],[-86.289266,36.210621],[-86.289565,36.208933],[-86.289736,36.207853],[-86.290751,36.207936],[-86.29115,36.207695],[-86.291269,36.206854],[-86.291568,36.204938],[-86.291761,36.20342],[-86.291848,36.202758],[-86.292208,36.200079],[-86.292583,36.197223],[-86.292656,36.196964],[-86.29271,36.196776],[-86.293393,36.194462],[-86.295874,36.18903],[-86.295991,36.18906],[-86.297733,36.189188],[-86.300269,36.189926],[-86.301352,36.190595],[-86.301478,36.190665],[-86.301628,36.190748],[-86.301867,36.190861],[-86.301999,36.190923],[-86.303179,36.188773],[-86.304014,36.186812],[-86.304456,36.185731],[-86.304645,36.185261],[-86.304829,36.184807],[-86.305095,36.18416],[-86.30579,36.18254],[-86.324368,36.183048],[-86.319822,36.182693],[-86.326089,36.182867],[-86.326075,36.180209],[-86.327402,36.180295],[-86.328396,36.18047],[-86.32865,36.180441],[-86.333352,36.179814],[-86.336329,36.177772],[-86.336425,36.177709],[-86.336939,36.173795],[-86.333219,36.173531],[-86.333044,36.172946],[-86.330837,36.172752],[-86.329788,36.173178],[-86.327818,36.173092],[-86.321341,36.172374],[-86.314851,36.171616],[-86.310434,36.171419],[-86.310705,36.17073],[-86.31158,36.168678],[-86.312113,36.167525],[-86.305477,36.16682],[-86.305342,36.166804],[-86.305161,36.166781],[-86.306585,36.163341],[-86.309419,36.155938],[-86.309571,36.155976],[-86.309159,36.157042],[-86.309298,36.157055],[-86.309592,36.156347],[-86.31157,36.155274],[-86.312966,36.154933],[-86.312506,36.153092],[-86.312844,36.152295],[-86.314091,36.152158],[-86.315869,36.150812],[-86.319484,36.151226],[-86.320097,36.146895],[-86.320767,36.145582],[-86.321566,36.139577],[-86.321926,36.135397],[-86.321978,36.133639],[-86.321158,36.132523],[-86.321338,36.131608],[-86.321994,36.129002],[-86.323455,36.125175],[-86.323698,36.124543],[-86.323987,36.123791],[-86.325059,36.120999],[-86.329088,36.11025],[-86.33075,36.104059],[-86.331307,36.102075],[-86.333479,36.097816],[-86.335633,36.093912],[-86.343059,36.094536],[-86.346422,36.094966],[-86.350213,36.095975],[-86.357016,36.095467],[-86.359279,36.094745],[-86.360866,36.094844],[-86.363547,36.095731],[-86.364944,36.09572],[-86.371345,36.093192],[-86.373911,36.092038],[-86.377533,36.089706],[-86.379132,36.089439],[-86.385173,36.089718],[-86.389864,36.088807],[-86.392843,36.087895],[-86.399137,36.08723],[-86.400788,36.086087],[-86.401466,36.083558],[-86.403295,36.081393],[-86.405195,36.080126],[-86.408637,36.079566],[-86.413684,36.078701],[-86.417035,36.077886],[-86.420389,36.078329],[-86.420412,36.076906],[-86.421609,36.074538],[-86.422454,36.073901],[-86.422962,36.070017],[-86.422997,36.067123],[-86.422249,36.065026],[-86.423398,36.059325],[-86.422181,36.054391],[-86.418459,36.053042],[-86.417817,36.050406],[-86.417499,36.047346],[-86.41794,36.043103],[-86.417277,36.04156],[-86.418092,36.041961],[-86.426729,36.047403],[-86.427097,36.047608],[-86.430403,36.049673],[-86.43076,36.049897],[-86.43103,36.050066],[-86.432544,36.051016],[-86.433592,36.04966],[-86.435008,36.049888],[-86.43628,36.05082],[-86.439792,36.051408],[-86.43828,36.051776],[-86.437304,36.054036],[-86.442217,36.057074],[-86.452081,36.06256],[-86.452016,36.062697],[-86.463496,36.068676],[-86.463125,36.070244],[-86.469293,36.070865],[-86.469118,36.072157],[-86.471848,36.072515],[-86.472,36.072079],[-86.476778,36.075255],[-86.478663,36.076517],[-86.492966,36.086031],[-86.502285,36.091754],[-86.510366,36.097077],[-86.512171,36.098306],[-86.515589,36.10061],[-86.516886,36.089272],[-86.517597,36.084081],[-86.519363,36.084194],[-86.519512,36.083063],[-86.520215,36.077648],[-86.520444,36.075892],[-86.520823,36.072973],[-86.521083,36.072395],[-86.523286,36.071021],[-86.524988,36.068918],[-86.524384,36.059021],[-86.525689,36.057318],[-86.528588,36.056921],[-86.529327,36.057156],[-86.530786,36.05762],[-86.532884,36.060019],[-86.52749,36.07402],[-86.529489,36.077521],[-86.538988,36.076621],[-86.540689,36.077619],[-86.545091,36.086618],[-86.546884,36.087817],[-86.54899,36.085916],[-86.548486,36.080218],[-86.54609,36.077518],[-86.546487,36.06652],[-86.550486,36.065322],[-86.55739,36.065718],[-86.561685,36.06742],[-86.561685,36.068418],[-86.563197,36.066172],[-86.562275,36.065163],[-86.562525,36.063921],[-86.564292,36.063579],[-86.56387,36.061917],[-86.561793,36.058282],[-86.561439,36.057662],[-86.562073,36.054214],[-86.565042,36.051885],[-86.565485,36.05085],[-86.566379,36.048762],[-86.565363,36.046306],[-86.560677,36.039845],[-86.560947,36.038218],[-86.561608,36.037543],[-86.562427,36.035323],[-86.567207,36.034496],[-86.567119,36.033521],[-86.569495,36.032803],[-86.571221,36.030803],[-86.572207,36.030152],[-86.574974,36.028671],[-86.57755,36.026688],[-86.578982,36.025571],[-86.581606,36.025573],[-86.584383,36.025515],[-86.586289,36.024693],[-86.586415,36.024598],[-86.587499,36.025548],[-86.590335,36.024029],[-86.591618,36.024129],[-86.591529,36.022599],[-86.592052,36.021866],[-86.594119,36.020261],[-86.594983,36.019316],[-86.597931,36.014869],[-86.600134,36.012283],[-86.6015,36.011552],[-86.601888,36.011397],[-86.605822,36.010187],[-86.606891,36.010682],[-86.608489,36.010471],[-86.612335,36.009994],[-86.612691,36.007523],[-86.612734,36.007273],[-86.615588,35.991624],[-86.609591,35.990926],[-86.610007,35.987902],[-86.610086,35.985755],[-86.607225,35.985472],[-86.607547,35.983784],[-86.607743,35.981573],[-86.607995,35.979772],[-86.609595,35.979822],[-86.610425,35.975468],[-86.613646,35.975552],[-86.613688,35.972391],[-86.614415,35.967785],[-86.618892,35.968224],[-86.618899,35.968141],[-86.618928,35.967712],[-86.621783,35.968145],[-86.625036,35.966706],[-86.62401,35.964492],[-86.622003,35.964058],[-86.622363,35.958019],[-86.623629,35.95805],[-86.624585,35.958169],[-86.625086,35.954631],[-86.624804,35.954044],[-86.624984,35.953923],[-86.623788,35.952701],[-86.621683,35.950552],[-86.614985,35.943708],[-86.616395,35.940263],[-86.624995,35.920343],[-86.626978,35.915135],[-86.626216,35.913181],[-86.62791,35.910961],[-86.627338,35.909018],[-86.62544,35.906411],[-86.61763,35.899864],[-86.616933,35.896957],[-86.615132,35.88944],[-86.613771,35.883756],[-86.615513,35.882778],[-86.619588,35.883715],[-86.621372,35.882569],[-86.618556,35.871339],[-86.617315,35.870223],[-86.617296,35.868812],[-86.618032,35.867913],[-86.617427,35.864132],[-86.616781,35.863666],[-86.615597,35.862343],[-86.612675,35.861088],[-86.61208,35.859906],[-86.60617,35.858975],[-86.607099,35.855828],[-86.605648,35.855156],[-86.605294,35.854993],[-86.605079,35.85418],[-86.600428,35.853185],[-86.600221,35.851519],[-86.600032,35.849994],[-86.601457,35.848891],[-86.601026,35.84514],[-86.60162,35.844535],[-86.601506,35.841498],[-86.602582,35.840246],[-86.603221,35.84014],[-86.60343,35.838704],[-86.616383,35.838795],[-86.617335,35.831287],[-86.625534,35.832249],[-86.626018,35.826738],[-86.613506,35.824671],[-86.611816,35.824558],[-86.612707,35.819215],[-86.612245,35.817448],[-86.612951,35.813515],[-86.61387,35.813486],[-86.61691,35.813484],[-86.617033,35.816227],[-86.618691,35.816156],[-86.618748,35.815551],[-86.620919,35.815445],[-86.621684,35.816297],[-86.623291,35.815735],[-86.623826,35.812522],[-86.625198,35.808897],[-86.624996,35.808196],[-86.622878,35.806967],[-86.622415,35.805227],[-86.619475,35.805714],[-86.61971,35.807174],[-86.619016,35.808499],[-86.616937,35.809054],[-86.613531,35.809965],[-86.612815,35.808131],[-86.612754,35.806394],[-86.611855,35.804795],[-86.610908,35.804115],[-86.613241,35.790824],[-86.613328,35.790331],[-86.623703,35.791191],[-86.623997,35.794762],[-86.631989,35.79542],[-86.632088,35.794484],[-86.635521,35.794627],[-86.643487,35.795301],[-86.647049,35.795558],[-86.647783,35.790858],[-86.647844,35.79047],[-86.649811,35.79058],[-86.649916,35.789855],[-86.651395,35.78998],[-86.651684,35.790005],[-86.651984,35.790029],[-86.662855,35.790934],[-86.663374,35.789421],[-86.662149,35.787977],[-86.661467,35.786348],[-86.661772,35.785392],[-86.664042,35.783682],[-86.664217,35.782898],[-86.663316,35.782158],[-86.661728,35.78261],[-86.659966,35.781734],[-86.659926,35.779626],[-86.660225,35.776879],[-86.661266,35.767431],[-86.662568,35.767809],[-86.663821,35.770982],[-86.671288,35.771736],[-86.672002,35.768885],[-86.672737,35.768623],[-86.675149,35.76896],[-86.675091,35.765689],[-86.678142,35.765772],[-86.679478,35.756258],[-86.679931,35.756304],[-86.680854,35.750621],[-86.681701,35.750753],[-86.681813,35.750066],[-86.692366,35.751069],[-86.692181,35.752448],[-86.692486,35.753328],[-86.692376,35.754532],[-86.692884,35.753723],[-86.69354,35.752719],[-86.693698,35.752712],[-86.696904,35.752334],[-86.69755,35.747306],[-86.69758,35.747077],[-86.697619,35.74678],[-86.697794,35.746284],[-86.697964,35.742632],[-86.698032,35.741059],[-86.698446,35.733958],[-86.698561,35.732581],[-86.698669,35.731831],[-86.700265,35.722621],[-86.699281,35.717837],[-86.698119,35.717839],[-86.698003,35.717835],[-86.697897,35.717844],[-86.695008,35.717547],[-86.694703,35.71876],[-86.692638,35.718633],[-86.692002,35.71852],[-86.688557,35.718372],[-86.688588,35.718082],[-86.689105,35.713254],[-86.685925,35.713558],[-86.686193,35.710051],[-86.69554,35.710864],[-86.69568,35.708742],[-86.695937,35.707368],[-86.696859,35.707393],[-86.697016,35.707397],[-86.697399,35.707408],[-86.69692,35.705431],[-86.731098,35.70676],[-86.731191,35.703905],[-86.732926,35.703839],[-86.734354,35.698849],[-86.736132,35.698944],[-86.737848,35.700152],[-86.740705,35.700557],[-86.740639,35.70168],[-86.742656,35.703835],[-86.743376,35.704335],[-86.743071,35.705785],[-86.741751,35.706176],[-86.741643,35.707591],[-86.746606,35.707889],[-86.746824,35.705987],[-86.746408,35.705665],[-86.74676,35.703164],[-86.749998,35.703486],[-86.750652,35.699888],[-86.751328,35.699089],[-86.751651,35.696447],[-86.752794,35.696539],[-86.752207,35.701743],[-86.754047,35.701463],[-86.760726,35.70181],[-86.760105,35.708206],[-86.767908,35.708678],[-86.76748,35.702365],[-86.769278,35.702465],[-86.769524,35.700289],[-86.773169,35.700446],[-86.772273,35.702671],[-86.772913,35.702685],[-86.772643,35.705802],[-86.774347,35.705909],[-86.774677,35.702832],[-86.782284,35.703376],[-86.782016,35.706595],[-86.78403,35.70588],[-86.790753,35.703708],[-86.793885,35.702629],[-86.794332,35.702123],[-86.792579,35.70153],[-86.793424,35.699917],[-86.795243,35.698318],[-86.794866,35.696867],[-86.796727,35.693728],[-86.796935,35.691479],[-86.802792,35.692042],[-86.802266,35.697158],[-86.803369,35.697201],[-86.803233,35.699415],[-86.803749,35.699235],[-86.809452,35.697251],[-86.811864,35.696412],[-86.812597,35.690909],[-86.813235,35.686105],[-86.814045,35.680037],[-86.814473,35.676805],[-86.816961,35.658251],[-86.818773,35.644982],[-86.820535,35.632067],[-86.821377,35.625939],[-86.82167,35.62464],[-86.821716,35.624413],[-86.821748,35.624181],[-86.822705,35.61741],[-86.822884,35.616145],[-86.823127,35.614026],[-86.82236,35.610017],[-86.822379,35.608942],[-86.82238,35.608564],[-86.823765,35.60869],[-86.824795,35.600934],[-86.825844,35.599414],[-86.82843,35.596246],[-86.833917,35.594278],[-86.835988,35.594544],[-86.836022,35.593857],[-86.836526,35.592985],[-86.837104,35.592339],[-86.837641,35.592086],[-86.839846,35.591527],[-86.840755,35.583247],[-86.833765,35.582654],[-86.831492,35.58246],[-86.827394,35.58211],[-86.827501,35.580812],[-86.829836,35.574298],[-86.829905,35.57411],[-86.836381,35.575465],[-86.836528,35.575108],[-86.83658,35.574967],[-86.836627,35.574842],[-86.836722,35.574591],[-86.836789,35.573211],[-86.834354,35.566837],[-86.840489,35.567286],[-86.841704,35.559657],[-86.838216,35.559388],[-86.839048,35.552055],[-86.84213,35.551036],[-86.838724,35.550805],[-86.8381,35.550776],[-86.838378,35.550157],[-86.840457,35.545509],[-86.841854,35.542443],[-86.844045,35.537634],[-86.849573,35.525515],[-86.856031,35.518663],[-86.87128,35.502486],[-86.871148,35.50334],[-86.872777,35.503451],[-86.870568,35.520796],[-86.87327,35.521065],[-86.875589,35.521251],[-86.877143,35.509669],[-86.877916,35.509703],[-86.878332,35.505892],[-86.878554,35.503871],[-86.879718,35.503399],[-86.880006,35.501097],[-86.881089,35.501123],[-86.881245,35.498978],[-86.880558,35.498559],[-86.880593,35.49581],[-86.8806,35.494003],[-86.888838,35.486958],[-86.889133,35.486706],[-86.889398,35.486478],[-86.889647,35.486267],[-86.894194,35.482378],[-86.895502,35.481073],[-86.90457,35.475675],[-86.915684,35.469023],[-86.916402,35.468585],[-86.920076,35.466359],[-86.920544,35.466075],[-86.924503,35.463674],[-86.919503,35.457874],[-86.919003,35.456274],[-86.921403,35.456074],[-86.922203,35.454874],[-86.927403,35.455574],[-86.927802,35.454287],[-86.930205,35.454565],[-86.930472,35.455569],[-86.932635,35.455434],[-86.932203,35.457574],[-86.936103,35.458074],[-86.936403,35.459074],[-86.954586,35.451645],[-86.955004,35.451474],[-86.956139,35.440913],[-86.95638,35.438813],[-86.958794,35.427023],[-86.959774,35.422123],[-86.960804,35.417021],[-86.959372,35.417159],[-86.958054,35.417934],[-86.957073,35.419378],[-86.953704,35.419075],[-86.951804,35.416775],[-86.950504,35.416475],[-86.949804,35.415675],[-86.947704,35.415375],[-86.945404,35.413675],[-86.943304,35.413575],[-86.941903,35.415575],[-86.940003,35.415475],[-86.939603,35.414975],[-86.939803,35.413075],[-86.938744,35.412326],[-86.937803,35.411075],[-86.937703,35.409775],[-86.935803,35.408376],[-86.934459,35.408631],[-86.933403,35.409576],[-86.932203,35.411576],[-86.931203,35.412076],[-86.928603,35.410776],[-86.927903,35.409876],[-86.926002,35.409775],[-86.924802,35.409075],[-86.924502,35.407875],[-86.922802,35.406775],[-86.924202,35.405575],[-86.924502,35.403575],[-86.925703,35.402475],[-86.925903,35.401345],[-86.925969,35.400988],[-86.926703,35.396875],[-86.925803,35.396675],[-86.926555,35.391138],[-86.926903,35.388575],[-86.925303,35.388175],[-86.926603,35.377076],[-86.927535,35.375142],[-86.927042,35.374924],[-86.924829,35.373963],[-86.925344,35.372699],[-86.925428,35.372446],[-86.924003,35.371954],[-86.924603,35.363076],[-86.922103,35.363776],[-86.917806,35.364039],[-86.919087,35.3622],[-86.919411,35.360044],[-86.918536,35.358441],[-86.918715,35.356804],[-86.919857,35.354393],[-86.920107,35.35218],[-86.916051,35.351457],[-86.908247,35.350118],[-86.907903,35.348176],[-86.908603,35.346776],[-86.910503,35.346976],[-86.910961,35.342809],[-86.911655,35.342911],[-86.912003,35.340176],[-86.910004,35.339976],[-86.910104,35.338677],[-86.907725,35.338676],[-86.907506,35.338177],[-86.904605,35.337982],[-86.904203,35.338577],[-86.901802,35.338475],[-86.902303,35.337476],[-86.902516,35.334466],[-86.902688,35.332033],[-86.903207,35.324779],[-86.909223,35.324889],[-86.911182,35.323004],[-86.912007,35.321347],[-86.910843,35.318347],[-86.906451,35.314075],[-86.903202,35.313979],[-86.902203,35.316277],[-86.89893,35.316037],[-86.888688,35.31523],[-86.888004,35.315176],[-86.888603,35.309977],[-86.887403,35.309877],[-86.886437,35.306444],[-86.882768,35.306108],[-86.882569,35.306094],[-86.88228,35.306075],[-86.881444,35.306024],[-86.878646,35.305852],[-86.868167,35.305156],[-86.864102,35.304877],[-86.864602,35.301077],[-86.864029,35.300285],[-86.861666,35.299878],[-86.860934,35.299073],[-86.859481,35.298966],[-86.859818,35.300733],[-86.860016,35.306392],[-86.858829,35.306952],[-86.857797,35.308506],[-86.855739,35.308949],[-86.855233,35.312249],[-86.8551,35.313692],[-86.855193,35.315517],[-86.853478,35.316514],[-86.85185,35.316934],[-86.849836,35.318009],[-86.847851,35.320322],[-86.845385,35.320889],[-86.843896,35.319677],[-86.84249,35.319206],[-86.843404,35.311229],[-86.843602,35.309276],[-86.837672,35.308468],[-86.838704,35.305174],[-86.833801,35.302877],[-86.834436,35.300198],[-86.833602,35.298627],[-86.831875,35.298171],[-86.832215,35.296441],[-86.832801,35.296077],[-86.832705,35.292617],[-86.832101,35.292577],[-86.831801,35.294477],[-86.8285,35.293376],[-86.828461,35.287443],[-86.828414,35.280197],[-86.828396,35.277991],[-86.828343,35.27004],[-86.828301,35.263677],[-86.817694,35.262287],[-86.815669,35.262021],[-86.808949,35.26114],[-86.800319,35.260009],[-86.797373,35.259623],[-86.790318,35.258699],[-86.789556,35.258598],[-86.785587,35.258075],[-86.783163,35.257755],[-86.766972,35.255618],[-86.749999,35.253378],[-86.746899,35.252878],[-86.739299,35.260878],[-86.73669,35.260776],[-86.736449,35.263735],[-86.734957,35.265232],[-86.732314,35.267895],[-86.730666,35.269557],[-86.727606,35.272671],[-86.727346,35.272936],[-86.72657,35.273732],[-86.726312,35.273999],[-86.726096,35.274207],[-86.725455,35.27484],[-86.725243,35.275054],[-86.723895,35.276422],[-86.716676,35.281532],[-86.71101,35.285703],[-86.697998,35.295277],[-86.696409,35.296068],[-86.679865,35.304287],[-86.679802,35.309283],[-86.677284,35.31042],[-86.677397,35.310677],[-86.672997,35.310377],[-86.673197,35.307677],[-86.670335,35.309135],[-86.669889,35.309362],[-86.667897,35.310377],[-86.654997,35.314977],[-86.655197,35.311377],[-86.653897,35.311877],[-86.651097,35.311077],[-86.649997,35.309777],[-86.645524,35.314144],[-86.642839,35.316767],[-86.641396,35.318176],[-86.641196,35.319676],[-86.640164,35.320029],[-86.639164,35.320372],[-86.637819,35.320833],[-86.637454,35.320956],[-86.637064,35.321027],[-86.629217,35.322361],[-86.627254,35.322694],[-86.602613,35.327013],[-86.602295,35.333827],[-86.604536,35.337331],[-86.604194,35.339612],[-86.605984,35.342575],[-86.605104,35.343966],[-86.60373,35.344472],[-86.603192,35.345474],[-86.603398,35.348628],[-86.602521,35.349288],[-86.602535,35.350861],[-86.601607,35.353924],[-86.599478,35.36495],[-86.597896,35.363875],[-86.595196,35.364475],[-86.593479,35.365718],[-86.590595,35.367075],[-86.589295,35.368375],[-86.584695,35.370375],[-86.582875,35.370983],[-86.582055,35.369329],[-86.580557,35.370109],[-86.578003,35.369233],[-86.576449,35.369287],[-86.575836,35.367399],[-86.572175,35.368014],[-86.570778,35.367979],[-86.568618,35.366862],[-86.566101,35.366574],[-86.564424,35.365681],[-86.562355,35.365818],[-86.560857,35.364302],[-86.560063,35.364181],[-86.559116,35.364535],[-86.557093,35.362859],[-86.554937,35.362333],[-86.552689,35.359981],[-86.551568,35.360071],[-86.54999,35.362121],[-86.547836,35.361942],[-86.54733,35.363503],[-86.543671,35.363211],[-86.542539,35.362502],[-86.539864,35.359634],[-86.539281,35.357113],[-86.538374,35.355712],[-86.536667,35.355294],[-86.534543,35.352734],[-86.532915,35.351652],[-86.531673,35.351856],[-86.531243,35.354728],[-86.529853,35.355692],[-86.527717,35.354475],[-86.526762,35.354874],[-86.52563,35.355316],[-86.525306,35.354718],[-86.524373,35.354862],[-86.519112,35.357221],[-86.514872,35.357125],[-86.51194,35.358591],[-86.509503,35.362639],[-86.508137,35.362759],[-86.508346,35.360863],[-86.507908,35.360294],[-86.50397,35.359501],[-86.502068,35.360576],[-86.499674,35.359984],[-86.496778,35.361638],[-86.496269,35.361596],[-86.494071,35.360715],[-86.492356,35.362113],[-86.489619,35.361769],[-86.486547,35.360896],[-86.485098,35.360545],[-86.484975,35.359515],[-86.483976,35.358351],[-86.483273,35.357728],[-86.483237,35.356074],[-86.481727,35.353483],[-86.48119,35.352872],[-86.4796,35.352663],[-86.479216,35.351385],[-86.479972,35.350044],[-86.480989,35.350415],[-86.481187,35.348182],[-86.480349,35.347691],[-86.480017,35.345478],[-86.476831,35.344918],[-86.475301,35.344034],[-86.476495,35.340938],[-86.476458,35.339437],[-86.475058,35.3377],[-86.471698,35.338308],[-86.469182,35.336318],[-86.466857,35.337412],[-86.465341,35.336955],[-86.463624,35.334705],[-86.463528,35.333882],[-86.461775,35.333479],[-86.461106,35.331497],[-86.459878,35.330809],[-86.459501,35.327675],[-86.456642,35.326351],[-86.453919,35.326449],[-86.452496,35.324968],[-86.449466,35.324603],[-86.448708,35.323338],[-86.447316,35.322601],[-86.446381,35.322551],[-86.444169,35.3207],[-86.442102,35.320948],[-86.438699,35.322589],[-86.436274,35.322414],[-86.435051,35.321412],[-86.433798,35.321731],[-86.431148,35.320822],[-86.429495,35.321033],[-86.426946,35.320582],[-86.426189,35.319389],[-86.423575,35.318817],[-86.421672,35.319267],[-86.421117,35.321612],[-86.418292,35.322675],[-86.417027,35.323171],[-86.416126,35.324604],[-86.414249,35.324465],[-86.414161,35.325582],[-86.413529,35.327114],[-86.412099,35.329164],[-86.411486,35.333509],[-86.410692,35.337677],[-86.409492,35.337577],[-86.409137,35.339233],[-86.408892,35.340377],[-86.409992,35.342377],[-86.409286,35.346591],[-86.401572,35.345524],[-86.400592,35.345377],[-86.400524,35.34619],[-86.40049,35.346579],[-86.397993,35.346677],[-86.397602,35.348915],[-86.393592,35.347677],[-86.390592,35.344877],[-86.389836,35.349161],[-86.389692,35.349977],[-86.385101,35.349786],[-86.383676,35.349277],[-86.381583,35.34998],[-86.380579,35.349879],[-86.37763,35.34867],[-86.374969,35.348632],[-86.371198,35.347945],[-86.369237,35.346778],[-86.368602,35.351545],[-86.372711,35.35195],[-86.372646,35.352943],[-86.374982,35.35323],[-86.374186,35.356511],[-86.372956,35.355996],[-86.372063,35.355545],[-86.371857,35.355441],[-86.37096,35.354989],[-86.369929,35.354468],[-86.367971,35.352423],[-86.36777,35.352234],[-86.365695,35.350994],[-86.364993,35.351576],[-86.360288,35.361989],[-86.35885,35.362011],[-86.358222,35.362023],[-86.350022,35.36184],[-86.348657,35.361808],[-86.34728,35.361779],[-86.339478,35.367143],[-86.339265,35.367289],[-86.339192,35.364777],[-86.338392,35.362777],[-86.337792,35.362577],[-86.337492,35.364877],[-86.328792,35.363677],[-86.330392,35.365477],[-86.329892,35.368077],[-86.335192,35.368577],[-86.334692,35.370177],[-86.336192,35.370377],[-86.334382,35.372062],[-86.331009,35.375078],[-86.330545,35.375764],[-86.329492,35.376977],[-86.318402,35.381398],[-86.317999,35.381562],[-86.316191,35.382277],[-86.311593,35.385476],[-86.306761,35.387319],[-86.298148,35.390605],[-86.294328,35.392033],[-86.29294,35.395337],[-86.288015,35.40726],[-86.283351,35.408807],[-86.283153,35.408873],[-86.278589,35.410377],[-86.273462,35.410892],[-86.268918,35.411346],[-86.25875,35.41236],[-86.25759,35.412476],[-86.254676,35.41277],[-86.25055,35.413202],[-86.250438,35.414474],[-86.249991,35.421715],[-86.249867,35.423063],[-86.249856,35.42318],[-86.249601,35.426008],[-86.247622,35.441181],[-86.246613,35.449195],[-86.237789,35.448553],[-86.237266,35.452003],[-86.235057,35.451961],[-86.234529,35.453308],[-86.236714,35.455034],[-86.239396,35.455882],[-86.241739,35.457516],[-86.242381,35.459569],[-86.243641,35.458932],[-86.244286,35.458809],[-86.245413,35.460671],[-86.246244,35.462482],[-86.246872,35.465375],[-86.246742,35.466573],[-86.244957,35.466903],[-86.244237,35.467837],[-86.24471,35.469047],[-86.24617,35.469418],[-86.246278,35.471579],[-86.244062,35.472866],[-86.244786,35.476604],[-86.245289,35.477411],[-86.245008,35.478731],[-86.24383,35.487851],[-86.242253,35.500074],[-86.241987,35.501003],[-86.241641,35.504176],[-86.238723,35.504841],[-86.236679,35.505836],[-86.237278,35.507086],[-86.23756,35.507667],[-86.24178,35.516008],[-86.242654,35.517822],[-86.242786,35.525101],[-86.242708,35.528431],[-86.242942,35.532386],[-86.242838,35.539321],[-86.242701,35.545636],[-86.242697,35.545808],[-86.242482,35.55557],[-86.242149,35.570689],[-86.242141,35.575072],[-86.242252,35.577876],[-86.243719,35.603266],[-86.243869,35.606691],[-86.245771,35.607096],[-86.243927,35.608914],[-86.243779,35.610139],[-86.244362,35.611762],[-86.245115,35.611879],[-86.245292,35.615254],[-86.245112,35.616877],[-86.243789,35.61741],[-86.244448,35.620434],[-86.248096,35.62062],[-86.247662,35.624055],[-86.247213,35.624313],[-86.245749,35.624879],[-86.24339,35.625179],[-86.24362,35.625759],[-86.243291,35.62572],[-86.242565,35.625641],[-86.24167,35.626986],[-86.241862,35.627654],[-86.244183,35.630386],[-86.245165,35.631913],[-86.245179,35.632299],[-86.24321,35.633145],[-86.24325,35.634339],[-86.241443,35.63644],[-86.242154,35.637784],[-86.242278,35.639592],[-86.24342,35.64049],[-86.244866,35.642476],[-86.244268,35.644053],[-86.245682,35.645644],[-86.245748,35.646507],[-86.244919,35.648756],[-86.243645,35.649748],[-86.243842,35.650853],[-86.242959,35.652586],[-86.242494,35.654728],[-86.24093,35.656472],[-86.240844,35.657983],[-86.243762,35.660138],[-86.244654,35.661795],[-86.247944,35.662406],[-86.249052,35.66504],[-86.2479,35.666492],[-86.245333,35.666353],[-86.243567,35.666831],[-86.242503,35.66758],[-86.241672,35.668464],[-86.241829,35.669601],[-86.241878,35.670739],[-86.242356,35.672407],[-86.24238,35.674151],[-86.242819,35.674681],[-86.243873,35.675652],[-86.243832,35.676662],[-86.243938,35.677509],[-86.245554,35.679727],[-86.245186,35.680521],[-86.243982,35.681601],[-86.24381,35.682248],[-86.244486,35.682874],[-86.244555,35.684076],[-86.244737,35.68456],[-86.246043,35.684859],[-86.246817,35.685428],[-86.246705,35.686195],[-86.245958,35.687831],[-86.245782,35.687928],[-86.245406,35.688899],[-86.244561,35.689469],[-86.242392,35.689667],[-86.241724,35.689954],[-86.24156,35.690511],[-86.241118,35.69074],[-86.239852,35.690352],[-86.238715,35.689923],[-86.235896,35.690422],[-86.234893,35.690864],[-86.233584,35.691162],[-86.233084,35.691568],[-86.232911,35.692143],[-86.232425,35.693009],[-86.231719,35.693594],[-86.230521,35.694263],[-86.229458,35.694608],[-86.227861,35.694811],[-86.226066,35.694732],[-86.225522,35.694775],[-86.225318,35.695164],[-86.225589,35.695703],[-86.226667,35.697158],[-86.227273,35.697696],[-86.2272,35.698463],[-86.226178,35.70014],[-86.22573,35.700359],[-86.2245,35.701456],[-86.223757,35.701969],[-86.223316,35.703139],[-86.223226,35.703722],[-86.222895,35.703887],[-86.222614,35.705078],[-86.222137,35.706154],[-86.221631,35.706429],[-86.219584,35.706178],[-86.219106,35.70572],[-86.218741,35.705193],[-86.218206,35.704931],[-86.217924,35.70448],[-86.218263,35.703797],[-86.218122,35.703425],[-86.218037,35.703201],[-86.21756,35.702378],[-86.217361,35.702035],[-86.217054,35.701939],[-86.216986,35.701918],[-86.21661,35.701775],[-86.216254,35.701436],[-86.216222,35.701406],[-86.216116,35.70115],[-86.216062,35.701129],[-86.2159,35.701069],[-86.215847,35.701049],[-86.215822,35.701041],[-86.215747,35.701025],[-86.215723,35.70101],[-86.214743,35.700956],[-86.214121,35.701408],[-86.213429,35.701884],[-86.212956,35.702205],[-86.212861,35.702257],[-86.212572,35.702408],[-86.212487,35.702465],[-86.212371,35.702541],[-86.212309,35.702576],[-86.212205,35.702631],[-86.211988,35.702721],[-86.211599,35.702839],[-86.211482,35.702894],[-86.211171,35.703017],[-86.210974,35.703059],[-86.210795,35.703071],[-86.210642,35.703054],[-86.210598,35.703065],[-86.210365,35.703044],[-86.210345,35.703043],[-86.20877,35.702563],[-86.208363,35.70244],[-86.208239,35.702402],[-86.208127,35.702516],[-86.207874,35.702727],[-86.207759,35.703123],[-86.207485,35.703407],[-86.207353,35.703537],[-86.207191,35.703699],[-86.207147,35.70379],[-86.205961,35.704158],[-86.205044,35.704203],[-86.204588,35.704012],[-86.203583,35.702944],[-86.203234,35.702785],[-86.201078,35.701859],[-86.19961,35.701884],[-86.197883,35.703247],[-86.194587,35.702327],[-86.193711,35.702431],[-86.191514,35.701651],[-86.191479,35.700957],[-86.190306,35.69916],[-86.189291,35.698886],[-86.189738,35.697976],[-86.190413,35.695901],[-86.189626,35.694711],[-86.189764,35.692509],[-86.188258,35.691961],[-86.187858,35.690613],[-86.187119,35.689871],[-86.18484,35.691183],[-86.181425,35.691087],[-86.181667,35.689036],[-86.179995,35.688297],[-86.177063,35.686985],[-86.176209,35.686157],[-86.175454,35.684264],[-86.173772,35.683611],[-86.170192,35.683791],[-86.170729,35.681722],[-86.165826,35.681545],[-86.165858,35.676856],[-86.159635,35.676293],[-86.1599,35.674698],[-86.154196,35.673872],[-86.154322,35.672021],[-86.152126,35.671104],[-86.150696,35.671003],[-86.151067,35.666971],[-86.148255,35.664279],[-86.143652,35.661747],[-86.141924,35.661488],[-86.135818,35.661778],[-86.120263,35.660929],[-86.08889,35.646823],[-86.07473,35.645693],[-86.071796,35.645477],[-86.070003,35.645841],[-86.066725,35.645449],[-86.055049,35.64416],[-86.053246,35.643989],[-86.052669,35.648047],[-86.043875,35.647321],[-86.040648,35.645102],[-86.039034,35.643705],[-86.037601,35.642954],[-86.036952,35.64623],[-86.033038,35.645887],[-86.032238,35.65114],[-86.024241,35.650295],[-86.015206,35.649502],[-86.013498,35.651474],[-86.012871,35.654124],[-86.01151,35.653685],[-86.008779,35.653435],[-86.00817,35.657203],[-86.004146,35.65695],[-86.004405,35.654514],[-86.001752,35.654062],[-86.00157,35.652628],[-85.994462,35.653725],[-85.995645,35.655161],[-85.996112,35.656946],[-85.994585,35.657468],[-85.994211,35.660453],[-85.985062,35.660108],[-85.985503,35.662191],[-85.985238,35.664427],[-85.986916,35.664645],[-85.986525,35.666695],[-85.985023,35.666592],[-85.985546,35.667937],[-85.987063,35.671831],[-85.989351,35.677702],[-85.989683,35.678556],[-85.990548,35.680777],[-85.990539,35.690993],[-85.992775,35.694103],[-85.99195,35.694071],[-85.991444,35.696503],[-85.991257,35.697406],[-85.986974,35.69706],[-85.986868,35.702283],[-85.986835,35.703961],[-85.988244,35.704353],[-85.989489,35.704685],[-85.993655,35.705821],[-85.993376,35.709136],[-85.997732,35.709926],[-85.997426,35.711955],[-85.996084,35.711831],[-85.98963,35.711356],[-85.987665,35.723288],[-85.986824,35.728394],[-85.986393,35.731016],[-85.988314,35.731541],[-85.987838,35.734879],[-85.984891,35.734553],[-85.983921,35.735788],[-85.977259,35.744189],[-85.972312,35.750619],[-85.969994,35.753541],[-85.966408,35.757746],[-85.966179,35.758036],[-85.963571,35.761329],[-85.962273,35.762277],[-85.954798,35.767081],[-85.953382,35.768591],[-85.95314,35.768833],[-85.951842,35.770109],[-85.945214,35.77778],[-85.943119,35.781092],[-85.94195,35.780968],[-85.941172,35.780406],[-85.94031,35.780266],[-85.939473,35.781814],[-85.936158,35.781812],[-85.93475,35.781507],[-85.934651,35.784672],[-85.93577,35.784673],[-85.935739,35.785493],[-85.935715,35.786087],[-85.940538,35.786449],[-85.942133,35.786779],[-85.932844,35.798534],[-85.929707,35.802503],[-85.923442,35.810429],[-85.921958,35.812307],[-85.918147,35.817127],[-85.914435,35.821832],[-85.913867,35.822506],[-85.912694,35.823131],[-85.904339,35.827138],[-85.90133,35.828554],[-85.897859,35.830222],[-85.896792,35.829994],[-85.895674,35.829877],[-85.895673,35.830552],[-85.885595,35.830539],[-85.885561,35.836332],[-85.885202,35.838977],[-85.885156,35.839658],[-85.879803,35.839224],[-85.873387,35.840425],[-85.873391,35.843897],[-85.875885,35.844497],[-85.87588,35.845208],[-85.875877,35.845776],[-85.873162,35.845818],[-85.872935,35.846447],[-85.867353,35.846346],[-85.867485,35.845],[-85.866665,35.845066],[-85.863939,35.844785],[-85.863784,35.846158],[-85.859038,35.846684],[-85.846224,35.845475],[-85.846601,35.840966],[-85.842943,35.840419],[-85.842506,35.843896],[-85.842398,35.845043],[-85.842082,35.846912],[-85.832226,35.84714],[-85.824411,35.847381],[-85.824402,35.846816],[-85.820671,35.84649],[-85.818905,35.846317],[-85.813624,35.845816],[-85.811329,35.848613],[-85.811546,35.850179],[-85.806994,35.850403],[-85.802544,35.850636],[-85.802276,35.850659],[-85.796925,35.851131],[-85.793851,35.85091],[-85.792096,35.85074],[-85.790841,35.8507],[-85.78957,35.852051],[-85.788523,35.852002],[-85.788657,35.846536],[-85.787115,35.846407],[-85.787534,35.843036],[-85.783941,35.842862],[-85.77421,35.842548],[-85.776027,35.845536],[-85.767718,35.848737],[-85.766206,35.848691],[-85.76249,35.848617],[-85.761318,35.848606],[-85.757051,35.848519],[-85.757206,35.846746],[-85.757341,35.84518],[-85.751467,35.84524],[-85.751597,35.847759],[-85.751785,35.850027],[-85.747257,35.849369],[-85.744804,35.84857],[-85.734988,35.844055],[-85.734501,35.843826],[-85.719645,35.8428],[-85.714723,35.838753],[-85.713633,35.838515],[-85.704664,35.836082],[-85.687415,35.832512],[-85.685095,35.83196],[-85.682095,35.831254],[-85.68039,35.832861],[-85.677521,35.833579],[-85.674613,35.833127],[-85.671133,35.831409],[-85.666883,35.827874],[-85.664867,35.826518],[-85.662563,35.825703],[-85.658864,35.825872],[-85.656014,35.826824],[-85.653837,35.827905],[-85.644919,35.838473],[-85.641356,35.840767],[-85.636144,35.844126],[-85.632449,35.847385],[-85.631858,35.851718],[-85.632538,35.853259],[-85.634803,35.853897],[-85.644639,35.85382],[-85.648211,35.853877],[-85.650438,35.853305],[-85.653933,35.851667],[-85.657151,35.849844],[-85.660853,35.849046],[-85.664573,35.848998],[-85.669233,35.849434],[-85.671882,35.851113],[-85.672969,35.852904],[-85.673224,35.854607],[-85.672806,35.856527],[-85.671063,35.858512],[-85.665903,35.861868],[-85.657327,35.866635],[-85.65298,35.868853],[-85.650483,35.870813],[-85.648615,35.873303],[-85.646773,35.875065],[-85.643256,35.87718],[-85.637327,35.881824],[-85.635903,35.884543],[-85.636454,35.886847],[-85.63752,35.888066],[-85.640561,35.88967],[-85.643119,35.889916],[-85.644926,35.889541],[-85.648463,35.887869],[-85.653235,35.886146],[-85.661996,35.884552],[-85.66813,35.883659],[-85.669666,35.884209],[-85.669877,35.884868],[-85.668958,35.887312],[-85.666962,35.88878],[-85.658526,35.891634],[-85.656165,35.892698],[-85.651896,35.895124],[-85.64817,35.898203],[-85.64734,35.899151],[-85.646756,35.901375],[-85.646983,35.902167],[-85.649234,35.903934],[-85.651662,35.904993],[-85.65166,35.906296],[-85.651656,35.913856],[-85.655286,35.915548],[-85.658721,35.916286],[-85.656976,35.922093],[-85.654735,35.921618],[-85.654425,35.926717],[-85.654769,35.927737],[-85.655471,35.930038],[-85.660422,35.94304],[-85.660753,35.944325],[-85.66262,35.949064],[-85.662563,35.951741],[-85.662926,35.96401],[-85.663007,35.966195],[-85.663051,35.967857],[-85.662917,35.971501],[-85.660392,35.973412],[-85.659664,35.974865],[-85.657907,35.976128],[-85.657428,35.977062],[-85.655088,35.979521],[-85.646608,35.988676],[-85.646242,35.988798],[-85.644615,35.997492],[-85.6446,35.997957],[-85.644207,36.00215],[-85.64044,36.00221],[-85.640324,36.00362],[-85.632871,36.003705],[-85.632725,36.005417],[-85.630863,36.006294],[-85.630493,36.006469],[-85.63189,36.007627],[-85.63287,36.007834],[-85.634674,36.007297],[-85.636193,36.006114],[-85.637817,36.006028],[-85.641019,36.00862],[-85.642063,36.011506],[-85.644244,36.013301],[-85.644604,36.015053],[-85.643509,36.019334],[-85.643274,36.024191],[-85.641382,36.024219],[-85.639306,36.023562],[-85.638175,36.024052],[-85.638779,36.026748],[-85.638549,36.027352],[-85.636733,36.028317],[-85.633216,36.028875],[-85.62498,36.031513],[-85.621972,36.033484],[-85.623633,36.034089],[-85.624107,36.035096],[-85.622982,36.036749],[-85.620862,36.036209],[-85.61933,36.037913],[-85.618512,36.040909],[-85.61378,36.042581],[-85.612424,36.043416],[-85.611138,36.04605],[-85.609618,36.046125],[-85.606177,36.044024],[-85.602008,36.043488],[-85.602159,36.042006],[-85.598677,36.041898],[-85.59827,36.041795],[-85.597717,36.041887],[-85.597435,36.041935],[-85.596593,36.042399],[-85.596262,36.043031],[-85.595969,36.043268],[-85.595384,36.043419],[-85.594435,36.043665],[-85.594155,36.043713],[-85.594086,36.043726],[-85.594026,36.04345],[-85.593904,36.042892],[-85.593329,36.042368],[-85.591453,36.041846],[-85.590192,36.041489],[-85.589243,36.040958],[-85.588672,36.040494],[-85.588535,36.039778],[-85.587942,36.038715],[-85.586435,36.037505],[-85.583642,36.037236],[-85.586792,36.039636],[-85.587514,36.04069],[-85.587636,36.041483],[-85.58799,36.042052],[-85.587989,36.042394],[-85.588308,36.04238],[-85.589298,36.043403],[-85.58885,36.043517],[-85.587682,36.043411],[-85.587219,36.04371],[-85.585988,36.043837],[-85.584811,36.044198],[-85.583837,36.044979],[-85.583365,36.045759],[-85.583068,36.045795],[-85.58308,36.046464],[-85.582697,36.046671],[-85.582643,36.047002],[-85.582915,36.047249],[-85.58252,36.04814],[-85.582379,36.048896],[-85.582467,36.049421],[-85.582891,36.050337],[-85.582803,36.050435],[-85.582329,36.050014],[-85.582084,36.05017],[-85.582489,36.050585],[-85.582104,36.051291],[-85.582714,36.050993],[-85.583361,36.05163],[-85.583449,36.05212],[-85.583271,36.052727],[-85.583705,36.053133],[-85.583929,36.054276],[-85.584258,36.055408],[-85.584121,36.055761],[-85.582872,36.056209],[-85.581833,36.056263],[-85.58119,36.056428],[-85.580894,36.056942],[-85.580798,36.057588],[-85.580915,36.058915],[-85.58196,36.059383],[-85.582782,36.060237],[-85.582834,36.060418],[-85.580527,36.061108],[-85.580121,36.06185],[-85.582127,36.060658],[-85.579156,36.063201],[-85.57824,36.063404],[-85.577541,36.062463],[-85.57851,36.057418],[-85.577799,36.05632],[-85.575817,36.05554],[-85.575028,36.05587],[-85.573957,36.059549],[-85.571095,36.05939],[-85.570742,36.058837],[-85.570052,36.059174],[-85.565507,36.06595],[-85.565298,36.066259],[-85.563507,36.068927],[-85.560459,36.073471],[-85.557634,36.07382],[-85.554924,36.073635],[-85.552158,36.072943],[-85.550787,36.073647],[-85.549545,36.075286],[-85.548198,36.075541],[-85.5454,36.077798],[-85.543329,36.078038],[-85.53505,36.078986],[-85.529189,36.079659],[-85.522132,36.080468],[-85.519755,36.08074],[-85.517871,36.080957],[-85.513946,36.081406],[-85.509821,36.08183],[-85.506611,36.081866],[-85.506291,36.081827],[-85.505785,36.081724],[-85.500667,36.080377],[-85.499239,36.08037],[-85.494463,36.079286],[-85.476949,36.074805],[-85.46903,36.073094],[-85.456399,36.070005],[-85.437572,36.065274],[-85.427782,36.062977],[-85.410366,36.05874],[-85.404778,36.057381],[-85.395356,36.055085],[-85.390603,36.053929],[-85.378923,36.05278],[-85.374972,36.052352],[-85.372181,36.052388],[-85.372621,36.049747],[-85.362195,36.047235],[-85.356619,36.045893],[-85.35497,36.045039],[-85.334253,36.034237],[-85.330309,36.032235],[-85.326278,36.030227],[-85.32537,36.033052],[-85.31452,36.032062],[-85.309363,36.031592],[-85.310638,36.022563],[-85.311675,36.022307],[-85.31159,36.01588],[-85.31149,36.008003],[-85.311347,35.996686],[-85.311302,35.992997],[-85.304214,35.991086],[-85.296695,35.988857],[-85.294016,35.988058],[-85.282996,35.984762],[-85.280585,35.984042],[-85.264472,35.979224],[-85.264418,35.97921],[-85.264259,35.979168],[-85.264206,35.979154],[-85.257012,35.978492],[-85.254881,35.99649],[-85.260407,35.996645],[-85.259498,36.001011],[-85.256792,36.014276],[-85.254854,36.023564],[-85.251364,36.040521],[-85.249219,36.040166],[-85.248322,36.043139],[-85.248506,36.044562],[-85.246565,36.045755],[-85.247554,36.047128],[-85.246709,36.048255],[-85.247927,36.04915],[-85.247536,36.050612],[-85.244815,36.049415],[-85.244092,36.050504],[-85.245784,36.051486],[-85.24433,36.053058],[-85.245961,36.053519],[-85.245204,36.054212],[-85.243925,36.053932],[-85.243303,36.054916],[-85.244028,36.056734],[-85.245443,36.057964],[-85.246392,36.060396],[-85.247423,36.063222],[-85.24731,36.065183],[-85.246682,36.067903],[-85.24556,36.069909],[-85.244078,36.070514],[-85.242604,36.072746],[-85.243187,36.073284],[-85.242894,36.075015],[-85.243865,36.075795],[-85.24453,36.077608],[-85.244512,36.079999],[-85.244884,36.080657],[-85.24764,36.083265],[-85.248219,36.084534],[-85.246362,36.100698],[-85.239108,36.100247],[-85.238581,36.102808],[-85.238487,36.103272],[-85.238185,36.103252],[-85.236148,36.100554],[-85.235705,36.103307],[-85.235757,36.105752],[-85.218173,36.104442],[-85.207234,36.103623],[-85.181087,36.101664],[-85.167153,36.100618],[-85.15275,36.099544],[-85.152233,36.100249],[-85.148067,36.105943],[-85.136685,36.121498],[-85.131748,36.128246],[-85.131575,36.130259],[-85.129672,36.130246],[-85.128814,36.129655],[-85.127529,36.128756],[-85.124572,36.1296],[-85.122787,36.129622],[-85.121735,36.130227],[-85.119615,36.130079],[-85.117768,36.131336],[-85.114657,36.13126],[-85.112254,36.132751],[-85.110835,36.133081],[-85.107319,36.132899],[-85.105438,36.134883],[-85.102781,36.13606],[-85.100213,36.138561],[-85.102675,36.139326],[-85.102712,36.139313],[-85.10954,36.141462],[-85.112104,36.142277],[-85.119583,36.144719],[-85.106867,36.162417],[-85.106664,36.162682],[-85.106056,36.163476],[-85.105854,36.163742],[-85.101883,36.169311],[-85.094256,36.179883],[-85.083778,36.194397],[-85.082497,36.196171],[-85.08518,36.202979],[-85.089687,36.214409],[-85.090594,36.216709],[-85.093915,36.225128],[-85.100385,36.241535],[-85.106129,36.256226],[-85.11065,36.267837],[-85.110852,36.268482],[-85.112722,36.274391],[-85.114858,36.281139],[-85.117855,36.290606],[-85.119035,36.294334],[-85.119176,36.29478],[-85.1196,36.296118],[-85.119742,36.296565],[-85.120168,36.29791],[-85.121639,36.302675],[-85.122245,36.304599],[-85.122167,36.30834],[-85.121757,36.328401],[-85.121519,36.33999],[-85.121045,36.36305],[-85.120732,36.375043],[-85.120566,36.393061],[-85.120527,36.397282],[-85.119163,36.397667],[-85.118899,36.399812],[-85.120503,36.399799],[-85.120495,36.401451],[-85.12046,36.405239],[-85.120445,36.407164],[-85.128846,36.405614],[-85.131347,36.406199],[-85.132763,36.405769],[-85.135101,36.406991],[-85.134782,36.408387],[-85.135325,36.410263],[-85.134314,36.412504],[-85.134456,36.413562],[-85.135952,36.414823],[-85.136948,36.416746],[-85.136465,36.418949],[-85.145091,36.432808],[-85.145579,36.433621],[-85.146916,36.435771],[-85.147314,36.443949],[-85.147428,36.446264],[-85.147547,36.448699],[-85.147579,36.449399],[-85.14761,36.45],[-85.147619,36.450132],[-85.147646,36.450532],[-85.147658,36.450666],[-85.147671,36.450909],[-85.147937,36.456164],[-85.150541,36.455818],[-85.150472,36.458007],[-85.150309,36.460068],[-85.151653,36.461682],[-85.155249,36.462291],[-85.156346,36.460998],[-85.158427,36.460484],[-85.159185,36.463843],[-85.157738,36.466773],[-85.159465,36.468309],[-85.16752,36.475467],[-85.168205,36.475624],[-85.172242,36.479299],[-85.174502,36.479539],[-85.174671,36.481189],[-85.178527,36.484488],[-85.179857,36.485627],[-85.182433,36.487834],[-85.18304,36.488357],[-85.185348,36.490349],[-85.19981,36.500691],[-85.200582,36.501283],[-85.201391,36.5019],[-85.205102,36.504615],[-85.208637,36.507052],[-85.211688,36.508907],[-85.218371,36.512835],[-85.220698,36.51387],[-85.223273,36.515015],[-85.233345,36.518446],[-85.240395,36.520731],[-85.245854,36.522316],[-85.248736,36.522981],[-85.251,36.523789],[-85.256082,36.527073],[-85.260797,36.529664],[-85.262078,36.529643],[-85.264809,36.531183],[-85.265398,36.531521],[-85.264603,36.532615],[-85.263847,36.531871],[-85.261463,36.530693],[-85.260061,36.53089],[-85.258417,36.533206],[-85.269219,36.540265],[-85.272115,36.538345],[-85.272519,36.538078],[-85.27851,36.536255],[-85.284878,36.531293],[-85.285371,36.534722],[-85.284558,36.535911],[-85.284118,36.536243],[-85.283944,36.537037],[-85.283225,36.537905],[-85.282704,36.539146],[-85.282803,36.53998],[-85.282713,36.540691],[-85.282794,36.541384],[-85.282517,36.542244],[-85.281752,36.547722],[-85.280857,36.549523],[-85.279329,36.550945],[-85.278071,36.552558],[-85.279089,36.553016],[-85.278085,36.555469],[-85.276117,36.556382],[-85.275072,36.558076],[-85.275686,36.558933],[-85.271819,36.565316],[-85.267388,36.572698],[-85.267205,36.572995],[-85.267057,36.573238],[-85.267538,36.573833],[-85.267759,36.574106],[-85.272158,36.579545],[-85.27749,36.586137],[-85.277391,36.58888],[-85.277299,36.593053],[-85.277209,36.596731],[-85.277119,36.600318],[-85.277112,36.600599],[-85.277029,36.603924],[-85.276969,36.606332],[-85.276945,36.60729],[-85.280446,36.608096],[-85.281339,36.611652],[-85.279169,36.614006],[-85.278467,36.614095],[-85.279789,36.616822],[-85.276687,36.617777],[-85.276517,36.624655],[-85.276297,36.62528],[-85.276281,36.626816],[-85.276922,36.626823],[-85.289091,36.626486],[-85.290266,36.626454],[-85.294158,36.626278],[-85.298471,36.625009],[-85.299225,36.624793],[-85.300415,36.624449],[-85.303128,36.624461],[-85.303687,36.624464],[-85.317069,36.624498],[-85.324791,36.624508],[-85.330632,36.623592],[-85.331397,36.623472],[-85.333062,36.623212],[-85.334549,36.622979],[-85.350496,36.622261],[-85.353233,36.622143],[-85.354252,36.622101],[-85.354584,36.622083],[-85.356092,36.622022],[-85.356266,36.622015],[-85.357921,36.621947],[-85.35862,36.621919],[-85.369621,36.621466],[-85.372092,36.621355],[-85.382476,36.620826],[-85.383957,36.620756],[-85.392571,36.620381],[-85.392878,36.620369],[-85.394241,36.620312],[-85.394896,36.620286],[-85.412004,36.619554],[-85.413562,36.619532],[-85.417362,36.619397],[-85.429361,36.619095],[-85.434908,36.618751],[-85.488497,36.615395],[-85.49106,36.615261],[-85.501599,36.614857],[-85.502294,36.614868],[-85.502838,36.614876],[-85.508593,36.614994],[-85.538077,36.615629],[-85.55355,36.615871],[-85.574554,36.616225],[-85.587048,36.616466],[-85.602787,36.616772],[-85.611298,36.616993],[-85.638022,36.617498],[-85.64039,36.617536],[-85.644126,36.617588],[-85.665341,36.618273],[-85.665763,36.618285],[-85.67653,36.618223],[-85.68644,36.618698],[-85.69393,36.618905],[-85.704535,36.619306],[-85.711722,36.619467],[-85.719906,36.619891],[-85.724021,36.620191],[-85.732596,36.620507],[-85.738391,36.620496],[-85.744513,36.620624],[-85.752674,36.6209],[-85.771312,36.621516],[-85.788726,36.622048],[-85.790002,36.622076],[-85.797424,36.622186],[-85.80286,36.622171],[-85.805075,36.622168],[-85.831974,36.622101],[-85.860043,36.623305],[-85.875956,36.623999],[-85.908447,36.625458],[-85.918692,36.625917],[-85.919498,36.625948],[-85.920732,36.626003],[-85.921962,36.626058],[-85.928325,36.626342],[-85.934747,36.62663],[-85.936385,36.626702],[-85.956216,36.627589],[-85.972488,36.628319],[-85.976418,36.628493],[-85.978915,36.628583],[-86.002973,36.629443],[-86.005019,36.629517],[-86.021654,36.630159],[-86.032405,36.630708],[-86.052161,36.632108],[-86.054759,36.632111],[-86.059349,36.63263],[-86.062673,36.632865],[-86.073242,36.633619],[-86.081794,36.634035],[-86.0943,36.634593],[-86.104827,36.635061],[-86.11429,36.635482],[-86.114501,36.635491],[-86.128206,36.636103],[-86.155383,36.63732],[-86.16114,36.637574],[-86.165435,36.637764],[-86.182033,36.638915],[-86.186562,36.639235],[-86.197528,36.639708],[-86.197753,36.639721],[-86.20444,36.640129],[-86.205446,36.639897],[-86.205388,36.640184],[-86.215895,36.640769],[-86.225329,36.641286],[-86.236155,36.641878],[-86.244565,36.642421],[-86.251936,36.642893],[-86.264418,36.643663],[-86.273432,36.644176],[-86.293112,36.645296],[-86.296197,36.645565],[-86.321782,36.647798],[-86.332126,36.648701],[-86.340076,36.648971],[-86.347433,36.64922],[-86.351432,36.649399],[-86.358661,36.649726],[-86.373638,36.650062],[-86.401659,36.650701],[-86.411379,36.650924],[-86.431186,36.651271],[-86.459689,36.651692],[-86.473184,36.651912],[-86.485832,36.652117],[-86.499931,36.652271],[-86.507128,36.652372],[-86.507781,36.652379],[-86.522085,36.647637],[-86.536254,36.642936],[-86.539206,36.641959],[-86.543822,36.640427],[-86.543352,36.643855],[-86.545708,36.644177],[-86.549943,36.644759],[-86.551222,36.637998],[-86.5621,36.63432],[-86.563909,36.633562],[-86.566004,36.63487],[-86.571184,36.638677],[-86.571442,36.638869],[-86.577937,36.643645],[-86.589906,36.652443],[-86.594227,36.652348],[-86.596523,36.652297],[-86.62221,36.651726],[-86.65091,36.650922],[-86.653037,36.650862],[-86.677581,36.650202],[-86.679071,36.650164],[-86.692534,36.649771],[-86.699116,36.649658],[-86.711329,36.649422],[-86.713764,36.64936],[-86.729415,36.649001],[-86.734208,36.648898],[-86.749904,36.648939],[-86.763296,36.648954],[-86.77533,36.648674],[-86.787599,36.648387],[-86.803533,36.648015],[-86.812858,36.647797],[-86.83289,36.647401],[-86.843383,36.647193],[-86.846136,36.647138],[-86.85404,36.647006],[-86.859995,36.646952],[-86.874392,36.646827],[-86.894064,36.646611],[-86.901056,36.646487],[-86.91979,36.645921],[-86.926653,36.645616],[-86.928899,36.645551],[-86.952133,36.645035],[-86.973459,36.644524],[-86.980882,36.64437],[-86.987462,36.644337],[-86.999989,36.644296],[-87.00859,36.644105],[-87.050989,36.643158],[-87.070339,36.642734],[-87.085593,36.64264],[-87.106152,36.642467],[-87.114983,36.642371],[-87.117437,36.628118],[-87.125001,36.629051],[-87.125932,36.628989],[-87.126517,36.625044],[-87.126757,36.621601],[-87.131292,36.621995],[-87.12099,36.613544],[-87.121043,36.613313],[-87.131788,36.62217],[-87.132247,36.622221],[-87.122798,36.614423],[-87.121129,36.612937],[-87.122028,36.609369],[-87.12601,36.589983],[-87.129755,36.572283],[-87.131849,36.573144],[-87.133632,36.57279],[-87.134335,36.570564],[-87.134081,36.569013],[-87.132726,36.566521],[-87.132522,36.56372],[-87.133346,36.562763],[-87.134583,36.562641],[-87.136828,36.563124],[-87.14158,36.565184],[-87.144053,36.567117],[-87.147965,36.568537],[-87.149618,36.568587],[-87.150233,36.567702],[-87.150341,36.565257],[-87.150004,36.564016],[-87.14779,36.563109],[-87.14506,36.56315],[-87.141954,36.563629],[-87.140355,36.562779],[-87.13796,36.562058],[-87.137088,36.559654],[-87.137368,36.55855],[-87.139751,36.556578],[-87.141268,36.554908],[-87.138965,36.553358],[-87.135689,36.552015],[-87.132644,36.553646],[-87.13158,36.553727],[-87.131042,36.552214],[-87.131808,36.549678],[-87.131443,36.548066],[-87.129672,36.546523],[-87.126515,36.547295],[-87.122305,36.549882],[-87.120293,36.55045],[-87.119002,36.550386],[-87.117722,36.549641],[-87.118449,36.547752],[-87.120792,36.545076],[-87.121936,36.54247],[-87.121522,36.53998],[-87.120063,36.538814],[-87.116147,36.539212],[-87.116477,36.537141],[-87.116648,36.536069],[-87.117154,36.532906],[-87.118626,36.523667],[-87.117974,36.523591],[-87.113244,36.523046],[-87.117643,36.510501],[-87.120657,36.510943],[-87.121212,36.507477],[-87.122936,36.495758],[-87.123222,36.494781],[-87.123262,36.494476],[-87.123329,36.493976],[-87.123371,36.493653],[-87.123384,36.493563],[-87.123425,36.493257],[-87.123588,36.492006],[-87.123982,36.488568],[-87.125003,36.48406],[-87.126,36.478102],[-87.126697,36.47387],[-87.127528,36.468887],[-87.127646,36.468193],[-87.128149,36.465142],[-87.128677,36.46195],[-87.119598,36.461107],[-87.120258,36.456691],[-87.120443,36.45546],[-87.120239,36.455339],[-87.117259,36.453575],[-87.115538,36.452554],[-87.101742,36.444382],[-87.098277,36.44233],[-87.097901,36.445586],[-87.09455,36.445039],[-87.095044,36.440269],[-87.09203,36.43849],[-87.083244,36.433301],[-87.082746,36.433008],[-87.081164,36.432074],[-87.077518,36.429954],[-87.077447,36.429913],[-87.073559,36.427653],[-87.073163,36.427404],[-87.063143,36.421415],[-87.044302,36.410318],[-87.039417,36.407438],[-87.03816,36.406699],[-87.032941,36.403624],[-87.029754,36.401748],[-87.027745,36.400564],[-87.027498,36.400478],[-87.019712,36.397621],[-87.017979,36.396989],[-87.017526,36.396825],[-87.016499,36.396451],[-87.013805,36.395469],[-87.01305,36.395195],[-87.008863,36.393667],[-87.005364,36.392392],[-87.004436,36.391232],[-87.003547,36.390083],[-87.000001,36.385487],[-86.995596,36.379796],[-86.992967,36.37624],[-86.989991,36.37224],[-86.988869,36.37074],[-86.988795,36.370711],[-86.988725,36.370749],[-86.987786,36.370208],[-86.986188,36.369472],[-86.985695,36.37088],[-86.983709,36.371452],[-86.982155,36.371123],[-86.979309,36.368298],[-86.977156,36.367175],[-86.973454,36.366248],[-86.971669,36.366581],[-86.971426,36.368435],[-86.97089,36.369524],[-86.971207,36.372303],[-86.97078,36.373391],[-86.96766,36.374024],[-86.965771,36.37408],[-86.96453,36.375173],[-86.96474,36.376106],[-86.962311,36.377128],[-86.959469,36.377119],[-86.957774,36.376779],[-86.956418,36.376899],[-86.954148,36.378872],[-86.951959,36.378675],[-86.94934,36.379377],[-86.946996,36.379096],[-86.943301,36.378226],[-86.941695,36.37828],[-86.937628,36.380122],[-86.936677,36.382621],[-86.936618,36.384486],[-86.937459,36.386346],[-86.936992,36.387643],[-86.935191,36.387493],[-86.933434,36.384983],[-86.931375,36.383608],[-86.927937,36.382513],[-86.924664,36.383855],[-86.923578,36.385066],[-86.919582,36.387092],[-86.918113,36.385657],[-86.916477,36.385714],[-86.91525,36.38378],[-86.913233,36.382621],[-86.914208,36.383541],[-86.912544,36.383823],[-86.912523,36.384952],[-86.91164,36.386105],[-86.910869,36.38814],[-86.90963,36.389899],[-86.908675,36.390457],[-86.907101,36.390404],[-86.904384,36.389499],[-86.901308,36.389065],[-86.898938,36.389979],[-86.898196,36.389921],[-86.897518,36.3896],[-86.89697,36.389464],[-86.894298,36.389097],[-86.893861,36.388528],[-86.893406,36.388212],[-86.892057,36.387896],[-86.89059,36.387065],[-86.890523,36.387053],[-86.889257,36.38667],[-86.886495,36.384023],[-86.886688,36.383402],[-86.885634,36.381777],[-86.883403,36.380333],[-86.881187,36.38092],[-86.879754,36.379991],[-86.878649,36.378677],[-86.878642,36.376094],[-86.87883,36.374678],[-86.877798,36.372446],[-86.876116,36.371892],[-86.875237,36.372313],[-86.874334,36.373698],[-86.871915,36.374238],[-86.870168,36.37419],[-86.86895,36.372827],[-86.864534,36.370294],[-86.86214,36.369569],[-86.862584,36.377239],[-86.862783,36.381035],[-86.858665,36.380738],[-86.852919,36.380135],[-86.853303,36.377245],[-86.854299,36.369796],[-86.854037,36.369561],[-86.852863,36.369223],[-86.851646,36.368091],[-86.851442,36.367102],[-86.849661,36.366377],[-86.84799,36.366444],[-86.844469,36.365148],[-86.844075,36.36406],[-86.84084,36.362901],[-86.840962,36.361939],[-86.839507,36.360785],[-86.838644,36.359378],[-86.836773,36.35838],[-86.836614,36.360246],[-86.834514,36.359843],[-86.834689,36.357864],[-86.8336,36.357471],[-86.833756,36.356724],[-86.830728,36.355995],[-86.830884,36.354544],[-86.830206,36.35343],[-86.826409,36.351273],[-86.825696,36.350699],[-86.825915,36.349635],[-86.824518,36.350475],[-86.823083,36.351648],[-86.821974,36.351632],[-86.818889,36.352704],[-86.815554,36.352602],[-86.812925,36.353563],[-86.809184,36.354989],[-86.80739,36.355445],[-86.803278,36.355473],[-86.802649,36.356738],[-86.798134,36.358413],[-86.797047,36.359611],[-86.795015,36.359874],[-86.79153,36.359802],[-86.790259,36.360038],[-86.787357,36.35964],[-86.787723,36.363284],[-86.786942,36.365767],[-86.788272,36.366319],[-86.789866,36.368738],[-86.791946,36.369321],[-86.791034,36.37676],[-86.787344,36.377118],[-86.784735,36.379441],[-86.783726,36.381827],[-86.784366,36.383281],[-86.782307,36.383717],[-86.782146,36.383752],[-86.782071,36.383768],[-86.782005,36.383797],[-86.781852,36.383868],[-86.781706,36.383978],[-86.781661,36.384016],[-86.781524,36.384137],[-86.780587,36.386743],[-86.780655,36.387168],[-86.781035,36.387866],[-86.781685,36.389075],[-86.781893,36.389588],[-86.781365,36.390049],[-86.777749,36.39115],[-86.773421,36.392399],[-86.772609,36.392519],[-86.772387,36.393241],[-86.769517,36.393369],[-86.768581,36.393752],[-86.766805,36.393915],[-86.76433,36.394289],[-86.763522,36.396842],[-86.763492,36.396898],[-86.763394,36.397094],[-86.764825,36.39814],[-86.764808,36.398223],[-86.764151,36.399722],[-86.762231,36.400318],[-86.760557,36.400717],[-86.758072,36.399867],[-86.756597,36.400441],[-86.755195,36.402458],[-86.755098,36.404433],[-86.754795,36.405496],[-86.753895,36.404295],[-86.751352,36.404763],[-86.748493,36.404694],[-86.745693,36.403097],[-86.74606,36.399644],[-86.744687,36.398845],[-86.743483,36.397743],[-86.741674,36.397337],[-86.741334,36.393156],[-86.740638,36.392802],[-86.740213,36.390717],[-86.740132,36.390486],[-86.738533,36.389506],[-86.737598,36.389215],[-86.736687,36.388815],[-86.735901,36.388218],[-86.735396,36.38759],[-86.734651,36.386988],[-86.73296,36.385061],[-86.732688,36.383659],[-86.731049,36.382165],[-86.730151,36.380264],[-86.729852,36.377844],[-86.728558,36.375472],[-86.728484,36.373224],[-86.727529,36.372316],[-86.727345,36.370525],[-86.726665,36.368849],[-86.726371,36.366173],[-86.725432,36.363348],[-86.725499,36.361623],[-86.726192,36.360972],[-86.725835,36.359994],[-86.724956,36.357736],[-86.725068,36.355462],[-86.72468,36.353429],[-86.722768,36.351313],[-86.723495,36.34768],[-86.721715,36.345972],[-86.722047,36.344383],[-86.721054,36.342076],[-86.718866,36.339532],[-86.717936,36.339013],[-86.717827,36.338987],[-86.717758,36.338971],[-86.716986,36.338177],[-86.716591,36.337845],[-86.71611,36.337542],[-86.715643,36.336823],[-86.715136,36.336441],[-86.714021,36.335998],[-86.713253,36.335378],[-86.712491,36.334961],[-86.711084,36.334593],[-86.710266,36.334064],[-86.710074,36.333726],[-86.709697,36.333606],[-86.709749,36.33373],[-86.709443,36.33384],[-86.708041,36.334165],[-86.70706,36.333519],[-86.70665,36.330547],[-86.704318,36.328955],[-86.704123,36.328651],[-86.703062,36.327775],[-86.702728,36.327642],[-86.70229,36.327668],[-86.701889,36.3275],[-86.701695,36.327542],[-86.701359,36.327778],[-86.700991,36.327963],[-86.700404,36.328129],[-86.700081,36.328129],[-86.699679,36.327981],[-86.699271,36.327749],[-86.699304,36.327723],[-86.698486,36.327192],[-86.697385,36.327098],[-86.696876,36.32673],[-86.69655,36.325944],[-86.696407,36.325241],[-86.696726,36.324307],[-86.697616,36.323515],[-86.697684,36.322685],[-86.697181,36.321921],[-86.696318,36.321421],[-86.695239,36.321377],[-86.693942,36.32113],[-86.693025,36.321174],[-86.692087,36.321042],[-86.691558,36.320714],[-86.688418,36.31991],[-86.687387,36.3182],[-86.687408,36.318129],[-86.687244,36.317826],[-86.6854,36.317395],[-86.684566,36.317017],[-86.681931,36.316137],[-86.681103,36.315641],[-86.679107,36.315375],[-86.677354,36.315328],[-86.676413,36.315163],[-86.67563,36.315383],[-86.674819,36.315243],[-86.674764,36.314666],[-86.675681,36.31421],[-86.675966,36.313776],[-86.675817,36.313458],[-86.675145,36.313721],[-86.67473,36.314122],[-86.673617,36.312847],[-86.673241,36.31229],[-86.672892,36.31234],[-86.672838,36.312213],[-86.672814,36.312128],[-86.672789,36.312063],[-86.672745,36.311897],[-86.672739,36.311871],[-86.672726,36.311818],[-86.672717,36.311788],[-86.67269,36.311701],[-86.672682,36.311672],[-86.672296,36.311055],[-86.672277,36.310224],[-86.672301,36.30984],[-86.672257,36.309454],[-86.672224,36.308924],[-86.669843,36.30684],[-86.667832,36.304893],[-86.666495,36.303505],[-86.667559,36.302161],[-86.667537,36.302038],[-86.668176,36.3013],[-86.668744,36.300577],[-86.655776,36.296738],[-86.649186,36.292835],[-86.642,36.288251],[-86.642192,36.281201],[-86.642261,36.279463],[-86.642589,36.271204],[-86.641251,36.265033],[-86.639095,36.255105],[-86.636633,36.254228],[-86.622798,36.249308],[-86.621012,36.248499],[-86.616226,36.245767],[-86.615092,36.245104],[-86.609988,36.244204],[-86.594286,36.245105],[-86.594395,36.245853],[-86.579554,36.25649],[-86.574376,36.2602],[-86.571095,36.262552],[-86.569759,36.265493],[-86.566293,36.273132],[-86.560941,36.284923],[-86.559794,36.287451],[-86.56177,36.293243],[-86.563075,36.295691],[-86.563755,36.301147],[-86.564433,36.30455],[-86.563834,36.306498],[-86.559894,36.31245],[-86.55937,36.312626],[-86.555698,36.316634],[-86.552842,36.319066],[-86.549338,36.320662],[-86.546578,36.321255],[-86.544946,36.321186],[-86.543434,36.320602],[-86.542378,36.319334],[-86.541394,36.31695],[-86.540194,36.311862],[-86.539922,36.308182],[-86.54033,36.301067],[-86.53957,36.295723],[-86.537826,36.290727],[-86.535946,36.287515],[-86.53357,36.283983],[-86.532277,36.282573],[-86.530386,36.280727],[-86.52633,36.278511],[-86.52453,36.278059],[-86.521642,36.278099],[-86.52005,36.279539],[-86.518434,36.282115],[-86.516994,36.285151],[-86.514818,36.293675],[-86.513426,36.298303],[-86.512754,36.299707],[-86.511298,36.301426],[-86.509276,36.302938],[-86.507114,36.304274],[-86.501234,36.308422],[-86.494304,36.310694],[-86.490871,36.312176],[-86.49047,36.31255],[-86.483229,36.316811],[-86.477322,36.320421],[-86.474093,36.32145],[-86.472606,36.322449],[-86.468031,36.326195],[-86.459414,36.331299],[-86.457073,36.332865],[-86.451721,36.335629],[-86.447305,36.336297],[-86.444737,36.336877],[-86.438225,36.339441],[-86.437184,36.339656],[-86.433665,36.340017],[-86.430937,36.339441],[-86.428008,36.338461],[-86.422552,36.335753],[-86.41884,36.333489],[-86.418392,36.332837],[-86.417712,36.327553],[-86.418552,36.32207],[-86.417304,36.317594],[-86.41544,36.313698],[-86.413166,36.31215],[-86.409961,36.309268],[-86.407812,36.307702],[-86.405004,36.306248],[-86.402791,36.305941],[-86.401068,36.30589],[-86.395583,36.306666],[-86.393113,36.307671],[-86.391863,36.308812],[-86.391289,36.309353],[-86.390778,36.309855],[-86.38916,36.313086],[-86.38912,36.317446],[-86.39044,36.322682],[-86.389728,36.327817],[-86.388208,36.332969],[-86.38624,36.337625],[-86.383992,36.341005],[-86.380816,36.344649],[-86.376888,36.350921],[-86.375705,36.352119],[-86.370409,36.356134],[-86.366388,36.357746],[-86.363902,36.358063],[-86.361323,36.357684],[-86.358691,36.356488],[-86.355366,36.354428],[-86.352971,36.352696],[-86.351025,36.352292],[-86.346517,36.345112],[-86.345651,36.34089],[-86.346094,36.329848],[-86.346839,36.328841],[-86.349405,36.326806],[-86.353223,36.324803],[-86.356287,36.322251],[-86.361281,36.315434],[-86.361626,36.31442],[-86.362023,36.311505],[-86.360512,36.309843],[-86.358539,36.309236],[-86.356661,36.309475],[-86.354816,36.309711],[-86.348547,36.312299],[-86.344832,36.314195],[-86.339858,36.316497],[-86.336409,36.317877],[-86.333865,36.318525],[-86.330452,36.318772],[-86.32074,36.316919],[-86.315952,36.315397],[-86.307046,36.312894],[-86.300075,36.312374],[-86.298452,36.313634],[-86.298289,36.315367],[-86.297198,36.320008],[-86.296613,36.324065],[-86.296429,36.334636],[-86.295987,36.336491],[-86.294477,36.339005],[-86.290883,36.343376],[-86.287291,36.346174],[-86.283256,36.3475],[-86.27911,36.348523],[-86.275903,36.348476],[-86.272764,36.347579],[-86.26913,36.344862],[-86.267291,36.341395],[-86.265761,36.337369],[-86.264578,36.331102],[-86.264643,36.328292],[-86.266212,36.325639],[-86.271176,36.318233],[-86.27258,36.315441],[-86.273072,36.313277],[-86.27347,36.309364],[-86.272664,36.307286],[-86.269869,36.304243],[-86.266136,36.300863],[-86.263446,36.299448],[-86.260942,36.299665],[-86.257999,36.300393],[-86.252546,36.302829],[-86.249275,36.30582],[-86.248042,36.308446],[-86.247399,36.311521],[-86.247391,36.317587],[-86.24775,36.323038],[-86.248322,36.327415],[-86.247123,36.331121],[-86.245715,36.334643],[-86.244456,36.336405],[-86.230096,36.349172],[-86.228669,36.349217],[-86.226251,36.348957],[-86.226996,36.342692],[-86.223078,36.342138],[-86.217884,36.341625],[-86.21533,36.343248],[-86.212355,36.344674],[-86.210505,36.343825],[-86.209252,36.342842],[-86.207752,36.342621],[-86.20656,36.342659],[-86.206404,36.336509],[-86.204069,36.332321],[-86.199587,36.327931],[-86.197593,36.326234],[-86.189251,36.320088],[-86.186203,36.319225],[-86.184277,36.319287],[-86.180825,36.321587],[-86.177011,36.325961],[-86.175916,36.328836],[-86.175016,36.328234],[-86.174463,36.327865]]],[[[-86.709697,36.333606],[-86.709671,36.333553],[-86.709301,36.333251],[-86.707993,36.332843],[-86.707471,36.33074],[-86.706567,36.329063],[-86.70358,36.327297],[-86.70302,36.32717],[-86.702256,36.326777],[-86.699705,36.327249],[-86.699304,36.327723],[-86.699669,36.327924],[-86.700214,36.328108],[-86.700499,36.328058],[-86.701134,36.327806],[-86.70152,36.32762],[-86.701898,36.327411],[-86.702376,36.327243],[-86.702782,36.327189],[-86.703036,36.327213],[-86.703328,36.327307],[-86.703559,36.327449],[-86.703939,36.327752],[-86.704177,36.327977],[-86.704501,36.328447],[-86.704687,36.328658],[-86.704897,36.328779],[-86.706011,36.329004],[-86.70631,36.329136],[-86.706643,36.329411],[-86.706759,36.329746],[-86.706983,36.330213],[-86.707119,36.330631],[-86.707255,36.330823],[-86.707533,36.33134],[-86.707567,36.33162],[-86.707493,36.331774],[-86.707323,36.331999],[-86.707228,36.332329],[-86.707208,36.332642],[-86.707235,36.332994],[-86.70752,36.333461],[-86.707819,36.333873],[-86.707962,36.333972],[-86.708145,36.333961],[-86.708498,36.33384],[-86.70877,36.333719],[-86.709076,36.333626],[-86.709508,36.333571],[-86.709697,36.333606]]],[[[-86.293483,36.24919],[-86.293542,36.248482],[-86.288718,36.247984],[-86.288634,36.249184],[-86.293483,36.24919]]]]}},{"type":"Feature","properties":{"id":7,"NAME":"47108112007","TotalPop":918619,"PopDevPct":0.19631926,"DemPct":0.35022853,"RepPct":0.63482447,"WhitePct":0.7211469,"MinorityPct":0.2788531,"BlackPct":0.16600547,"HispanicPct":0.04939885,"PacificPct":0.00238406,"AsianPct":0.04190835,"NativePct":0.0198272,"TotalVAP":691676,"Margin":-0.14977147,"color":"#ff5700","opacity":"0.5"},"geometry":{"type":"MultiPolygon","coordinates":[[[[-87.687622,35.532369],[-87.686748,35.540039],[-87.685834,35.548065],[-87.686135,35.549052],[-87.686434,35.549552],[-87.686867,35.549822],[-87.688165,35.550173],[-87.688493,35.551525],[-87.687529,35.552813],[-87.684083,35.553419],[-87.681693,35.554185],[-87.681279,35.555502],[-87.68198,35.556737],[-87.681102,35.557715],[-87.679008,35.55652],[-87.678228,35.554766],[-87.676964,35.554227],[-87.6765,35.553322],[-87.67491,35.55337],[-87.673996,35.551907],[-87.673469,35.551434],[-87.671018,35.551369],[-87.670431,35.551917],[-87.669348,35.553257],[-87.667748,35.553534],[-87.666428,35.553102],[-87.665327,35.553815],[-87.665252,35.55503],[-87.664426,35.55515],[-87.663744,35.556303],[-87.663703,35.557426],[-87.662708,35.558352],[-87.661639,35.558468],[-87.661373,35.558647],[-87.660789,35.559668],[-87.65932,35.559864],[-87.658356,35.560394],[-87.657955,35.560327],[-87.657899,35.560419],[-87.657798,35.560682],[-87.655622,35.563542],[-87.654958,35.563316],[-87.652899,35.564674],[-87.652291,35.564668],[-87.652178,35.564677],[-87.652068,35.564713],[-87.651755,35.564864],[-87.651637,35.56507],[-87.651599,35.565293],[-87.651901,35.56608],[-87.652223,35.567036],[-87.652314,35.567426],[-87.652359,35.567619],[-87.652403,35.567781],[-87.652421,35.567934],[-87.652417,35.56806],[-87.652372,35.568198],[-87.652332,35.568278],[-87.652265,35.568354],[-87.652167,35.568434],[-87.652082,35.568477],[-87.651998,35.568521],[-87.65191,35.568555],[-87.651707,35.568615],[-87.65161,35.568596],[-87.651424,35.56856],[-87.651199,35.568605],[-87.651007,35.568762],[-87.650954,35.569076],[-87.651009,35.569331],[-87.651131,35.569489],[-87.651289,35.569547],[-87.651288,35.569563],[-87.651339,35.569684],[-87.651346,35.569721],[-87.651367,35.56982],[-87.651365,35.569965],[-87.651329,35.570097],[-87.651285,35.5702],[-87.651235,35.570227],[-87.651075,35.570316],[-87.650629,35.570765],[-87.651445,35.571883],[-87.651535,35.572001],[-87.65162,35.572137],[-87.651624,35.572174],[-87.651633,35.572246],[-87.651616,35.572356],[-87.651568,35.572464],[-87.651462,35.5726],[-87.651336,35.572697],[-87.651304,35.572722],[-87.651138,35.572761],[-87.651056,35.572753],[-87.650989,35.572748],[-87.650524,35.572725],[-87.650383,35.57291],[-87.650404,35.573136],[-87.650631,35.573302],[-87.650734,35.573393],[-87.650774,35.576111],[-87.649795,35.57723],[-87.648788,35.579876],[-87.650702,35.58136],[-87.651767,35.583763],[-87.651205,35.585876],[-87.650929,35.586729],[-87.650306,35.587523],[-87.649454,35.58824],[-87.648534,35.590869],[-87.651558,35.593218],[-87.651761,35.594798],[-87.652412,35.595701],[-87.654922,35.596942],[-87.654929,35.598147],[-87.655777,35.598793],[-87.655434,35.600633],[-87.656738,35.602083],[-87.656644,35.604217],[-87.657684,35.605872],[-87.657557,35.607973],[-87.658189,35.609349],[-87.660768,35.609005],[-87.661749,35.610861],[-87.660767,35.612532],[-87.661496,35.614365],[-87.663028,35.615524],[-87.66376,35.61589],[-87.665489,35.617772],[-87.667394,35.618462],[-87.668075,35.619025],[-87.669131,35.619514],[-87.671363,35.621058],[-87.67231,35.621064],[-87.67313,35.621812],[-87.67324,35.622545],[-87.673398,35.622819],[-87.67404,35.623019],[-87.674761,35.623598],[-87.675758,35.624192],[-87.675759,35.624547],[-87.676193,35.625069],[-87.676451,35.625755],[-87.676483,35.627054],[-87.676818,35.627497],[-87.677729,35.627496],[-87.679732,35.627834],[-87.681024,35.629575],[-87.683879,35.629951],[-87.685279,35.631144],[-87.686891,35.633702],[-87.688176,35.634283],[-87.692921,35.634509],[-87.693858,35.635875],[-87.695822,35.637089],[-87.697091,35.63855],[-87.698152,35.638141],[-87.699575,35.638271],[-87.700945,35.639197],[-87.702668,35.639389],[-87.703261,35.640647],[-87.704248,35.641348],[-87.706355,35.641604],[-87.707489,35.642425],[-87.708172,35.644022],[-87.708057,35.645353],[-87.710556,35.645286],[-87.711889,35.646954],[-87.714457,35.646314],[-87.716515,35.646755],[-87.718664,35.648326],[-87.71905,35.649173],[-87.7211,35.650074],[-87.724306,35.650347],[-87.726062,35.652478],[-87.726113,35.654479],[-87.72757,35.655065],[-87.729606,35.654491],[-87.730642,35.655224],[-87.732977,35.655915],[-87.733083,35.656931],[-87.73385,35.657701],[-87.73574,35.658303],[-87.73729,35.659455],[-87.737238,35.660213],[-87.738249,35.66036],[-87.739199,35.661494],[-87.741955,35.661907],[-87.743122,35.663436],[-87.74375,35.663952],[-87.741369,35.67929],[-87.738932,35.695047],[-87.738738,35.696346],[-87.737811,35.702342],[-87.72596,35.701485],[-87.723959,35.704263],[-87.710669,35.703616],[-87.710185,35.70861],[-87.707417,35.709556],[-87.704582,35.710185],[-87.70183,35.70987],[-87.700462,35.709339],[-87.697268,35.708788],[-87.692634,35.708675],[-87.690512,35.708129],[-87.685474,35.709737],[-87.683956,35.710643],[-87.682653,35.71074],[-87.680658,35.711906],[-87.677603,35.715425],[-87.674013,35.714929],[-87.672381,35.715497],[-87.672271,35.715261],[-87.670808,35.713896],[-87.670427,35.712986],[-87.671459,35.711726],[-87.670905,35.709898],[-87.670224,35.709557],[-87.66998,35.707446],[-87.667651,35.704605],[-87.66753,35.70372],[-87.665422,35.703307],[-87.664931,35.702064],[-87.663035,35.702364],[-87.66132,35.701751],[-87.660338,35.702015],[-87.658822,35.701436],[-87.651338,35.705564],[-87.653061,35.702871],[-87.653365,35.699611],[-87.655352,35.698096],[-87.654322,35.696445],[-87.654594,35.695669],[-87.656196,35.694338],[-87.653856,35.691995],[-87.652728,35.68829],[-87.650808,35.687986],[-87.64993,35.68845],[-87.649469,35.690482],[-87.648159,35.692119],[-87.647609,35.693638],[-87.645339,35.694817],[-87.644301,35.694832],[-87.642664,35.695725],[-87.64004,35.698727],[-87.636661,35.70388],[-87.637681,35.705997],[-87.634494,35.707205],[-87.631749,35.710769],[-87.629224,35.712505],[-87.626666,35.71602],[-87.625103,35.717127],[-87.624693,35.717143],[-87.624712,35.71669],[-87.623955,35.717292],[-87.620784,35.717925],[-87.6183,35.719071],[-87.617304,35.718134],[-87.600588,35.702676],[-87.59671,35.703205],[-87.59382,35.704399],[-87.593612,35.705927],[-87.592611,35.707443],[-87.588325,35.710504],[-87.588879,35.711946],[-87.590263,35.713406],[-87.590066,35.714634],[-87.591049,35.71657],[-87.590145,35.717745],[-87.588928,35.720359],[-87.58616,35.722301],[-87.586047,35.722807],[-87.592335,35.721874],[-87.592769,35.722772],[-87.592058,35.725645],[-87.590299,35.728091],[-87.588894,35.728812],[-87.58799,35.730293],[-87.586107,35.732006],[-87.586157,35.735301],[-87.583932,35.736166],[-87.57926,35.735051],[-87.576783,35.7356],[-87.575615,35.735129],[-87.575123,35.735958],[-87.572968,35.737494],[-87.57166,35.736565],[-87.571503,35.735658],[-87.569665,35.734337],[-87.56809,35.729361],[-87.567441,35.72845],[-87.567324,35.725569],[-87.560803,35.726626],[-87.549265,35.728365],[-87.548671,35.728976],[-87.546703,35.730769],[-87.546358,35.731804],[-87.545072,35.732958],[-87.544269,35.732834],[-87.542733,35.733837],[-87.543064,35.7342],[-87.540147,35.736118],[-87.539194,35.738046],[-87.538133,35.739169],[-87.535582,35.736873],[-87.533473,35.73502],[-87.529368,35.734685],[-87.529895,35.73645],[-87.527941,35.737907],[-87.526177,35.738168],[-87.524675,35.737004],[-87.523931,35.735004],[-87.522993,35.734587],[-87.521793,35.732789],[-87.520149,35.731007],[-87.520125,35.72962],[-87.521766,35.729046],[-87.521831,35.728122],[-87.520671,35.725878],[-87.519164,35.725231],[-87.51869,35.724191],[-87.519264,35.723423],[-87.518673,35.72224],[-87.517694,35.721812],[-87.517176,35.720624],[-87.517782,35.720029],[-87.517358,35.719368],[-87.514536,35.71802],[-87.512507,35.717876],[-87.513515,35.722208],[-87.514276,35.723639],[-87.510618,35.724058],[-87.509163,35.7247],[-87.507016,35.72507],[-87.506019,35.727526],[-87.504317,35.729785],[-87.503946,35.730767],[-87.506259,35.73431],[-87.506335,35.736987],[-87.507033,35.737936],[-87.506137,35.738965],[-87.504892,35.739442],[-87.503348,35.74108],[-87.501101,35.742652],[-87.500426,35.743753],[-87.500304,35.746501],[-87.4994,35.747825],[-87.499539,35.750487],[-87.500821,35.751311],[-87.495673,35.756086],[-87.494255,35.756387],[-87.493591,35.755228],[-87.491398,35.754606],[-87.489655,35.755209],[-87.487743,35.756378],[-87.48442,35.756444],[-87.482592,35.757625],[-87.481494,35.759141],[-87.481584,35.760116],[-87.483778,35.760328],[-87.486587,35.761791],[-87.486343,35.767173],[-87.487422,35.767228],[-87.487648,35.768437],[-87.487105,35.771167],[-87.48684,35.774061],[-87.488226,35.774173],[-87.491721,35.774488],[-87.493733,35.774958],[-87.493781,35.772793],[-87.496563,35.77355],[-87.500657,35.77512],[-87.503807,35.776662],[-87.507895,35.778615],[-87.510801,35.778848],[-87.51558,35.779987],[-87.516346,35.780356],[-87.51613,35.781598],[-87.515378,35.781577],[-87.515355,35.78191],[-87.514034,35.781709],[-87.512199,35.783699],[-87.506303,35.782859],[-87.501826,35.780767],[-87.497982,35.785089],[-87.493501,35.790413],[-87.4996,35.790887],[-87.500113,35.787844],[-87.506852,35.788302],[-87.510911,35.789398],[-87.512182,35.790025],[-87.512136,35.791661],[-87.513005,35.79413],[-87.514411,35.796696],[-87.514748,35.79718],[-87.515805,35.798735],[-87.517851,35.802993],[-87.51961,35.805698],[-87.515588,35.811762],[-87.51439,35.813136],[-87.512231,35.814838],[-87.510731,35.817085],[-87.511465,35.818927],[-87.514617,35.820678],[-87.518729,35.822289],[-87.519943,35.822507],[-87.524486,35.822483],[-87.52679,35.821977],[-87.527594,35.821268],[-87.527994,35.819985],[-87.529259,35.819627],[-87.530815,35.817628],[-87.530879,35.81478],[-87.531319,35.811918],[-87.532627,35.807804],[-87.53236,35.806823],[-87.530911,35.804699],[-87.526965,35.80073],[-87.525909,35.798049],[-87.526506,35.796092],[-87.528954,35.794557],[-87.532877,35.794041],[-87.535724,35.794629],[-87.540223,35.79598],[-87.542967,35.797027],[-87.545055,35.798036],[-87.546634,35.79984],[-87.547616,35.802242],[-87.548095,35.804489],[-87.549219,35.808039],[-87.550629,35.810129],[-87.550901,35.812095],[-87.550187,35.814486],[-87.547772,35.818498],[-87.548502,35.819813],[-87.549521,35.82023],[-87.551549,35.82007],[-87.553883,35.820674],[-87.557149,35.820024],[-87.559478,35.819043],[-87.558887,35.820423],[-87.559159,35.822881],[-87.560409,35.824147],[-87.560627,35.827382],[-87.558894,35.828319],[-87.555525,35.831172],[-87.555377,35.832871],[-87.553843,35.834427],[-87.55173,35.833133],[-87.552844,35.831501],[-87.552977,35.829981],[-87.550584,35.826296],[-87.550505,35.825021],[-87.548704,35.822878],[-87.547138,35.823091],[-87.546303,35.823847],[-87.54598,35.825479],[-87.546826,35.825949],[-87.547709,35.828204],[-87.544284,35.82939],[-87.544391,35.830258],[-87.543619,35.832597],[-87.542341,35.834759],[-87.542398,35.835706],[-87.541037,35.83836],[-87.539696,35.839953],[-87.535836,35.840201],[-87.534985,35.840302],[-87.536417,35.841547],[-87.539717,35.842482],[-87.541888,35.841392],[-87.542519,35.842046],[-87.543264,35.844118],[-87.544478,35.845301],[-87.547847,35.846927],[-87.549111,35.848521],[-87.551557,35.849702],[-87.553321,35.851803],[-87.555745,35.850942],[-87.556772,35.851005],[-87.558366,35.851903],[-87.558562,35.854322],[-87.55916,35.857302],[-87.559076,35.858838],[-87.558425,35.862138],[-87.559041,35.865367],[-87.560014,35.866864],[-87.560798,35.870019],[-87.563043,35.873716],[-87.563454,35.875692],[-87.563393,35.87753],[-87.562628,35.878869],[-87.562235,35.879722],[-87.563795,35.883085],[-87.560652,35.883164],[-87.557784,35.882808],[-87.553998,35.883563],[-87.54994,35.886104],[-87.546737,35.885984],[-87.545239,35.886347],[-87.543616,35.885994],[-87.541226,35.884465],[-87.538076,35.884037],[-87.536416,35.882956],[-87.531361,35.883016],[-87.527769,35.880492],[-87.526717,35.879366],[-87.526684,35.87738],[-87.522353,35.874835],[-87.51977,35.873267],[-87.518922,35.873087],[-87.517804,35.872913],[-87.516553,35.871438],[-87.514511,35.871342],[-87.512552,35.870721],[-87.509118,35.872134],[-87.507193,35.872543],[-87.506632,35.872502],[-87.505342,35.872211],[-87.502282,35.871921],[-87.500909,35.870734],[-87.500247,35.869934],[-87.498141,35.869329],[-87.495299,35.869035],[-87.492616,35.865272],[-87.489798,35.863844],[-87.485345,35.862051],[-87.483264,35.860444],[-87.480747,35.859321],[-87.478932,35.859747],[-87.477602,35.860731],[-87.475009,35.860574],[-87.47247,35.86027],[-87.469869,35.860548],[-87.468991,35.861963],[-87.468861,35.859574],[-87.468879,35.859422],[-87.468766,35.858612],[-87.467575,35.857638],[-87.461513,35.855111],[-87.461385,35.855058],[-87.461329,35.855034],[-87.460971,35.854883],[-87.460781,35.854803],[-87.460599,35.854727],[-87.457451,35.853405],[-87.453543,35.851753],[-87.450838,35.85025],[-87.444124,35.845627],[-87.441013,35.84865],[-87.436299,35.845873],[-87.429142,35.84154],[-87.42763,35.840626],[-87.426621,35.839432],[-87.428165,35.839319],[-87.428233,35.838747],[-87.433351,35.838961],[-87.433857,35.837484],[-87.432984,35.83585],[-87.431659,35.83626],[-87.428562,35.8371],[-87.427947,35.835981],[-87.426858,35.836343],[-87.422285,35.837889],[-87.417579,35.839469],[-87.413515,35.840839],[-87.412274,35.841258],[-87.407081,35.843036],[-87.398902,35.847344],[-87.400476,35.848455],[-87.400217,35.850495],[-87.401411,35.853696],[-87.401796,35.855852],[-87.405328,35.856954],[-87.410815,35.857668],[-87.412584,35.858296],[-87.412769,35.858356],[-87.414091,35.858811],[-87.418584,35.858191],[-87.42144,35.858005],[-87.424498,35.857382],[-87.425707,35.857672],[-87.429005,35.859393],[-87.430674,35.860384],[-87.43279,35.8625],[-87.433726,35.864435],[-87.434917,35.865585],[-87.435566,35.867853],[-87.434896,35.869054],[-87.432263,35.869452],[-87.429837,35.869593],[-87.427834,35.871607],[-87.426401,35.872112],[-87.42523,35.870981],[-87.422714,35.86852],[-87.420126,35.870371],[-87.419856,35.870218],[-87.417997,35.870955],[-87.416548,35.872368],[-87.416029,35.873484],[-87.412675,35.873496],[-87.41198,35.8732],[-87.408797,35.873137],[-87.407934,35.873452],[-87.407309,35.875494],[-87.405894,35.877625],[-87.40362,35.878043],[-87.402685,35.878935],[-87.402424,35.880825],[-87.401212,35.881254],[-87.400534,35.88049],[-87.400571,35.877406],[-87.397639,35.877308],[-87.395356,35.878273],[-87.391913,35.880824],[-87.39061,35.881281],[-87.389806,35.881911],[-87.386849,35.8824],[-87.38548,35.882821],[-87.382313,35.883555],[-87.382785,35.886357],[-87.383482,35.888213],[-87.383154,35.889538],[-87.381767,35.891691],[-87.380086,35.893238],[-87.379312,35.894615],[-87.378838,35.898176],[-87.379454,35.899623],[-87.38095,35.900557],[-87.381506,35.902832],[-87.380882,35.90441],[-87.377243,35.907226],[-87.375059,35.909973],[-87.375136,35.910075],[-87.38051,35.910455],[-87.385128,35.910783],[-87.387476,35.911185],[-87.390823,35.911928],[-87.394525,35.911831],[-87.398813,35.910911],[-87.402161,35.91218],[-87.40382,35.911343],[-87.403358,35.91049],[-87.404616,35.907846],[-87.405827,35.907415],[-87.407046,35.907724],[-87.408256,35.906399],[-87.411579,35.907209],[-87.412811,35.908744],[-87.414832,35.910194],[-87.416614,35.912978],[-87.417839,35.913128],[-87.418831,35.914184],[-87.418031,35.914573],[-87.421371,35.915214],[-87.42261,35.915189],[-87.424841,35.91586],[-87.430007,35.918651],[-87.428186,35.919634],[-87.426762,35.92232],[-87.426145,35.924422],[-87.426667,35.92649],[-87.42787,35.92662],[-87.428441,35.928179],[-87.42488,35.930598],[-87.423568,35.930176],[-87.420604,35.931364],[-87.420059,35.932262],[-87.416768,35.932165],[-87.416228,35.935268],[-87.414626,35.935152],[-87.415524,35.937272],[-87.414351,35.9391],[-87.41257,35.939548],[-87.412202,35.939511],[-87.411603,35.937625],[-87.410274,35.93723],[-87.409115,35.938998],[-87.407759,35.940163],[-87.405763,35.940427],[-87.40426,35.939986],[-87.400757,35.940011],[-87.39912,35.938497],[-87.397029,35.938007],[-87.393648,35.936495],[-87.391429,35.936573],[-87.385413,35.931731],[-87.384484,35.92958],[-87.38064,35.928072],[-87.378151,35.929809],[-87.377129,35.927575],[-87.374133,35.927803],[-87.373222,35.929491],[-87.372371,35.929733],[-87.369471,35.929317],[-87.368626,35.929992],[-87.367364,35.92874],[-87.363926,35.928153],[-87.363469,35.926384],[-87.362076,35.924962],[-87.362365,35.924159],[-87.363805,35.923054],[-87.363999,35.921722],[-87.361634,35.919589],[-87.358671,35.918144],[-87.359117,35.915986],[-87.355909,35.915338],[-87.354577,35.914925],[-87.352993,35.915156],[-87.349351,35.917739],[-87.348141,35.91797],[-87.346607,35.919864],[-87.346234,35.919945],[-87.345796,35.919717],[-87.345467,35.919843],[-87.345417,35.919866],[-87.345383,35.919832],[-87.342111,35.921346],[-87.341228,35.922278],[-87.339293,35.923048],[-87.338651,35.923335],[-87.336124,35.920633],[-87.335032,35.919455],[-87.33392,35.920409],[-87.331491,35.920262],[-87.329346,35.92008],[-87.328465,35.919977],[-87.328059,35.920796],[-87.325827,35.923344],[-87.322163,35.925115],[-87.322006,35.925146],[-87.311716,35.928009],[-87.310337,35.928391],[-87.310063,35.927968],[-87.302439,35.92644],[-87.299938,35.925656],[-87.297224,35.922866],[-87.295844,35.921771],[-87.295418,35.920026],[-87.293577,35.918863],[-87.291301,35.917954],[-87.290242,35.916582],[-87.290191,35.914392],[-87.289016,35.913513],[-87.2857,35.911766],[-87.289846,35.911929],[-87.288835,35.909707],[-87.288583,35.907934],[-87.287573,35.907011],[-87.286266,35.903002],[-87.285905,35.902533],[-87.284624,35.896454],[-87.283855,35.89598],[-87.283149,35.894465],[-87.281734,35.893669],[-87.281481,35.893742],[-87.280474,35.893504],[-87.278656,35.891843],[-87.27723,35.888577],[-87.277464,35.888079],[-87.276335,35.885468],[-87.276274,35.885358],[-87.271542,35.888083],[-87.269464,35.888987],[-87.26893,35.889888],[-87.268423,35.890224],[-87.268773,35.890501],[-87.268196,35.89178],[-87.270168,35.895659],[-87.265638,35.895796],[-87.263161,35.893738],[-87.262205,35.893085],[-87.260142,35.893576],[-87.256406,35.89563],[-87.255831,35.895695],[-87.255493,35.895783],[-87.253778,35.897159],[-87.25196,35.900599],[-87.251134,35.901497],[-87.250401,35.903037],[-87.247987,35.903541],[-87.247464,35.904313],[-87.246916,35.907111],[-87.246966,35.908412],[-87.244512,35.90967],[-87.242945,35.909303],[-87.242429,35.909769],[-87.241115,35.910206],[-87.239581,35.911743],[-87.237615,35.912264],[-87.236396,35.913235],[-87.235397,35.914967],[-87.234773,35.915233],[-87.233167,35.916296],[-87.231834,35.916833],[-87.229815,35.916237],[-87.227817,35.915521],[-87.225615,35.914173],[-87.224508,35.913006],[-87.223467,35.913456],[-87.222913,35.916382],[-87.218312,35.919447],[-87.215779,35.919475],[-87.214051,35.920774],[-87.212447,35.920118],[-87.21041,35.920063],[-87.206093,35.916301],[-87.20507,35.914639],[-87.202839,35.93104],[-87.202103,35.935994],[-87.202092,35.936075],[-87.19644,35.93769],[-87.192813,35.938722],[-87.190247,35.939449],[-87.189945,35.939535],[-87.188801,35.939861],[-87.187674,35.940181],[-87.184534,35.94093],[-87.182511,35.940872],[-87.166695,35.938976],[-87.164833,35.938759],[-87.163819,35.938679],[-87.162183,35.938642],[-87.160371,35.938741],[-87.158388,35.939006],[-87.156325,35.939471],[-87.154694,35.939983],[-87.152904,35.940721],[-87.151634,35.941368],[-87.153404,35.941635],[-87.15407,35.942952],[-87.154446,35.943822],[-87.15295,35.944483],[-87.152088,35.942981],[-87.153722,35.942401],[-87.153352,35.941657],[-87.151305,35.941609],[-87.151494,35.951727],[-87.151528,35.953447],[-87.151617,35.958682],[-87.151472,35.959315],[-87.15163,35.959319],[-87.153681,35.959383],[-87.154523,35.954231],[-87.155472,35.954604],[-87.155617,35.954662],[-87.156456,35.955008],[-87.159293,35.956263],[-87.160843,35.956807],[-87.161304,35.956925],[-87.162306,35.957153],[-87.162003,35.957948],[-87.164037,35.958449],[-87.163738,35.961017],[-87.16494,35.961124],[-87.164977,35.962245],[-87.168964,35.962683],[-87.168247,35.964507],[-87.169022,35.965083],[-87.167271,35.966238],[-87.163963,35.964342],[-87.163945,35.964336],[-87.163306,35.964433],[-87.156681,35.963832],[-87.156613,35.965301],[-87.151435,35.965209],[-87.15125,35.966221],[-87.151894,35.967678],[-87.152962,35.969212],[-87.157771,35.96952],[-87.156967,35.974211],[-87.156858,35.976417],[-87.158831,35.978471],[-87.157638,35.979843],[-87.155414,35.981082],[-87.15523,35.982408],[-87.155224,35.984167],[-87.154762,35.987148],[-87.154548,35.987268],[-87.154529,35.987441],[-87.154529,35.98746],[-87.154515,35.9877],[-87.154481,35.987901],[-87.154474,35.987963],[-87.15445,35.988171],[-87.154462,35.988418],[-87.15401,35.988398],[-87.154077,35.987537],[-87.152158,35.988279],[-87.151558,35.988396],[-87.150885,35.988578],[-87.148806,35.988883],[-87.14856,35.988873],[-87.147125,35.988766],[-87.146547,35.988716],[-87.146084,35.988616],[-87.142388,35.986371],[-87.141562,35.985762],[-87.141383,35.985488],[-87.141411,35.984844],[-87.140367,35.984092],[-87.13954,35.983881],[-87.137276,35.983954],[-87.136642,35.983887],[-87.134969,35.982502],[-87.134441,35.982194],[-87.134064,35.982211],[-87.133331,35.98246],[-87.132326,35.982776],[-87.131363,35.982994],[-87.129303,35.983376],[-87.129344,35.983535],[-87.12909,35.986096],[-87.129127,35.986294],[-87.13069,35.988324],[-87.130832,35.98857],[-87.131361,35.990448],[-87.131822,35.991596],[-87.132412,35.994214],[-87.132964,35.995356],[-87.132997,35.99574],[-87.132635,35.996182],[-87.131699,35.996887],[-87.132222,35.997436],[-87.13343,35.998703],[-87.131707,36.000179],[-87.131493,36.001592],[-87.131297,36.002279],[-87.129771,36.001267],[-87.128679,36.004491],[-87.128842,36.005716],[-87.128523,36.008991],[-87.127535,36.008947],[-87.126161,36.008879],[-87.126667,36.001828],[-87.120231,36.001187],[-87.119335,36.00079],[-87.110185,35.99741],[-87.108519,35.996816],[-87.10603,35.995825],[-87.105857,35.995034],[-87.10562,35.994522],[-87.105839,35.994083],[-87.106296,35.994252],[-87.107522,35.994985],[-87.108841,35.996136],[-87.109123,35.995368],[-87.109052,35.994466],[-87.109204,35.994055],[-87.109666,35.993774],[-87.110214,35.992996],[-87.108849,35.992526],[-87.107263,35.992327],[-87.1061,35.991941],[-87.10476,35.990067],[-87.105136,35.987176],[-87.107225,35.986509],[-87.108225,35.986115],[-87.108498,35.98251],[-87.108745,35.977916],[-87.108093,35.977592],[-87.1082,35.976281],[-87.108235,35.974802],[-87.110375,35.972625],[-87.107992,35.970597],[-87.107789,35.969752],[-87.107764,35.967833],[-87.106805,35.966679],[-87.106161,35.964686],[-87.103668,35.963272],[-87.102667,35.962227],[-87.099071,35.962815],[-87.095375,35.96113],[-87.091151,35.961989],[-87.088696,35.962739],[-87.084522,35.962553],[-87.079056,35.960789],[-87.077698,35.960686],[-87.07692,35.96032],[-87.076508,35.95901],[-87.078794,35.954576],[-87.080122,35.95364],[-87.081596,35.950821],[-87.081653,35.949162],[-87.081168,35.947902],[-87.081656,35.947375],[-87.081298,35.947304],[-87.080417,35.948736],[-87.080512,35.949764],[-87.080445,35.950534],[-87.080296,35.950995],[-87.079911,35.951638],[-87.079364,35.95204],[-87.078471,35.952067],[-87.078188,35.952342],[-87.078275,35.952886],[-87.078587,35.953799],[-87.078585,35.954369],[-87.078432,35.954271],[-87.078357,35.953507],[-87.078079,35.952897],[-87.078046,35.952282],[-87.078302,35.95193],[-87.079391,35.951891],[-87.079918,35.951402],[-87.080215,35.950781],[-87.080337,35.950231],[-87.08033,35.949379],[-87.080208,35.948736],[-87.079978,35.948363],[-87.077903,35.948671],[-87.076662,35.948066],[-87.076538,35.948532],[-87.075928,35.947968],[-87.074197,35.947529],[-87.073486,35.947479],[-87.072563,35.947267],[-87.071769,35.94678],[-87.071185,35.946695],[-87.069707,35.946062],[-87.069191,35.945744],[-87.067682,35.945194],[-87.066272,35.944758],[-87.065899,35.944536],[-87.065159,35.943623],[-87.064018,35.9431],[-87.062896,35.942152],[-87.062214,35.941886],[-87.060993,35.940972],[-87.060416,35.940793],[-87.059611,35.940216],[-87.059368,35.940297],[-87.058119,35.939579],[-87.056875,35.939026],[-87.056212,35.938643],[-87.056105,35.938267],[-87.055044,35.937893],[-87.053557,35.937575],[-87.0518,35.93758],[-87.051279,35.937399],[-87.050435,35.936893],[-87.049765,35.936975],[-87.049428,35.936386],[-87.048947,35.935917],[-87.048479,35.935789],[-87.04792,35.935819],[-87.046692,35.936129],[-87.046048,35.936128],[-87.044814,35.935739],[-87.044571,35.935782],[-87.043331,35.935565],[-87.043087,35.935401],[-87.042816,35.934856],[-87.041457,35.930897],[-87.040734,35.92852],[-87.040444,35.927934],[-87.039881,35.927199],[-87.039283,35.926743],[-87.038096,35.926008],[-87.035824,35.924459],[-87.03447,35.923704],[-87.038229,35.921459],[-87.0392,35.918877],[-87.03918,35.915874],[-87.037577,35.911531],[-87.03854,35.909732],[-87.044158,35.907633],[-87.045864,35.906486],[-87.046013,35.904303],[-87.045661,35.903088],[-87.047062,35.902013],[-87.049838,35.901954],[-87.049999,35.901483],[-87.049216,35.897912],[-87.049533,35.897103],[-87.052848,35.894731],[-87.053514,35.892314],[-87.051785,35.892911],[-87.049836,35.894199],[-87.047233,35.895328],[-87.04592,35.895502],[-87.041523,35.895257],[-87.038887,35.895592],[-87.035281,35.895376],[-87.032923,35.894749],[-87.029693,35.894254],[-87.022632,35.892602],[-87.020076,35.892013],[-87.013842,35.889164],[-87.012007,35.890649],[-87.011795,35.890804],[-87.009499,35.888652],[-87.008172,35.888038],[-87.005207,35.886055],[-87.00771,35.88546],[-87.010285,35.885217],[-87.011757,35.883298],[-87.014688,35.882614],[-87.01498,35.881257],[-87.014772,35.878618],[-87.015388,35.87664],[-87.01375,35.870691],[-87.01266,35.86988],[-87.012412,35.870422],[-87.011744,35.86984],[-87.009548,35.868277],[-87.005681,35.867468],[-87.003449,35.867271],[-87.003599,35.866189],[-86.999157,35.865469],[-86.996662,35.866035],[-86.994005,35.872266],[-86.992471,35.87593],[-86.98943,35.87589],[-86.989632,35.878484],[-86.989331,35.880667],[-86.988364,35.881925],[-86.989483,35.88296],[-86.990278,35.883583],[-86.990289,35.885098],[-86.987746,35.889655],[-86.988046,35.892221],[-86.990816,35.892448],[-86.994877,35.893324],[-86.99514,35.894911],[-86.99418,35.894029],[-86.993061,35.894599],[-86.991876,35.89608],[-86.990049,35.896756],[-86.987086,35.896725],[-86.985737,35.897017],[-86.982667,35.897533],[-86.978884,35.904715],[-86.975282,35.912199],[-86.973066,35.91574],[-86.975008,35.916623],[-86.976563,35.916892],[-86.978828,35.918615],[-86.978685,35.918811],[-86.976508,35.921249],[-86.972332,35.92446],[-86.971367,35.925537],[-86.969161,35.925279],[-86.967961,35.926029],[-86.966188,35.926591],[-86.964776,35.929422],[-86.965905,35.931036],[-86.965366,35.932228],[-86.962784,35.933049],[-86.962091,35.931322],[-86.960918,35.93193],[-86.961613,35.933333],[-86.961409,35.934877],[-86.960408,35.935329],[-86.959135,35.934783],[-86.958418,35.935816],[-86.956793,35.936126],[-86.955167,35.936077],[-86.952781,35.935185],[-86.949344,35.936004],[-86.948584,35.935538],[-86.948271,35.933702],[-86.945252,35.934583],[-86.94366,35.936719],[-86.944085,35.939015],[-86.945435,35.939321],[-86.945574,35.940082],[-86.943471,35.943587],[-86.938332,35.938277],[-86.936035,35.936306],[-86.932108,35.933859],[-86.931909,35.933757],[-86.928567,35.932362],[-86.92761,35.932045],[-86.926698,35.931785],[-86.923902,35.93116],[-86.923776,35.931139],[-86.919463,35.9307],[-86.917319,35.930644],[-86.907457,35.930425],[-86.907412,35.930425],[-86.904536,35.930358],[-86.902305,35.930294],[-86.901404,35.930266],[-86.898544,35.930031],[-86.895965,35.929663],[-86.895896,35.929651],[-86.894019,35.929299],[-86.893906,35.929276],[-86.894608,35.92791],[-86.894309,35.926964],[-86.895012,35.925594],[-86.89344,35.925694],[-86.892876,35.925155],[-86.892812,35.923618],[-86.892899,35.923009],[-86.894874,35.923165],[-86.895332,35.920673],[-86.895295,35.919865],[-86.897064,35.917693],[-86.896652,35.917089],[-86.896693,35.914918],[-86.896104,35.914079],[-86.895727,35.913259],[-86.89523,35.912689],[-86.894739,35.911862],[-86.893342,35.911333],[-86.89222,35.90995],[-86.891609,35.910404],[-86.890805,35.910959],[-86.890733,35.911004],[-86.890519,35.911141],[-86.890448,35.911187],[-86.890324,35.91126],[-86.889955,35.911478],[-86.889832,35.911552],[-86.889503,35.911739],[-86.889221,35.9119],[-86.890587,35.913036],[-86.891746,35.913131],[-86.89164,35.914082],[-86.892899,35.914204],[-86.89308,35.912641],[-86.893852,35.912594],[-86.894838,35.912923],[-86.895134,35.914532],[-86.89502,35.915256],[-86.893883,35.915096],[-86.893028,35.916278],[-86.89312,35.914982],[-86.891513,35.914771],[-86.891007,35.915107],[-86.890769,35.917035],[-86.890722,35.917356],[-86.890394,35.919556],[-86.887094,35.919635],[-86.883197,35.920491],[-86.880358,35.921512],[-86.880185,35.922486],[-86.884743,35.922966],[-86.884282,35.925995],[-86.883916,35.927217],[-86.8806,35.926922],[-86.876862,35.927261],[-86.874825,35.927476],[-86.874254,35.927566],[-86.873836,35.926991],[-86.872749,35.925465],[-86.872192,35.924706],[-86.87162,35.923914],[-86.871056,35.923153],[-86.870483,35.922394],[-86.869499,35.921036],[-86.869423,35.920887],[-86.868082,35.921507],[-86.866867,35.919825],[-86.86628,35.920203],[-86.867483,35.917412],[-86.867592,35.914997],[-86.866682,35.914849],[-86.866413,35.916567],[-86.863916,35.914995],[-86.862988,35.913574],[-86.861124,35.912212],[-86.86059,35.911713],[-86.858669,35.910037],[-86.857534,35.909484],[-86.855272,35.909266],[-86.850307,35.907103],[-86.848349,35.905513],[-86.846263,35.904271],[-86.846368,35.901866],[-86.84605,35.900763],[-86.844246,35.901382],[-86.843258,35.901066],[-86.842727,35.89907],[-86.841668,35.89727],[-86.841658,35.896305],[-86.843714,35.894959],[-86.84614,35.893409],[-86.847792,35.892165],[-86.850107,35.891484],[-86.849901,35.893502],[-86.84984,35.89395],[-86.849628,35.895553],[-86.849614,35.895661],[-86.851458,35.896037],[-86.852502,35.896286],[-86.851723,35.895105],[-86.851487,35.893803],[-86.853836,35.893856],[-86.854782,35.894928],[-86.853841,35.8955],[-86.853572,35.896725],[-86.854889,35.89716],[-86.856094,35.895821],[-86.857378,35.895903],[-86.858856,35.895069],[-86.859814,35.895352],[-86.862541,35.893101],[-86.860329,35.892605],[-86.860359,35.892227],[-86.864775,35.89253],[-86.856292,35.899049],[-86.855508,35.899383],[-86.855971,35.900054],[-86.857283,35.899478],[-86.859976,35.897626],[-86.860987,35.896952],[-86.862366,35.897083],[-86.862465,35.897092],[-86.862495,35.896396],[-86.865697,35.896478],[-86.866819,35.895358],[-86.867065,35.89344],[-86.871842,35.893709],[-86.871389,35.890477],[-86.870095,35.887291],[-86.869734,35.88495],[-86.87038,35.882699],[-86.871542,35.881153],[-86.872878,35.880126],[-86.876434,35.878496],[-86.880692,35.876495],[-86.87946,35.876496],[-86.874146,35.878952],[-86.872265,35.880002],[-86.872447,35.87857],[-86.873797,35.878558],[-86.875662,35.877716],[-86.874341,35.875514],[-86.872688,35.876667],[-86.870796,35.876511],[-86.870936,35.875453],[-86.870286,35.874041],[-86.870401,35.872948],[-86.877043,35.873411],[-86.88296,35.873852],[-86.883316,35.872839],[-86.883899,35.867231],[-86.884015,35.864151],[-86.884114,35.861021],[-86.884346,35.855646],[-86.884529,35.853537],[-86.88459,35.851425],[-86.884285,35.84915],[-86.882973,35.844646],[-86.882677,35.843588],[-86.882267,35.840781],[-86.882017,35.837707],[-86.881897,35.836378],[-86.881714,35.833309],[-86.88174,35.833108],[-86.882319,35.83093],[-86.882578,35.830283],[-86.884129,35.83067],[-86.884756,35.831511],[-86.886234,35.83204],[-86.885875,35.83282],[-86.887232,35.833082],[-86.888041,35.834129],[-86.889614,35.834575],[-86.891634,35.836774],[-86.892318,35.837638],[-86.899148,35.837449],[-86.899457,35.839203],[-86.900269,35.839926],[-86.900498,35.841163],[-86.901619,35.841525],[-86.902757,35.842278],[-86.903114,35.842054],[-86.906945,35.844072],[-86.909383,35.84427],[-86.911996,35.844102],[-86.914503,35.845513],[-86.915646,35.845632],[-86.920872,35.845013],[-86.926429,35.840854],[-86.92761,35.840561],[-86.935814,35.841466],[-86.940843,35.841983],[-86.941357,35.842459],[-86.941338,35.84518],[-86.950708,35.840459],[-86.951425,35.83994],[-86.961488,35.832612],[-86.961615,35.831972],[-86.961638,35.831032],[-86.962476,35.827495],[-86.965216,35.827808],[-86.96645,35.82793],[-86.969377,35.824201],[-86.974632,35.817594],[-86.976331,35.815029],[-86.977352,35.815092],[-86.97739,35.814842],[-86.976494,35.814788],[-86.977653,35.813076],[-86.981674,35.807672],[-86.991879,35.793976],[-86.990356,35.793949],[-86.986672,35.794628],[-86.981583,35.793114],[-86.980282,35.791475],[-86.97921,35.791298],[-86.979095,35.791375],[-86.978844,35.791626],[-86.976822,35.792075],[-86.975894,35.791799],[-86.975742,35.790296],[-86.976273,35.789188],[-86.97397,35.788447],[-86.972099,35.787329],[-86.970268,35.787379],[-86.96803,35.787967],[-86.966393,35.787271],[-86.965234,35.786166],[-86.961349,35.784832],[-86.958847,35.785431],[-86.9571,35.78619],[-86.955494,35.785104],[-86.954142,35.7847],[-86.953593,35.781904],[-86.950733,35.781642],[-86.952096,35.774288],[-86.952242,35.773499],[-86.947416,35.772982],[-86.944657,35.772688],[-86.944302,35.77265],[-86.942293,35.775152],[-86.941723,35.779551],[-86.932994,35.778553],[-86.929251,35.77816],[-86.929027,35.778129],[-86.928779,35.778095],[-86.92836,35.778057],[-86.929779,35.776302],[-86.930515,35.77454],[-86.932333,35.768726],[-86.933361,35.766898],[-86.935816,35.764077],[-86.938278,35.761972],[-86.934871,35.760223],[-86.92911,35.757261],[-86.925189,35.756173],[-86.924167,35.755932],[-86.92162,35.755236],[-86.91874,35.754438],[-86.915461,35.753444],[-86.914865,35.753175],[-86.91487,35.753151],[-86.913495,35.752661],[-86.913083,35.752518],[-86.911548,35.751973],[-86.910862,35.75173],[-86.909667,35.751307],[-86.907052,35.750393],[-86.902708,35.748963],[-86.900964,35.74835],[-86.900617,35.748228],[-86.899689,35.747903],[-86.898804,35.747593],[-86.898493,35.747484],[-86.8976,35.74717],[-86.896904,35.746926],[-86.89541,35.746403],[-86.894728,35.746164],[-86.893706,35.745805],[-86.892855,35.745506],[-86.891365,35.744984],[-86.890457,35.744667],[-86.888056,35.743823],[-86.887592,35.743661],[-86.886877,35.74341],[-86.886821,35.74339],[-86.886655,35.743332],[-86.8866,35.743313],[-86.886506,35.74328],[-86.879838,35.740941],[-86.87763,35.740325],[-86.87331,35.739262],[-86.873047,35.739204],[-86.870487,35.738587],[-86.867983,35.737961],[-86.867468,35.737832],[-86.866413,35.737569],[-86.865613,35.73737],[-86.865158,35.737257],[-86.856044,35.734893],[-86.853946,35.73427],[-86.849393,35.731479],[-86.845491,35.725166],[-86.844121,35.725044],[-86.84376,35.727614],[-86.84248,35.727522],[-86.842697,35.725887],[-86.84071,35.725259],[-86.838524,35.725054],[-86.835474,35.724671],[-86.828384,35.7239],[-86.823288,35.723306],[-86.823058,35.721651],[-86.811891,35.720455],[-86.812022,35.719272],[-86.811286,35.715932],[-86.809981,35.716085],[-86.80631,35.715686],[-86.806973,35.712486],[-86.797433,35.711444],[-86.797621,35.709942],[-86.79794,35.709911],[-86.798352,35.709873],[-86.798903,35.709819],[-86.799223,35.70979],[-86.799972,35.708978],[-86.797898,35.707988],[-86.792717,35.707453],[-86.790448,35.707219],[-86.79038,35.707625],[-86.783074,35.70695],[-86.782016,35.706595],[-86.782284,35.703376],[-86.774677,35.702832],[-86.774347,35.705909],[-86.772643,35.705802],[-86.772913,35.702685],[-86.772273,35.702671],[-86.773169,35.700446],[-86.769524,35.700289],[-86.769278,35.702465],[-86.76748,35.702365],[-86.767908,35.708678],[-86.760105,35.708206],[-86.760726,35.70181],[-86.754047,35.701463],[-86.752207,35.701743],[-86.752794,35.696539],[-86.751651,35.696447],[-86.751328,35.699089],[-86.750652,35.699888],[-86.749998,35.703486],[-86.74676,35.703164],[-86.746408,35.705665],[-86.746824,35.705987],[-86.746606,35.707889],[-86.741643,35.707591],[-86.741751,35.706176],[-86.743071,35.705785],[-86.743376,35.704335],[-86.742656,35.703835],[-86.740639,35.70168],[-86.740705,35.700557],[-86.737848,35.700152],[-86.736132,35.698944],[-86.734354,35.698849],[-86.732926,35.703839],[-86.731191,35.703905],[-86.731098,35.70676],[-86.69692,35.705431],[-86.697399,35.707408],[-86.697016,35.707397],[-86.696859,35.707393],[-86.695937,35.707368],[-86.69568,35.708742],[-86.69554,35.710864],[-86.686193,35.710051],[-86.685925,35.713558],[-86.689105,35.713254],[-86.688588,35.718082],[-86.688557,35.718372],[-86.692002,35.71852],[-86.692638,35.718633],[-86.694703,35.71876],[-86.695008,35.717547],[-86.697897,35.717844],[-86.698003,35.717835],[-86.698119,35.717839],[-86.699281,35.717837],[-86.700265,35.722621],[-86.698669,35.731831],[-86.698561,35.732581],[-86.698446,35.733958],[-86.698032,35.741059],[-86.697964,35.742632],[-86.697794,35.746284],[-86.697619,35.74678],[-86.69758,35.747077],[-86.69755,35.747306],[-86.696904,35.752334],[-86.693698,35.752712],[-86.69354,35.752719],[-86.692884,35.753723],[-86.692376,35.754532],[-86.692486,35.753328],[-86.692181,35.752448],[-86.692366,35.751069],[-86.681813,35.750066],[-86.681701,35.750753],[-86.680854,35.750621],[-86.679931,35.756304],[-86.679478,35.756258],[-86.678142,35.765772],[-86.675091,35.765689],[-86.675149,35.76896],[-86.672737,35.768623],[-86.672002,35.768885],[-86.671288,35.771736],[-86.663821,35.770982],[-86.662568,35.767809],[-86.661266,35.767431],[-86.660225,35.776879],[-86.659926,35.779626],[-86.659966,35.781734],[-86.661728,35.78261],[-86.663316,35.782158],[-86.664217,35.782898],[-86.664042,35.783682],[-86.661772,35.785392],[-86.661467,35.786348],[-86.662149,35.787977],[-86.663374,35.789421],[-86.662855,35.790934],[-86.651984,35.790029],[-86.651684,35.790005],[-86.651395,35.78998],[-86.649916,35.789855],[-86.649811,35.79058],[-86.647844,35.79047],[-86.647783,35.790858],[-86.647049,35.795558],[-86.643487,35.795301],[-86.635521,35.794627],[-86.632088,35.794484],[-86.631989,35.79542],[-86.623997,35.794762],[-86.623703,35.791191],[-86.613328,35.790331],[-86.613241,35.790824],[-86.610908,35.804115],[-86.611855,35.804795],[-86.612754,35.806394],[-86.612815,35.808131],[-86.613531,35.809965],[-86.616937,35.809054],[-86.619016,35.808499],[-86.61971,35.807174],[-86.619475,35.805714],[-86.622415,35.805227],[-86.622878,35.806967],[-86.624996,35.808196],[-86.625198,35.808897],[-86.623826,35.812522],[-86.623291,35.815735],[-86.621684,35.816297],[-86.620919,35.815445],[-86.618748,35.815551],[-86.618691,35.816156],[-86.617033,35.816227],[-86.61691,35.813484],[-86.61387,35.813486],[-86.612951,35.813515],[-86.612245,35.817448],[-86.612707,35.819215],[-86.611816,35.824558],[-86.613506,35.824671],[-86.626018,35.826738],[-86.625534,35.832249],[-86.617335,35.831287],[-86.616383,35.838795],[-86.60343,35.838704],[-86.603221,35.84014],[-86.602582,35.840246],[-86.601506,35.841498],[-86.60162,35.844535],[-86.601026,35.84514],[-86.601457,35.848891],[-86.600032,35.849994],[-86.600221,35.851519],[-86.600428,35.853185],[-86.605079,35.85418],[-86.605294,35.854993],[-86.605648,35.855156],[-86.607099,35.855828],[-86.60617,35.858975],[-86.61208,35.859906],[-86.612675,35.861088],[-86.615597,35.862343],[-86.616781,35.863666],[-86.617427,35.864132],[-86.618032,35.867913],[-86.617296,35.868812],[-86.617315,35.870223],[-86.618556,35.871339],[-86.621372,35.882569],[-86.619588,35.883715],[-86.615513,35.882778],[-86.613771,35.883756],[-86.615132,35.88944],[-86.616933,35.896957],[-86.61763,35.899864],[-86.62544,35.906411],[-86.627338,35.909018],[-86.62791,35.910961],[-86.626216,35.913181],[-86.626978,35.915135],[-86.624995,35.920343],[-86.616395,35.940263],[-86.614985,35.943708],[-86.621683,35.950552],[-86.623788,35.952701],[-86.624984,35.953923],[-86.624804,35.954044],[-86.625086,35.954631],[-86.624585,35.958169],[-86.623629,35.95805],[-86.622363,35.958019],[-86.622003,35.964058],[-86.62401,35.964492],[-86.625036,35.966706],[-86.621783,35.968145],[-86.618928,35.967712],[-86.618899,35.968141],[-86.618892,35.968224],[-86.6186,35.971336],[-86.627695,35.972128],[-86.627397,35.974027],[-86.632912,35.974401],[-86.645887,35.975359],[-86.648288,35.975573],[-86.648288,35.976422],[-86.654285,35.978736],[-86.656189,35.979472],[-86.664248,35.982583],[-86.664852,35.982816],[-86.666792,35.983565],[-86.669453,35.984592],[-86.673863,35.986292],[-86.675519,35.986933],[-86.6761,35.987158],[-86.681889,35.989399],[-86.683475,35.991177],[-86.684785,35.992599],[-86.686164,35.994092],[-86.686347,35.994269],[-86.686455,35.994363],[-86.686735,35.994608],[-86.6872,35.994962],[-86.687305,35.995037],[-86.687394,35.995104],[-86.687714,35.995343],[-86.68786,35.995441],[-86.689924,35.996856],[-86.693509,35.999496],[-86.6958,36.001501],[-86.698031,36.003466],[-86.699795,36.00513],[-86.70082,36.007596],[-86.701509,36.009178],[-86.701689,36.009526],[-86.703608,36.012382],[-86.703832,36.012716],[-86.705666,36.015382],[-86.70833,36.018357],[-86.711388,36.021346],[-86.712832,36.023943],[-86.713049,36.02547],[-86.712856,36.026807],[-86.712571,36.028733],[-86.712551,36.030514],[-86.712982,36.033528],[-86.713335,36.035577],[-86.712767,36.040199],[-86.712945,36.04245],[-86.713057,36.043535],[-86.71313,36.044247],[-86.713262,36.045369],[-86.714796,36.045221],[-86.717042,36.045262],[-86.718356,36.045424],[-86.719713,36.045601],[-86.720854,36.045728],[-86.722607,36.04564],[-86.7225,36.046922],[-86.725064,36.046678],[-86.727775,36.047253],[-86.727974,36.048083],[-86.731266,36.049384],[-86.732011,36.051905],[-86.732011,36.051989],[-86.732031,36.053248],[-86.731919,36.055091],[-86.733284,36.055193],[-86.733709,36.055225],[-86.734367,36.055236],[-86.736015,36.053786],[-86.737537,36.053328],[-86.739405,36.053895],[-86.74266,36.0551],[-86.743094,36.052207],[-86.745024,36.052442],[-86.745122,36.053478],[-86.745407,36.053269],[-86.747107,36.052696],[-86.749996,36.052683],[-86.751631,36.051664],[-86.751863,36.05221],[-86.755499,36.051668],[-86.756124,36.053472],[-86.756233,36.054619],[-86.753418,36.055074],[-86.753392,36.05615],[-86.752822,36.059391],[-86.751157,36.059277],[-86.750307,36.059062],[-86.749805,36.060626],[-86.750018,36.061648],[-86.75116,36.062936],[-86.74914,36.06346],[-86.749379,36.064654],[-86.749622,36.065419],[-86.749366,36.067046],[-86.747273,36.067623],[-86.746264,36.069291],[-86.747509,36.07076],[-86.749012,36.071849],[-86.749755,36.072711],[-86.750366,36.073706],[-86.750567,36.074575],[-86.754844,36.074706],[-86.75921,36.074757],[-86.759141,36.073391],[-86.75879,36.071716],[-86.758717,36.070045],[-86.759306,36.068252],[-86.759379,36.066864],[-86.75924,36.065234],[-86.761873,36.065332],[-86.763661,36.065475],[-86.765695,36.065668],[-86.768099,36.065854],[-86.768752,36.065898],[-86.769276,36.065932],[-86.770063,36.066024],[-86.770837,36.066098],[-86.769233,36.07282],[-86.768796,36.074102],[-86.769075,36.074055],[-86.76883,36.074553],[-86.768615,36.074484],[-86.764692,36.07937],[-86.766408,36.077597],[-86.764771,36.079745],[-86.763974,36.082549],[-86.765969,36.082884],[-86.766645,36.083126],[-86.76848,36.085102],[-86.770306,36.086329],[-86.771967,36.086579],[-86.773724,36.08669],[-86.777875,36.086935],[-86.77941,36.08705],[-86.782742,36.087997],[-86.787719,36.088232],[-86.790999,36.088326],[-86.791228,36.086365],[-86.791305,36.085636],[-86.791456,36.084108],[-86.793917,36.084375],[-86.795277,36.083046],[-86.796757,36.083461],[-86.79866,36.08372],[-86.798619,36.084587],[-86.801492,36.084851],[-86.802647,36.083413],[-86.803041,36.083462],[-86.804963,36.083692],[-86.805219,36.082078],[-86.805436,36.080656],[-86.806481,36.080762],[-86.807171,36.080825],[-86.807813,36.08088],[-86.80895,36.081002],[-86.811076,36.080816],[-86.812537,36.078779],[-86.814688,36.078157],[-86.8169,36.078307],[-86.820229,36.079508],[-86.821393,36.079707],[-86.820667,36.083705],[-86.819436,36.083614],[-86.819013,36.085258],[-86.819284,36.086445],[-86.818748,36.090821],[-86.820019,36.090894],[-86.823755,36.090895],[-86.828508,36.091363],[-86.830538,36.088695],[-86.832969,36.085306],[-86.833569,36.083703],[-86.834006,36.082447],[-86.8361,36.07972],[-86.837028,36.078775],[-86.837927,36.077802],[-86.838548,36.076987],[-86.842834,36.069778],[-86.844118,36.068079],[-86.847838,36.06402],[-86.849261,36.062764],[-86.853089,36.059373],[-86.858298,36.052774],[-86.860576,36.049893],[-86.862739,36.047308],[-86.864761,36.044896],[-86.872219,36.045769],[-86.882165,36.04707],[-86.883805,36.047286],[-86.88458,36.047389],[-86.885613,36.047526],[-86.893385,36.048515],[-86.896719,36.04892],[-86.903024,36.04969],[-86.908797,36.050398],[-86.91684,36.051403],[-86.919116,36.051693],[-86.919745,36.051774],[-86.921686,36.052023],[-86.926473,36.052638],[-86.928602,36.052909],[-86.928861,36.052942],[-86.936415,36.048156],[-86.939161,36.046332],[-86.943581,36.043578],[-86.946035,36.042024],[-86.946388,36.0418],[-86.946487,36.041745],[-86.946517,36.041724],[-86.946608,36.041664],[-86.946639,36.041644],[-86.946675,36.041619],[-86.946786,36.041547],[-86.946823,36.041523],[-86.946907,36.041468],[-86.947012,36.0414],[-86.947362,36.041178],[-86.94876,36.040284],[-86.951472,36.038555],[-86.951924,36.038287],[-86.953413,36.037347],[-86.962984,36.031386],[-86.968487,36.027906],[-86.974663,36.023965],[-86.976824,36.02258],[-86.97964,36.020799],[-86.980605,36.020184],[-86.987551,36.015781],[-87.001496,36.007057],[-87.00728,36.003433],[-87.016082,35.997874],[-87.016437,35.997617],[-87.018781,35.995913],[-87.022766,35.993368],[-87.023023,35.993202],[-87.024785,35.992078],[-87.026471,35.991078],[-87.028336,35.989857],[-87.03197,35.989752],[-87.039223,35.989286],[-87.039386,35.989242],[-87.040288,35.991944],[-87.040749,35.993825],[-87.04155,35.997062],[-87.042946,36.002727],[-87.045351,36.012597],[-87.048335,36.024842],[-87.051917,36.038439],[-87.053722,36.045582],[-87.066897,36.044499],[-87.071066,36.044307],[-87.077616,36.044083],[-87.084008,36.043874],[-87.084916,36.043805],[-87.092814,36.044249],[-87.106124,36.045167],[-87.104155,36.04757],[-87.102923,36.050022],[-87.103654,36.051304],[-87.10278,36.05235],[-87.102885,36.053787],[-87.104692,36.056894],[-87.10482,36.056818],[-87.104801,36.055881],[-87.104022,36.054364],[-87.103852,36.053754],[-87.103852,36.053018],[-87.104082,36.052133],[-87.104257,36.051831],[-87.104914,36.051226],[-87.105502,36.051011],[-87.106375,36.05083],[-87.106788,36.050934],[-87.108751,36.051142],[-87.110186,36.050515],[-87.112162,36.050283],[-87.114475,36.048276],[-87.116045,36.048078],[-87.117595,36.049044],[-87.120742,36.047894],[-87.122549,36.047596],[-87.123798,36.046352],[-87.127299,36.046814],[-87.125225,36.047873],[-87.126432,36.049225],[-87.126243,36.049774],[-87.123965,36.050667],[-87.124417,36.0535],[-87.123789,36.055209],[-87.124191,36.056571],[-87.123705,36.05966],[-87.124256,36.060287],[-87.125917,36.060369],[-87.127921,36.061016],[-87.129084,36.062416],[-87.129005,36.063297],[-87.126392,36.064451],[-87.12585,36.065447],[-87.123718,36.06631],[-87.123321,36.06711],[-87.120225,36.068889],[-87.117645,36.068871],[-87.115837,36.070339],[-87.114646,36.070797],[-87.112,36.07074],[-87.111687,36.070944],[-87.110428,36.071842],[-87.10733,36.072066],[-87.106856,36.071967],[-87.106607,36.071921],[-87.103495,36.071638],[-87.101602,36.072323],[-87.098779,36.074352],[-87.096497,36.075298],[-87.094391,36.076931],[-87.093372,36.0776],[-87.091518,36.077713],[-87.088452,36.078397],[-87.086507,36.077669],[-87.084756,36.076312],[-87.082544,36.077107],[-87.080567,36.077179],[-87.081747,36.081118],[-87.082691,36.082177],[-87.086708,36.080962],[-87.088315,36.081799],[-87.089866,36.084806],[-87.089974,36.085031],[-87.090388,36.086324],[-87.087181,36.089125],[-87.082621,36.091843],[-87.081469,36.093232],[-87.080638,36.096056],[-87.079316,36.097658],[-87.077372,36.098958],[-87.074439,36.1002],[-87.073152,36.101386],[-87.073252,36.105125],[-87.073984,36.107024],[-87.074444,36.108413],[-87.076302,36.110378],[-87.076824,36.111507],[-87.074389,36.111062],[-87.075254,36.112811],[-87.07853,36.114056],[-87.083449,36.114605],[-87.087851,36.11437],[-87.09028,36.113299],[-87.092848,36.113347],[-87.093843,36.114111],[-87.094777,36.115859],[-87.094827,36.117072],[-87.094547,36.120215],[-87.094979,36.121111],[-87.096829,36.122825],[-87.098238,36.123415],[-87.099119,36.123573],[-87.099084,36.124193],[-87.098027,36.124322],[-87.096552,36.124139],[-87.095305,36.12277],[-87.092798,36.122381],[-87.089513,36.122909],[-87.086621,36.122899],[-87.084027,36.124795],[-87.082617,36.125138],[-87.079041,36.125116],[-87.077991,36.125402],[-87.075335,36.128271],[-87.072673,36.128552],[-87.070526,36.131509],[-87.067687,36.131899],[-87.065466,36.133452],[-87.065332,36.13347],[-87.064539,36.133481],[-87.064262,36.133501],[-87.064155,36.133522],[-87.064012,36.133564],[-87.063756,36.133716],[-87.062983,36.134191],[-87.062502,36.134362],[-87.062236,36.134421],[-87.062128,36.134459],[-87.061919,36.134565],[-87.061734,36.134697],[-87.061506,36.134887],[-87.061473,36.134912],[-87.059868,36.134532],[-87.057226,36.135823],[-87.056555,36.135823],[-87.053723,36.137835],[-87.051663,36.14105],[-87.051412,36.142852],[-87.051778,36.144587],[-87.053246,36.144758],[-87.054674,36.146025],[-87.056233,36.145977],[-87.057968,36.144907],[-87.060581,36.145841],[-87.061221,36.146502],[-87.063929,36.145894],[-87.065884,36.148354],[-87.066212,36.149416],[-87.065857,36.152582],[-87.067623,36.15456],[-87.067259,36.155457],[-87.065824,36.156557],[-87.067254,36.157672],[-87.069408,36.157576],[-87.072026,36.162455],[-87.071022,36.164682],[-87.071087,36.166075],[-87.07286,36.167399],[-87.074167,36.16744],[-87.07396,36.169572],[-87.0748,36.170662],[-87.076917,36.170856],[-87.077289,36.171781],[-87.075416,36.173047],[-87.074928,36.174947],[-87.073796,36.176434],[-87.073953,36.177075],[-87.076913,36.180359],[-87.081461,36.181039],[-87.085493,36.179683],[-87.090107,36.181582],[-87.091871,36.183474],[-87.092041,36.18436],[-87.090877,36.185512],[-87.090865,36.186371],[-87.092417,36.1873],[-87.096705,36.18847],[-87.098764,36.187755],[-87.100354,36.188274],[-87.101595,36.189814],[-87.101447,36.190347],[-87.098979,36.192075],[-87.09782,36.194122],[-87.098485,36.197048],[-87.099762,36.198814],[-87.101416,36.199768],[-87.100751,36.201561],[-87.100963,36.202734],[-87.09925,36.202871],[-87.097702,36.206336],[-87.096046,36.208054],[-87.092804,36.209089],[-87.090279,36.208589],[-87.089279,36.209095],[-87.089662,36.210342],[-87.085329,36.212308],[-87.083539,36.212037],[-87.081297,36.21314],[-87.0774,36.212992],[-87.076348,36.213511],[-87.072445,36.214322],[-87.070504,36.211341],[-87.069709,36.211025],[-87.067538,36.211355],[-87.06616,36.210854],[-87.062997,36.21134],[-87.06064,36.212307],[-87.058416,36.212137],[-87.055162,36.21392],[-87.054108,36.212867],[-87.051627,36.212155],[-87.049747,36.210169],[-87.048777,36.210729],[-87.048113,36.211741],[-87.048007,36.212295],[-87.04738,36.215072],[-87.046979,36.215408],[-87.048785,36.218679],[-87.048297,36.221907],[-87.047696,36.226075],[-87.047452,36.228724],[-87.04518,36.228007],[-87.042939,36.227743],[-87.0369,36.226007],[-87.036649,36.225935],[-87.035543,36.227627],[-87.03589,36.22791],[-87.035742,36.228364],[-87.034632,36.228406],[-87.034314,36.228743],[-87.034344,36.229397],[-87.033878,36.229644],[-87.033274,36.229665],[-87.033194,36.229817],[-87.033679,36.2305],[-87.0342,36.230836],[-87.035155,36.231294],[-87.034815,36.231621],[-87.034684,36.232013],[-87.034985,36.232666],[-87.036841,36.233751],[-87.037024,36.234065],[-87.036945,36.236209],[-87.036856,36.237102],[-87.038418,36.238343],[-87.039514,36.239027],[-87.042114,36.240311],[-87.046386,36.242515],[-87.048526,36.243253],[-87.049743,36.243685],[-87.05166,36.244572],[-87.055485,36.246619],[-87.057226,36.247671],[-87.058502,36.248448],[-87.059026,36.248626],[-87.060035,36.248954],[-87.062835,36.250058],[-87.063547,36.250542],[-87.065355,36.25151],[-87.066883,36.252382],[-87.067835,36.253442],[-87.069267,36.254814],[-87.070731,36.256206],[-87.073299,36.26015],[-87.075875,36.26913],[-87.075819,36.2692],[-87.076418,36.270693],[-87.07812,36.274923],[-87.079831,36.27751],[-87.08097,36.278755],[-87.082772,36.279985],[-87.084812,36.281129],[-87.086495,36.281749],[-87.092179,36.283413],[-87.096367,36.285133],[-87.102487,36.288032],[-87.111486,36.293556],[-87.115239,36.295522],[-87.117973,36.296308],[-87.121667,36.296753],[-87.128305,36.297292],[-87.132457,36.297711],[-87.132164,36.298938],[-87.132067,36.299681],[-87.132296,36.300268],[-87.132883,36.301071],[-87.133112,36.301659],[-87.132893,36.302109],[-87.132222,36.30223],[-87.131508,36.302182],[-87.131022,36.302022],[-87.129947,36.301385],[-87.129375,36.300955],[-87.128707,36.300639],[-87.128144,36.3006],[-87.127806,36.300821],[-87.127944,36.301442],[-87.12847,36.302993],[-87.129568,36.305605],[-87.13118,36.307573],[-87.131937,36.310022],[-87.13185,36.313844],[-87.130791,36.314308],[-87.128117,36.314065],[-87.126055,36.312187],[-87.121829,36.311006],[-87.119829,36.310807],[-87.119616,36.310793],[-87.118321,36.311054],[-87.11696,36.311447],[-87.115665,36.311904],[-87.114225,36.312813],[-87.113601,36.313283],[-87.113289,36.313454],[-87.11352,36.31353],[-87.11372,36.313711],[-87.113775,36.313998],[-87.113711,36.314266],[-87.113198,36.314677],[-87.112582,36.315263],[-87.111437,36.316583],[-87.110042,36.318654],[-87.109778,36.318957],[-87.109002,36.319471],[-87.107761,36.320632],[-87.107408,36.321298],[-87.107199,36.321957],[-87.105956,36.324224],[-87.104745,36.326388],[-87.10428,36.32703],[-87.104056,36.327133],[-87.103825,36.327105],[-87.103266,36.326952],[-87.102691,36.326811],[-87.102011,36.32687],[-87.101795,36.326865],[-87.099151,36.326673],[-87.098255,36.326839],[-87.097376,36.326805],[-87.096977,36.326652],[-87.09669,36.326396],[-87.096418,36.326268],[-87.096107,36.326191],[-87.095587,36.32623],[-87.095587,36.32637],[-87.095778,36.326802],[-87.095929,36.327046],[-87.095841,36.327421],[-87.095593,36.327553],[-87.095265,36.327628],[-87.09473,36.327535],[-87.094211,36.327346],[-87.093628,36.326882],[-87.093461,36.32651],[-87.093297,36.324827],[-87.093011,36.324275],[-87.092935,36.32445],[-87.093128,36.326809],[-87.095564,36.328623],[-87.096394,36.331554],[-87.097843,36.333928],[-87.098953,36.334852],[-87.101175,36.335796],[-87.102462,36.335606],[-87.105524,36.334429],[-87.106489,36.334387],[-87.106998,36.335279],[-87.107103,36.338191],[-87.107531,36.339788],[-87.10636,36.340886],[-87.106575,36.343703],[-87.107817,36.344441],[-87.11243,36.344781],[-87.114167,36.345504],[-87.118402,36.345066],[-87.119812,36.345342],[-87.120793,36.345552],[-87.119886,36.348595],[-87.120907,36.353576],[-87.11966,36.355688],[-87.119727,36.355874],[-87.121965,36.3582],[-87.121572,36.360601],[-87.119268,36.362543],[-87.119129,36.3627],[-87.11888,36.362985],[-87.118845,36.36302],[-87.118743,36.363123],[-87.118702,36.363158],[-87.118545,36.363297],[-87.118491,36.363874],[-87.117959,36.365856],[-87.118347,36.367651],[-87.119304,36.369686],[-87.117457,36.372609],[-87.116973,36.3734],[-87.116563,36.37605],[-87.116573,36.37612],[-87.118709,36.380808],[-87.120308,36.382385],[-87.120781,36.382931],[-87.121056,36.386215],[-87.122283,36.387493],[-87.123715,36.390039],[-87.126033,36.393157],[-87.129214,36.39275],[-87.132387,36.391468],[-87.13442,36.391524],[-87.136557,36.390726],[-87.141462,36.389897],[-87.141556,36.389982],[-87.143391,36.39105],[-87.143462,36.392567],[-87.142954,36.396751],[-87.142191,36.404257],[-87.14186,36.404997],[-87.138058,36.407984],[-87.137504,36.408787],[-87.134118,36.411951],[-87.133899,36.412928],[-87.133823,36.413489],[-87.135296,36.414098],[-87.139242,36.417255],[-87.142496,36.418663],[-87.148425,36.422986],[-87.148602,36.422773],[-87.15082,36.423963],[-87.1517,36.425453],[-87.152239,36.426977],[-87.151762,36.429682],[-87.151455,36.430912],[-87.151642,36.433364],[-87.150062,36.437761],[-87.150251,36.440199],[-87.149709,36.442873],[-87.150276,36.445037],[-87.14703,36.445962],[-87.135155,36.449244],[-87.128026,36.451227],[-87.12577,36.453076],[-87.122691,36.455711],[-87.120443,36.45546],[-87.120258,36.456691],[-87.119598,36.461107],[-87.128677,36.46195],[-87.128149,36.465142],[-87.127646,36.468193],[-87.127528,36.468887],[-87.126697,36.47387],[-87.126,36.478102],[-87.125003,36.48406],[-87.123982,36.488568],[-87.123588,36.492006],[-87.123425,36.493257],[-87.123384,36.493563],[-87.123371,36.493653],[-87.123329,36.493976],[-87.123262,36.494476],[-87.123222,36.494781],[-87.122936,36.495758],[-87.121212,36.507477],[-87.120657,36.510943],[-87.117643,36.510501],[-87.113244,36.523046],[-87.117974,36.523591],[-87.118626,36.523667],[-87.117154,36.532906],[-87.116648,36.536069],[-87.116477,36.537141],[-87.116147,36.539212],[-87.120063,36.538814],[-87.121522,36.53998],[-87.121936,36.54247],[-87.120792,36.545076],[-87.118449,36.547752],[-87.117722,36.549641],[-87.119002,36.550386],[-87.120293,36.55045],[-87.122305,36.549882],[-87.126515,36.547295],[-87.129672,36.546523],[-87.131443,36.548066],[-87.131808,36.549678],[-87.131042,36.552214],[-87.13158,36.553727],[-87.132644,36.553646],[-87.135689,36.552015],[-87.138965,36.553358],[-87.141268,36.554908],[-87.139751,36.556578],[-87.137368,36.55855],[-87.137088,36.559654],[-87.13796,36.562058],[-87.140355,36.562779],[-87.141954,36.563629],[-87.14506,36.56315],[-87.14779,36.563109],[-87.150004,36.564016],[-87.150341,36.565257],[-87.150233,36.567702],[-87.149618,36.568587],[-87.147965,36.568537],[-87.144053,36.567117],[-87.14158,36.565184],[-87.136828,36.563124],[-87.134583,36.562641],[-87.133346,36.562763],[-87.132522,36.56372],[-87.132726,36.566521],[-87.134081,36.569013],[-87.134335,36.570564],[-87.133632,36.57279],[-87.131849,36.573144],[-87.129755,36.572283],[-87.12601,36.589983],[-87.122028,36.609369],[-87.121129,36.612937],[-87.122798,36.614423],[-87.132247,36.622221],[-87.131788,36.62217],[-87.121043,36.613313],[-87.12099,36.613544],[-87.131292,36.621995],[-87.126757,36.621601],[-87.126517,36.625044],[-87.125932,36.628989],[-87.125001,36.629051],[-87.117437,36.628118],[-87.114983,36.642371],[-87.12991,36.642221],[-87.155792,36.642112],[-87.159651,36.642098],[-87.167997,36.642062],[-87.172343,36.642044],[-87.197882,36.641937],[-87.20356,36.641913],[-87.212793,36.641875],[-87.248362,36.641725],[-87.264568,36.641741],[-87.275209,36.64176],[-87.281491,36.64177],[-87.285582,36.641769],[-87.294815,36.641744],[-87.300909,36.641725],[-87.314919,36.641683],[-87.339338,36.641637],[-87.339759,36.641635],[-87.340409,36.64163],[-87.347638,36.641585],[-87.355062,36.641541],[-87.361977,36.641499],[-87.37376,36.641425],[-87.378008,36.641393],[-87.386316,36.641315],[-87.39348,36.641247],[-87.400623,36.64118],[-87.409448,36.641098],[-87.414296,36.641052],[-87.425393,36.640948],[-87.426205,36.640941],[-87.431132,36.640894],[-87.436134,36.640848],[-87.436324,36.640846],[-87.437789,36.640829],[-87.43872,36.640819],[-87.439596,36.640806],[-87.440506,36.640796],[-87.443525,36.64076],[-87.445409,36.640742],[-87.445568,36.640741],[-87.449344,36.640701],[-87.45163,36.640674],[-87.454999,36.640638],[-87.456177,36.640622],[-87.4609,36.640571],[-87.461512,36.640563],[-87.46327,36.640543],[-87.467006,36.640503],[-87.47243,36.640439],[-87.475678,36.640396],[-87.496248,36.639974],[-87.536991,36.639238],[-87.546351,36.638912],[-87.557249,36.63885],[-87.598533,36.638522],[-87.610487,36.638424],[-87.636914,36.638162],[-87.641157,36.638109],[-87.639743,36.629033],[-87.637906,36.617902],[-87.636452,36.608693],[-87.634498,36.596305],[-87.633349,36.58902],[-87.630788,36.572546],[-87.630221,36.568972],[-87.62926,36.56292],[-87.628577,36.558619],[-87.62741,36.551268],[-87.626107,36.543051],[-87.626071,36.542825],[-87.624905,36.535639],[-87.623076,36.525892],[-87.620954,36.514439],[-87.619965,36.509107],[-87.617425,36.495848],[-87.616933,36.493329],[-87.61479,36.482346],[-87.612502,36.470617],[-87.610588,36.460735],[-87.609479,36.45499],[-87.606564,36.43986],[-87.603427,36.425932],[-87.603744,36.425276],[-87.603201,36.422162],[-87.603124,36.421672],[-87.60307,36.421398],[-87.603056,36.421328],[-87.603048,36.421288],[-87.603011,36.4211],[-87.602987,36.420976],[-87.602984,36.420961],[-87.602963,36.420852],[-87.602788,36.419952],[-87.602597,36.418979],[-87.593846,36.418838],[-87.589176,36.419252],[-87.583641,36.420639],[-87.579828,36.422105],[-87.575028,36.424617],[-87.573074,36.425998],[-87.570419,36.428876],[-87.567379,36.433187],[-87.563366,36.43727],[-87.560154,36.43997],[-87.554348,36.444532],[-87.549792,36.447624],[-87.545888,36.450011],[-87.540207,36.454335],[-87.53591,36.456958],[-87.530692,36.458363],[-87.529594,36.458361],[-87.528635,36.458205],[-87.522497,36.456308],[-87.511271,36.451734],[-87.508473,36.450443],[-87.500002,36.445855],[-87.49586,36.443749],[-87.490215,36.441883],[-87.482964,36.439899],[-87.478215,36.440004],[-87.476087,36.441162],[-87.469231,36.446187],[-87.466095,36.449621],[-87.465239,36.449246],[-87.464711,36.448097],[-87.465451,36.447244],[-87.464298,36.447292],[-87.461261,36.449243],[-87.460347,36.450816],[-87.459037,36.45061],[-87.458645,36.452007],[-87.457285,36.452881],[-87.454426,36.452496],[-87.454009,36.451815],[-87.450993,36.453335],[-87.450861,36.453005],[-87.447382,36.450515],[-87.446636,36.449602],[-87.445315,36.449277],[-87.444932,36.447198],[-87.443929,36.445564],[-87.443371,36.443916],[-87.442023,36.442589],[-87.441105,36.441041],[-87.44039,36.438611],[-87.438978,36.43643],[-87.437047,36.434624],[-87.436158,36.433144],[-87.436141,36.431989],[-87.435252,36.429632],[-87.434365,36.42864],[-87.433654,36.425627],[-87.432131,36.424148],[-87.431518,36.421485],[-87.430987,36.421222],[-87.430319,36.420446],[-87.428081,36.419104],[-87.424747,36.416207],[-87.423947,36.415939],[-87.422097,36.413819],[-87.421131,36.413413],[-87.41761,36.409924],[-87.416043,36.409017],[-87.415996,36.409081],[-87.412764,36.406559],[-87.410736,36.405521],[-87.408515,36.40498],[-87.40551,36.404812],[-87.400452,36.402824],[-87.398253,36.400653],[-87.397332,36.39634],[-87.397396,36.395461],[-87.398741,36.393468],[-87.398974,36.390779],[-87.398416,36.38932],[-87.398082,36.389452],[-87.392187,36.391769],[-87.388083,36.393096],[-87.386992,36.393431],[-87.385724,36.394455],[-87.385386,36.398098],[-87.38501,36.399809],[-87.382991,36.40523],[-87.382864,36.40556],[-87.381768,36.408468],[-87.382169,36.410842],[-87.381352,36.412252],[-87.379601,36.414124],[-87.377952,36.418507],[-87.376126,36.42335],[-87.372858,36.432051],[-87.371765,36.434284],[-87.369879,36.437759],[-87.369514,36.439667],[-87.369812,36.440809],[-87.371269,36.445092],[-87.372801,36.449558],[-87.375031,36.453766],[-87.375755,36.455124],[-87.376755,36.4571],[-87.37763,36.460334],[-87.377737,36.46251],[-87.377096,36.472933],[-87.377051,36.473803],[-87.375411,36.478839],[-87.375387,36.478907],[-87.374885,36.480264],[-87.374727,36.480692],[-87.374578,36.481096],[-87.378505,36.482932],[-87.381946,36.486119],[-87.382858,36.488224],[-87.383206,36.491143],[-87.382767,36.494333],[-87.38195,36.496741],[-87.378559,36.502735],[-87.375886,36.507003],[-87.375319,36.50823],[-87.367458,36.514692],[-87.365563,36.518262],[-87.364678,36.522472],[-87.365408,36.529148],[-87.367294,36.532677],[-87.371308,36.538448],[-87.368215,36.541694],[-87.368154,36.541794],[-87.367059,36.542945],[-87.364716,36.543862],[-87.357033,36.543495],[-87.352979,36.543568],[-87.35007,36.543345],[-87.348849,36.543064],[-87.344765,36.542934],[-87.341304,36.543976],[-87.337676,36.544576],[-87.336094,36.544387],[-87.335873,36.544283],[-87.33422,36.543546],[-87.331933,36.541516],[-87.331603,36.540377],[-87.333319,36.535641],[-87.33433,36.531163],[-87.334511,36.529179],[-87.33414,36.527794],[-87.32863,36.525651],[-87.324345,36.524372],[-87.322584,36.520955],[-87.320437,36.518037],[-87.320113,36.515224],[-87.319049,36.514856],[-87.317324,36.514405],[-87.315444,36.51409],[-87.315284,36.514071],[-87.312744,36.513935],[-87.312786,36.513881],[-87.312824,36.513835],[-87.312306,36.513834],[-87.311773,36.513834],[-87.310755,36.513881],[-87.310239,36.513906],[-87.310098,36.513913],[-87.308591,36.514002],[-87.308477,36.51401],[-87.307216,36.514086],[-87.305515,36.514189],[-87.304244,36.514264],[-87.298848,36.514472],[-87.298839,36.514574],[-87.298208,36.514509],[-87.297773,36.514443],[-87.297067,36.514301],[-87.296063,36.514067],[-87.294033,36.513589],[-87.291965,36.513096],[-87.289499,36.512508],[-87.28821,36.512202],[-87.279717,36.510204],[-87.276084,36.509351],[-87.276096,36.509265],[-87.276588,36.505998],[-87.276142,36.50517],[-87.276248,36.505113],[-87.277165,36.503432],[-87.278905,36.502322],[-87.279466,36.500071],[-87.278392,36.500095],[-87.280836,36.499541],[-87.283188,36.49949],[-87.286131,36.499946],[-87.289538,36.499649],[-87.290107,36.499448],[-87.289228,36.499262],[-87.287937,36.497877],[-87.287212,36.495492],[-87.286601,36.494637],[-87.283556,36.492959],[-87.279025,36.491687],[-87.274438,36.491238],[-87.270873,36.490045],[-87.270207,36.489816],[-87.26717,36.488787],[-87.267094,36.488762],[-87.266403,36.488528],[-87.261675,36.486893],[-87.260506,36.486198],[-87.260277,36.486008],[-87.25827,36.487909],[-87.256478,36.488857],[-87.255312,36.489469],[-87.2545,36.490102],[-87.251692,36.493647],[-87.2509,36.494941],[-87.250205,36.497172],[-87.250441,36.499971],[-87.248402,36.499831],[-87.249145,36.495123],[-87.245693,36.494732],[-87.244762,36.500361],[-87.243917,36.500188],[-87.24365,36.501668],[-87.242925,36.501498],[-87.232646,36.499071],[-87.22715,36.497779],[-87.221558,36.496461],[-87.210247,36.493788],[-87.20972,36.493666],[-87.207786,36.493206],[-87.204026,36.492319],[-87.200149,36.491412],[-87.197187,36.49071],[-87.192374,36.489577],[-87.192887,36.486272],[-87.194154,36.486454],[-87.194891,36.487236],[-87.19731,36.487488],[-87.197506,36.485092],[-87.193939,36.484955],[-87.193584,36.485285],[-87.192953,36.483739],[-87.193359,36.481992],[-87.196483,36.480947],[-87.194394,36.478493],[-87.191657,36.477328],[-87.190281,36.476238],[-87.190793,36.47377],[-87.19074,36.471392],[-87.190237,36.466369],[-87.190376,36.464314],[-87.185546,36.463621],[-87.184918,36.46328],[-87.1856,36.459128],[-87.186184,36.458471],[-87.190309,36.456486],[-87.191827,36.456424],[-87.190657,36.452768],[-87.18945,36.448973],[-87.185959,36.441855],[-87.182901,36.439643],[-87.179584,36.44048],[-87.178113,36.440359],[-87.178272,36.43627],[-87.178935,36.4328],[-87.181729,36.43346],[-87.181024,36.432025],[-87.177722,36.425497],[-87.177254,36.424583],[-87.179549,36.424001],[-87.17851,36.419821],[-87.179908,36.418081],[-87.179858,36.417042],[-87.181027,36.414672],[-87.18236,36.41279],[-87.18214,36.411464],[-87.179434,36.409727],[-87.178857,36.408216],[-87.1794,36.406611],[-87.182889,36.407246],[-87.183336,36.40651],[-87.193001,36.407688],[-87.194551,36.40874],[-87.195607,36.408595],[-87.19721,36.410277],[-87.200807,36.410594],[-87.200578,36.411804],[-87.201999,36.412078],[-87.203361,36.41211],[-87.204253,36.412255],[-87.20517,36.412422],[-87.204942,36.412097],[-87.203975,36.410285],[-87.205617,36.409471],[-87.206476,36.408235],[-87.210018,36.403168],[-87.213612,36.398027],[-87.215057,36.395949],[-87.218588,36.395083],[-87.221847,36.394285],[-87.228372,36.390462],[-87.233204,36.387634],[-87.240227,36.383598],[-87.243129,36.381909],[-87.249805,36.378026],[-87.248891,36.376427],[-87.253175,36.373852],[-87.253922,36.373393],[-87.254232,36.372687],[-87.254883,36.370636],[-87.254531,36.367375],[-87.255085,36.365785],[-87.256852,36.364245],[-87.255417,36.363301],[-87.256565,36.361073],[-87.259821,36.357609],[-87.263398,36.354314],[-87.265002,36.353755],[-87.266524,36.356308],[-87.268285,36.355814],[-87.271593,36.353991],[-87.272786,36.35335],[-87.27551,36.353275],[-87.276928,36.355798],[-87.278784,36.355439],[-87.280064,36.354723],[-87.280182,36.354674],[-87.280252,36.352995],[-87.281383,36.352167],[-87.280203,36.351135],[-87.279837,36.348574],[-87.281445,36.344374],[-87.281957,36.342875],[-87.284786,36.329895],[-87.286451,36.322159],[-87.286501,36.321933],[-87.266522,36.320765],[-87.25106,36.322996],[-87.250826,36.321802],[-87.243485,36.323177],[-87.242495,36.32337],[-87.240739,36.325073],[-87.237812,36.325038],[-87.235264,36.325733],[-87.234244,36.326736],[-87.233752,36.329438],[-87.234493,36.330175],[-87.23304,36.331335],[-87.232461,36.331337],[-87.230799,36.327815],[-87.22911,36.325764],[-87.227411,36.324265],[-87.224205,36.321042],[-87.219736,36.317818],[-87.216732,36.315886],[-87.214179,36.314878],[-87.211062,36.314796],[-87.204711,36.316036],[-87.202083,36.316021],[-87.191824,36.314167],[-87.18319,36.313847],[-87.177303,36.314145],[-87.174058,36.313433],[-87.172637,36.312898],[-87.169784,36.311028],[-87.167372,36.310139],[-87.161204,36.308954],[-87.156589,36.307706],[-87.153043,36.30535],[-87.152745,36.304002],[-87.152698,36.303457],[-87.152632,36.30303],[-87.152605,36.302906],[-87.152536,36.302587],[-87.152389,36.302223],[-87.152289,36.301975],[-87.15197,36.301236],[-87.151652,36.300577],[-87.151165,36.29995],[-87.151086,36.299847],[-87.150882,36.299584],[-87.150791,36.299447],[-87.150849,36.299429],[-87.151048,36.299367],[-87.151247,36.299304],[-87.151483,36.29923],[-87.151749,36.296623],[-87.155111,36.295353],[-87.155569,36.292478],[-87.156885,36.291263],[-87.160051,36.290653],[-87.162487,36.290582],[-87.164296,36.29184],[-87.168178,36.291683],[-87.1691,36.285895],[-87.169197,36.285281],[-87.166781,36.285052],[-87.159903,36.284387],[-87.155629,36.283959],[-87.153357,36.283799],[-87.156552,36.283107],[-87.157976,36.281795],[-87.158466,36.279862],[-87.157376,36.278032],[-87.156183,36.277382],[-87.154981,36.274762],[-87.155295,36.273064],[-87.156439,36.271577],[-87.159415,36.269155],[-87.160477,36.268593],[-87.163396,36.268211],[-87.167109,36.266303],[-87.17265,36.264258],[-87.17834,36.260822],[-87.181806,36.259763],[-87.182588,36.257424],[-87.187929,36.254032],[-87.191398,36.251133],[-87.192733,36.249666],[-87.193742,36.248082],[-87.194005,36.245311],[-87.192658,36.244203],[-87.190134,36.243204],[-87.188703,36.243082],[-87.186874,36.241967],[-87.186142,36.242074],[-87.183498,36.244089],[-87.178134,36.246919],[-87.175924,36.247689],[-87.174046,36.247679],[-87.171191,36.246595],[-87.169387,36.244134],[-87.170905,36.243964],[-87.170972,36.243269],[-87.16704,36.238993],[-87.164932,36.235503],[-87.16506,36.23402],[-87.166186,36.23009],[-87.167087,36.228861],[-87.169043,36.227563],[-87.171508,36.226512],[-87.173188,36.226351],[-87.175983,36.226915],[-87.178306,36.228262],[-87.179217,36.228044],[-87.181545,36.225747],[-87.18297,36.223355],[-87.182853,36.222451],[-87.185337,36.219767],[-87.186472,36.217679],[-87.187392,36.215181],[-87.187968,36.211783],[-87.187503,36.210443],[-87.186541,36.209797],[-87.181278,36.210734],[-87.179848,36.210586],[-87.174957,36.206636],[-87.173715,36.204979],[-87.171432,36.203502],[-87.170027,36.201164],[-87.17037,36.198682],[-87.171933,36.196738],[-87.171758,36.19455],[-87.171111,36.192969],[-87.169623,36.192151],[-87.16756,36.192498],[-87.163053,36.192302],[-87.159605,36.191573],[-87.158152,36.190592],[-87.156402,36.187654],[-87.154798,36.185936],[-87.152449,36.182597],[-87.150789,36.179685],[-87.149876,36.176878],[-87.150692,36.175922],[-87.155909,36.173163],[-87.158327,36.172432],[-87.160057,36.172262],[-87.161519,36.172235],[-87.163102,36.170647],[-87.165023,36.169639],[-87.167255,36.169228],[-87.169387,36.167587],[-87.170827,36.165953],[-87.172238,36.162725],[-87.172102,36.160499],[-87.170657,36.158187],[-87.167918,36.155115],[-87.165776,36.154736],[-87.166139,36.152271],[-87.16648,36.149968],[-87.167289,36.144504],[-87.167465,36.143362],[-87.16801,36.139636],[-87.169196,36.131627],[-87.16946,36.129864],[-87.170105,36.125466],[-87.172643,36.110421],[-87.172791,36.109425],[-87.17295,36.095364],[-87.172966,36.090911],[-87.173006,36.08178],[-87.175279,36.082679],[-87.176367,36.082701],[-87.176803,36.081791],[-87.176762,36.081368],[-87.174995,36.077679],[-87.173127,36.070885],[-87.173222,36.070291],[-87.175425,36.069558],[-87.176726,36.068405],[-87.178624,36.067518],[-87.178772,36.067147],[-87.182573,36.049726],[-87.184207,36.042246],[-87.184569,36.040701],[-87.186094,36.03361],[-87.186578,36.031393],[-87.18714,36.028814],[-87.18736,36.02771],[-87.187383,36.027115],[-87.187784,36.023905],[-87.18779,36.023624],[-87.187806,36.023384],[-87.18848,36.022214],[-87.189603,36.016341],[-87.190786,36.009808],[-87.193055,35.997648],[-87.19319,35.996781],[-87.194271,35.98989],[-87.192923,35.989774],[-87.191976,35.989694],[-87.192248,35.987594],[-87.192543,35.985318],[-87.196746,35.985576],[-87.197406,35.979967],[-87.196636,35.979886],[-87.19051,35.979175],[-87.190562,35.977424],[-87.190826,35.975884],[-87.196863,35.976255],[-87.199442,35.97564],[-87.199805,35.971694],[-87.204629,35.971848],[-87.209774,35.971978],[-87.21199,35.970082],[-87.21073,35.967927],[-87.208499,35.967915],[-87.208994,35.962723],[-87.203933,35.962321],[-87.204242,35.959186],[-87.206501,35.959375],[-87.212045,35.959839],[-87.216193,35.960187],[-87.224309,35.960924],[-87.224771,35.960966],[-87.22653,35.961126],[-87.242261,35.962375],[-87.246802,35.962756],[-87.258127,35.963546],[-87.262439,35.963819],[-87.272731,35.964475],[-87.274235,35.964595],[-87.274509,35.962567],[-87.276845,35.961315],[-87.279901,35.961429],[-87.280165,35.962822],[-87.281823,35.963676],[-87.285853,35.963968],[-87.285765,35.964875],[-87.293924,35.965633],[-87.296658,35.965887],[-87.302237,35.966407],[-87.301916,35.96837],[-87.314036,35.969809],[-87.319891,35.970448],[-87.320658,35.970531],[-87.336542,35.972268],[-87.353127,35.974082],[-87.355457,35.974335],[-87.361277,35.974996],[-87.375304,35.976453],[-87.376555,35.976605],[-87.381587,35.977118],[-87.399405,35.978938],[-87.408988,35.979917],[-87.428833,35.981946],[-87.435043,35.982596],[-87.443328,35.983466],[-87.445527,35.983697],[-87.46353,35.985591],[-87.475502,35.986845],[-87.476449,35.986944],[-87.482378,35.987566],[-87.482115,35.985401],[-87.477686,35.985959],[-87.477719,35.984848],[-87.48969,35.983865],[-87.48971,35.984079],[-87.489874,35.98529],[-87.490133,35.988369],[-87.490561,35.988439],[-87.49373,35.988777],[-87.497491,35.989161],[-87.513881,35.990775],[-87.513992,35.991029],[-87.517306,35.991412],[-87.53453,35.993074],[-87.533933,35.992436],[-87.534739,35.991778],[-87.534587,35.99048],[-87.533651,35.990646],[-87.531595,35.988904],[-87.533108,35.987391],[-87.530626,35.980052],[-87.531885,35.979286],[-87.530683,35.976706],[-87.529957,35.975934],[-87.529965,35.975146],[-87.531546,35.971599],[-87.531882,35.970838],[-87.532493,35.96946],[-87.533934,35.968023],[-87.537474,35.966266],[-87.539288,35.966124],[-87.540131,35.966247],[-87.542458,35.966171],[-87.544039,35.964734],[-87.545285,35.96365],[-87.547847,35.961895],[-87.548464,35.961807],[-87.550114,35.960792],[-87.550693,35.959442],[-87.55104,35.958964],[-87.554081,35.953332],[-87.555144,35.951777],[-87.555707,35.952071],[-87.557168,35.950665],[-87.560357,35.948967],[-87.561537,35.949225],[-87.562229,35.948253],[-87.564056,35.947894],[-87.565094,35.948775],[-87.567467,35.947646],[-87.569304,35.947747],[-87.570374,35.948549],[-87.572402,35.949144],[-87.573388,35.950197],[-87.574769,35.950426],[-87.575586,35.951159],[-87.577304,35.951456],[-87.578684,35.951113],[-87.579811,35.951937],[-87.581922,35.950333],[-87.582879,35.948684],[-87.583676,35.948284],[-87.584879,35.947814],[-87.585454,35.94907],[-87.586964,35.95079],[-87.586767,35.951844],[-87.587584,35.953378],[-87.589414,35.952462],[-87.591667,35.952163],[-87.594295,35.953004],[-87.598962,35.951864],[-87.599215,35.950833],[-87.602425,35.95003],[-87.605664,35.949869],[-87.60634,35.950098],[-87.609887,35.949794],[-87.61186,35.949981],[-87.611267,35.947462],[-87.610301,35.946459],[-87.609189,35.946391],[-87.61075,35.944315],[-87.614278,35.944095],[-87.616201,35.943657],[-87.618107,35.941551],[-87.618162,35.940108],[-87.619906,35.937657],[-87.622693,35.936694],[-87.623733,35.93477],[-87.625019,35.934323],[-87.625451,35.934318],[-87.626193,35.934312],[-87.626418,35.934129],[-87.626519,35.933883],[-87.626531,35.933855],[-87.62656,35.933454],[-87.626701,35.932939],[-87.626757,35.932572],[-87.629525,35.930567],[-87.631179,35.931086],[-87.634646,35.930107],[-87.634467,35.928302],[-87.635995,35.927974],[-87.63822,35.927448],[-87.638756,35.925662],[-87.641281,35.924997],[-87.640821,35.923824],[-87.64298,35.923488],[-87.644077,35.922378],[-87.64544,35.921883],[-87.646107,35.922527],[-87.648134,35.923009],[-87.649051,35.922597],[-87.650808,35.922643],[-87.653821,35.921316],[-87.656699,35.921549],[-87.657024,35.92053],[-87.655756,35.919718],[-87.656561,35.91818],[-87.658046,35.918038],[-87.658423,35.915511],[-87.661687,35.915707],[-87.662893,35.915442],[-87.663591,35.916573],[-87.666688,35.917278],[-87.666913,35.917344],[-87.667588,35.917542],[-87.667814,35.917609],[-87.670132,35.916398],[-87.671232,35.917179],[-87.67412,35.916808],[-87.677019,35.916877],[-87.678231,35.916328],[-87.679807,35.916488],[-87.681018,35.91603],[-87.683608,35.916076],[-87.685692,35.91296],[-87.686407,35.912681],[-87.685739,35.911542],[-87.687295,35.910992],[-87.689652,35.911355],[-87.690645,35.910809],[-87.691095,35.911404],[-87.692239,35.911896],[-87.692399,35.911915],[-87.692531,35.911931],[-87.69284,35.912103],[-87.692982,35.912183],[-87.69312,35.912158],[-87.693376,35.912114],[-87.693481,35.911991],[-87.693573,35.911885],[-87.694067,35.909963],[-87.696081,35.911776],[-87.697254,35.912024],[-87.697362,35.911144],[-87.700482,35.90927],[-87.702441,35.908149],[-87.702358,35.906768],[-87.703079,35.904401],[-87.70696,35.905884],[-87.70789,35.898384],[-87.708895,35.892214],[-87.711342,35.875126],[-87.711625,35.874082],[-87.711663,35.873797],[-87.711728,35.873333],[-87.711849,35.872464],[-87.712152,35.870286],[-87.71257,35.867509],[-87.713689,35.85991],[-87.715257,35.849096],[-87.716166,35.842831],[-87.71676,35.83875],[-87.728446,35.83855],[-87.73438,35.838448],[-87.738966,35.838369],[-87.741457,35.838327],[-87.754787,35.838019],[-87.794528,35.83724],[-87.796038,35.83721],[-87.799554,35.837142],[-87.818202,35.836779],[-87.817775,35.835562],[-87.818697,35.833095],[-87.819657,35.832262],[-87.818794,35.830681],[-87.819471,35.829293],[-87.821734,35.828706],[-87.821768,35.827391],[-87.822756,35.825859],[-87.823863,35.825513],[-87.824812,35.824343],[-87.825957,35.823921],[-87.828897,35.824421],[-87.830977,35.822939],[-87.833063,35.822393],[-87.835184,35.823381],[-87.83805,35.822976],[-87.840638,35.822154],[-87.841959,35.821255],[-87.843544,35.821043],[-87.844142,35.820724],[-87.845548,35.81723],[-87.846224,35.816266],[-87.846006,35.815179],[-87.846622,35.813339],[-87.846478,35.81192],[-87.847302,35.810563],[-87.846809,35.808429],[-87.848527,35.807997],[-87.847848,35.806458],[-87.847879,35.804483],[-87.849328,35.803997],[-87.852682,35.803799],[-87.854039,35.80436],[-87.855172,35.805751],[-87.857676,35.806365],[-87.857582,35.807316],[-87.859376,35.808366],[-87.860493,35.808145],[-87.863483,35.80883],[-87.864564,35.809512],[-87.865204,35.810985],[-87.867351,35.811374],[-87.870751,35.812992],[-87.874182,35.813021],[-87.875616,35.814222],[-87.87562,35.815697],[-87.878246,35.818133],[-87.882984,35.818705],[-87.88495,35.820691],[-87.88447,35.821375],[-87.885062,35.822069],[-87.888934,35.822424],[-87.89059,35.822993],[-87.890711,35.823839],[-87.893127,35.824858],[-87.896138,35.824159],[-87.898385,35.824702],[-87.900777,35.824367],[-87.901321,35.825164],[-87.902701,35.825556],[-87.903611,35.826569],[-87.904572,35.828622],[-87.907096,35.829229],[-87.907374,35.82997],[-87.90916,35.830998],[-87.9104,35.830931],[-87.91088,35.832678],[-87.909632,35.834034],[-87.911374,35.836424],[-87.910297,35.838336],[-87.927075,35.838598],[-87.935414,35.838728],[-87.945526,35.839394],[-87.945709,35.839326],[-87.947712,35.838602],[-87.950066,35.839858],[-87.954549,35.840239],[-87.955661,35.840317],[-87.958382,35.840532],[-87.959064,35.840593],[-87.96274,35.840921],[-87.964456,35.838846],[-87.966952,35.834755],[-87.968987,35.828827],[-87.969798,35.824651],[-87.970738,35.815705],[-87.974034,35.816014],[-87.975801,35.816187],[-87.976504,35.81625],[-87.976854,35.816281],[-87.984403,35.816959],[-87.986827,35.816324],[-87.989875,35.816203],[-87.992928,35.812747],[-87.994674,35.812564],[-87.996287,35.811301],[-87.998675,35.811545],[-87.999528,35.812608],[-88.001564,35.813556],[-88.00258,35.813624],[-88.003245,35.814957],[-88.00259,35.815795],[-88.003612,35.81638],[-88.005558,35.815957],[-88.006927,35.816284],[-88.008688,35.815119],[-88.011427,35.815756],[-88.014188,35.813746],[-88.013215,35.812742],[-88.013722,35.812033],[-88.015428,35.812022],[-88.017336,35.811107],[-88.021072,35.811723],[-88.023583,35.811011],[-88.028195,35.811021],[-88.028059,35.812631],[-88.027587,35.817878],[-88.026631,35.829579],[-88.026901,35.831959],[-88.028832,35.832685],[-88.028624,35.837168],[-88.030201,35.837899],[-88.029505,35.839786],[-88.029504,35.839803],[-88.030523,35.839779],[-88.033555,35.84366],[-88.035218,35.844084],[-88.035862,35.84303],[-88.036977,35.842646],[-88.038974,35.8434],[-88.042611,35.842789],[-88.043378,35.843049],[-88.044003,35.844533],[-88.045959,35.845561],[-88.047923,35.847049],[-88.051564,35.847904],[-88.051772,35.849975],[-88.059716,35.85031],[-88.061464,35.850329],[-88.061741,35.848374],[-88.062006,35.845037],[-88.07498,35.845035],[-88.076282,35.842453],[-88.077954,35.841732],[-88.078297,35.840996],[-88.079559,35.84072],[-88.080819,35.839795],[-88.082688,35.839513],[-88.083836,35.838249],[-88.084519,35.837774],[-88.084281,35.841266],[-88.084272,35.841546],[-88.084223,35.842688],[-88.085844,35.842621],[-88.087923,35.842538],[-88.095692,35.842942],[-88.118324,35.844265],[-88.125037,35.84482],[-88.126511,35.844784],[-88.13807,35.845292],[-88.150374,35.845421],[-88.152957,35.845481],[-88.162339,35.845268],[-88.173002,35.845891],[-88.177859,35.845841],[-88.177922,35.844482],[-88.178149,35.839655],[-88.178756,35.823293],[-88.178961,35.819213],[-88.17898,35.818911],[-88.179007,35.818654],[-88.179177,35.816785],[-88.18918,35.816994],[-88.190083,35.817014],[-88.191428,35.817045],[-88.198562,35.817209],[-88.206028,35.817382],[-88.213174,35.817549],[-88.222217,35.817759],[-88.226573,35.817886],[-88.230009,35.817962],[-88.235669,35.818086],[-88.245622,35.818359],[-88.252439,35.818494],[-88.258233,35.818724],[-88.263971,35.818805],[-88.26524,35.818825],[-88.271839,35.818872],[-88.287353,35.819376],[-88.290212,35.819411],[-88.298872,35.819566],[-88.302667,35.819636],[-88.307378,35.819723],[-88.318491,35.819985],[-88.329406,35.820244],[-88.332988,35.820329],[-88.347537,35.820668],[-88.357984,35.820868],[-88.369725,35.821037],[-88.374888,35.821133],[-88.38134,35.821254],[-88.385621,35.821152],[-88.3864,35.821166],[-88.386536,35.821167],[-88.388869,35.821211],[-88.389455,35.821265],[-88.390591,35.821364],[-88.391409,35.82141],[-88.405614,35.821757],[-88.406595,35.82178],[-88.428438,35.822216],[-88.435462,35.82237],[-88.439115,35.822487],[-88.443103,35.822551],[-88.451056,35.822718],[-88.458798,35.822891],[-88.46863,35.823152],[-88.477158,35.823382],[-88.485559,35.823577],[-88.497073,35.823783],[-88.50045,35.823463],[-88.506882,35.823591],[-88.509227,35.823637],[-88.537637,35.824203],[-88.540191,35.824213],[-88.569047,35.824829],[-88.570266,35.824138],[-88.571534,35.822705],[-88.571016,35.81857],[-88.571461,35.815199],[-88.572653,35.815813],[-88.574825,35.815879],[-88.575878,35.816566],[-88.579251,35.816878],[-88.579966,35.816114],[-88.581113,35.816521],[-88.581551,35.815658],[-88.583642,35.815383],[-88.583811,35.814641],[-88.585585,35.814157],[-88.587217,35.812695],[-88.58855,35.812495],[-88.589645,35.810661],[-88.589368,35.809683],[-88.591688,35.808424],[-88.593138,35.806935],[-88.594305,35.806605],[-88.593083,35.804561],[-88.594749,35.803945],[-88.595888,35.802219],[-88.59694,35.8019],[-88.597554,35.802895],[-88.598885,35.802113],[-88.599627,35.801785],[-88.599836,35.789165],[-88.600001,35.789195],[-88.606862,35.789354],[-88.607217,35.776142],[-88.607335,35.771669],[-88.60739,35.768399],[-88.607549,35.763048],[-88.608185,35.738853],[-88.608195,35.736843],[-88.608243,35.735128],[-88.608494,35.726184],[-88.608501,35.725923],[-88.608935,35.710335],[-88.608804,35.709116],[-88.608786,35.708901],[-88.609213,35.701987],[-88.609331,35.697653],[-88.609539,35.6901],[-88.609684,35.684804],[-88.609776,35.681439],[-88.610075,35.670522],[-88.610612,35.6509],[-88.610704,35.647556],[-88.610736,35.646424],[-88.609507,35.644922],[-88.605052,35.644922],[-88.603382,35.644515],[-88.603504,35.639133],[-88.603429,35.638343],[-88.603581,35.636712],[-88.603963,35.635776],[-88.603691,35.628982],[-88.603575,35.626084],[-88.604886,35.626159],[-88.610851,35.626437],[-88.61088,35.626189],[-88.61121,35.622827],[-88.611847,35.614615],[-88.61252,35.603973],[-88.612954,35.597256],[-88.613611,35.588089],[-88.613701,35.586009],[-88.614007,35.575786],[-88.614204,35.569161],[-88.617404,35.56441],[-88.625052,35.55118],[-88.628765,35.545135],[-88.630901,35.541695],[-88.63192,35.540016],[-88.634258,35.536222],[-88.640518,35.529126],[-88.64495,35.524167],[-88.649609,35.518954],[-88.652178,35.51608],[-88.653349,35.514769],[-88.65654,35.511199],[-88.660313,35.506981],[-88.661367,35.505803],[-88.675867,35.489163],[-88.676753,35.488772],[-88.686377,35.484557],[-88.697649,35.479607],[-88.698688,35.479152],[-88.701483,35.477926],[-88.701778,35.477798],[-88.704657,35.476538],[-88.706166,35.475879],[-88.707852,35.475141],[-88.708813,35.474689],[-88.715449,35.471761],[-88.715847,35.471586],[-88.723522,35.468201],[-88.727168,35.466593],[-88.733388,35.463849],[-88.741763,35.460157],[-88.753224,35.455211],[-88.760556,35.451933],[-88.761264,35.451615],[-88.771078,35.447315],[-88.792573,35.437797],[-88.813766,35.4283],[-88.814487,35.427989],[-88.815798,35.427451],[-88.817945,35.427482],[-88.832682,35.427696],[-88.835876,35.427743],[-88.841607,35.427826],[-88.852971,35.427994],[-88.85602,35.428039],[-88.865041,35.428171],[-88.874632,35.428311],[-88.875182,35.428423],[-88.877203,35.428425],[-88.89137,35.428648],[-88.893132,35.428645],[-88.894498,35.428662],[-88.907652,35.428832],[-88.916663,35.428992],[-88.931296,35.429196],[-88.943059,35.42941],[-88.944514,35.429431],[-88.967583,35.429764],[-88.977842,35.429918],[-88.980601,35.429959],[-88.986509,35.430046],[-88.995615,35.430179],[-89.012175,35.430379],[-89.018231,35.430473],[-89.036176,35.430758],[-89.052979,35.431018],[-89.053298,35.431023],[-89.053498,35.431026],[-89.0541,35.431036],[-89.054301,35.43104],[-89.055082,35.431053],[-89.061254,35.43115],[-89.072237,35.431323],[-89.076807,35.431396],[-89.078876,35.431428],[-89.082937,35.431492],[-89.084245,35.431512],[-89.09509,35.431683],[-89.108599,35.431897],[-89.109358,35.431909],[-89.123671,35.432126],[-89.125065,35.432053],[-89.147272,35.432361],[-89.16138,35.432559],[-89.168018,35.432652],[-89.182551,35.432816],[-89.183059,35.419675],[-89.183547,35.407063],[-89.183881,35.398725],[-89.183944,35.397126],[-89.211256,35.397681],[-89.22041,35.397776],[-89.232998,35.397993],[-89.234925,35.39803],[-89.24753,35.398245],[-89.251202,35.398491],[-89.262782,35.398865],[-89.267208,35.398947],[-89.280292,35.39894],[-89.299271,35.399332],[-89.303592,35.399422],[-89.310175,35.399558],[-89.338795,35.400156],[-89.347491,35.400338],[-89.34754,35.399451],[-89.356623,35.39957],[-89.358659,35.399614],[-89.360596,35.399659],[-89.368496,35.399826],[-89.391994,35.400263],[-89.39855,35.400373],[-89.398974,35.400381],[-89.405853,35.400495],[-89.411441,35.400588],[-89.417963,35.4007],[-89.432844,35.400951],[-89.433923,35.400968],[-89.438639,35.401048],[-89.438527,35.402113],[-89.459801,35.402499],[-89.474171,35.403039],[-89.497182,35.403522],[-89.500075,35.40414],[-89.527246,35.404517],[-89.533357,35.404603],[-89.536543,35.404501],[-89.537751,35.403903],[-89.53934,35.404303],[-89.540562,35.404771],[-89.542089,35.404123],[-89.542411,35.404705],[-89.544046,35.404748],[-89.544226,35.403809],[-89.546525,35.403924],[-89.548432,35.403388],[-89.550405,35.402784],[-89.551787,35.401229],[-89.553102,35.401306],[-89.554122,35.400609],[-89.554068,35.40146],[-89.556483,35.401449],[-89.557678,35.400367],[-89.558697,35.401241],[-89.559945,35.400115],[-89.561817,35.399966],[-89.563192,35.400659],[-89.563461,35.399719],[-89.562609,35.39928],[-89.563507,35.398599],[-89.564588,35.39989],[-89.565674,35.399637],[-89.566271,35.397527],[-89.567526,35.397209],[-89.568955,35.397923],[-89.568988,35.396879],[-89.570847,35.396863],[-89.5709,35.396352],[-89.573235,35.396275],[-89.573309,35.397307],[-89.575126,35.397728],[-89.576104,35.398849],[-89.577109,35.398551],[-89.577475,35.397598],[-89.579105,35.397411],[-89.578789,35.396614],[-89.580325,35.395538],[-89.581131,35.396065],[-89.584109,35.395845],[-89.584097,35.397475],[-89.584942,35.396075],[-89.585159,35.397474],[-89.586949,35.39674],[-89.586969,35.39581],[-89.588483,35.395932],[-89.587932,35.394696],[-89.591894,35.394131],[-89.592252,35.395212],[-89.596563,35.39445],[-89.598603,35.394564],[-89.60014,35.392771],[-89.601998,35.391858],[-89.603602,35.392159],[-89.605272,35.391642],[-89.607323,35.389131],[-89.609429,35.389526],[-89.609986,35.389158],[-89.613833,35.389069],[-89.615679,35.38834],[-89.616176,35.388662],[-89.617135,35.38749],[-89.617356,35.387374],[-89.618425,35.386315],[-89.617295,35.383595],[-89.618692,35.382953],[-89.621683,35.383203],[-89.624033,35.381739],[-89.626168,35.382404],[-89.627858,35.381883],[-89.627975,35.382883],[-89.628966,35.382599],[-89.627966,35.380133],[-89.628472,35.37872],[-89.63023,35.378183],[-89.630572,35.37748],[-89.632027,35.377403],[-89.632776,35.375824],[-89.635363,35.376274],[-89.636528,35.376862],[-89.637528,35.376313],[-89.636744,35.374885],[-89.637961,35.374584],[-89.638699,35.375325],[-89.640495,35.3754],[-89.642448,35.374459],[-89.644575,35.372614],[-89.644985,35.371211],[-89.645718,35.3716],[-89.646,35.372265],[-89.644295,35.37489],[-89.64518,35.375283],[-89.645138,35.378518],[-89.644407,35.379007],[-89.64497,35.379947],[-89.644279,35.3811],[-89.644613,35.383011],[-89.642935,35.385213],[-89.641741,35.385889],[-89.642424,35.387092],[-89.643799,35.38673],[-89.643866,35.387455],[-89.642796,35.387983],[-89.659044,35.388249],[-89.665939,35.388496],[-89.677257,35.388485],[-89.695671,35.388882],[-89.702893,35.389059],[-89.702682,35.394661],[-89.702378,35.403886],[-89.703679,35.403986],[-89.70248,35.408584],[-89.704145,35.40878],[-89.70928,35.409483],[-89.71018,35.404384],[-89.716748,35.405701],[-89.720327,35.406505],[-89.729495,35.406712],[-89.729417,35.405982],[-89.732762,35.40571],[-89.730814,35.401111],[-89.737341,35.401398],[-89.741876,35.401847],[-89.751089,35.402708],[-89.757417,35.403295],[-89.759304,35.403483],[-89.766852,35.404059],[-89.768624,35.404193],[-89.771779,35.404569],[-89.775407,35.405039],[-89.776238,35.405118],[-89.776736,35.405173],[-89.777322,35.400788],[-89.778755,35.38782],[-89.800443,35.391313],[-89.80045,35.391225],[-89.80244,35.390827],[-89.805016,35.3898],[-89.808014,35.389191],[-89.807357,35.386879],[-89.808705,35.387065],[-89.8102,35.388136],[-89.809463,35.388966],[-89.809469,35.390081],[-89.81165,35.390319],[-89.820145,35.390597],[-89.828702,35.392192],[-89.829448,35.39221],[-89.83778,35.390635],[-89.838269,35.389957],[-89.838628,35.389972],[-89.838111,35.387787],[-89.847932,35.388715],[-89.850476,35.388289],[-89.851889,35.387216],[-89.858829,35.381291],[-89.859038,35.381445],[-89.859304,35.381624],[-89.858593,35.382128],[-89.858404,35.383808],[-89.858583,35.38664],[-89.860442,35.385441],[-89.860566,35.385667],[-89.858313,35.38715],[-89.856505,35.389114],[-89.855372,35.391],[-89.86017,35.390643],[-89.865515,35.39077],[-89.883987,35.391185],[-89.889317,35.390906],[-89.889663,35.389445],[-89.889982,35.388257],[-89.891049,35.386923],[-89.890817,35.38175],[-89.892048,35.375084],[-89.891841,35.373272],[-89.888933,35.368335],[-89.887802,35.366118],[-89.891072,35.362029],[-89.8909,35.361919],[-89.887637,35.365886],[-89.887502,35.366039],[-89.885473,35.365145],[-89.872704,35.363751],[-89.86911,35.368793],[-89.867268,35.3686],[-89.86685,35.369996],[-89.859527,35.370832],[-89.859585,35.371568],[-89.856963,35.375008],[-89.855219,35.374887],[-89.850554,35.371778],[-89.85169,35.370381],[-89.852347,35.366664],[-89.8506,35.366594],[-89.850714,35.365019],[-89.850886,35.362672],[-89.858865,35.363106],[-89.859474,35.362424],[-89.860084,35.357899],[-89.84765,35.35656],[-89.848427,35.350805],[-89.848525,35.350051],[-89.848595,35.349496],[-89.848875,35.347276],[-89.849224,35.344675],[-89.849311,35.344],[-89.845658,35.343672],[-89.845959,35.341373],[-89.847801,35.341566],[-89.847963,35.340506],[-89.844323,35.340222],[-89.843482,35.339788],[-89.84016,35.343539],[-89.835007,35.343061],[-89.835651,35.341846],[-89.836228,35.337939],[-89.837063,35.337939],[-89.837913,35.336948],[-89.837071,35.336874],[-89.834482,35.336637],[-89.83338,35.336537],[-89.832286,35.336439],[-89.831186,35.33634],[-89.830369,35.336266],[-89.830567,35.329713],[-89.830592,35.328889],[-89.830673,35.325835],[-89.830901,35.32513],[-89.833013,35.323396],[-89.833485,35.322467],[-89.834304,35.315427],[-89.835098,35.31039],[-89.837797,35.309677],[-89.838192,35.310358],[-89.841087,35.310566],[-89.840666,35.312389],[-89.842509,35.313059],[-89.842274,35.312114],[-89.843064,35.311785],[-89.847105,35.313178],[-89.847501,35.31487],[-89.848788,35.314403],[-89.850216,35.316193],[-89.851147,35.315143],[-89.852849,35.31584],[-89.853433,35.317015],[-89.851711,35.317274],[-89.85147,35.318301],[-89.853367,35.318537],[-89.854431,35.317059],[-89.855383,35.318311],[-89.856697,35.318041],[-89.857468,35.318985],[-89.857355,35.320935],[-89.857979,35.321545],[-89.859913,35.321206],[-89.860003,35.320668],[-89.863626,35.320575],[-89.864144,35.321696],[-89.864503,35.320453],[-89.865768,35.320594],[-89.86618,35.321699],[-89.866806,35.320327],[-89.867795,35.320552],[-89.867864,35.319437],[-89.869465,35.318334],[-89.870548,35.31846],[-89.871311,35.319547],[-89.872446,35.319657],[-89.87261,35.318879],[-89.873228,35.319241],[-89.873365,35.319321],[-89.88893,35.328423],[-89.890906,35.329513],[-89.893361,35.330241],[-89.898895,35.330428],[-89.899076,35.330168],[-89.893568,35.329985],[-89.890084,35.328773],[-89.873552,35.319104],[-89.875487,35.316866],[-89.875362,35.316773],[-89.879856,35.311618],[-89.881149,35.309614],[-89.881734,35.306175],[-89.882079,35.297223],[-89.882291,35.291735],[-89.882461,35.291739],[-89.882248,35.297223],[-89.881904,35.306182],[-89.8875,35.30635],[-89.887397,35.309712],[-89.887984,35.309806],[-89.898212,35.309979],[-89.898685,35.311499],[-89.899694,35.311567],[-89.902948,35.311815],[-89.903312,35.309232],[-89.909066,35.309921],[-89.912427,35.302135],[-89.911277,35.300447],[-89.911788,35.300182],[-89.912503,35.301158],[-89.913949,35.301127],[-89.914478,35.300499],[-89.915034,35.300826],[-89.915324,35.300447],[-89.916993,35.298014],[-89.925083,35.298566],[-89.925268,35.297041],[-89.925534,35.293384],[-89.919535,35.292705],[-89.920094,35.290664],[-89.920844,35.28819],[-89.922499,35.285038],[-89.924394,35.282944],[-89.92708,35.279945],[-89.928533,35.275509],[-89.928948,35.27175],[-89.929358,35.268354],[-89.929427,35.26294],[-89.926611,35.263964],[-89.926199,35.262938],[-89.923146,35.2632],[-89.92316,35.262271],[-89.924294,35.261318],[-89.92474,35.262028],[-89.925586,35.260962],[-89.924561,35.260574],[-89.923901,35.259521],[-89.924345,35.258993],[-89.924547,35.258611],[-89.925155,35.257684],[-89.923534,35.257054],[-89.92356,35.255568],[-89.924419,35.249349],[-89.923843,35.249327],[-89.92416,35.247135],[-89.922382,35.247133],[-89.92257,35.245652],[-89.922757,35.244949],[-89.92281,35.243045],[-89.920469,35.242993],[-89.91528,35.242883],[-89.914906,35.242877],[-89.914527,35.24287],[-89.912849,35.242843],[-89.912095,35.242829],[-89.911871,35.241891],[-89.911893,35.240734],[-89.911184,35.240713],[-89.911857,35.240021],[-89.911956,35.236878],[-89.905163,35.236688],[-89.905213,35.23661],[-89.906555,35.235845],[-89.905108,35.234057],[-89.904851,35.232944],[-89.903816,35.231029],[-89.90153,35.230991],[-89.900291,35.230077],[-89.902742,35.227614],[-89.906813,35.223521],[-89.908595,35.221727],[-89.904042,35.221614],[-89.90442,35.220894],[-89.905306,35.219272],[-89.905743,35.218444],[-89.906189,35.217601],[-89.906581,35.216824],[-89.907494,35.215049],[-89.908729,35.212641],[-89.910314,35.209503],[-89.910585,35.209023],[-89.912428,35.206115],[-89.912443,35.205963],[-89.910296,35.206263],[-89.908229,35.206556],[-89.906914,35.206735],[-89.904968,35.206998],[-89.902955,35.207059],[-89.902152,35.207042],[-89.900841,35.207007],[-89.894609,35.20686],[-89.892632,35.20671],[-89.888328,35.206279],[-89.885254,35.205554],[-89.88523,35.2057],[-89.884261,35.205529],[-89.883463,35.205422],[-89.880679,35.205127],[-89.880587,35.207307],[-89.877156,35.207237],[-89.876142,35.207251],[-89.873753,35.207153],[-89.873788,35.206305],[-89.873891,35.204484],[-89.874303,35.204588],[-89.877088,35.204861],[-89.878423,35.204994],[-89.879111,35.204868],[-89.879172,35.201974],[-89.878915,35.195673],[-89.879735,35.195001],[-89.879621,35.192205],[-89.87984,35.188065],[-89.869433,35.187952],[-89.86927,35.187944],[-89.854499,35.187784],[-89.852303,35.187875],[-89.851288,35.188878],[-89.849883,35.190297],[-89.847523,35.192574],[-89.847458,35.192638],[-89.845118,35.194945],[-89.840353,35.199627],[-89.839408,35.200551],[-89.838955,35.199947],[-89.836688,35.202225],[-89.833522,35.205236],[-89.830931,35.20491],[-89.82916,35.204662],[-89.829138,35.204787],[-89.827453,35.204574],[-89.824469,35.204156],[-89.821835,35.203895],[-89.821837,35.203767],[-89.821058,35.203794],[-89.814805,35.204602],[-89.814612,35.204595],[-89.810588,35.204556],[-89.808529,35.204543],[-89.802352,35.204538],[-89.795841,35.204582],[-89.792033,35.204416],[-89.792038,35.204327],[-89.792026,35.201746],[-89.792134,35.199004],[-89.792292,35.195113],[-89.792301,35.194892],[-89.792352,35.19346],[-89.79241,35.191902],[-89.792421,35.191632],[-89.791417,35.191622],[-89.791406,35.191879],[-89.790632,35.191932],[-89.789928,35.192129],[-89.78929,35.192159],[-89.788344,35.191929],[-89.788417,35.191851],[-89.787521,35.191082],[-89.787316,35.190375],[-89.787186,35.1903],[-89.787203,35.189361],[-89.787172,35.189105],[-89.7871,35.188845],[-89.786987,35.188593],[-89.786859,35.188386],[-89.786668,35.188139],[-89.786709,35.188116],[-89.78677,35.188083],[-89.784714,35.187004],[-89.783504,35.18706],[-89.780055,35.188778],[-89.777102,35.188827],[-89.77706,35.187709],[-89.777064,35.1875],[-89.777062,35.187482],[-89.777038,35.187257],[-89.777011,35.187159],[-89.776908,35.186917],[-89.776857,35.186843],[-89.776849,35.186831],[-89.776698,35.186682],[-89.77675,35.186645],[-89.776792,35.186615],[-89.776007,35.185901],[-89.775748,35.185661],[-89.775616,35.185493],[-89.775532,35.185329],[-89.775501,35.185231],[-89.775474,35.185097],[-89.775467,35.184992],[-89.775474,35.184902],[-89.775501,35.184772],[-89.775744,35.184092],[-89.775681,35.184089],[-89.77562,35.184086],[-89.775884,35.183308],[-89.776212,35.18245],[-89.776343,35.182489],[-89.77677,35.181566],[-89.776648,35.181522],[-89.777311,35.180058],[-89.777665,35.179285],[-89.774236,35.177804],[-89.774278,35.177707],[-89.772686,35.177339],[-89.773296,35.176829],[-89.776187,35.175869],[-89.778642,35.176128],[-89.78024,35.175952],[-89.786398,35.177091],[-89.786936,35.177266],[-89.78915,35.17987],[-89.79276,35.181066],[-89.792819,35.179797],[-89.792848,35.178852],[-89.792856,35.177952],[-89.792904,35.173323],[-89.792933,35.172192],[-89.792975,35.170745],[-89.793119,35.168268],[-89.793334,35.166913],[-89.793448,35.166362],[-89.793621,35.166389],[-89.794452,35.163691],[-89.794809,35.162441],[-89.794634,35.162416],[-89.794955,35.160814],[-89.795214,35.158151],[-89.795312,35.155701],[-89.795204,35.15422],[-89.7952,35.15417],[-89.795188,35.154021],[-89.795184,35.153972],[-89.795287,35.153976],[-89.7953,35.153975],[-89.795374,35.153972],[-89.79565,35.153968],[-89.795767,35.153967],[-89.796621,35.153982],[-89.799549,35.153997],[-89.800878,35.154632],[-89.801291,35.15549],[-89.80241,35.155437],[-89.803339,35.155469],[-89.804087,35.155471],[-89.804893,35.155519],[-89.806175,35.155844],[-89.806367,35.150342],[-89.806892,35.150373],[-89.808725,35.150476],[-89.808556,35.154947],[-89.811091,35.155171],[-89.811282,35.150576],[-89.813966,35.150681],[-89.814307,35.150693],[-89.815369,35.150732],[-89.816287,35.150768],[-89.819536,35.150938],[-89.820416,35.151327],[-89.820504,35.151176],[-89.81942,35.149682],[-89.817962,35.147969],[-89.817827,35.147819],[-89.817789,35.147774],[-89.817676,35.147642],[-89.81764,35.147597],[-89.815386,35.14493],[-89.810999,35.142083],[-89.805852,35.139438],[-89.803162,35.137879],[-89.802715,35.136563],[-89.801726,35.136073],[-89.796211,35.135365],[-89.796042,35.135357],[-89.796414,35.133803],[-89.796971,35.131967],[-89.797,35.131848],[-89.797754,35.128842],[-89.796596,35.1286],[-89.796633,35.128511],[-89.797794,35.128703],[-89.79785,35.128493],[-89.798035,35.127815],[-89.798134,35.127446],[-89.798229,35.127098],[-89.799716,35.121598],[-89.80022,35.11975],[-89.800972,35.116909],[-89.801147,35.116938],[-89.802901,35.117316],[-89.804123,35.116934],[-89.805903,35.116362],[-89.808361,35.116163],[-89.811265,35.116682],[-89.819161,35.118156],[-89.822041,35.118532],[-89.824531,35.119236],[-89.827579,35.119681],[-89.833335,35.120948],[-89.834616,35.121127],[-89.835558,35.118899],[-89.834008,35.118735],[-89.834014,35.118594],[-89.834053,35.117497],[-89.83406,35.11709],[-89.834207,35.116991],[-89.834254,35.116947],[-89.834234,35.116893],[-89.834073,35.11683],[-89.83408,35.116442],[-89.834274,35.11642],[-89.834381,35.116338],[-89.834421,35.116195],[-89.834247,35.116162],[-89.834233,35.11603],[-89.83416,35.115668],[-89.8341,35.115573],[-89.834325,35.107853],[-89.83438,35.106177],[-89.834419,35.10484],[-89.83534,35.104817],[-89.835992,35.104789],[-89.836034,35.101423],[-89.836078,35.097848],[-89.837081,35.097964],[-89.837894,35.098059],[-89.839294,35.098236],[-89.839473,35.09826],[-89.841924,35.098657],[-89.842224,35.098725],[-89.842642,35.098796],[-89.844203,35.099071],[-89.845466,35.099294],[-89.845572,35.099319],[-89.845436,35.097179],[-89.843134,35.096558],[-89.839848,35.096057],[-89.830885,35.094797],[-89.830268,35.094708],[-89.830288,35.094451],[-89.830485,35.08759],[-89.830699,35.082841],[-89.829514,35.082804],[-89.82893,35.0828],[-89.82904,35.079206],[-89.829088,35.077691],[-89.828132,35.077671],[-89.828303,35.072533],[-89.828439,35.066736],[-89.825487,35.067195],[-89.825458,35.067083],[-89.82545,35.067053],[-89.825395,35.066957],[-89.825325,35.066788],[-89.825288,35.066698],[-89.825226,35.066528],[-89.825219,35.06651],[-89.825192,35.066436],[-89.824995,35.065956],[-89.824977,35.065911],[-89.824914,35.065775],[-89.824545,35.064937],[-89.824736,35.064915],[-89.824379,35.064117],[-89.82419,35.06415],[-89.824043,35.062938],[-89.824617,35.061251],[-89.825939,35.059003],[-89.827859,35.056817],[-89.827992,35.0569],[-89.833685,35.060554],[-89.835855,35.062833],[-89.838794,35.066066],[-89.84076,35.067562],[-89.843023,35.068598],[-89.843493,35.066858],[-89.843522,35.066689],[-89.843602,35.065459],[-89.838302,35.062482],[-89.837849,35.062215],[-89.828467,35.056338],[-89.828329,35.056243],[-89.822525,35.052528],[-89.822334,35.052364],[-89.818909,35.049745],[-89.818001,35.049192],[-89.816874,35.049802],[-89.814949,35.050044],[-89.813056,35.049793],[-89.809234,35.048862],[-89.809582,35.049947],[-89.809332,35.049913],[-89.809011,35.048833],[-89.807879,35.049742],[-89.807891,35.048931],[-89.803984,35.048395],[-89.797809,35.047437],[-89.795678,35.047642],[-89.795733,35.047416],[-89.794498,35.047472],[-89.794355,35.048227],[-89.793213,35.048204],[-89.793112,35.048203],[-89.792984,35.048201],[-89.790484,35.048149],[-89.79049,35.048237],[-89.790495,35.048301],[-89.790605,35.048302],[-89.791639,35.04832],[-89.793009,35.048349],[-89.793127,35.048352],[-89.793213,35.048353],[-89.794259,35.048371],[-89.794622,35.048381],[-89.794804,35.048385],[-89.795329,35.0484],[-89.795348,35.048385],[-89.795431,35.048322],[-89.79551,35.048326],[-89.795153,35.050492],[-89.794891,35.052748],[-89.793443,35.056072],[-89.793413,35.056208],[-89.793213,35.059466],[-89.793211,35.059588],[-89.793194,35.060388],[-89.793164,35.06181],[-89.793163,35.061859],[-89.79316,35.061927],[-89.793162,35.062056],[-89.793079,35.062176],[-89.793088,35.062716],[-89.793087,35.062746],[-89.793083,35.062987],[-89.793079,35.063139],[-89.793068,35.063597],[-89.793065,35.06375],[-89.793188,35.063749],[-89.796961,35.063532],[-89.797164,35.063956],[-89.802704,35.064061],[-89.802704,35.064176],[-89.803129,35.064171],[-89.803084,35.066501],[-89.803857,35.066514],[-89.807431,35.066523],[-89.812512,35.066599],[-89.812492,35.067075],[-89.812444,35.068094],[-89.812441,35.069391],[-89.812253,35.077466],[-89.810077,35.077426],[-89.80731,35.076858],[-89.807184,35.078138],[-89.806776,35.082805],[-89.802581,35.080631],[-89.802456,35.080567],[-89.802086,35.080378],[-89.80196,35.080307],[-89.801787,35.0802],[-89.80112,35.079742],[-89.799164,35.0782],[-89.797236,35.076677],[-89.795738,35.075497],[-89.794362,35.074513],[-89.794255,35.074475],[-89.794251,35.074098],[-89.794251,35.074066],[-89.794251,35.074028],[-89.794253,35.073819],[-89.794255,35.07375],[-89.794167,35.073726],[-89.794014,35.073631],[-89.793949,35.073581],[-89.792701,35.072595],[-89.792682,35.07258],[-89.791632,35.071738],[-89.790916,35.071164],[-89.79059,35.070843],[-89.790352,35.070584],[-89.790114,35.070291],[-89.789999,35.070143],[-89.789597,35.069528],[-89.788851,35.068306],[-89.788617,35.067921],[-89.788053,35.066976],[-89.787853,35.06664],[-89.787061,35.06531],[-89.786734,35.064828],[-89.786356,35.064403],[-89.786015,35.064082],[-89.785852,35.063948],[-89.785672,35.063809],[-89.785448,35.063661],[-89.785283,35.063552],[-89.785097,35.06345],[-89.784437,35.063139],[-89.783994,35.06297],[-89.783981,35.062966],[-89.783856,35.062929],[-89.783395,35.062794],[-89.782888,35.062677],[-89.780955,35.062285],[-89.778547,35.061837],[-89.778231,35.061776],[-89.775044,35.061363],[-89.770565,35.061738],[-89.770593,35.061905],[-89.766582,35.062427],[-89.76441,35.062666],[-89.763057,35.062814],[-89.763044,35.063092],[-89.761423,35.063002],[-89.759527,35.06296],[-89.759529,35.062798],[-89.751498,35.062088],[-89.750791,35.062021],[-89.750375,35.06196],[-89.748734,35.061638],[-89.745599,35.060427],[-89.744157,35.059501],[-89.738379,35.054627],[-89.737599,35.054239],[-89.734689,35.052436],[-89.732597,35.051642],[-89.732462,35.051607],[-89.724282,35.049182],[-89.72422,35.049166],[-89.720842,35.048243],[-89.71218,35.047251],[-89.712035,35.047235],[-89.708802,35.046881],[-89.705432,35.046513],[-89.70217,35.046424],[-89.70053,35.046368],[-89.694456,35.046246],[-89.689128,35.046117],[-89.687536,35.046051],[-89.686439,35.046022],[-89.684611,35.045988],[-89.681831,35.04593],[-89.679854,35.045878],[-89.677025,35.04581],[-89.675788,35.045777],[-89.672737,35.045702],[-89.668627,35.045572],[-89.667756,35.045547],[-89.666636,35.045509],[-89.665132,35.045455],[-89.664066,35.045425],[-89.663002,35.045402],[-89.661911,35.045376],[-89.659906,35.045331],[-89.658443,35.04529],[-89.656052,35.045199],[-89.655672,35.045201],[-89.65258,35.045112],[-89.650247,35.04507],[-89.648913,35.045029],[-89.642786,35.04486],[-89.642863,35.042487],[-89.643084,35.0353],[-89.643227,35.030531],[-89.643245,35.029912],[-89.643292,35.028311],[-89.643334,35.026928],[-89.643437,35.023481],[-89.643524,35.020631],[-89.643739,35.013527],[-89.643772,35.012013],[-89.64374,35.011665],[-89.643916,35.006373],[-89.643936,35.001644],[-89.643965,35.000384],[-89.64405,34.995291],[-89.642708,34.995281],[-89.642375,34.995278],[-89.625081,34.995179],[-89.617973,34.995217],[-89.612014,34.995186],[-89.591016,34.995096],[-89.58259,34.995065],[-89.582227,34.995063],[-89.571777,34.995018],[-89.56506,34.994989],[-89.5528,34.9949],[-89.528748,34.99473],[-89.517756,34.994745],[-89.511136,34.994632],[-89.493835,34.994221],[-89.484462,34.993968],[-89.466306,34.993879],[-89.461374,34.993857],[-89.441017,34.993796],[-89.434954,34.993754],[-89.424124,34.993875],[-89.405704,34.993927],[-89.381131,34.993868],[-89.377085,34.993858],[-89.371441,34.993901],[-89.363466,34.993912],[-89.352679,34.993863],[-89.342735,34.993948],[-89.335423,34.994005],[-89.319834,34.994137],[-89.30002,34.994381],[-89.273523,34.994504],[-89.251811,34.994549],[-89.23319,34.994646],[-89.229758,34.994664],[-89.217432,34.99473],[-89.206242,34.994678],[-89.198288,34.994484],[-89.182711,34.994287],[-89.158591,34.993953],[-89.149144,34.994134],[-89.139136,34.994307],[-89.125065,34.994694],[-89.104247,34.994727],[-89.099772,34.99473],[-89.070106,34.994783],[-89.055593,34.99481],[-89.02654,34.994956],[-89.003618,34.994994],[-88.993645,34.994887],[-88.983942,34.994928],[-88.964424,34.994891],[-88.954794,34.994981],[-88.928722,34.994822],[-88.925176,34.994844],[-88.893774,34.995905],[-88.893327,34.995851],[-88.88698,34.995867],[-88.879773,34.995682],[-88.875058,34.995423],[-88.868263,34.995452],[-88.858245,34.995136],[-88.851037,34.995085],[-88.841516,34.995186],[-88.823051,34.995221],[-88.81272,34.99517],[-88.798426,34.995194],[-88.79368,34.995267],[-88.786612,34.995252],[-88.753522,34.995295],[-88.743149,34.995133],[-88.719688,34.995204],[-88.696311,34.995304],[-88.68928,34.995377],[-88.674544,34.995399],[-88.660368,34.995374],[-88.645068,34.995467],[-88.627979,34.995471],[-88.613038,34.995503],[-88.598073,34.995652],[-88.584988,34.995655],[-88.565852,34.995721],[-88.563858,34.99573],[-88.555458,34.995729],[-88.551291,34.995711],[-88.54013,34.995808],[-88.528497,34.995827],[-88.519027,34.995851],[-88.518722,34.995851],[-88.514214,34.995852],[-88.505408,34.995872],[-88.500959,34.995886],[-88.494344,34.995899],[-88.487581,34.996062],[-88.478834,34.996034],[-88.462819,34.996082],[-88.442319,34.995914],[-88.434535,34.995802],[-88.416791,34.995743],[-88.392609,34.995615],[-88.381387,34.995611],[-88.380508,34.99561],[-88.369761,34.995468],[-88.365905,34.995471],[-88.362859,34.995478],[-88.356683,34.995444],[-88.345949,34.995507],[-88.342961,34.99556],[-88.326526,34.995548],[-88.282959,34.995651],[-88.25811,34.995463],[-88.25593,34.99556],[-88.253777,34.995549],[-88.251664,34.995468],[-88.248466,34.995469],[-88.240996,34.995491],[-88.236908,34.995502],[-88.234527,34.995493],[-88.232909,34.995501],[-88.214895,34.995585],[-88.209098,34.995576],[-88.205495,34.995569],[-88.200064,34.995634],[-88.20082,34.997774],[-88.201052,35.000088],[-88.201766,35.004467],[-88.202959,35.008028],[-88.192991,35.007888],[-88.187808,35.007801],[-88.182034,35.007704],[-88.18043,35.007675],[-88.171702,35.007497],[-88.156531,35.007291],[-88.125401,35.007045],[-88.118132,35.006997],[-88.104601,35.006834],[-88.088764,35.006715],[-88.07542,35.006608],[-88.051187,35.006402],[-88.050704,35.006445],[-88.032458,35.006222],[-88.019986,35.006109],[-88.005112,35.005992],[-87.991474,35.005927],[-87.986041,35.00594],[-87.984916,35.005933],[-87.927065,35.005802],[-87.91645,35.005777],[-87.881238,35.005666],[-87.877375,35.00554],[-87.867808,35.005683],[-87.851904,35.005566],[-87.848582,35.005588],[-87.830514,35.005203],[-87.821136,35.005187],[-87.819125,35.005174],[-87.813691,35.00514],[-87.812786,35.005169],[-87.793858,35.005066],[-87.782411,35.004998],[-87.773631,35.004683],[-87.765781,35.004565],[-87.759012,35.004662],[-87.750925,35.004477],[-87.750344,35.00444],[-87.729291,35.004304],[-87.722343,35.004228],[-87.720248,35.004208],[-87.709459,35.004087],[-87.697606,35.003872],[-87.696841,35.003851],[-87.68871,35.003753],[-87.671624,35.003598],[-87.662256,35.003537],[-87.6433,35.003659],[-87.633419,35.003717],[-87.625194,35.003737],[-87.61927,35.00362],[-87.606031,35.003425],[-87.606043,35.003436],[-87.607057,35.004377],[-87.608937,35.007007],[-87.610255,35.010617],[-87.609631,35.014012],[-87.611341,35.01683],[-87.611755,35.01965],[-87.609552,35.021314],[-87.607485,35.022343],[-87.606228,35.032042],[-87.605733,35.035865],[-87.593831,35.035062],[-87.585482,35.034566],[-87.585127,35.034587],[-87.583587,35.034865],[-87.580293,35.034869],[-87.578649,35.03487],[-87.578583,35.03744],[-87.579588,35.037602],[-87.579624,35.03924],[-87.579751,35.04495],[-87.581343,35.045024],[-87.58134,35.049214],[-87.577078,35.049133],[-87.57275,35.049051],[-87.572706,35.050904],[-87.577411,35.051046],[-87.577276,35.053785],[-87.578671,35.053818],[-87.583612,35.053938],[-87.583424,35.058417],[-87.588833,35.058431],[-87.589431,35.092261],[-87.589651,35.104071],[-87.590241,35.135009],[-87.590375,35.141781],[-87.590376,35.142756],[-87.583407,35.143109],[-87.583406,35.149974],[-87.583406,35.154746],[-87.583407,35.155522],[-87.580539,35.15584],[-87.578939,35.155214],[-87.57746,35.152697],[-87.576699,35.152135],[-87.57641,35.155159],[-87.577253,35.156644],[-87.577796,35.1594],[-87.576264,35.161939],[-87.574411,35.164375],[-87.575176,35.165522],[-87.576245,35.166542],[-87.57366,35.183523],[-87.572654,35.190451],[-87.575896,35.190728],[-87.57638,35.188097],[-87.577306,35.187366],[-87.578943,35.186953],[-87.578897,35.193846],[-87.578862,35.200117],[-87.578796,35.215984],[-87.578758,35.221863],[-87.578732,35.225094],[-87.578686,35.244649],[-87.578499,35.260584],[-87.578444,35.264666],[-87.578412,35.266749],[-87.578409,35.266952],[-87.578376,35.269142],[-87.578316,35.272405],[-87.578083,35.280346],[-87.577805,35.289981],[-87.577429,35.304871],[-87.576972,35.318965],[-87.576722,35.329512],[-87.576626,35.334239],[-87.576579,35.336537],[-87.576512,35.339995],[-87.576358,35.3479],[-87.576246,35.353267],[-87.575902,35.371444],[-87.575716,35.375077],[-87.575515,35.387991],[-87.575494,35.389356],[-87.575405,35.395062],[-87.575352,35.398454],[-87.57525,35.403907],[-87.575205,35.406308],[-87.577518,35.406419],[-87.581016,35.408085],[-87.584783,35.409142],[-87.590704,35.411561],[-87.591911,35.411577],[-87.594957,35.411628],[-87.597164,35.411723],[-87.601,35.418224],[-87.601229,35.418613],[-87.605151,35.41948],[-87.608406,35.426681],[-87.608518,35.427031],[-87.607626,35.432498],[-87.607276,35.436176],[-87.61057,35.436464],[-87.625021,35.437763],[-87.632505,35.438335],[-87.632614,35.441042],[-87.635442,35.441008],[-87.641356,35.440935],[-87.645869,35.441934],[-87.646477,35.442464],[-87.646252,35.457108],[-87.646215,35.459515],[-87.646125,35.465444],[-87.646083,35.468164],[-87.645896,35.472745],[-87.648824,35.472717],[-87.657854,35.472764],[-87.661163,35.472769],[-87.673471,35.47279],[-87.683308,35.472806],[-87.686034,35.472937],[-87.686362,35.473121],[-87.698671,35.479966],[-87.698851,35.479998],[-87.704516,35.481012],[-87.71342,35.482606],[-87.713924,35.482696],[-87.717559,35.483347],[-87.716995,35.48838],[-87.716609,35.491818],[-87.716161,35.495824],[-87.715944,35.49776],[-87.71197,35.49753],[-87.711014,35.505289],[-87.690651,35.505329],[-87.689989,35.511298],[-87.689992,35.51135],[-87.688957,35.520532],[-87.687622,35.532369]],[[-89.877104,35.203449],[-89.875731,35.203444],[-89.875729,35.20159],[-89.876706,35.201673],[-89.877104,35.203449]]],[[[-89.926226,35.326185],[-89.927762,35.324744],[-89.934486,35.318439],[-89.934669,35.318572],[-89.938554,35.314923],[-89.939719,35.31383],[-89.94211,35.315378],[-89.944312,35.315508],[-89.947376,35.313083],[-89.950889,35.311603],[-89.954209,35.309483],[-89.95681,35.310224],[-89.957431,35.311012],[-89.959472,35.3118],[-89.964857,35.312179],[-89.972628,35.31226],[-89.974599,35.316054],[-89.97992,35.312644],[-89.981645,35.309632],[-89.981703,35.308069],[-89.979286,35.307895],[-89.977094,35.307245],[-89.974939,35.307545],[-89.974542,35.306488],[-89.971812,35.304182],[-89.970424,35.303468],[-89.968481,35.301302],[-89.966047,35.300544],[-89.964513,35.295556],[-89.96419,35.293151],[-89.965117,35.289975],[-89.965259,35.289542],[-89.964489,35.29026],[-89.960322,35.29106],[-89.955213,35.291459],[-89.951079,35.292036],[-89.948979,35.292699],[-89.944965,35.293502],[-89.941283,35.294525],[-89.939749,35.292441],[-89.938997,35.291417],[-89.93765,35.292434],[-89.935022,35.29443],[-89.926536,35.30085],[-89.926009,35.300382],[-89.925006,35.299388],[-89.924617,35.301981],[-89.923783,35.302645],[-89.923056,35.303181],[-89.923376,35.303254],[-89.920737,35.305524],[-89.918185,35.308727],[-89.925226,35.309342],[-89.929935,35.309824],[-89.929864,35.314297],[-89.926133,35.314292],[-89.925205,35.32189],[-89.924752,35.32446],[-89.92428,35.325731],[-89.926226,35.326185]]]]}},{"type":"Feature","properties":{"id":8,"NAME":"47108112008","TotalPop":652911,"PopDevPct":-0.14971277,"DemPct":0.28875022,"RepPct":0.70077772,"WhitePct":0.71119263,"MinorityPct":0.28880737,"BlackPct":0.22384471,"HispanicPct":0.03303586,"PacificPct":0.00128564,"AsianPct":0.0093963,"NativePct":0.02116549,"TotalVAP":504028,"Margin":-0.21124978,"color":"#38ffbf","opacity":"0.5"},"geometry":{"type":"MultiPolygon","coordinates":[[[[-88.177859,35.845841],[-88.173002,35.845891],[-88.162339,35.845268],[-88.152957,35.845481],[-88.150374,35.845421],[-88.13807,35.845292],[-88.126511,35.844784],[-88.125037,35.84482],[-88.118324,35.844265],[-88.095692,35.842942],[-88.087923,35.842538],[-88.085844,35.842621],[-88.084223,35.842688],[-88.084272,35.841546],[-88.084281,35.841266],[-88.084519,35.837774],[-88.083836,35.838249],[-88.082688,35.839513],[-88.080819,35.839795],[-88.079559,35.84072],[-88.078297,35.840996],[-88.077954,35.841732],[-88.076282,35.842453],[-88.07498,35.845035],[-88.062006,35.845037],[-88.061741,35.848374],[-88.061464,35.850329],[-88.059716,35.85031],[-88.051772,35.849975],[-88.051564,35.847904],[-88.047923,35.847049],[-88.045959,35.845561],[-88.044003,35.844533],[-88.043378,35.843049],[-88.042611,35.842789],[-88.038974,35.8434],[-88.036977,35.842646],[-88.035862,35.84303],[-88.035218,35.844084],[-88.033555,35.84366],[-88.030523,35.839779],[-88.029504,35.839803],[-88.029505,35.839786],[-88.030201,35.837899],[-88.028624,35.837168],[-88.028832,35.832685],[-88.026901,35.831959],[-88.026631,35.829579],[-88.027587,35.817878],[-88.028059,35.812631],[-88.028195,35.811021],[-88.023583,35.811011],[-88.021072,35.811723],[-88.017336,35.811107],[-88.015428,35.812022],[-88.013722,35.812033],[-88.013215,35.812742],[-88.014188,35.813746],[-88.011427,35.815756],[-88.008688,35.815119],[-88.006927,35.816284],[-88.005558,35.815957],[-88.003612,35.81638],[-88.00259,35.815795],[-88.003245,35.814957],[-88.00258,35.813624],[-88.001564,35.813556],[-87.999528,35.812608],[-87.998675,35.811545],[-87.996287,35.811301],[-87.994674,35.812564],[-87.992928,35.812747],[-87.989875,35.816203],[-87.986827,35.816324],[-87.984403,35.816959],[-87.976854,35.816281],[-87.976504,35.81625],[-87.975801,35.816187],[-87.974034,35.816014],[-87.970738,35.815705],[-87.969798,35.824651],[-87.968987,35.828827],[-87.966952,35.834755],[-87.964456,35.838846],[-87.96274,35.840921],[-87.959064,35.840593],[-87.958382,35.840532],[-87.955661,35.840317],[-87.954549,35.840239],[-87.950066,35.839858],[-87.947712,35.838602],[-87.945709,35.839326],[-87.945526,35.839394],[-87.935414,35.838728],[-87.927075,35.838598],[-87.910297,35.838336],[-87.911374,35.836424],[-87.909632,35.834034],[-87.91088,35.832678],[-87.9104,35.830931],[-87.90916,35.830998],[-87.907374,35.82997],[-87.907096,35.829229],[-87.904572,35.828622],[-87.903611,35.826569],[-87.902701,35.825556],[-87.901321,35.825164],[-87.900777,35.824367],[-87.898385,35.824702],[-87.896138,35.824159],[-87.893127,35.824858],[-87.890711,35.823839],[-87.89059,35.822993],[-87.888934,35.822424],[-87.885062,35.822069],[-87.88447,35.821375],[-87.88495,35.820691],[-87.882984,35.818705],[-87.878246,35.818133],[-87.87562,35.815697],[-87.875616,35.814222],[-87.874182,35.813021],[-87.870751,35.812992],[-87.867351,35.811374],[-87.865204,35.810985],[-87.864564,35.809512],[-87.863483,35.80883],[-87.860493,35.808145],[-87.859376,35.808366],[-87.857582,35.807316],[-87.857676,35.806365],[-87.855172,35.805751],[-87.854039,35.80436],[-87.852682,35.803799],[-87.849328,35.803997],[-87.847879,35.804483],[-87.847848,35.806458],[-87.848527,35.807997],[-87.846809,35.808429],[-87.847302,35.810563],[-87.846478,35.81192],[-87.846622,35.813339],[-87.846006,35.815179],[-87.846224,35.816266],[-87.845548,35.81723],[-87.844142,35.820724],[-87.843544,35.821043],[-87.841959,35.821255],[-87.840638,35.822154],[-87.83805,35.822976],[-87.835184,35.823381],[-87.833063,35.822393],[-87.830977,35.822939],[-87.828897,35.824421],[-87.825957,35.823921],[-87.824812,35.824343],[-87.823863,35.825513],[-87.822756,35.825859],[-87.821768,35.827391],[-87.821734,35.828706],[-87.819471,35.829293],[-87.818794,35.830681],[-87.819657,35.832262],[-87.818697,35.833095],[-87.817775,35.835562],[-87.818202,35.836779],[-87.799554,35.837142],[-87.796038,35.83721],[-87.794528,35.83724],[-87.754787,35.838019],[-87.741457,35.838327],[-87.738966,35.838369],[-87.73438,35.838448],[-87.728446,35.83855],[-87.71676,35.83875],[-87.716166,35.842831],[-87.715257,35.849096],[-87.713689,35.85991],[-87.71257,35.867509],[-87.712152,35.870286],[-87.711849,35.872464],[-87.711728,35.873333],[-87.711663,35.873797],[-87.711625,35.874082],[-87.711342,35.875126],[-87.708895,35.892214],[-87.70789,35.898384],[-87.70696,35.905884],[-87.703079,35.904401],[-87.702358,35.906768],[-87.702441,35.908149],[-87.700482,35.90927],[-87.697362,35.911144],[-87.697254,35.912024],[-87.696081,35.911776],[-87.694067,35.909963],[-87.693573,35.911885],[-87.693481,35.911991],[-87.693376,35.912114],[-87.69312,35.912158],[-87.692982,35.912183],[-87.69284,35.912103],[-87.692531,35.911931],[-87.692399,35.911915],[-87.692239,35.911896],[-87.691095,35.911404],[-87.690645,35.910809],[-87.689652,35.911355],[-87.687295,35.910992],[-87.685739,35.911542],[-87.686407,35.912681],[-87.685692,35.91296],[-87.683608,35.916076],[-87.681018,35.91603],[-87.679807,35.916488],[-87.678231,35.916328],[-87.677019,35.916877],[-87.67412,35.916808],[-87.671232,35.917179],[-87.670132,35.916398],[-87.667814,35.917609],[-87.667588,35.917542],[-87.666913,35.917344],[-87.666688,35.917278],[-87.663591,35.916573],[-87.662893,35.915442],[-87.661687,35.915707],[-87.658423,35.915511],[-87.658046,35.918038],[-87.656561,35.91818],[-87.655756,35.919718],[-87.657024,35.92053],[-87.656699,35.921549],[-87.653821,35.921316],[-87.650808,35.922643],[-87.649051,35.922597],[-87.648134,35.923009],[-87.646107,35.922527],[-87.64544,35.921883],[-87.644077,35.922378],[-87.64298,35.923488],[-87.640821,35.923824],[-87.641281,35.924997],[-87.638756,35.925662],[-87.63822,35.927448],[-87.635995,35.927974],[-87.634467,35.928302],[-87.634646,35.930107],[-87.631179,35.931086],[-87.629525,35.930567],[-87.626757,35.932572],[-87.626701,35.932939],[-87.62656,35.933454],[-87.626531,35.933855],[-87.626519,35.933883],[-87.626418,35.934129],[-87.626193,35.934312],[-87.625451,35.934318],[-87.625019,35.934323],[-87.623733,35.93477],[-87.622693,35.936694],[-87.619906,35.937657],[-87.618162,35.940108],[-87.618107,35.941551],[-87.616201,35.943657],[-87.614278,35.944095],[-87.61075,35.944315],[-87.609189,35.946391],[-87.610301,35.946459],[-87.611267,35.947462],[-87.61186,35.949981],[-87.609887,35.949794],[-87.60634,35.950098],[-87.605664,35.949869],[-87.602425,35.95003],[-87.599215,35.950833],[-87.598962,35.951864],[-87.594295,35.953004],[-87.591667,35.952163],[-87.589414,35.952462],[-87.587584,35.953378],[-87.586767,35.951844],[-87.586964,35.95079],[-87.585454,35.94907],[-87.584879,35.947814],[-87.583676,35.948284],[-87.582879,35.948684],[-87.581922,35.950333],[-87.579811,35.951937],[-87.578684,35.951113],[-87.577304,35.951456],[-87.575586,35.951159],[-87.574769,35.950426],[-87.573388,35.950197],[-87.572402,35.949144],[-87.570374,35.948549],[-87.569304,35.947747],[-87.567467,35.947646],[-87.565094,35.948775],[-87.564056,35.947894],[-87.562229,35.948253],[-87.561537,35.949225],[-87.560357,35.948967],[-87.557168,35.950665],[-87.555707,35.952071],[-87.555144,35.951777],[-87.554081,35.953332],[-87.55104,35.958964],[-87.550693,35.959442],[-87.550114,35.960792],[-87.548464,35.961807],[-87.547847,35.961895],[-87.545285,35.96365],[-87.544039,35.964734],[-87.542458,35.966171],[-87.540131,35.966247],[-87.539288,35.966124],[-87.537474,35.966266],[-87.533934,35.968023],[-87.532493,35.96946],[-87.531882,35.970838],[-87.531546,35.971599],[-87.529965,35.975146],[-87.529957,35.975934],[-87.530683,35.976706],[-87.531885,35.979286],[-87.530626,35.980052],[-87.533108,35.987391],[-87.531595,35.988904],[-87.533651,35.990646],[-87.534587,35.99048],[-87.534739,35.991778],[-87.533933,35.992436],[-87.53453,35.993074],[-87.517306,35.991412],[-87.513992,35.991029],[-87.513881,35.990775],[-87.497491,35.989161],[-87.49373,35.988777],[-87.490561,35.988439],[-87.490133,35.988369],[-87.489874,35.98529],[-87.48971,35.984079],[-87.48969,35.983865],[-87.477719,35.984848],[-87.477686,35.985959],[-87.482115,35.985401],[-87.482378,35.987566],[-87.476449,35.986944],[-87.475502,35.986845],[-87.46353,35.985591],[-87.445527,35.983697],[-87.443328,35.983466],[-87.435043,35.982596],[-87.428833,35.981946],[-87.408988,35.979917],[-87.399405,35.978938],[-87.381587,35.977118],[-87.376555,35.976605],[-87.375304,35.976453],[-87.361277,35.974996],[-87.355457,35.974335],[-87.353127,35.974082],[-87.336542,35.972268],[-87.320658,35.970531],[-87.319891,35.970448],[-87.314036,35.969809],[-87.301916,35.96837],[-87.302237,35.966407],[-87.296658,35.965887],[-87.293924,35.965633],[-87.285765,35.964875],[-87.285853,35.963968],[-87.281823,35.963676],[-87.280165,35.962822],[-87.279901,35.961429],[-87.276845,35.961315],[-87.274509,35.962567],[-87.274235,35.964595],[-87.272731,35.964475],[-87.262439,35.963819],[-87.258127,35.963546],[-87.246802,35.962756],[-87.242261,35.962375],[-87.22653,35.961126],[-87.224771,35.960966],[-87.224309,35.960924],[-87.216193,35.960187],[-87.212045,35.959839],[-87.206501,35.959375],[-87.204242,35.959186],[-87.203933,35.962321],[-87.208994,35.962723],[-87.208499,35.967915],[-87.21073,35.967927],[-87.21199,35.970082],[-87.209774,35.971978],[-87.204629,35.971848],[-87.199805,35.971694],[-87.199442,35.97564],[-87.196863,35.976255],[-87.190826,35.975884],[-87.190562,35.977424],[-87.19051,35.979175],[-87.196636,35.979886],[-87.197406,35.979967],[-87.196746,35.985576],[-87.192543,35.985318],[-87.192248,35.987594],[-87.191976,35.989694],[-87.192923,35.989774],[-87.194271,35.98989],[-87.19319,35.996781],[-87.193055,35.997648],[-87.190786,36.009808],[-87.189603,36.016341],[-87.18848,36.022214],[-87.187806,36.023384],[-87.18779,36.023624],[-87.187784,36.023905],[-87.187383,36.027115],[-87.18736,36.02771],[-87.18714,36.028814],[-87.186578,36.031393],[-87.186094,36.03361],[-87.184569,36.040701],[-87.184207,36.042246],[-87.182573,36.049726],[-87.178772,36.067147],[-87.178624,36.067518],[-87.176726,36.068405],[-87.175425,36.069558],[-87.173222,36.070291],[-87.173127,36.070885],[-87.174995,36.077679],[-87.176762,36.081368],[-87.176803,36.081791],[-87.176367,36.082701],[-87.175279,36.082679],[-87.173006,36.08178],[-87.172966,36.090911],[-87.17295,36.095364],[-87.172791,36.109425],[-87.172643,36.110421],[-87.170105,36.125466],[-87.16946,36.129864],[-87.169196,36.131627],[-87.16801,36.139636],[-87.167465,36.143362],[-87.167289,36.144504],[-87.16648,36.149968],[-87.166139,36.152271],[-87.165776,36.154736],[-87.167918,36.155115],[-87.170657,36.158187],[-87.172102,36.160499],[-87.172238,36.162725],[-87.170827,36.165953],[-87.169387,36.167587],[-87.167255,36.169228],[-87.165023,36.169639],[-87.163102,36.170647],[-87.161519,36.172235],[-87.160057,36.172262],[-87.158327,36.172432],[-87.155909,36.173163],[-87.150692,36.175922],[-87.149876,36.176878],[-87.150789,36.179685],[-87.152449,36.182597],[-87.154798,36.185936],[-87.156402,36.187654],[-87.158152,36.190592],[-87.159605,36.191573],[-87.163053,36.192302],[-87.16756,36.192498],[-87.169623,36.192151],[-87.171111,36.192969],[-87.171758,36.19455],[-87.171933,36.196738],[-87.17037,36.198682],[-87.170027,36.201164],[-87.171432,36.203502],[-87.173715,36.204979],[-87.174957,36.206636],[-87.179848,36.210586],[-87.181278,36.210734],[-87.186541,36.209797],[-87.187503,36.210443],[-87.187968,36.211783],[-87.187392,36.215181],[-87.186472,36.217679],[-87.185337,36.219767],[-87.182853,36.222451],[-87.18297,36.223355],[-87.181545,36.225747],[-87.179217,36.228044],[-87.178306,36.228262],[-87.175983,36.226915],[-87.173188,36.226351],[-87.171508,36.226512],[-87.169043,36.227563],[-87.167087,36.228861],[-87.166186,36.23009],[-87.16506,36.23402],[-87.164932,36.235503],[-87.16704,36.238993],[-87.170972,36.243269],[-87.170905,36.243964],[-87.169387,36.244134],[-87.171191,36.246595],[-87.174046,36.247679],[-87.175924,36.247689],[-87.178134,36.246919],[-87.183498,36.244089],[-87.186142,36.242074],[-87.186874,36.241967],[-87.188703,36.243082],[-87.190134,36.243204],[-87.192658,36.244203],[-87.194005,36.245311],[-87.193742,36.248082],[-87.192733,36.249666],[-87.191398,36.251133],[-87.187929,36.254032],[-87.182588,36.257424],[-87.181806,36.259763],[-87.17834,36.260822],[-87.17265,36.264258],[-87.167109,36.266303],[-87.163396,36.268211],[-87.160477,36.268593],[-87.159415,36.269155],[-87.156439,36.271577],[-87.155295,36.273064],[-87.154981,36.274762],[-87.156183,36.277382],[-87.157376,36.278032],[-87.158466,36.279862],[-87.157976,36.281795],[-87.156552,36.283107],[-87.153357,36.283799],[-87.155629,36.283959],[-87.159903,36.284387],[-87.166781,36.285052],[-87.169197,36.285281],[-87.1691,36.285895],[-87.168178,36.291683],[-87.164296,36.29184],[-87.162487,36.290582],[-87.160051,36.290653],[-87.156885,36.291263],[-87.155569,36.292478],[-87.155111,36.295353],[-87.151749,36.296623],[-87.151483,36.29923],[-87.151247,36.299304],[-87.151048,36.299367],[-87.150849,36.299429],[-87.150791,36.299447],[-87.150882,36.299584],[-87.151086,36.299847],[-87.151165,36.29995],[-87.151652,36.300577],[-87.15197,36.301236],[-87.152289,36.301975],[-87.152389,36.302223],[-87.152536,36.302587],[-87.152605,36.302906],[-87.152632,36.30303],[-87.152698,36.303457],[-87.152745,36.304002],[-87.153043,36.30535],[-87.156589,36.307706],[-87.161204,36.308954],[-87.167372,36.310139],[-87.169784,36.311028],[-87.172637,36.312898],[-87.174058,36.313433],[-87.177303,36.314145],[-87.18319,36.313847],[-87.191824,36.314167],[-87.202083,36.316021],[-87.204711,36.316036],[-87.211062,36.314796],[-87.214179,36.314878],[-87.216732,36.315886],[-87.219736,36.317818],[-87.224205,36.321042],[-87.227411,36.324265],[-87.22911,36.325764],[-87.230799,36.327815],[-87.232461,36.331337],[-87.23304,36.331335],[-87.234493,36.330175],[-87.233752,36.329438],[-87.234244,36.326736],[-87.235264,36.325733],[-87.237812,36.325038],[-87.240739,36.325073],[-87.242495,36.32337],[-87.243485,36.323177],[-87.250826,36.321802],[-87.25106,36.322996],[-87.266522,36.320765],[-87.286501,36.321933],[-87.286451,36.322159],[-87.284786,36.329895],[-87.281957,36.342875],[-87.281445,36.344374],[-87.279837,36.348574],[-87.280203,36.351135],[-87.281383,36.352167],[-87.280252,36.352995],[-87.280182,36.354674],[-87.280064,36.354723],[-87.278784,36.355439],[-87.276928,36.355798],[-87.27551,36.353275],[-87.272786,36.35335],[-87.271593,36.353991],[-87.268285,36.355814],[-87.266524,36.356308],[-87.265002,36.353755],[-87.263398,36.354314],[-87.259821,36.357609],[-87.256565,36.361073],[-87.255417,36.363301],[-87.256852,36.364245],[-87.255085,36.365785],[-87.254531,36.367375],[-87.254883,36.370636],[-87.254232,36.372687],[-87.253922,36.373393],[-87.253175,36.373852],[-87.248891,36.376427],[-87.249805,36.378026],[-87.243129,36.381909],[-87.240227,36.383598],[-87.233204,36.387634],[-87.228372,36.390462],[-87.221847,36.394285],[-87.218588,36.395083],[-87.215057,36.395949],[-87.213612,36.398027],[-87.210018,36.403168],[-87.206476,36.408235],[-87.205617,36.409471],[-87.203975,36.410285],[-87.204942,36.412097],[-87.20517,36.412422],[-87.204253,36.412255],[-87.203361,36.41211],[-87.201999,36.412078],[-87.200578,36.411804],[-87.200807,36.410594],[-87.19721,36.410277],[-87.195607,36.408595],[-87.194551,36.40874],[-87.193001,36.407688],[-87.183336,36.40651],[-87.182889,36.407246],[-87.1794,36.406611],[-87.178857,36.408216],[-87.179434,36.409727],[-87.18214,36.411464],[-87.18236,36.41279],[-87.181027,36.414672],[-87.179858,36.417042],[-87.179908,36.418081],[-87.17851,36.419821],[-87.179549,36.424001],[-87.177254,36.424583],[-87.177722,36.425497],[-87.181024,36.432025],[-87.181729,36.43346],[-87.178935,36.4328],[-87.178272,36.43627],[-87.178113,36.440359],[-87.179584,36.44048],[-87.182901,36.439643],[-87.185959,36.441855],[-87.18945,36.448973],[-87.190657,36.452768],[-87.191827,36.456424],[-87.190309,36.456486],[-87.186184,36.458471],[-87.1856,36.459128],[-87.184918,36.46328],[-87.185546,36.463621],[-87.190376,36.464314],[-87.190237,36.466369],[-87.19074,36.471392],[-87.190793,36.47377],[-87.190281,36.476238],[-87.191657,36.477328],[-87.194394,36.478493],[-87.196483,36.480947],[-87.193359,36.481992],[-87.192953,36.483739],[-87.193584,36.485285],[-87.193939,36.484955],[-87.197506,36.485092],[-87.19731,36.487488],[-87.194891,36.487236],[-87.194154,36.486454],[-87.192887,36.486272],[-87.192374,36.489577],[-87.197187,36.49071],[-87.200149,36.491412],[-87.204026,36.492319],[-87.207786,36.493206],[-87.20972,36.493666],[-87.210247,36.493788],[-87.221558,36.496461],[-87.22715,36.497779],[-87.232646,36.499071],[-87.242925,36.501498],[-87.24365,36.501668],[-87.243917,36.500188],[-87.244762,36.500361],[-87.245693,36.494732],[-87.249145,36.495123],[-87.248402,36.499831],[-87.250441,36.499971],[-87.250205,36.497172],[-87.2509,36.494941],[-87.251692,36.493647],[-87.2545,36.490102],[-87.255312,36.489469],[-87.256478,36.488857],[-87.25827,36.487909],[-87.260277,36.486008],[-87.260506,36.486198],[-87.261675,36.486893],[-87.266403,36.488528],[-87.267094,36.488762],[-87.26717,36.488787],[-87.270207,36.489816],[-87.270873,36.490045],[-87.274438,36.491238],[-87.279025,36.491687],[-87.283556,36.492959],[-87.286601,36.494637],[-87.287212,36.495492],[-87.287937,36.497877],[-87.289228,36.499262],[-87.290107,36.499448],[-87.289538,36.499649],[-87.286131,36.499946],[-87.283188,36.49949],[-87.280836,36.499541],[-87.278392,36.500095],[-87.279466,36.500071],[-87.278905,36.502322],[-87.277165,36.503432],[-87.276248,36.505113],[-87.276142,36.50517],[-87.276588,36.505998],[-87.276096,36.509265],[-87.276084,36.509351],[-87.279717,36.510204],[-87.28821,36.512202],[-87.289499,36.512508],[-87.291965,36.513096],[-87.294033,36.513589],[-87.296063,36.514067],[-87.297067,36.514301],[-87.297773,36.514443],[-87.298208,36.514509],[-87.298839,36.514574],[-87.298848,36.514472],[-87.304244,36.514264],[-87.305515,36.514189],[-87.307216,36.514086],[-87.308477,36.51401],[-87.308591,36.514002],[-87.310098,36.513913],[-87.310239,36.513906],[-87.310755,36.513881],[-87.311773,36.513834],[-87.312306,36.513834],[-87.312824,36.513835],[-87.312786,36.513881],[-87.312744,36.513935],[-87.315284,36.514071],[-87.315444,36.51409],[-87.317324,36.514405],[-87.319049,36.514856],[-87.320113,36.515224],[-87.320437,36.518037],[-87.322584,36.520955],[-87.324345,36.524372],[-87.32863,36.525651],[-87.33414,36.527794],[-87.334511,36.529179],[-87.33433,36.531163],[-87.333319,36.535641],[-87.331603,36.540377],[-87.331933,36.541516],[-87.33422,36.543546],[-87.335873,36.544283],[-87.336094,36.544387],[-87.337676,36.544576],[-87.341304,36.543976],[-87.344765,36.542934],[-87.348849,36.543064],[-87.35007,36.543345],[-87.352979,36.543568],[-87.357033,36.543495],[-87.364716,36.543862],[-87.367059,36.542945],[-87.368154,36.541794],[-87.368215,36.541694],[-87.371308,36.538448],[-87.367294,36.532677],[-87.365408,36.529148],[-87.364678,36.522472],[-87.365563,36.518262],[-87.367458,36.514692],[-87.375319,36.50823],[-87.375886,36.507003],[-87.378559,36.502735],[-87.38195,36.496741],[-87.382767,36.494333],[-87.383206,36.491143],[-87.382858,36.488224],[-87.381946,36.486119],[-87.378505,36.482932],[-87.374578,36.481096],[-87.374727,36.480692],[-87.374885,36.480264],[-87.375387,36.478907],[-87.375411,36.478839],[-87.377051,36.473803],[-87.377096,36.472933],[-87.377737,36.46251],[-87.37763,36.460334],[-87.376755,36.4571],[-87.375755,36.455124],[-87.375031,36.453766],[-87.372801,36.449558],[-87.371269,36.445092],[-87.369812,36.440809],[-87.369514,36.439667],[-87.369879,36.437759],[-87.371765,36.434284],[-87.372858,36.432051],[-87.376126,36.42335],[-87.377952,36.418507],[-87.379601,36.414124],[-87.381352,36.412252],[-87.382169,36.410842],[-87.381768,36.408468],[-87.382864,36.40556],[-87.382991,36.40523],[-87.38501,36.399809],[-87.385386,36.398098],[-87.385724,36.394455],[-87.386992,36.393431],[-87.388083,36.393096],[-87.392187,36.391769],[-87.398082,36.389452],[-87.398416,36.38932],[-87.398974,36.390779],[-87.398741,36.393468],[-87.397396,36.395461],[-87.397332,36.39634],[-87.398253,36.400653],[-87.400452,36.402824],[-87.40551,36.404812],[-87.408515,36.40498],[-87.410736,36.405521],[-87.412764,36.406559],[-87.415996,36.409081],[-87.416043,36.409017],[-87.41761,36.409924],[-87.421131,36.413413],[-87.422097,36.413819],[-87.423947,36.415939],[-87.424747,36.416207],[-87.428081,36.419104],[-87.430319,36.420446],[-87.430987,36.421222],[-87.431518,36.421485],[-87.432131,36.424148],[-87.433654,36.425627],[-87.434365,36.42864],[-87.435252,36.429632],[-87.436141,36.431989],[-87.436158,36.433144],[-87.437047,36.434624],[-87.438978,36.43643],[-87.44039,36.438611],[-87.441105,36.441041],[-87.442023,36.442589],[-87.443371,36.443916],[-87.443929,36.445564],[-87.444932,36.447198],[-87.445315,36.449277],[-87.446636,36.449602],[-87.447382,36.450515],[-87.450861,36.453005],[-87.450993,36.453335],[-87.454009,36.451815],[-87.454426,36.452496],[-87.457285,36.452881],[-87.458645,36.452007],[-87.459037,36.45061],[-87.460347,36.450816],[-87.461261,36.449243],[-87.464298,36.447292],[-87.465451,36.447244],[-87.464711,36.448097],[-87.465239,36.449246],[-87.466095,36.449621],[-87.469231,36.446187],[-87.476087,36.441162],[-87.478215,36.440004],[-87.482964,36.439899],[-87.490215,36.441883],[-87.49586,36.443749],[-87.500002,36.445855],[-87.508473,36.450443],[-87.511271,36.451734],[-87.522497,36.456308],[-87.528635,36.458205],[-87.529594,36.458361],[-87.530692,36.458363],[-87.53591,36.456958],[-87.540207,36.454335],[-87.545888,36.450011],[-87.549792,36.447624],[-87.554348,36.444532],[-87.560154,36.43997],[-87.563366,36.43727],[-87.567379,36.433187],[-87.570419,36.428876],[-87.573074,36.425998],[-87.575028,36.424617],[-87.579828,36.422105],[-87.583641,36.420639],[-87.589176,36.419252],[-87.593846,36.418838],[-87.602597,36.418979],[-87.602788,36.419952],[-87.602963,36.420852],[-87.602984,36.420961],[-87.602987,36.420976],[-87.603011,36.4211],[-87.603048,36.421288],[-87.603056,36.421328],[-87.60307,36.421398],[-87.603124,36.421672],[-87.603201,36.422162],[-87.603744,36.425276],[-87.603427,36.425932],[-87.606564,36.43986],[-87.609479,36.45499],[-87.610588,36.460735],[-87.612502,36.470617],[-87.61479,36.482346],[-87.616933,36.493329],[-87.617425,36.495848],[-87.619965,36.509107],[-87.620954,36.514439],[-87.623076,36.525892],[-87.624905,36.535639],[-87.626071,36.542825],[-87.626107,36.543051],[-87.62741,36.551268],[-87.628577,36.558619],[-87.62926,36.56292],[-87.630221,36.568972],[-87.630788,36.572546],[-87.633349,36.58902],[-87.634498,36.596305],[-87.636452,36.608693],[-87.637906,36.617902],[-87.639743,36.629033],[-87.641157,36.638109],[-87.658664,36.637814],[-87.665049,36.637681],[-87.69542,36.637086],[-87.70667,36.63688],[-87.72891,36.636352],[-87.745012,36.63602],[-87.751782,36.635831],[-87.769034,36.635475],[-87.802102,36.634762],[-87.815563,36.634467],[-87.821178,36.63433],[-87.842451,36.633575],[-87.853319,36.63316],[-87.849544,36.663695],[-87.8529,36.663908],[-87.872631,36.665153],[-87.8792,36.665588],[-87.901135,36.666964],[-87.902059,36.667],[-87.903564,36.667103],[-87.904825,36.667203],[-87.910078,36.66762],[-87.911127,36.667704],[-87.912003,36.667773],[-87.912682,36.667826],[-87.914773,36.667996],[-87.916678,36.668145],[-87.926875,36.668936],[-87.945575,36.670747],[-87.953111,36.671473],[-87.956995,36.671853],[-87.96139,36.672276],[-87.964632,36.672595],[-87.975793,36.673673],[-88.000018,36.676017],[-88.003397,36.676342],[-88.013139,36.677221],[-88.025399,36.677624],[-88.043097,36.678125],[-88.049805,36.677953],[-88.050174,36.677964],[-88.052849,36.678057],[-88.055696,36.678057],[-88.058472,36.67807],[-88.070541,36.678255],[-88.070191,36.675062],[-88.069808,36.671994],[-88.068635,36.661962],[-88.068057,36.65959],[-88.066836,36.655856],[-88.065792,36.653395],[-88.064591,36.651296],[-88.063148,36.649152],[-88.059894,36.645098],[-88.058662,36.643506],[-88.057559,36.641515],[-88.057016,36.640343],[-88.056337,36.63823],[-88.055883,36.636421],[-88.055674,36.63486],[-88.055759,36.632703],[-88.055625,36.63034],[-88.055092,36.628753],[-88.051582,36.620809],[-88.048544,36.61352],[-88.045657,36.605779],[-88.044862,36.60307],[-88.044328,36.600565],[-88.043436,36.595979],[-88.042664,36.591523],[-88.041444,36.585161],[-88.041081,36.582953],[-88.040898,36.581323],[-88.040789,36.579014],[-88.040497,36.576824],[-88.039956,36.574861],[-88.035536,36.561983],[-88.035093,36.560189],[-88.034573,36.557363],[-88.034297,36.554888],[-88.034216,36.553631],[-88.033722,36.54998],[-88.03375,36.546674],[-88.033422,36.54484],[-88.032814,36.542992],[-88.032649,36.542095],[-88.032599,36.541063],[-88.032541,36.538095],[-88.032675,36.536985],[-88.03414,36.530069],[-88.034405,36.528731],[-88.034683,36.527845],[-88.03517,36.526896],[-88.036555,36.524826],[-88.037021,36.524029],[-88.037432,36.522858],[-88.037581,36.521541],[-88.037396,36.519678],[-88.037371,36.518072],[-88.037415,36.516268],[-88.037671,36.514553],[-88.038326,36.512544],[-88.039069,36.510784],[-88.039823,36.509437],[-88.040539,36.508412],[-88.041417,36.507363],[-88.042616,36.506178],[-88.046955,36.502899],[-88.049115,36.501152],[-88.050301,36.500095],[-88.053293,36.497058],[-88.057428,36.497258],[-88.058687,36.497319],[-88.065207,36.497633],[-88.087168,36.497915],[-88.088221,36.497929],[-88.089152,36.497943],[-88.090758,36.497959],[-88.095357,36.49802],[-88.095756,36.498027],[-88.098202,36.498069],[-88.098573,36.498075],[-88.104613,36.498178],[-88.108569,36.498246],[-88.116376,36.498394],[-88.125073,36.498567],[-88.137736,36.498672],[-88.152581,36.498911],[-88.175828,36.499318],[-88.178106,36.499359],[-88.183246,36.49944],[-88.189527,36.499522],[-88.191802,36.49954],[-88.194,36.499566],[-88.216272,36.499821],[-88.243722,36.499894],[-88.259186,36.500063],[-88.284059,36.500353],[-88.300823,36.5004],[-88.309323,36.500418],[-88.32455,36.500443],[-88.326058,36.500447],[-88.327284,36.50045],[-88.342981,36.500476],[-88.362571,36.500515],[-88.381695,36.50056],[-88.38792,36.500594],[-88.393482,36.500632],[-88.402189,36.500685],[-88.428446,36.501005],[-88.440481,36.50123],[-88.444314,36.501197],[-88.447829,36.501168],[-88.457065,36.501137],[-88.469023,36.501144],[-88.489075,36.501157],[-88.498048,36.501211],[-88.511165,36.501505],[-88.516403,36.501583],[-88.5233,36.501759],[-88.524876,36.501812],[-88.528254,36.501754],[-88.537617,36.501926],[-88.545032,36.501925],[-88.548854,36.50212],[-88.553654,36.502111],[-88.557874,36.502154],[-88.558919,36.502072],[-88.559376,36.502059],[-88.560499,36.502118],[-88.567653,36.502104],[-88.57689,36.502096],[-88.594728,36.50216],[-88.608512,36.50214],[-88.623317,36.502095],[-88.634301,36.502023],[-88.645599,36.502193],[-88.65862,36.502307],[-88.672559,36.502436],[-88.675595,36.502351],[-88.676496,36.502325],[-88.677224,36.502324],[-88.677738,36.502343],[-88.678595,36.502412],[-88.678656,36.502418],[-88.679304,36.50248],[-88.679344,36.502482],[-88.67936,36.50257],[-88.681665,36.502589],[-88.700531,36.502635],[-88.715267,36.502655],[-88.725018,36.502641],[-88.728361,36.502639],[-88.743438,36.502625],[-88.74703,36.502669],[-88.755605,36.502654],[-88.777192,36.502717],[-88.788102,36.502709],[-88.799697,36.502695],[-88.827303,36.502633],[-88.836525,36.502576],[-88.840796,36.50265],[-88.850521,36.502584],[-88.855255,36.502581],[-88.86027,36.502505],[-88.867786,36.502404],[-88.868447,36.502402],[-88.869256,36.502401],[-88.870056,36.502399],[-88.871544,36.502396],[-88.872613,36.502394],[-88.874932,36.502389],[-88.87579,36.502386],[-88.876828,36.502382],[-88.877746,36.502379],[-88.879558,36.502371],[-88.879677,36.502371],[-88.879874,36.501852],[-88.880693,36.501846],[-88.880731,36.502367],[-88.882192,36.502361],[-88.88239,36.500431],[-88.883463,36.500438],[-88.883451,36.502356],[-88.885017,36.50235],[-88.886257,36.502345],[-88.887153,36.502341],[-88.88899,36.502334],[-88.892448,36.502322],[-88.89912,36.502299],[-88.899342,36.502298],[-88.904427,36.502289],[-88.910413,36.502276],[-88.91193,36.502275],[-88.913091,36.502272],[-88.914326,36.502268],[-88.919841,36.502247],[-88.925102,36.502226],[-88.935044,36.502186],[-88.951728,36.502217],[-88.959746,36.502076],[-88.964166,36.502122],[-88.968538,36.502167],[-88.985767,36.502345],[-89.001282,36.502635],[-89.007058,36.502709],[-89.010553,36.502753],[-89.026922,36.502911],[-89.034725,36.502979],[-89.059157,36.503163],[-89.061147,36.50308],[-89.072408,36.503125],[-89.09115,36.503397],[-89.09535,36.503493],[-89.098548,36.503577],[-89.12,36.503754],[-89.13706,36.503936],[-89.145786,36.50421],[-89.160253,36.504544],[-89.165183,36.504639],[-89.170459,36.504806],[-89.181214,36.505149],[-89.186324,36.505227],[-89.197318,36.505393],[-89.201952,36.505462],[-89.211546,36.505607],[-89.215041,36.50566],[-89.23506,36.505961],[-89.256345,36.506316],[-89.280284,36.506807],[-89.295579,36.507121],[-89.301022,36.507233],[-89.331811,36.504498],[-89.333904,36.504312],[-89.346066,36.503232],[-89.356892,36.502269],[-89.357449,36.502221],[-89.381577,36.500036],[-89.391057,36.499216],[-89.404044,36.499115],[-89.408329,36.499081],[-89.41822,36.499029],[-89.420664,36.493959],[-89.423792,36.489506],[-89.42736,36.485167],[-89.432848,36.479187],[-89.437421,36.474759],[-89.443735,36.469161],[-89.448964,36.464882],[-89.453514,36.461789],[-89.460767,36.458686],[-89.464433,36.457747],[-89.471895,36.45756],[-89.476643,36.458393],[-89.481204,36.459869],[-89.486193,36.462114],[-89.489361,36.464561],[-89.491894,36.467901],[-89.493082,36.4705],[-89.493947,36.473559],[-89.494119,36.476268],[-89.493377,36.478959],[-89.491813,36.483106],[-89.486687,36.494992],[-89.485427,36.497491],[-89.489633,36.497524],[-89.492979,36.497553],[-89.529168,36.497852],[-89.539232,36.497934],[-89.538316,36.496933],[-89.536231,36.493547],[-89.534524,36.491432],[-89.532076,36.489073],[-89.525788,36.484166],[-89.522674,36.481305],[-89.520642,36.478668],[-89.519501,36.475419],[-89.519408,36.472919],[-89.51972,36.467002],[-89.521021,36.461934],[-89.523427,36.456572],[-89.52519,36.453991],[-89.527274,36.451545],[-89.530582,36.448829],[-89.537845,36.443933],[-89.540868,36.441559],[-89.543406,36.43877],[-89.545061,36.434915],[-89.545503,36.4307],[-89.545255,36.427079],[-89.544221,36.423684],[-89.542337,36.420103],[-89.538905,36.416422],[-89.530951,36.407311],[-89.525293,36.400446],[-89.51919,36.392237],[-89.513956,36.384891],[-89.51038,36.378356],[-89.509558,36.375065],[-89.509722,36.373626],[-89.511178,36.367844],[-89.513178,36.359897],[-89.519,36.3486],[-89.522695,36.344789],[-89.527029,36.341679],[-89.531822,36.339246],[-89.538079,36.337496],[-89.545006,36.336809],[-89.560439,36.337746],[-89.581636,36.342357],[-89.589821,36.342569],[-89.600544,36.342985],[-89.605668,36.342234],[-89.610689,36.340442],[-89.615841,36.336085],[-89.6198,36.329546],[-89.620255,36.323006],[-89.619242,36.320726],[-89.612958,36.310448],[-89.611819,36.309088],[-89.599837,36.302611],[-89.58982,36.296814],[-89.584337,36.29334],[-89.578492,36.288317],[-89.555036,36.278008],[-89.552767,36.277769],[-89.551213,36.278141],[-89.549219,36.27875],[-89.546577,36.280439],[-89.543831,36.280217],[-89.539487,36.277368],[-89.537675,36.275279],[-89.537183,36.274385],[-89.536441,36.272827],[-89.534857,36.264187],[-89.534768,36.264187],[-89.534701,36.26416],[-89.53466,36.264094],[-89.534667,36.264006],[-89.534735,36.263896],[-89.534823,36.263825],[-89.534848,36.263816],[-89.534507,36.261803],[-89.534564,36.259284],[-89.534679,36.252979],[-89.535153,36.252036],[-89.537454,36.250067],[-89.538446,36.249233],[-89.540701,36.248189],[-89.542599,36.247706],[-89.545758,36.247501],[-89.548159,36.247967],[-89.550765,36.248838],[-89.553035,36.250197],[-89.557991,36.251037],[-89.562206,36.250909],[-89.564124,36.250479],[-89.566849,36.248902],[-89.573928,36.243843],[-89.577544,36.242262],[-89.587326,36.239484],[-89.592483,36.238722],[-89.602374,36.238106],[-89.60651,36.238328],[-89.611145,36.239271],[-89.619427,36.242004],[-89.624416,36.243305],[-89.633114,36.246451],[-89.63679,36.248079],[-89.642182,36.249486],[-89.645904,36.250067],[-89.651407,36.250683],[-89.656185,36.250487],[-89.667201,36.24928],[-89.678043,36.248287],[-89.679527,36.248388],[-89.684159,36.249],[-89.686229,36.249507],[-89.689156,36.250824],[-89.691308,36.252079],[-89.693483,36.25272],[-89.695235,36.252766],[-89.698568,36.250591],[-89.699817,36.248384],[-89.701821,36.246004],[-89.703511,36.243412],[-89.705328,36.239898],[-89.705545,36.238136],[-89.70525,36.236568],[-89.704459,36.235468],[-89.701759,36.233528],[-89.699677,36.230821],[-89.696694,36.228216],[-89.69263,36.224959],[-89.679548,36.215911],[-89.664144,36.20652],[-89.654876,36.20153],[-89.64479,36.194101],[-89.636894,36.188951],[-89.629453,36.185382],[-89.623804,36.183128],[-89.618228,36.179966],[-89.612983,36.175975],[-89.607004,36.171179],[-89.602475,36.166468],[-89.598039,36.160878],[-89.594397,36.155457],[-89.593583,36.154005],[-89.592206,36.15012],[-89.59166,36.145839],[-89.591632,36.142135],[-89.592102,36.135637],[-89.592589,36.133527],[-89.59307,36.129699],[-89.593549,36.128138],[-89.594658,36.126276],[-89.598946,36.121778],[-89.601936,36.11947],[-89.604682,36.118106],[-89.612868,36.114761],[-89.612992,36.114717],[-89.615128,36.113816],[-89.620482,36.110916],[-89.625078,36.108131],[-89.628305,36.106853],[-89.635272,36.10556],[-89.64302,36.10362],[-89.650182,36.101498],[-89.657709,36.099128],[-89.666598,36.095802],[-89.672463,36.091837],[-89.676121,36.087862],[-89.678821,36.084636],[-89.680029,36.082494],[-89.681946,36.072336],[-89.68327,36.060714],[-89.684439,36.051719],[-89.686194,36.041037],[-89.687254,36.034048],[-89.688577,36.029238],[-89.690306,36.024835],[-89.692437,36.020507],[-89.695261,36.017234],[-89.700517,36.011747],[-89.703571,36.00804],[-89.705677,36.005018],[-89.706729,36.001883],[-89.706932,36.000981],[-89.717462,36.000838],[-89.732569,36.000635],[-89.733056,36.000809],[-89.731096,35.99662],[-89.727493,35.992798],[-89.724619,35.990451],[-89.722916,35.989061],[-89.723557,35.985903],[-89.724027,35.980803],[-89.723557,35.976593],[-89.722557,35.971003],[-89.721677,35.967673],[-89.719657,35.964413],[-89.718497,35.963123],[-89.714007,35.959813],[-89.710229,35.957729],[-89.700112,35.952707],[-89.693517,35.949613],[-89.690497,35.948393],[-89.684617,35.945653],[-89.679847,35.943883],[-89.675477,35.941593],[-89.669657,35.937693],[-89.664777,35.934743],[-89.657618,35.931534],[-89.654027,35.930183],[-89.650267,35.927663],[-89.646503,35.923743],[-89.644307,35.920943],[-89.642017,35.913663],[-89.641078,35.906233],[-89.640997,35.903553],[-89.641572,35.900263],[-89.642047,35.895573],[-89.643585,35.889742],[-89.645617,35.885833],[-89.648755,35.882736],[-89.654008,35.878865],[-89.657917,35.876743],[-89.660686,35.875469],[-89.663284,35.874703],[-89.665939,35.874451],[-89.669079,35.87451],[-89.673103,35.875365],[-89.676378,35.876698],[-89.68026,35.879594],[-89.685142,35.883595],[-89.691132,35.888773],[-89.693229,35.890722],[-89.696731,35.893272],[-89.700887,35.89577],[-89.705901,35.899183],[-89.708216,35.900933],[-89.71308,35.905094],[-89.716352,35.907059],[-89.719416,35.908311],[-89.727787,35.911243],[-89.730552,35.9117],[-89.735718,35.91195],[-89.740914,35.911684],[-89.744547,35.910699],[-89.748279,35.908252],[-89.753564,35.90279],[-89.76524,35.893106],[-89.767242,35.890852],[-89.768679,35.888824],[-89.771674,35.883678],[-89.77325,35.87742],[-89.774271,35.870816],[-89.773858,35.86766],[-89.772081,35.864342],[-89.769961,35.861773],[-89.767923,35.860017],[-89.765061,35.858473],[-89.762109,35.857165],[-89.754094,35.854293],[-89.743247,35.851127],[-89.731544,35.847977],[-89.722457,35.845786],[-89.714598,35.843357],[-89.703645,35.839461],[-89.69741,35.836683],[-89.695531,35.835673],[-89.694709,35.834769],[-89.693499,35.831727],[-89.693978,35.825213],[-89.694802,35.822957],[-89.696497,35.820583],[-89.698645,35.818711],[-89.703447,35.815439],[-89.708149,35.812464],[-89.714215,35.808871],[-89.720117,35.805933],[-89.72817,35.802697],[-89.731039,35.802498],[-89.733328,35.802971],[-89.735138,35.803838],[-89.736681,35.805198],[-89.736917,35.805463],[-89.738346,35.806058],[-89.741502,35.805835],[-89.745171,35.806404],[-89.748779,35.807621],[-89.758431,35.810438],[-89.761933,35.810876],[-89.765391,35.811207],[-89.765359,35.809606],[-89.781662,35.805228],[-89.796236,35.79284],[-89.799154,35.788882],[-89.797853,35.786247],[-89.796647,35.782754],[-89.796466,35.780453],[-89.796938,35.778174],[-89.79853,35.774388],[-89.799354,35.774237],[-89.799842,35.770458],[-89.799496,35.766166],[-89.798809,35.763037],[-89.79895,35.759356],[-89.799416,35.758108],[-89.800728,35.757152],[-89.813177,35.750463],[-89.819925,35.747317],[-89.825451,35.745188],[-89.831817,35.743503],[-89.838717,35.742129],[-89.84362,35.74292],[-89.847723,35.744644],[-89.850349,35.746489],[-89.8508,35.747925],[-89.851948,35.752515],[-89.852232,35.754437],[-89.852323,35.755134],[-89.852834,35.754561],[-89.854191,35.755083],[-89.855417,35.75417],[-89.856304,35.754222],[-89.857895,35.755265],[-89.862981,35.756804],[-89.866738,35.756562],[-89.868819,35.756204],[-89.87406,35.754905],[-89.880454,35.753138],[-89.888486,35.750654],[-89.891592,35.750193],[-89.893916,35.750392],[-89.89595,35.750953],[-89.90148,35.753311],[-89.903878,35.755382],[-89.905932,35.757919],[-89.908047,35.758892],[-89.911726,35.757904],[-89.915177,35.754346],[-89.918074,35.752095],[-89.921547,35.750075],[-89.922992,35.75009],[-89.918882,35.752727],[-89.922751,35.750922],[-89.92454,35.750406],[-89.931115,35.747396],[-89.93792,35.744172],[-89.938693,35.743475],[-89.939974,35.739429],[-89.944114,35.735795],[-89.946868,35.734113],[-89.954717,35.730361],[-89.957605,35.727645],[-89.958798,35.725586],[-89.958895,35.72353],[-89.958115,35.717053],[-89.957235,35.712958],[-89.956957,35.703827],[-89.956537,35.700218],[-89.956785,35.695309],[-89.955841,35.690399],[-89.952595,35.685453],[-89.950385,35.68275],[-89.946921,35.679176],[-89.942926,35.675388],[-89.940333,35.673408],[-89.939267,35.670943],[-89.936112,35.666712],[-89.934467,35.664943],[-89.930209,35.661352],[-89.925453,35.658206],[-89.921514,35.656209],[-89.919285,35.655297],[-89.908575,35.651736],[-89.902605,35.650896],[-89.898916,35.650904],[-89.894236,35.651605],[-89.889815,35.652687],[-89.887266,35.653591],[-89.885303,35.654744],[-89.88364,35.656295],[-89.881898,35.65881],[-89.879746,35.662845],[-89.878213,35.665252],[-89.876446,35.666726],[-89.872813,35.668384],[-89.86958,35.669415],[-89.86689,35.670204],[-89.864149,35.670518],[-89.861265,35.670242],[-89.858318,35.668724],[-89.855466,35.665292],[-89.852615,35.661156],[-89.851162,35.657139],[-89.850726,35.65074],[-89.851129,35.647448],[-89.851917,35.643907],[-89.85302,35.639984],[-89.854372,35.637288],[-89.856104,35.635012],[-89.857287,35.634019],[-89.859578,35.632686],[-89.863875,35.630788],[-89.869503,35.628815],[-89.873406,35.627618],[-89.874067,35.626618],[-89.881497,35.622103],[-89.890259,35.616416],[-89.894115,35.615251],[-89.896705,35.614997],[-89.899483,35.615151],[-89.904996,35.616017],[-89.910499,35.61758],[-89.910686,35.61732],[-89.911275,35.617594],[-89.914183,35.615935],[-89.916714,35.614065],[-89.920689,35.611727],[-89.924362,35.610497],[-89.931654,35.608358],[-89.933962,35.60728],[-89.937018,35.605479],[-89.941507,35.603602],[-89.946419,35.601127],[-89.947847,35.600218],[-89.952129,35.596473],[-89.95498,35.592944],[-89.956592,35.590622],[-89.957568,35.588531],[-89.95795,35.585233],[-89.956755,35.581709],[-89.954469,35.576192],[-89.951272,35.570885],[-89.949003,35.567783],[-89.947022,35.563727],[-89.944325,35.559688],[-89.942247,35.557143],[-89.938595,35.555065],[-89.934811,35.554056],[-89.928084,35.55123],[-89.923239,35.550349],[-89.919047,35.54985],[-89.916434,35.54995],[-89.914191,35.549606],[-89.911888,35.548529],[-89.910681,35.547451],[-89.909734,35.544088],[-89.910097,35.543062],[-89.910335,35.542198],[-89.913403,35.5361],[-89.912507,35.535798],[-89.910823,35.536493],[-89.909698,35.537955],[-89.906575,35.53741],[-89.90479,35.536274],[-89.904013,35.535319],[-89.90231,35.530225],[-89.902132,35.528122],[-89.902375,35.525036],[-89.903263,35.52201],[-89.904638,35.519348],[-89.908934,35.51424],[-89.911923,35.512841],[-89.915497,35.511842],[-89.921065,35.511214],[-89.924373,35.511303],[-89.926539,35.511607],[-89.928889,35.512365],[-89.935881,35.515743],[-89.939865,35.517167],[-89.945945,35.519011],[-89.958749,35.523837],[-89.958306,35.526553],[-89.957471,35.528972],[-89.957219,35.53133],[-89.955817,35.533194],[-89.956123,35.535521],[-89.956981,35.536371],[-89.956643,35.537981],[-89.957187,35.540021],[-89.959722,35.542664],[-89.96179,35.543686],[-89.963843,35.545563],[-89.973904,35.552019],[-89.975711,35.553488],[-89.983596,35.557616],[-89.989667,35.560221],[-89.995201,35.56113],[-89.999207,35.561198],[-90.004458,35.560377],[-90.007866,35.560144],[-90.010213,35.559564],[-90.018141,35.555971],[-90.019185,35.556087],[-90.023589,35.55637],[-90.02564,35.556089],[-90.031276,35.554299],[-90.034135,35.552873],[-90.036093,35.551532],[-90.03793,35.549933],[-90.039876,35.547418],[-90.039802,35.546628],[-90.040806,35.540933],[-90.041614,35.538122],[-90.042712,35.535333],[-90.043951,35.533596],[-90.044487,35.53191],[-90.046054,35.529743],[-90.047308,35.52614],[-90.047906,35.525068],[-90.049574,35.520087],[-90.050212,35.516391],[-90.049524,35.510356],[-90.048163,35.503628],[-90.046681,35.500824],[-90.046097,35.498862],[-90.044138,35.494622],[-90.040059,35.488397],[-90.036031,35.483557],[-90.032483,35.480533],[-90.028515,35.477745],[-90.026277,35.476439],[-90.021798,35.47445],[-90.01981,35.473282],[-90.014892,35.467117],[-90.013888,35.465664],[-90.012531,35.463668],[-90.008923,35.457497],[-90.007209,35.454247],[-90.005888,35.450518],[-90.003933,35.442761],[-90.003117,35.437479],[-90.002916,35.436336],[-90.002668,35.429985],[-90.004708,35.428873],[-90.012622,35.424077],[-90.01527,35.422689],[-90.021191,35.420226],[-90.030419,35.417078],[-90.042369,35.413376],[-90.048086,35.411737],[-90.050564,35.409635],[-90.056782,35.403863],[-90.046699,35.398212],[-90.044044,35.396722],[-90.041563,35.39662],[-90.044582,35.393073],[-90.045736,35.392615],[-90.054322,35.389277],[-90.056379,35.391829],[-90.066954,35.404973],[-90.069528,35.408132],[-90.062018,35.41518],[-90.070616,35.423497],[-90.074098,35.43414],[-90.074128,35.439566],[-90.071292,35.450548],[-90.067239,35.460945],[-90.067203,35.464781],[-90.067816,35.466086],[-90.068122,35.466753],[-90.074793,35.472772],[-90.077479,35.474344],[-90.079484,35.476572],[-90.080389,35.477138],[-90.088033,35.478583],[-90.10052,35.478089],[-90.107837,35.476836],[-90.108746,35.476011],[-90.112308,35.473982],[-90.115871,35.471153],[-90.119031,35.468039],[-90.120987,35.465028],[-90.122855,35.460901],[-90.129435,35.442119],[-90.129688,35.44199],[-90.135961,35.438862],[-90.140114,35.436771],[-90.155983,35.428554],[-90.16888,35.421878],[-90.17061,35.418282],[-90.170692,35.414263],[-90.170777,35.40999],[-90.179342,35.385313],[-90.178458,35.382144],[-90.172138,35.377493],[-90.165282,35.373982],[-90.160853,35.3746],[-90.155291,35.374633],[-90.146542,35.373991],[-90.137959,35.376102],[-90.135676,35.376696],[-90.136489,35.377781],[-90.141445,35.384072],[-90.143328,35.387229],[-90.145354,35.392599],[-90.14605,35.396564],[-90.146044,35.400329],[-90.144698,35.404687],[-90.14324,35.406998],[-90.14075,35.409444],[-90.137942,35.411458],[-90.134814,35.413055],[-90.132235,35.413663],[-90.128583,35.413792],[-90.116746,35.41176],[-90.114565,35.411259],[-90.111153,35.409256],[-90.109853,35.407733],[-90.108256,35.405124],[-90.104107,35.401131],[-90.097112,35.395539],[-90.092787,35.393035],[-90.087141,35.390446],[-90.083527,35.388178],[-90.080873,35.386005],[-90.079915,35.38427],[-90.078806,35.381363],[-90.078202,35.3779],[-90.078263,35.37493],[-90.082374,35.368321],[-90.08386,35.365599],[-90.087188,35.361354],[-90.093384,35.354088],[-90.094421,35.352607],[-90.096182,35.348852],[-90.098997,35.340213],[-90.100374,35.335],[-90.102225,35.327934],[-90.103783,35.324259],[-90.104804,35.322448],[-90.106929,35.316822],[-90.108555,35.311968],[-90.109966,35.304988],[-90.112499,35.304754],[-90.114874,35.303897],[-90.116866,35.303366],[-90.122831,35.304538],[-90.126249,35.303419],[-90.128207,35.301976],[-90.13043,35.300972],[-90.136846,35.29927],[-90.140657,35.299144],[-90.144407,35.301278],[-90.147768,35.30265],[-90.149585,35.303127],[-90.151561,35.302987],[-90.155557,35.302105],[-90.158663,35.300806],[-90.162058,35.298255],[-90.164098,35.29551],[-90.16528,35.29307],[-90.166681,35.28793],[-90.168643,35.28244],[-90.168917,35.279711],[-90.16832,35.278166],[-90.16559,35.272712],[-90.160476,35.264996],[-90.158021,35.261947],[-90.155264,35.258981],[-90.151492,35.25576],[-90.148858,35.254273],[-90.142568,35.252693],[-90.139717,35.252301],[-90.135677,35.252583],[-90.128277,35.253835],[-90.123144,35.255006],[-90.116463,35.255868],[-90.110206,35.255477],[-90.107554,35.255133],[-90.103639,35.2538],[-90.101449,35.252595],[-90.097668,35.25012],[-90.094337,35.24879],[-90.091092,35.245004],[-90.086352,35.238183],[-90.085597,35.236265],[-90.085011,35.232527],[-90.084542,35.231035],[-90.081839,35.227763],[-90.080413,35.226464],[-90.07616,35.221477],[-90.074859,35.218105],[-90.075091,35.215736],[-90.075843,35.213094],[-90.077163,35.211033],[-90.06367,35.210908],[-90.063259,35.210772],[-90.061231,35.2122],[-90.057672,35.214563],[-90.045948,35.214364],[-90.045961,35.212634],[-90.045018,35.212608],[-90.044074,35.212582],[-90.042762,35.212723],[-90.042634,35.212148],[-90.042035,35.212127],[-90.04108,35.212102],[-90.039973,35.212069],[-90.038872,35.212037],[-90.03774,35.21202],[-90.037175,35.212002],[-90.036107,35.211971],[-90.035354,35.211949],[-90.034771,35.211932],[-90.032275,35.21186],[-90.032166,35.211859],[-90.03213,35.212057],[-90.031989,35.212691],[-90.03193,35.212947],[-90.031804,35.213353],[-90.031715,35.213658],[-90.031496,35.214345],[-90.030909,35.215716],[-90.030193,35.21685],[-90.028512,35.219087],[-90.028094,35.21958],[-90.027261,35.220566],[-90.026157,35.221866],[-90.024901,35.223319],[-90.02308,35.225457],[-90.020799,35.225398],[-90.019819,35.225381],[-90.019028,35.223201],[-90.017984,35.223344],[-90.023331,35.216887],[-90.02845,35.210627],[-90.030099,35.208653],[-90.033341,35.205972],[-90.033825,35.203448],[-90.029891,35.203401],[-90.028759,35.203128],[-90.024692,35.201975],[-90.023317,35.201308],[-90.02114,35.201749],[-90.020219,35.200671],[-90.017289,35.200613],[-90.016576,35.200899],[-90.015598,35.199599],[-90.014044,35.199589],[-90.014112,35.197362],[-90.014255,35.193331],[-90.01261,35.193285],[-90.012531,35.196559],[-90.008905,35.19647],[-90.007847,35.196498],[-90.008,35.193307],[-90.007845,35.193438],[-90.00785,35.192041],[-89.997678,35.192927],[-89.993505,35.192901],[-89.975859,35.191865],[-89.975717,35.191865],[-89.975784,35.1965],[-89.975817,35.199177],[-89.975807,35.200683],[-89.975798,35.202095],[-89.97578,35.203678],[-89.975737,35.204743],[-89.97572,35.206235],[-89.975713,35.207188],[-89.975679,35.208093],[-89.975604,35.209085],[-89.975591,35.21083],[-89.975582,35.21176],[-89.975567,35.213699],[-89.975536,35.21823],[-89.975553,35.221108],[-89.978705,35.219907],[-89.9802,35.219319],[-89.980632,35.220146],[-89.980449,35.223465],[-89.980356,35.227782],[-89.980319,35.230032],[-89.980312,35.232211],[-89.980585,35.232144],[-89.982303,35.232022],[-89.982913,35.229146],[-89.983846,35.2279],[-89.986041,35.227946],[-89.989922,35.228082],[-89.993255,35.228139],[-89.99352,35.231228],[-89.993623,35.232461],[-89.993438,35.234503],[-89.993432,35.235088],[-89.993423,35.235849],[-89.991781,35.236446],[-89.990835,35.236689],[-89.988745,35.237065],[-89.988717,35.23707],[-89.987174,35.237044],[-89.986355,35.236925],[-89.983614,35.236965],[-89.983538,35.237791],[-89.98347,35.240219],[-89.983308,35.241203],[-89.982946,35.241885],[-89.978234,35.242072],[-89.977657,35.242513],[-89.979659,35.244451],[-89.982858,35.244956],[-89.984572,35.244966],[-89.986931,35.244972],[-89.988226,35.244022],[-89.991803,35.242485],[-89.993244,35.241978],[-89.993205,35.243852],[-89.993304,35.244787],[-89.995854,35.247359],[-89.997856,35.246782],[-89.996258,35.247945],[-89.97802,35.261829],[-89.976783,35.257905],[-89.975084,35.257767],[-89.975388,35.255278],[-89.97687,35.254297],[-89.976489,35.25308],[-89.974351,35.25204],[-89.973124,35.252891],[-89.969174,35.252854],[-89.969002,35.254245],[-89.968761,35.254472],[-89.968246,35.251584],[-89.968088,35.243252],[-89.967356,35.240777],[-89.965231,35.23642],[-89.963276,35.232376],[-89.962885,35.230964],[-89.963166,35.227714],[-89.965321,35.221105],[-89.965342,35.22104],[-89.96447,35.220989],[-89.963137,35.221096],[-89.960628,35.221805],[-89.959742,35.22206],[-89.958554,35.222403],[-89.958079,35.222527],[-89.957658,35.222606],[-89.957184,35.222651],[-89.957051,35.222658],[-89.956711,35.222677],[-89.956363,35.22271],[-89.956132,35.222724],[-89.956096,35.222843],[-89.954139,35.230939],[-89.951067,35.237977],[-89.948258,35.240557],[-89.946373,35.243358],[-89.943927,35.24266],[-89.943279,35.242652],[-89.942209,35.242823],[-89.940868,35.240172],[-89.940657,35.238747],[-89.940731,35.237894],[-89.940767,35.237047],[-89.940563,35.234587],[-89.938836,35.234545],[-89.936175,35.234462],[-89.935091,35.234439],[-89.932716,35.234386],[-89.932738,35.233605],[-89.932826,35.230621],[-89.931761,35.23061],[-89.930899,35.230603],[-89.929826,35.230593],[-89.928781,35.230584],[-89.92879,35.23002],[-89.926429,35.229675],[-89.925378,35.229825],[-89.925346,35.22791],[-89.925972,35.226767],[-89.926819,35.225414],[-89.927893,35.222798],[-89.928697,35.22075],[-89.928848,35.219396],[-89.928767,35.218581],[-89.928327,35.218121],[-89.927111,35.217382],[-89.926927,35.217024],[-89.92659,35.216559],[-89.923848,35.212471],[-89.923191,35.211499],[-89.92298,35.211201],[-89.922701,35.210804],[-89.922257,35.210174],[-89.922048,35.209878],[-89.9216,35.208834],[-89.921509,35.208705],[-89.921417,35.208816],[-89.921546,35.20531],[-89.921547,35.205181],[-89.921564,35.204616],[-89.922054,35.203085],[-89.920391,35.202331],[-89.918327,35.201204],[-89.916784,35.20085],[-89.916068,35.200791],[-89.915186,35.200742],[-89.912471,35.200903],[-89.90899,35.198831],[-89.908204,35.198533],[-89.905206,35.198182],[-89.904446,35.197947],[-89.902618,35.196658],[-89.902037,35.196159],[-89.901507,35.195829],[-89.900398,35.195376],[-89.899619,35.195077],[-89.89568,35.193366],[-89.895546,35.193307],[-89.895276,35.197191],[-89.895271,35.1989],[-89.895195,35.200546],[-89.895135,35.201253],[-89.89513,35.201314],[-89.895099,35.201545],[-89.895001,35.202261],[-89.89495,35.202614],[-89.894923,35.202807],[-89.894798,35.203667],[-89.894789,35.20372],[-89.894779,35.203797],[-89.894854,35.203865],[-89.894609,35.20686],[-89.900841,35.207007],[-89.902152,35.207042],[-89.902955,35.207059],[-89.904968,35.206998],[-89.906914,35.206735],[-89.908229,35.206556],[-89.910296,35.206263],[-89.912443,35.205963],[-89.912428,35.206115],[-89.910585,35.209023],[-89.910314,35.209503],[-89.908729,35.212641],[-89.907494,35.215049],[-89.906581,35.216824],[-89.906189,35.217601],[-89.905743,35.218444],[-89.905306,35.219272],[-89.90442,35.220894],[-89.904042,35.221614],[-89.908595,35.221727],[-89.906813,35.223521],[-89.902742,35.227614],[-89.900291,35.230077],[-89.90153,35.230991],[-89.903816,35.231029],[-89.904851,35.232944],[-89.905108,35.234057],[-89.906555,35.235845],[-89.905213,35.23661],[-89.905163,35.236688],[-89.911956,35.236878],[-89.911857,35.240021],[-89.911184,35.240713],[-89.911893,35.240734],[-89.911871,35.241891],[-89.912095,35.242829],[-89.912849,35.242843],[-89.914527,35.24287],[-89.914906,35.242877],[-89.91528,35.242883],[-89.920469,35.242993],[-89.92281,35.243045],[-89.922757,35.244949],[-89.92257,35.245652],[-89.922382,35.247133],[-89.92416,35.247135],[-89.923843,35.249327],[-89.924419,35.249349],[-89.92356,35.255568],[-89.923534,35.257054],[-89.925155,35.257684],[-89.924547,35.258611],[-89.924345,35.258993],[-89.923901,35.259521],[-89.924561,35.260574],[-89.925586,35.260962],[-89.92474,35.262028],[-89.924294,35.261318],[-89.92316,35.262271],[-89.923146,35.2632],[-89.926199,35.262938],[-89.926611,35.263964],[-89.929427,35.26294],[-89.929358,35.268354],[-89.928948,35.27175],[-89.928533,35.275509],[-89.92708,35.279945],[-89.924394,35.282944],[-89.922499,35.285038],[-89.920844,35.28819],[-89.920094,35.290664],[-89.919535,35.292705],[-89.925534,35.293384],[-89.925268,35.297041],[-89.925083,35.298566],[-89.916993,35.298014],[-89.915324,35.300447],[-89.915034,35.300826],[-89.914478,35.300499],[-89.913949,35.301127],[-89.912503,35.301158],[-89.911788,35.300182],[-89.911277,35.300447],[-89.912427,35.302135],[-89.909066,35.309921],[-89.903312,35.309232],[-89.902948,35.311815],[-89.899694,35.311567],[-89.898685,35.311499],[-89.898212,35.309979],[-89.887984,35.309806],[-89.887397,35.309712],[-89.8875,35.30635],[-89.881904,35.306182],[-89.882248,35.297223],[-89.882461,35.291739],[-89.882291,35.291735],[-89.882079,35.297223],[-89.881734,35.306175],[-89.881149,35.309614],[-89.879856,35.311618],[-89.875362,35.316773],[-89.875487,35.316866],[-89.873552,35.319104],[-89.890084,35.328773],[-89.893568,35.329985],[-89.899076,35.330168],[-89.898895,35.330428],[-89.893361,35.330241],[-89.890906,35.329513],[-89.88893,35.328423],[-89.873365,35.319321],[-89.873228,35.319241],[-89.87261,35.318879],[-89.872446,35.319657],[-89.871311,35.319547],[-89.870548,35.31846],[-89.869465,35.318334],[-89.867864,35.319437],[-89.867795,35.320552],[-89.866806,35.320327],[-89.86618,35.321699],[-89.865768,35.320594],[-89.864503,35.320453],[-89.864144,35.321696],[-89.863626,35.320575],[-89.860003,35.320668],[-89.859913,35.321206],[-89.857979,35.321545],[-89.857355,35.320935],[-89.857468,35.318985],[-89.856697,35.318041],[-89.855383,35.318311],[-89.854431,35.317059],[-89.853367,35.318537],[-89.85147,35.318301],[-89.851711,35.317274],[-89.853433,35.317015],[-89.852849,35.31584],[-89.851147,35.315143],[-89.850216,35.316193],[-89.848788,35.314403],[-89.847501,35.31487],[-89.847105,35.313178],[-89.843064,35.311785],[-89.842274,35.312114],[-89.842509,35.313059],[-89.840666,35.312389],[-89.841087,35.310566],[-89.838192,35.310358],[-89.837797,35.309677],[-89.835098,35.31039],[-89.834304,35.315427],[-89.833485,35.322467],[-89.833013,35.323396],[-89.830901,35.32513],[-89.830673,35.325835],[-89.830592,35.328889],[-89.830567,35.329713],[-89.830369,35.336266],[-89.831186,35.33634],[-89.832286,35.336439],[-89.83338,35.336537],[-89.834482,35.336637],[-89.837071,35.336874],[-89.837913,35.336948],[-89.837063,35.337939],[-89.836228,35.337939],[-89.835651,35.341846],[-89.835007,35.343061],[-89.84016,35.343539],[-89.843482,35.339788],[-89.844323,35.340222],[-89.847963,35.340506],[-89.847801,35.341566],[-89.845959,35.341373],[-89.845658,35.343672],[-89.849311,35.344],[-89.849224,35.344675],[-89.848875,35.347276],[-89.848595,35.349496],[-89.848525,35.350051],[-89.848427,35.350805],[-89.84765,35.35656],[-89.860084,35.357899],[-89.859474,35.362424],[-89.858865,35.363106],[-89.850886,35.362672],[-89.850714,35.365019],[-89.8506,35.366594],[-89.852347,35.366664],[-89.85169,35.370381],[-89.850554,35.371778],[-89.855219,35.374887],[-89.856963,35.375008],[-89.859585,35.371568],[-89.859527,35.370832],[-89.86685,35.369996],[-89.867268,35.3686],[-89.86911,35.368793],[-89.872704,35.363751],[-89.885473,35.365145],[-89.887502,35.366039],[-89.887637,35.365886],[-89.8909,35.361919],[-89.891072,35.362029],[-89.887802,35.366118],[-89.888933,35.368335],[-89.891841,35.373272],[-89.892048,35.375084],[-89.890817,35.38175],[-89.891049,35.386923],[-89.889982,35.388257],[-89.889663,35.389445],[-89.889317,35.390906],[-89.883987,35.391185],[-89.865515,35.39077],[-89.86017,35.390643],[-89.855372,35.391],[-89.856505,35.389114],[-89.858313,35.38715],[-89.860566,35.385667],[-89.860442,35.385441],[-89.858583,35.38664],[-89.858404,35.383808],[-89.858593,35.382128],[-89.859304,35.381624],[-89.859038,35.381445],[-89.858829,35.381291],[-89.851889,35.387216],[-89.850476,35.388289],[-89.847932,35.388715],[-89.838111,35.387787],[-89.838628,35.389972],[-89.838269,35.389957],[-89.83778,35.390635],[-89.829448,35.39221],[-89.828702,35.392192],[-89.820145,35.390597],[-89.81165,35.390319],[-89.809469,35.390081],[-89.809463,35.388966],[-89.8102,35.388136],[-89.808705,35.387065],[-89.807357,35.386879],[-89.808014,35.389191],[-89.805016,35.3898],[-89.80244,35.390827],[-89.80045,35.391225],[-89.800443,35.391313],[-89.778755,35.38782],[-89.777322,35.400788],[-89.776736,35.405173],[-89.776238,35.405118],[-89.775407,35.405039],[-89.771779,35.404569],[-89.768624,35.404193],[-89.766852,35.404059],[-89.759304,35.403483],[-89.757417,35.403295],[-89.751089,35.402708],[-89.741876,35.401847],[-89.737341,35.401398],[-89.730814,35.401111],[-89.732762,35.40571],[-89.729417,35.405982],[-89.729495,35.406712],[-89.720327,35.406505],[-89.716748,35.405701],[-89.71018,35.404384],[-89.70928,35.409483],[-89.704145,35.40878],[-89.70248,35.408584],[-89.703679,35.403986],[-89.702378,35.403886],[-89.702682,35.394661],[-89.702893,35.389059],[-89.695671,35.388882],[-89.677257,35.388485],[-89.665939,35.388496],[-89.659044,35.388249],[-89.642796,35.387983],[-89.643866,35.387455],[-89.643799,35.38673],[-89.642424,35.387092],[-89.641741,35.385889],[-89.642935,35.385213],[-89.644613,35.383011],[-89.644279,35.3811],[-89.64497,35.379947],[-89.644407,35.379007],[-89.645138,35.378518],[-89.64518,35.375283],[-89.644295,35.37489],[-89.646,35.372265],[-89.645718,35.3716],[-89.644985,35.371211],[-89.644575,35.372614],[-89.642448,35.374459],[-89.640495,35.3754],[-89.638699,35.375325],[-89.637961,35.374584],[-89.636744,35.374885],[-89.637528,35.376313],[-89.636528,35.376862],[-89.635363,35.376274],[-89.632776,35.375824],[-89.632027,35.377403],[-89.630572,35.37748],[-89.63023,35.378183],[-89.628472,35.37872],[-89.627966,35.380133],[-89.628966,35.382599],[-89.627975,35.382883],[-89.627858,35.381883],[-89.626168,35.382404],[-89.624033,35.381739],[-89.621683,35.383203],[-89.618692,35.382953],[-89.617295,35.383595],[-89.618425,35.386315],[-89.617356,35.387374],[-89.617135,35.38749],[-89.616176,35.388662],[-89.615679,35.38834],[-89.613833,35.389069],[-89.609986,35.389158],[-89.609429,35.389526],[-89.607323,35.389131],[-89.605272,35.391642],[-89.603602,35.392159],[-89.601998,35.391858],[-89.60014,35.392771],[-89.598603,35.394564],[-89.596563,35.39445],[-89.592252,35.395212],[-89.591894,35.394131],[-89.587932,35.394696],[-89.588483,35.395932],[-89.586969,35.39581],[-89.586949,35.39674],[-89.585159,35.397474],[-89.584942,35.396075],[-89.584097,35.397475],[-89.584109,35.395845],[-89.581131,35.396065],[-89.580325,35.395538],[-89.578789,35.396614],[-89.579105,35.397411],[-89.577475,35.397598],[-89.577109,35.398551],[-89.576104,35.398849],[-89.575126,35.397728],[-89.573309,35.397307],[-89.573235,35.396275],[-89.5709,35.396352],[-89.570847,35.396863],[-89.568988,35.396879],[-89.568955,35.397923],[-89.567526,35.397209],[-89.566271,35.397527],[-89.565674,35.399637],[-89.564588,35.39989],[-89.563507,35.398599],[-89.562609,35.39928],[-89.563461,35.399719],[-89.563192,35.400659],[-89.561817,35.399966],[-89.559945,35.400115],[-89.558697,35.401241],[-89.557678,35.400367],[-89.556483,35.401449],[-89.554068,35.40146],[-89.554122,35.400609],[-89.553102,35.401306],[-89.551787,35.401229],[-89.550405,35.402784],[-89.548432,35.403388],[-89.546525,35.403924],[-89.544226,35.403809],[-89.544046,35.404748],[-89.542411,35.404705],[-89.542089,35.404123],[-89.540562,35.404771],[-89.53934,35.404303],[-89.537751,35.403903],[-89.536543,35.404501],[-89.533357,35.404603],[-89.527246,35.404517],[-89.500075,35.40414],[-89.497182,35.403522],[-89.474171,35.403039],[-89.459801,35.402499],[-89.438527,35.402113],[-89.438639,35.401048],[-89.433923,35.400968],[-89.432844,35.400951],[-89.417963,35.4007],[-89.411441,35.400588],[-89.405853,35.400495],[-89.398974,35.400381],[-89.39855,35.400373],[-89.391994,35.400263],[-89.368496,35.399826],[-89.360596,35.399659],[-89.358659,35.399614],[-89.356623,35.39957],[-89.34754,35.399451],[-89.347491,35.400338],[-89.338795,35.400156],[-89.310175,35.399558],[-89.303592,35.399422],[-89.299271,35.399332],[-89.280292,35.39894],[-89.267208,35.398947],[-89.262782,35.398865],[-89.251202,35.398491],[-89.24753,35.398245],[-89.234925,35.39803],[-89.232998,35.397993],[-89.22041,35.397776],[-89.211256,35.397681],[-89.183944,35.397126],[-89.183881,35.398725],[-89.183547,35.407063],[-89.183059,35.419675],[-89.182551,35.432816],[-89.168018,35.432652],[-89.16138,35.432559],[-89.147272,35.432361],[-89.125065,35.432053],[-89.123671,35.432126],[-89.109358,35.431909],[-89.108599,35.431897],[-89.09509,35.431683],[-89.084245,35.431512],[-89.082937,35.431492],[-89.078876,35.431428],[-89.076807,35.431396],[-89.072237,35.431323],[-89.061254,35.43115],[-89.055082,35.431053],[-89.054301,35.43104],[-89.0541,35.431036],[-89.053498,35.431026],[-89.053298,35.431023],[-89.052979,35.431018],[-89.036176,35.430758],[-89.018231,35.430473],[-89.012175,35.430379],[-88.995615,35.430179],[-88.986509,35.430046],[-88.980601,35.429959],[-88.977842,35.429918],[-88.967583,35.429764],[-88.944514,35.429431],[-88.943059,35.42941],[-88.931296,35.429196],[-88.916663,35.428992],[-88.907652,35.428832],[-88.894498,35.428662],[-88.893132,35.428645],[-88.89137,35.428648],[-88.877203,35.428425],[-88.875182,35.428423],[-88.874632,35.428311],[-88.865041,35.428171],[-88.85602,35.428039],[-88.852971,35.427994],[-88.841607,35.427826],[-88.835876,35.427743],[-88.832682,35.427696],[-88.817945,35.427482],[-88.815798,35.427451],[-88.814487,35.427989],[-88.813766,35.4283],[-88.792573,35.437797],[-88.771078,35.447315],[-88.761264,35.451615],[-88.760556,35.451933],[-88.753224,35.455211],[-88.741763,35.460157],[-88.733388,35.463849],[-88.727168,35.466593],[-88.723522,35.468201],[-88.715847,35.471586],[-88.715449,35.471761],[-88.708813,35.474689],[-88.707852,35.475141],[-88.706166,35.475879],[-88.704657,35.476538],[-88.701778,35.477798],[-88.701483,35.477926],[-88.698688,35.479152],[-88.697649,35.479607],[-88.686377,35.484557],[-88.676753,35.488772],[-88.675867,35.489163],[-88.661367,35.505803],[-88.660313,35.506981],[-88.65654,35.511199],[-88.653349,35.514769],[-88.652178,35.51608],[-88.649609,35.518954],[-88.64495,35.524167],[-88.640518,35.529126],[-88.634258,35.536222],[-88.63192,35.540016],[-88.630901,35.541695],[-88.628765,35.545135],[-88.625052,35.55118],[-88.617404,35.56441],[-88.614204,35.569161],[-88.614007,35.575786],[-88.613701,35.586009],[-88.613611,35.588089],[-88.612954,35.597256],[-88.61252,35.603973],[-88.611847,35.614615],[-88.61121,35.622827],[-88.61088,35.626189],[-88.610851,35.626437],[-88.604886,35.626159],[-88.603575,35.626084],[-88.603691,35.628982],[-88.603963,35.635776],[-88.603581,35.636712],[-88.603429,35.638343],[-88.603504,35.639133],[-88.603382,35.644515],[-88.605052,35.644922],[-88.609507,35.644922],[-88.610736,35.646424],[-88.610704,35.647556],[-88.610612,35.6509],[-88.610075,35.670522],[-88.609776,35.681439],[-88.609684,35.684804],[-88.609539,35.6901],[-88.609331,35.697653],[-88.609213,35.701987],[-88.608786,35.708901],[-88.608804,35.709116],[-88.608935,35.710335],[-88.608501,35.725923],[-88.608494,35.726184],[-88.608243,35.735128],[-88.608195,35.736843],[-88.608185,35.738853],[-88.607549,35.763048],[-88.60739,35.768399],[-88.607335,35.771669],[-88.607217,35.776142],[-88.606862,35.789354],[-88.600001,35.789195],[-88.599836,35.789165],[-88.599627,35.801785],[-88.598885,35.802113],[-88.597554,35.802895],[-88.59694,35.8019],[-88.595888,35.802219],[-88.594749,35.803945],[-88.593083,35.804561],[-88.594305,35.806605],[-88.593138,35.806935],[-88.591688,35.808424],[-88.589368,35.809683],[-88.589645,35.810661],[-88.58855,35.812495],[-88.587217,35.812695],[-88.585585,35.814157],[-88.583811,35.814641],[-88.583642,35.815383],[-88.581551,35.815658],[-88.581113,35.816521],[-88.579966,35.816114],[-88.579251,35.816878],[-88.575878,35.816566],[-88.574825,35.815879],[-88.572653,35.815813],[-88.571461,35.815199],[-88.571016,35.81857],[-88.571534,35.822705],[-88.570266,35.824138],[-88.569047,35.824829],[-88.540191,35.824213],[-88.537637,35.824203],[-88.509227,35.823637],[-88.506882,35.823591],[-88.50045,35.823463],[-88.497073,35.823783],[-88.485559,35.823577],[-88.477158,35.823382],[-88.46863,35.823152],[-88.458798,35.822891],[-88.451056,35.822718],[-88.443103,35.822551],[-88.439115,35.822487],[-88.435462,35.82237],[-88.428438,35.822216],[-88.406595,35.82178],[-88.405614,35.821757],[-88.391409,35.82141],[-88.390591,35.821364],[-88.389455,35.821265],[-88.388869,35.821211],[-88.386536,35.821167],[-88.3864,35.821166],[-88.385621,35.821152],[-88.38134,35.821254],[-88.374888,35.821133],[-88.369725,35.821037],[-88.357984,35.820868],[-88.347537,35.820668],[-88.332988,35.820329],[-88.329406,35.820244],[-88.318491,35.819985],[-88.307378,35.819723],[-88.302667,35.819636],[-88.298872,35.819566],[-88.290212,35.819411],[-88.287353,35.819376],[-88.271839,35.818872],[-88.26524,35.818825],[-88.263971,35.818805],[-88.258233,35.818724],[-88.252439,35.818494],[-88.245622,35.818359],[-88.235669,35.818086],[-88.230009,35.817962],[-88.226573,35.817886],[-88.222217,35.817759],[-88.213174,35.817549],[-88.206028,35.817382],[-88.198562,35.817209],[-88.191428,35.817045],[-88.190083,35.817014],[-88.18918,35.816994],[-88.179177,35.816785],[-88.179007,35.818654],[-88.17898,35.818911],[-88.178961,35.819213],[-88.178756,35.823293],[-88.178149,35.839655],[-88.177922,35.844482],[-88.177859,35.845841]],[[-89.981703,35.308069],[-89.981645,35.309632],[-89.97992,35.312644],[-89.974599,35.316054],[-89.972628,35.31226],[-89.964857,35.312179],[-89.959472,35.3118],[-89.957431,35.311012],[-89.95681,35.310224],[-89.954209,35.309483],[-89.950889,35.311603],[-89.947376,35.313083],[-89.944312,35.315508],[-89.94211,35.315378],[-89.939719,35.31383],[-89.938554,35.314923],[-89.934669,35.318572],[-89.934486,35.318439],[-89.927762,35.324744],[-89.926226,35.326185],[-89.92428,35.325731],[-89.924752,35.32446],[-89.925205,35.32189],[-89.926133,35.314292],[-89.929864,35.314297],[-89.929935,35.309824],[-89.925226,35.309342],[-89.918185,35.308727],[-89.920737,35.305524],[-89.923376,35.303254],[-89.923056,35.303181],[-89.923783,35.302645],[-89.924617,35.301981],[-89.925006,35.299388],[-89.926009,35.300382],[-89.926536,35.30085],[-89.935022,35.29443],[-89.93765,35.292434],[-89.938997,35.291417],[-89.939749,35.292441],[-89.941283,35.294525],[-89.944965,35.293502],[-89.948979,35.292699],[-89.951079,35.292036],[-89.955213,35.291459],[-89.960322,35.29106],[-89.964489,35.29026],[-89.965259,35.289542],[-89.965117,35.289975],[-89.96419,35.293151],[-89.964513,35.295556],[-89.966047,35.300544],[-89.968481,35.301302],[-89.970424,35.303468],[-89.971812,35.304182],[-89.974542,35.306488],[-89.974939,35.307545],[-89.977094,35.307245],[-89.979286,35.307895],[-89.981703,35.308069]]],[[[-90.008076,35.188253],[-90.008091,35.187723],[-90.006921,35.18789],[-90.006668,35.187867],[-90.006414,35.187844],[-90.006071,35.187813],[-90.005346,35.187974],[-90.004,35.188179],[-90.002778,35.188478],[-90.001388,35.18877],[-90.0003,35.189055],[-89.998053,35.189421],[-89.99783,35.18929],[-89.993192,35.190562],[-89.992712,35.190473],[-89.993394,35.192585],[-89.999661,35.192495],[-90.007863,35.19166],[-90.008076,35.188253]]]]}},{"type":"Feature","properties":{"id":9,"NAME":"47108112009","TotalPop":600703,"PopDevPct":-0.21770335,"DemPct":0.74673056,"RepPct":0.23472618,"WhitePct":0.27046607,"MinorityPct":0.72953393,"BlackPct":0.60920938,"HispanicPct":0.08385134,"PacificPct":0.00107851,"AsianPct":0.02954679,"NativePct":0.01374609,"TotalVAP":458967,"Margin":0.24673056,"color":"#dcff1b","opacity":"0.5"},"geometry":{"type":"MultiPolygon","coordinates":[[[[-89.989906,34.995089],[-89.972197,34.99502],[-89.96325,34.994984],[-89.955897,34.994955],[-89.936754,34.994876],[-89.926063,34.994831],[-89.919032,34.9948],[-89.901464,34.994663],[-89.89208,34.994469],[-89.883748,34.994393],[-89.878752,34.994392],[-89.87841,34.994392],[-89.871774,34.994293],[-89.865146,34.994259],[-89.861799,34.994242],[-89.851384,34.994188],[-89.848385,34.994409],[-89.840168,34.994452],[-89.83778,34.994499],[-89.830807,34.994507],[-89.83069,34.994498],[-89.827387,34.994499],[-89.824328,34.994502],[-89.821373,34.994504],[-89.819203,34.994511],[-89.815602,34.994533],[-89.813133,34.994514],[-89.808618,34.994537],[-89.808207,34.99454],[-89.805021,34.994551],[-89.795357,34.994564],[-89.789013,34.994557],[-89.784612,34.994316],[-89.78306,34.994468],[-89.75986,34.994783],[-89.759612,34.994669],[-89.751279,34.994746],[-89.741948,34.994833],[-89.724324,34.99479],[-89.718399,34.995293],[-89.706606,34.995292],[-89.688884,34.995094],[-89.661592,34.995295],[-89.64405,34.995291],[-89.643965,35.000384],[-89.643936,35.001644],[-89.643916,35.006373],[-89.64374,35.011665],[-89.643772,35.012013],[-89.643739,35.013527],[-89.643524,35.020631],[-89.643437,35.023481],[-89.643334,35.026928],[-89.643292,35.028311],[-89.643245,35.029912],[-89.643227,35.030531],[-89.643084,35.0353],[-89.642863,35.042487],[-89.642786,35.04486],[-89.648913,35.045029],[-89.650247,35.04507],[-89.65258,35.045112],[-89.655672,35.045201],[-89.656052,35.045199],[-89.658443,35.04529],[-89.659906,35.045331],[-89.661911,35.045376],[-89.663002,35.045402],[-89.664066,35.045425],[-89.665132,35.045455],[-89.666636,35.045509],[-89.667756,35.045547],[-89.668627,35.045572],[-89.672737,35.045702],[-89.675788,35.045777],[-89.677025,35.04581],[-89.679854,35.045878],[-89.681831,35.04593],[-89.684611,35.045988],[-89.686439,35.046022],[-89.687536,35.046051],[-89.689128,35.046117],[-89.694456,35.046246],[-89.70053,35.046368],[-89.70217,35.046424],[-89.705432,35.046513],[-89.708802,35.046881],[-89.712035,35.047235],[-89.71218,35.047251],[-89.720842,35.048243],[-89.72422,35.049166],[-89.724282,35.049182],[-89.732462,35.051607],[-89.732597,35.051642],[-89.734689,35.052436],[-89.737599,35.054239],[-89.738379,35.054627],[-89.744157,35.059501],[-89.745599,35.060427],[-89.748734,35.061638],[-89.750375,35.06196],[-89.750791,35.062021],[-89.751498,35.062088],[-89.759529,35.062798],[-89.759527,35.06296],[-89.761423,35.063002],[-89.763044,35.063092],[-89.763057,35.062814],[-89.76441,35.062666],[-89.766582,35.062427],[-89.770593,35.061905],[-89.770565,35.061738],[-89.775044,35.061363],[-89.778231,35.061776],[-89.778547,35.061837],[-89.780955,35.062285],[-89.782888,35.062677],[-89.783395,35.062794],[-89.783856,35.062929],[-89.783981,35.062966],[-89.783994,35.06297],[-89.784437,35.063139],[-89.785097,35.06345],[-89.785283,35.063552],[-89.785448,35.063661],[-89.785672,35.063809],[-89.785852,35.063948],[-89.786015,35.064082],[-89.786356,35.064403],[-89.786734,35.064828],[-89.787061,35.06531],[-89.787853,35.06664],[-89.788053,35.066976],[-89.788617,35.067921],[-89.788851,35.068306],[-89.789597,35.069528],[-89.789999,35.070143],[-89.790114,35.070291],[-89.790352,35.070584],[-89.79059,35.070843],[-89.790916,35.071164],[-89.791632,35.071738],[-89.792682,35.07258],[-89.792701,35.072595],[-89.793949,35.073581],[-89.794014,35.073631],[-89.794167,35.073726],[-89.794255,35.07375],[-89.794253,35.073819],[-89.794251,35.074028],[-89.794251,35.074066],[-89.794251,35.074098],[-89.794255,35.074475],[-89.794362,35.074513],[-89.795738,35.075497],[-89.797236,35.076677],[-89.799164,35.0782],[-89.80112,35.079742],[-89.801787,35.0802],[-89.80196,35.080307],[-89.802086,35.080378],[-89.802456,35.080567],[-89.802581,35.080631],[-89.806776,35.082805],[-89.807184,35.078138],[-89.80731,35.076858],[-89.810077,35.077426],[-89.812253,35.077466],[-89.812441,35.069391],[-89.812444,35.068094],[-89.812492,35.067075],[-89.812512,35.066599],[-89.807431,35.066523],[-89.803857,35.066514],[-89.803084,35.066501],[-89.803129,35.064171],[-89.802704,35.064176],[-89.802704,35.064061],[-89.797164,35.063956],[-89.796961,35.063532],[-89.793188,35.063749],[-89.793065,35.06375],[-89.793068,35.063597],[-89.793079,35.063139],[-89.793083,35.062987],[-89.793087,35.062746],[-89.793088,35.062716],[-89.793079,35.062176],[-89.793162,35.062056],[-89.79316,35.061927],[-89.793163,35.061859],[-89.793164,35.06181],[-89.793194,35.060388],[-89.793211,35.059588],[-89.793213,35.059466],[-89.793413,35.056208],[-89.793443,35.056072],[-89.794891,35.052748],[-89.795153,35.050492],[-89.79551,35.048326],[-89.795431,35.048322],[-89.795348,35.048385],[-89.795329,35.0484],[-89.794804,35.048385],[-89.794622,35.048381],[-89.794259,35.048371],[-89.793213,35.048353],[-89.793127,35.048352],[-89.793009,35.048349],[-89.791639,35.04832],[-89.790605,35.048302],[-89.790495,35.048301],[-89.79049,35.048237],[-89.790484,35.048149],[-89.792984,35.048201],[-89.793112,35.048203],[-89.793213,35.048204],[-89.794355,35.048227],[-89.794498,35.047472],[-89.795733,35.047416],[-89.795678,35.047642],[-89.797809,35.047437],[-89.803984,35.048395],[-89.807891,35.048931],[-89.807879,35.049742],[-89.809011,35.048833],[-89.809332,35.049913],[-89.809582,35.049947],[-89.809234,35.048862],[-89.813056,35.049793],[-89.814949,35.050044],[-89.816874,35.049802],[-89.818001,35.049192],[-89.818909,35.049745],[-89.822334,35.052364],[-89.822525,35.052528],[-89.828329,35.056243],[-89.828467,35.056338],[-89.837849,35.062215],[-89.838302,35.062482],[-89.843602,35.065459],[-89.843522,35.066689],[-89.843493,35.066858],[-89.843023,35.068598],[-89.84076,35.067562],[-89.838794,35.066066],[-89.835855,35.062833],[-89.833685,35.060554],[-89.827992,35.0569],[-89.827859,35.056817],[-89.825939,35.059003],[-89.824617,35.061251],[-89.824043,35.062938],[-89.82419,35.06415],[-89.824379,35.064117],[-89.824736,35.064915],[-89.824545,35.064937],[-89.824914,35.065775],[-89.824977,35.065911],[-89.824995,35.065956],[-89.825192,35.066436],[-89.825219,35.06651],[-89.825226,35.066528],[-89.825288,35.066698],[-89.825325,35.066788],[-89.825395,35.066957],[-89.82545,35.067053],[-89.825458,35.067083],[-89.825487,35.067195],[-89.828439,35.066736],[-89.828303,35.072533],[-89.828132,35.077671],[-89.829088,35.077691],[-89.82904,35.079206],[-89.82893,35.0828],[-89.829514,35.082804],[-89.830699,35.082841],[-89.830485,35.08759],[-89.830288,35.094451],[-89.830268,35.094708],[-89.830885,35.094797],[-89.839848,35.096057],[-89.843134,35.096558],[-89.845436,35.097179],[-89.845572,35.099319],[-89.845466,35.099294],[-89.844203,35.099071],[-89.842642,35.098796],[-89.842224,35.098725],[-89.841924,35.098657],[-89.839473,35.09826],[-89.839294,35.098236],[-89.837894,35.098059],[-89.837081,35.097964],[-89.836078,35.097848],[-89.836034,35.101423],[-89.835992,35.104789],[-89.83534,35.104817],[-89.834419,35.10484],[-89.83438,35.106177],[-89.834325,35.107853],[-89.8341,35.115573],[-89.83416,35.115668],[-89.834233,35.11603],[-89.834247,35.116162],[-89.834421,35.116195],[-89.834381,35.116338],[-89.834274,35.11642],[-89.83408,35.116442],[-89.834073,35.11683],[-89.834234,35.116893],[-89.834254,35.116947],[-89.834207,35.116991],[-89.83406,35.11709],[-89.834053,35.117497],[-89.834014,35.118594],[-89.834008,35.118735],[-89.835558,35.118899],[-89.834616,35.121127],[-89.833335,35.120948],[-89.827579,35.119681],[-89.824531,35.119236],[-89.822041,35.118532],[-89.819161,35.118156],[-89.811265,35.116682],[-89.808361,35.116163],[-89.805903,35.116362],[-89.804123,35.116934],[-89.802901,35.117316],[-89.801147,35.116938],[-89.800972,35.116909],[-89.80022,35.11975],[-89.799716,35.121598],[-89.798229,35.127098],[-89.798134,35.127446],[-89.798035,35.127815],[-89.79785,35.128493],[-89.797794,35.128703],[-89.796633,35.128511],[-89.796596,35.1286],[-89.797754,35.128842],[-89.797,35.131848],[-89.796971,35.131967],[-89.796414,35.133803],[-89.796042,35.135357],[-89.796211,35.135365],[-89.801726,35.136073],[-89.802715,35.136563],[-89.803162,35.137879],[-89.805852,35.139438],[-89.810999,35.142083],[-89.815386,35.14493],[-89.81764,35.147597],[-89.817676,35.147642],[-89.817789,35.147774],[-89.817827,35.147819],[-89.817962,35.147969],[-89.81942,35.149682],[-89.820504,35.151176],[-89.820416,35.151327],[-89.819536,35.150938],[-89.816287,35.150768],[-89.815369,35.150732],[-89.814307,35.150693],[-89.813966,35.150681],[-89.811282,35.150576],[-89.811091,35.155171],[-89.808556,35.154947],[-89.808725,35.150476],[-89.806892,35.150373],[-89.806367,35.150342],[-89.806175,35.155844],[-89.804893,35.155519],[-89.804087,35.155471],[-89.803339,35.155469],[-89.80241,35.155437],[-89.801291,35.15549],[-89.800878,35.154632],[-89.799549,35.153997],[-89.796621,35.153982],[-89.795767,35.153967],[-89.79565,35.153968],[-89.795374,35.153972],[-89.7953,35.153975],[-89.795287,35.153976],[-89.795184,35.153972],[-89.795188,35.154021],[-89.7952,35.15417],[-89.795204,35.15422],[-89.795312,35.155701],[-89.795214,35.158151],[-89.794955,35.160814],[-89.794634,35.162416],[-89.794809,35.162441],[-89.794452,35.163691],[-89.793621,35.166389],[-89.793448,35.166362],[-89.793334,35.166913],[-89.793119,35.168268],[-89.792975,35.170745],[-89.792933,35.172192],[-89.792904,35.173323],[-89.792856,35.177952],[-89.792848,35.178852],[-89.792819,35.179797],[-89.79276,35.181066],[-89.78915,35.17987],[-89.786936,35.177266],[-89.786398,35.177091],[-89.78024,35.175952],[-89.778642,35.176128],[-89.776187,35.175869],[-89.773296,35.176829],[-89.772686,35.177339],[-89.774278,35.177707],[-89.774236,35.177804],[-89.777665,35.179285],[-89.777311,35.180058],[-89.776648,35.181522],[-89.77677,35.181566],[-89.776343,35.182489],[-89.776212,35.18245],[-89.775884,35.183308],[-89.77562,35.184086],[-89.775681,35.184089],[-89.775744,35.184092],[-89.775501,35.184772],[-89.775474,35.184902],[-89.775467,35.184992],[-89.775474,35.185097],[-89.775501,35.185231],[-89.775532,35.185329],[-89.775616,35.185493],[-89.775748,35.185661],[-89.776007,35.185901],[-89.776792,35.186615],[-89.77675,35.186645],[-89.776698,35.186682],[-89.776849,35.186831],[-89.776857,35.186843],[-89.776908,35.186917],[-89.777011,35.187159],[-89.777038,35.187257],[-89.777062,35.187482],[-89.777064,35.1875],[-89.77706,35.187709],[-89.777102,35.188827],[-89.780055,35.188778],[-89.783504,35.18706],[-89.784714,35.187004],[-89.78677,35.188083],[-89.786709,35.188116],[-89.786668,35.188139],[-89.786859,35.188386],[-89.786987,35.188593],[-89.7871,35.188845],[-89.787172,35.189105],[-89.787203,35.189361],[-89.787186,35.1903],[-89.787316,35.190375],[-89.787521,35.191082],[-89.788417,35.191851],[-89.788344,35.191929],[-89.78929,35.192159],[-89.789928,35.192129],[-89.790632,35.191932],[-89.791406,35.191879],[-89.791417,35.191622],[-89.792421,35.191632],[-89.79241,35.191902],[-89.792352,35.19346],[-89.792301,35.194892],[-89.792292,35.195113],[-89.792134,35.199004],[-89.792026,35.201746],[-89.792038,35.204327],[-89.792033,35.204416],[-89.795841,35.204582],[-89.802352,35.204538],[-89.808529,35.204543],[-89.810588,35.204556],[-89.814612,35.204595],[-89.814805,35.204602],[-89.821058,35.203794],[-89.821837,35.203767],[-89.821835,35.203895],[-89.824469,35.204156],[-89.827453,35.204574],[-89.829138,35.204787],[-89.82916,35.204662],[-89.830931,35.20491],[-89.833522,35.205236],[-89.836688,35.202225],[-89.838955,35.199947],[-89.839408,35.200551],[-89.840353,35.199627],[-89.845118,35.194945],[-89.847458,35.192638],[-89.847523,35.192574],[-89.849883,35.190297],[-89.851288,35.188878],[-89.852303,35.187875],[-89.854499,35.187784],[-89.86927,35.187944],[-89.869433,35.187952],[-89.87984,35.188065],[-89.879621,35.192205],[-89.879735,35.195001],[-89.878915,35.195673],[-89.879172,35.201974],[-89.879111,35.204868],[-89.878423,35.204994],[-89.877088,35.204861],[-89.874303,35.204588],[-89.873891,35.204484],[-89.873788,35.206305],[-89.873753,35.207153],[-89.876142,35.207251],[-89.877156,35.207237],[-89.880587,35.207307],[-89.880679,35.205127],[-89.883463,35.205422],[-89.884261,35.205529],[-89.88523,35.2057],[-89.885254,35.205554],[-89.888328,35.206279],[-89.892632,35.20671],[-89.894609,35.20686],[-89.894854,35.203865],[-89.894779,35.203797],[-89.894789,35.20372],[-89.894798,35.203667],[-89.894923,35.202807],[-89.89495,35.202614],[-89.895001,35.202261],[-89.895099,35.201545],[-89.89513,35.201314],[-89.895135,35.201253],[-89.895195,35.200546],[-89.895271,35.1989],[-89.895276,35.197191],[-89.895546,35.193307],[-89.89568,35.193366],[-89.899619,35.195077],[-89.900398,35.195376],[-89.901507,35.195829],[-89.902037,35.196159],[-89.902618,35.196658],[-89.904446,35.197947],[-89.905206,35.198182],[-89.908204,35.198533],[-89.90899,35.198831],[-89.912471,35.200903],[-89.915186,35.200742],[-89.916068,35.200791],[-89.916784,35.20085],[-89.918327,35.201204],[-89.920391,35.202331],[-89.922054,35.203085],[-89.921564,35.204616],[-89.921547,35.205181],[-89.921546,35.20531],[-89.921417,35.208816],[-89.921509,35.208705],[-89.9216,35.208834],[-89.922048,35.209878],[-89.922257,35.210174],[-89.922701,35.210804],[-89.92298,35.211201],[-89.923191,35.211499],[-89.923848,35.212471],[-89.92659,35.216559],[-89.926927,35.217024],[-89.927111,35.217382],[-89.928327,35.218121],[-89.928767,35.218581],[-89.928848,35.219396],[-89.928697,35.22075],[-89.927893,35.222798],[-89.926819,35.225414],[-89.925972,35.226767],[-89.925346,35.22791],[-89.925378,35.229825],[-89.926429,35.229675],[-89.92879,35.23002],[-89.928781,35.230584],[-89.929826,35.230593],[-89.930899,35.230603],[-89.931761,35.23061],[-89.932826,35.230621],[-89.932738,35.233605],[-89.932716,35.234386],[-89.935091,35.234439],[-89.936175,35.234462],[-89.938836,35.234545],[-89.940563,35.234587],[-89.940767,35.237047],[-89.940731,35.237894],[-89.940657,35.238747],[-89.940868,35.240172],[-89.942209,35.242823],[-89.943279,35.242652],[-89.943927,35.24266],[-89.946373,35.243358],[-89.948258,35.240557],[-89.951067,35.237977],[-89.954139,35.230939],[-89.956096,35.222843],[-89.956132,35.222724],[-89.956363,35.22271],[-89.956711,35.222677],[-89.957051,35.222658],[-89.957184,35.222651],[-89.957658,35.222606],[-89.958079,35.222527],[-89.958554,35.222403],[-89.959742,35.22206],[-89.960628,35.221805],[-89.963137,35.221096],[-89.96447,35.220989],[-89.965342,35.22104],[-89.965321,35.221105],[-89.963166,35.227714],[-89.962885,35.230964],[-89.963276,35.232376],[-89.965231,35.23642],[-89.967356,35.240777],[-89.968088,35.243252],[-89.968246,35.251584],[-89.968761,35.254472],[-89.969002,35.254245],[-89.969174,35.252854],[-89.973124,35.252891],[-89.974351,35.25204],[-89.976489,35.25308],[-89.97687,35.254297],[-89.975388,35.255278],[-89.975084,35.257767],[-89.976783,35.257905],[-89.97802,35.261829],[-89.996258,35.247945],[-89.997856,35.246782],[-89.995854,35.247359],[-89.993304,35.244787],[-89.993205,35.243852],[-89.993244,35.241978],[-89.991803,35.242485],[-89.988226,35.244022],[-89.986931,35.244972],[-89.984572,35.244966],[-89.982858,35.244956],[-89.979659,35.244451],[-89.977657,35.242513],[-89.978234,35.242072],[-89.982946,35.241885],[-89.983308,35.241203],[-89.98347,35.240219],[-89.983538,35.237791],[-89.983614,35.236965],[-89.986355,35.236925],[-89.987174,35.237044],[-89.988717,35.23707],[-89.988745,35.237065],[-89.990835,35.236689],[-89.991781,35.236446],[-89.993423,35.235849],[-89.993432,35.235088],[-89.993438,35.234503],[-89.993623,35.232461],[-89.99352,35.231228],[-89.993255,35.228139],[-89.989922,35.228082],[-89.986041,35.227946],[-89.983846,35.2279],[-89.982913,35.229146],[-89.982303,35.232022],[-89.980585,35.232144],[-89.980312,35.232211],[-89.980319,35.230032],[-89.980356,35.227782],[-89.980449,35.223465],[-89.980632,35.220146],[-89.9802,35.219319],[-89.978705,35.219907],[-89.975553,35.221108],[-89.975536,35.21823],[-89.975567,35.213699],[-89.975582,35.21176],[-89.975591,35.21083],[-89.975604,35.209085],[-89.975679,35.208093],[-89.975713,35.207188],[-89.97572,35.206235],[-89.975737,35.204743],[-89.97578,35.203678],[-89.975798,35.202095],[-89.975807,35.200683],[-89.975817,35.199177],[-89.975784,35.1965],[-89.975717,35.191865],[-89.975859,35.191865],[-89.993505,35.192901],[-89.997678,35.192927],[-90.00785,35.192041],[-90.007845,35.193438],[-90.008,35.193307],[-90.007847,35.196498],[-90.008905,35.19647],[-90.012531,35.196559],[-90.01261,35.193285],[-90.014255,35.193331],[-90.014112,35.197362],[-90.014044,35.199589],[-90.015598,35.199599],[-90.016576,35.200899],[-90.017289,35.200613],[-90.020219,35.200671],[-90.02114,35.201749],[-90.023317,35.201308],[-90.024692,35.201975],[-90.028759,35.203128],[-90.029891,35.203401],[-90.033825,35.203448],[-90.033341,35.205972],[-90.030099,35.208653],[-90.02845,35.210627],[-90.023331,35.216887],[-90.017984,35.223344],[-90.019028,35.223201],[-90.019819,35.225381],[-90.020799,35.225398],[-90.02308,35.225457],[-90.024901,35.223319],[-90.026157,35.221866],[-90.027261,35.220566],[-90.028094,35.21958],[-90.028512,35.219087],[-90.030193,35.21685],[-90.030909,35.215716],[-90.031496,35.214345],[-90.031715,35.213658],[-90.031804,35.213353],[-90.03193,35.212947],[-90.031989,35.212691],[-90.03213,35.212057],[-90.032166,35.211859],[-90.032275,35.21186],[-90.034771,35.211932],[-90.035354,35.211949],[-90.036107,35.211971],[-90.037175,35.212002],[-90.03774,35.21202],[-90.038872,35.212037],[-90.039973,35.212069],[-90.04108,35.212102],[-90.042035,35.212127],[-90.042634,35.212148],[-90.042762,35.212723],[-90.044074,35.212582],[-90.045018,35.212608],[-90.045961,35.212634],[-90.045948,35.214364],[-90.057672,35.214563],[-90.061231,35.2122],[-90.063259,35.210772],[-90.06367,35.210908],[-90.077163,35.211033],[-90.078207,35.209669],[-90.079429,35.208788],[-90.079819,35.208576],[-90.080451,35.208504],[-90.080923,35.208585],[-90.083161,35.209816],[-90.085695,35.211299],[-90.087473,35.212076],[-90.088412,35.212328],[-90.088985,35.21198],[-90.08963,35.21019],[-90.091518,35.205922],[-90.094201,35.201766],[-90.095995,35.197037],[-90.096487,35.195109],[-90.097253,35.194829],[-90.103886,35.197691],[-90.108707,35.199263],[-90.115657,35.198812],[-90.116156,35.198463],[-90.117265,35.19166],[-90.117191,35.188297],[-90.116459,35.186266],[-90.11365,35.183293],[-90.109341,35.181877],[-90.108138,35.181571],[-90.107221,35.177123],[-90.105608,35.17452],[-90.102687,35.171964],[-90.0981,35.169005],[-90.09384,35.167332],[-90.088578,35.16412],[-90.082411,35.161218],[-90.079554,35.159708],[-90.073181,35.157464],[-90.071768,35.157108],[-90.070396,35.1567],[-90.069358,35.156329],[-90.068673,35.155999],[-90.068236,35.15567],[-90.067271,35.154512],[-90.066711,35.153709],[-90.06633,35.153135],[-90.066261,35.153017],[-90.065043,35.150575],[-90.064298,35.148091],[-90.063999,35.145231],[-90.064399,35.14182],[-90.06566,35.138375],[-90.066547,35.136844],[-90.072915,35.129333],[-90.074402,35.127865],[-90.075103,35.127184],[-90.075194,35.127096],[-90.078239,35.12446],[-90.082623,35.121326],[-90.086543,35.119286],[-90.089667,35.118053],[-90.093117,35.117599],[-90.097167,35.117627],[-90.103756,35.118729],[-90.106838,35.119445],[-90.110293,35.120657],[-90.1291,35.128466],[-90.136379,35.13139],[-90.140857,35.132904],[-90.142437,35.133134],[-90.147147,35.133054],[-90.15068,35.132477],[-90.154697,35.130924],[-90.160993,35.127053],[-90.167358,35.123585],[-90.172332,35.118914],[-90.174638,35.115684],[-90.176717,35.11102],[-90.179927,35.099814],[-90.181374,35.094013],[-90.181528,35.090029],[-90.180987,35.084993],[-90.179698,35.081427],[-90.178513,35.079811],[-90.175611,35.077484],[-90.17499,35.076359],[-90.175244,35.073553],[-90.176759,35.069736],[-90.177615,35.063842],[-90.178987,35.059523],[-90.180494,35.055646],[-90.182777,35.050903],[-90.186547,35.045423],[-90.191217,35.040213],[-90.196797,35.035063],[-90.206997,35.025849],[-90.209841,35.025396],[-90.213233,35.025502],[-90.216924,35.026415],[-90.225914,35.029476],[-90.232352,35.03124],[-90.237014,35.032172],[-90.242059,35.03268],[-90.245347,35.032528],[-90.250661,35.031642],[-90.252342,35.031754],[-90.253726,35.032413],[-90.25674,35.035076],[-90.261703,35.036226],[-90.263124,35.037199],[-90.263031,35.038466],[-90.26436,35.0403],[-90.265984,35.04062],[-90.273208,35.040922],[-90.275488,35.040713],[-90.281499,35.040937],[-90.286122,35.041589],[-90.290335,35.041623],[-90.293518,35.040963],[-90.29519,35.039973],[-90.296968,35.038175],[-90.297981,35.034982],[-90.298402,35.03251],[-90.30012,35.02906],[-90.300648,35.027348],[-90.303557,35.023696],[-90.305612,35.019578],[-90.306062,35.016472],[-90.305976,35.014848],[-90.305206,35.013639],[-90.308033,35.011324],[-90.308959,35.010104],[-90.310047,35.007455],[-90.310144,35.007094],[-90.310298,35.004295],[-90.309991,35.000417],[-90.308361,34.995694],[-90.302645,34.995687],[-90.290696,34.995494],[-90.250333,34.995526],[-90.246957,34.99553],[-90.237724,34.995542],[-90.216191,34.995349],[-90.196051,34.995169],[-90.167012,34.994909],[-90.148438,34.994785],[-90.13786,34.994715],[-90.137647,34.994714],[-90.136745,34.994708],[-90.127607,34.994684],[-90.096338,34.994762],[-90.087655,34.994826],[-90.075391,34.994916],[-90.060784,34.994854],[-90.043036,34.994964],[-90.031329,34.994861],[-90.025072,34.994858],[-90.010336,34.994948],[-90.009281,34.994954],[-90.008154,34.994961],[-90.00352,34.994993],[-90.002549,34.995],[-90.002264,34.995002],[-89.989906,34.995089]],[[-90.008091,35.187723],[-90.008076,35.188253],[-90.007863,35.19166],[-89.999661,35.192495],[-89.993394,35.192585],[-89.992712,35.190473],[-89.993192,35.190562],[-89.99783,35.18929],[-89.998053,35.189421],[-90.0003,35.189055],[-90.001388,35.18877],[-90.002778,35.188478],[-90.004,35.188179],[-90.005346,35.187974],[-90.006071,35.187813],[-90.006414,35.187844],[-90.006668,35.187867],[-90.006921,35.18789],[-90.008091,35.187723]]],[[[-89.877104,35.203449],[-89.876706,35.201673],[-89.875729,35.20159],[-89.875731,35.203444],[-89.877104,35.203449]]]]}}]}