{"type":"FeatureCollection","features":[{"type":"Feature","properties":{"id":1,"NAME":"1","TotalPop":784672,"PopDevPct":-1.2e-7,"DemPct":0.46665913,"RepPct":0.51581295,"WhitePct":0.73055813,"MinorityPct":0.26944187,"BlackPct":0.14171844,"HispanicPct":0.0445099,"PacificPct":0.00171929,"AsianPct":0.06342043,"NativePct":0.0184455,"TotalVAP":610718,"Margin":-0.03334087,"color":"#820000","opacity":"0.5"},"geometry":{"type":"MultiPolygon","coordinates":[[[[-77.516641,37.776693],[-77.519807,37.778663],[-77.520735,37.77826],[-77.525465,37.77787],[-77.52998,37.776506],[-77.531321,37.775298],[-77.53568,37.774715],[-77.545465,37.7779],[-77.547482,37.777938],[-77.548935,37.777027],[-77.551665,37.776224],[-77.553633,37.775625],[-77.554607,37.777736],[-77.552436,37.778232],[-77.54044,37.790983],[-77.539746,37.791714],[-77.540525,37.792311],[-77.541328,37.792943],[-77.543369,37.794499],[-77.546327,37.795873],[-77.549155,37.796819],[-77.54926,37.796854],[-77.549832,37.796252],[-77.550079,37.795596],[-77.550477,37.794999],[-77.551008,37.794491],[-77.551419,37.793899],[-77.552242,37.793473],[-77.553137,37.793359],[-77.554131,37.793709],[-77.554941,37.79379],[-77.555984,37.793734],[-77.557249,37.793285],[-77.557863,37.793172],[-77.55872,37.793198],[-77.559671,37.793237],[-77.559928,37.793551],[-77.560567,37.794854],[-77.561224,37.795145],[-77.562075,37.795173],[-77.56431,37.795809],[-77.565668,37.796463],[-77.566485,37.797182],[-77.567868,37.799272],[-77.568082,37.799703],[-77.56824,37.800438],[-77.568931,37.801572],[-77.569715,37.80249],[-77.569773,37.802728],[-77.571096,37.803538],[-77.571868,37.804092],[-77.572971,37.804728],[-77.573587,37.804959],[-77.573997,37.804962],[-77.574826,37.804674],[-77.575412,37.804095],[-77.575567,37.803686],[-77.57582,37.801671],[-77.57631,37.799718],[-77.576327,37.798973],[-77.576002,37.798015],[-77.574879,37.796387],[-77.574114,37.795596],[-77.574056,37.795283],[-77.574481,37.794591],[-77.576075,37.793219],[-77.577564,37.791677],[-77.577584,37.791537],[-77.578754,37.790275],[-77.579885,37.789645],[-77.580691,37.788805],[-77.581205,37.788021],[-77.581612,37.787598],[-77.581845,37.786965],[-77.582666,37.786308],[-77.584127,37.785519],[-77.584707,37.784761],[-77.584828,37.784171],[-77.585256,37.78331],[-77.585413,37.782783],[-77.585493,37.782514],[-77.58571,37.782201],[-77.586234,37.781215],[-77.586505,37.78093],[-77.586625,37.780879],[-77.586826,37.780794],[-77.58703,37.780604],[-77.587543,37.779613],[-77.587643,37.779492],[-77.587727,37.77939],[-77.587793,37.779323],[-77.588072,37.779088],[-77.58862,37.778737],[-77.588768,37.778606],[-77.589044,37.778563],[-77.589441,37.778489],[-77.589938,37.778497],[-77.591031,37.778557],[-77.591621,37.778513],[-77.592254,37.778315],[-77.592573,37.777994],[-77.592639,37.777895],[-77.593506,37.776608],[-77.594653,37.775192],[-77.595448,37.774459],[-77.596171,37.773992],[-77.596699,37.773912],[-77.597549,37.774027],[-77.598711,37.77433],[-77.599445,37.774333],[-77.600087,37.774517],[-77.60085,37.774343],[-77.601066,37.774076],[-77.600999,37.77373],[-77.599868,37.77262],[-77.599308,37.772382],[-77.598729,37.771801],[-77.597958,37.771675],[-77.597421,37.771475],[-77.596799,37.770827],[-77.596663,37.769944],[-77.596406,37.769116],[-77.596643,37.768263],[-77.597111,37.767881],[-77.597594,37.767688],[-77.598183,37.767666],[-77.600058,37.768135],[-77.600768,37.768201],[-77.600944,37.768422],[-77.601377,37.76844],[-77.602123,37.768693],[-77.603308,37.769251],[-77.603624,37.769224],[-77.604286,37.768797],[-77.604618,37.768346],[-77.604883,37.767706],[-77.605189,37.767312],[-77.60571,37.766968],[-77.607124,37.766321],[-77.607759,37.765814],[-77.608699,37.764549],[-77.609352,37.763539],[-77.61159,37.76113],[-77.612334,37.759858],[-77.612447,37.759962],[-77.612862,37.75961],[-77.613809,37.759132],[-77.614708,37.758967],[-77.615856,37.759076],[-77.616977,37.759274],[-77.617662,37.759191],[-77.617945,37.759366],[-77.617932,37.75974],[-77.618479,37.760503],[-77.619115,37.76092],[-77.619683,37.761073],[-77.62092,37.760919],[-77.621868,37.76054],[-77.622366,37.760495],[-77.62413,37.760906],[-77.624999,37.760669],[-77.62549,37.760328],[-77.627801,37.759132],[-77.628784,37.758441],[-77.629234,37.757909],[-77.62974,37.757019],[-77.630162,37.755911],[-77.631421,37.755741],[-77.631684,37.755884],[-77.63205,37.756494],[-77.633377,37.757098],[-77.633246,37.757449],[-77.633224,37.758476],[-77.633362,37.759179],[-77.633673,37.759942],[-77.63381,37.761041],[-77.633969,37.761249],[-77.634737,37.76136],[-77.635096,37.761535],[-77.636265,37.762404],[-77.637364,37.762679],[-77.638153,37.762734],[-77.639024,37.763212],[-77.639438,37.763618],[-77.639971,37.763888],[-77.640655,37.764684],[-77.641166,37.76482],[-77.641253,37.764611],[-77.640724,37.764481],[-77.640123,37.763805],[-77.638519,37.762701],[-77.637295,37.762547],[-77.636382,37.762255],[-77.634986,37.761283],[-77.63399,37.760898],[-77.63388,37.759921],[-77.633439,37.75852],[-77.633384,37.757988],[-77.633556,37.757144],[-77.635013,37.757154],[-77.634787,37.756087],[-77.633565,37.754684],[-77.63436,37.753882],[-77.631414,37.752347],[-77.631316,37.752304],[-77.631921,37.751849],[-77.633185,37.751815],[-77.633701,37.752089],[-77.634346,37.751835],[-77.635257,37.751244],[-77.636007,37.750576],[-77.636715,37.74971],[-77.637115,37.748534],[-77.637968,37.747457],[-77.638712,37.747364],[-77.639926,37.747887],[-77.641972,37.749266],[-77.643047,37.750078],[-77.643704,37.751035],[-77.644534,37.75284],[-77.645571,37.753957],[-77.646007,37.754802],[-77.646067,37.756612],[-77.646174,37.75692],[-77.646512,37.757086],[-77.647649,37.757125],[-77.648669,37.756744],[-77.649463,37.755926],[-77.649463,37.754517],[-77.650828,37.751381],[-77.650905,37.750711],[-77.650833,37.749967],[-77.650955,37.749443],[-77.651209,37.749066],[-77.651657,37.748835],[-77.652476,37.748786],[-77.654019,37.747932],[-77.653997,37.74783],[-77.652689,37.745191],[-77.648158,37.741427],[-77.645673,37.739471],[-77.645326,37.737872],[-77.644857,37.732371],[-77.644673,37.7287],[-77.641322,37.731281],[-77.624577,37.726419],[-77.620552,37.725855],[-77.623455,37.723615],[-77.625881,37.724239],[-77.63432,37.726974],[-77.635202,37.726964],[-77.640458,37.725795],[-77.639248,37.722553],[-77.63975,37.720538],[-77.639929,37.715881],[-77.638616,37.713507],[-77.638517,37.712606],[-77.636694,37.709743],[-77.636168,37.706545],[-77.63067,37.705673],[-77.632984,37.699881],[-77.634782,37.694888],[-77.637748,37.686671],[-77.641907,37.687887],[-77.641595,37.684589],[-77.641702,37.681543],[-77.641912,37.680337],[-77.64284,37.679312],[-77.640892,37.678039],[-77.641561,37.676611],[-77.642614,37.674369],[-77.644357,37.669364],[-77.644594,37.668679],[-77.644211,37.668023],[-77.645455,37.66488],[-77.64593,37.663664],[-77.646054,37.662204],[-77.646068,37.662016],[-77.646185,37.659219],[-77.649356,37.659367],[-77.649437,37.659187],[-77.649197,37.658806],[-77.649241,37.658662],[-77.649189,37.658332],[-77.64931,37.658208],[-77.649423,37.658031],[-77.649673,37.657791],[-77.6499,37.657369],[-77.649987,37.657327],[-77.650012,37.657174],[-77.64991,37.657021],[-77.648563,37.656904],[-77.649134,37.655339],[-77.649146,37.65531],[-77.649712,37.653768],[-77.64958,37.65129],[-77.649635,37.650989],[-77.649645,37.650911],[-77.65121,37.64744],[-77.651914,37.646537],[-77.652901,37.645013],[-77.65349,37.643407],[-77.654452,37.640725],[-77.654118,37.640182],[-77.653937,37.63955],[-77.653604,37.634319],[-77.652001,37.632112],[-77.652052,37.630897],[-77.651808,37.629123],[-77.650621,37.624188],[-77.650657,37.624039],[-77.650886,37.62313],[-77.651025,37.622712],[-77.651039,37.622639],[-77.65107,37.622553],[-77.651142,37.622399],[-77.651157,37.622367],[-77.651254,37.622153],[-77.651503,37.621626],[-77.651539,37.621531],[-77.651667,37.621193],[-77.651691,37.621107],[-77.651742,37.620913],[-77.651769,37.620814],[-77.651803,37.620685],[-77.65181,37.620654],[-77.651983,37.619912],[-77.652083,37.619186],[-77.651857,37.618152],[-77.651887,37.617906],[-77.651905,37.617776],[-77.651926,37.617656],[-77.651935,37.61761],[-77.651955,37.617499],[-77.651961,37.617463],[-77.652023,37.617442],[-77.652073,37.617426],[-77.652094,37.617399],[-77.652103,37.617369],[-77.652087,37.617334],[-77.652127,37.617301],[-77.652139,37.617291],[-77.652156,37.617252],[-77.651137,37.616141],[-77.646566,37.613787],[-77.644431,37.613914],[-77.64437,37.613933],[-77.644283,37.613966],[-77.644247,37.613982],[-77.643497,37.614104],[-77.641753,37.611785],[-77.641819,37.610368],[-77.640799,37.608844],[-77.64084,37.607765],[-77.641161,37.607614],[-77.641557,37.607082],[-77.641732,37.606628],[-77.64167,37.605965],[-77.641272,37.605357],[-77.64132,37.604784],[-77.640692,37.603406],[-77.640243,37.60269],[-77.64009,37.602541],[-77.639952,37.602438],[-77.639542,37.602246],[-77.639408,37.602229],[-77.639148,37.602255],[-77.638975,37.602246],[-77.638832,37.602218],[-77.638656,37.602147],[-77.638463,37.602117],[-77.63834,37.602123],[-77.638128,37.602185],[-77.638009,37.602237],[-77.6379,37.602261],[-77.637611,37.602296],[-77.637472,37.602286],[-77.637338,37.602261],[-77.637195,37.602211],[-77.63701,37.602156],[-77.636871,37.602093],[-77.636748,37.602011],[-77.636636,37.601948],[-77.636484,37.601897],[-77.636405,37.601881],[-77.636322,37.601881],[-77.636259,37.601894],[-77.636146,37.601931],[-77.636023,37.601942],[-77.635953,37.601929],[-77.635829,37.601877],[-77.635819,37.60184],[-77.635818,37.601656],[-77.635773,37.601583],[-77.635726,37.601551],[-77.635593,37.601537],[-77.635526,37.601545],[-77.635451,37.60157],[-77.635334,37.601633],[-77.635158,37.601714],[-77.635062,37.601753],[-77.634949,37.60179],[-77.634839,37.601815],[-77.634651,37.60184],[-77.634446,37.601844],[-77.634344,37.601855],[-77.634217,37.601918],[-77.634095,37.602018],[-77.634043,37.602027],[-77.633964,37.602022],[-77.633899,37.601995],[-77.633709,37.601802],[-77.633457,37.601592],[-77.633395,37.601553],[-77.633238,37.60147],[-77.633194,37.601439],[-77.633147,37.601383],[-77.633077,37.601243],[-77.633012,37.601146],[-77.63297,37.601109],[-77.632902,37.601098],[-77.632813,37.601099],[-77.632704,37.601087],[-77.632611,37.601048],[-77.632501,37.600962],[-77.632455,37.600936],[-77.632282,37.600817],[-77.632158,37.600768],[-77.63194,37.600691],[-77.631814,37.600639],[-77.631584,37.600548],[-77.631365,37.600524],[-77.630993,37.60054],[-77.630915,37.600584],[-77.630853,37.600606],[-77.630744,37.600631],[-77.630675,37.600635],[-77.630577,37.600621],[-77.630482,37.600584],[-77.630373,37.600493],[-77.630248,37.600428],[-77.630137,37.600404],[-77.630065,37.60038],[-77.62989,37.600309],[-77.629653,37.600227],[-77.629108,37.600104],[-77.628975,37.60006],[-77.628577,37.599976],[-77.628403,37.599916],[-77.628333,37.599908],[-77.628118,37.599769],[-77.627983,37.599702],[-77.627822,37.599613],[-77.627485,37.599433],[-77.627261,37.599319],[-77.6269,37.599146],[-77.62679,37.599077],[-77.626682,37.599043],[-77.626551,37.598984],[-77.6264,37.598865],[-77.626332,37.598767],[-77.626344,37.598682],[-77.626325,37.598596],[-77.626332,37.598457],[-77.626285,37.598347],[-77.626195,37.598259],[-77.626085,37.598215],[-77.626054,37.598191],[-77.626018,37.59811],[-77.626015,37.598045],[-77.626031,37.597944],[-77.626056,37.597837],[-77.626042,37.596611],[-77.627589,37.59578],[-77.628269,37.594723],[-77.628296,37.594691],[-77.628326,37.594593],[-77.628323,37.594495],[-77.628299,37.594404],[-77.628288,37.594376],[-77.628284,37.594366],[-77.628235,37.594294],[-77.628183,37.594217],[-77.628083,37.594069],[-77.627936,37.593853],[-77.627866,37.593733],[-77.627784,37.593626],[-77.627705,37.593538],[-77.627681,37.593512],[-77.627599,37.593425],[-77.627545,37.593331],[-77.627497,37.593211],[-77.627443,37.593108],[-77.626422,37.591346],[-77.625397,37.590711],[-77.62516,37.590575],[-77.624757,37.590168],[-77.624473,37.589962],[-77.624008,37.589785],[-77.623525,37.589715],[-77.623247,37.589712],[-77.622781,37.589748],[-77.622309,37.589763],[-77.622052,37.589809],[-77.621684,37.589945],[-77.621286,37.589989],[-77.620929,37.589982],[-77.620624,37.589953],[-77.620383,37.589918],[-77.620062,37.589819],[-77.619876,37.589712],[-77.619372,37.589568],[-77.619175,37.589489],[-77.618716,37.589256],[-77.618321,37.588974],[-77.618134,37.588719],[-77.618087,37.588456],[-77.618165,37.588053],[-77.618352,37.587748],[-77.618368,37.587558],[-77.618371,37.586883],[-77.618892,37.584881],[-77.618229,37.581697],[-77.618057,37.581258],[-77.617145,37.580606],[-77.616805,37.579652],[-77.616296,37.578566],[-77.616351,37.577867],[-77.616491,37.577428],[-77.617067,37.577086],[-77.617991,37.576893],[-77.620076,37.577051],[-77.620618,37.576896],[-77.620768,37.576852],[-77.624191,37.575752],[-77.624457,37.575767],[-77.627991,37.57683],[-77.630474,37.576726],[-77.632377,37.575537],[-77.634507,37.573217],[-77.635688,37.57138],[-77.636189,37.568915],[-77.63626,37.568699],[-77.636248,37.568553],[-77.636134,37.568281],[-77.635889,37.568049],[-77.635518,37.567841],[-77.634563,37.567561],[-77.633936,37.567326],[-77.634095,37.567161],[-77.634255,37.567066],[-77.634561,37.567011],[-77.634822,37.566921],[-77.634906,37.566815],[-77.634898,37.566704],[-77.634677,37.566269],[-77.634667,37.566036],[-77.634791,37.565895],[-77.634956,37.56582],[-77.635179,37.565816],[-77.635622,37.565973],[-77.635773,37.565993],[-77.636332,37.565959],[-77.636731,37.56596],[-77.636926,37.56599],[-77.637241,37.56609],[-77.637606,37.566399],[-77.637913,37.566582],[-77.638446,37.566713],[-77.63871,37.56674],[-77.639004,37.566692],[-77.639125,37.566633],[-77.639675,37.566442],[-77.640001,37.566355],[-77.640325,37.566364],[-77.640794,37.566499],[-77.641131,37.566629],[-77.64159,37.566754],[-77.642138,37.566783],[-77.642518,37.566716],[-77.643284,37.566377],[-77.643746,37.566262],[-77.644079,37.566246],[-77.64469,37.566322],[-77.644946,37.566303],[-77.646128,37.566282],[-77.646418,37.566299],[-77.646778,37.566356],[-77.647107,37.566378],[-77.648215,37.566324],[-77.64911,37.566182],[-77.649391,37.566086],[-77.65003,37.565938],[-77.650372,37.565872],[-77.650818,37.565736],[-77.651838,37.565513],[-77.652228,37.565387],[-77.652599,37.56542],[-77.652847,37.565409],[-77.653113,37.565277],[-77.653331,37.5651],[-77.653531,37.564821],[-77.653713,37.564805],[-77.653748,37.564851],[-77.655374,37.564014],[-77.655399,37.563986],[-77.6557,37.56287],[-77.655766,37.562626],[-77.656244,37.56085],[-77.663124,37.556131],[-77.665331,37.554548],[-77.668528,37.552044],[-77.669631,37.551265],[-77.672635,37.549132],[-77.676264,37.546678],[-77.67944,37.544245],[-77.683011,37.541783],[-77.687392,37.538672],[-77.68998,37.536808],[-77.691684,37.535577],[-77.694758,37.53332],[-77.696586,37.532046],[-77.6969,37.531822],[-77.706437,37.52496],[-77.70765,37.524069],[-77.712851,37.520144],[-77.715874,37.517862],[-77.723843,37.512146],[-77.724164,37.511915],[-77.732333,37.506239],[-77.732376,37.506209],[-77.732738,37.506021],[-77.739807,37.500818],[-77.742803,37.498611],[-77.74619,37.495983],[-77.747867,37.494682],[-77.749717,37.493785],[-77.757322,37.488281],[-77.762624,37.484492],[-77.762699,37.484437],[-77.769047,37.479836],[-77.775412,37.475213],[-77.777616,37.473619],[-77.787489,37.466461],[-77.79784,37.458961],[-77.79799,37.456719],[-77.797509,37.454423],[-77.797509,37.451041],[-77.798852,37.447505],[-77.798494,37.446308],[-77.798798,37.444886],[-77.802738,37.440009],[-77.803983,37.438797],[-77.804989,37.437633],[-77.805609,37.435711],[-77.804927,37.434679],[-77.805562,37.433652],[-77.806407,37.431703],[-77.808597,37.429847],[-77.807977,37.429529],[-77.807964,37.42742],[-77.809189,37.426108],[-77.809809,37.426095],[-77.812081,37.42585],[-77.81553,37.425048],[-77.817086,37.424181],[-77.819743,37.423829],[-77.823061,37.423016],[-77.826696,37.422445],[-77.830331,37.422395],[-77.833436,37.422723],[-77.835937,37.421306],[-77.83791,37.420246],[-77.840346,37.418198],[-77.84299,37.418949],[-77.845377,37.41695],[-77.846726,37.415121],[-77.848811,37.414862],[-77.851111,37.416152],[-77.850988,37.416932],[-77.853384,37.41855],[-77.85496,37.41838],[-77.855148,37.418363],[-77.85509,37.417846],[-77.856014,37.417113],[-77.856994,37.415407],[-77.858178,37.41475],[-77.85874,37.414544],[-77.859457,37.414652],[-77.860866,37.415156],[-77.861583,37.415265],[-77.863197,37.41569],[-77.864275,37.416217],[-77.866307,37.416944],[-77.866914,37.417197],[-77.867729,37.417284],[-77.868848,37.417271],[-77.869385,37.417352],[-77.869897,37.417539],[-77.87091,37.417765],[-77.871193,37.417905],[-77.871602,37.41816],[-77.871891,37.418371],[-77.872589,37.418491],[-77.873339,37.418277],[-77.874408,37.417711],[-77.874854,37.417386],[-77.875093,37.417137],[-77.875269,37.4168],[-77.875486,37.416015],[-77.875432,37.415953],[-77.875444,37.415336],[-77.875323,37.4147],[-77.875268,37.414546],[-77.875108,37.413686],[-77.874992,37.412491],[-77.874966,37.412184],[-77.874876,37.411675],[-77.87441,37.41055],[-77.87436,37.409998],[-77.874132,37.409418],[-77.873891,37.408509],[-77.873917,37.408404],[-77.873744,37.407978],[-77.873761,37.407908],[-77.873532,37.407328],[-77.873007,37.406631],[-77.872744,37.406191],[-77.872589,37.405786],[-77.872462,37.405639],[-77.872315,37.405108],[-77.872136,37.404136],[-77.872154,37.404066],[-77.872213,37.403639],[-77.87213,37.403408],[-77.872165,37.403268],[-77.87199,37.40266],[-77.871716,37.402073],[-77.87166,37.401737],[-77.871655,37.401191],[-77.871802,37.400596],[-77.87181,37.399434],[-77.8717,37.399126],[-77.871546,37.398883],[-77.871201,37.398324],[-77.870406,37.397404],[-77.869793,37.396875],[-77.867779,37.394498],[-77.867435,37.39401],[-77.867388,37.393821],[-77.867398,37.392841],[-77.867554,37.39221],[-77.868015,37.391753],[-77.868576,37.391456],[-77.86937,37.391249],[-77.870042,37.391351],[-77.871137,37.391807],[-77.871361,37.391841],[-77.871433,37.391924],[-77.871917,37.392034],[-77.872687,37.392114],[-77.872982,37.392049],[-77.873168,37.391859],[-77.873289,37.391369],[-77.8733,37.390571],[-77.873465,37.389905],[-77.874091,37.388872],[-77.874368,37.387751],[-77.874339,37.387492],[-77.874486,37.386896],[-77.874644,37.38663],[-77.875,37.386388],[-77.875392,37.386174],[-77.875892,37.386031],[-77.876266,37.385833],[-77.877038,37.38515],[-77.877826,37.384215],[-77.878232,37.383513],[-77.878422,37.382742],[-77.878271,37.381847],[-77.877527,37.37959],[-77.877127,37.378766],[-77.877153,37.378661],[-77.876835,37.378067],[-77.87674,37.377508],[-77.876744,37.376927],[-77.876672,37.376843],[-77.876793,37.376352],[-77.876856,37.375344],[-77.87698,37.375],[-77.877102,37.374867],[-77.877205,37.374446],[-77.877133,37.374363],[-77.877185,37.374152],[-77.877081,37.373446],[-77.877125,37.373362],[-77.87674,37.37125],[-77.876573,37.369479],[-77.876597,37.369192],[-77.876867,37.368288],[-77.877358,37.367235],[-77.877357,37.367053],[-77.877556,37.366247],[-77.877171,37.365171],[-77.8766,37.364285],[-77.87548,37.362989],[-77.87489,37.362565],[-77.873789,37.362384],[-77.872454,37.36259],[-77.871045,37.362778],[-77.868973,37.362941],[-77.867276,37.362997],[-77.86534,37.362962],[-77.863758,37.3629],[-77.862623,37.362747],[-77.86187,37.362597],[-77.861314,37.362404],[-77.860946,37.362203],[-77.859613,37.36102],[-77.859245,37.360818],[-77.8591,37.360651],[-77.85893,37.360589],[-77.858075,37.359914],[-77.857318,37.359218],[-77.856643,37.358753],[-77.855862,37.358344],[-77.854477,37.357371],[-77.853849,37.357094],[-77.853696,37.356961],[-77.852844,37.356651],[-77.852493,37.35638],[-77.852005,37.355724],[-77.851804,37.354867],[-77.851784,37.354684],[-77.851733,37.354192],[-77.851844,37.353555],[-77.852098,37.352902],[-77.852556,37.351045],[-77.852682,37.349973],[-77.852718,37.348888],[-77.852376,37.347637],[-77.851823,37.346681],[-77.851163,37.345781],[-77.850541,37.345105],[-77.849939,37.344723],[-77.848218,37.344172],[-77.846503,37.343221],[-77.844646,37.342467],[-77.843263,37.341676],[-77.842016,37.341087],[-77.841018,37.340427],[-77.840282,37.340025],[-77.839381,37.339161],[-77.838869,37.338793],[-77.838277,37.338558],[-77.837346,37.33838],[-77.835389,37.338411],[-77.832578,37.337949],[-77.828995,37.338169],[-77.82764,37.338582],[-77.825807,37.338485],[-77.822866,37.338549],[-77.82098,37.338481],[-77.8175,37.338098],[-77.816667,37.337899],[-77.815036,37.337361],[-77.81387,37.33682],[-77.812617,37.33663],[-77.811544,37.336649],[-77.809801,37.336566],[-77.809264,37.336485],[-77.808236,37.336511],[-77.807109,37.336376],[-77.806723,37.336245],[-77.806013,37.335737],[-77.805233,37.335328],[-77.804195,37.335207],[-77.803151,37.335484],[-77.802337,37.335397],[-77.800526,37.334649],[-77.798611,37.334322],[-77.797462,37.333712],[-77.796507,37.332694],[-77.79636,37.332163],[-77.796927,37.330249],[-77.797156,37.329884],[-77.798567,37.328498],[-77.798686,37.327644],[-77.798413,37.327057],[-77.797576,37.326312],[-77.796528,37.325953],[-77.796141,37.325548],[-77.795948,37.324828],[-77.796024,37.324331],[-77.796254,37.323966],[-77.796967,37.32371],[-77.798134,37.323124],[-77.798984,37.322126],[-77.799579,37.321598],[-77.800081,37.320693],[-77.800265,37.320139],[-77.800847,37.3191],[-77.801245,37.318616],[-77.801682,37.318445],[-77.802336,37.318454],[-77.803407,37.318508],[-77.804478,37.318307],[-77.806037,37.317634],[-77.80716,37.317223],[-77.808121,37.316714],[-77.808857,37.31599],[-77.809013,37.315359],[-77.808995,37.31412],[-77.808793,37.312308],[-77.80847,37.310987],[-77.807798,37.309576],[-77.807565,37.308268],[-77.807421,37.306973],[-77.807042,37.305316],[-77.80675,37.304526],[-77.80587,37.303865],[-77.80491,37.303429],[-77.804111,37.302907],[-77.803448,37.302589],[-77.802047,37.301685],[-77.79863,37.29993],[-77.797143,37.299376],[-77.796427,37.299268],[-77.79608,37.29936],[-77.793908,37.299321],[-77.79203,37.299036],[-77.790097,37.298597],[-77.789193,37.298314],[-77.788529,37.297995],[-77.787876,37.297823],[-77.785976,37.297061],[-77.785133,37.296533],[-77.784864,37.296492],[-77.783803,37.295531],[-77.782359,37.294802],[-77.781631,37.294182],[-77.780285,37.29325],[-77.779278,37.292443],[-77.778837,37.291976],[-77.777803,37.291091],[-77.775145,37.289087],[-77.773997,37.288476],[-77.772588,37.287607],[-77.771079,37.286396],[-77.770639,37.28611],[-77.769434,37.284982],[-77.769109,37.284423],[-77.768487,37.282438],[-77.768346,37.281325],[-77.76833,37.28045],[-77.768219,37.279779],[-77.768248,37.27891],[-77.768407,37.277335],[-77.76829,37.275935],[-77.767989,37.275089],[-77.766737,37.27359],[-77.766117,37.273095],[-77.764633,37.271597],[-77.763546,37.27074],[-77.762112,37.269976],[-77.760957,37.269582],[-77.759569,37.269007],[-77.75862,37.268717],[-77.753578,37.267913],[-77.752301,37.267827],[-77.75105,37.267818],[-77.750801,37.267889],[-77.748892,37.267688],[-77.747596,37.26749],[-77.745601,37.266932],[-77.744511,37.266838],[-77.743333,37.267095],[-77.742122,37.267492],[-77.741293,37.267838],[-77.73979,37.268664],[-77.738502,37.26974],[-77.738024,37.270358],[-77.737867,37.270989],[-77.737943,37.271618],[-77.738378,37.272485],[-77.738498,37.273121],[-77.738309,37.274256],[-77.737284,37.275954],[-77.736815,37.276537],[-77.736489,37.277288],[-77.736103,37.279592],[-77.735975,37.283282],[-77.735783,37.283871],[-77.735517,37.284194],[-77.734912,37.284575],[-77.733834,37.284992],[-77.732443,37.285362],[-77.730338,37.285804],[-77.729142,37.285949],[-77.727837,37.285786],[-77.72643,37.285099],[-77.725266,37.28474],[-77.722222,37.283548],[-77.721228,37.28325],[-77.720496,37.283211],[-77.720005,37.283318],[-77.718741,37.283925],[-77.717442,37.284855],[-77.716555,37.28581],[-77.715882,37.286653],[-77.715601,37.28741],[-77.715865,37.288214],[-77.71689,37.289316],[-77.717288,37.289958],[-77.717589,37.290986],[-77.71766,37.292379],[-77.71762,37.2931],[-77.717421,37.294088],[-77.716974,37.295429],[-77.716211,37.296878],[-77.715804,37.297375],[-77.715139,37.297982],[-77.713782,37.299034],[-77.712919,37.299455],[-77.711686,37.299826],[-77.708797,37.300082],[-77.707342,37.29997],[-77.706705,37.299807],[-77.705835,37.299471],[-77.704618,37.298678],[-77.703453,37.298205],[-77.701485,37.29613],[-77.701015,37.295144],[-77.700932,37.294971],[-77.700877,37.294856],[-77.700641,37.294361],[-77.699486,37.291989],[-77.698103,37.287703],[-77.693035,37.281556],[-77.690868,37.281814],[-77.687634,37.282135],[-77.685686,37.283496],[-77.683907,37.286002],[-77.683295,37.289583],[-77.682414,37.291752],[-77.680528,37.292402],[-77.675807,37.292751],[-77.672021,37.292492],[-77.669835,37.292771],[-77.668221,37.292808],[-77.666742,37.291668],[-77.664765,37.287776],[-77.662538,37.278713],[-77.661897,37.277082],[-77.660812,37.275652],[-77.657121,37.272346],[-77.655356,37.268696],[-77.654272,37.267282],[-77.6522,37.265822],[-77.65061,37.265112],[-77.646378,37.264701],[-77.643509,37.263695],[-77.64237,37.263975],[-77.637969,37.267137],[-77.634801,37.2688],[-77.632613,37.269659],[-77.630577,37.26988],[-77.629399,37.269547],[-77.62761,37.267978],[-77.624713,37.266875],[-77.620301,37.266779],[-77.618954,37.267793],[-77.617341,37.269961],[-77.615198,37.270839],[-77.613349,37.270877],[-77.610748,37.269092],[-77.60771,37.267793],[-77.603283,37.263913],[-77.602826,37.263035],[-77.60301,37.260895],[-77.602232,37.257611],[-77.600494,37.253683],[-77.595216,37.250985],[-77.592684,37.25015],[-77.591441,37.249402],[-77.59044,37.247192],[-77.589159,37.246285],[-77.5872,37.246012],[-77.583979,37.2461],[-77.580443,37.242939],[-77.579521,37.238773],[-77.57891,37.237927],[-77.576708,37.236773],[-77.573716,37.236367],[-77.57212,37.23712],[-77.57225,37.238977],[-77.571747,37.240463],[-77.571784,37.244626],[-77.571495,37.245741],[-77.569346,37.24734],[-77.565732,37.248536],[-77.563803,37.248782],[-77.563384,37.248246],[-77.563895,37.246496],[-77.559896,37.246793],[-77.557024,37.250148],[-77.558429,37.253102],[-77.560428,37.255385],[-77.562516,37.259175],[-77.563081,37.262122],[-77.564556,37.267991],[-77.565177,37.272428],[-77.565261,37.272713],[-77.565604,37.273611],[-77.568942,37.280887],[-77.567456,37.285777],[-77.565771,37.29057],[-77.565576,37.292482],[-77.565599,37.294157],[-77.565044,37.295541],[-77.564948,37.297741],[-77.564343,37.299508],[-77.563406,37.301739],[-77.563036,37.304003],[-77.563389,37.305632],[-77.562531,37.307535],[-77.560125,37.310026],[-77.558864,37.311695],[-77.557434,37.315579],[-77.556636,37.317118],[-77.553754,37.31951],[-77.553072,37.320945],[-77.553005,37.324569],[-77.553877,37.324461],[-77.554204,37.324296],[-77.554275,37.323915],[-77.55443,37.32386],[-77.555738,37.322895],[-77.556752,37.322469],[-77.55743,37.321991],[-77.557624,37.321585],[-77.558079,37.321255],[-77.558338,37.321331],[-77.558752,37.321904],[-77.558978,37.322484],[-77.559603,37.322739],[-77.55997,37.322601],[-77.560155,37.322066],[-77.562768,37.322006],[-77.562314,37.320375],[-77.564574,37.319596],[-77.565381,37.31982],[-77.569595,37.31787],[-77.57097,37.316558],[-77.575934,37.316409],[-77.576209,37.315926],[-77.577956,37.317523],[-77.580397,37.318874],[-77.580363,37.320011],[-77.581463,37.320104],[-77.582267,37.318841],[-77.584943,37.32018],[-77.586957,37.320811],[-77.588504,37.320717],[-77.590575,37.323407],[-77.590892,37.324143],[-77.592632,37.325148],[-77.594627,37.327986],[-77.596759,37.326991],[-77.597289,37.328781],[-77.598507,37.33028],[-77.600192,37.330329],[-77.601424,37.33186],[-77.60203,37.333656],[-77.603177,37.333579],[-77.604795,37.33489],[-77.608461,37.335183],[-77.610249,37.335877],[-77.614163,37.335963],[-77.614702,37.335668],[-77.61497,37.335709],[-77.615504,37.336],[-77.619568,37.336179],[-77.622216,37.335849],[-77.625618,37.337368],[-77.626622,37.336919],[-77.630535,37.337113],[-77.631669,37.339573],[-77.630068,37.340928],[-77.629152,37.342616],[-77.629005,37.34382],[-77.628035,37.345276],[-77.62683,37.346811],[-77.624334,37.349004],[-77.624038,37.350042],[-77.618628,37.350079],[-77.618575,37.352137],[-77.617794,37.355773],[-77.615483,37.360299],[-77.614192,37.362526],[-77.613417,37.364664],[-77.613589,37.365982],[-77.615343,37.367125],[-77.616389,37.368677],[-77.616591,37.370923],[-77.61589,37.372463],[-77.615554,37.372957],[-77.613659,37.376238],[-77.613205,37.377484],[-77.6122,37.378303],[-77.608423,37.381098],[-77.60637,37.380264],[-77.606087,37.378285],[-77.604152,37.376515],[-77.601451,37.375701],[-77.599548,37.37503],[-77.598789,37.372193],[-77.596968,37.371493],[-77.596006,37.373355],[-77.593901,37.374476],[-77.593201,37.3758],[-77.594006,37.377343],[-77.593605,37.378613],[-77.592115,37.37914],[-77.590884,37.380606],[-77.59277,37.381539],[-77.590974,37.382934],[-77.589324,37.383199],[-77.589247,37.383725],[-77.589378,37.383698],[-77.589812,37.384615],[-77.589537,37.385131],[-77.588965,37.385373],[-77.588284,37.385368],[-77.587445,37.385692],[-77.586626,37.385774],[-77.586048,37.386576],[-77.5858,37.386736],[-77.584981,37.386549],[-77.584499,37.386329],[-77.583997,37.385725],[-77.583481,37.385308],[-77.583405,37.384748],[-77.582421,37.384523],[-77.580922,37.38465],[-77.579812,37.384397],[-77.579599,37.385787],[-77.578835,37.385891],[-77.57834,37.385787],[-77.577576,37.386083],[-77.5777,37.386396],[-77.575615,37.386699],[-77.574837,37.386957],[-77.574885,37.387605],[-77.575319,37.388703],[-77.575966,37.38973],[-77.576717,37.390032],[-77.577157,37.389752],[-77.577322,37.389406],[-77.577742,37.389598],[-77.577962,37.390207],[-77.577914,37.390482],[-77.57702,37.391278],[-77.576815,37.391802],[-77.576708,37.391862],[-77.576638,37.392144],[-77.576872,37.392508],[-77.577803,37.392687],[-77.57818,37.392854],[-77.578493,37.392902],[-77.579452,37.39334],[-77.580401,37.393632],[-77.580741,37.393575],[-77.581062,37.393406],[-77.581272,37.392383],[-77.581423,37.39197],[-77.581393,37.391347],[-77.58123,37.390885],[-77.581596,37.390723],[-77.582088,37.390799],[-77.58216,37.390883],[-77.582831,37.390986],[-77.583128,37.391286],[-77.58321,37.391517],[-77.58307,37.392259],[-77.582856,37.392372],[-77.582829,37.392477],[-77.582911,37.392708],[-77.583199,37.393043],[-77.583441,37.393189],[-77.58362,37.393217],[-77.58397,37.393489],[-77.584676,37.393452],[-77.585485,37.394121],[-77.585879,37.394218],[-77.585951,37.394302],[-77.586291,37.394427],[-77.586597,37.394874],[-77.586821,37.394909],[-77.587071,37.394838],[-77.587607,37.394556],[-77.587946,37.394499],[-77.58817,37.394534],[-77.588395,37.39475],[-77.588708,37.394798],[-77.58887,37.394896],[-77.589057,37.394888],[-77.589325,37.394747],[-77.589558,37.394747],[-77.589746,37.394921],[-77.5899,37.395236],[-77.590348,37.395487],[-77.590807,37.395884],[-77.590986,37.395912],[-77.591539,37.39556],[-77.592129,37.395614],[-77.592488,37.395851],[-77.593154,37.396573],[-77.593575,37.396709],[-77.594971,37.396887],[-77.595212,37.396851],[-77.595534,37.396682],[-77.595854,37.396332],[-77.595951,37.395946],[-77.595823,37.395527],[-77.595876,37.395316],[-77.59609,37.395204],[-77.596448,37.395259],[-77.596771,37.395454],[-77.596921,37.395576],[-77.596873,37.395648],[-77.595392,37.398101],[-77.594529,37.401646],[-77.593174,37.4053],[-77.592596,37.40894],[-77.59157,37.4109],[-77.591277,37.411438],[-77.598853,37.410975],[-77.603891,37.410468],[-77.60984,37.409888],[-77.61191,37.409942],[-77.614132,37.410419],[-77.616594,37.41159],[-77.620779,37.415028],[-77.627345,37.42058],[-77.630258,37.423688],[-77.63033,37.423784],[-77.627426,37.425244],[-77.625122,37.42745],[-77.623844,37.428392],[-77.623782,37.42843],[-77.623716,37.428468],[-77.623644,37.428509],[-77.62344,37.428625],[-77.623091,37.428806],[-77.622761,37.42896],[-77.622321,37.429147],[-77.622053,37.429253],[-77.621418,37.429514],[-77.621147,37.429625],[-77.618718,37.430612],[-77.614653,37.432265],[-77.613848,37.43259],[-77.611399,37.433524],[-77.609832,37.434069],[-77.604556,37.435916],[-77.603851,37.438397],[-77.602194,37.438109],[-77.601196,37.437678],[-77.600718,37.437266],[-77.600543,37.437328],[-77.596782,37.438654],[-77.59384,37.439663],[-77.594395,37.440639],[-77.596411,37.444104],[-77.596383,37.445043],[-77.598503,37.445445],[-77.600766,37.445562],[-77.600544,37.446471],[-77.600586,37.447417],[-77.601523,37.448448],[-77.600348,37.448823],[-77.600363,37.452269],[-77.603011,37.453848],[-77.604423,37.454914],[-77.608312,37.457848],[-77.610405,37.457909],[-77.612112,37.458348],[-77.612712,37.458948],[-77.618512,37.457848],[-77.620112,37.459748],[-77.621883,37.462605],[-77.618713,37.462935],[-77.618567,37.462951],[-77.613172,37.463504],[-77.601681,37.464676],[-77.593781,37.465494],[-77.593596,37.465512],[-77.588146,37.466114],[-77.586745,37.466481],[-77.583967,37.467928],[-77.580939,37.471246],[-77.576238,37.47688],[-77.573056,37.481783],[-77.573132,37.481854],[-77.568111,37.487024],[-77.567234,37.488013],[-77.564263,37.491514],[-77.5614,37.495425],[-77.561178,37.495409],[-77.561046,37.495398],[-77.560917,37.495601],[-77.561046,37.495615],[-77.557729,37.50061],[-77.556059,37.502646],[-77.552745,37.504532],[-77.549645,37.505565],[-77.547194,37.506371],[-77.546721,37.506549],[-77.546277,37.506728],[-77.545965,37.506872],[-77.545525,37.5071],[-77.545104,37.507336],[-77.544857,37.507483],[-77.544727,37.507568],[-77.544264,37.507869],[-77.542876,37.508811],[-77.542131,37.509297],[-77.541696,37.50957],[-77.540211,37.510504],[-77.539977,37.510651],[-77.539658,37.510867],[-77.539463,37.510999],[-77.539042,37.511318],[-77.538636,37.511648],[-77.538348,37.5119],[-77.538168,37.512072],[-77.538037,37.512197],[-77.53774,37.512504],[-77.537428,37.512846],[-77.537223,37.513088],[-77.537195,37.513121],[-77.536909,37.513497],[-77.536662,37.513845],[-77.536596,37.513947],[-77.53643,37.514206],[-77.536373,37.514304],[-77.536191,37.514615],[-77.536025,37.514934],[-77.535849,37.515312],[-77.535673,37.515721],[-77.534542,37.518332],[-77.534499,37.518438],[-77.532867,37.521605],[-77.531628,37.522862],[-77.528707,37.52529],[-77.528468,37.525476],[-77.528469,37.526235],[-77.52865,37.531859],[-77.528651,37.531931],[-77.528859,37.531875],[-77.534301,37.530593],[-77.545036,37.528101],[-77.54539,37.528731],[-77.547071,37.531813],[-77.550126,37.53741],[-77.550934,37.538922],[-77.552323,37.541514],[-77.55452,37.543028],[-77.555226,37.54224],[-77.556942,37.540647],[-77.559712,37.538893],[-77.562129,37.537549],[-77.562322,37.537444],[-77.563699,37.536676],[-77.564688,37.53613],[-77.565931,37.535499],[-77.567764,37.534844],[-77.570662,37.534162],[-77.573671,37.533388],[-77.576699,37.532628],[-77.57775,37.532378],[-77.579551,37.532177],[-77.581024,37.532321],[-77.58262,37.532556],[-77.585452,37.532973],[-77.588066,37.533373],[-77.589204,37.533479],[-77.58982,37.533482],[-77.591712,37.533211],[-77.591918,37.533139],[-77.592448,37.532949],[-77.593801,37.533925],[-77.596849,37.534652],[-77.596355,37.535942],[-77.597267,37.537319],[-77.597587,37.539071],[-77.599108,37.540714],[-77.59899,37.542827],[-77.601173,37.545161],[-77.600337,37.545276],[-77.595846,37.545857],[-77.595515,37.554322],[-77.595462,37.55575],[-77.593153,37.555881],[-77.590588,37.556401],[-77.58771,37.557693],[-77.585163,37.558399],[-77.581451,37.558915],[-77.578048,37.558984],[-77.575534,37.558499],[-77.573851,37.55857],[-77.570569,37.557935],[-77.570377,37.557879],[-77.563963,37.556115],[-77.56113,37.555545],[-77.559398,37.55569],[-77.557107,37.556565],[-77.555286,37.557669],[-77.550889,37.558637],[-77.547785,37.560122],[-77.544161,37.5604],[-77.541336,37.560197],[-77.538563,37.559548],[-77.537048,37.559338],[-77.536836,37.559236],[-77.534878,37.559177],[-77.532352,37.559232],[-77.531108,37.559368],[-77.529698,37.559186],[-77.529495,37.559656],[-77.52831,37.562344],[-77.52756,37.564027],[-77.527487,37.564191],[-77.527415,37.564352],[-77.526438,37.566927],[-77.525855,37.568235],[-77.52782,37.568118],[-77.531173,37.568147],[-77.53264,37.568098],[-77.534116,37.568158],[-77.535328,37.568324],[-77.536155,37.568644],[-77.536108,37.568699],[-77.536096,37.56881],[-77.536119,37.568849],[-77.536191,37.568892],[-77.536218,37.568911],[-77.536279,37.569041],[-77.536278,37.5691],[-77.536267,37.569141],[-77.536249,37.569195],[-77.536313,37.569438],[-77.536342,37.569529],[-77.536368,37.569637],[-77.536386,37.569715],[-77.536392,37.569726],[-77.536397,37.569798],[-77.536427,37.569859],[-77.536461,37.569903],[-77.536505,37.56996],[-77.536522,37.569996],[-77.536525,37.570043],[-77.536528,37.570086],[-77.536517,37.570135],[-77.536509,37.570181],[-77.536477,37.570237],[-77.536456,37.570272],[-77.536452,37.570305],[-77.536462,37.570345],[-77.536503,37.570406],[-77.536575,37.570437],[-77.536623,37.570463],[-77.536661,37.570486],[-77.536676,37.570515],[-77.536679,37.57054],[-77.536685,37.57055],[-77.536687,37.570566],[-77.536693,37.570628],[-77.536693,37.570669],[-77.536696,37.57069],[-77.536713,37.570713],[-77.536733,37.570762],[-77.53677,37.570802],[-77.536825,37.570859],[-77.536876,37.570917],[-77.536906,37.570966],[-77.536912,37.571032],[-77.536898,37.571073],[-77.536884,37.571097],[-77.536871,37.571119],[-77.536863,37.571134],[-77.536841,37.571175],[-77.536837,37.571222],[-77.536853,37.571251],[-77.536888,37.571295],[-77.536908,37.571332],[-77.536925,37.571382],[-77.536949,37.571438],[-77.536969,37.571481],[-77.536979,37.57151],[-77.536982,37.571548],[-77.536991,37.571596],[-77.536994,37.571633],[-77.536987,37.571665],[-77.536983,37.571702],[-77.536996,37.571746],[-77.53702,37.571795],[-77.537026,37.571832],[-77.537026,37.571877],[-77.537018,37.571953],[-77.53702,37.572058],[-77.537032,37.57217],[-77.537042,37.572245],[-77.537037,37.572304],[-77.537033,37.572365],[-77.537049,37.572421],[-77.537077,37.57248],[-77.53708,37.572511],[-77.537162,37.572525],[-77.539021,37.572863],[-77.539961,37.572426],[-77.540905,37.572161],[-77.542233,37.570748],[-77.544455,37.571331],[-77.547469,37.572535],[-77.547018,37.573534],[-77.546745,37.574987],[-77.546793,37.575224],[-77.544601,37.577453],[-77.543066,37.579089],[-77.541446,37.580238],[-77.541423,37.580327],[-77.543353,37.58106],[-77.543564,37.581554],[-77.539077,37.582787],[-77.537826,37.58136],[-77.536401,37.582223],[-77.535661,37.582877],[-77.534201,37.584185],[-77.532867,37.582126],[-77.53203,37.582571],[-77.532672,37.585559],[-77.533027,37.587077],[-77.532807,37.588796],[-77.532556,37.591659],[-77.532559,37.591783],[-77.532552,37.591855],[-77.532515,37.591995],[-77.532449,37.592247],[-77.532388,37.592484],[-77.532174,37.59234],[-77.532147,37.592322],[-77.531944,37.592186],[-77.531784,37.592079],[-77.531747,37.592054],[-77.531732,37.592036],[-77.531681,37.591985],[-77.531647,37.591951],[-77.530536,37.591137],[-77.53037,37.591026],[-77.529469,37.590421],[-77.527532,37.58912],[-77.525419,37.587678],[-77.523017,37.586069],[-77.522268,37.585622],[-77.521577,37.585144],[-77.520713,37.584545],[-77.519729,37.583864],[-77.517685,37.582497],[-77.516826,37.581952],[-77.515677,37.581991],[-77.513861,37.581899],[-77.512771,37.582275],[-77.511943,37.581835],[-77.511812,37.581751],[-77.51148,37.582119],[-77.510788,37.58282],[-77.510077,37.583567],[-77.509941,37.583706],[-77.510064,37.583784],[-77.512448,37.585193],[-77.514465,37.586406],[-77.516858,37.587833],[-77.517622,37.588276],[-77.518174,37.58861],[-77.516865,37.58968],[-77.516413,37.590712],[-77.516387,37.591132],[-77.51679,37.591178],[-77.517218,37.59228],[-77.518383,37.593443],[-77.519207,37.594605],[-77.517331,37.594749],[-77.514883,37.595054],[-77.513832,37.595176],[-77.51174,37.595445],[-77.510849,37.595752],[-77.510666,37.595775],[-77.513277,37.598009],[-77.513835,37.598602],[-77.514357,37.599638],[-77.51452,37.60036],[-77.514853,37.60203],[-77.514873,37.602126],[-77.515095,37.60311],[-77.515193,37.603487],[-77.515292,37.603839],[-77.515369,37.604063],[-77.515472,37.604327],[-77.515569,37.604551],[-77.515647,37.604706],[-77.515856,37.605091],[-77.516028,37.605358],[-77.516107,37.6055],[-77.516248,37.605741],[-77.517241,37.607111],[-77.51727,37.607155],[-77.518078,37.608365],[-77.518145,37.60846],[-77.519514,37.610827],[-77.520088,37.611958],[-77.520843,37.613369],[-77.521453,37.614522],[-77.522976,37.617432],[-77.523441,37.618334],[-77.523923,37.619224],[-77.524203,37.619717],[-77.525302,37.620992],[-77.526588,37.622198],[-77.528575,37.623962],[-77.529483,37.624734],[-77.531901,37.626821],[-77.533403,37.628159],[-77.534422,37.629054],[-77.535345,37.629974],[-77.535454,37.630095],[-77.536739,37.631139],[-77.538078,37.631753],[-77.540266,37.632647],[-77.540719,37.632837],[-77.539377,37.634655],[-77.537178,37.637274],[-77.534892,37.639738],[-77.533369,37.642089],[-77.533382,37.642787],[-77.533391,37.643228],[-77.53217,37.647068],[-77.531479,37.649117],[-77.531442,37.649225],[-77.530691,37.648941],[-77.527844,37.64768],[-77.526699,37.647191],[-77.525699,37.646787],[-77.524987,37.646562],[-77.523734,37.64619],[-77.522209,37.645862],[-77.519996,37.645742],[-77.51837,37.645386],[-77.518102,37.645325],[-77.516203,37.645014],[-77.51487,37.644694],[-77.513313,37.644398],[-77.512355,37.643951],[-77.510879,37.645511],[-77.51024,37.648124],[-77.509012,37.648504],[-77.507929,37.64788],[-77.507312,37.647851],[-77.505812,37.658603],[-77.50484,37.665535],[-77.503441,37.665243],[-77.50361,37.663739],[-77.50404,37.66069],[-77.504255,37.659184],[-77.504261,37.659139],[-77.501853,37.658926],[-77.497831,37.658437],[-77.499106,37.653485],[-77.49539,37.65243],[-77.493683,37.655582],[-77.491879,37.657386],[-77.489731,37.659471],[-77.487672,37.657787],[-77.487565,37.657706],[-77.48754,37.657657],[-77.487298,37.657589],[-77.487061,37.657564],[-77.486799,37.657457],[-77.486639,37.657098],[-77.48645,37.65677],[-77.486279,37.656408],[-77.486096,37.656227],[-77.486069,37.656113],[-77.485886,37.655808],[-77.485376,37.655158],[-77.485119,37.65495],[-77.484769,37.654808],[-77.484383,37.654545],[-77.484182,37.654518],[-77.483817,37.654272],[-77.483772,37.654184],[-77.483375,37.653844],[-77.483212,37.653626],[-77.483299,37.653407],[-77.483417,37.653265],[-77.483368,37.653152],[-77.483554,37.653032],[-77.483585,37.652868],[-77.483071,37.65274],[-77.482548,37.652752],[-77.482117,37.652733],[-77.481704,37.652665],[-77.481313,37.652492],[-77.481253,37.652421],[-77.481327,37.652087],[-77.481522,37.652023],[-77.481558,37.651774],[-77.481484,37.651629],[-77.481314,37.651718],[-77.481151,37.651702],[-77.48064,37.651494],[-77.480485,37.651232],[-77.480168,37.650822],[-77.479859,37.650358],[-77.479846,37.65009],[-77.479739,37.649924],[-77.479753,37.649661],[-77.479706,37.649561],[-77.47938,37.649325],[-77.479111,37.649184],[-77.478921,37.649031],[-77.478846,37.648888],[-77.47885,37.648777],[-77.478691,37.648388],[-77.478614,37.648268],[-77.478391,37.648068],[-77.478262,37.648037],[-77.478004,37.647803],[-77.477861,37.647582],[-77.477412,37.647194],[-77.47712,37.646839],[-77.477097,37.646719],[-77.476945,37.646362],[-77.476972,37.646268],[-77.477228,37.646083],[-77.477186,37.646049],[-77.476762,37.645703],[-77.475669,37.644881],[-77.474989,37.64453],[-77.474402,37.644906],[-77.474253,37.645],[-77.472923,37.64584],[-77.468412,37.647349],[-77.466626,37.647585],[-77.466359,37.647209],[-77.465723,37.646436],[-77.461394,37.642236],[-77.460205,37.642087],[-77.46004,37.642082],[-77.45879,37.642054],[-77.459719,37.640062],[-77.459885,37.640046],[-77.459694,37.638839],[-77.459603,37.637978],[-77.459433,37.637991],[-77.457241,37.638147],[-77.452603,37.640253],[-77.45189,37.63615],[-77.451618,37.636224],[-77.449858,37.63671],[-77.448029,37.637689],[-77.444346,37.640296],[-77.44049,37.642109],[-77.438084,37.643225],[-77.436527,37.643957],[-77.435863,37.644263],[-77.435505,37.644414],[-77.435082,37.644571],[-77.434911,37.644634],[-77.434484,37.644773],[-77.434092,37.644885],[-77.433746,37.644973],[-77.433416,37.645046],[-77.433077,37.645113],[-77.432675,37.645181],[-77.432395,37.645217],[-77.432174,37.645245],[-77.431997,37.645263],[-77.431444,37.645305],[-77.43123,37.645315],[-77.430874,37.645324],[-77.430435,37.645322],[-77.4298,37.645293],[-77.429679,37.645284],[-77.429158,37.64523],[-77.42902,37.645216],[-77.428676,37.645161],[-77.428345,37.645093],[-77.428053,37.645021],[-77.427709,37.644921],[-77.427447,37.644833],[-77.427063,37.644685],[-77.426199,37.644236],[-77.425743,37.64394],[-77.42545,37.643722],[-77.425225,37.643503],[-77.424854,37.643087],[-77.424763,37.642924],[-77.424633,37.642645],[-77.424509,37.642327],[-77.424346,37.641169],[-77.424269,37.640544],[-77.424307,37.640329],[-77.42143,37.641682],[-77.421312,37.641453],[-77.41995,37.638108],[-77.420561,37.637221],[-77.420679,37.636503],[-77.419289,37.635679],[-77.418658,37.633946],[-77.418649,37.633924],[-77.418634,37.633887],[-77.418619,37.633853],[-77.418602,37.633824],[-77.418587,37.6338],[-77.41858,37.633791],[-77.418573,37.63378],[-77.418565,37.633767],[-77.418548,37.633737],[-77.418538,37.63372],[-77.41852,37.633686],[-77.418501,37.633652],[-77.418492,37.633635],[-77.418474,37.633602],[-77.418459,37.63357],[-77.418444,37.63354],[-77.418403,37.633455],[-77.418387,37.633425],[-77.418372,37.633393],[-77.418354,37.633359],[-77.418315,37.633282],[-77.418274,37.633202],[-77.418254,37.633166],[-77.418224,37.633137],[-77.418161,37.633087],[-77.418107,37.633044],[-77.418064,37.633014],[-77.417094,37.632526],[-77.415999,37.631417],[-77.414655,37.631098],[-77.413777,37.630269],[-77.411018,37.629257],[-77.410365,37.628037],[-77.408598,37.62748],[-77.408252,37.627344],[-77.407786,37.627149],[-77.406828,37.62728],[-77.405254,37.625798],[-77.405204,37.624722],[-77.40467,37.622605],[-77.405797,37.620478],[-77.40587,37.620384],[-77.405933,37.620307],[-77.405987,37.62024],[-77.406041,37.619528],[-77.40588,37.618979],[-77.407061,37.617595],[-77.407098,37.617559],[-77.407145,37.617514],[-77.407288,37.617357],[-77.407327,37.617305],[-77.407426,37.617154],[-77.408558,37.615087],[-77.408706,37.614656],[-77.407189,37.612524],[-77.406257,37.611851],[-77.405163,37.610948],[-77.404601,37.609524],[-77.40464,37.609324],[-77.404669,37.609178],[-77.404874,37.608628],[-77.405115,37.60817],[-77.405274,37.607699],[-77.405309,37.607378],[-77.405266,37.60715],[-77.405042,37.606555],[-77.404848,37.606275],[-77.40463,37.606058],[-77.404428,37.605905],[-77.404208,37.605804],[-77.403958,37.605528],[-77.403911,37.605322],[-77.40382,37.605222],[-77.403629,37.605117],[-77.4036,37.605105],[-77.40335,37.605102],[-77.403207,37.605153],[-77.403157,37.605189],[-77.403007,37.605305],[-77.402944,37.605342],[-77.40275,37.605406],[-77.402471,37.605482],[-77.402326,37.605515],[-77.402288,37.605523],[-77.402078,37.605571],[-77.402019,37.605584],[-77.401814,37.605628],[-77.401742,37.605643],[-77.401609,37.605679],[-77.401471,37.605713],[-77.401176,37.605983],[-77.400941,37.60611],[-77.400282,37.606171],[-77.399981,37.606141],[-77.399853,37.606068],[-77.399553,37.605559],[-77.399386,37.60531],[-77.399061,37.604999],[-77.398627,37.604541],[-77.397903,37.603843],[-77.397551,37.603425],[-77.397036,37.602622],[-77.396855,37.60243],[-77.396627,37.602267],[-77.396333,37.602014],[-77.396037,37.601913],[-77.395748,37.601948],[-77.395519,37.60202],[-77.395046,37.602106],[-77.394827,37.602066],[-77.394616,37.601987],[-77.394343,37.601822],[-77.394125,37.601735],[-77.393832,37.601567],[-77.393633,37.601399],[-77.393283,37.600933],[-77.392828,37.600497],[-77.392308,37.600248],[-77.392146,37.600137],[-77.392022,37.599987],[-77.391935,37.599783],[-77.391839,37.599218],[-77.391675,37.598863],[-77.391423,37.598543],[-77.391324,37.598339],[-77.391126,37.598094],[-77.390915,37.597979],[-77.390744,37.597934],[-77.390557,37.59798],[-77.39014,37.598191],[-77.389744,37.598239],[-77.389329,37.598143],[-77.389133,37.598149],[-77.38892,37.598341],[-77.388661,37.598433],[-77.388446,37.598383],[-77.388012,37.598108],[-77.387896,37.598078],[-77.387518,37.598156],[-77.38738,37.598145],[-77.387233,37.598054],[-77.38708,37.597788],[-77.386974,37.59767],[-77.386818,37.597615],[-77.386523,37.597629],[-77.386392,37.597592],[-77.385853,37.597323],[-77.385467,37.597045],[-77.384897,37.596545],[-77.382879,37.595247],[-77.382752,37.59514],[-77.382707,37.595102],[-77.382678,37.595084],[-77.382662,37.595074],[-77.38265,37.595064],[-77.382628,37.595051],[-77.382621,37.595034],[-77.382605,37.595021],[-77.382579,37.595002],[-77.382531,37.594966],[-77.382486,37.594931],[-77.382473,37.59492],[-77.382438,37.594895],[-77.382424,37.594886],[-77.382408,37.594879],[-77.382376,37.594862],[-77.382342,37.594842],[-77.382317,37.594828],[-77.382256,37.594796],[-77.382228,37.594784],[-77.382149,37.594739],[-77.382093,37.594708],[-77.382066,37.594692],[-77.382,37.594656],[-77.38194,37.594629],[-77.381859,37.594594],[-77.381823,37.594572],[-77.381782,37.594538],[-77.381755,37.594513],[-77.381732,37.594509],[-77.381598,37.594487],[-77.381545,37.594502],[-77.381459,37.594525],[-77.381446,37.594528],[-77.381432,37.594543],[-77.381278,37.594584],[-77.381164,37.594605],[-77.381122,37.594606],[-77.38105,37.594608],[-77.380824,37.594597],[-77.38059,37.594585],[-77.380431,37.59456],[-77.380202,37.594496],[-77.380006,37.594418],[-77.37999,37.594412],[-77.379922,37.594388],[-77.379815,37.594351],[-77.379666,37.59431],[-77.379556,37.594285],[-77.379454,37.594284],[-77.379323,37.594281],[-77.379276,37.594278],[-77.379174,37.594264],[-77.379131,37.59426],[-77.379094,37.594255],[-77.378979,37.594214],[-77.378942,37.594197],[-77.378905,37.594184],[-77.378858,37.594166],[-77.37881,37.59415],[-77.37868,37.594107],[-77.378637,37.594096],[-77.378542,37.594072],[-77.37849,37.594064],[-77.378337,37.594037],[-77.378284,37.594031],[-77.378214,37.594028],[-77.378144,37.594025],[-77.378093,37.594025],[-77.377965,37.594043],[-77.377812,37.594065],[-77.377758,37.594071],[-77.377609,37.594065],[-77.377554,37.594057],[-77.377452,37.59404],[-77.377338,37.594024],[-77.377235,37.594015],[-77.377192,37.594029],[-77.377031,37.594102],[-77.376912,37.594131],[-77.376875,37.594127],[-77.376783,37.594073],[-77.37676,37.59405],[-77.376699,37.593965],[-77.376678,37.593939],[-77.376592,37.593867],[-77.376558,37.593852],[-77.376432,37.593824],[-77.376392,37.593819],[-77.37638,37.593819],[-77.376355,37.593819],[-77.372506,37.593147],[-77.371949,37.592666],[-77.371843,37.59258],[-77.371685,37.592443],[-77.370945,37.591898],[-77.370534,37.591621],[-77.370199,37.591382],[-77.369528,37.590956],[-77.369344,37.590832],[-77.368753,37.590551],[-77.368528,37.590529],[-77.368245,37.590501],[-77.368084,37.590523],[-77.366592,37.590711],[-77.364639,37.589619],[-77.36368,37.589215],[-77.362672,37.588693],[-77.362638,37.588365],[-77.362797,37.587741],[-77.362669,37.587288],[-77.362624,37.587214],[-77.362484,37.587065],[-77.362313,37.586914],[-77.362255,37.586873],[-77.362062,37.586737],[-77.361888,37.586675],[-77.361833,37.586689],[-77.361669,37.586766],[-77.361508,37.586853],[-77.361307,37.586953],[-77.361245,37.586976],[-77.361189,37.586971],[-77.360707,37.58676],[-77.360216,37.585822],[-77.359585,37.585518],[-77.358492,37.584838],[-77.358415,37.584733],[-77.358431,37.584594],[-77.358443,37.584543],[-77.358453,37.584303],[-77.358483,37.584182],[-77.358519,37.584107],[-77.358489,37.584092],[-77.35812,37.583821],[-77.35807,37.583769],[-77.357965,37.58358],[-77.357937,37.583509],[-77.357897,37.583312],[-77.357913,37.583138],[-77.357887,37.583091],[-77.357731,37.582952],[-77.357493,37.582867],[-77.357351,37.582847],[-77.357331,37.582835],[-77.357168,37.582813],[-77.357001,37.582805],[-77.35695,37.582813],[-77.356834,37.582909],[-77.356688,37.583076],[-77.356652,37.583088],[-77.356476,37.58308],[-77.356153,37.583047],[-77.355876,37.582989],[-77.355659,37.582927],[-77.355431,37.582849],[-77.355313,37.582794],[-77.354785,37.582654],[-77.354428,37.582384],[-77.354395,37.582323],[-77.354344,37.582178],[-77.354336,37.582122],[-77.354334,37.581905],[-77.354275,37.581769],[-77.354205,37.581722],[-77.351852,37.580746],[-77.351722,37.580698],[-77.351689,37.580707],[-77.351679,37.5808],[-77.351699,37.580839],[-77.351674,37.580973],[-77.351624,37.580987],[-77.351518,37.580958],[-77.351462,37.580928],[-77.351289,37.580871],[-77.35124,37.58087],[-77.351048,37.580891],[-77.350986,37.580882],[-77.350813,37.580814],[-77.35063,37.580653],[-77.350581,37.58062],[-77.350461,37.580577],[-77.350386,37.580564],[-77.350214,37.580476],[-77.350185,37.580435],[-77.350185,37.580276],[-77.350209,37.580174],[-77.35022,37.580059],[-77.350207,37.580038],[-77.350028,37.579993],[-77.349825,37.579981],[-77.349752,37.579984],[-77.349543,37.579954],[-77.349299,37.579805],[-77.34901,37.579644],[-77.348802,37.579539],[-77.348728,37.579508],[-77.348582,37.57948],[-77.348499,37.579481],[-77.348259,37.579538],[-77.348172,37.579563],[-77.348013,37.579568],[-77.347937,37.579551],[-77.347751,37.579453],[-77.347676,37.579424],[-77.347461,37.579383],[-77.347158,37.579369],[-77.346912,37.579313],[-77.346749,37.579249],[-77.346464,37.579114],[-77.346326,37.579031],[-77.346073,37.578936],[-77.345977,37.578913],[-77.345744,37.578834],[-77.34569,37.57879],[-77.345593,37.578693],[-77.345539,37.578648],[-77.345347,37.578566],[-77.345284,37.578564],[-77.345055,37.578539],[-77.344974,37.57851],[-77.344841,37.578431],[-77.344623,37.57823],[-77.344568,37.578201],[-77.34441,37.578248],[-77.344364,37.578291],[-77.344234,37.57846],[-77.344055,37.578588],[-77.343991,37.578613],[-77.343769,37.578615],[-77.343476,37.578568],[-77.343401,37.578561],[-77.343068,37.578585],[-77.342874,37.578566],[-77.342772,37.578533],[-77.34247,37.578393],[-77.342158,37.578245],[-77.342046,37.578195],[-77.341813,37.57811],[-77.341705,37.578076],[-77.341163,37.577919],[-77.340916,37.577856],[-77.340637,37.577774],[-77.340575,37.57776],[-77.339842,37.577545],[-77.339559,37.577505],[-77.339471,37.577477],[-77.339279,37.577435],[-77.339033,37.57739],[-77.338917,37.577375],[-77.338419,37.5773],[-77.338169,37.577236],[-77.338096,37.577206],[-77.337954,37.577063],[-77.337419,37.57643],[-77.336967,37.575736],[-77.336925,37.575674],[-77.336203,37.575016],[-77.335756,37.574778],[-77.335229,37.574698],[-77.3348,37.574671],[-77.33407,37.574427],[-77.333126,37.574246],[-77.332474,37.574003],[-77.331515,37.573737],[-77.330722,37.573293],[-77.330415,37.572986],[-77.330344,37.572918],[-77.330297,37.572876],[-77.330226,37.572821],[-77.330178,37.572796],[-77.330143,37.572778],[-77.330087,37.572746],[-77.330022,37.572706],[-77.329941,37.57267],[-77.329886,37.572648],[-77.329805,37.572617],[-77.32971,37.572586],[-77.329616,37.572556],[-77.329517,37.572531],[-77.329408,37.572502],[-77.329282,37.57247],[-77.329144,37.572435],[-77.329022,37.572407],[-77.328965,37.572395],[-77.328861,37.572373],[-77.328768,37.572354],[-77.328687,37.572338],[-77.328574,37.572311],[-77.328486,37.572287],[-77.328391,37.572262],[-77.328294,37.572232],[-77.328199,37.572203],[-77.328153,37.572189],[-77.327994,37.572133],[-77.327894,37.572095],[-77.327789,37.572054],[-77.327668,37.572006],[-77.327522,37.57195],[-77.327415,37.57191],[-77.327367,37.571891],[-77.327279,37.571856],[-77.327205,37.571822],[-77.327147,37.571792],[-77.327123,37.571779],[-77.327082,37.571749],[-77.327024,37.571706],[-77.326953,37.571653],[-77.326877,37.571595],[-77.326802,37.571534],[-77.326734,37.571473],[-77.32669,37.571428],[-77.326638,37.571359],[-77.326622,37.571336],[-77.326592,37.571283],[-77.326561,37.571223],[-77.32653,37.571159],[-77.326504,37.571097],[-77.326494,37.571068],[-77.326486,37.571038],[-77.326482,37.571009],[-77.326476,37.570961],[-77.326478,37.57094],[-77.326483,37.570922],[-77.32649,37.57091],[-77.326578,37.570328],[-77.324779,37.56965],[-77.324089,37.569238],[-77.323915,37.569185],[-77.323628,37.569111],[-77.323391,37.569071],[-77.323071,37.568911],[-77.322819,37.568753],[-77.322603,37.568524],[-77.322379,37.568347],[-77.322075,37.568164],[-77.322032,37.568142],[-77.32125,37.567776],[-77.321026,37.567778],[-77.32095,37.567795],[-77.320754,37.567836],[-77.320547,37.567878],[-77.318935,37.567483],[-77.317842,37.567352],[-77.316714,37.567466],[-77.31606,37.567016],[-77.314926,37.5658],[-77.313405,37.564611],[-77.311946,37.564448],[-77.311586,37.564531],[-77.311057,37.564922],[-77.310581,37.564744],[-77.309864,37.564164],[-77.30829,37.563095],[-77.307773,37.562622],[-77.307197,37.561862],[-77.305938,37.561011],[-77.304279,37.560411],[-77.302335,37.5598],[-77.301129,37.559712],[-77.299142,37.559719],[-77.297326,37.560282],[-77.296158,37.560332],[-77.295455,37.560625],[-77.29334,37.561013],[-77.291233,37.560616],[-77.289885,37.559637],[-77.288833,37.558114],[-77.288379,37.557487],[-77.286913,37.556313],[-77.286104,37.555991],[-77.285144,37.55588],[-77.283999,37.555352],[-77.283665,37.555308],[-77.283379,37.555539],[-77.282728,37.555552],[-77.281889,37.555719],[-77.28076,37.555003],[-77.280296,37.555025],[-77.279773,37.554511],[-77.27896,37.554095],[-77.278083,37.554199],[-77.27711,37.554118],[-77.276515,37.553537],[-77.276118,37.553316],[-77.275698,37.552925],[-77.275048,37.552736],[-77.274235,37.552745],[-77.273601,37.552434],[-77.272432,37.552298],[-77.271508,37.552278],[-77.270908,37.551959],[-77.270602,37.551788],[-77.27022,37.551617],[-77.269897,37.551538],[-77.269045,37.551665],[-77.268482,37.551662],[-77.268193,37.551648],[-77.268129,37.551644],[-77.267672,37.551687],[-77.267227,37.551736],[-77.266952,37.551773],[-77.266572,37.551857],[-77.26631,37.551887],[-77.26612,37.5519],[-77.265959,37.551867],[-77.265881,37.551841],[-77.26505,37.551197],[-77.264938,37.551137],[-77.264798,37.551064],[-77.264539,37.550922],[-77.264383,37.550767],[-77.264348,37.550734],[-77.264296,37.550685],[-77.264253,37.550607],[-77.26422,37.550557],[-77.264117,37.550456],[-77.264086,37.550405],[-77.264079,37.550357],[-77.263994,37.5502],[-77.263929,37.550131],[-77.263828,37.550066],[-77.263676,37.549909],[-77.263654,37.549886],[-77.263563,37.549759],[-77.263458,37.54965],[-77.263434,37.549648],[-77.263277,37.549729],[-77.263136,37.549765],[-77.262793,37.549777],[-77.262628,37.549762],[-77.262547,37.549753],[-77.262287,37.549709],[-77.261823,37.549694],[-77.261732,37.549696],[-77.261549,37.549722],[-77.261437,37.549712],[-77.261366,37.549702],[-77.261288,37.549675],[-77.261131,37.549597],[-77.260933,37.549487],[-77.260886,37.549461],[-77.260691,37.549395],[-77.260602,37.549374],[-77.260455,37.549319],[-77.260238,37.549192],[-77.260222,37.549185],[-77.260083,37.549114],[-77.259972,37.549058],[-77.259922,37.54903],[-77.259835,37.548972],[-77.259741,37.548909],[-77.259607,37.548765],[-77.259569,37.548739],[-77.259468,37.54862],[-77.259398,37.548502],[-77.259295,37.548372],[-77.259295,37.548362],[-77.259285,37.548333],[-77.259279,37.548276],[-77.259285,37.548148],[-77.25931,37.548084],[-77.259423,37.547927],[-77.259441,37.547865],[-77.259428,37.547661],[-77.25935,37.547285],[-77.259268,37.547042],[-77.259231,37.546967],[-77.259199,37.546941],[-77.259114,37.54689],[-77.259055,37.546857],[-77.258644,37.546704],[-77.258512,37.546646],[-77.258351,37.546568],[-77.258077,37.546458],[-77.257807,37.546374],[-77.257551,37.54629],[-77.257402,37.546211],[-77.257298,37.546142],[-77.257098,37.545982],[-77.256953,37.5458],[-77.256824,37.545558],[-77.256742,37.545447],[-77.256661,37.545369],[-77.256577,37.545323],[-77.256463,37.54529],[-77.256152,37.545243],[-77.256073,37.545239],[-77.255843,37.545195],[-77.255657,37.545122],[-77.255343,37.544922],[-77.255173,37.544833],[-77.254848,37.544674],[-77.254724,37.544606],[-77.254671,37.544556],[-77.254565,37.544409],[-77.254405,37.544088],[-77.254339,37.543949],[-77.254269,37.543726],[-77.254227,37.543547],[-77.254141,37.543352],[-77.253953,37.543058],[-77.253724,37.542726],[-77.25355,37.542618],[-77.253303,37.542474],[-77.252959,37.542303],[-77.252774,37.542246],[-77.252649,37.542234],[-77.252545,37.542249],[-77.252474,37.542275],[-77.25242,37.542312],[-77.252289,37.54242],[-77.252072,37.542483],[-77.251951,37.542479],[-77.251717,37.542458],[-77.251559,37.542431],[-77.25118,37.542317],[-77.250901,37.542152],[-77.250779,37.542027],[-77.250479,37.5419],[-77.250375,37.541868],[-77.250312,37.54183],[-77.250182,37.541668],[-77.250125,37.541579],[-77.250042,37.541421],[-77.249982,37.54129],[-77.249938,37.541217],[-77.249887,37.541164],[-77.249765,37.541069],[-77.249555,37.540956],[-77.249413,37.540818],[-77.249233,37.54075],[-77.249061,37.540713],[-77.248723,37.540646],[-77.2485,37.54058],[-77.248106,37.540456],[-77.248066,37.540452],[-77.247856,37.540481],[-77.24771,37.540469],[-77.247635,37.540441],[-77.247509,37.540355],[-77.247438,37.540281],[-77.247409,37.540236],[-77.247351,37.540093],[-77.247303,37.539939],[-77.247168,37.539749],[-77.246979,37.539595],[-77.246872,37.539436],[-77.246806,37.53931],[-77.24661,37.539235],[-77.246469,37.539218],[-77.246195,37.539196],[-77.245811,37.539139],[-77.245667,37.539123],[-77.244917,37.539051],[-77.244682,37.539016],[-77.244557,37.539034],[-77.244533,37.539053],[-77.244407,37.539154],[-77.244312,37.539259],[-77.244169,37.539348],[-77.243924,37.539436],[-77.243844,37.539446],[-77.243572,37.539455],[-77.243475,37.539444],[-77.243235,37.539379],[-77.243048,37.539235],[-77.242833,37.538882],[-77.242721,37.53876],[-77.242652,37.538714],[-77.24228,37.538621],[-77.242091,37.538594],[-77.241727,37.538602],[-77.241595,37.538618],[-77.24129,37.538575],[-77.241184,37.538516],[-77.241064,37.538336],[-77.241058,37.538237],[-77.241034,37.538135],[-77.240988,37.538088],[-77.241023,37.53797],[-77.240955,37.537876],[-77.240884,37.537825],[-77.240814,37.537804],[-77.240732,37.537803],[-77.240416,37.53785],[-77.240074,37.537892],[-77.239902,37.537933],[-77.239756,37.537983],[-77.239509,37.538077],[-77.239359,37.538141],[-77.239215,37.53822],[-77.239059,37.538294],[-77.238553,37.53848],[-77.238486,37.53852],[-77.23843,37.538574],[-77.238404,37.538638],[-77.238403,37.538744],[-77.238385,37.538796],[-77.238307,37.538891],[-77.238229,37.538944],[-77.238058,37.539027],[-77.237915,37.539074],[-77.237736,37.539094],[-77.23766,37.539086],[-77.237592,37.539056],[-77.237525,37.538994],[-77.2374,37.5389],[-77.237351,37.538884],[-77.237241,37.53887],[-77.237181,37.538876],[-77.236912,37.538943],[-77.236731,37.538959],[-77.236602,37.538949],[-77.236535,37.538932],[-77.23631,37.538918],[-77.235963,37.538877],[-77.235387,37.538702],[-77.235378,37.53863],[-77.235272,37.538584],[-77.235196,37.538572],[-77.235132,37.538574],[-77.235058,37.538592],[-77.234788,37.538677],[-77.234646,37.538804],[-77.2345,37.538856],[-77.234428,37.538868],[-77.234303,37.538871],[-77.23415,37.538863],[-77.233785,37.538835],[-77.233353,37.539002],[-77.233238,37.539074],[-77.232703,37.539553],[-77.231494,37.539466],[-77.231061,37.538459],[-77.231071,37.538341],[-77.231024,37.538168],[-77.230831,37.537901],[-77.230592,37.537621],[-77.230539,37.537514],[-77.230539,37.537391],[-77.230564,37.537244],[-77.23046,37.537142],[-77.230345,37.537109],[-77.230067,37.537066],[-77.229907,37.536947],[-77.229734,37.53688],[-77.229557,37.536863],[-77.229127,37.536856],[-77.228984,37.536827],[-77.228661,37.536545],[-77.228504,37.536398],[-77.228466,37.536357],[-77.228286,37.536077],[-77.227906,37.535402],[-77.227541,37.534814],[-77.227299,37.534479],[-77.227175,37.534348],[-77.226968,37.534167],[-77.22674,37.533991],[-77.226588,37.533898],[-77.226512,37.53387],[-77.226361,37.533859],[-77.226237,37.533887],[-77.226078,37.533931],[-77.22572,37.534079],[-77.22543,37.534156],[-77.225209,37.534145],[-77.225085,37.534101],[-77.224864,37.533975],[-77.224795,37.533948],[-77.224671,37.53392],[-77.224506,37.533915],[-77.223906,37.53397],[-77.223623,37.533981],[-77.223347,37.533986],[-77.223181,37.533954],[-77.22303,37.533899],[-77.222974,37.533816],[-77.222974,37.533761],[-77.223036,37.533597],[-77.223036,37.533564],[-77.222926,37.533459],[-77.222758,37.533376],[-77.222557,37.533326],[-77.222423,37.533315],[-77.2219,37.533325],[-77.221669,37.533317],[-77.221306,37.533252],[-77.221244,37.533229],[-77.221051,37.533002],[-77.220906,37.532896],[-77.220725,37.532782],[-77.220616,37.532697],[-77.220527,37.532537],[-77.2205,37.532436],[-77.220498,37.53229],[-77.220512,37.532213],[-77.220622,37.531867],[-77.220629,37.531714],[-77.22058,37.531598],[-77.220532,37.531527],[-77.220152,37.531066],[-77.220139,37.531005],[-77.220146,37.530912],[-77.2204,37.530143],[-77.220449,37.530028],[-77.220573,37.529797],[-77.22069,37.529605],[-77.220821,37.529303],[-77.220669,37.529121],[-77.2206,37.529006],[-77.220551,37.528863],[-77.220579,37.528056],[-77.220572,37.527792],[-77.220551,37.527704],[-77.220406,37.527485],[-77.220254,37.527221],[-77.220164,37.527139],[-77.220082,37.527111],[-77.220013,37.527106],[-77.219765,37.527122],[-77.219578,37.527089],[-77.219502,37.527057],[-77.21924,37.526903],[-77.219164,37.52687],[-77.219068,37.526843],[-77.218895,37.526821],[-77.218606,37.526881],[-77.21853,37.526865],[-77.218282,37.526744],[-77.218144,37.526645],[-77.217889,37.52642],[-77.217792,37.526365],[-77.217509,37.526272],[-77.217413,37.526222],[-77.217323,37.526151],[-77.21715,37.526041],[-77.216744,37.525855],[-77.21613,37.525679],[-77.215999,37.525651],[-77.215254,37.525542],[-77.215157,37.52552],[-77.214971,37.525443],[-77.214847,37.525372],[-77.214773,37.525231],[-77.214593,37.524723],[-77.214521,37.524578],[-77.212509,37.52323],[-77.212656,37.522011],[-77.21239,37.521363],[-77.211507,37.520994],[-77.211211,37.520664],[-77.210752,37.520741],[-77.21029,37.520443],[-77.210121,37.520081],[-77.209427,37.519257],[-77.209331,37.518985],[-77.209419,37.51825],[-77.209279,37.517769],[-77.209105,37.517464],[-77.209093,37.517387],[-77.209066,37.517052],[-77.208996,37.51685],[-77.208999,37.516785],[-77.208964,37.516673],[-77.208914,37.51656],[-77.208893,37.516532],[-77.208808,37.516423],[-77.208695,37.516304],[-77.208627,37.516279],[-77.208535,37.516275],[-77.20844,37.516253],[-77.208307,37.516189],[-77.208203,37.516147],[-77.207949,37.516093],[-77.207836,37.516041],[-77.207738,37.516026],[-77.20761,37.516066],[-77.207501,37.516113],[-77.207391,37.516195],[-77.207286,37.51621],[-77.207232,37.51621],[-77.207172,37.5162],[-77.206939,37.516134],[-77.206809,37.516154],[-77.206713,37.516159],[-77.206607,37.516126],[-77.206529,37.516088],[-77.206356,37.516024],[-77.206239,37.515977],[-77.206195,37.51593],[-77.206152,37.515868],[-77.206046,37.515735],[-77.205895,37.515516],[-77.205842,37.515402],[-77.205835,37.515357],[-77.205768,37.515276],[-77.205881,37.515245],[-77.205994,37.515201],[-77.206044,37.515182],[-77.206077,37.515172],[-77.206175,37.515153],[-77.206265,37.515156],[-77.206352,37.515176],[-77.206519,37.51523],[-77.206563,37.515226],[-77.2066,37.515205],[-77.206669,37.515114],[-77.206683,37.51508],[-77.20671,37.514975],[-77.206682,37.514871],[-77.206665,37.514838],[-77.206672,37.514806],[-77.206694,37.514775],[-77.206729,37.514758],[-77.206803,37.514801],[-77.206976,37.514489],[-77.207121,37.514293],[-77.207007,37.513446],[-77.206373,37.513616],[-77.206215,37.513348],[-77.205627,37.512956],[-77.204545,37.512698],[-77.204027,37.513123],[-77.203714,37.513215],[-77.203415,37.512996],[-77.202667,37.512866],[-77.2025,37.512257],[-77.201668,37.511978],[-77.201677,37.511582],[-77.201325,37.511104],[-77.199398,37.509899],[-77.198857,37.509713],[-77.198481,37.509427],[-77.198184,37.508965],[-77.197383,37.508932],[-77.196806,37.508551],[-77.19539,37.508147],[-77.194787,37.507828],[-77.193983,37.50754],[-77.193719,37.5072],[-77.192962,37.506598],[-77.192785,37.506067],[-77.192791,37.504889],[-77.192475,37.504285],[-77.192523,37.503983],[-77.192882,37.503664],[-77.192868,37.503406],[-77.191958,37.502868],[-77.191937,37.501237],[-77.191441,37.500693],[-77.1906,37.500622],[-77.189862,37.500144],[-77.189048,37.500136],[-77.188595,37.50028],[-77.188164,37.500224],[-77.187883,37.499746],[-77.188426,37.499298],[-77.188632,37.498704],[-77.188584,37.498289],[-77.188346,37.49796],[-77.188058,37.497969],[-77.187439,37.497561],[-77.186672,37.49775],[-77.186547,37.498087],[-77.186055,37.49798],[-77.185984,37.497356],[-77.185013,37.496286],[-77.184836,37.49572],[-77.183851,37.495283],[-77.183043,37.494746],[-77.182423,37.493933],[-77.181203,37.493153],[-77.180486,37.493573],[-77.180437,37.493574],[-77.180379,37.493548],[-77.180287,37.493523],[-77.180164,37.493458],[-77.180058,37.493419],[-77.179995,37.493387],[-77.179961,37.493357],[-77.179941,37.493329],[-77.179955,37.492657],[-77.178538,37.491401],[-77.176982,37.491367],[-77.177324,37.4906],[-77.176778,37.488688],[-77.174765,37.488606],[-77.171264,37.487238],[-77.17063,37.485936],[-77.171113,37.484162],[-77.170072,37.482641],[-77.170383,37.481416],[-77.168811,37.480899],[-77.166647,37.481915],[-77.164655,37.48471],[-77.163483,37.485523],[-77.161043,37.486143],[-77.160002,37.485797],[-77.158437,37.486203],[-77.1575,37.485615],[-77.157728,37.483692],[-77.159514,37.482292],[-77.160426,37.479162],[-77.161638,37.476516],[-77.160805,37.475302],[-77.15786,37.474529],[-77.154782,37.476275],[-77.15244,37.477013],[-77.15032,37.477286],[-77.147394,37.475738],[-77.144161,37.476396],[-77.141791,37.476285],[-77.141083,37.473412],[-77.142985,37.471947],[-77.143296,37.47053],[-77.14258,37.468706],[-77.141747,37.468382],[-77.1388,37.469208],[-77.138175,37.469814],[-77.136696,37.469758],[-77.133029,37.470658],[-77.131567,37.471558],[-77.129066,37.470826],[-77.128611,37.471403],[-77.126984,37.471622],[-77.126765,37.470512],[-77.125628,37.469858],[-77.124114,37.467898],[-77.123409,37.464658],[-77.122739,37.463142],[-77.121112,37.462698],[-77.11983,37.461315],[-77.1185,37.461557],[-77.118554,37.460305],[-77.117808,37.458797],[-77.118008,37.457367],[-77.119006,37.456938],[-77.119073,37.455822],[-77.117985,37.455267],[-77.116978,37.454039],[-77.116186,37.454517],[-77.11531,37.452765],[-77.114753,37.453634],[-77.113621,37.453058],[-77.111783,37.453503],[-77.10964,37.452834],[-77.107393,37.451127],[-77.107806,37.450237],[-77.10629,37.449551],[-77.105483,37.44853],[-77.100646,37.447087],[-77.101279,37.444802],[-77.100334,37.443879],[-77.098336,37.442952],[-77.098625,37.44232],[-77.095814,37.440292],[-77.094219,37.441024],[-77.093108,37.440465],[-77.086728,37.441376],[-77.086392,37.439894],[-77.08354,37.439864],[-77.082335,37.44054],[-77.080774,37.439973],[-77.079752,37.440747],[-77.078546,37.440076],[-77.077071,37.440355],[-77.076287,37.441287],[-77.075617,37.440484],[-77.073502,37.44057],[-77.07315,37.439649],[-77.070143,37.439931],[-77.069125,37.439434],[-77.0689,37.437904],[-77.066489,37.436621],[-77.065446,37.437169],[-77.062012,37.435969],[-77.060775,37.435822],[-77.059687,37.434261],[-77.060391,37.433116],[-77.060798,37.433823],[-77.06154,37.43296],[-77.060991,37.431423],[-77.059717,37.429001],[-77.057855,37.429122],[-77.057478,37.430493],[-77.055597,37.431706],[-77.05299,37.430903],[-77.053401,37.431929],[-77.052205,37.431468],[-77.050797,37.432161],[-77.049424,37.432077],[-77.048146,37.431301],[-77.046913,37.431791],[-77.045764,37.431111],[-77.045924,37.430002],[-77.044732,37.429397],[-77.043597,37.430132],[-77.040743,37.429453],[-77.039359,37.429737],[-77.038375,37.429178],[-77.037245,37.429137],[-77.037286,37.428318],[-77.035568,37.426838],[-77.034405,37.426842],[-77.034861,37.427792],[-77.032513,37.428477],[-77.031231,37.429426],[-77.031239,37.428421],[-77.029999,37.428569],[-77.029111,37.427284],[-77.028546,37.427932],[-77.029412,37.429124],[-77.028663,37.429391],[-77.027573,37.428046],[-77.026677,37.429006],[-77.026375,37.428888],[-77.026116,37.428473],[-77.025734,37.428323],[-77.025398,37.427844],[-77.025868,37.427466],[-77.02599,37.427127],[-77.025246,37.427054],[-77.024777,37.426498],[-77.025065,37.425725],[-77.024726,37.425111],[-77.024567,37.424483],[-77.024057,37.423854],[-77.024404,37.4234],[-77.024075,37.422984],[-77.023728,37.422831],[-77.024148,37.422023],[-77.024293,37.421503],[-77.024068,37.420898],[-77.023106,37.420915],[-77.022018,37.421339],[-77.021845,37.421247],[-77.021862,37.420756],[-77.02235,37.420538],[-77.023578,37.4203],[-77.024721,37.420156],[-77.024599,37.419516],[-77.023809,37.418485],[-77.023601,37.417816],[-77.022212,37.416975],[-77.021316,37.41601],[-77.020466,37.415772],[-77.019051,37.41556],[-77.018793,37.415356],[-77.018267,37.41529],[-77.018321,37.414976],[-77.017771,37.4145],[-77.016931,37.414164],[-77.01611,37.414015],[-77.015501,37.414703],[-77.013786,37.415168],[-77.013315,37.41535],[-77.013097,37.415811],[-77.013073,37.416675],[-77.012473,37.417462],[-77.012011,37.417681],[-77.01117,37.417406],[-77.011048,37.417028],[-77.011373,37.416673],[-77.011302,37.416077],[-77.010835,37.415668],[-77.009823,37.415422],[-77.009312,37.414576],[-77.008672,37.414135],[-77.007648,37.413749],[-77.00678,37.413728],[-77.005624,37.414019],[-77.003289,37.414941],[-76.999688,37.417295],[-76.999049,37.417845],[-76.998263,37.418196],[-76.997526,37.418183],[-76.996374,37.41794],[-76.994854,37.417157],[-76.993931,37.416605],[-76.992686,37.416128],[-76.992118,37.415792],[-76.991476,37.414917],[-76.991051,37.41483],[-76.988911,37.414961],[-76.988256,37.415117],[-76.986785,37.415866],[-76.986264,37.416327],[-76.985756,37.417539],[-76.984575,37.417665],[-76.98391,37.417878],[-76.983639,37.418113],[-76.983392,37.419081],[-76.983238,37.420266],[-76.982707,37.420809],[-76.982,37.420861],[-76.98127,37.420429],[-76.980133,37.419515],[-76.979243,37.419342],[-76.976765,37.418725],[-76.975988,37.41886],[-76.974242,37.419011],[-76.971672,37.418353],[-76.969622,37.416743],[-76.969479,37.415243],[-76.971196,37.413335],[-76.972732,37.410208],[-76.972504,37.409379],[-76.971041,37.407992],[-76.968821,37.406511],[-76.956555,37.403826],[-76.953999,37.403491],[-76.95192,37.403967],[-76.948549,37.405892],[-76.945356,37.40884],[-76.943083,37.410389],[-76.940828,37.409883],[-76.93847,37.407354],[-76.937449,37.4054],[-76.936854,37.403419],[-76.93703,37.401171],[-76.93802,37.39953],[-76.942859,37.396439],[-76.945329,37.394115],[-76.946108,37.391081],[-76.945604,37.385998],[-76.944854,37.383938],[-76.942518,37.383238],[-76.940987,37.383729],[-76.93967,37.384726],[-76.93643,37.386545],[-76.933289,37.387985],[-76.932297,37.389335],[-76.931593,37.391538],[-76.931176,37.396311],[-76.930205,37.397823],[-76.92761,37.399566],[-76.925772,37.399405],[-76.919462,37.396383],[-76.917993,37.395327],[-76.915321,37.395805],[-76.913714,37.397464],[-76.911009,37.399522],[-76.909808,37.403234],[-76.908061,37.405079],[-76.906882,37.405438],[-76.90492,37.404914],[-76.904116,37.403821],[-76.905039,37.397096],[-76.906368,37.392609],[-76.908216,37.390861],[-76.914843,37.38977],[-76.917323,37.389204],[-76.918757,37.387401],[-76.918847,37.385522],[-76.917932,37.384261],[-76.915248,37.382644],[-76.905683,37.378105],[-76.904471,37.377665],[-76.898695,37.375569],[-76.897792,37.373802],[-76.898953,37.371789],[-76.901139,37.36998],[-76.902715,37.369083],[-76.908503,37.366346],[-76.910444,37.364091],[-76.912136,37.359633],[-76.914226,37.356791],[-76.915622,37.35387],[-76.915863,37.352615],[-76.913304,37.349989],[-76.909647,37.348643],[-76.907978,37.349015],[-76.905353,37.350644],[-76.90198,37.356222],[-76.899517,37.359028],[-76.896404,37.360846],[-76.891162,37.362096],[-76.888855,37.363969],[-76.887475,37.366423],[-76.88477,37.368566],[-76.881463,37.369253],[-76.878446,37.369443],[-76.877099,37.369189],[-76.874437,37.365427],[-76.873507,37.363415],[-76.87362,37.362044],[-76.874685,37.360211],[-76.87834,37.35529],[-76.879811,37.352789],[-76.880598,37.350241],[-76.880139,37.348681],[-76.877446,37.347593],[-76.874685,37.346012],[-76.873632,37.342561],[-76.874206,37.340167],[-76.87553,37.3383],[-76.876619,37.333224],[-76.87563,37.329564],[-76.876077,37.32553],[-76.875555,37.322922],[-76.874685,37.320434],[-76.875256,37.317713],[-76.879351,37.311722],[-76.880005,37.309874],[-76.87944,37.307411],[-76.878374,37.304863],[-76.876928,37.302713],[-76.874685,37.301045],[-76.871995,37.298399],[-76.871685,37.295597],[-76.872806,37.293713],[-76.874685,37.291961],[-76.877896,37.290045],[-76.880831,37.287259],[-76.881564,37.285509],[-76.88176,37.28335],[-76.881459,37.281349],[-76.882612,37.278539],[-76.883076,37.275924],[-76.882047,37.271683],[-76.878902,37.266014],[-76.877218,37.263633],[-76.87468,37.260098],[-76.873171,37.25833],[-76.873438,37.257149],[-76.87468,37.255911],[-76.879035,37.252807],[-76.884078,37.250146],[-76.885509,37.24812],[-76.886365,37.246045],[-76.886397,37.244828],[-76.886426,37.243753],[-76.885696,37.238687],[-76.884516,37.232037],[-76.883156,37.223057],[-76.874684,37.223624],[-76.86185,37.223982],[-76.835036,37.224889],[-76.82344,37.224938],[-76.818511,37.224618],[-76.812489,37.223449],[-76.80893,37.222347],[-76.804871,37.220189],[-76.801677,37.217846],[-76.79774,37.214087],[-76.795723,37.212041],[-76.785476,37.201044],[-76.781164,37.196556],[-76.773526,37.18885],[-76.765952,37.181814],[-76.760314,37.176799],[-76.756318,37.174252],[-76.753126,37.17268],[-76.74968,37.17159],[-76.743552,37.171171],[-76.739504,37.171315],[-76.736064,37.171699],[-76.732655,37.172542],[-76.730528,37.173491],[-76.728512,37.174803],[-76.726255,37.177024],[-76.724751,37.179283],[-76.723934,37.181251],[-76.723027,37.183375],[-76.721215,37.187667],[-76.721151,37.189987],[-76.718464,37.194347],[-76.717263,37.196547],[-76.712847,37.201587],[-76.708831,37.204675],[-76.705631,37.206435],[-76.701663,37.208147],[-76.69731,37.209699],[-76.691806,37.210867],[-76.689886,37.210962],[-76.679742,37.21093],[-76.677659,37.210694],[-76.67635,37.210546],[-76.670798,37.208946],[-76.663501,37.205826],[-76.658827,37.203045],[-76.652445,37.198818],[-76.646173,37.19373],[-76.644877,37.192162],[-76.642845,37.188786],[-76.642301,37.17877],[-76.641581,37.153827],[-76.641085,37.154611],[-76.61689,37.163744],[-76.610984,37.167114],[-76.60721,37.168946],[-76.60478,37.170644],[-76.603768,37.171982],[-76.602938,37.172583],[-76.601537,37.174311],[-76.601498,37.174358],[-76.601521,37.174401],[-76.601585,37.174512],[-76.601617,37.174583],[-76.601631,37.174658],[-76.60163,37.174728],[-76.601612,37.174798],[-76.601583,37.174845],[-76.601539,37.174911],[-76.601453,37.174998],[-76.601359,37.17504],[-76.601258,37.175068],[-76.601144,37.175097],[-76.60103,37.175114],[-76.600937,37.175118],[-76.600838,37.17511],[-76.600802,37.175102],[-76.600701,37.17521],[-76.599432,37.176941],[-76.597875,37.178246],[-76.595403,37.178418],[-76.592683,37.17997],[-76.590939,37.181458],[-76.590299,37.181506],[-76.586987,37.18021],[-76.585291,37.18037],[-76.584347,37.181058],[-76.584571,37.182578],[-76.583051,37.18205],[-76.581218,37.182511],[-76.581067,37.185266],[-76.580455,37.185518],[-76.578345,37.186463],[-76.578193,37.187584],[-76.57991,37.188092],[-76.579979,37.188593],[-76.578045,37.189267],[-76.577899,37.190261],[-76.577989,37.190482],[-76.580175,37.190745],[-76.580277,37.191397],[-76.579977,37.192665],[-76.581413,37.192942],[-76.582001,37.19281],[-76.58318,37.192968],[-76.583293,37.193404],[-76.582752,37.193569],[-76.582148,37.194581],[-76.582172,37.194882],[-76.583375,37.195145],[-76.584275,37.197645],[-76.584427,37.198049],[-76.584657,37.198609],[-76.585471,37.200822],[-76.587183,37.202674],[-76.589549,37.204503],[-76.590921,37.206398],[-76.591795,37.20929],[-76.591862,37.209783],[-76.591789,37.210283],[-76.591631,37.210698],[-76.591302,37.213205],[-76.587923,37.212938],[-76.5873,37.212922],[-76.583121,37.212499],[-76.583123,37.212674],[-76.583127,37.212985],[-76.579588,37.213139],[-76.577221,37.213204],[-76.575184,37.212988],[-76.574971,37.214243],[-76.574671,37.215742],[-76.571568,37.215413],[-76.56999,37.215218],[-76.569382,37.216518],[-76.56917,37.216969],[-76.568937,37.217462],[-76.568078,37.217602],[-76.567427,37.217695],[-76.565627,37.219984],[-76.565189,37.220539],[-76.564222,37.219447],[-76.564154,37.219367],[-76.564003,37.219197],[-76.563132,37.218211],[-76.560578,37.215322],[-76.556732,37.211],[-76.556541,37.210785],[-76.553775,37.207666],[-76.540134,37.192337],[-76.539557,37.191684],[-76.534377,37.185858],[-76.533993,37.185432],[-76.533391,37.184753],[-76.532791,37.184069],[-76.53062,37.181633],[-76.526565,37.177073],[-76.526272,37.176743],[-76.526196,37.176657],[-76.525349,37.17662],[-76.525164,37.176621],[-76.524991,37.176389],[-76.524912,37.176398],[-76.524708,37.176421],[-76.524659,37.176426],[-76.524686,37.176586],[-76.524732,37.176856],[-76.524448,37.17687],[-76.524406,37.176873],[-76.524325,37.176878],[-76.524106,37.176891],[-76.523275,37.176943],[-76.523231,37.176946],[-76.523021,37.176964],[-76.522812,37.176989],[-76.522603,37.177021],[-76.522396,37.177061],[-76.52219,37.177107],[-76.521986,37.177161],[-76.521784,37.177221],[-76.521737,37.177236],[-76.517435,37.178636],[-76.517158,37.17873],[-76.517187,37.178752],[-76.516903,37.178844],[-76.516891,37.178813],[-76.516826,37.178642],[-76.516375,37.178319],[-76.51635,37.178271],[-76.51623,37.178042],[-76.514777,37.175403],[-76.515102,37.173185],[-76.514985,37.173224],[-76.51053,37.167001],[-76.504453,37.158506],[-76.505623,37.157214],[-76.504493,37.156209],[-76.504869,37.155774],[-76.506138,37.154088],[-76.500302,37.147502],[-76.488193,37.133859],[-76.485343,37.130648],[-76.484807,37.130042],[-76.483628,37.128713],[-76.481297,37.126088],[-76.481202,37.125983],[-76.472606,37.116289],[-76.470977,37.114445],[-76.470821,37.114267],[-76.470243,37.113614],[-76.469585,37.11287],[-76.468413,37.11154],[-76.466948,37.109934],[-76.466088,37.109011],[-76.463403,37.105991],[-76.460816,37.103039],[-76.459239,37.101855],[-76.458498,37.100727],[-76.458325,37.100702],[-76.45511,37.098958],[-76.453912,37.098241],[-76.451467,37.09844],[-76.450706,37.097213],[-76.449586,37.096586],[-76.448141,37.096171],[-76.445731,37.095054],[-76.444799,37.094673],[-76.443429,37.094513],[-76.441561,37.094637],[-76.439367,37.095037],[-76.437748,37.094048],[-76.434632,37.094911],[-76.431945,37.095144],[-76.430745,37.096011],[-76.429663,37.095926],[-76.428065,37.094799],[-76.42672,37.093162],[-76.425451,37.092301],[-76.423741,37.091783],[-76.418721,37.092134],[-76.416755,37.093292],[-76.414977,37.093587],[-76.412851,37.093543],[-76.412174,37.092954],[-76.410478,37.092697],[-76.409614,37.091905],[-76.408977,37.092779],[-76.408937,37.092778],[-76.408857,37.092747],[-76.40877,37.092732],[-76.408725,37.092729],[-76.408592,37.092708],[-76.408395,37.092625],[-76.40827,37.092583],[-76.408197,37.092542],[-76.408106,37.092464],[-76.408086,37.092432],[-76.40807,37.092388],[-76.407977,37.092124],[-76.407953,37.092094],[-76.407907,37.09206],[-76.407831,37.092054],[-76.407697,37.092069],[-76.407493,37.092141],[-76.407425,37.092188],[-76.407338,37.092269],[-76.407318,37.092301],[-76.407306,37.092335],[-76.407301,37.09237],[-76.407305,37.092442],[-76.407492,37.092594],[-76.407537,37.092621],[-76.407636,37.09268],[-76.407675,37.092697],[-76.407762,37.092715],[-76.407801,37.092732],[-76.407835,37.092756],[-76.407891,37.092811],[-76.407908,37.09288],[-76.407906,37.092916],[-76.407888,37.092948],[-76.40779,37.093022],[-76.407753,37.093042],[-76.407665,37.093056],[-76.407494,37.093097],[-76.407363,37.093121],[-76.407097,37.093153],[-76.406962,37.093165],[-76.406784,37.093148],[-76.406741,37.093137],[-76.40671,37.093111],[-76.406687,37.093081],[-76.406675,37.092998],[-76.406672,37.092975],[-76.406678,37.092904],[-76.406721,37.092732],[-76.406716,37.092697],[-76.4067,37.092663],[-76.406666,37.092643],[-76.40662,37.092643],[-76.406576,37.092648],[-76.406403,37.092685],[-76.406362,37.092701],[-76.406243,37.092758],[-76.406171,37.092793],[-76.406084,37.092813],[-76.405995,37.09282],[-76.405726,37.092808],[-76.405683,37.09282],[-76.40565,37.092844],[-76.405625,37.092873],[-76.405607,37.092906],[-76.405609,37.093012],[-76.405691,37.093097],[-76.405763,37.093139],[-76.405795,37.093164],[-76.405867,37.093206],[-76.405908,37.093221],[-76.405995,37.093238],[-76.406084,37.093249],[-76.406098,37.09325],[-76.40631,37.093261],[-76.406354,37.093268],[-76.406428,37.093308],[-76.406452,37.093338],[-76.406467,37.093409],[-76.406463,37.093479],[-76.406466,37.093515],[-76.406463,37.093586],[-76.406496,37.093868],[-76.406515,37.093973],[-76.406539,37.094041],[-76.406569,37.094107],[-76.406575,37.094142],[-76.406569,37.094177],[-76.406556,37.09421],[-76.406526,37.094237],[-76.406487,37.094253],[-76.406218,37.094283],[-76.406045,37.094317],[-76.406003,37.09433],[-76.405928,37.094368],[-76.405849,37.094401],[-76.405806,37.094412],[-76.405672,37.094415],[-76.405626,37.094412],[-76.405588,37.094382],[-76.40558,37.094347],[-76.405586,37.094312],[-76.405584,37.094241],[-76.405594,37.094101],[-76.405584,37.093995],[-76.405572,37.093961],[-76.405552,37.093929],[-76.405526,37.093862],[-76.40549,37.093797],[-76.405445,37.093735],[-76.405395,37.093636],[-76.405353,37.093576],[-76.40533,37.093543],[-76.405298,37.093517],[-76.405264,37.093496],[-76.405221,37.093486],[-76.40513,37.093488],[-76.405042,37.093502],[-76.404924,37.093552],[-76.404809,37.093606],[-76.404706,37.093674],[-76.404677,37.093701],[-76.40467,37.093771],[-76.40468,37.093842],[-76.404682,37.093869],[-76.404698,37.094053],[-76.404699,37.094123],[-76.404692,37.094158],[-76.404677,37.094192],[-76.404644,37.094217],[-76.404556,37.094229],[-76.404512,37.094221],[-76.404448,37.094171],[-76.404293,37.094039],[-76.404235,37.09399],[-76.404127,37.093925],[-76.404082,37.093929],[-76.403948,37.093984],[-76.403923,37.093994],[-76.403886,37.094013],[-76.403676,37.094148],[-76.403627,37.094199],[-76.403576,37.094334],[-76.403579,37.094352],[-76.403588,37.094409],[-76.403605,37.094442],[-76.403785,37.094645],[-76.40383,37.094707],[-76.403845,37.094741],[-76.403865,37.09481],[-76.403861,37.094845],[-76.403826,37.094909],[-76.403753,37.09495],[-76.403591,37.095012],[-76.403547,37.095021],[-76.403463,37.095048],[-76.40329,37.095085],[-76.403165,37.095126],[-76.403044,37.095173],[-76.40293,37.095231],[-76.402899,37.095257],[-76.402859,37.095321],[-76.402861,37.095356],[-76.402879,37.095389],[-76.402951,37.095479],[-76.402969,37.095512],[-76.402981,37.095546],[-76.402953,37.095586],[-76.402795,37.095593],[-76.40275,37.095589],[-76.402707,37.095578],[-76.402552,37.095505],[-76.40251,37.095491],[-76.402375,37.095481],[-76.402151,37.095489],[-76.40211,37.095506],[-76.401985,37.095607],[-76.401762,37.095828],[-76.401728,37.095851],[-76.401688,37.095868],[-76.401645,37.09588],[-76.401555,37.095887],[-76.401421,37.095877],[-76.401299,37.095832],[-76.401226,37.095791],[-76.401033,37.095703],[-76.400952,37.095672],[-76.400875,37.095635],[-76.400745,37.095604],[-76.400715,37.095606],[-76.400656,37.095609],[-76.400613,37.09562],[-76.400573,37.095637],[-76.400538,37.095659],[-76.400506,37.095685],[-76.400446,37.095723],[-76.400436,37.095729],[-76.400375,37.09578],[-76.400311,37.095833],[-76.40029,37.095851],[-76.400128,37.09601],[-76.399979,37.096168],[-76.399984,37.096375],[-76.400153,37.096583],[-76.400216,37.096787],[-76.400106,37.096896],[-76.399976,37.096923],[-76.39957,37.096931],[-76.399268,37.096785],[-76.39895,37.096484],[-76.398604,37.096205],[-76.398003,37.095891],[-76.397694,37.095876],[-76.397596,37.095925],[-76.397399,37.096159],[-76.39752,37.096324],[-76.398353,37.096672],[-76.398481,37.096772],[-76.39853,37.096944],[-76.398459,37.097111],[-76.398358,37.097181],[-76.398055,37.097253],[-76.397615,37.097323],[-76.397414,37.097465],[-76.397319,37.097585],[-76.397216,37.097821],[-76.397253,37.098065],[-76.397393,37.09815],[-76.397663,37.098165],[-76.397887,37.098142],[-76.398182,37.098053],[-76.398701,37.097715],[-76.399066,37.097579],[-76.399291,37.097572],[-76.399592,37.09764],[-76.399707,37.097748],[-76.399699,37.097957],[-76.399488,37.098188],[-76.398884,37.098618],[-76.398688,37.098704],[-76.398079,37.098831],[-76.397894,37.098984],[-76.398058,37.099138],[-76.398412,37.099199],[-76.399258,37.099271],[-76.399417,37.099393],[-76.399506,37.099989],[-76.399483,37.100119],[-76.399371,37.100227],[-76.399108,37.100199],[-76.398873,37.100094],[-76.398479,37.100023],[-76.39789,37.100001],[-76.397534,37.099958],[-76.397062,37.099834],[-76.396747,37.099835],[-76.396682,37.099883],[-76.396654,37.100093],[-76.396934,37.100367],[-76.397401,37.100701],[-76.397587,37.100902],[-76.397683,37.101063],[-76.398072,37.101499],[-76.398283,37.101684],[-76.398533,37.101838],[-76.398779,37.102088],[-76.398771,37.102265],[-76.398549,37.102652],[-76.398419,37.103064],[-76.397963,37.103407],[-76.39782,37.103588],[-76.3978,37.103694],[-76.397867,37.10397],[-76.398134,37.104255],[-76.398381,37.104316],[-76.398621,37.104219],[-76.398788,37.10401],[-76.398905,37.103704],[-76.398956,37.103315],[-76.399106,37.103182],[-76.399278,37.103149],[-76.399547,37.103173],[-76.400013,37.103301],[-76.400283,37.103303],[-76.400535,37.103236],[-76.40078,37.102939],[-76.40092,37.102853],[-76.401149,37.102851],[-76.401366,37.102973],[-76.401468,37.103091],[-76.401606,37.103351],[-76.401957,37.103887],[-76.402014,37.104054],[-76.401979,37.104162],[-76.401512,37.104292],[-76.401111,37.104348],[-76.400926,37.104501],[-76.400914,37.104743],[-76.401131,37.105012],[-76.401224,37.105213],[-76.401233,37.105425],[-76.401176,37.105555],[-76.400984,37.105647],[-76.400513,37.105775],[-76.400316,37.10586],[-76.399643,37.10628],[-76.399452,37.106375],[-76.398884,37.106494],[-76.398348,37.106551],[-76.398132,37.106603],[-76.397988,37.106688],[-76.397872,37.106878],[-76.397848,37.107339],[-76.397817,37.107442],[-76.397701,37.107551],[-76.397498,37.107629],[-76.397049,37.10766],[-76.396823,37.107648],[-76.396498,37.107579],[-76.396292,37.107508],[-76.396075,37.107379],[-76.395795,37.107174],[-76.395326,37.106721],[-76.395129,37.106483],[-76.394991,37.106261],[-76.394774,37.106137],[-76.394525,37.1062],[-76.394335,37.106399],[-76.394258,37.106602],[-76.394194,37.10713],[-76.394168,37.107909],[-76.394136,37.10812],[-76.394035,37.108317],[-76.393795,37.108397],[-76.393401,37.108321],[-76.392984,37.108185],[-76.392663,37.108056],[-76.392329,37.107874],[-76.391083,37.107235],[-76.390842,37.107136],[-76.390541,37.107062],[-76.390006,37.106984],[-76.389513,37.106934],[-76.388389,37.106846],[-76.387944,37.106779],[-76.387508,37.106686],[-76.387301,37.106613],[-76.387167,37.106518],[-76.38706,37.106362],[-76.387002,37.106009],[-76.387039,37.105369],[-76.386998,37.105268],[-76.386829,37.105155],[-76.386512,37.105147],[-76.386106,37.105181],[-76.385179,37.105118],[-76.384818,37.10512],[-76.384553,37.105167],[-76.384404,37.1053],[-76.384374,37.105403],[-76.384396,37.105759],[-76.38437,37.106078],[-76.384253,37.106583],[-76.384247,37.107171],[-76.384265,37.107383],[-76.384366,37.107571],[-76.384523,37.107755],[-76.384766,37.107871],[-76.385278,37.107937],[-76.386112,37.107871],[-76.386935,37.107942],[-76.387419,37.108178],[-76.38768,37.108343],[-76.387853,37.108564],[-76.387894,37.10883],[-76.387733,37.109181],[-76.387488,37.109432],[-76.387196,37.109659],[-76.386802,37.109916],[-76.386476,37.110105],[-76.385642,37.110105],[-76.385189,37.110081],[-76.384713,37.110118],[-76.384355,37.110259],[-76.384032,37.11065],[-76.38369,37.11158],[-76.383452,37.111979],[-76.38301,37.112093],[-76.382401,37.112156],[-76.381758,37.112143],[-76.381383,37.111939],[-76.381251,37.111874],[-76.380734,37.111494],[-76.379008,37.110252],[-76.376209,37.108327],[-76.367513,37.113019],[-76.367467,37.113044],[-76.363799,37.111644],[-76.355353,37.108419],[-76.350966,37.106744],[-76.344666,37.096844],[-76.334489,37.099155],[-76.317364,37.103044],[-76.315364,37.102844],[-76.311744,37.102],[-76.301564,37.103244],[-76.297464,37.107144],[-76.295338,37.110981],[-76.293863,37.113643],[-76.29293,37.114303],[-76.290934,37.115714],[-76.287674,37.11729],[-76.275327,37.121231],[-76.275599,37.118879],[-76.275418,37.116072],[-76.249662,37.116058],[-76.249646,37.116136],[-76.134941,37.117603],[-76.135016,37.125142],[-76.13552,37.19197],[-76.13586,37.232018],[-76.136301,37.282137],[-76.136307,37.28279],[-76.13716,37.375135],[-76.138222,37.426364],[-76.139062,37.466884],[-76.139103,37.468813],[-76.139753,37.500132],[-76.140835,37.54222],[-76.140845,37.542587],[-76.151711,37.585968],[-76.161533,37.625131],[-76.162572,37.625131],[-76.168125,37.644819],[-76.175687,37.671626],[-76.198126,37.75013],[-76.205229,37.775076],[-76.220909,37.830146],[-76.233717,37.875127],[-76.23643,37.886486],[-76.236458,37.886605],[-76.236141,37.888468],[-76.236776,37.888659],[-76.236728,37.889171],[-76.236663,37.889572],[-76.236658,37.889605],[-76.236633,37.889762],[-76.236617,37.889865],[-76.236594,37.890006],[-76.236572,37.890146],[-76.237249,37.889743],[-76.23731,37.889707],[-76.237414,37.889738],[-76.239397,37.890174],[-76.242266,37.891319],[-76.246889,37.894556],[-76.247906,37.894869],[-76.249658,37.896724],[-76.252456,37.900271],[-76.253991,37.901661],[-76.257527,37.905738],[-76.260311,37.907514],[-76.260491,37.907668],[-76.260671,37.907822],[-76.260746,37.907885],[-76.260821,37.907948],[-76.261812,37.908786],[-76.262115,37.90879],[-76.267872,37.91216],[-76.273338,37.914678],[-76.278558,37.91655],[-76.280714,37.917713],[-76.284408,37.919129],[-76.290012,37.921803],[-76.290881,37.922549],[-76.293632,37.923748],[-76.294916,37.924373],[-76.297538,37.925634],[-76.300083,37.9268],[-76.300245,37.926827],[-76.30083,37.926981],[-76.307693,37.930244],[-76.31377,37.933257],[-76.314497,37.933674],[-76.314963,37.933913],[-76.315259,37.93405],[-76.315513,37.934015],[-76.324393,37.938651],[-76.326483,37.939501],[-76.332504,37.942548],[-76.338617,37.945286],[-76.34438,37.947462],[-76.35005,37.949436],[-76.35043,37.949354],[-76.355957,37.95103],[-76.359325,37.952273],[-76.366017,37.953503],[-76.37572,37.955317],[-76.379819,37.956463],[-76.389012,37.95835],[-76.392443,37.959445],[-76.412934,37.966332],[-76.41937,37.971269],[-76.422693,37.974735],[-76.42546,37.976871],[-76.433968,37.981937],[-76.436988,37.986059],[-76.43947,37.988255],[-76.442171,37.989584],[-76.443662,37.991157],[-76.45228,38.000143],[-76.465008,38.01322],[-76.467059,38.013503],[-76.468415,38.014569],[-76.472,38.015214],[-76.473397,38.016232],[-76.474887,38.015392],[-76.47575,38.015692],[-76.479812,38.015232],[-76.481976,38.015367],[-76.484719,38.015988],[-76.487489,38.017011],[-76.49122,38.017562],[-76.496591,38.018937],[-76.501074,38.02072],[-76.505387,38.022092],[-76.508363,38.023312],[-76.512019,38.025106],[-76.515934,38.026725],[-76.516609,38.026783],[-76.516369,38.034724],[-76.516349,38.035644],[-76.51616,38.04492],[-76.517528,38.046512],[-76.525296,38.052663],[-76.525903,38.052917],[-76.526358,38.053108],[-76.532192,38.060642],[-76.534191,38.063539],[-76.535311,38.065963],[-76.535591,38.067535],[-76.535121,38.07146],[-76.535402,38.073626],[-76.537395,38.075534],[-76.541938,38.076765],[-76.545387,38.078807],[-76.550007,38.081267],[-76.554265,38.083888],[-76.556192,38.085609],[-76.563622,38.087845],[-76.569309,38.090505],[-76.573652,38.092711],[-76.577063,38.094242],[-76.578705,38.094626],[-76.581082,38.095718],[-76.581568,38.095909],[-76.58184,38.096201],[-76.581931,38.096874],[-76.586002,38.100637],[-76.589019,38.102519],[-76.595433,38.106139],[-76.595895,38.10644],[-76.59609,38.106616],[-76.596156,38.106676],[-76.596069,38.106859],[-76.596128,38.106892],[-76.596153,38.106927],[-76.596195,38.106988],[-76.596255,38.107074],[-76.596382,38.107255],[-76.600467,38.113088],[-76.600333,38.113295],[-76.599874,38.114441],[-76.60052,38.116009],[-76.600954,38.119635],[-76.602047,38.123795],[-76.601721,38.125129],[-76.603214,38.129767],[-76.604382,38.131646],[-76.60489,38.134227],[-76.610145,38.14765],[-76.610384,38.148516],[-76.604972,38.14799],[-76.604901,38.148603],[-76.606468,38.14928],[-76.612714,38.149362],[-76.61543,38.149605],[-76.619937,38.150565],[-76.62133,38.150638],[-76.626034,38.151877],[-76.628032,38.153276],[-76.631335,38.153518],[-76.635758,38.152559],[-76.656995,38.155514],[-76.68818,38.159889],[-76.690266,38.160549],[-76.691971,38.160332],[-76.695172,38.160523],[-76.697453,38.161014],[-76.701266,38.161384],[-76.72652,38.16309],[-76.749686,38.164698],[-76.751417,38.164689],[-76.754733,38.165422],[-76.756338,38.166123],[-76.763973,38.167791],[-76.765926,38.167896],[-76.772586,38.167657],[-76.774577,38.167144],[-76.778769,38.167919],[-76.784989,38.168656],[-76.786245,38.169077],[-76.79006,38.169145],[-76.796328,38.168242],[-76.800199,38.16888],[-76.803469,38.168028],[-76.804997,38.167922],[-76.81109,38.166416],[-76.812834,38.166587],[-76.818683,38.164804],[-76.822294,38.163946],[-76.82613,38.163458],[-76.830884,38.163274],[-76.839368,38.163609],[-76.843918,38.164999],[-76.845129,38.165789],[-76.847654,38.166632],[-76.850329,38.167018],[-76.853038,38.167085],[-76.855201,38.167672],[-76.857171,38.168729],[-76.858131,38.170658],[-76.858836,38.170999],[-76.861689,38.170986],[-76.863573,38.171489],[-76.867362,38.171358],[-76.872716,38.171686],[-76.87849,38.173764],[-76.88257,38.176323],[-76.887563,38.180763],[-76.891189,38.183732],[-76.894877,38.18587],[-76.897716,38.187264],[-76.902239,38.190398],[-76.903908,38.191988],[-76.904165,38.192401],[-76.904265,38.192421],[-76.904399,38.192447],[-76.904455,38.19247],[-76.905181,38.192774],[-76.907579,38.194909],[-76.911947,38.197706],[-76.913819,38.197978],[-76.915867,38.199603],[-76.920158,38.200231],[-76.921998,38.200838],[-76.927402,38.200947],[-76.930668,38.201223],[-76.933081,38.201683],[-76.937295,38.202536],[-76.939797,38.20422],[-76.943919,38.206322],[-76.94819,38.208278],[-76.94902,38.208418],[-76.953122,38.215074],[-76.962251,38.229888],[-76.958099,38.234058],[-76.956997,38.236328],[-76.957017,38.240201],[-76.957394,38.242298],[-76.958347,38.245101],[-76.960285,38.248534],[-76.960843,38.250129],[-76.96156,38.254725],[-76.962035,38.256893],[-76.963862,38.259027],[-76.965474,38.26039],[-76.967305,38.261397],[-76.969426,38.263655],[-76.970642,38.265494],[-76.972828,38.266772],[-76.974196,38.268351],[-76.977545,38.270816],[-76.978696,38.272434],[-76.979947,38.273083],[-76.981487,38.274606],[-76.984935,38.2743],[-76.988973,38.274413],[-76.990869,38.273639],[-76.990943,38.273687],[-76.99767,38.278046],[-76.999695,38.276636],[-77.000948,38.276128],[-77.003695,38.275928],[-77.005695,38.277428],[-77.007595,38.277128],[-77.007695,38.274628],[-77.008795,38.273328],[-77.011595,38.272228],[-77.013395,38.271928],[-77.013995,38.269728],[-77.016295,38.269228],[-77.017795,38.269728],[-77.021295,38.269628],[-77.022895,38.268628],[-77.024795,38.268828],[-77.026695,38.268328],[-77.028195,38.268528],[-77.028995,38.267828],[-77.029186,38.266391],[-77.033644,38.264427],[-77.032467,38.263805],[-77.032714,38.261221],[-77.03471,38.26134],[-77.033793,38.260387],[-77.034672,38.258726],[-77.036673,38.258925],[-77.038872,38.260933],[-77.044202,38.260582],[-77.044536,38.26045],[-77.04474,38.256268],[-77.044877,38.253487],[-77.045166,38.247634],[-77.046431,38.221644],[-77.046606,38.218065],[-77.046923,38.21163],[-77.047195,38.206037],[-77.047307,38.203779],[-77.047481,38.200187],[-77.04798,38.190058],[-77.04805,38.188586],[-77.048173,38.186049],[-77.048192,38.184679],[-77.048482,38.182444],[-77.049755,38.18204],[-77.051634,38.180678],[-77.051829,38.179283],[-77.050215,38.177916],[-77.050535,38.177152],[-77.052462,38.175983],[-77.055662,38.176291],[-77.059739,38.17467],[-77.062355,38.174423],[-77.0623,38.173786],[-77.064247,38.171804],[-77.0644,38.17065],[-77.063795,38.168432],[-77.064658,38.16674],[-77.064518,38.16546],[-77.06271,38.164192],[-77.061834,38.162895],[-77.061583,38.162264],[-77.061695,38.161631],[-77.063395,38.162031],[-77.065696,38.161731],[-77.067296,38.161031],[-77.069296,38.157731],[-77.067696,38.153031],[-77.066895,38.147631],[-77.067495,38.146131],[-77.069296,38.143731],[-77.071096,38.142431],[-77.073796,38.141331],[-77.075496,38.141131],[-77.077796,38.141831],[-77.080596,38.144331],[-77.082596,38.146831],[-77.083096,38.148731],[-77.083296,38.151431],[-77.083196,38.154531],[-77.083996,38.159531],[-77.084596,38.160231],[-77.087196,38.161131],[-77.089696,38.161631],[-77.094796,38.161631],[-77.097896,38.160531],[-77.101597,38.158731],[-77.105885,38.155541],[-77.112297,38.151131],[-77.113697,38.150431],[-77.115997,38.149931],[-77.115499,38.146127],[-77.115135,38.14332],[-77.113993,38.134506],[-77.114234,38.134199],[-77.114213,38.134044],[-77.114048,38.133983],[-77.11369,38.134015],[-77.113426,38.133904],[-77.113438,38.133775],[-77.113714,38.133718],[-77.114123,38.133736],[-77.11435,38.133694],[-77.114393,38.1335],[-77.114248,38.133354],[-77.113943,38.133185],[-77.1134,38.133015],[-77.112829,38.133038],[-77.112672,38.133234],[-77.112847,38.133669],[-77.112659,38.133905],[-77.112416,38.133973],[-77.112119,38.133889],[-77.111482,38.133861],[-77.111378,38.133657],[-77.111236,38.133247],[-77.11105,38.133018],[-77.110723,38.133011],[-77.110463,38.133055],[-77.11019,38.133188],[-77.109899,38.133508],[-77.109634,38.133727],[-77.109441,38.133821],[-77.109325,38.133784],[-77.10924,38.133657],[-77.10923,38.133309],[-77.109151,38.132846],[-77.109081,38.132654],[-77.108863,38.132477],[-77.108567,38.132392],[-77.108318,38.132242],[-77.108217,38.132128],[-77.107835,38.131916],[-77.107424,38.131807],[-77.107114,38.131826],[-77.106939,38.13197],[-77.106818,38.132862],[-77.106707,38.132967],[-77.10643,38.133011],[-77.106054,38.132966],[-77.105729,38.133024],[-77.105628,38.132909],[-77.105591,38.132781],[-77.105547,38.132382],[-77.105407,38.132037],[-77.105401,38.131843],[-77.105777,38.131295],[-77.105836,38.131062],[-77.105782,38.130895],[-77.105631,38.130743],[-77.105331,38.13053],[-77.105163,38.130378],[-77.10506,38.130186],[-77.105069,38.129928],[-77.10521,38.129745],[-77.105564,38.129559],[-77.105848,38.129218],[-77.106051,38.128905],[-77.105911,38.128573],[-77.105442,38.128143],[-77.105279,38.127888],[-77.105352,38.127274],[-77.107435,38.126257],[-77.107818,38.125381],[-77.110596,38.12457],[-77.111983,38.123831],[-77.11295,38.124515],[-77.113499,38.123872],[-77.113448,38.122132],[-77.113699,38.121927],[-77.115659,38.121499],[-77.116847,38.120641],[-77.118198,38.12164],[-77.120073,38.121024],[-77.120472,38.122486],[-77.123438,38.122527],[-77.128126,38.122932],[-77.132102,38.123479],[-77.136754,38.121118],[-77.13879,38.121926],[-77.138964,38.122585],[-77.14096,38.123345],[-77.142402,38.123018],[-77.142683,38.122174],[-77.144408,38.120851],[-77.143471,38.117979],[-77.142235,38.116144],[-77.142061,38.115106],[-77.143674,38.111759],[-77.145019,38.109291],[-77.145462,38.108403],[-77.14505,38.106744],[-77.143858,38.105281],[-77.143423,38.10314],[-77.142047,38.101956],[-77.143622,38.099349],[-77.144201,38.097823],[-77.143788,38.09722],[-77.14367,38.095962],[-77.143726,38.095627],[-77.144143,38.095111],[-77.144822,38.094687],[-77.146242,38.094156],[-77.14848,38.094327],[-77.150023,38.093532],[-77.152295,38.093159],[-77.151875,38.090717],[-77.152438,38.089085],[-77.153603,38.087818],[-77.155881,38.088341],[-77.157096,38.088505],[-77.15926,38.087983],[-77.160527,38.087288],[-77.163506,38.083995],[-77.164757,38.08329],[-77.164758,38.083279],[-77.165214,38.082924],[-77.165319,38.082734],[-77.165567,38.082669],[-77.166194,38.082498],[-77.166339,38.082522],[-77.166546,38.082494],[-77.166601,38.082486],[-77.169013,38.081043],[-77.1701,38.079543],[-77.169637,38.078654],[-77.16882,38.076243],[-77.16668,38.073382],[-77.164532,38.072595],[-77.163718,38.071614],[-77.164495,38.069983],[-77.163617,38.068449],[-77.161453,38.066485],[-77.160198,38.066419],[-77.15954,38.064219],[-77.154593,38.063515],[-77.154059,38.06276],[-77.151869,38.062303],[-77.150846,38.061412],[-77.148784,38.061336],[-77.147396,38.059925],[-77.146581,38.058024],[-77.144905,38.057395],[-77.145755,38.056311],[-77.146878,38.055897],[-77.146764,38.054751],[-77.150077,38.05014],[-77.149343,38.049168],[-77.147852,38.047878],[-77.145691,38.048313],[-77.145491,38.046356],[-77.140659,38.047294],[-77.135687,38.04772],[-77.130611,38.045839],[-77.129437,38.044992],[-77.128241,38.041986],[-77.128573,38.04119],[-77.127831,38.039679],[-77.12631,38.039531],[-77.123295,38.03523],[-77.121793,38.033628],[-77.122592,38.031725],[-77.124191,38.031423],[-77.125121,38.029514],[-77.127187,38.029258],[-77.127312,38.027664],[-77.12897,38.024071],[-77.129306,38.022769],[-77.130791,38.020562],[-77.130238,38.019049],[-77.130691,38.017731],[-77.129738,38.016296],[-77.128137,38.015594],[-77.125587,38.015652],[-77.124089,38.014751],[-77.122101,38.015615],[-77.120434,38.013421],[-77.119232,38.01293],[-77.118338,38.01395],[-77.118255,38.014664],[-77.115887,38.015821],[-77.113996,38.016234],[-77.112496,38.014934],[-77.110396,38.014034],[-77.108096,38.014334],[-77.107714,38.013862],[-77.104796,38.013134],[-77.103296,38.011334],[-77.100095,38.010934],[-77.098095,38.011334],[-77.096595,38.013034],[-77.093095,38.012934],[-77.08897,38.013644],[-77.085229,38.00968],[-77.084566,38.008329],[-77.084201,38.006248],[-77.082344,38.002889],[-77.081329,38.002356],[-77.077801,38.00167],[-77.076619,38.000775],[-77.075747,37.997966],[-77.074986,37.996658],[-77.072658,37.994739],[-77.073611,37.994057],[-77.077025,37.991148],[-77.076986,37.989975],[-77.076137,37.988721],[-77.073561,37.986346],[-77.073194,37.985619],[-77.073568,37.983474],[-77.070472,37.977056],[-77.07009,37.975051],[-77.070046,37.974743],[-77.068711,37.971785],[-77.068965,37.970482],[-77.06992,37.966855],[-77.070115,37.96477],[-77.07026,37.96493],[-77.071893,37.968053],[-77.075717,37.968479],[-77.076695,37.967842],[-77.080531,37.968698],[-77.082536,37.967237],[-77.084346,37.965479],[-77.087779,37.964254],[-77.089819,37.963786],[-77.093162,37.963829],[-77.094786,37.964114],[-77.096831,37.963868],[-77.099697,37.964448],[-77.102551,37.968401],[-77.102426,37.969038],[-77.1036,37.970213],[-77.106223,37.971596],[-77.107141,37.971571],[-77.10931,37.971034],[-77.114815,37.971285],[-77.122095,37.970435],[-77.123566,37.970906],[-77.127604,37.971459],[-77.127807,37.971509],[-77.130119,37.971849],[-77.131797,37.971073],[-77.133664,37.970928],[-77.135791,37.971224],[-77.136674,37.971798],[-77.139225,37.971723],[-77.141114,37.970504],[-77.141309,37.97056],[-77.142633,37.971795],[-77.144221,37.972169],[-77.145581,37.971911],[-77.148634,37.972],[-77.152173,37.970095],[-77.153873,37.967608],[-77.156878,37.966115],[-77.159708,37.965506],[-77.163634,37.965726],[-77.165383,37.965172],[-77.167006,37.964129],[-77.172286,37.959324],[-77.172286,37.958369],[-77.174318,37.957106],[-77.175893,37.956881],[-77.176386,37.955804],[-77.179615,37.952347],[-77.181962,37.949577],[-77.178772,37.946743],[-77.179355,37.94593],[-77.181976,37.944766],[-77.182649,37.942262],[-77.18396,37.941432],[-77.183162,37.939697],[-77.183405,37.938478],[-77.181526,37.936627],[-77.180721,37.933749],[-77.179723,37.931893],[-77.179779,37.930405],[-77.178995,37.92918],[-77.178927,37.929124],[-77.178794,37.928955],[-77.179037,37.928038],[-77.179023,37.927175],[-77.179404,37.927],[-77.179661,37.926461],[-77.180146,37.926258],[-77.180139,37.925808],[-77.180632,37.92538],[-77.180493,37.925066],[-77.181013,37.92438],[-77.181082,37.923831],[-77.181436,37.922815],[-77.181561,37.921667],[-77.181443,37.919833],[-77.181492,37.919575],[-77.181214,37.919174],[-77.18169,37.918812],[-77.181492,37.918553],[-77.181797,37.918174],[-77.181963,37.917664],[-77.182878,37.916895],[-77.182968,37.91623],[-77.182719,37.915489],[-77.183003,37.914852],[-77.182968,37.914237],[-77.1838,37.913907],[-77.184812,37.914132],[-77.185103,37.913188],[-77.185407,37.912838],[-77.185727,37.912419],[-77.185928,37.911991],[-77.186136,37.911601],[-77.1864,37.911447],[-77.186414,37.911249],[-77.186053,37.910716],[-77.185894,37.910579],[-77.185769,37.910541],[-77.185381,37.910552],[-77.185214,37.910535],[-77.184986,37.91042],[-77.184916,37.910217],[-77.184972,37.909937],[-77.184785,37.909794],[-77.184348,37.909547],[-77.184132,37.909294],[-77.184043,37.909058],[-77.183925,37.909014],[-77.183766,37.909047],[-77.183703,37.909146],[-77.183939,37.909475],[-77.183918,37.909558],[-77.183752,37.909585],[-77.183523,37.909497],[-77.183343,37.909349],[-77.183031,37.909008],[-77.182851,37.908899],[-77.182449,37.90891],[-77.182123,37.908849],[-77.18188,37.90864],[-77.181811,37.908196],[-77.181728,37.908064],[-77.181478,37.90797],[-77.181201,37.90802],[-77.180778,37.908185],[-77.180432,37.90825],[-77.180099,37.908212],[-77.179946,37.908141],[-77.179898,37.907998],[-77.179988,37.907795],[-77.180244,37.907564],[-77.180238,37.907476],[-77.180044,37.90735],[-77.17951,37.907136],[-77.179212,37.907081],[-77.178664,37.90707],[-77.178387,37.906932],[-77.178318,37.90679],[-77.178338,37.906597],[-77.178539,37.906328],[-77.178519,37.906235],[-77.178422,37.906213],[-77.177694,37.906224],[-77.177042,37.906048],[-77.176363,37.905768],[-77.175816,37.905625],[-77.175365,37.905444],[-77.175129,37.905263],[-77.174873,37.904911],[-77.174679,37.904472],[-77.17463,37.904186],[-77.174624,37.90395],[-77.174679,37.903631],[-77.174769,37.903362],[-77.174894,37.903187],[-77.175033,37.903126],[-77.175365,37.90317],[-77.175469,37.90311],[-77.175462,37.903011],[-77.175185,37.902819],[-77.175213,37.902544],[-77.175456,37.902248],[-77.175712,37.90205],[-77.176121,37.901896],[-77.17637,37.901753],[-77.176613,37.901484],[-77.176807,37.901353],[-77.177008,37.901276],[-77.177382,37.901215],[-77.17775,37.901215],[-77.177868,37.901177],[-77.177937,37.900996],[-77.178103,37.900902],[-77.178561,37.900803],[-77.178803,37.900787],[-77.179191,37.900809],[-77.179441,37.900897],[-77.179732,37.901062],[-77.180176,37.901402],[-77.18055,37.901792],[-77.180654,37.902072],[-77.180688,37.902374],[-77.180688,37.902621],[-77.180647,37.903138],[-77.18055,37.90367],[-77.180577,37.903791],[-77.180827,37.904115],[-77.18118,37.904362],[-77.181361,37.904445],[-77.181686,37.904544],[-77.182068,37.904527],[-77.182262,37.904346],[-77.182497,37.903885],[-77.182837,37.903506],[-77.183156,37.903116],[-77.183412,37.902858],[-77.183634,37.902775],[-77.184235,37.902689],[-77.18441,37.902578],[-77.18448,37.902385],[-77.184452,37.902237],[-77.184494,37.902067],[-77.184771,37.90188],[-77.185034,37.901875],[-77.185277,37.901935],[-77.185526,37.901902],[-77.185845,37.901743],[-77.185949,37.901551],[-77.185949,37.901243],[-77.18615,37.901073],[-77.186309,37.901089],[-77.186732,37.90127],[-77.186912,37.901221],[-77.186961,37.90104],[-77.186739,37.900705],[-77.186788,37.900353],[-77.186746,37.900156],[-77.186503,37.899628],[-77.186483,37.899293],[-77.186545,37.899145],[-77.186843,37.898876],[-77.186954,37.898601],[-77.186933,37.898475],[-77.186815,37.898354],[-77.186587,37.898261],[-77.186289,37.898228],[-77.186115,37.898255],[-77.185977,37.898212],[-77.185672,37.898212],[-77.184792,37.89831],[-77.184251,37.898382],[-77.183898,37.898371],[-77.183773,37.898338],[-77.183523,37.898074],[-77.183343,37.898014],[-77.183191,37.898058],[-77.182622,37.898354],[-77.182449,37.898508],[-77.182414,37.898695],[-77.182206,37.898997],[-77.181999,37.899074],[-77.181742,37.899057],[-77.181624,37.898964],[-77.181556,37.898828],[-77.181575,37.898394],[-77.181431,37.898226],[-77.181251,37.898198],[-77.180899,37.898289],[-77.180638,37.898212],[-77.180566,37.898128],[-77.180467,37.897967],[-77.180494,37.897862],[-77.180819,37.897694],[-77.180873,37.897484],[-77.180801,37.8974],[-77.180441,37.897344],[-77.179891,37.897476],[-77.179711,37.897448],[-77.179549,37.897168],[-77.179595,37.896993],[-77.179937,37.896756],[-77.180026,37.896404],[-77.179794,37.89586],[-77.18001,37.895384],[-77.180164,37.894789],[-77.179741,37.89425],[-77.179759,37.89418],[-77.180029,37.89404],[-77.180138,37.893438],[-77.180724,37.892983],[-77.180805,37.892669],[-77.180625,37.892458],[-77.180445,37.89243],[-77.180337,37.892304],[-77.180364,37.892199],[-77.181418,37.891654],[-77.181949,37.892046],[-77.18221,37.892123],[-77.182489,37.89213],[-77.182706,37.892019],[-77.182814,37.891781],[-77.182841,37.891312],[-77.182958,37.89113],[-77.183166,37.890962],[-77.183742,37.890724],[-77.184093,37.890815],[-77.184534,37.891103],[-77.184814,37.89111],[-77.18503,37.890998],[-77.185084,37.890788],[-77.184967,37.890515],[-77.184976,37.890298],[-77.185553,37.889878],[-77.186202,37.889542],[-77.1864,37.889501],[-77.186652,37.889613],[-77.186751,37.889774],[-77.186589,37.89004],[-77.186282,37.890319],[-77.186246,37.890459],[-77.18639,37.890627],[-77.186642,37.89074],[-77.187002,37.890796],[-77.187074,37.89088],[-77.187497,37.891055],[-77.187965,37.891783],[-77.18819,37.891818],[-77.188298,37.891762],[-77.188443,37.891384],[-77.188722,37.891209],[-77.189784,37.891448],[-77.189947,37.891364],[-77.190055,37.891126],[-77.190226,37.891007],[-77.190496,37.891049],[-77.190775,37.891238],[-77.191676,37.891561],[-77.19209,37.891771],[-77.192297,37.891694],[-77.192567,37.891372],[-77.19273,37.890924],[-77.192928,37.890882],[-77.193189,37.891141],[-77.193414,37.891176],[-77.193738,37.891008],[-77.193891,37.890778],[-77.194504,37.8904],[-77.194612,37.890162],[-77.19509,37.889945],[-77.195396,37.889483],[-77.195782,37.889296],[-77.196612,37.889491],[-77.197107,37.889386],[-77.197494,37.889155],[-77.197639,37.888959],[-77.197837,37.888371],[-77.198107,37.888231],[-77.198666,37.888246],[-77.198837,37.888309],[-77.199143,37.888575],[-77.199764,37.889618],[-77.200268,37.890206],[-77.200438,37.890633],[-77.200681,37.890962],[-77.200834,37.891095],[-77.201213,37.891263],[-77.20295,37.891789],[-77.204391,37.892013],[-77.205193,37.891992],[-77.205454,37.891887],[-77.205526,37.891607],[-77.205445,37.891376],[-77.205049,37.890914],[-77.205022,37.890655],[-77.205094,37.890375],[-77.205365,37.890235],[-77.20559,37.890271],[-77.205968,37.890621],[-77.206112,37.890971],[-77.206229,37.891062],[-77.20658,37.891153],[-77.206904,37.890985],[-77.207274,37.890278],[-77.207526,37.890026],[-77.208723,37.88907],[-77.208913,37.888597],[-77.208822,37.888385],[-77.208591,37.888225],[-77.208244,37.888225],[-77.207438,37.888658],[-77.206915,37.888707],[-77.206533,37.888637],[-77.205132,37.888674],[-77.204941,37.88856],[-77.204945,37.888316],[-77.205055,37.888078],[-77.205051,37.887857],[-77.204962,37.887774],[-77.204495,37.887621],[-77.204386,37.887102],[-77.204599,37.886824],[-77.206321,37.886708],[-77.206483,37.886624],[-77.207005,37.88605],[-77.207555,37.885736],[-77.208284,37.885631],[-77.208825,37.885715],[-77.209329,37.885939],[-77.210202,37.886184],[-77.211417,37.887101],[-77.212201,37.887333],[-77.212534,37.887494],[-77.213164,37.887956],[-77.213947,37.888369],[-77.214605,37.888817],[-77.215095,37.889421],[-77.215658,37.889909],[-77.21627,37.890987],[-77.216324,37.891323],[-77.216152,37.891988],[-77.215909,37.892387],[-77.215206,37.892933],[-77.214099,37.893597],[-77.212279,37.894479],[-77.211982,37.894724],[-77.211883,37.894927],[-77.211775,37.894983],[-77.211711,37.895227],[-77.211594,37.895318],[-77.210918,37.896669],[-77.210603,37.897894],[-77.210629,37.898335],[-77.210701,37.898419],[-77.210692,37.898636],[-77.210764,37.89872],[-77.210737,37.898825],[-77.211142,37.900617],[-77.211277,37.900911],[-77.211493,37.901163],[-77.211619,37.901219],[-77.211943,37.901233],[-77.212393,37.901027],[-77.212484,37.900953],[-77.212628,37.900939],[-77.213042,37.900967],[-77.213438,37.901065],[-77.213636,37.901205],[-77.213898,37.901282],[-77.216086,37.902606],[-77.217437,37.903544],[-77.218137,37.903831],[-77.218364,37.903761],[-77.218481,37.903852],[-77.218977,37.903929],[-77.219688,37.903894],[-77.220085,37.90381],[-77.220355,37.90367],[-77.220553,37.9029],[-77.220814,37.902431],[-77.221202,37.9022],[-77.221382,37.902229],[-77.222012,37.902691],[-77.222832,37.902782],[-77.22321,37.902677],[-77.223274,37.901613],[-77.223751,37.90085],[-77.223859,37.900794],[-77.22503,37.899156],[-77.225355,37.898807],[-77.225688,37.898604],[-77.225886,37.898562],[-77.226517,37.89866],[-77.227102,37.899115],[-77.228156,37.899752],[-77.2283,37.89992],[-77.228137,37.900368],[-77.227912,37.900697],[-77.227741,37.901361],[-77.227777,37.901767],[-77.227895,37.902011],[-77.227984,37.902418],[-77.228272,37.903118],[-77.228254,37.903734],[-77.228362,37.90386],[-77.228992,37.903958],[-77.229218,37.904175],[-77.2292,37.904427],[-77.229055,37.904623],[-77.228983,37.904903],[-77.229109,37.905505],[-77.229686,37.906177],[-77.230028,37.906303],[-77.2301,37.906387],[-77.230181,37.9068],[-77.230325,37.906968],[-77.230793,37.907332],[-77.231874,37.907864],[-77.232144,37.908088],[-77.232586,37.908375],[-77.232784,37.908606],[-77.232856,37.908599],[-77.23345,37.909201],[-77.234802,37.909411],[-77.235099,37.90953],[-77.235802,37.910036],[-77.236351,37.910125],[-77.237144,37.909957],[-77.238531,37.910209],[-77.239594,37.910265],[-77.240233,37.910146],[-77.241044,37.909908],[-77.241422,37.909712],[-77.241679,37.90955],[-77.241864,37.908543],[-77.242134,37.908039],[-77.242782,37.907157],[-77.243152,37.906814],[-77.243485,37.906611],[-77.24414,37.905879],[-77.245106,37.905044],[-77.245394,37.904652],[-77.245502,37.904596],[-77.245565,37.904351],[-77.24525,37.903938],[-77.244421,37.903518],[-77.244124,37.903217],[-77.243953,37.90279],[-77.243962,37.902573],[-77.243827,37.902188],[-77.243079,37.901271],[-77.243061,37.900977],[-77.243162,37.900241],[-77.243762,37.896171],[-77.24536,37.893001],[-77.248459,37.886218],[-77.248221,37.883285],[-77.247458,37.882659],[-77.247054,37.880221],[-77.24809,37.87747],[-77.248063,37.877299],[-77.24764,37.876245],[-77.249341,37.87485],[-77.25027,37.872431],[-77.25228,37.870927],[-77.254552,37.868696],[-77.262271,37.863806],[-77.27188,37.851768],[-77.27385,37.84955],[-77.279312,37.844365],[-77.281304,37.843493],[-77.287578,37.84388],[-77.288335,37.843393],[-77.288875,37.841789],[-77.288905,37.841699],[-77.290735,37.836262],[-77.295993,37.831599],[-77.299259,37.828694],[-77.302081,37.82619],[-77.304704,37.823881],[-77.306366,37.822398],[-77.315057,37.816325],[-77.327825,37.807371],[-77.330124,37.805738],[-77.333055,37.801484],[-77.335694,37.799562],[-77.345575,37.792204],[-77.345248,37.789543],[-77.345223,37.789285],[-77.347517,37.789019],[-77.348493,37.788813],[-77.349339,37.788893],[-77.350268,37.789431],[-77.351171,37.790484],[-77.351574,37.791289],[-77.351725,37.792006],[-77.351738,37.793465],[-77.352208,37.794234],[-77.353066,37.795052],[-77.355535,37.796305],[-77.357474,37.796998],[-77.358,37.797055],[-77.35905,37.797148],[-77.359294,37.797157],[-77.359786,37.797229],[-77.360332,37.797271],[-77.360781,37.797371],[-77.361568,37.797386],[-77.361925,37.797459],[-77.36226,37.797653],[-77.36233,37.797661],[-77.362453,37.797429],[-77.362469,37.797088],[-77.36245,37.796533],[-77.362385,37.796224],[-77.362296,37.795938],[-77.362296,37.795782],[-77.362388,37.795425],[-77.362504,37.795232],[-77.362848,37.794958],[-77.36344,37.794724],[-77.363627,37.794681],[-77.364132,37.794504],[-77.364863,37.794191],[-77.365013,37.794144],[-77.365855,37.79379],[-77.366146,37.793595],[-77.36642,37.793311],[-77.366548,37.793086],[-77.366593,37.792928],[-77.366618,37.792576],[-77.366499,37.792063],[-77.366421,37.79185],[-77.366458,37.791482],[-77.366424,37.791204],[-77.366356,37.791011],[-77.366193,37.7909],[-77.365508,37.790764],[-77.365334,37.790828],[-77.364462,37.790941],[-77.36431,37.790945],[-77.364042,37.790896],[-77.363697,37.790776],[-77.363409,37.790434],[-77.363205,37.790348],[-77.362945,37.790121],[-77.362879,37.789887],[-77.362746,37.789559],[-77.362774,37.789184],[-77.362716,37.78901],[-77.362799,37.788753],[-77.363041,37.788586],[-77.3635,37.788452],[-77.363776,37.7884],[-77.364193,37.788383],[-77.364389,37.788331],[-77.36471,37.788463],[-77.365078,37.788683],[-77.36517,37.788789],[-77.36546,37.788736],[-77.365601,37.7887],[-77.365681,37.788694],[-77.365768,37.788704],[-77.365952,37.788731],[-77.366146,37.788773],[-77.366437,37.788816],[-77.366826,37.788879],[-77.367158,37.78888],[-77.367355,37.788905],[-77.367393,37.788895],[-77.36755,37.788875],[-77.36771,37.788885],[-77.367804,37.788907],[-77.368053,37.788943],[-77.368102,37.788942],[-77.36821,37.788939],[-77.368385,37.788952],[-77.368594,37.788952],[-77.368671,37.788938],[-77.368806,37.788917],[-77.368899,37.788912],[-77.369065,37.788894],[-77.369365,37.788813],[-77.369824,37.788672],[-77.369909,37.78865],[-77.37069,37.788242],[-77.371342,37.787213],[-77.371484,37.786682],[-77.370771,37.784255],[-77.370744,37.783599],[-77.371066,37.782173],[-77.371322,37.780614],[-77.371997,37.779482],[-77.372058,37.779405],[-77.372726,37.778549],[-77.373677,37.777013],[-77.374698,37.776365],[-77.375507,37.776168],[-77.376848,37.776169],[-77.378372,37.776307],[-77.378736,37.776482],[-77.37974,37.777366],[-77.380867,37.777786],[-77.382034,37.777828],[-77.382639,37.777748],[-77.383578,37.777414],[-77.384228,37.777319],[-77.385481,37.77742],[-77.386229,37.777789],[-77.386984,37.778474],[-77.387517,37.778749],[-77.388348,37.778854],[-77.389269,37.778794],[-77.390286,37.778574],[-77.391316,37.778229],[-77.392251,37.778001],[-77.393725,37.777799],[-77.394878,37.777422],[-77.396333,37.777209],[-77.397317,37.777289],[-77.398023,37.777457],[-77.398215,37.777831],[-77.398241,37.778322],[-77.398586,37.778915],[-77.399145,37.779504],[-77.399925,37.779714],[-77.40348,37.779361],[-77.404501,37.77977],[-77.405065,37.780177],[-77.405731,37.781355],[-77.405883,37.78206],[-77.405622,37.783252],[-77.403688,37.785925],[-77.403182,37.78622],[-77.402715,37.786268],[-77.401291,37.786126],[-77.399525,37.785824],[-77.399179,37.785736],[-77.3991,37.785715],[-77.398767,37.785638],[-77.398604,37.785576],[-77.398375,37.785487],[-77.398151,37.785425],[-77.397696,37.785288],[-77.397476,37.785219],[-77.397161,37.785082],[-77.396799,37.784883],[-77.396511,37.784716],[-77.396322,37.784627],[-77.396124,37.784543],[-77.395962,37.784498],[-77.395663,37.784453],[-77.395452,37.784436],[-77.395205,37.784413],[-77.394889,37.784395],[-77.394544,37.784357],[-77.394246,37.784353],[-77.394045,37.784353],[-77.393935,37.784372],[-77.393723,37.784385],[-77.393624,37.78438],[-77.393515,37.784389],[-77.393383,37.784416],[-77.393241,37.784488],[-77.393057,37.784553],[-77.392859,37.784741],[-77.392716,37.78487],[-77.392555,37.784988],[-77.392399,37.785118],[-77.392274,37.785243],[-77.392069,37.785427],[-77.392011,37.785498],[-77.391883,37.785734],[-77.391826,37.785835],[-77.39171,37.785959],[-77.391592,37.786086],[-77.391507,37.786207],[-77.391421,37.786309],[-77.391267,37.786426],[-77.39108,37.78655],[-77.391036,37.786585],[-77.390935,37.78689],[-77.39103,37.787006],[-77.39154,37.787252],[-77.391941,37.78738],[-77.392498,37.787506],[-77.392752,37.787582],[-77.393368,37.787925],[-77.393944,37.788171],[-77.394446,37.788365],[-77.39495,37.78852],[-77.395645,37.788801],[-77.395894,37.788874],[-77.396382,37.788973],[-77.397008,37.789138],[-77.397226,37.789236],[-77.397486,37.789458],[-77.397683,37.789585],[-77.397981,37.789878],[-77.398109,37.79015],[-77.398226,37.790321],[-77.398352,37.790799],[-77.398304,37.791239],[-77.398243,37.791517],[-77.398077,37.792012],[-77.397975,37.792464],[-77.397733,37.793248],[-77.397753,37.79338],[-77.397203,37.794673],[-77.397148,37.794928],[-77.396982,37.795498],[-77.396864,37.796108],[-77.396838,37.796463],[-77.396754,37.796655],[-77.396659,37.797165],[-77.396548,37.797575],[-77.396046,37.798858],[-77.395875,37.799196],[-77.395808,37.799388],[-77.395621,37.800102],[-77.395497,37.800941],[-77.395427,37.801288],[-77.395314,37.801695],[-77.395243,37.802442],[-77.395328,37.802877],[-77.395491,37.803238],[-77.395671,37.803502],[-77.395928,37.803832],[-77.3963,37.804193],[-77.396449,37.804302],[-77.396837,37.804434],[-77.397589,37.804342],[-77.398137,37.804385],[-77.398675,37.804504],[-77.399121,37.80463],[-77.39947,37.804756],[-77.399759,37.804933],[-77.400198,37.805308],[-77.400624,37.805526],[-77.40087,37.805561],[-77.401201,37.80565],[-77.402044,37.805734],[-77.402735,37.80565],[-77.403022,37.805568],[-77.403271,37.80544],[-77.403562,37.805233],[-77.403747,37.805037],[-77.403911,37.804761],[-77.404113,37.804194],[-77.404461,37.803726],[-77.405216,37.803071],[-77.405704,37.802869],[-77.406118,37.802812],[-77.40645,37.802837],[-77.406865,37.802981],[-77.407257,37.803073],[-77.407603,37.803218],[-77.407813,37.80333],[-77.408847,37.803083],[-77.409189,37.802915],[-77.409817,37.802095],[-77.410765,37.801133],[-77.412544,37.799814],[-77.415642,37.79897],[-77.418533,37.798534],[-77.420241,37.798591],[-77.421902,37.79931],[-77.422011,37.799414],[-77.422724,37.799733],[-77.423219,37.799802],[-77.423502,37.799819],[-77.424536,37.799879],[-77.424964,37.799627],[-77.425664,37.798203],[-77.426175,37.797579],[-77.426702,37.797384],[-77.427151,37.797426],[-77.430056,37.798305],[-77.431076,37.798897],[-77.432532,37.799481],[-77.434795,37.800511],[-77.435849,37.800721],[-77.435977,37.800948],[-77.435981,37.801622],[-77.43613,37.801879],[-77.436952,37.802249],[-77.437671,37.802292],[-77.43893,37.802113],[-77.440427,37.802227],[-77.441101,37.802418],[-77.441357,37.802911],[-77.44224,37.803619],[-77.442993,37.803866],[-77.443628,37.80386],[-77.445184,37.803459],[-77.446043,37.803327],[-77.446077,37.803211],[-77.446607,37.799404],[-77.447285,37.794096],[-77.449478,37.793919],[-77.448855,37.797394],[-77.450226,37.797972],[-77.451155,37.79715],[-77.452948,37.794604],[-77.456924,37.797286],[-77.459767,37.798511],[-77.461057,37.799023],[-77.460304,37.791911],[-77.462357,37.790496],[-77.465618,37.789543],[-77.46692,37.789175],[-77.47033,37.788205],[-77.470361,37.789611],[-77.471567,37.790115],[-77.471844,37.791727],[-77.47218,37.791994],[-77.472792,37.789428],[-77.473703,37.787382],[-77.476528,37.777063],[-77.482258,37.778864],[-77.483466,37.779244],[-77.484323,37.779513],[-77.484317,37.778493],[-77.484305,37.77827],[-77.484174,37.776322],[-77.484136,37.775541],[-77.491264,37.775581],[-77.492432,37.77507],[-77.492924,37.77409],[-77.495912,37.773148],[-77.499629,37.772194],[-77.500871,37.773881],[-77.50332,37.774911],[-77.507068,37.775056],[-77.508676,37.777302],[-77.509359,37.777077],[-77.508357,37.7755],[-77.509629,37.776572],[-77.511476,37.775897],[-77.513413,37.776156],[-77.515813,37.776991],[-77.516641,37.776693]]]]}},{"type":"Feature","properties":{"id":2,"NAME":"2","TotalPop":784672,"PopDevPct":-1.2e-7,"DemPct":0.49060194,"RepPct":0.49323156,"WhitePct":0.61291672,"MinorityPct":0.38708328,"BlackPct":0.23954824,"HispanicPct":0.06289753,"PacificPct":0.00365258,"AsianPct":0.06944823,"NativePct":0.02161206,"TotalVAP":609706,"Margin":-0.00939806,"color":"#000094","opacity":"0.5"},"geometry":{"type":"MultiPolygon","coordinates":[[[[-76.026721,36.55047],[-76.013718,36.550434],[-76.010019,36.550423],[-76.004003,36.550432],[-76.00258,36.550436],[-75.984229,36.550488],[-75.962842,36.550544],[-75.958108,36.550557],[-75.956112,36.550553],[-75.953397,36.550568],[-75.953228,36.550568],[-75.928004,36.550627],[-75.922297,36.550604],[-75.911522,36.55057],[-75.909745,36.550564],[-75.904868,36.550547],[-75.904082,36.550544],[-75.901005,36.550534],[-75.894659,36.550511],[-75.893482,36.550507],[-75.89143,36.550499],[-75.887416,36.550485],[-75.886301,36.550481],[-75.876043,36.550443],[-75.867494,36.550411],[-75.866002,36.550396],[-75.854355,36.550283],[-75.797497,36.550916],[-75.800435,36.56274],[-75.819825,36.625153],[-75.823618,36.632295],[-75.829758,36.644632],[-75.834038,36.654572],[-75.843991,36.679773],[-75.862119,36.714051],[-75.874647,36.744305],[-75.878943,36.760117],[-75.887373,36.791148],[-75.901039,36.841451],[-75.905263,36.856998],[-75.90933,36.87197],[-75.914017,36.88922],[-75.926847,36.936462],[-75.928307,36.938179],[-75.909491,36.990708],[-75.905749,37.000144],[-75.889676,37.054515],[-75.874651,37.067561],[-75.869409,37.073951],[-75.854547,37.079349],[-75.835631,37.095006],[-75.827525,37.105263],[-75.824147,37.110122],[-75.805907,37.116061],[-75.797035,37.125145],[-75.781587,37.137116],[-75.766049,37.154932],[-75.749643,37.175097],[-75.744639,37.182349],[-75.742831,37.192907],[-75.740119,37.196986],[-75.729271,37.216901],[-75.728367,37.235617],[-75.732284,37.245694],[-75.727821,37.250141],[-75.715377,37.269972],[-75.715515,37.275687],[-75.691846,37.300159],[-75.678964,37.312577],[-75.65659,37.323914],[-75.644386,37.34227],[-75.640318,37.363865],[-75.643456,37.372864],[-75.624645,37.396951],[-75.618253,37.402263],[-75.604026,37.422024],[-75.603959,37.43259],[-75.597441,37.450988],[-75.596046,37.453133],[-75.596044,37.461187],[-75.595642,37.465584],[-75.592499,37.470898],[-75.58911,37.477857],[-75.583236,37.486503],[-75.579639,37.494637],[-75.574651,37.500135],[-75.555061,37.526677],[-75.55346,37.527296],[-75.544908,37.534673],[-75.541934,37.53756],[-75.537256,37.543424],[-75.535296,37.546201],[-75.532637,37.551139],[-75.529901,37.556717],[-75.528423,37.561308],[-75.527338,37.567175],[-75.526913,37.571084],[-75.526915,37.575663],[-75.527467,37.580103],[-75.528056,37.582755],[-75.529318,37.587529],[-75.531096,37.591823],[-75.53428,37.597049],[-75.537499,37.601501],[-75.541779,37.606145],[-75.534647,37.625132],[-75.533183,37.629884],[-75.530882,37.631713],[-75.528543,37.633945],[-75.525375,37.637459],[-75.520893,37.644305],[-75.51846,37.649426],[-75.517195,37.65333],[-75.516925,37.654833],[-75.516264,37.65703],[-75.515717,37.660964],[-75.515437,37.666105],[-75.515962,37.671538],[-75.510878,37.681855],[-75.509931,37.683459],[-75.507746,37.688654],[-75.506748,37.689627],[-75.503248,37.694318],[-75.499645,37.700731],[-75.498318,37.703669],[-75.497116,37.707045],[-75.492092,37.714243],[-75.489423,37.719342],[-75.487225,37.724877],[-75.483011,37.728267],[-75.478344,37.733241],[-75.475954,37.736554],[-75.473071,37.741722],[-75.470345,37.748188],[-75.470066,37.750125],[-75.46907,37.752826],[-75.467279,37.756274],[-75.464766,37.759663],[-75.463408,37.763986],[-75.461667,37.768251],[-75.460933,37.771356],[-75.417073,37.82105],[-75.409285,37.820919],[-75.405008,37.818532],[-75.399286,37.815725],[-75.393688,37.813516],[-75.386951,37.811724],[-75.380174,37.810404],[-75.374643,37.81032],[-75.366857,37.809789],[-75.360125,37.810186],[-75.349468,37.811982],[-75.337979,37.815232],[-75.32791,37.820669],[-75.320964,37.824979],[-75.312209,37.830612],[-75.303132,37.838169],[-75.296004,37.845752],[-75.29124,37.852619],[-75.288069,37.857624],[-75.281622,37.865845],[-75.278735,37.869668],[-75.274981,37.875124],[-75.270444,37.882602],[-75.265916,37.891126],[-75.263056,37.897088],[-75.259191,37.904332],[-75.253058,37.913736],[-75.249636,37.918628],[-75.241758,37.931532],[-75.238073,37.93539],[-75.188003,38.000121],[-75.177078,38.01342],[-75.166435,38.027834],[-75.168349,38.027934],[-75.223762,38.02735],[-75.242123,38.027034],[-75.249609,38.026715],[-75.252711,38.026461],[-75.255911,38.026206],[-75.260652,38.025762],[-75.262022,38.025656],[-75.263797,38.0255],[-75.284622,38.023656],[-75.323157,38.020155],[-75.377853,38.015165],[-75.388496,38.014212],[-75.394172,38.013693],[-75.396979,38.013438],[-75.397764,38.013063],[-75.397878,38.013101],[-75.398498,38.013258],[-75.411495,38.012255],[-75.415306,38.011944],[-75.422544,38.011347],[-75.425455,38.011095],[-75.428885,38.010889],[-75.438232,38.010088],[-75.448844,38.009315],[-75.449363,38.009273],[-75.459648,38.008429],[-75.461326,38.008276],[-75.468115,38.007697],[-75.486227,38.006102],[-75.490119,38.005782],[-75.493055,38.005541],[-75.502783,38.004738],[-75.504402,38.004599],[-75.508593,38.004229],[-75.509401,38.004162],[-75.52404,38.002943],[-75.530296,38.002413],[-75.539999,38.001336],[-75.541739,38.001364],[-75.541951,38.001358],[-75.545059,38.001135],[-75.556314,38.000121],[-75.559547,37.999937],[-75.567703,37.999186],[-75.568641,37.999094],[-75.572013,37.99885],[-75.581328,37.998003],[-75.598898,37.996504],[-75.599983,37.996431],[-75.60045,37.996396],[-75.600841,37.996359],[-75.60987,37.995491],[-75.614064,37.995255],[-75.623369,37.994337],[-75.624449,37.994195],[-75.624828,37.99145],[-75.625611,37.989798],[-75.627607,37.988519],[-75.630868,37.987816],[-75.632532,37.986691],[-75.633412,37.985428],[-75.633979,37.983553],[-75.631433,37.980497],[-75.629093,37.978244],[-75.628839,37.976787],[-75.629532,37.975963],[-75.632008,37.976018],[-75.634209,37.97767],[-75.635735,37.979534],[-75.637319,37.979723],[-75.639302,37.978715],[-75.640914,37.977235],[-75.642833,37.974229],[-75.643739,37.971337],[-75.644725,37.969775],[-75.648228,37.966771],[-75.648145,37.965372],[-75.647606,37.947025],[-75.648214,37.946862],[-75.655681,37.945433],[-75.6653,37.949511],[-75.667805,37.950091],[-75.683447,37.953769],[-75.691321,37.955496],[-75.704634,37.954698],[-75.714438,37.952413],[-75.721837,37.95057],[-75.739909,37.946319],[-75.749652,37.944126],[-75.761642,37.941366],[-75.801209,37.912191],[-75.813907,37.912039],[-75.874654,37.911397],[-75.882939,37.911335],[-75.902676,37.91006],[-75.952672,37.906827],[-75.943693,37.946133],[-75.993338,37.953487],[-75.99474,37.95346],[-76.002963,37.953603],[-76.003509,37.953602],[-76.005808,37.953599],[-76.017562,37.953617],[-76.020834,37.953805],[-76.030121,37.953653],[-76.038024,37.953975],[-76.041467,37.95401],[-76.045541,37.95364],[-76.050255,37.953581],[-76.052021,37.953578],[-76.124661,37.928708],[-76.233415,37.887638],[-76.236458,37.886605],[-76.23643,37.886486],[-76.233717,37.875127],[-76.220909,37.830146],[-76.205229,37.775076],[-76.198126,37.75013],[-76.175687,37.671626],[-76.168125,37.644819],[-76.162572,37.625131],[-76.161533,37.625131],[-76.151711,37.585968],[-76.140845,37.542587],[-76.140835,37.54222],[-76.139753,37.500132],[-76.139103,37.468813],[-76.139062,37.466884],[-76.138222,37.426364],[-76.13716,37.375135],[-76.136307,37.28279],[-76.136301,37.282137],[-76.13586,37.232018],[-76.13552,37.19197],[-76.135016,37.125142],[-76.134941,37.117603],[-76.133981,37.056083],[-76.133748,37.041142],[-76.133872,37.040886],[-76.153712,37.000146],[-76.158378,36.990129],[-76.177275,36.94957],[-76.177663,36.948001],[-76.179803,36.939347],[-76.181159,36.933147],[-76.181426,36.931768],[-76.177246,36.931669],[-76.177092,36.930054],[-76.176325,36.922006],[-76.176765,36.921031],[-76.179467,36.921179],[-76.182472,36.921766],[-76.183419,36.922595],[-76.187509,36.922912],[-76.187923,36.921865],[-76.18915,36.918978],[-76.190384,36.918657],[-76.19258,36.918184],[-76.192531,36.918035],[-76.190231,36.91329],[-76.190072,36.913035],[-76.189943,36.912814],[-76.18981,36.912629],[-76.189574,36.912352],[-76.1892,36.912034],[-76.188591,36.911632],[-76.187011,36.91055],[-76.186013,36.909884],[-76.185758,36.909689],[-76.185507,36.90946],[-76.185148,36.90909],[-76.184705,36.908621],[-76.184398,36.9083],[-76.18414,36.908019],[-76.183774,36.907686],[-76.183464,36.907435],[-76.183109,36.907191],[-76.182769,36.906999],[-76.182444,36.906855],[-76.182062,36.906685],[-76.182012,36.906668],[-76.182076,36.906597],[-76.188285,36.899756],[-76.192559,36.895047],[-76.193959,36.893847],[-76.196459,36.889647],[-76.198459,36.886642],[-76.197691,36.885277],[-76.197589,36.885097],[-76.19752,36.884975],[-76.195559,36.881947],[-76.193122,36.877425],[-76.193015,36.877298],[-76.188569,36.87419],[-76.188443,36.874108],[-76.189852,36.873644],[-76.190359,36.869347],[-76.191459,36.867047],[-76.193202,36.865336],[-76.191759,36.863747],[-76.190259,36.863247],[-76.189759,36.862447],[-76.187033,36.862547],[-76.185318,36.86177],[-76.185059,36.861647],[-76.185115,36.861255],[-76.185122,36.861209],[-76.185159,36.860947],[-76.179694,36.858315],[-76.178592,36.85786],[-76.177005,36.857021],[-76.176905,36.856971],[-76.177108,36.856205],[-76.177637,36.854364],[-76.177672,36.8542],[-76.178573,36.851453],[-76.179003,36.850571],[-76.179467,36.849683],[-76.180512,36.848668],[-76.180753,36.848433],[-76.181883,36.847241],[-76.183058,36.846003],[-76.183215,36.845839],[-76.184637,36.844331],[-76.185921,36.842979],[-76.187624,36.842118],[-76.187763,36.842045],[-76.189378,36.841106],[-76.189779,36.840772],[-76.19046,36.840279],[-76.190595,36.840172],[-76.191454,36.839435],[-76.191843,36.838775],[-76.192202,36.838076],[-76.193557,36.83559],[-76.194856,36.83331],[-76.194928,36.832264],[-76.194737,36.830055],[-76.194742,36.829967],[-76.19543,36.829828],[-76.195799,36.829672],[-76.197259,36.828148],[-76.200159,36.827948],[-76.201389,36.829409],[-76.204563,36.830487],[-76.206859,36.832647],[-76.210412,36.832907],[-76.210654,36.832869],[-76.213959,36.832347],[-76.21726,36.833547],[-76.21876,36.835147],[-76.22306,36.837747],[-76.22606,36.839947],[-76.22616,36.839247],[-76.22516,36.837047],[-76.226142,36.835839],[-76.22776,36.833847],[-76.22806,36.832874],[-76.227599,36.831442],[-76.226833,36.829275],[-76.226084,36.827266],[-76.225814,36.826543],[-76.225154,36.824846],[-76.22452,36.823375],[-76.2242,36.82249],[-76.223249,36.819972],[-76.223164,36.819813],[-76.222705,36.818541],[-76.22235,36.817614],[-76.221572,36.815657],[-76.221365,36.815161],[-76.221,36.814686],[-76.220601,36.814167],[-76.22056,36.814048],[-76.220412,36.813602],[-76.220221,36.81303],[-76.220011,36.812552],[-76.219331,36.810941],[-76.219272,36.810797],[-76.218902,36.809876],[-76.218845,36.809702],[-76.218704,36.809276],[-76.218258,36.807919],[-76.217629,36.806339],[-76.216347,36.80354],[-76.214791,36.799148],[-76.213635,36.79599],[-76.21302,36.794498],[-76.212882,36.794165],[-76.211772,36.791214],[-76.206447,36.777048],[-76.214136,36.778945],[-76.215195,36.7808],[-76.216109,36.780889],[-76.215385,36.77931],[-76.215645,36.779482],[-76.215195,36.778475],[-76.215401,36.77764],[-76.215288,36.776815],[-76.214885,36.776215],[-76.214754,36.775653],[-76.214932,36.775353],[-76.215438,36.775025],[-76.215363,36.774134],[-76.215645,36.773947],[-76.217098,36.773553],[-76.217791,36.773524],[-76.218055,36.773514],[-76.218261,36.77268],[-76.218911,36.770605],[-76.219626,36.768986],[-76.216502,36.767828],[-76.214202,36.766952],[-76.214584,36.766306],[-76.215333,36.765591],[-76.21868,36.764753],[-76.225268,36.76287],[-76.224114,36.759709],[-76.224065,36.757474],[-76.221861,36.756965],[-76.220305,36.755117],[-76.218733,36.754825],[-76.219698,36.753172],[-76.22488,36.753087],[-76.22456,36.75134],[-76.225647,36.750371],[-76.225735,36.747677],[-76.225834,36.745255],[-76.22597,36.7452],[-76.232395,36.751223],[-76.237477,36.755812],[-76.241107,36.759059],[-76.242158,36.759987],[-76.243139,36.759055],[-76.244039,36.759692],[-76.244701,36.760255],[-76.245558,36.759581],[-76.248248,36.758564],[-76.248506,36.758507],[-76.24923,36.757708],[-76.248647,36.756509],[-76.248099,36.755314],[-76.245887,36.749293],[-76.246736,36.749108],[-76.249282,36.748404],[-76.251921,36.745042],[-76.251691,36.744919],[-76.251784,36.744779],[-76.251915,36.744778],[-76.252109,36.744731],[-76.253121,36.743365],[-76.253088,36.7431],[-76.253274,36.742767],[-76.253426,36.742562],[-76.256215,36.744312],[-76.257116,36.743063],[-76.258058,36.744105],[-76.259537,36.744996],[-76.261303,36.745894],[-76.262736,36.746632],[-76.266829,36.74801],[-76.268451,36.748831],[-76.26987,36.74992],[-76.27053,36.751374],[-76.271636,36.754172],[-76.271683,36.754329],[-76.273364,36.753719],[-76.278404,36.751798],[-76.280175,36.750967],[-76.281566,36.751974],[-76.282794,36.751871],[-76.283474,36.752912],[-76.283024,36.75309],[-76.282944,36.75369],[-76.282406,36.754136],[-76.283352,36.753845],[-76.283873,36.753587],[-76.284295,36.754014],[-76.284749,36.75377],[-76.284815,36.753386],[-76.28462,36.753163],[-76.285724,36.753147],[-76.286118,36.752767],[-76.286638,36.752861],[-76.287575,36.753316],[-76.287616,36.753388],[-76.287576,36.753479],[-76.28759,36.753517],[-76.287627,36.753578],[-76.28766,36.753634],[-76.28767,36.753714],[-76.287656,36.753728],[-76.287618,36.753718],[-76.287595,36.753709],[-76.287599,36.753742],[-76.287613,36.753793],[-76.287613,36.753831],[-76.287604,36.753911],[-76.287632,36.753948],[-76.287768,36.754032],[-76.287801,36.754103],[-76.287843,36.754178],[-76.287796,36.754267],[-76.287745,36.7543],[-76.287688,36.754318],[-76.287646,36.754323],[-76.287576,36.7543],[-76.287496,36.754271],[-76.287468,36.754271],[-76.287449,36.754281],[-76.287356,36.754268],[-76.287388,36.754498],[-76.287798,36.757137],[-76.287853,36.75749],[-76.287864,36.757565],[-76.288091,36.759092],[-76.288205,36.75983],[-76.287113,36.759935],[-76.286072,36.760038],[-76.285058,36.760137],[-76.28402,36.760247],[-76.282996,36.760346],[-76.282971,36.760398],[-76.28264,36.761202],[-76.284908,36.761772],[-76.285171,36.760952],[-76.286245,36.761219],[-76.287347,36.7615],[-76.288433,36.761358],[-76.288666,36.762883],[-76.291434,36.762446],[-76.291898,36.759367],[-76.291873,36.759263],[-76.291095,36.757662],[-76.294802,36.757926],[-76.294773,36.757845],[-76.297776,36.758067],[-76.303877,36.758525],[-76.317078,36.759325],[-76.323432,36.759588],[-76.328591,36.759384],[-76.333313,36.75914],[-76.34468,36.758532],[-76.344854,36.758521],[-76.344826,36.758785],[-76.344319,36.763176],[-76.344383,36.763677],[-76.344325,36.7667],[-76.34435,36.766964],[-76.344286,36.767469],[-76.343033,36.767578],[-76.342028,36.767742],[-76.341026,36.767909],[-76.340024,36.768189],[-76.34001,36.76905],[-76.340992,36.769115],[-76.341989,36.769095],[-76.342984,36.769072],[-76.344189,36.769075],[-76.344321,36.770067],[-76.343825,36.770487],[-76.339748,36.77047],[-76.339651,36.772441],[-76.342709,36.772372],[-76.345535,36.772313],[-76.358889,36.772029],[-76.359026,36.772133],[-76.364531,36.772014],[-76.366839,36.773986],[-76.369712,36.775418],[-76.371371,36.775901],[-76.386767,36.778828],[-76.389253,36.779594],[-76.391712,36.780839],[-76.394425,36.783282],[-76.39446,36.783335],[-76.395355,36.783201],[-76.397012,36.786246],[-76.399842,36.787423],[-76.406929,36.785327],[-76.409738,36.785172],[-76.412923,36.785468],[-76.412205,36.785758],[-76.412974,36.785826],[-76.41282,36.785898],[-76.413406,36.785946],[-76.413158,36.786637],[-76.413528,36.787347],[-76.413629,36.787517],[-76.417946,36.78827],[-76.420173,36.788135],[-76.423246,36.787066],[-76.423531,36.786869],[-76.427854,36.783049],[-76.430252,36.781518],[-76.432314,36.780668],[-76.438198,36.778821],[-76.438875,36.78086],[-76.443673,36.78521],[-76.445161,36.787431],[-76.447808,36.787288],[-76.450152,36.786768],[-76.45056,36.784674],[-76.451711,36.784045],[-76.458503,36.781916],[-76.460002,36.782505],[-76.461781,36.782566],[-76.461251,36.786533],[-76.460783,36.790036],[-76.460289,36.793735],[-76.457469,36.814841],[-76.456168,36.816948],[-76.450689,36.826708],[-76.443655,36.837208],[-76.441707,36.840097],[-76.441653,36.840173],[-76.44163,36.840206],[-76.441538,36.840338],[-76.441215,36.840799],[-76.441092,36.840969],[-76.441032,36.841052],[-76.44067,36.841553],[-76.440801,36.842058],[-76.440995,36.842415],[-76.440244,36.843471],[-76.439122,36.844689],[-76.438607,36.845541],[-76.43854,36.845673],[-76.437652,36.846467],[-76.43682,36.847396],[-76.436535,36.847752],[-76.431436,36.853786],[-76.430999,36.854291],[-76.430639,36.854711],[-76.421968,36.864848],[-76.421377,36.865342],[-76.421312,36.865403],[-76.420368,36.866348],[-76.419294,36.867608],[-76.41914,36.867787],[-76.418994,36.86796],[-76.417319,36.869933],[-76.413434,36.874257],[-76.411067,36.876148],[-76.407894,36.877898],[-76.407099,36.877954],[-76.405321,36.881113],[-76.405234,36.883186],[-76.40461,36.885437],[-76.404908,36.885591],[-76.405641,36.885636],[-76.405758,36.885835],[-76.405693,36.887106],[-76.405632,36.887796],[-76.405975,36.888917],[-76.406355,36.889649],[-76.407087,36.889939],[-76.407476,36.890544],[-76.407304,36.890942],[-76.406617,36.891421],[-76.405957,36.891421],[-76.405243,36.891168],[-76.404667,36.891148],[-76.404556,36.891491],[-76.404792,36.89211],[-76.404667,36.89261],[-76.404155,36.89331],[-76.403942,36.89396],[-76.404392,36.894523],[-76.40584,36.895107],[-76.406842,36.89566],[-76.40733,36.896085],[-76.407768,36.896648],[-76.403567,36.900848],[-76.399567,36.930947],[-76.400836,36.930691],[-76.406778,36.930775],[-76.407059,36.930781],[-76.41802,36.932275],[-76.42298,36.933251],[-76.434789,36.935283],[-76.439125,36.937139],[-76.442453,36.939315],[-76.445301,36.941891],[-76.44983,36.948307],[-76.452422,36.952771],[-76.454246,36.955491],[-76.459039,36.963881],[-76.460086,36.965763],[-76.463876,36.970463],[-76.468183,36.975027],[-76.471479,36.977939],[-76.473735,36.979507],[-76.486112,36.988541],[-76.486198,36.988604],[-76.49209,36.992889],[-76.499673,36.998355],[-76.499673,36.998506],[-76.50398,37.001713],[-76.53593,37.023699],[-76.550891,37.034245],[-76.597084,37.066803],[-76.603989,37.072394],[-76.624573,37.089059],[-76.628205,37.092755],[-76.645821,37.125155],[-76.646093,37.127411],[-76.643965,37.135331],[-76.643245,37.139187],[-76.641581,37.153827],[-76.671588,37.14206],[-76.671927,37.141921],[-76.67379,37.140979],[-76.675422,37.139043],[-76.675742,37.136499],[-76.674654,37.135043],[-76.672606,37.133875],[-76.672654,37.132771],[-76.675822,37.132147],[-76.678222,37.130403],[-76.679806,37.127923],[-76.680286,37.126291],[-76.68019,37.123523],[-76.67979,37.121123],[-76.679966,37.117683],[-76.678606,37.115427],[-76.677086,37.114451],[-76.677134,37.113923],[-76.679102,37.112627],[-76.679358,37.111427],[-76.67779,37.109811],[-76.675502,37.109123],[-76.675294,37.108099],[-76.676398,37.106835],[-76.67739,37.104707],[-76.67843,37.104051],[-76.679454,37.105907],[-76.681118,37.106883],[-76.682622,37.105027],[-76.68419,37.103891],[-76.68419,37.103171],[-76.682974,37.101971],[-76.682078,37.098659],[-76.683662,37.097811],[-76.684142,37.097011],[-76.683614,37.095923],[-76.681934,37.094515],[-76.681694,37.093779],[-76.683838,37.092628],[-76.684318,37.091796],[-76.683822,37.090836],[-76.684478,37.088164],[-76.687871,37.087316],[-76.687853,37.085959],[-76.688383,37.085556],[-76.689775,37.085124],[-76.690511,37.085396],[-76.691087,37.08546],[-76.692591,37.08506],[-76.693376,37.084722],[-76.693727,37.084628],[-76.695647,37.083284],[-76.695071,37.082468],[-76.693759,37.082164],[-76.693407,37.080452],[-76.695007,37.07666],[-76.693322,37.074838],[-76.693391,37.073556],[-76.694463,37.072884],[-76.695151,37.07266],[-76.696159,37.072564],[-76.696815,37.071844],[-76.697183,37.070996],[-76.699151,37.06874],[-76.699839,37.06786],[-76.700751,37.066932],[-76.701183,37.066196],[-76.701151,37.065284],[-76.700991,37.064324],[-76.700655,37.063572],[-76.699967,37.062852],[-76.698879,37.062164],[-76.697967,37.061268],[-76.697615,37.060484],[-76.697631,37.059796],[-76.698255,37.05914],[-76.699311,37.05842],[-76.701679,37.057204],[-76.702879,37.056772],[-76.704127,37.056884],[-76.705087,37.05634],[-76.705599,37.055924],[-76.706207,37.055748],[-76.706227,37.055752],[-76.708127,37.0565],[-76.709535,37.056452],[-76.710719,37.055252],[-76.711775,37.05538],[-76.72216,37.051131],[-76.729753,37.048123],[-76.73368,37.046514],[-76.748319,37.040524],[-76.771586,37.030907],[-76.774554,37.029672],[-76.791086,37.022492],[-76.80104,37.018143],[-76.807332,37.015403],[-76.818953,37.010338],[-76.825667,37.007483],[-76.835662,37.003073],[-76.849684,36.996211],[-76.85498,36.993518],[-76.863838,36.989199],[-76.870705,36.985666],[-76.875893,36.983002],[-76.88744,36.977321],[-76.8903,36.975811],[-76.904397,36.968789],[-76.906858,36.967539],[-76.91051,36.965723],[-76.916092,36.962936],[-76.944175,36.948933],[-76.944391,36.948825],[-76.95227,36.945083],[-76.953421,36.944512],[-76.953546,36.94445],[-76.957479,36.942499],[-76.961189,36.940656],[-76.964808,36.93856],[-76.98259,36.929609],[-76.999683,36.921674],[-77.002103,36.920747],[-77.000031,36.918308],[-76.999302,36.916135],[-76.996148,36.915074],[-76.993491,36.914731],[-76.98908,36.914526],[-76.988914,36.912622],[-76.985254,36.906122],[-76.984714,36.905517],[-76.981798,36.903802],[-76.980101,36.900958],[-76.979342,36.898855],[-76.975932,36.896268],[-76.972945,36.892715],[-76.970193,36.888889],[-76.97005,36.88597],[-76.972534,36.882938],[-76.974646,36.88441],[-76.976459,36.884577],[-76.979314,36.883922],[-76.980896,36.884016],[-76.983239,36.885353],[-76.994338,36.885804],[-77.002458,36.887596],[-77.006631,36.88572],[-77.00961,36.885598],[-77.009623,36.88284],[-77.010534,36.881363],[-77.011597,36.877704],[-77.013127,36.873275],[-77.014674,36.870974],[-77.015831,36.86842],[-77.016683,36.86637],[-77.016474,36.863492],[-77.014541,36.85895],[-77.011807,36.855617],[-77.008929,36.855096],[-77.004002,36.854539],[-77.002399,36.854703],[-77.000074,36.85585],[-76.999431,36.856511],[-76.997785,36.857624],[-76.994355,36.858385],[-76.98567,36.860084],[-76.978809,36.858039],[-76.977529,36.857629],[-76.980231,36.854579],[-76.981172,36.852404],[-76.981763,36.849381],[-76.983558,36.846404],[-76.978947,36.843686],[-76.978417,36.843534],[-76.978398,36.842278],[-76.976788,36.839292],[-76.972664,36.835364],[-76.97144,36.833122],[-76.963373,36.840376],[-76.962356,36.83856],[-76.958921,36.834742],[-76.955934,36.833802],[-76.949758,36.831231],[-76.945577,36.83133],[-76.947745,36.825352],[-76.948124,36.823865],[-76.948867,36.821108],[-76.950117,36.818458],[-76.950647,36.811536],[-76.950912,36.8106],[-76.952682,36.806183],[-76.952367,36.803882],[-76.954813,36.803305],[-76.957582,36.803642],[-76.963648,36.803729],[-76.964028,36.800556],[-76.963885,36.79891],[-76.964182,36.796215],[-76.963592,36.793565],[-76.963951,36.790158],[-76.963577,36.786555],[-76.96402,36.783067],[-76.964624,36.781206],[-76.966298,36.782557],[-76.969677,36.784625],[-76.971352,36.785278],[-76.976331,36.786165],[-76.978655,36.786879],[-76.982981,36.788623],[-76.985183,36.789438],[-76.985714,36.789529],[-76.987711,36.789662],[-76.989297,36.789872],[-76.990735,36.790134],[-76.993017,36.790635],[-76.994104,36.790778],[-76.996531,36.790891],[-76.998232,36.791015],[-77.000321,36.791451],[-77.000776,36.791564],[-77.003069,36.792276],[-77.007675,36.794523],[-77.011502,36.795122],[-77.011444,36.792822],[-77.012115,36.790946],[-77.012169,36.78929],[-77.010877,36.786383],[-77.008238,36.781577],[-77.013376,36.781494],[-77.015967,36.780078],[-77.016388,36.778473],[-77.018752,36.776041],[-77.020402,36.774726],[-77.020486,36.774457],[-77.026771,36.774407],[-77.042949,36.774023],[-77.045917,36.774325],[-77.046119,36.774],[-77.048845,36.769663],[-77.051075,36.76454],[-77.051772,36.761382],[-77.053298,36.758851],[-77.056529,36.754904],[-77.059222,36.751799],[-77.062148,36.749516],[-77.062627,36.748659],[-77.062879,36.747885],[-77.063723,36.74475],[-77.064843,36.742166],[-77.065585,36.739332],[-77.064825,36.736281],[-77.063794,36.733808],[-77.064502,36.732601],[-77.066261,36.730997],[-77.068371,36.729729],[-77.072019,36.726989],[-77.071641,36.725954],[-77.074692,36.725079],[-77.077032,36.726165],[-77.078394,36.724676],[-77.081123,36.722867],[-77.080578,36.720128],[-77.079757,36.71916],[-77.078392,36.718565],[-77.075606,36.718291],[-77.074305,36.717171],[-77.073703,36.71639],[-77.071911,36.714922],[-77.070576,36.71472],[-77.069126,36.715319],[-77.067961,36.713448],[-77.068814,36.707283],[-77.070235,36.706303],[-77.074358,36.706861],[-77.076404,36.706934],[-77.076631,36.705884],[-77.07521,36.702369],[-77.077115,36.700772],[-77.076604,36.699837],[-77.074528,36.699361],[-77.071856,36.69747],[-77.069327,36.696193],[-77.067252,36.693784],[-77.067186,36.693672],[-77.074923,36.693928],[-77.078865,36.694703],[-77.093179,36.69921],[-77.099564,36.700679],[-77.102265,36.698804],[-77.101744,36.698139],[-77.100143,36.698496],[-77.098461,36.699474],[-77.095514,36.699498],[-77.093621,36.699025],[-77.09309,36.69698],[-77.091151,36.69387],[-77.091161,36.691785],[-77.087802,36.6875],[-77.086977,36.686467],[-77.085042,36.685079],[-77.084077,36.683837],[-77.080066,36.68083],[-77.080987,36.67651],[-77.082239,36.673702],[-77.082759,36.672094],[-77.081979,36.670133],[-77.079623,36.667742],[-77.078416,36.665589],[-77.07725,36.661293],[-77.077009,36.659547],[-77.074551,36.658865],[-77.070699,36.657215],[-77.071474,36.656481],[-77.074599,36.651962],[-77.076976,36.649108],[-77.079311,36.642163],[-77.081021,36.639629],[-77.081268,36.638405],[-77.082561,36.6353],[-77.082689,36.635006],[-77.056645,36.641172],[-77.05289,36.641415],[-77.051906,36.63751],[-77.050669,36.634416],[-77.049506,36.632559],[-77.046661,36.626514],[-77.04677,36.623614],[-77.046785,36.621882],[-77.045629,36.618709],[-77.045744,36.616524],[-77.050473,36.615593],[-77.066893,36.615429],[-77.070002,36.615127],[-77.070382,36.613945],[-77.070417,36.611604],[-77.071046,36.610688],[-77.072952,36.612106],[-77.074835,36.612036],[-77.078546,36.612712],[-77.077395,36.609701],[-77.07717,36.608092],[-77.077611,36.605267],[-77.07663,36.603893],[-77.076953,36.59529],[-77.077674,36.595933],[-77.086079,36.60104],[-77.088838,36.60296],[-77.091997,36.605963],[-77.094662,36.608018],[-77.09741,36.6087],[-77.099277,36.606903],[-77.10006,36.604276],[-77.09988,36.602317],[-77.095332,36.600728],[-77.092884,36.598905],[-77.091494,36.597355],[-77.09145,36.596145],[-77.092218,36.594273],[-77.09006,36.593152],[-77.089208,36.591756],[-77.086426,36.590269],[-77.083673,36.590407],[-77.080919,36.589927],[-77.080096,36.587935],[-77.077115,36.585601],[-77.076433,36.582809],[-77.076546,36.580886],[-77.074418,36.579536],[-77.071636,36.577019],[-77.069025,36.57299],[-77.066527,36.569969],[-77.064654,36.568848],[-77.061448,36.569168],[-77.059008,36.568207],[-77.056965,36.568344],[-77.055858,36.567886],[-77.054184,36.568024],[-77.053333,36.569717],[-77.051403,36.569763],[-77.05041,36.570839],[-77.05024,36.56942],[-77.049502,36.56887],[-77.04848,36.569832],[-77.047004,36.569374],[-77.04567,36.570426],[-77.042549,36.572234],[-77.040676,36.572532],[-77.038425,36.571791],[-77.039515,36.569215],[-77.040819,36.5678],[-77.04491,36.564515],[-77.046017,36.563016],[-77.046917,36.559932],[-77.047936,36.559653],[-77.05132,36.559705],[-77.058012,36.557192],[-77.059757,36.555071],[-77.066898,36.550414],[-77.068176,36.54947],[-77.070648,36.546853],[-77.071888,36.54588],[-77.074406,36.547158],[-77.077136,36.548321],[-77.082215,36.549614],[-77.08313,36.550161],[-77.083985,36.55278],[-77.08336,36.556869],[-77.083483,36.557862],[-77.085267,36.559886],[-77.08696,36.561792],[-77.089108,36.564597],[-77.088754,36.566864],[-77.089861,36.567491],[-77.097155,36.570508],[-77.099139,36.572163],[-77.100482,36.570497],[-77.103112,36.56865],[-77.105069,36.56655],[-77.105013,36.565524],[-77.106977,36.564592],[-77.107219,36.563563],[-77.105192,36.562867],[-77.103675,36.561868],[-77.102413,36.560414],[-77.098386,36.558169],[-77.098396,36.555933],[-77.099403,36.554817],[-77.0993,36.553321],[-77.102616,36.550105],[-77.102692,36.547528],[-77.103028,36.544594],[-77.101544,36.544623],[-77.07715,36.544521],[-77.069045,36.544491],[-77.021914,36.544307],[-77.011287,36.544266],[-77.004063,36.544216],[-76.967541,36.54406],[-76.938997,36.543934],[-76.922751,36.54389],[-76.921628,36.543889],[-76.91981,36.543886],[-76.91651,36.543881],[-76.915977,36.543884],[-76.916634,36.544597],[-76.917154,36.545833],[-76.917215,36.546671],[-76.916945,36.547739],[-76.916637,36.549298],[-76.917098,36.550857],[-76.917006,36.551179],[-76.915899,36.552149],[-76.915411,36.552146],[-76.904078,36.552015],[-76.898275,36.55195],[-76.856306,36.55151],[-76.842293,36.55136],[-76.826683,36.551195],[-76.819611,36.551117],[-76.816621,36.551103],[-76.802114,36.55101],[-76.7814,36.550914],[-76.767127,36.550843],[-76.755255,36.550766],[-76.738115,36.550783],[-76.736866,36.550789],[-76.715322,36.550798],[-76.696465,36.55074],[-76.670864,36.550747],[-76.655578,36.550765],[-76.650141,36.550756],[-76.632873,36.550763],[-76.617343,36.550754],[-76.606955,36.550743],[-76.604846,36.550741],[-76.602067,36.550738],[-76.60149,36.550737],[-76.600574,36.550736],[-76.577507,36.550707],[-76.575525,36.550744],[-76.557936,36.55068],[-76.541966,36.550653],[-76.491496,36.550648],[-76.377287,36.550596],[-76.376931,36.550595],[-76.376634,36.550595],[-76.376262,36.550595],[-76.34083,36.550556],[-76.313303,36.55052],[-76.288586,36.550522],[-76.272454,36.550521],[-76.26438,36.550489],[-76.24641,36.550418],[-76.233486,36.550488],[-76.229688,36.550472],[-76.215124,36.550436],[-76.193036,36.550471],[-76.192787,36.550473],[-76.19266,36.550472],[-76.190659,36.550473],[-76.164534,36.550492],[-76.152593,36.5505],[-76.150138,36.550502],[-76.122349,36.550523],[-76.094477,36.550538],[-76.092949,36.550539],[-76.092343,36.550539],[-76.090161,36.550544],[-76.075713,36.550585],[-76.071704,36.550598],[-76.059413,36.550561],[-76.036182,36.550498],[-76.026721,36.55047]]]]}},{"type":"Feature","properties":{"id":3,"NAME":"3","TotalPop":784672,"PopDevPct":-1.2e-7,"DemPct":0.66399364,"RepPct":0.31843544,"WhitePct":0.419634,"MinorityPct":0.580366,"BlackPct":0.45367282,"HispanicPct":0.07373666,"PacificPct":0.00412409,"AsianPct":0.04415922,"NativePct":0.02370497,"TotalVAP":613711,"Margin":0.16399364,"color":"#88ff6e","opacity":"0.5"},"geometry":{"type":"MultiPolygon","coordinates":[[[[-76.486198,36.988604],[-76.486112,36.988541],[-76.473735,36.979507],[-76.471479,36.977939],[-76.468183,36.975027],[-76.463876,36.970463],[-76.460086,36.965763],[-76.459039,36.963881],[-76.454246,36.955491],[-76.452422,36.952771],[-76.44983,36.948307],[-76.445301,36.941891],[-76.442453,36.939315],[-76.439125,36.937139],[-76.434789,36.935283],[-76.42298,36.933251],[-76.41802,36.932275],[-76.407059,36.930781],[-76.406778,36.930775],[-76.400836,36.930691],[-76.399567,36.930947],[-76.403567,36.900848],[-76.407768,36.896648],[-76.40733,36.896085],[-76.406842,36.89566],[-76.40584,36.895107],[-76.404392,36.894523],[-76.403942,36.89396],[-76.404155,36.89331],[-76.404667,36.89261],[-76.404792,36.89211],[-76.404556,36.891491],[-76.404667,36.891148],[-76.405243,36.891168],[-76.405957,36.891421],[-76.406617,36.891421],[-76.407304,36.890942],[-76.407476,36.890544],[-76.407087,36.889939],[-76.406355,36.889649],[-76.405975,36.888917],[-76.405632,36.887796],[-76.405693,36.887106],[-76.405758,36.885835],[-76.405641,36.885636],[-76.404908,36.885591],[-76.40461,36.885437],[-76.405234,36.883186],[-76.405321,36.881113],[-76.407099,36.877954],[-76.407894,36.877898],[-76.411067,36.876148],[-76.413434,36.874257],[-76.417319,36.869933],[-76.418994,36.86796],[-76.41914,36.867787],[-76.419294,36.867608],[-76.420368,36.866348],[-76.421312,36.865403],[-76.421377,36.865342],[-76.421968,36.864848],[-76.430639,36.854711],[-76.430999,36.854291],[-76.431436,36.853786],[-76.436535,36.847752],[-76.43682,36.847396],[-76.437652,36.846467],[-76.43854,36.845673],[-76.438607,36.845541],[-76.439122,36.844689],[-76.440244,36.843471],[-76.440995,36.842415],[-76.440801,36.842058],[-76.44067,36.841553],[-76.441032,36.841052],[-76.441092,36.840969],[-76.441215,36.840799],[-76.441538,36.840338],[-76.44163,36.840206],[-76.441653,36.840173],[-76.441707,36.840097],[-76.443655,36.837208],[-76.450689,36.826708],[-76.456168,36.816948],[-76.457469,36.814841],[-76.460289,36.793735],[-76.460783,36.790036],[-76.461251,36.786533],[-76.461781,36.782566],[-76.460002,36.782505],[-76.458503,36.781916],[-76.451711,36.784045],[-76.45056,36.784674],[-76.450152,36.786768],[-76.447808,36.787288],[-76.445161,36.787431],[-76.443673,36.78521],[-76.438875,36.78086],[-76.438198,36.778821],[-76.432314,36.780668],[-76.430252,36.781518],[-76.427854,36.783049],[-76.423531,36.786869],[-76.423246,36.787066],[-76.420173,36.788135],[-76.417946,36.78827],[-76.413629,36.787517],[-76.413528,36.787347],[-76.413158,36.786637],[-76.413406,36.785946],[-76.41282,36.785898],[-76.412974,36.785826],[-76.412205,36.785758],[-76.412923,36.785468],[-76.409738,36.785172],[-76.406929,36.785327],[-76.399842,36.787423],[-76.397012,36.786246],[-76.395355,36.783201],[-76.39446,36.783335],[-76.394425,36.783282],[-76.391712,36.780839],[-76.389253,36.779594],[-76.386767,36.778828],[-76.371371,36.775901],[-76.369712,36.775418],[-76.366839,36.773986],[-76.364531,36.772014],[-76.359026,36.772133],[-76.358889,36.772029],[-76.345535,36.772313],[-76.342709,36.772372],[-76.339651,36.772441],[-76.339748,36.77047],[-76.343825,36.770487],[-76.344321,36.770067],[-76.344189,36.769075],[-76.342984,36.769072],[-76.341989,36.769095],[-76.340992,36.769115],[-76.34001,36.76905],[-76.340024,36.768189],[-76.341026,36.767909],[-76.342028,36.767742],[-76.343033,36.767578],[-76.344286,36.767469],[-76.34435,36.766964],[-76.344325,36.7667],[-76.344383,36.763677],[-76.344319,36.763176],[-76.344826,36.758785],[-76.344854,36.758521],[-76.34468,36.758532],[-76.333313,36.75914],[-76.328591,36.759384],[-76.323432,36.759588],[-76.317078,36.759325],[-76.303877,36.758525],[-76.297776,36.758067],[-76.294773,36.757845],[-76.294802,36.757926],[-76.291095,36.757662],[-76.291873,36.759263],[-76.291898,36.759367],[-76.291434,36.762446],[-76.288666,36.762883],[-76.288433,36.761358],[-76.287347,36.7615],[-76.286245,36.761219],[-76.285171,36.760952],[-76.284908,36.761772],[-76.28264,36.761202],[-76.282971,36.760398],[-76.282996,36.760346],[-76.28402,36.760247],[-76.285058,36.760137],[-76.286072,36.760038],[-76.287113,36.759935],[-76.288205,36.75983],[-76.288091,36.759092],[-76.287864,36.757565],[-76.287853,36.75749],[-76.287798,36.757137],[-76.287388,36.754498],[-76.287356,36.754268],[-76.287449,36.754281],[-76.287468,36.754271],[-76.287496,36.754271],[-76.287576,36.7543],[-76.287646,36.754323],[-76.287688,36.754318],[-76.287745,36.7543],[-76.287796,36.754267],[-76.287843,36.754178],[-76.287801,36.754103],[-76.287768,36.754032],[-76.287632,36.753948],[-76.287604,36.753911],[-76.287613,36.753831],[-76.287613,36.753793],[-76.287599,36.753742],[-76.287595,36.753709],[-76.287618,36.753718],[-76.287656,36.753728],[-76.28767,36.753714],[-76.28766,36.753634],[-76.287627,36.753578],[-76.28759,36.753517],[-76.287576,36.753479],[-76.287616,36.753388],[-76.287575,36.753316],[-76.286638,36.752861],[-76.286118,36.752767],[-76.285724,36.753147],[-76.28462,36.753163],[-76.284815,36.753386],[-76.284749,36.75377],[-76.284295,36.754014],[-76.283873,36.753587],[-76.283352,36.753845],[-76.282406,36.754136],[-76.282944,36.75369],[-76.283024,36.75309],[-76.283474,36.752912],[-76.282794,36.751871],[-76.281566,36.751974],[-76.280175,36.750967],[-76.278404,36.751798],[-76.273364,36.753719],[-76.271683,36.754329],[-76.271636,36.754172],[-76.27053,36.751374],[-76.26987,36.74992],[-76.268451,36.748831],[-76.266829,36.74801],[-76.262736,36.746632],[-76.261303,36.745894],[-76.259537,36.744996],[-76.258058,36.744105],[-76.257116,36.743063],[-76.256215,36.744312],[-76.253426,36.742562],[-76.253274,36.742767],[-76.253088,36.7431],[-76.253121,36.743365],[-76.252109,36.744731],[-76.251915,36.744778],[-76.251784,36.744779],[-76.251691,36.744919],[-76.251921,36.745042],[-76.249282,36.748404],[-76.246736,36.749108],[-76.245887,36.749293],[-76.248099,36.755314],[-76.248647,36.756509],[-76.24923,36.757708],[-76.248506,36.758507],[-76.248248,36.758564],[-76.245558,36.759581],[-76.244701,36.760255],[-76.244039,36.759692],[-76.243139,36.759055],[-76.242158,36.759987],[-76.241107,36.759059],[-76.237477,36.755812],[-76.232395,36.751223],[-76.22597,36.7452],[-76.225834,36.745255],[-76.225735,36.747677],[-76.225647,36.750371],[-76.22456,36.75134],[-76.22488,36.753087],[-76.219698,36.753172],[-76.218733,36.754825],[-76.220305,36.755117],[-76.221861,36.756965],[-76.224065,36.757474],[-76.224114,36.759709],[-76.225268,36.76287],[-76.21868,36.764753],[-76.215333,36.765591],[-76.214584,36.766306],[-76.214202,36.766952],[-76.216502,36.767828],[-76.219626,36.768986],[-76.218911,36.770605],[-76.218261,36.77268],[-76.218055,36.773514],[-76.217791,36.773524],[-76.217098,36.773553],[-76.215645,36.773947],[-76.215363,36.774134],[-76.215438,36.775025],[-76.214932,36.775353],[-76.214754,36.775653],[-76.214885,36.776215],[-76.215288,36.776815],[-76.215401,36.77764],[-76.215195,36.778475],[-76.215645,36.779482],[-76.215385,36.77931],[-76.216109,36.780889],[-76.215195,36.7808],[-76.214136,36.778945],[-76.206447,36.777048],[-76.211772,36.791214],[-76.212882,36.794165],[-76.21302,36.794498],[-76.213635,36.79599],[-76.214791,36.799148],[-76.216347,36.80354],[-76.217629,36.806339],[-76.218258,36.807919],[-76.218704,36.809276],[-76.218845,36.809702],[-76.218902,36.809876],[-76.219272,36.810797],[-76.219331,36.810941],[-76.220011,36.812552],[-76.220221,36.81303],[-76.220412,36.813602],[-76.22056,36.814048],[-76.220601,36.814167],[-76.221,36.814686],[-76.221365,36.815161],[-76.221572,36.815657],[-76.22235,36.817614],[-76.222705,36.818541],[-76.223164,36.819813],[-76.223249,36.819972],[-76.2242,36.82249],[-76.22452,36.823375],[-76.225154,36.824846],[-76.225814,36.826543],[-76.226084,36.827266],[-76.226833,36.829275],[-76.227599,36.831442],[-76.22806,36.832874],[-76.22776,36.833847],[-76.226142,36.835839],[-76.22516,36.837047],[-76.22616,36.839247],[-76.22606,36.839947],[-76.22306,36.837747],[-76.21876,36.835147],[-76.21726,36.833547],[-76.213959,36.832347],[-76.210654,36.832869],[-76.210412,36.832907],[-76.206859,36.832647],[-76.204563,36.830487],[-76.201389,36.829409],[-76.200159,36.827948],[-76.197259,36.828148],[-76.195799,36.829672],[-76.19543,36.829828],[-76.194742,36.829967],[-76.194737,36.830055],[-76.194928,36.832264],[-76.194856,36.83331],[-76.193557,36.83559],[-76.192202,36.838076],[-76.191843,36.838775],[-76.191454,36.839435],[-76.190595,36.840172],[-76.19046,36.840279],[-76.189779,36.840772],[-76.189378,36.841106],[-76.187763,36.842045],[-76.187624,36.842118],[-76.185921,36.842979],[-76.184637,36.844331],[-76.183215,36.845839],[-76.183058,36.846003],[-76.181883,36.847241],[-76.180753,36.848433],[-76.180512,36.848668],[-76.179467,36.849683],[-76.179003,36.850571],[-76.178573,36.851453],[-76.177672,36.8542],[-76.177637,36.854364],[-76.177108,36.856205],[-76.176905,36.856971],[-76.177005,36.857021],[-76.178592,36.85786],[-76.179694,36.858315],[-76.185159,36.860947],[-76.185122,36.861209],[-76.185115,36.861255],[-76.185059,36.861647],[-76.185318,36.86177],[-76.187033,36.862547],[-76.189759,36.862447],[-76.190259,36.863247],[-76.191759,36.863747],[-76.193202,36.865336],[-76.191459,36.867047],[-76.190359,36.869347],[-76.189852,36.873644],[-76.188443,36.874108],[-76.188569,36.87419],[-76.193015,36.877298],[-76.193122,36.877425],[-76.195559,36.881947],[-76.19752,36.884975],[-76.197589,36.885097],[-76.197691,36.885277],[-76.198459,36.886642],[-76.196459,36.889647],[-76.193959,36.893847],[-76.192559,36.895047],[-76.188285,36.899756],[-76.182076,36.906597],[-76.182012,36.906668],[-76.182062,36.906685],[-76.182444,36.906855],[-76.182769,36.906999],[-76.183109,36.907191],[-76.183464,36.907435],[-76.183774,36.907686],[-76.18414,36.908019],[-76.184398,36.9083],[-76.184705,36.908621],[-76.185148,36.90909],[-76.185507,36.90946],[-76.185758,36.909689],[-76.186013,36.909884],[-76.187011,36.91055],[-76.188591,36.911632],[-76.1892,36.912034],[-76.189574,36.912352],[-76.18981,36.912629],[-76.189943,36.912814],[-76.190072,36.913035],[-76.190231,36.91329],[-76.192531,36.918035],[-76.19258,36.918184],[-76.190384,36.918657],[-76.18915,36.918978],[-76.187923,36.921865],[-76.187509,36.922912],[-76.183419,36.922595],[-76.182472,36.921766],[-76.179467,36.921179],[-76.176765,36.921031],[-76.176325,36.922006],[-76.177092,36.930054],[-76.177246,36.931669],[-76.181426,36.931768],[-76.181159,36.933147],[-76.179803,36.939347],[-76.177663,36.948001],[-76.177275,36.94957],[-76.158378,36.990129],[-76.153712,37.000146],[-76.133872,37.040886],[-76.133748,37.041142],[-76.133981,37.056083],[-76.134941,37.117603],[-76.249646,37.116136],[-76.249662,37.116058],[-76.275418,37.116072],[-76.275599,37.118879],[-76.275327,37.121231],[-76.287674,37.11729],[-76.290934,37.115714],[-76.29293,37.114303],[-76.293863,37.113643],[-76.295338,37.110981],[-76.297464,37.107144],[-76.301564,37.103244],[-76.311744,37.102],[-76.315364,37.102844],[-76.317364,37.103044],[-76.334489,37.099155],[-76.344666,37.096844],[-76.350966,37.106744],[-76.355353,37.108419],[-76.363799,37.111644],[-76.367467,37.113044],[-76.367513,37.113019],[-76.376209,37.108327],[-76.379008,37.110252],[-76.380734,37.111494],[-76.381251,37.111874],[-76.381383,37.111939],[-76.381758,37.112143],[-76.382401,37.112156],[-76.38301,37.112093],[-76.383452,37.111979],[-76.38369,37.11158],[-76.384032,37.11065],[-76.384355,37.110259],[-76.384713,37.110118],[-76.385189,37.110081],[-76.385642,37.110105],[-76.386476,37.110105],[-76.386802,37.109916],[-76.387196,37.109659],[-76.387488,37.109432],[-76.387733,37.109181],[-76.387894,37.10883],[-76.387853,37.108564],[-76.38768,37.108343],[-76.387419,37.108178],[-76.386935,37.107942],[-76.386112,37.107871],[-76.385278,37.107937],[-76.384766,37.107871],[-76.384523,37.107755],[-76.384366,37.107571],[-76.384265,37.107383],[-76.384247,37.107171],[-76.384253,37.106583],[-76.38437,37.106078],[-76.384396,37.105759],[-76.384374,37.105403],[-76.384404,37.1053],[-76.384553,37.105167],[-76.384818,37.10512],[-76.385179,37.105118],[-76.386106,37.105181],[-76.386512,37.105147],[-76.386829,37.105155],[-76.386998,37.105268],[-76.387039,37.105369],[-76.387002,37.106009],[-76.38706,37.106362],[-76.387167,37.106518],[-76.387301,37.106613],[-76.387508,37.106686],[-76.387944,37.106779],[-76.388389,37.106846],[-76.389513,37.106934],[-76.390006,37.106984],[-76.390541,37.107062],[-76.390842,37.107136],[-76.391083,37.107235],[-76.392329,37.107874],[-76.392663,37.108056],[-76.392984,37.108185],[-76.393401,37.108321],[-76.393795,37.108397],[-76.394035,37.108317],[-76.394136,37.10812],[-76.394168,37.107909],[-76.394194,37.10713],[-76.394258,37.106602],[-76.394335,37.106399],[-76.394525,37.1062],[-76.394774,37.106137],[-76.394991,37.106261],[-76.395129,37.106483],[-76.395326,37.106721],[-76.395795,37.107174],[-76.396075,37.107379],[-76.396292,37.107508],[-76.396498,37.107579],[-76.396823,37.107648],[-76.397049,37.10766],[-76.397498,37.107629],[-76.397701,37.107551],[-76.397817,37.107442],[-76.397848,37.107339],[-76.397872,37.106878],[-76.397988,37.106688],[-76.398132,37.106603],[-76.398348,37.106551],[-76.398884,37.106494],[-76.399452,37.106375],[-76.399643,37.10628],[-76.400316,37.10586],[-76.400513,37.105775],[-76.400984,37.105647],[-76.401176,37.105555],[-76.401233,37.105425],[-76.401224,37.105213],[-76.401131,37.105012],[-76.400914,37.104743],[-76.400926,37.104501],[-76.401111,37.104348],[-76.401512,37.104292],[-76.401979,37.104162],[-76.402014,37.104054],[-76.401957,37.103887],[-76.401606,37.103351],[-76.401468,37.103091],[-76.401366,37.102973],[-76.401149,37.102851],[-76.40092,37.102853],[-76.40078,37.102939],[-76.400535,37.103236],[-76.400283,37.103303],[-76.400013,37.103301],[-76.399547,37.103173],[-76.399278,37.103149],[-76.399106,37.103182],[-76.398956,37.103315],[-76.398905,37.103704],[-76.398788,37.10401],[-76.398621,37.104219],[-76.398381,37.104316],[-76.398134,37.104255],[-76.397867,37.10397],[-76.3978,37.103694],[-76.39782,37.103588],[-76.397963,37.103407],[-76.398419,37.103064],[-76.398549,37.102652],[-76.398771,37.102265],[-76.398779,37.102088],[-76.398533,37.101838],[-76.398283,37.101684],[-76.398072,37.101499],[-76.397683,37.101063],[-76.397587,37.100902],[-76.397401,37.100701],[-76.396934,37.100367],[-76.396654,37.100093],[-76.396682,37.099883],[-76.396747,37.099835],[-76.397062,37.099834],[-76.397534,37.099958],[-76.39789,37.100001],[-76.398479,37.100023],[-76.398873,37.100094],[-76.399108,37.100199],[-76.399371,37.100227],[-76.399483,37.100119],[-76.399506,37.099989],[-76.399417,37.099393],[-76.399258,37.099271],[-76.398412,37.099199],[-76.398058,37.099138],[-76.397894,37.098984],[-76.398079,37.098831],[-76.398688,37.098704],[-76.398884,37.098618],[-76.399488,37.098188],[-76.399699,37.097957],[-76.399707,37.097748],[-76.399592,37.09764],[-76.399291,37.097572],[-76.399066,37.097579],[-76.398701,37.097715],[-76.398182,37.098053],[-76.397887,37.098142],[-76.397663,37.098165],[-76.397393,37.09815],[-76.397253,37.098065],[-76.397216,37.097821],[-76.397319,37.097585],[-76.397414,37.097465],[-76.397615,37.097323],[-76.398055,37.097253],[-76.398358,37.097181],[-76.398459,37.097111],[-76.39853,37.096944],[-76.398481,37.096772],[-76.398353,37.096672],[-76.39752,37.096324],[-76.397399,37.096159],[-76.397596,37.095925],[-76.397694,37.095876],[-76.398003,37.095891],[-76.398604,37.096205],[-76.39895,37.096484],[-76.399268,37.096785],[-76.39957,37.096931],[-76.399976,37.096923],[-76.400106,37.096896],[-76.400216,37.096787],[-76.400153,37.096583],[-76.399984,37.096375],[-76.399979,37.096168],[-76.400128,37.09601],[-76.40029,37.095851],[-76.400311,37.095833],[-76.400375,37.09578],[-76.400436,37.095729],[-76.400446,37.095723],[-76.400506,37.095685],[-76.400538,37.095659],[-76.400573,37.095637],[-76.400613,37.09562],[-76.400656,37.095609],[-76.400715,37.095606],[-76.400745,37.095604],[-76.400875,37.095635],[-76.400952,37.095672],[-76.401033,37.095703],[-76.401226,37.095791],[-76.401299,37.095832],[-76.401421,37.095877],[-76.401555,37.095887],[-76.401645,37.09588],[-76.401688,37.095868],[-76.401728,37.095851],[-76.401762,37.095828],[-76.401985,37.095607],[-76.40211,37.095506],[-76.402151,37.095489],[-76.402375,37.095481],[-76.40251,37.095491],[-76.402552,37.095505],[-76.402707,37.095578],[-76.40275,37.095589],[-76.402795,37.095593],[-76.402953,37.095586],[-76.402981,37.095546],[-76.402969,37.095512],[-76.402951,37.095479],[-76.402879,37.095389],[-76.402861,37.095356],[-76.402859,37.095321],[-76.402899,37.095257],[-76.40293,37.095231],[-76.403044,37.095173],[-76.403165,37.095126],[-76.40329,37.095085],[-76.403463,37.095048],[-76.403547,37.095021],[-76.403591,37.095012],[-76.403753,37.09495],[-76.403826,37.094909],[-76.403861,37.094845],[-76.403865,37.09481],[-76.403845,37.094741],[-76.40383,37.094707],[-76.403785,37.094645],[-76.403605,37.094442],[-76.403588,37.094409],[-76.403579,37.094352],[-76.403576,37.094334],[-76.403627,37.094199],[-76.403676,37.094148],[-76.403886,37.094013],[-76.403923,37.093994],[-76.403948,37.093984],[-76.404082,37.093929],[-76.404127,37.093925],[-76.404235,37.09399],[-76.404293,37.094039],[-76.404448,37.094171],[-76.404512,37.094221],[-76.404556,37.094229],[-76.404644,37.094217],[-76.404677,37.094192],[-76.404692,37.094158],[-76.404699,37.094123],[-76.404698,37.094053],[-76.404682,37.093869],[-76.40468,37.093842],[-76.40467,37.093771],[-76.404677,37.093701],[-76.404706,37.093674],[-76.404809,37.093606],[-76.404924,37.093552],[-76.405042,37.093502],[-76.40513,37.093488],[-76.405221,37.093486],[-76.405264,37.093496],[-76.405298,37.093517],[-76.40533,37.093543],[-76.405353,37.093576],[-76.405395,37.093636],[-76.405445,37.093735],[-76.40549,37.093797],[-76.405526,37.093862],[-76.405552,37.093929],[-76.405572,37.093961],[-76.405584,37.093995],[-76.405594,37.094101],[-76.405584,37.094241],[-76.405586,37.094312],[-76.40558,37.094347],[-76.405588,37.094382],[-76.405626,37.094412],[-76.405672,37.094415],[-76.405806,37.094412],[-76.405849,37.094401],[-76.405928,37.094368],[-76.406003,37.09433],[-76.406045,37.094317],[-76.406218,37.094283],[-76.406487,37.094253],[-76.406526,37.094237],[-76.406556,37.09421],[-76.406569,37.094177],[-76.406575,37.094142],[-76.406569,37.094107],[-76.406539,37.094041],[-76.406515,37.093973],[-76.406496,37.093868],[-76.406463,37.093586],[-76.406466,37.093515],[-76.406463,37.093479],[-76.406467,37.093409],[-76.406452,37.093338],[-76.406428,37.093308],[-76.406354,37.093268],[-76.40631,37.093261],[-76.406098,37.09325],[-76.406084,37.093249],[-76.405995,37.093238],[-76.405908,37.093221],[-76.405867,37.093206],[-76.405795,37.093164],[-76.405763,37.093139],[-76.405691,37.093097],[-76.405609,37.093012],[-76.405607,37.092906],[-76.405625,37.092873],[-76.40565,37.092844],[-76.405683,37.09282],[-76.405726,37.092808],[-76.405995,37.09282],[-76.406084,37.092813],[-76.406171,37.092793],[-76.406243,37.092758],[-76.406362,37.092701],[-76.406403,37.092685],[-76.406576,37.092648],[-76.40662,37.092643],[-76.406666,37.092643],[-76.4067,37.092663],[-76.406716,37.092697],[-76.406721,37.092732],[-76.406678,37.092904],[-76.406672,37.092975],[-76.406675,37.092998],[-76.406687,37.093081],[-76.40671,37.093111],[-76.406741,37.093137],[-76.406784,37.093148],[-76.406962,37.093165],[-76.407097,37.093153],[-76.407363,37.093121],[-76.407494,37.093097],[-76.407665,37.093056],[-76.407753,37.093042],[-76.40779,37.093022],[-76.407888,37.092948],[-76.407906,37.092916],[-76.407908,37.09288],[-76.407891,37.092811],[-76.407835,37.092756],[-76.407801,37.092732],[-76.407762,37.092715],[-76.407675,37.092697],[-76.407636,37.09268],[-76.407537,37.092621],[-76.407492,37.092594],[-76.407305,37.092442],[-76.407301,37.09237],[-76.407306,37.092335],[-76.407318,37.092301],[-76.407338,37.092269],[-76.407425,37.092188],[-76.407493,37.092141],[-76.407697,37.092069],[-76.407831,37.092054],[-76.407907,37.09206],[-76.407953,37.092094],[-76.407977,37.092124],[-76.40807,37.092388],[-76.408086,37.092432],[-76.408106,37.092464],[-76.408197,37.092542],[-76.40827,37.092583],[-76.408395,37.092625],[-76.408592,37.092708],[-76.408725,37.092729],[-76.40877,37.092732],[-76.408857,37.092747],[-76.408937,37.092778],[-76.408977,37.092779],[-76.409614,37.091905],[-76.410478,37.092697],[-76.412174,37.092954],[-76.412851,37.093543],[-76.414977,37.093587],[-76.416755,37.093292],[-76.418721,37.092134],[-76.423741,37.091783],[-76.425451,37.092301],[-76.42672,37.093162],[-76.428065,37.094799],[-76.429663,37.095926],[-76.430745,37.096011],[-76.431945,37.095144],[-76.434632,37.094911],[-76.437748,37.094048],[-76.439367,37.095037],[-76.441561,37.094637],[-76.443429,37.094513],[-76.444799,37.094673],[-76.445731,37.095054],[-76.448141,37.096171],[-76.449586,37.096586],[-76.450706,37.097213],[-76.451467,37.09844],[-76.453912,37.098241],[-76.45511,37.098958],[-76.458325,37.100702],[-76.458498,37.100727],[-76.459239,37.101855],[-76.460816,37.103039],[-76.463403,37.105991],[-76.466088,37.109011],[-76.466948,37.109934],[-76.468413,37.11154],[-76.469585,37.11287],[-76.470243,37.113614],[-76.470821,37.114267],[-76.470977,37.114445],[-76.472606,37.116289],[-76.481202,37.125983],[-76.481297,37.126088],[-76.483628,37.128713],[-76.484807,37.130042],[-76.485343,37.130648],[-76.488193,37.133859],[-76.500302,37.147502],[-76.506138,37.154088],[-76.504869,37.155774],[-76.504493,37.156209],[-76.505623,37.157214],[-76.504453,37.158506],[-76.51053,37.167001],[-76.514985,37.173224],[-76.515102,37.173185],[-76.514777,37.175403],[-76.51623,37.178042],[-76.51635,37.178271],[-76.516375,37.178319],[-76.516826,37.178642],[-76.516891,37.178813],[-76.516903,37.178844],[-76.517187,37.178752],[-76.517158,37.17873],[-76.517435,37.178636],[-76.521737,37.177236],[-76.521784,37.177221],[-76.521986,37.177161],[-76.52219,37.177107],[-76.522396,37.177061],[-76.522603,37.177021],[-76.522812,37.176989],[-76.523021,37.176964],[-76.523231,37.176946],[-76.523275,37.176943],[-76.524106,37.176891],[-76.524325,37.176878],[-76.524406,37.176873],[-76.524448,37.17687],[-76.524732,37.176856],[-76.524686,37.176586],[-76.524659,37.176426],[-76.524708,37.176421],[-76.524912,37.176398],[-76.524991,37.176389],[-76.525164,37.176621],[-76.525349,37.17662],[-76.526196,37.176657],[-76.526272,37.176743],[-76.526565,37.177073],[-76.53062,37.181633],[-76.532791,37.184069],[-76.533391,37.184753],[-76.533993,37.185432],[-76.534377,37.185858],[-76.539557,37.191684],[-76.540134,37.192337],[-76.553775,37.207666],[-76.556541,37.210785],[-76.556732,37.211],[-76.560578,37.215322],[-76.563132,37.218211],[-76.564003,37.219197],[-76.564154,37.219367],[-76.564222,37.219447],[-76.565189,37.220539],[-76.565627,37.219984],[-76.567427,37.217695],[-76.568078,37.217602],[-76.568937,37.217462],[-76.56917,37.216969],[-76.569382,37.216518],[-76.56999,37.215218],[-76.571568,37.215413],[-76.574671,37.215742],[-76.574971,37.214243],[-76.575184,37.212988],[-76.577221,37.213204],[-76.579588,37.213139],[-76.583127,37.212985],[-76.583123,37.212674],[-76.583121,37.212499],[-76.5873,37.212922],[-76.587923,37.212938],[-76.591302,37.213205],[-76.591631,37.210698],[-76.591789,37.210283],[-76.591862,37.209783],[-76.591795,37.20929],[-76.590921,37.206398],[-76.589549,37.204503],[-76.587183,37.202674],[-76.585471,37.200822],[-76.584657,37.198609],[-76.584427,37.198049],[-76.584275,37.197645],[-76.583375,37.195145],[-76.582172,37.194882],[-76.582148,37.194581],[-76.582752,37.193569],[-76.583293,37.193404],[-76.58318,37.192968],[-76.582001,37.19281],[-76.581413,37.192942],[-76.579977,37.192665],[-76.580277,37.191397],[-76.580175,37.190745],[-76.577989,37.190482],[-76.577899,37.190261],[-76.578045,37.189267],[-76.579979,37.188593],[-76.57991,37.188092],[-76.578193,37.187584],[-76.578345,37.186463],[-76.580455,37.185518],[-76.581067,37.185266],[-76.581218,37.182511],[-76.583051,37.18205],[-76.584571,37.182578],[-76.584347,37.181058],[-76.585291,37.18037],[-76.586987,37.18021],[-76.590299,37.181506],[-76.590939,37.181458],[-76.592683,37.17997],[-76.595403,37.178418],[-76.597875,37.178246],[-76.599432,37.176941],[-76.600701,37.17521],[-76.600802,37.175102],[-76.600838,37.17511],[-76.600937,37.175118],[-76.60103,37.175114],[-76.601144,37.175097],[-76.601258,37.175068],[-76.601359,37.17504],[-76.601453,37.174998],[-76.601539,37.174911],[-76.601583,37.174845],[-76.601612,37.174798],[-76.60163,37.174728],[-76.601631,37.174658],[-76.601617,37.174583],[-76.601585,37.174512],[-76.601521,37.174401],[-76.601498,37.174358],[-76.601537,37.174311],[-76.602938,37.172583],[-76.603768,37.171982],[-76.60478,37.170644],[-76.60721,37.168946],[-76.610984,37.167114],[-76.61689,37.163744],[-76.641085,37.154611],[-76.641581,37.153827],[-76.643245,37.139187],[-76.643965,37.135331],[-76.646093,37.127411],[-76.645821,37.125155],[-76.628205,37.092755],[-76.624573,37.089059],[-76.603989,37.072394],[-76.597084,37.066803],[-76.550891,37.034245],[-76.53593,37.023699],[-76.50398,37.001713],[-76.499673,36.998506],[-76.499673,36.998355],[-76.49209,36.992889],[-76.486198,36.988604]]]]}},{"type":"Feature","properties":{"id":4,"NAME":"4","TotalPop":784672,"PopDevPct":-1.2e-7,"DemPct":0.65406666,"RepPct":0.32816824,"WhitePct":0.45175604,"MinorityPct":0.54824396,"BlackPct":0.42135987,"HispanicPct":0.08259007,"PacificPct":0.00185908,"AsianPct":0.03348246,"NativePct":0.01952747,"TotalVAP":629882,"Margin":0.15406666,"color":"#009aff","opacity":"0.5"},"geometry":{"type":"MultiPolygon","coordinates":[[[[-77.57212,37.23712],[-77.573716,37.236367],[-77.576708,37.236773],[-77.57891,37.237927],[-77.579521,37.238773],[-77.580443,37.242939],[-77.583979,37.2461],[-77.5872,37.246012],[-77.589159,37.246285],[-77.59044,37.247192],[-77.591441,37.249402],[-77.592684,37.25015],[-77.595216,37.250985],[-77.600494,37.253683],[-77.602232,37.257611],[-77.60301,37.260895],[-77.602826,37.263035],[-77.603283,37.263913],[-77.60771,37.267793],[-77.610748,37.269092],[-77.613349,37.270877],[-77.615198,37.270839],[-77.617341,37.269961],[-77.618954,37.267793],[-77.620301,37.266779],[-77.624713,37.266875],[-77.62761,37.267978],[-77.629399,37.269547],[-77.630577,37.26988],[-77.632613,37.269659],[-77.634801,37.2688],[-77.637969,37.267137],[-77.64237,37.263975],[-77.643509,37.263695],[-77.646378,37.264701],[-77.65061,37.265112],[-77.650554,37.263015],[-77.651101,37.262047],[-77.65187,37.260767],[-77.650355,37.25857],[-77.64986,37.257862],[-77.649784,37.25748],[-77.649876,37.256754],[-77.649363,37.256446],[-77.649062,37.256074],[-77.648942,37.25538],[-77.649184,37.25526],[-77.650534,37.254964],[-77.651693,37.254877],[-77.653365,37.25501],[-77.655694,37.253933],[-77.655967,37.253708],[-77.656523,37.252426],[-77.65712,37.251266],[-77.657123,37.25015],[-77.656668,37.249382],[-77.6568,37.248421],[-77.656155,37.247274],[-77.656357,37.24658],[-77.656851,37.246782],[-77.657457,37.246668],[-77.657709,37.246902],[-77.658203,37.24645],[-77.658657,37.246361],[-77.659192,37.246441],[-77.659646,37.246296],[-77.659747,37.245585],[-77.660343,37.245553],[-77.661039,37.245893],[-77.661378,37.245927],[-77.661375,37.245355],[-77.661044,37.244924],[-77.661167,37.244517],[-77.661668,37.243953],[-77.660687,37.241815],[-77.661326,37.240745],[-77.662693,37.240404],[-77.664012,37.240959],[-77.665557,37.240377],[-77.666051,37.241174],[-77.668627,37.240982],[-77.669939,37.241729],[-77.672412,37.241817],[-77.673641,37.241372],[-77.673847,37.240609],[-77.674987,37.240746],[-77.675091,37.236941],[-77.677893,37.235705],[-77.678229,37.2352],[-77.680489,37.235326],[-77.681155,37.234404],[-77.682845,37.235908],[-77.683332,37.23537],[-77.685214,37.235793],[-77.686903,37.235293],[-77.688139,37.232482],[-77.687363,37.230878],[-77.688393,37.23096],[-77.688077,37.230043],[-77.688908,37.228687],[-77.68818,37.227995],[-77.686017,37.22816],[-77.686539,37.227468],[-77.683895,37.22844],[-77.680681,37.228896],[-77.680853,37.228209],[-77.683167,37.226513],[-77.684939,37.225931],[-77.685419,37.224283],[-77.686607,37.222899],[-77.689752,37.221482],[-77.693989,37.222163],[-77.69769,37.222508],[-77.69986,37.22236],[-77.70032,37.223052],[-77.701309,37.222541],[-77.702606,37.22075],[-77.704501,37.220591],[-77.705187,37.219234],[-77.706197,37.218731],[-77.708689,37.218778],[-77.709567,37.217904],[-77.711099,37.218316],[-77.712848,37.215839],[-77.713762,37.215872],[-77.715093,37.214707],[-77.716522,37.216206],[-77.718396,37.215634],[-77.718862,37.213405],[-77.720715,37.213349],[-77.720406,37.212179],[-77.721023,37.211279],[-77.723055,37.210899],[-77.722842,37.209933],[-77.723637,37.208318],[-77.724345,37.208933],[-77.725971,37.207741],[-77.725572,37.206664],[-77.726532,37.204402],[-77.728927,37.202594],[-77.729826,37.202358],[-77.736511,37.200576],[-77.741224,37.197306],[-77.747693,37.192729],[-77.757155,37.192197],[-77.757497,37.192277],[-77.765623,37.195067],[-77.771965,37.195601],[-77.776158,37.196437],[-77.776549,37.195932],[-77.778307,37.196103],[-77.778739,37.196636],[-77.784525,37.197032],[-77.787113,37.196313],[-77.790016,37.195919],[-77.792906,37.195831],[-77.79393,37.195424],[-77.795116,37.195112],[-77.795926,37.192592],[-77.797052,37.190961],[-77.799084,37.189764],[-77.798638,37.187008],[-77.799448,37.185305],[-77.801315,37.184987],[-77.804163,37.184004],[-77.805048,37.183022],[-77.804218,37.182714],[-77.805282,37.177827],[-77.805982,37.175933],[-77.808377,37.173989],[-77.810716,37.173116],[-77.812494,37.171639],[-77.813859,37.169678],[-77.815371,37.168872],[-77.817626,37.167965],[-77.819128,37.168228],[-77.821118,37.167152],[-77.824987,37.167201],[-77.826168,37.16781],[-77.827417,37.169304],[-77.831149,37.169517],[-77.831966,37.170308],[-77.8393,37.168928],[-77.841654,37.169855],[-77.843232,37.168982],[-77.843698,37.167933],[-77.844603,37.167729],[-77.845103,37.165467],[-77.846249,37.16494],[-77.849253,37.164428],[-77.852869,37.164883],[-77.855507,37.16412],[-77.857032,37.162317],[-77.857508,37.160428],[-77.860447,37.158598],[-77.861162,37.157651],[-77.863724,37.156647],[-77.865191,37.155285],[-77.86652,37.152879],[-77.868426,37.15211],[-77.870524,37.150368],[-77.874152,37.149394],[-77.875889,37.147933],[-77.877487,37.148076],[-77.880153,37.147213],[-77.884512,37.145494],[-77.886803,37.14505],[-77.888086,37.144633],[-77.889568,37.144837],[-77.892633,37.146183],[-77.894965,37.145838],[-77.896612,37.144812],[-77.897928,37.144785],[-77.900338,37.143882],[-77.900019,37.137334],[-77.899835,37.132778],[-77.899825,37.132531],[-77.89982,37.132368],[-77.899352,37.123582],[-77.898892,37.117094],[-77.898662,37.113839],[-77.898591,37.112769],[-77.898356,37.109263],[-77.898302,37.107787],[-77.897575,37.097386],[-77.896989,37.086093],[-77.896707,37.079407],[-77.896452,37.073294],[-77.896407,37.072324],[-77.894839,37.053271],[-77.89359,37.034104],[-77.892271,37.014273],[-77.891985,37.009696],[-77.89171,37.005764],[-77.891338,37.000149],[-77.890432,36.997264],[-77.889813,36.988818],[-77.891852,36.988907],[-77.892936,36.988335],[-77.894248,36.988999],[-77.8969,36.988497],[-77.899153,36.98868],[-77.901349,36.989253],[-77.904316,36.986462],[-77.90674,36.98628],[-77.907624,36.985571],[-77.909392,36.985296],[-77.911446,36.9858],[-77.914525,36.985595],[-77.916864,36.986624],[-77.917662,36.986396],[-77.917549,36.983673],[-77.919317,36.983971],[-77.920543,36.982735],[-77.922397,36.983673],[-77.922397,36.984863],[-77.924622,36.984063],[-77.929498,36.984017],[-77.932749,36.984246],[-77.932949,36.984886],[-77.934802,36.985756],[-77.936171,36.988158],[-77.938025,36.988066],[-77.940021,36.988592],[-77.940877,36.987974],[-77.943643,36.98699],[-77.945325,36.986715],[-77.946837,36.987333],[-77.947209,36.988271],[-77.950289,36.989323],[-77.953483,36.989322],[-77.954168,36.99026],[-77.953883,36.991175],[-77.95508,36.991289],[-77.960544,36.990227],[-77.961468,36.990441],[-77.963159,36.989766],[-77.963749,36.9898],[-77.9651,36.98808],[-77.966571,36.987279],[-77.968627,36.987557],[-77.970071,36.990494],[-77.971077,36.991338],[-77.973327,36.992299],[-77.974604,36.993311],[-77.97588,36.995286],[-77.976915,36.997133],[-77.978425,36.998579],[-77.980185,37.000149],[-77.980673,37.002911],[-77.984467,37.006047],[-77.989144,37.009183],[-77.990429,37.010363],[-77.991229,37.012978],[-77.992846,37.013803],[-77.995972,37.014162],[-77.997296,37.015882],[-77.996506,37.018038],[-77.996221,37.018199],[-77.995936,37.019251],[-77.996024,37.022362],[-77.998793,37.023346],[-78.000715,37.024535],[-78.002941,37.023576],[-78.003639,37.022756],[-78.003687,37.022175],[-78.005292,37.004874],[-78.006362,36.994918],[-78.00762,36.981692],[-78.008134,36.977416],[-78.0098,36.959912],[-78.010574,36.951965],[-78.012729,36.929731],[-78.013896,36.918041],[-78.014168,36.915206],[-78.014584,36.910888],[-78.015432,36.902153],[-78.016772,36.888206],[-78.01811,36.87415],[-78.019827,36.855964],[-78.020999,36.844542],[-78.021506,36.839603],[-78.021948,36.838798],[-78.021943,36.838094],[-78.021884,36.834649],[-78.022889,36.82382],[-78.023183,36.820515],[-78.02355,36.819717],[-78.023561,36.819695],[-78.023458,36.81859],[-78.025405,36.79755],[-78.025998,36.791161],[-78.026555,36.786574],[-78.026698,36.783691],[-78.027411,36.777858],[-78.027427,36.776528],[-78.027419,36.775951],[-78.027759,36.772367],[-78.027954,36.770315],[-78.028651,36.76295],[-78.02868,36.762655],[-78.029011,36.759181],[-78.029387,36.755206],[-78.029977,36.746631],[-78.030956,36.735643],[-78.031194,36.732928],[-78.031522,36.729228],[-78.032689,36.716407],[-78.032872,36.714533],[-78.033437,36.708451],[-78.033623,36.706079],[-78.033737,36.704674],[-78.034128,36.699136],[-78.034227,36.697846],[-78.034469,36.694928],[-78.035025,36.687828],[-78.035637,36.679728],[-78.036127,36.671741],[-78.036953,36.660066],[-78.037631,36.649267],[-78.037728,36.644532],[-78.038162,36.63837],[-78.038412,36.635067],[-78.038475,36.634454],[-78.038551,36.633716],[-78.038729,36.631695],[-78.039243,36.626205],[-78.039826,36.619651],[-78.040489,36.61209],[-78.041521,36.600367],[-78.042641,36.586916],[-78.042703,36.586141],[-78.042785,36.585162],[-78.043065,36.581805],[-78.043222,36.579926],[-78.043446,36.577243],[-78.043579,36.575656],[-78.043927,36.571082],[-78.043961,36.570664],[-78.043962,36.570653],[-78.043987,36.570372],[-78.044528,36.563837],[-78.044546,36.563616],[-78.044846,36.559984],[-78.045476,36.552365],[-78.045856,36.547789],[-78.046212,36.54416],[-78.046271,36.543551],[-78.043506,36.54357],[-78.038825,36.543624],[-78.035644,36.543659],[-78.034158,36.543689],[-78.031991,36.543738],[-78.029066,36.543804],[-78.02465,36.543895],[-78.014171,36.544107],[-78.013092,36.544124],[-77.99972,36.544387],[-77.995132,36.544406],[-77.984343,36.544437],[-77.981026,36.544452],[-77.975457,36.544464],[-77.970968,36.544475],[-77.969421,36.544481],[-77.955767,36.544524],[-77.942755,36.544593],[-77.938091,36.544678],[-77.930703,36.544591],[-77.930006,36.544592],[-77.922288,36.544605],[-77.920006,36.544609],[-77.913957,36.544629],[-77.900752,36.544609],[-77.883833,36.544681],[-77.882244,36.544537],[-77.875245,36.544564],[-77.874345,36.544732],[-77.868559,36.544771],[-77.868066,36.544774],[-77.862869,36.544804],[-77.847501,36.5449],[-77.846897,36.544904],[-77.828996,36.544998],[-77.827736,36.545002],[-77.802308,36.545111],[-77.780439,36.545276],[-77.772285,36.545336],[-77.767416,36.545373],[-77.76715,36.545374],[-77.749319,36.545452],[-77.738798,36.545431],[-77.712313,36.545421],[-77.689001,36.545381],[-77.672358,36.545307],[-77.664007,36.545322],[-77.646757,36.545262],[-77.645559,36.545265],[-77.640331,36.545237],[-77.61444,36.545197],[-77.614099,36.545197],[-77.613757,36.545197],[-77.613415,36.545197],[-77.613073,36.545197],[-77.612731,36.545197],[-77.61239,36.545197],[-77.612048,36.545197],[-77.611706,36.545197],[-77.611364,36.545197],[-77.611022,36.545197],[-77.610681,36.545197],[-77.610339,36.545197],[-77.609997,36.545197],[-77.609655,36.545197],[-77.609354,36.545198],[-77.601603,36.545198],[-77.597477,36.545198],[-77.590939,36.545127],[-77.587097,36.545149],[-77.576407,36.545187],[-77.576164,36.545187],[-77.568854,36.545195],[-77.559174,36.545168],[-77.548959,36.545177],[-77.544097,36.545182],[-77.53034,36.545196],[-77.530027,36.545195],[-77.513568,36.545208],[-77.498702,36.545101],[-77.485576,36.544942],[-77.449211,36.544859],[-77.432115,36.544798],[-77.400837,36.544778],[-77.37271,36.544768],[-77.351772,36.544894],[-77.336369,36.544898],[-77.32721,36.5449],[-77.305272,36.54488],[-77.300796,36.544866],[-77.296875,36.544855],[-77.289888,36.544838],[-77.253163,36.54469],[-77.244445,36.544631],[-77.214989,36.544426],[-77.206536,36.544367],[-77.203545,36.544736],[-77.198615,36.545348],[-77.191608,36.546219],[-77.190062,36.54641],[-77.18245,36.546751],[-77.170545,36.54728],[-77.169416,36.547105],[-77.164377,36.546329],[-77.15292,36.54413],[-77.138785,36.544086],[-77.124687,36.544036],[-77.103028,36.544594],[-77.102692,36.547528],[-77.102616,36.550105],[-77.0993,36.553321],[-77.099403,36.554817],[-77.098396,36.555933],[-77.098386,36.558169],[-77.102413,36.560414],[-77.103675,36.561868],[-77.105192,36.562867],[-77.107219,36.563563],[-77.106977,36.564592],[-77.105013,36.565524],[-77.105069,36.56655],[-77.103112,36.56865],[-77.100482,36.570497],[-77.099139,36.572163],[-77.097155,36.570508],[-77.089861,36.567491],[-77.088754,36.566864],[-77.089108,36.564597],[-77.08696,36.561792],[-77.085267,36.559886],[-77.083483,36.557862],[-77.08336,36.556869],[-77.083985,36.55278],[-77.08313,36.550161],[-77.082215,36.549614],[-77.077136,36.548321],[-77.074406,36.547158],[-77.071888,36.54588],[-77.070648,36.546853],[-77.068176,36.54947],[-77.066898,36.550414],[-77.059757,36.555071],[-77.058012,36.557192],[-77.05132,36.559705],[-77.047936,36.559653],[-77.046917,36.559932],[-77.046017,36.563016],[-77.04491,36.564515],[-77.040819,36.5678],[-77.039515,36.569215],[-77.038425,36.571791],[-77.040676,36.572532],[-77.042549,36.572234],[-77.04567,36.570426],[-77.047004,36.569374],[-77.04848,36.569832],[-77.049502,36.56887],[-77.05024,36.56942],[-77.05041,36.570839],[-77.051403,36.569763],[-77.053333,36.569717],[-77.054184,36.568024],[-77.055858,36.567886],[-77.056965,36.568344],[-77.059008,36.568207],[-77.061448,36.569168],[-77.064654,36.568848],[-77.066527,36.569969],[-77.069025,36.57299],[-77.071636,36.577019],[-77.074418,36.579536],[-77.076546,36.580886],[-77.076433,36.582809],[-77.077115,36.585601],[-77.080096,36.587935],[-77.080919,36.589927],[-77.083673,36.590407],[-77.086426,36.590269],[-77.089208,36.591756],[-77.09006,36.593152],[-77.092218,36.594273],[-77.09145,36.596145],[-77.091494,36.597355],[-77.092884,36.598905],[-77.095332,36.600728],[-77.09988,36.602317],[-77.10006,36.604276],[-77.099277,36.606903],[-77.09741,36.6087],[-77.094662,36.608018],[-77.091997,36.605963],[-77.088838,36.60296],[-77.086079,36.60104],[-77.077674,36.595933],[-77.076953,36.59529],[-77.07663,36.603893],[-77.077611,36.605267],[-77.07717,36.608092],[-77.077395,36.609701],[-77.078546,36.612712],[-77.074835,36.612036],[-77.072952,36.612106],[-77.071046,36.610688],[-77.070417,36.611604],[-77.070382,36.613945],[-77.070002,36.615127],[-77.066893,36.615429],[-77.050473,36.615593],[-77.045744,36.616524],[-77.045629,36.618709],[-77.046785,36.621882],[-77.04677,36.623614],[-77.046661,36.626514],[-77.049506,36.632559],[-77.050669,36.634416],[-77.051906,36.63751],[-77.05289,36.641415],[-77.056645,36.641172],[-77.082689,36.635006],[-77.082561,36.6353],[-77.081268,36.638405],[-77.081021,36.639629],[-77.079311,36.642163],[-77.076976,36.649108],[-77.074599,36.651962],[-77.071474,36.656481],[-77.070699,36.657215],[-77.074551,36.658865],[-77.077009,36.659547],[-77.07725,36.661293],[-77.078416,36.665589],[-77.079623,36.667742],[-77.081979,36.670133],[-77.082759,36.672094],[-77.082239,36.673702],[-77.080987,36.67651],[-77.080066,36.68083],[-77.084077,36.683837],[-77.085042,36.685079],[-77.086977,36.686467],[-77.087802,36.6875],[-77.091161,36.691785],[-77.091151,36.69387],[-77.09309,36.69698],[-77.093621,36.699025],[-77.095514,36.699498],[-77.098461,36.699474],[-77.100143,36.698496],[-77.101744,36.698139],[-77.102265,36.698804],[-77.099564,36.700679],[-77.093179,36.69921],[-77.078865,36.694703],[-77.074923,36.693928],[-77.067186,36.693672],[-77.067252,36.693784],[-77.069327,36.696193],[-77.071856,36.69747],[-77.074528,36.699361],[-77.076604,36.699837],[-77.077115,36.700772],[-77.07521,36.702369],[-77.076631,36.705884],[-77.076404,36.706934],[-77.074358,36.706861],[-77.070235,36.706303],[-77.068814,36.707283],[-77.067961,36.713448],[-77.069126,36.715319],[-77.070576,36.71472],[-77.071911,36.714922],[-77.073703,36.71639],[-77.074305,36.717171],[-77.075606,36.718291],[-77.078392,36.718565],[-77.079757,36.71916],[-77.080578,36.720128],[-77.081123,36.722867],[-77.078394,36.724676],[-77.077032,36.726165],[-77.074692,36.725079],[-77.071641,36.725954],[-77.072019,36.726989],[-77.068371,36.729729],[-77.066261,36.730997],[-77.064502,36.732601],[-77.063794,36.733808],[-77.064825,36.736281],[-77.065585,36.739332],[-77.064843,36.742166],[-77.063723,36.74475],[-77.062879,36.747885],[-77.062627,36.748659],[-77.062148,36.749516],[-77.059222,36.751799],[-77.056529,36.754904],[-77.053298,36.758851],[-77.051772,36.761382],[-77.051075,36.76454],[-77.048845,36.769663],[-77.046119,36.774],[-77.045917,36.774325],[-77.042949,36.774023],[-77.026771,36.774407],[-77.020486,36.774457],[-77.020402,36.774726],[-77.018752,36.776041],[-77.016388,36.778473],[-77.015967,36.780078],[-77.013376,36.781494],[-77.008238,36.781577],[-77.010877,36.786383],[-77.012169,36.78929],[-77.012115,36.790946],[-77.011444,36.792822],[-77.011502,36.795122],[-77.007675,36.794523],[-77.003069,36.792276],[-77.000776,36.791564],[-77.000321,36.791451],[-76.998232,36.791015],[-76.996531,36.790891],[-76.994104,36.790778],[-76.993017,36.790635],[-76.990735,36.790134],[-76.989297,36.789872],[-76.987711,36.789662],[-76.985714,36.789529],[-76.985183,36.789438],[-76.982981,36.788623],[-76.978655,36.786879],[-76.976331,36.786165],[-76.971352,36.785278],[-76.969677,36.784625],[-76.966298,36.782557],[-76.964624,36.781206],[-76.96402,36.783067],[-76.963577,36.786555],[-76.963951,36.790158],[-76.963592,36.793565],[-76.964182,36.796215],[-76.963885,36.79891],[-76.964028,36.800556],[-76.963648,36.803729],[-76.957582,36.803642],[-76.954813,36.803305],[-76.952367,36.803882],[-76.952682,36.806183],[-76.950912,36.8106],[-76.950647,36.811536],[-76.950117,36.818458],[-76.948867,36.821108],[-76.948124,36.823865],[-76.947745,36.825352],[-76.945577,36.83133],[-76.949758,36.831231],[-76.955934,36.833802],[-76.958921,36.834742],[-76.962356,36.83856],[-76.963373,36.840376],[-76.97144,36.833122],[-76.972664,36.835364],[-76.976788,36.839292],[-76.978398,36.842278],[-76.978417,36.843534],[-76.978947,36.843686],[-76.983558,36.846404],[-76.981763,36.849381],[-76.981172,36.852404],[-76.980231,36.854579],[-76.977529,36.857629],[-76.978809,36.858039],[-76.98567,36.860084],[-76.994355,36.858385],[-76.997785,36.857624],[-76.999431,36.856511],[-77.000074,36.85585],[-77.002399,36.854703],[-77.004002,36.854539],[-77.008929,36.855096],[-77.011807,36.855617],[-77.014541,36.85895],[-77.016474,36.863492],[-77.016683,36.86637],[-77.015831,36.86842],[-77.014674,36.870974],[-77.013127,36.873275],[-77.011597,36.877704],[-77.010534,36.881363],[-77.009623,36.88284],[-77.00961,36.885598],[-77.006631,36.88572],[-77.002458,36.887596],[-76.994338,36.885804],[-76.983239,36.885353],[-76.980896,36.884016],[-76.979314,36.883922],[-76.976459,36.884577],[-76.974646,36.88441],[-76.972534,36.882938],[-76.97005,36.88597],[-76.970193,36.888889],[-76.972945,36.892715],[-76.975932,36.896268],[-76.979342,36.898855],[-76.980101,36.900958],[-76.981798,36.903802],[-76.984714,36.905517],[-76.985254,36.906122],[-76.988914,36.912622],[-76.98908,36.914526],[-76.993491,36.914731],[-76.996148,36.915074],[-76.999302,36.916135],[-77.000031,36.918308],[-77.002103,36.920747],[-76.999683,36.921674],[-76.98259,36.929609],[-76.964808,36.93856],[-76.961189,36.940656],[-76.957479,36.942499],[-76.953546,36.94445],[-76.953421,36.944512],[-76.95227,36.945083],[-76.944391,36.948825],[-76.944175,36.948933],[-76.916092,36.962936],[-76.91051,36.965723],[-76.906858,36.967539],[-76.904397,36.968789],[-76.8903,36.975811],[-76.88744,36.977321],[-76.875893,36.983002],[-76.870705,36.985666],[-76.863838,36.989199],[-76.85498,36.993518],[-76.849684,36.996211],[-76.835662,37.003073],[-76.825667,37.007483],[-76.818953,37.010338],[-76.807332,37.015403],[-76.80104,37.018143],[-76.791086,37.022492],[-76.774554,37.029672],[-76.771586,37.030907],[-76.748319,37.040524],[-76.73368,37.046514],[-76.729753,37.048123],[-76.72216,37.051131],[-76.711775,37.05538],[-76.710719,37.055252],[-76.709535,37.056452],[-76.708127,37.0565],[-76.706227,37.055752],[-76.706207,37.055748],[-76.705599,37.055924],[-76.705087,37.05634],[-76.704127,37.056884],[-76.702879,37.056772],[-76.701679,37.057204],[-76.699311,37.05842],[-76.698255,37.05914],[-76.697631,37.059796],[-76.697615,37.060484],[-76.697967,37.061268],[-76.698879,37.062164],[-76.699967,37.062852],[-76.700655,37.063572],[-76.700991,37.064324],[-76.701151,37.065284],[-76.701183,37.066196],[-76.700751,37.066932],[-76.699839,37.06786],[-76.699151,37.06874],[-76.697183,37.070996],[-76.696815,37.071844],[-76.696159,37.072564],[-76.695151,37.07266],[-76.694463,37.072884],[-76.693391,37.073556],[-76.693322,37.074838],[-76.695007,37.07666],[-76.693407,37.080452],[-76.693759,37.082164],[-76.695071,37.082468],[-76.695647,37.083284],[-76.693727,37.084628],[-76.693376,37.084722],[-76.692591,37.08506],[-76.691087,37.08546],[-76.690511,37.085396],[-76.689775,37.085124],[-76.688383,37.085556],[-76.687853,37.085959],[-76.687871,37.087316],[-76.684478,37.088164],[-76.683822,37.090836],[-76.684318,37.091796],[-76.683838,37.092628],[-76.681694,37.093779],[-76.681934,37.094515],[-76.683614,37.095923],[-76.684142,37.097011],[-76.683662,37.097811],[-76.682078,37.098659],[-76.682974,37.101971],[-76.68419,37.103171],[-76.68419,37.103891],[-76.682622,37.105027],[-76.681118,37.106883],[-76.679454,37.105907],[-76.67843,37.104051],[-76.67739,37.104707],[-76.676398,37.106835],[-76.675294,37.108099],[-76.675502,37.109123],[-76.67779,37.109811],[-76.679358,37.111427],[-76.679102,37.112627],[-76.677134,37.113923],[-76.677086,37.114451],[-76.678606,37.115427],[-76.679966,37.117683],[-76.67979,37.121123],[-76.68019,37.123523],[-76.680286,37.126291],[-76.679806,37.127923],[-76.678222,37.130403],[-76.675822,37.132147],[-76.672654,37.132771],[-76.672606,37.133875],[-76.674654,37.135043],[-76.675742,37.136499],[-76.675422,37.139043],[-76.67379,37.140979],[-76.671927,37.141921],[-76.671588,37.14206],[-76.641581,37.153827],[-76.642301,37.17877],[-76.642845,37.188786],[-76.644877,37.192162],[-76.646173,37.19373],[-76.652445,37.198818],[-76.658827,37.203045],[-76.663501,37.205826],[-76.670798,37.208946],[-76.67635,37.210546],[-76.677659,37.210694],[-76.679742,37.21093],[-76.689886,37.210962],[-76.691806,37.210867],[-76.69731,37.209699],[-76.701663,37.208147],[-76.705631,37.206435],[-76.708831,37.204675],[-76.712847,37.201587],[-76.717263,37.196547],[-76.718464,37.194347],[-76.721151,37.189987],[-76.721215,37.187667],[-76.723027,37.183375],[-76.723934,37.181251],[-76.724751,37.179283],[-76.726255,37.177024],[-76.728512,37.174803],[-76.730528,37.173491],[-76.732655,37.172542],[-76.736064,37.171699],[-76.739504,37.171315],[-76.743552,37.171171],[-76.74968,37.17159],[-76.753126,37.17268],[-76.756318,37.174252],[-76.760314,37.176799],[-76.765952,37.181814],[-76.773526,37.18885],[-76.781164,37.196556],[-76.785476,37.201044],[-76.795723,37.212041],[-76.79774,37.214087],[-76.801677,37.217846],[-76.804871,37.220189],[-76.80893,37.222347],[-76.812489,37.223449],[-76.818511,37.224618],[-76.82344,37.224938],[-76.835036,37.224889],[-76.86185,37.223982],[-76.874684,37.223624],[-76.883156,37.223057],[-76.884516,37.232037],[-76.885696,37.238687],[-76.886426,37.243753],[-76.886397,37.244828],[-76.886365,37.246045],[-76.885509,37.24812],[-76.884078,37.250146],[-76.879035,37.252807],[-76.87468,37.255911],[-76.873438,37.257149],[-76.873171,37.25833],[-76.87468,37.260098],[-76.877218,37.263633],[-76.878902,37.266014],[-76.882047,37.271683],[-76.883076,37.275924],[-76.882612,37.278539],[-76.881459,37.281349],[-76.88176,37.28335],[-76.881564,37.285509],[-76.880831,37.287259],[-76.877896,37.290045],[-76.874685,37.291961],[-76.872806,37.293713],[-76.871685,37.295597],[-76.871995,37.298399],[-76.874685,37.301045],[-76.876928,37.302713],[-76.878374,37.304863],[-76.87944,37.307411],[-76.880005,37.309874],[-76.879351,37.311722],[-76.875256,37.317713],[-76.874685,37.320434],[-76.875555,37.322922],[-76.876077,37.32553],[-76.87563,37.329564],[-76.876619,37.333224],[-76.87553,37.3383],[-76.874206,37.340167],[-76.873632,37.342561],[-76.874685,37.346012],[-76.877446,37.347593],[-76.880139,37.348681],[-76.880598,37.350241],[-76.879811,37.352789],[-76.87834,37.35529],[-76.874685,37.360211],[-76.87362,37.362044],[-76.873507,37.363415],[-76.874437,37.365427],[-76.877099,37.369189],[-76.878446,37.369443],[-76.881463,37.369253],[-76.88477,37.368566],[-76.887475,37.366423],[-76.888855,37.363969],[-76.891162,37.362096],[-76.896404,37.360846],[-76.899517,37.359028],[-76.90198,37.356222],[-76.905353,37.350644],[-76.907978,37.349015],[-76.909647,37.348643],[-76.913304,37.349989],[-76.915863,37.352615],[-76.915622,37.35387],[-76.914226,37.356791],[-76.912136,37.359633],[-76.910444,37.364091],[-76.908503,37.366346],[-76.902715,37.369083],[-76.901139,37.36998],[-76.898953,37.371789],[-76.897792,37.373802],[-76.898695,37.375569],[-76.904471,37.377665],[-76.905683,37.378105],[-76.915248,37.382644],[-76.917932,37.384261],[-76.918847,37.385522],[-76.918757,37.387401],[-76.917323,37.389204],[-76.914843,37.38977],[-76.908216,37.390861],[-76.906368,37.392609],[-76.905039,37.397096],[-76.904116,37.403821],[-76.90492,37.404914],[-76.906882,37.405438],[-76.908061,37.405079],[-76.909808,37.403234],[-76.911009,37.399522],[-76.913714,37.397464],[-76.915321,37.395805],[-76.917993,37.395327],[-76.919462,37.396383],[-76.925772,37.399405],[-76.92761,37.399566],[-76.930205,37.397823],[-76.931176,37.396311],[-76.931593,37.391538],[-76.932297,37.389335],[-76.933289,37.387985],[-76.93643,37.386545],[-76.93967,37.384726],[-76.940987,37.383729],[-76.942518,37.383238],[-76.944854,37.383938],[-76.945604,37.385998],[-76.946108,37.391081],[-76.945329,37.394115],[-76.942859,37.396439],[-76.93802,37.39953],[-76.93703,37.401171],[-76.936854,37.403419],[-76.937449,37.4054],[-76.93847,37.407354],[-76.940828,37.409883],[-76.943083,37.410389],[-76.945356,37.40884],[-76.948549,37.405892],[-76.95192,37.403967],[-76.953999,37.403491],[-76.956555,37.403826],[-76.968821,37.406511],[-76.971041,37.407992],[-76.972504,37.409379],[-76.972732,37.410208],[-76.971196,37.413335],[-76.969479,37.415243],[-76.969622,37.416743],[-76.971672,37.418353],[-76.974242,37.419011],[-76.975988,37.41886],[-76.976765,37.418725],[-76.979243,37.419342],[-76.980133,37.419515],[-76.98127,37.420429],[-76.982,37.420861],[-76.982707,37.420809],[-76.983238,37.420266],[-76.983392,37.419081],[-76.983639,37.418113],[-76.98391,37.417878],[-76.984575,37.417665],[-76.985756,37.417539],[-76.986264,37.416327],[-76.986785,37.415866],[-76.988256,37.415117],[-76.988911,37.414961],[-76.991051,37.41483],[-76.991476,37.414917],[-76.992118,37.415792],[-76.992686,37.416128],[-76.993931,37.416605],[-76.994854,37.417157],[-76.996374,37.41794],[-76.997526,37.418183],[-76.998263,37.418196],[-76.999049,37.417845],[-76.999688,37.417295],[-77.003289,37.414941],[-77.005624,37.414019],[-77.00678,37.413728],[-77.007648,37.413749],[-77.008672,37.414135],[-77.009312,37.414576],[-77.009823,37.415422],[-77.010835,37.415668],[-77.011302,37.416077],[-77.011373,37.416673],[-77.011048,37.417028],[-77.01117,37.417406],[-77.012011,37.417681],[-77.012473,37.417462],[-77.013073,37.416675],[-77.013097,37.415811],[-77.013315,37.41535],[-77.013786,37.415168],[-77.015501,37.414703],[-77.01611,37.414015],[-77.016931,37.414164],[-77.017771,37.4145],[-77.018321,37.414976],[-77.018267,37.41529],[-77.018793,37.415356],[-77.019051,37.41556],[-77.020466,37.415772],[-77.021316,37.41601],[-77.022212,37.416975],[-77.023601,37.417816],[-77.023809,37.418485],[-77.024599,37.419516],[-77.024721,37.420156],[-77.023578,37.4203],[-77.02235,37.420538],[-77.021862,37.420756],[-77.021845,37.421247],[-77.022018,37.421339],[-77.023106,37.420915],[-77.024068,37.420898],[-77.024293,37.421503],[-77.024148,37.422023],[-77.023728,37.422831],[-77.024075,37.422984],[-77.024404,37.4234],[-77.024057,37.423854],[-77.024567,37.424483],[-77.024726,37.425111],[-77.025065,37.425725],[-77.024777,37.426498],[-77.025246,37.427054],[-77.02599,37.427127],[-77.025868,37.427466],[-77.025398,37.427844],[-77.025734,37.428323],[-77.026116,37.428473],[-77.026375,37.428888],[-77.026677,37.429006],[-77.027573,37.428046],[-77.028663,37.429391],[-77.029412,37.429124],[-77.028546,37.427932],[-77.029111,37.427284],[-77.029999,37.428569],[-77.031239,37.428421],[-77.031231,37.429426],[-77.032513,37.428477],[-77.034861,37.427792],[-77.034405,37.426842],[-77.035568,37.426838],[-77.037286,37.428318],[-77.037245,37.429137],[-77.038375,37.429178],[-77.039359,37.429737],[-77.040743,37.429453],[-77.043597,37.430132],[-77.044732,37.429397],[-77.045924,37.430002],[-77.045764,37.431111],[-77.046913,37.431791],[-77.048146,37.431301],[-77.049424,37.432077],[-77.050797,37.432161],[-77.052205,37.431468],[-77.053401,37.431929],[-77.05299,37.430903],[-77.055597,37.431706],[-77.057478,37.430493],[-77.057855,37.429122],[-77.059717,37.429001],[-77.060991,37.431423],[-77.06154,37.43296],[-77.060798,37.433823],[-77.060391,37.433116],[-77.059687,37.434261],[-77.060775,37.435822],[-77.062012,37.435969],[-77.065446,37.437169],[-77.066489,37.436621],[-77.0689,37.437904],[-77.069125,37.439434],[-77.070143,37.439931],[-77.07315,37.439649],[-77.073502,37.44057],[-77.075617,37.440484],[-77.076287,37.441287],[-77.077071,37.440355],[-77.078546,37.440076],[-77.079752,37.440747],[-77.080774,37.439973],[-77.082335,37.44054],[-77.08354,37.439864],[-77.086392,37.439894],[-77.086728,37.441376],[-77.093108,37.440465],[-77.094219,37.441024],[-77.095814,37.440292],[-77.098625,37.44232],[-77.098336,37.442952],[-77.100334,37.443879],[-77.101279,37.444802],[-77.100646,37.447087],[-77.105483,37.44853],[-77.10629,37.449551],[-77.107806,37.450237],[-77.107393,37.451127],[-77.10964,37.452834],[-77.111783,37.453503],[-77.113621,37.453058],[-77.114753,37.453634],[-77.11531,37.452765],[-77.116186,37.454517],[-77.116978,37.454039],[-77.117985,37.455267],[-77.119073,37.455822],[-77.119006,37.456938],[-77.118008,37.457367],[-77.117808,37.458797],[-77.118554,37.460305],[-77.1185,37.461557],[-77.11983,37.461315],[-77.121112,37.462698],[-77.122739,37.463142],[-77.123409,37.464658],[-77.124114,37.467898],[-77.125628,37.469858],[-77.126765,37.470512],[-77.126984,37.471622],[-77.128611,37.471403],[-77.129066,37.470826],[-77.131567,37.471558],[-77.133029,37.470658],[-77.136696,37.469758],[-77.138175,37.469814],[-77.1388,37.469208],[-77.141747,37.468382],[-77.14258,37.468706],[-77.143296,37.47053],[-77.142985,37.471947],[-77.141083,37.473412],[-77.141791,37.476285],[-77.144161,37.476396],[-77.147394,37.475738],[-77.15032,37.477286],[-77.15244,37.477013],[-77.154782,37.476275],[-77.15786,37.474529],[-77.160805,37.475302],[-77.161638,37.476516],[-77.160426,37.479162],[-77.159514,37.482292],[-77.157728,37.483692],[-77.1575,37.485615],[-77.158437,37.486203],[-77.160002,37.485797],[-77.161043,37.486143],[-77.163483,37.485523],[-77.164655,37.48471],[-77.166647,37.481915],[-77.168811,37.480899],[-77.170383,37.481416],[-77.170072,37.482641],[-77.171113,37.484162],[-77.17063,37.485936],[-77.171264,37.487238],[-77.174765,37.488606],[-77.176778,37.488688],[-77.177324,37.4906],[-77.176982,37.491367],[-77.178538,37.491401],[-77.179955,37.492657],[-77.179941,37.493329],[-77.179961,37.493357],[-77.179995,37.493387],[-77.180058,37.493419],[-77.180164,37.493458],[-77.180287,37.493523],[-77.180379,37.493548],[-77.180437,37.493574],[-77.180486,37.493573],[-77.181203,37.493153],[-77.182423,37.493933],[-77.183043,37.494746],[-77.183851,37.495283],[-77.184836,37.49572],[-77.185013,37.496286],[-77.185984,37.497356],[-77.186055,37.49798],[-77.186547,37.498087],[-77.186672,37.49775],[-77.187439,37.497561],[-77.188058,37.497969],[-77.188346,37.49796],[-77.188584,37.498289],[-77.188632,37.498704],[-77.188426,37.499298],[-77.187883,37.499746],[-77.188164,37.500224],[-77.188595,37.50028],[-77.189048,37.500136],[-77.189862,37.500144],[-77.1906,37.500622],[-77.191441,37.500693],[-77.191937,37.501237],[-77.191958,37.502868],[-77.192868,37.503406],[-77.192882,37.503664],[-77.192523,37.503983],[-77.192475,37.504285],[-77.192791,37.504889],[-77.192785,37.506067],[-77.192962,37.506598],[-77.193719,37.5072],[-77.193983,37.50754],[-77.194787,37.507828],[-77.19539,37.508147],[-77.196806,37.508551],[-77.197383,37.508932],[-77.198184,37.508965],[-77.198481,37.509427],[-77.198857,37.509713],[-77.199398,37.509899],[-77.201325,37.511104],[-77.201677,37.511582],[-77.201668,37.511978],[-77.2025,37.512257],[-77.202667,37.512866],[-77.203415,37.512996],[-77.203714,37.513215],[-77.204027,37.513123],[-77.204545,37.512698],[-77.205627,37.512956],[-77.206215,37.513348],[-77.206373,37.513616],[-77.207007,37.513446],[-77.207121,37.514293],[-77.206976,37.514489],[-77.206803,37.514801],[-77.206729,37.514758],[-77.206694,37.514775],[-77.206672,37.514806],[-77.206665,37.514838],[-77.206682,37.514871],[-77.20671,37.514975],[-77.206683,37.51508],[-77.206669,37.515114],[-77.2066,37.515205],[-77.206563,37.515226],[-77.206519,37.51523],[-77.206352,37.515176],[-77.206265,37.515156],[-77.206175,37.515153],[-77.206077,37.515172],[-77.206044,37.515182],[-77.205994,37.515201],[-77.205881,37.515245],[-77.205768,37.515276],[-77.205835,37.515357],[-77.205842,37.515402],[-77.205895,37.515516],[-77.206046,37.515735],[-77.206152,37.515868],[-77.206195,37.51593],[-77.206239,37.515977],[-77.206356,37.516024],[-77.206529,37.516088],[-77.206607,37.516126],[-77.206713,37.516159],[-77.206809,37.516154],[-77.206939,37.516134],[-77.207172,37.5162],[-77.207232,37.51621],[-77.207286,37.51621],[-77.207391,37.516195],[-77.207501,37.516113],[-77.20761,37.516066],[-77.207738,37.516026],[-77.207836,37.516041],[-77.207949,37.516093],[-77.208203,37.516147],[-77.208307,37.516189],[-77.20844,37.516253],[-77.208535,37.516275],[-77.208627,37.516279],[-77.208695,37.516304],[-77.208808,37.516423],[-77.208893,37.516532],[-77.208914,37.51656],[-77.208964,37.516673],[-77.208999,37.516785],[-77.208996,37.51685],[-77.209066,37.517052],[-77.209093,37.517387],[-77.209105,37.517464],[-77.209279,37.517769],[-77.209419,37.51825],[-77.209331,37.518985],[-77.209427,37.519257],[-77.210121,37.520081],[-77.21029,37.520443],[-77.210752,37.520741],[-77.211211,37.520664],[-77.211507,37.520994],[-77.21239,37.521363],[-77.212656,37.522011],[-77.212509,37.52323],[-77.214521,37.524578],[-77.214593,37.524723],[-77.214773,37.525231],[-77.214847,37.525372],[-77.214971,37.525443],[-77.215157,37.52552],[-77.215254,37.525542],[-77.215999,37.525651],[-77.21613,37.525679],[-77.216744,37.525855],[-77.21715,37.526041],[-77.217323,37.526151],[-77.217413,37.526222],[-77.217509,37.526272],[-77.217792,37.526365],[-77.217889,37.52642],[-77.218144,37.526645],[-77.218282,37.526744],[-77.21853,37.526865],[-77.218606,37.526881],[-77.218895,37.526821],[-77.219068,37.526843],[-77.219164,37.52687],[-77.21924,37.526903],[-77.219502,37.527057],[-77.219578,37.527089],[-77.219765,37.527122],[-77.220013,37.527106],[-77.220082,37.527111],[-77.220164,37.527139],[-77.220254,37.527221],[-77.220406,37.527485],[-77.220551,37.527704],[-77.220572,37.527792],[-77.220579,37.528056],[-77.220551,37.528863],[-77.2206,37.529006],[-77.220669,37.529121],[-77.220821,37.529303],[-77.22069,37.529605],[-77.220573,37.529797],[-77.220449,37.530028],[-77.2204,37.530143],[-77.220146,37.530912],[-77.220139,37.531005],[-77.220152,37.531066],[-77.220532,37.531527],[-77.22058,37.531598],[-77.220629,37.531714],[-77.220622,37.531867],[-77.220512,37.532213],[-77.220498,37.53229],[-77.2205,37.532436],[-77.220527,37.532537],[-77.220616,37.532697],[-77.220725,37.532782],[-77.220906,37.532896],[-77.221051,37.533002],[-77.221244,37.533229],[-77.221306,37.533252],[-77.221669,37.533317],[-77.2219,37.533325],[-77.222423,37.533315],[-77.222557,37.533326],[-77.222758,37.533376],[-77.222926,37.533459],[-77.223036,37.533564],[-77.223036,37.533597],[-77.222974,37.533761],[-77.222974,37.533816],[-77.22303,37.533899],[-77.223181,37.533954],[-77.223347,37.533986],[-77.223623,37.533981],[-77.223906,37.53397],[-77.224506,37.533915],[-77.224671,37.53392],[-77.224795,37.533948],[-77.224864,37.533975],[-77.225085,37.534101],[-77.225209,37.534145],[-77.22543,37.534156],[-77.22572,37.534079],[-77.226078,37.533931],[-77.226237,37.533887],[-77.226361,37.533859],[-77.226512,37.53387],[-77.226588,37.533898],[-77.22674,37.533991],[-77.226968,37.534167],[-77.227175,37.534348],[-77.227299,37.534479],[-77.227541,37.534814],[-77.227906,37.535402],[-77.228286,37.536077],[-77.228466,37.536357],[-77.228504,37.536398],[-77.228661,37.536545],[-77.228984,37.536827],[-77.229127,37.536856],[-77.229557,37.536863],[-77.229734,37.53688],[-77.229907,37.536947],[-77.230067,37.537066],[-77.230345,37.537109],[-77.23046,37.537142],[-77.230564,37.537244],[-77.230539,37.537391],[-77.230539,37.537514],[-77.230592,37.537621],[-77.230831,37.537901],[-77.231024,37.538168],[-77.231071,37.538341],[-77.231061,37.538459],[-77.231494,37.539466],[-77.232703,37.539553],[-77.233238,37.539074],[-77.233353,37.539002],[-77.233785,37.538835],[-77.23415,37.538863],[-77.234303,37.538871],[-77.234428,37.538868],[-77.2345,37.538856],[-77.234646,37.538804],[-77.234788,37.538677],[-77.235058,37.538592],[-77.235132,37.538574],[-77.235196,37.538572],[-77.235272,37.538584],[-77.235378,37.53863],[-77.235387,37.538702],[-77.235963,37.538877],[-77.23631,37.538918],[-77.236535,37.538932],[-77.236602,37.538949],[-77.236731,37.538959],[-77.236912,37.538943],[-77.237181,37.538876],[-77.237241,37.53887],[-77.237351,37.538884],[-77.2374,37.5389],[-77.237525,37.538994],[-77.237592,37.539056],[-77.23766,37.539086],[-77.237736,37.539094],[-77.237915,37.539074],[-77.238058,37.539027],[-77.238229,37.538944],[-77.238307,37.538891],[-77.238385,37.538796],[-77.238403,37.538744],[-77.238404,37.538638],[-77.23843,37.538574],[-77.238486,37.53852],[-77.238553,37.53848],[-77.239059,37.538294],[-77.239215,37.53822],[-77.239359,37.538141],[-77.239509,37.538077],[-77.239756,37.537983],[-77.239902,37.537933],[-77.240074,37.537892],[-77.240416,37.53785],[-77.240732,37.537803],[-77.240814,37.537804],[-77.240884,37.537825],[-77.240955,37.537876],[-77.241023,37.53797],[-77.240988,37.538088],[-77.241034,37.538135],[-77.241058,37.538237],[-77.241064,37.538336],[-77.241184,37.538516],[-77.24129,37.538575],[-77.241595,37.538618],[-77.241727,37.538602],[-77.242091,37.538594],[-77.24228,37.538621],[-77.242652,37.538714],[-77.242721,37.53876],[-77.242833,37.538882],[-77.243048,37.539235],[-77.243235,37.539379],[-77.243475,37.539444],[-77.243572,37.539455],[-77.243844,37.539446],[-77.243924,37.539436],[-77.244169,37.539348],[-77.244312,37.539259],[-77.244407,37.539154],[-77.244533,37.539053],[-77.244557,37.539034],[-77.244682,37.539016],[-77.244917,37.539051],[-77.245667,37.539123],[-77.245811,37.539139],[-77.246195,37.539196],[-77.246469,37.539218],[-77.24661,37.539235],[-77.246806,37.53931],[-77.246872,37.539436],[-77.246979,37.539595],[-77.247168,37.539749],[-77.247303,37.539939],[-77.247351,37.540093],[-77.247409,37.540236],[-77.247438,37.540281],[-77.247509,37.540355],[-77.247635,37.540441],[-77.24771,37.540469],[-77.247856,37.540481],[-77.248066,37.540452],[-77.248106,37.540456],[-77.2485,37.54058],[-77.248723,37.540646],[-77.249061,37.540713],[-77.249233,37.54075],[-77.249413,37.540818],[-77.249555,37.540956],[-77.249765,37.541069],[-77.249887,37.541164],[-77.249938,37.541217],[-77.249982,37.54129],[-77.250042,37.541421],[-77.250125,37.541579],[-77.250182,37.541668],[-77.250312,37.54183],[-77.250375,37.541868],[-77.250479,37.5419],[-77.250779,37.542027],[-77.250901,37.542152],[-77.25118,37.542317],[-77.251559,37.542431],[-77.251717,37.542458],[-77.251951,37.542479],[-77.252072,37.542483],[-77.252289,37.54242],[-77.25242,37.542312],[-77.252474,37.542275],[-77.252545,37.542249],[-77.252649,37.542234],[-77.252774,37.542246],[-77.252959,37.542303],[-77.253303,37.542474],[-77.25355,37.542618],[-77.253724,37.542726],[-77.253953,37.543058],[-77.254141,37.543352],[-77.254227,37.543547],[-77.254269,37.543726],[-77.254339,37.543949],[-77.254405,37.544088],[-77.254565,37.544409],[-77.254671,37.544556],[-77.254724,37.544606],[-77.254848,37.544674],[-77.255173,37.544833],[-77.255343,37.544922],[-77.255657,37.545122],[-77.255843,37.545195],[-77.256073,37.545239],[-77.256152,37.545243],[-77.256463,37.54529],[-77.256577,37.545323],[-77.256661,37.545369],[-77.256742,37.545447],[-77.256824,37.545558],[-77.256953,37.5458],[-77.257098,37.545982],[-77.257298,37.546142],[-77.257402,37.546211],[-77.257551,37.54629],[-77.257807,37.546374],[-77.258077,37.546458],[-77.258351,37.546568],[-77.258512,37.546646],[-77.258644,37.546704],[-77.259055,37.546857],[-77.259114,37.54689],[-77.259199,37.546941],[-77.259231,37.546967],[-77.259268,37.547042],[-77.25935,37.547285],[-77.259428,37.547661],[-77.259441,37.547865],[-77.259423,37.547927],[-77.25931,37.548084],[-77.259285,37.548148],[-77.259279,37.548276],[-77.259285,37.548333],[-77.259295,37.548362],[-77.259295,37.548372],[-77.259398,37.548502],[-77.259468,37.54862],[-77.259569,37.548739],[-77.259607,37.548765],[-77.259741,37.548909],[-77.259835,37.548972],[-77.259922,37.54903],[-77.259972,37.549058],[-77.260083,37.549114],[-77.260222,37.549185],[-77.260238,37.549192],[-77.260455,37.549319],[-77.260602,37.549374],[-77.260691,37.549395],[-77.260886,37.549461],[-77.260933,37.549487],[-77.261131,37.549597],[-77.261288,37.549675],[-77.261366,37.549702],[-77.261437,37.549712],[-77.261549,37.549722],[-77.261732,37.549696],[-77.261823,37.549694],[-77.262287,37.549709],[-77.262547,37.549753],[-77.262628,37.549762],[-77.262793,37.549777],[-77.263136,37.549765],[-77.263277,37.549729],[-77.263434,37.549648],[-77.263458,37.54965],[-77.263563,37.549759],[-77.263654,37.549886],[-77.263676,37.549909],[-77.263828,37.550066],[-77.263929,37.550131],[-77.263994,37.5502],[-77.264079,37.550357],[-77.264086,37.550405],[-77.264117,37.550456],[-77.26422,37.550557],[-77.264253,37.550607],[-77.264296,37.550685],[-77.264348,37.550734],[-77.264383,37.550767],[-77.264539,37.550922],[-77.264798,37.551064],[-77.264938,37.551137],[-77.26505,37.551197],[-77.265881,37.551841],[-77.265959,37.551867],[-77.26612,37.5519],[-77.26631,37.551887],[-77.266572,37.551857],[-77.266952,37.551773],[-77.267227,37.551736],[-77.267672,37.551687],[-77.268129,37.551644],[-77.268193,37.551648],[-77.268482,37.551662],[-77.269045,37.551665],[-77.269897,37.551538],[-77.27022,37.551617],[-77.270602,37.551788],[-77.270908,37.551959],[-77.271508,37.552278],[-77.272432,37.552298],[-77.273601,37.552434],[-77.274235,37.552745],[-77.275048,37.552736],[-77.275698,37.552925],[-77.276118,37.553316],[-77.276515,37.553537],[-77.27711,37.554118],[-77.278083,37.554199],[-77.27896,37.554095],[-77.279773,37.554511],[-77.280296,37.555025],[-77.28076,37.555003],[-77.281889,37.555719],[-77.282728,37.555552],[-77.283379,37.555539],[-77.283665,37.555308],[-77.283999,37.555352],[-77.285144,37.55588],[-77.286104,37.555991],[-77.286913,37.556313],[-77.288379,37.557487],[-77.288833,37.558114],[-77.289885,37.559637],[-77.291233,37.560616],[-77.29334,37.561013],[-77.295455,37.560625],[-77.296158,37.560332],[-77.297326,37.560282],[-77.299142,37.559719],[-77.301129,37.559712],[-77.302335,37.5598],[-77.304279,37.560411],[-77.305938,37.561011],[-77.307197,37.561862],[-77.307773,37.562622],[-77.30829,37.563095],[-77.309864,37.564164],[-77.310581,37.564744],[-77.311057,37.564922],[-77.311586,37.564531],[-77.311946,37.564448],[-77.313405,37.564611],[-77.314926,37.5658],[-77.31606,37.567016],[-77.316714,37.567466],[-77.317842,37.567352],[-77.318935,37.567483],[-77.320547,37.567878],[-77.320754,37.567836],[-77.32095,37.567795],[-77.321026,37.567778],[-77.32125,37.567776],[-77.322032,37.568142],[-77.322075,37.568164],[-77.322379,37.568347],[-77.322603,37.568524],[-77.322819,37.568753],[-77.323071,37.568911],[-77.323391,37.569071],[-77.323628,37.569111],[-77.323915,37.569185],[-77.324089,37.569238],[-77.324779,37.56965],[-77.326578,37.570328],[-77.32649,37.57091],[-77.326483,37.570922],[-77.326478,37.57094],[-77.326476,37.570961],[-77.326482,37.571009],[-77.326486,37.571038],[-77.326494,37.571068],[-77.326504,37.571097],[-77.32653,37.571159],[-77.326561,37.571223],[-77.326592,37.571283],[-77.326622,37.571336],[-77.326638,37.571359],[-77.32669,37.571428],[-77.326734,37.571473],[-77.326802,37.571534],[-77.326877,37.571595],[-77.326953,37.571653],[-77.327024,37.571706],[-77.327082,37.571749],[-77.327123,37.571779],[-77.327147,37.571792],[-77.327205,37.571822],[-77.327279,37.571856],[-77.327367,37.571891],[-77.327415,37.57191],[-77.327522,37.57195],[-77.327668,37.572006],[-77.327789,37.572054],[-77.327894,37.572095],[-77.327994,37.572133],[-77.328153,37.572189],[-77.328199,37.572203],[-77.328294,37.572232],[-77.328391,37.572262],[-77.328486,37.572287],[-77.328574,37.572311],[-77.328687,37.572338],[-77.328768,37.572354],[-77.328861,37.572373],[-77.328965,37.572395],[-77.329022,37.572407],[-77.329144,37.572435],[-77.329282,37.57247],[-77.329408,37.572502],[-77.329517,37.572531],[-77.329616,37.572556],[-77.32971,37.572586],[-77.329805,37.572617],[-77.329886,37.572648],[-77.329941,37.57267],[-77.330022,37.572706],[-77.330087,37.572746],[-77.330143,37.572778],[-77.330178,37.572796],[-77.330226,37.572821],[-77.330297,37.572876],[-77.330344,37.572918],[-77.330415,37.572986],[-77.330722,37.573293],[-77.331515,37.573737],[-77.332474,37.574003],[-77.333126,37.574246],[-77.33407,37.574427],[-77.3348,37.574671],[-77.335229,37.574698],[-77.335756,37.574778],[-77.336203,37.575016],[-77.336925,37.575674],[-77.336967,37.575736],[-77.337419,37.57643],[-77.337954,37.577063],[-77.338096,37.577206],[-77.338169,37.577236],[-77.338419,37.5773],[-77.338917,37.577375],[-77.339033,37.57739],[-77.339279,37.577435],[-77.339471,37.577477],[-77.339559,37.577505],[-77.339842,37.577545],[-77.340575,37.57776],[-77.340637,37.577774],[-77.340916,37.577856],[-77.341163,37.577919],[-77.341705,37.578076],[-77.341813,37.57811],[-77.342046,37.578195],[-77.342158,37.578245],[-77.34247,37.578393],[-77.342772,37.578533],[-77.342874,37.578566],[-77.343068,37.578585],[-77.343401,37.578561],[-77.343476,37.578568],[-77.343769,37.578615],[-77.343991,37.578613],[-77.344055,37.578588],[-77.344234,37.57846],[-77.344364,37.578291],[-77.34441,37.578248],[-77.344568,37.578201],[-77.344623,37.57823],[-77.344841,37.578431],[-77.344974,37.57851],[-77.345055,37.578539],[-77.345284,37.578564],[-77.345347,37.578566],[-77.345539,37.578648],[-77.345593,37.578693],[-77.34569,37.57879],[-77.345744,37.578834],[-77.345977,37.578913],[-77.346073,37.578936],[-77.346326,37.579031],[-77.346464,37.579114],[-77.346749,37.579249],[-77.346912,37.579313],[-77.347158,37.579369],[-77.347461,37.579383],[-77.347676,37.579424],[-77.347751,37.579453],[-77.347937,37.579551],[-77.348013,37.579568],[-77.348172,37.579563],[-77.348259,37.579538],[-77.348499,37.579481],[-77.348582,37.57948],[-77.348728,37.579508],[-77.348802,37.579539],[-77.34901,37.579644],[-77.349299,37.579805],[-77.349543,37.579954],[-77.349752,37.579984],[-77.349825,37.579981],[-77.350028,37.579993],[-77.350207,37.580038],[-77.35022,37.580059],[-77.350209,37.580174],[-77.350185,37.580276],[-77.350185,37.580435],[-77.350214,37.580476],[-77.350386,37.580564],[-77.350461,37.580577],[-77.350581,37.58062],[-77.35063,37.580653],[-77.350813,37.580814],[-77.350986,37.580882],[-77.351048,37.580891],[-77.35124,37.58087],[-77.351289,37.580871],[-77.351462,37.580928],[-77.351518,37.580958],[-77.351624,37.580987],[-77.351674,37.580973],[-77.351699,37.580839],[-77.351679,37.5808],[-77.351689,37.580707],[-77.351722,37.580698],[-77.351852,37.580746],[-77.354205,37.581722],[-77.354275,37.581769],[-77.354334,37.581905],[-77.354336,37.582122],[-77.354344,37.582178],[-77.354395,37.582323],[-77.354428,37.582384],[-77.354785,37.582654],[-77.355313,37.582794],[-77.355431,37.582849],[-77.355659,37.582927],[-77.355876,37.582989],[-77.356153,37.583047],[-77.356476,37.58308],[-77.356652,37.583088],[-77.356688,37.583076],[-77.356834,37.582909],[-77.35695,37.582813],[-77.357001,37.582805],[-77.357168,37.582813],[-77.357331,37.582835],[-77.357351,37.582847],[-77.357493,37.582867],[-77.357731,37.582952],[-77.357887,37.583091],[-77.357913,37.583138],[-77.357897,37.583312],[-77.357937,37.583509],[-77.357965,37.58358],[-77.35807,37.583769],[-77.35812,37.583821],[-77.358489,37.584092],[-77.358519,37.584107],[-77.358483,37.584182],[-77.358453,37.584303],[-77.358443,37.584543],[-77.358431,37.584594],[-77.358415,37.584733],[-77.358492,37.584838],[-77.359585,37.585518],[-77.360216,37.585822],[-77.360707,37.58676],[-77.361189,37.586971],[-77.361245,37.586976],[-77.361307,37.586953],[-77.361508,37.586853],[-77.361669,37.586766],[-77.361833,37.586689],[-77.361888,37.586675],[-77.362062,37.586737],[-77.362255,37.586873],[-77.362313,37.586914],[-77.362484,37.587065],[-77.362624,37.587214],[-77.362669,37.587288],[-77.362797,37.587741],[-77.362638,37.588365],[-77.362672,37.588693],[-77.36368,37.589215],[-77.364639,37.589619],[-77.366592,37.590711],[-77.368084,37.590523],[-77.368245,37.590501],[-77.368528,37.590529],[-77.368753,37.590551],[-77.369344,37.590832],[-77.369528,37.590956],[-77.370199,37.591382],[-77.370534,37.591621],[-77.370945,37.591898],[-77.371685,37.592443],[-77.371843,37.59258],[-77.371949,37.592666],[-77.372506,37.593147],[-77.376355,37.593819],[-77.37638,37.593819],[-77.376392,37.593819],[-77.376432,37.593824],[-77.376558,37.593852],[-77.376592,37.593867],[-77.376678,37.593939],[-77.376699,37.593965],[-77.37676,37.59405],[-77.376783,37.594073],[-77.376875,37.594127],[-77.376912,37.594131],[-77.377031,37.594102],[-77.377192,37.594029],[-77.377235,37.594015],[-77.377338,37.594024],[-77.377452,37.59404],[-77.377554,37.594057],[-77.377609,37.594065],[-77.377758,37.594071],[-77.377812,37.594065],[-77.377965,37.594043],[-77.378093,37.594025],[-77.378144,37.594025],[-77.378214,37.594028],[-77.378284,37.594031],[-77.378337,37.594037],[-77.37849,37.594064],[-77.378542,37.594072],[-77.378637,37.594096],[-77.37868,37.594107],[-77.37881,37.59415],[-77.378858,37.594166],[-77.378905,37.594184],[-77.378942,37.594197],[-77.378979,37.594214],[-77.379094,37.594255],[-77.379131,37.59426],[-77.379174,37.594264],[-77.379276,37.594278],[-77.379323,37.594281],[-77.379454,37.594284],[-77.379556,37.594285],[-77.379666,37.59431],[-77.379815,37.594351],[-77.379922,37.594388],[-77.37999,37.594412],[-77.380006,37.594418],[-77.380202,37.594496],[-77.380431,37.59456],[-77.38059,37.594585],[-77.380824,37.594597],[-77.38105,37.594608],[-77.381122,37.594606],[-77.381164,37.594605],[-77.381278,37.594584],[-77.381432,37.594543],[-77.381446,37.594528],[-77.381459,37.594525],[-77.381545,37.594502],[-77.381598,37.594487],[-77.381732,37.594509],[-77.381755,37.594513],[-77.381782,37.594538],[-77.381823,37.594572],[-77.381859,37.594594],[-77.38194,37.594629],[-77.382,37.594656],[-77.382066,37.594692],[-77.382093,37.594708],[-77.382149,37.594739],[-77.382228,37.594784],[-77.382256,37.594796],[-77.382317,37.594828],[-77.382342,37.594842],[-77.382376,37.594862],[-77.382408,37.594879],[-77.382424,37.594886],[-77.382438,37.594895],[-77.382473,37.59492],[-77.382486,37.594931],[-77.382531,37.594966],[-77.382579,37.595002],[-77.382605,37.595021],[-77.382621,37.595034],[-77.382628,37.595051],[-77.38265,37.595064],[-77.382662,37.595074],[-77.382678,37.595084],[-77.382707,37.595102],[-77.382752,37.59514],[-77.382879,37.595247],[-77.384897,37.596545],[-77.385467,37.597045],[-77.385853,37.597323],[-77.386392,37.597592],[-77.386523,37.597629],[-77.386818,37.597615],[-77.386974,37.59767],[-77.38708,37.597788],[-77.387233,37.598054],[-77.38738,37.598145],[-77.387518,37.598156],[-77.387896,37.598078],[-77.388012,37.598108],[-77.388446,37.598383],[-77.388661,37.598433],[-77.38892,37.598341],[-77.389133,37.598149],[-77.389329,37.598143],[-77.389744,37.598239],[-77.39014,37.598191],[-77.390557,37.59798],[-77.390744,37.597934],[-77.390915,37.597979],[-77.391126,37.598094],[-77.391324,37.598339],[-77.391423,37.598543],[-77.391675,37.598863],[-77.391839,37.599218],[-77.391935,37.599783],[-77.392022,37.599987],[-77.392146,37.600137],[-77.392308,37.600248],[-77.392828,37.600497],[-77.393283,37.600933],[-77.393633,37.601399],[-77.393832,37.601567],[-77.394125,37.601735],[-77.394343,37.601822],[-77.394616,37.601987],[-77.394827,37.602066],[-77.395046,37.602106],[-77.395519,37.60202],[-77.395748,37.601948],[-77.396037,37.601913],[-77.396333,37.602014],[-77.396627,37.602267],[-77.396855,37.60243],[-77.397036,37.602622],[-77.397551,37.603425],[-77.397903,37.603843],[-77.398627,37.604541],[-77.399061,37.604999],[-77.399386,37.60531],[-77.399553,37.605559],[-77.399853,37.606068],[-77.399981,37.606141],[-77.400282,37.606171],[-77.400941,37.60611],[-77.401176,37.605983],[-77.401471,37.605713],[-77.401609,37.605679],[-77.401742,37.605643],[-77.401814,37.605628],[-77.402019,37.605584],[-77.402078,37.605571],[-77.402288,37.605523],[-77.402326,37.605515],[-77.402471,37.605482],[-77.40275,37.605406],[-77.402944,37.605342],[-77.403007,37.605305],[-77.403157,37.605189],[-77.403207,37.605153],[-77.40335,37.605102],[-77.4036,37.605105],[-77.403629,37.605117],[-77.40382,37.605222],[-77.403911,37.605322],[-77.403958,37.605528],[-77.404208,37.605804],[-77.404428,37.605905],[-77.40463,37.606058],[-77.404848,37.606275],[-77.405042,37.606555],[-77.405266,37.60715],[-77.405309,37.607378],[-77.405274,37.607699],[-77.405115,37.60817],[-77.404874,37.608628],[-77.404669,37.609178],[-77.40464,37.609324],[-77.404601,37.609524],[-77.405163,37.610948],[-77.406257,37.611851],[-77.407189,37.612524],[-77.408706,37.614656],[-77.408558,37.615087],[-77.407426,37.617154],[-77.407327,37.617305],[-77.407288,37.617357],[-77.407145,37.617514],[-77.407098,37.617559],[-77.407061,37.617595],[-77.40588,37.618979],[-77.406041,37.619528],[-77.405987,37.62024],[-77.405933,37.620307],[-77.40587,37.620384],[-77.405797,37.620478],[-77.40467,37.622605],[-77.405204,37.624722],[-77.405254,37.625798],[-77.406828,37.62728],[-77.407786,37.627149],[-77.408252,37.627344],[-77.408598,37.62748],[-77.410365,37.628037],[-77.411018,37.629257],[-77.413777,37.630269],[-77.414655,37.631098],[-77.415999,37.631417],[-77.417094,37.632526],[-77.418064,37.633014],[-77.418107,37.633044],[-77.418161,37.633087],[-77.418224,37.633137],[-77.418254,37.633166],[-77.418274,37.633202],[-77.418315,37.633282],[-77.418354,37.633359],[-77.418372,37.633393],[-77.418387,37.633425],[-77.418403,37.633455],[-77.418444,37.63354],[-77.418459,37.63357],[-77.418474,37.633602],[-77.418492,37.633635],[-77.418501,37.633652],[-77.41852,37.633686],[-77.418538,37.63372],[-77.418548,37.633737],[-77.418565,37.633767],[-77.418573,37.63378],[-77.41858,37.633791],[-77.418587,37.6338],[-77.418602,37.633824],[-77.418619,37.633853],[-77.418634,37.633887],[-77.418649,37.633924],[-77.418658,37.633946],[-77.419289,37.635679],[-77.420679,37.636503],[-77.420561,37.637221],[-77.41995,37.638108],[-77.421312,37.641453],[-77.42143,37.641682],[-77.424307,37.640329],[-77.424269,37.640544],[-77.424346,37.641169],[-77.424509,37.642327],[-77.424633,37.642645],[-77.424763,37.642924],[-77.424854,37.643087],[-77.425225,37.643503],[-77.42545,37.643722],[-77.425743,37.64394],[-77.426199,37.644236],[-77.427063,37.644685],[-77.427447,37.644833],[-77.427709,37.644921],[-77.428053,37.645021],[-77.428345,37.645093],[-77.428676,37.645161],[-77.42902,37.645216],[-77.429158,37.64523],[-77.429679,37.645284],[-77.4298,37.645293],[-77.430435,37.645322],[-77.430874,37.645324],[-77.43123,37.645315],[-77.431444,37.645305],[-77.431997,37.645263],[-77.432174,37.645245],[-77.432395,37.645217],[-77.432675,37.645181],[-77.433077,37.645113],[-77.433416,37.645046],[-77.433746,37.644973],[-77.434092,37.644885],[-77.434484,37.644773],[-77.434911,37.644634],[-77.435082,37.644571],[-77.435505,37.644414],[-77.435863,37.644263],[-77.436527,37.643957],[-77.438084,37.643225],[-77.44049,37.642109],[-77.444346,37.640296],[-77.448029,37.637689],[-77.449858,37.63671],[-77.451618,37.636224],[-77.45189,37.63615],[-77.452603,37.640253],[-77.457241,37.638147],[-77.459433,37.637991],[-77.459603,37.637978],[-77.459694,37.638839],[-77.459885,37.640046],[-77.459719,37.640062],[-77.45879,37.642054],[-77.46004,37.642082],[-77.460205,37.642087],[-77.461394,37.642236],[-77.465723,37.646436],[-77.466359,37.647209],[-77.466626,37.647585],[-77.468412,37.647349],[-77.472923,37.64584],[-77.474253,37.645],[-77.474402,37.644906],[-77.474989,37.64453],[-77.475669,37.644881],[-77.476762,37.645703],[-77.477186,37.646049],[-77.477228,37.646083],[-77.476972,37.646268],[-77.476945,37.646362],[-77.477097,37.646719],[-77.47712,37.646839],[-77.477412,37.647194],[-77.477861,37.647582],[-77.478004,37.647803],[-77.478262,37.648037],[-77.478391,37.648068],[-77.478614,37.648268],[-77.478691,37.648388],[-77.47885,37.648777],[-77.478846,37.648888],[-77.478921,37.649031],[-77.479111,37.649184],[-77.47938,37.649325],[-77.479706,37.649561],[-77.479753,37.649661],[-77.479739,37.649924],[-77.479846,37.65009],[-77.479859,37.650358],[-77.480168,37.650822],[-77.480485,37.651232],[-77.48064,37.651494],[-77.481151,37.651702],[-77.481314,37.651718],[-77.481484,37.651629],[-77.481558,37.651774],[-77.481522,37.652023],[-77.481327,37.652087],[-77.481253,37.652421],[-77.481313,37.652492],[-77.481704,37.652665],[-77.482117,37.652733],[-77.482548,37.652752],[-77.483071,37.65274],[-77.483585,37.652868],[-77.483554,37.653032],[-77.483368,37.653152],[-77.483417,37.653265],[-77.483299,37.653407],[-77.483212,37.653626],[-77.483375,37.653844],[-77.483772,37.654184],[-77.483817,37.654272],[-77.484182,37.654518],[-77.484383,37.654545],[-77.484769,37.654808],[-77.485119,37.65495],[-77.485376,37.655158],[-77.485886,37.655808],[-77.486069,37.656113],[-77.486096,37.656227],[-77.486279,37.656408],[-77.48645,37.65677],[-77.486639,37.657098],[-77.486799,37.657457],[-77.487061,37.657564],[-77.487298,37.657589],[-77.48754,37.657657],[-77.487565,37.657706],[-77.487672,37.657787],[-77.489731,37.659471],[-77.491879,37.657386],[-77.493683,37.655582],[-77.49539,37.65243],[-77.499106,37.653485],[-77.497831,37.658437],[-77.501853,37.658926],[-77.504261,37.659139],[-77.504255,37.659184],[-77.50404,37.66069],[-77.50361,37.663739],[-77.503441,37.665243],[-77.50484,37.665535],[-77.505812,37.658603],[-77.507312,37.647851],[-77.507929,37.64788],[-77.509012,37.648504],[-77.51024,37.648124],[-77.510879,37.645511],[-77.512355,37.643951],[-77.513313,37.644398],[-77.51487,37.644694],[-77.516203,37.645014],[-77.518102,37.645325],[-77.51837,37.645386],[-77.519996,37.645742],[-77.522209,37.645862],[-77.523734,37.64619],[-77.524987,37.646562],[-77.525699,37.646787],[-77.526699,37.647191],[-77.527844,37.64768],[-77.530691,37.648941],[-77.531442,37.649225],[-77.531479,37.649117],[-77.53217,37.647068],[-77.533391,37.643228],[-77.533382,37.642787],[-77.533369,37.642089],[-77.534892,37.639738],[-77.537178,37.637274],[-77.539377,37.634655],[-77.540719,37.632837],[-77.540266,37.632647],[-77.538078,37.631753],[-77.536739,37.631139],[-77.535454,37.630095],[-77.535345,37.629974],[-77.534422,37.629054],[-77.533403,37.628159],[-77.531901,37.626821],[-77.529483,37.624734],[-77.528575,37.623962],[-77.526588,37.622198],[-77.525302,37.620992],[-77.524203,37.619717],[-77.523923,37.619224],[-77.523441,37.618334],[-77.522976,37.617432],[-77.521453,37.614522],[-77.520843,37.613369],[-77.520088,37.611958],[-77.519514,37.610827],[-77.518145,37.60846],[-77.518078,37.608365],[-77.51727,37.607155],[-77.517241,37.607111],[-77.516248,37.605741],[-77.516107,37.6055],[-77.516028,37.605358],[-77.515856,37.605091],[-77.515647,37.604706],[-77.515569,37.604551],[-77.515472,37.604327],[-77.515369,37.604063],[-77.515292,37.603839],[-77.515193,37.603487],[-77.515095,37.60311],[-77.514873,37.602126],[-77.514853,37.60203],[-77.51452,37.60036],[-77.514357,37.599638],[-77.513835,37.598602],[-77.513277,37.598009],[-77.510666,37.595775],[-77.510849,37.595752],[-77.51174,37.595445],[-77.513832,37.595176],[-77.514883,37.595054],[-77.517331,37.594749],[-77.519207,37.594605],[-77.518383,37.593443],[-77.517218,37.59228],[-77.51679,37.591178],[-77.516387,37.591132],[-77.516413,37.590712],[-77.516865,37.58968],[-77.518174,37.58861],[-77.517622,37.588276],[-77.516858,37.587833],[-77.514465,37.586406],[-77.512448,37.585193],[-77.510064,37.583784],[-77.509941,37.583706],[-77.510077,37.583567],[-77.510788,37.58282],[-77.51148,37.582119],[-77.511812,37.581751],[-77.511943,37.581835],[-77.512771,37.582275],[-77.513861,37.581899],[-77.515677,37.581991],[-77.516826,37.581952],[-77.517685,37.582497],[-77.519729,37.583864],[-77.520713,37.584545],[-77.521577,37.585144],[-77.522268,37.585622],[-77.523017,37.586069],[-77.525419,37.587678],[-77.527532,37.58912],[-77.529469,37.590421],[-77.53037,37.591026],[-77.530536,37.591137],[-77.531647,37.591951],[-77.531681,37.591985],[-77.531732,37.592036],[-77.531747,37.592054],[-77.531784,37.592079],[-77.531944,37.592186],[-77.532147,37.592322],[-77.532174,37.59234],[-77.532388,37.592484],[-77.532449,37.592247],[-77.532515,37.591995],[-77.532552,37.591855],[-77.532559,37.591783],[-77.532556,37.591659],[-77.532807,37.588796],[-77.533027,37.587077],[-77.532672,37.585559],[-77.53203,37.582571],[-77.532867,37.582126],[-77.534201,37.584185],[-77.535661,37.582877],[-77.536401,37.582223],[-77.537826,37.58136],[-77.539077,37.582787],[-77.543564,37.581554],[-77.543353,37.58106],[-77.541423,37.580327],[-77.541446,37.580238],[-77.543066,37.579089],[-77.544601,37.577453],[-77.546793,37.575224],[-77.546745,37.574987],[-77.547018,37.573534],[-77.547469,37.572535],[-77.544455,37.571331],[-77.542233,37.570748],[-77.540905,37.572161],[-77.539961,37.572426],[-77.539021,37.572863],[-77.537162,37.572525],[-77.53708,37.572511],[-77.537077,37.57248],[-77.537049,37.572421],[-77.537033,37.572365],[-77.537037,37.572304],[-77.537042,37.572245],[-77.537032,37.57217],[-77.53702,37.572058],[-77.537018,37.571953],[-77.537026,37.571877],[-77.537026,37.571832],[-77.53702,37.571795],[-77.536996,37.571746],[-77.536983,37.571702],[-77.536987,37.571665],[-77.536994,37.571633],[-77.536991,37.571596],[-77.536982,37.571548],[-77.536979,37.57151],[-77.536969,37.571481],[-77.536949,37.571438],[-77.536925,37.571382],[-77.536908,37.571332],[-77.536888,37.571295],[-77.536853,37.571251],[-77.536837,37.571222],[-77.536841,37.571175],[-77.536863,37.571134],[-77.536871,37.571119],[-77.536884,37.571097],[-77.536898,37.571073],[-77.536912,37.571032],[-77.536906,37.570966],[-77.536876,37.570917],[-77.536825,37.570859],[-77.53677,37.570802],[-77.536733,37.570762],[-77.536713,37.570713],[-77.536696,37.57069],[-77.536693,37.570669],[-77.536693,37.570628],[-77.536687,37.570566],[-77.536685,37.57055],[-77.536679,37.57054],[-77.536676,37.570515],[-77.536661,37.570486],[-77.536623,37.570463],[-77.536575,37.570437],[-77.536503,37.570406],[-77.536462,37.570345],[-77.536452,37.570305],[-77.536456,37.570272],[-77.536477,37.570237],[-77.536509,37.570181],[-77.536517,37.570135],[-77.536528,37.570086],[-77.536525,37.570043],[-77.536522,37.569996],[-77.536505,37.56996],[-77.536461,37.569903],[-77.536427,37.569859],[-77.536397,37.569798],[-77.536392,37.569726],[-77.536386,37.569715],[-77.536368,37.569637],[-77.536342,37.569529],[-77.536313,37.569438],[-77.536249,37.569195],[-77.536267,37.569141],[-77.536278,37.5691],[-77.536279,37.569041],[-77.536218,37.568911],[-77.536191,37.568892],[-77.536119,37.568849],[-77.536096,37.56881],[-77.536108,37.568699],[-77.536155,37.568644],[-77.535328,37.568324],[-77.534116,37.568158],[-77.53264,37.568098],[-77.531173,37.568147],[-77.52782,37.568118],[-77.525855,37.568235],[-77.526438,37.566927],[-77.527415,37.564352],[-77.527487,37.564191],[-77.52756,37.564027],[-77.52831,37.562344],[-77.529495,37.559656],[-77.529698,37.559186],[-77.531108,37.559368],[-77.532352,37.559232],[-77.534878,37.559177],[-77.536836,37.559236],[-77.537048,37.559338],[-77.538563,37.559548],[-77.541336,37.560197],[-77.544161,37.5604],[-77.547785,37.560122],[-77.550889,37.558637],[-77.555286,37.557669],[-77.557107,37.556565],[-77.559398,37.55569],[-77.56113,37.555545],[-77.563963,37.556115],[-77.570377,37.557879],[-77.570569,37.557935],[-77.573851,37.55857],[-77.575534,37.558499],[-77.578048,37.558984],[-77.581451,37.558915],[-77.585163,37.558399],[-77.58771,37.557693],[-77.590588,37.556401],[-77.593153,37.555881],[-77.595462,37.55575],[-77.595515,37.554322],[-77.595846,37.545857],[-77.600337,37.545276],[-77.601173,37.545161],[-77.59899,37.542827],[-77.599108,37.540714],[-77.597587,37.539071],[-77.597267,37.537319],[-77.596355,37.535942],[-77.596849,37.534652],[-77.593801,37.533925],[-77.592448,37.532949],[-77.591918,37.533139],[-77.591712,37.533211],[-77.58982,37.533482],[-77.589204,37.533479],[-77.588066,37.533373],[-77.585452,37.532973],[-77.58262,37.532556],[-77.581024,37.532321],[-77.579551,37.532177],[-77.57775,37.532378],[-77.576699,37.532628],[-77.573671,37.533388],[-77.570662,37.534162],[-77.567764,37.534844],[-77.565931,37.535499],[-77.564688,37.53613],[-77.563699,37.536676],[-77.562322,37.537444],[-77.562129,37.537549],[-77.559712,37.538893],[-77.556942,37.540647],[-77.555226,37.54224],[-77.55452,37.543028],[-77.552323,37.541514],[-77.550934,37.538922],[-77.550126,37.53741],[-77.547071,37.531813],[-77.54539,37.528731],[-77.545036,37.528101],[-77.534301,37.530593],[-77.528859,37.531875],[-77.528651,37.531931],[-77.52865,37.531859],[-77.528469,37.526235],[-77.528468,37.525476],[-77.528707,37.52529],[-77.531628,37.522862],[-77.532867,37.521605],[-77.534499,37.518438],[-77.534542,37.518332],[-77.535673,37.515721],[-77.535849,37.515312],[-77.536025,37.514934],[-77.536191,37.514615],[-77.536373,37.514304],[-77.53643,37.514206],[-77.536596,37.513947],[-77.536662,37.513845],[-77.536909,37.513497],[-77.537195,37.513121],[-77.537223,37.513088],[-77.537428,37.512846],[-77.53774,37.512504],[-77.538037,37.512197],[-77.538168,37.512072],[-77.538348,37.5119],[-77.538636,37.511648],[-77.539042,37.511318],[-77.539463,37.510999],[-77.539658,37.510867],[-77.539977,37.510651],[-77.540211,37.510504],[-77.541696,37.50957],[-77.542131,37.509297],[-77.542876,37.508811],[-77.544264,37.507869],[-77.544727,37.507568],[-77.544857,37.507483],[-77.545104,37.507336],[-77.545525,37.5071],[-77.545965,37.506872],[-77.546277,37.506728],[-77.546721,37.506549],[-77.547194,37.506371],[-77.549645,37.505565],[-77.552745,37.504532],[-77.556059,37.502646],[-77.557729,37.50061],[-77.561046,37.495615],[-77.560917,37.495601],[-77.561046,37.495398],[-77.561178,37.495409],[-77.5614,37.495425],[-77.564263,37.491514],[-77.567234,37.488013],[-77.568111,37.487024],[-77.573132,37.481854],[-77.573056,37.481783],[-77.576238,37.47688],[-77.580939,37.471246],[-77.583967,37.467928],[-77.586745,37.466481],[-77.588146,37.466114],[-77.593596,37.465512],[-77.593781,37.465494],[-77.601681,37.464676],[-77.613172,37.463504],[-77.618567,37.462951],[-77.618713,37.462935],[-77.621883,37.462605],[-77.620112,37.459748],[-77.618512,37.457848],[-77.612712,37.458948],[-77.612112,37.458348],[-77.610405,37.457909],[-77.608312,37.457848],[-77.604423,37.454914],[-77.603011,37.453848],[-77.600363,37.452269],[-77.600348,37.448823],[-77.601523,37.448448],[-77.600586,37.447417],[-77.600544,37.446471],[-77.600766,37.445562],[-77.598503,37.445445],[-77.596383,37.445043],[-77.596411,37.444104],[-77.594395,37.440639],[-77.59384,37.439663],[-77.596782,37.438654],[-77.600543,37.437328],[-77.600718,37.437266],[-77.601196,37.437678],[-77.602194,37.438109],[-77.603851,37.438397],[-77.604556,37.435916],[-77.609832,37.434069],[-77.611399,37.433524],[-77.613848,37.43259],[-77.614653,37.432265],[-77.618718,37.430612],[-77.621147,37.429625],[-77.621418,37.429514],[-77.622053,37.429253],[-77.622321,37.429147],[-77.622761,37.42896],[-77.623091,37.428806],[-77.62344,37.428625],[-77.623644,37.428509],[-77.623716,37.428468],[-77.623782,37.42843],[-77.623844,37.428392],[-77.625122,37.42745],[-77.627426,37.425244],[-77.63033,37.423784],[-77.630258,37.423688],[-77.627345,37.42058],[-77.620779,37.415028],[-77.616594,37.41159],[-77.614132,37.410419],[-77.61191,37.409942],[-77.60984,37.409888],[-77.603891,37.410468],[-77.598853,37.410975],[-77.591277,37.411438],[-77.59157,37.4109],[-77.592596,37.40894],[-77.593174,37.4053],[-77.594529,37.401646],[-77.595392,37.398101],[-77.596873,37.395648],[-77.596921,37.395576],[-77.596771,37.395454],[-77.596448,37.395259],[-77.59609,37.395204],[-77.595876,37.395316],[-77.595823,37.395527],[-77.595951,37.395946],[-77.595854,37.396332],[-77.595534,37.396682],[-77.595212,37.396851],[-77.594971,37.396887],[-77.593575,37.396709],[-77.593154,37.396573],[-77.592488,37.395851],[-77.592129,37.395614],[-77.591539,37.39556],[-77.590986,37.395912],[-77.590807,37.395884],[-77.590348,37.395487],[-77.5899,37.395236],[-77.589746,37.394921],[-77.589558,37.394747],[-77.589325,37.394747],[-77.589057,37.394888],[-77.58887,37.394896],[-77.588708,37.394798],[-77.588395,37.39475],[-77.58817,37.394534],[-77.587946,37.394499],[-77.587607,37.394556],[-77.587071,37.394838],[-77.586821,37.394909],[-77.586597,37.394874],[-77.586291,37.394427],[-77.585951,37.394302],[-77.585879,37.394218],[-77.585485,37.394121],[-77.584676,37.393452],[-77.58397,37.393489],[-77.58362,37.393217],[-77.583441,37.393189],[-77.583199,37.393043],[-77.582911,37.392708],[-77.582829,37.392477],[-77.582856,37.392372],[-77.58307,37.392259],[-77.58321,37.391517],[-77.583128,37.391286],[-77.582831,37.390986],[-77.58216,37.390883],[-77.582088,37.390799],[-77.581596,37.390723],[-77.58123,37.390885],[-77.581393,37.391347],[-77.581423,37.39197],[-77.581272,37.392383],[-77.581062,37.393406],[-77.580741,37.393575],[-77.580401,37.393632],[-77.579452,37.39334],[-77.578493,37.392902],[-77.57818,37.392854],[-77.577803,37.392687],[-77.576872,37.392508],[-77.576638,37.392144],[-77.576708,37.391862],[-77.576815,37.391802],[-77.57702,37.391278],[-77.577914,37.390482],[-77.577962,37.390207],[-77.577742,37.389598],[-77.577322,37.389406],[-77.577157,37.389752],[-77.576717,37.390032],[-77.575966,37.38973],[-77.575319,37.388703],[-77.574885,37.387605],[-77.574837,37.386957],[-77.575615,37.386699],[-77.5777,37.386396],[-77.577576,37.386083],[-77.57834,37.385787],[-77.578835,37.385891],[-77.579599,37.385787],[-77.579812,37.384397],[-77.580922,37.38465],[-77.582421,37.384523],[-77.583405,37.384748],[-77.583481,37.385308],[-77.583997,37.385725],[-77.584499,37.386329],[-77.584981,37.386549],[-77.5858,37.386736],[-77.586048,37.386576],[-77.586626,37.385774],[-77.587445,37.385692],[-77.588284,37.385368],[-77.588965,37.385373],[-77.589537,37.385131],[-77.589812,37.384615],[-77.589378,37.383698],[-77.589247,37.383725],[-77.589324,37.383199],[-77.590974,37.382934],[-77.59277,37.381539],[-77.590884,37.380606],[-77.592115,37.37914],[-77.593605,37.378613],[-77.594006,37.377343],[-77.593201,37.3758],[-77.593901,37.374476],[-77.596006,37.373355],[-77.596968,37.371493],[-77.598789,37.372193],[-77.599548,37.37503],[-77.601451,37.375701],[-77.604152,37.376515],[-77.606087,37.378285],[-77.60637,37.380264],[-77.608423,37.381098],[-77.6122,37.378303],[-77.613205,37.377484],[-77.613659,37.376238],[-77.615554,37.372957],[-77.61589,37.372463],[-77.616591,37.370923],[-77.616389,37.368677],[-77.615343,37.367125],[-77.613589,37.365982],[-77.613417,37.364664],[-77.614192,37.362526],[-77.615483,37.360299],[-77.617794,37.355773],[-77.618575,37.352137],[-77.618628,37.350079],[-77.624038,37.350042],[-77.624334,37.349004],[-77.62683,37.346811],[-77.628035,37.345276],[-77.629005,37.34382],[-77.629152,37.342616],[-77.630068,37.340928],[-77.631669,37.339573],[-77.630535,37.337113],[-77.626622,37.336919],[-77.625618,37.337368],[-77.622216,37.335849],[-77.619568,37.336179],[-77.615504,37.336],[-77.61497,37.335709],[-77.614702,37.335668],[-77.614163,37.335963],[-77.610249,37.335877],[-77.608461,37.335183],[-77.604795,37.33489],[-77.603177,37.333579],[-77.60203,37.333656],[-77.601424,37.33186],[-77.600192,37.330329],[-77.598507,37.33028],[-77.597289,37.328781],[-77.596759,37.326991],[-77.594627,37.327986],[-77.592632,37.325148],[-77.590892,37.324143],[-77.590575,37.323407],[-77.588504,37.320717],[-77.586957,37.320811],[-77.584943,37.32018],[-77.582267,37.318841],[-77.581463,37.320104],[-77.580363,37.320011],[-77.580397,37.318874],[-77.577956,37.317523],[-77.576209,37.315926],[-77.575934,37.316409],[-77.57097,37.316558],[-77.569595,37.31787],[-77.565381,37.31982],[-77.564574,37.319596],[-77.562314,37.320375],[-77.562768,37.322006],[-77.560155,37.322066],[-77.55997,37.322601],[-77.559603,37.322739],[-77.558978,37.322484],[-77.558752,37.321904],[-77.558338,37.321331],[-77.558079,37.321255],[-77.557624,37.321585],[-77.55743,37.321991],[-77.556752,37.322469],[-77.555738,37.322895],[-77.55443,37.32386],[-77.554275,37.323915],[-77.554204,37.324296],[-77.553877,37.324461],[-77.553005,37.324569],[-77.553072,37.320945],[-77.553754,37.31951],[-77.556636,37.317118],[-77.557434,37.315579],[-77.558864,37.311695],[-77.560125,37.310026],[-77.562531,37.307535],[-77.563389,37.305632],[-77.563036,37.304003],[-77.563406,37.301739],[-77.564343,37.299508],[-77.564948,37.297741],[-77.565044,37.295541],[-77.565599,37.294157],[-77.565576,37.292482],[-77.565771,37.29057],[-77.567456,37.285777],[-77.568942,37.280887],[-77.565604,37.273611],[-77.565261,37.272713],[-77.565177,37.272428],[-77.564556,37.267991],[-77.563081,37.262122],[-77.562516,37.259175],[-77.560428,37.255385],[-77.558429,37.253102],[-77.557024,37.250148],[-77.559896,37.246793],[-77.563895,37.246496],[-77.563384,37.248246],[-77.563803,37.248782],[-77.565732,37.248536],[-77.569346,37.24734],[-77.571495,37.245741],[-77.571784,37.244626],[-77.571747,37.240463],[-77.57225,37.238977],[-77.57212,37.23712]]]]}},{"type":"Feature","properties":{"id":5,"NAME":"5","TotalPop":784672,"PopDevPct":-1.2e-7,"DemPct":0.43165349,"RepPct":0.55395528,"WhitePct":0.69988203,"MinorityPct":0.30011797,"BlackPct":0.21734241,"HispanicPct":0.03559104,"PacificPct":0.00108664,"AsianPct":0.0296437,"NativePct":0.0169005,"TotalVAP":634064,"Margin":-0.06834651,"color":"#ff9200","opacity":"0.5"},"geometry":{"type":"MultiPolygon","coordinates":[[[[-78.734122,36.541939],[-78.724278,36.541969],[-78.703839,36.542051],[-78.69127,36.54208],[-78.682351,36.542119],[-78.675011,36.54215],[-78.666615,36.542145],[-78.663292,36.542034],[-78.660134,36.541991],[-78.637243,36.541582],[-78.626008,36.541375],[-78.620798,36.541321],[-78.611347,36.541298],[-78.609081,36.541292],[-78.596053,36.541257],[-78.592268,36.541247],[-78.585962,36.541229],[-78.578234,36.541207],[-78.575404,36.541198],[-78.53918,36.541102],[-78.538966,36.541102],[-78.533042,36.541089],[-78.515435,36.541056],[-78.511291,36.541049],[-78.493888,36.541623],[-78.485113,36.541869],[-78.482176,36.541952],[-78.480926,36.541986],[-78.477569,36.542083],[-78.476743,36.542107],[-78.473916,36.542188],[-78.469056,36.542327],[-78.462155,36.542481],[-78.456319,36.542546],[-78.455186,36.542556],[-78.454145,36.542566],[-78.45269,36.542579],[-78.436537,36.542732],[-78.428525,36.542813],[-78.417219,36.542916],[-78.406183,36.543013],[-78.404067,36.543031],[-78.396343,36.543097],[-78.395395,36.543105],[-78.383689,36.543204],[-78.379699,36.543267],[-78.369099,36.543409],[-78.362909,36.543473],[-78.361291,36.54349],[-78.358766,36.543512],[-78.317958,36.543872],[-78.317732,36.543874],[-78.317385,36.543877],[-78.317222,36.543878],[-78.313001,36.543913],[-78.310295,36.543935],[-78.277287,36.544213],[-78.273887,36.544242],[-78.270485,36.544271],[-78.264317,36.544325],[-78.257457,36.544395],[-78.247007,36.544471],[-78.225381,36.544362],[-78.197315,36.544314],[-78.194148,36.544311],[-78.184513,36.544295],[-78.184018,36.544294],[-78.174255,36.544278],[-78.167692,36.544268],[-78.158517,36.544252],[-78.144111,36.543994],[-78.133389,36.543931],[-78.130913,36.54392],[-78.12889,36.543909],[-78.126129,36.543894],[-78.122101,36.543856],[-78.118508,36.543812],[-78.106972,36.543687],[-78.088241,36.543628],[-78.087351,36.543623],[-78.076777,36.543597],[-78.076314,36.543594],[-78.074124,36.543587],[-78.070881,36.543584],[-78.060845,36.543592],[-78.059205,36.543579],[-78.057819,36.543577],[-78.054238,36.543555],[-78.053294,36.543557],[-78.046271,36.543551],[-78.046212,36.54416],[-78.045856,36.547789],[-78.045476,36.552365],[-78.044846,36.559984],[-78.044546,36.563616],[-78.044528,36.563837],[-78.043987,36.570372],[-78.043962,36.570653],[-78.043961,36.570664],[-78.043927,36.571082],[-78.043579,36.575656],[-78.043446,36.577243],[-78.043222,36.579926],[-78.043065,36.581805],[-78.042785,36.585162],[-78.042703,36.586141],[-78.042641,36.586916],[-78.041521,36.600367],[-78.040489,36.61209],[-78.039826,36.619651],[-78.039243,36.626205],[-78.038729,36.631695],[-78.038551,36.633716],[-78.038475,36.634454],[-78.038412,36.635067],[-78.038162,36.63837],[-78.037728,36.644532],[-78.037631,36.649267],[-78.036953,36.660066],[-78.036127,36.671741],[-78.035637,36.679728],[-78.035025,36.687828],[-78.034469,36.694928],[-78.034227,36.697846],[-78.034128,36.699136],[-78.033737,36.704674],[-78.033623,36.706079],[-78.033437,36.708451],[-78.032872,36.714533],[-78.032689,36.716407],[-78.031522,36.729228],[-78.031194,36.732928],[-78.030956,36.735643],[-78.029977,36.746631],[-78.029387,36.755206],[-78.029011,36.759181],[-78.02868,36.762655],[-78.028651,36.76295],[-78.027954,36.770315],[-78.027759,36.772367],[-78.027419,36.775951],[-78.027427,36.776528],[-78.027411,36.777858],[-78.026698,36.783691],[-78.026555,36.786574],[-78.025998,36.791161],[-78.025405,36.79755],[-78.023458,36.81859],[-78.023561,36.819695],[-78.02355,36.819717],[-78.023183,36.820515],[-78.022889,36.82382],[-78.021884,36.834649],[-78.021943,36.838094],[-78.021948,36.838798],[-78.021506,36.839603],[-78.020999,36.844542],[-78.019827,36.855964],[-78.01811,36.87415],[-78.016772,36.888206],[-78.015432,36.902153],[-78.014584,36.910888],[-78.014168,36.915206],[-78.013896,36.918041],[-78.012729,36.929731],[-78.010574,36.951965],[-78.0098,36.959912],[-78.008134,36.977416],[-78.00762,36.981692],[-78.006362,36.994918],[-78.005292,37.004874],[-78.003687,37.022175],[-78.003639,37.022756],[-78.002941,37.023576],[-78.000715,37.024535],[-77.998793,37.023346],[-77.996024,37.022362],[-77.995936,37.019251],[-77.996221,37.018199],[-77.996506,37.018038],[-77.997296,37.015882],[-77.995972,37.014162],[-77.992846,37.013803],[-77.991229,37.012978],[-77.990429,37.010363],[-77.989144,37.009183],[-77.984467,37.006047],[-77.980673,37.002911],[-77.980185,37.000149],[-77.978425,36.998579],[-77.976915,36.997133],[-77.97588,36.995286],[-77.974604,36.993311],[-77.973327,36.992299],[-77.971077,36.991338],[-77.970071,36.990494],[-77.968627,36.987557],[-77.966571,36.987279],[-77.9651,36.98808],[-77.963749,36.9898],[-77.963159,36.989766],[-77.961468,36.990441],[-77.960544,36.990227],[-77.95508,36.991289],[-77.953883,36.991175],[-77.954168,36.99026],[-77.953483,36.989322],[-77.950289,36.989323],[-77.947209,36.988271],[-77.946837,36.987333],[-77.945325,36.986715],[-77.943643,36.98699],[-77.940877,36.987974],[-77.940021,36.988592],[-77.938025,36.988066],[-77.936171,36.988158],[-77.934802,36.985756],[-77.932949,36.984886],[-77.932749,36.984246],[-77.929498,36.984017],[-77.924622,36.984063],[-77.922397,36.984863],[-77.922397,36.983673],[-77.920543,36.982735],[-77.919317,36.983971],[-77.917549,36.983673],[-77.917662,36.986396],[-77.916864,36.986624],[-77.914525,36.985595],[-77.911446,36.9858],[-77.909392,36.985296],[-77.907624,36.985571],[-77.90674,36.98628],[-77.904316,36.986462],[-77.901349,36.989253],[-77.899153,36.98868],[-77.8969,36.988497],[-77.894248,36.988999],[-77.892936,36.988335],[-77.891852,36.988907],[-77.889813,36.988818],[-77.890432,36.997264],[-77.891338,37.000149],[-77.89171,37.005764],[-77.891985,37.009696],[-77.892271,37.014273],[-77.89359,37.034104],[-77.894839,37.053271],[-77.896407,37.072324],[-77.896452,37.073294],[-77.896707,37.079407],[-77.896989,37.086093],[-77.897575,37.097386],[-77.898302,37.107787],[-77.898356,37.109263],[-77.898591,37.112769],[-77.898662,37.113839],[-77.898892,37.117094],[-77.899352,37.123582],[-77.89982,37.132368],[-77.899825,37.132531],[-77.899835,37.132778],[-77.900019,37.137334],[-77.900338,37.143882],[-77.897928,37.144785],[-77.896612,37.144812],[-77.894965,37.145838],[-77.892633,37.146183],[-77.889568,37.144837],[-77.888086,37.144633],[-77.886803,37.14505],[-77.884512,37.145494],[-77.880153,37.147213],[-77.877487,37.148076],[-77.875889,37.147933],[-77.874152,37.149394],[-77.870524,37.150368],[-77.868426,37.15211],[-77.86652,37.152879],[-77.865191,37.155285],[-77.863724,37.156647],[-77.861162,37.157651],[-77.860447,37.158598],[-77.857508,37.160428],[-77.857032,37.162317],[-77.855507,37.16412],[-77.852869,37.164883],[-77.849253,37.164428],[-77.846249,37.16494],[-77.845103,37.165467],[-77.844603,37.167729],[-77.843698,37.167933],[-77.843232,37.168982],[-77.841654,37.169855],[-77.8393,37.168928],[-77.831966,37.170308],[-77.831149,37.169517],[-77.827417,37.169304],[-77.826168,37.16781],[-77.824987,37.167201],[-77.821118,37.167152],[-77.819128,37.168228],[-77.817626,37.167965],[-77.815371,37.168872],[-77.813859,37.169678],[-77.812494,37.171639],[-77.810716,37.173116],[-77.808377,37.173989],[-77.805982,37.175933],[-77.805282,37.177827],[-77.804218,37.182714],[-77.805048,37.183022],[-77.804163,37.184004],[-77.801315,37.184987],[-77.799448,37.185305],[-77.798638,37.187008],[-77.799084,37.189764],[-77.797052,37.190961],[-77.795926,37.192592],[-77.795116,37.195112],[-77.79393,37.195424],[-77.792906,37.195831],[-77.790016,37.195919],[-77.787113,37.196313],[-77.784525,37.197032],[-77.778739,37.196636],[-77.778307,37.196103],[-77.776549,37.195932],[-77.776158,37.196437],[-77.771965,37.195601],[-77.765623,37.195067],[-77.757497,37.192277],[-77.757155,37.192197],[-77.747693,37.192729],[-77.741224,37.197306],[-77.736511,37.200576],[-77.729826,37.202358],[-77.728927,37.202594],[-77.726532,37.204402],[-77.725572,37.206664],[-77.725971,37.207741],[-77.724345,37.208933],[-77.723637,37.208318],[-77.722842,37.209933],[-77.723055,37.210899],[-77.721023,37.211279],[-77.720406,37.212179],[-77.720715,37.213349],[-77.718862,37.213405],[-77.718396,37.215634],[-77.716522,37.216206],[-77.715093,37.214707],[-77.713762,37.215872],[-77.712848,37.215839],[-77.711099,37.218316],[-77.709567,37.217904],[-77.708689,37.218778],[-77.706197,37.218731],[-77.705187,37.219234],[-77.704501,37.220591],[-77.702606,37.22075],[-77.701309,37.222541],[-77.70032,37.223052],[-77.69986,37.22236],[-77.69769,37.222508],[-77.693989,37.222163],[-77.689752,37.221482],[-77.686607,37.222899],[-77.685419,37.224283],[-77.684939,37.225931],[-77.683167,37.226513],[-77.680853,37.228209],[-77.680681,37.228896],[-77.683895,37.22844],[-77.686539,37.227468],[-77.686017,37.22816],[-77.68818,37.227995],[-77.688908,37.228687],[-77.688077,37.230043],[-77.688393,37.23096],[-77.687363,37.230878],[-77.688139,37.232482],[-77.686903,37.235293],[-77.685214,37.235793],[-77.683332,37.23537],[-77.682845,37.235908],[-77.681155,37.234404],[-77.680489,37.235326],[-77.678229,37.2352],[-77.677893,37.235705],[-77.675091,37.236941],[-77.674987,37.240746],[-77.673847,37.240609],[-77.673641,37.241372],[-77.672412,37.241817],[-77.669939,37.241729],[-77.668627,37.240982],[-77.666051,37.241174],[-77.665557,37.240377],[-77.664012,37.240959],[-77.662693,37.240404],[-77.661326,37.240745],[-77.660687,37.241815],[-77.661668,37.243953],[-77.661167,37.244517],[-77.661044,37.244924],[-77.661375,37.245355],[-77.661378,37.245927],[-77.661039,37.245893],[-77.660343,37.245553],[-77.659747,37.245585],[-77.659646,37.246296],[-77.659192,37.246441],[-77.658657,37.246361],[-77.658203,37.24645],[-77.657709,37.246902],[-77.657457,37.246668],[-77.656851,37.246782],[-77.656357,37.24658],[-77.656155,37.247274],[-77.6568,37.248421],[-77.656668,37.249382],[-77.657123,37.25015],[-77.65712,37.251266],[-77.656523,37.252426],[-77.655967,37.253708],[-77.655694,37.253933],[-77.653365,37.25501],[-77.651693,37.254877],[-77.650534,37.254964],[-77.649184,37.25526],[-77.648942,37.25538],[-77.649062,37.256074],[-77.649363,37.256446],[-77.649876,37.256754],[-77.649784,37.25748],[-77.64986,37.257862],[-77.650355,37.25857],[-77.65187,37.260767],[-77.651101,37.262047],[-77.650554,37.263015],[-77.65061,37.265112],[-77.6522,37.265822],[-77.654272,37.267282],[-77.655356,37.268696],[-77.657121,37.272346],[-77.660812,37.275652],[-77.661897,37.277082],[-77.662538,37.278713],[-77.664765,37.287776],[-77.666742,37.291668],[-77.668221,37.292808],[-77.669835,37.292771],[-77.672021,37.292492],[-77.675807,37.292751],[-77.680528,37.292402],[-77.682414,37.291752],[-77.683295,37.289583],[-77.683907,37.286002],[-77.685686,37.283496],[-77.687634,37.282135],[-77.690868,37.281814],[-77.693035,37.281556],[-77.698103,37.287703],[-77.699486,37.291989],[-77.700641,37.294361],[-77.700877,37.294856],[-77.700932,37.294971],[-77.701015,37.295144],[-77.701485,37.29613],[-77.703453,37.298205],[-77.704618,37.298678],[-77.705835,37.299471],[-77.706705,37.299807],[-77.707342,37.29997],[-77.708797,37.300082],[-77.711686,37.299826],[-77.712919,37.299455],[-77.713782,37.299034],[-77.715139,37.297982],[-77.715804,37.297375],[-77.716211,37.296878],[-77.716974,37.295429],[-77.717421,37.294088],[-77.71762,37.2931],[-77.71766,37.292379],[-77.717589,37.290986],[-77.717288,37.289958],[-77.71689,37.289316],[-77.715865,37.288214],[-77.715601,37.28741],[-77.715882,37.286653],[-77.716555,37.28581],[-77.717442,37.284855],[-77.718741,37.283925],[-77.720005,37.283318],[-77.720496,37.283211],[-77.721228,37.28325],[-77.722222,37.283548],[-77.725266,37.28474],[-77.72643,37.285099],[-77.727837,37.285786],[-77.729142,37.285949],[-77.730338,37.285804],[-77.732443,37.285362],[-77.733834,37.284992],[-77.734912,37.284575],[-77.735517,37.284194],[-77.735783,37.283871],[-77.735975,37.283282],[-77.736103,37.279592],[-77.736489,37.277288],[-77.736815,37.276537],[-77.737284,37.275954],[-77.738309,37.274256],[-77.738498,37.273121],[-77.738378,37.272485],[-77.737943,37.271618],[-77.737867,37.270989],[-77.738024,37.270358],[-77.738502,37.26974],[-77.73979,37.268664],[-77.741293,37.267838],[-77.742122,37.267492],[-77.743333,37.267095],[-77.744511,37.266838],[-77.745601,37.266932],[-77.747596,37.26749],[-77.748892,37.267688],[-77.750801,37.267889],[-77.75105,37.267818],[-77.752301,37.267827],[-77.753578,37.267913],[-77.75862,37.268717],[-77.759569,37.269007],[-77.760957,37.269582],[-77.762112,37.269976],[-77.763546,37.27074],[-77.764633,37.271597],[-77.766117,37.273095],[-77.766737,37.27359],[-77.767989,37.275089],[-77.76829,37.275935],[-77.768407,37.277335],[-77.768248,37.27891],[-77.768219,37.279779],[-77.76833,37.28045],[-77.768346,37.281325],[-77.768487,37.282438],[-77.769109,37.284423],[-77.769434,37.284982],[-77.770639,37.28611],[-77.771079,37.286396],[-77.772588,37.287607],[-77.773997,37.288476],[-77.775145,37.289087],[-77.777803,37.291091],[-77.778837,37.291976],[-77.779278,37.292443],[-77.780285,37.29325],[-77.781631,37.294182],[-77.782359,37.294802],[-77.783803,37.295531],[-77.784864,37.296492],[-77.785133,37.296533],[-77.785976,37.297061],[-77.787876,37.297823],[-77.788529,37.297995],[-77.789193,37.298314],[-77.790097,37.298597],[-77.79203,37.299036],[-77.793908,37.299321],[-77.79608,37.29936],[-77.796427,37.299268],[-77.797143,37.299376],[-77.79863,37.29993],[-77.802047,37.301685],[-77.803448,37.302589],[-77.804111,37.302907],[-77.80491,37.303429],[-77.80587,37.303865],[-77.80675,37.304526],[-77.807042,37.305316],[-77.807421,37.306973],[-77.807565,37.308268],[-77.807798,37.309576],[-77.80847,37.310987],[-77.808793,37.312308],[-77.808995,37.31412],[-77.809013,37.315359],[-77.808857,37.31599],[-77.808121,37.316714],[-77.80716,37.317223],[-77.806037,37.317634],[-77.804478,37.318307],[-77.803407,37.318508],[-77.802336,37.318454],[-77.801682,37.318445],[-77.801245,37.318616],[-77.800847,37.3191],[-77.800265,37.320139],[-77.800081,37.320693],[-77.799579,37.321598],[-77.798984,37.322126],[-77.798134,37.323124],[-77.796967,37.32371],[-77.796254,37.323966],[-77.796024,37.324331],[-77.795948,37.324828],[-77.796141,37.325548],[-77.796528,37.325953],[-77.797576,37.326312],[-77.798413,37.327057],[-77.798686,37.327644],[-77.798567,37.328498],[-77.797156,37.329884],[-77.796927,37.330249],[-77.79636,37.332163],[-77.796507,37.332694],[-77.797462,37.333712],[-77.798611,37.334322],[-77.800526,37.334649],[-77.802337,37.335397],[-77.803151,37.335484],[-77.804195,37.335207],[-77.805233,37.335328],[-77.806013,37.335737],[-77.806723,37.336245],[-77.807109,37.336376],[-77.808236,37.336511],[-77.809264,37.336485],[-77.809801,37.336566],[-77.811544,37.336649],[-77.812617,37.33663],[-77.81387,37.33682],[-77.815036,37.337361],[-77.816667,37.337899],[-77.8175,37.338098],[-77.82098,37.338481],[-77.822866,37.338549],[-77.825807,37.338485],[-77.82764,37.338582],[-77.828995,37.338169],[-77.832578,37.337949],[-77.835389,37.338411],[-77.837346,37.33838],[-77.838277,37.338558],[-77.838869,37.338793],[-77.839381,37.339161],[-77.840282,37.340025],[-77.841018,37.340427],[-77.842016,37.341087],[-77.843263,37.341676],[-77.844646,37.342467],[-77.846503,37.343221],[-77.848218,37.344172],[-77.849939,37.344723],[-77.850541,37.345105],[-77.851163,37.345781],[-77.851823,37.346681],[-77.852376,37.347637],[-77.852718,37.348888],[-77.852682,37.349973],[-77.852556,37.351045],[-77.852098,37.352902],[-77.851844,37.353555],[-77.851733,37.354192],[-77.851784,37.354684],[-77.851804,37.354867],[-77.852005,37.355724],[-77.852493,37.35638],[-77.852844,37.356651],[-77.853696,37.356961],[-77.853849,37.357094],[-77.854477,37.357371],[-77.855862,37.358344],[-77.856643,37.358753],[-77.857318,37.359218],[-77.858075,37.359914],[-77.85893,37.360589],[-77.8591,37.360651],[-77.859245,37.360818],[-77.859613,37.36102],[-77.860946,37.362203],[-77.861314,37.362404],[-77.86187,37.362597],[-77.862623,37.362747],[-77.863758,37.3629],[-77.86534,37.362962],[-77.867276,37.362997],[-77.868973,37.362941],[-77.871045,37.362778],[-77.872454,37.36259],[-77.873789,37.362384],[-77.87489,37.362565],[-77.87548,37.362989],[-77.8766,37.364285],[-77.877171,37.365171],[-77.877556,37.366247],[-77.877357,37.367053],[-77.877358,37.367235],[-77.876867,37.368288],[-77.876597,37.369192],[-77.876573,37.369479],[-77.87674,37.37125],[-77.877125,37.373362],[-77.877081,37.373446],[-77.877185,37.374152],[-77.877133,37.374363],[-77.877205,37.374446],[-77.877102,37.374867],[-77.87698,37.375],[-77.876856,37.375344],[-77.876793,37.376352],[-77.876672,37.376843],[-77.876744,37.376927],[-77.87674,37.377508],[-77.876835,37.378067],[-77.877153,37.378661],[-77.877127,37.378766],[-77.877527,37.37959],[-77.878271,37.381847],[-77.878422,37.382742],[-77.878232,37.383513],[-77.877826,37.384215],[-77.877038,37.38515],[-77.876266,37.385833],[-77.875892,37.386031],[-77.875392,37.386174],[-77.875,37.386388],[-77.874644,37.38663],[-77.874486,37.386896],[-77.874339,37.387492],[-77.874368,37.387751],[-77.874091,37.388872],[-77.873465,37.389905],[-77.8733,37.390571],[-77.873289,37.391369],[-77.873168,37.391859],[-77.872982,37.392049],[-77.872687,37.392114],[-77.871917,37.392034],[-77.871433,37.391924],[-77.871361,37.391841],[-77.871137,37.391807],[-77.870042,37.391351],[-77.86937,37.391249],[-77.868576,37.391456],[-77.868015,37.391753],[-77.867554,37.39221],[-77.867398,37.392841],[-77.867388,37.393821],[-77.867435,37.39401],[-77.867779,37.394498],[-77.869793,37.396875],[-77.870406,37.397404],[-77.871201,37.398324],[-77.871546,37.398883],[-77.8717,37.399126],[-77.87181,37.399434],[-77.871802,37.400596],[-77.871655,37.401191],[-77.87166,37.401737],[-77.871716,37.402073],[-77.87199,37.40266],[-77.872165,37.403268],[-77.87213,37.403408],[-77.872213,37.403639],[-77.872154,37.404066],[-77.872136,37.404136],[-77.872315,37.405108],[-77.872462,37.405639],[-77.872589,37.405786],[-77.872744,37.406191],[-77.873007,37.406631],[-77.873532,37.407328],[-77.873761,37.407908],[-77.873744,37.407978],[-77.873917,37.408404],[-77.873891,37.408509],[-77.874132,37.409418],[-77.87436,37.409998],[-77.87441,37.41055],[-77.874876,37.411675],[-77.874966,37.412184],[-77.874992,37.412491],[-77.875108,37.413686],[-77.875268,37.414546],[-77.875323,37.4147],[-77.875444,37.415336],[-77.875432,37.415953],[-77.875486,37.416015],[-77.875269,37.4168],[-77.875093,37.417137],[-77.874854,37.417386],[-77.874408,37.417711],[-77.873339,37.418277],[-77.872589,37.418491],[-77.871891,37.418371],[-77.871602,37.41816],[-77.871193,37.417905],[-77.87091,37.417765],[-77.869897,37.417539],[-77.869385,37.417352],[-77.868848,37.417271],[-77.867729,37.417284],[-77.866914,37.417197],[-77.866307,37.416944],[-77.864275,37.416217],[-77.863197,37.41569],[-77.861583,37.415265],[-77.860866,37.415156],[-77.859457,37.414652],[-77.85874,37.414544],[-77.858178,37.41475],[-77.856994,37.415407],[-77.856014,37.417113],[-77.85509,37.417846],[-77.855148,37.418363],[-77.85496,37.41838],[-77.853384,37.41855],[-77.850988,37.416932],[-77.851111,37.416152],[-77.848811,37.414862],[-77.846726,37.415121],[-77.845377,37.41695],[-77.84299,37.418949],[-77.840346,37.418198],[-77.83791,37.420246],[-77.835937,37.421306],[-77.833436,37.422723],[-77.830331,37.422395],[-77.826696,37.422445],[-77.823061,37.423016],[-77.819743,37.423829],[-77.817086,37.424181],[-77.81553,37.425048],[-77.812081,37.42585],[-77.809809,37.426095],[-77.809189,37.426108],[-77.807964,37.42742],[-77.807977,37.429529],[-77.808597,37.429847],[-77.806407,37.431703],[-77.805562,37.433652],[-77.804927,37.434679],[-77.805609,37.435711],[-77.804989,37.437633],[-77.803983,37.438797],[-77.802738,37.440009],[-77.798798,37.444886],[-77.798494,37.446308],[-77.798852,37.447505],[-77.797509,37.451041],[-77.797509,37.454423],[-77.79799,37.456719],[-77.79784,37.458961],[-77.787489,37.466461],[-77.777616,37.473619],[-77.775412,37.475213],[-77.769047,37.479836],[-77.762699,37.484437],[-77.762624,37.484492],[-77.757322,37.488281],[-77.749717,37.493785],[-77.747867,37.494682],[-77.74619,37.495983],[-77.742803,37.498611],[-77.739807,37.500818],[-77.732738,37.506021],[-77.732376,37.506209],[-77.732333,37.506239],[-77.724164,37.511915],[-77.723843,37.512146],[-77.715874,37.517862],[-77.712851,37.520144],[-77.70765,37.524069],[-77.706437,37.52496],[-77.6969,37.531822],[-77.696586,37.532046],[-77.694758,37.53332],[-77.691684,37.535577],[-77.68998,37.536808],[-77.687392,37.538672],[-77.683011,37.541783],[-77.67944,37.544245],[-77.676264,37.546678],[-77.672635,37.549132],[-77.669631,37.551265],[-77.668528,37.552044],[-77.665331,37.554548],[-77.663124,37.556131],[-77.656244,37.56085],[-77.655766,37.562626],[-77.6557,37.56287],[-77.655399,37.563986],[-77.655374,37.564014],[-77.653748,37.564851],[-77.653713,37.564805],[-77.653531,37.564821],[-77.653331,37.5651],[-77.653113,37.565277],[-77.652847,37.565409],[-77.652599,37.56542],[-77.652228,37.565387],[-77.651838,37.565513],[-77.650818,37.565736],[-77.650372,37.565872],[-77.65003,37.565938],[-77.649391,37.566086],[-77.64911,37.566182],[-77.648215,37.566324],[-77.647107,37.566378],[-77.646778,37.566356],[-77.646418,37.566299],[-77.646128,37.566282],[-77.644946,37.566303],[-77.64469,37.566322],[-77.644079,37.566246],[-77.643746,37.566262],[-77.643284,37.566377],[-77.642518,37.566716],[-77.642138,37.566783],[-77.64159,37.566754],[-77.641131,37.566629],[-77.640794,37.566499],[-77.640325,37.566364],[-77.640001,37.566355],[-77.639675,37.566442],[-77.639125,37.566633],[-77.639004,37.566692],[-77.63871,37.56674],[-77.638446,37.566713],[-77.637913,37.566582],[-77.637606,37.566399],[-77.637241,37.56609],[-77.636926,37.56599],[-77.636731,37.56596],[-77.636332,37.565959],[-77.635773,37.565993],[-77.635622,37.565973],[-77.635179,37.565816],[-77.634956,37.56582],[-77.634791,37.565895],[-77.634667,37.566036],[-77.634677,37.566269],[-77.634898,37.566704],[-77.634906,37.566815],[-77.634822,37.566921],[-77.634561,37.567011],[-77.634255,37.567066],[-77.634095,37.567161],[-77.633936,37.567326],[-77.634563,37.567561],[-77.635518,37.567841],[-77.635889,37.568049],[-77.636134,37.568281],[-77.636248,37.568553],[-77.63626,37.568699],[-77.636189,37.568915],[-77.635688,37.57138],[-77.634507,37.573217],[-77.632377,37.575537],[-77.630474,37.576726],[-77.627991,37.57683],[-77.624457,37.575767],[-77.624191,37.575752],[-77.620768,37.576852],[-77.620618,37.576896],[-77.620076,37.577051],[-77.617991,37.576893],[-77.617067,37.577086],[-77.616491,37.577428],[-77.616351,37.577867],[-77.616296,37.578566],[-77.616805,37.579652],[-77.617145,37.580606],[-77.618057,37.581258],[-77.618229,37.581697],[-77.618892,37.584881],[-77.618371,37.586883],[-77.618368,37.587558],[-77.618352,37.587748],[-77.618165,37.588053],[-77.618087,37.588456],[-77.618134,37.588719],[-77.618321,37.588974],[-77.618716,37.589256],[-77.619175,37.589489],[-77.619372,37.589568],[-77.619876,37.589712],[-77.620062,37.589819],[-77.620383,37.589918],[-77.620624,37.589953],[-77.620929,37.589982],[-77.621286,37.589989],[-77.621684,37.589945],[-77.622052,37.589809],[-77.622309,37.589763],[-77.622781,37.589748],[-77.623247,37.589712],[-77.623525,37.589715],[-77.624008,37.589785],[-77.624473,37.589962],[-77.624757,37.590168],[-77.62516,37.590575],[-77.625397,37.590711],[-77.626422,37.591346],[-77.627443,37.593108],[-77.627497,37.593211],[-77.627545,37.593331],[-77.627599,37.593425],[-77.627681,37.593512],[-77.627705,37.593538],[-77.627784,37.593626],[-77.627866,37.593733],[-77.627936,37.593853],[-77.628083,37.594069],[-77.628183,37.594217],[-77.628235,37.594294],[-77.628284,37.594366],[-77.628288,37.594376],[-77.628299,37.594404],[-77.628323,37.594495],[-77.628326,37.594593],[-77.628296,37.594691],[-77.628269,37.594723],[-77.627589,37.59578],[-77.626042,37.596611],[-77.626056,37.597837],[-77.626031,37.597944],[-77.626015,37.598045],[-77.626018,37.59811],[-77.626054,37.598191],[-77.626085,37.598215],[-77.626195,37.598259],[-77.626285,37.598347],[-77.626332,37.598457],[-77.626325,37.598596],[-77.626344,37.598682],[-77.626332,37.598767],[-77.6264,37.598865],[-77.626551,37.598984],[-77.626682,37.599043],[-77.62679,37.599077],[-77.6269,37.599146],[-77.627261,37.599319],[-77.627485,37.599433],[-77.627822,37.599613],[-77.627983,37.599702],[-77.628118,37.599769],[-77.628333,37.599908],[-77.628403,37.599916],[-77.628577,37.599976],[-77.628975,37.60006],[-77.629108,37.600104],[-77.629653,37.600227],[-77.62989,37.600309],[-77.630065,37.60038],[-77.630137,37.600404],[-77.630248,37.600428],[-77.630373,37.600493],[-77.630482,37.600584],[-77.630577,37.600621],[-77.630675,37.600635],[-77.630744,37.600631],[-77.630853,37.600606],[-77.630915,37.600584],[-77.630993,37.60054],[-77.631365,37.600524],[-77.631584,37.600548],[-77.631814,37.600639],[-77.63194,37.600691],[-77.632158,37.600768],[-77.632282,37.600817],[-77.632455,37.600936],[-77.632501,37.600962],[-77.632611,37.601048],[-77.632704,37.601087],[-77.632813,37.601099],[-77.632902,37.601098],[-77.63297,37.601109],[-77.633012,37.601146],[-77.633077,37.601243],[-77.633147,37.601383],[-77.633194,37.601439],[-77.633238,37.60147],[-77.633395,37.601553],[-77.633457,37.601592],[-77.633709,37.601802],[-77.633899,37.601995],[-77.633964,37.602022],[-77.634043,37.602027],[-77.634095,37.602018],[-77.634217,37.601918],[-77.634344,37.601855],[-77.634446,37.601844],[-77.634651,37.60184],[-77.634839,37.601815],[-77.634949,37.60179],[-77.635062,37.601753],[-77.635158,37.601714],[-77.635334,37.601633],[-77.635451,37.60157],[-77.635526,37.601545],[-77.635593,37.601537],[-77.635726,37.601551],[-77.635773,37.601583],[-77.635818,37.601656],[-77.635819,37.60184],[-77.635829,37.601877],[-77.635953,37.601929],[-77.636023,37.601942],[-77.636146,37.601931],[-77.636259,37.601894],[-77.636322,37.601881],[-77.636405,37.601881],[-77.636484,37.601897],[-77.636636,37.601948],[-77.636748,37.602011],[-77.636871,37.602093],[-77.63701,37.602156],[-77.637195,37.602211],[-77.637338,37.602261],[-77.637472,37.602286],[-77.637611,37.602296],[-77.6379,37.602261],[-77.638009,37.602237],[-77.638128,37.602185],[-77.63834,37.602123],[-77.638463,37.602117],[-77.638656,37.602147],[-77.638832,37.602218],[-77.638975,37.602246],[-77.639148,37.602255],[-77.639408,37.602229],[-77.639542,37.602246],[-77.639952,37.602438],[-77.64009,37.602541],[-77.640243,37.60269],[-77.640692,37.603406],[-77.64132,37.604784],[-77.641272,37.605357],[-77.64167,37.605965],[-77.641732,37.606628],[-77.641557,37.607082],[-77.641161,37.607614],[-77.64084,37.607765],[-77.640799,37.608844],[-77.641819,37.610368],[-77.641753,37.611785],[-77.643497,37.614104],[-77.644247,37.613982],[-77.644283,37.613966],[-77.64437,37.613933],[-77.644431,37.613914],[-77.646566,37.613787],[-77.651137,37.616141],[-77.652156,37.617252],[-77.652139,37.617291],[-77.652127,37.617301],[-77.652087,37.617334],[-77.652103,37.617369],[-77.652094,37.617399],[-77.652073,37.617426],[-77.652023,37.617442],[-77.651961,37.617463],[-77.651955,37.617499],[-77.651935,37.61761],[-77.651926,37.617656],[-77.651905,37.617776],[-77.651887,37.617906],[-77.651857,37.618152],[-77.652083,37.619186],[-77.651983,37.619912],[-77.65181,37.620654],[-77.651803,37.620685],[-77.651769,37.620814],[-77.651742,37.620913],[-77.651691,37.621107],[-77.651667,37.621193],[-77.651539,37.621531],[-77.651503,37.621626],[-77.651254,37.622153],[-77.651157,37.622367],[-77.651142,37.622399],[-77.65107,37.622553],[-77.651039,37.622639],[-77.651025,37.622712],[-77.650886,37.62313],[-77.650657,37.624039],[-77.650621,37.624188],[-77.651808,37.629123],[-77.652052,37.630897],[-77.652001,37.632112],[-77.653604,37.634319],[-77.653937,37.63955],[-77.654118,37.640182],[-77.654452,37.640725],[-77.65349,37.643407],[-77.652901,37.645013],[-77.651914,37.646537],[-77.65121,37.64744],[-77.649645,37.650911],[-77.649635,37.650989],[-77.64958,37.65129],[-77.649712,37.653768],[-77.649146,37.65531],[-77.649134,37.655339],[-77.648563,37.656904],[-77.64991,37.657021],[-77.650012,37.657174],[-77.649987,37.657327],[-77.6499,37.657369],[-77.649673,37.657791],[-77.649423,37.658031],[-77.64931,37.658208],[-77.649189,37.658332],[-77.649241,37.658662],[-77.649197,37.658806],[-77.649437,37.659187],[-77.649356,37.659367],[-77.646185,37.659219],[-77.646068,37.662016],[-77.646054,37.662204],[-77.64593,37.663664],[-77.645455,37.66488],[-77.644211,37.668023],[-77.644594,37.668679],[-77.644357,37.669364],[-77.642614,37.674369],[-77.641561,37.676611],[-77.640892,37.678039],[-77.64284,37.679312],[-77.641912,37.680337],[-77.641702,37.681543],[-77.641595,37.684589],[-77.641907,37.687887],[-77.637748,37.686671],[-77.634782,37.694888],[-77.632984,37.699881],[-77.63067,37.705673],[-77.636168,37.706545],[-77.636694,37.709743],[-77.638517,37.712606],[-77.638616,37.713507],[-77.639929,37.715881],[-77.63975,37.720538],[-77.639248,37.722553],[-77.640458,37.725795],[-77.635202,37.726964],[-77.63432,37.726974],[-77.625881,37.724239],[-77.623455,37.723615],[-77.620552,37.725855],[-77.624577,37.726419],[-77.641322,37.731281],[-77.644673,37.7287],[-77.644857,37.732371],[-77.645326,37.737872],[-77.645673,37.739471],[-77.648158,37.741427],[-77.652689,37.745191],[-77.653997,37.74783],[-77.654019,37.747932],[-77.652476,37.748786],[-77.651657,37.748835],[-77.651209,37.749066],[-77.650955,37.749443],[-77.650833,37.749967],[-77.650905,37.750711],[-77.650828,37.751381],[-77.649463,37.754517],[-77.649463,37.755926],[-77.648669,37.756744],[-77.647649,37.757125],[-77.646512,37.757086],[-77.646174,37.75692],[-77.646067,37.756612],[-77.646007,37.754802],[-77.645571,37.753957],[-77.644534,37.75284],[-77.643704,37.751035],[-77.643047,37.750078],[-77.641972,37.749266],[-77.639926,37.747887],[-77.638712,37.747364],[-77.637968,37.747457],[-77.637115,37.748534],[-77.636715,37.74971],[-77.636007,37.750576],[-77.635257,37.751244],[-77.634346,37.751835],[-77.633701,37.752089],[-77.633185,37.751815],[-77.631921,37.751849],[-77.631316,37.752304],[-77.631414,37.752347],[-77.63436,37.753882],[-77.633565,37.754684],[-77.634787,37.756087],[-77.635013,37.757154],[-77.633556,37.757144],[-77.633384,37.757988],[-77.633439,37.75852],[-77.63388,37.759921],[-77.63399,37.760898],[-77.634986,37.761283],[-77.636382,37.762255],[-77.637295,37.762547],[-77.638519,37.762701],[-77.640123,37.763805],[-77.640724,37.764481],[-77.641253,37.764611],[-77.641166,37.76482],[-77.640655,37.764684],[-77.639971,37.763888],[-77.639438,37.763618],[-77.639024,37.763212],[-77.638153,37.762734],[-77.637364,37.762679],[-77.636265,37.762404],[-77.635096,37.761535],[-77.634737,37.76136],[-77.633969,37.761249],[-77.63381,37.761041],[-77.633673,37.759942],[-77.633362,37.759179],[-77.633224,37.758476],[-77.633246,37.757449],[-77.633377,37.757098],[-77.63205,37.756494],[-77.631684,37.755884],[-77.631421,37.755741],[-77.630162,37.755911],[-77.62974,37.757019],[-77.629234,37.757909],[-77.628784,37.758441],[-77.627801,37.759132],[-77.62549,37.760328],[-77.624999,37.760669],[-77.62413,37.760906],[-77.622366,37.760495],[-77.621868,37.76054],[-77.62092,37.760919],[-77.619683,37.761073],[-77.619115,37.76092],[-77.618479,37.760503],[-77.617932,37.75974],[-77.617945,37.759366],[-77.617662,37.759191],[-77.616977,37.759274],[-77.615856,37.759076],[-77.614708,37.758967],[-77.613809,37.759132],[-77.612862,37.75961],[-77.612447,37.759962],[-77.612334,37.759858],[-77.61159,37.76113],[-77.609352,37.763539],[-77.608699,37.764549],[-77.607759,37.765814],[-77.607124,37.766321],[-77.60571,37.766968],[-77.605189,37.767312],[-77.604883,37.767706],[-77.604618,37.768346],[-77.604286,37.768797],[-77.603624,37.769224],[-77.603308,37.769251],[-77.602123,37.768693],[-77.601377,37.76844],[-77.600944,37.768422],[-77.600768,37.768201],[-77.600058,37.768135],[-77.598183,37.767666],[-77.597594,37.767688],[-77.597111,37.767881],[-77.596643,37.768263],[-77.596406,37.769116],[-77.596663,37.769944],[-77.596799,37.770827],[-77.597421,37.771475],[-77.597958,37.771675],[-77.598729,37.771801],[-77.599308,37.772382],[-77.599868,37.77262],[-77.600999,37.77373],[-77.601066,37.774076],[-77.60085,37.774343],[-77.600087,37.774517],[-77.599445,37.774333],[-77.598711,37.77433],[-77.597549,37.774027],[-77.596699,37.773912],[-77.596171,37.773992],[-77.595448,37.774459],[-77.594653,37.775192],[-77.593506,37.776608],[-77.592639,37.777895],[-77.592573,37.777994],[-77.592254,37.778315],[-77.591621,37.778513],[-77.591031,37.778557],[-77.589938,37.778497],[-77.589441,37.778489],[-77.589044,37.778563],[-77.588768,37.778606],[-77.58862,37.778737],[-77.588072,37.779088],[-77.587793,37.779323],[-77.587727,37.77939],[-77.587643,37.779492],[-77.587543,37.779613],[-77.58703,37.780604],[-77.586826,37.780794],[-77.586625,37.780879],[-77.586505,37.78093],[-77.586234,37.781215],[-77.58571,37.782201],[-77.585493,37.782514],[-77.585413,37.782783],[-77.585256,37.78331],[-77.584828,37.784171],[-77.584707,37.784761],[-77.584127,37.785519],[-77.582666,37.786308],[-77.581845,37.786965],[-77.581612,37.787598],[-77.581205,37.788021],[-77.580691,37.788805],[-77.579885,37.789645],[-77.578754,37.790275],[-77.577584,37.791537],[-77.577564,37.791677],[-77.576075,37.793219],[-77.574481,37.794591],[-77.574056,37.795283],[-77.574114,37.795596],[-77.574879,37.796387],[-77.576002,37.798015],[-77.576327,37.798973],[-77.57631,37.799718],[-77.57582,37.801671],[-77.575567,37.803686],[-77.575412,37.804095],[-77.574826,37.804674],[-77.573997,37.804962],[-77.573587,37.804959],[-77.572971,37.804728],[-77.571868,37.804092],[-77.571096,37.803538],[-77.569773,37.802728],[-77.569715,37.80249],[-77.568931,37.801572],[-77.56824,37.800438],[-77.568082,37.799703],[-77.567868,37.799272],[-77.566485,37.797182],[-77.565668,37.796463],[-77.56431,37.795809],[-77.562075,37.795173],[-77.561224,37.795145],[-77.560567,37.794854],[-77.559928,37.793551],[-77.559671,37.793237],[-77.55872,37.793198],[-77.557863,37.793172],[-77.557249,37.793285],[-77.555984,37.793734],[-77.554941,37.79379],[-77.554131,37.793709],[-77.553137,37.793359],[-77.552242,37.793473],[-77.551419,37.793899],[-77.551008,37.794491],[-77.550477,37.794999],[-77.550079,37.795596],[-77.549832,37.796252],[-77.54926,37.796854],[-77.549155,37.796819],[-77.546327,37.795873],[-77.543369,37.794499],[-77.541328,37.792943],[-77.540525,37.792311],[-77.539746,37.791714],[-77.54044,37.790983],[-77.552436,37.778232],[-77.554607,37.777736],[-77.553633,37.775625],[-77.551665,37.776224],[-77.548935,37.777027],[-77.547482,37.777938],[-77.545465,37.7779],[-77.53568,37.774715],[-77.531321,37.775298],[-77.52998,37.776506],[-77.525465,37.77787],[-77.520735,37.77826],[-77.519807,37.778663],[-77.516641,37.776693],[-77.515813,37.776991],[-77.513413,37.776156],[-77.511476,37.775897],[-77.509629,37.776572],[-77.508357,37.7755],[-77.509359,37.777077],[-77.508676,37.777302],[-77.507068,37.775056],[-77.50332,37.774911],[-77.500871,37.773881],[-77.499629,37.772194],[-77.495912,37.773148],[-77.492924,37.77409],[-77.492432,37.77507],[-77.491264,37.775581],[-77.484136,37.775541],[-77.484174,37.776322],[-77.484305,37.77827],[-77.484317,37.778493],[-77.484323,37.779513],[-77.483466,37.779244],[-77.482258,37.778864],[-77.476528,37.777063],[-77.473703,37.787382],[-77.472792,37.789428],[-77.47218,37.791994],[-77.471844,37.791727],[-77.471567,37.790115],[-77.470361,37.789611],[-77.47033,37.788205],[-77.46692,37.789175],[-77.465618,37.789543],[-77.462357,37.790496],[-77.460304,37.791911],[-77.461057,37.799023],[-77.459767,37.798511],[-77.456924,37.797286],[-77.452948,37.794604],[-77.451155,37.79715],[-77.450226,37.797972],[-77.448855,37.797394],[-77.449478,37.793919],[-77.447285,37.794096],[-77.446607,37.799404],[-77.446077,37.803211],[-77.446043,37.803327],[-77.445184,37.803459],[-77.443628,37.80386],[-77.442993,37.803866],[-77.44224,37.803619],[-77.441357,37.802911],[-77.441101,37.802418],[-77.440427,37.802227],[-77.43893,37.802113],[-77.437671,37.802292],[-77.436952,37.802249],[-77.43613,37.801879],[-77.435981,37.801622],[-77.435977,37.800948],[-77.435849,37.800721],[-77.434795,37.800511],[-77.432532,37.799481],[-77.431076,37.798897],[-77.430056,37.798305],[-77.427151,37.797426],[-77.426702,37.797384],[-77.426175,37.797579],[-77.425664,37.798203],[-77.424964,37.799627],[-77.424536,37.799879],[-77.423502,37.799819],[-77.423219,37.799802],[-77.422724,37.799733],[-77.422011,37.799414],[-77.421902,37.79931],[-77.420241,37.798591],[-77.418533,37.798534],[-77.415642,37.79897],[-77.412544,37.799814],[-77.410765,37.801133],[-77.409817,37.802095],[-77.409189,37.802915],[-77.408847,37.803083],[-77.407813,37.80333],[-77.408142,37.803501],[-77.408558,37.803627],[-77.409068,37.803827],[-77.409566,37.803982],[-77.410499,37.804225],[-77.410967,37.804359],[-77.411672,37.80462],[-77.41211,37.804806],[-77.413016,37.80524],[-77.413386,37.805514],[-77.413785,37.805898],[-77.413926,37.806093],[-77.414872,37.806904],[-77.415907,37.807706],[-77.416321,37.807952],[-77.416702,37.808233],[-77.417116,37.808495],[-77.417997,37.80911],[-77.418359,37.809301],[-77.418752,37.809422],[-77.419141,37.809474],[-77.419485,37.80942],[-77.419926,37.809257],[-77.420367,37.809046],[-77.420748,37.808827],[-77.421006,37.808703],[-77.421509,37.808537],[-77.421834,37.808535],[-77.422068,37.808664],[-77.422352,37.808784],[-77.422719,37.809343],[-77.422845,37.8095],[-77.422935,37.809762],[-77.423029,37.810483],[-77.423014,37.810868],[-77.422968,37.811273],[-77.422796,37.812048],[-77.422667,37.812291],[-77.422351,37.81278],[-77.422125,37.813207],[-77.421991,37.813497],[-77.421737,37.814131],[-77.421716,37.814258],[-77.421574,37.814562],[-77.421165,37.815137],[-77.420918,37.815401],[-77.420618,37.815645],[-77.420313,37.815864],[-77.420077,37.815958],[-77.419952,37.815972],[-77.419435,37.816172],[-77.418996,37.81625],[-77.418427,37.816251],[-77.41775,37.816153],[-77.417365,37.816053],[-77.417068,37.815947],[-77.416439,37.815583],[-77.415799,37.815326],[-77.415362,37.815248],[-77.414901,37.815286],[-77.414245,37.815382],[-77.413521,37.81554],[-77.413043,37.815697],[-77.412749,37.815857],[-77.41226,37.816167],[-77.412126,37.816348],[-77.412134,37.816554],[-77.412324,37.816738],[-77.413026,37.817282],[-77.413276,37.817492],[-77.41362,37.817784],[-77.413787,37.818083],[-77.413794,37.818433],[-77.413696,37.818637],[-77.41334,37.818811],[-77.412204,37.818971],[-77.411872,37.819053],[-77.411576,37.819065],[-77.410731,37.819011],[-77.410512,37.819044],[-77.410164,37.819184],[-77.409869,37.819438],[-77.409643,37.819727],[-77.409486,37.820072],[-77.40947,37.820239],[-77.409486,37.821034],[-77.409562,37.821295],[-77.409689,37.821362],[-77.409978,37.821255],[-77.410369,37.821227],[-77.410455,37.821326],[-77.410652,37.821765],[-77.410768,37.822307],[-77.410942,37.822599],[-77.411057,37.822664],[-77.411227,37.822992],[-77.411572,37.823263],[-77.411889,37.823403],[-77.412277,37.823504],[-77.41266,37.823467],[-77.41322,37.823395],[-77.413471,37.82334],[-77.413757,37.823163],[-77.414042,37.823129],[-77.414241,37.823071],[-77.414424,37.823084],[-77.41509,37.823214],[-77.415487,37.823247],[-77.416023,37.823339],[-77.416189,37.823393],[-77.416529,37.823567],[-77.417009,37.823778],[-77.417492,37.823956],[-77.418469,37.824457],[-77.41896,37.824721],[-77.419378,37.824972],[-77.41959,37.825046],[-77.41985,37.825051],[-77.420424,37.824949],[-77.420633,37.824854],[-77.420963,37.824816],[-77.421371,37.82473],[-77.421797,37.824689],[-77.422974,37.824749],[-77.42397,37.824727],[-77.424236,37.824747],[-77.424891,37.824891],[-77.425735,37.825282],[-77.426291,37.825608],[-77.426916,37.825951],[-77.427231,37.826227],[-77.427343,37.82645],[-77.42719,37.827054],[-77.427165,37.827153],[-77.427176,37.827841],[-77.427237,37.828017],[-77.427481,37.828302],[-77.427705,37.828639],[-77.427953,37.829059],[-77.428132,37.82947],[-77.428267,37.829567],[-77.428077,37.829735],[-77.427969,37.830041],[-77.427712,37.830369],[-77.42759,37.830562],[-77.427105,37.831087],[-77.426909,37.831362],[-77.426832,37.831533],[-77.426769,37.831805],[-77.426763,37.832261],[-77.426672,37.832841],[-77.426675,37.832972],[-77.426813,37.833119],[-77.427323,37.8334],[-77.428247,37.834436],[-77.428443,37.834785],[-77.428657,37.835315],[-77.428752,37.835922],[-77.42875,37.836185],[-77.428674,37.836474],[-77.428504,37.836757],[-77.428296,37.837052],[-77.427911,37.837707],[-77.427742,37.838054],[-77.427268,37.838853],[-77.427037,37.839331],[-77.42654,37.840145],[-77.42653,37.840367],[-77.426691,37.840574],[-77.427132,37.84084],[-77.427661,37.841218],[-77.427981,37.841409],[-77.428569,37.841635],[-77.429052,37.841845],[-77.429196,37.841945],[-77.429233,37.842098],[-77.429186,37.842287],[-77.428958,37.842534],[-77.428473,37.842758],[-77.428347,37.842861],[-77.428142,37.843113],[-77.428046,37.843281],[-77.428011,37.843556],[-77.428119,37.844022],[-77.428208,37.844638],[-77.428099,37.845174],[-77.428008,37.84533],[-77.42769,37.845684],[-77.427389,37.845989],[-77.427035,37.846518],[-77.426938,37.84674],[-77.42676,37.847352],[-77.426652,37.847849],[-77.426655,37.848003],[-77.426898,37.848574],[-77.427195,37.849103],[-77.427428,37.849426],[-77.427657,37.849893],[-77.42775,37.850075],[-77.427846,37.850375],[-77.428,37.850636],[-77.428176,37.850995],[-77.428255,37.851212],[-77.428137,37.851417],[-77.427942,37.85155],[-77.427587,37.851866],[-77.427303,37.852219],[-77.427158,37.852546],[-77.427062,37.853246],[-77.427088,37.853615],[-77.426953,37.854075],[-77.426935,37.854233],[-77.427028,37.854409],[-77.427154,37.854531],[-77.427958,37.855526],[-77.428167,37.856461],[-77.427788,37.85764],[-77.427509,37.858252],[-77.427032,37.858955],[-77.425576,37.860444],[-77.425002,37.861396],[-77.424581,37.861721],[-77.423798,37.861593],[-77.423565,37.861357],[-77.423226,37.860641],[-77.422553,37.859882],[-77.421373,37.859066],[-77.420922,37.858939],[-77.420214,37.858975],[-77.41952,37.858872],[-77.419029,37.859082],[-77.418719,37.859462],[-77.418706,37.860553],[-77.419029,37.861198],[-77.419468,37.86149],[-77.419787,37.861579],[-77.420199,37.861628],[-77.420643,37.861824],[-77.420851,37.861946],[-77.421367,37.86239],[-77.421704,37.862717],[-77.421851,37.863009],[-77.421868,37.863119],[-77.421634,37.864168],[-77.421989,37.864929],[-77.422889,37.865382],[-77.425633,37.867199],[-77.426915,37.867801],[-77.427695,37.868299],[-77.428405,37.869036],[-77.428591,37.869582],[-77.42894,37.871543],[-77.428942,37.872483],[-77.429077,37.872827],[-77.429704,37.873453],[-77.430597,37.873931],[-77.432581,37.874731],[-77.433108,37.875059],[-77.433318,37.875787],[-77.433078,37.877054],[-77.433193,37.877953],[-77.434082,37.87956],[-77.434355,37.880352],[-77.434383,37.881367],[-77.435413,37.883094],[-77.436183,37.885031],[-77.436633,37.885512],[-77.437953,37.886273],[-77.438342,37.886501],[-77.438785,37.886793],[-77.439257,37.887044],[-77.439865,37.887333],[-77.440295,37.887552],[-77.440633,37.887744],[-77.441784,37.888303],[-77.442256,37.888605],[-77.442537,37.888843],[-77.442753,37.889134],[-77.442845,37.889364],[-77.442869,37.889782],[-77.44285,37.89002],[-77.442676,37.89052],[-77.442665,37.890714],[-77.442756,37.891132],[-77.442935,37.891472],[-77.44333,37.892063],[-77.44351,37.892488],[-77.443529,37.892713],[-77.443645,37.893204],[-77.44393,37.89363],[-77.444187,37.893865],[-77.44439,37.894099],[-77.444665,37.894327],[-77.444816,37.894493],[-77.445147,37.894696],[-77.445516,37.894724],[-77.446115,37.89462],[-77.446455,37.894576],[-77.446866,37.894437],[-77.447348,37.894183],[-77.447602,37.894105],[-77.447934,37.89404],[-77.448087,37.894036],[-77.448745,37.894098],[-77.449012,37.894085],[-77.449436,37.893996],[-77.449707,37.893901],[-77.450365,37.893735],[-77.450835,37.893631],[-77.451427,37.893452],[-77.451581,37.893365],[-77.452326,37.893079],[-77.452399,37.893007],[-77.45258,37.89243],[-77.452796,37.892162],[-77.453112,37.891888],[-77.453475,37.89164],[-77.453717,37.891447],[-77.453939,37.891314],[-77.454736,37.890727],[-77.45513,37.89037],[-77.455427,37.890181],[-77.455673,37.890107],[-77.456198,37.890093],[-77.456869,37.890121],[-77.457643,37.890212],[-77.457761,37.890196],[-77.458267,37.890153],[-77.45922,37.889953],[-77.461965,37.888212],[-77.465118,37.88845],[-77.466149,37.889196],[-77.466234,37.889225],[-77.467035,37.889536],[-77.467697,37.889652],[-77.468754,37.889638],[-77.469269,37.889524],[-77.470812,37.888994],[-77.471746,37.888434],[-77.472683,37.887697],[-77.473758,37.88695],[-77.475192,37.886201],[-77.475772,37.885829],[-77.476195,37.885315],[-77.477833,37.883608],[-77.478268,37.883428],[-77.480136,37.883425],[-77.481437,37.883083],[-77.481767,37.883097],[-77.482991,37.883246],[-77.483774,37.883217],[-77.48417,37.883369],[-77.485289,37.88463],[-77.485518,37.885177],[-77.48695,37.887134],[-77.487525,37.887766],[-77.487964,37.887993],[-77.489282,37.888405],[-77.489997,37.888448],[-77.490835,37.888339],[-77.491604,37.888531],[-77.492405,37.889141],[-77.492656,37.889867],[-77.492748,37.891172],[-77.49333,37.891748],[-77.493563,37.892754],[-77.49339,37.893419],[-77.492832,37.894971],[-77.492892,37.89614],[-77.493333,37.897271],[-77.493639,37.897555],[-77.494186,37.897783],[-77.495896,37.898142],[-77.49718,37.898966],[-77.499386,37.899832],[-77.500029,37.90022],[-77.501549,37.900872],[-77.502438,37.901519],[-77.503138,37.90178],[-77.504815,37.901163],[-77.505161,37.90117],[-77.506505,37.901729],[-77.507595,37.90203],[-77.508418,37.902616],[-77.508965,37.903531],[-77.509532,37.903665],[-77.510422,37.904187],[-77.510717,37.904263],[-77.511978,37.904154],[-77.513344,37.90421],[-77.514106,37.904341],[-77.514783,37.904329],[-77.515484,37.904723],[-77.516822,37.905635],[-77.518005,37.906203],[-77.519365,37.907237],[-77.519879,37.908233],[-77.521185,37.909831],[-77.521409,37.910319],[-77.52153,37.911075],[-77.521849,37.911846],[-77.522433,37.912476],[-77.524816,37.913583],[-77.525122,37.914349],[-77.526605,37.915371],[-77.527125,37.915994],[-77.527182,37.91661],[-77.527766,37.917498],[-77.528,37.918159],[-77.528268,37.919822],[-77.528579,37.92057],[-77.528882,37.9208],[-77.52971,37.920841],[-77.530598,37.920773],[-77.531848,37.920803],[-77.532243,37.920913],[-77.534446,37.921179],[-77.536192,37.921225],[-77.536628,37.921187],[-77.53867,37.920517],[-77.539872,37.920177],[-77.540848,37.919696],[-77.541738,37.919308],[-77.542603,37.918538],[-77.542838,37.917915],[-77.542743,37.917196],[-77.542853,37.916888],[-77.543416,37.916371],[-77.544083,37.915976],[-77.545337,37.915756],[-77.546224,37.915966],[-77.547847,37.916972],[-77.549414,37.917782],[-77.5519,37.918994],[-77.552938,37.920015],[-77.554814,37.920722],[-77.556717,37.9221],[-77.557339,37.92288],[-77.557331,37.92354],[-77.556745,37.924553],[-77.555192,37.925928],[-77.554676,37.926178],[-77.552336,37.926029],[-77.551582,37.926299],[-77.550887,37.926429],[-77.549438,37.926153],[-77.548746,37.926115],[-77.547926,37.926208],[-77.5471,37.926535],[-77.546685,37.926969],[-77.546174,37.928217],[-77.546643,37.928641],[-77.549482,37.929474],[-77.550884,37.930109],[-77.551999,37.93094],[-77.552539,37.931465],[-77.552782,37.932018],[-77.552963,37.933019],[-77.553304,37.933341],[-77.554504,37.93387],[-77.555259,37.934375],[-77.555735,37.934881],[-77.556122,37.935642],[-77.556267,37.935841],[-77.556987,37.936133],[-77.557581,37.936136],[-77.558687,37.93636],[-77.559466,37.936233],[-77.559525,37.936209],[-77.559768,37.936081],[-77.559937,37.936021],[-77.560014,37.936009],[-77.560087,37.936005],[-77.560317,37.936013],[-77.560349,37.935982],[-77.560665,37.935971],[-77.560907,37.935987],[-77.56105,37.935981],[-77.561365,37.936009],[-77.561496,37.936034],[-77.561693,37.93606],[-77.561776,37.936088],[-77.561936,37.936171],[-77.562004,37.93625],[-77.562118,37.936377],[-77.562495,37.936641],[-77.563035,37.937446],[-77.562907,37.940057],[-77.564533,37.941295],[-77.564656,37.941357],[-77.564909,37.941322],[-77.565109,37.941305],[-77.565342,37.941274],[-77.565423,37.9413],[-77.56552,37.941352],[-77.565751,37.941488],[-77.565802,37.941535],[-77.565958,37.941754],[-77.566021,37.941825],[-77.566234,37.942166],[-77.566321,37.942337],[-77.566343,37.942425],[-77.56642,37.942664],[-77.56643,37.942743],[-77.566478,37.942969],[-77.566474,37.943018],[-77.566448,37.943365],[-77.566395,37.943543],[-77.566346,37.943624],[-77.56629,37.943731],[-77.566254,37.943801],[-77.566159,37.943919],[-77.566064,37.944021],[-77.565908,37.944189],[-77.565757,37.944377],[-77.565564,37.944527],[-77.565545,37.944551],[-77.565323,37.944703],[-77.565096,37.944857],[-77.564883,37.94498],[-77.564699,37.94508],[-77.564668,37.94511],[-77.564573,37.945217],[-77.564532,37.945285],[-77.564503,37.945368],[-77.564474,37.945504],[-77.564435,37.945579],[-77.564382,37.945637],[-77.564305,37.945721],[-77.564198,37.946084],[-77.564173,37.946515],[-77.564241,37.946628],[-77.56464,37.946999],[-77.565553,37.94755],[-77.566144,37.948066],[-77.566381,37.94829],[-77.566716,37.948561],[-77.567208,37.949012],[-77.56766,37.94952],[-77.567847,37.949778],[-77.567964,37.95013],[-77.568063,37.950506],[-77.568346,37.951302],[-77.568502,37.951885],[-77.568612,37.952122],[-77.568652,37.952375],[-77.568822,37.952824],[-77.569015,37.953246],[-77.569335,37.953701],[-77.569554,37.954039],[-77.56971,37.954215],[-77.570109,37.954585],[-77.570252,37.954771],[-77.570473,37.954924],[-77.571446,37.955417],[-77.571862,37.955613],[-77.572529,37.955949],[-77.572952,37.956149],[-77.573333,37.956264],[-77.573883,37.956484],[-77.574202,37.956669],[-77.574743,37.956931],[-77.575122,37.957145],[-77.575578,37.957474],[-77.575959,37.957666],[-77.57627,37.957985],[-77.576387,37.958043],[-77.576728,37.958072],[-77.57708,37.957874],[-77.577259,37.957815],[-77.577741,37.957555],[-77.577991,37.957294],[-77.578224,37.957136],[-77.578606,37.956836],[-77.57895,37.956434],[-77.579217,37.956241],[-77.579639,37.95567],[-77.579751,37.955369],[-77.579779,37.954796],[-77.579649,37.954413],[-77.57965,37.954312],[-77.57941,37.953856],[-77.579211,37.953299],[-77.580158,37.951503],[-77.581241,37.950597],[-77.583863,37.950286],[-77.585108,37.949891],[-77.585882,37.949351],[-77.587012,37.94919],[-77.588473,37.949273],[-77.589106,37.949199],[-77.58989,37.949271],[-77.590553,37.94946],[-77.594,37.95059],[-77.595318,37.951434],[-77.595831,37.951878],[-77.597528,37.953079],[-77.599782,37.954523],[-77.601029,37.955038],[-77.603313,37.955433],[-77.60444,37.955405],[-77.605138,37.955285],[-77.606745,37.954721],[-77.608288,37.954454],[-77.608538,37.954341],[-77.608951,37.954039],[-77.609279,37.952769],[-77.609851,37.951993],[-77.610766,37.950387],[-77.611484,37.949794],[-77.612598,37.94956],[-77.613833,37.949437],[-77.615897,37.948975],[-77.616181,37.949018],[-77.617479,37.949751],[-77.618235,37.950074],[-77.618606,37.950581],[-77.618573,37.951275],[-77.618121,37.952632],[-77.617881,37.953062],[-77.617005,37.954421],[-77.616706,37.954757],[-77.615925,37.956264],[-77.615059,37.957515],[-77.614197,37.958341],[-77.613874,37.958973],[-77.614418,37.959586],[-77.615771,37.960157],[-77.617356,37.960678],[-77.618331,37.961236],[-77.618669,37.96177],[-77.61886,37.962527],[-77.618976,37.96363],[-77.618791,37.964392],[-77.619013,37.964923],[-77.619463,37.965402],[-77.620526,37.966286],[-77.62098,37.966574],[-77.621756,37.966823],[-77.622395,37.966907],[-77.623461,37.966823],[-77.624467,37.966539],[-77.625314,37.966049],[-77.626249,37.965376],[-77.626678,37.964893],[-77.627142,37.964618],[-77.628205,37.964356],[-77.63061,37.964484],[-77.631417,37.96465],[-77.632184,37.965006],[-77.63252,37.965151],[-77.632624,37.965253],[-77.632861,37.965753],[-77.632938,37.966226],[-77.63301,37.966493],[-77.63315,37.967163],[-77.633293,37.967631],[-77.633371,37.968126],[-77.633389,37.968355],[-77.63326,37.968744],[-77.633173,37.969087],[-77.633106,37.969478],[-77.632722,37.969968],[-77.632586,37.970083],[-77.632154,37.970284],[-77.632052,37.970404],[-77.631937,37.970359],[-77.631667,37.970376],[-77.631483,37.970445],[-77.631012,37.970858],[-77.630809,37.971084],[-77.630736,37.971246],[-77.630735,37.971407],[-77.632815,37.973008],[-77.634166,37.974497],[-77.634845,37.976042],[-77.63671,37.977835],[-77.638236,37.97792],[-77.639775,37.978021],[-77.640758,37.978244],[-77.6421,37.978307],[-77.642842,37.978727],[-77.643299,37.979245],[-77.643477,37.979822],[-77.643488,37.979894],[-77.643494,37.97996],[-77.643504,37.980144],[-77.643505,37.98017],[-77.64349,37.980263],[-77.643485,37.980353],[-77.643495,37.980435],[-77.643497,37.980557],[-77.643484,37.980658],[-77.643478,37.980751],[-77.643487,37.980833],[-77.643514,37.9809],[-77.643524,37.980959],[-77.643527,37.981021],[-77.643534,37.981171],[-77.643542,37.981342],[-77.643543,37.981372],[-77.643552,37.981471],[-77.643579,37.981554],[-77.643585,37.981623],[-77.643587,37.981694],[-77.643599,37.981763],[-77.643605,37.981833],[-77.643595,37.981906],[-77.643567,37.981999],[-77.643558,37.982091],[-77.643554,37.98219],[-77.643547,37.982279],[-77.643528,37.982403],[-77.643524,37.982479],[-77.643523,37.982557],[-77.64352,37.982636],[-77.64351,37.982711],[-77.643492,37.982796],[-77.643485,37.982871],[-77.643465,37.982954],[-77.643444,37.983039],[-77.643418,37.983165],[-77.643411,37.983262],[-77.643386,37.983351],[-77.643387,37.983423],[-77.64339,37.983511],[-77.643396,37.983637],[-77.643394,37.983736],[-77.643394,37.98382],[-77.643393,37.983896],[-77.643378,37.983975],[-77.643374,37.984054],[-77.643377,37.984145],[-77.643371,37.98424],[-77.64336,37.984335],[-77.643361,37.984426],[-77.643352,37.984499],[-77.643342,37.984581],[-77.643344,37.984676],[-77.643335,37.984763],[-77.643326,37.984863],[-77.643322,37.984953],[-77.643323,37.985034],[-77.643313,37.985122],[-77.643294,37.985219],[-77.643268,37.985319],[-77.643242,37.985421],[-77.64322,37.985526],[-77.643192,37.985625],[-77.643159,37.985786],[-77.643139,37.98588],[-77.643112,37.985961],[-77.64309,37.986046],[-77.643068,37.986137],[-77.643057,37.986216],[-77.643045,37.986291],[-77.643045,37.986408],[-77.643054,37.986499],[-77.643061,37.986582],[-77.643069,37.986687],[-77.643068,37.986772],[-77.643073,37.986869],[-77.643074,37.986952],[-77.643078,37.987071],[-77.643074,37.987145],[-77.643081,37.987222],[-77.643076,37.987315],[-77.643081,37.987403],[-77.643101,37.98749],[-77.643118,37.987567],[-77.643136,37.987645],[-77.643138,37.987741],[-77.643137,37.987862],[-77.643132,37.987947],[-77.643134,37.988031],[-77.643135,37.988127],[-77.643141,37.988257],[-77.643144,37.988349],[-77.643146,37.988429],[-77.643152,37.988503],[-77.643144,37.988599],[-77.643136,37.988659],[-77.643142,37.988727],[-77.643142,37.988793],[-77.643128,37.988864],[-77.643103,37.988961],[-77.643076,37.989043],[-77.643046,37.989133],[-77.643023,37.989232],[-77.643001,37.98933],[-77.642982,37.989415],[-77.642964,37.98949],[-77.642942,37.989583],[-77.642903,37.989701],[-77.642881,37.989793],[-77.642858,37.989888],[-77.642822,37.990002],[-77.64279,37.990088],[-77.642741,37.990201],[-77.642691,37.990308],[-77.642663,37.990362],[-77.642637,37.990411],[-77.642592,37.990503],[-77.64257,37.99056],[-77.642518,37.990688],[-77.642416,37.99098],[-77.642385,37.991088],[-77.642363,37.991114],[-77.642343,37.991225],[-77.642319,37.991308],[-77.642309,37.991484],[-77.64227,37.991759],[-77.642263,37.991871],[-77.642296,37.992063],[-77.642318,37.992139],[-77.642377,37.992233],[-77.642563,37.992408],[-77.642655,37.992479],[-77.642758,37.992547],[-77.642884,37.992621],[-77.643136,37.99274],[-77.643311,37.992813],[-77.643599,37.99291],[-77.643757,37.99295],[-77.643931,37.992985],[-77.644152,37.993052],[-77.644311,37.993095],[-77.64465,37.993181],[-77.645045,37.993319],[-77.645426,37.993436],[-77.647163,37.993948],[-77.647328,37.993973],[-77.647507,37.994015],[-77.647785,37.994073],[-77.647941,37.994094],[-77.64806,37.994097],[-77.648222,37.994088],[-77.648443,37.994106],[-77.648724,37.994112],[-77.649268,37.994098],[-77.649383,37.994089],[-77.649765,37.994048],[-77.649926,37.994037],[-77.650259,37.994],[-77.65042,37.993975],[-77.650745,37.993936],[-77.650903,37.993926],[-77.651071,37.993898],[-77.651228,37.993879],[-77.651613,37.993849],[-77.651771,37.993829],[-77.651887,37.993824],[-77.652236,37.99379],[-77.652473,37.993779],[-77.65262,37.993753],[-77.652772,37.993733],[-77.653128,37.993662],[-77.653495,37.993598],[-77.653672,37.993564],[-77.654006,37.993495],[-77.65434,37.993397],[-77.654507,37.993353],[-77.65468,37.993294],[-77.654995,37.993173],[-77.655302,37.993059],[-77.655609,37.992914],[-77.655971,37.992754],[-77.656104,37.992686],[-77.656242,37.992635],[-77.656386,37.992598],[-77.656549,37.992547],[-77.656849,37.99242],[-77.657111,37.992265],[-77.657233,37.992184],[-77.657494,37.992045],[-77.657685,37.991877],[-77.657975,37.991715],[-77.658093,37.991695],[-77.658243,37.991682],[-77.658376,37.991695],[-77.658508,37.991731],[-77.658655,37.991755],[-77.6588,37.991771],[-77.659129,37.991814],[-77.65926,37.991852],[-77.659447,37.991913],[-77.659565,37.991956],[-77.659751,37.992072],[-77.659864,37.992155],[-77.659968,37.99224],[-77.66006,37.99233],[-77.660236,37.992532],[-77.660317,37.992653],[-77.660402,37.992764],[-77.660468,37.99288],[-77.660521,37.992995],[-77.660521,37.993065],[-77.660566,37.993305],[-77.660584,37.993536],[-77.66062,37.993745],[-77.660602,37.993963],[-77.660578,37.994033],[-77.660543,37.9942],[-77.660513,37.9946],[-77.660527,37.994711],[-77.660529,37.994803],[-77.66056,37.995005],[-77.660631,37.995223],[-77.660657,37.995444],[-77.660728,37.995705],[-77.660749,37.995823],[-77.660764,37.996044],[-77.660781,37.996142],[-77.660783,37.996278],[-77.660759,37.996526],[-77.660721,37.996745],[-77.660694,37.99686],[-77.660659,37.997054],[-77.660674,37.997261],[-77.660697,37.997354],[-77.660738,37.997432],[-77.660807,37.997497],[-77.660892,37.997552],[-77.660975,37.997593],[-77.661107,37.99764],[-77.661145,37.997621],[-77.661332,37.997648],[-77.661513,37.997666],[-77.661615,37.997693],[-77.661816,37.997712],[-77.662009,37.997709],[-77.662241,37.997687],[-77.662436,37.997653],[-77.662572,37.997606],[-77.662659,37.997568],[-77.662802,37.997528],[-77.662894,37.997492],[-77.662997,37.997461],[-77.663411,37.997354],[-77.663681,37.997266],[-77.663945,37.997184],[-77.66416,37.997105],[-77.664411,37.996985],[-77.664552,37.996903],[-77.664652,37.996853],[-77.664802,37.996801],[-77.664974,37.996767],[-77.665087,37.996762],[-77.665264,37.996741],[-77.665389,37.996736],[-77.665712,37.996735],[-77.665913,37.99673],[-77.666246,37.99674],[-77.666416,37.996753],[-77.666573,37.996775],[-77.666748,37.996826],[-77.666897,37.996885],[-77.667051,37.996934],[-77.667211,37.997003],[-77.667309,37.997064],[-77.667446,37.99716],[-77.667531,37.997229],[-77.667657,37.997345],[-77.667724,37.997421],[-77.667846,37.99753],[-77.667988,37.997702],[-77.668063,37.997853],[-77.668089,37.997962],[-77.668094,37.998084],[-77.668105,37.998166],[-77.668106,37.998285],[-77.668124,37.998403],[-77.668126,37.998488],[-77.668083,37.998924],[-77.66804,37.999104],[-77.668027,37.999211],[-77.668034,37.999333],[-77.668029,37.999408],[-77.668027,37.999641],[-77.668015,37.99989],[-77.668021,38.000059],[-77.668058,38.000234],[-77.668132,38.000458],[-77.668217,38.000639],[-77.668289,38.000735],[-77.668438,38.00089],[-77.668585,38.001087],[-77.668674,38.0012],[-77.6688,38.001379],[-77.66889,38.001481],[-77.668979,38.0016],[-77.669066,38.001703],[-77.669256,38.001908],[-77.669364,38.002012],[-77.669466,38.002092],[-77.669555,38.00217],[-77.669782,38.002383],[-77.669851,38.002452],[-77.670101,38.00275],[-77.670166,38.002819],[-77.670238,38.002913],[-77.670328,38.003014],[-77.670451,38.003176],[-77.67064,38.003378],[-77.670848,38.003549],[-77.671079,38.003728],[-77.671189,38.003806],[-77.671334,38.00389],[-77.67149,38.003955],[-77.671674,38.004019],[-77.671779,38.004066],[-77.671942,38.00413],[-77.672211,38.004248],[-77.672493,38.00439],[-77.672661,38.00446],[-77.67291,38.004588],[-77.673231,38.004733],[-77.673618,38.004917],[-77.673887,38.005056],[-77.674107,38.005157],[-77.674241,38.005207],[-77.674482,38.00528],[-77.674609,38.005302],[-77.674821,38.005364],[-77.675079,38.005452],[-77.675341,38.005559],[-77.675484,38.005633],[-77.675576,38.005688],[-77.675845,38.0058],[-77.676126,38.005956],[-77.676624,38.006165],[-77.676758,38.006182],[-77.67692,38.006228],[-77.677003,38.006281],[-77.677056,38.006336],[-77.677085,38.006371],[-77.67714,38.006427],[-77.677185,38.006451],[-77.677303,38.006516],[-77.677489,38.00659],[-77.6776,38.006614],[-77.677917,38.00667],[-77.678094,38.006666],[-77.678373,38.006717],[-77.678895,38.006895],[-77.679432,38.007043],[-77.679736,38.007158],[-77.680052,38.007266],[-77.680754,38.007537],[-77.680922,38.007548],[-77.681144,38.007546],[-77.681297,38.007553],[-77.68168,38.007614],[-77.681901,38.007646],[-77.682271,38.007769],[-77.68295,38.007949],[-77.683318,38.008037],[-77.683622,38.00808],[-77.683968,38.008157],[-77.684122,38.008168],[-77.684288,38.008154],[-77.684438,38.008122],[-77.684626,38.008055],[-77.684869,38.007969],[-77.685101,38.007832],[-77.685221,38.007778],[-77.685424,38.007733],[-77.6857,38.007696],[-77.686017,38.007705],[-77.686174,38.007721],[-77.686573,38.007776],[-77.686916,38.00784],[-77.686959,38.007844],[-77.687185,38.007869],[-77.68721,38.007869],[-77.687275,38.007845],[-77.687469,38.007806],[-77.687417,38.007867],[-77.687294,38.008011],[-77.687458,38.008032],[-77.687665,38.008049],[-77.688641,38.008129],[-77.69206,38.007943],[-77.692355,38.007847],[-77.692616,38.007702],[-77.693228,38.007558],[-77.693893,38.00718],[-77.694159,38.007127],[-77.694546,38.007118],[-77.69457,38.007117],[-77.695549,38.0073],[-77.696025,38.007513],[-77.696979,38.008467],[-77.697342,38.008897],[-77.698204,38.009947],[-77.698852,38.011158],[-77.699321,38.011823],[-77.699362,38.011995],[-77.699666,38.012304],[-77.699998,38.012548],[-77.700242,38.012632],[-77.700403,38.012695],[-77.700859,38.012683],[-77.701339,38.012744],[-77.703301,38.012693],[-77.70388,38.012818],[-77.704227,38.012962],[-77.705298,38.013511],[-77.705606,38.013574],[-77.706684,38.013416],[-77.70815,38.013407],[-77.708604,38.013362],[-77.709064,38.013205],[-77.709868,38.012736],[-77.710292,38.012601],[-77.710519,38.012575],[-77.710576,38.012577],[-77.711021,38.012598],[-77.711525,38.012771],[-77.711698,38.012747],[-77.71189,38.012721],[-77.71188,38.012969],[-77.712026,38.013011],[-77.712078,38.013106],[-77.712468,38.013827],[-77.712573,38.014007],[-77.712864,38.014594],[-77.717012,38.016438],[-77.719312,38.016638],[-77.720012,38.018138],[-77.719212,38.019738],[-77.719312,38.020638],[-77.720412,38.021238],[-77.722212,38.023238],[-77.723412,38.023438],[-77.727112,38.022638],[-77.729712,38.021038],[-77.731513,38.021538],[-77.731012,38.024838],[-77.728312,38.026038],[-77.728312,38.027738],[-77.729812,38.028738],[-77.731013,38.031037],[-77.732313,38.031637],[-77.736313,38.032037],[-77.739513,38.033038],[-77.740713,38.031238],[-77.740713,38.029638],[-77.742313,38.027438],[-77.744513,38.025138],[-77.744913,38.023738],[-77.746913,38.023638],[-77.74767,38.024295],[-77.747613,38.026338],[-77.748513,38.028738],[-77.747713,38.033338],[-77.748813,38.035138],[-77.748813,38.036737],[-77.747913,38.037637],[-77.743413,38.039237],[-77.742713,38.037437],[-77.741313,38.037237],[-77.740913,38.038237],[-77.741613,38.039637],[-77.742913,38.040737],[-77.745713,38.040937],[-77.748213,38.042137],[-77.748413,38.043437],[-77.747513,38.045537],[-77.747813,38.047937],[-77.747213,38.049137],[-77.745213,38.050837],[-77.745513,38.051337],[-77.748613,38.052837],[-77.751413,38.051937],[-77.751613,38.051337],[-77.753613,38.050337],[-77.756113,38.048237],[-77.762514,38.050537],[-77.763314,38.051237],[-77.763314,38.052637],[-77.764024,38.053137],[-77.766114,38.053337],[-77.768514,38.051737],[-77.771414,38.053737],[-77.771714,38.054737],[-77.771014,38.056737],[-77.771914,38.057437],[-77.778514,38.058737],[-77.780214,38.060337],[-77.781714,38.062637],[-77.782614,38.063237],[-77.784514,38.063337],[-77.784914,38.065137],[-77.783114,38.066337],[-77.782514,38.067537],[-77.782914,38.069437],[-77.784173,38.070653],[-77.785114,38.073237],[-77.786614,38.076337],[-77.789314,38.075937],[-77.793715,38.078537],[-77.79819,38.078737],[-77.800115,38.078237],[-77.806515,38.078537],[-77.811121,38.079692],[-77.812616,38.081238],[-77.812417,38.084339],[-77.812893,38.085296],[-77.815317,38.08684],[-77.816917,38.08544],[-77.817617,38.08564],[-77.819717,38.08784],[-77.820297,38.089193],[-77.819716,38.092436],[-77.823416,38.093539],[-77.824316,38.095937],[-77.826517,38.097139],[-77.828917,38.097239],[-77.830316,38.097738],[-77.830917,38.099239],[-77.833217,38.100439],[-77.836217,38.101139],[-77.836317,38.104439],[-77.837216,38.104639],[-77.838217,38.106239],[-77.839717,38.106038],[-77.842117,38.105138],[-77.844917,38.104738],[-77.845517,38.104338],[-77.842917,38.101438],[-77.843317,38.100338],[-77.845417,38.098538],[-77.847017,38.098438],[-77.847816,38.099436],[-77.848416,38.101836],[-77.849717,38.102138],[-77.851516,38.103437],[-77.851218,38.104337],[-77.852617,38.104538],[-77.854517,38.103937],[-77.854817,38.102637],[-77.854417,38.100937],[-77.856117,38.099837],[-77.858117,38.100337],[-77.858817,38.101337],[-77.858217,38.103037],[-77.859816,38.105237],[-77.862316,38.105537],[-77.864516,38.106137],[-77.866616,38.106237],[-77.869117,38.105637],[-77.871717,38.106537],[-77.874217,38.106436],[-77.874717,38.107186],[-77.876317,38.107436],[-77.879017,38.108436],[-77.882317,38.108936],[-77.883117,38.110136],[-77.88545,38.110703],[-77.886529,38.112235],[-77.888416,38.113136],[-77.890416,38.112236],[-77.890516,38.111436],[-77.891916,38.111536],[-77.896516,38.110136],[-77.896916,38.111536],[-77.898316,38.111236],[-77.898416,38.109736],[-77.900217,38.109436],[-77.901817,38.108136],[-77.903017,38.108436],[-77.903517,38.109736],[-77.905017,38.110636],[-77.907117,38.111136],[-77.907717,38.111836],[-77.910318,38.112236],[-77.912518,38.111536],[-77.913018,38.112136],[-77.913118,38.114536],[-77.913718,38.115797],[-77.914118,38.117136],[-77.916918,38.118336],[-77.918218,38.117436],[-77.920318,38.116936],[-77.921918,38.115236],[-77.923718,38.114536],[-77.926059,38.115048],[-77.929741,38.113729],[-77.934717,38.114204],[-77.936654,38.116141],[-77.936905,38.116492],[-77.937204,38.11659],[-77.937303,38.116689],[-77.937601,38.116788],[-77.9379,38.116786],[-77.937999,38.116886],[-77.938497,38.117283],[-77.938895,38.11748],[-77.939492,38.117477],[-77.939591,38.117576],[-77.93979,38.117675],[-77.939889,38.117974],[-77.939889,38.118174],[-77.939988,38.118373],[-77.940187,38.118572],[-77.940486,38.11877],[-77.940585,38.118869],[-77.940983,38.118867],[-77.941363,38.118771],[-77.94168,38.118664],[-77.942277,38.118661],[-77.942576,38.118759],[-77.942775,38.118858],[-77.943073,38.118957],[-77.943471,38.118955],[-77.94367,38.119054],[-77.943769,38.119153],[-77.944167,38.119451],[-77.944366,38.11955],[-77.944765,38.119348],[-77.945163,38.119346],[-77.945461,38.119244],[-77.945859,38.119142],[-77.946243,38.119333],[-77.946755,38.119837],[-77.947054,38.120035],[-77.947552,38.119933],[-77.94795,38.119731],[-77.948249,38.11943],[-77.948249,38.118731],[-77.94815,38.118431],[-77.94825,38.118231],[-77.948449,38.11803],[-77.948748,38.117829],[-77.949146,38.117827],[-77.949544,38.117725],[-77.950141,38.117622],[-77.95034,38.117721],[-77.950638,38.117819],[-77.950738,38.117819],[-77.951036,38.118017],[-77.951733,38.118013],[-77.951832,38.118113],[-77.95223,38.118311],[-77.95223,38.11861],[-77.952628,38.118608],[-77.952728,38.118708],[-77.953325,38.118505],[-77.95336,38.118469],[-77.953639,38.118501],[-77.954877,38.118375],[-77.955858,38.118356],[-77.957081,38.118159],[-77.958063,38.117985],[-77.959042,38.117998],[-77.960166,38.11818],[-77.961501,38.118531],[-77.962158,38.118744],[-77.963039,38.119236],[-77.964095,38.119762],[-77.964854,38.120105],[-77.965433,38.120348],[-77.966453,38.121006],[-77.966823,38.121184],[-77.967272,38.121454],[-77.967432,38.121798],[-77.967612,38.121998],[-77.967976,38.122179],[-77.968578,38.122354],[-77.968827,38.122388],[-77.969088,38.122365],[-77.969273,38.122316],[-77.969519,38.122123],[-77.969712,38.122058],[-77.97032,38.121912],[-77.970706,38.121753],[-77.971036,38.121516],[-77.971248,38.121416],[-77.971786,38.12112],[-77.972191,38.120943],[-77.972403,38.120873],[-77.972755,38.12063],[-77.972854,38.120493],[-77.972998,38.120426],[-77.973285,38.120412],[-77.973401,38.120496],[-77.974202,38.120744],[-77.974777,38.121043],[-77.975422,38.121258],[-77.975748,38.121314],[-77.975887,38.121253],[-77.976026,38.121076],[-77.976166,38.120786],[-77.976253,38.120763],[-77.976706,38.120835],[-77.976962,38.120694],[-77.977023,38.120567],[-77.976976,38.120241],[-77.977075,38.119948],[-77.977391,38.119867],[-77.977728,38.119978],[-77.978092,38.120277],[-77.978354,38.120333],[-77.97861,38.120261],[-77.978849,38.12023],[-77.979098,38.120287],[-77.979454,38.120424],[-77.979589,38.120369],[-77.979531,38.120147],[-77.979569,38.119812],[-77.979857,38.119574],[-77.979936,38.119533],[-77.980315,38.119501],[-77.980915,38.119662],[-77.98124,38.119806],[-77.981454,38.119988],[-77.981622,38.120078],[-77.982062,38.120241],[-77.982269,38.120289],[-77.982409,38.120344],[-77.982559,38.120387],[-77.982817,38.120485],[-77.982979,38.120571],[-77.983155,38.12062],[-77.983334,38.12064],[-77.983524,38.120667],[-77.983825,38.12077],[-77.984012,38.120856],[-77.984194,38.120961],[-77.984442,38.121111],[-77.984551,38.121188],[-77.984686,38.121267],[-77.984775,38.121366],[-77.984831,38.121471],[-77.984673,38.122163],[-77.986486,38.122911],[-77.987346,38.124725],[-77.989111,38.124469],[-77.990682,38.125162],[-77.989996,38.126052],[-77.989908,38.127882],[-77.990897,38.128837],[-77.992098,38.128914],[-77.992631,38.129932],[-77.993597,38.130035],[-77.996316,38.132127],[-78.002119,38.137885],[-78.00216,38.138571],[-78.0036,38.138252],[-78.005395,38.139277],[-78.006713,38.13906],[-78.007335,38.138786],[-78.010407,38.140204],[-78.011962,38.139956],[-78.012527,38.139135],[-78.017358,38.140321],[-78.017354,38.141468],[-78.018796,38.141908],[-78.020531,38.141046],[-78.021929,38.14204],[-78.022891,38.140593],[-78.022803,38.139814],[-78.024735,38.136473],[-78.02585,38.137632],[-78.028984,38.138829],[-78.030164,38.139666],[-78.031805,38.13728],[-78.033741,38.136086],[-78.034363,38.136315],[-78.035908,38.135464],[-78.039137,38.134808],[-78.039691,38.135152],[-78.039178,38.136709],[-78.042127,38.136672],[-78.042492,38.135922],[-78.0444,38.135723],[-78.047876,38.135883],[-78.048131,38.13662],[-78.049423,38.136418],[-78.051961,38.138049],[-78.052839,38.137992],[-78.055141,38.139306],[-78.056012,38.138795],[-78.057183,38.140044],[-78.058475,38.140649],[-78.061275,38.140804],[-78.064473,38.140198],[-78.064593,38.141066],[-78.067453,38.142419],[-78.069127,38.142439],[-78.070052,38.143193],[-78.070823,38.142703],[-78.074164,38.141178],[-78.076498,38.141577],[-78.078186,38.143909],[-78.079931,38.144261],[-78.081117,38.145518],[-78.0805,38.146623],[-78.081782,38.147175],[-78.085826,38.146634],[-78.087597,38.147352],[-78.087954,38.149099],[-78.090428,38.150509],[-78.093027,38.151595],[-78.095037,38.150791],[-78.095621,38.151116],[-78.098086,38.150905],[-78.101748,38.152567],[-78.103032,38.151979],[-78.105316,38.151309],[-78.108437,38.148974],[-78.10942,38.148711],[-78.11224,38.147654],[-78.111679,38.144868],[-78.112204,38.144373],[-78.113254,38.143416],[-78.114773,38.141298],[-78.116339,38.141277],[-78.116561,38.140046],[-78.117891,38.14021],[-78.121294,38.139677],[-78.122511,38.140255],[-78.123516,38.139421],[-78.127787,38.138707],[-78.13109,38.139112],[-78.132,38.138715],[-78.133967,38.138773],[-78.136252,38.140372],[-78.137036,38.141364],[-78.13847,38.141813],[-78.140472,38.141576],[-78.140987,38.141045],[-78.142911,38.141625],[-78.144145,38.142946],[-78.146597,38.14127],[-78.147593,38.138647],[-78.148793,38.138889],[-78.150192,38.138356],[-78.154408,38.136975],[-78.160332,38.137194],[-78.16128,38.13766],[-78.163174,38.136506],[-78.165205,38.135838],[-78.168232,38.133458],[-78.169607,38.13069],[-78.171423,38.129688],[-78.17526,38.13043],[-78.178317,38.129892],[-78.180783,38.130174],[-78.183768,38.128858],[-78.185137,38.12837],[-78.186101,38.12804],[-78.187257,38.127684],[-78.188899,38.127939],[-78.19881,38.129482],[-78.19947,38.129585],[-78.201388,38.129883],[-78.208082,38.130924],[-78.208217,38.130945],[-78.209384,38.131128],[-78.211796,38.13199],[-78.221767,38.13555],[-78.232831,38.139526],[-78.239629,38.141944],[-78.240784,38.142352],[-78.251898,38.146121],[-78.256818,38.147905],[-78.261957,38.149768],[-78.26979,38.152597],[-78.272871,38.153642],[-78.281118,38.156446],[-78.289001,38.159156],[-78.292945,38.160541],[-78.299464,38.162843],[-78.299653,38.162909],[-78.311355,38.166617],[-78.329993,38.172973],[-78.332451,38.173829],[-78.334384,38.174433],[-78.33796,38.17558],[-78.344725,38.177908],[-78.352149,38.179858],[-78.368984,38.184146],[-78.36902,38.184158],[-78.377436,38.186914],[-78.388811,38.190254],[-78.392446,38.191168],[-78.396281,38.192018],[-78.396421,38.192039],[-78.396706,38.192075],[-78.398052,38.192504],[-78.403077,38.194452],[-78.411009,38.197305],[-78.419161,38.200005],[-78.430471,38.203412],[-78.43838,38.205809],[-78.438379,38.205844],[-78.44242,38.207296],[-78.451119,38.209794],[-78.462017,38.213004],[-78.465449,38.214047],[-78.474119,38.216661],[-78.48394,38.219669],[-78.488745,38.22113],[-78.499909,38.224504],[-78.517778,38.229787],[-78.518031,38.229874],[-78.522374,38.231082],[-78.534755,38.234986],[-78.542088,38.237367],[-78.544122,38.237994],[-78.550959,38.240099],[-78.554501,38.24119],[-78.556103,38.241702],[-78.574797,38.247784],[-78.585394,38.251002],[-78.586098,38.251216],[-78.593696,38.253523],[-78.596734,38.254623],[-78.606539,38.258172],[-78.605508,38.251185],[-78.603698,38.249313],[-78.596094,38.244403],[-78.595887,38.242337],[-78.596299,38.237428],[-78.598032,38.23624],[-78.599328,38.23626],[-78.603051,38.239011],[-78.605348,38.238439],[-78.613685,38.239667],[-78.616108,38.240204],[-78.617868,38.240526],[-78.619719,38.241376],[-78.619888,38.241498],[-78.620792,38.240928],[-78.622756,38.241666],[-78.624291,38.240927],[-78.627741,38.241269],[-78.630627,38.240283],[-78.633581,38.238448],[-78.639484,38.240157],[-78.641628,38.240148],[-78.642271,38.241791],[-78.64185,38.242789],[-78.645962,38.242914],[-78.649268,38.244242],[-78.650074,38.242115],[-78.651873,38.242],[-78.654371,38.244957],[-78.657382,38.240545],[-78.659941,38.239639],[-78.662967,38.239696],[-78.661433,38.236589],[-78.661565,38.234018],[-78.668486,38.232719],[-78.66938,38.232869],[-78.677419,38.231818],[-78.68042,38.233279],[-78.683267,38.230901],[-78.684337,38.228028],[-78.686255,38.224652],[-78.686349,38.222571],[-78.687589,38.223853],[-78.688835,38.224243],[-78.690158,38.226637],[-78.693771,38.230371],[-78.699577,38.230309],[-78.701303,38.229553],[-78.703998,38.229755],[-78.708202,38.228778],[-78.711154,38.22982],[-78.713273,38.229136],[-78.71432,38.229402],[-78.717672,38.229234],[-78.720863,38.229355],[-78.722759,38.228154],[-78.722921,38.23024],[-78.72183,38.231418],[-78.72483,38.231052],[-78.726443,38.229972],[-78.726905,38.228839],[-78.72791,38.228454],[-78.72986,38.227004],[-78.730498,38.225835],[-78.73414,38.222714],[-78.736386,38.220098],[-78.73764,38.219294],[-78.738658,38.219483],[-78.740543,38.218945],[-78.742136,38.21772],[-78.745174,38.214431],[-78.747585,38.209656],[-78.749339,38.206729],[-78.749396,38.206648],[-78.751859,38.202583],[-78.75229,38.201284],[-78.750933,38.198948],[-78.75279,38.197072],[-78.752308,38.194987],[-78.753185,38.193622],[-78.754943,38.192709],[-78.756494,38.190433],[-78.756625,38.189136],[-78.756822,38.187197],[-78.758995,38.18554],[-78.760223,38.183778],[-78.76188,38.182554],[-78.761957,38.180268],[-78.763426,38.178091],[-78.765079,38.177312],[-78.76603,38.175957],[-78.766994,38.175664],[-78.768331,38.173485],[-78.768637,38.171582],[-78.76817,38.17106],[-78.769785,38.168017],[-78.771769,38.166101],[-78.770577,38.163075],[-78.77039,38.161022],[-78.771333,38.158784],[-78.771943,38.155843],[-78.771478,38.155163],[-78.772112,38.153362],[-78.773503,38.151598],[-78.774141,38.149611],[-78.77411,38.145517],[-78.775432,38.141008],[-78.779075,38.139889],[-78.77946,38.137125],[-78.779232,38.134344],[-78.779496,38.132092],[-78.782192,38.129917],[-78.784904,38.129184],[-78.78594,38.129031],[-78.787805,38.127171],[-78.788073,38.126404],[-78.787288,38.125134],[-78.787187,38.121921],[-78.786792,38.121122],[-78.785356,38.120743],[-78.785311,38.119242],[-78.786896,38.118559],[-78.787544,38.117288],[-78.785853,38.116112],[-78.78579,38.114494],[-78.784367,38.114378],[-78.782742,38.113284],[-78.780654,38.112784],[-78.779988,38.109563],[-78.780972,38.107639],[-78.779211,38.106875],[-78.779766,38.104812],[-78.780155,38.104242],[-78.780863,38.103546],[-78.781657,38.102922],[-78.78256,38.102673],[-78.78295,38.101528],[-78.783672,38.101033],[-78.783819,38.100812],[-78.783749,38.099851],[-78.783201,38.09938],[-78.782744,38.099231],[-78.781409,38.099218],[-78.780703,38.098949],[-78.780703,38.098598],[-78.781152,38.097835],[-78.781209,38.097648],[-78.781181,38.097286],[-78.781173,38.097185],[-78.78094,38.096924],[-78.779569,38.095579],[-78.778527,38.094982],[-78.777887,38.094478],[-78.777203,38.093217],[-78.777309,38.092062],[-78.777688,38.091206],[-78.779069,38.089961],[-78.779228,38.089516],[-78.779247,38.088921],[-78.77891,38.084369],[-78.7792,38.08347],[-78.780813,38.08203],[-78.781078,38.080757],[-78.78224,38.080736],[-78.78603,38.08167],[-78.78807,38.080941],[-78.78884,38.079695],[-78.791606,38.078184],[-78.793647,38.077808],[-78.794019,38.076898],[-78.792841,38.076009],[-78.793029,38.07398],[-78.793156,38.072874],[-78.793148,38.072797],[-78.793104,38.072587],[-78.792228,38.071198],[-78.792788,38.069504],[-78.794761,38.068719],[-78.796309,38.067469],[-78.798851,38.066555],[-78.79937,38.066477],[-78.799482,38.066459],[-78.800371,38.066325],[-78.801041,38.066163],[-78.801617,38.066024],[-78.801844,38.065861],[-78.80232,38.06552],[-78.803218,38.065157],[-78.803562,38.065088],[-78.803998,38.065001],[-78.805067,38.064649],[-78.806482,38.063204],[-78.808016,38.063096],[-78.808242,38.062193],[-78.810497,38.061478],[-78.811857,38.061726],[-78.814401,38.060644],[-78.815923,38.060352],[-78.816228,38.060283],[-78.81735,38.05964],[-78.818112,38.059769],[-78.81862,38.059855],[-78.821691,38.059231],[-78.822221,38.057962],[-78.825203,38.05604],[-78.826512,38.054427],[-78.829927,38.054025],[-78.837013,38.048258],[-78.838874,38.04737],[-78.84038,38.046618],[-78.84216,38.044359],[-78.845193,38.042081],[-78.847065,38.04109],[-78.849141,38.038727],[-78.85033,38.037788],[-78.854106,38.036661],[-78.856246,38.034572],[-78.857456,38.03263],[-78.857495,38.032446],[-78.857692,38.031586],[-78.857783,38.03122],[-78.857834,38.030674],[-78.857882,38.030203],[-78.859147,38.028983],[-78.859832,38.028471],[-78.861884,38.028731],[-78.862531,38.02811],[-78.862577,38.028049],[-78.862606,38.02801],[-78.862647,38.027955],[-78.863009,38.027851],[-78.863187,38.0278],[-78.863529,38.027825],[-78.863559,38.027827],[-78.863706,38.027943],[-78.863756,38.027982],[-78.863806,38.028022],[-78.865396,38.028607],[-78.869625,38.02796],[-78.872186,38.029086],[-78.873692,38.028624],[-78.874772,38.027479],[-78.877527,38.024124],[-78.878036,38.021632],[-78.879702,38.019814],[-78.881951,38.018176],[-78.882363,38.014714],[-78.882366,38.014502],[-78.882335,38.01392],[-78.88225,38.012979],[-78.881756,38.009239],[-78.882117,38.008],[-78.884127,38.005541],[-78.885462,38.003447],[-78.88627,38.001473],[-78.88808,37.999644],[-78.887794,37.997507],[-78.887931,37.996621],[-78.889757,37.995045],[-78.891506,37.994526],[-78.893478,37.994621],[-78.895984,37.995355],[-78.896198,37.995387],[-78.896574,37.995345],[-78.897052,37.995222],[-78.89759,37.99501],[-78.897833,37.994888],[-78.898278,37.994572],[-78.898613,37.994259],[-78.898871,37.994101],[-78.899074,37.993951],[-78.89933,37.993682],[-78.899523,37.993502],[-78.89966,37.993297],[-78.899746,37.993173],[-78.899825,37.993024],[-78.899966,37.992895],[-78.900087,37.992741],[-78.900279,37.992563],[-78.900421,37.992393],[-78.900451,37.992273],[-78.90152,37.990774],[-78.904175,37.989239],[-78.904382,37.988999],[-78.904744,37.988818],[-78.906945,37.987538],[-78.906016,37.98448],[-78.907253,37.98129],[-78.90795,37.978818],[-78.907978,37.976783],[-78.907566,37.976066],[-78.905245,37.975654],[-78.903542,37.974788],[-78.900768,37.975602],[-78.893611,37.977148],[-78.89261,37.974964],[-78.892776,37.973825],[-78.894209,37.972068],[-78.894688,37.970548],[-78.896105,37.969526],[-78.896603,37.968426],[-78.899045,37.965038],[-78.900006,37.964272],[-78.899435,37.962393],[-78.900601,37.961607],[-78.900548,37.960048],[-78.902336,37.958233],[-78.901359,37.956452],[-78.901123,37.954636],[-78.901923,37.95325],[-78.902282,37.951402],[-78.900984,37.950398],[-78.900428,37.949245],[-78.899053,37.948862],[-78.901509,37.948184],[-78.903768,37.946973],[-78.905404,37.946983],[-78.907278,37.945959],[-78.910902,37.94526],[-78.912462,37.945876],[-78.915502,37.945289],[-78.916731,37.945894],[-78.919831,37.946268],[-78.921159,37.944571],[-78.92108,37.943203],[-78.922969,37.941548],[-78.925694,37.940303],[-78.929348,37.93986],[-78.932338,37.940132],[-78.933475,37.939886],[-78.937278,37.939973],[-78.94157,37.940574],[-78.942279,37.939824],[-78.942357,37.939561],[-78.942383,37.939474],[-78.942512,37.939052],[-78.942525,37.939],[-78.942544,37.938963],[-78.942687,37.938794],[-78.942875,37.938527],[-78.9433,37.938285],[-78.943362,37.93825],[-78.943669,37.938135],[-78.944049,37.937992],[-78.944318,37.937885],[-78.944656,37.937738],[-78.944724,37.9377],[-78.944793,37.937686],[-78.944822,37.937678],[-78.944868,37.937658],[-78.944944,37.937629],[-78.945099,37.937571],[-78.945466,37.937434],[-78.947107,37.935475],[-78.94901,37.934169],[-78.949405,37.933759],[-78.951437,37.932194],[-78.951957,37.931676],[-78.952447,37.930813],[-78.952544,37.930551],[-78.952654,37.930275],[-78.952741,37.929923],[-78.952773,37.929795],[-78.952796,37.929761],[-78.952874,37.929647],[-78.952942,37.929507],[-78.952957,37.929481],[-78.952976,37.929448],[-78.952992,37.929421],[-78.953131,37.929187],[-78.953212,37.929072],[-78.953375,37.928841],[-78.95339,37.928827],[-78.953412,37.928806],[-78.953521,37.928702],[-78.954652,37.92773],[-78.956001,37.926603],[-78.956982,37.925704],[-78.956942,37.924506],[-78.958273,37.922219],[-78.958986,37.920785],[-78.95879,37.919799],[-78.957552,37.918422],[-78.955927,37.916477],[-78.958918,37.91607],[-78.961868,37.915255],[-78.963482,37.914796],[-78.965528,37.913444],[-78.969046,37.913038],[-78.970807,37.912383],[-78.972784,37.91055],[-78.977207,37.908496],[-78.981119,37.90596],[-78.983333,37.903293],[-78.985157,37.901996],[-78.987246,37.898338],[-78.987469,37.895869],[-78.990046,37.894438],[-78.991618,37.892866],[-78.992864,37.891049],[-78.996078,37.888872],[-78.998447,37.888238],[-79.000789,37.885126],[-79.002997,37.884149],[-79.005129,37.88169],[-79.008082,37.882527],[-79.010099,37.88369],[-79.012833,37.88505],[-79.016472,37.888051],[-79.016334,37.889887],[-79.017624,37.892289],[-79.017225,37.89345],[-79.019519,37.893377],[-79.021636,37.892465],[-79.021943,37.892197],[-79.02555,37.892029],[-79.027136,37.89233],[-79.02748,37.892395],[-79.028283,37.892373],[-79.02996,37.892135],[-79.03062,37.892128],[-79.031412,37.892308],[-79.032169,37.892166],[-79.033404,37.892054],[-79.036537,37.892461],[-79.037824,37.891879],[-79.042986,37.891472],[-79.044552,37.890888],[-79.044436,37.892346],[-79.044919,37.895853],[-79.045688,37.897754],[-79.050182,37.899972],[-79.049511,37.903161],[-79.050342,37.907037],[-79.051364,37.908077],[-79.052233,37.910119],[-79.052255,37.912794],[-79.053138,37.912981],[-79.056808,37.912626],[-79.058378,37.914143],[-79.060002,37.915154],[-79.062283,37.91752],[-79.063807,37.917144],[-79.066915,37.9145],[-79.068848,37.913489],[-79.073572,37.913909],[-79.075039,37.914088],[-79.076006,37.914866],[-79.076401,37.915127],[-79.076887,37.915073],[-79.077263,37.914889],[-79.078307,37.913872],[-79.081724,37.913033],[-79.083525,37.912051],[-79.086578,37.91163],[-79.087708,37.911908],[-79.091223,37.910931],[-79.096279,37.908942],[-79.099121,37.907322],[-79.099745,37.906336],[-79.099674,37.904903],[-79.101301,37.903739],[-79.103065,37.903391],[-79.104306,37.902639],[-79.105948,37.902426],[-79.107226,37.903477],[-79.107916,37.903701],[-79.114026,37.902294],[-79.116086,37.90206],[-79.11875,37.900578],[-79.122698,37.895798],[-79.127315,37.895766],[-79.128405,37.89552],[-79.129352,37.895587],[-79.129576,37.895472],[-79.129917,37.895098],[-79.130494,37.894459],[-79.134002,37.892841],[-79.135754,37.892525],[-79.137467,37.891391],[-79.139495,37.891317],[-79.14224,37.890799],[-79.145936,37.888882],[-79.147494,37.889244],[-79.147473,37.890201],[-79.148877,37.89024],[-79.150635,37.892622],[-79.154742,37.891497],[-79.15739,37.891003],[-79.151721,37.886026],[-79.151618,37.885878],[-79.151338,37.884573],[-79.152569,37.881083],[-79.15144,37.880369],[-79.151825,37.878793],[-79.150791,37.876983],[-79.150776,37.876863],[-79.150765,37.876794],[-79.150688,37.876725],[-79.15059,37.876655],[-79.150527,37.876625],[-79.150458,37.876607],[-79.150382,37.876589],[-79.150253,37.876559],[-79.150139,37.876535],[-79.150048,37.87652],[-79.149896,37.876502],[-79.149705,37.876478],[-79.149515,37.87645],[-79.149382,37.876424],[-79.149247,37.876392],[-79.149073,37.876349],[-79.148941,37.876315],[-79.148837,37.87628],[-79.148768,37.876246],[-79.148701,37.876203],[-79.148607,37.876151],[-79.14851,37.876104],[-79.148423,37.876075],[-79.148372,37.876065],[-79.148334,37.876057],[-79.148212,37.87604],[-79.148111,37.876031],[-79.147983,37.876052],[-79.14789,37.876082],[-79.147786,37.876097],[-79.147692,37.876092],[-79.147612,37.876066],[-79.147543,37.87602],[-79.147428,37.875962],[-79.147344,37.875911],[-79.147271,37.875854],[-79.14718,37.875781],[-79.147062,37.87568],[-79.146964,37.875592],[-79.146894,37.87553],[-79.146788,37.875445],[-79.14665,37.875344],[-79.146483,37.875224],[-79.146554,37.875122],[-79.146581,37.875059],[-79.146602,37.87502],[-79.146601,37.874922],[-79.146556,37.874855],[-79.146486,37.874795],[-79.146413,37.874736],[-79.146371,37.874689],[-79.146339,37.874637],[-79.146314,37.874577],[-79.146303,37.874485],[-79.146323,37.874401],[-79.146346,37.874335],[-79.146552,37.873287],[-79.147119,37.872879],[-79.148011,37.872437],[-79.148172,37.872237],[-79.146949,37.871105],[-79.146719,37.870751],[-79.146661,37.87064],[-79.146623,37.870565],[-79.14658,37.870484],[-79.146548,37.870393],[-79.146537,37.870271],[-79.146564,37.870158],[-79.146601,37.870031],[-79.146651,37.869863],[-79.146716,37.86972],[-79.146805,37.86959],[-79.146904,37.869482],[-79.146949,37.869448],[-79.147031,37.869386],[-79.147183,37.869308],[-79.147305,37.869282],[-79.147317,37.869279],[-79.147333,37.869278],[-79.147488,37.869286],[-79.147668,37.869289],[-79.147773,37.869278],[-79.148204,37.86916],[-79.150757,37.867162],[-79.151467,37.866338],[-79.151455,37.865774],[-79.150556,37.865509],[-79.150005,37.865094],[-79.149481,37.864182],[-79.149108,37.863172],[-79.149097,37.863121],[-79.149058,37.862953],[-79.149015,37.862816],[-79.148962,37.862715],[-79.148909,37.862636],[-79.148843,37.862536],[-79.14878,37.862435],[-79.148741,37.862365],[-79.148699,37.862298],[-79.148632,37.862222],[-79.148517,37.862132],[-79.148389,37.86208],[-79.148256,37.862046],[-79.148175,37.862022],[-79.148076,37.861986],[-79.147979,37.861956],[-79.147899,37.861938],[-79.147816,37.861925],[-79.147736,37.861912],[-79.144621,37.860262],[-79.144002,37.859512],[-79.144454,37.858368],[-79.145131,37.857484],[-79.14439,37.85669],[-79.144473,37.855912],[-79.145521,37.854522],[-79.146353,37.854246],[-79.146457,37.85424],[-79.146582,37.854221],[-79.146785,37.854132],[-79.146926,37.853998],[-79.147043,37.853856],[-79.14718,37.853731],[-79.147342,37.853616],[-79.147497,37.853507],[-79.147638,37.853392],[-79.147782,37.853269],[-79.147962,37.853134],[-79.147972,37.853126],[-79.148133,37.853023],[-79.148264,37.852941],[-79.148378,37.852848],[-79.148457,37.852753],[-79.148518,37.852649],[-79.148569,37.852545],[-79.148638,37.852415],[-79.150306,37.850306],[-79.152748,37.849135],[-79.153499,37.846795],[-79.153134,37.845749],[-79.154596,37.84385],[-79.156192,37.843073],[-79.157032,37.841316],[-79.157312,37.839651],[-79.158715,37.838915],[-79.159026,37.838018],[-79.158067,37.837077],[-79.157372,37.835809],[-79.155219,37.83473],[-79.154674,37.832652],[-79.156913,37.83128],[-79.157494,37.83041],[-79.157112,37.829038],[-79.158526,37.827281],[-79.160114,37.826742],[-79.159498,37.82624],[-79.157748,37.825054],[-79.158583,37.824706],[-79.160224,37.822311],[-79.158604,37.821241],[-79.15812,37.819643],[-79.159398,37.81901],[-79.161677,37.816711],[-79.164242,37.816327],[-79.165175,37.814129],[-79.164818,37.812982],[-79.166597,37.811395],[-79.166846,37.809037],[-79.167842,37.807753],[-79.171034,37.805535],[-79.172131,37.803097],[-79.170791,37.801123],[-79.170998,37.800315],[-79.173801,37.798918],[-79.176756,37.797974],[-79.179232,37.796921],[-79.180819,37.795224],[-79.185763,37.795036],[-79.187915,37.794189],[-79.189749,37.794228],[-79.192217,37.793104],[-79.193618,37.791873],[-79.195739,37.790719],[-79.196299,37.789188],[-79.198194,37.788171],[-79.199573,37.788119],[-79.200359,37.788907],[-79.202124,37.789342],[-79.204388,37.788598],[-79.206,37.789682],[-79.207372,37.789124],[-79.209372,37.789156],[-79.210541,37.790832],[-79.211925,37.791914],[-79.212615,37.79392],[-79.214007,37.794669],[-79.215712,37.79489],[-79.217592,37.796042],[-79.218087,37.798477],[-79.217594,37.800002],[-79.216289,37.801263],[-79.217732,37.801844],[-79.220753,37.802645],[-79.22142,37.803289],[-79.221465,37.805051],[-79.223216,37.807235],[-79.224482,37.807803],[-79.226338,37.807874],[-79.226495,37.808369],[-79.228886,37.809395],[-79.229227,37.810297],[-79.228631,37.811398],[-79.228346,37.81225],[-79.231557,37.813175],[-79.234017,37.812329],[-79.234838,37.811462],[-79.236285,37.810655],[-79.238769,37.808377],[-79.242302,37.807584],[-79.243694,37.80618],[-79.245691,37.80548],[-79.247305,37.803839],[-79.249554,37.801211],[-79.251858,37.798871],[-79.252596,37.797194],[-79.254363,37.796317],[-79.255849,37.793426],[-79.258721,37.793385],[-79.259998,37.792695],[-79.260922,37.791325],[-79.262055,37.792337],[-79.264674,37.794694],[-79.268874,37.790196],[-79.270448,37.787403],[-79.271582,37.786015],[-79.272039,37.785412],[-79.273715,37.780816],[-79.27736,37.776253],[-79.278522,37.774183],[-79.279438,37.772711],[-79.282388,37.769485],[-79.287403,37.76485],[-79.289469,37.763777],[-79.289763,37.762057],[-79.291141,37.760208],[-79.291856,37.758365],[-79.293956,37.755321],[-79.294099,37.755044],[-79.294133,37.754932],[-79.294156,37.754827],[-79.294179,37.754735],[-79.294213,37.754639],[-79.29425,37.754535],[-79.29429,37.754428],[-79.294334,37.754332],[-79.294405,37.754215],[-79.294453,37.754145],[-79.294501,37.754094],[-79.294549,37.754049],[-79.294662,37.753942],[-79.294789,37.753825],[-79.294933,37.7537],[-79.295063,37.753595],[-79.295183,37.753502],[-79.29525,37.753443],[-79.295404,37.753291],[-79.295581,37.753117],[-79.297224,37.751619],[-79.298268,37.750223],[-79.299655,37.746304],[-79.301437,37.742232],[-79.30258,37.741474],[-79.303011,37.740923],[-79.303585,37.739827],[-79.303948,37.738641],[-79.305376,37.73642],[-79.307318,37.735017],[-79.308442,37.73433],[-79.306887,37.733465],[-79.305615,37.731046],[-79.304945,37.729056],[-79.307514,37.727124],[-79.309466,37.726658],[-79.309998,37.725377],[-79.311808,37.723921],[-79.311961,37.722561],[-79.311942,37.722524],[-79.311899,37.722425],[-79.311863,37.722334],[-79.311842,37.722246],[-79.311834,37.722156],[-79.311833,37.722072],[-79.311839,37.72199],[-79.311855,37.721871],[-79.311889,37.721807],[-79.311964,37.721703],[-79.312044,37.721637],[-79.312129,37.721593],[-79.31216,37.721582],[-79.312228,37.721559],[-79.312311,37.721537],[-79.312428,37.721509],[-79.312497,37.721491],[-79.312577,37.721466],[-79.31262,37.721452],[-79.312652,37.721441],[-79.312732,37.721418],[-79.312804,37.721403],[-79.31288,37.721393],[-79.312997,37.721373],[-79.313052,37.721332],[-79.313097,37.721279],[-79.313131,37.721206],[-79.313137,37.721134],[-79.313122,37.721059],[-79.313111,37.721027],[-79.31303,37.7209],[-79.31293,37.720744],[-79.311783,37.718716],[-79.312242,37.71767],[-79.313451,37.717385],[-79.3157,37.717145],[-79.31743,37.714764],[-79.318102,37.712956],[-79.316662,37.710851],[-79.316707,37.708296],[-79.315338,37.706451],[-79.31646,37.70501],[-79.316656,37.70336],[-79.317339,37.702598],[-79.319898,37.700123],[-79.320082,37.696773],[-79.322317,37.692874],[-79.323812,37.691685],[-79.324015,37.691626],[-79.324135,37.6916],[-79.324249,37.691577],[-79.324359,37.691552],[-79.324524,37.691466],[-79.324665,37.691336],[-79.324759,37.691202],[-79.325324,37.690636],[-79.327967,37.689645],[-79.329327,37.688475],[-79.32971,37.688048],[-79.332465,37.686404],[-79.332646,37.685578],[-79.334821,37.684073],[-79.336851,37.682069],[-79.336994,37.681061],[-79.336518,37.680091],[-79.337201,37.679098],[-79.338261,37.679271],[-79.340576,37.678634],[-79.341213,37.676919],[-79.342155,37.67583],[-79.342274,37.674188],[-79.341549,37.672402],[-79.341766,37.671709],[-79.343496,37.670378],[-79.343165,37.669222],[-79.343684,37.668021],[-79.345093,37.666449],[-79.3456,37.664203],[-79.344893,37.661571],[-79.345235,37.660625],[-79.34712,37.659939],[-79.349444,37.658537],[-79.352862,37.657374],[-79.355036,37.657034],[-79.358521,37.655792],[-79.358185,37.654216],[-79.359043,37.65277],[-79.360563,37.651538],[-79.360868,37.650101],[-79.364582,37.647195],[-79.365573,37.645697],[-79.370192,37.644615],[-79.375212,37.644747],[-79.378821,37.643544],[-79.380353,37.642759],[-79.381586,37.641347],[-79.383813,37.639529],[-79.387194,37.636002],[-79.391792,37.633434],[-79.392702,37.631593],[-79.395395,37.629537],[-79.399116,37.628172],[-79.40158,37.626049],[-79.404301,37.625735],[-79.406541,37.626833],[-79.40986,37.626303],[-79.413641,37.625982],[-79.417805,37.626512],[-79.419635,37.625665],[-79.422802,37.620356],[-79.424815,37.61815],[-79.426371,37.61551],[-79.428821,37.615869],[-79.432483,37.616403],[-79.435631,37.616864],[-79.436176,37.616944],[-79.436947,37.617057],[-79.436462,37.615894],[-79.43517,37.613398],[-79.434681,37.611936],[-79.434856,37.610442],[-79.435197,37.608335],[-79.435668,37.606894],[-79.435973,37.606196],[-79.436111,37.605526],[-79.435919,37.604878],[-79.43514,37.604031],[-79.434284,37.6033],[-79.43229,37.602535],[-79.431138,37.60182],[-79.430399,37.601764],[-79.429932,37.602091],[-79.429491,37.602101],[-79.428984,37.601844],[-79.428679,37.60152],[-79.425829,37.601261],[-79.425111,37.60104],[-79.424213,37.601078],[-79.423302,37.601297],[-79.422652,37.601631],[-79.419804,37.603887],[-79.418208,37.605055],[-79.41733,37.605373],[-79.41639,37.606306],[-79.414649,37.606931],[-79.412867,37.607281],[-79.411555,37.607255],[-79.411281,37.607059],[-79.410664,37.607079],[-79.409814,37.607426],[-79.408543,37.607771],[-79.406955,37.607786],[-79.405705,37.607735],[-79.404525,37.607514],[-79.403739,37.606986],[-79.4004,37.60506],[-79.399711,37.604246],[-79.398754,37.602745],[-79.398134,37.601514],[-79.397674,37.600173],[-79.396862,37.598826],[-79.395379,37.597517],[-79.394042,37.596593],[-79.392517,37.595894],[-79.391109,37.595579],[-79.38934,37.595359],[-79.385318,37.594995],[-79.384118,37.594329],[-79.381271,37.591432],[-79.381133,37.591301],[-79.380178,37.589682],[-79.380736,37.582932],[-79.380669,37.582228],[-79.380463,37.581492],[-79.379974,37.580854],[-79.379258,37.580117],[-79.377073,37.578175],[-79.376268,37.57701],[-79.375683,37.576042],[-79.374755,37.575007],[-79.373044,37.573573],[-79.372766,37.572994],[-79.372751,37.572419],[-79.372306,37.57125],[-79.370878,37.569717],[-79.370174,37.568817],[-79.369712,37.567938],[-79.369533,37.567218],[-79.369526,37.565768],[-79.370189,37.564258],[-79.370051,37.56366],[-79.369637,37.562583],[-79.368975,37.561924],[-79.367637,37.559573],[-79.367051,37.557772],[-79.366961,37.556772],[-79.367305,37.555593],[-79.36731,37.555335],[-79.367193,37.55318],[-79.367348,37.551829],[-79.367342,37.551148],[-79.367025,37.549979],[-79.36619,37.548237],[-79.365046,37.546249],[-79.362281,37.542349],[-79.360508,37.540394],[-79.358815,37.53876],[-79.358219,37.538186],[-79.356634,37.536494],[-79.35329,37.532539],[-79.35287,37.531847],[-79.35205,37.529287],[-79.351188,37.527771],[-79.350506,37.526876],[-79.349886,37.525893],[-79.348866,37.524624],[-79.347687,37.523283],[-79.345314,37.521041],[-79.345738,37.520726],[-79.341778,37.517332],[-79.338011,37.515322],[-79.333783,37.513571],[-79.327445,37.511589],[-79.316515,37.51026],[-79.313633,37.509458],[-79.311482,37.508184],[-79.307544,37.506931],[-79.305682,37.505998],[-79.305842,37.505825],[-79.304123,37.504676],[-79.300862,37.501457],[-79.297972,37.499426],[-79.295385,37.498523],[-79.296366,37.497125],[-79.296384,37.497295],[-79.296965,37.498586],[-79.30083,37.500226],[-79.301574,37.499073],[-79.303173,37.499012],[-79.305209,37.499627],[-79.306648,37.4987],[-79.307108,37.495858],[-79.305263,37.493545],[-79.306323,37.492375],[-79.307643,37.492471],[-79.309751,37.491426],[-79.311661,37.489043],[-79.31419,37.487042],[-79.319256,37.485306],[-79.32183,37.484148],[-79.322509,37.48518],[-79.323801,37.484143],[-79.326424,37.483014],[-79.327402,37.482163],[-79.328518,37.479894],[-79.331323,37.478444],[-79.332833,37.478004],[-79.335789,37.476032],[-79.336416,37.475125],[-79.338504,37.474652],[-79.337892,37.475958],[-79.339249,37.476207],[-79.339116,37.478097],[-79.34065,37.478473],[-79.341477,37.479328],[-79.343472,37.479396],[-79.343293,37.48054],[-79.344044,37.480965],[-79.34604,37.48025],[-79.3477,37.480527],[-79.348256,37.479286],[-79.349436,37.478316],[-79.350937,37.478482],[-79.351237,37.480151],[-79.354519,37.482345],[-79.355847,37.482479],[-79.356028,37.48413],[-79.357983,37.484055],[-79.358849,37.483484],[-79.364768,37.482828],[-79.365856,37.48177],[-79.368896,37.481138],[-79.369862,37.480588],[-79.370337,37.479425],[-79.373562,37.480542],[-79.374484,37.480118],[-79.375287,37.477094],[-79.376661,37.476537],[-79.376907,37.47566],[-79.378403,37.476142],[-79.378981,37.474956],[-79.381091,37.474967],[-79.381876,37.473948],[-79.382955,37.474262],[-79.383418,37.472731],[-79.385055,37.473042],[-79.385981,37.472231],[-79.38633,37.470577],[-79.387954,37.468611],[-79.389513,37.470378],[-79.390759,37.46968],[-79.393037,37.470095],[-79.39322,37.467305],[-79.392865,37.46617],[-79.39283,37.462916],[-79.393464,37.461974],[-79.394867,37.461205],[-79.39848,37.460097],[-79.399543,37.458463],[-79.400116,37.456241],[-79.399104,37.45381],[-79.394142,37.453187],[-79.393429,37.452505],[-79.394299,37.451993],[-79.391147,37.450493],[-79.391508,37.448202],[-79.388136,37.447865],[-79.386434,37.448312],[-79.38478,37.447875],[-79.382734,37.449785],[-79.381397,37.449177],[-79.380043,37.449409],[-79.377613,37.45056],[-79.378215,37.449681],[-79.377129,37.447046],[-79.374743,37.444792],[-79.37266,37.44063],[-79.371535,37.436054],[-79.370911,37.430786],[-79.369087,37.426607],[-79.367422,37.424124],[-79.362758,37.416796],[-79.360517,37.417395],[-79.357725,37.416703],[-79.355259,37.417135],[-79.352823,37.417409],[-79.352248,37.416994],[-79.351719,37.41707],[-79.352348,37.414848],[-79.351348,37.412168],[-79.351182,37.410723],[-79.3524,37.409574],[-79.353902,37.410766],[-79.355844,37.410957],[-79.356815,37.4106],[-79.357578,37.408672],[-79.360056,37.4069],[-79.359181,37.405117],[-79.35792,37.404705],[-79.358078,37.4037],[-79.356995,37.400745],[-79.35696,37.399284],[-79.358288,37.398514],[-79.357455,37.398025],[-79.357171,37.395878],[-79.356234,37.39451],[-79.354699,37.394741],[-79.354251,37.393544],[-79.351786,37.393759],[-79.351049,37.392842],[-79.349052,37.392881],[-79.348197,37.391079],[-79.349256,37.388728],[-79.348498,37.387305],[-79.349118,37.386256],[-79.348682,37.385387],[-79.347306,37.384356],[-79.344429,37.38512],[-79.343789,37.385834],[-79.342336,37.386016],[-79.341964,37.385297],[-79.340573,37.385231],[-79.339368,37.384177],[-79.339168,37.383292],[-79.337647,37.384737],[-79.337344,37.383062],[-79.336655,37.382139],[-79.336937,37.381222],[-79.335973,37.380607],[-79.336537,37.379436],[-79.335085,37.379766],[-79.334575,37.378827],[-79.334266,37.379882],[-79.332345,37.380547],[-79.331251,37.380421],[-79.330039,37.378949],[-79.330844,37.378361],[-79.329736,37.377444],[-79.328738,37.378097],[-79.324518,37.379812],[-79.321916,37.377598],[-79.322673,37.376401],[-79.322411,37.375566],[-79.321106,37.374894],[-79.320201,37.375143],[-79.318811,37.375659],[-79.317843,37.374658],[-79.319131,37.373538],[-79.319374,37.372302],[-79.321395,37.370719],[-79.320183,37.369385],[-79.320789,37.36681],[-79.321966,37.366039],[-79.322852,37.364118],[-79.322647,37.363012],[-79.323486,37.362347],[-79.32785,37.363567],[-79.328283,37.362671],[-79.326432,37.360315],[-79.326535,37.358656],[-79.328613,37.357029],[-79.32641,37.355574],[-79.328771,37.355041],[-79.330471,37.356463],[-79.331627,37.356589],[-79.332184,37.355507],[-79.330525,37.354057],[-79.331839,37.352684],[-79.334757,37.352919],[-79.335183,37.352084],[-79.33788,37.349722],[-79.340316,37.350293],[-79.342732,37.35127],[-79.344315,37.35239],[-79.345444,37.352351],[-79.344128,37.350105],[-79.3441,37.348243],[-79.342964,37.347441],[-79.344077,37.347428],[-79.34721,37.347594],[-79.346955,37.346676],[-79.347574,37.345632],[-79.3467,37.345028],[-79.34769,37.344336],[-79.350181,37.344852],[-79.349767,37.342572],[-79.351246,37.342253],[-79.353612,37.340489],[-79.355374,37.341158],[-79.356132,37.342158],[-79.357102,37.342734],[-79.358529,37.340945],[-79.360521,37.340893],[-79.361595,37.342392],[-79.36487,37.342858],[-79.366638,37.342599],[-79.366444,37.340215],[-79.364716,37.338435],[-79.365183,37.337864],[-79.367681,37.337671],[-79.365657,37.335639],[-79.367528,37.335089],[-79.368898,37.336434],[-79.370007,37.338554],[-79.371114,37.33829],[-79.370809,37.335301],[-79.370203,37.33411],[-79.370966,37.33367],[-79.372384,37.334251],[-79.373424,37.335361],[-79.373432,37.336932],[-79.374381,37.337069],[-79.376104,37.33415],[-79.376188,37.332645],[-79.377096,37.33276],[-79.377494,37.33381],[-79.379426,37.335321],[-79.381077,37.335701],[-79.381916,37.335911],[-79.3848,37.334473],[-79.384821,37.333473],[-79.387208,37.334122],[-79.388576,37.33621],[-79.389704,37.335903],[-79.388784,37.333606],[-79.389363,37.331558],[-79.390244,37.330657],[-79.391441,37.330586],[-79.392728,37.329488],[-79.39398,37.33023],[-79.39482,37.329769],[-79.394614,37.328236],[-79.395599,37.326193],[-79.396198,37.3259],[-79.397595,37.324995],[-79.397844,37.324912],[-79.398202,37.323932],[-79.398425,37.323588],[-79.399043,37.322858],[-79.399156,37.322593],[-79.399168,37.322383],[-79.399088,37.322218],[-79.39891,37.322057],[-79.398061,37.321549],[-79.397878,37.321393],[-79.397488,37.320721],[-79.39736,37.320141],[-79.396773,37.319371],[-79.395898,37.318528],[-79.39533,37.318213],[-79.39514,37.317838],[-79.394852,37.317485],[-79.394386,37.317196],[-79.393723,37.316584],[-79.393572,37.316346],[-79.393541,37.316142],[-79.393607,37.31605],[-79.393763,37.315985],[-79.394379,37.315905],[-79.395515,37.31612],[-79.395918,37.316267],[-79.396027,37.316457],[-79.396019,37.316913],[-79.396345,37.317454],[-79.39655,37.318021],[-79.396826,37.318295],[-79.39763,37.31891],[-79.398071,37.319312],[-79.39857,37.319614],[-79.399031,37.319746],[-79.399209,37.319723],[-79.399461,37.319528],[-79.399539,37.319329],[-79.399594,37.3188],[-79.399472,37.318497],[-79.399167,37.318107],[-79.39827,37.317282],[-79.397469,37.316363],[-79.397026,37.316017],[-79.3964,37.315217],[-79.395882,37.31465],[-79.395463,37.314301],[-79.394719,37.31387],[-79.394445,37.313649],[-79.39359,37.31274],[-79.392567,37.311435],[-79.392098,37.310943],[-79.391657,37.310543],[-79.391494,37.310331],[-79.391399,37.310059],[-79.391407,37.309723],[-79.39148,37.309448],[-79.39163,37.309321],[-79.392047,37.309199],[-79.392312,37.309203],[-79.3924,37.30935],[-79.392192,37.30996],[-79.392294,37.310188],[-79.392436,37.310276],[-79.392841,37.310301],[-79.393349,37.310532],[-79.393603,37.310555],[-79.393844,37.310462],[-79.393726,37.30993],[-79.393938,37.308659],[-79.394011,37.308451],[-79.394087,37.308272],[-79.39424,37.308102],[-79.394409,37.30806],[-79.394584,37.308086],[-79.395049,37.308304],[-79.39535,37.30838],[-79.396074,37.308367],[-79.398506,37.308026],[-79.398735,37.30792],[-79.398838,37.307763],[-79.398787,37.307558],[-79.398681,37.307444],[-79.397363,37.306536],[-79.396517,37.3058],[-79.396011,37.305133],[-79.395931,37.304894],[-79.395942,37.304717],[-79.396039,37.304569],[-79.396216,37.304459],[-79.397949,37.303687],[-79.399754,37.302993],[-79.400743,37.302554],[-79.40112,37.302249],[-79.401273,37.301918],[-79.401277,37.30167],[-79.401221,37.301536],[-79.400902,37.301241],[-79.400807,37.30108],[-79.400738,37.300233],[-79.400664,37.299992],[-79.400455,37.299638],[-79.40003,37.299184],[-79.399563,37.2988],[-79.399271,37.298632],[-79.398551,37.29834],[-79.398263,37.298033],[-79.398333,37.297724],[-79.39895,37.297157],[-79.399357,37.296644],[-79.399529,37.296277],[-79.399735,37.295587],[-79.399969,37.294399],[-79.400011,37.29394],[-79.400022,37.293303],[-79.399973,37.293026],[-79.399788,37.292595],[-79.399534,37.292259],[-79.3985,37.291416],[-79.398263,37.291311],[-79.398001,37.29126],[-79.397337,37.291243],[-79.396853,37.291153],[-79.395601,37.29085],[-79.394858,37.290593],[-79.393038,37.289594],[-79.392348,37.289139],[-79.392034,37.288845],[-79.39207,37.288426],[-79.392247,37.288103],[-79.392495,37.287854],[-79.393541,37.287121],[-79.394093,37.286877],[-79.394683,37.286699],[-79.395174,37.286637],[-79.395762,37.286649],[-79.396375,37.286748],[-79.397146,37.287121],[-79.397622,37.287447],[-79.398496,37.288168],[-79.399395,37.288759],[-79.399915,37.288874],[-79.400442,37.288784],[-79.400736,37.288621],[-79.400971,37.288363],[-79.401095,37.288099],[-79.401103,37.287821],[-79.400873,37.287388],[-79.400755,37.28711],[-79.400197,37.286572],[-79.400019,37.286062],[-79.399776,37.285807],[-79.399731,37.285621],[-79.399865,37.285438],[-79.400043,37.285328],[-79.400512,37.285213],[-79.401451,37.285197],[-79.401981,37.285251],[-79.403737,37.285624],[-79.404143,37.285646],[-79.404359,37.285593],[-79.404505,37.285509],[-79.40471,37.285194],[-79.404869,37.284715],[-79.404969,37.284049],[-79.404754,37.283584],[-79.403886,37.282519],[-79.403815,37.282315],[-79.403947,37.282053],[-79.404215,37.281921],[-79.404881,37.28182],[-79.405079,37.281904],[-79.405513,37.282266],[-79.405785,37.282393],[-79.406658,37.282577],[-79.407104,37.282529],[-79.407356,37.28245],[-79.407461,37.282337],[-79.407781,37.281196],[-79.407828,37.280619],[-79.407974,37.278817],[-79.407783,37.277982],[-79.40741,37.277455],[-79.406966,37.277055],[-79.406121,37.276527],[-79.405109,37.275233],[-79.405065,37.274915],[-79.404157,37.273927],[-79.40288,37.273078],[-79.402097,37.272444],[-79.401403,37.271988],[-79.40032,37.271396],[-79.399337,37.271038],[-79.398572,37.270451],[-79.397622,37.268802],[-79.397734,37.268786],[-79.396724,37.267808],[-79.393653,37.265708],[-79.391234,37.263834],[-79.389634,37.262366],[-79.387751,37.261377],[-79.386322,37.260574],[-79.385161,37.260112],[-79.38492,37.259914],[-79.383189,37.259425],[-79.380249,37.257237],[-79.37838,37.255835],[-79.376952,37.25501],[-79.376024,37.25423],[-79.373673,37.252903],[-79.372209,37.252332],[-79.36972,37.251257],[-79.368758,37.250916],[-79.367049,37.249987],[-79.366155,37.249284],[-79.36366,37.247725],[-79.362938,37.247329],[-79.360814,37.246512],[-79.359577,37.246056],[-79.35911,37.245952],[-79.35801,37.246079],[-79.356492,37.24659],[-79.354925,37.246678],[-79.354238,37.246574],[-79.352348,37.245938],[-79.351413,37.245801],[-79.350314,37.245883],[-79.349627,37.245807],[-79.349154,37.245537],[-79.349011,37.245565],[-79.348162,37.245001],[-79.347109,37.244709],[-79.345795,37.244711],[-79.343075,37.244236],[-79.342188,37.243968],[-79.339864,37.243088],[-79.338527,37.242747],[-79.337786,37.242536],[-79.336481,37.241965],[-79.334513,37.241237],[-79.33288,37.240281],[-79.331286,37.239174],[-79.330477,37.238418],[-79.330529,37.238334],[-79.338712,37.225475],[-79.344031,37.216263],[-79.345504,37.213803],[-79.350182,37.206178],[-79.357118,37.194837],[-79.36759,37.177396],[-79.377344,37.161726],[-79.381894,37.154567],[-79.386409,37.146991],[-79.390532,37.140368],[-79.398769,37.127342],[-79.399407,37.126326],[-79.39946,37.126242],[-79.399507,37.126164],[-79.401682,37.122502],[-79.412548,37.104855],[-79.422448,37.088784],[-79.423849,37.086508],[-79.427741,37.080195],[-79.428913,37.078293],[-79.430201,37.076228],[-79.432205,37.072989],[-79.433348,37.071133],[-79.437955,37.063678],[-79.438503,37.062836],[-79.440548,37.059593],[-79.440963,37.058935],[-79.442859,37.055867],[-79.444682,37.055572],[-79.451201,37.05556],[-79.454575,37.056188],[-79.459426,37.058736],[-79.468624,37.061184],[-79.473819,37.062985],[-79.477847,37.064244],[-79.481465,37.064664],[-79.486089,37.064065],[-79.488756,37.063011],[-79.490655,37.061266],[-79.491388,37.059538],[-79.491249,37.058329],[-79.490009,37.055693],[-79.487418,37.052758],[-79.481705,37.047611],[-79.480501,37.045395],[-79.480183,37.043506],[-79.481413,37.040879],[-79.483674,37.038218],[-79.484049,37.036955],[-79.483272,37.03529],[-79.481217,37.033713],[-79.474497,37.030242],[-79.470418,37.027087],[-79.464841,37.023915],[-79.461195,37.021657],[-79.459491,37.020259],[-79.458741,37.018027],[-79.459667,37.016078],[-79.461024,37.015152],[-79.463119,37.014779],[-79.468614,37.015244],[-79.471754,37.014015],[-79.475454,37.010771],[-79.479063,37.0064],[-79.481731,37.005927],[-79.483143,37.006451],[-79.484379,37.007515],[-79.48756,37.012872],[-79.4887,37.014443],[-79.492547,37.018619],[-79.495178,37.021965],[-79.497072,37.023492],[-79.499751,37.024917],[-79.500444,37.025029],[-79.504952,37.027387],[-79.509813,37.031353],[-79.51176,37.032438],[-79.518061,37.034675],[-79.523044,37.035078],[-79.527274,37.03622],[-79.53298,37.039356],[-79.535361,37.040946],[-79.537993,37.04336],[-79.538561,37.044611],[-79.537743,37.047849],[-79.538001,37.049127],[-79.539511,37.050377],[-79.542554,37.051628],[-79.546619,37.052805],[-79.548938,37.053218],[-79.550728,37.05287],[-79.551662,37.051645],[-79.550865,37.050549],[-79.54689,37.049975],[-79.544879,37.049455],[-79.542851,37.047606],[-79.542296,37.045872],[-79.54401,37.043785],[-79.547556,37.042301],[-79.549264,37.041986],[-79.552536,37.042365],[-79.555325,37.043345],[-79.559479,37.0439],[-79.561942,37.042249],[-79.562152,37.041581],[-79.561822,37.040155],[-79.560603,37.038291],[-79.560905,37.036185],[-79.562621,37.035017],[-79.564311,37.034702],[-79.56696,37.035046],[-79.571695,37.036288],[-79.576368,37.035936],[-79.579312,37.036599],[-79.587882,37.039647],[-79.591493,37.04139],[-79.594069,37.042206],[-79.594157,37.041928],[-79.59593,37.036349],[-79.596313,37.035002],[-79.597283,37.031587],[-79.597529,37.030717],[-79.597792,37.029789],[-79.597968,37.029172],[-79.598263,37.028138],[-79.598477,37.027372],[-79.598797,37.026247],[-79.599964,37.022147],[-79.600085,37.02172],[-79.601892,37.015361],[-79.602021,37.014912],[-79.602051,37.014807],[-79.602216,37.014226],[-79.603255,37.010569],[-79.603383,37.010104],[-79.603425,37.009947],[-79.60461,37.005785],[-79.606235,37.000144],[-79.608327,36.991546],[-79.611858,36.976931],[-79.61232,36.975016],[-79.614743,36.964802],[-79.615606,36.961166],[-79.620216,36.941722],[-79.621847,36.934841],[-79.621868,36.934753],[-79.621887,36.934674],[-79.623922,36.926088],[-79.625429,36.919653],[-79.625459,36.91952],[-79.627623,36.910136],[-79.628771,36.90525],[-79.633407,36.88615],[-79.634698,36.880733],[-79.636912,36.871667],[-79.63825,36.866109],[-79.639007,36.862969],[-79.640652,36.856139],[-79.648347,36.823844],[-79.648941,36.821321],[-79.649596,36.81854],[-79.650339,36.815402],[-79.651977,36.808437],[-79.653923,36.800196],[-79.654771,36.796599],[-79.656206,36.790512],[-79.656768,36.788123],[-79.657857,36.7835],[-79.658524,36.780656],[-79.661674,36.767276],[-79.663102,36.761201],[-79.663692,36.758688],[-79.665439,36.751263],[-79.667274,36.743455],[-79.668692,36.737365],[-79.669223,36.735087],[-79.670073,36.731459],[-79.671591,36.724972],[-79.672297,36.721956],[-79.675445,36.708493],[-79.677028,36.701729],[-79.67923,36.692522],[-79.680893,36.685595],[-79.680921,36.685479],[-79.68093,36.685443],[-79.680938,36.685409],[-79.680963,36.685306],[-79.683934,36.672932],[-79.684146,36.672053],[-79.686041,36.664155],[-79.687665,36.657377],[-79.689394,36.650086],[-79.689447,36.649864],[-79.690513,36.645404],[-79.691574,36.64088],[-79.695414,36.624459],[-79.695811,36.622778],[-79.70038,36.603376],[-79.704024,36.588026],[-79.704003,36.587994],[-79.706393,36.57784],[-79.707623,36.572633],[-79.707891,36.571494],[-79.711004,36.558286],[-79.711641,36.555574],[-79.712353,36.552557],[-79.714849,36.541965],[-79.6908,36.541867],[-79.676884,36.541821],[-79.663932,36.541767],[-79.659591,36.541733],[-79.636672,36.541643],[-79.628863,36.541616],[-79.604774,36.541553],[-79.604442,36.541549],[-79.584734,36.54127],[-79.577819,36.541174],[-79.542165,36.540856],[-79.526165,36.540888],[-79.518402,36.540901],[-79.517825,36.540901],[-79.517385,36.540901],[-79.514561,36.540901],[-79.497084,36.540933],[-79.496459,36.540934],[-79.495596,36.540938],[-79.489835,36.540946],[-79.482377,36.540959],[-79.47667,36.540965],[-79.471339,36.54097],[-79.470057,36.540971],[-79.465726,36.540972],[-79.459683,36.54098],[-79.458079,36.540981],[-79.456725,36.541032],[-79.446048,36.541382],[-79.440274,36.541462],[-79.429889,36.541533],[-79.411904,36.541548],[-79.40079,36.541581],[-79.397155,36.54155],[-79.38801,36.541471],[-79.373447,36.541358],[-79.362911,36.541285],[-79.353154,36.54148],[-79.347268,36.541598],[-79.34343,36.541592],[-79.343117,36.54159],[-79.342738,36.54159],[-79.322358,36.541503],[-79.311167,36.54149],[-79.30693,36.541484],[-79.299027,36.541474],[-79.294024,36.541468],[-79.280504,36.541468],[-79.269063,36.541357],[-79.263058,36.54131],[-79.250474,36.541141],[-79.239187,36.541347],[-79.218456,36.541653],[-79.217627,36.541661],[-79.21621,36.541675],[-79.214098,36.541695],[-79.213585,36.5417],[-79.207267,36.541738],[-79.20693,36.54174],[-79.198295,36.541777],[-79.1877,36.541818],[-79.175916,36.541857],[-79.15501,36.541877],[-79.146773,36.541863],[-79.13832,36.541975],[-79.135462,36.541909],[-79.124735,36.541659],[-79.1119,36.541763],[-79.106151,36.541808],[-79.098829,36.541866],[-79.085342,36.541972],[-79.070063,36.542049],[-79.066325,36.542054],[-79.055922,36.542066],[-79.029872,36.542091],[-78.993342,36.542137],[-78.979175,36.542171],[-78.964605,36.542179],[-78.964393,36.542179],[-78.963324,36.54218],[-78.961942,36.54218],[-78.961584,36.542181],[-78.954524,36.542184],[-78.949445,36.542186],[-78.949199,36.542186],[-78.942186,36.542188],[-78.941835,36.542188],[-78.941456,36.542188],[-78.941205,36.542188],[-78.933599,36.54219],[-78.924637,36.542144],[-78.916925,36.542103],[-78.916829,36.542102],[-78.916488,36.542101],[-78.916147,36.542099],[-78.915806,36.542097],[-78.915465,36.542095],[-78.915124,36.542093],[-78.914783,36.542091],[-78.901665,36.542066],[-78.888079,36.542039],[-78.871663,36.542015],[-78.866217,36.542023],[-78.848199,36.542046],[-78.82082,36.541943],[-78.81859,36.541934],[-78.79635,36.541742],[-78.785057,36.541781],[-78.777566,36.541761],[-78.775833,36.541755],[-78.773529,36.54175],[-78.767108,36.541755],[-78.765145,36.541767],[-78.759147,36.541825],[-78.7422,36.541906],[-78.734122,36.541939]]]]}},{"type":"Feature","properties":{"id":6,"NAME":"6","TotalPop":784672,"PopDevPct":-1.2e-7,"DemPct":0.37168202,"RepPct":0.6124895,"WhitePct":0.80876083,"MinorityPct":0.19123917,"BlackPct":0.08663826,"HispanicPct":0.06381116,"PacificPct":0.00121732,"AsianPct":0.02144276,"NativePct":0.01961518,"TotalVAP":622681,"Margin":-0.12831798,"color":"#001fff","opacity":"0.5"},"geometry":{"type":"MultiPolygon","coordinates":[[[[-79.303011,37.740923],[-79.30258,37.741474],[-79.301437,37.742232],[-79.299655,37.746304],[-79.298268,37.750223],[-79.297224,37.751619],[-79.295581,37.753117],[-79.295404,37.753291],[-79.29525,37.753443],[-79.295183,37.753502],[-79.295063,37.753595],[-79.294933,37.7537],[-79.294789,37.753825],[-79.294662,37.753942],[-79.294549,37.754049],[-79.294501,37.754094],[-79.294453,37.754145],[-79.294405,37.754215],[-79.294334,37.754332],[-79.29429,37.754428],[-79.29425,37.754535],[-79.294213,37.754639],[-79.294179,37.754735],[-79.294156,37.754827],[-79.294133,37.754932],[-79.294099,37.755044],[-79.293956,37.755321],[-79.291856,37.758365],[-79.291141,37.760208],[-79.289763,37.762057],[-79.289469,37.763777],[-79.287403,37.76485],[-79.282388,37.769485],[-79.279438,37.772711],[-79.278522,37.774183],[-79.27736,37.776253],[-79.273715,37.780816],[-79.272039,37.785412],[-79.271582,37.786015],[-79.270448,37.787403],[-79.268874,37.790196],[-79.264674,37.794694],[-79.262055,37.792337],[-79.260922,37.791325],[-79.259998,37.792695],[-79.258721,37.793385],[-79.255849,37.793426],[-79.254363,37.796317],[-79.252596,37.797194],[-79.251858,37.798871],[-79.249554,37.801211],[-79.247305,37.803839],[-79.245691,37.80548],[-79.243694,37.80618],[-79.242302,37.807584],[-79.238769,37.808377],[-79.236285,37.810655],[-79.234838,37.811462],[-79.234017,37.812329],[-79.231557,37.813175],[-79.228346,37.81225],[-79.228631,37.811398],[-79.229227,37.810297],[-79.228886,37.809395],[-79.226495,37.808369],[-79.226338,37.807874],[-79.224482,37.807803],[-79.223216,37.807235],[-79.221465,37.805051],[-79.22142,37.803289],[-79.220753,37.802645],[-79.217732,37.801844],[-79.216289,37.801263],[-79.217594,37.800002],[-79.218087,37.798477],[-79.217592,37.796042],[-79.215712,37.79489],[-79.214007,37.794669],[-79.212615,37.79392],[-79.211925,37.791914],[-79.210541,37.790832],[-79.209372,37.789156],[-79.207372,37.789124],[-79.206,37.789682],[-79.204388,37.788598],[-79.202124,37.789342],[-79.200359,37.788907],[-79.199573,37.788119],[-79.198194,37.788171],[-79.196299,37.789188],[-79.195739,37.790719],[-79.193618,37.791873],[-79.192217,37.793104],[-79.189749,37.794228],[-79.187915,37.794189],[-79.185763,37.795036],[-79.180819,37.795224],[-79.179232,37.796921],[-79.176756,37.797974],[-79.173801,37.798918],[-79.170998,37.800315],[-79.170791,37.801123],[-79.172131,37.803097],[-79.171034,37.805535],[-79.167842,37.807753],[-79.166846,37.809037],[-79.166597,37.811395],[-79.164818,37.812982],[-79.165175,37.814129],[-79.164242,37.816327],[-79.161677,37.816711],[-79.159398,37.81901],[-79.15812,37.819643],[-79.158604,37.821241],[-79.160224,37.822311],[-79.158583,37.824706],[-79.157748,37.825054],[-79.159498,37.82624],[-79.160114,37.826742],[-79.158526,37.827281],[-79.157112,37.829038],[-79.157494,37.83041],[-79.156913,37.83128],[-79.154674,37.832652],[-79.155219,37.83473],[-79.157372,37.835809],[-79.158067,37.837077],[-79.159026,37.838018],[-79.158715,37.838915],[-79.157312,37.839651],[-79.157032,37.841316],[-79.156192,37.843073],[-79.154596,37.84385],[-79.153134,37.845749],[-79.153499,37.846795],[-79.152748,37.849135],[-79.150306,37.850306],[-79.148638,37.852415],[-79.148569,37.852545],[-79.148518,37.852649],[-79.148457,37.852753],[-79.148378,37.852848],[-79.148264,37.852941],[-79.148133,37.853023],[-79.147972,37.853126],[-79.147962,37.853134],[-79.147782,37.853269],[-79.147638,37.853392],[-79.147497,37.853507],[-79.147342,37.853616],[-79.14718,37.853731],[-79.147043,37.853856],[-79.146926,37.853998],[-79.146785,37.854132],[-79.146582,37.854221],[-79.146457,37.85424],[-79.146353,37.854246],[-79.145521,37.854522],[-79.144473,37.855912],[-79.14439,37.85669],[-79.145131,37.857484],[-79.144454,37.858368],[-79.144002,37.859512],[-79.144621,37.860262],[-79.147736,37.861912],[-79.147816,37.861925],[-79.147899,37.861938],[-79.147979,37.861956],[-79.148076,37.861986],[-79.148175,37.862022],[-79.148256,37.862046],[-79.148389,37.86208],[-79.148517,37.862132],[-79.148632,37.862222],[-79.148699,37.862298],[-79.148741,37.862365],[-79.14878,37.862435],[-79.148843,37.862536],[-79.148909,37.862636],[-79.148962,37.862715],[-79.149015,37.862816],[-79.149058,37.862953],[-79.149097,37.863121],[-79.149108,37.863172],[-79.149481,37.864182],[-79.150005,37.865094],[-79.150556,37.865509],[-79.151455,37.865774],[-79.151467,37.866338],[-79.150757,37.867162],[-79.148204,37.86916],[-79.147773,37.869278],[-79.147668,37.869289],[-79.147488,37.869286],[-79.147333,37.869278],[-79.147317,37.869279],[-79.147305,37.869282],[-79.147183,37.869308],[-79.147031,37.869386],[-79.146949,37.869448],[-79.146904,37.869482],[-79.146805,37.86959],[-79.146716,37.86972],[-79.146651,37.869863],[-79.146601,37.870031],[-79.146564,37.870158],[-79.146537,37.870271],[-79.146548,37.870393],[-79.14658,37.870484],[-79.146623,37.870565],[-79.146661,37.87064],[-79.146719,37.870751],[-79.146949,37.871105],[-79.148172,37.872237],[-79.148011,37.872437],[-79.147119,37.872879],[-79.146552,37.873287],[-79.146346,37.874335],[-79.146323,37.874401],[-79.146303,37.874485],[-79.146314,37.874577],[-79.146339,37.874637],[-79.146371,37.874689],[-79.146413,37.874736],[-79.146486,37.874795],[-79.146556,37.874855],[-79.146601,37.874922],[-79.146602,37.87502],[-79.146581,37.875059],[-79.146554,37.875122],[-79.146483,37.875224],[-79.14665,37.875344],[-79.146788,37.875445],[-79.146894,37.87553],[-79.146964,37.875592],[-79.147062,37.87568],[-79.14718,37.875781],[-79.147271,37.875854],[-79.147344,37.875911],[-79.147428,37.875962],[-79.147543,37.87602],[-79.147612,37.876066],[-79.147692,37.876092],[-79.147786,37.876097],[-79.14789,37.876082],[-79.147983,37.876052],[-79.148111,37.876031],[-79.148212,37.87604],[-79.148334,37.876057],[-79.148372,37.876065],[-79.148423,37.876075],[-79.14851,37.876104],[-79.148607,37.876151],[-79.148701,37.876203],[-79.148768,37.876246],[-79.148837,37.87628],[-79.148941,37.876315],[-79.149073,37.876349],[-79.149247,37.876392],[-79.149382,37.876424],[-79.149515,37.87645],[-79.149705,37.876478],[-79.149896,37.876502],[-79.150048,37.87652],[-79.150139,37.876535],[-79.150253,37.876559],[-79.150382,37.876589],[-79.150458,37.876607],[-79.150527,37.876625],[-79.15059,37.876655],[-79.150688,37.876725],[-79.150765,37.876794],[-79.150776,37.876863],[-79.150791,37.876983],[-79.151825,37.878793],[-79.15144,37.880369],[-79.152569,37.881083],[-79.151338,37.884573],[-79.151618,37.885878],[-79.151721,37.886026],[-79.15739,37.891003],[-79.154742,37.891497],[-79.150635,37.892622],[-79.148877,37.89024],[-79.147473,37.890201],[-79.147494,37.889244],[-79.145936,37.888882],[-79.14224,37.890799],[-79.139495,37.891317],[-79.137467,37.891391],[-79.135754,37.892525],[-79.134002,37.892841],[-79.130494,37.894459],[-79.129917,37.895098],[-79.129576,37.895472],[-79.129352,37.895587],[-79.128405,37.89552],[-79.127315,37.895766],[-79.122698,37.895798],[-79.11875,37.900578],[-79.116086,37.90206],[-79.114026,37.902294],[-79.107916,37.903701],[-79.107226,37.903477],[-79.105948,37.902426],[-79.104306,37.902639],[-79.103065,37.903391],[-79.101301,37.903739],[-79.099674,37.904903],[-79.099745,37.906336],[-79.099121,37.907322],[-79.096279,37.908942],[-79.091223,37.910931],[-79.087708,37.911908],[-79.086578,37.91163],[-79.083525,37.912051],[-79.081724,37.913033],[-79.078307,37.913872],[-79.077263,37.914889],[-79.076887,37.915073],[-79.076401,37.915127],[-79.076006,37.914866],[-79.075039,37.914088],[-79.073572,37.913909],[-79.068848,37.913489],[-79.066915,37.9145],[-79.063807,37.917144],[-79.062283,37.91752],[-79.060002,37.915154],[-79.058378,37.914143],[-79.056808,37.912626],[-79.053138,37.912981],[-79.052255,37.912794],[-79.052233,37.910119],[-79.051364,37.908077],[-79.050342,37.907037],[-79.049511,37.903161],[-79.050182,37.899972],[-79.045688,37.897754],[-79.044919,37.895853],[-79.044436,37.892346],[-79.044552,37.890888],[-79.042986,37.891472],[-79.037824,37.891879],[-79.036537,37.892461],[-79.033404,37.892054],[-79.032169,37.892166],[-79.031412,37.892308],[-79.03062,37.892128],[-79.02996,37.892135],[-79.028283,37.892373],[-79.02748,37.892395],[-79.027136,37.89233],[-79.02555,37.892029],[-79.021943,37.892197],[-79.021636,37.892465],[-79.019519,37.893377],[-79.017225,37.89345],[-79.017624,37.892289],[-79.016334,37.889887],[-79.016472,37.888051],[-79.012833,37.88505],[-79.010099,37.88369],[-79.008082,37.882527],[-79.005129,37.88169],[-79.002997,37.884149],[-79.000789,37.885126],[-78.998447,37.888238],[-78.996078,37.888872],[-78.992864,37.891049],[-78.991618,37.892866],[-78.990046,37.894438],[-78.987469,37.895869],[-78.987246,37.898338],[-78.985157,37.901996],[-78.983333,37.903293],[-78.981119,37.90596],[-78.977207,37.908496],[-78.972784,37.91055],[-78.970807,37.912383],[-78.969046,37.913038],[-78.965528,37.913444],[-78.963482,37.914796],[-78.961868,37.915255],[-78.958918,37.91607],[-78.955927,37.916477],[-78.957552,37.918422],[-78.95879,37.919799],[-78.958986,37.920785],[-78.958273,37.922219],[-78.956942,37.924506],[-78.956982,37.925704],[-78.956001,37.926603],[-78.954652,37.92773],[-78.953521,37.928702],[-78.953412,37.928806],[-78.95339,37.928827],[-78.953375,37.928841],[-78.953212,37.929072],[-78.953131,37.929187],[-78.952992,37.929421],[-78.952976,37.929448],[-78.952957,37.929481],[-78.952942,37.929507],[-78.952874,37.929647],[-78.952796,37.929761],[-78.952773,37.929795],[-78.952741,37.929923],[-78.952654,37.930275],[-78.952544,37.930551],[-78.952447,37.930813],[-78.951957,37.931676],[-78.951437,37.932194],[-78.949405,37.933759],[-78.94901,37.934169],[-78.947107,37.935475],[-78.945466,37.937434],[-78.945099,37.937571],[-78.944944,37.937629],[-78.944868,37.937658],[-78.944822,37.937678],[-78.944793,37.937686],[-78.944724,37.9377],[-78.944656,37.937738],[-78.944318,37.937885],[-78.944049,37.937992],[-78.943669,37.938135],[-78.943362,37.93825],[-78.9433,37.938285],[-78.942875,37.938527],[-78.942687,37.938794],[-78.942544,37.938963],[-78.942525,37.939],[-78.942512,37.939052],[-78.942383,37.939474],[-78.942357,37.939561],[-78.942279,37.939824],[-78.94157,37.940574],[-78.937278,37.939973],[-78.933475,37.939886],[-78.932338,37.940132],[-78.929348,37.93986],[-78.925694,37.940303],[-78.922969,37.941548],[-78.92108,37.943203],[-78.921159,37.944571],[-78.919831,37.946268],[-78.916731,37.945894],[-78.915502,37.945289],[-78.912462,37.945876],[-78.910902,37.94526],[-78.907278,37.945959],[-78.905404,37.946983],[-78.903768,37.946973],[-78.901509,37.948184],[-78.899053,37.948862],[-78.900428,37.949245],[-78.900984,37.950398],[-78.902282,37.951402],[-78.901923,37.95325],[-78.901123,37.954636],[-78.901359,37.956452],[-78.902336,37.958233],[-78.900548,37.960048],[-78.900601,37.961607],[-78.899435,37.962393],[-78.900006,37.964272],[-78.899045,37.965038],[-78.896603,37.968426],[-78.896105,37.969526],[-78.894688,37.970548],[-78.894209,37.972068],[-78.892776,37.973825],[-78.89261,37.974964],[-78.893611,37.977148],[-78.900768,37.975602],[-78.903542,37.974788],[-78.905245,37.975654],[-78.907566,37.976066],[-78.907978,37.976783],[-78.90795,37.978818],[-78.907253,37.98129],[-78.906016,37.98448],[-78.906945,37.987538],[-78.904744,37.988818],[-78.904382,37.988999],[-78.904175,37.989239],[-78.90152,37.990774],[-78.900451,37.992273],[-78.900421,37.992393],[-78.900279,37.992563],[-78.900087,37.992741],[-78.899966,37.992895],[-78.899825,37.993024],[-78.899746,37.993173],[-78.89966,37.993297],[-78.899523,37.993502],[-78.89933,37.993682],[-78.899074,37.993951],[-78.898871,37.994101],[-78.898613,37.994259],[-78.898278,37.994572],[-78.897833,37.994888],[-78.89759,37.99501],[-78.897052,37.995222],[-78.896574,37.995345],[-78.896198,37.995387],[-78.895984,37.995355],[-78.893478,37.994621],[-78.891506,37.994526],[-78.889757,37.995045],[-78.887931,37.996621],[-78.887794,37.997507],[-78.88808,37.999644],[-78.88627,38.001473],[-78.885462,38.003447],[-78.884127,38.005541],[-78.882117,38.008],[-78.881756,38.009239],[-78.88225,38.012979],[-78.882335,38.01392],[-78.882366,38.014502],[-78.882363,38.014714],[-78.881951,38.018176],[-78.879702,38.019814],[-78.878036,38.021632],[-78.877527,38.024124],[-78.874772,38.027479],[-78.873692,38.028624],[-78.872186,38.029086],[-78.869625,38.02796],[-78.865396,38.028607],[-78.863806,38.028022],[-78.863756,38.027982],[-78.863706,38.027943],[-78.863559,38.027827],[-78.863529,38.027825],[-78.863187,38.0278],[-78.863009,38.027851],[-78.862647,38.027955],[-78.862606,38.02801],[-78.862577,38.028049],[-78.862531,38.02811],[-78.861884,38.028731],[-78.859832,38.028471],[-78.859147,38.028983],[-78.857882,38.030203],[-78.857834,38.030674],[-78.857783,38.03122],[-78.857692,38.031586],[-78.857495,38.032446],[-78.857456,38.03263],[-78.856246,38.034572],[-78.854106,38.036661],[-78.85033,38.037788],[-78.849141,38.038727],[-78.847065,38.04109],[-78.845193,38.042081],[-78.84216,38.044359],[-78.84038,38.046618],[-78.838874,38.04737],[-78.837013,38.048258],[-78.829927,38.054025],[-78.826512,38.054427],[-78.825203,38.05604],[-78.822221,38.057962],[-78.821691,38.059231],[-78.81862,38.059855],[-78.818112,38.059769],[-78.81735,38.05964],[-78.816228,38.060283],[-78.815923,38.060352],[-78.814401,38.060644],[-78.811857,38.061726],[-78.810497,38.061478],[-78.808242,38.062193],[-78.808016,38.063096],[-78.806482,38.063204],[-78.805067,38.064649],[-78.803998,38.065001],[-78.803562,38.065088],[-78.803218,38.065157],[-78.80232,38.06552],[-78.801844,38.065861],[-78.801617,38.066024],[-78.801041,38.066163],[-78.800371,38.066325],[-78.799482,38.066459],[-78.79937,38.066477],[-78.798851,38.066555],[-78.796309,38.067469],[-78.794761,38.068719],[-78.792788,38.069504],[-78.792228,38.071198],[-78.793104,38.072587],[-78.793148,38.072797],[-78.793156,38.072874],[-78.793029,38.07398],[-78.792841,38.076009],[-78.794019,38.076898],[-78.793647,38.077808],[-78.791606,38.078184],[-78.78884,38.079695],[-78.78807,38.080941],[-78.78603,38.08167],[-78.78224,38.080736],[-78.781078,38.080757],[-78.780813,38.08203],[-78.7792,38.08347],[-78.77891,38.084369],[-78.779247,38.088921],[-78.779228,38.089516],[-78.779069,38.089961],[-78.777688,38.091206],[-78.777309,38.092062],[-78.777203,38.093217],[-78.777887,38.094478],[-78.778527,38.094982],[-78.779569,38.095579],[-78.78094,38.096924],[-78.781173,38.097185],[-78.781181,38.097286],[-78.781209,38.097648],[-78.781152,38.097835],[-78.780703,38.098598],[-78.780703,38.098949],[-78.781409,38.099218],[-78.782744,38.099231],[-78.783201,38.09938],[-78.783749,38.099851],[-78.783819,38.100812],[-78.783672,38.101033],[-78.78295,38.101528],[-78.78256,38.102673],[-78.781657,38.102922],[-78.780863,38.103546],[-78.780155,38.104242],[-78.779766,38.104812],[-78.779211,38.106875],[-78.780972,38.107639],[-78.779988,38.109563],[-78.780654,38.112784],[-78.782742,38.113284],[-78.784367,38.114378],[-78.78579,38.114494],[-78.785853,38.116112],[-78.787544,38.117288],[-78.786896,38.118559],[-78.785311,38.119242],[-78.785356,38.120743],[-78.786792,38.121122],[-78.787187,38.121921],[-78.787288,38.125134],[-78.788073,38.126404],[-78.787805,38.127171],[-78.78594,38.129031],[-78.784904,38.129184],[-78.782192,38.129917],[-78.779496,38.132092],[-78.779232,38.134344],[-78.77946,38.137125],[-78.779075,38.139889],[-78.775432,38.141008],[-78.77411,38.145517],[-78.774141,38.149611],[-78.773503,38.151598],[-78.772112,38.153362],[-78.771478,38.155163],[-78.771943,38.155843],[-78.771333,38.158784],[-78.77039,38.161022],[-78.770577,38.163075],[-78.771769,38.166101],[-78.769785,38.168017],[-78.76817,38.17106],[-78.768637,38.171582],[-78.768331,38.173485],[-78.766994,38.175664],[-78.76603,38.175957],[-78.765079,38.177312],[-78.763426,38.178091],[-78.761957,38.180268],[-78.76188,38.182554],[-78.760223,38.183778],[-78.758995,38.18554],[-78.756822,38.187197],[-78.756625,38.189136],[-78.756494,38.190433],[-78.754943,38.192709],[-78.753185,38.193622],[-78.752308,38.194987],[-78.75279,38.197072],[-78.750933,38.198948],[-78.75229,38.201284],[-78.751859,38.202583],[-78.749396,38.206648],[-78.749339,38.206729],[-78.747585,38.209656],[-78.745174,38.214431],[-78.742136,38.21772],[-78.740543,38.218945],[-78.738658,38.219483],[-78.73764,38.219294],[-78.736386,38.220098],[-78.73414,38.222714],[-78.730498,38.225835],[-78.72986,38.227004],[-78.72791,38.228454],[-78.726905,38.228839],[-78.726443,38.229972],[-78.726519,38.230186],[-78.726272,38.231955],[-78.724745,38.232775],[-78.722638,38.232992],[-78.721251,38.233944],[-78.721097,38.234339],[-78.718086,38.2353],[-78.717683,38.235455],[-78.717388,38.235513],[-78.715574,38.235867],[-78.711239,38.238639],[-78.710618,38.240395],[-78.710624,38.240466],[-78.710006,38.242445],[-78.706735,38.24465],[-78.706566,38.246438],[-78.704336,38.246991],[-78.702277,38.246198],[-78.69922,38.245841],[-78.697744,38.245738],[-78.692865,38.247286],[-78.689787,38.248838],[-78.689616,38.249283],[-78.686691,38.251282],[-78.685286,38.252822],[-78.682488,38.254616],[-78.681032,38.254905],[-78.678039,38.254073],[-78.675913,38.252875],[-78.674483,38.250428],[-78.671603,38.247925],[-78.669806,38.247327],[-78.669484,38.249194],[-78.668725,38.250675],[-78.665093,38.251962],[-78.662188,38.253476],[-78.660079,38.255375],[-78.658975,38.258043],[-78.656532,38.259058],[-78.655149,38.260632],[-78.657236,38.260566],[-78.66042,38.262821],[-78.662158,38.263643],[-78.6625,38.264783],[-78.664857,38.265249],[-78.666398,38.266053],[-78.66374,38.267203],[-78.661186,38.269011],[-78.660758,38.270949],[-78.661902,38.271685],[-78.663898,38.276676],[-78.663145,38.277933],[-78.6626,38.277857],[-78.661268,38.280376],[-78.659534,38.282289],[-78.658448,38.284738],[-78.6583,38.28654],[-78.654504,38.290785],[-78.653184,38.291536],[-78.651214,38.293463],[-78.649656,38.293307],[-78.647508,38.292453],[-78.644386,38.292491],[-78.642031,38.29169],[-78.640243,38.290704],[-78.637958,38.290762],[-78.634337,38.292029],[-78.632597,38.293657],[-78.628525,38.300023],[-78.626422,38.300772],[-78.622644,38.30165],[-78.622556,38.301675],[-78.619303,38.303416],[-78.615011,38.304035],[-78.60895,38.305765],[-78.60378,38.306484],[-78.602248,38.307485],[-78.602292,38.309187],[-78.601713,38.313538],[-78.600307,38.315549],[-78.596573,38.317079],[-78.595529,38.318068],[-78.595392,38.3201],[-78.592239,38.32123],[-78.589972,38.323191],[-78.587506,38.32483],[-78.583589,38.325547],[-78.581302,38.325625],[-78.579813,38.327504],[-78.578711,38.327965],[-78.575287,38.328435],[-78.573204,38.328408],[-78.570094,38.327884],[-78.567232,38.328236],[-78.565438,38.328996],[-78.564714,38.330644],[-78.563637,38.330929],[-78.559822,38.331066],[-78.559081,38.331064],[-78.558231,38.331351],[-78.557004,38.331977],[-78.555011,38.333493],[-78.553143,38.334824],[-78.551583,38.336318],[-78.551778,38.33701],[-78.552295,38.337702],[-78.5527,38.338625],[-78.552729,38.339855],[-78.552661,38.342513],[-78.552773,38.343732],[-78.553067,38.344893],[-78.553809,38.348499],[-78.553112,38.349312],[-78.547298,38.352324],[-78.54631,38.355444],[-78.54541,38.356933],[-78.54524,38.357152],[-78.543773,38.358399],[-78.544637,38.361536],[-78.543929,38.363319],[-78.542015,38.364859],[-78.540652,38.365341],[-78.536564,38.366113],[-78.531877,38.366103],[-78.526325,38.367851],[-78.524944,38.369015],[-78.522792,38.36951],[-78.524833,38.370279],[-78.526173,38.371267],[-78.526424,38.372442],[-78.524789,38.375595],[-78.522701,38.379011],[-78.521948,38.379791],[-78.518641,38.381253],[-78.518632,38.38326],[-78.517048,38.385723],[-78.517136,38.389381],[-78.516421,38.391567],[-78.515141,38.39372],[-78.512954,38.393915],[-78.510159,38.392876],[-78.507444,38.393573],[-78.502689,38.396478],[-78.499397,38.399599],[-78.498822,38.402673],[-78.496045,38.404825],[-78.493214,38.406286],[-78.494355,38.409054],[-78.493842,38.409922],[-78.490715,38.412867],[-78.489842,38.414299],[-78.488109,38.415279],[-78.486721,38.416106],[-78.487251,38.419763],[-78.48574,38.421579],[-78.484246,38.423648],[-78.484038,38.424896],[-78.484021,38.42502],[-78.483902,38.425883],[-78.483576,38.427061],[-78.483347,38.427474],[-78.481647,38.430603],[-78.478938,38.431701],[-78.476566,38.432146],[-78.477714,38.434178],[-78.47796,38.435444],[-78.477573,38.436905],[-78.477718,38.438574],[-78.47591,38.440777],[-78.475856,38.441955],[-78.474408,38.443867],[-78.474328,38.445586],[-78.472509,38.447627],[-78.469718,38.447433],[-78.466894,38.447572],[-78.465073,38.447],[-78.465464,38.450283],[-78.464699,38.452542],[-78.462113,38.45472],[-78.461858,38.456277],[-78.462573,38.458323],[-78.462586,38.458399],[-78.462615,38.458613],[-78.462658,38.458923],[-78.462658,38.459528],[-78.46228,38.460101],[-78.462067,38.460313],[-78.460543,38.461819],[-78.459741,38.463367],[-78.457711,38.464804],[-78.457547,38.467733],[-78.455495,38.472532],[-78.452801,38.475527],[-78.450037,38.480848],[-78.448758,38.482712],[-78.446839,38.484007],[-78.445533,38.487702],[-78.44438,38.489444],[-78.44206,38.489719],[-78.441463,38.4909],[-78.442093,38.492509],[-78.442156,38.494397],[-78.444234,38.495124],[-78.446067,38.497423],[-78.446648,38.498631],[-78.445819,38.50005],[-78.445248,38.502811],[-78.443167,38.504291],[-78.442365,38.505695],[-78.442158,38.507623],[-78.442526,38.50972],[-78.442739,38.511959],[-78.440451,38.513471],[-78.44111,38.515989],[-78.440101,38.516457],[-78.438939,38.516787],[-78.43888,38.51695],[-78.438177,38.518329],[-78.436809,38.519147],[-78.436268,38.522146],[-78.440853,38.526117],[-78.441548,38.526717],[-78.442767,38.527775],[-78.441239,38.528865],[-78.439642,38.529731],[-78.438562,38.530713],[-78.437185,38.530031],[-78.437051,38.529841],[-78.434682,38.527641],[-78.432232,38.526347],[-78.430208,38.526893],[-78.428056,38.530111],[-78.425036,38.531169],[-78.424184,38.532217],[-78.422392,38.533423],[-78.420898,38.533795],[-78.419561,38.534653],[-78.418937,38.537067],[-78.418894,38.537155],[-78.418711,38.537324],[-78.418556,38.537418],[-78.418463,38.537475],[-78.418129,38.537817],[-78.417631,38.538477],[-78.417375,38.538818],[-78.417182,38.539206],[-78.417152,38.539377],[-78.415076,38.542991],[-78.414397,38.545067],[-78.41376,38.547201],[-78.411906,38.54814],[-78.410162,38.548635],[-78.408415,38.549832],[-78.407449,38.551696],[-78.404021,38.552218],[-78.394338,38.555687],[-78.390679,38.55467],[-78.38895,38.554899],[-78.386752,38.556468],[-78.384082,38.558935],[-78.383241,38.559877],[-78.380929,38.561307],[-78.380617,38.561978],[-78.380764,38.565321],[-78.381129,38.56777],[-78.383095,38.569001],[-78.383979,38.570568],[-78.383652,38.573171],[-78.382507,38.575419],[-78.382971,38.57724],[-78.383185,38.578067],[-78.384634,38.578696],[-78.385662,38.582656],[-78.383193,38.588319],[-78.380905,38.590129],[-78.379464,38.590443],[-78.37622,38.592858],[-78.374098,38.594486],[-78.373525,38.596046],[-78.37144,38.59781],[-78.370992,38.599408],[-78.367796,38.602249],[-78.367616,38.603428],[-78.366699,38.604549],[-78.36642,38.606053],[-78.364415,38.609603],[-78.363758,38.6102],[-78.363643,38.610256],[-78.363503,38.610293],[-78.363177,38.610382],[-78.362947,38.610473],[-78.362746,38.610645],[-78.362645,38.61086],[-78.362306,38.611633],[-78.362097,38.611998],[-78.361938,38.612123],[-78.36169,38.612189],[-78.361303,38.612275],[-78.361163,38.612305],[-78.360667,38.61243],[-78.36032,38.612595],[-78.36026,38.61263],[-78.360233,38.612657],[-78.360201,38.612729],[-78.360195,38.612746],[-78.360194,38.612767],[-78.360201,38.612788],[-78.360236,38.612834],[-78.360345,38.612944],[-78.360428,38.613028],[-78.36046,38.613128],[-78.360501,38.613239],[-78.360494,38.613416],[-78.360312,38.613605],[-78.360018,38.613783],[-78.359648,38.613814],[-78.359479,38.61376],[-78.359391,38.613731],[-78.359294,38.6137],[-78.358622,38.613611],[-78.357685,38.613483],[-78.357581,38.613456],[-78.357278,38.613373],[-78.357222,38.613356],[-78.357187,38.61334],[-78.357159,38.613318],[-78.357061,38.613219],[-78.356898,38.613014],[-78.355202,38.611976],[-78.353299,38.614244],[-78.352215,38.615553],[-78.348664,38.616286],[-78.345984,38.617959],[-78.344471,38.619786],[-78.344621,38.622266],[-78.341976,38.624317],[-78.341552,38.625258],[-78.338693,38.627019],[-78.338176,38.627312],[-78.337852,38.627459],[-78.335182,38.628751],[-78.331286,38.627979],[-78.329475,38.628001],[-78.327615,38.628777],[-78.32587,38.630718],[-78.325368,38.632213],[-78.323917,38.634509],[-78.322053,38.638581],[-78.322133,38.640214],[-78.321284,38.641587],[-78.319664,38.643214],[-78.320136,38.644529],[-78.319619,38.646427],[-78.318127,38.64885],[-78.315581,38.651564],[-78.317997,38.656448],[-78.319864,38.657783],[-78.319918,38.660102],[-78.319693,38.660693],[-78.318933,38.663236],[-78.317914,38.665397],[-78.317449,38.66723],[-78.317546,38.669499],[-78.319462,38.670835],[-78.322282,38.671957],[-78.323838,38.672092],[-78.323671,38.673878],[-78.322756,38.675742],[-78.320812,38.678157],[-78.316594,38.680514],[-78.314386,38.682509],[-78.315868,38.685823],[-78.315589,38.68756],[-78.316356,38.690557],[-78.318781,38.695544],[-78.319771,38.695948],[-78.319819,38.696002],[-78.319953,38.696152],[-78.320141,38.696645],[-78.320177,38.696912],[-78.320193,38.697178],[-78.320147,38.697317],[-78.320139,38.697342],[-78.320096,38.697475],[-78.320034,38.697619],[-78.319967,38.69778],[-78.319922,38.698054],[-78.319918,38.698239],[-78.319989,38.698352],[-78.320111,38.698426],[-78.32041,38.698574],[-78.320485,38.698611],[-78.321896,38.699918],[-78.323753,38.700822],[-78.328804,38.702679],[-78.331705,38.702642],[-78.332216,38.705638],[-78.330509,38.70764],[-78.329724,38.71148],[-78.328469,38.713828],[-78.327082,38.716821],[-78.325238,38.719237],[-78.325273,38.72009],[-78.323727,38.721259],[-78.323505,38.723527],[-78.321479,38.727197],[-78.321945,38.729292],[-78.320253,38.734942],[-78.318775,38.737866],[-78.313752,38.73719],[-78.308744,38.73809],[-78.304898,38.73817],[-78.30338,38.739259],[-78.30276,38.741469],[-78.299783,38.744491],[-78.299477,38.748369],[-78.296019,38.751134],[-78.292866,38.750933],[-78.292747,38.75097],[-78.292584,38.751021],[-78.292422,38.750939],[-78.291579,38.750853],[-78.29136,38.750631],[-78.291351,38.750622],[-78.291342,38.750613],[-78.291023,38.750356],[-78.291003,38.750352],[-78.290766,38.7503],[-78.290632,38.750325],[-78.29054,38.750373],[-78.29052,38.75051],[-78.290499,38.750824],[-78.290511,38.750876],[-78.289663,38.753241],[-78.285909,38.75745],[-78.284805,38.759315],[-78.28202,38.760959],[-78.279337,38.762215],[-78.277664,38.762113],[-78.275634,38.762165],[-78.271016,38.761862],[-78.267708,38.760666],[-78.265123,38.7587],[-78.264972,38.758641],[-78.264748,38.75861],[-78.264545,38.758581],[-78.26404,38.758514],[-78.26336,38.758462],[-78.262929,38.758534],[-78.26257,38.758607],[-78.262484,38.758635],[-78.258913,38.759415],[-78.257175,38.759526],[-78.255826,38.758491],[-78.252959,38.757042],[-78.251131,38.758422],[-78.247989,38.759763],[-78.246818,38.761498],[-78.244305,38.763272],[-78.241962,38.762362],[-78.239367,38.761899],[-78.23845,38.762084],[-78.237778,38.763812],[-78.236582,38.765293],[-78.235506,38.765845],[-78.235328,38.766933],[-78.233402,38.76794],[-78.230219,38.769194],[-78.226571,38.768098],[-78.224693,38.768142],[-78.21875,38.773031],[-78.217089,38.773627],[-78.211914,38.774928],[-78.210366,38.775041],[-78.206687,38.774204],[-78.204687,38.775319],[-78.200885,38.77666],[-78.198717,38.77909],[-78.197274,38.77961],[-78.195164,38.781506],[-78.194283,38.785362],[-78.19341,38.787281],[-78.192408,38.787943],[-78.190003,38.788366],[-78.188619,38.789888],[-78.188702,38.790537],[-78.184702,38.792836],[-78.184125,38.796046],[-78.18332,38.798575],[-78.181959,38.799262],[-78.181781,38.800273],[-78.182509,38.801474],[-78.181863,38.802784],[-78.181981,38.804266],[-78.181307,38.805542],[-78.180355,38.809336],[-78.179389,38.811309],[-78.178616,38.815832],[-78.180191,38.817751],[-78.179397,38.818548],[-78.175582,38.819134],[-78.172709,38.818809],[-78.171109,38.819009],[-78.170478,38.82066],[-78.170941,38.823847],[-78.170525,38.824521],[-78.169883,38.825465],[-78.169821,38.825783],[-78.169718,38.826102],[-78.169707,38.826382],[-78.169709,38.826674],[-78.16976,38.826864],[-78.170957,38.829279],[-78.169706,38.830494],[-78.168587,38.833693],[-78.165355,38.834669],[-78.164721,38.835665],[-78.162565,38.836419],[-78.159957,38.836495],[-78.160984,38.839257],[-78.158942,38.841114],[-78.159145,38.842525],[-78.156896,38.845003],[-78.152749,38.846846],[-78.151407,38.848359],[-78.151794,38.849063],[-78.15254,38.850336],[-78.152076,38.850774],[-78.152641,38.854384],[-78.149547,38.8544],[-78.142019,38.85565],[-78.14267,38.858007],[-78.142974,38.859098],[-78.138292,38.859633],[-78.134899,38.861],[-78.132988,38.861991],[-78.131833,38.861804],[-78.131175,38.861697],[-78.130337,38.861856],[-78.130009,38.863341],[-78.130574,38.864865],[-78.13059,38.865588],[-78.131267,38.867459],[-78.130059,38.870011],[-78.12898,38.871037],[-78.127961,38.871015],[-78.126365,38.872925],[-78.12386,38.873839],[-78.117126,38.876521],[-78.114209,38.876886],[-78.112546,38.879021],[-78.112247,38.88026],[-78.106036,38.879607],[-78.101787,38.879077],[-78.094917,38.879838],[-78.09416,38.880833],[-78.092988,38.884035],[-78.091981,38.885586],[-78.090792,38.886015],[-78.088462,38.885719],[-78.084505,38.886132],[-78.079565,38.886243],[-78.077539,38.887716],[-78.075785,38.886056],[-78.073674,38.886583],[-78.073169,38.891043],[-78.068358,38.892179],[-78.068685,38.893003],[-78.067376,38.892443],[-78.067748,38.891502],[-78.067054,38.890944],[-78.066222,38.891341],[-78.061804,38.891946],[-78.061922,38.896714],[-78.062309,38.896952],[-78.06176,38.90025],[-78.064195,38.900689],[-78.063935,38.901463],[-78.063875,38.901671],[-78.072139,38.903605],[-78.071787,38.905062],[-78.075302,38.907273],[-78.075268,38.907703],[-78.075835,38.908734],[-78.075715,38.909425],[-78.075334,38.911567],[-78.075279,38.911873],[-78.074867,38.912838],[-78.072903,38.914482],[-78.070894,38.917023],[-78.069668,38.917248],[-78.068504,38.919471],[-78.067225,38.920361],[-78.063793,38.923967],[-78.064646,38.927091],[-78.063973,38.928364],[-78.062156,38.930284],[-78.0615,38.93078],[-78.059086,38.932595],[-78.055709,38.932955],[-78.053181,38.933966],[-78.051485,38.935708],[-78.049456,38.936036],[-78.043746,38.937619],[-78.042624,38.938142],[-78.041576,38.938096],[-78.039556,38.93983],[-78.039045,38.941606],[-78.03907,38.943109],[-78.038443,38.943473],[-78.03777,38.945352],[-78.036926,38.947214],[-78.036064,38.947678],[-78.035712,38.947862],[-78.035088,38.948195],[-78.035013,38.948813],[-78.034993,38.948979],[-78.03497,38.949034],[-78.034637,38.949822],[-78.032437,38.950696],[-78.031088,38.95048],[-78.028987,38.950159],[-78.027381,38.952077],[-78.027096,38.953937],[-78.026704,38.955749],[-78.025439,38.956199],[-78.024037,38.956763],[-78.023313,38.95813],[-78.020639,38.961852],[-78.020063,38.96375],[-78.019227,38.964398],[-78.018163,38.964811],[-78.017149,38.966124],[-78.017462,38.96922],[-78.017029,38.971189],[-78.014485,38.971566],[-78.009672,38.975073],[-78.007226,38.97722],[-78.005778,38.978767],[-78.004313,38.979438],[-78.002655,38.98106],[-78.002091,38.982228],[-78.002048,38.98333],[-78.000336,38.984597],[-77.998119,38.985879],[-77.997301,38.986536],[-77.994433,38.990105],[-77.991859,38.992487],[-77.990185,38.993322],[-77.989892,38.993977],[-77.990723,38.99592],[-77.989536,38.997109],[-77.981295,39.002408],[-77.978138,39.002949],[-77.976685,39.002551],[-77.974282,39.003354],[-77.971718,39.005597],[-77.969001,39.006672],[-77.965505,39.008735],[-77.964944,39.009349],[-77.962501,39.013557],[-77.962273,39.013693],[-77.962203,39.013733],[-77.962041,39.013934],[-77.956414,39.020898],[-77.947884,39.022007],[-77.942554,39.023178],[-77.941227,39.023474],[-77.93081,39.0297],[-77.929927,39.030239],[-77.926815,39.035296],[-77.917642,39.03907],[-77.913766,39.041473],[-77.906806,39.045783],[-77.902021,39.050174],[-77.901175,39.050982],[-77.901027,39.051124],[-77.900992,39.051156],[-77.900765,39.051365],[-77.900755,39.051372],[-77.900366,39.051735],[-77.899086,39.052917],[-77.893279,39.055425],[-77.892683,39.056441],[-77.891145,39.059026],[-77.890828,39.059553],[-77.887892,39.064463],[-77.885815,39.067224],[-77.881756,39.072589],[-77.879778,39.075175],[-77.877596,39.078042],[-77.873832,39.080157],[-77.87045,39.080409],[-77.862825,39.080979],[-77.861969,39.08243],[-77.86074,39.084478],[-77.858268,39.088639],[-77.855786,39.092805],[-77.855169,39.095284],[-77.854067,39.099729],[-77.853781,39.100862],[-77.853766,39.10093],[-77.853746,39.101004],[-77.853741,39.101025],[-77.8531,39.102242],[-77.852548,39.103273],[-77.845843,39.115892],[-77.845747,39.116073],[-77.845329,39.11686],[-77.844769,39.117915],[-77.843797,39.119747],[-77.83896,39.121814],[-77.835841,39.125719],[-77.832515,39.127519],[-77.828299,39.132426],[-77.828791,39.132763],[-77.834843,39.136658],[-77.849088,39.145823],[-77.860203,39.152981],[-77.860941,39.153456],[-77.861317,39.1537],[-77.874697,39.162277],[-77.883576,39.168039],[-77.885508,39.169287],[-77.892337,39.173699],[-77.892582,39.173858],[-77.914915,39.188319],[-77.915319,39.188581],[-77.919424,39.191193],[-77.928145,39.19685],[-77.935929,39.201901],[-77.940874,39.20511],[-77.955474,39.214583],[-77.957463,39.215874],[-77.967298,39.222212],[-77.974404,39.226793],[-77.975842,39.22772],[-77.991269,39.237662],[-77.99972,39.243146],[-78.007456,39.24791],[-78.021708,39.257163],[-78.030609,39.263048],[-78.032946,39.264462],[-78.033191,39.264612],[-78.054769,39.278061],[-78.06105,39.282099],[-78.067874,39.286532],[-78.069511,39.287595],[-78.074568,39.29088],[-78.079953,39.294363],[-78.081365,39.295255],[-78.08161,39.29541],[-78.093592,39.303093],[-78.100147,39.307147],[-78.108306,39.312187],[-78.123808,39.322677],[-78.135936,39.330518],[-78.14092,39.333745],[-78.14812,39.337763],[-78.150694,39.339328],[-78.158711,39.343767],[-78.171331,39.352964],[-78.171455,39.353054],[-78.176461,39.356429],[-78.184154,39.361801],[-78.18737,39.363989],[-78.197539,39.370235],[-78.206444,39.375793],[-78.219912,39.38511],[-78.237942,39.397581],[-78.244965,39.402438],[-78.249727,39.405153],[-78.251457,39.406367],[-78.258077,39.411016],[-78.258517,39.411325],[-78.262815,39.41434],[-78.271919,39.419553],[-78.274364,39.420952],[-78.28694,39.428148],[-78.28931,39.42958],[-78.300158,39.436321],[-78.303621,39.438444],[-78.307204,39.440641],[-78.307448,39.440791],[-78.33031,39.455332],[-78.344392,39.464348],[-78.347087,39.466012],[-78.349798,39.461807],[-78.349094,39.461759],[-78.345452,39.459907],[-78.345081,39.458487],[-78.345603,39.456732],[-78.345823,39.453499],[-78.347046,39.450236],[-78.347333,39.447659],[-78.346061,39.445613],[-78.346546,39.442616],[-78.347773,39.440583],[-78.353227,39.436792],[-78.350388,39.433323],[-78.347942,39.430879],[-78.347701,39.428718],[-78.346718,39.427618],[-78.348354,39.424431],[-78.350111,39.422562],[-78.351236,39.420595],[-78.357024,39.416638],[-78.356452,39.41543],[-78.359352,39.412534],[-78.359918,39.409028],[-78.358794,39.405631],[-78.357949,39.404192],[-78.356248,39.403301],[-78.355788,39.402509],[-78.349884,39.397939],[-78.349298,39.39657],[-78.349613,39.393879],[-78.351211,39.3914],[-78.35003,39.390657],[-78.346675,39.390556],[-78.344675,39.389106],[-78.343214,39.388807],[-78.346875,39.383306],[-78.347999,39.381363],[-78.350108,39.379144],[-78.351098,39.377661],[-78.352097,39.375098],[-78.355362,39.370985],[-78.357712,39.368387],[-78.358367,39.368134],[-78.361647,39.363903],[-78.364045,39.36153],[-78.366867,39.35929],[-78.362404,39.357834],[-78.357521,39.356933],[-78.351391,39.355202],[-78.348927,39.354713],[-78.340415,39.353628],[-78.34071,39.352233],[-78.339151,39.351949],[-78.339527,39.350802],[-78.338958,39.349889],[-78.339284,39.348605],[-78.341308,39.345555],[-78.343114,39.34683],[-78.344539,39.346277],[-78.346777,39.344266],[-78.347634,39.34272],[-78.345574,39.341228],[-78.346301,39.339108],[-78.348755,39.336121],[-78.350172,39.334672],[-78.350512,39.33309],[-78.351717,39.33145],[-78.353086,39.329746],[-78.353915,39.327919],[-78.355709,39.327144],[-78.355576,39.325726],[-78.356427,39.323722],[-78.358393,39.320189],[-78.360571,39.317597],[-78.362864,39.318957],[-78.364074,39.31882],[-78.364684,39.317312],[-78.363871,39.316253],[-78.364203,39.315218],[-78.365842,39.313983],[-78.367242,39.310148],[-78.367891,39.309485],[-78.370541,39.308401],[-78.374728,39.305136],[-78.377881,39.301862],[-78.378968,39.300202],[-78.380902,39.298512],[-78.385052,39.295664],[-78.387238,39.29343],[-78.387194,39.291444],[-78.388785,39.288572],[-78.391318,39.28548],[-78.392406,39.284788],[-78.393371,39.282988],[-78.396559,39.282078],[-78.397896,39.280562],[-78.399228,39.281519],[-78.400546,39.280922],[-78.402886,39.278624],[-78.402702,39.277456],[-78.401813,39.276754],[-78.402783,39.275471],[-78.407823,39.270454],[-78.408237,39.269545],[-78.409712,39.268409],[-78.414204,39.26391],[-78.415028,39.262504],[-78.417013,39.260867],[-78.418413,39.258501],[-78.419422,39.257476],[-78.418584,39.256065],[-78.41612,39.25541],[-78.414631,39.255733],[-78.409116,39.252564],[-78.406817,39.250575],[-78.405707,39.249056],[-78.40392,39.247643],[-78.403008,39.246417],[-78.399843,39.244254],[-78.399669,39.243874],[-78.404214,39.241214],[-78.404612,39.238873],[-78.404982,39.237611],[-78.404345,39.236095],[-78.404239,39.235405],[-78.405327,39.234178],[-78.406031,39.232931],[-78.405459,39.231698],[-78.405937,39.230847],[-78.407351,39.23015],[-78.409103,39.227467],[-78.413046,39.223132],[-78.415641,39.220709],[-78.41724,39.218329],[-78.420548,39.214798],[-78.423018,39.212575],[-78.424459,39.211803],[-78.427876,39.208764],[-78.428734,39.207374],[-78.429859,39.207],[-78.429896,39.20699],[-78.430363,39.206863],[-78.430818,39.206389],[-78.43117,39.205907],[-78.431168,39.2058],[-78.432188,39.204828],[-78.433293,39.202621],[-78.43568,39.200526],[-78.437606,39.199247],[-78.438695,39.198093],[-78.438218,39.197618],[-78.436662,39.196658],[-78.433779,39.19666],[-78.432817,39.196125],[-78.430846,39.196227],[-78.42962,39.193577],[-78.428676,39.192633],[-78.426024,39.19414],[-78.424292,39.192156],[-78.428697,39.187217],[-78.427705,39.185975],[-78.426932,39.185563],[-78.427041,39.184179],[-78.426315,39.182762],[-78.423989,39.182491],[-78.422853,39.180961],[-78.418944,39.177354],[-78.414844,39.177835],[-78.413725,39.17442],[-78.413131,39.173638],[-78.41074,39.171983],[-78.408106,39.171461],[-78.406966,39.170903],[-78.405246,39.168629],[-78.403907,39.167738],[-78.407229,39.164378],[-78.408622,39.163528],[-78.409698,39.162171],[-78.412599,39.160038],[-78.413943,39.158415],[-78.416849,39.157618],[-78.418377,39.156656],[-78.424561,39.154096],[-78.427294,39.152726],[-78.42875,39.151313],[-78.430075,39.1492],[-78.432661,39.145746],[-78.434095,39.144695],[-78.434811,39.143047],[-78.436658,39.141691],[-78.43687,39.139873],[-78.437732,39.13683],[-78.437771,39.135426],[-78.439429,39.132146],[-78.440387,39.131609],[-78.441948,39.129577],[-78.44656,39.125764],[-78.448296,39.124051],[-78.452221,39.120715],[-78.453802,39.120004],[-78.454787,39.118443],[-78.459311,39.114273],[-78.459869,39.113351],[-78.463813,39.113286],[-78.466662,39.112858],[-78.46953,39.111204],[-78.470149,39.110238],[-78.473209,39.108143],[-78.475103,39.10754],[-78.476058,39.107754],[-78.477832,39.109605],[-78.479597,39.109505],[-78.484283,39.107372],[-78.48976,39.103856],[-78.493734,39.10159],[-78.49516,39.100992],[-78.495984,39.09898],[-78.499731,39.095933],[-78.501728,39.094549],[-78.504384,39.091398],[-78.508132,39.08863],[-78.510485,39.085402],[-78.512103,39.084878],[-78.516479,39.081802],[-78.515955,39.080046],[-78.516789,39.077569],[-78.518112,39.076122],[-78.521561,39.073452],[-78.522714,39.071062],[-78.526543,39.068221],[-78.529125,39.067559],[-78.53223,39.06605],[-78.53458,39.064406],[-78.535108,39.062905],[-78.540216,39.060631],[-78.541403,39.059119],[-78.544182,39.056559],[-78.545679,39.055052],[-78.547734,39.054069],[-78.550297,39.051755],[-78.550755,39.050786],[-78.552741,39.04849],[-78.554263,39.048058],[-78.556748,39.044527],[-78.559997,39.041573],[-78.561609,39.040842],[-78.562643,39.039686],[-78.564604,39.038558],[-78.565358,39.037072],[-78.568037,39.035443],[-78.568926,39.034182],[-78.571901,39.031995],[-78.571062,39.03095],[-78.569046,39.029475],[-78.565837,39.026303],[-78.565073,39.025935],[-78.563294,39.026328],[-78.562085,39.025382],[-78.558948,39.024007],[-78.558166,39.022035],[-78.55738,39.021393],[-78.552457,39.018776],[-78.550467,39.018065],[-78.552321,39.016374],[-78.554919,39.015124],[-78.5594,39.011877],[-78.561711,39.009007],[-78.562628,39.007198],[-78.569029,39.002951],[-78.573388,38.998477],[-78.577917,38.993003],[-78.580465,38.990567],[-78.581981,38.988398],[-78.582928,38.985416],[-78.585972,38.982859],[-78.587653,38.980714],[-78.587321,38.979747],[-78.588704,38.978579],[-78.588929,38.976958],[-78.590827,38.975539],[-78.593261,38.971918],[-78.596015,38.970192],[-78.598894,38.969546],[-78.601399,38.96653],[-78.601655,38.964603],[-78.608369,38.969743],[-78.610197,38.970476],[-78.610574,38.975103],[-78.611184,38.976134],[-78.612588,38.976287],[-78.614312,38.97585],[-78.618676,38.974082],[-78.618749,38.975066],[-78.619982,38.977338],[-78.620191,38.979829],[-78.619914,38.981288],[-78.620453,38.982601],[-78.621784,38.982383],[-78.625672,38.982575],[-78.629553,38.980866],[-78.630846,38.979586],[-78.632452,38.976983],[-78.632471,38.974739],[-78.635371,38.970412],[-78.638423,38.966819],[-78.641995,38.967684],[-78.646589,38.968138],[-78.648265,38.966044],[-78.648258,38.965156],[-78.649335,38.9636],[-78.652352,38.960677],[-78.65305,38.95854],[-78.655043,38.953766],[-78.657463,38.950898],[-78.65905,38.947375],[-78.66037,38.946966],[-78.662083,38.945702],[-78.665886,38.941579],[-78.666594,38.9392],[-78.668257,38.937395],[-78.670679,38.9338],[-78.672495,38.932545],[-78.674272,38.930692],[-78.676253,38.929227],[-78.677449,38.927908],[-78.679381,38.92657],[-78.680456,38.925313],[-78.681617,38.92584],[-78.684904,38.925121],[-78.688266,38.92478],[-78.689608,38.923665],[-78.69145,38.922195],[-78.692714,38.91959],[-78.696135,38.917169],[-78.69738,38.915602],[-78.697623,38.914278],[-78.702237,38.915621],[-78.704323,38.915231],[-78.707475,38.912725],[-78.708941,38.911064],[-78.712622,38.908665],[-78.714969,38.906428],[-78.716168,38.90483],[-78.717178,38.904296],[-78.718647,38.904561],[-78.71992,38.906403],[-78.719901,38.908052],[-78.720931,38.91016],[-78.720646,38.9123],[-78.720466,38.914379],[-78.719348,38.915749],[-78.719823,38.916448],[-78.720149,38.916928],[-78.719288,38.920886],[-78.720073,38.923491],[-78.71962,38.92651],[-78.718352,38.930224],[-78.717076,38.936028],[-78.718483,38.934266],[-78.721052,38.932218],[-78.723584,38.931112],[-78.726222,38.930932],[-78.729156,38.930002],[-78.732148,38.929376],[-78.736971,38.92752],[-78.73868,38.927362],[-78.742115,38.924516],[-78.744943,38.921132],[-78.744433,38.920228],[-78.748112,38.917511],[-78.750517,38.916028],[-78.751156,38.91469],[-78.750357,38.911675],[-78.752085,38.910869],[-78.75369,38.909564],[-78.754658,38.907581],[-78.754516,38.905728],[-78.757592,38.902939],[-78.759085,38.900529],[-78.761768,38.899635],[-78.764309,38.898159],[-78.767425,38.89712],[-78.769358,38.897064],[-78.770725,38.896104],[-78.772793,38.893742],[-78.779198,38.892298],[-78.786025,38.887187],[-78.788031,38.885123],[-78.789306,38.882503],[-78.790078,38.880076],[-78.791065,38.879028],[-78.79161,38.877593],[-78.795136,38.875996],[-78.79633,38.875111],[-78.796657,38.873646],[-78.798816,38.870602],[-78.802272,38.864824],[-78.804771,38.861246],[-78.805046,38.859738],[-78.806025,38.857207],[-78.80818,38.856175],[-78.809426,38.853408],[-78.809559,38.852058],[-78.811223,38.848589],[-78.812771,38.846124],[-78.8149,38.842033],[-78.815996,38.839514],[-78.817663,38.837187],[-78.821167,38.830982],[-78.822872,38.828785],[-78.824253,38.826406],[-78.826138,38.824436],[-78.827026,38.822975],[-78.827262,38.82161],[-78.829056,38.818625],[-78.831659,38.814895],[-78.834881,38.812034],[-78.835493,38.809925],[-78.837776,38.808101],[-78.839708,38.805871],[-78.841559,38.803103],[-78.844698,38.799719],[-78.846311,38.797447],[-78.84663,38.796035],[-78.848187,38.794978],[-78.849814,38.793012],[-78.850566,38.791075],[-78.852791,38.788055],[-78.853376,38.786678],[-78.855191,38.784087],[-78.855203,38.783573],[-78.857236,38.781355],[-78.85981,38.777856],[-78.861482,38.775223],[-78.861668,38.774204],[-78.863684,38.7718],[-78.865221,38.767757],[-78.869261,38.76298],[-78.891402,38.778447],[-78.896011,38.781665],[-78.897406,38.782643],[-78.941433,38.813386],[-78.941966,38.813755],[-78.945651,38.816332],[-78.97728,38.83841],[-78.993761,38.850021],[-78.99645,38.848137],[-78.998171,38.847353],[-79.000252,38.845412],[-78.998863,38.840962],[-78.999014,38.840074],[-79.000952,38.837712],[-79.002352,38.836512],[-79.004852,38.830712],[-79.006352,38.826112],[-79.006137,38.824511],[-79.006946,38.823315],[-79.007952,38.822312],[-79.009745,38.821612],[-79.012652,38.820112],[-79.013585,38.820014],[-79.013615,38.820018],[-79.014152,38.820112],[-79.014656,38.820318],[-79.014728,38.820316],[-79.01655,38.820054],[-79.019534,38.817907],[-79.020153,38.816112],[-79.019632,38.814415],[-79.019842,38.811711],[-79.020762,38.811214],[-79.023653,38.809812],[-79.024253,38.807412],[-79.023453,38.806112],[-79.024453,38.803712],[-79.023453,38.802612],[-79.022953,38.800113],[-79.023041,38.798611],[-79.024253,38.797213],[-79.026153,38.793413],[-79.027253,38.792113],[-79.029253,38.791013],[-79.033153,38.791013],[-79.036853,38.791713],[-79.041653,38.791913],[-79.044454,38.791607],[-79.045758,38.792108],[-79.047349,38.79181],[-79.048954,38.790713],[-79.05287,38.787418],[-79.054954,38.785713],[-79.055642,38.783611],[-79.055354,38.782213],[-79.053954,38.780213],[-79.052454,38.779213],[-79.051654,38.778013],[-79.052054,38.775513],[-79.051268,38.773602],[-79.051554,38.772613],[-79.053754,38.772313],[-79.055654,38.770913],[-79.055777,38.768918],[-79.056554,38.767313],[-79.057354,38.761913],[-79.057254,38.760713],[-79.058954,38.759113],[-79.060954,38.756713],[-79.065654,38.754013],[-79.067573,38.752043],[-79.069144,38.75101],[-79.069754,38.749313],[-79.071454,38.748613],[-79.072555,38.747513],[-79.072655,38.745225],[-79.073855,38.742114],[-79.076555,38.739214],[-79.079055,38.737214],[-79.080355,38.732514],[-79.081555,38.731014],[-79.083155,38.727714],[-79.084255,38.726514],[-79.086255,38.722914],[-79.087255,38.719114],[-79.086455,38.717415],[-79.086555,38.716015],[-79.088055,38.712815],[-79.089255,38.709415],[-79.091066,38.706019],[-79.091755,38.703915],[-79.092955,38.702002],[-79.092447,38.699642],[-79.091355,38.698015],[-79.091355,38.694515],[-79.090955,38.692915],[-79.089655,38.691315],[-79.088055,38.690115],[-79.085547,38.688824],[-79.0843,38.686507],[-79.084655,38.684516],[-79.086255,38.682116],[-79.087055,38.677016],[-79.088255,38.672916],[-79.090655,38.669716],[-79.092246,38.668114],[-79.092947,38.664432],[-79.092839,38.661354],[-79.092955,38.659517],[-79.094455,38.658917],[-79.096555,38.659017],[-79.100656,38.657517],[-79.103356,38.657217],[-79.106118,38.656217],[-79.107056,38.656417],[-79.109671,38.658436],[-79.110956,38.659517],[-79.113256,38.659817],[-79.114337,38.659327],[-79.115955,38.658809],[-79.120256,38.660216],[-79.122256,38.659817],[-79.123257,38.658917],[-79.123454,38.656917],[-79.124356,38.655817],[-79.126356,38.655108],[-79.129455,38.655318],[-79.131056,38.653218],[-79.131117,38.651197],[-79.13125,38.650315],[-79.132557,38.649117],[-79.132657,38.647517],[-79.133457,38.646617],[-79.133557,38.645317],[-79.135643,38.643954],[-79.137348,38.640016],[-79.137557,38.638017],[-79.139657,38.637217],[-79.142657,38.634417],[-79.143651,38.632316],[-79.14395,38.630511],[-79.144657,38.630018],[-79.145957,38.626818],[-79.147057,38.625318],[-79.149087,38.623657],[-79.151457,38.620218],[-79.152557,38.616518],[-79.153957,38.614518],[-79.155559,38.610484],[-79.155557,38.609218],[-79.154657,38.607918],[-79.154656,38.605919],[-79.156657,38.604118],[-79.159158,38.601219],[-79.159258,38.599819],[-79.158657,38.597619],[-79.159558,38.594819],[-79.158257,38.593919],[-79.158257,38.593119],[-79.159858,38.590219],[-79.161658,38.588219],[-79.163442,38.582817],[-79.165357,38.58092],[-79.167558,38.579819],[-79.168101,38.578822],[-79.168158,38.577519],[-79.170858,38.574119],[-79.171658,38.57222],[-79.170859,38.57012],[-79.170954,38.568116],[-79.174112,38.566643],[-79.176658,38.56552],[-79.177258,38.56332],[-79.177958,38.56232],[-79.180858,38.55992],[-79.181658,38.55852],[-79.182058,38.55632],[-79.184258,38.55132],[-79.186158,38.55012],[-79.188958,38.54742],[-79.190058,38.54542],[-79.193458,38.542421],[-79.195359,38.539321],[-79.196159,38.537221],[-79.199059,38.535021],[-79.198859,38.532121],[-79.200659,38.529921],[-79.201459,38.527821],[-79.203059,38.526421],[-79.205859,38.524521],[-79.206459,38.522721],[-79.206359,38.520521],[-79.207159,38.517621],[-79.208859,38.514621],[-79.209759,38.511922],[-79.209759,38.510322],[-79.210959,38.507422],[-79.207159,38.503822],[-79.208083,38.499749],[-79.20849,38.496991],[-79.209703,38.495574],[-79.210591,38.492913],[-79.21241,38.491826],[-79.214747,38.490676],[-79.21569,38.488595],[-79.219067,38.487441],[-79.221406,38.484837],[-79.22131,38.483881],[-79.221009,38.482086],[-79.220961,38.48059],[-79.224583,38.477588],[-79.225669,38.476471],[-79.227689,38.476],[-79.229316,38.474818],[-79.230782,38.474489],[-79.235707,38.47241],[-79.2369,38.471455],[-79.239125,38.470741],[-79.239881,38.470079],[-79.240618,38.467877],[-79.241799,38.466212],[-79.242037,38.465051],[-79.241665,38.461926],[-79.241945,38.459791],[-79.241853,38.457101],[-79.242388,38.454486],[-79.242949,38.454023],[-79.245672,38.45338],[-79.247901,38.453401],[-79.248743,38.454002],[-79.251252,38.454645],[-79.253174,38.455835],[-79.254482,38.45593],[-79.255764,38.454276],[-79.256978,38.450567],[-79.25846,38.449429],[-79.261103,38.44807],[-79.262572,38.445843],[-79.262903,38.444652],[-79.263568,38.443687],[-79.265041,38.44269],[-79.265321,38.441835],[-79.266329,38.43944],[-79.267319,38.438274],[-79.26918,38.437379],[-79.271534,38.437499],[-79.274518,38.436358],[-79.275342,38.434992],[-79.277759,38.434402],[-79.279114,38.432837],[-79.282238,38.432091],[-79.28269,38.431086],[-79.282128,38.428631],[-79.280796,38.426868],[-79.279692,38.424211],[-79.280313,38.420361],[-79.28294,38.4181],[-79.285624,38.41925],[-79.286907,38.420566],[-79.28845,38.420966],[-79.290934,38.420926],[-79.292006,38.419736],[-79.293665,38.418682],[-79.296111,38.418349],[-79.297689,38.416446],[-79.300085,38.414891],[-79.304581,38.415511],[-79.306229,38.415075],[-79.307211,38.413865],[-79.30892,38.412746],[-79.310762,38.412628],[-79.312276,38.411876],[-79.325307,38.415269],[-79.337668,38.418593],[-79.370132,38.427197],[-79.396556,38.434609],[-79.398232,38.435077],[-79.407732,38.43774],[-79.422928,38.44199],[-79.430182,38.444041],[-79.450737,38.449874],[-79.476396,38.457159],[-79.476638,38.457228],[-79.496576,38.492168],[-79.496656,38.492308],[-79.498462,38.495465],[-79.501251,38.499837],[-79.504239,38.505235],[-79.506505,38.509004],[-79.510353,38.515409],[-79.516481,38.525612],[-79.521788,38.534323],[-79.523569,38.535018],[-79.524569,38.536118],[-79.526669,38.537118],[-79.52707,38.538317],[-79.52827,38.539117],[-79.52837,38.540217],[-79.53017,38.541817],[-79.53197,38.542417],[-79.53197,38.543117],[-79.53377,38.545217],[-79.53367,38.546617],[-79.53567,38.548317],[-79.53687,38.550917],[-79.53827,38.551817],[-79.54077,38.552117],[-79.54417,38.554017],[-79.54567,38.554517],[-79.554671,38.559917],[-79.558771,38.560917],[-79.562471,38.560917],[-79.565571,38.562317],[-79.569306,38.562917],[-79.572712,38.563463],[-79.573159,38.563626],[-79.597913,38.572752],[-79.597981,38.572781],[-79.647712,38.591018],[-79.649075,38.591515],[-79.650475,38.589115],[-79.651175,38.587215],[-79.653975,38.584715],[-79.655175,38.583116],[-79.655875,38.581416],[-79.655375,38.579316],[-79.656259,38.576011],[-79.657975,38.574516],[-79.658175,38.573016],[-79.660375,38.572516],[-79.662875,38.570416],[-79.662275,38.568016],[-79.661105,38.567131],[-79.660575,38.566716],[-79.660475,38.564516],[-79.659475,38.563516],[-79.659275,38.562416],[-79.661425,38.56096],[-79.662575,38.560516],[-79.665075,38.560916],[-79.665975,38.558216],[-79.665889,38.557384],[-79.667175,38.555016],[-79.667076,38.553785],[-79.667275,38.552616],[-79.669575,38.550816],[-79.669775,38.550116],[-79.668875,38.548516],[-79.669575,38.546816],[-79.669175,38.545316],[-79.669675,38.543416],[-79.670575,38.542216],[-79.670675,38.540316],[-79.668904,38.540046],[-79.666873,38.538616],[-79.667831,38.537321],[-79.668073,38.535516],[-79.670576,38.531817],[-79.671774,38.530717],[-79.672974,38.528717],[-79.671572,38.527514],[-79.670074,38.527117],[-79.668774,38.525317],[-79.666774,38.524317],[-79.664274,38.520117],[-79.662774,38.518317],[-79.662774,38.516817],[-79.662074,38.515517],[-79.663474,38.514117],[-79.665674,38.513817],[-79.668474,38.512317],[-79.669128,38.510952],[-79.670187,38.507755],[-79.67198,38.508589],[-79.674074,38.510417],[-79.677174,38.510217],[-79.680374,38.510617],[-79.681574,38.508217],[-79.681074,38.505317],[-79.683074,38.503617],[-79.682474,38.502517],[-79.682774,38.501617],[-79.688345,38.496183],[-79.691301,38.496768],[-79.692273,38.496474],[-79.69302,38.494917],[-79.694506,38.494232],[-79.695072,38.492281],[-79.696107,38.490636],[-79.695992,38.488237],[-79.697572,38.487223],[-79.696959,38.484574],[-79.695462,38.481454],[-79.693504,38.481244],[-79.693685,38.479461],[-79.69418,38.478311],[-79.69596,38.477657],[-79.698988,38.474988],[-79.699622,38.473967],[-79.69877,38.471984],[-79.69893,38.469869],[-79.695588,38.469058],[-79.693638,38.466072],[-79.693089,38.465034],[-79.691086,38.463743],[-79.690656,38.461906],[-79.688873,38.458693],[-79.688366,38.45687],[-79.688163,38.454319],[-79.688438,38.452915],[-79.688105,38.450444],[-79.688813,38.449579],[-79.691424,38.446812],[-79.690399,38.44435],[-79.689251,38.442029],[-79.691623,38.439356],[-79.691743,38.437064],[-79.69093,38.433995],[-79.689908,38.432864],[-79.689667,38.431462],[-79.690998,38.430496],[-79.692145,38.429954],[-79.694262,38.42788],[-79.696831,38.426757],[-79.695431,38.424874],[-79.695273,38.423685],[-79.699734,38.42187],[-79.700501,38.420297],[-79.702782,38.419357],[-79.70406,38.417577],[-79.706634,38.41573],[-79.709289,38.411236],[-79.708819,38.409963],[-79.709923,38.408238],[-79.712325,38.407396],[-79.712904,38.405034],[-79.714875,38.403256],[-79.717365,38.401562],[-79.717546,38.400484],[-79.719717,38.396431],[-79.721135,38.394892],[-79.720992,38.393508],[-79.722653,38.389517],[-79.72635,38.38707],[-79.727131,38.384821],[-79.726923,38.384016],[-79.728293,38.382058],[-79.729512,38.381194],[-79.730821,38.377749],[-79.730968,38.375754],[-79.731661,38.374143],[-79.731491,38.372997],[-79.730494,38.372217],[-79.727676,38.371701],[-79.72679,38.370832],[-79.726781,38.369032],[-79.725775,38.36654],[-79.725597,38.363828],[-79.727053,38.362233],[-79.729344,38.36183],[-79.732059,38.360168],[-79.73243,38.358737],[-79.7346,38.356728],[-79.734901,38.355548],[-79.736463,38.354841],[-79.737979,38.354965],[-79.742771,38.353367],[-79.74595,38.354358],[-79.747547,38.354328],[-79.748639,38.355415],[-79.750668,38.355907],[-79.753615,38.356128],[-79.75556,38.357372],[-79.757626,38.357566],[-79.761502,38.356856],[-79.764175,38.356634],[-79.767097,38.353628],[-79.765953,38.35209],[-79.76598,38.351291],[-79.768229,38.349203],[-79.770349,38.3478],[-79.7691,38.346528],[-79.76811,38.346233],[-79.767594,38.344302],[-79.769906,38.341843],[-79.770557,38.339868],[-79.772175,38.338479],[-79.77309,38.335529],[-79.774461,38.334325],[-79.776617,38.333373],[-79.778553,38.331937],[-79.780256,38.331395],[-79.783681,38.331909],[-79.785806,38.331095],[-79.786746,38.32871],[-79.788226,38.32799],[-79.789912,38.328295],[-79.790523,38.32737],[-79.794291,38.324439],[-79.796684,38.323303],[-79.797045,38.321642],[-79.797995,38.320548],[-79.798159,38.319161],[-79.799617,38.317149],[-79.802325,38.316264],[-79.805889,38.31188],[-79.808711,38.309429],[-79.810154,38.306707],[-79.809934,38.304681],[-79.807542,38.301694],[-79.804026,38.298622],[-79.803346,38.296682],[-79.802942,38.292748],[-79.802299,38.291829],[-79.797695,38.292004],[-79.795448,38.290228],[-79.794543,38.288078],[-79.791999,38.285187],[-79.789791,38.281167],[-79.790305,38.278256],[-79.790005,38.277351],[-79.787893,38.275414],[-79.786609,38.274884],[-79.788269,38.27188],[-79.788945,38.268703],[-79.790134,38.267654],[-79.791903,38.267376],[-79.795921,38.265552],[-79.79717,38.266154],[-79.798298,38.265957],[-79.801273,38.261473],[-79.802202,38.260817],[-79.805075,38.260006],[-79.806513,38.259202],[-79.811421,38.260386],[-79.812147,38.260252],[-79.813643,38.258853],[-79.81462,38.25726],[-79.815709,38.255067],[-79.815718,38.25365],[-79.814864,38.251569],[-79.817145,38.249509],[-79.819625,38.248232],[-79.82101,38.248279],[-79.825283,38.250488],[-79.828068,38.249828],[-79.830713,38.249713],[-79.831445,38.249109],[-79.832969,38.247557],[-79.834029,38.244956],[-79.834167,38.242911],[-79.835113,38.241897],[-79.837481,38.24128],[-79.843657,38.241505],[-79.843982,38.241459],[-79.844309,38.241321],[-79.844628,38.241263],[-79.844956,38.241197],[-79.845212,38.241074],[-79.845788,38.240653],[-79.846255,38.240276],[-79.846454,38.239989],[-79.846533,38.239578],[-79.847155,38.238312],[-79.850326,38.233324],[-79.856972,38.231067],[-79.860456,38.227097],[-79.860537,38.22568],[-79.862498,38.224195],[-79.864302,38.223503],[-79.866808,38.221186],[-79.867996,38.219442],[-79.870273,38.218365],[-79.873934,38.215385],[-79.874594,38.212976],[-79.877914,38.211318],[-79.87925,38.21092],[-79.880051,38.209576],[-79.88199,38.208257],[-79.882059,38.208118],[-79.88221,38.207908],[-79.882525,38.207452],[-79.882824,38.207098],[-79.883322,38.206843],[-79.88455,38.207957],[-79.886413,38.207953],[-79.888462,38.207093],[-79.888544,38.207039],[-79.889199,38.20646],[-79.890267,38.205891],[-79.891837,38.204322],[-79.892772,38.200174],[-79.893678,38.199415],[-79.894141,38.199346],[-79.894263,38.199266],[-79.894325,38.199145],[-79.894372,38.19879],[-79.894738,38.198446],[-79.897184,38.196169],[-79.897335,38.193381],[-79.89964,38.192459],[-79.901785,38.190924],[-79.903242,38.190629],[-79.907621,38.187946],[-79.910034,38.188183],[-79.911736,38.187647],[-79.91441,38.188418],[-79.916303,38.186336],[-79.916344,38.186278],[-79.916385,38.186004],[-79.916346,38.185746],[-79.916185,38.185278],[-79.916145,38.184972],[-79.91617,38.184488],[-79.916175,38.184387],[-79.916182,38.184223],[-79.916675,38.183813],[-79.91832,38.183477],[-79.920075,38.182529],[-79.921038,38.181105],[-79.921026,38.179954],[-79.919102,38.178909],[-79.917637,38.17865],[-79.916622,38.177994],[-79.916454,38.176817],[-79.916991,38.17507],[-79.917891,38.174021],[-79.918948,38.17189],[-79.918913,38.170439],[-79.917925,38.168399],[-79.916678,38.168401],[-79.915065,38.168088],[-79.914884,38.167524],[-79.916228,38.164988],[-79.915939,38.163658],[-79.916654,38.163006],[-79.919392,38.16285],[-79.919078,38.160102],[-79.919806,38.158797],[-79.918567,38.158062],[-79.919013,38.156161],[-79.918662,38.15479],[-79.919705,38.153519],[-79.92249,38.15184],[-79.923125,38.150874],[-79.925251,38.150465],[-79.926225,38.149404],[-79.926191,38.147696],[-79.927491,38.145708],[-79.928683,38.144928],[-79.929031,38.139771],[-79.930522,38.138154],[-79.9319,38.137334],[-79.932749,38.136159],[-79.934263,38.135065],[-79.937294,38.13478],[-79.939397,38.135107],[-79.941135,38.134345],[-79.942671,38.134328],[-79.942943,38.133533],[-79.945187,38.131989],[-79.944289,38.130166],[-79.944101,38.128643],[-79.941174,38.12527],[-79.941233,38.124576],[-79.943244,38.123147],[-79.940667,38.120873],[-79.940716,38.119021],[-79.941464,38.117369],[-79.939592,38.114362],[-79.938946,38.111628],[-79.937684,38.110813],[-79.935664,38.111153],[-79.93435,38.109722],[-79.932471,38.109728],[-79.928885,38.108877],[-79.92633,38.107147],[-79.927875,38.104454],[-79.931044,38.101373],[-79.933918,38.099115],[-79.934256,38.097676],[-79.93635,38.095594],[-79.938277,38.094745],[-79.939874,38.093084],[-79.942365,38.091589],[-79.946606,38.086951],[-79.947289,38.085046],[-79.949928,38.083812],[-79.951456,38.0825],[-79.953511,38.08148],[-79.954536,38.079745],[-79.954127,38.078763],[-79.95555,38.077618],[-79.957758,38.07205],[-79.959351,38.071167],[-79.959148,38.0701],[-79.960094,38.068675],[-79.961647,38.067415],[-79.961805,38.065875],[-79.959496,38.064297],[-79.960162,38.062547],[-79.961563,38.060582],[-79.962674,38.057666],[-79.963785,38.056623],[-79.963984,38.055287],[-79.965316,38.053408],[-79.96608,38.05082],[-79.967841,38.048858],[-79.968189,38.047709],[-79.971144,38.044648],[-79.973895,38.040004],[-79.973235,38.037737],[-79.971525,38.035449],[-79.973857,38.034567],[-79.97387,38.032308],[-79.975407,38.031391],[-79.975269,38.030075],[-79.977334,38.028713],[-79.978427,38.029082],[-79.98029,38.027596],[-79.980778,38.02611],[-79.983307,38.022794],[-79.983989,38.020737],[-79.985619,38.01916],[-79.985792,38.018089],[-79.984842,38.01661],[-79.986139,38.015424],[-79.986142,38.014182],[-79.988389,38.013919],[-79.990114,38.013246],[-79.991918,38.010526],[-79.993703,38.009346],[-79.995488,38.007125],[-79.995901,38.005791],[-79.994904,38.004077],[-79.996134,38.000996],[-79.997137,38.000124],[-79.998883,37.999477],[-79.998556,37.997729],[-79.999386,37.996552],[-79.999241,37.99519],[-80.001643,37.994368],[-80.002507,37.992767],[-80.006732,37.991403],[-80.007651,37.990609],[-80.008888,37.99083],[-80.010259,37.989336],[-80.011683,37.988914],[-80.012891,37.987443],[-80.012555,37.985999],[-80.013145,37.984253],[-80.015935,37.983085],[-80.017947,37.981271],[-80.020631,37.980748],[-80.021992,37.979068],[-80.022141,37.978021],[-80.024168,37.976907],[-80.024619,37.976248],[-80.02598,37.976252],[-80.026322,37.975052],[-80.027251,37.974266],[-80.029183,37.974054],[-80.030268,37.972647],[-80.034717,37.96893],[-80.03598,37.968249],[-80.036908,37.965907],[-80.040423,37.96562],[-80.040891,37.963744],[-80.041877,37.963473],[-80.044071,37.96161],[-80.044476,37.96008],[-80.046872,37.960055],[-80.04841,37.957481],[-80.051043,37.956852],[-80.053614,37.954628],[-80.054663,37.954204],[-80.056056,37.951959],[-80.056839,37.951833],[-80.059608,37.950302],[-80.06094,37.949983],[-80.062926,37.948748],[-80.063603,37.94763],[-80.065908,37.947459],[-80.069431,37.945463],[-80.070049,37.943885],[-80.07197,37.943391],[-80.074514,37.942221],[-80.07471,37.941557],[-80.075441,37.939629],[-80.077123,37.938239],[-80.079597,37.936981],[-80.080823,37.935526],[-80.084569,37.9334],[-80.085297,37.931992],[-80.086344,37.931632],[-80.086954,37.929547],[-80.088932,37.927811],[-80.091058,37.926906],[-80.09206,37.92541],[-80.092019,37.923516],[-80.094965,37.921009],[-80.095164,37.919825],[-80.096563,37.918112],[-80.099331,37.918369],[-80.100313,37.918864],[-80.102931,37.918911],[-80.103776,37.916278],[-80.105647,37.915726],[-80.107146,37.914239],[-80.107205,37.912442],[-80.109014,37.911955],[-80.109656,37.911264],[-80.112006,37.910109],[-80.113357,37.90755],[-80.116884,37.906292],[-80.117239,37.904278],[-80.118967,37.903614],[-80.119106,37.902018],[-80.117621,37.900791],[-80.117332,37.899605],[-80.117747,37.89772],[-80.120613,37.896735],[-80.12362,37.897943],[-80.125574,37.896463],[-80.127046,37.894808],[-80.129768,37.894159],[-80.130492,37.893492],[-80.129981,37.892773],[-80.131931,37.8895],[-80.133755,37.888282],[-80.135053,37.888239],[-80.135424,37.887386],[-80.137987,37.886284],[-80.140609,37.883932],[-80.141522,37.882436],[-80.142949,37.884119],[-80.145605,37.884129],[-80.148737,37.886955],[-80.149906,37.885138],[-80.149848,37.883364],[-80.153231,37.882257],[-80.155321,37.880548],[-80.158291,37.877706],[-80.162202,37.875122],[-80.162652,37.873614],[-80.163781,37.872979],[-80.165373,37.870867],[-80.165073,37.869025],[-80.165535,37.868515],[-80.167992,37.86796],[-80.168957,37.867116],[-80.169772,37.865396],[-80.172033,37.862144],[-80.172076,37.860066],[-80.171641,37.858966],[-80.173445,37.856845],[-80.176196,37.855265],[-80.176741,37.852757],[-80.179574,37.852465],[-80.181815,37.852724],[-80.183062,37.850646],[-80.183044,37.848625],[-80.183594,37.84784],[-80.183088,37.845613],[-80.181626,37.844028],[-80.180744,37.841594],[-80.179391,37.839751],[-80.181768,37.838343],[-80.185239,37.83811],[-80.18638,37.837741],[-80.187785,37.836371],[-80.190131,37.834841],[-80.192966,37.83475],[-80.193627,37.832853],[-80.195543,37.830844],[-80.201464,37.82581],[-80.202853,37.82424],[-80.206118,37.818203],[-80.206482,37.81597],[-80.210965,37.812598],[-80.216939,37.809505],[-80.218611,37.809783],[-80.222791,37.804247],[-80.225362,37.801097],[-80.225283,37.800268],[-80.227092,37.798886],[-80.229228,37.79466],[-80.229489,37.792331],[-80.227965,37.791714],[-80.226055,37.789835],[-80.226183,37.788425],[-80.224448,37.787495],[-80.224268,37.787432],[-80.222914,37.786273],[-80.224152,37.785628],[-80.224537,37.784595],[-80.224067,37.782988],[-80.222082,37.781769],[-80.220092,37.78316],[-80.219082,37.783368],[-80.215892,37.781989],[-80.216364,37.779401],[-80.215642,37.779003],[-80.215658,37.777481],[-80.216816,37.775863],[-80.217176,37.776505],[-80.21948,37.777198],[-80.221178,37.77812],[-80.222362,37.778208],[-80.223031,37.777278],[-80.225163,37.776917],[-80.226707,37.778694],[-80.227645,37.77887],[-80.23086,37.777996],[-80.230881,37.776998],[-80.232011,37.775621],[-80.234013,37.77448],[-80.235449,37.774437],[-80.235892,37.77313],[-80.240863,37.772442],[-80.241241,37.771795],[-80.241437,37.768058],[-80.244563,37.767005],[-80.246869,37.768035],[-80.248389,37.76825],[-80.248824,37.767256],[-80.250401,37.765819],[-80.251656,37.763247],[-80.250308,37.762149],[-80.250528,37.760893],[-80.250736,37.758864],[-80.249439,37.757774],[-80.250575,37.756369],[-80.250879,37.755516],[-80.253936,37.756176],[-80.25641,37.756372],[-80.257411,37.756084],[-80.258016,37.753419],[-80.259052,37.752517],[-80.258938,37.751082],[-80.260248,37.749763],[-80.259502,37.74947],[-80.259062,37.748276],[-80.259315,37.744961],[-80.261308,37.742291],[-80.262148,37.741646],[-80.261698,37.740039],[-80.262765,37.738336],[-80.2613,37.737166],[-80.260994,37.734404],[-80.259668,37.733031],[-80.255021,37.731416],[-80.252024,37.729825],[-80.252227,37.727261],[-80.258143,37.720612],[-80.259076,37.720087],[-80.263936,37.719137],[-80.26717,37.715689],[-80.267098,37.714916],[-80.268149,37.712883],[-80.269609,37.71191],[-80.27199,37.711532],[-80.274225,37.708916],[-80.276577,37.705549],[-80.280567,37.70263],[-80.283282,37.699781],[-80.285788,37.697576],[-80.288001,37.695965],[-80.29535,37.693408],[-80.296077,37.69173],[-80.29387,37.687177],[-80.290014,37.678826],[-80.279372,37.657077],[-80.27737,37.655098],[-80.270323,37.648982],[-80.267504,37.646156],[-80.267228,37.646011],[-80.264789,37.645515],[-80.254504,37.642372],[-80.240791,37.638324],[-80.239314,37.637683],[-80.238789,37.637375],[-80.23418,37.634951],[-80.221725,37.628174],[-80.220984,37.627767],[-80.219403,37.626925],[-80.21491,37.6235],[-80.206395,37.617199],[-80.206207,37.61706],[-80.205198,37.616293],[-80.196116,37.615667],[-80.187209,37.615303],[-80.185044,37.61534],[-80.184634,37.615342],[-80.184543,37.61518],[-80.184488,37.615103],[-80.184385,37.614999],[-80.18426,37.614911],[-80.184094,37.614812],[-80.183811,37.614658],[-80.183383,37.614438],[-80.183231,37.614334],[-80.182879,37.614037],[-80.18263,37.613884],[-80.182478,37.613823],[-80.182285,37.613768],[-80.182147,37.613746],[-80.182029,37.613741],[-80.181864,37.613752],[-80.181767,37.613774],[-80.180772,37.614235],[-80.180468,37.614306],[-80.180282,37.614383],[-80.179964,37.614548],[-80.179073,37.614834],[-80.178541,37.615048],[-80.178327,37.615163],[-80.178272,37.615163],[-80.178175,37.615134],[-80.177512,37.615125],[-80.175626,37.616987],[-80.173534,37.615905],[-80.171607,37.615696],[-80.170964,37.616322],[-80.168436,37.615376],[-80.16854,37.613327],[-80.167194,37.612047],[-80.167754,37.60886],[-80.166808,37.60753],[-80.165731,37.606992],[-80.160615,37.603285],[-80.155503,37.601401],[-80.154692,37.601099],[-80.150555,37.599615],[-80.146681,37.596616],[-80.144394,37.596627],[-80.140641,37.599769],[-80.138458,37.600518],[-80.137013,37.602132],[-80.134966,37.602259],[-80.133383,37.602899],[-80.131051,37.604546],[-80.128115,37.60601],[-80.12322,37.607384],[-80.120431,37.610247],[-80.117238,37.612584],[-80.115052,37.614622],[-80.111572,37.616524],[-80.110651,37.617646],[-80.108666,37.618951],[-80.107602,37.620234],[-80.104798,37.62269],[-80.101937,37.623137],[-80.099809,37.623869],[-80.09834,37.623782],[-80.092865,37.625872],[-80.087462,37.626671],[-80.085893,37.627688],[-80.084574,37.629411],[-80.083154,37.630041],[-80.078522,37.631237],[-80.076062,37.632147],[-80.074113,37.633633],[-80.069907,37.636083],[-80.069079,37.637401],[-80.069373,37.638566],[-80.068696,37.639763],[-80.065717,37.640369],[-80.059791,37.642877],[-80.05888,37.643994],[-80.056493,37.645193],[-80.050593,37.647258],[-80.045256,37.650221],[-80.04059,37.653438],[-80.036045,37.657967],[-80.032705,37.66029],[-80.026743,37.653955],[-80.020554,37.647442],[-80.023524,37.645381],[-80.026031,37.642725],[-80.032033,37.638563],[-80.030411,37.633629],[-80.027905,37.625098],[-80.026566,37.622812],[-80.016084,37.608851],[-80.013166,37.604968],[-80.003451,37.592015],[-80.002927,37.59132],[-79.999793,37.587147],[-79.996302,37.582206],[-79.996071,37.581882],[-79.98787,37.570752],[-79.983362,37.564247],[-79.97342,37.550522],[-79.969071,37.544408],[-79.972326,37.543304],[-79.973995,37.541885],[-79.97575,37.539284],[-79.979312,37.537727],[-79.979509,37.536714],[-79.98169,37.535493],[-79.983161,37.533734],[-79.98441,37.533342],[-79.986531,37.531355],[-79.98683,37.530238],[-79.989358,37.528069],[-79.99096,37.525674],[-79.993652,37.523322],[-79.9938,37.522856],[-79.99602,37.521707],[-79.997402,37.520471],[-79.998355,37.51882],[-80.001549,37.517162],[-80.002447,37.516075],[-80.00873,37.511106],[-80.009496,37.510827],[-80.012185,37.50305],[-80.012729,37.501518],[-80.014658,37.500129],[-80.014433,37.494846],[-80.016765,37.493715],[-80.019537,37.489778],[-80.021221,37.488626],[-80.023054,37.486087],[-80.024688,37.483281],[-80.025786,37.481981],[-80.025902,37.48077],[-80.027357,37.479359],[-80.03046,37.475504],[-80.030802,37.472358],[-80.031516,37.470174],[-80.034893,37.46337],[-80.036809,37.460924],[-80.038398,37.457536],[-80.039522,37.454838],[-80.041711,37.452002],[-80.043032,37.449024],[-80.044521,37.447184],[-80.046485,37.444484],[-80.047594,37.443103],[-80.048982,37.44211],[-80.050073,37.441058],[-80.051909,37.439953],[-80.054331,37.438789],[-80.055883,37.437726],[-80.056745,37.437341],[-80.058121,37.436237],[-80.059209,37.435485],[-80.059593,37.434909],[-80.060585,37.434093],[-80.061001,37.433341],[-80.062505,37.432285],[-80.062921,37.431805],[-80.063401,37.431677],[-80.064297,37.430941],[-80.065193,37.430413],[-80.065462,37.430113],[-80.06575,37.429267],[-80.06583,37.428467],[-80.066441,37.427389],[-80.067369,37.426397],[-80.068585,37.425757],[-80.069609,37.424845],[-80.070633,37.424205],[-80.071289,37.423996],[-80.073145,37.42286],[-80.074119,37.422469],[-80.074862,37.422064],[-80.075291,37.421691],[-80.077912,37.42018],[-80.078476,37.419689],[-80.07894,37.419448],[-80.079757,37.419325],[-80.081149,37.418707],[-80.081628,37.418582],[-80.082861,37.417926],[-80.084092,37.417468],[-80.084438,37.417085],[-80.08519,37.416669],[-80.085777,37.41655],[-80.086187,37.416235],[-80.087296,37.415759],[-80.088316,37.415472],[-80.088577,37.415076],[-80.089376,37.414308],[-80.090137,37.413634],[-80.09115,37.413336],[-80.091822,37.4127],[-80.092522,37.412425],[-80.093216,37.412362],[-80.094433,37.41187],[-80.095624,37.411564],[-80.096265,37.410935],[-80.096817,37.410672],[-80.098609,37.410236],[-80.099239,37.40992],[-80.099888,37.409356],[-80.100456,37.409045],[-80.101424,37.408714],[-80.102144,37.408091],[-80.102345,37.40751],[-80.102827,37.406707],[-80.104151,37.405639],[-80.104938,37.405256],[-80.105473,37.405122],[-80.10993,37.403127],[-80.110974,37.402369],[-80.115267,37.400713],[-80.117598,37.399456],[-80.118647,37.398753],[-80.120705,37.397753],[-80.12159,37.39713],[-80.124036,37.396044],[-80.125639,37.395185],[-80.126492,37.394825],[-80.128207,37.393854],[-80.129774,37.393314],[-80.13137,37.392435],[-80.132665,37.391835],[-80.134281,37.390954],[-80.136017,37.3902],[-80.138005,37.389267],[-80.139807,37.388007],[-80.140586,37.387616],[-80.14132,37.387108],[-80.143229,37.3861],[-80.143955,37.385601],[-80.145316,37.385215],[-80.145856,37.384724],[-80.146354,37.383808],[-80.147475,37.382613],[-80.147679,37.382492],[-80.156816,37.381754],[-80.169783,37.380726],[-80.172917,37.380508],[-80.192258,37.378989],[-80.200301,37.378356],[-80.201538,37.376814],[-80.202318,37.374483],[-80.204611,37.373151],[-80.206932,37.371226],[-80.208676,37.37071],[-80.209225,37.370021],[-80.212706,37.367981],[-80.219319,37.36567],[-80.221748,37.365285],[-80.223278,37.365387],[-80.225996,37.364782],[-80.229088,37.362309],[-80.231019,37.361851],[-80.231784,37.360995],[-80.233073,37.360634],[-80.235284,37.358738],[-80.237151,37.358235],[-80.23817,37.357209],[-80.240573,37.356863],[-80.244865,37.354541],[-80.246495,37.354001],[-80.24718,37.352831],[-80.25016,37.351784],[-80.252311,37.350157],[-80.254411,37.347972],[-80.255839,37.345504],[-80.257666,37.344251],[-80.258585,37.343742],[-80.262184,37.341526],[-80.262165,37.341323],[-80.261869,37.338691],[-80.260617,37.327265],[-80.258577,37.308702],[-80.258335,37.308427],[-80.251847,37.301075],[-80.25154,37.300727],[-80.238936,37.286222],[-80.237929,37.285061],[-80.235629,37.282407],[-80.234141,37.280729],[-80.218979,37.263706],[-80.205364,37.248396],[-80.205091,37.248116],[-80.203381,37.24635],[-80.203117,37.244868],[-80.202573,37.241493],[-80.194464,37.237255],[-80.194554,37.23558],[-80.193367,37.235135],[-80.192536,37.234383],[-80.191401,37.234777],[-80.18951,37.235658],[-80.18462,37.238485],[-80.184144,37.238791],[-80.179335,37.242018],[-80.181728,37.247166],[-80.182121,37.250564],[-80.181227,37.252042],[-80.180031,37.250754],[-80.178935,37.248433],[-80.177099,37.247353],[-80.175758,37.247111],[-80.174354,37.250424],[-80.173707,37.254586],[-80.173683,37.254696],[-80.173244,37.255747],[-80.169098,37.256533],[-80.17049,37.256855],[-80.170687,37.258259],[-80.169246,37.259235],[-80.16639,37.26051],[-80.163925,37.261114],[-80.159237,37.262205],[-80.154241,37.263905],[-80.147317,37.26498],[-80.14541,37.265584],[-80.143301,37.266915],[-80.142224,37.266714],[-80.140588,37.264566],[-80.138963,37.264547],[-80.13853,37.26465],[-80.138375,37.264668],[-80.139008,37.266676],[-80.139115,37.267275],[-80.138848,37.269391],[-80.138602,37.270112],[-80.138015,37.270707],[-80.137507,37.27085],[-80.136828,37.270819],[-80.135671,37.270643],[-80.134064,37.270867],[-80.1333,37.270832],[-80.131373,37.270433],[-80.130192,37.269923],[-80.128998,37.268961],[-80.128444,37.268704],[-80.127556,37.268465],[-80.123201,37.267835],[-80.122619,37.26785],[-80.121089,37.268435],[-80.119466,37.269672],[-80.118411,37.270219],[-80.117721,37.270766],[-80.117306,37.271248],[-80.116147,37.273333],[-80.115516,37.274191],[-80.113974,37.275685],[-80.112038,37.277107],[-80.110848,37.277728],[-80.109898,37.277932],[-80.108445,37.277683],[-80.106501,37.277756],[-80.105036,37.278118],[-80.095382,37.281457],[-80.094536,37.281973],[-80.094144,37.282213],[-80.093675,37.282502],[-80.092893,37.282478],[-80.092663,37.282471],[-80.089506,37.282379],[-80.088935,37.282362],[-80.088895,37.282369],[-80.08849,37.282439],[-80.088477,37.282351],[-80.08847,37.282305],[-80.088464,37.28227],[-80.088415,37.281941],[-80.088273,37.281014],[-80.088255,37.280864],[-80.088006,37.279215],[-80.087909,37.27857],[-80.08784,37.278121],[-80.084947,37.278505],[-80.084301,37.278408],[-80.085247,37.27683],[-80.084406,37.274215],[-80.08312,37.274531],[-80.082716,37.27281],[-80.081859,37.272452],[-80.082386,37.271709],[-80.080666,37.270951],[-80.07877,37.270132],[-80.079404,37.269386],[-80.078758,37.268986],[-80.080225,37.26797],[-80.081631,37.265952],[-80.081724,37.264866],[-80.077476,37.263878],[-80.077413,37.262529],[-80.075893,37.262487],[-80.07554,37.260699],[-80.077193,37.260723],[-80.076205,37.258508],[-80.074839,37.258218],[-80.074512,37.257062],[-80.064726,37.260382],[-80.063936,37.259171],[-80.060953,37.257464],[-80.061706,37.256551],[-80.059338,37.256037],[-80.059047,37.256407],[-80.054992,37.253696],[-80.05143,37.254621],[-80.051278,37.252985],[-80.051202,37.2522],[-80.046455,37.253852],[-80.046244,37.253987],[-80.045963,37.255329],[-80.044775,37.256963],[-80.044982,37.258313],[-80.042646,37.259796],[-80.04078,37.261752],[-80.039146,37.261713],[-80.036292,37.262241],[-80.035586,37.262439],[-80.033464,37.26289],[-80.033847,37.260377],[-80.034032,37.259201],[-80.034455,37.257517],[-80.035209,37.256601],[-80.036167,37.255558],[-80.037441,37.253677],[-80.037465,37.253601],[-80.037478,37.253553],[-80.037508,37.253435],[-80.037534,37.253307],[-80.037585,37.25299],[-80.036938,37.250309],[-80.034668,37.248225],[-80.033105,37.247341],[-80.032406,37.246883],[-80.032308,37.246808],[-80.030641,37.245349],[-80.02981,37.244582],[-80.02883,37.24365],[-80.02878,37.243694],[-80.028239,37.244193],[-80.026714,37.244846],[-80.025088,37.245987],[-80.023089,37.246919],[-80.021479,37.247231],[-80.018472,37.248174],[-80.015675,37.247803],[-80.014068,37.248151],[-80.008947,37.248904],[-80.007277,37.24909],[-80.007013,37.247592],[-80.00645,37.246323],[-80.006426,37.246082],[-80.004007,37.246534],[-80.003744,37.247127],[-80.003961,37.249059],[-80.003134,37.249686],[-80.002051,37.250393],[-80.000707,37.251131],[-79.998806,37.251868],[-79.998191,37.252158],[-79.997701,37.25129],[-79.996944,37.250868],[-79.99784,37.250262],[-79.996635,37.248589],[-79.995403,37.247991],[-79.994486,37.247179],[-79.99328,37.24569],[-79.997616,37.245411],[-79.998588,37.245458],[-79.99753,37.244285],[-79.996548,37.243326],[-79.997086,37.242703],[-79.995097,37.243122],[-79.994452,37.242401],[-79.994897,37.242157],[-79.994117,37.241383],[-79.994392,37.241179],[-79.994117,37.24086],[-79.990052,37.24166],[-79.990595,37.240879],[-79.990771,37.240625],[-79.991636,37.239386],[-79.988175,37.237319],[-79.987599,37.238205],[-79.987061,37.239034],[-79.986813,37.239297],[-79.98574,37.240071],[-79.984649,37.240306],[-79.984331,37.240325],[-79.983378,37.240315],[-79.982631,37.240432],[-79.985265,37.236266],[-79.982993,37.234864],[-79.982709,37.234599],[-79.981403,37.233183],[-79.981365,37.232006],[-79.981429,37.229726],[-79.979584,37.23093],[-79.978871,37.232404],[-79.977552,37.235264],[-79.976005,37.236799],[-79.976156,37.234451],[-79.975073,37.232294],[-79.974073,37.231346],[-79.973967,37.231265],[-79.971437,37.229567],[-79.97049,37.227799],[-79.96938,37.225468],[-79.968799,37.224123],[-79.968015,37.222202],[-79.967745,37.221571],[-79.967151,37.220596],[-79.966532,37.219848],[-79.963939,37.217843],[-79.960369,37.215448],[-79.958885,37.213853],[-79.958763,37.213916],[-79.958424,37.213501],[-79.957781,37.21272],[-79.955956,37.210384],[-79.956077,37.210328],[-79.959882,37.207772],[-79.963063,37.208026],[-79.964767,37.207799],[-79.96616,37.206679],[-79.967169,37.204049],[-79.97029,37.201651],[-79.971216,37.201099],[-79.976102,37.199495],[-79.977541,37.198849],[-79.980268,37.197382],[-79.984095,37.196473],[-79.987027,37.194271],[-79.989607,37.193307],[-79.991743,37.192103],[-79.996479,37.191227],[-79.996665,37.191163],[-79.999095,37.191076],[-80.000449,37.192832],[-80.000609,37.19303],[-80.001427,37.192181],[-80.002271,37.190041],[-80.001851,37.186247],[-80.001139,37.1819],[-79.999811,37.17818],[-80.002019,37.175534],[-80.002936,37.171461],[-80.003114,37.169755],[-80.005309,37.167816],[-80.001212,37.167183],[-80.00085,37.16554],[-80.003697,37.162559],[-80.003755,37.16174],[-80.005238,37.159397],[-80.005266,37.15746],[-80.004032,37.157206],[-80.003363,37.156234],[-80.002049,37.152986],[-80.001182,37.151665],[-79.999971,37.151701],[-79.997739,37.152645],[-79.995889,37.151976],[-79.993433,37.153413],[-79.991282,37.152759],[-79.990708,37.150854],[-79.991922,37.149553],[-79.992053,37.148168],[-79.991583,37.146585],[-79.989602,37.143419],[-79.987165,37.142724],[-79.984981,37.142128],[-79.983273,37.14358],[-79.980152,37.143038],[-79.979233,37.143365],[-79.974984,37.143249],[-79.973249,37.141178],[-79.97354,37.14004],[-79.972714,37.139598],[-79.972429,37.139558],[-79.972129,37.139536],[-79.968576,37.13977],[-79.966689,37.13931],[-79.96513,37.137455],[-79.96189,37.137349],[-79.960477,37.13819],[-79.958507,37.138593],[-79.95619,37.139541],[-79.953785,37.139547],[-79.952913,37.140912],[-79.952754,37.14226],[-79.950807,37.143169],[-79.948938,37.145821],[-79.947891,37.14646],[-79.947491,37.148341],[-79.946307,37.150088],[-79.944793,37.151088],[-79.94336,37.151193],[-79.940587,37.150682],[-79.938637,37.151048],[-79.937205,37.153791],[-79.933489,37.155069],[-79.932334,37.156442],[-79.929903,37.15834],[-79.925524,37.159499],[-79.922757,37.160874],[-79.922488,37.160769],[-79.920932,37.16076],[-79.920261,37.161936],[-79.918437,37.162149],[-79.915309,37.165044],[-79.913907,37.165163],[-79.913573,37.16824],[-79.912442,37.16885],[-79.911878,37.169887],[-79.912113,37.172329],[-79.911688,37.174567],[-79.911793,37.177208],[-79.910469,37.178252],[-79.90772,37.178905],[-79.907195,37.179564],[-79.90518,37.179623],[-79.904128,37.179157],[-79.900754,37.179556],[-79.897844,37.180798],[-79.896686,37.180962],[-79.895123,37.181834],[-79.894213,37.183629],[-79.894191,37.185208],[-79.892135,37.187041],[-79.892437,37.189354],[-79.893896,37.191137],[-79.893348,37.191771],[-79.894166,37.197193],[-79.893859,37.199308],[-79.891375,37.199786],[-79.889916,37.20049],[-79.88901,37.200297],[-79.887311,37.200282],[-79.88618,37.201085],[-79.885359,37.202473],[-79.883822,37.20345],[-79.883908,37.204005],[-79.884717,37.204489],[-79.884669,37.206107],[-79.883618,37.207993],[-79.883558,37.209214],[-79.882568,37.209712],[-79.882315,37.209646],[-79.881144,37.210085],[-79.879854,37.210661],[-79.878542,37.211366],[-79.877574,37.211414],[-79.876483,37.211863],[-79.875606,37.2124],[-79.874755,37.213321],[-79.874503,37.213627],[-79.873093,37.214561],[-79.872541,37.215257],[-79.872062,37.215526],[-79.870527,37.215991],[-79.870257,37.216409],[-79.869595,37.216682],[-79.868417,37.216684],[-79.867397,37.216492],[-79.866163,37.216628],[-79.86537,37.216996],[-79.864966,37.217068],[-79.862931,37.216977],[-79.862349,37.217115],[-79.861357,37.217666],[-79.860824,37.217351],[-79.85995,37.214875],[-79.858957,37.213271],[-79.857173,37.213403],[-79.857122,37.213407],[-79.857085,37.213412],[-79.85698,37.213426],[-79.856914,37.213435],[-79.856876,37.213438],[-79.856821,37.213441],[-79.856795,37.213443],[-79.856716,37.213448],[-79.856661,37.213453],[-79.856607,37.213461],[-79.856353,37.213504],[-79.856318,37.213512],[-79.856291,37.21352],[-79.856253,37.213535],[-79.856234,37.213545],[-79.856175,37.213575],[-79.856115,37.213602],[-79.855987,37.213656],[-79.855917,37.213687],[-79.855884,37.213703],[-79.855851,37.213719],[-79.855784,37.213754],[-79.855714,37.213795],[-79.855646,37.213835],[-79.855599,37.213866],[-79.855552,37.213896],[-79.855499,37.213934],[-79.855482,37.21395],[-79.855451,37.213977],[-79.855419,37.214009],[-79.855223,37.214207],[-79.854287,37.214712],[-79.852531,37.214852],[-79.850737,37.216471],[-79.852638,37.218106],[-79.852899,37.218486],[-79.851736,37.220187],[-79.851394,37.222056],[-79.851902,37.22373],[-79.847469,37.22531],[-79.847217,37.225406],[-79.846588,37.226725],[-79.845677,37.227699],[-79.844606,37.22846],[-79.843473,37.228914],[-79.843168,37.229122],[-79.842674,37.229754],[-79.842491,37.230284],[-79.842463,37.230994],[-79.842678,37.232171],[-79.843201,37.233814],[-79.843374,37.234912],[-79.843998,37.23617],[-79.844658,37.23706],[-79.844999,37.237879],[-79.845216,37.238708],[-79.845798,37.239626],[-79.846789,37.240605],[-79.84693,37.241037],[-79.846901,37.241304],[-79.846885,37.241486],[-79.846797,37.242225],[-79.846472,37.247386],[-79.848293,37.250101],[-79.852837,37.257989],[-79.852133,37.260365],[-79.857122,37.265412],[-79.857165,37.265448],[-79.858405,37.267155],[-79.856603,37.268712],[-79.85162,37.273007],[-79.850928,37.273606],[-79.849521,37.275774],[-79.84777,37.278472],[-79.846537,37.278741],[-79.850746,37.282415],[-79.850867,37.283527],[-79.85097,37.284316],[-79.850993,37.284442],[-79.850187,37.285948],[-79.849535,37.287206],[-79.849481,37.288735],[-79.850076,37.292546],[-79.850128,37.293045],[-79.85031,37.294568],[-79.850382,37.295107],[-79.846893,37.295664],[-79.846637,37.295713],[-79.844562,37.296109],[-79.840727,37.29816],[-79.839607,37.300414],[-79.839894,37.301533],[-79.840778,37.303043],[-79.843847,37.304969],[-79.843852,37.305416],[-79.847476,37.309352],[-79.845624,37.312133],[-79.844696,37.313029],[-79.845304,37.313877],[-79.844607,37.315177],[-79.844198,37.31775],[-79.841848,37.319109],[-79.840408,37.319365],[-79.837912,37.321669],[-79.8362,37.321925],[-79.835864,37.323157],[-79.832728,37.324965],[-79.830312,37.325349],[-79.824152,37.329253],[-79.821799,37.329957],[-79.820209,37.33103],[-79.813751,37.333622],[-79.812805,37.33449],[-79.810759,37.33527],[-79.807128,37.33935],[-79.805303,37.339958],[-79.804695,37.341126],[-79.801944,37.343414],[-79.797927,37.345078],[-79.795319,37.34503],[-79.791255,37.34759],[-79.788679,37.34935],[-79.788151,37.351116],[-79.787855,37.352457],[-79.786351,37.354569],[-79.786207,37.357],[-79.786655,37.359128],[-79.785799,37.36167],[-79.784568,37.362182],[-79.785023,37.363288],[-79.784399,37.364472],[-79.784623,37.365928],[-79.783472,37.367752],[-79.78332,37.36919],[-79.781048,37.370727],[-79.779208,37.370823],[-79.777672,37.372871],[-79.776056,37.374023],[-79.776208,37.375096],[-79.775352,37.377319],[-79.776488,37.380167],[-79.777304,37.381191],[-79.778616,37.381783],[-79.786073,37.382262],[-79.792185,37.380822],[-79.793401,37.381654],[-79.792809,37.383014],[-79.795577,37.384201],[-79.797385,37.385158],[-79.797685,37.385236],[-79.799129,37.386774],[-79.801706,37.39015],[-79.803369,37.390982],[-79.80473,37.392486],[-79.805018,37.394102],[-79.804618,37.39655],[-79.807813,37.397697],[-79.810106,37.399014],[-79.811322,37.400102],[-79.813451,37.401894],[-79.814203,37.403654],[-79.811179,37.405142],[-79.809418,37.40503],[-79.807498,37.405574],[-79.806218,37.407078],[-79.804074,37.407462],[-79.799434,37.408886],[-79.797562,37.409174],[-79.795946,37.408934],[-79.79049,37.40879],[-79.786615,37.410957],[-79.785434,37.411575],[-79.783834,37.412199],[-79.783161,37.412551],[-79.780074,37.414631],[-79.778777,37.415255],[-79.777722,37.415591],[-79.775321,37.416215],[-79.774329,37.416887],[-79.772153,37.417751],[-79.770905,37.418663],[-79.768713,37.419303],[-79.768185,37.419559],[-79.767161,37.420775],[-79.766057,37.421735],[-79.764825,37.422487],[-79.764153,37.423111],[-79.762841,37.423703],[-79.761241,37.424103],[-79.759801,37.423975],[-79.758745,37.423943],[-79.757369,37.424743],[-79.756185,37.425384],[-79.753881,37.428648],[-79.752313,37.43012],[-79.751801,37.431704],[-79.749095,37.431875],[-79.746856,37.432572],[-79.74518,37.434336],[-79.743474,37.434755],[-79.741661,37.435713],[-79.741119,37.436613],[-79.740721,37.437083],[-79.739757,37.437041],[-79.737986,37.437902],[-79.736278,37.440084],[-79.735015,37.441025],[-79.7349,37.441303],[-79.734605,37.441461],[-79.734448,37.441331],[-79.732068,37.44195],[-79.730872,37.442993],[-79.730935,37.443344],[-79.728098,37.444403],[-79.727836,37.444379],[-79.72727,37.444609],[-79.726674,37.444823],[-79.726411,37.444992],[-79.726404,37.445023],[-79.726371,37.445184],[-79.726332,37.445349],[-79.72633,37.445378],[-79.720973,37.44867],[-79.719076,37.448957],[-79.718515,37.450447],[-79.717199,37.451536],[-79.715907,37.452569],[-79.715065,37.452505],[-79.71489,37.452499],[-79.714557,37.452554],[-79.714253,37.452625],[-79.714142,37.452705],[-79.713919,37.452995],[-79.711362,37.455125],[-79.7103,37.456952],[-79.710788,37.458713],[-79.710147,37.459694],[-79.707789,37.459611],[-79.705774,37.460334],[-79.704588,37.462418],[-79.701982,37.464234],[-79.699853,37.466175],[-79.699712,37.466313],[-79.699674,37.46635],[-79.69826,37.467642],[-79.697574,37.468879],[-79.695695,37.470454],[-79.695353,37.470519],[-79.695271,37.470591],[-79.695179,37.470736],[-79.695178,37.470756],[-79.695172,37.470766],[-79.695164,37.470945],[-79.693965,37.472551],[-79.692145,37.474252],[-79.692093,37.474322],[-79.69006,37.476374],[-79.686238,37.477602],[-79.685719,37.478171],[-79.682911,37.479487],[-79.680489,37.480117],[-79.678696,37.481138],[-79.678222,37.482739],[-79.67662,37.483642],[-79.675038,37.483008],[-79.670884,37.483632],[-79.669037,37.48327],[-79.668672,37.483373],[-79.664882,37.483046],[-79.658798,37.48501],[-79.655866,37.482532],[-79.653498,37.481959],[-79.653258,37.481023],[-79.652032,37.480624],[-79.648393,37.477314],[-79.646402,37.476754],[-79.6457,37.475227],[-79.643541,37.474376],[-79.643039,37.4731],[-79.641796,37.472182],[-79.641697,37.472047],[-79.63977,37.471097],[-79.639407,37.468425],[-79.640013,37.467316],[-79.638605,37.465897],[-79.638987,37.464844],[-79.638059,37.462856],[-79.638409,37.461435],[-79.636517,37.460094],[-79.634206,37.457021],[-79.631948,37.456069],[-79.631533,37.455277],[-79.628162,37.453604],[-79.626582,37.454417],[-79.626124,37.455284],[-79.62365,37.455455],[-79.619678,37.457514],[-79.616778,37.457983],[-79.6163,37.45732],[-79.613999,37.456309],[-79.612119,37.456606],[-79.610104,37.456443],[-79.609316,37.455679],[-79.606836,37.455104],[-79.602597,37.455373],[-79.602178,37.453533],[-79.601592,37.453261],[-79.598881,37.451236],[-79.597393,37.450753],[-79.595518,37.449502],[-79.593707,37.448864],[-79.592017,37.449532],[-79.589738,37.449464],[-79.588,37.449802],[-79.586072,37.450977],[-79.58476,37.451067],[-79.582745,37.451878],[-79.58256,37.452831],[-79.580701,37.455603],[-79.582279,37.45844],[-79.581644,37.459428],[-79.581641,37.460822],[-79.583201,37.463466],[-79.582648,37.465445],[-79.580454,37.468117],[-79.580483,37.468634],[-79.581111,37.472396],[-79.580079,37.473291],[-79.578428,37.473548],[-79.575031,37.478418],[-79.573348,37.480359],[-79.569298,37.482844],[-79.569205,37.484141],[-79.568047,37.484997],[-79.567365,37.487717],[-79.564739,37.489],[-79.563141,37.490393],[-79.562027,37.493006],[-79.560457,37.493546],[-79.559979,37.49502],[-79.558956,37.496422],[-79.555992,37.498163],[-79.555176,37.499061],[-79.553993,37.497225],[-79.552252,37.495571],[-79.550197,37.495181],[-79.549148,37.492739],[-79.548907,37.492037],[-79.546351,37.489194],[-79.545551,37.489512],[-79.54307,37.492423],[-79.541095,37.494264],[-79.538645,37.495689],[-79.537905,37.497159],[-79.538261,37.498974],[-79.536937,37.5012],[-79.534317,37.501811],[-79.533122,37.505258],[-79.530941,37.506513],[-79.527523,37.505926],[-79.52469,37.507379],[-79.523818,37.507529],[-79.523262,37.507622],[-79.521857,37.507859],[-79.520529,37.508083],[-79.518941,37.508447],[-79.517334,37.511498],[-79.516717,37.513796],[-79.514217,37.516581],[-79.510581,37.517338],[-79.508091,37.517778],[-79.504681,37.520832],[-79.504425,37.521714],[-79.505383,37.524841],[-79.505567,37.52643],[-79.504926,37.529344],[-79.503174,37.529677],[-79.498699,37.532797],[-79.497661,37.535993],[-79.496545,37.537107],[-79.494044,37.537913],[-79.493665,37.538095],[-79.489795,37.540536],[-79.489293,37.541184],[-79.487207,37.542009],[-79.486328,37.542874],[-79.483911,37.544241],[-79.482953,37.545338],[-79.478987,37.548379],[-79.47675,37.548508],[-79.475044,37.549407],[-79.471014,37.547708],[-79.468919,37.548484],[-79.466639,37.548733],[-79.464111,37.549557],[-79.462666,37.55098],[-79.460586,37.554711],[-79.458669,37.556717],[-79.45821,37.559185],[-79.457552,37.560315],[-79.45411,37.560943],[-79.452611,37.561561],[-79.449277,37.56102],[-79.447276,37.561316],[-79.44501,37.562375],[-79.4411,37.563445],[-79.44039,37.564111],[-79.439707,37.56767],[-79.438682,37.568518],[-79.436666,37.571184],[-79.434068,37.572327],[-79.436294,37.574578],[-79.437289,37.576247],[-79.438675,37.577899],[-79.441935,37.576105],[-79.443954,37.576685],[-79.446226,37.576255],[-79.449071,37.578542],[-79.44822,37.582472],[-79.446348,37.583728],[-79.448864,37.583746],[-79.449066,37.586082],[-79.451797,37.586745],[-79.452148,37.58719],[-79.450275,37.588922],[-79.450975,37.590773],[-79.452045,37.591552],[-79.454335,37.594125],[-79.455818,37.596189],[-79.457504,37.599323],[-79.457408,37.600163],[-79.456013,37.602083],[-79.457385,37.603809],[-79.457259,37.605273],[-79.457967,37.605835],[-79.455837,37.608566],[-79.453706,37.609552],[-79.450591,37.611398],[-79.449812,37.61263],[-79.448316,37.613637],[-79.445809,37.616583],[-79.445277,37.618248],[-79.437852,37.617187],[-79.436947,37.617057],[-79.436176,37.616944],[-79.435631,37.616864],[-79.432483,37.616403],[-79.428821,37.615869],[-79.426371,37.61551],[-79.424815,37.61815],[-79.422802,37.620356],[-79.419635,37.625665],[-79.417805,37.626512],[-79.413641,37.625982],[-79.40986,37.626303],[-79.406541,37.626833],[-79.404301,37.625735],[-79.40158,37.626049],[-79.399116,37.628172],[-79.395395,37.629537],[-79.392702,37.631593],[-79.391792,37.633434],[-79.387194,37.636002],[-79.383813,37.639529],[-79.381586,37.641347],[-79.380353,37.642759],[-79.378821,37.643544],[-79.375212,37.644747],[-79.370192,37.644615],[-79.365573,37.645697],[-79.364582,37.647195],[-79.360868,37.650101],[-79.360563,37.651538],[-79.359043,37.65277],[-79.358185,37.654216],[-79.358521,37.655792],[-79.355036,37.657034],[-79.352862,37.657374],[-79.349444,37.658537],[-79.34712,37.659939],[-79.345235,37.660625],[-79.344893,37.661571],[-79.3456,37.664203],[-79.345093,37.666449],[-79.343684,37.668021],[-79.343165,37.669222],[-79.343496,37.670378],[-79.341766,37.671709],[-79.341549,37.672402],[-79.342274,37.674188],[-79.342155,37.67583],[-79.341213,37.676919],[-79.340576,37.678634],[-79.338261,37.679271],[-79.337201,37.679098],[-79.336518,37.680091],[-79.336994,37.681061],[-79.336851,37.682069],[-79.334821,37.684073],[-79.332646,37.685578],[-79.332465,37.686404],[-79.32971,37.688048],[-79.329327,37.688475],[-79.327967,37.689645],[-79.325324,37.690636],[-79.324759,37.691202],[-79.324665,37.691336],[-79.324524,37.691466],[-79.324359,37.691552],[-79.324249,37.691577],[-79.324135,37.6916],[-79.324015,37.691626],[-79.323812,37.691685],[-79.322317,37.692874],[-79.320082,37.696773],[-79.319898,37.700123],[-79.317339,37.702598],[-79.316656,37.70336],[-79.31646,37.70501],[-79.315338,37.706451],[-79.316707,37.708296],[-79.316662,37.710851],[-79.318102,37.712956],[-79.31743,37.714764],[-79.3157,37.717145],[-79.313451,37.717385],[-79.312242,37.71767],[-79.311783,37.718716],[-79.31293,37.720744],[-79.31303,37.7209],[-79.313111,37.721027],[-79.313122,37.721059],[-79.313137,37.721134],[-79.313131,37.721206],[-79.313097,37.721279],[-79.313052,37.721332],[-79.312997,37.721373],[-79.31288,37.721393],[-79.312804,37.721403],[-79.312732,37.721418],[-79.312652,37.721441],[-79.31262,37.721452],[-79.312577,37.721466],[-79.312497,37.721491],[-79.312428,37.721509],[-79.312311,37.721537],[-79.312228,37.721559],[-79.31216,37.721582],[-79.312129,37.721593],[-79.312044,37.721637],[-79.311964,37.721703],[-79.311889,37.721807],[-79.311855,37.721871],[-79.311839,37.72199],[-79.311833,37.722072],[-79.311834,37.722156],[-79.311842,37.722246],[-79.311863,37.722334],[-79.311899,37.722425],[-79.311942,37.722524],[-79.311961,37.722561],[-79.311808,37.723921],[-79.309998,37.725377],[-79.309466,37.726658],[-79.307514,37.727124],[-79.304945,37.729056],[-79.305615,37.731046],[-79.306887,37.733465],[-79.308442,37.73433],[-79.307318,37.735017],[-79.305376,37.73642],[-79.303948,37.738641],[-79.303585,37.739827],[-79.303011,37.740923]]]]}},{"type":"Feature","properties":{"id":7,"NAME":"7","TotalPop":784672,"PopDevPct":-1.2e-7,"DemPct":0.50291911,"RepPct":0.47443332,"WhitePct":0.54151829,"MinorityPct":0.45848171,"BlackPct":0.2244052,"HispanicPct":0.15320144,"PacificPct":0.00304834,"AsianPct":0.06664833,"NativePct":0.02561018,"TotalVAP":585236,"Margin":0.00291911,"color":"#ff2000","opacity":"0.5"},"geometry":{"type":"MultiPolygon","coordinates":[[[[-78.559822,38.331066],[-78.563637,38.330929],[-78.564714,38.330644],[-78.565438,38.328996],[-78.567232,38.328236],[-78.570094,38.327884],[-78.573204,38.328408],[-78.575287,38.328435],[-78.578711,38.327965],[-78.579813,38.327504],[-78.581302,38.325625],[-78.583589,38.325547],[-78.587506,38.32483],[-78.589972,38.323191],[-78.592239,38.32123],[-78.595392,38.3201],[-78.595529,38.318068],[-78.596573,38.317079],[-78.600307,38.315549],[-78.601713,38.313538],[-78.602292,38.309187],[-78.602248,38.307485],[-78.60378,38.306484],[-78.60895,38.305765],[-78.615011,38.304035],[-78.619303,38.303416],[-78.622556,38.301675],[-78.622644,38.30165],[-78.626422,38.300772],[-78.628525,38.300023],[-78.632597,38.293657],[-78.634337,38.292029],[-78.637958,38.290762],[-78.640243,38.290704],[-78.642031,38.29169],[-78.644386,38.292491],[-78.647508,38.292453],[-78.649656,38.293307],[-78.651214,38.293463],[-78.653184,38.291536],[-78.654504,38.290785],[-78.6583,38.28654],[-78.658448,38.284738],[-78.659534,38.282289],[-78.661268,38.280376],[-78.6626,38.277857],[-78.663145,38.277933],[-78.663898,38.276676],[-78.661902,38.271685],[-78.660758,38.270949],[-78.661186,38.269011],[-78.66374,38.267203],[-78.666398,38.266053],[-78.664857,38.265249],[-78.6625,38.264783],[-78.662158,38.263643],[-78.66042,38.262821],[-78.657236,38.260566],[-78.655149,38.260632],[-78.656532,38.259058],[-78.658975,38.258043],[-78.660079,38.255375],[-78.662188,38.253476],[-78.665093,38.251962],[-78.668725,38.250675],[-78.669484,38.249194],[-78.669806,38.247327],[-78.671603,38.247925],[-78.674483,38.250428],[-78.675913,38.252875],[-78.678039,38.254073],[-78.681032,38.254905],[-78.682488,38.254616],[-78.685286,38.252822],[-78.686691,38.251282],[-78.689616,38.249283],[-78.689787,38.248838],[-78.692865,38.247286],[-78.697744,38.245738],[-78.69922,38.245841],[-78.702277,38.246198],[-78.704336,38.246991],[-78.706566,38.246438],[-78.706735,38.24465],[-78.710006,38.242445],[-78.710624,38.240466],[-78.710618,38.240395],[-78.711239,38.238639],[-78.715574,38.235867],[-78.717388,38.235513],[-78.717683,38.235455],[-78.718086,38.2353],[-78.721097,38.234339],[-78.721251,38.233944],[-78.722638,38.232992],[-78.724745,38.232775],[-78.726272,38.231955],[-78.726519,38.230186],[-78.726443,38.229972],[-78.72483,38.231052],[-78.72183,38.231418],[-78.722921,38.23024],[-78.722759,38.228154],[-78.720863,38.229355],[-78.717672,38.229234],[-78.71432,38.229402],[-78.713273,38.229136],[-78.711154,38.22982],[-78.708202,38.228778],[-78.703998,38.229755],[-78.701303,38.229553],[-78.699577,38.230309],[-78.693771,38.230371],[-78.690158,38.226637],[-78.688835,38.224243],[-78.687589,38.223853],[-78.686349,38.222571],[-78.686255,38.224652],[-78.684337,38.228028],[-78.683267,38.230901],[-78.68042,38.233279],[-78.677419,38.231818],[-78.66938,38.232869],[-78.668486,38.232719],[-78.661565,38.234018],[-78.661433,38.236589],[-78.662967,38.239696],[-78.659941,38.239639],[-78.657382,38.240545],[-78.654371,38.244957],[-78.651873,38.242],[-78.650074,38.242115],[-78.649268,38.244242],[-78.645962,38.242914],[-78.64185,38.242789],[-78.642271,38.241791],[-78.641628,38.240148],[-78.639484,38.240157],[-78.633581,38.238448],[-78.630627,38.240283],[-78.627741,38.241269],[-78.624291,38.240927],[-78.622756,38.241666],[-78.620792,38.240928],[-78.619888,38.241498],[-78.619719,38.241376],[-78.617868,38.240526],[-78.616108,38.240204],[-78.613685,38.239667],[-78.605348,38.238439],[-78.603051,38.239011],[-78.599328,38.23626],[-78.598032,38.23624],[-78.596299,38.237428],[-78.595887,38.242337],[-78.596094,38.244403],[-78.603698,38.249313],[-78.605508,38.251185],[-78.606539,38.258172],[-78.596734,38.254623],[-78.593696,38.253523],[-78.586098,38.251216],[-78.585394,38.251002],[-78.574797,38.247784],[-78.556103,38.241702],[-78.554501,38.24119],[-78.550959,38.240099],[-78.544122,38.237994],[-78.542088,38.237367],[-78.534755,38.234986],[-78.522374,38.231082],[-78.518031,38.229874],[-78.517778,38.229787],[-78.499909,38.224504],[-78.488745,38.22113],[-78.48394,38.219669],[-78.474119,38.216661],[-78.465449,38.214047],[-78.462017,38.213004],[-78.451119,38.209794],[-78.44242,38.207296],[-78.438379,38.205844],[-78.43838,38.205809],[-78.430471,38.203412],[-78.419161,38.200005],[-78.411009,38.197305],[-78.403077,38.194452],[-78.398052,38.192504],[-78.396706,38.192075],[-78.396421,38.192039],[-78.396281,38.192018],[-78.392446,38.191168],[-78.388811,38.190254],[-78.377436,38.186914],[-78.36902,38.184158],[-78.368984,38.184146],[-78.352149,38.179858],[-78.344725,38.177908],[-78.33796,38.17558],[-78.334384,38.174433],[-78.332451,38.173829],[-78.329993,38.172973],[-78.311355,38.166617],[-78.299653,38.162909],[-78.299464,38.162843],[-78.292945,38.160541],[-78.289001,38.159156],[-78.281118,38.156446],[-78.272871,38.153642],[-78.26979,38.152597],[-78.261957,38.149768],[-78.256818,38.147905],[-78.251898,38.146121],[-78.240784,38.142352],[-78.239629,38.141944],[-78.232831,38.139526],[-78.221767,38.13555],[-78.211796,38.13199],[-78.209384,38.131128],[-78.208217,38.130945],[-78.208082,38.130924],[-78.201388,38.129883],[-78.19947,38.129585],[-78.19881,38.129482],[-78.188899,38.127939],[-78.187257,38.127684],[-78.186101,38.12804],[-78.185137,38.12837],[-78.183768,38.128858],[-78.180783,38.130174],[-78.178317,38.129892],[-78.17526,38.13043],[-78.171423,38.129688],[-78.169607,38.13069],[-78.168232,38.133458],[-78.165205,38.135838],[-78.163174,38.136506],[-78.16128,38.13766],[-78.160332,38.137194],[-78.154408,38.136975],[-78.150192,38.138356],[-78.148793,38.138889],[-78.147593,38.138647],[-78.146597,38.14127],[-78.144145,38.142946],[-78.142911,38.141625],[-78.140987,38.141045],[-78.140472,38.141576],[-78.13847,38.141813],[-78.137036,38.141364],[-78.136252,38.140372],[-78.133967,38.138773],[-78.132,38.138715],[-78.13109,38.139112],[-78.127787,38.138707],[-78.123516,38.139421],[-78.122511,38.140255],[-78.121294,38.139677],[-78.117891,38.14021],[-78.116561,38.140046],[-78.116339,38.141277],[-78.114773,38.141298],[-78.113254,38.143416],[-78.112204,38.144373],[-78.111679,38.144868],[-78.11224,38.147654],[-78.10942,38.148711],[-78.108437,38.148974],[-78.105316,38.151309],[-78.103032,38.151979],[-78.101748,38.152567],[-78.098086,38.150905],[-78.095621,38.151116],[-78.095037,38.150791],[-78.093027,38.151595],[-78.090428,38.150509],[-78.087954,38.149099],[-78.087597,38.147352],[-78.085826,38.146634],[-78.081782,38.147175],[-78.0805,38.146623],[-78.081117,38.145518],[-78.079931,38.144261],[-78.078186,38.143909],[-78.076498,38.141577],[-78.074164,38.141178],[-78.070823,38.142703],[-78.070052,38.143193],[-78.069127,38.142439],[-78.067453,38.142419],[-78.064593,38.141066],[-78.064473,38.140198],[-78.061275,38.140804],[-78.058475,38.140649],[-78.057183,38.140044],[-78.056012,38.138795],[-78.055141,38.139306],[-78.052839,38.137992],[-78.051961,38.138049],[-78.049423,38.136418],[-78.048131,38.13662],[-78.047876,38.135883],[-78.0444,38.135723],[-78.042492,38.135922],[-78.042127,38.136672],[-78.039178,38.136709],[-78.039691,38.135152],[-78.039137,38.134808],[-78.035908,38.135464],[-78.034363,38.136315],[-78.033741,38.136086],[-78.031805,38.13728],[-78.030164,38.139666],[-78.028984,38.138829],[-78.02585,38.137632],[-78.024735,38.136473],[-78.022803,38.139814],[-78.022891,38.140593],[-78.021929,38.14204],[-78.020531,38.141046],[-78.018796,38.141908],[-78.017354,38.141468],[-78.017358,38.140321],[-78.012527,38.139135],[-78.011962,38.139956],[-78.010407,38.140204],[-78.007335,38.138786],[-78.006713,38.13906],[-78.005395,38.139277],[-78.0036,38.138252],[-78.00216,38.138571],[-78.002119,38.137885],[-77.996316,38.132127],[-77.993597,38.130035],[-77.992631,38.129932],[-77.992098,38.128914],[-77.990897,38.128837],[-77.989908,38.127882],[-77.989996,38.126052],[-77.990682,38.125162],[-77.989111,38.124469],[-77.987346,38.124725],[-77.986486,38.122911],[-77.984673,38.122163],[-77.984831,38.121471],[-77.984775,38.121366],[-77.984686,38.121267],[-77.984551,38.121188],[-77.984442,38.121111],[-77.984194,38.120961],[-77.984012,38.120856],[-77.983825,38.12077],[-77.983524,38.120667],[-77.983334,38.12064],[-77.983155,38.12062],[-77.982979,38.120571],[-77.982817,38.120485],[-77.982559,38.120387],[-77.982409,38.120344],[-77.982269,38.120289],[-77.982062,38.120241],[-77.981622,38.120078],[-77.981454,38.119988],[-77.98124,38.119806],[-77.980915,38.119662],[-77.980315,38.119501],[-77.979936,38.119533],[-77.979857,38.119574],[-77.979569,38.119812],[-77.979531,38.120147],[-77.979589,38.120369],[-77.979454,38.120424],[-77.979098,38.120287],[-77.978849,38.12023],[-77.97861,38.120261],[-77.978354,38.120333],[-77.978092,38.120277],[-77.977728,38.119978],[-77.977391,38.119867],[-77.977075,38.119948],[-77.976976,38.120241],[-77.977023,38.120567],[-77.976962,38.120694],[-77.976706,38.120835],[-77.976253,38.120763],[-77.976166,38.120786],[-77.976026,38.121076],[-77.975887,38.121253],[-77.975748,38.121314],[-77.975422,38.121258],[-77.974777,38.121043],[-77.974202,38.120744],[-77.973401,38.120496],[-77.973285,38.120412],[-77.972998,38.120426],[-77.972854,38.120493],[-77.972755,38.12063],[-77.972403,38.120873],[-77.972191,38.120943],[-77.971786,38.12112],[-77.971248,38.121416],[-77.971036,38.121516],[-77.970706,38.121753],[-77.97032,38.121912],[-77.969712,38.122058],[-77.969519,38.122123],[-77.969273,38.122316],[-77.969088,38.122365],[-77.968827,38.122388],[-77.968578,38.122354],[-77.967976,38.122179],[-77.967612,38.121998],[-77.967432,38.121798],[-77.967272,38.121454],[-77.966823,38.121184],[-77.966453,38.121006],[-77.965433,38.120348],[-77.964854,38.120105],[-77.964095,38.119762],[-77.963039,38.119236],[-77.962158,38.118744],[-77.961501,38.118531],[-77.960166,38.11818],[-77.959042,38.117998],[-77.958063,38.117985],[-77.957081,38.118159],[-77.955858,38.118356],[-77.954877,38.118375],[-77.953639,38.118501],[-77.95336,38.118469],[-77.953325,38.118505],[-77.952728,38.118708],[-77.952628,38.118608],[-77.95223,38.11861],[-77.95223,38.118311],[-77.951832,38.118113],[-77.951733,38.118013],[-77.951036,38.118017],[-77.950738,38.117819],[-77.950638,38.117819],[-77.95034,38.117721],[-77.950141,38.117622],[-77.949544,38.117725],[-77.949146,38.117827],[-77.948748,38.117829],[-77.948449,38.11803],[-77.94825,38.118231],[-77.94815,38.118431],[-77.948249,38.118731],[-77.948249,38.11943],[-77.94795,38.119731],[-77.947552,38.119933],[-77.947054,38.120035],[-77.946755,38.119837],[-77.946243,38.119333],[-77.945859,38.119142],[-77.945461,38.119244],[-77.945163,38.119346],[-77.944765,38.119348],[-77.944366,38.11955],[-77.944167,38.119451],[-77.943769,38.119153],[-77.94367,38.119054],[-77.943471,38.118955],[-77.943073,38.118957],[-77.942775,38.118858],[-77.942576,38.118759],[-77.942277,38.118661],[-77.94168,38.118664],[-77.941363,38.118771],[-77.940983,38.118867],[-77.940585,38.118869],[-77.940486,38.11877],[-77.940187,38.118572],[-77.939988,38.118373],[-77.939889,38.118174],[-77.939889,38.117974],[-77.93979,38.117675],[-77.939591,38.117576],[-77.939492,38.117477],[-77.938895,38.11748],[-77.938497,38.117283],[-77.937999,38.116886],[-77.9379,38.116786],[-77.937601,38.116788],[-77.937303,38.116689],[-77.937204,38.11659],[-77.936905,38.116492],[-77.936654,38.116141],[-77.934717,38.114204],[-77.929741,38.113729],[-77.926059,38.115048],[-77.923718,38.114536],[-77.921918,38.115236],[-77.920318,38.116936],[-77.918218,38.117436],[-77.916918,38.118336],[-77.914118,38.117136],[-77.913718,38.115797],[-77.913118,38.114536],[-77.913018,38.112136],[-77.912518,38.111536],[-77.910318,38.112236],[-77.907717,38.111836],[-77.907117,38.111136],[-77.905017,38.110636],[-77.903517,38.109736],[-77.903017,38.108436],[-77.901817,38.108136],[-77.900217,38.109436],[-77.898416,38.109736],[-77.898316,38.111236],[-77.896916,38.111536],[-77.896516,38.110136],[-77.891916,38.111536],[-77.890516,38.111436],[-77.890416,38.112236],[-77.888416,38.113136],[-77.886529,38.112235],[-77.88545,38.110703],[-77.883117,38.110136],[-77.882317,38.108936],[-77.879017,38.108436],[-77.876317,38.107436],[-77.874717,38.107186],[-77.874217,38.106436],[-77.871717,38.106537],[-77.869117,38.105637],[-77.866616,38.106237],[-77.864516,38.106137],[-77.862316,38.105537],[-77.859816,38.105237],[-77.858217,38.103037],[-77.858817,38.101337],[-77.858117,38.100337],[-77.856117,38.099837],[-77.854417,38.100937],[-77.854817,38.102637],[-77.854517,38.103937],[-77.852617,38.104538],[-77.851218,38.104337],[-77.851516,38.103437],[-77.849717,38.102138],[-77.848416,38.101836],[-77.847816,38.099436],[-77.847017,38.098438],[-77.845417,38.098538],[-77.843317,38.100338],[-77.842917,38.101438],[-77.845517,38.104338],[-77.844917,38.104738],[-77.842117,38.105138],[-77.839717,38.106038],[-77.838217,38.106239],[-77.837216,38.104639],[-77.836317,38.104439],[-77.836217,38.101139],[-77.833217,38.100439],[-77.830917,38.099239],[-77.830316,38.097738],[-77.828917,38.097239],[-77.826517,38.097139],[-77.824316,38.095937],[-77.823416,38.093539],[-77.819716,38.092436],[-77.820297,38.089193],[-77.819717,38.08784],[-77.817617,38.08564],[-77.816917,38.08544],[-77.815317,38.08684],[-77.812893,38.085296],[-77.812417,38.084339],[-77.812616,38.081238],[-77.811121,38.079692],[-77.806515,38.078537],[-77.800115,38.078237],[-77.79819,38.078737],[-77.793715,38.078537],[-77.789314,38.075937],[-77.786614,38.076337],[-77.785114,38.073237],[-77.784173,38.070653],[-77.782914,38.069437],[-77.782514,38.067537],[-77.783114,38.066337],[-77.784914,38.065137],[-77.784514,38.063337],[-77.782614,38.063237],[-77.781714,38.062637],[-77.780214,38.060337],[-77.778514,38.058737],[-77.771914,38.057437],[-77.771014,38.056737],[-77.771714,38.054737],[-77.771414,38.053737],[-77.768514,38.051737],[-77.766114,38.053337],[-77.764024,38.053137],[-77.763314,38.052637],[-77.763314,38.051237],[-77.762514,38.050537],[-77.756113,38.048237],[-77.753613,38.050337],[-77.751613,38.051337],[-77.751413,38.051937],[-77.748613,38.052837],[-77.745513,38.051337],[-77.745213,38.050837],[-77.747213,38.049137],[-77.747813,38.047937],[-77.747513,38.045537],[-77.748413,38.043437],[-77.748213,38.042137],[-77.745713,38.040937],[-77.742913,38.040737],[-77.741613,38.039637],[-77.740913,38.038237],[-77.741313,38.037237],[-77.742713,38.037437],[-77.743413,38.039237],[-77.747913,38.037637],[-77.748813,38.036737],[-77.748813,38.035138],[-77.747713,38.033338],[-77.748513,38.028738],[-77.747613,38.026338],[-77.74767,38.024295],[-77.746913,38.023638],[-77.744913,38.023738],[-77.744513,38.025138],[-77.742313,38.027438],[-77.740713,38.029638],[-77.740713,38.031238],[-77.739513,38.033038],[-77.736313,38.032037],[-77.732313,38.031637],[-77.731013,38.031037],[-77.729812,38.028738],[-77.728312,38.027738],[-77.728312,38.026038],[-77.731012,38.024838],[-77.731513,38.021538],[-77.729712,38.021038],[-77.727112,38.022638],[-77.723412,38.023438],[-77.722212,38.023238],[-77.720412,38.021238],[-77.719312,38.020638],[-77.719212,38.019738],[-77.720012,38.018138],[-77.719312,38.016638],[-77.717012,38.016438],[-77.712864,38.014594],[-77.712573,38.014007],[-77.712468,38.013827],[-77.712078,38.013106],[-77.712026,38.013011],[-77.71188,38.012969],[-77.71189,38.012721],[-77.711698,38.012747],[-77.711525,38.012771],[-77.711021,38.012598],[-77.710576,38.012577],[-77.710519,38.012575],[-77.710292,38.012601],[-77.709868,38.012736],[-77.709064,38.013205],[-77.708604,38.013362],[-77.70815,38.013407],[-77.706684,38.013416],[-77.705606,38.013574],[-77.705298,38.013511],[-77.704227,38.012962],[-77.70388,38.012818],[-77.703301,38.012693],[-77.701339,38.012744],[-77.700859,38.012683],[-77.700403,38.012695],[-77.700242,38.012632],[-77.699998,38.012548],[-77.699666,38.012304],[-77.699362,38.011995],[-77.699321,38.011823],[-77.698852,38.011158],[-77.698204,38.009947],[-77.697342,38.008897],[-77.696979,38.008467],[-77.696025,38.007513],[-77.695549,38.0073],[-77.69457,38.007117],[-77.694546,38.007118],[-77.694159,38.007127],[-77.693893,38.00718],[-77.693228,38.007558],[-77.692616,38.007702],[-77.692355,38.007847],[-77.69206,38.007943],[-77.688641,38.008129],[-77.687665,38.008049],[-77.687458,38.008032],[-77.687294,38.008011],[-77.687417,38.007867],[-77.687469,38.007806],[-77.687275,38.007845],[-77.68721,38.007869],[-77.687185,38.007869],[-77.686959,38.007844],[-77.686916,38.00784],[-77.686573,38.007776],[-77.686174,38.007721],[-77.686017,38.007705],[-77.6857,38.007696],[-77.685424,38.007733],[-77.685221,38.007778],[-77.685101,38.007832],[-77.684869,38.007969],[-77.684626,38.008055],[-77.684438,38.008122],[-77.684288,38.008154],[-77.684122,38.008168],[-77.683968,38.008157],[-77.683622,38.00808],[-77.683318,38.008037],[-77.68295,38.007949],[-77.682271,38.007769],[-77.681901,38.007646],[-77.68168,38.007614],[-77.681297,38.007553],[-77.681144,38.007546],[-77.680922,38.007548],[-77.680754,38.007537],[-77.680052,38.007266],[-77.679736,38.007158],[-77.679432,38.007043],[-77.678895,38.006895],[-77.678373,38.006717],[-77.678094,38.006666],[-77.677917,38.00667],[-77.6776,38.006614],[-77.677489,38.00659],[-77.677303,38.006516],[-77.677185,38.006451],[-77.67714,38.006427],[-77.677085,38.006371],[-77.677056,38.006336],[-77.677003,38.006281],[-77.67692,38.006228],[-77.676758,38.006182],[-77.676624,38.006165],[-77.676126,38.005956],[-77.675845,38.0058],[-77.675576,38.005688],[-77.675484,38.005633],[-77.675341,38.005559],[-77.675079,38.005452],[-77.674821,38.005364],[-77.674609,38.005302],[-77.674482,38.00528],[-77.674241,38.005207],[-77.674107,38.005157],[-77.673887,38.005056],[-77.673618,38.004917],[-77.673231,38.004733],[-77.67291,38.004588],[-77.672661,38.00446],[-77.672493,38.00439],[-77.672211,38.004248],[-77.671942,38.00413],[-77.671779,38.004066],[-77.671674,38.004019],[-77.67149,38.003955],[-77.671334,38.00389],[-77.671189,38.003806],[-77.671079,38.003728],[-77.670848,38.003549],[-77.67064,38.003378],[-77.670451,38.003176],[-77.670328,38.003014],[-77.670238,38.002913],[-77.670166,38.002819],[-77.670101,38.00275],[-77.669851,38.002452],[-77.669782,38.002383],[-77.669555,38.00217],[-77.669466,38.002092],[-77.669364,38.002012],[-77.669256,38.001908],[-77.669066,38.001703],[-77.668979,38.0016],[-77.66889,38.001481],[-77.6688,38.001379],[-77.668674,38.0012],[-77.668585,38.001087],[-77.668438,38.00089],[-77.668289,38.000735],[-77.668217,38.000639],[-77.668132,38.000458],[-77.668058,38.000234],[-77.668021,38.000059],[-77.668015,37.99989],[-77.668027,37.999641],[-77.668029,37.999408],[-77.668034,37.999333],[-77.668027,37.999211],[-77.66804,37.999104],[-77.668083,37.998924],[-77.668126,37.998488],[-77.668124,37.998403],[-77.668106,37.998285],[-77.668105,37.998166],[-77.668094,37.998084],[-77.668089,37.997962],[-77.668063,37.997853],[-77.667988,37.997702],[-77.667846,37.99753],[-77.667724,37.997421],[-77.667657,37.997345],[-77.667531,37.997229],[-77.667446,37.99716],[-77.667309,37.997064],[-77.667211,37.997003],[-77.667051,37.996934],[-77.666897,37.996885],[-77.666748,37.996826],[-77.666573,37.996775],[-77.666416,37.996753],[-77.666246,37.99674],[-77.665913,37.99673],[-77.665712,37.996735],[-77.665389,37.996736],[-77.665264,37.996741],[-77.665087,37.996762],[-77.664974,37.996767],[-77.664802,37.996801],[-77.664652,37.996853],[-77.664552,37.996903],[-77.664411,37.996985],[-77.66416,37.997105],[-77.663945,37.997184],[-77.663681,37.997266],[-77.663411,37.997354],[-77.662997,37.997461],[-77.662894,37.997492],[-77.662802,37.997528],[-77.662659,37.997568],[-77.662572,37.997606],[-77.662436,37.997653],[-77.662241,37.997687],[-77.662009,37.997709],[-77.661816,37.997712],[-77.661615,37.997693],[-77.661513,37.997666],[-77.661332,37.997648],[-77.661145,37.997621],[-77.661107,37.99764],[-77.660975,37.997593],[-77.660892,37.997552],[-77.660807,37.997497],[-77.660738,37.997432],[-77.660697,37.997354],[-77.660674,37.997261],[-77.660659,37.997054],[-77.660694,37.99686],[-77.660721,37.996745],[-77.660759,37.996526],[-77.660783,37.996278],[-77.660781,37.996142],[-77.660764,37.996044],[-77.660749,37.995823],[-77.660728,37.995705],[-77.660657,37.995444],[-77.660631,37.995223],[-77.66056,37.995005],[-77.660529,37.994803],[-77.660527,37.994711],[-77.660513,37.9946],[-77.660543,37.9942],[-77.660578,37.994033],[-77.660602,37.993963],[-77.66062,37.993745],[-77.660584,37.993536],[-77.660566,37.993305],[-77.660521,37.993065],[-77.660521,37.992995],[-77.660468,37.99288],[-77.660402,37.992764],[-77.660317,37.992653],[-77.660236,37.992532],[-77.66006,37.99233],[-77.659968,37.99224],[-77.659864,37.992155],[-77.659751,37.992072],[-77.659565,37.991956],[-77.659447,37.991913],[-77.65926,37.991852],[-77.659129,37.991814],[-77.6588,37.991771],[-77.658655,37.991755],[-77.658508,37.991731],[-77.658376,37.991695],[-77.658243,37.991682],[-77.658093,37.991695],[-77.657975,37.991715],[-77.657685,37.991877],[-77.657494,37.992045],[-77.657233,37.992184],[-77.657111,37.992265],[-77.656849,37.99242],[-77.656549,37.992547],[-77.656386,37.992598],[-77.656242,37.992635],[-77.656104,37.992686],[-77.655971,37.992754],[-77.655609,37.992914],[-77.655302,37.993059],[-77.654995,37.993173],[-77.65468,37.993294],[-77.654507,37.993353],[-77.65434,37.993397],[-77.654006,37.993495],[-77.653672,37.993564],[-77.653495,37.993598],[-77.653128,37.993662],[-77.652772,37.993733],[-77.65262,37.993753],[-77.652473,37.993779],[-77.652236,37.99379],[-77.651887,37.993824],[-77.651771,37.993829],[-77.651613,37.993849],[-77.651228,37.993879],[-77.651071,37.993898],[-77.650903,37.993926],[-77.650745,37.993936],[-77.65042,37.993975],[-77.650259,37.994],[-77.649926,37.994037],[-77.649765,37.994048],[-77.649383,37.994089],[-77.649268,37.994098],[-77.648724,37.994112],[-77.648443,37.994106],[-77.648222,37.994088],[-77.64806,37.994097],[-77.647941,37.994094],[-77.647785,37.994073],[-77.647507,37.994015],[-77.647328,37.993973],[-77.647163,37.993948],[-77.645426,37.993436],[-77.645045,37.993319],[-77.64465,37.993181],[-77.644311,37.993095],[-77.644152,37.993052],[-77.643931,37.992985],[-77.643757,37.99295],[-77.643599,37.99291],[-77.643311,37.992813],[-77.643136,37.99274],[-77.642884,37.992621],[-77.642758,37.992547],[-77.642655,37.992479],[-77.642563,37.992408],[-77.642377,37.992233],[-77.642318,37.992139],[-77.642296,37.992063],[-77.642263,37.991871],[-77.64227,37.991759],[-77.642309,37.991484],[-77.642319,37.991308],[-77.642343,37.991225],[-77.642363,37.991114],[-77.642385,37.991088],[-77.642416,37.99098],[-77.642518,37.990688],[-77.64257,37.99056],[-77.642592,37.990503],[-77.642637,37.990411],[-77.642663,37.990362],[-77.642691,37.990308],[-77.642741,37.990201],[-77.64279,37.990088],[-77.642822,37.990002],[-77.642858,37.989888],[-77.642881,37.989793],[-77.642903,37.989701],[-77.642942,37.989583],[-77.642964,37.98949],[-77.642982,37.989415],[-77.643001,37.98933],[-77.643023,37.989232],[-77.643046,37.989133],[-77.643076,37.989043],[-77.643103,37.988961],[-77.643128,37.988864],[-77.643142,37.988793],[-77.643142,37.988727],[-77.643136,37.988659],[-77.643144,37.988599],[-77.643152,37.988503],[-77.643146,37.988429],[-77.643144,37.988349],[-77.643141,37.988257],[-77.643135,37.988127],[-77.643134,37.988031],[-77.643132,37.987947],[-77.643137,37.987862],[-77.643138,37.987741],[-77.643136,37.987645],[-77.643118,37.987567],[-77.643101,37.98749],[-77.643081,37.987403],[-77.643076,37.987315],[-77.643081,37.987222],[-77.643074,37.987145],[-77.643078,37.987071],[-77.643074,37.986952],[-77.643073,37.986869],[-77.643068,37.986772],[-77.643069,37.986687],[-77.643061,37.986582],[-77.643054,37.986499],[-77.643045,37.986408],[-77.643045,37.986291],[-77.643057,37.986216],[-77.643068,37.986137],[-77.64309,37.986046],[-77.643112,37.985961],[-77.643139,37.98588],[-77.643159,37.985786],[-77.643192,37.985625],[-77.64322,37.985526],[-77.643242,37.985421],[-77.643268,37.985319],[-77.643294,37.985219],[-77.643313,37.985122],[-77.643323,37.985034],[-77.643322,37.984953],[-77.643326,37.984863],[-77.643335,37.984763],[-77.643344,37.984676],[-77.643342,37.984581],[-77.643352,37.984499],[-77.643361,37.984426],[-77.64336,37.984335],[-77.643371,37.98424],[-77.643377,37.984145],[-77.643374,37.984054],[-77.643378,37.983975],[-77.643393,37.983896],[-77.643394,37.98382],[-77.643394,37.983736],[-77.643396,37.983637],[-77.64339,37.983511],[-77.643387,37.983423],[-77.643386,37.983351],[-77.643411,37.983262],[-77.643418,37.983165],[-77.643444,37.983039],[-77.643465,37.982954],[-77.643485,37.982871],[-77.643492,37.982796],[-77.64351,37.982711],[-77.64352,37.982636],[-77.643523,37.982557],[-77.643524,37.982479],[-77.643528,37.982403],[-77.643547,37.982279],[-77.643554,37.98219],[-77.643558,37.982091],[-77.643567,37.981999],[-77.643595,37.981906],[-77.643605,37.981833],[-77.643599,37.981763],[-77.643587,37.981694],[-77.643585,37.981623],[-77.643579,37.981554],[-77.643552,37.981471],[-77.643543,37.981372],[-77.643542,37.981342],[-77.643534,37.981171],[-77.643527,37.981021],[-77.643524,37.980959],[-77.643514,37.9809],[-77.643487,37.980833],[-77.643478,37.980751],[-77.643484,37.980658],[-77.643497,37.980557],[-77.643495,37.980435],[-77.643485,37.980353],[-77.64349,37.980263],[-77.643505,37.98017],[-77.643504,37.980144],[-77.643494,37.97996],[-77.643488,37.979894],[-77.643477,37.979822],[-77.643299,37.979245],[-77.642842,37.978727],[-77.6421,37.978307],[-77.640758,37.978244],[-77.639775,37.978021],[-77.638236,37.97792],[-77.63671,37.977835],[-77.634845,37.976042],[-77.634166,37.974497],[-77.632815,37.973008],[-77.630735,37.971407],[-77.630736,37.971246],[-77.630809,37.971084],[-77.631012,37.970858],[-77.631483,37.970445],[-77.631667,37.970376],[-77.631937,37.970359],[-77.632052,37.970404],[-77.632154,37.970284],[-77.632586,37.970083],[-77.632722,37.969968],[-77.633106,37.969478],[-77.633173,37.969087],[-77.63326,37.968744],[-77.633389,37.968355],[-77.633371,37.968126],[-77.633293,37.967631],[-77.63315,37.967163],[-77.63301,37.966493],[-77.632938,37.966226],[-77.632861,37.965753],[-77.632624,37.965253],[-77.63252,37.965151],[-77.632184,37.965006],[-77.631417,37.96465],[-77.63061,37.964484],[-77.628205,37.964356],[-77.627142,37.964618],[-77.626678,37.964893],[-77.626249,37.965376],[-77.625314,37.966049],[-77.624467,37.966539],[-77.623461,37.966823],[-77.622395,37.966907],[-77.621756,37.966823],[-77.62098,37.966574],[-77.620526,37.966286],[-77.619463,37.965402],[-77.619013,37.964923],[-77.618791,37.964392],[-77.618976,37.96363],[-77.61886,37.962527],[-77.618669,37.96177],[-77.618331,37.961236],[-77.617356,37.960678],[-77.615771,37.960157],[-77.614418,37.959586],[-77.613874,37.958973],[-77.614197,37.958341],[-77.615059,37.957515],[-77.615925,37.956264],[-77.616706,37.954757],[-77.617005,37.954421],[-77.617881,37.953062],[-77.618121,37.952632],[-77.618573,37.951275],[-77.618606,37.950581],[-77.618235,37.950074],[-77.617479,37.949751],[-77.616181,37.949018],[-77.615897,37.948975],[-77.613833,37.949437],[-77.612598,37.94956],[-77.611484,37.949794],[-77.610766,37.950387],[-77.609851,37.951993],[-77.609279,37.952769],[-77.608951,37.954039],[-77.608538,37.954341],[-77.608288,37.954454],[-77.606745,37.954721],[-77.605138,37.955285],[-77.60444,37.955405],[-77.603313,37.955433],[-77.601029,37.955038],[-77.599782,37.954523],[-77.597528,37.953079],[-77.595831,37.951878],[-77.595318,37.951434],[-77.594,37.95059],[-77.590553,37.94946],[-77.58989,37.949271],[-77.589106,37.949199],[-77.588473,37.949273],[-77.587012,37.94919],[-77.585882,37.949351],[-77.585108,37.949891],[-77.583863,37.950286],[-77.581241,37.950597],[-77.580158,37.951503],[-77.579211,37.953299],[-77.57941,37.953856],[-77.57965,37.954312],[-77.579649,37.954413],[-77.579779,37.954796],[-77.579751,37.955369],[-77.579639,37.95567],[-77.579217,37.956241],[-77.57895,37.956434],[-77.578606,37.956836],[-77.578224,37.957136],[-77.577991,37.957294],[-77.577741,37.957555],[-77.577259,37.957815],[-77.57708,37.957874],[-77.576728,37.958072],[-77.576387,37.958043],[-77.57627,37.957985],[-77.575959,37.957666],[-77.575578,37.957474],[-77.575122,37.957145],[-77.574743,37.956931],[-77.574202,37.956669],[-77.573883,37.956484],[-77.573333,37.956264],[-77.572952,37.956149],[-77.572529,37.955949],[-77.571862,37.955613],[-77.571446,37.955417],[-77.570473,37.954924],[-77.570252,37.954771],[-77.570109,37.954585],[-77.56971,37.954215],[-77.569554,37.954039],[-77.569335,37.953701],[-77.569015,37.953246],[-77.568822,37.952824],[-77.568652,37.952375],[-77.568612,37.952122],[-77.568502,37.951885],[-77.568346,37.951302],[-77.568063,37.950506],[-77.567964,37.95013],[-77.567847,37.949778],[-77.56766,37.94952],[-77.567208,37.949012],[-77.566716,37.948561],[-77.566381,37.94829],[-77.566144,37.948066],[-77.565553,37.94755],[-77.56464,37.946999],[-77.564241,37.946628],[-77.564173,37.946515],[-77.564198,37.946084],[-77.564305,37.945721],[-77.564382,37.945637],[-77.564435,37.945579],[-77.564474,37.945504],[-77.564503,37.945368],[-77.564532,37.945285],[-77.564573,37.945217],[-77.564668,37.94511],[-77.564699,37.94508],[-77.564883,37.94498],[-77.565096,37.944857],[-77.565323,37.944703],[-77.565545,37.944551],[-77.565564,37.944527],[-77.565757,37.944377],[-77.565908,37.944189],[-77.566064,37.944021],[-77.566159,37.943919],[-77.566254,37.943801],[-77.56629,37.943731],[-77.566346,37.943624],[-77.566395,37.943543],[-77.566448,37.943365],[-77.566474,37.943018],[-77.566478,37.942969],[-77.56643,37.942743],[-77.56642,37.942664],[-77.566343,37.942425],[-77.566321,37.942337],[-77.566234,37.942166],[-77.566021,37.941825],[-77.565958,37.941754],[-77.565802,37.941535],[-77.565751,37.941488],[-77.56552,37.941352],[-77.565423,37.9413],[-77.565342,37.941274],[-77.565109,37.941305],[-77.564909,37.941322],[-77.564656,37.941357],[-77.564533,37.941295],[-77.562907,37.940057],[-77.563035,37.937446],[-77.562495,37.936641],[-77.562118,37.936377],[-77.562004,37.93625],[-77.561936,37.936171],[-77.561776,37.936088],[-77.561693,37.93606],[-77.561496,37.936034],[-77.561365,37.936009],[-77.56105,37.935981],[-77.560907,37.935987],[-77.560665,37.935971],[-77.560349,37.935982],[-77.560317,37.936013],[-77.560087,37.936005],[-77.560014,37.936009],[-77.559937,37.936021],[-77.559768,37.936081],[-77.559525,37.936209],[-77.559466,37.936233],[-77.558687,37.93636],[-77.557581,37.936136],[-77.556987,37.936133],[-77.556267,37.935841],[-77.556122,37.935642],[-77.555735,37.934881],[-77.555259,37.934375],[-77.554504,37.93387],[-77.553304,37.933341],[-77.552963,37.933019],[-77.552782,37.932018],[-77.552539,37.931465],[-77.551999,37.93094],[-77.550884,37.930109],[-77.549482,37.929474],[-77.546643,37.928641],[-77.546174,37.928217],[-77.546685,37.926969],[-77.5471,37.926535],[-77.547926,37.926208],[-77.548746,37.926115],[-77.549438,37.926153],[-77.550887,37.926429],[-77.551582,37.926299],[-77.552336,37.926029],[-77.554676,37.926178],[-77.555192,37.925928],[-77.556745,37.924553],[-77.557331,37.92354],[-77.557339,37.92288],[-77.556717,37.9221],[-77.554814,37.920722],[-77.552938,37.920015],[-77.5519,37.918994],[-77.549414,37.917782],[-77.547847,37.916972],[-77.546224,37.915966],[-77.545337,37.915756],[-77.544083,37.915976],[-77.543416,37.916371],[-77.542853,37.916888],[-77.542743,37.917196],[-77.542838,37.917915],[-77.542603,37.918538],[-77.541738,37.919308],[-77.540848,37.919696],[-77.539872,37.920177],[-77.53867,37.920517],[-77.536628,37.921187],[-77.536192,37.921225],[-77.534446,37.921179],[-77.532243,37.920913],[-77.531848,37.920803],[-77.530598,37.920773],[-77.52971,37.920841],[-77.528882,37.9208],[-77.528579,37.92057],[-77.528268,37.919822],[-77.528,37.918159],[-77.527766,37.917498],[-77.527182,37.91661],[-77.527125,37.915994],[-77.526605,37.915371],[-77.525122,37.914349],[-77.524816,37.913583],[-77.522433,37.912476],[-77.521849,37.911846],[-77.52153,37.911075],[-77.521409,37.910319],[-77.521185,37.909831],[-77.519879,37.908233],[-77.519365,37.907237],[-77.518005,37.906203],[-77.516822,37.905635],[-77.515484,37.904723],[-77.514783,37.904329],[-77.514106,37.904341],[-77.513344,37.90421],[-77.511978,37.904154],[-77.510717,37.904263],[-77.510422,37.904187],[-77.509532,37.903665],[-77.508965,37.903531],[-77.508418,37.902616],[-77.507595,37.90203],[-77.506505,37.901729],[-77.505161,37.90117],[-77.504815,37.901163],[-77.503138,37.90178],[-77.502438,37.901519],[-77.501549,37.900872],[-77.500029,37.90022],[-77.499386,37.899832],[-77.49718,37.898966],[-77.495896,37.898142],[-77.494186,37.897783],[-77.493639,37.897555],[-77.493333,37.897271],[-77.492892,37.89614],[-77.492832,37.894971],[-77.49339,37.893419],[-77.493563,37.892754],[-77.49333,37.891748],[-77.492748,37.891172],[-77.492656,37.889867],[-77.492405,37.889141],[-77.491604,37.888531],[-77.490835,37.888339],[-77.489997,37.888448],[-77.489282,37.888405],[-77.487964,37.887993],[-77.487525,37.887766],[-77.48695,37.887134],[-77.485518,37.885177],[-77.485289,37.88463],[-77.48417,37.883369],[-77.483774,37.883217],[-77.482991,37.883246],[-77.481767,37.883097],[-77.481437,37.883083],[-77.480136,37.883425],[-77.478268,37.883428],[-77.477833,37.883608],[-77.476195,37.885315],[-77.475772,37.885829],[-77.475192,37.886201],[-77.473758,37.88695],[-77.472683,37.887697],[-77.471746,37.888434],[-77.470812,37.888994],[-77.469269,37.889524],[-77.468754,37.889638],[-77.467697,37.889652],[-77.467035,37.889536],[-77.466234,37.889225],[-77.466149,37.889196],[-77.465118,37.88845],[-77.461965,37.888212],[-77.45922,37.889953],[-77.458267,37.890153],[-77.457761,37.890196],[-77.457643,37.890212],[-77.456869,37.890121],[-77.456198,37.890093],[-77.455673,37.890107],[-77.455427,37.890181],[-77.45513,37.89037],[-77.454736,37.890727],[-77.453939,37.891314],[-77.453717,37.891447],[-77.453475,37.89164],[-77.453112,37.891888],[-77.452796,37.892162],[-77.45258,37.89243],[-77.452399,37.893007],[-77.452326,37.893079],[-77.451581,37.893365],[-77.451427,37.893452],[-77.450835,37.893631],[-77.450365,37.893735],[-77.449707,37.893901],[-77.449436,37.893996],[-77.449012,37.894085],[-77.448745,37.894098],[-77.448087,37.894036],[-77.447934,37.89404],[-77.447602,37.894105],[-77.447348,37.894183],[-77.446866,37.894437],[-77.446455,37.894576],[-77.446115,37.89462],[-77.445516,37.894724],[-77.445147,37.894696],[-77.444816,37.894493],[-77.444665,37.894327],[-77.44439,37.894099],[-77.444187,37.893865],[-77.44393,37.89363],[-77.443645,37.893204],[-77.443529,37.892713],[-77.44351,37.892488],[-77.44333,37.892063],[-77.442935,37.891472],[-77.442756,37.891132],[-77.442665,37.890714],[-77.442676,37.89052],[-77.44285,37.89002],[-77.442869,37.889782],[-77.442845,37.889364],[-77.442753,37.889134],[-77.442537,37.888843],[-77.442256,37.888605],[-77.441784,37.888303],[-77.440633,37.887744],[-77.440295,37.887552],[-77.439865,37.887333],[-77.439257,37.887044],[-77.438785,37.886793],[-77.438342,37.886501],[-77.437953,37.886273],[-77.436633,37.885512],[-77.436183,37.885031],[-77.435413,37.883094],[-77.434383,37.881367],[-77.434355,37.880352],[-77.434082,37.87956],[-77.433193,37.877953],[-77.433078,37.877054],[-77.433318,37.875787],[-77.433108,37.875059],[-77.432581,37.874731],[-77.430597,37.873931],[-77.429704,37.873453],[-77.429077,37.872827],[-77.428942,37.872483],[-77.42894,37.871543],[-77.428591,37.869582],[-77.428405,37.869036],[-77.427695,37.868299],[-77.426915,37.867801],[-77.425633,37.867199],[-77.422889,37.865382],[-77.421989,37.864929],[-77.421634,37.864168],[-77.421868,37.863119],[-77.421851,37.863009],[-77.421704,37.862717],[-77.421367,37.86239],[-77.420851,37.861946],[-77.420643,37.861824],[-77.420199,37.861628],[-77.419787,37.861579],[-77.419468,37.86149],[-77.419029,37.861198],[-77.418706,37.860553],[-77.418719,37.859462],[-77.419029,37.859082],[-77.41952,37.858872],[-77.420214,37.858975],[-77.420922,37.858939],[-77.421373,37.859066],[-77.422553,37.859882],[-77.423226,37.860641],[-77.423565,37.861357],[-77.423798,37.861593],[-77.424581,37.861721],[-77.425002,37.861396],[-77.425576,37.860444],[-77.427032,37.858955],[-77.427509,37.858252],[-77.427788,37.85764],[-77.428167,37.856461],[-77.427958,37.855526],[-77.427154,37.854531],[-77.427028,37.854409],[-77.426935,37.854233],[-77.426953,37.854075],[-77.427088,37.853615],[-77.427062,37.853246],[-77.427158,37.852546],[-77.427303,37.852219],[-77.427587,37.851866],[-77.427942,37.85155],[-77.428137,37.851417],[-77.428255,37.851212],[-77.428176,37.850995],[-77.428,37.850636],[-77.427846,37.850375],[-77.42775,37.850075],[-77.427657,37.849893],[-77.427428,37.849426],[-77.427195,37.849103],[-77.426898,37.848574],[-77.426655,37.848003],[-77.426652,37.847849],[-77.42676,37.847352],[-77.426938,37.84674],[-77.427035,37.846518],[-77.427389,37.845989],[-77.42769,37.845684],[-77.428008,37.84533],[-77.428099,37.845174],[-77.428208,37.844638],[-77.428119,37.844022],[-77.428011,37.843556],[-77.428046,37.843281],[-77.428142,37.843113],[-77.428347,37.842861],[-77.428473,37.842758],[-77.428958,37.842534],[-77.429186,37.842287],[-77.429233,37.842098],[-77.429196,37.841945],[-77.429052,37.841845],[-77.428569,37.841635],[-77.427981,37.841409],[-77.427661,37.841218],[-77.427132,37.84084],[-77.426691,37.840574],[-77.42653,37.840367],[-77.42654,37.840145],[-77.427037,37.839331],[-77.427268,37.838853],[-77.427742,37.838054],[-77.427911,37.837707],[-77.428296,37.837052],[-77.428504,37.836757],[-77.428674,37.836474],[-77.42875,37.836185],[-77.428752,37.835922],[-77.428657,37.835315],[-77.428443,37.834785],[-77.428247,37.834436],[-77.427323,37.8334],[-77.426813,37.833119],[-77.426675,37.832972],[-77.426672,37.832841],[-77.426763,37.832261],[-77.426769,37.831805],[-77.426832,37.831533],[-77.426909,37.831362],[-77.427105,37.831087],[-77.42759,37.830562],[-77.427712,37.830369],[-77.427969,37.830041],[-77.428077,37.829735],[-77.428267,37.829567],[-77.428132,37.82947],[-77.427953,37.829059],[-77.427705,37.828639],[-77.427481,37.828302],[-77.427237,37.828017],[-77.427176,37.827841],[-77.427165,37.827153],[-77.42719,37.827054],[-77.427343,37.82645],[-77.427231,37.826227],[-77.426916,37.825951],[-77.426291,37.825608],[-77.425735,37.825282],[-77.424891,37.824891],[-77.424236,37.824747],[-77.42397,37.824727],[-77.422974,37.824749],[-77.421797,37.824689],[-77.421371,37.82473],[-77.420963,37.824816],[-77.420633,37.824854],[-77.420424,37.824949],[-77.41985,37.825051],[-77.41959,37.825046],[-77.419378,37.824972],[-77.41896,37.824721],[-77.418469,37.824457],[-77.417492,37.823956],[-77.417009,37.823778],[-77.416529,37.823567],[-77.416189,37.823393],[-77.416023,37.823339],[-77.415487,37.823247],[-77.41509,37.823214],[-77.414424,37.823084],[-77.414241,37.823071],[-77.414042,37.823129],[-77.413757,37.823163],[-77.413471,37.82334],[-77.41322,37.823395],[-77.41266,37.823467],[-77.412277,37.823504],[-77.411889,37.823403],[-77.411572,37.823263],[-77.411227,37.822992],[-77.411057,37.822664],[-77.410942,37.822599],[-77.410768,37.822307],[-77.410652,37.821765],[-77.410455,37.821326],[-77.410369,37.821227],[-77.409978,37.821255],[-77.409689,37.821362],[-77.409562,37.821295],[-77.409486,37.821034],[-77.40947,37.820239],[-77.409486,37.820072],[-77.409643,37.819727],[-77.409869,37.819438],[-77.410164,37.819184],[-77.410512,37.819044],[-77.410731,37.819011],[-77.411576,37.819065],[-77.411872,37.819053],[-77.412204,37.818971],[-77.41334,37.818811],[-77.413696,37.818637],[-77.413794,37.818433],[-77.413787,37.818083],[-77.41362,37.817784],[-77.413276,37.817492],[-77.413026,37.817282],[-77.412324,37.816738],[-77.412134,37.816554],[-77.412126,37.816348],[-77.41226,37.816167],[-77.412749,37.815857],[-77.413043,37.815697],[-77.413521,37.81554],[-77.414245,37.815382],[-77.414901,37.815286],[-77.415362,37.815248],[-77.415799,37.815326],[-77.416439,37.815583],[-77.417068,37.815947],[-77.417365,37.816053],[-77.41775,37.816153],[-77.418427,37.816251],[-77.418996,37.81625],[-77.419435,37.816172],[-77.419952,37.815972],[-77.420077,37.815958],[-77.420313,37.815864],[-77.420618,37.815645],[-77.420918,37.815401],[-77.421165,37.815137],[-77.421574,37.814562],[-77.421716,37.814258],[-77.421737,37.814131],[-77.421991,37.813497],[-77.422125,37.813207],[-77.422351,37.81278],[-77.422667,37.812291],[-77.422796,37.812048],[-77.422968,37.811273],[-77.423014,37.810868],[-77.423029,37.810483],[-77.422935,37.809762],[-77.422845,37.8095],[-77.422719,37.809343],[-77.422352,37.808784],[-77.422068,37.808664],[-77.421834,37.808535],[-77.421509,37.808537],[-77.421006,37.808703],[-77.420748,37.808827],[-77.420367,37.809046],[-77.419926,37.809257],[-77.419485,37.80942],[-77.419141,37.809474],[-77.418752,37.809422],[-77.418359,37.809301],[-77.417997,37.80911],[-77.417116,37.808495],[-77.416702,37.808233],[-77.416321,37.807952],[-77.415907,37.807706],[-77.414872,37.806904],[-77.413926,37.806093],[-77.413785,37.805898],[-77.413386,37.805514],[-77.413016,37.80524],[-77.41211,37.804806],[-77.411672,37.80462],[-77.410967,37.804359],[-77.410499,37.804225],[-77.409566,37.803982],[-77.409068,37.803827],[-77.408558,37.803627],[-77.408142,37.803501],[-77.407813,37.80333],[-77.407603,37.803218],[-77.407257,37.803073],[-77.406865,37.802981],[-77.40645,37.802837],[-77.406118,37.802812],[-77.405704,37.802869],[-77.405216,37.803071],[-77.404461,37.803726],[-77.404113,37.804194],[-77.403911,37.804761],[-77.403747,37.805037],[-77.403562,37.805233],[-77.403271,37.80544],[-77.403022,37.805568],[-77.402735,37.80565],[-77.402044,37.805734],[-77.401201,37.80565],[-77.40087,37.805561],[-77.400624,37.805526],[-77.400198,37.805308],[-77.399759,37.804933],[-77.39947,37.804756],[-77.399121,37.80463],[-77.398675,37.804504],[-77.398137,37.804385],[-77.397589,37.804342],[-77.396837,37.804434],[-77.396449,37.804302],[-77.3963,37.804193],[-77.395928,37.803832],[-77.395671,37.803502],[-77.395491,37.803238],[-77.395328,37.802877],[-77.395243,37.802442],[-77.395314,37.801695],[-77.395427,37.801288],[-77.395497,37.800941],[-77.395621,37.800102],[-77.395808,37.799388],[-77.395875,37.799196],[-77.396046,37.798858],[-77.396548,37.797575],[-77.396659,37.797165],[-77.396754,37.796655],[-77.396838,37.796463],[-77.396864,37.796108],[-77.396982,37.795498],[-77.397148,37.794928],[-77.397203,37.794673],[-77.397753,37.79338],[-77.397733,37.793248],[-77.397975,37.792464],[-77.398077,37.792012],[-77.398243,37.791517],[-77.398304,37.791239],[-77.398352,37.790799],[-77.398226,37.790321],[-77.398109,37.79015],[-77.397981,37.789878],[-77.397683,37.789585],[-77.397486,37.789458],[-77.397226,37.789236],[-77.397008,37.789138],[-77.396382,37.788973],[-77.395894,37.788874],[-77.395645,37.788801],[-77.39495,37.78852],[-77.394446,37.788365],[-77.393944,37.788171],[-77.393368,37.787925],[-77.392752,37.787582],[-77.392498,37.787506],[-77.391941,37.78738],[-77.39154,37.787252],[-77.39103,37.787006],[-77.390935,37.78689],[-77.391036,37.786585],[-77.39108,37.78655],[-77.391267,37.786426],[-77.391421,37.786309],[-77.391507,37.786207],[-77.391592,37.786086],[-77.39171,37.785959],[-77.391826,37.785835],[-77.391883,37.785734],[-77.392011,37.785498],[-77.392069,37.785427],[-77.392274,37.785243],[-77.392399,37.785118],[-77.392555,37.784988],[-77.392716,37.78487],[-77.392859,37.784741],[-77.393057,37.784553],[-77.393241,37.784488],[-77.393383,37.784416],[-77.393515,37.784389],[-77.393624,37.78438],[-77.393723,37.784385],[-77.393935,37.784372],[-77.394045,37.784353],[-77.394246,37.784353],[-77.394544,37.784357],[-77.394889,37.784395],[-77.395205,37.784413],[-77.395452,37.784436],[-77.395663,37.784453],[-77.395962,37.784498],[-77.396124,37.784543],[-77.396322,37.784627],[-77.396511,37.784716],[-77.396799,37.784883],[-77.397161,37.785082],[-77.397476,37.785219],[-77.397696,37.785288],[-77.398151,37.785425],[-77.398375,37.785487],[-77.398604,37.785576],[-77.398767,37.785638],[-77.3991,37.785715],[-77.399179,37.785736],[-77.399525,37.785824],[-77.401291,37.786126],[-77.402715,37.786268],[-77.403182,37.78622],[-77.403688,37.785925],[-77.405622,37.783252],[-77.405883,37.78206],[-77.405731,37.781355],[-77.405065,37.780177],[-77.404501,37.77977],[-77.40348,37.779361],[-77.399925,37.779714],[-77.399145,37.779504],[-77.398586,37.778915],[-77.398241,37.778322],[-77.398215,37.777831],[-77.398023,37.777457],[-77.397317,37.777289],[-77.396333,37.777209],[-77.394878,37.777422],[-77.393725,37.777799],[-77.392251,37.778001],[-77.391316,37.778229],[-77.390286,37.778574],[-77.389269,37.778794],[-77.388348,37.778854],[-77.387517,37.778749],[-77.386984,37.778474],[-77.386229,37.777789],[-77.385481,37.77742],[-77.384228,37.777319],[-77.383578,37.777414],[-77.382639,37.777748],[-77.382034,37.777828],[-77.380867,37.777786],[-77.37974,37.777366],[-77.378736,37.776482],[-77.378372,37.776307],[-77.376848,37.776169],[-77.375507,37.776168],[-77.374698,37.776365],[-77.373677,37.777013],[-77.372726,37.778549],[-77.372058,37.779405],[-77.371997,37.779482],[-77.371322,37.780614],[-77.371066,37.782173],[-77.370744,37.783599],[-77.370771,37.784255],[-77.371484,37.786682],[-77.371342,37.787213],[-77.37069,37.788242],[-77.369909,37.78865],[-77.369824,37.788672],[-77.369365,37.788813],[-77.369065,37.788894],[-77.368899,37.788912],[-77.368806,37.788917],[-77.368671,37.788938],[-77.368594,37.788952],[-77.368385,37.788952],[-77.36821,37.788939],[-77.368102,37.788942],[-77.368053,37.788943],[-77.367804,37.788907],[-77.36771,37.788885],[-77.36755,37.788875],[-77.367393,37.788895],[-77.367355,37.788905],[-77.367158,37.78888],[-77.366826,37.788879],[-77.366437,37.788816],[-77.366146,37.788773],[-77.365952,37.788731],[-77.365768,37.788704],[-77.365681,37.788694],[-77.365601,37.7887],[-77.36546,37.788736],[-77.36517,37.788789],[-77.365078,37.788683],[-77.36471,37.788463],[-77.364389,37.788331],[-77.364193,37.788383],[-77.363776,37.7884],[-77.3635,37.788452],[-77.363041,37.788586],[-77.362799,37.788753],[-77.362716,37.78901],[-77.362774,37.789184],[-77.362746,37.789559],[-77.362879,37.789887],[-77.362945,37.790121],[-77.363205,37.790348],[-77.363409,37.790434],[-77.363697,37.790776],[-77.364042,37.790896],[-77.36431,37.790945],[-77.364462,37.790941],[-77.365334,37.790828],[-77.365508,37.790764],[-77.366193,37.7909],[-77.366356,37.791011],[-77.366424,37.791204],[-77.366458,37.791482],[-77.366421,37.79185],[-77.366499,37.792063],[-77.366618,37.792576],[-77.366593,37.792928],[-77.366548,37.793086],[-77.36642,37.793311],[-77.366146,37.793595],[-77.365855,37.79379],[-77.365013,37.794144],[-77.364863,37.794191],[-77.364132,37.794504],[-77.363627,37.794681],[-77.36344,37.794724],[-77.362848,37.794958],[-77.362504,37.795232],[-77.362388,37.795425],[-77.362296,37.795782],[-77.362296,37.795938],[-77.362385,37.796224],[-77.36245,37.796533],[-77.362469,37.797088],[-77.362453,37.797429],[-77.36233,37.797661],[-77.36226,37.797653],[-77.361925,37.797459],[-77.361568,37.797386],[-77.360781,37.797371],[-77.360332,37.797271],[-77.359786,37.797229],[-77.359294,37.797157],[-77.35905,37.797148],[-77.358,37.797055],[-77.357474,37.796998],[-77.355535,37.796305],[-77.353066,37.795052],[-77.352208,37.794234],[-77.351738,37.793465],[-77.351725,37.792006],[-77.351574,37.791289],[-77.351171,37.790484],[-77.350268,37.789431],[-77.349339,37.788893],[-77.348493,37.788813],[-77.347517,37.789019],[-77.345223,37.789285],[-77.345248,37.789543],[-77.345575,37.792204],[-77.335694,37.799562],[-77.333055,37.801484],[-77.330124,37.805738],[-77.327825,37.807371],[-77.315057,37.816325],[-77.306366,37.822398],[-77.304704,37.823881],[-77.302081,37.82619],[-77.299259,37.828694],[-77.295993,37.831599],[-77.290735,37.836262],[-77.288905,37.841699],[-77.288875,37.841789],[-77.288335,37.843393],[-77.287578,37.84388],[-77.281304,37.843493],[-77.279312,37.844365],[-77.27385,37.84955],[-77.27188,37.851768],[-77.262271,37.863806],[-77.254552,37.868696],[-77.25228,37.870927],[-77.25027,37.872431],[-77.249341,37.87485],[-77.24764,37.876245],[-77.248063,37.877299],[-77.24809,37.87747],[-77.247054,37.880221],[-77.247458,37.882659],[-77.248221,37.883285],[-77.248459,37.886218],[-77.24536,37.893001],[-77.243762,37.896171],[-77.243162,37.900241],[-77.243061,37.900977],[-77.243079,37.901271],[-77.243827,37.902188],[-77.243962,37.902573],[-77.243953,37.90279],[-77.244124,37.903217],[-77.244421,37.903518],[-77.24525,37.903938],[-77.245565,37.904351],[-77.245502,37.904596],[-77.245394,37.904652],[-77.245106,37.905044],[-77.24414,37.905879],[-77.243485,37.906611],[-77.243152,37.906814],[-77.242782,37.907157],[-77.242134,37.908039],[-77.241864,37.908543],[-77.241679,37.90955],[-77.241422,37.909712],[-77.241044,37.909908],[-77.240233,37.910146],[-77.239594,37.910265],[-77.238531,37.910209],[-77.237144,37.909957],[-77.236351,37.910125],[-77.235802,37.910036],[-77.235099,37.90953],[-77.234802,37.909411],[-77.23345,37.909201],[-77.232856,37.908599],[-77.232784,37.908606],[-77.232586,37.908375],[-77.232144,37.908088],[-77.231874,37.907864],[-77.230793,37.907332],[-77.230325,37.906968],[-77.230181,37.9068],[-77.2301,37.906387],[-77.230028,37.906303],[-77.229686,37.906177],[-77.229109,37.905505],[-77.228983,37.904903],[-77.229055,37.904623],[-77.2292,37.904427],[-77.229218,37.904175],[-77.228992,37.903958],[-77.228362,37.90386],[-77.228254,37.903734],[-77.228272,37.903118],[-77.227984,37.902418],[-77.227895,37.902011],[-77.227777,37.901767],[-77.227741,37.901361],[-77.227912,37.900697],[-77.228137,37.900368],[-77.2283,37.89992],[-77.228156,37.899752],[-77.227102,37.899115],[-77.226517,37.89866],[-77.225886,37.898562],[-77.225688,37.898604],[-77.225355,37.898807],[-77.22503,37.899156],[-77.223859,37.900794],[-77.223751,37.90085],[-77.223274,37.901613],[-77.22321,37.902677],[-77.222832,37.902782],[-77.222012,37.902691],[-77.221382,37.902229],[-77.221202,37.9022],[-77.220814,37.902431],[-77.220553,37.9029],[-77.220355,37.90367],[-77.220085,37.90381],[-77.219688,37.903894],[-77.218977,37.903929],[-77.218481,37.903852],[-77.218364,37.903761],[-77.218137,37.903831],[-77.217437,37.903544],[-77.216086,37.902606],[-77.213898,37.901282],[-77.213636,37.901205],[-77.213438,37.901065],[-77.213042,37.900967],[-77.212628,37.900939],[-77.212484,37.900953],[-77.212393,37.901027],[-77.211943,37.901233],[-77.211619,37.901219],[-77.211493,37.901163],[-77.211277,37.900911],[-77.211142,37.900617],[-77.210737,37.898825],[-77.210764,37.89872],[-77.210692,37.898636],[-77.210701,37.898419],[-77.210629,37.898335],[-77.210603,37.897894],[-77.210918,37.896669],[-77.211594,37.895318],[-77.211711,37.895227],[-77.211775,37.894983],[-77.211883,37.894927],[-77.211982,37.894724],[-77.212279,37.894479],[-77.214099,37.893597],[-77.215206,37.892933],[-77.215909,37.892387],[-77.216152,37.891988],[-77.216324,37.891323],[-77.21627,37.890987],[-77.215658,37.889909],[-77.215095,37.889421],[-77.214605,37.888817],[-77.213947,37.888369],[-77.213164,37.887956],[-77.212534,37.887494],[-77.212201,37.887333],[-77.211417,37.887101],[-77.210202,37.886184],[-77.209329,37.885939],[-77.208825,37.885715],[-77.208284,37.885631],[-77.207555,37.885736],[-77.207005,37.88605],[-77.206483,37.886624],[-77.206321,37.886708],[-77.204599,37.886824],[-77.204386,37.887102],[-77.204495,37.887621],[-77.204962,37.887774],[-77.205051,37.887857],[-77.205055,37.888078],[-77.204945,37.888316],[-77.204941,37.88856],[-77.205132,37.888674],[-77.206533,37.888637],[-77.206915,37.888707],[-77.207438,37.888658],[-77.208244,37.888225],[-77.208591,37.888225],[-77.208822,37.888385],[-77.208913,37.888597],[-77.208723,37.88907],[-77.207526,37.890026],[-77.207274,37.890278],[-77.206904,37.890985],[-77.20658,37.891153],[-77.206229,37.891062],[-77.206112,37.890971],[-77.205968,37.890621],[-77.20559,37.890271],[-77.205365,37.890235],[-77.205094,37.890375],[-77.205022,37.890655],[-77.205049,37.890914],[-77.205445,37.891376],[-77.205526,37.891607],[-77.205454,37.891887],[-77.205193,37.891992],[-77.204391,37.892013],[-77.20295,37.891789],[-77.201213,37.891263],[-77.200834,37.891095],[-77.200681,37.890962],[-77.200438,37.890633],[-77.200268,37.890206],[-77.199764,37.889618],[-77.199143,37.888575],[-77.198837,37.888309],[-77.198666,37.888246],[-77.198107,37.888231],[-77.197837,37.888371],[-77.197639,37.888959],[-77.197494,37.889155],[-77.197107,37.889386],[-77.196612,37.889491],[-77.195782,37.889296],[-77.195396,37.889483],[-77.19509,37.889945],[-77.194612,37.890162],[-77.194504,37.8904],[-77.193891,37.890778],[-77.193738,37.891008],[-77.193414,37.891176],[-77.193189,37.891141],[-77.192928,37.890882],[-77.19273,37.890924],[-77.192567,37.891372],[-77.192297,37.891694],[-77.19209,37.891771],[-77.191676,37.891561],[-77.190775,37.891238],[-77.190496,37.891049],[-77.190226,37.891007],[-77.190055,37.891126],[-77.189947,37.891364],[-77.189784,37.891448],[-77.188722,37.891209],[-77.188443,37.891384],[-77.188298,37.891762],[-77.18819,37.891818],[-77.187965,37.891783],[-77.187497,37.891055],[-77.187074,37.89088],[-77.187002,37.890796],[-77.186642,37.89074],[-77.18639,37.890627],[-77.186246,37.890459],[-77.186282,37.890319],[-77.186589,37.89004],[-77.186751,37.889774],[-77.186652,37.889613],[-77.1864,37.889501],[-77.186202,37.889542],[-77.185553,37.889878],[-77.184976,37.890298],[-77.184967,37.890515],[-77.185084,37.890788],[-77.18503,37.890998],[-77.184814,37.89111],[-77.184534,37.891103],[-77.184093,37.890815],[-77.183742,37.890724],[-77.183166,37.890962],[-77.182958,37.89113],[-77.182841,37.891312],[-77.182814,37.891781],[-77.182706,37.892019],[-77.182489,37.89213],[-77.18221,37.892123],[-77.181949,37.892046],[-77.181418,37.891654],[-77.180364,37.892199],[-77.180337,37.892304],[-77.180445,37.89243],[-77.180625,37.892458],[-77.180805,37.892669],[-77.180724,37.892983],[-77.180138,37.893438],[-77.180029,37.89404],[-77.179759,37.89418],[-77.179741,37.89425],[-77.180164,37.894789],[-77.18001,37.895384],[-77.179794,37.89586],[-77.180026,37.896404],[-77.179937,37.896756],[-77.179595,37.896993],[-77.179549,37.897168],[-77.179711,37.897448],[-77.179891,37.897476],[-77.180441,37.897344],[-77.180801,37.8974],[-77.180873,37.897484],[-77.180819,37.897694],[-77.180494,37.897862],[-77.180467,37.897967],[-77.180566,37.898128],[-77.180638,37.898212],[-77.180899,37.898289],[-77.181251,37.898198],[-77.181431,37.898226],[-77.181575,37.898394],[-77.181556,37.898828],[-77.181624,37.898964],[-77.181742,37.899057],[-77.181999,37.899074],[-77.182206,37.898997],[-77.182414,37.898695],[-77.182449,37.898508],[-77.182622,37.898354],[-77.183191,37.898058],[-77.183343,37.898014],[-77.183523,37.898074],[-77.183773,37.898338],[-77.183898,37.898371],[-77.184251,37.898382],[-77.184792,37.89831],[-77.185672,37.898212],[-77.185977,37.898212],[-77.186115,37.898255],[-77.186289,37.898228],[-77.186587,37.898261],[-77.186815,37.898354],[-77.186933,37.898475],[-77.186954,37.898601],[-77.186843,37.898876],[-77.186545,37.899145],[-77.186483,37.899293],[-77.186503,37.899628],[-77.186746,37.900156],[-77.186788,37.900353],[-77.186739,37.900705],[-77.186961,37.90104],[-77.186912,37.901221],[-77.186732,37.90127],[-77.186309,37.901089],[-77.18615,37.901073],[-77.185949,37.901243],[-77.185949,37.901551],[-77.185845,37.901743],[-77.185526,37.901902],[-77.185277,37.901935],[-77.185034,37.901875],[-77.184771,37.90188],[-77.184494,37.902067],[-77.184452,37.902237],[-77.18448,37.902385],[-77.18441,37.902578],[-77.184235,37.902689],[-77.183634,37.902775],[-77.183412,37.902858],[-77.183156,37.903116],[-77.182837,37.903506],[-77.182497,37.903885],[-77.182262,37.904346],[-77.182068,37.904527],[-77.181686,37.904544],[-77.181361,37.904445],[-77.18118,37.904362],[-77.180827,37.904115],[-77.180577,37.903791],[-77.18055,37.90367],[-77.180647,37.903138],[-77.180688,37.902621],[-77.180688,37.902374],[-77.180654,37.902072],[-77.18055,37.901792],[-77.180176,37.901402],[-77.179732,37.901062],[-77.179441,37.900897],[-77.179191,37.900809],[-77.178803,37.900787],[-77.178561,37.900803],[-77.178103,37.900902],[-77.177937,37.900996],[-77.177868,37.901177],[-77.17775,37.901215],[-77.177382,37.901215],[-77.177008,37.901276],[-77.176807,37.901353],[-77.176613,37.901484],[-77.17637,37.901753],[-77.176121,37.901896],[-77.175712,37.90205],[-77.175456,37.902248],[-77.175213,37.902544],[-77.175185,37.902819],[-77.175462,37.903011],[-77.175469,37.90311],[-77.175365,37.90317],[-77.175033,37.903126],[-77.174894,37.903187],[-77.174769,37.903362],[-77.174679,37.903631],[-77.174624,37.90395],[-77.17463,37.904186],[-77.174679,37.904472],[-77.174873,37.904911],[-77.175129,37.905263],[-77.175365,37.905444],[-77.175816,37.905625],[-77.176363,37.905768],[-77.177042,37.906048],[-77.177694,37.906224],[-77.178422,37.906213],[-77.178519,37.906235],[-77.178539,37.906328],[-77.178338,37.906597],[-77.178318,37.90679],[-77.178387,37.906932],[-77.178664,37.90707],[-77.179212,37.907081],[-77.17951,37.907136],[-77.180044,37.90735],[-77.180238,37.907476],[-77.180244,37.907564],[-77.179988,37.907795],[-77.179898,37.907998],[-77.179946,37.908141],[-77.180099,37.908212],[-77.180432,37.90825],[-77.180778,37.908185],[-77.181201,37.90802],[-77.181478,37.90797],[-77.181728,37.908064],[-77.181811,37.908196],[-77.18188,37.90864],[-77.182123,37.908849],[-77.182449,37.90891],[-77.182851,37.908899],[-77.183031,37.909008],[-77.183343,37.909349],[-77.183523,37.909497],[-77.183752,37.909585],[-77.183918,37.909558],[-77.183939,37.909475],[-77.183703,37.909146],[-77.183766,37.909047],[-77.183925,37.909014],[-77.184043,37.909058],[-77.184132,37.909294],[-77.184348,37.909547],[-77.184785,37.909794],[-77.184972,37.909937],[-77.184916,37.910217],[-77.184986,37.91042],[-77.185214,37.910535],[-77.185381,37.910552],[-77.185769,37.910541],[-77.185894,37.910579],[-77.186053,37.910716],[-77.186414,37.911249],[-77.1864,37.911447],[-77.186136,37.911601],[-77.185928,37.911991],[-77.185727,37.912419],[-77.185407,37.912838],[-77.185103,37.913188],[-77.184812,37.914132],[-77.1838,37.913907],[-77.182968,37.914237],[-77.183003,37.914852],[-77.182719,37.915489],[-77.182968,37.91623],[-77.182878,37.916895],[-77.181963,37.917664],[-77.181797,37.918174],[-77.181492,37.918553],[-77.18169,37.918812],[-77.181214,37.919174],[-77.181492,37.919575],[-77.181443,37.919833],[-77.181561,37.921667],[-77.181436,37.922815],[-77.181082,37.923831],[-77.181013,37.92438],[-77.180493,37.925066],[-77.180632,37.92538],[-77.180139,37.925808],[-77.180146,37.926258],[-77.179661,37.926461],[-77.179404,37.927],[-77.179023,37.927175],[-77.179037,37.928038],[-77.178794,37.928955],[-77.178927,37.929124],[-77.178995,37.92918],[-77.179779,37.930405],[-77.179723,37.931893],[-77.180721,37.933749],[-77.181526,37.936627],[-77.183405,37.938478],[-77.183162,37.939697],[-77.18396,37.941432],[-77.182649,37.942262],[-77.181976,37.944766],[-77.179355,37.94593],[-77.178772,37.946743],[-77.181962,37.949577],[-77.179615,37.952347],[-77.176386,37.955804],[-77.175893,37.956881],[-77.174318,37.957106],[-77.172286,37.958369],[-77.172286,37.959324],[-77.167006,37.964129],[-77.165383,37.965172],[-77.163634,37.965726],[-77.159708,37.965506],[-77.156878,37.966115],[-77.153873,37.967608],[-77.152173,37.970095],[-77.148634,37.972],[-77.145581,37.971911],[-77.144221,37.972169],[-77.142633,37.971795],[-77.141309,37.97056],[-77.141114,37.970504],[-77.139225,37.971723],[-77.136674,37.971798],[-77.135791,37.971224],[-77.133664,37.970928],[-77.131797,37.971073],[-77.130119,37.971849],[-77.127807,37.971509],[-77.127604,37.971459],[-77.123566,37.970906],[-77.122095,37.970435],[-77.114815,37.971285],[-77.10931,37.971034],[-77.107141,37.971571],[-77.106223,37.971596],[-77.1036,37.970213],[-77.102426,37.969038],[-77.102551,37.968401],[-77.099697,37.964448],[-77.096831,37.963868],[-77.094786,37.964114],[-77.093162,37.963829],[-77.089819,37.963786],[-77.087779,37.964254],[-77.084346,37.965479],[-77.082536,37.967237],[-77.080531,37.968698],[-77.076695,37.967842],[-77.075717,37.968479],[-77.071893,37.968053],[-77.07026,37.96493],[-77.070115,37.96477],[-77.06992,37.966855],[-77.068965,37.970482],[-77.068711,37.971785],[-77.070046,37.974743],[-77.07009,37.975051],[-77.070472,37.977056],[-77.073568,37.983474],[-77.073194,37.985619],[-77.073561,37.986346],[-77.076137,37.988721],[-77.076986,37.989975],[-77.077025,37.991148],[-77.073611,37.994057],[-77.072658,37.994739],[-77.074986,37.996658],[-77.075747,37.997966],[-77.076619,38.000775],[-77.077801,38.00167],[-77.081329,38.002356],[-77.082344,38.002889],[-77.084201,38.006248],[-77.084566,38.008329],[-77.085229,38.00968],[-77.08897,38.013644],[-77.093095,38.012934],[-77.096595,38.013034],[-77.098095,38.011334],[-77.100095,38.010934],[-77.103296,38.011334],[-77.104796,38.013134],[-77.107714,38.013862],[-77.108096,38.014334],[-77.110396,38.014034],[-77.112496,38.014934],[-77.113996,38.016234],[-77.115887,38.015821],[-77.118255,38.014664],[-77.118338,38.01395],[-77.119232,38.01293],[-77.120434,38.013421],[-77.122101,38.015615],[-77.124089,38.014751],[-77.125587,38.015652],[-77.128137,38.015594],[-77.129738,38.016296],[-77.130691,38.017731],[-77.130238,38.019049],[-77.130791,38.020562],[-77.129306,38.022769],[-77.12897,38.024071],[-77.127312,38.027664],[-77.127187,38.029258],[-77.125121,38.029514],[-77.124191,38.031423],[-77.122592,38.031725],[-77.121793,38.033628],[-77.123295,38.03523],[-77.12631,38.039531],[-77.127831,38.039679],[-77.128573,38.04119],[-77.128241,38.041986],[-77.129437,38.044992],[-77.130611,38.045839],[-77.135687,38.04772],[-77.140659,38.047294],[-77.145491,38.046356],[-77.145691,38.048313],[-77.147852,38.047878],[-77.149343,38.049168],[-77.150077,38.05014],[-77.146764,38.054751],[-77.146878,38.055897],[-77.145755,38.056311],[-77.144905,38.057395],[-77.146581,38.058024],[-77.147396,38.059925],[-77.148784,38.061336],[-77.150846,38.061412],[-77.151869,38.062303],[-77.154059,38.06276],[-77.154593,38.063515],[-77.15954,38.064219],[-77.160198,38.066419],[-77.161453,38.066485],[-77.163617,38.068449],[-77.164495,38.069983],[-77.163718,38.071614],[-77.164532,38.072595],[-77.16668,38.073382],[-77.16882,38.076243],[-77.169637,38.078654],[-77.1701,38.079543],[-77.169013,38.081043],[-77.166601,38.082486],[-77.166546,38.082494],[-77.166339,38.082522],[-77.166194,38.082498],[-77.165567,38.082669],[-77.165319,38.082734],[-77.165214,38.082924],[-77.164758,38.083279],[-77.164757,38.08329],[-77.163506,38.083995],[-77.160527,38.087288],[-77.15926,38.087983],[-77.157096,38.088505],[-77.155881,38.088341],[-77.153603,38.087818],[-77.152438,38.089085],[-77.151875,38.090717],[-77.152295,38.093159],[-77.150023,38.093532],[-77.14848,38.094327],[-77.146242,38.094156],[-77.144822,38.094687],[-77.144143,38.095111],[-77.143726,38.095627],[-77.14367,38.095962],[-77.143788,38.09722],[-77.144201,38.097823],[-77.143622,38.099349],[-77.142047,38.101956],[-77.143423,38.10314],[-77.143858,38.105281],[-77.14505,38.106744],[-77.145462,38.108403],[-77.145019,38.109291],[-77.143674,38.111759],[-77.142061,38.115106],[-77.142235,38.116144],[-77.143471,38.117979],[-77.144408,38.120851],[-77.142683,38.122174],[-77.142402,38.123018],[-77.14096,38.123345],[-77.138964,38.122585],[-77.13879,38.121926],[-77.136754,38.121118],[-77.132102,38.123479],[-77.128126,38.122932],[-77.123438,38.122527],[-77.120472,38.122486],[-77.120073,38.121024],[-77.118198,38.12164],[-77.116847,38.120641],[-77.115659,38.121499],[-77.113699,38.121927],[-77.113448,38.122132],[-77.113499,38.123872],[-77.11295,38.124515],[-77.111983,38.123831],[-77.110596,38.12457],[-77.107818,38.125381],[-77.107435,38.126257],[-77.105352,38.127274],[-77.105279,38.127888],[-77.105442,38.128143],[-77.105911,38.128573],[-77.106051,38.128905],[-77.105848,38.129218],[-77.105564,38.129559],[-77.10521,38.129745],[-77.105069,38.129928],[-77.10506,38.130186],[-77.105163,38.130378],[-77.105331,38.13053],[-77.105631,38.130743],[-77.105782,38.130895],[-77.105836,38.131062],[-77.105777,38.131295],[-77.105401,38.131843],[-77.105407,38.132037],[-77.105547,38.132382],[-77.105591,38.132781],[-77.105628,38.132909],[-77.105729,38.133024],[-77.106054,38.132966],[-77.10643,38.133011],[-77.106707,38.132967],[-77.106818,38.132862],[-77.106939,38.13197],[-77.107114,38.131826],[-77.107424,38.131807],[-77.107835,38.131916],[-77.108217,38.132128],[-77.108318,38.132242],[-77.108567,38.132392],[-77.108863,38.132477],[-77.109081,38.132654],[-77.109151,38.132846],[-77.10923,38.133309],[-77.10924,38.133657],[-77.109325,38.133784],[-77.109441,38.133821],[-77.109634,38.133727],[-77.109899,38.133508],[-77.11019,38.133188],[-77.110463,38.133055],[-77.110723,38.133011],[-77.11105,38.133018],[-77.111236,38.133247],[-77.111378,38.133657],[-77.111482,38.133861],[-77.112119,38.133889],[-77.112416,38.133973],[-77.112659,38.133905],[-77.112847,38.133669],[-77.112672,38.133234],[-77.112829,38.133038],[-77.1134,38.133015],[-77.113943,38.133185],[-77.114248,38.133354],[-77.114393,38.1335],[-77.11435,38.133694],[-77.114123,38.133736],[-77.113714,38.133718],[-77.113438,38.133775],[-77.113426,38.133904],[-77.11369,38.134015],[-77.114048,38.133983],[-77.114213,38.134044],[-77.114234,38.134199],[-77.113993,38.134506],[-77.115135,38.14332],[-77.115499,38.146127],[-77.115997,38.149931],[-77.113697,38.150431],[-77.112297,38.151131],[-77.105885,38.155541],[-77.101597,38.158731],[-77.097896,38.160531],[-77.094796,38.161631],[-77.089696,38.161631],[-77.087196,38.161131],[-77.084596,38.160231],[-77.083996,38.159531],[-77.083196,38.154531],[-77.083296,38.151431],[-77.083096,38.148731],[-77.082596,38.146831],[-77.080596,38.144331],[-77.077796,38.141831],[-77.075496,38.141131],[-77.073796,38.141331],[-77.071096,38.142431],[-77.069296,38.143731],[-77.067495,38.146131],[-77.066895,38.147631],[-77.067696,38.153031],[-77.069296,38.157731],[-77.067296,38.161031],[-77.065696,38.161731],[-77.063395,38.162031],[-77.061695,38.161631],[-77.061583,38.162264],[-77.061834,38.162895],[-77.06271,38.164192],[-77.064518,38.16546],[-77.064658,38.16674],[-77.063795,38.168432],[-77.0644,38.17065],[-77.064247,38.171804],[-77.0623,38.173786],[-77.062355,38.174423],[-77.059739,38.17467],[-77.055662,38.176291],[-77.052462,38.175983],[-77.050535,38.177152],[-77.050215,38.177916],[-77.051829,38.179283],[-77.051634,38.180678],[-77.049755,38.18204],[-77.048482,38.182444],[-77.048192,38.184679],[-77.048173,38.186049],[-77.04805,38.188586],[-77.04798,38.190058],[-77.047481,38.200187],[-77.047307,38.203779],[-77.047195,38.206037],[-77.046923,38.21163],[-77.046606,38.218065],[-77.046431,38.221644],[-77.045166,38.247634],[-77.044877,38.253487],[-77.04474,38.256268],[-77.044536,38.26045],[-77.044202,38.260582],[-77.038872,38.260933],[-77.036673,38.258925],[-77.034672,38.258726],[-77.033793,38.260387],[-77.03471,38.26134],[-77.032714,38.261221],[-77.032467,38.263805],[-77.033644,38.264427],[-77.029186,38.266391],[-77.028995,38.267828],[-77.028195,38.268528],[-77.026695,38.268328],[-77.024795,38.268828],[-77.022895,38.268628],[-77.021295,38.269628],[-77.017795,38.269728],[-77.016295,38.269228],[-77.013995,38.269728],[-77.013395,38.271928],[-77.011595,38.272228],[-77.008795,38.273328],[-77.007695,38.274628],[-77.007595,38.277128],[-77.005695,38.277428],[-77.003695,38.275928],[-77.000948,38.276128],[-76.999695,38.276636],[-76.99767,38.278046],[-77.000902,38.280004],[-77.001768,38.281919],[-77.00278,38.282445],[-77.004526,38.284911],[-77.008709,38.288961],[-77.010664,38.292767],[-77.012836,38.294369],[-77.01459,38.296076],[-77.016449,38.298837],[-77.018294,38.300303],[-77.021025,38.30118],[-77.023508,38.301455],[-77.025353,38.302809],[-77.027005,38.304605],[-77.028131,38.305317],[-77.028506,38.306691],[-77.028502,38.30809],[-77.028333,38.309293],[-77.028706,38.310389],[-77.028765,38.311382],[-77.029058,38.311562],[-77.029709,38.31127],[-77.030683,38.311622],[-77.02961,38.31302],[-77.024454,38.319743],[-77.014796,38.332367],[-77.014401,38.333172],[-77.015053,38.335245],[-77.014348,38.337723],[-77.016381,38.340001],[-77.016807,38.341688],[-77.016451,38.344607],[-77.015902,38.345563],[-77.015448,38.351878],[-77.014648,38.354043],[-77.014836,38.35713],[-77.014622,38.35925],[-77.014596,38.363051],[-77.014608,38.363222],[-77.014785,38.363848],[-77.01483,38.365022],[-77.014947,38.365801],[-77.015092,38.366267],[-77.015086,38.367079],[-77.01517,38.367666],[-77.015832,38.36928],[-77.015911,38.371024],[-77.015678,38.371298],[-77.015272,38.372038],[-77.01458,38.372739],[-77.013745,38.373344],[-77.013051,38.373731],[-77.011888,38.374337],[-77.011464,38.374425],[-77.011506,38.374561],[-77.011993,38.374763],[-77.01214,38.374851],[-77.012103,38.375124],[-77.012326,38.37548],[-77.013354,38.376403],[-77.013833,38.376952],[-77.014638,38.377834],[-77.015014,38.378464],[-77.015696,38.379103],[-77.017653,38.381052],[-77.018019,38.381601],[-77.018498,38.381941],[-77.019356,38.382331],[-77.021101,38.383216],[-77.021366,38.383507],[-77.021652,38.383717],[-77.021764,38.383911],[-77.021957,38.384154],[-77.022284,38.3843],[-77.0226,38.384503],[-77.024219,38.386442],[-77.02593,38.388229],[-77.026471,38.388626],[-77.027349,38.388951],[-77.028105,38.389301],[-77.028982,38.389892],[-77.031122,38.391801],[-77.031542,38.392045],[-77.032112,38.392714],[-77.033733,38.394187],[-77.034549,38.394882],[-77.036557,38.396735],[-77.037475,38.397519],[-77.039342,38.399049],[-77.040912,38.400303],[-77.041505,38.400692],[-77.042282,38.400937],[-77.043694,38.401022],[-77.044677,38.400728],[-77.045999,38.400185],[-77.047474,38.399706],[-77.048458,38.399428],[-77.04982,38.399151],[-77.050627,38.399299],[-77.05162,38.399214],[-77.05342,38.398813],[-77.056783,38.3962],[-77.058706,38.393986],[-77.061229,38.388861],[-77.068196,38.380918],[-77.07055,38.378151],[-77.074,38.375124],[-77.07465,38.374385],[-77.075465,38.373844],[-77.07689,38.372763],[-77.078174,38.372004],[-77.081374,38.370178],[-77.084056,38.369101],[-77.084238,38.368739],[-77.086678,38.367928],[-77.090089,38.367275],[-77.091561,38.367343],[-77.093534,38.367297],[-77.094436,38.367752],[-77.096821,38.368364],[-77.098122,38.368826],[-77.101721,38.369529],[-77.103861,38.369725],[-77.104874,38.369746],[-77.106316,38.369742],[-77.107286,38.369723],[-77.107992,38.369664],[-77.10887,38.369541],[-77.109667,38.369418],[-77.110617,38.369286],[-77.111832,38.36913],[-77.112455,38.369031],[-77.113211,38.368868],[-77.113741,38.36877],[-77.114905,38.368517],[-77.115037,38.368517],[-77.116182,38.36832],[-77.116683,38.368311],[-77.117253,38.367995],[-77.117753,38.367825],[-77.119203,38.367587],[-77.120817,38.367293],[-77.123861,38.36705],[-77.124403,38.367],[-77.124699,38.36676],[-77.13328,38.367838],[-77.137734,38.368023],[-77.139178,38.367575],[-77.145769,38.361463],[-77.149261,38.356856],[-77.151384,38.354478],[-77.155191,38.351046],[-77.158367,38.348502],[-77.161588,38.346507],[-77.163219,38.345823],[-77.170447,38.344795],[-77.179339,38.341914],[-77.182727,38.342005],[-77.190495,38.341037],[-77.194495,38.341141],[-77.199433,38.340889],[-77.202465,38.341243],[-77.204694,38.341096],[-77.20702,38.340128],[-77.209291,38.340158],[-77.214674,38.338789],[-77.218571,38.33724],[-77.221718,38.336766],[-77.235208,38.332536],[-77.240071,38.331597],[-77.247149,38.331523],[-77.249701,38.331624],[-77.258007,38.332379],[-77.265295,38.333164],[-77.267545,38.334104],[-77.271407,38.335915],[-77.276581,38.337881],[-77.283033,38.342797],[-77.283796,38.342855],[-77.287097,38.3488],[-77.288407,38.351401],[-77.287264,38.353092],[-77.288565,38.357395],[-77.287978,38.358928],[-77.290867,38.362052],[-77.291143,38.362843],[-77.293253,38.364703],[-77.294164,38.365937],[-77.296475,38.370176],[-77.297482,38.371123],[-77.29979,38.372177],[-77.300507,38.373003],[-77.303833,38.374932],[-77.304938,38.375271],[-77.309227,38.390984],[-77.310836,38.396882],[-77.310386,38.397298],[-77.310445,38.400101],[-77.312077,38.401758],[-77.315035,38.411207],[-77.318786,38.417671],[-77.318913,38.419121],[-77.319936,38.421195],[-77.320211,38.423645],[-77.320961,38.426017],[-77.321376,38.427839],[-77.322106,38.428944],[-77.32291,38.432625],[-77.322778,38.434444],[-77.3204,38.435221],[-77.31976,38.448707],[-77.31959,38.454097],[-77.31899,38.46809],[-77.318636,38.472963],[-77.317949,38.473308],[-77.318542,38.474437],[-77.317103,38.475998],[-77.316816,38.477319],[-77.315283,38.47881],[-77.315621,38.480572],[-77.313985,38.484235],[-77.311447,38.488743],[-77.310136,38.492413],[-77.310506,38.49367],[-77.31047,38.493889],[-77.310558,38.493993],[-77.310344,38.49411],[-77.310284,38.494226],[-77.310246,38.49446],[-77.310091,38.494911],[-77.309864,38.495298],[-77.309638,38.495636],[-77.309422,38.495821],[-77.309237,38.49599],[-77.30897,38.496175],[-77.308251,38.496633],[-77.30747,38.497115],[-77.307443,38.497124],[-77.306834,38.497316],[-77.305981,38.497701],[-77.305242,38.497958],[-77.304635,38.498312],[-77.303855,38.498633],[-77.303444,38.498914],[-77.303084,38.499188],[-77.30256,38.499743],[-77.302209,38.500121],[-77.302285,38.500121],[-77.300886,38.501712],[-77.299403,38.50322],[-77.298172,38.505078],[-77.295776,38.507384],[-77.295406,38.509239],[-77.291088,38.515743],[-77.29072,38.515716],[-77.289738,38.518056],[-77.287121,38.520401],[-77.285309,38.519695],[-77.28553,38.520278],[-77.287472,38.520905],[-77.286113,38.522348],[-77.285791,38.523431],[-77.282759,38.525957],[-77.282715,38.527691],[-77.281803,38.529119],[-77.281195,38.530244],[-77.279793,38.532841],[-77.280129,38.533907],[-77.279262,38.534346],[-77.279013,38.536422],[-77.276339,38.539445],[-77.275723,38.543181],[-77.276397,38.544833],[-77.27636,38.546913],[-77.274463,38.548929],[-77.274033,38.550152],[-77.272948,38.551244],[-77.269902,38.552918],[-77.265332,38.555061],[-77.26338,38.555499],[-77.261543,38.556913],[-77.26159,38.558841],[-77.26032,38.559843],[-77.256953,38.560462],[-77.25703,38.561197],[-77.255703,38.563318],[-77.251759,38.575014],[-77.246903,38.589416],[-77.246596,38.590963],[-77.246362,38.593441],[-77.24448,38.594575],[-77.238103,38.598417],[-77.228807,38.603729],[-77.227336,38.60457],[-77.229281,38.6184],[-77.230146,38.625085],[-77.229707,38.62629],[-77.226925,38.630695],[-77.225422,38.633111],[-77.224138,38.635191],[-77.223268,38.636602],[-77.222799,38.637362],[-77.221963,38.638718],[-77.221213,38.639873],[-77.220417,38.642319],[-77.220424,38.646258],[-77.221009,38.6482],[-77.221157,38.648544],[-77.221256,38.648749],[-77.223683,38.652064],[-77.227392,38.6554],[-77.22849,38.656395],[-77.236779,38.663959],[-77.239495,38.666534],[-77.240352,38.667451],[-77.240631,38.667749],[-77.240744,38.66787],[-77.243601,38.670935],[-77.245387,38.672129],[-77.245756,38.672273],[-77.246131,38.672409],[-77.249701,38.67373],[-77.250445,38.674243],[-77.251943,38.677561],[-77.25478,38.681178],[-77.258024,38.683954],[-77.258197,38.684065],[-77.261958,38.685978],[-77.263422,38.686389],[-77.265128,38.687099],[-77.266055,38.68781],[-77.26703,38.68866],[-77.267772,38.689181],[-77.269261,38.68967],[-77.271994,38.691596],[-77.272815,38.692328],[-77.273305,38.692882],[-77.274106,38.693615],[-77.274978,38.694102],[-77.276383,38.694588],[-77.278296,38.695135],[-77.279262,38.695361],[-77.281142,38.695845],[-77.282404,38.696468],[-77.287121,38.69937],[-77.290353,38.700656],[-77.29365,38.702536],[-77.298759,38.704329],[-77.299868,38.705162],[-77.301273,38.707063],[-77.303235,38.708032],[-77.306868,38.707541],[-77.308567,38.706727],[-77.310191,38.705618],[-77.312751,38.702259],[-77.314116,38.701458],[-77.315709,38.701192],[-77.316347,38.701173],[-77.317154,38.701208],[-77.319511,38.701225],[-77.325378,38.701688],[-77.326409,38.702278],[-77.326908,38.704131],[-77.325027,38.70654],[-77.324862,38.706743],[-77.324698,38.70692],[-77.324342,38.707307],[-77.323911,38.707751],[-77.323521,38.708057],[-77.322827,38.708443],[-77.321833,38.708919],[-77.321014,38.709235],[-77.320686,38.709326],[-77.320492,38.709411],[-77.320428,38.709451],[-77.320363,38.7095],[-77.320317,38.709544],[-77.32027,38.709596],[-77.320231,38.709652],[-77.320199,38.709711],[-77.320175,38.709771],[-77.320157,38.709833],[-77.320149,38.709897],[-77.320149,38.709962],[-77.320146,38.710012],[-77.320162,38.710231],[-77.320168,38.710373],[-77.320183,38.71047],[-77.320197,38.710618],[-77.320233,38.710842],[-77.320282,38.710971],[-77.320329,38.711094],[-77.320372,38.711181],[-77.320505,38.711429],[-77.320605,38.711567],[-77.320725,38.711717],[-77.320808,38.711807],[-77.320922,38.711899],[-77.321025,38.711972],[-77.32111,38.712027],[-77.321217,38.712084],[-77.321326,38.712133],[-77.321461,38.712202],[-77.321515,38.712219],[-77.321752,38.712291],[-77.322192,38.712404],[-77.322317,38.712431],[-77.322446,38.712458],[-77.32274,38.712501],[-77.322987,38.712535],[-77.323267,38.712571],[-77.323345,38.712577],[-77.324409,38.712648],[-77.325521,38.712571],[-77.327136,38.712097],[-77.328883,38.711401],[-77.330039,38.711158],[-77.330653,38.711136],[-77.331638,38.7113],[-77.332498,38.711794],[-77.332797,38.712218],[-77.332964,38.712791],[-77.332522,38.715487],[-77.332296,38.716525],[-77.333292,38.716565],[-77.333829,38.716905],[-77.333995,38.716627],[-77.336059,38.715185],[-77.337121,38.712559],[-77.338937,38.711623],[-77.340365,38.71022],[-77.339995,38.709699],[-77.340457,38.708921],[-77.340206,38.706658],[-77.340472,38.703457],[-77.341346,38.700548],[-77.343245,38.700812],[-77.344817,38.700436],[-77.345484,38.699951],[-77.346334,38.698691],[-77.346389,38.698579],[-77.346707,38.695335],[-77.345795,38.694543],[-77.346574,38.694614],[-77.347625,38.693528],[-77.350097,38.691973],[-77.35073,38.689228],[-77.349378,38.688607],[-77.344096,38.687764],[-77.344069,38.687095],[-77.344088,38.685514],[-77.34548,38.685527],[-77.346666,38.685595],[-77.346711,38.684216],[-77.346375,38.683546],[-77.347786,38.683108],[-77.347842,38.681551],[-77.348273,38.679479],[-77.349073,38.678173],[-77.353087,38.678584],[-77.356902,38.679661],[-77.359853,38.681165],[-77.361476,38.679739],[-77.363761,38.678132],[-77.367046,38.676695],[-77.368605,38.676132],[-77.371303,38.675153],[-77.372285,38.674833],[-77.372612,38.674743],[-77.37297,38.674657],[-77.373333,38.674586],[-77.373859,38.674495],[-77.374164,38.674456],[-77.374697,38.674403],[-77.375075,38.674379],[-77.375544,38.674367],[-77.375904,38.674368],[-77.376352,38.674383],[-77.378976,38.674558],[-77.379744,38.674595],[-77.380741,38.674602],[-77.38154,38.67458],[-77.382356,38.674535],[-77.383046,38.674479],[-77.383125,38.67447],[-77.383318,38.674446],[-77.386517,38.673945],[-77.38993,38.673367],[-77.395924,38.672174],[-77.396108,38.672107],[-77.4008,38.669737],[-77.402553,38.669021],[-77.402693,38.669094],[-77.407227,38.667631],[-77.416479,38.664023],[-77.416374,38.663937],[-77.414679,38.662483],[-77.419076,38.659594],[-77.421043,38.659247],[-77.423439,38.658342],[-77.424874,38.658277],[-77.426803,38.659268],[-77.427239,38.659642],[-77.430518,38.659089],[-77.430567,38.659195],[-77.43101,38.659112],[-77.431554,38.658999],[-77.432073,38.658887],[-77.432285,38.658847],[-77.432917,38.658738],[-77.433183,38.658697],[-77.434595,38.658522],[-77.437385,38.658176],[-77.440549,38.658587],[-77.44074,38.658632],[-77.442616,38.654035],[-77.443898,38.651212],[-77.444324,38.647005],[-77.444267,38.645916],[-77.4432,38.643891],[-77.442349,38.643114],[-77.437044,38.639544],[-77.430632,38.635478],[-77.428472,38.634337],[-77.429144,38.633785],[-77.43016,38.633723],[-77.435125,38.634604],[-77.436895,38.633239],[-77.440123,38.631823],[-77.443361,38.630955],[-77.444767,38.631297],[-77.447152,38.632479],[-77.449459,38.632445],[-77.452542,38.631618],[-77.454367,38.631775],[-77.457855,38.632151],[-77.460647,38.63205],[-77.466211,38.633358],[-77.472979,38.636289],[-77.475219,38.638804],[-77.47673,38.639666],[-77.482279,38.63982],[-77.483754,38.639739],[-77.488255,38.638243],[-77.490289,38.638768],[-77.494298,38.640805],[-77.497078,38.642162],[-77.500579,38.643858],[-77.50196,38.644136],[-77.5043,38.643705],[-77.508276,38.642172],[-77.511548,38.641554],[-77.511643,38.641546],[-77.511674,38.641203],[-77.511739,38.641042],[-77.512221,38.640224],[-77.512385,38.639908],[-77.512381,38.639793],[-77.512452,38.639418],[-77.51241,38.638595],[-77.512474,38.637643],[-77.512539,38.636285],[-77.51268,38.635513],[-77.512499,38.634732],[-77.512461,38.63426],[-77.51249,38.633891],[-77.512715,38.632898],[-77.512935,38.632287],[-77.513816,38.630562],[-77.51413,38.629308],[-77.514754,38.628334],[-77.51527,38.627488],[-77.515709,38.627017],[-77.516211,38.626748],[-77.516935,38.62643],[-77.517699,38.626056],[-77.51831,38.625725],[-77.518728,38.625255],[-77.519049,38.625034],[-77.519302,38.624638],[-77.519575,38.624248],[-77.519848,38.624044],[-77.520333,38.623715],[-77.520796,38.623541],[-77.52123,38.623515],[-77.521645,38.623583],[-77.521843,38.62365],[-77.522355,38.623672],[-77.522861,38.623716],[-77.523315,38.6237],[-77.523697,38.623588],[-77.523978,38.623417],[-77.524289,38.623108],[-77.524635,38.622991],[-77.524977,38.622956],[-77.525515,38.622934],[-77.526212,38.623028],[-77.526748,38.622945],[-77.527333,38.62268],[-77.528159,38.622453],[-77.528533,38.622419],[-77.530516,38.622392],[-77.531544,38.621974],[-77.531802,38.62154],[-77.532441,38.62131],[-77.534054,38.621074],[-77.534506,38.62119],[-77.53523,38.621658],[-77.535767,38.621805],[-77.536891,38.621506],[-77.537612,38.620716],[-77.538789,38.620131],[-77.539993,38.619929],[-77.540969,38.619616],[-77.542638,38.618894],[-77.543506,38.618897],[-77.544516,38.618353],[-77.545241,38.618074],[-77.545979,38.617953],[-77.547357,38.617539],[-77.547963,38.617059],[-77.548145,38.616071],[-77.54878,38.615816],[-77.550644,38.615473],[-77.551872,38.615545],[-77.55313,38.615089],[-77.55336,38.615109],[-77.554081,38.615442],[-77.554988,38.616554],[-77.555902,38.617264],[-77.556321,38.618013],[-77.55684,38.618243],[-77.558979,38.618526],[-77.559874,38.618512],[-77.561451,38.618351],[-77.562118,38.618419],[-77.563323,38.618437],[-77.56487,38.618633],[-77.566369,38.618639],[-77.56734,38.618782],[-77.568846,38.618617],[-77.569301,38.618811],[-77.569749,38.619388],[-77.570093,38.619612],[-77.570874,38.619726],[-77.571292,38.620069],[-77.571183,38.620532],[-77.570826,38.620743],[-77.570603,38.621138],[-77.570768,38.62147],[-77.571833,38.621869],[-77.57213,38.622335],[-77.572,38.623024],[-77.572207,38.623514],[-77.572739,38.624293],[-77.572759,38.62487],[-77.572298,38.625286],[-77.572257,38.625705],[-77.572915,38.626966],[-77.573493,38.627364],[-77.574614,38.627575],[-77.575945,38.627612],[-77.577874,38.627514],[-77.579484,38.627653],[-77.579428,38.627566],[-77.57596,38.62234],[-77.570139,38.613559],[-77.566679,38.608341],[-77.561824,38.601018],[-77.559411,38.597374],[-77.551546,38.585504],[-77.544961,38.57556],[-77.535964,38.561971],[-77.532822,38.557224],[-77.531328,38.55655],[-77.560869,38.527059],[-77.565359,38.523362],[-77.571119,38.518612],[-77.571747,38.518095],[-77.576185,38.514436],[-77.579187,38.511963],[-77.579626,38.511599],[-77.580111,38.511198],[-77.581088,38.510392],[-77.582947,38.508859],[-77.588783,38.504044],[-77.595246,38.498711],[-77.596093,38.498013],[-77.599188,38.49546],[-77.602129,38.493034],[-77.606329,38.489568],[-77.623933,38.475044],[-77.626153,38.475433],[-77.626666,38.473883],[-77.628106,38.469538],[-77.63152,38.470302],[-77.632842,38.468822],[-77.632294,38.467238],[-77.633837,38.466892],[-77.634287,38.464167],[-77.633615,38.463273],[-77.632446,38.463125],[-77.632417,38.461873],[-77.633979,38.461283],[-77.631422,38.459549],[-77.631327,38.45839],[-77.631958,38.456096],[-77.631067,38.454698],[-77.628727,38.452277],[-77.628229,38.449852],[-77.630036,38.449297],[-77.630105,38.446119],[-77.631011,38.445385],[-77.634069,38.445186],[-77.633742,38.44408],[-77.634088,38.442281],[-77.631771,38.440866],[-77.631774,38.4402],[-77.629023,38.438781],[-77.629042,38.435137],[-77.628189,38.433544],[-77.628578,38.431902],[-77.628651,38.431015],[-77.628989,38.430343],[-77.629224,38.430252],[-77.629994,38.430114],[-77.63163,38.428274],[-77.630884,38.427735],[-77.630741,38.424225],[-77.629778,38.422796],[-77.630164,38.421301],[-77.631041,38.420416],[-77.633675,38.419812],[-77.634523,38.418049],[-77.634217,38.416553],[-77.635231,38.415217],[-77.634516,38.414598],[-77.633809,38.412273],[-77.63494,38.410218],[-77.636475,38.409676],[-77.637375,38.409554],[-77.639144,38.409725],[-77.640633,38.410405],[-77.642588,38.411281],[-77.644822,38.412253],[-77.646156,38.412764],[-77.648732,38.413906],[-77.650004,38.414514],[-77.651741,38.415535],[-77.653138,38.416313],[-77.654658,38.416872],[-77.65562,38.417091],[-77.657668,38.417821],[-77.659436,38.418404],[-77.660753,38.418733],[-77.662849,38.419255],[-77.664153,38.419474],[-77.664356,38.419447],[-77.665675,38.419739],[-77.66601,38.419805],[-77.666708,38.419887],[-77.667273,38.420013],[-77.667713,38.420184],[-77.668354,38.420353],[-77.669595,38.420862],[-77.672503,38.422868],[-77.673013,38.423085],[-77.673312,38.42325],[-77.673644,38.423395],[-77.674047,38.423543],[-77.674399,38.423628],[-77.674517,38.42371],[-77.674965,38.423905],[-77.675489,38.424034],[-77.676107,38.424111],[-77.677018,38.424137],[-77.677473,38.424096],[-77.677996,38.424017],[-77.678586,38.423973],[-77.67914,38.424014],[-77.680187,38.42411],[-77.681103,38.424248],[-77.681765,38.424401],[-77.682193,38.424482],[-77.682643,38.424657],[-77.683165,38.42491],[-77.683594,38.425167],[-77.683801,38.425323],[-77.684524,38.425789],[-77.685256,38.426229],[-77.686411,38.426583],[-77.687637,38.42679],[-77.688941,38.426917],[-77.689896,38.426963],[-77.690357,38.426997],[-77.691318,38.42695],[-77.69189,38.426873],[-77.692759,38.426627],[-77.693159,38.426472],[-77.693411,38.426423],[-77.693731,38.426301],[-77.694587,38.425921],[-77.695009,38.425744],[-77.695665,38.42561],[-77.696118,38.425614],[-77.696444,38.425657],[-77.696813,38.425751],[-77.697155,38.425812],[-77.697223,38.425819],[-77.697405,38.425825],[-77.697872,38.425744],[-77.698135,38.425654],[-77.698445,38.425445],[-77.698732,38.425107],[-77.698895,38.424785],[-77.698973,38.424479],[-77.699111,38.424159],[-77.699229,38.423969],[-77.699281,38.423704],[-77.69944,38.423308],[-77.69955,38.4231],[-77.699826,38.422672],[-77.700112,38.42239],[-77.700321,38.422232],[-77.700474,38.42206],[-77.70082,38.421783],[-77.701419,38.421475],[-77.701718,38.421377],[-77.702118,38.42131],[-77.702477,38.421312],[-77.702968,38.421247],[-77.703292,38.421242],[-77.703849,38.421269],[-77.704391,38.421369],[-77.70477,38.421399],[-77.70503,38.421456],[-77.705848,38.421546],[-77.706231,38.421614],[-77.706882,38.421829],[-77.70708,38.42195],[-77.707354,38.422063],[-77.709879,38.422849],[-77.711347,38.422979],[-77.715547,38.422005],[-77.716576,38.421712],[-77.720957,38.420421],[-77.725396,38.418862],[-77.726092,38.418243],[-77.726229,38.417986],[-77.726504,38.417401],[-77.727033,38.416319],[-77.727532,38.415659],[-77.729168,38.414059],[-77.729711,38.413568],[-77.730719,38.412993],[-77.732605,38.412889],[-77.733353,38.412867],[-77.734002,38.412826],[-77.734707,38.412904],[-77.735516,38.413116],[-77.735901,38.413458],[-77.736659,38.414824],[-77.736803,38.415294],[-77.737043,38.417333],[-77.73779,38.418287],[-77.738479,38.419446],[-77.738949,38.421545],[-77.739011,38.423279],[-77.739719,38.424701],[-77.741422,38.425706],[-77.742221,38.425821],[-77.742653,38.425896],[-77.743866,38.426051],[-77.7448,38.426206],[-77.745232,38.426302],[-77.746165,38.426536],[-77.746471,38.426593],[-77.74689,38.426638],[-77.747936,38.426712],[-77.748586,38.42669],[-77.749222,38.426621],[-77.749557,38.426608],[-77.750283,38.426662],[-77.750482,38.426684],[-77.75091,38.426768],[-77.752119,38.427321],[-77.753167,38.427928],[-77.755075,38.429398],[-77.75577,38.430206],[-77.756165,38.430883],[-77.756262,38.431807],[-77.756465,38.43231],[-77.757073,38.432958],[-77.759619,38.435411],[-77.760006,38.435769],[-77.760332,38.436316],[-77.761382,38.438609],[-77.76181,38.439864],[-77.761927,38.441074],[-77.76141,38.443144],[-77.761046,38.444302],[-77.760564,38.445498],[-77.760546,38.446211],[-77.761107,38.448169],[-77.761719,38.450366],[-77.761875,38.451863],[-77.761837,38.452582],[-77.761621,38.453377],[-77.761432,38.454227],[-77.761251,38.455649],[-77.761233,38.456568],[-77.761015,38.457581],[-77.761096,38.458148],[-77.761791,38.458818],[-77.763361,38.459351],[-77.766394,38.460529],[-77.768633,38.461326],[-77.769977,38.461955],[-77.77081,38.462103],[-77.772284,38.462135],[-77.773557,38.462622],[-77.774297,38.463036],[-77.775406,38.463926],[-77.776059,38.464638],[-77.77673,38.465597],[-77.777,38.466246],[-77.777643,38.467436],[-77.77819,38.46901],[-77.777248,38.470505],[-77.775324,38.47178],[-77.775316,38.473579],[-77.777294,38.475533],[-77.779462,38.476392],[-77.780446,38.477542],[-77.780735,38.478188],[-77.780646,38.47921],[-77.780807,38.481996],[-77.781248,38.483628],[-77.782151,38.485056],[-77.782137,38.485765],[-77.781466,38.488057],[-77.781486,38.488318],[-77.781867,38.488821],[-77.782816,38.489144],[-77.783938,38.489037],[-77.785903,38.488315],[-77.786901,38.488098],[-77.787635,38.488104],[-77.788004,38.488274],[-77.788324,38.488706],[-77.7883,38.489455],[-77.787526,38.49141],[-77.787422,38.492275],[-77.787845,38.493029],[-77.788978,38.493683],[-77.790295,38.494089],[-77.791763,38.494808],[-77.792421,38.495342],[-77.793263,38.495866],[-77.795279,38.497594],[-77.796265,38.498178],[-77.796919,38.49847],[-77.797792,38.49925],[-77.798405,38.500086],[-77.799588,38.501353],[-77.800574,38.502243],[-77.801134,38.503099],[-77.801334,38.503865],[-77.801379,38.505965],[-77.801343,38.507437],[-77.801134,38.508714],[-77.800781,38.509494],[-77.800582,38.510707],[-77.800581,38.511371],[-77.800944,38.512254],[-77.802365,38.514084],[-77.803746,38.515564],[-77.804981,38.516657],[-77.806319,38.518155],[-77.806781,38.518814],[-77.80831,38.521269],[-77.809667,38.5227],[-77.811097,38.52428],[-77.81148,38.524899],[-77.811942,38.526864],[-77.812559,38.528059],[-77.8136,38.530115],[-77.814152,38.530506],[-77.814576,38.530584],[-77.815728,38.530418],[-77.816489,38.530153],[-77.817716,38.529354],[-77.818376,38.529053],[-77.819069,38.528896],[-77.819972,38.529044],[-77.820017,38.52905],[-77.820032,38.529052],[-77.82005,38.529054],[-77.820076,38.529057],[-77.820088,38.529058],[-77.820102,38.52906],[-77.820127,38.529062],[-77.82015,38.529065],[-77.820183,38.529069],[-77.820203,38.529071],[-77.821193,38.529751],[-77.822415,38.531384],[-77.822789,38.531982],[-77.823694,38.532879],[-77.825172,38.533986],[-77.827011,38.535724],[-77.827924,38.536367],[-77.828708,38.536713],[-77.830036,38.537579],[-77.831442,38.538603],[-77.83208,38.538866],[-77.833215,38.538745],[-77.834275,38.538355],[-77.835385,38.538212],[-77.836453,38.538307],[-77.837688,38.538932],[-77.838878,38.539888],[-77.839974,38.540974],[-77.84037,38.541397],[-77.840671,38.541691],[-77.8435,38.544713],[-77.843559,38.544833],[-77.843739,38.545514],[-77.843802,38.545837],[-77.843794,38.546117],[-77.843921,38.546401],[-77.843946,38.546533],[-77.844253,38.547378],[-77.844427,38.547622],[-77.844549,38.548077],[-77.844943,38.548474],[-77.845248,38.549083],[-77.845607,38.549851],[-77.84582,38.550003],[-77.847689,38.551106],[-77.847912,38.551413],[-77.847988,38.551561],[-77.848007,38.551792],[-77.847986,38.552451],[-77.848137,38.553374],[-77.848327,38.553761],[-77.84901,38.55467],[-77.850678,38.556186],[-77.85108,38.556464],[-77.852035,38.556606],[-77.852734,38.556456],[-77.853593,38.556039],[-77.85464,38.556194],[-77.855341,38.556408],[-77.856172,38.556791],[-77.85691,38.557739],[-77.856931,38.558156],[-77.856743,38.558858],[-77.856408,38.559595],[-77.85646,38.560364],[-77.857129,38.560612],[-77.858417,38.560365],[-77.859115,38.560381],[-77.859699,38.561052],[-77.86073,38.562173],[-77.861252,38.563085],[-77.86239,38.564617],[-77.86271,38.565335],[-77.862789,38.566026],[-77.862769,38.566915],[-77.862945,38.568497],[-77.862897,38.569745],[-77.863387,38.570617],[-77.863666,38.571386],[-77.863829,38.572428],[-77.865224,38.574017],[-77.865511,38.574568],[-77.866706,38.5762],[-77.867817,38.577419],[-77.868347,38.577752],[-77.870568,38.578638],[-77.871443,38.579049],[-77.87178,38.579498],[-77.871988,38.579497],[-77.872759,38.580298],[-77.873428,38.580834],[-77.874281,38.58176],[-77.874631,38.582248],[-77.875,38.582407],[-77.875507,38.58306],[-77.875941,38.583498],[-77.876147,38.583803],[-77.87639,38.584087],[-77.876854,38.584398],[-77.877085,38.584661],[-77.877169,38.584891],[-77.877,38.585375],[-77.87628,38.586176],[-77.876094,38.58673],[-77.87592,38.587613],[-77.876074,38.58869],[-77.87589,38.589426],[-77.875225,38.590381],[-77.874742,38.590842],[-77.874407,38.591047],[-77.874191,38.591342],[-77.873811,38.59154],[-77.873203,38.591704],[-77.872371,38.592198],[-77.871845,38.59232],[-77.871655,38.592419],[-77.870938,38.59264],[-77.870614,38.592822],[-77.870518,38.592958],[-77.870105,38.592952],[-77.869688,38.593108],[-77.869597,38.593094],[-77.869117,38.593314],[-77.868364,38.593492],[-77.86739,38.59342],[-77.866333,38.593118],[-77.866007,38.593287],[-77.865691,38.593604],[-77.865521,38.593906],[-77.865407,38.594361],[-77.864932,38.595127],[-77.864612,38.596024],[-77.864405,38.596284],[-77.863907,38.596574],[-77.863014,38.597313],[-77.86261,38.59798],[-77.862501,38.598036],[-77.862378,38.598527],[-77.862537,38.599023],[-77.862941,38.599483],[-77.863323,38.599735],[-77.863646,38.60006],[-77.864168,38.600364],[-77.864399,38.600464],[-77.864863,38.600616],[-77.865265,38.600712],[-77.865641,38.600776],[-77.866477,38.601018],[-77.867146,38.601363],[-77.867445,38.601696],[-77.867722,38.601863],[-77.868089,38.60198],[-77.86853,38.60224],[-77.869182,38.602552],[-77.869457,38.602663],[-77.869908,38.60289],[-77.870366,38.60317],[-77.870521,38.603336],[-77.87068,38.603832],[-77.870738,38.604168],[-77.87064,38.604222],[-77.870841,38.60451],[-77.870957,38.605363],[-77.871068,38.605539],[-77.871068,38.605677],[-77.871405,38.605883],[-77.87154,38.60593],[-77.87192,38.605922],[-77.87236,38.605811],[-77.87268,38.605765],[-77.873016,38.605815],[-77.873217,38.605954],[-77.87398,38.606867],[-77.87401,38.607126],[-77.873702,38.608352],[-77.873391,38.609214],[-77.873345,38.610152],[-77.872955,38.610957],[-77.871821,38.611707],[-77.871506,38.612024],[-77.871071,38.61225],[-77.870554,38.612427],[-77.868146,38.613741],[-77.867537,38.613723],[-77.866425,38.613449],[-77.866171,38.61352],[-77.864867,38.614199],[-77.864576,38.614228],[-77.86403,38.614147],[-77.8634,38.613835],[-77.862908,38.613726],[-77.862081,38.613821],[-77.861438,38.614125],[-77.861311,38.614252],[-77.86125,38.614497],[-77.861456,38.615182],[-77.861434,38.615833],[-77.861276,38.616464],[-77.860809,38.617194],[-77.860724,38.617908],[-77.860577,38.618182],[-77.860682,38.618265],[-77.860683,38.618447],[-77.860468,38.619302],[-77.860415,38.619395],[-77.860241,38.619683],[-77.860175,38.619717],[-77.8599,38.620439],[-77.859948,38.62081],[-77.860041,38.621005],[-77.860711,38.621723],[-77.861497,38.622167],[-77.862052,38.622213],[-77.863386,38.621793],[-77.864824,38.621898],[-77.865289,38.622113],[-77.865968,38.622795],[-77.866471,38.623051],[-77.867592,38.623291],[-77.868565,38.623363],[-77.869236,38.62408],[-77.869598,38.625],[-77.870175,38.626285],[-77.870392,38.627116],[-77.870577,38.627507],[-77.870872,38.628969],[-77.871571,38.629945],[-77.871464,38.630183],[-77.87113,38.630336],[-77.870722,38.630404],[-77.870203,38.630543],[-77.869938,38.630682],[-77.869706,38.631036],[-77.869537,38.631575],[-77.869542,38.631838],[-77.869616,38.632089],[-77.8698,38.632299],[-77.870018,38.632367],[-77.870784,38.632429],[-77.870865,38.632384],[-77.872364,38.632243],[-77.872818,38.632129],[-77.873375,38.631911],[-77.873735,38.631663],[-77.874023,38.631569],[-77.874498,38.631515],[-77.874864,38.631507],[-77.875142,38.631547],[-77.875507,38.631553],[-77.875674,38.631506],[-77.876763,38.630903],[-77.876991,38.630937],[-77.877238,38.631083],[-77.877706,38.63157],[-77.877828,38.631933],[-77.877793,38.632074],[-77.877857,38.632192],[-77.877928,38.633039],[-77.877584,38.634223],[-77.877804,38.634474],[-77.878125,38.634703],[-77.878307,38.634731],[-77.87912,38.635069],[-77.879659,38.635367],[-77.879851,38.635541],[-77.880145,38.635876],[-77.880506,38.636511],[-77.880581,38.636776],[-77.880475,38.637197],[-77.880097,38.637577],[-77.879057,38.638331],[-77.878287,38.638762],[-77.877315,38.638872],[-77.876495,38.639224],[-77.876053,38.639293],[-77.874816,38.639364],[-77.874361,38.639376],[-77.873882,38.639528],[-77.873409,38.639718],[-77.873296,38.639849],[-77.873237,38.640043],[-77.873339,38.640219],[-77.873165,38.640912],[-77.872886,38.641322],[-77.872743,38.64179],[-77.872758,38.641918],[-77.87298,38.642356],[-77.873179,38.642595],[-77.8739,38.64363],[-77.873883,38.6437],[-77.873984,38.64386],[-77.87387,38.644316],[-77.873341,38.6444],[-77.872921,38.644278],[-77.872608,38.644358],[-77.87218,38.644646],[-77.871964,38.644937],[-77.871678,38.645117],[-77.871541,38.645292],[-77.871464,38.645483],[-77.871494,38.645857],[-77.871683,38.645994],[-77.871683,38.646063],[-77.871944,38.646719],[-77.871801,38.647204],[-77.871585,38.647571],[-77.871503,38.647995],[-77.871559,38.648244],[-77.871699,38.648548],[-77.872314,38.649063],[-77.87246,38.649206],[-77.872955,38.649953],[-77.872999,38.650142],[-77.873382,38.650577],[-77.874033,38.651275],[-77.874322,38.651837],[-77.874599,38.652496],[-77.874756,38.652951],[-77.875049,38.653513],[-77.875142,38.653741],[-77.875588,38.654426],[-77.875807,38.654688],[-77.876318,38.6552],[-77.876727,38.655713],[-77.876913,38.656052],[-77.877065,38.656237],[-77.877417,38.656568],[-77.878053,38.657055],[-77.878242,38.657256],[-77.878503,38.65765],[-77.878617,38.657783],[-77.879247,38.65904],[-77.880022,38.660282],[-77.880311,38.661015],[-77.880407,38.661574],[-77.880629,38.662007],[-77.881392,38.66292],[-77.88196,38.663295],[-77.882488,38.663556],[-77.882856,38.663677],[-77.883411,38.6641],[-77.883769,38.664672],[-77.883898,38.665872],[-77.883754,38.666352],[-77.883808,38.666532],[-77.883947,38.666593],[-77.884634,38.666744],[-77.884947,38.666646],[-77.885175,38.66668],[-77.885738,38.666509],[-77.886693,38.665732],[-77.886974,38.665555],[-77.887269,38.665304],[-77.887508,38.665026],[-77.887657,38.664684],[-77.887639,38.664522],[-77.887442,38.664059],[-77.887452,38.663819],[-77.887587,38.663658],[-77.887859,38.663516],[-77.888497,38.663611],[-77.889347,38.663991],[-77.890349,38.66414],[-77.891669,38.664154],[-77.892533,38.664101],[-77.893332,38.663929],[-77.893867,38.663681],[-77.894534,38.662907],[-77.895339,38.662336],[-77.895828,38.662082],[-77.896119,38.662052],[-77.89703,38.662187],[-77.897304,38.662319],[-77.897653,38.662716],[-77.897848,38.663072],[-77.898895,38.664172],[-77.899216,38.664401],[-77.900185,38.664872],[-77.90056,38.665073],[-77.901255,38.665503],[-77.901578,38.665914],[-77.902211,38.667535],[-77.902614,38.668063],[-77.902712,38.668554],[-77.903174,38.669349],[-77.903472,38.670048],[-77.903393,38.670363],[-77.903284,38.67042],[-77.902413,38.67069],[-77.902032,38.670888],[-77.90178,38.671142],[-77.901709,38.671422],[-77.901767,38.671757],[-77.902073,38.672421],[-77.90216,38.67293],[-77.902153,38.673043],[-77.902275,38.673629],[-77.902365,38.673885],[-77.902531,38.674251],[-77.902587,38.674443],[-77.902597,38.674657],[-77.90255,38.674851],[-77.902463,38.675026],[-77.902295,38.675149],[-77.901975,38.675065],[-77.901345,38.674795],[-77.90116,38.674737],[-77.900883,38.674716],[-77.900177,38.675083],[-77.899654,38.67566],[-77.899102,38.675978],[-77.898686,38.676316],[-77.89682,38.677348],[-77.896024,38.677884],[-77.894096,38.679161],[-77.893181,38.679607],[-77.892736,38.679686],[-77.892355,38.679884],[-77.891969,38.680481],[-77.891865,38.681084],[-77.892131,38.681341],[-77.892512,38.681468],[-77.892938,38.681474],[-77.894274,38.681368],[-77.894526,38.681406],[-77.894837,38.681589],[-77.894969,38.681704],[-77.895678,38.682173],[-77.89598,38.682346],[-77.896329,38.682509],[-77.898245,38.682975],[-77.899102,38.683535],[-77.899187,38.683641],[-77.899457,38.683714],[-77.900804,38.684021],[-77.901228,38.684092],[-77.90156,38.684084],[-77.902289,38.684192],[-77.902443,38.684142],[-77.902908,38.684181],[-77.903396,38.684159],[-77.904058,38.684134],[-77.904294,38.684498],[-77.903993,38.684981],[-77.903979,38.685354],[-77.904245,38.686386],[-77.903874,38.686988],[-77.903184,38.68854],[-77.902688,38.689012],[-77.902239,38.689672],[-77.902048,38.690525],[-77.902324,38.69109],[-77.902756,38.691566],[-77.90371,38.692289],[-77.904414,38.692684],[-77.90491,38.693157],[-77.904997,38.693622],[-77.9048,38.69418],[-77.904936,38.694942],[-77.905203,38.695239],[-77.906102,38.695893],[-77.906443,38.696072],[-77.907353,38.696243],[-77.908464,38.696306],[-77.909234,38.696201],[-77.909627,38.69639],[-77.909324,38.696783],[-77.909456,38.697322],[-77.910147,38.697416],[-77.911331,38.696545],[-77.912265,38.696741],[-77.912608,38.697105],[-77.913354,38.697574],[-77.914183,38.697901],[-77.916233,38.698125],[-77.918783,38.698048],[-77.920304,38.697553],[-77.921537,38.698008],[-77.921713,38.697903],[-77.922337,38.69753],[-77.924455,38.697662],[-77.926713,38.698442],[-77.927655,38.699018],[-77.929016,38.698923],[-77.930085,38.69853],[-77.930615,38.698347],[-77.930827,38.698326],[-77.931393,38.698366],[-77.931547,38.698301],[-77.931787,38.698008],[-77.9319,38.697822],[-77.931939,38.697636],[-77.931783,38.697342],[-77.931429,38.697035],[-77.931119,38.696741],[-77.931025,38.69668],[-77.930822,38.696439],[-77.930706,38.696221],[-77.930669,38.695971],[-77.930797,38.695729],[-77.931053,38.695558],[-77.931438,38.695453],[-77.932099,38.695405],[-77.932476,38.695317],[-77.932686,38.695219],[-77.933246,38.695058],[-77.933708,38.695117],[-77.93391,38.695175],[-77.934191,38.695341],[-77.934463,38.695387],[-77.934596,38.695482],[-77.934735,38.695495],[-77.935087,38.695655],[-77.935355,38.69584],[-77.935515,38.695813],[-77.944423,38.690028],[-77.945753,38.689177],[-77.964526,38.677146],[-77.968021,38.674896],[-77.969319,38.674048],[-77.971346,38.672768],[-77.971614,38.672599],[-77.972102,38.67229],[-77.977691,38.668743],[-77.97907,38.66785],[-77.990855,38.660361],[-77.999718,38.654701],[-78.000729,38.653919],[-78.005108,38.651105],[-78.012472,38.64628],[-78.015524,38.644344],[-78.025998,38.637655],[-78.035306,38.63168],[-78.04053,38.628355],[-78.047391,38.624141],[-78.047467,38.624093],[-78.047551,38.624039],[-78.054925,38.619358],[-78.05957,38.61638],[-78.065408,38.612636],[-78.068366,38.61074],[-78.071491,38.608735],[-78.072875,38.607847],[-78.074939,38.606525],[-78.089103,38.597445],[-78.089203,38.597381],[-78.089274,38.597335],[-78.089346,38.597289],[-78.089555,38.597155],[-78.090132,38.596786],[-78.090564,38.596267],[-78.091178,38.595854],[-78.09141,38.595489],[-78.092141,38.595015],[-78.092319,38.594529],[-78.093963,38.593065],[-78.09415,38.592896],[-78.095116,38.592006],[-78.095284,38.591852],[-78.098866,38.588549],[-78.10298,38.584756],[-78.108076,38.579745],[-78.110537,38.577688],[-78.111,38.577362],[-78.121058,38.56777],[-78.129357,38.560011],[-78.139145,38.551031],[-78.147173,38.543659],[-78.152347,38.538908],[-78.158497,38.533261],[-78.16427,38.52796],[-78.168722,38.523872],[-78.168792,38.523809],[-78.168888,38.523849],[-78.171328,38.522379],[-78.174367,38.522027],[-78.175737,38.520836],[-78.176205,38.520809],[-78.177135,38.521907],[-78.177651,38.52525],[-78.178294,38.526584],[-78.180429,38.52682],[-78.183144,38.52648],[-78.186659,38.527172],[-78.187386,38.527787],[-78.189776,38.526271],[-78.191068,38.524059],[-78.194514,38.525799],[-78.196869,38.527226],[-78.198155,38.527331],[-78.199035,38.528236],[-78.199867,38.530212],[-78.199875,38.531009],[-78.202069,38.532886],[-78.203956,38.533111],[-78.205731,38.532314],[-78.207611,38.530678],[-78.208289,38.530568],[-78.210442,38.53227],[-78.212491,38.535728],[-78.212512,38.53732],[-78.214882,38.538439],[-78.216239,38.538214],[-78.217314,38.537],[-78.220088,38.535765],[-78.221597,38.534353],[-78.223275,38.534479],[-78.226035,38.53382],[-78.228929,38.534082],[-78.229257,38.533198],[-78.231803,38.532539],[-78.233525,38.53409],[-78.243176,38.542807],[-78.246372,38.545719],[-78.24652,38.545871],[-78.246667,38.546017],[-78.253297,38.552182],[-78.25349,38.552377],[-78.255818,38.554724],[-78.258745,38.557586],[-78.25913,38.557966],[-78.263438,38.561943],[-78.266836,38.56396],[-78.272931,38.569332],[-78.280612,38.576091],[-78.288411,38.582965],[-78.315421,38.607052],[-78.316925,38.608454],[-78.335812,38.625151],[-78.338176,38.627312],[-78.338693,38.627019],[-78.341552,38.625258],[-78.341976,38.624317],[-78.344621,38.622266],[-78.344471,38.619786],[-78.345984,38.617959],[-78.348664,38.616286],[-78.352215,38.615553],[-78.353299,38.614244],[-78.355202,38.611976],[-78.356898,38.613014],[-78.357061,38.613219],[-78.357159,38.613318],[-78.357187,38.61334],[-78.357222,38.613356],[-78.357278,38.613373],[-78.357581,38.613456],[-78.357685,38.613483],[-78.358622,38.613611],[-78.359294,38.6137],[-78.359391,38.613731],[-78.359479,38.61376],[-78.359648,38.613814],[-78.360018,38.613783],[-78.360312,38.613605],[-78.360494,38.613416],[-78.360501,38.613239],[-78.36046,38.613128],[-78.360428,38.613028],[-78.360345,38.612944],[-78.360236,38.612834],[-78.360201,38.612788],[-78.360194,38.612767],[-78.360195,38.612746],[-78.360201,38.612729],[-78.360233,38.612657],[-78.36026,38.61263],[-78.36032,38.612595],[-78.360667,38.61243],[-78.361163,38.612305],[-78.361303,38.612275],[-78.36169,38.612189],[-78.361938,38.612123],[-78.362097,38.611998],[-78.362306,38.611633],[-78.362645,38.61086],[-78.362746,38.610645],[-78.362947,38.610473],[-78.363177,38.610382],[-78.363503,38.610293],[-78.363643,38.610256],[-78.363758,38.6102],[-78.364415,38.609603],[-78.36642,38.606053],[-78.366699,38.604549],[-78.367616,38.603428],[-78.367796,38.602249],[-78.370992,38.599408],[-78.37144,38.59781],[-78.373525,38.596046],[-78.374098,38.594486],[-78.37622,38.592858],[-78.379464,38.590443],[-78.380905,38.590129],[-78.383193,38.588319],[-78.385662,38.582656],[-78.384634,38.578696],[-78.383185,38.578067],[-78.382971,38.57724],[-78.382507,38.575419],[-78.383652,38.573171],[-78.383979,38.570568],[-78.383095,38.569001],[-78.381129,38.56777],[-78.380764,38.565321],[-78.380617,38.561978],[-78.380929,38.561307],[-78.383241,38.559877],[-78.384082,38.558935],[-78.386752,38.556468],[-78.38895,38.554899],[-78.390679,38.55467],[-78.394338,38.555687],[-78.404021,38.552218],[-78.407449,38.551696],[-78.408415,38.549832],[-78.410162,38.548635],[-78.411906,38.54814],[-78.41376,38.547201],[-78.414397,38.545067],[-78.415076,38.542991],[-78.417152,38.539377],[-78.417182,38.539206],[-78.417375,38.538818],[-78.417631,38.538477],[-78.418129,38.537817],[-78.418463,38.537475],[-78.418556,38.537418],[-78.418711,38.537324],[-78.418894,38.537155],[-78.418937,38.537067],[-78.419561,38.534653],[-78.420898,38.533795],[-78.422392,38.533423],[-78.424184,38.532217],[-78.425036,38.531169],[-78.428056,38.530111],[-78.430208,38.526893],[-78.432232,38.526347],[-78.434682,38.527641],[-78.437051,38.529841],[-78.437185,38.530031],[-78.438562,38.530713],[-78.439642,38.529731],[-78.441239,38.528865],[-78.442767,38.527775],[-78.441548,38.526717],[-78.440853,38.526117],[-78.436268,38.522146],[-78.436809,38.519147],[-78.438177,38.518329],[-78.43888,38.51695],[-78.438939,38.516787],[-78.440101,38.516457],[-78.44111,38.515989],[-78.440451,38.513471],[-78.442739,38.511959],[-78.442526,38.50972],[-78.442158,38.507623],[-78.442365,38.505695],[-78.443167,38.504291],[-78.445248,38.502811],[-78.445819,38.50005],[-78.446648,38.498631],[-78.446067,38.497423],[-78.444234,38.495124],[-78.442156,38.494397],[-78.442093,38.492509],[-78.441463,38.4909],[-78.44206,38.489719],[-78.44438,38.489444],[-78.445533,38.487702],[-78.446839,38.484007],[-78.448758,38.482712],[-78.450037,38.480848],[-78.452801,38.475527],[-78.455495,38.472532],[-78.457547,38.467733],[-78.457711,38.464804],[-78.459741,38.463367],[-78.460543,38.461819],[-78.462067,38.460313],[-78.46228,38.460101],[-78.462658,38.459528],[-78.462658,38.458923],[-78.462615,38.458613],[-78.462586,38.458399],[-78.462573,38.458323],[-78.461858,38.456277],[-78.462113,38.45472],[-78.464699,38.452542],[-78.465464,38.450283],[-78.465073,38.447],[-78.466894,38.447572],[-78.469718,38.447433],[-78.472509,38.447627],[-78.474328,38.445586],[-78.474408,38.443867],[-78.475856,38.441955],[-78.47591,38.440777],[-78.477718,38.438574],[-78.477573,38.436905],[-78.47796,38.435444],[-78.477714,38.434178],[-78.476566,38.432146],[-78.478938,38.431701],[-78.481647,38.430603],[-78.483347,38.427474],[-78.483576,38.427061],[-78.483902,38.425883],[-78.484021,38.42502],[-78.484038,38.424896],[-78.484246,38.423648],[-78.48574,38.421579],[-78.487251,38.419763],[-78.486721,38.416106],[-78.488109,38.415279],[-78.489842,38.414299],[-78.490715,38.412867],[-78.493842,38.409922],[-78.494355,38.409054],[-78.493214,38.406286],[-78.496045,38.404825],[-78.498822,38.402673],[-78.499397,38.399599],[-78.502689,38.396478],[-78.507444,38.393573],[-78.510159,38.392876],[-78.512954,38.393915],[-78.515141,38.39372],[-78.516421,38.391567],[-78.517136,38.389381],[-78.517048,38.385723],[-78.518632,38.38326],[-78.518641,38.381253],[-78.521948,38.379791],[-78.522701,38.379011],[-78.524789,38.375595],[-78.526424,38.372442],[-78.526173,38.371267],[-78.524833,38.370279],[-78.522792,38.36951],[-78.524944,38.369015],[-78.526325,38.367851],[-78.531877,38.366103],[-78.536564,38.366113],[-78.540652,38.365341],[-78.542015,38.364859],[-78.543929,38.363319],[-78.544637,38.361536],[-78.543773,38.358399],[-78.54524,38.357152],[-78.54541,38.356933],[-78.54631,38.355444],[-78.547298,38.352324],[-78.553112,38.349312],[-78.553809,38.348499],[-78.553067,38.344893],[-78.552773,38.343732],[-78.552661,38.342513],[-78.552729,38.339855],[-78.5527,38.338625],[-78.552295,38.337702],[-78.551778,38.33701],[-78.551583,38.336318],[-78.553143,38.334824],[-78.555011,38.333493],[-78.557004,38.331977],[-78.558231,38.331351],[-78.559081,38.331064],[-78.559822,38.331066]]]]}},{"type":"Feature","properties":{"id":8,"NAME":"8","TotalPop":784672,"PopDevPct":-1.2e-7,"DemPct":0.73038246,"RepPct":0.23762724,"WhitePct":0.52173324,"MinorityPct":0.47826676,"BlackPct":0.13986514,"HispanicPct":0.18406272,"PacificPct":0.00233859,"AsianPct":0.14509429,"NativePct":0.01935268,"TotalVAP":619604,"Margin":0.23038246,"color":"#28ffcf","opacity":"0.5"},"geometry":{"type":"MultiPolygon","coordinates":[[[[-77.04104,38.871779],[-77.042282,38.873051],[-77.043394,38.874159],[-77.043502,38.874237],[-77.043796,38.874269],[-77.045439,38.875431],[-77.046917,38.875284],[-77.04624,38.872455],[-77.046999,38.871798],[-77.049247,38.87131],[-77.050552,38.871982],[-77.051566,38.873581],[-77.051543,38.876587],[-77.054203,38.879769],[-77.054842,38.880174],[-77.057152,38.880314],[-77.057219,38.880305],[-77.057308,38.880293],[-77.0592,38.880985],[-77.061732,38.885077],[-77.064251,38.888956],[-77.064131,38.88991],[-77.064324,38.891407],[-77.064643,38.891715],[-77.064712,38.89214],[-77.065157,38.893605],[-77.067224,38.897161],[-77.067742,38.899535],[-77.070469,38.901104],[-77.0734,38.901128],[-77.076995,38.902095],[-77.079252,38.902459],[-77.082643,38.90228],[-77.086575,38.903013],[-77.090937,38.904713],[-77.093584,38.905968],[-77.101432,38.911549],[-77.103053,38.912752],[-77.104248,38.916136],[-77.105587,38.91763],[-77.107089,38.920165],[-77.1131,38.92524],[-77.115957,38.928165],[-77.116436,38.929571],[-77.119792,38.934374],[-77.124498,38.938448],[-77.1282,38.940874],[-77.130357,38.944684],[-77.131736,38.947513],[-77.132915,38.949204],[-77.134596,38.952383],[-77.135712,38.954031],[-77.138011,38.95582],[-77.139466,38.957416],[-77.140896,38.958404],[-77.142547,38.960521],[-77.145081,38.963146],[-77.146804,38.9642],[-77.150877,38.965662],[-77.156622,38.965961],[-77.156902,38.965822],[-77.160688,38.966191],[-77.162789,38.967242],[-77.165549,38.967764],[-77.168392,38.967064],[-77.169112,38.96631],[-77.17101,38.96649],[-77.171838,38.967067],[-77.172284,38.967452],[-77.175262,38.968118],[-77.177741,38.967987],[-77.179617,38.968301],[-77.180415,38.965763],[-77.182977,38.963626],[-77.188552,38.96123],[-77.190749,38.959933],[-77.191896,38.95864],[-77.193766,38.954607],[-77.193817,38.954525],[-77.19599,38.951834],[-77.199644,38.948901],[-77.201896,38.946497],[-77.202518,38.945531],[-77.204883,38.941421],[-77.207807,38.935885],[-77.209449,38.932861],[-77.21023,38.931487],[-77.203317,38.928973],[-77.203114,38.9289],[-77.199619,38.927317],[-77.199383,38.9272],[-77.198135,38.926165],[-77.196244,38.923473],[-77.196391,38.923392],[-77.196544,38.923308],[-77.197089,38.923001],[-77.198053,38.922458],[-77.199028,38.921888],[-77.200077,38.921276],[-77.200875,38.920768],[-77.20094,38.92073],[-77.203929,38.919039],[-77.204954,38.918415],[-77.205934,38.917825],[-77.206912,38.917238],[-77.207905,38.916633],[-77.208649,38.916197],[-77.209875,38.915397],[-77.211169,38.914631],[-77.212378,38.913947],[-77.212617,38.913829],[-77.214345,38.911542],[-77.215546,38.909754],[-77.214495,38.908882],[-77.214578,38.908796],[-77.214683,38.908681],[-77.217375,38.910129],[-77.216537,38.90558],[-77.21624,38.904536],[-77.21591,38.903496],[-77.214903,38.900577],[-77.214675,38.898122],[-77.214677,38.897832],[-77.214696,38.897451],[-77.214724,38.897149],[-77.21474,38.896972],[-77.214776,38.896699],[-77.214793,38.89657],[-77.214829,38.896372],[-77.214865,38.896169],[-77.214939,38.895858],[-77.215004,38.895608],[-77.215088,38.895329],[-77.215275,38.894792],[-77.215383,38.8945],[-77.217448,38.890523],[-77.217483,38.890462],[-77.217705,38.890062],[-77.219423,38.887144],[-77.219777,38.88646],[-77.22014,38.885788],[-77.221297,38.882663],[-77.221335,38.880122],[-77.220455,38.875882],[-77.220434,38.875787],[-77.220057,38.873635],[-77.21997,38.865854],[-77.219969,38.865705],[-77.219718,38.853808],[-77.219851,38.845411],[-77.219803,38.844427],[-77.219554,38.842237],[-77.219243,38.840676],[-77.218744,38.838592],[-77.21834,38.837213],[-77.217989,38.835296],[-77.217931,38.834435],[-77.217931,38.834253],[-77.217976,38.833027],[-77.218113,38.831976],[-77.218572,38.830157],[-77.219268,38.828475],[-77.220906,38.825324],[-77.221349,38.82445],[-77.221746,38.823431],[-77.222022,38.82228],[-77.222102,38.821697],[-77.222129,38.820355],[-77.222063,38.819558],[-77.221818,38.818306],[-77.22132,38.816977],[-77.22074,38.815615],[-77.219766,38.814357],[-77.217585,38.81139],[-77.217387,38.811394],[-77.217278,38.811222],[-77.217026,38.810878],[-77.215542,38.808857],[-77.214882,38.807807],[-77.213206,38.805439],[-77.213186,38.805317],[-77.211811,38.803494],[-77.211829,38.80343],[-77.211878,38.803256],[-77.211904,38.803166],[-77.213716,38.800258],[-77.214299,38.798958],[-77.213283,38.797631],[-77.215163,38.795007],[-77.216214,38.794298],[-77.219004,38.793713],[-77.218715,38.793128],[-77.218745,38.793051],[-77.218782,38.792764],[-77.218725,38.792767],[-77.205702,38.793241],[-77.201698,38.794072],[-77.197722,38.795654],[-77.194209,38.797057],[-77.193856,38.797198],[-77.190389,38.796408],[-77.186133,38.795167],[-77.18616,38.794955],[-77.186244,38.794327],[-77.183503,38.793449],[-77.183916,38.792583],[-77.182726,38.792084],[-77.180657,38.791105],[-77.180987,38.790379],[-77.17967,38.789622],[-77.17991,38.7879],[-77.180227,38.78721],[-77.18007,38.786109],[-77.179726,38.784132],[-77.180467,38.781964],[-77.179994,38.781804],[-77.179909,38.782001],[-77.17895,38.784972],[-77.176186,38.790869],[-77.176004,38.790817],[-77.175091,38.790546],[-77.173597,38.790177],[-77.173232,38.790128],[-77.170962,38.789932],[-77.167544,38.79022],[-77.160858,38.791432],[-77.157786,38.792226],[-77.155354,38.792893],[-77.153082,38.793405],[-77.152736,38.79377],[-77.145092,38.794973],[-77.135391,38.79651],[-77.135521,38.796231],[-77.13708,38.793325],[-77.136989,38.791865],[-77.136726,38.789577],[-77.136564,38.788172],[-77.136401,38.786746],[-77.136072,38.784071],[-77.138244,38.783691],[-77.139792,38.783395],[-77.140631,38.783231],[-77.140358,38.781375],[-77.141379,38.781187],[-77.141112,38.778977],[-77.140976,38.778939],[-77.139974,38.778263],[-77.140516,38.776899],[-77.141917,38.777423],[-77.143761,38.778136],[-77.144414,38.777078],[-77.145643,38.775083],[-77.148848,38.776251],[-77.149507,38.775307],[-77.148574,38.774411],[-77.148804,38.773091],[-77.150167,38.771753],[-77.150031,38.771663],[-77.14867,38.771608],[-77.147662,38.770195],[-77.146781,38.770414],[-77.145803,38.768815],[-77.145372,38.767961],[-77.144357,38.767965],[-77.143816,38.767696],[-77.14335,38.767203],[-77.14802,38.764601],[-77.148861,38.76416],[-77.149721,38.763914],[-77.151377,38.763759],[-77.153565,38.764445],[-77.155748,38.765417],[-77.156842,38.763115],[-77.158776,38.760851],[-77.156661,38.759494],[-77.155391,38.758656],[-77.158891,38.752611],[-77.163126,38.753999],[-77.16465,38.754485],[-77.164938,38.753986],[-77.165666,38.752542],[-77.166136,38.751639],[-77.16749,38.74903],[-77.167382,38.747696],[-77.165571,38.743134],[-77.164983,38.741757],[-77.16325,38.740042],[-77.164829,38.739094],[-77.167206,38.738274],[-77.16823,38.737322],[-77.168859,38.735888],[-77.170809,38.733561],[-77.170501,38.733424],[-77.167593,38.732023],[-77.169146,38.731176],[-77.169774,38.730107],[-77.171952,38.72903],[-77.172391,38.726044],[-77.173188,38.724967],[-77.173915,38.721975],[-77.178707,38.72287],[-77.180557,38.723775],[-77.182188,38.724962],[-77.182332,38.725079],[-77.182444,38.725001],[-77.183001,38.7245],[-77.183182,38.724352],[-77.185502,38.723049],[-77.185603,38.723015],[-77.189066,38.721718],[-77.190347,38.720499],[-77.190454,38.720398],[-77.191166,38.71971],[-77.191027,38.719629],[-77.188562,38.718175],[-77.187636,38.716684],[-77.188574,38.716044],[-77.188404,38.713618],[-77.187866,38.713314],[-77.185544,38.712085],[-77.182775,38.710248],[-77.180037,38.707509],[-77.18288,38.707493],[-77.185408,38.707464],[-77.18749,38.70798],[-77.190472,38.708751],[-77.192806,38.709342],[-77.192964,38.709382],[-77.19298,38.709155],[-77.19439,38.706226],[-77.196943,38.702664],[-77.197396,38.70152],[-77.196917,38.701463],[-77.196189,38.701839],[-77.19529,38.701918],[-77.19526,38.700301],[-77.197238,38.699465],[-77.197726,38.699075],[-77.198017,38.701016],[-77.200988,38.699384],[-77.20123,38.698964],[-77.201362,38.698286],[-77.201383,38.698204],[-77.200936,38.69641],[-77.202441,38.695472],[-77.205462,38.692679],[-77.205469,38.691486],[-77.206606,38.689743],[-77.206705,38.688659],[-77.20885,38.687172],[-77.2115,38.685538],[-77.215209,38.684242],[-77.217432,38.683175],[-77.220036,38.680395],[-77.22166,38.679537],[-77.224384,38.678623],[-77.224961,38.678042],[-77.225945,38.674675],[-77.22714,38.673243],[-77.228213,38.672034],[-77.228779,38.671511],[-77.230122,38.670357],[-77.234212,38.668707],[-77.238474,38.666918],[-77.239495,38.666534],[-77.236779,38.663959],[-77.22849,38.656395],[-77.227392,38.6554],[-77.223683,38.652064],[-77.221256,38.648749],[-77.221157,38.648544],[-77.221009,38.6482],[-77.220424,38.646258],[-77.220417,38.642319],[-77.221213,38.639873],[-77.221963,38.638718],[-77.222799,38.637362],[-77.223268,38.636602],[-77.224138,38.635191],[-77.225422,38.633111],[-77.226925,38.630695],[-77.229707,38.62629],[-77.230146,38.625085],[-77.229281,38.6184],[-77.227336,38.60457],[-77.203696,38.618172],[-77.201734,38.617759],[-77.200264,38.618885],[-77.196981,38.61954],[-77.191648,38.619168],[-77.189304,38.62066],[-77.185209,38.621686],[-77.18261,38.621792],[-77.180207,38.623262],[-77.176794,38.623946],[-77.175945,38.624112],[-77.175219,38.624084],[-77.174731,38.624283],[-77.173149,38.624247],[-77.166365,38.625106],[-77.129682,38.634704],[-77.13009,38.635446],[-77.131092,38.636884],[-77.131529,38.638778],[-77.133507,38.642525],[-77.132812,38.644217],[-77.133397,38.645249],[-77.135279,38.646237],[-77.136293,38.647231],[-77.136421,38.650236],[-77.134732,38.660006],[-77.132439,38.674143],[-77.130164,38.675956],[-77.127318,38.678602],[-77.122632,38.685256],[-77.108675,38.694524],[-77.104308,38.697314],[-77.102379,38.698188],[-77.10102,38.698073],[-77.098546,38.698934],[-77.095247,38.701289],[-77.093298,38.702719],[-77.091013,38.703624],[-77.088961,38.705084],[-77.084851,38.706801],[-77.081614,38.707926],[-77.079928,38.709064],[-77.08083,38.710383],[-77.079814,38.712672],[-77.078269,38.713391],[-77.075093,38.712604],[-77.074186,38.712824],[-77.073157,38.710811],[-77.071433,38.709981],[-77.062196,38.709829],[-77.056508,38.710216],[-77.053017,38.709932],[-77.051896,38.711087],[-77.048315,38.712807],[-77.04599,38.714969],[-77.043338,38.718468],[-77.043722,38.71919],[-77.043187,38.71938],[-77.042612,38.721553],[-77.042021,38.724677],[-77.041469,38.725847],[-77.041658,38.729829],[-77.04159,38.736817],[-77.043421,38.739463],[-77.042282,38.741285],[-77.041848,38.751811],[-77.041514,38.761038],[-77.041364,38.768554],[-77.041362,38.785415],[-77.04025,38.785216],[-77.040095,38.789912],[-77.039366,38.79159],[-77.03899,38.792415],[-77.038987,38.792552],[-77.038984,38.792767],[-77.038984,38.792915],[-77.039076,38.79699],[-77.039114,38.798169],[-77.039184,38.8003],[-77.038966,38.801677],[-77.038239,38.805088],[-77.037642,38.808574],[-77.037288,38.810527],[-77.037338,38.813405],[-77.037358,38.814477],[-77.038412,38.81609],[-77.038867,38.819329],[-77.040044,38.820653],[-77.039444,38.821456],[-77.040867,38.822236],[-77.041067,38.823257],[-77.038784,38.824473],[-77.037764,38.829213],[-77.037868,38.830539],[-77.039229,38.832194],[-77.041712,38.833634],[-77.042579,38.833332],[-77.041972,38.831519],[-77.043274,38.831509],[-77.044991,38.835294],[-77.045409,38.838746],[-77.046513,38.839894],[-77.045852,38.840011],[-77.04802,38.841261],[-77.045829,38.841051],[-77.044767,38.840221],[-77.043406,38.840558],[-77.043065,38.839795],[-77.039975,38.839277],[-77.036804,38.839405],[-77.034624,38.84006],[-77.033943,38.842646],[-77.033079,38.844516],[-77.03253,38.846855],[-77.032143,38.850287],[-77.032843,38.855027],[-77.035412,38.859773],[-77.037486,38.861181],[-77.038183,38.863354],[-77.039792,38.863219],[-77.04037,38.862375],[-77.042452,38.863945],[-77.040416,38.863696],[-77.038274,38.864021],[-77.037739,38.864781],[-77.038291,38.867442],[-77.039562,38.8699],[-77.04104,38.871779]]]]}},{"type":"Feature","properties":{"id":9,"NAME":"9","TotalPop":784672,"PopDevPct":-1.2e-7,"DemPct":0.27465628,"RepPct":0.71378079,"WhitePct":0.86967452,"MinorityPct":0.13032548,"BlackPct":0.06410092,"HispanicPct":0.02456231,"PacificPct":0.00090879,"AsianPct":0.02158923,"NativePct":0.0173607,"TotalVAP":640412,"Margin":-0.22534372,"color":"#ecff0a","opacity":"0.5"},"geometry":{"type":"MultiPolygon","coordinates":[[[[-80.02878,37.243694],[-80.02883,37.24365],[-80.02981,37.244582],[-80.030641,37.245349],[-80.032308,37.246808],[-80.032406,37.246883],[-80.033105,37.247341],[-80.034668,37.248225],[-80.036938,37.250309],[-80.037585,37.25299],[-80.037534,37.253307],[-80.037508,37.253435],[-80.037478,37.253553],[-80.037465,37.253601],[-80.037441,37.253677],[-80.036167,37.255558],[-80.035209,37.256601],[-80.034455,37.257517],[-80.034032,37.259201],[-80.033847,37.260377],[-80.033464,37.26289],[-80.035586,37.262439],[-80.036292,37.262241],[-80.039146,37.261713],[-80.04078,37.261752],[-80.042646,37.259796],[-80.044982,37.258313],[-80.044775,37.256963],[-80.045963,37.255329],[-80.046244,37.253987],[-80.046455,37.253852],[-80.051202,37.2522],[-80.051278,37.252985],[-80.05143,37.254621],[-80.054992,37.253696],[-80.059047,37.256407],[-80.059338,37.256037],[-80.061706,37.256551],[-80.060953,37.257464],[-80.063936,37.259171],[-80.064726,37.260382],[-80.074512,37.257062],[-80.074839,37.258218],[-80.076205,37.258508],[-80.077193,37.260723],[-80.07554,37.260699],[-80.075893,37.262487],[-80.077413,37.262529],[-80.077476,37.263878],[-80.081724,37.264866],[-80.081631,37.265952],[-80.080225,37.26797],[-80.078758,37.268986],[-80.079404,37.269386],[-80.07877,37.270132],[-80.080666,37.270951],[-80.082386,37.271709],[-80.081859,37.272452],[-80.082716,37.27281],[-80.08312,37.274531],[-80.084406,37.274215],[-80.085247,37.27683],[-80.084301,37.278408],[-80.084947,37.278505],[-80.08784,37.278121],[-80.087909,37.27857],[-80.088006,37.279215],[-80.088255,37.280864],[-80.088273,37.281014],[-80.088415,37.281941],[-80.088464,37.28227],[-80.08847,37.282305],[-80.088477,37.282351],[-80.08849,37.282439],[-80.088895,37.282369],[-80.088935,37.282362],[-80.089506,37.282379],[-80.092663,37.282471],[-80.092893,37.282478],[-80.093675,37.282502],[-80.094144,37.282213],[-80.094536,37.281973],[-80.095382,37.281457],[-80.105036,37.278118],[-80.106501,37.277756],[-80.108445,37.277683],[-80.109898,37.277932],[-80.110848,37.277728],[-80.112038,37.277107],[-80.113974,37.275685],[-80.115516,37.274191],[-80.116147,37.273333],[-80.117306,37.271248],[-80.117721,37.270766],[-80.118411,37.270219],[-80.119466,37.269672],[-80.121089,37.268435],[-80.122619,37.26785],[-80.123201,37.267835],[-80.127556,37.268465],[-80.128444,37.268704],[-80.128998,37.268961],[-80.130192,37.269923],[-80.131373,37.270433],[-80.1333,37.270832],[-80.134064,37.270867],[-80.135671,37.270643],[-80.136828,37.270819],[-80.137507,37.27085],[-80.138015,37.270707],[-80.138602,37.270112],[-80.138848,37.269391],[-80.139115,37.267275],[-80.139008,37.266676],[-80.138375,37.264668],[-80.13853,37.26465],[-80.138963,37.264547],[-80.140588,37.264566],[-80.142224,37.266714],[-80.143301,37.266915],[-80.14541,37.265584],[-80.147317,37.26498],[-80.154241,37.263905],[-80.159237,37.262205],[-80.163925,37.261114],[-80.16639,37.26051],[-80.169246,37.259235],[-80.170687,37.258259],[-80.17049,37.256855],[-80.169098,37.256533],[-80.173244,37.255747],[-80.173683,37.254696],[-80.173707,37.254586],[-80.174354,37.250424],[-80.175758,37.247111],[-80.177099,37.247353],[-80.178935,37.248433],[-80.180031,37.250754],[-80.181227,37.252042],[-80.182121,37.250564],[-80.181728,37.247166],[-80.179335,37.242018],[-80.184144,37.238791],[-80.18462,37.238485],[-80.18951,37.235658],[-80.191401,37.234777],[-80.192536,37.234383],[-80.193367,37.235135],[-80.194554,37.23558],[-80.194464,37.237255],[-80.202573,37.241493],[-80.203117,37.244868],[-80.203381,37.24635],[-80.205091,37.248116],[-80.205364,37.248396],[-80.218979,37.263706],[-80.234141,37.280729],[-80.235629,37.282407],[-80.237929,37.285061],[-80.238936,37.286222],[-80.25154,37.300727],[-80.251847,37.301075],[-80.258335,37.308427],[-80.258577,37.308702],[-80.260617,37.327265],[-80.261869,37.338691],[-80.262165,37.341323],[-80.262184,37.341526],[-80.258585,37.343742],[-80.257666,37.344251],[-80.255839,37.345504],[-80.254411,37.347972],[-80.252311,37.350157],[-80.25016,37.351784],[-80.24718,37.352831],[-80.246495,37.354001],[-80.244865,37.354541],[-80.240573,37.356863],[-80.23817,37.357209],[-80.237151,37.358235],[-80.235284,37.358738],[-80.233073,37.360634],[-80.231784,37.360995],[-80.231019,37.361851],[-80.229088,37.362309],[-80.225996,37.364782],[-80.223278,37.365387],[-80.221748,37.365285],[-80.219319,37.36567],[-80.212706,37.367981],[-80.209225,37.370021],[-80.208676,37.37071],[-80.206932,37.371226],[-80.204611,37.373151],[-80.202318,37.374483],[-80.201538,37.376814],[-80.200301,37.378356],[-80.192258,37.378989],[-80.172917,37.380508],[-80.169783,37.380726],[-80.156816,37.381754],[-80.147679,37.382492],[-80.147475,37.382613],[-80.146354,37.383808],[-80.145856,37.384724],[-80.145316,37.385215],[-80.143955,37.385601],[-80.143229,37.3861],[-80.14132,37.387108],[-80.140586,37.387616],[-80.139807,37.388007],[-80.138005,37.389267],[-80.136017,37.3902],[-80.134281,37.390954],[-80.132665,37.391835],[-80.13137,37.392435],[-80.129774,37.393314],[-80.128207,37.393854],[-80.126492,37.394825],[-80.125639,37.395185],[-80.124036,37.396044],[-80.12159,37.39713],[-80.120705,37.397753],[-80.118647,37.398753],[-80.117598,37.399456],[-80.115267,37.400713],[-80.110974,37.402369],[-80.10993,37.403127],[-80.105473,37.405122],[-80.104938,37.405256],[-80.104151,37.405639],[-80.102827,37.406707],[-80.102345,37.40751],[-80.102144,37.408091],[-80.101424,37.408714],[-80.100456,37.409045],[-80.099888,37.409356],[-80.099239,37.40992],[-80.098609,37.410236],[-80.096817,37.410672],[-80.096265,37.410935],[-80.095624,37.411564],[-80.094433,37.41187],[-80.093216,37.412362],[-80.092522,37.412425],[-80.091822,37.4127],[-80.09115,37.413336],[-80.090137,37.413634],[-80.089376,37.414308],[-80.088577,37.415076],[-80.088316,37.415472],[-80.087296,37.415759],[-80.086187,37.416235],[-80.085777,37.41655],[-80.08519,37.416669],[-80.084438,37.417085],[-80.084092,37.417468],[-80.082861,37.417926],[-80.081628,37.418582],[-80.081149,37.418707],[-80.079757,37.419325],[-80.07894,37.419448],[-80.078476,37.419689],[-80.077912,37.42018],[-80.075291,37.421691],[-80.074862,37.422064],[-80.074119,37.422469],[-80.073145,37.42286],[-80.071289,37.423996],[-80.070633,37.424205],[-80.069609,37.424845],[-80.068585,37.425757],[-80.067369,37.426397],[-80.066441,37.427389],[-80.06583,37.428467],[-80.06575,37.429267],[-80.065462,37.430113],[-80.065193,37.430413],[-80.064297,37.430941],[-80.063401,37.431677],[-80.062921,37.431805],[-80.062505,37.432285],[-80.061001,37.433341],[-80.060585,37.434093],[-80.059593,37.434909],[-80.059209,37.435485],[-80.058121,37.436237],[-80.056745,37.437341],[-80.055883,37.437726],[-80.054331,37.438789],[-80.051909,37.439953],[-80.050073,37.441058],[-80.048982,37.44211],[-80.047594,37.443103],[-80.046485,37.444484],[-80.044521,37.447184],[-80.043032,37.449024],[-80.041711,37.452002],[-80.039522,37.454838],[-80.038398,37.457536],[-80.036809,37.460924],[-80.034893,37.46337],[-80.031516,37.470174],[-80.030802,37.472358],[-80.03046,37.475504],[-80.027357,37.479359],[-80.025902,37.48077],[-80.025786,37.481981],[-80.024688,37.483281],[-80.023054,37.486087],[-80.021221,37.488626],[-80.019537,37.489778],[-80.016765,37.493715],[-80.014433,37.494846],[-80.014658,37.500129],[-80.012729,37.501518],[-80.012185,37.50305],[-80.009496,37.510827],[-80.00873,37.511106],[-80.002447,37.516075],[-80.001549,37.517162],[-79.998355,37.51882],[-79.997402,37.520471],[-79.99602,37.521707],[-79.9938,37.522856],[-79.993652,37.523322],[-79.99096,37.525674],[-79.989358,37.528069],[-79.98683,37.530238],[-79.986531,37.531355],[-79.98441,37.533342],[-79.983161,37.533734],[-79.98169,37.535493],[-79.979509,37.536714],[-79.979312,37.537727],[-79.97575,37.539284],[-79.973995,37.541885],[-79.972326,37.543304],[-79.969071,37.544408],[-79.97342,37.550522],[-79.983362,37.564247],[-79.98787,37.570752],[-79.996071,37.581882],[-79.996302,37.582206],[-79.999793,37.587147],[-80.002927,37.59132],[-80.003451,37.592015],[-80.013166,37.604968],[-80.016084,37.608851],[-80.026566,37.622812],[-80.027905,37.625098],[-80.030411,37.633629],[-80.032033,37.638563],[-80.026031,37.642725],[-80.023524,37.645381],[-80.020554,37.647442],[-80.026743,37.653955],[-80.032705,37.66029],[-80.036045,37.657967],[-80.04059,37.653438],[-80.045256,37.650221],[-80.050593,37.647258],[-80.056493,37.645193],[-80.05888,37.643994],[-80.059791,37.642877],[-80.065717,37.640369],[-80.068696,37.639763],[-80.069373,37.638566],[-80.069079,37.637401],[-80.069907,37.636083],[-80.074113,37.633633],[-80.076062,37.632147],[-80.078522,37.631237],[-80.083154,37.630041],[-80.084574,37.629411],[-80.085893,37.627688],[-80.087462,37.626671],[-80.092865,37.625872],[-80.09834,37.623782],[-80.099809,37.623869],[-80.101937,37.623137],[-80.104798,37.62269],[-80.107602,37.620234],[-80.108666,37.618951],[-80.110651,37.617646],[-80.111572,37.616524],[-80.115052,37.614622],[-80.117238,37.612584],[-80.120431,37.610247],[-80.12322,37.607384],[-80.128115,37.60601],[-80.131051,37.604546],[-80.133383,37.602899],[-80.134966,37.602259],[-80.137013,37.602132],[-80.138458,37.600518],[-80.140641,37.599769],[-80.144394,37.596627],[-80.146681,37.596616],[-80.150555,37.599615],[-80.154692,37.601099],[-80.155503,37.601401],[-80.160615,37.603285],[-80.165731,37.606992],[-80.166808,37.60753],[-80.167754,37.60886],[-80.167194,37.612047],[-80.16854,37.613327],[-80.168436,37.615376],[-80.170964,37.616322],[-80.171607,37.615696],[-80.173534,37.615905],[-80.175626,37.616987],[-80.177512,37.615125],[-80.178175,37.615134],[-80.178272,37.615163],[-80.178327,37.615163],[-80.178541,37.615048],[-80.179073,37.614834],[-80.179964,37.614548],[-80.180282,37.614383],[-80.180468,37.614306],[-80.180772,37.614235],[-80.181767,37.613774],[-80.181864,37.613752],[-80.182029,37.613741],[-80.182147,37.613746],[-80.182285,37.613768],[-80.182478,37.613823],[-80.18263,37.613884],[-80.182879,37.614037],[-80.183231,37.614334],[-80.183383,37.614438],[-80.183811,37.614658],[-80.184094,37.614812],[-80.18426,37.614911],[-80.184385,37.614999],[-80.184488,37.615103],[-80.184543,37.61518],[-80.184634,37.615342],[-80.185044,37.61534],[-80.187209,37.615303],[-80.196116,37.615667],[-80.205198,37.616293],[-80.206207,37.61706],[-80.206395,37.617199],[-80.21491,37.6235],[-80.219403,37.626925],[-80.220984,37.627767],[-80.222034,37.62669],[-80.223386,37.623185],[-80.226017,37.620059],[-80.231938,37.614802],[-80.236016,37.611745],[-80.236944,37.610028],[-80.240272,37.606961],[-80.240925,37.606689],[-80.242245,37.606283],[-80.243949,37.605068],[-80.24978,37.602117],[-80.253755,37.599447],[-80.258919,37.595499],[-80.26356,37.593374],[-80.266252,37.592764],[-80.268446,37.591666],[-80.270342,37.591149],[-80.272374,37.589995],[-80.274621,37.589226],[-80.277034,37.58782],[-80.280036,37.585437],[-80.283398,37.585178],[-80.289651,37.58144],[-80.294882,37.57877],[-80.301389,37.576625],[-80.310843,37.571758],[-80.315497,37.570315],[-80.318007,37.568577],[-80.328504,37.564315],[-80.313364,37.547327],[-80.31237,37.546225],[-80.312201,37.54622],[-80.312412,37.546103],[-80.31275,37.545821],[-80.31281,37.54554],[-80.312975,37.545416],[-80.312998,37.545311],[-80.313389,37.545],[-80.314026,37.544582],[-80.31447,37.544055],[-80.316972,37.54362],[-80.318152,37.543955],[-80.319482,37.542717],[-80.320999,37.542118],[-80.321488,37.541349],[-80.324001,37.541278],[-80.327491,37.54014],[-80.328392,37.538954],[-80.328377,37.537636],[-80.330368,37.536267],[-80.309347,37.52738],[-80.291625,37.536496],[-80.282391,37.533519],[-80.282568,37.53325],[-80.282892,37.532783],[-80.299789,37.508271],[-80.309833,37.503827],[-80.309528,37.503326],[-80.309333,37.502883],[-80.313335,37.501564],[-80.31676,37.500126],[-80.322249,37.498185],[-80.3271,37.495377],[-80.332034,37.493745],[-80.336942,37.492952],[-80.338863,37.492871],[-80.34378,37.492151],[-80.348672,37.490776],[-80.354824,37.488556],[-80.362491,37.486499],[-80.365785,37.484931],[-80.366837,37.484879],[-80.363171,37.480001],[-80.367409,37.477871],[-80.369451,37.476597],[-80.371951,37.474069],[-80.378282,37.471389],[-80.382508,37.470376],[-80.399846,37.462325],[-80.40278,37.460334],[-80.406355,37.458698],[-80.425629,37.449885],[-80.443009,37.438131],[-80.451355,37.434043],[-80.457304,37.43227],[-80.464816,37.426145],[-80.472782,37.42373],[-80.475796,37.423071],[-80.491608,37.432936],[-80.49486,37.435072],[-80.497279,37.44478],[-80.496805,37.446215],[-80.492981,37.457749],[-80.499784,37.466917],[-80.503963,37.472098],[-80.511391,37.481672],[-80.513409,37.479446],[-80.515139,37.478566],[-80.516366,37.478474],[-80.518642,37.479304],[-80.519657,37.479198],[-80.521607,37.47754],[-80.523481,37.476905],[-80.525403,37.476862],[-80.528349,37.477368],[-80.532372,37.477124],[-80.533449,37.476406],[-80.53441,37.474732],[-80.536889,37.474008],[-80.539786,37.474527],[-80.544836,37.474695],[-80.547451,37.473681],[-80.552036,37.473563],[-80.555138,37.471623],[-80.557969,37.471059],[-80.561442,37.469775],[-80.566297,37.466575],[-80.571283,37.464312],[-80.572636,37.463468],[-80.576255,37.462048],[-80.578025,37.460586],[-80.581463,37.459138],[-80.582884,37.456658],[-80.585856,37.456654],[-80.59024,37.453296],[-80.591377,37.45144],[-80.594148,37.449661],[-80.595378,37.449447],[-80.598965,37.447187],[-80.600204,37.446173],[-80.604331,37.444927],[-80.608254,37.443134],[-80.610109,37.441843],[-80.613856,37.440152],[-80.616802,37.439443],[-80.621375,37.436671],[-80.622117,37.435969],[-80.622664,37.433307],[-80.625289,37.432875],[-80.626365,37.433328],[-80.62862,37.43205],[-80.630698,37.432481],[-80.632365,37.432125],[-80.636848,37.430003],[-80.637554,37.428556],[-80.636947,37.427471],[-80.645893,37.422147],[-80.650188,37.421501],[-80.652426,37.420634],[-80.653589,37.419514],[-80.656687,37.417585],[-80.658382,37.417051],[-80.66217,37.415352],[-80.664112,37.41422],[-80.669997,37.411863],[-80.671577,37.410958],[-80.674249,37.410023],[-80.675303,37.40909],[-80.678094,37.407936],[-80.679249,37.407154],[-80.684576,37.40463],[-80.685107,37.404095],[-80.689817,37.402704],[-80.691709,37.401749],[-80.694179,37.399911],[-80.697474,37.399601],[-80.699435,37.398395],[-80.701248,37.396602],[-80.702579,37.396239],[-80.705203,37.394618],[-80.708399,37.393638],[-80.710501,37.392513],[-80.713545,37.3915],[-80.71596,37.390253],[-80.71652,37.388645],[-80.719524,37.389585],[-80.723101,37.388328],[-80.723925,37.387759],[-80.724285,37.386329],[-80.725702,37.385522],[-80.727804,37.386379],[-80.731589,37.38471],[-80.733166,37.383692],[-80.734801,37.383334],[-80.737429,37.383301],[-80.738652,37.382172],[-80.740973,37.381713],[-80.743391,37.379851],[-80.745904,37.380069],[-80.748722,37.38005],[-80.75103,37.378209],[-80.755254,37.37735],[-80.757556,37.375894],[-80.759886,37.374882],[-80.761938,37.374666],[-80.765628,37.373259],[-80.766944,37.37333],[-80.770082,37.372363],[-80.776649,37.383679],[-80.777306,37.38519],[-80.779308,37.386196],[-80.781098,37.388304],[-80.783021,37.390089],[-80.783324,37.392789],[-80.784188,37.394587],[-80.788446,37.395024],[-80.790317,37.395668],[-80.794052,37.39528],[-80.795426,37.395188],[-80.79769,37.39583],[-80.800508,37.395953],[-80.801353,37.397286],[-80.803525,37.398459],[-80.804585,37.397822],[-80.806266,37.398294],[-80.806259,37.399492],[-80.807044,37.401646],[-80.80619,37.403767],[-80.808229,37.405691],[-80.808587,37.406537],[-80.812097,37.407818],[-80.820228,37.413288],[-80.828313,37.418667],[-80.828824,37.419032],[-80.830851,37.420507],[-80.836408,37.423992],[-80.837678,37.425658],[-80.841025,37.426123],[-80.842159,37.425618],[-80.844213,37.423555],[-80.846325,37.423395],[-80.849367,37.425501],[-80.853163,37.426902],[-80.856278,37.426935],[-80.857359,37.427206],[-80.859457,37.429491],[-80.860705,37.428418],[-80.863575,37.424131],[-80.865143,37.420542],[-80.865568,37.417377],[-80.864794,37.414229],[-80.863003,37.411514],[-80.863176,37.41129],[-80.868143,37.404678],[-80.872266,37.399112],[-80.875467,37.394437],[-80.883247,37.383933],[-80.880477,37.380876],[-80.877622,37.377797],[-80.876248,37.376602],[-80.873645,37.373446],[-80.868903,37.368296],[-80.868376,37.367714],[-80.868271,37.3676],[-80.867857,37.367145],[-80.867209,37.366434],[-80.866901,37.366093],[-80.85881,37.357199],[-80.855679,37.353755],[-80.849451,37.346909],[-80.853375,37.345409],[-80.855921,37.344068],[-80.858059,37.343503],[-80.860803,37.341931],[-80.865862,37.340331],[-80.869137,37.338457],[-80.870913,37.336581],[-80.872913,37.335205],[-80.874801,37.333427],[-80.880103,37.328903],[-80.886914,37.32464],[-80.890597,37.321447],[-80.891203,37.321365],[-80.89805,37.316779],[-80.89916,37.315678],[-80.901566,37.314858],[-80.905092,37.312929],[-80.907951,37.311605],[-80.910389,37.311236],[-80.912153,37.310175],[-80.913562,37.308755],[-80.919259,37.306163],[-80.92704,37.303683],[-80.931118,37.302872],[-80.936964,37.300354],[-80.939346,37.29967],[-80.939824,37.298909],[-80.941327,37.298883],[-80.943156,37.298112],[-80.942973,37.297126],[-80.944173,37.296575],[-80.945488,37.296903],[-80.947896,37.295872],[-80.951018,37.29497],[-80.956115,37.294153],[-80.957595,37.293733],[-80.964879,37.292898],[-80.966556,37.292158],[-80.968368,37.29229],[-80.969958,37.291887],[-80.971875,37.292367],[-80.973889,37.291444],[-80.975421,37.292],[-80.977008,37.291807],[-80.977814,37.292348],[-80.980146,37.292743],[-80.981322,37.293465],[-80.981323,37.294554],[-80.982173,37.296023],[-80.980899,37.297341],[-80.980746,37.298541],[-80.979106,37.300581],[-80.979589,37.302279],[-80.980754,37.301961],[-80.981863,37.300883],[-80.983177,37.301228],[-80.985266,37.300564],[-80.985765,37.3014],[-80.987319,37.301359],[-80.993683,37.299626],[-80.996013,37.299545],[-80.999083,37.298141],[-81.00767,37.296428],[-81.01021,37.295776],[-81.015378,37.295221],[-81.016769,37.294826],[-81.021937,37.294143],[-81.029192,37.292193],[-81.032204,37.291654],[-81.036133,37.290252],[-81.03846,37.290315],[-81.0425,37.28938],[-81.048444,37.289114],[-81.052886,37.288607],[-81.058638,37.287365],[-81.071996,37.285686],[-81.075894,37.284887],[-81.077838,37.284984],[-81.084012,37.284401],[-81.092967,37.282835],[-81.09482,37.28264],[-81.096925,37.281866],[-81.098798,37.281672],[-81.104147,37.280605],[-81.107591,37.279709],[-81.110189,37.278788],[-81.114006,37.278125],[-81.116764,37.276995],[-81.12348,37.275353],[-81.123717,37.275307],[-81.130145,37.273213],[-81.133606,37.272417],[-81.137144,37.270863],[-81.142404,37.269165],[-81.145192,37.268663],[-81.151691,37.267104],[-81.154034,37.266345],[-81.158964,37.265382],[-81.164113,37.263659],[-81.167029,37.262881],[-81.173441,37.260298],[-81.179397,37.257313],[-81.182268,37.255623],[-81.183279,37.254488],[-81.184307,37.254323],[-81.188099,37.252194],[-81.192227,37.250354],[-81.19305,37.249663],[-81.198992,37.246423],[-81.200459,37.245288],[-81.204774,37.243013],[-81.209962,37.240953],[-81.211602,37.240481],[-81.218771,37.237652],[-81.222835,37.235737],[-81.225104,37.234874],[-81.234928,37.241705],[-81.236675,37.242665],[-81.236909,37.242789],[-81.237309,37.243054],[-81.24113,37.245846],[-81.24136,37.246],[-81.241981,37.246414],[-81.244903,37.248592],[-81.247513,37.250117],[-81.24982,37.251804],[-81.257544,37.256947],[-81.258232,37.257444],[-81.263157,37.260786],[-81.266815,37.263266],[-81.274444,37.268436],[-81.279048,37.271503],[-81.279139,37.271564],[-81.288915,37.278156],[-81.292192,37.280297],[-81.29591,37.282844],[-81.299265,37.285143],[-81.307225,37.290597],[-81.307281,37.290636],[-81.307365,37.290693],[-81.308129,37.291215],[-81.308507,37.291475],[-81.309768,37.292338],[-81.311358,37.293416],[-81.311874,37.293764],[-81.320105,37.299323],[-81.325337,37.304206],[-81.328887,37.307322],[-81.330828,37.30906],[-81.333134,37.311267],[-81.334228,37.312297],[-81.334725,37.312737],[-81.335221,37.313198],[-81.336152,37.314026],[-81.336475,37.314312],[-81.342863,37.320087],[-81.348792,37.325576],[-81.358594,37.334447],[-81.362156,37.337687],[-81.362961,37.338087],[-81.36543,37.337748],[-81.366625,37.335875],[-81.366645,37.334613],[-81.367643,37.332738],[-81.368428,37.332571],[-81.369238,37.332402],[-81.369494,37.331237],[-81.368318,37.329594],[-81.367536,37.3269],[-81.369443,37.324649],[-81.3714,37.324236],[-81.371597,37.322735],[-81.372499,37.320494],[-81.374906,37.318809],[-81.376931,37.318556],[-81.377578,37.317923],[-81.379413,37.317566],[-81.380853,37.318071],[-81.38469,37.318548],[-81.385823,37.320073],[-81.385789,37.320104],[-81.385653,37.32023],[-81.385674,37.32043],[-81.385784,37.32064],[-81.385988,37.320671],[-81.386312,37.320638],[-81.386602,37.320526],[-81.388057,37.319883],[-81.38899,37.319684],[-81.389883,37.318467],[-81.38958,37.31787],[-81.391702,37.316742],[-81.392682,37.316181],[-81.394287,37.316411],[-81.394515,37.315811],[-81.395341,37.31446],[-81.395296,37.312607],[-81.396462,37.311275],[-81.398055,37.310998],[-81.398687,37.309941],[-81.39805,37.309322],[-81.398702,37.307806],[-81.397357,37.306358],[-81.396817,37.304498],[-81.397531,37.304005],[-81.398185,37.302965],[-81.401782,37.301862],[-81.402422,37.300926],[-81.40506,37.298794],[-81.403764,37.296597],[-81.402291,37.296141],[-81.40418,37.293712],[-81.405801,37.293522],[-81.407521,37.288298],[-81.408829,37.287433],[-81.409719,37.284892],[-81.409575,37.284025],[-81.410733,37.28236],[-81.411593,37.28033],[-81.41287,37.279474],[-81.4141,37.279592],[-81.415954,37.278936],[-81.416785,37.277548],[-81.416027,37.276672],[-81.4158,37.274601],[-81.416663,37.273214],[-81.418629,37.273266],[-81.419455,37.272733],[-81.421812,37.272422],[-81.423522,37.271218],[-81.425237,37.271786],[-81.427946,37.271015],[-81.429358,37.271326],[-81.430894,37.272362],[-81.432225,37.272488],[-81.433499,37.273807],[-81.434939,37.273449],[-81.435596,37.274165],[-81.437158,37.274065],[-81.439127,37.272046],[-81.439507,37.270909],[-81.441363,37.271437],[-81.442634,37.271837],[-81.444528,37.271567],[-81.445438,37.272387],[-81.44832,37.272002],[-81.448285,37.270575],[-81.449068,37.269583],[-81.451173,37.269159],[-81.454438,37.266999],[-81.458966,37.26649],[-81.460554,37.265342],[-81.458873,37.262872],[-81.461119,37.262569],[-81.461267,37.261585],[-81.462283,37.261164],[-81.462107,37.259899],[-81.464425,37.259741],[-81.465557,37.258425],[-81.467998,37.258515],[-81.469204,37.257473],[-81.471418,37.256847],[-81.473283,37.257012],[-81.473622,37.256036],[-81.475162,37.25546],[-81.475868,37.255756],[-81.476699,37.254167],[-81.479797,37.252628],[-81.480144,37.251121],[-81.483559,37.250604],[-81.486153,37.25183],[-81.48843,37.251728],[-81.489445,37.250823],[-81.492287,37.25096],[-81.492702,37.25162],[-81.495496,37.252249],[-81.498045,37.254659],[-81.498445,37.256568],[-81.498038,37.258092],[-81.499472,37.257125],[-81.503131,37.253091],[-81.504449,37.248689],[-81.50652,37.245246],[-81.506722,37.242547],[-81.506228,37.241064],[-81.506234,37.239081],[-81.506865,37.234948],[-81.507509,37.233924],[-81.508097,37.233511],[-81.510097,37.232119],[-81.513561,37.231225],[-81.51464,37.230704],[-81.516338,37.228874],[-81.518847,37.228689],[-81.519614,37.227974],[-81.521397,37.226902],[-81.522565,37.227729],[-81.524159,37.227904],[-81.527513,37.225816],[-81.531073,37.225187],[-81.532991,37.223554],[-81.536385,37.223094],[-81.537306,37.221873],[-81.539127,37.221946],[-81.541361,37.219984],[-81.543924,37.220858],[-81.545696,37.22003],[-81.547085,37.216095],[-81.548398,37.2151],[-81.551311,37.211783],[-81.552781,37.210755],[-81.553812,37.208589],[-81.556762,37.207348],[-81.556828,37.207347],[-81.557,37.20733],[-81.55722,37.207325],[-81.557316,37.207342],[-81.557364,37.207365],[-81.557405,37.207398],[-81.557446,37.207448],[-81.557468,37.207488],[-81.557488,37.207524],[-81.557508,37.207585],[-81.557529,37.207673],[-81.557542,37.207787],[-81.557567,37.207904],[-81.557611,37.208112],[-81.557632,37.208172],[-81.557683,37.208249],[-81.557711,37.208299],[-81.557808,37.208382],[-81.557893,37.208442],[-81.558023,37.208541],[-81.558054,37.208565],[-81.558151,37.208481],[-81.558432,37.208239],[-81.56077,37.206656],[-81.562676,37.20657],[-81.575223,37.206003],[-81.616566,37.204135],[-81.616875,37.204148],[-81.635999,37.203348],[-81.636632,37.203321],[-81.663329,37.202141],[-81.678221,37.20154],[-81.678603,37.202467],[-81.681379,37.203634],[-81.683268,37.205649],[-81.683239,37.206725],[-81.683945,37.210323],[-81.683618,37.211625],[-81.686243,37.211755],[-81.686717,37.213105],[-81.688271,37.213506],[-81.691919,37.213142],[-81.694753,37.213366],[-81.696435,37.215509],[-81.696043,37.216989],[-81.698466,37.217858],[-81.699334,37.219921],[-81.700692,37.219926],[-81.701061,37.220897],[-81.702945,37.220753],[-81.704167,37.221973],[-81.703958,37.223269],[-81.706288,37.224347],[-81.708162,37.224179],[-81.70856,37.225303],[-81.710127,37.225519],[-81.71154,37.227442],[-81.712909,37.228213],[-81.71573,37.228771],[-81.715718,37.231068],[-81.716317,37.231452],[-81.716074,37.23295],[-81.716248,37.234321],[-81.718337,37.235461],[-81.71937,37.237211],[-81.719615,37.238471],[-81.72218,37.238615],[-81.723061,37.240493],[-81.725145,37.240546],[-81.727354,37.239927],[-81.729541,37.240235],[-81.731343,37.240028],[-81.733298,37.238128],[-81.734529,37.238092],[-81.736318,37.238714],[-81.73765,37.238038],[-81.738944,37.238388],[-81.740124,37.237752],[-81.740952,37.239364],[-81.740627,37.240507],[-81.741364,37.2419],[-81.743804,37.242365],[-81.74429,37.24418],[-81.743563,37.245952],[-81.743699,37.247616],[-81.743178,37.249657],[-81.741989,37.251218],[-81.740875,37.254224],[-81.741683,37.254867],[-81.743812,37.256023],[-81.744045,37.257853],[-81.745697,37.258185],[-81.745279,37.261037],[-81.746487,37.262209],[-81.746039,37.263398],[-81.747938,37.264256],[-81.749832,37.264081],[-81.750769,37.265002],[-81.752569,37.265757],[-81.752941,37.266716],[-81.755025,37.267715],[-81.755817,37.267451],[-81.757576,37.268552],[-81.757888,37.271584],[-81.757674,37.273697],[-81.756987,37.276073],[-81.758909,37.276098],[-81.759559,37.275257],[-81.761996,37.27582],[-81.766255,37.274462],[-81.767847,37.274211],[-81.768864,37.273306],[-81.76986,37.273528],[-81.769979,37.273693],[-81.772719,37.274314],[-81.772826,37.274217],[-81.773859,37.274416],[-81.77385,37.274506],[-81.773907,37.274724],[-81.774204,37.274827],[-81.774622,37.274711],[-81.777282,37.275764],[-81.777319,37.275873],[-81.777489,37.276285],[-81.77773,37.276584],[-81.778177,37.276814],[-81.779359,37.277416],[-81.779411,37.277541],[-81.77946,37.27766],[-81.779388,37.278168],[-81.779363,37.278308],[-81.779292,37.278972],[-81.779263,37.279345],[-81.779327,37.279754],[-81.779362,37.279982],[-81.779633,37.280297],[-81.779968,37.280459],[-81.780064,37.280506],[-81.780418,37.280678],[-81.780992,37.280768],[-81.781229,37.280775],[-81.782124,37.281942],[-81.782158,37.281982],[-81.782448,37.28232],[-81.783122,37.28258],[-81.783545,37.282581],[-81.783698,37.282538],[-81.783746,37.282524],[-81.783833,37.2825],[-81.785156,37.282634],[-81.785177,37.282681],[-81.785287,37.283004],[-81.785458,37.28323],[-81.786032,37.283256],[-81.786072,37.283249],[-81.786177,37.283231],[-81.786905,37.283697],[-81.786917,37.283951],[-81.787722,37.284098],[-81.788408,37.28435],[-81.789294,37.284416],[-81.790247,37.283964],[-81.790305,37.283696],[-81.790324,37.283606],[-81.790334,37.283483],[-81.790669,37.283113],[-81.791002,37.282904],[-81.791345,37.282792],[-81.791458,37.282674],[-81.791862,37.281665],[-81.793122,37.281168],[-81.793716,37.282065],[-81.793115,37.283538],[-81.793985,37.284799],[-81.794826,37.284617],[-81.795539,37.284995],[-81.796194,37.285126],[-81.798118,37.285251],[-81.798654,37.284873],[-81.799504,37.285004],[-81.799531,37.285102],[-81.799629,37.285327],[-81.799961,37.285489],[-81.800343,37.285635],[-81.800676,37.285676],[-81.80116,37.285467],[-81.801197,37.28537],[-81.801203,37.285355],[-81.802205,37.285386],[-81.80249,37.285672],[-81.803275,37.285916],[-81.804725,37.285926],[-81.805381,37.285621],[-81.805417,37.285464],[-81.807232,37.283175],[-81.811037,37.282853],[-81.812902,37.281972],[-81.81297,37.281236],[-81.814308,37.280975],[-81.814775,37.280748],[-81.815651,37.280726],[-81.815934,37.28058],[-81.816279,37.280009],[-81.817408,37.279802],[-81.818435,37.280006],[-81.81901,37.279563],[-81.819625,37.279411],[-81.820615,37.279403],[-81.821917,37.279733],[-81.821948,37.279748],[-81.822012,37.279779],[-81.822263,37.27986],[-81.822757,37.279894],[-81.823169,37.279792],[-81.823222,37.279779],[-81.823256,37.279758],[-81.824965,37.279549],[-81.825851,37.279311],[-81.826342,37.280715],[-81.827772,37.280783],[-81.828506,37.28147],[-81.830516,37.281047],[-81.83184,37.281502],[-81.833936,37.281522],[-81.83462,37.282071],[-81.833807,37.283639],[-81.833785,37.283702],[-81.833558,37.285012],[-81.836779,37.285764],[-81.838762,37.286343],[-81.840365,37.286088],[-81.842079,37.285221],[-81.843289,37.285558],[-81.846524,37.285155],[-81.846807,37.284649],[-81.848538,37.285394],[-81.849949,37.285227],[-81.849844,37.287186],[-81.850146,37.28755],[-81.853553,37.287706],[-81.854308,37.291919],[-81.853685,37.294147],[-81.852315,37.296687],[-81.85245,37.297356],[-81.852473,37.297439],[-81.852477,37.297564],[-81.852483,37.297705],[-81.852502,37.297802],[-81.852703,37.298004],[-81.852844,37.298109],[-81.853145,37.298197],[-81.853326,37.29827],[-81.853529,37.298272],[-81.853694,37.298161],[-81.85378,37.298062],[-81.853802,37.298038],[-81.854841,37.298031],[-81.855047,37.299458],[-81.854088,37.300398],[-81.853746,37.300767],[-81.853753,37.301229],[-81.853808,37.301521],[-81.853976,37.30192],[-81.853987,37.302293],[-81.853974,37.302537],[-81.854122,37.302691],[-81.854287,37.302883],[-81.854299,37.30492],[-81.85446,37.30657],[-81.855011,37.306749],[-81.855524,37.306769],[-81.855598,37.306772],[-81.856032,37.306742],[-81.856404,37.306584],[-81.856485,37.306546],[-81.859624,37.304765],[-81.860248,37.305395],[-81.862031,37.305648],[-81.865299,37.308711],[-81.865683,37.309484],[-81.863712,37.31223],[-81.859817,37.314142],[-81.860267,37.315715],[-81.860942,37.316161],[-81.862102,37.316307],[-81.862644,37.317364],[-81.864947,37.318869],[-81.864978,37.31889],[-81.865201,37.319038],[-81.865503,37.319336],[-81.865583,37.319514],[-81.865603,37.319691],[-81.865714,37.319788],[-81.866016,37.31978],[-81.86623,37.319804],[-81.866288,37.319748],[-81.866481,37.319756],[-81.867035,37.320228],[-81.867425,37.320838],[-81.869724,37.320495],[-81.870304,37.320794],[-81.871263,37.322296],[-81.872251,37.322201],[-81.872966,37.322968],[-81.872444,37.324197],[-81.872457,37.324241],[-81.872486,37.32434],[-81.87251,37.324424],[-81.872539,37.324523],[-81.873012,37.325001],[-81.873213,37.325066],[-81.873356,37.325112],[-81.874115,37.326645],[-81.873992,37.327578],[-81.874864,37.328151],[-81.875695,37.327604],[-81.87705,37.327855],[-81.878345,37.32883],[-81.878108,37.330239],[-81.877985,37.330473],[-81.877925,37.330588],[-81.87774,37.330809],[-81.877646,37.330904],[-81.877523,37.331029],[-81.877376,37.331209],[-81.877321,37.331419],[-81.877467,37.331618],[-81.877671,37.331735],[-81.877845,37.331789],[-81.878138,37.331691],[-81.878224,37.331662],[-81.879302,37.332454],[-81.880176,37.331219],[-81.881886,37.330255],[-81.883592,37.330058],[-81.884832,37.330534],[-81.886215,37.330334],[-81.888771,37.331653],[-81.891207,37.331592],[-81.893581,37.329845],[-81.895092,37.331469],[-81.895004,37.331526],[-81.894945,37.33158],[-81.89479,37.331774],[-81.894777,37.331803],[-81.89477,37.331855],[-81.894777,37.331896],[-81.894802,37.331943],[-81.894827,37.331968],[-81.894835,37.331978],[-81.894887,37.332009],[-81.894957,37.332034],[-81.895017,37.332044],[-81.895094,37.332045],[-81.895169,37.332031],[-81.895386,37.33195],[-81.897338,37.332469],[-81.897936,37.33367],[-81.896628,37.334457],[-81.897058,37.336758],[-81.898463,37.339283],[-81.899555,37.339504],[-81.899659,37.340896],[-81.899422,37.341413],[-81.899947,37.341903],[-81.900495,37.342072],[-81.90181,37.341979],[-81.90223,37.341873],[-81.903895,37.343226],[-81.905009,37.34271],[-81.907161,37.342636],[-81.908417,37.343842],[-81.908207,37.345381],[-81.909648,37.345455],[-81.909604,37.347816],[-81.91022,37.348955],[-81.911001,37.348718],[-81.912057,37.349345],[-81.915043,37.349574],[-81.91765,37.349153],[-81.91754,37.350998],[-81.918195,37.351438],[-81.918874,37.353158],[-81.920279,37.353402],[-81.920737,37.355401],[-81.921057,37.355838],[-81.921762,37.357073],[-81.923477,37.357937],[-81.923496,37.357955],[-81.923632,37.35817],[-81.923816,37.358272],[-81.924086,37.358204],[-81.92436,37.357918],[-81.924505,37.357535],[-81.924526,37.357411],[-81.925646,37.357313],[-81.926591,37.358707],[-81.927095,37.35975],[-81.928463,37.360871],[-81.927583,37.36276],[-81.927318,37.364125],[-81.92622,37.365189],[-81.926183,37.365211],[-81.926079,37.365271],[-81.926002,37.365377],[-81.92602,37.365434],[-81.926045,37.365513],[-81.926189,37.365632],[-81.926676,37.365761],[-81.927022,37.365809],[-81.927191,37.365807],[-81.927316,37.365799],[-81.927399,37.365793],[-81.93043,37.366784],[-81.931952,37.368551],[-81.933382,37.369341],[-81.93294,37.372085],[-81.934027,37.372865],[-81.933411,37.373953],[-81.931765,37.374551],[-81.93106,37.375466],[-81.931756,37.376997],[-81.933143,37.377839],[-81.934626,37.377841],[-81.935872,37.378554],[-81.936534,37.380161],[-81.93587,37.382856],[-81.932606,37.385178],[-81.931505,37.386594],[-81.933058,37.387976],[-81.933883,37.390652],[-81.932721,37.392036],[-81.929902,37.39288],[-81.928778,37.393845],[-81.929388,37.394625],[-81.928971,37.395659],[-81.93005,37.397124],[-81.92775,37.398795],[-81.930786,37.401656],[-81.930093,37.40379],[-81.930042,37.405291],[-81.928914,37.405554],[-81.927338,37.406844],[-81.924282,37.407316],[-81.924552,37.409986],[-81.923394,37.410459],[-81.922956,37.411389],[-81.925229,37.411807],[-81.92749,37.413251],[-81.928154,37.4145],[-81.929547,37.414462],[-81.932468,37.415217],[-81.934289,37.417405],[-81.934973,37.420017],[-81.93788,37.420086],[-81.937806,37.421184],[-81.938912,37.422002],[-81.93829,37.424047],[-81.939042,37.424948],[-81.940302,37.428421],[-81.940553,37.429058],[-81.938827,37.430574],[-81.937838,37.432111],[-81.935647,37.431999],[-81.937174,37.433995],[-81.936748,37.43611],[-81.935467,37.436317],[-81.935621,37.438397],[-81.93854,37.440344],[-81.941638,37.44041],[-81.942117,37.439472],[-81.942856,37.439929],[-81.945765,37.440214],[-81.945895,37.441705],[-81.947801,37.443067],[-81.947979,37.444099],[-81.949124,37.445575],[-81.954248,37.446477],[-81.956866,37.448263],[-81.957579,37.449123],[-81.958672,37.448045],[-81.960593,37.448215],[-81.96182,37.447596],[-81.964567,37.447592],[-81.965582,37.446918],[-81.967973,37.446593],[-81.970383,37.447688],[-81.97047,37.448567],[-81.968795,37.451496],[-81.972665,37.4534],[-81.973554,37.454873],[-81.973402,37.45619],[-81.974825,37.456095],[-81.976176,37.457186],[-81.980013,37.45721],[-81.98161,37.455968],[-81.985527,37.454328],[-81.987534,37.455336],[-81.987813,37.457461],[-81.987629,37.458661],[-81.989522,37.46067],[-81.99227,37.460916],[-81.99357,37.46463],[-81.992972,37.46845],[-81.994107,37.469191],[-81.995649,37.469833],[-81.996018,37.472043],[-81.995253,37.472305],[-81.995955,37.47444],[-81.996233,37.477059],[-81.995597,37.47788],[-81.992974,37.479797],[-81.992524,37.481825],[-81.992916,37.482969],[-81.991706,37.483329],[-81.989849,37.484879],[-81.987134,37.485174],[-81.985703,37.485681],[-81.983859,37.484971],[-81.980327,37.485447],[-81.979169,37.484604],[-81.977593,37.484603],[-81.976468,37.485465],[-81.975752,37.487689],[-81.970659,37.488468],[-81.97073,37.489904],[-81.967129,37.490743],[-81.966696,37.492351],[-81.964986,37.493488],[-81.963925,37.493493],[-81.957213,37.491504],[-81.953838,37.491502],[-81.952681,37.492274],[-81.952735,37.494162],[-81.954167,37.495302],[-81.954077,37.499822],[-81.953147,37.501314],[-81.951831,37.50205],[-81.949188,37.502376],[-81.945957,37.501901],[-81.943912,37.502929],[-81.943893,37.505676],[-81.944188,37.506976],[-81.943045,37.508609],[-81.941151,37.509483],[-81.940189,37.509209],[-81.938143,37.510107],[-81.935054,37.510505],[-81.931914,37.512204],[-81.927681,37.512113],[-81.926243,37.513574],[-81.927194,37.515332],[-81.930953,37.516739],[-81.933202,37.51937],[-81.934726,37.519261],[-81.936009,37.516882],[-81.936099,37.51542],[-81.937761,37.51358],[-81.939989,37.512591],[-81.942617,37.512623],[-81.944817,37.513739],[-81.945445,37.516222],[-81.945204,37.517134],[-81.943507,37.519788],[-81.94417,37.521942],[-81.946722,37.523793],[-81.947481,37.524958],[-81.947578,37.526798],[-81.945764,37.529199],[-81.943812,37.530397],[-81.944253,37.531441],[-81.946185,37.531974],[-81.948655,37.530974],[-81.952911,37.528314],[-81.955595,37.528308],[-81.957389,37.529605],[-81.957589,37.530934],[-81.957259,37.533462],[-81.956645,37.534418],[-81.957528,37.535505],[-81.96035,37.535269],[-81.964675,37.53352],[-81.966945,37.532916],[-81.968201,37.533454],[-81.969002,37.534629],[-81.968954,37.535673],[-81.968012,37.538035],[-81.979915,37.529658],[-82.002744,37.513739],[-82.018228,37.502882],[-82.023746,37.499036],[-82.043162,37.485748],[-82.050717,37.480578],[-82.062159,37.471544],[-82.062892,37.471027],[-82.062975,37.470969],[-82.063195,37.470816],[-82.079647,37.459285],[-82.087329,37.453902],[-82.096001,37.447781],[-82.110119,37.437805],[-82.111669,37.436721],[-82.117094,37.432932],[-82.123969,37.428049],[-82.136744,37.419175],[-82.142983,37.414842],[-82.16002,37.403288],[-82.173413,37.394071],[-82.184905,37.386261],[-82.189039,37.383444],[-82.21221,37.367534],[-82.21509,37.365496],[-82.217191,37.364008],[-82.21729,37.363937],[-82.217445,37.36383],[-82.21782,37.363565],[-82.218709,37.362932],[-82.231711,37.353722],[-82.241911,37.346571],[-82.242118,37.346428],[-82.246193,37.343565],[-82.24706,37.34296],[-82.268331,37.328],[-82.286445,37.315423],[-82.286792,37.315181],[-82.290547,37.312551],[-82.296825,37.308161],[-82.308452,37.300063],[-82.314195,37.296075],[-82.31436,37.295976],[-82.314628,37.295794],[-82.314853,37.295641],[-82.315623,37.295116],[-82.317266,37.293521],[-82.31756,37.291003],[-82.318854,37.289244],[-82.319126,37.28773],[-82.320185,37.286505],[-82.322546,37.285309],[-82.324725,37.283042],[-82.327744,37.282898],[-82.331732,37.282083],[-82.332283,37.281488],[-82.334459,37.281195],[-82.336632,37.281214],[-82.336473,37.279979],[-82.33791,37.279671],[-82.339423,37.280169],[-82.340235,37.281129],[-82.343825,37.28075],[-82.34383,37.279308],[-82.342924,37.277971],[-82.342965,37.27673],[-82.342066,37.274355],[-82.342467,37.273654],[-82.346084,37.272689],[-82.347611,37.272597],[-82.34907,37.271914],[-82.349425,37.26987],[-82.348726,37.268232],[-82.352218,37.266565],[-82.354632,37.265924],[-82.355689,37.265296],[-82.362571,37.264665],[-82.364781,37.264269],[-82.366755,37.263041],[-82.368961,37.262452],[-82.370241,37.262487],[-82.371386,37.26186],[-82.376771,37.259923],[-82.383473,37.260149],[-82.386079,37.259444],[-82.386837,37.258991],[-82.388727,37.259042],[-82.38996,37.258203],[-82.392716,37.257916],[-82.396581,37.256768],[-82.398521,37.255521],[-82.400616,37.255615],[-82.405358,37.254491],[-82.408511,37.253313],[-82.411919,37.253449],[-82.414936,37.252108],[-82.417184,37.251822],[-82.418819,37.250828],[-82.423804,37.248973],[-82.426661,37.248626],[-82.43011,37.246954],[-82.432908,37.246483],[-82.436105,37.246651],[-82.437033,37.24725],[-82.439515,37.247161],[-82.440209,37.246353],[-82.442584,37.245115],[-82.443329,37.243419],[-82.444995,37.243406],[-82.445856,37.244215],[-82.448205,37.244099],[-82.451946,37.242648],[-82.453036,37.24098],[-82.455098,37.240483],[-82.455629,37.239528],[-82.457244,37.238386],[-82.458925,37.238205],[-82.460255,37.238694],[-82.462985,37.238375],[-82.464668,37.235975],[-82.46531,37.235709],[-82.467806,37.236231],[-82.469022,37.235274],[-82.473049,37.235591],[-82.474922,37.234721],[-82.477116,37.234256],[-82.479975,37.233177],[-82.481232,37.232368],[-82.486471,37.231212],[-82.487391,37.23031],[-82.48669,37.229756],[-82.487416,37.227775],[-82.488361,37.227017],[-82.489717,37.226808],[-82.491711,37.225],[-82.495383,37.225556],[-82.496171,37.227436],[-82.498952,37.226924],[-82.499798,37.22632],[-82.50843,37.222625],[-82.508419,37.221913],[-82.508271,37.221077],[-82.509342,37.219549],[-82.510845,37.218332],[-82.513876,37.2169],[-82.51528,37.216568],[-82.517121,37.214567],[-82.520405,37.212864],[-82.520908,37.212173],[-82.522526,37.212539],[-82.523523,37.214444],[-82.524527,37.21492],[-82.526299,37.214596],[-82.530358,37.213262],[-82.531862,37.212433],[-82.532299,37.211157],[-82.532138,37.209682],[-82.530962,37.208473],[-82.533109,37.206594],[-82.537361,37.207107],[-82.538203,37.206485],[-82.53966,37.206971],[-82.541349,37.206618],[-82.54341,37.205374],[-82.544624,37.204026],[-82.546191,37.203077],[-82.547176,37.20365],[-82.54917,37.202813],[-82.550087,37.204602],[-82.550843,37.204481],[-82.553874,37.202833],[-82.558081,37.199793],[-82.558995,37.199713],[-82.56367,37.197069],[-82.565983,37.195489],[-82.56978,37.193565],[-82.57051,37.192788],[-82.572995,37.191746],[-82.574694,37.19054],[-82.57653,37.190007],[-82.579234,37.188453],[-82.58502,37.186183],[-82.586465,37.185798],[-82.587855,37.184766],[-82.589554,37.184355],[-82.59185,37.183256],[-82.593288,37.181951],[-82.593019,37.180464],[-82.595499,37.178338],[-82.597462,37.177045],[-82.599892,37.176547],[-82.602127,37.175419],[-82.603146,37.175475],[-82.604684,37.174201],[-82.606513,37.173989],[-82.606744,37.173258],[-82.608281,37.172939],[-82.611212,37.171007],[-82.612576,37.169727],[-82.614328,37.169542],[-82.616476,37.168685],[-82.619495,37.166749],[-82.620646,37.166438],[-82.623609,37.164438],[-82.62572,37.161992],[-82.627547,37.160567],[-82.630397,37.157348],[-82.632191,37.155948],[-82.6329,37.154916],[-82.63298,37.154801],[-82.633918,37.154179],[-82.637295,37.154045],[-82.640013,37.153645],[-82.642006,37.153006],[-82.644675,37.152181],[-82.645326,37.150792],[-82.647189,37.15016],[-82.648593,37.150332],[-82.649839,37.151865],[-82.651671,37.151783],[-82.65477,37.15031],[-82.655383,37.1474],[-82.656277,37.146627],[-82.655973,37.145674],[-82.656723,37.14472],[-82.657509,37.145053],[-82.660834,37.144085],[-82.663395,37.143792],[-82.664036,37.142446],[-82.665662,37.142614],[-82.668332,37.141405],[-82.67015,37.139438],[-82.672137,37.13804],[-82.67369,37.137998],[-82.673317,37.137],[-82.676828,37.134888],[-82.679156,37.135322],[-82.680607,37.137009],[-82.682892,37.136951],[-82.683938,37.135755],[-82.685034,37.135741],[-82.687993,37.13364],[-82.688722,37.133781],[-82.692635,37.132967],[-82.695003,37.132012],[-82.697055,37.130461],[-82.701927,37.1283],[-82.704344,37.128037],[-82.705325,37.126918],[-82.707901,37.125311],[-82.710067,37.125112],[-82.712776,37.123821],[-82.715149,37.121848],[-82.718211,37.122351],[-82.71888,37.121592],[-82.721413,37.12083],[-82.724117,37.117664],[-82.725985,37.115971],[-82.726688,37.114794],[-82.726502,37.112571],[-82.72601,37.111528],[-82.724319,37.109756],[-82.723675,37.108087],[-82.72239,37.10629],[-82.722094,37.10509],[-82.723403,37.103505],[-82.721679,37.101015],[-82.72189,37.09839],[-82.72249,37.096423],[-82.721927,37.095313],[-82.722376,37.09428],[-82.724914,37.092255],[-82.724819,37.091429],[-82.722728,37.089696],[-82.723525,37.088268],[-82.722844,37.084801],[-82.720899,37.083915],[-82.720841,37.082095],[-82.718471,37.080945],[-82.717181,37.079392],[-82.717053,37.078414],[-82.716655,37.077406],[-82.718078,37.075918],[-82.719714,37.076047],[-82.721765,37.075274],[-82.723596,37.075576],[-82.724725,37.074502],[-82.726486,37.073411],[-82.726683,37.072184],[-82.725668,37.069803],[-82.726083,37.066877],[-82.725624,37.065255],[-82.723717,37.062249],[-82.722888,37.062026],[-82.723075,37.059323],[-82.722232,37.058032],[-82.723156,37.055336],[-82.722783,37.049382],[-82.723071,37.047352],[-82.722433,37.044949],[-82.723629,37.044276],[-82.724206,37.042848],[-82.72502,37.042419],[-82.727331,37.042288],[-82.729849,37.042676],[-82.731383,37.043521],[-82.732891,37.043659],[-82.733506,37.044521],[-82.735946,37.043893],[-82.73787,37.043856],[-82.740909,37.042804],[-82.742759,37.042796],[-82.743724,37.040736],[-82.743895,37.036396],[-82.744651,37.034693],[-82.745771,37.03368],[-82.745288,37.031811],[-82.745928,37.029263],[-82.74767,37.026978],[-82.747813,37.024538],[-82.750121,37.023195],[-82.752352,37.026072],[-82.75461,37.026934],[-82.758976,37.027453],[-82.761179,37.02637],[-82.762404,37.024729],[-82.764819,37.024333],[-82.766409,37.023084],[-82.766945,37.021128],[-82.769255,37.019623],[-82.770201,37.017538],[-82.771099,37.017099],[-82.771853,37.015707],[-82.774352,37.015461],[-82.775955,37.015776],[-82.777324,37.015887],[-82.777434,37.015219],[-82.778402,37.013815],[-82.778344,37.012782],[-82.781467,37.009832],[-82.781479,37.009028],[-82.782863,37.007821],[-82.785102,37.008077],[-82.787063,37.008734],[-82.788498,37.008672],[-82.789587,37.007954],[-82.790893,37.006542],[-82.793665,37.005471],[-82.795377,37.006451],[-82.79692,37.009026],[-82.797625,37.009512],[-82.798936,37.008469],[-82.802633,37.007784],[-82.803945,37.007254],[-82.80663,37.007164],[-82.808104,37.006733],[-82.80941,37.007122],[-82.811012,37.006827],[-82.812461,37.005883],[-82.813804,37.005641],[-82.815592,37.006821],[-82.815865,37.007356],[-82.816112,37.007448],[-82.816286,37.007466],[-82.8165,37.00749],[-82.816862,37.007427],[-82.817087,37.007246],[-82.817097,37.007057],[-82.816999,37.006864],[-82.816965,37.006798],[-82.817698,37.005842],[-82.819191,37.006441],[-82.820641,37.005684],[-82.822253,37.004158],[-82.823528,37.004568],[-82.824319,37.005846],[-82.825984,37.006463],[-82.82872,37.005798],[-82.830086,37.003693],[-82.830569,37.000928],[-82.829305,36.999276],[-82.828989,36.997869],[-82.830126,36.995623],[-82.830066,36.994625],[-82.830842,36.993556],[-82.832696,36.992044],[-82.833894,36.992004],[-82.835528,36.99084],[-82.835763,36.989387],[-82.837683,36.987049],[-82.841004,36.987098],[-82.843124,36.985634],[-82.844952,36.983825],[-82.846706,36.984195],[-82.849081,36.983564],[-82.852672,36.985104],[-82.853759,36.985152],[-82.854777,36.983776],[-82.85636,36.982237],[-82.856981,36.978848],[-82.857721,36.978594],[-82.85883,36.9785],[-82.859187,36.978625],[-82.859508,36.978652],[-82.859812,36.978573],[-82.860025,36.978441],[-82.860682,36.978524],[-82.861253,36.97917],[-82.861922,36.980038],[-82.862308,36.980249],[-82.862586,36.980268],[-82.862861,36.98019],[-82.865472,36.978427],[-82.867082,36.978247],[-82.868551,36.97651],[-82.868735,36.974951],[-82.869607,36.973343],[-82.868629,36.971297],[-82.868967,36.969654],[-82.870982,36.968483],[-82.869927,36.964845],[-82.867709,36.964414],[-82.866824,36.961302],[-82.865621,36.960516],[-82.866144,36.958556],[-82.864956,36.957922],[-82.863688,36.958056],[-82.861357,36.957329],[-82.861083,36.956527],[-82.859125,36.955445],[-82.858165,36.953853],[-82.855877,36.95409],[-82.855912,36.953012],[-82.859882,36.949172],[-82.860707,36.94603],[-82.861668,36.944469],[-82.861584,36.942955],[-82.8623,36.941338],[-82.861687,36.939527],[-82.860554,36.938242],[-82.860113,36.933925],[-82.858186,36.932468],[-82.858241,36.930684],[-82.857644,36.92885],[-82.859016,36.927318],[-82.860056,36.925286],[-82.862798,36.923868],[-82.863753,36.921938],[-82.864883,36.921701],[-82.86545,36.920621],[-82.867329,36.918619],[-82.867198,36.917586],[-82.869384,36.916702],[-82.870978,36.914968],[-82.871819,36.913501],[-82.873157,36.913097],[-82.874263,36.911519],[-82.87599,36.910419],[-82.877379,36.908471],[-82.876955,36.907475],[-82.874483,36.906261],[-82.872703,36.903521],[-82.870301,36.901922],[-82.868628,36.901396],[-82.867978,36.900048],[-82.870624,36.897697],[-82.872771,36.8974],[-82.875743,36.896526],[-82.877412,36.89551],[-82.878467,36.894218],[-82.8784,36.892953],[-82.877861,36.891956],[-82.878355,36.889996],[-82.87908,36.889255],[-82.884461,36.888498],[-82.887985,36.886501],[-82.889343,36.884661],[-82.891184,36.883691],[-82.893972,36.883326],[-82.895151,36.882231],[-82.896822,36.881836],[-82.900526,36.881615],[-82.901802,36.88077],[-82.906085,36.879757],[-82.908007,36.878747],[-82.908054,36.877601],[-82.907392,36.875869],[-82.907823,36.874764],[-82.910276,36.874164],[-82.911751,36.87432],[-82.916195,36.873915],[-82.917611,36.873502],[-82.919884,36.873733],[-82.920801,36.873436],[-82.922747,36.873809],[-82.92487,36.872616],[-82.926279,36.87112],[-82.928307,36.870412],[-82.929895,36.870712],[-82.931894,36.870299],[-82.933486,36.870468],[-82.936622,36.869125],[-82.937678,36.867319],[-82.941327,36.867211],[-82.942686,36.866261],[-82.944539,36.866589],[-82.9464,36.865925],[-82.949154,36.866393],[-82.951754,36.866108],[-82.953602,36.864279],[-82.955741,36.863456],[-82.961435,36.86248],[-82.962756,36.861463],[-82.963968,36.861164],[-82.966652,36.85941],[-82.96802,36.859209],[-82.969243,36.858019],[-82.970792,36.857641],[-82.971977,36.857816],[-82.9733,36.859075],[-82.97568,36.859566],[-82.979502,36.859698],[-82.983788,36.858521],[-82.985454,36.858865],[-82.986678,36.858607],[-82.988996,36.859156],[-82.991838,36.857801],[-82.993246,36.857915],[-82.998587,36.856567],[-83.003345,36.852347],[-83.004255,36.850515],[-83.005108,36.849872],[-83.006577,36.847643],[-83.009242,36.847408],[-83.011096,36.847808],[-83.012437,36.84693],[-83.013543,36.847323],[-83.01576,36.848861],[-83.019933,36.850035],[-83.021913,36.84988],[-83.023734,36.851145],[-83.024628,36.851677],[-83.025852,36.853767],[-83.02631,36.855422],[-83.030201,36.85537],[-83.03281,36.85445],[-83.035704,36.854117],[-83.03689,36.854812],[-83.041028,36.855013],[-83.042817,36.854276],[-83.04529,36.852441],[-83.0478,36.85168],[-83.049666,36.852026],[-83.054235,36.852266],[-83.054573,36.852523],[-83.060749,36.853948],[-83.063356,36.85172],[-83.066854,36.851949],[-83.068492,36.853041],[-83.070778,36.853538],[-83.072836,36.854457],[-83.075849,36.850694],[-83.075123,36.849488],[-83.074979,36.848046],[-83.074067,36.845793],[-83.074291,36.843141],[-83.075253,36.840699],[-83.078113,36.840845],[-83.080967,36.840113],[-83.081993,36.839431],[-83.087459,36.838224],[-83.08828,36.837686],[-83.089481,36.83577],[-83.0909,36.834594],[-83.093105,36.833727],[-83.096286,36.832976],[-83.098684,36.832005],[-83.099904,36.831147],[-83.101936,36.828238],[-83.10208,36.827245],[-83.100446,36.825372],[-83.098607,36.823985],[-83.099224,36.822332],[-83.099261,36.819695],[-83.098954,36.816246],[-83.099142,36.815522],[-83.09848,36.813517],[-83.099752,36.812337],[-83.102564,36.81127],[-83.103339,36.809644],[-83.103311,36.807297],[-83.104331,36.803997],[-83.106056,36.802454],[-83.108157,36.801863],[-83.110649,36.800487],[-83.112366,36.79844],[-83.114578,36.796339],[-83.115162,36.794849],[-83.116471,36.793556],[-83.11893,36.789688],[-83.120708,36.788987],[-83.121436,36.787917],[-83.122221,36.787935],[-83.1237,36.786503],[-83.126057,36.786551],[-83.129127,36.785496],[-83.129834,36.785845],[-83.131782,36.785391],[-83.133231,36.784585],[-83.133043,36.782576],[-83.132253,36.781611],[-83.131267,36.779009],[-83.129595,36.776937],[-83.128987,36.775784],[-83.130119,36.773866],[-83.131454,36.773792],[-83.132965,36.771546],[-83.131752,36.771547],[-83.129828,36.770665],[-83.129542,36.76982],[-83.130337,36.768501],[-83.131088,36.768379],[-83.131142,36.766279],[-83.132362,36.765709],[-83.132324,36.76425],[-83.131204,36.76411],[-83.12906,36.762727],[-83.125573,36.761623],[-83.126973,36.76074],[-83.127397,36.759754],[-83.128569,36.759718],[-83.128895,36.757839],[-83.128359,36.756497],[-83.129018,36.752888],[-83.12781,36.751058],[-83.128397,36.750343],[-83.129971,36.750232],[-83.13013,36.749539],[-83.132161,36.75004],[-83.134315,36.74945],[-83.13381,36.746618],[-83.133023,36.746309],[-83.133959,36.744103],[-83.13512,36.742629],[-83.137116,36.743054],[-83.140366,36.742597],[-83.142422,36.741801],[-83.145208,36.741689],[-83.148518,36.742157],[-83.151473,36.742153],[-83.152224,36.742686],[-83.153773,36.741545],[-83.156499,36.741622],[-83.15981,36.740641],[-83.161245,36.73968],[-83.163124,36.739298],[-83.167128,36.73933],[-83.166603,36.739854],[-83.168024,36.740641],[-83.169923,36.740053],[-83.172437,36.740105],[-83.174935,36.739178],[-83.176314,36.739693],[-83.178035,36.739211],[-83.179716,36.739488],[-83.182371,36.739316],[-83.183649,36.73967],[-83.185045,36.739359],[-83.190459,36.739481],[-83.191347,36.739192],[-83.194252,36.739519],[-83.195831,36.738687],[-83.196963,36.738545],[-83.199748,36.737389],[-83.203013,36.736943],[-83.208439,36.734907],[-83.214796,36.73327],[-83.216242,36.733401],[-83.219572,36.731563],[-83.223719,36.730258],[-83.225875,36.730288],[-83.228479,36.729321],[-83.228879,36.728945],[-83.232249,36.728499],[-83.233204,36.727868],[-83.236179,36.726964],[-83.240064,36.726628],[-83.241517,36.725836],[-83.24548,36.72594],[-83.24792,36.725067],[-83.248936,36.724234],[-83.250984,36.72372],[-83.253957,36.723586],[-83.255969,36.722057],[-83.25927,36.722215],[-83.263623,36.720931],[-83.264364,36.721033],[-83.267803,36.71942],[-83.270037,36.718713],[-83.273652,36.71811],[-83.276167,36.717398],[-83.277633,36.716597],[-83.280339,36.715936],[-83.284579,36.715682],[-83.287038,36.714281],[-83.288296,36.71371],[-83.291357,36.712999],[-83.293916,36.712898],[-83.295901,36.713546],[-83.299529,36.712215],[-83.302352,36.711764],[-83.303653,36.71112],[-83.307191,36.711138],[-83.309711,36.710639],[-83.314624,36.708287],[-83.31786,36.707838],[-83.321011,36.706611],[-83.323129,36.706383],[-83.329504,36.704274],[-83.332268,36.703774],[-83.334967,36.702732],[-83.340035,36.701834],[-83.342012,36.701028],[-83.347635,36.700199],[-83.350388,36.697603],[-83.353382,36.696624],[-83.358281,36.693686],[-83.360369,36.693347],[-83.361678,36.694342],[-83.364973,36.694096],[-83.371092,36.690686],[-83.374047,36.690087],[-83.375266,36.690728],[-83.378819,36.689201],[-83.379107,36.688543],[-83.38069,36.688534],[-83.381238,36.687326],[-83.383244,36.68738],[-83.383816,36.686591],[-83.386809,36.686614],[-83.389958,36.68503],[-83.389353,36.683653],[-83.39265,36.682104],[-83.393387,36.68084],[-83.39587,36.679426],[-83.395214,36.678051],[-83.395555,36.677404],[-83.400701,36.675284],[-83.402689,36.67475],[-83.40429,36.673832],[-83.40763,36.672995],[-83.4088,36.672261],[-83.412278,36.67087],[-83.414829,36.670208],[-83.417378,36.669525],[-83.418682,36.668729],[-83.422228,36.668061],[-83.424713,36.66734],[-83.431969,36.666657],[-83.436354,36.666221],[-83.443545,36.667179],[-83.447834,36.665316],[-83.450544,36.665397],[-83.45369,36.664793],[-83.455362,36.664872],[-83.458344,36.665591],[-83.461498,36.664764],[-83.463108,36.664951],[-83.466611,36.664709],[-83.467989,36.66502],[-83.470473,36.664923],[-83.473262,36.665566],[-83.477793,36.665968],[-83.479609,36.66661],[-83.481328,36.665974],[-83.484809,36.667054],[-83.486463,36.667161],[-83.491157,36.668532],[-83.492805,36.670187],[-83.496739,36.670064],[-83.499219,36.670439],[-83.50083,36.669432],[-83.504243,36.669442],[-83.50575,36.668946],[-83.509259,36.668774],[-83.510758,36.669046],[-83.512108,36.669628],[-83.51306,36.669383],[-83.51401,36.668229],[-83.515584,36.667775],[-83.516854,36.668418],[-83.519022,36.667968],[-83.523664,36.666227],[-83.529437,36.665585],[-83.530146,36.666049],[-83.532404,36.664689],[-83.531833,36.663661],[-83.532057,36.662248],[-83.532832,36.661625],[-83.536392,36.66037],[-83.537376,36.65879],[-83.539695,36.65831],[-83.540719,36.657324],[-83.543857,36.655455],[-83.548117,36.653815],[-83.550573,36.653668],[-83.55218,36.654039],[-83.555045,36.65289],[-83.555964,36.652997],[-83.557774,36.652252],[-83.560094,36.651988],[-83.562426,36.651249],[-83.562633,36.649735],[-83.566051,36.647166],[-83.567853,36.646051],[-83.571645,36.644473],[-83.574334,36.644434],[-83.576657,36.642532],[-83.577607,36.64139],[-83.578467,36.64184],[-83.582544,36.641534],[-83.583124,36.641104],[-83.584574,36.641655],[-83.585956,36.643756],[-83.587419,36.64344],[-83.587296,36.642301],[-83.589856,36.641378],[-83.590938,36.641385],[-83.592913,36.64054],[-83.594297,36.640746],[-83.597868,36.638868],[-83.600432,36.637849],[-83.603068,36.637147],[-83.604102,36.637986],[-83.605901,36.637901],[-83.610076,36.636435],[-83.611068,36.635152],[-83.613896,36.63485],[-83.614992,36.633745],[-83.615148,36.632562],[-83.616863,36.631366],[-83.618261,36.628587],[-83.619274,36.627864],[-83.624017,36.625509],[-83.627299,36.624919],[-83.631876,36.623497],[-83.634932,36.622887],[-83.637004,36.624014],[-83.640727,36.624763],[-83.642758,36.623862],[-83.644051,36.624613],[-83.645551,36.623977],[-83.646463,36.622861],[-83.648086,36.622839],[-83.648536,36.619308],[-83.649313,36.616774],[-83.650966,36.616951],[-83.654196,36.61343],[-83.655126,36.612995],[-83.656993,36.613083],[-83.659435,36.610372],[-83.662041,36.608742],[-83.663548,36.606928],[-83.666144,36.605757],[-83.668804,36.605924],[-83.669778,36.605144],[-83.67296,36.604762],[-83.673899,36.603847],[-83.674719,36.603239],[-83.675395,36.600784],[-83.670141,36.600797],[-83.661989,36.600417],[-83.658539,36.600369],[-83.655641,36.600287],[-83.655402,36.600281],[-83.649722,36.600119],[-83.645586,36.600002],[-83.634096,36.599093],[-83.627199,36.598512],[-83.622051,36.597982],[-83.616534,36.597943],[-83.608747,36.597892],[-83.597637,36.597782],[-83.583326,36.597633],[-83.583143,36.597631],[-83.574311,36.597552],[-83.568871,36.597497],[-83.556922,36.597385],[-83.544642,36.597353],[-83.522593,36.597295],[-83.499909,36.597234],[-83.488813,36.597253],[-83.455508,36.597313],[-83.426611,36.597364],[-83.405614,36.597385],[-83.389938,36.597385],[-83.383873,36.597386],[-83.37032,36.597428],[-83.346816,36.597641],[-83.346786,36.597641],[-83.324965,36.59783],[-83.311186,36.597931],[-83.308535,36.597951],[-83.308288,36.597953],[-83.307953,36.597955],[-83.305657,36.597972],[-83.284904,36.598123],[-83.2763,36.598187],[-83.261099,36.593887],[-83.252629,36.593925],[-83.2502,36.593931],[-83.248933,36.593827],[-83.237295,36.59393],[-83.225444,36.593918],[-83.22299,36.59392],[-83.21481,36.593915],[-83.214446,36.593914],[-83.211582,36.593912],[-83.211133,36.593911],[-83.192562,36.593899],[-83.175839,36.59389],[-83.174533,36.593895],[-83.144667,36.594012],[-83.13949,36.594032],[-83.124893,36.594089],[-83.101524,36.594039],[-83.076275,36.593986],[-83.075828,36.593988],[-83.070916,36.59398],[-83.066846,36.593971],[-83.060181,36.593958],[-83.013169,36.593868],[-83.005301,36.593852],[-82.992282,36.593715],[-82.985124,36.593729],[-82.98499,36.593729],[-82.984726,36.593731],[-82.961741,36.593778],[-82.954494,36.593767],[-82.92977,36.59367],[-82.91369,36.59363],[-82.909617,36.59361],[-82.890439,36.593478],[-82.890113,36.593475],[-82.889199,36.593469],[-82.888924,36.593468],[-82.876121,36.593496],[-82.852315,36.593698],[-82.834653,36.593783],[-82.8283,36.59375],[-82.811862,36.593704],[-82.810051,36.593714],[-82.796805,36.593746],[-82.784857,36.593751],[-82.7796,36.593743],[-82.772585,36.593742],[-82.764519,36.593748],[-82.739682,36.593598],[-82.732545,36.593612],[-82.726968,36.593627],[-82.720928,36.593642],[-82.713487,36.593661],[-82.707918,36.593678],[-82.699545,36.593697],[-82.691803,36.593735],[-82.67988,36.593699],[-82.663491,36.593644],[-82.659945,36.593773],[-82.656247,36.593798],[-82.654051,36.593799],[-82.650857,36.593799],[-82.646478,36.593799],[-82.6327,36.593799],[-82.630501,36.593798],[-82.622603,36.593797],[-82.614711,36.59401],[-82.609599,36.594023],[-82.609476,36.59401],[-82.609254,36.59406],[-82.60906,36.594099],[-82.596876,36.594199],[-82.572244,36.594597],[-82.572134,36.594599],[-82.566621,36.594709],[-82.559678,36.594853],[-82.554001,36.594779],[-82.545583,36.594999],[-82.539632,36.595097],[-82.536154,36.595145],[-82.517271,36.595391],[-82.505241,36.595416],[-82.49581,36.595577],[-82.493818,36.595585],[-82.491658,36.595631],[-82.486994,36.595822],[-82.478673,36.595588],[-82.471864,36.594841],[-82.46564,36.594482],[-82.450763,36.594764],[-82.44187,36.594892],[-82.427954,36.595007],[-82.406018,36.595012],[-82.40038,36.595003],[-82.386909,36.595016],[-82.368468,36.595015],[-82.35625,36.595171],[-82.349707,36.595241],[-82.326477,36.595475],[-82.303915,36.595659],[-82.294134,36.595697],[-82.293814,36.595699],[-82.286003,36.595687],[-82.272647,36.595648],[-82.269467,36.595635],[-82.262139,36.595645],[-82.253669,36.595575],[-82.24409,36.595646],[-82.243382,36.595651],[-82.242904,36.595653],[-82.242063,36.595659],[-82.234437,36.595673],[-82.229767,36.595681],[-82.229342,36.595682],[-82.226865,36.595802],[-82.218359,36.595828],[-82.217537,36.595828],[-82.214553,36.595843],[-82.214276,36.595846],[-82.211297,36.595805],[-82.210836,36.595825],[-82.210716,36.595776],[-82.210431,36.595762],[-82.2094,36.595717],[-82.207481,36.595652],[-82.205341,36.5956],[-82.203599,36.595555],[-82.202875,36.595536],[-82.201814,36.595508],[-82.200745,36.59548],[-82.199124,36.595431],[-82.197118,36.595378],[-82.194277,36.5953],[-82.19274,36.595257],[-82.19258,36.595253],[-82.189886,36.595177],[-82.18974,36.595173],[-82.189323,36.595161],[-82.188819,36.595147],[-82.188674,36.595143],[-82.186424,36.595089],[-82.185609,36.595079],[-82.183348,36.595005],[-82.181875,36.594968],[-82.180957,36.594932],[-82.18082,36.594927],[-82.180083,36.594905],[-82.17915,36.594879],[-82.178392,36.594857],[-82.177404,36.594828],[-82.176097,36.594789],[-82.174281,36.594726],[-82.169912,36.594596],[-82.167949,36.594588],[-82.167354,36.594586],[-82.167133,36.594585],[-82.162116,36.594608],[-82.161314,36.594618],[-82.157427,36.594681],[-82.153634,36.594742],[-82.147375,36.594721],[-82.145573,36.594725],[-82.138616,36.594747],[-82.130707,36.594782],[-82.125665,36.594682],[-82.12458,36.594513],[-82.113398,36.594605],[-82.11238,36.594621],[-82.110791,36.594647],[-82.107743,36.594711],[-82.102171,36.594762],[-82.087375,36.594685],[-82.083407,36.594678],[-82.06454,36.594589],[-82.053649,36.594435],[-82.046794,36.594403],[-82.040257,36.594413],[-82.029095,36.594443],[-82.019365,36.594456],[-82.016321,36.59418],[-82.015642,36.594461],[-82.014228,36.594491],[-82.005657,36.594416],[-81.999018,36.594459],[-81.96996,36.594343],[-81.969718,36.594342],[-81.969113,36.59434],[-81.968287,36.594338],[-81.962465,36.594321],[-81.952644,36.594283],[-81.946269,36.594259],[-81.943495,36.594247],[-81.934144,36.594213],[-81.932293,36.597766],[-81.932153,36.598033],[-81.93072,36.60079],[-81.929496,36.603108],[-81.926371,36.609084],[-81.925754,36.610265],[-81.924031,36.61356],[-81.922644,36.616213],[-81.919729,36.616162],[-81.913205,36.616047],[-81.91004,36.615971],[-81.891389,36.615609],[-81.876893,36.615305],[-81.869386,36.615182],[-81.865684,36.615127],[-81.864969,36.615116],[-81.861358,36.615061],[-81.856742,36.614992],[-81.852917,36.614936],[-81.848894,36.614876],[-81.839158,36.614622],[-81.826642,36.614415],[-81.826742,36.614215],[-81.803951,36.613669],[-81.794356,36.613452],[-81.78905,36.613332],[-81.771415,36.612942],[-81.760994,36.61278],[-81.754568,36.612687],[-81.736895,36.612379],[-81.727741,36.612352],[-81.715644,36.612317],[-81.703916,36.612254],[-81.692986,36.612091],[-81.687172,36.612162],[-81.682289,36.612134],[-81.681725,36.61213],[-81.657858,36.611986],[-81.653628,36.611959],[-81.6469,36.611918],[-81.672442,36.592018],[-81.67749,36.588137],[-81.6693,36.588002],[-81.650527,36.587753],[-81.645294,36.587667],[-81.617905,36.587283],[-81.61746,36.587274],[-81.608188,36.587095],[-81.600455,36.586948],[-81.596748,36.586651],[-81.563495,36.583988],[-81.540012,36.58209],[-81.536476,36.581805],[-81.536264,36.581788],[-81.536036,36.58177],[-81.535697,36.581743],[-81.535358,36.581715],[-81.53422,36.581624],[-81.532837,36.581512],[-81.522795,36.580701],[-81.520758,36.580547],[-81.520347,36.580521],[-81.520018,36.580509],[-81.519676,36.580496],[-81.519334,36.580483],[-81.518955,36.580469],[-81.518521,36.580452],[-81.518174,36.580437],[-81.507422,36.580037],[-81.496676,36.579386],[-81.489516,36.579062],[-81.473433,36.578524],[-81.469543,36.578394],[-81.463028,36.578173],[-81.462339,36.578148],[-81.458411,36.578004],[-81.443849,36.576923],[-81.443047,36.576832],[-81.40282,36.57559],[-81.398167,36.575414],[-81.394785,36.575284],[-81.388554,36.575017],[-81.363281,36.574497],[-81.361494,36.574504],[-81.348367,36.574729],[-81.333642,36.57484],[-81.324358,36.574918],[-81.323581,36.574917],[-81.323313,36.574918],[-81.307963,36.574958],[-81.307437,36.574961],[-81.295812,36.574617],[-81.271646,36.574099],[-81.270658,36.574083],[-81.262375,36.573922],[-81.249012,36.573209],[-81.241889,36.57295],[-81.235401,36.572726],[-81.226724,36.572647],[-81.212322,36.572434],[-81.206838,36.572348],[-81.204372,36.572309],[-81.20397,36.572302],[-81.20367,36.572296],[-81.202563,36.572282],[-81.202071,36.572274],[-81.201947,36.572273],[-81.201381,36.572266],[-81.184072,36.572006],[-81.179905,36.571934],[-81.176933,36.571885],[-81.171045,36.570947],[-81.168993,36.570815],[-81.1644,36.570597],[-81.163797,36.570566],[-81.163236,36.570538],[-81.162771,36.570517],[-81.153583,36.570084],[-81.152431,36.570021],[-81.150168,36.569901],[-81.149935,36.569891],[-81.141087,36.569488],[-81.139877,36.569433],[-81.137799,36.569345],[-81.120144,36.569089],[-81.108082,36.568434],[-81.103894,36.568172],[-81.102268,36.568075],[-81.101918,36.568056],[-81.088426,36.567309],[-81.069613,36.567164],[-81.069061,36.567168],[-81.058601,36.567014],[-81.044851,36.566513],[-81.037473,36.565938],[-81.028872,36.565271],[-81.028373,36.565258],[-81.019119,36.564845],[-81.018482,36.564816],[-81.012468,36.564527],[-81.011754,36.564475],[-81.006923,36.563983],[-81.003808,36.563656],[-80.985318,36.563502],[-80.978559,36.563432],[-80.959827,36.563577],[-80.94981,36.563322],[-80.946127,36.563129],[-80.944228,36.563105],[-80.932938,36.562964],[-80.931725,36.562419],[-80.912639,36.562022],[-80.901722,36.561768],[-80.898453,36.561706],[-80.892254,36.561428],[-80.875091,36.560643],[-80.837954,36.559143],[-80.827194,36.559659],[-80.823895,36.559818],[-80.815766,36.560248],[-80.799492,36.561104],[-80.79272,36.560573],[-80.789656,36.560542],[-80.774027,36.560375],[-80.772746,36.560416],[-80.766864,36.560676],[-80.754311,36.561238],[-80.748549,36.561496],[-80.746798,36.561561],[-80.745052,36.561643],[-80.744733,36.561657],[-80.741328,36.561823],[-80.730361,36.562329],[-80.724445,36.56233],[-80.717324,36.562314],[-80.714184,36.562307],[-80.704601,36.562302],[-80.6962,36.561946],[-80.68965,36.561517],[-80.679245,36.560837],[-80.67666,36.560657],[-80.671855,36.560362],[-80.658476,36.559468],[-80.653387,36.559183],[-80.637653,36.558674],[-80.632962,36.558544],[-80.628833,36.558428],[-80.614847,36.55799],[-80.612057,36.557898],[-80.600387,36.557535],[-80.597654,36.557448],[-80.592671,36.55729],[-80.582744,36.556975],[-80.570707,36.556602],[-80.568477,36.556527],[-80.563473,36.556364],[-80.548112,36.555655],[-80.539786,36.555271],[-80.52818,36.554725],[-80.526028,36.554631],[-80.511481,36.553951],[-80.480257,36.552507],[-80.478478,36.552425],[-80.466697,36.551882],[-80.460948,36.551615],[-80.451329,36.551174],[-80.44034,36.550665],[-80.434762,36.550414],[-80.433685,36.550366],[-80.431092,36.550249],[-80.427402,36.550084],[-80.424094,36.549933],[-80.423888,36.549923],[-80.421742,36.549826],[-80.421568,36.549819],[-80.407995,36.549206],[-80.396122,36.548668],[-80.382529,36.548051],[-80.377984,36.547844],[-80.370186,36.547477],[-80.336972,36.545952],[-80.310931,36.544727],[-80.295128,36.544067],[-80.272119,36.54401],[-80.260849,36.543993],[-80.254718,36.543974],[-80.24373,36.543938],[-80.225339,36.543747],[-80.193226,36.543405],[-80.183822,36.543301],[-80.172967,36.543182],[-80.169814,36.543164],[-80.158604,36.543033],[-80.150229,36.542938],[-80.125703,36.542686],[-80.122173,36.54265],[-80.117069,36.542632],[-80.11334,36.542606],[-80.096736,36.542602],[-80.091157,36.542591],[-80.053459,36.542523],[-80.03765,36.542494],[-80.036041,36.542483],[-80.003338,36.54241],[-80.000493,36.542402],[-79.99223,36.542426],[-79.988026,36.542441],[-79.982822,36.542459],[-79.933269,36.542664],[-79.93084,36.542668],[-79.92008,36.542689],[-79.911192,36.542694],[-79.910928,36.542694],[-79.910606,36.542696],[-79.891668,36.542671],[-79.868158,36.542627],[-79.845543,36.542538],[-79.841428,36.542524],[-79.830592,36.542479],[-79.807716,36.542375],[-79.804568,36.542364],[-79.777038,36.54225],[-79.775078,36.542242],[-79.771486,36.542228],[-79.75882,36.542175],[-79.758648,36.542174],[-79.7583,36.542173],[-79.758229,36.542172],[-79.736235,36.542052],[-79.731892,36.542027],[-79.714849,36.541965],[-79.712353,36.552557],[-79.711641,36.555574],[-79.711004,36.558286],[-79.707891,36.571494],[-79.707623,36.572633],[-79.706393,36.57784],[-79.704003,36.587994],[-79.704024,36.588026],[-79.70038,36.603376],[-79.695811,36.622778],[-79.695414,36.624459],[-79.691574,36.64088],[-79.690513,36.645404],[-79.689447,36.649864],[-79.689394,36.650086],[-79.687665,36.657377],[-79.686041,36.664155],[-79.684146,36.672053],[-79.683934,36.672932],[-79.680963,36.685306],[-79.680938,36.685409],[-79.68093,36.685443],[-79.680921,36.685479],[-79.680893,36.685595],[-79.67923,36.692522],[-79.677028,36.701729],[-79.675445,36.708493],[-79.672297,36.721956],[-79.671591,36.724972],[-79.670073,36.731459],[-79.669223,36.735087],[-79.668692,36.737365],[-79.667274,36.743455],[-79.665439,36.751263],[-79.663692,36.758688],[-79.663102,36.761201],[-79.661674,36.767276],[-79.658524,36.780656],[-79.657857,36.7835],[-79.656768,36.788123],[-79.656206,36.790512],[-79.654771,36.796599],[-79.653923,36.800196],[-79.651977,36.808437],[-79.650339,36.815402],[-79.649596,36.81854],[-79.648941,36.821321],[-79.648347,36.823844],[-79.640652,36.856139],[-79.639007,36.862969],[-79.63825,36.866109],[-79.636912,36.871667],[-79.634698,36.880733],[-79.633407,36.88615],[-79.628771,36.90525],[-79.627623,36.910136],[-79.625459,36.91952],[-79.625429,36.919653],[-79.623922,36.926088],[-79.621887,36.934674],[-79.621868,36.934753],[-79.621847,36.934841],[-79.620216,36.941722],[-79.615606,36.961166],[-79.614743,36.964802],[-79.61232,36.975016],[-79.611858,36.976931],[-79.608327,36.991546],[-79.606235,37.000144],[-79.60461,37.005785],[-79.603425,37.009947],[-79.603383,37.010104],[-79.603255,37.010569],[-79.602216,37.014226],[-79.602051,37.014807],[-79.602021,37.014912],[-79.601892,37.015361],[-79.600085,37.02172],[-79.599964,37.022147],[-79.598797,37.026247],[-79.598477,37.027372],[-79.598263,37.028138],[-79.597968,37.029172],[-79.597792,37.029789],[-79.597529,37.030717],[-79.597283,37.031587],[-79.596313,37.035002],[-79.59593,37.036349],[-79.594157,37.041928],[-79.594069,37.042206],[-79.591493,37.04139],[-79.587882,37.039647],[-79.579312,37.036599],[-79.576368,37.035936],[-79.571695,37.036288],[-79.56696,37.035046],[-79.564311,37.034702],[-79.562621,37.035017],[-79.560905,37.036185],[-79.560603,37.038291],[-79.561822,37.040155],[-79.562152,37.041581],[-79.561942,37.042249],[-79.559479,37.0439],[-79.555325,37.043345],[-79.552536,37.042365],[-79.549264,37.041986],[-79.547556,37.042301],[-79.54401,37.043785],[-79.542296,37.045872],[-79.542851,37.047606],[-79.544879,37.049455],[-79.54689,37.049975],[-79.550865,37.050549],[-79.551662,37.051645],[-79.550728,37.05287],[-79.548938,37.053218],[-79.546619,37.052805],[-79.542554,37.051628],[-79.539511,37.050377],[-79.538001,37.049127],[-79.537743,37.047849],[-79.538561,37.044611],[-79.537993,37.04336],[-79.535361,37.040946],[-79.53298,37.039356],[-79.527274,37.03622],[-79.523044,37.035078],[-79.518061,37.034675],[-79.51176,37.032438],[-79.509813,37.031353],[-79.504952,37.027387],[-79.500444,37.025029],[-79.499751,37.024917],[-79.497072,37.023492],[-79.495178,37.021965],[-79.492547,37.018619],[-79.4887,37.014443],[-79.48756,37.012872],[-79.484379,37.007515],[-79.483143,37.006451],[-79.481731,37.005927],[-79.479063,37.0064],[-79.475454,37.010771],[-79.471754,37.014015],[-79.468614,37.015244],[-79.463119,37.014779],[-79.461024,37.015152],[-79.459667,37.016078],[-79.458741,37.018027],[-79.459491,37.020259],[-79.461195,37.021657],[-79.464841,37.023915],[-79.470418,37.027087],[-79.474497,37.030242],[-79.481217,37.033713],[-79.483272,37.03529],[-79.484049,37.036955],[-79.483674,37.038218],[-79.481413,37.040879],[-79.480183,37.043506],[-79.480501,37.045395],[-79.481705,37.047611],[-79.487418,37.052758],[-79.490009,37.055693],[-79.491249,37.058329],[-79.491388,37.059538],[-79.490655,37.061266],[-79.488756,37.063011],[-79.486089,37.064065],[-79.481465,37.064664],[-79.477847,37.064244],[-79.473819,37.062985],[-79.468624,37.061184],[-79.459426,37.058736],[-79.454575,37.056188],[-79.451201,37.05556],[-79.444682,37.055572],[-79.442859,37.055867],[-79.440963,37.058935],[-79.440548,37.059593],[-79.438503,37.062836],[-79.437955,37.063678],[-79.433348,37.071133],[-79.432205,37.072989],[-79.430201,37.076228],[-79.428913,37.078293],[-79.427741,37.080195],[-79.423849,37.086508],[-79.422448,37.088784],[-79.412548,37.104855],[-79.401682,37.122502],[-79.399507,37.126164],[-79.39946,37.126242],[-79.399407,37.126326],[-79.398769,37.127342],[-79.390532,37.140368],[-79.386409,37.146991],[-79.381894,37.154567],[-79.377344,37.161726],[-79.36759,37.177396],[-79.357118,37.194837],[-79.350182,37.206178],[-79.345504,37.213803],[-79.344031,37.216263],[-79.338712,37.225475],[-79.330529,37.238334],[-79.330477,37.238418],[-79.331286,37.239174],[-79.33288,37.240281],[-79.334513,37.241237],[-79.336481,37.241965],[-79.337786,37.242536],[-79.338527,37.242747],[-79.339864,37.243088],[-79.342188,37.243968],[-79.343075,37.244236],[-79.345795,37.244711],[-79.347109,37.244709],[-79.348162,37.245001],[-79.349011,37.245565],[-79.349154,37.245537],[-79.349627,37.245807],[-79.350314,37.245883],[-79.351413,37.245801],[-79.352348,37.245938],[-79.354238,37.246574],[-79.354925,37.246678],[-79.356492,37.24659],[-79.35801,37.246079],[-79.35911,37.245952],[-79.359577,37.246056],[-79.360814,37.246512],[-79.362938,37.247329],[-79.36366,37.247725],[-79.366155,37.249284],[-79.367049,37.249987],[-79.368758,37.250916],[-79.36972,37.251257],[-79.372209,37.252332],[-79.373673,37.252903],[-79.376024,37.25423],[-79.376952,37.25501],[-79.37838,37.255835],[-79.380249,37.257237],[-79.383189,37.259425],[-79.38492,37.259914],[-79.385161,37.260112],[-79.386322,37.260574],[-79.387751,37.261377],[-79.389634,37.262366],[-79.391234,37.263834],[-79.393653,37.265708],[-79.396724,37.267808],[-79.397734,37.268786],[-79.397622,37.268802],[-79.398572,37.270451],[-79.399337,37.271038],[-79.40032,37.271396],[-79.401403,37.271988],[-79.402097,37.272444],[-79.40288,37.273078],[-79.404157,37.273927],[-79.405065,37.274915],[-79.405109,37.275233],[-79.406121,37.276527],[-79.406966,37.277055],[-79.40741,37.277455],[-79.407783,37.277982],[-79.407974,37.278817],[-79.407828,37.280619],[-79.407781,37.281196],[-79.407461,37.282337],[-79.407356,37.28245],[-79.407104,37.282529],[-79.406658,37.282577],[-79.405785,37.282393],[-79.405513,37.282266],[-79.405079,37.281904],[-79.404881,37.28182],[-79.404215,37.281921],[-79.403947,37.282053],[-79.403815,37.282315],[-79.403886,37.282519],[-79.404754,37.283584],[-79.404969,37.284049],[-79.404869,37.284715],[-79.40471,37.285194],[-79.404505,37.285509],[-79.404359,37.285593],[-79.404143,37.285646],[-79.403737,37.285624],[-79.401981,37.285251],[-79.401451,37.285197],[-79.400512,37.285213],[-79.400043,37.285328],[-79.399865,37.285438],[-79.399731,37.285621],[-79.399776,37.285807],[-79.400019,37.286062],[-79.400197,37.286572],[-79.400755,37.28711],[-79.400873,37.287388],[-79.401103,37.287821],[-79.401095,37.288099],[-79.400971,37.288363],[-79.400736,37.288621],[-79.400442,37.288784],[-79.399915,37.288874],[-79.399395,37.288759],[-79.398496,37.288168],[-79.397622,37.287447],[-79.397146,37.287121],[-79.396375,37.286748],[-79.395762,37.286649],[-79.395174,37.286637],[-79.394683,37.286699],[-79.394093,37.286877],[-79.393541,37.287121],[-79.392495,37.287854],[-79.392247,37.288103],[-79.39207,37.288426],[-79.392034,37.288845],[-79.392348,37.289139],[-79.393038,37.289594],[-79.394858,37.290593],[-79.395601,37.29085],[-79.396853,37.291153],[-79.397337,37.291243],[-79.398001,37.29126],[-79.398263,37.291311],[-79.3985,37.291416],[-79.399534,37.292259],[-79.399788,37.292595],[-79.399973,37.293026],[-79.400022,37.293303],[-79.400011,37.29394],[-79.399969,37.294399],[-79.399735,37.295587],[-79.399529,37.296277],[-79.399357,37.296644],[-79.39895,37.297157],[-79.398333,37.297724],[-79.398263,37.298033],[-79.398551,37.29834],[-79.399271,37.298632],[-79.399563,37.2988],[-79.40003,37.299184],[-79.400455,37.299638],[-79.400664,37.299992],[-79.400738,37.300233],[-79.400807,37.30108],[-79.400902,37.301241],[-79.401221,37.301536],[-79.401277,37.30167],[-79.401273,37.301918],[-79.40112,37.302249],[-79.400743,37.302554],[-79.399754,37.302993],[-79.397949,37.303687],[-79.396216,37.304459],[-79.396039,37.304569],[-79.395942,37.304717],[-79.395931,37.304894],[-79.396011,37.305133],[-79.396517,37.3058],[-79.397363,37.306536],[-79.398681,37.307444],[-79.398787,37.307558],[-79.398838,37.307763],[-79.398735,37.30792],[-79.398506,37.308026],[-79.396074,37.308367],[-79.39535,37.30838],[-79.395049,37.308304],[-79.394584,37.308086],[-79.394409,37.30806],[-79.39424,37.308102],[-79.394087,37.308272],[-79.394011,37.308451],[-79.393938,37.308659],[-79.393726,37.30993],[-79.393844,37.310462],[-79.393603,37.310555],[-79.393349,37.310532],[-79.392841,37.310301],[-79.392436,37.310276],[-79.392294,37.310188],[-79.392192,37.30996],[-79.3924,37.30935],[-79.392312,37.309203],[-79.392047,37.309199],[-79.39163,37.309321],[-79.39148,37.309448],[-79.391407,37.309723],[-79.391399,37.310059],[-79.391494,37.310331],[-79.391657,37.310543],[-79.392098,37.310943],[-79.392567,37.311435],[-79.39359,37.31274],[-79.394445,37.313649],[-79.394719,37.31387],[-79.395463,37.314301],[-79.395882,37.31465],[-79.3964,37.315217],[-79.397026,37.316017],[-79.397469,37.316363],[-79.39827,37.317282],[-79.399167,37.318107],[-79.399472,37.318497],[-79.399594,37.3188],[-79.399539,37.319329],[-79.399461,37.319528],[-79.399209,37.319723],[-79.399031,37.319746],[-79.39857,37.319614],[-79.398071,37.319312],[-79.39763,37.31891],[-79.396826,37.318295],[-79.39655,37.318021],[-79.396345,37.317454],[-79.396019,37.316913],[-79.396027,37.316457],[-79.395918,37.316267],[-79.395515,37.31612],[-79.394379,37.315905],[-79.393763,37.315985],[-79.393607,37.31605],[-79.393541,37.316142],[-79.393572,37.316346],[-79.393723,37.316584],[-79.394386,37.317196],[-79.394852,37.317485],[-79.39514,37.317838],[-79.39533,37.318213],[-79.395898,37.318528],[-79.396773,37.319371],[-79.39736,37.320141],[-79.397488,37.320721],[-79.397878,37.321393],[-79.398061,37.321549],[-79.39891,37.322057],[-79.399088,37.322218],[-79.399168,37.322383],[-79.399156,37.322593],[-79.399043,37.322858],[-79.398425,37.323588],[-79.398202,37.323932],[-79.397844,37.324912],[-79.397595,37.324995],[-79.396198,37.3259],[-79.395599,37.326193],[-79.394614,37.328236],[-79.39482,37.329769],[-79.39398,37.33023],[-79.392728,37.329488],[-79.391441,37.330586],[-79.390244,37.330657],[-79.389363,37.331558],[-79.388784,37.333606],[-79.389704,37.335903],[-79.388576,37.33621],[-79.387208,37.334122],[-79.384821,37.333473],[-79.3848,37.334473],[-79.381916,37.335911],[-79.381077,37.335701],[-79.379426,37.335321],[-79.377494,37.33381],[-79.377096,37.33276],[-79.376188,37.332645],[-79.376104,37.33415],[-79.374381,37.337069],[-79.373432,37.336932],[-79.373424,37.335361],[-79.372384,37.334251],[-79.370966,37.33367],[-79.370203,37.33411],[-79.370809,37.335301],[-79.371114,37.33829],[-79.370007,37.338554],[-79.368898,37.336434],[-79.367528,37.335089],[-79.365657,37.335639],[-79.367681,37.337671],[-79.365183,37.337864],[-79.364716,37.338435],[-79.366444,37.340215],[-79.366638,37.342599],[-79.36487,37.342858],[-79.361595,37.342392],[-79.360521,37.340893],[-79.358529,37.340945],[-79.357102,37.342734],[-79.356132,37.342158],[-79.355374,37.341158],[-79.353612,37.340489],[-79.351246,37.342253],[-79.349767,37.342572],[-79.350181,37.344852],[-79.34769,37.344336],[-79.3467,37.345028],[-79.347574,37.345632],[-79.346955,37.346676],[-79.34721,37.347594],[-79.344077,37.347428],[-79.342964,37.347441],[-79.3441,37.348243],[-79.344128,37.350105],[-79.345444,37.352351],[-79.344315,37.35239],[-79.342732,37.35127],[-79.340316,37.350293],[-79.33788,37.349722],[-79.335183,37.352084],[-79.334757,37.352919],[-79.331839,37.352684],[-79.330525,37.354057],[-79.332184,37.355507],[-79.331627,37.356589],[-79.330471,37.356463],[-79.328771,37.355041],[-79.32641,37.355574],[-79.328613,37.357029],[-79.326535,37.358656],[-79.326432,37.360315],[-79.328283,37.362671],[-79.32785,37.363567],[-79.323486,37.362347],[-79.322647,37.363012],[-79.322852,37.364118],[-79.321966,37.366039],[-79.320789,37.36681],[-79.320183,37.369385],[-79.321395,37.370719],[-79.319374,37.372302],[-79.319131,37.373538],[-79.317843,37.374658],[-79.318811,37.375659],[-79.320201,37.375143],[-79.321106,37.374894],[-79.322411,37.375566],[-79.322673,37.376401],[-79.321916,37.377598],[-79.324518,37.379812],[-79.328738,37.378097],[-79.329736,37.377444],[-79.330844,37.378361],[-79.330039,37.378949],[-79.331251,37.380421],[-79.332345,37.380547],[-79.334266,37.379882],[-79.334575,37.378827],[-79.335085,37.379766],[-79.336537,37.379436],[-79.335973,37.380607],[-79.336937,37.381222],[-79.336655,37.382139],[-79.337344,37.383062],[-79.337647,37.384737],[-79.339168,37.383292],[-79.339368,37.384177],[-79.340573,37.385231],[-79.341964,37.385297],[-79.342336,37.386016],[-79.343789,37.385834],[-79.344429,37.38512],[-79.347306,37.384356],[-79.348682,37.385387],[-79.349118,37.386256],[-79.348498,37.387305],[-79.349256,37.388728],[-79.348197,37.391079],[-79.349052,37.392881],[-79.351049,37.392842],[-79.351786,37.393759],[-79.354251,37.393544],[-79.354699,37.394741],[-79.356234,37.39451],[-79.357171,37.395878],[-79.357455,37.398025],[-79.358288,37.398514],[-79.35696,37.399284],[-79.356995,37.400745],[-79.358078,37.4037],[-79.35792,37.404705],[-79.359181,37.405117],[-79.360056,37.4069],[-79.357578,37.408672],[-79.356815,37.4106],[-79.355844,37.410957],[-79.353902,37.410766],[-79.3524,37.409574],[-79.351182,37.410723],[-79.351348,37.412168],[-79.352348,37.414848],[-79.351719,37.41707],[-79.352248,37.416994],[-79.352823,37.417409],[-79.355259,37.417135],[-79.357725,37.416703],[-79.360517,37.417395],[-79.362758,37.416796],[-79.367422,37.424124],[-79.369087,37.426607],[-79.370911,37.430786],[-79.371535,37.436054],[-79.37266,37.44063],[-79.374743,37.444792],[-79.377129,37.447046],[-79.378215,37.449681],[-79.377613,37.45056],[-79.380043,37.449409],[-79.381397,37.449177],[-79.382734,37.449785],[-79.38478,37.447875],[-79.386434,37.448312],[-79.388136,37.447865],[-79.391508,37.448202],[-79.391147,37.450493],[-79.394299,37.451993],[-79.393429,37.452505],[-79.394142,37.453187],[-79.399104,37.45381],[-79.400116,37.456241],[-79.399543,37.458463],[-79.39848,37.460097],[-79.394867,37.461205],[-79.393464,37.461974],[-79.39283,37.462916],[-79.392865,37.46617],[-79.39322,37.467305],[-79.393037,37.470095],[-79.390759,37.46968],[-79.389513,37.470378],[-79.387954,37.468611],[-79.38633,37.470577],[-79.385981,37.472231],[-79.385055,37.473042],[-79.383418,37.472731],[-79.382955,37.474262],[-79.381876,37.473948],[-79.381091,37.474967],[-79.378981,37.474956],[-79.378403,37.476142],[-79.376907,37.47566],[-79.376661,37.476537],[-79.375287,37.477094],[-79.374484,37.480118],[-79.373562,37.480542],[-79.370337,37.479425],[-79.369862,37.480588],[-79.368896,37.481138],[-79.365856,37.48177],[-79.364768,37.482828],[-79.358849,37.483484],[-79.357983,37.484055],[-79.356028,37.48413],[-79.355847,37.482479],[-79.354519,37.482345],[-79.351237,37.480151],[-79.350937,37.478482],[-79.349436,37.478316],[-79.348256,37.479286],[-79.3477,37.480527],[-79.34604,37.48025],[-79.344044,37.480965],[-79.343293,37.48054],[-79.343472,37.479396],[-79.341477,37.479328],[-79.34065,37.478473],[-79.339116,37.478097],[-79.339249,37.476207],[-79.337892,37.475958],[-79.338504,37.474652],[-79.336416,37.475125],[-79.335789,37.476032],[-79.332833,37.478004],[-79.331323,37.478444],[-79.328518,37.479894],[-79.327402,37.482163],[-79.326424,37.483014],[-79.323801,37.484143],[-79.322509,37.48518],[-79.32183,37.484148],[-79.319256,37.485306],[-79.31419,37.487042],[-79.311661,37.489043],[-79.309751,37.491426],[-79.307643,37.492471],[-79.306323,37.492375],[-79.305263,37.493545],[-79.307108,37.495858],[-79.306648,37.4987],[-79.305209,37.499627],[-79.303173,37.499012],[-79.301574,37.499073],[-79.30083,37.500226],[-79.296965,37.498586],[-79.296384,37.497295],[-79.296366,37.497125],[-79.295385,37.498523],[-79.297972,37.499426],[-79.300862,37.501457],[-79.304123,37.504676],[-79.305842,37.505825],[-79.305682,37.505998],[-79.307544,37.506931],[-79.311482,37.508184],[-79.313633,37.509458],[-79.316515,37.51026],[-79.327445,37.511589],[-79.333783,37.513571],[-79.338011,37.515322],[-79.341778,37.517332],[-79.345738,37.520726],[-79.345314,37.521041],[-79.347687,37.523283],[-79.348866,37.524624],[-79.349886,37.525893],[-79.350506,37.526876],[-79.351188,37.527771],[-79.35205,37.529287],[-79.35287,37.531847],[-79.35329,37.532539],[-79.356634,37.536494],[-79.358219,37.538186],[-79.358815,37.53876],[-79.360508,37.540394],[-79.362281,37.542349],[-79.365046,37.546249],[-79.36619,37.548237],[-79.367025,37.549979],[-79.367342,37.551148],[-79.367348,37.551829],[-79.367193,37.55318],[-79.36731,37.555335],[-79.367305,37.555593],[-79.366961,37.556772],[-79.367051,37.557772],[-79.367637,37.559573],[-79.368975,37.561924],[-79.369637,37.562583],[-79.370051,37.56366],[-79.370189,37.564258],[-79.369526,37.565768],[-79.369533,37.567218],[-79.369712,37.567938],[-79.370174,37.568817],[-79.370878,37.569717],[-79.372306,37.57125],[-79.372751,37.572419],[-79.372766,37.572994],[-79.373044,37.573573],[-79.374755,37.575007],[-79.375683,37.576042],[-79.376268,37.57701],[-79.377073,37.578175],[-79.379258,37.580117],[-79.379974,37.580854],[-79.380463,37.581492],[-79.380669,37.582228],[-79.380736,37.582932],[-79.380178,37.589682],[-79.381133,37.591301],[-79.381271,37.591432],[-79.384118,37.594329],[-79.385318,37.594995],[-79.38934,37.595359],[-79.391109,37.595579],[-79.392517,37.595894],[-79.394042,37.596593],[-79.395379,37.597517],[-79.396862,37.598826],[-79.397674,37.600173],[-79.398134,37.601514],[-79.398754,37.602745],[-79.399711,37.604246],[-79.4004,37.60506],[-79.403739,37.606986],[-79.404525,37.607514],[-79.405705,37.607735],[-79.406955,37.607786],[-79.408543,37.607771],[-79.409814,37.607426],[-79.410664,37.607079],[-79.411281,37.607059],[-79.411555,37.607255],[-79.412867,37.607281],[-79.414649,37.606931],[-79.41639,37.606306],[-79.41733,37.605373],[-79.418208,37.605055],[-79.419804,37.603887],[-79.422652,37.601631],[-79.423302,37.601297],[-79.424213,37.601078],[-79.425111,37.60104],[-79.425829,37.601261],[-79.428679,37.60152],[-79.428984,37.601844],[-79.429491,37.602101],[-79.429932,37.602091],[-79.430399,37.601764],[-79.431138,37.60182],[-79.43229,37.602535],[-79.434284,37.6033],[-79.43514,37.604031],[-79.435919,37.604878],[-79.436111,37.605526],[-79.435973,37.606196],[-79.435668,37.606894],[-79.435197,37.608335],[-79.434856,37.610442],[-79.434681,37.611936],[-79.43517,37.613398],[-79.436462,37.615894],[-79.436947,37.617057],[-79.437852,37.617187],[-79.445277,37.618248],[-79.445809,37.616583],[-79.448316,37.613637],[-79.449812,37.61263],[-79.450591,37.611398],[-79.453706,37.609552],[-79.455837,37.608566],[-79.457967,37.605835],[-79.457259,37.605273],[-79.457385,37.603809],[-79.456013,37.602083],[-79.457408,37.600163],[-79.457504,37.599323],[-79.455818,37.596189],[-79.454335,37.594125],[-79.452045,37.591552],[-79.450975,37.590773],[-79.450275,37.588922],[-79.452148,37.58719],[-79.451797,37.586745],[-79.449066,37.586082],[-79.448864,37.583746],[-79.446348,37.583728],[-79.44822,37.582472],[-79.449071,37.578542],[-79.446226,37.576255],[-79.443954,37.576685],[-79.441935,37.576105],[-79.438675,37.577899],[-79.437289,37.576247],[-79.436294,37.574578],[-79.434068,37.572327],[-79.436666,37.571184],[-79.438682,37.568518],[-79.439707,37.56767],[-79.44039,37.564111],[-79.4411,37.563445],[-79.44501,37.562375],[-79.447276,37.561316],[-79.449277,37.56102],[-79.452611,37.561561],[-79.45411,37.560943],[-79.457552,37.560315],[-79.45821,37.559185],[-79.458669,37.556717],[-79.460586,37.554711],[-79.462666,37.55098],[-79.464111,37.549557],[-79.466639,37.548733],[-79.468919,37.548484],[-79.471014,37.547708],[-79.475044,37.549407],[-79.47675,37.548508],[-79.478987,37.548379],[-79.482953,37.545338],[-79.483911,37.544241],[-79.486328,37.542874],[-79.487207,37.542009],[-79.489293,37.541184],[-79.489795,37.540536],[-79.493665,37.538095],[-79.494044,37.537913],[-79.496545,37.537107],[-79.497661,37.535993],[-79.498699,37.532797],[-79.503174,37.529677],[-79.504926,37.529344],[-79.505567,37.52643],[-79.505383,37.524841],[-79.504425,37.521714],[-79.504681,37.520832],[-79.508091,37.517778],[-79.510581,37.517338],[-79.514217,37.516581],[-79.516717,37.513796],[-79.517334,37.511498],[-79.518941,37.508447],[-79.520529,37.508083],[-79.521857,37.507859],[-79.523262,37.507622],[-79.523818,37.507529],[-79.52469,37.507379],[-79.527523,37.505926],[-79.530941,37.506513],[-79.533122,37.505258],[-79.534317,37.501811],[-79.536937,37.5012],[-79.538261,37.498974],[-79.537905,37.497159],[-79.538645,37.495689],[-79.541095,37.494264],[-79.54307,37.492423],[-79.545551,37.489512],[-79.546351,37.489194],[-79.548907,37.492037],[-79.549148,37.492739],[-79.550197,37.495181],[-79.552252,37.495571],[-79.553993,37.497225],[-79.555176,37.499061],[-79.555992,37.498163],[-79.558956,37.496422],[-79.559979,37.49502],[-79.560457,37.493546],[-79.562027,37.493006],[-79.563141,37.490393],[-79.564739,37.489],[-79.567365,37.487717],[-79.568047,37.484997],[-79.569205,37.484141],[-79.569298,37.482844],[-79.573348,37.480359],[-79.575031,37.478418],[-79.578428,37.473548],[-79.580079,37.473291],[-79.581111,37.472396],[-79.580483,37.468634],[-79.580454,37.468117],[-79.582648,37.465445],[-79.583201,37.463466],[-79.581641,37.460822],[-79.581644,37.459428],[-79.582279,37.45844],[-79.580701,37.455603],[-79.58256,37.452831],[-79.582745,37.451878],[-79.58476,37.451067],[-79.586072,37.450977],[-79.588,37.449802],[-79.589738,37.449464],[-79.592017,37.449532],[-79.593707,37.448864],[-79.595518,37.449502],[-79.597393,37.450753],[-79.598881,37.451236],[-79.601592,37.453261],[-79.602178,37.453533],[-79.602597,37.455373],[-79.606836,37.455104],[-79.609316,37.455679],[-79.610104,37.456443],[-79.612119,37.456606],[-79.613999,37.456309],[-79.6163,37.45732],[-79.616778,37.457983],[-79.619678,37.457514],[-79.62365,37.455455],[-79.626124,37.455284],[-79.626582,37.454417],[-79.628162,37.453604],[-79.631533,37.455277],[-79.631948,37.456069],[-79.634206,37.457021],[-79.636517,37.460094],[-79.638409,37.461435],[-79.638059,37.462856],[-79.638987,37.464844],[-79.638605,37.465897],[-79.640013,37.467316],[-79.639407,37.468425],[-79.63977,37.471097],[-79.641697,37.472047],[-79.641796,37.472182],[-79.643039,37.4731],[-79.643541,37.474376],[-79.6457,37.475227],[-79.646402,37.476754],[-79.648393,37.477314],[-79.652032,37.480624],[-79.653258,37.481023],[-79.653498,37.481959],[-79.655866,37.482532],[-79.658798,37.48501],[-79.664882,37.483046],[-79.668672,37.483373],[-79.669037,37.48327],[-79.670884,37.483632],[-79.675038,37.483008],[-79.67662,37.483642],[-79.678222,37.482739],[-79.678696,37.481138],[-79.680489,37.480117],[-79.682911,37.479487],[-79.685719,37.478171],[-79.686238,37.477602],[-79.69006,37.476374],[-79.692093,37.474322],[-79.692145,37.474252],[-79.693965,37.472551],[-79.695164,37.470945],[-79.695172,37.470766],[-79.695178,37.470756],[-79.695179,37.470736],[-79.695271,37.470591],[-79.695353,37.470519],[-79.695695,37.470454],[-79.697574,37.468879],[-79.69826,37.467642],[-79.699674,37.46635],[-79.699712,37.466313],[-79.699853,37.466175],[-79.701982,37.464234],[-79.704588,37.462418],[-79.705774,37.460334],[-79.707789,37.459611],[-79.710147,37.459694],[-79.710788,37.458713],[-79.7103,37.456952],[-79.711362,37.455125],[-79.713919,37.452995],[-79.714142,37.452705],[-79.714253,37.452625],[-79.714557,37.452554],[-79.71489,37.452499],[-79.715065,37.452505],[-79.715907,37.452569],[-79.717199,37.451536],[-79.718515,37.450447],[-79.719076,37.448957],[-79.720973,37.44867],[-79.72633,37.445378],[-79.726332,37.445349],[-79.726371,37.445184],[-79.726404,37.445023],[-79.726411,37.444992],[-79.726674,37.444823],[-79.72727,37.444609],[-79.727836,37.444379],[-79.728098,37.444403],[-79.730935,37.443344],[-79.730872,37.442993],[-79.732068,37.44195],[-79.734448,37.441331],[-79.734605,37.441461],[-79.7349,37.441303],[-79.735015,37.441025],[-79.736278,37.440084],[-79.737986,37.437902],[-79.739757,37.437041],[-79.740721,37.437083],[-79.741119,37.436613],[-79.741661,37.435713],[-79.743474,37.434755],[-79.74518,37.434336],[-79.746856,37.432572],[-79.749095,37.431875],[-79.751801,37.431704],[-79.752313,37.43012],[-79.753881,37.428648],[-79.756185,37.425384],[-79.757369,37.424743],[-79.758745,37.423943],[-79.759801,37.423975],[-79.761241,37.424103],[-79.762841,37.423703],[-79.764153,37.423111],[-79.764825,37.422487],[-79.766057,37.421735],[-79.767161,37.420775],[-79.768185,37.419559],[-79.768713,37.419303],[-79.770905,37.418663],[-79.772153,37.417751],[-79.774329,37.416887],[-79.775321,37.416215],[-79.777722,37.415591],[-79.778777,37.415255],[-79.780074,37.414631],[-79.783161,37.412551],[-79.783834,37.412199],[-79.785434,37.411575],[-79.786615,37.410957],[-79.79049,37.40879],[-79.795946,37.408934],[-79.797562,37.409174],[-79.799434,37.408886],[-79.804074,37.407462],[-79.806218,37.407078],[-79.807498,37.405574],[-79.809418,37.40503],[-79.811179,37.405142],[-79.814203,37.403654],[-79.813451,37.401894],[-79.811322,37.400102],[-79.810106,37.399014],[-79.807813,37.397697],[-79.804618,37.39655],[-79.805018,37.394102],[-79.80473,37.392486],[-79.803369,37.390982],[-79.801706,37.39015],[-79.799129,37.386774],[-79.797685,37.385236],[-79.797385,37.385158],[-79.795577,37.384201],[-79.792809,37.383014],[-79.793401,37.381654],[-79.792185,37.380822],[-79.786073,37.382262],[-79.778616,37.381783],[-79.777304,37.381191],[-79.776488,37.380167],[-79.775352,37.377319],[-79.776208,37.375096],[-79.776056,37.374023],[-79.777672,37.372871],[-79.779208,37.370823],[-79.781048,37.370727],[-79.78332,37.36919],[-79.783472,37.367752],[-79.784623,37.365928],[-79.784399,37.364472],[-79.785023,37.363288],[-79.784568,37.362182],[-79.785799,37.36167],[-79.786655,37.359128],[-79.786207,37.357],[-79.786351,37.354569],[-79.787855,37.352457],[-79.788151,37.351116],[-79.788679,37.34935],[-79.791255,37.34759],[-79.795319,37.34503],[-79.797927,37.345078],[-79.801944,37.343414],[-79.804695,37.341126],[-79.805303,37.339958],[-79.807128,37.33935],[-79.810759,37.33527],[-79.812805,37.33449],[-79.813751,37.333622],[-79.820209,37.33103],[-79.821799,37.329957],[-79.824152,37.329253],[-79.830312,37.325349],[-79.832728,37.324965],[-79.835864,37.323157],[-79.8362,37.321925],[-79.837912,37.321669],[-79.840408,37.319365],[-79.841848,37.319109],[-79.844198,37.31775],[-79.844607,37.315177],[-79.845304,37.313877],[-79.844696,37.313029],[-79.845624,37.312133],[-79.847476,37.309352],[-79.843852,37.305416],[-79.843847,37.304969],[-79.840778,37.303043],[-79.839894,37.301533],[-79.839607,37.300414],[-79.840727,37.29816],[-79.844562,37.296109],[-79.846637,37.295713],[-79.846893,37.295664],[-79.850382,37.295107],[-79.85031,37.294568],[-79.850128,37.293045],[-79.850076,37.292546],[-79.849481,37.288735],[-79.849535,37.287206],[-79.850187,37.285948],[-79.850993,37.284442],[-79.85097,37.284316],[-79.850867,37.283527],[-79.850746,37.282415],[-79.846537,37.278741],[-79.84777,37.278472],[-79.849521,37.275774],[-79.850928,37.273606],[-79.85162,37.273007],[-79.856603,37.268712],[-79.858405,37.267155],[-79.857165,37.265448],[-79.857122,37.265412],[-79.852133,37.260365],[-79.852837,37.257989],[-79.848293,37.250101],[-79.846472,37.247386],[-79.846797,37.242225],[-79.846885,37.241486],[-79.846901,37.241304],[-79.84693,37.241037],[-79.846789,37.240605],[-79.845798,37.239626],[-79.845216,37.238708],[-79.844999,37.237879],[-79.844658,37.23706],[-79.843998,37.23617],[-79.843374,37.234912],[-79.843201,37.233814],[-79.842678,37.232171],[-79.842463,37.230994],[-79.842491,37.230284],[-79.842674,37.229754],[-79.843168,37.229122],[-79.843473,37.228914],[-79.844606,37.22846],[-79.845677,37.227699],[-79.846588,37.226725],[-79.847217,37.225406],[-79.847469,37.22531],[-79.851902,37.22373],[-79.851394,37.222056],[-79.851736,37.220187],[-79.852899,37.218486],[-79.852638,37.218106],[-79.850737,37.216471],[-79.852531,37.214852],[-79.854287,37.214712],[-79.855223,37.214207],[-79.855419,37.214009],[-79.855451,37.213977],[-79.855482,37.21395],[-79.855499,37.213934],[-79.855552,37.213896],[-79.855599,37.213866],[-79.855646,37.213835],[-79.855714,37.213795],[-79.855784,37.213754],[-79.855851,37.213719],[-79.855884,37.213703],[-79.855917,37.213687],[-79.855987,37.213656],[-79.856115,37.213602],[-79.856175,37.213575],[-79.856234,37.213545],[-79.856253,37.213535],[-79.856291,37.21352],[-79.856318,37.213512],[-79.856353,37.213504],[-79.856607,37.213461],[-79.856661,37.213453],[-79.856716,37.213448],[-79.856795,37.213443],[-79.856821,37.213441],[-79.856876,37.213438],[-79.856914,37.213435],[-79.85698,37.213426],[-79.857085,37.213412],[-79.857122,37.213407],[-79.857173,37.213403],[-79.858957,37.213271],[-79.85995,37.214875],[-79.860824,37.217351],[-79.861357,37.217666],[-79.862349,37.217115],[-79.862931,37.216977],[-79.864966,37.217068],[-79.86537,37.216996],[-79.866163,37.216628],[-79.867397,37.216492],[-79.868417,37.216684],[-79.869595,37.216682],[-79.870257,37.216409],[-79.870527,37.215991],[-79.872062,37.215526],[-79.872541,37.215257],[-79.873093,37.214561],[-79.874503,37.213627],[-79.874755,37.213321],[-79.875606,37.2124],[-79.876483,37.211863],[-79.877574,37.211414],[-79.878542,37.211366],[-79.879854,37.210661],[-79.881144,37.210085],[-79.882315,37.209646],[-79.882568,37.209712],[-79.883558,37.209214],[-79.883618,37.207993],[-79.884669,37.206107],[-79.884717,37.204489],[-79.883908,37.204005],[-79.883822,37.20345],[-79.885359,37.202473],[-79.88618,37.201085],[-79.887311,37.200282],[-79.88901,37.200297],[-79.889916,37.20049],[-79.891375,37.199786],[-79.893859,37.199308],[-79.894166,37.197193],[-79.893348,37.191771],[-79.893896,37.191137],[-79.892437,37.189354],[-79.892135,37.187041],[-79.894191,37.185208],[-79.894213,37.183629],[-79.895123,37.181834],[-79.896686,37.180962],[-79.897844,37.180798],[-79.900754,37.179556],[-79.904128,37.179157],[-79.90518,37.179623],[-79.907195,37.179564],[-79.90772,37.178905],[-79.910469,37.178252],[-79.911793,37.177208],[-79.911688,37.174567],[-79.912113,37.172329],[-79.911878,37.169887],[-79.912442,37.16885],[-79.913573,37.16824],[-79.913907,37.165163],[-79.915309,37.165044],[-79.918437,37.162149],[-79.920261,37.161936],[-79.920932,37.16076],[-79.922488,37.160769],[-79.922757,37.160874],[-79.925524,37.159499],[-79.929903,37.15834],[-79.932334,37.156442],[-79.933489,37.155069],[-79.937205,37.153791],[-79.938637,37.151048],[-79.940587,37.150682],[-79.94336,37.151193],[-79.944793,37.151088],[-79.946307,37.150088],[-79.947491,37.148341],[-79.947891,37.14646],[-79.948938,37.145821],[-79.950807,37.143169],[-79.952754,37.14226],[-79.952913,37.140912],[-79.953785,37.139547],[-79.95619,37.139541],[-79.958507,37.138593],[-79.960477,37.13819],[-79.96189,37.137349],[-79.96513,37.137455],[-79.966689,37.13931],[-79.968576,37.13977],[-79.972129,37.139536],[-79.972429,37.139558],[-79.972714,37.139598],[-79.97354,37.14004],[-79.973249,37.141178],[-79.974984,37.143249],[-79.979233,37.143365],[-79.980152,37.143038],[-79.983273,37.14358],[-79.984981,37.142128],[-79.987165,37.142724],[-79.989602,37.143419],[-79.991583,37.146585],[-79.992053,37.148168],[-79.991922,37.149553],[-79.990708,37.150854],[-79.991282,37.152759],[-79.993433,37.153413],[-79.995889,37.151976],[-79.997739,37.152645],[-79.999971,37.151701],[-80.001182,37.151665],[-80.002049,37.152986],[-80.003363,37.156234],[-80.004032,37.157206],[-80.005266,37.15746],[-80.005238,37.159397],[-80.003755,37.16174],[-80.003697,37.162559],[-80.00085,37.16554],[-80.001212,37.167183],[-80.005309,37.167816],[-80.003114,37.169755],[-80.002936,37.171461],[-80.002019,37.175534],[-79.999811,37.17818],[-80.001139,37.1819],[-80.001851,37.186247],[-80.002271,37.190041],[-80.001427,37.192181],[-80.000609,37.19303],[-80.000449,37.192832],[-79.999095,37.191076],[-79.996665,37.191163],[-79.996479,37.191227],[-79.991743,37.192103],[-79.989607,37.193307],[-79.987027,37.194271],[-79.984095,37.196473],[-79.980268,37.197382],[-79.977541,37.198849],[-79.976102,37.199495],[-79.971216,37.201099],[-79.97029,37.201651],[-79.967169,37.204049],[-79.96616,37.206679],[-79.964767,37.207799],[-79.963063,37.208026],[-79.959882,37.207772],[-79.956077,37.210328],[-79.955956,37.210384],[-79.957781,37.21272],[-79.958424,37.213501],[-79.958763,37.213916],[-79.958885,37.213853],[-79.960369,37.215448],[-79.963939,37.217843],[-79.966532,37.219848],[-79.967151,37.220596],[-79.967745,37.221571],[-79.968015,37.222202],[-79.968799,37.224123],[-79.96938,37.225468],[-79.97049,37.227799],[-79.971437,37.229567],[-79.973967,37.231265],[-79.974073,37.231346],[-79.975073,37.232294],[-79.976156,37.234451],[-79.976005,37.236799],[-79.977552,37.235264],[-79.978871,37.232404],[-79.979584,37.23093],[-79.981429,37.229726],[-79.981365,37.232006],[-79.981403,37.233183],[-79.982709,37.234599],[-79.982993,37.234864],[-79.985265,37.236266],[-79.982631,37.240432],[-79.983378,37.240315],[-79.984331,37.240325],[-79.984649,37.240306],[-79.98574,37.240071],[-79.986813,37.239297],[-79.987061,37.239034],[-79.987599,37.238205],[-79.988175,37.237319],[-79.991636,37.239386],[-79.990771,37.240625],[-79.990595,37.240879],[-79.990052,37.24166],[-79.994117,37.24086],[-79.994392,37.241179],[-79.994117,37.241383],[-79.994897,37.242157],[-79.994452,37.242401],[-79.995097,37.243122],[-79.997086,37.242703],[-79.996548,37.243326],[-79.99753,37.244285],[-79.998588,37.245458],[-79.997616,37.245411],[-79.99328,37.24569],[-79.994486,37.247179],[-79.995403,37.247991],[-79.996635,37.248589],[-79.99784,37.250262],[-79.996944,37.250868],[-79.997701,37.25129],[-79.998191,37.252158],[-79.998806,37.251868],[-80.000707,37.251131],[-80.002051,37.250393],[-80.003134,37.249686],[-80.003961,37.249059],[-80.003744,37.247127],[-80.004007,37.246534],[-80.006426,37.246082],[-80.00645,37.246323],[-80.007013,37.247592],[-80.007277,37.24909],[-80.008947,37.248904],[-80.014068,37.248151],[-80.015675,37.247803],[-80.018472,37.248174],[-80.021479,37.247231],[-80.023089,37.246919],[-80.025088,37.245987],[-80.026714,37.244846],[-80.028239,37.244193],[-80.02878,37.243694]]]]}},{"type":"Feature","properties":{"id":10,"NAME":"10","TotalPop":784672,"PopDevPct":-1.2e-7,"DemPct":0.52583858,"RepPct":0.44277276,"WhitePct":0.55828701,"MinorityPct":0.44171299,"BlackPct":0.09895595,"HispanicPct":0.16039184,"PacificPct":0.00206964,"AsianPct":0.16933589,"NativePct":0.01879226,"TotalVAP":574013,"Margin":0.02583858,"color":"#0000ef","opacity":"0.5"},"geometry":{"type":"MultiPolygon","coordinates":[[[[-77.473248,38.911077],[-77.473111,38.911215],[-77.469676,38.914698],[-77.469572,38.914805],[-77.469501,38.914877],[-77.467448,38.916958],[-77.465651,38.91878],[-77.464193,38.920259],[-77.464016,38.92044],[-77.461862,38.922623],[-77.46179,38.922696],[-77.461327,38.923166],[-77.461232,38.923263],[-77.458417,38.926128],[-77.454284,38.930299],[-77.448034,38.936631],[-77.433301,38.951556],[-77.432215,38.952656],[-77.432198,38.952673],[-77.429637,38.955264],[-77.42948,38.955425],[-77.429379,38.955523],[-77.429278,38.95563],[-77.428082,38.956838],[-77.422788,38.9622],[-77.422655,38.962334],[-77.422416,38.962579],[-77.422218,38.962775],[-77.421895,38.963106],[-77.421792,38.963205],[-77.418544,38.966496],[-77.414345,38.970744],[-77.413885,38.971209],[-77.413524,38.971573],[-77.413055,38.97205],[-77.408568,38.976591],[-77.40257,38.982649],[-77.400955,38.984292],[-77.396224,38.989078],[-77.394491,38.990827],[-77.394338,38.990984],[-77.391124,38.994233],[-77.385594,38.999822],[-77.380968,39.0045],[-77.380031,39.005447],[-77.378344,39.007161],[-77.375944,39.009585],[-77.375698,39.009835],[-77.373499,39.012056],[-77.372928,39.012628],[-77.371316,39.014265],[-77.371103,39.01448],[-77.37041,39.015177],[-77.366058,39.019579],[-77.365365,39.020279],[-77.362656,39.023023],[-77.362502,39.023177],[-77.358725,39.026992],[-77.353351,39.032401],[-77.3517,39.034065],[-77.350479,39.035301],[-77.348959,39.036815],[-77.34062,39.045263],[-77.337245,39.048672],[-77.33564,39.050292],[-77.334249,39.051695],[-77.328318,39.057678],[-77.333791,39.059612],[-77.333956,39.059874],[-77.333951,39.060018],[-77.33388,39.060142],[-77.33388,39.060616],[-77.333906,39.060964],[-77.334063,39.061206],[-77.334191,39.061303],[-77.33465,39.061445],[-77.334902,39.061545],[-77.335664,39.061797],[-77.336272,39.061963],[-77.337137,39.062265],[-77.33786,39.062332],[-77.338366,39.062507],[-77.338626,39.06253],[-77.339457,39.062761],[-77.339724,39.062796],[-77.340144,39.062909],[-77.340777,39.06295],[-77.341726,39.062962],[-77.342108,39.062926],[-77.342642,39.062967],[-77.342809,39.063017],[-77.343151,39.063028],[-77.343349,39.063004],[-77.343594,39.062916],[-77.34441,39.06286],[-77.344799,39.062812],[-77.345431,39.062796],[-77.345796,39.062754],[-77.346321,39.062717],[-77.347136,39.062621],[-77.348624,39.062501],[-77.349033,39.06248],[-77.349842,39.062395],[-77.351231,39.062347],[-77.351709,39.06231],[-77.352412,39.062318],[-77.353064,39.062384],[-77.354716,39.062459],[-77.356119,39.062539],[-77.357245,39.062624],[-77.357613,39.062624],[-77.358153,39.062648],[-77.358822,39.062645],[-77.359299,39.062602],[-77.360811,39.06257],[-77.36134,39.062536],[-77.361917,39.06252],[-77.362289,39.06256],[-77.363026,39.06248],[-77.36349,39.062371],[-77.364136,39.062286],[-77.364907,39.062262],[-77.365098,39.06222],[-77.365531,39.06223],[-77.365685,39.062212],[-77.3659,39.062097],[-77.366347,39.062025],[-77.366726,39.062002],[-77.367245,39.061898],[-77.367555,39.061932],[-77.3679,39.061869],[-77.367952,39.06176],[-77.367949,39.061715],[-77.368153,39.06159],[-77.368159,39.061633],[-77.368267,39.061568],[-77.372467,39.061839],[-77.374178,39.061738],[-77.378433,39.062445],[-77.380763,39.062617],[-77.384367,39.062116],[-77.386818,39.062241],[-77.392545,39.063262],[-77.396903,39.064391],[-77.398968,39.064697],[-77.401645,39.064402],[-77.401903,39.064442],[-77.407422,39.06479],[-77.416125,39.066454],[-77.420734,39.066329],[-77.423227,39.067012],[-77.427661,39.067905],[-77.43076,39.069266],[-77.43734,39.070649],[-77.441698,39.071313],[-77.443625,39.07122],[-77.443736,39.071255],[-77.444029,39.071257],[-77.444551,39.071292],[-77.445118,39.07122],[-77.445418,39.071234],[-77.445944,39.071358],[-77.446043,39.071457],[-77.446336,39.071579],[-77.44694,39.071696],[-77.447582,39.071869],[-77.448261,39.072004],[-77.448852,39.072161],[-77.449616,39.072302],[-77.449869,39.072273],[-77.450261,39.072315],[-77.451862,39.072326],[-77.452544,39.072398],[-77.454729,39.072807],[-77.455592,39.073033],[-77.456162,39.073158],[-77.456971,39.073399],[-77.457007,39.073412],[-77.4572,39.073485],[-77.457354,39.073538],[-77.457508,39.073591],[-77.457718,39.073663],[-77.459015,39.074181],[-77.459544,39.074397],[-77.460005,39.07458],[-77.460282,39.074713],[-77.460602,39.074843],[-77.460726,39.074915],[-77.460971,39.075056],[-77.460982,39.075064],[-77.461473,39.075426],[-77.461988,39.075843],[-77.462223,39.076061],[-77.4625,39.076404],[-77.462607,39.076591],[-77.462616,39.076608],[-77.462879,39.077222],[-77.462964,39.077469],[-77.463063,39.077754],[-77.463159,39.078044],[-77.463271,39.078211],[-77.46338,39.078397],[-77.463473,39.078565],[-77.463838,39.079041],[-77.463882,39.079187],[-77.464043,39.079426],[-77.464105,39.07945],[-77.464899,39.080721],[-77.468747,39.085248],[-77.469097,39.086641],[-77.468302,39.088336],[-77.468909,39.089679],[-77.470128,39.090508],[-77.472831,39.093182],[-77.474356,39.095601],[-77.476196,39.099565],[-77.476799,39.100294],[-77.477167,39.100987],[-77.47895,39.10341],[-77.481015,39.105689],[-77.485401,39.10931],[-77.488205,39.110618],[-77.489835,39.111374],[-77.497644,39.113761],[-77.498776,39.113701],[-77.502081,39.114637],[-77.506935,39.11599],[-77.510305,39.117337],[-77.512207,39.118044],[-77.514285,39.1182],[-77.518447,39.119782],[-77.520202,39.120965],[-77.521354,39.122252],[-77.523781,39.126184],[-77.524664,39.12772],[-77.525503,39.13124],[-77.526946,39.135605],[-77.527222,39.138296],[-77.527221,39.140544],[-77.527656,39.144632],[-77.527637,39.144732],[-77.527322,39.146961],[-77.525107,39.148449],[-77.524403,39.150028],[-77.521767,39.159435],[-77.521298,39.161873],[-77.52029,39.164011],[-77.520206,39.164205],[-77.517622,39.169417],[-77.513644,39.175222],[-77.510789,39.178777],[-77.507384,39.181442],[-77.503558,39.182599],[-77.500821,39.182984],[-77.489737,39.185554],[-77.486329,39.185913],[-77.481202,39.187909],[-77.480976,39.188431],[-77.478672,39.189671],[-77.476711,39.191747],[-77.47532,39.194926],[-77.474927,39.197391],[-77.475495,39.198793],[-77.475995,39.201827],[-77.475599,39.203353],[-77.474471,39.205557],[-77.474759,39.206545],[-77.474601,39.206628],[-77.472866,39.20948],[-77.470134,39.211983],[-77.466724,39.214444],[-77.461605,39.217577],[-77.459859,39.218887],[-77.458499,39.220817],[-77.457886,39.222432],[-77.45771,39.224979],[-77.458748,39.226845],[-77.460726,39.228799],[-77.468005,39.232618],[-77.470512,39.234056],[-77.471105,39.234303],[-77.474891,39.237332],[-77.476847,39.238501],[-77.478677,39.240032],[-77.481135,39.241853],[-77.482449,39.243813],[-77.484731,39.246052],[-77.486646,39.247281],[-77.488928,39.248199],[-77.489521,39.248581],[-77.490538,39.249112],[-77.496236,39.251054],[-77.498573,39.25161],[-77.504211,39.252311],[-77.50557,39.252254],[-77.510668,39.253256],[-77.515403,39.25578],[-77.519289,39.257238],[-77.520624,39.258413],[-77.524706,39.259843],[-77.528694,39.260499],[-77.530971,39.261102],[-77.533912,39.262411],[-77.53579,39.263032],[-77.538678,39.264707],[-77.54084,39.265269],[-77.543502,39.267292],[-77.544099,39.269435],[-77.546471,39.272228],[-77.54941,39.274846],[-77.550832,39.275688],[-77.55107,39.276254],[-77.551981,39.277385],[-77.553676,39.280761],[-77.554439,39.281629],[-77.557215,39.282732],[-77.560549,39.285741],[-77.561587,39.288002],[-77.562011,39.290846],[-77.561694,39.292866],[-77.562336,39.293589],[-77.56247,39.293698],[-77.562803,39.295458],[-77.562092,39.299274],[-77.561708,39.300305],[-77.562612,39.303039],[-77.56433,39.304724],[-77.566598,39.306047],[-77.568753,39.306447],[-77.574208,39.305465],[-77.578646,39.305167],[-77.582002,39.30414],[-77.583104,39.303454],[-77.588777,39.301591],[-77.593267,39.301199],[-77.59573,39.301639],[-77.599192,39.301885],[-77.604015,39.30293],[-77.604183,39.302969],[-77.606958,39.303682],[-77.608731,39.302446],[-77.611296,39.303406],[-77.612815,39.302873],[-77.615641,39.302559],[-77.617952,39.303123],[-77.623345,39.305019],[-77.624821,39.305138],[-77.628537,39.30621],[-77.631381,39.307766],[-77.633483,39.307605],[-77.639686,39.308273],[-77.642223,39.308763],[-77.643781,39.308705],[-77.643798,39.308785],[-77.644084,39.30875],[-77.647917,39.310082],[-77.650899,39.310846],[-77.655519,39.31351],[-77.662889,39.315899],[-77.666535,39.317635],[-77.668512,39.319226],[-77.670393,39.321275],[-77.673354,39.322806],[-77.675467,39.32436],[-77.67871,39.324342],[-77.681722,39.323888],[-77.6865,39.320199],[-77.690062,39.319343],[-77.692005,39.318612],[-77.69674,39.318546],[-77.702888,39.320128],[-77.707674,39.321728],[-77.709675,39.32147],[-77.712213,39.32139],[-77.71244,39.321381],[-77.715546,39.321183],[-77.716882,39.320803],[-77.719708,39.321088],[-77.720783,39.318977],[-77.722388,39.318142],[-77.72499,39.317548],[-77.725906,39.317675],[-77.728975,39.316058],[-77.730697,39.315603],[-77.732167,39.314116],[-77.734219,39.313054],[-77.735518,39.311871],[-77.73693,39.309627],[-77.73841,39.308191],[-77.739938,39.305585],[-77.740622,39.304668],[-77.742149,39.301365],[-77.747587,39.294834],[-77.750267,39.289284],[-77.751839,39.284903],[-77.752726,39.283373],[-77.753357,39.280331],[-77.753242,39.27942],[-77.75329,39.27891],[-77.753252,39.278401],[-77.753176,39.278283],[-77.752985,39.277768],[-77.753105,39.27734],[-77.753186,39.277208],[-77.754049,39.27603],[-77.754765,39.275693],[-77.755196,39.275217],[-77.755833,39.274705],[-77.756025,39.274569],[-77.756888,39.274061],[-77.757201,39.27361],[-77.757657,39.272847],[-77.757967,39.272252],[-77.758043,39.271819],[-77.758024,39.271436],[-77.758046,39.271388],[-77.758196,39.270303],[-77.758901,39.268131],[-77.758563,39.267637],[-77.758555,39.26702],[-77.758106,39.26615],[-77.75838,39.265086],[-77.758652,39.264658],[-77.759589,39.263759],[-77.759946,39.263583],[-77.761093,39.263796],[-77.761217,39.263721],[-77.761768,39.263031],[-77.761826,39.262814],[-77.76217,39.262042],[-77.762367,39.261371],[-77.762456,39.261275],[-77.763115,39.26013],[-77.762928,39.258273],[-77.763731,39.257951],[-77.767624,39.257778],[-77.768754,39.256439],[-77.770102,39.256369],[-77.770669,39.255262],[-77.770666,39.250812],[-77.770937,39.249446],[-77.767276,39.249751],[-77.767227,39.249009],[-77.768231,39.246699],[-77.76805,39.245541],[-77.769928,39.242936],[-77.770467,39.239104],[-77.771365,39.236493],[-77.77368,39.234466],[-77.773693,39.233731],[-77.776675,39.231316],[-77.777416,39.229702],[-77.778893,39.229919],[-77.780627,39.228906],[-77.781639,39.227192],[-77.781255,39.2268],[-77.7847,39.222776],[-77.786493,39.221435],[-77.785927,39.219666],[-77.78831,39.216168],[-77.788841,39.214865],[-77.791971,39.212253],[-77.793113,39.210295],[-77.792632,39.208998],[-77.79618,39.203469],[-77.798157,39.200703],[-77.798643,39.197481],[-77.798247,39.196528],[-77.798549,39.194873],[-77.797837,39.194071],[-77.798164,39.192518],[-77.799143,39.19179],[-77.80021,39.188821],[-77.801115,39.187786],[-77.801407,39.185405],[-77.802649,39.183571],[-77.803458,39.180882],[-77.804905,39.179051],[-77.804091,39.178552],[-77.804971,39.17698],[-77.804508,39.176196],[-77.805875,39.173117],[-77.806049,39.171737],[-77.809038,39.169342],[-77.810172,39.167611],[-77.81144,39.167045],[-77.812613,39.164224],[-77.813626,39.164418],[-77.817234,39.157145],[-77.818573,39.155097],[-77.821625,39.151868],[-77.821793,39.149593],[-77.82314,39.1475],[-77.822462,39.147138],[-77.823346,39.145625],[-77.823281,39.144358],[-77.82207,39.14271],[-77.822101,39.140105],[-77.82359,39.13884],[-77.824692,39.136628],[-77.825655,39.135668],[-77.827189,39.135235],[-77.827908,39.133585],[-77.828299,39.132426],[-77.832515,39.127519],[-77.835841,39.125719],[-77.83896,39.121814],[-77.843797,39.119747],[-77.844769,39.117915],[-77.845329,39.11686],[-77.845747,39.116073],[-77.845843,39.115892],[-77.852548,39.103273],[-77.8531,39.102242],[-77.853741,39.101025],[-77.853746,39.101004],[-77.853766,39.10093],[-77.853781,39.100862],[-77.854067,39.099729],[-77.855169,39.095284],[-77.855786,39.092805],[-77.858268,39.088639],[-77.86074,39.084478],[-77.861969,39.08243],[-77.862825,39.080979],[-77.87045,39.080409],[-77.873832,39.080157],[-77.877596,39.078042],[-77.879778,39.075175],[-77.881756,39.072589],[-77.885815,39.067224],[-77.887892,39.064463],[-77.890828,39.059553],[-77.891145,39.059026],[-77.892683,39.056441],[-77.893279,39.055425],[-77.899086,39.052917],[-77.900366,39.051735],[-77.900755,39.051372],[-77.900765,39.051365],[-77.900992,39.051156],[-77.901027,39.051124],[-77.901175,39.050982],[-77.902021,39.050174],[-77.906806,39.045783],[-77.913766,39.041473],[-77.917642,39.03907],[-77.926815,39.035296],[-77.929927,39.030239],[-77.93081,39.0297],[-77.941227,39.023474],[-77.942554,39.023178],[-77.947884,39.022007],[-77.956414,39.020898],[-77.962041,39.013934],[-77.962203,39.013733],[-77.962273,39.013693],[-77.962501,39.013557],[-77.964944,39.009349],[-77.965505,39.008735],[-77.969001,39.006672],[-77.971718,39.005597],[-77.974282,39.003354],[-77.976685,39.002551],[-77.978138,39.002949],[-77.981295,39.002408],[-77.989536,38.997109],[-77.990723,38.99592],[-77.989892,38.993977],[-77.990185,38.993322],[-77.991859,38.992487],[-77.994433,38.990105],[-77.997301,38.986536],[-77.998119,38.985879],[-78.000336,38.984597],[-78.002048,38.98333],[-78.002091,38.982228],[-78.002655,38.98106],[-78.004313,38.979438],[-78.005778,38.978767],[-78.007226,38.97722],[-78.009672,38.975073],[-78.014485,38.971566],[-78.017029,38.971189],[-78.017462,38.96922],[-78.017149,38.966124],[-78.018163,38.964811],[-78.019227,38.964398],[-78.020063,38.96375],[-78.020639,38.961852],[-78.023313,38.95813],[-78.024037,38.956763],[-78.025439,38.956199],[-78.026704,38.955749],[-78.027096,38.953937],[-78.027381,38.952077],[-78.028987,38.950159],[-78.031088,38.95048],[-78.032437,38.950696],[-78.034637,38.949822],[-78.03497,38.949034],[-78.034993,38.948979],[-78.035013,38.948813],[-78.035088,38.948195],[-78.035712,38.947862],[-78.036064,38.947678],[-78.036926,38.947214],[-78.03777,38.945352],[-78.038443,38.943473],[-78.03907,38.943109],[-78.039045,38.941606],[-78.039556,38.93983],[-78.041576,38.938096],[-78.042624,38.938142],[-78.043746,38.937619],[-78.049456,38.936036],[-78.051485,38.935708],[-78.053181,38.933966],[-78.055709,38.932955],[-78.059086,38.932595],[-78.0615,38.93078],[-78.062156,38.930284],[-78.063973,38.928364],[-78.064646,38.927091],[-78.063793,38.923967],[-78.067225,38.920361],[-78.068504,38.919471],[-78.069668,38.917248],[-78.070894,38.917023],[-78.072903,38.914482],[-78.074867,38.912838],[-78.075279,38.911873],[-78.075334,38.911567],[-78.075715,38.909425],[-78.075835,38.908734],[-78.075268,38.907703],[-78.075302,38.907273],[-78.071787,38.905062],[-78.072139,38.903605],[-78.063875,38.901671],[-78.063935,38.901463],[-78.064195,38.900689],[-78.06176,38.90025],[-78.062309,38.896952],[-78.061922,38.896714],[-78.061804,38.891946],[-78.066222,38.891341],[-78.067054,38.890944],[-78.067748,38.891502],[-78.067376,38.892443],[-78.068685,38.893003],[-78.068358,38.892179],[-78.073169,38.891043],[-78.073674,38.886583],[-78.075785,38.886056],[-78.077539,38.887716],[-78.079565,38.886243],[-78.084505,38.886132],[-78.088462,38.885719],[-78.090792,38.886015],[-78.091981,38.885586],[-78.092988,38.884035],[-78.09416,38.880833],[-78.094917,38.879838],[-78.101787,38.879077],[-78.106036,38.879607],[-78.112247,38.88026],[-78.112546,38.879021],[-78.114209,38.876886],[-78.117126,38.876521],[-78.12386,38.873839],[-78.126365,38.872925],[-78.127961,38.871015],[-78.12898,38.871037],[-78.130059,38.870011],[-78.131267,38.867459],[-78.13059,38.865588],[-78.130574,38.864865],[-78.130009,38.863341],[-78.130337,38.861856],[-78.131175,38.861697],[-78.131833,38.861804],[-78.132988,38.861991],[-78.134899,38.861],[-78.138292,38.859633],[-78.142974,38.859098],[-78.14267,38.858007],[-78.142019,38.85565],[-78.149547,38.8544],[-78.152641,38.854384],[-78.152076,38.850774],[-78.15254,38.850336],[-78.151794,38.849063],[-78.151407,38.848359],[-78.152749,38.846846],[-78.156896,38.845003],[-78.159145,38.842525],[-78.158942,38.841114],[-78.160984,38.839257],[-78.159957,38.836495],[-78.162565,38.836419],[-78.164721,38.835665],[-78.165355,38.834669],[-78.168587,38.833693],[-78.169706,38.830494],[-78.170957,38.829279],[-78.16976,38.826864],[-78.169709,38.826674],[-78.169707,38.826382],[-78.169718,38.826102],[-78.169821,38.825783],[-78.169883,38.825465],[-78.170525,38.824521],[-78.170941,38.823847],[-78.170478,38.82066],[-78.171109,38.819009],[-78.172709,38.818809],[-78.175582,38.819134],[-78.179397,38.818548],[-78.180191,38.817751],[-78.178616,38.815832],[-78.179389,38.811309],[-78.180355,38.809336],[-78.181307,38.805542],[-78.181981,38.804266],[-78.181863,38.802784],[-78.182509,38.801474],[-78.181781,38.800273],[-78.181959,38.799262],[-78.18332,38.798575],[-78.184125,38.796046],[-78.184702,38.792836],[-78.188702,38.790537],[-78.188619,38.789888],[-78.190003,38.788366],[-78.192408,38.787943],[-78.19341,38.787281],[-78.194283,38.785362],[-78.195164,38.781506],[-78.197274,38.77961],[-78.198717,38.77909],[-78.200885,38.77666],[-78.204687,38.775319],[-78.206687,38.774204],[-78.210366,38.775041],[-78.211914,38.774928],[-78.217089,38.773627],[-78.21875,38.773031],[-78.224693,38.768142],[-78.226571,38.768098],[-78.230219,38.769194],[-78.233402,38.76794],[-78.235328,38.766933],[-78.235506,38.765845],[-78.236582,38.765293],[-78.237778,38.763812],[-78.23845,38.762084],[-78.239367,38.761899],[-78.241962,38.762362],[-78.244305,38.763272],[-78.246818,38.761498],[-78.247989,38.759763],[-78.251131,38.758422],[-78.252959,38.757042],[-78.255826,38.758491],[-78.257175,38.759526],[-78.258913,38.759415],[-78.262484,38.758635],[-78.26257,38.758607],[-78.262929,38.758534],[-78.26336,38.758462],[-78.26404,38.758514],[-78.264545,38.758581],[-78.264748,38.75861],[-78.264972,38.758641],[-78.265123,38.7587],[-78.267708,38.760666],[-78.271016,38.761862],[-78.275634,38.762165],[-78.277664,38.762113],[-78.279337,38.762215],[-78.28202,38.760959],[-78.284805,38.759315],[-78.285909,38.75745],[-78.289663,38.753241],[-78.290511,38.750876],[-78.290499,38.750824],[-78.29052,38.75051],[-78.29054,38.750373],[-78.290632,38.750325],[-78.290766,38.7503],[-78.291003,38.750352],[-78.291023,38.750356],[-78.291342,38.750613],[-78.291351,38.750622],[-78.29136,38.750631],[-78.291579,38.750853],[-78.292422,38.750939],[-78.292584,38.751021],[-78.292747,38.75097],[-78.292866,38.750933],[-78.296019,38.751134],[-78.299477,38.748369],[-78.299783,38.744491],[-78.30276,38.741469],[-78.30338,38.739259],[-78.304898,38.73817],[-78.308744,38.73809],[-78.313752,38.73719],[-78.318775,38.737866],[-78.320253,38.734942],[-78.321945,38.729292],[-78.321479,38.727197],[-78.323505,38.723527],[-78.323727,38.721259],[-78.325273,38.72009],[-78.325238,38.719237],[-78.327082,38.716821],[-78.328469,38.713828],[-78.329724,38.71148],[-78.330509,38.70764],[-78.332216,38.705638],[-78.331705,38.702642],[-78.328804,38.702679],[-78.323753,38.700822],[-78.321896,38.699918],[-78.320485,38.698611],[-78.32041,38.698574],[-78.320111,38.698426],[-78.319989,38.698352],[-78.319918,38.698239],[-78.319922,38.698054],[-78.319967,38.69778],[-78.320034,38.697619],[-78.320096,38.697475],[-78.320139,38.697342],[-78.320147,38.697317],[-78.320193,38.697178],[-78.320177,38.696912],[-78.320141,38.696645],[-78.319953,38.696152],[-78.319819,38.696002],[-78.319771,38.695948],[-78.318781,38.695544],[-78.316356,38.690557],[-78.315589,38.68756],[-78.315868,38.685823],[-78.314386,38.682509],[-78.316594,38.680514],[-78.320812,38.678157],[-78.322756,38.675742],[-78.323671,38.673878],[-78.323838,38.672092],[-78.322282,38.671957],[-78.319462,38.670835],[-78.317546,38.669499],[-78.317449,38.66723],[-78.317914,38.665397],[-78.318933,38.663236],[-78.319693,38.660693],[-78.319918,38.660102],[-78.319864,38.657783],[-78.317997,38.656448],[-78.315581,38.651564],[-78.318127,38.64885],[-78.319619,38.646427],[-78.320136,38.644529],[-78.319664,38.643214],[-78.321284,38.641587],[-78.322133,38.640214],[-78.322053,38.638581],[-78.323917,38.634509],[-78.325368,38.632213],[-78.32587,38.630718],[-78.327615,38.628777],[-78.329475,38.628001],[-78.331286,38.627979],[-78.335182,38.628751],[-78.337852,38.627459],[-78.338176,38.627312],[-78.335812,38.625151],[-78.316925,38.608454],[-78.315421,38.607052],[-78.288411,38.582965],[-78.280612,38.576091],[-78.272931,38.569332],[-78.266836,38.56396],[-78.263438,38.561943],[-78.25913,38.557966],[-78.258745,38.557586],[-78.255818,38.554724],[-78.25349,38.552377],[-78.253297,38.552182],[-78.246667,38.546017],[-78.24652,38.545871],[-78.246372,38.545719],[-78.243176,38.542807],[-78.233525,38.53409],[-78.231803,38.532539],[-78.229257,38.533198],[-78.228929,38.534082],[-78.226035,38.53382],[-78.223275,38.534479],[-78.221597,38.534353],[-78.220088,38.535765],[-78.217314,38.537],[-78.216239,38.538214],[-78.214882,38.538439],[-78.212512,38.53732],[-78.212491,38.535728],[-78.210442,38.53227],[-78.208289,38.530568],[-78.207611,38.530678],[-78.205731,38.532314],[-78.203956,38.533111],[-78.202069,38.532886],[-78.199875,38.531009],[-78.199867,38.530212],[-78.199035,38.528236],[-78.198155,38.527331],[-78.196869,38.527226],[-78.194514,38.525799],[-78.191068,38.524059],[-78.189776,38.526271],[-78.187386,38.527787],[-78.186659,38.527172],[-78.183144,38.52648],[-78.180429,38.52682],[-78.178294,38.526584],[-78.177651,38.52525],[-78.177135,38.521907],[-78.176205,38.520809],[-78.175737,38.520836],[-78.174367,38.522027],[-78.171328,38.522379],[-78.168888,38.523849],[-78.168792,38.523809],[-78.168722,38.523872],[-78.16427,38.52796],[-78.158497,38.533261],[-78.152347,38.538908],[-78.147173,38.543659],[-78.139145,38.551031],[-78.129357,38.560011],[-78.121058,38.56777],[-78.111,38.577362],[-78.110537,38.577688],[-78.108076,38.579745],[-78.10298,38.584756],[-78.098866,38.588549],[-78.095284,38.591852],[-78.095116,38.592006],[-78.09415,38.592896],[-78.093963,38.593065],[-78.092319,38.594529],[-78.092141,38.595015],[-78.09141,38.595489],[-78.091178,38.595854],[-78.090564,38.596267],[-78.090132,38.596786],[-78.089555,38.597155],[-78.089346,38.597289],[-78.089274,38.597335],[-78.089203,38.597381],[-78.089103,38.597445],[-78.074939,38.606525],[-78.072875,38.607847],[-78.071491,38.608735],[-78.068366,38.61074],[-78.065408,38.612636],[-78.05957,38.61638],[-78.054925,38.619358],[-78.047551,38.624039],[-78.047467,38.624093],[-78.047391,38.624141],[-78.04053,38.628355],[-78.035306,38.63168],[-78.025998,38.637655],[-78.015524,38.644344],[-78.012472,38.64628],[-78.005108,38.651105],[-78.000729,38.653919],[-77.999718,38.654701],[-77.990855,38.660361],[-77.97907,38.66785],[-77.977691,38.668743],[-77.972102,38.67229],[-77.971614,38.672599],[-77.971346,38.672768],[-77.969319,38.674048],[-77.968021,38.674896],[-77.964526,38.677146],[-77.945753,38.689177],[-77.944423,38.690028],[-77.935515,38.695813],[-77.935355,38.69584],[-77.935087,38.695655],[-77.934735,38.695495],[-77.934596,38.695482],[-77.934463,38.695387],[-77.934191,38.695341],[-77.93391,38.695175],[-77.933708,38.695117],[-77.933246,38.695058],[-77.932686,38.695219],[-77.932476,38.695317],[-77.932099,38.695405],[-77.931438,38.695453],[-77.931053,38.695558],[-77.930797,38.695729],[-77.930669,38.695971],[-77.930706,38.696221],[-77.930822,38.696439],[-77.931025,38.69668],[-77.931119,38.696741],[-77.931429,38.697035],[-77.931783,38.697342],[-77.931939,38.697636],[-77.9319,38.697822],[-77.931787,38.698008],[-77.931547,38.698301],[-77.931393,38.698366],[-77.930827,38.698326],[-77.930615,38.698347],[-77.930085,38.69853],[-77.929016,38.698923],[-77.927655,38.699018],[-77.926713,38.698442],[-77.924455,38.697662],[-77.922337,38.69753],[-77.921713,38.697903],[-77.921537,38.698008],[-77.920304,38.697553],[-77.918783,38.698048],[-77.916233,38.698125],[-77.914183,38.697901],[-77.913354,38.697574],[-77.912608,38.697105],[-77.912265,38.696741],[-77.911331,38.696545],[-77.910147,38.697416],[-77.909456,38.697322],[-77.909324,38.696783],[-77.909627,38.69639],[-77.909234,38.696201],[-77.908464,38.696306],[-77.907353,38.696243],[-77.906443,38.696072],[-77.906102,38.695893],[-77.905203,38.695239],[-77.904936,38.694942],[-77.9048,38.69418],[-77.904997,38.693622],[-77.90491,38.693157],[-77.904414,38.692684],[-77.90371,38.692289],[-77.902756,38.691566],[-77.902324,38.69109],[-77.902048,38.690525],[-77.902239,38.689672],[-77.902688,38.689012],[-77.903184,38.68854],[-77.903874,38.686988],[-77.904245,38.686386],[-77.903979,38.685354],[-77.903993,38.684981],[-77.904294,38.684498],[-77.904058,38.684134],[-77.903396,38.684159],[-77.902908,38.684181],[-77.902443,38.684142],[-77.902289,38.684192],[-77.90156,38.684084],[-77.901228,38.684092],[-77.900804,38.684021],[-77.899457,38.683714],[-77.899187,38.683641],[-77.899102,38.683535],[-77.898245,38.682975],[-77.896329,38.682509],[-77.89598,38.682346],[-77.895678,38.682173],[-77.894969,38.681704],[-77.894837,38.681589],[-77.894526,38.681406],[-77.894274,38.681368],[-77.892938,38.681474],[-77.892512,38.681468],[-77.892131,38.681341],[-77.891865,38.681084],[-77.891969,38.680481],[-77.892355,38.679884],[-77.892736,38.679686],[-77.893181,38.679607],[-77.894096,38.679161],[-77.896024,38.677884],[-77.89682,38.677348],[-77.898686,38.676316],[-77.899102,38.675978],[-77.899654,38.67566],[-77.900177,38.675083],[-77.900883,38.674716],[-77.90116,38.674737],[-77.901345,38.674795],[-77.901975,38.675065],[-77.902295,38.675149],[-77.902463,38.675026],[-77.90255,38.674851],[-77.902597,38.674657],[-77.902587,38.674443],[-77.902531,38.674251],[-77.902365,38.673885],[-77.902275,38.673629],[-77.902153,38.673043],[-77.90216,38.67293],[-77.902073,38.672421],[-77.901767,38.671757],[-77.901709,38.671422],[-77.90178,38.671142],[-77.902032,38.670888],[-77.902413,38.67069],[-77.903284,38.67042],[-77.903393,38.670363],[-77.903472,38.670048],[-77.903174,38.669349],[-77.902712,38.668554],[-77.902614,38.668063],[-77.902211,38.667535],[-77.901578,38.665914],[-77.901255,38.665503],[-77.90056,38.665073],[-77.900185,38.664872],[-77.899216,38.664401],[-77.898895,38.664172],[-77.897848,38.663072],[-77.897653,38.662716],[-77.897304,38.662319],[-77.89703,38.662187],[-77.896119,38.662052],[-77.895828,38.662082],[-77.895339,38.662336],[-77.894534,38.662907],[-77.893867,38.663681],[-77.893332,38.663929],[-77.892533,38.664101],[-77.891669,38.664154],[-77.890349,38.66414],[-77.889347,38.663991],[-77.888497,38.663611],[-77.887859,38.663516],[-77.887587,38.663658],[-77.887452,38.663819],[-77.887442,38.664059],[-77.887639,38.664522],[-77.887657,38.664684],[-77.887508,38.665026],[-77.887269,38.665304],[-77.886974,38.665555],[-77.886693,38.665732],[-77.885738,38.666509],[-77.885175,38.66668],[-77.884947,38.666646],[-77.884634,38.666744],[-77.883947,38.666593],[-77.883808,38.666532],[-77.883754,38.666352],[-77.883898,38.665872],[-77.883769,38.664672],[-77.883411,38.6641],[-77.882856,38.663677],[-77.882488,38.663556],[-77.88196,38.663295],[-77.881392,38.66292],[-77.880629,38.662007],[-77.880407,38.661574],[-77.880311,38.661015],[-77.880022,38.660282],[-77.879247,38.65904],[-77.878617,38.657783],[-77.878503,38.65765],[-77.878242,38.657256],[-77.878053,38.657055],[-77.877417,38.656568],[-77.877065,38.656237],[-77.876913,38.656052],[-77.876727,38.655713],[-77.876318,38.6552],[-77.875807,38.654688],[-77.875588,38.654426],[-77.875142,38.653741],[-77.875049,38.653513],[-77.874756,38.652951],[-77.874599,38.652496],[-77.874322,38.651837],[-77.874033,38.651275],[-77.873382,38.650577],[-77.872999,38.650142],[-77.872955,38.649953],[-77.87246,38.649206],[-77.872314,38.649063],[-77.871699,38.648548],[-77.871559,38.648244],[-77.871503,38.647995],[-77.871585,38.647571],[-77.871801,38.647204],[-77.871944,38.646719],[-77.871683,38.646063],[-77.871683,38.645994],[-77.871494,38.645857],[-77.871464,38.645483],[-77.871541,38.645292],[-77.871678,38.645117],[-77.871964,38.644937],[-77.87218,38.644646],[-77.872608,38.644358],[-77.872921,38.644278],[-77.873341,38.6444],[-77.87387,38.644316],[-77.873984,38.64386],[-77.873883,38.6437],[-77.8739,38.64363],[-77.873179,38.642595],[-77.87298,38.642356],[-77.872758,38.641918],[-77.872743,38.64179],[-77.872886,38.641322],[-77.873165,38.640912],[-77.873339,38.640219],[-77.873237,38.640043],[-77.873296,38.639849],[-77.873409,38.639718],[-77.873882,38.639528],[-77.874361,38.639376],[-77.874816,38.639364],[-77.876053,38.639293],[-77.876495,38.639224],[-77.877315,38.638872],[-77.878287,38.638762],[-77.879057,38.638331],[-77.880097,38.637577],[-77.880475,38.637197],[-77.880581,38.636776],[-77.880506,38.636511],[-77.880145,38.635876],[-77.879851,38.635541],[-77.879659,38.635367],[-77.87912,38.635069],[-77.878307,38.634731],[-77.878125,38.634703],[-77.877804,38.634474],[-77.877584,38.634223],[-77.877928,38.633039],[-77.877857,38.632192],[-77.877793,38.632074],[-77.877828,38.631933],[-77.877706,38.63157],[-77.877238,38.631083],[-77.876991,38.630937],[-77.876763,38.630903],[-77.875674,38.631506],[-77.875507,38.631553],[-77.875142,38.631547],[-77.874864,38.631507],[-77.874498,38.631515],[-77.874023,38.631569],[-77.873735,38.631663],[-77.873375,38.631911],[-77.872818,38.632129],[-77.872364,38.632243],[-77.870865,38.632384],[-77.870784,38.632429],[-77.870018,38.632367],[-77.8698,38.632299],[-77.869616,38.632089],[-77.869542,38.631838],[-77.869537,38.631575],[-77.869706,38.631036],[-77.869938,38.630682],[-77.870203,38.630543],[-77.870722,38.630404],[-77.87113,38.630336],[-77.871464,38.630183],[-77.871571,38.629945],[-77.870872,38.628969],[-77.870577,38.627507],[-77.870392,38.627116],[-77.870175,38.626285],[-77.869598,38.625],[-77.869236,38.62408],[-77.868565,38.623363],[-77.867592,38.623291],[-77.866471,38.623051],[-77.865968,38.622795],[-77.865289,38.622113],[-77.864824,38.621898],[-77.863386,38.621793],[-77.862052,38.622213],[-77.861497,38.622167],[-77.860711,38.621723],[-77.860041,38.621005],[-77.859948,38.62081],[-77.8599,38.620439],[-77.860175,38.619717],[-77.860241,38.619683],[-77.860415,38.619395],[-77.860468,38.619302],[-77.860683,38.618447],[-77.860682,38.618265],[-77.860577,38.618182],[-77.860724,38.617908],[-77.860809,38.617194],[-77.861276,38.616464],[-77.861434,38.615833],[-77.861456,38.615182],[-77.86125,38.614497],[-77.861311,38.614252],[-77.861438,38.614125],[-77.862081,38.613821],[-77.862908,38.613726],[-77.8634,38.613835],[-77.86403,38.614147],[-77.864576,38.614228],[-77.864867,38.614199],[-77.866171,38.61352],[-77.866425,38.613449],[-77.867537,38.613723],[-77.868146,38.613741],[-77.870554,38.612427],[-77.871071,38.61225],[-77.871506,38.612024],[-77.871821,38.611707],[-77.872955,38.610957],[-77.873345,38.610152],[-77.873391,38.609214],[-77.873702,38.608352],[-77.87401,38.607126],[-77.87398,38.606867],[-77.873217,38.605954],[-77.873016,38.605815],[-77.87268,38.605765],[-77.87236,38.605811],[-77.87192,38.605922],[-77.87154,38.60593],[-77.871405,38.605883],[-77.871068,38.605677],[-77.871068,38.605539],[-77.870957,38.605363],[-77.870841,38.60451],[-77.87064,38.604222],[-77.870738,38.604168],[-77.87068,38.603832],[-77.870521,38.603336],[-77.870366,38.60317],[-77.869908,38.60289],[-77.869457,38.602663],[-77.869182,38.602552],[-77.86853,38.60224],[-77.868089,38.60198],[-77.867722,38.601863],[-77.867445,38.601696],[-77.867146,38.601363],[-77.866477,38.601018],[-77.865641,38.600776],[-77.865265,38.600712],[-77.864863,38.600616],[-77.864399,38.600464],[-77.864168,38.600364],[-77.863646,38.60006],[-77.863323,38.599735],[-77.862941,38.599483],[-77.862537,38.599023],[-77.862378,38.598527],[-77.862501,38.598036],[-77.86261,38.59798],[-77.863014,38.597313],[-77.863907,38.596574],[-77.864405,38.596284],[-77.864612,38.596024],[-77.864932,38.595127],[-77.865407,38.594361],[-77.865521,38.593906],[-77.865691,38.593604],[-77.866007,38.593287],[-77.866333,38.593118],[-77.86739,38.59342],[-77.868364,38.593492],[-77.869117,38.593314],[-77.869597,38.593094],[-77.869688,38.593108],[-77.870105,38.592952],[-77.870518,38.592958],[-77.870614,38.592822],[-77.870938,38.59264],[-77.871655,38.592419],[-77.871845,38.59232],[-77.872371,38.592198],[-77.873203,38.591704],[-77.873811,38.59154],[-77.874191,38.591342],[-77.874407,38.591047],[-77.874742,38.590842],[-77.875225,38.590381],[-77.87589,38.589426],[-77.876074,38.58869],[-77.87592,38.587613],[-77.876094,38.58673],[-77.87628,38.586176],[-77.877,38.585375],[-77.877169,38.584891],[-77.877085,38.584661],[-77.876854,38.584398],[-77.87639,38.584087],[-77.876147,38.583803],[-77.875941,38.583498],[-77.875507,38.58306],[-77.875,38.582407],[-77.874631,38.582248],[-77.874281,38.58176],[-77.873428,38.580834],[-77.872759,38.580298],[-77.871988,38.579497],[-77.87178,38.579498],[-77.871443,38.579049],[-77.870568,38.578638],[-77.868347,38.577752],[-77.867817,38.577419],[-77.866706,38.5762],[-77.865511,38.574568],[-77.865224,38.574017],[-77.863829,38.572428],[-77.863666,38.571386],[-77.863387,38.570617],[-77.862897,38.569745],[-77.862945,38.568497],[-77.862769,38.566915],[-77.862789,38.566026],[-77.86271,38.565335],[-77.86239,38.564617],[-77.861252,38.563085],[-77.86073,38.562173],[-77.859699,38.561052],[-77.859115,38.560381],[-77.858417,38.560365],[-77.857129,38.560612],[-77.85646,38.560364],[-77.856408,38.559595],[-77.856743,38.558858],[-77.856931,38.558156],[-77.85691,38.557739],[-77.856172,38.556791],[-77.855341,38.556408],[-77.85464,38.556194],[-77.853593,38.556039],[-77.852734,38.556456],[-77.852035,38.556606],[-77.85108,38.556464],[-77.850678,38.556186],[-77.84901,38.55467],[-77.848327,38.553761],[-77.848137,38.553374],[-77.847986,38.552451],[-77.848007,38.551792],[-77.847988,38.551561],[-77.847912,38.551413],[-77.847689,38.551106],[-77.84582,38.550003],[-77.845607,38.549851],[-77.845248,38.549083],[-77.844943,38.548474],[-77.844549,38.548077],[-77.844427,38.547622],[-77.844253,38.547378],[-77.843946,38.546533],[-77.843921,38.546401],[-77.843794,38.546117],[-77.843802,38.545837],[-77.843739,38.545514],[-77.843559,38.544833],[-77.8435,38.544713],[-77.840671,38.541691],[-77.84037,38.541397],[-77.839974,38.540974],[-77.838878,38.539888],[-77.837688,38.538932],[-77.836453,38.538307],[-77.835385,38.538212],[-77.834275,38.538355],[-77.833215,38.538745],[-77.83208,38.538866],[-77.831442,38.538603],[-77.830036,38.537579],[-77.828708,38.536713],[-77.827924,38.536367],[-77.827011,38.535724],[-77.825172,38.533986],[-77.823694,38.532879],[-77.822789,38.531982],[-77.822415,38.531384],[-77.821193,38.529751],[-77.820203,38.529071],[-77.820183,38.529069],[-77.82015,38.529065],[-77.820127,38.529062],[-77.820102,38.52906],[-77.820088,38.529058],[-77.820076,38.529057],[-77.82005,38.529054],[-77.820032,38.529052],[-77.820017,38.52905],[-77.819972,38.529044],[-77.819069,38.528896],[-77.818376,38.529053],[-77.817716,38.529354],[-77.816489,38.530153],[-77.815728,38.530418],[-77.814576,38.530584],[-77.814152,38.530506],[-77.8136,38.530115],[-77.812559,38.528059],[-77.811942,38.526864],[-77.81148,38.524899],[-77.811097,38.52428],[-77.809667,38.5227],[-77.80831,38.521269],[-77.806781,38.518814],[-77.806319,38.518155],[-77.804981,38.516657],[-77.803746,38.515564],[-77.802365,38.514084],[-77.800944,38.512254],[-77.800581,38.511371],[-77.800582,38.510707],[-77.800781,38.509494],[-77.801134,38.508714],[-77.801343,38.507437],[-77.801379,38.505965],[-77.801334,38.503865],[-77.801134,38.503099],[-77.800574,38.502243],[-77.799588,38.501353],[-77.798405,38.500086],[-77.797792,38.49925],[-77.796919,38.49847],[-77.796265,38.498178],[-77.795279,38.497594],[-77.793263,38.495866],[-77.792421,38.495342],[-77.791763,38.494808],[-77.790295,38.494089],[-77.788978,38.493683],[-77.787845,38.493029],[-77.787422,38.492275],[-77.787526,38.49141],[-77.7883,38.489455],[-77.788324,38.488706],[-77.788004,38.488274],[-77.787635,38.488104],[-77.786901,38.488098],[-77.785903,38.488315],[-77.783938,38.489037],[-77.782816,38.489144],[-77.781867,38.488821],[-77.781486,38.488318],[-77.781466,38.488057],[-77.782137,38.485765],[-77.782151,38.485056],[-77.781248,38.483628],[-77.780807,38.481996],[-77.780646,38.47921],[-77.780735,38.478188],[-77.780446,38.477542],[-77.779462,38.476392],[-77.777294,38.475533],[-77.775316,38.473579],[-77.775324,38.47178],[-77.777248,38.470505],[-77.77819,38.46901],[-77.777643,38.467436],[-77.777,38.466246],[-77.77673,38.465597],[-77.776059,38.464638],[-77.775406,38.463926],[-77.774297,38.463036],[-77.773557,38.462622],[-77.772284,38.462135],[-77.77081,38.462103],[-77.769977,38.461955],[-77.768633,38.461326],[-77.766394,38.460529],[-77.763361,38.459351],[-77.761791,38.458818],[-77.761096,38.458148],[-77.761015,38.457581],[-77.761233,38.456568],[-77.761251,38.455649],[-77.761432,38.454227],[-77.761621,38.453377],[-77.761837,38.452582],[-77.761875,38.451863],[-77.761719,38.450366],[-77.761107,38.448169],[-77.760546,38.446211],[-77.760564,38.445498],[-77.761046,38.444302],[-77.76141,38.443144],[-77.761927,38.441074],[-77.76181,38.439864],[-77.761382,38.438609],[-77.760332,38.436316],[-77.760006,38.435769],[-77.759619,38.435411],[-77.757073,38.432958],[-77.756465,38.43231],[-77.756262,38.431807],[-77.756165,38.430883],[-77.75577,38.430206],[-77.755075,38.429398],[-77.753167,38.427928],[-77.752119,38.427321],[-77.75091,38.426768],[-77.750482,38.426684],[-77.750283,38.426662],[-77.749557,38.426608],[-77.749222,38.426621],[-77.748586,38.42669],[-77.747936,38.426712],[-77.74689,38.426638],[-77.746471,38.426593],[-77.746165,38.426536],[-77.745232,38.426302],[-77.7448,38.426206],[-77.743866,38.426051],[-77.742653,38.425896],[-77.742221,38.425821],[-77.741422,38.425706],[-77.739719,38.424701],[-77.739011,38.423279],[-77.738949,38.421545],[-77.738479,38.419446],[-77.73779,38.418287],[-77.737043,38.417333],[-77.736803,38.415294],[-77.736659,38.414824],[-77.735901,38.413458],[-77.735516,38.413116],[-77.734707,38.412904],[-77.734002,38.412826],[-77.733353,38.412867],[-77.732605,38.412889],[-77.730719,38.412993],[-77.729711,38.413568],[-77.729168,38.414059],[-77.727532,38.415659],[-77.727033,38.416319],[-77.726504,38.417401],[-77.726229,38.417986],[-77.726092,38.418243],[-77.725396,38.418862],[-77.720957,38.420421],[-77.716576,38.421712],[-77.715547,38.422005],[-77.711347,38.422979],[-77.709879,38.422849],[-77.707354,38.422063],[-77.70708,38.42195],[-77.706882,38.421829],[-77.706231,38.421614],[-77.705848,38.421546],[-77.70503,38.421456],[-77.70477,38.421399],[-77.704391,38.421369],[-77.703849,38.421269],[-77.703292,38.421242],[-77.702968,38.421247],[-77.702477,38.421312],[-77.702118,38.42131],[-77.701718,38.421377],[-77.701419,38.421475],[-77.70082,38.421783],[-77.700474,38.42206],[-77.700321,38.422232],[-77.700112,38.42239],[-77.699826,38.422672],[-77.69955,38.4231],[-77.69944,38.423308],[-77.699281,38.423704],[-77.699229,38.423969],[-77.699111,38.424159],[-77.698973,38.424479],[-77.698895,38.424785],[-77.698732,38.425107],[-77.698445,38.425445],[-77.698135,38.425654],[-77.697872,38.425744],[-77.697405,38.425825],[-77.697223,38.425819],[-77.697155,38.425812],[-77.696813,38.425751],[-77.696444,38.425657],[-77.696118,38.425614],[-77.695665,38.42561],[-77.695009,38.425744],[-77.694587,38.425921],[-77.693731,38.426301],[-77.693411,38.426423],[-77.693159,38.426472],[-77.692759,38.426627],[-77.69189,38.426873],[-77.691318,38.42695],[-77.690357,38.426997],[-77.689896,38.426963],[-77.688941,38.426917],[-77.687637,38.42679],[-77.686411,38.426583],[-77.685256,38.426229],[-77.684524,38.425789],[-77.683801,38.425323],[-77.683594,38.425167],[-77.683165,38.42491],[-77.682643,38.424657],[-77.682193,38.424482],[-77.681765,38.424401],[-77.681103,38.424248],[-77.680187,38.42411],[-77.67914,38.424014],[-77.678586,38.423973],[-77.677996,38.424017],[-77.677473,38.424096],[-77.677018,38.424137],[-77.676107,38.424111],[-77.675489,38.424034],[-77.674965,38.423905],[-77.674517,38.42371],[-77.674399,38.423628],[-77.674047,38.423543],[-77.673644,38.423395],[-77.673312,38.42325],[-77.673013,38.423085],[-77.672503,38.422868],[-77.669595,38.420862],[-77.668354,38.420353],[-77.667713,38.420184],[-77.667273,38.420013],[-77.666708,38.419887],[-77.66601,38.419805],[-77.665675,38.419739],[-77.664356,38.419447],[-77.664153,38.419474],[-77.662849,38.419255],[-77.660753,38.418733],[-77.659436,38.418404],[-77.657668,38.417821],[-77.65562,38.417091],[-77.654658,38.416872],[-77.653138,38.416313],[-77.651741,38.415535],[-77.650004,38.414514],[-77.648732,38.413906],[-77.646156,38.412764],[-77.644822,38.412253],[-77.642588,38.411281],[-77.640633,38.410405],[-77.639144,38.409725],[-77.637375,38.409554],[-77.636475,38.409676],[-77.63494,38.410218],[-77.633809,38.412273],[-77.634516,38.414598],[-77.635231,38.415217],[-77.634217,38.416553],[-77.634523,38.418049],[-77.633675,38.419812],[-77.631041,38.420416],[-77.630164,38.421301],[-77.629778,38.422796],[-77.630741,38.424225],[-77.630884,38.427735],[-77.63163,38.428274],[-77.629994,38.430114],[-77.629224,38.430252],[-77.628989,38.430343],[-77.628651,38.431015],[-77.628578,38.431902],[-77.628189,38.433544],[-77.629042,38.435137],[-77.629023,38.438781],[-77.631774,38.4402],[-77.631771,38.440866],[-77.634088,38.442281],[-77.633742,38.44408],[-77.634069,38.445186],[-77.631011,38.445385],[-77.630105,38.446119],[-77.630036,38.449297],[-77.628229,38.449852],[-77.628727,38.452277],[-77.631067,38.454698],[-77.631958,38.456096],[-77.631327,38.45839],[-77.631422,38.459549],[-77.633979,38.461283],[-77.632417,38.461873],[-77.632446,38.463125],[-77.633615,38.463273],[-77.634287,38.464167],[-77.633837,38.466892],[-77.632294,38.467238],[-77.632842,38.468822],[-77.63152,38.470302],[-77.628106,38.469538],[-77.626666,38.473883],[-77.626153,38.475433],[-77.623933,38.475044],[-77.606329,38.489568],[-77.602129,38.493034],[-77.599188,38.49546],[-77.596093,38.498013],[-77.595246,38.498711],[-77.588783,38.504044],[-77.582947,38.508859],[-77.581088,38.510392],[-77.580111,38.511198],[-77.579626,38.511599],[-77.579187,38.511963],[-77.576185,38.514436],[-77.571747,38.518095],[-77.571119,38.518612],[-77.565359,38.523362],[-77.560869,38.527059],[-77.531328,38.55655],[-77.532822,38.557224],[-77.535964,38.561971],[-77.544961,38.57556],[-77.551546,38.585504],[-77.559411,38.597374],[-77.561824,38.601018],[-77.566679,38.608341],[-77.570139,38.613559],[-77.57596,38.62234],[-77.579428,38.627566],[-77.579484,38.627653],[-77.577874,38.627514],[-77.575945,38.627612],[-77.574614,38.627575],[-77.573493,38.627364],[-77.572915,38.626966],[-77.572257,38.625705],[-77.572298,38.625286],[-77.572759,38.62487],[-77.572739,38.624293],[-77.572207,38.623514],[-77.572,38.623024],[-77.57213,38.622335],[-77.571833,38.621869],[-77.570768,38.62147],[-77.570603,38.621138],[-77.570826,38.620743],[-77.571183,38.620532],[-77.571292,38.620069],[-77.570874,38.619726],[-77.570093,38.619612],[-77.569749,38.619388],[-77.569301,38.618811],[-77.568846,38.618617],[-77.56734,38.618782],[-77.566369,38.618639],[-77.56487,38.618633],[-77.563323,38.618437],[-77.562118,38.618419],[-77.561451,38.618351],[-77.559874,38.618512],[-77.558979,38.618526],[-77.55684,38.618243],[-77.556321,38.618013],[-77.555902,38.617264],[-77.554988,38.616554],[-77.554081,38.615442],[-77.55336,38.615109],[-77.55313,38.615089],[-77.551872,38.615545],[-77.550644,38.615473],[-77.54878,38.615816],[-77.548145,38.616071],[-77.547963,38.617059],[-77.547357,38.617539],[-77.545979,38.617953],[-77.545241,38.618074],[-77.544516,38.618353],[-77.543506,38.618897],[-77.542638,38.618894],[-77.540969,38.619616],[-77.539993,38.619929],[-77.538789,38.620131],[-77.537612,38.620716],[-77.536891,38.621506],[-77.535767,38.621805],[-77.53523,38.621658],[-77.534506,38.62119],[-77.534054,38.621074],[-77.532441,38.62131],[-77.531802,38.62154],[-77.531544,38.621974],[-77.530516,38.622392],[-77.528533,38.622419],[-77.528159,38.622453],[-77.527333,38.62268],[-77.526748,38.622945],[-77.526212,38.623028],[-77.525515,38.622934],[-77.524977,38.622956],[-77.524635,38.622991],[-77.524289,38.623108],[-77.523978,38.623417],[-77.523697,38.623588],[-77.523315,38.6237],[-77.522861,38.623716],[-77.522355,38.623672],[-77.521843,38.62365],[-77.521645,38.623583],[-77.52123,38.623515],[-77.520796,38.623541],[-77.520333,38.623715],[-77.519848,38.624044],[-77.519575,38.624248],[-77.519302,38.624638],[-77.519049,38.625034],[-77.518728,38.625255],[-77.51831,38.625725],[-77.517699,38.626056],[-77.516935,38.62643],[-77.516211,38.626748],[-77.515709,38.627017],[-77.51527,38.627488],[-77.514754,38.628334],[-77.51413,38.629308],[-77.513816,38.630562],[-77.512935,38.632287],[-77.512715,38.632898],[-77.51249,38.633891],[-77.512461,38.63426],[-77.512499,38.634732],[-77.51268,38.635513],[-77.512539,38.636285],[-77.512474,38.637643],[-77.51241,38.638595],[-77.512452,38.639418],[-77.512381,38.639793],[-77.512385,38.639908],[-77.512221,38.640224],[-77.511739,38.641042],[-77.511674,38.641203],[-77.511643,38.641546],[-77.511548,38.641554],[-77.508276,38.642172],[-77.5043,38.643705],[-77.50196,38.644136],[-77.500579,38.643858],[-77.497078,38.642162],[-77.494298,38.640805],[-77.490289,38.638768],[-77.488255,38.638243],[-77.483754,38.639739],[-77.482279,38.63982],[-77.47673,38.639666],[-77.475219,38.638804],[-77.472979,38.636289],[-77.466211,38.633358],[-77.460647,38.63205],[-77.457855,38.632151],[-77.454367,38.631775],[-77.452542,38.631618],[-77.449459,38.632445],[-77.447152,38.632479],[-77.444767,38.631297],[-77.443361,38.630955],[-77.440123,38.631823],[-77.436895,38.633239],[-77.435125,38.634604],[-77.43016,38.633723],[-77.429144,38.633785],[-77.428472,38.634337],[-77.430632,38.635478],[-77.437044,38.639544],[-77.442349,38.643114],[-77.4432,38.643891],[-77.444267,38.645916],[-77.444324,38.647005],[-77.443898,38.651212],[-77.442616,38.654035],[-77.44074,38.658632],[-77.440549,38.658587],[-77.437385,38.658176],[-77.434595,38.658522],[-77.433183,38.658697],[-77.432917,38.658738],[-77.432285,38.658847],[-77.432073,38.658887],[-77.431554,38.658999],[-77.43101,38.659112],[-77.430567,38.659195],[-77.430518,38.659089],[-77.427239,38.659642],[-77.426803,38.659268],[-77.424874,38.658277],[-77.423439,38.658342],[-77.421043,38.659247],[-77.419076,38.659594],[-77.414679,38.662483],[-77.416374,38.663937],[-77.416479,38.664023],[-77.407227,38.667631],[-77.402693,38.669094],[-77.402553,38.669021],[-77.4008,38.669737],[-77.396108,38.672107],[-77.395924,38.672174],[-77.38993,38.673367],[-77.386517,38.673945],[-77.383318,38.674446],[-77.383125,38.67447],[-77.383046,38.674479],[-77.382356,38.674535],[-77.38154,38.67458],[-77.380741,38.674602],[-77.379744,38.674595],[-77.378976,38.674558],[-77.376352,38.674383],[-77.375904,38.674368],[-77.375544,38.674367],[-77.375075,38.674379],[-77.374697,38.674403],[-77.374164,38.674456],[-77.373859,38.674495],[-77.373333,38.674586],[-77.37297,38.674657],[-77.372612,38.674743],[-77.372285,38.674833],[-77.371303,38.675153],[-77.368605,38.676132],[-77.367046,38.676695],[-77.363761,38.678132],[-77.361476,38.679739],[-77.359853,38.681165],[-77.356902,38.679661],[-77.353087,38.678584],[-77.349073,38.678173],[-77.348273,38.679479],[-77.347842,38.681551],[-77.347786,38.683108],[-77.346375,38.683546],[-77.346711,38.684216],[-77.346666,38.685595],[-77.34548,38.685527],[-77.344088,38.685514],[-77.344069,38.687095],[-77.344096,38.687764],[-77.349378,38.688607],[-77.35073,38.689228],[-77.350097,38.691973],[-77.347625,38.693528],[-77.346574,38.694614],[-77.345795,38.694543],[-77.346707,38.695335],[-77.346389,38.698579],[-77.346334,38.698691],[-77.345484,38.699951],[-77.344817,38.700436],[-77.343245,38.700812],[-77.341346,38.700548],[-77.340472,38.703457],[-77.340206,38.706658],[-77.340457,38.708921],[-77.339995,38.709699],[-77.340365,38.71022],[-77.338937,38.711623],[-77.337121,38.712559],[-77.336059,38.715185],[-77.333995,38.716627],[-77.333829,38.716905],[-77.333292,38.716565],[-77.332296,38.716525],[-77.332694,38.71838],[-77.335378,38.719453],[-77.338199,38.719855],[-77.341903,38.720084],[-77.344381,38.721055],[-77.348981,38.721193],[-77.352344,38.722226],[-77.355762,38.725373],[-77.356678,38.725443],[-77.359123,38.723761],[-77.359459,38.725266],[-77.358768,38.727911],[-77.357144,38.729618],[-77.355207,38.730489],[-77.35248,38.732339],[-77.350508,38.734502],[-77.348464,38.735847],[-77.34666,38.737515],[-77.346311,38.738468],[-77.344777,38.737497],[-77.34508,38.736468],[-77.34619,38.736244],[-77.346019,38.73455],[-77.344698,38.734543],[-77.342767,38.733577],[-77.340713,38.734851],[-77.339444,38.734452],[-77.337789,38.735869],[-77.335895,38.73475],[-77.335709,38.733554],[-77.333281,38.730986],[-77.33215,38.731261],[-77.33177,38.733522],[-77.331058,38.735291],[-77.331809,38.736079],[-77.331345,38.736736],[-77.330797,38.73943],[-77.331315,38.740528],[-77.330909,38.741564],[-77.329296,38.742157],[-77.327693,38.744192],[-77.326386,38.745296],[-77.324924,38.745354],[-77.323467,38.745967],[-77.321748,38.746084],[-77.319947,38.744961],[-77.319298,38.745192],[-77.31614,38.742356],[-77.314061,38.741275],[-77.31366,38.742225],[-77.31356,38.742339],[-77.313351,38.742416],[-77.313131,38.74238],[-77.312978,38.742468],[-77.312744,38.742338],[-77.312509,38.742282],[-77.312249,38.742109],[-77.311944,38.741822],[-77.311386,38.74148],[-77.311228,38.741233],[-77.311205,38.741075],[-77.31136,38.740811],[-77.311373,38.740626],[-77.311453,38.740544],[-77.311455,38.740425],[-77.311337,38.740311],[-77.311149,38.740291],[-77.311031,38.740394],[-77.310912,38.74042],[-77.310779,38.740554],[-77.310686,38.74073],[-77.3105,38.740799],[-77.310148,38.740848],[-77.309613,38.740874],[-77.3102,38.741553],[-77.31045,38.744256],[-77.312095,38.745189],[-77.31319,38.746339],[-77.315512,38.744859],[-77.316811,38.745386],[-77.316967,38.746219],[-77.316385,38.747537],[-77.315219,38.748507],[-77.317244,38.75129],[-77.311922,38.752067],[-77.3068,38.752305],[-77.301569,38.753038],[-77.301418,38.753232],[-77.30305,38.754199],[-77.305685,38.756372],[-77.307216,38.758327],[-77.310172,38.762517],[-77.312054,38.765123],[-77.313756,38.766888],[-77.30886,38.769894],[-77.300761,38.774952],[-77.299065,38.775791],[-77.297257,38.776346],[-77.300827,38.778469],[-77.304338,38.779935],[-77.308214,38.781856],[-77.309179,38.7824],[-77.312543,38.785241],[-77.313659,38.785659],[-77.318519,38.786617],[-77.323425,38.787062],[-77.32666,38.78823],[-77.327056,38.785966],[-77.327387,38.784019],[-77.327652,38.782229],[-77.327872,38.78223],[-77.331218,38.78222],[-77.338826,38.783125],[-77.3395,38.783198],[-77.340403,38.783337],[-77.341485,38.783348],[-77.342467,38.783153],[-77.343678,38.782705],[-77.344766,38.782571],[-77.345487,38.782653],[-77.346068,38.78318],[-77.347336,38.784163],[-77.349869,38.785376],[-77.349859,38.785937],[-77.354416,38.787735],[-77.354587,38.787653],[-77.358144,38.78612],[-77.359933,38.787295],[-77.361676,38.78892],[-77.361702,38.78895],[-77.362339,38.789827],[-77.362827,38.791191],[-77.364499,38.792741],[-77.365928,38.794607],[-77.36703,38.79702],[-77.367539,38.797953],[-77.36871,38.800249],[-77.370242,38.802465],[-77.370517,38.803279],[-77.371802,38.806255],[-77.372104,38.806912],[-77.374965,38.811832],[-77.375789,38.812829],[-77.376029,38.813125],[-77.377097,38.814596],[-77.380589,38.817227],[-77.381144,38.818255],[-77.381208,38.81899],[-77.381279,38.820018],[-77.376268,38.82018],[-77.376339,38.821143],[-77.376387,38.821653],[-77.381518,38.82146],[-77.384287,38.825091],[-77.384496,38.827281],[-77.386402,38.827567],[-77.386375,38.827687],[-77.385518,38.828721],[-77.384171,38.828035],[-77.381999,38.828316],[-77.382304,38.829626],[-77.385147,38.830584],[-77.386537,38.831165],[-77.387085,38.831852],[-77.387069,38.833542],[-77.389894,38.836287],[-77.391013,38.836864],[-77.3919,38.836949],[-77.39274,38.83679],[-77.394382,38.836834],[-77.39382,38.838908],[-77.393078,38.83999],[-77.393338,38.841144],[-77.393382,38.841255],[-77.397167,38.840451],[-77.399876,38.840227],[-77.404617,38.840119],[-77.404832,38.840111],[-77.404842,38.840009],[-77.405006,38.838737],[-77.405854,38.835002],[-77.405927,38.833458],[-77.405146,38.831871],[-77.40349,38.830038],[-77.403381,38.829914],[-77.398661,38.824464],[-77.398087,38.823482],[-77.397438,38.820431],[-77.397795,38.812767],[-77.397862,38.81164],[-77.399715,38.814323],[-77.403577,38.814599],[-77.405382,38.815264],[-77.405402,38.815292],[-77.406904,38.816787],[-77.409573,38.817526],[-77.412231,38.819623],[-77.413313,38.819853],[-77.413191,38.818039],[-77.414127,38.816332],[-77.415423,38.814267],[-77.415733,38.813026],[-77.417745,38.811002],[-77.418819,38.809516],[-77.419531,38.807221],[-77.420113,38.803886],[-77.421431,38.802139],[-77.425457,38.804851],[-77.428164,38.805706],[-77.429185,38.805476],[-77.431399,38.804814],[-77.43581,38.805197],[-77.435847,38.805213],[-77.438198,38.806248],[-77.439893,38.807602],[-77.441698,38.808169],[-77.444199,38.809455],[-77.444484,38.809533],[-77.446465,38.808864],[-77.448746,38.809753],[-77.448718,38.810009],[-77.44907,38.809882],[-77.449728,38.81],[-77.450751,38.810754],[-77.453576,38.811118],[-77.455801,38.811701],[-77.456587,38.812952],[-77.457818,38.815122],[-77.458905,38.816973],[-77.459731,38.818537],[-77.462664,38.81916],[-77.464862,38.820419],[-77.459453,38.824009],[-77.457456,38.825667],[-77.457698,38.825801],[-77.45826,38.826145],[-77.45833,38.826188],[-77.45827,38.826344],[-77.458342,38.826527],[-77.458326,38.826636],[-77.458082,38.82689],[-77.457992,38.827064],[-77.457978,38.827366],[-77.458104,38.827612],[-77.458141,38.82791],[-77.458082,38.828072],[-77.458232,38.828415],[-77.458376,38.828583],[-77.458754,38.828882],[-77.458893,38.829083],[-77.459229,38.829352],[-77.459407,38.829535],[-77.459504,38.829727],[-77.460202,38.830157],[-77.460402,38.830238],[-77.460719,38.830273],[-77.460728,38.830303],[-77.461047,38.83033],[-77.461135,38.830386],[-77.462231,38.8306],[-77.462616,38.83082],[-77.462905,38.831152],[-77.463075,38.831504],[-77.462976,38.832014],[-77.462972,38.832229],[-77.463014,38.83252],[-77.463077,38.832631],[-77.463332,38.83293],[-77.46355,38.833146],[-77.463645,38.833232],[-77.46382,38.833364],[-77.464007,38.833407],[-77.464231,38.833519],[-77.464644,38.833668],[-77.465216,38.833802],[-77.465459,38.833837],[-77.465786,38.833832],[-77.46591,38.833937],[-77.466009,38.834161],[-77.466004,38.83433],[-77.465733,38.834671],[-77.465374,38.834919],[-77.46499,38.835248],[-77.464616,38.835489],[-77.464488,38.835816],[-77.464419,38.835647],[-77.464142,38.835908],[-77.464127,38.836065],[-77.464008,38.836508],[-77.46388,38.836732],[-77.463738,38.836869],[-77.463727,38.837091],[-77.463954,38.83718],[-77.464109,38.837312],[-77.464234,38.837716],[-77.464316,38.837877],[-77.46448,38.838008],[-77.464597,38.838048],[-77.464539,38.838285],[-77.464613,38.838448],[-77.464804,38.838682],[-77.464833,38.838943],[-77.464778,38.839104],[-77.464658,38.839185],[-77.464403,38.839181],[-77.464189,38.839041],[-77.463444,38.839204],[-77.463124,38.83935],[-77.462942,38.839608],[-77.462909,38.839796],[-77.462969,38.839981],[-77.463319,38.840192],[-77.46387,38.840364],[-77.463965,38.840438],[-77.46436,38.840633],[-77.464564,38.84069],[-77.464813,38.840873],[-77.464932,38.840995],[-77.464984,38.84121],[-77.464979,38.841354],[-77.464836,38.84148],[-77.464588,38.841525],[-77.464502,38.841525],[-77.464422,38.841517],[-77.464357,38.841497],[-77.464277,38.841479],[-77.464223,38.841472],[-77.464135,38.841471],[-77.464091,38.841481],[-77.463984,38.841537],[-77.463898,38.84159],[-77.463866,38.84162],[-77.463842,38.841665],[-77.463824,38.841745],[-77.463775,38.841836],[-77.463729,38.841878],[-77.463678,38.841971],[-77.463647,38.842043],[-77.463527,38.842239],[-77.463515,38.842284],[-77.463513,38.842344],[-77.46352,38.842374],[-77.463525,38.842396],[-77.463614,38.842608],[-77.463689,38.842738],[-77.463762,38.842866],[-77.463843,38.842965],[-77.463882,38.843001],[-77.463931,38.843038],[-77.464055,38.843114],[-77.464147,38.84318],[-77.464187,38.843223],[-77.464252,38.843277],[-77.464296,38.843299],[-77.464333,38.843327],[-77.464349,38.843356],[-77.464316,38.843378],[-77.464334,38.843421],[-77.464344,38.843471],[-77.464341,38.843489],[-77.464422,38.843646],[-77.464439,38.843659],[-77.464472,38.84366],[-77.464513,38.843653],[-77.464537,38.843663],[-77.464604,38.843797],[-77.46464,38.843859],[-77.464688,38.843914],[-77.464719,38.843966],[-77.464721,38.84401],[-77.464721,38.844048],[-77.464823,38.844219],[-77.464894,38.844316],[-77.464916,38.844357],[-77.464908,38.84438],[-77.46491,38.844399],[-77.46493,38.844431],[-77.464969,38.844464],[-77.465055,38.844567],[-77.465089,38.844629],[-77.465164,38.844737],[-77.465177,38.844843],[-77.465239,38.844961],[-77.46529,38.845072],[-77.465381,38.845192],[-77.465579,38.845425],[-77.46565,38.845469],[-77.465748,38.845575],[-77.465846,38.84564],[-77.466905,38.846382],[-77.468593,38.84732],[-77.469143,38.847495],[-77.470227,38.848022],[-77.471846,38.848238],[-77.472419,38.848086],[-77.472619,38.847854],[-77.473137,38.846493],[-77.473409,38.846153],[-77.474143,38.84588],[-77.475023,38.846075],[-77.475476,38.847107],[-77.476183,38.847858],[-77.476867,38.849379],[-77.47742,38.850212],[-77.477488,38.850752],[-77.477838,38.852226],[-77.477625,38.851933],[-77.477814,38.852629],[-77.478062,38.854639],[-77.477974,38.855428],[-77.478254,38.857451],[-77.478251,38.858533],[-77.478231,38.85891],[-77.478251,38.859134],[-77.478268,38.859222],[-77.478292,38.859303],[-77.478331,38.859402],[-77.478506,38.8598],[-77.478555,38.859973],[-77.478596,38.860068],[-77.478714,38.86027],[-77.478745,38.860341],[-77.478785,38.860403],[-77.478842,38.860459],[-77.478875,38.860502],[-77.478957,38.860636],[-77.479027,38.86073],[-77.479045,38.860764],[-77.479204,38.860973],[-77.479252,38.861024],[-77.479341,38.861094],[-77.47947,38.861224],[-77.479588,38.861513],[-77.47956,38.861522],[-77.479524,38.861552],[-77.479425,38.861717],[-77.479399,38.86174],[-77.479272,38.861781],[-77.479217,38.861795],[-77.479104,38.861813],[-77.478968,38.861858],[-77.47893,38.86188],[-77.478875,38.861928],[-77.478843,38.861961],[-77.4788,38.862016],[-77.478734,38.862145],[-77.478546,38.862481],[-77.478528,38.862555],[-77.478504,38.862583],[-77.478482,38.862575],[-77.478453,38.862544],[-77.478429,38.862543],[-77.478359,38.862571],[-77.478202,38.862617],[-77.478162,38.862634],[-77.477909,38.862764],[-77.477865,38.862801],[-77.477735,38.862963],[-77.477672,38.863071],[-77.477659,38.863111],[-77.47757,38.863075],[-77.47759,38.863003],[-77.476782,38.862484],[-77.47215,38.863108],[-77.471497,38.862905],[-77.469958,38.864377],[-77.468492,38.865012],[-77.463803,38.86765],[-77.464636,38.869301],[-77.468089,38.872598],[-77.471652,38.874906],[-77.47233,38.875287],[-77.472403,38.875338],[-77.472514,38.875414],[-77.476048,38.877099],[-77.477375,38.8784],[-77.478831,38.87838],[-77.485567,38.881686],[-77.493763,38.885616],[-77.496821,38.887154],[-77.495633,38.888363],[-77.492128,38.891918],[-77.485021,38.899128],[-77.481965,38.902231],[-77.479063,38.905176],[-77.473248,38.911077]]]]}},{"type":"Feature","properties":{"id":11,"NAME":"11","TotalPop":784673,"PopDevPct":0.00000116,"DemPct":0.65181966,"RepPct":0.31175849,"WhitePct":0.512473,"MinorityPct":0.487527,"BlackPct":0.09448669,"HispanicPct":0.12843063,"PacificPct":0.0021999,"AsianPct":0.25410602,"NativePct":0.0142787,"TotalVAP":605027,"Margin":0.15181966,"color":"#ca0000","opacity":"0.5"},"geometry":{"type":"MultiPolygon","coordinates":[[[[-77.393382,38.841255],[-77.393338,38.841144],[-77.393078,38.83999],[-77.39382,38.838908],[-77.394382,38.836834],[-77.39274,38.83679],[-77.3919,38.836949],[-77.391013,38.836864],[-77.389894,38.836287],[-77.387069,38.833542],[-77.387085,38.831852],[-77.386537,38.831165],[-77.385147,38.830584],[-77.382304,38.829626],[-77.381999,38.828316],[-77.384171,38.828035],[-77.385518,38.828721],[-77.386375,38.827687],[-77.386402,38.827567],[-77.384496,38.827281],[-77.384287,38.825091],[-77.381518,38.82146],[-77.376387,38.821653],[-77.376339,38.821143],[-77.376268,38.82018],[-77.381279,38.820018],[-77.381208,38.81899],[-77.381144,38.818255],[-77.380589,38.817227],[-77.377097,38.814596],[-77.376029,38.813125],[-77.375789,38.812829],[-77.374965,38.811832],[-77.372104,38.806912],[-77.371802,38.806255],[-77.370517,38.803279],[-77.370242,38.802465],[-77.36871,38.800249],[-77.367539,38.797953],[-77.36703,38.79702],[-77.365928,38.794607],[-77.364499,38.792741],[-77.362827,38.791191],[-77.362339,38.789827],[-77.361702,38.78895],[-77.361676,38.78892],[-77.359933,38.787295],[-77.358144,38.78612],[-77.354587,38.787653],[-77.354416,38.787735],[-77.349859,38.785937],[-77.349869,38.785376],[-77.347336,38.784163],[-77.346068,38.78318],[-77.345487,38.782653],[-77.344766,38.782571],[-77.343678,38.782705],[-77.342467,38.783153],[-77.341485,38.783348],[-77.340403,38.783337],[-77.3395,38.783198],[-77.338826,38.783125],[-77.331218,38.78222],[-77.327872,38.78223],[-77.327652,38.782229],[-77.327387,38.784019],[-77.327056,38.785966],[-77.32666,38.78823],[-77.323425,38.787062],[-77.318519,38.786617],[-77.313659,38.785659],[-77.312543,38.785241],[-77.309179,38.7824],[-77.308214,38.781856],[-77.304338,38.779935],[-77.300827,38.778469],[-77.297257,38.776346],[-77.299065,38.775791],[-77.300761,38.774952],[-77.30886,38.769894],[-77.313756,38.766888],[-77.312054,38.765123],[-77.310172,38.762517],[-77.307216,38.758327],[-77.305685,38.756372],[-77.30305,38.754199],[-77.301418,38.753232],[-77.301569,38.753038],[-77.3068,38.752305],[-77.311922,38.752067],[-77.317244,38.75129],[-77.315219,38.748507],[-77.316385,38.747537],[-77.316967,38.746219],[-77.316811,38.745386],[-77.315512,38.744859],[-77.31319,38.746339],[-77.312095,38.745189],[-77.31045,38.744256],[-77.3102,38.741553],[-77.309613,38.740874],[-77.310148,38.740848],[-77.3105,38.740799],[-77.310686,38.74073],[-77.310779,38.740554],[-77.310912,38.74042],[-77.311031,38.740394],[-77.311149,38.740291],[-77.311337,38.740311],[-77.311455,38.740425],[-77.311453,38.740544],[-77.311373,38.740626],[-77.31136,38.740811],[-77.311205,38.741075],[-77.311228,38.741233],[-77.311386,38.74148],[-77.311944,38.741822],[-77.312249,38.742109],[-77.312509,38.742282],[-77.312744,38.742338],[-77.312978,38.742468],[-77.313131,38.74238],[-77.313351,38.742416],[-77.31356,38.742339],[-77.31366,38.742225],[-77.314061,38.741275],[-77.31614,38.742356],[-77.319298,38.745192],[-77.319947,38.744961],[-77.321748,38.746084],[-77.323467,38.745967],[-77.324924,38.745354],[-77.326386,38.745296],[-77.327693,38.744192],[-77.329296,38.742157],[-77.330909,38.741564],[-77.331315,38.740528],[-77.330797,38.73943],[-77.331345,38.736736],[-77.331809,38.736079],[-77.331058,38.735291],[-77.33177,38.733522],[-77.33215,38.731261],[-77.333281,38.730986],[-77.335709,38.733554],[-77.335895,38.73475],[-77.337789,38.735869],[-77.339444,38.734452],[-77.340713,38.734851],[-77.342767,38.733577],[-77.344698,38.734543],[-77.346019,38.73455],[-77.34619,38.736244],[-77.34508,38.736468],[-77.344777,38.737497],[-77.346311,38.738468],[-77.34666,38.737515],[-77.348464,38.735847],[-77.350508,38.734502],[-77.35248,38.732339],[-77.355207,38.730489],[-77.357144,38.729618],[-77.358768,38.727911],[-77.359459,38.725266],[-77.359123,38.723761],[-77.356678,38.725443],[-77.355762,38.725373],[-77.352344,38.722226],[-77.348981,38.721193],[-77.344381,38.721055],[-77.341903,38.720084],[-77.338199,38.719855],[-77.335378,38.719453],[-77.332694,38.71838],[-77.332296,38.716525],[-77.332522,38.715487],[-77.332964,38.712791],[-77.332797,38.712218],[-77.332498,38.711794],[-77.331638,38.7113],[-77.330653,38.711136],[-77.330039,38.711158],[-77.328883,38.711401],[-77.327136,38.712097],[-77.325521,38.712571],[-77.324409,38.712648],[-77.323345,38.712577],[-77.323267,38.712571],[-77.322987,38.712535],[-77.32274,38.712501],[-77.322446,38.712458],[-77.322317,38.712431],[-77.322192,38.712404],[-77.321752,38.712291],[-77.321515,38.712219],[-77.321461,38.712202],[-77.321326,38.712133],[-77.321217,38.712084],[-77.32111,38.712027],[-77.321025,38.711972],[-77.320922,38.711899],[-77.320808,38.711807],[-77.320725,38.711717],[-77.320605,38.711567],[-77.320505,38.711429],[-77.320372,38.711181],[-77.320329,38.711094],[-77.320282,38.710971],[-77.320233,38.710842],[-77.320197,38.710618],[-77.320183,38.71047],[-77.320168,38.710373],[-77.320162,38.710231],[-77.320146,38.710012],[-77.320149,38.709962],[-77.320149,38.709897],[-77.320157,38.709833],[-77.320175,38.709771],[-77.320199,38.709711],[-77.320231,38.709652],[-77.32027,38.709596],[-77.320317,38.709544],[-77.320363,38.7095],[-77.320428,38.709451],[-77.320492,38.709411],[-77.320686,38.709326],[-77.321014,38.709235],[-77.321833,38.708919],[-77.322827,38.708443],[-77.323521,38.708057],[-77.323911,38.707751],[-77.324342,38.707307],[-77.324698,38.70692],[-77.324862,38.706743],[-77.325027,38.70654],[-77.326908,38.704131],[-77.326409,38.702278],[-77.325378,38.701688],[-77.319511,38.701225],[-77.317154,38.701208],[-77.316347,38.701173],[-77.315709,38.701192],[-77.314116,38.701458],[-77.312751,38.702259],[-77.310191,38.705618],[-77.308567,38.706727],[-77.306868,38.707541],[-77.303235,38.708032],[-77.301273,38.707063],[-77.299868,38.705162],[-77.298759,38.704329],[-77.29365,38.702536],[-77.290353,38.700656],[-77.287121,38.69937],[-77.282404,38.696468],[-77.281142,38.695845],[-77.279262,38.695361],[-77.278296,38.695135],[-77.276383,38.694588],[-77.274978,38.694102],[-77.274106,38.693615],[-77.273305,38.692882],[-77.272815,38.692328],[-77.271994,38.691596],[-77.269261,38.68967],[-77.267772,38.689181],[-77.26703,38.68866],[-77.266055,38.68781],[-77.265128,38.687099],[-77.263422,38.686389],[-77.261958,38.685978],[-77.258197,38.684065],[-77.258024,38.683954],[-77.25478,38.681178],[-77.251943,38.677561],[-77.250445,38.674243],[-77.249701,38.67373],[-77.246131,38.672409],[-77.245756,38.672273],[-77.245387,38.672129],[-77.243601,38.670935],[-77.240744,38.66787],[-77.240631,38.667749],[-77.240352,38.667451],[-77.239495,38.666534],[-77.238474,38.666918],[-77.234212,38.668707],[-77.230122,38.670357],[-77.228779,38.671511],[-77.228213,38.672034],[-77.22714,38.673243],[-77.225945,38.674675],[-77.224961,38.678042],[-77.224384,38.678623],[-77.22166,38.679537],[-77.220036,38.680395],[-77.217432,38.683175],[-77.215209,38.684242],[-77.2115,38.685538],[-77.20885,38.687172],[-77.206705,38.688659],[-77.206606,38.689743],[-77.205469,38.691486],[-77.205462,38.692679],[-77.202441,38.695472],[-77.200936,38.69641],[-77.201383,38.698204],[-77.201362,38.698286],[-77.20123,38.698964],[-77.200988,38.699384],[-77.198017,38.701016],[-77.197726,38.699075],[-77.197238,38.699465],[-77.19526,38.700301],[-77.19529,38.701918],[-77.196189,38.701839],[-77.196917,38.701463],[-77.197396,38.70152],[-77.196943,38.702664],[-77.19439,38.706226],[-77.19298,38.709155],[-77.192964,38.709382],[-77.192806,38.709342],[-77.190472,38.708751],[-77.18749,38.70798],[-77.185408,38.707464],[-77.18288,38.707493],[-77.180037,38.707509],[-77.182775,38.710248],[-77.185544,38.712085],[-77.187866,38.713314],[-77.188404,38.713618],[-77.188574,38.716044],[-77.187636,38.716684],[-77.188562,38.718175],[-77.191027,38.719629],[-77.191166,38.71971],[-77.190454,38.720398],[-77.190347,38.720499],[-77.189066,38.721718],[-77.185603,38.723015],[-77.185502,38.723049],[-77.183182,38.724352],[-77.183001,38.7245],[-77.182444,38.725001],[-77.182332,38.725079],[-77.182188,38.724962],[-77.180557,38.723775],[-77.178707,38.72287],[-77.173915,38.721975],[-77.173188,38.724967],[-77.172391,38.726044],[-77.171952,38.72903],[-77.169774,38.730107],[-77.169146,38.731176],[-77.167593,38.732023],[-77.170501,38.733424],[-77.170809,38.733561],[-77.168859,38.735888],[-77.16823,38.737322],[-77.167206,38.738274],[-77.164829,38.739094],[-77.16325,38.740042],[-77.164983,38.741757],[-77.165571,38.743134],[-77.167382,38.747696],[-77.16749,38.74903],[-77.166136,38.751639],[-77.165666,38.752542],[-77.164938,38.753986],[-77.16465,38.754485],[-77.163126,38.753999],[-77.158891,38.752611],[-77.155391,38.758656],[-77.156661,38.759494],[-77.158776,38.760851],[-77.156842,38.763115],[-77.155748,38.765417],[-77.153565,38.764445],[-77.151377,38.763759],[-77.149721,38.763914],[-77.148861,38.76416],[-77.14802,38.764601],[-77.14335,38.767203],[-77.143816,38.767696],[-77.144357,38.767965],[-77.145372,38.767961],[-77.145803,38.768815],[-77.146781,38.770414],[-77.147662,38.770195],[-77.14867,38.771608],[-77.150031,38.771663],[-77.150167,38.771753],[-77.148804,38.773091],[-77.148574,38.774411],[-77.149507,38.775307],[-77.148848,38.776251],[-77.145643,38.775083],[-77.144414,38.777078],[-77.143761,38.778136],[-77.141917,38.777423],[-77.140516,38.776899],[-77.139974,38.778263],[-77.140976,38.778939],[-77.141112,38.778977],[-77.141379,38.781187],[-77.140358,38.781375],[-77.140631,38.783231],[-77.139792,38.783395],[-77.138244,38.783691],[-77.136072,38.784071],[-77.136401,38.786746],[-77.136564,38.788172],[-77.136726,38.789577],[-77.136989,38.791865],[-77.13708,38.793325],[-77.135521,38.796231],[-77.135391,38.79651],[-77.145092,38.794973],[-77.152736,38.79377],[-77.153082,38.793405],[-77.155354,38.792893],[-77.157786,38.792226],[-77.160858,38.791432],[-77.167544,38.79022],[-77.170962,38.789932],[-77.173232,38.790128],[-77.173597,38.790177],[-77.175091,38.790546],[-77.176004,38.790817],[-77.176186,38.790869],[-77.17895,38.784972],[-77.179909,38.782001],[-77.179994,38.781804],[-77.180467,38.781964],[-77.179726,38.784132],[-77.18007,38.786109],[-77.180227,38.78721],[-77.17991,38.7879],[-77.17967,38.789622],[-77.180987,38.790379],[-77.180657,38.791105],[-77.182726,38.792084],[-77.183916,38.792583],[-77.183503,38.793449],[-77.186244,38.794327],[-77.18616,38.794955],[-77.186133,38.795167],[-77.190389,38.796408],[-77.193856,38.797198],[-77.194209,38.797057],[-77.197722,38.795654],[-77.201698,38.794072],[-77.205702,38.793241],[-77.218725,38.792767],[-77.218782,38.792764],[-77.218745,38.793051],[-77.218715,38.793128],[-77.219004,38.793713],[-77.216214,38.794298],[-77.215163,38.795007],[-77.213283,38.797631],[-77.214299,38.798958],[-77.213716,38.800258],[-77.211904,38.803166],[-77.211878,38.803256],[-77.211829,38.80343],[-77.211811,38.803494],[-77.213186,38.805317],[-77.213206,38.805439],[-77.214882,38.807807],[-77.215542,38.808857],[-77.217026,38.810878],[-77.217278,38.811222],[-77.217387,38.811394],[-77.217585,38.81139],[-77.219766,38.814357],[-77.22074,38.815615],[-77.22132,38.816977],[-77.221818,38.818306],[-77.222063,38.819558],[-77.222129,38.820355],[-77.222102,38.821697],[-77.222022,38.82228],[-77.221746,38.823431],[-77.221349,38.82445],[-77.220906,38.825324],[-77.219268,38.828475],[-77.218572,38.830157],[-77.218113,38.831976],[-77.217976,38.833027],[-77.217931,38.834253],[-77.217931,38.834435],[-77.217989,38.835296],[-77.21834,38.837213],[-77.218744,38.838592],[-77.219243,38.840676],[-77.219554,38.842237],[-77.219803,38.844427],[-77.219851,38.845411],[-77.219718,38.853808],[-77.219969,38.865705],[-77.21997,38.865854],[-77.220057,38.873635],[-77.220434,38.875787],[-77.220455,38.875882],[-77.221335,38.880122],[-77.221297,38.882663],[-77.22014,38.885788],[-77.219777,38.88646],[-77.219423,38.887144],[-77.217705,38.890062],[-77.217483,38.890462],[-77.217448,38.890523],[-77.215383,38.8945],[-77.215275,38.894792],[-77.215088,38.895329],[-77.215004,38.895608],[-77.214939,38.895858],[-77.214865,38.896169],[-77.214829,38.896372],[-77.214793,38.89657],[-77.214776,38.896699],[-77.21474,38.896972],[-77.214724,38.897149],[-77.214696,38.897451],[-77.214677,38.897832],[-77.214675,38.898122],[-77.214903,38.900577],[-77.21591,38.903496],[-77.21624,38.904536],[-77.216537,38.90558],[-77.217375,38.910129],[-77.214683,38.908681],[-77.214578,38.908796],[-77.214495,38.908882],[-77.215546,38.909754],[-77.214345,38.911542],[-77.212617,38.913829],[-77.212378,38.913947],[-77.211169,38.914631],[-77.209875,38.915397],[-77.208649,38.916197],[-77.207905,38.916633],[-77.206912,38.917238],[-77.205934,38.917825],[-77.204954,38.918415],[-77.203929,38.919039],[-77.20094,38.92073],[-77.200875,38.920768],[-77.200077,38.921276],[-77.199028,38.921888],[-77.198053,38.922458],[-77.197089,38.923001],[-77.196544,38.923308],[-77.196391,38.923392],[-77.196244,38.923473],[-77.198135,38.926165],[-77.199383,38.9272],[-77.199619,38.927317],[-77.203114,38.9289],[-77.203317,38.928973],[-77.21023,38.931487],[-77.209449,38.932861],[-77.207807,38.935885],[-77.204883,38.941421],[-77.202518,38.945531],[-77.201896,38.946497],[-77.199644,38.948901],[-77.19599,38.951834],[-77.193817,38.954525],[-77.193766,38.954607],[-77.191896,38.95864],[-77.190749,38.959933],[-77.188552,38.96123],[-77.182977,38.963626],[-77.180415,38.965763],[-77.179617,38.968301],[-77.179814,38.968328],[-77.1812,38.968765],[-77.183163,38.968647],[-77.18417,38.96785],[-77.189675,38.96757],[-77.19122,38.968059],[-77.194603,38.96777],[-77.197774,38.96674],[-77.202689,38.967701],[-77.20457,38.968423],[-77.206193,38.969589],[-77.20817,38.970252],[-77.210256,38.970054],[-77.21152,38.969344],[-77.21275,38.96958],[-77.21287,38.969711],[-77.2131,38.969795],[-77.21338,38.969769],[-77.213648,38.969796],[-77.213894,38.969884],[-77.214093,38.970021],[-77.214417,38.970359],[-77.214578,38.970459],[-77.21486,38.970556],[-77.215132,38.970581],[-77.215474,38.970577],[-77.215898,38.970681],[-77.216824,38.971054],[-77.217097,38.971089],[-77.217512,38.971098],[-77.217793,38.971158],[-77.218604,38.971491],[-77.21893,38.971574],[-77.219272,38.971589],[-77.219542,38.971552],[-77.219998,38.971432],[-77.220354,38.97136],[-77.22068,38.971321],[-77.221001,38.971325],[-77.221344,38.971377],[-77.222093,38.971612],[-77.223566,38.972047],[-77.223953,38.972219],[-77.225244,38.973099],[-77.225722,38.973462],[-77.226185,38.973891],[-77.226383,38.974105],[-77.226774,38.974647],[-77.226933,38.974918],[-77.227168,38.975399],[-77.227241,38.975609],[-77.227367,38.976111],[-77.227583,38.976703],[-77.228026,38.977563],[-77.228496,38.978329],[-77.228589,38.978499],[-77.228781,38.978746],[-77.229141,38.979083],[-77.229577,38.979516],[-77.229896,38.979693],[-77.230221,38.979752],[-77.230477,38.979726],[-77.230602,38.979645],[-77.23094,38.979283],[-77.231435,38.979255],[-77.231592,38.979313],[-77.231917,38.979304],[-77.232078,38.979344],[-77.23228,38.979311],[-77.232457,38.979166],[-77.232774,38.978717],[-77.232873,38.978291],[-77.233008,38.978136],[-77.233211,38.978053],[-77.233424,38.977854],[-77.233505,38.977722],[-77.233568,38.977401],[-77.233626,38.977333],[-77.23382,38.97726],[-77.234103,38.976801],[-77.234396,38.976392],[-77.234635,38.976145],[-77.234875,38.975976],[-77.235502,38.976583],[-77.236209,38.976922],[-77.239902,38.980709],[-77.24155,38.981615],[-77.245067,38.982782],[-77.245322,38.984017],[-77.246785,38.987382],[-77.247013,38.987949],[-77.247083,38.988044],[-77.247147,38.988327],[-77.247286,38.988548],[-77.247383,38.988785],[-77.247469,38.989136],[-77.247711,38.989484],[-77.247865,38.989991],[-77.248018,38.990302],[-77.24821,38.990839],[-77.248229,38.991189],[-77.248543,38.992466],[-77.248654,38.99269],[-77.248895,38.992991],[-77.249331,38.993658],[-77.249526,38.993849],[-77.249917,38.994006],[-77.249958,38.994123],[-77.24986,38.994327],[-77.249862,38.994501],[-77.24998,38.994645],[-77.250339,38.994817],[-77.25066,38.994848],[-77.251538,38.994985],[-77.251753,38.995147],[-77.25248,38.995415],[-77.252794,38.995415],[-77.25294,38.995451],[-77.252972,38.995521],[-77.252913,38.995714],[-77.252923,38.995868],[-77.253063,38.996191],[-77.25325,38.99651],[-77.253496,38.996763],[-77.253523,38.996849],[-77.253464,38.997042],[-77.253544,38.997293],[-77.253581,38.997637],[-77.253633,38.997828],[-77.253712,38.997909],[-77.254034,38.998082],[-77.254222,38.998296],[-77.254268,38.998573],[-77.254527,38.998864],[-77.254725,38.999348],[-77.254746,38.999449],[-77.254634,38.999678],[-77.254623,38.999781],[-77.255025,39.000878],[-77.255172,39.001029],[-77.255507,39.001305],[-77.25568,39.001542],[-77.255751,39.001749],[-77.255759,39.001991],[-77.255505,39.00304],[-77.255476,39.003459],[-77.255426,39.003802],[-77.255274,39.004152],[-77.255235,39.004349],[-77.255335,39.004653],[-77.255324,39.004876],[-77.255059,39.005394],[-77.254923,39.005742],[-77.254783,39.005962],[-77.254545,39.006154],[-77.254402,39.006352],[-77.254333,39.006898],[-77.254265,39.00713],[-77.253259,39.009158],[-77.251434,39.011614],[-77.250065,39.012691],[-77.247908,39.013884],[-77.246868,39.014866],[-77.245347,39.018264],[-77.244841,39.020339],[-77.245093,39.022146],[-77.246317,39.024681],[-77.247698,39.026038],[-77.250509,39.027226],[-77.254378,39.029567],[-77.258361,39.030362],[-77.260337,39.031189],[-77.268076,39.032226],[-77.273191,39.033872],[-77.275037,39.034284],[-77.277637,39.035833],[-77.279215,39.037115],[-77.282661,39.03932],[-77.283246,39.039563],[-77.286073,39.041348],[-77.287715,39.042931],[-77.289859,39.044481],[-77.293066,39.046469],[-77.295141,39.047381],[-77.299772,39.048916],[-77.304662,39.05137],[-77.306969,39.052086],[-77.308861,39.052245],[-77.311157,39.051813],[-77.312931,39.051798],[-77.316945,39.05269],[-77.318527,39.053589],[-77.320171,39.053558],[-77.323014,39.055446],[-77.323903,39.055584],[-77.32688,39.057376],[-77.328318,39.057678],[-77.334249,39.051695],[-77.33564,39.050292],[-77.337245,39.048672],[-77.34062,39.045263],[-77.348959,39.036815],[-77.350479,39.035301],[-77.3517,39.034065],[-77.353351,39.032401],[-77.358725,39.026992],[-77.362502,39.023177],[-77.362656,39.023023],[-77.365365,39.020279],[-77.366058,39.019579],[-77.37041,39.015177],[-77.371103,39.01448],[-77.371316,39.014265],[-77.372928,39.012628],[-77.373499,39.012056],[-77.375698,39.009835],[-77.375944,39.009585],[-77.378344,39.007161],[-77.380031,39.005447],[-77.380968,39.0045],[-77.385594,38.999822],[-77.391124,38.994233],[-77.394338,38.990984],[-77.394491,38.990827],[-77.396224,38.989078],[-77.400955,38.984292],[-77.40257,38.982649],[-77.408568,38.976591],[-77.413055,38.97205],[-77.413524,38.971573],[-77.413885,38.971209],[-77.414345,38.970744],[-77.418544,38.966496],[-77.421792,38.963205],[-77.421895,38.963106],[-77.422218,38.962775],[-77.422416,38.962579],[-77.422655,38.962334],[-77.422788,38.9622],[-77.428082,38.956838],[-77.429278,38.95563],[-77.429379,38.955523],[-77.42948,38.955425],[-77.429637,38.955264],[-77.432198,38.952673],[-77.432215,38.952656],[-77.433301,38.951556],[-77.448034,38.936631],[-77.454284,38.930299],[-77.458417,38.926128],[-77.461232,38.923263],[-77.461327,38.923166],[-77.46179,38.922696],[-77.461862,38.922623],[-77.464016,38.92044],[-77.464193,38.920259],[-77.465651,38.91878],[-77.467448,38.916958],[-77.469501,38.914877],[-77.469572,38.914805],[-77.469676,38.914698],[-77.473111,38.911215],[-77.473248,38.911077],[-77.479063,38.905176],[-77.481965,38.902231],[-77.485021,38.899128],[-77.492128,38.891918],[-77.495633,38.888363],[-77.496821,38.887154],[-77.493763,38.885616],[-77.485567,38.881686],[-77.478831,38.87838],[-77.477375,38.8784],[-77.476048,38.877099],[-77.472514,38.875414],[-77.472403,38.875338],[-77.47233,38.875287],[-77.471652,38.874906],[-77.468089,38.872598],[-77.464636,38.869301],[-77.463803,38.86765],[-77.468492,38.865012],[-77.469958,38.864377],[-77.471497,38.862905],[-77.47215,38.863108],[-77.476782,38.862484],[-77.47759,38.863003],[-77.47757,38.863075],[-77.477659,38.863111],[-77.477672,38.863071],[-77.477735,38.862963],[-77.477865,38.862801],[-77.477909,38.862764],[-77.478162,38.862634],[-77.478202,38.862617],[-77.478359,38.862571],[-77.478429,38.862543],[-77.478453,38.862544],[-77.478482,38.862575],[-77.478504,38.862583],[-77.478528,38.862555],[-77.478546,38.862481],[-77.478734,38.862145],[-77.4788,38.862016],[-77.478843,38.861961],[-77.478875,38.861928],[-77.47893,38.86188],[-77.478968,38.861858],[-77.479104,38.861813],[-77.479217,38.861795],[-77.479272,38.861781],[-77.479399,38.86174],[-77.479425,38.861717],[-77.479524,38.861552],[-77.47956,38.861522],[-77.479588,38.861513],[-77.47947,38.861224],[-77.479341,38.861094],[-77.479252,38.861024],[-77.479204,38.860973],[-77.479045,38.860764],[-77.479027,38.86073],[-77.478957,38.860636],[-77.478875,38.860502],[-77.478842,38.860459],[-77.478785,38.860403],[-77.478745,38.860341],[-77.478714,38.86027],[-77.478596,38.860068],[-77.478555,38.859973],[-77.478506,38.8598],[-77.478331,38.859402],[-77.478292,38.859303],[-77.478268,38.859222],[-77.478251,38.859134],[-77.478231,38.85891],[-77.478251,38.858533],[-77.478254,38.857451],[-77.477974,38.855428],[-77.478062,38.854639],[-77.477814,38.852629],[-77.477625,38.851933],[-77.477838,38.852226],[-77.477488,38.850752],[-77.47742,38.850212],[-77.476867,38.849379],[-77.476183,38.847858],[-77.475476,38.847107],[-77.475023,38.846075],[-77.474143,38.84588],[-77.473409,38.846153],[-77.473137,38.846493],[-77.472619,38.847854],[-77.472419,38.848086],[-77.471846,38.848238],[-77.470227,38.848022],[-77.469143,38.847495],[-77.468593,38.84732],[-77.466905,38.846382],[-77.465846,38.84564],[-77.465748,38.845575],[-77.46565,38.845469],[-77.465579,38.845425],[-77.465381,38.845192],[-77.46529,38.845072],[-77.465239,38.844961],[-77.465177,38.844843],[-77.465164,38.844737],[-77.465089,38.844629],[-77.465055,38.844567],[-77.464969,38.844464],[-77.46493,38.844431],[-77.46491,38.844399],[-77.464908,38.84438],[-77.464916,38.844357],[-77.464894,38.844316],[-77.464823,38.844219],[-77.464721,38.844048],[-77.464721,38.84401],[-77.464719,38.843966],[-77.464688,38.843914],[-77.46464,38.843859],[-77.464604,38.843797],[-77.464537,38.843663],[-77.464513,38.843653],[-77.464472,38.84366],[-77.464439,38.843659],[-77.464422,38.843646],[-77.464341,38.843489],[-77.464344,38.843471],[-77.464334,38.843421],[-77.464316,38.843378],[-77.464349,38.843356],[-77.464333,38.843327],[-77.464296,38.843299],[-77.464252,38.843277],[-77.464187,38.843223],[-77.464147,38.84318],[-77.464055,38.843114],[-77.463931,38.843038],[-77.463882,38.843001],[-77.463843,38.842965],[-77.463762,38.842866],[-77.463689,38.842738],[-77.463614,38.842608],[-77.463525,38.842396],[-77.46352,38.842374],[-77.463513,38.842344],[-77.463515,38.842284],[-77.463527,38.842239],[-77.463647,38.842043],[-77.463678,38.841971],[-77.463729,38.841878],[-77.463775,38.841836],[-77.463824,38.841745],[-77.463842,38.841665],[-77.463866,38.84162],[-77.463898,38.84159],[-77.463984,38.841537],[-77.464091,38.841481],[-77.464135,38.841471],[-77.464223,38.841472],[-77.464277,38.841479],[-77.464357,38.841497],[-77.464422,38.841517],[-77.464502,38.841525],[-77.464588,38.841525],[-77.464836,38.84148],[-77.464979,38.841354],[-77.464984,38.84121],[-77.464932,38.840995],[-77.464813,38.840873],[-77.464564,38.84069],[-77.46436,38.840633],[-77.463965,38.840438],[-77.46387,38.840364],[-77.463319,38.840192],[-77.462969,38.839981],[-77.462909,38.839796],[-77.462942,38.839608],[-77.463124,38.83935],[-77.463444,38.839204],[-77.464189,38.839041],[-77.464403,38.839181],[-77.464658,38.839185],[-77.464778,38.839104],[-77.464833,38.838943],[-77.464804,38.838682],[-77.464613,38.838448],[-77.464539,38.838285],[-77.464597,38.838048],[-77.46448,38.838008],[-77.464316,38.837877],[-77.464234,38.837716],[-77.464109,38.837312],[-77.463954,38.83718],[-77.463727,38.837091],[-77.463738,38.836869],[-77.46388,38.836732],[-77.464008,38.836508],[-77.464127,38.836065],[-77.464142,38.835908],[-77.464419,38.835647],[-77.464488,38.835816],[-77.464616,38.835489],[-77.46499,38.835248],[-77.465374,38.834919],[-77.465733,38.834671],[-77.466004,38.83433],[-77.466009,38.834161],[-77.46591,38.833937],[-77.465786,38.833832],[-77.465459,38.833837],[-77.465216,38.833802],[-77.464644,38.833668],[-77.464231,38.833519],[-77.464007,38.833407],[-77.46382,38.833364],[-77.463645,38.833232],[-77.46355,38.833146],[-77.463332,38.83293],[-77.463077,38.832631],[-77.463014,38.83252],[-77.462972,38.832229],[-77.462976,38.832014],[-77.463075,38.831504],[-77.462905,38.831152],[-77.462616,38.83082],[-77.462231,38.8306],[-77.461135,38.830386],[-77.461047,38.83033],[-77.460728,38.830303],[-77.460719,38.830273],[-77.460402,38.830238],[-77.460202,38.830157],[-77.459504,38.829727],[-77.459407,38.829535],[-77.459229,38.829352],[-77.458893,38.829083],[-77.458754,38.828882],[-77.458376,38.828583],[-77.458232,38.828415],[-77.458082,38.828072],[-77.458141,38.82791],[-77.458104,38.827612],[-77.457978,38.827366],[-77.457992,38.827064],[-77.458082,38.82689],[-77.458326,38.826636],[-77.458342,38.826527],[-77.45827,38.826344],[-77.45833,38.826188],[-77.45826,38.826145],[-77.457698,38.825801],[-77.457456,38.825667],[-77.459453,38.824009],[-77.464862,38.820419],[-77.462664,38.81916],[-77.459731,38.818537],[-77.458905,38.816973],[-77.457818,38.815122],[-77.456587,38.812952],[-77.455801,38.811701],[-77.453576,38.811118],[-77.450751,38.810754],[-77.449728,38.81],[-77.44907,38.809882],[-77.448718,38.810009],[-77.448746,38.809753],[-77.446465,38.808864],[-77.444484,38.809533],[-77.444199,38.809455],[-77.441698,38.808169],[-77.439893,38.807602],[-77.438198,38.806248],[-77.435847,38.805213],[-77.43581,38.805197],[-77.431399,38.804814],[-77.429185,38.805476],[-77.428164,38.805706],[-77.425457,38.804851],[-77.421431,38.802139],[-77.420113,38.803886],[-77.419531,38.807221],[-77.418819,38.809516],[-77.417745,38.811002],[-77.415733,38.813026],[-77.415423,38.814267],[-77.414127,38.816332],[-77.413191,38.818039],[-77.413313,38.819853],[-77.412231,38.819623],[-77.409573,38.817526],[-77.406904,38.816787],[-77.405402,38.815292],[-77.405382,38.815264],[-77.403577,38.814599],[-77.399715,38.814323],[-77.397862,38.81164],[-77.397795,38.812767],[-77.397438,38.820431],[-77.398087,38.823482],[-77.398661,38.824464],[-77.403381,38.829914],[-77.40349,38.830038],[-77.405146,38.831871],[-77.405927,38.833458],[-77.405854,38.835002],[-77.405006,38.838737],[-77.404842,38.840009],[-77.404832,38.840111],[-77.404617,38.840119],[-77.399876,38.840227],[-77.397167,38.840451],[-77.393382,38.841255]]]]}}],"labels":{"type":"FeatureCollection","features":[{"type":"Feature","properties":{"id":"1","NAME":"1","featureLabel":{"left":-76.57089629854205,"right":-76.57089629854205,"top":37.61014405494308,"bottom":37.61014405494308},"text-field":"1"},"geometry":{"type":"Point","coordinates":[-76.57089629854205,37.61014405494308]}},{"type":"Feature","properties":{"id":"2","NAME":"2","featureLabel":{"left":-75.85273384516526,"right":-75.85273384516526,"top":37.61462582826614,"bottom":37.61462582826614},"text-field":"2"},"geometry":{"type":"Point","coordinates":[-75.85273384516526,37.61462582826614]}},{"type":"Feature","properties":{"id":"3","NAME":"3","featureLabel":{"left":-76.29241292111966,"right":-76.29241292111966,"top":36.98393177884674,"bottom":36.98393177884674},"text-field":"3"},"geometry":{"type":"Point","coordinates":[-76.29241292111966,36.98393177884674]}},{"type":"Feature","properties":{"id":"4","NAME":"4","featureLabel":{"left":-77.40127058496091,"right":-77.40127058496091,"top":36.91202728222657,"bottom":36.91202728222657},"text-field":"4"},"geometry":{"type":"Point","coordinates":[-77.40127058496091,36.91202728222657]}},{"type":"Feature","properties":{"id":"5","NAME":"5","featureLabel":{"left":-78.63301669819641,"right":-78.63301669819641,"top":37.302237597396825,"bottom":37.302237597396825},"text-field":"5"},"geometry":{"type":"Point","coordinates":[-78.63301669819641,37.302237597396825]}},{"type":"Feature","properties":{"id":"6","NAME":"6","featureLabel":{"left":-79.59328259090995,"right":-79.59328259090995,"top":37.96257090491677,"bottom":37.96257090491677},"text-field":"6"},"geometry":{"type":"Point","coordinates":[-79.59328259090995,37.96257090491677]}},{"type":"Feature","properties":{"id":"7","NAME":"7","featureLabel":{"left":-77.49348475349808,"right":-77.49348475349808,"top":38.198660629039765,"bottom":38.198660629039765},"text-field":"7"},"geometry":{"type":"Point","coordinates":[-77.49348475349808,38.198660629039765]}},{"type":"Feature","properties":{"id":"8","NAME":"8","featureLabel":{"left":-77.15115145532226,"right":-77.15115145532226,"top":38.863627114501945,"bottom":38.863627114501945},"text-field":"8"},"geometry":{"type":"Point","coordinates":[-77.15115145532226,38.863627114501945]}},{"type":"Feature","properties":{"id":"9","NAME":"9","featureLabel":{"left":-80.55304460298534,"right":-80.55304460298534,"top":36.98849895109177,"bottom":36.98849895109177},"text-field":"9"},"geometry":{"type":"Point","coordinates":[-80.55304460298534,36.98849895109177]}},{"type":"Feature","properties":{"id":"10","NAME":"10","featureLabel":{"left":-77.73803696556091,"right":-77.73803696556091,"top":38.869993045913695,"bottom":38.869993045913695},"text-field":"10"},"geometry":{"type":"Point","coordinates":[-77.73803696556091,38.869993045913695]}},{"type":"Feature","properties":{"id":"11","NAME":"11","featureLabel":{"left":-77.32353468362423,"right":-77.32353468362423,"top":38.91653374563599,"bottom":38.91653374563599},"text-field":"11"},"geometry":{"type":"Point","coordinates":[-77.32353468362423,38.91653374563599]}}]}}