GEOID20,District
150010201001000,1
150010201001001,1
150010201001002,1
150010201001003,1
150010201001004,1
150010201001005,1
150010201001006,1
150010201001007,1
150010201001008,1
150010201001009,1
150010201001010,1
150010201001011,1
150010201001012,1
150010201001013,1
150010201001014,1
150010201001015,1
150010201001016,1
150010201001017,1
150010201001018,1
150010201001019,1
150010201001020,1
150010201001021,1
150010201001022,1
150010201001023,1
150010201001024,1
150010201001025,1
150010201002000,1
150010201002001,1
150010201002002,1
150010201002003,1
150010201002004,1
150010201002005,1
150010201002006,1
150010201002007,1
150010201002008,1
150010201002009,1
150010201002010,1
150010201002011,1
150010201002012,1
150010201002013,1
150010201002014,1
150010201002015,1
150010201002016,1
150010201002017,1
150010201002018,1
150010201002019,1
150010201002020,1
150010201002021,1
150010201002022,1
150010201002023,1
150010201002024,1
150010201002025,1
150010201002026,1
150010201002027,1
150010201002028,1
150010201002029,1
150010201002030,1
150010201002031,1
150010201002032,1
150010201002033,1
150010201002034,1
150010201002035,1
150010201002036,1
150010201002037,1
150010201002038,1
150010201002039,1
150010201002040,1
150010201002041,1
150010201002042,1
150010201002043,1
150010201002044,1
150010201002045,1
150010201002046,1
150010201002047,1
150010201002048,1
150010201002049,1
150010201002050,1
150010201002051,1
150010201002052,1
150010201002053,1
150010201002054,1
150010201002055,1
150010201002056,1
150010201003000,1
150010201003001,1
150010201003002,1
150010201003003,1
150010201003004,1
150010201003005,1
150010201003006,1
150010201003007,1
150010201003008,1
150010201003009,1
150010201003010,1
150010201003011,1
150010201003012,1
150010201003013,1
150010201003014,1
150010201003015,1
150010201003016,1
150010201003017,1
150010201003018,1
150010201003019,1
150010201003020,1
150010201003021,1
150010201003022,1
150010201003023,1
150010201003024,1
150010201003025,1
150010201003026,1
150010201003027,1
150010201003028,1
150010201003029,1
150010201003030,1
150010201003031,1
150010201003032,1
150010201003033,1
150010201003034,1
150010201003035,1
150010201003036,1
150010201003037,1
150010201003038,1
150010201003039,1
150010201003040,1
150010201003041,1
150010201003042,1
150010201003043,1
150010201003044,1
150010201003045,1
150010201003046,1
150010201003047,1
150010201003048,1
150010201003049,1
150010201003050,1
150010201003051,1
150010201003052,1
150010201003053,1
150010201003054,1
150010201003055,1
150010201003056,1
150010201003057,1
150010201003058,1
150010201003059,1
150010201003060,1
150010201003061,1
150010201003062,1
150010201003063,1
150010201003064,1
150010201003065,1
150010201003066,1
150010201003067,1
150010201003068,1
150010201003069,1
150010201003070,1
150010201003071,1
150010201003072,1
150010201003073,1
150010201003074,1
150010201003075,1
150010201003076,1
150010201003077,1
150010201003078,1
150010201003079,1
150010201003080,1
150010201003081,1
150010201003082,1
150010201003083,1
150010201003084,1
150010201003085,1
150010201003086,1
150010201003087,1
150010201003088,1
150010201003089,1
150010201004000,1
150010201004001,1
150010201004002,1
150010201004003,1
150010201004004,1
150010201004005,1
150010201004006,1
150010201004007,1
150010201004008,1
150010201004009,1
150010201004010,1
150010201004011,1
150010201004012,1
150010201004013,1
150010201004014,1
150010201004015,1
150010201004016,1
150010201004017,1
150010201004018,1
150010201004019,1
150010201004020,1
150010201004021,1
150010201004022,1
150010201004023,1
150010201004024,1
150010201004025,1
150010201004026,1
150010201004027,1
150010201004028,1
150010201004029,1
150010201004030,1
150010201004031,1
150010201004032,1
150010201004033,1
150010201004034,1
150010201004035,1
150010201004036,1
150010201004037,1
150010202022000,1
150010202022001,1
150010202022002,1
150010202022003,1
150010202022004,1
150010202022005,1
150010202022006,1
150010202022007,1
150010202022008,1
150010202022009,1
150010202022010,1
150010202022011,1
150010202022012,1
150010202022013,1
150010202022014,1
150010202022015,1
150010202022016,1
150010202022017,1
150010202022018,1
150010202022019,1
150010202022020,1
150010202022021,1
150010202022022,1
150010202022023,1
150010202022024,1
150010202022025,1
150010203001000,1
150010203001001,1
150010203001002,1
150010203001003,1
150010203001004,1
150010203001005,1
150010203001006,1
150010203001007,1
150010203001008,1
150010203001009,1
150010203001010,1
150010204001000,2
150010204001001,2
150010204001002,2
150010204001003,2
150010204001004,2
150010204001005,2
150010204001006,2
150010204001007,2
150010204001008,2
150010204001009,2
150010204001010,2
150010204001011,2
150010204002000,2
150010204002001,2
150010204002002,2
150010204002003,2
150010204002004,2
150010204002005,2
150010206001000,3
150010206001001,3
150010206001002,3
150010206001003,3
150010206001004,3
150010206001005,3
150010206001006,3
150010206001007,3
150010206001008,3
150010206001009,3
150010206001010,3
150010206001011,3
150010206001012,3
150010206001013,3
150010206001014,3
150010206001015,3
150010206001016,3
150010206001017,3
150010206001018,3
150010206001019,3
150010206001020,3
150010206001021,3
150010206001022,3
150010206001023,3
150010206001024,3
150010206001025,3
150010206001026,3
150010206001027,3
150010206001028,3
150010206001029,3
150010206001030,3
150010206001031,3
150010206001032,3
150010206001033,3
150010206001034,3
150010206001035,3
150010206001036,3
150010206001037,3
150010206002000,3
150010206002001,3
150010206002002,3
150010206002003,3
150010206002004,3
150010206002005,3
150010206002006,3
150010206002007,3
150010206002008,3
150010206002009,3
150010206002010,3
150010206002011,3
150010206002012,3
150010206002013,3
150010206002014,3
150010206002015,3
150010206002016,3
150010206002017,3
150010206002018,3
150010206002019,3
150010206002020,3
150010206002021,3
150010206002022,3
150010206002023,3
150010206002024,3
150010206002025,3
150010206002026,3
150010206002027,3
150010206002028,3
150010206002029,3
150010206002030,3
150010206002031,3
150010206002032,3
150010206002033,3
150010206002034,3
150010206002035,3
150010206002036,3
150010206002037,3
150010206002038,3
150010206002039,3
150010206002040,3
150010206002041,3
150010206002042,3
150010206002043,3
150010206002044,3
150010206002045,3
150010206002046,3
150010206002047,3
150010206002048,3
150010206002049,3
150010206002050,3
150010206002051,3
150010206002052,3
150010206002053,3
150010206002054,3
150010206002055,3
150010206002056,3
150010206002057,3
150010206002058,3
150010206003000,3
150010206003001,3
150010206003002,3
150010206003003,3
150010206003004,3
150010206003005,3
150010206003006,3
150010206003007,3
150010206003008,3
150010206003009,3
150010206003010,3
150010206003011,3
150010206003012,3
150010206003013,3
150010206003014,3
150010206003015,3
150010206003016,3
150010206003017,3
150010206003018,3
150010206003019,3
150010206003020,3
150010206003021,3
150010206003022,3
150010206003023,3
150010206003024,3
150010206004000,3
150010206004001,3
150010206004002,3
150010206004003,3
150010206004004,3
150010206004005,3
150010206004006,3
150010206004007,3
150010206004008,3
150010206004009,3
150010206004010,3
150010206004011,3
150010206004012,3
150010206004013,3
150010206004014,3
150010206004015,3
150010206004016,3
150010206004017,3
150010206004018,3
150010206004019,3
150010206004020,3
150010206004021,3
150010206004022,3
150010206004023,3
150010206004024,3
150010206004025,3
150010206004026,3
150010206004027,3
150010206004028,3
150010206004029,3
150010206004030,3
150010206004031,3
150010206004032,3
150010206004033,3
150010206004034,3
150010206004035,3
150010206004036,3
150010206004037,3
150010206004038,3
150010206004039,3
150010206004040,3
150010207013000,2
150010207013001,2
150010207013002,2
150010207013003,2
150010207013004,2
150010207013005,2
150010207021000,2
150010207021001,2
150010207021002,2
150010207021003,2
150010207021004,2
150010207021005,2
150010207021006,2
150010207021007,2
150010207021008,2
150010207021009,2
150010207021010,2
150010207021011,2
150010207021012,2
150010207021013,2
150010207021014,2
150010207022000,2
150010207022001,2
150010207022002,2
150010207022003,2
150010207022004,2
150010207022005,2
150010207022006,2
150010207022007,2
150010207022008,2
150010207022009,2
150010207022010,2
150010207022011,2
150010207022012,2
150010207022013,2
150010207023000,2
150010207023001,2
150010207023002,2
150010207023003,2
150010207023004,2
150010207023005,2
150010207023006,2
150010207023007,2
150010207023008,2
150010207023009,2
150010208011000,2
150010208011001,2
150010208011002,2
150010208011003,2
150010208011004,2
150010208011005,2
150010208011006,2
150010208011007,2
150010208011008,2
150010208011009,2
150010208011010,2
150010208012000,1
150010208012001,1
150010208012002,1
150010208012003,1
150010208012004,1
150010208012005,1
150010208012006,1
150010208012007,1
150010208012008,1
150010208012009,1
150010208012010,1
150010208012011,1
150010208012012,1
150010208012013,1
150010208012014,1
150010208012015,1
150010208012016,1
150010208012017,1
150010208012018,1
150010208012019,1
150010208012020,1
150010208012021,1
150010208012022,1
150010208012023,1
150010208012024,1
150010208012025,1
150010208012026,1
150010208012027,1
150010208012028,1
150010208012029,1
150010208012030,1
150010208012031,1
150010208021000,1
150010208021001,1
150010208021002,1
150010208021003,1
150010208021004,1
150010208021005,1
150010208022000,1
150010208022001,1
150010208022002,1
150010208022003,1
150010208023000,1
150010208023001,1
150010208023002,1
150010208023003,1
150010208023004,1
150010208023005,1
150010208023006,1
150010208023007,1
150010208023008,1
150010208023009,1
150010208023010,1
150010208023011,1
150010208024000,2
150010208024001,2
150010208024002,2
150010208024003,2
150010208024004,2
150010208024005,2
150010208024006,2
150010208024007,2
150010208025000,2
150010208025001,2
150010208025002,2
150010208025003,2
150010209001000,2
150010209001001,2
150010209001002,2
150010209001003,2
150010209002000,2
150010209002001,2
150010209002002,2
150010209002003,2
150010209002004,2
150010209002005,2
150010209002006,2
150010209002007,2
150010209002008,2
150010209002009,2
150010209002010,2
150010209003000,2
150010209003001,2
150010209003002,2
150010209003003,2
150010209004000,2
150010209004001,2
150010209004002,2
150010209004003,2
150010209004004,2
150010209004005,2
150010209004006,2
150010209004007,2
150010209004008,2
150010209004009,2
150010209005000,2
150010209005001,2
150010210031000,3
150010210031001,3
150010210031002,3
150010210031003,3
150010210031004,3
150010210031005,3
150010210031006,3
150010210031007,3
150010210031008,3
150010210031009,3
150010210031010,3
150010210031011,3
150010210031012,3
150010210031013,3
150010210031014,3
150010210031015,3
150010210031016,3
150010210031017,3
150010210031018,3
150010210031019,3
150010210031020,3
150010210031021,3
150010210031022,3
150010210032000,3
150010210032001,3
150010210032002,3
150010210032003,3
150010210032004,3
150010210032005,3
150010210032006,3
150010210032007,3
150010210032008,3
150010210032009,3
150010210032010,3
150010210032011,3
150010210032012,3
150010210032013,3
150010210032014,3
150010210032015,3
150010210032016,3
150010210032017,3
150010210032018,3
150010210032019,3
150010210032020,3
150010210032021,3
150010210032022,3
150010210032023,3
150010210032024,3
150010210033000,3
150010210033001,3
150010210033002,3
150010210033003,3
150010210033004,3
150010210033005,3
150010210033006,3
150010210033007,3
150010210033008,3
150010210033009,3
150010210033010,3
150010210033011,3
150010210033012,3
150010210033013,3
150010210033014,3
150010210033015,3
150010210033016,3
150010210033017,3
150010210033018,3
150010210033019,3
150010210033020,3
150010210033021,3
150010210033022,3
150010210034000,3
150010210034001,3
150010210034002,3
150010210034003,3
150010210034004,3
150010210034005,3
150010210034006,3
150010210034007,3
150010210034008,3
150010210034009,3
150010210034010,3
150010210034011,3
150010210034012,3
150010210034013,3
150010210034014,3
150010210034015,3
150010210035000,3
150010210035001,3
150010210035002,3
150010210035003,3
150010210035004,3
150010210035005,3
150010210035006,3
150010210035007,3
150010210035008,3
150010210035009,3
150010210035010,3
150010210035011,3
150010210035012,3
150010210035013,3
150010210035014,3
150010210035015,3
150010210035016,3
150010210035017,3
150010210035018,3
150010210035019,3
150010210035020,3
150010210035021,3
150010210035022,3
150010210035023,3
150010210035024,3
150010210035025,3
150010210111000,5
150010210111001,5
150010210111002,5
150010210111003,5
150010210111004,5
150010210111005,5
150010210111006,5
150010210111007,5
150010210112000,5
150010210112001,5
150010210112002,5
150010210112003,5
150010210112004,5
150010210112005,5
150010210112006,5
150010210112007,5
150010210112008,5
150010210112009,5
150010210112010,5
150010210112011,5
150010210112012,5
150010210112013,5
150010210112014,5
150010210112015,5
150010210112016,5
150010210112017,5
150010210112018,5
150010210112019,5
150010210112020,5
150010210112021,5
150010210112022,5
150010210112023,5
150010210112024,5
150010210112025,5
150010210112026,5
150010210112027,5
150010210112028,5
150010210112029,5
150010210112030,5
150010210112031,5
150010210112032,5
150010210112033,5
150010210113000,5
150010210113001,5
150010210113002,5
150010210113003,5
150010210113004,5
150010210113005,5
150010210113006,5
150010210113007,5
150010210113008,5
150010210113009,5
150010210113010,5
150010210113011,5
150010210113012,5
150010210113013,5
150010210113014,5
150010210113015,5
150010210113016,5
150010210113017,5
150010210113018,5
150010210113019,5
150010210113020,5
150010210113021,5
150010210113022,5
150010210113023,5
150010210113024,5
150010210113025,5
150010210113026,5
150010210113027,5
150010210113028,5
150010210113029,5
150010210113030,5
150010210113031,5
150010210113032,5
150010210113033,5
150010210113034,5
150010210132000,5
150010210132001,5
150010210132002,5
150010210132003,5
150010210132004,5
150010210132005,5
150010210132006,5
150010210132007,5
150010210132008,5
150010210132009,5
150010210132010,5
150010210132011,5
150010210132012,5
150010210132013,5
150010210132014,5
150010210132015,5
150010210132016,5
150010210132017,5
150010210132018,5
150010210132019,5
150010210132020,5
150010210132021,5
150010210132022,5
150010210132023,5
150010210132024,5
150010210132025,5
150010210132026,5
150010210141000,4
150010210141001,4
150010210141002,4
150010210141003,4
150010210141004,4
150010210142000,4
150010210142001,4
150010210142002,4
150010210142003,4
150010210142004,4
150010210142005,4
150010210142006,4
150010210142007,4
150010210142008,4
150010210142009,4
150010210142010,4
150010210142011,4
150010210142012,4
150010210142013,4
150010210142014,4
150010210142015,4
150010210143000,4
150010210143001,4
150010210143002,4
150010210143003,4
150010210143004,4
150010210143005,4
150010210143006,4
150010210143007,4
150010210143008,4
150010210143009,4
150010210143010,4
150010210143011,4
150010210143012,4
150010210143013,4
150010210143014,4
150010210143015,4
150010210143016,4
150010210143017,4
150010210143018,4
150010210143019,4
150010210143020,4
150010210143021,4
150010210143022,4
150010210143023,4
150010210143024,4
150010210143025,4
150010210143026,4
150010210143027,4
150010210143028,4
150010210143029,4
150010210143030,4
150010210143031,4
150010210143032,4
150010210143033,4
150010210143034,4
150010210152000,4
150010210152001,4
150010210152002,4
150010210152003,4
150010210152004,4
150010210152005,4
150010210152006,4
150010210152007,4
150010210152008,4
150010210152009,4
150010210152010,4
150010210152011,4
150010210152012,4
150010210152013,4
150010210152014,4
150010210152015,4
150010210152016,4
150010210161000,3
150010210161001,3
150010210161002,3
150010210161003,3
150010210161004,3
150010210161005,3
150010210161006,3
150010210161007,3
150010210161008,3
150010210161009,3
150010210161010,3
150010210161011,3
150010210161012,3
150010210161013,3
150010210161014,3
150010210161015,3
150010210161016,3
150010210161017,3
150010210161018,3
150010210161019,3
150010210161020,3
150010210161021,3
150010210161022,3
150010210161023,3
150010210161024,3
150010210161025,3
150010210161026,3
150010210161027,3
150010210161028,3
150010210161029,3
150010210161030,3
150010210161031,3
150010210161032,3
150010210161033,3
150010210161034,3
150010210161035,3
150010210161036,3
150010210161037,3
150010210161038,3
150010210163000,3
150010210163001,3
150010210163002,3
150010210163003,3
150010210163004,3
150010210163005,3
150010210163006,3
150010210163007,3
150010210163008,3
150010210163009,3
150010210163010,3
150010210163011,3
150010210163012,3
150010210163013,3
150010210163014,3
150010210163015,3
150010210163016,3
150010210163017,3
150010210163018,3
150010210163019,3
150010210163020,3
150010210163021,3
150010210163022,3
150010210163023,3
150010210163024,3
150010210171000,5
150010210171001,5
150010210171002,5
150010210171003,5
150010210171004,5
150010210171005,5
150010210171006,5
150010210171007,5
150010210171008,5
150010210171009,5
150010210171010,5
150010210171011,5
150010210171012,5
150010210171013,5
150010210171014,5
150010210171015,5
150010210171016,5
150010210171017,5
150010210171018,5
150010210171019,5
150010210171020,5
150010210171021,5
150010210171022,5
150010210171023,5
150010210171024,5
150010210171025,5
150010210171026,5
150010210171027,5
150010210171028,5
150010210171029,5
150010210171030,5
150010210171031,5
150010210171032,5
150010210171033,5
150010210172000,5
150010210172001,5
150010210172002,5
150010210172003,5
150010210172004,5
150010210172005,5
150010210172006,5
150010210172007,5
150010210172008,5
150010210172009,5
150010210172010,5
150010210172011,5
150010210172012,5
150010210172013,5
150010210172014,5
150010210172015,5
150010210172016,5
150010210172017,5
150010210172018,5
150010210172019,5
150010210172020,5
150010210172021,5
150010210172022,5
150010210172023,5
150010210172024,5
150010210172025,5
150010210172026,5
150010210172027,5
150010210172028,5
150010210172029,5
150010210172030,5
150010210172031,5
150010210172032,5
150010210173000,5
150010210173001,5
150010210173002,5
150010210173003,5
150010210173004,5
150010210173005,5
150010210173006,5
150010210173007,5
150010210173008,5
150010210173009,5
150010210173010,5
150010210173011,5
150010210173012,5
150010210173013,5
150010210173014,5
150010210173015,5
150010210173016,5
150010210173017,5
150010210173018,5
150010210173019,5
150010210173020,5
150010210173021,5
150010210173022,5
150010210173023,5
150010210173024,5
150010210173025,5
150010210173026,5
150010210173027,5
150010210173028,5
150010210173029,5
150010210173030,5
150010210173031,5
150010210173032,5
150010210173033,5
150010210173034,5
150010210173035,5
150010210173036,5
150010210173037,5
150010210173038,5
150010210173039,5
150010210173040,5
150010210173041,5
150010210173042,5
150010210173043,5
150010210173044,5
150010210173045,5
150010210173046,5
150010210173047,5
150010210173048,5
150010210173049,5
150010210173050,5
150010210173051,5
150010210173052,5
150010210173053,5
150010210173054,5
150010211011000,4
150010211011001,4
150010211011002,4
150010211011003,4
150010211011004,4
150010211011005,4
150010211011006,4
150010211011007,4
150010211011008,4
150010211011009,4
150010211011010,4
150010211011011,4
150010211011012,4
150010211011013,4
150010211011014,4
150010211011015,4
150010211011016,4
150010211011017,4
150010211011018,4
150010211011019,4
150010211011020,4
150010211011021,4
150010211011022,4
150010211011023,4
150010211011024,4
150010211011025,4
150010211011026,4
150010211011027,4
150010211011028,4
150010211011029,4
150010211011030,4
150010211011031,4
150010211011032,4
150010211011033,4
150010211011034,4
150010211011035,4
150010211011036,4
150010211012000,4
150010211012001,4
150010211012002,4
150010211012003,4
150010211012004,4
150010211012005,4
150010211012006,4
150010211012007,4
150010211012008,4
150010211012009,4
150010211012010,4
150010211012011,4
150010211012012,4
150010211012013,4
150010211012014,4
150010211012015,4
150010211012016,4
150010211012017,4
150010211012018,4
150010211012019,4
150010211012020,4
150010211012021,4
150010211012022,4
150010211012023,4
150010211012024,4
150010211012025,4
150010211012026,4
150010211012027,4
150010211012028,4
150010211012029,4
150010211012030,4
150010211012031,4
150010211012032,4
150010211012033,4
150010211012034,4
150010211012035,4
150010211012036,4
150010211013000,4
150010211013001,4
150010211013002,4
150010211013003,4
150010211013004,4
150010211013005,4
150010211013006,4
150010211013007,4
150010211013008,4
150010211013009,4
150010211013010,4
150010211013011,4
150010211013012,4
150010211013013,4
150010211013014,4
150010211013015,4
150010211013016,4
150010211013017,4
150010211013018,4
150010211013019,4
150010211013020,4
150010211013021,4
150010211013022,4
150010211013023,4
150010211013024,4
150010211013025,4
150010211013026,4
150010211013027,4
150010211013028,4
150010211013029,4
150010211013030,4
150010211013031,4
150010211013032,4
150010211013033,4
150010211013034,4
150010211013035,4
150010211013036,4
150010211013037,4
150010211013038,4
150010211013039,4
150010211013040,4
150010211013041,4
150010211013042,4
150010211013043,4
150010211013044,4
150010211013045,4
150010211013046,4
150010211013047,4
150010211013048,4
150010211013049,4
150010211013050,4
150010211013051,4
150010211013052,4
150010211013053,4
150010211013054,4
150010211071000,4
150010211071001,4
150010211071002,4
150010211071003,4
150010211071004,4
150010211071005,4
150010211071006,4
150010211071007,4
150010211071008,4
150010211071009,4
150010211071010,4
150010211071011,4
150010211071012,4
150010211071013,4
150010211071014,4
150010211071015,4
150010211071016,4
150010211071017,4
150010211071018,4
150010211071019,4
150010211071020,4
150010211071021,4
150010211071022,4
150010211071023,4
150010211071024,4
150010211071025,4
150010211071026,4
150010211071027,4
150010211071028,4
150010211071029,4
150010211071030,4
150010211071031,4
150010211071032,4
150010211071033,4
150010211071034,4
150010211071035,4
150010211071036,4
150010211071037,4
150010211071038,4
150010211071039,4
150010211071040,4
150010211071041,4
150010211071042,4
150010211071043,4
150010211071044,4
150010211071045,4
150010211071046,4
150010211081000,4
150010211081001,4
150010211081002,4
150010211081003,4
150010211081004,4
150010211081005,4
150010211081006,4
150010211081007,4
150010211081008,4
150010211081009,4
150010211081010,4
150010211081011,4
150010211081012,4
150010211081013,4
150010211081014,4
150010211081015,4
150010211081016,4
150010211081017,4
150010211081018,4
150010211081019,4
150010211081020,4
150010211081021,4
150010211081022,4
150010211081023,4
150010211081024,4
150010211081025,4
150010211081026,4
150010211081027,4
150010211081028,4
150010211081029,4
150010211081030,4
150010211081031,4
150010211081032,4
150010211081033,4
150010211081034,4
150010211081035,4
150010211081036,4
150010211081037,4
150010211081038,4
150010211081039,4
150010211081040,4
150010211081041,4
150010211081042,4
150010211081043,4
150010211081044,4
150010211081045,4
150010211081046,4
150010211081047,4
150010211081048,4
150010211082000,4
150010211082001,4
150010211082002,4
150010211082003,4
150010211082004,4
150010211082005,4
150010211082006,4
150010211082007,4
150010211082008,4
150010211082009,4
150010211082010,4
150010211082011,4
150010211082012,4
150010211082013,4
150010211082014,4
150010211082015,4
150010211082016,4
150010211082017,4
150010211082018,4
150010211082019,4
150010211082020,4
150010211082021,4
150010211082022,4
150010211082023,4
150010211082024,4
150010211082025,4
150010211082026,4
150010211082027,4
150010211082028,4
150010211082029,4
150010211082030,4
150010211082031,4
150010211082032,4
150010211082033,4
150010211082034,4
150010211082035,4
150010211082036,4
150010211082037,4
150010211082038,4
150010211082039,4
150010211082040,4
150010211082041,4
150010211082042,4
150010211082043,4
150010211082044,4
150010211082045,4
150010211082046,4
150010211082047,4
150010211082048,4
150010211082049,4
150010211082050,4
150010211082051,4
150010211082052,4
150010211082053,4
150010211082054,4
150010211082055,4
150010211082056,4
150010211082057,4
150010211083000,4
150010211083001,4
150010211083002,4
150010211083003,4
150010211083004,4
150010211083005,4
150010211083006,4
150010211083007,4
150010211083008,4
150010211083009,4
150010211083010,4
150010211083011,4
150010211083012,4
150010211083013,4
150010211083014,4
150010211083015,4
150010211083016,4
150010211083017,4
150010211083018,4
150010211083019,4
150010211083020,4
150010211083021,4
150010211083022,4
150010211083023,4
150010211083024,4
150010211083025,4
150010211083026,4
150010211083027,4
150010211083028,4
150010211083029,4
150010211083030,4
150010211083031,4
150010211083032,4
150010211083033,4
150010211083034,4
150010211083035,4
150010211083036,4
150010211083037,4
150010211083038,4
150010211083039,4
150010211083040,4
150010211083041,4
150010211083042,4
150010211083043,4
150010211083044,4
150010211083045,4
150010211083046,4
150010211083047,4
150010211083048,4
150010211083049,4
150010211083050,4
150010211083051,4
150010211083052,4
150010211083053,4
150010211083054,4
150010211083055,4
150010211083056,4
150010211083057,4
150010211083058,4
150010211083059,4
150010211083060,4
150010211083061,4
150010211083062,4
150010211083063,4
150010211083064,4
150010211083065,4
150010211083066,4
150010211083067,4
150010211083068,4
150010211083069,4
150010211083070,4
150010211083071,4
150010211083072,4
150010211083073,4
150010211083074,4
150010211083075,4
150010211083076,4
150010211083077,4
150010211083078,4
150010211083079,4
150010211083080,4
150010211083081,4
150010211083082,4
150010211083083,4
150010211083084,4
150010211083085,4
150010211083086,4
150010211083087,4
150010211083088,4
150010211083089,4
150010211083090,4
150010211083091,4
150010211083092,4
150010211083093,4
150010211083094,4
150010211083095,4
150010211083096,4
150010211083097,4
150010211083098,4
150010211083099,4
150010211083100,4
150010211083101,4
150010211083102,4
150010211083103,4
150010211083104,4
150010211083105,4
150010211083106,4
150010211083107,4
150010211083108,4
150010211083109,4
150010211083110,4
150010211083111,4
150010211083112,4
150010211083113,4
150010211083114,4
150010211083115,4
150010211083116,4
150010211083117,4
150010211083118,4
150010211083119,4
150010211083120,4
150010211083121,4
150010211083122,4
150010211083123,4
150010211083124,4
150010211083125,4
150010211083126,4
150010211083127,4
150010211083128,4
150010211083129,4
150010211083130,4
150010212031000,5
150010212031001,5
150010212031002,5
150010212031003,5
150010212031004,5
150010212031005,5
150010212031006,5
150010212031007,5
150010212031008,5
150010212031009,5
150010212031010,5
150010212031011,5
150010212031012,5
150010212031013,5
150010212031014,5
150010212031015,5
150010212031016,5
150010212031017,5
150010212031018,5
150010212031019,5
150010212031020,5
150010212031021,5
150010212031022,5
150010212031023,5
150010212031024,5
150010212031025,5
150010212031026,5
150010212031027,5
150010212031028,5
150010212031029,5
150010212031030,5
150010212031031,5
150010212031032,5
150010212031033,5
150010212031034,5
150010212031035,5
150010212031036,5
150010212031037,5
150010212031038,5
150010212031039,5
150010212031040,5
150010212031041,5
150010212031042,5
150010212031043,5
150010212031044,5
150010212031045,5
150010212031046,5
150010212031047,5
150010212031048,5
150010212031049,5
150010212031050,5
150010212031051,5
150010212031052,5
150010212031053,5
150010212031054,5
150010212031055,5
150010212031056,5
150010212031057,5
150010212031058,5
150010212031059,5
150010212031060,5
150010212031061,5
150010212031062,5
150010212031063,5
150010212031064,5
150010212031065,5
150010212031066,5
150010212031067,5
150010212031068,5
150010212031069,5
150010212031070,5
150010212031071,5
150010212031072,5
150010212031073,5
150010212031074,5
150010212031075,5
150010212031076,5
150010212031077,5
150010212031078,5
150010212031079,5
150010212031080,5
150010212031081,5
150010212031082,5
150010212031083,5
150010212031084,5
150010212031085,5
150010212031086,5
150010212031087,5
150010212031088,5
150010212031089,5
150010212031090,5
150010212032000,5
150010212032001,5
150010212032002,5
150010212032003,5
150010212032004,5
150010212032005,5
150010212032006,5
150010212032007,5
150010212032008,5
150010212032009,5
150010212032010,5
150010212032011,5
150010212032012,5
150010212032013,5
150010212032014,5
150010212032015,5
150010212032016,5
150010212032017,5
150010212032018,5
150010212032019,5
150010212032020,5
150010212032021,5
150010212032022,5
150010212032023,5
150010212032024,5
150010212032025,5
150010212032026,5
150010212032027,5
150010212032028,5
150010212032029,5
150010212032030,5
150010212032031,5
150010212032032,5
150010212032033,5
150010212032034,5
150010212032035,5
150010212032036,5
150010212032037,5
150010212032038,5
150010212032039,5
150010212032040,5
150010212032041,5
150010212032042,5
150010212032043,5
150010212032044,5
150010212032045,5
150010212032046,5
150010212032047,5
150010212032048,5
150010212032049,5
150010212032050,5
150010212032051,5
150010212032052,5
150010212032053,5
150010212032054,5
150010212032055,5
150010212032056,5
150010212032057,5
150010212032058,5
150010212032059,5
150010212032060,5
150010212032061,5
150010212032062,5
150010212032063,5
150010212032064,5
150010212032065,5
150010212032066,5
150010212032067,5
150010212032068,5
150010212032069,5
150010212032070,5
150010212032071,5
150010212032072,5
150010212032073,5
150010212032074,5
150010212032075,5
150010212032076,5
150010212032077,5
150010212032078,5
150010212032079,5
150010212032080,5
150010212032081,5
150010212032082,5
150010212032083,5
150010212032084,5
150010212032085,5
150010212032086,5
150010212032087,5
150010212032088,5
150010212032089,5
150010212032090,5
150010212032091,5
150010212032092,5
150010212032093,5
150010212032094,5
150010212032095,5
150010212032096,5
150010212032097,5
150010212032098,5
150010212032099,5
150010212032100,5
150010212032101,5
150010212032102,5
150010212032103,5
150010212032104,5
150010212032105,5
150010212032106,5
150010212032107,5
150010212032108,5
150010212032109,5
150010212032110,5
150010212032111,5
150010212032112,5
150010212032113,5
150010212032114,5
150010212032115,5
150010212032116,5
150010212032117,5
150010212032118,5
150010212032119,5
150010212032120,5
150010212032121,5
150010212032122,5
150010212032123,5
150010212032124,5
150010212032125,5
150010212032126,5
150010212032127,5
150010212032128,5
150010212032129,5
150010212032130,5
150010212032131,5
150010212032132,5
150010212032133,5
150010212032134,5
150010212032135,5
150010212032136,5
150010212032137,5
150010212032138,5
150010212032139,5
150010212032140,5
150010212032141,5
150010212032142,5
150010212032143,5
150010212032144,5
150010212032145,5
150010212032146,5
150010212032147,5
150010212032148,5
150010212032149,5
150010212032150,5
150010212032151,5
150010212032152,5
150010212032153,5
150010212032154,5
150010212032155,5
150010212032156,5
150010212032157,5
150010212032158,5
150010212032159,5
150010212032160,5
150010212032161,5
150010212032162,5
150010212032163,5
150010212032164,5
150010212032165,5
150010212032166,5
150010212032167,5
150010212032168,5
150010212032169,5
150010212032170,5
150010212032171,5
150010212032172,5
150010212032173,5
150010212032174,5
150010212032175,5
150010212032176,5
150010212032177,5
150010212032178,5
150010212032179,5
150010212032180,5
150010212032181,5
150010212032182,5
150010212032183,5
150010212032184,5
150010212032185,5
150010212032186,5
150010212032187,5
150010212032188,5
150010212032189,5
150010212032190,5
150010212032191,5
150010212032192,5
150010212032193,5
150010212032194,5
150010212032195,5
150010212033000,5
150010212033001,5
150010212033002,5
150010212033003,5
150010212033004,5
150010212033005,5
150010212033006,5
150010212033007,5
150010212033008,5
150010212033009,5
150010212033010,5
150010212033011,5
150010212033012,5
150010212033013,5
150010212033014,5
150010212033015,5
150010212033016,5
150010212033017,5
150010212033018,5
150010212033019,5
150010212033020,5
150010212033021,5
150010212033022,5
150010212033023,5
150010212033024,5
150010212033025,5
150010212033026,5
150010212033027,5
150010212033028,5
150010212033029,5
150010212033030,5
150010212033031,5
150010212033032,5
150010212033033,5
150010212033034,5
150010212033035,5
150010212033036,5
150010212033037,5
150010212033038,5
150010212033039,5
150010212033040,5
150010212033041,5
150010212033042,5
150010212033043,5
150010212033044,5
150010212033045,5
150010212033046,5
150010212033047,5
150010212033048,5
150010212033049,5
150010212033050,5
150010212033051,5
150010212033052,5
150010212033053,5
150010212033054,5
150010212033055,5
150010212033056,5
150010212033057,5
150010212033058,5
150010212033059,5
150010212033060,5
150010212033061,5
150010212033062,5
150010212033063,5
150010212033064,5
150010212033065,5
150010212033066,5
150010212033067,5
150010212033068,5
150010212033069,5
150010212033070,5
150010212033071,5
150010212033072,5
150010212033073,5
150010212033074,5
150010212033075,5
150010212033076,5
150010212033077,5
150010212033078,5
150010212033079,5
150010212033080,5
150010212033081,5
150010212033082,5
150010212033083,5
150010212033084,5
150010212033085,5
150010212033086,5
150010212033087,5
150010212033088,5
150010212033089,5
150010212033090,5
150010212033091,5
150010212033092,5
150010212033093,5
150010212033094,5
150010212033095,5
150010212033096,5
150010212033097,5
150010212033098,5
150010212033099,5
150010212033100,5
150010212033101,5
150010212033102,5
150010212033103,5
150010212033104,5
150010212033105,5
150010212033106,5
150010212033107,5
150010212033108,5
150010212033109,5
150010212033110,5
150010212033111,5
150010212033112,5
150010212033113,5
150010212034000,5
150010212034001,5
150010212034002,5
150010212034003,5
150010212034004,5
150010212034005,5
150010212034006,5
150010212034007,5
150010212034008,5
150010212034009,5
150010212034010,5
150010212034011,5
150010212034012,5
150010212034013,5
150010212034014,5
150010212034015,5
150010212034016,5
150010212034017,5
150010212034018,5
150010212034019,5
150010212034020,5
150010212034021,5
150010212034022,5
150010212034023,5
150010212034024,5
150010212034025,5
150010212034026,5
150010212034027,5
150010212034028,5
150010212034029,5
150010212034030,5
150010212034031,5
150010212034032,5
150010212034033,5
150010212034034,5
150010212034035,5
150010212034036,5
150010212034037,5
150010212034038,5
150010212034039,5
150010212034040,5
150010212034041,5
150010212034042,5
150010212034043,5
150010212034044,5
150010212034045,5
150010212034046,5
150010212034047,5
150010212034048,5
150010212034049,5
150010212034050,5
150010212034051,5
150010212034052,5
150010212034053,5
150010212034054,5
150010212034055,5
150010212034056,5
150010212034057,5
150010212034058,5
150010212034059,5
150010212034060,5
150010212034061,5
150010212034062,5
150010212034063,5
150010212034064,5
150010212034065,5
150010212034066,5
150010212034067,5
150010212034068,5
150010212034069,5
150010212041000,5
150010212041001,5
150010212041002,5
150010212041003,5
150010212041004,5
150010212041005,5
150010212041006,5
150010212041007,5
150010212041008,5
150010212041009,5
150010212041010,5
150010212041011,5
150010212041012,5
150010212041013,5
150010212041014,5
150010212041015,5
150010212041016,5
150010212041017,5
150010212041018,5
150010212041019,5
150010212041020,5
150010212041021,5
150010212041022,5
150010212041023,5
150010212041024,5
150010212041025,5
150010212041026,5
150010212041027,5
150010212041028,5
150010212041029,5
150010212041030,5
150010212041031,5
150010212041032,5
150010212041033,5
150010212041034,5
150010212041035,5
150010212041036,5
150010212042000,5
150010212042001,5
150010212042002,5
150010212042003,5
150010212042004,5
150010212042005,5
150010212042006,5
150010212042007,5
150010212042008,5
150010212042009,5
150010212042010,5
150010212042011,5
150010212042012,5
150010212042013,5
150010212042014,5
150010212042015,5
150010212042016,5
150010212042017,5
150010212042018,5
150010212042019,5
150010212042020,5
150010212042021,5
150010212042022,5
150010212042023,5
150010212042024,5
150010212042025,5
150010212042026,5
150010212042027,5
150010212042028,5
150010212042029,5
150010212042030,5
150010212042031,5
150010212042032,5
150010212042033,5
150010212042034,5
150010212042035,5
150010212042036,5
150010212042037,5
150010212042038,5
150010212042039,5
150010212042040,5
150010212042041,5
150010212042042,5
150010212042043,5
150010212042044,5
150010212042045,5
150010212042046,5
150010212042047,5
150010212042048,5
150010212042049,5
150010212042050,5
150010212042051,5
150010212042052,5
150010212042053,5
150010212042054,5
150010212042055,5
150010212042056,5
150010212042057,5
150010212042058,5
150010212042059,5
150010212042060,5
150010212042061,5
150010212042062,5
150010212042063,5
150010212042064,5
150010212042065,5
150010212042066,5
150010212042067,5
150010212042068,5
150010212042069,5
150010212042070,5
150010212042071,5
150010212042072,5
150010212042073,5
150010212042074,5
150010212042075,5
150010212042076,5
150010212042077,5
150010212042078,5
150010212042079,5
150010212042080,5
150010212042081,5
150010212042082,5
150010212042083,5
150010212042084,5
150010212042085,5
150010212043000,5
150010212043001,5
150010212043002,5
150010212043003,5
150010212043004,5
150010212043005,5
150010212043006,5
150010212043007,5
150010212043008,5
150010212043009,5
150010212043010,5
150010212043011,5
150010212043012,5
150010212043013,5
150010212043014,5
150010212043015,5
150010212043016,5
150010212043017,5
150010212043018,5
150010212043019,5
150010212043020,5
150010212043021,5
150010212043022,5
150010212043023,5
150010212043024,5
150010212043025,5
150010212043026,5
150010212043027,5
150010212043028,5
150010212043029,5
150010212043030,5
150010212043031,5
150010212043032,5
150010212043033,5
150010212043034,5
150010212043035,5
150010212043036,5
150010212043037,5
150010212043038,5
150010212043039,5
150010212043040,5
150010212043041,5
150010212043042,5
150010212043043,5
150010212043044,5
150010212043045,5
150010212043046,5
150010212043047,5
150010212043048,5
150010212043049,5
150010212043050,5
150010212043051,5
150010212043052,5
150010212043053,5
150010212043054,5
150010212043055,5
150010212043056,5
150010212043057,5
150010212043058,5
150010212043059,5
150010212043060,5
150010212043061,5
150010212043062,5
150010212043063,5
150010212043064,5
150010212043065,5
150010212043066,5
150010212043067,5
150010212043068,5
150010212043069,5
150010212043070,5
150010212043071,5
150010212043072,5
150010212043073,5
150010212043074,5
150010212043075,5
150010212043076,5
150010212043077,5
150010212043078,5
150010212043079,5
150010212043080,5
150010212043081,5
150010212043082,5
150010212043083,5
150010212043084,5
150010212043085,5
150010212043086,5
150010212043087,5
150010213002000,6
150010213002001,6
150010213002002,6
150010213002003,6
150010213002004,6
150010213002005,6
150010213002006,6
150010213002007,6
150010213004000,5
150010213004001,5
150010213004002,5
150010213004003,5
150010213004004,5
150010213004005,5
150010213004006,5
150010213004007,5
150010213004008,5
150010213004009,5
150010213004010,5
150010213004011,5
150010213004012,5
150010213004013,5
150010213004014,5
150010213004015,5
150010213004016,5
150010213004017,5
150010213004018,5
150010213004019,5
150010213004020,5
150010213004021,5
150010213004022,5
150010213004023,5
150010213004024,5
150010213004025,5
150010213004026,5
150010214021000,6
150010214021001,6
150010214021002,6
150010214021003,6
150010214021004,6
150010214021005,6
150010214021006,6
150010214021007,6
150010214021008,6
150010214021009,6
150010214021010,6
150010214021011,6
150010214021012,6
150010214021013,6
150010214021014,6
150010214021015,6
150010214021016,6
150010214021017,6
150010215022000,7
150010215022001,7
150010215022002,7
150010215022003,7
150010215022004,7
150010215022005,7
150010215022006,7
150010215022007,7
150010215022008,7
150010215022009,7
150010215022010,7
150010215022011,7
150010215022012,7
150010215022013,7
150010215022014,7
150010215022015,7
150010215022016,7
150010215022017,7
150010215022018,7
150010215022019,7
150010215022020,7
150010215022021,7
150010215022022,7
150010215022023,7
150010215022024,7
150010215022025,7
150010215022026,7
150010215022027,7
150010215022028,7
150010215022029,7
150010215022030,7
150010215022031,7
150010215022032,7
150010215022033,7
150010215022034,7
150010215023000,7
150010215023001,7
150010215023002,7
150010215023003,7
150010215023004,7
150010215023005,7
150010215023006,7
150010215023007,7
150010215041000,7
150010215041001,7
150010215041002,7
150010215041003,7
150010215041004,7
150010215041005,7
150010215041006,7
150010215041007,7
150010215041008,7
150010215041009,7
150010215041010,7
150010215042000,7
150010215042001,7
150010215042002,7
150010215042003,7
150010215042004,7
150010215042005,7
150010215042006,7
150010215042007,7
150010215042008,7
150010215042009,7
150010215042010,7
150010215042011,7
150010215042012,7
150010215042013,7
150010215042014,7
150010215042015,7
150010215042016,7
150010215042017,7
150010215042018,7
150010215042019,7
150010215042020,7
150010215042021,7
150010215042022,7
150010215042023,7
150010215042024,7
150010215042025,7
150010215042026,7
150010215042027,7
150010215042028,7
150010215042029,7
150010215042030,7
150010215042031,7
150010215042032,7
150010215042033,7
150010215042034,7
150010215042035,7
150010215042036,7
150010215042037,7
150010215042038,7
150010215042039,7
150010215042040,7
150010215042041,7
150010215042042,7
150010215042043,7
150010215042044,7
150010215042045,7
150010215042046,7
150010215042047,7
150010215042048,7
150010215101000,6
150010215101001,6
150010215101002,6
150010215101003,6
150010215101004,6
150010215101005,6
150010215101006,6
150010215101007,6
150010215101008,6
150010215101009,6
150010215101010,6
150010215101011,6
150010215101012,6
150010215101013,6
150010215101014,6
150010215102000,6
150010215102001,6
150010215102002,6
150010215102003,6
150010215102004,6
150010215102005,6
150010215103000,6
150010215103001,6
150010215103002,6
150010215103003,6
150010215103004,6
150010215103005,6
150010215103006,6
150010215103007,6
150010215103008,6
150010215103009,6
150010215103010,6
150010215103011,6
150010215103012,6
150010215103013,6
150010215104000,6
150010215104001,6
150010215104002,6
150010215104003,6
150010215104004,6
150010215104005,6
150010215104006,6
150010215104007,6
150010215104008,6
150010215111000,6
150010215111001,6
150010215111002,6
150010215111003,6
150010215111004,6
150010215111005,6
150010215111006,6
150010215111007,6
150010215111008,6
150010215111009,6
150010215111010,6
150010215111011,6
150010215111012,6
150010215121000,7
150010215121001,7
150010215121002,7
150010215121003,7
150010215121004,7
150010215121005,7
150010215121006,7
150010215121007,7
150010215121008,7
150010215121009,7
150010215121010,7
150010215121011,7
150010215121012,7
150010215121013,7
150010215121014,7
150010215121015,7
150010215121016,7
150010215121017,7
150010215121018,7
150010215121019,7
150010215121020,7
150010215121021,7
150010215121022,7
150010215121023,7
150010215121024,7
150010215121025,7
150010215121026,7
150010215122000,7
150010215122001,7
150010215122002,7
150010215122003,7
150010215122004,7
150010215122005,7
150010215122006,7
150010215122007,7
150010215122008,7
150010215122009,7
150010215122010,7
150010215122011,7
150010215122012,7
150010215122013,7
150010215122014,7
150010215122015,7
150010215131000,7
150010215131001,7
150010215131002,7
150010215131003,7
150010215131004,7
150010215131005,7
150010215131006,7
150010215131007,7
150010215131008,7
150010215131009,7
150010215131010,7
150010215131011,7
150010215131012,7
150010215131013,7
150010215131014,7
150010215131015,7
150010215131016,7
150010215131017,7
150010215131018,7
150010215131019,7
150010215131020,7
150010215131021,7
150010215131022,7
150010215131023,7
150010215131024,7
150010215131025,7
150010215131026,7
150010215131027,7
150010215131028,7
150010215131029,7
150010215131030,7
150010215131031,7
150010215131032,7
150010215131033,7
150010215131034,7
150010215131035,7
150010215131036,7
150010215131037,7
150010215131038,7
150010215131039,7
150010215131040,7
150010215131041,7
150010215131042,7
150010215131043,7
150010215131044,7
150010215131045,7
150010215132000,7
150010215132001,7
150010215132002,7
150010215132003,7
150010215132004,7
150010215132005,7
150010215132006,7
150010215132007,7
150010215132008,7
150010215133000,7
150010215133001,7
150010215133002,7
150010215133003,7
150010215133004,7
150010215133005,7
150010215133006,7
150010215133007,7
150010215133008,7
150010215133009,7
150010215133010,7
150010215133011,7
150010215133012,7
150010215133013,7
150010215133014,7
150010215133015,7
150010215133016,7
150010215133017,7
150010216051000,7
150010216051001,7
150010216051002,7
150010216051003,7
150010216051004,7
150010216051005,7
150010216051006,7
150010216052000,6
150010216052001,6
150010216052002,6
150010216052003,6
150010216052004,6
150010216052005,6
150010216052006,6
150010216052007,6
150010216052008,6
150010216061000,6
150010216061001,6
150010216061002,6
150010216061003,6
150010216061004,6
150010216061005,6
150010216061006,6
150010216061007,6
150010216061008,6
150010216061009,6
150010216061010,6
150010216061011,6
150010216062000,6
150010216062001,6
150010216062002,6
150010216062003,6
150010216062004,6
150010216062005,6
150010216062006,6
150010216062007,6
150010216062008,6
150010216062009,6
150010216062010,6
150010216062011,6
150010216062012,6
150010216071000,6
150010216071001,6
150010216071002,6
150010216071003,6
150010216071004,6
150010216071005,6
150010216071006,6
150010216071007,6
150010216071008,6
150010216071009,6
150010216071010,6
150010216071011,6
150010216071012,6
150010216071013,6
150010216071014,6
150010216071015,6
150010216071016,6
150010216071017,6
150010216072000,6
150010216072001,6
150010216072002,6
150010216072003,6
150010216072004,6
150010216072005,6
150010216072006,6
150010216072007,6
150010216072008,6
150010216072009,6
150010216073000,6
150010216073001,6
150010216073002,6
150010216073003,6
150010216073004,6
150010216073005,6
150010216073006,6
150010216073007,6
150010216073008,6
150010216073009,6
150010216073010,6
150010216073011,6
150010216081000,6
150010216081001,6
150010216081002,6
150010216081003,6
150010216081004,6
150010216081005,6
150010216081006,6
150010216081007,6
150010216081008,6
150010216081009,6
150010216082000,6
150010216082001,6
150010216082002,6
150010216082003,6
150010216082004,6
150010216082005,6
150010216082006,6
150010216083000,6
150010216083001,6
150010216083002,6
150010216083003,6
150010216083004,6
150010216083005,6
150010216083006,6
150010216083007,6
150010216083008,6
150010216083009,6
150010216084000,6
150010216084001,6
150010217051000,8
150010217051001,8
150010217051002,8
150010217051003,8
150010217051004,8
150010217051005,8
150010217051006,8
150010217051007,8
150010217051008,8
150010217051009,8
150010217051010,8
150010217051011,8
150010217051012,8
150010217051013,8
150010217051014,8
150010217051015,8
150010217051016,8
150010217051017,8
150010217051018,8
150010217051019,8
150010217051020,8
150010217051021,8
150010217051022,8
150010217051023,8
150010217051024,8
150010217051025,8
150010217051026,8
150010217051027,8
150010217051028,8
150010217051029,8
150010217052000,8
150010217052001,8
150010217052002,8
150010217052003,8
150010217052004,8
150010217052005,8
150010217052006,8
150010217052007,8
150010217052008,8
150010217052009,8
150010217052010,8
150010217053000,8
150010217053001,8
150010217053002,8
150010217053003,8
150010217053004,8
150010217053005,8
150010217053006,8
150010217053007,8
150010217053008,8
150010217053009,8
150010217053010,8
150010217053011,8
150010217053012,8
150010217053013,8
150010217053014,8
150010217053015,8
150010217053016,8
150010217053017,8
150010217053018,8
150010217053019,8
150010217053020,8
150010217053021,8
150010217053022,8
150010217053023,8
150010217061000,8
150010217061001,8
150010217061002,8
150010217061003,8
150010217061004,8
150010217061005,8
150010217061006,8
150010217061007,8
150010217061008,8
150010217061009,8
150010217061010,8
150010217061011,8
150010217061012,8
150010217061013,8
150010217061014,8
150010217061015,8
150010217061016,8
150010217061017,8
150010217072000,8
150010217072001,8
150010217072002,8
150010217072003,8
150010217073000,8
150010217073001,8
150010217073002,8
150010217073003,8
150010217073004,8
150010217073005,8
150010217073006,8
150010217073007,8
150010217073008,8
150010217073009,8
150010217073010,8
150010217073011,8
150010217073012,8
150010217073013,8
150010217073014,8
150010217073015,8
150010217073016,8
150010217073017,8
150010217073018,8
150010217073019,8
150010217073020,8
150010217073021,8
150010217073022,8
150010217073023,8
150010217073024,8
150010217073025,8
150010217073026,8
150010217073027,8
150010217073028,8
150010217073029,8
150010217073030,8
150010217082000,8
150010217082001,8
150010217082002,8
150010217082003,8
150010217082004,8
150010217082005,8
150010217082006,8
150010217082007,8
150010217082008,8
150010217082009,8
150010218001000,8
150010218001001,8
150010218001002,8
150010218001003,8
150010218001004,8
150010218001005,8
150010218001006,8
150010218001007,8
150010218001008,8
150010218001009,8
150010218001010,8
150010218001011,8
150010218001012,8
150010218001013,8
150010218002000,8
150010218002001,8
150010218002002,8
150010218002003,8
150010218002004,8
150010218002005,8
150010218002006,8
150010218002007,8
150010218002008,8
150010218002009,8
150010218002010,8
150010218002011,8
150010218002012,8
150010218002013,8
150010218002014,8
150010218002015,8
150010218002016,8
150010218002017,8
150010218002018,8
150010218002019,8
150010218002020,8
150010218002021,8
150010218002022,8
150010218002023,8
150010218002024,8
150010218002025,8
150010218002026,8
150010218002027,8
150010218002028,8
150010218002029,8
150010218002030,8
150010218002031,8
150010218002032,8
150010218002033,8
150010218002034,8
150010218002035,8
150010218002036,8
150010218002037,8
150010218002038,8
150010218002039,8
150010218002040,8
150010218002041,8
150010218002042,8
150010218002043,8
150010218002044,8
150010218002045,8
150010218002046,8
150010218002047,8
150010218002048,8
150010218002049,8
150010218002050,8
150010218002051,8
150010218002052,8
150010218002053,8
150010218002054,8
150010218002055,8
150010218002056,8
150010218002057,8
150010218002058,8
150010218002059,8
150010218002060,8
150010218002061,8
150010218002062,8
150010218002063,8
150010218002064,8
150010218002065,8
150010218002066,8
150010218002067,8
150010218002068,8
150010218002069,8
150010218002070,8
150010218002071,8
150010218002072,8
150010218002073,8
150010218002074,8
150010218002075,8
150010218002076,8
150010218003000,8
150010218003001,8
150010218003002,8
150010218003003,8
150010218003004,8
150010218003005,8
150010218003006,8
150010218003007,8
150010218003008,8
150010218003009,8
150010218003010,8
150010218003011,8
150010218003012,8
150010218003013,8
150010218003014,8
150010218003015,8
150010218003016,8
150010218003017,8
150010218003018,8
150010218004000,8
150010218004001,8
150010218004002,8
150010218004003,8
150010218004004,8
150010218004005,8
150010218004006,8
150010218004007,8
150010218004008,8
150010218004009,8
150010218004010,8
150010218004011,8
150010218004012,8
150010218004013,8
150010218004014,8
150010218004015,8
150010218004016,8
150010218004017,8
150010218004018,8
150010218004019,8
150010218004020,8
150010218004021,8
150010218004022,8
150010218004023,8
150010218004024,8
150010218004025,8
150010218004026,8
150010218004027,8
150010218004028,8
150010218004029,8
150010218004030,8
150010218004031,8
150010218004032,8
150010218004033,8
150010218004034,8
150010218004035,8
150010218004036,8
150010218004037,8
150010218004038,8
150010218004039,8
150010218004040,8
150010218004041,8
150010218004042,8
150010218004043,8
150010218004044,8
150010218004045,8
150010218004046,8
150010218004047,8
150010218004048,8
150010218004049,8
150010218004050,8
150010218004051,8
150010218004052,8
150010219022000,1
150010219022001,1
150010219022002,1
150010219022003,1
150010219022004,1
150010219022005,1
150010219022006,1
150010219022007,1
150010219022008,1
150010219022009,1
150010219022010,1
150010219022011,1
150010219023000,1
150010219023001,1
150010219023002,1
150010219023003,1
150010219023004,1
150010219023005,1
150010219023006,1
150010219023007,1
150010219023008,1
150010219023009,1
150010219023010,1
150010219023011,1
150010219023012,1
150010219023013,1
150010219023014,1
150010219023015,1
150010219023016,1
150010219023017,1
150010220002000,1
150010220002001,1
150010220002002,1
150010220002003,1
150010220002004,1
150010220002005,1
150010220002006,1
150010220002007,1
150010220002008,1
150010220002009,1
150010220002010,1
150010220002011,1
150010220002012,1
150010220002013,1
150010220002014,1
150010220002015,1
150010220002016,1
150010220002017,1
150010220002018,1
150010220002019,1
150010220002020,1
150010220002021,1
150010220002022,1
150010220002023,1
150010220002024,1
150010220002025,1
150010220002026,1
150010220002027,1
150010220002028,1
150010220002029,1
150010220002030,1
150010220002031,1
150010220002032,1
150010220002033,1
150010220002034,1
150010220002035,1
150010220002036,1
150010220002037,1
150010220002038,1
150010220002039,1
150010220002040,1
150010220002041,1
150010220002042,1
150010220002043,1
150010220002044,1
150010221022000,1
150010221022001,1
150010221022002,1
150010221022003,1
150010221022004,1
150010221022005,1
150010221022006,1
150010221022007,1
150010221022008,1
150010221022009,1
150010221022010,1
150010221022011,1
150010221022012,1
150010221022013,1
150010221022014,1
150010221022015,1
150010221022016,1
150010221022017,1
150010221022018,1
150010221022019,1
150010221022020,1
150010221022021,1
150010221022022,1
150010221022023,1
150010221022024,1
150010221022025,1
150019900000001,5
150019901000001,5
150019901000002,5
150019901000003,5
150019901000004,5
150019903000001,4
150019903000002,4
150019904000001,4
150019905000001,3
150019905000002,3
150019906000001,3
150019907000001,1
150019908000001,1
150019909000001,1
150019910000001,1
150019911000001,1
150019912000001,8
150019913000001,7
150019914000001,7
150019915000001,6
150019916000001,6
150019917000001,6
150050319001000,13
150050319001001,13
150050319001002,13
150050319001003,13
150050319001004,13
150050319001005,13
150050319001006,13
150050319001007,13
150050319001008,13
150050319001009,13
150050319001010,13
150050319001011,13
150050319001012,13
150050319001013,13
150050319001014,13
150050319001015,13
150050319001016,13
150050319001017,13
150050319001018,13
150050319001019,13
150050319001020,13
150050319001021,13
150050319001022,13
150050319001023,13
150050319001024,13
150050319001025,13
150050319001026,13
150050319001027,13
150050319001028,13
150050319001029,13
150050319001030,13
150050319001031,13
150050319001032,13
150050319001033,13
150050319001034,13
150050319001035,13
150050319001036,13
150050319001037,13
150050319001038,13
150050319001039,13
150050319001040,13
150050319001041,13
150050319001042,13
150050319001043,13
150050319001044,13
150050319001045,13
150050319001046,13
150059900000001,13
150059900000002,13
150059900000003,13
150090301002000,13
150090301002001,13
150090301002002,13
150090301002003,13
150090301002004,13
150090301002005,13
150090301002006,13
150090301002007,13
150090301002008,13
150090301002009,13
150090301002010,13
150090301002011,13
150090301002012,13
150090301002013,13
150090301002014,13
150090301002015,13
150090301002016,13
150090301002017,13
150090301002018,13
150090301002019,13
150090302012000,13
150090302012001,13
150090302012002,13
150090302012003,13
150090302012004,13
150090302031000,13
150090302031001,13
150090302031002,13
150090302031003,13
150090302031004,13
150090302031005,13
150090302031006,13
150090302031007,13
150090302031008,13
150090302031009,13
150090302031010,13
150090302031011,13
150090302031012,13
150090302031013,13
150090302031014,13
150090302031015,13
150090302031016,13
150090302031017,13
150090302032000,13
150090302032001,13
150090302032002,13
150090302032003,13
150090302032004,13
150090302032005,13
150090302032006,13
150090302032007,13
150090302032008,13
150090302032009,13
150090302041000,13
150090302041001,13
150090302041002,13
150090302041003,13
150090302041004,13
150090302041005,13
150090302041006,13
150090302042000,13
150090302042001,13
150090302042002,13
150090302042003,13
150090302042004,13
150090302042005,13
150090302042006,13
150090302042007,13
150090302042008,13
150090302042009,13
150090302042010,13
150090302042011,13
150090302042012,13
150090302042013,13
150090302043000,13
150090302043001,13
150090302043002,13
150090302043003,13
150090302043004,13
150090302043005,13
150090302043006,13
150090302043007,13
150090302043008,13
150090303041000,12
150090303041001,12
150090303041002,12
150090303041003,12
150090303041004,12
150090303041005,12
150090303041006,12
150090303041007,12
150090303041008,12
150090303041009,12
150090303041010,12
150090303041011,12
150090303041012,12
150090303041013,12
150090303041014,12
150090303041015,12
150090303041016,12
150090303041017,12
150090303041018,12
150090303041019,12
150090303041020,12
150090303042000,12
150090303042001,12
150090303042002,12
150090303042003,12
150090303042004,12
150090303042005,12
150090303042006,12
150090303042007,12
150090303042008,12
150090303042009,12
150090303042010,12
150090303042011,12
150090303042012,12
150090303042013,12
150090303042014,12
150090303051000,12
150090303051001,12
150090303051002,12
150090303051003,12
150090303051004,12
150090303051005,12
150090303051006,12
150090303051007,12
150090303051008,12
150090303051009,12
150090303051010,12
150090303051011,12
150090303051012,12
150090303051013,12
150090303051014,12
150090303051015,12
150090303052000,12
150090303052001,12
150090303052002,12
150090303052003,12
150090303052004,12
150090303052005,12
150090303052006,12
150090303054000,12
150090303054001,12
150090303054002,12
150090303054003,12
150090303054004,12
150090303054005,12
150090303054006,12
150090303054007,12
150090303054008,12
150090303071000,11
150090303071001,11
150090303071002,11
150090303071003,11
150090303071004,11
150090303071005,11
150090303071006,11
150090303071007,11
150090303071008,11
150090303071009,11
150090303071010,11
150090303071011,11
150090303071012,11
150090303071013,11
150090303071014,11
150090303071015,11
150090303071016,11
150090303071017,11
150090303071018,11
150090303071019,11
150090303071020,11
150090303071021,11
150090303071022,11
150090303071023,11
150090303071024,11
150090303072000,11
150090303072001,11
150090303072002,11
150090303072003,11
150090303072004,11
150090303072005,11
150090303072006,11
150090303072007,11
150090303072008,11
150090304031000,12
150090304031001,12
150090304031002,12
150090304031003,12
150090304031004,12
150090304031005,12
150090304031006,12
150090304031007,12
150090304031008,12
150090304031009,12
150090304031010,12
150090304031011,12
150090304032000,12
150090304032001,12
150090304032002,12
150090304032003,12
150090304032004,12
150090304032005,12
150090304032006,12
150090304032007,12
150090304032008,12
150090304032009,12
150090304032010,12
150090304032011,12
150090304042000,12
150090304042001,12
150090304042002,12
150090304042003,12
150090304042004,12
150090304042005,12
150090304042006,12
150090304042007,12
150090304043000,12
150090304043001,12
150090304043002,12
150090304043003,12
150090304043004,12
150090304043005,12
150090304043006,12
150090304043007,12
150090304043008,12
150090304043009,12
150090304043010,12
150090304043011,12
150090304043012,12
150090304051000,12
150090304051001,12
150090304051002,12
150090304051003,12
150090304051004,12
150090304051005,12
150090304051006,12
150090304051007,12
150090304051008,12
150090304051009,12
150090304051010,12
150090304051011,12
150090304051012,12
150090304051013,12
150090304051014,12
150090304051015,12
150090304051016,12
150090304051017,12
150090304051018,12
150090304051019,12
150090304051020,12
150090304051021,12
150090304051022,12
150090304051023,12
150090304051024,12
150090304051025,12
150090304051026,12
150090304051027,12
150090304051028,12
150090304061000,12
150090304061001,12
150090304061002,12
150090304061003,12
150090304061004,12
150090304061005,12
150090304061006,12
150090304061007,12
150090304062000,12
150090304062001,12
150090304062002,12
150090304062003,12
150090304062004,12
150090304062005,12
150090304062006,12
150090304062007,12
150090304062008,12
150090304062009,12
150090304062010,12
150090304062011,12
150090304062012,12
150090304063000,12
150090304063001,12
150090304063002,12
150090304063003,12
150090304063004,12
150090304063005,12
150090304063006,12
150090304063007,12
150090304063008,12
150090304063009,12
150090304063010,12
150090304063011,12
150090304063012,12
150090304063013,12
150090304063014,12
150090304063015,12
150090304063016,12
150090304063017,12
150090304063018,12
150090304063019,12
150090304063020,12
150090304063021,12
150090305012000,13
150090305012001,13
150090305012002,13
150090305012003,13
150090305012004,13
150090305012005,13
150090305012006,13
150090305012007,13
150090305012008,13
150090305012009,13
150090305012010,13
150090305012011,13
150090305012012,13
150090305012013,13
150090305012014,13
150090307052000,11
150090307052001,11
150090307052002,11
150090307052003,11
150090307052004,11
150090307052005,11
150090307052006,11
150090307052007,11
150090307052008,11
150090307052009,11
150090307081000,11
150090307081001,11
150090307081002,11
150090307081003,11
150090307081004,11
150090307081005,11
150090307081006,11
150090307081007,11
150090307081008,11
150090307081009,11
150090307081010,11
150090307081011,11
150090307081012,11
150090307081013,11
150090307081014,11
150090307081015,11
150090307081016,11
150090307082000,11
150090307082001,11
150090307082002,11
150090307082003,11
150090307082004,11
150090307082005,11
150090307082006,11
150090307091000,11
150090307091001,11
150090307091002,11
150090307091003,11
150090307091004,11
150090307091005,11
150090307091006,11
150090307091007,11
150090307091008,11
150090307091009,11
150090307092000,11
150090307092001,11
150090307092002,11
150090307092003,11
150090307092004,11
150090307092005,11
150090307092006,11
150090307092007,11
150090307092008,11
150090307092009,11
150090307092010,11
150090307092011,11
150090307092012,11
150090307093000,11
150090307093001,11
150090307093002,11
150090307093003,11
150090307093004,11
150090307093005,11
150090307101000,11
150090307101001,11
150090307101002,11
150090307101003,11
150090307101004,11
150090307101005,11
150090307101006,11
150090307101007,11
150090307101008,11
150090307101009,11
150090307101010,11
150090307101011,11
150090307101012,11
150090307101013,11
150090307101014,11
150090307101015,11
150090307101016,11
150090307102000,11
150090307102001,11
150090307102002,11
150090307111000,11
150090307111001,11
150090307111002,11
150090307111003,11
150090307111004,11
150090307111005,11
150090307112000,11
150090307112001,11
150090307112002,11
150090307112003,11
150090307112004,11
150090307112005,11
150090307112006,11
150090307112007,11
150090307112008,11
150090307112009,11
150090307112010,11
150090307121000,11
150090307121001,11
150090307121002,11
150090307121003,11
150090307121004,11
150090307121005,11
150090307121006,11
150090307121007,11
150090307131000,11
150090307131001,11
150090307131002,11
150090307131003,11
150090307131004,11
150090307131005,11
150090307132000,11
150090307132001,11
150090307132002,11
150090307132003,11
150090307132004,11
150090307132005,11
150090307132006,11
150090307132007,11
150090307132008,11
150090307132009,11
150090307132010,11
150090307132011,11
150090307132012,11
150090307132013,11
150090307132014,11
150090307132015,11
150090307132016,11
150090307132017,11
150090307132018,11
150090307132019,11
150090307132020,11
150090307132021,11
150090308003000,10
150090308003001,10
150090308003002,10
150090308003003,10
150090308003004,10
150090308003005,10
150090308003006,10
150090308003007,10
150090308003008,10
150090308003009,10
150090308003010,10
150090308003011,10
150090308003012,10
150090308003013,10
150090308003014,10
150090308003015,10
150090308003016,10
150090308003017,10
150090308003018,10
150090308003019,10
150090308003020,10
150090308003021,10
150090308003022,10
150090308003023,10
150090308003024,10
150090308003025,10
150090308003026,10
150090308003027,10
150090308003028,10
150090308003029,10
150090308003030,10
150090308003031,10
150090308003032,10
150090308003033,10
150090308003034,10
150090308003035,10
150090308003036,10
150090308003037,10
150090308003038,10
150090308003039,10
150090309011000,10
150090309011001,10
150090309011002,10
150090309011003,10
150090309011004,10
150090309011005,10
150090309011006,10
150090309012000,10
150090309012001,10
150090309012002,10
150090309012003,10
150090309012004,10
150090309012005,10
150090309012006,10
150090309013000,10
150090309013001,10
150090309013002,10
150090309013003,10
150090309013004,10
150090309013005,10
150090309013006,10
150090309013007,10
150090309013008,10
150090309013009,10
150090309013010,10
150090309013011,10
150090309013012,10
150090309013013,10
150090309013014,10
150090309013015,10
150090309013016,10
150090309013017,10
150090309021000,10
150090309021001,10
150090309021002,10
150090309021003,10
150090309021004,10
150090309021005,10
150090309021006,10
150090309021007,10
150090309021008,10
150090309021009,10
150090309021010,10
150090309021011,10
150090309021012,10
150090309021013,10
150090309021014,10
150090309021015,10
150090309021016,10
150090309021017,10
150090309022000,10
150090309022001,10
150090309022002,10
150090309022003,10
150090309022004,10
150090309031000,10
150090309031001,10
150090309031002,10
150090309031003,10
150090309031004,10
150090309031005,10
150090309031006,10
150090309031007,10
150090309032000,10
150090309032001,10
150090309032002,10
150090309032003,10
150090309032004,10
150090309032005,10
150090309032006,10
150090309032007,10
150090309032008,10
150090310011000,10
150090310011001,10
150090310011002,10
150090310011003,10
150090310011004,10
150090310011005,10
150090310011006,10
150090310012000,10
150090310012001,10
150090310012002,10
150090310012003,10
150090310012004,10
150090310012005,10
150090310012006,10
150090310012007,10
150090310012008,10
150090310013000,10
150090310013001,10
150090310013002,10
150090310013003,10
150090310013004,10
150090310013005,10
150090310013006,10
150090310013007,10
150090310013008,10
150090310013009,10
150090310013010,10
150090310013011,10
150090310013012,10
150090310013013,10
150090310013014,10
150090310013015,10
150090310013016,10
150090310013017,10
150090310013018,10
150090310014000,10
150090310014001,10
150090310014002,10
150090310014003,10
150090310014004,10
150090310014005,10
150090310014006,10
150090310014007,10
150090310014008,10
150090310014009,10
150090310014010,10
150090310014011,10
150090310014012,10
150090310014013,10
150090310014014,10
150090310014015,10
150090310014016,10
150090310014017,10
150090310021000,10
150090310021001,10
150090310021002,10
150090310021003,10
150090310021004,10
150090310021005,10
150090310021006,10
150090310021007,10
150090310021008,10
150090310021009,10
150090310021010,10
150090310021011,10
150090310021012,10
150090310021013,10
150090310021014,10
150090310021015,10
150090310021016,10
150090310021017,10
150090310021018,10
150090310021019,10
150090310021020,10
150090310021021,10
150090310023000,10
150090310023001,10
150090310023002,10
150090310023003,10
150090310023004,10
150090310023005,10
150090310023006,10
150090310023007,10
150090310023008,10
150090311021000,9
150090311021001,9
150090311021002,9
150090311021003,9
150090311021004,9
150090311021005,9
150090311021006,9
150090311022000,9
150090311022001,9
150090311022002,9
150090311022003,9
150090311022004,9
150090311022005,9
150090311022006,9
150090311022007,9
150090311022008,9
150090311022009,9
150090311022010,9
150090311022011,9
150090311022012,9
150090311023000,9
150090311023001,9
150090311023002,9
150090311023003,9
150090311023004,9
150090311023005,9
150090311023006,9
150090311023007,9
150090311023008,9
150090311023009,9
150090311041000,9
150090311041001,9
150090311041002,9
150090311041003,9
150090311041004,9
150090311041005,9
150090311041006,9
150090311041007,9
150090311041008,9
150090311051000,9
150090311051001,9
150090311051002,9
150090311051003,9
150090311051004,9
150090311052000,9
150090311052001,9
150090311052002,9
150090311052003,9
150090311052004,9
150090311052005,9
150090311052006,9
150090311052007,9
150090311052008,9
150090311052009,9
150090311052010,9
150090311052011,9
150090311052012,9
150090311052013,9
150090311053000,9
150090311053001,9
150090311053002,9
150090311053003,9
150090311053004,9
150090311053005,9
150090311053006,9
150090311053007,9
150090311053008,9
150090311053009,9
150090311053010,9
150090311053011,9
150090311053012,9
150090311053013,9
150090311053014,9
150090311061000,9
150090311061001,9
150090311061002,9
150090311061003,9
150090311061004,9
150090311061005,9
150090311061006,9
150090311061007,9
150090311061008,9
150090311061009,9
150090311061010,9
150090311061011,9
150090311061012,9
150090311061013,9
150090311062000,9
150090311062001,9
150090311062002,9
150090311062003,9
150090311062004,9
150090311062005,9
150090311062006,9
150090311062007,9
150090311062008,9
150090311071000,9
150090311071001,9
150090311071002,9
150090311071003,9
150090311071004,9
150090311071005,9
150090311071006,9
150090311071007,9
150090311071008,9
150090311071009,9
150090311071010,9
150090314021000,14
150090314021001,14
150090314021002,14
150090314021003,14
150090314021004,14
150090314021005,14
150090314021006,14
150090314021007,14
150090314021008,14
150090314021009,14
150090314021010,14
150090314021011,14
150090314021012,14
150090314021013,14
150090314021014,14
150090314021015,14
150090314021016,14
150090314021017,14
150090314021018,14
150090314021019,14
150090314021020,14
150090314021021,14
150090314021022,14
150090314021023,14
150090314021024,14
150090314022000,14
150090314022001,14
150090314022002,14
150090314022003,14
150090314022004,14
150090314022005,14
150090314022006,14
150090314022007,14
150090314022008,14
150090314022009,14
150090314041000,14
150090314041001,14
150090314041002,14
150090314041003,14
150090314041004,14
150090314041005,14
150090314041006,14
150090314041007,14
150090314041008,14
150090314041009,14
150090314041010,14
150090314041011,14
150090314041012,14
150090314041013,14
150090314041014,14
150090314041015,14
150090314041016,14
150090314041017,14
150090314042000,14
150090314042001,14
150090314042002,14
150090314042003,14
150090314042004,14
150090314042005,14
150090314042006,14
150090314042007,14
150090314042008,14
150090314042009,14
150090314042010,14
150090314042011,14
150090314042012,14
150090314043000,14
150090314043001,14
150090314043002,14
150090314043003,14
150090314043004,14
150090314043005,14
150090314043006,14
150090314043007,14
150090314043008,14
150090314051000,14
150090314051001,14
150090314051002,14
150090314051003,14
150090314051004,14
150090314051005,14
150090314051006,14
150090314051007,14
150090314051008,14
150090314051009,14
150090314051010,14
150090314051011,14
150090314051012,14
150090314051013,14
150090314052000,14
150090314052001,14
150090314052002,14
150090314052003,14
150090314052004,14
150090314052005,14
150090314052006,14
150090314053000,14
150090314053001,14
150090314053002,14
150090314053003,14
150090314053004,14
150090314053005,14
150090314053006,14
150090314053007,14
150090314053008,14
150090314053009,14
150090314053010,14
150090314053011,14
150090314054000,14
150090314054001,14
150090314054002,14
150090314054003,14
150090314054004,14
150090314054005,14
150090314054006,14
150090314054007,14
150090315011000,14
150090315011001,14
150090315011002,14
150090315011003,14
150090315012000,14
150090315012001,14
150090315012002,14
150090315012003,14
150090315012004,14
150090315012005,14
150090315012006,14
150090315012007,14
150090315012008,14
150090315012009,14
150090315012010,14
150090315012011,14
150090315012012,14
150090315012013,14
150090315012014,14
150090315012015,14
150090315012016,14
150090315012017,14
150090315012018,14
150090315012019,14
150090315012020,14
150090315012021,14
150090315031000,14
150090315031001,14
150090315031002,14
150090315031003,14
150090315031004,14
150090315031005,14
150090315031006,14
150090315031007,14
150090315031008,14
150090315031009,14
150090315031010,14
150090315031011,14
150090315031012,14
150090315031013,14
150090315032000,14
150090315032001,14
150090315032002,14
150090315032003,14
150090315032004,14
150090315032005,14
150090315032006,14
150090315032007,14
150090315032008,14
150090315032009,14
150090315032010,14
150090315032011,14
150090315032012,14
150090315032013,14
150090315032014,14
150090315032015,14
150090315032016,14
150090315032017,14
150090315032018,14
150090315032019,14
150090315032020,14
150090315032021,14
150090315041000,14
150090315041001,14
150090315041002,14
150090315041003,14
150090315041004,14
150090315041005,14
150090315041006,14
150090315041007,14
150090315041008,14
150090315041009,14
150090315041010,14
150090315041011,14
150090315041012,14
150090315041013,14
150090315041014,14
150090315041015,14
150090315041016,14
150090315041017,14
150090315041018,14
150090315041019,14
150090315041020,14
150090315041021,14
150090315041022,14
150090315041023,14
150090315041024,14
150090315041025,14
150090315041026,14
150090315051000,14
150090315051001,14
150090315051002,14
150090315052000,14
150090315052001,14
150090315052002,14
150090315052003,14
150090315052004,14
150090315052005,14
150090315052006,14
150090315052007,14
150090315052008,14
150090315052009,14
150090315053000,14
150090315053001,14
150090315053002,14
150090315053003,14
150090315053004,14
150090315053005,14
150090315053006,14
150090315053007,14
150090315053008,14
150090315053009,14
150090316011000,13
150090316011001,13
150090316011002,13
150090316011003,13
150090316011004,13
150090316011005,13
150090316011006,13
150090316011007,13
150090316011008,13
150090316011009,13
150090316011010,13
150090316011011,13
150090316011012,13
150090316011013,13
150090316011014,13
150090316011015,13
150090316011016,13
150090316011017,13
150090316011018,13
150090316011019,13
150090316011020,13
150090316011021,13
150090316011022,13
150090316011023,13
150090316011024,13
150090316011025,13
150090316011026,13
150090316011027,13
150090316011028,13
150090316011029,13
150090316011030,13
150090316011031,13
150090316011032,13
150090316011033,13
150090316011034,13
150090316011035,13
150090316011036,13
150090316011037,13
150090316011038,13
150090316011039,13
150090316011040,13
150090316011041,13
150090316011042,13
150090316011043,13
150090316011044,13
150090316011045,13
150090316011046,13
150090316011047,13
150090316011048,13
150090316011049,13
150090316011050,13
150090316011051,13
150090316011052,13
150090316011053,13
150090316011054,13
150090316011055,13
150090316011056,13
150090316011057,13
150090316011058,13
150090316011059,13
150090316011060,13
150090316011061,13
150090316011062,13
150090316011063,13
150090316011064,13
150090316011065,13
150090316011066,13
150090316011067,13
150090316011068,13
150090316011069,13
150090316011070,13
150090316011071,13
150090316012000,13
150090316012001,13
150090316012002,13
150090316012003,13
150090316012004,13
150090316012005,13
150090316012006,13
150090316012007,13
150090316012008,13
150090316012009,13
150090316012010,13
150090316012011,13
150090316012012,13
150090316012013,13
150090316012014,13
150090316012015,13
150090316012016,13
150090316012017,13
150090316012018,13
150090316012019,13
150090316012020,13
150090316012021,13
150090316012022,13
150090316012023,13
150090316012024,13
150090316012025,13
150090316012026,13
150090316012027,13
150090316012028,13
150090316012029,13
150090316012030,13
150090316012031,13
150090316012032,13
150090316012033,13
150090316012034,13
150090316012035,13
150090316012036,13
150090316012037,13
150090316012038,13
150090316012039,13
150090316012040,13
150090316012041,13
150090316012042,13
150090316012043,13
150090316012044,13
150090316012045,13
150090316012046,13
150090316012047,13
150090316012048,13
150090316012049,13
150090316012050,13
150090316012051,13
150090316012052,13
150090316012053,13
150090317001000,13
150090317001001,13
150090317001002,13
150090317001003,13
150090317001004,13
150090317001005,13
150090317001006,13
150090317001007,13
150090317001008,13
150090317001009,13
150090317001010,13
150090317001011,13
150090317001012,13
150090317001013,13
150090317001014,13
150090317001015,13
150090317001016,13
150090317001017,13
150090317001018,13
150090317001019,13
150090317001020,13
150090317001021,13
150090317001022,13
150090317001023,13
150090317001024,13
150090317001025,13
150090317001026,13
150090317001027,13
150090317001028,13
150090317001029,13
150090317001030,13
150090317001031,13
150090317001032,13
150090317001033,13
150090317001034,13
150090317001035,13
150090317001036,13
150090317001037,13
150090317001038,13
150090317002000,13
150090317002001,13
150090317002002,13
150090317002003,13
150090317002004,13
150090317002005,13
150090317002006,13
150090317002007,13
150090317002008,13
150090317002009,13
150090317002010,13
150090317002011,13
150090317002012,13
150090317002013,13
150090317002014,13
150090317002015,13
150090317002016,13
150090317002017,13
150090317002018,13
150090317002019,13
150090317002020,13
150090317002021,13
150090317002022,13
150090317002023,13
150090317002024,13
150090317002025,13
150090317002026,13
150090317002027,13
150090317002028,13
150090317002029,13
150090317002030,13
150090317002031,13
150090317002032,13
150090317002033,13
150090317002034,13
150090317002035,13
150090317002036,13
150090317002037,13
150090317002038,13
150090317002039,13
150090317002040,13
150090317002041,13
150090317002042,13
150090317002043,13
150090317002044,13
150090317002045,13
150090317002046,13
150090317002047,13
150090317002048,13
150090317002049,13
150090317002050,13
150090317002051,13
150090317002052,13
150090317002053,13
150090317002054,13
150090317002055,13
150090317002056,13
150090317002057,13
150090317002058,13
150090317002059,13
150090317002060,13
150090317002061,13
150090317002062,13
150090317002063,13
150090317002064,13
150090317002065,13
150090317002066,13
150090317002067,13
150090317002068,13
150090317002069,13
150090317002070,13
150090317002071,13
150090317002072,13
150090317002073,13
150090317002074,13
150090317002075,13
150090317002076,13
150090317002077,13
150090317003000,13
150090317003001,13
150090317003002,13
150090317003003,13
150090317003004,13
150090317003005,13
150090317003006,13
150090317003007,13
150090317003008,13
150090317003009,13
150090317003010,13
150090317003011,13
150090317003012,13
150090317003013,13
150090317003014,13
150090317004000,13
150090317004001,13
150090317004002,13
150090317004003,13
150090317004004,13
150090317004005,13
150090317004006,13
150090317004007,13
150090317004008,13
150090317004009,13
150090317005000,13
150090317005001,13
150090317005002,13
150090317005003,13
150090317005004,13
150090317005005,13
150090317005006,13
150090317005007,13
150090317005008,13
150090317005009,13
150090317005010,13
150090317005011,13
150090317005012,13
150090317005013,13
150090318011000,13
150090318011001,13
150090318011002,13
150090318011003,13
150090318011004,13
150090318011005,13
150090318011006,13
150090318011007,13
150090318011008,13
150090318011009,13
150090318011010,13
150090318011011,13
150090318011012,13
150090318011013,13
150090318011014,13
150090318011015,13
150090318011016,13
150090318011017,13
150090318011018,13
150090318011019,13
150090318011020,13
150090318011021,13
150090318011022,13
150090318011023,13
150090318011024,13
150090318011025,13
150090318011026,13
150090318011027,13
150090318011028,13
150090318011029,13
150090318011030,13
150090318011031,13
150090318011032,13
150090318011033,13
150090318011034,13
150090318011035,13
150090318011036,13
150090318011037,13
150090318011038,13
150090318011039,13
150090318011040,13
150090318011041,13
150090318011042,13
150090318011043,13
150090318011044,13
150090318011045,13
150090318011046,13
150090318011047,13
150090318011048,13
150090318011049,13
150090318011050,13
150090318011051,13
150090318011052,13
150090318011053,13
150090318011054,13
150090318011055,13
150090318011056,13
150090318011057,13
150090318011058,13
150090318011059,13
150090318011060,13
150090318011061,13
150090318011062,13
150090318011063,13
150090318011064,13
150090318011065,13
150090318011066,13
150090318011067,13
150090318011068,13
150090318011069,13
150090318011070,13
150090318011071,13
150090318011072,13
150090318011073,13
150090318011074,13
150090318011075,13
150090318011076,13
150090318011077,13
150090318012000,13
150090318012001,13
150090318012002,13
150090318012003,13
150090318012004,13
150090318012005,13
150090318012006,13
150090318012007,13
150090318012008,13
150090318012009,13
150090318012010,13
150090318012011,13
150090318012012,13
150090318012013,13
150090318012014,13
150090318012015,13
150090318012016,13
150090318012017,13
150090318012018,13
150090318012019,13
150090318012020,13
150090318012021,13
150090318012022,13
150090318012023,13
150090318012024,13
150090318012025,13
150090318012026,13
150090318012027,13
150090318012028,13
150090318012029,13
150090318012030,13
150090318012031,13
150090318012032,13
150090318012033,13
150090318012034,13
150090318012035,13
150090318012036,13
150090318012037,13
150090318012038,13
150090318012039,13
150090318012040,13
150090318012041,13
150090318012042,13
150090318012043,13
150090318012044,13
150090318012045,13
150090318012046,13
150090318012047,13
150090318012048,13
150090318012049,13
150090318012050,13
150090318012051,13
150090318012052,13
150090318012053,13
150090318012054,13
150090318012055,13
150090318012056,13
150090318012057,13
150090318012058,13
150090318012059,13
150090318012060,13
150090318012061,13
150090318012062,13
150090318012063,13
150090318012064,13
150090318012065,13
150090318012066,13
150090318012067,13
150090318012068,13
150090318012069,13
150090318012070,13
150090318012071,13
150090318012072,13
150090318012073,13
150090318012074,13
150090318012075,13
150090318012076,13
150090319002000,9
150090319002001,9
150090319002002,9
150090319002003,9
150090319002004,9
150090319002005,9
150090319002006,9
150090319002007,9
150090319002008,9
150090319002009,9
150090319003000,9
150090319003001,9
150090319003002,9
150090319003003,9
150090319003004,9
150090319003005,9
150090319003006,9
150090319003007,9
150090319003008,9
150090319003009,9
150090319003010,9
150090319003011,9
150090319003012,9
150090319003013,9
150099800001000,13
150099800001001,13
150099800001002,13
150099800001003,13
150099800001004,13
150099800001005,13
150099800001006,13
150099800001007,13
150099800001008,13
150099800001009,13
150099800001010,13
150099800001011,13
150099900000001,13
150099900000002,13
150099900000003,13
150099900000004,13
150099900000005,13
150099900000006,13
150099900000007,13
150099912000001,13
150099912000002,13
150099912000003,13
150099912000004,13
150099912000005,13
150099912000006,13
150070401041000,15
150070401041001,15
150070401041002,15
150070401041003,15
150070401041004,15
150070401041005,15
150070401041006,15
150070401041007,15
150070401041008,15
150070401041009,15
150070401041010,15
150070401041011,15
150070401041012,15
150070401041013,15
150070401041014,15
150070401041015,15
150070401041016,15
150070401041017,15
150070401041018,15
150070401041019,15
150070401041020,15
150070401041021,15
150070401041022,15
150070401041023,15
150070401041024,15
150070401041025,15
150070401041026,15
150070401041027,15
150070401041028,15
150070401041029,15
150070401041030,15
150070401041031,15
150070401041032,15
150070401041033,15
150070401041034,15
150070401041035,15
150070401041036,15
150070401041037,15
150070401041038,15
150070401041039,15
150070401041040,15
150070401042000,15
150070401042001,15
150070401042002,15
150070401042003,15
150070401042004,15
150070401042005,15
150070401042006,15
150070401042007,15
150070401042008,15
150070401042009,15
150070401042010,15
150070401042011,15
150070401042012,15
150070401042013,15
150070401051000,15
150070401051001,15
150070401051002,15
150070401051003,15
150070401051004,15
150070401051005,15
150070401051006,15
150070401051007,15
150070401051008,15
150070401051009,15
150070401051010,15
150070401051011,15
150070401051012,15
150070401051013,15
150070401051014,15
150070401051015,15
150070401051016,15
150070401051017,15
150070401051018,15
150070401051019,15
150070401051020,15
150070401051021,15
150070401051022,15
150070401051023,15
150070401051024,15
150070401051025,15
150070401051026,15
150070401051027,15
150070401051028,15
150070401051029,15
150070401051030,15
150070401051031,15
150070401051032,15
150070401051033,15
150070401051034,15
150070401052000,15
150070401052001,15
150070401052002,15
150070401052003,15
150070401052004,15
150070401052005,15
150070401052006,15
150070401052007,15
150070401052008,15
150070401052009,15
150070401052010,15
150070401052011,15
150070401052012,15
150070401052013,15
150070401052014,15
150070401052015,15
150070401052016,15
150070401052017,15
150070401052018,15
150070401052019,15
150070401052020,15
150070401052021,15
150070401052022,15
150070401052023,15
150070401052024,15
150070401052025,15
150070401052026,15
150070401052027,15
150070401052028,15
150070401052029,15
150070401052030,15
150070401052031,15
150070401061000,15
150070401061001,15
150070401061002,15
150070401061003,15
150070401061004,15
150070401061005,15
150070401061006,15
150070401061007,15
150070401061008,15
150070401061009,15
150070401062000,15
150070401062001,15
150070401062002,15
150070401062003,15
150070401062004,15
150070401062005,15
150070401062006,15
150070401062007,15
150070401062008,15
150070401062009,15
150070401062010,15
150070401062011,15
150070401063000,15
150070401063001,15
150070401063002,15
150070401063003,15
150070401063004,15
150070401063005,15
150070401063006,15
150070401063007,15
150070401063008,15
150070401063009,15
150070401063010,15
150070401063011,15
150070401063012,15
150070401063013,15
150070401063014,15
150070401063015,15
150070402042000,16
150070402042001,16
150070402042002,16
150070402042003,16
150070402042004,16
150070402042005,16
150070402042006,16
150070402042007,16
150070402042008,16
150070402042009,16
150070402042010,16
150070402042011,16
150070402042012,16
150070402042013,16
150070402042014,16
150070402051000,15
150070402051001,15
150070402051002,15
150070402051003,15
150070402051004,15
150070402051005,15
150070402051006,15
150070402051007,15
150070402051008,15
150070402051009,15
150070402051010,15
150070402051011,15
150070402051012,15
150070402051013,15
150070402051014,15
150070402051015,15
150070402051016,15
150070402052000,16
150070402052001,16
150070402052002,16
150070402052003,16
150070402052004,16
150070402052005,16
150070402052006,16
150070402052007,16
150070402052008,16
150070402052009,16
150070402052010,16
150070402054000,15
150070402054001,15
150070402054002,15
150070402054003,15
150070402054004,15
150070402054005,15
150070402054006,15
150070402054007,15
150070402054008,15
150070402054009,15
150070402054010,15
150070402054011,15
150070403011000,15
150070403011001,15
150070403011002,15
150070403011003,15
150070403011004,15
150070403011005,15
150070403011006,15
150070403011007,15
150070403011008,15
150070403011009,15
150070403011010,15
150070403012000,15
150070403012001,15
150070403012002,15
150070403012003,15
150070403012004,15
150070403012005,15
150070403012006,15
150070403012007,15
150070403012008,15
150070403012009,15
150070403012010,15
150070403012011,15
150070403013000,15
150070403013001,15
150070403013002,15
150070403013003,15
150070403013004,15
150070403013005,15
150070403013006,15
150070403013007,15
150070403013008,15
150070403013009,15
150070403013010,15
150070403013011,15
150070403013012,15
150070403013013,15
150070403013014,15
150070403013015,15
150070403021000,15
150070403021001,15
150070403021002,15
150070403021003,15
150070403021004,15
150070403021005,15
150070403021006,15
150070403021007,15
150070403021008,15
150070403021009,15
150070403021010,15
150070403021011,15
150070403021012,15
150070403021013,15
150070403021014,15
150070403021015,15
150070403021016,15
150070403021017,15
150070403021018,15
150070403021019,15
150070403021020,15
150070403021021,15
150070403021022,15
150070403021023,15
150070403022000,15
150070403022001,15
150070403022002,15
150070403022003,15
150070403022004,15
150070403022005,15
150070403022006,15
150070403022007,15
150070403022008,15
150070403022009,15
150070403022010,15
150070403022011,15
150070403022012,15
150070403022013,15
150070403022014,15
150070403022015,15
150070403022016,15
150070403022017,15
150070403022018,15
150070403022019,15
150070403022020,15
150070403022021,15
150070403022022,15
150070403022023,15
150070403022024,15
150070403022025,15
150070403022026,15
150070404011000,16
150070404011001,16
150070404011002,16
150070404011003,16
150070404011004,16
150070404011005,16
150070404011006,16
150070404011007,16
150070404011008,16
150070404011009,16
150070404011010,16
150070404012000,16
150070404012001,16
150070404012002,16
150070404012003,16
150070404012004,16
150070404012005,16
150070404012006,16
150070404012007,16
150070404012008,16
150070404012009,16
150070404012010,16
150070404012011,16
150070404012012,16
150070404012013,16
150070404012014,16
150070404012015,16
150070404012016,16
150070404012017,16
150070404012018,16
150070404012019,16
150070404012020,16
150070404013000,16
150070404013001,16
150070404013002,16
150070404013003,16
150070404013004,16
150070404013005,16
150070404013006,16
150070404013007,16
150070404013008,16
150070404013009,16
150070404013010,16
150070404013011,16
150070404013012,16
150070404013013,16
150070404013014,16
150070404013015,16
150070404013016,16
150070404013017,16
150070404013018,16
150070404013019,16
150070404013020,16
150070404013021,16
150070404013022,16
150070404013023,16
150070404013024,16
150070404013025,16
150070404013026,16
150070404013027,16
150070404013028,16
150070404013029,16
150070404013030,16
150070404013031,16
150070404013032,16
150070404013033,16
150070404013034,16
150070404013035,16
150070404013036,16
150070404013037,16
150070404013038,16
150070404013039,16
150070404013040,16
150070404013041,16
150070404013042,16
150070404013043,16
150070404013044,16
150070404013045,16
150070404013046,16
150070404013047,16
150070404013048,16
150070404013049,16
150070404013050,16
150070404013051,16
150070404013052,16
150070404013053,16
150070404013054,16
150070404013055,16
150070404013056,16
150070404013057,16
150070404013058,16
150070404013059,16
150070404013060,16
150070404013061,16
150070404013062,16
150070404013063,16
150070404013064,16
150070404013065,16
150070404013066,16
150070404013067,16
150070404013068,16
150070404013069,16
150070404013070,16
150070404013071,16
150070404013072,16
150070404013073,16
150070404013074,16
150070404013075,16
150070404013076,16
150070404013077,16
150070404013078,16
150070404013079,16
150070404013080,16
150070404013081,16
150070404013082,16
150070404013083,16
150070404013084,16
150070404013085,16
150070404013086,16
150070404013087,16
150070404013088,16
150070404013089,16
150070404013090,16
150070404013091,16
150070404013092,16
150070404013093,16
150070404013094,16
150070404013095,16
150070404013096,16
150070404013097,16
150070404013098,16
150070404013099,16
150070404013100,16
150070404013101,16
150070404013102,16
150070404013103,16
150070404013104,16
150070404021000,16
150070404021001,16
150070404021002,16
150070404021003,16
150070404021004,16
150070404021005,16
150070404021006,16
150070404021007,16
150070404021008,16
150070404021009,16
150070404021010,16
150070404021011,16
150070404021012,16
150070404021013,16
150070404021014,16
150070404021015,16
150070404021016,16
150070404021017,16
150070404021018,16
150070404021019,16
150070404021020,16
150070404021021,16
150070404022000,16
150070404022001,16
150070404022002,16
150070404022003,16
150070404022004,16
150070404022005,16
150070404022006,16
150070404022007,16
150070404022008,16
150070404022009,16
150070404022010,16
150070404022011,16
150070404022012,16
150070404022013,16
150070404022014,16
150070405001000,16
150070405001001,16
150070405001002,16
150070405001003,16
150070405001004,16
150070405001005,16
150070405001006,16
150070405001007,16
150070405001008,16
150070405001009,16
150070405001010,16
150070405001011,16
150070405001012,16
150070405001013,16
150070405001014,16
150070405001015,16
150070405001016,16
150070405001017,16
150070405001018,16
150070405001019,16
150070405001020,16
150070405002000,16
150070405002001,16
150070405002002,16
150070405002003,16
150070405002004,16
150070405002005,16
150070405002006,16
150070405002007,16
150070405002008,16
150070405002009,16
150070405002010,16
150070405003000,16
150070405003001,16
150070405003002,16
150070405003003,16
150070405003004,16
150070405003005,16
150070405003006,16
150070405003007,16
150070405003008,16
150070405003009,16
150070405003010,16
150070405003011,16
150070405003012,16
150070405003013,16
150070405003014,16
150070405003015,16
150070405003016,16
150070405004000,16
150070405004001,16
150070405004002,16
150070405004003,16
150070405004004,16
150070405004005,16
150070405004006,16
150070405004007,16
150070405004008,16
150070405004009,16
150070405004010,16
150070405004011,16
150070405004012,16
150070405004013,16
150070405004014,16
150070405004015,16
150070405004016,16
150070405004017,16
150070405004018,16
150070405004019,16
150070405004020,16
150070405004021,16
150070405004022,16
150070405004023,16
150070405004024,16
150070405004025,16
150070405004026,16
150070405004027,16
150070405004028,16
150070405004029,16
150070405004030,16
150070405004031,16
150070405004032,16
150070405004033,16
150070405004034,16
150070405004035,16
150070405004036,16
150070405004037,16
150070405004038,16
150070405004039,16
150070405004040,16
150070405004041,16
150070405004042,16
150070405004043,16
150070405004044,16
150070405004045,16
150070405004046,16
150070405004047,16
150070405004048,16
150070405004049,16
150070406031000,17
150070406031001,17
150070406031002,17
150070406031003,17
150070406031004,17
150070406031005,17
150070406031006,17
150070406031007,17
150070406031008,17
150070406031009,17
150070406031010,17
150070406031011,17
150070406031012,17
150070406042000,17
150070406042001,17
150070406042002,17
150070406042003,17
150070406042004,17
150070406042005,17
150070406042006,17
150070406042007,17
150070406042008,17
150070406042009,17
150070406042010,17
150070406042011,17
150070406042012,17
150070406042013,17
150070406042014,17
150070406042015,17
150070406042016,17
150070406042017,17
150070406042018,17
150070406042019,17
150070406042020,17
150070406042021,17
150070406042022,17
150070406042023,17
150070406042024,17
150070406042025,17
150070406042026,17
150070406042027,17
150070406042028,17
150070406042029,17
150070406042030,17
150070406042031,17
150070406042032,17
150070406042033,17
150070406042034,17
150070406042035,17
150070406042036,17
150070406042037,17
150070406042038,17
150070406042039,17
150070406042040,17
150070407012000,17
150070407012001,17
150070407012002,17
150070407012003,17
150070407012004,17
150070407012005,17
150070407012006,17
150070407012007,17
150070407012008,17
150070407012009,17
150070407012010,17
150070407012011,17
150070407012012,17
150070407012013,17
150070407012014,17
150070407012015,17
150070407021000,17
150070407021001,17
150070407021002,17
150070407021003,17
150070407021004,17
150070407021005,17
150070407021006,17
150070407021007,17
150070407021008,17
150070407021009,17
150070407021010,17
150070407021011,17
150070407022000,17
150070407022001,17
150070407022002,17
150070407022003,17
150070407022004,17
150070407022005,17
150070407022006,17
150070407022007,17
150070407022008,17
150070407022009,17
150070407022010,17
150070407022011,17
150070407022012,17
150070407022013,17
150070407022014,17
150070407022015,17
150070407022016,17
150070407022017,17
150070407022018,17
150070407022019,17
150070407023000,17
150070407023001,17
150070407023002,17
150070407023003,17
150070407023004,17
150070407023005,17
150070407023006,17
150070407023007,17
150070407023008,17
150070407023009,17
150070407023010,17
150070407023011,17
150070407023012,17
150070407023013,17
150070407023014,17
150070407023015,17
150070407023016,17
150070407023017,17
150070407023018,17
150070407023019,17
150070407023020,17
150070407023021,17
150070407023022,17
150070407023023,17
150070407023024,17
150070407023025,17
150070407024000,17
150070407024001,17
150070407024002,17
150070407024003,17
150070407024004,17
150070407024005,17
150070407024006,17
150070407024007,17
150070407024008,17
150070407024009,17
150070407024010,17
150070407024011,17
150070407024012,17
150070407024013,17
150070407024014,17
150070407024015,17
150070407024016,17
150070407024017,17
150070407024018,17
150070407024019,17
150070407024020,17
150070407024021,17
150070407024022,17
150070407024023,17
150070407024024,17
150070407024025,17
150070407024026,17
150070407024027,17
150070407024028,17
150070407024029,17
150070407024030,17
150070407024031,17
150070407024032,17
150070407024033,17
150070407024034,17
150070407024035,17
150070408001000,17
150070408001001,17
150070408001002,17
150070408001003,17
150070408001004,17
150070408001005,17
150070408001006,17
150070408001007,17
150070408001008,17
150070408001009,17
150070408001010,17
150070408001011,17
150070408001012,17
150070408001013,17
150070408001014,17
150070408001015,17
150070408001016,17
150070408001017,17
150070408001018,17
150070408001019,17
150070408001020,17
150070408001021,17
150070408001022,17
150070408001023,17
150070408001024,17
150070408001025,17
150070408001026,17
150070408001027,17
150070408001028,17
150070408001029,17
150070408001030,17
150070408001031,17
150070408001032,17
150070408001033,17
150070408001034,17
150070408001035,17
150070408001036,17
150070408001037,17
150070408001038,17
150070408001039,17
150070408001040,17
150070408001041,17
150070408001042,17
150070408001043,17
150070408001044,17
150070408001045,17
150070408001046,17
150070408001047,17
150070408001048,17
150070408001049,17
150070408001050,17
150070408001051,17
150070408001052,17
150070408001053,17
150070408001054,17
150070408001055,17
150070408001056,17
150070408001057,17
150070408001058,17
150070408001059,17
150070408001060,17
150070408002000,17
150070408002001,17
150070408002002,17
150070408002003,17
150070408002004,17
150070408002005,17
150070408002006,17
150070408002007,17
150070408002008,17
150070408002009,17
150070408002010,17
150070408002011,17
150070408002012,17
150070408002013,17
150070408002014,17
150070408002015,17
150070408002016,17
150070408002017,17
150070408002018,17
150070408003000,17
150070408003001,17
150070408003002,17
150070408003003,17
150070408003004,17
150070408003005,17
150070408003006,17
150070408003007,17
150070408003008,17
150070408003009,17
150070408003010,17
150070408003011,17
150070408003012,17
150070408003013,17
150070408003014,17
150070408003015,17
150070408003016,17
150070408003017,17
150070408003018,17
150070408003019,17
150070408003020,17
150070408003021,17
150070408003022,17
150070408003023,17
150070408003024,17
150070408003025,17
150070409001000,17
150070409001001,17
150070409001002,17
150070409001003,17
150070409001004,17
150070409001005,17
150070409001006,17
150070409001007,17
150070409001008,17
150070409001009,17
150070409001010,17
150070409001011,17
150070409001012,17
150070409001013,17
150070409001014,17
150070409001015,17
150070409001016,17
150070409001017,17
150070409001018,17
150070409001019,17
150070409001020,17
150070409001021,17
150070409001022,17
150070409001023,17
150070409001024,17
150070409001025,17
150070409001026,17
150070409001027,17
150070409001028,17
150070409001029,17
150070409001030,17
150070409001031,17
150070409001032,17
150070409001033,17
150070409001034,17
150070409001035,17
150070409001036,17
150070409001037,17
150070409001038,17
150070409001039,17
150070409001040,17
150070409001041,17
150070409001042,17
150070409001043,17
150070409001044,17
150070409001045,17
150070409001046,17
150070409001047,17
150070409001048,17
150070409001049,17
150070409001050,17
150070409001051,17
150070409001052,17
150070409001053,17
150070409001054,17
150070409001055,17
150070409001056,17
150070409001057,17
150070409001058,17
150070409001059,17
150070409001060,17
150070409001061,17
150070409001062,17
150070409001063,17
150070409001064,17
150070409001065,17
150070409001066,17
150070409001067,17
150070409001068,17
150070409001069,17
150070409001070,17
150070409001071,17
150070409001072,17
150070409001073,17
150070409001074,17
150070409001075,17
150070409001076,17
150070409001077,17
150070409001078,17
150070409001079,17
150070409001080,17
150070409002000,17
150070409002001,17
150070409002002,17
150070409002003,17
150070409002004,17
150070409002005,17
150070409002006,17
150070409002007,17
150070409002008,17
150070409002009,17
150070409002010,17
150070409002011,17
150070409002012,17
150070409002013,17
150070409002014,17
150070409002015,17
150070409003000,17
150070409003001,17
150070409003002,17
150070409003003,17
150070409003004,17
150070409003005,17
150070409003006,17
150070409003007,17
150070409003008,17
150070409003009,17
150070409003010,17
150070409003011,17
150070409003012,17
150070409003013,17
150070409003014,17
150070409003015,17
150070409003016,17
150070409003017,17
150070409003018,17
150070409003019,17
150070409003020,17
150070409003021,17
150070409003022,17
150070409004000,17
150070409004001,17
150070409004002,17
150070409004003,17
150070409004004,17
150070409004005,17
150070409004006,17
150070409004007,17
150070409004008,17
150070409004009,17
150070409004010,17
150070409004011,17
150070409004012,17
150070409004013,17
150070409004014,17
150070409004015,17
150070409004016,17
150070409004017,17
150070409005000,17
150070409005001,17
150070409005002,17
150070409005003,17
150070409005004,17
150070409005005,17
150070409005006,17
150070409005007,17
150070409005008,17
150070409005009,17
150070409005010,17
150070409005011,17
150070409006000,17
150070409006001,17
150070409006002,17
150070409006003,17
150070409006004,17
150070409006005,17
150070409006006,17
150070409006007,17
150070409006008,17
150070409006009,17
150070409006010,17
150070409006011,17
150070409006012,17
150070409006013,17
150070409006014,17
150070409006015,17
150070409006016,17
150070409006017,17
150070409006018,17
150070409006019,17
150070409006020,17
150070409006021,17
150070409006022,17
150070409006023,17
150070412001000,17
150070412001001,17
150070412001002,17
150070412001003,17
150070412001004,17
150070412001005,17
150070412001006,17
150070412001007,17
150070412002000,17
150070412002001,17
150079400002000,15
150079400002001,15
150079400002002,15
150079400002003,15
150079400002004,15
150079400002005,15
150079400002006,15
150079400002007,15
150079400002008,15
150079400002009,15
150079400002010,15
150079400002011,15
150079400002012,15
150079400002013,15
150079400002014,15
150079400002015,15
150079400002016,15
150079400002017,15
150079400002018,15
150079400002019,15
150079400002020,15
150079400002021,15
150079400002022,15
150079400002023,15
150079400002024,15
150079400002025,15
150079400002026,15
150079400002027,15
150079400002028,15
150079400002029,15
150079400002030,15
150079400002031,15
150079400002032,15
150079400002033,15
150079400002034,15
150079400002035,15
150079400002036,15
150079400002037,15
150079400002038,15
150079400002039,15
150079400002040,15
150079400002041,15
150079400002042,15
150079400002043,15
150079400002044,15
150079400002045,15
150079400002046,15
150079400002047,15
150079400002048,15
150079902000001,17
150079903000001,17
150079903000002,17
150030001071000,18
150030001071001,18
150030001071002,18
150030001071003,18
150030001071004,18
150030001071005,18
150030001071006,18
150030001071007,18
150030001071008,18
150030001071009,18
150030001072000,18
150030001072001,18
150030001072002,18
150030001072003,18
150030001072004,18
150030001072005,18
150030001072006,18
150030001072007,18
150030001072008,18
150030001072009,18
150030001072010,18
150030001072011,18
150030001072012,18
150030001072013,18
150030001082000,19
150030001082001,19
150030001082002,19
150030001082003,19
150030001083000,19
150030001083001,19
150030001083002,19
150030001083003,19
150030001083004,19
150030001083005,19
150030001083006,19
150030001101000,18
150030001101001,18
150030001101002,18
150030001101003,18
150030001101004,18
150030001101005,18
150030001101006,18
150030001101007,18
150030001103000,18
150030001104000,18
150030001104001,18
150030001141000,18
150030001141001,18
150030001141002,18
150030001141003,18
150030001141004,18
150030001141005,18
150030001141006,18
150030001141007,18
150030001141008,18
150030001141009,18
150030001141010,18
150030001142000,18
150030001142001,18
150030001142002,18
150030001142003,18
150030001142004,18
150030001142005,18
150030001142006,18
150030001142007,18
150030001142008,18
150030001142009,18
150030001151000,19
150030001151001,19
150030001151002,19
150030001152000,18
150030001152001,18
150030001152002,18
150030001152003,18
150030001152004,18
150030001153000,18
150030001161000,18
150030001161001,18
150030001161002,18
150030001171000,18
150030001181000,18
150030001181001,18
150030001181002,18
150030001181003,18
150030001181004,18
150030001181005,18
150030001181006,18
150030001191000,18
150030001191001,18
150030001191002,18
150030001191003,18
150030001191004,18
150030001191005,18
150030001191006,18
150030001192000,18
150030001192001,18
150030001192002,18
150030001192003,18
150030001192004,18
150030001192005,18
150030001192006,18
150030001193000,18
150030001193001,18
150030001193002,18
150030001193003,18
150030001193004,18
150030001193005,18
150030001193006,18
150030001201000,18
150030001201001,18
150030001201002,18
150030001201003,18
150030001201004,18
150030001201005,18
150030001201006,18
150030001202000,18
150030001202001,18
150030001203000,18
150030001203001,18
150030001203002,18
150030001203003,18
150030001211000,18
150030001211001,18
150030001211002,18
150030001211003,18
150030001211004,18
150030001211005,18
150030001212000,18
150030001212001,18
150030001212002,18
150030001212003,18
150030001221000,18
150030001221001,18
150030001221002,18
150030001221003,18
150030001221004,18
150030001221005,18
150030001221006,18
150030001221007,18
150030001221008,18
150030001221009,18
150030001221010,18
150030001222000,18
150030001222001,18
150030001222002,18
150030001222003,18
150030001222004,18
150030001222005,18
150030001222006,18
150030001222007,18
150030001222008,18
150030001222009,18
150030001223000,18
150030001223001,18
150030002001000,19
150030002001001,19
150030002001002,19
150030002001003,19
150030002001004,19
150030002001005,19
150030002001006,19
150030002001007,19
150030002001008,19
150030002001009,19
150030002002000,19
150030002002001,19
150030002002002,19
150030002002003,19
150030002003000,19
150030002003001,19
150030002003002,19
150030002003003,19
150030002003004,19
150030002003005,19
150030002003006,19
150030002003007,19
150030002003008,19
150030002003009,19
150030002003010,19
150030002003011,19
150030002003012,19
150030002003013,19
150030002003014,19
150030002003015,19
150030002003016,19
150030002003017,19
150030002003018,19
150030002003019,19
150030002003020,19
150030002003021,19
150030002003022,19
150030002004000,19
150030002004001,19
150030002004002,19
150030002004003,19
150030002005000,19
150030002005001,19
150030002005002,19
150030002005003,19
150030002006000,19
150030002006001,19
150030002006002,19
150030002006003,19
150030002006004,19
150030002006005,19
150030003011000,19
150030003011001,19
150030003011002,19
150030003011003,19
150030003011004,19
150030003011005,19
150030003011006,19
150030003011007,19
150030003011008,19
150030003011009,19
150030003011010,19
150030003011011,19
150030003011012,19
150030003011013,19
150030003011014,19
150030003011015,19
150030003011016,19
150030003011017,19
150030003011018,19
150030003011019,19
150030003012000,19
150030003012001,19
150030003012002,19
150030003012003,19
150030003012004,19
150030003012005,19
150030003012006,19
150030003021000,19
150030003021001,19
150030003021002,19
150030003021003,19
150030003021004,19
150030003021005,19
150030003021006,19
150030003022000,19
150030003022001,19
150030003022002,19
150030003022003,19
150030003022004,19
150030003022005,19
150030003022006,19
150030003022007,19
150030003022008,19
150030003022009,19
150030003022010,19
150030003022011,19
150030003022012,19
150030003022013,19
150030003022014,19
150030003022015,19
150030003022016,19
150030003022017,19
150030003022018,19
150030004011000,19
150030004011001,19
150030004011002,19
150030004011003,19
150030004011004,19
150030004011005,19
150030004011006,19
150030004011007,19
150030004011008,19
150030004012000,19
150030004012001,19
150030004012002,19
150030004012003,19
150030004012004,19
150030004021000,19
150030004021001,19
150030004021002,19
150030004021003,19
150030004021004,19
150030004021005,19
150030004021006,19
150030004021007,19
150030004021008,19
150030004022000,19
150030004022001,19
150030004022002,19
150030004022003,19
150030004022004,19
150030004022005,19
150030004022006,19
150030004022007,19
150030004022008,19
150030004022009,19
150030004022010,19
150030004022011,19
150030004022012,19
150030004023000,19
150030004023001,19
150030004023002,19
150030005002000,20
150030005002001,20
150030005002002,20
150030005002003,20
150030005002004,20
150030005002005,20
150030005002006,20
150030005002007,20
150030005003000,20
150030005003001,20
150030005003002,20
150030005003003,20
150030005003004,20
150030005003005,20
150030005003006,20
150030005003007,20
150030005003008,20
150030005003009,20
150030005003010,20
150030005003011,20
150030005003012,20
150030005003013,20
150030005003014,20
150030005003015,20
150030005003016,20
150030005003017,20
150030005004000,20
150030005004001,20
150030005004002,20
150030005004003,20
150030005004004,20
150030005004005,20
150030005004006,20
150030005004007,20
150030005004008,20
150030005004009,20
150030005004010,20
150030005004011,20
150030005004012,20
150030005004013,20
150030005004014,20
150030005004015,20
150030005004016,20
150030005004017,20
150030005004018,20
150030005005000,19
150030005005001,19
150030005005002,19
150030005005003,19
150030005005004,19
150030005005005,19
150030005005006,19
150030005005007,19
150030005005008,19
150030005005009,19
150030005005010,19
150030005005011,19
150030006001000,20
150030006001001,20
150030006001002,20
150030006001003,20
150030006002000,20
150030006002001,20
150030006002002,20
150030006002003,20
150030006002004,20
150030006002005,20
150030006002006,20
150030006002007,20
150030006002008,20
150030006002009,20
150030006002010,20
150030006002011,20
150030006002012,20
150030006002013,20
150030006002014,20
150030007001000,20
150030007001001,20
150030007001002,20
150030007002000,20
150030007002001,20
150030007002002,20
150030007002003,20
150030007002004,20
150030007002005,20
150030007002006,20
150030007002007,20
150030007002008,20
150030007003000,20
150030007003001,20
150030007003002,20
150030007003003,20
150030007003004,20
150030007003005,20
150030007003006,20
150030007004000,20
150030007004001,20
150030007004002,20
150030007004003,20
150030007004004,20
150030007004005,20
150030008002000,20
150030008002001,20
150030008002002,20
150030008002003,20
150030008002004,20
150030008002005,20
150030008002006,20
150030008002007,20
150030008002008,20
150030008003000,20
150030008003001,20
150030008003002,20
150030008003003,20
150030008003004,20
150030008003005,20
150030008003006,20
150030008003007,20
150030008003008,20
150030008003009,20
150030008003010,20
150030008003011,20
150030008003012,20
150030008003013,20
150030009011000,19
150030009011001,19
150030009011002,19
150030009011003,19
150030009011004,19
150030009011005,19
150030009011006,19
150030009032000,21
150030009032001,21
150030009032002,21
150030009032003,21
150030009032004,21
150030009032005,21
150030009032006,21
150030009032007,21
150030009032008,21
150030009032009,21
150030009032010,21
150030009032011,21
150030009032012,21
150030009032013,21
150030009041000,21
150030009041001,21
150030009041002,21
150030009041003,21
150030009041004,21
150030009041005,21
150030009041006,21
150030009051000,21
150030009051001,21
150030009051002,21
150030009051003,21
150030009051004,21
150030009051005,21
150030009051006,21
150030009052000,21
150030009052001,21
150030009052002,21
150030009052003,21
150030009052004,21
150030009052005,21
150030010001000,21
150030010001001,21
150030010001002,21
150030010001003,21
150030010001004,21
150030010001005,21
150030010001006,21
150030010001007,21
150030010001008,21
150030010002000,21
150030010002001,21
150030010002002,21
150030011011000,21
150030011011001,21
150030011011002,21
150030011012000,21
150030011012001,21
150030011021000,21
150030011021001,21
150030011021002,21
150030011021003,21
150030011021004,21
150030011022000,21
150030011022001,21
150030011022002,21
150030011022003,21
150030012011000,21
150030012011001,21
150030012011002,21
150030012011003,21
150030012011004,21
150030012011005,21
150030012011006,21
150030012011007,21
150030012012000,21
150030012012001,21
150030012012002,21
150030012012003,21
150030012012004,21
150030012012005,21
150030012012006,21
150030012012007,21
150030012012008,21
150030012012009,21
150030012012010,21
150030012012011,21
150030012012012,21
150030012012013,21
150030012012014,21
150030012012015,21
150030012012016,21
150030012012017,21
150030012012018,21
150030012012019,21
150030012012020,21
150030012021000,21
150030012021001,21
150030012021002,21
150030012021003,21
150030012021004,21
150030012022000,21
150030012022001,21
150030012022002,21
150030012022003,21
150030012022004,21
150030012022005,21
150030012022006,21
150030013001000,20
150030013001001,20
150030013001002,20
150030013001003,20
150030013001004,20
150030013001005,20
150030013001006,20
150030013001007,20
150030013001008,20
150030013001009,20
150030013001010,20
150030013002000,20
150030013002001,20
150030013002002,20
150030013002003,20
150030013002004,20
150030013002005,20
150030013002006,20
150030013002007,20
150030013002008,20
150030013002009,20
150030013002010,20
150030014001000,20
150030014001001,20
150030014001002,20
150030014001003,20
150030014001004,20
150030014001005,20
150030014001006,20
150030014001007,20
150030014002000,20
150030014002001,20
150030014002002,20
150030014002003,20
150030014002004,20
150030014002005,20
150030014002006,20
150030014002007,20
150030014002008,20
150030014002009,20
150030014002010,20
150030014002011,20
150030014002012,20
150030015011000,20
150030015011001,20
150030015011002,20
150030015011003,20
150030015011004,20
150030015011005,20
150030015011006,20
150030015011007,20
150030015011008,20
150030015011009,20
150030015011010,20
150030015011011,20
150030015011012,20
150030015021000,20
150030015021001,20
150030015021002,20
150030015021003,20
150030015021004,20
150030015021005,20
150030015021006,20
150030015021007,20
150030015021008,20
150030015021009,20
150030015021010,20
150030015021011,20
150030015021012,20
150030015021013,20
150030015022000,20
150030015022001,20
150030015022002,20
150030015022003,20
150030015022004,20
150030015022005,20
150030015022006,20
150030015022007,20
150030015022008,20
150030015022009,20
150030015022010,20
150030015022011,20
150030015022012,20
150030015022013,20
150030016011000,20
150030016011001,20
150030016011002,20
150030016011003,20
150030016011004,20
150030016011005,20
150030016011006,20
150030016011007,20
150030016011008,20
150030016011009,20
150030016011010,20
150030016011011,20
150030016011012,20
150030016012000,20
150030016012001,20
150030016012002,20
150030016012003,20
150030016012004,20
150030016012005,20
150030016012006,20
150030016021000,20
150030016021001,20
150030016021002,20
150030016021003,20
150030016021004,20
150030016021005,20
150030016021006,20
150030016022000,20
150030016022001,20
150030016022002,20
150030016022003,20
150030016022004,20
150030016022005,20
150030016022006,20
150030016022007,20
150030017001000,20
150030017001001,20
150030017001002,20
150030017001003,20
150030017001004,20
150030017001005,20
150030017001006,20
150030017001007,20
150030017002000,20
150030017002001,20
150030017002002,20
150030017002003,20
150030017002004,20
150030017002005,20
150030017002006,20
150030017002007,20
150030017002008,20
150030017002009,20
150030017002010,20
150030017002011,20
150030017002012,20
150030018011000,24
150030018011001,24
150030018011002,24
150030018011003,24
150030018011004,24
150030018011005,24
150030018011006,24
150030018011007,24
150030018012000,24
150030018012001,24
150030018012002,24
150030018012003,24
150030018031000,24
150030018032000,24
150030018032001,24
150030018033000,24
150030018033001,24
150030018033002,24
150030018034000,24
150030018034001,24
150030018041000,24
150030018041001,24
150030018041002,24
150030018042000,24
150030018042001,24
150030019011000,24
150030019011001,24
150030019011002,24
150030019011003,24
150030019011004,24
150030019011005,24
150030019011006,24
150030019011007,24
150030019011008,24
150030019011009,24
150030019011010,24
150030019011011,24
150030019011012,24
150030019011013,24
150030019011014,24
150030019051000,24
150030019051001,24
150030019051002,24
150030019052000,24
150030019052001,24
150030019061000,24
150030019061001,24
150030019062000,24
150030019063000,24
150030019063001,24
150030019063002,24
150030019071000,24
150030019071001,24
150030019072000,24
150030019073000,24
150030020031000,24
150030020031001,24
150030020031002,24
150030020031003,24
150030020031004,24
150030020031005,24
150030020031006,24
150030020031007,24
150030020031008,24
150030020032000,24
150030020032001,24
150030020032002,24
150030020032003,24
150030020041000,24
150030020042000,24
150030020042001,24
150030020042002,24
150030020042003,24
150030020042004,24
150030020042005,24
150030020051000,24
150030020051001,24
150030020051002,24
150030020051003,24
150030020051004,24
150030020052000,24
150030020052001,24
150030020052002,24
150030020052003,24
150030020052004,24
150030020052005,24
150030020052006,24
150030020061000,24
150030020061001,24
150030020061002,24
150030020061003,24
150030020061004,24
150030020061005,24
150030020061006,24
150030020062000,24
150030020062001,24
150030020062002,24
150030020062003,24
150030020062004,24
150030021012000,20
150030021013000,20
150030021013001,20
150030021021000,23
150030021021001,23
150030022031000,24
150030022031001,24
150030022031002,24
150030022031003,24
150030022031004,24
150030022031005,24
150030022041000,24
150030022041001,24
150030022051000,24
150030022051001,24
150030022051002,24
150030022051003,24
150030022061000,23
150030022062000,23
150030023012000,23
150030023012001,23
150030023013000,23
150030023013001,23
150030023013002,23
150030023021000,23
150030023021001,23
150030023021002,23
150030023021003,23
150030023022000,23
150030023022001,23
150030023022002,23
150030023022003,23
150030023022004,23
150030023022005,23
150030024011000,23
150030024011001,23
150030024011002,23
150030024011003,23
150030024012000,23
150030024012001,23
150030024012002,23
150030024013000,23
150030024013001,23
150030024013002,23
150030024014000,23
150030024014001,23
150030024014002,23
150030024031000,23
150030024031001,23
150030024031002,23
150030024031003,23
150030024032000,23
150030024032001,23
150030024032002,23
150030024032003,23
150030024041000,23
150030024041001,23
150030024042000,23
150030024042001,23
150030024042002,23
150030025003000,23
150030025003001,23
150030025003002,23
150030025003003,23
150030025003004,23
150030025003005,23
150030026001000,22
150030026001001,22
150030026001002,22
150030026001003,22
150030026001004,22
150030026002000,22
150030026002001,22
150030026002002,22
150030026002003,22
150030026002004,22
150030026002005,22
150030026002006,22
150030026003000,22
150030026003001,22
150030026003002,22
150030026003003,22
150030026003004,22
150030026003005,22
150030026003006,22
150030026003007,22
150030026003008,22
150030026003009,22
150030026003010,22
150030026003011,22
150030026003012,22
150030026003013,22
150030026003014,22
150030027011000,22
150030027011001,22
150030027011002,22
150030027011003,22
150030027011004,22
150030027011005,22
150030027011006,22
150030027011007,22
150030027011008,22
150030027011009,22
150030027012000,22
150030027012001,22
150030027012002,22
150030027012003,22
150030027012004,22
150030027012005,22
150030027012006,22
150030027012007,22
150030027012008,22
150030027012009,22
150030027013000,22
150030027013001,22
150030027013002,22
150030027013003,22
150030027013004,22
150030027021000,22
150030027021001,22
150030027021002,22
150030027021003,22
150030027021004,22
150030027021005,22
150030027021006,22
150030027021007,22
150030027021008,22
150030027021009,22
150030027021010,22
150030027021011,22
150030027022000,22
150030027022001,22
150030027022002,22
150030027022003,22
150030027022004,22
150030027022005,22
150030027022006,22
150030027022007,22
150030027022008,22
150030027022009,22
150030027022010,22
150030027022011,22
150030027022012,22
150030027022013,22
150030027022014,22
150030027022015,22
150030027023000,22
150030027023001,22
150030027023002,22
150030027023003,22
150030027023004,22
150030027023005,22
150030027024000,22
150030027024001,22
150030027024002,22
150030027024003,22
150030027024004,22
150030027024005,22
150030027024006,22
150030027024007,22
150030027024008,22
150030027024009,22
150030027024010,22
150030028011000,21
150030028011001,21
150030028011002,21
150030028011003,21
150030028011004,21
150030028011005,21
150030028011006,21
150030028022000,21
150030028022001,21
150030028022002,21
150030028022003,21
150030028022004,21
150030028022005,21
150030028022006,21
150030028022007,21
150030028022008,21
150030028022009,21
150030028022010,21
150030028022011,21
150030029001000,22
150030029001001,22
150030029001002,22
150030029001003,22
150030029001004,22
150030029001005,22
150030029001006,22
150030029001007,22
150030029001008,22
150030029001009,22
150030029001010,22
150030029001011,22
150030029001012,22
150030030001000,22
150030030001001,22
150030030001002,22
150030030001003,22
150030030001004,22
150030030001005,22
150030030001006,22
150030030002000,22
150030030002001,22
150030030002002,22
150030030002003,22
150030030002004,22
150030030002005,22
150030030002006,22
150030030002007,22
150030030002008,22
150030030002009,22
150030030002010,22
150030030002011,22
150030030002012,22
150030030002013,22
150030030002014,22
150030030002015,22
150030030002016,22
150030030002017,22
150030030003000,22
150030030003001,22
150030030003002,22
150030030003003,22
150030030003004,22
150030030003005,22
150030030003006,22
150030030003007,22
150030030003008,22
150030030004000,22
150030030004001,22
150030030004002,22
150030030004003,22
150030030004004,22
150030031021000,22
150030031021001,22
150030031021002,22
150030031021003,22
150030031021004,22
150030031021005,22
150030031021006,22
150030031021007,22
150030031021008,22
150030031021009,22
150030031022000,22
150030031022001,22
150030031022002,22
150030031022003,22
150030031022004,22
150030031022005,22
150030031022006,22
150030031022007,22
150030031031000,22
150030031031001,22
150030031031002,22
150030031031003,22
150030031031004,22
150030031031005,22
150030031031006,22
150030031031007,22
150030031031008,22
150030031041000,22
150030031041001,22
150030031041002,22
150030031041003,22
150030031041004,22
150030031041005,22
150030031041006,22
150030031041007,22
150030031041008,22
150030031041009,22
150030031041010,22
150030031041011,22
150030031041012,22
150030031041013,22
150030034041000,26
150030034041001,26
150030034041002,26
150030034041003,26
150030034042000,26
150030034042001,26
150030034043000,26
150030034043001,26
150030034044000,26
150030034044001,26
150030034044002,26
150030034044003,26
150030034081000,26
150030034082000,26
150030034082001,26
150030034082002,26
150030034082003,26
150030034091000,26
150030034092000,26
150030034092001,26
150030034092002,26
150030034101000,26
150030034101001,26
150030034101002,26
150030034111000,26
150030034111001,26
150030034111002,26
150030034121000,26
150030034121001,26
150030034121002,26
150030034131000,26
150030034141000,22
150030034141001,22
150030034141002,22
150030034142000,26
150030034142001,26
150030034142002,26
150030034143000,26
150030034143001,26
150030034143002,26
150030034143003,26
150030034144000,26
150030034144001,26
150030034144002,26
150030035012000,25
150030035012001,25
150030035012002,25
150030035012003,25
150030035012004,25
150030035012005,25
150030035012006,25
150030035012007,25
150030035041000,26
150030035041001,26
150030035041002,26
150030035041003,26
150030035041004,26
150030035041005,26
150030035042000,23
150030035042001,23
150030035042002,23
150030035042003,23
150030035042004,23
150030035042005,23
150030036031000,23
150030036031001,23
150030036031002,23
150030036031003,23
150030036032000,23
150030036032001,23
150030036033000,23
150030036033001,23
150030036041000,23
150030036041001,23
150030036041002,23
150030036041003,23
150030036042000,23
150030036042001,23
150030036042002,23
150030036062000,25
150030036062001,25
150030036062002,25
150030037011000,24
150030037011001,24
150030037011002,24
150030037012000,24
150030037012001,24
150030037013000,24
150030037013001,24
150030037014000,24
150030037014001,24
150030037021000,25
150030037022000,25
150030037023000,25
150030037023001,25
150030037023002,25
150030037024000,25
150030037031000,25
150030037031001,25
150030037031002,25
150030037031003,25
150030037032000,23
150030037032001,23
150030037033000,25
150030037033001,25
150030037034000,25
150030037034001,25
150030037034002,25
150030037034003,25
150030037034004,25
150030037034005,25
150030037034006,25
150030037034007,25
150030038011000,25
150030038011001,25
150030038011002,25
150030038011003,25
150030038011004,25
150030038011005,25
150030038012000,25
150030038012001,25
150030038012002,25
150030038012003,25
150030038012004,25
150030038012005,25
150030038012006,25
150030038012007,25
150030038014000,25
150030038014001,25
150030038014002,25
150030038014003,25
150030038014004,25
150030038014005,25
150030038014006,25
150030038021000,25
150030038021001,25
150030038021002,25
150030038021003,25
150030038021004,25
150030038022000,25
150030038022001,25
150030038023000,25
150030038023001,25
150030038024000,25
150030038025000,25
150030038025001,25
150030038025002,25
150030040001000,25
150030040001001,25
150030040001002,25
150030040001003,25
150030040001004,25
150030040001005,25
150030040001006,25
150030040001007,25
150030040001008,25
150030040001009,25
150030040001010,25
150030040001011,25
150030040001012,25
150030040001013,25
150030040001014,25
150030040001015,25
150030040001016,25
150030040001017,25
150030040001018,25
150030040001019,25
150030041011000,26
150030041011001,26
150030041011002,26
150030041011003,26
150030041011004,26
150030041011005,26
150030041021000,25
150030041022000,25
150030041022001,25
150030041022002,25
150030041022003,25
150030041022004,25
150030041023000,25
150030041023001,25
150030041023002,25
150030041023003,25
150030041023004,25
150030041023005,25
150030041023006,25
150030041023007,25
150030041023008,25
150030041023009,25
150030041023010,25
150030041023011,25
150030041023012,25
150030041023013,25
150030041023014,25
150030042011000,28
150030043021000,27
150030043021001,27
150030043021002,27
150030043021003,27
150030043022000,27
150030043022001,27
150030043022002,27
150030043022003,27
150030043022004,27
150030044011000,27
150030044011001,27
150030044011002,27
150030044011003,27
150030044011004,27
150030044011005,27
150030044012000,27
150030044012001,27
150030044012002,27
150030044012003,27
150030044013000,27
150030044013001,27
150030044013002,27
150030044013003,27
150030044013004,27
150030044013005,27
150030044013006,27
150030044013007,27
150030044013008,27
150030044013009,27
150030044022000,27
150030044022001,27
150030044022002,27
150030044022003,27
150030045001000,27
150030045001001,27
150030045001002,27
150030045001003,27
150030045001004,27
150030045001005,27
150030045001006,27
150030045001007,27
150030045001008,27
150030045001009,27
150030045001010,27
150030045001011,27
150030045002000,27
150030045002001,27
150030045002002,27
150030045002003,27
150030045002004,27
150030045002005,27
150030045002006,27
150030045002007,27
150030045002008,27
150030045002009,27
150030045003000,27
150030045003001,27
150030045003002,27
150030045003003,27
150030045003004,27
150030045004000,27
150030046001000,27
150030046001001,27
150030046001002,27
150030046001003,27
150030046001004,27
150030046001005,27
150030046001006,27
150030046001007,27
150030046001008,27
150030046001009,27
150030046002000,27
150030046002001,27
150030046002002,27
150030046002003,27
150030046002004,27
150030046002005,27
150030046002006,27
150030046002007,27
150030046002008,27
150030046002009,27
150030046003000,27
150030046003001,27
150030046003002,27
150030046003003,27
150030046003004,27
150030046003005,27
150030046003006,27
150030046004000,27
150030046004001,27
150030046004002,27
150030046004003,27
150030046004004,27
150030046004005,27
150030046004006,27
150030046004007,27
150030046004008,27
150030046004009,27
150030047011000,27
150030047011001,27
150030047011002,27
150030047011003,27
150030047011004,27
150030047011005,27
150030047011006,27
150030047011007,27
150030047012000,27
150030047012001,27
150030047012002,27
150030047021000,27
150030047021001,27
150030047021002,27
150030047022000,27
150030047022001,27
150030047022002,27
150030047022003,27
150030047023000,27
150030047023001,27
150030048012000,29
150030048012001,29
150030048012002,29
150030048012003,29
150030048012004,29
150030048012005,29
150030048012006,29
150030048013000,29
150030048013001,29
150030048013002,29
150030048013003,29
150030048013004,29
150030048013005,29
150030048013006,29
150030048013007,29
150030048013008,29
150030048013009,29
150030049001000,28
150030049001001,28
150030049001002,28
150030049002000,28
150030049002001,28
150030049002002,28
150030049003000,28
150030049003001,28
150030050001000,27
150030050001001,27
150030050001002,27
150030050002000,27
150030050002001,27
150030050002002,27
150030050002003,27
150030050003000,27
150030050003001,27
150030050003002,27
150030050003003,27
150030050003004,27
150030050004000,27
150030050004001,27
150030050004002,27
150030051001000,28
150030052001000,28
150030052001001,28
150030052001002,28
150030052001003,28
150030052001004,28
150030052001005,28
150030052001006,28
150030052001007,28
150030052001008,28
150030052001009,28
150030052001010,28
150030052001011,28
150030052001012,28
150030052001013,28
150030052002000,28
150030052002001,28
150030052002002,28
150030052002003,28
150030052002004,28
150030052002005,28
150030052002006,28
150030053001000,28
150030053001001,28
150030053001002,28
150030053001003,28
150030053001004,28
150030053001005,28
150030053001006,28
150030054001000,28
150030054001001,28
150030054001002,28
150030055001000,28
150030055001001,28
150030055001002,28
150030055001003,28
150030055001004,28
150030055001005,28
150030055001006,28
150030055001007,28
150030055001008,28
150030055001009,28
150030055001010,28
150030055001011,28
150030056011000,28
150030056011001,28
150030056021000,30
150030056021001,30
150030056021002,30
150030056021003,30
150030056021004,30
150030056021005,30
150030056021006,30
150030056021007,30
150030056021008,30
150030056021009,30
150030056021010,30
150030058001000,30
150030058001001,30
150030058001002,30
150030058001003,30
150030058002000,30
150030058002001,30
150030058002002,30
150030058002003,30
150030058002004,30
150030058002005,30
150030058002006,30
150030058002007,30
150030058002008,30
150030058002009,30
150030058002010,30
150030059001000,30
150030059001001,30
150030059001002,30
150030059001003,30
150030059001004,30
150030059001005,30
150030059001006,30
150030059001007,30
150030059001008,30
150030059001009,30
150030059001010,30
150030059001011,30
150030059001012,30
150030059001013,30
150030059001014,30
150030059001015,30
150030059001016,30
150030059001017,30
150030059001018,30
150030059001019,30
150030059001020,30
150030059001021,30
150030059001022,30
150030059001023,30
150030059001024,30
150030059001025,30
150030059001026,30
150030059001027,30
150030059001028,30
150030059001029,30
150030059001030,30
150030059001031,30
150030059001032,30
150030059001033,30
150030059001034,30
150030059001035,30
150030059001036,30
150030059001037,30
150030059001038,30
150030059001039,30
150030059001040,30
150030059001041,30
150030059001042,30
150030059001043,30
150030059001044,30
150030059001045,30
150030059001046,30
150030059001047,30
150030059001048,30
150030059001049,30
150030059001050,30
150030059002000,30
150030059002001,30
150030059002002,30
150030060001000,30
150030060001001,30
150030060001002,30
150030060001003,30
150030060001004,30
150030060001005,30
150030060001006,30
150030060001007,30
150030060001008,30
150030060001009,30
150030060001010,30
150030060001011,30
150030060001012,30
150030060001013,30
150030060001014,30
150030060001015,30
150030060001016,30
150030060002000,30
150030060002001,30
150030060002002,30
150030060002003,30
150030060002004,30
150030060002005,30
150030060002006,30
150030060002007,30
150030060002008,30
150030060003000,30
150030060003001,30
150030060003002,30
150030060003003,30
150030061001000,30
150030061001001,30
150030061001002,30
150030061001003,30
150030061001004,30
150030061001005,30
150030061001006,30
150030061001007,30
150030061001008,30
150030061001009,30
150030061001010,30
150030061002000,30
150030061002001,30
150030061002002,30
150030061002003,30
150030061002004,30
150030061002005,30
150030061002006,30
150030061002007,30
150030061002008,30
150030061002009,30
150030061002010,30
150030061002011,30
150030061002012,30
150030061002013,30
150030061002014,30
150030062022000,30
150030062031000,30
150030062031001,30
150030062031002,30
150030062031003,30
150030062031004,30
150030062031005,30
150030062031006,30
150030062031007,30
150030062031008,30
150030063011000,29
150030063011001,29
150030063011002,29
150030063011003,29
150030063011004,29
150030063011005,29
150030063011006,29
150030063011007,29
150030063011008,29
150030063012000,29
150030063012001,29
150030063012002,29
150030063012003,29
150030063013000,29
150030063013001,29
150030063013002,29
150030063013003,29
150030063021000,29
150030063021001,29
150030063021002,29
150030063021003,29
150030063021004,29
150030063022000,29
150030063022001,29
150030063022002,29
150030064011000,29
150030064011001,29
150030064011002,29
150030064011003,29
150030064011004,29
150030064011005,29
150030064011006,29
150030064021000,29
150030064021001,29
150030064021002,29
150030064021003,29
150030064021004,29
150030064021005,29
150030064021006,29
150030064021007,29
150030064022000,29
150030064022001,29
150030064022002,29
150030064022003,29
150030064022004,29
150030064022005,29
150030064022006,29
150030064022007,29
150030064022008,29
150030064022009,29
150030064022010,29
150030064022011,29
150030064023000,29
150030064023001,29
150030064023002,29
150030064023003,29
150030064023004,29
150030064023005,29
150030064023006,29
150030064023007,29
150030064024000,29
150030064024001,29
150030064024002,29
150030064024003,29
150030065001000,29
150030065001001,29
150030065001002,29
150030065001003,29
150030065001004,29
150030065001005,29
150030065001006,29
150030065001007,29
150030065001008,29
150030065001009,29
150030065001010,29
150030065002000,29
150030065002001,29
150030065002002,29
150030067031000,32
150030067031001,32
150030067031002,32
150030067031003,32
150030067031004,32
150030067031005,32
150030067031006,32
150030067031007,32
150030067031008,32
150030067031009,32
150030067031010,32
150030067031011,32
150030067031012,32
150030067041000,32
150030067041001,32
150030067041002,32
150030067041003,32
150030067041004,32
150030067041005,32
150030067042000,32
150030067042001,32
150030067043000,32
150030067043001,32
150030067043002,32
150030067043003,32
150030067043004,32
150030067043005,32
150030067043006,32
150030067043007,32
150030067043008,32
150030067043009,32
150030067043010,32
150030067044000,32
150030067044001,32
150030067044002,32
150030067044003,32
150030068061000,31
150030068061001,31
150030068061002,31
150030068061003,31
150030068061004,31
150030068061005,31
150030068061006,31
150030068061007,31
150030068061008,31
150030068062000,31
150030068062001,31
150030068062002,31
150030068062003,31
150030068062004,31
150030068101000,32
150030068101001,32
150030068101002,32
150030068101003,32
150030068101004,32
150030068101005,32
150030068101006,32
150030068101007,32
150030068101008,32
150030068101009,32
150030068101010,32
150030068101011,32
150030068101012,32
150030068101013,32
150030068101014,32
150030068101015,32
150030068101016,32
150030068101017,32
150030068101018,32
150030068101019,32
150030068102000,32
150030068102001,32
150030068102002,32
150030068102003,32
150030068102004,32
150030068102005,32
150030068102006,32
150030068102007,32
150030068102008,32
150030068111000,32
150030068111001,32
150030068111002,32
150030068111003,32
150030068111004,32
150030068111005,32
150030068111006,32
150030068111007,32
150030068111008,32
150030068111009,32
150030068111010,32
150030068111011,32
150030068111012,32
150030068131000,31
150030068132000,31
150030068133000,31
150030068134000,31
150030068134001,31
150030068134002,31
150030068134003,31
150030068134004,31
150030068141000,31
150030068141001,31
150030068142000,31
150030068142001,31
150030068151000,31
150030068152000,31
150030068161000,31
150030068161001,31
150030068161002,31
150030068161003,31
150030068161004,31
150030068161005,31
150030068171000,31
150030068171001,31
150030068171002,31
150030068171003,31
150030068171004,31
150030068171005,31
150030068171006,31
150030068172000,32
150030068172001,32
150030068172002,32
150030068172003,32
150030068172004,32
150030068181000,31
150030068191000,31
150030068192000,31
150030069001000,31
150030069001001,31
150030069001002,31
150030069001003,31
150030069001004,31
150030069001005,31
150030069001006,31
150030069001007,31
150030069001008,31
150030069001009,31
150030069002000,31
150030069002001,31
150030069002002,31
150030069002003,31
150030069002004,31
150030069002005,31
150030069002006,31
150030069002007,31
150030069002008,31
150030069002009,31
150030069002010,31
150030069002011,31
150030069002012,31
150030069002013,31
150030069002014,31
150030069002015,31
150030069002016,31
150030069002017,31
150030069003000,31
150030069003001,31
150030069003002,31
150030069003003,31
150030069003004,31
150030069003005,31
150030069003006,31
150030069003007,31
150030069003008,31
150030069003009,31
150030069003010,31
150030069003011,31
150030070011000,31
150030070011001,31
150030070011002,31
150030070011003,31
150030070011004,31
150030070011005,31
150030070011006,31
150030070011007,31
150030070011008,31
150030070011009,31
150030070011010,31
150030070011011,31
150030070011012,31
150030070012000,30
150030070012001,30
150030070012002,30
150030070021000,31
150030070021001,31
150030070021002,31
150030070021003,31
150030070021004,31
150030070021005,31
150030070021006,31
150030070021007,31
150030070021008,31
150030070021009,31
150030070021010,31
150030070021011,31
150030070021012,31
150030070021013,31
150030070021014,31
150030070021015,31
150030070021016,31
150030071001000,30
150030071001001,30
150030071001002,30
150030071001003,30
150030071001004,30
150030071001005,30
150030071001006,30
150030071001007,30
150030071001008,30
150030071001009,30
150030071001010,30
150030071001011,30
150030071001012,30
150030071001013,30
150030071001014,30
150030071001015,30
150030071001016,30
150030071001017,30
150030071001018,30
150030071001019,30
150030071001020,30
150030071001021,30
150030071001022,30
150030071001023,30
150030071001024,30
150030071001025,30
150030071001026,30
150030071002000,30
150030071002001,30
150030071002002,30
150030071002003,30
150030071002004,30
150030071002005,30
150030071002006,30
150030073021000,30
150030073021001,30
150030073021002,30
150030073021003,30
150030073021004,30
150030073021005,30
150030073021006,30
150030073021007,30
150030073021008,30
150030073021009,30
150030073021010,30
150030073021011,30
150030073021012,30
150030073021013,30
150030073021014,30
150030073021015,30
150030073021016,30
150030073021017,30
150030073021018,30
150030073021019,30
150030073021020,30
150030073021021,30
150030073021022,30
150030073021023,30
150030073021024,30
150030073021025,30
150030073021026,30
150030073021027,30
150030073021028,30
150030073021029,30
150030073021030,30
150030073021031,30
150030073021032,30
150030073021033,30
150030073021034,30
150030073021035,30
150030073021036,30
150030073021037,30
150030073021038,30
150030073021039,30
150030073021040,30
150030073021041,30
150030073021042,30
150030073021043,30
150030073021044,30
150030073021045,30
150030073021046,30
150030073021047,30
150030073021048,30
150030073021049,30
150030073021050,30
150030073022000,30
150030073022001,30
150030073022002,30
150030073022003,30
150030073022004,30
150030073022005,30
150030073022006,30
150030073022007,30
150030073022008,30
150030073022009,30
150030073022010,30
150030073022011,30
150030073022012,30
150030073022013,30
150030073022014,30
150030073022015,30
150030073022016,30
150030073022017,30
150030073022018,30
150030073022019,30
150030073022020,30
150030073022021,30
150030073022022,30
150030073022023,30
150030073022024,30
150030073022025,30
150030073022026,30
150030073022027,30
150030073022028,30
150030073022029,30
150030073023000,30
150030073023001,30
150030073023002,30
150030073023003,30
150030073023004,30
150030073023005,30
150030073023006,30
150030073023007,30
150030073023008,30
150030073023009,30
150030073023010,30
150030073023011,30
150030073023012,30
150030073023013,30
150030073023014,30
150030073023015,30
150030073023016,30
150030073023017,30
150030073023018,30
150030073023019,30
150030073023020,30
150030073023021,30
150030073023022,30
150030073023023,30
150030073023024,30
150030073023025,30
150030073023026,30
150030073023027,30
150030073024000,30
150030073024001,30
150030073024002,30
150030073024003,30
150030073024004,30
150030073024005,30
150030073024006,30
150030073024007,30
150030073024008,30
150030073024009,30
150030073024010,30
150030073024011,30
150030073024012,30
150030073024013,30
150030073024014,30
150030074002000,31
150030074002001,31
150030074002002,31
150030074002003,31
150030074002004,31
150030074002005,31
150030074002006,31
150030074002007,31
150030074002008,31
150030074002009,31
150030074002010,31
150030074002011,31
150030074002012,31
150030074002013,31
150030074002014,31
150030074002015,31
150030074002016,31
150030074002017,31
150030074002018,31
150030074002019,31
150030074002020,31
150030074002021,31
150030074002022,31
150030074002023,31
150030074002024,31
150030074002025,31
150030074002026,31
150030074002027,31
150030074002028,31
150030074002029,31
150030074002030,31
150030074002031,31
150030074002032,31
150030074002033,31
150030074002034,31
150030074002035,31
150030074002036,31
150030075072000,32
150030075072001,32
150030075072002,32
150030075072003,32
150030075072004,32
150030075073000,33
150030075073001,33
150030075073002,33
150030075073003,33
150030075073004,33
150030075073005,33
150030075073006,33
150030075073007,33
150030075073008,33
150030075081000,32
150030075081001,32
150030075081002,32
150030075081003,32
150030075081004,32
150030075081005,32
150030075082000,32
150030075082001,32
150030075082002,32
150030075082003,32
150030075082004,32
150030075082005,32
150030075082006,32
150030075082007,32
150030075082008,32
150030075082009,32
150030075082010,32
150030075083000,32
150030075083001,32
150030075083002,32
150030075083003,32
150030075083004,32
150030075083005,32
150030075083006,32
150030075083007,32
150030075083008,32
150030075083009,32
150030075085000,32
150030075085001,32
150030075085002,32
150030075085003,32
150030075085004,32
150030075085005,32
150030077011000,33
150030077011001,33
150030077011002,33
150030077011003,33
150030077011004,33
150030077011005,33
150030077011006,33
150030077011007,33
150030077011008,33
150030077011009,33
150030077011010,33
150030077011011,33
150030077011012,33
150030077011013,33
150030077011014,33
150030077011015,33
150030077011016,33
150030077011017,33
150030077011018,33
150030077011019,33
150030077011020,33
150030077011021,33
150030077011022,33
150030077022000,33
150030077022001,33
150030077022002,33
150030077022003,33
150030077022004,33
150030077022005,33
150030077022006,33
150030077022007,33
150030077022008,33
150030077022009,33
150030077022010,33
150030077022011,33
150030077023000,33
150030077023001,33
150030077023002,33
150030077023003,33
150030077023004,33
150030077023005,33
150030077024000,33
150030077024001,33
150030077024002,33
150030077024003,33
150030077024004,33
150030077024005,33
150030078041000,34
150030078041001,34
150030078041002,34
150030078041003,34
150030078041004,34
150030078041005,34
150030078041006,34
150030078041007,34
150030078041008,34
150030078042000,34
150030078042001,34
150030078042002,34
150030078042003,34
150030078042004,34
150030078042005,34
150030078042006,34
150030078071000,32
150030078072000,32
150030078073000,32
150030078074000,33
150030078074001,33
150030078075000,32
150030078075001,32
150030078082000,33
150030078082001,33
150030078091000,33
150030078091001,33
150030078091002,33
150030078091003,33
150030078092000,33
150030078092001,33
150030078092002,33
150030078092003,33
150030078092004,33
150030078092005,33
150030078092006,33
150030078092007,33
150030078093000,33
150030078121000,33
150030078121001,33
150030078121002,33
150030078121003,33
150030078122000,34
150030078122001,34
150030078122002,34
150030078131000,34
150030078131001,34
150030078131002,34
150030078131003,34
150030078131004,34
150030078132000,34
150030078133000,34
150030078133001,34
150030078133002,34
150030078133003,34
150030078133004,34
150030078133005,34
150030078133006,34
150030078141000,33
150030078141001,33
150030078141002,33
150030078141003,33
150030078141004,33
150030078141005,33
150030078141006,33
150030078141007,33
150030078141008,33
150030078141009,33
150030078141010,33
150030078141011,33
150030078142000,33
150030078142001,33
150030078142002,33
150030078142003,33
150030078142004,33
150030078142005,33
150030078142006,33
150030078142007,33
150030078161000,33
150030078161001,33
150030078161002,33
150030078161003,33
150030078161004,33
150030078162000,33
150030078162001,33
150030078162002,33
150030078162003,33
150030078162004,33
150030078162005,33
150030078171000,33
150030078171001,33
150030078171002,33
150030078171003,33
150030078171004,33
150030078171005,33
150030078171006,33
150030078172000,33
150030078172001,33
150030078172002,33
150030078172003,33
150030080011000,34
150030080011001,34
150030080011002,34
150030080011003,34
150030080011004,34
150030080011005,34
150030080011006,34
150030080011007,34
150030080011008,34
150030080011009,34
150030080011010,34
150030080011011,34
150030080011012,34
150030080011013,34
150030080011014,34
150030080021000,34
150030080021001,34
150030080021002,34
150030080021003,34
150030080021004,34
150030080021005,34
150030080021006,34
150030080021007,34
150030080021008,34
150030080021009,34
150030080021010,34
150030080021011,34
150030080021012,34
150030080021013,34
150030080021014,34
150030080021015,34
150030080021016,34
150030080021017,34
150030080021018,34
150030080021019,34
150030080021020,34
150030080021021,34
150030080022000,34
150030080022001,34
150030080022002,34
150030080022003,34
150030080022004,34
150030080022005,34
150030080022006,34
150030080022007,34
150030080022008,34
150030080022009,34
150030080022010,34
150030080022011,34
150030080022012,34
150030080022013,34
150030080051000,34
150030080051001,34
150030080051002,34
150030080051003,34
150030080051004,34
150030080051005,34
150030080051006,34
150030080051007,34
150030080051008,34
150030080051009,34
150030080051010,34
150030080051011,34
150030080051012,34
150030080051013,34
150030080051014,34
150030080051015,34
150030080051016,34
150030080051017,34
150030080051018,34
150030080051019,34
150030080052000,34
150030080052001,34
150030080052002,34
150030080052003,34
150030080052004,34
150030080052005,34
150030080052006,34
150030080052007,34
150030080052008,34
150030080053000,34
150030080054000,34
150030080054001,34
150030080054002,34
150030080054003,34
150030080054004,34
150030080054005,34
150030080054006,34
150030080054007,34
150030080054008,34
150030080054009,34
150030080054010,34
150030080054011,34
150030080081000,35
150030080081001,35
150030080081002,35
150030080081003,35
150030080081004,35
150030080081005,35
150030080081006,35
150030080082000,35
150030080082001,35
150030080082002,35
150030080082003,35
150030080082004,35
150030080082005,35
150030080082006,35
150030080082007,35
150030080082008,35
150030080082009,35
150030080082010,35
150030080091000,34
150030080121000,34
150030080121001,34
150030080121002,34
150030080121003,34
150030080121004,34
150030080121005,34
150030080121006,34
150030080121007,34
150030080121008,34
150030080122000,34
150030080122001,34
150030080122002,34
150030080122003,34
150030080122004,34
150030080122005,34
150030080122006,34
150030080122007,34
150030080122008,34
150030080122009,34
150030080122010,34
150030080131000,34
150030080131001,34
150030080131002,34
150030080131003,34
150030080131004,34
150030080131005,34
150030080131006,34
150030080131007,34
150030080131008,34
150030080131009,34
150030080131010,34
150030080132000,34
150030080132001,34
150030080132002,34
150030080132003,34
150030080132004,34
150030080132005,34
150030080132006,34
150030080132007,34
150030080132008,34
150030080132009,34
150030083011000,40
150030083011001,40
150030083011002,40
150030083011003,40
150030083011004,40
150030083011005,40
150030083011006,40
150030083011007,40
150030083011008,40
150030083011009,40
150030083011010,40
150030083011011,40
150030083011012,40
150030083011013,40
150030083011014,40
150030083011015,40
150030083011016,40
150030083011017,40
150030083011018,40
150030083011019,40
150030083011020,40
150030083011021,40
150030083011022,40
150030083011023,40
150030083011024,40
150030083011025,40
150030083011026,40
150030083011027,40
150030083011028,40
150030083011029,40
150030083011030,40
150030083011031,40
150030083011032,40
150030083011033,40
150030083011034,40
150030083011035,40
150030083011036,40
150030083011037,40
150030083011038,40
150030083011039,40
150030083011040,40
150030083011041,40
150030083011042,40
150030083011043,40
150030083011044,40
150030083011045,40
150030083012000,40
150030083012001,40
150030083012002,40
150030083012003,40
150030083012004,40
150030083012005,40
150030083012006,40
150030083012007,40
150030083012008,40
150030083012009,40
150030083012010,40
150030083012011,40
150030083012012,40
150030083012013,40
150030083012014,40
150030083012015,40
150030083012016,40
150030083013000,40
150030083013001,40
150030083013002,40
150030083013003,40
150030083013004,40
150030083013005,40
150030083013006,40
150030083013007,40
150030083014000,40
150030083014001,40
150030083014002,40
150030083014003,40
150030083014004,40
150030083014005,40
150030083014006,40
150030083014007,40
150030083014008,40
150030083014009,40
150030083014010,40
150030083014011,40
150030083014012,40
150030083014013,40
150030083014014,40
150030083021000,40
150030083021001,40
150030083021002,40
150030083021003,40
150030083021004,40
150030083021005,40
150030083021006,40
150030083022000,40
150030083022001,40
150030083022002,40
150030083022003,40
150030083022004,40
150030083022005,40
150030083022006,40
150030083022007,40
150030083022008,40
150030083023000,40
150030083023001,40
150030083023002,40
150030083023003,40
150030083023004,40
150030083023005,40
150030084051000,40
150030084052000,40
150030084052001,40
150030084053000,40
150030084053001,40
150030084053002,40
150030084053003,40
150030084053004,40
150030084053005,40
150030084053006,40
150030084053007,40
150030084053008,40
150030084071000,41
150030084071001,41
150030084071002,41
150030084071003,41
150030084071004,41
150030084071005,41
150030084071006,41
150030084071007,41
150030084071008,41
150030084071009,41
150030084071010,41
150030084071011,41
150030084071012,41
150030084071013,41
150030084072000,41
150030084072001,41
150030084072002,41
150030084072003,41
150030084072004,41
150030084072005,41
150030084072006,41
150030084072007,41
150030084072008,41
150030084072009,41
150030084072010,41
150030084072011,41
150030084072012,41
150030084072013,41
150030084072014,41
150030084072015,41
150030084072016,41
150030084081000,41
150030084081001,41
150030084081002,41
150030084081003,41
150030084081004,41
150030084081005,41
150030084081006,41
150030084081007,41
150030084081008,41
150030084081009,41
150030084081010,41
150030084081011,41
150030084081012,41
150030084081013,41
150030084081014,41
150030084082000,41
150030084082001,41
150030084082002,41
150030084082003,41
150030084082004,41
150030084082005,41
150030084082006,41
150030084082007,41
150030084082008,41
150030084082009,41
150030084082010,41
150030084082011,41
150030084082012,41
150030084082013,41
150030084082014,41
150030084082015,41
150030084082016,41
150030084082017,41
150030084082018,41
150030084082019,41
150030084082020,41
150030084082021,41
150030084082022,41
150030084082023,41
150030084082024,41
150030084082025,41
150030084082026,41
150030084082027,41
150030084083000,41
150030084083001,41
150030084083002,41
150030084083003,41
150030084083004,41
150030084083005,41
150030084083006,41
150030084083007,41
150030084083008,41
150030084083009,41
150030084083010,41
150030084083011,41
150030084083012,41
150030084083013,41
150030084083014,41
150030084083015,41
150030084083016,41
150030084083017,41
150030084083018,41
150030084083019,41
150030084083020,41
150030084083021,41
150030084101000,41
150030084101001,41
150030084101002,41
150030084101003,41
150030084102000,41
150030084102001,41
150030084102002,41
150030084102003,41
150030084102004,41
150030084102005,41
150030084102006,41
150030084102007,41
150030084102008,41
150030084102009,41
150030084102010,41
150030084102011,41
150030084102012,41
150030084102013,41
150030084102014,41
150030084102015,41
150030084102016,41
150030084102017,41
150030084102018,41
150030084102019,41
150030084102020,41
150030084102021,41
150030084102022,41
150030084102023,41
150030084102024,41
150030084111000,41
150030084111001,41
150030084112000,41
150030084112001,41
150030084113000,41
150030084113001,41
150030084113002,41
150030084131000,40
150030084131001,40
150030084131002,40
150030084131003,40
150030084131004,40
150030084131005,40
150030084131006,40
150030084131007,40
150030084131008,40
150030084132000,40
150030084132001,40
150030084132002,40
150030084132003,40
150030084132004,40
150030084132005,40
150030084132006,40
150030084132007,40
150030084141000,40
150030084141001,40
150030084141002,40
150030084141003,40
150030084141004,40
150030084141005,40
150030084141006,40
150030084141007,40
150030084141008,40
150030084141009,40
150030084141010,40
150030084141011,40
150030084141012,40
150030084141013,40
150030084141014,40
150030084141015,40
150030084141016,40
150030084151000,40
150030084151001,40
150030084151002,40
150030084151003,40
150030084151004,40
150030084151005,40
150030084151006,40
150030084151007,40
150030084151008,40
150030084152000,40
150030084152001,40
150030084152002,40
150030084152003,40
150030084152004,40
150030084152005,40
150030084152006,40
150030084152007,40
150030084152008,40
150030084152009,40
150030084161000,42
150030084171000,42
150030084172000,42
150030084172001,42
150030084172002,42
150030084173000,41
150030084173001,41
150030084181000,41
150030084181001,41
150030084181002,41
150030084181003,41
150030084181004,41
150030084181005,41
150030084181006,41
150030084181007,41
150030084181008,41
150030084181009,41
150030084181010,41
150030084181011,41
150030084181012,41
150030084181013,41
150030084181014,41
150030084181015,41
150030084181016,41
150030084182000,41
150030084182001,41
150030084182002,41
150030084182003,41
150030084182004,41
150030084182005,41
150030086231000,43
150030086231001,43
150030086233000,42
150030086233001,42
150030086233002,42
150030086233003,42
150030086233004,42
150030086233005,42
150030086233006,42
150030086233007,42
150030086233008,42
150030086233009,42
150030086233010,42
150030086233011,42
150030086233012,42
150030086233013,42
150030086233014,42
150030086233015,42
150030086233016,42
150030086233017,42
150030086233018,42
150030086251000,42
150030086251001,42
150030086251002,42
150030086251003,42
150030086251004,42
150030086251005,42
150030086251006,42
150030086251007,42
150030086251008,42
150030086251009,42
150030086261000,42
150030086261001,42
150030086261002,42
150030086261003,42
150030086261004,42
150030086261005,42
150030086261006,42
150030086261007,42
150030086261008,42
150030086261009,42
150030086261010,42
150030086261011,42
150030086261012,42
150030086261013,42
150030086261014,42
150030086261015,42
150030086261016,42
150030086261017,42
150030086261018,42
150030086261019,42
150030086261020,42
150030086272000,43
150030086272001,43
150030086272002,43
150030086272003,43
150030086272004,43
150030086272005,43
150030086273000,43
150030086273001,43
150030086273002,43
150030086274000,42
150030086274001,42
150030086274002,42
150030086274003,42
150030086274004,42
150030086274005,42
150030086274006,42
150030086274007,42
150030086274008,42
150030086274009,42
150030086274010,42
150030086274011,42
150030086274012,42
150030086274013,42
150030086281000,43
150030086281001,43
150030086281002,43
150030086281003,43
150030086281004,43
150030086281005,43
150030086282000,42
150030086282001,42
150030086282002,42
150030086282003,42
150030086291000,42
150030086291001,42
150030086291002,42
150030086291003,42
150030086301000,43
150030086301001,43
150030086301002,43
150030086301003,43
150030086302000,43
150030086302001,43
150030086302002,43
150030086311000,43
150030086311001,43
150030086311002,43
150030086311003,43
150030086312000,43
150030086312001,43
150030086312002,43
150030086312003,43
150030086312004,43
150030086312005,43
150030086321000,43
150030086321001,43
150030086321002,43
150030086321003,43
150030086321004,43
150030086322000,43
150030086322001,43
150030086322002,43
150030086322003,43
150030086322004,43
150030086322005,43
150030086322006,43
150030086322007,43
150030086322008,43
150030086322009,43
150030086322010,43
150030086322011,43
150030086322012,43
150030086322013,43
150030086322014,43
150030086322015,43
150030086322016,43
150030086323000,43
150030086323001,43
150030086323002,43
150030086324000,43
150030086324001,43
150030086324002,43
150030086324003,43
150030086324004,43
150030086324005,43
150030086324006,43
150030086324007,43
150030086324008,43
150030086324009,43
150030086324010,43
150030086331000,43
150030086331001,43
150030086331002,43
150030086331003,43
150030086331004,43
150030086341000,43
150030086341001,43
150030086342000,43
150030086342001,43
150030086343000,43
150030086343001,43
150030086343002,43
150030087023000,36
150030087041000,35
150030087041001,35
150030087041002,35
150030087041003,35
150030087041004,35
150030087041005,35
150030087041006,35
150030087041007,35
150030087041008,35
150030087041009,35
150030087041010,35
150030087041011,35
150030087041012,35
150030087041013,35
150030087041014,35
150030087041015,35
150030087041016,35
150030087041017,35
150030087041018,35
150030087041019,35
150030087041020,35
150030087042000,35
150030087042001,35
150030087042002,35
150030087042003,35
150030087042004,35
150030087042005,35
150030087042006,35
150030087042007,35
150030087042008,35
150030087042009,35
150030087042010,35
150030087042011,35
150030087051000,36
150030087051001,36
150030087051002,36
150030087051003,36
150030087051004,36
150030087051005,36
150030087051006,36
150030087051007,36
150030087052000,36
150030087052001,36
150030087052002,36
150030087061000,39
150030087061001,39
150030087061002,39
150030087063000,39
150030087063001,39
150030087063002,39
150030087063003,39
150030087063004,39
150030087063005,39
150030087063006,39
150030087072000,35
150030087072001,35
150030087072002,35
150030087072003,35
150030087072004,35
150030087072005,35
150030087074000,35
150030087074001,35
150030087074002,35
150030087074003,35
150030087074004,35
150030087074005,35
150030087074006,35
150030087074007,35
150030088011000,36
150030088011001,36
150030088011002,36
150030088011003,36
150030088011004,36
150030088011005,36
150030088011006,36
150030088011007,36
150030088011008,36
150030088012000,36
150030088012001,36
150030088012002,36
150030088012003,36
150030088012004,36
150030088012005,36
150030088012006,36
150030088021000,36
150030088021001,36
150030088021002,36
150030088021003,36
150030088022000,36
150030088022001,36
150030088022002,36
150030088022003,36
150030088022004,36
150030088022005,36
150030088022006,36
150030088023000,36
150030088023001,36
150030088023002,36
150030088023003,36
150030088023004,36
150030088023005,36
150030088023006,36
150030089061000,38
150030089061001,38
150030089061002,38
150030089061003,38
150030089061004,38
150030089062000,38
150030089062001,38
150030089062002,38
150030089062003,38
150030089062004,38
150030089063000,38
150030089063001,38
150030089063002,38
150030089063003,38
150030089063004,38
150030089063005,38
150030089063006,38
150030089063007,38
150030089063008,38
150030089063009,38
150030089063010,38
150030089063011,38
150030089091000,37
150030089091001,37
150030089091002,37
150030089091003,37
150030089091004,37
150030089091005,37
150030089093000,37
150030089093001,37
150030089093002,37
150030089093003,37
150030089093004,37
150030089093005,37
150030089093006,37
150030089121000,36
150030089121001,36
150030089121002,36
150030089121003,36
150030089121004,36
150030089122000,36
150030089122001,36
150030089122002,36
150030089122003,36
150030089122004,36
150030089131000,39
150030089131001,39
150030089131002,39
150030089131003,39
150030089131004,39
150030089131005,39
150030089131006,39
150030089131007,39
150030089132000,36
150030089132001,36
150030089132002,36
150030089132003,36
150030089132004,36
150030089133000,36
150030089133001,36
150030089133002,36
150030089133003,36
150030089133004,36
150030089171000,37
150030089171001,37
150030089171002,37
150030089171003,37
150030089171004,37
150030089172000,37
150030089172001,37
150030089172002,37
150030089172003,37
150030089172004,37
150030089172005,37
150030089172006,37
150030089173000,37
150030089173001,37
150030089173002,37
150030089173003,37
150030089173004,37
150030089173005,37
150030089173006,37
150030089174000,37
150030089174001,37
150030089175000,37
150030089175001,37
150030089175002,37
150030089175003,37
150030089175004,37
150030089175005,37
150030089175006,37
150030089175007,37
150030089175008,37
150030089175009,37
150030089181000,37
150030089181001,37
150030089181002,37
150030089181003,37
150030089181004,37
150030089182000,37
150030089182001,37
150030089182002,37
150030089182003,37
150030089182004,37
150030089182005,37
150030089182006,37
150030089182007,37
150030089182008,37
150030089183000,37
150030089183001,37
150030089183002,37
150030089183003,37
150030089183004,37
150030089183005,37
150030089183006,37
150030089184000,37
150030089184001,37
150030089185000,37
150030089185001,37
150030089185002,37
150030089185003,37
150030089185004,37
150030089185005,37
150030089211000,35
150030089211001,35
150030089211002,35
150030089211003,35
150030089211004,35
150030089211005,35
150030089211006,35
150030089211007,35
150030089211008,35
150030089211009,35
150030089211010,35
150030089211011,35
150030089212000,35
150030089212001,35
150030089212002,35
150030089212003,35
150030089212004,35
150030089212005,35
150030089212006,35
150030089212007,35
150030089261000,46
150030089261001,46
150030089261002,46
150030089261003,46
150030089261004,46
150030089261005,46
150030089261006,46
150030089261007,46
150030089261008,46
150030089261009,46
150030089281000,38
150030089281001,38
150030089281002,38
150030089281003,38
150030089281004,38
150030089281005,38
150030089281006,38
150030089281007,38
150030089281008,38
150030089281009,38
150030089281010,38
150030089281011,38
150030089282000,38
150030089282001,38
150030089282002,38
150030089282003,38
150030089291000,38
150030089291001,38
150030089291002,38
150030089292000,38
150030089292001,38
150030089292002,38
150030089292003,38
150030089292004,38
150030089293000,38
150030089293001,38
150030089293002,38
150030089294000,38
150030089295000,38
150030089295001,38
150030089295002,38
150030089301000,37
150030089301001,37
150030089301002,37
150030089302000,37
150030089302001,37
150030089302002,37
150030089302003,37
150030089302004,37
150030089302005,37
150030089302006,37
150030089302007,37
150030089302008,37
150030089302009,37
150030089302010,37
150030089312000,38
150030089312001,38
150030089312002,38
150030089312003,38
150030089312004,38
150030089313000,38
150030089313001,38
150030089313002,38
150030089313003,38
150030089313004,38
150030089313005,38
150030089313006,38
150030089321000,37
150030089321001,37
150030089321002,37
150030089321003,37
150030089321004,37
150030089332000,37
150030089332001,37
150030089332002,37
150030089332003,37
150030089332004,37
150030089332005,37
150030089332006,37
150030089332007,37
150030089341000,39
150030089341001,39
150030089341002,39
150030089341003,39
150030089341004,39
150030089342000,39
150030089342001,39
150030089342002,39
150030089342003,39
150030089351000,39
150030089351001,39
150030089351002,39
150030089351003,39
150030089351004,39
150030089351005,39
150030089352000,39
150030089352001,39
150030089352002,39
150030089361000,39
150030089361001,39
150030089361002,39
150030089361003,39
150030089361004,39
150030089361005,39
150030089361006,39
150030089361007,39
150030089361008,39
150030089362000,39
150030089362001,39
150030089362002,39
150030089362003,39
150030089362004,39
150030089362005,39
150030089362006,39
150030089362007,39
150030089371000,39
150030089371001,39
150030089371002,39
150030089371003,39
150030089371004,39
150030089381000,39
150030089381001,39
150030089382000,36
150030089382001,36
150030089382002,36
150030089382003,36
150030089382004,36
150030089382005,36
150030089382006,36
150030089382007,36
150030089382008,36
150030089391000,46
150030089392000,46
150030089392001,46
150030089393000,46
150030089393001,46
150030089402000,38
150030089402001,38
150030089402002,38
150030089402003,38
150030089411000,38
150030089411001,38
150030089411002,38
150030089411003,38
150030089411004,38
150030089411005,38
150030089411006,38
150030089411007,38
150030089411008,38
150030089411009,38
150030089421000,38
150030089421001,38
150030089421002,38
150030089421003,38
150030089421004,38
150030089421005,38
150030089421006,38
150030089422000,38
150030089422001,38
150030089422002,38
150030089431000,38
150030089431001,38
150030089431002,38
150030089431003,38
150030089441000,38
150030089441001,38
150030089442000,38
150030089442001,38
150030089442002,38
150030089442003,38
150030089442004,38
150030089442005,38
150030089443000,38
150030089451000,37
150030089451001,37
150030089451002,37
150030089451003,37
150030089451004,37
150030089451005,37
150030089451006,37
150030089451007,37
150030089451008,37
150030089451009,37
150030089451010,37
150030089451011,37
150030089451012,37
150030089451013,37
150030089451014,37
150030089451015,37
150030089461000,37
150030089461001,37
150030089463000,37
150030089463001,37
150030089471000,37
150030089471001,37
150030089471002,37
150030089471003,37
150030089481000,37
150030089481001,37
150030089481002,37
150030089482000,35
150030089482001,35
150030089483000,37
150030089483001,37
150030089483002,37
150030089483003,37
150030089483004,37
150030089483005,37
150030089483006,37
150030089491000,35
150030089501000,39
150030089501001,39
150030089501002,39
150030089501003,39
150030089501004,39
150030089501005,39
150030089501006,39
150030089501007,39
150030089501008,39
150030089501009,39
150030089511000,39
150030089511001,39
150030089511002,39
150030089511003,39
150030089511004,39
150030089512000,39
150030089512001,39
150030089512002,39
150030089512003,39
150030089512004,39
150030089522000,35
150030089522001,35
150030089522002,35
150030089522003,35
150030089522004,35
150030089522005,35
150030089522006,35
150030090001000,46
150030090001001,46
150030090001002,46
150030090001003,46
150030090001004,46
150030090001005,46
150030090001006,46
150030090001007,46
150030090001008,46
150030090001009,46
150030090001010,46
150030090001011,46
150030090001012,46
150030090001013,46
150030090001014,46
150030090001015,46
150030090001016,46
150030090002000,46
150030090002001,46
150030090002002,46
150030090002003,46
150030090002004,46
150030090002005,46
150030090002006,46
150030090002007,46
150030090002008,46
150030090002009,46
150030090002010,46
150030090002011,46
150030090002012,46
150030090002013,46
150030090002014,46
150030090002015,46
150030090002016,46
150030090002017,46
150030090002018,46
150030090002019,46
150030090002020,46
150030090002021,46
150030090002022,46
150030090002023,46
150030090002024,46
150030090002025,46
150030090002026,46
150030090002027,46
150030090002028,46
150030090002029,46
150030090002030,46
150030090002031,46
150030090002032,46
150030090002033,46
150030090002034,46
150030090002035,46
150030090002036,46
150030090002037,46
150030090002038,46
150030090002039,46
150030090002040,46
150030090002041,46
150030090002042,46
150030090002043,46
150030090002044,46
150030090002045,46
150030090002046,46
150030090002047,46
150030090002048,46
150030090002049,46
150030090002050,46
150030090002051,46
150030090002052,46
150030090002053,46
150030090002054,46
150030090002055,46
150030090002056,46
150030091001000,46
150030091001001,46
150030091001002,46
150030091001003,46
150030091001004,46
150030091001005,46
150030091001006,46
150030091003000,46
150030091003001,46
150030091003002,46
150030091003003,46
150030092011000,46
150030092011001,46
150030092011002,46
150030092011003,46
150030092012000,46
150030092013000,46
150030092013001,46
150030092013002,46
150030092013003,46
150030092013004,46
150030092021000,46
150030092021001,46
150030092021002,46
150030092021003,46
150030092022000,46
150030092022001,46
150030092022002,46
150030092022003,46
150030092022004,46
150030092022005,46
150030092022006,46
150030092022007,46
150030092022008,46
150030092022009,46
150030092022010,46
150030092022011,46
150030092022012,46
150030092031000,46
150030092031001,46
150030092031002,46
150030092031003,46
150030092031004,46
150030092031005,46
150030092031006,46
150030092031007,46
150030092031008,46
150030092031009,46
150030092031010,46
150030092031011,46
150030092031012,46
150030092031013,46
150030092031014,46
150030093011000,46
150030093011001,46
150030093011002,46
150030093011003,46
150030093011004,46
150030093011005,46
150030093011006,46
150030093011007,46
150030093021000,46
150030093021001,46
150030093021002,46
150030093021003,46
150030093021004,46
150030093021005,46
150030093021006,46
150030093022000,46
150030093022001,46
150030093022002,46
150030093022003,46
150030093022004,46
150030093022005,46
150030093022006,46
150030093022007,46
150030093022008,46
150030093022009,46
150030093023000,46
150030093023001,46
150030093023002,46
150030093023003,46
150030093023004,46
150030093023005,46
150030093023006,46
150030093023007,46
150030093023008,46
150030093023009,46
150030093023010,46
150030093023011,46
150030094011000,46
150030094011001,46
150030094011002,46
150030094011003,46
150030094011004,46
150030094011005,46
150030094011006,46
150030094011007,46
150030094011008,46
150030094021000,46
150030094021001,46
150030094021002,46
150030094021003,46
150030094021004,46
150030094021005,46
150030094022000,46
150030094022001,46
150030094022002,46
150030094022003,46
150030094022004,46
150030094022005,46
150030094022006,46
150030094022007,46
150030094022008,46
150030094023000,46
150030094023001,46
150030094023002,46
150030094023003,46
150030095071000,46
150030095071001,46
150030095071002,46
150030095071003,46
150030095071004,46
150030095071005,46
150030095071006,46
150030095071007,46
150030095072000,46
150030095072001,46
150030095072002,46
150030095072003,46
150030095072004,46
150030095081000,46
150030095081001,46
150030095081002,46
150030095081003,46
150030095081004,46
150030095081005,46
150030095081006,46
150030095081007,46
150030095081008,46
150030095081009,46
150030095081010,46
150030095081011,46
150030095091000,46
150030095091001,46
150030095091002,46
150030095091003,46
150030095091004,46
150030095091005,46
150030095091006,46
150030095091007,46
150030095091008,46
150030095091009,46
150030095091010,46
150030095091011,46
150030095092000,46
150030095092001,46
150030095092002,46
150030095092003,46
150030095092004,46
150030095092005,46
150030095092006,46
150030095092007,46
150030095092008,46
150030095092009,46
150030095092010,46
150030095092011,46
150030095092012,46
150030095092013,46
150030095092014,46
150030095092015,46
150030095092016,46
150030095092017,46
150030095092018,46
150030095092019,46
150030095101000,46
150030095101001,46
150030095101002,46
150030095101003,46
150030095101004,46
150030095101005,46
150030095101006,46
150030095101007,46
150030095101008,46
150030095101009,46
150030095101010,46
150030095101011,46
150030095101012,46
150030095102000,46
150030095102001,46
150030095102002,46
150030095102003,46
150030095102004,46
150030095102005,46
150030095111000,46
150030095111001,46
150030095111002,46
150030095111003,46
150030095111004,46
150030095111005,46
150030095112000,46
150030095112001,46
150030095112002,46
150030095112003,46
150030095112004,46
150030095112005,46
150030095112006,46
150030095112007,46
150030095112008,46
150030095112009,46
150030095112010,46
150030095112011,46
150030095112012,46
150030095112013,46
150030095112014,46
150030095112015,46
150030095121000,46
150030095121001,46
150030095121002,46
150030095121003,46
150030095121004,46
150030095121005,46
150030095121006,46
150030095121007,46
150030095121008,46
150030095121009,46
150030095121010,46
150030095121011,46
150030095121012,46
150030095121013,46
150030095121014,46
150030095121015,46
150030095121016,46
150030095121017,46
150030095121018,46
150030095121019,46
150030095121020,46
150030095121021,46
150030095121022,46
150030095121023,46
150030095121024,46
150030095121025,46
150030095121026,46
150030095121027,46
150030095121028,46
150030095121029,46
150030095121030,46
150030095122000,46
150030095122001,46
150030095122002,46
150030095122003,46
150030095122004,46
150030095122005,46
150030095122006,46
150030095122007,46
150030095122008,46
150030095122009,46
150030095122010,46
150030095122011,46
150030095122012,46
150030095122013,46
150030095122014,46
150030095123000,46
150030095123001,46
150030095123002,46
150030095123003,46
150030095123004,46
150030095123005,46
150030095123006,46
150030095123007,46
150030095123008,46
150030095123009,46
150030095123010,46
150030095123011,46
150030095123012,46
150030095123013,46
150030095123014,46
150030095123015,46
150030095123016,46
150030095123017,46
150030096081000,44
150030096081001,44
150030096081002,44
150030096081003,44
150030096081004,44
150030096081005,44
150030096081006,44
150030096081007,44
150030096081008,44
150030096081009,44
150030096081010,44
150030096083000,44
150030096083001,44
150030096083002,44
150030096083003,44
150030096083004,44
150030096083005,44
150030096083006,44
150030096083007,44
150030096083008,44
150030096083009,44
150030096084000,44
150030096084001,44
150030096084002,44
150030096084003,44
150030096091000,44
150030096091001,44
150030096091002,44
150030096091003,44
150030096091004,44
150030096091005,44
150030096091006,44
150030096091007,44
150030096092000,44
150030096092001,44
150030096092002,44
150030096093000,44
150030096093001,44
150030096093002,44
150030096093003,44
150030096102000,44
150030096102001,44
150030096102002,44
150030096102003,44
150030096102004,44
150030096102005,44
150030096102006,44
150030096102007,44
150030096102008,44
150030096102009,44
150030096102010,44
150030096104000,44
150030096104001,44
150030096104002,44
150030096104003,44
150030096104004,44
150030096105000,44
150030096105001,44
150030096105002,44
150030096105003,44
150030097041000,45
150030097041001,45
150030097041002,45
150030097041003,45
150030097041004,45
150030097041005,45
150030097041006,45
150030097041007,45
150030097041008,45
150030097041009,45
150030097041010,45
150030097041011,45
150030097041012,45
150030097041013,45
150030097041014,45
150030097041015,45
150030097041016,45
150030097041017,45
150030097041018,45
150030097042000,45
150030097042001,45
150030097042002,45
150030097042003,45
150030097042004,45
150030097042005,45
150030097042006,45
150030097042007,45
150030097042008,45
150030097042009,45
150030097042010,45
150030097042011,45
150030097042012,45
150030097042013,45
150030097042014,45
150030097042015,45
150030097042016,45
150030097042017,45
150030097042018,45
150030097042019,45
150030097051000,45
150030097051001,45
150030097051002,45
150030097051003,45
150030097051004,45
150030097051005,45
150030097051006,45
150030097052000,45
150030097052001,45
150030097052002,45
150030097052003,45
150030097052004,45
150030097052005,45
150030097052006,45
150030097052007,45
150030097052008,45
150030097052009,45
150030097052010,45
150030097052011,45
150030097052012,45
150030097052013,45
150030097053000,45
150030097053001,45
150030097053002,45
150030097053003,45
150030097053004,45
150030097053005,45
150030097053006,45
150030097061000,45
150030097061001,45
150030097061002,45
150030097061003,45
150030097061004,45
150030097061005,45
150030097061006,45
150030097061007,45
150030097061008,45
150030097061009,45
150030097061010,45
150030097061011,45
150030097061012,45
150030097061013,45
150030097061014,45
150030097061015,45
150030097061016,45
150030097061017,45
150030097062000,45
150030097062001,45
150030097062002,45
150030097063000,45
150030097063001,45
150030097063002,45
150030097063003,45
150030097063004,45
150030097063005,45
150030097063006,45
150030097063007,45
150030097071000,45
150030097071001,45
150030097071002,45
150030097071003,45
150030097072000,45
150030097072001,45
150030097072002,45
150030097072003,45
150030097073000,45
150030097073001,45
150030097073002,45
150030097073003,45
150030097073004,45
150030097073005,45
150030097073006,45
150030097073007,45
150030097073008,45
150030097073009,45
150030097073010,45
150030097073011,45
150030097073012,45
150030097073013,45
150030097073014,45
150030097073015,45
150030097074000,45
150030097074001,45
150030097074002,45
150030097074003,45
150030097074004,45
150030097074005,45
150030097074006,45
150030097074007,45
150030097074008,45
150030097074009,45
150030097074010,45
150030097074011,45
150030097074012,45
150030097074013,45
150030097074014,45
150030097074015,45
150030097074016,45
150030098011000,45
150030098011001,45
150030098011002,45
150030098011003,45
150030098011004,45
150030098011005,45
150030098011006,45
150030098011007,45
150030098011008,45
150030098011009,45
150030098011010,45
150030098011011,45
150030098011012,45
150030098011013,45
150030098011014,45
150030098011015,45
150030098011016,45
150030098011017,45
150030098011018,45
150030098011019,45
150030098011020,45
150030098011021,45
150030098011022,45
150030098011023,45
150030098011024,45
150030098011025,45
150030098011026,45
150030098011027,45
150030098011028,45
150030098011029,45
150030098011030,45
150030098011031,45
150030098012000,45
150030098012001,45
150030098012002,45
150030098012003,45
150030098012004,45
150030098012005,45
150030098012006,45
150030098031000,45
150030098031001,45
150030098031002,45
150030098032000,45
150030098032001,45
150030098032002,45
150030098032003,45
150030098032004,45
150030098032005,45
150030098032006,45
150030098032007,45
150030098033000,45
150030098033001,45
150030098041000,45
150030098041001,45
150030098041002,45
150030098042000,45
150030098042001,45
150030098042002,45
150030098042003,45
150030098042004,45
150030098042005,45
150030098042006,45
150030098042007,45
150030098042008,45
150030098043000,45
150030098043001,45
150030098043002,45
150030098043003,45
150030099021000,47
150030099021001,47
150030099021002,47
150030099021003,47
150030099021004,47
150030099021005,47
150030099021006,47
150030099021007,47
150030099021008,47
150030099021009,47
150030099021010,47
150030099022000,47
150030099022001,47
150030099022002,47
150030099022003,47
150030099022004,47
150030099022005,47
150030099022006,47
150030099022007,47
150030099023000,47
150030099023001,47
150030099023002,47
150030099023003,47
150030099023004,47
150030099023005,47
150030099024000,47
150030099024001,47
150030099052000,47
150030099052001,47
150030099052002,47
150030099052003,47
150030099052004,47
150030099052005,47
150030099052006,47
150030099052007,47
150030099052008,47
150030099052009,47
150030099052010,47
150030099052011,47
150030099052012,47
150030099052013,47
150030099052014,47
150030099053000,47
150030099053001,47
150030099053002,47
150030099053003,47
150030099053004,47
150030099053005,47
150030099053006,47
150030099053007,47
150030099053008,47
150030099053009,47
150030099053010,47
150030099053011,47
150030099053012,47
150030099061000,46
150030099061001,46
150030099061002,46
150030099061003,46
150030099061004,46
150030099061005,46
150030099061006,46
150030099061007,46
150030099061008,46
150030099062000,46
150030099062001,46
150030099062002,46
150030099062003,46
150030099062004,46
150030099062005,46
150030099062006,46
150030099062007,46
150030099062008,46
150030099062009,46
150030099062010,46
150030099062011,46
150030099062012,46
150030099062013,46
150030099062014,46
150030099062015,46
150030099062016,46
150030099062017,46
150030099062018,46
150030099062019,46
150030099062020,46
150030099063000,46
150030099063001,46
150030100001000,47
150030100001001,47
150030100001002,47
150030100001003,47
150030100001004,47
150030100001005,47
150030100001006,47
150030100001007,47
150030100001008,47
150030100001009,47
150030100001010,47
150030100001011,47
150030100001012,47
150030100001013,47
150030100001014,47
150030100001015,47
150030100001016,47
150030100001017,47
150030100001018,47
150030100001019,47
150030100001020,47
150030100001021,47
150030100001022,47
150030100001023,47
150030100001024,47
150030100001025,47
150030100001026,47
150030100001027,47
150030100001028,47
150030100001029,47
150030100001030,47
150030100001031,47
150030100001032,47
150030100001033,47
150030100001034,47
150030100001035,47
150030100001036,47
150030100001037,47
150030100001038,47
150030100001039,47
150030100001040,47
150030100001041,47
150030100001042,47
150030100001043,47
150030100001044,47
150030100001045,47
150030100001046,47
150030100001047,47
150030100001048,47
150030100001049,47
150030100001050,47
150030100001051,47
150030100001052,47
150030100001053,47
150030100001054,47
150030100001055,47
150030100001056,47
150030100001057,47
150030100001058,47
150030100003000,47
150030100003001,47
150030100003002,47
150030100003003,47
150030100003004,47
150030100003005,47
150030101011000,47
150030101011001,47
150030101011002,47
150030101011003,47
150030101011004,47
150030101011005,47
150030101011006,47
150030101011007,47
150030101011008,47
150030101011009,47
150030101011010,47
150030101011011,47
150030101012000,47
150030101012001,47
150030101012002,47
150030101012003,47
150030101012004,47
150030101012005,47
150030101021000,47
150030101021001,47
150030101021002,47
150030101021003,47
150030101021004,47
150030101021005,47
150030101021006,47
150030101021007,47
150030101021008,47
150030101021009,47
150030101021010,47
150030101021011,47
150030101021012,47
150030101021013,47
150030101021014,47
150030101021015,47
150030101021016,47
150030101022000,47
150030101022001,47
150030101022002,47
150030101022003,47
150030101022004,47
150030101022005,47
150030101022006,47
150030101022007,47
150030101022008,47
150030101022009,47
150030101022010,47
150030101031000,47
150030101031001,47
150030101031002,47
150030101031003,47
150030101031004,47
150030101031005,47
150030101031006,47
150030101031007,47
150030101031008,47
150030101031009,47
150030101031010,47
150030101031011,47
150030101031012,47
150030101031013,47
150030101031014,47
150030101031015,47
150030101031016,47
150030101031017,47
150030101031018,47
150030101031019,47
150030101031020,47
150030101031021,47
150030101031022,47
150030101031023,47
150030101031024,47
150030101031025,47
150030101031026,47
150030101031027,47
150030101031028,47
150030101031029,47
150030101031030,47
150030101031031,47
150030101031032,47
150030101031033,47
150030101031034,47
150030101031035,47
150030101031036,47
150030101031037,47
150030101031038,47
150030101031039,47
150030101032000,47
150030101032001,47
150030101032002,47
150030101032003,47
150030101032004,47
150030101032005,47
150030101032006,47
150030101032007,47
150030101032008,47
150030101032009,47
150030101032010,47
150030101032011,47
150030101032012,47
150030101032013,47
150030101032014,47
150030101032015,47
150030101032016,47
150030101032017,47
150030101032018,47
150030101032019,47
150030101032020,47
150030101032021,47
150030101032022,47
150030101032023,47
150030102021000,47
150030102021001,47
150030102021002,47
150030102021003,47
150030102021004,47
150030102021005,47
150030102021006,47
150030102021007,47
150030102021008,47
150030102021009,47
150030102021010,47
150030102021011,47
150030102021012,47
150030102022000,47
150030102022001,47
150030102022002,47
150030102022003,47
150030102022004,47
150030102022005,47
150030102022006,47
150030102022007,47
150030102022008,47
150030102022009,47
150030102022010,47
150030102022011,47
150030102022012,47
150030102022013,47
150030102023000,47
150030102023001,47
150030102023002,47
150030102023003,47
150030102023004,47
150030102023005,47
150030102023006,47
150030102023007,47
150030102023008,47
150030102023009,47
150030102023010,47
150030102023011,47
150030102024000,47
150030102024001,47
150030102024002,47
150030102024003,47
150030102024004,47
150030102024005,47
150030102024006,47
150030102024007,47
150030102024008,47
150030102024009,47
150030102024010,47
150030102024011,47
150030102024012,47
150030102024013,47
150030102024014,47
150030102024015,47
150030102024016,47
150030102024017,47
150030102031000,47
150030102031001,47
150030102031002,47
150030102031003,47
150030102031004,47
150030102031005,47
150030102031006,47
150030102031007,47
150030102031008,47
150030102031009,47
150030102031010,47
150030102031011,47
150030102041000,47
150030102041001,47
150030102041002,47
150030102041003,47
150030102041004,47
150030102041005,47
150030102041006,47
150030102042000,47
150030102042001,47
150030102042002,47
150030102042003,47
150030102042004,47
150030102042005,47
150030102042006,47
150030102042007,47
150030102042008,47
150030102042009,47
150030102042010,47
150030102042011,47
150030102042012,47
150030103031000,48
150030103031001,48
150030103031002,48
150030103031003,48
150030103031004,48
150030103031005,48
150030103031006,48
150030103031007,48
150030103031008,48
150030103031009,48
150030103031010,48
150030103031011,48
150030103031012,48
150030103031013,48
150030103031014,48
150030103031015,48
150030103031016,48
150030103031017,48
150030103031018,48
150030103032000,48
150030103032001,48
150030103032002,48
150030103032003,48
150030103032004,48
150030103032005,48
150030103032006,48
150030103032007,48
150030103032008,48
150030103032009,48
150030103032010,48
150030103032011,48
150030103033000,48
150030103033001,48
150030103033002,48
150030103033003,48
150030103033004,48
150030103033005,48
150030103033006,48
150030103033007,48
150030103033008,48
150030103033009,48
150030103033010,48
150030103033011,48
150030103033012,48
150030103033013,48
150030103033014,48
150030103033015,48
150030103033016,48
150030103033017,48
150030103033018,48
150030103033019,48
150030103033020,48
150030103033021,48
150030103033022,48
150030103033023,48
150030103033024,48
150030103033025,48
150030103033026,48
150030103033027,48
150030103033028,48
150030103033029,48
150030103033030,48
150030103033031,48
150030103051000,48
150030103051001,48
150030103051002,48
150030103051003,48
150030103051004,48
150030103052000,48
150030103052001,48
150030103052002,48
150030103052003,48
150030103053000,48
150030103053001,48
150030103053002,48
150030103053003,48
150030103053004,48
150030103053005,48
150030103053006,48
150030103053007,48
150030103053008,48
150030103053009,48
150030103053010,48
150030103053011,48
150030103053012,48
150030103053013,48
150030103053014,48
150030103053015,48
150030103081000,49
150030103081001,49
150030103081002,49
150030103081003,49
150030103081004,49
150030103081005,49
150030103081006,49
150030103081007,49
150030103081008,49
150030103081009,49
150030103081010,49
150030103081011,49
150030103081012,49
150030103081013,49
150030103082000,49
150030103082001,49
150030103082002,49
150030103082003,49
150030103082004,49
150030103082005,49
150030103082006,49
150030103082007,49
150030103082008,49
150030103082009,49
150030103082010,49
150030103082011,49
150030103083000,49
150030103083001,49
150030103083002,49
150030103083003,49
150030103083004,49
150030103083005,49
150030103083006,49
150030103083007,49
150030103083008,49
150030103083009,49
150030103083010,49
150030103083011,49
150030103083012,49
150030103083013,49
150030103083014,49
150030103091000,48
150030103091001,48
150030103091002,48
150030103091003,48
150030103091004,48
150030103091005,48
150030103091006,48
150030103091007,48
150030103091008,48
150030103091009,48
150030103091010,48
150030103091011,48
150030103091012,48
150030103091013,48
150030103091014,48
150030103091015,48
150030103091016,48
150030103091017,48
150030103092000,48
150030103092001,48
150030103092002,48
150030103092003,48
150030103092004,48
150030103092005,48
150030103092006,48
150030103092007,48
150030103092008,48
150030103092009,48
150030103093000,48
150030103093001,48
150030103093002,48
150030103101000,48
150030103101001,48
150030103101002,48
150030103101003,48
150030103101004,48
150030103101005,48
150030103101006,48
150030103102000,48
150030105031000,49
150030105031001,49
150030105031002,49
150030105032000,49
150030105032001,49
150030105032002,49
150030105032003,49
150030105032004,49
150030105032005,49
150030105032006,49
150030105032007,49
150030105032008,49
150030105032009,49
150030105051000,48
150030105051001,48
150030105051002,48
150030105051003,48
150030105051004,48
150030105051005,48
150030105051006,48
150030105051007,48
150030105051008,48
150030105052000,48
150030105052001,48
150030105052002,48
150030105052003,48
150030105052004,48
150030105052005,48
150030105052006,48
150030105052007,48
150030105052008,48
150030105052009,48
150030105052010,48
150030105053000,48
150030105053001,48
150030105053002,48
150030105053003,48
150030105053004,48
150030105053005,48
150030105072000,49
150030105073000,49
150030105073001,49
150030105073002,49
150030105073003,49
150030105074000,48
150030105074001,48
150030105074002,48
150030105074003,48
150030105074004,48
150030105081000,48
150030105081001,48
150030105081002,48
150030105082000,48
150030105082001,48
150030105082002,48
150030105082003,48
150030105091000,49
150030105092000,48
150030105092001,48
150030105092002,48
150030105092003,48
150030105102000,49
150030105102001,49
150030106011000,49
150030106011001,49
150030106011002,49
150030106011003,49
150030106011004,49
150030106011005,49
150030106011006,49
150030106011007,49
150030106012000,49
150030106012001,49
150030106012002,49
150030106012003,49
150030106012004,49
150030106012005,49
150030106012006,49
150030106012007,49
150030106012008,49
150030106012009,49
150030106012010,49
150030106012011,49
150030106013000,49
150030106013001,49
150030106013002,49
150030106013003,49
150030106021000,49
150030106021001,49
150030106021002,49
150030106021003,49
150030106022000,49
150030106022001,49
150030106022002,49
150030106022003,49
150030106022004,49
150030106022005,49
150030106022006,49
150030106022007,49
150030106022008,49
150030106022009,49
150030106022010,49
150030106022011,49
150030106023000,49
150030106023001,49
150030106023002,49
150030106023003,49
150030106023004,49
150030106023005,49
150030106023006,49
150030106023007,49
150030106023008,49
150030106023009,49
150030106023010,49
150030106023011,49
150030106023012,49
150030106023013,49
150030106023014,49
150030106023015,49
150030107011000,50
150030107011001,50
150030107011002,50
150030107011003,50
150030107011004,50
150030107012000,50
150030107012001,50
150030107012002,50
150030107012003,50
150030107022000,49
150030107022001,49
150030107022002,49
150030107022003,49
150030107022004,49
150030107022005,49
150030109011000,50
150030109011001,50
150030109011002,50
150030109011003,50
150030109011004,50
150030109011005,50
150030109011006,50
150030109011007,50
150030109012000,50
150030109012001,50
150030109012002,50
150030109012003,50
150030109012004,50
150030109012005,50
150030109012006,50
150030109012007,50
150030109012008,50
150030109012009,50
150030109012010,50
150030109012011,50
150030109012012,50
150030109012013,50
150030109012014,50
150030109012015,50
150030109012016,50
150030109012017,50
150030109031000,50
150030109031001,50
150030109031002,50
150030109031003,50
150030109031004,50
150030109031005,50
150030109031006,50
150030109031007,50
150030109031008,50
150030109031009,50
150030109031010,50
150030109031011,50
150030109032000,50
150030109032001,50
150030109032002,50
150030109032003,50
150030109032004,50
150030109033000,50
150030109033001,50
150030109033002,50
150030109033003,50
150030109041000,50
150030109041001,50
150030109042000,50
150030109042001,50
150030109042002,50
150030109042003,50
150030109042004,50
150030109043000,50
150030109043001,50
150030109043002,50
150030109043003,50
150030109043004,50
150030109043005,50
150030109043006,50
150030109043007,50
150030109043008,50
150030109044000,50
150030109044001,50
150030109051000,50
150030109051001,50
150030109051002,50
150030109051003,50
150030109052000,50
150030109052001,50
150030109052002,50
150030109052003,50
150030109052004,50
150030109052005,50
150030109052006,50
150030109052007,50
150030111032000,50
150030111032001,50
150030111032002,50
150030111032003,50
150030111032004,50
150030111032005,50
150030111032006,50
150030111032007,50
150030111032008,50
150030111032009,50
150030111032010,50
150030111032011,50
150030111032012,50
150030111032013,50
150030111032014,50
150030111032015,50
150030111032016,50
150030111032017,50
150030111041000,51
150030111041001,51
150030111041002,51
150030111041003,51
150030111041004,51
150030111041005,51
150030111041006,51
150030111041007,51
150030111041008,51
150030111041009,51
150030111042000,51
150030111042001,51
150030111042002,51
150030111043000,51
150030111043001,51
150030111043002,51
150030111043003,51
150030111043004,51
150030111043005,51
150030111044000,51
150030111044001,51
150030111044002,51
150030111044003,51
150030111044004,51
150030111044005,51
150030111044006,51
150030111044007,51
150030111044008,51
150030111052000,51
150030111052001,51
150030111052002,51
150030111052003,51
150030111053000,50
150030111053001,50
150030111053002,50
150030111053003,50
150030111061000,51
150030111061001,51
150030111061002,51
150030111061003,51
150030111061004,51
150030111061005,51
150030111061006,51
150030111061007,51
150030111061008,51
150030111061009,51
150030111061010,51
150030111061011,51
150030111062000,51
150030111062001,51
150030111062002,51
150030111062003,51
150030111063000,51
150030111063001,51
150030111063002,51
150030111063003,51
150030111063004,51
150030111063005,51
150030111064000,51
150030111064001,51
150030111064002,51
150030111064003,51
150030111064004,51
150030111064005,51
150030111065000,51
150030111065001,51
150030111065002,51
150030111065003,51
150030111065004,51
150030111065005,51
150030111065006,51
150030111065007,51
150030111065008,51
150030111065009,51
150030112011000,50
150030112011001,50
150030112011002,50
150030112011003,50
150030112011004,50
150030112011005,50
150030112011006,50
150030112011007,50
150030112011008,50
150030112011009,50
150030112011010,50
150030112011011,50
150030112012000,50
150030112012001,50
150030112012002,50
150030112012003,50
150030112012004,50
150030112012005,50
150030112012006,50
150030112012007,50
150030112014000,50
150030112014001,50
150030112014002,50
150030112014003,50
150030112014004,50
150030112014005,50
150030112014006,50
150030112015000,50
150030112015001,50
150030112015002,50
150030112015003,50
150030112015004,50
150030112015005,50
150030112015006,50
150030112021000,51
150030112021001,51
150030112021002,51
150030112021003,51
150030112021004,51
150030112021005,51
150030112021006,51
150030112022000,51
150030112022001,51
150030112022002,51
150030112022003,51
150030112022004,51
150030112022005,51
150030112022006,51
150030112022007,51
150030112022008,51
150030112022009,51
150030112022010,51
150030113001000,51
150030113001001,51
150030113001002,51
150030113001003,51
150030113001004,51
150030113001005,51
150030113001006,51
150030113001007,51
150030113001008,51
150030113001009,51
150030113001010,51
150030113001011,51
150030113001012,51
150030113001013,51
150030113001014,51
150030113001015,51
150030113001016,51
150030113001017,51
150030113001018,51
150030113001019,51
150030113002000,51
150030113002001,51
150030113002002,51
150030113002003,51
150030113002004,51
150030113002005,51
150030113002006,51
150030113002007,51
150030113002008,51
150030113002009,51
150030113002010,51
150030113002011,51
150030113002012,51
150030113002013,51
150030113002014,51
150030113002015,51
150030113002016,51
150030113002017,51
150030113002018,51
150030113003000,51
150030113003001,51
150030113003002,51
150030113003003,51
150030113003004,51
150030113003005,51
150030114011000,34
150030114011001,34
150030114011002,34
150030114011003,34
150030114011004,34
150030114011005,34
150030114011006,34
150030114012000,34
150030114012001,34
150030114012002,34
150030114012003,34
150030114012004,34
150030114012005,34
150030114012006,34
150030114012007,34
150030114012008,34
150030114012009,34
150030114012010,34
150030115002000,42
150030115002001,42
150030115002002,42
150030115002003,42
150030115002004,42
150030115002005,42
150030115002006,42
150030115003000,42
150030115003001,42
150030115003002,42
150030115003003,42
150030115003004,42
150030115003005,42
150030115003006,42
150030115003007,42
150030115003008,42
150030115003009,42
150030115003010,42
150030115003011,42
150030115003012,42
150030115004000,43
150030115004001,43
150030115004002,43
150030115004003,43
150030115005000,43
150030115005001,43
150030115005002,43
150030115005003,43
150030115005004,43
150030115005005,43
150030115005006,43
150030115005007,43
150030115005008,43
150030115005009,43
150030115005010,43
150030115005011,43
150030115005012,43
150030115005013,43
150030115005014,43
150030115005015,43
150030115005016,43
150030115005017,43
150030115005018,43
150030115005019,43
150030116002000,26
150030116002001,26
150030116002002,26
150030116002003,26
150030116002004,26
150039400031000,51
150039400031001,51
150039400031002,51
150039400031003,51
150039400031004,51
150039400031005,51
150039400031006,51
150039400031007,51
150039400031008,51
150039400031009,51
150039400031010,51
150039400031011,51
150039400031012,51
150039400031013,51
150039400031014,51
150039400031015,51
150039400031016,51
150039400031017,51
150039400031018,51
150039400031019,51
150039400031020,51
150039400031021,51
150039400031022,51
150039400031023,51
150039400031024,51
150039400031025,51
150039400031026,51
150039400031027,51
150039400031028,51
150039400031029,51
150039400031030,51
150039400031031,51
150039400031032,51
150039400031033,51
150039400031034,51
150039400031035,51
150039400031036,51
150039400031037,51
150039400031038,51
150039400031039,51
150039400041000,51
150039400041001,51
150039400041002,51
150039400041003,51
150039400041004,51
150039400041005,51
150039400041006,51
150039400041007,51
150039400041008,51
150039400041009,51
150039400041010,51
150039400041011,51
150039400041012,51
150039400041013,51
150039400041014,51
150039400041015,51
150039400041016,51
150039400041017,51
150039400041018,51
150039400041019,51
150039400041020,51
150039400041021,51
150039400041022,51
150039400041023,51
150039400041024,51
150039400041025,51
150039400041026,51
150039400041027,51
150039400041028,51
150039400041029,51
150039400041030,51
150039400041031,51
150039400051000,44
150039400051001,44
150039400051002,44
150039400051003,44
150039400051004,44
150039400051005,44
150039400051006,44
150039400051007,44
150039400051008,44
150039400051009,44
150039400051010,44
150039400051011,44
150039400061000,44
150039400061001,44
150039400061002,44
150039400061003,44
150039400061004,44
150039400061005,44
150039400061006,44
150039400061007,44
150039400061008,44
150039400061009,44
150039400061010,44
150039400061011,44
150039400061012,44
150039400061013,44
150039400061014,44
150039400061015,44
150039400061016,44
150039400061017,44
150039400061018,44
150039400061019,44
150039400061020,44
150039400061021,44
150039400061022,44
150039400061023,44
150039400061024,44
150039400061025,44
150039400061026,44
150039400061027,44
150039400061028,44
150039400061029,44
150039400071000,44
150039400071001,44
150039400071002,44
150039400071003,44
150039400071004,44
150039400071005,44
150039400071006,44
150039800001000,18
150039800001001,18
150039800001002,18
150039800001003,18
150039800001004,18
150039802001000,30
150039802001001,30
150039802001002,30
150039802001003,30
150039802001004,30
150039802001005,30
150039802001006,30
150039802001007,30
150039802001008,30
150039803001000,41
150039803001001,41
150039803001002,41
150039803001003,41
150039803001004,41
150039803001005,41
150039803001006,41
150039803001007,41
150039803001008,41
150039803001009,41
150039803001010,41
150039803001011,41
150039803001012,41
150039803001013,41
150039803001014,41
150039806001000,46
150039806001001,46
150039806001002,46
150039806001003,46
150039806001004,46
150039806001005,46
150039806001006,46
150039806001007,46
150039806001008,46
150039806001009,46
150039806001010,46
150039806001011,46
150039806001012,46
150039806001013,46
150039806001014,46
150039806001015,46
150039806001016,46
150039806001017,46
150039806001018,46
150039806001019,46
150039806001020,46
150039806001021,46
150039806001022,46
150039806001023,46
150039806001024,46
150039806001025,46
150039807001000,46
150039807001001,46
150039807001002,46
150039807001003,46
150039807001004,46
150039807001005,46
150039807001006,46
150039807001007,46
150039807001008,46
150039807001009,46
150039807001010,46
150039807001011,46
150039807001012,46
150039808001000,49
150039808001001,49
150039808001002,49
150039808001003,49
150039808001004,49
150039808001005,49
150039808001006,49
150039808001007,49
150039808001008,49
150039808001009,49
150039811001000,51
150039811001001,51
150039811001002,51
150039811001003,51
150039811001004,51
150039811001005,51
150039812001000,51
150039812001001,51
150039812001002,51
150039812001003,51
150039812001004,51
150039812001005,51
150039812001006,51
150039812001007,51
150039812001008,51
150039812001009,51
150039812001010,51
150039812001011,51
150039812001012,51
150039812001013,51
150039812001014,51
150039812001015,51
150039812001016,51
150039812001017,51
150039812001018,51
150039812001019,51
150039812001020,51
150039812001021,51
150039812001022,51
150039812001023,51
150039812001024,51
150039812001025,51
150039814001000,30
150039814001001,30
150039814001002,30
150039814001003,30
150039814001004,30
150039814001005,30
150039814001006,30
150039814001007,30
150039814001008,30
150039814001009,30
150039814001010,30
150039814001011,30
150039814001012,30
150039814001013,30
150039814001014,30
150039814001015,30
150039814001016,30
150039814001017,30
150039817001000,50
150039817001001,50
150039817001002,50
150039817001003,50
150039817001004,50
150039817001005,50
150039817001006,50
150039817001007,50
150039817001008,50
150039817001009,50
150039817001010,50
150039817001011,50
150039817001012,50
150039817001013,50
150039817001014,50
150039817001015,50
150039817001016,50
150039817001017,50
150039817001018,50
150039817001019,50
150039817001020,50
150039817001021,50
150039817001022,50
150039817001023,50
150039817001024,50
150039817001025,50
150039817001026,50
150039817001027,50
150039817001028,50
150039817001029,50
150039817001030,50
150039817001031,50
150039817001032,50
150039817001033,50
150039817001034,50
150039817001035,50
150039817001036,50
150039817001037,50
150039817001038,50
150039817001039,50
150039817001040,50
150039817001041,50
150039817001042,50
150039817001043,50
150039817001044,50
150039817001045,50
150039817001046,50
150039817001047,50
150039817001048,50
150039817001049,50
150039817001050,50
150039817001051,50
150039817001052,50
150039817001053,50
150039817001054,50
150039817001055,50
150039817001056,50
150039817001057,50
150039817001058,50
150039818011000,50
150039818011001,50
150039818011002,50
150039818011003,50
150039818011004,50
150039818011005,50
150039818011006,50
150039818011007,50
150039818011008,50
150039818011009,50
150039818011010,50
150039818011011,50
150039818011012,50
150039818011013,50
150039818011014,50
150039818011015,50
150039818011016,50
150039818011017,50
150039818011018,50
150039818011019,50
150039818011020,50
150039818011021,50
150039818011022,50
150039818011023,50
150039818011024,50
150039818011025,50
150039818011026,50
150039818011027,50
150039818011028,50
150039818011029,50
150039818011030,50
150039818011031,50
150039818011032,50
150039818011033,50
150039818011034,50
150039818011035,50
150039818011036,50
150039818011037,50
150039818011038,50
150039818011039,50
150039818011040,50
150039818011041,50
150039818021000,50
150039818021001,50
150039818021002,50
150039818021003,50
150039818021004,50
150039818021005,50
150039818021006,50
150039818021007,50
150039818021008,50
150039818021009,50
150039818021010,50
150039818031000,50
150039818031001,50
150039818031002,50
150039818031003,50
150039818031004,50
150039818031005,50
150039818031006,50
150039818031007,50
150039818031008,50
150039818031009,50
150039819001000,30
150039819001001,30
150039819001002,30
150039819001003,30
150039819001004,30
150039819001005,30
150039819001006,30
150039819001007,30
150039819001008,30
150039819001009,30
150039819001010,30
150039819001011,30
150039819001012,30
150039819001013,30
150039819001014,30
150039819001015,30
150039819001016,30
150039819001017,30
150039819001018,30
150039819001019,30
150039819001020,30
150039819001021,30
150039819001022,30
150039819001023,30
150039819001024,30
150039819001025,30
150039819001026,30
150039819001027,30
150039819001028,30
150039819001029,30
150039819001030,30
150039819001031,30
150039819001032,30
150039819001033,30
150039819001034,30
150039819001035,30
150039821001000,26
150010202021000,1
150010202021001,1
150010202021002,1
150010202021003,1
150010202021004,1
150010202021005,1
150010202021006,1
150010202021007,1
150010202021008,1
150010202021009,1
150010202021010,1
150010202021011,1
150010202021012,1
150010202021013,1
150010202021014,1
150010202021015,1
150010202021016,1
150010202021017,1
150010202021018,1
150010202021019,1
150010202021020,1
150010202021021,1
150010202021022,1
150010202021023,1
150010202021024,1
150010202021025,1
150010202021026,1
150010202021027,1
150010202021028,1
150010202021029,1
150010202021030,1
150010202021031,1
150010202021032,1
150010202021033,1
150010202021034,1
150010202021035,1
150010202021036,1
150010202021037,1
150010202021038,1
150010202021039,1
150010202021044,1
150010202021045,1
150010202021046,1
150010202021047,1
150010202021048,1
150010202021049,1
150010202021050,1
150010202021051,1
150010202021052,1
150010202021053,1
150010202021065,1
150010202021068,1
150010202021069,1
150010203002000,1
150010203002001,1
150010203002002,1
150010203002003,1
150010203002004,1
150010203002005,1
150010203002006,1
150010203002007,1
150010203002008,1
150010203002009,1
150010203003010,1
150010203003011,1
150010203003012,1
150010203003013,1
150010203003014,1
150010203003033,1
150010203003038,1
150010208013000,1
150010208013001,1
150010208013002,1
150010208013004,1
150010208013005,1
150010208013006,1
150010208013007,1
150010219021001,1
150010219021002,1
150010219021003,1
150010219021004,1
150010219021005,1
150010219021006,1
150010219021007,1
150010219021008,1
150010219021009,1
150010219021010,1
150010219021011,1
150010219021012,1
150010219021013,1
150010219021014,1
150010219021015,1
150010219021016,1
150010219021017,1
150010219021018,1
150010219021019,1
150010219021020,1
150010219021021,1
150010219021022,1
150010219021023,1
150010219021024,1
150010219021025,1
150010219021026,1
150010219021027,1
150010219021028,1
150010219021029,1
150010219021030,1
150010219021031,1
150010219021032,1
150010219021033,1
150010219021034,1
150010219021035,1
150010219021036,1
150010219021037,1
150010219021038,1
150010219021039,1
150010219021040,1
150010219021041,1
150010219021042,1
150010219021043,1
150010219021044,1
150010219021045,1
150010219021046,1
150010219021047,1
150010219021048,1
150010219021049,1
150010219021050,1
150010219021051,1
150010219021052,1
150010219021053,1
150010219021054,1
150010219021057,1
150010219021058,1
150010219021059,1
150010219021060,1
150010219021061,1
150010219021062,1
150010219021063,1
150010219021064,1
150010219021065,1
150010219021066,1
150010219021067,1
150010219021068,1
150010219021069,1
150010219021070,1
150010219021071,1
150010219021072,1
150010219021073,1
150010219021074,1
150010219021075,1
150010219021076,1
150010219021082,1
150010219021083,1
150010219021084,1
150010219021085,1
150010219021086,1
150010219021087,1
150010219021088,1
150010219021089,1
150010219021090,1
150010219021091,1
150010219021092,1
150010219021093,1
150010219021094,1
150010220001004,1
150010220001005,1
150010220001008,1
150010220001010,1
150010220001011,1
150010220001012,1
150010220001013,1
150010220001014,1
150010220001015,1
150010220001016,1
150010220001017,1
150010220001018,1
150010220001019,1
150010220001020,1
150010220001021,1
150010220001022,1
150010220001023,1
150010220001024,1
150010220001025,1
150010220001026,1
150010220001027,1
150010220001028,1
150010220001029,1
150010220001030,1
150010220001031,1
150010220001032,1
150010220001033,1
150010220001034,1
150010220001035,1
150010220001036,1
150010220001037,1
150010220001038,1
150010220001039,1
150010220001040,1
150010220001041,1
150010220001042,1
150010220001043,1
150010220001044,1
150010220001045,1
150010220001046,1
150010220001047,1
150010220001048,1
150010220001049,1
150010220001050,1
150010220001051,1
150010220001052,1
150010220001053,1
150010220001054,1
150010220001055,1
150010220001056,1
150010220001057,1
150010220001058,1
150010220001059,1
150010220001060,1
150010220001061,1
150010220001062,1
150010220001063,1
150010220001064,1
150010220001065,1
150010220001066,1
150010220001067,1
150010220001068,1
150010220001069,1
150010220001070,1
150010220001071,1
150010220001072,1
150010220001073,1
150010220001074,1
150010220001075,1
150010220001076,1
150010220001077,1
150010220001078,1
150010220001079,1
150010220001080,1
150010220001081,1
150010220001082,1
150010220001083,1
150010220001084,1
150010220001085,1
150010220001086,1
150010220001087,1
150010220001088,1
150010220001089,1
150010220001090,1
150010220001091,1
150010220001092,1
150010220001093,1
150010220001094,1
150010220001095,1
150010220001096,1
150010220001097,1
150010220001098,1
150010220001105,1
150010220001106,1
150010220001121,1
150010220001142,1
150010221021000,1
150010221021001,1
150010221021002,1
150010221021003,1
150010221021004,1
150010221021005,1
150010221021006,1
150010221021007,1
150010221021008,1
150010221021009,1
150010221021010,1
150010221021011,1
150010221021012,1
150010221021013,1
150010221021014,1
150010221021015,1
150010221021016,1
150010221021017,1
150010221021018,1
150010221021019,1
150010221021020,1
150010221021021,1
150010221021022,1
150010221021023,1
150010221021024,1
150010221021025,1
150010221021026,1
150010221021027,1
150010221021028,1
150010221021029,1
150010221021030,1
150010221021031,1
150010221021032,1
150010221021033,1
150010221021034,1
150010221021035,1
150010221021036,1
150010221021037,1
150010221021038,1
150010221021039,1
150010221021040,1
150010221021041,1
150010221021042,1
150010221021043,1
150010221021044,1
150010221021045,1
150010221021046,1
150010221021047,1
150010221021048,1
150010221021049,1
150010221021050,1
150010221021051,1
150010221021052,1
150010221021053,1
150010221021054,1
150010221021055,1
150010221021056,1
150010221021057,1
150010221021058,1
150010221021059,1
150010221021060,1
150010221021061,1
150010221021062,1
150010221021063,1
150010221021064,1
150010221021065,1
150010221021066,1
150010221021067,1
150010221021068,1
150010221021069,1
150010221021070,1
150010221021071,1
150010221021072,1
150010221021073,1
150010221021074,1
150010221021075,1
150010221021076,1
150010221021077,1
150010221021078,1
150010221021079,1
150010221021080,1
150010221021081,1
150010221021082,1
150010221021083,1
150010221021084,1
150010221021085,1
150010221021086,1
150010221021087,1
150010221021088,1
150010221021089,1
150010221021090,1
150010221021091,1
150010221021092,1
150010221021093,1
150010221021094,1
150010221021095,1
150010221021096,1
150010221021097,1
150010221021098,1
150010221021099,1
150010221021100,1
150010221021101,1
150010221021102,1
150010221021103,1
150010221021104,1
150010221021105,1
150010221021106,1
150010221021107,1
150010221021108,1
150010221021109,1
150010221021110,1
150010221021111,1
150010221021112,1
150010221021113,1
150010221021114,1
150010221021115,1
150010221021116,1
150010221021117,1
150010221021118,1
150010221021122,1
150010221021128,1
150010221021129,1
150010221021130,1
150010221021131,1
150010221021141,1
150010221021142,1
150010221021143,1
150010202021059,2
150010202021060,2
150010202021061,2
150010202021062,2
150010203002010,2
150010203003000,2
150010203003001,2
150010203003002,2
150010203003003,2
150010203003004,2
150010203003005,2
150010203003006,2
150010203003007,2
150010203003008,2
150010203003009,2
150010203003015,2
150010203003016,2
150010203003017,2
150010203003018,2
150010203003019,2
150010203003020,2
150010203003021,2
150010203003022,2
150010203003023,2
150010203003024,2
150010203003025,2
150010203003026,2
150010203003027,2
150010203003028,2
150010203003029,2
150010203003030,2
150010203003031,2
150010203003032,2
150010203003034,2
150010203003035,2
150010203003036,2
150010203003037,2
150010203003039,2
150010203003040,2
150010204003000,2
150010204003001,2
150010204003002,2
150010204003003,2
150010204003004,2
150010204003005,2
150010204003006,2
150010204003007,2
150010204003009,2
150010204003010,2
150010204003011,2
150010204003012,2
150010204003013,2
150010204003014,2
150010204003015,2
150010204003016,2
150010204003017,2
150010204003018,2
150010204003019,2
150010204003020,2
150010204003021,2
150010204003022,2
150010204003023,2
150010204003024,2
150010204003025,2
150010204003026,2
150010204003027,2
150010204003028,2
150010204003029,2
150010204003030,2
150010204003031,2
150010204003032,2
150010204003033,2
150010204003034,2
150010204003035,2
150010204003036,2
150010204003037,2
150010205001008,2
150010205001010,2
150010205001011,2
150010205001012,2
150010205002014,2
150010205002015,2
150010205003002,2
150010205003003,2
150010205003004,2
150010205003005,2
150010205003006,2
150010205003007,2
150010205003008,2
150010205003009,2
150010205004000,2
150010205004001,2
150010205004002,2
150010205004003,2
150010205004004,2
150010205004005,2
150010205004006,2
150010205004007,2
150010205004008,2
150010205004009,2
150010205004010,2
150010205004011,2
150010205004012,2
150010205004013,2
150010205004014,2
150010205004015,2
150010205004016,2
150010205004017,2
150010205004018,2
150010205004034,2
150010205004035,2
150010205004036,2
150010207011000,2
150010207011001,2
150010207011002,2
150010207011015,2
150010207011016,2
150010207012000,2
150010207012001,2
150010207012002,2
150010207012003,2
150010207012004,2
150010207012005,2
150010207012006,2
150010207012010,2
150010207012011,2
150010207012012,2
150010207012015,2
150010208013003,2
150010208013008,2
150010208013009,2
150010204003008,3
150010205001000,3
150010205001001,3
150010205001002,3
150010205001003,3
150010205001004,3
150010205001005,3
150010205001006,3
150010205001007,3
150010205001009,3
150010205001013,3
150010205001014,3
150010205001015,3
150010205001016,3
150010205001017,3
150010205001018,3
150010205001019,3
150010205001020,3
150010205002000,3
150010205002001,3
150010205002002,3
150010205002003,3
150010205002004,3
150010205002005,3
150010205002006,3
150010205002007,3
150010205002008,3
150010205002009,3
150010205002010,3
150010205002011,3
150010205002012,3
150010205002013,3
150010205002016,3
150010205002017,3
150010205002018,3
150010205002019,3
150010205002020,3
150010205002021,3
150010205003000,3
150010205003001,3
150010205004019,3
150010205004020,3
150010205004021,3
150010205004022,3
150010205004023,3
150010205004024,3
150010205004025,3
150010205004026,3
150010205004027,3
150010205004028,3
150010205004029,3
150010205004030,3
150010205004031,3
150010205004032,3
150010205004033,3
150010207011003,3
150010207011004,3
150010207011005,3
150010207011006,3
150010207011007,3
150010207011008,3
150010207011009,3
150010207011010,3
150010207011011,3
150010207011012,3
150010207011013,3
150010207011014,3
150010207012007,3
150010207012008,3
150010207012009,3
150010207012013,3
150010207012014,3
150010210131000,3
150010210131001,3
150010210131002,3
150010210131003,3
150010210131004,3
150010210131005,3
150010210131006,3
150010210131007,3
150010210131008,3
150010210131010,3
150010210131011,3
150010210131012,3
150010210131013,3
150010210131014,3
150010210131015,3
150010210131016,3
150010210131017,3
150010210131018,3
150010210131019,3
150010210131020,3
150010210131021,3
150010210131022,3
150010210131023,3
150010210131024,3
150010210131025,3
150010210131026,3
150010210131027,3
150010210131028,3
150010210131030,3
150010210133006,3
150010210133007,3
150010210133008,3
150010210133009,3
150010210133010,3
150010210133011,3
150010210133012,3
150010210133013,3
150010210133014,3
150010210133015,3
150010210133016,3
150010210133017,3
150010210133018,3
150010210133019,3
150010210133020,3
150010210133021,3
150010210133022,3
150010210133023,3
150010210133024,3
150010210133025,3
150010210133026,3
150010210133027,3
150010210133028,3
150010210133029,3
150010210133030,3
150010210133031,3
150010210133032,3
150010210133034,3
150010210133035,3
150010210133036,3
150010210151005,3
150010210151006,3
150010210162000,3
150010210162001,3
150010210162002,3
150010210162006,3
150010210162007,3
150010210162008,3
150010210162009,3
150010210162010,3
150010210162011,3
150010210162012,3
150010210162013,3
150010210162014,3
150010210162015,3
150010210162024,3
150010210162025,3
150010210131009,4
150010210131029,4
150010210151000,4
150010210151001,4
150010210151002,4
150010210151003,4
150010210151004,4
150010210151007,4
150010210151008,4
150010210151009,4
150010210151010,4
150010210151011,4
150010210151012,4
150010210151013,4
150010210151014,4
150010210151015,4
150010210151016,4
150010210151017,4
150010210151018,4
150010210151019,4
150010210151020,4
150010210151021,4
150010210151022,4
150010210151023,4
150010210151024,4
150010210151025,4
150010210151026,4
150010210151027,4
150010210151028,4
150010202021040,5
150010202021041,5
150010202021042,5
150010202021043,5
150010202021054,5
150010202021055,5
150010202021056,5
150010202021057,5
150010202021058,5
150010202021063,5
150010202021064,5
150010202021066,5
150010202021067,5
150010210133000,5
150010210133001,5
150010210133002,5
150010210133003,5
150010210133004,5
150010210133005,5
150010210133033,5
150010210162003,5
150010210162004,5
150010210162005,5
150010210162016,5
150010210162017,5
150010210162018,5
150010210162019,5
150010210162020,5
150010210162021,5
150010210162022,5
150010210162023,5
150010210162026,5
150010210162027,5
150010213001000,5
150010213001001,5
150010213001002,5
150010213001003,5
150010213001004,5
150010213001005,5
150010213001006,5
150010213001007,5
150010213001008,5
150010213001009,5
150010213001010,5
150010213001011,5
150010213001012,5
150010213001013,5
150010213001014,5
150010213001015,5
150010213001016,5
150010213001017,5
150010213001018,5
150010213001019,5
150010213001020,5
150010213001021,5
150010213001022,5
150010213001023,5
150010213001025,5
150010213001026,5
150010213001027,5
150010213003000,5
150010213003001,5
150010213003009,5
150010213003011,5
150010213003013,5
150010213003014,5
150010213003015,5
150010213003016,5
150010213003017,5
150010213003018,5
150010213003019,5
150010213003020,5
150010213003021,5
150010213003022,5
150010213003023,5
150010213003024,5
150010213003025,5
150010213003026,5
150010213003027,5
150010213003028,5
150010213003029,5
150010213003030,5
150010213003031,5
150010213003032,5
150010213003033,5
150010213003034,5
150010213003035,5
150010213003038,5
150010213003039,5
150010213003040,5
150010213003041,5
150010213003042,5
150010213003043,5
150010213003044,5
150010213003045,5
150010213003046,5
150010213003047,5
150010213003048,5
150010213003049,5
150010213003050,5
150010213003051,5
150010213003052,5
150010213003053,5
150010213003054,5
150010213003055,5
150010213003056,5
150010213003057,5
150010213003058,5
150010213003059,5
150010213003060,5
150010214022000,5
150010214022001,5
150010214022002,5
150010214022003,5
150010214022004,5
150010214022007,5
150010214022008,5
150010214022009,5
150010214022010,5
150010214022011,5
150010214022015,5
150010215021016,5
150010215021017,5
150010215021018,5
150010215021021,5
150010217062097,5
150010220001133,5
150010220001134,5
150010220001135,5
150010220001136,5
150010220001137,5
150010220001138,5
150010220001139,5
150010220001140,5
150010220001141,5
150010220001146,5
150010220001147,5
150010220001154,5
150010221021119,5
150010221021120,5
150010221021121,5
150010221021123,5
150010221021124,5
150010221021125,5
150010221021126,5
150010221021127,5
150010221021132,5
150010221021133,5
150010221021134,5
150010221021135,5
150010221021136,5
150010221021137,5
150010221021138,5
150010221021139,5
150010221021140,5
150010213001024,6
150010213003002,6
150010213003003,6
150010213003004,6
150010213003005,6
150010213003006,6
150010213003007,6
150010213003008,6
150010213003010,6
150010213003012,6
150010213003036,6
150010213003037,6
150010214022005,6
150010214022006,6
150010214022012,6
150010214022013,6
150010214022014,6
150010215021000,6
150010215021001,6
150010215021002,6
150010215021003,6
150010215021004,6
150010215021005,6
150010215021006,6
150010215021007,6
150010215021008,6
150010215021009,6
150010215021010,6
150010215021011,6
150010215021012,6
150010215021013,6
150010215021014,6
150010215021015,6
150010215021020,6
150010216053021,6
150010216053022,6
150010215021019,7
150010216053000,7
150010216053001,7
150010216053002,7
150010216053003,7
150010216053004,7
150010216053005,7
150010216053006,7
150010216053007,7
150010216053008,7
150010216053009,7
150010216053010,7
150010216053011,7
150010216053012,7
150010216053013,7
150010216053014,7
150010216053015,7
150010216053016,7
150010216053017,7
150010216053018,7
150010216053019,7
150010216053020,7
150010217062078,7
150010217062079,7
150010217062080,7
150010217062081,7
150010217062082,7
150010217062083,7
150010217062084,7
150010217062085,7
150010217062086,7
150010217062087,7
150010217062092,7
150010217062093,7
150010217062094,7
150010217062095,7
150010217062096,7
150010217071016,7
150010217081000,7
150010217081001,7
150010217081002,7
150010217081003,7
150010217081004,7
150010217081009,7
150010217081015,7
150010217081016,7
150010217081017,7
150010217081023,7
150010217081024,7
150010217081025,7
150010217081026,7
150010217081027,7
150010217081028,7
150010217081029,7
150010217081030,7
150010217081031,7
150010217081032,7
150010217081033,7
150010217081034,7
150010217081035,7
150010217081036,7
150010217081037,7
150010217081038,7
150010217081039,7
150010217081040,7
150010217081041,7
150010217081042,7
150010217081043,7
150010217081044,7
150010217081045,7
150010217081046,7
150010217081047,7
150010217081048,7
150010217081049,7
150010217081051,7
150010217083005,7
150010217083006,7
150010217083007,7
150010217083008,7
150010217083009,7
150010217083010,7
150010217083011,7
150010217083012,7
150010217083013,7
150010217083014,7
150010217083015,7
150010217083016,7
150010220001000,7
150010220001001,7
150010220001002,7
150010220001003,7
150010220001006,7
150010220001007,7
150010220001009,7
150010220001109,7
150010220001110,7
150010220001111,7
150010220001112,7
150010220001113,7
150010220001114,7
150010220001115,7
150010220001116,7
150010220001117,7
150010220001118,7
150010220001119,7
150010220001120,7
150010220001122,7
150010220001123,7
150010220001124,7
150010220001125,7
150010220001126,7
150010220001127,7
150010220001128,7
150010220001129,7
150010220001130,7
150010220001131,7
150010220001132,7
150010220001143,7
150010220001144,7
150010220001145,7
150010220001148,7
150010220001149,7
150010220001150,7
150010220001151,7
150010220001152,7
150010220001153,7
150010217062000,8
150010217062001,8
150010217062002,8
150010217062003,8
150010217062004,8
150010217062005,8
150010217062006,8
150010217062007,8
150010217062008,8
150010217062009,8
150010217062010,8
150010217062011,8
150010217062012,8
150010217062013,8
150010217062014,8
150010217062015,8
150010217062016,8
150010217062017,8
150010217062018,8
150010217062019,8
150010217062020,8
150010217062021,8
150010217062022,8
150010217062023,8
150010217062024,8
150010217062025,8
150010217062026,8
150010217062027,8
150010217062028,8
150010217062029,8
150010217062030,8
150010217062031,8
150010217062032,8
150010217062033,8
150010217062034,8
150010217062035,8
150010217062036,8
150010217062037,8
150010217062038,8
150010217062039,8
150010217062040,8
150010217062041,8
150010217062042,8
150010217062043,8
150010217062044,8
150010217062045,8
150010217062046,8
150010217062047,8
150010217062048,8
150010217062049,8
150010217062050,8
150010217062051,8
150010217062052,8
150010217062053,8
150010217062054,8
150010217062055,8
150010217062056,8
150010217062057,8
150010217062058,8
150010217062059,8
150010217062060,8
150010217062061,8
150010217062062,8
150010217062063,8
150010217062064,8
150010217062065,8
150010217062066,8
150010217062067,8
150010217062068,8
150010217062069,8
150010217062070,8
150010217062071,8
150010217062072,8
150010217062073,8
150010217062074,8
150010217062075,8
150010217062076,8
150010217062077,8
150010217062088,8
150010217062089,8
150010217062090,8
150010217062091,8
150010217062098,8
150010217071000,8
150010217071001,8
150010217071002,8
150010217071003,8
150010217071004,8
150010217071005,8
150010217071006,8
150010217071007,8
150010217071008,8
150010217071009,8
150010217071010,8
150010217071011,8
150010217071012,8
150010217071013,8
150010217071014,8
150010217071015,8
150010217081005,8
150010217081006,8
150010217081007,8
150010217081008,8
150010217081010,8
150010217081011,8
150010217081012,8
150010217081013,8
150010217081014,8
150010217081018,8
150010217081019,8
150010217081020,8
150010217081021,8
150010217081022,8
150010217081050,8
150010217083000,8
150010217083001,8
150010217083002,8
150010217083003,8
150010217083004,8
150010219021000,8
150010219021055,8
150010219021056,8
150010219021077,8
150010219021078,8
150010219021079,8
150010219021080,8
150010219021081,8
150010219021095,8
150010219021096,8
150010219021097,8
150010219021098,8
150010219021099,8
150010219021100,8
150010219021101,8
150010219021102,8
150010219021103,8
150010219021104,8
150010219021105,8
150010219021106,8
150010220001099,8
150010220001100,8
150010220001101,8
150010220001102,8
150010220001103,8
150010220001104,8
150010220001107,8
150010220001108,8
150090310022000,9
150090310022004,9
150090311063000,9
150090311063001,9
150090311063004,9
150090311063005,9
150090319001000,9
150090319001001,9
150090319001002,9
150090319001003,9
150090319001004,9
150090319001005,9
150090319001006,9
150090319001007,9
150090319001008,9
150090319001009,9
150090319001010,9
150090319001011,9
150090319001012,9
150090319001013,9
150090319001014,9
150090319001015,9
150090319001016,9
150090319001017,9
150090319001018,9
150090319001019,9
150090319001020,9
150090319001021,9
150090319001022,9
150090319001031,9
150090319001032,9
150090319001033,9
150090319001037,9
150090319001038,9
150090319001043,9
150090319001044,9
150090319001045,9
150090319001053,9
150090319001054,9
150090319001058,9
150090319001060,9
150090319001061,9
150090319001062,9
150090319001063,9
150090319001064,9
150090319001065,9
150090319001066,9
150090319001067,9
150090319001068,9
150090319001069,9
150090319001070,9
150090319001071,9
150090319001072,9
150090319001073,9
150090319001074,9
150090319001075,9
150090319001076,9
150090319001077,9
150090319001078,9
150090319001079,9
150090319001080,9
150090319001081,9
150090319001082,9
150090319001083,9
150090319001084,9
150090319001085,9
150090319001086,9
150090319001087,9
150090319001088,9
150090319001089,9
150090319001090,9
150090319001091,9
150090319001092,9
150090319001093,9
150090319001094,9
150090319001095,9
150090319001096,9
150090319001097,9
150090319001098,9
150090319001099,9
150090319001100,9
150090319001101,9
150090319001102,9
150090319001103,9
150090319001104,9
150090319001105,9
150090319001106,9
150090319001107,9
150090319001108,9
150090319001109,9
150090319001110,9
150090319001111,9
150090319001112,9
150090319001113,9
150090319001114,9
150090319001115,9
150090319001116,9
150090319001117,9
150090319001118,9
150090319001119,9
150090319001120,9
150090319001121,9
150090320001032,9
150090308001021,10
150090308002000,10
150090308002001,10
150090308002002,10
150090308002003,10
150090308002004,10
150090308002005,10
150090308002009,10
150090308002010,10
150090309033000,10
150090309033001,10
150090309033002,10
150090309033003,10
150090309033004,10
150090309033009,10
150090309033010,10
150090309033011,10
150090309033012,10
150090309033013,10
150090309033014,10
150090309033015,10
150090309033016,10
150090309033017,10
150090309033018,10
150090309033019,10
150090309033020,10
150090309033021,10
150090309033022,10
150090309033023,10
150090309033024,10
150090310022001,10
150090310022002,10
150090310022003,10
150090310022005,10
150090310022006,10
150090310022007,10
150090310022008,10
150090310022009,10
150090310022010,10
150090310022011,10
150090311063002,10
150090311063003,10
150090303053004,11
150090303053018,11
150090303053023,11
150090303053024,11
150090303053025,11
150090303061000,11
150090303061001,11
150090303061002,11
150090303061003,11
150090303061004,11
150090303061005,11
150090303061006,11
150090303061007,11
150090303061008,11
150090303061009,11
150090303061010,11
150090303061011,11
150090303061014,11
150090303061015,11
150090307051000,11
150090307051001,11
150090307051002,11
150090307051003,11
150090307051004,11
150090307051005,11
150090307051006,11
150090307051007,11
150090307051014,11
150090307051015,11
150090307051016,11
150090307061000,11
150090307061001,11
150090307061003,11
150090307061004,11
150090307061005,11
150090307061006,11
150090307061007,11
150090307061008,11
150090307061009,11
150090307061010,11
150090307061011,11
150090307061012,11
150090320001027,11
150090320001028,11
150090320001029,11
150090320001030,11
150090320001031,11
150090320001041,11
150099902000004,11
150099902000005,11
150099902000006,11
150099902000007,11
150099902000026,11
150099902000027,11
150099902000028,11
150099902000029,11
150099902000030,11
150090301001053,12
150090301001090,12
150090301001091,12
150090301001092,12
150090301001093,12
150090301001099,12
150090301001100,12
150090301001101,12
150090301001102,12
150090302011021,12
150090303053000,12
150090303053001,12
150090303053002,12
150090303053003,12
150090303053005,12
150090303053006,12
150090303053007,12
150090303053008,12
150090303053009,12
150090303053010,12
150090303053011,12
150090303053012,12
150090303053013,12
150090303053014,12
150090303053015,12
150090303053016,12
150090303053017,12
150090303053019,12
150090303053020,12
150090303053021,12
150090303053022,12
150090303053026,12
150090303053027,12
150090303053028,12
150090303053029,12
150090303053030,12
150090303061012,12
150090303061013,12
150090304041000,12
150090304041001,12
150090304041002,12
150090304041003,12
150090304041004,12
150090304041005,12
150090304041006,12
150090304041007,12
150090304041008,12
150090304041009,12
150090304041012,12
150090304041013,12
150090304041014,12
150090304041015,12
150090304041016,12
150090304041017,12
150090304041019,12
150090304041020,12
150090304041021,12
150090305011000,12
150090305011009,12
150090305011023,12
150090305011026,12
150090307051008,12
150090307051009,12
150090307051010,12
150090307051011,12
150090307051012,12
150090307051013,12
150090307051017,12
150090307051018,12
150090307051019,12
150090307051020,12
150090307051021,12
150090319001055,12
150090319001056,12
150090319001057,12
150090301001000,13
150090301001001,13
150090301001002,13
150090301001003,13
150090301001004,13
150090301001005,13
150090301001006,13
150090301001007,13
150090301001008,13
150090301001009,13
150090301001010,13
150090301001011,13
150090301001012,13
150090301001013,13
150090301001014,13
150090301001015,13
150090301001016,13
150090301001017,13
150090301001018,13
150090301001019,13
150090301001020,13
150090301001021,13
150090301001022,13
150090301001023,13
150090301001024,13
150090301001025,13
150090301001026,13
150090301001027,13
150090301001028,13
150090301001029,13
150090301001030,13
150090301001031,13
150090301001032,13
150090301001033,13
150090301001034,13
150090301001035,13
150090301001036,13
150090301001037,13
150090301001038,13
150090301001039,13
150090301001040,13
150090301001041,13
150090301001042,13
150090301001043,13
150090301001044,13
150090301001045,13
150090301001046,13
150090301001047,13
150090301001048,13
150090301001049,13
150090301001050,13
150090301001051,13
150090301001052,13
150090301001054,13
150090301001055,13
150090301001056,13
150090301001057,13
150090301001058,13
150090301001059,13
150090301001060,13
150090301001061,13
150090301001062,13
150090301001063,13
150090301001064,13
150090301001065,13
150090301001066,13
150090301001067,13
150090301001068,13
150090301001069,13
150090301001070,13
150090301001071,13
150090301001072,13
150090301001073,13
150090301001074,13
150090301001075,13
150090301001076,13
150090301001077,13
150090301001078,13
150090301001079,13
150090301001080,13
150090301001081,13
150090301001082,13
150090301001083,13
150090301001084,13
150090301001085,13
150090301001086,13
150090301001087,13
150090301001088,13
150090301001089,13
150090301001094,13
150090301001095,13
150090301001096,13
150090301001097,13
150090301001098,13
150090301001103,13
150090301001104,13
150090301001105,13
150090301001106,13
150090301001107,13
150090301001108,13
150090301001109,13
150090301001110,13
150090301001111,13
150090301001112,13
150090301001113,13
150090301001114,13
150090301001115,13
150090301001116,13
150090301001117,13
150090301001118,13
150090301001119,13
150090301001120,13
150090301001121,13
150090301001122,13
150090301001123,13
150090301001124,13
150090301001125,13
150090302011000,13
150090302011001,13
150090302011002,13
150090302011003,13
150090302011004,13
150090302011005,13
150090302011006,13
150090302011007,13
150090302011008,13
150090302011009,13
150090302011010,13
150090302011011,13
150090302011012,13
150090302011013,13
150090302011014,13
150090302011015,13
150090302011016,13
150090302011017,13
150090302011018,13
150090302011019,13
150090302011020,13
150090302011022,13
150090302011023,13
150090302011024,13
150090302011025,13
150090302011026,13
150090302011027,13
150090302011028,13
150090302011029,13
150090302011030,13
150090302011031,13
150090302011032,13
150090302011033,13
150090302011034,13
150090304041010,13
150090304041011,13
150090304041018,13
150090305011001,13
150090305011002,13
150090305011003,13
150090305011004,13
150090305011005,13
150090305011006,13
150090305011007,13
150090305011008,13
150090305011010,13
150090305011011,13
150090305011012,13
150090305011013,13
150090305011014,13
150090305011015,13
150090305011016,13
150090305011017,13
150090305011018,13
150090305011019,13
150090305011020,13
150090305011021,13
150090305011022,13
150090305011024,13
150090305011025,13
150090305011027,13
150090305011028,13
150090319001023,13
150090319001024,13
150090319001025,13
150090319001026,13
150090319001027,13
150090319001028,13
150090319001029,13
150090319001030,13
150090319001034,13
150090319001035,13
150090319001036,13
150090319001039,13
150090319001040,13
150090319001041,13
150090319001042,13
150090319001046,13
150090319001047,13
150090319001048,13
150090319001049,13
150090319001050,13
150090319001051,13
150090319001052,13
150090319001059,13
150099902000001,13
150099902000002,13
150099902000003,13
150099902000011,13
150099902000012,13
150099902000013,13
150099902000014,13
150099902000015,13
150099902000016,13
150099902000017,13
150099902000018,13
150099902000019,13
150099902000020,13
150099902000021,13
150099902000022,13
150099902000023,13
150099902000024,13
150099902000025,13
150099902000032,13
150090307061002,14
150090308001000,14
150090308001001,14
150090308001002,14
150090308001003,14
150090308001004,14
150090308001005,14
150090308001006,14
150090308001007,14
150090308001008,14
150090308001009,14
150090308001010,14
150090308001011,14
150090308001012,14
150090308001013,14
150090308001014,14
150090308001015,14
150090308001016,14
150090308001017,14
150090308001018,14
150090308001019,14
150090308001020,14
150090308001022,14
150090308001023,14
150090308001024,14
150090308001025,14
150090308001026,14
150090308002006,14
150090308002007,14
150090308002008,14
150090308002011,14
150090309033005,14
150090309033006,14
150090309033007,14
150090309033008,14
150090320001000,14
150090320001001,14
150090320001002,14
150090320001003,14
150090320001004,14
150090320001005,14
150090320001006,14
150090320001007,14
150090320001008,14
150090320001009,14
150090320001010,14
150090320001011,14
150090320001012,14
150090320001013,14
150090320001014,14
150090320001015,14
150090320001016,14
150090320001017,14
150090320001018,14
150090320001019,14
150090320001020,14
150090320001021,14
150090320001022,14
150090320001023,14
150090320001024,14
150090320001025,14
150090320001026,14
150090320001033,14
150090320001034,14
150090320001035,14
150090320001036,14
150090320001037,14
150090320001038,14
150090320001039,14
150090320001040,14
150090320001042,14
150090320001043,14
150090320001044,14
150090320001045,14
150090320001046,14
150099902000008,14
150099902000009,14
150099902000010,14
150099902000031,14
150070402041005,15
150070402041006,15
150070402041007,15
150070402041011,15
150070402053000,15
150070402053001,15
150070402053002,15
150070402053003,15
150070402053004,15
150070402053005,15
150070402053011,15
150070402053014,15
150070402053015,15
150070402053016,15
150079400001000,15
150079400001001,15
150079400001002,15
150079400001003,15
150079400001004,15
150079400001005,15
150079400001006,15
150079400001007,15
150079400001008,15
150079400001009,15
150079400001010,15
150079400001011,15
150079400001012,15
150079400001013,15
150079400001014,15
150079400001015,15
150079400001016,15
150079400001017,15
150079400001018,15
150079400001020,15
150079400001021,15
150079400001022,15
150079400001023,15
150079400001024,15
150079400001025,15
150079400001026,15
150079400001027,15
150079400001028,15
150079400001029,15
150079400001030,15
150079400001033,15
150079400001034,15
150079400001035,15
150079400001036,15
150079400001037,15
150079400001038,15
150079400001039,15
150079400001040,15
150079400001041,15
150079400001042,15
150079400001043,15
150079400001044,15
150079400001045,15
150079400001046,15
150079400001047,15
150079400001048,15
150079400001049,15
150079400001050,15
150079400001051,15
150079400001052,15
150079400001053,15
150079400001054,15
150079400001055,15
150079400001056,15
150079400001057,15
150079400001058,15
150079400001059,15
150079400001060,15
150079400001061,15
150079400001062,15
150079400001063,15
150079400001064,15
150079400001065,15
150079400001066,15
150079400001067,15
150079400001068,15
150079400001069,15
150079400001070,15
150079400001071,15
150079400001072,15
150079400001073,15
150079400001074,15
150079400001075,15
150079400001076,15
150079400001077,15
150079400001078,15
150079400001079,15
150079400001080,15
150079400001081,15
150079400001082,15
150079400001083,15
150079400001084,15
150079400001085,15
150079400001086,15
150079400001087,15
150079400001088,15
150079400001089,15
150079400001090,15
150079400001091,15
150079400001092,15
150079400001093,15
150079400001094,15
150079901000006,15
150079901000007,15
150079901000008,15
150079901000009,15
150079901000010,15
150079901000011,15
150079901000012,15
150079901000013,15
150070402041000,16
150070402041001,16
150070402041002,16
150070402041003,16
150070402041004,16
150070402041008,16
150070402041009,16
150070402041010,16
150070402041012,16
150070402041013,16
150070402041014,16
150070402041015,16
150070402041016,16
150070402041017,16
150070402041018,16
150070402041019,16
150070402041020,16
150070402041021,16
150070402053006,16
150070402053007,16
150070402053008,16
150070402053009,16
150070402053010,16
150070402053012,16
150070402053013,16
150070406032004,16
150070406032005,16
150070406041002,16
150070406041003,16
150070406041004,16
150070406041005,16
150070406041009,16
150070407011009,16
150070407011013,16
150070407011014,16
150070407011015,16
150070407011019,16
150079400001019,16
150079400001031,16
150079400001032,16
150079901000001,16
150079901000002,16
150079901000003,16
150079901000004,16
150079901000005,16
150079901000019,16
150079901000020,16
150070406032000,17
150070406032001,17
150070406032002,17
150070406032003,17
150070406032006,17
150070406032007,17
150070406032008,17
150070406032009,17
150070406032010,17
150070406032011,17
150070406032012,17
150070406032013,17
150070406032014,17
150070406032015,17
150070406032016,17
150070406032017,17
150070406032018,17
150070406032019,17
150070406032020,17
150070406032021,17
150070406032022,17
150070406032023,17
150070406032024,17
150070406032025,17
150070406032026,17
150070406032027,17
150070406032028,17
150070406032029,17
150070406032030,17
150070406032031,17
150070406032032,17
150070406032033,17
150070406032034,17
150070406032035,17
150070406032036,17
150070406032037,17
150070406032038,17
150070406032039,17
150070406032040,17
150070406032041,17
150070406032042,17
150070406032043,17
150070406032044,17
150070406032045,17
150070406032046,17
150070406032047,17
150070406032048,17
150070406032049,17
150070406032050,17
150070406041000,17
150070406041001,17
150070406041006,17
150070406041007,17
150070406041008,17
150070406041010,17
150070406041011,17
150070406041012,17
150070406041013,17
150070406041014,17
150070406041015,17
150070406041016,17
150070406041017,17
150070406041018,17
150070406041019,17
150070406041020,17
150070406041021,17
150070406041022,17
150070406041023,17
150070406041024,17
150070407011000,17
150070407011001,17
150070407011002,17
150070407011003,17
150070407011004,17
150070407011005,17
150070407011006,17
150070407011007,17
150070407011008,17
150070407011010,17
150070407011011,17
150070407011012,17
150070407011016,17
150070407011017,17
150070407011018,17
150070407011020,17
150070407011021,17
150070407011022,17
150070407011023,17
150070407011024,17
150070407011025,17
150070407011026,17
150070407011027,17
150070407011028,17
150070407011029,17
150079901000014,17
150079901000015,17
150079901000016,17
150079901000017,17
150079901000018,17
150030001081000,18
150030001081001,18
150030001081002,18
150030001081003,18
150030001081004,18
150030001081005,18
150030001102000,18
150030001102001,18
150030001102002,18
150030001102003,18
150030001102004,18
150030001102005,18
150030001102006,18
150030001102007,18
150030001102008,18
150030001102009,18
150030001102010,18
150030001102011,18
150030001102012,18
150030001102013,18
150030001102014,18
150039900010036,18
150039900010037,18
150039900010038,18
150039900010039,18
150030001081006,19
150030001081007,19
150030005001002,19
150030005001003,19
150030005001004,19
150030005001005,19
150030005001010,19
150030005001011,19
150030005001012,19
150030009012000,19
150030009012001,19
150030009012002,19
150030009012004,19
150030009012005,19
150030009012006,19
150030009012007,19
150030009031000,19
150030009031001,19
150030009031008,19
150039900010033,19
150039900010034,19
150039900010035,19
150039900010047,19
150030005001000,20
150030005001001,20
150030005001006,20
150030005001007,20
150030005001008,20
150030005001009,20
150030008001000,20
150030008001001,20
150030008001002,20
150030008001009,20
150030008001010,20
150030008001011,20
150030008001015,20
150030009012003,20
150030009031009,20
150030013003009,20
150030013004000,20
150030013004001,20
150030021011001,20
150030021011002,20
150030021011003,20
150030021011004,20
150030021011005,20
150039900010031,20
150039900010032,20
150039900010042,20
150030008001003,21
150030008001004,21
150030008001005,21
150030008001006,21
150030008001007,21
150030008001008,21
150030008001012,21
150030008001013,21
150030008001014,21
150030009031002,21
150030009031003,21
150030009031004,21
150030009031005,21
150030009031006,21
150030009031007,21
150030013003003,21
150030013003004,21
150030013003005,21
150030013003006,21
150030013003007,21
150030013004002,21
150030013004003,21
150030013004004,21
150030013004005,21
150030013004006,21
150030013004007,21
150030013004008,21
150030013004009,21
150030013004010,21
150030028021000,21
150030013003000,22
150030013003001,22
150030013003002,22
150030013003008,22
150030013003010,22
150030021022003,22
150030021022004,22
150030023011000,22
150030023011001,22
150030023011002,22
150030023011003,22
150030026004004,22
150030026004007,22
150030028021001,22
150030116001000,22
150030116001001,22
150030116001002,22
150030116001006,22
150030021022000,23
150030021022001,23
150030021022002,23
150030021022005,23
150030021022006,23
150030021022007,23
150030021022008,23
150030021022009,23
150030021022010,23
150030023011004,23
150030023011005,23
150030025001000,23
150030025001001,23
150030025001002,23
150030025001003,23
150030025001004,23
150030025001005,23
150030025001006,23
150030025001007,23
150030025001008,23
150030025001009,23
150030025001010,23
150030025001011,23
150030025001012,23
150030025001013,23
150030025002000,23
150030025002001,23
150030025002002,23
150030025002003,23
150030025002004,23
150030025002005,23
150030025002006,23
150030025002007,23
150030026004000,23
150030026004001,23
150030026004002,23
150030026004003,23
150030026004005,23
150030026004006,23
150030036051005,23
150030036051006,23
150030036061000,23
150030037035007,23
150030021011000,24
150030025001014,24
150030025001015,24
150030025002008,24
150030025002009,24
150030034132005,25
150030034132006,25
150030035011002,25
150030035011003,25
150030035011004,25
150030035031000,25
150030035031001,25
150030035031006,25
150030035031007,25
150030035031008,25
150030036051000,25
150030036051001,25
150030036051002,25
150030036051003,25
150030036051004,25
150030036061001,25
150030036061002,25
150030036061003,25
150030036061004,25
150030036061005,25
150030036061006,25
150030036061007,25
150030036061008,25
150030036061009,25
150030036061010,25
150030036061011,25
150030036061012,25
150030036061013,25
150030037035000,25
150030037035001,25
150030037035002,25
150030037035003,25
150030037035004,25
150030037035005,25
150030037035006,25
150030037035008,25
150030037035009,25
150030037035010,25
150030038013000,25
150030038015000,25
150030038015001,25
150030038015002,25
150030038015003,25
150030038015004,25
150030038015005,25
150030038015006,25
150030038015007,25
150030038015008,25
150030038015009,25
150030038015010,25
150030038015011,25
150030038015012,25
150030038015013,25
150030038015015,25
150030038015016,25
150030038015017,25
150030038015018,25
150030038015019,25
150030039001000,25
150030039001001,25
150030039001002,25
150030039001003,25
150030039001004,25
150030039001005,25
150030039001006,25
150030039001007,25
150030039001008,25
150030039001009,25
150030039001010,25
150030039001011,25
150030039001012,25
150030039001013,25
150030039001014,25
150030039001015,25
150030039001016,25
150030039001017,25
150030039001020,25
150030039001021,25
150030040002000,25
150030040002010,25
150030040002011,25
150030040002012,25
150030040002013,25
150030041012005,25
150030042012001,25
150030042021000,25
150030042021001,25
150030042021003,25
150030042021004,25
150030042021005,25
150030042022005,25
150030042022006,25
150039900010030,25
150039900010043,25
150030034132000,26
150030034132001,26
150030034132002,26
150030034132003,26
150030034132004,26
150030035011000,26
150030035011001,26
150030035031002,26
150030035031003,26
150030035031004,26
150030035031005,26
150030041012000,26
150030041012001,26
150030041012002,26
150030041012003,26
150030041012004,26
150030041012006,26
150030043011000,26
150030043011004,26
150030043012001,26
150030043012002,26
150030043012003,26
150030043012005,26
150030043023004,26
150030043023006,26
150030044021000,26
150030044021004,26
150030044021005,26
150030044021006,26
150030044021007,26
150030044021010,26
150030044021011,26
150030044021012,26
150030044021013,26
150030116001003,26
150030116001004,26
150030116001005,26
150030116001007,26
150030042021002,27
150030042022000,27
150030042022007,27
150030043011001,27
150030043011002,27
150030043011003,27
150030043012000,27
150030043012004,27
150030043023000,27
150030043023001,27
150030043023002,27
150030043023003,27
150030043023005,27
150030044021001,27
150030044021002,27
150030044021003,27
150030044021008,27
150030044021009,27
150030048011007,27
150030048021004,27
150030048021005,27
150030048021006,27
150030048021007,27
150030048021008,27
150030048021009,27
150030048022002,27
150030048022003,27
150030048022004,27
150030048022005,27
150030051002005,27
150030053002004,27
150030053002005,27
150030038013001,28
150030038015014,28
150030039001018,28
150030039001019,28
150030040002001,28
150030040002002,28
150030040002003,28
150030040002004,28
150030040002005,28
150030040002006,28
150030040002007,28
150030040002008,28
150030040002009,28
150030042012000,28
150030042022001,28
150030042022002,28
150030042022003,28
150030042022004,28
150030048022000,28
150030048022001,28
150030048022006,28
150030048023000,28
150030048023006,28
150030051002000,28
150030051002001,28
150030051002002,28
150030051002003,28
150030051002004,28
150030051002006,28
150030051002007,28
150030051002008,28
150030051002009,28
150030053002000,28
150030053002001,28
150030053002002,28
150030053002003,28
150030053002006,28
150030053002007,28
150030056012000,28
150030056012001,28
150030056012002,28
150030056012003,28
150030056012006,28
150030056012007,28
150030056012008,28
150030056012009,28
150030056022001,28
150030056023000,28
150030056023001,28
150030056023002,28
150030056023011,28
150030056023012,28
150030056023013,28
150030056023014,28
150030056023015,28
150030056023016,28
150030056023017,28
150030056023018,28
150030057001000,28
150030057001001,28
150030057001002,28
150030057001003,28
150030057001004,28
150030057001005,28
150030057001012,28
150030057001013,28
150030057001014,28
150030057001017,28
150030057001018,28
150030057001019,28
150030057001020,28
150030057001021,28
150030057001022,28
150030057001023,28
150030057001024,28
150030057001025,28
150030057001026,28
150030057001027,28
150030057001028,28
150030057001029,28
150030057001030,28
150030057001031,28
150030057001032,28
150030057001033,28
150030057001034,28
150030057001035,28
150030057001036,28
150030057001037,28
150030057001038,28
150030057001039,28
150030057002006,28
150030057002007,28
150030057002008,28
150030057002009,28
150030048011000,29
150030048011001,29
150030048011002,29
150030048011003,29
150030048011004,29
150030048011005,29
150030048011006,29
150030048021000,29
150030048021001,29
150030048021002,29
150030048021003,29
150030048023001,29
150030048023002,29
150030048023003,29
150030048023004,29
150030048023005,29
150030048023007,29
150030062021000,29
150030062021001,29
150030062021002,29
150030062032000,29
150030062032001,29
150030056012004,30
150030056012005,30
150030056022000,30
150030056023003,30
150030056023004,30
150030056023005,30
150030056023006,30
150030056023007,30
150030056023008,30
150030056023009,30
150030056023010,30
150030057001006,30
150030057001007,30
150030057001008,30
150030057001009,30
150030057001010,30
150030057001011,30
150030057001015,30
150030057001016,30
150030057002000,30
150030057002001,30
150030057002002,30
150030057002003,30
150030057002004,30
150030057002005,30
150030057002010,30
150030057002011,30
150030062021003,30
150030070022014,30
150030070022015,30
150030074001071,30
150030074001072,30
150030074001073,30
150030074001074,30
150030074001087,30
150030074001098,30
150039813001026,30
150039813001027,30
150039813001028,30
150039900010028,30
150039900010029,30
150039900010044,30
150039900010045,30
150030067045019,31
150030068121000,31
150030068121001,31
150030068121002,31
150030068121003,31
150030068121004,31
150030068121005,31
150030068121007,31
150030068173005,31
150030070022000,31
150030070022001,31
150030070022002,31
150030070022003,31
150030070022004,31
150030070022005,31
150030070022006,31
150030070022007,31
150030070022008,31
150030070022009,31
150030070022010,31
150030070022011,31
150030070022012,31
150030070022013,31
150030074001000,31
150030074001001,31
150030074001002,31
150030074001003,31
150030074001004,31
150030074001005,31
150030074001006,31
150030074001007,31
150030074001008,31
150030074001009,31
150030074001010,31
150030074001011,31
150030074001012,31
150030074001013,31
150030074001014,31
150030074001015,31
150030074001016,31
150030074001017,31
150030074001018,31
150030074001019,31
150030074001020,31
150030074001021,31
150030074001022,31
150030074001023,31
150030074001024,31
150030074001025,31
150030074001026,31
150030074001027,31
150030074001028,31
150030074001029,31
150030074001030,31
150030074001031,31
150030074001032,31
150030074001033,31
150030074001034,31
150030074001035,31
150030074001036,31
150030074001037,31
150030074001038,31
150030074001047,31
150030074001048,31
150030074001049,31
150030074001050,31
150030074001051,31
150030074001052,31
150030074001053,31
150030074001054,31
150030074001055,31
150030074001056,31
150030074001057,31
150030074001058,31
150030074001059,31
150030074001060,31
150030074001061,31
150030074001062,31
150030074001063,31
150030074001064,31
150030074001065,31
150030074001066,31
150030074001067,31
150030074001068,31
150030074001069,31
150030074001070,31
150030074001075,31
150030074001076,31
150030074001077,31
150030074001078,31
150030074001079,31
150030074001080,31
150030074001081,31
150030074001082,31
150030074001083,31
150030074001084,31
150030074001085,31
150030074001086,31
150030074001088,31
150030074001089,31
150030074001090,31
150030074001091,31
150030074001092,31
150030074001093,31
150030074001094,31
150030074001095,31
150030074001096,31
150030074001097,31
150030074001099,31
150030074001100,31
150030074001101,31
150030074001102,31
150030075041004,31
150030075041005,31
150030075041006,31
150030075041007,31
150030075041008,31
150030075041009,31
150030075041011,31
150030075042000,31
150030075042001,31
150030075042003,31
150030075084000,31
150030077013009,31
150039813001000,31
150039813001001,31
150039813001002,31
150039813001003,31
150039813001004,31
150039813001005,31
150039813001006,31
150039813001007,31
150039813001008,31
150039813001009,31
150039813001010,31
150039813001011,31
150039813001012,31
150039813001013,31
150039813001014,31
150039813001015,31
150039813001016,31
150039813001017,31
150039813001018,31
150039813001019,31
150039813001020,31
150039813001021,31
150039813001022,31
150039813001023,31
150039813001024,31
150039813001025,31
150039820001024,31
150039820001025,31
150030062032002,32
150030067045000,32
150030067045001,32
150030067045002,32
150030067045003,32
150030067045004,32
150030067045005,32
150030067045006,32
150030067045007,32
150030067045008,32
150030067045009,32
150030067045010,32
150030067045011,32
150030067045012,32
150030067045013,32
150030067045014,32
150030067045015,32
150030067045016,32
150030067045017,32
150030067045018,32
150030068121006,32
150030068173000,32
150030068173001,32
150030068173002,32
150030068173003,32
150030068173004,32
150030068173006,32
150030074001039,32
150030074001040,32
150030074001041,32
150030074001042,32
150030074001043,32
150030074001044,32
150030074001045,32
150030074001046,32
150030075041000,32
150030075041001,32
150030075041002,32
150030075041003,32
150030075041010,32
150030075042002,32
150030075071013,32
150030075074000,32
150030075074002,32
150030075074003,32
150030075074004,32
150030075074005,32
150030075074006,32
150030075074007,32
150030075074008,32
150030075074009,32
150030075074010,32
150030075074011,32
150030075074012,32
150030075074013,32
150030075074014,32
150030075074015,32
150030075074016,32
150030075074017,32
150030075074018,32
150030075074019,32
150030075074022,32
150030075074023,32
150030075074024,32
150030075074025,32
150030075084001,32
150030075084002,32
150030075084003,32
150030075084004,32
150030075084005,32
150030075084006,32
150030075084007,32
150030077012000,32
150030077012001,32
150030077012002,32
150030077012003,32
150030077012004,32
150030077012005,32
150030077012006,32
150030077012007,32
150030077012008,32
150030077012009,32
150030077012010,32
150030077012011,32
150030077012012,32
150030077012013,32
150030077013000,32
150030077013001,32
150030077013002,32
150030077013003,32
150030077013004,32
150030077013005,32
150030077013006,32
150030077013007,32
150030077013008,32
150030077013010,32
150030077013011,32
150030077013012,32
150030077013013,32
150030077013014,32
150030077013015,32
150030077013016,32
150030077013017,32
150030077013018,32
150030077013019,32
150030077013020,32
150030077013021,32
150030077021000,32
150030077021001,32
150030077021002,32
150030077021003,32
150030077021012,32
150030077021013,32
150030078081000,32
150030078081001,32
150030078081002,32
150030078081003,32
150030078081004,32
150030078081014,32
150030078081015,32
150030078081016,32
150030078081017,32
150030078081018,32
150030078083000,32
150030078083002,32
150030078083003,32
150030078083004,32
150030078083005,32
150030078163002,32
150039820001000,32
150039820001001,32
150039820001002,32
150039820001003,32
150039820001004,32
150039820001005,32
150039820001006,32
150039820001007,32
150039820001008,32
150039820001009,32
150039820001010,32
150039820001011,32
150039820001012,32
150039820001013,32
150039820001014,32
150039820001015,32
150039820001016,32
150039820001017,32
150039820001018,32
150039820001019,32
150039820001020,32
150039820001021,32
150039820001022,32
150039820001023,32
150039820001026,32
150039820001027,32
150030075071000,33
150030075071001,33
150030075071002,33
150030075071003,33
150030075071004,33
150030075071005,33
150030075071006,33
150030075071007,33
150030075071008,33
150030075071009,33
150030075071010,33
150030075071011,33
150030075071012,33
150030075071014,33
150030075071015,33
150030075071016,33
150030075074001,33
150030075074020,33
150030075074021,33
150030077012014,33
150030077021004,33
150030077021005,33
150030077021006,33
150030077021007,33
150030077021008,33
150030077021009,33
150030077021010,33
150030077021011,33
150030078081005,33
150030078081006,33
150030078081007,33
150030078081008,33
150030078081009,33
150030078081010,33
150030078081011,33
150030078081012,33
150030078081013,33
150030078083001,33
150030078151000,33
150030078151001,33
150030078151002,33
150030078151003,33
150030078151004,33
150030078151005,33
150030078151006,33
150030078151007,33
150030078151008,33
150030078151011,33
150030078163000,33
150030078163001,33
150030078151009,34
150030078151010,34
150030080012000,34
150030080012001,34
150030080012002,34
150030080012008,34
150030080012009,34
150030080012010,34
150030080012011,34
150030080012012,34
150030080092004,34
150030080092005,34
150030080101000,34
150030080101006,34
150030080101007,34
150030080102000,34
150030080102001,34
150030080102002,34
150030080102005,34
150030080102006,34
150030080102007,34
150030080111009,34
150030080111010,34
150030080012003,35
150030080012004,35
150030080012005,35
150030080012006,35
150030080012007,35
150030080092000,35
150030080092001,35
150030080092002,35
150030080092003,35
150030080092006,35
150030080101001,35
150030080101002,35
150030080101003,35
150030080101004,35
150030080101005,35
150030080102003,35
150030080102004,35
150030080102008,35
150030080102009,35
150030080102010,35
150030080111000,35
150030080111001,35
150030080111002,35
150030080111003,35
150030080111004,35
150030080111005,35
150030080111006,35
150030080111007,35
150030080111008,35
150030080111011,35
150030080111012,35
150030080111013,35
150030080111014,35
150030080111015,35
150030080111016,35
150030080111017,35
150030087021008,35
150030087021011,35
150030087021012,35
150030087022002,35
150030087022003,35
150030087022004,35
150030087022005,35
150030087022006,35
150030087071000,35
150030087071001,35
150030087071005,35
150030087073000,35
150030087073001,35
150030087073002,35
150030087073003,35
150030089311000,35
150030089311001,35
150030089462000,35
150030089462001,35
150030089462004,35
150030089462005,35
150030089521000,35
150030089521001,35
150030089521002,35
150030089521003,35
150030089523007,35
150030089523008,35
150039822001000,35
150039822001001,35
150039822001002,35
150039822001003,35
150039822001004,35
150039822001005,35
150039822001006,35
150039822001007,35
150039822001008,35
150039822001009,35
150039822001010,35
150039822001011,35
150039822001012,35
150039822001013,35
150039822001015,35
150039822001017,35
150039822001018,35
150030087021000,36
150030087021001,36
150030087021002,36
150030087021003,36
150030087021004,36
150030087021005,36
150030087021006,36
150030087021007,36
150030087021009,36
150030087021010,36
150030087021013,36
150030087021014,36
150030087021015,36
150030087022000,36
150030087022001,36
150030087062002,36
150030087062003,36
150030087071002,36
150030087071003,36
150030087071004,36
150030087073004,36
150030087073005,36
150039822001014,36
150039822001016,36
150030089092000,37
150030089311002,37
150030089311003,37
150030089311004,37
150030089311005,37
150030089311006,37
150030089322001,37
150030089322002,37
150030089331000,37
150030089331001,37
150030089331002,37
150030089331003,37
150030089331004,37
150030089331005,37
150030089331006,37
150030089462002,37
150030089462003,37
150030089521005,37
150030089521006,37
150030089092001,38
150030089092002,38
150030089092003,38
150030089092004,38
150030089092005,38
150030089322000,38
150030089322003,38
150030089322004,38
150030089322005,38
150030089322006,38
150030089401000,38
150030089401001,38
150030089401008,38
150030089401009,38
150030089401010,38
150030086241000,39
150030086242000,39
150030086242001,39
150030086242002,39
150030086242003,39
150030086242004,39
150030086242005,39
150030086242006,39
150030086242007,39
150030086242008,39
150030086242010,39
150030086271016,39
150030086271017,39
150030086271018,39
150030086271019,39
150030086275001,39
150030086275002,39
150030086275003,39
150030086275004,39
150030086275005,39
150030086275006,39
150030086275007,39
150030086275008,39
150030086275009,39
150030086275011,39
150030086275012,39
150030086275013,39
150030086275014,39
150030086275015,39
150030086275016,39
150030086275017,39
150030086275018,39
150030086275020,39
150030086275021,39
150030086275022,39
150030086275024,39
150030087062000,39
150030087062001,39
150030087062004,39
150030087062005,39
150030087062006,39
150030087062007,39
150030089331007,39
150030089331008,39
150030089343005,39
150030089343006,39
150030089343007,39
150030089343008,39
150030089343009,39
150030089343010,39
150030089343011,39
150030089521004,39
150030089521007,39
150030089523000,39
150030089523001,39
150030089523002,39
150030089523003,39
150030089523004,39
150030089523005,39
150030089523006,39
150030089523009,39
150030089523010,39
150030089523011,39
150030089523012,39
150030084183001,40
150030084183002,40
150030084183003,40
150030086241001,40
150030086241002,40
150030086241003,40
150030086241004,40
150030086241005,40
150030086241006,40
150030086241007,40
150030086241008,40
150030086241009,40
150030086241010,40
150030086241011,40
150030086241012,40
150030086241013,40
150030086241014,40
150030086242009,40
150030086252000,40
150030086252001,40
150030086252002,40
150030086252003,40
150030086252004,40
150030086252012,40
150039900010016,40
150039900010017,40
150039900010025,40
150030084162000,41
150030084183000,41
150030084183004,41
150030084183005,41
150030085021000,41
150030085021001,41
150030085021002,41
150030085021003,41
150030085021004,41
150030085021005,41
150030085021006,41
150030085021007,41
150030085021008,41
150030085021009,41
150030085021010,41
150030085021011,41
150030085021012,41
150030085021013,41
150030085021014,41
150030085021015,41
150030085021016,41
150030085021017,41
150030085021018,41
150030085021019,41
150030085021020,41
150030085021021,41
150030085021022,41
150030085021023,41
150030085021024,41
150030085021025,41
150030085021026,41
150030085021027,41
150030085021028,41
150030085021029,41
150030085021030,41
150030085021031,41
150030085021032,41
150030085021033,41
150030085021034,41
150030085021035,41
150030085021036,41
150030085021037,41
150030085021038,41
150030085021039,41
150030085021040,41
150030085021041,41
150030085021042,41
150030085021043,41
150030085021044,41
150030085021045,41
150030085021046,41
150030085021047,41
150030085021048,41
150030085021049,41
150030085021050,41
150030085021051,41
150030085021052,41
150030085021053,41
150030085021054,41
150030085021055,41
150030085021056,41
150030085021057,41
150030085021058,41
150030085021059,41
150030085021060,41
150030085021061,41
150030085021062,41
150030085021063,41
150030085021064,41
150030085021065,41
150030085021067,41
150030085021068,41
150030085021069,41
150030085021070,41
150030085021071,41
150030085021072,41
150030085021073,41
150030085021074,41
150030085021075,41
150030085021076,41
150030085021077,41
150030085021078,41
150030085021079,41
150030085021080,41
150030085021081,41
150030085021082,41
150030085021083,41
150030085021084,41
150030085021085,41
150030085021086,41
150030085021087,41
150030085021088,41
150030085021089,41
150030085021090,41
150030085021091,41
150030085021092,41
150030085021093,41
150030085021094,41
150030085021095,41
150030085021096,41
150030085021097,41
150030085021098,41
150030085021099,41
150030085021100,41
150030085021101,41
150030085021102,41
150030085021103,41
150030085021104,41
150030085021105,41
150030085021106,41
150030085021107,41
150030085021108,41
150030085021109,41
150030085021110,41
150030085021111,41
150030085021112,41
150030085021113,41
150030085021114,41
150030085021115,41
150030085021116,41
150030085021117,41
150030086101000,41
150030086101001,41
150030086101002,41
150030086101003,41
150030086101004,41
150030086101005,41
150030086101006,41
150030086101007,41
150030086101011,41
150030086262023,41
150039900010012,41
150039900010013,41
150039900010014,41
150039900010015,41
150039900010026,41
150039900010027,41
150030084162001,42
150030084162002,42
150030084162003,42
150030085021066,42
150030086232000,42
150030086232001,42
150030086232002,42
150030086232003,42
150030086232004,42
150030086232005,42
150030086232006,42
150030086232007,42
150030086234000,42
150030086234003,42
150030086234004,42
150030086234005,42
150030086252005,42
150030086252006,42
150030086252007,42
150030086252008,42
150030086252009,42
150030086252010,42
150030086252011,42
150030086262000,42
150030086262001,42
150030086262002,42
150030086262003,42
150030086262004,42
150030086262005,42
150030086262006,42
150030086262007,42
150030086262008,42
150030086262009,42
150030086262010,42
150030086262011,42
150030086262012,42
150030086262013,42
150030086262014,42
150030086262015,42
150030086262016,42
150030086262017,42
150030086262018,42
150030086262019,42
150030086262020,42
150030086262021,42
150030086262022,42
150030086262024,42
150030086262025,42
150030086262026,42
150030086262027,42
150030086262028,42
150030086262029,42
150030086262030,42
150030086262031,42
150030086262032,42
150030086262033,42
150030086262034,42
150030086275010,42
150030086275019,42
150030086275025,42
150030115001000,42
150030115001001,42
150030115001002,42
150030115001005,42
150030086091010,43
150030086111006,43
150030086111007,43
150030086232008,43
150030086232009,43
150030086232010,43
150030086234001,43
150030086234002,43
150030086271020,43
150030086271021,43
150030086275000,43
150030086275023,43
150030115001003,43
150030115001004,43
150030086091000,44
150030086091001,44
150030086091002,44
150030086091003,44
150030086091004,44
150030086091005,44
150030086091006,44
150030086091007,44
150030086091008,44
150030086091009,44
150030086101008,44
150030086101009,44
150030086101010,44
150030086111000,44
150030086111001,44
150030086111002,44
150030086111003,44
150030086111004,44
150030086111005,44
150030096082054,44
150030096082055,44
150030096082056,44
150030096082058,44
150030096082061,44
150030096082062,44
150030096082063,44
150030096082064,44
150030096082072,44
150030096082073,44
150030096082074,44
150030096082075,44
150030096101000,44
150030096101002,44
150030096101003,44
150030096101004,44
150030096103000,44
150030096103001,44
150030096103002,44
150030096103003,44
150030096103004,44
150030096103005,44
150030096103007,44
150030096103008,44
150039900010010,44
150039900010011,44
150030096082000,45
150030096082001,45
150030096082002,45
150030096082003,45
150030096082004,45
150030096082005,45
150030096082006,45
150030096082007,45
150030096082008,45
150030096082009,45
150030096082010,45
150030096082011,45
150030096082012,45
150030096082013,45
150030096082014,45
150030096082015,45
150030096082016,45
150030096082017,45
150030096082018,45
150030096082019,45
150030096082020,45
150030096082021,45
150030096082022,45
150030096082023,45
150030096082024,45
150030096082025,45
150030096082026,45
150030096082027,45
150030096082028,45
150030096082029,45
150030096082030,45
150030096082031,45
150030096082032,45
150030096082033,45
150030096082034,45
150030096082035,45
150030096082036,45
150030096082037,45
150030096082038,45
150030096082039,45
150030096082040,45
150030096082041,45
150030096082042,45
150030096082043,45
150030096082044,45
150030096082045,45
150030096082046,45
150030096082047,45
150030096082048,45
150030096082049,45
150030096082050,45
150030096082051,45
150030096082052,45
150030096082053,45
150030096082057,45
150030096082059,45
150030096082060,45
150030096082065,45
150030096082066,45
150030096082067,45
150030096082068,45
150030096082069,45
150030096082070,45
150030096082071,45
150030096082076,45
150030096082077,45
150030096082078,45
150030096082079,45
150030096082080,45
150030096082081,45
150030096082082,45
150030096082083,45
150030096082084,45
150030096082085,45
150030096082086,45
150030096082087,45
150030096082088,45
150030096082089,45
150030096082090,45
150030096082091,45
150030096082092,45
150030096082093,45
150030096082094,45
150030096082095,45
150030096082096,45
150030096101001,45
150030096103006,45
150039900010009,45
150030086271000,46
150030086271001,46
150030086271002,46
150030086271003,46
150030086271004,46
150030086271005,46
150030086271006,46
150030086271007,46
150030086271008,46
150030086271009,46
150030086271010,46
150030086271011,46
150030086271012,46
150030086271013,46
150030086271014,46
150030086271015,46
150030089343000,46
150030089343001,46
150030089343002,46
150030089343003,46
150030089343004,46
150030089401002,46
150030089401003,46
150030089401004,46
150030089401005,46
150030089401006,46
150030089401007,46
150030089401011,46
150030089401012,46
150030091002000,46
150030091002001,46
150030091002002,46
150030091002003,46
150030091002004,46
150030091002005,46
150030091002006,46
150030091002007,46
150030091002008,46
150030091002009,46
150030091002010,46
150030091002011,46
150030091002012,46
150030091002013,46
150030091002014,46
150030091002015,46
150030091002016,46
150030091002017,46
150030091002018,46
150030091002019,46
150030091002020,46
150030091002021,46
150030091002022,46
150030091002023,46
150030091002024,46
150030091002025,46
150030091002026,46
150030091002029,46
150030091002033,46
150030091002034,46
150030091002035,46
150030099051008,46
150030099051009,46
150030099051010,46
150030099051011,46
150030099051012,46
150030099051013,46
150030099051016,46
150030099051020,46
150030099051021,46
150030099051022,46
150030099051023,46
150030099051024,46
150030100002022,46
150039900010008,46
150030091002027,47
150030091002028,47
150030091002030,47
150030091002031,47
150030091002032,47
150030099051000,47
150030099051001,47
150030099051002,47
150030099051003,47
150030099051004,47
150030099051005,47
150030099051006,47
150030099051007,47
150030099051014,47
150030099051015,47
150030099051017,47
150030099051018,47
150030099051019,47
150030100002000,47
150030100002001,47
150030100002002,47
150030100002003,47
150030100002004,47
150030100002005,47
150030100002006,47
150030100002007,47
150030100002008,47
150030100002009,47
150030100002010,47
150030100002011,47
150030100002012,47
150030100002013,47
150030100002014,47
150030100002015,47
150030100002016,47
150030100002017,47
150030100002018,47
150030100002019,47
150030100002020,47
150030100002021,47
150030102051000,47
150030102051016,47
150030102051017,47
150030102051018,47
150030102051021,47
150030102051022,47
150039900010004,47
150039900010005,47
150039900010006,47
150039900010007,47
150039900010049,47
150030102051001,48
150030102051002,48
150030102051003,48
150030102051004,48
150030102051005,48
150030102051006,48
150030102051007,48
150030102051008,48
150030102051009,48
150030102051010,48
150030102051011,48
150030102051012,48
150030102051013,48
150030102051014,48
150030102051015,48
150030102051019,48
150030102051020,48
150030102051023,48
150030102051024,48
150030102051025,48
150030105071002,48
150030105071003,48
150030105101003,48
150039900010001,48
150039900010002,48
150039900010003,48
150039900010018,48
150039900010023,48
150039900010048,48
150030105071000,49
150030105071001,49
150030105101000,49
150030105101001,49
150030105101002,49
150030105101004,49
150030107013007,49
150030107021000,49
150030107021002,49
150030107021004,49
150030107021007,49
150030107021008,49
150030107023003,49
150030110001000,49
150030110001001,49
150030110001002,49
150030110001003,49
150030110001004,49
150030110001005,49
150030110001006,49
150030110001007,49
150030110001008,49
150030110001009,49
150030110001010,49
150030110001011,49
150030110001013,49
150030110001014,49
150030110001015,49
150030110001016,49
150030110001017,49
150030110001018,49
150030110001019,49
150030110001020,49
150030110001021,49
150030110001022,49
150030110001023,49
150030110002019,49
150030110002020,49
150039810001000,49
150030107013000,50
150030107013001,50
150030107013002,50
150030107013003,50
150030107013004,50
150030107013005,50
150030107013006,50
150030107013008,50
150030107021001,50
150030107021003,50
150030107021005,50
150030107021006,50
150030107023000,50
150030107023001,50
150030107023002,50
150030107023004,50
150030107023005,50
150030107023006,50
150030107023007,50
150030107023008,50
150030107023009,50
150030110001012,50
150030110002000,50
150030110002001,50
150030110002002,50
150030110002003,50
150030110002004,50
150030110002005,50
150030110002006,50
150030110002007,50
150030110002008,50
150030110002009,50
150030110002010,50
150030110002011,50
150030110002012,50
150030110002013,50
150030110002014,50
150030110002015,50
150030110002016,50
150030110002017,50
150030110002018,50
150030110002021,50
150030110002022,50
150030110002023,50
150030110002024,50
150030111031002,50
150030111031003,50
150030111031004,50
150030111031005,50
150030111031006,50
150030111031007,50
150030111031011,50
150030111031012,50
150030111051000,50
150030111051001,50
150030111051002,50
150030111051006,50
150030111051007,50
150030112013000,50
150030112013001,50
150039810001001,50
150039810001002,50
150039810001003,50
150039810001004,50
150039900010019,50
150039900010020,50
150039900010021,50
150039900010022,50
150039900010024,50
150039900010046,50
150030001102015,51
150030111031000,51
150030111031001,51
150030111031008,51
150030111031009,51
150030111031010,51
150030111031013,51
150030111031014,51
150030111031015,51
150030111051003,51
150030111051004,51
150030111051005,51
150030112013002,51
150030112013003,51
150030112013004,51
150030112013005,51
150039900010040,51
150039900010041,51
150039900010050,51