GEOID20,District
500219623004000,RUT-10
500219623004001,RUT-10
500219623004002,RUT-10
500219623004003,RUT-10
500219623004004,RUT-10
500219623004005,RUT-10
500219623004006,RUT-10
500219623004007,RUT-10
500219623004008,RUT-10
500219623004009,RUT-10
500219623004010,RUT-10
500219623004011,RUT-10
500219623004012,RUT-10
500219623004013,RUT-10
500219623004014,RUT-10
500219623004015,RUT-10
500219623004016,RUT-10
500219623004017,RUT-10
500219623004018,RUT-10
500219623004019,RUT-10
500219623004020,RUT-10
500219623004021,RUT-10
500219623004022,RUT-10
500219623004023,RUT-10
500219623004024,RUT-10
500219623004025,RUT-10
500219623004026,RUT-10
500219623004027,RUT-10
500219623004028,RUT-10
500219623004029,RUT-10
500219623004030,RUT-10
500219623004031,RUT-10
500219623004032,RUT-10
500219623004033,RUT-10
500219623004034,RUT-10
500219623004035,RUT-10
500219623004036,RUT-10
500219623004037,RUT-10
500219623004038,RUT-10
500219623004039,RUT-10
500219623004040,RUT-10
500219623004041,RUT-10
500219623004042,RUT-10
500019609002000,ADD-5
500019609002001,ADD-5
500019609002002,ADD-5
500019609002003,ADD-5
500019609002004,ADD-5
500019609002005,ADD-5
500019609002006,ADD-5
500019609002007,ADD-5
500019609002008,ADD-5
500019609002009,ADD-5
500019609002010,ADD-5
500019609002011,ADD-5
500019609002012,ADD-5
500019609002013,ADD-5
500019609002014,ADD-5
500019609002015,ADD-5
500019609002016,ADD-5
500019609002017,ADD-5
500019609002018,ADD-5
500019609002019,ADD-5
500019609002020,ADD-5
500019609002021,ADD-5
500019609002022,ADD-5
500019609002023,ADD-5
500019609002024,ADD-5
500019609002025,ADD-5
500019609002026,ADD-5
500019609002027,ADD-5
500019609002028,ADD-5
500019609002029,ADD-5
500019609002030,ADD-5
500019609002031,ADD-5
500019609002032,ADD-5
500019609002033,ADD-5
500019609002034,ADD-5
500019609002035,ADD-5
500019609002036,ADD-5
500019609002037,ADD-5
500019609002038,ADD-5
500019609002039,ADD-5
500019609002040,ADD-5
500019609002041,ADD-5
500019609002042,ADD-5
500019609002043,ADD-5
500019609002044,ADD-5
500019609002045,ADD-5
500019609002046,ADD-5
500019609002047,ADD-5
500019609002048,ADD-5
500019609002049,ADD-5
500019609002050,ADD-5
500019609002051,ADD-5
500019609002052,ADD-5
500019609002053,ADD-5
500019609002054,ADD-5
500019609002055,ADD-5
500019609002056,ADD-5
500019609002057,ADD-5
500019609002058,ADD-5
500019609002059,ADD-5
500019609002060,ADD-5
500019609002061,ADD-5
500019609002062,ADD-5
500019609002063,ADD-5
500019609002064,ADD-5
500019609002065,ADD-5
500019609002066,ADD-5
500019609002067,ADD-5
500019609002068,ADD-5
500019609002069,ADD-5
500019609002070,ADD-5
500019609002071,ADD-5
500019609002072,ADD-5
500019609002073,ADD-5
500019609002074,ADD-5
500019609002075,ADD-5
500019609002076,ADD-5
500019609002077,ADD-5
500019609002078,ADD-5
500019609002079,ADD-5
500019609002080,ADD-5
500019609002081,ADD-5
500019609002082,ADD-5
500019609002083,ADD-5
500019609002084,ADD-5
500019609002085,ADD-5
500019609002086,ADD-5
500019609002087,ADD-5
500019609002088,ADD-5
500019609002089,ADD-5
500019609002090,ADD-5
500019609002091,ADD-5
500019609002092,ADD-5
500019609002093,ADD-5
500019609002094,ADD-5
500019609002095,ADD-5
500019609002096,ADD-5
500019609002097,ADD-5
500019609002098,ADD-5
500019609002099,ADD-5
500019609002100,ADD-5
500019609002101,ADD-5
500019609002102,ADD-5
500019609002103,ADD-5
500019609002104,ADD-5
500019609002105,ADD-5
500019609002106,ADD-5
500019609002107,ADD-5
500019609002108,ADD-5
500019609002109,ADD-5
500019609002110,ADD-5
500019609002111,ADD-5
500019609002112,ADD-5
500019609002113,ADD-5
500019609002114,ADD-5
500019609002115,ADD-5
500019609002116,ADD-5
500019609002117,ADD-5
500019609002118,ADD-5
500019609002119,ADD-5
500019609002120,ADD-5
500019609002121,ADD-5
500019609002122,ADD-5
500019609002123,ADD-5
500019609002124,ADD-5
500019609002125,ADD-5
500019604003000,ADD-3
500019604003001,ADD-3
500019604003002,ADD-3
500019604003003,ADD-3
500019604003004,ADD-3
500019604003005,ADD-3
500019604003006,ADD-3
500019604003007,ADD-3
500019604003008,ADD-3
500019604003009,ADD-3
500019604003010,ADD-3
500019604003011,ADD-3
500019604003012,ADD-3
500019604003013,ADD-3
500019604003014,ADD-3
500019604003015,ADD-3
500019604003016,ADD-3
500019604003017,ADD-3
500019604003018,ADD-3
500019604003019,ADD-3
500019604003020,ADD-3
500019604003021,ADD-3
500019604003022,ADD-3
500019604003023,ADD-3
500019604003024,ADD-3
500019604003025,ADD-3
500019604003026,ADD-3
500019604003027,ADD-3
500019604003028,ADD-3
500019604003029,ADD-3
500019604003030,ADD-3
500019604003031,ADD-3
500019604003032,ADD-3
500019604003033,ADD-3
500019604003034,ADD-3
500019604003035,ADD-3
500019604003036,ADD-3
500019604003037,ADD-3
500019604003038,ADD-3
500019604003039,ADD-3
500019604003040,ADD-3
500019604003041,ADD-3
500019604003042,ADD-3
500019604003043,ADD-3
500019604003044,ADD-3
500019604003045,ADD-3
500019604003046,ADD-3
500019604003047,ADD-3
500019604003048,ADD-3
500019604003049,ADD-3
500019604003050,ADD-3
500019604003051,ADD-3
500019604003052,ADD-3
500019604003053,ADD-3
500019604003054,ADD-3
500019604003055,ADD-3
500019604003056,ADD-3
500019604003057,ADD-3
500019604003058,ADD-3
500019604003059,ADD-3
500019604003060,ADD-3
500019604003061,ADD-3
500019604003062,ADD-3
500019604003063,ADD-3
500019604003064,ADD-3
500019604003065,ADD-3
500019604003066,ADD-3
500019604003067,ADD-3
500019604003068,ADD-3
500019604003069,ADD-3
500019604003070,ADD-3
500019604003071,ADD-3
500019604003072,ADD-3
500019604003073,ADD-3
500019604003074,ADD-3
500019604003075,ADD-3
500019604003076,ADD-3
500019604003077,ADD-3
500019604003078,ADD-3
500019604003079,ADD-3
500019604003080,ADD-3
500019604003081,ADD-3
500019604003082,ADD-3
500019604003083,ADD-3
500019604003084,ADD-3
500019604003085,ADD-3
500019604003086,ADD-3
500019604003087,ADD-3
500019604003088,ADD-3
500019604003089,ADD-3
500019604003090,ADD-3
500019604003091,ADD-3
500019604003092,ADD-3
500019604003093,ADD-3
500019604003094,ADD-3
500019604003095,ADD-3
500019604003096,ADD-3
500019604003097,ADD-3
500019604003098,ADD-3
500019604003099,ADD-3
500019604003100,ADD-3
500019604003101,ADD-3
500019604003102,ADD-3
500019604003103,ADD-3
500019604003104,ADD-3
500019604003105,ADD-3
500019604003106,ADD-3
500019604003107,ADD-3
500019604003108,ADD-3
500019604003109,ADD-3
500019604003110,ADD-3
500019604003111,ADD-3
500019604003112,ADD-3
500019604003113,ADD-3
500019604003114,ADD-3
500019604003115,ADD-3
500019604003116,ADD-3
500239557001000,WAS-2
500239557001001,WAS-2
500239557001002,WAS-2
500239557001003,WAS-2
500239557001004,WAS-2
500239557001005,WAS-2
500239557001006,WAS-2
500239557001007,WAS-2
500239557001008,WAS-2
500239557001009,WAS-2
500239557001010,WAS-2
500239557001011,WAS-2
500239557001012,WAS-2
500239557001013,WAS-2
500239557001014,WAS-2
500239557001015,WAS-2
500239557001016,WAS-2
500239557001017,WAS-2
500239557001018,WAS-2
500239557001019,WAS-2
500239557001020,WAS-2
500239557001021,WAS-2
500239557001022,WAS-2
500239557001023,WAS-2
500239557001024,WAS-2
500239557001025,WAS-2
500239557001026,WAS-2
500239557001027,WAS-2
500239557001028,WAS-2
500239557001029,WAS-2
500239557001030,WAS-2
500239557001031,WAS-2
500239557001032,WAS-2
500239557001033,WAS-2
500239557001034,WAS-2
500239557001035,WAS-2
500239557001036,WAS-2
500239557001037,WAS-2
500239557001038,WAS-2
500239557001039,WAS-2
500239557001040,WAS-2
500239557001041,WAS-2
500239557001042,WAS-2
500239557001043,WAS-2
500239557001044,WAS-2
500239557002000,WAS-2
500239557002001,WAS-2
500239557002002,WAS-2
500239557002003,WAS-2
500239557002004,WAS-2
500239557002005,WAS-2
500239557002006,WAS-2
500239557002007,WAS-2
500239557002008,WAS-2
500239557002009,WAS-2
500239557002010,WAS-2
500239557002011,WAS-2
500239557002012,WAS-2
500239557002013,WAS-2
500239557002014,WAS-2
500239557002015,WAS-2
500239557002016,WAS-2
500239557002017,WAS-2
500239557002018,WAS-2
500239557002019,WAS-2
500239557002020,WAS-2
500239557002021,WAS-2
500239557002022,WAS-2
500239557002023,WAS-2
500239557002024,WAS-2
500239557002025,WAS-2
500239557002026,WAS-2
500239557002027,WAS-2
500239557002028,WAS-2
500239557002029,WAS-2
500239557002030,WAS-2
500239557002031,WAS-2
500239557002032,WAS-2
500239557002033,WAS-2
500239557002034,WAS-2
500239557002035,WAS-2
500239557002036,WAS-2
500239557002037,WAS-2
500239557002038,WAS-2
500239557002039,WAS-2
500239556001000,WAS-2
500239556001001,WAS-2
500239556001002,WAS-2
500239556001003,WAS-2
500239556001004,WAS-2
500239556001005,WAS-2
500239556001006,WAS-2
500239556001007,WAS-2
500239556001008,WAS-2
500239556001009,WAS-2
500239556001010,WAS-2
500239556001011,WAS-2
500239556001012,WAS-2
500239556001013,WAS-2
500239556001014,WAS-2
500239556001015,WAS-2
500239556001016,WAS-2
500239556001017,WAS-2
500239556001018,WAS-2
500239556001019,WAS-2
500239556001020,WAS-2
500239556001021,WAS-2
500239556001022,WAS-2
500239556001023,WAS-2
500239556001024,WAS-2
500239556001025,WAS-2
500239556001026,WAS-2
500239556001027,WAS-2
500239556001028,WAS-2
500239556001029,WAS-2
500239556001030,WAS-2
500239556001031,WAS-2
500239556001032,WAS-2
500239556001033,WAS-2
500239556001034,WAS-2
500239556001035,WAS-2
500239556001036,WAS-2
500239556001037,WAS-2
500239556001038,WAS-2
500239556001039,WAS-2
500239556001040,WAS-2
500239556001041,WAS-2
500239556001042,WAS-2
500239556001043,WAS-2
500239556001044,WAS-2
500239556001045,WAS-2
500239556001046,WAS-2
500239556001047,WAS-2
500239556001048,WAS-2
500239556001049,WAS-2
500239556001050,WAS-2
500239556002000,WAS-2
500239556002001,WAS-2
500239556002002,WAS-2
500239556002003,WAS-2
500239556002004,WAS-2
500239556002005,WAS-2
500239556002006,WAS-2
500239556002007,WAS-2
500239556002008,WAS-2
500239556002009,WAS-2
500239556002010,WAS-2
500239556002011,WAS-2
500239556002012,WAS-2
500239556002013,WAS-2
500239556002014,WAS-2
500239556002015,WAS-2
500239556002016,WAS-2
500239556002017,WAS-2
500239556002018,WAS-2
500239556002019,WAS-2
500239556002020,WAS-2
500239556002021,WAS-2
500239556002022,WAS-2
500239556002023,WAS-2
500239556002024,WAS-2
500239556002025,WAS-2
500239556002026,WAS-2
500239556002027,WAS-2
500239556002028,WAS-2
500239556002029,WAS-2
500239556002030,WAS-2
500239556002031,WAS-2
500239556002032,WAS-2
500239555022000,ORA-WAS-ADD
500239555022001,ORA-WAS-ADD
500239555022002,ORA-WAS-ADD
500239555022003,ORA-WAS-ADD
500239555022004,ORA-WAS-ADD
500239555022005,ORA-WAS-ADD
500239555022006,ORA-WAS-ADD
500239555022007,ORA-WAS-ADD
500239555022008,ORA-WAS-ADD
500239555022009,ORA-WAS-ADD
500239555022010,ORA-WAS-ADD
500239555022011,ORA-WAS-ADD
500239555022012,ORA-WAS-ADD
500239555022013,ORA-WAS-ADD
500239555022014,ORA-WAS-ADD
500239555022015,ORA-WAS-ADD
500239555022016,ORA-WAS-ADD
500239555022017,ORA-WAS-ADD
500239555022018,ORA-WAS-ADD
500239555022019,ORA-WAS-ADD
500239555022020,ORA-WAS-ADD
500239555022021,ORA-WAS-ADD
500239555022022,ORA-WAS-ADD
500239555022023,ORA-WAS-ADD
500239555022024,ORA-WAS-ADD
500239555022025,ORA-WAS-ADD
500239555022026,ORA-WAS-ADD
500239555022027,ORA-WAS-ADD
500239555022028,ORA-WAS-ADD
500239555022029,ORA-WAS-ADD
500239555022030,ORA-WAS-ADD
500239555022031,ORA-WAS-ADD
500239555022032,ORA-WAS-ADD
500239555022033,ORA-WAS-ADD
500239555022034,ORA-WAS-ADD
500239555022035,ORA-WAS-ADD
500239555022036,ORA-WAS-ADD
500239555022037,ORA-WAS-ADD
500239555022038,ORA-WAS-ADD
500239555022039,ORA-WAS-ADD
500239555022040,ORA-WAS-ADD
500239555022041,ORA-WAS-ADD
500239555022042,ORA-WAS-ADD
500239555022043,ORA-WAS-ADD
500239555022044,ORA-WAS-ADD
500239555022045,ORA-WAS-ADD
500239555022046,ORA-WAS-ADD
500239555022047,ORA-WAS-ADD
500239555022048,ORA-WAS-ADD
500239555022049,ORA-WAS-ADD
500239555022050,ORA-WAS-ADD
500159535001000,LAM-WAS
500159535001001,LAM-WAS
500159535001002,LAM-WAS
500159535001003,LAM-WAS
500159535001004,LAM-WAS
500159535001005,LAM-WAS
500159535001006,LAM-WAS
500159535001007,LAM-WAS
500159535001008,LAM-WAS
500159535001009,LAM-WAS
500159535001010,LAM-WAS
500159535001011,LAM-WAS
500159535001012,LAM-WAS
500159535001013,LAM-WAS
500159535001014,LAM-WAS
500159535001015,LAM-WAS
500159535001016,LAM-WAS
500159535001017,LAM-WAS
500159535001018,LAM-WAS
500159535001019,LAM-WAS
500159535001020,LAM-WAS
500159535001021,LAM-WAS
500159535001022,LAM-WAS
500159535001023,LAM-WAS
500159535001024,LAM-WAS
500159535001025,LAM-WAS
500159535001026,LAM-WAS
500159535001027,LAM-WAS
500159535001028,LAM-WAS
500159535001029,LAM-WAS
500159535001030,LAM-WAS
500159535001031,LAM-WAS
500159535001032,LAM-WAS
500159535002000,LAM-WAS
500159535002001,LAM-WAS
500159535002002,LAM-WAS
500159535002003,LAM-WAS
500159535002004,LAM-WAS
500159535002005,LAM-WAS
500159535002006,LAM-WAS
500159535002007,LAM-WAS
500159535002008,LAM-WAS
500159535002009,LAM-WAS
500159535002010,LAM-WAS
500159535002011,LAM-WAS
500159535002012,LAM-WAS
500159535002013,LAM-WAS
500159535002014,LAM-WAS
500159535002015,LAM-WAS
500159535002016,LAM-WAS
500159535002017,LAM-WAS
500159535002018,LAM-WAS
500159535002019,LAM-WAS
500159535002020,LAM-WAS
500159535002021,LAM-WAS
500159535002022,LAM-WAS
500159535002023,LAM-WAS
500159535002024,LAM-WAS
500159535002025,LAM-WAS
500159535002026,LAM-WAS
500159535002027,LAM-WAS
500159535002028,LAM-WAS
500159535002029,LAM-WAS
500159535002030,LAM-WAS
500159535002031,LAM-WAS
500159535002032,LAM-WAS
500159535002033,LAM-WAS
500159535002034,LAM-WAS
500159535002035,LAM-WAS
500159535002036,LAM-WAS
500159535002037,LAM-WAS
500159535002038,LAM-WAS
500159535002039,LAM-WAS
500159535002040,LAM-WAS
500159535002041,LAM-WAS
500159535002042,LAM-WAS
500159535002043,LAM-WAS
500159535002044,LAM-WAS
500159535002045,LAM-WAS
500159535002046,LAM-WAS
500159535002047,LAM-WAS
500159535002048,LAM-WAS
500159535002049,LAM-WAS
500159535002050,LAM-WAS
500159535002051,LAM-WAS
500159535002052,LAM-WAS
500159535002053,LAM-WAS
500159535002054,LAM-WAS
500159535002055,LAM-WAS
500159535002056,LAM-WAS
500159535002057,LAM-WAS
500159535002058,LAM-WAS
500159535002059,LAM-WAS
500159535002060,LAM-WAS
500159535002061,LAM-WAS
500159535002062,LAM-WAS
500159535002063,LAM-WAS
500159535002064,LAM-WAS
500159535002065,LAM-WAS
500159535002066,LAM-WAS
500159535002067,LAM-WAS
500159535002068,LAM-WAS
500159535002069,LAM-WAS
500159535002070,LAM-WAS
500159535003000,LAM-WAS
500159535003001,LAM-WAS
500159535003002,LAM-WAS
500159535003003,LAM-WAS
500159535003004,LAM-WAS
500159535003005,LAM-WAS
500159535003006,LAM-WAS
500159535003007,LAM-WAS
500159535003008,LAM-WAS
500159535003009,LAM-WAS
500159535003010,LAM-WAS
500159535003011,LAM-WAS
500159535003012,LAM-WAS
500159535003013,LAM-WAS
500159535003014,LAM-WAS
500159535003015,LAM-WAS
500159535003016,LAM-WAS
500159535003017,LAM-WAS
500159535003018,LAM-WAS
500159535003019,LAM-WAS
500159535003020,LAM-WAS
500159535003021,LAM-WAS
500159535003022,LAM-WAS
500159535003023,LAM-WAS
500159535003024,LAM-WAS
500159535003025,LAM-WAS
500159535003026,LAM-WAS
500159535003027,LAM-WAS
500159535003028,LAM-WAS
500159535003029,LAM-WAS
500159535003030,LAM-WAS
500159535003031,LAM-WAS
500159535003032,LAM-WAS
500159535003033,LAM-WAS
500159535003034,LAM-WAS
500159535003035,LAM-WAS
500159535003036,LAM-WAS
500159535003037,LAM-WAS
500159535003038,LAM-WAS
500159535003039,LAM-WAS
500159535003040,LAM-WAS
500159535003041,LAM-WAS
500159535003042,LAM-WAS
500159535003043,LAM-WAS
500159535003044,LAM-WAS
500159535003045,LAM-WAS
500159535003046,LAM-WAS
500159535003047,LAM-WAS
500159535003048,LAM-WAS
500159535003049,LAM-WAS
500159535003050,LAM-WAS
500159535003051,LAM-WAS
500159535003052,LAM-WAS
500179593001000,ORA-WAS-ADD
500179593001001,ORA-WAS-ADD
500179593001002,ORA-WAS-ADD
500179593001003,ORA-WAS-ADD
500179593001004,ORA-WAS-ADD
500179593001005,ORA-WAS-ADD
500179593001006,ORA-WAS-ADD
500179593001007,ORA-WAS-ADD
500179593001008,ORA-WAS-ADD
500179593001009,ORA-WAS-ADD
500179593001010,ORA-WAS-ADD
500179593001011,ORA-WAS-ADD
500179593001012,ORA-WAS-ADD
500179593001013,ORA-WAS-ADD
500179593001014,ORA-WAS-ADD
500179593001015,ORA-WAS-ADD
500179593001016,ORA-WAS-ADD
500179593001017,ORA-WAS-ADD
500179593001018,ORA-WAS-ADD
500179593001019,ORA-WAS-ADD
500179593001020,ORA-WAS-ADD
500179593001021,ORA-WAS-ADD
500179593001022,ORA-WAS-ADD
500179593001023,ORA-WAS-ADD
500179593001024,ORA-WAS-ADD
500179593001025,ORA-WAS-ADD
500179593001026,ORA-WAS-ADD
500179593001027,ORA-WAS-ADD
500179593001028,ORA-WAS-ADD
500179593001029,ORA-WAS-ADD
500179593001030,ORA-WAS-ADD
500179593001031,ORA-WAS-ADD
500179593001032,ORA-WAS-ADD
500179593001033,ORA-WAS-ADD
500179593001034,ORA-WAS-ADD
500179593001035,ORA-WAS-ADD
500179593001036,ORA-WAS-ADD
500179593001037,ORA-WAS-ADD
500179593001038,ORA-WAS-ADD
500179593001039,ORA-WAS-ADD
500179593001040,ORA-WAS-ADD
500179593001041,ORA-WAS-ADD
500179593001042,ORA-WAS-ADD
500179593001043,ORA-WAS-ADD
500179593001044,ORA-WAS-ADD
500179593001045,ORA-WAS-ADD
500179593001046,ORA-WAS-ADD
500179593001047,ORA-WAS-ADD
500179593001048,ORA-WAS-ADD
500179593001049,ORA-WAS-ADD
500179593001050,ORA-WAS-ADD
500179593001051,ORA-WAS-ADD
500179593001052,ORA-WAS-ADD
500179593001053,ORA-WAS-ADD
500179593001054,ORA-WAS-ADD
500179593001055,ORA-WAS-ADD
500179593001056,ORA-WAS-ADD
500179593001057,ORA-WAS-ADD
500179593001058,ORA-WAS-ADD
500179593001059,ORA-WAS-ADD
500179593001060,ORA-WAS-ADD
500179593001061,ORA-WAS-ADD
500179593001062,ORA-WAS-ADD
500179593001063,ORA-WAS-ADD
500179593001064,ORA-WAS-ADD
500179593001065,ORA-WAS-ADD
500179593001066,ORA-WAS-ADD
500179593001067,ORA-WAS-ADD
500179593001068,ORA-WAS-ADD
500179593001069,ORA-WAS-ADD
500179593001070,ORA-WAS-ADD
500179593001071,ORA-WAS-ADD
500179593001072,ORA-WAS-ADD
500179593001073,ORA-WAS-ADD
500179593001074,ORA-WAS-ADD
500179593001075,ORA-WAS-ADD
500179593001076,ORA-WAS-ADD
500179593001077,ORA-WAS-ADD
500179593001078,ORA-WAS-ADD
500179593001079,ORA-WAS-ADD
500179593001080,ORA-WAS-ADD
500179593001081,ORA-WAS-ADD
500179593001082,ORA-WAS-ADD
500179593001083,ORA-WAS-ADD
500179593001084,ORA-WAS-ADD
500179593001085,ORA-WAS-ADD
500179593001086,ORA-WAS-ADD
500179593001087,ORA-WAS-ADD
500179593001088,ORA-WAS-ADD
500179593001089,ORA-WAS-ADD
500179593001090,ORA-WAS-ADD
500179593001091,ORA-WAS-ADD
500179593001092,ORA-WAS-ADD
500239550001000,WAS-5
500239550001001,WAS-5
500239550001002,WAS-5
500239550001003,WAS-5
500239550001004,WAS-5
500239550001005,WAS-5
500239550001006,WAS-5
500239550001007,WAS-5
500239550001008,WAS-5
500239550001009,WAS-5
500239550001010,WAS-5
500239550001011,WAS-5
500239550001012,WAS-5
500239550001013,WAS-5
500239550001014,WAS-5
500239550001015,WAS-5
500239550001016,WAS-5
500239550001017,WAS-5
500239550001018,WAS-5
500239550001019,WAS-5
500239550001020,WAS-5
500239550001021,WAS-5
500239550001022,WAS-5
500239550001023,WAS-5
500239550001024,WAS-5
500239550001025,WAS-5
500239550001026,WAS-5
500239550001027,WAS-5
500239550001028,WAS-5
500239550001029,WAS-5
500239550001030,WAS-5
500239550001031,WAS-5
500239550001032,WAS-5
500239550001033,WAS-5
500239550001034,WAS-5
500239550001035,WAS-5
500239550001036,WAS-5
500239550001037,WAS-5
500239550001038,WAS-5
500239550001039,WAS-5
500239550002000,WAS-5
500239550002001,WAS-5
500239550002002,WAS-5
500239550002003,WAS-5
500239550002004,WAS-5
500239550002005,WAS-5
500239550002006,WAS-5
500239550002007,WAS-5
500239550002008,WAS-5
500239550002009,WAS-5
500239550002010,WAS-5
500239550002011,WAS-5
500239550002012,WAS-5
500239550002013,WAS-5
500239550002014,WAS-5
500239550002015,WAS-5
500239550002016,WAS-5
500239550002017,WAS-5
500239550002018,WAS-5
500239550002019,WAS-5
500239550002020,WAS-5
500239550002021,WAS-5
500239550002022,WAS-5
500239550002023,WAS-5
500239550002024,WAS-5
500239550002025,WAS-5
500239550002026,WAS-5
500239550002027,WAS-5
500239550002028,WAS-5
500239550002029,WAS-5
500239550002030,WAS-5
500239550002031,WAS-5
500239550002032,WAS-5
500239550002033,WAS-5
500239550002034,WAS-5
500239550002035,WAS-5
500239550002036,WAS-5
500239550002037,WAS-5
500239550002038,WAS-5
500239550002039,WAS-5
500239550002040,WAS-5
500239550002041,WAS-5
500239550002042,WAS-5
500239550002043,WAS-5
500239550002044,WAS-5
500239550002045,WAS-5
500239550002046,WAS-5
500239550002047,WAS-5
500239550002048,WAS-5
500239550002049,WAS-5
500239550002050,WAS-5
500239550002051,WAS-5
500239550002052,WAS-5
500239550002053,WAS-5
500239550002054,WAS-5
500239550002055,WAS-5
500239550002056,WAS-5
500239550002057,WAS-5
500239550002058,WAS-5
500239550002059,WAS-5
500239550002060,WAS-5
500239550002061,WAS-5
500239550002062,WAS-5
500239550002063,WAS-5
500239550002064,WAS-5
500239550002065,WAS-5
500239550002066,WAS-5
500239550002067,WAS-5
500239550002068,WAS-5
500239550002069,WAS-5
500239550002070,WAS-5
500239550002071,WAS-5
500239550002072,WAS-5
500239550002073,WAS-5
500239550002074,WAS-5
500239550002075,WAS-5
500239550002076,WAS-5
500239550002077,WAS-5
500239550002078,WAS-5
500239550002079,WAS-5
500239550002080,WAS-5
500239550002081,WAS-5
500239550002082,WAS-5
500179595002000,ORA-3
500179595002001,ORA-3
500179595002002,ORA-3
500179595002003,ORA-3
500179595002004,ORA-3
500179595002005,ORA-3
500179595002006,ORA-3
500179595002007,ORA-3
500179595002008,ORA-3
500179595002009,ORA-3
500179595002010,ORA-3
500179595002011,ORA-3
500179595002012,ORA-3
500179595002013,ORA-3
500179595002014,ORA-3
500179595002015,ORA-3
500179595002016,ORA-3
500179595002017,ORA-3
500179595002018,ORA-3
500179595002019,ORA-3
500179595002020,ORA-3
500179595002021,ORA-3
500179595002022,ORA-3
500179595002023,ORA-3
500179595002024,ORA-3
500179595002025,ORA-3
500179595002026,ORA-3
500179595002027,ORA-3
500179595002028,ORA-3
500179595002029,ORA-3
500179595002030,ORA-3
500179595002031,ORA-3
500179595002032,ORA-3
500179595002033,ORA-3
500179595002034,ORA-3
500179595002035,ORA-3
500179595002036,ORA-3
500179595002037,ORA-3
500179595002038,ORA-3
500179595002039,ORA-3
500179595002040,ORA-3
500179595002041,ORA-3
500179595002042,ORA-3
500179595002043,ORA-3
500179595002044,ORA-3
500179595002045,ORA-3
500179595002046,ORA-3
500179595002047,ORA-3
500179595002048,ORA-3
500179595002049,ORA-3
500179595002050,ORA-3
500179595002051,ORA-3
500179595002052,ORA-3
500179595002053,ORA-3
500179595002054,ORA-3
500179595002055,ORA-3
500179595002056,ORA-3
500179595002057,ORA-3
500179595002058,ORA-3
500179595002059,ORA-3
500179595002060,ORA-3
500179595002061,ORA-3
500179595002062,ORA-3
500179595002063,ORA-3
500179595002064,ORA-3
500179595002065,ORA-3
500179595002066,ORA-3
500179595002067,ORA-3
500179595002068,ORA-3
500179595002069,ORA-3
500179595002070,ORA-3
500179595002071,ORA-3
500179595002072,ORA-3
500179595002073,ORA-3
500179595002074,ORA-3
500179595002075,ORA-3
500179595002076,ORA-3
500179595002077,ORA-3
500179595002078,ORA-3
500179595002079,ORA-3
500179595002080,ORA-3
500179595002081,ORA-3
500179595002082,ORA-3
500179595002083,ORA-3
500179595002084,ORA-3
500179595002085,ORA-3
500179595002086,ORA-3
500179595002087,ORA-3
500179595002088,ORA-3
500179595002089,ORA-3
500179595002090,ORA-3
500179595002091,ORA-3
500179595002092,ORA-3
500179595002093,ORA-3
500179595002094,ORA-3
500179595002095,ORA-3
500179595002096,ORA-3
500179595002097,ORA-3
500179595002098,ORA-3
500179591011000,ORA-1
500179591011001,ORA-1
500179591011002,ORA-1
500179591011003,ORA-1
500179591011004,ORA-1
500179591011005,ORA-1
500179591011006,ORA-1
500179591011007,ORA-1
500179591011008,ORA-1
500179591011009,ORA-1
500179591011010,ORA-1
500179591011011,ORA-1
500179591011012,ORA-1
500179591011013,ORA-1
500179591011014,ORA-1
500179591011015,ORA-1
500179591011016,ORA-1
500179591011017,ORA-1
500179591011018,ORA-1
500179591011019,ORA-1
500179591011020,ORA-1
500179591011021,ORA-1
500179591011022,ORA-1
500179591011023,ORA-1
500179591011024,ORA-1
500179591011025,ORA-1
500179591011026,ORA-1
500179591011027,ORA-1
500179591011028,ORA-1
500179591011029,ORA-1
500179591011030,ORA-1
500179591011031,ORA-1
500179591011032,ORA-1
500179591011033,ORA-1
500179591011034,ORA-1
500179591011035,ORA-1
500179591011036,ORA-1
500179591011037,ORA-1
500179591011038,ORA-1
500179591011039,ORA-1
500179591011040,ORA-1
500179591011041,ORA-1
500179591011042,ORA-1
500179591011043,ORA-1
500179591011044,ORA-1
500179591011045,ORA-1
500179591011046,ORA-1
500179591011047,ORA-1
500179591011048,ORA-1
500179591011049,ORA-1
500179591011050,ORA-1
500179591011051,ORA-1
500179591011052,ORA-1
500179591011053,ORA-1
500179591011054,ORA-1
500179591011055,ORA-1
500179591011056,ORA-1
500179591011057,ORA-1
500179591011058,ORA-1
500179591011059,ORA-1
500179591011060,ORA-1
500179591011061,ORA-1
500179591011062,ORA-1
500179591011063,ORA-1
500179591012000,ORA-1
500179591012001,ORA-1
500179591012002,ORA-1
500179591012003,ORA-1
500179591012004,ORA-1
500179591012005,ORA-1
500179591012006,ORA-1
500179591012007,ORA-1
500179591012008,ORA-1
500179591012009,ORA-1
500179591012010,ORA-1
500179591012011,ORA-1
500179591012012,ORA-1
500179591012013,ORA-1
500179591012014,ORA-1
500179591012015,ORA-1
500179591012016,ORA-1
500179591012017,ORA-1
500179591012018,ORA-1
500179591012019,ORA-1
500179591012020,ORA-1
500179591012021,ORA-1
500179591012022,ORA-1
500179591012023,ORA-1
500179591012024,ORA-1
500179591012025,ORA-1
500179591012026,ORA-1
500179591012027,ORA-1
500179591012028,ORA-1
500179591012029,ORA-1
500179591012030,ORA-1
500179591012031,ORA-1
500179591012032,ORA-1
500179591012033,ORA-1
500179591012034,ORA-1
500179591012035,ORA-1
500179591012036,ORA-1
500179591012037,ORA-1
500179591012038,ORA-1
500179591012039,ORA-1
500179591012040,ORA-1
500179591012041,ORA-1
500179591012042,ORA-1
500179591012043,ORA-1
500179591012044,ORA-1
500179591012045,ORA-1
500179591012046,ORA-1
500179591012047,ORA-1
500179591012048,ORA-1
500179591012049,ORA-1
500179591012050,ORA-1
500179591012051,ORA-1
500179591012052,ORA-1
500179591012053,ORA-1
500179591012054,ORA-1
500179591012055,ORA-1
500179591012056,ORA-1
500179591012057,ORA-1
500179591012058,ORA-1
500179591012059,ORA-1
500179591012060,ORA-1
500179591012061,ORA-1
500179591022000,ORA-1
500179591022001,ORA-1
500179591022002,ORA-1
500179591022003,ORA-1
500179591022004,ORA-1
500179591022005,ORA-1
500179591022006,ORA-1
500179591022007,ORA-1
500179591022008,ORA-1
500179591022009,ORA-1
500179591022010,ORA-1
500179591022011,ORA-1
500179591022012,ORA-1
500179591022013,ORA-1
500179591022014,ORA-1
500179591022015,ORA-1
500179591022016,ORA-1
500179591022017,ORA-1
500179591022018,ORA-1
500179591022019,ORA-1
500179591022020,ORA-1
500179591022021,ORA-1
500179591022022,ORA-1
500179591022023,ORA-1
500179591022024,ORA-1
500179591022025,ORA-1
500179591022026,ORA-1
500179591022027,ORA-1
500179591022028,ORA-1
500179591022029,ORA-1
500179591022030,ORA-1
500179591022031,ORA-1
500179591022032,ORA-1
500179591022033,ORA-1
500179591022034,ORA-1
500179591022035,ORA-1
500179591022036,ORA-1
500179591022037,ORA-1
500179591022038,ORA-1
500179591022039,ORA-1
500179591022040,ORA-1
500179591022041,ORA-1
500179591022042,ORA-1
500179591022043,ORA-1
500179591022044,ORA-1
500179591022045,ORA-1
500179591022046,ORA-1
500179591022047,ORA-1
500179591022048,ORA-1
500179591022049,ORA-1
500179591022050,ORA-1
500179591022051,ORA-1
500179591022052,ORA-1
500179591022053,ORA-1
500179591022054,ORA-1
500179591022055,ORA-1
500179591022056,ORA-1
500179591022057,ORA-1
500179591022058,ORA-1
500179591022059,ORA-1
500179591022060,ORA-1
500179591022061,ORA-1
500179591022062,ORA-1
500179591022063,ORA-1
500179591022064,ORA-1
500179591022065,ORA-1
500179591022066,ORA-1
500179591022067,ORA-1
500179591022068,ORA-1
500179591022069,ORA-1
500179591022070,ORA-1
500179591022071,ORA-1
500179591022072,ORA-1
500179591022073,ORA-1
500179591022074,ORA-1
500179591022075,ORA-1
500179591022076,ORA-1
500179591022077,ORA-1
500179591022078,ORA-1
500179591022079,ORA-1
500179591022080,ORA-1
500179591022081,ORA-1
500179591022082,ORA-1
500179591022083,ORA-1
500179591022084,ORA-1
500179591022085,ORA-1
500179591022086,ORA-1
500179591022087,ORA-1
500179591022088,ORA-1
500179591022089,ORA-1
500179591022090,ORA-1
500179591022091,ORA-1
500179591022092,ORA-1
500179591022093,ORA-1
500179591022094,ORA-1
500179591022095,ORA-1
500179591022096,ORA-1
500179591022097,ORA-1
500179591022098,ORA-1
500199516003000,ORL-LAM
500199516003001,ORL-LAM
500199516003002,ORL-LAM
500199516003003,ORL-LAM
500199516003004,ORL-LAM
500199516003005,ORL-LAM
500199516003006,ORL-LAM
500199516003007,ORL-LAM
500199516003008,ORL-LAM
500199516003009,ORL-LAM
500199516003010,ORL-LAM
500199516003011,ORL-LAM
500199516003012,ORL-LAM
500199516003013,ORL-LAM
500199516003014,ORL-LAM
500199516003015,ORL-LAM
500199516003016,ORL-LAM
500199516003017,ORL-LAM
500199516003018,ORL-LAM
500199516003019,ORL-LAM
500199516003020,ORL-LAM
500199516003021,ORL-LAM
500199516003022,ORL-LAM
500199516003023,ORL-LAM
500199516003024,ORL-LAM
500199516003025,ORL-LAM
500199516003026,ORL-LAM
500199516003027,ORL-LAM
500199516003028,ORL-LAM
500199516003029,ORL-LAM
500199516003030,ORL-LAM
500199516003031,ORL-LAM
500199516003032,ORL-LAM
500199516003033,ORL-LAM
500199516003034,ORL-LAM
500199516003035,ORL-LAM
500199516003036,ORL-LAM
500199516003037,ORL-LAM
500199516003038,ORL-LAM
500199516003039,ORL-LAM
500199516003040,ORL-LAM
500199516003041,ORL-LAM
500199516003042,ORL-LAM
500199516003043,ORL-LAM
500199516003044,ORL-LAM
500199516003045,ORL-LAM
500199516003046,ORL-LAM
500199516003047,ORL-LAM
500199516003048,ORL-LAM
500199516003049,ORL-LAM
500199516003050,ORL-LAM
500199516003051,ORL-LAM
500199516003052,ORL-LAM
500199516003053,ORL-LAM
500199516003054,ORL-LAM
500199516003055,ORL-LAM
500199516003056,ORL-LAM
500199516003057,ORL-LAM
500199516003058,ORL-LAM
500199516004000,ORL-LAM
500199516004001,ORL-LAM
500199516004002,ORL-LAM
500199516004003,ORL-LAM
500199516004004,ORL-LAM
500199516004005,ORL-LAM
500199516004006,ORL-LAM
500199516004007,ORL-LAM
500199516004008,ORL-LAM
500199516004009,ORL-LAM
500199516004010,ORL-LAM
500199516004011,ORL-LAM
500199516004012,ORL-LAM
500199516004013,ORL-LAM
500199516004014,ORL-LAM
500199516004015,ORL-LAM
500199516004016,ORL-LAM
500199516004017,ORL-LAM
500199516004018,ORL-LAM
500199516004019,ORL-LAM
500199516004020,ORL-LAM
500199516004021,ORL-LAM
500199516004022,ORL-LAM
500199516004023,ORL-LAM
500199516004024,ORL-LAM
500199516004025,ORL-LAM
500199516004026,ORL-LAM
500199516004027,ORL-LAM
500199516004028,ORL-LAM
500199516004029,ORL-LAM
500199516004030,ORL-LAM
500199516004031,ORL-LAM
500199516004032,ORL-LAM
500199516004033,ORL-LAM
500199516004034,ORL-LAM
500199516004035,ORL-LAM
500199516004036,ORL-LAM
500199516004037,ORL-LAM
500199516004038,ORL-LAM
500199516004039,ORL-LAM
500199516004040,ORL-LAM
500199516004041,ORL-LAM
500199516004042,ORL-LAM
500199516004043,ORL-LAM
500199516004044,ORL-LAM
500199516004045,ORL-LAM
500199516004046,ORL-LAM
500199516004047,ORL-LAM
500199516004048,ORL-LAM
500199516004049,ORL-LAM
500199516004050,ORL-LAM
500199516004051,ORL-LAM
500199516004052,ORL-LAM
500199516004053,ORL-LAM
500179591021000,ORA-CAL
500179591021001,ORA-CAL
500179591021002,ORA-CAL
500179591021003,ORA-CAL
500179591021004,ORA-CAL
500179591021005,ORA-CAL
500179591021006,ORA-CAL
500179591021007,ORA-CAL
500179591021008,ORA-CAL
500179591021009,ORA-CAL
500179591021010,ORA-CAL
500179591021011,ORA-CAL
500179591021012,ORA-CAL
500179591021013,ORA-CAL
500179591021014,ORA-CAL
500179591021015,ORA-CAL
500179591021016,ORA-CAL
500179591021017,ORA-CAL
500179591021018,ORA-CAL
500179591021019,ORA-CAL
500179591021020,ORA-CAL
500179591021021,ORA-CAL
500179591021022,ORA-CAL
500179591021023,ORA-CAL
500179591021024,ORA-CAL
500179591021025,ORA-CAL
500179591021026,ORA-CAL
500179591021027,ORA-CAL
500179591021028,ORA-CAL
500179591021029,ORA-CAL
500179591021030,ORA-CAL
500179591021031,ORA-CAL
500179591021032,ORA-CAL
500179591021033,ORA-CAL
500179591021034,ORA-CAL
500179591021035,ORA-CAL
500179591021036,ORA-CAL
500179591021037,ORA-CAL
500179591021038,ORA-CAL
500179591021039,ORA-CAL
500179591021040,ORA-CAL
500179591021041,ORA-CAL
500179591021042,ORA-CAL
500179591021043,ORA-CAL
500179591021044,ORA-CAL
500179591021045,ORA-CAL
500179591021046,ORA-CAL
500179591021047,ORA-CAL
500179591021048,ORA-CAL
500179591021049,ORA-CAL
500179591021050,ORA-CAL
500179591021051,ORA-CAL
500179591021052,ORA-CAL
500179591021053,ORA-CAL
500179591021054,ORA-CAL
500179591021055,ORA-CAL
500179591021056,ORA-CAL
500179591021057,ORA-CAL
500179591021058,ORA-CAL
500179591021059,ORA-CAL
500179591021060,ORA-CAL
500179591021061,ORA-CAL
500179591021062,ORA-CAL
500179591021063,ORA-CAL
500179591021064,ORA-CAL
500179591021065,ORA-CAL
500179591021066,ORA-CAL
500179591021067,ORA-CAL
500179591021068,ORA-CAL
500179591021069,ORA-CAL
500179591021070,ORA-CAL
500179591021071,ORA-CAL
500179591021072,ORA-CAL
500179591021073,ORA-CAL
500179591021074,ORA-CAL
500179591021075,ORA-CAL
500179591021076,ORA-CAL
500059578002000,ORA-CAL
500059578002001,ORA-CAL
500059578002002,ORA-CAL
500059578002003,ORA-CAL
500059578002004,ORA-CAL
500059578002005,ORA-CAL
500059578002006,ORA-CAL
500059578002007,ORA-CAL
500059578002008,ORA-CAL
500059578002009,ORA-CAL
500059578002010,ORA-CAL
500059578002011,ORA-CAL
500059578002012,ORA-CAL
500059578002013,ORA-CAL
500059578002014,ORA-CAL
500059578002015,ORA-CAL
500059578002016,ORA-CAL
500059578002017,ORA-CAL
500059578002018,ORA-CAL
500059578002019,ORA-CAL
500059578002020,ORA-CAL
500059578002021,ORA-CAL
500059578002022,ORA-CAL
500059578002023,ORA-CAL
500059578002024,ORA-CAL
500059578002025,ORA-CAL
500059578002026,ORA-CAL
500059578002027,ORA-CAL
500059578002028,ORA-CAL
500059578002029,ORA-CAL
500059578002030,ORA-CAL
500059578002031,ORA-CAL
500059578002032,ORA-CAL
500059578002033,ORA-CAL
500059578002034,ORA-CAL
500059578002035,ORA-CAL
500059578002036,ORA-CAL
500059578002037,ORA-CAL
500059578002038,ORA-CAL
500059578002039,ORA-CAL
500059578002040,ORA-CAL
500059578002041,ORA-CAL
500059578002042,ORA-CAL
500059578002043,ORA-CAL
500059578002044,ORA-CAL
500059578002045,ORA-CAL
500059578002046,ORA-CAL
500059578002047,ORA-CAL
500059578002048,ORA-CAL
500059578002049,ORA-CAL
500059578002050,ORA-CAL
500059578002051,ORA-CAL
500059578002052,ORA-CAL
500059578002053,ORA-CAL
500059578002054,ORA-CAL
500059578002055,ORA-CAL
500059578002056,ORA-CAL
500059578002057,ORA-CAL
500059578002058,ORA-CAL
500059578002059,ORA-CAL
500059578002060,ORA-CAL
500059578002061,ORA-CAL
500059578002062,ORA-CAL
500059578002063,ORA-CAL
500059578002064,ORA-CAL
500059578002065,ORA-CAL
500059578002066,ORA-CAL
500059578002067,ORA-CAL
500059578002068,ORA-CAL
500059578002069,ORA-CAL
500059578002070,ORA-CAL
500059578002071,ORA-CAL
500059578002072,ORA-CAL
500059578002073,ORA-CAL
500059578002074,ORA-CAL
500059578002075,ORA-CAL
500059578002076,ORA-CAL
500059578002077,ORA-CAL
500059578002078,ORA-CAL
500059578002079,ORA-CAL
500059578002080,ORA-CAL
500059578002081,ORA-CAL
500059578002082,ORA-CAL
500059578002083,ORA-CAL
500059578002084,ORA-CAL
500059578002085,ORA-CAL
500059578002086,ORA-CAL
500059578002087,ORA-CAL
500059578002088,ORA-CAL
500059578002089,ORA-CAL
500059578002090,ORA-CAL
500059578002091,ORA-CAL
500059578002092,ORA-CAL
500059578002093,ORA-CAL
500059578002094,ORA-CAL
500059578002095,ORA-CAL
500059578002096,ORA-CAL
500059578002097,ORA-CAL
500059578002098,ORA-CAL
500179598001000,ORA-2
500179598001001,ORA-2
500179598001002,ORA-2
500179598001003,ORA-2
500179598001004,ORA-2
500179598001005,ORA-2
500179598001006,ORA-2
500179598001007,ORA-2
500179598001008,ORA-2
500179598001009,ORA-2
500179598001010,ORA-2
500179598001011,ORA-2
500179598001012,ORA-2
500179598001013,ORA-2
500179598001014,ORA-2
500179598001015,ORA-2
500179598001016,ORA-2
500179598001017,ORA-2
500179598001018,ORA-2
500179598001019,ORA-2
500179598001020,ORA-2
500179598001021,ORA-2
500179598001022,ORA-2
500179598001023,ORA-2
500179598001024,ORA-2
500179598001025,ORA-2
500179598001026,ORA-2
500179598001027,ORA-2
500179598001028,ORA-2
500179598001029,ORA-2
500179598001030,ORA-2
500179598001031,ORA-2
500179598001032,ORA-2
500179598001033,ORA-2
500179598001034,ORA-2
500179598001035,ORA-2
500179598001036,ORA-2
500179598001037,ORA-2
500179598001038,ORA-2
500179598001039,ORA-2
500179598001040,ORA-2
500179598001041,ORA-2
500179598001042,ORA-2
500179598001043,ORA-2
500179598001044,ORA-2
500179598001045,ORA-2
500179598002000,ORA-2
500179598002001,ORA-2
500179598002002,ORA-2
500179598002003,ORA-2
500179598002004,ORA-2
500179598002005,ORA-2
500179598002006,ORA-2
500179598002007,ORA-2
500179598002008,ORA-2
500179598002009,ORA-2
500179598002010,ORA-2
500179598002011,ORA-2
500179598002012,ORA-2
500179598002013,ORA-2
500179598002014,ORA-2
500179598002015,ORA-2
500179598002016,ORA-2
500179598002017,ORA-2
500179598002018,ORA-2
500179598002019,ORA-2
500179598002020,ORA-2
500179598002021,ORA-2
500179598002022,ORA-2
500179598002023,ORA-2
500179598002024,ORA-2
500179598002025,ORA-2
500179598002026,ORA-2
500179598002027,ORA-2
500179598002028,ORA-2
500179598002029,ORA-2
500179598002030,ORA-2
500179598002031,ORA-2
500179598002032,ORA-2
500179598002033,ORA-2
500179598002034,ORA-2
500179598002035,ORA-2
500179598002036,ORA-2
500179598002037,ORA-2
500179598002038,ORA-2
500179598002039,ORA-2
500179598002040,ORA-2
500179598002041,ORA-2
500179598002042,ORA-2
500179598002043,ORA-2
500179598002044,ORA-2
500179598002045,ORA-2
500179598002046,ORA-2
500179598002047,ORA-2
500179598002048,ORA-2
500179598002049,ORA-2
500179598002050,ORA-2
500179598002051,ORA-2
500179598002052,ORA-2
500179598002053,ORA-2
500179598002054,ORA-2
500179598002055,ORA-2
500179598002056,ORA-2
500179598002057,ORA-2
500179598002058,ORA-2
500179598002059,ORA-2
500179598002060,ORA-2
500179598002061,ORA-2
500179598002062,ORA-2
500179598002063,ORA-2
500179598002064,ORA-2
500179598002065,ORA-2
500179598002066,ORA-2
500179598002067,ORA-2
500179598002068,ORA-2
500179598002069,ORA-2
500179598002070,ORA-2
500179598002071,ORA-2
500179598002072,ORA-2
500179598002073,ORA-2
500179598002074,ORA-2
500179598002075,ORA-2
500179590001009,ORA-CAL
500179590001010,ORA-CAL
500179590001018,ORA-CAL
500179590001019,ORA-CAL
500179590001020,ORA-CAL
500179590001021,ORA-CAL
500179590001022,ORA-CAL
500179590001037,ORA-CAL
500179590001038,ORA-CAL
500179590001039,ORA-CAL
500179590001040,ORA-CAL
500179590001041,ORA-CAL
500179590001042,ORA-CAL
500179590001043,ORA-CAL
500179590001044,ORA-CAL
500179590001045,ORA-CAL
500179590001046,ORA-CAL
500179590001068,ORA-CAL
500179590001069,ORA-CAL
500179590001070,ORA-CAL
500179590001071,ORA-CAL
500179590001072,ORA-CAL
500179590001073,ORA-CAL
500179590001074,ORA-CAL
500179590001075,ORA-CAL
500179590001076,ORA-CAL
500179590001077,ORA-CAL
500179590001078,ORA-CAL
500179590001079,ORA-CAL
500179590001080,ORA-CAL
500179590001081,ORA-CAL
500179590001082,ORA-CAL
500179590001083,ORA-CAL
500179590001084,ORA-CAL
500179590001088,ORA-CAL
500179590001089,ORA-CAL
500179590001090,ORA-CAL
500179590001091,ORA-CAL
500179590001092,ORA-CAL
500179590001093,ORA-CAL
500179590001094,ORA-CAL
500179590001095,ORA-CAL
500179590001099,ORA-CAL
500179590001100,ORA-CAL
500179590001101,ORA-CAL
500179590001102,ORA-CAL
500179590001103,ORA-CAL
500179590002000,ORA-CAL
500179590002001,ORA-CAL
500179590002002,ORA-CAL
500179590002003,ORA-CAL
500179590002004,ORA-CAL
500179590002005,ORA-CAL
500179590002006,ORA-CAL
500179590002007,ORA-CAL
500179590002008,ORA-CAL
500179590002009,ORA-CAL
500179590002010,ORA-CAL
500179590002011,ORA-CAL
500179590002012,ORA-CAL
500179590002013,ORA-CAL
500179590002014,ORA-CAL
500179590002015,ORA-CAL
500179590002016,ORA-CAL
500179590002017,ORA-CAL
500179590002018,ORA-CAL
500179590002019,ORA-CAL
500179590002020,ORA-CAL
500179590002021,ORA-CAL
500179590002022,ORA-CAL
500179590002023,ORA-CAL
500179590002024,ORA-CAL
500179590002025,ORA-CAL
500179590002026,ORA-CAL
500179590002027,ORA-CAL
500179590002028,ORA-CAL
500179590002029,ORA-CAL
500179590002030,ORA-CAL
500179590002031,ORA-CAL
500179590002032,ORA-CAL
500179590002033,ORA-CAL
500179590002034,ORA-CAL
500179590002035,ORA-CAL
500179590002036,ORA-CAL
500179590002037,ORA-CAL
500179590002038,ORA-CAL
500179590002039,ORA-CAL
500179590002040,ORA-CAL
500179590002041,ORA-CAL
500179590002042,ORA-CAL
500179590002043,ORA-CAL
500179590002044,ORA-CAL
500179590002045,ORA-CAL
500179590002046,ORA-CAL
500179590002047,ORA-CAL
500179590002048,ORA-CAL
500179590002049,ORA-CAL
500179590002050,ORA-CAL
500179590002051,ORA-CAL
500179590002052,ORA-CAL
500179590002053,ORA-CAL
500179590002054,ORA-CAL
500179590002055,ORA-CAL
500179590002056,ORA-CAL
500179590002057,ORA-CAL
500179590002058,ORA-CAL
500179590002059,ORA-CAL
500179590002060,ORA-CAL
500179590002061,ORA-CAL
500179590002062,ORA-CAL
500179590002063,ORA-CAL
500179590002064,ORA-CAL
500179590002065,ORA-CAL
500179590001051,ORA-CAL
500179590001052,ORA-CAL
500179590001053,ORA-CAL
500179590001054,ORA-CAL
500179590001055,ORA-CAL
500179590001056,ORA-CAL
500179590001057,ORA-CAL
500179590001058,ORA-CAL
500179590001059,ORA-CAL
500179590001060,ORA-CAL
500179590001061,ORA-CAL
500179590001062,ORA-CAL
500179590001063,ORA-CAL
500179590001064,ORA-CAL
500179590001065,ORA-CAL
500179590001066,ORA-CAL
500179590001067,ORA-CAL
500179590001085,ORA-CAL
500179590001086,ORA-CAL
500179590001087,ORA-CAL
500179590001097,ORA-CAL
500179590001098,ORA-CAL
500019606001000,ADD-4
500019606001001,ADD-4
500019606001002,ADD-4
500019606001003,ADD-4
500019606001004,ADD-4
500019606001005,ADD-4
500019606001006,ADD-4
500019606001007,ADD-4
500019606001008,ADD-4
500019606001009,ADD-4
500019606001010,ADD-4
500019606001011,ADD-4
500019606001012,ADD-4
500019606001013,ADD-4
500019606001014,ADD-4
500019606001015,ADD-4
500019606001016,ADD-4
500019606001017,ADD-4
500019606001018,ADD-4
500019606001019,ADD-4
500019606001020,ADD-4
500019606001021,ADD-4
500019606001022,ADD-4
500019606001023,ADD-4
500019606001024,ADD-4
500019606001025,ADD-4
500019606001026,ADD-4
500019606001027,ADD-4
500019606001028,ADD-4
500019606001029,ADD-4
500019606001030,ADD-4
500019606001031,ADD-4
500019606001032,ADD-4
500019606001033,ADD-4
500019606001034,ADD-4
500019606001035,ADD-4
500019606001036,ADD-4
500019606001037,ADD-4
500019606001038,ADD-4
500019606001039,ADD-4
500019606001040,ADD-4
500019606001041,ADD-4
500019606001042,ADD-4
500019606001043,ADD-4
500019606001044,ADD-4
500019606001045,ADD-4
500019606001046,ADD-4
500019606001047,ADD-4
500019606001048,ADD-4
500019606001049,ADD-4
500019606001050,ADD-4
500019606001051,ADD-4
500019606001052,ADD-4
500019606001053,ADD-4
500019606001054,ADD-4
500019606001055,ADD-4
500019606001056,ADD-4
500019606001057,ADD-4
500019606001058,ADD-4
500019606001059,ADD-4
500019606001060,ADD-4
500019606001061,ADD-4
500019606001062,ADD-4
500019606001063,ADD-4
500019606001064,ADD-4
500019606001065,ADD-4
500019606001066,ADD-4
500019606001067,ADD-4
500019606001068,ADD-4
500019606001069,ADD-4
500019606001070,ADD-4
500019606001071,ADD-4
500019606001072,ADD-4
500019606001073,ADD-4
500019606001074,ADD-4
500019606001075,ADD-4
500019606001076,ADD-4
500019606001077,ADD-4
500019606001078,ADD-4
500019606001079,ADD-4
500019606001080,ADD-4
500019606001081,ADD-4
500019606001082,ADD-4
500019601001000,ADD-4
500019601001001,ADD-4
500019601001002,ADD-4
500019601001003,ADD-4
500019601001004,ADD-4
500019601001005,ADD-4
500019601001006,ADD-4
500019601001007,ADD-4
500019601001008,ADD-4
500019601001009,ADD-4
500019601001010,ADD-4
500019601001011,ADD-4
500019601001012,ADD-4
500019601001013,ADD-4
500019601001014,ADD-4
500019601001015,ADD-4
500019601001016,ADD-4
500019601001017,ADD-4
500019601001018,ADD-4
500019601001019,ADD-4
500019601001020,ADD-4
500019601001021,ADD-4
500019601001022,ADD-4
500019601001023,ADD-4
500019601001024,ADD-4
500019601001025,ADD-4
500019601001026,ADD-4
500019601001027,ADD-4
500019601001028,ADD-4
500019601001029,ADD-4
500019601001030,ADD-4
500019601001031,ADD-4
500019601001032,ADD-4
500019601001033,ADD-4
500019601001034,ADD-4
500019601001035,ADD-4
500019601001036,ADD-4
500019601001037,ADD-4
500019601001038,ADD-4
500019601001039,ADD-4
500019601001040,ADD-4
500019601001041,ADD-4
500019601001042,ADD-4
500019601001043,ADD-4
500019601001044,ADD-4
500019601001045,ADD-4
500019601001046,ADD-4
500019601001047,ADD-4
500019601001048,ADD-4
500019601001049,ADD-4
500019601001050,ADD-4
500019601002000,ADD-4
500019601002001,ADD-4
500019601002002,ADD-4
500019601002003,ADD-4
500019601002004,ADD-4
500019601002005,ADD-4
500019601002006,ADD-4
500019601002007,ADD-4
500019601002008,ADD-4
500019601002009,ADD-4
500019601002010,ADD-4
500019601002011,ADD-4
500019601002012,ADD-4
500019601002013,ADD-4
500019601002014,ADD-4
500019601002015,ADD-4
500019601002016,ADD-4
500019601002017,ADD-4
500019601002018,ADD-4
500019601002019,ADD-4
500019601002020,ADD-4
500019601002021,ADD-4
500019601002022,ADD-4
500019601002023,ADD-4
500019601002024,ADD-4
500019601002025,ADD-4
500019601002026,ADD-4
500019601002027,ADD-4
500019601002028,ADD-4
500019601002029,ADD-4
500019601002030,ADD-4
500019601002031,ADD-4
500019601002032,ADD-4
500019601002033,ADD-4
500019601002034,ADD-4
500019601002035,ADD-4
500019601002036,ADD-4
500019601002037,ADD-4
500019601002038,ADD-4
500019601002039,ADD-4
500019606003000,ORA-WAS-ADD
500019606003001,ORA-WAS-ADD
500019606003002,ORA-WAS-ADD
500019606003003,ORA-WAS-ADD
500019606003004,ORA-WAS-ADD
500019606003005,ORA-WAS-ADD
500019606003006,ORA-WAS-ADD
500019606003007,ORA-WAS-ADD
500019606003008,ORA-WAS-ADD
500019606003009,ORA-WAS-ADD
500019606003010,ORA-WAS-ADD
500019606003011,ORA-WAS-ADD
500019606003012,ORA-WAS-ADD
500019606003013,ORA-WAS-ADD
500019606003014,ORA-WAS-ADD
500019606003015,ORA-WAS-ADD
500019606003016,ORA-WAS-ADD
500019606003017,ORA-WAS-ADD
500019606003018,ORA-WAS-ADD
500019606003019,ORA-WAS-ADD
500019606003020,ORA-WAS-ADD
500019606003021,ORA-WAS-ADD
500019606003022,ORA-WAS-ADD
500019606003023,ORA-WAS-ADD
500019606003024,ORA-WAS-ADD
500019606003025,ORA-WAS-ADD
500019606003026,ORA-WAS-ADD
500019606003027,ORA-WAS-ADD
500019606003028,ORA-WAS-ADD
500019606003029,ORA-WAS-ADD
500019606003030,ORA-WAS-ADD
500019606003031,ORA-WAS-ADD
500019606003032,ORA-WAS-ADD
500019606003033,ORA-WAS-ADD
500019606003034,ORA-WAS-ADD
500019606003063,ORA-WAS-ADD
500019606003064,ORA-WAS-ADD
500019606003065,ORA-WAS-ADD
500019606003066,ORA-WAS-ADD
500019606003067,ORA-WAS-ADD
500019606003068,ORA-WAS-ADD
500019606003069,ORA-WAS-ADD
500019606003070,ORA-WAS-ADD
500019606003071,ORA-WAS-ADD
500019606003072,ORA-WAS-ADD
500019606003073,ORA-WAS-ADD
500019606003074,ORA-WAS-ADD
500019606003077,ORA-WAS-ADD
500019606003078,ORA-WAS-ADD
500019606003079,ORA-WAS-ADD
500019606003080,ORA-WAS-ADD
500019606003081,ORA-WAS-ADD
500019606003085,ORA-WAS-ADD
500019606003086,ORA-WAS-ADD
500019606003087,ORA-WAS-ADD
500019605001000,ADD-4
500019605001001,ADD-4
500019605001002,ADD-4
500019605001003,ADD-4
500019605001004,ADD-4
500019605001005,ADD-4
500019605001006,ADD-4
500019605001007,ADD-4
500019605001008,ADD-4
500019605001009,ADD-4
500019605001010,ADD-4
500019605001011,ADD-4
500019605001012,ADD-4
500019605001013,ADD-4
500019605001014,ADD-4
500019605001015,ADD-4
500019605001016,ADD-4
500019605001017,ADD-4
500019605001018,ADD-4
500019605001019,ADD-4
500019605001020,ADD-4
500019605001021,ADD-4
500019605001022,ADD-4
500019605001023,ADD-4
500019605001024,ADD-4
500019605001025,ADD-4
500019605001026,ADD-4
500019605001027,ADD-4
500019605001028,ADD-4
500019605001029,ADD-4
500019605001030,ADD-4
500019605001031,ADD-4
500019605001032,ADD-4
500019605001033,ADD-4
500019605001034,ADD-4
500019605001035,ADD-4
500019605001036,ADD-4
500019605001037,ADD-4
500019605001038,ADD-4
500019605001039,ADD-4
500019605001040,ADD-4
500019605001041,ADD-4
500019605001042,ADD-4
500019605001043,ADD-4
500019605001044,ADD-4
500019605001045,ADD-4
500019605001046,ADD-4
500019605001047,ADD-4
500019605002000,ADD-4
500019605002001,ADD-4
500019605002002,ADD-4
500019605002003,ADD-4
500019605002004,ADD-4
500019605002005,ADD-4
500019605002006,ADD-4
500019605002007,ADD-4
500019605002008,ADD-4
500019605002009,ADD-4
500019605002010,ADD-4
500019605002011,ADD-4
500019605002012,ADD-4
500019605002013,ADD-4
500019605002014,ADD-4
500019605002015,ADD-4
500019605002016,ADD-4
500019605003000,ADD-4
500019605003001,ADD-4
500019605003002,ADD-4
500019605003003,ADD-4
500019605003004,ADD-4
500019605003005,ADD-4
500019605003006,ADD-4
500019605003007,ADD-4
500019605003008,ADD-4
500019605003009,ADD-4
500019605003010,ADD-4
500019605003011,ADD-4
500019605003012,ADD-4
500019605003013,ADD-4
500019605003014,ADD-4
500019605003015,ADD-4
500019605003016,ADD-4
500019605003017,ADD-4
500019605003018,ADD-4
500019605003019,ADD-4
500019605003020,ADD-4
500019605003021,ADD-4
500019605003022,ADD-4
500019605003023,ADD-4
500019605003024,ADD-4
500019605003025,ADD-4
500019605003026,ADD-4
500019604004000,ADD-5
500019604004001,ADD-5
500019604004002,ADD-5
500019604004003,ADD-5
500019604004004,ADD-5
500019604004005,ADD-5
500019604004006,ADD-5
500019604004007,ADD-5
500019604004008,ADD-5
500019604004009,ADD-5
500019604004010,ADD-5
500019604004011,ADD-5
500019604004012,ADD-5
500019604004013,ADD-5
500019604004014,ADD-5
500019604004015,ADD-5
500019604004016,ADD-5
500019604004017,ADD-5
500019604004018,ADD-5
500019604004019,ADD-5
500019604004020,ADD-5
500019604004021,ADD-5
500019604004022,ADD-5
500019604004023,ADD-5
500019604004024,ADD-5
500019604004025,ADD-5
500019604004026,ADD-5
500019604004027,ADD-5
500019604004028,ADD-5
500019604004029,ADD-5
500019604004030,ADD-5
500019604004031,ADD-5
500019604004032,ADD-5
500019604004033,ADD-5
500019604004034,ADD-5
500019604004035,ADD-5
500019604004036,ADD-5
500019604004037,ADD-5
500019604004038,ADD-5
500019604004039,ADD-5
500019604004040,ADD-5
500019604004041,ADD-5
500019604004042,ADD-5
500019604004043,ADD-5
500019604004044,ADD-5
500019604004045,ADD-5
500019604004046,ADD-5
500019604004047,ADD-5
500019604004048,ADD-5
500019604004049,ADD-5
500019604004050,ADD-5
500019604004051,ADD-5
500019604004052,ADD-5
500019604004053,ADD-5
500019604004054,ADD-5
500019604004055,ADD-5
500019604004056,ADD-5
500019604004057,ADD-5
500019604004058,ADD-5
500019604004059,ADD-5
500019604004060,ADD-5
500019604004061,ADD-5
500019604004062,ADD-5
500019604004063,ADD-5
500019604004064,ADD-5
500019604004065,ADD-5
500019604004066,ADD-5
500019604004067,ADD-5
500019604002000,ADD-3
500019604002001,ADD-3
500019604002002,ADD-3
500019604002003,ADD-3
500019604002004,ADD-3
500019604002005,ADD-3
500019604002006,ADD-3
500019604002007,ADD-3
500019604002008,ADD-3
500019604002009,ADD-3
500019604002010,ADD-3
500019604002011,ADD-3
500019604002046,ADD-3
500019604002047,ADD-3
500019602001000,ADD-3
500019602001001,ADD-3
500019602001002,ADD-3
500019602001003,ADD-3
500019602001004,ADD-3
500019602001005,ADD-3
500019602001006,ADD-3
500019602001007,ADD-3
500019602001008,ADD-3
500019602001009,ADD-3
500019602001010,ADD-3
500019602001011,ADD-3
500019602001012,ADD-3
500019602001013,ADD-3
500019602001014,ADD-3
500019602001015,ADD-3
500019602001016,ADD-3
500019602001017,ADD-3
500019602001018,ADD-3
500019602001019,ADD-3
500019602001020,ADD-3
500019602001021,ADD-3
500019602001022,ADD-3
500019602001023,ADD-3
500019602001024,ADD-3
500019602001025,ADD-3
500019602001026,ADD-3
500019602001027,ADD-3
500019602001028,ADD-3
500019602001029,ADD-3
500019602001030,ADD-3
500019602001031,ADD-3
500019602001032,ADD-3
500019602001033,ADD-3
500019602001034,ADD-3
500019602001035,ADD-3
500019602001036,ADD-3
500019602001037,ADD-3
500019602001038,ADD-3
500019602001039,ADD-3
500019602001040,ADD-3
500019602001041,ADD-3
500019602001042,ADD-3
500019602001043,ADD-3
500019602001044,ADD-3
500019602001045,ADD-3
500019602001046,ADD-3
500019602001047,ADD-3
500019602001048,ADD-3
500019602001049,ADD-3
500019602001050,ADD-3
500019602001051,ADD-3
500019602001052,ADD-3
500019602001053,ADD-3
500019602001054,ADD-3
500019602001055,ADD-3
500019602001056,ADD-3
500019602001057,ADD-3
500019602001058,ADD-3
500019602001059,ADD-3
500019602001060,ADD-3
500019602001061,ADD-3
500019602001062,ADD-3
500019602001063,ADD-3
500019602001064,ADD-3
500019602001065,ADD-3
500019602001066,ADD-3
500019602001067,ADD-3
500019602001068,ADD-3
500019602001069,ADD-3
500019602001070,ADD-3
500019602001071,ADD-3
500019602001072,ADD-3
500019602001073,ADD-3
500019602001074,ADD-3
500019602001075,ADD-3
500019602001076,ADD-3
500019602001077,ADD-3
500019602001078,ADD-3
500019602001079,ADD-3
500019602001080,ADD-3
500019602001081,ADD-3
500019602001082,ADD-3
500019602001083,ADD-3
500019602002000,ADD-3
500019602002001,ADD-3
500019602002002,ADD-3
500019602002003,ADD-3
500019602002004,ADD-3
500019602002005,ADD-3
500019602002006,ADD-3
500019602002007,ADD-3
500019602002008,ADD-3
500019602002009,ADD-3
500019602002010,ADD-3
500019602002011,ADD-3
500019602002012,ADD-3
500019602002013,ADD-3
500019602002014,ADD-3
500019602002015,ADD-3
500019602002016,ADD-3
500019602002017,ADD-3
500019602002018,ADD-3
500019602002019,ADD-3
500019602002020,ADD-3
500019602002021,ADD-3
500019602002022,ADD-3
500019602002023,ADD-3
500019602002024,ADD-3
500019602002025,ADD-3
500019602002026,ADD-3
500019602002027,ADD-3
500019602002028,ADD-3
500019602002029,ADD-3
500019602002030,ADD-3
500019602002031,ADD-3
500019602002032,ADD-3
500019602002033,ADD-3
500019602002034,ADD-3
500019602002035,ADD-3
500019602002036,ADD-3
500019602002037,ADD-3
500019602002038,ADD-3
500019602002039,ADD-3
500019602002040,ADD-3
500019602002041,ADD-3
500019602002042,ADD-3
500019602002043,ADD-3
500019602002044,ADD-3
500019602002045,ADD-3
500019602002046,ADD-3
500019602002047,ADD-3
500019602002048,ADD-3
500019602002049,ADD-3
500019602002050,ADD-3
500019602002051,ADD-3
500019602002052,ADD-3
500019602002053,ADD-3
500019602002054,ADD-3
500019602002055,ADD-3
500019602002056,ADD-3
500019602002057,ADD-3
500019602002058,ADD-3
500019602002059,ADD-3
500019602002060,ADD-3
500019602002061,ADD-3
500019602002062,ADD-3
500019602002063,ADD-3
500019602002064,ADD-3
500019602002065,ADD-3
500019602002066,ADD-3
500019602002067,ADD-3
500019602002068,ADD-3
500019602002069,ADD-3
500019602002070,ADD-3
500019602002071,ADD-3
500019602002072,ADD-3
500019602002073,ADD-3
500019602002074,ADD-3
500019602002075,ADD-3
500019602002076,ADD-3
500019602002077,ADD-3
500019602002078,ADD-3
500019602002079,ADD-3
500019602002080,ADD-3
500019602002081,ADD-3
500019602002082,ADD-3
500019602002083,ADD-3
500019602002084,ADD-3
500019602002085,ADD-3
500019604002012,ADD-3
500019604002013,ADD-3
500019604002014,ADD-3
500019604002015,ADD-3
500019604002016,ADD-3
500019604002017,ADD-3
500019604002018,ADD-3
500019604002019,ADD-3
500019604002020,ADD-3
500019604002021,ADD-3
500019604002022,ADD-3
500019604002023,ADD-3
500019604002024,ADD-3
500019604002025,ADD-3
500019604002026,ADD-3
500019604002027,ADD-3
500019604002028,ADD-3
500019604002029,ADD-3
500019604002030,ADD-3
500019604002031,ADD-3
500019604002032,ADD-3
500019604002033,ADD-3
500019604002034,ADD-3
500019604002035,ADD-3
500019604002036,ADD-3
500019604002037,ADD-3
500019604002038,ADD-3
500019604002039,ADD-3
500019604002040,ADD-3
500019604002041,ADD-3
500019604002042,ADD-3
500019604002043,ADD-3
500019604002044,ADD-3
500019604002045,ADD-3
500019604002048,ADD-3
500019604002049,ADD-3
500019604002050,ADD-3
500019604002051,ADD-3
500019604002052,ADD-3
500179597001000,ORA-2
500179597001001,ORA-2
500179597001002,ORA-2
500179597001003,ORA-2
500179597001004,ORA-2
500179597001005,ORA-2
500179597001006,ORA-2
500179597001007,ORA-2
500179597001008,ORA-2
500179597001009,ORA-2
500179597001010,ORA-2
500179597001011,ORA-2
500179597001012,ORA-2
500179597001013,ORA-2
500179597001014,ORA-2
500179597001015,ORA-2
500179597001016,ORA-2
500179597001017,ORA-2
500179597001018,ORA-2
500179597001019,ORA-2
500179597001020,ORA-2
500179597001021,ORA-2
500179597001022,ORA-2
500179597001023,ORA-2
500179597001024,ORA-2
500179597001025,ORA-2
500179597001026,ORA-2
500179597001027,ORA-2
500179597001028,ORA-2
500179597001029,ORA-2
500179597001030,ORA-2
500179597001031,ORA-2
500179597001032,ORA-2
500179597001033,ORA-2
500179597001034,ORA-2
500179597001035,ORA-2
500179597001036,ORA-2
500179597001037,ORA-2
500179597001038,ORA-2
500179597001039,ORA-2
500179597001040,ORA-2
500179597001041,ORA-2
500179597001042,ORA-2
500179597001043,ORA-2
500179597002000,ORA-2
500179597002001,ORA-2
500179597002002,ORA-2
500179597002003,ORA-2
500179597002004,ORA-2
500179597002005,ORA-2
500179597002006,ORA-2
500179597002007,ORA-2
500179597002008,ORA-2
500179597002009,ORA-2
500179597002010,ORA-2
500179597002011,ORA-2
500179597002012,ORA-2
500179597002013,ORA-2
500179597002014,ORA-2
500179597002015,ORA-2
500179597002016,ORA-2
500179597002017,ORA-2
500179597002018,ORA-2
500179597002019,ORA-2
500179597002020,ORA-2
500179597002021,ORA-2
500179597002022,ORA-2
500179597002023,ORA-2
500179597002024,ORA-2
500179597002025,ORA-2
500179597002026,ORA-2
500179597002027,ORA-2
500179597002028,ORA-2
500179597002029,ORA-2
500179597002030,ORA-2
500179597002031,ORA-2
500179597002032,ORA-2
500179597002033,ORA-2
500179597002034,ORA-2
500179597002035,ORA-2
500179597002036,ORA-2
500179597002037,ORA-2
500179597002038,ORA-2
500179597002039,ORA-2
500179597002040,ORA-2
500179597002041,ORA-2
500179597002042,ORA-2
500179597002043,ORA-2
500179597002044,ORA-2
500179597002045,ORA-2
500179597002046,ORA-2
500179597002047,ORA-2
500179597002048,ORA-2
500179597002049,ORA-2
500179596001000,WDR-ORA-2
500179596001001,WDR-ORA-2
500179596001002,WDR-ORA-2
500179596001003,WDR-ORA-2
500179596001004,WDR-ORA-2
500179596001005,WDR-ORA-2
500179596001006,WDR-ORA-2
500179596001007,WDR-ORA-2
500179596001008,WDR-ORA-2
500179596001009,WDR-ORA-2
500179596001010,WDR-ORA-2
500179596001011,WDR-ORA-2
500179596001012,WDR-ORA-2
500179596001013,WDR-ORA-2
500179596001014,WDR-ORA-2
500179596001015,WDR-ORA-2
500179596001016,WDR-ORA-2
500179596001017,WDR-ORA-2
500179596001018,WDR-ORA-2
500179596001019,WDR-ORA-2
500179596001020,WDR-ORA-2
500179596001021,WDR-ORA-2
500179596001022,WDR-ORA-2
500179596001023,WDR-ORA-2
500179596001024,WDR-ORA-2
500179596001025,WDR-ORA-2
500179596001026,WDR-ORA-2
500179596001027,WDR-ORA-2
500179596001028,WDR-ORA-2
500179596001029,WDR-ORA-2
500179596001030,WDR-ORA-2
500179596001031,WDR-ORA-2
500179596001032,WDR-ORA-2
500179596001033,WDR-ORA-2
500179596001034,WDR-ORA-2
500179596002000,WDR-ORA-2
500179596002001,WDR-ORA-2
500179596002002,WDR-ORA-2
500179596002003,WDR-ORA-2
500179596002004,WDR-ORA-2
500179596002005,WDR-ORA-2
500179596002006,WDR-ORA-2
500179596002007,WDR-ORA-2
500179596002008,WDR-ORA-2
500179596002009,WDR-ORA-2
500179596002010,WDR-ORA-2
500179596002011,WDR-ORA-2
500179596002012,WDR-ORA-2
500179596002013,WDR-ORA-2
500179596002014,WDR-ORA-2
500179596002015,WDR-ORA-2
500179596002016,WDR-ORA-2
500179596002017,WDR-ORA-2
500179596002018,WDR-ORA-2
500179596002019,WDR-ORA-2
500179596002020,WDR-ORA-2
500179596002021,WDR-ORA-2
500179596002022,WDR-ORA-2
500179596002023,WDR-ORA-2
500179596002024,WDR-ORA-2
500179596002025,WDR-ORA-2
500179596002026,WDR-ORA-2
500179596002027,WDR-ORA-2
500179596002028,WDR-ORA-2
500179596002029,WDR-ORA-2
500179596002030,WDR-ORA-2
500179596002031,WDR-ORA-2
500179596002032,WDR-ORA-2
500179596002033,WDR-ORA-2
500179596002034,WDR-ORA-2
500179596002035,WDR-ORA-2
500179596002036,WDR-ORA-2
500179596002037,WDR-ORA-2
500179596002038,WDR-ORA-2
500179596002039,WDR-ORA-2
500179596002040,WDR-ORA-2
500179596002041,WDR-ORA-2
500179596002042,WDR-ORA-2
500179596002043,WDR-ORA-2
500179596002044,WDR-ORA-2
500179596002045,WDR-ORA-2
500179596002046,WDR-ORA-2
500179596002047,WDR-ORA-2
500179596002048,WDR-ORA-2
500179596002049,WDR-ORA-2
500179596002050,WDR-ORA-2
500179596002051,WDR-ORA-2
500179596002052,WDR-ORA-2
500179596002053,WDR-ORA-2
500179596002054,WDR-ORA-2
500179596002055,WDR-ORA-2
500179596003000,WDR-ORA-2
500179596003001,WDR-ORA-2
500179596003002,WDR-ORA-2
500179596003003,WDR-ORA-2
500179596003004,WDR-ORA-2
500179596003005,WDR-ORA-2
500179596003006,WDR-ORA-2
500179596003007,WDR-ORA-2
500179596003008,WDR-ORA-2
500179596003009,WDR-ORA-2
500179596003010,WDR-ORA-2
500179596003011,WDR-ORA-2
500179596003012,WDR-ORA-2
500179596003013,WDR-ORA-2
500179596003014,WDR-ORA-2
500179596003015,WDR-ORA-2
500179596003016,WDR-ORA-2
500179596003017,WDR-ORA-2
500179596003018,WDR-ORA-2
500179596003019,WDR-ORA-2
500179596003020,WDR-ORA-2
500179596003021,WDR-ORA-2
500179596003022,WDR-ORA-2
500179596003023,WDR-ORA-2
500179596003024,WDR-ORA-2
500179596003025,WDR-ORA-2
500179596003026,WDR-ORA-2
500179596003027,WDR-ORA-2
500179596003028,WDR-ORA-2
500179596003029,WDR-ORA-2
500179596003030,WDR-ORA-2
500179596003031,WDR-ORA-2
500179596003032,WDR-ORA-2
500179596003033,WDR-ORA-2
500179596003034,WDR-ORA-2
500179596003035,WDR-ORA-2
500179596003036,WDR-ORA-2
500179596003037,WDR-ORA-2
500179596003038,WDR-ORA-2
500179596003039,WDR-ORA-2
500179596003040,WDR-ORA-2
500179596003041,WDR-ORA-2
500179595001000,ORA-1
500179595001001,ORA-1
500179595001002,ORA-1
500179595001003,ORA-1
500179595001004,ORA-1
500179595001005,ORA-1
500179595001006,ORA-1
500179595001007,ORA-1
500179595001008,ORA-1
500179595001009,ORA-1
500179595001010,ORA-1
500179595001011,ORA-1
500179595001012,ORA-1
500179595001013,ORA-1
500179595001014,ORA-1
500179595001015,ORA-1
500179595001016,ORA-1
500179595001017,ORA-1
500179595001018,ORA-1
500179595001019,ORA-1
500179595001020,ORA-1
500179595001021,ORA-1
500179595001022,ORA-1
500179595001023,ORA-1
500179595001024,ORA-1
500179595001025,ORA-1
500179595001026,ORA-1
500179595001027,ORA-1
500179595001028,ORA-1
500179595001029,ORA-1
500179595001030,ORA-1
500179595001031,ORA-1
500179595001032,ORA-1
500179595001033,ORA-1
500179595001034,ORA-1
500179595001035,ORA-1
500179595001036,ORA-1
500179595001037,ORA-1
500179595001038,ORA-1
500179595001039,ORA-1
500179595001040,ORA-1
500179595001041,ORA-1
500179595001042,ORA-1
500179595001043,ORA-1
500179595001044,ORA-1
500179595001045,ORA-1
500179595001046,ORA-1
500179595001047,ORA-1
500179595001048,ORA-1
500179595001049,ORA-1
500179595001050,ORA-1
500179595001051,ORA-1
500279657001000,WDR-1
500279657001001,WDR-1
500279657001002,WDR-1
500279657001003,WDR-1
500279657001004,WDR-1
500279657001005,WDR-1
500279657001006,WDR-1
500279657001007,WDR-1
500279657001008,WDR-1
500279657001009,WDR-1
500279657001010,WDR-1
500279657001011,WDR-1
500279657001012,WDR-1
500279657001013,WDR-1
500279657001014,WDR-1
500279657001015,WDR-1
500279657001016,WDR-1
500279657001017,WDR-1
500279657001018,WDR-1
500279657001019,WDR-1
500279657001020,WDR-1
500279657001021,WDR-1
500279657001022,WDR-1
500279657001023,WDR-1
500279657001024,WDR-1
500279657001025,WDR-1
500279657001026,WDR-1
500279657001027,WDR-1
500279657001028,WDR-1
500279657001029,WDR-1
500279657001030,WDR-1
500279657001031,WDR-1
500279657001032,WDR-1
500279657001033,WDR-1
500279657001034,WDR-1
500279657001035,WDR-1
500279657001036,WDR-1
500279657001037,WDR-1
500279657001038,WDR-1
500279657001039,WDR-1
500279657001040,WDR-1
500279657001041,WDR-1
500279657001042,WDR-1
500279657001043,WDR-1
500279657001044,WDR-1
500279657001045,WDR-1
500279657002000,WDR-1
500279657002001,WDR-1
500279657002002,WDR-1
500279657002003,WDR-1
500279657002004,WDR-1
500279657002005,WDR-1
500279657002006,WDR-1
500279657002007,WDR-1
500279657002008,WDR-1
500279657002009,WDR-1
500279657002010,WDR-1
500279657002011,WDR-1
500279657002012,WDR-1
500279657002013,WDR-1
500279657002014,WDR-1
500279657002015,WDR-1
500279657002016,WDR-1
500279657002017,WDR-1
500279657002018,WDR-1
500279657002019,WDR-1
500279657002020,WDR-1
500279657002021,WDR-1
500279657002022,WDR-1
500279657002023,WDR-1
500279657002024,WDR-1
500279657002025,WDR-1
500279657003000,WDR-1
500279657003001,WDR-1
500279657003002,WDR-1
500279657003003,WDR-1
500279657003004,WDR-1
500279657003005,WDR-1
500279657003006,WDR-1
500279657003007,WDR-1
500279657003008,WDR-1
500279657003009,WDR-1
500279657003010,WDR-1
500279657003011,WDR-1
500279657003012,WDR-1
500279657003013,WDR-1
500279657003014,WDR-1
500279657003015,WDR-1
500279657003016,WDR-1
500279657003017,WDR-1
500279657003018,WDR-1
500279657003019,WDR-1
500279657003020,WDR-1
500279657003021,WDR-1
500279657003022,WDR-1
500279657003023,WDR-1
500279657003024,WDR-1
500279657003025,WDR-1
500279657003026,WDR-1
500279657003027,WDR-1
500279657003028,WDR-1
500279657003029,WDR-1
500279657003030,WDR-1
500279657003031,WDR-1
500279657003032,WDR-1
500279657003033,WDR-1
500279657003034,WDR-1
500279657003035,WDR-1
500279657003036,WDR-1
500279657003037,WDR-1
500279657003038,WDR-1
500279657003039,WDR-1
500279657003040,WDR-1
500279657003041,WDR-1
500279657003042,WDR-1
500279657003043,WDR-1
500279657003044,WDR-1
500279657003045,WDR-1
500279657003046,WDR-1
500279657003047,WDR-1
500279657003048,WDR-1
500279657003049,WDR-1
500279657003050,WDR-1
500279657003051,WDR-1
500279657003052,WDR-1
500279657003053,WDR-1
500279657003054,WDR-1
500279657003055,WDR-1
500279657003056,WDR-1
500279657003057,WDR-1
500279657003058,WDR-1
500279657003059,WDR-1
500279657003060,WDR-1
500279657003061,WDR-1
500279657003062,WDR-1
500279657003063,WDR-1
500279657003064,WDR-1
500279657003065,WDR-1
500279657003066,WDR-1
500279657003067,WDR-1
500279657003068,WDR-1
500279657003069,WDR-1
500279657003070,WDR-1
500279657003071,WDR-1
500279657003072,WDR-1
500279657003073,WDR-1
500279657003074,WDR-1
500279657003075,WDR-1
500279657003076,WDR-1
500279657003077,WDR-1
500279655011000,WDR-6
500279655011001,WDR-6
500279655011005,WDR-6
500279655011006,WDR-6
500279655011007,WDR-6
500279655011008,WDR-6
500279655011009,WDR-6
500279655011010,WDR-6
500279655011011,WDR-6
500279655011012,WDR-6
500279655011013,WDR-6
500279655011014,WDR-6
500279655011015,WDR-6
500279655011016,WDR-6
500279655011017,WDR-6
500279655011018,WDR-6
500279655011019,WDR-6
500279655011020,WDR-6
500279655011021,WDR-6
500279655011022,WDR-6
500279655011023,WDR-6
500279655011024,WDR-6
500279655011025,WDR-6
500279655011026,WDR-6
500279655011027,WDR-6
500279655011028,WDR-6
500279655011029,WDR-6
500279655011030,WDR-6
500279655011031,WDR-6
500279655011032,WDR-6
500279655011033,WDR-6
500279655011034,WDR-6
500279655011035,WDR-6
500279655011036,WDR-6
500279655011037,WDR-6
500279655011038,WDR-6
500279655011039,WDR-6
500279655011040,WDR-6
500279655011041,WDR-6
500279655011042,WDR-6
500279655011043,WDR-6
500279655011044,WDR-6
500279655011045,WDR-6
500279655011046,WDR-6
500279655011047,WDR-6
500279655011048,WDR-6
500279655011049,WDR-6
500279655011051,WDR-6
500279655011052,WDR-6
500279655011053,WDR-6
500279655011054,WDR-6
500279655011055,WDR-6
500279655011056,WDR-6
500279655011057,WDR-6
500279655012024,WDR-6
500279655012025,WDR-6
500279655013037,WDR-6
500279655013038,WDR-6
500279655013039,WDR-6
500279655013040,WDR-6
500279655013043,WDR-6
500279655013044,WDR-6
500279655013045,WDR-6
500279655013046,WDR-6
500279655013048,WDR-6
500279655013049,WDR-6
500279655013050,WDR-6
500279655013051,WDR-6
500279655013052,WDR-6
500279655013053,WDR-6
500279655013054,WDR-6
500279655013055,WDR-6
500279655013056,WDR-6
500279655013057,WDR-6
500279655021032,WDR-6
500279655021039,WDR-6
500279655021040,WDR-6
500279655022000,WDR-6
500279655022001,WDR-6
500279655022002,WDR-6
500279655022003,WDR-6
500279655022004,WDR-6
500279655022005,WDR-6
500279655022006,WDR-6
500279655022007,WDR-6
500279655022008,WDR-6
500279655022009,WDR-6
500279655022010,WDR-6
500279655022011,WDR-6
500279655022012,WDR-6
500279655022013,WDR-6
500279655022014,WDR-6
500279655022016,WDR-6
500279655022017,WDR-6
500279655022018,WDR-6
500279655022019,WDR-6
500279655022020,WDR-6
500279655022021,WDR-6
500279655023000,WDR-6
500279655023001,WDR-6
500279655023002,WDR-6
500279655023003,WDR-6
500279655023004,WDR-6
500279655023005,WDR-6
500279655023006,WDR-6
500279655023007,WDR-6
500279655023008,WDR-6
500279655023009,WDR-6
500279655023010,WDR-6
500279655023011,WDR-6
500279655023012,WDR-6
500279655023013,WDR-6
500279655023014,WDR-6
500279655023015,WDR-6
500279655023016,WDR-6
500279655023017,WDR-6
500279655023018,WDR-6
500279655023019,WDR-6
500279655023020,WDR-6
500279656001000,WDR-6
500279656001001,WDR-6
500279656001002,WDR-6
500279656001003,WDR-6
500279656001004,WDR-6
500279656001005,WDR-6
500279656001006,WDR-6
500279656001007,WDR-6
500279656001008,WDR-6
500279656001009,WDR-6
500279656001010,WDR-6
500279656001011,WDR-6
500279656001012,WDR-6
500279656001013,WDR-6
500279656001014,WDR-6
500279656001015,WDR-6
500279656001016,WDR-6
500279656001017,WDR-6
500279656001018,WDR-6
500279656001019,WDR-6
500279656002000,WDR-6
500279656002001,WDR-6
500279656002002,WDR-6
500279656002003,WDR-6
500279656002004,WDR-6
500279656002005,WDR-6
500279656002006,WDR-6
500279656002007,WDR-6
500279656002008,WDR-6
500279656003000,WDR-6
500279656003001,WDR-6
500279656003002,WDR-6
500279656003003,WDR-6
500279656003004,WDR-6
500279656003005,WDR-6
500279656003006,WDR-6
500279656003007,WDR-6
500279656003008,WDR-6
500279656003009,WDR-6
500279656003010,WDR-6
500279656003011,WDR-6
500279656003012,WDR-6
500279656003013,WDR-6
500279656003014,WDR-6
500279656003015,WDR-6
500279656003016,WDR-6
500279656003017,WDR-6
500279656003018,WDR-6
500279656003019,WDR-6
500279656003020,WDR-6
500279656003021,WDR-6
500279656003022,WDR-6
500279656003023,WDR-6
500279656004000,WDR-6
500279656004001,WDR-6
500279656004002,WDR-6
500279656004003,WDR-6
500279656004004,WDR-6
500279656004005,WDR-6
500279656004006,WDR-6
500279656004007,WDR-6
500279656004008,WDR-6
500279656004009,WDR-6
500279656004010,WDR-6
500279656004011,WDR-6
500279656004012,WDR-6
500279656004013,WDR-6
500279656004014,WDR-6
500279656004015,WDR-6
500279656004016,WDR-6
500279656004017,WDR-6
500279656004018,WDR-6
500279656004019,WDR-6
500279656004020,WDR-6
500279656004021,WDR-6
500279656004022,WDR-6
500279656004023,WDR-6
500279656004024,WDR-6
500279656004025,WDR-6
500279656004026,WDR-6
500279656004027,WDR-6
500279656004028,WDR-6
500279656004029,WDR-6
500279656004030,WDR-6
500279656004031,WDR-6
500279656004032,WDR-6
500279656004033,WDR-6
500279656004034,WDR-6
500279656004035,WDR-6
500279656004036,WDR-6
500279656005000,WDR-6
500279656005001,WDR-6
500279656005002,WDR-6
500279656005003,WDR-6
500279656005004,WDR-6
500279656005005,WDR-6
500279656005006,WDR-6
500279656005007,WDR-6
500279656005008,WDR-6
500279656005009,WDR-6
500279656005010,WDR-6
500279656005011,WDR-6
500279656005012,WDR-6
500279656005013,WDR-6
500279656005014,WDR-6
500279656005015,WDR-6
500279656005016,WDR-6
500279656005017,WDR-6
500279656005018,WDR-6
500279656005019,WDR-6
500279656005020,WDR-6
500279656005021,WDR-6
500279656005022,WDR-6
500279656005023,WDR-6
500279656005024,WDR-6
500279656005025,WDR-6
500279656005026,WDR-6
500279656005027,WDR-6
500179595003000,WDR-ORA-1
500179595003001,WDR-ORA-1
500179595003002,WDR-ORA-1
500179595003003,WDR-ORA-1
500179595003004,WDR-ORA-1
500179595003005,WDR-ORA-1
500179595003006,WDR-ORA-1
500179595003007,WDR-ORA-1
500179595003008,WDR-ORA-1
500179595003009,WDR-ORA-1
500179595003010,WDR-ORA-1
500179595003011,WDR-ORA-1
500179595003012,WDR-ORA-1
500179595003013,WDR-ORA-1
500179595003014,WDR-ORA-1
500179595003015,WDR-ORA-1
500179595003016,WDR-ORA-1
500179595003017,WDR-ORA-1
500179595003018,WDR-ORA-1
500179595003019,WDR-ORA-1
500179595003020,WDR-ORA-1
500179595003021,WDR-ORA-1
500179595003022,WDR-ORA-1
500179595003023,WDR-ORA-1
500179595003024,WDR-ORA-1
500179595003025,WDR-ORA-1
500179595003026,WDR-ORA-1
500179595003027,WDR-ORA-1
500179595003028,WDR-ORA-1
500179595003029,WDR-ORA-1
500179595003030,WDR-ORA-1
500179595003031,WDR-ORA-1
500179595003032,WDR-ORA-1
500179595003033,WDR-ORA-1
500179595003034,WDR-ORA-1
500179595003035,WDR-ORA-1
500179595003036,WDR-ORA-1
500179595003037,WDR-ORA-1
500179595003038,WDR-ORA-1
500179595003039,WDR-ORA-1
500179595003040,WDR-ORA-1
500179595003041,WDR-ORA-1
500179595003042,WDR-ORA-1
500179595003043,WDR-ORA-1
500179595003044,WDR-ORA-1
500179595003045,WDR-ORA-1
500179595003046,WDR-ORA-1
500179595003047,WDR-ORA-1
500179595003048,WDR-ORA-1
500179595003049,WDR-ORA-1
500179595003050,WDR-ORA-1
500179595003051,WDR-ORA-1
500179595003052,WDR-ORA-1
500179595003053,WDR-ORA-1
500179595003054,WDR-ORA-1
500179595003055,WDR-ORA-1
500179595003056,WDR-ORA-1
500179595003057,WDR-ORA-1
500179595003058,WDR-ORA-1
500179595003059,WDR-ORA-1
500179595003060,WDR-ORA-1
500179595003061,WDR-ORA-1
500179595003062,WDR-ORA-1
500179595003063,WDR-ORA-1
500179595003064,WDR-ORA-1
500179595003065,WDR-ORA-1
500179595003066,WDR-ORA-1
500179595003067,WDR-ORA-1
500179595003068,WDR-ORA-1
500179595003069,WDR-ORA-1
500179595003070,WDR-ORA-1
500179595003071,WDR-ORA-1
500179595003072,WDR-ORA-1
500179595003073,WDR-ORA-1
500179595003074,WDR-ORA-1
500179595003075,WDR-ORA-1
500179595003076,WDR-ORA-1
500179595003077,WDR-ORA-1
500179595003078,WDR-ORA-1
500179595003079,WDR-ORA-1
500179595003080,WDR-ORA-1
500179595003081,WDR-ORA-1
500179595003082,WDR-ORA-1
500179595003083,WDR-ORA-1
500179595003084,WDR-ORA-1
500179595003085,WDR-ORA-1
500179595003086,WDR-ORA-1
500179595003087,WDR-ORA-1
500179595003088,WDR-ORA-1
500179595003089,WDR-ORA-1
500179595003090,WDR-ORA-1
500179595003091,WDR-ORA-1
500179595003092,WDR-ORA-1
500179595003093,WDR-ORA-1
500179595003094,WDR-ORA-1
500179595003095,WDR-ORA-1
500179595003096,WDR-ORA-1
500179595003097,WDR-ORA-1
500179595003098,WDR-ORA-1
500179595003099,WDR-ORA-1
500279654001000,WDR-ORA-2
500279654001001,WDR-ORA-2
500279654001002,WDR-ORA-2
500279654001003,WDR-ORA-2
500279654001004,WDR-ORA-2
500279654001005,WDR-ORA-2
500279654001006,WDR-ORA-2
500279654001007,WDR-ORA-2
500279654001008,WDR-ORA-2
500279654001009,WDR-ORA-2
500279654001010,WDR-ORA-2
500279654001011,WDR-ORA-2
500279654001012,WDR-ORA-2
500279654001013,WDR-ORA-2
500279654001014,WDR-ORA-2
500279654001015,WDR-ORA-2
500279654001016,WDR-ORA-2
500279654001017,WDR-ORA-2
500279654001018,WDR-ORA-2
500279654001019,WDR-ORA-2
500279654001020,WDR-ORA-2
500279654001021,WDR-ORA-2
500279654001022,WDR-ORA-2
500279654001023,WDR-ORA-2
500279654001024,WDR-ORA-2
500279654001025,WDR-ORA-2
500279654001026,WDR-ORA-2
500279654001027,WDR-ORA-2
500279654001028,WDR-ORA-2
500279654001029,WDR-ORA-2
500279654001030,WDR-ORA-2
500279654001031,WDR-ORA-2
500279654001032,WDR-ORA-2
500279654001033,WDR-ORA-2
500279654001034,WDR-ORA-2
500279654001035,WDR-ORA-2
500279654001036,WDR-ORA-2
500279654001037,WDR-ORA-2
500279654001038,WDR-ORA-2
500279654001039,WDR-ORA-2
500279654001040,WDR-ORA-2
500279654001041,WDR-ORA-2
500279654001042,WDR-ORA-2
500279654001043,WDR-ORA-2
500279654001044,WDR-ORA-2
500279654001045,WDR-ORA-2
500279654001046,WDR-ORA-2
500279654001047,WDR-ORA-2
500279654001048,WDR-ORA-2
500279654001049,WDR-ORA-2
500279654001050,WDR-ORA-2
500279654001051,WDR-ORA-2
500279654001052,WDR-ORA-2
500279654001053,WDR-ORA-2
500279654001054,WDR-ORA-2
500279654001055,WDR-ORA-2
500279654001056,WDR-ORA-2
500279654001057,WDR-ORA-2
500279654001058,WDR-ORA-2
500279654001059,WDR-ORA-2
500279654001060,WDR-ORA-2
500279654001061,WDR-ORA-2
500279654001062,WDR-ORA-2
500279654001063,WDR-ORA-2
500279654001064,WDR-ORA-2
500279654001065,WDR-ORA-2
500279654001066,WDR-ORA-2
500279654001067,WDR-ORA-2
500279654001068,WDR-ORA-2
500279654001069,WDR-ORA-2
500279654001070,WDR-ORA-2
500279654001071,WDR-ORA-2
500279654001072,WDR-ORA-2
500279654001073,WDR-ORA-2
500279654001074,WDR-ORA-2
500279654001075,WDR-ORA-2
500279654001076,WDR-ORA-2
500279654001077,WDR-ORA-2
500279654001078,WDR-ORA-2
500279654001079,WDR-ORA-2
500279654001080,WDR-ORA-2
500279654001081,WDR-ORA-2
500179594001000,ORA-WAS-ADD
500179594001001,ORA-WAS-ADD
500179594001002,ORA-WAS-ADD
500179594001003,ORA-WAS-ADD
500179594001004,ORA-WAS-ADD
500179594001005,ORA-WAS-ADD
500179594001006,ORA-WAS-ADD
500179594001007,ORA-WAS-ADD
500179594001008,ORA-WAS-ADD
500179594001009,ORA-WAS-ADD
500179594001010,ORA-WAS-ADD
500179594001011,ORA-WAS-ADD
500179594001012,ORA-WAS-ADD
500179594001013,ORA-WAS-ADD
500179594001014,ORA-WAS-ADD
500179594001015,ORA-WAS-ADD
500179594001016,ORA-WAS-ADD
500179594001017,ORA-WAS-ADD
500179594001018,ORA-WAS-ADD
500179594001019,ORA-WAS-ADD
500179594001020,ORA-WAS-ADD
500179594001021,ORA-WAS-ADD
500179594001022,ORA-WAS-ADD
500179594001023,ORA-WAS-ADD
500179594001024,ORA-WAS-ADD
500179594001025,ORA-WAS-ADD
500179594001026,ORA-WAS-ADD
500179594001027,ORA-WAS-ADD
500179594001028,ORA-WAS-ADD
500179594001029,ORA-WAS-ADD
500179594001030,ORA-WAS-ADD
500179594001031,ORA-WAS-ADD
500179594001032,ORA-WAS-ADD
500179594001033,ORA-WAS-ADD
500179594001034,ORA-WAS-ADD
500179594001035,ORA-WAS-ADD
500179594001036,ORA-WAS-ADD
500179594001037,ORA-WAS-ADD
500179594001038,ORA-WAS-ADD
500179594001039,ORA-WAS-ADD
500179594001040,ORA-WAS-ADD
500179594001041,ORA-WAS-ADD
500179594001042,ORA-WAS-ADD
500179594001043,ORA-WAS-ADD
500179594001044,ORA-WAS-ADD
500179594001045,ORA-WAS-ADD
500179594001046,ORA-WAS-ADD
500179594001047,ORA-WAS-ADD
500179594001048,ORA-WAS-ADD
500179594001049,ORA-WAS-ADD
500179594001050,ORA-WAS-ADD
500179594001051,ORA-WAS-ADD
500179594001052,ORA-WAS-ADD
500179594001053,ORA-WAS-ADD
500179594001054,ORA-WAS-ADD
500179594001055,ORA-WAS-ADD
500179594001056,ORA-WAS-ADD
500179594001057,ORA-WAS-ADD
500179594001058,ORA-WAS-ADD
500179594001059,ORA-WAS-ADD
500179594001060,ORA-WAS-ADD
500179594001061,ORA-WAS-ADD
500179594001062,ORA-WAS-ADD
500179594001063,ORA-WAS-ADD
500179594001064,ORA-WAS-ADD
500179594001065,ORA-WAS-ADD
500179594001066,ORA-WAS-ADD
500179594001067,ORA-WAS-ADD
500179594002000,ORA-WAS-ADD
500179594002001,ORA-WAS-ADD
500179594002002,ORA-WAS-ADD
500179594002003,ORA-WAS-ADD
500179594002004,ORA-WAS-ADD
500179594002005,ORA-WAS-ADD
500179594002006,ORA-WAS-ADD
500179594002007,ORA-WAS-ADD
500179594002008,ORA-WAS-ADD
500179594002009,ORA-WAS-ADD
500179594002010,ORA-WAS-ADD
500179594002011,ORA-WAS-ADD
500179594002012,ORA-WAS-ADD
500179594002013,ORA-WAS-ADD
500179594002014,ORA-WAS-ADD
500179594002015,ORA-WAS-ADD
500179594002016,ORA-WAS-ADD
500179594002017,ORA-WAS-ADD
500179594002018,ORA-WAS-ADD
500179594002019,ORA-WAS-ADD
500179594002020,ORA-WAS-ADD
500179594002021,ORA-WAS-ADD
500179594002022,ORA-WAS-ADD
500179594002023,ORA-WAS-ADD
500179594002024,ORA-WAS-ADD
500179594002025,ORA-WAS-ADD
500179594002026,ORA-WAS-ADD
500179594002027,ORA-WAS-ADD
500179594002028,ORA-WAS-ADD
500179594002029,ORA-WAS-ADD
500179594002030,ORA-WAS-ADD
500179594002031,ORA-WAS-ADD
500179594002032,ORA-WAS-ADD
500179594002033,ORA-WAS-ADD
500179594002034,ORA-WAS-ADD
500179594002035,ORA-WAS-ADD
500179594002036,ORA-WAS-ADD
500179594002037,ORA-WAS-ADD
500179594002038,ORA-WAS-ADD
500179594002039,ORA-WAS-ADD
500179594002040,ORA-WAS-ADD
500179594002041,ORA-WAS-ADD
500179594002042,ORA-WAS-ADD
500179594002043,ORA-WAS-ADD
500179594002044,ORA-WAS-ADD
500179594002045,ORA-WAS-ADD
500179594002046,ORA-WAS-ADD
500179594002047,ORA-WAS-ADD
500179594002048,ORA-WAS-ADD
500179594002049,ORA-WAS-ADD
500179594002050,ORA-WAS-ADD
500179594002051,ORA-WAS-ADD
500179594002052,ORA-WAS-ADD
500179594002053,ORA-WAS-ADD
500179594002054,ORA-WAS-ADD
500179594002055,ORA-WAS-ADD
500179594002056,ORA-WAS-ADD
500179594002057,ORA-WAS-ADD
500179594002058,ORA-WAS-ADD
500179594002059,ORA-WAS-ADD
500179594002060,ORA-WAS-ADD
500179594002061,ORA-WAS-ADD
500179594002062,ORA-WAS-ADD
500179594002063,ORA-WAS-ADD
500179594002064,ORA-WAS-ADD
500179594002065,ORA-WAS-ADD
500179594002066,ORA-WAS-ADD
500179594002067,ORA-WAS-ADD
500179594002068,ORA-WAS-ADD
500179594003000,ORA-WAS-ADD
500179594003001,ORA-WAS-ADD
500179594003002,ORA-WAS-ADD
500179594003003,ORA-WAS-ADD
500179594003004,ORA-WAS-ADD
500179594003005,ORA-WAS-ADD
500179594003006,ORA-WAS-ADD
500179594003007,ORA-WAS-ADD
500179594003008,ORA-WAS-ADD
500179594003009,ORA-WAS-ADD
500179594003010,ORA-WAS-ADD
500179594003011,ORA-WAS-ADD
500179594003012,ORA-WAS-ADD
500179594003013,ORA-WAS-ADD
500179594003014,ORA-WAS-ADD
500179594003015,ORA-WAS-ADD
500179594003016,ORA-WAS-ADD
500179594003017,ORA-WAS-ADD
500179594003018,ORA-WAS-ADD
500179594003019,ORA-WAS-ADD
500179594003020,ORA-WAS-ADD
500179594003021,ORA-WAS-ADD
500179594003022,ORA-WAS-ADD
500179594003023,ORA-WAS-ADD
500179594003024,ORA-WAS-ADD
500179594003025,ORA-WAS-ADD
500179594003026,ORA-WAS-ADD
500179594003027,ORA-WAS-ADD
500179594003028,ORA-WAS-ADD
500179594003029,ORA-WAS-ADD
500179594003030,ORA-WAS-ADD
500179594003031,ORA-WAS-ADD
500179594003032,ORA-WAS-ADD
500179594003033,ORA-WAS-ADD
500179594003034,ORA-WAS-ADD
500179594003035,ORA-WAS-ADD
500179594003036,ORA-WAS-ADD
500179594003037,ORA-WAS-ADD
500179594003038,ORA-WAS-ADD
500179594003039,ORA-WAS-ADD
500179594003040,ORA-WAS-ADD
500179594003041,ORA-WAS-ADD
500179594003042,ORA-WAS-ADD
500179594003043,ORA-WAS-ADD
500179594003044,ORA-WAS-ADD
500179594003045,ORA-WAS-ADD
500179594003046,ORA-WAS-ADD
500179594003047,ORA-WAS-ADD
500179594003048,ORA-WAS-ADD
500179594003049,ORA-WAS-ADD
500279659021000,WDR-5
500279659021001,WDR-5
500279659021002,WDR-5
500279659021003,WDR-5
500279659021004,WDR-5
500279659021005,WDR-5
500279659021006,WDR-5
500279659021007,WDR-5
500279659021008,WDR-5
500279659021009,WDR-5
500279659021010,WDR-5
500279659021011,WDR-5
500279659021012,WDR-5
500279659021013,WDR-5
500279659021014,WDR-5
500279659021015,WDR-5
500279659021016,WDR-5
500279659021017,WDR-5
500279659021018,WDR-5
500279659021019,WDR-5
500279659021020,WDR-5
500279659021021,WDR-5
500279659021022,WDR-5
500279659021023,WDR-5
500279659021024,WDR-5
500279659021025,WDR-5
500279659021026,WDR-5
500279659021027,WDR-5
500279659021028,WDR-5
500279659021029,WDR-5
500279659021030,WDR-5
500279659021031,WDR-5
500279659021032,WDR-5
500279659021033,WDR-5
500279659021034,WDR-5
500279659021035,WDR-5
500279659021036,WDR-5
500279659021037,WDR-5
500279659021038,WDR-5
500279659021039,WDR-5
500279659021040,WDR-5
500279659021041,WDR-5
500279659021042,WDR-5
500279659021043,WDR-5
500279659021044,WDR-5
500279659021045,WDR-5
500279659021046,WDR-5
500279659021047,WDR-5
500279659021048,WDR-5
500279659021049,WDR-5
500279659021050,WDR-5
500279659021051,WDR-5
500279659021052,WDR-5
500279659021053,WDR-5
500279659021054,WDR-5
500279659021055,WDR-5
500279659021056,WDR-5
500279659021057,WDR-5
500279659021058,WDR-5
500279659021059,WDR-5
500279659021060,WDR-5
500279659021061,WDR-5
500279659021062,WDR-5
500279658001000,WDR-5
500279658001001,WDR-5
500279658001002,WDR-5
500279658001003,WDR-5
500279658001004,WDR-5
500279658001005,WDR-5
500279658001006,WDR-5
500279658001007,WDR-5
500279658001008,WDR-5
500279658001009,WDR-5
500279658001010,WDR-5
500279658001011,WDR-5
500279658001012,WDR-5
500279658001013,WDR-5
500279658001014,WDR-5
500279658001015,WDR-5
500279658001016,WDR-5
500279658001017,WDR-5
500279658001018,WDR-5
500279658001019,WDR-5
500279658001020,WDR-5
500279658001021,WDR-5
500279658001022,WDR-5
500279658001023,WDR-5
500279658001024,WDR-5
500279658001025,WDR-5
500279658001026,WDR-5
500279658001027,WDR-5
500279658001028,WDR-5
500279658001029,WDR-5
500279658001030,WDR-5
500279658001031,WDR-5
500279658001032,WDR-5
500279658001033,WDR-5
500279658001034,WDR-5
500279658001035,WDR-5
500279658001036,WDR-5
500279658001037,WDR-5
500279658001038,WDR-5
500279658001039,WDR-5
500279658001040,WDR-5
500279658001041,WDR-5
500279658001042,WDR-5
500279658001043,WDR-5
500279658001044,WDR-5
500279658001045,WDR-5
500279658001046,WDR-5
500279658001047,WDR-5
500279658001048,WDR-5
500279658001049,WDR-5
500279658001050,WDR-5
500279658001051,WDR-5
500279658001052,WDR-5
500279658001053,WDR-5
500279658001054,WDR-5
500279658001055,WDR-5
500279658001056,WDR-5
500279658001057,WDR-5
500279658002000,WDR-5
500279658002001,WDR-5
500279658002002,WDR-5
500279658002003,WDR-5
500279658002004,WDR-5
500279658002005,WDR-5
500279658002006,WDR-5
500279658002007,WDR-5
500279658002008,WDR-5
500279658002009,WDR-5
500279658002010,WDR-5
500279658002011,WDR-5
500279658002012,WDR-5
500279658002013,WDR-5
500279658002014,WDR-5
500279658002015,WDR-5
500279658002016,WDR-5
500279658002017,WDR-5
500279658002018,WDR-5
500279658002019,WDR-5
500279658002020,WDR-5
500279658002021,WDR-5
500279658002022,WDR-5
500279658002023,WDR-5
500279658002024,WDR-5
500279658002025,WDR-5
500279658002026,WDR-5
500279658002027,WDR-5
500279658002028,WDR-5
500279658002029,WDR-5
500279658002030,WDR-5
500279658002031,WDR-5
500279658002032,WDR-5
500279658002033,WDR-5
500279658002034,WDR-5
500279658002035,WDR-5
500279658002036,WDR-5
500279658002037,WDR-5
500279658002038,WDR-5
500279658002039,WDR-5
500279658002040,WDR-5
500279658002041,WDR-5
500279658002042,WDR-5
500279658002043,WDR-5
500279658002044,WDR-5
500279658002045,WDR-5
500279658003000,WDR-5
500279658003001,WDR-5
500279658003002,WDR-5
500279658003003,WDR-5
500279658003004,WDR-5
500279658003005,WDR-5
500279658003006,WDR-5
500279658003007,WDR-5
500279658003008,WDR-5
500279658003009,WDR-5
500279658003010,WDR-5
500279658003011,WDR-5
500279658003012,WDR-5
500279658003013,WDR-5
500279658003014,WDR-5
500279658003015,WDR-5
500279658003016,WDR-5
500279658003017,WDR-5
500279658003018,WDR-5
500279658003019,WDR-5
500279658003020,WDR-5
500279658003021,WDR-5
500279658003022,WDR-5
500279658003023,WDR-5
500279658003024,WDR-5
500279658003025,WDR-5
500279658003026,WDR-5
500279658003027,WDR-5
500279658003028,WDR-5
500279658003029,WDR-5
500279658003030,WDR-5
500279658003031,WDR-5
500279658003032,WDR-5
500279658003033,WDR-5
500279658003034,WDR-5
500279658003035,WDR-5
500279658003036,WDR-5
500279658003037,WDR-5
500279658003038,WDR-5
500279658003039,WDR-5
500279658003040,WDR-5
500279658003041,WDR-5
500279658003042,WDR-5
500279658003043,WDR-5
500279658003044,WDR-5
500279658003045,WDR-5
500279658003046,WDR-5
500279658003047,WDR-5
500279658003048,WDR-5
500279658003049,WDR-5
500279658003050,WDR-5
500279658003051,WDR-5
500279658003052,WDR-5
500279658003053,WDR-5
500279658003054,WDR-5
500279658003055,WDR-5
500279658003056,WDR-5
500279658003057,WDR-5
500279658003058,WDR-5
500279658003059,WDR-5
500279658003060,WDR-5
500279658003061,WDR-5
500279658003062,WDR-5
500279658003063,WDR-5
500279658003064,WDR-5
500279658003065,WDR-5
500279658003066,WDR-5
500279658003067,WDR-5
500279658003068,WDR-5
500279658003069,WDR-5
500279658003070,WDR-5
500279658003071,WDR-5
500279658003072,WDR-5
500279658003073,WDR-5
500279658003074,WDR-5
500279658003075,WDR-5
500279658003076,WDR-5
500279658003077,WDR-5
500279658003078,WDR-5
500279658003079,WDR-5
500279658003080,WDR-5
500179593002000,ORA-WAS-ADD
500179593002001,ORA-WAS-ADD
500179593002002,ORA-WAS-ADD
500179593002003,ORA-WAS-ADD
500179593002004,ORA-WAS-ADD
500179593002005,ORA-WAS-ADD
500179593002006,ORA-WAS-ADD
500179593002007,ORA-WAS-ADD
500179593002008,ORA-WAS-ADD
500179593002009,ORA-WAS-ADD
500179593002010,ORA-WAS-ADD
500179593002011,ORA-WAS-ADD
500179593002012,ORA-WAS-ADD
500179593002013,ORA-WAS-ADD
500179593002014,ORA-WAS-ADD
500179593002015,ORA-WAS-ADD
500179593002016,ORA-WAS-ADD
500179593002017,ORA-WAS-ADD
500179593002018,ORA-WAS-ADD
500179593002019,ORA-WAS-ADD
500179593002020,ORA-WAS-ADD
500179593002021,ORA-WAS-ADD
500179593002022,ORA-WAS-ADD
500179593002023,ORA-WAS-ADD
500179593002024,ORA-WAS-ADD
500179593002025,ORA-WAS-ADD
500179593002026,ORA-WAS-ADD
500179593002027,ORA-WAS-ADD
500179593002028,ORA-WAS-ADD
500179593002029,ORA-WAS-ADD
500179593002030,ORA-WAS-ADD
500179593002031,ORA-WAS-ADD
500179593002032,ORA-WAS-ADD
500179593002033,ORA-WAS-ADD
500179593002034,ORA-WAS-ADD
500179593002035,ORA-WAS-ADD
500179593002036,ORA-WAS-ADD
500179593002037,ORA-WAS-ADD
500179593002038,ORA-WAS-ADD
500179593002039,ORA-WAS-ADD
500179593002040,ORA-WAS-ADD
500179593002041,ORA-WAS-ADD
500179593002042,ORA-WAS-ADD
500179593002043,ORA-WAS-ADD
500179593002044,ORA-WAS-ADD
500179593002045,ORA-WAS-ADD
500179593002046,ORA-WAS-ADD
500179593002047,ORA-WAS-ADD
500179593002048,ORA-WAS-ADD
500179593002049,ORA-WAS-ADD
500179593002050,ORA-WAS-ADD
500179593002051,ORA-WAS-ADD
500179593002052,ORA-WAS-ADD
500179593002053,ORA-WAS-ADD
500179593002054,ORA-WAS-ADD
500179593002055,ORA-WAS-ADD
500179593002056,ORA-WAS-ADD
500179593002057,ORA-WAS-ADD
500179593002058,ORA-WAS-ADD
500179593002059,ORA-WAS-ADD
500179593002060,ORA-WAS-ADD
500179593002061,ORA-WAS-ADD
500179593002062,ORA-WAS-ADD
500179593002063,ORA-WAS-ADD
500179593002064,ORA-WAS-ADD
500179593002065,ORA-WAS-ADD
500179593002066,ORA-WAS-ADD
500179593002067,ORA-WAS-ADD
500179593002068,ORA-WAS-ADD
500179593002069,ORA-WAS-ADD
500279668002000,WDR-ADD
500279668002001,WDR-ADD
500279668002002,WDR-ADD
500279668002003,WDR-ADD
500279668002004,WDR-ADD
500279668002005,WDR-ADD
500279668002006,WDR-ADD
500279668002007,WDR-ADD
500279668002008,WDR-ADD
500279668002009,WDR-ADD
500279668002010,WDR-ADD
500279668002011,WDR-ADD
500279668002012,WDR-ADD
500279668002013,WDR-ADD
500279668002014,WDR-ADD
500279668002015,WDR-ADD
500279668002016,WDR-ADD
500279668002017,WDR-ADD
500279668002018,WDR-ADD
500279668002019,WDR-ADD
500279668002020,WDR-ADD
500279668002021,WDR-ADD
500279668002022,WDR-ADD
500279668002023,WDR-ADD
500279668002024,WDR-ADD
500279668002025,WDR-ADD
500279668002026,WDR-ADD
500279668002027,WDR-ADD
500279668002028,WDR-ADD
500279668002029,WDR-ADD
500279668002030,WDR-ADD
500279668002031,WDR-ADD
500279668002032,WDR-ADD
500279668002033,WDR-ADD
500279668002034,WDR-ADD
500279668002035,WDR-ADD
500279668002036,WDR-ADD
500279668002037,WDR-ADD
500279668002038,WDR-ADD
500279668002039,WDR-ADD
500279668002040,WDR-ADD
500279668002041,WDR-ADD
500279668002042,WDR-ADD
500279668002043,WDR-ADD
500279668002044,WDR-ADD
500279668002045,WDR-ADD
500279668002046,WDR-ADD
500279668002047,WDR-ADD
500279668002048,WDR-ADD
500279668002049,WDR-ADD
500279668002050,WDR-ADD
500279668002051,WDR-ADD
500279668002052,WDR-ADD
500279668002053,WDR-ADD
500279668002054,WDR-ADD
500279668002055,WDR-ADD
500279668002056,WDR-ADD
500279668002057,WDR-ADD
500279668002058,WDR-ADD
500279668002059,WDR-ADD
500279668002060,WDR-ADD
500279668002061,WDR-ADD
500279668002062,WDR-ADD
500279668002063,WDR-ADD
500279668002064,WDR-ADD
500279668002065,WDR-ADD
500279668002066,WDR-ADD
500279668002067,WDR-ADD
500279668002068,WDR-ADD
500279668002069,WDR-ADD
500279668002070,WDR-ADD
500279668002071,WDR-ADD
500279668002072,WDR-ADD
500279668002073,WDR-ADD
500279668002074,WDR-ADD
500279668002075,WDR-ADD
500279668002076,WDR-ADD
500279668002077,WDR-ADD
500279668002078,WDR-ADD
500279668002079,WDR-ADD
500279668002080,WDR-ADD
500279668002081,WDR-ADD
500279668002082,WDR-ADD
500279668002083,WDR-ADD
500279668002084,WDR-ADD
500279668002085,WDR-ADD
500279668002086,WDR-ADD
500279668002087,WDR-ADD
500279668002088,WDR-ADD
500279668002089,WDR-ADD
500279668002090,WDR-ADD
500279668002091,WDR-ADD
500279668002092,WDR-ADD
500279668002093,WDR-ADD
500279668002094,WDR-ADD
500279654004000,WDR-ADD
500279654004001,WDR-ADD
500279654004002,WDR-ADD
500279654004003,WDR-ADD
500279654004004,WDR-ADD
500279654004005,WDR-ADD
500279654004006,WDR-ADD
500279654004007,WDR-ADD
500279654004008,WDR-ADD
500279654004009,WDR-ADD
500279654004010,WDR-ADD
500279654004011,WDR-ADD
500279654004012,WDR-ADD
500279654004013,WDR-ADD
500279654004014,WDR-ADD
500279654004015,WDR-ADD
500279654004016,WDR-ADD
500279654004017,WDR-ADD
500279654004018,WDR-ADD
500279654004019,WDR-ADD
500279654004020,WDR-ADD
500279654004021,WDR-ADD
500279654004022,WDR-ADD
500279654004023,WDR-ADD
500279654004024,WDR-ADD
500279654004025,WDR-ADD
500279654004026,WDR-ADD
500279654004027,WDR-ADD
500279654004028,WDR-ADD
500279654004029,WDR-ADD
500279654004030,WDR-ADD
500279654004031,WDR-ADD
500279654004032,WDR-ADD
500279654004033,WDR-ADD
500279654004034,WDR-ADD
500279654004035,WDR-ADD
500279654004036,WDR-ADD
500279654004037,WDR-ADD
500279654004038,WDR-ADD
500279654004039,WDR-ADD
500279654004040,WDR-ADD
500279654004041,WDR-ADD
500279654004042,WDR-ADD
500279654004043,WDR-ADD
500279654004044,WDR-ADD
500279654004045,WDR-ADD
500279654004046,WDR-ADD
500279654004047,WDR-ADD
500279654004048,WDR-ADD
500279654004049,WDR-ADD
500279654004050,WDR-ADD
500279654004051,WDR-ADD
500279654004052,WDR-ADD
500279654004053,WDR-ADD
500279654004054,WDR-ADD
500279654004055,WDR-ADD
500279654004056,WDR-ADD
500279654004057,WDR-ADD
500279654004058,WDR-ADD
500279654004059,WDR-ADD
500279654004060,WDR-ADD
500239555011000,WAS-1
500239555011001,WAS-1
500239555011002,WAS-1
500239555011003,WAS-1
500239555011004,WAS-1
500239555011005,WAS-1
500239555011006,WAS-1
500239555011007,WAS-1
500239555011008,WAS-1
500239555011009,WAS-1
500239555011010,WAS-1
500239555011011,WAS-1
500239555011012,WAS-1
500239555011013,WAS-1
500239555011014,WAS-1
500239555011015,WAS-1
500239555011016,WAS-1
500239555011017,WAS-1
500239555011018,WAS-1
500239555011019,WAS-1
500239555011020,WAS-1
500239555011021,WAS-1
500239555011022,WAS-1
500239555011023,WAS-1
500239555011024,WAS-1
500239555011025,WAS-1
500239555011026,WAS-1
500239555011027,WAS-1
500239555011028,WAS-1
500239555011029,WAS-1
500239555011030,WAS-1
500239555012000,WAS-1
500239555012001,WAS-1
500239555012002,WAS-1
500239555012003,WAS-1
500239555012004,WAS-1
500239555012005,WAS-1
500239555012006,WAS-1
500239555012007,WAS-1
500239555012008,WAS-1
500239555012009,WAS-1
500239555012010,WAS-1
500239555012011,WAS-1
500239555012012,WAS-1
500239555012013,WAS-1
500239555012014,WAS-1
500239555012015,WAS-1
500239555012016,WAS-1
500239555012017,WAS-1
500239555012018,WAS-1
500239555012019,WAS-1
500239555012020,WAS-1
500239555012021,WAS-1
500239555012022,WAS-1
500239555012023,WAS-1
500239555012024,WAS-1
500239555012025,WAS-1
500239555012026,WAS-1
500239555012027,WAS-1
500239555012028,WAS-1
500239555012029,WAS-1
500239555012030,WAS-1
500239555012031,WAS-1
500239555012032,WAS-1
500239555012033,WAS-1
500239555012034,WAS-1
500239555012035,WAS-1
500239555012036,WAS-1
500239555012037,WAS-1
500239555012038,WAS-1
500239555012039,WAS-1
500239555012040,WAS-1
500239555012041,WAS-1
500239555012042,WAS-1
500239555012043,WAS-1
500239555012044,WAS-1
500239555012045,WAS-1
500239555012046,WAS-1
500239555012047,WAS-1
500239555012048,WAS-1
500239555021000,WAS-1
500239555021001,WAS-1
500239555021002,WAS-1
500239555021003,WAS-1
500239555021004,WAS-1
500239555021005,WAS-1
500239555021006,WAS-1
500239555021007,WAS-1
500239555021008,WAS-1
500239555021009,WAS-1
500239555021010,WAS-1
500239555021011,WAS-1
500239555021012,WAS-1
500239555021013,WAS-1
500239555021014,WAS-1
500239555021015,WAS-1
500239555021016,WAS-1
500239555021017,WAS-1
500239555021018,WAS-1
500239555021019,WAS-1
500239555021020,WAS-1
500239555021021,WAS-1
500239555021022,WAS-1
500239555021023,WAS-1
500239555021024,WAS-1
500239555021025,WAS-1
500239555021026,WAS-1
500239555021027,WAS-1
500239555021028,WAS-1
500239555021029,WAS-1
500239555021030,WAS-1
500239555021031,WAS-1
500239555021032,WAS-1
500239555021033,WAS-1
500239555021034,WAS-1
500239555021035,WAS-1
500239555021036,WAS-1
500239555021037,WAS-1
500239555021038,WAS-1
500239555021039,WAS-1
500239555021040,WAS-1
500239555023000,WAS-1
500239555023001,WAS-1
500239555023002,WAS-1
500239555023003,WAS-1
500239555023004,WAS-1
500239555023005,WAS-1
500239555023006,WAS-1
500239555023007,WAS-1
500239555023008,WAS-1
500239555023009,WAS-1
500239555023010,WAS-1
500239555023011,WAS-1
500239555023012,WAS-1
500239555023013,WAS-1
500239555023014,WAS-1
500239555023015,WAS-1
500239555023016,WAS-1
500239555023017,WAS-1
500239555023018,WAS-1
500239555023019,WAS-1
500239555023020,WAS-1
500239555023021,WAS-1
500239555023022,WAS-1
500239555023023,WAS-1
500239555023024,WAS-1
500239555023025,WAS-1
500239555023026,WAS-1
500239555023027,WAS-1
500239555023028,WAS-1
500239555023029,WAS-1
500239555023030,WAS-1
500239555023031,WAS-1
500239555023032,WAS-1
500239555023033,WAS-1
500239555023034,WAS-1
500239555023035,WAS-1
500239555023036,WAS-1
500239555023037,WAS-1
500239555023038,WAS-1
500239555023039,WAS-1
500019606002000,ADD-2
500019606002001,ADD-2
500019606002002,ADD-2
500019606002003,ADD-2
500019606002004,ADD-2
500019606002005,ADD-2
500019606002006,ADD-2
500019606002007,ADD-2
500019606002008,ADD-2
500019606002009,ADD-2
500019606002010,ADD-2
500019606002011,ADD-2
500019606002012,ADD-2
500019606002013,ADD-2
500019606002014,ADD-2
500019606002015,ADD-2
500019606002016,ADD-2
500019606002017,ADD-2
500019606002018,ADD-2
500019606002019,ADD-2
500019606002020,ADD-2
500019606002021,ADD-2
500019606002022,ADD-2
500019606002023,ADD-2
500019606002024,ADD-2
500019606002025,ADD-2
500019606002026,ADD-2
500019606002027,ADD-2
500019606002028,ADD-2
500019606002029,ADD-2
500019606002030,ADD-2
500019606002031,ADD-2
500019606002032,ADD-2
500019606002033,ADD-2
500019606002034,ADD-2
500019606002035,ADD-2
500019606002036,ADD-2
500019606002037,ADD-2
500019606002038,ADD-2
500019606002039,ADD-2
500019606002040,ADD-2
500019606002041,ADD-2
500019606002042,ADD-2
500019606002043,ADD-2
500019606002044,ADD-2
500019606002045,ADD-2
500019606002046,ADD-2
500019606002047,ADD-2
500019606002048,ADD-2
500019606002049,ADD-2
500019606002050,ADD-2
500019606002051,ADD-2
500019606002052,ADD-2
500019606002053,ADD-2
500019606003035,WDR-ADD
500019606003036,WDR-ADD
500019606003037,WDR-ADD
500019606003038,WDR-ADD
500019606003039,WDR-ADD
500019606003040,WDR-ADD
500019606003041,WDR-ADD
500019606003042,WDR-ADD
500019606003043,WDR-ADD
500019606003044,WDR-ADD
500019606003045,WDR-ADD
500019606003046,WDR-ADD
500019606003047,WDR-ADD
500019606003048,WDR-ADD
500019606003049,WDR-ADD
500019606003050,WDR-ADD
500019606003051,WDR-ADD
500019606003052,WDR-ADD
500019606003053,WDR-ADD
500019606003054,WDR-ADD
500019606003055,WDR-ADD
500019606003056,WDR-ADD
500019606003057,WDR-ADD
500019606003058,WDR-ADD
500019606003059,WDR-ADD
500019606003060,WDR-ADD
500019606003061,WDR-ADD
500019606003062,WDR-ADD
500019606003075,WDR-ADD
500019606003076,WDR-ADD
500019606003082,WDR-ADD
500019606003083,WDR-ADD
500019606003084,WDR-ADD
500019606003088,WDR-ADD
500019606002054,ADD-2
500019606002055,ADD-2
500019606002056,ADD-2
500019606002057,ADD-2
500019606002058,ADD-2
500019606002059,ADD-2
500019606002060,ADD-2
500019606002061,ADD-2
500019606002062,ADD-2
500019606002063,ADD-2
500019606002064,ADD-2
500019606002065,ADD-2
500019606002066,ADD-2
500019606002067,ADD-2
500019606002068,ADD-2
500019606002069,ADD-2
500019606002070,ADD-2
500019606002071,ADD-2
500019606002072,ADD-2
500019606002073,ADD-2
500019606002074,ADD-2
500019606002075,ADD-2
500019606002076,ADD-2
500019606002077,ADD-2
500019606002078,ADD-2
500019606002079,ADD-2
500019606002080,ADD-2
500019606002081,ADD-2
500019606002082,ADD-2
500019606002083,ADD-2
500019606002084,ADD-2
500019606002085,ADD-2
500019606002086,ADD-2
500019606002087,ADD-2
500219621002000,RUT-11
500219621002001,RUT-11
500219621002002,RUT-11
500219621002003,RUT-11
500219621002004,RUT-11
500219621002005,RUT-11
500219621002006,RUT-11
500219621002007,RUT-11
500219621002008,RUT-11
500219621002009,RUT-11
500219621002010,RUT-11
500219621002011,RUT-11
500219621002012,RUT-11
500219621002013,RUT-11
500219621002014,RUT-11
500219621002015,RUT-11
500219621002016,RUT-11
500219621002017,RUT-11
500219621002018,RUT-11
500219621002019,RUT-11
500219621002020,RUT-11
500219621002021,RUT-11
500219621002022,RUT-11
500219621002023,RUT-11
500219621002024,RUT-11
500219621002025,RUT-11
500219621002026,RUT-11
500219621002027,RUT-11
500219621002028,RUT-11
500219621002029,RUT-11
500219621002030,RUT-11
500219621002031,RUT-11
500219621002032,RUT-11
500219621002033,RUT-11
500219621002034,RUT-11
500219621002035,RUT-11
500219621002036,RUT-11
500219621002037,RUT-11
500219621002038,RUT-11
500219621002039,RUT-11
500219621002040,RUT-11
500219621002041,RUT-11
500219621002042,RUT-11
500219621002043,RUT-11
500219621002044,RUT-11
500219621002045,RUT-11
500219621002046,RUT-11
500219621002047,RUT-11
500219621002048,RUT-11
500219621002049,RUT-11
500219621002050,RUT-11
500019610001000,ADD-2
500019610001001,ADD-2
500019610001002,ADD-2
500019610001003,ADD-2
500019610001004,ADD-2
500019610001005,ADD-2
500019610001006,ADD-2
500019610001007,ADD-2
500019610001008,ADD-2
500019610001009,ADD-2
500019610001010,ADD-2
500019610001011,ADD-2
500019610001012,ADD-2
500019610001013,ADD-2
500019610001014,ADD-2
500019610001015,ADD-2
500019610001016,ADD-2
500019610001017,ADD-2
500019610001018,ADD-2
500019610001019,ADD-2
500019610001020,ADD-2
500019610001021,ADD-2
500019610001022,ADD-2
500019610001023,ADD-2
500019610001024,ADD-2
500019610001025,ADD-2
500019610001026,ADD-2
500019610001027,ADD-2
500019610001028,ADD-2
500019610001029,ADD-2
500019610001030,ADD-2
500019610001031,ADD-2
500019610001032,ADD-2
500019610001033,ADD-2
500019610001034,ADD-2
500019610001035,ADD-2
500019610001036,ADD-2
500019610001037,ADD-2
500019610001038,ADD-2
500019610001039,ADD-2
500019610001040,ADD-2
500019610001041,ADD-2
500019610001042,ADD-2
500019610001043,ADD-2
500019610001044,ADD-2
500019610001045,ADD-2
500019610001046,ADD-2
500019610001047,ADD-2
500019610001048,ADD-2
500019610001049,ADD-2
500019610001050,ADD-2
500019610001051,ADD-2
500019610001052,ADD-2
500019610001053,ADD-2
500019610001054,ADD-2
500019610001055,ADD-2
500019610001056,ADD-2
500019610001057,ADD-2
500019610001058,ADD-2
500019610001059,ADD-2
500019610001060,ADD-2
500019610001061,ADD-2
500019610001062,ADD-2
500019610001063,ADD-2
500019610001064,ADD-2
500019610001065,ADD-2
500019610001066,ADD-2
500019610001067,ADD-2
500019610001068,ADD-2
500019610001069,ADD-2
500019610001070,ADD-2
500019610001071,ADD-2
500019610001072,ADD-2
500019610001073,ADD-2
500019610001074,ADD-2
500019610001075,ADD-2
500019610001076,ADD-2
500019610001077,ADD-2
500019610001078,ADD-2
500019610001079,ADD-2
500019610001080,ADD-2
500019610001081,ADD-2
500019610001082,ADD-2
500019610001083,ADD-2
500019610001084,ADD-2
500019610001085,ADD-2
500019610001086,ADD-2
500019610001087,ADD-2
500019610001088,ADD-2
500019610001089,ADD-2
500019610001090,ADD-2
500019610001091,ADD-2
500019610001092,ADD-2
500019610001093,ADD-2
500019610001094,ADD-2
500019610001095,ADD-2
500019610001096,ADD-2
500019610001097,ADD-2
500019610001098,ADD-2
500019610001099,ADD-2
500019610001100,ADD-2
500019610001101,ADD-2
500019610001102,ADD-2
500219635001000,RUT-1
500219635001001,RUT-1
500219635001002,RUT-1
500219635001003,RUT-1
500219635001004,RUT-1
500219635001005,RUT-1
500219635001006,RUT-1
500219635001007,RUT-1
500219635001008,RUT-1
500219635001009,RUT-1
500219635001010,RUT-1
500219635001011,RUT-1
500219635001012,RUT-1
500219635001013,RUT-1
500219635001014,RUT-1
500219635001015,RUT-1
500219635001016,RUT-1
500219635001017,RUT-1
500219635001018,RUT-1
500219635001019,RUT-1
500219635001020,RUT-1
500219635001021,RUT-1
500219635001022,RUT-1
500219635001023,RUT-1
500219635001024,RUT-1
500219635001025,RUT-1
500219636001000,RUT-3
500219636001001,RUT-3
500219636001002,RUT-3
500219636001003,RUT-3
500219636001004,RUT-3
500219636001005,RUT-3
500219636001006,RUT-3
500219636001007,RUT-3
500219636001008,RUT-3
500219636001009,RUT-3
500219636001010,RUT-3
500219636001011,RUT-3
500219636001012,RUT-3
500219636001013,RUT-3
500219636001014,RUT-3
500219636001015,RUT-3
500219636001016,RUT-3
500219636001017,RUT-3
500219636001018,RUT-3
500219636001019,RUT-3
500219636001020,RUT-3
500219636001021,RUT-3
500219636001022,RUT-3
500219636001023,RUT-3
500219636001024,RUT-3
500219636001025,RUT-3
500219636001026,RUT-3
500219636001027,RUT-3
500219636001028,RUT-3
500219636001029,RUT-3
500219636001030,RUT-3
500219636001031,RUT-3
500219636001032,RUT-3
500219636001033,RUT-3
500219636001034,RUT-3
500219636001035,RUT-3
500219636001036,RUT-3
500219636001037,RUT-3
500219636001038,RUT-3
500219636001039,RUT-3
500219636001040,RUT-3
500219636001041,RUT-3
500219636001042,RUT-3
500219636001043,RUT-3
500219636001044,RUT-3
500219636001045,RUT-3
500219636001046,RUT-3
500219636001047,RUT-3
500219636001048,RUT-3
500219636001049,RUT-3
500219636001050,RUT-3
500219636001051,RUT-3
500219636001052,RUT-3
500219636001053,RUT-3
500219636001054,RUT-3
500219636001055,RUT-3
500219636001056,RUT-3
500219636001057,RUT-3
500219636001058,RUT-3
500219636001059,RUT-3
500219636001060,RUT-3
500219636001061,RUT-3
500219636001062,RUT-3
500219636001063,RUT-3
500219636001064,RUT-3
500219636001065,RUT-3
500219636001066,RUT-3
500219636001067,RUT-3
500219636001068,RUT-3
500219636001069,RUT-3
500219636001070,RUT-3
500219636001071,RUT-3
500219636001072,RUT-3
500219636002000,RUT-3
500219636002001,RUT-3
500219636002002,RUT-3
500219636002003,RUT-3
500219636002004,RUT-3
500219636002005,RUT-3
500219636002006,RUT-3
500219636002007,RUT-3
500219636002008,RUT-3
500219636002009,RUT-3
500219636002010,RUT-3
500219636002011,RUT-3
500219636002012,RUT-3
500219636002013,RUT-3
500219636002014,RUT-3
500219636002015,RUT-3
500219636002016,RUT-3
500219636002017,RUT-3
500219636002018,RUT-3
500219636002019,RUT-3
500219636002020,RUT-3
500219636002021,RUT-3
500219636002022,RUT-3
500219636002023,RUT-3
500219636002024,RUT-3
500219636002025,RUT-3
500219636002026,RUT-3
500219636002027,RUT-3
500219636002028,RUT-3
500219636002029,RUT-3
500219636002030,RUT-3
500219636002031,RUT-3
500219636002032,RUT-3
500219636002033,RUT-3
500219636002034,RUT-3
500219636002035,RUT-3
500219636002036,RUT-3
500219636002037,RUT-3
500219636002038,RUT-3
500219636002039,RUT-3
500219636002040,RUT-3
500219636002041,RUT-3
500219636002042,RUT-3
500219636002043,RUT-3
500219636002044,RUT-3
500219636002045,RUT-3
500219636002046,RUT-3
500219636002047,RUT-3
500219636002048,RUT-3
500219636002049,RUT-3
500219636002050,RUT-3
500219636002051,RUT-3
500219636002052,RUT-3
500219636002053,RUT-3
500219636002054,RUT-3
500219636002055,RUT-3
500219636002056,RUT-3
500219636002057,RUT-3
500219636002058,RUT-3
500219636002059,RUT-3
500219636002060,RUT-3
500219636002061,RUT-3
500219636002062,RUT-3
500219636002063,RUT-3
500219636002064,RUT-3
500219636002065,RUT-3
500219636002066,RUT-3
500219636002067,RUT-3
500219636002068,RUT-3
500219636002069,RUT-3
500219636002070,RUT-3
500219636002071,RUT-3
500219636002072,RUT-3
500219636002073,RUT-3
500219636002074,RUT-3
500219636002075,RUT-3
500219636002076,RUT-3
500219636002077,RUT-3
500219636002078,RUT-3
500219636002079,RUT-3
500219636002080,RUT-3
500219636002081,RUT-3
500219636002082,RUT-3
500219636002083,RUT-3
500219636002084,RUT-3
500219636002085,RUT-3
500219636002086,RUT-3
500219636002087,RUT-3
500219626001000,RUT-2
500219626001001,RUT-2
500219626001002,RUT-2
500219626001003,RUT-2
500219626001004,RUT-2
500219626001005,RUT-2
500219626001006,RUT-2
500219626001007,RUT-2
500219626001008,RUT-2
500219626001009,RUT-2
500219626001010,RUT-2
500219626001011,RUT-2
500219626001012,RUT-2
500219626001013,RUT-2
500219626001014,RUT-2
500219626001015,RUT-2
500219626001016,RUT-2
500219626001017,RUT-2
500219626001018,RUT-2
500219626001019,RUT-2
500219626001020,RUT-2
500219626001021,RUT-2
500219626001022,RUT-2
500219626001023,RUT-2
500219626001024,RUT-2
500219626001025,RUT-2
500219626001026,RUT-2
500219626001027,RUT-2
500219626001028,RUT-2
500219626001029,RUT-2
500219626001030,RUT-2
500219626001031,RUT-2
500219626001032,RUT-2
500219626001033,RUT-2
500219626001034,RUT-2
500219626001035,RUT-2
500219626001036,RUT-2
500219626001037,RUT-2
500219626001038,RUT-2
500219626001039,RUT-2
500219626001040,RUT-2
500219626002000,RUT-2
500219626002001,RUT-2
500219626002002,RUT-2
500219626002003,RUT-2
500219626002004,RUT-2
500219626002005,RUT-2
500219626002006,RUT-2
500219626002007,RUT-2
500219626002008,RUT-2
500219626002009,RUT-2
500219626002010,RUT-2
500219626002011,RUT-2
500219626002012,RUT-2
500219626002013,RUT-2
500219626002014,RUT-2
500219626002015,RUT-2
500219626002016,RUT-2
500219626002017,RUT-2
500219626002018,RUT-2
500219626002019,RUT-2
500219626002020,RUT-2
500219626002021,RUT-2
500219626002022,RUT-2
500219626002023,RUT-2
500219626002024,RUT-2
500219626002025,RUT-2
500219626002026,RUT-2
500219626002027,RUT-2
500219626002028,RUT-2
500219626002029,RUT-2
500219626002030,RUT-2
500219626002031,RUT-2
500219626002032,RUT-2
500219626002033,RUT-2
500219626002034,RUT-2
500219626002035,RUT-2
500219626002036,RUT-2
500219626002037,RUT-2
500219626002038,RUT-2
500219626002039,RUT-2
500219626002040,RUT-2
500219626002041,RUT-2
500219626002042,RUT-2
500219626002043,RUT-2
500019609001000,ADD-2
500019609001001,ADD-2
500019609001002,ADD-2
500019609001003,ADD-2
500019609001004,ADD-2
500019609001005,ADD-2
500019609001006,ADD-2
500019609001007,ADD-2
500019609001008,ADD-2
500019609001009,ADD-2
500019609001010,ADD-2
500019609001011,ADD-2
500019609001012,ADD-2
500019609001013,ADD-2
500019609001014,ADD-2
500019609001015,ADD-2
500019609001016,ADD-2
500019609001017,ADD-2
500019609001018,ADD-2
500019609001019,ADD-2
500019609001020,ADD-2
500019609001021,ADD-2
500019609001022,ADD-2
500019609001023,ADD-2
500019609001024,ADD-2
500019609001025,ADD-2
500019609001026,ADD-2
500019609001027,ADD-2
500019609001028,ADD-2
500019609001029,ADD-2
500019609001030,ADD-2
500019609001031,ADD-2
500019609001032,ADD-2
500019609001033,ADD-2
500019609001034,ADD-2
500019609001035,ADD-2
500019609001036,ADD-2
500019609001037,ADD-2
500019609001038,ADD-2
500019609001039,ADD-2
500019609001040,ADD-2
500019609001041,ADD-2
500019609001042,ADD-2
500019609001043,ADD-2
500019609001044,ADD-2
500019609001045,ADD-2
500019609001046,ADD-2
500019609001047,ADD-2
500019609001048,ADD-2
500019609001049,ADD-2
500019609001050,ADD-2
500019609001051,ADD-2
500019609001052,ADD-2
500019609001053,ADD-2
500019609001054,ADD-2
500019609001055,ADD-2
500019609001056,ADD-2
500019609001057,ADD-2
500019609001058,ADD-2
500019609001059,ADD-2
500019609001060,ADD-2
500019609001061,ADD-2
500019609001062,ADD-2
500019609001063,ADD-2
500019609001064,ADD-2
500019609001065,ADD-2
500019609001066,ADD-2
500019609001067,ADD-2
500019609001068,ADD-2
500019609001069,ADD-2
500019609001070,ADD-2
500019609001071,ADD-2
500019609001072,ADD-2
500019609001073,ADD-2
500019609001074,ADD-2
500019609001075,ADD-2
500019609001076,ADD-2
500019609001077,ADD-2
500019609001078,ADD-2
500019609004000,ADD-RUT
500019609004001,ADD-RUT
500019609004002,ADD-RUT
500019609004003,ADD-RUT
500019609004004,ADD-RUT
500019609004005,ADD-RUT
500019609004006,ADD-RUT
500019609004007,ADD-RUT
500019609004008,ADD-RUT
500019609004009,ADD-RUT
500019609004010,ADD-RUT
500019609004011,ADD-RUT
500019609004012,ADD-RUT
500019609004013,ADD-RUT
500019609004014,ADD-RUT
500019609004015,ADD-RUT
500019609004016,ADD-RUT
500019609004017,ADD-RUT
500019609004018,ADD-RUT
500019609004019,ADD-RUT
500019609004020,ADD-RUT
500019609004021,ADD-RUT
500019609004022,ADD-RUT
500019609004023,ADD-RUT
500019609004024,ADD-RUT
500019609004025,ADD-RUT
500019609004026,ADD-RUT
500019609004027,ADD-RUT
500019609004028,ADD-RUT
500019609004029,ADD-RUT
500019609004030,ADD-RUT
500019609004031,ADD-RUT
500019609004032,ADD-RUT
500019609004033,ADD-RUT
500019609004034,ADD-RUT
500019609004035,ADD-RUT
500019609004036,ADD-RUT
500019609004037,ADD-RUT
500019609004038,ADD-RUT
500019609004039,ADD-RUT
500019609004040,ADD-RUT
500019609004041,ADD-RUT
500019609004042,ADD-RUT
500019609004043,ADD-RUT
500019609004044,ADD-RUT
500019609004045,ADD-RUT
500019609004046,ADD-RUT
500019609004047,ADD-RUT
500019609004048,ADD-RUT
500019609004049,ADD-RUT
500019609004050,ADD-RUT
500019609004051,ADD-RUT
500019609004052,ADD-RUT
500019609004053,ADD-RUT
500019609004054,ADD-RUT
500019609004055,ADD-RUT
500019609004056,ADD-RUT
500019609004057,ADD-RUT
500019609004058,ADD-RUT
500019609004059,ADD-RUT
500019609004060,ADD-RUT
500019609004061,ADD-RUT
500019609004062,ADD-RUT
500019609004063,ADD-RUT
500019609004064,ADD-RUT
500019609004065,ADD-RUT
500019609004066,ADD-RUT
500019609004067,ADD-RUT
500019609004068,ADD-RUT
500019609004069,ADD-RUT
500019609004070,ADD-RUT
500019609004071,ADD-RUT
500019609004072,ADD-RUT
500019609004073,ADD-RUT
500019609004074,ADD-RUT
500019609004075,ADD-RUT
500019609004076,ADD-RUT
500019609004077,ADD-RUT
500019609004078,ADD-RUT
500019609004079,ADD-RUT
500019609004080,ADD-RUT
500019609004081,ADD-RUT
500019609004082,ADD-RUT
500019609004083,ADD-RUT
500019609004084,ADD-RUT
500019609004085,ADD-RUT
500019609004086,ADD-RUT
500019609004087,ADD-RUT
500019609004088,ADD-RUT
500019609004089,ADD-RUT
500019609004090,ADD-RUT
500019609004091,ADD-RUT
500019609004092,ADD-RUT
500019609004093,ADD-RUT
500019609004094,ADD-RUT
500019609004095,ADD-RUT
500019609004096,ADD-RUT
500019609004097,ADD-RUT
500019609004098,ADD-RUT
500019609004099,ADD-RUT
500019609004100,ADD-RUT
500019609004101,ADD-RUT
500019609004102,ADD-RUT
500019609004103,ADD-RUT
500019609004104,ADD-RUT
500019609004105,ADD-RUT
500019609004106,ADD-RUT
500019609004107,ADD-RUT
500019609004108,ADD-RUT
500019609004109,ADD-RUT
500019609004110,ADD-RUT
500019609004111,ADD-RUT
500019609004112,ADD-RUT
500219623001000,ADD-RUT
500219623001001,ADD-RUT
500219623001002,ADD-RUT
500219623001003,ADD-RUT
500219623001004,ADD-RUT
500219623001005,ADD-RUT
500219623001006,ADD-RUT
500219623001007,ADD-RUT
500219623001008,ADD-RUT
500219623001009,ADD-RUT
500219623001010,ADD-RUT
500219623001011,ADD-RUT
500219623001012,ADD-RUT
500219623001013,ADD-RUT
500219623001014,ADD-RUT
500219623001015,ADD-RUT
500219623001016,ADD-RUT
500219623001017,ADD-RUT
500219623001018,ADD-RUT
500219623001019,ADD-RUT
500219623001020,ADD-RUT
500219623001021,ADD-RUT
500219623001022,ADD-RUT
500219623001023,ADD-RUT
500219623001024,ADD-RUT
500219623001025,ADD-RUT
500219623001026,ADD-RUT
500219623001027,ADD-RUT
500219623001028,ADD-RUT
500219623001029,ADD-RUT
500219623001030,ADD-RUT
500219623001031,ADD-RUT
500219623001032,ADD-RUT
500219623001033,ADD-RUT
500219623001034,ADD-RUT
500219623001035,ADD-RUT
500219623001036,ADD-RUT
500219623001037,ADD-RUT
500219623001038,ADD-RUT
500019609003000,ADD-RUT
500019609003001,ADD-RUT
500019609003002,ADD-RUT
500019609003003,ADD-RUT
500019609003004,ADD-RUT
500019609003005,ADD-RUT
500019609003006,ADD-RUT
500019609003007,ADD-RUT
500019609003008,ADD-RUT
500019609003009,ADD-RUT
500019609003010,ADD-RUT
500019609003011,ADD-RUT
500019609003012,ADD-RUT
500019609003013,ADD-RUT
500019609003014,ADD-RUT
500019609003015,ADD-RUT
500019609003016,ADD-RUT
500019609003017,ADD-RUT
500019609003018,ADD-RUT
500019609003019,ADD-RUT
500019609003020,ADD-RUT
500019609003021,ADD-RUT
500019609003022,ADD-RUT
500019609003023,ADD-RUT
500019609003024,ADD-RUT
500019609003025,ADD-RUT
500019609003026,ADD-RUT
500019609003027,ADD-RUT
500019609003028,ADD-RUT
500019609003029,ADD-RUT
500019609003030,ADD-RUT
500019609003031,ADD-RUT
500019609003032,ADD-RUT
500019609003033,ADD-RUT
500019609003034,ADD-RUT
500019609003035,ADD-RUT
500019609003036,ADD-RUT
500019609003037,ADD-RUT
500019609003038,ADD-RUT
500019609003039,ADD-RUT
500019609003040,ADD-RUT
500019609003041,ADD-RUT
500019609003042,ADD-RUT
500019609003043,ADD-RUT
500019609003044,ADD-RUT
500019609003045,ADD-RUT
500019609003046,ADD-RUT
500019609003047,ADD-RUT
500019609003048,ADD-RUT
500019609003049,ADD-RUT
500019609003050,ADD-RUT
500019609003051,ADD-RUT
500019609003052,ADD-RUT
500019609003053,ADD-RUT
500019609003054,ADD-RUT
500019609003055,ADD-RUT
500019609003056,ADD-RUT
500019609003057,ADD-RUT
500019609003058,ADD-RUT
500019609003059,ADD-RUT
500019609003060,ADD-RUT
500019609003061,ADD-RUT
500019609003062,ADD-RUT
500019609003063,ADD-RUT
500019609003064,ADD-RUT
500019609003065,ADD-RUT
500019609003066,ADD-RUT
500019609003067,ADD-RUT
500019609003068,ADD-RUT
500019609003069,ADD-RUT
500019609003070,ADD-RUT
500019609003071,ADD-RUT
500019609003072,ADD-RUT
500019609003073,ADD-RUT
500019609003074,ADD-RUT
500019609003075,ADD-RUT
500019609003076,ADD-RUT
500019609003077,ADD-RUT
500019609003078,ADD-RUT
500019609003079,ADD-RUT
500019609003080,ADD-RUT
500019609003081,ADD-RUT
500019609003082,ADD-RUT
500019609003083,ADD-RUT
500019609003084,ADD-RUT
500019609003085,ADD-RUT
500019609003086,ADD-RUT
500019609003087,ADD-RUT
500019609003088,ADD-RUT
500019609003089,ADD-RUT
500019609003090,ADD-RUT
500019609003091,ADD-RUT
500019609003092,ADD-RUT
500019609003093,ADD-RUT
500019609003094,ADD-RUT
500019609003095,ADD-RUT
500019609003096,ADD-RUT
500019609003097,ADD-RUT
500019609003098,ADD-RUT
500019609003099,ADD-RUT
500019609003100,ADD-RUT
500019609003101,ADD-RUT
500019609003102,ADD-RUT
500019609003103,ADD-RUT
500019609003104,ADD-RUT
500019609003105,ADD-RUT
500019609003106,ADD-RUT
500019609003107,ADD-RUT
500019609003108,ADD-RUT
500019609003109,ADD-RUT
500019609003110,ADD-RUT
500019609003111,ADD-RUT
500019609003112,ADD-RUT
500019609003113,ADD-RUT
500019609003114,ADD-RUT
500019609003115,ADD-RUT
500019609003116,ADD-RUT
500019609003117,ADD-RUT
500019609003118,ADD-RUT
500019609003119,ADD-RUT
500019609003120,ADD-RUT
500019609003121,ADD-RUT
500019609003122,ADD-RUT
500019609003123,ADD-RUT
500219623003000,RUT-10
500219623003001,RUT-10
500219623003002,RUT-10
500219623003003,RUT-10
500219623003004,RUT-10
500219623003005,RUT-10
500219623003006,RUT-10
500219623003007,RUT-10
500219623003008,RUT-10
500219623003009,RUT-10
500219623003010,RUT-10
500219623003011,RUT-10
500219623003012,RUT-10
500219623003013,RUT-10
500219623003014,RUT-10
500219623003015,RUT-10
500219623003016,RUT-10
500219623003017,RUT-10
500219623003018,RUT-10
500219623003019,RUT-10
500219623003020,RUT-10
500219623003021,RUT-10
500219623003022,RUT-10
500219623003023,RUT-10
500219623003024,RUT-10
500219623003025,RUT-10
500219623003026,RUT-10
500219623003027,RUT-10
500219623003028,RUT-10
500219623003029,RUT-10
500219623003030,RUT-10
500219623003031,RUT-10
500219623003032,RUT-10
500219623003033,RUT-10
500219623003034,RUT-10
500219623003035,RUT-10
500219623003036,RUT-10
500219623003037,RUT-10
500219623003038,RUT-10
500219623003039,RUT-10
500219623003040,RUT-10
500219623003041,RUT-10
500219623003042,RUT-10
500219623003043,RUT-10
500219623003044,RUT-10
500219623003045,RUT-10
500219623003046,RUT-10
500219623003047,RUT-10
500219623003048,RUT-10
500219623003049,RUT-10
500219623003050,RUT-10
500219623003051,RUT-10
500219623003052,RUT-10
500219623003053,RUT-10
500219623003054,RUT-10
500219623003055,RUT-10
500219623003056,RUT-10
500219623003057,RUT-10
500219623003058,RUT-10
500219623003059,RUT-10
500219623003060,RUT-10
500219623003061,RUT-10
500219623003062,RUT-10
500219623003063,RUT-10
500219623003064,RUT-10
500219623003065,RUT-10
500219623003066,RUT-10
500219623003067,RUT-10
500219623003068,RUT-10
500219623003069,RUT-10
500219623003070,RUT-10
500219623003071,RUT-10
500219623003072,RUT-10
500219623003073,RUT-10
500219623003074,RUT-10
500219623003075,RUT-10
500219637001000,RUT-10
500219637001001,RUT-10
500219637001002,RUT-10
500219637001003,RUT-10
500219637001004,RUT-10
500219637001005,RUT-10
500219637001006,RUT-10
500219637001007,RUT-10
500219637001008,RUT-10
500219637001009,RUT-10
500219637001010,RUT-10
500219637001011,RUT-10
500219637001012,RUT-10
500219637001013,RUT-10
500219637001014,RUT-10
500219637001015,RUT-10
500219637001016,RUT-10
500219637001017,RUT-10
500219637001018,RUT-10
500219637001019,RUT-10
500219637001020,RUT-10
500219637001021,RUT-10
500219637001022,RUT-10
500219637001023,RUT-10
500219637001024,RUT-10
500219637001025,RUT-10
500219637001026,RUT-10
500219637001027,RUT-10
500219637001028,RUT-10
500219637001029,RUT-10
500219637001030,RUT-10
500219637001031,RUT-10
500219637001032,RUT-10
500219637001033,RUT-10
500219637001034,RUT-10
500219637001035,RUT-10
500219637001036,RUT-10
500219637001037,RUT-10
500219637001038,RUT-10
500219637002000,RUT-10
500219637002001,RUT-10
500219637002002,RUT-10
500219637002003,RUT-10
500219637002004,RUT-10
500219637002005,RUT-10
500219637002006,RUT-10
500219637002007,RUT-10
500219637002008,RUT-10
500219637002009,RUT-10
500219637002010,RUT-10
500219637002011,RUT-10
500219637002012,RUT-10
500219637002013,RUT-10
500219637002014,RUT-10
500219637002015,RUT-10
500219637002016,RUT-10
500219637002017,RUT-10
500219637002018,RUT-10
500219637002019,RUT-10
500219637002020,RUT-10
500219637002021,RUT-10
500219637002022,RUT-10
500219637002023,RUT-10
500219637002024,RUT-10
500219637002025,RUT-10
500219637002026,RUT-10
500219637002027,RUT-10
500219637002028,RUT-10
500219637002029,RUT-10
500219637002030,RUT-10
500219637002031,RUT-10
500219637002032,RUT-10
500219637002033,RUT-10
500219637002034,RUT-10
500219637002035,RUT-10
500219637002036,RUT-10
500219637002037,RUT-10
500219637002038,RUT-10
500219637002039,RUT-10
500219637002040,RUT-10
500219637002041,RUT-10
500219637002042,RUT-10
500219637002043,RUT-10
500219637002044,RUT-10
500219637002045,RUT-10
500219637002046,RUT-10
500219637002047,RUT-10
500219637002048,RUT-10
500219637002049,RUT-10
500219637002050,RUT-10
500219637002051,RUT-10
500219637002052,RUT-10
500219637002053,RUT-10
500219637002054,RUT-10
500219637002055,RUT-10
500219637002056,RUT-10
500219628003000,RUT-WDR
500219628003001,RUT-WDR
500219628003002,RUT-WDR
500219628003003,RUT-WDR
500219628003004,RUT-WDR
500219628003005,RUT-WDR
500219628003006,RUT-WDR
500219628003007,RUT-WDR
500219628003008,RUT-WDR
500219628003009,RUT-WDR
500219628003010,RUT-WDR
500219628003011,RUT-WDR
500219628003012,RUT-WDR
500219628003013,RUT-WDR
500219628003014,RUT-WDR
500219628003015,RUT-WDR
500219628003016,RUT-WDR
500219628003017,RUT-WDR
500219628003018,RUT-WDR
500219628003019,RUT-WDR
500219628003020,RUT-WDR
500219628003021,RUT-WDR
500219628003022,RUT-WDR
500219628003023,RUT-WDR
500219628003024,RUT-WDR
500219628003025,RUT-WDR
500219628003026,RUT-WDR
500219628003027,RUT-WDR
500219628003028,RUT-WDR
500219628003029,RUT-WDR
500219628003030,RUT-WDR
500219628003031,RUT-WDR
500219628003032,RUT-WDR
500219628003033,RUT-WDR
500219628003034,RUT-WDR
500219628003035,RUT-WDR
500219628003036,RUT-WDR
500219628003037,RUT-WDR
500219628003038,RUT-WDR
500219628003039,RUT-WDR
500219628003040,RUT-WDR
500219628003041,RUT-WDR
500219628003042,RUT-WDR
500219628003043,RUT-WDR
500219628003044,RUT-WDR
500219628003045,RUT-WDR
500219628003046,RUT-WDR
500219628003047,RUT-WDR
500219628003048,RUT-WDR
500219628003049,RUT-WDR
500219628003050,RUT-WDR
500219628003051,RUT-WDR
500219628003052,RUT-WDR
500219628003053,RUT-WDR
500219628003054,RUT-WDR
500219628003055,RUT-WDR
500219628003056,RUT-WDR
500219640001000,RUT-2
500219640001001,RUT-2
500219640001002,RUT-2
500219640001003,RUT-2
500219640001004,RUT-2
500219640001005,RUT-2
500219640001006,RUT-2
500219640001007,RUT-2
500219640001008,RUT-2
500219640001009,RUT-2
500219640001010,RUT-2
500219640001011,RUT-2
500219640001012,RUT-2
500219640001013,RUT-2
500219640001014,RUT-2
500219640001015,RUT-2
500219640001016,RUT-2
500219640001017,RUT-2
500219640001018,RUT-2
500219640001019,RUT-2
500219640001020,RUT-2
500219640001021,RUT-2
500219640001022,RUT-2
500219640001023,RUT-2
500219640001024,RUT-2
500219640001025,RUT-2
500219640001026,RUT-2
500219640001027,RUT-2
500219640001028,RUT-2
500219640001029,RUT-2
500219640001030,RUT-2
500219640001031,RUT-2
500219640002000,RUT-2
500219640002001,RUT-2
500219640002002,RUT-2
500219640002003,RUT-2
500219640002004,RUT-2
500219640002005,RUT-2
500219640002006,RUT-2
500219640002007,RUT-2
500219640002008,RUT-2
500219640002009,RUT-2
500219640002010,RUT-2
500219640002011,RUT-2
500219640002012,RUT-2
500219640002013,RUT-2
500219640002014,RUT-2
500219640002015,RUT-2
500219640002016,RUT-2
500219640002017,RUT-2
500219640002018,RUT-2
500219640002019,RUT-2
500219640002020,RUT-2
500219640002021,RUT-2
500219640002022,RUT-2
500219640002023,RUT-2
500219640002024,RUT-2
500219640002025,RUT-2
500219640002026,RUT-2
500219640002027,RUT-2
500219640002028,RUT-2
500219640002029,RUT-2
500219640002030,RUT-2
500219640002031,RUT-2
500219640002032,RUT-2
500219640002033,RUT-2
500219640002034,RUT-2
500219640002035,RUT-2
500219640002036,RUT-2
500219640002037,RUT-2
500219640002038,RUT-2
500219640002039,RUT-2
500219640002040,RUT-2
500219640002041,RUT-2
500219640002042,RUT-2
500219640002043,RUT-2
500219640002044,RUT-2
500219640002045,RUT-2
500219640002046,RUT-2
500219640002047,RUT-2
500219640002048,RUT-2
500219640002049,RUT-2
500219640002050,RUT-2
500219640002051,RUT-2
500219640002052,RUT-2
500219640002053,RUT-2
500219640002054,RUT-2
500219640002055,RUT-2
500219640002056,RUT-2
500219640002057,RUT-2
500219640002058,RUT-2
500219640002059,RUT-2
500219640002060,RUT-2
500219640002061,RUT-2
500219640002062,RUT-2
500219640002063,RUT-2
500219640002064,RUT-2
500219640002065,RUT-2
500219640002066,RUT-2
500219640002067,RUT-2
500219640002068,RUT-2
500179595004000,WDR-ORA-2
500179595004001,WDR-ORA-2
500179595004002,WDR-ORA-2
500179595004003,WDR-ORA-2
500179595004004,WDR-ORA-2
500179595004005,WDR-ORA-2
500179595004006,WDR-ORA-2
500179595004007,WDR-ORA-2
500179595004008,WDR-ORA-2
500179595004009,WDR-ORA-2
500179595004010,WDR-ORA-2
500179595004011,WDR-ORA-2
500179595004012,WDR-ORA-2
500179595004013,WDR-ORA-2
500179595004014,WDR-ORA-2
500179595004015,WDR-ORA-2
500179595004016,WDR-ORA-2
500179595004017,WDR-ORA-2
500179595004018,WDR-ORA-2
500179595004019,WDR-ORA-2
500179595004020,WDR-ORA-2
500179595004021,WDR-ORA-2
500179595004022,WDR-ORA-2
500179595004023,WDR-ORA-2
500179595004024,WDR-ORA-2
500179595004025,WDR-ORA-2
500179595004026,WDR-ORA-2
500179595004027,WDR-ORA-2
500179595004028,WDR-ORA-2
500179595004029,WDR-ORA-2
500179595004030,WDR-ORA-2
500179595004031,WDR-ORA-2
500179595004032,WDR-ORA-2
500179595004033,WDR-ORA-2
500179595004034,WDR-ORA-2
500179595004035,WDR-ORA-2
500179595004036,WDR-ORA-2
500179595004037,WDR-ORA-2
500179595004038,WDR-ORA-2
500179595004039,WDR-ORA-2
500179595004040,WDR-ORA-2
500179595004041,WDR-ORA-2
500179595004042,WDR-ORA-2
500179595004043,WDR-ORA-2
500179595004044,WDR-ORA-2
500179595004045,WDR-ORA-2
500179595004046,WDR-ORA-2
500179595004047,WDR-ORA-2
500179595004048,WDR-ORA-2
500179595004049,WDR-ORA-2
500179595004050,WDR-ORA-2
500179595004051,WDR-ORA-2
500179595004052,WDR-ORA-2
500179595004053,WDR-ORA-2
500179595004054,WDR-ORA-2
500179595004055,WDR-ORA-2
500179595004056,WDR-ORA-2
500179595004057,WDR-ORA-2
500179595004058,WDR-ORA-2
500179595004059,WDR-ORA-2
500179595004060,WDR-ORA-2
500179595004061,WDR-ORA-2
500179595004062,WDR-ORA-2
500179595004063,WDR-ORA-2
500179595004064,WDR-ORA-2
500179595004065,WDR-ORA-2
500179595004066,WDR-ORA-2
500179595004067,WDR-ORA-2
500179595004068,WDR-ORA-2
500179595004069,WDR-ORA-2
500179595004070,WDR-ORA-2
500179595004071,WDR-ORA-2
500179595004072,WDR-ORA-2
500179595004073,WDR-ORA-2
500179595004074,WDR-ORA-2
500179595004075,WDR-ORA-2
500259672001000,WDR-WDH
500259672001001,WDR-WDH
500259672001002,WDR-WDH
500259672001003,WDR-WDH
500259672001004,WDR-WDH
500259672001005,WDR-WDH
500259672001006,WDR-WDH
500259672001007,WDR-WDH
500259672001008,WDR-WDH
500259672001009,WDR-WDH
500259672001010,WDR-WDH
500259672001011,WDR-WDH
500259672001012,WDR-WDH
500259672001013,WDR-WDH
500259672001014,WDR-WDH
500259672001015,WDR-WDH
500259672001016,WDR-WDH
500259672001017,WDR-WDH
500259672001047,WDR-WDH
500259676001000,WDH-3
500259676001001,WDH-3
500259676001002,WDH-3
500259676001003,WDH-3
500259676001004,WDH-3
500259676001005,WDH-3
500259676001006,WDH-3
500259676001007,WDH-3
500259676001008,WDH-3
500259676001009,WDH-3
500259676001010,WDH-3
500259676001011,WDH-3
500259676001012,WDH-3
500259676001013,WDH-3
500259676001014,WDH-3
500259676001015,WDH-3
500259676001016,WDH-3
500259676001017,WDH-3
500259676001018,WDH-3
500259676001019,WDH-3
500259676001020,WDH-3
500259676001021,WDH-3
500259676001022,WDH-3
500259676001023,WDH-3
500259676001024,WDH-3
500259676001025,WDH-3
500259676001026,WDH-3
500259676001027,WDH-3
500259676001028,WDH-3
500259676001029,WDH-3
500259676001030,WDH-3
500259676001031,WDH-3
500259676001032,WDH-3
500259676001033,WDH-3
500259676001034,WDH-3
500259676001035,WDH-3
500259676001036,WDH-3
500259676001037,WDH-3
500259676001038,WDH-3
500259676001039,WDH-3
500259676001040,WDH-3
500259676001041,WDH-3
500259676001042,WDH-3
500259676001043,WDH-3
500259676001044,WDH-3
500259676001045,WDH-3
500259676001046,WDH-3
500259676001047,WDH-3
500259676001048,WDH-3
500259676001049,WDH-3
500259676001050,WDH-3
500259676001051,WDH-3
500259676001052,WDH-3
500259676001053,WDH-3
500259676001054,WDH-3
500259676001055,WDH-3
500259676001056,WDH-3
500259676001057,WDH-3
500259676001058,WDH-3
500259676001059,WDH-3
500259676001060,WDH-3
500259676001061,WDH-3
500259676001062,WDH-3
500259676001063,WDH-3
500259676001064,WDH-3
500259676001065,WDH-3
500259676001066,WDH-3
500259676001067,WDH-3
500259676001068,WDH-3
500259676001069,WDH-3
500259676001070,WDH-3
500259676001071,WDH-3
500259676001072,WDH-3
500259676002000,WDH-3
500259676002001,WDH-3
500259676002002,WDH-3
500259676002003,WDH-3
500259676002004,WDH-3
500259676002005,WDH-3
500259676002006,WDH-3
500259676002007,WDH-3
500259676002008,WDH-3
500259676002009,WDH-3
500259676002010,WDH-3
500259676002011,WDH-3
500259676002012,WDH-3
500259676002013,WDH-3
500259676002014,WDH-3
500259676002015,WDH-3
500259676002016,WDH-3
500259676002017,WDH-3
500259676002018,WDH-3
500259676002019,WDH-3
500259676002020,WDH-3
500259676002021,WDH-3
500259676002022,WDH-3
500259676002023,WDH-3
500259676002024,WDH-3
500259676002025,WDH-3
500259676002026,WDH-3
500259676002027,WDH-3
500259676002028,WDH-3
500259676002029,WDH-3
500259676002030,WDH-3
500259676002031,WDH-3
500259676002032,WDH-3
500259676002033,WDH-3
500259676002034,WDH-3
500259676002035,WDH-3
500259676002036,WDH-3
500259676002037,WDH-3
500259676002038,WDH-3
500259676002039,WDH-3
500259676002040,WDH-3
500259676002041,WDH-3
500259676002042,WDH-3
500259676002043,WDH-3
500259676002044,WDH-3
500259676002045,WDH-3
500259676003000,WDH-3
500259676003001,WDH-3
500259676003002,WDH-3
500259676003003,WDH-3
500259676003004,WDH-3
500259676003005,WDH-3
500259676003006,WDH-3
500259676003007,WDH-3
500259676003008,WDH-3
500259676003009,WDH-3
500259676003010,WDH-3
500259676003011,WDH-3
500259676003012,WDH-3
500259676003013,WDH-3
500259676003014,WDH-3
500259676003015,WDH-3
500259676003016,WDH-3
500259676003017,WDH-3
500259676003018,WDH-3
500259676003019,WDH-3
500259676003020,WDH-3
500259676003021,WDH-3
500259676003022,WDH-3
500259676003023,WDH-3
500259676003024,WDH-3
500259676003025,WDH-3
500259676003026,WDH-3
500259676003027,WDH-3
500259677001000,WDH-4
500259677001001,WDH-4
500259677001002,WDH-4
500259677001003,WDH-4
500259677001004,WDH-4
500259677001005,WDH-4
500259677001006,WDH-4
500259677001007,WDH-4
500259677001008,WDH-4
500259677001009,WDH-4
500259677001010,WDH-4
500259677001011,WDH-4
500259677001012,WDH-4
500259677001013,WDH-4
500259677001014,WDH-4
500259677001015,WDH-4
500259677001016,WDH-4
500259677001017,WDH-4
500259677001018,WDH-4
500259677001019,WDH-4
500259677001020,WDH-4
500259677001021,WDH-4
500259677001022,WDH-4
500259677001023,WDH-4
500259677001024,WDH-4
500259677001025,WDH-4
500259677001026,WDH-4
500259677001027,WDH-4
500259677001028,WDH-4
500259677001029,WDH-4
500259677001030,WDH-4
500259677001031,WDH-4
500259677001032,WDH-4
500259677001033,WDH-4
500259677001034,WDH-4
500259677001035,WDH-4
500259677001036,WDH-4
500259677001037,WDH-4
500259677001038,WDH-4
500259677001039,WDH-4
500259677001040,WDH-4
500259677001041,WDH-4
500259677001042,WDH-4
500259677001043,WDH-4
500259677001044,WDH-4
500259677002000,WDH-4
500259677002001,WDH-4
500259677002002,WDH-4
500259677002003,WDH-4
500259677002004,WDH-4
500259677002005,WDH-4
500259677002006,WDH-4
500259677002007,WDH-4
500259677002008,WDH-4
500259677002009,WDH-4
500259677002010,WDH-4
500259677002011,WDH-4
500259677002012,WDH-4
500259677002013,WDH-4
500259677002014,WDH-4
500259677002015,WDH-4
500259677002016,WDH-4
500259677002017,WDH-4
500259677002018,WDH-4
500259677002019,WDH-4
500259677002020,WDH-4
500259677002021,WDH-4
500259677002022,WDH-4
500259677002023,WDH-4
500259677002024,WDH-4
500259677002025,WDH-4
500259677002026,WDH-4
500259677002027,WDH-4
500259677002028,WDH-4
500259677002029,WDH-4
500259677002030,WDH-4
500259677002031,WDH-4
500259677002032,WDH-4
500259677002033,WDH-4
500259677002034,WDH-4
500259677002035,WDH-4
500259677002036,WDH-4
500259677002037,WDH-4
500259677002038,WDH-4
500259677002039,WDH-4
500259677002040,WDH-4
500259677002041,WDH-4
500259677002042,WDH-4
500259677002043,WDH-4
500259677002044,WDH-4
500259677002045,WDH-4
500259677002046,WDH-4
500259677002047,WDH-4
500259677002048,WDH-4
500259677002049,WDH-4
500259677002050,WDH-4
500259677002051,WDH-4
500259677002052,WDH-4
500259677002053,WDH-4
500259672001018,WDH-3
500259672001019,WDH-3
500259672001020,WDH-3
500259672001021,WDH-3
500259672001022,WDH-3
500259672001023,WDH-3
500259672001024,WDH-3
500259672001025,WDH-3
500259672001026,WDH-3
500259672001027,WDH-3
500259672001028,WDH-3
500259672001029,WDH-3
500259672001030,WDH-3
500259672001031,WDH-3
500259672001032,WDH-3
500259672001033,WDH-3
500259672001034,WDH-3
500259672001035,WDH-3
500259672001036,WDH-3
500259672001037,WDH-3
500259672001038,WDH-3
500259672001039,WDH-3
500259672001040,WDH-3
500259672001041,WDH-3
500259672001042,WDH-3
500259672001043,WDH-3
500259672001044,WDH-3
500259672001045,WDH-3
500259672001046,WDH-3
500259672001048,WDH-3
500259672001049,WDH-3
500259672001050,WDH-3
500259672001051,WDH-3
500279662001000,WDR-2
500279662001001,WDR-2
500279662001002,WDR-2
500279662001003,WDR-2
500279662001004,WDR-2
500279662001005,WDR-2
500279662001006,WDR-2
500279662001007,WDR-2
500279662001008,WDR-2
500279662001009,WDR-2
500279662001010,WDR-2
500279662001011,WDR-2
500279662001012,WDR-2
500279662001013,WDR-2
500279662001014,WDR-2
500279662001015,WDR-2
500279662001016,WDR-2
500279662001017,WDR-2
500279662001018,WDR-2
500279662001019,WDR-2
500279662001020,WDR-2
500279662001021,WDR-2
500279662001022,WDR-2
500279662001023,WDR-2
500279662001024,WDR-2
500279662001025,WDR-2
500279662001026,WDR-2
500279662001027,WDR-2
500279662001028,WDR-2
500279662001029,WDR-2
500279662001030,WDR-2
500279662001031,WDR-2
500279662001032,WDR-2
500279662001033,WDR-2
500279662001034,WDR-2
500279662001035,WDR-2
500279662001036,WDR-2
500279662001037,WDR-2
500279662001038,WDR-2
500279662001039,WDR-2
500279662001040,WDR-2
500279662001041,WDR-2
500279662001042,WDR-2
500279662001043,WDR-2
500279662001044,WDR-2
500279662001045,WDR-2
500279662001046,WDR-2
500279662001047,WDR-2
500279662001048,WDR-2
500279662001049,WDR-2
500279662001050,WDR-2
500279662001051,WDR-2
500279662001052,WDR-2
500279662001053,WDR-2
500279662001054,WDR-2
500279662001055,WDR-2
500279662001056,WDR-2
500279662001057,WDR-2
500279662001058,WDR-2
500279662001059,WDR-2
500279662001060,WDR-2
500279662001061,WDR-2
500279662001062,WDR-2
500279662001063,WDR-2
500279662001064,WDR-2
500279662001065,WDR-2
500279662002000,WDR-2
500279662002001,WDR-2
500279662002002,WDR-2
500279662002003,WDR-2
500279662002004,WDR-2
500279662002005,WDR-2
500279662002006,WDR-2
500279662002007,WDR-2
500279662002008,WDR-2
500279662002009,WDR-2
500279662002010,WDR-2
500279662002011,WDR-2
500279662002012,WDR-2
500279662002013,WDR-2
500279662002015,WDR-2
500279662002016,WDR-2
500279662002017,WDR-2
500279662002018,WDR-2
500279662002019,WDR-2
500279662002020,WDR-2
500279662002021,WDR-2
500279662002022,WDR-2
500279662002023,WDR-2
500279662002024,WDR-2
500279662002025,WDR-2
500279662002026,WDR-2
500279662002027,WDR-2
500279662002028,WDR-2
500279662002029,WDR-2
500279662002030,WDR-2
500279662002031,WDR-2
500279662002032,WDR-2
500279662002033,WDR-2
500279662002034,WDR-2
500279662002035,WDR-2
500279662002036,WDR-2
500279662002037,WDR-2
500279662002038,WDR-2
500279662002039,WDR-2
500279662002040,WDR-2
500279662002041,WDR-2
500279662002042,WDR-2
500279662002043,WDR-2
500279662002044,WDR-2
500279662002045,WDR-2
500279662002046,WDR-2
500279662002047,WDR-2
500279662002048,WDR-2
500279662002049,WDR-2
500279662002050,WDR-2
500279662002051,WDR-2
500279662002052,WDR-2
500279662002053,WDR-2
500279662002054,WDR-2
500279662002055,WDR-2
500279662002056,WDR-2
500279662002057,WDR-2
500279662002058,WDR-2
500279662002059,WDR-2
500279662002060,WDR-2
500279662002061,WDR-2
500279662002062,WDR-2
500279662002063,WDR-2
500279662002064,WDR-2
500279662002065,WDR-2
500279662002066,WDR-2
500279662002067,WDR-2
500279662002068,WDR-2
500279662002069,WDR-2
500279662002077,WDR-2
500279662002078,WDR-2
500279662002079,WDR-2
500279659012000,WDR-5
500279659012001,WDR-5
500279659012002,WDR-5
500279659012003,WDR-5
500279659012004,WDR-5
500279659012005,WDR-5
500279659012006,WDR-5
500279659012007,WDR-5
500279659012008,WDR-5
500279659012009,WDR-5
500279659012010,WDR-5
500279659012011,WDR-5
500279659012012,WDR-5
500279659012013,WDR-5
500279659012014,WDR-5
500279659012015,WDR-5
500279659012016,WDR-5
500279659012017,WDR-5
500279659012018,WDR-5
500279659012019,WDR-5
500279659012020,WDR-5
500279659012021,WDR-5
500279659012022,WDR-5
500279659012023,WDR-5
500279659012024,WDR-5
500279659012025,WDR-5
500279659012026,WDR-5
500279659012027,WDR-5
500279659012028,WDR-5
500279659012029,WDR-5
500279659012030,WDR-5
500279659012031,WDR-5
500279659012032,WDR-5
500279659012033,WDR-5
500279659012034,WDR-5
500279659012035,WDR-5
500279659012036,WDR-5
500279659012037,WDR-5
500279659012038,WDR-5
500279659012039,WDR-5
500279659012040,WDR-5
500279659012041,WDR-5
500279659012042,WDR-5
500279659012043,WDR-5
500279659012044,WDR-5
500279659012045,WDR-5
500279659012046,WDR-5
500279659012047,WDR-5
500279659012048,WDR-5
500279659012049,WDR-5
500279659012050,WDR-5
500279659012051,WDR-5
500279659012052,WDR-5
500279659012053,WDR-5
500279659012054,WDR-5
500279659012055,WDR-5
500279659012056,WDR-5
500279659012057,WDR-5
500279659012058,WDR-5
500279659012059,WDR-5
500279659012060,WDR-5
500279659012061,WDR-5
500279659012062,WDR-5
500279659012063,WDR-5
500279663001000,RUT-WDR
500279663001001,RUT-WDR
500279663001002,RUT-WDR
500279663001003,RUT-WDR
500279663001004,RUT-WDR
500279663001005,RUT-WDR
500279663001006,RUT-WDR
500279663001007,RUT-WDR
500279663001008,RUT-WDR
500279663001009,RUT-WDR
500279663001010,RUT-WDR
500279663001011,RUT-WDR
500279663001012,RUT-WDR
500279663001013,RUT-WDR
500279663001014,RUT-WDR
500279663001015,RUT-WDR
500279663001016,RUT-WDR
500279663001017,RUT-WDR
500279663001018,RUT-WDR
500279663001019,RUT-WDR
500279663001020,RUT-WDR
500279663001021,RUT-WDR
500279663001022,RUT-WDR
500279663001023,RUT-WDR
500279663001024,RUT-WDR
500279663001025,RUT-WDR
500279663001026,RUT-WDR
500279663001027,RUT-WDR
500279663001028,RUT-WDR
500279663001029,RUT-WDR
500279663001030,RUT-WDR
500279663001031,RUT-WDR
500279663001032,RUT-WDR
500279663001033,RUT-WDR
500279663002000,RUT-WDR
500279663002001,RUT-WDR
500279663002002,RUT-WDR
500279663002003,RUT-WDR
500279663002004,RUT-WDR
500279663002005,RUT-WDR
500279663002006,RUT-WDR
500279663002007,RUT-WDR
500279663002008,RUT-WDR
500279663002009,RUT-WDR
500279663002010,RUT-WDR
500279663002011,RUT-WDR
500279663002012,RUT-WDR
500279663002013,RUT-WDR
500279663002014,RUT-WDR
500279663002015,RUT-WDR
500279663002016,RUT-WDR
500279663002017,RUT-WDR
500279663002018,RUT-WDR
500279663002019,RUT-WDR
500279663002020,RUT-WDR
500279663002021,RUT-WDR
500279663002022,RUT-WDR
500279663002023,RUT-WDR
500279663002024,RUT-WDR
500279663002025,RUT-WDR
500279663002026,RUT-WDR
500279663002027,RUT-WDR
500279663002028,RUT-WDR
500279663002029,RUT-WDR
500279663002030,RUT-WDR
500279663002031,RUT-WDR
500279663002032,RUT-WDR
500279663002033,RUT-WDR
500279663002034,RUT-WDR
500279663002035,RUT-WDR
500279663002036,RUT-WDR
500279663002037,RUT-WDR
500279663002038,RUT-WDR
500279663002039,RUT-WDR
500279663002040,RUT-WDR
500279663002041,RUT-WDR
500279663002042,RUT-WDR
500279663002043,RUT-WDR
500279663002044,RUT-WDR
500279663002045,RUT-WDR
500279663002046,RUT-WDR
500279663002047,RUT-WDR
500279663002048,RUT-WDR
500279663002049,RUT-WDR
500279663002050,RUT-WDR
500279663002051,RUT-WDR
500279663002052,RUT-WDR
500279663002053,RUT-WDR
500279663002054,RUT-WDR
500279663002055,RUT-WDR
500279663002056,RUT-WDR
500279663002057,RUT-WDR
500279663002058,RUT-WDR
500279663002059,RUT-WDR
500279663002060,RUT-WDR
500279663002061,RUT-WDR
500279663002062,RUT-WDR
500279663003000,RUT-WDR
500279663003001,RUT-WDR
500279663003002,RUT-WDR
500279663003003,RUT-WDR
500279663003004,RUT-WDR
500279663003005,RUT-WDR
500279663003006,RUT-WDR
500279663003007,RUT-WDR
500279663003008,RUT-WDR
500279663003009,RUT-WDR
500279663003010,RUT-WDR
500279663003011,RUT-WDR
500279663003012,RUT-WDR
500279663003013,RUT-WDR
500279663003014,RUT-WDR
500279663003015,RUT-WDR
500279663003016,RUT-WDR
500279663003017,RUT-WDR
500279663003018,RUT-WDR
500279663003019,RUT-WDR
500279663003020,RUT-WDR
500279663003021,RUT-WDR
500279663003022,RUT-WDR
500279663003023,RUT-WDR
500279663003024,RUT-WDR
500279663003025,RUT-WDR
500279663003026,RUT-WDR
500279663003027,RUT-WDR
500279663003028,RUT-WDR
500279663003029,RUT-WDR
500279663003030,RUT-WDR
500279663003031,RUT-WDR
500279663003032,RUT-WDR
500279663003033,RUT-WDR
500279663003034,RUT-WDR
500279663003035,RUT-WDR
500279663003036,RUT-WDR
500279663003037,RUT-WDR
500279663003038,RUT-WDR
500279663003039,RUT-WDR
500279663003040,RUT-WDR
500279663003041,RUT-WDR
500279663003042,RUT-WDR
500279663003043,RUT-WDR
500279663003044,RUT-WDR
500279663003045,RUT-WDR
500279666001000,WDR-3
500279666001001,WDR-3
500279666001002,WDR-3
500279666001003,WDR-3
500279666001004,WDR-3
500279666001005,WDR-3
500279666001006,WDR-3
500279666001007,WDR-3
500279666001008,WDR-3
500279666001009,WDR-3
500279666001010,WDR-3
500279666001011,WDR-3
500279666001012,WDR-3
500279666001013,WDR-3
500279666001014,WDR-3
500279666001015,WDR-3
500279666001016,WDR-3
500279666001017,WDR-3
500279666001018,WDR-3
500279666001019,WDR-3
500279666001020,WDR-3
500279666001021,WDR-3
500279666001022,WDR-3
500279666001023,WDR-3
500279666001024,WDR-3
500279666001025,WDR-3
500279666001026,WDR-3
500279666001027,WDR-3
500279666001028,WDR-3
500279666001029,WDR-3
500279666001030,WDR-3
500279666001031,WDR-3
500279666001032,WDR-3
500279666001033,WDR-3
500279666001034,WDR-3
500279666001035,WDR-3
500279666001036,WDR-3
500279666001037,WDR-3
500279666001038,WDR-3
500279666001039,WDR-3
500279666001040,WDR-3
500279666001041,WDR-3
500279666001042,WDR-3
500279666001043,WDR-3
500279666001044,WDR-3
500279666001045,WDR-3
500279666001046,WDR-3
500279666001047,WDR-3
500279666002000,WDR-3
500279666002001,WDR-3
500279666002002,WDR-3
500279666002003,WDR-3
500279666002004,WDR-3
500279666002005,WDR-3
500279666002006,WDR-3
500279666002007,WDR-3
500279666002008,WDR-3
500279666002009,WDR-3
500279666002010,WDR-3
500279666002011,WDR-3
500279666002012,WDR-3
500279666002013,WDR-3
500279666002014,WDR-3
500279666002015,WDR-3
500279666002016,WDR-3
500279666002017,WDR-3
500279666002018,WDR-3
500279666002019,WDR-3
500279666002020,WDR-3
500279666003000,WDR-3
500279666003001,WDR-3
500279666003002,WDR-3
500279666003003,WDR-3
500279666003004,WDR-3
500279666003005,WDR-3
500279666003006,WDR-3
500279666003007,WDR-3
500279666003008,WDR-3
500279666003009,WDR-3
500279666003010,WDR-3
500279666003011,WDR-3
500279666003012,WDR-3
500279666004000,WDR-3
500279666004001,WDR-3
500279666004002,WDR-3
500279666004003,WDR-3
500279666004004,WDR-3
500279666004005,WDR-3
500279666004006,WDR-3
500279666004007,WDR-3
500279666004008,WDR-3
500279666004009,WDR-3
500279666004010,WDR-3
500279666004011,WDR-3
500279666004012,WDR-3
500279666004013,WDR-3
500279666004014,WDR-3
500279666004015,WDR-3
500279666004016,WDR-3
500279666004017,WDR-3
500279666004018,WDR-3
500279666004019,WDR-3
500279666004020,WDR-3
500279666004021,WDR-3
500279666004022,WDR-3
500279666004023,WDR-3
500279666004024,WDR-3
500279666004025,WDR-3
500279666004026,WDR-3
500279666004027,WDR-3
500279666005000,WDR-3
500279666005001,WDR-3
500279666005002,WDR-3
500279666005003,WDR-3
500279666005004,WDR-3
500279666005005,WDR-3
500279666005006,WDR-3
500279666005007,WDR-3
500279666005008,WDR-3
500279666005009,WDR-3
500279666005010,WDR-3
500279666005011,WDR-3
500279666005012,WDR-3
500279666005013,WDR-3
500279666005014,WDR-3
500279666005015,WDR-3
500279666005016,WDR-3
500279666005017,WDR-3
500279666005018,WDR-3
500279666005019,WDR-3
500279666005020,WDR-3
500279666005021,WDR-3
500279666005022,WDR-3
500279666005023,WDR-3
500279666005024,WDR-3
500279666005025,WDR-3
500279666005026,WDR-3
500279666005027,WDR-3
500279666005028,WDR-3
500279666005029,WDR-3
500279666005030,WDR-3
500279667001000,WDR-3
500279667001001,WDR-3
500279667001002,WDR-3
500279667001003,WDR-3
500279667001004,WDR-3
500279667001005,WDR-3
500279667001006,WDR-3
500279667001007,WDR-3
500279667001008,WDR-3
500279667001009,WDR-3
500279667001010,WDR-3
500279667001011,WDR-3
500279667001012,WDR-3
500279667001013,WDR-3
500279667001014,WDR-3
500279667001015,WDR-3
500279667001016,WDR-3
500279667001017,WDR-3
500279667001018,WDR-3
500279667001019,WDR-3
500279667001020,WDR-3
500279667002000,WDR-3
500279667002001,WDR-3
500279667002002,WDR-3
500279667002003,WDR-3
500279667002004,WDR-3
500279667002005,WDR-3
500279667002006,WDR-3
500279667002007,WDR-3
500279667002008,WDR-3
500279667002009,WDR-3
500279667002010,WDR-3
500279667002011,WDR-3
500279667002012,WDR-3
500279667002013,WDR-3
500279667002014,WDR-3
500279667002015,WDR-3
500279667002016,WDR-3
500279667002017,WDR-3
500279667002018,WDR-3
500279667002019,WDR-3
500279667003000,WDR-3
500279667003001,WDR-3
500279667003002,WDR-3
500279667003003,WDR-3
500279667003004,WDR-3
500279667003005,WDR-3
500279667003006,WDR-3
500279667003007,WDR-3
500279667003008,WDR-3
500279667003009,WDR-3
500279667003010,WDR-3
500279667003011,WDR-3
500279667003012,WDR-3
500279667003013,WDR-3
500279667004000,WDR-3
500279667004001,WDR-3
500279667004002,WDR-3
500279667004003,WDR-3
500279667004004,WDR-3
500279667004005,WDR-3
500279667004006,WDR-3
500279667004007,WDR-3
500279667004008,WDR-3
500279667004009,WDR-3
500279667004010,WDR-3
500279667004011,WDR-3
500279667004012,WDR-3
500279667004013,WDR-3
500279667004014,WDR-3
500279667004015,WDR-3
500279667004016,WDR-3
500279667004017,WDR-3
500279667004018,WDR-3
500279667004019,WDR-3
500279667004020,WDR-3
500279667004021,WDR-3
500279667004022,WDR-3
500279667004023,WDR-3
500279667004024,WDR-3
500279667004025,WDR-3
500279667004026,WDR-3
500279667004027,WDR-3
500279667004028,WDR-3
500279667004029,WDR-3
500279667004030,WDR-3
500279667004031,WDR-3
500279667004032,WDR-3
500279667004033,WDR-3
500279667004034,WDR-3
500279667004035,WDR-3
500279667004036,WDR-3
500279667004037,WDR-3
500279667004038,WDR-3
500279667004039,WDR-3
500279667004040,WDR-3
500279667004041,WDR-3
500279667004042,WDR-3
500279667004043,WDR-3
500279667004044,WDR-3
500279667004045,WDR-3
500279667004046,WDR-3
500279667004047,WDR-3
500279667004048,WDR-3
500279667004049,WDR-3
500279667004050,WDR-3
500259678001000,WDH-5
500259678001001,WDH-5
500259678001002,WDH-5
500259678001003,WDH-5
500259678001004,WDH-5
500259678001005,WDH-5
500259678001006,WDH-5
500259678001007,WDH-5
500259678001008,WDH-5
500259678001009,WDH-5
500259678001010,WDH-5
500259678001011,WDH-5
500259678001012,WDH-5
500259678001013,WDH-5
500259678001014,WDH-5
500259678001015,WDH-5
500259678001016,WDH-5
500259678001017,WDH-5
500259678001018,WDH-5
500259678001019,WDH-5
500259678001020,WDH-5
500259678001021,WDH-5
500259678001022,WDH-5
500259678001023,WDH-5
500259678001024,WDH-5
500259678001025,WDH-5
500259678001026,WDH-5
500259678001027,WDH-5
500259678001028,WDH-5
500259678001029,WDH-5
500259678001030,WDH-5
500259678001031,WDH-5
500259678001032,WDH-5
500259678001033,WDH-5
500259678001034,WDH-5
500259678001035,WDH-5
500259678001036,WDH-5
500259678001037,WDH-5
500259678001038,WDH-5
500259678001039,WDH-5
500259678001040,WDH-5
500259678001041,WDH-5
500259678001042,WDH-5
500259678001043,WDH-5
500259678001044,WDH-5
500259678001045,WDH-5
500259678001046,WDH-5
500259678001047,WDH-5
500259678001048,WDH-5
500259678001049,WDH-5
500259678001050,WDH-5
500259678001051,WDH-5
500259678001052,WDH-5
500259678001053,WDH-5
500259678002000,WDH-5
500259678002001,WDH-5
500259678002002,WDH-5
500259678002003,WDH-5
500259678002004,WDH-5
500259678002005,WDH-5
500259678002006,WDH-5
500259678002007,WDH-5
500259678002008,WDH-5
500259678002009,WDH-5
500259678002010,WDH-5
500259678002011,WDH-5
500259678002012,WDH-5
500259678002013,WDH-5
500259678002014,WDH-5
500259678002015,WDH-5
500259678002016,WDH-5
500259678002017,WDH-5
500259678002018,WDH-5
500259678002019,WDH-5
500259678002020,WDH-5
500259678002021,WDH-5
500259678002022,WDH-5
500259678002023,WDH-5
500259678002024,WDH-5
500259678002025,WDH-5
500259678002026,WDH-5
500259678002027,WDH-5
500259678002028,WDH-5
500259678002029,WDH-5
500259678002030,WDH-5
500259678002031,WDH-5
500259678002032,WDH-5
500259678002033,WDH-5
500259678002034,WDH-5
500259678002035,WDH-5
500259678002036,WDH-5
500259678002037,WDH-5
500259678002038,WDH-5
500259678002039,WDH-5
500259678002040,WDH-5
500259683001000,WDH-4
500259683001001,WDH-4
500259683001002,WDH-4
500259683001003,WDH-4
500259683001004,WDH-4
500259683001005,WDH-4
500259683001006,WDH-4
500259683001007,WDH-4
500259683001008,WDH-4
500259683001009,WDH-4
500259683001010,WDH-4
500259683001011,WDH-4
500259683001012,WDH-4
500259683001013,WDH-4
500259683001014,WDH-4
500259683001015,WDH-4
500259683001016,WDH-4
500259683001017,WDH-4
500259683001018,WDH-4
500259683001019,WDH-4
500259683001020,WDH-4
500259683001021,WDH-4
500259683001022,WDH-4
500259683001023,WDH-4
500259683001024,WDH-4
500259683001025,WDH-4
500259683001026,WDH-4
500259683001027,WDH-4
500259683001028,WDH-4
500259683001029,WDH-4
500259683001030,WDH-4
500259683001031,WDH-4
500259683001032,WDH-4
500259683001033,WDH-4
500259683001034,WDH-4
500259683001035,WDH-4
500259683001036,WDH-4
500259683001037,WDH-4
500259683001038,WDH-4
500259683001039,WDH-4
500259683001040,WDH-4
500259683001041,WDH-4
500259683001042,WDH-4
500259683001043,WDH-4
500259683001044,WDH-4
500259683001045,WDH-4
500259683001046,WDH-4
500259683001047,WDH-4
500259683001048,WDH-4
500259683001049,WDH-4
500259683001050,WDH-4
500259683001051,WDH-4
500259683001052,WDH-4
500259683001053,WDH-4
500259683001054,WDH-4
500259683001055,WDH-4
500259683001056,WDH-4
500259683002000,WDH-4
500259683002001,WDH-4
500259683002002,WDH-4
500259683002003,WDH-4
500259683002004,WDH-4
500259683002005,WDH-4
500259683002006,WDH-4
500259683002007,WDH-4
500259683002008,WDH-4
500259683002009,WDH-4
500259683002010,WDH-4
500259683002011,WDH-4
500259683002012,WDH-4
500259683002013,WDH-4
500259683002014,WDH-4
500259683002015,WDH-4
500259683002016,WDH-4
500259683002017,WDH-4
500259683002018,WDH-4
500259683002019,WDH-4
500259683002020,WDH-4
500259683002021,WDH-4
500259683002022,WDH-4
500259683002023,WDH-4
500259683002024,WDH-4
500259683002025,WDH-4
500259683002026,WDH-4
500259683002027,WDH-4
500259683002028,WDH-4
500259683002029,WDH-4
500259683002030,WDH-4
500259683002031,WDH-4
500259683002032,WDH-4
500259683002033,WDH-4
500259683002034,WDH-4
500259683002035,WDH-4
500259683002036,WDH-4
500259683002037,WDH-4
500259683002038,WDH-4
500259683002039,WDH-4
500259683002040,WDH-4
500259683002041,WDH-4
500259683002042,WDH-4
500259683002043,WDH-4
500259683002044,WDH-4
500039708001000,BEN-3
500039708001001,BEN-3
500039708001002,BEN-3
500039708001003,BEN-3
500039708001004,BEN-3
500039708001005,BEN-3
500039708001006,BEN-3
500039708001007,BEN-3
500039708001008,BEN-3
500039708001009,BEN-3
500039708001010,BEN-3
500039708001011,BEN-3
500039708001012,BEN-3
500039708001013,BEN-3
500039708001014,BEN-3
500039708001015,BEN-3
500039708001016,BEN-3
500039708001017,BEN-3
500039708001018,BEN-3
500039708001019,BEN-3
500039708001020,BEN-3
500039708001021,BEN-3
500039708001022,BEN-3
500039708001023,BEN-3
500039708001024,BEN-3
500039708001025,BEN-3
500039708001026,BEN-3
500039708001027,BEN-3
500039708001028,BEN-3
500039708001029,BEN-3
500039708001030,BEN-3
500039708001031,BEN-3
500039708001032,BEN-3
500039708001033,BEN-3
500039708001034,BEN-3
500039708001035,BEN-3
500039708001036,BEN-3
500039708001037,BEN-3
500039708001038,BEN-3
500039708001039,BEN-3
500039708001040,BEN-3
500039708001041,BEN-3
500039708001042,BEN-3
500039708001043,BEN-3
500039708001044,BEN-3
500039708001045,BEN-3
500039708001046,BEN-3
500039708001047,BEN-3
500039708002000,BEN-3
500039708002001,BEN-3
500039708002002,BEN-3
500039708002003,BEN-3
500039708002004,BEN-3
500039708002005,BEN-3
500039708002006,BEN-3
500039708002007,BEN-3
500039708002008,BEN-3
500039708002009,BEN-3
500039708002010,BEN-3
500039708002011,BEN-3
500039708002012,BEN-3
500039708002013,BEN-3
500039708002014,BEN-3
500039708002015,BEN-3
500039708002016,BEN-3
500039708002017,BEN-3
500039708002018,BEN-3
500039708002019,BEN-3
500039708002020,BEN-3
500039708002021,BEN-3
500039708002022,BEN-3
500039708002023,BEN-3
500039708002024,BEN-3
500039708003000,BEN-3
500039708003001,BEN-3
500039708003002,BEN-3
500039708003003,BEN-3
500039708003004,BEN-3
500039708003005,BEN-3
500039708003006,BEN-3
500039708003007,BEN-3
500039708003008,BEN-3
500039708003009,BEN-3
500039708003010,BEN-3
500039708003011,BEN-3
500039708003012,BEN-3
500039708003013,BEN-3
500039708003014,BEN-3
500039708003015,BEN-3
500039708003016,BEN-3
500039708003017,BEN-3
500039708003018,BEN-3
500039708003019,BEN-3
500039708003020,BEN-3
500039708003021,BEN-3
500039708003022,BEN-3
500039708003023,BEN-3
500039708003024,BEN-3
500039708003025,BEN-3
500039708003026,BEN-3
500039708003027,BEN-3
500039708003028,BEN-3
500039708003029,BEN-3
500039708003030,BEN-3
500039708003031,BEN-3
500259672003000,WDH-5
500259672003001,WDH-5
500259672003002,WDH-5
500259672003003,WDH-5
500259672003004,WDH-5
500259672003005,WDH-5
500259672003006,WDH-5
500259672003007,WDH-5
500259672003008,WDH-5
500259672003009,WDH-5
500259672003010,WDH-5
500259672003011,WDH-5
500259672003012,WDH-5
500259672003013,WDH-5
500259672003014,WDH-5
500259672003015,WDH-5
500259672003016,WDH-5
500259672003017,WDH-5
500259672003018,WDH-5
500259672003019,WDH-5
500259672003020,WDH-5
500259672003021,WDH-5
500259672003022,WDH-5
500259672003023,WDH-5
500259672003024,WDH-5
500259672003025,WDH-5
500259672003026,WDH-5
500259672003027,WDH-5
500259672003028,WDH-5
500259672003029,WDH-5
500259672003030,WDH-5
500259672003031,WDH-5
500259672003032,WDH-5
500259672003033,WDH-5
500259672003034,WDH-5
500259672003035,WDH-5
500259672003036,WDH-5
500259672003037,WDH-5
500259672003038,WDH-5
500259672003039,WDH-5
500259672003040,WDH-5
500259672003041,WDH-5
500259672003042,WDH-5
500259672003043,WDH-5
500259672003044,WDH-5
500259672003045,WDH-5
500259672003046,WDH-5
500259672003047,WDH-5
500259672003048,WDH-5
500259672003049,WDH-5
500259672003050,WDH-5
500259672003051,WDH-5
500259672003052,WDH-5
500259672003053,WDH-5
500259672003054,WDH-5
500259672003055,WDH-5
500259672003056,WDH-5
500259672003057,WDH-5
500259672003058,WDH-5
500259672003059,WDH-5
500259672003060,WDH-5
500259672003061,WDH-5
500259672003062,WDH-5
500259672003063,WDH-5
500259672003064,WDH-5
500259672003065,WDH-5
500259672003066,WDH-5
500259672003067,WDH-5
500259672003068,WDH-5
500259672003069,WDH-5
500259672003070,WDH-5
500259672003071,WDH-5
500259672003072,WDH-5
500259672003073,WDH-5
500259672003074,WDH-5
500259672003075,WDH-5
500259672003076,WDH-5
500259672003077,WDH-5
500259672003078,WDH-5
500259672003079,WDH-5
500259672003080,WDH-5
500259672003081,WDH-5
500259672003082,WDH-5
500259672003083,WDH-5
500259672003084,WDH-5
500259672003085,WDH-5
500259672003086,WDH-5
500259672003087,WDH-5
500259672003088,WDH-5
500259672003089,WDH-5
500259672003090,WDH-5
500259672003091,WDH-5
500259672003092,WDH-5
500259672003093,WDH-5
500259672003094,WDH-5
500259674001000,WDH-2
500259674001001,WDH-2
500259674001002,WDH-2
500259674001003,WDH-2
500259674001004,WDH-2
500259674001005,WDH-2
500259674001006,WDH-2
500259674001007,WDH-2
500259674001008,WDH-2
500259674001009,WDH-2
500259674001010,WDH-2
500259674001011,WDH-2
500259674001012,WDH-2
500259674001013,WDH-2
500259674001014,WDH-2
500259674001015,WDH-2
500259674001016,WDH-2
500259674001017,WDH-2
500259674001018,WDH-2
500259674001019,WDH-2
500259674001020,WDH-2
500259674001021,WDH-2
500259674001022,WDH-2
500259674001023,WDH-2
500259674001024,WDH-2
500259674001025,WDH-2
500259674001026,WDH-2
500259674001027,WDH-2
500259674001028,WDH-2
500259674001029,WDH-2
500259674001030,WDH-2
500259674001031,WDH-2
500259674001032,WDH-2
500259674001033,WDH-2
500259674001034,WDH-2
500259674001035,WDH-2
500259674001036,WDH-2
500259674001037,WDH-2
500259674001038,WDH-2
500259674001039,WDH-2
500259674001040,WDH-2
500259674001041,WDH-2
500259674001042,WDH-2
500259674001043,WDH-2
500259674001044,WDH-2
500259674001045,WDH-2
500259674001046,WDH-2
500259674001047,WDH-2
500259674001048,WDH-2
500259674001049,WDH-2
500259674001050,WDH-2
500259674001051,WDH-2
500259674001052,WDH-2
500259674001053,WDH-2
500259674001054,WDH-2
500259674002000,WDH-2
500259674002001,WDH-2
500259674002002,WDH-2
500259674002003,WDH-2
500259674002004,WDH-2
500259674002005,WDH-2
500259674002006,WDH-2
500259674002007,WDH-2
500259674002008,WDH-2
500259674002009,WDH-2
500259674002010,WDH-2
500259674002011,WDH-2
500259674002012,WDH-2
500259674002013,WDH-2
500259674002014,WDH-2
500259674002015,WDH-2
500259674002016,WDH-2
500259674002017,WDH-2
500259674002018,WDH-2
500259674002019,WDH-2
500259674002020,WDH-2
500259674002021,WDH-2
500259674002022,WDH-2
500259674002023,WDH-2
500259674002024,WDH-2
500259674002025,WDH-2
500259674002026,WDH-2
500259674002027,WDH-2
500259674002028,WDH-2
500259674002029,WDH-2
500259674002030,WDH-2
500259674002031,WDH-2
500259674002032,WDH-2
500259674002033,WDH-2
500259674002034,WDH-2
500259674002035,WDH-2
500259674002036,WDH-2
500259674002037,WDH-2
500259674002038,WDH-2
500259674002039,WDH-2
500259674002040,WDH-2
500259674002041,WDH-2
500259674002042,WDH-2
500259674002043,WDH-2
500259674002044,WDH-2
500259674002045,WDH-2
500259674002046,WDH-2
500259674002047,WDH-2
500259674002048,WDH-2
500259674002049,WDH-2
500259674002050,WDH-2
500259674002051,WDH-2
500259674002052,WDH-2
500259674002053,WDH-2
500279665022000,WDH-WDR-BEN
500279665022001,WDH-WDR-BEN
500279665022002,WDH-WDR-BEN
500279665022003,WDH-WDR-BEN
500279665022004,WDH-WDR-BEN
500279665022005,WDH-WDR-BEN
500279665022006,WDH-WDR-BEN
500279665022007,WDH-WDR-BEN
500279665022008,WDH-WDR-BEN
500279665022009,WDH-WDR-BEN
500279665022010,WDH-WDR-BEN
500279665022011,WDH-WDR-BEN
500279665022012,WDH-WDR-BEN
500279665022013,WDH-WDR-BEN
500279665022014,WDH-WDR-BEN
500279665022015,WDH-WDR-BEN
500279665022016,WDH-WDR-BEN
500279665022017,WDH-WDR-BEN
500279665022018,WDH-WDR-BEN
500279665022019,WDH-WDR-BEN
500279665022020,WDH-WDR-BEN
500279665022021,WDH-WDR-BEN
500279665022022,WDH-WDR-BEN
500279665022023,WDH-WDR-BEN
500279665022024,WDH-WDR-BEN
500279665022025,WDH-WDR-BEN
500279665022026,WDH-WDR-BEN
500279665022027,WDH-WDR-BEN
500279665022028,WDH-WDR-BEN
500279665022029,WDH-WDR-BEN
500279665022030,WDH-WDR-BEN
500279665022031,WDH-WDR-BEN
500279665022032,WDH-WDR-BEN
500279665022033,WDH-WDR-BEN
500279665022034,WDH-WDR-BEN
500279665022035,WDH-WDR-BEN
500279665022036,WDH-WDR-BEN
500279665022037,WDH-WDR-BEN
500279665022038,WDH-WDR-BEN
500279665022039,WDH-WDR-BEN
500279665022040,WDH-WDR-BEN
500279665022041,WDH-WDR-BEN
500279665022042,WDH-WDR-BEN
500279665022043,WDH-WDR-BEN
500279665022044,WDH-WDR-BEN
500279665022045,WDH-WDR-BEN
500279665022046,WDH-WDR-BEN
500279665022047,WDH-WDR-BEN
500279665022048,WDH-WDR-BEN
500279665022049,WDH-WDR-BEN
500279665022050,WDH-WDR-BEN
500279665022051,WDH-WDR-BEN
500279665022052,WDH-WDR-BEN
500279665022053,WDH-WDR-BEN
500279665022054,WDH-WDR-BEN
500279665022055,WDH-WDR-BEN
500279665022056,WDH-WDR-BEN
500279665022057,WDH-WDR-BEN
500279665022058,WDH-WDR-BEN
500279665022059,WDH-WDR-BEN
500279665022060,WDH-WDR-BEN
500279665022061,WDH-WDR-BEN
500259673001000,WDH-WDR-BEN
500259673001001,WDH-WDR-BEN
500259673001002,WDH-WDR-BEN
500259673001003,WDH-WDR-BEN
500259673001004,WDH-WDR-BEN
500259673001005,WDH-WDR-BEN
500259673001006,WDH-WDR-BEN
500259673001007,WDH-WDR-BEN
500259673001008,WDH-WDR-BEN
500259673001009,WDH-WDR-BEN
500259673001010,WDH-WDR-BEN
500259673001011,WDH-WDR-BEN
500259673001012,WDH-WDR-BEN
500259673001013,WDH-WDR-BEN
500259673001014,WDH-WDR-BEN
500259673001015,WDH-WDR-BEN
500259673001016,WDH-WDR-BEN
500259673001017,WDH-WDR-BEN
500259673001018,WDH-WDR-BEN
500259673001019,WDH-WDR-BEN
500259673001020,WDH-WDR-BEN
500259673001021,WDH-WDR-BEN
500259673001022,WDH-WDR-BEN
500259673001023,WDH-WDR-BEN
500259673001024,WDH-WDR-BEN
500259673001025,WDH-WDR-BEN
500259673001026,WDH-WDR-BEN
500259673001027,WDH-WDR-BEN
500259673001028,WDH-WDR-BEN
500259673001029,WDH-WDR-BEN
500259673001030,WDH-WDR-BEN
500259673001031,WDH-WDR-BEN
500259673001032,WDH-WDR-BEN
500259673001033,WDH-WDR-BEN
500259673001034,WDH-WDR-BEN
500259673001035,WDH-WDR-BEN
500259673001036,WDH-WDR-BEN
500259673001037,WDH-WDR-BEN
500259673001038,WDH-WDR-BEN
500259673001039,WDH-WDR-BEN
500259673001040,WDH-WDR-BEN
500259673001041,WDH-WDR-BEN
500259673001042,WDH-WDR-BEN
500259673001043,WDH-WDR-BEN
500259673001044,WDH-WDR-BEN
500259673001045,WDH-WDR-BEN
500259673001046,WDH-WDR-BEN
500259673001047,WDH-WDR-BEN
500259673001048,WDH-WDR-BEN
500259673001049,WDH-WDR-BEN
500259673002000,WDH-WDR-BEN
500259673002001,WDH-WDR-BEN
500259673002002,WDH-WDR-BEN
500259673002003,WDH-WDR-BEN
500259673002004,WDH-WDR-BEN
500259673002005,WDH-WDR-BEN
500259673002006,WDH-WDR-BEN
500259673002007,WDH-WDR-BEN
500259673002008,WDH-WDR-BEN
500259673002009,WDH-WDR-BEN
500259673002010,WDH-WDR-BEN
500259673002011,WDH-WDR-BEN
500259673002012,WDH-WDR-BEN
500259673002013,WDH-WDR-BEN
500259673002014,WDH-WDR-BEN
500259673002015,WDH-WDR-BEN
500259673002016,WDH-WDR-BEN
500259673002017,WDH-WDR-BEN
500259673002018,WDH-WDR-BEN
500259673002019,WDH-WDR-BEN
500259673002020,WDH-WDR-BEN
500259673002021,WDH-WDR-BEN
500259673002022,WDH-WDR-BEN
500259673002023,WDH-WDR-BEN
500259673002024,WDH-WDR-BEN
500259673002025,WDH-WDR-BEN
500259673002026,WDH-WDR-BEN
500259673002027,WDH-WDR-BEN
500259673002028,WDH-WDR-BEN
500259673002029,WDH-WDR-BEN
500259673002030,WDH-WDR-BEN
500259673002031,WDH-WDR-BEN
500259673002032,WDH-WDR-BEN
500259673002033,WDH-WDR-BEN
500259673002034,WDH-WDR-BEN
500259673002035,WDH-WDR-BEN
500259673002036,WDH-WDR-BEN
500259673002037,WDH-WDR-BEN
500259673002038,WDH-WDR-BEN
500259673002039,WDH-WDR-BEN
500259673002040,WDH-WDR-BEN
500259673002041,WDH-WDR-BEN
500259673002042,WDH-WDR-BEN
500259673002043,WDH-WDR-BEN
500259673002044,WDH-WDR-BEN
500259673002045,WDH-WDR-BEN
500259673002046,WDH-WDR-BEN
500259673002047,WDH-WDR-BEN
500259673002048,WDH-WDR-BEN
500259673002049,WDH-WDR-BEN
500259673002050,WDH-WDR-BEN
500259673002051,WDH-WDR-BEN
500279665021000,WDH-WDR-BEN
500279665021001,WDH-WDR-BEN
500279665021002,WDH-WDR-BEN
500279665021003,WDH-WDR-BEN
500279665021004,WDH-WDR-BEN
500279665021005,WDH-WDR-BEN
500279665021006,WDH-WDR-BEN
500279665021007,WDH-WDR-BEN
500279665021008,WDH-WDR-BEN
500279665021009,WDH-WDR-BEN
500279665021010,WDH-WDR-BEN
500279665021011,WDH-WDR-BEN
500279665021012,WDH-WDR-BEN
500279665021013,WDH-WDR-BEN
500279665021014,WDH-WDR-BEN
500279665021015,WDH-WDR-BEN
500279665021016,WDH-WDR-BEN
500279665021017,WDH-WDR-BEN
500279665021018,WDH-WDR-BEN
500279665021019,WDH-WDR-BEN
500279665021020,WDH-WDR-BEN
500279665021021,WDH-WDR-BEN
500279665021022,WDH-WDR-BEN
500279665021023,WDH-WDR-BEN
500279665021024,WDH-WDR-BEN
500279665021025,WDH-WDR-BEN
500279665021026,WDH-WDR-BEN
500279665021027,WDH-WDR-BEN
500279665021028,WDH-WDR-BEN
500279665021029,WDH-WDR-BEN
500279665021030,WDH-WDR-BEN
500279665021031,WDH-WDR-BEN
500279665021032,WDH-WDR-BEN
500279665021033,WDH-WDR-BEN
500279665021034,WDH-WDR-BEN
500279665021035,WDH-WDR-BEN
500279665021036,WDH-WDR-BEN
500279665021037,WDH-WDR-BEN
500279665021038,WDH-WDR-BEN
500279665021039,WDH-WDR-BEN
500279665021040,WDH-WDR-BEN
500279665021041,WDH-WDR-BEN
500259675001035,WDH-2
500259675001036,WDH-2
500259675001037,WDH-2
500259675001038,WDH-2
500259675001039,WDH-2
500259675001040,WDH-2
500259675001041,WDH-2
500259675001042,WDH-2
500259675001043,WDH-2
500259675001044,WDH-2
500259675001045,WDH-2
500259675001046,WDH-2
500259675001056,WDH-2
500259675001057,WDH-2
500259675001058,WDH-2
500259675001059,WDH-2
500259675001060,WDH-2
500259675001061,WDH-2
500259675001062,WDH-2
500259675001075,WDH-2
500259675002000,WDH-2
500259675002001,WDH-2
500259675002002,WDH-2
500259675002003,WDH-2
500259675002004,WDH-2
500259675002005,WDH-2
500259675002006,WDH-2
500259675002007,WDH-2
500259675002008,WDH-2
500259675002009,WDH-2
500259675002010,WDH-2
500259675002011,WDH-2
500259675002012,WDH-2
500259675002013,WDH-2
500259675002014,WDH-2
500259675002015,WDH-2
500259675002016,WDH-2
500259675002017,WDH-2
500259675002018,WDH-2
500259675002019,WDH-2
500259675002020,WDH-2
500259675002021,WDH-2
500259675002022,WDH-2
500259675002023,WDH-2
500259675002024,WDH-2
500259675002025,WDH-2
500259675002026,WDH-2
500259675002027,WDH-2
500259675002028,WDH-2
500259675002029,WDH-2
500259675002030,WDH-2
500259675002031,WDH-2
500259675002032,WDH-2
500259675002033,WDH-2
500259675002034,WDH-2
500259675002035,WDH-2
500259675002036,WDH-2
500259675002037,WDH-2
500259675002038,WDH-2
500259675002039,WDH-2
500279654002000,WDR-4
500279654002001,WDR-4
500279654002002,WDR-4
500279654002003,WDR-4
500279654002004,WDR-4
500279654002005,WDR-4
500279654002006,WDR-4
500279654002007,WDR-4
500279654002008,WDR-4
500279654002009,WDR-4
500279654002010,WDR-4
500279654002011,WDR-4
500279654002012,WDR-4
500279654002013,WDR-4
500279654002014,WDR-4
500279654002015,WDR-4
500279654002016,WDR-4
500279654002017,WDR-4
500279654002018,WDR-4
500279654002019,WDR-4
500279654002020,WDR-4
500279654002021,WDR-4
500279654002022,WDR-4
500279654002023,WDR-4
500279654002024,WDR-4
500279654002025,WDR-4
500279654002026,WDR-4
500279654002027,WDR-4
500279654002028,WDR-4
500279654002029,WDR-4
500279654002030,WDR-4
500279654002031,WDR-4
500279654002032,WDR-4
500279654002033,WDR-4
500279654002034,WDR-4
500279654002035,WDR-4
500279654002036,WDR-4
500279654002037,WDR-4
500279654002038,WDR-4
500279654002039,WDR-4
500279654002040,WDR-4
500279654002041,WDR-4
500279654002042,WDR-4
500279654002043,WDR-4
500279654002044,WDR-4
500279654002045,WDR-4
500279654002046,WDR-4
500279654002047,WDR-4
500279654002048,WDR-4
500279654002049,WDR-4
500279654002050,WDR-4
500279654002051,WDR-4
500279654002052,WDR-4
500279654002053,WDR-4
500279654002054,WDR-4
500039704011000,BEN-4
500039704011001,BEN-4
500039704011002,BEN-4
500039704011003,BEN-4
500039704011004,BEN-4
500039704011005,BEN-4
500039704011006,BEN-4
500039704011007,BEN-4
500039704011008,BEN-4
500039704011009,BEN-4
500039704011010,BEN-4
500039704011011,BEN-4
500039704011012,BEN-4
500039704011013,BEN-4
500039704011014,BEN-4
500039704011015,BEN-4
500039704011016,BEN-4
500039704011017,BEN-4
500039704011018,BEN-4
500039704011019,BEN-4
500039704011020,BEN-4
500039704011021,BEN-4
500039704011022,BEN-4
500039704011023,BEN-4
500039704011024,BEN-4
500039704012000,BEN-4
500039704012001,BEN-4
500039704012002,BEN-4
500039704012003,BEN-4
500039704012004,BEN-4
500039704012005,BEN-4
500039704012006,BEN-4
500039704012007,BEN-4
500039704012008,BEN-4
500039704012009,BEN-4
500039704012010,BEN-4
500039704012011,BEN-4
500039704012012,BEN-4
500039704012013,BEN-4
500039704012014,BEN-4
500039704012015,BEN-4
500039704012016,BEN-4
500039704012017,BEN-4
500039704012018,BEN-4
500039704012019,BEN-4
500039704012020,BEN-4
500039704012021,BEN-4
500039704012022,BEN-4
500039704012023,BEN-4
500039704012024,BEN-4
500039704012025,BEN-4
500039704012026,BEN-4
500039704012027,BEN-4
500039704012028,BEN-4
500039704012029,BEN-4
500039704012030,BEN-4
500039704012031,BEN-4
500039704012032,BEN-4
500039704012033,BEN-4
500039704012034,BEN-4
500039704012035,BEN-4
500039704012036,BEN-4
500039704012037,BEN-4
500039704012038,BEN-4
500039704012039,BEN-4
500039704013000,BEN-4
500039704013001,BEN-4
500039704013002,BEN-4
500039704013003,BEN-4
500039704013004,BEN-4
500039704013005,BEN-4
500039704013006,BEN-4
500039704013007,BEN-4
500039704013008,BEN-4
500039704013009,BEN-4
500039704013010,BEN-4
500039704013011,BEN-4
500039704013012,BEN-4
500039704013013,BEN-4
500039704013014,BEN-4
500039704013015,BEN-4
500039704013016,BEN-4
500039704013017,BEN-4
500039704013018,BEN-4
500039704013019,BEN-4
500039704013020,BEN-4
500039704013021,BEN-4
500039704013022,BEN-4
500039704013023,BEN-4
500039704013024,BEN-4
500039704013025,BEN-4
500039704013026,BEN-4
500039704013027,BEN-4
500039704021000,BEN-4
500039704021001,BEN-4
500039704021002,BEN-4
500039704021003,BEN-4
500039704021004,BEN-4
500039704021005,BEN-4
500039704021006,BEN-4
500039704021007,BEN-4
500039704021008,BEN-4
500039704021009,BEN-4
500039704021010,BEN-4
500039704021011,BEN-4
500039704021012,BEN-4
500039704021013,BEN-4
500039704021014,BEN-4
500039704021015,BEN-4
500039704021016,BEN-4
500039704021017,BEN-4
500039704021018,BEN-4
500039704021019,BEN-4
500039704021020,BEN-4
500039704022000,BEN-4
500039704022001,BEN-4
500039704022002,BEN-4
500039704022003,BEN-4
500039704022004,BEN-4
500039704022005,BEN-4
500039704022006,BEN-4
500039704022007,BEN-4
500039704022008,BEN-4
500039704022009,BEN-4
500039704022010,BEN-4
500039704022011,BEN-4
500039704022012,BEN-4
500039704022013,BEN-4
500039704022014,BEN-4
500039704022015,BEN-4
500039704022016,BEN-4
500039704022017,BEN-4
500039704022018,BEN-4
500039704022019,BEN-4
500039704022020,BEN-4
500039704022021,BEN-4
500039704022022,BEN-4
500039714001000,BEN-RUT
500039714001001,BEN-RUT
500039714001002,BEN-RUT
500039714001003,BEN-RUT
500039714001004,BEN-RUT
500039714001005,BEN-RUT
500039714001006,BEN-RUT
500039714001007,BEN-RUT
500039714001008,BEN-RUT
500039714001009,BEN-RUT
500039714001010,BEN-RUT
500039714001011,BEN-RUT
500039714001012,BEN-RUT
500039714001013,BEN-RUT
500039714001014,BEN-RUT
500039714001015,BEN-RUT
500039714001016,BEN-RUT
500039714001017,BEN-RUT
500039714001018,BEN-RUT
500039714001019,BEN-RUT
500039714001020,BEN-RUT
500039714001021,BEN-RUT
500039714001022,BEN-RUT
500039714001023,BEN-RUT
500039714001024,BEN-RUT
500039714001025,BEN-RUT
500039714001026,BEN-RUT
500039714001027,BEN-RUT
500039714001028,BEN-RUT
500039714001029,BEN-RUT
500039714001030,BEN-RUT
500039714001031,BEN-RUT
500039714001032,BEN-RUT
500039714001033,BEN-RUT
500039714001034,BEN-RUT
500039714001035,BEN-RUT
500039714001036,BEN-RUT
500039714001037,BEN-RUT
500039714001038,BEN-RUT
500039714001039,BEN-RUT
500039714002000,BEN-RUT
500039714002001,BEN-RUT
500039714002002,BEN-RUT
500039714002003,BEN-RUT
500039714002004,BEN-RUT
500039714002005,BEN-RUT
500039714002006,BEN-RUT
500039714002007,BEN-RUT
500039714002008,BEN-RUT
500039714002009,BEN-RUT
500039714002010,BEN-RUT
500039714002011,BEN-RUT
500039714002012,BEN-RUT
500039714002013,BEN-RUT
500039714002014,BEN-RUT
500039714002015,BEN-RUT
500039714002016,BEN-RUT
500039714002017,BEN-RUT
500039714002018,BEN-RUT
500039714002019,BEN-RUT
500039714002020,BEN-RUT
500039714002021,BEN-RUT
500039714002022,BEN-RUT
500039714002023,BEN-RUT
500039714002024,BEN-RUT
500039714002025,BEN-RUT
500039714002026,BEN-RUT
500039714003000,BEN-RUT
500039714003001,BEN-RUT
500039714003002,BEN-RUT
500039714003003,BEN-RUT
500039714003004,BEN-RUT
500039714003005,BEN-RUT
500039714003006,BEN-RUT
500039714003007,BEN-RUT
500039714003008,BEN-RUT
500039714003009,BEN-RUT
500039714003010,BEN-RUT
500039714003011,BEN-RUT
500039714003012,BEN-RUT
500039714003013,BEN-RUT
500039714003014,BEN-RUT
500039714003015,BEN-RUT
500039714003016,BEN-RUT
500039714003017,BEN-RUT
500039714003018,BEN-RUT
500039714003019,BEN-RUT
500039714003020,BEN-RUT
500039714003021,BEN-RUT
500039714003022,BEN-RUT
500039714003023,BEN-RUT
500039714003024,BEN-RUT
500259675001047,WDH-2
500259675001048,WDH-2
500259675001049,WDH-2
500259675001050,WDH-2
500259675001051,WDH-2
500259675001052,WDH-2
500259675001064,WDH-2
500259675001065,WDH-2
500259675001066,WDH-2
500259675001067,WDH-2
500259675001071,WDH-2
500259675001072,WDH-2
500259675001073,WDH-2
500259675001074,WDH-2
500259675001078,WDH-2
500259675001079,WDH-2
500259675001000,WDH-2
500259675001001,WDH-2
500259675001002,WDH-2
500259675001003,WDH-2
500259675001004,WDH-2
500259675001005,WDH-2
500259675001006,WDH-2
500259675001007,WDH-2
500259675001008,WDH-2
500259675001009,WDH-2
500259675001010,WDH-2
500259675001011,WDH-2
500259675001012,WDH-2
500259675001013,WDH-2
500259675001014,WDH-2
500259675001015,WDH-2
500259675001016,WDH-2
500259675001017,WDH-2
500259675001018,WDH-2
500259675001019,WDH-2
500259675001020,WDH-2
500259675001021,WDH-2
500259675001022,WDH-2
500259675001023,WDH-2
500259675001024,WDH-2
500259675001025,WDH-2
500259675001026,WDH-2
500259675001027,WDH-2
500259675001028,WDH-2
500259675001029,WDH-2
500259675001030,WDH-2
500259675001031,WDH-2
500259675001032,WDH-2
500259675001033,WDH-2
500259675001034,WDH-2
500259675001053,WDH-2
500259675001054,WDH-2
500259675001055,WDH-2
500259675001063,WDH-2
500259675001068,WDH-2
500259675001069,WDH-2
500259675001070,WDH-2
500259675001076,WDH-2
500259675001077,WDH-2
500039705002000,WDH-WDR-BEN
500039705002001,WDH-WDR-BEN
500039705002002,WDH-WDR-BEN
500039705002003,WDH-WDR-BEN
500039705002004,WDH-WDR-BEN
500039705002005,WDH-WDR-BEN
500039705002006,WDH-WDR-BEN
500039705002007,WDH-WDR-BEN
500039705002008,WDH-WDR-BEN
500039705002009,WDH-WDR-BEN
500039705002010,WDH-WDR-BEN
500039705002011,WDH-WDR-BEN
500039705002012,WDH-WDR-BEN
500039705002013,WDH-WDR-BEN
500039705002014,WDH-WDR-BEN
500039705002015,WDH-WDR-BEN
500039705002016,WDH-WDR-BEN
500039705002017,WDH-WDR-BEN
500039705002018,WDH-WDR-BEN
500039705002019,WDH-WDR-BEN
500039705002020,WDH-WDR-BEN
500039705002021,WDH-WDR-BEN
500039705002022,WDH-WDR-BEN
500039705002023,WDH-WDR-BEN
500039705002024,WDH-WDR-BEN
500039705002025,WDH-WDR-BEN
500039705002026,WDH-WDR-BEN
500039705002027,WDH-WDR-BEN
500039705002028,WDH-WDR-BEN
500039705002029,WDH-WDR-BEN
500039705002030,WDH-WDR-BEN
500039705002031,WDH-WDR-BEN
500039705002032,WDH-WDR-BEN
500039705002033,WDH-WDR-BEN
500039705002034,WDH-WDR-BEN
500039705002035,WDH-WDR-BEN
500039705002036,WDH-WDR-BEN
500039705002037,WDH-WDR-BEN
500039705002038,WDH-WDR-BEN
500039705002039,WDH-WDR-BEN
500039705002040,WDH-WDR-BEN
500039705002041,WDH-WDR-BEN
500039705002042,WDH-WDR-BEN
500039705002043,WDH-WDR-BEN
500039705002044,WDH-WDR-BEN
500039705002045,WDH-WDR-BEN
500039705002046,WDH-WDR-BEN
500039705002047,WDH-WDR-BEN
500039705002048,WDH-WDR-BEN
500039705002049,WDH-WDR-BEN
500039705002050,WDH-WDR-BEN
500039705002051,WDH-WDR-BEN
500039705002052,WDH-WDR-BEN
500039705002053,WDH-WDR-BEN
500039705002054,WDH-WDR-BEN
500039705002055,WDH-WDR-BEN
500039705002056,WDH-WDR-BEN
500039705002057,WDH-WDR-BEN
500039705002058,WDH-WDR-BEN
500039705002059,WDH-WDR-BEN
500039705002060,WDH-WDR-BEN
500039705002061,WDH-WDR-BEN
500039705002062,WDH-WDR-BEN
500039705002063,WDH-WDR-BEN
500039705002064,WDH-WDR-BEN
500039705002065,WDH-WDR-BEN
500039705002066,WDH-WDR-BEN
500039705002067,WDH-WDR-BEN
500039705002068,WDH-WDR-BEN
500039705002069,WDH-WDR-BEN
500039705002070,WDH-WDR-BEN
500039705002071,WDH-WDR-BEN
500039705002072,WDH-WDR-BEN
500039705002073,WDH-WDR-BEN
500039705002074,WDH-WDR-BEN
500039705002075,WDH-WDR-BEN
500039705002076,WDH-WDR-BEN
500039705002077,WDH-WDR-BEN
500039705002078,WDH-WDR-BEN
500039705002079,WDH-WDR-BEN
500039705002080,WDH-WDR-BEN
500039705002081,WDH-WDR-BEN
500039705002082,WDH-WDR-BEN
500039705002083,WDH-WDR-BEN
500039705002084,WDH-WDR-BEN
500039705002085,WDH-WDR-BEN
500039705002086,WDH-WDR-BEN
500039705002087,WDH-WDR-BEN
500039705002088,WDH-WDR-BEN
500039705002089,WDH-WDR-BEN
500039705002090,WDH-WDR-BEN
500039705002091,WDH-WDR-BEN
500039705002092,WDH-WDR-BEN
500039705002093,WDH-WDR-BEN
500039705002094,WDH-WDR-BEN
500039705002095,WDH-WDR-BEN
500279650001000,WDR-ORA-2
500279650001001,WDR-ORA-2
500279650001002,WDR-ORA-2
500279650001003,WDR-ORA-2
500279650001004,WDR-ORA-2
500279650001005,WDR-ORA-2
500279650001006,WDR-ORA-2
500279650001007,WDR-ORA-2
500279650001008,WDR-ORA-2
500279650001009,WDR-ORA-2
500279650001010,WDR-ORA-2
500279650001011,WDR-ORA-2
500279650001012,WDR-ORA-2
500279650001013,WDR-ORA-2
500279650001014,WDR-ORA-2
500279650001015,WDR-ORA-2
500279650001016,WDR-ORA-2
500279650001017,WDR-ORA-2
500279650001018,WDR-ORA-2
500279650001019,WDR-ORA-2
500279650001020,WDR-ORA-2
500279650001021,WDR-ORA-2
500279650001022,WDR-ORA-2
500279650001023,WDR-ORA-2
500279650001024,WDR-ORA-2
500279650001025,WDR-ORA-2
500279650001026,WDR-ORA-2
500279650001027,WDR-ORA-2
500279650001028,WDR-ORA-2
500279650001029,WDR-ORA-2
500279650001030,WDR-ORA-2
500279650001031,WDR-ORA-2
500279650001032,WDR-ORA-2
500279650001033,WDR-ORA-2
500279650001034,WDR-ORA-2
500279650001035,WDR-ORA-2
500279650001036,WDR-ORA-2
500279650001037,WDR-ORA-2
500279650001038,WDR-ORA-2
500279650001039,WDR-ORA-2
500279650001040,WDR-ORA-2
500279650001041,WDR-ORA-2
500279650001042,WDR-ORA-2
500279650001043,WDR-ORA-2
500279650001044,WDR-ORA-2
500279650001045,WDR-ORA-2
500279650001046,WDR-ORA-2
500279650001047,WDR-ORA-2
500279650001048,WDR-ORA-2
500279650001049,WDR-ORA-2
500279650001050,WDR-ORA-2
500279650001051,WDR-ORA-2
500279650001052,WDR-ORA-2
500279650001053,WDR-ORA-2
500279650001054,WDR-ORA-2
500279650001055,WDR-ORA-2
500279650001056,WDR-ORA-2
500279650001057,WDR-ORA-2
500279650001058,WDR-ORA-2
500279650001059,WDR-ORA-2
500279650001060,WDR-ORA-2
500279650001061,WDR-ORA-2
500279650001062,WDR-ORA-2
500279650001063,WDR-ORA-2
500279650001064,WDR-ORA-2
500279650001065,WDR-ORA-2
500279650001066,WDR-ORA-2
500279650001067,WDR-ORA-2
500279650001068,WDR-ORA-2
500279650001069,WDR-ORA-2
500279650001070,WDR-ORA-2
500279650002000,WDR-ORA-2
500279650002001,WDR-ORA-2
500279650002002,WDR-ORA-2
500279650002003,WDR-ORA-2
500279650002004,WDR-ORA-2
500279650002005,WDR-ORA-2
500279650002006,WDR-ORA-2
500279650002007,WDR-ORA-2
500279650002008,WDR-ORA-2
500279650002009,WDR-ORA-2
500279650002010,WDR-ORA-2
500279650002011,WDR-ORA-2
500279650002012,WDR-ORA-2
500279650002013,WDR-ORA-2
500279650002014,WDR-ORA-2
500279650002015,WDR-ORA-2
500279650002016,WDR-ORA-2
500279650002017,WDR-ORA-2
500279650002018,WDR-ORA-2
500279650002019,WDR-ORA-2
500279650002020,WDR-ORA-2
500279650002021,WDR-ORA-2
500279650002022,WDR-ORA-2
500279650002023,WDR-ORA-2
500279650002024,WDR-ORA-2
500279650002025,WDR-ORA-2
500279650002026,WDR-ORA-2
500279650002027,WDR-ORA-2
500279650002028,WDR-ORA-2
500279650003000,WDR-ORA-2
500279650003001,WDR-ORA-2
500279650003002,WDR-ORA-2
500279650003003,WDR-ORA-2
500279650003004,WDR-ORA-2
500279650003005,WDR-ORA-2
500279650003006,WDR-ORA-2
500279650003007,WDR-ORA-2
500279650003008,WDR-ORA-2
500279650003009,WDR-ORA-2
500279650003010,WDR-ORA-2
500279650003011,WDR-ORA-2
500279650003012,WDR-ORA-2
500279650003013,WDR-ORA-2
500279650003014,WDR-ORA-2
500279650003015,WDR-ORA-2
500279650003016,WDR-ORA-2
500279650003017,WDR-ORA-2
500279650003018,WDR-ORA-2
500279650003019,WDR-ORA-2
500279650003020,WDR-ORA-2
500279650003021,WDR-ORA-2
500279650003022,WDR-ORA-2
500279650003023,WDR-ORA-2
500279650003024,WDR-ORA-2
500279650003025,WDR-ORA-2
500279650003026,WDR-ORA-2
500279650003027,WDR-ORA-2
500279650003028,WDR-ORA-2
500279650003029,WDR-ORA-2
500279650003030,WDR-ORA-2
500279650003031,WDR-ORA-2
500279650003032,WDR-ORA-2
500279650003033,WDR-ORA-2
500279650003034,WDR-ORA-2
500279650003035,WDR-ORA-2
500279650003036,WDR-ORA-2
500279650003037,WDR-ORA-2
500279650003038,WDR-ORA-2
500279650003039,WDR-ORA-2
500279650003040,WDR-ORA-2
500279650003041,WDR-ORA-2
500279650003042,WDR-ORA-2
500279650003043,WDR-ORA-2
500279651001000,WDR-ORA-1
500279651001001,WDR-ORA-1
500279651001002,WDR-ORA-1
500279651001003,WDR-ORA-1
500279651001004,WDR-ORA-1
500279651001005,WDR-ORA-1
500279651001006,WDR-ORA-1
500279651001007,WDR-ORA-1
500279651001008,WDR-ORA-1
500279651001009,WDR-ORA-1
500279651001010,WDR-ORA-1
500279651001011,WDR-ORA-1
500279651001012,WDR-ORA-1
500279651001013,WDR-ORA-1
500279651001014,WDR-ORA-1
500279651001015,WDR-ORA-1
500279651001016,WDR-ORA-1
500279651001017,WDR-ORA-1
500279651001018,WDR-ORA-1
500279651001019,WDR-ORA-1
500279651001020,WDR-ORA-1
500279651001021,WDR-ORA-1
500279651001022,WDR-ORA-1
500279651001023,WDR-ORA-1
500279651001024,WDR-ORA-1
500279651001025,WDR-ORA-1
500279651001026,WDR-ORA-1
500279651002000,WDR-ORA-1
500279651002001,WDR-ORA-1
500279651002002,WDR-ORA-1
500279651002003,WDR-ORA-1
500279651002004,WDR-ORA-1
500279651002005,WDR-ORA-1
500279651002006,WDR-ORA-1
500279651002007,WDR-ORA-1
500279651002008,WDR-ORA-1
500279651002009,WDR-ORA-1
500279651002010,WDR-ORA-1
500279651002011,WDR-ORA-1
500279651002012,WDR-ORA-1
500279651002013,WDR-ORA-1
500279651002014,WDR-ORA-1
500279651002015,WDR-ORA-1
500279651002016,WDR-ORA-1
500279651002017,WDR-ORA-1
500279651002018,WDR-ORA-1
500279651002019,WDR-ORA-1
500279651002020,WDR-ORA-1
500279651002021,WDR-ORA-1
500279651002022,WDR-ORA-1
500279651002023,WDR-ORA-1
500279651002024,WDR-ORA-1
500279651002025,WDR-ORA-1
500279651002026,WDR-ORA-1
500279651002027,WDR-ORA-1
500279651002028,WDR-ORA-1
500279651002029,WDR-ORA-1
500279651002030,WDR-ORA-1
500279651002031,WDR-ORA-1
500279651002032,WDR-ORA-1
500279651002033,WDR-ORA-1
500279651002034,WDR-ORA-1
500279651002035,WDR-ORA-1
500279651002036,WDR-ORA-1
500279651002037,WDR-ORA-1
500279651002038,WDR-ORA-1
500279651002039,WDR-ORA-1
500279651002040,WDR-ORA-1
500279651002041,WDR-ORA-1
500279651002042,WDR-ORA-1
500279651002043,WDR-ORA-1
500279651002044,WDR-ORA-1
500279651002045,WDR-ORA-1
500279651002046,WDR-ORA-1
500279651002047,WDR-ORA-1
500279651002048,WDR-ORA-1
500279651002049,WDR-ORA-1
500279651002050,WDR-ORA-1
500279651002051,WDR-ORA-1
500279651002052,WDR-ORA-1
500279651002053,WDR-ORA-1
500279651002054,WDR-ORA-1
500279651002055,WDR-ORA-1
500279651002056,WDR-ORA-1
500279651002057,WDR-ORA-1
500279651002058,WDR-ORA-1
500279651002059,WDR-ORA-1
500279651002060,WDR-ORA-1
500279651002061,WDR-ORA-1
500279651002062,WDR-ORA-1
500279651002063,WDR-ORA-1
500279651002064,WDR-ORA-1
500279651002065,WDR-ORA-1
500279651003000,WDR-ORA-1
500279651003001,WDR-ORA-1
500279651003002,WDR-ORA-1
500279651003003,WDR-ORA-1
500279651003004,WDR-ORA-1
500279651003005,WDR-ORA-1
500279651003006,WDR-ORA-1
500279651003007,WDR-ORA-1
500279651003008,WDR-ORA-1
500279651003009,WDR-ORA-1
500279651003010,WDR-ORA-1
500279651003011,WDR-ORA-1
500279651003012,WDR-ORA-1
500279651003013,WDR-ORA-1
500279651003014,WDR-ORA-1
500279651003015,WDR-ORA-1
500279651003016,WDR-ORA-1
500279651003017,WDR-ORA-1
500279651003018,WDR-ORA-1
500279651003019,WDR-ORA-1
500279651003020,WDR-ORA-1
500279651003021,WDR-ORA-1
500279651003022,WDR-ORA-1
500279651003023,WDR-ORA-1
500279651003024,WDR-ORA-1
500279651003025,WDR-ORA-1
500279651003026,WDR-ORA-1
500279651003027,WDR-ORA-1
500279651003028,WDR-ORA-1
500279651003029,WDR-ORA-1
500279651003030,WDR-ORA-1
500279651003031,WDR-ORA-1
500279651003032,WDR-ORA-1
500279651003033,WDR-ORA-1
500279651003034,WDR-ORA-1
500279651003035,WDR-ORA-1
500279651003036,WDR-ORA-1
500279651003037,WDR-ORA-1
500279651003038,WDR-ORA-1
500279651003039,WDR-ORA-1
500279651003040,WDR-ORA-1
500279651003041,WDR-ORA-1
500279651003042,WDR-ORA-1
500279651003043,WDR-ORA-1
500279651003044,WDR-ORA-1
500279651003045,WDR-ORA-1
500279651003046,WDR-ORA-1
500279651003047,WDR-ORA-1
500279651003048,WDR-ORA-1
500279651003049,WDR-ORA-1
500259679001000,WDH-2
500259679001001,WDH-2
500259679001002,WDH-2
500259679001003,WDH-2
500259679001004,WDH-2
500259679001005,WDH-2
500259679001006,WDH-2
500259679001007,WDH-2
500259679001008,WDH-2
500259679001009,WDH-2
500259679001010,WDH-2
500259679001011,WDH-2
500259679001012,WDH-2
500259679001013,WDH-2
500259679001014,WDH-2
500259679001015,WDH-2
500259679001016,WDH-2
500259679001017,WDH-2
500259679001018,WDH-2
500259679001019,WDH-2
500259679001020,WDH-2
500259679001021,WDH-2
500259679001022,WDH-2
500259679001023,WDH-2
500259679001024,WDH-2
500259679001025,WDH-2
500259679001026,WDH-2
500259679001027,WDH-2
500259679001028,WDH-2
500259679001029,WDH-2
500259679001030,WDH-2
500259679001031,WDH-2
500259679001032,WDH-2
500259679001033,WDH-2
500259679001034,WDH-2
500259679002000,WDH-2
500259679002001,WDH-2
500259679002002,WDH-2
500259679002003,WDH-2
500259679002004,WDH-2
500259679002005,WDH-2
500259679002006,WDH-2
500259679002007,WDH-2
500259679002008,WDH-2
500259679002009,WDH-2
500259679002010,WDH-2
500259679002011,WDH-2
500259679002012,WDH-2
500259679002013,WDH-2
500259679002014,WDH-2
500259679002015,WDH-2
500259679002016,WDH-2
500259679002017,WDH-2
500259679002018,WDH-2
500259679002019,WDH-2
500259679002020,WDH-2
500259679002021,WDH-2
500259679002022,WDH-2
500259679002023,WDH-2
500259679002024,WDH-2
500259679002025,WDH-2
500259679002026,WDH-2
500259679002027,WDH-2
500259679002028,WDH-2
500259679002029,WDH-2
500259679002030,WDH-2
500259679002031,WDH-2
500259679002032,WDH-2
500259679003000,WDH-2
500259679003001,WDH-2
500259679003002,WDH-2
500259679003003,WDH-2
500259679003004,WDH-2
500259679003005,WDH-2
500259679003006,WDH-2
500259679003007,WDH-2
500259679003008,WDH-2
500259679003009,WDH-2
500259679003010,WDH-2
500259679003011,WDH-2
500259679003012,WDH-2
500259679003013,WDH-2
500259679003014,WDH-2
500259679003015,WDH-2
500259679003016,WDH-2
500259679003017,WDH-2
500259679003018,WDH-2
500259679003019,WDH-2
500259679003020,WDH-2
500259679003021,WDH-2
500259679003022,WDH-2
500259679003023,WDH-2
500259679003024,WDH-2
500259679003025,WDH-2
500259679003026,WDH-2
500259679003027,WDH-2
500259679003028,WDH-2
500259679003029,WDH-2
500259679003030,WDH-2
500259679003031,WDH-2
500259679003032,WDH-2
500259679003033,WDH-2
500259679003034,WDH-2
500259679003035,WDH-2
500259679003036,WDH-2
500259679003037,WDH-2
500259682001000,WDH-6
500259682001001,WDH-6
500259682001002,WDH-6
500259682001003,WDH-6
500259682001004,WDH-6
500259682001005,WDH-6
500259682001006,WDH-6
500259682001007,WDH-6
500259682001008,WDH-6
500259682001009,WDH-6
500259682001010,WDH-6
500259682001011,WDH-6
500259682001012,WDH-6
500259682001013,WDH-6
500259682001014,WDH-6
500259682001015,WDH-6
500259682001016,WDH-6
500259682001017,WDH-6
500259682001018,WDH-6
500259682001019,WDH-6
500259682001020,WDH-6
500259682001021,WDH-6
500259682001022,WDH-6
500259682001023,WDH-6
500259682001024,WDH-6
500259682001025,WDH-6
500259682001026,WDH-6
500259682001027,WDH-6
500259682001028,WDH-6
500259682001029,WDH-6
500259682001030,WDH-6
500259682001031,WDH-6
500259682001032,WDH-6
500259682001033,WDH-6
500259682001034,WDH-6
500259682001035,WDH-6
500259682001036,WDH-6
500259682001037,WDH-6
500259682001038,WDH-6
500259682001039,WDH-6
500259682001040,WDH-6
500259682001041,WDH-6
500259682001042,WDH-6
500259682001043,WDH-6
500259682001044,WDH-6
500259682001045,WDH-6
500259682001046,WDH-6
500259682001047,WDH-6
500259682001048,WDH-6
500259682001049,WDH-6
500259682001050,WDH-6
500259682001051,WDH-6
500259682001052,WDH-6
500259682001053,WDH-6
500259682001054,WDH-6
500259682001055,WDH-6
500259687001000,WDH-1
500259687001001,WDH-1
500259687001002,WDH-1
500259687001003,WDH-1
500259687001004,WDH-1
500259687001005,WDH-1
500259687001006,WDH-1
500259687001007,WDH-1
500259687001008,WDH-1
500259687001009,WDH-1
500259687001010,WDH-1
500259687001011,WDH-1
500259687001012,WDH-1
500259687001013,WDH-1
500259687001014,WDH-1
500259687001015,WDH-1
500259687001016,WDH-1
500259687001017,WDH-1
500259687001018,WDH-1
500259687001019,WDH-1
500259687001020,WDH-1
500259687001021,WDH-1
500259687001022,WDH-1
500259687001023,WDH-1
500259687001024,WDH-1
500259687001025,WDH-1
500259687001026,WDH-1
500259687001027,WDH-1
500259687001028,WDH-1
500259687001029,WDH-1
500259687001030,WDH-1
500259687001031,WDH-1
500259687001032,WDH-1
500259687001033,WDH-1
500259687001034,WDH-1
500259687001035,WDH-1
500259687001036,WDH-1
500259687001037,WDH-1
500259687001038,WDH-1
500259687001039,WDH-1
500259687001040,WDH-1
500259687001041,WDH-1
500259687002000,WDH-1
500259687002001,WDH-1
500259687002002,WDH-1
500259687002003,WDH-1
500259687002004,WDH-1
500259687002005,WDH-1
500259687002006,WDH-1
500259687002007,WDH-1
500259687002008,WDH-1
500259687002009,WDH-1
500259687002010,WDH-1
500259687002011,WDH-1
500259687002012,WDH-1
500259687002013,WDH-1
500259687002014,WDH-1
500259687002015,WDH-1
500259687002016,WDH-1
500259687002017,WDH-1
500259687002018,WDH-1
500259687002019,WDH-1
500259687002020,WDH-1
500259687002021,WDH-1
500259687002022,WDH-1
500259687002023,WDH-1
500259687002024,WDH-1
500259687002025,WDH-1
500259687002026,WDH-1
500259687002027,WDH-1
500259687002028,WDH-1
500259687002029,WDH-1
500259687002030,WDH-1
500259687002031,WDH-1
500259687002032,WDH-1
500259687002033,WDH-1
500259687002034,WDH-1
500259687002035,WDH-1
500259687002036,WDH-1
500259687002037,WDH-1
500259687002038,WDH-1
500259687002039,WDH-1
500259687002040,WDH-1
500259687002041,WDH-1
500259687002042,WDH-1
500259687002043,WDH-1
500259687002044,WDH-1
500259687002045,WDH-1
500259687002046,WDH-1
500259682002000,WDH-5
500259682002001,WDH-5
500259682002002,WDH-5
500259682002003,WDH-5
500259682002004,WDH-5
500259682002005,WDH-5
500259682002006,WDH-5
500259682002007,WDH-5
500259682002008,WDH-5
500259682002009,WDH-5
500259682002010,WDH-5
500259682002011,WDH-5
500259682002012,WDH-5
500259682002013,WDH-5
500259682002014,WDH-5
500259682002015,WDH-5
500259682002016,WDH-5
500259682002017,WDH-5
500259682002018,WDH-5
500259682002019,WDH-5
500259682002020,WDH-5
500259682002021,WDH-5
500259682002022,WDH-5
500259682002023,WDH-5
500259682002024,WDH-5
500259682002025,WDH-5
500259682002026,WDH-5
500259682002027,WDH-5
500259682002028,WDH-5
500259682002029,WDH-5
500259682002030,WDH-5
500259682002031,WDH-5
500259682002032,WDH-5
500259682002033,WDH-5
500259682002034,WDH-5
500259682002035,WDH-5
500259682002036,WDH-5
500259682002037,WDH-5
500259682002038,WDH-5
500259682002039,WDH-5
500259682002040,WDH-5
500259682002041,WDH-5
500259682002042,WDH-5
500259682002043,WDH-5
500259682002044,WDH-5
500259682002045,WDH-5
500259682002046,WDH-5
500259682002047,WDH-5
500259682002048,WDH-5
500259682002049,WDH-5
500259682002050,WDH-5
500259682002051,WDH-5
500259682002052,WDH-5
500259682002053,WDH-5
500259682002054,WDH-5
500259680001000,WDH-6
500259680001001,WDH-6
500259680001002,WDH-6
500259680001003,WDH-6
500259680001004,WDH-6
500259680001005,WDH-6
500259680001006,WDH-6
500259680001007,WDH-6
500259680001008,WDH-6
500259680001009,WDH-6
500259680001010,WDH-6
500259680001011,WDH-6
500259680001012,WDH-6
500259680001013,WDH-6
500259680001014,WDH-6
500259680001015,WDH-6
500259680001016,WDH-6
500259680001017,WDH-6
500259680001018,WDH-6
500259680001019,WDH-6
500259680001020,WDH-6
500259680001021,WDH-6
500259680001022,WDH-6
500259680001023,WDH-6
500259680001024,WDH-6
500259680001025,WDH-6
500259680001026,WDH-6
500259680001027,WDH-6
500259680001028,WDH-6
500259680001029,WDH-6
500259680001030,WDH-6
500259680001031,WDH-6
500259680001032,WDH-6
500259680001033,WDH-6
500259680001034,WDH-6
500259680001035,WDH-6
500259680001036,WDH-6
500259680001037,WDH-6
500259680001038,WDH-6
500259680001039,WDH-6
500259680001040,WDH-6
500259680001041,WDH-6
500259680001042,WDH-6
500259680001043,WDH-6
500259680001044,WDH-6
500259680001045,WDH-6
500259680001046,WDH-6
500259680001047,WDH-6
500259680001048,WDH-6
500259680002000,WDH-6
500259680002001,WDH-6
500259680002002,WDH-6
500259680002003,WDH-6
500259680002004,WDH-6
500259680002005,WDH-6
500259680002006,WDH-6
500259680002007,WDH-6
500259680002008,WDH-6
500259680002009,WDH-6
500259680002010,WDH-6
500259680002011,WDH-6
500259680002012,WDH-6
500259680002013,WDH-6
500259680002014,WDH-6
500259680002015,WDH-6
500259680002016,WDH-6
500259680002017,WDH-6
500259680002018,WDH-6
500259680002019,WDH-6
500259680002020,WDH-6
500259680002021,WDH-6
500259680002022,WDH-6
500259680002023,WDH-6
500259680002024,WDH-6
500259680002025,WDH-6
500259680002026,WDH-6
500259680002027,WDH-6
500259680002028,WDH-6
500259680002029,WDH-6
500259680002030,WDH-6
500259680002031,WDH-6
500259680002032,WDH-6
500259680002033,WDH-6
500259680002034,WDH-6
500259680002035,WDH-6
500259680002036,WDH-6
500259680003000,WDH-6
500259680003001,WDH-6
500259680003002,WDH-6
500259680003003,WDH-6
500259680003004,WDH-6
500259680003005,WDH-6
500259680003006,WDH-6
500259680003007,WDH-6
500259680003008,WDH-6
500259680003009,WDH-6
500259680003010,WDH-6
500259680003011,WDH-6
500259680003012,WDH-6
500259680003013,WDH-6
500259680003014,WDH-6
500259680003015,WDH-6
500259680003016,WDH-6
500259680003017,WDH-6
500259680003018,WDH-6
500259680003019,WDH-6
500259680003020,WDH-6
500259680003021,WDH-6
500259680003022,WDH-6
500259680003023,WDH-6
500259680003024,WDH-6
500259680003025,WDH-6
500259680003026,WDH-6
500259680003027,WDH-6
500259680003028,WDH-6
500259680003029,WDH-6
500259680003030,WDH-6
500259680003031,WDH-6
500259680003032,WDH-6
500259680003033,WDH-6
500259680003034,WDH-6
500039706011022,BEN-1
500039706011023,BEN-1
500039706011024,BEN-1
500039706011025,BEN-1
500039706011026,BEN-1
500039706011027,BEN-1
500039706011028,BEN-1
500039706011029,BEN-1
500039706011030,BEN-1
500039706011031,BEN-1
500039706011032,BEN-1
500039706011033,BEN-1
500039706011034,BEN-1
500039706011048,BEN-1
500039706011049,BEN-1
500039706011050,BEN-1
500039706011068,BEN-1
500039706011069,BEN-1
500039706011070,BEN-1
500039716001000,BEN-4
500039716001001,BEN-4
500039716001002,BEN-4
500039716001003,BEN-4
500039716001004,BEN-4
500039716001005,BEN-4
500039716001006,BEN-4
500039716001007,BEN-4
500039716001008,BEN-4
500039716001009,BEN-4
500039716001010,BEN-4
500039716001011,BEN-4
500039716001012,BEN-4
500039716001013,BEN-4
500039716001014,BEN-4
500039716001015,BEN-4
500039716001016,BEN-4
500039716001017,BEN-4
500039716001018,BEN-4
500039716001019,BEN-4
500039716001020,BEN-4
500039716001021,BEN-4
500039716001022,BEN-4
500039716001023,BEN-4
500039716001024,BEN-4
500039716001025,BEN-4
500039716001026,BEN-4
500039716001027,BEN-4
500039716001028,BEN-4
500039716001029,BEN-4
500039716001030,BEN-4
500039716001031,BEN-4
500039716001032,BEN-4
500039716001033,BEN-4
500039716001034,BEN-4
500039716001035,BEN-4
500039716001036,BEN-4
500039716001037,BEN-4
500039716001038,BEN-4
500039716003022,BEN-4
500039716003023,BEN-4
500039716003024,BEN-4
500039716003025,BEN-4
500039716003026,BEN-4
500039716003029,BEN-4
500039716003030,BEN-4
500039716003031,BEN-4
500039716003032,BEN-4
500039716003033,BEN-4
500039716003034,BEN-4
500039716003035,BEN-4
500039716003036,BEN-4
500039716003037,BEN-4
500039716003038,BEN-4
500039716003039,BEN-4
500039716003040,BEN-4
500039716003041,BEN-4
500039716003045,BEN-4
500039716003046,BEN-4
500039716003047,BEN-4
500039716003048,BEN-4
500039716003049,BEN-4
500039716003050,BEN-4
500039716003051,BEN-4
500039716003052,BEN-4
500039716003053,BEN-4
500039716003054,BEN-4
500039716003055,BEN-4
500039716003056,BEN-4
500039716003057,BEN-4
500039716003058,BEN-4
500039716003059,BEN-4
500039716003060,BEN-4
500039716003061,BEN-4
500039716003062,BEN-4
500039716003063,BEN-4
500039716003064,BEN-4
500039716003065,BEN-4
500039716003066,BEN-4
500039716003067,BEN-4
500039716003068,BEN-4
500039716003069,BEN-4
500039716003070,BEN-4
500039716003071,BEN-4
500039716003072,BEN-4
500039716003073,BEN-4
500039716003074,BEN-4
500039716003075,BEN-4
500039716003076,BEN-4
500039716003077,BEN-4
500039706011000,BEN-3
500039706011001,BEN-3
500039706011002,BEN-3
500039706011003,BEN-3
500039706011004,BEN-3
500039706011005,BEN-3
500039706011006,BEN-3
500039706011007,BEN-3
500039706011008,BEN-1
500039706011009,BEN-1
500039706011010,BEN-1
500039706011011,BEN-1
500039706011012,BEN-1
500039706011013,BEN-1
500039706011014,BEN-1
500039706011015,BEN-1
500039706011016,BEN-1
500039706011017,BEN-1
500039706011018,BEN-1
500039706011019,BEN-1
500039706011020,BEN-1
500039706011021,BEN-1
500039706011035,BEN-1
500039706011036,BEN-1
500039706011037,BEN-1
500039706011038,BEN-1
500039706011039,BEN-1
500039706011040,BEN-1
500039706011041,BEN-1
500039706011042,BEN-1
500039706011043,BEN-1
500039706011044,BEN-1
500039706011045,BEN-1
500039706011046,BEN-1
500039706011047,BEN-1
500039706011051,BEN-1
500039706011052,BEN-1
500039706011053,BEN-1
500039706011054,BEN-1
500039706011055,BEN-1
500039706011056,BEN-1
500039706011057,BEN-1
500039706011058,BEN-1
500039706011059,BEN-1
500039706011060,BEN-1
500039706011061,BEN-1
500039706011062,BEN-1
500039706011063,BEN-1
500039706011064,BEN-1
500039706011065,BEN-1
500039706011066,BEN-1
500039706011067,BEN-1
500039706011071,BEN-1
500259687003000,WDH-1
500259687003001,WDH-1
500259687003002,WDH-1
500259687003003,WDH-1
500259687003004,WDH-1
500259687003005,WDH-1
500259687003006,WDH-1
500259687003007,WDH-1
500259687003008,WDH-1
500259687003009,WDH-1
500259687003010,WDH-1
500259687003011,WDH-1
500259687003012,WDH-1
500259687003013,WDH-1
500259687003014,WDH-1
500259687003015,WDH-1
500259687003016,WDH-1
500259687003017,WDH-1
500259687003018,WDH-1
500259687003019,WDH-1
500259687003020,WDH-1
500259687003021,WDH-1
500259687003022,WDH-1
500259687003023,WDH-1
500259687003024,WDH-1
500259687003025,WDH-1
500259687003026,WDH-1
500259687003027,WDH-1
500259687003028,WDH-1
500259687003029,WDH-1
500259687003030,WDH-1
500259687003031,WDH-1
500259687003032,WDH-1
500259687003033,WDH-1
500259687003034,WDH-1
500259687003035,WDH-1
500259687003036,WDH-1
500259687003037,WDH-1
500259687003038,WDH-1
500259687003039,WDH-1
500259687003040,WDH-1
500259687003041,WDH-1
500259687003042,WDH-1
500259687003043,WDH-1
500259687003044,WDH-1
500259687003045,WDH-1
500259687003046,WDH-1
500259687003047,WDH-1
500259687003048,WDH-1
500259687003049,WDH-1
500259687003050,WDH-1
500259687003051,WDH-1
500259687003052,WDH-1
500259687003053,WDH-1
500259687003054,WDH-1
500259687003055,WDH-1
500259687003056,WDH-1
500259687003057,WDH-1
500259687003058,WDH-1
500259687003059,WDH-1
500039706012000,BEN-1
500039706012001,BEN-1
500039706012002,BEN-1
500039706012003,BEN-1
500039706012004,BEN-1
500039706012005,BEN-1
500039706012006,BEN-1
500039706012007,BEN-1
500039706012008,BEN-1
500039706012009,BEN-1
500039706012010,BEN-1
500039706012011,BEN-1
500039706012012,BEN-1
500039706012013,BEN-1
500039706012014,BEN-1
500039706012015,BEN-1
500039706012016,BEN-1
500039706012017,BEN-1
500039706012018,BEN-1
500039706012019,BEN-1
500039706012020,BEN-1
500039706012021,BEN-1
500039706012022,BEN-1
500039706012023,BEN-1
500039706012024,BEN-1
500039706012025,BEN-1
500039706012026,BEN-1
500039706012027,BEN-1
500039706012028,BEN-1
500039706012029,BEN-1
500039706012030,BEN-1
500039706012031,BEN-1
500039706012032,BEN-1
500039706012033,BEN-1
500039706012034,BEN-1
500039706012035,BEN-1
500039706012036,BEN-1
500039706012037,BEN-1
500039706012038,BEN-1
500039706012039,BEN-1
500039706012040,BEN-1
500039706012041,BEN-1
500039706012042,BEN-1
500039706012043,BEN-1
500039706012044,BEN-1
500039706012045,BEN-1
500039706012046,BEN-1
500259681001000,WDH-6
500259681001001,WDH-6
500259681001002,WDH-6
500259681001003,WDH-6
500259681001004,WDH-6
500259681001005,WDH-6
500259681001006,WDH-6
500259681001007,WDH-6
500259681001008,WDH-6
500259681001009,WDH-6
500259681001010,WDH-6
500259681001011,WDH-6
500259681001012,WDH-6
500259681001013,WDH-6
500259681001014,WDH-6
500259681001015,WDH-6
500259681001016,WDH-6
500259681001017,WDH-6
500259681001018,WDH-6
500259681001019,WDH-6
500259681001020,WDH-6
500259681001021,WDH-6
500259681001022,WDH-6
500259681001023,WDH-6
500259681001024,WDH-6
500259681001025,WDH-6
500259681001026,WDH-6
500259681001027,WDH-6
500259681001028,WDH-6
500259681001029,WDH-6
500259681001030,WDH-6
500259681001031,WDH-6
500259681001032,WDH-6
500259681001033,WDH-6
500259681001034,WDH-6
500259681001035,WDH-6
500259681001036,WDH-6
500259681001037,WDH-6
500259681001038,WDH-6
500259681001039,WDH-6
500259681002000,WDH-6
500259681002001,WDH-6
500259681002002,WDH-6
500259681002003,WDH-6
500259681002004,WDH-6
500259681002005,WDH-6
500259681002006,WDH-6
500259681002007,WDH-6
500259681002008,WDH-6
500259681002009,WDH-6
500259681002010,WDH-6
500259681002011,WDH-6
500259681002012,WDH-6
500259681002013,WDH-6
500259681002014,WDH-6
500259681002015,WDH-6
500259681002016,WDH-6
500259681002017,WDH-6
500259681002018,WDH-6
500259681002019,WDH-6
500259681002020,WDH-6
500259681002021,WDH-6
500259681002022,WDH-6
500259681002023,WDH-6
500259681002024,WDH-6
500259681002025,WDH-6
500259681002026,WDH-6
500259681002027,WDH-6
500259681002028,WDH-6
500259681002029,WDH-6
500259681002030,WDH-6
500259681002031,WDH-6
500259681002032,WDH-6
500259681002033,WDH-6
500259681002034,WDH-6
500259681002035,WDH-6
500259681002036,WDH-6
500259681002037,WDH-6
500259681002038,WDH-6
500259681002039,WDH-6
500259681002040,WDH-6
500259681002041,WDH-6
500259681002042,WDH-6
500259681002043,WDH-6
500259681002044,WDH-6
500259681002045,WDH-6
500259681002046,WDH-6
500259681002047,WDH-6
500259681002048,WDH-6
500039706013000,BEN-1
500039706013001,BEN-1
500039706013002,BEN-1
500039706013003,BEN-1
500039706013004,BEN-1
500039706013005,BEN-1
500039706013006,BEN-1
500039706013007,BEN-1
500039706013008,BEN-1
500039706013009,BEN-1
500039706013010,BEN-1
500039706013011,BEN-1
500039706013012,BEN-1
500039706013013,BEN-1
500039706013014,BEN-1
500039706013015,BEN-1
500039706013016,BEN-1
500039706013017,BEN-1
500039706013018,BEN-1
500039706013019,BEN-1
500039706013020,BEN-1
500039706013021,BEN-1
500039706013022,BEN-1
500039706013023,BEN-1
500039706013024,BEN-1
500039706013025,BEN-1
500039706013026,BEN-1
500039706013027,BEN-1
500039706013028,BEN-1
500039706013029,BEN-1
500039706013030,BEN-1
500039706013031,BEN-1
500039706013032,BEN-1
500039706013033,BEN-1
500039706013034,BEN-1
500039706013035,BEN-1
500039706013036,BEN-1
500039706013037,BEN-1
500039706013038,BEN-1
500039706013039,BEN-1
500039706013040,BEN-1
500039706013041,BEN-1
500039706013042,BEN-1
500039706013043,BEN-1
500039706013044,BEN-1
500039706013045,BEN-1
500039706013046,BEN-1
500039706013047,BEN-1
500039706013048,BEN-1
500039706013049,BEN-1
500039706013050,BEN-1
500039706013051,BEN-1
500039706013052,BEN-1
500039706013053,BEN-1
500039706013054,BEN-1
500039706013055,BEN-1
500039706013056,BEN-1
500039706013057,BEN-1
500039706013058,BEN-1
500039706013059,BEN-1
500039706013060,BEN-1
500039706013061,BEN-1
500039706013062,BEN-1
500039706013063,BEN-1
500039706013064,BEN-1
500039706013065,BEN-1
500039706013066,BEN-1
500039706013067,BEN-1
500039706013068,BEN-1
500039706013069,BEN-1
500039706013070,BEN-1
500039706013071,BEN-1
500039706013072,BEN-1
500039706013073,BEN-1
500039706013074,BEN-1
500039706013075,BEN-1
500219634001000,RUT-2
500219634001001,RUT-2
500219634001002,RUT-2
500219634001003,RUT-2
500219634001004,RUT-2
500219634001005,RUT-2
500219634001006,RUT-2
500219634001007,RUT-2
500219634001008,RUT-2
500219634001009,RUT-2
500219634001010,RUT-2
500219634001011,RUT-2
500219634001012,RUT-2
500219634001013,RUT-2
500219634001014,RUT-2
500219634001015,RUT-2
500219634001016,RUT-2
500219634001017,RUT-2
500219634001018,RUT-2
500219634001019,RUT-2
500219634001020,RUT-2
500219634001021,RUT-2
500219634001022,RUT-2
500219634001023,RUT-2
500219634001024,RUT-2
500219634001025,RUT-2
500219634001026,RUT-2
500219634001027,RUT-2
500219634001028,RUT-2
500219634001029,RUT-2
500219634001030,RUT-2
500219634001031,RUT-2
500219634001032,RUT-2
500219634001033,RUT-2
500219634001034,RUT-2
500219634001035,RUT-2
500219634001036,RUT-2
500219634001037,RUT-2
500219634001038,RUT-2
500219634001039,RUT-2
500219634001040,RUT-2
500219634001041,RUT-2
500219634001042,RUT-2
500219634001043,RUT-2
500219634001044,RUT-2
500219634001045,RUT-2
500219634001046,RUT-2
500219634001047,RUT-2
500219634001048,RUT-2
500219634001049,RUT-2
500219634001050,RUT-2
500219634001051,RUT-2
500219634001052,RUT-2
500219634001053,RUT-2
500219634001054,RUT-2
500219634001055,RUT-2
500219634001056,RUT-2
500219634002000,RUT-2
500219634002001,RUT-2
500219634002002,RUT-2
500219634002003,RUT-2
500219634002004,RUT-2
500219634002005,RUT-2
500219634002006,RUT-2
500219634002007,RUT-2
500219634002008,RUT-2
500219634002009,RUT-2
500219634002010,RUT-2
500219634002011,RUT-2
500219634002012,RUT-2
500219634002013,RUT-2
500219634002014,RUT-2
500219634002015,RUT-2
500219634002016,RUT-2
500219634002017,RUT-2
500219634002018,RUT-2
500219634002019,RUT-2
500219634002020,RUT-2
500219634002021,RUT-2
500219634002022,RUT-2
500219634002023,RUT-2
500219634002024,RUT-2
500219634002025,RUT-2
500219634002026,RUT-2
500219634002027,RUT-2
500219634002028,RUT-2
500219634002029,RUT-2
500219634002030,RUT-2
500219634002031,RUT-2
500219634002032,RUT-2
500219634002033,RUT-2
500219634002034,RUT-2
500219634002035,RUT-2
500219634002036,RUT-2
500219634002037,RUT-2
500219634002038,RUT-2
500219634002039,RUT-2
500219634002040,RUT-2
500219634002041,RUT-2
500219634002042,RUT-2
500219634002043,RUT-2
500219634002044,RUT-2
500219634002045,RUT-2
500219634002046,RUT-2
500219634002047,RUT-2
500219634002048,RUT-2
500219634002049,RUT-2
500219634002050,RUT-2
500219634002051,RUT-2
500219634002052,RUT-2
500219634002053,RUT-2
500219634002054,RUT-2
500219634002055,RUT-2
500219634002056,RUT-2
500219634002057,RUT-2
500219634002058,RUT-2
500219634002059,RUT-2
500219634002060,RUT-2
500219634002061,RUT-2
500219638001000,RUT-1
500219638001001,RUT-1
500219638001002,RUT-1
500219638001003,RUT-1
500219638001004,RUT-1
500219638001005,RUT-1
500219638001006,RUT-1
500219638001007,RUT-1
500219638001008,RUT-1
500219638001009,RUT-1
500219638001010,RUT-1
500219638001011,RUT-1
500219638001012,RUT-1
500219638001013,RUT-1
500219638001014,RUT-1
500219638001015,RUT-1
500219638001016,RUT-1
500219638001017,RUT-1
500219638001018,RUT-1
500219638001019,RUT-1
500219638001020,RUT-1
500219638001021,RUT-1
500219638001022,RUT-1
500219638001023,RUT-1
500219638001024,RUT-1
500219638001025,RUT-1
500219638001026,RUT-1
500219638001027,RUT-1
500219638001028,RUT-1
500219638001029,RUT-1
500219638001030,RUT-1
500219638001031,RUT-1
500219638001032,RUT-1
500219638001033,RUT-1
500219638001034,RUT-1
500219638001035,RUT-1
500219638001036,RUT-1
500219638001037,RUT-1
500219638001038,RUT-1
500219638001039,RUT-1
500219638001040,RUT-1
500219638001041,RUT-1
500219638001042,RUT-1
500219638001043,RUT-1
500219638001044,RUT-1
500219638001045,RUT-1
500219638001046,RUT-1
500219638001047,RUT-1
500219638001048,RUT-1
500219638001049,RUT-1
500219638001050,RUT-1
500219638001051,RUT-1
500219638002000,RUT-1
500219638002001,RUT-1
500219638002002,RUT-1
500219638002003,RUT-1
500219638002004,RUT-1
500219638002005,RUT-1
500219638002006,RUT-1
500219638002007,RUT-1
500219638002008,RUT-1
500219638002009,RUT-1
500219638002010,RUT-1
500219638002011,RUT-1
500219638002012,RUT-1
500219638002013,RUT-1
500219638002014,RUT-1
500219638002015,RUT-1
500219638002016,RUT-1
500219638002017,RUT-1
500219638002018,RUT-1
500219638002019,RUT-1
500219638002020,RUT-1
500219638002021,RUT-1
500219638002022,RUT-1
500219638002023,RUT-1
500219638002024,RUT-1
500219638002025,RUT-1
500219638002026,RUT-1
500219638002027,RUT-1
500219638002028,RUT-1
500219638002029,RUT-1
500219638002030,RUT-1
500219638002031,RUT-1
500219638002032,RUT-1
500219638002033,RUT-1
500219638002034,RUT-1
500219638002035,RUT-1
500219638002036,RUT-1
500219638002037,RUT-1
500219638002038,RUT-1
500219638002039,RUT-1
500219638002040,RUT-1
500219638002041,RUT-1
500219638002042,RUT-1
500219638002043,RUT-1
500219638002044,RUT-1
500219638003000,RUT-1
500219638003001,RUT-1
500219638003002,RUT-1
500219638003003,RUT-1
500219638003004,RUT-1
500219638003005,RUT-1
500219638003006,RUT-1
500219638003007,RUT-1
500219638003008,RUT-1
500219638003009,RUT-1
500219638003010,RUT-1
500219638003011,RUT-1
500219638003012,RUT-1
500219638003013,RUT-1
500219638003014,RUT-1
500219638003015,RUT-1
500219638003016,RUT-1
500219638003017,RUT-1
500219638003018,RUT-1
500219638003019,RUT-1
500219638003020,RUT-1
500219638003021,RUT-1
500219638003022,RUT-1
500219638003023,RUT-1
500219638003024,RUT-1
500219638003025,RUT-1
500219638003026,RUT-1
500219638003027,RUT-1
500219638003028,RUT-1
500219624001000,RUT-8
500219624001001,RUT-8
500219624001002,RUT-8
500219624001003,RUT-8
500219624001004,RUT-8
500219624001005,RUT-8
500219624001006,RUT-8
500219624001007,RUT-8
500219624001008,RUT-8
500219624001009,RUT-8
500219624001010,RUT-8
500219624001011,RUT-8
500219624001012,RUT-8
500219624001013,RUT-8
500219624001014,RUT-8
500219624001015,RUT-8
500219624001016,RUT-8
500219624001017,RUT-8
500219624001018,RUT-8
500219624001019,RUT-8
500219624001020,RUT-8
500219624001021,RUT-8
500219624001022,RUT-8
500219624001023,RUT-8
500219624001024,RUT-8
500219624001025,RUT-8
500219624001026,RUT-8
500219624001027,RUT-8
500219624001028,RUT-8
500219624001029,RUT-8
500219624001030,RUT-8
500219624001031,RUT-8
500219624001032,RUT-8
500219624001033,RUT-8
500219624001034,RUT-8
500219624001035,RUT-8
500219624001036,RUT-8
500219624001037,RUT-8
500219624001038,RUT-8
500219624001039,RUT-8
500219624001040,RUT-8
500219624001041,RUT-8
500219624001042,RUT-8
500219624001043,RUT-8
500219624002000,RUT-8
500219624002001,RUT-8
500219624002002,RUT-8
500219624002003,RUT-8
500219624002004,RUT-8
500219624002005,RUT-8
500219624002006,RUT-8
500219624002007,RUT-8
500219624002008,RUT-8
500219624002009,RUT-8
500219624002010,RUT-8
500219624002011,RUT-8
500219624002012,RUT-8
500219624002013,RUT-8
500219624002014,RUT-8
500219624002015,RUT-8
500219624002016,RUT-8
500219624002017,RUT-8
500219624002018,RUT-8
500219624002019,RUT-8
500219624002020,RUT-8
500219624002021,RUT-8
500219624002022,RUT-8
500219624002023,RUT-8
500219624002024,RUT-8
500219624002025,RUT-8
500219624002026,RUT-8
500219624002027,RUT-8
500219624002028,RUT-8
500219624002029,RUT-8
500219624002030,RUT-8
500219624002031,RUT-8
500219624002032,RUT-8
500219624002033,RUT-8
500219624002034,RUT-8
500219624002035,RUT-8
500219624002036,RUT-8
500219624002037,RUT-8
500219624002038,RUT-8
500219624002039,RUT-8
500219624002040,RUT-8
500219624002041,RUT-8
500219624002042,RUT-8
500219624002043,RUT-8
500219624002044,RUT-8
500219624002045,RUT-8
500219624002046,RUT-8
500219624002047,RUT-8
500219624002048,RUT-8
500219624002049,RUT-8
500219624002050,RUT-8
500219624002051,RUT-8
500219624002052,RUT-8
500219624002053,RUT-8
500219624002054,RUT-8
500219624002055,RUT-8
500219624002056,RUT-8
500219624002057,RUT-8
500219624002058,RUT-8
500219624002059,RUT-8
500219624002060,RUT-8
500219624002061,RUT-8
500219624002062,RUT-8
500219624002063,RUT-8
500219624002064,RUT-8
500219624002065,RUT-8
500219624002066,RUT-8
500219624002067,RUT-8
500219624002068,RUT-8
500219624002069,RUT-8
500219624002070,RUT-8
500279659022000,WDR-1
500279659022001,WDR-1
500279659022002,WDR-1
500279659022003,WDR-1
500279659022004,WDR-1
500279659022005,WDR-1
500279659022006,WDR-1
500279659022007,WDR-1
500279659022008,WDR-1
500279659022009,WDR-1
500279659022010,WDR-1
500279659022011,WDR-1
500279659022012,WDR-1
500279659022013,WDR-1
500279659022014,WDR-1
500279659022015,WDR-1
500279659022016,WDR-1
500279659022017,WDR-1
500279659022018,WDR-1
500279659022019,WDR-1
500279659022020,WDR-1
500279659022021,WDR-1
500279659022022,WDR-1
500279659022023,WDR-1
500279659022024,WDR-1
500279659022025,WDR-1
500279659022026,WDR-1
500279659022027,WDR-1
500279659022028,WDR-1
500279659022029,WDR-1
500279659022030,WDR-1
500279659022031,WDR-1
500279659022032,WDR-1
500279659022033,WDR-1
500279659022034,WDR-1
500279659022035,WDR-1
500279659022036,WDR-1
500279659022037,WDR-1
500279659022038,WDR-1
500279659022039,WDR-1
500279659022040,WDR-1
500279659022041,WDR-1
500279659022042,WDR-1
500279659022043,WDR-1
500279659022044,WDR-1
500279659022045,WDR-1
500279659022046,WDR-1
500279659022047,WDR-1
500279659022048,WDR-1
500279659022049,WDR-1
500279659022050,WDR-1
500279659022051,WDR-1
500279659022052,WDR-1
500279659022053,WDR-1
500279659022054,WDR-1
500279659022055,WDR-1
500279659022056,WDR-1
500279659022057,WDR-1
500039705001003,BEN-RUT
500039705001004,BEN-RUT
500039705001005,BEN-RUT
500039705001006,BEN-RUT
500039705001007,BEN-RUT
500039705001008,BEN-RUT
500039705001009,BEN-RUT
500039705001010,BEN-RUT
500039705001011,BEN-RUT
500039705001012,BEN-RUT
500039705001013,BEN-RUT
500039705001014,BEN-RUT
500039705001015,BEN-RUT
500039705001016,BEN-RUT
500039705001017,BEN-RUT
500039705001018,BEN-RUT
500039705001019,BEN-RUT
500039705001020,BEN-RUT
500039705001021,BEN-RUT
500039705001022,BEN-RUT
500039705001023,BEN-RUT
500039705001024,BEN-RUT
500039705001025,BEN-RUT
500039705001026,BEN-RUT
500039705001043,BEN-RUT
500039705001044,BEN-RUT
500039705001045,BEN-RUT
500039705001046,BEN-RUT
500039705001047,BEN-RUT
500039705001048,BEN-RUT
500039705001049,BEN-RUT
500039705001050,BEN-RUT
500039705001051,BEN-RUT
500039705001052,BEN-RUT
500039705001058,BEN-RUT
500039705001059,BEN-RUT
500039714004000,RUT-BEN
500039714004001,RUT-BEN
500039714004002,RUT-BEN
500039714004003,RUT-BEN
500039714004004,RUT-BEN
500039714004005,RUT-BEN
500039714004006,RUT-BEN
500039714004007,RUT-BEN
500039714004008,RUT-BEN
500039714004009,RUT-BEN
500039714004010,RUT-BEN
500039714004011,RUT-BEN
500039714004012,RUT-BEN
500039714004013,RUT-BEN
500039714004014,RUT-BEN
500039714004015,RUT-BEN
500039714004016,RUT-BEN
500039714004017,RUT-BEN
500039714004018,RUT-BEN
500039714004019,RUT-BEN
500039714004020,RUT-BEN
500039714004021,RUT-BEN
500039714004022,RUT-BEN
500039714004023,RUT-BEN
500039714004024,RUT-BEN
500039714004025,RUT-BEN
500039714004026,RUT-BEN
500039714004027,RUT-BEN
500039714004028,RUT-BEN
500039714004029,RUT-BEN
500039714004030,RUT-BEN
500039714004031,RUT-BEN
500039714004032,RUT-BEN
500039714004033,RUT-BEN
500039714004034,RUT-BEN
500039714004035,RUT-BEN
500039714004036,RUT-BEN
500039714004037,RUT-BEN
500039714004038,RUT-BEN
500039714004039,RUT-BEN
500039714004040,RUT-BEN
500039714004041,RUT-BEN
500039714004042,RUT-BEN
500039714004043,RUT-BEN
500039714004044,RUT-BEN
500039714004045,RUT-BEN
500039714004046,RUT-BEN
500039714004047,RUT-BEN
500039714004048,RUT-BEN
500039714004049,RUT-BEN
500279661001000,WDR-2
500279661001001,WDR-2
500279661001002,WDR-2
500279661001003,WDR-2
500279661001004,WDR-2
500279661001005,WDR-2
500279661001006,WDR-2
500279661001007,WDR-2
500279661001008,WDR-2
500279661001009,WDR-2
500279661001010,WDR-2
500279661001011,WDR-2
500279661001012,WDR-2
500279661001013,WDR-2
500279661001014,WDR-2
500279661001015,WDR-2
500279661001016,WDR-2
500279661001017,WDR-2
500279661001018,WDR-2
500279661001019,WDR-2
500279661001020,WDR-2
500279661001021,WDR-2
500279661001022,WDR-2
500279661001023,WDR-2
500279661001024,WDR-2
500279661001025,WDR-2
500279661001026,WDR-2
500279661001027,WDR-2
500279661001028,WDR-2
500279661001029,WDR-2
500279661001030,WDR-2
500279661001031,WDR-2
500279661001032,WDR-2
500279661001033,WDR-2
500279661001034,WDR-2
500279661001035,WDR-2
500279661001036,WDR-2
500279661001037,WDR-2
500279661001038,WDR-2
500279661001039,WDR-2
500279661001040,WDR-2
500279661001041,WDR-2
500279661001042,WDR-2
500279661001043,WDR-2
500279661001044,WDR-2
500279661001045,WDR-2
500279661001046,WDR-2
500279661001047,WDR-2
500279661002000,WDR-2
500279661002001,WDR-2
500279661002002,WDR-2
500279661002003,WDR-2
500279661002004,WDR-2
500279661002005,WDR-2
500279661002006,WDR-2
500279661002007,WDR-2
500279661002008,WDR-2
500279661002009,WDR-2
500279661002010,WDR-2
500279661002011,WDR-2
500279661002012,WDR-2
500279661002013,WDR-2
500279661002014,WDR-2
500279661002015,WDR-2
500279661002016,WDR-2
500279661002017,WDR-2
500279661002018,WDR-2
500279661002019,WDR-2
500279661002020,WDR-2
500279661002021,WDR-2
500279661002022,WDR-2
500279661002023,WDR-2
500279661002024,WDR-2
500279661002025,WDR-2
500279661002026,WDR-2
500279661002027,WDR-2
500279661002028,WDR-2
500279661002029,WDR-2
500279661002030,WDR-2
500279661002031,WDR-2
500279661002032,WDR-2
500279661002033,WDR-2
500279661002034,WDR-2
500279661002035,WDR-2
500279661002036,WDR-2
500279661002037,WDR-2
500279661002038,WDR-2
500279661002039,WDR-2
500279661002040,WDR-2
500279661002041,WDR-2
500279661002042,WDR-2
500279661002043,WDR-2
500279661002044,WDR-2
500279661002045,WDR-2
500279661002046,WDR-2
500279661002047,WDR-2
500279661002048,WDR-2
500279661002049,WDR-2
500279661003000,WDR-2
500279661003001,WDR-2
500279661003002,WDR-2
500279661003003,WDR-2
500279661003004,WDR-2
500279661003005,WDR-2
500279661003006,WDR-2
500279661003007,WDR-2
500279661003008,WDR-2
500279661003009,WDR-2
500279661003010,WDR-2
500279661003011,WDR-2
500279661003012,WDR-2
500279661003013,WDR-2
500279661003014,WDR-2
500279661003015,WDR-2
500279661003016,WDR-2
500279661003017,WDR-2
500279661003018,WDR-2
500279661003019,WDR-2
500279661003020,WDR-2
500279661003021,WDR-2
500279661003022,WDR-2
500279661003023,WDR-2
500279661003024,WDR-2
500279661003025,WDR-2
500279661003026,WDR-2
500279661003027,WDR-2
500279661003028,WDR-2
500279661003029,WDR-2
500279661003030,WDR-2
500279661003031,WDR-2
500279661003032,WDR-2
500279661003033,WDR-2
500279661003034,WDR-2
500279661003035,WDR-2
500279661003036,WDR-2
500279661003037,WDR-2
500279661003038,WDR-2
500279661003039,WDR-2
500279661003040,WDR-2
500279661003041,WDR-2
500279661003042,WDR-2
500279661003043,WDR-2
500279661003044,WDR-2
500279661003045,WDR-2
500279661003046,WDR-2
500279661003047,WDR-2
500279661003048,WDR-2
500279661003049,WDR-2
500279661003050,WDR-2
500279661003051,WDR-2
500279661003052,WDR-2
500279661003053,WDR-2
500279661003054,WDR-2
500279661003055,WDR-2
500279661003056,WDR-2
500279661003057,WDR-2
500279661003058,WDR-2
500279661003059,WDR-2
500279661003060,WDR-2
500279661003061,WDR-2
500279661003062,WDR-2
500279661003063,WDR-2
500279661003064,WDR-2
500279661003065,WDR-2
500279661003066,WDR-2
500279661003067,WDR-2
500279661003068,WDR-2
500279661003069,WDR-2
500279661003070,WDR-2
500219640003000,RUT-WDR
500219640003001,RUT-WDR
500219640003002,RUT-WDR
500219640003003,RUT-WDR
500219640003004,RUT-WDR
500219640003005,RUT-WDR
500219640003006,RUT-WDR
500219640003007,RUT-WDR
500219640003008,RUT-WDR
500219640003009,RUT-WDR
500219640003010,RUT-WDR
500219640003011,RUT-WDR
500219640003012,RUT-WDR
500219640003013,RUT-WDR
500219640003014,RUT-WDR
500219640003015,RUT-WDR
500219640003016,RUT-WDR
500219640003017,RUT-WDR
500219640003018,RUT-WDR
500219640003019,RUT-WDR
500219640003020,RUT-WDR
500219640003021,RUT-WDR
500219640003022,RUT-WDR
500219640003023,RUT-WDR
500219640003024,RUT-WDR
500219640003025,RUT-WDR
500219640003026,RUT-WDR
500219640003027,RUT-WDR
500219640003028,RUT-WDR
500219640003029,RUT-WDR
500219640003030,RUT-WDR
500219640003031,RUT-WDR
500219640003032,RUT-WDR
500219640003033,RUT-WDR
500219640003034,RUT-WDR
500219640003035,RUT-WDR
500219640003036,RUT-WDR
500219640003037,RUT-WDR
500219640003038,RUT-WDR
500219640003039,RUT-WDR
500219640003040,RUT-WDR
500219640003041,RUT-WDR
500219640003042,RUT-WDR
500219640003043,RUT-WDR
500219640003044,RUT-WDR
500219640003045,RUT-WDR
500219640003046,RUT-WDR
500219640003047,RUT-WDR
500219640003048,RUT-WDR
500219640003049,RUT-WDR
500219640003050,RUT-WDR
500219640003051,RUT-WDR
500219640003052,RUT-WDR
500219640003053,RUT-WDR
500219640003054,RUT-WDR
500219640003055,RUT-WDR
500219640003056,RUT-WDR
500219640003057,RUT-WDR
500219640003058,RUT-WDR
500219640003059,RUT-WDR
500219640003060,RUT-WDR
500219640003061,RUT-WDR
500219640003062,RUT-WDR
500219640003063,RUT-WDR
500219640003064,RUT-WDR
500219640003065,RUT-WDR
500219640003066,RUT-WDR
500219640003067,RUT-WDR
500219640003068,RUT-WDR
500219640003069,RUT-WDR
500219640003070,RUT-WDR
500219640003071,RUT-WDR
500219640003072,RUT-WDR
500219640003073,RUT-WDR
500219640003074,RUT-WDR
500219640003075,RUT-WDR
500219640003076,RUT-WDR
500219640003077,RUT-WDR
500219640003078,RUT-WDR
500219640003079,RUT-WDR
500219640003080,RUT-WDR
500219640003081,RUT-WDR
500219640003082,RUT-WDR
500219640003083,RUT-WDR
500219640003084,RUT-WDR
500219640003085,RUT-WDR
500219640003086,RUT-WDR
500219640003087,RUT-WDR
500219640003088,RUT-WDR
500219640003089,RUT-WDR
500219640003090,RUT-WDR
500219640003091,RUT-WDR
500219640003092,RUT-WDR
500219640003093,RUT-WDR
500219640003094,RUT-WDR
500219640003095,RUT-WDR
500219640003096,RUT-WDR
500219640003097,RUT-WDR
500219640003098,RUT-WDR
500219628002000,RUT-11
500219628002001,RUT-11
500219628002002,RUT-11
500219628002003,RUT-11
500219628002004,RUT-11
500219628002005,RUT-11
500219628002006,RUT-11
500219628002007,RUT-11
500219628002008,RUT-11
500219628002009,RUT-11
500219628002010,RUT-11
500219628002011,RUT-11
500219628002012,RUT-11
500219628002013,RUT-11
500219628002014,RUT-11
500219628002015,RUT-11
500219628002016,RUT-11
500219628002017,RUT-11
500219628002018,RUT-11
500219628002019,RUT-11
500219628002020,RUT-11
500219628002021,RUT-11
500219628002022,RUT-11
500219628002023,RUT-11
500219628002024,RUT-11
500219628002025,RUT-11
500219628002026,RUT-11
500219628002027,RUT-11
500219628002028,RUT-11
500219628002029,RUT-11
500219628002030,RUT-11
500219628002031,RUT-11
500219622001000,RUT-9
500219622001001,RUT-9
500219622001002,RUT-9
500219622001003,RUT-9
500219622001004,RUT-9
500219622001005,RUT-9
500219622001006,RUT-9
500219622001007,RUT-9
500219622001008,RUT-9
500219622001009,RUT-9
500219622001010,RUT-9
500219622001011,RUT-9
500219622001012,RUT-9
500219622001013,RUT-9
500219622001014,RUT-9
500219622001015,RUT-9
500219622001016,RUT-9
500219622001017,RUT-9
500219622001018,RUT-9
500219622001019,RUT-9
500219622001020,RUT-9
500219622001021,RUT-9
500219622001022,RUT-9
500219622001023,RUT-9
500219622001024,RUT-9
500219622001025,RUT-9
500219622001026,RUT-9
500219622001027,RUT-9
500219622001028,RUT-9
500219622002000,RUT-9
500219622002001,RUT-9
500219622002002,RUT-9
500219622002003,RUT-9
500219622002004,RUT-9
500219622002005,RUT-9
500219622002006,RUT-9
500219622002007,RUT-9
500219622002008,RUT-9
500219622002009,RUT-9
500219622002010,RUT-9
500219622002011,RUT-9
500219622002012,RUT-9
500219622002013,RUT-9
500219622002014,RUT-9
500219622002015,RUT-9
500219622002016,RUT-9
500219622002017,RUT-9
500219622003000,RUT-9
500219622003001,RUT-9
500219622003002,RUT-9
500219622003003,RUT-9
500219622003004,RUT-9
500219622003005,RUT-9
500219622003006,RUT-9
500219622003007,RUT-9
500219622003008,RUT-9
500219622003009,RUT-9
500219622003010,RUT-9
500219622003011,RUT-9
500219622003012,RUT-9
500219622003013,RUT-9
500219622003014,RUT-9
500219622003015,RUT-9
500219622003016,RUT-9
500219622003017,RUT-9
500219622003018,RUT-9
500219622003019,RUT-9
500219622003020,RUT-9
500219622003021,RUT-9
500219622003022,RUT-9
500219622003023,RUT-9
500219622003024,RUT-9
500219622003025,RUT-9
500219622003026,RUT-9
500219622003027,RUT-9
500219622003028,RUT-9
500219622003029,RUT-9
500219622003030,RUT-9
500219622003031,RUT-9
500219622003032,RUT-9
500219622003033,RUT-9
500219622003034,RUT-9
500219622003035,RUT-9
500219622003036,RUT-9
500219622003037,RUT-9
500219622004000,RUT-9
500219622004001,RUT-9
500219622004002,RUT-9
500219622004003,RUT-9
500219622004004,RUT-9
500219622004005,RUT-9
500219622004006,RUT-9
500219622004007,RUT-9
500219622004008,RUT-9
500219622004009,RUT-9
500219622004010,RUT-9
500219622004011,RUT-9
500219622004012,RUT-9
500219622004013,RUT-9
500219622004014,RUT-9
500219622004015,RUT-9
500219622004016,RUT-9
500219622004017,RUT-9
500219622004018,RUT-9
500219622004019,RUT-9
500219622004020,RUT-9
500219622004021,RUT-9
500219622004022,RUT-9
500219622004023,RUT-9
500219622004024,RUT-9
500219622004025,RUT-9
500219622004026,RUT-9
500219622004027,RUT-9
500279660001000,WDR-1
500279660001001,WDR-1
500279660001002,WDR-1
500279660001003,WDR-1
500279660001004,WDR-1
500279660001005,WDR-1
500279660001006,WDR-1
500279660001007,WDR-1
500279660001008,WDR-1
500279660001009,WDR-1
500279660001010,WDR-1
500279660001011,WDR-1
500279660001012,WDR-1
500279660001013,WDR-1
500279660001014,WDR-1
500279660001015,WDR-1
500279660001016,WDR-1
500279660001017,WDR-1
500279660001018,WDR-1
500279660001019,WDR-1
500279660001020,WDR-1
500279660001021,WDR-1
500279660001022,WDR-1
500279660001023,WDR-1
500279660002000,WDR-1
500279660002001,WDR-1
500279660002002,WDR-1
500279660002003,WDR-1
500279660002004,WDR-1
500279660002005,WDR-1
500279660002006,WDR-1
500279660002007,WDR-1
500279660002008,WDR-1
500279660002009,WDR-1
500279660002010,WDR-1
500279660002011,WDR-1
500279660002012,WDR-1
500279660002013,WDR-1
500279660002014,WDR-1
500279660002015,WDR-1
500279660002016,WDR-1
500279660002017,WDR-1
500279660002018,WDR-1
500279660002019,WDR-1
500279660002020,WDR-1
500279660002021,WDR-1
500279660002022,WDR-1
500279660002023,WDR-1
500279660002024,WDR-1
500279660002025,WDR-1
500279660002026,WDR-1
500279660002027,WDR-1
500279660003000,WDR-1
500279660003001,WDR-1
500279660003002,WDR-1
500279660003003,WDR-1
500279660003004,WDR-1
500279660003005,WDR-1
500279660003006,WDR-1
500279660004000,WDR-1
500279660004001,WDR-1
500279660004002,WDR-1
500279660004003,WDR-1
500279660004004,WDR-1
500279660004005,WDR-1
500279660004006,WDR-1
500279660004007,WDR-1
500279660004008,WDR-1
500279660004009,WDR-1
500279660004010,WDR-1
500279660004011,WDR-1
500279660004012,WDR-1
500279660004013,WDR-1
500279660005000,WDR-1
500279660005001,WDR-1
500279660005002,WDR-1
500279660005003,WDR-1
500279660005004,WDR-1
500279660005005,WDR-1
500279660005006,WDR-1
500279660005007,WDR-1
500279660005008,WDR-1
500279660005009,WDR-1
500279660005010,WDR-1
500279660005011,WDR-1
500279660005012,WDR-1
500279660005013,WDR-1
500279660005014,WDR-1
500279660005015,WDR-1
500279660005016,WDR-1
500279660005017,WDR-1
500279660005018,WDR-1
500279660005019,WDR-1
500279660005020,WDR-1
500279660005021,WDR-1
500279660005022,WDR-1
500279660005023,WDR-1
500279660005024,WDR-1
500279660005025,WDR-1
500279660005026,WDR-1
500279660005027,WDR-1
500279660005028,WDR-1
500279660005029,WDR-1
500279660005030,WDR-1
500279660005031,WDR-1
500279660005032,WDR-1
500279660005033,WDR-1
500279660005034,WDR-1
500279660005035,WDR-1
500279660005036,WDR-1
500279660005037,WDR-1
500279660005038,WDR-1
500279660005039,WDR-1
500279660005040,WDR-1
500279660005041,WDR-1
500279660005042,WDR-1
500219635003000,RUT-BEN
500219635003001,RUT-BEN
500219635003002,RUT-BEN
500219635003003,RUT-BEN
500219635003004,RUT-BEN
500219635003005,RUT-BEN
500219635003006,RUT-BEN
500219635003007,RUT-BEN
500219635003008,RUT-BEN
500219635003009,RUT-BEN
500219635003010,RUT-BEN
500219635003011,RUT-BEN
500219635003012,RUT-BEN
500219635003013,RUT-BEN
500219635003014,RUT-BEN
500219635003015,RUT-BEN
500219635003016,RUT-BEN
500219635003017,RUT-BEN
500219635003018,RUT-BEN
500219635003019,RUT-BEN
500219635003020,RUT-BEN
500219635003021,RUT-BEN
500219635003022,RUT-BEN
500219635003023,RUT-BEN
500219635003024,RUT-BEN
500219635003025,RUT-BEN
500219635003026,RUT-BEN
500219635003027,RUT-BEN
500219635003028,RUT-BEN
500219635003029,RUT-BEN
500219635003030,RUT-BEN
500219635003031,RUT-BEN
500219635003032,RUT-BEN
500219635003033,RUT-BEN
500219635002000,RUT-BEN
500219635002001,RUT-BEN
500219635002002,RUT-BEN
500219635002003,RUT-BEN
500219635002004,RUT-BEN
500219635002005,RUT-BEN
500219635002006,RUT-BEN
500219635002007,RUT-BEN
500219635002008,RUT-BEN
500219635002009,RUT-BEN
500219635002010,RUT-BEN
500219635002011,RUT-BEN
500219635002012,RUT-BEN
500219635002013,RUT-BEN
500219635002014,RUT-BEN
500219635002015,RUT-BEN
500219635002016,RUT-BEN
500219635002017,RUT-BEN
500219635002018,RUT-BEN
500219635002019,RUT-BEN
500219635002020,RUT-BEN
500219635002021,RUT-BEN
500219635002022,RUT-BEN
500219635002023,RUT-BEN
500219635002024,RUT-BEN
500219635002025,RUT-BEN
500219635002026,RUT-BEN
500219635002027,RUT-BEN
500219635002028,RUT-BEN
500219635002029,RUT-BEN
500219635002030,RUT-BEN
500219635002031,RUT-BEN
500219635002032,RUT-BEN
500219635002033,RUT-BEN
500219635002034,RUT-BEN
500219635002035,RUT-BEN
500219635002036,RUT-BEN
500219635002037,RUT-BEN
500219635002038,RUT-BEN
500219635002039,RUT-BEN
500219635002040,RUT-BEN
500219642001000,BEN-RUT
500219642001001,BEN-RUT
500219642001002,BEN-RUT
500219642001003,BEN-RUT
500219642001004,BEN-RUT
500219642001005,BEN-RUT
500219642001006,BEN-RUT
500219642001007,BEN-RUT
500219642001008,BEN-RUT
500219642001009,BEN-RUT
500219642001010,BEN-RUT
500219642001011,BEN-RUT
500219642001012,BEN-RUT
500219642001013,BEN-RUT
500219642001014,BEN-RUT
500219642001015,BEN-RUT
500219642001016,BEN-RUT
500219642001017,BEN-RUT
500219642001018,BEN-RUT
500219642001019,BEN-RUT
500219642001020,BEN-RUT
500219642001021,BEN-RUT
500219642001022,BEN-RUT
500219642001023,BEN-RUT
500219642001024,BEN-RUT
500219642001025,BEN-RUT
500219642001026,BEN-RUT
500219642001027,BEN-RUT
500219642001028,BEN-RUT
500219642001029,BEN-RUT
500219642001030,BEN-RUT
500219642001031,BEN-RUT
500219642001032,BEN-RUT
500219642001033,BEN-RUT
500219642001034,BEN-RUT
500219642001035,BEN-RUT
500219642001036,BEN-RUT
500219642001037,BEN-RUT
500219642001038,BEN-RUT
500219642001039,BEN-RUT
500219642001040,BEN-RUT
500219642001041,BEN-RUT
500219642001042,BEN-RUT
500219642001043,BEN-RUT
500219642001044,BEN-RUT
500219642001045,BEN-RUT
500219642001046,BEN-RUT
500219642001047,BEN-RUT
500219642001048,BEN-RUT
500219642001049,BEN-RUT
500219642001050,BEN-RUT
500219642001051,BEN-RUT
500219642001052,BEN-RUT
500219642001053,BEN-RUT
500219642001054,BEN-RUT
500219642001055,BEN-RUT
500219642001056,BEN-RUT
500219642001057,BEN-RUT
500219642001058,BEN-RUT
500219642001059,BEN-RUT
500219642001060,BEN-RUT
500219642001061,BEN-RUT
500219642001062,BEN-RUT
500219642001063,BEN-RUT
500219642001064,BEN-RUT
500219642001065,BEN-RUT
500219642002000,BEN-RUT
500219642002001,BEN-RUT
500219642002002,BEN-RUT
500219642002003,BEN-RUT
500219642002004,BEN-RUT
500219642002005,BEN-RUT
500219642002006,BEN-RUT
500219642002007,BEN-RUT
500219642002008,BEN-RUT
500219642002009,BEN-RUT
500219642002010,BEN-RUT
500219642002011,BEN-RUT
500219642002012,BEN-RUT
500219642002013,BEN-RUT
500219642002014,BEN-RUT
500219642002015,BEN-RUT
500219642002016,BEN-RUT
500219642002017,BEN-RUT
500219642002018,BEN-RUT
500219642002019,BEN-RUT
500219642002020,BEN-RUT
500219642002021,BEN-RUT
500219642002022,BEN-RUT
500219642002023,BEN-RUT
500219642002024,BEN-RUT
500219642002025,BEN-RUT
500219642002026,BEN-RUT
500219642002027,BEN-RUT
500219642002028,BEN-RUT
500219642002029,BEN-RUT
500219642002030,BEN-RUT
500219642002031,BEN-RUT
500219642002032,BEN-RUT
500219642002033,BEN-RUT
500219642002034,BEN-RUT
500219642002035,BEN-RUT
500219642002036,BEN-RUT
500219642002037,BEN-RUT
500219642002038,BEN-RUT
500219628001000,RUT-11
500219628001001,RUT-11
500219628001002,RUT-11
500219628001003,RUT-11
500219628001004,RUT-11
500219628001005,RUT-11
500219628001006,RUT-11
500219628001007,RUT-11
500219628001008,RUT-11
500219628001009,RUT-11
500219628001010,RUT-11
500219628001011,RUT-11
500219628001012,RUT-11
500219628001013,RUT-11
500219628001014,RUT-11
500219628001015,RUT-11
500219628001016,RUT-11
500219628001017,RUT-11
500219628001018,RUT-11
500219628001019,RUT-11
500219628001020,RUT-11
500219628001021,RUT-11
500219628001022,RUT-11
500219628001023,RUT-11
500219628001024,RUT-11
500219628001025,RUT-11
500219628001026,RUT-11
500219628001027,RUT-11
500219628001028,RUT-11
500219628001029,RUT-11
500219628001030,RUT-11
500219628001031,RUT-11
500219628001032,RUT-11
500219628001033,RUT-11
500219628001034,RUT-11
500219628001035,RUT-11
500219628001036,RUT-11
500219628001037,RUT-11
500219628001038,RUT-11
500219628001039,RUT-11
500219628001040,RUT-11
500219628001041,RUT-11
500219628001042,RUT-11
500219628001043,RUT-11
500219628001044,RUT-11
500219628001045,RUT-11
500219628001046,RUT-11
500219628001047,RUT-11
500219628001048,RUT-11
500219628001049,RUT-11
500219628001050,RUT-11
500219628001051,RUT-11
500219628001052,RUT-11
500219628001053,RUT-11
500219628001054,RUT-11
500219628001055,RUT-11
500219628001056,RUT-11
500219628001057,RUT-11
500219628001058,RUT-11
500219628001059,RUT-11
500219628001060,RUT-11
500219628001061,RUT-11
500219628001062,RUT-11
500219628001063,RUT-11
500219628001064,RUT-11
500219628001065,RUT-11
500219628001066,RUT-11
500219628001067,RUT-11
500219628001068,RUT-11
500219628001069,RUT-11
500219628001070,RUT-11
500219628001071,RUT-11
500219628001072,RUT-11
500219628001073,RUT-11
500279665011000,WDR-WDH
500279665011001,WDR-WDH
500279665011002,WDR-WDH
500279665011003,WDR-WDH
500279665011004,WDR-WDH
500279665011005,WDR-WDH
500279665011006,WDR-WDH
500279665011007,WDR-WDH
500279665011008,WDR-WDH
500279665011009,WDR-WDH
500279665011010,WDR-WDH
500279665011011,WDR-WDH
500279665011012,WDR-WDH
500279665011013,WDR-WDH
500279665011014,WDR-WDH
500279665011015,WDR-WDH
500279665011016,WDR-WDH
500279665011017,WDR-WDH
500279665011018,WDR-WDH
500279665011019,WDR-WDH
500279665011020,WDR-WDH
500279665011021,WDR-WDH
500279665011022,WDR-WDH
500279665011023,WDR-WDH
500279665011024,WDR-WDH
500279665011025,WDR-WDH
500279665011026,WDR-WDH
500279665011027,WDR-WDH
500279665011028,WDR-WDH
500279665011029,WDR-WDH
500279665011030,WDR-WDH
500279665011031,WDR-WDH
500279665011032,WDR-WDH
500279665011033,WDR-WDH
500279665011034,WDR-WDH
500279665011035,WDR-WDH
500279665011036,WDR-WDH
500279665011037,WDR-WDH
500279665011038,WDR-WDH
500279665011039,WDR-WDH
500279665011040,WDR-WDH
500279665011041,WDR-WDH
500279665011042,WDR-WDH
500279665011043,WDR-WDH
500279665011044,WDR-WDH
500279665011045,WDR-WDH
500279665011046,WDR-WDH
500279665011047,WDR-WDH
500279665011048,WDR-WDH
500279665011049,WDR-WDH
500279665011050,WDR-WDH
500279665011051,WDR-WDH
500279665012000,WDR-WDH
500279665012001,WDR-WDH
500279665012002,WDR-WDH
500279665012003,WDR-WDH
500279665012004,WDR-WDH
500279665012005,WDR-WDH
500279665012006,WDR-WDH
500279665012007,WDR-WDH
500279665012008,WDR-WDH
500279665012009,WDR-WDH
500279665012010,WDR-WDH
500279665012011,WDR-WDH
500279665012012,WDR-WDH
500279665012013,WDR-WDH
500279665012014,WDR-WDH
500279665012015,WDR-WDH
500279665012016,WDR-WDH
500279665012017,WDR-WDH
500279665012018,WDR-WDH
500279665012019,WDR-WDH
500279665012020,WDR-WDH
500279665012021,WDR-WDH
500279665012022,WDR-WDH
500279665012023,WDR-WDH
500279665012024,WDR-WDH
500279665012025,WDR-WDH
500279665012026,WDR-WDH
500279665012027,WDR-WDH
500279665012028,WDR-WDH
500279665012029,WDR-WDH
500279665012030,WDR-WDH
500279665012031,WDR-WDH
500279665012032,WDR-WDH
500279665013000,WDR-WDH
500279665013001,WDR-WDH
500279665013002,WDR-WDH
500279665013003,WDR-WDH
500279665013004,WDR-WDH
500279665013005,WDR-WDH
500279665013006,WDR-WDH
500279665013007,WDR-WDH
500279665013008,WDR-WDH
500279665013009,WDR-WDH
500279665013010,WDR-WDH
500279665013011,WDR-WDH
500279665013012,WDR-WDH
500279665013013,WDR-WDH
500279665013014,WDR-WDH
500279665013015,WDR-WDH
500279665013016,WDR-WDH
500279665013017,WDR-WDH
500279665013018,WDR-WDH
500279665013019,WDR-WDH
500279665013020,WDR-WDH
500279665013021,WDR-WDH
500279665013022,WDR-WDH
500279665013023,WDR-WDH
500279665013024,WDR-WDH
500279665013025,WDR-WDH
500279665013026,WDR-WDH
500279665013027,WDR-WDH
500279665013028,WDR-WDH
500279665013029,WDR-WDH
500279665013030,WDR-WDH
500279665013031,WDR-WDH
500279665013032,WDR-WDH
500279665013033,WDR-WDH
500279665013034,WDR-WDH
500279665013035,WDR-WDH
500279665013036,WDR-WDH
500279665013037,WDR-WDH
500279665013038,WDR-WDH
500279665013039,WDR-WDH
500279665013040,WDR-WDH
500279665013041,WDR-WDH
500279665013042,WDR-WDH
500279665013043,WDR-WDH
500279665013044,WDR-WDH
500279665013045,WDR-WDH
500279665013046,WDR-WDH
500279665013047,WDR-WDH
500279665013048,WDR-WDH
500279665013049,WDR-WDH
500279665013050,WDR-WDH
500279665013051,WDR-WDH
500279665013052,WDR-WDH
500279665013053,WDR-WDH
500279665013054,WDR-WDH
500279665013055,WDR-WDH
500279665013056,WDR-WDH
500279665013057,WDR-WDH
500279665013058,WDR-WDH
500279665013059,WDR-WDH
500279665013060,WDR-WDH
500279665013061,WDR-WDH
500279665013062,WDR-WDH
500279665013063,WDR-WDH
500279665013064,WDR-WDH
500279665013065,WDR-WDH
500279665013066,WDR-WDH
500279665013067,WDR-WDH
500279665013068,WDR-WDH
500279665013069,WDR-WDH
500279665013070,WDR-WDH
500279665013071,WDR-WDH
500279665013072,WDR-WDH
500279665013073,WDR-WDH
500279665013074,WDR-WDH
500279665013075,WDR-WDH
500279665013076,WDR-WDH
500279665013077,WDR-WDH
500279665013078,WDR-WDH
500279665013079,WDR-WDH
500279665013080,WDR-WDH
500279665013081,WDR-WDH
500279665013082,WDR-WDH
500279665013083,WDR-WDH
500279665013084,WDR-WDH
500279665013085,WDR-WDH
500279665013086,WDR-WDH
500279665013087,WDR-WDH
500279665013088,WDR-WDH
500279665013089,WDR-WDH
500279665013090,WDR-WDH
500039705001000,BEN-RUT
500039705001001,BEN-RUT
500039705001002,BEN-RUT
500039705001027,BEN-RUT
500039705001028,BEN-RUT
500039705001029,BEN-RUT
500039705001030,BEN-RUT
500039705001031,BEN-RUT
500039705001032,BEN-RUT
500039705001033,BEN-RUT
500039705001034,BEN-RUT
500039705001035,BEN-RUT
500039705001036,BEN-RUT
500039705001037,BEN-RUT
500039705001038,BEN-RUT
500039705001039,BEN-RUT
500039705001040,BEN-RUT
500039705001041,BEN-RUT
500039705001042,BEN-RUT
500039705001053,BEN-RUT
500039705001054,BEN-RUT
500039705001055,BEN-RUT
500039705001056,BEN-RUT
500039705001057,BEN-RUT
500279654003000,WDR-4
500279654003001,WDR-4
500279654003002,WDR-4
500279654003003,WDR-4
500279654003004,WDR-4
500279654003005,WDR-4
500279654003006,WDR-4
500279654003007,WDR-4
500279654003008,WDR-4
500279654003009,WDR-4
500279654003010,WDR-4
500279654003011,WDR-4
500279654003012,WDR-4
500279654003013,WDR-4
500279654003014,WDR-4
500279654003015,WDR-4
500279654003016,WDR-4
500279654003017,WDR-4
500279654003018,WDR-4
500279654003019,WDR-4
500279654003020,WDR-4
500279654003021,WDR-4
500279654003022,WDR-4
500279654003023,WDR-4
500279654003024,WDR-4
500279654003025,WDR-4
500279654003026,WDR-4
500279654003027,WDR-4
500279654003028,WDR-4
500279654003029,WDR-4
500279654003030,WDR-4
500279654003031,WDR-4
500279654003032,WDR-4
500279654003033,WDR-4
500279654003034,WDR-4
500279654003035,WDR-4
500279654003036,WDR-4
500279654003037,WDR-4
500279654003038,WDR-4
500279654003039,WDR-4
500279654003040,WDR-4
500279654003041,WDR-4
500279654003042,WDR-4
500279654003043,WDR-4
500279654003044,WDR-4
500279654003045,WDR-4
500279654003046,WDR-4
500279654003047,WDR-4
500279654003048,WDR-4
500279654003049,WDR-4
500279654003050,WDR-4
500279654003051,WDR-4
500279654003052,WDR-4
500279654003053,WDR-4
500219621001000,RUT-11
500219621001001,RUT-11
500219621001002,RUT-11
500219621001003,RUT-11
500219621001004,RUT-11
500219621001005,RUT-11
500219621001006,RUT-11
500219621001007,RUT-11
500219621001008,RUT-11
500219621001009,RUT-11
500219621001010,RUT-11
500219621001011,RUT-11
500219621001012,RUT-11
500219621001013,RUT-11
500219621001014,RUT-11
500219621001015,RUT-11
500219621001016,RUT-11
500219621001017,RUT-11
500219621001018,RUT-11
500219621001019,RUT-11
500219621001020,RUT-11
500219621001021,RUT-11
500219621001022,RUT-11
500219621001023,RUT-11
500219621001024,RUT-11
500219621001025,RUT-11
500219621001026,RUT-11
500219621001027,RUT-11
500219621001028,RUT-11
500219621001029,RUT-11
500219621001030,RUT-11
500219621001031,RUT-11
500219621001032,RUT-11
500219621001033,RUT-11
500219621001034,RUT-11
500219621001035,RUT-11
500219643001000,RUT-BEN
500219643001001,RUT-BEN
500219643001002,RUT-BEN
500219643001003,RUT-BEN
500219643001004,RUT-BEN
500219643001005,RUT-BEN
500219643001006,RUT-BEN
500219643001007,RUT-BEN
500219643001008,RUT-BEN
500219643001009,RUT-BEN
500219643001010,RUT-BEN
500219643001011,RUT-BEN
500219643001012,RUT-BEN
500219643001013,RUT-BEN
500219643001014,RUT-BEN
500219643001015,RUT-BEN
500219643001016,RUT-BEN
500219643001017,RUT-BEN
500219643001018,RUT-BEN
500219643001019,RUT-BEN
500219643001020,RUT-BEN
500219643001021,RUT-BEN
500219643001022,RUT-BEN
500219643001023,RUT-BEN
500219643001024,RUT-BEN
500219643001025,RUT-BEN
500219643001026,RUT-BEN
500219643001027,RUT-BEN
500219643001028,RUT-BEN
500219643001029,RUT-BEN
500219643002000,RUT-BEN
500219643002001,RUT-BEN
500219643002002,RUT-BEN
500219643002003,RUT-BEN
500219643002004,RUT-BEN
500219643002005,RUT-BEN
500219643002006,RUT-BEN
500219643002007,RUT-BEN
500219643002008,RUT-BEN
500219643002009,RUT-BEN
500219643002010,RUT-BEN
500219643002011,RUT-BEN
500219643002012,RUT-BEN
500219643002013,RUT-BEN
500219643002014,RUT-BEN
500219643002015,RUT-BEN
500219643002016,RUT-BEN
500219643002017,RUT-BEN
500219643002018,RUT-BEN
500219643002019,RUT-BEN
500219643002020,RUT-BEN
500219643002021,RUT-BEN
500219643002022,RUT-BEN
500219643002023,RUT-BEN
500219643002024,RUT-BEN
500219643002025,RUT-BEN
500219643002026,RUT-BEN
500219643002027,RUT-BEN
500219643002028,RUT-BEN
500219643002029,RUT-BEN
500219643002030,RUT-BEN
500219643002031,RUT-BEN
500219643002032,RUT-BEN
500219643002033,RUT-BEN
500219643002034,RUT-BEN
500219643002035,RUT-BEN
500219643002036,RUT-BEN
500219643002037,RUT-BEN
500219643002038,RUT-BEN
500219643002039,RUT-BEN
500219643002040,RUT-BEN
500219643002041,RUT-BEN
500219643002042,RUT-BEN
500219643002043,RUT-BEN
500219643002044,RUT-BEN
500219643002045,RUT-BEN
500219643002046,RUT-BEN
500219643002047,RUT-BEN
500219643002048,RUT-BEN
500219643002049,RUT-BEN
500279659011000,WDR-4
500279659011001,WDR-4
500279659011002,WDR-4
500279659011003,WDR-4
500279659011004,WDR-4
500279659011005,WDR-4
500279659011006,WDR-4
500279659011007,WDR-4
500279659011008,WDR-4
500279659011009,WDR-4
500279659011010,WDR-4
500279659011011,WDR-4
500279659011012,WDR-4
500279659011013,WDR-4
500279659011014,WDR-4
500279659011015,WDR-4
500279659011016,WDR-4
500279659011017,WDR-4
500279659011018,WDR-4
500279659011019,WDR-4
500279659011020,WDR-4
500279659011021,WDR-4
500279659011022,WDR-4
500279659011023,WDR-4
500279659011024,WDR-4
500279659011025,WDR-4
500279659011026,WDR-4
500279659011027,WDR-4
500279659011028,WDR-4
500279659011029,WDR-4
500279659011030,WDR-4
500279659011031,WDR-4
500279659011032,WDR-4
500279659011033,WDR-4
500279659011034,WDR-4
500279659011035,WDR-4
500279659011036,WDR-4
500279659011037,WDR-4
500279659011038,WDR-4
500279659011039,WDR-4
500279659011040,WDR-4
500279659011041,WDR-4
500279659011042,WDR-4
500279659011043,WDR-4
500279659011044,WDR-4
500279659011045,WDR-4
500279659011046,WDR-4
500279659011047,WDR-4
500279659011048,WDR-4
500279659011049,WDR-4
500279659011050,WDR-4
500279659011051,WDR-4
500279659011052,WDR-4
500279659011053,WDR-4
500279659011054,WDR-4
500279659011055,WDR-4
500279659011056,WDR-4
500279659011057,WDR-4
500279659011058,WDR-4
500279659011059,WDR-4
500279659011060,WDR-4
500279659011061,WDR-4
500279659011062,WDR-4
500279659011063,WDR-4
500279659011064,WDR-4
500279659011065,WDR-4
500259672002000,WDR-WDH
500259672002001,WDR-WDH
500259672002002,WDR-WDH
500259672002003,WDR-WDH
500259672002004,WDR-WDH
500259672002005,WDR-WDH
500259672002006,WDR-WDH
500259672002007,WDR-WDH
500259672002008,WDR-WDH
500259672002009,WDR-WDH
500259672002010,WDR-WDH
500259672002011,WDR-WDH
500259672002012,WDR-WDH
500259672002013,WDR-WDH
500259672002014,WDR-WDH
500259672002015,WDR-WDH
500259672002016,WDR-WDH
500259672002017,WDR-WDH
500259672002018,WDR-WDH
500259672002019,WDR-WDH
500259672002020,WDR-WDH
500259672002021,WDR-WDH
500259672002022,WDR-WDH
500259672002023,WDR-WDH
500259672002024,WDR-WDH
500259672002025,WDR-WDH
500259672002026,WDR-WDH
500259672002027,WDR-WDH
500259672002028,WDR-WDH
500259672002029,WDR-WDH
500259672002030,WDR-WDH
500259672002031,WDR-WDH
500259672002032,WDR-WDH
500259672002033,WDR-WDH
500259672002034,WDR-WDH
500259672002035,WDR-WDH
500259672002036,WDR-WDH
500259672002037,WDR-WDH
500259672002038,WDR-WDH
500259672002039,WDR-WDH
500259672002040,WDR-WDH
500259672002041,WDR-WDH
500259672002042,WDR-WDH
500259672002043,WDR-WDH
500259672002044,WDR-WDH
500259672002045,WDR-WDH
500259672002046,WDR-WDH
500259672002047,WDR-WDH
500259672002048,WDR-WDH
500259672002049,WDR-WDH
500259672002050,WDR-WDH
500259672002051,WDR-WDH
500259672002052,WDR-WDH
500259672002053,WDR-WDH
500259672002054,WDR-WDH
500259672002070,WDR-WDH
500259672002071,WDR-WDH
500259672002072,WDR-WDH
500259672002073,WDR-WDH
500259672002074,WDR-WDH
500259672002075,WDR-WDH
500259672002101,WDR-WDH
500259672002103,WDR-WDH
500259672002104,WDR-WDH
500039716003000,BEN-4
500039716003001,BEN-4
500039716003002,BEN-4
500039716003003,BEN-4
500039716003004,BEN-4
500039716003005,BEN-4
500039716003006,BEN-4
500039716003007,BEN-4
500039716003008,BEN-4
500039716003009,BEN-4
500039716003010,BEN-4
500039716003011,BEN-4
500039716003012,BEN-4
500039716003013,BEN-4
500039716003014,BEN-4
500039716003015,BEN-4
500039716003016,BEN-4
500039716003017,BEN-4
500039716003018,BEN-4
500039716003019,BEN-4
500039716003020,BEN-4
500039716003021,BEN-4
500039716003027,BEN-4
500039716003028,BEN-4
500039716003042,BEN-4
500039716003043,BEN-4
500039716003044,BEN-4
500019609001079,ADD-RUT
500019609001080,ADD-RUT
500019609001081,ADD-RUT
500019609001082,ADD-RUT
500019609001083,ADD-RUT
500019609001084,ADD-RUT
500019609001085,ADD-RUT
500019609001086,ADD-RUT
500019609001087,ADD-RUT
500019609001088,ADD-RUT
500019609001089,ADD-RUT
500019609001090,ADD-RUT
500019609001091,ADD-RUT
500019609001092,ADD-RUT
500019609001093,ADD-RUT
500019609001094,ADD-RUT
500019609001095,ADD-RUT
500019609001096,ADD-RUT
500019609001097,ADD-RUT
500019609001098,ADD-RUT
500019609001099,ADD-RUT
500019609001100,ADD-RUT
500019609001101,ADD-RUT
500019609001102,ADD-RUT
500019609001103,ADD-RUT
500019609001104,ADD-RUT
500019609001105,ADD-RUT
500019609001106,ADD-RUT
500019609001107,ADD-RUT
500019609001108,ADD-RUT
500019609001109,ADD-RUT
500019609001110,ADD-RUT
500019609001111,ADD-RUT
500019609001112,ADD-RUT
500019609001113,ADD-RUT
500019609001114,ADD-RUT
500019610002000,ADD-2
500019610002001,ADD-2
500019610002002,ADD-2
500019610002003,ADD-2
500019610002004,ADD-2
500019610002005,ADD-2
500019610002006,ADD-2
500019610002007,ADD-2
500019610002008,ADD-2
500019610002009,ADD-2
500019610002010,ADD-2
500019610002011,ADD-2
500019610002012,ADD-2
500019610002013,ADD-2
500019610002014,ADD-2
500019610002015,ADD-2
500019610002016,ADD-2
500019610002017,ADD-2
500019610002018,ADD-2
500019610002019,ADD-2
500019610002020,ADD-2
500019610002021,ADD-2
500019610002022,ADD-2
500019610002023,ADD-2
500019610002024,ADD-2
500019610002025,ADD-2
500019610002026,ADD-2
500019610002027,ADD-2
500019610002028,ADD-2
500019610002029,ADD-2
500019610002030,ADD-2
500019610002031,ADD-2
500019610002032,ADD-2
500019610002033,ADD-2
500019610002034,ADD-2
500019610002035,ADD-2
500019610002036,ADD-2
500019610002037,ADD-2
500019610002038,ADD-2
500019610002039,ADD-2
500019610002040,ADD-2
500019610002041,ADD-2
500019610002042,ADD-2
500019610002043,ADD-2
500019610002044,ADD-2
500019610002045,ADD-2
500019610002046,ADD-2
500019610002047,ADD-2
500019610002048,ADD-2
500019610002049,ADD-2
500019610002050,ADD-2
500019610002051,ADD-2
500019610002052,ADD-2
500019610002053,ADD-2
500019610002054,ADD-2
500019610002055,ADD-2
500019610002056,ADD-2
500019610002057,ADD-2
500019610002058,ADD-2
500019610002059,ADD-2
500019610002060,ADD-2
500019610002061,ADD-2
500019610002062,ADD-2
500019610002063,ADD-2
500019610002064,ADD-2
500019610002065,ADD-2
500019610002066,ADD-2
500019610002067,ADD-2
500019610002068,ADD-2
500019610002069,ADD-2
500019610002070,ADD-2
500019610002071,ADD-2
500019610002072,ADD-2
500019610002073,ADD-2
500019610002074,ADD-2
500019610002075,ADD-2
500019610002076,ADD-2
500019610002077,ADD-2
500019610002078,ADD-2
500019610002079,ADD-2
500019610002080,ADD-2
500019610002081,ADD-2
500019610002082,ADD-2
500219625001000,RUT-8
500219625001001,RUT-8
500219625001002,RUT-8
500219625001003,RUT-8
500219625001004,RUT-8
500219625001005,RUT-8
500219625001006,RUT-8
500219625001007,RUT-8
500219625001008,RUT-8
500219625001009,RUT-8
500219625001010,RUT-8
500219625001011,RUT-8
500219625001012,RUT-8
500219625001013,RUT-8
500219625001014,RUT-8
500219625001015,RUT-8
500219625001016,RUT-8
500219625001017,RUT-8
500219625001018,RUT-8
500219625001019,RUT-8
500219625002000,RUT-8
500219625002001,RUT-8
500219625002002,RUT-8
500219625002003,RUT-8
500219625002004,RUT-8
500219625002005,RUT-8
500219625002006,RUT-8
500219625002007,RUT-8
500219625002008,RUT-8
500219625002009,RUT-8
500219625002010,RUT-8
500219625002011,RUT-8
500219625002012,RUT-8
500219625002013,RUT-8
500219625002014,RUT-8
500219625002015,RUT-8
500219625002016,RUT-8
500219625002017,RUT-8
500219625002018,RUT-8
500219625002019,RUT-8
500219625002020,RUT-8
500219625002021,RUT-8
500219625002022,RUT-8
500219625002023,RUT-8
500219625002024,RUT-8
500219625002025,RUT-8
500219625002026,RUT-8
500219625002027,RUT-8
500219625002028,RUT-8
500219625002029,RUT-8
500219625002030,RUT-8
500219625002031,RUT-8
500219625002032,RUT-8
500219625002033,RUT-8
500219625002034,RUT-8
500219625002035,RUT-8
500219623002000,ADD-RUT
500219623002001,ADD-RUT
500219623002002,ADD-RUT
500219623002003,ADD-RUT
500219623002004,ADD-RUT
500219623002005,ADD-RUT
500219623002006,ADD-RUT
500219623002007,ADD-RUT
500219623002008,ADD-RUT
500219623002009,ADD-RUT
500219623002010,ADD-RUT
500219623002011,ADD-RUT
500219623002012,ADD-RUT
500219623002013,ADD-RUT
500219623002014,ADD-RUT
500219623002015,ADD-RUT
500219623002016,ADD-RUT
500219623002017,ADD-RUT
500219623002018,ADD-RUT
500219623002019,ADD-RUT
500219623002020,ADD-RUT
500219623002021,ADD-RUT
500219623002022,ADD-RUT
500219623002023,ADD-RUT
500219623002024,ADD-RUT
500219623002025,ADD-RUT
500219623002026,ADD-RUT
500219623002027,ADD-RUT
500219623002028,ADD-RUT
500219623002029,ADD-RUT
500219623002030,ADD-RUT
500219623002031,ADD-RUT
500219623002032,ADD-RUT
500219623002033,ADD-RUT
500219623002034,ADD-RUT
500219623002035,ADD-RUT
500219623002036,ADD-RUT
500219623002037,ADD-RUT
500219623002038,ADD-RUT
500219623002039,ADD-RUT
500219623002040,ADD-RUT
500219623002041,ADD-RUT
500219623002042,ADD-RUT
500219623002043,ADD-RUT
500219623002044,ADD-RUT
500219623002045,ADD-RUT
500219623002046,ADD-RUT
500219623002047,ADD-RUT
500219623002048,ADD-RUT
500219623002049,ADD-RUT
500219623002050,ADD-RUT
500219623002051,ADD-RUT
500219623002052,ADD-RUT
500219623002053,ADD-RUT
500219623002054,ADD-RUT
500219623002055,ADD-RUT
500219623002056,ADD-RUT
500219623002057,ADD-RUT
500219623002058,ADD-RUT
500219623002059,ADD-RUT
500219623002060,ADD-RUT
500219623002061,ADD-RUT
500219623002062,ADD-RUT
500219623002063,ADD-RUT
500219623002064,ADD-RUT
500219623002065,ADD-RUT
500219623002066,ADD-RUT
500219623002067,ADD-RUT
500219623002068,ADD-RUT
500259670001000,WDH-3
500259670001001,WDH-3
500259670001002,WDH-3
500259670001003,WDH-3
500259670001004,WDH-3
500259670001005,WDH-3
500259670001006,WDH-3
500259670001007,WDH-3
500259670001008,WDH-3
500259670001009,WDH-3
500259670001010,WDH-3
500259670001011,WDH-3
500259670001012,WDH-3
500259670001013,WDH-3
500259670001014,WDH-3
500259670001015,WDH-3
500259670002000,WDH-3
500259670002001,WDH-3
500259670002002,WDH-3
500259670002003,WDH-3
500259670002004,WDH-3
500259670002005,WDH-3
500259670002006,WDH-3
500259670002007,WDH-3
500259670002008,WDH-3
500259670002009,WDH-3
500259670002010,WDH-3
500259670002011,WDH-3
500259670002012,WDH-3
500259670002013,WDH-3
500259670002014,WDH-3
500259670002015,WDH-3
500259670002016,WDH-3
500259670002017,WDH-3
500259670002018,WDH-3
500259670002019,WDH-3
500259670002020,WDH-3
500259670002021,WDH-3
500259670002022,WDH-3
500259670002023,WDH-3
500259670002024,WDH-3
500259670002025,WDH-3
500259670002026,WDH-3
500259670002027,WDH-3
500259670002028,WDH-3
500259670002029,WDH-3
500259670002030,WDH-3
500259670002031,WDH-3
500259670002032,WDH-3
500259670002033,WDH-3
500259670002034,WDH-3
500259670002035,WDH-3
500259670002036,WDH-3
500259670002037,WDH-3
500259670002038,WDH-3
500259670002039,WDH-3
500259670002040,WDH-3
500259670002041,WDH-3
500259670002042,WDH-3
500259670002043,WDH-3
500259670002044,WDH-3
500259670002045,WDH-3
500259670002046,WDH-3
500259670002047,WDH-3
500259670002048,WDH-3
500259670002049,WDH-3
500259670002050,WDH-3
500259670002051,WDH-3
500259670002052,WDH-3
500259670002053,WDH-3
500259670003000,WDH-3
500259670003001,WDH-3
500259670003002,WDH-3
500259670003003,WDH-3
500259670003004,WDH-3
500259670003005,WDH-3
500259670003006,WDH-3
500259670003007,WDH-3
500259670003008,WDH-3
500259670003009,WDH-3
500259670003010,WDH-3
500259670003011,WDH-3
500259670003012,WDH-3
500259670003013,WDH-3
500259670003014,WDH-3
500259671001000,WDH-3
500259671001001,WDH-3
500259671001002,WDH-3
500259671001003,WDH-3
500259671001004,WDH-3
500259671001005,WDH-3
500259671001006,WDH-3
500259671001007,WDH-3
500259671001008,WDH-3
500259671001009,WDH-3
500259671001010,WDH-3
500259671001011,WDH-3
500259671001012,WDH-3
500259671001013,WDH-3
500259671001014,WDH-3
500259671001015,WDH-3
500259671001016,WDH-3
500259671001017,WDH-3
500259671001018,WDH-3
500259671001019,WDH-3
500259671001020,WDH-3
500259671001021,WDH-3
500259671001022,WDH-3
500259671001023,WDH-3
500259671001024,WDH-3
500259671001025,WDH-3
500259671001026,WDH-3
500259671001027,WDH-3
500259671001028,WDH-3
500259671001029,WDH-3
500259671001030,WDH-3
500259671001031,WDH-3
500259671001032,WDH-3
500259671001033,WDH-3
500259671001034,WDH-3
500259671001035,WDH-3
500259671001036,WDH-3
500259671001037,WDH-3
500259671001038,WDH-3
500259671001039,WDH-3
500259671001040,WDH-3
500259671001041,WDH-3
500259671001042,WDH-3
500259671001043,WDH-3
500259671001044,WDH-3
500259671001045,WDH-3
500259671001046,WDH-3
500259671001047,WDH-3
500259671001048,WDH-3
500259671001049,WDH-3
500259671001050,WDH-3
500259671001051,WDH-3
500259671001052,WDH-3
500259671001053,WDH-3
500259671001054,WDH-3
500259671001055,WDH-3
500259671001056,WDH-3
500259671001057,WDH-3
500259671001058,WDH-3
500259671001059,WDH-3
500259671001060,WDH-3
500259671001061,WDH-3
500259671001062,WDH-3
500259671001063,WDH-3
500259671001064,WDH-3
500259671002000,WDH-3
500259671002001,WDH-3
500259671002002,WDH-3
500259671002003,WDH-3
500259671002004,WDH-3
500259671002005,WDH-3
500259671002006,WDH-3
500259671002007,WDH-3
500259671002008,WDH-3
500259671002009,WDH-3
500259671002010,WDH-3
500259671002011,WDH-3
500259671002012,WDH-3
500259671002013,WDH-3
500259671002014,WDH-3
500259671002015,WDH-3
500259671002016,WDH-3
500259671002017,WDH-3
500259671002018,WDH-3
500259671002019,WDH-3
500259671002020,WDH-3
500259671002021,WDH-3
500259671002022,WDH-3
500259671002023,WDH-3
500259671002024,WDH-3
500259671002025,WDH-3
500259671002026,WDH-3
500259671002027,WDH-3
500259671002028,WDH-3
500259671002029,WDH-3
500259671002030,WDH-3
500259671002031,WDH-3
500259671002032,WDH-3
500259671002033,WDH-3
500259671002034,WDH-3
500259671002035,WDH-3
500259671002036,WDH-3
500259671002037,WDH-3
500259671002038,WDH-3
500259671002039,WDH-3
500259671002040,WDH-3
500259671002041,WDH-3
500259671002042,WDH-3
500259671002043,WDH-3
500259671002044,WDH-3
500259671002045,WDH-3
500259671002046,WDH-3
500259671002047,WDH-3
500259671002048,WDH-3
500259671002049,WDH-3
500259671002050,WDH-3
500259671002051,WDH-3
500259671002052,WDH-3
500259671002053,WDH-3
500259671002054,WDH-3
500259671002055,WDH-3
500259671002056,WDH-3
500259671002057,WDH-3
500259671002058,WDH-3
500259671002059,WDH-3
500259671002060,WDH-3
500259671002061,WDH-3
500259671002062,WDH-3
500259671002063,WDH-3
500259671002064,WDH-3
500259671002065,WDH-3
500259671002066,WDH-3
500259671002067,WDH-3
500259671002068,WDH-3
500259671002069,WDH-3
500259672002055,WDR-WDH
500259672002056,WDR-WDH
500259672002057,WDR-WDH
500259672002058,WDR-WDH
500259672002059,WDR-WDH
500259672002060,WDR-WDH
500259672002061,WDR-WDH
500259672002062,WDR-WDH
500259672002063,WDR-WDH
500259672002064,WDR-WDH
500259672002065,WDR-WDH
500259672002066,WDR-WDH
500259672002067,WDR-WDH
500259672002068,WDR-WDH
500259672002069,WDR-WDH
500259672002076,WDR-WDH
500259672002077,WDR-WDH
500259672002078,WDR-WDH
500259672002079,WDR-WDH
500259672002080,WDR-WDH
500259672002081,WDR-WDH
500259672002082,WDR-WDH
500259672002083,WDR-WDH
500259672002084,WDR-WDH
500259672002085,WDR-WDH
500259672002086,WDR-WDH
500259672002087,WDR-WDH
500259672002088,WDR-WDH
500259672002089,WDR-WDH
500259672002090,WDR-WDH
500259672002091,WDR-WDH
500259672002092,WDR-WDH
500259672002093,WDR-WDH
500259672002094,WDR-WDH
500259672002095,WDR-WDH
500259672002096,WDR-WDH
500259672002097,WDR-WDH
500259672002098,WDR-WDH
500259672002099,WDR-WDH
500259672002100,WDR-WDH
500259672002102,WDR-WDH
500279662002014,WDR-2
500279662002070,WDR-2
500279662002071,WDR-2
500279662002072,WDR-2
500279662002073,WDR-2
500279662002074,WDR-2
500279662002075,WDR-2
500279662002076,WDR-2
500279668001000,WDR-ADD
500279668001001,WDR-ADD
500279668001002,WDR-ADD
500279668001003,WDR-ADD
500279668001004,WDR-ADD
500279668001005,WDR-ADD
500279668001006,WDR-ADD
500279668001007,WDR-ADD
500279668001008,WDR-ADD
500279668001009,WDR-ADD
500279668001010,WDR-ADD
500279668001011,WDR-ADD
500279668001012,WDR-ADD
500279668001013,WDR-ADD
500279668001014,WDR-ADD
500279668001015,WDR-ADD
500279668001016,WDR-ADD
500279668001017,WDR-ADD
500279668001018,WDR-ADD
500279668001019,WDR-ADD
500279668001020,WDR-ADD
500279668001021,WDR-ADD
500279668001022,WDR-ADD
500279668001023,WDR-ADD
500279668001024,WDR-ADD
500279668001025,WDR-ADD
500279668001026,WDR-ADD
500279668001027,WDR-ADD
500279668001028,WDR-ADD
500279668001029,WDR-ADD
500279668001030,WDR-ADD
500279668001031,WDR-ADD
500279668001032,WDR-ADD
500279668001033,WDR-ADD
500279668001034,WDR-ADD
500279668001035,WDR-ADD
500279668001036,WDR-ADD
500279668001037,WDR-ADD
500279668001038,WDR-ADD
500279668001039,WDR-ADD
500279668001040,WDR-ADD
500279668001041,WDR-ADD
500279668001042,WDR-ADD
500279668001043,WDR-ADD
500279668001044,WDR-ADD
500279668001045,WDR-ADD
500279668001046,WDR-ADD
500279668001047,WDR-ADD
500279668001048,WDR-ADD
500279668001049,WDR-ADD
500279668001050,WDR-ADD
500279668001051,WDR-ADD
500279668001052,WDR-ADD
500279668001053,WDR-ADD
500279668001054,WDR-ADD
500279668001055,WDR-ADD
500279668001056,WDR-ADD
500279668001057,WDR-ADD
500279668001058,WDR-ADD
500279668001059,WDR-ADD
500279668001060,WDR-ADD
500279668001061,WDR-ADD
500279668001062,WDR-ADD
500279668001063,WDR-ADD
500279668001064,WDR-ADD
500279668003000,WDR-ADD
500279668003001,WDR-ADD
500279668003002,WDR-ADD
500279668003003,WDR-ADD
500279668003004,WDR-ADD
500279668003005,WDR-ADD
500279668003006,WDR-ADD
500279668003007,WDR-ADD
500279668003008,WDR-ADD
500279668003009,WDR-ADD
500279668003010,WDR-ADD
500279668003011,WDR-ADD
500279668003012,WDR-ADD
500279668003013,WDR-ADD
500279668003014,WDR-ADD
500279668003015,WDR-ADD
500279668003016,WDR-ADD
500279668003017,WDR-ADD
500279668003018,WDR-ADD
500279668003019,WDR-ADD
500279668003020,WDR-ADD
500279668003021,WDR-ADD
500279668003022,WDR-ADD
500279668003023,WDR-ADD
500279668003024,WDR-ADD
500279668003025,WDR-ADD
500279668003026,WDR-ADD
500279668003027,WDR-ADD
500279668003028,WDR-ADD
500279668003029,WDR-ADD
500279668003030,WDR-ADD
500279668003031,WDR-ADD
500279668003032,WDR-ADD
500279668003033,WDR-ADD
500279668003034,WDR-ADD
500279668003035,WDR-ADD
500279668003036,WDR-ADD
500279668003037,WDR-ADD
500279668003038,WDR-ADD
500279668003039,WDR-ADD
500279668003040,WDR-ADD
500279668003041,WDR-ADD
500279668003042,WDR-ADD
500279668003043,WDR-ADD
500279668003044,WDR-ADD
500279668003045,WDR-ADD
500279668003046,WDR-ADD
500279668003047,WDR-ADD
500279668003048,WDR-ADD
500279668003049,WDR-ADD
500279668003050,WDR-ADD
500279668003051,WDR-ADD
500279668003052,WDR-ADD
500279668003053,WDR-ADD
500279668003054,WDR-ADD
500279668003055,WDR-ADD
500279668003056,WDR-ADD
500279668003057,WDR-ADD
500279668003058,WDR-ADD
500279668003059,WDR-ADD
500279668003060,WDR-ADD
500279668003061,WDR-ADD
500279668003062,WDR-ADD
500279668003063,WDR-ADD
500279668003064,WDR-ADD
500279668003065,WDR-ADD
500279668003066,WDR-ADD
500199517004000,ORL-4
500199517004001,ORL-4
500199517004002,ORL-4
500199517004003,ORL-4
500199517004004,ORL-4
500199517004005,ORL-4
500199517004006,ORL-4
500199517004007,ORL-4
500199517004008,ORL-4
500199517004009,ORL-4
500199517004010,ORL-4
500199517004011,ORL-4
500199517004012,ORL-4
500199517004013,ORL-4
500199517004014,ORL-4
500199517004015,ORL-4
500199517004016,ORL-4
500199517004017,ORL-4
500199517004018,ORL-4
500199517004019,ORL-4
500199517004020,ORL-4
500199517004021,ORL-4
500199517004022,ORL-4
500199517004023,ORL-4
500199517004024,ORL-4
500199517004025,ORL-4
500199517004026,ORL-4
500199517004027,ORL-4
500199517004028,ORL-4
500199517004029,ORL-4
500199517004030,ORL-4
500199517004031,ORL-4
500199517004032,ORL-4
500199517004033,ORL-4
500199517004034,ORL-4
500199517004035,ORL-4
500199517004036,ORL-4
500199517004037,ORL-4
500199517004038,ORL-4
500199517004039,ORL-4
500199517004040,ORL-4
500199517004041,ORL-4
500199517004042,ORL-4
500199517004043,ORL-4
500199517004044,ORL-4
500199517004045,ORL-4
500199517004046,ORL-4
500199517004047,ORL-4
500199517004048,ORL-4
500199517004049,ORL-4
500199517004050,ORL-4
500199517004051,ORL-4
500199517004052,ORL-4
500199517004053,ORL-4
500199517004054,ORL-4
500199517004055,ORL-4
500199517004056,ORL-4
500199517004057,ORL-4
500199517004058,ORL-4
500199517004059,ORL-4
500199517004060,ORL-4
500199517004061,ORL-4
500199517004062,ORL-4
500199517004063,ORL-4
500199517004064,ORL-4
500199517004065,ORL-4
500199517004066,ORL-4
500199517004067,ORL-4
500199517004068,ORL-4
500199517004069,ORL-4
500199517004070,ORL-4
500199517004071,ORL-4
500199517004072,ORL-4
500199517004073,ORL-4
500199517004074,ORL-4
500199517004075,ORL-4
500199517004076,ORL-4
500199517004077,ORL-4
500199517004078,ORL-4
500199517004079,ORL-4
500199517004080,ORL-4
500199517004081,ORL-4
500199517004082,ORL-4
500199517004083,ORL-4
500199517004084,ORL-4
500199517004085,ORL-4
500199517004086,ORL-4
500199517004087,ORL-4
500199517004088,ORL-4
500199517004089,ORL-4
500199517004090,ORL-4
500199517004091,ORL-4
500199517004092,ORL-4
500199517004093,ORL-4
500199517004094,ORL-4
500199517004095,ORL-4
500199517004096,ORL-4
500199517004097,ORL-4
500199517004098,ORL-4
500199517004099,ORL-4
500199517004100,ORL-4
500159534001000,LAM-2
500159534001001,LAM-2
500159534001002,LAM-2
500159534001003,LAM-2
500159534001004,LAM-2
500159534001005,LAM-2
500159534001006,LAM-2
500159534001007,LAM-2
500159534001008,LAM-2
500159534001009,LAM-2
500159534001010,LAM-2
500159534001011,LAM-2
500159534001012,LAM-2
500159534001013,LAM-2
500159534001014,LAM-2
500159534001015,LAM-2
500159534001016,LAM-2
500159534001017,LAM-2
500159534001018,LAM-2
500159534001019,LAM-2
500159534001020,LAM-2
500159534001021,LAM-2
500159534001022,LAM-2
500159534001023,LAM-2
500159534001024,LAM-2
500159534001025,LAM-2
500159534001026,LAM-2
500159534001027,LAM-2
500159534001028,LAM-2
500159534001029,LAM-2
500159534001030,LAM-2
500159534001031,LAM-2
500159534001032,LAM-2
500159534001033,LAM-2
500159534001034,LAM-2
500159534001035,LAM-2
500159534001036,LAM-2
500159534001037,LAM-2
500159534001038,LAM-2
500159534001039,LAM-2
500159534001040,LAM-2
500159534001041,LAM-2
500159534001042,LAM-2
500159534001043,LAM-2
500159534001044,LAM-2
500159534001045,LAM-2
500159534001047,LAM-2
500159534001048,LAM-2
500159534001049,LAM-2
500159534001054,LAM-2
500159534001073,LAM-2
500159534001074,LAM-2
500159534001075,LAM-2
500159534001076,LAM-2
500159534001077,LAM-2
500159534001078,LAM-2
500159534001079,LAM-2
500159534001080,LAM-2
500159534001081,LAM-2
500159534001082,LAM-2
500159534001083,LAM-2
500159534001084,LAM-2
500159534001085,LAM-2
500159534001086,LAM-2
500159534001087,LAM-2
500159534001088,LAM-2
500159534001095,LAM-2
500159534001096,LAM-2
500159534001097,LAM-2
500159534001098,LAM-2
500159534001103,LAM-2
500159534001104,LAM-2
500159534001105,LAM-2
500059577001000,CAL-2
500059577001001,CAL-2
500059577001002,CAL-2
500059577001003,CAL-2
500059577001004,CAL-2
500059577001005,CAL-2
500059577001006,CAL-2
500059577001007,CAL-2
500059577001008,CAL-2
500059577001009,CAL-2
500059577001010,CAL-2
500059577001011,CAL-2
500059577001012,CAL-2
500059577001013,CAL-2
500059577001014,CAL-2
500059577001015,CAL-2
500059577001016,CAL-2
500059577001017,CAL-2
500059577001018,CAL-2
500059577001019,CAL-2
500059577001020,CAL-2
500059577001021,CAL-2
500059577001022,CAL-2
500059577001023,CAL-2
500059577001024,CAL-2
500059577001025,CAL-2
500059577001026,CAL-2
500059577001027,CAL-2
500059577001028,CAL-2
500059577001029,CAL-2
500059577001030,CAL-2
500059577001031,CAL-2
500059577001032,CAL-2
500059577001033,CAL-2
500059577001034,CAL-2
500059577001035,CAL-2
500059577001036,CAL-2
500059577001037,CAL-2
500059577001038,CAL-2
500059577001039,CAL-2
500059577001040,CAL-2
500059577001041,CAL-2
500059577001042,CAL-2
500059577001043,CAL-2
500059577001044,CAL-2
500059577001045,CAL-2
500059577001046,CAL-2
500059577001047,CAL-2
500059577001048,CAL-2
500059577001049,CAL-2
500059577001050,CAL-2
500059577001051,CAL-2
500059577001052,CAL-2
500059577001053,CAL-2
500059577001054,CAL-2
500059577001055,CAL-2
500059577001056,CAL-2
500059577001057,CAL-2
500059577001058,CAL-2
500059577001059,CAL-2
500059577001060,CAL-2
500059577001061,CAL-2
500059577001062,CAL-2
500059577001063,CAL-2
500059577001064,CAL-2
500059577001065,CAL-2
500059577001066,CAL-2
500059577001067,CAL-2
500059577001068,CAL-2
500059577001069,CAL-2
500059577001070,CAL-2
500059577001071,CAL-2
500059577001072,CAL-2
500059577001073,CAL-2
500059577001074,CAL-2
500059577001075,CAL-2
500059577001076,CAL-2
500059577001077,CAL-2
500059577001078,CAL-2
500059577001079,CAL-2
500059577001080,CAL-2
500059577001081,CAL-2
500059577002000,CAL-2
500059577002001,CAL-2
500059577002002,CAL-2
500059577002003,CAL-2
500059577002004,CAL-2
500059577002005,CAL-2
500059577002006,CAL-2
500059577002007,CAL-2
500059577002008,CAL-2
500059577002009,CAL-2
500059577002010,CAL-2
500059577002011,CAL-2
500059577002012,CAL-2
500059577002013,CAL-2
500059577002014,CAL-2
500059577002015,CAL-2
500059577002016,CAL-2
500059577002017,CAL-2
500059577002018,CAL-2
500059577002019,CAL-2
500059577002020,CAL-2
500059577002021,CAL-2
500059577002022,CAL-2
500059577002023,CAL-2
500059577002024,CAL-2
500059577002025,CAL-2
500059577002026,CAL-2
500059577002027,CAL-2
500059577002028,CAL-2
500059577002029,CAL-2
500059577002030,CAL-2
500059577002031,CAL-2
500059577002032,CAL-2
500059577002033,CAL-2
500059577002034,CAL-2
500059577002035,CAL-2
500059577002036,CAL-2
500059577002037,CAL-2
500059577002038,CAL-2
500059577002039,CAL-2
500059577002040,CAL-2
500059577002041,CAL-2
500059577002042,CAL-2
500059577002043,CAL-2
500059577002044,CAL-2
500059577002045,CAL-2
500059577002046,CAL-2
500059577002047,CAL-2
500059577002048,CAL-2
500059577002049,CAL-2
500199520002000,ORL-4
500199520002001,ORL-4
500199520002002,ORL-4
500199520002003,ORL-4
500199520002004,ORL-4
500199520002005,ORL-4
500199520002006,ORL-4
500199520002007,ORL-4
500199520002008,ORL-4
500199520002009,ORL-4
500199520002010,ORL-4
500199520002011,ORL-4
500199520002012,ORL-4
500199520002013,ORL-4
500199520002014,ORL-4
500199520002015,ORL-4
500199520002016,ORL-4
500199520002017,ORL-4
500199520002018,ORL-4
500199520002019,ORL-4
500199520002020,ORL-4
500199520002021,ORL-4
500199520002022,ORL-4
500199520002023,ORL-4
500199520002024,ORL-4
500199520002025,ORL-4
500199520002026,ORL-4
500199520002027,ORL-4
500199520002028,ORL-4
500199520002029,ORL-4
500199520002030,ORL-4
500199520002031,ORL-4
500199520002032,ORL-4
500199520002033,ORL-4
500199520002034,ORL-4
500199520002035,ORL-4
500199520002036,ORL-4
500199520002037,ORL-4
500199520002038,ORL-4
500199520002039,ORL-4
500199520002040,ORL-4
500199520002041,ORL-4
500199520002042,ORL-4
500199520002043,ORL-4
500199520002044,ORL-4
500199520002045,ORL-4
500199520002046,ORL-4
500199520002047,ORL-4
500199520002048,ORL-4
500199520002049,ORL-4
500199520002050,ORL-4
500199520002051,ORL-4
500199520002052,ORL-4
500199520002053,ORL-4
500199520002054,ORL-4
500199520002055,ORL-4
500199520002056,ORL-4
500199520002057,ORL-4
500199520002058,ORL-4
500199520002059,ORL-4
500199520002060,ORL-4
500199520002061,ORL-4
500199520002062,ORL-4
500199520002063,ORL-4
500199520002064,ORL-4
500199520002065,ORL-4
500199520002066,ORL-4
500199520002067,ORL-4
500199520002068,ORL-4
500199520002069,ORL-4
500199520002070,ORL-4
500199520002071,ORL-4
500199520002072,ORL-4
500199520002073,ORL-4
500199520002074,ORL-4
500199520002075,ORL-4
500199520002076,ORL-4
500199520002077,ORL-4
500199520002078,ORL-4
500199520002079,ORL-4
500199520002080,ORL-4
500199520002081,ORL-4
500199520002082,ORL-4
500199520002083,ORL-4
500199520002084,ORL-4
500199520002085,ORL-4
500199520002086,ORL-4
500199520002087,ORL-4
500199520002088,ORL-4
500239541001000,LAM-WAS
500239541001001,LAM-WAS
500239541001002,LAM-WAS
500239541001003,LAM-WAS
500239541001004,LAM-WAS
500239541001005,LAM-WAS
500239541001006,LAM-WAS
500239541001007,LAM-WAS
500239541001008,LAM-WAS
500239541001009,LAM-WAS
500239541001010,LAM-WAS
500239541001011,LAM-WAS
500239541001012,LAM-WAS
500239541001013,LAM-WAS
500239541001014,LAM-WAS
500239541001015,LAM-WAS
500239541001016,LAM-WAS
500239541001017,LAM-WAS
500239541001018,LAM-WAS
500239541001019,LAM-WAS
500239541001020,LAM-WAS
500239541001021,LAM-WAS
500239541001022,LAM-WAS
500239541001023,LAM-WAS
500239541001024,LAM-WAS
500239541001025,LAM-WAS
500239541001026,LAM-WAS
500239541001027,LAM-WAS
500239541001028,LAM-WAS
500239541001029,LAM-WAS
500239541001030,LAM-WAS
500239541001031,LAM-WAS
500239541001032,LAM-WAS
500239541001033,LAM-WAS
500239541001034,LAM-WAS
500239541001035,LAM-WAS
500239541001036,LAM-WAS
500239541001037,LAM-WAS
500239541001038,LAM-WAS
500239541001039,LAM-WAS
500239541001040,LAM-WAS
500239541001041,LAM-WAS
500239541001042,LAM-WAS
500239541001043,LAM-WAS
500239541001044,LAM-WAS
500239541001045,LAM-WAS
500239541001046,LAM-WAS
500239541001047,LAM-WAS
500239541001048,LAM-WAS
500239541001049,LAM-WAS
500239541001050,LAM-WAS
500239541001051,LAM-WAS
500239541001052,LAM-WAS
500239541001053,LAM-WAS
500239541001054,LAM-WAS
500239541001055,LAM-WAS
500239541001056,LAM-WAS
500239541001057,LAM-WAS
500239541001058,LAM-WAS
500239541001059,LAM-WAS
500239541001060,LAM-WAS
500239541001061,LAM-WAS
500239541001062,LAM-WAS
500239541001063,LAM-WAS
500239541001064,LAM-WAS
500239540002000,WAS-6
500239540002001,WAS-6
500239540002002,WAS-6
500239540002003,WAS-6
500239540002004,WAS-6
500239540002005,WAS-6
500239540002006,WAS-6
500239540002007,WAS-6
500239540002008,WAS-6
500239540002009,WAS-6
500239540002010,WAS-6
500239540002011,WAS-6
500239540002012,WAS-6
500239540002013,WAS-6
500239540002014,WAS-6
500239540002015,WAS-6
500239540002016,WAS-6
500239540002017,WAS-6
500239540002018,WAS-6
500239540002019,WAS-6
500239540002020,WAS-6
500239540002021,WAS-6
500239540002022,WAS-6
500239540002023,WAS-6
500239540002024,WAS-6
500239540002025,WAS-6
500239540002026,WAS-6
500239540002027,WAS-6
500239540002028,WAS-6
500239540002029,WAS-6
500239540002030,WAS-6
500239540002031,WAS-6
500239540002032,WAS-6
500239540002033,WAS-6
500239540002034,WAS-6
500239540002035,WAS-6
500239540002036,WAS-6
500239540002037,WAS-6
500239540002038,WAS-6
500239540002039,WAS-6
500239540002040,WAS-6
500239540002041,WAS-6
500239540002042,WAS-6
500239540002043,WAS-6
500239540002044,WAS-6
500239540002045,WAS-6
500239540002046,WAS-6
500239540002047,WAS-6
500239540002048,WAS-6
500239540002049,WAS-6
500239540002050,WAS-6
500239540002051,WAS-6
500239540002052,WAS-6
500239540002053,WAS-6
500239540002054,WAS-6
500239540002055,WAS-6
500239540002056,WAS-6
500239540002057,WAS-6
500239540002058,WAS-6
500239540002059,WAS-6
500239540002060,WAS-6
500239540002061,WAS-6
500239540002062,WAS-6
500239540002063,WAS-6
500239540002064,WAS-6
500239540002065,WAS-6
500239540002066,WAS-6
500239540002067,WAS-6
500239540002068,WAS-6
500239540002069,WAS-6
500239540002070,WAS-6
500239540002071,WAS-6
500239540002072,WAS-6
500239540002073,WAS-6
500239540002074,WAS-6
500239540002075,WAS-6
500239540002076,WAS-6
500239540002077,WAS-6
500239540002078,WAS-6
500239540002079,WAS-6
500239540002080,WAS-6
500239540002081,WAS-6
500239540002082,WAS-6
500239540002083,WAS-6
500239540002084,WAS-6
500239540002085,WAS-6
500239540002086,WAS-6
500239540002087,WAS-6
500239540002088,WAS-6
500239540002089,WAS-6
500239540002090,WAS-6
500239540002091,WAS-6
500239540002092,WAS-6
500239540002093,WAS-6
500239540002094,WAS-6
500239540002095,WAS-6
500239540002096,WAS-6
500239540002097,WAS-6
500239540002098,WAS-6
500239540002099,WAS-6
500239540002100,WAS-6
500239540002101,WAS-6
500239541002000,WAS-6
500239541002001,WAS-6
500239541002002,WAS-6
500239541002003,WAS-6
500239541002004,WAS-6
500239541002005,WAS-6
500239541002006,WAS-6
500239541002007,WAS-6
500239541002008,WAS-6
500239541002009,WAS-6
500239541002010,WAS-6
500239541002011,WAS-6
500239541002012,WAS-6
500239541002013,WAS-6
500239541002014,WAS-6
500239541002015,WAS-6
500239541002016,WAS-6
500239541002017,WAS-6
500239541002018,WAS-6
500239541002019,WAS-6
500239541002020,WAS-6
500239541002021,WAS-6
500239541002022,WAS-6
500239541002023,WAS-6
500239541002024,WAS-6
500239541002025,WAS-6
500239541002026,WAS-6
500239541002027,WAS-6
500239541002028,WAS-6
500239541002029,WAS-6
500239541002030,WAS-6
500239541002031,WAS-6
500239541002032,WAS-6
500239541002033,WAS-6
500239541002034,WAS-6
500239541002035,WAS-6
500239541002036,WAS-6
500239541002037,WAS-6
500239541002038,WAS-6
500239541002039,WAS-6
500239541002040,WAS-6
500239541002041,WAS-6
500239541002042,WAS-6
500239541002043,WAS-6
500239541002044,WAS-6
500239541002045,WAS-6
500239541002046,WAS-6
500239541002047,WAS-6
500239541002048,WAS-6
500239541002049,WAS-6
500239541002050,WAS-6
500239541002051,WAS-6
500239541003000,WAS-6
500239541003001,WAS-6
500239541003002,WAS-6
500239541003003,WAS-6
500239541003004,WAS-6
500239541003005,WAS-6
500239541003006,WAS-6
500239541003007,WAS-6
500239541003008,WAS-6
500239541003009,WAS-6
500239541003010,WAS-6
500239541003011,WAS-6
500239541003012,WAS-6
500239541003013,WAS-6
500239541003014,WAS-6
500239541003015,WAS-6
500239541003016,WAS-6
500239541003017,WAS-6
500239541003018,WAS-6
500239541003019,WAS-6
500239541003020,WAS-6
500239541003021,WAS-6
500239541003022,WAS-6
500239541003023,WAS-6
500239541003024,WAS-6
500239541003025,WAS-6
500239541003026,WAS-6
500239541003027,WAS-6
500239541003028,WAS-6
500239541003029,WAS-6
500239541003030,WAS-6
500239541003031,WAS-6
500239541003032,WAS-6
500239541003033,WAS-6
500239541003034,WAS-6
500239541003035,WAS-6
500239541003036,WAS-6
500199517003000,ORL-4
500199517003001,ORL-4
500199517003002,ORL-4
500199517003003,ORL-4
500199517003004,ORL-4
500199517003005,ORL-4
500199517003006,ORL-4
500199517003007,ORL-4
500199517003008,ORL-4
500199517003009,ORL-4
500199517003010,ORL-4
500199517003011,ORL-4
500199517003012,ORL-4
500199517003013,ORL-4
500199517003014,ORL-4
500199517003015,ORL-4
500199517003016,ORL-4
500199517003017,ORL-4
500199517003018,ORL-4
500199517003019,ORL-4
500199517003020,ORL-4
500199517003021,ORL-4
500199517003022,ORL-4
500199517003023,ORL-4
500199517003024,ORL-4
500199517003025,ORL-4
500199517003026,ORL-4
500199517003027,ORL-4
500199517003028,ORL-4
500199517003029,ORL-4
500199517003030,ORL-4
500199517003031,ORL-4
500199517003032,ORL-4
500199517003033,ORL-4
500199517003034,ORL-4
500199517003035,ORL-4
500199517003036,ORL-4
500199517003037,ORL-4
500199517003038,ORL-4
500199517003039,ORL-4
500199517003040,ORL-4
500199517003041,ORL-4
500199517003042,ORL-4
500199517003043,ORL-4
500199517003044,ORL-4
500199517003045,ORL-4
500199517003046,ORL-4
500199517003047,ORL-4
500199517003048,ORL-4
500199517003049,ORL-4
500199517003050,ORL-4
500199517003051,ORL-4
500199517003052,ORL-4
500199517003053,ORL-4
500199517003054,ORL-4
500199517003055,ORL-4
500199517003056,ORL-4
500199517003057,ORL-4
500199517003058,ORL-4
500199517003059,ORL-4
500199517003060,ORL-4
500199517003061,ORL-4
500199517003062,ORL-4
500199517003063,ORL-4
500199517003064,ORL-4
500199517003065,ORL-4
500199517003066,ORL-4
500199517003067,ORL-4
500199517003068,ORL-4
500199517003069,ORL-4
500199517003070,ORL-4
500199517003071,ORL-4
500199517003072,ORL-4
500199517001000,ORL-LAM
500199517001001,ORL-LAM
500199517001002,ORL-LAM
500199517001003,ORL-LAM
500199517001004,ORL-LAM
500199517001005,ORL-LAM
500199517001006,ORL-LAM
500199517001007,ORL-LAM
500199517001008,ORL-LAM
500199517001009,ORL-LAM
500199517001010,ORL-LAM
500199517001011,ORL-LAM
500199517001012,ORL-LAM
500199517001013,ORL-LAM
500199517001014,ORL-LAM
500199517001015,ORL-LAM
500199517001016,ORL-LAM
500199517001017,ORL-LAM
500199517001018,ORL-LAM
500199517001019,ORL-LAM
500199517001020,ORL-LAM
500199517001021,ORL-LAM
500199517001022,ORL-LAM
500199517001023,ORL-LAM
500199517001024,ORL-LAM
500199517001025,ORL-LAM
500199517001026,ORL-LAM
500199517001027,ORL-LAM
500199517001028,ORL-LAM
500199517001029,ORL-LAM
500199517001030,ORL-LAM
500199517001031,ORL-LAM
500199517001032,ORL-LAM
500199517001033,ORL-LAM
500199517001034,ORL-LAM
500199517001035,ORL-LAM
500199517001036,ORL-LAM
500199517001037,ORL-LAM
500199517001038,ORL-LAM
500199517001039,ORL-LAM
500199517001040,ORL-LAM
500199517001041,ORL-LAM
500199517001042,ORL-LAM
500199517001043,ORL-LAM
500199517001044,ORL-LAM
500199517001045,ORL-LAM
500199517001046,ORL-LAM
500199517001047,ORL-LAM
500199517001048,ORL-LAM
500199517001049,ORL-LAM
500199517001050,ORL-LAM
500199517001051,ORL-LAM
500199517001052,ORL-LAM
500199517001053,ORL-LAM
500199517001054,ORL-LAM
500199517001055,ORL-LAM
500199517001056,ORL-LAM
500199516005042,ORL-LAM
500199516005043,ORL-LAM
500199516005044,ORL-LAM
500199516005045,ORL-LAM
500199516005046,ORL-LAM
500199516005047,ORL-LAM
500199516005048,ORL-LAM
500199516005049,ORL-LAM
500199516005050,ORL-LAM
500199516005051,ORL-LAM
500199516005053,ORL-LAM
500199516005054,ORL-LAM
500199516005055,ORL-LAM
500199516005056,ORL-LAM
500199516005057,ORL-LAM
500199516005058,ORL-LAM
500199516005059,ORL-LAM
500199516005060,ORL-LAM
500199516005061,ORL-LAM
500199516005062,ORL-LAM
500199516005063,ORL-LAM
500199516005064,ORL-LAM
500199516005065,ORL-LAM
500199516005066,ORL-LAM
500199516005067,ORL-LAM
500199516005068,ORL-LAM
500199516005069,ORL-LAM
500199516005070,ORL-LAM
500199516005071,ORL-LAM
500199516005072,ORL-LAM
500199516005073,ORL-LAM
500199516005074,ORL-LAM
500199516005075,ORL-LAM
500199516005076,ORL-LAM
500199516005077,ORL-LAM
500199516005078,ORL-LAM
500199516005079,ORL-LAM
500199516005080,ORL-LAM
500199516005081,ORL-LAM
500199516005082,ORL-LAM
500199516005083,ORL-LAM
500199516005084,ORL-LAM
500199516005085,ORL-LAM
500199516005086,ORL-LAM
500199516001000,ORL-LAM
500199516001001,ORL-LAM
500199516001002,ORL-LAM
500199516001003,ORL-LAM
500199516001004,ORL-LAM
500199516001005,ORL-LAM
500199516001006,ORL-LAM
500199516001007,ORL-LAM
500199516001008,ORL-LAM
500199516001009,ORL-LAM
500199516001010,ORL-LAM
500199516001011,ORL-LAM
500199516001012,ORL-LAM
500199516001013,ORL-LAM
500199516001014,ORL-LAM
500199516001015,ORL-LAM
500199516001016,ORL-LAM
500199516001017,ORL-LAM
500199516001018,ORL-LAM
500199516001019,ORL-LAM
500199516001020,ORL-LAM
500199516001021,ORL-LAM
500199516001022,ORL-LAM
500199516001023,ORL-LAM
500199516001024,ORL-LAM
500199516001025,ORL-LAM
500199516001026,ORL-LAM
500199516001027,ORL-LAM
500199516001028,ORL-LAM
500199516001029,ORL-LAM
500199516001030,ORL-LAM
500199516001031,ORL-LAM
500199516001032,ORL-LAM
500199516001033,ORL-LAM
500199516001034,ORL-LAM
500199516001035,ORL-LAM
500199516001036,ORL-LAM
500199516001037,ORL-LAM
500199516001038,ORL-LAM
500199516001039,ORL-LAM
500199516001040,ORL-LAM
500199516001041,ORL-LAM
500199516001042,ORL-LAM
500199516001043,ORL-LAM
500199516001044,ORL-LAM
500199516001045,ORL-LAM
500199516001046,ORL-LAM
500199516001047,ORL-LAM
500199516001048,ORL-LAM
500199516001049,ORL-LAM
500199516002000,ORL-LAM
500199516002001,ORL-LAM
500199516002002,ORL-LAM
500199516002003,ORL-LAM
500199516002004,ORL-LAM
500199516002005,ORL-LAM
500199516002006,ORL-LAM
500199516002007,ORL-LAM
500199516002008,ORL-LAM
500199516002009,ORL-LAM
500199516002010,ORL-LAM
500199516002011,ORL-LAM
500199516002012,ORL-LAM
500199516002013,ORL-LAM
500199516002014,ORL-LAM
500199516002015,ORL-LAM
500199516002016,ORL-LAM
500199516002017,ORL-LAM
500199516002018,ORL-LAM
500199516002019,ORL-LAM
500199516002020,ORL-LAM
500199516002021,ORL-LAM
500199516002022,ORL-LAM
500199516002023,ORL-LAM
500199516002024,ORL-LAM
500199516002025,ORL-LAM
500199516002026,ORL-LAM
500199516002027,ORL-LAM
500199516002028,ORL-LAM
500199516002029,ORL-LAM
500199516002030,ORL-LAM
500199516002031,ORL-LAM
500199516005000,ORL-LAM
500199516005001,ORL-LAM
500199516005002,ORL-LAM
500199516005003,ORL-LAM
500199516005004,ORL-LAM
500199516005005,ORL-LAM
500199516005006,ORL-LAM
500199516005007,ORL-LAM
500199516005008,ORL-LAM
500199516005009,ORL-LAM
500199516005010,ORL-LAM
500199516005011,ORL-LAM
500199516005012,ORL-LAM
500199516005013,ORL-LAM
500199516005014,ORL-LAM
500199516005015,ORL-LAM
500199516005016,ORL-LAM
500199516005017,ORL-LAM
500199516005018,ORL-LAM
500199516005019,ORL-LAM
500199516005020,ORL-LAM
500199516005021,ORL-LAM
500199516005022,ORL-LAM
500199516005023,ORL-LAM
500199516005024,ORL-LAM
500199516005025,ORL-LAM
500199516005026,ORL-LAM
500199516005027,ORL-LAM
500199516005028,ORL-LAM
500199516005029,ORL-LAM
500199516005030,ORL-LAM
500199516005031,ORL-LAM
500199516005032,ORL-LAM
500199516005033,ORL-LAM
500199516005034,ORL-LAM
500199516005035,ORL-LAM
500199516005036,ORL-LAM
500199516005037,ORL-LAM
500199516005038,ORL-LAM
500199516005039,ORL-LAM
500199516005040,ORL-LAM
500199516005041,ORL-LAM
500199516005052,ORL-LAM
500199516005087,ORL-LAM
500059578001000,CAL-WAS
500059578001001,CAL-WAS
500059578001002,CAL-WAS
500059578001003,CAL-WAS
500059578001004,CAL-WAS
500059578001005,CAL-WAS
500059578001006,CAL-WAS
500059578001007,CAL-WAS
500059578001008,CAL-WAS
500059578001009,CAL-WAS
500059578001010,CAL-WAS
500059578001011,CAL-WAS
500059578001012,CAL-WAS
500059578001013,CAL-WAS
500059578001014,CAL-WAS
500059578001015,CAL-WAS
500059578001016,CAL-WAS
500059578001017,CAL-WAS
500059578001018,CAL-WAS
500059578001019,CAL-WAS
500059578001020,CAL-WAS
500059578001021,CAL-WAS
500059578001022,CAL-WAS
500059578001023,CAL-WAS
500059578001024,CAL-WAS
500059578001025,CAL-WAS
500059578001026,CAL-WAS
500059578001027,CAL-WAS
500059578001028,CAL-WAS
500059578001029,CAL-WAS
500059578001030,CAL-WAS
500059578001031,CAL-WAS
500059578001032,CAL-WAS
500059578001033,CAL-WAS
500059578001034,CAL-WAS
500059578001035,CAL-WAS
500059578001036,CAL-WAS
500059578001037,CAL-WAS
500059578001038,CAL-WAS
500059578001039,CAL-WAS
500059578001040,CAL-WAS
500059578001041,CAL-WAS
500059578001042,CAL-WAS
500059578001043,CAL-WAS
500059578001044,CAL-WAS
500059578001045,CAL-WAS
500059578001046,CAL-WAS
500059578001047,CAL-WAS
500059578001048,CAL-WAS
500059578001049,CAL-WAS
500059578001050,CAL-WAS
500059578001051,CAL-WAS
500059578001052,CAL-WAS
500059578001053,CAL-WAS
500059578001054,CAL-WAS
500059578001055,CAL-WAS
500059578001056,CAL-WAS
500059578001057,CAL-WAS
500059578001058,CAL-WAS
500059578001059,CAL-WAS
500059578001060,CAL-WAS
500059578001061,CAL-WAS
500059578001062,CAL-WAS
500059578001063,CAL-WAS
500059578001064,CAL-WAS
500059578001065,CAL-WAS
500059578001066,CAL-WAS
500059578001067,CAL-WAS
500059578001068,CAL-WAS
500059578001069,CAL-WAS
500059578001070,CAL-WAS
500059578001071,CAL-WAS
500059578001072,CAL-WAS
500059578001073,CAL-WAS
500059578001074,CAL-WAS
500059578001075,CAL-WAS
500059578001076,CAL-WAS
500059578001077,CAL-WAS
500059578001078,CAL-WAS
500059579002000,CAL-1
500059579002001,CAL-1
500059579002002,CAL-1
500059579002003,CAL-1
500059579002004,CAL-1
500059579002005,CAL-1
500059579002006,CAL-1
500059579002007,CAL-1
500059579002008,CAL-1
500059579002009,CAL-1
500059579002010,CAL-1
500059579002011,CAL-1
500059579002012,CAL-1
500059579002013,CAL-1
500059579002014,CAL-1
500059579002015,CAL-1
500059579002016,CAL-1
500059579002017,CAL-1
500059579002018,CAL-1
500059579002019,CAL-1
500059579002020,CAL-1
500059579002021,CAL-1
500059579002022,CAL-1
500059579002023,CAL-1
500059579002024,CAL-1
500059579002025,CAL-1
500059579002026,CAL-1
500059579002027,CAL-1
500059579002028,CAL-1
500059579002029,CAL-1
500059579002030,CAL-1
500059579002031,CAL-1
500059579002032,CAL-1
500059579002033,CAL-1
500059579002034,CAL-1
500059579002035,CAL-1
500059579002036,CAL-1
500059579002037,CAL-1
500059579002038,CAL-1
500059579002039,CAL-1
500059579002040,CAL-1
500059579002041,CAL-1
500059579002042,CAL-1
500059579002043,CAL-1
500059579002044,CAL-1
500059579002045,CAL-1
500059579002046,CAL-1
500059579002047,CAL-1
500059579002048,CAL-1
500059579002049,CAL-1
500059579002050,CAL-1
500059579002051,CAL-1
500059579002052,CAL-1
500059579002053,CAL-1
500059579002054,CAL-1
500059579002055,CAL-1
500059579002056,CAL-1
500059579002057,CAL-1
500059579002058,CAL-1
500059579002059,CAL-1
500059579002060,CAL-1
500059579002061,CAL-1
500059579002062,CAL-1
500059579002063,CAL-1
500059579002064,CAL-1
500059579002065,CAL-1
500059579002066,CAL-1
500059579002067,CAL-1
500059579002068,CAL-1
500059579002069,CAL-1
500059579002070,CAL-1
500059579002071,CAL-1
500059579002072,CAL-1
500059579002073,CAL-1
500059579002074,CAL-1
500059579002075,CAL-1
500059579002076,CAL-1
500059579002077,CAL-1
500059579002078,CAL-1
500059579002079,CAL-1
500059579002080,CAL-1
500059579002081,CAL-1
500059579002082,CAL-1
500059579002083,CAL-1
500059579002084,CAL-1
500059579002085,CAL-1
500059579002086,CAL-1
500059579002087,CAL-1
500059579002088,CAL-1
500059579002089,CAL-1
500059579002090,CAL-1
500059579002091,CAL-1
500059579002092,CAL-1
500059579002093,CAL-1
500059579002094,CAL-1
500059579002095,CAL-1
500059579002096,CAL-1
500059579002097,CAL-1
500059579002098,CAL-1
500059579002099,CAL-1
500059579002100,CAL-1
500059579002101,CAL-1
500059579002102,CAL-1
500059579002103,CAL-1
500059579002104,CAL-1
500059579002105,CAL-1
500059579002106,CAL-1
500059579002107,CAL-1
500059579002108,CAL-1
500059579002109,CAL-1
500059579002110,CAL-1
500059579002111,CAL-1
500059579002112,CAL-1
500059579002113,CAL-1
500059579002114,CAL-1
500059579002115,CAL-1
500059579002116,CAL-1
500059579002117,CAL-1
500059579002118,CAL-1
500059579002119,CAL-1
500059579002120,CAL-1
500059579002121,CAL-1
500059579002122,CAL-1
500059579002123,CAL-1
500059579002124,CAL-1
500059579002125,CAL-1
500059579002126,CAL-1
500059579002127,CAL-1
500059579002128,CAL-1
500059579002129,CAL-1
500059579002130,CAL-1
500059579002131,CAL-1
500059579002132,CAL-1
500059579002133,CAL-1
500059579002134,CAL-1
500059579002135,CAL-1
500059579002136,CAL-1
500059579002137,CAL-1
500059579002138,CAL-1
500059579002139,CAL-1
500059579002140,CAL-1
500059579002141,CAL-1
500059579003000,CAL-1
500059579003001,CAL-1
500059579003002,CAL-1
500059579003003,CAL-1
500059579003004,CAL-1
500059579003005,CAL-1
500059579003006,CAL-1
500059579003007,CAL-1
500059579003008,CAL-1
500059579003009,CAL-1
500059579003010,CAL-1
500059579003011,CAL-1
500059579003012,CAL-1
500059579003013,CAL-1
500059579003014,CAL-1
500059579003015,CAL-1
500059579003016,CAL-1
500059579003017,CAL-1
500059579003018,CAL-1
500059579003019,CAL-1
500059579003020,CAL-1
500059579003021,CAL-1
500059579003022,CAL-1
500059579003023,CAL-1
500059579003024,CAL-1
500059579003025,CAL-1
500059579003026,CAL-1
500059579003027,CAL-1
500059579003028,CAL-1
500059579003029,CAL-1
500059579003030,CAL-1
500059579003031,CAL-1
500059579003032,CAL-1
500059579003033,CAL-1
500059579003034,CAL-1
500059579003035,CAL-1
500059579003036,CAL-1
500059579003037,CAL-1
500059579003038,CAL-1
500059579003039,CAL-1
500059579003040,CAL-1
500059579003041,CAL-1
500059579003042,CAL-1
500059579003043,CAL-1
500059579003044,CAL-1
500059579003045,CAL-1
500059579003046,CAL-1
500059579003047,CAL-1
500059579003048,CAL-1
500059579003049,CAL-1
500059579003050,CAL-1
500059579003051,CAL-1
500059579003052,CAL-1
500059579003053,CAL-1
500059579003054,CAL-1
500059579003055,CAL-1
500059579003056,CAL-1
500059579003057,CAL-1
500059579003058,CAL-1
500059579003059,CAL-1
500059579003060,CAL-1
500059579003061,CAL-1
500059579003062,CAL-1
500059579003063,CAL-1
500059579003064,CAL-1
500059579003065,CAL-1
500059579003066,CAL-1
500059579003067,CAL-1
500059579003068,CAL-1
500059579003069,CAL-1
500059579003070,CAL-1
500059579003071,CAL-1
500059579003072,CAL-1
500059579003073,CAL-1
500059579003074,CAL-1
500059579003075,CAL-1
500059579003076,CAL-1
500059579003077,CAL-1
500059579003078,CAL-1
500059579003079,CAL-1
500059579003080,CAL-1
500059579003081,CAL-1
500059579003082,CAL-1
500059579003083,CAL-1
500059579003084,CAL-1
500059579003085,CAL-1
500059579003086,CAL-1
500059578003000,CAL-1
500059578003001,CAL-1
500059578003002,CAL-1
500059578003003,CAL-1
500059578003004,CAL-1
500059578003005,CAL-1
500059578003006,CAL-1
500059578003007,CAL-1
500059578003008,CAL-1
500059578003009,CAL-1
500059578003010,CAL-1
500059578003011,CAL-1
500059578003012,CAL-1
500059578003013,CAL-1
500059578003014,CAL-1
500059578003015,CAL-1
500059578003016,CAL-1
500059578003017,CAL-1
500059578003018,CAL-1
500059578003019,CAL-1
500059578003020,CAL-1
500059578003021,CAL-1
500059578003022,CAL-1
500059578003023,CAL-1
500059578003024,CAL-1
500059578003025,CAL-1
500059578003026,CAL-1
500059578003027,CAL-1
500059578003028,CAL-1
500059578003029,CAL-1
500059578003030,CAL-1
500059578003031,CAL-1
500059578003032,CAL-1
500059578003033,CAL-1
500059578003034,CAL-1
500059578003035,CAL-1
500059578003036,CAL-1
500059578003037,CAL-1
500059578003038,CAL-1
500059578003039,CAL-1
500059578003040,CAL-1
500059578003041,CAL-1
500059578003042,CAL-1
500059578003043,CAL-1
500059578003044,CAL-1
500059578003045,CAL-1
500059578003046,CAL-1
500059578003047,CAL-1
500059578003048,CAL-1
500059578003049,CAL-1
500059578003050,CAL-1
500059578003051,CAL-1
500059578003052,CAL-1
500059578003053,CAL-1
500059578003054,CAL-1
500059578003055,CAL-1
500059578003056,CAL-1
500059578003057,CAL-1
500059578003058,CAL-1
500059578003059,CAL-1
500059578003060,CAL-1
500059578003061,CAL-1
500059578003062,CAL-1
500059578003063,CAL-1
500059578003064,CAL-1
500059578003065,CAL-1
500059578003066,CAL-1
500059578003067,CAL-1
500059578003068,CAL-1
500059578003069,CAL-1
500059578003070,CAL-1
500059578003071,CAL-1
500059578003072,CAL-1
500059578003073,CAL-1
500059578003074,CAL-1
500059578003075,CAL-1
500059578003076,CAL-1
500059578003077,CAL-1
500059578003078,CAL-1
500059578003079,CAL-1
500059578003080,CAL-1
500059578003081,CAL-1
500059578003082,CAL-1
500059578003083,CAL-1
500059578003084,CAL-1
500059578003085,CAL-1
500059578003086,CAL-1
500059578003087,CAL-1
500059578003088,CAL-1
500059578003089,CAL-1
500059578003090,CAL-1
500059578003091,CAL-1
500059578003092,CAL-1
500059578003093,CAL-1
500059578003094,CAL-1
500059578003095,CAL-1
500059578003096,CAL-1
500059578003097,CAL-1
500059578003098,CAL-1
500059578003099,CAL-1
500059578003100,CAL-1
500059578003101,CAL-1
500059578003102,CAL-1
500059578003103,CAL-1
500239540001000,CAL-WAS
500239540001001,CAL-WAS
500239540001002,CAL-WAS
500239540001003,CAL-WAS
500239540001004,CAL-WAS
500239540001005,CAL-WAS
500239540001006,CAL-WAS
500239540001007,CAL-WAS
500239540001008,CAL-WAS
500239540001009,CAL-WAS
500239540001010,CAL-WAS
500239540001011,CAL-WAS
500239540001012,CAL-WAS
500239540001013,CAL-WAS
500239540001014,CAL-WAS
500239540001015,CAL-WAS
500239540001016,CAL-WAS
500239540001017,CAL-WAS
500239540001018,CAL-WAS
500239540001019,CAL-WAS
500239540001020,CAL-WAS
500239540001021,CAL-WAS
500239540001022,CAL-WAS
500239540001023,CAL-WAS
500239540001024,CAL-WAS
500239540001025,CAL-WAS
500239540001026,CAL-WAS
500239540001027,CAL-WAS
500239540001028,CAL-WAS
500239540001029,CAL-WAS
500239540001030,CAL-WAS
500239540001031,CAL-WAS
500239540001032,CAL-WAS
500239540001033,CAL-WAS
500239540001034,CAL-WAS
500239540001035,CAL-WAS
500239540001036,CAL-WAS
500239540001037,CAL-WAS
500239540001038,CAL-WAS
500239540001039,CAL-WAS
500239540001040,CAL-WAS
500239540001041,CAL-WAS
500239540001042,CAL-WAS
500239540001043,CAL-WAS
500239540001044,CAL-WAS
500239540001045,CAL-WAS
500239540001046,CAL-WAS
500239540001047,CAL-WAS
500239540001048,CAL-WAS
500239540001049,CAL-WAS
500239540001050,CAL-WAS
500239540001051,CAL-WAS
500239540001052,CAL-WAS
500239540001053,CAL-WAS
500239540001054,CAL-WAS
500239540001055,CAL-WAS
500239540001056,CAL-WAS
500239540001057,CAL-WAS
500239540001058,CAL-WAS
500239540001059,CAL-WAS
500239540001060,CAL-WAS
500239540001061,CAL-WAS
500239540001062,CAL-WAS
500239540001063,CAL-WAS
500239540001064,CAL-WAS
500239540001065,CAL-WAS
500239540001066,CAL-WAS
500239540001067,CAL-WAS
500239540001068,CAL-WAS
500239540001069,CAL-WAS
500239540001070,CAL-WAS
500239540001071,CAL-WAS
500239540001072,CAL-WAS
500239540001073,CAL-WAS
500239540001074,CAL-WAS
500239540001075,CAL-WAS
500239540001076,CAL-WAS
500239540001077,CAL-WAS
500239540001078,CAL-WAS
500239540001079,CAL-WAS
500239540001080,CAL-WAS
500239540001081,CAL-WAS
500059576001000,CAL-WAS
500059576001001,CAL-WAS
500059576001002,CAL-WAS
500059576001003,CAL-WAS
500059576001004,CAL-WAS
500059576001005,CAL-WAS
500059576001006,CAL-WAS
500059576001007,CAL-WAS
500059576001008,CAL-WAS
500059576001009,CAL-WAS
500059576001010,CAL-WAS
500059576001011,CAL-WAS
500059576001012,CAL-WAS
500059576001013,CAL-WAS
500059576001014,CAL-WAS
500059576001015,CAL-WAS
500059576001016,CAL-WAS
500059576001017,CAL-WAS
500059576001018,CAL-WAS
500059576001019,CAL-WAS
500059576001020,CAL-WAS
500059576001021,CAL-WAS
500059576001022,CAL-WAS
500059576001023,CAL-WAS
500059576001024,CAL-WAS
500059576001025,CAL-WAS
500059576001026,CAL-WAS
500059576001027,CAL-WAS
500059576001028,CAL-WAS
500059576001029,CAL-WAS
500059576001030,CAL-WAS
500059576001031,CAL-WAS
500059576001032,CAL-WAS
500059576001033,CAL-WAS
500059576001034,CAL-WAS
500059576001035,CAL-WAS
500059576001036,CAL-WAS
500059576001037,CAL-WAS
500059576001038,CAL-WAS
500059576001039,CAL-WAS
500059576001040,CAL-WAS
500059576001041,CAL-WAS
500059576001042,CAL-WAS
500059576001043,CAL-WAS
500059576001044,CAL-WAS
500059576001045,CAL-WAS
500059576001046,CAL-WAS
500059576001047,CAL-WAS
500059576001048,CAL-WAS
500059576001049,CAL-WAS
500059576001050,CAL-WAS
500059576001051,CAL-WAS
500059576001052,CAL-WAS
500059576001053,CAL-WAS
500059576001054,CAL-WAS
500059576001055,CAL-WAS
500059576001056,CAL-WAS
500059576001057,CAL-WAS
500059576001058,CAL-WAS
500059576001059,CAL-WAS
500059576001060,CAL-WAS
500059576001061,CAL-WAS
500059576001062,CAL-WAS
500059576001063,CAL-WAS
500059576001064,CAL-WAS
500059576001065,CAL-WAS
500059576001066,CAL-WAS
500059576001067,CAL-WAS
500059576001068,CAL-WAS
500059576001069,CAL-WAS
500059576001070,CAL-WAS
500059576002000,CAL-WAS
500059576002001,CAL-WAS
500059576002002,CAL-WAS
500059576002003,CAL-WAS
500059576002004,CAL-WAS
500059576002005,CAL-WAS
500059576002006,CAL-WAS
500059576002007,CAL-WAS
500059576002008,CAL-WAS
500059576002009,CAL-WAS
500059576002010,CAL-WAS
500059576002011,CAL-WAS
500059576002012,CAL-WAS
500059576002013,CAL-WAS
500059576002014,CAL-WAS
500059576002015,CAL-WAS
500059576002016,CAL-WAS
500059576002017,CAL-WAS
500059576002018,CAL-WAS
500059576002019,CAL-WAS
500059576002020,CAL-WAS
500059576002021,CAL-WAS
500059576002022,CAL-WAS
500059576002023,CAL-WAS
500059576002024,CAL-WAS
500059576002025,CAL-WAS
500059576002026,CAL-WAS
500059576002027,CAL-WAS
500059576002028,CAL-WAS
500059576002029,CAL-WAS
500059576002030,CAL-WAS
500059576002031,CAL-WAS
500059576002032,CAL-WAS
500059576002033,CAL-WAS
500059576002034,CAL-WAS
500059576002035,CAL-WAS
500059576002036,CAL-WAS
500059576002037,CAL-WAS
500059576002038,CAL-WAS
500059576002039,CAL-WAS
500059576002040,CAL-WAS
500059576002041,CAL-WAS
500059576002042,CAL-WAS
500059576002043,CAL-WAS
500059576002044,CAL-WAS
500059576002045,CAL-WAS
500059576002046,CAL-WAS
500059576002047,CAL-WAS
500059576002048,CAL-WAS
500059576002049,CAL-WAS
500059576002050,CAL-WAS
500059576002051,CAL-WAS
500059576002052,CAL-WAS
500059576002053,CAL-WAS
500059576002054,CAL-WAS
500059576002055,CAL-WAS
500059576002056,CAL-WAS
500059576002057,CAL-WAS
500059576002058,CAL-WAS
500059576002059,CAL-WAS
500059576002060,CAL-WAS
500059576002061,CAL-WAS
500059576002062,CAL-WAS
500059576002063,CAL-WAS
500059576002064,CAL-WAS
500059576002065,CAL-WAS
500059576002066,CAL-WAS
500059576002067,CAL-WAS
500059576002068,CAL-WAS
500059576002069,CAL-WAS
500059576002070,CAL-WAS
500059576002071,CAL-WAS
500059576002072,CAL-WAS
500059576002073,CAL-WAS
500059576002074,CAL-WAS
500059576002075,CAL-WAS
500059576002076,CAL-WAS
500059570002000,CAL-2
500059570002001,CAL-2
500059570002002,CAL-2
500059570002003,CAL-2
500059570002004,CAL-2
500059570002005,CAL-2
500059570002006,CAL-2
500059570002007,CAL-2
500059570002008,CAL-2
500059570002009,CAL-2
500059570002010,CAL-2
500059570002011,CAL-2
500059570002012,CAL-2
500059570002013,CAL-2
500059570002014,CAL-2
500059570002015,CAL-2
500059570002016,CAL-2
500059570002017,CAL-2
500059570002018,CAL-2
500059570002019,CAL-2
500059570002020,CAL-2
500059570002021,CAL-2
500059570002022,CAL-2
500059570002023,CAL-2
500059570002024,CAL-2
500059570002025,CAL-2
500059570002026,CAL-2
500059570002027,CAL-2
500059570002028,CAL-2
500059570002029,CAL-2
500059570002030,CAL-2
500059570002031,CAL-2
500059570002032,CAL-2
500059570002033,CAL-2
500059570002034,CAL-2
500059570002035,CAL-2
500059570002036,CAL-2
500059570002037,CAL-2
500059570002038,CAL-2
500059570002039,CAL-2
500059570002040,CAL-2
500059570002041,CAL-2
500059570002042,CAL-2
500059570002043,CAL-2
500059570002044,CAL-2
500059570002045,CAL-2
500059570002046,CAL-2
500059570002047,CAL-2
500059570002048,CAL-2
500059570002049,CAL-2
500059570002050,CAL-2
500059570002051,CAL-2
500059570002052,CAL-2
500059570002053,CAL-2
500059570002054,CAL-2
500059570002055,CAL-2
500059570002056,CAL-2
500059570002057,CAL-2
500059570002058,CAL-2
500059570002059,CAL-2
500059570002060,CAL-2
500059570002061,CAL-2
500059570002062,CAL-2
500059570002063,CAL-2
500059570002064,CAL-2
500059570002065,CAL-2
500059570002066,CAL-2
500059570002067,CAL-2
500059570002068,CAL-2
500059570002069,CAL-2
500059570002070,CAL-2
500059570002071,CAL-2
500059570002072,CAL-2
500059570002073,CAL-2
500059570002074,CAL-2
500059570002075,CAL-2
500059570002076,CAL-2
500199514001000,ORL-2
500199514001001,ORL-2
500199514001002,ORL-2
500199514001003,ORL-2
500199514001004,ORL-2
500199514001005,ORL-2
500199514001006,ORL-2
500199514001007,ORL-2
500199514001008,ORL-2
500199514001009,ORL-2
500199514001010,ORL-2
500199514001011,ORL-2
500199514001012,ORL-2
500199514001013,ORL-2
500199514001014,ORL-2
500199514001015,ORL-2
500199514001016,ORL-2
500199514001017,ORL-2
500199514001018,ORL-2
500199514001019,ORL-2
500199514001020,ORL-2
500199514001021,ORL-2
500199514001022,ORL-2
500199514001023,ORL-2
500199514001024,ORL-2
500199514001025,ORL-2
500199514001026,ORL-2
500199514001027,ORL-2
500199514001028,ORL-2
500199514001029,ORL-2
500199514001030,ORL-2
500199514001031,ORL-2
500199514001032,ORL-2
500199514002000,ORL-2
500199514002001,ORL-2
500199514002002,ORL-2
500199514002003,ORL-2
500199514002004,ORL-2
500199514002005,ORL-2
500199514002006,ORL-2
500199514003000,ORL-2
500199514003001,ORL-2
500199514003002,ORL-2
500199514003003,ORL-2
500199514003004,ORL-2
500199514003005,ORL-2
500199514003006,ORL-2
500199514003007,ORL-2
500199514003008,ORL-2
500199514003009,ORL-2
500199514003010,ORL-2
500199514003011,ORL-2
500199514003012,ORL-2
500199514003013,ORL-2
500199514003014,ORL-2
500199514003015,ORL-2
500199514003016,ORL-2
500199514003017,ORL-2
500199514003018,ORL-2
500199514003019,ORL-2
500199514003020,ORL-2
500199514003021,ORL-2
500199514003022,ORL-2
500199514003023,ORL-2
500199514003024,ORL-2
500199514003025,ORL-2
500199514003026,ORL-2
500199514003027,ORL-2
500199514003028,ORL-2
500199514003029,ORL-2
500199515001000,ORL-2
500199515001001,ORL-2
500199515001002,ORL-2
500199515001003,ORL-2
500199515001004,ORL-2
500199515001005,ORL-2
500199515001006,ORL-2
500199515001007,ORL-2
500199515001008,ORL-2
500199515001009,ORL-2
500199515001010,ORL-2
500199515001011,ORL-2
500199515001012,ORL-2
500199515001013,ORL-2
500199515001014,ORL-2
500199515001015,ORL-2
500199515001016,ORL-2
500199515001017,ORL-2
500199515001018,ORL-2
500199515001019,ORL-2
500199515001020,ORL-2
500199515001021,ORL-2
500199515001022,ORL-2
500199515001023,ORL-2
500199515001024,ORL-2
500199515001025,ORL-2
500199515001026,ORL-2
500199515001027,ORL-2
500199515001028,ORL-2
500199515001029,ORL-2
500199515002000,ORL-2
500199515002001,ORL-2
500199515002002,ORL-2
500199515002003,ORL-2
500199515002004,ORL-2
500199515002005,ORL-2
500199515002006,ORL-2
500199515002007,ORL-2
500199515002008,ORL-2
500199515002009,ORL-2
500199515002010,ORL-2
500199515002011,ORL-2
500199515002012,ORL-2
500199515002013,ORL-2
500199515002014,ORL-2
500199515002015,ORL-2
500199515002016,ORL-2
500199515002017,ORL-2
500199515002018,ORL-2
500199515002019,ORL-2
500199515002020,ORL-2
500199515002021,ORL-2
500199515002022,ORL-2
500199515002023,ORL-2
500099505001033,ESX-CAL
500099505001052,ESX-CAL
500099505001053,ESX-CAL
500099505001054,ESX-CAL
500099505001055,ESX-CAL
500099505001056,ESX-CAL
500099505001057,ESX-CAL
500099505001058,ESX-CAL
500099505001059,ESX-CAL
500099505001060,ESX-CAL
500099505001061,ESX-CAL
500099505001062,ESX-CAL
500099505001063,ESX-CAL
500099505001064,ESX-CAL
500099505001065,ESX-CAL
500099505001066,ESX-CAL
500099505001068,ESX-CAL
500099505001070,ESX-CAL
500099505001071,ESX-CAL
500099505001117,ESX-CAL
500099505001118,ESX-CAL
500099505001120,ESX-CAL
500099505001121,ESX-CAL
500099505001122,ESX-CAL
500099505001123,ESX-CAL
500099505001124,ESX-CAL
500099505001125,ESX-CAL
500099505001126,ESX-CAL
500099505001127,ESX-CAL
500099505001135,ESX-CAL
500099505001142,ESX-CAL
500099505001143,ESX-CAL
500199520001000,ORL-4
500199520001001,ORL-4
500199520001002,ORL-4
500199520001003,ORL-4
500199520001004,ORL-4
500199520001005,ORL-4
500199520001006,ORL-4
500199520001007,ORL-4
500199520001008,ORL-4
500199520001009,ORL-4
500199520001010,ORL-4
500199520001011,ORL-4
500199520001012,ORL-4
500199520001013,ORL-4
500199520001014,ORL-4
500199520001015,ORL-4
500199520001016,ORL-4
500199520001017,ORL-4
500199520001018,ORL-4
500199520001019,ORL-4
500199520001020,ORL-4
500199520001021,ORL-4
500199520001022,ORL-4
500199520001023,ORL-4
500199520001024,ORL-4
500199520001025,ORL-4
500199520001026,ORL-4
500199520001027,ORL-4
500199520001028,ORL-4
500199520001029,ORL-4
500199520001030,ORL-4
500199520001031,ORL-4
500199520001032,ORL-4
500199520001033,ORL-4
500199520001034,ORL-4
500199520001035,ORL-4
500199520001036,ORL-4
500199520001037,ORL-4
500199520001038,ORL-4
500199520001039,ORL-4
500199520001040,ORL-4
500199520001041,ORL-4
500199520001042,ORL-4
500199520001043,ORL-4
500199520001044,ORL-4
500199520001045,ORL-4
500199520001046,ORL-4
500199520001047,ORL-4
500199520001048,ORL-4
500199520001049,ORL-4
500199520001050,ORL-4
500199520001051,ORL-4
500199520001052,ORL-4
500199520001053,ORL-4
500199520001054,ORL-4
500199520001055,ORL-4
500199520001056,ORL-4
500199520001057,ORL-4
500199520001058,ORL-4
500199520001059,ORL-4
500199520001060,ORL-4
500199520001061,ORL-4
500199520001062,ORL-4
500199520001063,ORL-4
500199520001064,ORL-4
500199520001065,ORL-4
500199520001066,ORL-4
500199520001067,ORL-4
500070029002000,CHI-3
500070029002001,CHI-3
500070029002002,CHI-3
500070029002003,CHI-3
500070029002004,CHI-3
500070029002005,CHI-3
500070029002006,CHI-3
500070029002007,CHI-3
500070029002008,CHI-3
500070029002009,CHI-3
500070029002010,CHI-3
500070029002011,CHI-3
500070029002012,CHI-3
500070029002013,CHI-3
500070029002014,CHI-3
500070029002015,CHI-3
500070029002016,CHI-3
500070029002017,CHI-3
500070029002018,CHI-3
500070029002019,CHI-3
500070029002020,CHI-3
500070029002021,CHI-3
500070029002022,CHI-3
500070029002023,CHI-3
500070029002024,CHI-3
500070029002025,CHI-3
500070029002026,CHI-3
500070029002027,CHI-3
500070029002028,CHI-3
500070029002029,CHI-3
500070029002030,CHI-3
500070029002031,CHI-3
500070029002032,CHI-3
500070029002033,CHI-3
500070029002034,CHI-3
500070029002035,CHI-3
500070029002036,CHI-3
500070029002037,CHI-3
500070029002038,CHI-3
500070029002039,CHI-3
500070029002040,CHI-3
500070029002041,CHI-3
500070029002042,CHI-3
500070029003000,CHI-3
500070029003001,CHI-3
500070029003002,CHI-3
500070029006000,CHI-3
500070029006001,CHI-3
500070029006002,CHI-3
500070029006003,CHI-3
500070029006004,CHI-3
500070029006005,CHI-3
500070029006006,CHI-3
500070029006007,CHI-3
500070029006008,CHI-3
500070029006009,CHI-3
500070029006010,CHI-3
500070029006011,CHI-3
500070029006012,CHI-3
500070029006013,CHI-3
500070029006014,CHI-3
500070029006015,CHI-3
500070029006016,CHI-3
500070029006017,CHI-3
500070029006018,CHI-3
500070029006019,CHI-3
500070029006020,CHI-3
500070029006021,CHI-3
500070029006022,CHI-3
500070029006023,CHI-3
500070029006024,CHI-3
500070029006025,CHI-3
500070029006026,CHI-3
500070029006027,CHI-3
500070029006028,CHI-3
500070029006029,CHI-3
500070029006030,CHI-3
500070029006031,CHI-3
500070029006032,CHI-3
500070029006033,CHI-3
500070029006034,CHI-3
500070029006035,CHI-3
500070029006036,CHI-3
500070029006037,CHI-3
500070029006038,CHI-3
500070029006039,CHI-3
500070029006040,CHI-3
500070029006041,CHI-3
500070029006042,CHI-3
500070029006043,CHI-3
500070029006044,CHI-3
500070029006045,CHI-3
500070029006046,CHI-3
500159531001000,LAM-3
500159531001001,LAM-3
500159531001002,LAM-3
500159531001003,LAM-3
500159531001004,LAM-3
500159531001005,LAM-3
500159531001006,LAM-3
500159531001007,LAM-3
500159531001008,LAM-3
500159531001009,LAM-3
500159531001010,LAM-3
500159531001011,LAM-3
500159531001012,LAM-3
500159531001013,LAM-3
500159531001014,LAM-3
500159531001015,LAM-3
500159531001016,LAM-3
500159531001017,LAM-3
500159531001018,LAM-3
500159531001019,LAM-3
500159531001020,LAM-3
500159531001021,LAM-3
500159531001022,LAM-3
500159531001023,LAM-3
500159531001024,LAM-3
500159531001025,LAM-3
500159531001026,LAM-3
500159531001027,LAM-3
500159531001028,LAM-3
500159531001029,LAM-3
500159531001030,LAM-3
500159531001031,LAM-3
500159531001032,LAM-3
500159531001033,LAM-3
500159531001034,LAM-3
500159531001035,LAM-3
500159531001036,LAM-3
500159531001037,LAM-3
500159531001038,LAM-3
500159531001039,LAM-3
500159531001040,LAM-3
500159531001041,LAM-3
500159531001042,LAM-3
500159531001043,LAM-3
500159531001044,LAM-3
500159531001045,LAM-3
500159531001046,LAM-3
500159531001047,LAM-3
500159531001048,LAM-3
500159531001049,LAM-3
500159531001050,LAM-3
500159531001051,LAM-3
500159531001052,LAM-3
500159531001053,LAM-3
500159531001054,LAM-3
500159531001055,LAM-3
500159531001056,LAM-3
500159531001057,LAM-3
500159531001058,LAM-3
500159531001059,LAM-3
500159531001060,LAM-3
500159531001061,LAM-3
500159531001062,LAM-3
500159531001063,LAM-3
500159531001064,LAM-3
500159531001065,LAM-3
500159531001066,LAM-3
500159531001067,LAM-3
500159531001068,LAM-3
500159531001069,LAM-3
500159531001070,LAM-3
500159531001071,LAM-3
500159531001072,LAM-3
500159531001073,LAM-3
500159531001074,LAM-3
500159531001075,LAM-3
500159531001076,LAM-3
500159531001077,LAM-3
500159531001078,LAM-3
500159531001079,LAM-3
500159531001080,LAM-3
500159531001081,LAM-3
500159531001082,LAM-3
500159531001083,LAM-3
500159531001084,LAM-3
500159531001085,LAM-3
500159531001086,LAM-3
500159531001087,LAM-3
500159531001088,LAM-3
500159531001089,LAM-3
500159531001090,LAM-3
500159531001091,LAM-3
500159531001092,LAM-3
500159531001093,LAM-3
500159531001094,LAM-3
500159531001095,LAM-3
500159531001096,LAM-3
500159531001097,LAM-3
500159531001098,LAM-3
500159531001099,LAM-3
500159531001100,LAM-3
500159531001101,LAM-3
500159531001102,LAM-3
500159531001103,LAM-3
500159531001104,LAM-3
500159531002000,LAM-3
500159531002001,LAM-3
500159531002002,LAM-3
500159531002003,LAM-3
500159531002004,LAM-3
500159531002005,LAM-3
500159531002006,LAM-3
500159531002007,LAM-3
500159531002008,LAM-3
500159531002009,LAM-3
500159531002010,LAM-3
500159531002011,LAM-3
500159531002012,LAM-3
500159531002013,LAM-3
500159531002014,LAM-3
500159531002015,LAM-3
500159531002016,LAM-3
500159531002017,LAM-3
500159531002018,LAM-3
500159531002019,LAM-3
500159531002020,LAM-3
500159531002021,LAM-3
500159531002022,LAM-3
500159531002023,LAM-3
500159531002024,LAM-3
500159531002025,LAM-3
500159531002026,LAM-3
500159531002027,LAM-3
500159531002028,LAM-3
500159531002029,LAM-3
500159531002030,LAM-3
500159531002031,LAM-3
500159531002032,LAM-3
500159531002033,LAM-3
500159531002034,LAM-3
500159531002035,LAM-3
500159531002036,LAM-3
500159531002037,LAM-3
500159531002038,LAM-3
500159531002039,LAM-3
500159531002040,LAM-3
500159531002041,LAM-3
500159531002042,LAM-3
500159531002043,LAM-3
500159531002044,LAM-3
500159531002045,LAM-3
500159531002046,LAM-3
500159531002047,LAM-3
500159531002048,LAM-3
500159531002049,LAM-3
500159531002050,LAM-3
500159531002051,LAM-3
500159531002052,LAM-3
500159531002053,LAM-3
500159531002054,LAM-3
500159531002055,LAM-3
500159531002056,LAM-3
500159531002057,LAM-3
500159531002058,LAM-3
500159531002059,LAM-3
500159531002060,LAM-3
500159531002061,LAM-3
500159531002062,LAM-3
500159531002063,LAM-3
500159531002064,LAM-3
500159531002065,LAM-3
500159531002066,LAM-3
500159531002067,LAM-3
500159531002068,LAM-3
500159531002069,LAM-3
500159531002070,LAM-3
500159531002071,LAM-3
500159531002072,LAM-3
500159531002073,LAM-3
500159531002074,LAM-3
500159531002075,LAM-3
500159531002076,LAM-3
500199517002000,ORL-LAM
500199517002001,ORL-LAM
500199517002002,ORL-LAM
500199517002003,ORL-LAM
500199517002004,ORL-LAM
500199517002005,ORL-LAM
500199517002006,ORL-LAM
500199517002007,ORL-LAM
500199517002008,ORL-LAM
500199517002009,ORL-LAM
500199517002010,ORL-LAM
500199517002011,ORL-LAM
500199517002012,ORL-LAM
500199517002013,ORL-LAM
500199517002014,ORL-LAM
500199517002015,ORL-LAM
500199517002016,ORL-LAM
500199517002017,ORL-LAM
500199517002018,ORL-LAM
500199517002019,ORL-LAM
500199517002020,ORL-LAM
500199517002021,ORL-LAM
500199517002022,ORL-LAM
500199517002023,ORL-LAM
500199517002024,ORL-LAM
500199517002025,ORL-LAM
500199517002026,ORL-LAM
500199517002027,ORL-LAM
500199517002028,ORL-LAM
500199517002029,ORL-LAM
500199517002030,ORL-LAM
500199517002031,ORL-LAM
500199517002032,ORL-LAM
500199517002033,ORL-LAM
500199517002034,ORL-LAM
500199517002035,ORL-LAM
500199517002036,ORL-LAM
500199517002037,ORL-LAM
500199517002038,ORL-LAM
500199517002039,ORL-LAM
500199517002040,ORL-LAM
500199517002041,ORL-LAM
500199517002042,ORL-LAM
500199517002043,ORL-LAM
500199517002044,ORL-LAM
500199517002045,ORL-LAM
500199517002046,ORL-LAM
500199517002047,ORL-LAM
500199517002048,ORL-LAM
500199517002049,ORL-LAM
500199517002050,ORL-LAM
500199517002051,ORL-LAM
500199517002052,ORL-LAM
500199517002053,ORL-LAM
500199517002054,ORL-LAM
500199517002055,ORL-LAM
500199517002056,ORL-LAM
500199517002057,ORL-LAM
500199517002058,ORL-LAM
500199517002059,ORL-LAM
500199517002060,ORL-LAM
500199517002061,ORL-LAM
500199517002062,ORL-LAM
500199517002063,ORL-LAM
500199517002064,ORL-LAM
500199517002065,ORL-LAM
500199517002066,ORL-LAM
500199517002067,ORL-LAM
500199517002068,ORL-LAM
500199517002069,ORL-LAM
500199517002070,ORL-LAM
500199517002071,ORL-LAM
500199517002072,ORL-LAM
500199517002073,ORL-LAM
500199517002074,ORL-LAM
500199517002075,ORL-LAM
500199517002076,ORL-LAM
500199517002077,ORL-LAM
500199517002078,ORL-LAM
500199517002079,ORL-LAM
500199517002080,ORL-LAM
500199517002081,ORL-LAM
500159534001046,LAM-WAS
500159534001050,LAM-WAS
500159534001051,LAM-WAS
500159534001052,LAM-WAS
500159534001053,LAM-WAS
500159534001055,LAM-WAS
500159534001056,LAM-WAS
500159534001057,LAM-WAS
500159534001058,LAM-WAS
500159534001059,LAM-WAS
500159534001060,LAM-WAS
500159534001061,LAM-WAS
500159534001062,LAM-WAS
500159534001063,LAM-WAS
500159534001064,LAM-WAS
500159534001065,LAM-WAS
500159534001066,LAM-WAS
500159534001067,LAM-WAS
500159534001068,LAM-WAS
500159534001069,LAM-WAS
500159534001070,LAM-WAS
500159534001071,LAM-WAS
500159534001072,LAM-WAS
500159534001089,LAM-WAS
500159534001090,LAM-WAS
500159534001091,LAM-WAS
500159534001092,LAM-WAS
500159534001093,LAM-WAS
500159534001094,LAM-WAS
500159534001099,LAM-WAS
500159534001100,LAM-WAS
500159534001101,LAM-WAS
500159534001102,LAM-WAS
500159534001106,LAM-WAS
500159534001107,LAM-WAS
500159534001108,LAM-WAS
500159534001109,LAM-WAS
500239540003000,WAS-6
500239540003001,WAS-6
500239540003002,WAS-6
500239540003003,WAS-6
500239540003004,WAS-6
500239540003005,WAS-6
500239540003006,WAS-6
500239540003007,WAS-6
500239540003008,WAS-6
500239540003009,WAS-6
500239540003010,WAS-6
500239540003011,WAS-6
500239540003012,WAS-6
500239540003013,WAS-6
500239540003014,WAS-6
500239540003015,WAS-6
500239540003016,WAS-6
500239540003017,WAS-6
500239540003018,WAS-6
500239540003019,WAS-6
500239540003020,WAS-6
500239540003021,WAS-6
500239540003022,WAS-6
500239540003023,WAS-6
500239540003024,WAS-6
500239540003025,WAS-6
500239540003026,WAS-6
500239540003027,WAS-6
500239540003028,WAS-6
500239540003029,WAS-6
500239540003030,WAS-6
500239540003031,WAS-6
500239540003032,WAS-6
500239540003033,WAS-6
500239540003034,WAS-6
500239540003035,WAS-6
500239540003036,WAS-6
500239540003037,WAS-6
500239540003038,WAS-6
500239540003039,WAS-6
500239540003040,WAS-6
500239540003041,WAS-6
500239540003042,WAS-6
500239540003043,WAS-6
500239540003044,WAS-6
500239540003045,WAS-6
500239540003046,WAS-6
500239540003047,WAS-6
500239540003048,WAS-6
500239540003049,WAS-6
500239540003050,WAS-6
500239540003051,WAS-6
500239540003052,WAS-6
500239540003053,WAS-6
500239540003054,WAS-6
500239540003055,WAS-6
500239540003056,WAS-6
500239540003057,WAS-6
500239540003058,WAS-6
500199519002018,ORL-3
500199519002019,ORL-3
500199519002020,ORL-3
500199519002021,ORL-3
500199519002022,ORL-3
500199519002023,ORL-3
500199519002024,ORL-3
500199519002025,ORL-3
500199519002026,ORL-3
500199519002027,ORL-3
500199519002028,ORL-3
500199519002029,ORL-3
500199519002030,ORL-3
500199519002056,ORL-3
500199519002057,ORL-3
500199519002058,ORL-3
500199519002059,ORL-3
500199519002060,ORL-3
500199519002061,ORL-3
500199519002062,ORL-3
500199519002063,ORL-3
500199519002064,ORL-3
500199519002065,ORL-3
500199519002066,ORL-3
500199519002067,ORL-3
500199519002068,ORL-3
500199519002069,ORL-3
500199519002070,ORL-3
500199519002071,ORL-3
500199519002072,ORL-3
500199519002073,ORL-3
500199519002074,ORL-3
500199519002075,ORL-3
500199519002076,ORL-3
500199519002079,ORL-3
500199519002080,ORL-3
500199519002081,ORL-3
500199518001000,ORL-3
500199518001001,ORL-3
500199518001002,ORL-3
500199518001003,ORL-3
500199518001004,ORL-3
500199518001005,ORL-3
500199518001006,ORL-3
500199518001007,ORL-3
500199518001008,ORL-3
500199518001009,ORL-3
500199518001010,ORL-3
500199518001011,ORL-3
500199518001012,ORL-3
500199518001013,ORL-3
500199518001014,ORL-3
500199518001015,ORL-3
500199518001016,ORL-3
500199518001017,ORL-3
500199518001018,ORL-3
500199518001019,ORL-3
500199518001020,ORL-3
500199518001021,ORL-3
500199518001022,ORL-3
500199518001023,ORL-3
500199518001024,ORL-3
500199518001025,ORL-3
500199518001026,ORL-3
500199518001027,ORL-3
500199518001028,ORL-3
500199518001029,ORL-3
500199518001030,ORL-3
500199518001031,ORL-3
500199518001032,ORL-3
500199518001033,ORL-3
500199518001034,ORL-3
500199518001035,ORL-3
500199518001036,ORL-3
500199518001037,ORL-3
500199518001038,ORL-3
500199518001039,ORL-3
500199518001040,ORL-3
500199518001041,ORL-3
500199518001042,ORL-3
500199518001043,ORL-3
500199518001044,ORL-3
500199518001045,ORL-3
500199518001046,ORL-3
500199518001047,ORL-3
500199518001048,ORL-3
500199518001049,ORL-3
500199518001050,ORL-3
500199518001051,ORL-3
500199518001052,ORL-3
500199518001053,ORL-3
500199518001054,ORL-3
500199518002000,ORL-3
500199518002001,ORL-3
500199518002002,ORL-3
500199518002003,ORL-3
500199518002004,ORL-3
500199518002005,ORL-3
500199518002006,ORL-3
500199518002007,ORL-3
500199518002008,ORL-3
500199518002009,ORL-3
500199518002010,ORL-3
500199518002011,ORL-3
500199518002012,ORL-3
500199518002013,ORL-3
500199518002014,ORL-3
500199518002015,ORL-3
500199518002016,ORL-3
500199518002017,ORL-3
500199518002018,ORL-3
500199518002019,ORL-3
500199518002020,ORL-3
500199518002021,ORL-3
500199518002022,ORL-3
500199518002023,ORL-3
500199518002024,ORL-3
500199518002025,ORL-3
500199518002026,ORL-3
500199518002027,ORL-3
500199518002028,ORL-3
500199518002029,ORL-3
500199518002030,ORL-3
500199518002031,ORL-3
500199518002032,ORL-3
500199518002033,ORL-3
500199518002034,ORL-3
500199518002035,ORL-3
500199518002036,ORL-3
500199518002037,ORL-3
500199518002038,ORL-3
500199518002039,ORL-3
500199518002040,ORL-3
500199518002041,ORL-3
500199518002042,ORL-3
500199518002043,ORL-3
500199518002044,ORL-3
500199518002045,ORL-3
500199518002046,ORL-3
500199518002047,ORL-3
500199518002048,ORL-3
500199518002049,ORL-3
500199518002050,ORL-3
500199518002051,ORL-3
500199518002052,ORL-3
500199518002053,ORL-3
500199518002054,ORL-3
500199518002055,ORL-3
500199518002056,ORL-3
500199518002057,ORL-3
500199518002058,ORL-3
500199518002059,ORL-3
500199518002060,ORL-3
500199518002061,ORL-3
500199518002062,ORL-3
500199518002063,ORL-3
500199518002064,ORL-3
500199518002065,ORL-3
500199518002066,ORL-3
500199518003000,ORL-3
500199518003001,ORL-3
500199518003002,ORL-3
500199518003003,ORL-3
500199518003004,ORL-3
500199518003005,ORL-3
500199518003006,ORL-3
500199518003007,ORL-3
500199518003008,ORL-3
500199518003009,ORL-3
500199518003010,ORL-3
500199518003011,ORL-3
500199518003012,ORL-3
500199518003013,ORL-3
500199518003014,ORL-3
500199518003015,ORL-3
500199518003016,ORL-3
500199518003017,ORL-3
500199518003018,ORL-3
500199518003019,ORL-3
500199518003020,ORL-3
500199518003021,ORL-3
500199518003022,ORL-3
500199518003023,ORL-3
500199518003024,ORL-3
500199518003025,ORL-3
500199518003026,ORL-3
500199518003027,ORL-3
500199518003028,ORL-3
500199518003029,ORL-3
500199518003030,ORL-3
500199518003031,ORL-3
500199518003032,ORL-3
500199518003033,ORL-3
500199518003034,ORL-3
500199518003035,ORL-3
500199518003036,ORL-3
500199518003037,ORL-3
500199518003038,ORL-3
500199518003039,ORL-3
500199518003040,ORL-3
500199518003041,ORL-3
500199518003042,ORL-3
500199518003043,ORL-3
500199518003044,ORL-3
500199518003045,ORL-3
500199518003046,ORL-3
500199518003047,ORL-3
500199518003048,ORL-3
500199518003049,ORL-3
500199518003050,ORL-3
500199518003051,ORL-3
500199518003052,ORL-3
500199518003053,ORL-3
500199518003054,ORL-3
500199518003055,ORL-3
500199518003056,ORL-3
500199518003057,ORL-3
500199518003058,ORL-3
500199518003059,ORL-3
500199518003060,ORL-3
500199518003061,ORL-3
500199518003062,ORL-3
500199518003063,ORL-3
500199518003064,ORL-3
500199518003065,ORL-3
500199518003066,ORL-3
500199518003067,ORL-3
500199518003068,ORL-3
500199518003069,ORL-3
500199518003070,ORL-3
500199518003071,ORL-3
500199518003072,ORL-3
500199518003073,ORL-3
500199518003074,ORL-3
500199518003075,ORL-3
500199518003076,ORL-3
500199518003077,ORL-3
500199518003078,ORL-3
500199518003079,ORL-3
500199518003080,ORL-3
500199518003081,ORL-3
500199518003082,ORL-3
500199518003083,ORL-3
500199518003084,ORL-3
500199518003085,ORL-3
500199518003086,ORL-3
500199518003087,ORL-3
500199518003088,ORL-3
500199518003089,ORL-3
500199518003090,ORL-3
500199518003091,ORL-3
500199518003092,ORL-3
500199518003093,ORL-3
500199518003094,ORL-3
500199518003095,ORL-3
500199518003096,ORL-3
500199519002000,ORL-3
500199519002001,ORL-3
500199519002002,ORL-3
500199519002003,ORL-3
500199519002004,ORL-3
500199519002005,ORL-3
500199519002006,ORL-3
500199519002007,ORL-3
500199519002008,ORL-3
500199519002009,ORL-3
500199519002010,ORL-3
500199519002011,ORL-3
500199519002012,ORL-3
500199519002013,ORL-3
500199519002014,ORL-3
500199519002015,ORL-3
500199519002016,ORL-3
500199519002017,ORL-3
500199519002031,ORL-3
500199519002032,ORL-3
500199519002033,ORL-3
500199519002034,ORL-3
500199519002035,ORL-3
500199519002036,ORL-3
500199519002037,ORL-3
500199519002038,ORL-3
500199519002039,ORL-3
500199519002040,ORL-3
500199519002041,ORL-3
500199519002042,ORL-3
500199519002043,ORL-3
500199519002044,ORL-3
500199519002045,ORL-3
500199519002046,ORL-3
500199519002047,ORL-3
500199519002048,ORL-3
500199519002049,ORL-3
500199519002050,ORL-3
500199519002051,ORL-3
500199519002052,ORL-3
500199519002053,ORL-3
500199519002054,ORL-3
500199519002055,ORL-3
500199519002077,ORL-3
500199519002078,ORL-3
500199519002082,ORL-3
500199519002083,ORL-3
500199519002084,ORL-3
500239553001000,WAS-ORA
500239553001001,WAS-ORA
500239553001002,WAS-ORA
500239553001003,WAS-ORA
500239553001004,WAS-ORA
500239553001005,WAS-ORA
500239553001006,WAS-ORA
500239553001007,WAS-ORA
500239553001008,WAS-ORA
500239553001009,WAS-ORA
500239553001010,WAS-ORA
500239553001011,WAS-ORA
500239553001012,WAS-ORA
500239553001013,WAS-ORA
500239553001014,WAS-ORA
500239553001015,WAS-ORA
500239553001016,WAS-ORA
500239553001017,WAS-ORA
500239553001018,WAS-ORA
500239553001019,WAS-ORA
500239553001020,WAS-ORA
500239553001021,WAS-ORA
500239553001022,WAS-ORA
500239553001023,WAS-ORA
500239553001024,WAS-ORA
500239553001025,WAS-ORA
500239553001026,WAS-ORA
500239553001027,WAS-ORA
500239553001028,WAS-ORA
500239553001029,WAS-ORA
500239553001030,WAS-ORA
500239553002000,WAS-ORA
500239553002001,WAS-ORA
500239553002002,WAS-ORA
500239553002003,WAS-ORA
500239553002004,WAS-ORA
500239553002005,WAS-ORA
500239553002006,WAS-ORA
500239553002007,WAS-ORA
500239553002008,WAS-ORA
500239553002009,WAS-ORA
500239553002010,WAS-ORA
500239553002011,WAS-ORA
500239553002012,WAS-ORA
500239553002013,WAS-ORA
500239553002014,WAS-ORA
500239553002015,WAS-ORA
500239553002016,WAS-ORA
500239553002017,WAS-ORA
500239553002018,WAS-ORA
500239553002019,WAS-ORA
500239553002020,WAS-ORA
500239553002021,WAS-ORA
500239553002022,WAS-ORA
500239553002023,WAS-ORA
500239553002024,WAS-ORA
500239553002025,WAS-ORA
500239553002026,WAS-ORA
500239553002027,WAS-ORA
500239553002028,WAS-ORA
500239553002029,WAS-ORA
500239553002030,WAS-ORA
500239553002031,WAS-ORA
500239553002032,WAS-ORA
500239553002033,WAS-ORA
500239553002034,WAS-ORA
500239553002035,WAS-ORA
500239553002036,WAS-ORA
500239553002037,WAS-ORA
500239553002038,WAS-ORA
500239553002039,WAS-ORA
500239553003000,WAS-ORA
500239553003001,WAS-ORA
500239553003002,WAS-ORA
500239553003003,WAS-ORA
500239553003004,WAS-ORA
500239553003005,WAS-ORA
500239553003006,WAS-ORA
500239553003007,WAS-ORA
500239553003008,WAS-ORA
500239553003009,WAS-ORA
500239553003010,WAS-ORA
500239553003011,WAS-ORA
500239553003012,WAS-ORA
500239553003013,WAS-ORA
500239553003014,WAS-ORA
500239553003015,WAS-ORA
500239553003016,WAS-ORA
500239553003017,WAS-ORA
500239553003018,WAS-ORA
500239553003019,WAS-ORA
500239553003020,WAS-ORA
500239554001000,WAS-ORA
500239554001001,WAS-ORA
500239554001002,WAS-ORA
500239554001003,WAS-ORA
500239554001004,WAS-ORA
500239554001005,WAS-ORA
500239554001006,WAS-ORA
500239554001007,WAS-ORA
500239554001008,WAS-ORA
500239554001009,WAS-ORA
500239554001010,WAS-ORA
500239554001011,WAS-ORA
500239554001012,WAS-ORA
500239554001013,WAS-ORA
500239554001014,WAS-ORA
500239554001015,WAS-ORA
500239554001016,WAS-ORA
500239554001017,WAS-ORA
500239554001018,WAS-ORA
500239554001019,WAS-ORA
500239554001020,WAS-ORA
500239554001021,WAS-ORA
500239554001022,WAS-ORA
500239554001023,WAS-ORA
500239554001024,WAS-ORA
500239554001025,WAS-ORA
500239554002000,WAS-ORA
500239554002001,WAS-ORA
500239554002002,WAS-ORA
500239554002003,WAS-ORA
500239554002004,WAS-ORA
500239554002005,WAS-ORA
500239554002006,WAS-ORA
500239554002007,WAS-ORA
500239554002008,WAS-ORA
500239554002009,WAS-ORA
500239554002010,WAS-ORA
500239554002011,WAS-ORA
500239554002012,WAS-ORA
500239554002013,WAS-ORA
500239554002014,WAS-ORA
500239554002015,WAS-ORA
500239554002016,WAS-ORA
500239554002017,WAS-ORA
500239554002018,WAS-ORA
500239554002019,WAS-ORA
500239554002020,WAS-ORA
500239554002021,WAS-ORA
500239554002022,WAS-ORA
500239554002023,WAS-ORA
500239554002024,WAS-ORA
500239554002025,WAS-ORA
500239554002026,WAS-ORA
500239554002027,WAS-ORA
500239554002028,WAS-ORA
500239554002029,WAS-ORA
500239554002030,WAS-ORA
500239554002031,WAS-ORA
500239554002032,WAS-ORA
500239554003000,WAS-ORA
500239554003001,WAS-ORA
500239554003002,WAS-ORA
500239554003003,WAS-ORA
500239554003004,WAS-ORA
500239554003005,WAS-ORA
500239554003006,WAS-ORA
500239554003007,WAS-ORA
500239554003008,WAS-ORA
500239554003009,WAS-ORA
500239554003010,WAS-ORA
500239554003011,WAS-ORA
500239554003012,WAS-ORA
500239554003013,WAS-ORA
500239554003014,WAS-ORA
500239554003015,WAS-ORA
500239554003016,WAS-ORA
500239554003017,WAS-ORA
500239554003018,WAS-ORA
500239554003019,WAS-ORA
500239554003020,WAS-ORA
500239554003021,WAS-ORA
500239554003022,WAS-ORA
500239554003023,WAS-ORA
500239554003024,WAS-ORA
500239554003025,WAS-ORA
500239554003026,WAS-ORA
500239554003027,WAS-ORA
500239554003028,WAS-ORA
500239554003029,WAS-ORA
500239554003030,WAS-ORA
500239554003031,WAS-ORA
500239554003032,WAS-ORA
500239554003033,WAS-ORA
500239554003034,WAS-ORA
500239554003035,WAS-ORA
500239554003036,WAS-ORA
500239554003037,WAS-ORA
500239554003038,WAS-ORA
500239554003039,WAS-ORA
500239554003040,WAS-ORA
500239554003041,WAS-ORA
500239554003042,WAS-ORA
500239554003043,WAS-ORA
500239554003044,WAS-ORA
500239554003045,WAS-ORA
500159530001000,ORL-LAM
500159530001001,ORL-LAM
500159530001002,ORL-LAM
500159530001003,ORL-LAM
500159530001004,ORL-LAM
500159530001005,ORL-LAM
500159530001006,ORL-LAM
500159530001007,ORL-LAM
500159530001008,ORL-LAM
500159530001009,ORL-LAM
500159530001010,ORL-LAM
500159530001011,ORL-LAM
500159530001012,ORL-LAM
500159530001013,ORL-LAM
500159530001014,ORL-LAM
500159530001015,ORL-LAM
500159530001016,ORL-LAM
500159530001017,ORL-LAM
500159530001018,ORL-LAM
500159530001019,ORL-LAM
500159530001020,ORL-LAM
500159530001021,ORL-LAM
500159530001022,ORL-LAM
500159530001023,ORL-LAM
500159530001024,ORL-LAM
500159530001025,ORL-LAM
500159530001026,ORL-LAM
500159530001027,ORL-LAM
500159530001028,ORL-LAM
500159530001029,ORL-LAM
500159530001030,ORL-LAM
500159530001031,ORL-LAM
500159530001032,ORL-LAM
500159530001033,ORL-LAM
500159530001034,ORL-LAM
500159530001035,ORL-LAM
500159530001036,ORL-LAM
500159530001037,ORL-LAM
500159530001038,ORL-LAM
500159530001039,ORL-LAM
500159530001040,ORL-LAM
500159530001041,ORL-LAM
500159530001042,ORL-LAM
500159530001043,ORL-LAM
500159530001044,ORL-LAM
500159530001045,ORL-LAM
500159530001046,ORL-LAM
500159530001047,ORL-LAM
500159530001048,ORL-LAM
500159530001049,ORL-LAM
500159530001050,ORL-LAM
500159530001051,ORL-LAM
500159530001052,ORL-LAM
500159530001053,ORL-LAM
500159530001054,ORL-LAM
500159530001055,ORL-LAM
500159530001056,ORL-LAM
500159530001057,ORL-LAM
500159530001058,ORL-LAM
500159530001059,ORL-LAM
500159530001060,ORL-LAM
500159530001061,ORL-LAM
500159530001062,ORL-LAM
500159530001063,ORL-LAM
500159530001064,ORL-LAM
500159530001065,ORL-LAM
500159530001066,ORL-LAM
500159530001067,ORL-LAM
500159530001068,ORL-LAM
500159530001069,ORL-LAM
500159530001070,ORL-LAM
500159530001071,ORL-LAM
500239543001000,WAS-CHI
500239543001001,WAS-CHI
500239543001002,WAS-CHI
500239543001003,WAS-CHI
500239543001004,WAS-CHI
500239543001005,WAS-CHI
500239543001006,WAS-CHI
500239543001007,WAS-CHI
500239543001008,WAS-CHI
500239543001009,WAS-CHI
500239543001010,WAS-CHI
500239543001011,WAS-CHI
500239543001012,WAS-CHI
500239543001013,WAS-CHI
500239543001014,WAS-CHI
500239543001015,WAS-CHI
500239543001016,WAS-CHI
500239543001017,WAS-CHI
500239543001018,WAS-CHI
500239543001019,WAS-CHI
500239543001020,WAS-CHI
500239543001021,WAS-CHI
500239543001022,WAS-CHI
500239543001023,WAS-CHI
500239543001024,WAS-CHI
500239543001025,WAS-CHI
500239543001026,WAS-CHI
500239543001027,WAS-CHI
500239543001028,WAS-CHI
500239543001029,WAS-CHI
500239543001030,WAS-CHI
500239543001031,WAS-CHI
500239543001032,WAS-CHI
500239543001033,WAS-CHI
500239543001034,WAS-CHI
500239543001035,WAS-CHI
500239543002000,WAS-CHI
500239543002001,WAS-CHI
500239543002002,WAS-CHI
500239543002003,WAS-CHI
500239543002004,WAS-CHI
500239543002005,WAS-CHI
500239543002006,WAS-CHI
500239543002007,WAS-CHI
500239543002008,WAS-CHI
500239543002009,WAS-CHI
500239543002010,WAS-CHI
500239543002011,WAS-CHI
500239543002012,WAS-CHI
500239543002013,WAS-CHI
500239543002014,WAS-CHI
500239543002015,WAS-CHI
500239543002016,WAS-CHI
500239543002017,WAS-CHI
500239543002018,WAS-CHI
500239543002019,WAS-CHI
500239543002020,WAS-CHI
500239543002021,WAS-CHI
500239543002022,WAS-CHI
500239543002023,WAS-CHI
500239543002024,WAS-CHI
500239543002025,WAS-CHI
500239543002026,WAS-CHI
500239543002027,WAS-CHI
500239543002028,WAS-CHI
500239543002029,WAS-CHI
500239543002030,WAS-CHI
500239543002031,WAS-CHI
500239543002032,WAS-CHI
500239543002033,WAS-CHI
500239543002034,WAS-CHI
500239543002035,WAS-CHI
500239543002036,WAS-CHI
500239543002037,WAS-CHI
500239543002038,WAS-CHI
500239543002039,WAS-CHI
500239543002040,WAS-CHI
500239543002041,WAS-CHI
500239543002042,WAS-CHI
500239543002043,WAS-CHI
500239543002044,WAS-CHI
500239543002045,WAS-CHI
500239543002046,WAS-CHI
500239543002047,WAS-CHI
500239543002048,WAS-CHI
500239543002049,WAS-CHI
500239543002050,WAS-CHI
500239543002051,WAS-CHI
500239543002052,WAS-CHI
500239543002053,WAS-CHI
500239543002054,WAS-CHI
500239543002055,WAS-CHI
500239543002056,WAS-CHI
500239543002057,WAS-CHI
500239543002058,WAS-CHI
500239543002059,WAS-CHI
500239543002060,WAS-CHI
500239543002061,WAS-CHI
500239543003000,WAS-CHI
500239543003001,WAS-CHI
500239543003002,WAS-CHI
500239543003003,WAS-CHI
500239543003004,WAS-CHI
500239543003005,WAS-CHI
500239543003006,WAS-CHI
500239543003007,WAS-CHI
500239543003008,WAS-CHI
500239543003009,WAS-CHI
500239543003010,WAS-CHI
500239543003011,WAS-CHI
500239543003012,WAS-CHI
500239543003013,WAS-CHI
500239543003014,WAS-CHI
500239543003015,WAS-CHI
500239543003016,WAS-CHI
500239543003017,WAS-CHI
500239543003018,WAS-CHI
500239543003019,WAS-CHI
500239543003020,WAS-CHI
500239543003021,WAS-CHI
500239543003022,WAS-CHI
500239543003023,WAS-CHI
500239543003024,WAS-CHI
500239543003025,WAS-CHI
500239543003026,WAS-CHI
500239543004000,WAS-CHI
500239543004001,WAS-CHI
500239543004002,WAS-CHI
500239543004003,WAS-CHI
500239543004004,WAS-CHI
500239543004005,WAS-CHI
500239543004006,WAS-CHI
500239543004007,WAS-CHI
500239543004008,WAS-CHI
500239543004009,WAS-CHI
500239543004010,WAS-CHI
500239543004011,WAS-CHI
500239543004012,WAS-CHI
500239543004013,WAS-CHI
500239543004014,WAS-CHI
500239543004015,WAS-CHI
500239543004016,WAS-CHI
500239543004017,WAS-CHI
500239543004018,WAS-CHI
500239543004019,WAS-CHI
500239543004020,WAS-CHI
500239543004021,WAS-CHI
500239543004022,WAS-CHI
500239543004023,WAS-CHI
500239543004024,WAS-CHI
500239543004025,WAS-CHI
500239543004026,WAS-CHI
500239543004027,WAS-CHI
500239544001000,WAS-2
500239544001001,WAS-2
500239544001002,WAS-2
500239544001003,WAS-2
500239544001004,WAS-2
500239544001005,WAS-2
500239544001006,WAS-2
500239544001007,WAS-2
500239544001008,WAS-2
500239544001009,WAS-2
500239544001010,WAS-2
500239544001011,WAS-2
500239544001012,WAS-2
500239544001013,WAS-2
500239544001014,WAS-2
500239544001015,WAS-2
500239544001016,WAS-2
500239544001017,WAS-2
500239544001018,WAS-2
500239544001019,WAS-2
500239544001020,WAS-2
500239544001021,WAS-2
500239544001022,WAS-2
500239544001023,WAS-2
500239544001024,WAS-2
500239544001025,WAS-2
500239544001026,WAS-2
500239544001027,WAS-2
500239544001028,WAS-2
500239544001029,WAS-2
500239544001030,WAS-2
500239544001031,WAS-2
500239544001032,WAS-2
500239544001033,WAS-2
500239544001034,WAS-2
500239544001035,WAS-2
500239544001036,WAS-2
500239544001037,WAS-2
500239544001038,WAS-2
500239544001039,WAS-2
500239544001040,WAS-2
500239544001041,WAS-2
500239544001042,WAS-2
500239544001043,WAS-2
500239544001044,WAS-2
500239544001045,WAS-2
500239544001046,WAS-2
500239544001047,WAS-2
500239544002000,WAS-2
500239544002001,WAS-2
500239544002002,WAS-2
500239544002003,WAS-2
500239544002004,WAS-2
500239544002005,WAS-2
500239544002006,WAS-2
500239544002007,WAS-2
500239544002008,WAS-2
500239544002009,WAS-2
500239544002010,WAS-2
500239544002011,WAS-2
500239544002012,WAS-2
500239544002013,WAS-2
500239544002014,WAS-2
500239544002015,WAS-2
500239544002016,WAS-2
500239544002017,WAS-2
500239544002018,WAS-2
500239544002019,WAS-2
500239544002020,WAS-2
500239544002021,WAS-2
500239544002022,WAS-2
500239544002023,WAS-2
500239544002024,WAS-2
500239544002025,WAS-2
500239544002026,WAS-2
500239544002027,WAS-2
500239544002028,WAS-2
500239544002029,WAS-2
500239544002030,WAS-2
500239544002031,WAS-2
500239544002032,WAS-2
500239544002033,WAS-2
500239544002034,WAS-2
500239544002035,WAS-2
500239544002036,WAS-2
500239544002037,WAS-2
500239544002038,WAS-2
500239544002039,WAS-2
500070033011005,CHI-12
500070033011006,CHI-12
500070033011007,CHI-12
500070033011008,CHI-12
500070033011011,CHI-12
500070033041000,CHI-12
500070033041001,CHI-12
500070033041002,CHI-12
500070033041003,CHI-12
500070033041004,CHI-12
500070033041005,CHI-12
500070033041006,CHI-12
500070033041007,CHI-12
500070033041008,CHI-12
500070033041009,CHI-12
500070033041010,CHI-12
500070033041011,CHI-12
500070033041012,CHI-12
500070033041013,CHI-12
500070033041014,CHI-12
500070033041015,CHI-12
500070033041016,CHI-12
500070033041017,CHI-12
500070033041018,CHI-12
500070033041019,CHI-12
500070033041020,CHI-12
500070033042000,CHI-12
500070033042001,CHI-12
500070033042002,CHI-12
500070033042003,CHI-12
500070033042004,CHI-12
500070033042005,CHI-12
500070033042006,CHI-12
500070033042007,CHI-12
500070033042008,CHI-12
500070033042009,CHI-12
500070033042010,CHI-12
500070033042011,CHI-12
500070033042012,CHI-12
500070033042013,CHI-12
500070033042014,CHI-12
500070033042015,CHI-12
500070033042016,CHI-12
500070033042017,CHI-12
500070033043000,CHI-12
500070033043001,CHI-12
500070033043002,CHI-12
500070033043003,CHI-12
500070033043004,CHI-12
500070033043005,CHI-12
500070033043006,CHI-12
500070033043007,CHI-12
500070033043008,CHI-12
500070033043009,CHI-12
500070033043010,CHI-12
500070033043011,CHI-12
500070033043012,CHI-12
500070033043013,CHI-12
500070033043014,CHI-12
500070033043015,CHI-12
500070033043016,CHI-12
500070033043017,CHI-12
500070033043018,CHI-12
500070033043019,CHI-12
500070029001000,CHI-25
500070029001001,CHI-25
500070029001002,CHI-25
500070029001003,CHI-25
500070029001004,CHI-25
500070029001005,CHI-25
500070029001006,CHI-25
500070029001007,CHI-25
500070029001008,CHI-25
500070029001009,CHI-25
500070029001010,CHI-25
500070029001011,CHI-25
500070029001012,CHI-25
500070029001013,CHI-25
500070029001014,CHI-25
500070029001015,CHI-25
500070029001016,CHI-25
500070029001017,CHI-25
500070029001018,CHI-25
500070029001019,CHI-25
500070029001020,CHI-25
500070029001021,CHI-25
500070029001022,CHI-25
500070029001023,CHI-25
500070029001024,CHI-25
500070029001025,CHI-25
500070029001026,CHI-25
500070029001027,CHI-25
500070029001028,CHI-25
500070029001029,CHI-25
500070029001030,CHI-25
500070029001031,CHI-25
500070029001032,CHI-25
500070029001033,CHI-25
500070029001034,CHI-25
500070029001035,CHI-25
500070029001036,CHI-25
500070029001037,CHI-25
500070029001038,CHI-25
500070029001039,CHI-25
500070029001040,CHI-25
500070029001041,CHI-25
500070029001042,CHI-25
500070029001043,CHI-25
500070029001044,CHI-25
500070029001045,CHI-25
500070029001046,CHI-25
500070029001047,CHI-25
500070029001048,CHI-25
500070029001049,CHI-25
500070029001050,CHI-25
500070029001051,CHI-25
500070029001052,CHI-25
500070029001053,CHI-25
500070029001054,CHI-25
500070029001055,CHI-25
500070029001056,CHI-25
500070029001057,CHI-25
500070029001058,CHI-25
500070029001059,CHI-25
500070029001060,CHI-25
500070029001061,CHI-25
500070029001062,CHI-25
500070029001063,CHI-25
500070029001064,CHI-25
500070029001065,CHI-25
500070029001066,CHI-25
500070029001067,CHI-25
500070029001068,CHI-25
500070029001069,CHI-25
500070029001070,CHI-25
500070029001071,CHI-25
500070029001072,CHI-25
500070029001073,CHI-25
500070029001074,CHI-25
500070029001075,CHI-25
500070029001076,CHI-25
500070029001077,CHI-25
500070029001078,CHI-25
500070029001079,CHI-25
500070029001080,CHI-25
500070029001081,CHI-25
500070029001082,CHI-25
500070029001083,CHI-25
500070029001084,CHI-25
500070029001085,CHI-25
500070029001086,CHI-25
500070029001087,CHI-25
500070029001088,CHI-25
500070029001089,CHI-25
500070029001090,CHI-25
500070029001091,CHI-25
500070029001092,CHI-25
500070029001093,CHI-25
500070029001094,CHI-25
500110110001000,FRA-1
500110110001001,FRA-1
500110110001002,FRA-1
500110110001003,FRA-1
500110110001004,FRA-1
500110110001005,FRA-1
500110110001006,FRA-1
500110110001007,FRA-1
500110110001008,FRA-1
500110110001009,FRA-1
500110110001010,FRA-1
500110110001011,FRA-1
500110110001012,FRA-1
500110110001013,FRA-1
500110110001014,FRA-1
500110110001015,FRA-1
500110110001016,FRA-1
500110110001017,FRA-1
500110110001018,FRA-1
500110110001019,FRA-1
500110110001020,FRA-1
500110110001021,FRA-1
500110110001022,FRA-1
500110110001023,FRA-1
500110110001024,FRA-1
500110110001025,FRA-1
500110110001026,FRA-1
500110110001027,FRA-1
500110110001028,FRA-1
500110110001029,FRA-1
500110110001030,FRA-1
500110110001031,FRA-1
500110110001032,FRA-1
500110110001033,FRA-1
500110110001034,FRA-1
500110110001035,FRA-1
500110110001036,FRA-1
500110110001037,FRA-1
500110110001038,FRA-1
500110110001039,FRA-1
500110110001040,FRA-1
500110110001041,FRA-1
500110110001042,FRA-1
500110110001043,FRA-1
500110110001044,FRA-1
500110110001045,FRA-1
500110110001046,FRA-1
500110110001047,FRA-1
500110110001048,FRA-1
500110110001049,FRA-1
500110110001050,FRA-1
500110110001051,FRA-1
500110110001052,FRA-1
500110110001053,FRA-1
500110110001054,FRA-1
500110110001055,FRA-1
500110110001056,FRA-1
500110110001057,FRA-1
500110110001058,FRA-1
500110110001059,FRA-1
500110110001060,FRA-1
500110110001061,FRA-1
500110110001062,FRA-1
500110110001063,FRA-1
500110110001064,FRA-1
500110110001065,FRA-1
500110110001066,FRA-1
500110110001067,FRA-1
500110110001068,FRA-1
500110110001069,FRA-1
500110110001070,FRA-1
500110110001071,FRA-1
500110110001072,FRA-1
500110110001073,FRA-1
500110110001074,FRA-1
500110110002000,FRA-1
500110110002001,FRA-1
500110110002002,FRA-1
500110110002003,FRA-1
500110110002004,FRA-1
500110110002005,FRA-1
500110110002006,FRA-1
500110110002007,FRA-1
500110110002008,FRA-1
500110110002009,FRA-1
500110110002010,FRA-1
500110110002011,FRA-1
500110110002012,FRA-1
500110110002013,FRA-1
500110110002014,FRA-1
500110110002015,FRA-1
500110110002016,FRA-1
500110110002017,FRA-1
500110110002018,FRA-1
500110110002019,FRA-1
500110110002020,FRA-1
500110110002021,FRA-1
500110110002022,FRA-1
500110110002023,FRA-1
500110110002024,FRA-1
500110110002025,FRA-1
500110110002026,FRA-1
500110110002027,FRA-1
500110110002028,FRA-1
500110110002029,FRA-1
500110110002030,FRA-1
500110110002031,FRA-1
500110110002032,FRA-1
500110110002033,FRA-1
500110110002034,FRA-1
500110110002035,FRA-1
500110110002036,FRA-1
500110110002037,FRA-1
500110110002038,FRA-1
500110110002039,FRA-1
500110110002040,FRA-1
500110110002041,FRA-1
500110110002042,FRA-1
500110110002043,FRA-1
500110110002044,FRA-1
500110110002045,FRA-1
500110110002046,FRA-1
500110110002047,FRA-1
500110110002048,FRA-1
500110110002049,FRA-1
500110110002050,FRA-1
500110110002051,FRA-1
500110110002052,FRA-1
500110110002053,FRA-1
500110110002054,FRA-1
500110110002055,FRA-1
500110110002056,FRA-1
500110110002057,FRA-1
500110110002058,FRA-1
500110110002059,FRA-1
500110110002060,FRA-1
500110110002061,FRA-1
500110110002062,FRA-1
500110110002063,FRA-1
500110110002064,FRA-1
500110110002065,FRA-1
500110110002066,FRA-1
500110110002067,FRA-1
500110110002068,FRA-1
500110110002069,FRA-1
500110110002070,FRA-1
500110110002071,FRA-1
500110110002072,FRA-1
500110110002073,FRA-1
500110110002074,FRA-1
500110110002075,FRA-1
500110110002076,FRA-1
500110110002077,FRA-1
500110110002078,FRA-1
500110110002079,FRA-1
500110110002080,FRA-1
500110110002081,FRA-1
500110110002082,FRA-1
500110110002083,FRA-1
500110110002084,FRA-1
500110110002085,FRA-1
500110110002086,FRA-1
500110110002087,FRA-1
500110110002088,FRA-1
500110110002089,FRA-1
500110110002090,FRA-1
500110110002091,FRA-1
500110110002092,FRA-1
500110110002093,FRA-1
500110110002094,FRA-1
500110110002095,FRA-1
500110110002096,FRA-1
500110110002097,FRA-1
500110110002098,FRA-1
500110110002099,FRA-1
500110110002100,FRA-1
500110110002101,FRA-1
500110110002102,FRA-1
500110110002103,FRA-1
500110110002104,FRA-1
500110110002105,FRA-1
500110110002106,FRA-1
500110110002107,FRA-1
500110110002108,FRA-1
500110110002109,FRA-1
500110110002110,FRA-1
500110110002111,FRA-1
500110110002112,FRA-1
500110110002113,FRA-1
500110108002003,FRA-3
500110108002004,FRA-3
500110108002005,FRA-3
500110108002006,FRA-3
500110108002007,FRA-3
500110108002008,FRA-3
500110108002009,FRA-3
500110108002010,FRA-3
500110108002011,FRA-3
500110108002012,FRA-3
500110108003000,FRA-3
500110108003001,FRA-3
500110108003002,FRA-3
500110108003003,FRA-3
500110108003004,FRA-3
500110104001000,FRA-6
500110104001001,FRA-6
500110104001002,FRA-6
500110104001003,FRA-6
500110104001004,FRA-6
500110104001005,FRA-6
500110104001006,FRA-6
500110104001007,FRA-6
500110104001008,FRA-6
500110104001009,FRA-6
500110104001010,FRA-6
500110104001011,FRA-6
500110104001012,FRA-6
500110104001013,FRA-6
500110104001014,FRA-6
500110104001015,FRA-6
500110104001016,FRA-6
500110104001017,FRA-6
500110104001018,FRA-6
500110104001019,FRA-6
500110104001020,FRA-6
500110104001021,FRA-6
500110104001022,FRA-6
500110104001023,FRA-6
500110104001024,FRA-6
500110104001025,FRA-6
500110104001026,FRA-6
500110104001027,FRA-6
500110104001028,FRA-6
500110104001029,FRA-6
500110104001030,FRA-6
500110104001031,FRA-6
500110104001032,FRA-6
500110104001033,FRA-6
500110104001034,FRA-6
500110104001035,FRA-6
500110104001036,FRA-6
500110104001037,FRA-6
500110104001038,FRA-6
500110104001039,FRA-6
500110104001040,FRA-6
500110104001041,FRA-6
500110104001042,FRA-6
500110104001043,FRA-6
500110104001044,FRA-6
500110104001045,FRA-6
500110104001046,FRA-6
500110104001047,FRA-6
500110104001048,FRA-6
500110104001049,FRA-6
500110104001050,FRA-6
500110104001051,FRA-6
500110104001052,FRA-6
500110104001053,FRA-6
500110104001054,FRA-6
500110104001055,FRA-6
500110104001056,FRA-6
500110104001057,FRA-6
500110104001058,FRA-6
500110104001059,FRA-6
500110104001060,FRA-6
500110104001061,FRA-6
500110104001062,FRA-6
500110104001063,FRA-6
500110104001064,FRA-6
500110104001065,FRA-6
500110104001066,FRA-6
500110104001067,FRA-6
500110104001068,FRA-6
500110104001069,FRA-6
500110104002000,FRA-6
500110104002001,FRA-6
500110104002002,FRA-6
500110104002003,FRA-6
500110104002004,FRA-6
500110104002005,FRA-6
500110104002006,FRA-6
500110104002007,FRA-6
500110104002008,FRA-6
500110104002009,FRA-6
500110104002010,FRA-6
500110104002011,FRA-6
500110104002012,FRA-6
500110104002013,FRA-6
500110104002014,FRA-6
500110104002015,FRA-6
500110104002016,FRA-6
500110104002017,FRA-6
500110104002018,FRA-6
500110104002019,FRA-6
500110104002020,FRA-6
500110104002021,FRA-6
500110104002022,FRA-6
500110104002023,FRA-6
500110104002024,FRA-6
500110104002025,FRA-6
500110104002026,FRA-6
500110104002027,FRA-6
500110104002028,FRA-6
500110104002029,FRA-6
500110104002030,FRA-6
500110104002031,FRA-6
500110104002032,FRA-6
500110104002033,FRA-6
500110104002034,FRA-6
500110104002035,FRA-6
500110104002036,FRA-6
500110104002037,FRA-6
500110104002038,FRA-6
500110104002039,FRA-6
500110104002040,FRA-6
500110104002041,FRA-6
500110104002042,FRA-6
500110104002043,FRA-6
500110104002044,FRA-6
500110104002045,FRA-6
500110104002046,FRA-6
500110104002047,FRA-6
500110104002048,FRA-6
500110104002049,FRA-6
500110104002050,FRA-6
500110104002051,FRA-6
500110104002052,FRA-6
500110104002053,FRA-6
500110104002054,FRA-6
500110104002055,FRA-6
500110104002056,FRA-6
500110104002057,FRA-6
500110104002058,FRA-6
500110104002059,FRA-6
500110104002060,FRA-6
500110104002061,FRA-6
500110104002062,FRA-6
500110104002063,FRA-6
500110104002064,FRA-6
500110104002065,FRA-6
500110104002066,FRA-6
500070022012004,CHI-21
500070024001000,CHI-21
500070024001001,CHI-21
500070024001002,CHI-21
500070024001003,CHI-21
500070024001004,CHI-21
500070024001005,CHI-21
500070024001006,CHI-21
500070024001007,CHI-21
500070024001008,CHI-21
500070024002000,CHI-21
500070024002001,CHI-21
500070024002002,CHI-21
500070024002003,CHI-21
500070024002004,CHI-21
500070024002005,CHI-21
500070024002006,CHI-21
500070024002007,CHI-21
500070024003000,CHI-21
500070024003001,CHI-21
500070024003002,CHI-21
500070024003003,CHI-21
500070024003004,CHI-21
500070024003005,CHI-21
500070024003006,CHI-21
500070024003007,CHI-21
500070024003008,CHI-21
500070024003009,CHI-21
500070024003010,CHI-21
500070025011000,CHI-21
500070025011001,CHI-21
500070025011002,CHI-21
500070025011003,CHI-21
500070025011004,CHI-21
500070025011005,CHI-21
500070025011006,CHI-21
500070025011007,CHI-21
500070025011008,CHI-21
500070025011009,CHI-21
500070025011010,CHI-21
500070025011011,CHI-21
500070025011012,CHI-21
500070025011013,CHI-21
500070025011014,CHI-21
500070025011015,CHI-21
500070025011016,CHI-21
500070025011017,CHI-21
500070025011018,CHI-21
500070025011019,CHI-21
500070025011020,CHI-21
500070025011021,CHI-21
500070025011022,CHI-21
500070025011023,CHI-21
500070025011024,CHI-21
500070025011025,CHI-21
500070025011026,CHI-21
500070025011027,CHI-21
500070025012000,CHI-21
500070025012001,CHI-21
500070025012002,CHI-21
500070025012003,CHI-21
500070025012004,CHI-21
500070025012005,CHI-21
500070025012006,CHI-21
500070025012007,CHI-21
500070025021001,CHI-21
500070025021002,CHI-21
500070025021003,CHI-21
500070025021004,CHI-21
500070025021005,CHI-21
500070025021006,CHI-21
500070025021007,CHI-21
500070025021008,CHI-21
500070025021009,CHI-21
500070025021010,CHI-21
500070025021011,CHI-21
500070025021013,CHI-21
500070025021014,CHI-21
500070025021015,CHI-21
500070025021016,CHI-21
500070025021017,CHI-21
500070025022000,CHI-21
500070025022001,CHI-21
500070025022002,CHI-21
500070025022003,CHI-21
500070025022004,CHI-21
500070025022005,CHI-21
500070025022006,CHI-21
500070025022007,CHI-21
500070025022008,CHI-21
500070025022009,CHI-21
500070025022010,CHI-21
500070025022011,CHI-21
500070025022012,CHI-21
500239542001000,LAM-WAS
500239542001001,LAM-WAS
500239542001002,LAM-WAS
500239542001003,LAM-WAS
500239542001004,LAM-WAS
500239542001005,LAM-WAS
500239542001006,LAM-WAS
500239542001007,LAM-WAS
500239542001008,LAM-WAS
500239542001009,LAM-WAS
500239542001010,LAM-WAS
500239542001011,LAM-WAS
500239542001012,LAM-WAS
500239542001013,LAM-WAS
500239542001014,LAM-WAS
500239542001015,LAM-WAS
500239542001016,LAM-WAS
500239542001017,LAM-WAS
500239542001018,LAM-WAS
500239542001019,LAM-WAS
500239542001020,LAM-WAS
500239542001021,LAM-WAS
500239542001022,LAM-WAS
500239542001023,LAM-WAS
500239542001024,LAM-WAS
500239542001025,LAM-WAS
500239542001026,LAM-WAS
500239542001027,LAM-WAS
500239542001028,LAM-WAS
500239542001029,LAM-WAS
500239542001030,LAM-WAS
500239542001031,LAM-WAS
500239542001032,LAM-WAS
500239542001033,LAM-WAS
500239542001034,LAM-WAS
500239542001035,LAM-WAS
500239542001036,LAM-WAS
500070029004000,WAS-CHI
500070029004001,WAS-CHI
500070029004002,WAS-CHI
500070029005000,WAS-CHI
500070029005001,WAS-CHI
500070029005002,WAS-CHI
500070029005003,WAS-CHI
500070029005004,WAS-CHI
500070029005005,WAS-CHI
500070029005006,WAS-CHI
500070029005007,WAS-CHI
500070029005008,WAS-CHI
500070029005009,WAS-CHI
500070029005010,WAS-CHI
500070029005011,WAS-CHI
500070029005012,WAS-CHI
500070029005013,WAS-CHI
500070029005014,WAS-CHI
500070029005015,WAS-CHI
500070029005016,WAS-CHI
500070029005017,WAS-CHI
500070029005018,WAS-CHI
500070029005019,WAS-CHI
500070029005020,WAS-CHI
500070029005021,WAS-CHI
500070029005022,WAS-CHI
500070029005023,WAS-CHI
500070029005024,WAS-CHI
500070029005025,WAS-CHI
500070029005026,WAS-CHI
500070029005027,WAS-CHI
500070029005028,WAS-CHI
500070029005029,WAS-CHI
500070029005030,WAS-CHI
500070029005031,WAS-CHI
500070029005032,WAS-CHI
500070029005033,WAS-CHI
500070029005034,WAS-CHI
500070029005035,WAS-CHI
500070029005036,WAS-CHI
500070029005037,WAS-CHI
500070029005038,WAS-CHI
500070029005039,WAS-CHI
500070029005040,WAS-CHI
500070029005041,WAS-CHI
500070029005042,WAS-CHI
500070029005043,WAS-CHI
500070029005044,WAS-CHI
500070029005045,WAS-CHI
500070029005046,WAS-CHI
500070029005047,WAS-CHI
500070029005048,WAS-CHI
500070029005049,WAS-CHI
500070029005050,WAS-CHI
500070029005051,WAS-CHI
500070029005052,WAS-CHI
500070029005053,WAS-CHI
500070029005054,WAS-CHI
500070029005055,WAS-CHI
500070029005056,WAS-CHI
500070029005057,WAS-CHI
500070029005058,WAS-CHI
500070029005059,WAS-CHI
500070029005060,WAS-CHI
500070029005061,WAS-CHI
500070029005062,WAS-CHI
500070029005063,WAS-CHI
500070029005064,WAS-CHI
500070029005065,WAS-CHI
500070029005066,WAS-CHI
500070029005067,WAS-CHI
500070029005068,WAS-CHI
500070029005069,WAS-CHI
500070029005070,WAS-CHI
500110101021000,FRA-4
500110101021001,FRA-4
500110101021002,FRA-4
500110101021003,FRA-4
500110101021004,FRA-4
500110101021005,FRA-4
500110101021006,FRA-4
500110101021007,FRA-4
500110101021008,FRA-4
500110101021009,FRA-4
500110101021010,FRA-4
500110101021011,FRA-4
500110101021012,FRA-4
500110101021013,FRA-4
500110101021014,FRA-4
500110101021015,FRA-4
500110101021016,FRA-4
500110101021017,FRA-4
500110101021018,FRA-4
500110101021019,FRA-4
500110101021020,FRA-4
500110101021021,FRA-4
500110101021022,FRA-4
500110101021023,FRA-4
500110101021024,FRA-4
500110101021025,FRA-4
500110101021026,FRA-4
500110101021027,FRA-4
500110101021028,FRA-4
500110101021029,FRA-4
500110101021030,FRA-4
500110101021031,FRA-4
500110101021032,FRA-4
500110101021033,FRA-4
500110101021034,FRA-4
500110101021035,FRA-4
500110101021036,FRA-4
500110101021037,FRA-4
500110101021038,FRA-4
500110101021039,FRA-4
500110101021040,FRA-4
500110101021041,FRA-4
500110101021042,FRA-4
500110101021043,FRA-4
500110101021044,FRA-4
500110101021045,FRA-4
500110101021046,FRA-4
500110101021047,FRA-4
500110101021048,FRA-4
500110101021049,FRA-4
500110101021050,FRA-4
500110101021051,FRA-4
500110101021052,FRA-4
500110101021053,FRA-4
500110101021054,FRA-4
500110101021055,FRA-4
500110101021056,FRA-4
500110101021057,FRA-4
500110101021058,FRA-4
500110101021059,FRA-4
500110101021060,FRA-4
500110101021061,FRA-4
500110101021062,FRA-4
500110101021063,FRA-4
500110101021064,FRA-4
500110101021065,FRA-4
500110101021066,FRA-4
500110101021067,FRA-4
500110101021068,FRA-4
500110101021069,FRA-4
500110101021070,FRA-4
500110101021071,FRA-4
500110101021072,FRA-4
500110101021073,FRA-4
500110101021074,FRA-4
500110101021075,FRA-4
500110101021076,FRA-4
500110101021077,FRA-4
500110101021078,FRA-4
500110101021079,FRA-4
500110101021080,FRA-4
500110101021081,FRA-4
500110101021082,FRA-4
500110101021083,FRA-4
500110101021084,FRA-4
500110101021085,FRA-4
500110101021086,FRA-4
500110101021087,FRA-4
500110101021088,FRA-4
500110101021089,FRA-4
500110101021090,FRA-4
500110101021091,FRA-4
500110101021092,FRA-4
500110101021093,FRA-4
500110101021094,FRA-4
500110101021095,FRA-4
500110101011000,FRA-5
500110101011001,FRA-5
500110101011002,FRA-5
500110101011003,FRA-5
500110101011004,FRA-5
500110101011005,FRA-5
500110101011006,FRA-5
500110101011007,FRA-5
500110101011008,FRA-5
500110101011009,FRA-5
500110101011010,FRA-5
500110101011011,FRA-5
500110101011012,FRA-5
500110101011013,FRA-5
500110101011014,FRA-5
500110101011015,FRA-5
500110101011016,FRA-5
500110101011017,FRA-5
500110101011018,FRA-5
500110101011019,FRA-5
500110101011020,FRA-5
500110101011021,FRA-5
500110101011022,FRA-5
500110101011023,FRA-5
500110101011024,FRA-5
500110101011025,FRA-5
500110101011026,FRA-5
500110101011027,FRA-5
500110101011028,FRA-5
500110101011029,FRA-5
500110101011030,FRA-5
500110101011031,FRA-5
500110101011032,FRA-5
500110101011033,FRA-5
500110101011034,FRA-5
500110101011035,FRA-5
500110101011036,FRA-5
500110101011037,FRA-5
500110101011038,FRA-5
500110101011039,FRA-5
500110101011040,FRA-5
500110101011041,FRA-5
500110101011042,FRA-5
500110101011043,FRA-5
500110101011044,FRA-5
500110101011045,FRA-5
500110101011046,FRA-5
500110101011047,FRA-5
500110101011048,FRA-5
500110101011049,FRA-5
500110101011050,FRA-5
500110101011051,FRA-5
500110101011052,FRA-5
500110101011053,FRA-5
500110101011054,FRA-5
500110101011055,FRA-5
500110101011056,FRA-5
500110101011057,FRA-5
500110101011058,FRA-5
500110101011059,FRA-5
500110101011060,FRA-5
500110101011061,FRA-5
500110101011062,FRA-5
500110101011063,FRA-5
500110101012000,FRA-5
500110101012001,FRA-5
500110101012002,FRA-5
500110101012003,FRA-5
500110101012004,FRA-5
500110101012005,FRA-5
500110101012006,FRA-5
500110101012007,FRA-5
500110101012008,FRA-5
500110101012009,FRA-5
500110101012010,FRA-5
500110101012011,FRA-5
500110101012012,FRA-5
500110101012013,FRA-5
500110101012014,FRA-5
500110101012015,FRA-5
500110101012016,FRA-5
500110101012017,FRA-5
500110101012018,FRA-5
500110101012019,FRA-5
500110101012020,FRA-5
500110101012021,FRA-5
500110101012022,FRA-5
500110101012023,FRA-5
500110101012024,FRA-5
500110101012025,FRA-5
500110101012026,FRA-5
500110101012027,FRA-5
500110101012028,FRA-5
500110101012029,FRA-5
500110101012030,FRA-5
500110101012031,FRA-5
500110101012032,FRA-5
500110101012033,FRA-5
500110101012034,FRA-5
500110101012035,FRA-5
500110101012036,FRA-5
500110101012037,FRA-5
500110101012038,FRA-5
500110101012039,FRA-5
500110101012040,FRA-5
500110101012041,FRA-5
500110101012042,FRA-5
500110101012043,FRA-5
500110101012044,FRA-5
500110101012045,FRA-5
500110101012046,FRA-5
500110101012047,FRA-5
500110101012048,FRA-5
500110101012049,FRA-5
500110101012050,FRA-5
500110101012051,FRA-5
500110101012052,FRA-5
500110101012053,FRA-5
500110101012054,FRA-5
500110101012055,FRA-5
500110101012056,FRA-5
500110101012057,FRA-5
500110101012058,FRA-5
500110101012059,FRA-5
500110101012060,FRA-5
500110101012061,FRA-5
500110101012062,FRA-5
500110101012063,FRA-5
500110101012064,FRA-5
500110101013000,FRA-5
500110101013001,FRA-5
500110101013002,FRA-5
500110101013003,FRA-5
500110101013004,FRA-5
500110101013005,FRA-5
500110101013006,FRA-5
500110101013007,FRA-5
500110101013008,FRA-5
500110101013009,FRA-5
500110101013010,FRA-5
500110101013011,FRA-5
500110101013012,FRA-5
500110101013013,FRA-5
500110101013014,FRA-5
500110101013015,FRA-5
500110101013016,FRA-5
500110101013017,FRA-5
500110101013018,FRA-5
500110101013019,FRA-5
500110101013020,FRA-5
500110101013021,FRA-5
500110101013022,FRA-5
500110101013023,FRA-5
500110101013024,FRA-5
500110101013025,FRA-5
500110101013026,FRA-5
500110101013027,FRA-5
500110101013028,FRA-5
500110101013029,FRA-5
500110101013030,FRA-5
500110101013031,FRA-5
500110101013032,FRA-5
500110101013033,FRA-5
500110101013034,FRA-5
500110101013035,FRA-5
500110101013036,FRA-5
500110101013037,FRA-5
500110101013038,FRA-5
500110101013039,FRA-5
500110101013040,FRA-5
500110101013041,FRA-5
500110101013042,FRA-5
500110101013043,FRA-5
500110101013044,FRA-5
500110101013045,FRA-5
500110101013046,FRA-5
500110101013047,FRA-5
500110101022000,FRA-5
500110101022001,FRA-5
500110101022002,FRA-5
500110101022003,FRA-5
500110101022004,FRA-5
500110101022005,FRA-5
500110101022006,FRA-5
500110101022007,FRA-5
500110101022008,FRA-5
500110101022009,FRA-5
500110101022010,FRA-5
500110101022011,FRA-5
500110101022012,FRA-5
500110101022013,FRA-5
500110101022014,FRA-5
500110101022015,FRA-5
500110101022016,FRA-5
500110101022017,FRA-5
500110101022018,FRA-5
500110101022019,FRA-5
500110101022020,FRA-5
500110101022021,FRA-5
500110101022022,FRA-5
500110101022023,FRA-5
500110101022024,FRA-5
500110101022025,FRA-5
500110101022026,FRA-5
500110101022027,FRA-5
500110101022028,FRA-5
500110101022029,FRA-5
500110101022030,FRA-5
500110101022031,FRA-5
500110101022032,FRA-5
500110101022033,FRA-5
500110101022034,FRA-5
500110101022035,FRA-5
500110101022036,FRA-5
500110101022037,FRA-5
500110101022038,FRA-5
500110101022039,FRA-5
500110101022040,FRA-5
500110101022041,FRA-5
500110101022042,FRA-5
500110101022043,FRA-5
500110101022044,FRA-5
500110101022045,FRA-5
500110101022046,FRA-5
500110101022047,FRA-5
500110101022048,FRA-5
500110101022049,FRA-5
500110101022050,FRA-5
500110101022051,FRA-5
500110101022052,FRA-5
500110101022053,FRA-5
500110101022054,FRA-5
500110101022055,FRA-5
500110101022056,FRA-5
500110101022057,FRA-5
500110101022058,FRA-5
500110101022059,FRA-5
500110101022060,FRA-5
500110101022061,FRA-5
500110101022062,FRA-5
500110101022063,FRA-5
500110101022064,FRA-5
500110101022065,FRA-5
500110101022066,FRA-5
500159532001000,LAM-2
500159532001001,LAM-2
500159532001002,LAM-2
500159532001003,LAM-2
500159532001004,LAM-2
500159532001005,LAM-2
500159532001006,LAM-2
500159532001007,LAM-2
500159532001008,LAM-2
500159532001009,LAM-2
500159532001010,LAM-2
500159532001011,LAM-2
500159532001012,LAM-2
500159532001013,LAM-2
500159532001014,LAM-2
500159532001015,LAM-2
500159532001016,LAM-2
500159532001017,LAM-2
500159532001018,LAM-2
500159532001019,LAM-2
500159532001020,LAM-2
500159532001021,LAM-2
500159532001022,LAM-2
500159532001023,LAM-2
500159532001024,LAM-2
500159532001025,LAM-2
500159532001026,LAM-2
500159532001027,LAM-2
500159532001028,LAM-2
500159532001029,LAM-2
500159532001030,LAM-2
500159532001031,LAM-2
500159532001032,LAM-2
500159532001033,LAM-2
500159532001034,LAM-2
500159532001035,LAM-2
500159532001036,LAM-2
500159532001037,LAM-2
500159532001038,LAM-2
500159532001039,LAM-2
500159532001040,LAM-2
500159532001041,LAM-2
500159532001042,LAM-2
500159532001043,LAM-2
500159532001044,LAM-2
500159532001045,LAM-2
500159532001046,LAM-2
500159532001047,LAM-2
500159532001048,LAM-2
500159532001049,LAM-2
500159532001050,LAM-2
500159532001051,LAM-2
500159532001052,LAM-2
500159532001053,LAM-2
500159532001054,LAM-2
500159532001055,LAM-2
500159532001056,LAM-2
500159532001057,LAM-2
500159532001058,LAM-2
500159532001059,LAM-2
500159532001060,LAM-2
500159532001061,LAM-2
500159532002000,LAM-2
500159532002001,LAM-2
500159532002002,LAM-2
500159532002003,LAM-2
500159532002004,LAM-2
500159532002005,LAM-2
500159532002006,LAM-2
500159532002007,LAM-2
500159532002008,LAM-2
500159532002009,LAM-2
500159532002010,LAM-2
500159532002011,LAM-2
500159532002012,LAM-2
500159532002013,LAM-2
500159532002014,LAM-2
500159532002015,LAM-2
500159532002016,LAM-2
500159532002017,LAM-2
500159532002018,LAM-2
500159532002019,LAM-2
500159532002020,LAM-2
500159532002021,LAM-2
500159532002022,LAM-2
500159532002023,LAM-2
500159532002024,LAM-2
500159532002025,LAM-2
500159532002026,LAM-2
500159532002027,LAM-2
500159532002028,LAM-2
500159532002029,LAM-2
500159532002030,LAM-2
500159532002031,LAM-2
500159532002032,LAM-2
500159532002033,LAM-2
500159532002034,LAM-2
500159532002035,LAM-2
500159532002036,LAM-2
500159532002037,LAM-2
500159532002038,LAM-2
500159532002039,LAM-2
500159532002040,LAM-2
500159532002041,LAM-2
500159532002042,LAM-2
500159532002043,LAM-2
500159532002044,LAM-2
500159532002045,LAM-2
500159532002046,LAM-2
500159532002047,LAM-2
500159532002048,LAM-2
500159532002049,LAM-2
500159532002050,LAM-2
500159532002051,LAM-2
500159532002052,LAM-2
500159532002053,LAM-2
500159532002054,LAM-2
500159532002055,LAM-2
500159532002056,LAM-2
500159532002057,LAM-2
500159532002058,LAM-2
500159532002059,LAM-2
500159532002060,LAM-2
500159532002061,LAM-2
500159532002062,LAM-2
500159532002063,LAM-2
500159532002064,LAM-2
500159532002065,LAM-2
500159532002066,LAM-2
500159532002067,LAM-2
500159532002068,LAM-2
500159532002069,LAM-2
500159532002070,LAM-2
500159532002071,LAM-2
500159530002021,LAM-3
500159530002022,LAM-3
500159530002023,LAM-3
500159530002024,LAM-3
500159530002025,LAM-3
500159530002026,LAM-3
500159530002027,LAM-3
500159530002028,LAM-3
500159530002029,LAM-3
500159530002030,LAM-3
500159530002033,LAM-3
500159530002034,LAM-3
500159530002035,LAM-3
500159530002036,LAM-3
500159530002037,LAM-3
500159530002038,LAM-3
500159530002039,LAM-3
500159530002040,LAM-3
500159530002041,LAM-3
500159530002042,LAM-3
500159530002043,LAM-3
500159530002046,LAM-3
500159530002047,LAM-3
500159530002048,LAM-3
500159530002049,LAM-3
500159530002050,LAM-3
500159530002051,LAM-3
500159530002052,LAM-3
500159530002053,LAM-3
500159530002054,LAM-3
500159530002055,LAM-3
500159530002056,LAM-3
500159530002057,LAM-3
500110110003000,FRA-6
500110110003001,FRA-6
500110110003002,FRA-6
500110110003003,FRA-6
500110110003004,FRA-6
500110110003005,FRA-6
500110110003006,FRA-6
500110110003007,FRA-6
500110110003008,FRA-6
500110110003009,FRA-6
500110110003010,FRA-6
500110110003011,FRA-6
500110110003012,FRA-6
500110110003013,FRA-6
500110110003014,FRA-6
500110110003015,FRA-6
500110110003016,FRA-6
500110110003017,FRA-6
500110110003018,FRA-6
500110110003019,FRA-6
500110110003020,FRA-6
500110110003021,FRA-6
500110110003022,FRA-6
500110110003023,FRA-6
500110110003024,FRA-6
500110110003025,FRA-6
500110110003026,FRA-6
500110110003027,FRA-6
500110110003028,FRA-6
500110110003029,FRA-6
500110110003030,FRA-6
500110110003031,FRA-6
500110110003032,FRA-6
500110110003033,FRA-6
500110110003034,FRA-6
500110110003035,FRA-6
500110110003036,FRA-6
500110110003037,FRA-6
500110110003038,FRA-6
500110110003039,FRA-6
500110110003040,FRA-6
500110110003041,FRA-6
500110110003042,FRA-6
500110110003043,FRA-6
500110110003044,FRA-6
500110110003045,FRA-6
500110110003046,FRA-6
500110110003047,FRA-6
500110110003048,FRA-6
500110110003049,FRA-6
500110110003050,FRA-6
500110110003051,FRA-6
500110110003052,FRA-6
500110110003053,FRA-6
500110110003054,FRA-6
500110110003055,FRA-6
500110110003056,FRA-6
500110110003057,FRA-6
500110110003058,FRA-6
500070035011000,CHI-5
500070035011001,CHI-5
500070035011002,CHI-5
500070035011003,CHI-5
500070035011004,CHI-5
500070035011005,CHI-5
500070035011006,CHI-5
500070035011007,CHI-5
500070035011008,CHI-5
500070035011009,CHI-5
500070035011010,CHI-5
500070035011011,CHI-5
500070035011012,CHI-5
500070035011013,CHI-5
500070035011014,CHI-5
500070035011015,CHI-5
500070035011016,CHI-5
500070035011017,CHI-5
500070035011018,CHI-5
500070035011019,CHI-5
500070035011020,CHI-5
500070035011021,CHI-5
500070035011022,CHI-5
500070035011023,CHI-5
500070035011024,CHI-5
500070035011025,CHI-5
500070035011026,CHI-5
500070035011027,CHI-5
500070035011028,CHI-5
500070035011029,CHI-5
500070035011030,CHI-5
500070035011031,CHI-5
500070035011032,CHI-5
500070035011033,CHI-5
500070035011034,CHI-5
500070035011035,CHI-5
500070035011036,CHI-5
500070035011037,CHI-5
500070035011038,CHI-5
500070035011039,CHI-5
500070035011040,CHI-5
500070035011041,CHI-5
500070035012000,CHI-5
500070035012001,CHI-5
500070035012002,CHI-5
500070035012003,CHI-5
500070035012004,CHI-5
500070035012005,CHI-5
500070035012006,CHI-5
500070035012007,CHI-5
500070035012008,CHI-5
500070035012009,CHI-5
500070035012010,CHI-5
500070035012011,CHI-5
500070035012012,CHI-5
500070035012013,CHI-5
500070035012014,CHI-5
500070035012015,CHI-5
500070035012016,CHI-5
500070035012017,CHI-5
500070035012018,CHI-5
500070035012019,CHI-5
500070035012020,CHI-5
500070035012021,CHI-5
500070035012022,CHI-5
500070035012023,CHI-5
500070035012024,CHI-5
500070035012025,CHI-5
500070035012026,CHI-5
500070035012027,CHI-5
500070035012028,CHI-5
500070035012029,CHI-5
500070035012030,CHI-5
500070035012031,CHI-5
500070035012032,CHI-5
500070035012033,CHI-5
500070035012034,CHI-5
500070035012035,CHI-5
500070035013000,CHI-5
500070035013001,CHI-5
500070035013002,CHI-5
500070035013003,CHI-5
500070035013004,CHI-5
500070035013005,CHI-5
500070035013006,CHI-5
500070035013007,CHI-5
500070035013008,CHI-5
500070035013009,CHI-5
500070035013010,CHI-5
500070035013011,CHI-5
500070035013012,CHI-5
500070035013013,CHI-5
500070035013014,CHI-5
500070035013015,CHI-5
500070035013016,CHI-5
500070035013017,CHI-5
500070035013018,CHI-5
500070035013019,CHI-5
500070035013020,CHI-5
500070035013021,CHI-5
500070035013022,CHI-5
500070035013023,CHI-5
500070035013024,CHI-5
500070035013025,CHI-5
500070035013026,CHI-5
500070035013027,CHI-5
500070035013028,CHI-5
500070035013029,CHI-5
500070035013030,CHI-5
500070035013031,CHI-5
500070035013032,CHI-5
500070035013033,CHI-5
500070035013034,CHI-5
500070035013035,CHI-5
500070035013036,CHI-5
500070035013037,CHI-5
500070035013038,CHI-5
500070035013039,CHI-5
500110104003000,FRA-6
500110104003001,FRA-6
500110104003002,FRA-6
500110104003003,FRA-6
500110104003004,FRA-6
500110104003005,FRA-6
500110104003006,FRA-6
500110104003007,FRA-6
500110104003008,FRA-6
500110104003009,FRA-6
500110104003010,FRA-6
500110104003011,FRA-6
500110104003012,FRA-6
500110104003013,FRA-6
500110104003014,FRA-6
500110104003015,FRA-6
500110104003016,FRA-6
500110104003017,FRA-6
500110104003018,FRA-6
500110104003019,FRA-6
500110104003020,FRA-6
500110104003021,FRA-6
500110104003022,FRA-6
500110104003023,FRA-6
500110104003024,FRA-6
500110104003025,FRA-6
500110104003026,FRA-6
500110104003027,FRA-6
500110104003028,FRA-6
500110104003029,FRA-6
500110104003030,FRA-6
500110104003031,FRA-6
500110104003032,FRA-6
500110104003033,FRA-6
500110104003034,FRA-6
500110104003035,FRA-6
500110104003036,FRA-6
500110104003037,FRA-6
500110104003038,FRA-6
500110104003039,FRA-6
500110104003040,FRA-6
500110104003041,FRA-6
500110104003042,FRA-6
500110104003043,FRA-6
500110104003044,FRA-6
500110104003045,FRA-6
500110104003046,FRA-6
500110104003047,FRA-6
500110104003048,FRA-6
500110104003049,FRA-6
500110104003050,FRA-6
500110104003051,FRA-6
500110104003052,FRA-6
500110104003053,FRA-6
500110104003054,FRA-6
500110104003055,FRA-6
500110104003056,FRA-6
500110104003057,FRA-6
500110104003058,FRA-6
500110104003059,FRA-6
500110104003060,FRA-6
500110104003061,FRA-6
500110104003062,FRA-6
500110104003063,FRA-6
500110104003064,FRA-6
500110104003065,FRA-6
500110104003066,FRA-6
500110104003067,FRA-6
500110104003068,FRA-6
500110104003069,FRA-6
500110104003070,FRA-6
500239558001000,WAS-2
500239558001001,WAS-2
500239558001002,WAS-2
500239558001003,WAS-2
500239558001004,WAS-2
500239558001005,WAS-2
500239558001006,WAS-2
500239558001007,WAS-2
500239558001008,WAS-2
500239558001009,WAS-2
500239558001010,WAS-2
500239558001011,WAS-2
500239558001012,WAS-2
500239558001013,WAS-2
500239558001014,WAS-2
500239558001015,WAS-2
500239558001016,WAS-2
500239558001017,WAS-2
500239558001018,WAS-2
500239558001019,WAS-2
500239558001020,WAS-2
500239558001021,WAS-2
500239558001022,WAS-2
500239558002000,WAS-2
500239558002001,WAS-2
500239558002002,WAS-2
500239558002003,WAS-2
500239558002004,WAS-2
500239558002005,WAS-2
500239558002006,WAS-2
500239558002007,WAS-2
500239558002008,WAS-2
500239558002009,WAS-2
500239558002010,WAS-2
500239558002011,WAS-2
500239558002012,WAS-2
500239558002013,WAS-2
500239558002014,WAS-2
500239558002015,WAS-2
500239558002016,WAS-2
500239558002017,WAS-2
500239558002018,WAS-2
500239558002019,WAS-2
500239558002020,WAS-2
500239558002021,WAS-2
500239558002022,WAS-2
500070035031000,WAS-CHI
500070035031001,WAS-CHI
500070035031002,WAS-CHI
500070035031003,WAS-CHI
500070035031004,WAS-CHI
500070035031005,WAS-CHI
500070035031006,WAS-CHI
500070035031007,WAS-CHI
500070035031008,WAS-CHI
500070035031009,WAS-CHI
500070035031010,WAS-CHI
500070035031011,WAS-CHI
500070035031012,WAS-CHI
500070035031013,WAS-CHI
500070035031014,WAS-CHI
500070035031015,WAS-CHI
500070035031016,WAS-CHI
500070035031017,WAS-CHI
500070035031018,WAS-CHI
500070035031019,WAS-CHI
500070035031020,WAS-CHI
500070035031021,WAS-CHI
500070035031022,WAS-CHI
500070035031023,WAS-CHI
500070035031024,WAS-CHI
500070035031025,WAS-CHI
500070035031026,WAS-CHI
500070035031027,WAS-CHI
500070035031028,WAS-CHI
500070035031029,WAS-CHI
500070035031030,WAS-CHI
500070035031031,WAS-CHI
500070035031032,WAS-CHI
500070035031033,WAS-CHI
500070035031034,WAS-CHI
500070035031035,WAS-CHI
500070035031036,WAS-CHI
500070035031037,WAS-CHI
500070035031038,WAS-CHI
500070035031039,WAS-CHI
500070035031040,WAS-CHI
500070035031041,WAS-CHI
500070035031042,WAS-CHI
500070035031043,WAS-CHI
500070035031044,WAS-CHI
500070035031045,WAS-CHI
500070035031046,WAS-CHI
500070035031047,WAS-CHI
500070035031048,WAS-CHI
500070035031049,WAS-CHI
500070035031050,WAS-CHI
500070035031051,WAS-CHI
500070035031052,WAS-CHI
500070035031053,WAS-CHI
500070035031054,WAS-CHI
500070035031055,WAS-CHI
500070035031056,WAS-CHI
500070035031057,WAS-CHI
500070035031058,WAS-CHI
500070035031059,WAS-CHI
500070035031060,WAS-CHI
500070035031061,WAS-CHI
500070035031062,WAS-CHI
500070035031063,WAS-CHI
500070035031064,WAS-CHI
500070035031065,WAS-CHI
500070035031066,WAS-CHI
500070035031067,WAS-CHI
500070035031068,WAS-CHI
500070035031069,WAS-CHI
500070035031070,WAS-CHI
500070035031071,WAS-CHI
500070035031072,WAS-CHI
500070035031073,WAS-CHI
500070035031074,WAS-CHI
500070035031075,WAS-CHI
500070035031076,WAS-CHI
500070035031077,WAS-CHI
500070035031078,WAS-CHI
500070035031079,WAS-CHI
500070035031080,WAS-CHI
500070035031081,WAS-CHI
500070035031082,WAS-CHI
500070035031083,WAS-CHI
500070035031084,WAS-CHI
500070035031085,WAS-CHI
500070035031086,WAS-CHI
500070035031087,WAS-CHI
500070035031088,WAS-CHI
500070035031089,WAS-CHI
500070035031090,WAS-CHI
500070035031091,WAS-CHI
500070035031092,WAS-CHI
500070035031093,WAS-CHI
500070035031094,WAS-CHI
500070035031099,WAS-CHI
500070035031100,WAS-CHI
500070035031101,WAS-CHI
500070035031102,WAS-CHI
500159533001000,LAM-2
500159533001001,LAM-2
500159533001002,LAM-2
500159533001003,LAM-2
500159533001004,LAM-2
500159533001005,LAM-2
500159533001006,LAM-2
500159533001007,LAM-2
500159533001008,LAM-2
500159533001009,LAM-2
500159533001010,LAM-2
500159533001011,LAM-2
500159533001012,LAM-2
500159533001013,LAM-2
500159533001014,LAM-2
500159533001015,LAM-2
500159533001016,LAM-2
500159533001017,LAM-2
500159533001018,LAM-2
500159533001019,LAM-2
500159533001020,LAM-2
500159533001021,LAM-2
500159533001022,LAM-2
500159533001023,LAM-2
500159533001024,LAM-2
500159533001025,LAM-2
500159533001026,LAM-2
500159533001027,LAM-2
500159533001028,LAM-2
500159533001029,LAM-2
500159533001030,LAM-2
500159533001031,LAM-2
500159533001032,LAM-2
500159533001033,LAM-2
500159533001034,LAM-2
500159533002000,LAM-2
500159533002001,LAM-2
500159533002002,LAM-2
500159533002003,LAM-2
500159533002004,LAM-2
500159533002005,LAM-2
500159533002006,LAM-2
500159533002007,LAM-2
500159533002008,LAM-2
500159533002009,LAM-2
500159533002010,LAM-2
500159533002011,LAM-2
500159533002012,LAM-2
500159533002013,LAM-2
500159533002014,LAM-2
500159533002015,LAM-2
500159533002016,LAM-2
500159533002017,LAM-2
500159533002018,LAM-2
500159533002019,LAM-2
500159533002020,LAM-2
500159533002021,LAM-2
500159533002022,LAM-2
500159533002023,LAM-2
500159533002024,LAM-2
500159533002025,LAM-2
500159533002026,LAM-2
500159533002027,LAM-2
500159533002028,LAM-2
500159533002029,LAM-2
500159533002030,LAM-2
500159533002031,LAM-2
500159533002032,LAM-2
500159533002033,LAM-2
500159533002034,LAM-2
500159533002035,LAM-2
500159533002036,LAM-2
500159533002037,LAM-2
500159533002038,LAM-2
500159533002039,LAM-2
500159533002040,LAM-2
500159533002041,LAM-2
500159533002042,LAM-2
500159533002043,LAM-2
500159533002044,LAM-2
500159533002045,LAM-2
500159533002046,LAM-2
500159533002047,LAM-2
500159533002048,LAM-2
500159533002049,LAM-2
500159533002050,LAM-2
500159533002051,LAM-2
500159533002052,LAM-2
500159533002053,LAM-2
500159533002054,LAM-2
500159533002055,LAM-2
500159533002056,LAM-2
500159533002057,LAM-2
500159533002058,LAM-2
500159533002059,LAM-2
500159533002060,LAM-2
500159533002061,LAM-2
500159533002062,LAM-2
500159533002063,LAM-2
500159533002064,LAM-2
500159533002065,LAM-2
500159533002066,LAM-2
500159533002067,LAM-2
500159533002068,LAM-2
500159533002069,LAM-2
500070027011000,CHI-24
500070027011001,CHI-24
500070027011002,CHI-24
500070027011003,CHI-24
500070027011004,CHI-24
500070027011005,CHI-24
500070027011006,CHI-24
500070027011007,CHI-24
500070027011008,CHI-24
500070027011009,CHI-24
500070027011012,CHI-24
500070027011013,CHI-24
500070027011014,CHI-24
500070027011015,CHI-24
500070027021000,CHI-24
500070027021001,CHI-24
500070027021002,CHI-24
500070027021003,CHI-24
500070027021004,CHI-24
500070027021005,CHI-24
500070027021006,CHI-24
500070027021007,CHI-24
500070027021008,CHI-24
500070027021009,CHI-24
500070027021010,CHI-24
500070027021011,CHI-24
500070027021012,CHI-24
500070027021013,CHI-24
500070027021014,CHI-24
500070027021015,CHI-24
500070027021016,CHI-24
500070027021017,CHI-24
500070027021018,CHI-24
500070027021019,CHI-24
500070027021020,CHI-24
500070027021021,CHI-24
500070027021023,CHI-24
500070027021024,CHI-24
500070027021029,CHI-24
500070027021030,CHI-24
500110103003000,FRA-7
500110103003001,FRA-7
500110103003002,FRA-7
500110103003003,FRA-7
500110103003004,FRA-7
500110103003005,FRA-7
500110103003006,FRA-7
500110103003007,FRA-7
500110103003008,FRA-7
500110103003009,FRA-7
500110103003010,FRA-7
500110103003011,FRA-7
500110103003012,FRA-7
500110103003013,FRA-7
500110103003014,FRA-7
500110103003015,FRA-7
500110103003016,FRA-7
500110103003017,FRA-7
500110103003018,FRA-7
500110103003019,FRA-7
500110103003020,FRA-7
500110103003021,FRA-7
500110103003022,FRA-7
500110103003023,FRA-7
500110103003024,FRA-7
500110103003025,FRA-7
500110103003026,FRA-7
500110103003027,FRA-7
500110103003028,FRA-7
500110103003029,FRA-7
500110103003030,FRA-7
500110103003031,FRA-7
500110103003032,FRA-7
500110103003033,FRA-7
500110103003034,FRA-7
500110103003035,FRA-7
500110103003036,FRA-7
500110103003037,FRA-7
500110102002000,FRA-7
500110102002001,FRA-7
500110102002002,FRA-7
500110102002003,FRA-7
500110102002004,FRA-7
500110102002005,FRA-7
500110102002006,FRA-7
500110102002007,FRA-7
500110102002008,FRA-7
500110102002009,FRA-7
500110102002010,FRA-7
500110102002011,FRA-7
500110102002012,FRA-7
500110102002013,FRA-7
500110102002014,FRA-7
500110102002015,FRA-7
500110102002016,FRA-7
500110102002017,FRA-7
500110102002018,FRA-7
500110102002019,FRA-7
500110102002020,FRA-7
500110102002021,FRA-7
500110102002022,FRA-7
500110102002023,FRA-7
500110102002024,FRA-7
500110102002025,FRA-7
500110102002026,FRA-7
500110102002027,FRA-7
500110102002028,FRA-7
500110102002029,FRA-7
500110102002030,FRA-7
500110102003000,FRA-7
500110102003001,FRA-7
500110102003002,FRA-7
500110102003003,FRA-7
500110102003004,FRA-7
500110102003005,FRA-7
500110102003006,FRA-7
500110102003007,FRA-7
500110102003008,FRA-7
500110102003009,FRA-7
500110102003010,FRA-7
500110102003011,FRA-7
500110102003012,FRA-7
500110102003013,FRA-7
500110102003014,FRA-7
500110102003015,FRA-7
500110102003016,FRA-7
500110102003017,FRA-7
500110102003018,FRA-7
500110102003019,FRA-7
500110102003020,FRA-7
500110102003021,FRA-7
500110102003022,FRA-7
500110102003023,FRA-7
500110102003024,FRA-7
500110102003025,FRA-7
500110102003026,FRA-7
500110102003027,FRA-7
500110102003028,FRA-7
500110102003029,FRA-7
500110102003030,FRA-7
500110102003031,FRA-7
500110102003032,FRA-7
500110102003033,FRA-7
500110102003034,FRA-7
500110102003035,FRA-7
500110102003036,FRA-7
500110102003037,FRA-7
500110102003038,FRA-7
500110102003039,FRA-7
500110102003040,FRA-7
500110102003041,FRA-7
500110102003042,FRA-7
500110102003043,FRA-7
500110102003044,FRA-7
500110102003045,FRA-7
500110102003046,FRA-7
500110102003047,FRA-7
500110102003048,FRA-7
500110102003049,FRA-7
500110102003050,FRA-7
500110102003051,FRA-7
500110102003052,FRA-7
500110102003053,FRA-7
500110102003054,FRA-7
500110102003055,FRA-7
500110102003056,FRA-7
500110102003057,FRA-7
500110102003058,FRA-7
500110102003059,FRA-7
500110102003060,FRA-7
500110102003061,FRA-7
500110102003062,FRA-7
500110102003063,FRA-7
500110102003064,FRA-7
500110102003065,FRA-7
500110102003066,FRA-7
500110102003067,FRA-7
500110102003068,FRA-7
500110102003069,FRA-7
500110102003070,FRA-7
500110102003071,FRA-7
500110102003072,FRA-7
500110102003073,FRA-7
500110102003074,FRA-7
500110102003075,FRA-7
500110102003076,FRA-7
500110102003077,FRA-7
500110102003078,FRA-7
500110102003079,FRA-7
500110102003080,FRA-7
500110102003081,FRA-7
500110102003082,FRA-7
500110102003083,FRA-7
500110102003084,FRA-7
500110102003085,FRA-7
500110102003086,FRA-7
500110102003087,FRA-7
500110102003088,FRA-7
500110102003089,FRA-7
500110102003090,FRA-7
500110102003091,FRA-7
500110102003092,FRA-7
500110102003093,FRA-7
500110102003094,FRA-7
500110102003095,FRA-7
500110102003096,FRA-7
500110102003097,FRA-7
500110102003098,FRA-7
500110102003099,FRA-7
500110102001000,FRA-5
500110102001001,FRA-5
500110102001002,FRA-5
500110102001003,FRA-5
500110102001004,FRA-5
500110102001005,FRA-5
500110102001006,FRA-5
500110102001007,FRA-5
500110102001008,FRA-5
500110102001009,FRA-5
500110102001010,FRA-5
500110102001011,FRA-5
500110102001012,FRA-5
500110102001013,FRA-5
500110102001014,FRA-5
500110102001015,FRA-5
500110102001016,FRA-5
500110102001017,FRA-5
500110102001018,FRA-5
500110102001019,FRA-5
500110102001020,FRA-5
500110102001021,FRA-5
500110102001022,FRA-5
500110102001023,FRA-5
500110102001024,FRA-5
500110102001025,FRA-5
500110102001026,FRA-5
500110102001027,FRA-5
500110102001028,FRA-5
500110102001029,FRA-5
500110102001030,FRA-5
500110102001031,FRA-5
500110102001032,FRA-5
500110102001033,FRA-5
500110102001034,FRA-5
500110102001035,FRA-5
500110102001036,FRA-5
500110102001037,FRA-5
500110102001038,FRA-5
500110102001039,FRA-5
500110102001040,FRA-5
500110102001041,FRA-5
500110102001042,FRA-5
500110102001043,FRA-5
500110102001044,FRA-5
500110102001045,FRA-5
500110102001046,FRA-5
500110102001047,FRA-5
500110102001048,FRA-5
500110102001049,FRA-5
500110102001050,FRA-5
500110102001051,FRA-5
500110102001052,FRA-5
500110102001053,FRA-5
500110102001054,FRA-5
500110102001055,FRA-5
500110102001056,FRA-5
500110102001057,FRA-5
500110102001058,FRA-5
500110102001059,FRA-5
500110102001060,FRA-5
500110102001061,FRA-5
500110102001062,FRA-5
500110102001063,FRA-5
500110102001064,FRA-5
500110102001065,FRA-5
500110102001066,FRA-5
500110102001067,FRA-5
500110102001068,FRA-5
500110102001069,FRA-5
500239544003000,WAS-2
500239544003001,WAS-2
500239544003002,WAS-2
500239544003003,WAS-2
500239544003004,WAS-2
500239544003005,WAS-2
500239544003006,WAS-2
500239544003007,WAS-2
500239544003008,WAS-2
500239544003009,WAS-2
500239544003010,WAS-2
500239544003011,WAS-2
500239544003012,WAS-2
500239544003013,WAS-2
500239544003014,WAS-2
500239544003015,WAS-2
500239544003016,WAS-2
500239544003017,WAS-2
500239544003018,WAS-2
500239544003019,WAS-2
500239544003020,WAS-2
500239544003021,WAS-2
500239544003022,WAS-2
500239544003023,WAS-2
500239544003024,WAS-2
500239544003025,WAS-2
500239544003026,WAS-2
500239544003027,WAS-2
500239544003028,WAS-2
500239544003029,WAS-2
500239544003030,WAS-2
500239544003031,WAS-2
500239544003032,WAS-2
500239544003033,WAS-2
500239544003034,WAS-2
500239544003035,WAS-2
500239544003036,WAS-2
500239544003037,WAS-2
500239544003038,WAS-2
500239544003039,WAS-2
500239544003040,WAS-2
500239544003041,WAS-2
500239544003042,WAS-2
500239544003043,WAS-2
500239544003044,WAS-2
500239544003045,WAS-2
500239544003046,WAS-2
500239544003047,WAS-2
500239544003048,WAS-2
500239544003049,WAS-2
500239544003050,WAS-2
500239544003051,WAS-2
500239544003052,WAS-2
500239544003053,WAS-2
500239544003054,WAS-2
500239544003055,WAS-2
500239544003056,WAS-2
500239544003057,WAS-2
500239544003058,WAS-2
500239544003059,WAS-2
500239544003060,WAS-2
500239544003061,WAS-2
500239544003062,WAS-2
500239544003063,WAS-2
500239544003064,WAS-2
500239544003065,WAS-2
500239544003066,WAS-2
500239544003067,WAS-2
500239544003068,WAS-2
500239544003069,WAS-2
500239544003070,WAS-2
500239544003071,WAS-2
500239544003072,WAS-2
500239544003073,WAS-2
500239544003074,WAS-2
500239544003075,WAS-2
500239544003076,WAS-2
500239544003077,WAS-2
500110105001000,FRA-4
500110105001001,FRA-4
500110105001002,FRA-4
500110105001003,FRA-4
500110105001004,FRA-4
500110105001005,FRA-4
500110105001006,FRA-4
500110105001007,FRA-4
500110105001008,FRA-4
500110105001009,FRA-4
500110105001010,FRA-4
500110105001011,FRA-4
500110105001012,FRA-4
500110105001013,FRA-4
500110105001014,FRA-4
500110105001015,FRA-4
500110105001016,FRA-4
500110105001017,FRA-4
500110105001018,FRA-4
500110105001019,FRA-4
500110105001020,FRA-4
500110105001021,FRA-4
500110105001022,FRA-4
500110105001023,FRA-4
500110105001024,FRA-4
500110105001025,FRA-4
500110105001026,FRA-4
500110105001027,FRA-4
500110105001028,FRA-4
500110105002000,FRA-4
500110105002001,FRA-4
500110105002002,FRA-4
500110105002003,FRA-4
500110105002004,FRA-4
500110105002005,FRA-4
500110105002006,FRA-4
500110105002007,FRA-4
500110105002008,FRA-4
500110105002009,FRA-4
500110105002010,FRA-4
500110105002011,FRA-4
500110105002012,FRA-4
500110105002013,FRA-4
500110105002014,FRA-4
500110105002015,FRA-4
500110105002016,FRA-4
500110105002017,FRA-4
500110105002018,FRA-4
500110105002019,FRA-4
500110105002020,FRA-4
500110105002021,FRA-4
500110105002022,FRA-4
500110105002023,FRA-4
500110105002024,FRA-4
500110105002025,FRA-4
500110105002026,FRA-4
500110105002027,FRA-4
500110105002028,FRA-4
500110105002029,FRA-4
500110105002030,FRA-4
500110105002031,FRA-4
500110105002032,FRA-4
500110105002033,FRA-4
500110105002034,FRA-4
500110105002035,FRA-4
500110105002036,FRA-4
500110105002037,FRA-4
500110105002038,FRA-4
500110105002039,FRA-4
500110105002040,FRA-4
500110105002041,FRA-4
500110105002042,FRA-4
500110105003000,FRA-4
500110105003001,FRA-4
500110105003002,FRA-4
500110105003003,FRA-4
500110105003004,FRA-4
500110105003005,FRA-4
500110105003006,FRA-4
500110105003007,FRA-4
500110105003008,FRA-4
500110105003009,FRA-4
500110105003010,FRA-4
500110105003011,FRA-4
500110105003012,FRA-4
500110105003013,FRA-4
500110105003014,FRA-4
500110105003015,FRA-4
500110105003016,FRA-4
500110105003017,FRA-4
500110105003018,FRA-4
500110105003019,FRA-4
500110105003020,FRA-4
500110105003021,FRA-4
500110105003022,FRA-4
500110105003023,FRA-4
500110105003024,FRA-4
500110105003025,FRA-4
500110105003026,FRA-4
500110105003027,FRA-4
500110105003028,FRA-4
500110105003029,FRA-4
500110105003030,FRA-4
500110105003031,FRA-4
500110105003032,FRA-4
500110105003033,FRA-4
500110105003034,FRA-4
500110105003035,FRA-4
500110105003036,FRA-4
500110105003037,FRA-4
500110105003038,FRA-4
500110105003039,FRA-4
500110105003040,FRA-4
500110105003041,FRA-4
500110105003042,FRA-4
500110105003043,FRA-4
500110105003044,FRA-4
500110105003045,FRA-4
500110105003046,FRA-4
500110105004000,FRA-4
500110105004001,FRA-4
500110105004002,FRA-4
500110105004003,FRA-4
500110105004004,FRA-4
500110105004005,FRA-4
500110105004006,FRA-4
500110105004007,FRA-4
500110105004008,FRA-4
500110105004009,FRA-4
500110105004010,FRA-4
500110105004011,FRA-4
500110105004012,FRA-4
500110105004013,FRA-4
500110105004014,FRA-4
500110105004015,FRA-4
500110105004016,FRA-4
500110105004017,FRA-4
500110105004018,FRA-4
500110105004019,FRA-4
500110105004020,FRA-4
500110105004021,FRA-4
500110105004022,FRA-4
500110105004023,FRA-4
500110105004024,FRA-4
500110105004025,FRA-4
500110105004026,FRA-4
500110105004027,FRA-4
500110105004028,FRA-4
500110105004029,FRA-4
500110105004030,FRA-4
500110105004031,FRA-4
500110105004032,FRA-4
500110105004033,FRA-4
500110105004034,FRA-4
500110105004035,FRA-4
500110105004036,FRA-4
500110105004037,FRA-4
500110105004038,FRA-4
500110105004039,FRA-4
500110105004040,FRA-4
500110105004041,FRA-4
500110105004042,FRA-4
500110105004043,FRA-4
500110105004044,FRA-4
500110105004045,FRA-4
500110105004046,FRA-4
500110105004047,FRA-4
500110105004048,FRA-4
500110105004049,FRA-4
500110105004050,FRA-4
500110105005000,FRA-4
500110105005001,FRA-4
500110105005002,FRA-4
500110105005003,FRA-4
500110105005004,FRA-4
500110105005005,FRA-4
500110105005006,FRA-4
500110105005007,FRA-4
500110105005008,FRA-4
500110105005009,FRA-4
500110105005010,FRA-4
500110105005011,FRA-4
500110105005012,FRA-4
500110105005013,FRA-4
500110105005014,FRA-4
500110105005015,FRA-4
500110105005016,FRA-4
500110105005017,FRA-4
500110105005018,FRA-4
500110105005019,FRA-4
500110105005020,FRA-4
500110105005021,FRA-4
500110105005022,FRA-4
500110105005023,FRA-4
500110105005024,FRA-4
500110105005025,FRA-4
500110105005026,FRA-4
500110105005027,FRA-4
500110105005028,FRA-4
500110105005029,FRA-4
500110103001000,FRA-5
500110103001001,FRA-5
500110103001002,FRA-5
500110103001003,FRA-5
500110103001004,FRA-5
500110103001005,FRA-5
500110103001006,FRA-5
500110103001007,FRA-5
500110103001008,FRA-5
500110103001009,FRA-5
500110103001010,FRA-5
500110103001011,FRA-5
500110103001012,FRA-5
500110103001013,FRA-5
500110103001014,FRA-5
500110103001015,FRA-5
500110103001016,FRA-5
500110103001017,FRA-5
500110103001018,FRA-5
500110103001019,FRA-5
500110103001020,FRA-5
500110103001021,FRA-5
500110103001022,FRA-5
500110103001023,FRA-5
500110103001024,FRA-5
500110103001025,FRA-5
500110103001026,FRA-5
500110103001027,FRA-5
500110103001028,FRA-5
500110103001029,FRA-5
500110103001030,FRA-5
500110103001031,FRA-5
500110103001032,FRA-5
500110103001033,FRA-5
500110103002000,FRA-5
500110103002001,FRA-5
500110103002002,FRA-5
500110103002003,FRA-5
500110103002004,FRA-5
500110103002005,FRA-5
500110103002006,FRA-5
500110103002007,FRA-5
500110103002008,FRA-5
500110103002009,FRA-5
500110103002010,FRA-5
500110103002011,FRA-5
500110103002012,FRA-5
500110103002013,FRA-5
500110103002014,FRA-5
500110103002015,FRA-5
500110103002016,FRA-5
500110103002017,FRA-5
500110103002018,FRA-5
500110103002019,FRA-5
500110103002020,FRA-5
500110103002021,FRA-5
500110103002022,FRA-5
500110103002023,FRA-5
500110103002024,FRA-5
500110103002025,FRA-5
500110103002026,FRA-5
500110103002027,FRA-5
500110103002028,FRA-5
500110103002029,FRA-5
500110103002030,FRA-5
500110103002031,FRA-5
500110103002032,FRA-5
500110103002033,FRA-5
500110103002034,FRA-5
500110103002035,FRA-5
500110103002036,FRA-5
500110103002037,FRA-5
500110103002038,FRA-5
500110103002039,FRA-5
500110103002040,FRA-5
500110103002041,FRA-5
500110103002042,FRA-5
500110103002043,FRA-5
500110103002044,FRA-5
500110103002045,FRA-5
500110103002046,FRA-5
500110103002047,FRA-5
500110103002048,FRA-5
500110103002049,FRA-5
500110103002050,FRA-5
500110103002051,FRA-5
500110103002052,FRA-5
500110103002053,FRA-5
500110103002054,FRA-5
500070030001000,CHI-1
500070030001001,CHI-1
500070030001002,CHI-1
500070030001003,CHI-1
500070030001004,CHI-1
500070030001005,CHI-1
500070030001006,CHI-1
500070030001007,CHI-1
500070030001008,CHI-1
500070030001009,CHI-1
500070030001010,CHI-1
500070030001011,CHI-1
500070030001012,CHI-1
500070030001013,CHI-1
500070030001014,CHI-1
500070030001015,CHI-1
500070030001016,CHI-1
500070030001017,CHI-1
500070030001018,CHI-1
500070030001019,CHI-1
500070030001020,CHI-1
500070030001021,CHI-1
500070030001022,CHI-1
500070030001023,CHI-1
500070030001024,CHI-1
500070030001025,CHI-1
500070030001026,CHI-1
500070030001027,CHI-1
500070030001028,CHI-1
500070030001029,CHI-1
500070030001030,CHI-1
500070030001031,CHI-1
500070030001032,CHI-1
500070030001033,CHI-1
500070030001034,CHI-1
500070030001035,CHI-1
500070030001036,CHI-1
500070030001037,CHI-1
500070030001038,CHI-1
500070030001039,CHI-1
500070030001040,CHI-1
500070030001041,CHI-1
500070030001042,CHI-1
500070030001043,CHI-1
500070030001044,CHI-1
500070030001045,CHI-1
500070030001046,CHI-1
500070030001047,CHI-1
500070030001048,CHI-1
500070030001049,CHI-1
500070030001050,CHI-1
500070030001051,CHI-1
500070030001052,CHI-1
500070030001053,CHI-1
500070030001054,CHI-1
500070030001055,CHI-1
500070030001056,CHI-1
500070030001057,CHI-1
500070030001058,CHI-1
500070030001059,CHI-1
500070030001060,CHI-1
500070030001061,CHI-1
500070030001062,CHI-1
500070030001063,CHI-1
500070030001064,CHI-1
500070030001065,CHI-1
500070030001066,CHI-1
500070030001067,CHI-1
500070030001068,CHI-1
500070030001069,CHI-1
500070030001070,CHI-1
500070030001071,CHI-1
500070030002000,CHI-1
500070030002001,CHI-1
500070030002002,CHI-1
500070030002003,CHI-1
500070030002004,CHI-1
500070030002005,CHI-1
500070030002006,CHI-1
500070030002007,CHI-1
500070030002008,CHI-1
500070030002009,CHI-1
500070030002010,CHI-1
500070030002011,CHI-1
500070030002012,CHI-1
500070030002013,CHI-1
500070030002014,CHI-1
500070030002015,CHI-1
500070030002016,CHI-1
500070030002017,CHI-1
500070030002018,CHI-1
500070030002019,CHI-1
500070030002020,CHI-1
500070030002021,CHI-1
500070030002022,CHI-1
500070030002023,CHI-1
500070030002024,CHI-1
500070030002025,CHI-1
500070030002026,CHI-1
500070030002027,CHI-1
500070030002028,CHI-1
500070030002029,CHI-1
500070030002030,CHI-1
500070030002031,CHI-1
500070030002032,CHI-1
500070030002033,CHI-1
500070030002034,CHI-1
500070030002035,CHI-1
500070030002036,CHI-1
500070030002037,CHI-1
500070030002038,CHI-1
500070030002039,CHI-1
500070030002040,CHI-1
500070030002041,CHI-1
500070030002042,CHI-1
500070030002043,CHI-1
500070030002044,CHI-1
500070030002045,CHI-1
500070030002046,CHI-1
500070030002047,CHI-1
500070030002048,CHI-1
500070030002049,CHI-1
500070030002050,CHI-1
500070030002051,CHI-1
500070030002052,CHI-1
500070030002053,CHI-1
500070030002054,CHI-1
500070030002055,CHI-1
500070030002056,CHI-1
500070030002057,CHI-1
500070030002058,CHI-1
500070030002059,CHI-1
500070030002060,CHI-1
500070030002061,CHI-1
500070030002062,CHI-1
500070030002063,CHI-1
500070030002064,CHI-1
500070030002065,CHI-1
500070030002066,CHI-1
500070030002067,CHI-1
500070030002068,CHI-1
500070030002069,CHI-1
500070030002070,CHI-1
500070030002071,CHI-1
500070030002072,CHI-1
500070030002073,CHI-1
500070030002074,CHI-1
500070030002075,CHI-1
500070030002076,CHI-1
500070030002077,CHI-1
500070030002078,CHI-1
500070030002079,CHI-1
500070030002080,CHI-1
500070030002081,CHI-1
500070030002082,CHI-1
500070030002083,CHI-1
500070030002084,CHI-1
500070028001000,CHI-3
500070028001001,CHI-3
500070028001002,CHI-3
500070028001003,CHI-3
500070028001004,CHI-3
500070028001005,CHI-3
500070028001006,CHI-3
500070028001007,CHI-3
500070028001008,CHI-3
500070028001009,CHI-3
500070028001010,CHI-3
500070028001011,CHI-3
500070028001012,CHI-3
500070028001013,CHI-3
500070028001014,CHI-3
500070028001015,CHI-3
500070028001016,CHI-3
500070028001017,CHI-3
500070028001018,CHI-3
500070028001019,CHI-3
500070028002000,CHI-3
500070028002001,CHI-3
500070028002002,CHI-3
500070028002003,CHI-3
500070028002004,CHI-3
500070028002005,CHI-3
500070028002006,CHI-3
500070028002007,CHI-3
500070028002008,CHI-3
500070028002009,CHI-3
500070028002010,CHI-3
500070028002011,CHI-3
500070028002012,CHI-3
500070028002013,CHI-3
500070028002014,CHI-3
500070028002015,CHI-3
500070028002016,CHI-3
500070028002017,CHI-3
500070028002018,CHI-3
500070028002019,CHI-3
500070028002020,CHI-3
500070028002021,CHI-3
500070028002022,CHI-3
500070028002023,CHI-3
500070028002024,CHI-3
500070028002025,CHI-3
500070028002026,CHI-3
500070028002027,CHI-3
500070028002028,CHI-3
500070028002029,CHI-3
500070028002030,CHI-3
500070028002031,CHI-3
500070028002032,CHI-3
500070028002033,CHI-3
500070028002034,CHI-3
500070028002035,CHI-3
500070028002036,CHI-3
500070028002037,CHI-3
500070028002038,CHI-3
500070028002039,CHI-3
500070028002040,CHI-3
500070028002041,CHI-3
500070028002042,CHI-3
500070028002043,CHI-3
500070028002044,CHI-3
500070028002045,CHI-3
500070028002046,CHI-3
500070028002047,CHI-3
500070028002048,CHI-3
500070028002049,CHI-3
500070028002050,CHI-3
500070028002051,CHI-3
500070028002052,CHI-3
500070028003000,CHI-3
500070028003001,CHI-3
500070028003002,CHI-3
500070028003003,CHI-3
500070028003004,CHI-3
500070028003005,CHI-3
500070028003006,CHI-3
500070028003007,CHI-3
500070028003008,CHI-3
500070028003009,CHI-3
500070028003010,CHI-3
500070028003011,CHI-3
500070028003012,CHI-3
500070028003013,CHI-3
500070028003014,CHI-3
500070028003015,CHI-3
500070028003016,CHI-3
500070028003017,CHI-3
500070028003018,CHI-3
500070028003019,CHI-3
500070028003020,CHI-3
500070028003021,CHI-3
500070028003022,CHI-3
500070028004000,CHI-3
500070028004001,CHI-3
500070028004002,CHI-3
500070028004003,CHI-3
500070028004004,CHI-3
500070028004005,CHI-3
500070028004006,CHI-3
500070028004007,CHI-3
500070028004008,CHI-3
500070028004009,CHI-3
500070028004010,CHI-3
500070028004011,CHI-3
500070028004012,CHI-3
500070028004013,CHI-3
500070028004014,CHI-3
500070028004015,CHI-3
500070028004016,CHI-3
500070028004017,CHI-3
500070028004018,CHI-3
500070028004019,CHI-3
500070028004020,CHI-3
500070028004021,CHI-3
500070028004022,CHI-3
500070028004023,CHI-3
500070028004024,CHI-3
500070028004025,CHI-3
500070028004026,CHI-3
500070028004027,CHI-3
500070028004028,CHI-3
500070028004029,CHI-3
500070028004030,CHI-3
500070028004031,CHI-3
500070028004032,CHI-3
500070028004033,CHI-3
500070028004034,CHI-3
500070028004035,CHI-3
500130202003000,GI-CHI
500130202003001,GI-CHI
500130202003002,GI-CHI
500130202003003,GI-CHI
500130202003004,GI-CHI
500130202003005,GI-CHI
500130202003006,GI-CHI
500130202003007,GI-CHI
500130202003008,GI-CHI
500130202003009,GI-CHI
500130202003010,GI-CHI
500130202003011,GI-CHI
500130202003012,GI-CHI
500130202003013,GI-CHI
500130202003014,GI-CHI
500130202003015,GI-CHI
500130202003016,GI-CHI
500130202003017,GI-CHI
500130202003018,GI-CHI
500130202003019,GI-CHI
500130202003020,GI-CHI
500130202004000,GI-CHI
500130202004001,GI-CHI
500130202004002,GI-CHI
500130202004003,GI-CHI
500130202004004,GI-CHI
500130202004005,GI-CHI
500130202004006,GI-CHI
500130202004007,GI-CHI
500130202004008,GI-CHI
500130202004009,GI-CHI
500130202004010,GI-CHI
500130202004011,GI-CHI
500130202004012,GI-CHI
500130202004013,GI-CHI
500130202004014,GI-CHI
500130202004015,GI-CHI
500130202004016,GI-CHI
500130202004017,GI-CHI
500130202004018,GI-CHI
500130202004019,GI-CHI
500130202004020,GI-CHI
500130202004021,GI-CHI
500130202004022,GI-CHI
500130202004023,GI-CHI
500130202004024,GI-CHI
500130202004025,GI-CHI
500130202004026,GI-CHI
500130202004027,GI-CHI
500130202004028,GI-CHI
500130202004029,GI-CHI
500130202004030,GI-CHI
500130202004031,GI-CHI
500130202004032,GI-CHI
500130202004033,GI-CHI
500130202004034,GI-CHI
500130202004035,GI-CHI
500130202001000,GI-CHI
500130202001001,GI-CHI
500130202001002,GI-CHI
500130202001003,GI-CHI
500130202001004,GI-CHI
500130202001005,GI-CHI
500130202001006,GI-CHI
500130202001007,GI-CHI
500130202001008,GI-CHI
500130202001009,GI-CHI
500130202001010,GI-CHI
500130202001011,GI-CHI
500130202001012,GI-CHI
500130202001013,GI-CHI
500130202001014,GI-CHI
500130202001015,GI-CHI
500130202001016,GI-CHI
500130202001017,GI-CHI
500130202001018,GI-CHI
500130202001019,GI-CHI
500130202001020,GI-CHI
500130202002000,GI-CHI
500130202002001,GI-CHI
500130202002002,GI-CHI
500130202002003,GI-CHI
500130202002004,GI-CHI
500130202002005,GI-CHI
500130202002006,GI-CHI
500130202002007,GI-CHI
500130202002008,GI-CHI
500130202002009,GI-CHI
500130202002010,GI-CHI
500130202002011,GI-CHI
500130202002012,GI-CHI
500130202002013,GI-CHI
500130202002014,GI-CHI
500130202002015,GI-CHI
500130202002016,GI-CHI
500130202002017,GI-CHI
500130202002018,GI-CHI
500130202002019,GI-CHI
500130202002020,GI-CHI
500130202002021,GI-CHI
500130202002022,GI-CHI
500130202002023,GI-CHI
500130202002024,GI-CHI
500130202002025,GI-CHI
500130202002026,GI-CHI
500130202002027,GI-CHI
500130202002028,GI-CHI
500130202002029,GI-CHI
500130202002030,GI-CHI
500130202002031,GI-CHI
500130202002032,GI-CHI
500130202002033,GI-CHI
500130201003000,GI-CHI
500130201003001,GI-CHI
500130201003002,GI-CHI
500130201003003,GI-CHI
500130201003004,GI-CHI
500130201003005,GI-CHI
500130201003006,GI-CHI
500130201003007,GI-CHI
500130201003008,GI-CHI
500130201003009,GI-CHI
500130201003010,GI-CHI
500130201003011,GI-CHI
500130201003012,GI-CHI
500130201003013,GI-CHI
500130201003014,GI-CHI
500130201003015,GI-CHI
500130201003016,GI-CHI
500239542002000,WAS-5
500239542002001,WAS-5
500239542002002,WAS-5
500239542002003,WAS-5
500239542002004,WAS-5
500239542002005,WAS-5
500239542002006,WAS-5
500239542002007,WAS-5
500239542002008,WAS-5
500239542002009,WAS-5
500239542002010,WAS-5
500239542002011,WAS-5
500239542002012,WAS-5
500239542002013,WAS-5
500239542002014,WAS-5
500239542002015,WAS-5
500239542002016,WAS-5
500239542002017,WAS-5
500239542002018,WAS-5
500239542002019,WAS-5
500239542002020,WAS-5
500239542002021,WAS-5
500239542002022,WAS-5
500239542002023,WAS-5
500239542002024,WAS-5
500239542002025,WAS-5
500239542002026,WAS-5
500239542002027,WAS-5
500239542002028,WAS-5
500239542002029,WAS-5
500239542002030,WAS-5
500239542002031,WAS-5
500239542002032,WAS-5
500239542002033,WAS-5
500239542002034,WAS-5
500239542002035,WAS-5
500239542002036,WAS-5
500239542002037,WAS-5
500239542002038,WAS-5
500239542002039,WAS-5
500239542002040,WAS-5
500239542002041,WAS-5
500239542002042,WAS-5
500239542002043,WAS-5
500239542002044,WAS-5
500239542002045,WAS-5
500239542002046,WAS-5
500239542002047,WAS-5
500239542002048,WAS-5
500239542002049,WAS-5
500239542002050,WAS-5
500239542002051,WAS-5
500239542002052,WAS-5
500239542002053,WAS-5
500239542002054,WAS-5
500239542002055,WAS-5
500239542002056,WAS-5
500239542002057,WAS-5
500239542002058,WAS-5
500239542002059,WAS-5
500239542002060,WAS-5
500239542002061,WAS-5
500239542002062,WAS-5
500239542002063,WAS-5
500239542002064,WAS-5
500239542002065,WAS-5
500239542002066,WAS-5
500239542002067,WAS-5
500239542002068,WAS-5
500239542002069,WAS-5
500239542002070,WAS-5
500239542002071,WAS-5
500239542002072,WAS-5
500239542002073,WAS-5
500239545001000,WAS-1
500239545001001,WAS-1
500239545001002,WAS-1
500239545001003,WAS-1
500239545001004,WAS-1
500239545001005,WAS-1
500239545001006,WAS-1
500239545001007,WAS-1
500239545001008,WAS-1
500239545001009,WAS-1
500239545001010,WAS-1
500239545001011,WAS-1
500239545001012,WAS-1
500239545001013,WAS-1
500239545001014,WAS-1
500239545001015,WAS-1
500239545001016,WAS-1
500239545001017,WAS-1
500239545001018,WAS-1
500239545001019,WAS-1
500239545001020,WAS-1
500239545001021,WAS-1
500239545001022,WAS-1
500239545001023,WAS-1
500239545001024,WAS-1
500239545001025,WAS-1
500239545001026,WAS-1
500239545001027,WAS-1
500239545001028,WAS-1
500239545001029,WAS-1
500239545001030,WAS-1
500239545001031,WAS-1
500239545001032,WAS-1
500239545001033,WAS-1
500239545001034,WAS-1
500239545001035,WAS-1
500239545001036,WAS-1
500239545001037,WAS-1
500239545001038,WAS-1
500239545001039,WAS-1
500239545001040,WAS-1
500239545001041,WAS-1
500239545001042,WAS-1
500239545001043,WAS-1
500239545001044,WAS-1
500239545001045,WAS-1
500239545001046,WAS-1
500239545001047,WAS-1
500239545001048,WAS-1
500239545001049,WAS-1
500239545001050,WAS-1
500239545001051,WAS-1
500239545001052,WAS-1
500239545001053,WAS-1
500239545001054,WAS-1
500239545001055,WAS-1
500239545001056,WAS-1
500239545001057,WAS-1
500239545001058,WAS-1
500239545001059,WAS-1
500239545001060,WAS-1
500239545001061,WAS-1
500239545001062,WAS-1
500239545001063,WAS-1
500239545001064,WAS-1
500239545001065,WAS-1
500239545001066,WAS-1
500239545001067,WAS-1
500239545001068,WAS-1
500239545001069,WAS-1
500239545001070,WAS-1
500239545001071,WAS-1
500239545001072,WAS-1
500239545001073,WAS-1
500239545001074,WAS-1
500239545001075,WAS-1
500239545001076,WAS-1
500239545001077,WAS-1
500239545001078,WAS-1
500239545001079,WAS-1
500239545001080,WAS-1
500239545001081,WAS-1
500239545001082,WAS-1
500239545001083,WAS-1
500239545001084,WAS-1
500239545001085,WAS-1
500239545001086,WAS-1
500239545001087,WAS-1
500239545001088,WAS-1
500239545001089,WAS-1
500239545001090,WAS-1
500239545001091,WAS-1
500239545001092,WAS-1
500239545001093,WAS-1
500239545002000,WAS-1
500239545002001,WAS-1
500239545002002,WAS-1
500239545002003,WAS-1
500239545002004,WAS-1
500239545002005,WAS-1
500239545002006,WAS-1
500239545002007,WAS-1
500239545002008,WAS-1
500239545002009,WAS-1
500239545002010,WAS-1
500239545002011,WAS-1
500239545002012,WAS-1
500239545002013,WAS-1
500239545002014,WAS-1
500239545002015,WAS-1
500239545002016,WAS-1
500239545002017,WAS-1
500239545002018,WAS-1
500239545002019,WAS-1
500239545002020,WAS-1
500239545002021,WAS-1
500239545002022,WAS-1
500239545002023,WAS-1
500239545002024,WAS-1
500239545002025,WAS-1
500239545002026,WAS-1
500239545002027,WAS-1
500239545002028,WAS-1
500239545002029,WAS-1
500239545002030,WAS-1
500239545002031,WAS-1
500239545002032,WAS-1
500239545002033,WAS-1
500239545002034,WAS-1
500239545002035,WAS-1
500239545002036,WAS-1
500239545002037,WAS-1
500239545002038,WAS-1
500239545002039,WAS-1
500239545002040,WAS-1
500239545002041,WAS-1
500239545002042,WAS-1
500239545002043,WAS-1
500239545002044,WAS-1
500239545002045,WAS-1
500239545002046,WAS-1
500239545002047,WAS-1
500239545002048,WAS-1
500239545002049,WAS-1
500239545002050,WAS-1
500239545002051,WAS-1
500239545002052,WAS-1
500239545002053,WAS-1
500239545002054,WAS-1
500239545002055,WAS-1
500239545002056,WAS-1
500239545002057,WAS-1
500239545002058,WAS-1
500239545002059,WAS-1
500239545002060,WAS-1
500239545002061,WAS-1
500239545002062,WAS-1
500239545002063,WAS-1
500239545002064,WAS-1
500239545002065,WAS-1
500239545002066,WAS-1
500239545002067,WAS-1
500239545002068,WAS-1
500239545002069,WAS-1
500239545002070,WAS-1
500239545002071,WAS-1
500239545002072,WAS-1
500019603001000,ADD-3
500019603001001,ADD-3
500019603001002,ADD-3
500019603001003,ADD-3
500019603001004,ADD-3
500019603001005,ADD-3
500019603001006,ADD-3
500019603001007,ADD-3
500019603001008,ADD-3
500019603001009,ADD-3
500019603001010,ADD-3
500019603001011,ADD-3
500019603001012,ADD-3
500019603001013,ADD-3
500019603001014,ADD-3
500019603001015,ADD-3
500019603002000,ADD-3
500019603002001,ADD-3
500019603002002,ADD-3
500019603002003,ADD-3
500019603002004,ADD-3
500019603002005,ADD-3
500019603002006,ADD-3
500019603002007,ADD-3
500019603002008,ADD-3
500019603002009,ADD-3
500019603002010,ADD-3
500019603002011,ADD-3
500019603002012,ADD-3
500019603002013,ADD-3
500019603002014,ADD-3
500019603002015,ADD-3
500019603002016,ADD-3
500019603002017,ADD-3
500019603002018,ADD-3
500019603002019,ADD-3
500019603002020,ADD-3
500019603002021,ADD-3
500019603002022,ADD-3
500019603002023,ADD-3
500019603002024,ADD-3
500019603002025,ADD-3
500019603002026,ADD-3
500019603002027,ADD-3
500019603002028,ADD-3
500019603002029,ADD-3
500019603002030,ADD-3
500019603002031,ADD-3
500019603002032,ADD-3
500019603002033,ADD-3
500019601003000,ADD-4
500019601003001,ADD-4
500019601003002,ADD-4
500019601003003,ADD-4
500019601003004,ADD-4
500019601003005,ADD-4
500019601003006,ADD-4
500019601003007,ADD-4
500019601003008,ADD-4
500019601003009,ADD-4
500019601003010,ADD-4
500019601003011,ADD-4
500019601003012,ADD-4
500019601003013,ADD-4
500019601003014,ADD-4
500019601003015,ADD-4
500019601003016,ADD-4
500019601003017,ADD-4
500019601003018,ADD-4
500019601003019,ADD-4
500019601003020,ADD-4
500019601003021,ADD-4
500019601003022,ADD-4
500019601003023,ADD-4
500019601003024,ADD-4
500019601003025,ADD-4
500019601003026,ADD-4
500019601003027,ADD-4
500019601003028,ADD-4
500019601003029,ADD-4
500019601003030,ADD-4
500019601003031,ADD-4
500019601003032,ADD-4
500019601003033,ADD-4
500019601003034,ADD-4
500019601003035,ADD-4
500019601003036,ADD-4
500019601003037,ADD-4
500019601003038,ADD-4
500019601003039,ADD-4
500019601003040,ADD-4
500019601003041,ADD-4
500019601003042,ADD-4
500019601003043,ADD-4
500019601003044,ADD-4
500019601003045,ADD-4
500019601003046,ADD-4
500019601003047,ADD-4
500019601003048,ADD-4
500019601003049,ADD-4
500019601003050,ADD-4
500019601003051,ADD-4
500019601003052,ADD-4
500019601003053,ADD-4
500019601003054,ADD-4
500019601003055,ADD-4
500019601003056,ADD-4
500019601003057,ADD-4
500019601003058,ADD-4
500019601003059,ADD-4
500019601003060,ADD-4
500019601003061,ADD-4
500019601003062,ADD-4
500019601003063,ADD-4
500019601003064,ADD-4
500019601003065,ADD-4
500019601003066,ADD-4
500019601003067,ADD-4
500019601003068,ADD-4
500019601003069,ADD-4
500019601003070,ADD-4
500019601003071,ADD-4
500019601003072,ADD-4
500019601003073,ADD-4
500019601003074,ADD-4
500019601003075,ADD-4
500019601003076,ADD-4
500019601003077,ADD-4
500019601003078,ADD-4
500019601003079,ADD-4
500019601003080,ADD-4
500019601003081,ADD-4
500019601003082,ADD-4
500019601003083,ADD-4
500019601003084,ADD-4
500019601003085,ADD-4
500019601003086,ADD-4
500019601003087,ADD-4
500019601003088,ADD-4
500019601003089,ADD-4
500019601003090,ADD-4
500019601003091,ADD-4
500019601003092,ADD-4
500019601003093,ADD-4
500019601003094,ADD-4
500019601003095,ADD-4
500019601003096,ADD-4
500019601003097,ADD-4
500019601003098,ADD-4
500019601003099,ADD-4
500019601003100,ADD-4
500019601003101,ADD-4
500019601003102,ADD-4
500019601003103,ADD-4
500019601003104,ADD-4
500019601003105,ADD-4
500019601003106,ADD-4
500019601003107,ADD-4
500019601003108,ADD-4
500019601003109,ADD-4
500019601003110,ADD-4
500019601003111,ADD-4
500019601003112,ADD-4
500019601003113,ADD-4
500019601003114,ADD-4
500019601003115,ADD-4
500019601003116,ADD-4
500019601003117,ADD-4
500019601003118,ADD-4
500019601003119,ADD-4
500019601003120,ADD-4
500019601003121,ADD-4
500070035022000,CHI-7
500070035022001,CHI-7
500070035022002,CHI-7
500070035022003,CHI-7
500070035022004,CHI-7
500070035022005,CHI-7
500070035022006,CHI-7
500070035022007,CHI-7
500070035022008,CHI-7
500070035022009,CHI-7
500070035022010,CHI-7
500070035022011,CHI-7
500070035022012,CHI-7
500070035022013,CHI-7
500070035022014,CHI-7
500070035022015,CHI-7
500070035022016,CHI-7
500070035022017,CHI-7
500070035022018,CHI-7
500070035022019,CHI-7
500070035022020,CHI-7
500070035022021,CHI-7
500070035022022,CHI-7
500070035022023,CHI-7
500070035022024,CHI-7
500070035022025,CHI-7
500070003005000,CHI-15
500070006001000,CHI-15
500070006001001,CHI-15
500070006001002,CHI-15
500070006001003,CHI-15
500070006001004,CHI-15
500070006001005,CHI-15
500070006001006,CHI-15
500070006001007,CHI-15
500070006001008,CHI-15
500070006001009,CHI-15
500070006001010,CHI-15
500070006001011,CHI-15
500070006002000,CHI-15
500070006002001,CHI-15
500070006002002,CHI-15
500070006002003,CHI-15
500070006002004,CHI-15
500070006002005,CHI-15
500070006002006,CHI-15
500070006002007,CHI-15
500070006003000,CHI-15
500070006003001,CHI-15
500070006003002,CHI-15
500070006003003,CHI-15
500070006003004,CHI-15
500070006003005,CHI-15
500070006003006,CHI-15
500070006003007,CHI-15
500070006003008,CHI-15
500070006003009,CHI-15
500070006003010,CHI-15
500070006003011,CHI-15
500070006003012,CHI-15
500070006003013,CHI-15
500070006003014,CHI-15
500070006003015,CHI-15
500070006003016,CHI-15
500070039003000,CHI-15
500070039003001,CHI-15
500070039003002,CHI-15
500070039003003,CHI-15
500070039003006,CHI-15
500070039005000,CHI-15
500070041001000,CHI-15
500070035031095,WAS-CHI
500070035031096,WAS-CHI
500070035031097,WAS-CHI
500070035031098,WAS-CHI
500130201001000,GI-CHI
500130201001001,GI-CHI
500130201001002,GI-CHI
500130201001003,GI-CHI
500130201001004,GI-CHI
500130201001005,GI-CHI
500130201001006,GI-CHI
500130201001007,GI-CHI
500130201001008,GI-CHI
500130201001009,GI-CHI
500130201001010,GI-CHI
500130201001011,GI-CHI
500130201001012,GI-CHI
500130201001013,GI-CHI
500130201001014,GI-CHI
500130201001015,GI-CHI
500130201001016,GI-CHI
500130201001017,GI-CHI
500130201001018,GI-CHI
500130201001019,GI-CHI
500130201001020,GI-CHI
500130201001021,GI-CHI
500130201001022,GI-CHI
500130201001023,GI-CHI
500130201001024,GI-CHI
500130201001025,GI-CHI
500130201001026,GI-CHI
500130201001027,GI-CHI
500130201001028,GI-CHI
500130201001029,GI-CHI
500130201001030,GI-CHI
500130201001031,GI-CHI
500130201001032,GI-CHI
500130201001033,GI-CHI
500130201001034,GI-CHI
500130201001035,GI-CHI
500130201001036,GI-CHI
500130201001037,GI-CHI
500130201001038,GI-CHI
500130201001039,GI-CHI
500130201004000,GI-CHI
500130201004001,GI-CHI
500130201004002,GI-CHI
500130201004003,GI-CHI
500130201004004,GI-CHI
500130201004005,GI-CHI
500130201004006,GI-CHI
500130201004007,GI-CHI
500130201004008,GI-CHI
500130201004009,GI-CHI
500130201004010,GI-CHI
500130201004011,GI-CHI
500130201004012,GI-CHI
500130201004013,GI-CHI
500130201004014,GI-CHI
500130201004015,GI-CHI
500130201004016,GI-CHI
500130201004017,GI-CHI
500130201004018,GI-CHI
500130201004019,GI-CHI
500130201004020,GI-CHI
500130201004021,GI-CHI
500130201004022,GI-CHI
500130201004023,GI-CHI
500130201004024,GI-CHI
500130201004025,GI-CHI
500130201004026,GI-CHI
500130201004027,GI-CHI
500130201004028,GI-CHI
500130201004029,GI-CHI
500130201004030,GI-CHI
500130201004031,GI-CHI
500130201004032,GI-CHI
500130201004033,GI-CHI
500130201002000,GI-CHI
500130201002001,GI-CHI
500130201002002,GI-CHI
500130201002003,GI-CHI
500130201002004,GI-CHI
500130201002005,GI-CHI
500130201002006,GI-CHI
500130201002007,GI-CHI
500130201002008,GI-CHI
500110108001000,FRA-3
500110108001001,FRA-3
500110108001002,FRA-3
500110108001003,FRA-3
500110108001004,FRA-3
500110108001005,FRA-3
500110108001006,FRA-3
500110108001007,FRA-3
500110108001008,FRA-3
500110108001009,FRA-3
500110108002000,FRA-3
500110108002001,FRA-3
500110108002002,FRA-3
500110107001000,FRA-3
500110107001001,FRA-3
500110107001002,FRA-3
500110107001003,FRA-3
500110107001004,FRA-3
500110107001005,FRA-3
500110107001006,FRA-3
500110107001007,FRA-3
500110107001008,FRA-3
500110107001009,FRA-3
500110107001010,FRA-3
500110107001011,FRA-3
500110107002000,FRA-3
500110107002001,FRA-3
500110107002002,FRA-3
500110107002003,FRA-3
500110107002004,FRA-3
500110107003006,FRA-3
500110107001012,FRA-3
500110107001013,FRA-3
500110107001014,FRA-3
500110107001015,FRA-3
500110107002005,FRA-3
500110107002006,FRA-3
500110107002007,FRA-3
500110107002008,FRA-3
500110107002009,FRA-3
500110107002010,FRA-3
500110107002011,FRA-3
500110107002012,FRA-3
500110107002013,FRA-3
500110107002014,FRA-3
500110107003004,FRA-3
500110107003005,FRA-3
500110107003000,FRA-8
500110107003001,FRA-8
500110107003002,FRA-8
500110107003003,FRA-8
500110107003007,FRA-8
500110107003008,FRA-8
500110107003009,FRA-8
500110107003010,FRA-8
500110107004000,FRA-8
500110107004001,FRA-8
500110107004002,FRA-8
500110107004003,FRA-8
500110107004004,FRA-8
500110107004005,FRA-8
500110107004006,FRA-8
500110107004007,FRA-8
500110107004008,FRA-8
500110107004009,FRA-8
500110107004010,FRA-8
500110107004011,FRA-8
500110107004012,FRA-8
500110107004013,FRA-8
500239546001000,WAS-4
500239546001001,WAS-4
500239546001002,WAS-4
500239546001003,WAS-4
500239546001004,WAS-4
500239546001005,WAS-4
500239546001006,WAS-4
500239546001007,WAS-4
500239546001008,WAS-4
500239546001009,WAS-4
500239546001010,WAS-4
500239546001011,WAS-4
500239546001012,WAS-4
500239546001013,WAS-4
500239546001014,WAS-4
500239546001015,WAS-4
500239546001016,WAS-4
500239546001017,WAS-4
500239546001018,WAS-4
500239546001019,WAS-4
500239546001020,WAS-4
500239546001021,WAS-4
500239546002000,WAS-4
500239546002001,WAS-4
500239546002002,WAS-4
500239546002003,WAS-4
500239546002004,WAS-4
500239546002005,WAS-4
500239546002006,WAS-4
500239546002007,WAS-4
500239546002008,WAS-4
500239546002009,WAS-4
500239546002010,WAS-4
500239546002011,WAS-4
500239546002012,WAS-4
500239546002013,WAS-4
500239546002014,WAS-4
500239546002015,WAS-4
500239546002016,WAS-4
500239546002017,WAS-4
500239546002018,WAS-4
500239546002019,WAS-4
500239546002020,WAS-4
500239546002021,WAS-4
500239546002022,WAS-4
500239546002023,WAS-4
500239546002024,WAS-4
500239546002025,WAS-4
500239546002026,WAS-4
500239546002027,WAS-4
500239546002028,WAS-4
500239546002029,WAS-4
500239546002030,WAS-4
500239546002031,WAS-4
500239546002032,WAS-4
500239546002033,WAS-4
500239546002034,WAS-4
500239546002035,WAS-4
500239546002036,WAS-4
500239546002037,WAS-4
500239546002038,WAS-4
500239546002039,WAS-4
500239547002000,WAS-4
500239547002001,WAS-4
500239547002002,WAS-4
500239547002003,WAS-4
500239547002004,WAS-4
500239547002005,WAS-4
500239547002006,WAS-4
500239547002007,WAS-4
500239547002013,WAS-4
500239547002014,WAS-4
500239548001006,WAS-4
500239548001007,WAS-4
500239548001009,WAS-4
500239548001010,WAS-4
500239548001011,WAS-4
500239548001012,WAS-4
500239548002000,WAS-4
500239548002001,WAS-4
500239548002002,WAS-4
500239548002003,WAS-4
500239548002004,WAS-4
500239548002005,WAS-4
500239548002006,WAS-4
500239547001000,WAS-4
500239547001001,WAS-4
500239547001002,WAS-4
500239547001003,WAS-4
500239547001004,WAS-4
500239547001005,WAS-4
500239547001006,WAS-4
500239547001007,WAS-4
500239547001008,WAS-4
500239547001009,WAS-4
500239547001010,WAS-4
500239547001011,WAS-4
500239547001012,WAS-4
500239547001013,WAS-4
500239547001014,WAS-4
500239547001015,WAS-4
500239547001016,WAS-4
500239547001017,WAS-4
500239547001018,WAS-4
500239547001019,WAS-4
500239547001020,WAS-4
500239547001021,WAS-4
500239547001022,WAS-4
500239547001023,WAS-4
500239547001024,WAS-4
500239547002008,WAS-4
500239547002009,WAS-4
500239547002010,WAS-4
500239547002011,WAS-4
500239547002012,WAS-4
500239547002015,WAS-4
500239547002016,WAS-4
500239548001000,WAS-4
500239548001001,WAS-4
500239548001002,WAS-4
500239548001003,WAS-4
500239548001004,WAS-4
500239548001005,WAS-4
500239548001008,WAS-4
500239548001013,WAS-4
500239548001014,WAS-4
500239548001015,WAS-4
500239548001016,WAS-4
500239548001017,WAS-4
500239548001018,WAS-4
500239548002007,WAS-4
500239548002008,WAS-4
500239548002009,WAS-4
500239548002010,WAS-4
500239548002011,WAS-4
500239548002012,WAS-4
500239548002013,WAS-4
500239548002014,WAS-4
500239548002015,WAS-4
500239548002016,WAS-4
500239548002017,WAS-4
500239548002018,WAS-4
500239548002019,WAS-4
500239548002020,WAS-4
500239548002021,WAS-4
500239548002022,WAS-4
500239548002023,WAS-4
500239548002024,WAS-4
500239548002025,WAS-4
500239549001000,WAS-4
500239549001001,WAS-4
500239549001002,WAS-4
500239549001003,WAS-4
500239549001004,WAS-4
500239549001005,WAS-4
500239549001006,WAS-4
500239549001007,WAS-4
500239549001008,WAS-4
500239549001009,WAS-4
500239549001010,WAS-4
500239549001011,WAS-4
500239549001012,WAS-4
500239549001013,WAS-4
500239549001014,WAS-4
500239549001015,WAS-4
500239549001016,WAS-4
500239549001017,WAS-4
500239549001018,WAS-4
500239549001019,WAS-4
500239549001020,WAS-4
500239549001021,WAS-4
500239549001022,WAS-4
500239549001023,WAS-4
500239549001024,WAS-4
500239549001025,WAS-4
500239549001026,WAS-4
500239549001027,WAS-4
500239549001028,WAS-4
500239549001029,WAS-4
500239549002000,WAS-4
500239549002001,WAS-4
500239549002002,WAS-4
500239549002003,WAS-4
500239549002004,WAS-4
500239549002005,WAS-4
500239549002006,WAS-4
500239549002007,WAS-4
500239549002008,WAS-4
500239549002009,WAS-4
500239549002010,WAS-4
500239549002011,WAS-4
500239549002012,WAS-4
500239549002013,WAS-4
500239549002014,WAS-4
500239549002015,WAS-4
500239549002016,WAS-4
500239549002017,WAS-4
500239549002018,WAS-4
500239549002019,WAS-4
500239551001000,WAS-3
500239551001001,WAS-3
500239551001002,WAS-3
500239551001003,WAS-3
500239551001004,WAS-3
500239551001005,WAS-3
500239551001006,WAS-3
500239551001007,WAS-3
500239551001010,WAS-3
500239551001011,WAS-3
500239551001012,WAS-3
500239551001014,WAS-3
500239551001015,WAS-3
500239551001016,WAS-3
500239551001019,WAS-3
500239551001020,WAS-3
500239551001021,WAS-3
500239551001022,WAS-3
500239551001023,WAS-3
500239551001024,WAS-3
500239551002019,WAS-3
500239551002034,WAS-3
500239551003000,WAS-3
500239551003001,WAS-3
500239551003002,WAS-3
500239551003003,WAS-3
500239551003004,WAS-3
500239551003005,WAS-3
500239551003006,WAS-3
500239551003007,WAS-3
500239551003008,WAS-3
500239551003009,WAS-3
500239551003010,WAS-3
500239551003011,WAS-3
500239551003014,WAS-3
500239551003015,WAS-3
500239551003016,WAS-3
500239551003017,WAS-3
500239551003018,WAS-3
500239551003019,WAS-3
500239551003020,WAS-3
500239551003021,WAS-3
500239551004000,WAS-3
500239551004001,WAS-3
500239551004002,WAS-3
500239551004003,WAS-3
500239551004004,WAS-3
500239551004005,WAS-3
500239551004006,WAS-3
500239551004007,WAS-3
500239551004008,WAS-3
500239551004009,WAS-3
500239551004010,WAS-3
500239551004011,WAS-3
500239551004012,WAS-3
500239551004013,WAS-3
500239551004014,WAS-3
500239551004015,WAS-3
500239551004016,WAS-3
500239551004017,WAS-3
500239551001008,WAS-3
500239551001009,WAS-3
500239551001013,WAS-3
500239551001017,WAS-3
500239551001018,WAS-3
500239552001000,WAS-3
500239552003003,WAS-3
500239552003004,WAS-3
500239552003005,WAS-3
500239552003008,WAS-3
500239552004000,WAS-3
500239552004001,WAS-3
500239552004002,WAS-3
500239552004003,WAS-3
500239552004004,WAS-3
500239552004005,WAS-3
500239552004006,WAS-3
500239552004007,WAS-3
500239552004008,WAS-3
500239552004009,WAS-3
500239552004010,WAS-3
500239552004011,WAS-3
500239552004012,WAS-3
500239552004013,WAS-3
500239552004014,WAS-3
500239552004015,WAS-3
500239552004016,WAS-3
500239552004017,WAS-3
500239552004018,WAS-3
500239552004019,WAS-3
500239552004020,WAS-3
500239552005000,WAS-3
500239552005001,WAS-3
500239552005002,WAS-3
500239552005003,WAS-3
500239552005004,WAS-3
500239552005005,WAS-3
500239552005006,WAS-3
500239552005007,WAS-3
500239552005008,WAS-3
500239552005009,WAS-3
500239552005010,WAS-3
500239552005011,WAS-3
500239552005012,WAS-3
500239552005013,WAS-3
500239552005014,WAS-3
500239552005015,WAS-3
500239552005016,WAS-3
500239552005017,WAS-3
500239552005018,WAS-3
500239552005019,WAS-3
500239552005020,WAS-3
500239552005021,WAS-3
500239552005022,WAS-3
500239552005023,WAS-3
500239552005024,WAS-3
500239552006000,WAS-3
500239552006001,WAS-3
500239552006002,WAS-3
500239552006003,WAS-3
500239552006004,WAS-3
500239552006005,WAS-3
500239552006006,WAS-3
500239552006007,WAS-3
500239552006008,WAS-3
500239552006009,WAS-3
500239552006010,WAS-3
500239552006011,WAS-3
500239552006012,WAS-3
500239552006013,WAS-3
500239552006014,WAS-3
500239552006015,WAS-3
500239551002000,WAS-3
500239551002001,WAS-3
500239551002002,WAS-3
500239551002003,WAS-3
500239551002004,WAS-3
500239551002005,WAS-3
500239551002006,WAS-3
500239551002007,WAS-3
500239551002008,WAS-3
500239551002009,WAS-3
500239551002010,WAS-3
500239551002011,WAS-3
500239551002012,WAS-3
500239551002013,WAS-3
500239551002014,WAS-3
500239551002015,WAS-3
500239551002016,WAS-3
500239551002017,WAS-3
500239551002018,WAS-3
500239551002020,WAS-3
500239551002021,WAS-3
500239551002022,WAS-3
500239551002023,WAS-3
500239551002024,WAS-3
500239551002025,WAS-3
500239551002026,WAS-3
500239551002027,WAS-3
500239551002028,WAS-3
500239551002029,WAS-3
500239551002030,WAS-3
500239551002031,WAS-3
500239551002032,WAS-3
500239551002033,WAS-3
500239551003012,WAS-3
500239551003013,WAS-3
500239552001001,WAS-3
500239552001002,WAS-3
500239552001003,WAS-3
500239552001004,WAS-3
500239552001005,WAS-3
500239552001006,WAS-3
500239552001007,WAS-3
500239552001008,WAS-3
500239552001009,WAS-3
500239552001010,WAS-3
500239552001011,WAS-3
500239552001012,WAS-3
500239552001013,WAS-3
500239552001014,WAS-3
500239552001015,WAS-3
500239552001016,WAS-3
500239552001017,WAS-3
500239552002000,WAS-3
500239552002001,WAS-3
500239552002002,WAS-3
500239552002003,WAS-3
500239552002004,WAS-3
500239552002005,WAS-3
500239552002006,WAS-3
500239552002007,WAS-3
500239552002008,WAS-3
500239552002009,WAS-3
500239552002010,WAS-3
500239552002011,WAS-3
500239552002012,WAS-3
500239552002013,WAS-3
500239552002014,WAS-3
500239552002015,WAS-3
500239552002016,WAS-3
500239552002017,WAS-3
500239552002018,WAS-3
500239552003000,WAS-3
500239552003001,WAS-3
500239552003002,WAS-3
500239552003006,WAS-3
500239552003007,WAS-3
500239552003009,WAS-3
500239552003010,WAS-3
500159530002000,LAM-2
500159530002001,LAM-2
500159530002002,LAM-2
500159530002003,LAM-2
500159530002004,LAM-2
500159530002005,LAM-2
500159530002006,LAM-2
500159530002007,LAM-2
500159530002008,LAM-2
500159530002009,LAM-2
500159530002010,LAM-2
500159530002011,LAM-2
500159530002012,LAM-2
500159530002013,LAM-2
500159530002014,LAM-2
500159530002015,LAM-2
500159530002016,LAM-2
500159530002017,LAM-2
500159530002018,LAM-2
500159530002019,LAM-2
500159530002020,LAM-2
500159530002031,LAM-2
500159530002032,LAM-2
500159530002044,LAM-2
500159530002045,LAM-2
500099505001067,ESX-CAL
500099505001072,ESX-CAL
500099505001073,ESX-CAL
500099505001087,ESX-CAL
500099505001088,ESX-CAL
500099505001089,ESX-CAL
500099505001090,ESX-CAL
500099505001091,ESX-CAL
500099505001092,ESX-CAL
500099505001096,ESX-CAL
500099505001097,ESX-CAL
500099505001098,ESX-CAL
500099505001099,ESX-CAL
500099505001102,ESX-CAL
500099505001103,ESX-CAL
500099505001104,ESX-CAL
500099505001105,ESX-CAL
500099505001106,ESX-CAL
500099505001107,ESX-CAL
500099505001108,ESX-CAL
500099505001109,ESX-CAL
500099505001110,ESX-CAL
500099505001111,ESX-CAL
500099505001112,ESX-CAL
500099505001113,ESX-CAL
500099505001114,ESX-CAL
500099505001115,ESX-CAL
500099505001116,ESX-CAL
500099505001119,ESX-CAL
500099505001128,ESX-CAL
500099505001129,ESX-CAL
500099505001130,ESX-CAL
500099505001131,ESX-CAL
500099505001132,ESX-CAL
500099505001133,ESX-CAL
500099505001134,ESX-CAL
500099505001144,ESX-CAL
500099505003000,ESX-CAL
500099505003001,ESX-CAL
500099505003002,ESX-CAL
500099505003003,ESX-CAL
500099505003004,ESX-CAL
500099505003005,ESX-CAL
500099505003006,ESX-CAL
500099505003007,ESX-CAL
500099505003008,ESX-CAL
500099505003009,ESX-CAL
500099505003010,ESX-CAL
500099505003011,ESX-CAL
500099505003012,ESX-CAL
500099505003013,ESX-CAL
500099505003014,ESX-CAL
500099505003015,ESX-CAL
500099505003016,ESX-CAL
500099505003017,ESX-CAL
500099505003018,ESX-CAL
500099505003019,ESX-CAL
500099505003020,ESX-CAL
500099505003021,ESX-CAL
500099505003022,ESX-CAL
500099505003023,ESX-CAL
500099505003024,ESX-CAL
500099505003025,ESX-CAL
500099505003026,ESX-CAL
500099505003027,ESX-CAL
500099505003028,ESX-CAL
500099505003029,ESX-CAL
500099505003030,ESX-CAL
500099505003031,ESX-CAL
500099505003032,ESX-CAL
500099505003033,ESX-CAL
500099505003034,ESX-CAL
500099505003035,ESX-CAL
500099505003036,ESX-CAL
500099505003037,ESX-CAL
500099505003038,ESX-CAL
500099505003039,ESX-CAL
500099505003040,ESX-CAL
500099505003041,ESX-CAL
500099505003042,ESX-CAL
500099505003043,ESX-CAL
500099505003044,ESX-CAL
500099505003045,ESX-CAL
500099505003046,ESX-CAL
500099505003047,ESX-CAL
500099505003048,ESX-CAL
500099505003049,ESX-CAL
500099505003050,ESX-CAL
500099505003051,ESX-CAL
500099505003052,ESX-CAL
500099505001074,ESX-CAL
500099505001075,ESX-CAL
500099505001076,ESX-CAL
500099505001077,ESX-CAL
500099505001078,ESX-CAL
500099505001079,ESX-CAL
500099505001080,ESX-CAL
500099505001081,ESX-CAL
500099505001082,ESX-CAL
500099505001083,ESX-CAL
500099505001084,ESX-CAL
500099505001085,ESX-CAL
500099505001086,ESX-CAL
500099505001093,ESX-CAL
500099505001094,ESX-CAL
500099505001095,ESX-CAL
500099505001100,ESX-CAL
500099505001101,ESX-CAL
500099505001136,ESX-CAL
500099505001137,ESX-CAL
500099505001138,ESX-CAL
500099505001030,ESX-CAL
500099505001031,ESX-CAL
500099505001032,ESX-CAL
500099505001034,ESX-CAL
500099505001035,ESX-CAL
500099505001036,ESX-CAL
500099505001037,ESX-CAL
500099505001038,ESX-CAL
500099505001039,ESX-CAL
500099505001040,ESX-CAL
500099505001041,ESX-CAL
500099505001042,ESX-CAL
500099505001043,ESX-CAL
500099505001044,ESX-CAL
500099505001045,ESX-CAL
500099505001046,ESX-CAL
500099505001047,ESX-CAL
500099505001048,ESX-CAL
500099505001049,ESX-CAL
500099505001050,ESX-CAL
500099505001051,ESX-CAL
500099505001069,ESX-CAL
500099505001139,ESX-CAL
500099505001140,ESX-CAL
500099505001141,ESX-CAL
500099505001145,ESX-CAL
500099505001150,ESX-CAL
500099505001000,ESX-CAL
500099505001001,ESX-CAL
500099505001002,ESX-CAL
500099505001003,ESX-CAL
500099505001004,ESX-CAL
500099505001005,ESX-CAL
500099505001006,ESX-CAL
500099505001007,ESX-CAL
500099505001008,ESX-CAL
500099505001009,ESX-CAL
500099505001010,ESX-CAL
500099505001011,ESX-CAL
500099505001012,ESX-CAL
500099505001013,ESX-CAL
500099505001014,ESX-CAL
500099505001015,ESX-CAL
500099505001016,ESX-CAL
500099505001017,ESX-CAL
500099505001018,ESX-CAL
500099505001019,ESX-CAL
500099505001020,ESX-CAL
500099505001021,ESX-CAL
500099505001022,ESX-CAL
500099505001023,ESX-CAL
500099505001024,ESX-CAL
500099505001025,ESX-CAL
500099505001026,ESX-CAL
500099505001027,ESX-CAL
500099505001028,ESX-CAL
500099505001029,ESX-CAL
500099505001146,ESX-CAL
500099505001147,ESX-CAL
500099505001148,ESX-CAL
500099505001149,ESX-CAL
500099505001151,ESX-CAL
500099505001152,ESX-CAL
500059570003066,CAL-2
500059570003071,CAL-2
500059570003072,CAL-2
500059570003073,CAL-2
500059570003074,CAL-2
500059570003075,CAL-2
500059570003076,CAL-2
500059570003077,CAL-2
500059570003079,CAL-2
500059570003080,CAL-2
500059570003081,CAL-2
500059570003082,CAL-2
500059570003083,CAL-2
500059570003141,CAL-2
500059570003142,CAL-2
500059570003143,CAL-2
500059570003144,CAL-2
500059570003146,CAL-2
500059570003147,CAL-2
500059570003149,CAL-2
500199511001000,ESX-ORL
500199511001001,ESX-ORL
500199511001002,ESX-ORL
500199511001003,ESX-ORL
500199511001004,ESX-ORL
500199511001005,ESX-ORL
500199511001006,ESX-ORL
500199511001007,ESX-ORL
500199511001008,ESX-ORL
500199511001009,ESX-ORL
500199511001010,ESX-ORL
500199511001011,ESX-ORL
500199511001012,ESX-ORL
500199511001013,ESX-ORL
500199511001014,ESX-ORL
500199511001015,ESX-ORL
500199511001016,ESX-ORL
500199511001017,ESX-ORL
500199511001018,ESX-ORL
500199511001019,ESX-ORL
500199511001020,ESX-ORL
500199511001021,ESX-ORL
500199511001022,ESX-ORL
500199511001023,ESX-ORL
500199511001024,ESX-ORL
500199511001025,ESX-ORL
500199511001026,ESX-ORL
500199511001027,ESX-ORL
500199511001028,ESX-ORL
500199511001029,ESX-ORL
500199511001030,ESX-ORL
500199511001031,ESX-ORL
500199511001032,ESX-ORL
500199511001033,ESX-ORL
500199511001034,ESX-ORL
500199511001059,ESX-ORL
500199511001060,ESX-ORL
500199511001061,ESX-ORL
500199511001073,ESX-ORL
500199511001080,ESX-ORL
500199511001093,ESX-ORL
500199511001094,ESX-ORL
500099501001000,ESX-ORL
500099501001001,ESX-ORL
500099501001002,ESX-ORL
500099501001003,ESX-ORL
500099501001004,ESX-ORL
500099501001005,ESX-ORL
500099501001006,ESX-ORL
500099501001007,ESX-ORL
500099501001008,ESX-ORL
500099501001009,ESX-ORL
500099501001010,ESX-ORL
500099501001011,ESX-ORL
500099501001012,ESX-ORL
500099501001013,ESX-ORL
500099501001014,ESX-ORL
500099501001015,ESX-ORL
500099501001016,ESX-ORL
500099501001017,ESX-ORL
500099501001020,ESX-ORL
500099501001021,ESX-ORL
500099501001022,ESX-ORL
500099501001023,ESX-ORL
500099501001024,ESX-ORL
500099501001025,ESX-ORL
500099501001026,ESX-ORL
500099501001027,ESX-ORL
500099501001028,ESX-ORL
500099501001029,ESX-ORL
500099501001030,ESX-ORL
500099501001031,ESX-ORL
500099501001032,ESX-ORL
500099501001033,ESX-ORL
500099501001034,ESX-ORL
500099501001035,ESX-ORL
500099501001036,ESX-ORL
500099501001037,ESX-ORL
500099501001038,ESX-ORL
500099501001039,ESX-ORL
500099501001040,ESX-ORL
500099501001052,ESX-ORL
500099501001053,ESX-ORL
500099501001054,ESX-ORL
500099501001055,ESX-ORL
500099501001064,ESX-ORL
500099501001065,ESX-ORL
500099501001066,ESX-ORL
500099501001067,ESX-ORL
500099501001290,ESX-ORL
500099501001291,ESX-ORL
500099505002000,CAL-ESX
500099505002001,CAL-ESX
500099505002002,CAL-ESX
500099505002003,CAL-ESX
500099505002004,CAL-ESX
500099505002005,CAL-ESX
500099505002006,CAL-ESX
500099505002007,CAL-ESX
500099505002008,CAL-ESX
500099505002009,CAL-ESX
500099505002010,CAL-ESX
500099505002011,CAL-ESX
500099505002012,CAL-ESX
500099505002013,CAL-ESX
500099505002014,CAL-ESX
500099505002015,CAL-ESX
500099505002016,CAL-ESX
500099505002017,CAL-ESX
500099505002018,CAL-ESX
500099505002019,CAL-ESX
500099505002020,CAL-ESX
500099505002021,CAL-ESX
500099505002022,CAL-ESX
500099505002023,CAL-ESX
500099505002024,CAL-ESX
500099505002025,CAL-ESX
500099505002026,CAL-ESX
500099505002027,CAL-ESX
500099505002028,CAL-ESX
500099505002029,CAL-ESX
500099505002030,CAL-ESX
500099505002031,CAL-ESX
500099505002032,CAL-ESX
500099505002033,CAL-ESX
500099505002034,CAL-ESX
500099505002035,CAL-ESX
500099505002036,CAL-ESX
500099505002037,CAL-ESX
500099505002038,CAL-ESX
500099505002039,CAL-ESX
500099505002040,CAL-ESX
500099505002041,CAL-ESX
500099505002042,CAL-ESX
500099505002043,CAL-ESX
500099505002044,CAL-ESX
500099505002045,CAL-ESX
500099505002046,CAL-ESX
500099505002047,CAL-ESX
500099505002048,CAL-ESX
500099505002049,CAL-ESX
500099505002050,CAL-ESX
500099505002051,CAL-ESX
500099505002052,CAL-ESX
500099505002053,CAL-ESX
500099505002054,CAL-ESX
500099505002055,CAL-ESX
500099505002056,CAL-ESX
500099505002057,CAL-ESX
500099505002058,CAL-ESX
500099505002059,CAL-ESX
500099505002060,CAL-ESX
500099505002061,CAL-ESX
500099505002062,CAL-ESX
500099505002063,CAL-ESX
500099505002064,CAL-ESX
500099505002065,CAL-ESX
500099505002066,CAL-ESX
500099505002067,CAL-ESX
500099505002068,CAL-ESX
500099505002069,CAL-ESX
500099505002070,CAL-ESX
500099505002071,CAL-ESX
500099505002072,CAL-ESX
500099505002073,CAL-ESX
500099505002074,CAL-ESX
500099505002075,CAL-ESX
500099505002076,CAL-ESX
500099505002077,CAL-ESX
500099505002078,CAL-ESX
500099505002079,CAL-ESX
500099505002080,CAL-ESX
500099505002081,CAL-ESX
500099505002082,CAL-ESX
500099505002083,CAL-ESX
500099505002084,CAL-ESX
500099505002085,CAL-ESX
500099505002086,CAL-ESX
500099505002087,CAL-ESX
500099505002088,CAL-ESX
500099505002089,CAL-ESX
500099505002090,CAL-ESX
500099505002091,CAL-ESX
500099505002092,CAL-ESX
500099505002093,CAL-ESX
500099505002094,CAL-ESX
500099505002095,CAL-ESX
500099505002096,CAL-ESX
500099505002097,CAL-ESX
500099505002098,CAL-ESX
500099505002099,CAL-ESX
500099505002100,CAL-ESX
500099505002101,CAL-ESX
500099505002102,CAL-ESX
500099505002103,CAL-ESX
500099505002104,CAL-ESX
500099505002105,CAL-ESX
500099505002106,CAL-ESX
500099505002107,CAL-ESX
500099505002108,CAL-ESX
500099505002109,CAL-ESX
500099505002110,CAL-ESX
500099505002111,CAL-ESX
500099505002112,CAL-ESX
500099505002113,CAL-ESX
500099505002114,CAL-ESX
500099505002115,CAL-ESX
500099501001019,ESX-ORL
500099501001041,ESX-ORL
500099501001042,ESX-ORL
500099501001043,ESX-ORL
500099501001044,ESX-ORL
500099501001045,ESX-ORL
500099501001046,ESX-ORL
500099501001293,ESX-ORL
500099501001294,ESX-ORL
500099501001295,ESX-ORL
500099501001296,ESX-ORL
500099501001297,ESX-ORL
500099501001298,ESX-ORL
500099501001299,ESX-ORL
500099501001300,ESX-ORL
500099501001301,ESX-ORL
500099501001304,ESX-ORL
500099502001000,ESX-ORL
500099502001001,ESX-ORL
500099502001002,ESX-ORL
500099502001003,ESX-ORL
500099502001004,ESX-ORL
500099502001005,ESX-ORL
500099502001006,ESX-ORL
500099502001007,ESX-ORL
500099502001008,ESX-ORL
500099502001009,ESX-ORL
500099502001010,ESX-ORL
500099502001011,ESX-ORL
500099502001012,ESX-ORL
500099502001013,ESX-ORL
500099502001014,ESX-ORL
500099502001015,ESX-ORL
500099502001016,ESX-ORL
500099502001017,ESX-ORL
500099502001018,ESX-ORL
500099502001019,ESX-ORL
500099502001020,ESX-ORL
500099502001021,ESX-ORL
500099502001022,ESX-ORL
500099502001023,ESX-ORL
500099502001024,ESX-ORL
500099502001025,ESX-ORL
500099502001026,ESX-ORL
500099502001027,ESX-ORL
500099502001028,ESX-ORL
500099502001029,ESX-ORL
500099502001030,ESX-ORL
500099502001031,ESX-ORL
500099502001032,ESX-ORL
500099502001033,ESX-ORL
500099502001034,ESX-ORL
500099502001035,ESX-ORL
500099502001036,ESX-ORL
500099502001037,ESX-ORL
500099502001038,ESX-ORL
500099502001039,ESX-ORL
500099502001040,ESX-ORL
500099502001041,ESX-ORL
500099502001042,ESX-ORL
500099502001043,ESX-ORL
500099502001044,ESX-ORL
500099502001045,ESX-ORL
500099502001046,ESX-ORL
500099502001047,ESX-ORL
500099502001048,ESX-ORL
500099502001049,ESX-ORL
500099502001050,ESX-ORL
500099502001051,ESX-ORL
500099502001052,ESX-ORL
500099502001053,ESX-ORL
500099502001054,ESX-ORL
500099502001055,ESX-ORL
500099502001056,ESX-ORL
500099502001057,ESX-ORL
500099502001058,ESX-ORL
500099502001059,ESX-ORL
500099502001060,ESX-ORL
500099502001061,ESX-ORL
500099502001062,ESX-ORL
500099502001063,ESX-ORL
500099502001064,ESX-ORL
500099502001065,ESX-ORL
500099502001066,ESX-ORL
500099502001067,ESX-ORL
500099502001068,ESX-ORL
500099502001069,ESX-ORL
500099502001070,ESX-ORL
500099502001071,ESX-ORL
500099502001072,ESX-ORL
500099502001073,ESX-ORL
500099502001074,ESX-ORL
500099502001075,ESX-ORL
500099502001076,ESX-ORL
500099502001077,ESX-ORL
500099502001078,ESX-ORL
500099502001079,ESX-ORL
500099502001080,ESX-ORL
500099502001081,ESX-ORL
500099502001082,ESX-ORL
500099502001083,ESX-ORL
500099502001084,ESX-ORL
500099502001085,ESX-ORL
500099502001086,ESX-ORL
500099502001087,ESX-ORL
500099502001088,ESX-ORL
500099502001089,ESX-ORL
500099502001090,ESX-ORL
500099502001091,ESX-ORL
500099502001092,ESX-ORL
500099502001093,ESX-ORL
500099502001094,ESX-ORL
500099502001095,ESX-ORL
500099502001096,ESX-ORL
500099502001097,ESX-ORL
500099502001098,ESX-ORL
500099502001099,ESX-ORL
500099502001100,ESX-ORL
500099502001101,ESX-ORL
500099502001102,ESX-ORL
500099502001103,ESX-ORL
500099502001104,ESX-ORL
500099502001105,ESX-ORL
500199511002000,ESX-ORL
500199511002001,ESX-ORL
500199511002002,ESX-ORL
500199511002003,ESX-ORL
500199511002004,ESX-ORL
500199511002005,ESX-ORL
500199511002006,ESX-ORL
500199511002007,ESX-ORL
500199511002008,ESX-ORL
500199511002009,ESX-ORL
500199511002010,ESX-ORL
500199511002011,ESX-ORL
500199511002012,ESX-ORL
500199511002013,ESX-ORL
500199511002014,ESX-ORL
500199511002015,ESX-ORL
500199511002016,ESX-ORL
500199511002017,ESX-ORL
500199511002018,ESX-ORL
500199511002019,ESX-ORL
500199511002020,ESX-ORL
500199511002021,ESX-ORL
500199511002022,ESX-ORL
500199511002023,ESX-ORL
500199511002024,ESX-ORL
500199511002025,ESX-ORL
500199511002026,ESX-ORL
500199511002027,ESX-ORL
500199511002028,ESX-ORL
500199511002029,ESX-ORL
500199511002030,ESX-ORL
500199511002031,ESX-ORL
500199511002032,ESX-ORL
500199511002033,ESX-ORL
500199511002034,ESX-ORL
500199511002035,ESX-ORL
500199511002036,ESX-ORL
500199511002037,ESX-ORL
500199511002038,ESX-ORL
500199511002039,ESX-ORL
500199511002040,ESX-ORL
500199511002041,ESX-ORL
500199511002042,ESX-ORL
500199511002043,ESX-ORL
500199511002044,ESX-ORL
500199511002045,ESX-ORL
500199511002046,ESX-ORL
500199511002047,ESX-ORL
500199511002048,ESX-ORL
500199511002049,ESX-ORL
500199511002050,ESX-ORL
500199511002051,ESX-ORL
500199511002052,ESX-ORL
500199511002053,ESX-ORL
500199511002054,ESX-ORL
500199511002055,ESX-ORL
500199511002056,ESX-ORL
500199511002057,ESX-ORL
500199511002058,ESX-ORL
500199511002059,ESX-ORL
500199511002060,ESX-ORL
500199511002061,ESX-ORL
500199511002062,ESX-ORL
500199511002063,ESX-ORL
500199511002064,ESX-ORL
500199511002065,ESX-ORL
500199511002066,ESX-ORL
500199511002067,ESX-ORL
500199511002068,ESX-ORL
500199511002069,ESX-ORL
500199511002070,ESX-ORL
500199511002071,ESX-ORL
500199511002072,ESX-ORL
500199511002073,ESX-ORL
500199511002074,ESX-ORL
500199511002075,ESX-ORL
500199511002076,ESX-ORL
500199512001000,ORL-1
500199512001001,ORL-1
500199512001002,ORL-1
500199512001003,ORL-1
500199512001004,ORL-1
500199512001005,ORL-1
500199512001006,ORL-1
500199512001007,ORL-1
500199512001008,ORL-1
500199512001009,ORL-1
500199512001010,ORL-1
500199512001011,ORL-1
500199512001012,ORL-1
500199512001013,ORL-1
500199512001014,ORL-1
500199512001015,ORL-1
500199512001016,ORL-1
500199512001017,ORL-1
500199512001018,ORL-1
500199512001019,ORL-1
500199512001020,ORL-1
500199512001021,ORL-1
500199512001022,ORL-1
500199512001023,ORL-1
500199512001024,ORL-1
500199512001025,ORL-1
500199512001026,ORL-1
500199512001027,ORL-1
500199512001028,ORL-1
500199512001029,ORL-1
500199512001030,ORL-1
500199512001031,ORL-1
500199512001032,ORL-1
500199512001033,ORL-1
500199512001034,ORL-1
500199512001035,ORL-1
500199512001036,ORL-1
500199512001037,ORL-1
500199512002000,ORL-1
500199512002001,ORL-1
500199512002002,ORL-1
500199512002003,ORL-1
500199512002004,ORL-1
500199512002005,ORL-1
500199512002006,ORL-1
500199512002007,ORL-1
500199512002008,ORL-1
500199512002009,ORL-1
500199512002010,ORL-1
500199512002011,ORL-1
500199512002012,ORL-1
500199512002013,ORL-1
500199512002014,ORL-1
500199512002015,ORL-1
500199512002016,ORL-1
500199512002017,ORL-1
500199512002018,ORL-1
500199512002019,ORL-1
500199512002020,ORL-1
500199512002021,ORL-1
500199512002022,ORL-1
500199512002023,ORL-1
500199512002024,ORL-1
500199512003000,ORL-1
500199512003001,ORL-1
500199512003002,ORL-1
500199512003003,ORL-1
500199512003004,ORL-1
500199512003005,ORL-1
500199512003006,ORL-1
500199512003007,ORL-1
500199512003008,ORL-1
500199512003009,ORL-1
500199512003010,ORL-1
500199512003011,ORL-1
500199512003012,ORL-1
500199512003013,ORL-1
500199512003014,ORL-1
500199512003015,ORL-1
500199512003016,ORL-1
500199512003017,ORL-1
500199512003018,ORL-1
500199512003019,ORL-1
500199512003020,ORL-1
500199512003021,ORL-1
500199512003022,ORL-1
500199512003023,ORL-1
500199512003024,ORL-1
500199512003025,ORL-1
500199512003026,ORL-1
500199512003027,ORL-1
500199512003028,ORL-1
500199512003029,ORL-1
500199512003030,ORL-1
500199512003031,ORL-1
500199512003032,ORL-1
500199512003033,ORL-1
500199512003034,ORL-1
500199512003035,ORL-1
500199512003036,ORL-1
500199512003037,ORL-1
500199512003038,ORL-1
500199512003039,ORL-1
500199512003040,ORL-1
500199512003041,ORL-1
500199512003042,ORL-1
500199512003043,ORL-1
500199512003044,ORL-1
500199513001000,ORL-1
500199513001001,ORL-1
500199513001002,ORL-1
500199513001003,ORL-1
500199513001004,ORL-1
500199513001005,ORL-1
500199513001006,ORL-1
500199513001007,ORL-1
500199513001008,ORL-1
500199513001009,ORL-1
500199513001010,ORL-1
500199513001011,ORL-1
500199513001012,ORL-1
500199513001013,ORL-1
500199513001014,ORL-1
500199513001015,ORL-1
500199513001016,ORL-1
500199513001017,ORL-1
500199513001018,ORL-1
500199513001019,ORL-1
500199513001020,ORL-1
500199513001021,ORL-1
500199513001022,ORL-1
500199513001023,ORL-1
500199513001024,ORL-1
500199513001025,ORL-1
500199513001026,ORL-1
500199513001027,ORL-1
500199513001028,ORL-1
500199513001029,ORL-1
500199513001030,ORL-1
500199513001031,ORL-1
500199513001032,ORL-1
500199513001033,ORL-1
500199513001034,ORL-1
500199513001035,ORL-1
500199513001036,ORL-1
500199513001037,ORL-1
500199513001038,ORL-1
500199513001039,ORL-1
500199513001040,ORL-1
500199513001041,ORL-1
500199513001042,ORL-1
500199513001043,ORL-1
500199513001044,ORL-1
500199513001045,ORL-1
500199513001046,ORL-1
500199513001047,ORL-1
500199513001048,ORL-1
500199513001049,ORL-1
500199513001050,ORL-1
500199513001051,ORL-1
500199513001052,ORL-1
500199513001053,ORL-1
500199513001054,ORL-1
500199513001055,ORL-1
500199513001056,ORL-1
500199513001057,ORL-1
500199513001058,ORL-1
500199513001059,ORL-1
500199513001060,ORL-1
500199513001061,ORL-1
500199513001062,ORL-1
500199513001063,ORL-1
500199513001064,ORL-1
500199513001065,ORL-1
500199513001066,ORL-1
500199513001067,ORL-1
500199513001068,ORL-1
500199513001069,ORL-1
500199513001070,ORL-1
500199513001071,ORL-1
500199513001072,ORL-1
500199513001073,ORL-1
500199513001074,ORL-1
500199513001075,ORL-1
500199513001076,ORL-1
500199513001077,ORL-1
500199513001078,ORL-1
500199513001079,ORL-1
500199513001080,ORL-1
500199513001081,ORL-1
500199513001082,ORL-1
500199513001083,ORL-1
500199513001084,ORL-1
500199513001085,ORL-1
500199513001086,ORL-1
500199513001087,ORL-1
500199513001088,ORL-1
500199513001089,ORL-1
500199513001090,ORL-1
500199513001091,ORL-1
500199513001092,ORL-1
500199513001093,ORL-1
500199513001094,ORL-1
500199513001095,ORL-1
500199513001096,ORL-1
500199513001097,ORL-1
500199513001098,ORL-1
500199513001099,ORL-1
500059570003016,CAL-3
500059570003017,CAL-3
500059570003018,CAL-3
500059570003019,CAL-3
500059570003020,CAL-3
500059570003023,CAL-3
500059570003024,CAL-3
500059570003061,CAL-3
500059570003062,CAL-3
500059570003063,CAL-3
500059570003064,CAL-3
500059570003065,CAL-3
500059570003067,CAL-3
500059570003068,CAL-3
500059570003069,CAL-3
500059570003070,CAL-3
500059570003078,CAL-3
500059570003084,CAL-3
500059570003085,CAL-3
500059570003086,CAL-3
500059570003087,CAL-3
500059570003088,CAL-3
500059570003089,CAL-3
500059570003090,CAL-3
500059570003091,CAL-3
500059570003092,CAL-3
500059570003093,CAL-3
500059570003095,CAL-3
500059570003099,CAL-3
500059570003100,CAL-3
500059570003102,CAL-3
500059570003103,CAL-3
500059570003104,CAL-3
500059570003105,CAL-3
500059570003106,CAL-3
500059570003107,CAL-3
500059570003108,CAL-3
500059570003109,CAL-3
500059570003110,CAL-3
500059570003111,CAL-3
500059570003112,CAL-3
500059570003113,CAL-3
500059570003114,CAL-3
500059570003115,CAL-3
500059570003116,CAL-3
500059570003117,CAL-3
500059570003118,CAL-3
500059570003119,CAL-3
500059570003120,CAL-3
500059570003121,CAL-3
500059570003122,CAL-3
500059570003123,CAL-3
500059570003124,CAL-3
500059570003125,CAL-3
500059570003126,CAL-3
500059570003127,CAL-3
500059570003128,CAL-3
500059570003129,CAL-3
500059570003130,CAL-3
500059570003131,CAL-3
500059570003132,CAL-3
500059570003133,CAL-3
500059570003134,CAL-3
500059570003135,CAL-3
500059570003136,CAL-3
500059570003137,CAL-3
500059570003138,CAL-3
500059570003139,CAL-3
500059570003140,CAL-3
500059570003145,CAL-3
500059570003150,CAL-3
500059570003151,CAL-3
500059570003152,CAL-3
500059570003153,CAL-3
500099501001168,ESX-CAL
500099501001169,ESX-CAL
500099501001175,ESX-CAL
500099501001176,ESX-CAL
500099501001177,ESX-CAL
500099501001178,ESX-CAL
500099501001179,ESX-CAL
500099501001180,ESX-CAL
500099501001181,ESX-CAL
500099501001182,ESX-CAL
500099501001183,ESX-CAL
500099501001184,ESX-CAL
500099501001185,ESX-CAL
500099501001186,ESX-CAL
500099501001187,ESX-CAL
500099501001188,ESX-CAL
500099501001189,ESX-CAL
500099501001190,ESX-CAL
500099501001191,ESX-CAL
500099501001193,ESX-CAL
500099501001194,ESX-CAL
500099501001195,ESX-CAL
500099501001231,ESX-CAL
500099501001232,ESX-CAL
500099501001233,ESX-CAL
500099501001234,ESX-CAL
500099501001235,ESX-CAL
500099501001236,ESX-CAL
500099501001237,ESX-CAL
500099501001274,ESX-CAL
500099501001275,ESX-CAL
500099501001276,ESX-CAL
500099501001277,ESX-CAL
500099501001278,ESX-CAL
500099501001279,ESX-CAL
500099501001280,ESX-CAL
500099501001281,ESX-CAL
500099501001288,ESX-CAL
500099501001289,ESX-CAL
500099501001302,ESX-CAL
500099501001230,ESX-CAL
500099501001238,ESX-CAL
500099501001239,ESX-CAL
500099501001240,ESX-CAL
500099501001241,ESX-CAL
500099501001242,ESX-CAL
500099501001243,ESX-CAL
500099501001246,ESX-CAL
500099501001247,ESX-CAL
500099501001251,ESX-CAL
500099501001252,ESX-CAL
500099501001253,ESX-CAL
500099501001254,ESX-CAL
500099501001255,ESX-CAL
500099501001256,ESX-CAL
500099501001257,ESX-CAL
500099501001258,ESX-CAL
500099501001260,ESX-CAL
500099501001262,ESX-CAL
500099501001263,ESX-CAL
500099501001264,ESX-CAL
500099501001265,ESX-CAL
500099501001266,ESX-CAL
500099501001267,ESX-CAL
500099501001268,ESX-CAL
500099501001269,ESX-CAL
500099501001270,ESX-CAL
500099501001271,ESX-CAL
500099501001272,ESX-CAL
500099501001273,ESX-CAL
500099501001282,ESX-CAL
500099501001283,ESX-CAL
500099501001284,ESX-CAL
500099501001287,ESX-CAL
500099501001147,ESX-CAL
500099501001148,ESX-CAL
500099501001149,ESX-CAL
500099501001170,ESX-CAL
500099501001192,ESX-CAL
500099501001196,ESX-CAL
500099501001197,ESX-CAL
500099501001198,ESX-CAL
500099501001199,ESX-CAL
500099501001200,ESX-CAL
500099501001201,ESX-CAL
500099501001202,ESX-CAL
500099501001203,ESX-CAL
500099501001204,ESX-CAL
500099501001205,ESX-CAL
500099501001206,ESX-CAL
500099501001207,ESX-CAL
500099501001208,ESX-CAL
500099501001209,ESX-CAL
500099501001210,ESX-CAL
500099501001212,ESX-CAL
500099501001213,ESX-CAL
500099501001225,ESX-CAL
500099501001226,ESX-CAL
500099501001227,ESX-CAL
500099501001228,ESX-CAL
500099501001229,ESX-CAL
500099501001244,ESX-CAL
500099501001245,ESX-CAL
500099501001248,ESX-CAL
500099501001249,ESX-CAL
500099501001250,ESX-CAL
500099501001259,ESX-CAL
500099501001261,ESX-CAL
500059570001000,CAL-3
500059570001001,CAL-3
500059570001002,CAL-3
500059570001003,CAL-3
500059570001004,CAL-3
500059570001005,CAL-3
500059570001006,CAL-3
500059570001007,CAL-3
500059570001008,CAL-3
500059570001009,CAL-3
500059570001010,CAL-3
500059570001011,CAL-3
500059570001012,CAL-3
500059570001013,CAL-3
500059570001014,CAL-3
500059570001015,CAL-3
500059570001016,CAL-3
500059570001017,CAL-3
500059570001018,CAL-3
500059570001019,CAL-3
500059570001020,CAL-3
500059570001021,CAL-3
500059570001022,CAL-3
500059570001023,CAL-3
500059570001024,CAL-3
500059570001025,CAL-3
500059570001026,CAL-3
500059570001027,CAL-3
500059570001028,CAL-3
500059570001029,CAL-3
500059570001030,CAL-3
500059570001031,CAL-3
500059570001032,CAL-3
500059570001033,CAL-3
500059570001034,CAL-3
500059570001035,CAL-3
500059570001036,CAL-3
500059570001037,CAL-3
500059570001038,CAL-3
500059570001039,CAL-3
500059570001040,CAL-3
500059570001041,CAL-3
500059570001042,CAL-3
500059570001043,CAL-3
500059570001044,CAL-3
500059570001045,CAL-3
500059570001046,CAL-3
500059570001047,CAL-3
500059570001048,CAL-3
500059570001049,CAL-3
500059570001050,CAL-3
500059570001055,CAL-3
500059570001060,CAL-3
500059570001119,CAL-3
500059570001120,CAL-3
500059570001123,CAL-3
500059570001124,CAL-3
500059570001125,CAL-3
500059571001000,ESX-CAL
500059571001001,ESX-CAL
500059571001002,ESX-CAL
500059571001003,ESX-CAL
500059571001004,ESX-CAL
500059571001005,ESX-CAL
500059571001006,ESX-CAL
500059571001007,ESX-CAL
500059571001008,ESX-CAL
500059571001009,ESX-CAL
500059571001010,ESX-CAL
500059571001011,ESX-CAL
500059571001012,ESX-CAL
500059571001013,ESX-CAL
500059571001014,ESX-CAL
500059571001015,ESX-CAL
500059571001016,ESX-CAL
500059571001017,ESX-CAL
500059571001018,ESX-CAL
500059571001019,ESX-CAL
500059571001020,ESX-CAL
500059571001021,ESX-CAL
500059571001022,ESX-CAL
500059571001023,ESX-CAL
500059571001024,ESX-CAL
500059571001025,ESX-CAL
500059571001026,ESX-CAL
500059571001027,ESX-CAL
500059571001028,ESX-CAL
500059571001029,ESX-CAL
500059571001030,ESX-CAL
500059571001031,ESX-CAL
500059571001032,ESX-CAL
500059571001033,ESX-CAL
500059571001034,ESX-CAL
500059571001035,ESX-CAL
500059571001036,ESX-CAL
500059571001037,ESX-CAL
500059571001038,ESX-CAL
500059571001039,ESX-CAL
500059571001040,ESX-CAL
500059571001041,ESX-CAL
500059571001042,ESX-CAL
500059571001043,ESX-CAL
500059571001044,ESX-CAL
500059571001045,ESX-CAL
500059571001046,ESX-CAL
500059571001047,ESX-CAL
500059571001048,ESX-CAL
500059571001049,ESX-CAL
500059571001050,ESX-CAL
500059571001051,ESX-CAL
500059571001052,ESX-CAL
500059571001053,ESX-CAL
500059571002000,ESX-CAL
500059571002001,ESX-CAL
500059571002002,ESX-CAL
500059571002003,ESX-CAL
500059571002004,ESX-CAL
500059571002005,ESX-CAL
500059571002006,ESX-CAL
500059571002007,ESX-CAL
500059571002008,ESX-CAL
500059571002009,ESX-CAL
500059571002010,ESX-CAL
500059571002011,ESX-CAL
500059571002012,ESX-CAL
500059571002013,ESX-CAL
500059571002014,ESX-CAL
500059571002015,ESX-CAL
500059571002016,ESX-CAL
500059571002017,ESX-CAL
500059571002018,ESX-CAL
500059571002019,ESX-CAL
500059571002020,ESX-CAL
500059571002021,ESX-CAL
500059571002022,ESX-CAL
500059571002023,ESX-CAL
500059571002024,ESX-CAL
500059571002025,ESX-CAL
500059571002027,ESX-CAL
500059571002028,ESX-CAL
500059571002029,ESX-CAL
500059571002030,ESX-CAL
500059571002031,ESX-CAL
500059571002032,ESX-CAL
500059571002033,ESX-CAL
500059571002034,ESX-CAL
500059571002035,ESX-CAL
500059571002036,ESX-CAL
500059571002037,ESX-CAL
500059571002038,ESX-CAL
500059571002042,ESX-CAL
500059571002043,ESX-CAL
500059571002046,ESX-CAL
500059571002051,ESX-CAL
500059571002052,ESX-CAL
500059572001000,CAL-3
500059572001001,CAL-3
500059572001002,CAL-3
500059572001003,CAL-3
500059572001004,CAL-3
500059572001005,CAL-3
500059572001006,CAL-3
500059572001007,CAL-3
500059572001008,CAL-3
500059572001009,CAL-3
500059572001010,CAL-3
500059572001011,CAL-3
500059572001012,CAL-3
500059572001013,CAL-3
500059572001014,CAL-3
500059572001015,CAL-3
500059572001016,CAL-3
500059572001017,CAL-3
500059572001018,CAL-3
500059572001019,CAL-3
500059572001020,CAL-3
500059572001021,CAL-3
500059572001022,CAL-3
500059572001023,CAL-3
500059572001024,CAL-3
500059572001025,CAL-3
500059572001026,CAL-3
500059572001027,CAL-3
500059572001028,CAL-3
500059572001029,CAL-3
500059572001030,CAL-3
500059572001031,CAL-3
500059572001032,CAL-3
500059572001033,CAL-3
500059572001034,CAL-3
500059572001035,CAL-3
500059572001036,CAL-3
500059572001037,CAL-3
500059572001038,CAL-3
500059572001039,CAL-3
500059572002000,CAL-3
500059572002001,CAL-3
500059572002002,CAL-3
500059572002003,CAL-3
500059572002004,CAL-3
500059572002005,CAL-3
500059572002006,CAL-3
500059572002007,CAL-3
500059572002008,CAL-3
500059572002009,CAL-3
500059572002010,CAL-3
500059572002011,CAL-3
500059572002012,CAL-3
500059572002013,CAL-3
500059572002014,CAL-3
500059572002015,CAL-3
500059572002016,CAL-3
500059572002017,CAL-3
500059572002018,CAL-3
500059572002019,CAL-3
500059572002020,CAL-3
500059572002021,CAL-3
500059572002022,CAL-3
500059572002023,CAL-3
500059572002024,CAL-3
500059572002025,CAL-3
500059572002026,CAL-3
500059572002027,CAL-3
500059572002028,CAL-3
500059572002029,CAL-3
500059572002030,CAL-3
500059572002031,CAL-3
500059572002032,CAL-3
500059572002033,CAL-3
500059572002034,CAL-3
500059572002035,CAL-3
500059572002036,CAL-3
500059572002037,CAL-3
500059572002038,CAL-3
500059572002039,CAL-3
500059572002040,CAL-3
500059572002041,CAL-3
500059572002042,CAL-3
500059572002043,CAL-3
500059572002044,CAL-3
500059572002045,CAL-3
500059572002046,CAL-3
500059572002047,CAL-3
500059572002048,CAL-3
500059572002049,CAL-3
500059572002050,CAL-3
500059573001000,CAL-3
500059573001001,CAL-3
500059573001002,CAL-3
500059573001003,CAL-3
500059573001004,CAL-3
500059573001005,CAL-3
500059573001006,CAL-3
500059573001007,CAL-3
500059573001008,CAL-3
500059573001009,CAL-3
500059573001010,CAL-3
500059573001011,CAL-3
500059573001012,CAL-3
500059573001013,CAL-3
500059573001014,CAL-3
500059573001015,CAL-3
500059573001016,CAL-3
500059573001017,CAL-3
500059573001018,CAL-3
500059573001019,CAL-3
500059573001020,CAL-3
500059573001021,CAL-3
500059573001022,CAL-3
500059573001023,CAL-3
500059573001024,CAL-3
500059573001025,CAL-3
500059573002000,CAL-3
500059573002001,CAL-3
500059573002002,CAL-3
500059573002003,CAL-3
500059573002004,CAL-3
500059573002005,CAL-3
500059573002006,CAL-3
500059573002007,CAL-3
500059573002008,CAL-3
500059573002009,CAL-3
500059573002010,CAL-3
500059573002011,CAL-3
500059573002012,CAL-3
500059573002013,CAL-3
500059573002014,CAL-3
500059573002015,CAL-3
500059573002016,CAL-3
500059573002017,CAL-3
500059573002018,CAL-3
500059573002019,CAL-3
500059573002020,CAL-3
500059573002021,CAL-3
500059573002022,CAL-3
500059573002023,CAL-3
500059573002024,CAL-3
500059573002025,CAL-3
500059573002026,CAL-3
500059573002027,CAL-3
500059573002028,CAL-3
500059573002029,CAL-3
500059573002030,CAL-3
500059573002031,CAL-3
500059573002032,CAL-3
500059573003000,CAL-3
500059573003001,CAL-3
500059573003002,CAL-3
500059573003003,CAL-3
500059573003004,CAL-3
500059573003005,CAL-3
500059573003006,CAL-3
500059573003007,CAL-3
500059573003008,CAL-3
500059573003009,CAL-3
500059573003010,CAL-3
500059573003011,CAL-3
500059573003012,CAL-3
500059573003013,CAL-3
500059573003014,CAL-3
500059573003015,CAL-3
500059573003016,CAL-3
500059573003017,CAL-3
500059573003018,CAL-3
500059573003019,CAL-3
500059573003020,CAL-3
500059573003021,CAL-3
500059573003022,CAL-3
500059573003023,CAL-3
500059573003024,CAL-3
500059573003025,CAL-3
500059573003026,CAL-3
500059573003027,CAL-3
500059573003028,CAL-3
500059573003029,CAL-3
500059573003030,CAL-3
500059573003031,CAL-3
500059573003032,CAL-3
500059573003033,CAL-3
500059573003034,CAL-3
500059573003035,CAL-3
500059573003036,CAL-3
500059573003037,CAL-3
500059573003038,CAL-3
500059573003039,CAL-3
500059573003040,CAL-3
500059573003041,CAL-3
500059573003042,CAL-3
500059573003043,CAL-3
500059573003044,CAL-3
500059573003045,CAL-3
500059573003046,CAL-3
500059573003047,CAL-3
500059573003048,CAL-3
500059573003049,CAL-3
500059573003050,CAL-3
500059573003051,CAL-3
500059573003052,CAL-3
500059573003053,CAL-3
500059573003054,CAL-3
500059573003055,CAL-3
500059573003056,CAL-3
500059573003057,CAL-3
500059573003058,CAL-3
500059573003059,CAL-3
500059573003060,CAL-3
500059573003061,CAL-3
500059571002026,CAL-ESX
500059571002039,CAL-ESX
500059571002040,CAL-ESX
500059571002041,CAL-ESX
500059571002044,CAL-ESX
500059571002045,CAL-ESX
500059571002047,CAL-ESX
500059571002048,CAL-ESX
500059571002049,CAL-ESX
500059571002050,CAL-ESX
500059571002053,CAL-ESX
500059571002054,CAL-ESX
500059571002055,CAL-ESX
500059571002056,CAL-ESX
500059571002057,CAL-ESX
500059571002058,CAL-ESX
500059571002059,CAL-ESX
500059571002060,CAL-ESX
500059571002061,CAL-ESX
500059571002062,CAL-ESX
500059571002063,CAL-ESX
500059571002064,CAL-ESX
500059570001051,CAL-3
500059570001052,CAL-3
500059570001053,CAL-3
500059570001054,CAL-3
500059570001056,CAL-3
500059570001057,CAL-3
500059570001058,CAL-3
500059570001059,CAL-3
500059570001061,CAL-3
500059570001062,CAL-3
500059570001063,CAL-3
500059570001064,CAL-3
500059570001065,CAL-3
500059570001066,CAL-3
500059570001067,CAL-3
500059570001068,CAL-3
500059570001069,CAL-3
500059570001070,CAL-3
500059570001071,CAL-3
500059570001072,CAL-3
500059570001073,CAL-3
500059570001074,CAL-3
500059570001075,CAL-3
500059570001076,CAL-3
500059570001077,CAL-3
500059570001078,CAL-3
500059570001079,CAL-3
500059570001080,CAL-3
500059570001081,CAL-3
500059570001082,CAL-3
500059570001083,CAL-3
500059570001084,CAL-3
500059570001085,CAL-3
500059570001086,CAL-3
500059570001087,CAL-3
500059570001088,CAL-3
500059570001089,CAL-3
500059570001090,CAL-3
500059570001091,CAL-3
500059570001092,CAL-3
500059570001093,CAL-3
500059570001094,CAL-3
500059570001095,CAL-3
500059570001096,CAL-3
500059570001097,CAL-3
500059570001098,CAL-3
500059570001099,CAL-3
500059570001100,CAL-3
500059570001101,CAL-3
500059570001102,CAL-3
500059570001103,CAL-3
500059570001104,CAL-3
500059570001105,CAL-3
500059570001106,CAL-3
500059570001107,CAL-3
500059570001108,CAL-3
500059570001109,CAL-3
500059570001110,CAL-3
500059570001111,CAL-3
500059570001112,CAL-3
500059570001113,CAL-3
500059570001114,CAL-3
500059570001115,CAL-3
500059570001116,CAL-3
500059570001117,CAL-3
500059570001118,CAL-3
500059570001121,CAL-3
500059570001122,CAL-3
500059570003000,CAL-3
500059570003001,CAL-3
500059570003002,CAL-3
500059570003003,CAL-3
500059570003004,CAL-3
500059570003005,CAL-3
500059570003006,CAL-3
500059570003007,CAL-3
500059570003008,CAL-3
500059570003009,CAL-3
500059570003010,CAL-3
500059570003011,CAL-3
500059570003012,CAL-3
500059570003013,CAL-3
500059570003014,CAL-3
500059570003015,CAL-3
500059570003021,CAL-3
500059570003022,CAL-3
500059570003025,CAL-3
500059570003026,CAL-3
500059570003027,CAL-3
500059570003028,CAL-3
500059570003029,CAL-3
500059570003030,CAL-3
500059570003031,CAL-3
500059570003032,CAL-3
500059570003033,CAL-3
500059570003034,CAL-3
500059570003035,CAL-3
500059570003036,CAL-3
500059570003037,CAL-3
500059570003038,CAL-3
500059570003039,CAL-3
500059570003040,CAL-3
500059570003041,CAL-3
500059570003042,CAL-3
500059570003043,CAL-3
500059570003044,CAL-3
500059570003045,CAL-3
500059570003046,CAL-3
500059570003047,CAL-3
500059570003048,CAL-3
500059570003049,CAL-3
500059570003050,CAL-3
500059570003051,CAL-3
500059570003052,CAL-3
500059570003053,CAL-3
500059570003054,CAL-3
500059570003055,CAL-3
500059570003056,CAL-3
500059570003057,CAL-3
500059570003058,CAL-3
500059570003059,CAL-3
500059570003060,CAL-3
500059570003094,CAL-3
500059570003096,CAL-3
500059570003097,CAL-3
500059570003098,CAL-3
500059570003101,CAL-3
500059570003148,CAL-3
500099501001097,ESX-CAL
500099501001098,ESX-CAL
500099501001100,ESX-CAL
500099501001101,ESX-CAL
500099501001102,ESX-CAL
500099501001103,ESX-CAL
500099501001104,ESX-CAL
500099501001105,ESX-CAL
500099501001106,ESX-CAL
500099501001107,ESX-CAL
500099501001108,ESX-CAL
500099501001109,ESX-CAL
500099501001131,ESX-CAL
500099501001132,ESX-CAL
500099501001133,ESX-CAL
500099501001134,ESX-CAL
500099501001135,ESX-CAL
500099501001136,ESX-CAL
500099501001137,ESX-CAL
500099501001141,ESX-CAL
500099501001142,ESX-CAL
500099501001143,ESX-CAL
500099501001144,ESX-CAL
500099501001145,ESX-CAL
500099501001146,ESX-CAL
500099501001165,ESX-CAL
500099501001166,ESX-CAL
500099501001211,ESX-CAL
500099501001214,ESX-CAL
500099501001215,ESX-CAL
500099501001216,ESX-CAL
500099501001219,ESX-CAL
500099501001220,ESX-CAL
500099501001221,ESX-CAL
500099501001222,ESX-CAL
500099501001223,ESX-CAL
500099501001224,ESX-CAL
500099501001285,ESX-CAL
500099501001286,ESX-CAL
500099501001303,ESX-CAL
500099501001048,ESX-ORL
500099501001050,ESX-ORL
500099501001057,ESX-ORL
500099501001081,ESX-ORL
500099501001086,ESX-ORL
500099501001110,ESX-ORL
500099501001111,ESX-ORL
500099501001112,ESX-ORL
500099501001113,ESX-ORL
500099501001114,ESX-ORL
500099501001115,ESX-ORL
500099501001116,ESX-ORL
500099501001117,ESX-ORL
500099501001138,ESX-ORL
500099501001139,ESX-ORL
500099501001140,ESX-ORL
500099501001150,ESX-ORL
500099501001151,ESX-ORL
500099501001152,ESX-ORL
500099501001153,ESX-ORL
500099501001154,ESX-ORL
500099501001155,ESX-ORL
500099501001156,ESX-ORL
500099501001157,ESX-ORL
500099501001158,ESX-ORL
500099501001159,ESX-ORL
500099501001160,ESX-ORL
500099501001161,ESX-ORL
500099501001162,ESX-ORL
500099501001163,ESX-ORL
500099501001164,ESX-ORL
500099501001167,ESX-ORL
500099501001171,ESX-ORL
500099501001172,ESX-ORL
500099501001173,ESX-ORL
500099501001174,ESX-ORL
500099501001047,ESX-ORL
500099501001049,ESX-ORL
500099501001051,ESX-ORL
500099501001056,ESX-ORL
500099501001058,ESX-ORL
500099501001059,ESX-ORL
500099501001060,ESX-ORL
500099501001061,ESX-ORL
500099501001062,ESX-ORL
500099501001063,ESX-ORL
500099501001068,ESX-ORL
500099501001069,ESX-ORL
500099501001070,ESX-ORL
500099501001071,ESX-ORL
500099501001072,ESX-ORL
500099501001073,ESX-ORL
500099501001074,ESX-ORL
500099501001075,ESX-ORL
500099501001076,ESX-ORL
500099501001077,ESX-ORL
500099501001078,ESX-ORL
500099501001079,ESX-ORL
500099501001080,ESX-ORL
500099501001082,ESX-ORL
500099501001083,ESX-ORL
500099501001085,ESX-ORL
500099501001087,ESX-ORL
500099501001130,ESX-ORL
500099501001084,ESX-ORL
500099501001088,ESX-ORL
500099501001089,ESX-ORL
500099501001090,ESX-ORL
500099501001091,ESX-ORL
500099501001092,ESX-ORL
500099501001093,ESX-ORL
500099501001094,ESX-ORL
500099501001095,ESX-ORL
500099501001096,ESX-ORL
500099501001099,ESX-ORL
500099501001118,ESX-ORL
500099501001119,ESX-ORL
500099501001120,ESX-ORL
500099501001121,ESX-ORL
500099501001122,ESX-ORL
500099501001123,ESX-ORL
500099501001124,ESX-ORL
500099501001125,ESX-ORL
500099501001126,ESX-ORL
500099501001127,ESX-ORL
500099501001128,ESX-ORL
500099501001129,ESX-ORL
500099501001217,ESX-ORL
500099501001218,ESX-ORL
500099501001292,ESX-ORL
500099501002000,ESX-ORL
500099501002001,ESX-ORL
500099501002002,ESX-ORL
500099501002003,ESX-ORL
500099501002004,ESX-ORL
500099501002005,ESX-ORL
500099501002006,ESX-ORL
500099501002007,ESX-ORL
500099501002008,ESX-ORL
500099501002009,ESX-ORL
500099501002010,ESX-ORL
500099501002011,ESX-ORL
500099501002012,ESX-ORL
500099501002013,ESX-ORL
500099501002014,ESX-ORL
500099501002015,ESX-ORL
500099501002016,ESX-ORL
500099501002017,ESX-ORL
500099501002018,ESX-ORL
500099501002019,ESX-ORL
500099501002020,ESX-ORL
500099501002021,ESX-ORL
500099501002022,ESX-ORL
500099501002023,ESX-ORL
500099501002024,ESX-ORL
500099501002025,ESX-ORL
500099501002026,ESX-ORL
500099501002027,ESX-ORL
500099501002028,ESX-ORL
500099501002029,ESX-ORL
500099501002030,ESX-ORL
500099501002031,ESX-ORL
500099501002032,ESX-ORL
500099501002033,ESX-ORL
500099501002034,ESX-ORL
500099501002035,ESX-ORL
500099501002036,ESX-ORL
500099501002037,ESX-ORL
500099501002038,ESX-ORL
500099501002039,ESX-ORL
500099501002040,ESX-ORL
500099501002041,ESX-ORL
500099501002042,ESX-ORL
500099501002043,ESX-ORL
500099501002044,ESX-ORL
500099501002045,ESX-ORL
500099501002046,ESX-ORL
500099501002047,ESX-ORL
500099501002048,ESX-ORL
500099501002049,ESX-ORL
500099501002050,ESX-ORL
500099501002051,ESX-ORL
500099501002052,ESX-ORL
500099501002053,ESX-ORL
500099501002054,ESX-ORL
500099501002055,ESX-ORL
500099501002056,ESX-ORL
500099501002057,ESX-ORL
500099501002058,ESX-ORL
500099501002059,ESX-ORL
500099501002060,ESX-ORL
500099501002061,ESX-ORL
500099501002062,ESX-ORL
500099501002063,ESX-ORL
500099501002064,ESX-ORL
500099501002065,ESX-ORL
500099501002066,ESX-ORL
500099501002067,ESX-ORL
500099501002068,ESX-ORL
500099501002069,ESX-ORL
500099501002070,ESX-ORL
500099501002071,ESX-ORL
500099501002072,ESX-ORL
500099501002073,ESX-ORL
500099501002074,ESX-ORL
500099501002075,ESX-ORL
500099501002076,ESX-ORL
500099501002077,ESX-ORL
500099501002078,ESX-ORL
500099501002079,ESX-ORL
500099501002080,ESX-ORL
500099501002081,ESX-ORL
500099501002082,ESX-ORL
500099501002083,ESX-ORL
500059574001000,CAL-ESX
500059574001001,CAL-ESX
500059574001002,CAL-ESX
500059574001003,CAL-ESX
500059574001004,CAL-ESX
500059574001005,CAL-ESX
500059574001006,CAL-ESX
500059574001007,CAL-ESX
500059574001008,CAL-ESX
500059574001009,CAL-ESX
500059574001010,CAL-ESX
500059574001011,CAL-ESX
500059574001012,CAL-ESX
500059574001013,CAL-ESX
500059574001014,CAL-ESX
500059574001015,CAL-ESX
500059574001016,CAL-ESX
500059574001017,CAL-ESX
500059574001018,CAL-ESX
500059574001019,CAL-ESX
500059574001020,CAL-ESX
500059574001021,CAL-ESX
500059574001022,CAL-ESX
500059574001023,CAL-ESX
500059574001024,CAL-ESX
500059574001025,CAL-ESX
500059574001026,CAL-ESX
500059574001027,CAL-ESX
500059574001028,CAL-ESX
500059574001029,CAL-ESX
500059574001030,CAL-ESX
500059574001031,CAL-ESX
500059574001032,CAL-ESX
500059574001033,CAL-ESX
500059574001034,CAL-ESX
500059574001035,CAL-ESX
500059574001036,CAL-ESX
500059574001037,CAL-ESX
500059574001038,CAL-ESX
500059574001039,CAL-ESX
500059574001040,CAL-ESX
500059574001041,CAL-ESX
500059574001042,CAL-ESX
500059574001043,CAL-ESX
500059574001044,CAL-ESX
500059574001045,CAL-ESX
500059574001046,CAL-ESX
500059574001047,CAL-ESX
500059574001048,CAL-ESX
500059574001049,CAL-ESX
500059574001050,CAL-ESX
500059574001051,CAL-ESX
500059574001052,CAL-ESX
500059574001053,CAL-ESX
500059574001054,CAL-ESX
500059574001055,CAL-ESX
500059574001056,CAL-ESX
500059574001057,CAL-ESX
500059574001058,CAL-ESX
500059574001059,CAL-ESX
500059574001060,CAL-ESX
500059574001061,CAL-ESX
500059574001062,CAL-ESX
500059574001063,CAL-ESX
500059574001064,CAL-ESX
500059574001065,CAL-ESX
500059574001066,CAL-ESX
500059574001067,CAL-ESX
500059574001068,CAL-ESX
500059574001069,CAL-ESX
500059574001070,CAL-ESX
500059574001071,CAL-ESX
500059574001072,CAL-ESX
500059574001073,CAL-ESX
500059574001074,CAL-ESX
500059574001075,CAL-ESX
500059574001076,CAL-ESX
500059574001077,CAL-ESX
500059574001078,CAL-ESX
500059574001079,CAL-ESX
500059574001080,CAL-ESX
500059574001081,CAL-ESX
500059574001082,CAL-ESX
500059574001083,CAL-ESX
500059574001084,CAL-ESX
500059574001085,CAL-ESX
500059574001086,CAL-ESX
500059574001087,CAL-ESX
500059574001088,CAL-ESX
500059574001089,CAL-ESX
500059574001090,CAL-ESX
500059574001091,CAL-ESX
500059574001092,CAL-ESX
500059574001093,CAL-ESX
500059574001094,CAL-ESX
500059574001095,CAL-ESX
500059574001096,CAL-ESX
500059574001097,CAL-ESX
500059574001098,CAL-ESX
500059574001099,CAL-ESX
500059574001100,CAL-ESX
500059574001101,CAL-ESX
500059574001102,CAL-ESX
500059574001103,CAL-ESX
500059574001104,CAL-ESX
500059574001105,CAL-ESX
500059574001106,CAL-ESX
500059574001107,CAL-ESX
500059574001108,CAL-ESX
500059574002000,CAL-ESX
500059574002001,CAL-ESX
500059574002002,CAL-ESX
500059574002003,CAL-ESX
500059574002004,CAL-ESX
500059574002005,CAL-ESX
500059574002006,CAL-ESX
500059574002007,CAL-ESX
500059574002008,CAL-ESX
500059574002009,CAL-ESX
500059574002010,CAL-ESX
500059574002011,CAL-ESX
500059574002012,CAL-ESX
500059574002013,CAL-ESX
500059574002014,CAL-ESX
500059574002015,CAL-ESX
500059574002016,CAL-ESX
500059574002017,CAL-ESX
500059574002018,CAL-ESX
500059574002019,CAL-ESX
500059574002020,CAL-ESX
500059574002021,CAL-ESX
500059574002022,CAL-ESX
500059574002023,CAL-ESX
500059574002024,CAL-ESX
500059574002025,CAL-ESX
500059574002026,CAL-ESX
500059574002027,CAL-ESX
500059574002028,CAL-ESX
500059574002029,CAL-ESX
500059574002030,CAL-ESX
500059574002031,CAL-ESX
500059574002032,CAL-ESX
500059574003000,CAL-ESX
500059574003001,CAL-ESX
500059574003002,CAL-ESX
500059574003003,CAL-ESX
500059574003004,CAL-ESX
500059574003005,CAL-ESX
500059574003006,CAL-ESX
500059574003007,CAL-ESX
500059574003008,CAL-ESX
500059574003009,CAL-ESX
500059574003010,CAL-ESX
500059574003011,CAL-ESX
500059574003012,CAL-ESX
500059574003013,CAL-ESX
500059574003014,CAL-ESX
500059574003015,CAL-ESX
500059574003016,CAL-ESX
500059574003017,CAL-ESX
500059574003018,CAL-ESX
500059574003019,CAL-ESX
500059574003020,CAL-ESX
500059574003021,CAL-ESX
500059574003022,CAL-ESX
500059575001000,CAL-ESX
500059575001001,CAL-ESX
500059575001002,CAL-ESX
500059575001003,CAL-ESX
500059575001004,CAL-ESX
500059575001005,CAL-ESX
500059575001006,CAL-ESX
500059575001007,CAL-ESX
500059575001008,CAL-ESX
500059575001009,CAL-ESX
500059575001010,CAL-ESX
500059575001011,CAL-ESX
500059575001012,CAL-ESX
500059575001013,CAL-ESX
500059575001014,CAL-ESX
500059575001015,CAL-ESX
500059575001016,CAL-ESX
500059575001017,CAL-ESX
500059575001018,CAL-ESX
500059575001019,CAL-ESX
500059575001020,CAL-ESX
500059575001021,CAL-ESX
500059575001022,CAL-ESX
500059575001023,CAL-ESX
500059575001024,CAL-ESX
500059575001025,CAL-ESX
500059575001026,CAL-ESX
500059575001027,CAL-ESX
500059575001028,CAL-ESX
500059575001029,CAL-ESX
500059575001030,CAL-ESX
500059575001031,CAL-ESX
500059575001032,CAL-ESX
500059575001033,CAL-ESX
500059575001034,CAL-ESX
500059575001035,CAL-ESX
500059575001036,CAL-ESX
500059575001037,CAL-ESX
500059575001038,CAL-ESX
500059575001039,CAL-ESX
500059575001040,CAL-ESX
500059575001041,CAL-ESX
500059575001042,CAL-ESX
500059575001043,CAL-ESX
500059575001044,CAL-ESX
500059575001045,CAL-ESX
500059575001046,CAL-ESX
500059575001047,CAL-ESX
500059575001048,CAL-ESX
500059575001049,CAL-ESX
500059575001050,CAL-ESX
500059575001051,CAL-ESX
500059575001052,CAL-ESX
500059575001053,CAL-ESX
500059575001054,CAL-ESX
500059575001055,CAL-ESX
500059575001056,CAL-ESX
500059575001057,CAL-ESX
500059575001058,CAL-ESX
500059575001059,CAL-ESX
500059575001060,CAL-ESX
500059575001061,CAL-ESX
500059575001062,CAL-ESX
500059575001063,CAL-ESX
500059575001064,CAL-ESX
500059575001065,CAL-ESX
500059575001066,CAL-ESX
500059575001067,CAL-ESX
500059575001068,CAL-ESX
500059575001069,CAL-ESX
500059575001070,CAL-ESX
500059575001071,CAL-ESX
500059575001072,CAL-ESX
500059575001073,CAL-ESX
500059575001074,CAL-ESX
500059575001075,CAL-ESX
500059575001076,CAL-ESX
500059575002000,CAL-ESX
500059575002001,CAL-ESX
500059575002002,CAL-ESX
500059575002003,CAL-ESX
500059575002004,CAL-ESX
500059575002005,CAL-ESX
500059575002006,CAL-ESX
500059575002007,CAL-ESX
500059575002008,CAL-ESX
500059575002009,CAL-ESX
500059575002010,CAL-ESX
500059575002011,CAL-ESX
500059575002012,CAL-ESX
500059575002013,CAL-ESX
500059575002014,CAL-ESX
500059575002015,CAL-ESX
500059575002016,CAL-ESX
500059575002017,CAL-ESX
500059575002018,CAL-ESX
500059575002019,CAL-ESX
500059575003000,CAL-ESX
500059575003001,CAL-ESX
500059575003002,CAL-ESX
500059575003003,CAL-ESX
500059575003004,CAL-ESX
500059575003005,CAL-ESX
500059575003006,CAL-ESX
500059575003007,CAL-ESX
500059575003008,CAL-ESX
500059575003009,CAL-ESX
500059575003010,CAL-ESX
500059575003011,CAL-ESX
500059575003012,CAL-ESX
500059575003013,CAL-ESX
500059575003014,CAL-ESX
500059575003015,CAL-ESX
500059575003016,CAL-ESX
500059575003017,CAL-ESX
500059575003018,CAL-ESX
500059575003019,CAL-ESX
500059575003020,CAL-ESX
500059575003021,CAL-ESX
500059575003022,CAL-ESX
500059575003023,CAL-ESX
500059575003024,CAL-ESX
500059575003025,CAL-ESX
500059575003026,CAL-ESX
500059575003027,CAL-ESX
500059575003028,CAL-ESX
500059575003029,CAL-ESX
500059575003030,CAL-ESX
500059575003031,CAL-ESX
500059575003032,CAL-ESX
500059575003033,CAL-ESX
500059575003034,CAL-ESX
500059579001000,CAL-1
500059579001001,CAL-1
500059579001002,CAL-1
500059579001003,CAL-1
500059579001004,CAL-1
500059579001005,CAL-1
500059579001006,CAL-1
500059579001007,CAL-1
500059579001008,CAL-1
500059579001009,CAL-1
500059579001010,CAL-1
500059579001011,CAL-1
500059579001012,CAL-1
500059579001013,CAL-1
500059579001014,CAL-1
500059579001015,CAL-1
500059579001016,CAL-1
500059579001017,CAL-1
500059579001018,CAL-1
500059579001019,CAL-1
500059579001020,CAL-1
500059579001021,CAL-1
500059579001022,CAL-1
500059579001023,CAL-1
500059579001024,CAL-1
500059579001025,CAL-1
500059579001026,CAL-1
500059579001027,CAL-1
500059579001028,CAL-1
500059579001029,CAL-1
500059579001030,CAL-1
500059579001031,CAL-1
500059579001032,CAL-1
500059579001033,CAL-1
500059579001034,CAL-1
500059579001035,CAL-1
500059579001036,CAL-1
500059579001037,CAL-1
500059579001038,CAL-1
500059579001039,CAL-1
500059579001040,CAL-1
500059579001041,CAL-1
500059579001042,CAL-1
500059579001043,CAL-1
500059579001044,CAL-1
500059579001045,CAL-1
500059579001046,CAL-1
500059579001047,CAL-1
500059579001048,CAL-1
500059579001049,CAL-1
500059579001050,CAL-1
500059579001051,CAL-1
500059579001052,CAL-1
500059579001053,CAL-1
500059579001054,CAL-1
500059579001055,CAL-1
500059579001056,CAL-1
500059579001057,CAL-1
500059579001058,CAL-1
500059579001059,CAL-1
500059579001060,CAL-1
500059579001061,CAL-1
500059579001062,CAL-1
500059579001063,CAL-1
500059579001064,CAL-1
500059579001065,CAL-1
500059579001066,CAL-1
500059579001067,CAL-1
500059579001068,CAL-1
500059579001069,CAL-1
500059579001070,CAL-1
500059579001071,CAL-1
500059579001072,CAL-1
500059579001073,CAL-1
500059579001074,CAL-1
500059579001075,CAL-1
500059579001076,CAL-1
500059579001077,CAL-1
500059579001078,CAL-1
500059579001079,CAL-1
500059579001080,CAL-1
500059579001081,CAL-1
500059579001082,CAL-1
500059579001083,CAL-1
500059579001084,CAL-1
500059579001085,CAL-1
500059579001086,CAL-1
500059579001087,CAL-1
500059579001088,CAL-1
500059579001089,CAL-1
500059579001090,CAL-1
500059579001091,CAL-1
500059579001092,CAL-1
500059579001093,CAL-1
500059579001094,CAL-1
500059579001095,CAL-1
500059579001096,CAL-1
500059579001097,CAL-1
500059579001098,CAL-1
500059579001099,CAL-1
500059579001100,CAL-1
500059579001101,CAL-1
500059579001102,CAL-1
500059579001103,CAL-1
500059579001104,CAL-1
500059579001105,CAL-1
500059579001106,CAL-1
500059579001107,CAL-1
500059579001108,CAL-1
500059579001109,CAL-1
500059579001110,CAL-1
500059579001111,CAL-1
500059579001112,CAL-1
500059579001113,CAL-1
500059579001114,CAL-1
500059579001115,CAL-1
500179590001000,ORA-CAL
500179590001001,ORA-CAL
500179590001002,ORA-CAL
500179590001003,ORA-CAL
500179590001004,ORA-CAL
500179590001005,ORA-CAL
500179590001006,ORA-CAL
500179590001007,ORA-CAL
500179590001008,ORA-CAL
500179590001011,ORA-CAL
500179590001012,ORA-CAL
500179590001013,ORA-CAL
500179590001014,ORA-CAL
500179590001015,ORA-CAL
500179590001016,ORA-CAL
500179590001017,ORA-CAL
500179590001023,ORA-CAL
500179590001024,ORA-CAL
500179590001025,ORA-CAL
500179590001026,ORA-CAL
500179590001027,ORA-CAL
500179590001028,ORA-CAL
500179590001029,ORA-CAL
500179590001030,ORA-CAL
500179590001031,ORA-CAL
500179590001032,ORA-CAL
500179590001033,ORA-CAL
500179590001034,ORA-CAL
500179590001035,ORA-CAL
500179590001036,ORA-CAL
500179590001047,ORA-CAL
500179590001048,ORA-CAL
500179590001049,ORA-CAL
500179590001050,ORA-CAL
500179590001096,ORA-CAL
500199519001000,ORL-LAM
500199519001001,ORL-LAM
500199519001002,ORL-LAM
500199519001003,ORL-LAM
500199519001004,ORL-LAM
500199519001005,ORL-LAM
500199519001006,ORL-LAM
500199519001007,ORL-LAM
500199519001008,ORL-LAM
500199519001009,ORL-LAM
500199519001010,ORL-LAM
500199519001011,ORL-LAM
500199519001012,ORL-LAM
500199519001013,ORL-LAM
500199519001014,ORL-LAM
500199519001015,ORL-LAM
500199519001016,ORL-LAM
500199519001017,ORL-LAM
500199519001018,ORL-LAM
500199519001019,ORL-LAM
500199519001020,ORL-LAM
500199519001021,ORL-LAM
500199519001022,ORL-LAM
500199519001023,ORL-LAM
500199519001024,ORL-LAM
500199519001025,ORL-LAM
500199519001026,ORL-LAM
500199519001027,ORL-LAM
500199519001028,ORL-LAM
500199519001029,ORL-LAM
500199519001030,ORL-LAM
500199519001031,ORL-LAM
500199519001032,ORL-LAM
500199519001033,ORL-LAM
500199519001034,ORL-LAM
500199519001035,ORL-LAM
500199519001036,ORL-LAM
500199519001037,ORL-LAM
500199519001038,ORL-LAM
500199519001039,ORL-LAM
500199519001040,ORL-LAM
500199519001041,ORL-LAM
500199519001042,ORL-LAM
500199519001043,ORL-LAM
500199519001044,ORL-LAM
500199519001045,ORL-LAM
500199519001046,ORL-LAM
500199519001047,ORL-LAM
500199519001048,ORL-LAM
500199519001049,ORL-LAM
500199519001050,ORL-LAM
500199519001051,ORL-LAM
500199519001052,ORL-LAM
500199519001053,ORL-LAM
500199519001054,ORL-LAM
500199519001055,ORL-LAM
500199519001056,ORL-LAM
500199519001057,ORL-LAM
500199519001058,ORL-LAM
500199519001059,ORL-LAM
500199519001060,ORL-LAM
500199519001061,ORL-LAM
500199519001062,ORL-LAM
500199519001063,ORL-LAM
500199519001064,ORL-LAM
500199519001065,ORL-LAM
500199519001066,ORL-LAM
500199519001067,ORL-LAM
500199519001068,ORL-LAM
500199519001069,ORL-LAM
500199519001070,ORL-LAM
500199519001071,ORL-LAM
500199519001072,ORL-LAM
500199519001073,ORL-LAM
500199519001074,ORL-LAM
500199519001075,ORL-LAM
500199519001076,ORL-LAM
500199519001077,ORL-LAM
500199519001078,ORL-LAM
500199519001079,ORL-LAM
500199519001080,ORL-LAM
500199519001081,ORL-LAM
500199519001082,ORL-LAM
500199519001083,ORL-LAM
500199519001084,ORL-LAM
500199519001085,ORL-LAM
500199519001086,ORL-LAM
500199519001087,ORL-LAM
500199519001088,ORL-LAM
500199519001089,ORL-LAM
500199519001090,ORL-LAM
500199519001091,ORL-LAM
500199519001092,ORL-LAM
500199511001035,ESX-ORL
500199511001036,ESX-ORL
500199511001037,ESX-ORL
500199511001038,ESX-ORL
500199511001039,ESX-ORL
500199511001040,ESX-ORL
500199511001041,ESX-ORL
500199511001042,ESX-ORL
500199511001043,ESX-ORL
500199511001044,ESX-ORL
500199511001045,ESX-ORL
500199511001046,ESX-ORL
500199511001047,ESX-ORL
500199511001048,ESX-ORL
500199511001049,ESX-ORL
500199511001050,ESX-ORL
500199511001051,ESX-ORL
500199511001052,ESX-ORL
500199511001053,ESX-ORL
500199511001054,ESX-ORL
500199511001055,ESX-ORL
500199511001056,ESX-ORL
500199511001057,ESX-ORL
500199511001058,ESX-ORL
500199511001062,ESX-ORL
500199511001063,ESX-ORL
500199511001064,ESX-ORL
500199511001065,ESX-ORL
500199511001066,ESX-ORL
500199511001067,ESX-ORL
500199511001068,ESX-ORL
500199511001069,ESX-ORL
500199511001070,ESX-ORL
500199511001071,ESX-ORL
500199511001072,ESX-ORL
500199511001074,ESX-ORL
500199511001075,ESX-ORL
500199511001076,ESX-ORL
500199511001077,ESX-ORL
500199511001078,ESX-ORL
500199511001079,ESX-ORL
500199511001081,ESX-ORL
500199511001082,ESX-ORL
500199511001083,ESX-ORL
500199511001084,ESX-ORL
500199511001085,ESX-ORL
500199511001086,ESX-ORL
500199511001087,ESX-ORL
500199511001088,ESX-ORL
500199511001089,ESX-ORL
500199511001090,ESX-ORL
500199511001091,ESX-ORL
500199511001092,ESX-ORL
500099501001018,ESX-ORL
500039713001018,BEN-1
500039713001019,BEN-1
500039713001023,BEN-1
500039713001024,BEN-1
500039713001025,BEN-1
500039713001026,BEN-1
500039713001032,BEN-1
500039713001033,BEN-1
500039713002000,BEN-1
500039713002001,BEN-1
500039713002002,BEN-1
500039713002003,BEN-1
500039713002004,BEN-1
500039713002005,BEN-1
500039713002006,BEN-1
500039713002007,BEN-1
500039713002008,BEN-1
500039713002009,BEN-1
500039713002010,BEN-1
500039713002011,BEN-1
500039713002012,BEN-1
500039713002013,BEN-1
500039713002014,BEN-1
500039713002015,BEN-1
500039713002016,BEN-1
500039713002017,BEN-1
500039713002018,BEN-1
500039713002019,BEN-1
500039713002020,BEN-1
500039713002021,BEN-1
500039713002022,BEN-1
500039713002023,BEN-1
500039713002024,BEN-1
500039713002025,BEN-1
500039713002026,BEN-1
500039713002027,BEN-1
500039713002028,BEN-1
500039713002029,BEN-1
500039713002030,BEN-1
500039713002031,BEN-1
500039713002032,BEN-1
500039713002033,BEN-1
500039713002034,BEN-1
500039713002035,BEN-1
500039713002036,BEN-1
500039713002037,BEN-1
500039713002038,BEN-1
500039713002039,BEN-1
500039713002040,BEN-1
500039713002041,BEN-1
500039713002042,BEN-1
500039713002043,BEN-1
500039713002044,BEN-1
500039713002045,BEN-1
500039713002046,BEN-1
500039713002047,BEN-1
500039713002048,BEN-1
500039713002049,BEN-1
500039713002050,BEN-1
500039713002051,BEN-1
500039713002052,BEN-1
500039713002053,BEN-1
500039713002054,BEN-1
500039713003000,BEN-1
500039713003001,BEN-1
500039713003002,BEN-1
500039713003003,BEN-1
500039713003004,BEN-1
500039713003005,BEN-1
500039713003006,BEN-1
500039713003007,BEN-1
500039713003008,BEN-1
500039713003009,BEN-1
500039713003010,BEN-1
500039713003011,BEN-1
500039713003012,BEN-1
500039713003013,BEN-1
500039713003014,BEN-1
500039713003015,BEN-1
500039713003016,BEN-1
500039713003017,BEN-1
500039713003018,BEN-1
500039713003019,BEN-1
500039713003020,BEN-1
500039713003021,BEN-1
500039713003022,BEN-1
500039713003023,BEN-1
500039713003024,BEN-1
500039713003025,BEN-1
500039713003026,BEN-1
500039713003027,BEN-1
500039713003028,BEN-1
500039713003029,BEN-1
500039713003030,BEN-1
500039713003031,BEN-1
500039713003032,BEN-1
500039713003033,BEN-1
500039713003034,BEN-1
500039713003035,BEN-1
500039713003036,BEN-1
500039713003037,BEN-1
500039713003038,BEN-1
500039713003039,BEN-1
500039713003040,BEN-1
500039713003041,BEN-1
500039713003042,BEN-1
500039713003043,BEN-1
500039713001000,BEN-5
500039713001001,BEN-5
500039713001002,BEN-5
500039713001003,BEN-5
500039713001004,BEN-5
500039713001005,BEN-5
500039713001006,BEN-5
500039713001007,BEN-5
500039713001008,BEN-5
500039713001009,BEN-5
500039713001010,BEN-5
500039713001011,BEN-5
500039713001012,BEN-5
500039713001013,BEN-5
500039713001014,BEN-5
500039713001015,BEN-5
500039713001016,BEN-5
500039713001017,BEN-5
500039713001020,BEN-5
500039713001021,BEN-5
500039713001022,BEN-5
500039713001027,BEN-5
500039713001028,BEN-5
500039713001029,BEN-5
500039713001030,BEN-5
500039713001031,BEN-5
500039712001007,BEN-5
500039709001018,BEN-5
500039709001019,BEN-5
500039711001000,BEN-5
500039711001001,BEN-5
500039711001002,BEN-5
500039711001003,BEN-5
500039711001004,BEN-5
500039711001005,BEN-5
500039711001006,BEN-5
500039711001007,BEN-5
500039711001008,BEN-5
500039711001009,BEN-5
500039711001010,BEN-5
500039711001011,BEN-5
500039711001012,BEN-5
500039711001013,BEN-5
500039711001014,BEN-5
500039711001015,BEN-5
500039711001016,BEN-5
500039711001017,BEN-5
500039711001018,BEN-5
500039711001019,BEN-5
500039711001020,BEN-5
500039711001021,BEN-5
500039711001022,BEN-5
500039711001023,BEN-5
500039711001024,BEN-5
500039711001025,BEN-5
500039711001026,BEN-5
500039711001027,BEN-5
500039711001028,BEN-5
500039711001029,BEN-5
500039711001030,BEN-5
500039711002007,BEN-5
500039711002008,BEN-5
500039711002009,BEN-5
500039711002010,BEN-5
500039711002012,BEN-5
500039711002013,BEN-5
500039711003000,BEN-5
500039711003001,BEN-5
500039711003002,BEN-5
500039711003003,BEN-5
500039711003004,BEN-5
500039711003005,BEN-5
500039711003006,BEN-5
500039711003007,BEN-5
500039711003008,BEN-5
500039711003009,BEN-5
500039711003010,BEN-5
500039711003011,BEN-5
500039711003012,BEN-5
500039711003013,BEN-5
500039711003014,BEN-5
500039711003015,BEN-5
500039711003016,BEN-5
500039711003017,BEN-5
500039711003018,BEN-5
500039712001002,BEN-5
500039712001005,BEN-5
500039712001008,BEN-5
500039712001009,BEN-5
500039712001010,BEN-5
500039712001011,BEN-5
500039712001012,BEN-5
500039712001013,BEN-5
500039712001014,BEN-5
500039712001015,BEN-5
500039712001016,BEN-5
500039712001017,BEN-5
500039712001018,BEN-5
500039712001019,BEN-5
500039712002005,BEN-5
500039712002006,BEN-5
500039712002007,BEN-5
500039712002008,BEN-5
500039712002009,BEN-5
500039712002010,BEN-5
500039712002011,BEN-5
500039712002012,BEN-5
500039712002013,BEN-5
500039712002014,BEN-5
500039712003022,BEN-5
500039712003023,BEN-5
500039712005002,BEN-5
500039712005003,BEN-5
500039712005004,BEN-5
500039712005005,BEN-5
500039712005006,BEN-5
500039712005007,BEN-5
500039712005008,BEN-5
500039712005009,BEN-5
500039712006000,BEN-5
500039712006001,BEN-5
500039712006002,BEN-5
500039712006003,BEN-5
500039712006004,BEN-5
500039712006005,BEN-5
500039712006006,BEN-5
500039712006007,BEN-5
500039712006008,BEN-5
500039712006009,BEN-5
500039712006010,BEN-5
500039712006011,BEN-5
500039712006012,BEN-5
500039712006013,BEN-5
500039712006014,BEN-5
500039712006015,BEN-5
500039712006016,BEN-5
500039712006017,BEN-5
500039712006018,BEN-5
500179592001000,ORA-3
500179592001001,ORA-3
500179592001002,ORA-3
500179592001003,ORA-3
500179592001004,ORA-3
500179592001005,ORA-3
500179592001006,ORA-3
500179592001007,ORA-3
500179592001008,ORA-3
500179592001009,ORA-3
500179592001010,ORA-3
500179592001011,ORA-3
500179592001012,ORA-3
500179592001013,ORA-3
500179592001014,ORA-3
500179592001015,ORA-3
500179592001016,ORA-3
500179592001017,ORA-3
500179592001018,ORA-3
500179592001019,ORA-3
500179592001020,ORA-3
500179592001021,ORA-3
500179592001022,ORA-3
500179592001023,ORA-3
500179592001024,ORA-3
500179592001025,ORA-3
500179592001026,ORA-3
500179592001027,ORA-3
500179592001028,ORA-3
500179592001029,ORA-3
500179592001030,ORA-3
500179592001031,ORA-3
500179592001032,ORA-3
500179592001033,ORA-3
500179592001034,ORA-3
500179592001035,ORA-3
500179592001036,ORA-3
500179592001037,ORA-3
500179592001038,ORA-3
500179592001039,ORA-3
500179592001040,ORA-3
500179592001041,ORA-3
500179592001042,ORA-3
500179592001043,ORA-3
500179592001044,ORA-3
500179592001045,ORA-3
500179592001046,ORA-3
500179592002005,ORA-3
500179592002006,ORA-3
500179592002007,ORA-3
500179592002012,ORA-3
500179592002013,ORA-3
500179592002014,ORA-3
500179592002015,ORA-3
500179592002026,ORA-3
500179592002027,ORA-3
500179592002028,ORA-3
500179592002029,ORA-3
500179592002030,ORA-3
500179592002031,ORA-3
500179592002032,ORA-3
500179592002033,ORA-3
500179592002034,ORA-3
500179592002035,ORA-3
500179592002036,ORA-3
500179592002037,ORA-3
500179592002038,ORA-3
500179592002039,ORA-3
500179592002040,ORA-3
500179592002041,ORA-3
500179592002042,ORA-3
500179592002043,ORA-3
500179592002044,ORA-3
500179592002045,ORA-3
500179592002046,ORA-3
500179592002047,ORA-3
500179592002048,ORA-3
500179592002049,ORA-3
500179592002050,ORA-3
500179592002051,ORA-3
500179592002052,ORA-3
500179592002053,ORA-3
500179592002054,ORA-3
500179592002055,ORA-3
500179592002056,ORA-3
500179592002057,ORA-3
500179592002058,ORA-3
500179592002059,ORA-3
500179592002060,ORA-3
500179592002000,WAS-ORA
500179592002001,WAS-ORA
500179592002002,WAS-ORA
500179592002003,WAS-ORA
500179592002004,WAS-ORA
500179592002008,WAS-ORA
500179592002009,WAS-ORA
500179592002010,WAS-ORA
500179592002011,WAS-ORA
500179592002016,WAS-ORA
500179592002017,WAS-ORA
500179592002018,WAS-ORA
500179592002019,WAS-ORA
500179592002020,WAS-ORA
500179592002021,WAS-ORA
500179592002022,WAS-ORA
500179592002023,WAS-ORA
500179592002024,WAS-ORA
500179592002025,WAS-ORA
500179592002061,WAS-ORA
500179592002062,WAS-ORA
500019607001000,ADD-1
500019607001001,ADD-1
500019607001002,ADD-1
500019607001003,ADD-1
500019607001004,ADD-1
500019607001005,ADD-1
500019607001006,ADD-1
500019607001007,ADD-1
500019607001008,ADD-1
500019607001009,ADD-1
500019607001010,ADD-1
500019607001011,ADD-1
500019607001012,ADD-1
500019607001013,ADD-1
500019607001014,ADD-1
500019607001015,ADD-1
500019607001016,ADD-1
500019607001017,ADD-1
500019607001018,ADD-1
500019607001019,ADD-1
500019607001020,ADD-1
500019607001021,ADD-1
500019607001022,ADD-1
500019607001023,ADD-1
500019607001024,ADD-1
500019607001025,ADD-1
500019607001026,ADD-1
500019607001027,ADD-1
500019607001028,ADD-1
500019607001029,ADD-1
500019607001030,ADD-1
500019607001031,ADD-1
500019607001032,ADD-1
500019607001033,ADD-1
500019607002000,ADD-1
500019607002001,ADD-1
500019607002002,ADD-1
500019607002003,ADD-1
500019607002004,ADD-1
500019607002005,ADD-1
500019607002006,ADD-1
500019607002007,ADD-1
500019607002008,ADD-1
500019607002009,ADD-1
500019607002010,ADD-1
500019607002011,ADD-1
500019607002012,ADD-1
500019607002013,ADD-1
500019607002014,ADD-1
500019607002015,ADD-1
500019607002016,ADD-1
500019607002017,ADD-1
500019607002018,ADD-1
500019607002019,ADD-1
500019607002020,ADD-1
500019607003000,ADD-1
500019607003001,ADD-1
500019607003002,ADD-1
500019607003003,ADD-1
500019607003004,ADD-1
500019607003005,ADD-1
500019607003006,ADD-1
500019607003007,ADD-1
500019607003008,ADD-1
500019607003009,ADD-1
500019607003010,ADD-1
500019607003011,ADD-1
500019607003012,ADD-1
500019607003013,ADD-1
500019607003014,ADD-1
500019607003015,ADD-1
500019607003016,ADD-1
500019607003017,ADD-1
500019607004000,ADD-1
500019607004001,ADD-1
500019607004002,ADD-1
500019607004003,ADD-1
500019607004004,ADD-1
500019607004005,ADD-1
500019607004006,ADD-1
500019607004007,ADD-1
500019607004008,ADD-1
500019607004009,ADD-1
500019607004010,ADD-1
500019607004011,ADD-1
500019607004012,ADD-1
500019607004013,ADD-1
500019607004014,ADD-1
500019607004015,ADD-1
500019607004016,ADD-1
500019607004017,ADD-1
500019607004018,ADD-1
500019607004019,ADD-1
500019607004020,ADD-1
500019608002000,ADD-1
500019608002001,ADD-1
500019608002002,ADD-1
500019608002003,ADD-1
500019608002004,ADD-1
500019608002005,ADD-1
500019608002006,ADD-1
500019608002007,ADD-1
500019608002008,ADD-1
500019608002009,ADD-1
500019608002010,ADD-1
500019608002011,ADD-1
500019608002012,ADD-1
500019608002013,ADD-1
500019608002014,ADD-1
500019608002015,ADD-1
500019608002016,ADD-1
500019608002017,ADD-1
500019608002018,ADD-1
500019608002019,ADD-1
500019608002020,ADD-1
500019608002021,ADD-1
500019608002022,ADD-1
500019608002023,ADD-1
500019608002024,ADD-1
500019608002025,ADD-1
500019608002026,ADD-1
500019608002027,ADD-1
500019608002028,ADD-1
500019608002029,ADD-1
500019608002030,ADD-1
500019608002031,ADD-1
500019608002032,ADD-1
500019608002033,ADD-1
500019608002034,ADD-1
500019608002035,ADD-1
500019608002036,ADD-1
500019608002037,ADD-1
500019608002038,ADD-1
500019608002039,ADD-1
500019608002040,ADD-1
500019608002041,ADD-1
500019608002042,ADD-1
500019608002043,ADD-1
500019608002044,ADD-1
500019608002045,ADD-1
500019608002046,ADD-1
500019608002047,ADD-1
500019608002048,ADD-1
500019608002049,ADD-1
500019608002050,ADD-1
500019608002051,ADD-1
500019608002052,ADD-1
500019608002053,ADD-1
500019608002054,ADD-1
500019608002055,ADD-1
500019608003002,ADD-1
500019608003004,ADD-1
500019608003005,ADD-1
500019608003006,ADD-1
500019608003007,ADD-1
500019608003008,ADD-1
500019608003011,ADD-1
500019608003012,ADD-1
500019608004000,ADD-1
500019608004001,ADD-1
500019608004002,ADD-1
500019608004003,ADD-1
500019608004004,ADD-1
500019608004005,ADD-1
500019608004006,ADD-1
500019608004007,ADD-1
500019608004008,ADD-1
500019608004009,ADD-1
500019608004010,ADD-1
500019608004011,ADD-1
500019608004012,ADD-1
500019608004013,ADD-1
500019608004014,ADD-1
500019608004015,ADD-1
500019608004016,ADD-1
500019608004017,ADD-1
500019608004018,ADD-1
500019608004019,ADD-1
500019608004020,ADD-1
500019608004021,ADD-1
500019608004022,ADD-1
500019608004023,ADD-1
500019608004024,ADD-1
500019608004025,ADD-1
500019608004026,ADD-1
500019608004027,ADD-1
500019608004028,ADD-1
500019608004029,ADD-1
500019608004030,ADD-1
500019608001000,ADD-5
500019608001001,ADD-5
500019608001002,ADD-5
500019608001003,ADD-5
500019608001004,ADD-5
500019608001005,ADD-5
500019608001006,ADD-5
500019608001007,ADD-5
500019608001008,ADD-5
500019608001009,ADD-5
500019608001010,ADD-5
500019608001011,ADD-5
500019608001012,ADD-5
500019608001013,ADD-5
500019608001014,ADD-5
500019608001015,ADD-5
500019608003000,ADD-5
500019608003001,ADD-5
500019608003003,ADD-5
500019608003009,ADD-5
500019608003010,ADD-5
500019604001000,ADD-5
500019604001001,ADD-5
500019604001002,ADD-5
500019604001003,ADD-5
500019604001004,ADD-5
500019604001005,ADD-5
500019604001006,ADD-5
500019604001007,ADD-5
500019604001008,ADD-5
500019604001009,ADD-5
500019604001010,ADD-5
500019604001011,ADD-5
500019604001012,ADD-5
500019604001013,ADD-5
500019604001033,ADD-5
500019604001034,ADD-5
500019604001035,ADD-5
500019604001036,ADD-5
500019604001037,ADD-5
500019604001038,ADD-5
500019604001039,ADD-5
500019604001040,ADD-5
500019604001041,ADD-5
500019604001042,ADD-5
500019604001043,ADD-5
500019604001044,ADD-5
500019604001045,ADD-5
500019604001046,ADD-5
500019604001047,ADD-5
500019604001048,ADD-5
500019604001049,ADD-5
500019604001050,ADD-5
500019604001051,ADD-5
500019604001052,ADD-5
500019604001053,ADD-5
500019604001054,ADD-5
500019604001055,ADD-5
500019604001056,ADD-5
500019604001057,ADD-5
500019604001058,ADD-5
500019604001059,ADD-5
500019604001060,ADD-5
500019604001061,ADD-5
500019604001062,ADD-5
500019604001063,ADD-5
500019604001064,ADD-5
500019604001065,ADD-5
500019604001066,ADD-5
500019604001067,ADD-5
500019604001068,ADD-5
500019604001069,ADD-5
500019604001070,ADD-5
500019604001071,ADD-5
500019604001072,ADD-5
500019604001073,ADD-5
500019604001074,ADD-5
500019604001081,ADD-5
500019604001082,ADD-5
500019604001086,ADD-5
500019604001087,ADD-5
500019604001088,ADD-5
500019604001089,ADD-5
500019604001090,ADD-5
500019604001091,ADD-5
500019604001092,ADD-5
500019604001110,ADD-5
500019604001111,ADD-5
500019604001115,ADD-5
500019604001116,ADD-5
500019604001117,ADD-5
500019604001118,ADD-5
500019604001119,ADD-5
500019604001120,ADD-5
500019604001121,ADD-5
500019604001122,ADD-5
500019604001123,ADD-5
500019604001126,ADD-5
500019604001127,ADD-5
500019604001129,ADD-5
500019604001130,ADD-5
500019604001014,ADD-3
500019604001015,ADD-3
500019604001016,ADD-3
500019604001017,ADD-3
500019604001018,ADD-3
500019604001019,ADD-3
500019604001020,ADD-3
500019604001021,ADD-3
500019604001022,ADD-3
500019604001023,ADD-3
500019604001024,ADD-3
500019604001025,ADD-3
500019604001026,ADD-3
500019604001027,ADD-3
500019604001028,ADD-3
500019604001029,ADD-3
500019604001030,ADD-3
500019604001031,ADD-3
500019604001032,ADD-3
500019604001075,ADD-3
500019604001076,ADD-3
500019604001077,ADD-3
500019604001078,ADD-3
500019604001079,ADD-3
500019604001080,ADD-3
500019604001083,ADD-3
500019604001084,ADD-3
500019604001085,ADD-3
500019604001093,ADD-3
500019604001094,ADD-3
500019604001095,ADD-3
500019604001096,ADD-3
500019604001097,ADD-3
500019604001098,ADD-3
500019604001099,ADD-3
500019604001100,ADD-3
500019604001101,ADD-3
500019604001102,ADD-3
500019604001103,ADD-3
500019604001104,ADD-3
500019604001105,ADD-3
500019604001106,ADD-3
500019604001107,ADD-3
500019604001108,ADD-3
500019604001109,ADD-3
500019604001112,ADD-3
500019604001113,ADD-3
500019604001114,ADD-3
500019604001124,ADD-3
500019604001125,ADD-3
500019604001128,ADD-3
500019604001131,ADD-3
500070022011000,CHI-20
500070022011001,CHI-20
500070022011002,CHI-20
500070022011003,CHI-20
500070022012000,CHI-20
500070022012001,CHI-20
500070022012002,CHI-20
500070022012003,CHI-20
500070022012005,CHI-20
500070022012006,CHI-20
500070022013000,CHI-20
500070022013001,CHI-20
500070022013002,CHI-20
500070022013003,CHI-20
500070022013004,CHI-20
500070022013005,CHI-20
500070022013006,CHI-20
500070022013007,CHI-20
500070022013008,CHI-20
500070022013009,CHI-20
500070022013010,CHI-20
500070022013011,CHI-20
500070022013012,CHI-20
500070022013017,CHI-20
500070022013018,CHI-20
500070022014000,CHI-20
500070022014001,CHI-20
500070022014002,CHI-20
500070022014003,CHI-20
500070022014004,CHI-20
500070022014005,CHI-20
500070022014006,CHI-20
500070022014007,CHI-20
500070022014008,CHI-20
500070022014009,CHI-20
500070022014010,CHI-20
500070022014011,CHI-20
500070022014012,CHI-20
500070022014013,CHI-20
500070022014014,CHI-20
500070022014015,CHI-20
500070022014016,CHI-20
500070022014017,CHI-20
500070022014018,CHI-20
500070022014019,CHI-20
500070022014020,CHI-20
500070022014021,CHI-20
500070022014022,CHI-20
500070022014023,CHI-20
500070022014024,CHI-20
500070022014025,CHI-20
500070022014026,CHI-20
500070022014027,CHI-20
500070022014028,CHI-20
500070022014029,CHI-20
500070022014030,CHI-20
500070022014031,CHI-20
500070022014032,CHI-20
500070022014033,CHI-20
500070022014034,CHI-20
500070022014035,CHI-20
500070022021000,CHI-20
500070022021001,CHI-20
500070022021002,CHI-20
500070022021003,CHI-20
500070022021004,CHI-20
500070022021005,CHI-20
500070022021006,CHI-20
500070022021007,CHI-20
500070022021008,CHI-20
500070022021009,CHI-20
500070022021010,CHI-20
500070022021011,CHI-20
500070022021012,CHI-20
500070022021013,CHI-20
500070022021014,CHI-20
500070022021015,CHI-20
500070022021016,CHI-20
500070022021017,CHI-20
500070022021018,CHI-20
500070022021019,CHI-20
500070022021020,CHI-20
500070022021021,CHI-20
500070022021022,CHI-20
500070022021023,CHI-20
500070022021024,CHI-20
500070022021025,CHI-20
500070022021026,CHI-20
500070022021027,CHI-20
500070022021028,CHI-20
500070022021029,CHI-20
500070022021030,CHI-20
500070022021031,CHI-20
500070022021032,CHI-20
500070022021033,CHI-20
500070022021034,CHI-20
500070022021035,CHI-20
500070022021036,CHI-20
500070022021037,CHI-20
500070022021038,CHI-20
500070022021039,CHI-20
500070022021040,CHI-20
500070022021041,CHI-20
500070022021042,CHI-20
500070022021043,CHI-20
500070022021044,CHI-20
500070022021045,CHI-20
500070022021046,CHI-20
500070022021047,CHI-20
500070022021048,CHI-20
500070022021049,CHI-20
500070022021050,CHI-20
500070022021051,CHI-20
500070022022000,CHI-20
500070022022001,CHI-20
500070022022002,CHI-20
500070022022003,CHI-20
500070022022004,CHI-20
500070022022005,CHI-20
500070022022006,CHI-20
500070022022007,CHI-20
500070022022008,CHI-20
500070022022009,CHI-20
500070022022010,CHI-20
500070022022011,CHI-20
500070022022012,CHI-20
500070022022013,CHI-20
500070022022014,CHI-20
500070022022015,CHI-20
500070022022016,CHI-20
500070022022017,CHI-20
500070022022018,CHI-20
500070022022019,CHI-20
500070022022020,CHI-20
500070022022021,CHI-20
500070022022025,CHI-20
500070022022026,CHI-20
500070022022031,CHI-20
500070022022032,CHI-20
500070022022033,CHI-20
500070022022034,CHI-20
500070022022035,CHI-20
500070022022036,CHI-20
500070022022037,CHI-20
500070022022038,CHI-20
500070022022039,CHI-20
500070022022040,CHI-20
500070022022041,CHI-20
500070022022042,CHI-20
500070022022043,CHI-20
500070022022044,CHI-20
500070022022045,CHI-20
500070022022046,CHI-20
500070022022047,CHI-20
500070022022048,CHI-20
500070022022049,CHI-20
500070023011000,CHI-20
500070023011001,CHI-20
500070023011002,CHI-20
500070023011003,CHI-20
500070023011004,CHI-20
500070023011005,CHI-20
500070023011006,CHI-20
500070023011007,CHI-20
500070023011008,CHI-20
500070023011009,CHI-20
500070023011010,CHI-20
500070023011011,CHI-20
500070023011012,CHI-20
500070023011013,CHI-20
500070023011014,CHI-20
500070023011015,CHI-20
500070023011016,CHI-20
500070023011017,CHI-20
500070023011018,CHI-20
500070023011019,CHI-20
500070023011020,CHI-20
500070023011021,CHI-20
500070023011022,CHI-20
500070023011023,CHI-20
500070023011024,CHI-20
500070023011025,CHI-20
500070023011026,CHI-20
500070023011027,CHI-20
500070023011028,CHI-20
500070023011029,CHI-20
500070023011030,CHI-20
500070023011031,CHI-20
500070023011032,CHI-20
500070023011033,CHI-20
500070023011034,CHI-20
500070023011035,CHI-20
500070023011036,CHI-20
500070023011037,CHI-20
500070023011038,CHI-20
500070023011039,CHI-20
500070023011040,CHI-20
500070023011041,CHI-20
500070023011042,CHI-20
500070023011048,CHI-20
500070023011049,CHI-20
500070025021000,CHI-20
500070025021012,CHI-20
500070022013013,CHI-19
500070022013014,CHI-19
500070022013015,CHI-19
500070022013016,CHI-19
500070022013019,CHI-19
500070022022022,CHI-19
500070022022023,CHI-19
500070022022024,CHI-19
500070022022027,CHI-19
500070022022028,CHI-19
500070022022029,CHI-19
500070022022030,CHI-19
500070023011043,CHI-19
500070023011044,CHI-19
500070023011045,CHI-19
500070023011046,CHI-19
500070023011047,CHI-19
500070023031000,CHI-19
500070023031001,CHI-19
500070023031002,CHI-19
500070023031003,CHI-19
500070023031004,CHI-19
500070023031005,CHI-19
500070023031006,CHI-19
500070023031007,CHI-19
500070023031008,CHI-19
500070023031009,CHI-19
500070023031010,CHI-19
500070023031011,CHI-19
500070023031012,CHI-19
500070023031013,CHI-19
500070023031014,CHI-19
500070023031015,CHI-19
500070023031016,CHI-19
500070023031017,CHI-19
500070023031018,CHI-19
500070023031019,CHI-19
500070023031020,CHI-19
500070023031021,CHI-19
500070023031022,CHI-19
500070023031023,CHI-19
500070023032000,CHI-19
500070023032001,CHI-19
500070023032002,CHI-19
500070023032003,CHI-19
500070023032004,CHI-19
500070023033000,CHI-19
500070023033001,CHI-19
500070023033002,CHI-19
500070023033003,CHI-19
500070023033004,CHI-19
500070023033005,CHI-19
500070023033006,CHI-19
500070023033007,CHI-19
500070023033008,CHI-19
500070023033009,CHI-19
500070023033010,CHI-19
500070023033011,CHI-19
500070023033012,CHI-19
500070023033013,CHI-19
500070023033014,CHI-19
500070023033015,CHI-19
500070023033016,CHI-19
500070023033017,CHI-19
500070023033018,CHI-19
500070023033019,CHI-19
500070023033020,CHI-19
500070023033021,CHI-19
500070023033022,CHI-19
500070023041000,CHI-19
500070023041001,CHI-19
500070023041002,CHI-19
500070023041003,CHI-19
500070023041004,CHI-19
500070023041005,CHI-19
500070023041006,CHI-19
500070023041007,CHI-19
500070023041008,CHI-19
500070023041009,CHI-19
500070023041010,CHI-19
500070023041011,CHI-19
500070023041012,CHI-19
500070023041013,CHI-19
500070023041014,CHI-19
500070023041015,CHI-19
500070023041016,CHI-19
500070023042000,CHI-19
500070023042001,CHI-19
500070023042002,CHI-19
500070023042003,CHI-19
500070023042004,CHI-19
500070023042005,CHI-19
500070023042006,CHI-19
500070023042007,CHI-19
500070023042008,CHI-19
500070023042009,CHI-19
500070023042010,CHI-19
500070023042011,CHI-19
500070023042012,CHI-19
500070023042013,CHI-19
500070023042014,CHI-19
500070023042015,CHI-19
500070023042016,CHI-19
500070023042017,CHI-19
500070023042018,CHI-19
500039709001000,BEN-2
500039709001001,BEN-2
500039709001002,BEN-2
500039709001003,BEN-2
500039709001004,BEN-2
500039709001005,BEN-2
500039709001006,BEN-2
500039709001007,BEN-2
500039709001008,BEN-2
500039709001009,BEN-2
500039709001010,BEN-2
500039709001011,BEN-2
500039709001012,BEN-2
500039709001013,BEN-2
500039709001014,BEN-2
500039709001015,BEN-2
500039709001016,BEN-2
500039709001017,BEN-2
500039709002000,BEN-2
500039709002001,BEN-2
500039709002002,BEN-2
500039709002003,BEN-2
500039709002004,BEN-2
500039709002005,BEN-2
500039709002006,BEN-2
500039709002007,BEN-2
500039709002008,BEN-2
500039709002009,BEN-2
500039709002010,BEN-2
500039709002011,BEN-2
500039709002012,BEN-2
500039709002013,BEN-2
500039709002014,BEN-2
500039709002015,BEN-2
500039709002016,BEN-2
500039709002017,BEN-2
500039709002018,BEN-2
500039709002019,BEN-2
500039709002020,BEN-2
500039709002021,BEN-2
500039709002022,BEN-2
500039709002023,BEN-2
500039709002024,BEN-2
500039709002025,BEN-2
500039709002026,BEN-2
500039710001000,BEN-2
500039710001001,BEN-2
500039710001002,BEN-2
500039710001003,BEN-2
500039710001004,BEN-2
500039710001005,BEN-2
500039710001006,BEN-2
500039710001007,BEN-2
500039710001008,BEN-2
500039710001009,BEN-2
500039710001010,BEN-2
500039710001011,BEN-2
500039710001012,BEN-2
500039710001013,BEN-2
500039710001014,BEN-2
500039710001015,BEN-2
500039710001016,BEN-2
500039710001017,BEN-2
500039710001018,BEN-2
500039710001019,BEN-2
500039710001020,BEN-2
500039710001021,BEN-2
500039710001022,BEN-2
500039710001023,BEN-2
500039710001024,BEN-2
500039710001025,BEN-2
500039710001026,BEN-2
500039710001027,BEN-2
500039710001028,BEN-2
500039710001029,BEN-2
500039710001030,BEN-2
500039710001031,BEN-2
500039710001032,BEN-2
500039710001033,BEN-2
500039710001034,BEN-2
500039710001035,BEN-2
500039710001036,BEN-2
500039710001037,BEN-2
500039710001038,BEN-2
500039710001039,BEN-2
500039710001040,BEN-2
500039710001041,BEN-2
500039710001042,BEN-2
500039710001043,BEN-2
500039710001044,BEN-2
500039710001045,BEN-2
500039710002000,BEN-2
500039710002001,BEN-2
500039710002002,BEN-2
500039710002003,BEN-2
500039710002004,BEN-2
500039710002005,BEN-2
500039710002006,BEN-2
500039710002007,BEN-2
500039710002008,BEN-2
500039710002009,BEN-2
500039710002010,BEN-2
500039710002011,BEN-2
500039710002012,BEN-2
500039710002013,BEN-2
500039710002014,BEN-2
500039710002015,BEN-2
500039710002016,BEN-2
500039710002017,BEN-2
500039710002018,BEN-2
500039710002019,BEN-2
500039710002020,BEN-2
500039710002021,BEN-2
500039710002022,BEN-2
500039710002023,BEN-2
500039710002024,BEN-2
500039710002025,BEN-2
500039710002026,BEN-2
500039710002027,BEN-2
500039710002028,BEN-2
500039710002029,BEN-2
500039710002030,BEN-2
500039710002031,BEN-2
500039710002032,BEN-2
500039710002033,BEN-2
500039710002034,BEN-2
500039710002035,BEN-2
500039710002036,BEN-2
500039710002037,BEN-2
500039710002038,BEN-2
500039710002039,BEN-2
500039710002040,BEN-2
500039710002041,BEN-2
500039710002042,BEN-2
500039710002043,BEN-2
500039710002044,BEN-2
500039710002045,BEN-2
500039710002046,BEN-2
500039710002047,BEN-2
500039710002048,BEN-2
500039710002049,BEN-2
500039710002050,BEN-2
500039710002051,BEN-2
500039710002052,BEN-2
500039710002053,BEN-2
500039710002054,BEN-2
500039710002055,BEN-2
500039710002056,BEN-2
500039710002057,BEN-2
500039710002058,BEN-2
500039710002059,BEN-2
500039710002060,BEN-2
500039710002061,BEN-2
500039710002062,BEN-2
500039710002063,BEN-2
500039710002064,BEN-2
500039710002065,BEN-2
500039710002066,BEN-2
500039710002067,BEN-2
500039710002068,BEN-2
500039710002069,BEN-2
500039710002070,BEN-2
500039710002071,BEN-2
500039710002072,BEN-2
500039710002073,BEN-2
500039710002074,BEN-2
500039710002075,BEN-2
500039710002076,BEN-2
500039710002077,BEN-2
500039710002078,BEN-2
500039710002079,BEN-2
500039710002080,BEN-2
500039710002081,BEN-2
500039710002082,BEN-2
500039710002083,BEN-2
500039710002084,BEN-2
500039710002085,BEN-2
500039711002000,BEN-2
500039711002001,BEN-2
500039711002002,BEN-2
500039711002003,BEN-2
500039711002004,BEN-2
500039711002005,BEN-2
500039711002006,BEN-2
500039711002011,BEN-2
500039711003019,BEN-2
500039711003020,BEN-2
500039712001000,BEN-2
500039712001001,BEN-2
500039712001003,BEN-2
500039712001004,BEN-2
500039712001006,BEN-2
500039712001020,BEN-2
500039712002000,BEN-2
500039712002001,BEN-2
500039712002002,BEN-2
500039712002003,BEN-2
500039712002004,BEN-2
500039712003000,BEN-2
500039712003001,BEN-2
500039712003002,BEN-2
500039712003003,BEN-2
500039712003004,BEN-2
500039712003005,BEN-2
500039712003006,BEN-2
500039712003007,BEN-2
500039712003008,BEN-2
500039712003009,BEN-2
500039712003010,BEN-2
500039712003011,BEN-2
500039712003012,BEN-2
500039712003013,BEN-2
500039712003014,BEN-2
500039712003015,BEN-2
500039712003016,BEN-2
500039712003017,BEN-2
500039712003018,BEN-2
500039712003024,BEN-2
500039712003025,BEN-2
500039712003026,BEN-2
500039712004000,BEN-2
500039712004001,BEN-2
500039712004002,BEN-2
500039712004003,BEN-2
500039712004004,BEN-2
500039712004005,BEN-2
500039712004006,BEN-2
500039712004007,BEN-2
500039712004008,BEN-2
500039712004009,BEN-2
500039712004010,BEN-2
500039712004011,BEN-2
500039712004012,BEN-2
500039712005000,BEN-2
500039712005001,BEN-2
500039712003019,BEN-2
500039712003020,BEN-2
500039712003021,BEN-2
500259684001000,WDH-7
500259684001001,WDH-7
500259684001002,WDH-7
500259684001003,WDH-7
500259684001004,WDH-7
500259684001005,WDH-7
500259684001006,WDH-7
500259684001007,WDH-7
500259684001008,WDH-7
500259684001009,WDH-7
500259684001010,WDH-7
500259684001011,WDH-7
500259684001012,WDH-7
500259684001013,WDH-7
500259684001014,WDH-7
500259684001015,WDH-7
500259684001016,WDH-7
500259684001017,WDH-7
500259684001018,WDH-7
500259684001019,WDH-7
500259684001020,WDH-7
500259684001021,WDH-7
500259684001022,WDH-7
500259684001023,WDH-7
500259684001024,WDH-7
500259684001025,WDH-7
500259684001026,WDH-7
500259684001027,WDH-7
500259684001028,WDH-7
500259684001029,WDH-7
500259684001030,WDH-7
500259684002000,WDH-7
500259684002001,WDH-7
500259684002002,WDH-7
500259684002003,WDH-7
500259684002004,WDH-7
500259684002005,WDH-7
500259684002006,WDH-7
500259684002007,WDH-7
500259684002008,WDH-7
500259684002009,WDH-7
500259684002010,WDH-7
500259684002011,WDH-7
500259684002012,WDH-7
500259684002013,WDH-7
500259684002014,WDH-7
500259684002015,WDH-7
500259684003001,WDH-7
500259684003002,WDH-7
500259684003003,WDH-7
500259684003004,WDH-7
500259684003005,WDH-7
500259684003006,WDH-7
500259684003007,WDH-7
500259684003008,WDH-7
500259684003009,WDH-7
500259684004000,WDH-7
500259684004001,WDH-7
500259684004002,WDH-7
500259684004003,WDH-7
500259684004004,WDH-7
500259684004005,WDH-7
500259684004006,WDH-7
500259684004007,WDH-7
500259684004008,WDH-7
500259684004009,WDH-7
500259684004010,WDH-7
500259684004011,WDH-7
500259684004012,WDH-7
500259684004013,WDH-7
500259684004014,WDH-7
500259684004015,WDH-7
500259684004016,WDH-7
500259684004017,WDH-7
500259684004018,WDH-7
500259684004019,WDH-7
500259684004020,WDH-7
500259685005022,WDH-7
500259685005024,WDH-7
500259686002022,WDH-7
500259684003000,WDH-9
500259685001000,WDH-9
500259685001001,WDH-9
500259685001002,WDH-9
500259685001003,WDH-9
500259685001004,WDH-9
500259685001005,WDH-9
500259685001006,WDH-9
500259685001007,WDH-9
500259685004000,WDH-9
500259685004001,WDH-9
500259685004002,WDH-9
500259685004003,WDH-9
500259685004004,WDH-9
500259685004005,WDH-9
500259685004006,WDH-9
500259685004007,WDH-9
500259685004008,WDH-9
500259685004009,WDH-9
500259685004010,WDH-9
500259685004011,WDH-9
500259685004012,WDH-9
500259685004013,WDH-9
500259685004014,WDH-9
500259685004019,WDH-9
500259685004020,WDH-9
500259685004021,WDH-9
500259685004022,WDH-9
500259685004023,WDH-9
500259685004024,WDH-9
500259685004025,WDH-9
500259686001000,WDH-9
500259686001001,WDH-9
500259686001002,WDH-9
500259686001003,WDH-9
500259686001004,WDH-9
500259686001005,WDH-9
500259686001006,WDH-9
500259686001007,WDH-9
500259686001008,WDH-9
500259686001009,WDH-9
500259686001010,WDH-9
500259686001011,WDH-9
500259686001012,WDH-9
500259686001013,WDH-9
500259686001014,WDH-9
500259686001015,WDH-9
500259686001016,WDH-9
500259686001017,WDH-9
500259686001018,WDH-9
500259686001019,WDH-9
500259686001020,WDH-9
500259686001021,WDH-9
500259686001022,WDH-9
500259686001023,WDH-9
500259686001024,WDH-9
500259686001025,WDH-9
500259686001026,WDH-9
500259686002000,WDH-9
500259686002001,WDH-9
500259686002002,WDH-9
500259686002003,WDH-9
500259686002004,WDH-9
500259686002005,WDH-9
500259686002006,WDH-9
500259686002007,WDH-9
500259686002008,WDH-9
500259686002009,WDH-9
500259686002010,WDH-9
500259686002011,WDH-9
500259686002012,WDH-9
500259686002013,WDH-9
500259686002014,WDH-9
500259686002015,WDH-9
500259686002016,WDH-9
500259686002017,WDH-9
500259686002018,WDH-9
500259686002019,WDH-9
500259686002020,WDH-9
500259686002021,WDH-9
500259686002023,WDH-9
500259686002024,WDH-9
500259686002025,WDH-9
500259686002026,WDH-9
500259686002027,WDH-9
500259686002028,WDH-9
500259686002029,WDH-9
500259686002030,WDH-9
500259686002031,WDH-9
500259686002032,WDH-9
500259686002033,WDH-9
500259686002034,WDH-9
500259686002035,WDH-9
500259686002036,WDH-9
500259686002037,WDH-9
500259686002038,WDH-9
500259686002039,WDH-9
500259686002040,WDH-9
500259686002041,WDH-9
500259686002042,WDH-9
500259686002043,WDH-9
500259686002044,WDH-9
500259686002045,WDH-9
500259686002046,WDH-9
500259686002047,WDH-9
500259686002048,WDH-9
500259686002049,WDH-9
500259685005004,WDH-9
500259685002011,WDH-8
500259685002024,WDH-8
500259685002025,WDH-8
500259685002031,WDH-8
500259685005008,WDH-8
500259685005009,WDH-8
500259685005020,WDH-8
500259685005021,WDH-8
500259685005023,WDH-8
500259685005025,WDH-8
500259685004015,WDH-8
500259685004016,WDH-8
500259685004017,WDH-8
500259685004018,WDH-8
500259685001008,WDH-8
500259685001009,WDH-8
500259685001010,WDH-8
500259685001011,WDH-8
500259685001012,WDH-8
500259685001013,WDH-8
500259685002000,WDH-8
500259685002001,WDH-8
500259685002002,WDH-8
500259685002003,WDH-8
500259685002004,WDH-8
500259685002005,WDH-8
500259685002006,WDH-8
500259685002007,WDH-8
500259685002008,WDH-8
500259685002009,WDH-8
500259685002010,WDH-8
500259685002012,WDH-8
500259685002013,WDH-8
500259685002014,WDH-8
500259685002015,WDH-8
500259685002016,WDH-8
500259685002017,WDH-8
500259685002018,WDH-8
500259685002019,WDH-8
500259685002020,WDH-8
500259685002021,WDH-8
500259685002022,WDH-8
500259685002023,WDH-8
500259685002026,WDH-8
500259685002027,WDH-8
500259685002028,WDH-8
500259685002029,WDH-8
500259685002030,WDH-8
500259685002032,WDH-8
500259685003000,WDH-8
500259685003001,WDH-8
500259685003002,WDH-8
500259685003003,WDH-8
500259685003004,WDH-8
500259685003005,WDH-8
500259685003006,WDH-8
500259685003007,WDH-8
500259685003008,WDH-8
500259685003009,WDH-8
500259685005000,WDH-8
500259685005001,WDH-8
500259685005002,WDH-8
500259685005003,WDH-8
500259685005005,WDH-8
500259685005006,WDH-8
500259685005007,WDH-8
500259685005010,WDH-8
500259685005011,WDH-8
500259685005012,WDH-8
500259685005013,WDH-8
500259685005014,WDH-8
500259685005015,WDH-8
500259685005016,WDH-8
500259685005017,WDH-8
500259685005018,WDH-8
500259685005019,WDH-8
500259685005026,WDH-8
500259685005027,WDH-8
500279655011050,WDR-6
500279655012031,WDR-6
500279655012032,WDR-6
500279655012033,WDR-6
500279655012034,WDR-6
500279655012035,WDR-6
500279655012036,WDR-6
500279655012037,WDR-6
500279655012038,WDR-6
500279655012039,WDR-6
500279655012040,WDR-6
500279655012041,WDR-6
500279655012042,WDR-6
500279655012043,WDR-6
500279655012044,WDR-6
500279655012045,WDR-6
500279655013012,WDR-6
500279655013013,WDR-6
500279655013014,WDR-6
500279655013015,WDR-6
500279655013016,WDR-6
500279655013017,WDR-6
500279655013019,WDR-6
500279655013020,WDR-6
500279655013021,WDR-6
500279655013036,WDR-6
500279655013041,WDR-6
500279655013042,WDR-6
500279655013047,WDR-6
500279655013058,WDR-6
500279655021000,WDR-6
500279655021001,WDR-6
500279655021025,WDR-6
500279655021030,WDR-6
500279655021031,WDR-6
500279655021033,WDR-6
500279655021035,WDR-6
500279655022015,WDR-6
500279655011002,WDR-4
500279655011003,WDR-4
500279655011004,WDR-4
500279655012000,WDR-4
500279655012001,WDR-4
500279655012002,WDR-4
500279655012003,WDR-4
500279655012004,WDR-4
500279655012005,WDR-4
500279655012006,WDR-4
500279655012007,WDR-4
500279655012008,WDR-4
500279655012009,WDR-4
500279655012010,WDR-4
500279655012011,WDR-4
500279655012012,WDR-4
500279655012013,WDR-4
500279655012014,WDR-4
500279655012015,WDR-4
500279655012016,WDR-4
500279655012017,WDR-4
500279655012018,WDR-4
500279655012019,WDR-4
500279655012020,WDR-4
500279655012021,WDR-4
500279655012022,WDR-4
500279655012023,WDR-4
500279655012026,WDR-4
500279655012027,WDR-4
500279655012028,WDR-4
500279655012029,WDR-4
500279655012030,WDR-4
500279655012046,WDR-4
500279655012047,WDR-4
500279655012048,WDR-4
500279655012049,WDR-4
500279655012050,WDR-4
500279655013000,WDR-4
500279655013001,WDR-4
500279655013002,WDR-4
500279655013003,WDR-4
500279655013004,WDR-4
500279655013005,WDR-4
500279655013006,WDR-4
500279655013007,WDR-4
500279655013008,WDR-4
500279655013009,WDR-4
500279655013010,WDR-4
500279655013011,WDR-4
500279655013018,WDR-4
500279655013022,WDR-4
500279655013023,WDR-4
500279655013024,WDR-4
500279655013025,WDR-4
500279655013026,WDR-4
500279655013027,WDR-4
500279655013028,WDR-4
500279655013029,WDR-4
500279655013030,WDR-4
500279655013031,WDR-4
500279655013032,WDR-4
500279655013033,WDR-4
500279655013034,WDR-4
500279655013035,WDR-4
500279655021002,WDR-4
500279655021003,WDR-4
500279655021004,WDR-4
500279655021005,WDR-4
500279655021006,WDR-4
500279655021007,WDR-4
500279655021008,WDR-4
500279655021009,WDR-4
500279655021010,WDR-4
500279655021011,WDR-4
500279655021012,WDR-4
500279655021013,WDR-4
500279655021014,WDR-4
500279655021015,WDR-4
500279655021016,WDR-4
500279655021017,WDR-4
500279655021018,WDR-4
500279655021019,WDR-4
500279655021020,WDR-4
500279655021021,WDR-4
500279655021022,WDR-4
500279655021023,WDR-4
500279655021024,WDR-4
500279655021026,WDR-4
500279655021027,WDR-4
500279655021028,WDR-4
500279655021029,WDR-4
500279655021034,WDR-4
500279655021036,WDR-4
500279655021037,WDR-4
500279655021038,WDR-4
500279655021041,WDR-4
500279655021042,WDR-4
500279655021043,WDR-4
500039716002000,BEN-3
500039716002001,BEN-3
500039716002002,BEN-3
500039716002003,BEN-3
500039716002004,BEN-3
500039716002005,BEN-3
500039716002006,BEN-3
500039716002007,BEN-3
500039716002022,BEN-3
500039716002023,BEN-3
500039716002024,BEN-3
500039716002025,BEN-3
500039716002026,BEN-3
500039716002027,BEN-3
500039716002028,BEN-3
500039716002029,BEN-3
500039716002030,BEN-3
500039716002031,BEN-3
500039716002032,BEN-3
500039716002033,BEN-3
500039716002037,BEN-3
500039716002049,BEN-3
500039716002050,BEN-3
500039716002051,BEN-3
500039716002052,BEN-3
500039716002053,BEN-3
500039716002054,BEN-3
500039716002055,BEN-3
500039716002061,BEN-3
500039716002008,BEN-4
500039716002009,BEN-4
500039716002010,BEN-4
500039716002011,BEN-4
500039716002012,BEN-4
500039716002013,BEN-4
500039716002014,BEN-4
500039716002015,BEN-4
500039716002016,BEN-4
500039716002017,BEN-4
500039716002018,BEN-4
500039716002019,BEN-4
500039716002020,BEN-4
500039716002021,BEN-4
500039716002034,BEN-4
500039716002035,BEN-4
500039716002036,BEN-4
500039716002038,BEN-4
500039716002039,BEN-4
500039716002040,BEN-4
500039716002041,BEN-4
500039716002042,BEN-4
500039716002043,BEN-4
500039716002044,BEN-4
500039716002045,BEN-4
500039716002046,BEN-4
500039716002047,BEN-4
500039716002048,BEN-4
500039716002056,BEN-4
500039716002057,BEN-4
500039716002058,BEN-4
500039716002059,BEN-4
500039716002060,BEN-4
500219627002002,RUT-2
500219627002003,RUT-2
500219627002004,RUT-2
500219627002005,RUT-2
500219627002006,RUT-2
500219627002022,RUT-2
500219627002023,RUT-2
500219627002024,RUT-2
500219627002025,RUT-2
500219627002026,RUT-2
500219627002027,RUT-2
500219627002028,RUT-2
500219627002029,RUT-2
500219627002030,RUT-2
500219627002031,RUT-2
500219627002032,RUT-2
500219627002033,RUT-2
500219627002034,RUT-2
500219627002035,RUT-2
500219627002036,RUT-2
500219627002037,RUT-2
500219627002038,RUT-2
500219627002039,RUT-2
500219627002040,RUT-2
500219627002041,RUT-2
500219627002042,RUT-2
500219627002043,RUT-2
500219627002044,RUT-2
500219627002045,RUT-2
500219627002046,RUT-2
500219627002047,RUT-2
500219627002048,RUT-2
500219627002049,RUT-2
500219627002050,RUT-2
500219627002051,RUT-2
500219627002052,RUT-2
500219627002053,RUT-2
500219627002054,RUT-2
500219627002055,RUT-2
500219627002056,RUT-2
500219627002057,RUT-2
500219627002058,RUT-2
500219627002059,RUT-2
500219627002060,RUT-2
500219627002061,RUT-2
500219627002062,RUT-2
500219627002063,RUT-2
500219627002064,RUT-2
500219627002065,RUT-2
500219627002066,RUT-2
500219627002067,RUT-2
500219627002068,RUT-2
500219627002069,RUT-2
500219627003000,RUT-2
500219627003001,RUT-2
500219627003002,RUT-2
500219627003003,RUT-2
500219627003004,RUT-2
500219627003005,RUT-2
500219627003006,RUT-2
500219627003007,RUT-2
500219627003008,RUT-2
500219627003009,RUT-2
500219627003010,RUT-2
500219627003011,RUT-2
500219627003012,RUT-2
500219627003013,RUT-2
500219627003014,RUT-2
500219627003015,RUT-2
500219627003016,RUT-2
500219627003017,RUT-2
500219627003018,RUT-2
500219627003019,RUT-2
500219627003020,RUT-2
500219627003021,RUT-2
500219627003022,RUT-2
500219627003023,RUT-2
500219627003024,RUT-2
500219627003025,RUT-2
500219627003026,RUT-2
500219627003027,RUT-2
500219627003028,RUT-2
500219627003029,RUT-2
500219627003030,RUT-2
500219627003031,RUT-2
500219627003032,RUT-2
500219627003033,RUT-2
500219627003034,RUT-2
500219627003035,RUT-2
500219627003036,RUT-2
500219627001000,RUT-4
500219627001001,RUT-4
500219627001002,RUT-4
500219627001003,RUT-4
500219627001004,RUT-4
500219627001005,RUT-4
500219627001006,RUT-4
500219627001007,RUT-4
500219627001008,RUT-4
500219627001009,RUT-4
500219627001010,RUT-4
500219627001011,RUT-4
500219627001012,RUT-4
500219627001013,RUT-4
500219627001014,RUT-4
500219627001015,RUT-4
500219627001016,RUT-4
500219627001017,RUT-4
500219627001018,RUT-4
500219627001019,RUT-4
500219627001020,RUT-4
500219627001021,RUT-4
500219627001022,RUT-4
500219627001023,RUT-4
500219627002000,RUT-4
500219627002001,RUT-4
500219627002007,RUT-4
500219627002008,RUT-4
500219627002009,RUT-4
500219627002010,RUT-4
500219627002011,RUT-4
500219627002012,RUT-4
500219627002013,RUT-4
500219627002014,RUT-4
500219627002015,RUT-4
500219627002016,RUT-4
500219627002017,RUT-4
500219627002018,RUT-4
500219627002019,RUT-4
500219627002020,RUT-4
500219627002021,RUT-4
500219630001000,RUT-4
500219630001001,RUT-4
500219630001002,RUT-4
500219630001003,RUT-4
500219630001004,RUT-4
500219630001005,RUT-4
500219630001006,RUT-4
500219630001007,RUT-4
500219630001008,RUT-4
500219630001009,RUT-4
500219630001010,RUT-4
500219630001011,RUT-4
500219630001012,RUT-4
500219630001013,RUT-4
500219630001014,RUT-4
500219630001015,RUT-4
500219630001016,RUT-4
500219630001017,RUT-4
500219630001018,RUT-4
500219630001019,RUT-4
500219630001020,RUT-4
500219630001021,RUT-4
500219630001022,RUT-4
500219630002000,RUT-4
500219630002001,RUT-4
500219630002002,RUT-4
500219630002003,RUT-4
500219630002004,RUT-4
500219630002005,RUT-4
500219630002006,RUT-4
500219630002007,RUT-4
500219630002008,RUT-4
500219630002009,RUT-4
500219630002010,RUT-4
500219630002011,RUT-4
500219630002012,RUT-4
500219630002013,RUT-4
500219630002014,RUT-4
500219630002015,RUT-4
500219630002016,RUT-4
500219631001000,RUT-4
500219631001006,RUT-4
500219631001007,RUT-4
500219631003000,RUT-4
500219631003001,RUT-4
500219631003002,RUT-4
500219631003010,RUT-4
500219631003011,RUT-4
500219631003004,RUT-4
500219631003005,RUT-4
500219631003009,RUT-4
500219631001001,RUT-4
500219631001005,RUT-4
500219631001008,RUT-4
500219631001009,RUT-4
500219631001013,RUT-4
500219631001014,RUT-4
500219631003003,RUT-4
500219630003000,RUT-5
500219630003001,RUT-5
500219630003002,RUT-5
500219630003003,RUT-5
500219630003004,RUT-5
500219630003005,RUT-5
500219630003006,RUT-5
500219630003007,RUT-5
500219630003008,RUT-5
500219630003009,RUT-5
500219630003010,RUT-5
500219630003011,RUT-5
500219630003012,RUT-5
500219630003013,RUT-5
500219630003014,RUT-5
500219630003015,RUT-5
500219630003016,RUT-5
500219630003017,RUT-5
500219630003018,RUT-5
500219630003019,RUT-5
500219630003020,RUT-5
500219630003021,RUT-5
500219630003022,RUT-5
500219630003023,RUT-5
500219630003024,RUT-5
500219630004000,RUT-5
500219630004001,RUT-5
500219630004006,RUT-5
500219630004007,RUT-5
500219630004005,RUT-5
500219630005000,RUT-5
500219630005001,RUT-5
500219630005002,RUT-5
500219630005005,RUT-5
500219630005006,RUT-5
500219630005007,RUT-5
500219630005008,RUT-5
500219630005009,RUT-5
500219630005010,RUT-5
500219633001000,RUT-5
500219633001001,RUT-5
500219633001002,RUT-5
500219633001003,RUT-5
500219633001004,RUT-5
500219633001005,RUT-5
500219633001006,RUT-5
500219633001007,RUT-5
500219633001008,RUT-5
500219633001011,RUT-5
500219633001012,RUT-5
500219633001013,RUT-5
500219633001014,RUT-5
500219633001015,RUT-5
500219633001016,RUT-5
500219633002000,RUT-5
500219633002001,RUT-5
500219633002002,RUT-5
500219633002006,RUT-5
500219633002007,RUT-5
500219633002008,RUT-5
500219633002009,RUT-5
500219632001000,RUT-7
500219632001001,RUT-7
500219632001002,RUT-7
500219632001003,RUT-7
500219632001010,RUT-7
500219631003006,RUT-7
500219631003007,RUT-7
500219631003008,RUT-7
500219631003022,RUT-7
500219632003007,RUT-7
500219632003008,RUT-7
500219632003010,RUT-7
500219632003014,RUT-7
500219632003015,RUT-7
500219632003018,RUT-7
500219632004006,RUT-7
500219632004007,RUT-7
500219632004008,RUT-7
500219632004010,RUT-7
500219632004011,RUT-7
500219632004012,RUT-7
500219631001002,RUT-7
500219631001003,RUT-7
500219631001004,RUT-7
500219631001010,RUT-7
500219631001011,RUT-7
500219631001012,RUT-7
500219631002000,RUT-7
500219631002001,RUT-7
500219631002002,RUT-7
500219631002003,RUT-7
500219631002004,RUT-7
500219631002005,RUT-7
500219631002006,RUT-7
500219631002007,RUT-7
500219631002008,RUT-7
500219631002009,RUT-7
500219631002010,RUT-7
500219631002011,RUT-7
500219631002012,RUT-7
500219631002013,RUT-7
500219631002014,RUT-7
500219631002015,RUT-7
500219632001004,RUT-7
500219632001005,RUT-7
500219632001006,RUT-7
500219632001007,RUT-7
500219632001008,RUT-7
500219632001009,RUT-7
500219632002000,RUT-7
500219632002001,RUT-7
500219632002002,RUT-7
500219632002003,RUT-7
500219632002004,RUT-7
500219632002005,RUT-7
500219632002006,RUT-7
500219632002007,RUT-7
500219632002008,RUT-7
500219632002009,RUT-7
500219632002010,RUT-7
500219632002011,RUT-7
500219632002012,RUT-7
500219632002013,RUT-7
500219632003000,RUT-7
500219632003001,RUT-7
500219632003002,RUT-7
500219632003003,RUT-7
500219632003004,RUT-7
500219632003005,RUT-7
500219632003006,RUT-7
500219632003009,RUT-7
500219632003011,RUT-7
500219632004000,RUT-7
500219632004001,RUT-7
500219632004002,RUT-7
500219632004003,RUT-7
500219632004004,RUT-7
500219632004005,RUT-7
500219632004009,RUT-7
500219630004002,RUT-6
500219630004003,RUT-6
500219631003012,RUT-6
500219631003013,RUT-6
500219631003019,RUT-6
500219631003020,RUT-6
500219631003021,RUT-6
500219632003012,RUT-6
500219632003013,RUT-6
500219632003016,RUT-6
500219632003017,RUT-6
500219633003004,RUT-6
500219633003005,RUT-6
500219633003006,RUT-6
500219633003007,RUT-6
500219633003008,RUT-6
500219633003009,RUT-6
500219633003010,RUT-6
500219633003011,RUT-6
500219633003015,RUT-6
500219633003016,RUT-6
500219633003017,RUT-6
500219633003018,RUT-6
500219633003019,RUT-6
500219633003021,RUT-6
500219633003022,RUT-6
500219633003023,RUT-6
500219633004000,RUT-6
500219633004001,RUT-6
500219633004002,RUT-6
500219633004003,RUT-6
500219633004004,RUT-6
500219633004005,RUT-6
500219633004006,RUT-6
500219633004007,RUT-6
500219633004008,RUT-6
500219633004009,RUT-6
500219633004010,RUT-6
500219633004011,RUT-6
500219633004012,RUT-6
500219633004013,RUT-6
500219633005000,RUT-6
500219633005001,RUT-6
500219633005002,RUT-6
500219633005003,RUT-6
500219633005004,RUT-6
500219633005005,RUT-6
500219633005006,RUT-6
500219633005007,RUT-6
500219633006000,RUT-6
500219633006001,RUT-6
500219633006002,RUT-6
500219633006003,RUT-6
500219633006004,RUT-6
500219633006005,RUT-6
500219633006006,RUT-6
500219633006007,RUT-6
500219633006008,RUT-6
500219633006009,RUT-6
500219633006010,RUT-6
500219633006011,RUT-6
500219633006012,RUT-6
500219633006013,RUT-6
500219633006014,RUT-6
500219633006015,RUT-6
500219633006016,RUT-6
500219633006017,RUT-6
500219633006018,RUT-6
500219633006019,RUT-6
500219633006020,RUT-6
500219633006021,RUT-6
500219633006022,RUT-6
500219633006023,RUT-6
500219633006024,RUT-6
500219630004004,RUT-6
500219630005003,RUT-6
500219630005004,RUT-6
500219631003014,RUT-6
500219631003015,RUT-6
500219631003016,RUT-6
500219631003017,RUT-6
500219631003018,RUT-6
500219633001009,RUT-6
500219633001010,RUT-6
500219633001017,RUT-6
500219633001018,RUT-6
500219633002003,RUT-6
500219633002004,RUT-6
500219633002005,RUT-6
500219633003000,RUT-6
500219633003001,RUT-6
500219633003002,RUT-6
500219633003003,RUT-6
500219633003012,RUT-6
500219633003013,RUT-6
500219633003014,RUT-6
500219633003020,RUT-6
500219638004000,RUT-BEN
500219638004001,RUT-BEN
500219638004002,RUT-BEN
500219638004003,RUT-BEN
500219638004004,RUT-BEN
500219638004005,RUT-BEN
500219638004006,RUT-BEN
500219638004007,RUT-BEN
500219638004008,RUT-BEN
500219638004038,RUT-BEN
500219638004039,RUT-BEN
500219638004040,RUT-BEN
500219638004041,RUT-BEN
500219638004049,RUT-BEN
500219638004050,RUT-BEN
500219638004051,RUT-BEN
500219638004052,RUT-BEN
500219638004053,RUT-BEN
500219638004055,RUT-BEN
500219638004056,RUT-BEN
500219638004057,RUT-BEN
500219638004058,RUT-BEN
500219638004009,RUT-1
500219638004010,RUT-1
500219638004011,RUT-1
500219638004012,RUT-1
500219638004013,RUT-1
500219638004014,RUT-1
500219638004015,RUT-1
500219638004016,RUT-1
500219638004017,RUT-1
500219638004018,RUT-1
500219638004019,RUT-1
500219638004020,RUT-1
500219638004021,RUT-1
500219638004022,RUT-1
500219638004023,RUT-1
500219638004024,RUT-1
500219638004025,RUT-1
500219638004026,RUT-1
500219638004027,RUT-1
500219638004028,RUT-1
500219638004029,RUT-1
500219638004030,RUT-1
500219638004031,RUT-1
500219638004032,RUT-1
500219638004033,RUT-1
500219638004034,RUT-1
500219638004035,RUT-1
500219638004036,RUT-1
500219638004037,RUT-1
500219638004042,RUT-1
500219638004043,RUT-1
500219638004044,RUT-1
500219638004045,RUT-1
500219638004046,RUT-1
500219638004047,RUT-1
500219638004048,RUT-1
500219638004054,RUT-1
500159536001017,LAM-WAS
500159536001018,LAM-WAS
500159536001019,LAM-WAS
500159536001020,LAM-WAS
500159536001021,LAM-WAS
500159536001022,LAM-WAS
500159536001023,LAM-WAS
500159536001024,LAM-WAS
500159536001025,LAM-WAS
500159536001026,LAM-WAS
500159536001027,LAM-WAS
500159536002002,LAM-WAS
500159536002005,LAM-WAS
500159536002006,LAM-WAS
500159536002031,LAM-WAS
500159536002032,LAM-WAS
500159536001000,LAM-1
500159536001001,LAM-1
500159536001002,LAM-1
500159536001003,LAM-1
500159536001004,LAM-1
500159536001005,LAM-1
500159536001006,LAM-1
500159536001007,LAM-1
500159536001008,LAM-1
500159536001009,LAM-1
500159536001010,LAM-1
500159536001011,LAM-1
500159536001012,LAM-1
500159536001013,LAM-1
500159536001014,LAM-1
500159536001015,LAM-1
500159536001016,LAM-1
500159536001028,LAM-1
500159536001029,LAM-1
500159536001030,LAM-1
500159536001031,LAM-1
500159536001032,LAM-1
500159536001033,LAM-1
500159536001034,LAM-1
500159536001035,LAM-1
500159536001036,LAM-1
500159536001037,LAM-1
500159536001038,LAM-1
500159536001039,LAM-1
500159536001040,LAM-1
500159536001041,LAM-1
500159536001042,LAM-1
500159536001043,LAM-1
500159536001044,LAM-1
500159536001045,LAM-1
500159536001046,LAM-1
500159536001047,LAM-1
500159536001048,LAM-1
500159536001049,LAM-1
500159536001050,LAM-1
500159536001051,LAM-1
500159536001052,LAM-1
500159536001053,LAM-1
500159536001054,LAM-1
500159536001055,LAM-1
500159536001056,LAM-1
500159536001057,LAM-1
500159536001058,LAM-1
500159536001059,LAM-1
500159536002000,LAM-1
500159536002001,LAM-1
500159536002003,LAM-1
500159536002004,LAM-1
500159536002007,LAM-1
500159536002008,LAM-1
500159536002009,LAM-1
500159536002010,LAM-1
500159536002011,LAM-1
500159536002012,LAM-1
500159536002013,LAM-1
500159536002014,LAM-1
500159536002015,LAM-1
500159536002016,LAM-1
500159536002017,LAM-1
500159536002018,LAM-1
500159536002019,LAM-1
500159536002020,LAM-1
500159536002021,LAM-1
500159536002022,LAM-1
500159536002023,LAM-1
500159536002024,LAM-1
500159536002025,LAM-1
500159536002026,LAM-1
500159536002027,LAM-1
500159536002028,LAM-1
500159536002029,LAM-1
500159536002030,LAM-1
500159536003000,LAM-1
500159536003001,LAM-1
500159536003002,LAM-1
500159536003003,LAM-1
500159536003004,LAM-1
500159536003005,LAM-1
500159536003006,LAM-1
500159536003007,LAM-1
500159536003008,LAM-1
500159536003009,LAM-1
500159536003010,LAM-1
500159536003011,LAM-1
500159536003012,LAM-1
500159536003013,LAM-1
500159536003014,LAM-1
500159536003015,LAM-1
500159536003016,LAM-1
500159536003017,LAM-1
500159536003018,LAM-1
500159536003019,LAM-1
500159536003020,LAM-1
500159536003021,LAM-1
500159536003022,LAM-1
500159536003023,LAM-1
500159536003024,LAM-1
500159536003025,LAM-1
500159536003026,LAM-1
500159536003027,LAM-1
500159536003028,LAM-1
500159536003029,LAM-1
500159536003030,LAM-1
500159536003031,LAM-1
500159536003032,LAM-1
500159536003033,LAM-1
500159536003034,LAM-1
500159536003035,LAM-1
500159536003036,LAM-1
500159536003037,LAM-1
500159536003038,LAM-1
500159536003039,LAM-1
500159536003040,LAM-1
500159536003041,LAM-1
500159536003042,LAM-1
500070033011000,CHI-11
500070033011001,CHI-11
500070033011002,CHI-11
500070033011003,CHI-11
500070033011004,CHI-11
500070033044000,CHI-11
500070033044001,CHI-11
500070033044002,CHI-11
500070033044003,CHI-11
500070033044004,CHI-11
500070033044005,CHI-11
500070033044006,CHI-11
500070033044007,CHI-11
500070033044008,CHI-11
500070033044009,CHI-11
500070033044010,CHI-11
500070033044011,CHI-11
500070036001006,CHI-11
500070036001007,CHI-11
500070036001008,CHI-11
500070036003000,CHI-11
500070036003001,CHI-11
500070036003002,CHI-11
500070036003003,CHI-11
500070036003004,CHI-11
500070036003005,CHI-11
500070036003006,CHI-11
500070036003007,CHI-11
500070036003008,CHI-11
500070036003009,CHI-11
500070036003010,CHI-11
500070036003011,CHI-11
500070036003012,CHI-11
500070036003013,CHI-11
500070036003014,CHI-11
500070036003015,CHI-11
500070036003016,CHI-11
500070036003017,CHI-11
500070036003018,CHI-11
500070036003019,CHI-11
500070036003020,CHI-11
500070036003021,CHI-11
500070036001000,CHI-9
500070036001001,CHI-9
500070036001002,CHI-9
500070036001003,CHI-9
500070036001004,CHI-9
500070036001005,CHI-9
500070036001009,CHI-9
500070036001010,CHI-9
500070036001011,CHI-9
500070036001012,CHI-9
500070036001013,CHI-9
500070036001014,CHI-9
500070033012000,CHI-9
500070033012002,CHI-9
500070033012003,CHI-9
500070033012004,CHI-9
500070033012005,CHI-9
500070033012006,CHI-9
500070033012007,CHI-9
500070033012026,CHI-9
500070033012029,CHI-9
500070040022000,CHI-9
500070040022001,CHI-9
500070040022002,CHI-9
500070040022003,CHI-9
500070040022004,CHI-9
500070040022005,CHI-9
500070040022006,CHI-9
500070040022007,CHI-9
500070040022008,CHI-9
500070040022013,CHI-9
500070040022014,CHI-9
500070040022015,CHI-9
500070040024004,CHI-9
500070040024005,CHI-9
500070040024006,CHI-9
500070040024007,CHI-9
500070040024008,CHI-9
500070040024009,CHI-9
500070040024010,CHI-9
500070040024011,CHI-9
500070040024012,CHI-9
500070040022009,CHI-9
500070040022010,CHI-9
500070040022011,CHI-9
500070040022012,CHI-9
500070036002021,CHI-10
500070036002000,CHI-10
500070036002001,CHI-10
500070036002002,CHI-10
500070036002003,CHI-10
500070036002004,CHI-10
500070036002005,CHI-10
500070036002006,CHI-10
500070036002007,CHI-10
500070036002008,CHI-10
500070036002009,CHI-10
500070036002010,CHI-10
500070036002011,CHI-10
500070036002012,CHI-10
500070036002013,CHI-10
500070036002014,CHI-10
500070036002015,CHI-10
500070036002016,CHI-10
500070036002017,CHI-10
500070036002018,CHI-10
500070036002019,CHI-10
500070036002020,CHI-10
500070040021000,CHI-10
500070040021001,CHI-10
500070040021002,CHI-10
500070040021003,CHI-10
500070040021004,CHI-10
500070040021005,CHI-10
500070040021006,CHI-10
500070040021007,CHI-10
500070040021008,CHI-10
500070040021009,CHI-10
500070040021010,CHI-10
500070040021011,CHI-10
500070040021012,CHI-10
500070040021013,CHI-10
500070040021014,CHI-10
500070040021015,CHI-10
500070040021016,CHI-10
500070040021017,CHI-10
500070040021018,CHI-10
500070040021019,CHI-10
500070040021020,CHI-10
500070040021021,CHI-10
500070040021022,CHI-10
500070040021023,CHI-10
500070040021024,CHI-10
500070040021025,CHI-10
500070040021026,CHI-10
500070040021027,CHI-10
500070040021028,CHI-10
500070040021029,CHI-10
500070040021030,CHI-10
500070040021031,CHI-10
500070040021032,CHI-10
500070040021033,CHI-10
500070040021034,CHI-10
500070040023000,CHI-10
500070040023001,CHI-10
500070040023002,CHI-10
500070040023003,CHI-10
500070040023004,CHI-10
500070040023005,CHI-10
500070040023006,CHI-10
500070040023007,CHI-10
500070040023008,CHI-10
500070040023009,CHI-10
500070040023010,CHI-10
500070040023011,CHI-10
500070040023012,CHI-10
500070040023013,CHI-10
500070040023014,CHI-10
500070040023015,CHI-10
500070040023016,CHI-10
500070040023017,CHI-10
500070040023018,CHI-10
500070040024000,CHI-10
500070040024001,CHI-10
500070040024002,CHI-10
500070040024003,CHI-10
500079800001000,CHI-10
500079800001001,CHI-10
500079800001002,CHI-10
500079800001003,CHI-10
500079800001004,CHI-10
500079800001005,CHI-10
500079800001006,CHI-10
500070008002000,CHI-13
500070008002001,CHI-13
500070008002002,CHI-13
500070008002003,CHI-13
500070008002004,CHI-13
500070008002005,CHI-13
500070008002006,CHI-13
500070008002007,CHI-13
500070008002008,CHI-13
500070008002009,CHI-13
500070009001005,CHI-13
500070009001006,CHI-13
500070009001007,CHI-13
500070009001008,CHI-13
500070009002000,CHI-13
500070009002001,CHI-13
500070009002002,CHI-13
500070009002003,CHI-13
500070009002004,CHI-13
500070009002005,CHI-13
500070009002006,CHI-13
500070009002007,CHI-13
500070039001016,CHI-13
500070039001017,CHI-13
500070039001018,CHI-13
500070039001019,CHI-13
500070039002000,CHI-13
500070039002001,CHI-13
500070039002002,CHI-13
500070002003015,CHI-13
500070008001000,CHI-13
500070008001001,CHI-13
500070008001002,CHI-13
500070008001003,CHI-13
500070008001004,CHI-13
500070008001005,CHI-13
500070008001006,CHI-13
500070008001007,CHI-13
500070008001008,CHI-13
500070008001009,CHI-13
500070008001010,CHI-13
500070008001011,CHI-13
500070008001012,CHI-13
500070008001013,CHI-13
500070008001014,CHI-13
500070008001015,CHI-13
500070010001000,CHI-13
500070010001001,CHI-13
500070010001002,CHI-13
500070010001003,CHI-13
500070010001004,CHI-13
500070010001005,CHI-13
500070010001006,CHI-13
500070010001007,CHI-13
500070010001008,CHI-13
500070010001009,CHI-13
500070010001010,CHI-13
500070011001000,CHI-13
500070011001001,CHI-13
500070011001002,CHI-13
500070011001003,CHI-13
500070011001004,CHI-13
500070011001005,CHI-13
500070011001006,CHI-13
500070011001007,CHI-13
500070011001008,CHI-13
500070011001009,CHI-13
500070011001010,CHI-13
500070011001011,CHI-13
500070011001012,CHI-13
500070011001013,CHI-13
500070011001014,CHI-13
500070011001015,CHI-13
500070011001016,CHI-13
500070011001017,CHI-13
500070011001018,CHI-13
500070011001019,CHI-13
500070011001020,CHI-13
500070011001021,CHI-13
500070011001022,CHI-13
500070011001023,CHI-13
500070011001024,CHI-13
500070011001025,CHI-13
500070011001026,CHI-13
500070011002000,CHI-13
500070011002001,CHI-13
500070011002002,CHI-13
500070011002003,CHI-13
500070011002004,CHI-13
500070011002005,CHI-13
500070011002006,CHI-13
500070011002007,CHI-13
500070009001000,CHI-14
500070009001001,CHI-14
500070009001002,CHI-14
500070009001003,CHI-14
500070009001004,CHI-14
500070009001009,CHI-14
500070009001010,CHI-14
500070009001011,CHI-14
500070009001012,CHI-14
500070039001002,CHI-14
500070039001003,CHI-14
500070039001004,CHI-14
500070039001005,CHI-14
500070039001006,CHI-14
500070039001007,CHI-14
500070039001008,CHI-14
500070039001009,CHI-14
500070039001010,CHI-14
500070039001011,CHI-14
500070039001012,CHI-14
500070039001013,CHI-14
500070039001015,CHI-14
500070039004004,CHI-14
500070039004005,CHI-14
500070039004006,CHI-14
500070039001000,CHI-14
500070039001001,CHI-14
500070039001014,CHI-14
500070039003004,CHI-14
500070039004000,CHI-14
500070039004001,CHI-14
500070039004002,CHI-14
500070039004003,CHI-14
500070039004007,CHI-14
500070039004008,CHI-14
500070041001001,CHI-14
500070041001002,CHI-14
500070041002000,CHI-14
500070041002001,CHI-14
500070041002004,CHI-14
500070041002005,CHI-14
500070041002006,CHI-14
500070041002007,CHI-14
500070041002008,CHI-14
500070041002009,CHI-14
500070041002010,CHI-14
500070010003018,CHI-16
500070010003019,CHI-16
500070010003010,CHI-16
500070010003011,CHI-16
500070010003012,CHI-16
500070010003020,CHI-16
500070010003021,CHI-16
500070003001001,CHI-16
500070003001002,CHI-16
500070003001003,CHI-16
500070003001004,CHI-16
500070003001005,CHI-16
500070003001006,CHI-16
500070003002013,CHI-16
500070003002014,CHI-16
500070003002015,CHI-16
500070010002000,CHI-16
500070010002001,CHI-16
500070010002002,CHI-16
500070010002003,CHI-16
500070010002006,CHI-16
500070010002007,CHI-16
500070010002008,CHI-16
500070010002012,CHI-16
500070010002013,CHI-16
500070010002014,CHI-16
500070010002015,CHI-16
500070010003000,CHI-16
500070010003001,CHI-16
500070010003002,CHI-16
500070010003003,CHI-16
500070010003004,CHI-16
500070010003005,CHI-16
500070010003006,CHI-16
500070010003007,CHI-16
500070010003008,CHI-16
500070010003009,CHI-16
500070010003013,CHI-16
500070010003014,CHI-16
500070010003015,CHI-16
500070010003016,CHI-16
500070010003017,CHI-16
500070042002001,CHI-16
500070042002002,CHI-16
500070042002005,CHI-16
500070042002006,CHI-16
500070042002007,CHI-16
500070042002008,CHI-16
500070042002009,CHI-16
500070042003000,CHI-16
500070042003003,CHI-16
500070042003004,CHI-16
500070003001007,CHI-16
500070003001008,CHI-16
500070003004000,CHI-16
500070003004001,CHI-16
500070003004002,CHI-16
500070003004003,CHI-16
500070003004004,CHI-16
500070003004005,CHI-16
500070003004006,CHI-16
500070003005001,CHI-16
500070003005002,CHI-16
500070003005003,CHI-16
500070003005004,CHI-16
500070003005005,CHI-16
500070003005006,CHI-16
500070003005007,CHI-16
500070003005008,CHI-16
500070003005009,CHI-16
500070003005010,CHI-16
500070003005011,CHI-16
500070003005012,CHI-16
500070003005013,CHI-16
500070003005014,CHI-16
500070003005015,CHI-16
500070003005016,CHI-16
500070003005017,CHI-16
500070003005018,CHI-16
500070003005019,CHI-16
500070003005020,CHI-16
500070042002000,CHI-16
500070042002003,CHI-16
500070042002004,CHI-16
500070041002002,CHI-16
500070041002003,CHI-16
500110106001012,FRA-8
500110106001013,FRA-8
500110106001014,FRA-8
500110106001015,FRA-8
500110106001016,FRA-8
500110106001017,FRA-8
500110106001018,FRA-8
500110106001023,FRA-8
500110106001024,FRA-8
500110106001025,FRA-8
500110106001026,FRA-8
500110106001027,FRA-8
500110106001028,FRA-8
500110106001029,FRA-8
500110106001030,FRA-8
500110106001031,FRA-8
500110106001032,FRA-8
500110106001033,FRA-8
500110106001034,FRA-8
500110106001035,FRA-8
500110106001036,FRA-8
500110106001037,FRA-8
500110106001038,FRA-8
500110106001039,FRA-8
500110106001040,FRA-8
500110106001041,FRA-8
500110106001042,FRA-8
500110106001043,FRA-8
500110106001044,FRA-8
500110108003006,FRA-8
500110108003007,FRA-8
500110108003008,FRA-8
500110108003009,FRA-8
500110108003010,FRA-8
500110108003011,FRA-8
500110108003012,FRA-8
500110108003013,FRA-8
500110108004000,FRA-8
500110108004001,FRA-8
500110108004003,FRA-8
500110108004004,FRA-8
500110108004005,FRA-8
500110108004006,FRA-8
500110108004007,FRA-8
500110108004008,FRA-8
500110108004009,FRA-8
500110108004010,FRA-8
500110108004011,FRA-8
500110106001000,FRA-2
500110106001001,FRA-2
500110106001002,FRA-2
500110106001003,FRA-2
500110106001004,FRA-2
500110106001005,FRA-2
500110106001006,FRA-2
500110106001007,FRA-2
500110106001008,FRA-2
500110106001009,FRA-2
500110106001010,FRA-2
500110106001011,FRA-2
500110106001019,FRA-2
500110106001020,FRA-2
500110106001021,FRA-2
500110106001022,FRA-2
500110106002000,FRA-2
500110106002001,FRA-2
500110106002002,FRA-2
500110106002003,FRA-2
500110106002004,FRA-2
500110106002005,FRA-2
500110106002006,FRA-2
500110106002007,FRA-2
500110106002008,FRA-2
500110106002009,FRA-2
500110106002010,FRA-2
500110106002011,FRA-2
500110106002012,FRA-2
500110106002013,FRA-2
500110106002014,FRA-2
500110106002015,FRA-2
500110106002016,FRA-2
500110106002017,FRA-2
500110106002018,FRA-2
500110106002019,FRA-2
500110106002020,FRA-2
500110106002021,FRA-2
500110106002022,FRA-2
500110106002023,FRA-2
500110106002024,FRA-2
500110106002025,FRA-2
500110106002026,FRA-2
500110106002027,FRA-2
500110106002028,FRA-2
500110106002029,FRA-2
500110106002030,FRA-2
500110106002031,FRA-2
500110106002032,FRA-2
500110106002033,FRA-2
500110106002034,FRA-2
500110106002035,FRA-2
500110106002036,FRA-2
500110106002037,FRA-2
500110106003000,FRA-2
500110106003001,FRA-2
500110106003002,FRA-2
500110106003003,FRA-2
500110106003004,FRA-2
500110106003005,FRA-2
500110106003006,FRA-2
500110106003007,FRA-2
500110106003008,FRA-2
500110106003009,FRA-2
500110106003010,FRA-2
500110106003011,FRA-2
500110106003012,FRA-2
500110106003013,FRA-2
500110106003014,FRA-2
500110106003015,FRA-2
500110106003016,FRA-2
500110106003017,FRA-2
500110106003018,FRA-2
500110106003019,FRA-2
500110106003020,FRA-2
500110106003021,FRA-2
500110106003022,FRA-2
500110106003023,FRA-2
500110106003024,FRA-2
500110106003025,FRA-2
500110106003026,FRA-2
500110106003027,FRA-2
500110106003028,FRA-2
500110106003029,FRA-2
500110106003030,FRA-2
500110106003031,FRA-2
500110106004000,FRA-2
500110106004001,FRA-2
500110106004002,FRA-2
500110106004003,FRA-2
500110106004004,FRA-2
500110106004005,FRA-2
500110106004006,FRA-2
500110106004007,FRA-2
500110106004008,FRA-2
500110106004009,FRA-2
500110106004010,FRA-2
500110106004011,FRA-2
500110106004012,FRA-2
500110106004013,FRA-2
500110106004014,FRA-2
500110106004015,FRA-2
500110106004016,FRA-2
500110106004017,FRA-2
500110106004018,FRA-2
500070001001009,CHI-18
500070001001010,CHI-18
500070001001011,CHI-18
500070001001012,CHI-18
500070001001013,CHI-18
500070001001014,CHI-18
500070001001015,CHI-18
500070001001016,CHI-18
500070001002000,CHI-18
500070001002001,CHI-18
500070001002002,CHI-18
500070001002003,CHI-18
500070001002004,CHI-18
500070001002005,CHI-18
500070001002006,CHI-18
500070001002007,CHI-18
500070001002008,CHI-18
500070001002009,CHI-18
500070001002010,CHI-18
500070001002011,CHI-18
500070001002012,CHI-18
500070001003000,CHI-18
500070001003001,CHI-18
500070001003002,CHI-18
500070001003003,CHI-18
500070001003004,CHI-18
500070001003005,CHI-18
500070001003006,CHI-18
500070001003007,CHI-18
500070001003008,CHI-18
500070001003009,CHI-18
500070001003010,CHI-18
500070001003011,CHI-18
500070001003012,CHI-18
500070001003013,CHI-18
500070001003014,CHI-18
500070001003015,CHI-18
500070002001000,CHI-18
500070002001001,CHI-18
500070002001002,CHI-18
500070002001003,CHI-18
500070002001004,CHI-18
500070002001005,CHI-18
500070002001006,CHI-18
500070002001007,CHI-18
500070002001008,CHI-18
500070002002000,CHI-18
500070002002001,CHI-18
500070002002002,CHI-18
500070002002003,CHI-18
500070002002004,CHI-18
500070002002005,CHI-18
500070002002006,CHI-18
500070002002007,CHI-18
500070002002008,CHI-18
500070002003000,CHI-18
500070002003001,CHI-18
500070002003002,CHI-18
500070002003003,CHI-18
500070002003004,CHI-18
500070002003005,CHI-18
500070002003006,CHI-18
500070002003007,CHI-18
500070002003008,CHI-18
500070002003009,CHI-18
500070002005000,CHI-18
500070002005001,CHI-18
500070002005002,CHI-18
500070002005003,CHI-18
500070002005004,CHI-18
500070002005005,CHI-18
500070002005006,CHI-18
500070002005007,CHI-18
500070002005008,CHI-18
500070002005009,CHI-18
500070002005010,CHI-18
500070001001000,CHI-17
500070001001001,CHI-17
500070001001002,CHI-17
500070001001003,CHI-17
500070001001004,CHI-17
500070001001005,CHI-17
500070001001006,CHI-17
500070001001007,CHI-17
500070001001008,CHI-17
500070001001017,CHI-17
500070002004000,CHI-17
500070002004001,CHI-17
500070002004002,CHI-17
500070002004003,CHI-17
500070002004005,CHI-17
500070003003000,CHI-17
500070003003001,CHI-17
500070003003002,CHI-17
500070003003003,CHI-17
500070003003004,CHI-17
500070003003008,CHI-17
500070003003009,CHI-17
500070002003010,CHI-17
500070002003011,CHI-17
500070002003012,CHI-17
500070002004004,CHI-17
500070002005011,CHI-17
500070002005012,CHI-17
500070002005013,CHI-17
500070002005014,CHI-17
500070002005015,CHI-17
500070002005016,CHI-17
500070002005017,CHI-17
500070002003013,CHI-17
500070002003014,CHI-17
500070002004006,CHI-17
500070003001000,CHI-17
500070003002000,CHI-17
500070003002001,CHI-17
500070003002002,CHI-17
500070003002003,CHI-17
500070003002004,CHI-17
500070003002005,CHI-17
500070003002006,CHI-17
500070003002007,CHI-17
500070003002008,CHI-17
500070003002009,CHI-17
500070003002010,CHI-17
500070003002011,CHI-17
500070003002012,CHI-17
500070003002016,CHI-17
500070003002017,CHI-17
500070010002004,CHI-17
500070010002005,CHI-17
500070010002009,CHI-17
500070010002010,CHI-17
500070010002011,CHI-17
500070042003001,CHI-17
500070042003002,CHI-17
500070003003005,CHI-17
500070003003006,CHI-17
500070003003007,CHI-17
500070003003010,CHI-17
500070035021000,CHI-4
500070035021001,CHI-4
500070035021002,CHI-4
500070035021003,CHI-4
500070035021004,CHI-4
500070035021005,CHI-4
500070035021006,CHI-4
500070035021007,CHI-4
500070035021008,CHI-4
500070035021009,CHI-4
500070035021010,CHI-4
500070035021011,CHI-4
500070035021012,CHI-4
500070035021013,CHI-4
500070035021014,CHI-4
500070035021015,CHI-4
500070035021016,CHI-4
500070035021017,CHI-4
500070035021018,CHI-4
500070035021019,CHI-4
500070035021020,CHI-4
500070035021021,CHI-4
500070035021022,CHI-4
500070035021023,CHI-4
500070035021024,CHI-4
500070035021025,CHI-4
500070035021026,CHI-4
500070035021027,CHI-4
500070035021028,CHI-4
500070035021029,CHI-4
500070035021030,CHI-4
500070035021031,CHI-4
500070035021032,CHI-4
500070035021033,CHI-4
500070035021034,CHI-4
500070035021035,CHI-4
500070035021036,CHI-4
500070035021037,CHI-4
500070035021038,CHI-4
500070035021039,CHI-4
500070035021040,CHI-4
500070035021041,CHI-4
500070035021044,CHI-4
500070035021048,CHI-4
500070035021049,CHI-4
500070035021050,CHI-4
500070035021051,CHI-4
500070035021052,CHI-4
500070035021053,CHI-4
500070035021054,CHI-4
500070035023000,CHI-4
500070035023001,CHI-4
500070035023002,CHI-4
500070035023003,CHI-4
500070035023004,CHI-4
500070035023005,CHI-4
500070035023006,CHI-4
500070035023007,CHI-4
500070035023008,CHI-4
500070035023009,CHI-4
500070035023010,CHI-4
500070035023011,CHI-4
500070035023012,CHI-4
500070035023013,CHI-4
500070035023014,CHI-4
500070035023015,CHI-4
500070035023016,CHI-4
500070035023017,CHI-4
500070035023018,CHI-4
500070035024000,CHI-4
500070035024001,CHI-4
500070035024002,CHI-4
500070035024003,CHI-4
500070035024004,CHI-4
500070035024005,CHI-4
500070035024006,CHI-4
500070035024007,CHI-4
500070035024008,CHI-4
500070035024009,CHI-4
500070035024010,CHI-4
500070035024011,CHI-4
500070035024012,CHI-4
500070035024013,CHI-4
500070035024014,CHI-4
500070035024015,CHI-4
500070035024016,CHI-4
500070035024017,CHI-4
500070035024018,CHI-4
500070035024019,CHI-4
500070035024020,CHI-4
500070035024021,CHI-4
500070035024022,CHI-4
500070035025000,CHI-4
500070035025001,CHI-4
500070035025002,CHI-4
500070035025003,CHI-4
500070035025004,CHI-4
500070035025005,CHI-4
500070035025006,CHI-4
500070035025007,CHI-4
500070035025008,CHI-4
500070035025009,CHI-4
500070035025010,CHI-4
500070035021042,CHI-5
500070035021043,CHI-5
500070035021045,CHI-5
500070035021046,CHI-5
500070035021047,CHI-5
500070021012000,CHI-FRA
500070021012001,CHI-FRA
500070021012002,CHI-FRA
500070021012003,CHI-FRA
500070021012004,CHI-FRA
500070021012005,CHI-FRA
500070021012006,CHI-FRA
500070021012007,CHI-FRA
500070021012008,CHI-FRA
500070021012009,CHI-FRA
500070021012010,CHI-FRA
500070021012011,CHI-FRA
500070021012012,CHI-FRA
500070021012013,CHI-FRA
500070021012014,CHI-FRA
500070021012015,CHI-FRA
500070021012016,CHI-FRA
500070021012017,CHI-FRA
500070021012018,CHI-FRA
500070021012019,CHI-FRA
500070021012020,CHI-FRA
500070021012021,CHI-FRA
500070021012022,CHI-FRA
500070021012023,CHI-FRA
500070021012024,CHI-FRA
500070021012025,CHI-FRA
500070021012026,CHI-FRA
500070021012027,CHI-FRA
500070021012028,CHI-FRA
500070021012029,CHI-FRA
500070021012030,CHI-FRA
500070021012031,CHI-FRA
500070021012032,CHI-FRA
500070021012033,CHI-FRA
500070021012034,CHI-FRA
500070021012035,CHI-FRA
500070021012036,CHI-FRA
500070021012037,CHI-FRA
500070021012038,CHI-FRA
500070021012039,CHI-FRA
500070021031000,CHI-FRA
500070021031001,CHI-FRA
500070021031002,CHI-FRA
500070021031003,CHI-FRA
500070021031004,CHI-FRA
500070021031005,CHI-FRA
500070021031006,CHI-FRA
500070021031007,CHI-FRA
500070021031008,CHI-FRA
500070021031009,CHI-FRA
500070021031010,CHI-FRA
500070021031012,CHI-FRA
500070021031013,CHI-FRA
500070021031014,CHI-FRA
500070021031015,CHI-FRA
500070021031016,CHI-FRA
500070021031017,CHI-FRA
500070021031018,CHI-FRA
500070021032005,CHI-FRA
500070021032007,CHI-FRA
500070021032008,CHI-FRA
500070021032009,CHI-FRA
500070021032010,CHI-FRA
500070021032011,CHI-FRA
500070021032012,CHI-FRA
500070021032013,CHI-FRA
500070021032014,CHI-FRA
500070021032015,CHI-FRA
500070021032016,CHI-FRA
500070021032027,CHI-FRA
500070021032028,CHI-FRA
500070021032033,CHI-FRA
500070021032034,CHI-FRA
500070021032035,CHI-FRA
500070021032036,CHI-FRA
500070021032037,CHI-FRA
500070021041000,CHI-FRA
500070021041001,CHI-FRA
500070021041002,CHI-FRA
500070021041003,CHI-FRA
500070021041004,CHI-FRA
500070021041005,CHI-FRA
500070021041006,CHI-FRA
500070021041007,CHI-FRA
500070021041008,CHI-FRA
500070021041009,CHI-FRA
500070021041010,CHI-FRA
500070021041011,CHI-FRA
500070021041012,CHI-FRA
500070021041013,CHI-FRA
500070021041014,CHI-FRA
500070021041015,CHI-FRA
500070021041016,CHI-FRA
500070021041017,CHI-FRA
500070021041018,CHI-FRA
500070021041019,CHI-FRA
500070021041020,CHI-FRA
500070021041021,CHI-FRA
500070021041022,CHI-FRA
500070021041023,CHI-FRA
500070021041024,CHI-FRA
500070021041025,CHI-FRA
500070021041026,CHI-FRA
500070021041027,CHI-FRA
500070021041028,CHI-FRA
500070021041029,CHI-FRA
500070021041030,CHI-FRA
500070021041031,CHI-FRA
500070021041032,CHI-FRA
500070021041033,CHI-FRA
500070021041034,CHI-FRA
500070021042000,CHI-FRA
500070021042001,CHI-FRA
500070021042002,CHI-FRA
500070021042003,CHI-FRA
500070021042004,CHI-FRA
500070021042005,CHI-FRA
500070021042006,CHI-FRA
500070021042007,CHI-FRA
500070021042008,CHI-FRA
500070021042009,CHI-FRA
500070021042010,CHI-FRA
500070021042011,CHI-FRA
500070021042012,CHI-FRA
500070021042013,CHI-FRA
500070021042014,CHI-FRA
500070021042015,CHI-FRA
500070021042016,CHI-FRA
500070021042017,CHI-FRA
500070021042018,CHI-FRA
500070021043000,CHI-FRA
500070021043001,CHI-FRA
500070021043002,CHI-FRA
500070021043003,CHI-FRA
500070021043004,CHI-FRA
500070021043005,CHI-FRA
500070021043006,CHI-FRA
500070021043007,CHI-FRA
500070021043008,CHI-FRA
500070021043009,CHI-FRA
500070021043010,CHI-FRA
500070021043011,CHI-FRA
500070021043012,CHI-FRA
500070021043013,CHI-FRA
500070021043014,CHI-FRA
500070021043015,CHI-FRA
500070021043016,CHI-FRA
500070021043017,CHI-FRA
500070021043018,CHI-FRA
500110109003031,CHI-FRA
500110109003032,CHI-FRA
500110109003033,CHI-FRA
500110109003034,CHI-FRA
500110109003035,CHI-FRA
500110109003036,CHI-FRA
500110109003037,CHI-FRA
500110109003040,CHI-FRA
500110109003041,CHI-FRA
500110109003042,CHI-FRA
500110109003043,CHI-FRA
500110109003044,CHI-FRA
500110109003045,CHI-FRA
500110109003046,CHI-FRA
500110109003047,CHI-FRA
500110109003048,CHI-FRA
500110109003049,CHI-FRA
500110109003050,CHI-FRA
500110109003051,CHI-FRA
500110109003056,CHI-FRA
500110109003057,CHI-FRA
500110109003062,CHI-FRA
500110109003064,CHI-FRA
500110109003065,CHI-FRA
500070021031011,CHI-25
500070021031019,CHI-25
500070021031020,CHI-25
500070021031021,CHI-25
500070021031022,CHI-25
500070021031023,CHI-25
500070021031024,CHI-25
500070021031025,CHI-25
500070021031026,CHI-25
500070021031027,CHI-25
500070021032000,CHI-25
500070021032001,CHI-25
500070021032002,CHI-25
500070021032003,CHI-25
500070021032004,CHI-25
500070021032006,CHI-25
500070021032017,CHI-25
500070021032018,CHI-25
500070021032019,CHI-25
500070021032020,CHI-25
500070021032021,CHI-25
500070021032022,CHI-25
500070021032023,CHI-25
500070021032024,CHI-25
500070021032025,CHI-25
500070021032026,CHI-25
500070021032029,CHI-25
500070021032030,CHI-25
500070021032031,CHI-25
500070021032032,CHI-25
500070021032038,CHI-25
500070021032039,CHI-25
500070021032040,CHI-25
500070021032041,CHI-25
500070021032042,CHI-25
500070021032043,CHI-25
500070021032044,CHI-25
500070021032045,CHI-25
500070021032046,CHI-25
500070021032047,CHI-25
500070021032048,CHI-25
500070021032049,CHI-25
500070021032050,CHI-25
500070021032051,CHI-25
500070021032052,CHI-25
500070021032053,CHI-25
500070021032054,CHI-25
500070021011000,GI-CHI
500070021011001,GI-CHI
500070021011002,GI-CHI
500070021011003,GI-CHI
500070021011004,GI-CHI
500070021011005,GI-CHI
500070021011006,GI-CHI
500070021011007,GI-CHI
500070021011008,GI-CHI
500070021011009,GI-CHI
500070021011010,GI-CHI
500070021011011,GI-CHI
500070021011012,GI-CHI
500070021011013,GI-CHI
500070021011014,GI-CHI
500070021011015,GI-CHI
500070021011016,GI-CHI
500070021011017,GI-CHI
500070021011018,GI-CHI
500070021011019,GI-CHI
500070021011020,GI-CHI
500070021011021,GI-CHI
500070021011022,GI-CHI
500070021011023,GI-CHI
500070021011024,GI-CHI
500070021011025,GI-CHI
500070021011026,GI-CHI
500070021011027,GI-CHI
500070021011028,GI-CHI
500070021011029,GI-CHI
500070021011030,GI-CHI
500070021011031,GI-CHI
500070021011032,GI-CHI
500070021011033,GI-CHI
500070021011034,GI-CHI
500070021011035,GI-CHI
500070021011036,GI-CHI
500070021011037,GI-CHI
500070021011038,GI-CHI
500070021011039,GI-CHI
500070021011040,GI-CHI
500070021011041,GI-CHI
500070021011042,GI-CHI
500070021011043,GI-CHI
500070021011044,GI-CHI
500070021011045,GI-CHI
500070021011046,GI-CHI
500070021011047,GI-CHI
500070021011048,GI-CHI
500070021011049,GI-CHI
500070021011050,GI-CHI
500070021011051,GI-CHI
500110109001000,FRA-1
500110109001001,FRA-1
500110109001002,FRA-1
500110109001003,FRA-1
500110109001004,FRA-1
500110109001005,FRA-1
500110109001006,FRA-1
500110109001007,FRA-1
500110109001008,FRA-1
500110109001009,FRA-1
500110109001010,FRA-1
500110109001011,FRA-1
500110109001012,FRA-1
500110109001013,FRA-1
500110109001014,FRA-1
500110109001015,FRA-1
500110109001016,FRA-1
500110109001017,FRA-1
500110109001018,FRA-1
500110109001019,FRA-1
500110109001020,FRA-1
500110109001021,FRA-1
500110109001022,FRA-1
500110109001023,FRA-1
500110109001024,FRA-1
500110109001025,FRA-1
500110109001026,FRA-1
500110109001027,FRA-1
500110109001028,FRA-1
500110109001029,FRA-1
500110109001030,FRA-1
500110109001031,FRA-1
500110109001032,FRA-1
500110109001033,FRA-1
500110109001034,FRA-1
500110109001035,FRA-1
500110109001036,FRA-1
500110109001037,FRA-1
500110109001038,FRA-1
500110109001039,FRA-1
500110109001040,FRA-1
500110109001041,FRA-1
500110109001042,FRA-1
500110109001043,FRA-1
500110109001044,FRA-1
500110109001045,FRA-1
500110109001046,FRA-1
500110109001047,FRA-1
500110109001048,FRA-1
500110109001049,FRA-1
500110109001050,FRA-1
500110109001051,FRA-1
500110109001052,FRA-1
500110109001053,FRA-1
500110109001054,FRA-1
500110109001055,FRA-1
500110109002000,FRA-1
500110109002001,FRA-1
500110109002002,FRA-1
500110109002003,FRA-1
500110109002004,FRA-1
500110109002005,FRA-1
500110109002006,FRA-1
500110109002007,FRA-1
500110109002008,FRA-1
500110109002009,FRA-1
500110109002010,FRA-1
500110109002011,FRA-1
500110109002012,FRA-1
500110109002013,FRA-1
500110109002014,FRA-1
500110109002015,FRA-1
500110109002016,FRA-1
500110109002017,FRA-1
500110109002018,FRA-1
500110109002019,FRA-1
500110109002020,FRA-1
500110109002021,FRA-1
500110109002022,FRA-1
500110109002023,FRA-1
500110109002024,FRA-1
500110109002025,FRA-1
500110109002026,FRA-1
500110109002027,FRA-1
500110109002028,FRA-1
500110109002029,FRA-1
500110109002030,FRA-1
500110109002031,FRA-1
500110109002032,FRA-1
500110109002033,FRA-1
500110109002034,FRA-1
500110109002035,FRA-1
500110109002036,FRA-1
500110109002037,FRA-1
500110109002038,FRA-1
500110109002039,FRA-1
500110109002040,FRA-1
500110109002041,FRA-1
500110109002042,FRA-1
500110109002043,FRA-1
500110109002044,FRA-1
500110109002045,FRA-1
500110109002046,FRA-1
500110109002047,FRA-1
500110109002048,FRA-1
500110109002049,FRA-1
500110109002050,FRA-1
500110109002051,FRA-1
500110109002052,FRA-1
500110109002053,FRA-1
500110109002054,FRA-1
500110109002055,FRA-1
500110109002056,FRA-1
500110109002057,FRA-1
500110109002058,FRA-1
500110109002059,FRA-1
500110109002060,FRA-1
500110109002061,FRA-1
500110109002062,FRA-1
500110109002063,FRA-1
500110109002064,FRA-1
500110109002065,FRA-1
500110109002066,FRA-1
500110109002067,FRA-1
500110109002068,FRA-1
500110109002069,FRA-1
500110109002070,FRA-1
500110109002071,FRA-1
500110109002072,FRA-1
500110109002073,FRA-1
500110109002074,FRA-1
500110109002075,FRA-1
500110109003000,FRA-1
500110109003001,FRA-1
500110109003002,FRA-1
500110109003003,FRA-1
500110109003004,FRA-1
500110109003005,FRA-1
500110109003006,FRA-1
500110109003007,FRA-1
500110109003008,FRA-1
500110109003009,FRA-1
500110109003010,FRA-1
500110109003011,FRA-1
500110109003012,FRA-1
500110109003013,FRA-1
500110109003014,FRA-1
500110109003015,FRA-1
500110109003016,FRA-1
500110109003017,FRA-1
500110109003018,FRA-1
500110109003019,FRA-1
500110109003020,FRA-1
500110109003021,FRA-1
500110109003022,FRA-1
500110109003023,FRA-1
500110109003024,FRA-1
500110109003025,FRA-1
500110109003026,FRA-1
500110109003027,FRA-1
500110109003028,FRA-1
500110109003029,FRA-1
500110109003030,FRA-1
500110109003038,FRA-1
500110109003039,FRA-1
500110109003052,FRA-1
500110109003053,FRA-1
500110109003054,FRA-1
500110109003055,FRA-1
500110109003058,FRA-1
500110109003059,FRA-1
500110109003060,FRA-1
500110109003061,FRA-1
500110109003063,FRA-1
500070026012000,CHI-23
500070026012002,CHI-23
500070026012003,CHI-23
500070026012004,CHI-23
500070026012005,CHI-23
500070026023010,CHI-23
500070026023011,CHI-23
500070026023012,CHI-23
500070026023014,CHI-23
500070027013007,CHI-23
500070026011014,CHI-23
500070026023021,CHI-23
500070027011022,CHI-23
500070027011023,CHI-23
500070027011024,CHI-23
500070027011025,CHI-23
500070027011026,CHI-23
500070027011027,CHI-23
500070027011028,CHI-23
500070027011030,CHI-23
500070027012000,CHI-23
500070027012001,CHI-23
500070027012002,CHI-23
500070027012003,CHI-23
500070027012004,CHI-23
500070027012005,CHI-23
500070027012006,CHI-23
500070027012007,CHI-23
500070027012008,CHI-23
500070027012009,CHI-23
500070027012010,CHI-23
500070027012011,CHI-23
500070027012012,CHI-23
500070027012013,CHI-23
500070027012014,CHI-23
500070027012015,CHI-23
500070027012016,CHI-23
500070027012017,CHI-23
500070027012018,CHI-23
500070027012019,CHI-23
500070027012020,CHI-23
500070027012021,CHI-23
500070027012022,CHI-23
500070027012023,CHI-23
500070027012024,CHI-23
500070027012025,CHI-23
500070027012026,CHI-23
500070027012027,CHI-23
500070027012028,CHI-23
500070027012029,CHI-23
500070027012030,CHI-23
500070027012031,CHI-23
500070027012032,CHI-23
500070027012033,CHI-23
500070027012034,CHI-23
500070027012035,CHI-23
500070027012036,CHI-23
500070027012037,CHI-23
500070027012038,CHI-23
500070027012039,CHI-23
500070027013000,CHI-23
500070027013001,CHI-23
500070027013002,CHI-23
500070027013003,CHI-23
500070027013004,CHI-23
500070027013005,CHI-23
500070027013006,CHI-23
500070027013008,CHI-23
500070027013009,CHI-23
500070027013010,CHI-23
500070027013011,CHI-23
500070027013012,CHI-23
500070027013013,CHI-23
500070027013014,CHI-23
500070027013015,CHI-23
500070027013016,CHI-23
500070027013017,CHI-23
500070027013018,CHI-23
500070027013019,CHI-23
500070027013020,CHI-23
500070027013021,CHI-23
500070027013022,CHI-23
500070027013023,CHI-23
500070027013024,CHI-23
500070027013025,CHI-23
500070027013026,CHI-23
500070027013027,CHI-23
500070027013028,CHI-23
500070027013029,CHI-23
500070027013030,CHI-23
500070027013031,CHI-23
500070027013032,CHI-23
500070027013033,CHI-23
500070027013034,CHI-23
500070027014007,CHI-23
500070027014008,CHI-23
500070027014009,CHI-23
500070027014010,CHI-23
500070027014011,CHI-23
500070027021036,CHI-23
500070027021037,CHI-23
500070027021038,CHI-23
500070027021039,CHI-23
500070027022000,CHI-23
500070027022001,CHI-23
500070027022002,CHI-23
500070027022003,CHI-23
500070027022004,CHI-23
500070027022005,CHI-23
500070027022006,CHI-23
500070027022007,CHI-23
500070027022008,CHI-23
500070027022009,CHI-23
500070027022010,CHI-23
500070027022011,CHI-23
500070027022012,CHI-23
500070027022013,CHI-23
500070027022014,CHI-23
500070026011000,CHI-22
500070026011001,CHI-22
500070026011002,CHI-22
500070026011003,CHI-22
500070026011004,CHI-22
500070026011005,CHI-22
500070026011006,CHI-22
500070026011007,CHI-22
500070026011008,CHI-22
500070026011009,CHI-22
500070026011010,CHI-22
500070026011011,CHI-22
500070026011012,CHI-22
500070026011013,CHI-22
500070026012001,CHI-22
500070026012006,CHI-22
500070026012007,CHI-22
500070026012008,CHI-22
500070026012009,CHI-22
500070026012010,CHI-22
500070026012011,CHI-22
500070026012012,CHI-22
500070026012013,CHI-22
500070026012014,CHI-22
500070026012015,CHI-22
500070026013000,CHI-22
500070026013001,CHI-22
500070026013002,CHI-22
500070026013003,CHI-22
500070026013004,CHI-22
500070026013005,CHI-22
500070026013006,CHI-22
500070026013007,CHI-22
500070026013008,CHI-22
500070026013009,CHI-22
500070026013010,CHI-22
500070026013011,CHI-22
500070026013012,CHI-22
500070026013013,CHI-22
500070026013014,CHI-22
500070026013015,CHI-22
500070026013016,CHI-22
500070026013017,CHI-22
500070026013018,CHI-22
500070026013019,CHI-22
500070026014000,CHI-22
500070026014001,CHI-22
500070026014002,CHI-22
500070026014003,CHI-22
500070026014004,CHI-22
500070026014005,CHI-22
500070026014006,CHI-22
500070026014007,CHI-22
500070026014008,CHI-22
500070026014009,CHI-22
500070026014010,CHI-22
500070026014011,CHI-22
500070026014012,CHI-22
500070026014013,CHI-22
500070026014014,CHI-22
500070026021000,CHI-22
500070026021001,CHI-22
500070026021002,CHI-22
500070026021003,CHI-22
500070026021004,CHI-22
500070026021005,CHI-22
500070026021006,CHI-22
500070026021007,CHI-22
500070026021008,CHI-22
500070026021009,CHI-22
500070026021010,CHI-22
500070026021011,CHI-22
500070026021012,CHI-22
500070026021013,CHI-22
500070026021014,CHI-22
500070026021015,CHI-22
500070026021016,CHI-22
500070026022000,CHI-22
500070026022001,CHI-22
500070026022002,CHI-22
500070026022003,CHI-22
500070026022004,CHI-22
500070026022005,CHI-22
500070026022006,CHI-22
500070026022007,CHI-22
500070026022008,CHI-22
500070026022009,CHI-22
500070026022010,CHI-22
500070026023000,CHI-22
500070026023001,CHI-22
500070026023002,CHI-22
500070026023003,CHI-22
500070026023004,CHI-22
500070026023005,CHI-22
500070026023006,CHI-22
500070026023007,CHI-22
500070026023008,CHI-22
500070026023009,CHI-22
500070026023013,CHI-22
500070026023015,CHI-22
500070026023016,CHI-22
500070026023017,CHI-22
500070026023018,CHI-22
500070026023019,CHI-22
500070026023020,CHI-22
500070027011010,CHI-24
500070027011011,CHI-24
500070027011016,CHI-24
500070027011017,CHI-24
500070027011018,CHI-24
500070027011019,CHI-24
500070027011020,CHI-24
500070027011021,CHI-24
500070027011029,CHI-24
500070027014000,CHI-24
500070027014001,CHI-24
500070027014002,CHI-24
500070027014003,CHI-24
500070027014004,CHI-24
500070027014005,CHI-24
500070027014006,CHI-24
500070027021022,CHI-24
500070027021025,CHI-24
500070027021026,CHI-24
500070027021027,CHI-24
500070027021028,CHI-24
500070027021031,CHI-24
500070027021032,CHI-24
500070027021033,CHI-24
500070027021034,CHI-24
500070027021035,CHI-24
500070027021040,CHI-24
500070027021041,CHI-24
500070027021042,CHI-24
500070027022015,CHI-24
500070027022016,CHI-24
500070027022017,CHI-24
500070027022018,CHI-24
500070027022019,CHI-24
500070031011000,CHI-2
500070031011001,CHI-2
500070031011002,CHI-2
500070031011003,CHI-2
500070031011004,CHI-2
500070031011005,CHI-2
500070031011006,CHI-2
500070031011007,CHI-2
500070031011008,CHI-2
500070031011009,CHI-2
500070031011010,CHI-2
500070031011011,CHI-2
500070031011012,CHI-2
500070031011013,CHI-2
500070031011014,CHI-2
500070031011015,CHI-2
500070031011016,CHI-2
500070031011017,CHI-2
500070031011018,CHI-2
500070031011019,CHI-2
500070031011020,CHI-2
500070031011021,CHI-2
500070031011022,CHI-2
500070031011023,CHI-2
500070031011024,CHI-2
500070031011025,CHI-2
500070031011026,CHI-2
500070031011027,CHI-2
500070031011028,CHI-2
500070031011029,CHI-2
500070031011030,CHI-2
500070031011031,CHI-2
500070031011032,CHI-2
500070031012000,CHI-2
500070031012001,CHI-2
500070031012002,CHI-2
500070031012003,CHI-2
500070031012004,CHI-2
500070031012005,CHI-2
500070031012006,CHI-2
500070031012007,CHI-2
500070031012008,CHI-2
500070031012009,CHI-2
500070031012010,CHI-2
500070031012011,CHI-2
500070031013000,CHI-2
500070031013001,CHI-2
500070031013002,CHI-2
500070031013003,CHI-2
500070031013004,CHI-2
500070031013005,CHI-2
500070031013006,CHI-2
500070031013007,CHI-2
500070031013008,CHI-2
500070031013009,CHI-2
500070031013010,CHI-2
500070031013011,CHI-2
500070031013012,CHI-2
500070031013013,CHI-2
500070031013014,CHI-2
500070031013015,CHI-2
500070031013016,CHI-2
500070031013017,CHI-2
500070031013018,CHI-2
500070031013019,CHI-2
500070031013020,CHI-2
500070031013021,CHI-2
500070031013022,CHI-2
500070031013023,CHI-2
500070031013024,CHI-2
500070031013025,CHI-2
500070031013026,CHI-2
500070031013027,CHI-2
500070031013028,CHI-2
500070031013029,CHI-2
500070031013030,CHI-2
500070031013031,CHI-2
500070031013032,CHI-2
500070031013033,CHI-2
500070031013034,CHI-2
500070031013035,CHI-2
500070031013036,CHI-2
500070031013037,CHI-2
500070031013038,CHI-2
500070031014000,CHI-2
500070031014001,CHI-2
500070031014002,CHI-2
500070031014003,CHI-2
500070031014004,CHI-2
500070031014005,CHI-2
500070031014006,CHI-2
500070031014007,CHI-2
500070031014008,CHI-2
500070031014009,CHI-2
500070031014010,CHI-2
500070031014011,CHI-2
500070031014012,CHI-2
500070031014013,CHI-2
500070031014014,CHI-2
500070031014015,CHI-2
500070031014016,CHI-2
500070031014017,CHI-2
500070031014018,CHI-2
500070031014019,CHI-2
500070031014020,CHI-2
500070031014021,CHI-2
500070031014022,CHI-2
500070031014023,CHI-2
500070031014024,CHI-2
500070031014025,CHI-2
500070031014026,CHI-2
500070031014027,CHI-2
500070031014028,CHI-2
500070031014029,CHI-2
500070031014030,CHI-2
500070031014031,CHI-2
500070031014032,CHI-2
500070031015000,CHI-2
500070031015001,CHI-2
500070031015002,CHI-2
500070031015003,CHI-2
500070031015004,CHI-2
500070031015005,CHI-2
500070031015006,CHI-2
500070031015007,CHI-2
500070031015008,CHI-2
500070031015009,CHI-2
500070031015010,CHI-2
500070031015011,CHI-2
500070031015012,CHI-2
500070031015013,CHI-2
500070031015014,CHI-2
500070031015015,CHI-2
500070031015016,CHI-2
500070031015017,CHI-2
500070031015018,CHI-2
500070031015019,CHI-2
500070031015020,CHI-2
500070031015021,CHI-2
500070031021000,CHI-2
500070031021001,CHI-2
500070031021002,CHI-2
500070031021003,CHI-2
500070031021006,CHI-2
500070031021007,CHI-2
500070031021009,CHI-2
500070031021010,CHI-2
500070031021011,CHI-2
500070031021012,CHI-2
500070031021013,CHI-2
500070031021014,CHI-2
500070031021015,CHI-2
500070031021016,CHI-2
500070031021017,CHI-2
500070031021018,CHI-2
500070031021019,CHI-2
500070031021020,CHI-2
500070031021004,CHI-8
500070031021005,CHI-8
500070031021008,CHI-8
500070031021021,CHI-8
500070031021022,CHI-8
500070031021023,CHI-8
500070031021024,CHI-8
500070031021025,CHI-8
500070031021026,CHI-8
500070031021027,CHI-8
500070031021028,CHI-8
500070031021029,CHI-8
500070031021030,CHI-8
500070031021031,CHI-8
500070031021032,CHI-8
500070031021033,CHI-8
500070031021034,CHI-8
500070031021035,CHI-8
500070031021036,CHI-8
500070031021037,CHI-8
500070033011009,CHI-8
500070033011010,CHI-8
500070033011012,CHI-8
500070033011013,CHI-8
500070033011014,CHI-8
500070033011015,CHI-8
500070033011016,CHI-8
500070033011017,CHI-8
500070033011018,CHI-8
500070033011019,CHI-8
500070033011020,CHI-8
500070033011021,CHI-8
500070033011022,CHI-8
500070033011023,CHI-8
500070033011024,CHI-8
500070033011025,CHI-8
500070033011026,CHI-8
500070033011027,CHI-8
500070033011028,CHI-8
500070033011029,CHI-8
500070033011030,CHI-8
500070033011031,CHI-8
500070033011032,CHI-8
500070033012001,CHI-8
500070033012008,CHI-8
500070033012009,CHI-8
500070033012010,CHI-8
500070033012011,CHI-8
500070033012012,CHI-8
500070033012013,CHI-8
500070033012014,CHI-8
500070033012015,CHI-8
500070033012016,CHI-8
500070033012017,CHI-8
500070033012018,CHI-8
500070033012019,CHI-8
500070033012020,CHI-8
500070033012021,CHI-8
500070033012022,CHI-8
500070033012023,CHI-8
500070033012024,CHI-8
500070033012025,CHI-8
500070033012027,CHI-8
500070033012028,CHI-8
500070033043020,CHI-8
500070033043021,CHI-8
500070040024013,CHI-8
500070040024014,CHI-8
500070040024015,CHI-8
500070040024016,CHI-8
500070040024017,CHI-8
500070034011000,CHI-7
500070034011001,CHI-7
500070034011002,CHI-7
500070034011003,CHI-7
500070034011004,CHI-7
500070034011005,CHI-7
500070034011006,CHI-7
500070034011007,CHI-7
500070034011008,CHI-7
500070034011009,CHI-7
500070034011010,CHI-7
500070034011011,CHI-7
500070034011012,CHI-7
500070034011013,CHI-7
500070034011014,CHI-7
500070034011015,CHI-7
500070034011016,CHI-7
500070034011017,CHI-7
500070034011021,CHI-7
500070034011022,CHI-7
500070034011023,CHI-7
500070034011024,CHI-7
500070034011049,CHI-7
500070034011051,CHI-7
500070034011052,CHI-7
500070034011053,CHI-7
500070034012000,CHI-7
500070034012001,CHI-7
500070034012002,CHI-7
500070034012003,CHI-7
500070034012004,CHI-7
500070034012005,CHI-7
500070034012006,CHI-7
500070034012007,CHI-7
500070034012008,CHI-7
500070034012009,CHI-7
500070034012010,CHI-7
500070034012011,CHI-7
500070034012012,CHI-7
500070034012013,CHI-7
500070034012014,CHI-7
500070034012015,CHI-7
500070034012016,CHI-7
500070034012017,CHI-7
500070034012018,CHI-7
500070034012019,CHI-7
500070034012020,CHI-7
500070034012021,CHI-7
500070034012022,CHI-7
500070034012023,CHI-7
500070034012024,CHI-7
500070034012025,CHI-7
500070034012026,CHI-7
500070034012027,CHI-7
500070034012028,CHI-7
500070034012029,CHI-7
500070034012030,CHI-7
500070034012031,CHI-7
500070034012037,CHI-7
500070034012038,CHI-7
500070034012039,CHI-7
500070034012040,CHI-7
500070034023001,CHI-7
500070034023002,CHI-7
500070034023003,CHI-7
500070034023004,CHI-7
500070034023005,CHI-7
500070034023006,CHI-7
500070034023007,CHI-7
500070034023008,CHI-7
500070034023009,CHI-7
500070034023014,CHI-7
500070034011018,CHI-6
500070034011019,CHI-6
500070034011020,CHI-6
500070034011025,CHI-6
500070034011026,CHI-6
500070034011027,CHI-6
500070034011028,CHI-6
500070034011029,CHI-6
500070034011030,CHI-6
500070034011031,CHI-6
500070034011032,CHI-6
500070034011033,CHI-6
500070034011034,CHI-6
500070034011035,CHI-6
500070034011036,CHI-6
500070034011037,CHI-6
500070034011038,CHI-6
500070034011039,CHI-6
500070034011040,CHI-6
500070034011041,CHI-6
500070034011042,CHI-6
500070034011043,CHI-6
500070034011044,CHI-6
500070034011045,CHI-6
500070034011046,CHI-6
500070034011047,CHI-6
500070034011048,CHI-6
500070034011050,CHI-6
500070034011054,CHI-6
500070034011055,CHI-6
500070034011056,CHI-6
500070034011057,CHI-6
500070034011058,CHI-6
500070034011059,CHI-6
500070034012032,CHI-6
500070034012033,CHI-6
500070034012034,CHI-6
500070034012035,CHI-6
500070034012036,CHI-6
500070034021000,CHI-6
500070034021001,CHI-6
500070034021002,CHI-6
500070034021003,CHI-6
500070034021004,CHI-6
500070034021005,CHI-6
500070034021006,CHI-6
500070034021007,CHI-6
500070034021008,CHI-6
500070034021009,CHI-6
500070034021010,CHI-6
500070034021011,CHI-6
500070034021012,CHI-6
500070034021013,CHI-6
500070034021014,CHI-6
500070034021015,CHI-6
500070034021016,CHI-6
500070034021017,CHI-6
500070034021018,CHI-6
500070034021019,CHI-6
500070034021020,CHI-6
500070034021021,CHI-6
500070034021022,CHI-6
500070034021023,CHI-6
500070034021024,CHI-6
500070034021025,CHI-6
500070034021026,CHI-6
500070034021027,CHI-6
500070034021028,CHI-6
500070034021029,CHI-6
500070034021030,CHI-6
500070034021031,CHI-6
500070034021032,CHI-6
500070034021033,CHI-6
500070034021034,CHI-6
500070034022000,CHI-6
500070034022001,CHI-6
500070034022002,CHI-6
500070034022003,CHI-6
500070034022004,CHI-6
500070034022005,CHI-6
500070034022006,CHI-6
500070034023000,CHI-6
500070034023010,CHI-6
500070034023011,CHI-6
500070034023012,CHI-6
500070034023013,CHI-6
500070034023015,CHI-6
500070034023016,CHI-6
500070034023017,CHI-6
500070034023018,CHI-6
500070034023019,CHI-6
500070034023020,CHI-6
500070033043022,CHI-12
500070042001000,CHI-15
500070042001001,CHI-15
500070042001002,CHI-15
500070042001003,CHI-15
500070042001004,CHI-15
500070042001005,CHI-15
500070042001006,CHI-15
500070042001007,CHI-15
500070042001008,CHI-15
500070039003005,CHI-15
500110108003005,FRA-3
500110108003014,FRA-3
500110108004002,FRA-3